location_slug,location_name,target_date,adm4,bmkg_point_name,area_level,is_proxy_bmkg,latitude,longitude,timezone,location_note,tanggal,source_id,provider,target_jam,source_datetime,suhu_C,RH_%,rain_mm,wind_kmh,gap_minutes,point_weight,kategori,raw_condition
dago,"Dago, Bandung",2026-09-13,32.73.02.1004,Dago,kelurahan,no,-6.889,107.61,Asia/Jakarta,"BMKG point: Dago, Coblong, Kota Bandung",13-09-2026,BMKG,BMKG,18:00,2026-09-13 21:00:00,20.0,75.0,0.0,8.5,180.0,0.9214,Berawan,Berawan
dago,"Dago, Bandung",2026-09-13,32.73.02.1004,Dago,kelurahan,no,-6.889,107.61,Asia/Jakarta,"BMKG point: Dago, Coblong, Kota Bandung",13-09-2026,BMKG,BMKG,19:00,2026-09-13 21:00:00,20.0,75.0,0.0,8.5,120.0,0.9214,Berawan,Berawan
dago,"Dago, Bandung",2026-09-13,32.73.02.1004,Dago,kelurahan,no,-6.889,107.61,Asia/Jakarta,"BMKG point: Dago, Coblong, Kota Bandung",13-09-2026,BMKG,BMKG,20:00,2026-09-13 21:00:00,20.0,75.0,0.0,8.5,60.0,1.2564,Berawan,Berawan
dago,"Dago, Bandung",2026-09-13,32.73.02.1004,Dago,kelurahan,no,-6.889,107.61,Asia/Jakarta,"BMKG point: Dago, Coblong, Kota Bandung",13-09-2026,BMKG,BMKG,21:00,2026-09-13 21:00:00,20.0,75.0,0.0,8.5,0.0,1.6752,Berawan,Berawan
dago,"Dago, Bandung",2026-09-13,32.73.02.1004,Dago,kelurahan,no,-6.889,107.61,Asia/Jakarta,"BMKG point: Dago, Coblong, Kota Bandung",13-09-2026,BMKG,BMKG,22:00,2026-09-13 21:00:00,20.0,75.0,0.0,8.5,60.0,1.2564,Berawan,Berawan
dago,"Dago, Bandung",2026-09-13,32.73.02.1004,Dago,kelurahan,no,-6.889,107.61,Asia/Jakarta,"BMKG point: Dago, Coblong, Kota Bandung",13-09-2026,BMKG,BMKG,23:00,2026-09-13 21:00:00,20.0,75.0,0.0,8.5,120.0,0.9214,Berawan,Berawan
dago,"Dago, Bandung",2026-09-13,32.73.02.1004,Dago,kelurahan,no,-6.889,107.61,Asia/Jakarta,"BMKG point: Dago, Coblong, Kota Bandung",13-09-2026,CMA,Open-Meteo / CMA GRAPES,00:00,2026-09-13 00:00:00,22.2,93.0,0.1,3.2,0.0,1.1312,Hujan Ringan,wmo:51
dago,"Dago, Bandung",2026-09-13,32.73.02.1004,Dago,kelurahan,no,-6.889,107.61,Asia/Jakarta,"BMKG point: Dago, Coblong, Kota Bandung",13-09-2026,CMA,Open-Meteo / CMA GRAPES,01:00,2026-09-13 01:00:00,22.1,93.0,0.1,4.7,0.0,1.1312,Hujan Ringan,wmo:51
dago,"Dago, Bandung",2026-09-13,32.73.02.1004,Dago,kelurahan,no,-6.889,107.61,Asia/Jakarta,"BMKG point: Dago, Coblong, Kota Bandung",13-09-2026,CMA,Open-Meteo / CMA GRAPES,02:00,2026-09-13 02:00:00,22.0,92.0,0.2,3.8,0.0,1.1312,Hujan Ringan,wmo:51
dago,"Dago, Bandung",2026-09-13,32.73.02.1004,Dago,kelurahan,no,-6.889,107.61,Asia/Jakarta,"BMKG point: Dago, Coblong, Kota Bandung",13-09-2026,CMA,Open-Meteo / CMA GRAPES,03:00,2026-09-13 03:00:00,22.0,89.0,0.2,4.8,0.0,1.1312,Hujan Ringan,wmo:51
dago,"Dago, Bandung",2026-09-13,32.73.02.1004,Dago,kelurahan,no,-6.889,107.61,Asia/Jakarta,"BMKG point: Dago, Coblong, Kota Bandung",13-09-2026,CMA,Open-Meteo / CMA GRAPES,04:00,2026-09-13 04:00:00,22.0,87.0,0.2,7.4,0.0,1.1312,Hujan Ringan,wmo:51
dago,"Dago, Bandung",2026-09-13,32.73.02.1004,Dago,kelurahan,no,-6.889,107.61,Asia/Jakarta,"BMKG point: Dago, Coblong, Kota Bandung",13-09-2026,CMA,Open-Meteo / CMA GRAPES,05:00,2026-09-13 05:00:00,22.0,85.0,0.0,9.4,0.0,1.1312,Cerah Berawan,wmo:1
dago,"Dago, Bandung",2026-09-13,32.73.02.1004,Dago,kelurahan,no,-6.889,107.61,Asia/Jakarta,"BMKG point: Dago, Coblong, Kota Bandung",13-09-2026,CMA,Open-Meteo / CMA GRAPES,06:00,2026-09-13 06:00:00,22.0,83.0,0.0,10.8,0.0,1.1312,Cerah Berawan,wmo:1
dago,"Dago, Bandung",2026-09-13,32.73.02.1004,Dago,kelurahan,no,-6.889,107.61,Asia/Jakarta,"BMKG point: Dago, Coblong, Kota Bandung",13-09-2026,CMA,Open-Meteo / CMA GRAPES,07:00,2026-09-13 07:00:00,22.3,81.0,0.0,11.9,0.0,1.1312,Cerah,wmo:0
dago,"Dago, Bandung",2026-09-13,32.73.02.1004,Dago,kelurahan,no,-6.889,107.61,Asia/Jakarta,"BMKG point: Dago, Coblong, Kota Bandung",13-09-2026,CMA,Open-Meteo / CMA GRAPES,08:00,2026-09-13 08:00:00,23.2,78.0,0.0,13.6,0.0,1.1312,Cerah,wmo:0
dago,"Dago, Bandung",2026-09-13,32.73.02.1004,Dago,kelurahan,no,-6.889,107.61,Asia/Jakarta,"BMKG point: Dago, Coblong, Kota Bandung",13-09-2026,CMA,Open-Meteo / CMA GRAPES,09:00,2026-09-13 09:00:00,24.4,74.0,0.0,16.2,0.0,1.1312,Cerah,wmo:0
dago,"Dago, Bandung",2026-09-13,32.73.02.1004,Dago,kelurahan,no,-6.889,107.61,Asia/Jakarta,"BMKG point: Dago, Coblong, Kota Bandung",13-09-2026,CMA,Open-Meteo / CMA GRAPES,10:00,2026-09-13 10:00:00,25.6,69.0,0.0,18.1,0.0,1.1312,Cerah,wmo:0
dago,"Dago, Bandung",2026-09-13,32.73.02.1004,Dago,kelurahan,no,-6.889,107.61,Asia/Jakarta,"BMKG point: Dago, Coblong, Kota Bandung",13-09-2026,CMA,Open-Meteo / CMA GRAPES,11:00,2026-09-13 11:00:00,26.7,61.0,0.0,17.6,0.0,1.1312,Cerah,wmo:0
dago,"Dago, Bandung",2026-09-13,32.73.02.1004,Dago,kelurahan,no,-6.889,107.61,Asia/Jakarta,"BMKG point: Dago, Coblong, Kota Bandung",13-09-2026,CMA,Open-Meteo / CMA GRAPES,12:00,2026-09-13 12:00:00,27.9,51.0,0.0,15.8,0.0,1.1312,Cerah,wmo:0
dago,"Dago, Bandung",2026-09-13,32.73.02.1004,Dago,kelurahan,no,-6.889,107.61,Asia/Jakarta,"BMKG point: Dago, Coblong, Kota Bandung",13-09-2026,CMA,Open-Meteo / CMA GRAPES,13:00,2026-09-13 13:00:00,28.6,45.0,0.0,14.5,0.0,1.1312,Cerah,wmo:0
dago,"Dago, Bandung",2026-09-13,32.73.02.1004,Dago,kelurahan,no,-6.889,107.61,Asia/Jakarta,"BMKG point: Dago, Coblong, Kota Bandung",13-09-2026,CMA,Open-Meteo / CMA GRAPES,14:00,2026-09-13 14:00:00,28.6,46.0,0.0,14.7,0.0,1.1312,Cerah,wmo:0
dago,"Dago, Bandung",2026-09-13,32.73.02.1004,Dago,kelurahan,no,-6.889,107.61,Asia/Jakarta,"BMKG point: Dago, Coblong, Kota Bandung",13-09-2026,CMA,Open-Meteo / CMA GRAPES,15:00,2026-09-13 15:00:00,28.2,51.0,0.0,15.3,0.0,1.1312,Cerah,wmo:0
dago,"Dago, Bandung",2026-09-13,32.73.02.1004,Dago,kelurahan,no,-6.889,107.61,Asia/Jakarta,"BMKG point: Dago, Coblong, Kota Bandung",13-09-2026,CMA,Open-Meteo / CMA GRAPES,16:00,2026-09-13 16:00:00,27.5,58.0,0.0,15.3,0.0,1.1312,Cerah,wmo:0
dago,"Dago, Bandung",2026-09-13,32.73.02.1004,Dago,kelurahan,no,-6.889,107.61,Asia/Jakarta,"BMKG point: Dago, Coblong, Kota Bandung",13-09-2026,CMA,Open-Meteo / CMA GRAPES,17:00,2026-09-13 17:00:00,26.3,69.0,0.0,13.9,0.0,1.1312,Cerah,wmo:0
dago,"Dago, Bandung",2026-09-13,32.73.02.1004,Dago,kelurahan,no,-6.889,107.61,Asia/Jakarta,"BMKG point: Dago, Coblong, Kota Bandung",13-09-2026,CMA,Open-Meteo / CMA GRAPES,18:00,2026-09-13 18:00:00,24.8,81.0,0.0,12.3,0.0,1.1312,Cerah,wmo:0
dago,"Dago, Bandung",2026-09-13,32.73.02.1004,Dago,kelurahan,no,-6.889,107.61,Asia/Jakarta,"BMKG point: Dago, Coblong, Kota Bandung",13-09-2026,CMA,Open-Meteo / CMA GRAPES,19:00,2026-09-13 19:00:00,23.5,89.0,0.0,10.1,0.0,1.1312,Cerah Berawan,wmo:1
dago,"Dago, Bandung",2026-09-13,32.73.02.1004,Dago,kelurahan,no,-6.889,107.61,Asia/Jakarta,"BMKG point: Dago, Coblong, Kota Bandung",13-09-2026,CMA,Open-Meteo / CMA GRAPES,20:00,2026-09-13 20:00:00,22.7,88.0,0.0,8.3,0.0,1.1312,Cerah,wmo:0
dago,"Dago, Bandung",2026-09-13,32.73.02.1004,Dago,kelurahan,no,-6.889,107.61,Asia/Jakarta,"BMKG point: Dago, Coblong, Kota Bandung",13-09-2026,CMA,Open-Meteo / CMA GRAPES,21:00,2026-09-13 21:00:00,22.1,82.0,0.0,8.2,0.0,1.1312,Cerah,wmo:0
dago,"Dago, Bandung",2026-09-13,32.73.02.1004,Dago,kelurahan,no,-6.889,107.61,Asia/Jakarta,"BMKG point: Dago, Coblong, Kota Bandung",13-09-2026,CMA,Open-Meteo / CMA GRAPES,22:00,2026-09-13 22:00:00,21.6,77.0,0.0,9.5,0.0,1.1312,Cerah,wmo:0
dago,"Dago, Bandung",2026-09-13,32.73.02.1004,Dago,kelurahan,no,-6.889,107.61,Asia/Jakarta,"BMKG point: Dago, Coblong, Kota Bandung",13-09-2026,CMA,Open-Meteo / CMA GRAPES,23:00,2026-09-13 23:00:00,21.1,74.0,0.0,9.5,0.0,1.1312,Cerah,wmo:0
dago,"Dago, Bandung",2026-09-13,32.73.02.1004,Dago,kelurahan,no,-6.889,107.61,Asia/Jakarta,"BMKG point: Dago, Coblong, Kota Bandung",13-09-2026,ECMWF,Open-Meteo / ECMWF,00:00,2026-09-13 00:00:00,19.7,87.0,0.0,2.1,0.0,1.6812,Berawan,wmo:3
dago,"Dago, Bandung",2026-09-13,32.73.02.1004,Dago,kelurahan,no,-6.889,107.61,Asia/Jakarta,"BMKG point: Dago, Coblong, Kota Bandung",13-09-2026,ECMWF,Open-Meteo / ECMWF,01:00,2026-09-13 01:00:00,18.9,89.0,0.0,1.6,0.0,1.6812,Berawan,wmo:3
dago,"Dago, Bandung",2026-09-13,32.73.02.1004,Dago,kelurahan,no,-6.889,107.61,Asia/Jakarta,"BMKG point: Dago, Coblong, Kota Bandung",13-09-2026,ECMWF,Open-Meteo / ECMWF,02:00,2026-09-13 02:00:00,18.2,90.0,0.0,1.8,0.0,1.6812,Berawan,wmo:3
dago,"Dago, Bandung",2026-09-13,32.73.02.1004,Dago,kelurahan,no,-6.889,107.61,Asia/Jakarta,"BMKG point: Dago, Coblong, Kota Bandung",13-09-2026,ECMWF,Open-Meteo / ECMWF,03:00,2026-09-13 03:00:00,17.7,90.0,0.0,2.2,0.0,1.6812,Berawan,wmo:3
dago,"Dago, Bandung",2026-09-13,32.73.02.1004,Dago,kelurahan,no,-6.889,107.61,Asia/Jakarta,"BMKG point: Dago, Coblong, Kota Bandung",13-09-2026,ECMWF,Open-Meteo / ECMWF,04:00,2026-09-13 04:00:00,17.6,88.0,0.0,2.5,0.0,1.6812,Berawan,wmo:3
dago,"Dago, Bandung",2026-09-13,32.73.02.1004,Dago,kelurahan,no,-6.889,107.61,Asia/Jakarta,"BMKG point: Dago, Coblong, Kota Bandung",13-09-2026,ECMWF,Open-Meteo / ECMWF,05:00,2026-09-13 05:00:00,18.1,85.0,0.0,3.3,0.0,1.6812,Berawan,wmo:3
dago,"Dago, Bandung",2026-09-13,32.73.02.1004,Dago,kelurahan,no,-6.889,107.61,Asia/Jakarta,"BMKG point: Dago, Coblong, Kota Bandung",13-09-2026,ECMWF,Open-Meteo / ECMWF,06:00,2026-09-13 06:00:00,19.1,81.0,0.0,4.2,0.0,1.6812,Berawan,wmo:3
dago,"Dago, Bandung",2026-09-13,32.73.02.1004,Dago,kelurahan,no,-6.889,107.61,Asia/Jakarta,"BMKG point: Dago, Coblong, Kota Bandung",13-09-2026,ECMWF,Open-Meteo / ECMWF,07:00,2026-09-13 07:00:00,20.5,75.0,0.0,4.0,0.0,1.6812,Berawan,wmo:3
dago,"Dago, Bandung",2026-09-13,32.73.02.1004,Dago,kelurahan,no,-6.889,107.61,Asia/Jakarta,"BMKG point: Dago, Coblong, Kota Bandung",13-09-2026,ECMWF,Open-Meteo / ECMWF,08:00,2026-09-13 08:00:00,22.7,68.0,0.0,3.9,0.0,1.6812,Berawan,wmo:3
dago,"Dago, Bandung",2026-09-13,32.73.02.1004,Dago,kelurahan,no,-6.889,107.61,Asia/Jakarta,"BMKG point: Dago, Coblong, Kota Bandung",13-09-2026,ECMWF,Open-Meteo / ECMWF,09:00,2026-09-13 09:00:00,25.3,59.0,0.0,6.5,0.0,1.6812,Cerah Berawan,wmo:2
dago,"Dago, Bandung",2026-09-13,32.73.02.1004,Dago,kelurahan,no,-6.889,107.61,Asia/Jakarta,"BMKG point: Dago, Coblong, Kota Bandung",13-09-2026,ECMWF,Open-Meteo / ECMWF,10:00,2026-09-13 10:00:00,27.5,51.0,0.0,8.7,0.0,1.6812,Cerah Berawan,wmo:2
dago,"Dago, Bandung",2026-09-13,32.73.02.1004,Dago,kelurahan,no,-6.889,107.61,Asia/Jakarta,"BMKG point: Dago, Coblong, Kota Bandung",13-09-2026,ECMWF,Open-Meteo / ECMWF,11:00,2026-09-13 11:00:00,29.2,44.0,0.0,9.0,0.0,1.6812,Cerah Berawan,wmo:2
dago,"Dago, Bandung",2026-09-13,32.73.02.1004,Dago,kelurahan,no,-6.889,107.61,Asia/Jakarta,"BMKG point: Dago, Coblong, Kota Bandung",13-09-2026,ECMWF,Open-Meteo / ECMWF,12:00,2026-09-13 12:00:00,30.4,38.0,0.0,8.3,0.0,1.6812,Berawan,wmo:3
dago,"Dago, Bandung",2026-09-13,32.73.02.1004,Dago,kelurahan,no,-6.889,107.61,Asia/Jakarta,"BMKG point: Dago, Coblong, Kota Bandung",13-09-2026,ECMWF,Open-Meteo / ECMWF,13:00,2026-09-13 13:00:00,31.1,34.0,0.0,7.7,0.0,1.6812,Berawan,wmo:3
dago,"Dago, Bandung",2026-09-13,32.73.02.1004,Dago,kelurahan,no,-6.889,107.61,Asia/Jakarta,"BMKG point: Dago, Coblong, Kota Bandung",13-09-2026,ECMWF,Open-Meteo / ECMWF,14:00,2026-09-13 14:00:00,31.1,32.0,0.0,7.5,0.0,1.6812,Berawan,wmo:3
dago,"Dago, Bandung",2026-09-13,32.73.02.1004,Dago,kelurahan,no,-6.889,107.61,Asia/Jakarta,"BMKG point: Dago, Coblong, Kota Bandung",13-09-2026,ECMWF,Open-Meteo / ECMWF,15:00,2026-09-13 15:00:00,30.4,32.0,0.0,7.2,0.0,1.6812,Berawan,wmo:3
dago,"Dago, Bandung",2026-09-13,32.73.02.1004,Dago,kelurahan,no,-6.889,107.61,Asia/Jakarta,"BMKG point: Dago, Coblong, Kota Bandung",13-09-2026,ECMWF,Open-Meteo / ECMWF,16:00,2026-09-13 16:00:00,29.4,34.0,0.0,5.6,0.0,1.6812,Berawan,wmo:3
dago,"Dago, Bandung",2026-09-13,32.73.02.1004,Dago,kelurahan,no,-6.889,107.61,Asia/Jakarta,"BMKG point: Dago, Coblong, Kota Bandung",13-09-2026,ECMWF,Open-Meteo / ECMWF,17:00,2026-09-13 17:00:00,27.6,39.0,0.0,2.0,0.0,1.6812,Berawan,wmo:3
dago,"Dago, Bandung",2026-09-13,32.73.02.1004,Dago,kelurahan,no,-6.889,107.61,Asia/Jakarta,"BMKG point: Dago, Coblong, Kota Bandung",13-09-2026,ECMWF,Open-Meteo / ECMWF,18:00,2026-09-13 18:00:00,25.4,47.0,0.0,2.5,0.0,1.6812,Berawan,wmo:3
dago,"Dago, Bandung",2026-09-13,32.73.02.1004,Dago,kelurahan,no,-6.889,107.61,Asia/Jakarta,"BMKG point: Dago, Coblong, Kota Bandung",13-09-2026,ECMWF,Open-Meteo / ECMWF,19:00,2026-09-13 19:00:00,23.7,53.0,0.0,5.1,0.0,1.6812,Berawan,wmo:3
dago,"Dago, Bandung",2026-09-13,32.73.02.1004,Dago,kelurahan,no,-6.889,107.61,Asia/Jakarta,"BMKG point: Dago, Coblong, Kota Bandung",13-09-2026,ECMWF,Open-Meteo / ECMWF,20:00,2026-09-13 20:00:00,22.8,56.0,0.0,4.3,0.0,1.6812,Berawan,wmo:3
dago,"Dago, Bandung",2026-09-13,32.73.02.1004,Dago,kelurahan,no,-6.889,107.61,Asia/Jakarta,"BMKG point: Dago, Coblong, Kota Bandung",13-09-2026,ECMWF,Open-Meteo / ECMWF,21:00,2026-09-13 21:00:00,22.4,58.0,0.0,1.9,0.0,1.6812,Berawan,wmo:3
dago,"Dago, Bandung",2026-09-13,32.73.02.1004,Dago,kelurahan,no,-6.889,107.61,Asia/Jakarta,"BMKG point: Dago, Coblong, Kota Bandung",13-09-2026,ECMWF,Open-Meteo / ECMWF,22:00,2026-09-13 22:00:00,21.8,61.0,0.0,1.5,0.0,1.6812,Berawan,wmo:3
dago,"Dago, Bandung",2026-09-13,32.73.02.1004,Dago,kelurahan,no,-6.889,107.61,Asia/Jakarta,"BMKG point: Dago, Coblong, Kota Bandung",13-09-2026,ECMWF,Open-Meteo / ECMWF,23:00,2026-09-13 23:00:00,20.7,65.0,0.0,2.1,0.0,1.6812,Cerah Berawan,wmo:2
dago,"Dago, Bandung",2026-09-13,32.73.02.1004,Dago,kelurahan,no,-6.889,107.61,Asia/Jakarta,"BMKG point: Dago, Coblong, Kota Bandung",13-09-2026,GFS,Open-Meteo / NOAA GFS,00:00,2026-09-13 00:00:00,19.9,84.0,0.0,4.3,0.0,1.3778,Berawan,wmo:3
dago,"Dago, Bandung",2026-09-13,32.73.02.1004,Dago,kelurahan,no,-6.889,107.61,Asia/Jakarta,"BMKG point: Dago, Coblong, Kota Bandung",13-09-2026,GFS,Open-Meteo / NOAA GFS,01:00,2026-09-13 01:00:00,19.7,86.0,0.0,5.6,0.0,1.3778,Berawan,wmo:3
dago,"Dago, Bandung",2026-09-13,32.73.02.1004,Dago,kelurahan,no,-6.889,107.61,Asia/Jakarta,"BMKG point: Dago, Coblong, Kota Bandung",13-09-2026,GFS,Open-Meteo / NOAA GFS,02:00,2026-09-13 02:00:00,19.6,89.0,0.0,6.9,0.0,1.3778,Berawan,wmo:3
dago,"Dago, Bandung",2026-09-13,32.73.02.1004,Dago,kelurahan,no,-6.889,107.61,Asia/Jakarta,"BMKG point: Dago, Coblong, Kota Bandung",13-09-2026,GFS,Open-Meteo / NOAA GFS,03:00,2026-09-13 03:00:00,19.6,91.0,0.0,7.8,0.0,1.3778,Berawan,wmo:3
dago,"Dago, Bandung",2026-09-13,32.73.02.1004,Dago,kelurahan,no,-6.889,107.61,Asia/Jakarta,"BMKG point: Dago, Coblong, Kota Bandung",13-09-2026,GFS,Open-Meteo / NOAA GFS,04:00,2026-09-13 04:00:00,19.5,92.0,0.0,6.9,0.0,1.3778,Berawan,wmo:3
dago,"Dago, Bandung",2026-09-13,32.73.02.1004,Dago,kelurahan,no,-6.889,107.61,Asia/Jakarta,"BMKG point: Dago, Coblong, Kota Bandung",13-09-2026,GFS,Open-Meteo / NOAA GFS,05:00,2026-09-13 05:00:00,19.3,91.0,0.0,8.1,0.0,1.3778,Berawan,wmo:3
dago,"Dago, Bandung",2026-09-13,32.73.02.1004,Dago,kelurahan,no,-6.889,107.61,Asia/Jakarta,"BMKG point: Dago, Coblong, Kota Bandung",13-09-2026,GFS,Open-Meteo / NOAA GFS,06:00,2026-09-13 06:00:00,19.2,91.0,0.0,8.5,0.0,1.3778,Berawan,wmo:3
dago,"Dago, Bandung",2026-09-13,32.73.02.1004,Dago,kelurahan,no,-6.889,107.61,Asia/Jakarta,"BMKG point: Dago, Coblong, Kota Bandung",13-09-2026,GFS,Open-Meteo / NOAA GFS,07:00,2026-09-13 07:00:00,21.3,80.0,0.0,7.8,0.0,1.3778,Berawan,wmo:3
dago,"Dago, Bandung",2026-09-13,32.73.02.1004,Dago,kelurahan,no,-6.889,107.61,Asia/Jakarta,"BMKG point: Dago, Coblong, Kota Bandung",13-09-2026,GFS,Open-Meteo / NOAA GFS,08:00,2026-09-13 08:00:00,24.2,65.0,0.0,7.9,0.0,1.3778,Berawan,wmo:3
dago,"Dago, Bandung",2026-09-13,32.73.02.1004,Dago,kelurahan,no,-6.889,107.61,Asia/Jakarta,"BMKG point: Dago, Coblong, Kota Bandung",13-09-2026,GFS,Open-Meteo / NOAA GFS,09:00,2026-09-13 09:00:00,27.1,48.0,0.0,9.0,0.0,1.3778,Berawan,wmo:3
dago,"Dago, Bandung",2026-09-13,32.73.02.1004,Dago,kelurahan,no,-6.889,107.61,Asia/Jakarta,"BMKG point: Dago, Coblong, Kota Bandung",13-09-2026,GFS,Open-Meteo / NOAA GFS,10:00,2026-09-13 10:00:00,29.7,31.0,0.0,8.7,0.0,1.3778,Berawan,wmo:3
dago,"Dago, Bandung",2026-09-13,32.73.02.1004,Dago,kelurahan,no,-6.889,107.61,Asia/Jakarta,"BMKG point: Dago, Coblong, Kota Bandung",13-09-2026,GFS,Open-Meteo / NOAA GFS,11:00,2026-09-13 11:00:00,31.3,25.0,0.0,9.5,0.0,1.3778,Cerah Berawan,wmo:2
dago,"Dago, Bandung",2026-09-13,32.73.02.1004,Dago,kelurahan,no,-6.889,107.61,Asia/Jakarta,"BMKG point: Dago, Coblong, Kota Bandung",13-09-2026,GFS,Open-Meteo / NOAA GFS,12:00,2026-09-13 12:00:00,32.0,24.0,0.0,10.1,0.0,1.3778,Berawan,wmo:3
dago,"Dago, Bandung",2026-09-13,32.73.02.1004,Dago,kelurahan,no,-6.889,107.61,Asia/Jakarta,"BMKG point: Dago, Coblong, Kota Bandung",13-09-2026,GFS,Open-Meteo / NOAA GFS,13:00,2026-09-13 13:00:00,32.3,24.0,0.0,10.4,0.0,1.3778,Berawan,wmo:3
dago,"Dago, Bandung",2026-09-13,32.73.02.1004,Dago,kelurahan,no,-6.889,107.61,Asia/Jakarta,"BMKG point: Dago, Coblong, Kota Bandung",13-09-2026,GFS,Open-Meteo / NOAA GFS,14:00,2026-09-13 14:00:00,32.5,24.0,0.0,11.1,0.0,1.3778,Berawan,wmo:3
dago,"Dago, Bandung",2026-09-13,32.73.02.1004,Dago,kelurahan,no,-6.889,107.61,Asia/Jakarta,"BMKG point: Dago, Coblong, Kota Bandung",13-09-2026,GFS,Open-Meteo / NOAA GFS,15:00,2026-09-13 15:00:00,32.0,25.0,0.0,12.4,0.0,1.3778,Berawan,wmo:3
dago,"Dago, Bandung",2026-09-13,32.73.02.1004,Dago,kelurahan,no,-6.889,107.61,Asia/Jakarta,"BMKG point: Dago, Coblong, Kota Bandung",13-09-2026,GFS,Open-Meteo / NOAA GFS,16:00,2026-09-13 16:00:00,30.0,29.0,0.0,12.4,0.0,1.3778,Berawan,wmo:3
dago,"Dago, Bandung",2026-09-13,32.73.02.1004,Dago,kelurahan,no,-6.889,107.61,Asia/Jakarta,"BMKG point: Dago, Coblong, Kota Bandung",13-09-2026,GFS,Open-Meteo / NOAA GFS,17:00,2026-09-13 17:00:00,27.4,38.0,0.0,8.6,0.0,1.3778,Berawan,wmo:3
dago,"Dago, Bandung",2026-09-13,32.73.02.1004,Dago,kelurahan,no,-6.889,107.61,Asia/Jakarta,"BMKG point: Dago, Coblong, Kota Bandung",13-09-2026,GFS,Open-Meteo / NOAA GFS,18:00,2026-09-13 18:00:00,23.7,51.0,0.0,6.4,0.0,1.3778,Berawan,wmo:3
dago,"Dago, Bandung",2026-09-13,32.73.02.1004,Dago,kelurahan,no,-6.889,107.61,Asia/Jakarta,"BMKG point: Dago, Coblong, Kota Bandung",13-09-2026,GFS,Open-Meteo / NOAA GFS,19:00,2026-09-13 19:00:00,22.3,59.0,0.0,4.5,0.0,1.3778,Berawan,wmo:3
dago,"Dago, Bandung",2026-09-13,32.73.02.1004,Dago,kelurahan,no,-6.889,107.61,Asia/Jakarta,"BMKG point: Dago, Coblong, Kota Bandung",13-09-2026,GFS,Open-Meteo / NOAA GFS,20:00,2026-09-13 20:00:00,21.8,61.0,0.0,1.9,0.0,1.3778,Berawan,wmo:3
dago,"Dago, Bandung",2026-09-13,32.73.02.1004,Dago,kelurahan,no,-6.889,107.61,Asia/Jakarta,"BMKG point: Dago, Coblong, Kota Bandung",13-09-2026,GFS,Open-Meteo / NOAA GFS,21:00,2026-09-13 21:00:00,21.4,63.0,0.0,1.9,0.0,1.3778,Berawan,wmo:3
dago,"Dago, Bandung",2026-09-13,32.73.02.1004,Dago,kelurahan,no,-6.889,107.61,Asia/Jakarta,"BMKG point: Dago, Coblong, Kota Bandung",13-09-2026,GFS,Open-Meteo / NOAA GFS,22:00,2026-09-13 22:00:00,20.7,67.0,0.0,3.1,0.0,1.3778,Berawan,wmo:3
dago,"Dago, Bandung",2026-09-13,32.73.02.1004,Dago,kelurahan,no,-6.889,107.61,Asia/Jakarta,"BMKG point: Dago, Coblong, Kota Bandung",13-09-2026,GFS,Open-Meteo / NOAA GFS,23:00,2026-09-13 23:00:00,20.1,73.0,0.0,4.4,0.0,1.3778,Berawan,wmo:3
dago,"Dago, Bandung",2026-09-13,32.73.02.1004,Dago,kelurahan,no,-6.889,107.61,Asia/Jakarta,"BMKG point: Dago, Coblong, Kota Bandung",13-09-2026,ICON,Open-Meteo / DWD ICON,00:00,2026-09-13 00:00:00,22.0,86.0,0.0,3.7,0.0,1.4638,Berawan,wmo:3
dago,"Dago, Bandung",2026-09-13,32.73.02.1004,Dago,kelurahan,no,-6.889,107.61,Asia/Jakarta,"BMKG point: Dago, Coblong, Kota Bandung",13-09-2026,ICON,Open-Meteo / DWD ICON,01:00,2026-09-13 01:00:00,21.5,85.0,0.0,3.9,0.0,1.4638,Berawan,wmo:3
dago,"Dago, Bandung",2026-09-13,32.73.02.1004,Dago,kelurahan,no,-6.889,107.61,Asia/Jakarta,"BMKG point: Dago, Coblong, Kota Bandung",13-09-2026,ICON,Open-Meteo / DWD ICON,02:00,2026-09-13 02:00:00,20.9,85.0,0.0,3.6,0.0,1.4638,Berawan,wmo:3
dago,"Dago, Bandung",2026-09-13,32.73.02.1004,Dago,kelurahan,no,-6.889,107.61,Asia/Jakarta,"BMKG point: Dago, Coblong, Kota Bandung",13-09-2026,ICON,Open-Meteo / DWD ICON,03:00,2026-09-13 03:00:00,20.2,88.0,0.0,3.8,0.0,1.4638,Berawan,wmo:3
dago,"Dago, Bandung",2026-09-13,32.73.02.1004,Dago,kelurahan,no,-6.889,107.61,Asia/Jakarta,"BMKG point: Dago, Coblong, Kota Bandung",13-09-2026,ICON,Open-Meteo / DWD ICON,04:00,2026-09-13 04:00:00,19.7,90.0,0.0,4.0,0.0,1.4638,Berawan,wmo:3
dago,"Dago, Bandung",2026-09-13,32.73.02.1004,Dago,kelurahan,no,-6.889,107.61,Asia/Jakarta,"BMKG point: Dago, Coblong, Kota Bandung",13-09-2026,ICON,Open-Meteo / DWD ICON,05:00,2026-09-13 05:00:00,19.2,92.0,0.0,4.2,0.0,1.4638,Berawan,wmo:3
dago,"Dago, Bandung",2026-09-13,32.73.02.1004,Dago,kelurahan,no,-6.889,107.61,Asia/Jakarta,"BMKG point: Dago, Coblong, Kota Bandung",13-09-2026,ICON,Open-Meteo / DWD ICON,06:00,2026-09-13 06:00:00,18.9,93.0,0.0,3.5,0.0,1.4638,Berawan,wmo:3
dago,"Dago, Bandung",2026-09-13,32.73.02.1004,Dago,kelurahan,no,-6.889,107.61,Asia/Jakarta,"BMKG point: Dago, Coblong, Kota Bandung",13-09-2026,ICON,Open-Meteo / DWD ICON,07:00,2026-09-13 07:00:00,20.2,88.0,0.0,1.8,0.0,1.4638,Berawan,wmo:3
dago,"Dago, Bandung",2026-09-13,32.73.02.1004,Dago,kelurahan,no,-6.889,107.61,Asia/Jakarta,"BMKG point: Dago, Coblong, Kota Bandung",13-09-2026,ICON,Open-Meteo / DWD ICON,08:00,2026-09-13 08:00:00,23.0,74.0,0.0,5.2,0.0,1.4638,Berawan,wmo:3
dago,"Dago, Bandung",2026-09-13,32.73.02.1004,Dago,kelurahan,no,-6.889,107.61,Asia/Jakarta,"BMKG point: Dago, Coblong, Kota Bandung",13-09-2026,ICON,Open-Meteo / DWD ICON,09:00,2026-09-13 09:00:00,25.7,62.0,0.0,8.1,0.0,1.4638,Cerah Berawan,wmo:2
dago,"Dago, Bandung",2026-09-13,32.73.02.1004,Dago,kelurahan,no,-6.889,107.61,Asia/Jakarta,"BMKG point: Dago, Coblong, Kota Bandung",13-09-2026,ICON,Open-Meteo / DWD ICON,10:00,2026-09-13 10:00:00,28.3,45.0,0.0,11.9,0.0,1.4638,Berawan,wmo:3
dago,"Dago, Bandung",2026-09-13,32.73.02.1004,Dago,kelurahan,no,-6.889,107.61,Asia/Jakarta,"BMKG point: Dago, Coblong, Kota Bandung",13-09-2026,ICON,Open-Meteo / DWD ICON,11:00,2026-09-13 11:00:00,30.1,33.0,0.0,14.1,0.0,1.4638,Berawan,wmo:3
dago,"Dago, Bandung",2026-09-13,32.73.02.1004,Dago,kelurahan,no,-6.889,107.61,Asia/Jakarta,"BMKG point: Dago, Coblong, Kota Bandung",13-09-2026,ICON,Open-Meteo / DWD ICON,12:00,2026-09-13 12:00:00,30.7,34.0,0.0,14.5,0.0,1.4638,Berawan,wmo:3
dago,"Dago, Bandung",2026-09-13,32.73.02.1004,Dago,kelurahan,no,-6.889,107.61,Asia/Jakarta,"BMKG point: Dago, Coblong, Kota Bandung",13-09-2026,ICON,Open-Meteo / DWD ICON,13:00,2026-09-13 13:00:00,31.3,32.0,0.0,14.8,0.0,1.4638,Berawan,wmo:3
dago,"Dago, Bandung",2026-09-13,32.73.02.1004,Dago,kelurahan,no,-6.889,107.61,Asia/Jakarta,"BMKG point: Dago, Coblong, Kota Bandung",13-09-2026,ICON,Open-Meteo / DWD ICON,14:00,2026-09-13 14:00:00,31.5,29.0,0.0,14.8,0.0,1.4638,Cerah Berawan,wmo:1
dago,"Dago, Bandung",2026-09-13,32.73.02.1004,Dago,kelurahan,no,-6.889,107.61,Asia/Jakarta,"BMKG point: Dago, Coblong, Kota Bandung",13-09-2026,ICON,Open-Meteo / DWD ICON,15:00,2026-09-13 15:00:00,31.0,31.0,0.0,13.4,0.0,1.4638,Berawan,wmo:3
dago,"Dago, Bandung",2026-09-13,32.73.02.1004,Dago,kelurahan,no,-6.889,107.61,Asia/Jakarta,"BMKG point: Dago, Coblong, Kota Bandung",13-09-2026,ICON,Open-Meteo / DWD ICON,16:00,2026-09-13 16:00:00,30.1,33.0,0.0,12.8,0.0,1.4638,Berawan,wmo:3
dago,"Dago, Bandung",2026-09-13,32.73.02.1004,Dago,kelurahan,no,-6.889,107.61,Asia/Jakarta,"BMKG point: Dago, Coblong, Kota Bandung",13-09-2026,ICON,Open-Meteo / DWD ICON,17:00,2026-09-13 17:00:00,28.5,37.0,0.0,12.0,0.0,1.4638,Berawan,wmo:3
dago,"Dago, Bandung",2026-09-13,32.73.02.1004,Dago,kelurahan,no,-6.889,107.61,Asia/Jakarta,"BMKG point: Dago, Coblong, Kota Bandung",13-09-2026,ICON,Open-Meteo / DWD ICON,18:00,2026-09-13 18:00:00,26.3,46.0,0.0,9.5,0.0,1.4638,Cerah Berawan,wmo:1
dago,"Dago, Bandung",2026-09-13,32.73.02.1004,Dago,kelurahan,no,-6.889,107.61,Asia/Jakarta,"BMKG point: Dago, Coblong, Kota Bandung",13-09-2026,ICON,Open-Meteo / DWD ICON,19:00,2026-09-13 19:00:00,24.4,54.0,0.0,6.8,0.0,1.4638,Cerah,wmo:0
dago,"Dago, Bandung",2026-09-13,32.73.02.1004,Dago,kelurahan,no,-6.889,107.61,Asia/Jakarta,"BMKG point: Dago, Coblong, Kota Bandung",13-09-2026,ICON,Open-Meteo / DWD ICON,20:00,2026-09-13 20:00:00,23.0,61.0,0.0,4.5,0.0,1.4638,Cerah,wmo:0
dago,"Dago, Bandung",2026-09-13,32.73.02.1004,Dago,kelurahan,no,-6.889,107.61,Asia/Jakarta,"BMKG point: Dago, Coblong, Kota Bandung",13-09-2026,ICON,Open-Meteo / DWD ICON,21:00,2026-09-13 21:00:00,22.0,68.0,0.0,3.3,0.0,1.4638,Cerah,wmo:0
dago,"Dago, Bandung",2026-09-13,32.73.02.1004,Dago,kelurahan,no,-6.889,107.61,Asia/Jakarta,"BMKG point: Dago, Coblong, Kota Bandung",13-09-2026,ICON,Open-Meteo / DWD ICON,22:00,2026-09-13 22:00:00,21.1,78.0,0.0,2.9,0.0,1.4638,Cerah,wmo:0
dago,"Dago, Bandung",2026-09-13,32.73.02.1004,Dago,kelurahan,no,-6.889,107.61,Asia/Jakarta,"BMKG point: Dago, Coblong, Kota Bandung",13-09-2026,ICON,Open-Meteo / DWD ICON,23:00,2026-09-13 23:00:00,20.3,86.0,0.0,2.9,0.0,1.4638,Cerah,wmo:0
dago,"Dago, Bandung",2026-09-13,32.73.02.1004,Dago,kelurahan,no,-6.889,107.61,Asia/Jakarta,"BMKG point: Dago, Coblong, Kota Bandung",13-09-2026,KMA,Open-Meteo / KMA,00:00,2026-09-13 00:00:00,,,,,0.0,0.5396,Berawan,wmo:None
dago,"Dago, Bandung",2026-09-13,32.73.02.1004,Dago,kelurahan,no,-6.889,107.61,Asia/Jakarta,"BMKG point: Dago, Coblong, Kota Bandung",13-09-2026,KMA,Open-Meteo / KMA,01:00,2026-09-13 01:00:00,,,,,0.0,0.5396,Berawan,wmo:None
dago,"Dago, Bandung",2026-09-13,32.73.02.1004,Dago,kelurahan,no,-6.889,107.61,Asia/Jakarta,"BMKG point: Dago, Coblong, Kota Bandung",13-09-2026,KMA,Open-Meteo / KMA,02:00,2026-09-13 02:00:00,,,,,0.0,0.5396,Berawan,wmo:None
dago,"Dago, Bandung",2026-09-13,32.73.02.1004,Dago,kelurahan,no,-6.889,107.61,Asia/Jakarta,"BMKG point: Dago, Coblong, Kota Bandung",13-09-2026,KMA,Open-Meteo / KMA,03:00,2026-09-13 03:00:00,,,,,0.0,0.5396,Berawan,wmo:None
dago,"Dago, Bandung",2026-09-13,32.73.02.1004,Dago,kelurahan,no,-6.889,107.61,Asia/Jakarta,"BMKG point: Dago, Coblong, Kota Bandung",13-09-2026,KMA,Open-Meteo / KMA,04:00,2026-09-13 04:00:00,,,,,0.0,0.5396,Berawan,wmo:None
dago,"Dago, Bandung",2026-09-13,32.73.02.1004,Dago,kelurahan,no,-6.889,107.61,Asia/Jakarta,"BMKG point: Dago, Coblong, Kota Bandung",13-09-2026,KMA,Open-Meteo / KMA,05:00,2026-09-13 05:00:00,,,,,0.0,0.5396,Berawan,wmo:None
dago,"Dago, Bandung",2026-09-13,32.73.02.1004,Dago,kelurahan,no,-6.889,107.61,Asia/Jakarta,"BMKG point: Dago, Coblong, Kota Bandung",13-09-2026,KMA,Open-Meteo / KMA,06:00,2026-09-13 06:00:00,,,,,0.0,0.5396,Berawan,wmo:None
dago,"Dago, Bandung",2026-09-13,32.73.02.1004,Dago,kelurahan,no,-6.889,107.61,Asia/Jakarta,"BMKG point: Dago, Coblong, Kota Bandung",13-09-2026,KMA,Open-Meteo / KMA,07:00,2026-09-13 07:00:00,,,,,0.0,0.5396,Berawan,wmo:None
dago,"Dago, Bandung",2026-09-13,32.73.02.1004,Dago,kelurahan,no,-6.889,107.61,Asia/Jakarta,"BMKG point: Dago, Coblong, Kota Bandung",13-09-2026,KMA,Open-Meteo / KMA,08:00,2026-09-13 08:00:00,,,,,0.0,0.5396,Berawan,wmo:None
dago,"Dago, Bandung",2026-09-13,32.73.02.1004,Dago,kelurahan,no,-6.889,107.61,Asia/Jakarta,"BMKG point: Dago, Coblong, Kota Bandung",13-09-2026,KMA,Open-Meteo / KMA,09:00,2026-09-13 09:00:00,,,,,0.0,0.5396,Berawan,wmo:None
dago,"Dago, Bandung",2026-09-13,32.73.02.1004,Dago,kelurahan,no,-6.889,107.61,Asia/Jakarta,"BMKG point: Dago, Coblong, Kota Bandung",13-09-2026,KMA,Open-Meteo / KMA,10:00,2026-09-13 10:00:00,,,,,0.0,0.5396,Berawan,wmo:None
dago,"Dago, Bandung",2026-09-13,32.73.02.1004,Dago,kelurahan,no,-6.889,107.61,Asia/Jakarta,"BMKG point: Dago, Coblong, Kota Bandung",13-09-2026,KMA,Open-Meteo / KMA,11:00,2026-09-13 11:00:00,,,,,0.0,0.5396,Berawan,wmo:None
dago,"Dago, Bandung",2026-09-13,32.73.02.1004,Dago,kelurahan,no,-6.889,107.61,Asia/Jakarta,"BMKG point: Dago, Coblong, Kota Bandung",13-09-2026,KMA,Open-Meteo / KMA,12:00,2026-09-13 12:00:00,,,,,0.0,0.5396,Berawan,wmo:None
dago,"Dago, Bandung",2026-09-13,32.73.02.1004,Dago,kelurahan,no,-6.889,107.61,Asia/Jakarta,"BMKG point: Dago, Coblong, Kota Bandung",13-09-2026,KMA,Open-Meteo / KMA,13:00,2026-09-13 13:00:00,,,,,0.0,0.5396,Berawan,wmo:None
dago,"Dago, Bandung",2026-09-13,32.73.02.1004,Dago,kelurahan,no,-6.889,107.61,Asia/Jakarta,"BMKG point: Dago, Coblong, Kota Bandung",13-09-2026,KMA,Open-Meteo / KMA,14:00,2026-09-13 14:00:00,,,,,0.0,0.5396,Berawan,wmo:None
dago,"Dago, Bandung",2026-09-13,32.73.02.1004,Dago,kelurahan,no,-6.889,107.61,Asia/Jakarta,"BMKG point: Dago, Coblong, Kota Bandung",13-09-2026,KMA,Open-Meteo / KMA,15:00,2026-09-13 15:00:00,,,,,0.0,0.5396,Berawan,wmo:None
dago,"Dago, Bandung",2026-09-13,32.73.02.1004,Dago,kelurahan,no,-6.889,107.61,Asia/Jakarta,"BMKG point: Dago, Coblong, Kota Bandung",13-09-2026,KMA,Open-Meteo / KMA,16:00,2026-09-13 16:00:00,,,,,0.0,0.5396,Berawan,wmo:None
dago,"Dago, Bandung",2026-09-13,32.73.02.1004,Dago,kelurahan,no,-6.889,107.61,Asia/Jakarta,"BMKG point: Dago, Coblong, Kota Bandung",13-09-2026,KMA,Open-Meteo / KMA,17:00,2026-09-13 17:00:00,,,,,0.0,0.5396,Berawan,wmo:None
dago,"Dago, Bandung",2026-09-13,32.73.02.1004,Dago,kelurahan,no,-6.889,107.61,Asia/Jakarta,"BMKG point: Dago, Coblong, Kota Bandung",13-09-2026,KMA,Open-Meteo / KMA,18:00,2026-09-13 18:00:00,,,,,0.0,0.5396,Berawan,wmo:None
dago,"Dago, Bandung",2026-09-13,32.73.02.1004,Dago,kelurahan,no,-6.889,107.61,Asia/Jakarta,"BMKG point: Dago, Coblong, Kota Bandung",13-09-2026,KMA,Open-Meteo / KMA,19:00,2026-09-13 19:00:00,,,,,0.0,0.5396,Berawan,wmo:None
dago,"Dago, Bandung",2026-09-13,32.73.02.1004,Dago,kelurahan,no,-6.889,107.61,Asia/Jakarta,"BMKG point: Dago, Coblong, Kota Bandung",13-09-2026,KMA,Open-Meteo / KMA,20:00,2026-09-13 20:00:00,,,,,0.0,0.5396,Berawan,wmo:None
dago,"Dago, Bandung",2026-09-13,32.73.02.1004,Dago,kelurahan,no,-6.889,107.61,Asia/Jakarta,"BMKG point: Dago, Coblong, Kota Bandung",13-09-2026,KMA,Open-Meteo / KMA,21:00,2026-09-13 21:00:00,,,,,0.0,0.5396,Berawan,wmo:None
dago,"Dago, Bandung",2026-09-13,32.73.02.1004,Dago,kelurahan,no,-6.889,107.61,Asia/Jakarta,"BMKG point: Dago, Coblong, Kota Bandung",13-09-2026,KMA,Open-Meteo / KMA,22:00,2026-09-13 22:00:00,,,,,0.0,0.5396,Berawan,wmo:None
dago,"Dago, Bandung",2026-09-13,32.73.02.1004,Dago,kelurahan,no,-6.889,107.61,Asia/Jakarta,"BMKG point: Dago, Coblong, Kota Bandung",13-09-2026,KMA,Open-Meteo / KMA,23:00,2026-09-13 23:00:00,,,,,0.0,0.5396,Berawan,wmo:None
dago,"Dago, Bandung",2026-09-13,32.73.02.1004,Dago,kelurahan,no,-6.889,107.61,Asia/Jakarta,"BMKG point: Dago, Coblong, Kota Bandung",13-09-2026,METEOFRANCE,Open-Meteo / Meteo-France,00:00,2026-09-13 00:00:00,25.8,85.0,0.0,1.9,0.0,1.5014,Berawan,wmo:3
dago,"Dago, Bandung",2026-09-13,32.73.02.1004,Dago,kelurahan,no,-6.889,107.61,Asia/Jakarta,"BMKG point: Dago, Coblong, Kota Bandung",13-09-2026,METEOFRANCE,Open-Meteo / Meteo-France,01:00,2026-09-13 01:00:00,25.6,86.0,0.0,0.0,0.0,1.5014,Berawan,wmo:3
dago,"Dago, Bandung",2026-09-13,32.73.02.1004,Dago,kelurahan,no,-6.889,107.61,Asia/Jakarta,"BMKG point: Dago, Coblong, Kota Bandung",13-09-2026,METEOFRANCE,Open-Meteo / Meteo-France,02:00,2026-09-13 02:00:00,25.3,88.0,0.0,0.8,0.0,1.5014,Berawan,wmo:3
dago,"Dago, Bandung",2026-09-13,32.73.02.1004,Dago,kelurahan,no,-6.889,107.61,Asia/Jakarta,"BMKG point: Dago, Coblong, Kota Bandung",13-09-2026,METEOFRANCE,Open-Meteo / Meteo-France,03:00,2026-09-13 03:00:00,25.1,89.0,0.0,2.0,0.0,1.5014,Berawan,wmo:3
dago,"Dago, Bandung",2026-09-13,32.73.02.1004,Dago,kelurahan,no,-6.889,107.61,Asia/Jakarta,"BMKG point: Dago, Coblong, Kota Bandung",13-09-2026,METEOFRANCE,Open-Meteo / Meteo-France,04:00,2026-09-13 04:00:00,24.9,89.0,0.0,2.5,0.0,1.5014,Berawan,wmo:3
dago,"Dago, Bandung",2026-09-13,32.73.02.1004,Dago,kelurahan,no,-6.889,107.61,Asia/Jakarta,"BMKG point: Dago, Coblong, Kota Bandung",13-09-2026,METEOFRANCE,Open-Meteo / Meteo-France,05:00,2026-09-13 05:00:00,24.7,87.0,0.0,2.8,0.0,1.5014,Berawan,wmo:3
dago,"Dago, Bandung",2026-09-13,32.73.02.1004,Dago,kelurahan,no,-6.889,107.61,Asia/Jakarta,"BMKG point: Dago, Coblong, Kota Bandung",13-09-2026,METEOFRANCE,Open-Meteo / Meteo-France,06:00,2026-09-13 06:00:00,24.5,86.0,0.0,2.7,0.0,1.5014,Berawan,wmo:3
dago,"Dago, Bandung",2026-09-13,32.73.02.1004,Dago,kelurahan,no,-6.889,107.61,Asia/Jakarta,"BMKG point: Dago, Coblong, Kota Bandung",13-09-2026,METEOFRANCE,Open-Meteo / Meteo-France,07:00,2026-09-13 07:00:00,25.2,81.0,0.0,3.6,0.0,1.5014,Berawan,wmo:3
dago,"Dago, Bandung",2026-09-13,32.73.02.1004,Dago,kelurahan,no,-6.889,107.61,Asia/Jakarta,"BMKG point: Dago, Coblong, Kota Bandung",13-09-2026,METEOFRANCE,Open-Meteo / Meteo-France,08:00,2026-09-13 08:00:00,26.9,67.0,0.0,8.0,0.0,1.5014,Berawan,wmo:3
dago,"Dago, Bandung",2026-09-13,32.73.02.1004,Dago,kelurahan,no,-6.889,107.61,Asia/Jakarta,"BMKG point: Dago, Coblong, Kota Bandung",13-09-2026,METEOFRANCE,Open-Meteo / Meteo-France,09:00,2026-09-13 09:00:00,28.9,57.0,0.0,10.0,0.0,1.5014,Berawan,wmo:3
dago,"Dago, Bandung",2026-09-13,32.73.02.1004,Dago,kelurahan,no,-6.889,107.61,Asia/Jakarta,"BMKG point: Dago, Coblong, Kota Bandung",13-09-2026,METEOFRANCE,Open-Meteo / Meteo-France,10:00,2026-09-13 10:00:00,30.7,45.0,0.0,10.5,0.0,1.5014,Berawan,wmo:3
dago,"Dago, Bandung",2026-09-13,32.73.02.1004,Dago,kelurahan,no,-6.889,107.61,Asia/Jakarta,"BMKG point: Dago, Coblong, Kota Bandung",13-09-2026,METEOFRANCE,Open-Meteo / Meteo-France,11:00,2026-09-13 11:00:00,32.2,37.0,0.0,10.0,0.0,1.5014,Cerah Berawan,wmo:2
dago,"Dago, Bandung",2026-09-13,32.73.02.1004,Dago,kelurahan,no,-6.889,107.61,Asia/Jakarta,"BMKG point: Dago, Coblong, Kota Bandung",13-09-2026,METEOFRANCE,Open-Meteo / Meteo-France,12:00,2026-09-13 12:00:00,33.3,31.0,0.0,10.1,0.0,1.5014,Cerah Berawan,wmo:2
dago,"Dago, Bandung",2026-09-13,32.73.02.1004,Dago,kelurahan,no,-6.889,107.61,Asia/Jakarta,"BMKG point: Dago, Coblong, Kota Bandung",13-09-2026,METEOFRANCE,Open-Meteo / Meteo-France,13:00,2026-09-13 13:00:00,33.7,34.0,0.0,9.4,0.0,1.5014,Cerah Berawan,wmo:2
dago,"Dago, Bandung",2026-09-13,32.73.02.1004,Dago,kelurahan,no,-6.889,107.61,Asia/Jakarta,"BMKG point: Dago, Coblong, Kota Bandung",13-09-2026,METEOFRANCE,Open-Meteo / Meteo-France,14:00,2026-09-13 14:00:00,34.2,32.0,0.0,10.0,0.0,1.5014,Cerah Berawan,wmo:2
dago,"Dago, Bandung",2026-09-13,32.73.02.1004,Dago,kelurahan,no,-6.889,107.61,Asia/Jakarta,"BMKG point: Dago, Coblong, Kota Bandung",13-09-2026,METEOFRANCE,Open-Meteo / Meteo-France,15:00,2026-09-13 15:00:00,34.3,31.0,0.0,10.1,0.0,1.5014,Cerah Berawan,wmo:2
dago,"Dago, Bandung",2026-09-13,32.73.02.1004,Dago,kelurahan,no,-6.889,107.61,Asia/Jakarta,"BMKG point: Dago, Coblong, Kota Bandung",13-09-2026,METEOFRANCE,Open-Meteo / Meteo-France,16:00,2026-09-13 16:00:00,33.8,31.0,0.0,9.8,0.0,1.5014,Cerah Berawan,wmo:2
dago,"Dago, Bandung",2026-09-13,32.73.02.1004,Dago,kelurahan,no,-6.889,107.61,Asia/Jakarta,"BMKG point: Dago, Coblong, Kota Bandung",13-09-2026,METEOFRANCE,Open-Meteo / Meteo-France,17:00,2026-09-13 17:00:00,32.8,33.0,0.0,8.7,0.0,1.5014,Cerah Berawan,wmo:2
dago,"Dago, Bandung",2026-09-13,32.73.02.1004,Dago,kelurahan,no,-6.889,107.61,Asia/Jakarta,"BMKG point: Dago, Coblong, Kota Bandung",13-09-2026,METEOFRANCE,Open-Meteo / Meteo-France,18:00,2026-09-13 18:00:00,31.3,36.0,0.0,7.9,0.0,1.5014,Cerah Berawan,wmo:2
dago,"Dago, Bandung",2026-09-13,32.73.02.1004,Dago,kelurahan,no,-6.889,107.61,Asia/Jakarta,"BMKG point: Dago, Coblong, Kota Bandung",13-09-2026,METEOFRANCE,Open-Meteo / Meteo-France,19:00,2026-09-13 19:00:00,29.8,41.0,0.0,6.6,0.0,1.5014,Cerah Berawan,wmo:2
dago,"Dago, Bandung",2026-09-13,32.73.02.1004,Dago,kelurahan,no,-6.889,107.61,Asia/Jakarta,"BMKG point: Dago, Coblong, Kota Bandung",13-09-2026,METEOFRANCE,Open-Meteo / Meteo-France,20:00,2026-09-13 20:00:00,28.5,47.0,0.0,5.2,0.0,1.5014,Cerah Berawan,wmo:2
dago,"Dago, Bandung",2026-09-13,32.73.02.1004,Dago,kelurahan,no,-6.889,107.61,Asia/Jakarta,"BMKG point: Dago, Coblong, Kota Bandung",13-09-2026,METEOFRANCE,Open-Meteo / Meteo-France,21:00,2026-09-13 21:00:00,27.3,54.0,0.0,3.1,0.0,1.5014,Cerah Berawan,wmo:2
dago,"Dago, Bandung",2026-09-13,32.73.02.1004,Dago,kelurahan,no,-6.889,107.61,Asia/Jakarta,"BMKG point: Dago, Coblong, Kota Bandung",13-09-2026,METEOFRANCE,Open-Meteo / Meteo-France,22:00,2026-09-13 22:00:00,26.5,60.0,0.0,1.8,0.0,1.5014,Cerah Berawan,wmo:2
dago,"Dago, Bandung",2026-09-13,32.73.02.1004,Dago,kelurahan,no,-6.889,107.61,Asia/Jakarta,"BMKG point: Dago, Coblong, Kota Bandung",13-09-2026,METEOFRANCE,Open-Meteo / Meteo-France,23:00,2026-09-13 23:00:00,25.8,65.0,0.0,1.1,0.0,1.5014,Cerah Berawan,wmo:1
dago,"Dago, Bandung",2026-09-13,32.73.02.1004,Dago,kelurahan,no,-6.889,107.61,Asia/Jakarta,"BMKG point: Dago, Coblong, Kota Bandung",13-09-2026,METNO,MET Norway,18:00,2026-09-13 20:00:00,24.5,52.2,0.0,8.64,120.0,0.7566,Cerah Berawan,partlycloudy_night
dago,"Dago, Bandung",2026-09-13,32.73.02.1004,Dago,kelurahan,no,-6.889,107.61,Asia/Jakarta,"BMKG point: Dago, Coblong, Kota Bandung",13-09-2026,METNO,MET Norway,19:00,2026-09-13 20:00:00,24.5,52.2,0.0,8.64,60.0,1.0317,Cerah Berawan,partlycloudy_night
dago,"Dago, Bandung",2026-09-13,32.73.02.1004,Dago,kelurahan,no,-6.889,107.61,Asia/Jakarta,"BMKG point: Dago, Coblong, Kota Bandung",13-09-2026,METNO,MET Norway,20:00,2026-09-13 20:00:00,24.5,52.2,0.0,8.64,0.0,1.3756,Cerah Berawan,partlycloudy_night
dago,"Dago, Bandung",2026-09-13,32.73.02.1004,Dago,kelurahan,no,-6.889,107.61,Asia/Jakarta,"BMKG point: Dago, Coblong, Kota Bandung",13-09-2026,METNO,MET Norway,21:00,2026-09-13 21:00:00,23.1,63.8,0.0,7.92,0.0,1.3756,Cerah Berawan,partlycloudy_night
dago,"Dago, Bandung",2026-09-13,32.73.02.1004,Dago,kelurahan,no,-6.889,107.61,Asia/Jakarta,"BMKG point: Dago, Coblong, Kota Bandung",13-09-2026,METNO,MET Norway,22:00,2026-09-13 22:00:00,22.0,72.0,0.0,9.72,0.0,1.3756,Cerah Berawan,partlycloudy_night
dago,"Dago, Bandung",2026-09-13,32.73.02.1004,Dago,kelurahan,no,-6.889,107.61,Asia/Jakarta,"BMKG point: Dago, Coblong, Kota Bandung",13-09-2026,METNO,MET Norway,23:00,2026-09-13 23:00:00,21.0,77.7,0.0,9.36,0.0,1.3756,Cerah Berawan,partlycloudy_night
dago,"Dago, Bandung",2026-09-13,32.73.02.1004,Dago,kelurahan,no,-6.889,107.61,Asia/Jakarta,"BMKG point: Dago, Coblong, Kota Bandung",13-09-2026,UKMO,Open-Meteo / UK Met Office,00:00,2026-09-13 00:00:00,21.8,81.0,0.0,5.8,0.0,1.3181,Berawan,wmo:3
dago,"Dago, Bandung",2026-09-13,32.73.02.1004,Dago,kelurahan,no,-6.889,107.61,Asia/Jakarta,"BMKG point: Dago, Coblong, Kota Bandung",13-09-2026,UKMO,Open-Meteo / UK Met Office,01:00,2026-09-13 01:00:00,21.1,84.0,0.0,6.1,0.0,1.3181,Berawan,wmo:3
dago,"Dago, Bandung",2026-09-13,32.73.02.1004,Dago,kelurahan,no,-6.889,107.61,Asia/Jakarta,"BMKG point: Dago, Coblong, Kota Bandung",13-09-2026,UKMO,Open-Meteo / UK Met Office,02:00,2026-09-13 02:00:00,20.6,86.0,0.0,5.4,0.0,1.3181,Berawan,wmo:3
dago,"Dago, Bandung",2026-09-13,32.73.02.1004,Dago,kelurahan,no,-6.889,107.61,Asia/Jakarta,"BMKG point: Dago, Coblong, Kota Bandung",13-09-2026,UKMO,Open-Meteo / UK Met Office,03:00,2026-09-13 03:00:00,20.0,88.0,0.0,5.4,0.0,1.3181,Berawan,wmo:3
dago,"Dago, Bandung",2026-09-13,32.73.02.1004,Dago,kelurahan,no,-6.889,107.61,Asia/Jakarta,"BMKG point: Dago, Coblong, Kota Bandung",13-09-2026,UKMO,Open-Meteo / UK Met Office,04:00,2026-09-13 04:00:00,19.8,88.0,0.0,4.7,0.0,1.3181,Berawan,wmo:3
dago,"Dago, Bandung",2026-09-13,32.73.02.1004,Dago,kelurahan,no,-6.889,107.61,Asia/Jakarta,"BMKG point: Dago, Coblong, Kota Bandung",13-09-2026,UKMO,Open-Meteo / UK Met Office,05:00,2026-09-13 05:00:00,19.3,89.0,0.0,4.7,0.0,1.3181,Berawan,wmo:3
dago,"Dago, Bandung",2026-09-13,32.73.02.1004,Dago,kelurahan,no,-6.889,107.61,Asia/Jakarta,"BMKG point: Dago, Coblong, Kota Bandung",13-09-2026,UKMO,Open-Meteo / UK Met Office,06:00,2026-09-13 06:00:00,19.0,88.0,0.0,4.0,0.0,1.3181,Berawan,wmo:3
dago,"Dago, Bandung",2026-09-13,32.73.02.1004,Dago,kelurahan,no,-6.889,107.61,Asia/Jakarta,"BMKG point: Dago, Coblong, Kota Bandung",13-09-2026,UKMO,Open-Meteo / UK Met Office,07:00,2026-09-13 07:00:00,20.6,84.0,0.0,4.0,0.0,1.3181,Berawan,wmo:3
dago,"Dago, Bandung",2026-09-13,32.73.02.1004,Dago,kelurahan,no,-6.889,107.61,Asia/Jakarta,"BMKG point: Dago, Coblong, Kota Bandung",13-09-2026,UKMO,Open-Meteo / UK Met Office,08:00,2026-09-13 08:00:00,22.4,76.0,0.0,4.0,0.0,1.3181,Berawan,wmo:3
dago,"Dago, Bandung",2026-09-13,32.73.02.1004,Dago,kelurahan,no,-6.889,107.61,Asia/Jakarta,"BMKG point: Dago, Coblong, Kota Bandung",13-09-2026,UKMO,Open-Meteo / UK Met Office,09:00,2026-09-13 09:00:00,24.0,66.0,0.0,8.3,0.0,1.3181,Berawan,wmo:3
dago,"Dago, Bandung",2026-09-13,32.73.02.1004,Dago,kelurahan,no,-6.889,107.61,Asia/Jakarta,"BMKG point: Dago, Coblong, Kota Bandung",13-09-2026,UKMO,Open-Meteo / UK Met Office,10:00,2026-09-13 10:00:00,25.8,57.0,0.0,9.0,0.0,1.3181,Berawan,wmo:3
dago,"Dago, Bandung",2026-09-13,32.73.02.1004,Dago,kelurahan,no,-6.889,107.61,Asia/Jakarta,"BMKG point: Dago, Coblong, Kota Bandung",13-09-2026,UKMO,Open-Meteo / UK Met Office,11:00,2026-09-13 11:00:00,27.7,45.0,0.0,9.0,0.0,1.3181,Berawan,wmo:3
dago,"Dago, Bandung",2026-09-13,32.73.02.1004,Dago,kelurahan,no,-6.889,107.61,Asia/Jakarta,"BMKG point: Dago, Coblong, Kota Bandung",13-09-2026,UKMO,Open-Meteo / UK Met Office,12:00,2026-09-13 12:00:00,29.2,36.0,0.0,10.4,0.0,1.3181,Berawan,wmo:3
dago,"Dago, Bandung",2026-09-13,32.73.02.1004,Dago,kelurahan,no,-6.889,107.61,Asia/Jakarta,"BMKG point: Dago, Coblong, Kota Bandung",13-09-2026,UKMO,Open-Meteo / UK Met Office,13:00,2026-09-13 13:00:00,30.0,31.0,0.0,12.6,0.0,1.3181,Cerah Berawan,wmo:2
dago,"Dago, Bandung",2026-09-13,32.73.02.1004,Dago,kelurahan,no,-6.889,107.61,Asia/Jakarta,"BMKG point: Dago, Coblong, Kota Bandung",13-09-2026,UKMO,Open-Meteo / UK Met Office,14:00,2026-09-13 14:00:00,30.4,29.0,0.0,14.4,0.0,1.3181,Cerah Berawan,wmo:2
dago,"Dago, Bandung",2026-09-13,32.73.02.1004,Dago,kelurahan,no,-6.889,107.61,Asia/Jakarta,"BMKG point: Dago, Coblong, Kota Bandung",13-09-2026,UKMO,Open-Meteo / UK Met Office,15:00,2026-09-13 15:00:00,30.2,30.0,0.0,14.8,0.0,1.3181,Cerah Berawan,wmo:1
dago,"Dago, Bandung",2026-09-13,32.73.02.1004,Dago,kelurahan,no,-6.889,107.61,Asia/Jakarta,"BMKG point: Dago, Coblong, Kota Bandung",13-09-2026,UKMO,Open-Meteo / UK Met Office,16:00,2026-09-13 16:00:00,29.5,32.0,0.0,14.0,0.0,1.3181,Cerah,wmo:0
dago,"Dago, Bandung",2026-09-13,32.73.02.1004,Dago,kelurahan,no,-6.889,107.61,Asia/Jakarta,"BMKG point: Dago, Coblong, Kota Bandung",13-09-2026,UKMO,Open-Meteo / UK Met Office,17:00,2026-09-13 17:00:00,28.3,37.0,0.0,14.0,0.0,1.3181,Cerah,wmo:0
dago,"Dago, Bandung",2026-09-13,32.73.02.1004,Dago,kelurahan,no,-6.889,107.61,Asia/Jakarta,"BMKG point: Dago, Coblong, Kota Bandung",13-09-2026,UKMO,Open-Meteo / UK Met Office,18:00,2026-09-13 18:00:00,26.7,43.0,0.0,12.2,0.0,1.3181,Cerah,wmo:0
dago,"Dago, Bandung",2026-09-13,32.73.02.1004,Dago,kelurahan,no,-6.889,107.61,Asia/Jakarta,"BMKG point: Dago, Coblong, Kota Bandung",13-09-2026,UKMO,Open-Meteo / UK Met Office,19:00,2026-09-13 19:00:00,25.3,50.0,0.0,8.6,0.0,1.3181,Cerah,wmo:0
dago,"Dago, Bandung",2026-09-13,32.73.02.1004,Dago,kelurahan,no,-6.889,107.61,Asia/Jakarta,"BMKG point: Dago, Coblong, Kota Bandung",13-09-2026,UKMO,Open-Meteo / UK Met Office,20:00,2026-09-13 20:00:00,24.4,56.0,0.0,8.6,0.0,1.3181,Cerah,wmo:0
dago,"Dago, Bandung",2026-09-13,32.73.02.1004,Dago,kelurahan,no,-6.889,107.61,Asia/Jakarta,"BMKG point: Dago, Coblong, Kota Bandung",13-09-2026,UKMO,Open-Meteo / UK Met Office,21:00,2026-09-13 21:00:00,23.1,68.0,0.0,4.3,0.0,1.3181,Cerah,wmo:0
dago,"Dago, Bandung",2026-09-13,32.73.02.1004,Dago,kelurahan,no,-6.889,107.61,Asia/Jakarta,"BMKG point: Dago, Coblong, Kota Bandung",13-09-2026,UKMO,Open-Meteo / UK Met Office,22:00,2026-09-13 22:00:00,22.4,72.0,0.0,4.3,0.0,1.3181,Cerah,wmo:0
dago,"Dago, Bandung",2026-09-13,32.73.02.1004,Dago,kelurahan,no,-6.889,107.61,Asia/Jakarta,"BMKG point: Dago, Coblong, Kota Bandung",13-09-2026,UKMO,Open-Meteo / UK Met Office,23:00,2026-09-13 23:00:00,21.9,74.0,0.0,5.8,0.0,1.3181,Cerah,wmo:0
dago,"Dago, Bandung",2026-09-14,32.73.02.1004,Dago,kelurahan,no,-6.889,107.61,Asia/Jakarta,"BMKG point: Dago, Coblong, Kota Bandung",14-09-2026,BMKG,BMKG,00:00,2026-09-14 00:00:00,19.0,77.0,0.0,6.0,0.0,1.6157,Cerah Berawan,Cerah Berawan
dago,"Dago, Bandung",2026-09-14,32.73.02.1004,Dago,kelurahan,no,-6.889,107.61,Asia/Jakarta,"BMKG point: Dago, Coblong, Kota Bandung",14-09-2026,BMKG,BMKG,01:00,2026-09-14 00:00:00,19.0,77.0,0.0,6.0,60.0,1.2118,Cerah Berawan,Cerah Berawan
dago,"Dago, Bandung",2026-09-14,32.73.02.1004,Dago,kelurahan,no,-6.889,107.61,Asia/Jakarta,"BMKG point: Dago, Coblong, Kota Bandung",14-09-2026,BMKG,BMKG,02:00,2026-09-14 03:00:00,18.0,83.0,0.0,4.4,60.0,1.2118,Cerah,Cerah
dago,"Dago, Bandung",2026-09-14,32.73.02.1004,Dago,kelurahan,no,-6.889,107.61,Asia/Jakarta,"BMKG point: Dago, Coblong, Kota Bandung",14-09-2026,BMKG,BMKG,03:00,2026-09-14 03:00:00,18.0,83.0,0.0,4.4,0.0,1.6157,Cerah,Cerah
dago,"Dago, Bandung",2026-09-14,32.73.02.1004,Dago,kelurahan,no,-6.889,107.61,Asia/Jakarta,"BMKG point: Dago, Coblong, Kota Bandung",14-09-2026,BMKG,BMKG,04:00,2026-09-14 03:00:00,18.0,83.0,0.0,4.4,60.0,1.2118,Cerah,Cerah
dago,"Dago, Bandung",2026-09-14,32.73.02.1004,Dago,kelurahan,no,-6.889,107.61,Asia/Jakarta,"BMKG point: Dago, Coblong, Kota Bandung",14-09-2026,BMKG,BMKG,05:00,2026-09-14 06:00:00,20.0,75.0,0.0,4.7,60.0,1.2118,Cerah,Cerah
dago,"Dago, Bandung",2026-09-14,32.73.02.1004,Dago,kelurahan,no,-6.889,107.61,Asia/Jakarta,"BMKG point: Dago, Coblong, Kota Bandung",14-09-2026,BMKG,BMKG,06:00,2026-09-14 06:00:00,20.0,75.0,0.0,4.7,0.0,1.6157,Cerah,Cerah
dago,"Dago, Bandung",2026-09-14,32.73.02.1004,Dago,kelurahan,no,-6.889,107.61,Asia/Jakarta,"BMKG point: Dago, Coblong, Kota Bandung",14-09-2026,BMKG,BMKG,07:00,2026-09-14 06:00:00,20.0,75.0,0.0,4.7,60.0,1.2118,Cerah,Cerah
dago,"Dago, Bandung",2026-09-14,32.73.02.1004,Dago,kelurahan,no,-6.889,107.61,Asia/Jakarta,"BMKG point: Dago, Coblong, Kota Bandung",14-09-2026,BMKG,BMKG,08:00,2026-09-14 09:00:00,27.0,40.0,0.0,8.7,60.0,1.2118,Cerah,Cerah
dago,"Dago, Bandung",2026-09-14,32.73.02.1004,Dago,kelurahan,no,-6.889,107.61,Asia/Jakarta,"BMKG point: Dago, Coblong, Kota Bandung",14-09-2026,BMKG,BMKG,09:00,2026-09-14 09:00:00,27.0,40.0,0.0,8.7,0.0,1.6157,Cerah,Cerah
dago,"Dago, Bandung",2026-09-14,32.73.02.1004,Dago,kelurahan,no,-6.889,107.61,Asia/Jakarta,"BMKG point: Dago, Coblong, Kota Bandung",14-09-2026,BMKG,BMKG,10:00,2026-09-14 09:00:00,27.0,40.0,0.0,8.7,60.0,1.2118,Cerah,Cerah
dago,"Dago, Bandung",2026-09-14,32.73.02.1004,Dago,kelurahan,no,-6.889,107.61,Asia/Jakarta,"BMKG point: Dago, Coblong, Kota Bandung",14-09-2026,BMKG,BMKG,11:00,2026-09-14 12:00:00,31.0,25.0,0.0,9.9,60.0,1.2118,Cerah,Cerah
dago,"Dago, Bandung",2026-09-14,32.73.02.1004,Dago,kelurahan,no,-6.889,107.61,Asia/Jakarta,"BMKG point: Dago, Coblong, Kota Bandung",14-09-2026,BMKG,BMKG,12:00,2026-09-14 12:00:00,31.0,25.0,0.0,9.9,0.0,1.6157,Cerah,Cerah
dago,"Dago, Bandung",2026-09-14,32.73.02.1004,Dago,kelurahan,no,-6.889,107.61,Asia/Jakarta,"BMKG point: Dago, Coblong, Kota Bandung",14-09-2026,BMKG,BMKG,13:00,2026-09-14 12:00:00,31.0,25.0,0.0,9.9,60.0,1.2118,Cerah,Cerah
dago,"Dago, Bandung",2026-09-14,32.73.02.1004,Dago,kelurahan,no,-6.889,107.61,Asia/Jakarta,"BMKG point: Dago, Coblong, Kota Bandung",14-09-2026,BMKG,BMKG,14:00,2026-09-14 15:00:00,29.0,28.0,0.0,6.1,60.0,1.2118,Cerah,Cerah
dago,"Dago, Bandung",2026-09-14,32.73.02.1004,Dago,kelurahan,no,-6.889,107.61,Asia/Jakarta,"BMKG point: Dago, Coblong, Kota Bandung",14-09-2026,BMKG,BMKG,15:00,2026-09-14 15:00:00,29.0,28.0,0.0,6.1,0.0,1.6157,Cerah,Cerah
dago,"Dago, Bandung",2026-09-14,32.73.02.1004,Dago,kelurahan,no,-6.889,107.61,Asia/Jakarta,"BMKG point: Dago, Coblong, Kota Bandung",14-09-2026,BMKG,BMKG,16:00,2026-09-14 15:00:00,29.0,28.0,0.0,6.1,60.0,1.2118,Cerah,Cerah
dago,"Dago, Bandung",2026-09-14,32.73.02.1004,Dago,kelurahan,no,-6.889,107.61,Asia/Jakarta,"BMKG point: Dago, Coblong, Kota Bandung",14-09-2026,BMKG,BMKG,17:00,2026-09-14 18:00:00,23.0,52.0,0.0,2.5,60.0,1.2118,Cerah,Cerah
dago,"Dago, Bandung",2026-09-14,32.73.02.1004,Dago,kelurahan,no,-6.889,107.61,Asia/Jakarta,"BMKG point: Dago, Coblong, Kota Bandung",14-09-2026,BMKG,BMKG,18:00,2026-09-14 18:00:00,23.0,52.0,0.0,2.5,0.0,1.6157,Cerah,Cerah
dago,"Dago, Bandung",2026-09-14,32.73.02.1004,Dago,kelurahan,no,-6.889,107.61,Asia/Jakarta,"BMKG point: Dago, Coblong, Kota Bandung",14-09-2026,BMKG,BMKG,19:00,2026-09-14 18:00:00,23.0,52.0,0.0,2.5,60.0,1.2118,Cerah,Cerah
dago,"Dago, Bandung",2026-09-14,32.73.02.1004,Dago,kelurahan,no,-6.889,107.61,Asia/Jakarta,"BMKG point: Dago, Coblong, Kota Bandung",14-09-2026,BMKG,BMKG,20:00,2026-09-14 21:00:00,20.0,66.0,0.0,6.4,60.0,1.2118,Cerah,Cerah
dago,"Dago, Bandung",2026-09-14,32.73.02.1004,Dago,kelurahan,no,-6.889,107.61,Asia/Jakarta,"BMKG point: Dago, Coblong, Kota Bandung",14-09-2026,BMKG,BMKG,21:00,2026-09-14 21:00:00,20.0,66.0,0.0,6.4,0.0,1.6157,Cerah,Cerah
dago,"Dago, Bandung",2026-09-14,32.73.02.1004,Dago,kelurahan,no,-6.889,107.61,Asia/Jakarta,"BMKG point: Dago, Coblong, Kota Bandung",14-09-2026,BMKG,BMKG,22:00,2026-09-14 21:00:00,20.0,66.0,0.0,6.4,60.0,1.2118,Cerah,Cerah
dago,"Dago, Bandung",2026-09-14,32.73.02.1004,Dago,kelurahan,no,-6.889,107.61,Asia/Jakarta,"BMKG point: Dago, Coblong, Kota Bandung",14-09-2026,BMKG,BMKG,23:00,2026-09-14 21:00:00,20.0,66.0,0.0,6.4,120.0,0.8886,Cerah,Cerah
dago,"Dago, Bandung",2026-09-14,32.73.02.1004,Dago,kelurahan,no,-6.889,107.61,Asia/Jakarta,"BMKG point: Dago, Coblong, Kota Bandung",14-09-2026,CMA,Open-Meteo / CMA GRAPES,00:00,2026-09-14 00:00:00,20.6,72.0,0.0,8.9,0.0,1.1312,Cerah,wmo:0
dago,"Dago, Bandung",2026-09-14,32.73.02.1004,Dago,kelurahan,no,-6.889,107.61,Asia/Jakarta,"BMKG point: Dago, Coblong, Kota Bandung",14-09-2026,CMA,Open-Meteo / CMA GRAPES,01:00,2026-09-14 01:00:00,20.2,71.0,0.0,8.4,0.0,1.1312,Cerah,wmo:0
dago,"Dago, Bandung",2026-09-14,32.73.02.1004,Dago,kelurahan,no,-6.889,107.61,Asia/Jakarta,"BMKG point: Dago, Coblong, Kota Bandung",14-09-2026,CMA,Open-Meteo / CMA GRAPES,02:00,2026-09-14 02:00:00,19.9,72.0,0.0,8.7,0.0,1.1312,Cerah,wmo:0
dago,"Dago, Bandung",2026-09-14,32.73.02.1004,Dago,kelurahan,no,-6.889,107.61,Asia/Jakarta,"BMKG point: Dago, Coblong, Kota Bandung",14-09-2026,CMA,Open-Meteo / CMA GRAPES,03:00,2026-09-14 03:00:00,19.6,75.0,0.0,9.2,0.0,1.1312,Cerah,wmo:0
dago,"Dago, Bandung",2026-09-14,32.73.02.1004,Dago,kelurahan,no,-6.889,107.61,Asia/Jakarta,"BMKG point: Dago, Coblong, Kota Bandung",14-09-2026,CMA,Open-Meteo / CMA GRAPES,04:00,2026-09-14 04:00:00,19.5,77.0,0.0,9.7,0.0,1.1312,Cerah Berawan,wmo:1
dago,"Dago, Bandung",2026-09-14,32.73.02.1004,Dago,kelurahan,no,-6.889,107.61,Asia/Jakarta,"BMKG point: Dago, Coblong, Kota Bandung",14-09-2026,CMA,Open-Meteo / CMA GRAPES,05:00,2026-09-14 05:00:00,19.7,78.0,0.0,10.2,0.0,1.1312,Cerah Berawan,wmo:1
dago,"Dago, Bandung",2026-09-14,32.73.02.1004,Dago,kelurahan,no,-6.889,107.61,Asia/Jakarta,"BMKG point: Dago, Coblong, Kota Bandung",14-09-2026,CMA,Open-Meteo / CMA GRAPES,06:00,2026-09-14 06:00:00,20.1,79.0,0.0,10.9,0.0,1.1312,Cerah Berawan,wmo:1
dago,"Dago, Bandung",2026-09-14,32.73.02.1004,Dago,kelurahan,no,-6.889,107.61,Asia/Jakarta,"BMKG point: Dago, Coblong, Kota Bandung",14-09-2026,CMA,Open-Meteo / CMA GRAPES,07:00,2026-09-14 07:00:00,20.9,76.0,0.0,11.2,0.0,1.1312,Cerah Berawan,wmo:1
dago,"Dago, Bandung",2026-09-14,32.73.02.1004,Dago,kelurahan,no,-6.889,107.61,Asia/Jakarta,"BMKG point: Dago, Coblong, Kota Bandung",14-09-2026,CMA,Open-Meteo / CMA GRAPES,08:00,2026-09-14 08:00:00,22.2,68.0,0.0,11.7,0.0,1.1312,Cerah Berawan,wmo:1
dago,"Dago, Bandung",2026-09-14,32.73.02.1004,Dago,kelurahan,no,-6.889,107.61,Asia/Jakarta,"BMKG point: Dago, Coblong, Kota Bandung",14-09-2026,CMA,Open-Meteo / CMA GRAPES,09:00,2026-09-14 09:00:00,24.0,57.0,0.0,12.1,0.0,1.1312,Cerah Berawan,wmo:1
dago,"Dago, Bandung",2026-09-14,32.73.02.1004,Dago,kelurahan,no,-6.889,107.61,Asia/Jakarta,"BMKG point: Dago, Coblong, Kota Bandung",14-09-2026,CMA,Open-Meteo / CMA GRAPES,10:00,2026-09-14 10:00:00,25.5,48.0,0.0,12.9,0.0,1.1312,Cerah Berawan,wmo:1
dago,"Dago, Bandung",2026-09-14,32.73.02.1004,Dago,kelurahan,no,-6.889,107.61,Asia/Jakarta,"BMKG point: Dago, Coblong, Kota Bandung",14-09-2026,CMA,Open-Meteo / CMA GRAPES,11:00,2026-09-14 11:00:00,26.7,43.0,0.0,14.1,0.0,1.1312,Cerah Berawan,wmo:1
dago,"Dago, Bandung",2026-09-14,32.73.02.1004,Dago,kelurahan,no,-6.889,107.61,Asia/Jakarta,"BMKG point: Dago, Coblong, Kota Bandung",14-09-2026,CMA,Open-Meteo / CMA GRAPES,12:00,2026-09-14 12:00:00,27.7,40.0,0.0,15.5,0.0,1.1312,Cerah Berawan,wmo:1
dago,"Dago, Bandung",2026-09-14,32.73.02.1004,Dago,kelurahan,no,-6.889,107.61,Asia/Jakarta,"BMKG point: Dago, Coblong, Kota Bandung",14-09-2026,CMA,Open-Meteo / CMA GRAPES,13:00,2026-09-14 13:00:00,28.2,39.0,0.0,16.2,0.0,1.1312,Cerah Berawan,wmo:1
dago,"Dago, Bandung",2026-09-14,32.73.02.1004,Dago,kelurahan,no,-6.889,107.61,Asia/Jakarta,"BMKG point: Dago, Coblong, Kota Bandung",14-09-2026,CMA,Open-Meteo / CMA GRAPES,14:00,2026-09-14 14:00:00,28.3,39.0,0.0,16.2,0.0,1.1312,Cerah Berawan,wmo:1
dago,"Dago, Bandung",2026-09-14,32.73.02.1004,Dago,kelurahan,no,-6.889,107.61,Asia/Jakarta,"BMKG point: Dago, Coblong, Kota Bandung",14-09-2026,CMA,Open-Meteo / CMA GRAPES,15:00,2026-09-14 15:00:00,28.0,39.0,0.0,15.5,0.0,1.1312,Cerah Berawan,wmo:1
dago,"Dago, Bandung",2026-09-14,32.73.02.1004,Dago,kelurahan,no,-6.889,107.61,Asia/Jakarta,"BMKG point: Dago, Coblong, Kota Bandung",14-09-2026,CMA,Open-Meteo / CMA GRAPES,16:00,2026-09-14 16:00:00,27.2,41.0,0.0,14.1,0.0,1.1312,Cerah Berawan,wmo:1
dago,"Dago, Bandung",2026-09-14,32.73.02.1004,Dago,kelurahan,no,-6.889,107.61,Asia/Jakarta,"BMKG point: Dago, Coblong, Kota Bandung",14-09-2026,CMA,Open-Meteo / CMA GRAPES,17:00,2026-09-14 17:00:00,25.9,43.0,0.0,13.2,0.0,1.1312,Cerah,wmo:0
dago,"Dago, Bandung",2026-09-14,32.73.02.1004,Dago,kelurahan,no,-6.889,107.61,Asia/Jakarta,"BMKG point: Dago, Coblong, Kota Bandung",14-09-2026,CMA,Open-Meteo / CMA GRAPES,18:00,2026-09-14 18:00:00,24.1,47.0,0.0,14.0,0.0,1.1312,Cerah,wmo:0
dago,"Dago, Bandung",2026-09-14,32.73.02.1004,Dago,kelurahan,no,-6.889,107.61,Asia/Jakarta,"BMKG point: Dago, Coblong, Kota Bandung",14-09-2026,CMA,Open-Meteo / CMA GRAPES,19:00,2026-09-14 19:00:00,22.5,49.0,0.0,14.8,0.0,1.1312,Cerah,wmo:0
dago,"Dago, Bandung",2026-09-14,32.73.02.1004,Dago,kelurahan,no,-6.889,107.61,Asia/Jakarta,"BMKG point: Dago, Coblong, Kota Bandung",14-09-2026,CMA,Open-Meteo / CMA GRAPES,20:00,2026-09-14 20:00:00,21.4,50.0,0.0,13.4,0.0,1.1312,Cerah,wmo:0
dago,"Dago, Bandung",2026-09-14,32.73.02.1004,Dago,kelurahan,no,-6.889,107.61,Asia/Jakarta,"BMKG point: Dago, Coblong, Kota Bandung",14-09-2026,CMA,Open-Meteo / CMA GRAPES,21:00,2026-09-14 21:00:00,20.5,50.0,0.0,10.7,0.0,1.1312,Cerah,wmo:0
dago,"Dago, Bandung",2026-09-14,32.73.02.1004,Dago,kelurahan,no,-6.889,107.61,Asia/Jakarta,"BMKG point: Dago, Coblong, Kota Bandung",14-09-2026,CMA,Open-Meteo / CMA GRAPES,22:00,2026-09-14 22:00:00,19.7,50.0,0.0,9.0,0.0,1.1312,Cerah,wmo:0
dago,"Dago, Bandung",2026-09-14,32.73.02.1004,Dago,kelurahan,no,-6.889,107.61,Asia/Jakarta,"BMKG point: Dago, Coblong, Kota Bandung",14-09-2026,CMA,Open-Meteo / CMA GRAPES,23:00,2026-09-14 23:00:00,18.9,49.0,0.0,9.1,0.0,1.1312,Cerah,wmo:0
dago,"Dago, Bandung",2026-09-14,32.73.02.1004,Dago,kelurahan,no,-6.889,107.61,Asia/Jakarta,"BMKG point: Dago, Coblong, Kota Bandung",14-09-2026,ECMWF,Open-Meteo / ECMWF,00:00,2026-09-14 00:00:00,19.5,70.0,0.0,3.0,0.0,1.6812,Cerah Berawan,wmo:1
dago,"Dago, Bandung",2026-09-14,32.73.02.1004,Dago,kelurahan,no,-6.889,107.61,Asia/Jakarta,"BMKG point: Dago, Coblong, Kota Bandung",14-09-2026,ECMWF,Open-Meteo / ECMWF,01:00,2026-09-14 01:00:00,18.5,73.0,0.0,4.0,0.0,1.6812,Cerah Berawan,wmo:1
dago,"Dago, Bandung",2026-09-14,32.73.02.1004,Dago,kelurahan,no,-6.889,107.61,Asia/Jakarta,"BMKG point: Dago, Coblong, Kota Bandung",14-09-2026,ECMWF,Open-Meteo / ECMWF,02:00,2026-09-14 02:00:00,17.8,74.0,0.0,4.3,0.0,1.6812,Cerah,wmo:0
dago,"Dago, Bandung",2026-09-14,32.73.02.1004,Dago,kelurahan,no,-6.889,107.61,Asia/Jakarta,"BMKG point: Dago, Coblong, Kota Bandung",14-09-2026,ECMWF,Open-Meteo / ECMWF,03:00,2026-09-14 03:00:00,17.3,73.0,0.0,4.0,0.0,1.6812,Cerah,wmo:0
dago,"Dago, Bandung",2026-09-14,32.73.02.1004,Dago,kelurahan,no,-6.889,107.61,Asia/Jakarta,"BMKG point: Dago, Coblong, Kota Bandung",14-09-2026,ECMWF,Open-Meteo / ECMWF,04:00,2026-09-14 04:00:00,17.3,72.0,0.0,4.0,0.0,1.6812,Cerah,wmo:0
dago,"Dago, Bandung",2026-09-14,32.73.02.1004,Dago,kelurahan,no,-6.889,107.61,Asia/Jakarta,"BMKG point: Dago, Coblong, Kota Bandung",14-09-2026,ECMWF,Open-Meteo / ECMWF,05:00,2026-09-14 05:00:00,17.9,71.0,0.0,4.1,0.0,1.6812,Cerah,wmo:0
dago,"Dago, Bandung",2026-09-14,32.73.02.1004,Dago,kelurahan,no,-6.889,107.61,Asia/Jakarta,"BMKG point: Dago, Coblong, Kota Bandung",14-09-2026,ECMWF,Open-Meteo / ECMWF,06:00,2026-09-14 06:00:00,18.9,69.0,0.0,4.7,0.0,1.6812,Cerah,wmo:0
dago,"Dago, Bandung",2026-09-14,32.73.02.1004,Dago,kelurahan,no,-6.889,107.61,Asia/Jakarta,"BMKG point: Dago, Coblong, Kota Bandung",14-09-2026,ECMWF,Open-Meteo / ECMWF,07:00,2026-09-14 07:00:00,20.4,65.0,0.0,5.1,0.0,1.6812,Cerah Berawan,wmo:1
dago,"Dago, Bandung",2026-09-14,32.73.02.1004,Dago,kelurahan,no,-6.889,107.61,Asia/Jakarta,"BMKG point: Dago, Coblong, Kota Bandung",14-09-2026,ECMWF,Open-Meteo / ECMWF,08:00,2026-09-14 08:00:00,22.6,58.0,0.0,5.2,0.0,1.6812,Cerah,wmo:0
dago,"Dago, Bandung",2026-09-14,32.73.02.1004,Dago,kelurahan,no,-6.889,107.61,Asia/Jakarta,"BMKG point: Dago, Coblong, Kota Bandung",14-09-2026,ECMWF,Open-Meteo / ECMWF,09:00,2026-09-14 09:00:00,25.3,50.0,0.0,5.8,0.0,1.6812,Cerah,wmo:0
dago,"Dago, Bandung",2026-09-14,32.73.02.1004,Dago,kelurahan,no,-6.889,107.61,Asia/Jakarta,"BMKG point: Dago, Coblong, Kota Bandung",14-09-2026,ECMWF,Open-Meteo / ECMWF,10:00,2026-09-14 10:00:00,27.6,42.0,0.0,6.7,0.0,1.6812,Cerah,wmo:0
dago,"Dago, Bandung",2026-09-14,32.73.02.1004,Dago,kelurahan,no,-6.889,107.61,Asia/Jakarta,"BMKG point: Dago, Coblong, Kota Bandung",14-09-2026,ECMWF,Open-Meteo / ECMWF,11:00,2026-09-14 11:00:00,29.4,34.0,0.0,8.4,0.0,1.6812,Cerah,wmo:0
dago,"Dago, Bandung",2026-09-14,32.73.02.1004,Dago,kelurahan,no,-6.889,107.61,Asia/Jakarta,"BMKG point: Dago, Coblong, Kota Bandung",14-09-2026,ECMWF,Open-Meteo / ECMWF,12:00,2026-09-14 12:00:00,31.0,27.0,0.0,10.4,0.0,1.6812,Cerah,wmo:0
dago,"Dago, Bandung",2026-09-14,32.73.02.1004,Dago,kelurahan,no,-6.889,107.61,Asia/Jakarta,"BMKG point: Dago, Coblong, Kota Bandung",14-09-2026,ECMWF,Open-Meteo / ECMWF,13:00,2026-09-14 13:00:00,31.8,23.0,0.0,10.2,0.0,1.6812,Cerah,wmo:0
dago,"Dago, Bandung",2026-09-14,32.73.02.1004,Dago,kelurahan,no,-6.889,107.61,Asia/Jakarta,"BMKG point: Dago, Coblong, Kota Bandung",14-09-2026,ECMWF,Open-Meteo / ECMWF,14:00,2026-09-14 14:00:00,31.7,25.0,0.0,8.4,0.0,1.6812,Cerah,wmo:0
dago,"Dago, Bandung",2026-09-14,32.73.02.1004,Dago,kelurahan,no,-6.889,107.61,Asia/Jakarta,"BMKG point: Dago, Coblong, Kota Bandung",14-09-2026,ECMWF,Open-Meteo / ECMWF,15:00,2026-09-14 15:00:00,30.8,30.0,0.0,11.3,0.0,1.6812,Cerah,wmo:0
dago,"Dago, Bandung",2026-09-14,32.73.02.1004,Dago,kelurahan,no,-6.889,107.61,Asia/Jakarta,"BMKG point: Dago, Coblong, Kota Bandung",14-09-2026,ECMWF,Open-Meteo / ECMWF,16:00,2026-09-14 16:00:00,29.6,36.0,0.0,15.1,0.0,1.6812,Cerah,wmo:0
dago,"Dago, Bandung",2026-09-14,32.73.02.1004,Dago,kelurahan,no,-6.889,107.61,Asia/Jakarta,"BMKG point: Dago, Coblong, Kota Bandung",14-09-2026,ECMWF,Open-Meteo / ECMWF,17:00,2026-09-14 17:00:00,27.9,43.0,0.0,15.0,0.0,1.6812,Cerah Berawan,wmo:1
dago,"Dago, Bandung",2026-09-14,32.73.02.1004,Dago,kelurahan,no,-6.889,107.61,Asia/Jakarta,"BMKG point: Dago, Coblong, Kota Bandung",14-09-2026,ECMWF,Open-Meteo / ECMWF,18:00,2026-09-14 18:00:00,25.8,51.0,0.0,13.0,0.0,1.6812,Cerah Berawan,wmo:2
dago,"Dago, Bandung",2026-09-14,32.73.02.1004,Dago,kelurahan,no,-6.889,107.61,Asia/Jakarta,"BMKG point: Dago, Coblong, Kota Bandung",14-09-2026,ECMWF,Open-Meteo / ECMWF,19:00,2026-09-14 19:00:00,24.0,58.0,0.0,11.4,0.0,1.6812,Cerah Berawan,wmo:2
dago,"Dago, Bandung",2026-09-14,32.73.02.1004,Dago,kelurahan,no,-6.889,107.61,Asia/Jakarta,"BMKG point: Dago, Coblong, Kota Bandung",14-09-2026,ECMWF,Open-Meteo / ECMWF,20:00,2026-09-14 20:00:00,22.6,65.0,0.0,8.3,0.0,1.6812,Cerah Berawan,wmo:2
dago,"Dago, Bandung",2026-09-14,32.73.02.1004,Dago,kelurahan,no,-6.889,107.61,Asia/Jakarta,"BMKG point: Dago, Coblong, Kota Bandung",14-09-2026,ECMWF,Open-Meteo / ECMWF,21:00,2026-09-14 21:00:00,21.4,71.0,0.0,4.0,0.0,1.6812,Cerah Berawan,wmo:2
dago,"Dago, Bandung",2026-09-14,32.73.02.1004,Dago,kelurahan,no,-6.889,107.61,Asia/Jakarta,"BMKG point: Dago, Coblong, Kota Bandung",14-09-2026,ECMWF,Open-Meteo / ECMWF,22:00,2026-09-14 22:00:00,20.2,77.0,0.0,1.1,0.0,1.6812,Cerah Berawan,wmo:2
dago,"Dago, Bandung",2026-09-14,32.73.02.1004,Dago,kelurahan,no,-6.889,107.61,Asia/Jakarta,"BMKG point: Dago, Coblong, Kota Bandung",14-09-2026,ECMWF,Open-Meteo / ECMWF,23:00,2026-09-14 23:00:00,18.8,84.0,0.0,1.9,0.0,1.6812,Cerah Berawan,wmo:2
dago,"Dago, Bandung",2026-09-14,32.73.02.1004,Dago,kelurahan,no,-6.889,107.61,Asia/Jakarta,"BMKG point: Dago, Coblong, Kota Bandung",14-09-2026,GFS,Open-Meteo / NOAA GFS,00:00,2026-09-14 00:00:00,19.5,82.0,0.0,5.4,0.0,1.3778,Berawan,wmo:3
dago,"Dago, Bandung",2026-09-14,32.73.02.1004,Dago,kelurahan,no,-6.889,107.61,Asia/Jakarta,"BMKG point: Dago, Coblong, Kota Bandung",14-09-2026,GFS,Open-Meteo / NOAA GFS,01:00,2026-09-14 01:00:00,19.2,88.0,0.0,5.9,0.0,1.3778,Berawan,wmo:3
dago,"Dago, Bandung",2026-09-14,32.73.02.1004,Dago,kelurahan,no,-6.889,107.61,Asia/Jakarta,"BMKG point: Dago, Coblong, Kota Bandung",14-09-2026,GFS,Open-Meteo / NOAA GFS,02:00,2026-09-14 02:00:00,19.0,90.0,0.0,7.0,0.0,1.3778,Cerah Berawan,wmo:1
dago,"Dago, Bandung",2026-09-14,32.73.02.1004,Dago,kelurahan,no,-6.889,107.61,Asia/Jakarta,"BMKG point: Dago, Coblong, Kota Bandung",14-09-2026,GFS,Open-Meteo / NOAA GFS,03:00,2026-09-14 03:00:00,18.8,91.0,0.0,7.6,0.0,1.3778,Cerah,wmo:0
dago,"Dago, Bandung",2026-09-14,32.73.02.1004,Dago,kelurahan,no,-6.889,107.61,Asia/Jakarta,"BMKG point: Dago, Coblong, Kota Bandung",14-09-2026,GFS,Open-Meteo / NOAA GFS,04:00,2026-09-14 04:00:00,18.6,91.0,0.0,8.5,0.0,1.3778,Cerah,wmo:0
dago,"Dago, Bandung",2026-09-14,32.73.02.1004,Dago,kelurahan,no,-6.889,107.61,Asia/Jakarta,"BMKG point: Dago, Coblong, Kota Bandung",14-09-2026,GFS,Open-Meteo / NOAA GFS,05:00,2026-09-14 05:00:00,18.3,90.0,0.0,9.2,0.0,1.3778,Cerah,wmo:0
dago,"Dago, Bandung",2026-09-14,32.73.02.1004,Dago,kelurahan,no,-6.889,107.61,Asia/Jakarta,"BMKG point: Dago, Coblong, Kota Bandung",14-09-2026,GFS,Open-Meteo / NOAA GFS,06:00,2026-09-14 06:00:00,18.1,88.0,0.0,9.5,0.0,1.3778,Cerah Berawan,wmo:2
dago,"Dago, Bandung",2026-09-14,32.73.02.1004,Dago,kelurahan,no,-6.889,107.61,Asia/Jakarta,"BMKG point: Dago, Coblong, Kota Bandung",14-09-2026,GFS,Open-Meteo / NOAA GFS,07:00,2026-09-14 07:00:00,21.3,70.0,0.0,8.6,0.0,1.3778,Cerah,wmo:0
dago,"Dago, Bandung",2026-09-14,32.73.02.1004,Dago,kelurahan,no,-6.889,107.61,Asia/Jakarta,"BMKG point: Dago, Coblong, Kota Bandung",14-09-2026,GFS,Open-Meteo / NOAA GFS,08:00,2026-09-14 08:00:00,24.7,56.0,0.0,7.4,0.0,1.3778,Cerah,wmo:0
dago,"Dago, Bandung",2026-09-14,32.73.02.1004,Dago,kelurahan,no,-6.889,107.61,Asia/Jakarta,"BMKG point: Dago, Coblong, Kota Bandung",14-09-2026,GFS,Open-Meteo / NOAA GFS,09:00,2026-09-14 09:00:00,27.7,45.0,0.0,6.2,0.0,1.3778,Cerah,wmo:0
dago,"Dago, Bandung",2026-09-14,32.73.02.1004,Dago,kelurahan,no,-6.889,107.61,Asia/Jakarta,"BMKG point: Dago, Coblong, Kota Bandung",14-09-2026,GFS,Open-Meteo / NOAA GFS,10:00,2026-09-14 10:00:00,30.6,34.0,0.0,3.1,0.0,1.3778,Cerah,wmo:0
dago,"Dago, Bandung",2026-09-14,32.73.02.1004,Dago,kelurahan,no,-6.889,107.61,Asia/Jakarta,"BMKG point: Dago, Coblong, Kota Bandung",14-09-2026,GFS,Open-Meteo / NOAA GFS,11:00,2026-09-14 11:00:00,32.6,27.0,0.0,3.4,0.0,1.3778,Cerah,wmo:0
dago,"Dago, Bandung",2026-09-14,32.73.02.1004,Dago,kelurahan,no,-6.889,107.61,Asia/Jakarta,"BMKG point: Dago, Coblong, Kota Bandung",14-09-2026,GFS,Open-Meteo / NOAA GFS,12:00,2026-09-14 12:00:00,33.2,25.0,0.0,8.4,0.0,1.3778,Cerah Berawan,wmo:1
dago,"Dago, Bandung",2026-09-14,32.73.02.1004,Dago,kelurahan,no,-6.889,107.61,Asia/Jakarta,"BMKG point: Dago, Coblong, Kota Bandung",14-09-2026,GFS,Open-Meteo / NOAA GFS,13:00,2026-09-14 13:00:00,34.2,24.0,0.0,14.3,0.0,1.3778,Cerah,wmo:0
dago,"Dago, Bandung",2026-09-14,32.73.02.1004,Dago,kelurahan,no,-6.889,107.61,Asia/Jakarta,"BMKG point: Dago, Coblong, Kota Bandung",14-09-2026,GFS,Open-Meteo / NOAA GFS,14:00,2026-09-14 14:00:00,33.7,25.0,0.0,19.2,0.0,1.3778,Cerah,wmo:0
dago,"Dago, Bandung",2026-09-14,32.73.02.1004,Dago,kelurahan,no,-6.889,107.61,Asia/Jakarta,"BMKG point: Dago, Coblong, Kota Bandung",14-09-2026,GFS,Open-Meteo / NOAA GFS,15:00,2026-09-14 15:00:00,32.4,27.0,0.0,21.7,0.0,1.3778,Cerah Berawan,wmo:2
dago,"Dago, Bandung",2026-09-14,32.73.02.1004,Dago,kelurahan,no,-6.889,107.61,Asia/Jakarta,"BMKG point: Dago, Coblong, Kota Bandung",14-09-2026,GFS,Open-Meteo / NOAA GFS,16:00,2026-09-14 16:00:00,30.5,33.0,0.0,18.3,0.0,1.3778,Berawan,wmo:3
dago,"Dago, Bandung",2026-09-14,32.73.02.1004,Dago,kelurahan,no,-6.889,107.61,Asia/Jakarta,"BMKG point: Dago, Coblong, Kota Bandung",14-09-2026,GFS,Open-Meteo / NOAA GFS,17:00,2026-09-14 17:00:00,28.0,43.0,0.0,11.5,0.0,1.3778,Berawan,wmo:3
dago,"Dago, Bandung",2026-09-14,32.73.02.1004,Dago,kelurahan,no,-6.889,107.61,Asia/Jakarta,"BMKG point: Dago, Coblong, Kota Bandung",14-09-2026,GFS,Open-Meteo / NOAA GFS,18:00,2026-09-14 18:00:00,24.7,56.0,0.0,8.0,0.0,1.3778,Berawan,wmo:3
dago,"Dago, Bandung",2026-09-14,32.73.02.1004,Dago,kelurahan,no,-6.889,107.61,Asia/Jakarta,"BMKG point: Dago, Coblong, Kota Bandung",14-09-2026,GFS,Open-Meteo / NOAA GFS,19:00,2026-09-14 19:00:00,23.6,62.0,0.0,4.8,0.0,1.3778,Berawan,wmo:3
dago,"Dago, Bandung",2026-09-14,32.73.02.1004,Dago,kelurahan,no,-6.889,107.61,Asia/Jakarta,"BMKG point: Dago, Coblong, Kota Bandung",14-09-2026,GFS,Open-Meteo / NOAA GFS,20:00,2026-09-14 20:00:00,22.9,66.0,0.0,2.6,0.0,1.3778,Berawan,wmo:3
dago,"Dago, Bandung",2026-09-14,32.73.02.1004,Dago,kelurahan,no,-6.889,107.61,Asia/Jakarta,"BMKG point: Dago, Coblong, Kota Bandung",14-09-2026,GFS,Open-Meteo / NOAA GFS,21:00,2026-09-14 21:00:00,21.7,71.0,0.0,3.3,0.0,1.3778,Berawan,wmo:3
dago,"Dago, Bandung",2026-09-14,32.73.02.1004,Dago,kelurahan,no,-6.889,107.61,Asia/Jakarta,"BMKG point: Dago, Coblong, Kota Bandung",14-09-2026,GFS,Open-Meteo / NOAA GFS,22:00,2026-09-14 22:00:00,21.1,73.0,0.0,4.9,0.0,1.3778,Cerah Berawan,wmo:2
dago,"Dago, Bandung",2026-09-14,32.73.02.1004,Dago,kelurahan,no,-6.889,107.61,Asia/Jakarta,"BMKG point: Dago, Coblong, Kota Bandung",14-09-2026,GFS,Open-Meteo / NOAA GFS,23:00,2026-09-14 23:00:00,20.6,75.0,0.0,6.6,0.0,1.3778,Cerah Berawan,wmo:1
dago,"Dago, Bandung",2026-09-14,32.73.02.1004,Dago,kelurahan,no,-6.889,107.61,Asia/Jakarta,"BMKG point: Dago, Coblong, Kota Bandung",14-09-2026,ICON,Open-Meteo / DWD ICON,00:00,2026-09-14 00:00:00,19.7,92.0,0.0,2.8,0.0,1.4638,Cerah,wmo:0
dago,"Dago, Bandung",2026-09-14,32.73.02.1004,Dago,kelurahan,no,-6.889,107.61,Asia/Jakarta,"BMKG point: Dago, Coblong, Kota Bandung",14-09-2026,ICON,Open-Meteo / DWD ICON,01:00,2026-09-14 01:00:00,19.0,95.0,0.0,3.1,0.0,1.4638,Cerah,wmo:0
dago,"Dago, Bandung",2026-09-14,32.73.02.1004,Dago,kelurahan,no,-6.889,107.61,Asia/Jakarta,"BMKG point: Dago, Coblong, Kota Bandung",14-09-2026,ICON,Open-Meteo / DWD ICON,02:00,2026-09-14 02:00:00,18.5,96.0,0.0,3.4,0.0,1.4638,Berawan,wmo:45
dago,"Dago, Bandung",2026-09-14,32.73.02.1004,Dago,kelurahan,no,-6.889,107.61,Asia/Jakarta,"BMKG point: Dago, Coblong, Kota Bandung",14-09-2026,ICON,Open-Meteo / DWD ICON,03:00,2026-09-14 03:00:00,18.1,96.0,0.0,3.1,0.0,1.4638,Berawan,wmo:45
dago,"Dago, Bandung",2026-09-14,32.73.02.1004,Dago,kelurahan,no,-6.889,107.61,Asia/Jakarta,"BMKG point: Dago, Coblong, Kota Bandung",14-09-2026,ICON,Open-Meteo / DWD ICON,04:00,2026-09-14 04:00:00,17.7,96.0,0.0,3.3,0.0,1.4638,Berawan,wmo:45
dago,"Dago, Bandung",2026-09-14,32.73.02.1004,Dago,kelurahan,no,-6.889,107.61,Asia/Jakarta,"BMKG point: Dago, Coblong, Kota Bandung",14-09-2026,ICON,Open-Meteo / DWD ICON,05:00,2026-09-14 05:00:00,17.3,96.0,0.0,3.6,0.0,1.4638,Berawan,wmo:45
dago,"Dago, Bandung",2026-09-14,32.73.02.1004,Dago,kelurahan,no,-6.889,107.61,Asia/Jakarta,"BMKG point: Dago, Coblong, Kota Bandung",14-09-2026,ICON,Open-Meteo / DWD ICON,06:00,2026-09-14 06:00:00,17.0,96.0,0.0,3.6,0.0,1.4638,Berawan,wmo:45
dago,"Dago, Bandung",2026-09-14,32.73.02.1004,Dago,kelurahan,no,-6.889,107.61,Asia/Jakarta,"BMKG point: Dago, Coblong, Kota Bandung",14-09-2026,ICON,Open-Meteo / DWD ICON,07:00,2026-09-14 07:00:00,18.7,91.0,0.0,2.8,0.0,1.4638,Cerah,wmo:0
dago,"Dago, Bandung",2026-09-14,32.73.02.1004,Dago,kelurahan,no,-6.889,107.61,Asia/Jakarta,"BMKG point: Dago, Coblong, Kota Bandung",14-09-2026,ICON,Open-Meteo / DWD ICON,08:00,2026-09-14 08:00:00,22.0,76.0,0.0,4.4,0.0,1.4638,Cerah,wmo:0
dago,"Dago, Bandung",2026-09-14,32.73.02.1004,Dago,kelurahan,no,-6.889,107.61,Asia/Jakarta,"BMKG point: Dago, Coblong, Kota Bandung",14-09-2026,ICON,Open-Meteo / DWD ICON,09:00,2026-09-14 09:00:00,25.2,62.0,0.0,6.7,0.0,1.4638,Cerah,wmo:0
dago,"Dago, Bandung",2026-09-14,32.73.02.1004,Dago,kelurahan,no,-6.889,107.61,Asia/Jakarta,"BMKG point: Dago, Coblong, Kota Bandung",14-09-2026,ICON,Open-Meteo / DWD ICON,10:00,2026-09-14 10:00:00,28.2,47.0,0.0,8.4,0.0,1.4638,Cerah,wmo:0
dago,"Dago, Bandung",2026-09-14,32.73.02.1004,Dago,kelurahan,no,-6.889,107.61,Asia/Jakarta,"BMKG point: Dago, Coblong, Kota Bandung",14-09-2026,ICON,Open-Meteo / DWD ICON,11:00,2026-09-14 11:00:00,30.3,35.0,0.0,10.7,0.0,1.4638,Cerah,wmo:0
dago,"Dago, Bandung",2026-09-14,32.73.02.1004,Dago,kelurahan,no,-6.889,107.61,Asia/Jakarta,"BMKG point: Dago, Coblong, Kota Bandung",14-09-2026,ICON,Open-Meteo / DWD ICON,12:00,2026-09-14 12:00:00,31.4,31.0,0.0,10.8,0.0,1.4638,Cerah,wmo:0
dago,"Dago, Bandung",2026-09-14,32.73.02.1004,Dago,kelurahan,no,-6.889,107.61,Asia/Jakarta,"BMKG point: Dago, Coblong, Kota Bandung",14-09-2026,ICON,Open-Meteo / DWD ICON,13:00,2026-09-14 13:00:00,32.2,28.0,0.0,10.3,0.0,1.4638,Cerah,wmo:0
dago,"Dago, Bandung",2026-09-14,32.73.02.1004,Dago,kelurahan,no,-6.889,107.61,Asia/Jakarta,"BMKG point: Dago, Coblong, Kota Bandung",14-09-2026,ICON,Open-Meteo / DWD ICON,14:00,2026-09-14 14:00:00,32.6,27.0,0.0,11.3,0.0,1.4638,Cerah,wmo:0
dago,"Dago, Bandung",2026-09-14,32.73.02.1004,Dago,kelurahan,no,-6.889,107.61,Asia/Jakarta,"BMKG point: Dago, Coblong, Kota Bandung",14-09-2026,ICON,Open-Meteo / DWD ICON,15:00,2026-09-14 15:00:00,32.5,25.0,0.0,12.2,0.0,1.4638,Cerah,wmo:0
dago,"Dago, Bandung",2026-09-14,32.73.02.1004,Dago,kelurahan,no,-6.889,107.61,Asia/Jakarta,"BMKG point: Dago, Coblong, Kota Bandung",14-09-2026,ICON,Open-Meteo / DWD ICON,16:00,2026-09-14 16:00:00,31.6,27.0,0.0,13.2,0.0,1.4638,Cerah Berawan,wmo:2
dago,"Dago, Bandung",2026-09-14,32.73.02.1004,Dago,kelurahan,no,-6.889,107.61,Asia/Jakarta,"BMKG point: Dago, Coblong, Kota Bandung",14-09-2026,ICON,Open-Meteo / DWD ICON,17:00,2026-09-14 17:00:00,29.8,35.0,0.0,13.0,0.0,1.4638,Cerah Berawan,wmo:1
dago,"Dago, Bandung",2026-09-14,32.73.02.1004,Dago,kelurahan,no,-6.889,107.61,Asia/Jakarta,"BMKG point: Dago, Coblong, Kota Bandung",14-09-2026,ICON,Open-Meteo / DWD ICON,18:00,2026-09-14 18:00:00,27.4,45.0,0.0,6.8,0.0,1.4638,Cerah,wmo:0
dago,"Dago, Bandung",2026-09-14,32.73.02.1004,Dago,kelurahan,no,-6.889,107.61,Asia/Jakarta,"BMKG point: Dago, Coblong, Kota Bandung",14-09-2026,ICON,Open-Meteo / DWD ICON,19:00,2026-09-14 19:00:00,25.3,53.0,0.0,2.7,0.0,1.4638,Cerah Berawan,wmo:1
dago,"Dago, Bandung",2026-09-14,32.73.02.1004,Dago,kelurahan,no,-6.889,107.61,Asia/Jakarta,"BMKG point: Dago, Coblong, Kota Bandung",14-09-2026,ICON,Open-Meteo / DWD ICON,20:00,2026-09-14 20:00:00,23.3,60.0,0.0,3.4,0.0,1.4638,Cerah Berawan,wmo:1
dago,"Dago, Bandung",2026-09-14,32.73.02.1004,Dago,kelurahan,no,-6.889,107.61,Asia/Jakarta,"BMKG point: Dago, Coblong, Kota Bandung",14-09-2026,ICON,Open-Meteo / DWD ICON,21:00,2026-09-14 21:00:00,21.1,65.0,0.0,4.0,0.0,1.4638,Cerah,wmo:0
dago,"Dago, Bandung",2026-09-14,32.73.02.1004,Dago,kelurahan,no,-6.889,107.61,Asia/Jakarta,"BMKG point: Dago, Coblong, Kota Bandung",14-09-2026,ICON,Open-Meteo / DWD ICON,22:00,2026-09-14 22:00:00,19.4,67.0,0.0,3.9,0.0,1.4638,Cerah,wmo:0
dago,"Dago, Bandung",2026-09-14,32.73.02.1004,Dago,kelurahan,no,-6.889,107.61,Asia/Jakarta,"BMKG point: Dago, Coblong, Kota Bandung",14-09-2026,ICON,Open-Meteo / DWD ICON,23:00,2026-09-14 23:00:00,18.1,68.0,0.0,3.7,0.0,1.4638,Cerah,wmo:0
dago,"Dago, Bandung",2026-09-14,32.73.02.1004,Dago,kelurahan,no,-6.889,107.61,Asia/Jakarta,"BMKG point: Dago, Coblong, Kota Bandung",14-09-2026,KMA,Open-Meteo / KMA,00:00,2026-09-14 00:00:00,,,,,0.0,0.5396,Berawan,wmo:None
dago,"Dago, Bandung",2026-09-14,32.73.02.1004,Dago,kelurahan,no,-6.889,107.61,Asia/Jakarta,"BMKG point: Dago, Coblong, Kota Bandung",14-09-2026,KMA,Open-Meteo / KMA,01:00,2026-09-14 01:00:00,,,,,0.0,0.5396,Berawan,wmo:None
dago,"Dago, Bandung",2026-09-14,32.73.02.1004,Dago,kelurahan,no,-6.889,107.61,Asia/Jakarta,"BMKG point: Dago, Coblong, Kota Bandung",14-09-2026,KMA,Open-Meteo / KMA,02:00,2026-09-14 02:00:00,,,,,0.0,0.5396,Berawan,wmo:None
dago,"Dago, Bandung",2026-09-14,32.73.02.1004,Dago,kelurahan,no,-6.889,107.61,Asia/Jakarta,"BMKG point: Dago, Coblong, Kota Bandung",14-09-2026,KMA,Open-Meteo / KMA,03:00,2026-09-14 03:00:00,,,,,0.0,0.5396,Berawan,wmo:None
dago,"Dago, Bandung",2026-09-14,32.73.02.1004,Dago,kelurahan,no,-6.889,107.61,Asia/Jakarta,"BMKG point: Dago, Coblong, Kota Bandung",14-09-2026,KMA,Open-Meteo / KMA,04:00,2026-09-14 04:00:00,,,,,0.0,0.5396,Berawan,wmo:None
dago,"Dago, Bandung",2026-09-14,32.73.02.1004,Dago,kelurahan,no,-6.889,107.61,Asia/Jakarta,"BMKG point: Dago, Coblong, Kota Bandung",14-09-2026,KMA,Open-Meteo / KMA,05:00,2026-09-14 05:00:00,,,,,0.0,0.5396,Berawan,wmo:None
dago,"Dago, Bandung",2026-09-14,32.73.02.1004,Dago,kelurahan,no,-6.889,107.61,Asia/Jakarta,"BMKG point: Dago, Coblong, Kota Bandung",14-09-2026,KMA,Open-Meteo / KMA,06:00,2026-09-14 06:00:00,,,,,0.0,0.5396,Berawan,wmo:None
dago,"Dago, Bandung",2026-09-14,32.73.02.1004,Dago,kelurahan,no,-6.889,107.61,Asia/Jakarta,"BMKG point: Dago, Coblong, Kota Bandung",14-09-2026,KMA,Open-Meteo / KMA,07:00,2026-09-14 07:00:00,,,,,0.0,0.5396,Berawan,wmo:None
dago,"Dago, Bandung",2026-09-14,32.73.02.1004,Dago,kelurahan,no,-6.889,107.61,Asia/Jakarta,"BMKG point: Dago, Coblong, Kota Bandung",14-09-2026,KMA,Open-Meteo / KMA,08:00,2026-09-14 08:00:00,,,,,0.0,0.5396,Berawan,wmo:None
dago,"Dago, Bandung",2026-09-14,32.73.02.1004,Dago,kelurahan,no,-6.889,107.61,Asia/Jakarta,"BMKG point: Dago, Coblong, Kota Bandung",14-09-2026,KMA,Open-Meteo / KMA,09:00,2026-09-14 09:00:00,,,,,0.0,0.5396,Berawan,wmo:None
dago,"Dago, Bandung",2026-09-14,32.73.02.1004,Dago,kelurahan,no,-6.889,107.61,Asia/Jakarta,"BMKG point: Dago, Coblong, Kota Bandung",14-09-2026,KMA,Open-Meteo / KMA,10:00,2026-09-14 10:00:00,,,,,0.0,0.5396,Berawan,wmo:None
dago,"Dago, Bandung",2026-09-14,32.73.02.1004,Dago,kelurahan,no,-6.889,107.61,Asia/Jakarta,"BMKG point: Dago, Coblong, Kota Bandung",14-09-2026,KMA,Open-Meteo / KMA,11:00,2026-09-14 11:00:00,,,,,0.0,0.5396,Berawan,wmo:None
dago,"Dago, Bandung",2026-09-14,32.73.02.1004,Dago,kelurahan,no,-6.889,107.61,Asia/Jakarta,"BMKG point: Dago, Coblong, Kota Bandung",14-09-2026,KMA,Open-Meteo / KMA,12:00,2026-09-14 12:00:00,,,,,0.0,0.5396,Berawan,wmo:None
dago,"Dago, Bandung",2026-09-14,32.73.02.1004,Dago,kelurahan,no,-6.889,107.61,Asia/Jakarta,"BMKG point: Dago, Coblong, Kota Bandung",14-09-2026,KMA,Open-Meteo / KMA,13:00,2026-09-14 13:00:00,,,,,0.0,0.5396,Berawan,wmo:None
dago,"Dago, Bandung",2026-09-14,32.73.02.1004,Dago,kelurahan,no,-6.889,107.61,Asia/Jakarta,"BMKG point: Dago, Coblong, Kota Bandung",14-09-2026,KMA,Open-Meteo / KMA,14:00,2026-09-14 14:00:00,,,,,0.0,0.5396,Berawan,wmo:None
dago,"Dago, Bandung",2026-09-14,32.73.02.1004,Dago,kelurahan,no,-6.889,107.61,Asia/Jakarta,"BMKG point: Dago, Coblong, Kota Bandung",14-09-2026,KMA,Open-Meteo / KMA,15:00,2026-09-14 15:00:00,,,,,0.0,0.5396,Berawan,wmo:None
dago,"Dago, Bandung",2026-09-14,32.73.02.1004,Dago,kelurahan,no,-6.889,107.61,Asia/Jakarta,"BMKG point: Dago, Coblong, Kota Bandung",14-09-2026,KMA,Open-Meteo / KMA,16:00,2026-09-14 16:00:00,,,,,0.0,0.5396,Berawan,wmo:None
dago,"Dago, Bandung",2026-09-14,32.73.02.1004,Dago,kelurahan,no,-6.889,107.61,Asia/Jakarta,"BMKG point: Dago, Coblong, Kota Bandung",14-09-2026,KMA,Open-Meteo / KMA,17:00,2026-09-14 17:00:00,,,,,0.0,0.5396,Berawan,wmo:None
dago,"Dago, Bandung",2026-09-14,32.73.02.1004,Dago,kelurahan,no,-6.889,107.61,Asia/Jakarta,"BMKG point: Dago, Coblong, Kota Bandung",14-09-2026,KMA,Open-Meteo / KMA,18:00,2026-09-14 18:00:00,,,,,0.0,0.5396,Berawan,wmo:None
dago,"Dago, Bandung",2026-09-14,32.73.02.1004,Dago,kelurahan,no,-6.889,107.61,Asia/Jakarta,"BMKG point: Dago, Coblong, Kota Bandung",14-09-2026,KMA,Open-Meteo / KMA,19:00,2026-09-14 19:00:00,,,,,0.0,0.5396,Berawan,wmo:None
dago,"Dago, Bandung",2026-09-14,32.73.02.1004,Dago,kelurahan,no,-6.889,107.61,Asia/Jakarta,"BMKG point: Dago, Coblong, Kota Bandung",14-09-2026,KMA,Open-Meteo / KMA,20:00,2026-09-14 20:00:00,,,,,0.0,0.5396,Berawan,wmo:None
dago,"Dago, Bandung",2026-09-14,32.73.02.1004,Dago,kelurahan,no,-6.889,107.61,Asia/Jakarta,"BMKG point: Dago, Coblong, Kota Bandung",14-09-2026,KMA,Open-Meteo / KMA,21:00,2026-09-14 21:00:00,,,,,0.0,0.5396,Berawan,wmo:None
dago,"Dago, Bandung",2026-09-14,32.73.02.1004,Dago,kelurahan,no,-6.889,107.61,Asia/Jakarta,"BMKG point: Dago, Coblong, Kota Bandung",14-09-2026,KMA,Open-Meteo / KMA,22:00,2026-09-14 22:00:00,,,,,0.0,0.5396,Berawan,wmo:None
dago,"Dago, Bandung",2026-09-14,32.73.02.1004,Dago,kelurahan,no,-6.889,107.61,Asia/Jakarta,"BMKG point: Dago, Coblong, Kota Bandung",14-09-2026,KMA,Open-Meteo / KMA,23:00,2026-09-14 23:00:00,,,,,0.0,0.5396,Berawan,wmo:None
dago,"Dago, Bandung",2026-09-14,32.73.02.1004,Dago,kelurahan,no,-6.889,107.61,Asia/Jakarta,"BMKG point: Dago, Coblong, Kota Bandung",14-09-2026,METEOFRANCE,Open-Meteo / Meteo-France,00:00,2026-09-14 00:00:00,25.2,68.0,0.0,0.4,0.0,1.5014,Cerah Berawan,wmo:1
dago,"Dago, Bandung",2026-09-14,32.73.02.1004,Dago,kelurahan,no,-6.889,107.61,Asia/Jakarta,"BMKG point: Dago, Coblong, Kota Bandung",14-09-2026,METEOFRANCE,Open-Meteo / Meteo-France,01:00,2026-09-14 01:00:00,24.6,70.0,0.0,1.8,0.0,1.5014,Cerah Berawan,wmo:1
dago,"Dago, Bandung",2026-09-14,32.73.02.1004,Dago,kelurahan,no,-6.889,107.61,Asia/Jakarta,"BMKG point: Dago, Coblong, Kota Bandung",14-09-2026,METEOFRANCE,Open-Meteo / Meteo-France,02:00,2026-09-14 02:00:00,24.3,71.0,0.0,2.6,0.0,1.5014,Cerah Berawan,wmo:1
dago,"Dago, Bandung",2026-09-14,32.73.02.1004,Dago,kelurahan,no,-6.889,107.61,Asia/Jakarta,"BMKG point: Dago, Coblong, Kota Bandung",14-09-2026,METEOFRANCE,Open-Meteo / Meteo-France,03:00,2026-09-14 03:00:00,23.9,72.0,0.0,3.2,0.0,1.5014,Cerah Berawan,wmo:1
dago,"Dago, Bandung",2026-09-14,32.73.02.1004,Dago,kelurahan,no,-6.889,107.61,Asia/Jakarta,"BMKG point: Dago, Coblong, Kota Bandung",14-09-2026,METEOFRANCE,Open-Meteo / Meteo-France,04:00,2026-09-14 04:00:00,23.7,73.0,0.0,3.2,0.0,1.5014,Cerah Berawan,wmo:2
dago,"Dago, Bandung",2026-09-14,32.73.02.1004,Dago,kelurahan,no,-6.889,107.61,Asia/Jakarta,"BMKG point: Dago, Coblong, Kota Bandung",14-09-2026,METEOFRANCE,Open-Meteo / Meteo-France,05:00,2026-09-14 05:00:00,23.4,74.0,0.0,3.5,0.0,1.5014,Cerah Berawan,wmo:2
dago,"Dago, Bandung",2026-09-14,32.73.02.1004,Dago,kelurahan,no,-6.889,107.61,Asia/Jakarta,"BMKG point: Dago, Coblong, Kota Bandung",14-09-2026,METEOFRANCE,Open-Meteo / Meteo-France,06:00,2026-09-14 06:00:00,23.2,75.0,0.0,3.9,0.0,1.5014,Cerah Berawan,wmo:2
dago,"Dago, Bandung",2026-09-14,32.73.02.1004,Dago,kelurahan,no,-6.889,107.61,Asia/Jakarta,"BMKG point: Dago, Coblong, Kota Bandung",14-09-2026,METEOFRANCE,Open-Meteo / Meteo-France,07:00,2026-09-14 07:00:00,24.5,73.0,0.0,4.0,0.0,1.5014,Cerah Berawan,wmo:1
dago,"Dago, Bandung",2026-09-14,32.73.02.1004,Dago,kelurahan,no,-6.889,107.61,Asia/Jakarta,"BMKG point: Dago, Coblong, Kota Bandung",14-09-2026,METEOFRANCE,Open-Meteo / Meteo-France,08:00,2026-09-14 08:00:00,27.2,61.0,0.0,3.5,0.0,1.5014,Cerah Berawan,wmo:1
dago,"Dago, Bandung",2026-09-14,32.73.02.1004,Dago,kelurahan,no,-6.889,107.61,Asia/Jakarta,"BMKG point: Dago, Coblong, Kota Bandung",14-09-2026,METEOFRANCE,Open-Meteo / Meteo-France,09:00,2026-09-14 09:00:00,29.6,47.0,0.0,3.5,0.0,1.5014,Cerah Berawan,wmo:1
dago,"Dago, Bandung",2026-09-14,32.73.02.1004,Dago,kelurahan,no,-6.889,107.61,Asia/Jakarta,"BMKG point: Dago, Coblong, Kota Bandung",14-09-2026,METEOFRANCE,Open-Meteo / Meteo-France,10:00,2026-09-14 10:00:00,31.9,36.0,0.0,5.1,0.0,1.5014,Cerah,wmo:0
dago,"Dago, Bandung",2026-09-14,32.73.02.1004,Dago,kelurahan,no,-6.889,107.61,Asia/Jakarta,"BMKG point: Dago, Coblong, Kota Bandung",14-09-2026,METEOFRANCE,Open-Meteo / Meteo-France,11:00,2026-09-14 11:00:00,33.5,29.0,0.0,6.1,0.0,1.5014,Cerah Berawan,wmo:1
dago,"Dago, Bandung",2026-09-14,32.73.02.1004,Dago,kelurahan,no,-6.889,107.61,Asia/Jakarta,"BMKG point: Dago, Coblong, Kota Bandung",14-09-2026,METEOFRANCE,Open-Meteo / Meteo-France,12:00,2026-09-14 12:00:00,34.8,25.0,0.0,6.6,0.0,1.5014,Cerah Berawan,wmo:1
dago,"Dago, Bandung",2026-09-14,32.73.02.1004,Dago,kelurahan,no,-6.889,107.61,Asia/Jakarta,"BMKG point: Dago, Coblong, Kota Bandung",14-09-2026,METEOFRANCE,Open-Meteo / Meteo-France,13:00,2026-09-14 13:00:00,35.6,23.0,0.0,7.1,0.0,1.5014,Cerah Berawan,wmo:1
dago,"Dago, Bandung",2026-09-14,32.73.02.1004,Dago,kelurahan,no,-6.889,107.61,Asia/Jakarta,"BMKG point: Dago, Coblong, Kota Bandung",14-09-2026,METEOFRANCE,Open-Meteo / Meteo-France,14:00,2026-09-14 14:00:00,36.0,23.0,0.0,8.0,0.0,1.5014,Cerah Berawan,wmo:2
dago,"Dago, Bandung",2026-09-14,32.73.02.1004,Dago,kelurahan,no,-6.889,107.61,Asia/Jakarta,"BMKG point: Dago, Coblong, Kota Bandung",14-09-2026,METEOFRANCE,Open-Meteo / Meteo-France,15:00,2026-09-14 15:00:00,35.8,25.0,0.0,9.7,0.0,1.5014,Cerah Berawan,wmo:2
dago,"Dago, Bandung",2026-09-14,32.73.02.1004,Dago,kelurahan,no,-6.889,107.61,Asia/Jakarta,"BMKG point: Dago, Coblong, Kota Bandung",14-09-2026,METEOFRANCE,Open-Meteo / Meteo-France,16:00,2026-09-14 16:00:00,34.9,28.0,0.0,11.0,0.0,1.5014,Berawan,wmo:3
dago,"Dago, Bandung",2026-09-14,32.73.02.1004,Dago,kelurahan,no,-6.889,107.61,Asia/Jakarta,"BMKG point: Dago, Coblong, Kota Bandung",14-09-2026,METEOFRANCE,Open-Meteo / Meteo-France,17:00,2026-09-14 17:00:00,33.4,32.0,0.0,11.4,0.0,1.5014,Berawan,wmo:3
dago,"Dago, Bandung",2026-09-14,32.73.02.1004,Dago,kelurahan,no,-6.889,107.61,Asia/Jakarta,"BMKG point: Dago, Coblong, Kota Bandung",14-09-2026,METEOFRANCE,Open-Meteo / Meteo-France,18:00,2026-09-14 18:00:00,31.3,40.0,0.0,10.8,0.0,1.5014,Berawan,wmo:3
dago,"Dago, Bandung",2026-09-14,32.73.02.1004,Dago,kelurahan,no,-6.889,107.61,Asia/Jakarta,"BMKG point: Dago, Coblong, Kota Bandung",14-09-2026,METEOFRANCE,Open-Meteo / Meteo-France,19:00,2026-09-14 19:00:00,29.5,50.0,0.0,9.1,0.0,1.5014,Cerah Berawan,wmo:2
dago,"Dago, Bandung",2026-09-14,32.73.02.1004,Dago,kelurahan,no,-6.889,107.61,Asia/Jakarta,"BMKG point: Dago, Coblong, Kota Bandung",14-09-2026,METEOFRANCE,Open-Meteo / Meteo-France,20:00,2026-09-14 20:00:00,28.2,58.0,0.0,6.7,0.0,1.5014,Cerah Berawan,wmo:2
dago,"Dago, Bandung",2026-09-14,32.73.02.1004,Dago,kelurahan,no,-6.889,107.61,Asia/Jakarta,"BMKG point: Dago, Coblong, Kota Bandung",14-09-2026,METEOFRANCE,Open-Meteo / Meteo-France,21:00,2026-09-14 21:00:00,27.2,64.0,0.0,4.3,0.0,1.5014,Cerah Berawan,wmo:2
dago,"Dago, Bandung",2026-09-14,32.73.02.1004,Dago,kelurahan,no,-6.889,107.61,Asia/Jakarta,"BMKG point: Dago, Coblong, Kota Bandung",14-09-2026,METEOFRANCE,Open-Meteo / Meteo-France,22:00,2026-09-14 22:00:00,26.6,67.0,0.0,2.9,0.0,1.5014,Cerah Berawan,wmo:2
dago,"Dago, Bandung",2026-09-14,32.73.02.1004,Dago,kelurahan,no,-6.889,107.61,Asia/Jakarta,"BMKG point: Dago, Coblong, Kota Bandung",14-09-2026,METEOFRANCE,Open-Meteo / Meteo-France,23:00,2026-09-14 23:00:00,26.1,69.0,0.0,1.5,0.0,1.5014,Cerah Berawan,wmo:2
dago,"Dago, Bandung",2026-09-14,32.73.02.1004,Dago,kelurahan,no,-6.889,107.61,Asia/Jakarta,"BMKG point: Dago, Coblong, Kota Bandung",14-09-2026,METNO,MET Norway,00:00,2026-09-14 00:00:00,20.5,76.6,0.0,7.92,0.0,1.3267,Cerah Berawan,partlycloudy_night
dago,"Dago, Bandung",2026-09-14,32.73.02.1004,Dago,kelurahan,no,-6.889,107.61,Asia/Jakarta,"BMKG point: Dago, Coblong, Kota Bandung",14-09-2026,METNO,MET Norway,01:00,2026-09-14 01:00:00,20.2,75.5,0.0,5.4,0.0,1.3267,Cerah Berawan,partlycloudy_night
dago,"Dago, Bandung",2026-09-14,32.73.02.1004,Dago,kelurahan,no,-6.889,107.61,Asia/Jakarta,"BMKG point: Dago, Coblong, Kota Bandung",14-09-2026,METNO,MET Norway,02:00,2026-09-14 02:00:00,19.7,76.8,0.0,5.76,0.0,1.3267,Cerah,clearsky_night
dago,"Dago, Bandung",2026-09-14,32.73.02.1004,Dago,kelurahan,no,-6.889,107.61,Asia/Jakarta,"BMKG point: Dago, Coblong, Kota Bandung",14-09-2026,METNO,MET Norway,03:00,2026-09-14 03:00:00,19.1,78.8,0.0,5.76,0.0,1.3267,Cerah,clearsky_night
dago,"Dago, Bandung",2026-09-14,32.73.02.1004,Dago,kelurahan,no,-6.889,107.61,Asia/Jakarta,"BMKG point: Dago, Coblong, Kota Bandung",14-09-2026,METNO,MET Norway,04:00,2026-09-14 04:00:00,18.6,79.9,0.0,5.4,0.0,1.3267,Cerah,clearsky_night
dago,"Dago, Bandung",2026-09-14,32.73.02.1004,Dago,kelurahan,no,-6.889,107.61,Asia/Jakarta,"BMKG point: Dago, Coblong, Kota Bandung",14-09-2026,METNO,MET Norway,05:00,2026-09-14 05:00:00,18.3,80.3,0.0,5.04,0.0,1.3267,Cerah Berawan,fair_night
dago,"Dago, Bandung",2026-09-14,32.73.02.1004,Dago,kelurahan,no,-6.889,107.61,Asia/Jakarta,"BMKG point: Dago, Coblong, Kota Bandung",14-09-2026,METNO,MET Norway,06:00,2026-09-14 06:00:00,18.1,81.3,0.0,5.4,0.0,1.3267,Cerah Berawan,fair_day
dago,"Dago, Bandung",2026-09-14,32.73.02.1004,Dago,kelurahan,no,-6.889,107.61,Asia/Jakarta,"BMKG point: Dago, Coblong, Kota Bandung",14-09-2026,METNO,MET Norway,07:00,2026-09-14 07:00:00,20.1,74.6,0.0,6.48,0.0,1.3267,Cerah,clearsky_day
dago,"Dago, Bandung",2026-09-14,32.73.02.1004,Dago,kelurahan,no,-6.889,107.61,Asia/Jakarta,"BMKG point: Dago, Coblong, Kota Bandung",14-09-2026,METNO,MET Norway,08:00,2026-09-14 08:00:00,22.7,64.7,0.0,7.2,0.0,1.3267,Cerah,clearsky_day
dago,"Dago, Bandung",2026-09-14,32.73.02.1004,Dago,kelurahan,no,-6.889,107.61,Asia/Jakarta,"BMKG point: Dago, Coblong, Kota Bandung",14-09-2026,METNO,MET Norway,09:00,2026-09-14 09:00:00,25.4,53.9,0.0,7.56,0.0,1.3267,Cerah,clearsky_day
dago,"Dago, Bandung",2026-09-14,32.73.02.1004,Dago,kelurahan,no,-6.889,107.61,Asia/Jakarta,"BMKG point: Dago, Coblong, Kota Bandung",14-09-2026,METNO,MET Norway,10:00,2026-09-14 10:00:00,27.8,41.9,0.0,9.0,0.0,1.3267,Cerah,clearsky_day
dago,"Dago, Bandung",2026-09-14,32.73.02.1004,Dago,kelurahan,no,-6.889,107.61,Asia/Jakarta,"BMKG point: Dago, Coblong, Kota Bandung",14-09-2026,METNO,MET Norway,11:00,2026-09-14 11:00:00,29.7,33.8,0.0,10.44,0.0,1.3267,Cerah,clearsky_day
dago,"Dago, Bandung",2026-09-14,32.73.02.1004,Dago,kelurahan,no,-6.889,107.61,Asia/Jakarta,"BMKG point: Dago, Coblong, Kota Bandung",14-09-2026,METNO,MET Norway,12:00,2026-09-14 12:00:00,31.1,27.3,0.0,11.52,0.0,1.3267,Cerah,clearsky_day
dago,"Dago, Bandung",2026-09-14,32.73.02.1004,Dago,kelurahan,no,-6.889,107.61,Asia/Jakarta,"BMKG point: Dago, Coblong, Kota Bandung",14-09-2026,METNO,MET Norway,13:00,2026-09-14 13:00:00,31.9,22.1,0.0,12.96,0.0,1.3267,Cerah,clearsky_day
dago,"Dago, Bandung",2026-09-14,32.73.02.1004,Dago,kelurahan,no,-6.889,107.61,Asia/Jakarta,"BMKG point: Dago, Coblong, Kota Bandung",14-09-2026,METNO,MET Norway,14:00,2026-09-14 14:00:00,32.3,20.1,0.0,13.32,0.0,1.3267,Cerah,clearsky_day
dago,"Dago, Bandung",2026-09-14,32.73.02.1004,Dago,kelurahan,no,-6.889,107.61,Asia/Jakarta,"BMKG point: Dago, Coblong, Kota Bandung",14-09-2026,METNO,MET Norway,15:00,2026-09-14 15:00:00,31.8,22.1,0.0,14.4,0.0,1.3267,Cerah,clearsky_day
dago,"Dago, Bandung",2026-09-14,32.73.02.1004,Dago,kelurahan,no,-6.889,107.61,Asia/Jakarta,"BMKG point: Dago, Coblong, Kota Bandung",14-09-2026,METNO,MET Norway,16:00,2026-09-14 16:00:00,30.5,27.8,0.0,14.76,0.0,1.3267,Cerah Berawan,fair_day
dago,"Dago, Bandung",2026-09-14,32.73.02.1004,Dago,kelurahan,no,-6.889,107.61,Asia/Jakarta,"BMKG point: Dago, Coblong, Kota Bandung",14-09-2026,METNO,MET Norway,17:00,2026-09-14 17:00:00,29.1,33.6,0.0,13.68,0.0,1.3267,Cerah,clearsky_day
dago,"Dago, Bandung",2026-09-14,32.73.02.1004,Dago,kelurahan,no,-6.889,107.61,Asia/Jakarta,"BMKG point: Dago, Coblong, Kota Bandung",14-09-2026,METNO,MET Norway,18:00,2026-09-14 18:00:00,26.8,40.2,0.0,14.04,0.0,1.3267,Cerah Berawan,fair_night
dago,"Dago, Bandung",2026-09-14,32.73.02.1004,Dago,kelurahan,no,-6.889,107.61,Asia/Jakarta,"BMKG point: Dago, Coblong, Kota Bandung",14-09-2026,METNO,MET Norway,19:00,2026-09-14 19:00:00,25.3,45.5,0.0,11.52,0.0,1.3267,Cerah Berawan,partlycloudy_night
dago,"Dago, Bandung",2026-09-14,32.73.02.1004,Dago,kelurahan,no,-6.889,107.61,Asia/Jakarta,"BMKG point: Dago, Coblong, Kota Bandung",14-09-2026,METNO,MET Norway,20:00,2026-09-14 20:00:00,24.3,47.1,0.0,5.76,0.0,1.3267,Cerah Berawan,partlycloudy_night
dago,"Dago, Bandung",2026-09-14,32.73.02.1004,Dago,kelurahan,no,-6.889,107.61,Asia/Jakarta,"BMKG point: Dago, Coblong, Kota Bandung",14-09-2026,METNO,MET Norway,21:00,2026-09-14 21:00:00,23.6,50.2,0.0,5.4,0.0,1.3267,Cerah Berawan,partlycloudy_night
dago,"Dago, Bandung",2026-09-14,32.73.02.1004,Dago,kelurahan,no,-6.889,107.61,Asia/Jakarta,"BMKG point: Dago, Coblong, Kota Bandung",14-09-2026,METNO,MET Norway,22:00,2026-09-14 22:00:00,22.4,57.6,0.0,7.2,0.0,1.3267,Cerah Berawan,partlycloudy_night
dago,"Dago, Bandung",2026-09-14,32.73.02.1004,Dago,kelurahan,no,-6.889,107.61,Asia/Jakarta,"BMKG point: Dago, Coblong, Kota Bandung",14-09-2026,METNO,MET Norway,23:00,2026-09-14 23:00:00,20.9,60.6,0.0,8.28,0.0,1.3267,Cerah Berawan,partlycloudy_night
dago,"Dago, Bandung",2026-09-14,32.73.02.1004,Dago,kelurahan,no,-6.889,107.61,Asia/Jakarta,"BMKG point: Dago, Coblong, Kota Bandung",14-09-2026,UKMO,Open-Meteo / UK Met Office,00:00,2026-09-14 00:00:00,21.2,80.0,0.0,6.5,0.0,1.3181,Cerah,wmo:0
dago,"Dago, Bandung",2026-09-14,32.73.02.1004,Dago,kelurahan,no,-6.889,107.61,Asia/Jakarta,"BMKG point: Dago, Coblong, Kota Bandung",14-09-2026,UKMO,Open-Meteo / UK Met Office,01:00,2026-09-14 01:00:00,20.5,86.0,0.0,6.5,0.0,1.3181,Cerah,wmo:0
dago,"Dago, Bandung",2026-09-14,32.73.02.1004,Dago,kelurahan,no,-6.889,107.61,Asia/Jakarta,"BMKG point: Dago, Coblong, Kota Bandung",14-09-2026,UKMO,Open-Meteo / UK Met Office,02:00,2026-09-14 02:00:00,19.8,90.0,0.0,6.5,0.0,1.3181,Cerah,wmo:0
dago,"Dago, Bandung",2026-09-14,32.73.02.1004,Dago,kelurahan,no,-6.889,107.61,Asia/Jakarta,"BMKG point: Dago, Coblong, Kota Bandung",14-09-2026,UKMO,Open-Meteo / UK Met Office,03:00,2026-09-14 03:00:00,19.3,90.0,0.0,5.4,0.0,1.3181,Cerah,wmo:0
dago,"Dago, Bandung",2026-09-14,32.73.02.1004,Dago,kelurahan,no,-6.889,107.61,Asia/Jakarta,"BMKG point: Dago, Coblong, Kota Bandung",14-09-2026,UKMO,Open-Meteo / UK Met Office,04:00,2026-09-14 04:00:00,18.7,89.0,0.0,4.7,0.0,1.3181,Cerah,wmo:0
dago,"Dago, Bandung",2026-09-14,32.73.02.1004,Dago,kelurahan,no,-6.889,107.61,Asia/Jakarta,"BMKG point: Dago, Coblong, Kota Bandung",14-09-2026,UKMO,Open-Meteo / UK Met Office,05:00,2026-09-14 05:00:00,18.3,89.0,0.0,4.7,0.0,1.3181,Cerah,wmo:0
dago,"Dago, Bandung",2026-09-14,32.73.02.1004,Dago,kelurahan,no,-6.889,107.61,Asia/Jakarta,"BMKG point: Dago, Coblong, Kota Bandung",14-09-2026,UKMO,Open-Meteo / UK Met Office,06:00,2026-09-14 06:00:00,18.0,88.0,0.0,4.0,0.0,1.3181,Cerah,wmo:0
dago,"Dago, Bandung",2026-09-14,32.73.02.1004,Dago,kelurahan,no,-6.889,107.61,Asia/Jakarta,"BMKG point: Dago, Coblong, Kota Bandung",14-09-2026,UKMO,Open-Meteo / UK Met Office,07:00,2026-09-14 07:00:00,19.4,80.0,0.0,3.2,0.0,1.3181,Cerah,wmo:0
dago,"Dago, Bandung",2026-09-14,32.73.02.1004,Dago,kelurahan,no,-6.889,107.61,Asia/Jakarta,"BMKG point: Dago, Coblong, Kota Bandung",14-09-2026,UKMO,Open-Meteo / UK Met Office,08:00,2026-09-14 08:00:00,21.5,72.0,0.0,3.6,0.0,1.3181,Cerah,wmo:0
dago,"Dago, Bandung",2026-09-14,32.73.02.1004,Dago,kelurahan,no,-6.889,107.61,Asia/Jakarta,"BMKG point: Dago, Coblong, Kota Bandung",14-09-2026,UKMO,Open-Meteo / UK Met Office,09:00,2026-09-14 09:00:00,23.5,65.0,0.0,6.1,0.0,1.3181,Cerah,wmo:0
dago,"Dago, Bandung",2026-09-14,32.73.02.1004,Dago,kelurahan,no,-6.889,107.61,Asia/Jakarta,"BMKG point: Dago, Coblong, Kota Bandung",14-09-2026,UKMO,Open-Meteo / UK Met Office,10:00,2026-09-14 10:00:00,25.8,50.0,0.0,9.4,0.0,1.3181,Cerah,wmo:0
dago,"Dago, Bandung",2026-09-14,32.73.02.1004,Dago,kelurahan,no,-6.889,107.61,Asia/Jakarta,"BMKG point: Dago, Coblong, Kota Bandung",14-09-2026,UKMO,Open-Meteo / UK Met Office,11:00,2026-09-14 11:00:00,27.7,39.0,0.0,10.4,0.0,1.3181,Cerah,wmo:0
dago,"Dago, Bandung",2026-09-14,32.73.02.1004,Dago,kelurahan,no,-6.889,107.61,Asia/Jakarta,"BMKG point: Dago, Coblong, Kota Bandung",14-09-2026,UKMO,Open-Meteo / UK Met Office,12:00,2026-09-14 12:00:00,29.4,30.0,0.0,10.4,0.0,1.3181,Cerah,wmo:0
dago,"Dago, Bandung",2026-09-14,32.73.02.1004,Dago,kelurahan,no,-6.889,107.61,Asia/Jakarta,"BMKG point: Dago, Coblong, Kota Bandung",14-09-2026,UKMO,Open-Meteo / UK Met Office,13:00,2026-09-14 13:00:00,30.6,25.0,0.0,10.1,0.0,1.3181,Cerah,wmo:0
dago,"Dago, Bandung",2026-09-14,32.73.02.1004,Dago,kelurahan,no,-6.889,107.61,Asia/Jakarta,"BMKG point: Dago, Coblong, Kota Bandung",14-09-2026,UKMO,Open-Meteo / UK Met Office,14:00,2026-09-14 14:00:00,31.2,23.0,0.0,8.3,0.0,1.3181,Cerah,wmo:0
dago,"Dago, Bandung",2026-09-14,32.73.02.1004,Dago,kelurahan,no,-6.889,107.61,Asia/Jakarta,"BMKG point: Dago, Coblong, Kota Bandung",14-09-2026,UKMO,Open-Meteo / UK Met Office,15:00,2026-09-14 15:00:00,31.3,23.0,0.0,6.8,0.0,1.3181,Cerah,wmo:0
dago,"Dago, Bandung",2026-09-14,32.73.02.1004,Dago,kelurahan,no,-6.889,107.61,Asia/Jakarta,"BMKG point: Dago, Coblong, Kota Bandung",14-09-2026,UKMO,Open-Meteo / UK Met Office,16:00,2026-09-14 16:00:00,30.7,27.0,0.0,5.0,0.0,1.3181,Cerah,wmo:0
dago,"Dago, Bandung",2026-09-14,32.73.02.1004,Dago,kelurahan,no,-6.889,107.61,Asia/Jakarta,"BMKG point: Dago, Coblong, Kota Bandung",14-09-2026,UKMO,Open-Meteo / UK Met Office,17:00,2026-09-14 17:00:00,28.7,39.0,0.0,9.7,0.0,1.3181,Cerah,wmo:0
dago,"Dago, Bandung",2026-09-14,32.73.02.1004,Dago,kelurahan,no,-6.889,107.61,Asia/Jakarta,"BMKG point: Dago, Coblong, Kota Bandung",14-09-2026,UKMO,Open-Meteo / UK Met Office,18:00,2026-09-14 18:00:00,27.1,46.0,0.0,13.0,0.0,1.3181,Cerah Berawan,wmo:1
dago,"Dago, Bandung",2026-09-14,32.73.02.1004,Dago,kelurahan,no,-6.889,107.61,Asia/Jakarta,"BMKG point: Dago, Coblong, Kota Bandung",14-09-2026,UKMO,Open-Meteo / UK Met Office,19:00,2026-09-14 19:00:00,26.1,50.0,0.0,9.7,0.0,1.3181,Cerah,wmo:0
dago,"Dago, Bandung",2026-09-14,32.73.02.1004,Dago,kelurahan,no,-6.889,107.61,Asia/Jakarta,"BMKG point: Dago, Coblong, Kota Bandung",14-09-2026,UKMO,Open-Meteo / UK Met Office,20:00,2026-09-14 20:00:00,24.6,57.0,0.0,5.0,0.0,1.3181,Cerah,wmo:0
dago,"Dago, Bandung",2026-09-14,32.73.02.1004,Dago,kelurahan,no,-6.889,107.61,Asia/Jakarta,"BMKG point: Dago, Coblong, Kota Bandung",14-09-2026,UKMO,Open-Meteo / UK Met Office,21:00,2026-09-14 21:00:00,24.0,54.0,0.0,5.8,0.0,1.3181,Cerah,wmo:0
dago,"Dago, Bandung",2026-09-14,32.73.02.1004,Dago,kelurahan,no,-6.889,107.61,Asia/Jakarta,"BMKG point: Dago, Coblong, Kota Bandung",14-09-2026,UKMO,Open-Meteo / UK Met Office,22:00,2026-09-14 22:00:00,23.4,47.0,0.0,7.6,0.0,1.3181,Cerah,wmo:0
dago,"Dago, Bandung",2026-09-14,32.73.02.1004,Dago,kelurahan,no,-6.889,107.61,Asia/Jakarta,"BMKG point: Dago, Coblong, Kota Bandung",14-09-2026,UKMO,Open-Meteo / UK Met Office,23:00,2026-09-14 23:00:00,22.6,46.0,0.0,7.6,0.0,1.3181,Cerah,wmo:0
dago,"Dago, Bandung",2026-09-15,32.73.02.1004,Dago,kelurahan,no,-6.889,107.61,Asia/Jakarta,"BMKG point: Dago, Coblong, Kota Bandung",15-09-2026,BMKG,BMKG,00:00,2026-09-15 00:00:00,18.0,61.0,0.0,7.6,0.0,1.6437,Cerah Berawan,Cerah Berawan
dago,"Dago, Bandung",2026-09-15,32.73.02.1004,Dago,kelurahan,no,-6.889,107.61,Asia/Jakarta,"BMKG point: Dago, Coblong, Kota Bandung",15-09-2026,BMKG,BMKG,01:00,2026-09-15 00:00:00,18.0,61.0,0.0,7.6,60.0,1.2327,Cerah Berawan,Cerah Berawan
dago,"Dago, Bandung",2026-09-15,32.73.02.1004,Dago,kelurahan,no,-6.889,107.61,Asia/Jakarta,"BMKG point: Dago, Coblong, Kota Bandung",15-09-2026,BMKG,BMKG,02:00,2026-09-15 03:00:00,16.0,76.0,0.0,7.1,60.0,1.2327,Berawan,Berawan
dago,"Dago, Bandung",2026-09-15,32.73.02.1004,Dago,kelurahan,no,-6.889,107.61,Asia/Jakarta,"BMKG point: Dago, Coblong, Kota Bandung",15-09-2026,BMKG,BMKG,03:00,2026-09-15 03:00:00,16.0,76.0,0.0,7.1,0.0,1.6437,Berawan,Berawan
dago,"Dago, Bandung",2026-09-15,32.73.02.1004,Dago,kelurahan,no,-6.889,107.61,Asia/Jakarta,"BMKG point: Dago, Coblong, Kota Bandung",15-09-2026,BMKG,BMKG,04:00,2026-09-15 03:00:00,16.0,76.0,0.0,7.1,60.0,1.2327,Berawan,Berawan
dago,"Dago, Bandung",2026-09-15,32.73.02.1004,Dago,kelurahan,no,-6.889,107.61,Asia/Jakarta,"BMKG point: Dago, Coblong, Kota Bandung",15-09-2026,BMKG,BMKG,05:00,2026-09-15 06:00:00,18.0,70.0,0.0,5.9,60.0,1.2327,Berawan,Berawan
dago,"Dago, Bandung",2026-09-15,32.73.02.1004,Dago,kelurahan,no,-6.889,107.61,Asia/Jakarta,"BMKG point: Dago, Coblong, Kota Bandung",15-09-2026,BMKG,BMKG,06:00,2026-09-15 06:00:00,18.0,70.0,0.0,5.9,0.0,1.6437,Berawan,Berawan
dago,"Dago, Bandung",2026-09-15,32.73.02.1004,Dago,kelurahan,no,-6.889,107.61,Asia/Jakarta,"BMKG point: Dago, Coblong, Kota Bandung",15-09-2026,BMKG,BMKG,07:00,2026-09-15 06:00:00,18.0,70.0,0.0,5.9,60.0,1.2327,Berawan,Berawan
dago,"Dago, Bandung",2026-09-15,32.73.02.1004,Dago,kelurahan,no,-6.889,107.61,Asia/Jakarta,"BMKG point: Dago, Coblong, Kota Bandung",15-09-2026,BMKG,BMKG,08:00,2026-09-15 09:00:00,26.0,33.0,0.0,8.6,60.0,1.2327,Berawan,Berawan
dago,"Dago, Bandung",2026-09-15,32.73.02.1004,Dago,kelurahan,no,-6.889,107.61,Asia/Jakarta,"BMKG point: Dago, Coblong, Kota Bandung",15-09-2026,BMKG,BMKG,09:00,2026-09-15 09:00:00,26.0,33.0,0.0,8.6,0.0,1.6437,Berawan,Berawan
dago,"Dago, Bandung",2026-09-15,32.73.02.1004,Dago,kelurahan,no,-6.889,107.61,Asia/Jakarta,"BMKG point: Dago, Coblong, Kota Bandung",15-09-2026,BMKG,BMKG,10:00,2026-09-15 09:00:00,26.0,33.0,0.0,8.6,60.0,1.2327,Berawan,Berawan
dago,"Dago, Bandung",2026-09-15,32.73.02.1004,Dago,kelurahan,no,-6.889,107.61,Asia/Jakarta,"BMKG point: Dago, Coblong, Kota Bandung",15-09-2026,BMKG,BMKG,11:00,2026-09-15 12:00:00,30.0,25.0,0.0,6.5,60.0,1.2327,Cerah Berawan,Cerah Berawan
dago,"Dago, Bandung",2026-09-15,32.73.02.1004,Dago,kelurahan,no,-6.889,107.61,Asia/Jakarta,"BMKG point: Dago, Coblong, Kota Bandung",15-09-2026,BMKG,BMKG,12:00,2026-09-15 12:00:00,30.0,25.0,0.0,6.5,0.0,1.6437,Cerah Berawan,Cerah Berawan
dago,"Dago, Bandung",2026-09-15,32.73.02.1004,Dago,kelurahan,no,-6.889,107.61,Asia/Jakarta,"BMKG point: Dago, Coblong, Kota Bandung",15-09-2026,BMKG,BMKG,13:00,2026-09-15 12:00:00,30.0,25.0,0.0,6.5,60.0,1.2327,Cerah Berawan,Cerah Berawan
dago,"Dago, Bandung",2026-09-15,32.73.02.1004,Dago,kelurahan,no,-6.889,107.61,Asia/Jakarta,"BMKG point: Dago, Coblong, Kota Bandung",15-09-2026,BMKG,BMKG,14:00,2026-09-15 15:00:00,28.0,38.0,0.0,10.3,60.0,1.2327,Cerah Berawan,Cerah Berawan
dago,"Dago, Bandung",2026-09-15,32.73.02.1004,Dago,kelurahan,no,-6.889,107.61,Asia/Jakarta,"BMKG point: Dago, Coblong, Kota Bandung",15-09-2026,BMKG,BMKG,15:00,2026-09-15 15:00:00,28.0,38.0,0.0,10.3,0.0,1.6437,Cerah Berawan,Cerah Berawan
dago,"Dago, Bandung",2026-09-15,32.73.02.1004,Dago,kelurahan,no,-6.889,107.61,Asia/Jakarta,"BMKG point: Dago, Coblong, Kota Bandung",15-09-2026,BMKG,BMKG,16:00,2026-09-15 15:00:00,28.0,38.0,0.0,10.3,60.0,1.2327,Cerah Berawan,Cerah Berawan
dago,"Dago, Bandung",2026-09-15,32.73.02.1004,Dago,kelurahan,no,-6.889,107.61,Asia/Jakarta,"BMKG point: Dago, Coblong, Kota Bandung",15-09-2026,BMKG,BMKG,17:00,2026-09-15 18:00:00,23.0,55.0,0.0,6.9,60.0,1.2327,Cerah,Cerah
dago,"Dago, Bandung",2026-09-15,32.73.02.1004,Dago,kelurahan,no,-6.889,107.61,Asia/Jakarta,"BMKG point: Dago, Coblong, Kota Bandung",15-09-2026,BMKG,BMKG,18:00,2026-09-15 18:00:00,23.0,55.0,0.0,6.9,0.0,1.6437,Cerah,Cerah
dago,"Dago, Bandung",2026-09-15,32.73.02.1004,Dago,kelurahan,no,-6.889,107.61,Asia/Jakarta,"BMKG point: Dago, Coblong, Kota Bandung",15-09-2026,BMKG,BMKG,19:00,2026-09-15 18:00:00,23.0,55.0,0.0,6.9,60.0,1.2327,Cerah,Cerah
dago,"Dago, Bandung",2026-09-15,32.73.02.1004,Dago,kelurahan,no,-6.889,107.61,Asia/Jakarta,"BMKG point: Dago, Coblong, Kota Bandung",15-09-2026,BMKG,BMKG,20:00,2026-09-15 21:00:00,20.0,72.0,0.0,6.7,60.0,1.2327,Cerah,Cerah
dago,"Dago, Bandung",2026-09-15,32.73.02.1004,Dago,kelurahan,no,-6.889,107.61,Asia/Jakarta,"BMKG point: Dago, Coblong, Kota Bandung",15-09-2026,BMKG,BMKG,21:00,2026-09-15 21:00:00,20.0,72.0,0.0,6.7,0.0,1.6437,Cerah,Cerah
dago,"Dago, Bandung",2026-09-15,32.73.02.1004,Dago,kelurahan,no,-6.889,107.61,Asia/Jakarta,"BMKG point: Dago, Coblong, Kota Bandung",15-09-2026,BMKG,BMKG,22:00,2026-09-15 21:00:00,20.0,72.0,0.0,6.7,60.0,1.2327,Cerah,Cerah
dago,"Dago, Bandung",2026-09-15,32.73.02.1004,Dago,kelurahan,no,-6.889,107.61,Asia/Jakarta,"BMKG point: Dago, Coblong, Kota Bandung",15-09-2026,BMKG,BMKG,23:00,2026-09-15 21:00:00,20.0,72.0,0.0,6.7,120.0,0.904,Cerah,Cerah
dago,"Dago, Bandung",2026-09-15,32.73.02.1004,Dago,kelurahan,no,-6.889,107.61,Asia/Jakarta,"BMKG point: Dago, Coblong, Kota Bandung",15-09-2026,CMA,Open-Meteo / CMA GRAPES,00:00,2026-09-15 00:00:00,18.3,47.0,0.0,10.0,0.0,1.1312,Cerah,wmo:0
dago,"Dago, Bandung",2026-09-15,32.73.02.1004,Dago,kelurahan,no,-6.889,107.61,Asia/Jakarta,"BMKG point: Dago, Coblong, Kota Bandung",15-09-2026,CMA,Open-Meteo / CMA GRAPES,01:00,2026-09-15 01:00:00,17.7,46.0,0.0,10.9,0.0,1.1312,Cerah,wmo:0
dago,"Dago, Bandung",2026-09-15,32.73.02.1004,Dago,kelurahan,no,-6.889,107.61,Asia/Jakarta,"BMKG point: Dago, Coblong, Kota Bandung",15-09-2026,CMA,Open-Meteo / CMA GRAPES,02:00,2026-09-15 02:00:00,17.1,47.0,0.0,11.3,0.0,1.1312,Cerah,wmo:0
dago,"Dago, Bandung",2026-09-15,32.73.02.1004,Dago,kelurahan,no,-6.889,107.61,Asia/Jakarta,"BMKG point: Dago, Coblong, Kota Bandung",15-09-2026,CMA,Open-Meteo / CMA GRAPES,03:00,2026-09-15 03:00:00,16.6,50.0,0.0,11.3,0.0,1.1312,Cerah,wmo:0
dago,"Dago, Bandung",2026-09-15,32.73.02.1004,Dago,kelurahan,no,-6.889,107.61,Asia/Jakarta,"BMKG point: Dago, Coblong, Kota Bandung",15-09-2026,CMA,Open-Meteo / CMA GRAPES,04:00,2026-09-15 04:00:00,16.5,52.0,0.0,11.8,0.0,1.1312,Cerah,wmo:0
dago,"Dago, Bandung",2026-09-15,32.73.02.1004,Dago,kelurahan,no,-6.889,107.61,Asia/Jakarta,"BMKG point: Dago, Coblong, Kota Bandung",15-09-2026,CMA,Open-Meteo / CMA GRAPES,05:00,2026-09-15 05:00:00,16.8,54.0,0.0,12.6,0.0,1.1312,Cerah,wmo:0
dago,"Dago, Bandung",2026-09-15,32.73.02.1004,Dago,kelurahan,no,-6.889,107.61,Asia/Jakarta,"BMKG point: Dago, Coblong, Kota Bandung",15-09-2026,CMA,Open-Meteo / CMA GRAPES,06:00,2026-09-15 06:00:00,17.5,56.0,0.0,13.5,0.0,1.1312,Cerah,wmo:0
dago,"Dago, Bandung",2026-09-15,32.73.02.1004,Dago,kelurahan,no,-6.889,107.61,Asia/Jakarta,"BMKG point: Dago, Coblong, Kota Bandung",15-09-2026,CMA,Open-Meteo / CMA GRAPES,07:00,2026-09-15 07:00:00,18.6,57.0,0.0,13.4,0.0,1.1312,Cerah,wmo:0
dago,"Dago, Bandung",2026-09-15,32.73.02.1004,Dago,kelurahan,no,-6.889,107.61,Asia/Jakarta,"BMKG point: Dago, Coblong, Kota Bandung",15-09-2026,CMA,Open-Meteo / CMA GRAPES,08:00,2026-09-15 08:00:00,20.4,56.0,0.0,11.5,0.0,1.1312,Cerah,wmo:0
dago,"Dago, Bandung",2026-09-15,32.73.02.1004,Dago,kelurahan,no,-6.889,107.61,Asia/Jakarta,"BMKG point: Dago, Coblong, Kota Bandung",15-09-2026,CMA,Open-Meteo / CMA GRAPES,09:00,2026-09-15 09:00:00,22.6,53.0,0.0,9.5,0.0,1.1312,Cerah,wmo:0
dago,"Dago, Bandung",2026-09-15,32.73.02.1004,Dago,kelurahan,no,-6.889,107.61,Asia/Jakarta,"BMKG point: Dago, Coblong, Kota Bandung",15-09-2026,CMA,Open-Meteo / CMA GRAPES,10:00,2026-09-15 10:00:00,24.5,49.0,0.0,9.0,0.0,1.1312,Cerah,wmo:0
dago,"Dago, Bandung",2026-09-15,32.73.02.1004,Dago,kelurahan,no,-6.889,107.61,Asia/Jakarta,"BMKG point: Dago, Coblong, Kota Bandung",15-09-2026,CMA,Open-Meteo / CMA GRAPES,11:00,2026-09-15 11:00:00,25.8,44.0,0.0,9.2,0.0,1.1312,Cerah,wmo:0
dago,"Dago, Bandung",2026-09-15,32.73.02.1004,Dago,kelurahan,no,-6.889,107.61,Asia/Jakarta,"BMKG point: Dago, Coblong, Kota Bandung",15-09-2026,CMA,Open-Meteo / CMA GRAPES,12:00,2026-09-15 12:00:00,26.9,39.0,0.0,10.0,0.0,1.1312,Cerah,wmo:0
dago,"Dago, Bandung",2026-09-15,32.73.02.1004,Dago,kelurahan,no,-6.889,107.61,Asia/Jakarta,"BMKG point: Dago, Coblong, Kota Bandung",15-09-2026,CMA,Open-Meteo / CMA GRAPES,13:00,2026-09-15 13:00:00,27.6,35.0,0.0,10.9,0.0,1.1312,Cerah,wmo:0
dago,"Dago, Bandung",2026-09-15,32.73.02.1004,Dago,kelurahan,no,-6.889,107.61,Asia/Jakarta,"BMKG point: Dago, Coblong, Kota Bandung",15-09-2026,CMA,Open-Meteo / CMA GRAPES,14:00,2026-09-15 14:00:00,28.0,33.0,0.0,11.3,0.0,1.1312,Cerah,wmo:0
dago,"Dago, Bandung",2026-09-15,32.73.02.1004,Dago,kelurahan,no,-6.889,107.61,Asia/Jakarta,"BMKG point: Dago, Coblong, Kota Bandung",15-09-2026,CMA,Open-Meteo / CMA GRAPES,15:00,2026-09-15 15:00:00,28.0,32.0,0.0,11.7,0.0,1.1312,Cerah,wmo:0
dago,"Dago, Bandung",2026-09-15,32.73.02.1004,Dago,kelurahan,no,-6.889,107.61,Asia/Jakarta,"BMKG point: Dago, Coblong, Kota Bandung",15-09-2026,CMA,Open-Meteo / CMA GRAPES,16:00,2026-09-15 16:00:00,27.5,35.0,0.0,11.9,0.0,1.1312,Cerah,wmo:0
dago,"Dago, Bandung",2026-09-15,32.73.02.1004,Dago,kelurahan,no,-6.889,107.61,Asia/Jakarta,"BMKG point: Dago, Coblong, Kota Bandung",15-09-2026,CMA,Open-Meteo / CMA GRAPES,17:00,2026-09-15 17:00:00,26.1,45.0,0.0,12.3,0.0,1.1312,Cerah,wmo:0
dago,"Dago, Bandung",2026-09-15,32.73.02.1004,Dago,kelurahan,no,-6.889,107.61,Asia/Jakarta,"BMKG point: Dago, Coblong, Kota Bandung",15-09-2026,CMA,Open-Meteo / CMA GRAPES,18:00,2026-09-15 18:00:00,24.3,59.0,0.0,12.7,0.0,1.1312,Cerah,wmo:0
dago,"Dago, Bandung",2026-09-15,32.73.02.1004,Dago,kelurahan,no,-6.889,107.61,Asia/Jakarta,"BMKG point: Dago, Coblong, Kota Bandung",15-09-2026,CMA,Open-Meteo / CMA GRAPES,19:00,2026-09-15 19:00:00,22.7,71.0,0.0,11.4,0.0,1.1312,Cerah,wmo:0
dago,"Dago, Bandung",2026-09-15,32.73.02.1004,Dago,kelurahan,no,-6.889,107.61,Asia/Jakarta,"BMKG point: Dago, Coblong, Kota Bandung",15-09-2026,CMA,Open-Meteo / CMA GRAPES,20:00,2026-09-15 20:00:00,21.6,81.0,0.0,7.9,0.0,1.1312,Cerah,wmo:0
dago,"Dago, Bandung",2026-09-15,32.73.02.1004,Dago,kelurahan,no,-6.889,107.61,Asia/Jakarta,"BMKG point: Dago, Coblong, Kota Bandung",15-09-2026,CMA,Open-Meteo / CMA GRAPES,21:00,2026-09-15 21:00:00,20.8,89.0,0.0,4.0,0.0,1.1312,Cerah,wmo:0
dago,"Dago, Bandung",2026-09-15,32.73.02.1004,Dago,kelurahan,no,-6.889,107.61,Asia/Jakarta,"BMKG point: Dago, Coblong, Kota Bandung",15-09-2026,CMA,Open-Meteo / CMA GRAPES,22:00,2026-09-15 22:00:00,20.2,94.0,0.0,4.4,0.0,1.1312,Cerah,wmo:0
dago,"Dago, Bandung",2026-09-15,32.73.02.1004,Dago,kelurahan,no,-6.889,107.61,Asia/Jakarta,"BMKG point: Dago, Coblong, Kota Bandung",15-09-2026,CMA,Open-Meteo / CMA GRAPES,23:00,2026-09-15 23:00:00,19.9,95.0,0.0,5.5,0.0,1.1312,Cerah,wmo:0
dago,"Dago, Bandung",2026-09-15,32.73.02.1004,Dago,kelurahan,no,-6.889,107.61,Asia/Jakarta,"BMKG point: Dago, Coblong, Kota Bandung",15-09-2026,ECMWF,Open-Meteo / ECMWF,00:00,2026-09-15 00:00:00,17.3,90.0,0.0,2.6,0.0,1.6812,Cerah Berawan,wmo:2
dago,"Dago, Bandung",2026-09-15,32.73.02.1004,Dago,kelurahan,no,-6.889,107.61,Asia/Jakarta,"BMKG point: Dago, Coblong, Kota Bandung",15-09-2026,ECMWF,Open-Meteo / ECMWF,01:00,2026-09-15 01:00:00,16.1,94.0,0.0,3.3,0.0,1.6812,Berawan,wmo:3
dago,"Dago, Bandung",2026-09-15,32.73.02.1004,Dago,kelurahan,no,-6.889,107.61,Asia/Jakarta,"BMKG point: Dago, Coblong, Kota Bandung",15-09-2026,ECMWF,Open-Meteo / ECMWF,02:00,2026-09-15 02:00:00,15.1,95.0,0.0,3.2,0.0,1.6812,Berawan,wmo:3
dago,"Dago, Bandung",2026-09-15,32.73.02.1004,Dago,kelurahan,no,-6.889,107.61,Asia/Jakarta,"BMKG point: Dago, Coblong, Kota Bandung",15-09-2026,ECMWF,Open-Meteo / ECMWF,03:00,2026-09-15 03:00:00,14.3,93.0,0.0,3.0,0.0,1.6812,Berawan,wmo:3
dago,"Dago, Bandung",2026-09-15,32.73.02.1004,Dago,kelurahan,no,-6.889,107.61,Asia/Jakarta,"BMKG point: Dago, Coblong, Kota Bandung",15-09-2026,ECMWF,Open-Meteo / ECMWF,04:00,2026-09-15 04:00:00,14.2,89.0,0.0,3.0,0.0,1.6812,Berawan,wmo:3
dago,"Dago, Bandung",2026-09-15,32.73.02.1004,Dago,kelurahan,no,-6.889,107.61,Asia/Jakarta,"BMKG point: Dago, Coblong, Kota Bandung",15-09-2026,ECMWF,Open-Meteo / ECMWF,05:00,2026-09-15 05:00:00,15.0,84.0,0.0,3.2,0.0,1.6812,Berawan,wmo:3
dago,"Dago, Bandung",2026-09-15,32.73.02.1004,Dago,kelurahan,no,-6.889,107.61,Asia/Jakarta,"BMKG point: Dago, Coblong, Kota Bandung",15-09-2026,ECMWF,Open-Meteo / ECMWF,06:00,2026-09-15 06:00:00,16.5,76.0,0.0,3.8,0.0,1.6812,Berawan,wmo:3
dago,"Dago, Bandung",2026-09-15,32.73.02.1004,Dago,kelurahan,no,-6.889,107.61,Asia/Jakarta,"BMKG point: Dago, Coblong, Kota Bandung",15-09-2026,ECMWF,Open-Meteo / ECMWF,07:00,2026-09-15 07:00:00,18.4,68.0,0.0,4.1,0.0,1.6812,Berawan,wmo:3
dago,"Dago, Bandung",2026-09-15,32.73.02.1004,Dago,kelurahan,no,-6.889,107.61,Asia/Jakarta,"BMKG point: Dago, Coblong, Kota Bandung",15-09-2026,ECMWF,Open-Meteo / ECMWF,08:00,2026-09-15 08:00:00,21.0,57.0,0.0,4.6,0.0,1.6812,Berawan,wmo:3
dago,"Dago, Bandung",2026-09-15,32.73.02.1004,Dago,kelurahan,no,-6.889,107.61,Asia/Jakarta,"BMKG point: Dago, Coblong, Kota Bandung",15-09-2026,ECMWF,Open-Meteo / ECMWF,09:00,2026-09-15 09:00:00,24.0,45.0,0.0,6.2,0.0,1.6812,Berawan,wmo:3
dago,"Dago, Bandung",2026-09-15,32.73.02.1004,Dago,kelurahan,no,-6.889,107.61,Asia/Jakarta,"BMKG point: Dago, Coblong, Kota Bandung",15-09-2026,ECMWF,Open-Meteo / ECMWF,10:00,2026-09-15 10:00:00,26.5,35.0,0.0,7.6,0.0,1.6812,Berawan,wmo:3
dago,"Dago, Bandung",2026-09-15,32.73.02.1004,Dago,kelurahan,no,-6.889,107.61,Asia/Jakarta,"BMKG point: Dago, Coblong, Kota Bandung",15-09-2026,ECMWF,Open-Meteo / ECMWF,11:00,2026-09-15 11:00:00,28.4,28.0,0.0,7.8,0.0,1.6812,Berawan,wmo:3
dago,"Dago, Bandung",2026-09-15,32.73.02.1004,Dago,kelurahan,no,-6.889,107.61,Asia/Jakarta,"BMKG point: Dago, Coblong, Kota Bandung",15-09-2026,ECMWF,Open-Meteo / ECMWF,12:00,2026-09-15 12:00:00,29.9,24.0,0.0,7.4,0.0,1.6812,Berawan,wmo:3
dago,"Dago, Bandung",2026-09-15,32.73.02.1004,Dago,kelurahan,no,-6.889,107.61,Asia/Jakarta,"BMKG point: Dago, Coblong, Kota Bandung",15-09-2026,ECMWF,Open-Meteo / ECMWF,13:00,2026-09-15 13:00:00,30.7,22.0,0.0,6.6,0.0,1.6812,Berawan,wmo:3
dago,"Dago, Bandung",2026-09-15,32.73.02.1004,Dago,kelurahan,no,-6.889,107.61,Asia/Jakarta,"BMKG point: Dago, Coblong, Kota Bandung",15-09-2026,ECMWF,Open-Meteo / ECMWF,14:00,2026-09-15 14:00:00,30.8,22.0,0.0,7.9,0.0,1.6812,Berawan,wmo:3
dago,"Dago, Bandung",2026-09-15,32.73.02.1004,Dago,kelurahan,no,-6.889,107.61,Asia/Jakarta,"BMKG point: Dago, Coblong, Kota Bandung",15-09-2026,ECMWF,Open-Meteo / ECMWF,15:00,2026-09-15 15:00:00,30.2,24.0,0.0,11.0,0.0,1.6812,Berawan,wmo:3
dago,"Dago, Bandung",2026-09-15,32.73.02.1004,Dago,kelurahan,no,-6.889,107.61,Asia/Jakarta,"BMKG point: Dago, Coblong, Kota Bandung",15-09-2026,ECMWF,Open-Meteo / ECMWF,16:00,2026-09-15 16:00:00,29.2,29.0,0.0,12.7,0.0,1.6812,Cerah Berawan,wmo:2
dago,"Dago, Bandung",2026-09-15,32.73.02.1004,Dago,kelurahan,no,-6.889,107.61,Asia/Jakarta,"BMKG point: Dago, Coblong, Kota Bandung",15-09-2026,ECMWF,Open-Meteo / ECMWF,17:00,2026-09-15 17:00:00,27.4,37.0,0.0,10.4,0.0,1.6812,Cerah Berawan,wmo:2
dago,"Dago, Bandung",2026-09-15,32.73.02.1004,Dago,kelurahan,no,-6.889,107.61,Asia/Jakarta,"BMKG point: Dago, Coblong, Kota Bandung",15-09-2026,ECMWF,Open-Meteo / ECMWF,18:00,2026-09-15 18:00:00,25.2,48.0,0.0,6.7,0.0,1.6812,Cerah Berawan,wmo:2
dago,"Dago, Bandung",2026-09-15,32.73.02.1004,Dago,kelurahan,no,-6.889,107.61,Asia/Jakarta,"BMKG point: Dago, Coblong, Kota Bandung",15-09-2026,ECMWF,Open-Meteo / ECMWF,19:00,2026-09-15 19:00:00,23.4,56.0,0.0,5.5,0.0,1.6812,Cerah Berawan,wmo:1
dago,"Dago, Bandung",2026-09-15,32.73.02.1004,Dago,kelurahan,no,-6.889,107.61,Asia/Jakarta,"BMKG point: Dago, Coblong, Kota Bandung",15-09-2026,ECMWF,Open-Meteo / ECMWF,20:00,2026-09-15 20:00:00,22.4,60.0,0.0,4.3,0.0,1.6812,Cerah Berawan,wmo:1
dago,"Dago, Bandung",2026-09-15,32.73.02.1004,Dago,kelurahan,no,-6.889,107.61,Asia/Jakarta,"BMKG point: Dago, Coblong, Kota Bandung",15-09-2026,ECMWF,Open-Meteo / ECMWF,21:00,2026-09-15 21:00:00,21.8,63.0,0.0,2.3,0.0,1.6812,Cerah,wmo:0
dago,"Dago, Bandung",2026-09-15,32.73.02.1004,Dago,kelurahan,no,-6.889,107.61,Asia/Jakarta,"BMKG point: Dago, Coblong, Kota Bandung",15-09-2026,ECMWF,Open-Meteo / ECMWF,22:00,2026-09-15 22:00:00,21.0,66.0,0.0,1.4,0.0,1.6812,Cerah,wmo:0
dago,"Dago, Bandung",2026-09-15,32.73.02.1004,Dago,kelurahan,no,-6.889,107.61,Asia/Jakarta,"BMKG point: Dago, Coblong, Kota Bandung",15-09-2026,ECMWF,Open-Meteo / ECMWF,23:00,2026-09-15 23:00:00,19.8,71.0,0.0,2.2,0.0,1.6812,Cerah,wmo:0
dago,"Dago, Bandung",2026-09-15,32.73.02.1004,Dago,kelurahan,no,-6.889,107.61,Asia/Jakarta,"BMKG point: Dago, Coblong, Kota Bandung",15-09-2026,GFS,Open-Meteo / NOAA GFS,00:00,2026-09-15 00:00:00,19.9,78.0,0.0,7.1,0.0,1.3778,Berawan,wmo:3
dago,"Dago, Bandung",2026-09-15,32.73.02.1004,Dago,kelurahan,no,-6.889,107.61,Asia/Jakarta,"BMKG point: Dago, Coblong, Kota Bandung",15-09-2026,GFS,Open-Meteo / NOAA GFS,01:00,2026-09-15 01:00:00,19.1,82.0,0.0,7.5,0.0,1.3778,Berawan,wmo:3
dago,"Dago, Bandung",2026-09-15,32.73.02.1004,Dago,kelurahan,no,-6.889,107.61,Asia/Jakarta,"BMKG point: Dago, Coblong, Kota Bandung",15-09-2026,GFS,Open-Meteo / NOAA GFS,02:00,2026-09-15 02:00:00,18.3,83.0,0.0,7.6,0.0,1.3778,Berawan,wmo:3
dago,"Dago, Bandung",2026-09-15,32.73.02.1004,Dago,kelurahan,no,-6.889,107.61,Asia/Jakarta,"BMKG point: Dago, Coblong, Kota Bandung",15-09-2026,GFS,Open-Meteo / NOAA GFS,03:00,2026-09-15 03:00:00,17.7,81.0,0.0,7.7,0.0,1.3778,Berawan,wmo:3
dago,"Dago, Bandung",2026-09-15,32.73.02.1004,Dago,kelurahan,no,-6.889,107.61,Asia/Jakarta,"BMKG point: Dago, Coblong, Kota Bandung",15-09-2026,GFS,Open-Meteo / NOAA GFS,04:00,2026-09-15 04:00:00,17.4,72.0,0.0,8.9,0.0,1.3778,Berawan,wmo:3
dago,"Dago, Bandung",2026-09-15,32.73.02.1004,Dago,kelurahan,no,-6.889,107.61,Asia/Jakarta,"BMKG point: Dago, Coblong, Kota Bandung",15-09-2026,GFS,Open-Meteo / NOAA GFS,05:00,2026-09-15 05:00:00,17.0,64.0,0.0,9.7,0.0,1.3778,Berawan,wmo:3
dago,"Dago, Bandung",2026-09-15,32.73.02.1004,Dago,kelurahan,no,-6.889,107.61,Asia/Jakarta,"BMKG point: Dago, Coblong, Kota Bandung",15-09-2026,GFS,Open-Meteo / NOAA GFS,06:00,2026-09-15 06:00:00,16.9,59.0,0.0,10.5,0.0,1.3778,Berawan,wmo:3
dago,"Dago, Bandung",2026-09-15,32.73.02.1004,Dago,kelurahan,no,-6.889,107.61,Asia/Jakarta,"BMKG point: Dago, Coblong, Kota Bandung",15-09-2026,GFS,Open-Meteo / NOAA GFS,07:00,2026-09-15 07:00:00,20.3,46.0,0.0,9.1,0.0,1.3778,Berawan,wmo:3
dago,"Dago, Bandung",2026-09-15,32.73.02.1004,Dago,kelurahan,no,-6.889,107.61,Asia/Jakarta,"BMKG point: Dago, Coblong, Kota Bandung",15-09-2026,GFS,Open-Meteo / NOAA GFS,08:00,2026-09-15 08:00:00,24.3,33.0,0.0,7.7,0.0,1.3778,Cerah Berawan,wmo:2
dago,"Dago, Bandung",2026-09-15,32.73.02.1004,Dago,kelurahan,no,-6.889,107.61,Asia/Jakarta,"BMKG point: Dago, Coblong, Kota Bandung",15-09-2026,GFS,Open-Meteo / NOAA GFS,09:00,2026-09-15 09:00:00,27.8,24.0,0.0,4.1,0.0,1.3778,Cerah Berawan,wmo:2
dago,"Dago, Bandung",2026-09-15,32.73.02.1004,Dago,kelurahan,no,-6.889,107.61,Asia/Jakarta,"BMKG point: Dago, Coblong, Kota Bandung",15-09-2026,GFS,Open-Meteo / NOAA GFS,10:00,2026-09-15 10:00:00,30.6,19.0,0.0,0.4,0.0,1.3778,Cerah Berawan,wmo:1
dago,"Dago, Bandung",2026-09-15,32.73.02.1004,Dago,kelurahan,no,-6.889,107.61,Asia/Jakarta,"BMKG point: Dago, Coblong, Kota Bandung",15-09-2026,GFS,Open-Meteo / NOAA GFS,11:00,2026-09-15 11:00:00,32.2,17.0,0.0,5.0,0.0,1.3778,Cerah Berawan,wmo:2
dago,"Dago, Bandung",2026-09-15,32.73.02.1004,Dago,kelurahan,no,-6.889,107.61,Asia/Jakarta,"BMKG point: Dago, Coblong, Kota Bandung",15-09-2026,GFS,Open-Meteo / NOAA GFS,12:00,2026-09-15 12:00:00,33.3,18.0,0.0,10.0,0.0,1.3778,Cerah Berawan,wmo:1
dago,"Dago, Bandung",2026-09-15,32.73.02.1004,Dago,kelurahan,no,-6.889,107.61,Asia/Jakarta,"BMKG point: Dago, Coblong, Kota Bandung",15-09-2026,GFS,Open-Meteo / NOAA GFS,13:00,2026-09-15 13:00:00,33.8,19.0,0.0,14.6,0.0,1.3778,Cerah Berawan,wmo:1
dago,"Dago, Bandung",2026-09-15,32.73.02.1004,Dago,kelurahan,no,-6.889,107.61,Asia/Jakarta,"BMKG point: Dago, Coblong, Kota Bandung",15-09-2026,GFS,Open-Meteo / NOAA GFS,14:00,2026-09-15 14:00:00,33.4,20.0,0.0,18.5,0.0,1.3778,Cerah Berawan,wmo:2
dago,"Dago, Bandung",2026-09-15,32.73.02.1004,Dago,kelurahan,no,-6.889,107.61,Asia/Jakarta,"BMKG point: Dago, Coblong, Kota Bandung",15-09-2026,GFS,Open-Meteo / NOAA GFS,15:00,2026-09-15 15:00:00,32.7,19.0,0.0,19.8,0.0,1.3778,Cerah Berawan,wmo:2
dago,"Dago, Bandung",2026-09-15,32.73.02.1004,Dago,kelurahan,no,-6.889,107.61,Asia/Jakarta,"BMKG point: Dago, Coblong, Kota Bandung",15-09-2026,GFS,Open-Meteo / NOAA GFS,16:00,2026-09-15 16:00:00,30.9,25.0,0.0,20.2,0.0,1.3778,Cerah Berawan,wmo:2
dago,"Dago, Bandung",2026-09-15,32.73.02.1004,Dago,kelurahan,no,-6.889,107.61,Asia/Jakarta,"BMKG point: Dago, Coblong, Kota Bandung",15-09-2026,GFS,Open-Meteo / NOAA GFS,17:00,2026-09-15 17:00:00,27.4,44.0,0.0,14.0,0.0,1.3778,Berawan,wmo:3
dago,"Dago, Bandung",2026-09-15,32.73.02.1004,Dago,kelurahan,no,-6.889,107.61,Asia/Jakarta,"BMKG point: Dago, Coblong, Kota Bandung",15-09-2026,GFS,Open-Meteo / NOAA GFS,18:00,2026-09-15 18:00:00,22.9,65.0,0.0,9.7,0.0,1.3778,Berawan,wmo:3
dago,"Dago, Bandung",2026-09-15,32.73.02.1004,Dago,kelurahan,no,-6.889,107.61,Asia/Jakarta,"BMKG point: Dago, Coblong, Kota Bandung",15-09-2026,GFS,Open-Meteo / NOAA GFS,19:00,2026-09-15 19:00:00,20.9,77.0,0.0,7.0,0.0,1.3778,Cerah Berawan,wmo:2
dago,"Dago, Bandung",2026-09-15,32.73.02.1004,Dago,kelurahan,no,-6.889,107.61,Asia/Jakarta,"BMKG point: Dago, Coblong, Kota Bandung",15-09-2026,GFS,Open-Meteo / NOAA GFS,20:00,2026-09-15 20:00:00,20.7,80.0,0.1,3.6,0.0,1.3778,Hujan Ringan,wmo:51
dago,"Dago, Bandung",2026-09-15,32.73.02.1004,Dago,kelurahan,no,-6.889,107.61,Asia/Jakarta,"BMKG point: Dago, Coblong, Kota Bandung",15-09-2026,GFS,Open-Meteo / NOAA GFS,21:00,2026-09-15 21:00:00,21.8,75.0,0.1,2.9,0.0,1.3778,Hujan Ringan,wmo:51
dago,"Dago, Bandung",2026-09-15,32.73.02.1004,Dago,kelurahan,no,-6.889,107.61,Asia/Jakarta,"BMKG point: Dago, Coblong, Kota Bandung",15-09-2026,GFS,Open-Meteo / NOAA GFS,22:00,2026-09-15 22:00:00,21.5,76.0,0.0,3.3,0.0,1.3778,Berawan,wmo:3
dago,"Dago, Bandung",2026-09-15,32.73.02.1004,Dago,kelurahan,no,-6.889,107.61,Asia/Jakarta,"BMKG point: Dago, Coblong, Kota Bandung",15-09-2026,GFS,Open-Meteo / NOAA GFS,23:00,2026-09-15 23:00:00,20.0,81.0,0.0,5.1,0.0,1.3778,Berawan,wmo:3
dago,"Dago, Bandung",2026-09-15,32.73.02.1004,Dago,kelurahan,no,-6.889,107.61,Asia/Jakarta,"BMKG point: Dago, Coblong, Kota Bandung",15-09-2026,ICON,Open-Meteo / DWD ICON,00:00,2026-09-15 00:00:00,16.8,71.0,0.0,3.7,0.0,1.4638,Cerah Berawan,wmo:1
dago,"Dago, Bandung",2026-09-15,32.73.02.1004,Dago,kelurahan,no,-6.889,107.61,Asia/Jakarta,"BMKG point: Dago, Coblong, Kota Bandung",15-09-2026,ICON,Open-Meteo / DWD ICON,01:00,2026-09-15 01:00:00,15.8,74.0,0.0,3.3,0.0,1.4638,Cerah Berawan,wmo:1
dago,"Dago, Bandung",2026-09-15,32.73.02.1004,Dago,kelurahan,no,-6.889,107.61,Asia/Jakarta,"BMKG point: Dago, Coblong, Kota Bandung",15-09-2026,ICON,Open-Meteo / DWD ICON,02:00,2026-09-15 02:00:00,15.0,79.0,0.0,3.6,0.0,1.4638,Cerah Berawan,wmo:1
dago,"Dago, Bandung",2026-09-15,32.73.02.1004,Dago,kelurahan,no,-6.889,107.61,Asia/Jakarta,"BMKG point: Dago, Coblong, Kota Bandung",15-09-2026,ICON,Open-Meteo / DWD ICON,03:00,2026-09-15 03:00:00,14.5,83.0,0.0,3.6,0.0,1.4638,Cerah Berawan,wmo:1
dago,"Dago, Bandung",2026-09-15,32.73.02.1004,Dago,kelurahan,no,-6.889,107.61,Asia/Jakarta,"BMKG point: Dago, Coblong, Kota Bandung",15-09-2026,ICON,Open-Meteo / DWD ICON,04:00,2026-09-15 04:00:00,14.1,88.0,0.0,3.6,0.0,1.4638,Cerah Berawan,wmo:1
dago,"Dago, Bandung",2026-09-15,32.73.02.1004,Dago,kelurahan,no,-6.889,107.61,Asia/Jakarta,"BMKG point: Dago, Coblong, Kota Bandung",15-09-2026,ICON,Open-Meteo / DWD ICON,05:00,2026-09-15 05:00:00,13.7,92.0,0.0,3.6,0.0,1.4638,Cerah Berawan,wmo:1
dago,"Dago, Bandung",2026-09-15,32.73.02.1004,Dago,kelurahan,no,-6.889,107.61,Asia/Jakarta,"BMKG point: Dago, Coblong, Kota Bandung",15-09-2026,ICON,Open-Meteo / DWD ICON,06:00,2026-09-15 06:00:00,13.4,94.0,0.0,3.9,0.0,1.4638,Cerah Berawan,wmo:2
dago,"Dago, Bandung",2026-09-15,32.73.02.1004,Dago,kelurahan,no,-6.889,107.61,Asia/Jakarta,"BMKG point: Dago, Coblong, Kota Bandung",15-09-2026,ICON,Open-Meteo / DWD ICON,07:00,2026-09-15 07:00:00,15.6,89.0,0.0,4.2,0.0,1.4638,Cerah Berawan,wmo:1
dago,"Dago, Bandung",2026-09-15,32.73.02.1004,Dago,kelurahan,no,-6.889,107.61,Asia/Jakarta,"BMKG point: Dago, Coblong, Kota Bandung",15-09-2026,ICON,Open-Meteo / DWD ICON,08:00,2026-09-15 08:00:00,20.1,67.0,0.0,3.8,0.0,1.4638,Cerah Berawan,wmo:1
dago,"Dago, Bandung",2026-09-15,32.73.02.1004,Dago,kelurahan,no,-6.889,107.61,Asia/Jakarta,"BMKG point: Dago, Coblong, Kota Bandung",15-09-2026,ICON,Open-Meteo / DWD ICON,09:00,2026-09-15 09:00:00,24.0,54.0,0.0,7.6,0.0,1.4638,Cerah Berawan,wmo:1
dago,"Dago, Bandung",2026-09-15,32.73.02.1004,Dago,kelurahan,no,-6.889,107.61,Asia/Jakarta,"BMKG point: Dago, Coblong, Kota Bandung",15-09-2026,ICON,Open-Meteo / DWD ICON,10:00,2026-09-15 10:00:00,26.7,44.0,0.0,11.0,0.0,1.4638,Cerah Berawan,wmo:1
dago,"Dago, Bandung",2026-09-15,32.73.02.1004,Dago,kelurahan,no,-6.889,107.61,Asia/Jakarta,"BMKG point: Dago, Coblong, Kota Bandung",15-09-2026,ICON,Open-Meteo / DWD ICON,11:00,2026-09-15 11:00:00,28.7,33.0,0.0,11.0,0.0,1.4638,Cerah Berawan,wmo:1
dago,"Dago, Bandung",2026-09-15,32.73.02.1004,Dago,kelurahan,no,-6.889,107.61,Asia/Jakarta,"BMKG point: Dago, Coblong, Kota Bandung",15-09-2026,ICON,Open-Meteo / DWD ICON,12:00,2026-09-15 12:00:00,30.1,29.0,0.0,10.0,0.0,1.4638,Cerah Berawan,wmo:1
dago,"Dago, Bandung",2026-09-15,32.73.02.1004,Dago,kelurahan,no,-6.889,107.61,Asia/Jakarta,"BMKG point: Dago, Coblong, Kota Bandung",15-09-2026,ICON,Open-Meteo / DWD ICON,13:00,2026-09-15 13:00:00,31.1,25.0,0.0,8.1,0.0,1.4638,Cerah,wmo:0
dago,"Dago, Bandung",2026-09-15,32.73.02.1004,Dago,kelurahan,no,-6.889,107.61,Asia/Jakarta,"BMKG point: Dago, Coblong, Kota Bandung",15-09-2026,ICON,Open-Meteo / DWD ICON,14:00,2026-09-15 14:00:00,31.5,24.0,0.0,7.1,0.0,1.4638,Cerah Berawan,wmo:1
dago,"Dago, Bandung",2026-09-15,32.73.02.1004,Dago,kelurahan,no,-6.889,107.61,Asia/Jakarta,"BMKG point: Dago, Coblong, Kota Bandung",15-09-2026,ICON,Open-Meteo / DWD ICON,15:00,2026-09-15 15:00:00,31.4,26.0,0.0,7.1,0.0,1.4638,Cerah Berawan,wmo:1
dago,"Dago, Bandung",2026-09-15,32.73.02.1004,Dago,kelurahan,no,-6.889,107.61,Asia/Jakarta,"BMKG point: Dago, Coblong, Kota Bandung",15-09-2026,ICON,Open-Meteo / DWD ICON,16:00,2026-09-15 16:00:00,30.7,29.0,0.0,8.3,0.0,1.4638,Cerah Berawan,wmo:2
dago,"Dago, Bandung",2026-09-15,32.73.02.1004,Dago,kelurahan,no,-6.889,107.61,Asia/Jakarta,"BMKG point: Dago, Coblong, Kota Bandung",15-09-2026,ICON,Open-Meteo / DWD ICON,17:00,2026-09-15 17:00:00,29.5,32.0,0.0,7.2,0.0,1.4638,Berawan,wmo:3
dago,"Dago, Bandung",2026-09-15,32.73.02.1004,Dago,kelurahan,no,-6.889,107.61,Asia/Jakarta,"BMKG point: Dago, Coblong, Kota Bandung",15-09-2026,ICON,Open-Meteo / DWD ICON,18:00,2026-09-15 18:00:00,27.2,40.0,0.0,7.7,0.0,1.4638,Cerah Berawan,wmo:1
dago,"Dago, Bandung",2026-09-15,32.73.02.1004,Dago,kelurahan,no,-6.889,107.61,Asia/Jakarta,"BMKG point: Dago, Coblong, Kota Bandung",15-09-2026,ICON,Open-Meteo / DWD ICON,19:00,2026-09-15 19:00:00,24.8,53.0,0.0,6.0,0.0,1.4638,Cerah Berawan,wmo:1
dago,"Dago, Bandung",2026-09-15,32.73.02.1004,Dago,kelurahan,no,-6.889,107.61,Asia/Jakarta,"BMKG point: Dago, Coblong, Kota Bandung",15-09-2026,ICON,Open-Meteo / DWD ICON,20:00,2026-09-15 20:00:00,23.1,63.0,0.0,5.4,0.0,1.4638,Cerah Berawan,wmo:2
dago,"Dago, Bandung",2026-09-15,32.73.02.1004,Dago,kelurahan,no,-6.889,107.61,Asia/Jakarta,"BMKG point: Dago, Coblong, Kota Bandung",15-09-2026,ICON,Open-Meteo / DWD ICON,21:00,2026-09-15 21:00:00,22.1,73.0,0.0,5.2,0.0,1.4638,Cerah Berawan,wmo:2
dago,"Dago, Bandung",2026-09-15,32.73.02.1004,Dago,kelurahan,no,-6.889,107.61,Asia/Jakarta,"BMKG point: Dago, Coblong, Kota Bandung",15-09-2026,ICON,Open-Meteo / DWD ICON,22:00,2026-09-15 22:00:00,21.1,78.0,0.0,4.9,0.0,1.4638,Cerah Berawan,wmo:1
dago,"Dago, Bandung",2026-09-15,32.73.02.1004,Dago,kelurahan,no,-6.889,107.61,Asia/Jakarta,"BMKG point: Dago, Coblong, Kota Bandung",15-09-2026,ICON,Open-Meteo / DWD ICON,23:00,2026-09-15 23:00:00,20.2,80.0,0.0,4.0,0.0,1.4638,Cerah Berawan,wmo:1
dago,"Dago, Bandung",2026-09-15,32.73.02.1004,Dago,kelurahan,no,-6.889,107.61,Asia/Jakarta,"BMKG point: Dago, Coblong, Kota Bandung",15-09-2026,KMA,Open-Meteo / KMA,00:00,2026-09-15 00:00:00,,,,,0.0,0.5396,Berawan,wmo:None
dago,"Dago, Bandung",2026-09-15,32.73.02.1004,Dago,kelurahan,no,-6.889,107.61,Asia/Jakarta,"BMKG point: Dago, Coblong, Kota Bandung",15-09-2026,KMA,Open-Meteo / KMA,01:00,2026-09-15 01:00:00,,,,,0.0,0.5396,Berawan,wmo:None
dago,"Dago, Bandung",2026-09-15,32.73.02.1004,Dago,kelurahan,no,-6.889,107.61,Asia/Jakarta,"BMKG point: Dago, Coblong, Kota Bandung",15-09-2026,KMA,Open-Meteo / KMA,02:00,2026-09-15 02:00:00,,,,,0.0,0.5396,Berawan,wmo:None
dago,"Dago, Bandung",2026-09-15,32.73.02.1004,Dago,kelurahan,no,-6.889,107.61,Asia/Jakarta,"BMKG point: Dago, Coblong, Kota Bandung",15-09-2026,KMA,Open-Meteo / KMA,03:00,2026-09-15 03:00:00,,,,,0.0,0.5396,Berawan,wmo:None
dago,"Dago, Bandung",2026-09-15,32.73.02.1004,Dago,kelurahan,no,-6.889,107.61,Asia/Jakarta,"BMKG point: Dago, Coblong, Kota Bandung",15-09-2026,KMA,Open-Meteo / KMA,04:00,2026-09-15 04:00:00,,,,,0.0,0.5396,Berawan,wmo:None
dago,"Dago, Bandung",2026-09-15,32.73.02.1004,Dago,kelurahan,no,-6.889,107.61,Asia/Jakarta,"BMKG point: Dago, Coblong, Kota Bandung",15-09-2026,KMA,Open-Meteo / KMA,05:00,2026-09-15 05:00:00,,,,,0.0,0.5396,Berawan,wmo:None
dago,"Dago, Bandung",2026-09-15,32.73.02.1004,Dago,kelurahan,no,-6.889,107.61,Asia/Jakarta,"BMKG point: Dago, Coblong, Kota Bandung",15-09-2026,KMA,Open-Meteo / KMA,06:00,2026-09-15 06:00:00,,,,,0.0,0.5396,Berawan,wmo:None
dago,"Dago, Bandung",2026-09-15,32.73.02.1004,Dago,kelurahan,no,-6.889,107.61,Asia/Jakarta,"BMKG point: Dago, Coblong, Kota Bandung",15-09-2026,KMA,Open-Meteo / KMA,07:00,2026-09-15 07:00:00,,,,,0.0,0.5396,Berawan,wmo:None
dago,"Dago, Bandung",2026-09-15,32.73.02.1004,Dago,kelurahan,no,-6.889,107.61,Asia/Jakarta,"BMKG point: Dago, Coblong, Kota Bandung",15-09-2026,KMA,Open-Meteo / KMA,08:00,2026-09-15 08:00:00,,,,,0.0,0.5396,Berawan,wmo:None
dago,"Dago, Bandung",2026-09-15,32.73.02.1004,Dago,kelurahan,no,-6.889,107.61,Asia/Jakarta,"BMKG point: Dago, Coblong, Kota Bandung",15-09-2026,KMA,Open-Meteo / KMA,09:00,2026-09-15 09:00:00,,,,,0.0,0.5396,Berawan,wmo:None
dago,"Dago, Bandung",2026-09-15,32.73.02.1004,Dago,kelurahan,no,-6.889,107.61,Asia/Jakarta,"BMKG point: Dago, Coblong, Kota Bandung",15-09-2026,KMA,Open-Meteo / KMA,10:00,2026-09-15 10:00:00,,,,,0.0,0.5396,Berawan,wmo:None
dago,"Dago, Bandung",2026-09-15,32.73.02.1004,Dago,kelurahan,no,-6.889,107.61,Asia/Jakarta,"BMKG point: Dago, Coblong, Kota Bandung",15-09-2026,KMA,Open-Meteo / KMA,11:00,2026-09-15 11:00:00,,,,,0.0,0.5396,Berawan,wmo:None
dago,"Dago, Bandung",2026-09-15,32.73.02.1004,Dago,kelurahan,no,-6.889,107.61,Asia/Jakarta,"BMKG point: Dago, Coblong, Kota Bandung",15-09-2026,KMA,Open-Meteo / KMA,12:00,2026-09-15 12:00:00,,,,,0.0,0.5396,Berawan,wmo:None
dago,"Dago, Bandung",2026-09-15,32.73.02.1004,Dago,kelurahan,no,-6.889,107.61,Asia/Jakarta,"BMKG point: Dago, Coblong, Kota Bandung",15-09-2026,KMA,Open-Meteo / KMA,13:00,2026-09-15 13:00:00,,,,,0.0,0.5396,Berawan,wmo:None
dago,"Dago, Bandung",2026-09-15,32.73.02.1004,Dago,kelurahan,no,-6.889,107.61,Asia/Jakarta,"BMKG point: Dago, Coblong, Kota Bandung",15-09-2026,KMA,Open-Meteo / KMA,14:00,2026-09-15 14:00:00,,,,,0.0,0.5396,Berawan,wmo:None
dago,"Dago, Bandung",2026-09-15,32.73.02.1004,Dago,kelurahan,no,-6.889,107.61,Asia/Jakarta,"BMKG point: Dago, Coblong, Kota Bandung",15-09-2026,KMA,Open-Meteo / KMA,15:00,2026-09-15 15:00:00,,,,,0.0,0.5396,Berawan,wmo:None
dago,"Dago, Bandung",2026-09-15,32.73.02.1004,Dago,kelurahan,no,-6.889,107.61,Asia/Jakarta,"BMKG point: Dago, Coblong, Kota Bandung",15-09-2026,KMA,Open-Meteo / KMA,16:00,2026-09-15 16:00:00,,,,,0.0,0.5396,Berawan,wmo:None
dago,"Dago, Bandung",2026-09-15,32.73.02.1004,Dago,kelurahan,no,-6.889,107.61,Asia/Jakarta,"BMKG point: Dago, Coblong, Kota Bandung",15-09-2026,KMA,Open-Meteo / KMA,17:00,2026-09-15 17:00:00,,,,,0.0,0.5396,Berawan,wmo:None
dago,"Dago, Bandung",2026-09-15,32.73.02.1004,Dago,kelurahan,no,-6.889,107.61,Asia/Jakarta,"BMKG point: Dago, Coblong, Kota Bandung",15-09-2026,KMA,Open-Meteo / KMA,18:00,2026-09-15 18:00:00,,,,,0.0,0.5396,Berawan,wmo:None
dago,"Dago, Bandung",2026-09-15,32.73.02.1004,Dago,kelurahan,no,-6.889,107.61,Asia/Jakarta,"BMKG point: Dago, Coblong, Kota Bandung",15-09-2026,KMA,Open-Meteo / KMA,19:00,2026-09-15 19:00:00,,,,,0.0,0.5396,Berawan,wmo:None
dago,"Dago, Bandung",2026-09-15,32.73.02.1004,Dago,kelurahan,no,-6.889,107.61,Asia/Jakarta,"BMKG point: Dago, Coblong, Kota Bandung",15-09-2026,KMA,Open-Meteo / KMA,20:00,2026-09-15 20:00:00,,,,,0.0,0.5396,Berawan,wmo:None
dago,"Dago, Bandung",2026-09-15,32.73.02.1004,Dago,kelurahan,no,-6.889,107.61,Asia/Jakarta,"BMKG point: Dago, Coblong, Kota Bandung",15-09-2026,KMA,Open-Meteo / KMA,21:00,2026-09-15 21:00:00,,,,,0.0,0.5396,Berawan,wmo:None
dago,"Dago, Bandung",2026-09-15,32.73.02.1004,Dago,kelurahan,no,-6.889,107.61,Asia/Jakarta,"BMKG point: Dago, Coblong, Kota Bandung",15-09-2026,KMA,Open-Meteo / KMA,22:00,2026-09-15 22:00:00,,,,,0.0,0.5396,Berawan,wmo:None
dago,"Dago, Bandung",2026-09-15,32.73.02.1004,Dago,kelurahan,no,-6.889,107.61,Asia/Jakarta,"BMKG point: Dago, Coblong, Kota Bandung",15-09-2026,KMA,Open-Meteo / KMA,23:00,2026-09-15 23:00:00,,,,,0.0,0.5396,Berawan,wmo:None
dago,"Dago, Bandung",2026-09-15,32.73.02.1004,Dago,kelurahan,no,-6.889,107.61,Asia/Jakarta,"BMKG point: Dago, Coblong, Kota Bandung",15-09-2026,METEOFRANCE,Open-Meteo / Meteo-France,00:00,2026-09-15 00:00:00,25.4,72.0,0.0,0.8,0.0,1.5014,Berawan,wmo:3
dago,"Dago, Bandung",2026-09-15,32.73.02.1004,Dago,kelurahan,no,-6.889,107.61,Asia/Jakarta,"BMKG point: Dago, Coblong, Kota Bandung",15-09-2026,METEOFRANCE,Open-Meteo / Meteo-France,01:00,2026-09-15 01:00:00,24.8,75.0,0.0,0.8,0.0,1.5014,Cerah Berawan,wmo:2
dago,"Dago, Bandung",2026-09-15,32.73.02.1004,Dago,kelurahan,no,-6.889,107.61,Asia/Jakarta,"BMKG point: Dago, Coblong, Kota Bandung",15-09-2026,METEOFRANCE,Open-Meteo / Meteo-France,02:00,2026-09-15 02:00:00,24.1,77.0,0.0,1.1,0.0,1.5014,Cerah Berawan,wmo:2
dago,"Dago, Bandung",2026-09-15,32.73.02.1004,Dago,kelurahan,no,-6.889,107.61,Asia/Jakarta,"BMKG point: Dago, Coblong, Kota Bandung",15-09-2026,METEOFRANCE,Open-Meteo / Meteo-France,03:00,2026-09-15 03:00:00,23.6,79.0,0.0,1.8,0.0,1.5014,Berawan,wmo:3
dago,"Dago, Bandung",2026-09-15,32.73.02.1004,Dago,kelurahan,no,-6.889,107.61,Asia/Jakarta,"BMKG point: Dago, Coblong, Kota Bandung",15-09-2026,METEOFRANCE,Open-Meteo / Meteo-France,04:00,2026-09-15 04:00:00,23.1,79.0,0.0,2.4,0.0,1.5014,Berawan,wmo:3
dago,"Dago, Bandung",2026-09-15,32.73.02.1004,Dago,kelurahan,no,-6.889,107.61,Asia/Jakarta,"BMKG point: Dago, Coblong, Kota Bandung",15-09-2026,METEOFRANCE,Open-Meteo / Meteo-France,05:00,2026-09-15 05:00:00,22.7,78.0,0.0,2.9,0.0,1.5014,Berawan,wmo:3
dago,"Dago, Bandung",2026-09-15,32.73.02.1004,Dago,kelurahan,no,-6.889,107.61,Asia/Jakarta,"BMKG point: Dago, Coblong, Kota Bandung",15-09-2026,METEOFRANCE,Open-Meteo / Meteo-France,06:00,2026-09-15 06:00:00,22.5,75.0,0.0,3.6,0.0,1.5014,Berawan,wmo:3
dago,"Dago, Bandung",2026-09-15,32.73.02.1004,Dago,kelurahan,no,-6.889,107.61,Asia/Jakarta,"BMKG point: Dago, Coblong, Kota Bandung",15-09-2026,METEOFRANCE,Open-Meteo / Meteo-France,07:00,2026-09-15 07:00:00,23.8,67.0,0.0,3.8,0.0,1.5014,Cerah Berawan,wmo:2
dago,"Dago, Bandung",2026-09-15,32.73.02.1004,Dago,kelurahan,no,-6.889,107.61,Asia/Jakarta,"BMKG point: Dago, Coblong, Kota Bandung",15-09-2026,METEOFRANCE,Open-Meteo / Meteo-France,08:00,2026-09-15 08:00:00,25.8,50.0,0.0,2.9,0.0,1.5014,Cerah Berawan,wmo:2
dago,"Dago, Bandung",2026-09-15,32.73.02.1004,Dago,kelurahan,no,-6.889,107.61,Asia/Jakarta,"BMKG point: Dago, Coblong, Kota Bandung",15-09-2026,METEOFRANCE,Open-Meteo / Meteo-France,09:00,2026-09-15 09:00:00,28.2,39.0,0.0,2.9,0.0,1.5014,Cerah Berawan,wmo:2
dago,"Dago, Bandung",2026-09-15,32.73.02.1004,Dago,kelurahan,no,-6.889,107.61,Asia/Jakarta,"BMKG point: Dago, Coblong, Kota Bandung",15-09-2026,METEOFRANCE,Open-Meteo / Meteo-France,10:00,2026-09-15 10:00:00,30.4,31.0,0.0,4.9,0.0,1.5014,Cerah Berawan,wmo:2
dago,"Dago, Bandung",2026-09-15,32.73.02.1004,Dago,kelurahan,no,-6.889,107.61,Asia/Jakarta,"BMKG point: Dago, Coblong, Kota Bandung",15-09-2026,METEOFRANCE,Open-Meteo / Meteo-France,11:00,2026-09-15 11:00:00,32.1,26.0,0.0,6.5,0.0,1.5014,Cerah Berawan,wmo:2
dago,"Dago, Bandung",2026-09-15,32.73.02.1004,Dago,kelurahan,no,-6.889,107.61,Asia/Jakarta,"BMKG point: Dago, Coblong, Kota Bandung",15-09-2026,METEOFRANCE,Open-Meteo / Meteo-France,12:00,2026-09-15 12:00:00,33.6,24.0,0.0,9.1,0.0,1.5014,Berawan,wmo:3
dago,"Dago, Bandung",2026-09-15,32.73.02.1004,Dago,kelurahan,no,-6.889,107.61,Asia/Jakarta,"BMKG point: Dago, Coblong, Kota Bandung",15-09-2026,METEOFRANCE,Open-Meteo / Meteo-France,13:00,2026-09-15 13:00:00,34.5,24.0,0.0,11.9,0.0,1.5014,Berawan,wmo:3
dago,"Dago, Bandung",2026-09-15,32.73.02.1004,Dago,kelurahan,no,-6.889,107.61,Asia/Jakarta,"BMKG point: Dago, Coblong, Kota Bandung",15-09-2026,METEOFRANCE,Open-Meteo / Meteo-France,14:00,2026-09-15 14:00:00,34.6,24.0,0.0,12.9,0.0,1.5014,Berawan,wmo:3
dago,"Dago, Bandung",2026-09-15,32.73.02.1004,Dago,kelurahan,no,-6.889,107.61,Asia/Jakarta,"BMKG point: Dago, Coblong, Kota Bandung",15-09-2026,METEOFRANCE,Open-Meteo / Meteo-France,15:00,2026-09-15 15:00:00,34.2,26.0,0.0,12.9,0.0,1.5014,Berawan,wmo:3
dago,"Dago, Bandung",2026-09-15,32.73.02.1004,Dago,kelurahan,no,-6.889,107.61,Asia/Jakarta,"BMKG point: Dago, Coblong, Kota Bandung",15-09-2026,METEOFRANCE,Open-Meteo / Meteo-France,16:00,2026-09-15 16:00:00,33.3,29.0,0.0,12.7,0.0,1.5014,Cerah Berawan,wmo:2
dago,"Dago, Bandung",2026-09-15,32.73.02.1004,Dago,kelurahan,no,-6.889,107.61,Asia/Jakarta,"BMKG point: Dago, Coblong, Kota Bandung",15-09-2026,METEOFRANCE,Open-Meteo / Meteo-France,17:00,2026-09-15 17:00:00,32.0,35.0,0.0,12.2,0.0,1.5014,Cerah Berawan,wmo:2
dago,"Dago, Bandung",2026-09-15,32.73.02.1004,Dago,kelurahan,no,-6.889,107.61,Asia/Jakarta,"BMKG point: Dago, Coblong, Kota Bandung",15-09-2026,METEOFRANCE,Open-Meteo / Meteo-France,18:00,2026-09-15 18:00:00,30.2,44.0,0.0,11.4,0.0,1.5014,Cerah Berawan,wmo:2
dago,"Dago, Bandung",2026-09-15,32.73.02.1004,Dago,kelurahan,no,-6.889,107.61,Asia/Jakarta,"BMKG point: Dago, Coblong, Kota Bandung",15-09-2026,METEOFRANCE,Open-Meteo / Meteo-France,19:00,2026-09-15 19:00:00,28.7,52.0,0.0,10.5,0.0,1.5014,Cerah Berawan,wmo:1
dago,"Dago, Bandung",2026-09-15,32.73.02.1004,Dago,kelurahan,no,-6.889,107.61,Asia/Jakarta,"BMKG point: Dago, Coblong, Kota Bandung",15-09-2026,METEOFRANCE,Open-Meteo / Meteo-France,20:00,2026-09-15 20:00:00,27.5,60.0,0.0,8.7,0.0,1.5014,Cerah Berawan,wmo:1
dago,"Dago, Bandung",2026-09-15,32.73.02.1004,Dago,kelurahan,no,-6.889,107.61,Asia/Jakarta,"BMKG point: Dago, Coblong, Kota Bandung",15-09-2026,METEOFRANCE,Open-Meteo / Meteo-France,21:00,2026-09-15 21:00:00,26.5,68.0,0.0,6.6,0.0,1.5014,Cerah Berawan,wmo:1
dago,"Dago, Bandung",2026-09-15,32.73.02.1004,Dago,kelurahan,no,-6.889,107.61,Asia/Jakarta,"BMKG point: Dago, Coblong, Kota Bandung",15-09-2026,METEOFRANCE,Open-Meteo / Meteo-France,22:00,2026-09-15 22:00:00,25.7,75.0,0.0,4.6,0.0,1.5014,Cerah Berawan,wmo:2
dago,"Dago, Bandung",2026-09-15,32.73.02.1004,Dago,kelurahan,no,-6.889,107.61,Asia/Jakarta,"BMKG point: Dago, Coblong, Kota Bandung",15-09-2026,METEOFRANCE,Open-Meteo / Meteo-France,23:00,2026-09-15 23:00:00,25.1,80.0,0.0,2.6,0.0,1.5014,Cerah Berawan,wmo:2
dago,"Dago, Bandung",2026-09-15,32.73.02.1004,Dago,kelurahan,no,-6.889,107.61,Asia/Jakarta,"BMKG point: Dago, Coblong, Kota Bandung",15-09-2026,METNO,MET Norway,00:00,2026-09-15 00:00:00,19.9,53.4,0.0,9.0,0.0,1.3498,Cerah Berawan,partlycloudy_night
dago,"Dago, Bandung",2026-09-15,32.73.02.1004,Dago,kelurahan,no,-6.889,107.61,Asia/Jakarta,"BMKG point: Dago, Coblong, Kota Bandung",15-09-2026,METNO,MET Norway,01:00,2026-09-15 01:00:00,19.1,51.9,0.0,8.28,0.0,1.3498,Cerah Berawan,partlycloudy_night
dago,"Dago, Bandung",2026-09-15,32.73.02.1004,Dago,kelurahan,no,-6.889,107.61,Asia/Jakarta,"BMKG point: Dago, Coblong, Kota Bandung",15-09-2026,METNO,MET Norway,02:00,2026-09-15 02:00:00,18.4,57.6,0.0,8.28,0.0,1.3498,Cerah Berawan,partlycloudy_night
dago,"Dago, Bandung",2026-09-15,32.73.02.1004,Dago,kelurahan,no,-6.889,107.61,Asia/Jakarta,"BMKG point: Dago, Coblong, Kota Bandung",15-09-2026,METNO,MET Norway,03:00,2026-09-15 03:00:00,17.8,66.5,0.0,7.92,0.0,1.3498,Cerah Berawan,partlycloudy_night
dago,"Dago, Bandung",2026-09-15,32.73.02.1004,Dago,kelurahan,no,-6.889,107.61,Asia/Jakarta,"BMKG point: Dago, Coblong, Kota Bandung",15-09-2026,METNO,MET Norway,04:00,2026-09-15 04:00:00,17.0,74.7,0.0,7.92,0.0,1.3498,Cerah Berawan,partlycloudy_night
dago,"Dago, Bandung",2026-09-15,32.73.02.1004,Dago,kelurahan,no,-6.889,107.61,Asia/Jakarta,"BMKG point: Dago, Coblong, Kota Bandung",15-09-2026,METNO,MET Norway,05:00,2026-09-15 05:00:00,16.5,77.9,0.0,6.84,0.0,1.3498,Cerah Berawan,partlycloudy_night
dago,"Dago, Bandung",2026-09-15,32.73.02.1004,Dago,kelurahan,no,-6.889,107.61,Asia/Jakarta,"BMKG point: Dago, Coblong, Kota Bandung",15-09-2026,METNO,MET Norway,06:00,2026-09-15 06:00:00,16.3,76.1,0.0,6.84,0.0,1.3498,Cerah Berawan,partlycloudy_day
dago,"Dago, Bandung",2026-09-15,32.73.02.1004,Dago,kelurahan,no,-6.889,107.61,Asia/Jakarta,"BMKG point: Dago, Coblong, Kota Bandung",15-09-2026,METNO,MET Norway,07:00,2026-09-15 07:00:00,18.4,66.3,0.0,8.28,0.0,1.3498,Cerah Berawan,partlycloudy_day
dago,"Dago, Bandung",2026-09-15,32.73.02.1004,Dago,kelurahan,no,-6.889,107.61,Asia/Jakarta,"BMKG point: Dago, Coblong, Kota Bandung",15-09-2026,METNO,MET Norway,08:00,2026-09-15 08:00:00,21.3,58.8,0.0,9.0,0.0,1.3498,Cerah Berawan,partlycloudy_day
dago,"Dago, Bandung",2026-09-15,32.73.02.1004,Dago,kelurahan,no,-6.889,107.61,Asia/Jakarta,"BMKG point: Dago, Coblong, Kota Bandung",15-09-2026,METNO,MET Norway,09:00,2026-09-15 09:00:00,24.0,44.3,0.0,9.72,0.0,1.3498,Cerah Berawan,partlycloudy_day
dago,"Dago, Bandung",2026-09-15,32.73.02.1004,Dago,kelurahan,no,-6.889,107.61,Asia/Jakarta,"BMKG point: Dago, Coblong, Kota Bandung",15-09-2026,METNO,MET Norway,10:00,2026-09-15 10:00:00,26.4,33.7,0.0,9.72,0.0,1.3498,Cerah Berawan,partlycloudy_day
dago,"Dago, Bandung",2026-09-15,32.73.02.1004,Dago,kelurahan,no,-6.889,107.61,Asia/Jakarta,"BMKG point: Dago, Coblong, Kota Bandung",15-09-2026,METNO,MET Norway,11:00,2026-09-15 11:00:00,28.6,25.5,0.0,10.8,0.0,1.3498,Cerah Berawan,partlycloudy_day
dago,"Dago, Bandung",2026-09-15,32.73.02.1004,Dago,kelurahan,no,-6.889,107.61,Asia/Jakarta,"BMKG point: Dago, Coblong, Kota Bandung",15-09-2026,METNO,MET Norway,12:00,2026-09-15 12:00:00,30.0,21.9,0.0,9.72,0.0,1.3498,Cerah Berawan,partlycloudy_day
dago,"Dago, Bandung",2026-09-15,32.73.02.1004,Dago,kelurahan,no,-6.889,107.61,Asia/Jakarta,"BMKG point: Dago, Coblong, Kota Bandung",15-09-2026,METNO,MET Norway,13:00,2026-09-15 13:00:00,30.9,20.6,0.0,11.16,0.0,1.3498,Cerah Berawan,partlycloudy_day
dago,"Dago, Bandung",2026-09-15,32.73.02.1004,Dago,kelurahan,no,-6.889,107.61,Asia/Jakarta,"BMKG point: Dago, Coblong, Kota Bandung",15-09-2026,METNO,MET Norway,14:00,2026-09-15 14:00:00,31.0,22.0,0.0,12.96,0.0,1.3498,Cerah Berawan,partlycloudy_day
dago,"Dago, Bandung",2026-09-15,32.73.02.1004,Dago,kelurahan,no,-6.889,107.61,Asia/Jakarta,"BMKG point: Dago, Coblong, Kota Bandung",15-09-2026,METNO,MET Norway,15:00,2026-09-15 15:00:00,30.3,27.4,0.0,12.96,0.0,1.3498,Berawan,cloudy
dago,"Dago, Bandung",2026-09-15,32.73.02.1004,Dago,kelurahan,no,-6.889,107.61,Asia/Jakarta,"BMKG point: Dago, Coblong, Kota Bandung",15-09-2026,METNO,MET Norway,16:00,2026-09-15 16:00:00,29.2,31.3,0.0,12.96,0.0,1.3498,Berawan,cloudy
dago,"Dago, Bandung",2026-09-15,32.73.02.1004,Dago,kelurahan,no,-6.889,107.61,Asia/Jakarta,"BMKG point: Dago, Coblong, Kota Bandung",15-09-2026,METNO,MET Norway,17:00,2026-09-15 17:00:00,28.3,33.8,0.0,11.16,0.0,1.3498,Cerah Berawan,partlycloudy_day
dago,"Dago, Bandung",2026-09-15,32.73.02.1004,Dago,kelurahan,no,-6.889,107.61,Asia/Jakarta,"BMKG point: Dago, Coblong, Kota Bandung",15-09-2026,METNO,MET Norway,18:00,2026-09-15 18:00:00,26.4,39.8,0.0,14.76,0.0,1.3498,Cerah Berawan,partlycloudy_night
dago,"Dago, Bandung",2026-09-15,32.73.02.1004,Dago,kelurahan,no,-6.889,107.61,Asia/Jakarta,"BMKG point: Dago, Coblong, Kota Bandung",15-09-2026,METNO,MET Norway,19:00,2026-09-15 19:00:00,24.6,50.8,0.0,10.44,0.0,1.3498,Cerah Berawan,fair_night
dago,"Dago, Bandung",2026-09-15,32.73.02.1004,Dago,kelurahan,no,-6.889,107.61,Asia/Jakarta,"BMKG point: Dago, Coblong, Kota Bandung",15-09-2026,METNO,MET Norway,20:00,2026-09-15 20:00:00,23.6,57.2,0.0,9.36,0.0,1.3498,Cerah Berawan,fair_night
dago,"Dago, Bandung",2026-09-15,32.73.02.1004,Dago,kelurahan,no,-6.889,107.61,Asia/Jakarta,"BMKG point: Dago, Coblong, Kota Bandung",15-09-2026,METNO,MET Norway,21:00,2026-09-15 21:00:00,22.6,63.3,0.0,10.08,0.0,1.3498,Cerah,clearsky_night
dago,"Dago, Bandung",2026-09-15,32.73.02.1004,Dago,kelurahan,no,-6.889,107.61,Asia/Jakarta,"BMKG point: Dago, Coblong, Kota Bandung",15-09-2026,METNO,MET Norway,22:00,2026-09-15 22:00:00,21.5,69.4,0.0,8.64,0.0,1.3498,Cerah,clearsky_night
dago,"Dago, Bandung",2026-09-15,32.73.02.1004,Dago,kelurahan,no,-6.889,107.61,Asia/Jakarta,"BMKG point: Dago, Coblong, Kota Bandung",15-09-2026,METNO,MET Norway,23:00,2026-09-15 23:00:00,20.4,75.0,0.0,9.0,0.0,1.3498,Cerah,clearsky_night
dago,"Dago, Bandung",2026-09-15,32.73.02.1004,Dago,kelurahan,no,-6.889,107.61,Asia/Jakarta,"BMKG point: Dago, Coblong, Kota Bandung",15-09-2026,UKMO,Open-Meteo / UK Met Office,00:00,2026-09-15 00:00:00,21.8,48.0,0.0,6.8,0.0,1.3181,Cerah,wmo:0
dago,"Dago, Bandung",2026-09-15,32.73.02.1004,Dago,kelurahan,no,-6.889,107.61,Asia/Jakarta,"BMKG point: Dago, Coblong, Kota Bandung",15-09-2026,UKMO,Open-Meteo / UK Met Office,01:00,2026-09-15 01:00:00,20.9,52.0,0.0,6.5,0.0,1.3181,Cerah,wmo:0
dago,"Dago, Bandung",2026-09-15,32.73.02.1004,Dago,kelurahan,no,-6.889,107.61,Asia/Jakarta,"BMKG point: Dago, Coblong, Kota Bandung",15-09-2026,UKMO,Open-Meteo / UK Met Office,02:00,2026-09-15 02:00:00,19.9,56.0,0.0,5.8,0.0,1.3181,Cerah,wmo:0
dago,"Dago, Bandung",2026-09-15,32.73.02.1004,Dago,kelurahan,no,-6.889,107.61,Asia/Jakarta,"BMKG point: Dago, Coblong, Kota Bandung",15-09-2026,UKMO,Open-Meteo / UK Met Office,03:00,2026-09-15 03:00:00,19.3,54.0,0.0,6.5,0.0,1.3181,Cerah,wmo:0
dago,"Dago, Bandung",2026-09-15,32.73.02.1004,Dago,kelurahan,no,-6.889,107.61,Asia/Jakarta,"BMKG point: Dago, Coblong, Kota Bandung",15-09-2026,UKMO,Open-Meteo / UK Met Office,04:00,2026-09-15 04:00:00,18.9,53.0,0.0,6.8,0.0,1.3181,Cerah,wmo:0
dago,"Dago, Bandung",2026-09-15,32.73.02.1004,Dago,kelurahan,no,-6.889,107.61,Asia/Jakarta,"BMKG point: Dago, Coblong, Kota Bandung",15-09-2026,UKMO,Open-Meteo / UK Met Office,05:00,2026-09-15 05:00:00,18.9,48.0,0.0,9.0,0.0,1.3181,Cerah,wmo:0
dago,"Dago, Bandung",2026-09-15,32.73.02.1004,Dago,kelurahan,no,-6.889,107.61,Asia/Jakarta,"BMKG point: Dago, Coblong, Kota Bandung",15-09-2026,UKMO,Open-Meteo / UK Met Office,06:00,2026-09-15 06:00:00,18.8,51.0,0.0,10.1,0.0,1.3181,Cerah,wmo:0
dago,"Dago, Bandung",2026-09-15,32.73.02.1004,Dago,kelurahan,no,-6.889,107.61,Asia/Jakarta,"BMKG point: Dago, Coblong, Kota Bandung",15-09-2026,UKMO,Open-Meteo / UK Met Office,07:00,2026-09-15 07:00:00,20.1,55.0,0.0,6.8,0.0,1.3181,Cerah,wmo:0
dago,"Dago, Bandung",2026-09-15,32.73.02.1004,Dago,kelurahan,no,-6.889,107.61,Asia/Jakarta,"BMKG point: Dago, Coblong, Kota Bandung",15-09-2026,UKMO,Open-Meteo / UK Met Office,08:00,2026-09-15 08:00:00,21.8,48.0,0.0,10.1,0.0,1.3181,Cerah,wmo:0
dago,"Dago, Bandung",2026-09-15,32.73.02.1004,Dago,kelurahan,no,-6.889,107.61,Asia/Jakarta,"BMKG point: Dago, Coblong, Kota Bandung",15-09-2026,UKMO,Open-Meteo / UK Met Office,09:00,2026-09-15 09:00:00,23.4,41.0,0.0,11.2,0.0,1.3181,Cerah,wmo:0
dago,"Dago, Bandung",2026-09-15,32.73.02.1004,Dago,kelurahan,no,-6.889,107.61,Asia/Jakarta,"BMKG point: Dago, Coblong, Kota Bandung",15-09-2026,UKMO,Open-Meteo / UK Met Office,10:00,2026-09-15 10:00:00,25.2,34.0,0.0,13.3,0.0,1.3181,Cerah,wmo:0
dago,"Dago, Bandung",2026-09-15,32.73.02.1004,Dago,kelurahan,no,-6.889,107.61,Asia/Jakarta,"BMKG point: Dago, Coblong, Kota Bandung",15-09-2026,UKMO,Open-Meteo / UK Met Office,11:00,2026-09-15 11:00:00,27.1,27.0,0.0,13.7,0.0,1.3181,Cerah,wmo:0
dago,"Dago, Bandung",2026-09-15,32.73.02.1004,Dago,kelurahan,no,-6.889,107.61,Asia/Jakarta,"BMKG point: Dago, Coblong, Kota Bandung",15-09-2026,UKMO,Open-Meteo / UK Met Office,12:00,2026-09-15 12:00:00,28.6,22.0,0.0,12.2,0.0,1.3181,Cerah,wmo:0
dago,"Dago, Bandung",2026-09-15,32.73.02.1004,Dago,kelurahan,no,-6.889,107.61,Asia/Jakarta,"BMKG point: Dago, Coblong, Kota Bandung",15-09-2026,UKMO,Open-Meteo / UK Met Office,13:00,2026-09-15 13:00:00,29.6,20.0,0.0,10.4,0.0,1.3181,Cerah,wmo:0
dago,"Dago, Bandung",2026-09-15,32.73.02.1004,Dago,kelurahan,no,-6.889,107.61,Asia/Jakarta,"BMKG point: Dago, Coblong, Kota Bandung",15-09-2026,UKMO,Open-Meteo / UK Met Office,14:00,2026-09-15 14:00:00,30.0,20.0,0.0,10.1,0.0,1.3181,Cerah,wmo:0
dago,"Dago, Bandung",2026-09-15,32.73.02.1004,Dago,kelurahan,no,-6.889,107.61,Asia/Jakarta,"BMKG point: Dago, Coblong, Kota Bandung",15-09-2026,UKMO,Open-Meteo / UK Met Office,15:00,2026-09-15 15:00:00,30.2,20.0,0.0,9.0,0.0,1.3181,Cerah,wmo:0
dago,"Dago, Bandung",2026-09-15,32.73.02.1004,Dago,kelurahan,no,-6.889,107.61,Asia/Jakarta,"BMKG point: Dago, Coblong, Kota Bandung",15-09-2026,UKMO,Open-Meteo / UK Met Office,16:00,2026-09-15 16:00:00,29.9,22.0,0.0,10.1,0.0,1.3181,Cerah,wmo:0
dago,"Dago, Bandung",2026-09-15,32.73.02.1004,Dago,kelurahan,no,-6.889,107.61,Asia/Jakarta,"BMKG point: Dago, Coblong, Kota Bandung",15-09-2026,UKMO,Open-Meteo / UK Met Office,17:00,2026-09-15 17:00:00,28.1,32.0,0.0,15.5,0.0,1.3181,Cerah,wmo:0
dago,"Dago, Bandung",2026-09-15,32.73.02.1004,Dago,kelurahan,no,-6.889,107.61,Asia/Jakarta,"BMKG point: Dago, Coblong, Kota Bandung",15-09-2026,UKMO,Open-Meteo / UK Met Office,18:00,2026-09-15 18:00:00,25.5,43.0,0.0,16.9,0.0,1.3181,Cerah,wmo:0
dago,"Dago, Bandung",2026-09-15,32.73.02.1004,Dago,kelurahan,no,-6.889,107.61,Asia/Jakarta,"BMKG point: Dago, Coblong, Kota Bandung",15-09-2026,UKMO,Open-Meteo / UK Met Office,19:00,2026-09-15 19:00:00,24.2,47.0,0.0,11.9,0.0,1.3181,Cerah,wmo:0
dago,"Dago, Bandung",2026-09-15,32.73.02.1004,Dago,kelurahan,no,-6.889,107.61,Asia/Jakarta,"BMKG point: Dago, Coblong, Kota Bandung",15-09-2026,UKMO,Open-Meteo / UK Met Office,20:00,2026-09-15 20:00:00,23.2,49.0,0.0,10.1,0.0,1.3181,Cerah,wmo:0
dago,"Dago, Bandung",2026-09-15,32.73.02.1004,Dago,kelurahan,no,-6.889,107.61,Asia/Jakarta,"BMKG point: Dago, Coblong, Kota Bandung",15-09-2026,UKMO,Open-Meteo / UK Met Office,21:00,2026-09-15 21:00:00,22.6,49.0,0.0,7.2,0.0,1.3181,Cerah,wmo:0
dago,"Dago, Bandung",2026-09-15,32.73.02.1004,Dago,kelurahan,no,-6.889,107.61,Asia/Jakarta,"BMKG point: Dago, Coblong, Kota Bandung",15-09-2026,UKMO,Open-Meteo / UK Met Office,22:00,2026-09-15 22:00:00,22.0,50.0,0.0,5.0,0.0,1.3181,Cerah,wmo:0
dago,"Dago, Bandung",2026-09-15,32.73.02.1004,Dago,kelurahan,no,-6.889,107.61,Asia/Jakarta,"BMKG point: Dago, Coblong, Kota Bandung",15-09-2026,UKMO,Open-Meteo / UK Met Office,23:00,2026-09-15 23:00:00,21.2,54.0,0.0,4.0,0.0,1.3181,Cerah,wmo:0
jatinangor,"Jatinangor, Sumedang",2026-09-13,32.11.15.2002,Hegarmanah,kecamatan,yes,-6.938,107.7556,Asia/Jakarta,"BMKG representative point: Hegarmanah, Kecamatan Jatinangor",13-09-2026,BMKG,BMKG,18:00,2026-09-13 21:00:00,19.0,92.0,0.0,3.3,180.0,0.9804,Berawan,Berawan
jatinangor,"Jatinangor, Sumedang",2026-09-13,32.11.15.2002,Hegarmanah,kecamatan,yes,-6.938,107.7556,Asia/Jakarta,"BMKG representative point: Hegarmanah, Kecamatan Jatinangor",13-09-2026,BMKG,BMKG,19:00,2026-09-13 21:00:00,19.0,92.0,0.0,3.3,120.0,0.9804,Berawan,Berawan
jatinangor,"Jatinangor, Sumedang",2026-09-13,32.11.15.2002,Hegarmanah,kecamatan,yes,-6.938,107.7556,Asia/Jakarta,"BMKG representative point: Hegarmanah, Kecamatan Jatinangor",13-09-2026,BMKG,BMKG,20:00,2026-09-13 21:00:00,19.0,92.0,0.0,3.3,60.0,1.3369,Berawan,Berawan
jatinangor,"Jatinangor, Sumedang",2026-09-13,32.11.15.2002,Hegarmanah,kecamatan,yes,-6.938,107.7556,Asia/Jakarta,"BMKG representative point: Hegarmanah, Kecamatan Jatinangor",13-09-2026,BMKG,BMKG,21:00,2026-09-13 21:00:00,19.0,92.0,0.0,3.3,0.0,1.7825,Berawan,Berawan
jatinangor,"Jatinangor, Sumedang",2026-09-13,32.11.15.2002,Hegarmanah,kecamatan,yes,-6.938,107.7556,Asia/Jakarta,"BMKG representative point: Hegarmanah, Kecamatan Jatinangor",13-09-2026,BMKG,BMKG,22:00,2026-09-13 21:00:00,19.0,92.0,0.0,3.3,60.0,1.3369,Berawan,Berawan
jatinangor,"Jatinangor, Sumedang",2026-09-13,32.11.15.2002,Hegarmanah,kecamatan,yes,-6.938,107.7556,Asia/Jakarta,"BMKG representative point: Hegarmanah, Kecamatan Jatinangor",13-09-2026,BMKG,BMKG,23:00,2026-09-13 21:00:00,19.0,92.0,0.0,3.3,120.0,0.9804,Berawan,Berawan
jatinangor,"Jatinangor, Sumedang",2026-09-13,32.11.15.2002,Hegarmanah,kecamatan,yes,-6.938,107.7556,Asia/Jakarta,"BMKG representative point: Hegarmanah, Kecamatan Jatinangor",13-09-2026,CMA,Open-Meteo / CMA GRAPES,00:00,2026-09-13 00:00:00,22.5,92.0,0.0,10.8,0.0,1.156,Cerah,wmo:0
jatinangor,"Jatinangor, Sumedang",2026-09-13,32.11.15.2002,Hegarmanah,kecamatan,yes,-6.938,107.7556,Asia/Jakarta,"BMKG representative point: Hegarmanah, Kecamatan Jatinangor",13-09-2026,CMA,Open-Meteo / CMA GRAPES,01:00,2026-09-13 01:00:00,22.3,91.0,0.0,12.0,0.0,1.156,Cerah,wmo:0
jatinangor,"Jatinangor, Sumedang",2026-09-13,32.11.15.2002,Hegarmanah,kecamatan,yes,-6.938,107.7556,Asia/Jakarta,"BMKG representative point: Hegarmanah, Kecamatan Jatinangor",13-09-2026,CMA,Open-Meteo / CMA GRAPES,02:00,2026-09-13 02:00:00,22.0,90.0,0.0,12.0,0.0,1.156,Cerah,wmo:0
jatinangor,"Jatinangor, Sumedang",2026-09-13,32.11.15.2002,Hegarmanah,kecamatan,yes,-6.938,107.7556,Asia/Jakarta,"BMKG representative point: Hegarmanah, Kecamatan Jatinangor",13-09-2026,CMA,Open-Meteo / CMA GRAPES,03:00,2026-09-13 03:00:00,21.7,89.0,0.0,11.0,0.0,1.156,Cerah,wmo:0
jatinangor,"Jatinangor, Sumedang",2026-09-13,32.11.15.2002,Hegarmanah,kecamatan,yes,-6.938,107.7556,Asia/Jakarta,"BMKG representative point: Hegarmanah, Kecamatan Jatinangor",13-09-2026,CMA,Open-Meteo / CMA GRAPES,04:00,2026-09-13 04:00:00,21.6,88.0,0.0,10.5,0.0,1.156,Cerah,wmo:0
jatinangor,"Jatinangor, Sumedang",2026-09-13,32.11.15.2002,Hegarmanah,kecamatan,yes,-6.938,107.7556,Asia/Jakarta,"BMKG representative point: Hegarmanah, Kecamatan Jatinangor",13-09-2026,CMA,Open-Meteo / CMA GRAPES,05:00,2026-09-13 05:00:00,21.6,88.0,0.0,11.0,0.0,1.156,Cerah,wmo:0
jatinangor,"Jatinangor, Sumedang",2026-09-13,32.11.15.2002,Hegarmanah,kecamatan,yes,-6.938,107.7556,Asia/Jakarta,"BMKG representative point: Hegarmanah, Kecamatan Jatinangor",13-09-2026,CMA,Open-Meteo / CMA GRAPES,06:00,2026-09-13 06:00:00,21.8,89.0,0.0,11.7,0.0,1.156,Cerah,wmo:0
jatinangor,"Jatinangor, Sumedang",2026-09-13,32.11.15.2002,Hegarmanah,kecamatan,yes,-6.938,107.7556,Asia/Jakarta,"BMKG representative point: Hegarmanah, Kecamatan Jatinangor",13-09-2026,CMA,Open-Meteo / CMA GRAPES,07:00,2026-09-13 07:00:00,22.3,88.0,0.0,12.2,0.0,1.156,Cerah,wmo:0
jatinangor,"Jatinangor, Sumedang",2026-09-13,32.11.15.2002,Hegarmanah,kecamatan,yes,-6.938,107.7556,Asia/Jakarta,"BMKG representative point: Hegarmanah, Kecamatan Jatinangor",13-09-2026,CMA,Open-Meteo / CMA GRAPES,08:00,2026-09-13 08:00:00,23.3,83.0,0.0,12.5,0.0,1.156,Cerah,wmo:0
jatinangor,"Jatinangor, Sumedang",2026-09-13,32.11.15.2002,Hegarmanah,kecamatan,yes,-6.938,107.7556,Asia/Jakarta,"BMKG representative point: Hegarmanah, Kecamatan Jatinangor",13-09-2026,CMA,Open-Meteo / CMA GRAPES,09:00,2026-09-13 09:00:00,24.5,77.0,0.0,14.0,0.0,1.156,Cerah,wmo:0
jatinangor,"Jatinangor, Sumedang",2026-09-13,32.11.15.2002,Hegarmanah,kecamatan,yes,-6.938,107.7556,Asia/Jakarta,"BMKG representative point: Hegarmanah, Kecamatan Jatinangor",13-09-2026,CMA,Open-Meteo / CMA GRAPES,10:00,2026-09-13 10:00:00,25.8,69.0,0.0,15.3,0.0,1.156,Cerah,wmo:0
jatinangor,"Jatinangor, Sumedang",2026-09-13,32.11.15.2002,Hegarmanah,kecamatan,yes,-6.938,107.7556,Asia/Jakarta,"BMKG representative point: Hegarmanah, Kecamatan Jatinangor",13-09-2026,CMA,Open-Meteo / CMA GRAPES,11:00,2026-09-13 11:00:00,27.2,59.0,0.0,15.0,0.0,1.156,Cerah,wmo:0
jatinangor,"Jatinangor, Sumedang",2026-09-13,32.11.15.2002,Hegarmanah,kecamatan,yes,-6.938,107.7556,Asia/Jakarta,"BMKG representative point: Hegarmanah, Kecamatan Jatinangor",13-09-2026,CMA,Open-Meteo / CMA GRAPES,12:00,2026-09-13 12:00:00,28.5,48.0,0.0,14.3,0.0,1.156,Cerah,wmo:0
jatinangor,"Jatinangor, Sumedang",2026-09-13,32.11.15.2002,Hegarmanah,kecamatan,yes,-6.938,107.7556,Asia/Jakarta,"BMKG representative point: Hegarmanah, Kecamatan Jatinangor",13-09-2026,CMA,Open-Meteo / CMA GRAPES,13:00,2026-09-13 13:00:00,29.3,42.0,0.0,13.5,0.0,1.156,Cerah,wmo:0
jatinangor,"Jatinangor, Sumedang",2026-09-13,32.11.15.2002,Hegarmanah,kecamatan,yes,-6.938,107.7556,Asia/Jakarta,"BMKG representative point: Hegarmanah, Kecamatan Jatinangor",13-09-2026,CMA,Open-Meteo / CMA GRAPES,14:00,2026-09-13 14:00:00,29.2,45.0,0.0,13.8,0.0,1.156,Cerah,wmo:0
jatinangor,"Jatinangor, Sumedang",2026-09-13,32.11.15.2002,Hegarmanah,kecamatan,yes,-6.938,107.7556,Asia/Jakarta,"BMKG representative point: Hegarmanah, Kecamatan Jatinangor",13-09-2026,CMA,Open-Meteo / CMA GRAPES,15:00,2026-09-13 15:00:00,28.5,53.0,0.0,14.0,0.0,1.156,Cerah,wmo:0
jatinangor,"Jatinangor, Sumedang",2026-09-13,32.11.15.2002,Hegarmanah,kecamatan,yes,-6.938,107.7556,Asia/Jakarta,"BMKG representative point: Hegarmanah, Kecamatan Jatinangor",13-09-2026,CMA,Open-Meteo / CMA GRAPES,16:00,2026-09-13 16:00:00,27.5,62.0,0.0,14.0,0.0,1.156,Cerah,wmo:0
jatinangor,"Jatinangor, Sumedang",2026-09-13,32.11.15.2002,Hegarmanah,kecamatan,yes,-6.938,107.7556,Asia/Jakarta,"BMKG representative point: Hegarmanah, Kecamatan Jatinangor",13-09-2026,CMA,Open-Meteo / CMA GRAPES,17:00,2026-09-13 17:00:00,26.1,73.0,0.0,13.3,0.0,1.156,Cerah,wmo:0
jatinangor,"Jatinangor, Sumedang",2026-09-13,32.11.15.2002,Hegarmanah,kecamatan,yes,-6.938,107.7556,Asia/Jakarta,"BMKG representative point: Hegarmanah, Kecamatan Jatinangor",13-09-2026,CMA,Open-Meteo / CMA GRAPES,18:00,2026-09-13 18:00:00,24.5,84.0,0.0,12.0,0.0,1.156,Cerah,wmo:0
jatinangor,"Jatinangor, Sumedang",2026-09-13,32.11.15.2002,Hegarmanah,kecamatan,yes,-6.938,107.7556,Asia/Jakarta,"BMKG representative point: Hegarmanah, Kecamatan Jatinangor",13-09-2026,CMA,Open-Meteo / CMA GRAPES,19:00,2026-09-13 19:00:00,23.1,91.0,0.0,10.3,0.0,1.156,Cerah,wmo:0
jatinangor,"Jatinangor, Sumedang",2026-09-13,32.11.15.2002,Hegarmanah,kecamatan,yes,-6.938,107.7556,Asia/Jakarta,"BMKG representative point: Hegarmanah, Kecamatan Jatinangor",13-09-2026,CMA,Open-Meteo / CMA GRAPES,20:00,2026-09-13 20:00:00,22.0,90.0,0.0,8.9,0.0,1.156,Cerah,wmo:0
jatinangor,"Jatinangor, Sumedang",2026-09-13,32.11.15.2002,Hegarmanah,kecamatan,yes,-6.938,107.7556,Asia/Jakarta,"BMKG representative point: Hegarmanah, Kecamatan Jatinangor",13-09-2026,CMA,Open-Meteo / CMA GRAPES,21:00,2026-09-13 21:00:00,21.1,84.0,0.0,8.4,0.0,1.156,Cerah,wmo:0
jatinangor,"Jatinangor, Sumedang",2026-09-13,32.11.15.2002,Hegarmanah,kecamatan,yes,-6.938,107.7556,Asia/Jakarta,"BMKG representative point: Hegarmanah, Kecamatan Jatinangor",13-09-2026,CMA,Open-Meteo / CMA GRAPES,22:00,2026-09-13 22:00:00,20.4,79.0,0.0,9.0,0.0,1.156,Cerah,wmo:0
jatinangor,"Jatinangor, Sumedang",2026-09-13,32.11.15.2002,Hegarmanah,kecamatan,yes,-6.938,107.7556,Asia/Jakarta,"BMKG representative point: Hegarmanah, Kecamatan Jatinangor",13-09-2026,CMA,Open-Meteo / CMA GRAPES,23:00,2026-09-13 23:00:00,19.9,76.0,0.0,9.1,0.0,1.156,Cerah,wmo:0
jatinangor,"Jatinangor, Sumedang",2026-09-13,32.11.15.2002,Hegarmanah,kecamatan,yes,-6.938,107.7556,Asia/Jakarta,"BMKG representative point: Hegarmanah, Kecamatan Jatinangor",13-09-2026,ECMWF,Open-Meteo / ECMWF,00:00,2026-09-13 00:00:00,21.7,88.0,0.0,4.0,0.0,1.7314,Berawan,wmo:3
jatinangor,"Jatinangor, Sumedang",2026-09-13,32.11.15.2002,Hegarmanah,kecamatan,yes,-6.938,107.7556,Asia/Jakarta,"BMKG representative point: Hegarmanah, Kecamatan Jatinangor",13-09-2026,ECMWF,Open-Meteo / ECMWF,01:00,2026-09-13 01:00:00,21.7,88.0,0.0,4.2,0.0,1.7314,Berawan,wmo:3
jatinangor,"Jatinangor, Sumedang",2026-09-13,32.11.15.2002,Hegarmanah,kecamatan,yes,-6.938,107.7556,Asia/Jakarta,"BMKG representative point: Hegarmanah, Kecamatan Jatinangor",13-09-2026,ECMWF,Open-Meteo / ECMWF,02:00,2026-09-13 02:00:00,20.9,91.0,0.0,4.3,0.0,1.7314,Berawan,wmo:3
jatinangor,"Jatinangor, Sumedang",2026-09-13,32.11.15.2002,Hegarmanah,kecamatan,yes,-6.938,107.7556,Asia/Jakarta,"BMKG representative point: Hegarmanah, Kecamatan Jatinangor",13-09-2026,ECMWF,Open-Meteo / ECMWF,03:00,2026-09-13 03:00:00,20.0,95.0,0.0,4.2,0.0,1.7314,Berawan,wmo:3
jatinangor,"Jatinangor, Sumedang",2026-09-13,32.11.15.2002,Hegarmanah,kecamatan,yes,-6.938,107.7556,Asia/Jakarta,"BMKG representative point: Hegarmanah, Kecamatan Jatinangor",13-09-2026,ECMWF,Open-Meteo / ECMWF,04:00,2026-09-13 04:00:00,19.5,96.0,0.0,4.6,0.0,1.7314,Berawan,wmo:3
jatinangor,"Jatinangor, Sumedang",2026-09-13,32.11.15.2002,Hegarmanah,kecamatan,yes,-6.938,107.7556,Asia/Jakarta,"BMKG representative point: Hegarmanah, Kecamatan Jatinangor",13-09-2026,ECMWF,Open-Meteo / ECMWF,05:00,2026-09-13 05:00:00,19.9,94.0,0.0,4.8,0.0,1.7314,Berawan,wmo:3
jatinangor,"Jatinangor, Sumedang",2026-09-13,32.11.15.2002,Hegarmanah,kecamatan,yes,-6.938,107.7556,Asia/Jakarta,"BMKG representative point: Hegarmanah, Kecamatan Jatinangor",13-09-2026,ECMWF,Open-Meteo / ECMWF,06:00,2026-09-13 06:00:00,20.8,91.0,0.0,5.1,0.0,1.7314,Berawan,wmo:3
jatinangor,"Jatinangor, Sumedang",2026-09-13,32.11.15.2002,Hegarmanah,kecamatan,yes,-6.938,107.7556,Asia/Jakarta,"BMKG representative point: Hegarmanah, Kecamatan Jatinangor",13-09-2026,ECMWF,Open-Meteo / ECMWF,07:00,2026-09-13 07:00:00,22.1,84.0,0.0,6.1,0.0,1.7314,Berawan,wmo:3
jatinangor,"Jatinangor, Sumedang",2026-09-13,32.11.15.2002,Hegarmanah,kecamatan,yes,-6.938,107.7556,Asia/Jakarta,"BMKG representative point: Hegarmanah, Kecamatan Jatinangor",13-09-2026,ECMWF,Open-Meteo / ECMWF,08:00,2026-09-13 08:00:00,24.1,73.0,0.0,8.0,0.0,1.7314,Berawan,wmo:3
jatinangor,"Jatinangor, Sumedang",2026-09-13,32.11.15.2002,Hegarmanah,kecamatan,yes,-6.938,107.7556,Asia/Jakarta,"BMKG representative point: Hegarmanah, Kecamatan Jatinangor",13-09-2026,ECMWF,Open-Meteo / ECMWF,09:00,2026-09-13 09:00:00,26.5,58.0,0.0,10.2,0.0,1.7314,Berawan,wmo:3
jatinangor,"Jatinangor, Sumedang",2026-09-13,32.11.15.2002,Hegarmanah,kecamatan,yes,-6.938,107.7556,Asia/Jakarta,"BMKG representative point: Hegarmanah, Kecamatan Jatinangor",13-09-2026,ECMWF,Open-Meteo / ECMWF,10:00,2026-09-13 10:00:00,28.6,47.0,0.0,11.7,0.0,1.7314,Berawan,wmo:3
jatinangor,"Jatinangor, Sumedang",2026-09-13,32.11.15.2002,Hegarmanah,kecamatan,yes,-6.938,107.7556,Asia/Jakarta,"BMKG representative point: Hegarmanah, Kecamatan Jatinangor",13-09-2026,ECMWF,Open-Meteo / ECMWF,11:00,2026-09-13 11:00:00,30.0,41.0,0.0,11.9,0.0,1.7314,Berawan,wmo:3
jatinangor,"Jatinangor, Sumedang",2026-09-13,32.11.15.2002,Hegarmanah,kecamatan,yes,-6.938,107.7556,Asia/Jakarta,"BMKG representative point: Hegarmanah, Kecamatan Jatinangor",13-09-2026,ECMWF,Open-Meteo / ECMWF,12:00,2026-09-13 12:00:00,30.9,38.0,0.0,11.3,0.0,1.7314,Berawan,wmo:3
jatinangor,"Jatinangor, Sumedang",2026-09-13,32.11.15.2002,Hegarmanah,kecamatan,yes,-6.938,107.7556,Asia/Jakarta,"BMKG representative point: Hegarmanah, Kecamatan Jatinangor",13-09-2026,ECMWF,Open-Meteo / ECMWF,13:00,2026-09-13 13:00:00,31.4,36.0,0.0,10.9,0.0,1.7314,Berawan,wmo:3
jatinangor,"Jatinangor, Sumedang",2026-09-13,32.11.15.2002,Hegarmanah,kecamatan,yes,-6.938,107.7556,Asia/Jakarta,"BMKG representative point: Hegarmanah, Kecamatan Jatinangor",13-09-2026,ECMWF,Open-Meteo / ECMWF,14:00,2026-09-13 14:00:00,31.4,35.0,0.0,10.5,0.0,1.7314,Berawan,wmo:3
jatinangor,"Jatinangor, Sumedang",2026-09-13,32.11.15.2002,Hegarmanah,kecamatan,yes,-6.938,107.7556,Asia/Jakarta,"BMKG representative point: Hegarmanah, Kecamatan Jatinangor",13-09-2026,ECMWF,Open-Meteo / ECMWF,15:00,2026-09-13 15:00:00,30.8,35.0,0.0,10.4,0.0,1.7314,Berawan,wmo:3
jatinangor,"Jatinangor, Sumedang",2026-09-13,32.11.15.2002,Hegarmanah,kecamatan,yes,-6.938,107.7556,Asia/Jakarta,"BMKG representative point: Hegarmanah, Kecamatan Jatinangor",13-09-2026,ECMWF,Open-Meteo / ECMWF,16:00,2026-09-13 16:00:00,29.9,37.0,0.0,10.3,0.0,1.7314,Berawan,wmo:3
jatinangor,"Jatinangor, Sumedang",2026-09-13,32.11.15.2002,Hegarmanah,kecamatan,yes,-6.938,107.7556,Asia/Jakarta,"BMKG representative point: Hegarmanah, Kecamatan Jatinangor",13-09-2026,ECMWF,Open-Meteo / ECMWF,17:00,2026-09-13 17:00:00,28.4,42.0,0.0,9.4,0.0,1.7314,Berawan,wmo:3
jatinangor,"Jatinangor, Sumedang",2026-09-13,32.11.15.2002,Hegarmanah,kecamatan,yes,-6.938,107.7556,Asia/Jakarta,"BMKG representative point: Hegarmanah, Kecamatan Jatinangor",13-09-2026,ECMWF,Open-Meteo / ECMWF,18:00,2026-09-13 18:00:00,26.6,49.0,0.0,9.0,0.0,1.7314,Berawan,wmo:3
jatinangor,"Jatinangor, Sumedang",2026-09-13,32.11.15.2002,Hegarmanah,kecamatan,yes,-6.938,107.7556,Asia/Jakarta,"BMKG representative point: Hegarmanah, Kecamatan Jatinangor",13-09-2026,ECMWF,Open-Meteo / ECMWF,19:00,2026-09-13 19:00:00,24.9,57.0,0.0,9.4,0.0,1.7314,Berawan,wmo:3
jatinangor,"Jatinangor, Sumedang",2026-09-13,32.11.15.2002,Hegarmanah,kecamatan,yes,-6.938,107.7556,Asia/Jakarta,"BMKG representative point: Hegarmanah, Kecamatan Jatinangor",13-09-2026,ECMWF,Open-Meteo / ECMWF,20:00,2026-09-13 20:00:00,23.5,68.0,0.0,9.0,0.0,1.7314,Berawan,wmo:3
jatinangor,"Jatinangor, Sumedang",2026-09-13,32.11.15.2002,Hegarmanah,kecamatan,yes,-6.938,107.7556,Asia/Jakarta,"BMKG representative point: Hegarmanah, Kecamatan Jatinangor",13-09-2026,ECMWF,Open-Meteo / ECMWF,21:00,2026-09-13 21:00:00,22.2,80.0,0.0,8.3,0.0,1.7314,Berawan,wmo:3
jatinangor,"Jatinangor, Sumedang",2026-09-13,32.11.15.2002,Hegarmanah,kecamatan,yes,-6.938,107.7556,Asia/Jakarta,"BMKG representative point: Hegarmanah, Kecamatan Jatinangor",13-09-2026,ECMWF,Open-Meteo / ECMWF,22:00,2026-09-13 22:00:00,21.0,89.0,0.0,7.6,0.0,1.7314,Berawan,wmo:3
jatinangor,"Jatinangor, Sumedang",2026-09-13,32.11.15.2002,Hegarmanah,kecamatan,yes,-6.938,107.7556,Asia/Jakarta,"BMKG representative point: Hegarmanah, Kecamatan Jatinangor",13-09-2026,ECMWF,Open-Meteo / ECMWF,23:00,2026-09-13 23:00:00,20.2,93.0,0.0,6.6,0.0,1.7314,Berawan,wmo:3
jatinangor,"Jatinangor, Sumedang",2026-09-13,32.11.15.2002,Hegarmanah,kecamatan,yes,-6.938,107.7556,Asia/Jakarta,"BMKG representative point: Hegarmanah, Kecamatan Jatinangor",13-09-2026,GFS,Open-Meteo / NOAA GFS,00:00,2026-09-13 00:00:00,20.7,92.0,0.0,4.8,0.0,1.3831,Berawan,wmo:3
jatinangor,"Jatinangor, Sumedang",2026-09-13,32.11.15.2002,Hegarmanah,kecamatan,yes,-6.938,107.7556,Asia/Jakarta,"BMKG representative point: Hegarmanah, Kecamatan Jatinangor",13-09-2026,GFS,Open-Meteo / NOAA GFS,01:00,2026-09-13 01:00:00,21.1,91.0,0.0,4.3,0.0,1.3831,Berawan,wmo:3
jatinangor,"Jatinangor, Sumedang",2026-09-13,32.11.15.2002,Hegarmanah,kecamatan,yes,-6.938,107.7556,Asia/Jakarta,"BMKG representative point: Hegarmanah, Kecamatan Jatinangor",13-09-2026,GFS,Open-Meteo / NOAA GFS,02:00,2026-09-13 02:00:00,21.6,87.0,0.0,5.4,0.0,1.3831,Berawan,wmo:3
jatinangor,"Jatinangor, Sumedang",2026-09-13,32.11.15.2002,Hegarmanah,kecamatan,yes,-6.938,107.7556,Asia/Jakarta,"BMKG representative point: Hegarmanah, Kecamatan Jatinangor",13-09-2026,GFS,Open-Meteo / NOAA GFS,03:00,2026-09-13 03:00:00,19.8,95.0,0.0,6.4,0.0,1.3831,Berawan,wmo:3
jatinangor,"Jatinangor, Sumedang",2026-09-13,32.11.15.2002,Hegarmanah,kecamatan,yes,-6.938,107.7556,Asia/Jakarta,"BMKG representative point: Hegarmanah, Kecamatan Jatinangor",13-09-2026,GFS,Open-Meteo / NOAA GFS,04:00,2026-09-13 04:00:00,19.1,96.0,0.0,5.9,0.0,1.3831,Berawan,wmo:3
jatinangor,"Jatinangor, Sumedang",2026-09-13,32.11.15.2002,Hegarmanah,kecamatan,yes,-6.938,107.7556,Asia/Jakarta,"BMKG representative point: Hegarmanah, Kecamatan Jatinangor",13-09-2026,GFS,Open-Meteo / NOAA GFS,05:00,2026-09-13 05:00:00,18.9,96.0,0.0,5.1,0.0,1.3831,Berawan,wmo:3
jatinangor,"Jatinangor, Sumedang",2026-09-13,32.11.15.2002,Hegarmanah,kecamatan,yes,-6.938,107.7556,Asia/Jakarta,"BMKG representative point: Hegarmanah, Kecamatan Jatinangor",13-09-2026,GFS,Open-Meteo / NOAA GFS,06:00,2026-09-13 06:00:00,18.9,97.0,0.0,5.6,0.0,1.3831,Berawan,wmo:3
jatinangor,"Jatinangor, Sumedang",2026-09-13,32.11.15.2002,Hegarmanah,kecamatan,yes,-6.938,107.7556,Asia/Jakarta,"BMKG representative point: Hegarmanah, Kecamatan Jatinangor",13-09-2026,GFS,Open-Meteo / NOAA GFS,07:00,2026-09-13 07:00:00,21.2,88.0,0.0,5.6,0.0,1.3831,Berawan,wmo:3
jatinangor,"Jatinangor, Sumedang",2026-09-13,32.11.15.2002,Hegarmanah,kecamatan,yes,-6.938,107.7556,Asia/Jakarta,"BMKG representative point: Hegarmanah, Kecamatan Jatinangor",13-09-2026,GFS,Open-Meteo / NOAA GFS,08:00,2026-09-13 08:00:00,24.2,71.0,0.0,6.1,0.0,1.3831,Berawan,wmo:3
jatinangor,"Jatinangor, Sumedang",2026-09-13,32.11.15.2002,Hegarmanah,kecamatan,yes,-6.938,107.7556,Asia/Jakarta,"BMKG representative point: Hegarmanah, Kecamatan Jatinangor",13-09-2026,GFS,Open-Meteo / NOAA GFS,09:00,2026-09-13 09:00:00,27.4,52.0,0.0,8.0,0.0,1.3831,Berawan,wmo:3
jatinangor,"Jatinangor, Sumedang",2026-09-13,32.11.15.2002,Hegarmanah,kecamatan,yes,-6.938,107.7556,Asia/Jakarta,"BMKG representative point: Hegarmanah, Kecamatan Jatinangor",13-09-2026,GFS,Open-Meteo / NOAA GFS,10:00,2026-09-13 10:00:00,30.2,35.0,0.0,10.5,0.0,1.3831,Berawan,wmo:3
jatinangor,"Jatinangor, Sumedang",2026-09-13,32.11.15.2002,Hegarmanah,kecamatan,yes,-6.938,107.7556,Asia/Jakarta,"BMKG representative point: Hegarmanah, Kecamatan Jatinangor",13-09-2026,GFS,Open-Meteo / NOAA GFS,11:00,2026-09-13 11:00:00,31.9,30.0,0.0,11.7,0.0,1.3831,Berawan,wmo:3
jatinangor,"Jatinangor, Sumedang",2026-09-13,32.11.15.2002,Hegarmanah,kecamatan,yes,-6.938,107.7556,Asia/Jakarta,"BMKG representative point: Hegarmanah, Kecamatan Jatinangor",13-09-2026,GFS,Open-Meteo / NOAA GFS,12:00,2026-09-13 12:00:00,33.0,27.0,0.0,13.2,0.0,1.3831,Cerah Berawan,wmo:1
jatinangor,"Jatinangor, Sumedang",2026-09-13,32.11.15.2002,Hegarmanah,kecamatan,yes,-6.938,107.7556,Asia/Jakarta,"BMKG representative point: Hegarmanah, Kecamatan Jatinangor",13-09-2026,GFS,Open-Meteo / NOAA GFS,13:00,2026-09-13 13:00:00,33.5,25.0,0.0,15.0,0.0,1.3831,Berawan,wmo:3
jatinangor,"Jatinangor, Sumedang",2026-09-13,32.11.15.2002,Hegarmanah,kecamatan,yes,-6.938,107.7556,Asia/Jakarta,"BMKG representative point: Hegarmanah, Kecamatan Jatinangor",13-09-2026,GFS,Open-Meteo / NOAA GFS,14:00,2026-09-13 14:00:00,33.3,25.0,0.0,16.0,0.0,1.3831,Berawan,wmo:3
jatinangor,"Jatinangor, Sumedang",2026-09-13,32.11.15.2002,Hegarmanah,kecamatan,yes,-6.938,107.7556,Asia/Jakarta,"BMKG representative point: Hegarmanah, Kecamatan Jatinangor",13-09-2026,GFS,Open-Meteo / NOAA GFS,15:00,2026-09-13 15:00:00,32.8,26.0,0.0,17.3,0.0,1.3831,Berawan,wmo:3
jatinangor,"Jatinangor, Sumedang",2026-09-13,32.11.15.2002,Hegarmanah,kecamatan,yes,-6.938,107.7556,Asia/Jakarta,"BMKG representative point: Hegarmanah, Kecamatan Jatinangor",13-09-2026,GFS,Open-Meteo / NOAA GFS,16:00,2026-09-13 16:00:00,30.6,32.0,0.0,17.7,0.0,1.3831,Berawan,wmo:3
jatinangor,"Jatinangor, Sumedang",2026-09-13,32.11.15.2002,Hegarmanah,kecamatan,yes,-6.938,107.7556,Asia/Jakarta,"BMKG representative point: Hegarmanah, Kecamatan Jatinangor",13-09-2026,GFS,Open-Meteo / NOAA GFS,17:00,2026-09-13 17:00:00,27.6,46.0,0.0,14.3,0.0,1.3831,Berawan,wmo:3
jatinangor,"Jatinangor, Sumedang",2026-09-13,32.11.15.2002,Hegarmanah,kecamatan,yes,-6.938,107.7556,Asia/Jakarta,"BMKG representative point: Hegarmanah, Kecamatan Jatinangor",13-09-2026,GFS,Open-Meteo / NOAA GFS,18:00,2026-09-13 18:00:00,24.3,61.0,0.0,7.4,0.0,1.3831,Berawan,wmo:3
jatinangor,"Jatinangor, Sumedang",2026-09-13,32.11.15.2002,Hegarmanah,kecamatan,yes,-6.938,107.7556,Asia/Jakarta,"BMKG representative point: Hegarmanah, Kecamatan Jatinangor",13-09-2026,GFS,Open-Meteo / NOAA GFS,19:00,2026-09-13 19:00:00,22.7,69.0,0.0,6.1,0.0,1.3831,Berawan,wmo:3
jatinangor,"Jatinangor, Sumedang",2026-09-13,32.11.15.2002,Hegarmanah,kecamatan,yes,-6.938,107.7556,Asia/Jakarta,"BMKG representative point: Hegarmanah, Kecamatan Jatinangor",13-09-2026,GFS,Open-Meteo / NOAA GFS,20:00,2026-09-13 20:00:00,21.4,77.0,0.0,6.1,0.0,1.3831,Berawan,wmo:3
jatinangor,"Jatinangor, Sumedang",2026-09-13,32.11.15.2002,Hegarmanah,kecamatan,yes,-6.938,107.7556,Asia/Jakarta,"BMKG representative point: Hegarmanah, Kecamatan Jatinangor",13-09-2026,GFS,Open-Meteo / NOAA GFS,21:00,2026-09-13 21:00:00,20.2,89.0,0.0,6.6,0.0,1.3831,Berawan,wmo:3
jatinangor,"Jatinangor, Sumedang",2026-09-13,32.11.15.2002,Hegarmanah,kecamatan,yes,-6.938,107.7556,Asia/Jakarta,"BMKG representative point: Hegarmanah, Kecamatan Jatinangor",13-09-2026,GFS,Open-Meteo / NOAA GFS,22:00,2026-09-13 22:00:00,19.5,95.0,0.0,6.4,0.0,1.3831,Berawan,wmo:3
jatinangor,"Jatinangor, Sumedang",2026-09-13,32.11.15.2002,Hegarmanah,kecamatan,yes,-6.938,107.7556,Asia/Jakarta,"BMKG representative point: Hegarmanah, Kecamatan Jatinangor",13-09-2026,GFS,Open-Meteo / NOAA GFS,23:00,2026-09-13 23:00:00,19.2,96.0,0.0,6.4,0.0,1.3831,Berawan,wmo:3
jatinangor,"Jatinangor, Sumedang",2026-09-13,32.11.15.2002,Hegarmanah,kecamatan,yes,-6.938,107.7556,Asia/Jakarta,"BMKG representative point: Hegarmanah, Kecamatan Jatinangor",13-09-2026,ICON,Open-Meteo / DWD ICON,00:00,2026-09-13 00:00:00,22.6,83.0,0.0,5.6,0.0,1.4692,Berawan,wmo:3
jatinangor,"Jatinangor, Sumedang",2026-09-13,32.11.15.2002,Hegarmanah,kecamatan,yes,-6.938,107.7556,Asia/Jakarta,"BMKG representative point: Hegarmanah, Kecamatan Jatinangor",13-09-2026,ICON,Open-Meteo / DWD ICON,01:00,2026-09-13 01:00:00,21.6,84.0,0.0,5.1,0.0,1.4692,Berawan,wmo:3
jatinangor,"Jatinangor, Sumedang",2026-09-13,32.11.15.2002,Hegarmanah,kecamatan,yes,-6.938,107.7556,Asia/Jakarta,"BMKG representative point: Hegarmanah, Kecamatan Jatinangor",13-09-2026,ICON,Open-Meteo / DWD ICON,02:00,2026-09-13 02:00:00,20.9,85.0,0.0,4.9,0.0,1.4692,Berawan,wmo:3
jatinangor,"Jatinangor, Sumedang",2026-09-13,32.11.15.2002,Hegarmanah,kecamatan,yes,-6.938,107.7556,Asia/Jakarta,"BMKG representative point: Hegarmanah, Kecamatan Jatinangor",13-09-2026,ICON,Open-Meteo / DWD ICON,03:00,2026-09-13 03:00:00,20.4,87.0,0.0,4.6,0.0,1.4692,Berawan,wmo:3
jatinangor,"Jatinangor, Sumedang",2026-09-13,32.11.15.2002,Hegarmanah,kecamatan,yes,-6.938,107.7556,Asia/Jakarta,"BMKG representative point: Hegarmanah, Kecamatan Jatinangor",13-09-2026,ICON,Open-Meteo / DWD ICON,04:00,2026-09-13 04:00:00,19.9,90.0,0.0,4.1,0.0,1.4692,Berawan,wmo:3
jatinangor,"Jatinangor, Sumedang",2026-09-13,32.11.15.2002,Hegarmanah,kecamatan,yes,-6.938,107.7556,Asia/Jakarta,"BMKG representative point: Hegarmanah, Kecamatan Jatinangor",13-09-2026,ICON,Open-Meteo / DWD ICON,05:00,2026-09-13 05:00:00,19.6,90.0,0.0,4.3,0.0,1.4692,Berawan,wmo:3
jatinangor,"Jatinangor, Sumedang",2026-09-13,32.11.15.2002,Hegarmanah,kecamatan,yes,-6.938,107.7556,Asia/Jakarta,"BMKG representative point: Hegarmanah, Kecamatan Jatinangor",13-09-2026,ICON,Open-Meteo / DWD ICON,06:00,2026-09-13 06:00:00,19.6,90.0,0.0,4.4,0.0,1.4692,Berawan,wmo:3
jatinangor,"Jatinangor, Sumedang",2026-09-13,32.11.15.2002,Hegarmanah,kecamatan,yes,-6.938,107.7556,Asia/Jakarta,"BMKG representative point: Hegarmanah, Kecamatan Jatinangor",13-09-2026,ICON,Open-Meteo / DWD ICON,07:00,2026-09-13 07:00:00,21.4,87.0,0.0,4.0,0.0,1.4692,Berawan,wmo:3
jatinangor,"Jatinangor, Sumedang",2026-09-13,32.11.15.2002,Hegarmanah,kecamatan,yes,-6.938,107.7556,Asia/Jakarta,"BMKG representative point: Hegarmanah, Kecamatan Jatinangor",13-09-2026,ICON,Open-Meteo / DWD ICON,08:00,2026-09-13 08:00:00,24.6,73.0,0.0,6.1,0.0,1.4692,Berawan,wmo:3
jatinangor,"Jatinangor, Sumedang",2026-09-13,32.11.15.2002,Hegarmanah,kecamatan,yes,-6.938,107.7556,Asia/Jakarta,"BMKG representative point: Hegarmanah, Kecamatan Jatinangor",13-09-2026,ICON,Open-Meteo / DWD ICON,09:00,2026-09-13 09:00:00,26.9,62.0,0.0,7.5,0.0,1.4692,Berawan,wmo:3
jatinangor,"Jatinangor, Sumedang",2026-09-13,32.11.15.2002,Hegarmanah,kecamatan,yes,-6.938,107.7556,Asia/Jakarta,"BMKG representative point: Hegarmanah, Kecamatan Jatinangor",13-09-2026,ICON,Open-Meteo / DWD ICON,10:00,2026-09-13 10:00:00,29.2,46.0,0.0,13.0,0.0,1.4692,Cerah Berawan,wmo:2
jatinangor,"Jatinangor, Sumedang",2026-09-13,32.11.15.2002,Hegarmanah,kecamatan,yes,-6.938,107.7556,Asia/Jakarta,"BMKG representative point: Hegarmanah, Kecamatan Jatinangor",13-09-2026,ICON,Open-Meteo / DWD ICON,11:00,2026-09-13 11:00:00,30.8,35.0,0.0,15.5,0.0,1.4692,Cerah Berawan,wmo:2
jatinangor,"Jatinangor, Sumedang",2026-09-13,32.11.15.2002,Hegarmanah,kecamatan,yes,-6.938,107.7556,Asia/Jakarta,"BMKG representative point: Hegarmanah, Kecamatan Jatinangor",13-09-2026,ICON,Open-Meteo / DWD ICON,12:00,2026-09-13 12:00:00,31.3,39.0,0.0,16.3,0.0,1.4692,Berawan,wmo:3
jatinangor,"Jatinangor, Sumedang",2026-09-13,32.11.15.2002,Hegarmanah,kecamatan,yes,-6.938,107.7556,Asia/Jakarta,"BMKG representative point: Hegarmanah, Kecamatan Jatinangor",13-09-2026,ICON,Open-Meteo / DWD ICON,13:00,2026-09-13 13:00:00,32.0,33.0,0.0,17.9,0.0,1.4692,Berawan,wmo:3
jatinangor,"Jatinangor, Sumedang",2026-09-13,32.11.15.2002,Hegarmanah,kecamatan,yes,-6.938,107.7556,Asia/Jakarta,"BMKG representative point: Hegarmanah, Kecamatan Jatinangor",13-09-2026,ICON,Open-Meteo / DWD ICON,14:00,2026-09-13 14:00:00,32.1,32.0,0.0,17.2,0.0,1.4692,Cerah,wmo:0
jatinangor,"Jatinangor, Sumedang",2026-09-13,32.11.15.2002,Hegarmanah,kecamatan,yes,-6.938,107.7556,Asia/Jakarta,"BMKG representative point: Hegarmanah, Kecamatan Jatinangor",13-09-2026,ICON,Open-Meteo / DWD ICON,15:00,2026-09-13 15:00:00,31.6,33.0,0.0,16.4,0.0,1.4692,Cerah Berawan,wmo:1
jatinangor,"Jatinangor, Sumedang",2026-09-13,32.11.15.2002,Hegarmanah,kecamatan,yes,-6.938,107.7556,Asia/Jakarta,"BMKG representative point: Hegarmanah, Kecamatan Jatinangor",13-09-2026,ICON,Open-Meteo / DWD ICON,16:00,2026-09-13 16:00:00,30.5,34.0,0.0,15.7,0.0,1.4692,Cerah Berawan,wmo:2
jatinangor,"Jatinangor, Sumedang",2026-09-13,32.11.15.2002,Hegarmanah,kecamatan,yes,-6.938,107.7556,Asia/Jakarta,"BMKG representative point: Hegarmanah, Kecamatan Jatinangor",13-09-2026,ICON,Open-Meteo / DWD ICON,17:00,2026-09-13 17:00:00,28.8,39.0,0.0,13.8,0.0,1.4692,Cerah Berawan,wmo:2
jatinangor,"Jatinangor, Sumedang",2026-09-13,32.11.15.2002,Hegarmanah,kecamatan,yes,-6.938,107.7556,Asia/Jakarta,"BMKG representative point: Hegarmanah, Kecamatan Jatinangor",13-09-2026,ICON,Open-Meteo / DWD ICON,18:00,2026-09-13 18:00:00,26.0,50.0,0.0,8.7,0.0,1.4692,Cerah Berawan,wmo:1
jatinangor,"Jatinangor, Sumedang",2026-09-13,32.11.15.2002,Hegarmanah,kecamatan,yes,-6.938,107.7556,Asia/Jakarta,"BMKG representative point: Hegarmanah, Kecamatan Jatinangor",13-09-2026,ICON,Open-Meteo / DWD ICON,19:00,2026-09-13 19:00:00,23.9,59.0,0.0,5.9,0.0,1.4692,Cerah,wmo:0
jatinangor,"Jatinangor, Sumedang",2026-09-13,32.11.15.2002,Hegarmanah,kecamatan,yes,-6.938,107.7556,Asia/Jakarta,"BMKG representative point: Hegarmanah, Kecamatan Jatinangor",13-09-2026,ICON,Open-Meteo / DWD ICON,20:00,2026-09-13 20:00:00,22.4,69.0,0.0,5.6,0.0,1.4692,Cerah,wmo:0
jatinangor,"Jatinangor, Sumedang",2026-09-13,32.11.15.2002,Hegarmanah,kecamatan,yes,-6.938,107.7556,Asia/Jakarta,"BMKG representative point: Hegarmanah, Kecamatan Jatinangor",13-09-2026,ICON,Open-Meteo / DWD ICON,21:00,2026-09-13 21:00:00,21.4,82.0,0.0,5.6,0.0,1.4692,Cerah,wmo:0
jatinangor,"Jatinangor, Sumedang",2026-09-13,32.11.15.2002,Hegarmanah,kecamatan,yes,-6.938,107.7556,Asia/Jakarta,"BMKG representative point: Hegarmanah, Kecamatan Jatinangor",13-09-2026,ICON,Open-Meteo / DWD ICON,22:00,2026-09-13 22:00:00,21.0,91.0,0.0,5.4,0.0,1.4692,Cerah,wmo:0
jatinangor,"Jatinangor, Sumedang",2026-09-13,32.11.15.2002,Hegarmanah,kecamatan,yes,-6.938,107.7556,Asia/Jakarta,"BMKG representative point: Hegarmanah, Kecamatan Jatinangor",13-09-2026,ICON,Open-Meteo / DWD ICON,23:00,2026-09-13 23:00:00,20.7,93.0,0.0,4.6,0.0,1.4692,Cerah Berawan,wmo:1
jatinangor,"Jatinangor, Sumedang",2026-09-13,32.11.15.2002,Hegarmanah,kecamatan,yes,-6.938,107.7556,Asia/Jakarta,"BMKG representative point: Hegarmanah, Kecamatan Jatinangor",13-09-2026,KMA,Open-Meteo / KMA,00:00,2026-09-13 00:00:00,,,,,0.0,0.544,Berawan,wmo:None
jatinangor,"Jatinangor, Sumedang",2026-09-13,32.11.15.2002,Hegarmanah,kecamatan,yes,-6.938,107.7556,Asia/Jakarta,"BMKG representative point: Hegarmanah, Kecamatan Jatinangor",13-09-2026,KMA,Open-Meteo / KMA,01:00,2026-09-13 01:00:00,,,,,0.0,0.544,Berawan,wmo:None
jatinangor,"Jatinangor, Sumedang",2026-09-13,32.11.15.2002,Hegarmanah,kecamatan,yes,-6.938,107.7556,Asia/Jakarta,"BMKG representative point: Hegarmanah, Kecamatan Jatinangor",13-09-2026,KMA,Open-Meteo / KMA,02:00,2026-09-13 02:00:00,,,,,0.0,0.544,Berawan,wmo:None
jatinangor,"Jatinangor, Sumedang",2026-09-13,32.11.15.2002,Hegarmanah,kecamatan,yes,-6.938,107.7556,Asia/Jakarta,"BMKG representative point: Hegarmanah, Kecamatan Jatinangor",13-09-2026,KMA,Open-Meteo / KMA,03:00,2026-09-13 03:00:00,,,,,0.0,0.544,Berawan,wmo:None
jatinangor,"Jatinangor, Sumedang",2026-09-13,32.11.15.2002,Hegarmanah,kecamatan,yes,-6.938,107.7556,Asia/Jakarta,"BMKG representative point: Hegarmanah, Kecamatan Jatinangor",13-09-2026,KMA,Open-Meteo / KMA,04:00,2026-09-13 04:00:00,,,,,0.0,0.544,Berawan,wmo:None
jatinangor,"Jatinangor, Sumedang",2026-09-13,32.11.15.2002,Hegarmanah,kecamatan,yes,-6.938,107.7556,Asia/Jakarta,"BMKG representative point: Hegarmanah, Kecamatan Jatinangor",13-09-2026,KMA,Open-Meteo / KMA,05:00,2026-09-13 05:00:00,,,,,0.0,0.544,Berawan,wmo:None
jatinangor,"Jatinangor, Sumedang",2026-09-13,32.11.15.2002,Hegarmanah,kecamatan,yes,-6.938,107.7556,Asia/Jakarta,"BMKG representative point: Hegarmanah, Kecamatan Jatinangor",13-09-2026,KMA,Open-Meteo / KMA,06:00,2026-09-13 06:00:00,,,,,0.0,0.544,Berawan,wmo:None
jatinangor,"Jatinangor, Sumedang",2026-09-13,32.11.15.2002,Hegarmanah,kecamatan,yes,-6.938,107.7556,Asia/Jakarta,"BMKG representative point: Hegarmanah, Kecamatan Jatinangor",13-09-2026,KMA,Open-Meteo / KMA,07:00,2026-09-13 07:00:00,,,,,0.0,0.544,Berawan,wmo:None
jatinangor,"Jatinangor, Sumedang",2026-09-13,32.11.15.2002,Hegarmanah,kecamatan,yes,-6.938,107.7556,Asia/Jakarta,"BMKG representative point: Hegarmanah, Kecamatan Jatinangor",13-09-2026,KMA,Open-Meteo / KMA,08:00,2026-09-13 08:00:00,,,,,0.0,0.544,Berawan,wmo:None
jatinangor,"Jatinangor, Sumedang",2026-09-13,32.11.15.2002,Hegarmanah,kecamatan,yes,-6.938,107.7556,Asia/Jakarta,"BMKG representative point: Hegarmanah, Kecamatan Jatinangor",13-09-2026,KMA,Open-Meteo / KMA,09:00,2026-09-13 09:00:00,,,,,0.0,0.544,Berawan,wmo:None
jatinangor,"Jatinangor, Sumedang",2026-09-13,32.11.15.2002,Hegarmanah,kecamatan,yes,-6.938,107.7556,Asia/Jakarta,"BMKG representative point: Hegarmanah, Kecamatan Jatinangor",13-09-2026,KMA,Open-Meteo / KMA,10:00,2026-09-13 10:00:00,,,,,0.0,0.544,Berawan,wmo:None
jatinangor,"Jatinangor, Sumedang",2026-09-13,32.11.15.2002,Hegarmanah,kecamatan,yes,-6.938,107.7556,Asia/Jakarta,"BMKG representative point: Hegarmanah, Kecamatan Jatinangor",13-09-2026,KMA,Open-Meteo / KMA,11:00,2026-09-13 11:00:00,,,,,0.0,0.544,Berawan,wmo:None
jatinangor,"Jatinangor, Sumedang",2026-09-13,32.11.15.2002,Hegarmanah,kecamatan,yes,-6.938,107.7556,Asia/Jakarta,"BMKG representative point: Hegarmanah, Kecamatan Jatinangor",13-09-2026,KMA,Open-Meteo / KMA,12:00,2026-09-13 12:00:00,,,,,0.0,0.544,Berawan,wmo:None
jatinangor,"Jatinangor, Sumedang",2026-09-13,32.11.15.2002,Hegarmanah,kecamatan,yes,-6.938,107.7556,Asia/Jakarta,"BMKG representative point: Hegarmanah, Kecamatan Jatinangor",13-09-2026,KMA,Open-Meteo / KMA,13:00,2026-09-13 13:00:00,,,,,0.0,0.544,Berawan,wmo:None
jatinangor,"Jatinangor, Sumedang",2026-09-13,32.11.15.2002,Hegarmanah,kecamatan,yes,-6.938,107.7556,Asia/Jakarta,"BMKG representative point: Hegarmanah, Kecamatan Jatinangor",13-09-2026,KMA,Open-Meteo / KMA,14:00,2026-09-13 14:00:00,,,,,0.0,0.544,Berawan,wmo:None
jatinangor,"Jatinangor, Sumedang",2026-09-13,32.11.15.2002,Hegarmanah,kecamatan,yes,-6.938,107.7556,Asia/Jakarta,"BMKG representative point: Hegarmanah, Kecamatan Jatinangor",13-09-2026,KMA,Open-Meteo / KMA,15:00,2026-09-13 15:00:00,,,,,0.0,0.544,Berawan,wmo:None
jatinangor,"Jatinangor, Sumedang",2026-09-13,32.11.15.2002,Hegarmanah,kecamatan,yes,-6.938,107.7556,Asia/Jakarta,"BMKG representative point: Hegarmanah, Kecamatan Jatinangor",13-09-2026,KMA,Open-Meteo / KMA,16:00,2026-09-13 16:00:00,,,,,0.0,0.544,Berawan,wmo:None
jatinangor,"Jatinangor, Sumedang",2026-09-13,32.11.15.2002,Hegarmanah,kecamatan,yes,-6.938,107.7556,Asia/Jakarta,"BMKG representative point: Hegarmanah, Kecamatan Jatinangor",13-09-2026,KMA,Open-Meteo / KMA,17:00,2026-09-13 17:00:00,,,,,0.0,0.544,Berawan,wmo:None
jatinangor,"Jatinangor, Sumedang",2026-09-13,32.11.15.2002,Hegarmanah,kecamatan,yes,-6.938,107.7556,Asia/Jakarta,"BMKG representative point: Hegarmanah, Kecamatan Jatinangor",13-09-2026,KMA,Open-Meteo / KMA,18:00,2026-09-13 18:00:00,,,,,0.0,0.544,Berawan,wmo:None
jatinangor,"Jatinangor, Sumedang",2026-09-13,32.11.15.2002,Hegarmanah,kecamatan,yes,-6.938,107.7556,Asia/Jakarta,"BMKG representative point: Hegarmanah, Kecamatan Jatinangor",13-09-2026,KMA,Open-Meteo / KMA,19:00,2026-09-13 19:00:00,,,,,0.0,0.544,Berawan,wmo:None
jatinangor,"Jatinangor, Sumedang",2026-09-13,32.11.15.2002,Hegarmanah,kecamatan,yes,-6.938,107.7556,Asia/Jakarta,"BMKG representative point: Hegarmanah, Kecamatan Jatinangor",13-09-2026,KMA,Open-Meteo / KMA,20:00,2026-09-13 20:00:00,,,,,0.0,0.544,Berawan,wmo:None
jatinangor,"Jatinangor, Sumedang",2026-09-13,32.11.15.2002,Hegarmanah,kecamatan,yes,-6.938,107.7556,Asia/Jakarta,"BMKG representative point: Hegarmanah, Kecamatan Jatinangor",13-09-2026,KMA,Open-Meteo / KMA,21:00,2026-09-13 21:00:00,,,,,0.0,0.544,Berawan,wmo:None
jatinangor,"Jatinangor, Sumedang",2026-09-13,32.11.15.2002,Hegarmanah,kecamatan,yes,-6.938,107.7556,Asia/Jakarta,"BMKG representative point: Hegarmanah, Kecamatan Jatinangor",13-09-2026,KMA,Open-Meteo / KMA,22:00,2026-09-13 22:00:00,,,,,0.0,0.544,Berawan,wmo:None
jatinangor,"Jatinangor, Sumedang",2026-09-13,32.11.15.2002,Hegarmanah,kecamatan,yes,-6.938,107.7556,Asia/Jakarta,"BMKG representative point: Hegarmanah, Kecamatan Jatinangor",13-09-2026,KMA,Open-Meteo / KMA,23:00,2026-09-13 23:00:00,,,,,0.0,0.544,Berawan,wmo:None
jatinangor,"Jatinangor, Sumedang",2026-09-13,32.11.15.2002,Hegarmanah,kecamatan,yes,-6.938,107.7556,Asia/Jakarta,"BMKG representative point: Hegarmanah, Kecamatan Jatinangor",13-09-2026,METEOFRANCE,Open-Meteo / Meteo-France,00:00,2026-09-13 00:00:00,25.6,89.0,0.0,6.4,0.0,1.4583,Berawan,wmo:3
jatinangor,"Jatinangor, Sumedang",2026-09-13,32.11.15.2002,Hegarmanah,kecamatan,yes,-6.938,107.7556,Asia/Jakarta,"BMKG representative point: Hegarmanah, Kecamatan Jatinangor",13-09-2026,METEOFRANCE,Open-Meteo / Meteo-France,01:00,2026-09-13 01:00:00,25.4,85.0,0.0,6.0,0.0,1.4583,Berawan,wmo:3
jatinangor,"Jatinangor, Sumedang",2026-09-13,32.11.15.2002,Hegarmanah,kecamatan,yes,-6.938,107.7556,Asia/Jakarta,"BMKG representative point: Hegarmanah, Kecamatan Jatinangor",13-09-2026,METEOFRANCE,Open-Meteo / Meteo-France,02:00,2026-09-13 02:00:00,25.3,84.0,0.0,6.0,0.0,1.4583,Berawan,wmo:3
jatinangor,"Jatinangor, Sumedang",2026-09-13,32.11.15.2002,Hegarmanah,kecamatan,yes,-6.938,107.7556,Asia/Jakarta,"BMKG representative point: Hegarmanah, Kecamatan Jatinangor",13-09-2026,METEOFRANCE,Open-Meteo / Meteo-France,03:00,2026-09-13 03:00:00,25.1,84.0,0.0,6.1,0.0,1.4583,Berawan,wmo:3
jatinangor,"Jatinangor, Sumedang",2026-09-13,32.11.15.2002,Hegarmanah,kecamatan,yes,-6.938,107.7556,Asia/Jakarta,"BMKG representative point: Hegarmanah, Kecamatan Jatinangor",13-09-2026,METEOFRANCE,Open-Meteo / Meteo-France,04:00,2026-09-13 04:00:00,24.9,84.0,0.0,6.4,0.0,1.4583,Berawan,wmo:3
jatinangor,"Jatinangor, Sumedang",2026-09-13,32.11.15.2002,Hegarmanah,kecamatan,yes,-6.938,107.7556,Asia/Jakarta,"BMKG representative point: Hegarmanah, Kecamatan Jatinangor",13-09-2026,METEOFRANCE,Open-Meteo / Meteo-France,05:00,2026-09-13 05:00:00,24.6,83.0,0.0,6.4,0.0,1.4583,Berawan,wmo:3
jatinangor,"Jatinangor, Sumedang",2026-09-13,32.11.15.2002,Hegarmanah,kecamatan,yes,-6.938,107.7556,Asia/Jakarta,"BMKG representative point: Hegarmanah, Kecamatan Jatinangor",13-09-2026,METEOFRANCE,Open-Meteo / Meteo-France,06:00,2026-09-13 06:00:00,24.4,82.0,0.0,6.5,0.0,1.4583,Berawan,wmo:3
jatinangor,"Jatinangor, Sumedang",2026-09-13,32.11.15.2002,Hegarmanah,kecamatan,yes,-6.938,107.7556,Asia/Jakarta,"BMKG representative point: Hegarmanah, Kecamatan Jatinangor",13-09-2026,METEOFRANCE,Open-Meteo / Meteo-France,07:00,2026-09-13 07:00:00,24.9,79.0,0.0,6.4,0.0,1.4583,Berawan,wmo:3
jatinangor,"Jatinangor, Sumedang",2026-09-13,32.11.15.2002,Hegarmanah,kecamatan,yes,-6.938,107.7556,Asia/Jakarta,"BMKG representative point: Hegarmanah, Kecamatan Jatinangor",13-09-2026,METEOFRANCE,Open-Meteo / Meteo-France,08:00,2026-09-13 08:00:00,26.3,74.0,0.0,8.9,0.0,1.4583,Berawan,wmo:3
jatinangor,"Jatinangor, Sumedang",2026-09-13,32.11.15.2002,Hegarmanah,kecamatan,yes,-6.938,107.7556,Asia/Jakarta,"BMKG representative point: Hegarmanah, Kecamatan Jatinangor",13-09-2026,METEOFRANCE,Open-Meteo / Meteo-France,09:00,2026-09-13 09:00:00,28.3,61.0,0.0,11.2,0.0,1.4583,Berawan,wmo:3
jatinangor,"Jatinangor, Sumedang",2026-09-13,32.11.15.2002,Hegarmanah,kecamatan,yes,-6.938,107.7556,Asia/Jakarta,"BMKG representative point: Hegarmanah, Kecamatan Jatinangor",13-09-2026,METEOFRANCE,Open-Meteo / Meteo-France,10:00,2026-09-13 10:00:00,30.3,45.0,0.0,12.4,0.0,1.4583,Berawan,wmo:3
jatinangor,"Jatinangor, Sumedang",2026-09-13,32.11.15.2002,Hegarmanah,kecamatan,yes,-6.938,107.7556,Asia/Jakarta,"BMKG representative point: Hegarmanah, Kecamatan Jatinangor",13-09-2026,METEOFRANCE,Open-Meteo / Meteo-France,11:00,2026-09-13 11:00:00,32.0,36.0,0.0,12.3,0.0,1.4583,Cerah Berawan,wmo:2
jatinangor,"Jatinangor, Sumedang",2026-09-13,32.11.15.2002,Hegarmanah,kecamatan,yes,-6.938,107.7556,Asia/Jakarta,"BMKG representative point: Hegarmanah, Kecamatan Jatinangor",13-09-2026,METEOFRANCE,Open-Meteo / Meteo-France,12:00,2026-09-13 12:00:00,33.2,31.0,0.0,11.8,0.0,1.4583,Cerah Berawan,wmo:2
jatinangor,"Jatinangor, Sumedang",2026-09-13,32.11.15.2002,Hegarmanah,kecamatan,yes,-6.938,107.7556,Asia/Jakarta,"BMKG representative point: Hegarmanah, Kecamatan Jatinangor",13-09-2026,METEOFRANCE,Open-Meteo / Meteo-France,13:00,2026-09-13 13:00:00,33.4,34.0,0.0,10.3,0.0,1.4583,Cerah Berawan,wmo:2
jatinangor,"Jatinangor, Sumedang",2026-09-13,32.11.15.2002,Hegarmanah,kecamatan,yes,-6.938,107.7556,Asia/Jakarta,"BMKG representative point: Hegarmanah, Kecamatan Jatinangor",13-09-2026,METEOFRANCE,Open-Meteo / Meteo-France,14:00,2026-09-13 14:00:00,33.8,33.0,0.0,10.5,0.0,1.4583,Cerah Berawan,wmo:2
jatinangor,"Jatinangor, Sumedang",2026-09-13,32.11.15.2002,Hegarmanah,kecamatan,yes,-6.938,107.7556,Asia/Jakarta,"BMKG representative point: Hegarmanah, Kecamatan Jatinangor",13-09-2026,METEOFRANCE,Open-Meteo / Meteo-France,15:00,2026-09-13 15:00:00,33.7,33.0,0.0,11.0,0.0,1.4583,Berawan,wmo:3
jatinangor,"Jatinangor, Sumedang",2026-09-13,32.11.15.2002,Hegarmanah,kecamatan,yes,-6.938,107.7556,Asia/Jakarta,"BMKG representative point: Hegarmanah, Kecamatan Jatinangor",13-09-2026,METEOFRANCE,Open-Meteo / Meteo-France,16:00,2026-09-13 16:00:00,33.2,34.0,0.0,11.3,0.0,1.4583,Berawan,wmo:3
jatinangor,"Jatinangor, Sumedang",2026-09-13,32.11.15.2002,Hegarmanah,kecamatan,yes,-6.938,107.7556,Asia/Jakarta,"BMKG representative point: Hegarmanah, Kecamatan Jatinangor",13-09-2026,METEOFRANCE,Open-Meteo / Meteo-France,17:00,2026-09-13 17:00:00,32.0,37.0,0.0,10.8,0.0,1.4583,Berawan,wmo:3
jatinangor,"Jatinangor, Sumedang",2026-09-13,32.11.15.2002,Hegarmanah,kecamatan,yes,-6.938,107.7556,Asia/Jakarta,"BMKG representative point: Hegarmanah, Kecamatan Jatinangor",13-09-2026,METEOFRANCE,Open-Meteo / Meteo-France,18:00,2026-09-13 18:00:00,30.1,43.0,0.0,10.5,0.0,1.4583,Berawan,wmo:3
jatinangor,"Jatinangor, Sumedang",2026-09-13,32.11.15.2002,Hegarmanah,kecamatan,yes,-6.938,107.7556,Asia/Jakarta,"BMKG representative point: Hegarmanah, Kecamatan Jatinangor",13-09-2026,METEOFRANCE,Open-Meteo / Meteo-France,19:00,2026-09-13 19:00:00,28.4,51.0,0.0,8.9,0.0,1.4583,Cerah Berawan,wmo:2
jatinangor,"Jatinangor, Sumedang",2026-09-13,32.11.15.2002,Hegarmanah,kecamatan,yes,-6.938,107.7556,Asia/Jakarta,"BMKG representative point: Hegarmanah, Kecamatan Jatinangor",13-09-2026,METEOFRANCE,Open-Meteo / Meteo-France,20:00,2026-09-13 20:00:00,27.1,60.0,0.0,6.6,0.0,1.4583,Cerah Berawan,wmo:2
jatinangor,"Jatinangor, Sumedang",2026-09-13,32.11.15.2002,Hegarmanah,kecamatan,yes,-6.938,107.7556,Asia/Jakarta,"BMKG representative point: Hegarmanah, Kecamatan Jatinangor",13-09-2026,METEOFRANCE,Open-Meteo / Meteo-France,21:00,2026-09-13 21:00:00,26.2,70.0,0.0,5.4,0.0,1.4583,Cerah Berawan,wmo:2
jatinangor,"Jatinangor, Sumedang",2026-09-13,32.11.15.2002,Hegarmanah,kecamatan,yes,-6.938,107.7556,Asia/Jakarta,"BMKG representative point: Hegarmanah, Kecamatan Jatinangor",13-09-2026,METEOFRANCE,Open-Meteo / Meteo-France,22:00,2026-09-13 22:00:00,25.5,78.0,0.0,4.7,0.0,1.4583,Cerah Berawan,wmo:2
jatinangor,"Jatinangor, Sumedang",2026-09-13,32.11.15.2002,Hegarmanah,kecamatan,yes,-6.938,107.7556,Asia/Jakarta,"BMKG representative point: Hegarmanah, Kecamatan Jatinangor",13-09-2026,METEOFRANCE,Open-Meteo / Meteo-France,23:00,2026-09-13 23:00:00,24.9,84.0,0.0,3.8,0.0,1.4583,Cerah Berawan,wmo:2
jatinangor,"Jatinangor, Sumedang",2026-09-13,32.11.15.2002,Hegarmanah,kecamatan,yes,-6.938,107.7556,Asia/Jakarta,"BMKG representative point: Hegarmanah, Kecamatan Jatinangor",13-09-2026,METNO,MET Norway,19:00,2026-09-13 21:00:00,20.5,86.3,0.0,7.92,120.0,0.7631,Cerah Berawan,partlycloudy_night
jatinangor,"Jatinangor, Sumedang",2026-09-13,32.11.15.2002,Hegarmanah,kecamatan,yes,-6.938,107.7556,Asia/Jakarta,"BMKG representative point: Hegarmanah, Kecamatan Jatinangor",13-09-2026,METNO,MET Norway,20:00,2026-09-13 21:00:00,20.5,86.3,0.0,7.92,60.0,1.0406,Cerah Berawan,partlycloudy_night
jatinangor,"Jatinangor, Sumedang",2026-09-13,32.11.15.2002,Hegarmanah,kecamatan,yes,-6.938,107.7556,Asia/Jakarta,"BMKG representative point: Hegarmanah, Kecamatan Jatinangor",13-09-2026,METNO,MET Norway,21:00,2026-09-13 21:00:00,20.5,86.3,0.0,7.92,0.0,1.3875,Cerah Berawan,partlycloudy_night
jatinangor,"Jatinangor, Sumedang",2026-09-13,32.11.15.2002,Hegarmanah,kecamatan,yes,-6.938,107.7556,Asia/Jakarta,"BMKG representative point: Hegarmanah, Kecamatan Jatinangor",13-09-2026,METNO,MET Norway,22:00,2026-09-13 22:00:00,19.8,94.4,0.0,7.92,0.0,1.3875,Cerah Berawan,partlycloudy_night
jatinangor,"Jatinangor, Sumedang",2026-09-13,32.11.15.2002,Hegarmanah,kecamatan,yes,-6.938,107.7556,Asia/Jakarta,"BMKG representative point: Hegarmanah, Kecamatan Jatinangor",13-09-2026,METNO,MET Norway,23:00,2026-09-13 23:00:00,19.2,96.4,0.0,9.36,0.0,1.3875,Cerah Berawan,partlycloudy_night
jatinangor,"Jatinangor, Sumedang",2026-09-13,32.11.15.2002,Hegarmanah,kecamatan,yes,-6.938,107.7556,Asia/Jakarta,"BMKG representative point: Hegarmanah, Kecamatan Jatinangor",13-09-2026,UKMO,Open-Meteo / UK Met Office,00:00,2026-09-13 00:00:00,18.8,99.0,0.0,3.2,0.0,1.3152,Berawan,wmo:3
jatinangor,"Jatinangor, Sumedang",2026-09-13,32.11.15.2002,Hegarmanah,kecamatan,yes,-6.938,107.7556,Asia/Jakarta,"BMKG representative point: Hegarmanah, Kecamatan Jatinangor",13-09-2026,UKMO,Open-Meteo / UK Met Office,01:00,2026-09-13 01:00:00,18.2,100,0.0,2.2,0.0,1.3152,Berawan,wmo:45
jatinangor,"Jatinangor, Sumedang",2026-09-13,32.11.15.2002,Hegarmanah,kecamatan,yes,-6.938,107.7556,Asia/Jakarta,"BMKG representative point: Hegarmanah, Kecamatan Jatinangor",13-09-2026,UKMO,Open-Meteo / UK Met Office,02:00,2026-09-13 02:00:00,17.7,99.0,0.0,0.7,0.0,1.3152,Berawan,wmo:3
jatinangor,"Jatinangor, Sumedang",2026-09-13,32.11.15.2002,Hegarmanah,kecamatan,yes,-6.938,107.7556,Asia/Jakarta,"BMKG representative point: Hegarmanah, Kecamatan Jatinangor",13-09-2026,UKMO,Open-Meteo / UK Met Office,03:00,2026-09-13 03:00:00,17.4,99.0,0.0,1.1,0.0,1.3152,Berawan,wmo:3
jatinangor,"Jatinangor, Sumedang",2026-09-13,32.11.15.2002,Hegarmanah,kecamatan,yes,-6.938,107.7556,Asia/Jakarta,"BMKG representative point: Hegarmanah, Kecamatan Jatinangor",13-09-2026,UKMO,Open-Meteo / UK Met Office,04:00,2026-09-13 04:00:00,17.1,100,0.0,2.2,0.0,1.3152,Berawan,wmo:3
jatinangor,"Jatinangor, Sumedang",2026-09-13,32.11.15.2002,Hegarmanah,kecamatan,yes,-6.938,107.7556,Asia/Jakarta,"BMKG representative point: Hegarmanah, Kecamatan Jatinangor",13-09-2026,UKMO,Open-Meteo / UK Met Office,05:00,2026-09-13 05:00:00,17.5,100,0.0,4.0,0.0,1.3152,Berawan,wmo:45
jatinangor,"Jatinangor, Sumedang",2026-09-13,32.11.15.2002,Hegarmanah,kecamatan,yes,-6.938,107.7556,Asia/Jakarta,"BMKG representative point: Hegarmanah, Kecamatan Jatinangor",13-09-2026,UKMO,Open-Meteo / UK Met Office,06:00,2026-09-13 06:00:00,17.5,100,0.0,4.0,0.0,1.3152,Berawan,wmo:3
jatinangor,"Jatinangor, Sumedang",2026-09-13,32.11.15.2002,Hegarmanah,kecamatan,yes,-6.938,107.7556,Asia/Jakarta,"BMKG representative point: Hegarmanah, Kecamatan Jatinangor",13-09-2026,UKMO,Open-Meteo / UK Met Office,07:00,2026-09-13 07:00:00,19.3,96.0,0.0,4.0,0.0,1.3152,Berawan,wmo:3
jatinangor,"Jatinangor, Sumedang",2026-09-13,32.11.15.2002,Hegarmanah,kecamatan,yes,-6.938,107.7556,Asia/Jakarta,"BMKG representative point: Hegarmanah, Kecamatan Jatinangor",13-09-2026,UKMO,Open-Meteo / UK Met Office,08:00,2026-09-13 08:00:00,22.8,79.0,0.0,3.2,0.0,1.3152,Berawan,wmo:3
jatinangor,"Jatinangor, Sumedang",2026-09-13,32.11.15.2002,Hegarmanah,kecamatan,yes,-6.938,107.7556,Asia/Jakarta,"BMKG representative point: Hegarmanah, Kecamatan Jatinangor",13-09-2026,UKMO,Open-Meteo / UK Met Office,09:00,2026-09-13 09:00:00,25.0,67.0,0.0,8.3,0.0,1.3152,Berawan,wmo:3
jatinangor,"Jatinangor, Sumedang",2026-09-13,32.11.15.2002,Hegarmanah,kecamatan,yes,-6.938,107.7556,Asia/Jakarta,"BMKG representative point: Hegarmanah, Kecamatan Jatinangor",13-09-2026,UKMO,Open-Meteo / UK Met Office,10:00,2026-09-13 10:00:00,26.9,55.0,0.0,9.7,0.0,1.3152,Berawan,wmo:3
jatinangor,"Jatinangor, Sumedang",2026-09-13,32.11.15.2002,Hegarmanah,kecamatan,yes,-6.938,107.7556,Asia/Jakarta,"BMKG representative point: Hegarmanah, Kecamatan Jatinangor",13-09-2026,UKMO,Open-Meteo / UK Met Office,11:00,2026-09-13 11:00:00,28.7,43.0,0.0,12.2,0.0,1.3152,Berawan,wmo:3
jatinangor,"Jatinangor, Sumedang",2026-09-13,32.11.15.2002,Hegarmanah,kecamatan,yes,-6.938,107.7556,Asia/Jakarta,"BMKG representative point: Hegarmanah, Kecamatan Jatinangor",13-09-2026,UKMO,Open-Meteo / UK Met Office,12:00,2026-09-13 12:00:00,29.7,35.0,0.0,15.1,0.0,1.3152,Berawan,wmo:3
jatinangor,"Jatinangor, Sumedang",2026-09-13,32.11.15.2002,Hegarmanah,kecamatan,yes,-6.938,107.7556,Asia/Jakarta,"BMKG representative point: Hegarmanah, Kecamatan Jatinangor",13-09-2026,UKMO,Open-Meteo / UK Met Office,13:00,2026-09-13 13:00:00,30.2,33.0,0.0,15.8,0.0,1.3152,Cerah Berawan,wmo:2
jatinangor,"Jatinangor, Sumedang",2026-09-13,32.11.15.2002,Hegarmanah,kecamatan,yes,-6.938,107.7556,Asia/Jakarta,"BMKG representative point: Hegarmanah, Kecamatan Jatinangor",13-09-2026,UKMO,Open-Meteo / UK Met Office,14:00,2026-09-13 14:00:00,30.2,32.0,0.0,15.8,0.0,1.3152,Cerah Berawan,wmo:2
jatinangor,"Jatinangor, Sumedang",2026-09-13,32.11.15.2002,Hegarmanah,kecamatan,yes,-6.938,107.7556,Asia/Jakarta,"BMKG representative point: Hegarmanah, Kecamatan Jatinangor",13-09-2026,UKMO,Open-Meteo / UK Met Office,15:00,2026-09-13 15:00:00,29.7,34.0,0.0,15.1,0.0,1.3152,Cerah Berawan,wmo:2
jatinangor,"Jatinangor, Sumedang",2026-09-13,32.11.15.2002,Hegarmanah,kecamatan,yes,-6.938,107.7556,Asia/Jakarta,"BMKG representative point: Hegarmanah, Kecamatan Jatinangor",13-09-2026,UKMO,Open-Meteo / UK Met Office,16:00,2026-09-13 16:00:00,28.8,38.0,0.0,14.4,0.0,1.3152,Cerah Berawan,wmo:1
jatinangor,"Jatinangor, Sumedang",2026-09-13,32.11.15.2002,Hegarmanah,kecamatan,yes,-6.938,107.7556,Asia/Jakarta,"BMKG representative point: Hegarmanah, Kecamatan Jatinangor",13-09-2026,UKMO,Open-Meteo / UK Met Office,17:00,2026-09-13 17:00:00,27.0,46.0,0.0,12.2,0.0,1.3152,Cerah Berawan,wmo:1
jatinangor,"Jatinangor, Sumedang",2026-09-13,32.11.15.2002,Hegarmanah,kecamatan,yes,-6.938,107.7556,Asia/Jakarta,"BMKG representative point: Hegarmanah, Kecamatan Jatinangor",13-09-2026,UKMO,Open-Meteo / UK Met Office,18:00,2026-09-13 18:00:00,24.2,59.0,0.0,8.6,0.0,1.3152,Cerah,wmo:0
jatinangor,"Jatinangor, Sumedang",2026-09-13,32.11.15.2002,Hegarmanah,kecamatan,yes,-6.938,107.7556,Asia/Jakarta,"BMKG representative point: Hegarmanah, Kecamatan Jatinangor",13-09-2026,UKMO,Open-Meteo / UK Met Office,19:00,2026-09-13 19:00:00,22.5,70.0,0.0,6.8,0.0,1.3152,Cerah,wmo:0
jatinangor,"Jatinangor, Sumedang",2026-09-13,32.11.15.2002,Hegarmanah,kecamatan,yes,-6.938,107.7556,Asia/Jakarta,"BMKG representative point: Hegarmanah, Kecamatan Jatinangor",13-09-2026,UKMO,Open-Meteo / UK Met Office,20:00,2026-09-13 20:00:00,21.5,76.0,0.0,7.6,0.0,1.3152,Cerah,wmo:0
jatinangor,"Jatinangor, Sumedang",2026-09-13,32.11.15.2002,Hegarmanah,kecamatan,yes,-6.938,107.7556,Asia/Jakarta,"BMKG representative point: Hegarmanah, Kecamatan Jatinangor",13-09-2026,UKMO,Open-Meteo / UK Met Office,21:00,2026-09-13 21:00:00,19.6,87.0,0.0,4.3,0.0,1.3152,Cerah Berawan,wmo:2
jatinangor,"Jatinangor, Sumedang",2026-09-13,32.11.15.2002,Hegarmanah,kecamatan,yes,-6.938,107.7556,Asia/Jakarta,"BMKG representative point: Hegarmanah, Kecamatan Jatinangor",13-09-2026,UKMO,Open-Meteo / UK Met Office,22:00,2026-09-13 22:00:00,18.7,92.0,0.0,4.0,0.0,1.3152,Cerah Berawan,wmo:2
jatinangor,"Jatinangor, Sumedang",2026-09-13,32.11.15.2002,Hegarmanah,kecamatan,yes,-6.938,107.7556,Asia/Jakarta,"BMKG representative point: Hegarmanah, Kecamatan Jatinangor",13-09-2026,UKMO,Open-Meteo / UK Met Office,23:00,2026-09-13 23:00:00,17.7,97.0,0.0,2.9,0.0,1.3152,Cerah Berawan,wmo:1
jatinangor,"Jatinangor, Sumedang",2026-09-14,32.11.15.2002,Hegarmanah,kecamatan,yes,-6.938,107.7556,Asia/Jakarta,"BMKG representative point: Hegarmanah, Kecamatan Jatinangor",14-09-2026,BMKG,BMKG,00:00,2026-09-14 00:00:00,18.0,94.0,0.0,1.7,0.0,1.7191,Cerah Berawan,Cerah Berawan
jatinangor,"Jatinangor, Sumedang",2026-09-14,32.11.15.2002,Hegarmanah,kecamatan,yes,-6.938,107.7556,Asia/Jakarta,"BMKG representative point: Hegarmanah, Kecamatan Jatinangor",14-09-2026,BMKG,BMKG,01:00,2026-09-14 00:00:00,18.0,94.0,0.0,1.7,60.0,1.2894,Cerah Berawan,Cerah Berawan
jatinangor,"Jatinangor, Sumedang",2026-09-14,32.11.15.2002,Hegarmanah,kecamatan,yes,-6.938,107.7556,Asia/Jakarta,"BMKG representative point: Hegarmanah, Kecamatan Jatinangor",14-09-2026,BMKG,BMKG,02:00,2026-09-14 03:00:00,16.0,97.0,0.0,0.6,60.0,1.2894,Cerah Berawan,Cerah Berawan
jatinangor,"Jatinangor, Sumedang",2026-09-14,32.11.15.2002,Hegarmanah,kecamatan,yes,-6.938,107.7556,Asia/Jakarta,"BMKG representative point: Hegarmanah, Kecamatan Jatinangor",14-09-2026,BMKG,BMKG,03:00,2026-09-14 03:00:00,16.0,97.0,0.0,0.6,0.0,1.7191,Cerah Berawan,Cerah Berawan
jatinangor,"Jatinangor, Sumedang",2026-09-14,32.11.15.2002,Hegarmanah,kecamatan,yes,-6.938,107.7556,Asia/Jakarta,"BMKG representative point: Hegarmanah, Kecamatan Jatinangor",14-09-2026,BMKG,BMKG,04:00,2026-09-14 03:00:00,16.0,97.0,0.0,0.6,60.0,1.2894,Cerah Berawan,Cerah Berawan
jatinangor,"Jatinangor, Sumedang",2026-09-14,32.11.15.2002,Hegarmanah,kecamatan,yes,-6.938,107.7556,Asia/Jakarta,"BMKG representative point: Hegarmanah, Kecamatan Jatinangor",14-09-2026,BMKG,BMKG,05:00,2026-09-14 06:00:00,18.0,89.0,0.0,3.2,60.0,1.2894,Cerah Berawan,Cerah Berawan
jatinangor,"Jatinangor, Sumedang",2026-09-14,32.11.15.2002,Hegarmanah,kecamatan,yes,-6.938,107.7556,Asia/Jakarta,"BMKG representative point: Hegarmanah, Kecamatan Jatinangor",14-09-2026,BMKG,BMKG,06:00,2026-09-14 06:00:00,18.0,89.0,0.0,3.2,0.0,1.7191,Cerah Berawan,Cerah Berawan
jatinangor,"Jatinangor, Sumedang",2026-09-14,32.11.15.2002,Hegarmanah,kecamatan,yes,-6.938,107.7556,Asia/Jakarta,"BMKG representative point: Hegarmanah, Kecamatan Jatinangor",14-09-2026,BMKG,BMKG,07:00,2026-09-14 06:00:00,18.0,89.0,0.0,3.2,60.0,1.2894,Cerah Berawan,Cerah Berawan
jatinangor,"Jatinangor, Sumedang",2026-09-14,32.11.15.2002,Hegarmanah,kecamatan,yes,-6.938,107.7556,Asia/Jakarta,"BMKG representative point: Hegarmanah, Kecamatan Jatinangor",14-09-2026,BMKG,BMKG,08:00,2026-09-14 09:00:00,26.0,47.0,0.0,7.4,60.0,1.2894,Cerah,Cerah
jatinangor,"Jatinangor, Sumedang",2026-09-14,32.11.15.2002,Hegarmanah,kecamatan,yes,-6.938,107.7556,Asia/Jakarta,"BMKG representative point: Hegarmanah, Kecamatan Jatinangor",14-09-2026,BMKG,BMKG,09:00,2026-09-14 09:00:00,26.0,47.0,0.0,7.4,0.0,1.7191,Cerah,Cerah
jatinangor,"Jatinangor, Sumedang",2026-09-14,32.11.15.2002,Hegarmanah,kecamatan,yes,-6.938,107.7556,Asia/Jakarta,"BMKG representative point: Hegarmanah, Kecamatan Jatinangor",14-09-2026,BMKG,BMKG,10:00,2026-09-14 09:00:00,26.0,47.0,0.0,7.4,60.0,1.2894,Cerah,Cerah
jatinangor,"Jatinangor, Sumedang",2026-09-14,32.11.15.2002,Hegarmanah,kecamatan,yes,-6.938,107.7556,Asia/Jakarta,"BMKG representative point: Hegarmanah, Kecamatan Jatinangor",14-09-2026,BMKG,BMKG,11:00,2026-09-14 12:00:00,30.0,29.0,0.0,9.5,60.0,1.2894,Cerah,Cerah
jatinangor,"Jatinangor, Sumedang",2026-09-14,32.11.15.2002,Hegarmanah,kecamatan,yes,-6.938,107.7556,Asia/Jakarta,"BMKG representative point: Hegarmanah, Kecamatan Jatinangor",14-09-2026,BMKG,BMKG,12:00,2026-09-14 12:00:00,30.0,29.0,0.0,9.5,0.0,1.7191,Cerah,Cerah
jatinangor,"Jatinangor, Sumedang",2026-09-14,32.11.15.2002,Hegarmanah,kecamatan,yes,-6.938,107.7556,Asia/Jakarta,"BMKG representative point: Hegarmanah, Kecamatan Jatinangor",14-09-2026,BMKG,BMKG,13:00,2026-09-14 12:00:00,30.0,29.0,0.0,9.5,60.0,1.2894,Cerah,Cerah
jatinangor,"Jatinangor, Sumedang",2026-09-14,32.11.15.2002,Hegarmanah,kecamatan,yes,-6.938,107.7556,Asia/Jakarta,"BMKG representative point: Hegarmanah, Kecamatan Jatinangor",14-09-2026,BMKG,BMKG,14:00,2026-09-14 15:00:00,29.0,31.0,0.0,12.8,60.0,1.2894,Cerah,Cerah
jatinangor,"Jatinangor, Sumedang",2026-09-14,32.11.15.2002,Hegarmanah,kecamatan,yes,-6.938,107.7556,Asia/Jakarta,"BMKG representative point: Hegarmanah, Kecamatan Jatinangor",14-09-2026,BMKG,BMKG,15:00,2026-09-14 15:00:00,29.0,31.0,0.0,12.8,0.0,1.7191,Cerah,Cerah
jatinangor,"Jatinangor, Sumedang",2026-09-14,32.11.15.2002,Hegarmanah,kecamatan,yes,-6.938,107.7556,Asia/Jakarta,"BMKG representative point: Hegarmanah, Kecamatan Jatinangor",14-09-2026,BMKG,BMKG,16:00,2026-09-14 15:00:00,29.0,31.0,0.0,12.8,60.0,1.2894,Cerah,Cerah
jatinangor,"Jatinangor, Sumedang",2026-09-14,32.11.15.2002,Hegarmanah,kecamatan,yes,-6.938,107.7556,Asia/Jakarta,"BMKG representative point: Hegarmanah, Kecamatan Jatinangor",14-09-2026,BMKG,BMKG,17:00,2026-09-14 18:00:00,22.0,63.0,0.0,3.7,60.0,1.2894,Cerah,Cerah
jatinangor,"Jatinangor, Sumedang",2026-09-14,32.11.15.2002,Hegarmanah,kecamatan,yes,-6.938,107.7556,Asia/Jakarta,"BMKG representative point: Hegarmanah, Kecamatan Jatinangor",14-09-2026,BMKG,BMKG,18:00,2026-09-14 18:00:00,22.0,63.0,0.0,3.7,0.0,1.7191,Cerah,Cerah
jatinangor,"Jatinangor, Sumedang",2026-09-14,32.11.15.2002,Hegarmanah,kecamatan,yes,-6.938,107.7556,Asia/Jakarta,"BMKG representative point: Hegarmanah, Kecamatan Jatinangor",14-09-2026,BMKG,BMKG,19:00,2026-09-14 18:00:00,22.0,63.0,0.0,3.7,60.0,1.2894,Cerah,Cerah
jatinangor,"Jatinangor, Sumedang",2026-09-14,32.11.15.2002,Hegarmanah,kecamatan,yes,-6.938,107.7556,Asia/Jakarta,"BMKG representative point: Hegarmanah, Kecamatan Jatinangor",14-09-2026,BMKG,BMKG,20:00,2026-09-14 21:00:00,18.0,87.0,0.0,3.8,60.0,1.2894,Cerah,Cerah
jatinangor,"Jatinangor, Sumedang",2026-09-14,32.11.15.2002,Hegarmanah,kecamatan,yes,-6.938,107.7556,Asia/Jakarta,"BMKG representative point: Hegarmanah, Kecamatan Jatinangor",14-09-2026,BMKG,BMKG,21:00,2026-09-14 21:00:00,18.0,87.0,0.0,3.8,0.0,1.7191,Cerah,Cerah
jatinangor,"Jatinangor, Sumedang",2026-09-14,32.11.15.2002,Hegarmanah,kecamatan,yes,-6.938,107.7556,Asia/Jakarta,"BMKG representative point: Hegarmanah, Kecamatan Jatinangor",14-09-2026,BMKG,BMKG,22:00,2026-09-14 21:00:00,18.0,87.0,0.0,3.8,60.0,1.2894,Cerah,Cerah
jatinangor,"Jatinangor, Sumedang",2026-09-14,32.11.15.2002,Hegarmanah,kecamatan,yes,-6.938,107.7556,Asia/Jakarta,"BMKG representative point: Hegarmanah, Kecamatan Jatinangor",14-09-2026,BMKG,BMKG,23:00,2026-09-14 21:00:00,18.0,87.0,0.0,3.8,120.0,0.9455,Cerah,Cerah
jatinangor,"Jatinangor, Sumedang",2026-09-14,32.11.15.2002,Hegarmanah,kecamatan,yes,-6.938,107.7556,Asia/Jakarta,"BMKG representative point: Hegarmanah, Kecamatan Jatinangor",14-09-2026,CMA,Open-Meteo / CMA GRAPES,00:00,2026-09-14 00:00:00,19.7,74.0,0.0,8.6,0.0,1.156,Cerah,wmo:0
jatinangor,"Jatinangor, Sumedang",2026-09-14,32.11.15.2002,Hegarmanah,kecamatan,yes,-6.938,107.7556,Asia/Jakarta,"BMKG representative point: Hegarmanah, Kecamatan Jatinangor",14-09-2026,CMA,Open-Meteo / CMA GRAPES,01:00,2026-09-14 01:00:00,19.5,74.0,0.0,8.2,0.0,1.156,Cerah,wmo:0
jatinangor,"Jatinangor, Sumedang",2026-09-14,32.11.15.2002,Hegarmanah,kecamatan,yes,-6.938,107.7556,Asia/Jakarta,"BMKG representative point: Hegarmanah, Kecamatan Jatinangor",14-09-2026,CMA,Open-Meteo / CMA GRAPES,02:00,2026-09-14 02:00:00,19.3,79.0,0.0,7.9,0.0,1.156,Cerah,wmo:0
jatinangor,"Jatinangor, Sumedang",2026-09-14,32.11.15.2002,Hegarmanah,kecamatan,yes,-6.938,107.7556,Asia/Jakarta,"BMKG representative point: Hegarmanah, Kecamatan Jatinangor",14-09-2026,CMA,Open-Meteo / CMA GRAPES,03:00,2026-09-14 03:00:00,19.2,86.0,0.0,7.9,0.0,1.156,Cerah Berawan,wmo:1
jatinangor,"Jatinangor, Sumedang",2026-09-14,32.11.15.2002,Hegarmanah,kecamatan,yes,-6.938,107.7556,Asia/Jakarta,"BMKG representative point: Hegarmanah, Kecamatan Jatinangor",14-09-2026,CMA,Open-Meteo / CMA GRAPES,04:00,2026-09-14 04:00:00,19.2,90.0,0.0,8.0,0.0,1.156,Cerah Berawan,wmo:1
jatinangor,"Jatinangor, Sumedang",2026-09-14,32.11.15.2002,Hegarmanah,kecamatan,yes,-6.938,107.7556,Asia/Jakarta,"BMKG representative point: Hegarmanah, Kecamatan Jatinangor",14-09-2026,CMA,Open-Meteo / CMA GRAPES,05:00,2026-09-14 05:00:00,19.5,90.0,0.0,8.4,0.0,1.156,Cerah Berawan,wmo:1
jatinangor,"Jatinangor, Sumedang",2026-09-14,32.11.15.2002,Hegarmanah,kecamatan,yes,-6.938,107.7556,Asia/Jakarta,"BMKG representative point: Hegarmanah, Kecamatan Jatinangor",14-09-2026,CMA,Open-Meteo / CMA GRAPES,06:00,2026-09-14 06:00:00,19.9,87.0,0.0,9.2,0.0,1.156,Cerah Berawan,wmo:1
jatinangor,"Jatinangor, Sumedang",2026-09-14,32.11.15.2002,Hegarmanah,kecamatan,yes,-6.938,107.7556,Asia/Jakarta,"BMKG representative point: Hegarmanah, Kecamatan Jatinangor",14-09-2026,CMA,Open-Meteo / CMA GRAPES,07:00,2026-09-14 07:00:00,20.7,82.0,0.0,9.5,0.0,1.156,Cerah Berawan,wmo:2
jatinangor,"Jatinangor, Sumedang",2026-09-14,32.11.15.2002,Hegarmanah,kecamatan,yes,-6.938,107.7556,Asia/Jakarta,"BMKG representative point: Hegarmanah, Kecamatan Jatinangor",14-09-2026,CMA,Open-Meteo / CMA GRAPES,08:00,2026-09-14 08:00:00,22.0,75.0,0.0,10.5,0.0,1.156,Cerah Berawan,wmo:1
jatinangor,"Jatinangor, Sumedang",2026-09-14,32.11.15.2002,Hegarmanah,kecamatan,yes,-6.938,107.7556,Asia/Jakarta,"BMKG representative point: Hegarmanah, Kecamatan Jatinangor",14-09-2026,CMA,Open-Meteo / CMA GRAPES,09:00,2026-09-14 09:00:00,23.6,66.0,0.0,11.9,0.0,1.156,Cerah Berawan,wmo:1
jatinangor,"Jatinangor, Sumedang",2026-09-14,32.11.15.2002,Hegarmanah,kecamatan,yes,-6.938,107.7556,Asia/Jakarta,"BMKG representative point: Hegarmanah, Kecamatan Jatinangor",14-09-2026,CMA,Open-Meteo / CMA GRAPES,10:00,2026-09-14 10:00:00,25.0,58.0,0.0,13.7,0.0,1.156,Cerah Berawan,wmo:1
jatinangor,"Jatinangor, Sumedang",2026-09-14,32.11.15.2002,Hegarmanah,kecamatan,yes,-6.938,107.7556,Asia/Jakarta,"BMKG representative point: Hegarmanah, Kecamatan Jatinangor",14-09-2026,CMA,Open-Meteo / CMA GRAPES,11:00,2026-09-14 11:00:00,26.0,53.0,0.0,14.6,0.0,1.156,Cerah Berawan,wmo:1
jatinangor,"Jatinangor, Sumedang",2026-09-14,32.11.15.2002,Hegarmanah,kecamatan,yes,-6.938,107.7556,Asia/Jakarta,"BMKG representative point: Hegarmanah, Kecamatan Jatinangor",14-09-2026,CMA,Open-Meteo / CMA GRAPES,12:00,2026-09-14 12:00:00,26.8,50.0,0.0,14.9,0.0,1.156,Cerah Berawan,wmo:1
jatinangor,"Jatinangor, Sumedang",2026-09-14,32.11.15.2002,Hegarmanah,kecamatan,yes,-6.938,107.7556,Asia/Jakarta,"BMKG representative point: Hegarmanah, Kecamatan Jatinangor",14-09-2026,CMA,Open-Meteo / CMA GRAPES,13:00,2026-09-14 13:00:00,27.2,48.0,0.0,15.2,0.0,1.156,Cerah Berawan,wmo:1
jatinangor,"Jatinangor, Sumedang",2026-09-14,32.11.15.2002,Hegarmanah,kecamatan,yes,-6.938,107.7556,Asia/Jakarta,"BMKG representative point: Hegarmanah, Kecamatan Jatinangor",14-09-2026,CMA,Open-Meteo / CMA GRAPES,14:00,2026-09-14 14:00:00,27.3,47.0,0.0,15.3,0.0,1.156,Cerah,wmo:0
jatinangor,"Jatinangor, Sumedang",2026-09-14,32.11.15.2002,Hegarmanah,kecamatan,yes,-6.938,107.7556,Asia/Jakarta,"BMKG representative point: Hegarmanah, Kecamatan Jatinangor",14-09-2026,CMA,Open-Meteo / CMA GRAPES,15:00,2026-09-14 15:00:00,27.1,48.0,0.0,14.9,0.0,1.156,Cerah,wmo:0
jatinangor,"Jatinangor, Sumedang",2026-09-14,32.11.15.2002,Hegarmanah,kecamatan,yes,-6.938,107.7556,Asia/Jakarta,"BMKG representative point: Hegarmanah, Kecamatan Jatinangor",14-09-2026,CMA,Open-Meteo / CMA GRAPES,16:00,2026-09-14 16:00:00,26.3,50.0,0.0,14.0,0.0,1.156,Cerah,wmo:0
jatinangor,"Jatinangor, Sumedang",2026-09-14,32.11.15.2002,Hegarmanah,kecamatan,yes,-6.938,107.7556,Asia/Jakarta,"BMKG representative point: Hegarmanah, Kecamatan Jatinangor",14-09-2026,CMA,Open-Meteo / CMA GRAPES,17:00,2026-09-14 17:00:00,24.8,56.0,0.0,12.3,0.0,1.156,Cerah,wmo:0
jatinangor,"Jatinangor, Sumedang",2026-09-14,32.11.15.2002,Hegarmanah,kecamatan,yes,-6.938,107.7556,Asia/Jakarta,"BMKG representative point: Hegarmanah, Kecamatan Jatinangor",14-09-2026,CMA,Open-Meteo / CMA GRAPES,18:00,2026-09-14 18:00:00,22.7,64.0,0.0,11.7,0.0,1.156,Cerah,wmo:0
jatinangor,"Jatinangor, Sumedang",2026-09-14,32.11.15.2002,Hegarmanah,kecamatan,yes,-6.938,107.7556,Asia/Jakarta,"BMKG representative point: Hegarmanah, Kecamatan Jatinangor",14-09-2026,CMA,Open-Meteo / CMA GRAPES,19:00,2026-09-14 19:00:00,20.8,69.0,0.0,11.4,0.0,1.156,Cerah,wmo:0
jatinangor,"Jatinangor, Sumedang",2026-09-14,32.11.15.2002,Hegarmanah,kecamatan,yes,-6.938,107.7556,Asia/Jakarta,"BMKG representative point: Hegarmanah, Kecamatan Jatinangor",14-09-2026,CMA,Open-Meteo / CMA GRAPES,20:00,2026-09-14 20:00:00,19.5,70.0,0.0,11.0,0.0,1.156,Cerah,wmo:0
jatinangor,"Jatinangor, Sumedang",2026-09-14,32.11.15.2002,Hegarmanah,kecamatan,yes,-6.938,107.7556,Asia/Jakarta,"BMKG representative point: Hegarmanah, Kecamatan Jatinangor",14-09-2026,CMA,Open-Meteo / CMA GRAPES,21:00,2026-09-14 21:00:00,18.3,68.0,0.0,10.2,0.0,1.156,Cerah,wmo:0
jatinangor,"Jatinangor, Sumedang",2026-09-14,32.11.15.2002,Hegarmanah,kecamatan,yes,-6.938,107.7556,Asia/Jakarta,"BMKG representative point: Hegarmanah, Kecamatan Jatinangor",14-09-2026,CMA,Open-Meteo / CMA GRAPES,22:00,2026-09-14 22:00:00,17.4,67.0,0.0,9.8,0.0,1.156,Cerah,wmo:0
jatinangor,"Jatinangor, Sumedang",2026-09-14,32.11.15.2002,Hegarmanah,kecamatan,yes,-6.938,107.7556,Asia/Jakarta,"BMKG representative point: Hegarmanah, Kecamatan Jatinangor",14-09-2026,CMA,Open-Meteo / CMA GRAPES,23:00,2026-09-14 23:00:00,16.9,67.0,0.0,9.8,0.0,1.156,Cerah,wmo:0
jatinangor,"Jatinangor, Sumedang",2026-09-14,32.11.15.2002,Hegarmanah,kecamatan,yes,-6.938,107.7556,Asia/Jakarta,"BMKG representative point: Hegarmanah, Kecamatan Jatinangor",14-09-2026,ECMWF,Open-Meteo / ECMWF,00:00,2026-09-14 00:00:00,19.5,94.0,0.0,5.9,0.0,1.7314,Berawan,wmo:3
jatinangor,"Jatinangor, Sumedang",2026-09-14,32.11.15.2002,Hegarmanah,kecamatan,yes,-6.938,107.7556,Asia/Jakarta,"BMKG representative point: Hegarmanah, Kecamatan Jatinangor",14-09-2026,ECMWF,Open-Meteo / ECMWF,01:00,2026-09-14 01:00:00,18.9,95.0,0.0,5.2,0.0,1.7314,Berawan,wmo:3
jatinangor,"Jatinangor, Sumedang",2026-09-14,32.11.15.2002,Hegarmanah,kecamatan,yes,-6.938,107.7556,Asia/Jakarta,"BMKG representative point: Hegarmanah, Kecamatan Jatinangor",14-09-2026,ECMWF,Open-Meteo / ECMWF,02:00,2026-09-14 02:00:00,18.1,96.0,0.0,5.6,0.0,1.7314,Berawan,wmo:3
jatinangor,"Jatinangor, Sumedang",2026-09-14,32.11.15.2002,Hegarmanah,kecamatan,yes,-6.938,107.7556,Asia/Jakarta,"BMKG representative point: Hegarmanah, Kecamatan Jatinangor",14-09-2026,ECMWF,Open-Meteo / ECMWF,03:00,2026-09-14 03:00:00,17.3,96.0,0.0,6.5,0.0,1.7314,Berawan,wmo:3
jatinangor,"Jatinangor, Sumedang",2026-09-14,32.11.15.2002,Hegarmanah,kecamatan,yes,-6.938,107.7556,Asia/Jakarta,"BMKG representative point: Hegarmanah, Kecamatan Jatinangor",14-09-2026,ECMWF,Open-Meteo / ECMWF,04:00,2026-09-14 04:00:00,17.0,95.0,0.0,6.8,0.0,1.7314,Cerah Berawan,wmo:2
jatinangor,"Jatinangor, Sumedang",2026-09-14,32.11.15.2002,Hegarmanah,kecamatan,yes,-6.938,107.7556,Asia/Jakarta,"BMKG representative point: Hegarmanah, Kecamatan Jatinangor",14-09-2026,ECMWF,Open-Meteo / ECMWF,05:00,2026-09-14 05:00:00,17.3,93.0,0.0,6.6,0.0,1.7314,Cerah Berawan,wmo:2
jatinangor,"Jatinangor, Sumedang",2026-09-14,32.11.15.2002,Hegarmanah,kecamatan,yes,-6.938,107.7556,Asia/Jakarta,"BMKG representative point: Hegarmanah, Kecamatan Jatinangor",14-09-2026,ECMWF,Open-Meteo / ECMWF,06:00,2026-09-14 06:00:00,18.2,90.0,0.0,6.1,0.0,1.7314,Cerah Berawan,wmo:2
jatinangor,"Jatinangor, Sumedang",2026-09-14,32.11.15.2002,Hegarmanah,kecamatan,yes,-6.938,107.7556,Asia/Jakarta,"BMKG representative point: Hegarmanah, Kecamatan Jatinangor",14-09-2026,ECMWF,Open-Meteo / ECMWF,07:00,2026-09-14 07:00:00,19.7,83.0,0.0,6.2,0.0,1.7314,Cerah Berawan,wmo:1
jatinangor,"Jatinangor, Sumedang",2026-09-14,32.11.15.2002,Hegarmanah,kecamatan,yes,-6.938,107.7556,Asia/Jakarta,"BMKG representative point: Hegarmanah, Kecamatan Jatinangor",14-09-2026,ECMWF,Open-Meteo / ECMWF,08:00,2026-09-14 08:00:00,22.4,70.0,0.0,6.8,0.0,1.7314,Cerah Berawan,wmo:1
jatinangor,"Jatinangor, Sumedang",2026-09-14,32.11.15.2002,Hegarmanah,kecamatan,yes,-6.938,107.7556,Asia/Jakarta,"BMKG representative point: Hegarmanah, Kecamatan Jatinangor",14-09-2026,ECMWF,Open-Meteo / ECMWF,09:00,2026-09-14 09:00:00,25.8,54.0,0.0,8.0,0.0,1.7314,Cerah,wmo:0
jatinangor,"Jatinangor, Sumedang",2026-09-14,32.11.15.2002,Hegarmanah,kecamatan,yes,-6.938,107.7556,Asia/Jakarta,"BMKG representative point: Hegarmanah, Kecamatan Jatinangor",14-09-2026,ECMWF,Open-Meteo / ECMWF,10:00,2026-09-14 10:00:00,28.7,41.0,0.0,9.1,0.0,1.7314,Cerah,wmo:0
jatinangor,"Jatinangor, Sumedang",2026-09-14,32.11.15.2002,Hegarmanah,kecamatan,yes,-6.938,107.7556,Asia/Jakarta,"BMKG representative point: Hegarmanah, Kecamatan Jatinangor",14-09-2026,ECMWF,Open-Meteo / ECMWF,11:00,2026-09-14 11:00:00,30.5,34.0,0.0,9.8,0.0,1.7314,Cerah,wmo:0
jatinangor,"Jatinangor, Sumedang",2026-09-14,32.11.15.2002,Hegarmanah,kecamatan,yes,-6.938,107.7556,Asia/Jakarta,"BMKG representative point: Hegarmanah, Kecamatan Jatinangor",14-09-2026,ECMWF,Open-Meteo / ECMWF,12:00,2026-09-14 12:00:00,31.8,30.0,0.0,10.4,0.0,1.7314,Cerah,wmo:0
jatinangor,"Jatinangor, Sumedang",2026-09-14,32.11.15.2002,Hegarmanah,kecamatan,yes,-6.938,107.7556,Asia/Jakarta,"BMKG representative point: Hegarmanah, Kecamatan Jatinangor",14-09-2026,ECMWF,Open-Meteo / ECMWF,13:00,2026-09-14 13:00:00,32.5,28.0,0.0,11.2,0.0,1.7314,Cerah,wmo:0
jatinangor,"Jatinangor, Sumedang",2026-09-14,32.11.15.2002,Hegarmanah,kecamatan,yes,-6.938,107.7556,Asia/Jakarta,"BMKG representative point: Hegarmanah, Kecamatan Jatinangor",14-09-2026,ECMWF,Open-Meteo / ECMWF,14:00,2026-09-14 14:00:00,32.6,26.0,0.0,12.5,0.0,1.7314,Cerah,wmo:0
jatinangor,"Jatinangor, Sumedang",2026-09-14,32.11.15.2002,Hegarmanah,kecamatan,yes,-6.938,107.7556,Asia/Jakarta,"BMKG representative point: Hegarmanah, Kecamatan Jatinangor",14-09-2026,ECMWF,Open-Meteo / ECMWF,15:00,2026-09-14 15:00:00,32.2,26.0,0.0,14.7,0.0,1.7314,Cerah,wmo:0
jatinangor,"Jatinangor, Sumedang",2026-09-14,32.11.15.2002,Hegarmanah,kecamatan,yes,-6.938,107.7556,Asia/Jakarta,"BMKG representative point: Hegarmanah, Kecamatan Jatinangor",14-09-2026,ECMWF,Open-Meteo / ECMWF,16:00,2026-09-14 16:00:00,31.2,29.0,0.0,15.6,0.0,1.7314,Cerah,wmo:0
jatinangor,"Jatinangor, Sumedang",2026-09-14,32.11.15.2002,Hegarmanah,kecamatan,yes,-6.938,107.7556,Asia/Jakarta,"BMKG representative point: Hegarmanah, Kecamatan Jatinangor",14-09-2026,ECMWF,Open-Meteo / ECMWF,17:00,2026-09-14 17:00:00,29.3,38.0,0.0,13.4,0.0,1.7314,Cerah,wmo:0
jatinangor,"Jatinangor, Sumedang",2026-09-14,32.11.15.2002,Hegarmanah,kecamatan,yes,-6.938,107.7556,Asia/Jakarta,"BMKG representative point: Hegarmanah, Kecamatan Jatinangor",14-09-2026,ECMWF,Open-Meteo / ECMWF,18:00,2026-09-14 18:00:00,26.8,51.0,0.0,10.0,0.0,1.7314,Cerah Berawan,wmo:1
jatinangor,"Jatinangor, Sumedang",2026-09-14,32.11.15.2002,Hegarmanah,kecamatan,yes,-6.938,107.7556,Asia/Jakarta,"BMKG representative point: Hegarmanah, Kecamatan Jatinangor",14-09-2026,ECMWF,Open-Meteo / ECMWF,19:00,2026-09-14 19:00:00,24.5,63.0,0.0,7.9,0.0,1.7314,Cerah Berawan,wmo:2
jatinangor,"Jatinangor, Sumedang",2026-09-14,32.11.15.2002,Hegarmanah,kecamatan,yes,-6.938,107.7556,Asia/Jakarta,"BMKG representative point: Hegarmanah, Kecamatan Jatinangor",14-09-2026,ECMWF,Open-Meteo / ECMWF,20:00,2026-09-14 20:00:00,22.6,73.0,0.0,7.6,0.0,1.7314,Cerah Berawan,wmo:2
jatinangor,"Jatinangor, Sumedang",2026-09-14,32.11.15.2002,Hegarmanah,kecamatan,yes,-6.938,107.7556,Asia/Jakarta,"BMKG representative point: Hegarmanah, Kecamatan Jatinangor",14-09-2026,ECMWF,Open-Meteo / ECMWF,21:00,2026-09-14 21:00:00,21.0,81.0,0.0,8.3,0.0,1.7314,Cerah Berawan,wmo:2
jatinangor,"Jatinangor, Sumedang",2026-09-14,32.11.15.2002,Hegarmanah,kecamatan,yes,-6.938,107.7556,Asia/Jakarta,"BMKG representative point: Hegarmanah, Kecamatan Jatinangor",14-09-2026,ECMWF,Open-Meteo / ECMWF,22:00,2026-09-14 22:00:00,19.7,88.0,0.0,8.7,0.0,1.7314,Cerah Berawan,wmo:2
jatinangor,"Jatinangor, Sumedang",2026-09-14,32.11.15.2002,Hegarmanah,kecamatan,yes,-6.938,107.7556,Asia/Jakarta,"BMKG representative point: Hegarmanah, Kecamatan Jatinangor",14-09-2026,ECMWF,Open-Meteo / ECMWF,23:00,2026-09-14 23:00:00,18.6,91.0,0.0,8.3,0.0,1.7314,Berawan,wmo:3
jatinangor,"Jatinangor, Sumedang",2026-09-14,32.11.15.2002,Hegarmanah,kecamatan,yes,-6.938,107.7556,Asia/Jakarta,"BMKG representative point: Hegarmanah, Kecamatan Jatinangor",14-09-2026,GFS,Open-Meteo / NOAA GFS,00:00,2026-09-14 00:00:00,19.0,96.0,0.0,5.7,0.0,1.3831,Berawan,wmo:3
jatinangor,"Jatinangor, Sumedang",2026-09-14,32.11.15.2002,Hegarmanah,kecamatan,yes,-6.938,107.7556,Asia/Jakarta,"BMKG representative point: Hegarmanah, Kecamatan Jatinangor",14-09-2026,GFS,Open-Meteo / NOAA GFS,01:00,2026-09-14 01:00:00,18.5,96.0,0.0,6.2,0.0,1.3831,Cerah Berawan,wmo:2
jatinangor,"Jatinangor, Sumedang",2026-09-14,32.11.15.2002,Hegarmanah,kecamatan,yes,-6.938,107.7556,Asia/Jakarta,"BMKG representative point: Hegarmanah, Kecamatan Jatinangor",14-09-2026,GFS,Open-Meteo / NOAA GFS,02:00,2026-09-14 02:00:00,17.8,97.0,0.0,6.3,0.0,1.3831,Cerah,wmo:0
jatinangor,"Jatinangor, Sumedang",2026-09-14,32.11.15.2002,Hegarmanah,kecamatan,yes,-6.938,107.7556,Asia/Jakarta,"BMKG representative point: Hegarmanah, Kecamatan Jatinangor",14-09-2026,GFS,Open-Meteo / NOAA GFS,03:00,2026-09-14 03:00:00,17.3,95.0,0.0,5.8,0.0,1.3831,Cerah Berawan,wmo:1
jatinangor,"Jatinangor, Sumedang",2026-09-14,32.11.15.2002,Hegarmanah,kecamatan,yes,-6.938,107.7556,Asia/Jakarta,"BMKG representative point: Hegarmanah, Kecamatan Jatinangor",14-09-2026,GFS,Open-Meteo / NOAA GFS,04:00,2026-09-14 04:00:00,16.9,95.0,0.0,5.5,0.0,1.3831,Cerah,wmo:0
jatinangor,"Jatinangor, Sumedang",2026-09-14,32.11.15.2002,Hegarmanah,kecamatan,yes,-6.938,107.7556,Asia/Jakarta,"BMKG representative point: Hegarmanah, Kecamatan Jatinangor",14-09-2026,GFS,Open-Meteo / NOAA GFS,05:00,2026-09-14 05:00:00,16.7,94.0,0.0,5.8,0.0,1.3831,Cerah,wmo:0
jatinangor,"Jatinangor, Sumedang",2026-09-14,32.11.15.2002,Hegarmanah,kecamatan,yes,-6.938,107.7556,Asia/Jakarta,"BMKG representative point: Hegarmanah, Kecamatan Jatinangor",14-09-2026,GFS,Open-Meteo / NOAA GFS,06:00,2026-09-14 06:00:00,16.7,93.0,0.0,5.6,0.0,1.3831,Cerah,wmo:0
jatinangor,"Jatinangor, Sumedang",2026-09-14,32.11.15.2002,Hegarmanah,kecamatan,yes,-6.938,107.7556,Asia/Jakarta,"BMKG representative point: Hegarmanah, Kecamatan Jatinangor",14-09-2026,GFS,Open-Meteo / NOAA GFS,07:00,2026-09-14 07:00:00,20.5,76.0,0.0,6.3,0.0,1.3831,Cerah,wmo:0
jatinangor,"Jatinangor, Sumedang",2026-09-14,32.11.15.2002,Hegarmanah,kecamatan,yes,-6.938,107.7556,Asia/Jakarta,"BMKG representative point: Hegarmanah, Kecamatan Jatinangor",14-09-2026,GFS,Open-Meteo / NOAA GFS,08:00,2026-09-14 08:00:00,24.7,59.0,0.0,7.3,0.0,1.3831,Cerah,wmo:0
jatinangor,"Jatinangor, Sumedang",2026-09-14,32.11.15.2002,Hegarmanah,kecamatan,yes,-6.938,107.7556,Asia/Jakarta,"BMKG representative point: Hegarmanah, Kecamatan Jatinangor",14-09-2026,GFS,Open-Meteo / NOAA GFS,09:00,2026-09-14 09:00:00,27.9,47.0,0.0,8.7,0.0,1.3831,Cerah,wmo:0
jatinangor,"Jatinangor, Sumedang",2026-09-14,32.11.15.2002,Hegarmanah,kecamatan,yes,-6.938,107.7556,Asia/Jakarta,"BMKG representative point: Hegarmanah, Kecamatan Jatinangor",14-09-2026,GFS,Open-Meteo / NOAA GFS,10:00,2026-09-14 10:00:00,30.5,35.0,0.0,9.9,0.0,1.3831,Cerah,wmo:0
jatinangor,"Jatinangor, Sumedang",2026-09-14,32.11.15.2002,Hegarmanah,kecamatan,yes,-6.938,107.7556,Asia/Jakarta,"BMKG representative point: Hegarmanah, Kecamatan Jatinangor",14-09-2026,GFS,Open-Meteo / NOAA GFS,11:00,2026-09-14 11:00:00,32.3,27.0,0.0,11.5,0.0,1.3831,Cerah,wmo:0
jatinangor,"Jatinangor, Sumedang",2026-09-14,32.11.15.2002,Hegarmanah,kecamatan,yes,-6.938,107.7556,Asia/Jakarta,"BMKG representative point: Hegarmanah, Kecamatan Jatinangor",14-09-2026,GFS,Open-Meteo / NOAA GFS,12:00,2026-09-14 12:00:00,33.5,23.0,0.0,12.4,0.0,1.3831,Cerah,wmo:0
jatinangor,"Jatinangor, Sumedang",2026-09-14,32.11.15.2002,Hegarmanah,kecamatan,yes,-6.938,107.7556,Asia/Jakarta,"BMKG representative point: Hegarmanah, Kecamatan Jatinangor",14-09-2026,GFS,Open-Meteo / NOAA GFS,13:00,2026-09-14 13:00:00,34.3,21.0,0.0,13.7,0.0,1.3831,Cerah,wmo:0
jatinangor,"Jatinangor, Sumedang",2026-09-14,32.11.15.2002,Hegarmanah,kecamatan,yes,-6.938,107.7556,Asia/Jakarta,"BMKG representative point: Hegarmanah, Kecamatan Jatinangor",14-09-2026,GFS,Open-Meteo / NOAA GFS,14:00,2026-09-14 14:00:00,34.6,20.0,0.0,14.5,0.0,1.3831,Cerah,wmo:0
jatinangor,"Jatinangor, Sumedang",2026-09-14,32.11.15.2002,Hegarmanah,kecamatan,yes,-6.938,107.7556,Asia/Jakarta,"BMKG representative point: Hegarmanah, Kecamatan Jatinangor",14-09-2026,GFS,Open-Meteo / NOAA GFS,15:00,2026-09-14 15:00:00,34.2,21.0,0.0,15.3,0.0,1.3831,Cerah Berawan,wmo:1
jatinangor,"Jatinangor, Sumedang",2026-09-14,32.11.15.2002,Hegarmanah,kecamatan,yes,-6.938,107.7556,Asia/Jakarta,"BMKG representative point: Hegarmanah, Kecamatan Jatinangor",14-09-2026,GFS,Open-Meteo / NOAA GFS,16:00,2026-09-14 16:00:00,31.8,30.0,0.0,19.9,0.0,1.3831,Berawan,wmo:3
jatinangor,"Jatinangor, Sumedang",2026-09-14,32.11.15.2002,Hegarmanah,kecamatan,yes,-6.938,107.7556,Asia/Jakarta,"BMKG representative point: Hegarmanah, Kecamatan Jatinangor",14-09-2026,GFS,Open-Meteo / NOAA GFS,17:00,2026-09-14 17:00:00,28.2,44.0,0.0,15.5,0.0,1.3831,Berawan,wmo:3
jatinangor,"Jatinangor, Sumedang",2026-09-14,32.11.15.2002,Hegarmanah,kecamatan,yes,-6.938,107.7556,Asia/Jakarta,"BMKG representative point: Hegarmanah, Kecamatan Jatinangor",14-09-2026,GFS,Open-Meteo / NOAA GFS,18:00,2026-09-14 18:00:00,24.1,61.0,0.0,10.0,0.0,1.3831,Berawan,wmo:3
jatinangor,"Jatinangor, Sumedang",2026-09-14,32.11.15.2002,Hegarmanah,kecamatan,yes,-6.938,107.7556,Asia/Jakarta,"BMKG representative point: Hegarmanah, Kecamatan Jatinangor",14-09-2026,GFS,Open-Meteo / NOAA GFS,19:00,2026-09-14 19:00:00,22.3,71.0,0.0,6.2,0.0,1.3831,Berawan,wmo:3
jatinangor,"Jatinangor, Sumedang",2026-09-14,32.11.15.2002,Hegarmanah,kecamatan,yes,-6.938,107.7556,Asia/Jakarta,"BMKG representative point: Hegarmanah, Kecamatan Jatinangor",14-09-2026,GFS,Open-Meteo / NOAA GFS,20:00,2026-09-14 20:00:00,21.3,76.0,0.0,5.2,0.0,1.3831,Cerah Berawan,wmo:2
jatinangor,"Jatinangor, Sumedang",2026-09-14,32.11.15.2002,Hegarmanah,kecamatan,yes,-6.938,107.7556,Asia/Jakarta,"BMKG representative point: Hegarmanah, Kecamatan Jatinangor",14-09-2026,GFS,Open-Meteo / NOAA GFS,21:00,2026-09-14 21:00:00,20.5,80.0,0.0,6.1,0.0,1.3831,Cerah Berawan,wmo:2
jatinangor,"Jatinangor, Sumedang",2026-09-14,32.11.15.2002,Hegarmanah,kecamatan,yes,-6.938,107.7556,Asia/Jakarta,"BMKG representative point: Hegarmanah, Kecamatan Jatinangor",14-09-2026,GFS,Open-Meteo / NOAA GFS,22:00,2026-09-14 22:00:00,19.2,86.0,0.0,7.7,0.0,1.3831,Cerah Berawan,wmo:2
jatinangor,"Jatinangor, Sumedang",2026-09-14,32.11.15.2002,Hegarmanah,kecamatan,yes,-6.938,107.7556,Asia/Jakarta,"BMKG representative point: Hegarmanah, Kecamatan Jatinangor",14-09-2026,GFS,Open-Meteo / NOAA GFS,23:00,2026-09-14 23:00:00,18.1,93.0,0.0,7.1,0.0,1.3831,Cerah Berawan,wmo:2
jatinangor,"Jatinangor, Sumedang",2026-09-14,32.11.15.2002,Hegarmanah,kecamatan,yes,-6.938,107.7556,Asia/Jakarta,"BMKG representative point: Hegarmanah, Kecamatan Jatinangor",14-09-2026,ICON,Open-Meteo / DWD ICON,00:00,2026-09-14 00:00:00,20.2,93.0,0.0,4.3,0.0,1.4692,Cerah Berawan,wmo:1
jatinangor,"Jatinangor, Sumedang",2026-09-14,32.11.15.2002,Hegarmanah,kecamatan,yes,-6.938,107.7556,Asia/Jakarta,"BMKG representative point: Hegarmanah, Kecamatan Jatinangor",14-09-2026,ICON,Open-Meteo / DWD ICON,01:00,2026-09-14 01:00:00,19.6,93.0,0.0,4.8,0.0,1.4692,Cerah Berawan,wmo:1
jatinangor,"Jatinangor, Sumedang",2026-09-14,32.11.15.2002,Hegarmanah,kecamatan,yes,-6.938,107.7556,Asia/Jakarta,"BMKG representative point: Hegarmanah, Kecamatan Jatinangor",14-09-2026,ICON,Open-Meteo / DWD ICON,02:00,2026-09-14 02:00:00,19.1,92.0,0.0,4.6,0.0,1.4692,Cerah,wmo:0
jatinangor,"Jatinangor, Sumedang",2026-09-14,32.11.15.2002,Hegarmanah,kecamatan,yes,-6.938,107.7556,Asia/Jakarta,"BMKG representative point: Hegarmanah, Kecamatan Jatinangor",14-09-2026,ICON,Open-Meteo / DWD ICON,03:00,2026-09-14 03:00:00,18.6,92.0,0.0,4.3,0.0,1.4692,Cerah,wmo:0
jatinangor,"Jatinangor, Sumedang",2026-09-14,32.11.15.2002,Hegarmanah,kecamatan,yes,-6.938,107.7556,Asia/Jakarta,"BMKG representative point: Hegarmanah, Kecamatan Jatinangor",14-09-2026,ICON,Open-Meteo / DWD ICON,04:00,2026-09-14 04:00:00,18.3,92.0,0.0,3.8,0.0,1.4692,Cerah,wmo:0
jatinangor,"Jatinangor, Sumedang",2026-09-14,32.11.15.2002,Hegarmanah,kecamatan,yes,-6.938,107.7556,Asia/Jakarta,"BMKG representative point: Hegarmanah, Kecamatan Jatinangor",14-09-2026,ICON,Open-Meteo / DWD ICON,05:00,2026-09-14 05:00:00,17.9,92.0,0.0,3.8,0.0,1.4692,Cerah,wmo:0
jatinangor,"Jatinangor, Sumedang",2026-09-14,32.11.15.2002,Hegarmanah,kecamatan,yes,-6.938,107.7556,Asia/Jakarta,"BMKG representative point: Hegarmanah, Kecamatan Jatinangor",14-09-2026,ICON,Open-Meteo / DWD ICON,06:00,2026-09-14 06:00:00,17.8,92.0,0.0,3.8,0.0,1.4692,Cerah,wmo:0
jatinangor,"Jatinangor, Sumedang",2026-09-14,32.11.15.2002,Hegarmanah,kecamatan,yes,-6.938,107.7556,Asia/Jakarta,"BMKG representative point: Hegarmanah, Kecamatan Jatinangor",14-09-2026,ICON,Open-Meteo / DWD ICON,07:00,2026-09-14 07:00:00,20.0,88.0,0.0,2.6,0.0,1.4692,Cerah,wmo:0
jatinangor,"Jatinangor, Sumedang",2026-09-14,32.11.15.2002,Hegarmanah,kecamatan,yes,-6.938,107.7556,Asia/Jakarta,"BMKG representative point: Hegarmanah, Kecamatan Jatinangor",14-09-2026,ICON,Open-Meteo / DWD ICON,08:00,2026-09-14 08:00:00,23.8,72.0,0.0,5.2,0.0,1.4692,Cerah,wmo:0
jatinangor,"Jatinangor, Sumedang",2026-09-14,32.11.15.2002,Hegarmanah,kecamatan,yes,-6.938,107.7556,Asia/Jakarta,"BMKG representative point: Hegarmanah, Kecamatan Jatinangor",14-09-2026,ICON,Open-Meteo / DWD ICON,09:00,2026-09-14 09:00:00,26.5,62.0,0.0,6.9,0.0,1.4692,Cerah,wmo:0
jatinangor,"Jatinangor, Sumedang",2026-09-14,32.11.15.2002,Hegarmanah,kecamatan,yes,-6.938,107.7556,Asia/Jakarta,"BMKG representative point: Hegarmanah, Kecamatan Jatinangor",14-09-2026,ICON,Open-Meteo / DWD ICON,10:00,2026-09-14 10:00:00,29.0,50.0,0.0,8.3,0.0,1.4692,Cerah,wmo:0
jatinangor,"Jatinangor, Sumedang",2026-09-14,32.11.15.2002,Hegarmanah,kecamatan,yes,-6.938,107.7556,Asia/Jakarta,"BMKG representative point: Hegarmanah, Kecamatan Jatinangor",14-09-2026,ICON,Open-Meteo / DWD ICON,11:00,2026-09-14 11:00:00,30.9,42.0,0.0,10.9,0.0,1.4692,Cerah,wmo:0
jatinangor,"Jatinangor, Sumedang",2026-09-14,32.11.15.2002,Hegarmanah,kecamatan,yes,-6.938,107.7556,Asia/Jakarta,"BMKG representative point: Hegarmanah, Kecamatan Jatinangor",14-09-2026,ICON,Open-Meteo / DWD ICON,12:00,2026-09-14 12:00:00,32.2,37.0,0.0,11.6,0.0,1.4692,Cerah,wmo:0
jatinangor,"Jatinangor, Sumedang",2026-09-14,32.11.15.2002,Hegarmanah,kecamatan,yes,-6.938,107.7556,Asia/Jakarta,"BMKG representative point: Hegarmanah, Kecamatan Jatinangor",14-09-2026,ICON,Open-Meteo / DWD ICON,13:00,2026-09-14 13:00:00,33.1,33.0,0.0,11.9,0.0,1.4692,Cerah,wmo:0
jatinangor,"Jatinangor, Sumedang",2026-09-14,32.11.15.2002,Hegarmanah,kecamatan,yes,-6.938,107.7556,Asia/Jakarta,"BMKG representative point: Hegarmanah, Kecamatan Jatinangor",14-09-2026,ICON,Open-Meteo / DWD ICON,14:00,2026-09-14 14:00:00,33.4,28.0,0.0,13.4,0.0,1.4692,Cerah,wmo:0
jatinangor,"Jatinangor, Sumedang",2026-09-14,32.11.15.2002,Hegarmanah,kecamatan,yes,-6.938,107.7556,Asia/Jakarta,"BMKG representative point: Hegarmanah, Kecamatan Jatinangor",14-09-2026,ICON,Open-Meteo / DWD ICON,15:00,2026-09-14 15:00:00,33.1,27.0,0.0,15.0,0.0,1.4692,Cerah,wmo:0
jatinangor,"Jatinangor, Sumedang",2026-09-14,32.11.15.2002,Hegarmanah,kecamatan,yes,-6.938,107.7556,Asia/Jakarta,"BMKG representative point: Hegarmanah, Kecamatan Jatinangor",14-09-2026,ICON,Open-Meteo / DWD ICON,16:00,2026-09-14 16:00:00,31.9,31.0,0.0,16.4,0.0,1.4692,Cerah,wmo:0
jatinangor,"Jatinangor, Sumedang",2026-09-14,32.11.15.2002,Hegarmanah,kecamatan,yes,-6.938,107.7556,Asia/Jakarta,"BMKG representative point: Hegarmanah, Kecamatan Jatinangor",14-09-2026,ICON,Open-Meteo / DWD ICON,17:00,2026-09-14 17:00:00,29.8,39.0,0.0,16.6,0.0,1.4692,Cerah,wmo:0
jatinangor,"Jatinangor, Sumedang",2026-09-14,32.11.15.2002,Hegarmanah,kecamatan,yes,-6.938,107.7556,Asia/Jakarta,"BMKG representative point: Hegarmanah, Kecamatan Jatinangor",14-09-2026,ICON,Open-Meteo / DWD ICON,18:00,2026-09-14 18:00:00,26.8,49.0,0.0,10.5,0.0,1.4692,Cerah,wmo:0
jatinangor,"Jatinangor, Sumedang",2026-09-14,32.11.15.2002,Hegarmanah,kecamatan,yes,-6.938,107.7556,Asia/Jakarta,"BMKG representative point: Hegarmanah, Kecamatan Jatinangor",14-09-2026,ICON,Open-Meteo / DWD ICON,19:00,2026-09-14 19:00:00,23.9,58.0,0.0,7.6,0.0,1.4692,Cerah Berawan,wmo:1
jatinangor,"Jatinangor, Sumedang",2026-09-14,32.11.15.2002,Hegarmanah,kecamatan,yes,-6.938,107.7556,Asia/Jakarta,"BMKG representative point: Hegarmanah, Kecamatan Jatinangor",14-09-2026,ICON,Open-Meteo / DWD ICON,20:00,2026-09-14 20:00:00,21.6,65.0,0.0,7.0,0.0,1.4692,Cerah,wmo:0
jatinangor,"Jatinangor, Sumedang",2026-09-14,32.11.15.2002,Hegarmanah,kecamatan,yes,-6.938,107.7556,Asia/Jakarta,"BMKG representative point: Hegarmanah, Kecamatan Jatinangor",14-09-2026,ICON,Open-Meteo / DWD ICON,21:00,2026-09-14 21:00:00,19.8,68.0,0.0,6.2,0.0,1.4692,Cerah,wmo:0
jatinangor,"Jatinangor, Sumedang",2026-09-14,32.11.15.2002,Hegarmanah,kecamatan,yes,-6.938,107.7556,Asia/Jakarta,"BMKG representative point: Hegarmanah, Kecamatan Jatinangor",14-09-2026,ICON,Open-Meteo / DWD ICON,22:00,2026-09-14 22:00:00,18.4,69.0,0.0,5.8,0.0,1.4692,Cerah,wmo:0
jatinangor,"Jatinangor, Sumedang",2026-09-14,32.11.15.2002,Hegarmanah,kecamatan,yes,-6.938,107.7556,Asia/Jakarta,"BMKG representative point: Hegarmanah, Kecamatan Jatinangor",14-09-2026,ICON,Open-Meteo / DWD ICON,23:00,2026-09-14 23:00:00,17.2,71.0,0.0,5.3,0.0,1.4692,Cerah,wmo:0
jatinangor,"Jatinangor, Sumedang",2026-09-14,32.11.15.2002,Hegarmanah,kecamatan,yes,-6.938,107.7556,Asia/Jakarta,"BMKG representative point: Hegarmanah, Kecamatan Jatinangor",14-09-2026,KMA,Open-Meteo / KMA,00:00,2026-09-14 00:00:00,,,,,0.0,0.544,Berawan,wmo:None
jatinangor,"Jatinangor, Sumedang",2026-09-14,32.11.15.2002,Hegarmanah,kecamatan,yes,-6.938,107.7556,Asia/Jakarta,"BMKG representative point: Hegarmanah, Kecamatan Jatinangor",14-09-2026,KMA,Open-Meteo / KMA,01:00,2026-09-14 01:00:00,,,,,0.0,0.544,Berawan,wmo:None
jatinangor,"Jatinangor, Sumedang",2026-09-14,32.11.15.2002,Hegarmanah,kecamatan,yes,-6.938,107.7556,Asia/Jakarta,"BMKG representative point: Hegarmanah, Kecamatan Jatinangor",14-09-2026,KMA,Open-Meteo / KMA,02:00,2026-09-14 02:00:00,,,,,0.0,0.544,Berawan,wmo:None
jatinangor,"Jatinangor, Sumedang",2026-09-14,32.11.15.2002,Hegarmanah,kecamatan,yes,-6.938,107.7556,Asia/Jakarta,"BMKG representative point: Hegarmanah, Kecamatan Jatinangor",14-09-2026,KMA,Open-Meteo / KMA,03:00,2026-09-14 03:00:00,,,,,0.0,0.544,Berawan,wmo:None
jatinangor,"Jatinangor, Sumedang",2026-09-14,32.11.15.2002,Hegarmanah,kecamatan,yes,-6.938,107.7556,Asia/Jakarta,"BMKG representative point: Hegarmanah, Kecamatan Jatinangor",14-09-2026,KMA,Open-Meteo / KMA,04:00,2026-09-14 04:00:00,,,,,0.0,0.544,Berawan,wmo:None
jatinangor,"Jatinangor, Sumedang",2026-09-14,32.11.15.2002,Hegarmanah,kecamatan,yes,-6.938,107.7556,Asia/Jakarta,"BMKG representative point: Hegarmanah, Kecamatan Jatinangor",14-09-2026,KMA,Open-Meteo / KMA,05:00,2026-09-14 05:00:00,,,,,0.0,0.544,Berawan,wmo:None
jatinangor,"Jatinangor, Sumedang",2026-09-14,32.11.15.2002,Hegarmanah,kecamatan,yes,-6.938,107.7556,Asia/Jakarta,"BMKG representative point: Hegarmanah, Kecamatan Jatinangor",14-09-2026,KMA,Open-Meteo / KMA,06:00,2026-09-14 06:00:00,,,,,0.0,0.544,Berawan,wmo:None
jatinangor,"Jatinangor, Sumedang",2026-09-14,32.11.15.2002,Hegarmanah,kecamatan,yes,-6.938,107.7556,Asia/Jakarta,"BMKG representative point: Hegarmanah, Kecamatan Jatinangor",14-09-2026,KMA,Open-Meteo / KMA,07:00,2026-09-14 07:00:00,,,,,0.0,0.544,Berawan,wmo:None
jatinangor,"Jatinangor, Sumedang",2026-09-14,32.11.15.2002,Hegarmanah,kecamatan,yes,-6.938,107.7556,Asia/Jakarta,"BMKG representative point: Hegarmanah, Kecamatan Jatinangor",14-09-2026,KMA,Open-Meteo / KMA,08:00,2026-09-14 08:00:00,,,,,0.0,0.544,Berawan,wmo:None
jatinangor,"Jatinangor, Sumedang",2026-09-14,32.11.15.2002,Hegarmanah,kecamatan,yes,-6.938,107.7556,Asia/Jakarta,"BMKG representative point: Hegarmanah, Kecamatan Jatinangor",14-09-2026,KMA,Open-Meteo / KMA,09:00,2026-09-14 09:00:00,,,,,0.0,0.544,Berawan,wmo:None
jatinangor,"Jatinangor, Sumedang",2026-09-14,32.11.15.2002,Hegarmanah,kecamatan,yes,-6.938,107.7556,Asia/Jakarta,"BMKG representative point: Hegarmanah, Kecamatan Jatinangor",14-09-2026,KMA,Open-Meteo / KMA,10:00,2026-09-14 10:00:00,,,,,0.0,0.544,Berawan,wmo:None
jatinangor,"Jatinangor, Sumedang",2026-09-14,32.11.15.2002,Hegarmanah,kecamatan,yes,-6.938,107.7556,Asia/Jakarta,"BMKG representative point: Hegarmanah, Kecamatan Jatinangor",14-09-2026,KMA,Open-Meteo / KMA,11:00,2026-09-14 11:00:00,,,,,0.0,0.544,Berawan,wmo:None
jatinangor,"Jatinangor, Sumedang",2026-09-14,32.11.15.2002,Hegarmanah,kecamatan,yes,-6.938,107.7556,Asia/Jakarta,"BMKG representative point: Hegarmanah, Kecamatan Jatinangor",14-09-2026,KMA,Open-Meteo / KMA,12:00,2026-09-14 12:00:00,,,,,0.0,0.544,Berawan,wmo:None
jatinangor,"Jatinangor, Sumedang",2026-09-14,32.11.15.2002,Hegarmanah,kecamatan,yes,-6.938,107.7556,Asia/Jakarta,"BMKG representative point: Hegarmanah, Kecamatan Jatinangor",14-09-2026,KMA,Open-Meteo / KMA,13:00,2026-09-14 13:00:00,,,,,0.0,0.544,Berawan,wmo:None
jatinangor,"Jatinangor, Sumedang",2026-09-14,32.11.15.2002,Hegarmanah,kecamatan,yes,-6.938,107.7556,Asia/Jakarta,"BMKG representative point: Hegarmanah, Kecamatan Jatinangor",14-09-2026,KMA,Open-Meteo / KMA,14:00,2026-09-14 14:00:00,,,,,0.0,0.544,Berawan,wmo:None
jatinangor,"Jatinangor, Sumedang",2026-09-14,32.11.15.2002,Hegarmanah,kecamatan,yes,-6.938,107.7556,Asia/Jakarta,"BMKG representative point: Hegarmanah, Kecamatan Jatinangor",14-09-2026,KMA,Open-Meteo / KMA,15:00,2026-09-14 15:00:00,,,,,0.0,0.544,Berawan,wmo:None
jatinangor,"Jatinangor, Sumedang",2026-09-14,32.11.15.2002,Hegarmanah,kecamatan,yes,-6.938,107.7556,Asia/Jakarta,"BMKG representative point: Hegarmanah, Kecamatan Jatinangor",14-09-2026,KMA,Open-Meteo / KMA,16:00,2026-09-14 16:00:00,,,,,0.0,0.544,Berawan,wmo:None
jatinangor,"Jatinangor, Sumedang",2026-09-14,32.11.15.2002,Hegarmanah,kecamatan,yes,-6.938,107.7556,Asia/Jakarta,"BMKG representative point: Hegarmanah, Kecamatan Jatinangor",14-09-2026,KMA,Open-Meteo / KMA,17:00,2026-09-14 17:00:00,,,,,0.0,0.544,Berawan,wmo:None
jatinangor,"Jatinangor, Sumedang",2026-09-14,32.11.15.2002,Hegarmanah,kecamatan,yes,-6.938,107.7556,Asia/Jakarta,"BMKG representative point: Hegarmanah, Kecamatan Jatinangor",14-09-2026,KMA,Open-Meteo / KMA,18:00,2026-09-14 18:00:00,,,,,0.0,0.544,Berawan,wmo:None
jatinangor,"Jatinangor, Sumedang",2026-09-14,32.11.15.2002,Hegarmanah,kecamatan,yes,-6.938,107.7556,Asia/Jakarta,"BMKG representative point: Hegarmanah, Kecamatan Jatinangor",14-09-2026,KMA,Open-Meteo / KMA,19:00,2026-09-14 19:00:00,,,,,0.0,0.544,Berawan,wmo:None
jatinangor,"Jatinangor, Sumedang",2026-09-14,32.11.15.2002,Hegarmanah,kecamatan,yes,-6.938,107.7556,Asia/Jakarta,"BMKG representative point: Hegarmanah, Kecamatan Jatinangor",14-09-2026,KMA,Open-Meteo / KMA,20:00,2026-09-14 20:00:00,,,,,0.0,0.544,Berawan,wmo:None
jatinangor,"Jatinangor, Sumedang",2026-09-14,32.11.15.2002,Hegarmanah,kecamatan,yes,-6.938,107.7556,Asia/Jakarta,"BMKG representative point: Hegarmanah, Kecamatan Jatinangor",14-09-2026,KMA,Open-Meteo / KMA,21:00,2026-09-14 21:00:00,,,,,0.0,0.544,Berawan,wmo:None
jatinangor,"Jatinangor, Sumedang",2026-09-14,32.11.15.2002,Hegarmanah,kecamatan,yes,-6.938,107.7556,Asia/Jakarta,"BMKG representative point: Hegarmanah, Kecamatan Jatinangor",14-09-2026,KMA,Open-Meteo / KMA,22:00,2026-09-14 22:00:00,,,,,0.0,0.544,Berawan,wmo:None
jatinangor,"Jatinangor, Sumedang",2026-09-14,32.11.15.2002,Hegarmanah,kecamatan,yes,-6.938,107.7556,Asia/Jakarta,"BMKG representative point: Hegarmanah, Kecamatan Jatinangor",14-09-2026,KMA,Open-Meteo / KMA,23:00,2026-09-14 23:00:00,,,,,0.0,0.544,Berawan,wmo:None
jatinangor,"Jatinangor, Sumedang",2026-09-14,32.11.15.2002,Hegarmanah,kecamatan,yes,-6.938,107.7556,Asia/Jakarta,"BMKG representative point: Hegarmanah, Kecamatan Jatinangor",14-09-2026,METEOFRANCE,Open-Meteo / Meteo-France,00:00,2026-09-14 00:00:00,24.5,87.0,0.0,3.2,0.0,1.4583,Cerah Berawan,wmo:1
jatinangor,"Jatinangor, Sumedang",2026-09-14,32.11.15.2002,Hegarmanah,kecamatan,yes,-6.938,107.7556,Asia/Jakarta,"BMKG representative point: Hegarmanah, Kecamatan Jatinangor",14-09-2026,METEOFRANCE,Open-Meteo / Meteo-France,01:00,2026-09-14 01:00:00,24.1,88.0,0.0,3.0,0.0,1.4583,Cerah Berawan,wmo:1
jatinangor,"Jatinangor, Sumedang",2026-09-14,32.11.15.2002,Hegarmanah,kecamatan,yes,-6.938,107.7556,Asia/Jakarta,"BMKG representative point: Hegarmanah, Kecamatan Jatinangor",14-09-2026,METEOFRANCE,Open-Meteo / Meteo-France,02:00,2026-09-14 02:00:00,23.8,88.0,0.0,3.9,0.0,1.4583,Cerah Berawan,wmo:1
jatinangor,"Jatinangor, Sumedang",2026-09-14,32.11.15.2002,Hegarmanah,kecamatan,yes,-6.938,107.7556,Asia/Jakarta,"BMKG representative point: Hegarmanah, Kecamatan Jatinangor",14-09-2026,METEOFRANCE,Open-Meteo / Meteo-France,03:00,2026-09-14 03:00:00,23.6,87.0,0.0,4.3,0.0,1.4583,Cerah Berawan,wmo:1
jatinangor,"Jatinangor, Sumedang",2026-09-14,32.11.15.2002,Hegarmanah,kecamatan,yes,-6.938,107.7556,Asia/Jakarta,"BMKG representative point: Hegarmanah, Kecamatan Jatinangor",14-09-2026,METEOFRANCE,Open-Meteo / Meteo-France,04:00,2026-09-14 04:00:00,23.3,85.0,0.0,4.6,0.0,1.4583,Cerah Berawan,wmo:2
jatinangor,"Jatinangor, Sumedang",2026-09-14,32.11.15.2002,Hegarmanah,kecamatan,yes,-6.938,107.7556,Asia/Jakarta,"BMKG representative point: Hegarmanah, Kecamatan Jatinangor",14-09-2026,METEOFRANCE,Open-Meteo / Meteo-France,05:00,2026-09-14 05:00:00,23.1,83.0,0.0,4.9,0.0,1.4583,Cerah Berawan,wmo:2
jatinangor,"Jatinangor, Sumedang",2026-09-14,32.11.15.2002,Hegarmanah,kecamatan,yes,-6.938,107.7556,Asia/Jakarta,"BMKG representative point: Hegarmanah, Kecamatan Jatinangor",14-09-2026,METEOFRANCE,Open-Meteo / Meteo-France,06:00,2026-09-14 06:00:00,22.8,83.0,0.0,5.0,0.0,1.4583,Cerah Berawan,wmo:2
jatinangor,"Jatinangor, Sumedang",2026-09-14,32.11.15.2002,Hegarmanah,kecamatan,yes,-6.938,107.7556,Asia/Jakarta,"BMKG representative point: Hegarmanah, Kecamatan Jatinangor",14-09-2026,METEOFRANCE,Open-Meteo / Meteo-France,07:00,2026-09-14 07:00:00,24.1,77.0,0.0,4.9,0.0,1.4583,Cerah Berawan,wmo:2
jatinangor,"Jatinangor, Sumedang",2026-09-14,32.11.15.2002,Hegarmanah,kecamatan,yes,-6.938,107.7556,Asia/Jakarta,"BMKG representative point: Hegarmanah, Kecamatan Jatinangor",14-09-2026,METEOFRANCE,Open-Meteo / Meteo-France,08:00,2026-09-14 08:00:00,26.7,61.0,0.0,5.9,0.0,1.4583,Cerah Berawan,wmo:1
jatinangor,"Jatinangor, Sumedang",2026-09-14,32.11.15.2002,Hegarmanah,kecamatan,yes,-6.938,107.7556,Asia/Jakarta,"BMKG representative point: Hegarmanah, Kecamatan Jatinangor",14-09-2026,METEOFRANCE,Open-Meteo / Meteo-France,09:00,2026-09-14 09:00:00,29.4,45.0,0.0,8.1,0.0,1.4583,Cerah Berawan,wmo:1
jatinangor,"Jatinangor, Sumedang",2026-09-14,32.11.15.2002,Hegarmanah,kecamatan,yes,-6.938,107.7556,Asia/Jakarta,"BMKG representative point: Hegarmanah, Kecamatan Jatinangor",14-09-2026,METEOFRANCE,Open-Meteo / Meteo-France,10:00,2026-09-14 10:00:00,31.3,39.0,0.0,9.1,0.0,1.4583,Cerah Berawan,wmo:1
jatinangor,"Jatinangor, Sumedang",2026-09-14,32.11.15.2002,Hegarmanah,kecamatan,yes,-6.938,107.7556,Asia/Jakarta,"BMKG representative point: Hegarmanah, Kecamatan Jatinangor",14-09-2026,METEOFRANCE,Open-Meteo / Meteo-France,11:00,2026-09-14 11:00:00,32.9,33.0,0.0,9.4,0.0,1.4583,Cerah Berawan,wmo:1
jatinangor,"Jatinangor, Sumedang",2026-09-14,32.11.15.2002,Hegarmanah,kecamatan,yes,-6.938,107.7556,Asia/Jakarta,"BMKG representative point: Hegarmanah, Kecamatan Jatinangor",14-09-2026,METEOFRANCE,Open-Meteo / Meteo-France,12:00,2026-09-14 12:00:00,34.1,28.0,0.0,10.1,0.0,1.4583,Cerah Berawan,wmo:1
jatinangor,"Jatinangor, Sumedang",2026-09-14,32.11.15.2002,Hegarmanah,kecamatan,yes,-6.938,107.7556,Asia/Jakarta,"BMKG representative point: Hegarmanah, Kecamatan Jatinangor",14-09-2026,METEOFRANCE,Open-Meteo / Meteo-France,13:00,2026-09-14 13:00:00,35.0,25.0,0.0,10.8,0.0,1.4583,Cerah Berawan,wmo:1
jatinangor,"Jatinangor, Sumedang",2026-09-14,32.11.15.2002,Hegarmanah,kecamatan,yes,-6.938,107.7556,Asia/Jakarta,"BMKG representative point: Hegarmanah, Kecamatan Jatinangor",14-09-2026,METEOFRANCE,Open-Meteo / Meteo-France,14:00,2026-09-14 14:00:00,35.3,23.0,0.0,11.5,0.0,1.4583,Cerah Berawan,wmo:1
jatinangor,"Jatinangor, Sumedang",2026-09-14,32.11.15.2002,Hegarmanah,kecamatan,yes,-6.938,107.7556,Asia/Jakarta,"BMKG representative point: Hegarmanah, Kecamatan Jatinangor",14-09-2026,METEOFRANCE,Open-Meteo / Meteo-France,15:00,2026-09-14 15:00:00,35.1,23.0,0.0,12.2,0.0,1.4583,Cerah Berawan,wmo:2
jatinangor,"Jatinangor, Sumedang",2026-09-14,32.11.15.2002,Hegarmanah,kecamatan,yes,-6.938,107.7556,Asia/Jakarta,"BMKG representative point: Hegarmanah, Kecamatan Jatinangor",14-09-2026,METEOFRANCE,Open-Meteo / Meteo-France,16:00,2026-09-14 16:00:00,34.3,24.0,0.0,12.3,0.0,1.4583,Cerah Berawan,wmo:2
jatinangor,"Jatinangor, Sumedang",2026-09-14,32.11.15.2002,Hegarmanah,kecamatan,yes,-6.938,107.7556,Asia/Jakarta,"BMKG representative point: Hegarmanah, Kecamatan Jatinangor",14-09-2026,METEOFRANCE,Open-Meteo / Meteo-France,17:00,2026-09-14 17:00:00,32.8,26.0,0.0,11.7,0.0,1.4583,Cerah Berawan,wmo:2
jatinangor,"Jatinangor, Sumedang",2026-09-14,32.11.15.2002,Hegarmanah,kecamatan,yes,-6.938,107.7556,Asia/Jakarta,"BMKG representative point: Hegarmanah, Kecamatan Jatinangor",14-09-2026,METEOFRANCE,Open-Meteo / Meteo-France,18:00,2026-09-14 18:00:00,31.2,26.0,0.0,9.6,0.0,1.4583,Cerah Berawan,wmo:2
jatinangor,"Jatinangor, Sumedang",2026-09-14,32.11.15.2002,Hegarmanah,kecamatan,yes,-6.938,107.7556,Asia/Jakarta,"BMKG representative point: Hegarmanah, Kecamatan Jatinangor",14-09-2026,METEOFRANCE,Open-Meteo / Meteo-France,19:00,2026-09-14 19:00:00,29.8,28.0,0.0,7.6,0.0,1.4583,Cerah Berawan,wmo:2
jatinangor,"Jatinangor, Sumedang",2026-09-14,32.11.15.2002,Hegarmanah,kecamatan,yes,-6.938,107.7556,Asia/Jakarta,"BMKG representative point: Hegarmanah, Kecamatan Jatinangor",14-09-2026,METEOFRANCE,Open-Meteo / Meteo-France,20:00,2026-09-14 20:00:00,28.2,36.0,0.0,6.6,0.0,1.4583,Cerah Berawan,wmo:2
jatinangor,"Jatinangor, Sumedang",2026-09-14,32.11.15.2002,Hegarmanah,kecamatan,yes,-6.938,107.7556,Asia/Jakarta,"BMKG representative point: Hegarmanah, Kecamatan Jatinangor",14-09-2026,METEOFRANCE,Open-Meteo / Meteo-France,21:00,2026-09-14 21:00:00,26.7,45.0,0.0,5.5,0.0,1.4583,Cerah Berawan,wmo:2
jatinangor,"Jatinangor, Sumedang",2026-09-14,32.11.15.2002,Hegarmanah,kecamatan,yes,-6.938,107.7556,Asia/Jakarta,"BMKG representative point: Hegarmanah, Kecamatan Jatinangor",14-09-2026,METEOFRANCE,Open-Meteo / Meteo-France,22:00,2026-09-14 22:00:00,25.6,51.0,0.0,4.4,0.0,1.4583,Cerah Berawan,wmo:2
jatinangor,"Jatinangor, Sumedang",2026-09-14,32.11.15.2002,Hegarmanah,kecamatan,yes,-6.938,107.7556,Asia/Jakarta,"BMKG representative point: Hegarmanah, Kecamatan Jatinangor",14-09-2026,METEOFRANCE,Open-Meteo / Meteo-France,23:00,2026-09-14 23:00:00,24.7,54.0,0.0,3.6,0.0,1.4583,Cerah Berawan,wmo:2
jatinangor,"Jatinangor, Sumedang",2026-09-14,32.11.15.2002,Hegarmanah,kecamatan,yes,-6.938,107.7556,Asia/Jakarta,"BMKG representative point: Hegarmanah, Kecamatan Jatinangor",14-09-2026,METNO,MET Norway,00:00,2026-09-14 00:00:00,18.7,96.0,0.0,9.36,0.0,1.3351,Cerah Berawan,partlycloudy_night
jatinangor,"Jatinangor, Sumedang",2026-09-14,32.11.15.2002,Hegarmanah,kecamatan,yes,-6.938,107.7556,Asia/Jakarta,"BMKG representative point: Hegarmanah, Kecamatan Jatinangor",14-09-2026,METNO,MET Norway,01:00,2026-09-14 01:00:00,18.3,95.7,0.0,9.0,0.0,1.3351,Cerah Berawan,partlycloudy_night
jatinangor,"Jatinangor, Sumedang",2026-09-14,32.11.15.2002,Hegarmanah,kecamatan,yes,-6.938,107.7556,Asia/Jakarta,"BMKG representative point: Hegarmanah, Kecamatan Jatinangor",14-09-2026,METNO,MET Norway,02:00,2026-09-14 02:00:00,17.8,96.8,0.0,8.28,0.0,1.3351,Berawan,fog
jatinangor,"Jatinangor, Sumedang",2026-09-14,32.11.15.2002,Hegarmanah,kecamatan,yes,-6.938,107.7556,Asia/Jakarta,"BMKG representative point: Hegarmanah, Kecamatan Jatinangor",14-09-2026,METNO,MET Norway,03:00,2026-09-14 03:00:00,17.2,98.7,0.0,7.56,0.0,1.3351,Berawan,fog
jatinangor,"Jatinangor, Sumedang",2026-09-14,32.11.15.2002,Hegarmanah,kecamatan,yes,-6.938,107.7556,Asia/Jakarta,"BMKG representative point: Hegarmanah, Kecamatan Jatinangor",14-09-2026,METNO,MET Norway,04:00,2026-09-14 04:00:00,16.7,98.4,0.0,6.84,0.0,1.3351,Berawan,fog
jatinangor,"Jatinangor, Sumedang",2026-09-14,32.11.15.2002,Hegarmanah,kecamatan,yes,-6.938,107.7556,Asia/Jakarta,"BMKG representative point: Hegarmanah, Kecamatan Jatinangor",14-09-2026,METNO,MET Norway,05:00,2026-09-14 05:00:00,16.5,98.2,0.0,7.2,0.0,1.3351,Berawan,fog
jatinangor,"Jatinangor, Sumedang",2026-09-14,32.11.15.2002,Hegarmanah,kecamatan,yes,-6.938,107.7556,Asia/Jakarta,"BMKG representative point: Hegarmanah, Kecamatan Jatinangor",14-09-2026,METNO,MET Norway,06:00,2026-09-14 06:00:00,16.5,98.7,0.0,8.28,0.0,1.3351,Berawan,fog
jatinangor,"Jatinangor, Sumedang",2026-09-14,32.11.15.2002,Hegarmanah,kecamatan,yes,-6.938,107.7556,Asia/Jakarta,"BMKG representative point: Hegarmanah, Kecamatan Jatinangor",14-09-2026,METNO,MET Norway,07:00,2026-09-14 07:00:00,19.3,92.7,0.0,7.92,0.0,1.3351,Berawan,fog
jatinangor,"Jatinangor, Sumedang",2026-09-14,32.11.15.2002,Hegarmanah,kecamatan,yes,-6.938,107.7556,Asia/Jakarta,"BMKG representative point: Hegarmanah, Kecamatan Jatinangor",14-09-2026,METNO,MET Norway,08:00,2026-09-14 08:00:00,22.3,81.1,0.0,6.84,0.0,1.3351,Cerah Berawan,fair_day
jatinangor,"Jatinangor, Sumedang",2026-09-14,32.11.15.2002,Hegarmanah,kecamatan,yes,-6.938,107.7556,Asia/Jakarta,"BMKG representative point: Hegarmanah, Kecamatan Jatinangor",14-09-2026,METNO,MET Norway,09:00,2026-09-14 09:00:00,25.3,64.0,0.0,7.56,0.0,1.3351,Cerah,clearsky_day
jatinangor,"Jatinangor, Sumedang",2026-09-14,32.11.15.2002,Hegarmanah,kecamatan,yes,-6.938,107.7556,Asia/Jakarta,"BMKG representative point: Hegarmanah, Kecamatan Jatinangor",14-09-2026,METNO,MET Norway,10:00,2026-09-14 10:00:00,27.5,50.8,0.0,9.0,0.0,1.3351,Cerah,clearsky_day
jatinangor,"Jatinangor, Sumedang",2026-09-14,32.11.15.2002,Hegarmanah,kecamatan,yes,-6.938,107.7556,Asia/Jakarta,"BMKG representative point: Hegarmanah, Kecamatan Jatinangor",14-09-2026,METNO,MET Norway,11:00,2026-09-14 11:00:00,29.1,45.2,0.0,10.44,0.0,1.3351,Cerah,clearsky_day
jatinangor,"Jatinangor, Sumedang",2026-09-14,32.11.15.2002,Hegarmanah,kecamatan,yes,-6.938,107.7556,Asia/Jakarta,"BMKG representative point: Hegarmanah, Kecamatan Jatinangor",14-09-2026,METNO,MET Norway,12:00,2026-09-14 12:00:00,30.3,39.8,0.0,11.52,0.0,1.3351,Cerah,clearsky_day
jatinangor,"Jatinangor, Sumedang",2026-09-14,32.11.15.2002,Hegarmanah,kecamatan,yes,-6.938,107.7556,Asia/Jakarta,"BMKG representative point: Hegarmanah, Kecamatan Jatinangor",14-09-2026,METNO,MET Norway,13:00,2026-09-14 13:00:00,31.1,35.7,0.0,12.96,0.0,1.3351,Cerah,clearsky_day
jatinangor,"Jatinangor, Sumedang",2026-09-14,32.11.15.2002,Hegarmanah,kecamatan,yes,-6.938,107.7556,Asia/Jakarta,"BMKG representative point: Hegarmanah, Kecamatan Jatinangor",14-09-2026,METNO,MET Norway,14:00,2026-09-14 14:00:00,31.2,34.4,0.0,13.32,0.0,1.3351,Cerah,clearsky_day
jatinangor,"Jatinangor, Sumedang",2026-09-14,32.11.15.2002,Hegarmanah,kecamatan,yes,-6.938,107.7556,Asia/Jakarta,"BMKG representative point: Hegarmanah, Kecamatan Jatinangor",14-09-2026,METNO,MET Norway,15:00,2026-09-14 15:00:00,30.7,34.9,0.0,14.4,0.0,1.3351,Cerah,clearsky_day
jatinangor,"Jatinangor, Sumedang",2026-09-14,32.11.15.2002,Hegarmanah,kecamatan,yes,-6.938,107.7556,Asia/Jakarta,"BMKG representative point: Hegarmanah, Kecamatan Jatinangor",14-09-2026,METNO,MET Norway,16:00,2026-09-14 16:00:00,29.6,37.5,0.0,15.48,0.0,1.3351,Cerah,clearsky_day
jatinangor,"Jatinangor, Sumedang",2026-09-14,32.11.15.2002,Hegarmanah,kecamatan,yes,-6.938,107.7556,Asia/Jakarta,"BMKG representative point: Hegarmanah, Kecamatan Jatinangor",14-09-2026,METNO,MET Norway,17:00,2026-09-14 17:00:00,27.4,46.1,0.0,14.04,0.0,1.3351,Cerah,clearsky_day
jatinangor,"Jatinangor, Sumedang",2026-09-14,32.11.15.2002,Hegarmanah,kecamatan,yes,-6.938,107.7556,Asia/Jakarta,"BMKG representative point: Hegarmanah, Kecamatan Jatinangor",14-09-2026,METNO,MET Norway,18:00,2026-09-14 18:00:00,24.1,60.6,0.0,9.36,0.0,1.3351,Cerah Berawan,fair_night
jatinangor,"Jatinangor, Sumedang",2026-09-14,32.11.15.2002,Hegarmanah,kecamatan,yes,-6.938,107.7556,Asia/Jakarta,"BMKG representative point: Hegarmanah, Kecamatan Jatinangor",14-09-2026,METNO,MET Norway,19:00,2026-09-14 19:00:00,22.6,68.8,0.0,8.28,0.0,1.3351,Cerah Berawan,partlycloudy_night
jatinangor,"Jatinangor, Sumedang",2026-09-14,32.11.15.2002,Hegarmanah,kecamatan,yes,-6.938,107.7556,Asia/Jakarta,"BMKG representative point: Hegarmanah, Kecamatan Jatinangor",14-09-2026,METNO,MET Norway,20:00,2026-09-14 20:00:00,21.3,75.0,0.0,7.92,0.0,1.3351,Cerah Berawan,partlycloudy_night
jatinangor,"Jatinangor, Sumedang",2026-09-14,32.11.15.2002,Hegarmanah,kecamatan,yes,-6.938,107.7556,Asia/Jakarta,"BMKG representative point: Hegarmanah, Kecamatan Jatinangor",14-09-2026,METNO,MET Norway,21:00,2026-09-14 21:00:00,19.7,85.2,0.0,9.0,0.0,1.3351,Cerah Berawan,partlycloudy_night
jatinangor,"Jatinangor, Sumedang",2026-09-14,32.11.15.2002,Hegarmanah,kecamatan,yes,-6.938,107.7556,Asia/Jakarta,"BMKG representative point: Hegarmanah, Kecamatan Jatinangor",14-09-2026,METNO,MET Norway,22:00,2026-09-14 22:00:00,18.4,95.6,0.0,8.28,0.0,1.3351,Cerah Berawan,partlycloudy_night
jatinangor,"Jatinangor, Sumedang",2026-09-14,32.11.15.2002,Hegarmanah,kecamatan,yes,-6.938,107.7556,Asia/Jakarta,"BMKG representative point: Hegarmanah, Kecamatan Jatinangor",14-09-2026,METNO,MET Norway,23:00,2026-09-14 23:00:00,17.4,96.1,0.0,10.08,0.0,1.3351,Berawan,fog
jatinangor,"Jatinangor, Sumedang",2026-09-14,32.11.15.2002,Hegarmanah,kecamatan,yes,-6.938,107.7556,Asia/Jakarta,"BMKG representative point: Hegarmanah, Kecamatan Jatinangor",14-09-2026,UKMO,Open-Meteo / UK Met Office,00:00,2026-09-14 00:00:00,16.9,98.0,0.0,2.9,0.0,1.3152,Cerah,wmo:0
jatinangor,"Jatinangor, Sumedang",2026-09-14,32.11.15.2002,Hegarmanah,kecamatan,yes,-6.938,107.7556,Asia/Jakarta,"BMKG representative point: Hegarmanah, Kecamatan Jatinangor",14-09-2026,UKMO,Open-Meteo / UK Met Office,01:00,2026-09-14 01:00:00,16.1,99.0,0.0,2.2,0.0,1.3152,Cerah,wmo:0
jatinangor,"Jatinangor, Sumedang",2026-09-14,32.11.15.2002,Hegarmanah,kecamatan,yes,-6.938,107.7556,Asia/Jakarta,"BMKG representative point: Hegarmanah, Kecamatan Jatinangor",14-09-2026,UKMO,Open-Meteo / UK Met Office,02:00,2026-09-14 02:00:00,15.4,99.0,0.0,1.4,0.0,1.3152,Cerah,wmo:0
jatinangor,"Jatinangor, Sumedang",2026-09-14,32.11.15.2002,Hegarmanah,kecamatan,yes,-6.938,107.7556,Asia/Jakarta,"BMKG representative point: Hegarmanah, Kecamatan Jatinangor",14-09-2026,UKMO,Open-Meteo / UK Met Office,03:00,2026-09-14 03:00:00,15.2,99.0,0.0,1.1,0.0,1.3152,Cerah,wmo:0
jatinangor,"Jatinangor, Sumedang",2026-09-14,32.11.15.2002,Hegarmanah,kecamatan,yes,-6.938,107.7556,Asia/Jakarta,"BMKG representative point: Hegarmanah, Kecamatan Jatinangor",14-09-2026,UKMO,Open-Meteo / UK Met Office,04:00,2026-09-14 04:00:00,16.1,100,0.0,2.2,0.0,1.3152,Berawan,wmo:45
jatinangor,"Jatinangor, Sumedang",2026-09-14,32.11.15.2002,Hegarmanah,kecamatan,yes,-6.938,107.7556,Asia/Jakarta,"BMKG representative point: Hegarmanah, Kecamatan Jatinangor",14-09-2026,UKMO,Open-Meteo / UK Met Office,05:00,2026-09-14 05:00:00,15.9,100,0.0,4.0,0.0,1.3152,Berawan,wmo:45
jatinangor,"Jatinangor, Sumedang",2026-09-14,32.11.15.2002,Hegarmanah,kecamatan,yes,-6.938,107.7556,Asia/Jakarta,"BMKG representative point: Hegarmanah, Kecamatan Jatinangor",14-09-2026,UKMO,Open-Meteo / UK Met Office,06:00,2026-09-14 06:00:00,16.2,99.0,0.0,4.0,0.0,1.3152,Cerah,wmo:0
jatinangor,"Jatinangor, Sumedang",2026-09-14,32.11.15.2002,Hegarmanah,kecamatan,yes,-6.938,107.7556,Asia/Jakarta,"BMKG representative point: Hegarmanah, Kecamatan Jatinangor",14-09-2026,UKMO,Open-Meteo / UK Met Office,07:00,2026-09-14 07:00:00,18.3,92.0,0.0,1.8,0.0,1.3152,Cerah,wmo:0
jatinangor,"Jatinangor, Sumedang",2026-09-14,32.11.15.2002,Hegarmanah,kecamatan,yes,-6.938,107.7556,Asia/Jakarta,"BMKG representative point: Hegarmanah, Kecamatan Jatinangor",14-09-2026,UKMO,Open-Meteo / UK Met Office,08:00,2026-09-14 08:00:00,22.7,75.0,0.0,2.2,0.0,1.3152,Cerah,wmo:0
jatinangor,"Jatinangor, Sumedang",2026-09-14,32.11.15.2002,Hegarmanah,kecamatan,yes,-6.938,107.7556,Asia/Jakarta,"BMKG representative point: Hegarmanah, Kecamatan Jatinangor",14-09-2026,UKMO,Open-Meteo / UK Met Office,09:00,2026-09-14 09:00:00,25.4,56.0,0.0,4.7,0.0,1.3152,Cerah,wmo:0
jatinangor,"Jatinangor, Sumedang",2026-09-14,32.11.15.2002,Hegarmanah,kecamatan,yes,-6.938,107.7556,Asia/Jakarta,"BMKG representative point: Hegarmanah, Kecamatan Jatinangor",14-09-2026,UKMO,Open-Meteo / UK Met Office,10:00,2026-09-14 10:00:00,27.3,47.0,0.0,9.7,0.0,1.3152,Cerah,wmo:0
jatinangor,"Jatinangor, Sumedang",2026-09-14,32.11.15.2002,Hegarmanah,kecamatan,yes,-6.938,107.7556,Asia/Jakarta,"BMKG representative point: Hegarmanah, Kecamatan Jatinangor",14-09-2026,UKMO,Open-Meteo / UK Met Office,11:00,2026-09-14 11:00:00,29.0,38.0,0.0,11.2,0.0,1.3152,Cerah,wmo:0
jatinangor,"Jatinangor, Sumedang",2026-09-14,32.11.15.2002,Hegarmanah,kecamatan,yes,-6.938,107.7556,Asia/Jakarta,"BMKG representative point: Hegarmanah, Kecamatan Jatinangor",14-09-2026,UKMO,Open-Meteo / UK Met Office,12:00,2026-09-14 12:00:00,30.2,32.0,0.0,11.9,0.0,1.3152,Cerah,wmo:0
jatinangor,"Jatinangor, Sumedang",2026-09-14,32.11.15.2002,Hegarmanah,kecamatan,yes,-6.938,107.7556,Asia/Jakarta,"BMKG representative point: Hegarmanah, Kecamatan Jatinangor",14-09-2026,UKMO,Open-Meteo / UK Met Office,13:00,2026-09-14 13:00:00,31.0,28.0,0.0,11.2,0.0,1.3152,Cerah,wmo:0
jatinangor,"Jatinangor, Sumedang",2026-09-14,32.11.15.2002,Hegarmanah,kecamatan,yes,-6.938,107.7556,Asia/Jakarta,"BMKG representative point: Hegarmanah, Kecamatan Jatinangor",14-09-2026,UKMO,Open-Meteo / UK Met Office,14:00,2026-09-14 14:00:00,31.5,25.0,0.0,10.8,0.0,1.3152,Cerah,wmo:0
jatinangor,"Jatinangor, Sumedang",2026-09-14,32.11.15.2002,Hegarmanah,kecamatan,yes,-6.938,107.7556,Asia/Jakarta,"BMKG representative point: Hegarmanah, Kecamatan Jatinangor",14-09-2026,UKMO,Open-Meteo / UK Met Office,15:00,2026-09-14 15:00:00,31.2,26.0,0.0,11.2,0.0,1.3152,Cerah,wmo:0
jatinangor,"Jatinangor, Sumedang",2026-09-14,32.11.15.2002,Hegarmanah,kecamatan,yes,-6.938,107.7556,Asia/Jakarta,"BMKG representative point: Hegarmanah, Kecamatan Jatinangor",14-09-2026,UKMO,Open-Meteo / UK Met Office,16:00,2026-09-14 16:00:00,30.3,30.0,0.0,13.0,0.0,1.3152,Cerah,wmo:0
jatinangor,"Jatinangor, Sumedang",2026-09-14,32.11.15.2002,Hegarmanah,kecamatan,yes,-6.938,107.7556,Asia/Jakarta,"BMKG representative point: Hegarmanah, Kecamatan Jatinangor",14-09-2026,UKMO,Open-Meteo / UK Met Office,17:00,2026-09-14 17:00:00,27.8,43.0,0.0,13.3,0.0,1.3152,Cerah,wmo:0
jatinangor,"Jatinangor, Sumedang",2026-09-14,32.11.15.2002,Hegarmanah,kecamatan,yes,-6.938,107.7556,Asia/Jakarta,"BMKG representative point: Hegarmanah, Kecamatan Jatinangor",14-09-2026,UKMO,Open-Meteo / UK Met Office,18:00,2026-09-14 18:00:00,24.9,61.0,0.0,10.4,0.0,1.3152,Cerah,wmo:0
jatinangor,"Jatinangor, Sumedang",2026-09-14,32.11.15.2002,Hegarmanah,kecamatan,yes,-6.938,107.7556,Asia/Jakarta,"BMKG representative point: Hegarmanah, Kecamatan Jatinangor",14-09-2026,UKMO,Open-Meteo / UK Met Office,19:00,2026-09-14 19:00:00,22.7,75.0,0.0,5.8,0.0,1.3152,Cerah,wmo:0
jatinangor,"Jatinangor, Sumedang",2026-09-14,32.11.15.2002,Hegarmanah,kecamatan,yes,-6.938,107.7556,Asia/Jakarta,"BMKG representative point: Hegarmanah, Kecamatan Jatinangor",14-09-2026,UKMO,Open-Meteo / UK Met Office,20:00,2026-09-14 20:00:00,21.3,83.0,0.0,5.8,0.0,1.3152,Cerah,wmo:0
jatinangor,"Jatinangor, Sumedang",2026-09-14,32.11.15.2002,Hegarmanah,kecamatan,yes,-6.938,107.7556,Asia/Jakarta,"BMKG representative point: Hegarmanah, Kecamatan Jatinangor",14-09-2026,UKMO,Open-Meteo / UK Met Office,21:00,2026-09-14 21:00:00,20.0,88.0,0.0,6.1,0.0,1.3152,Cerah,wmo:0
jatinangor,"Jatinangor, Sumedang",2026-09-14,32.11.15.2002,Hegarmanah,kecamatan,yes,-6.938,107.7556,Asia/Jakarta,"BMKG representative point: Hegarmanah, Kecamatan Jatinangor",14-09-2026,UKMO,Open-Meteo / UK Met Office,22:00,2026-09-14 22:00:00,18.4,91.0,0.0,4.7,0.0,1.3152,Cerah,wmo:0
jatinangor,"Jatinangor, Sumedang",2026-09-14,32.11.15.2002,Hegarmanah,kecamatan,yes,-6.938,107.7556,Asia/Jakarta,"BMKG representative point: Hegarmanah, Kecamatan Jatinangor",14-09-2026,UKMO,Open-Meteo / UK Met Office,23:00,2026-09-14 23:00:00,17.2,92.0,0.0,3.2,0.0,1.3152,Cerah,wmo:0
jatinangor,"Jatinangor, Sumedang",2026-09-15,32.11.15.2002,Hegarmanah,kecamatan,yes,-6.938,107.7556,Asia/Jakarta,"BMKG representative point: Hegarmanah, Kecamatan Jatinangor",15-09-2026,BMKG,BMKG,00:00,2026-09-15 00:00:00,15.0,93.0,0.0,1.4,0.0,1.7491,Berawan,Berawan
jatinangor,"Jatinangor, Sumedang",2026-09-15,32.11.15.2002,Hegarmanah,kecamatan,yes,-6.938,107.7556,Asia/Jakarta,"BMKG representative point: Hegarmanah, Kecamatan Jatinangor",15-09-2026,BMKG,BMKG,01:00,2026-09-15 00:00:00,15.0,93.0,0.0,1.4,60.0,1.3118,Berawan,Berawan
jatinangor,"Jatinangor, Sumedang",2026-09-15,32.11.15.2002,Hegarmanah,kecamatan,yes,-6.938,107.7556,Asia/Jakarta,"BMKG representative point: Hegarmanah, Kecamatan Jatinangor",15-09-2026,BMKG,BMKG,02:00,2026-09-15 03:00:00,14.0,97.0,0.0,1.8,60.0,1.3118,Berawan,Berawan
jatinangor,"Jatinangor, Sumedang",2026-09-15,32.11.15.2002,Hegarmanah,kecamatan,yes,-6.938,107.7556,Asia/Jakarta,"BMKG representative point: Hegarmanah, Kecamatan Jatinangor",15-09-2026,BMKG,BMKG,03:00,2026-09-15 03:00:00,14.0,97.0,0.0,1.8,0.0,1.7491,Berawan,Berawan
jatinangor,"Jatinangor, Sumedang",2026-09-15,32.11.15.2002,Hegarmanah,kecamatan,yes,-6.938,107.7556,Asia/Jakarta,"BMKG representative point: Hegarmanah, Kecamatan Jatinangor",15-09-2026,BMKG,BMKG,04:00,2026-09-15 03:00:00,14.0,97.0,0.0,1.8,60.0,1.3118,Berawan,Berawan
jatinangor,"Jatinangor, Sumedang",2026-09-15,32.11.15.2002,Hegarmanah,kecamatan,yes,-6.938,107.7556,Asia/Jakarta,"BMKG representative point: Hegarmanah, Kecamatan Jatinangor",15-09-2026,BMKG,BMKG,05:00,2026-09-15 06:00:00,16.0,92.0,0.0,1.8,60.0,1.3118,Berawan,Berawan
jatinangor,"Jatinangor, Sumedang",2026-09-15,32.11.15.2002,Hegarmanah,kecamatan,yes,-6.938,107.7556,Asia/Jakarta,"BMKG representative point: Hegarmanah, Kecamatan Jatinangor",15-09-2026,BMKG,BMKG,06:00,2026-09-15 06:00:00,16.0,92.0,0.0,1.8,0.0,1.7491,Berawan,Berawan
jatinangor,"Jatinangor, Sumedang",2026-09-15,32.11.15.2002,Hegarmanah,kecamatan,yes,-6.938,107.7556,Asia/Jakarta,"BMKG representative point: Hegarmanah, Kecamatan Jatinangor",15-09-2026,BMKG,BMKG,07:00,2026-09-15 06:00:00,16.0,92.0,0.0,1.8,60.0,1.3118,Berawan,Berawan
jatinangor,"Jatinangor, Sumedang",2026-09-15,32.11.15.2002,Hegarmanah,kecamatan,yes,-6.938,107.7556,Asia/Jakarta,"BMKG representative point: Hegarmanah, Kecamatan Jatinangor",15-09-2026,BMKG,BMKG,08:00,2026-09-15 09:00:00,26.0,39.0,0.0,7.9,60.0,1.3118,Berawan,Berawan
jatinangor,"Jatinangor, Sumedang",2026-09-15,32.11.15.2002,Hegarmanah,kecamatan,yes,-6.938,107.7556,Asia/Jakarta,"BMKG representative point: Hegarmanah, Kecamatan Jatinangor",15-09-2026,BMKG,BMKG,09:00,2026-09-15 09:00:00,26.0,39.0,0.0,7.9,0.0,1.7491,Berawan,Berawan
jatinangor,"Jatinangor, Sumedang",2026-09-15,32.11.15.2002,Hegarmanah,kecamatan,yes,-6.938,107.7556,Asia/Jakarta,"BMKG representative point: Hegarmanah, Kecamatan Jatinangor",15-09-2026,BMKG,BMKG,10:00,2026-09-15 09:00:00,26.0,39.0,0.0,7.9,60.0,1.3118,Berawan,Berawan
jatinangor,"Jatinangor, Sumedang",2026-09-15,32.11.15.2002,Hegarmanah,kecamatan,yes,-6.938,107.7556,Asia/Jakarta,"BMKG representative point: Hegarmanah, Kecamatan Jatinangor",15-09-2026,BMKG,BMKG,11:00,2026-09-15 12:00:00,30.0,28.0,0.0,6.6,60.0,1.3118,Cerah Berawan,Cerah Berawan
jatinangor,"Jatinangor, Sumedang",2026-09-15,32.11.15.2002,Hegarmanah,kecamatan,yes,-6.938,107.7556,Asia/Jakarta,"BMKG representative point: Hegarmanah, Kecamatan Jatinangor",15-09-2026,BMKG,BMKG,12:00,2026-09-15 12:00:00,30.0,28.0,0.0,6.6,0.0,1.7491,Cerah Berawan,Cerah Berawan
jatinangor,"Jatinangor, Sumedang",2026-09-15,32.11.15.2002,Hegarmanah,kecamatan,yes,-6.938,107.7556,Asia/Jakarta,"BMKG representative point: Hegarmanah, Kecamatan Jatinangor",15-09-2026,BMKG,BMKG,13:00,2026-09-15 12:00:00,30.0,28.0,0.0,6.6,60.0,1.3118,Cerah Berawan,Cerah Berawan
jatinangor,"Jatinangor, Sumedang",2026-09-15,32.11.15.2002,Hegarmanah,kecamatan,yes,-6.938,107.7556,Asia/Jakarta,"BMKG representative point: Hegarmanah, Kecamatan Jatinangor",15-09-2026,BMKG,BMKG,14:00,2026-09-15 15:00:00,28.0,32.0,0.0,8.4,60.0,1.3118,Cerah Berawan,Cerah Berawan
jatinangor,"Jatinangor, Sumedang",2026-09-15,32.11.15.2002,Hegarmanah,kecamatan,yes,-6.938,107.7556,Asia/Jakarta,"BMKG representative point: Hegarmanah, Kecamatan Jatinangor",15-09-2026,BMKG,BMKG,15:00,2026-09-15 15:00:00,28.0,32.0,0.0,8.4,0.0,1.7491,Cerah Berawan,Cerah Berawan
jatinangor,"Jatinangor, Sumedang",2026-09-15,32.11.15.2002,Hegarmanah,kecamatan,yes,-6.938,107.7556,Asia/Jakarta,"BMKG representative point: Hegarmanah, Kecamatan Jatinangor",15-09-2026,BMKG,BMKG,16:00,2026-09-15 15:00:00,28.0,32.0,0.0,8.4,60.0,1.3118,Cerah Berawan,Cerah Berawan
jatinangor,"Jatinangor, Sumedang",2026-09-15,32.11.15.2002,Hegarmanah,kecamatan,yes,-6.938,107.7556,Asia/Jakarta,"BMKG representative point: Hegarmanah, Kecamatan Jatinangor",15-09-2026,BMKG,BMKG,17:00,2026-09-15 18:00:00,22.0,58.0,0.0,7.3,60.0,1.3118,Cerah,Cerah
jatinangor,"Jatinangor, Sumedang",2026-09-15,32.11.15.2002,Hegarmanah,kecamatan,yes,-6.938,107.7556,Asia/Jakarta,"BMKG representative point: Hegarmanah, Kecamatan Jatinangor",15-09-2026,BMKG,BMKG,18:00,2026-09-15 18:00:00,22.0,58.0,0.0,7.3,0.0,1.7491,Cerah,Cerah
jatinangor,"Jatinangor, Sumedang",2026-09-15,32.11.15.2002,Hegarmanah,kecamatan,yes,-6.938,107.7556,Asia/Jakarta,"BMKG representative point: Hegarmanah, Kecamatan Jatinangor",15-09-2026,BMKG,BMKG,19:00,2026-09-15 18:00:00,22.0,58.0,0.0,7.3,60.0,1.3118,Cerah,Cerah
jatinangor,"Jatinangor, Sumedang",2026-09-15,32.11.15.2002,Hegarmanah,kecamatan,yes,-6.938,107.7556,Asia/Jakarta,"BMKG representative point: Hegarmanah, Kecamatan Jatinangor",15-09-2026,BMKG,BMKG,20:00,2026-09-15 21:00:00,19.0,85.0,0.0,3.5,60.0,1.3118,Cerah,Cerah
jatinangor,"Jatinangor, Sumedang",2026-09-15,32.11.15.2002,Hegarmanah,kecamatan,yes,-6.938,107.7556,Asia/Jakarta,"BMKG representative point: Hegarmanah, Kecamatan Jatinangor",15-09-2026,BMKG,BMKG,21:00,2026-09-15 21:00:00,19.0,85.0,0.0,3.5,0.0,1.7491,Cerah,Cerah
jatinangor,"Jatinangor, Sumedang",2026-09-15,32.11.15.2002,Hegarmanah,kecamatan,yes,-6.938,107.7556,Asia/Jakarta,"BMKG representative point: Hegarmanah, Kecamatan Jatinangor",15-09-2026,BMKG,BMKG,22:00,2026-09-15 21:00:00,19.0,85.0,0.0,3.5,60.0,1.3118,Cerah,Cerah
jatinangor,"Jatinangor, Sumedang",2026-09-15,32.11.15.2002,Hegarmanah,kecamatan,yes,-6.938,107.7556,Asia/Jakarta,"BMKG representative point: Hegarmanah, Kecamatan Jatinangor",15-09-2026,BMKG,BMKG,23:00,2026-09-15 21:00:00,19.0,85.0,0.0,3.5,120.0,0.962,Cerah,Cerah
jatinangor,"Jatinangor, Sumedang",2026-09-15,32.11.15.2002,Hegarmanah,kecamatan,yes,-6.938,107.7556,Asia/Jakarta,"BMKG representative point: Hegarmanah, Kecamatan Jatinangor",15-09-2026,CMA,Open-Meteo / CMA GRAPES,00:00,2026-09-15 00:00:00,16.6,67.0,0.0,10.2,0.0,1.156,Cerah,wmo:0
jatinangor,"Jatinangor, Sumedang",2026-09-15,32.11.15.2002,Hegarmanah,kecamatan,yes,-6.938,107.7556,Asia/Jakarta,"BMKG representative point: Hegarmanah, Kecamatan Jatinangor",15-09-2026,CMA,Open-Meteo / CMA GRAPES,01:00,2026-09-15 01:00:00,16.3,68.0,0.0,10.3,0.0,1.156,Cerah,wmo:0
jatinangor,"Jatinangor, Sumedang",2026-09-15,32.11.15.2002,Hegarmanah,kecamatan,yes,-6.938,107.7556,Asia/Jakarta,"BMKG representative point: Hegarmanah, Kecamatan Jatinangor",15-09-2026,CMA,Open-Meteo / CMA GRAPES,02:00,2026-09-15 02:00:00,15.8,71.0,0.0,10.0,0.0,1.156,Cerah,wmo:0
jatinangor,"Jatinangor, Sumedang",2026-09-15,32.11.15.2002,Hegarmanah,kecamatan,yes,-6.938,107.7556,Asia/Jakarta,"BMKG representative point: Hegarmanah, Kecamatan Jatinangor",15-09-2026,CMA,Open-Meteo / CMA GRAPES,03:00,2026-09-15 03:00:00,15.4,74.0,0.0,9.9,0.0,1.156,Cerah,wmo:0
jatinangor,"Jatinangor, Sumedang",2026-09-15,32.11.15.2002,Hegarmanah,kecamatan,yes,-6.938,107.7556,Asia/Jakarta,"BMKG representative point: Hegarmanah, Kecamatan Jatinangor",15-09-2026,CMA,Open-Meteo / CMA GRAPES,04:00,2026-09-15 04:00:00,15.4,77.0,0.0,10.0,0.0,1.156,Cerah,wmo:0
jatinangor,"Jatinangor, Sumedang",2026-09-15,32.11.15.2002,Hegarmanah,kecamatan,yes,-6.938,107.7556,Asia/Jakarta,"BMKG representative point: Hegarmanah, Kecamatan Jatinangor",15-09-2026,CMA,Open-Meteo / CMA GRAPES,05:00,2026-09-15 05:00:00,15.9,80.0,0.0,10.4,0.0,1.156,Cerah,wmo:0
jatinangor,"Jatinangor, Sumedang",2026-09-15,32.11.15.2002,Hegarmanah,kecamatan,yes,-6.938,107.7556,Asia/Jakarta,"BMKG representative point: Hegarmanah, Kecamatan Jatinangor",15-09-2026,CMA,Open-Meteo / CMA GRAPES,06:00,2026-09-15 06:00:00,16.8,82.0,0.0,10.7,0.0,1.156,Cerah,wmo:0
jatinangor,"Jatinangor, Sumedang",2026-09-15,32.11.15.2002,Hegarmanah,kecamatan,yes,-6.938,107.7556,Asia/Jakarta,"BMKG representative point: Hegarmanah, Kecamatan Jatinangor",15-09-2026,CMA,Open-Meteo / CMA GRAPES,07:00,2026-09-15 07:00:00,18.0,82.0,0.0,11.0,0.0,1.156,Cerah,wmo:0
jatinangor,"Jatinangor, Sumedang",2026-09-15,32.11.15.2002,Hegarmanah,kecamatan,yes,-6.938,107.7556,Asia/Jakarta,"BMKG representative point: Hegarmanah, Kecamatan Jatinangor",15-09-2026,CMA,Open-Meteo / CMA GRAPES,08:00,2026-09-15 08:00:00,19.8,78.0,0.0,11.1,0.0,1.156,Cerah,wmo:0
jatinangor,"Jatinangor, Sumedang",2026-09-15,32.11.15.2002,Hegarmanah,kecamatan,yes,-6.938,107.7556,Asia/Jakarta,"BMKG representative point: Hegarmanah, Kecamatan Jatinangor",15-09-2026,CMA,Open-Meteo / CMA GRAPES,09:00,2026-09-15 09:00:00,22.0,71.0,0.0,11.3,0.0,1.156,Cerah,wmo:0
jatinangor,"Jatinangor, Sumedang",2026-09-15,32.11.15.2002,Hegarmanah,kecamatan,yes,-6.938,107.7556,Asia/Jakarta,"BMKG representative point: Hegarmanah, Kecamatan Jatinangor",15-09-2026,CMA,Open-Meteo / CMA GRAPES,10:00,2026-09-15 10:00:00,23.8,63.0,0.0,11.8,0.0,1.156,Cerah Berawan,wmo:1
jatinangor,"Jatinangor, Sumedang",2026-09-15,32.11.15.2002,Hegarmanah,kecamatan,yes,-6.938,107.7556,Asia/Jakarta,"BMKG representative point: Hegarmanah, Kecamatan Jatinangor",15-09-2026,CMA,Open-Meteo / CMA GRAPES,11:00,2026-09-15 11:00:00,25.2,54.0,0.0,11.3,0.0,1.156,Cerah Berawan,wmo:1
jatinangor,"Jatinangor, Sumedang",2026-09-15,32.11.15.2002,Hegarmanah,kecamatan,yes,-6.938,107.7556,Asia/Jakarta,"BMKG representative point: Hegarmanah, Kecamatan Jatinangor",15-09-2026,CMA,Open-Meteo / CMA GRAPES,12:00,2026-09-15 12:00:00,26.3,43.0,0.0,10.7,0.0,1.156,Cerah Berawan,wmo:1
jatinangor,"Jatinangor, Sumedang",2026-09-15,32.11.15.2002,Hegarmanah,kecamatan,yes,-6.938,107.7556,Asia/Jakarta,"BMKG representative point: Hegarmanah, Kecamatan Jatinangor",15-09-2026,CMA,Open-Meteo / CMA GRAPES,13:00,2026-09-15 13:00:00,27.1,36.0,0.0,10.8,0.0,1.156,Cerah,wmo:0
jatinangor,"Jatinangor, Sumedang",2026-09-15,32.11.15.2002,Hegarmanah,kecamatan,yes,-6.938,107.7556,Asia/Jakarta,"BMKG representative point: Hegarmanah, Kecamatan Jatinangor",15-09-2026,CMA,Open-Meteo / CMA GRAPES,14:00,2026-09-15 14:00:00,27.6,33.0,0.0,10.0,0.0,1.156,Cerah,wmo:0
jatinangor,"Jatinangor, Sumedang",2026-09-15,32.11.15.2002,Hegarmanah,kecamatan,yes,-6.938,107.7556,Asia/Jakarta,"BMKG representative point: Hegarmanah, Kecamatan Jatinangor",15-09-2026,CMA,Open-Meteo / CMA GRAPES,15:00,2026-09-15 15:00:00,27.8,32.0,0.0,8.5,0.0,1.156,Cerah,wmo:0
jatinangor,"Jatinangor, Sumedang",2026-09-15,32.11.15.2002,Hegarmanah,kecamatan,yes,-6.938,107.7556,Asia/Jakarta,"BMKG representative point: Hegarmanah, Kecamatan Jatinangor",15-09-2026,CMA,Open-Meteo / CMA GRAPES,16:00,2026-09-15 16:00:00,27.3,37.0,0.0,6.6,0.0,1.156,Cerah,wmo:0
jatinangor,"Jatinangor, Sumedang",2026-09-15,32.11.15.2002,Hegarmanah,kecamatan,yes,-6.938,107.7556,Asia/Jakarta,"BMKG representative point: Hegarmanah, Kecamatan Jatinangor",15-09-2026,CMA,Open-Meteo / CMA GRAPES,17:00,2026-09-15 17:00:00,25.8,51.0,0.0,5.1,0.0,1.156,Cerah,wmo:0
jatinangor,"Jatinangor, Sumedang",2026-09-15,32.11.15.2002,Hegarmanah,kecamatan,yes,-6.938,107.7556,Asia/Jakarta,"BMKG representative point: Hegarmanah, Kecamatan Jatinangor",15-09-2026,CMA,Open-Meteo / CMA GRAPES,18:00,2026-09-15 18:00:00,23.7,70.0,0.0,4.0,0.0,1.156,Cerah,wmo:0
jatinangor,"Jatinangor, Sumedang",2026-09-15,32.11.15.2002,Hegarmanah,kecamatan,yes,-6.938,107.7556,Asia/Jakarta,"BMKG representative point: Hegarmanah, Kecamatan Jatinangor",15-09-2026,CMA,Open-Meteo / CMA GRAPES,19:00,2026-09-15 19:00:00,22.0,85.0,0.0,4.4,0.0,1.156,Cerah,wmo:0
jatinangor,"Jatinangor, Sumedang",2026-09-15,32.11.15.2002,Hegarmanah,kecamatan,yes,-6.938,107.7556,Asia/Jakarta,"BMKG representative point: Hegarmanah, Kecamatan Jatinangor",15-09-2026,CMA,Open-Meteo / CMA GRAPES,20:00,2026-09-15 20:00:00,21.1,91.0,0.0,4.9,0.0,1.156,Cerah,wmo:0
jatinangor,"Jatinangor, Sumedang",2026-09-15,32.11.15.2002,Hegarmanah,kecamatan,yes,-6.938,107.7556,Asia/Jakarta,"BMKG representative point: Hegarmanah, Kecamatan Jatinangor",15-09-2026,CMA,Open-Meteo / CMA GRAPES,21:00,2026-09-15 21:00:00,20.7,92.0,0.0,5.4,0.0,1.156,Cerah,wmo:0
jatinangor,"Jatinangor, Sumedang",2026-09-15,32.11.15.2002,Hegarmanah,kecamatan,yes,-6.938,107.7556,Asia/Jakarta,"BMKG representative point: Hegarmanah, Kecamatan Jatinangor",15-09-2026,CMA,Open-Meteo / CMA GRAPES,22:00,2026-09-15 22:00:00,20.2,91.0,0.0,6.1,0.0,1.156,Cerah,wmo:0
jatinangor,"Jatinangor, Sumedang",2026-09-15,32.11.15.2002,Hegarmanah,kecamatan,yes,-6.938,107.7556,Asia/Jakarta,"BMKG representative point: Hegarmanah, Kecamatan Jatinangor",15-09-2026,CMA,Open-Meteo / CMA GRAPES,23:00,2026-09-15 23:00:00,19.6,88.0,0.0,6.5,0.0,1.156,Cerah,wmo:0
jatinangor,"Jatinangor, Sumedang",2026-09-15,32.11.15.2002,Hegarmanah,kecamatan,yes,-6.938,107.7556,Asia/Jakarta,"BMKG representative point: Hegarmanah, Kecamatan Jatinangor",15-09-2026,ECMWF,Open-Meteo / ECMWF,00:00,2026-09-15 00:00:00,17.9,92.0,0.0,7.6,0.0,1.7314,Berawan,wmo:3
jatinangor,"Jatinangor, Sumedang",2026-09-15,32.11.15.2002,Hegarmanah,kecamatan,yes,-6.938,107.7556,Asia/Jakarta,"BMKG representative point: Hegarmanah, Kecamatan Jatinangor",15-09-2026,ECMWF,Open-Meteo / ECMWF,01:00,2026-09-15 01:00:00,17.3,93.0,0.0,7.3,0.0,1.7314,Berawan,wmo:3
jatinangor,"Jatinangor, Sumedang",2026-09-15,32.11.15.2002,Hegarmanah,kecamatan,yes,-6.938,107.7556,Asia/Jakarta,"BMKG representative point: Hegarmanah, Kecamatan Jatinangor",15-09-2026,ECMWF,Open-Meteo / ECMWF,02:00,2026-09-15 02:00:00,16.8,95.0,0.0,7.2,0.0,1.7314,Berawan,wmo:3
jatinangor,"Jatinangor, Sumedang",2026-09-15,32.11.15.2002,Hegarmanah,kecamatan,yes,-6.938,107.7556,Asia/Jakarta,"BMKG representative point: Hegarmanah, Kecamatan Jatinangor",15-09-2026,ECMWF,Open-Meteo / ECMWF,03:00,2026-09-15 03:00:00,16.6,96.0,0.0,7.2,0.0,1.7314,Berawan,wmo:3
jatinangor,"Jatinangor, Sumedang",2026-09-15,32.11.15.2002,Hegarmanah,kecamatan,yes,-6.938,107.7556,Asia/Jakarta,"BMKG representative point: Hegarmanah, Kecamatan Jatinangor",15-09-2026,ECMWF,Open-Meteo / ECMWF,04:00,2026-09-15 04:00:00,16.6,96.0,0.0,7.2,0.0,1.7314,Berawan,wmo:3
jatinangor,"Jatinangor, Sumedang",2026-09-15,32.11.15.2002,Hegarmanah,kecamatan,yes,-6.938,107.7556,Asia/Jakarta,"BMKG representative point: Hegarmanah, Kecamatan Jatinangor",15-09-2026,ECMWF,Open-Meteo / ECMWF,05:00,2026-09-15 05:00:00,16.6,95.0,0.0,6.5,0.0,1.7314,Berawan,wmo:3
jatinangor,"Jatinangor, Sumedang",2026-09-15,32.11.15.2002,Hegarmanah,kecamatan,yes,-6.938,107.7556,Asia/Jakarta,"BMKG representative point: Hegarmanah, Kecamatan Jatinangor",15-09-2026,ECMWF,Open-Meteo / ECMWF,06:00,2026-09-15 06:00:00,17.0,93.0,0.0,6.0,0.0,1.7314,Berawan,wmo:3
jatinangor,"Jatinangor, Sumedang",2026-09-15,32.11.15.2002,Hegarmanah,kecamatan,yes,-6.938,107.7556,Asia/Jakarta,"BMKG representative point: Hegarmanah, Kecamatan Jatinangor",15-09-2026,ECMWF,Open-Meteo / ECMWF,07:00,2026-09-15 07:00:00,18.2,86.0,0.0,6.2,0.0,1.7314,Berawan,wmo:3
jatinangor,"Jatinangor, Sumedang",2026-09-15,32.11.15.2002,Hegarmanah,kecamatan,yes,-6.938,107.7556,Asia/Jakarta,"BMKG representative point: Hegarmanah, Kecamatan Jatinangor",15-09-2026,ECMWF,Open-Meteo / ECMWF,08:00,2026-09-15 08:00:00,21.0,71.0,0.0,6.9,0.0,1.7314,Berawan,wmo:3
jatinangor,"Jatinangor, Sumedang",2026-09-15,32.11.15.2002,Hegarmanah,kecamatan,yes,-6.938,107.7556,Asia/Jakarta,"BMKG representative point: Hegarmanah, Kecamatan Jatinangor",15-09-2026,ECMWF,Open-Meteo / ECMWF,09:00,2026-09-15 09:00:00,24.8,53.0,0.0,8.3,0.0,1.7314,Berawan,wmo:3
jatinangor,"Jatinangor, Sumedang",2026-09-15,32.11.15.2002,Hegarmanah,kecamatan,yes,-6.938,107.7556,Asia/Jakarta,"BMKG representative point: Hegarmanah, Kecamatan Jatinangor",15-09-2026,ECMWF,Open-Meteo / ECMWF,10:00,2026-09-15 10:00:00,27.8,38.0,0.0,9.5,0.0,1.7314,Berawan,wmo:3
jatinangor,"Jatinangor, Sumedang",2026-09-15,32.11.15.2002,Hegarmanah,kecamatan,yes,-6.938,107.7556,Asia/Jakarta,"BMKG representative point: Hegarmanah, Kecamatan Jatinangor",15-09-2026,ECMWF,Open-Meteo / ECMWF,11:00,2026-09-15 11:00:00,29.5,31.0,0.0,9.8,0.0,1.7314,Berawan,wmo:3
jatinangor,"Jatinangor, Sumedang",2026-09-15,32.11.15.2002,Hegarmanah,kecamatan,yes,-6.938,107.7556,Asia/Jakarta,"BMKG representative point: Hegarmanah, Kecamatan Jatinangor",15-09-2026,ECMWF,Open-Meteo / ECMWF,12:00,2026-09-15 12:00:00,30.5,29.0,0.0,9.4,0.0,1.7314,Berawan,wmo:3
jatinangor,"Jatinangor, Sumedang",2026-09-15,32.11.15.2002,Hegarmanah,kecamatan,yes,-6.938,107.7556,Asia/Jakarta,"BMKG representative point: Hegarmanah, Kecamatan Jatinangor",15-09-2026,ECMWF,Open-Meteo / ECMWF,13:00,2026-09-15 13:00:00,31.0,28.0,0.0,9.0,0.0,1.7314,Berawan,wmo:3
jatinangor,"Jatinangor, Sumedang",2026-09-15,32.11.15.2002,Hegarmanah,kecamatan,yes,-6.938,107.7556,Asia/Jakarta,"BMKG representative point: Hegarmanah, Kecamatan Jatinangor",15-09-2026,ECMWF,Open-Meteo / ECMWF,14:00,2026-09-15 14:00:00,31.2,28.0,0.0,8.5,0.0,1.7314,Berawan,wmo:3
jatinangor,"Jatinangor, Sumedang",2026-09-15,32.11.15.2002,Hegarmanah,kecamatan,yes,-6.938,107.7556,Asia/Jakarta,"BMKG representative point: Hegarmanah, Kecamatan Jatinangor",15-09-2026,ECMWF,Open-Meteo / ECMWF,15:00,2026-09-15 15:00:00,30.8,30.0,0.0,9.2,0.0,1.7314,Berawan,wmo:3
jatinangor,"Jatinangor, Sumedang",2026-09-15,32.11.15.2002,Hegarmanah,kecamatan,yes,-6.938,107.7556,Asia/Jakarta,"BMKG representative point: Hegarmanah, Kecamatan Jatinangor",15-09-2026,ECMWF,Open-Meteo / ECMWF,16:00,2026-09-15 16:00:00,29.9,34.0,0.0,10.7,0.0,1.7314,Cerah Berawan,wmo:2
jatinangor,"Jatinangor, Sumedang",2026-09-15,32.11.15.2002,Hegarmanah,kecamatan,yes,-6.938,107.7556,Asia/Jakarta,"BMKG representative point: Hegarmanah, Kecamatan Jatinangor",15-09-2026,ECMWF,Open-Meteo / ECMWF,17:00,2026-09-15 17:00:00,28.1,42.0,0.0,10.7,0.0,1.7314,Cerah Berawan,wmo:2
jatinangor,"Jatinangor, Sumedang",2026-09-15,32.11.15.2002,Hegarmanah,kecamatan,yes,-6.938,107.7556,Asia/Jakarta,"BMKG representative point: Hegarmanah, Kecamatan Jatinangor",15-09-2026,ECMWF,Open-Meteo / ECMWF,18:00,2026-09-15 18:00:00,25.7,52.0,0.0,10.3,0.0,1.7314,Cerah Berawan,wmo:1
jatinangor,"Jatinangor, Sumedang",2026-09-15,32.11.15.2002,Hegarmanah,kecamatan,yes,-6.938,107.7556,Asia/Jakarta,"BMKG representative point: Hegarmanah, Kecamatan Jatinangor",15-09-2026,ECMWF,Open-Meteo / ECMWF,19:00,2026-09-15 19:00:00,23.6,62.0,0.0,10.1,0.0,1.7314,Cerah Berawan,wmo:1
jatinangor,"Jatinangor, Sumedang",2026-09-15,32.11.15.2002,Hegarmanah,kecamatan,yes,-6.938,107.7556,Asia/Jakarta,"BMKG representative point: Hegarmanah, Kecamatan Jatinangor",15-09-2026,ECMWF,Open-Meteo / ECMWF,20:00,2026-09-15 20:00:00,22.2,70.0,0.0,9.3,0.0,1.7314,Cerah Berawan,wmo:1
jatinangor,"Jatinangor, Sumedang",2026-09-15,32.11.15.2002,Hegarmanah,kecamatan,yes,-6.938,107.7556,Asia/Jakarta,"BMKG representative point: Hegarmanah, Kecamatan Jatinangor",15-09-2026,ECMWF,Open-Meteo / ECMWF,21:00,2026-09-15 21:00:00,21.2,78.0,0.0,7.8,0.0,1.7314,Cerah,wmo:0
jatinangor,"Jatinangor, Sumedang",2026-09-15,32.11.15.2002,Hegarmanah,kecamatan,yes,-6.938,107.7556,Asia/Jakarta,"BMKG representative point: Hegarmanah, Kecamatan Jatinangor",15-09-2026,ECMWF,Open-Meteo / ECMWF,22:00,2026-09-15 22:00:00,20.2,84.0,0.0,6.7,0.0,1.7314,Cerah,wmo:0
jatinangor,"Jatinangor, Sumedang",2026-09-15,32.11.15.2002,Hegarmanah,kecamatan,yes,-6.938,107.7556,Asia/Jakarta,"BMKG representative point: Hegarmanah, Kecamatan Jatinangor",15-09-2026,ECMWF,Open-Meteo / ECMWF,23:00,2026-09-15 23:00:00,19.4,89.0,0.0,6.0,0.0,1.7314,Cerah,wmo:0
jatinangor,"Jatinangor, Sumedang",2026-09-15,32.11.15.2002,Hegarmanah,kecamatan,yes,-6.938,107.7556,Asia/Jakarta,"BMKG representative point: Hegarmanah, Kecamatan Jatinangor",15-09-2026,GFS,Open-Meteo / NOAA GFS,00:00,2026-09-15 00:00:00,17.5,95.0,0.0,7.4,0.0,1.3831,Berawan,wmo:3
jatinangor,"Jatinangor, Sumedang",2026-09-15,32.11.15.2002,Hegarmanah,kecamatan,yes,-6.938,107.7556,Asia/Jakarta,"BMKG representative point: Hegarmanah, Kecamatan Jatinangor",15-09-2026,GFS,Open-Meteo / NOAA GFS,01:00,2026-09-15 01:00:00,16.8,93.0,0.0,7.1,0.0,1.3831,Berawan,wmo:3
jatinangor,"Jatinangor, Sumedang",2026-09-15,32.11.15.2002,Hegarmanah,kecamatan,yes,-6.938,107.7556,Asia/Jakarta,"BMKG representative point: Hegarmanah, Kecamatan Jatinangor",15-09-2026,GFS,Open-Meteo / NOAA GFS,02:00,2026-09-15 02:00:00,16.0,89.0,0.0,6.9,0.0,1.3831,Berawan,wmo:3
jatinangor,"Jatinangor, Sumedang",2026-09-15,32.11.15.2002,Hegarmanah,kecamatan,yes,-6.938,107.7556,Asia/Jakarta,"BMKG representative point: Hegarmanah, Kecamatan Jatinangor",15-09-2026,GFS,Open-Meteo / NOAA GFS,03:00,2026-09-15 03:00:00,15.4,85.0,0.0,6.4,0.0,1.3831,Berawan,wmo:3
jatinangor,"Jatinangor, Sumedang",2026-09-15,32.11.15.2002,Hegarmanah,kecamatan,yes,-6.938,107.7556,Asia/Jakarta,"BMKG representative point: Hegarmanah, Kecamatan Jatinangor",15-09-2026,GFS,Open-Meteo / NOAA GFS,04:00,2026-09-15 04:00:00,15.1,84.0,0.0,6.4,0.0,1.3831,Berawan,wmo:3
jatinangor,"Jatinangor, Sumedang",2026-09-15,32.11.15.2002,Hegarmanah,kecamatan,yes,-6.938,107.7556,Asia/Jakarta,"BMKG representative point: Hegarmanah, Kecamatan Jatinangor",15-09-2026,GFS,Open-Meteo / NOAA GFS,05:00,2026-09-15 05:00:00,14.8,86.0,0.0,6.4,0.0,1.3831,Berawan,wmo:3
jatinangor,"Jatinangor, Sumedang",2026-09-15,32.11.15.2002,Hegarmanah,kecamatan,yes,-6.938,107.7556,Asia/Jakarta,"BMKG representative point: Hegarmanah, Kecamatan Jatinangor",15-09-2026,GFS,Open-Meteo / NOAA GFS,06:00,2026-09-15 06:00:00,14.7,89.0,0.0,6.8,0.0,1.3831,Cerah Berawan,wmo:1
jatinangor,"Jatinangor, Sumedang",2026-09-15,32.11.15.2002,Hegarmanah,kecamatan,yes,-6.938,107.7556,Asia/Jakarta,"BMKG representative point: Hegarmanah, Kecamatan Jatinangor",15-09-2026,GFS,Open-Meteo / NOAA GFS,07:00,2026-09-15 07:00:00,18.9,70.0,0.0,6.9,0.0,1.3831,Cerah,wmo:0
jatinangor,"Jatinangor, Sumedang",2026-09-15,32.11.15.2002,Hegarmanah,kecamatan,yes,-6.938,107.7556,Asia/Jakarta,"BMKG representative point: Hegarmanah, Kecamatan Jatinangor",15-09-2026,GFS,Open-Meteo / NOAA GFS,08:00,2026-09-15 08:00:00,23.5,46.0,0.0,7.9,0.0,1.3831,Cerah Berawan,wmo:1
jatinangor,"Jatinangor, Sumedang",2026-09-15,32.11.15.2002,Hegarmanah,kecamatan,yes,-6.938,107.7556,Asia/Jakarta,"BMKG representative point: Hegarmanah, Kecamatan Jatinangor",15-09-2026,GFS,Open-Meteo / NOAA GFS,09:00,2026-09-15 09:00:00,27.4,30.0,0.0,7.5,0.0,1.3831,Cerah Berawan,wmo:2
jatinangor,"Jatinangor, Sumedang",2026-09-15,32.11.15.2002,Hegarmanah,kecamatan,yes,-6.938,107.7556,Asia/Jakarta,"BMKG representative point: Hegarmanah, Kecamatan Jatinangor",15-09-2026,GFS,Open-Meteo / NOAA GFS,10:00,2026-09-15 10:00:00,30.4,22.0,0.0,7.3,0.0,1.3831,Cerah Berawan,wmo:2
jatinangor,"Jatinangor, Sumedang",2026-09-15,32.11.15.2002,Hegarmanah,kecamatan,yes,-6.938,107.7556,Asia/Jakarta,"BMKG representative point: Hegarmanah, Kecamatan Jatinangor",15-09-2026,GFS,Open-Meteo / NOAA GFS,11:00,2026-09-15 11:00:00,32.5,18.0,0.0,7.3,0.0,1.3831,Cerah,wmo:0
jatinangor,"Jatinangor, Sumedang",2026-09-15,32.11.15.2002,Hegarmanah,kecamatan,yes,-6.938,107.7556,Asia/Jakarta,"BMKG representative point: Hegarmanah, Kecamatan Jatinangor",15-09-2026,GFS,Open-Meteo / NOAA GFS,12:00,2026-09-15 12:00:00,33.8,16.0,0.0,7.8,0.0,1.3831,Cerah,wmo:0
jatinangor,"Jatinangor, Sumedang",2026-09-15,32.11.15.2002,Hegarmanah,kecamatan,yes,-6.938,107.7556,Asia/Jakarta,"BMKG representative point: Hegarmanah, Kecamatan Jatinangor",15-09-2026,GFS,Open-Meteo / NOAA GFS,13:00,2026-09-15 13:00:00,34.4,15.0,0.0,9.7,0.0,1.3831,Cerah Berawan,wmo:1
jatinangor,"Jatinangor, Sumedang",2026-09-15,32.11.15.2002,Hegarmanah,kecamatan,yes,-6.938,107.7556,Asia/Jakarta,"BMKG representative point: Hegarmanah, Kecamatan Jatinangor",15-09-2026,GFS,Open-Meteo / NOAA GFS,14:00,2026-09-15 14:00:00,34.6,15.0,0.0,12.7,0.0,1.3831,Berawan,wmo:3
jatinangor,"Jatinangor, Sumedang",2026-09-15,32.11.15.2002,Hegarmanah,kecamatan,yes,-6.938,107.7556,Asia/Jakarta,"BMKG representative point: Hegarmanah, Kecamatan Jatinangor",15-09-2026,GFS,Open-Meteo / NOAA GFS,15:00,2026-09-15 15:00:00,34.2,16.0,0.0,15.9,0.0,1.3831,Berawan,wmo:3
jatinangor,"Jatinangor, Sumedang",2026-09-15,32.11.15.2002,Hegarmanah,kecamatan,yes,-6.938,107.7556,Asia/Jakarta,"BMKG representative point: Hegarmanah, Kecamatan Jatinangor",15-09-2026,GFS,Open-Meteo / NOAA GFS,16:00,2026-09-15 16:00:00,32.1,23.0,0.0,20.8,0.0,1.3831,Cerah Berawan,wmo:2
jatinangor,"Jatinangor, Sumedang",2026-09-15,32.11.15.2002,Hegarmanah,kecamatan,yes,-6.938,107.7556,Asia/Jakarta,"BMKG representative point: Hegarmanah, Kecamatan Jatinangor",15-09-2026,GFS,Open-Meteo / NOAA GFS,17:00,2026-09-15 17:00:00,27.9,44.0,0.0,19.3,0.0,1.3831,Berawan,wmo:3
jatinangor,"Jatinangor, Sumedang",2026-09-15,32.11.15.2002,Hegarmanah,kecamatan,yes,-6.938,107.7556,Asia/Jakarta,"BMKG representative point: Hegarmanah, Kecamatan Jatinangor",15-09-2026,GFS,Open-Meteo / NOAA GFS,18:00,2026-09-15 18:00:00,23.4,62.0,0.0,9.4,0.0,1.3831,Berawan,wmo:3
jatinangor,"Jatinangor, Sumedang",2026-09-15,32.11.15.2002,Hegarmanah,kecamatan,yes,-6.938,107.7556,Asia/Jakarta,"BMKG representative point: Hegarmanah, Kecamatan Jatinangor",15-09-2026,GFS,Open-Meteo / NOAA GFS,19:00,2026-09-15 19:00:00,21.5,70.0,0.0,6.6,0.0,1.3831,Cerah Berawan,wmo:2
jatinangor,"Jatinangor, Sumedang",2026-09-15,32.11.15.2002,Hegarmanah,kecamatan,yes,-6.938,107.7556,Asia/Jakarta,"BMKG representative point: Hegarmanah, Kecamatan Jatinangor",15-09-2026,GFS,Open-Meteo / NOAA GFS,20:00,2026-09-15 20:00:00,20.5,75.0,0.0,6.9,0.0,1.3831,Cerah Berawan,wmo:2
jatinangor,"Jatinangor, Sumedang",2026-09-15,32.11.15.2002,Hegarmanah,kecamatan,yes,-6.938,107.7556,Asia/Jakarta,"BMKG representative point: Hegarmanah, Kecamatan Jatinangor",15-09-2026,GFS,Open-Meteo / NOAA GFS,21:00,2026-09-15 21:00:00,20.4,77.0,0.0,6.1,0.0,1.3831,Berawan,wmo:3
jatinangor,"Jatinangor, Sumedang",2026-09-15,32.11.15.2002,Hegarmanah,kecamatan,yes,-6.938,107.7556,Asia/Jakarta,"BMKG representative point: Hegarmanah, Kecamatan Jatinangor",15-09-2026,GFS,Open-Meteo / NOAA GFS,22:00,2026-09-15 22:00:00,18.2,91.0,0.0,6.5,0.0,1.3831,Cerah Berawan,wmo:1
jatinangor,"Jatinangor, Sumedang",2026-09-15,32.11.15.2002,Hegarmanah,kecamatan,yes,-6.938,107.7556,Asia/Jakarta,"BMKG representative point: Hegarmanah, Kecamatan Jatinangor",15-09-2026,GFS,Open-Meteo / NOAA GFS,23:00,2026-09-15 23:00:00,17.6,95.0,0.0,5.8,0.0,1.3831,Berawan,wmo:3
jatinangor,"Jatinangor, Sumedang",2026-09-15,32.11.15.2002,Hegarmanah,kecamatan,yes,-6.938,107.7556,Asia/Jakarta,"BMKG representative point: Hegarmanah, Kecamatan Jatinangor",15-09-2026,ICON,Open-Meteo / DWD ICON,00:00,2026-09-15 00:00:00,16.3,76.0,0.0,5.2,0.0,1.4692,Cerah Berawan,wmo:1
jatinangor,"Jatinangor, Sumedang",2026-09-15,32.11.15.2002,Hegarmanah,kecamatan,yes,-6.938,107.7556,Asia/Jakarta,"BMKG representative point: Hegarmanah, Kecamatan Jatinangor",15-09-2026,ICON,Open-Meteo / DWD ICON,01:00,2026-09-15 01:00:00,15.7,78.0,0.0,4.9,0.0,1.4692,Cerah Berawan,wmo:1
jatinangor,"Jatinangor, Sumedang",2026-09-15,32.11.15.2002,Hegarmanah,kecamatan,yes,-6.938,107.7556,Asia/Jakarta,"BMKG representative point: Hegarmanah, Kecamatan Jatinangor",15-09-2026,ICON,Open-Meteo / DWD ICON,02:00,2026-09-15 02:00:00,15.2,80.0,0.0,4.7,0.0,1.4692,Cerah Berawan,wmo:1
jatinangor,"Jatinangor, Sumedang",2026-09-15,32.11.15.2002,Hegarmanah,kecamatan,yes,-6.938,107.7556,Asia/Jakarta,"BMKG representative point: Hegarmanah, Kecamatan Jatinangor",15-09-2026,ICON,Open-Meteo / DWD ICON,03:00,2026-09-15 03:00:00,14.9,82.0,0.0,4.2,0.0,1.4692,Cerah Berawan,wmo:1
jatinangor,"Jatinangor, Sumedang",2026-09-15,32.11.15.2002,Hegarmanah,kecamatan,yes,-6.938,107.7556,Asia/Jakarta,"BMKG representative point: Hegarmanah, Kecamatan Jatinangor",15-09-2026,ICON,Open-Meteo / DWD ICON,04:00,2026-09-15 04:00:00,14.7,85.0,0.0,4.2,0.0,1.4692,Cerah Berawan,wmo:1
jatinangor,"Jatinangor, Sumedang",2026-09-15,32.11.15.2002,Hegarmanah,kecamatan,yes,-6.938,107.7556,Asia/Jakarta,"BMKG representative point: Hegarmanah, Kecamatan Jatinangor",15-09-2026,ICON,Open-Meteo / DWD ICON,05:00,2026-09-15 05:00:00,14.5,86.0,0.0,4.0,0.0,1.4692,Cerah Berawan,wmo:1
jatinangor,"Jatinangor, Sumedang",2026-09-15,32.11.15.2002,Hegarmanah,kecamatan,yes,-6.938,107.7556,Asia/Jakarta,"BMKG representative point: Hegarmanah, Kecamatan Jatinangor",15-09-2026,ICON,Open-Meteo / DWD ICON,06:00,2026-09-15 06:00:00,14.4,88.0,0.0,4.2,0.0,1.4692,Cerah Berawan,wmo:1
jatinangor,"Jatinangor, Sumedang",2026-09-15,32.11.15.2002,Hegarmanah,kecamatan,yes,-6.938,107.7556,Asia/Jakarta,"BMKG representative point: Hegarmanah, Kecamatan Jatinangor",15-09-2026,ICON,Open-Meteo / DWD ICON,07:00,2026-09-15 07:00:00,17.1,82.0,0.0,2.6,0.0,1.4692,Cerah Berawan,wmo:1
jatinangor,"Jatinangor, Sumedang",2026-09-15,32.11.15.2002,Hegarmanah,kecamatan,yes,-6.938,107.7556,Asia/Jakarta,"BMKG representative point: Hegarmanah, Kecamatan Jatinangor",15-09-2026,ICON,Open-Meteo / DWD ICON,08:00,2026-09-15 08:00:00,22.2,64.0,0.0,4.4,0.0,1.4692,Cerah Berawan,wmo:1
jatinangor,"Jatinangor, Sumedang",2026-09-15,32.11.15.2002,Hegarmanah,kecamatan,yes,-6.938,107.7556,Asia/Jakarta,"BMKG representative point: Hegarmanah, Kecamatan Jatinangor",15-09-2026,ICON,Open-Meteo / DWD ICON,09:00,2026-09-15 09:00:00,25.4,54.0,0.0,9.0,0.0,1.4692,Cerah Berawan,wmo:1
jatinangor,"Jatinangor, Sumedang",2026-09-15,32.11.15.2002,Hegarmanah,kecamatan,yes,-6.938,107.7556,Asia/Jakarta,"BMKG representative point: Hegarmanah, Kecamatan Jatinangor",15-09-2026,ICON,Open-Meteo / DWD ICON,10:00,2026-09-15 10:00:00,27.8,45.0,0.0,12.7,0.0,1.4692,Cerah Berawan,wmo:1
jatinangor,"Jatinangor, Sumedang",2026-09-15,32.11.15.2002,Hegarmanah,kecamatan,yes,-6.938,107.7556,Asia/Jakarta,"BMKG representative point: Hegarmanah, Kecamatan Jatinangor",15-09-2026,ICON,Open-Meteo / DWD ICON,11:00,2026-09-15 11:00:00,29.6,37.0,0.0,13.0,0.0,1.4692,Cerah Berawan,wmo:1
jatinangor,"Jatinangor, Sumedang",2026-09-15,32.11.15.2002,Hegarmanah,kecamatan,yes,-6.938,107.7556,Asia/Jakarta,"BMKG representative point: Hegarmanah, Kecamatan Jatinangor",15-09-2026,ICON,Open-Meteo / DWD ICON,12:00,2026-09-15 12:00:00,30.9,34.0,0.0,11.9,0.0,1.4692,Cerah Berawan,wmo:1
jatinangor,"Jatinangor, Sumedang",2026-09-15,32.11.15.2002,Hegarmanah,kecamatan,yes,-6.938,107.7556,Asia/Jakarta,"BMKG representative point: Hegarmanah, Kecamatan Jatinangor",15-09-2026,ICON,Open-Meteo / DWD ICON,13:00,2026-09-15 13:00:00,31.9,29.0,0.0,10.5,0.0,1.4692,Cerah,wmo:0
jatinangor,"Jatinangor, Sumedang",2026-09-15,32.11.15.2002,Hegarmanah,kecamatan,yes,-6.938,107.7556,Asia/Jakarta,"BMKG representative point: Hegarmanah, Kecamatan Jatinangor",15-09-2026,ICON,Open-Meteo / DWD ICON,14:00,2026-09-15 14:00:00,32.2,28.0,0.0,10.2,0.0,1.4692,Cerah Berawan,wmo:1
jatinangor,"Jatinangor, Sumedang",2026-09-15,32.11.15.2002,Hegarmanah,kecamatan,yes,-6.938,107.7556,Asia/Jakarta,"BMKG representative point: Hegarmanah, Kecamatan Jatinangor",15-09-2026,ICON,Open-Meteo / DWD ICON,15:00,2026-09-15 15:00:00,31.8,29.0,0.0,11.2,0.0,1.4692,Cerah Berawan,wmo:1
jatinangor,"Jatinangor, Sumedang",2026-09-15,32.11.15.2002,Hegarmanah,kecamatan,yes,-6.938,107.7556,Asia/Jakarta,"BMKG representative point: Hegarmanah, Kecamatan Jatinangor",15-09-2026,ICON,Open-Meteo / DWD ICON,16:00,2026-09-15 16:00:00,30.9,32.0,0.0,12.6,0.0,1.4692,Cerah Berawan,wmo:1
jatinangor,"Jatinangor, Sumedang",2026-09-15,32.11.15.2002,Hegarmanah,kecamatan,yes,-6.938,107.7556,Asia/Jakarta,"BMKG representative point: Hegarmanah, Kecamatan Jatinangor",15-09-2026,ICON,Open-Meteo / DWD ICON,17:00,2026-09-15 17:00:00,29.4,36.0,0.0,12.6,0.0,1.4692,Cerah Berawan,wmo:2
jatinangor,"Jatinangor, Sumedang",2026-09-15,32.11.15.2002,Hegarmanah,kecamatan,yes,-6.938,107.7556,Asia/Jakarta,"BMKG representative point: Hegarmanah, Kecamatan Jatinangor",15-09-2026,ICON,Open-Meteo / DWD ICON,18:00,2026-09-15 18:00:00,26.5,48.0,0.0,11.9,0.0,1.4692,Cerah Berawan,wmo:1
jatinangor,"Jatinangor, Sumedang",2026-09-15,32.11.15.2002,Hegarmanah,kecamatan,yes,-6.938,107.7556,Asia/Jakarta,"BMKG representative point: Hegarmanah, Kecamatan Jatinangor",15-09-2026,ICON,Open-Meteo / DWD ICON,19:00,2026-09-15 19:00:00,24.3,61.0,0.0,8.3,0.0,1.4692,Cerah Berawan,wmo:1
jatinangor,"Jatinangor, Sumedang",2026-09-15,32.11.15.2002,Hegarmanah,kecamatan,yes,-6.938,107.7556,Asia/Jakarta,"BMKG representative point: Hegarmanah, Kecamatan Jatinangor",15-09-2026,ICON,Open-Meteo / DWD ICON,20:00,2026-09-15 20:00:00,22.9,70.0,0.0,7.8,0.0,1.4692,Cerah Berawan,wmo:1
jatinangor,"Jatinangor, Sumedang",2026-09-15,32.11.15.2002,Hegarmanah,kecamatan,yes,-6.938,107.7556,Asia/Jakarta,"BMKG representative point: Hegarmanah, Kecamatan Jatinangor",15-09-2026,ICON,Open-Meteo / DWD ICON,21:00,2026-09-15 21:00:00,22.0,76.0,0.0,7.4,0.0,1.4692,Cerah Berawan,wmo:1
jatinangor,"Jatinangor, Sumedang",2026-09-15,32.11.15.2002,Hegarmanah,kecamatan,yes,-6.938,107.7556,Asia/Jakarta,"BMKG representative point: Hegarmanah, Kecamatan Jatinangor",15-09-2026,ICON,Open-Meteo / DWD ICON,22:00,2026-09-15 22:00:00,21.1,77.0,0.0,7.0,0.0,1.4692,Cerah Berawan,wmo:1
jatinangor,"Jatinangor, Sumedang",2026-09-15,32.11.15.2002,Hegarmanah,kecamatan,yes,-6.938,107.7556,Asia/Jakarta,"BMKG representative point: Hegarmanah, Kecamatan Jatinangor",15-09-2026,ICON,Open-Meteo / DWD ICON,23:00,2026-09-15 23:00:00,20.2,78.0,0.0,6.0,0.0,1.4692,Cerah,wmo:0
jatinangor,"Jatinangor, Sumedang",2026-09-15,32.11.15.2002,Hegarmanah,kecamatan,yes,-6.938,107.7556,Asia/Jakarta,"BMKG representative point: Hegarmanah, Kecamatan Jatinangor",15-09-2026,KMA,Open-Meteo / KMA,00:00,2026-09-15 00:00:00,,,,,0.0,0.544,Berawan,wmo:None
jatinangor,"Jatinangor, Sumedang",2026-09-15,32.11.15.2002,Hegarmanah,kecamatan,yes,-6.938,107.7556,Asia/Jakarta,"BMKG representative point: Hegarmanah, Kecamatan Jatinangor",15-09-2026,KMA,Open-Meteo / KMA,01:00,2026-09-15 01:00:00,,,,,0.0,0.544,Berawan,wmo:None
jatinangor,"Jatinangor, Sumedang",2026-09-15,32.11.15.2002,Hegarmanah,kecamatan,yes,-6.938,107.7556,Asia/Jakarta,"BMKG representative point: Hegarmanah, Kecamatan Jatinangor",15-09-2026,KMA,Open-Meteo / KMA,02:00,2026-09-15 02:00:00,,,,,0.0,0.544,Berawan,wmo:None
jatinangor,"Jatinangor, Sumedang",2026-09-15,32.11.15.2002,Hegarmanah,kecamatan,yes,-6.938,107.7556,Asia/Jakarta,"BMKG representative point: Hegarmanah, Kecamatan Jatinangor",15-09-2026,KMA,Open-Meteo / KMA,03:00,2026-09-15 03:00:00,,,,,0.0,0.544,Berawan,wmo:None
jatinangor,"Jatinangor, Sumedang",2026-09-15,32.11.15.2002,Hegarmanah,kecamatan,yes,-6.938,107.7556,Asia/Jakarta,"BMKG representative point: Hegarmanah, Kecamatan Jatinangor",15-09-2026,KMA,Open-Meteo / KMA,04:00,2026-09-15 04:00:00,,,,,0.0,0.544,Berawan,wmo:None
jatinangor,"Jatinangor, Sumedang",2026-09-15,32.11.15.2002,Hegarmanah,kecamatan,yes,-6.938,107.7556,Asia/Jakarta,"BMKG representative point: Hegarmanah, Kecamatan Jatinangor",15-09-2026,KMA,Open-Meteo / KMA,05:00,2026-09-15 05:00:00,,,,,0.0,0.544,Berawan,wmo:None
jatinangor,"Jatinangor, Sumedang",2026-09-15,32.11.15.2002,Hegarmanah,kecamatan,yes,-6.938,107.7556,Asia/Jakarta,"BMKG representative point: Hegarmanah, Kecamatan Jatinangor",15-09-2026,KMA,Open-Meteo / KMA,06:00,2026-09-15 06:00:00,,,,,0.0,0.544,Berawan,wmo:None
jatinangor,"Jatinangor, Sumedang",2026-09-15,32.11.15.2002,Hegarmanah,kecamatan,yes,-6.938,107.7556,Asia/Jakarta,"BMKG representative point: Hegarmanah, Kecamatan Jatinangor",15-09-2026,KMA,Open-Meteo / KMA,07:00,2026-09-15 07:00:00,,,,,0.0,0.544,Berawan,wmo:None
jatinangor,"Jatinangor, Sumedang",2026-09-15,32.11.15.2002,Hegarmanah,kecamatan,yes,-6.938,107.7556,Asia/Jakarta,"BMKG representative point: Hegarmanah, Kecamatan Jatinangor",15-09-2026,KMA,Open-Meteo / KMA,08:00,2026-09-15 08:00:00,,,,,0.0,0.544,Berawan,wmo:None
jatinangor,"Jatinangor, Sumedang",2026-09-15,32.11.15.2002,Hegarmanah,kecamatan,yes,-6.938,107.7556,Asia/Jakarta,"BMKG representative point: Hegarmanah, Kecamatan Jatinangor",15-09-2026,KMA,Open-Meteo / KMA,09:00,2026-09-15 09:00:00,,,,,0.0,0.544,Berawan,wmo:None
jatinangor,"Jatinangor, Sumedang",2026-09-15,32.11.15.2002,Hegarmanah,kecamatan,yes,-6.938,107.7556,Asia/Jakarta,"BMKG representative point: Hegarmanah, Kecamatan Jatinangor",15-09-2026,KMA,Open-Meteo / KMA,10:00,2026-09-15 10:00:00,,,,,0.0,0.544,Berawan,wmo:None
jatinangor,"Jatinangor, Sumedang",2026-09-15,32.11.15.2002,Hegarmanah,kecamatan,yes,-6.938,107.7556,Asia/Jakarta,"BMKG representative point: Hegarmanah, Kecamatan Jatinangor",15-09-2026,KMA,Open-Meteo / KMA,11:00,2026-09-15 11:00:00,,,,,0.0,0.544,Berawan,wmo:None
jatinangor,"Jatinangor, Sumedang",2026-09-15,32.11.15.2002,Hegarmanah,kecamatan,yes,-6.938,107.7556,Asia/Jakarta,"BMKG representative point: Hegarmanah, Kecamatan Jatinangor",15-09-2026,KMA,Open-Meteo / KMA,12:00,2026-09-15 12:00:00,,,,,0.0,0.544,Berawan,wmo:None
jatinangor,"Jatinangor, Sumedang",2026-09-15,32.11.15.2002,Hegarmanah,kecamatan,yes,-6.938,107.7556,Asia/Jakarta,"BMKG representative point: Hegarmanah, Kecamatan Jatinangor",15-09-2026,KMA,Open-Meteo / KMA,13:00,2026-09-15 13:00:00,,,,,0.0,0.544,Berawan,wmo:None
jatinangor,"Jatinangor, Sumedang",2026-09-15,32.11.15.2002,Hegarmanah,kecamatan,yes,-6.938,107.7556,Asia/Jakarta,"BMKG representative point: Hegarmanah, Kecamatan Jatinangor",15-09-2026,KMA,Open-Meteo / KMA,14:00,2026-09-15 14:00:00,,,,,0.0,0.544,Berawan,wmo:None
jatinangor,"Jatinangor, Sumedang",2026-09-15,32.11.15.2002,Hegarmanah,kecamatan,yes,-6.938,107.7556,Asia/Jakarta,"BMKG representative point: Hegarmanah, Kecamatan Jatinangor",15-09-2026,KMA,Open-Meteo / KMA,15:00,2026-09-15 15:00:00,,,,,0.0,0.544,Berawan,wmo:None
jatinangor,"Jatinangor, Sumedang",2026-09-15,32.11.15.2002,Hegarmanah,kecamatan,yes,-6.938,107.7556,Asia/Jakarta,"BMKG representative point: Hegarmanah, Kecamatan Jatinangor",15-09-2026,KMA,Open-Meteo / KMA,16:00,2026-09-15 16:00:00,,,,,0.0,0.544,Berawan,wmo:None
jatinangor,"Jatinangor, Sumedang",2026-09-15,32.11.15.2002,Hegarmanah,kecamatan,yes,-6.938,107.7556,Asia/Jakarta,"BMKG representative point: Hegarmanah, Kecamatan Jatinangor",15-09-2026,KMA,Open-Meteo / KMA,17:00,2026-09-15 17:00:00,,,,,0.0,0.544,Berawan,wmo:None
jatinangor,"Jatinangor, Sumedang",2026-09-15,32.11.15.2002,Hegarmanah,kecamatan,yes,-6.938,107.7556,Asia/Jakarta,"BMKG representative point: Hegarmanah, Kecamatan Jatinangor",15-09-2026,KMA,Open-Meteo / KMA,18:00,2026-09-15 18:00:00,,,,,0.0,0.544,Berawan,wmo:None
jatinangor,"Jatinangor, Sumedang",2026-09-15,32.11.15.2002,Hegarmanah,kecamatan,yes,-6.938,107.7556,Asia/Jakarta,"BMKG representative point: Hegarmanah, Kecamatan Jatinangor",15-09-2026,KMA,Open-Meteo / KMA,19:00,2026-09-15 19:00:00,,,,,0.0,0.544,Berawan,wmo:None
jatinangor,"Jatinangor, Sumedang",2026-09-15,32.11.15.2002,Hegarmanah,kecamatan,yes,-6.938,107.7556,Asia/Jakarta,"BMKG representative point: Hegarmanah, Kecamatan Jatinangor",15-09-2026,KMA,Open-Meteo / KMA,20:00,2026-09-15 20:00:00,,,,,0.0,0.544,Berawan,wmo:None
jatinangor,"Jatinangor, Sumedang",2026-09-15,32.11.15.2002,Hegarmanah,kecamatan,yes,-6.938,107.7556,Asia/Jakarta,"BMKG representative point: Hegarmanah, Kecamatan Jatinangor",15-09-2026,KMA,Open-Meteo / KMA,21:00,2026-09-15 21:00:00,,,,,0.0,0.544,Berawan,wmo:None
jatinangor,"Jatinangor, Sumedang",2026-09-15,32.11.15.2002,Hegarmanah,kecamatan,yes,-6.938,107.7556,Asia/Jakarta,"BMKG representative point: Hegarmanah, Kecamatan Jatinangor",15-09-2026,KMA,Open-Meteo / KMA,22:00,2026-09-15 22:00:00,,,,,0.0,0.544,Berawan,wmo:None
jatinangor,"Jatinangor, Sumedang",2026-09-15,32.11.15.2002,Hegarmanah,kecamatan,yes,-6.938,107.7556,Asia/Jakarta,"BMKG representative point: Hegarmanah, Kecamatan Jatinangor",15-09-2026,KMA,Open-Meteo / KMA,23:00,2026-09-15 23:00:00,,,,,0.0,0.544,Berawan,wmo:None
jatinangor,"Jatinangor, Sumedang",2026-09-15,32.11.15.2002,Hegarmanah,kecamatan,yes,-6.938,107.7556,Asia/Jakarta,"BMKG representative point: Hegarmanah, Kecamatan Jatinangor",15-09-2026,METEOFRANCE,Open-Meteo / Meteo-France,00:00,2026-09-15 00:00:00,24.0,54.0,0.0,3.8,0.0,1.4583,Cerah Berawan,wmo:2
jatinangor,"Jatinangor, Sumedang",2026-09-15,32.11.15.2002,Hegarmanah,kecamatan,yes,-6.938,107.7556,Asia/Jakarta,"BMKG representative point: Hegarmanah, Kecamatan Jatinangor",15-09-2026,METEOFRANCE,Open-Meteo / Meteo-France,01:00,2026-09-15 01:00:00,23.4,56.0,0.0,4.1,0.0,1.4583,Cerah Berawan,wmo:2
jatinangor,"Jatinangor, Sumedang",2026-09-15,32.11.15.2002,Hegarmanah,kecamatan,yes,-6.938,107.7556,Asia/Jakarta,"BMKG representative point: Hegarmanah, Kecamatan Jatinangor",15-09-2026,METEOFRANCE,Open-Meteo / Meteo-France,02:00,2026-09-15 02:00:00,22.8,57.0,0.0,4.9,0.0,1.4583,Cerah Berawan,wmo:2
jatinangor,"Jatinangor, Sumedang",2026-09-15,32.11.15.2002,Hegarmanah,kecamatan,yes,-6.938,107.7556,Asia/Jakarta,"BMKG representative point: Hegarmanah, Kecamatan Jatinangor",15-09-2026,METEOFRANCE,Open-Meteo / Meteo-France,03:00,2026-09-15 03:00:00,22.4,58.0,0.0,5.2,0.0,1.4583,Cerah Berawan,wmo:2
jatinangor,"Jatinangor, Sumedang",2026-09-15,32.11.15.2002,Hegarmanah,kecamatan,yes,-6.938,107.7556,Asia/Jakarta,"BMKG representative point: Hegarmanah, Kecamatan Jatinangor",15-09-2026,METEOFRANCE,Open-Meteo / Meteo-France,04:00,2026-09-15 04:00:00,21.9,60.0,0.0,5.8,0.0,1.4583,Berawan,wmo:3
jatinangor,"Jatinangor, Sumedang",2026-09-15,32.11.15.2002,Hegarmanah,kecamatan,yes,-6.938,107.7556,Asia/Jakarta,"BMKG representative point: Hegarmanah, Kecamatan Jatinangor",15-09-2026,METEOFRANCE,Open-Meteo / Meteo-France,05:00,2026-09-15 05:00:00,21.6,64.0,0.0,6.2,0.0,1.4583,Berawan,wmo:3
jatinangor,"Jatinangor, Sumedang",2026-09-15,32.11.15.2002,Hegarmanah,kecamatan,yes,-6.938,107.7556,Asia/Jakarta,"BMKG representative point: Hegarmanah, Kecamatan Jatinangor",15-09-2026,METEOFRANCE,Open-Meteo / Meteo-France,06:00,2026-09-15 06:00:00,21.2,67.0,0.0,6.9,0.0,1.4583,Berawan,wmo:3
jatinangor,"Jatinangor, Sumedang",2026-09-15,32.11.15.2002,Hegarmanah,kecamatan,yes,-6.938,107.7556,Asia/Jakarta,"BMKG representative point: Hegarmanah, Kecamatan Jatinangor",15-09-2026,METEOFRANCE,Open-Meteo / Meteo-France,07:00,2026-09-15 07:00:00,22.7,63.0,0.0,7.3,0.0,1.4583,Cerah Berawan,wmo:2
jatinangor,"Jatinangor, Sumedang",2026-09-15,32.11.15.2002,Hegarmanah,kecamatan,yes,-6.938,107.7556,Asia/Jakarta,"BMKG representative point: Hegarmanah, Kecamatan Jatinangor",15-09-2026,METEOFRANCE,Open-Meteo / Meteo-France,08:00,2026-09-15 08:00:00,24.7,56.0,0.0,7.2,0.0,1.4583,Cerah Berawan,wmo:2
jatinangor,"Jatinangor, Sumedang",2026-09-15,32.11.15.2002,Hegarmanah,kecamatan,yes,-6.938,107.7556,Asia/Jakarta,"BMKG representative point: Hegarmanah, Kecamatan Jatinangor",15-09-2026,METEOFRANCE,Open-Meteo / Meteo-France,09:00,2026-09-15 09:00:00,27.4,48.0,0.0,7.7,0.0,1.4583,Cerah Berawan,wmo:2
jatinangor,"Jatinangor, Sumedang",2026-09-15,32.11.15.2002,Hegarmanah,kecamatan,yes,-6.938,107.7556,Asia/Jakarta,"BMKG representative point: Hegarmanah, Kecamatan Jatinangor",15-09-2026,METEOFRANCE,Open-Meteo / Meteo-France,10:00,2026-09-15 10:00:00,29.6,42.0,0.0,7.6,0.0,1.4583,Cerah Berawan,wmo:2
jatinangor,"Jatinangor, Sumedang",2026-09-15,32.11.15.2002,Hegarmanah,kecamatan,yes,-6.938,107.7556,Asia/Jakarta,"BMKG representative point: Hegarmanah, Kecamatan Jatinangor",15-09-2026,METEOFRANCE,Open-Meteo / Meteo-France,11:00,2026-09-15 11:00:00,31.5,35.0,0.0,7.6,0.0,1.4583,Cerah Berawan,wmo:2
jatinangor,"Jatinangor, Sumedang",2026-09-15,32.11.15.2002,Hegarmanah,kecamatan,yes,-6.938,107.7556,Asia/Jakarta,"BMKG representative point: Hegarmanah, Kecamatan Jatinangor",15-09-2026,METEOFRANCE,Open-Meteo / Meteo-France,12:00,2026-09-15 12:00:00,33.1,31.0,0.0,8.3,0.0,1.4583,Berawan,wmo:3
jatinangor,"Jatinangor, Sumedang",2026-09-15,32.11.15.2002,Hegarmanah,kecamatan,yes,-6.938,107.7556,Asia/Jakarta,"BMKG representative point: Hegarmanah, Kecamatan Jatinangor",15-09-2026,METEOFRANCE,Open-Meteo / Meteo-France,13:00,2026-09-15 13:00:00,34.3,28.0,0.0,9.2,0.0,1.4583,Berawan,wmo:3
jatinangor,"Jatinangor, Sumedang",2026-09-15,32.11.15.2002,Hegarmanah,kecamatan,yes,-6.938,107.7556,Asia/Jakarta,"BMKG representative point: Hegarmanah, Kecamatan Jatinangor",15-09-2026,METEOFRANCE,Open-Meteo / Meteo-France,14:00,2026-09-15 14:00:00,34.7,27.0,0.0,9.7,0.0,1.4583,Berawan,wmo:3
jatinangor,"Jatinangor, Sumedang",2026-09-15,32.11.15.2002,Hegarmanah,kecamatan,yes,-6.938,107.7556,Asia/Jakarta,"BMKG representative point: Hegarmanah, Kecamatan Jatinangor",15-09-2026,METEOFRANCE,Open-Meteo / Meteo-France,15:00,2026-09-15 15:00:00,34.5,28.0,0.0,10.0,0.0,1.4583,Berawan,wmo:3
jatinangor,"Jatinangor, Sumedang",2026-09-15,32.11.15.2002,Hegarmanah,kecamatan,yes,-6.938,107.7556,Asia/Jakarta,"BMKG representative point: Hegarmanah, Kecamatan Jatinangor",15-09-2026,METEOFRANCE,Open-Meteo / Meteo-France,16:00,2026-09-15 16:00:00,33.8,31.0,0.0,10.7,0.0,1.4583,Cerah Berawan,wmo:2
jatinangor,"Jatinangor, Sumedang",2026-09-15,32.11.15.2002,Hegarmanah,kecamatan,yes,-6.938,107.7556,Asia/Jakarta,"BMKG representative point: Hegarmanah, Kecamatan Jatinangor",15-09-2026,METEOFRANCE,Open-Meteo / Meteo-France,17:00,2026-09-15 17:00:00,32.3,37.0,0.0,11.4,0.0,1.4583,Cerah Berawan,wmo:2
jatinangor,"Jatinangor, Sumedang",2026-09-15,32.11.15.2002,Hegarmanah,kecamatan,yes,-6.938,107.7556,Asia/Jakarta,"BMKG representative point: Hegarmanah, Kecamatan Jatinangor",15-09-2026,METEOFRANCE,Open-Meteo / Meteo-France,18:00,2026-09-15 18:00:00,30.4,45.0,0.0,12.0,0.0,1.4583,Cerah Berawan,wmo:2
jatinangor,"Jatinangor, Sumedang",2026-09-15,32.11.15.2002,Hegarmanah,kecamatan,yes,-6.938,107.7556,Asia/Jakarta,"BMKG representative point: Hegarmanah, Kecamatan Jatinangor",15-09-2026,METEOFRANCE,Open-Meteo / Meteo-France,19:00,2026-09-15 19:00:00,28.7,53.0,0.0,11.5,0.0,1.4583,Cerah Berawan,wmo:2
jatinangor,"Jatinangor, Sumedang",2026-09-15,32.11.15.2002,Hegarmanah,kecamatan,yes,-6.938,107.7556,Asia/Jakarta,"BMKG representative point: Hegarmanah, Kecamatan Jatinangor",15-09-2026,METEOFRANCE,Open-Meteo / Meteo-France,20:00,2026-09-15 20:00:00,27.4,61.0,0.0,8.4,0.0,1.4583,Cerah Berawan,wmo:2
jatinangor,"Jatinangor, Sumedang",2026-09-15,32.11.15.2002,Hegarmanah,kecamatan,yes,-6.938,107.7556,Asia/Jakarta,"BMKG representative point: Hegarmanah, Kecamatan Jatinangor",15-09-2026,METEOFRANCE,Open-Meteo / Meteo-France,21:00,2026-09-15 21:00:00,26.3,70.0,0.0,4.7,0.0,1.4583,Cerah Berawan,wmo:1
jatinangor,"Jatinangor, Sumedang",2026-09-15,32.11.15.2002,Hegarmanah,kecamatan,yes,-6.938,107.7556,Asia/Jakarta,"BMKG representative point: Hegarmanah, Kecamatan Jatinangor",15-09-2026,METEOFRANCE,Open-Meteo / Meteo-France,22:00,2026-09-15 22:00:00,25.4,76.0,0.0,2.7,0.0,1.4583,Cerah Berawan,wmo:1
jatinangor,"Jatinangor, Sumedang",2026-09-15,32.11.15.2002,Hegarmanah,kecamatan,yes,-6.938,107.7556,Asia/Jakarta,"BMKG representative point: Hegarmanah, Kecamatan Jatinangor",15-09-2026,METEOFRANCE,Open-Meteo / Meteo-France,23:00,2026-09-15 23:00:00,24.9,79.0,0.0,2.4,0.0,1.4583,Cerah Berawan,wmo:1
jatinangor,"Jatinangor, Sumedang",2026-09-15,32.11.15.2002,Hegarmanah,kecamatan,yes,-6.938,107.7556,Asia/Jakarta,"BMKG representative point: Hegarmanah, Kecamatan Jatinangor",15-09-2026,METNO,MET Norway,00:00,2026-09-15 00:00:00,16.6,96.0,0.0,11.16,0.0,1.3594,Berawan,fog
jatinangor,"Jatinangor, Sumedang",2026-09-15,32.11.15.2002,Hegarmanah,kecamatan,yes,-6.938,107.7556,Asia/Jakarta,"BMKG representative point: Hegarmanah, Kecamatan Jatinangor",15-09-2026,METNO,MET Norway,01:00,2026-09-15 01:00:00,16.2,96.5,0.0,11.16,0.0,1.3594,Berawan,fog
jatinangor,"Jatinangor, Sumedang",2026-09-15,32.11.15.2002,Hegarmanah,kecamatan,yes,-6.938,107.7556,Asia/Jakarta,"BMKG representative point: Hegarmanah, Kecamatan Jatinangor",15-09-2026,METNO,MET Norway,02:00,2026-09-15 02:00:00,16.1,97.7,0.0,11.16,0.0,1.3594,Berawan,fog
jatinangor,"Jatinangor, Sumedang",2026-09-15,32.11.15.2002,Hegarmanah,kecamatan,yes,-6.938,107.7556,Asia/Jakarta,"BMKG representative point: Hegarmanah, Kecamatan Jatinangor",15-09-2026,METNO,MET Norway,03:00,2026-09-15 03:00:00,15.9,98.0,0.0,10.8,0.0,1.3594,Berawan,fog
jatinangor,"Jatinangor, Sumedang",2026-09-15,32.11.15.2002,Hegarmanah,kecamatan,yes,-6.938,107.7556,Asia/Jakarta,"BMKG representative point: Hegarmanah, Kecamatan Jatinangor",15-09-2026,METNO,MET Norway,04:00,2026-09-15 04:00:00,15.6,99.1,0.0,10.8,0.0,1.3594,Berawan,fog
jatinangor,"Jatinangor, Sumedang",2026-09-15,32.11.15.2002,Hegarmanah,kecamatan,yes,-6.938,107.7556,Asia/Jakarta,"BMKG representative point: Hegarmanah, Kecamatan Jatinangor",15-09-2026,METNO,MET Norway,05:00,2026-09-15 05:00:00,15.4,99.3,0.0,10.44,0.0,1.3594,Berawan,fog
jatinangor,"Jatinangor, Sumedang",2026-09-15,32.11.15.2002,Hegarmanah,kecamatan,yes,-6.938,107.7556,Asia/Jakarta,"BMKG representative point: Hegarmanah, Kecamatan Jatinangor",15-09-2026,METNO,MET Norway,06:00,2026-09-15 06:00:00,15.4,98.3,0.0,10.8,0.0,1.3594,Berawan,fog
jatinangor,"Jatinangor, Sumedang",2026-09-15,32.11.15.2002,Hegarmanah,kecamatan,yes,-6.938,107.7556,Asia/Jakarta,"BMKG representative point: Hegarmanah, Kecamatan Jatinangor",15-09-2026,METNO,MET Norway,07:00,2026-09-15 07:00:00,17.2,96.1,0.0,9.36,0.0,1.3594,Berawan,fog
jatinangor,"Jatinangor, Sumedang",2026-09-15,32.11.15.2002,Hegarmanah,kecamatan,yes,-6.938,107.7556,Asia/Jakarta,"BMKG representative point: Hegarmanah, Kecamatan Jatinangor",15-09-2026,METNO,MET Norway,08:00,2026-09-15 08:00:00,20.7,81.0,0.0,7.2,0.0,1.3594,Cerah Berawan,partlycloudy_day
jatinangor,"Jatinangor, Sumedang",2026-09-15,32.11.15.2002,Hegarmanah,kecamatan,yes,-6.938,107.7556,Asia/Jakarta,"BMKG representative point: Hegarmanah, Kecamatan Jatinangor",15-09-2026,METNO,MET Norway,09:00,2026-09-15 09:00:00,24.2,58.1,0.0,9.36,0.0,1.3594,Cerah Berawan,partlycloudy_day
jatinangor,"Jatinangor, Sumedang",2026-09-15,32.11.15.2002,Hegarmanah,kecamatan,yes,-6.938,107.7556,Asia/Jakarta,"BMKG representative point: Hegarmanah, Kecamatan Jatinangor",15-09-2026,METNO,MET Norway,10:00,2026-09-15 10:00:00,26.6,44.8,0.0,10.8,0.0,1.3594,Cerah Berawan,partlycloudy_day
jatinangor,"Jatinangor, Sumedang",2026-09-15,32.11.15.2002,Hegarmanah,kecamatan,yes,-6.938,107.7556,Asia/Jakarta,"BMKG representative point: Hegarmanah, Kecamatan Jatinangor",15-09-2026,METNO,MET Norway,11:00,2026-09-15 11:00:00,28.3,37.9,0.0,10.8,0.0,1.3594,Cerah Berawan,partlycloudy_day
jatinangor,"Jatinangor, Sumedang",2026-09-15,32.11.15.2002,Hegarmanah,kecamatan,yes,-6.938,107.7556,Asia/Jakarta,"BMKG representative point: Hegarmanah, Kecamatan Jatinangor",15-09-2026,METNO,MET Norway,12:00,2026-09-15 12:00:00,29.3,34.7,0.0,9.72,0.0,1.3594,Cerah Berawan,partlycloudy_day
jatinangor,"Jatinangor, Sumedang",2026-09-15,32.11.15.2002,Hegarmanah,kecamatan,yes,-6.938,107.7556,Asia/Jakarta,"BMKG representative point: Hegarmanah, Kecamatan Jatinangor",15-09-2026,METNO,MET Norway,13:00,2026-09-15 13:00:00,29.9,32.5,0.0,10.44,0.0,1.3594,Cerah Berawan,partlycloudy_day
jatinangor,"Jatinangor, Sumedang",2026-09-15,32.11.15.2002,Hegarmanah,kecamatan,yes,-6.938,107.7556,Asia/Jakarta,"BMKG representative point: Hegarmanah, Kecamatan Jatinangor",15-09-2026,METNO,MET Norway,14:00,2026-09-15 14:00:00,30.4,31.3,0.0,11.88,0.0,1.3594,Berawan,cloudy
jatinangor,"Jatinangor, Sumedang",2026-09-15,32.11.15.2002,Hegarmanah,kecamatan,yes,-6.938,107.7556,Asia/Jakarta,"BMKG representative point: Hegarmanah, Kecamatan Jatinangor",15-09-2026,METNO,MET Norway,15:00,2026-09-15 15:00:00,30.2,32.0,0.0,11.88,0.0,1.3594,Berawan,cloudy
jatinangor,"Jatinangor, Sumedang",2026-09-15,32.11.15.2002,Hegarmanah,kecamatan,yes,-6.938,107.7556,Asia/Jakarta,"BMKG representative point: Hegarmanah, Kecamatan Jatinangor",15-09-2026,METNO,MET Norway,16:00,2026-09-15 16:00:00,28.9,35.3,0.0,12.6,0.0,1.3594,Berawan,cloudy
jatinangor,"Jatinangor, Sumedang",2026-09-15,32.11.15.2002,Hegarmanah,kecamatan,yes,-6.938,107.7556,Asia/Jakarta,"BMKG representative point: Hegarmanah, Kecamatan Jatinangor",15-09-2026,METNO,MET Norway,17:00,2026-09-15 17:00:00,27.1,42.1,0.0,11.88,0.0,1.3594,Cerah Berawan,partlycloudy_day
jatinangor,"Jatinangor, Sumedang",2026-09-15,32.11.15.2002,Hegarmanah,kecamatan,yes,-6.938,107.7556,Asia/Jakarta,"BMKG representative point: Hegarmanah, Kecamatan Jatinangor",15-09-2026,METNO,MET Norway,18:00,2026-09-15 18:00:00,24.5,55.7,0.0,15.48,0.0,1.3594,Cerah Berawan,fair_night
jatinangor,"Jatinangor, Sumedang",2026-09-15,32.11.15.2002,Hegarmanah,kecamatan,yes,-6.938,107.7556,Asia/Jakarta,"BMKG representative point: Hegarmanah, Kecamatan Jatinangor",15-09-2026,METNO,MET Norway,19:00,2026-09-15 19:00:00,22.5,66.5,0.0,10.44,0.0,1.3594,Cerah Berawan,fair_night
jatinangor,"Jatinangor, Sumedang",2026-09-15,32.11.15.2002,Hegarmanah,kecamatan,yes,-6.938,107.7556,Asia/Jakarta,"BMKG representative point: Hegarmanah, Kecamatan Jatinangor",15-09-2026,METNO,MET Norway,20:00,2026-09-15 20:00:00,21.4,72.8,0.0,9.36,0.0,1.3594,Cerah Berawan,fair_night
jatinangor,"Jatinangor, Sumedang",2026-09-15,32.11.15.2002,Hegarmanah,kecamatan,yes,-6.938,107.7556,Asia/Jakarta,"BMKG representative point: Hegarmanah, Kecamatan Jatinangor",15-09-2026,METNO,MET Norway,21:00,2026-09-15 21:00:00,20.2,84.2,0.0,10.08,0.0,1.3594,Cerah,clearsky_night
jatinangor,"Jatinangor, Sumedang",2026-09-15,32.11.15.2002,Hegarmanah,kecamatan,yes,-6.938,107.7556,Asia/Jakarta,"BMKG representative point: Hegarmanah, Kecamatan Jatinangor",15-09-2026,METNO,MET Norway,22:00,2026-09-15 22:00:00,19.1,91.1,0.0,8.64,0.0,1.3594,Cerah,clearsky_night
jatinangor,"Jatinangor, Sumedang",2026-09-15,32.11.15.2002,Hegarmanah,kecamatan,yes,-6.938,107.7556,Asia/Jakarta,"BMKG representative point: Hegarmanah, Kecamatan Jatinangor",15-09-2026,METNO,MET Norway,23:00,2026-09-15 23:00:00,18.6,93.8,0.0,9.72,0.0,1.3594,Cerah,clearsky_night
jatinangor,"Jatinangor, Sumedang",2026-09-15,32.11.15.2002,Hegarmanah,kecamatan,yes,-6.938,107.7556,Asia/Jakarta,"BMKG representative point: Hegarmanah, Kecamatan Jatinangor",15-09-2026,UKMO,Open-Meteo / UK Met Office,00:00,2026-09-15 00:00:00,16.0,91.0,0.0,3.2,0.0,1.3152,Cerah,wmo:0
jatinangor,"Jatinangor, Sumedang",2026-09-15,32.11.15.2002,Hegarmanah,kecamatan,yes,-6.938,107.7556,Asia/Jakarta,"BMKG representative point: Hegarmanah, Kecamatan Jatinangor",15-09-2026,UKMO,Open-Meteo / UK Met Office,01:00,2026-09-15 01:00:00,14.9,88.0,0.0,4.0,0.0,1.3152,Cerah,wmo:0
jatinangor,"Jatinangor, Sumedang",2026-09-15,32.11.15.2002,Hegarmanah,kecamatan,yes,-6.938,107.7556,Asia/Jakarta,"BMKG representative point: Hegarmanah, Kecamatan Jatinangor",15-09-2026,UKMO,Open-Meteo / UK Met Office,02:00,2026-09-15 02:00:00,13.9,88.0,0.0,4.0,0.0,1.3152,Cerah,wmo:0
jatinangor,"Jatinangor, Sumedang",2026-09-15,32.11.15.2002,Hegarmanah,kecamatan,yes,-6.938,107.7556,Asia/Jakarta,"BMKG representative point: Hegarmanah, Kecamatan Jatinangor",15-09-2026,UKMO,Open-Meteo / UK Met Office,03:00,2026-09-15 03:00:00,13.2,89.0,0.0,3.6,0.0,1.3152,Cerah,wmo:0
jatinangor,"Jatinangor, Sumedang",2026-09-15,32.11.15.2002,Hegarmanah,kecamatan,yes,-6.938,107.7556,Asia/Jakarta,"BMKG representative point: Hegarmanah, Kecamatan Jatinangor",15-09-2026,UKMO,Open-Meteo / UK Met Office,04:00,2026-09-15 04:00:00,12.9,87.0,0.0,4.0,0.0,1.3152,Cerah,wmo:0
jatinangor,"Jatinangor, Sumedang",2026-09-15,32.11.15.2002,Hegarmanah,kecamatan,yes,-6.938,107.7556,Asia/Jakarta,"BMKG representative point: Hegarmanah, Kecamatan Jatinangor",15-09-2026,UKMO,Open-Meteo / UK Met Office,05:00,2026-09-15 05:00:00,12.4,88.0,0.0,4.0,0.0,1.3152,Cerah,wmo:0
jatinangor,"Jatinangor, Sumedang",2026-09-15,32.11.15.2002,Hegarmanah,kecamatan,yes,-6.938,107.7556,Asia/Jakarta,"BMKG representative point: Hegarmanah, Kecamatan Jatinangor",15-09-2026,UKMO,Open-Meteo / UK Met Office,06:00,2026-09-15 06:00:00,12.6,90.0,0.0,4.3,0.0,1.3152,Cerah,wmo:0
jatinangor,"Jatinangor, Sumedang",2026-09-15,32.11.15.2002,Hegarmanah,kecamatan,yes,-6.938,107.7556,Asia/Jakarta,"BMKG representative point: Hegarmanah, Kecamatan Jatinangor",15-09-2026,UKMO,Open-Meteo / UK Met Office,07:00,2026-09-15 07:00:00,17.4,71.0,0.0,2.9,0.0,1.3152,Cerah,wmo:0
jatinangor,"Jatinangor, Sumedang",2026-09-15,32.11.15.2002,Hegarmanah,kecamatan,yes,-6.938,107.7556,Asia/Jakarta,"BMKG representative point: Hegarmanah, Kecamatan Jatinangor",15-09-2026,UKMO,Open-Meteo / UK Met Office,08:00,2026-09-15 08:00:00,21.7,62.0,0.0,3.6,0.0,1.3152,Cerah,wmo:0
jatinangor,"Jatinangor, Sumedang",2026-09-15,32.11.15.2002,Hegarmanah,kecamatan,yes,-6.938,107.7556,Asia/Jakarta,"BMKG representative point: Hegarmanah, Kecamatan Jatinangor",15-09-2026,UKMO,Open-Meteo / UK Met Office,09:00,2026-09-15 09:00:00,24.3,42.0,0.0,6.1,0.0,1.3152,Cerah,wmo:0
jatinangor,"Jatinangor, Sumedang",2026-09-15,32.11.15.2002,Hegarmanah,kecamatan,yes,-6.938,107.7556,Asia/Jakarta,"BMKG representative point: Hegarmanah, Kecamatan Jatinangor",15-09-2026,UKMO,Open-Meteo / UK Met Office,10:00,2026-09-15 10:00:00,26.5,34.0,0.0,11.2,0.0,1.3152,Cerah,wmo:0
jatinangor,"Jatinangor, Sumedang",2026-09-15,32.11.15.2002,Hegarmanah,kecamatan,yes,-6.938,107.7556,Asia/Jakarta,"BMKG representative point: Hegarmanah, Kecamatan Jatinangor",15-09-2026,UKMO,Open-Meteo / UK Met Office,11:00,2026-09-15 11:00:00,28.1,27.0,0.0,13.3,0.0,1.3152,Cerah,wmo:0
jatinangor,"Jatinangor, Sumedang",2026-09-15,32.11.15.2002,Hegarmanah,kecamatan,yes,-6.938,107.7556,Asia/Jakarta,"BMKG representative point: Hegarmanah, Kecamatan Jatinangor",15-09-2026,UKMO,Open-Meteo / UK Met Office,12:00,2026-09-15 12:00:00,29.3,24.0,0.0,13.7,0.0,1.3152,Cerah,wmo:0
jatinangor,"Jatinangor, Sumedang",2026-09-15,32.11.15.2002,Hegarmanah,kecamatan,yes,-6.938,107.7556,Asia/Jakarta,"BMKG representative point: Hegarmanah, Kecamatan Jatinangor",15-09-2026,UKMO,Open-Meteo / UK Met Office,13:00,2026-09-15 13:00:00,29.9,24.0,0.0,13.0,0.0,1.3152,Cerah,wmo:0
jatinangor,"Jatinangor, Sumedang",2026-09-15,32.11.15.2002,Hegarmanah,kecamatan,yes,-6.938,107.7556,Asia/Jakarta,"BMKG representative point: Hegarmanah, Kecamatan Jatinangor",15-09-2026,UKMO,Open-Meteo / UK Met Office,14:00,2026-09-15 14:00:00,30.0,25.0,0.0,13.0,0.0,1.3152,Cerah,wmo:0
jatinangor,"Jatinangor, Sumedang",2026-09-15,32.11.15.2002,Hegarmanah,kecamatan,yes,-6.938,107.7556,Asia/Jakarta,"BMKG representative point: Hegarmanah, Kecamatan Jatinangor",15-09-2026,UKMO,Open-Meteo / UK Met Office,15:00,2026-09-15 15:00:00,29.7,27.0,0.0,13.0,0.0,1.3152,Cerah,wmo:0
jatinangor,"Jatinangor, Sumedang",2026-09-15,32.11.15.2002,Hegarmanah,kecamatan,yes,-6.938,107.7556,Asia/Jakarta,"BMKG representative point: Hegarmanah, Kecamatan Jatinangor",15-09-2026,UKMO,Open-Meteo / UK Met Office,16:00,2026-09-15 16:00:00,28.7,32.0,0.0,15.5,0.0,1.3152,Cerah,wmo:0
jatinangor,"Jatinangor, Sumedang",2026-09-15,32.11.15.2002,Hegarmanah,kecamatan,yes,-6.938,107.7556,Asia/Jakarta,"BMKG representative point: Hegarmanah, Kecamatan Jatinangor",15-09-2026,UKMO,Open-Meteo / UK Met Office,17:00,2026-09-15 17:00:00,25.8,46.0,0.0,19.1,0.0,1.3152,Cerah,wmo:0
jatinangor,"Jatinangor, Sumedang",2026-09-15,32.11.15.2002,Hegarmanah,kecamatan,yes,-6.938,107.7556,Asia/Jakarta,"BMKG representative point: Hegarmanah, Kecamatan Jatinangor",15-09-2026,UKMO,Open-Meteo / UK Met Office,18:00,2026-09-15 18:00:00,23.0,56.0,0.0,8.3,0.0,1.3152,Cerah,wmo:0
jatinangor,"Jatinangor, Sumedang",2026-09-15,32.11.15.2002,Hegarmanah,kecamatan,yes,-6.938,107.7556,Asia/Jakarta,"BMKG representative point: Hegarmanah, Kecamatan Jatinangor",15-09-2026,UKMO,Open-Meteo / UK Met Office,19:00,2026-09-15 19:00:00,20.5,76.0,0.0,3.6,0.0,1.3152,Cerah,wmo:0
jatinangor,"Jatinangor, Sumedang",2026-09-15,32.11.15.2002,Hegarmanah,kecamatan,yes,-6.938,107.7556,Asia/Jakarta,"BMKG representative point: Hegarmanah, Kecamatan Jatinangor",15-09-2026,UKMO,Open-Meteo / UK Met Office,20:00,2026-09-15 20:00:00,18.9,82.0,0.0,2.5,0.0,1.3152,Cerah,wmo:0
jatinangor,"Jatinangor, Sumedang",2026-09-15,32.11.15.2002,Hegarmanah,kecamatan,yes,-6.938,107.7556,Asia/Jakarta,"BMKG representative point: Hegarmanah, Kecamatan Jatinangor",15-09-2026,UKMO,Open-Meteo / UK Met Office,21:00,2026-09-15 21:00:00,17.9,84.0,0.0,2.9,0.0,1.3152,Cerah,wmo:0
jatinangor,"Jatinangor, Sumedang",2026-09-15,32.11.15.2002,Hegarmanah,kecamatan,yes,-6.938,107.7556,Asia/Jakarta,"BMKG representative point: Hegarmanah, Kecamatan Jatinangor",15-09-2026,UKMO,Open-Meteo / UK Met Office,22:00,2026-09-15 22:00:00,17.0,86.0,0.0,2.9,0.0,1.3152,Cerah,wmo:0
jatinangor,"Jatinangor, Sumedang",2026-09-15,32.11.15.2002,Hegarmanah,kecamatan,yes,-6.938,107.7556,Asia/Jakarta,"BMKG representative point: Hegarmanah, Kecamatan Jatinangor",15-09-2026,UKMO,Open-Meteo / UK Met Office,23:00,2026-09-15 23:00:00,16.1,89.0,0.0,2.5,0.0,1.3152,Cerah,wmo:0
arjawinangun,"Arjawinangun, Cirebon",2026-09-13,32.09.24.2004,Arjawinangun,kecamatan,no,-6.6453,108.4103,Asia/Jakarta,"BMKG point: Arjawinangun, Kecamatan Arjawinangun",13-09-2026,BMKG,BMKG,19:00,2026-09-13 22:00:00,26.0,77.0,0.0,3.1,180.0,1.0113,Cerah Berawan,Cerah Berawan
arjawinangun,"Arjawinangun, Cirebon",2026-09-13,32.09.24.2004,Arjawinangun,kecamatan,no,-6.6453,108.4103,Asia/Jakarta,"BMKG point: Arjawinangun, Kecamatan Arjawinangun",13-09-2026,BMKG,BMKG,20:00,2026-09-13 22:00:00,26.0,77.0,0.0,3.1,120.0,1.0113,Cerah Berawan,Cerah Berawan
arjawinangun,"Arjawinangun, Cirebon",2026-09-13,32.09.24.2004,Arjawinangun,kecamatan,no,-6.6453,108.4103,Asia/Jakarta,"BMKG point: Arjawinangun, Kecamatan Arjawinangun",13-09-2026,BMKG,BMKG,21:00,2026-09-13 22:00:00,26.0,77.0,0.0,3.1,60.0,1.3791,Cerah Berawan,Cerah Berawan
arjawinangun,"Arjawinangun, Cirebon",2026-09-13,32.09.24.2004,Arjawinangun,kecamatan,no,-6.6453,108.4103,Asia/Jakarta,"BMKG point: Arjawinangun, Kecamatan Arjawinangun",13-09-2026,BMKG,BMKG,22:00,2026-09-13 22:00:00,26.0,77.0,0.0,3.1,0.0,1.8388,Cerah Berawan,Cerah Berawan
arjawinangun,"Arjawinangun, Cirebon",2026-09-13,32.09.24.2004,Arjawinangun,kecamatan,no,-6.6453,108.4103,Asia/Jakarta,"BMKG point: Arjawinangun, Kecamatan Arjawinangun",13-09-2026,BMKG,BMKG,23:00,2026-09-13 22:00:00,26.0,77.0,0.0,3.1,60.0,1.3791,Cerah Berawan,Cerah Berawan
arjawinangun,"Arjawinangun, Cirebon",2026-09-13,32.09.24.2004,Arjawinangun,kecamatan,no,-6.6453,108.4103,Asia/Jakarta,"BMKG point: Arjawinangun, Kecamatan Arjawinangun",13-09-2026,GFS,Open-Meteo / NOAA GFS,00:00,2026-09-13 00:00:00,25.3,81.0,0.0,6.4,0.0,1.4133,Berawan,wmo:3
arjawinangun,"Arjawinangun, Cirebon",2026-09-13,32.09.24.2004,Arjawinangun,kecamatan,no,-6.6453,108.4103,Asia/Jakarta,"BMKG point: Arjawinangun, Kecamatan Arjawinangun",13-09-2026,GFS,Open-Meteo / NOAA GFS,01:00,2026-09-13 01:00:00,25.0,80.0,0.0,5.2,0.0,1.4133,Berawan,wmo:3
arjawinangun,"Arjawinangun, Cirebon",2026-09-13,32.09.24.2004,Arjawinangun,kecamatan,no,-6.6453,108.4103,Asia/Jakarta,"BMKG point: Arjawinangun, Kecamatan Arjawinangun",13-09-2026,GFS,Open-Meteo / NOAA GFS,02:00,2026-09-13 02:00:00,24.8,78.0,0.0,5.8,0.0,1.4133,Berawan,wmo:3
arjawinangun,"Arjawinangun, Cirebon",2026-09-13,32.09.24.2004,Arjawinangun,kecamatan,no,-6.6453,108.4103,Asia/Jakarta,"BMKG point: Arjawinangun, Kecamatan Arjawinangun",13-09-2026,GFS,Open-Meteo / NOAA GFS,03:00,2026-09-13 03:00:00,24.7,77.0,0.0,5.4,0.0,1.4133,Berawan,wmo:3
arjawinangun,"Arjawinangun, Cirebon",2026-09-13,32.09.24.2004,Arjawinangun,kecamatan,no,-6.6453,108.4103,Asia/Jakarta,"BMKG point: Arjawinangun, Kecamatan Arjawinangun",13-09-2026,GFS,Open-Meteo / NOAA GFS,04:00,2026-09-13 04:00:00,24.7,76.0,0.0,5.9,0.0,1.4133,Berawan,wmo:3
arjawinangun,"Arjawinangun, Cirebon",2026-09-13,32.09.24.2004,Arjawinangun,kecamatan,no,-6.6453,108.4103,Asia/Jakarta,"BMKG point: Arjawinangun, Kecamatan Arjawinangun",13-09-2026,GFS,Open-Meteo / NOAA GFS,05:00,2026-09-13 05:00:00,24.1,79.0,0.0,6.1,0.0,1.4133,Berawan,wmo:3
arjawinangun,"Arjawinangun, Cirebon",2026-09-13,32.09.24.2004,Arjawinangun,kecamatan,no,-6.6453,108.4103,Asia/Jakarta,"BMKG point: Arjawinangun, Kecamatan Arjawinangun",13-09-2026,GFS,Open-Meteo / NOAA GFS,06:00,2026-09-13 06:00:00,24.0,79.0,0.0,5.6,0.0,1.4133,Cerah Berawan,wmo:2
arjawinangun,"Arjawinangun, Cirebon",2026-09-13,32.09.24.2004,Arjawinangun,kecamatan,no,-6.6453,108.4103,Asia/Jakarta,"BMKG point: Arjawinangun, Kecamatan Arjawinangun",13-09-2026,GFS,Open-Meteo / NOAA GFS,07:00,2026-09-13 07:00:00,26.7,66.0,0.0,6.9,0.0,1.4133,Cerah,wmo:0
arjawinangun,"Arjawinangun, Cirebon",2026-09-13,32.09.24.2004,Arjawinangun,kecamatan,no,-6.6453,108.4103,Asia/Jakarta,"BMKG point: Arjawinangun, Kecamatan Arjawinangun",13-09-2026,GFS,Open-Meteo / NOAA GFS,08:00,2026-09-13 08:00:00,29.7,55.0,0.0,9.0,0.0,1.4133,Cerah,wmo:0
arjawinangun,"Arjawinangun, Cirebon",2026-09-13,32.09.24.2004,Arjawinangun,kecamatan,no,-6.6453,108.4103,Asia/Jakarta,"BMKG point: Arjawinangun, Kecamatan Arjawinangun",13-09-2026,GFS,Open-Meteo / NOAA GFS,09:00,2026-09-13 09:00:00,32.5,39.0,0.0,17.7,0.0,1.4133,Cerah,wmo:0
arjawinangun,"Arjawinangun, Cirebon",2026-09-13,32.09.24.2004,Arjawinangun,kecamatan,no,-6.6453,108.4103,Asia/Jakarta,"BMKG point: Arjawinangun, Kecamatan Arjawinangun",13-09-2026,GFS,Open-Meteo / NOAA GFS,10:00,2026-09-13 10:00:00,32.8,39.0,0.0,22.5,0.0,1.4133,Cerah,wmo:0
arjawinangun,"Arjawinangun, Cirebon",2026-09-13,32.09.24.2004,Arjawinangun,kecamatan,no,-6.6453,108.4103,Asia/Jakarta,"BMKG point: Arjawinangun, Kecamatan Arjawinangun",13-09-2026,GFS,Open-Meteo / NOAA GFS,11:00,2026-09-13 11:00:00,33.5,38.0,0.0,21.1,0.0,1.4133,Cerah,wmo:0
arjawinangun,"Arjawinangun, Cirebon",2026-09-13,32.09.24.2004,Arjawinangun,kecamatan,no,-6.6453,108.4103,Asia/Jakarta,"BMKG point: Arjawinangun, Kecamatan Arjawinangun",13-09-2026,GFS,Open-Meteo / NOAA GFS,12:00,2026-09-13 12:00:00,34.0,37.0,0.0,26.1,0.0,1.4133,Cerah,wmo:0
arjawinangun,"Arjawinangun, Cirebon",2026-09-13,32.09.24.2004,Arjawinangun,kecamatan,no,-6.6453,108.4103,Asia/Jakarta,"BMKG point: Arjawinangun, Kecamatan Arjawinangun",13-09-2026,GFS,Open-Meteo / NOAA GFS,13:00,2026-09-13 13:00:00,33.8,38.0,0.0,28.8,0.0,1.4133,Berawan,wmo:3
arjawinangun,"Arjawinangun, Cirebon",2026-09-13,32.09.24.2004,Arjawinangun,kecamatan,no,-6.6453,108.4103,Asia/Jakarta,"BMKG point: Arjawinangun, Kecamatan Arjawinangun",13-09-2026,GFS,Open-Meteo / NOAA GFS,14:00,2026-09-13 14:00:00,32.5,42.0,0.0,29.6,0.0,1.4133,Berawan,wmo:3
arjawinangun,"Arjawinangun, Cirebon",2026-09-13,32.09.24.2004,Arjawinangun,kecamatan,no,-6.6453,108.4103,Asia/Jakarta,"BMKG point: Arjawinangun, Kecamatan Arjawinangun",13-09-2026,GFS,Open-Meteo / NOAA GFS,15:00,2026-09-13 15:00:00,32.3,39.0,0.0,24.4,0.0,1.4133,Berawan,wmo:3
arjawinangun,"Arjawinangun, Cirebon",2026-09-13,32.09.24.2004,Arjawinangun,kecamatan,no,-6.6453,108.4103,Asia/Jakarta,"BMKG point: Arjawinangun, Kecamatan Arjawinangun",13-09-2026,GFS,Open-Meteo / NOAA GFS,16:00,2026-09-13 16:00:00,31.2,44.0,0.0,22.0,0.0,1.4133,Berawan,wmo:3
arjawinangun,"Arjawinangun, Cirebon",2026-09-13,32.09.24.2004,Arjawinangun,kecamatan,no,-6.6453,108.4103,Asia/Jakarta,"BMKG point: Arjawinangun, Kecamatan Arjawinangun",13-09-2026,GFS,Open-Meteo / NOAA GFS,17:00,2026-09-13 17:00:00,29.3,54.0,0.0,20.5,0.0,1.4133,Berawan,wmo:3
arjawinangun,"Arjawinangun, Cirebon",2026-09-13,32.09.24.2004,Arjawinangun,kecamatan,no,-6.6453,108.4103,Asia/Jakarta,"BMKG point: Arjawinangun, Kecamatan Arjawinangun",13-09-2026,GFS,Open-Meteo / NOAA GFS,18:00,2026-09-13 18:00:00,27.2,68.0,0.0,16.3,0.0,1.4133,Berawan,wmo:3
arjawinangun,"Arjawinangun, Cirebon",2026-09-13,32.09.24.2004,Arjawinangun,kecamatan,no,-6.6453,108.4103,Asia/Jakarta,"BMKG point: Arjawinangun, Kecamatan Arjawinangun",13-09-2026,GFS,Open-Meteo / NOAA GFS,19:00,2026-09-13 19:00:00,26.8,72.0,0.0,14.2,0.0,1.4133,Berawan,wmo:3
arjawinangun,"Arjawinangun, Cirebon",2026-09-13,32.09.24.2004,Arjawinangun,kecamatan,no,-6.6453,108.4103,Asia/Jakarta,"BMKG point: Arjawinangun, Kecamatan Arjawinangun",13-09-2026,GFS,Open-Meteo / NOAA GFS,20:00,2026-09-13 20:00:00,26.7,75.0,0.0,12.6,0.0,1.4133,Berawan,wmo:3
arjawinangun,"Arjawinangun, Cirebon",2026-09-13,32.09.24.2004,Arjawinangun,kecamatan,no,-6.6453,108.4103,Asia/Jakarta,"BMKG point: Arjawinangun, Kecamatan Arjawinangun",13-09-2026,GFS,Open-Meteo / NOAA GFS,21:00,2026-09-13 21:00:00,26.7,75.0,0.0,12.0,0.0,1.4133,Berawan,wmo:3
arjawinangun,"Arjawinangun, Cirebon",2026-09-13,32.09.24.2004,Arjawinangun,kecamatan,no,-6.6453,108.4103,Asia/Jakarta,"BMKG point: Arjawinangun, Kecamatan Arjawinangun",13-09-2026,GFS,Open-Meteo / NOAA GFS,22:00,2026-09-13 22:00:00,26.3,72.0,0.0,11.8,0.0,1.4133,Berawan,wmo:3
arjawinangun,"Arjawinangun, Cirebon",2026-09-13,32.09.24.2004,Arjawinangun,kecamatan,no,-6.6453,108.4103,Asia/Jakarta,"BMKG point: Arjawinangun, Kecamatan Arjawinangun",13-09-2026,GFS,Open-Meteo / NOAA GFS,23:00,2026-09-13 23:00:00,25.3,71.0,0.0,9.4,0.0,1.4133,Berawan,wmo:3
arjawinangun,"Arjawinangun, Cirebon",2026-09-13,32.09.24.2004,Arjawinangun,kecamatan,no,-6.6453,108.4103,Asia/Jakarta,"BMKG point: Arjawinangun, Kecamatan Arjawinangun",13-09-2026,ICON,Open-Meteo / DWD ICON,00:00,2026-09-13 00:00:00,26.9,80.0,0.0,7.6,0.0,1.4848,Berawan,wmo:3
arjawinangun,"Arjawinangun, Cirebon",2026-09-13,32.09.24.2004,Arjawinangun,kecamatan,no,-6.6453,108.4103,Asia/Jakarta,"BMKG point: Arjawinangun, Kecamatan Arjawinangun",13-09-2026,ICON,Open-Meteo / DWD ICON,01:00,2026-09-13 01:00:00,26.8,78.0,0.0,6.5,0.0,1.4848,Berawan,wmo:3
arjawinangun,"Arjawinangun, Cirebon",2026-09-13,32.09.24.2004,Arjawinangun,kecamatan,no,-6.6453,108.4103,Asia/Jakarta,"BMKG point: Arjawinangun, Kecamatan Arjawinangun",13-09-2026,ICON,Open-Meteo / DWD ICON,02:00,2026-09-13 02:00:00,26.3,77.0,0.0,5.1,0.0,1.4848,Berawan,wmo:3
arjawinangun,"Arjawinangun, Cirebon",2026-09-13,32.09.24.2004,Arjawinangun,kecamatan,no,-6.6453,108.4103,Asia/Jakarta,"BMKG point: Arjawinangun, Kecamatan Arjawinangun",13-09-2026,ICON,Open-Meteo / DWD ICON,03:00,2026-09-13 03:00:00,26.0,76.0,0.0,3.9,0.0,1.4848,Berawan,wmo:3
arjawinangun,"Arjawinangun, Cirebon",2026-09-13,32.09.24.2004,Arjawinangun,kecamatan,no,-6.6453,108.4103,Asia/Jakarta,"BMKG point: Arjawinangun, Kecamatan Arjawinangun",13-09-2026,ICON,Open-Meteo / DWD ICON,04:00,2026-09-13 04:00:00,25.6,76.0,0.0,4.0,0.0,1.4848,Berawan,wmo:3
arjawinangun,"Arjawinangun, Cirebon",2026-09-13,32.09.24.2004,Arjawinangun,kecamatan,no,-6.6453,108.4103,Asia/Jakarta,"BMKG point: Arjawinangun, Kecamatan Arjawinangun",13-09-2026,ICON,Open-Meteo / DWD ICON,05:00,2026-09-13 05:00:00,25.2,77.0,0.0,4.8,0.0,1.4848,Berawan,wmo:3
arjawinangun,"Arjawinangun, Cirebon",2026-09-13,32.09.24.2004,Arjawinangun,kecamatan,no,-6.6453,108.4103,Asia/Jakarta,"BMKG point: Arjawinangun, Kecamatan Arjawinangun",13-09-2026,ICON,Open-Meteo / DWD ICON,06:00,2026-09-13 06:00:00,25.0,77.0,0.0,4.8,0.0,1.4848,Berawan,wmo:3
arjawinangun,"Arjawinangun, Cirebon",2026-09-13,32.09.24.2004,Arjawinangun,kecamatan,no,-6.6453,108.4103,Asia/Jakarta,"BMKG point: Arjawinangun, Kecamatan Arjawinangun",13-09-2026,ICON,Open-Meteo / DWD ICON,07:00,2026-09-13 07:00:00,26.8,71.0,0.0,5.2,0.0,1.4848,Cerah Berawan,wmo:2
arjawinangun,"Arjawinangun, Cirebon",2026-09-13,32.09.24.2004,Arjawinangun,kecamatan,no,-6.6453,108.4103,Asia/Jakarta,"BMKG point: Arjawinangun, Kecamatan Arjawinangun",13-09-2026,ICON,Open-Meteo / DWD ICON,08:00,2026-09-13 08:00:00,30.0,57.0,0.0,9.2,0.0,1.4848,Berawan,wmo:3
arjawinangun,"Arjawinangun, Cirebon",2026-09-13,32.09.24.2004,Arjawinangun,kecamatan,no,-6.6453,108.4103,Asia/Jakarta,"BMKG point: Arjawinangun, Kecamatan Arjawinangun",13-09-2026,ICON,Open-Meteo / DWD ICON,09:00,2026-09-13 09:00:00,32.3,37.0,0.0,19.8,0.0,1.4848,Cerah Berawan,wmo:2
arjawinangun,"Arjawinangun, Cirebon",2026-09-13,32.09.24.2004,Arjawinangun,kecamatan,no,-6.6453,108.4103,Asia/Jakarta,"BMKG point: Arjawinangun, Kecamatan Arjawinangun",13-09-2026,ICON,Open-Meteo / DWD ICON,10:00,2026-09-13 10:00:00,33.0,38.0,0.0,22.9,0.0,1.4848,Cerah,wmo:0
arjawinangun,"Arjawinangun, Cirebon",2026-09-13,32.09.24.2004,Arjawinangun,kecamatan,no,-6.6453,108.4103,Asia/Jakarta,"BMKG point: Arjawinangun, Kecamatan Arjawinangun",13-09-2026,ICON,Open-Meteo / DWD ICON,11:00,2026-09-13 11:00:00,33.8,36.0,0.0,22.7,0.0,1.4848,Cerah,wmo:0
arjawinangun,"Arjawinangun, Cirebon",2026-09-13,32.09.24.2004,Arjawinangun,kecamatan,no,-6.6453,108.4103,Asia/Jakarta,"BMKG point: Arjawinangun, Kecamatan Arjawinangun",13-09-2026,ICON,Open-Meteo / DWD ICON,12:00,2026-09-13 12:00:00,34.4,34.0,0.0,23.1,0.0,1.4848,Cerah,wmo:0
arjawinangun,"Arjawinangun, Cirebon",2026-09-13,32.09.24.2004,Arjawinangun,kecamatan,no,-6.6453,108.4103,Asia/Jakarta,"BMKG point: Arjawinangun, Kecamatan Arjawinangun",13-09-2026,ICON,Open-Meteo / DWD ICON,13:00,2026-09-13 13:00:00,34.2,35.0,0.0,23.8,0.0,1.4848,Cerah,wmo:0
arjawinangun,"Arjawinangun, Cirebon",2026-09-13,32.09.24.2004,Arjawinangun,kecamatan,no,-6.6453,108.4103,Asia/Jakarta,"BMKG point: Arjawinangun, Kecamatan Arjawinangun",13-09-2026,ICON,Open-Meteo / DWD ICON,14:00,2026-09-13 14:00:00,33.8,38.0,0.0,23.6,0.0,1.4848,Cerah Berawan,wmo:2
arjawinangun,"Arjawinangun, Cirebon",2026-09-13,32.09.24.2004,Arjawinangun,kecamatan,no,-6.6453,108.4103,Asia/Jakarta,"BMKG point: Arjawinangun, Kecamatan Arjawinangun",13-09-2026,ICON,Open-Meteo / DWD ICON,15:00,2026-09-13 15:00:00,33.0,43.0,0.0,21.9,0.0,1.4848,Berawan,wmo:3
arjawinangun,"Arjawinangun, Cirebon",2026-09-13,32.09.24.2004,Arjawinangun,kecamatan,no,-6.6453,108.4103,Asia/Jakarta,"BMKG point: Arjawinangun, Kecamatan Arjawinangun",13-09-2026,ICON,Open-Meteo / DWD ICON,16:00,2026-09-13 16:00:00,31.7,51.0,0.0,19.4,0.0,1.4848,Berawan,wmo:3
arjawinangun,"Arjawinangun, Cirebon",2026-09-13,32.09.24.2004,Arjawinangun,kecamatan,no,-6.6453,108.4103,Asia/Jakarta,"BMKG point: Arjawinangun, Kecamatan Arjawinangun",13-09-2026,ICON,Open-Meteo / DWD ICON,17:00,2026-09-13 17:00:00,30.0,59.0,0.0,17.3,0.0,1.4848,Berawan,wmo:3
arjawinangun,"Arjawinangun, Cirebon",2026-09-13,32.09.24.2004,Arjawinangun,kecamatan,no,-6.6453,108.4103,Asia/Jakarta,"BMKG point: Arjawinangun, Kecamatan Arjawinangun",13-09-2026,ICON,Open-Meteo / DWD ICON,18:00,2026-09-13 18:00:00,28.3,70.0,0.0,12.5,0.0,1.4848,Berawan,wmo:3
arjawinangun,"Arjawinangun, Cirebon",2026-09-13,32.09.24.2004,Arjawinangun,kecamatan,no,-6.6453,108.4103,Asia/Jakarta,"BMKG point: Arjawinangun, Kecamatan Arjawinangun",13-09-2026,ICON,Open-Meteo / DWD ICON,19:00,2026-09-13 19:00:00,27.5,77.0,0.0,9.4,0.0,1.4848,Berawan,wmo:3
arjawinangun,"Arjawinangun, Cirebon",2026-09-13,32.09.24.2004,Arjawinangun,kecamatan,no,-6.6453,108.4103,Asia/Jakarta,"BMKG point: Arjawinangun, Kecamatan Arjawinangun",13-09-2026,ICON,Open-Meteo / DWD ICON,20:00,2026-09-13 20:00:00,27.3,78.0,0.0,8.6,0.0,1.4848,Berawan,wmo:3
arjawinangun,"Arjawinangun, Cirebon",2026-09-13,32.09.24.2004,Arjawinangun,kecamatan,no,-6.6453,108.4103,Asia/Jakarta,"BMKG point: Arjawinangun, Kecamatan Arjawinangun",13-09-2026,ICON,Open-Meteo / DWD ICON,21:00,2026-09-13 21:00:00,27.0,78.0,0.0,7.3,0.0,1.4848,Berawan,wmo:3
arjawinangun,"Arjawinangun, Cirebon",2026-09-13,32.09.24.2004,Arjawinangun,kecamatan,no,-6.6453,108.4103,Asia/Jakarta,"BMKG point: Arjawinangun, Kecamatan Arjawinangun",13-09-2026,ICON,Open-Meteo / DWD ICON,22:00,2026-09-13 22:00:00,26.6,78.0,0.0,5.8,0.0,1.4848,Berawan,wmo:3
arjawinangun,"Arjawinangun, Cirebon",2026-09-13,32.09.24.2004,Arjawinangun,kecamatan,no,-6.6453,108.4103,Asia/Jakarta,"BMKG point: Arjawinangun, Kecamatan Arjawinangun",13-09-2026,ICON,Open-Meteo / DWD ICON,23:00,2026-09-13 23:00:00,26.1,76.0,0.0,4.9,0.0,1.4848,Berawan,wmo:3
arjawinangun,"Arjawinangun, Cirebon",2026-09-13,32.09.24.2004,Arjawinangun,kecamatan,no,-6.6453,108.4103,Asia/Jakarta,"BMKG point: Arjawinangun, Kecamatan Arjawinangun",13-09-2026,METNO,MET Norway,19:00,2026-09-13 21:00:00,28.0,72.2,0.0,15.12,120.0,0.7856,Cerah Berawan,partlycloudy_night
arjawinangun,"Arjawinangun, Cirebon",2026-09-13,32.09.24.2004,Arjawinangun,kecamatan,no,-6.6453,108.4103,Asia/Jakarta,"BMKG point: Arjawinangun, Kecamatan Arjawinangun",13-09-2026,METNO,MET Norway,20:00,2026-09-13 21:00:00,28.0,72.2,0.0,15.12,60.0,1.0713,Cerah Berawan,partlycloudy_night
arjawinangun,"Arjawinangun, Cirebon",2026-09-13,32.09.24.2004,Arjawinangun,kecamatan,no,-6.6453,108.4103,Asia/Jakarta,"BMKG point: Arjawinangun, Kecamatan Arjawinangun",13-09-2026,METNO,MET Norway,21:00,2026-09-13 21:00:00,28.0,72.2,0.0,15.12,0.0,1.4284,Cerah Berawan,partlycloudy_night
arjawinangun,"Arjawinangun, Cirebon",2026-09-13,32.09.24.2004,Arjawinangun,kecamatan,no,-6.6453,108.4103,Asia/Jakarta,"BMKG point: Arjawinangun, Kecamatan Arjawinangun",13-09-2026,METNO,MET Norway,22:00,2026-09-13 22:00:00,27.2,73.2,0.0,16.92,0.0,1.4284,Cerah Berawan,partlycloudy_night
arjawinangun,"Arjawinangun, Cirebon",2026-09-13,32.09.24.2004,Arjawinangun,kecamatan,no,-6.6453,108.4103,Asia/Jakarta,"BMKG point: Arjawinangun, Kecamatan Arjawinangun",13-09-2026,METNO,MET Norway,23:00,2026-09-13 23:00:00,26.5,74.2,0.0,13.68,0.0,1.4284,Cerah Berawan,partlycloudy_night
arjawinangun,"Arjawinangun, Cirebon",2026-09-14,32.09.24.2004,Arjawinangun,kecamatan,no,-6.6453,108.4103,Asia/Jakarta,"BMKG point: Arjawinangun, Kecamatan Arjawinangun",14-09-2026,BMKG,BMKG,00:00,2026-09-14 01:00:00,24.0,76.0,0.0,5.8,60.0,1.327,Berawan,Berawan
arjawinangun,"Arjawinangun, Cirebon",2026-09-14,32.09.24.2004,Arjawinangun,kecamatan,no,-6.6453,108.4103,Asia/Jakarta,"BMKG point: Arjawinangun, Kecamatan Arjawinangun",14-09-2026,BMKG,BMKG,01:00,2026-09-14 01:00:00,24.0,76.0,0.0,5.8,0.0,1.7694,Berawan,Berawan
arjawinangun,"Arjawinangun, Cirebon",2026-09-14,32.09.24.2004,Arjawinangun,kecamatan,no,-6.6453,108.4103,Asia/Jakarta,"BMKG point: Arjawinangun, Kecamatan Arjawinangun",14-09-2026,BMKG,BMKG,02:00,2026-09-14 01:00:00,24.0,76.0,0.0,5.8,60.0,1.327,Berawan,Berawan
arjawinangun,"Arjawinangun, Cirebon",2026-09-14,32.09.24.2004,Arjawinangun,kecamatan,no,-6.6453,108.4103,Asia/Jakarta,"BMKG point: Arjawinangun, Kecamatan Arjawinangun",14-09-2026,BMKG,BMKG,03:00,2026-09-14 04:00:00,22.0,82.0,0.0,3.6,60.0,1.327,Cerah,Cerah
arjawinangun,"Arjawinangun, Cirebon",2026-09-14,32.09.24.2004,Arjawinangun,kecamatan,no,-6.6453,108.4103,Asia/Jakarta,"BMKG point: Arjawinangun, Kecamatan Arjawinangun",14-09-2026,BMKG,BMKG,04:00,2026-09-14 04:00:00,22.0,82.0,0.0,3.6,0.0,1.7694,Cerah,Cerah
arjawinangun,"Arjawinangun, Cirebon",2026-09-14,32.09.24.2004,Arjawinangun,kecamatan,no,-6.6453,108.4103,Asia/Jakarta,"BMKG point: Arjawinangun, Kecamatan Arjawinangun",14-09-2026,BMKG,BMKG,05:00,2026-09-14 04:00:00,22.0,82.0,0.0,3.6,60.0,1.327,Cerah,Cerah
arjawinangun,"Arjawinangun, Cirebon",2026-09-14,32.09.24.2004,Arjawinangun,kecamatan,no,-6.6453,108.4103,Asia/Jakarta,"BMKG point: Arjawinangun, Kecamatan Arjawinangun",14-09-2026,BMKG,BMKG,06:00,2026-09-14 07:00:00,29.0,53.0,0.0,2.9,60.0,1.327,Cerah,Cerah
arjawinangun,"Arjawinangun, Cirebon",2026-09-14,32.09.24.2004,Arjawinangun,kecamatan,no,-6.6453,108.4103,Asia/Jakarta,"BMKG point: Arjawinangun, Kecamatan Arjawinangun",14-09-2026,BMKG,BMKG,07:00,2026-09-14 07:00:00,29.0,53.0,0.0,2.9,0.0,1.7694,Cerah,Cerah
arjawinangun,"Arjawinangun, Cirebon",2026-09-14,32.09.24.2004,Arjawinangun,kecamatan,no,-6.6453,108.4103,Asia/Jakarta,"BMKG point: Arjawinangun, Kecamatan Arjawinangun",14-09-2026,BMKG,BMKG,08:00,2026-09-14 07:00:00,29.0,53.0,0.0,2.9,60.0,1.327,Cerah,Cerah
arjawinangun,"Arjawinangun, Cirebon",2026-09-14,32.09.24.2004,Arjawinangun,kecamatan,no,-6.6453,108.4103,Asia/Jakarta,"BMKG point: Arjawinangun, Kecamatan Arjawinangun",14-09-2026,BMKG,BMKG,09:00,2026-09-14 10:00:00,36.0,27.0,0.0,5.6,60.0,1.327,Cerah,Cerah
arjawinangun,"Arjawinangun, Cirebon",2026-09-14,32.09.24.2004,Arjawinangun,kecamatan,no,-6.6453,108.4103,Asia/Jakarta,"BMKG point: Arjawinangun, Kecamatan Arjawinangun",14-09-2026,BMKG,BMKG,10:00,2026-09-14 10:00:00,36.0,27.0,0.0,5.6,0.0,1.7694,Cerah,Cerah
arjawinangun,"Arjawinangun, Cirebon",2026-09-14,32.09.24.2004,Arjawinangun,kecamatan,no,-6.6453,108.4103,Asia/Jakarta,"BMKG point: Arjawinangun, Kecamatan Arjawinangun",14-09-2026,BMKG,BMKG,11:00,2026-09-14 10:00:00,36.0,27.0,0.0,5.6,60.0,1.327,Cerah,Cerah
arjawinangun,"Arjawinangun, Cirebon",2026-09-14,32.09.24.2004,Arjawinangun,kecamatan,no,-6.6453,108.4103,Asia/Jakarta,"BMKG point: Arjawinangun, Kecamatan Arjawinangun",14-09-2026,BMKG,BMKG,12:00,2026-09-14 13:00:00,34.0,37.0,0.0,16.1,60.0,1.327,Cerah,Cerah
arjawinangun,"Arjawinangun, Cirebon",2026-09-14,32.09.24.2004,Arjawinangun,kecamatan,no,-6.6453,108.4103,Asia/Jakarta,"BMKG point: Arjawinangun, Kecamatan Arjawinangun",14-09-2026,BMKG,BMKG,13:00,2026-09-14 13:00:00,34.0,37.0,0.0,16.1,0.0,1.7694,Cerah,Cerah
arjawinangun,"Arjawinangun, Cirebon",2026-09-14,32.09.24.2004,Arjawinangun,kecamatan,no,-6.6453,108.4103,Asia/Jakarta,"BMKG point: Arjawinangun, Kecamatan Arjawinangun",14-09-2026,BMKG,BMKG,14:00,2026-09-14 13:00:00,34.0,37.0,0.0,16.1,60.0,1.327,Cerah,Cerah
arjawinangun,"Arjawinangun, Cirebon",2026-09-14,32.09.24.2004,Arjawinangun,kecamatan,no,-6.6453,108.4103,Asia/Jakarta,"BMKG point: Arjawinangun, Kecamatan Arjawinangun",14-09-2026,BMKG,BMKG,15:00,2026-09-14 16:00:00,30.0,55.0,0.0,15.8,60.0,1.327,Cerah,Cerah
arjawinangun,"Arjawinangun, Cirebon",2026-09-14,32.09.24.2004,Arjawinangun,kecamatan,no,-6.6453,108.4103,Asia/Jakarta,"BMKG point: Arjawinangun, Kecamatan Arjawinangun",14-09-2026,BMKG,BMKG,16:00,2026-09-14 16:00:00,30.0,55.0,0.0,15.8,0.0,1.7694,Cerah,Cerah
arjawinangun,"Arjawinangun, Cirebon",2026-09-14,32.09.24.2004,Arjawinangun,kecamatan,no,-6.6453,108.4103,Asia/Jakarta,"BMKG point: Arjawinangun, Kecamatan Arjawinangun",14-09-2026,BMKG,BMKG,17:00,2026-09-14 16:00:00,30.0,55.0,0.0,15.8,60.0,1.327,Cerah,Cerah
arjawinangun,"Arjawinangun, Cirebon",2026-09-14,32.09.24.2004,Arjawinangun,kecamatan,no,-6.6453,108.4103,Asia/Jakarta,"BMKG point: Arjawinangun, Kecamatan Arjawinangun",14-09-2026,BMKG,BMKG,18:00,2026-09-14 19:00:00,28.0,72.0,0.0,8.3,60.0,1.327,Cerah,Cerah
arjawinangun,"Arjawinangun, Cirebon",2026-09-14,32.09.24.2004,Arjawinangun,kecamatan,no,-6.6453,108.4103,Asia/Jakarta,"BMKG point: Arjawinangun, Kecamatan Arjawinangun",14-09-2026,BMKG,BMKG,19:00,2026-09-14 19:00:00,28.0,72.0,0.0,8.3,0.0,1.7694,Cerah,Cerah
arjawinangun,"Arjawinangun, Cirebon",2026-09-14,32.09.24.2004,Arjawinangun,kecamatan,no,-6.6453,108.4103,Asia/Jakarta,"BMKG point: Arjawinangun, Kecamatan Arjawinangun",14-09-2026,BMKG,BMKG,20:00,2026-09-14 19:00:00,28.0,72.0,0.0,8.3,60.0,1.327,Cerah,Cerah
arjawinangun,"Arjawinangun, Cirebon",2026-09-14,32.09.24.2004,Arjawinangun,kecamatan,no,-6.6453,108.4103,Asia/Jakarta,"BMKG point: Arjawinangun, Kecamatan Arjawinangun",14-09-2026,BMKG,BMKG,21:00,2026-09-14 22:00:00,25.0,75.0,0.0,3.8,60.0,1.327,Berawan,Berawan
arjawinangun,"Arjawinangun, Cirebon",2026-09-14,32.09.24.2004,Arjawinangun,kecamatan,no,-6.6453,108.4103,Asia/Jakarta,"BMKG point: Arjawinangun, Kecamatan Arjawinangun",14-09-2026,BMKG,BMKG,22:00,2026-09-14 22:00:00,25.0,75.0,0.0,3.8,0.0,1.7694,Berawan,Berawan
arjawinangun,"Arjawinangun, Cirebon",2026-09-14,32.09.24.2004,Arjawinangun,kecamatan,no,-6.6453,108.4103,Asia/Jakarta,"BMKG point: Arjawinangun, Kecamatan Arjawinangun",14-09-2026,BMKG,BMKG,23:00,2026-09-14 22:00:00,25.0,75.0,0.0,3.8,60.0,1.327,Berawan,Berawan
arjawinangun,"Arjawinangun, Cirebon",2026-09-14,32.09.24.2004,Arjawinangun,kecamatan,no,-6.6453,108.4103,Asia/Jakarta,"BMKG point: Arjawinangun, Kecamatan Arjawinangun",14-09-2026,CMA,Open-Meteo / CMA GRAPES,00:00,2026-09-14 00:00:00,24.8,85.0,0.0,10.2,0.0,0.9025,Cerah Berawan,wmo:1
arjawinangun,"Arjawinangun, Cirebon",2026-09-14,32.09.24.2004,Arjawinangun,kecamatan,no,-6.6453,108.4103,Asia/Jakarta,"BMKG point: Arjawinangun, Kecamatan Arjawinangun",14-09-2026,CMA,Open-Meteo / CMA GRAPES,01:00,2026-09-14 01:00:00,24.6,85.0,0.0,10.6,0.0,0.9025,Cerah Berawan,wmo:1
arjawinangun,"Arjawinangun, Cirebon",2026-09-14,32.09.24.2004,Arjawinangun,kecamatan,no,-6.6453,108.4103,Asia/Jakarta,"BMKG point: Arjawinangun, Kecamatan Arjawinangun",14-09-2026,CMA,Open-Meteo / CMA GRAPES,02:00,2026-09-14 02:00:00,24.4,85.0,0.0,10.9,0.0,0.9025,Cerah Berawan,wmo:1
arjawinangun,"Arjawinangun, Cirebon",2026-09-14,32.09.24.2004,Arjawinangun,kecamatan,no,-6.6453,108.4103,Asia/Jakarta,"BMKG point: Arjawinangun, Kecamatan Arjawinangun",14-09-2026,CMA,Open-Meteo / CMA GRAPES,03:00,2026-09-14 03:00:00,24.3,84.0,0.0,11.2,0.0,0.9025,Cerah Berawan,wmo:1
arjawinangun,"Arjawinangun, Cirebon",2026-09-14,32.09.24.2004,Arjawinangun,kecamatan,no,-6.6453,108.4103,Asia/Jakarta,"BMKG point: Arjawinangun, Kecamatan Arjawinangun",14-09-2026,CMA,Open-Meteo / CMA GRAPES,04:00,2026-09-14 04:00:00,24.3,83.0,0.0,11.6,0.0,0.9025,Cerah Berawan,wmo:1
arjawinangun,"Arjawinangun, Cirebon",2026-09-14,32.09.24.2004,Arjawinangun,kecamatan,no,-6.6453,108.4103,Asia/Jakarta,"BMKG point: Arjawinangun, Kecamatan Arjawinangun",14-09-2026,CMA,Open-Meteo / CMA GRAPES,05:00,2026-09-14 05:00:00,24.3,82.0,0.0,11.9,0.0,0.9025,Cerah,wmo:0
arjawinangun,"Arjawinangun, Cirebon",2026-09-14,32.09.24.2004,Arjawinangun,kecamatan,no,-6.6453,108.4103,Asia/Jakarta,"BMKG point: Arjawinangun, Kecamatan Arjawinangun",14-09-2026,CMA,Open-Meteo / CMA GRAPES,06:00,2026-09-14 06:00:00,24.5,82.0,0.0,12.3,0.0,0.9025,Cerah,wmo:0
arjawinangun,"Arjawinangun, Cirebon",2026-09-14,32.09.24.2004,Arjawinangun,kecamatan,no,-6.6453,108.4103,Asia/Jakarta,"BMKG point: Arjawinangun, Kecamatan Arjawinangun",14-09-2026,CMA,Open-Meteo / CMA GRAPES,07:00,2026-09-14 07:00:00,25.0,80.0,0.0,12.4,0.0,0.9025,Cerah,wmo:0
arjawinangun,"Arjawinangun, Cirebon",2026-09-14,32.09.24.2004,Arjawinangun,kecamatan,no,-6.6453,108.4103,Asia/Jakarta,"BMKG point: Arjawinangun, Kecamatan Arjawinangun",14-09-2026,CMA,Open-Meteo / CMA GRAPES,08:00,2026-09-14 08:00:00,25.9,78.0,0.0,11.8,0.0,0.9025,Cerah,wmo:0
arjawinangun,"Arjawinangun, Cirebon",2026-09-14,32.09.24.2004,Arjawinangun,kecamatan,no,-6.6453,108.4103,Asia/Jakarta,"BMKG point: Arjawinangun, Kecamatan Arjawinangun",14-09-2026,CMA,Open-Meteo / CMA GRAPES,09:00,2026-09-14 09:00:00,27.2,74.0,0.0,10.6,0.0,0.9025,Cerah,wmo:0
arjawinangun,"Arjawinangun, Cirebon",2026-09-14,32.09.24.2004,Arjawinangun,kecamatan,no,-6.6453,108.4103,Asia/Jakarta,"BMKG point: Arjawinangun, Kecamatan Arjawinangun",14-09-2026,CMA,Open-Meteo / CMA GRAPES,10:00,2026-09-14 10:00:00,28.5,70.0,0.0,10.3,0.0,0.9025,Cerah,wmo:0
arjawinangun,"Arjawinangun, Cirebon",2026-09-14,32.09.24.2004,Arjawinangun,kecamatan,no,-6.6453,108.4103,Asia/Jakarta,"BMKG point: Arjawinangun, Kecamatan Arjawinangun",14-09-2026,CMA,Open-Meteo / CMA GRAPES,11:00,2026-09-14 11:00:00,29.9,63.0,0.0,11.1,0.0,0.9025,Cerah,wmo:0
arjawinangun,"Arjawinangun, Cirebon",2026-09-14,32.09.24.2004,Arjawinangun,kecamatan,no,-6.6453,108.4103,Asia/Jakarta,"BMKG point: Arjawinangun, Kecamatan Arjawinangun",14-09-2026,CMA,Open-Meteo / CMA GRAPES,12:00,2026-09-14 12:00:00,31.3,54.0,0.0,12.3,0.0,0.9025,Cerah,wmo:0
arjawinangun,"Arjawinangun, Cirebon",2026-09-14,32.09.24.2004,Arjawinangun,kecamatan,no,-6.6453,108.4103,Asia/Jakarta,"BMKG point: Arjawinangun, Kecamatan Arjawinangun",14-09-2026,CMA,Open-Meteo / CMA GRAPES,13:00,2026-09-14 13:00:00,32.2,48.0,0.0,13.1,0.0,0.9025,Cerah,wmo:0
arjawinangun,"Arjawinangun, Cirebon",2026-09-14,32.09.24.2004,Arjawinangun,kecamatan,no,-6.6453,108.4103,Asia/Jakarta,"BMKG point: Arjawinangun, Kecamatan Arjawinangun",14-09-2026,CMA,Open-Meteo / CMA GRAPES,14:00,2026-09-14 14:00:00,32.2,47.0,0.0,12.9,0.0,0.9025,Cerah,wmo:0
arjawinangun,"Arjawinangun, Cirebon",2026-09-14,32.09.24.2004,Arjawinangun,kecamatan,no,-6.6453,108.4103,Asia/Jakarta,"BMKG point: Arjawinangun, Kecamatan Arjawinangun",14-09-2026,CMA,Open-Meteo / CMA GRAPES,15:00,2026-09-14 15:00:00,31.7,49.0,0.0,12.6,0.0,0.9025,Cerah,wmo:0
arjawinangun,"Arjawinangun, Cirebon",2026-09-14,32.09.24.2004,Arjawinangun,kecamatan,no,-6.6453,108.4103,Asia/Jakarta,"BMKG point: Arjawinangun, Kecamatan Arjawinangun",14-09-2026,CMA,Open-Meteo / CMA GRAPES,16:00,2026-09-14 16:00:00,30.8,52.0,0.0,12.3,0.0,0.9025,Cerah,wmo:0
arjawinangun,"Arjawinangun, Cirebon",2026-09-14,32.09.24.2004,Arjawinangun,kecamatan,no,-6.6453,108.4103,Asia/Jakarta,"BMKG point: Arjawinangun, Kecamatan Arjawinangun",14-09-2026,CMA,Open-Meteo / CMA GRAPES,17:00,2026-09-14 17:00:00,29.4,57.0,0.0,12.2,0.0,0.9025,Cerah,wmo:0
arjawinangun,"Arjawinangun, Cirebon",2026-09-14,32.09.24.2004,Arjawinangun,kecamatan,no,-6.6453,108.4103,Asia/Jakarta,"BMKG point: Arjawinangun, Kecamatan Arjawinangun",14-09-2026,CMA,Open-Meteo / CMA GRAPES,18:00,2026-09-14 18:00:00,27.7,65.0,0.0,12.2,0.0,0.9025,Cerah,wmo:0
arjawinangun,"Arjawinangun, Cirebon",2026-09-14,32.09.24.2004,Arjawinangun,kecamatan,no,-6.6453,108.4103,Asia/Jakarta,"BMKG point: Arjawinangun, Kecamatan Arjawinangun",14-09-2026,CMA,Open-Meteo / CMA GRAPES,19:00,2026-09-14 19:00:00,26.2,71.0,0.0,12.2,0.0,0.9025,Cerah,wmo:0
arjawinangun,"Arjawinangun, Cirebon",2026-09-14,32.09.24.2004,Arjawinangun,kecamatan,no,-6.6453,108.4103,Asia/Jakarta,"BMKG point: Arjawinangun, Kecamatan Arjawinangun",14-09-2026,CMA,Open-Meteo / CMA GRAPES,20:00,2026-09-14 20:00:00,25.4,76.0,0.0,12.4,0.0,0.9025,Cerah,wmo:0
arjawinangun,"Arjawinangun, Cirebon",2026-09-14,32.09.24.2004,Arjawinangun,kecamatan,no,-6.6453,108.4103,Asia/Jakarta,"BMKG point: Arjawinangun, Kecamatan Arjawinangun",14-09-2026,CMA,Open-Meteo / CMA GRAPES,21:00,2026-09-14 21:00:00,24.8,80.0,0.0,12.3,0.0,0.9025,Cerah,wmo:0
arjawinangun,"Arjawinangun, Cirebon",2026-09-14,32.09.24.2004,Arjawinangun,kecamatan,no,-6.6453,108.4103,Asia/Jakarta,"BMKG point: Arjawinangun, Kecamatan Arjawinangun",14-09-2026,CMA,Open-Meteo / CMA GRAPES,22:00,2026-09-14 22:00:00,24.3,83.0,0.0,12.4,0.0,0.9025,Cerah,wmo:0
arjawinangun,"Arjawinangun, Cirebon",2026-09-14,32.09.24.2004,Arjawinangun,kecamatan,no,-6.6453,108.4103,Asia/Jakarta,"BMKG point: Arjawinangun, Kecamatan Arjawinangun",14-09-2026,CMA,Open-Meteo / CMA GRAPES,23:00,2026-09-14 23:00:00,23.9,85.0,0.0,12.3,0.0,0.9025,Cerah,wmo:0
arjawinangun,"Arjawinangun, Cirebon",2026-09-14,32.09.24.2004,Arjawinangun,kecamatan,no,-6.6453,108.4103,Asia/Jakarta,"BMKG point: Arjawinangun, Kecamatan Arjawinangun",14-09-2026,ECMWF,Open-Meteo / ECMWF,00:00,2026-09-14 00:00:00,24.8,79.0,0.0,4.0,0.0,1.3256,Berawan,wmo:3
arjawinangun,"Arjawinangun, Cirebon",2026-09-14,32.09.24.2004,Arjawinangun,kecamatan,no,-6.6453,108.4103,Asia/Jakarta,"BMKG point: Arjawinangun, Kecamatan Arjawinangun",14-09-2026,ECMWF,Open-Meteo / ECMWF,01:00,2026-09-14 01:00:00,24.3,80.0,0.0,4.0,0.0,1.3256,Cerah Berawan,wmo:2
arjawinangun,"Arjawinangun, Cirebon",2026-09-14,32.09.24.2004,Arjawinangun,kecamatan,no,-6.6453,108.4103,Asia/Jakarta,"BMKG point: Arjawinangun, Kecamatan Arjawinangun",14-09-2026,ECMWF,Open-Meteo / ECMWF,02:00,2026-09-14 02:00:00,23.5,82.0,0.0,4.3,0.0,1.3256,Berawan,wmo:3
arjawinangun,"Arjawinangun, Cirebon",2026-09-14,32.09.24.2004,Arjawinangun,kecamatan,no,-6.6453,108.4103,Asia/Jakarta,"BMKG point: Arjawinangun, Kecamatan Arjawinangun",14-09-2026,ECMWF,Open-Meteo / ECMWF,03:00,2026-09-14 03:00:00,22.7,85.0,0.0,4.7,0.0,1.3256,Berawan,wmo:3
arjawinangun,"Arjawinangun, Cirebon",2026-09-14,32.09.24.2004,Arjawinangun,kecamatan,no,-6.6453,108.4103,Asia/Jakarta,"BMKG point: Arjawinangun, Kecamatan Arjawinangun",14-09-2026,ECMWF,Open-Meteo / ECMWF,04:00,2026-09-14 04:00:00,22.5,85.0,0.0,4.6,0.0,1.3256,Berawan,wmo:3
arjawinangun,"Arjawinangun, Cirebon",2026-09-14,32.09.24.2004,Arjawinangun,kecamatan,no,-6.6453,108.4103,Asia/Jakarta,"BMKG point: Arjawinangun, Kecamatan Arjawinangun",14-09-2026,ECMWF,Open-Meteo / ECMWF,05:00,2026-09-14 05:00:00,23.1,82.0,0.0,4.2,0.0,1.3256,Cerah Berawan,wmo:2
arjawinangun,"Arjawinangun, Cirebon",2026-09-14,32.09.24.2004,Arjawinangun,kecamatan,no,-6.6453,108.4103,Asia/Jakarta,"BMKG point: Arjawinangun, Kecamatan Arjawinangun",14-09-2026,ECMWF,Open-Meteo / ECMWF,06:00,2026-09-14 06:00:00,24.4,76.0,0.0,3.7,0.0,1.3256,Cerah Berawan,wmo:1
arjawinangun,"Arjawinangun, Cirebon",2026-09-14,32.09.24.2004,Arjawinangun,kecamatan,no,-6.6453,108.4103,Asia/Jakarta,"BMKG point: Arjawinangun, Kecamatan Arjawinangun",14-09-2026,ECMWF,Open-Meteo / ECMWF,07:00,2026-09-14 07:00:00,26.0,69.0,0.0,3.0,0.0,1.3256,Cerah,wmo:0
arjawinangun,"Arjawinangun, Cirebon",2026-09-14,32.09.24.2004,Arjawinangun,kecamatan,no,-6.6453,108.4103,Asia/Jakarta,"BMKG point: Arjawinangun, Kecamatan Arjawinangun",14-09-2026,ECMWF,Open-Meteo / ECMWF,08:00,2026-09-14 08:00:00,28.5,58.0,0.0,4.3,0.0,1.3256,Cerah,wmo:0
arjawinangun,"Arjawinangun, Cirebon",2026-09-14,32.09.24.2004,Arjawinangun,kecamatan,no,-6.6453,108.4103,Asia/Jakarta,"BMKG point: Arjawinangun, Kecamatan Arjawinangun",14-09-2026,ECMWF,Open-Meteo / ECMWF,09:00,2026-09-14 09:00:00,31.4,44.0,0.0,7.7,0.0,1.3256,Cerah,wmo:0
arjawinangun,"Arjawinangun, Cirebon",2026-09-14,32.09.24.2004,Arjawinangun,kecamatan,no,-6.6453,108.4103,Asia/Jakarta,"BMKG point: Arjawinangun, Kecamatan Arjawinangun",14-09-2026,ECMWF,Open-Meteo / ECMWF,10:00,2026-09-14 10:00:00,33.5,35.0,0.0,10.1,0.0,1.3256,Cerah,wmo:0
arjawinangun,"Arjawinangun, Cirebon",2026-09-14,32.09.24.2004,Arjawinangun,kecamatan,no,-6.6453,108.4103,Asia/Jakarta,"BMKG point: Arjawinangun, Kecamatan Arjawinangun",14-09-2026,ECMWF,Open-Meteo / ECMWF,11:00,2026-09-14 11:00:00,34.2,34.0,0.0,11.9,0.0,1.3256,Cerah,wmo:0
arjawinangun,"Arjawinangun, Cirebon",2026-09-14,32.09.24.2004,Arjawinangun,kecamatan,no,-6.6453,108.4103,Asia/Jakarta,"BMKG point: Arjawinangun, Kecamatan Arjawinangun",14-09-2026,ECMWF,Open-Meteo / ECMWF,12:00,2026-09-14 12:00:00,34.0,37.0,0.0,15.4,0.0,1.3256,Cerah,wmo:0
arjawinangun,"Arjawinangun, Cirebon",2026-09-14,32.09.24.2004,Arjawinangun,kecamatan,no,-6.6453,108.4103,Asia/Jakarta,"BMKG point: Arjawinangun, Kecamatan Arjawinangun",14-09-2026,ECMWF,Open-Meteo / ECMWF,13:00,2026-09-14 13:00:00,33.5,41.0,0.0,18.2,0.0,1.3256,Cerah,wmo:0
arjawinangun,"Arjawinangun, Cirebon",2026-09-14,32.09.24.2004,Arjawinangun,kecamatan,no,-6.6453,108.4103,Asia/Jakarta,"BMKG point: Arjawinangun, Kecamatan Arjawinangun",14-09-2026,ECMWF,Open-Meteo / ECMWF,14:00,2026-09-14 14:00:00,32.7,46.0,0.0,17.6,0.0,1.3256,Cerah,wmo:0
arjawinangun,"Arjawinangun, Cirebon",2026-09-14,32.09.24.2004,Arjawinangun,kecamatan,no,-6.6453,108.4103,Asia/Jakarta,"BMKG point: Arjawinangun, Kecamatan Arjawinangun",14-09-2026,ECMWF,Open-Meteo / ECMWF,15:00,2026-09-14 15:00:00,31.7,52.0,0.0,15.0,0.0,1.3256,Cerah,wmo:0
arjawinangun,"Arjawinangun, Cirebon",2026-09-14,32.09.24.2004,Arjawinangun,kecamatan,no,-6.6453,108.4103,Asia/Jakarta,"BMKG point: Arjawinangun, Kecamatan Arjawinangun",14-09-2026,ECMWF,Open-Meteo / ECMWF,16:00,2026-09-14 16:00:00,30.6,57.0,0.0,12.3,0.0,1.3256,Cerah,wmo:0
arjawinangun,"Arjawinangun, Cirebon",2026-09-14,32.09.24.2004,Arjawinangun,kecamatan,no,-6.6453,108.4103,Asia/Jakarta,"BMKG point: Arjawinangun, Kecamatan Arjawinangun",14-09-2026,ECMWF,Open-Meteo / ECMWF,17:00,2026-09-14 17:00:00,29.5,61.0,0.0,10.2,0.0,1.3256,Cerah Berawan,wmo:1
arjawinangun,"Arjawinangun, Cirebon",2026-09-14,32.09.24.2004,Arjawinangun,kecamatan,no,-6.6453,108.4103,Asia/Jakarta,"BMKG point: Arjawinangun, Kecamatan Arjawinangun",14-09-2026,ECMWF,Open-Meteo / ECMWF,18:00,2026-09-14 18:00:00,28.4,65.0,0.0,8.8,0.0,1.3256,Cerah Berawan,wmo:2
arjawinangun,"Arjawinangun, Cirebon",2026-09-14,32.09.24.2004,Arjawinangun,kecamatan,no,-6.6453,108.4103,Asia/Jakarta,"BMKG point: Arjawinangun, Kecamatan Arjawinangun",14-09-2026,ECMWF,Open-Meteo / ECMWF,19:00,2026-09-14 19:00:00,27.4,68.0,0.0,7.9,0.0,1.3256,Berawan,wmo:3
arjawinangun,"Arjawinangun, Cirebon",2026-09-14,32.09.24.2004,Arjawinangun,kecamatan,no,-6.6453,108.4103,Asia/Jakarta,"BMKG point: Arjawinangun, Kecamatan Arjawinangun",14-09-2026,ECMWF,Open-Meteo / ECMWF,20:00,2026-09-14 20:00:00,26.4,71.0,0.0,6.1,0.0,1.3256,Berawan,wmo:3
arjawinangun,"Arjawinangun, Cirebon",2026-09-14,32.09.24.2004,Arjawinangun,kecamatan,no,-6.6453,108.4103,Asia/Jakarta,"BMKG point: Arjawinangun, Kecamatan Arjawinangun",14-09-2026,ECMWF,Open-Meteo / ECMWF,21:00,2026-09-14 21:00:00,25.6,74.0,0.0,4.8,0.0,1.3256,Berawan,wmo:3
arjawinangun,"Arjawinangun, Cirebon",2026-09-14,32.09.24.2004,Arjawinangun,kecamatan,no,-6.6453,108.4103,Asia/Jakarta,"BMKG point: Arjawinangun, Kecamatan Arjawinangun",14-09-2026,ECMWF,Open-Meteo / ECMWF,22:00,2026-09-14 22:00:00,24.8,76.0,0.0,4.8,0.0,1.3256,Berawan,wmo:3
arjawinangun,"Arjawinangun, Cirebon",2026-09-14,32.09.24.2004,Arjawinangun,kecamatan,no,-6.6453,108.4103,Asia/Jakarta,"BMKG point: Arjawinangun, Kecamatan Arjawinangun",14-09-2026,ECMWF,Open-Meteo / ECMWF,23:00,2026-09-14 23:00:00,24.2,78.0,0.0,4.9,0.0,1.3256,Berawan,wmo:3
arjawinangun,"Arjawinangun, Cirebon",2026-09-14,32.09.24.2004,Arjawinangun,kecamatan,no,-6.6453,108.4103,Asia/Jakarta,"BMKG point: Arjawinangun, Kecamatan Arjawinangun",14-09-2026,GFS,Open-Meteo / NOAA GFS,00:00,2026-09-14 00:00:00,24.8,71.0,0.0,7.9,0.0,1.4133,Berawan,wmo:3
arjawinangun,"Arjawinangun, Cirebon",2026-09-14,32.09.24.2004,Arjawinangun,kecamatan,no,-6.6453,108.4103,Asia/Jakarta,"BMKG point: Arjawinangun, Kecamatan Arjawinangun",14-09-2026,GFS,Open-Meteo / NOAA GFS,01:00,2026-09-14 01:00:00,24.5,71.0,0.0,6.8,0.0,1.4133,Berawan,wmo:3
arjawinangun,"Arjawinangun, Cirebon",2026-09-14,32.09.24.2004,Arjawinangun,kecamatan,no,-6.6453,108.4103,Asia/Jakarta,"BMKG point: Arjawinangun, Kecamatan Arjawinangun",14-09-2026,GFS,Open-Meteo / NOAA GFS,02:00,2026-09-14 02:00:00,24.2,72.0,0.0,6.8,0.0,1.4133,Berawan,wmo:3
arjawinangun,"Arjawinangun, Cirebon",2026-09-14,32.09.24.2004,Arjawinangun,kecamatan,no,-6.6453,108.4103,Asia/Jakarta,"BMKG point: Arjawinangun, Kecamatan Arjawinangun",14-09-2026,GFS,Open-Meteo / NOAA GFS,03:00,2026-09-14 03:00:00,23.9,72.0,0.0,6.1,0.0,1.4133,Cerah Berawan,wmo:2
arjawinangun,"Arjawinangun, Cirebon",2026-09-14,32.09.24.2004,Arjawinangun,kecamatan,no,-6.6453,108.4103,Asia/Jakarta,"BMKG point: Arjawinangun, Kecamatan Arjawinangun",14-09-2026,GFS,Open-Meteo / NOAA GFS,04:00,2026-09-14 04:00:00,23.6,72.0,0.0,5.4,0.0,1.4133,Cerah Berawan,wmo:1
arjawinangun,"Arjawinangun, Cirebon",2026-09-14,32.09.24.2004,Arjawinangun,kecamatan,no,-6.6453,108.4103,Asia/Jakarta,"BMKG point: Arjawinangun, Kecamatan Arjawinangun",14-09-2026,GFS,Open-Meteo / NOAA GFS,05:00,2026-09-14 05:00:00,23.3,72.0,0.0,4.3,0.0,1.4133,Berawan,wmo:3
arjawinangun,"Arjawinangun, Cirebon",2026-09-14,32.09.24.2004,Arjawinangun,kecamatan,no,-6.6453,108.4103,Asia/Jakarta,"BMKG point: Arjawinangun, Kecamatan Arjawinangun",14-09-2026,GFS,Open-Meteo / NOAA GFS,06:00,2026-09-14 06:00:00,23.5,70.0,0.0,4.8,0.0,1.4133,Cerah Berawan,wmo:1
arjawinangun,"Arjawinangun, Cirebon",2026-09-14,32.09.24.2004,Arjawinangun,kecamatan,no,-6.6453,108.4103,Asia/Jakarta,"BMKG point: Arjawinangun, Kecamatan Arjawinangun",14-09-2026,GFS,Open-Meteo / NOAA GFS,07:00,2026-09-14 07:00:00,26.4,59.0,0.0,5.2,0.0,1.4133,Cerah,wmo:0
arjawinangun,"Arjawinangun, Cirebon",2026-09-14,32.09.24.2004,Arjawinangun,kecamatan,no,-6.6453,108.4103,Asia/Jakarta,"BMKG point: Arjawinangun, Kecamatan Arjawinangun",14-09-2026,GFS,Open-Meteo / NOAA GFS,08:00,2026-09-14 08:00:00,29.6,49.0,0.0,10.2,0.0,1.4133,Cerah,wmo:0
arjawinangun,"Arjawinangun, Cirebon",2026-09-14,32.09.24.2004,Arjawinangun,kecamatan,no,-6.6453,108.4103,Asia/Jakarta,"BMKG point: Arjawinangun, Kecamatan Arjawinangun",14-09-2026,GFS,Open-Meteo / NOAA GFS,09:00,2026-09-14 09:00:00,32.3,38.0,0.0,17.7,0.0,1.4133,Cerah,wmo:0
arjawinangun,"Arjawinangun, Cirebon",2026-09-14,32.09.24.2004,Arjawinangun,kecamatan,no,-6.6453,108.4103,Asia/Jakarta,"BMKG point: Arjawinangun, Kecamatan Arjawinangun",14-09-2026,GFS,Open-Meteo / NOAA GFS,10:00,2026-09-14 10:00:00,33.2,36.0,0.0,21.7,0.0,1.4133,Cerah,wmo:0
arjawinangun,"Arjawinangun, Cirebon",2026-09-14,32.09.24.2004,Arjawinangun,kecamatan,no,-6.6453,108.4103,Asia/Jakarta,"BMKG point: Arjawinangun, Kecamatan Arjawinangun",14-09-2026,GFS,Open-Meteo / NOAA GFS,11:00,2026-09-14 11:00:00,33.3,38.0,0.0,26.9,0.0,1.4133,Cerah Berawan,wmo:2
arjawinangun,"Arjawinangun, Cirebon",2026-09-14,32.09.24.2004,Arjawinangun,kecamatan,no,-6.6453,108.4103,Asia/Jakarta,"BMKG point: Arjawinangun, Kecamatan Arjawinangun",14-09-2026,GFS,Open-Meteo / NOAA GFS,12:00,2026-09-14 12:00:00,33.3,40.0,0.0,27.3,0.0,1.4133,Cerah Berawan,wmo:1
arjawinangun,"Arjawinangun, Cirebon",2026-09-14,32.09.24.2004,Arjawinangun,kecamatan,no,-6.6453,108.4103,Asia/Jakarta,"BMKG point: Arjawinangun, Kecamatan Arjawinangun",14-09-2026,GFS,Open-Meteo / NOAA GFS,13:00,2026-09-14 13:00:00,33.0,42.0,0.0,24.7,0.0,1.4133,Cerah Berawan,wmo:2
arjawinangun,"Arjawinangun, Cirebon",2026-09-14,32.09.24.2004,Arjawinangun,kecamatan,no,-6.6453,108.4103,Asia/Jakarta,"BMKG point: Arjawinangun, Kecamatan Arjawinangun",14-09-2026,GFS,Open-Meteo / NOAA GFS,14:00,2026-09-14 14:00:00,32.6,44.0,0.0,22.4,0.0,1.4133,Cerah,wmo:0
arjawinangun,"Arjawinangun, Cirebon",2026-09-14,32.09.24.2004,Arjawinangun,kecamatan,no,-6.6453,108.4103,Asia/Jakarta,"BMKG point: Arjawinangun, Kecamatan Arjawinangun",14-09-2026,GFS,Open-Meteo / NOAA GFS,15:00,2026-09-14 15:00:00,31.7,48.0,0.0,22.7,0.0,1.4133,Cerah,wmo:0
arjawinangun,"Arjawinangun, Cirebon",2026-09-14,32.09.24.2004,Arjawinangun,kecamatan,no,-6.6453,108.4103,Asia/Jakarta,"BMKG point: Arjawinangun, Kecamatan Arjawinangun",14-09-2026,GFS,Open-Meteo / NOAA GFS,16:00,2026-09-14 16:00:00,30.5,52.0,0.0,21.8,0.0,1.4133,Cerah,wmo:0
arjawinangun,"Arjawinangun, Cirebon",2026-09-14,32.09.24.2004,Arjawinangun,kecamatan,no,-6.6453,108.4103,Asia/Jakarta,"BMKG point: Arjawinangun, Kecamatan Arjawinangun",14-09-2026,GFS,Open-Meteo / NOAA GFS,17:00,2026-09-14 17:00:00,28.8,60.0,0.0,19.0,0.0,1.4133,Cerah,wmo:0
arjawinangun,"Arjawinangun, Cirebon",2026-09-14,32.09.24.2004,Arjawinangun,kecamatan,no,-6.6453,108.4103,Asia/Jakarta,"BMKG point: Arjawinangun, Kecamatan Arjawinangun",14-09-2026,GFS,Open-Meteo / NOAA GFS,18:00,2026-09-14 18:00:00,27.0,69.0,0.0,12.7,0.0,1.4133,Cerah Berawan,wmo:2
arjawinangun,"Arjawinangun, Cirebon",2026-09-14,32.09.24.2004,Arjawinangun,kecamatan,no,-6.6453,108.4103,Asia/Jakarta,"BMKG point: Arjawinangun, Kecamatan Arjawinangun",14-09-2026,GFS,Open-Meteo / NOAA GFS,19:00,2026-09-14 19:00:00,26.3,74.0,0.0,10.1,0.0,1.4133,Cerah Berawan,wmo:2
arjawinangun,"Arjawinangun, Cirebon",2026-09-14,32.09.24.2004,Arjawinangun,kecamatan,no,-6.6453,108.4103,Asia/Jakarta,"BMKG point: Arjawinangun, Kecamatan Arjawinangun",14-09-2026,GFS,Open-Meteo / NOAA GFS,20:00,2026-09-14 20:00:00,25.9,75.0,0.0,9.9,0.0,1.4133,Berawan,wmo:3
arjawinangun,"Arjawinangun, Cirebon",2026-09-14,32.09.24.2004,Arjawinangun,kecamatan,no,-6.6453,108.4103,Asia/Jakarta,"BMKG point: Arjawinangun, Kecamatan Arjawinangun",14-09-2026,GFS,Open-Meteo / NOAA GFS,21:00,2026-09-14 21:00:00,25.6,73.0,0.0,9.7,0.0,1.4133,Berawan,wmo:3
arjawinangun,"Arjawinangun, Cirebon",2026-09-14,32.09.24.2004,Arjawinangun,kecamatan,no,-6.6453,108.4103,Asia/Jakarta,"BMKG point: Arjawinangun, Kecamatan Arjawinangun",14-09-2026,GFS,Open-Meteo / NOAA GFS,22:00,2026-09-14 22:00:00,25.0,74.0,0.0,8.7,0.0,1.4133,Berawan,wmo:3
arjawinangun,"Arjawinangun, Cirebon",2026-09-14,32.09.24.2004,Arjawinangun,kecamatan,no,-6.6453,108.4103,Asia/Jakarta,"BMKG point: Arjawinangun, Kecamatan Arjawinangun",14-09-2026,GFS,Open-Meteo / NOAA GFS,23:00,2026-09-14 23:00:00,24.2,74.0,0.0,6.1,0.0,1.4133,Berawan,wmo:3
arjawinangun,"Arjawinangun, Cirebon",2026-09-14,32.09.24.2004,Arjawinangun,kecamatan,no,-6.6453,108.4103,Asia/Jakarta,"BMKG point: Arjawinangun, Kecamatan Arjawinangun",14-09-2026,ICON,Open-Meteo / DWD ICON,00:00,2026-09-14 00:00:00,25.6,75.0,0.0,3.1,0.0,1.4848,Berawan,wmo:3
arjawinangun,"Arjawinangun, Cirebon",2026-09-14,32.09.24.2004,Arjawinangun,kecamatan,no,-6.6453,108.4103,Asia/Jakarta,"BMKG point: Arjawinangun, Kecamatan Arjawinangun",14-09-2026,ICON,Open-Meteo / DWD ICON,01:00,2026-09-14 01:00:00,25.1,75.0,0.0,2.9,0.0,1.4848,Cerah Berawan,wmo:2
arjawinangun,"Arjawinangun, Cirebon",2026-09-14,32.09.24.2004,Arjawinangun,kecamatan,no,-6.6453,108.4103,Asia/Jakarta,"BMKG point: Arjawinangun, Kecamatan Arjawinangun",14-09-2026,ICON,Open-Meteo / DWD ICON,02:00,2026-09-14 02:00:00,24.6,76.0,0.0,3.0,0.0,1.4848,Cerah Berawan,wmo:2
arjawinangun,"Arjawinangun, Cirebon",2026-09-14,32.09.24.2004,Arjawinangun,kecamatan,no,-6.6453,108.4103,Asia/Jakarta,"BMKG point: Arjawinangun, Kecamatan Arjawinangun",14-09-2026,ICON,Open-Meteo / DWD ICON,03:00,2026-09-14 03:00:00,24.2,77.0,0.0,3.0,0.0,1.4848,Cerah Berawan,wmo:1
arjawinangun,"Arjawinangun, Cirebon",2026-09-14,32.09.24.2004,Arjawinangun,kecamatan,no,-6.6453,108.4103,Asia/Jakarta,"BMKG point: Arjawinangun, Kecamatan Arjawinangun",14-09-2026,ICON,Open-Meteo / DWD ICON,04:00,2026-09-14 04:00:00,23.8,79.0,0.0,3.0,0.0,1.4848,Cerah,wmo:0
arjawinangun,"Arjawinangun, Cirebon",2026-09-14,32.09.24.2004,Arjawinangun,kecamatan,no,-6.6453,108.4103,Asia/Jakarta,"BMKG point: Arjawinangun, Kecamatan Arjawinangun",14-09-2026,ICON,Open-Meteo / DWD ICON,05:00,2026-09-14 05:00:00,23.4,79.0,0.0,3.0,0.0,1.4848,Cerah,wmo:0
arjawinangun,"Arjawinangun, Cirebon",2026-09-14,32.09.24.2004,Arjawinangun,kecamatan,no,-6.6453,108.4103,Asia/Jakarta,"BMKG point: Arjawinangun, Kecamatan Arjawinangun",14-09-2026,ICON,Open-Meteo / DWD ICON,06:00,2026-09-14 06:00:00,23.2,80.0,0.0,3.0,0.0,1.4848,Cerah,wmo:0
arjawinangun,"Arjawinangun, Cirebon",2026-09-14,32.09.24.2004,Arjawinangun,kecamatan,no,-6.6453,108.4103,Asia/Jakarta,"BMKG point: Arjawinangun, Kecamatan Arjawinangun",14-09-2026,ICON,Open-Meteo / DWD ICON,07:00,2026-09-14 07:00:00,25.2,75.0,0.0,3.3,0.0,1.4848,Cerah,wmo:0
arjawinangun,"Arjawinangun, Cirebon",2026-09-14,32.09.24.2004,Arjawinangun,kecamatan,no,-6.6453,108.4103,Asia/Jakarta,"BMKG point: Arjawinangun, Kecamatan Arjawinangun",14-09-2026,ICON,Open-Meteo / DWD ICON,08:00,2026-09-14 08:00:00,29.1,60.0,0.0,4.9,0.0,1.4848,Cerah,wmo:0
arjawinangun,"Arjawinangun, Cirebon",2026-09-14,32.09.24.2004,Arjawinangun,kecamatan,no,-6.6453,108.4103,Asia/Jakarta,"BMKG point: Arjawinangun, Kecamatan Arjawinangun",14-09-2026,ICON,Open-Meteo / DWD ICON,09:00,2026-09-14 09:00:00,31.9,48.0,0.0,6.9,0.0,1.4848,Cerah,wmo:0
arjawinangun,"Arjawinangun, Cirebon",2026-09-14,32.09.24.2004,Arjawinangun,kecamatan,no,-6.6453,108.4103,Asia/Jakarta,"BMKG point: Arjawinangun, Kecamatan Arjawinangun",14-09-2026,ICON,Open-Meteo / DWD ICON,10:00,2026-09-14 10:00:00,34.2,38.0,0.0,13.1,0.0,1.4848,Cerah,wmo:0
arjawinangun,"Arjawinangun, Cirebon",2026-09-14,32.09.24.2004,Arjawinangun,kecamatan,no,-6.6453,108.4103,Asia/Jakarta,"BMKG point: Arjawinangun, Kecamatan Arjawinangun",14-09-2026,ICON,Open-Meteo / DWD ICON,11:00,2026-09-14 11:00:00,35.6,32.0,0.0,15.3,0.0,1.4848,Cerah,wmo:0
arjawinangun,"Arjawinangun, Cirebon",2026-09-14,32.09.24.2004,Arjawinangun,kecamatan,no,-6.6453,108.4103,Asia/Jakarta,"BMKG point: Arjawinangun, Kecamatan Arjawinangun",14-09-2026,ICON,Open-Meteo / DWD ICON,12:00,2026-09-14 12:00:00,36.2,33.0,0.0,17.3,0.0,1.4848,Cerah,wmo:0
arjawinangun,"Arjawinangun, Cirebon",2026-09-14,32.09.24.2004,Arjawinangun,kecamatan,no,-6.6453,108.4103,Asia/Jakarta,"BMKG point: Arjawinangun, Kecamatan Arjawinangun",14-09-2026,ICON,Open-Meteo / DWD ICON,13:00,2026-09-14 13:00:00,35.9,38.0,0.0,20.3,0.0,1.4848,Cerah,wmo:0
arjawinangun,"Arjawinangun, Cirebon",2026-09-14,32.09.24.2004,Arjawinangun,kecamatan,no,-6.6453,108.4103,Asia/Jakarta,"BMKG point: Arjawinangun, Kecamatan Arjawinangun",14-09-2026,ICON,Open-Meteo / DWD ICON,14:00,2026-09-14 14:00:00,33.7,49.0,0.0,23.3,0.0,1.4848,Cerah,wmo:0
arjawinangun,"Arjawinangun, Cirebon",2026-09-14,32.09.24.2004,Arjawinangun,kecamatan,no,-6.6453,108.4103,Asia/Jakarta,"BMKG point: Arjawinangun, Kecamatan Arjawinangun",14-09-2026,ICON,Open-Meteo / DWD ICON,15:00,2026-09-14 15:00:00,33.0,48.0,0.0,21.9,0.0,1.4848,Cerah,wmo:0
arjawinangun,"Arjawinangun, Cirebon",2026-09-14,32.09.24.2004,Arjawinangun,kecamatan,no,-6.6453,108.4103,Asia/Jakarta,"BMKG point: Arjawinangun, Kecamatan Arjawinangun",14-09-2026,ICON,Open-Meteo / DWD ICON,16:00,2026-09-14 16:00:00,31.7,55.0,0.0,18.5,0.0,1.4848,Cerah,wmo:0
arjawinangun,"Arjawinangun, Cirebon",2026-09-14,32.09.24.2004,Arjawinangun,kecamatan,no,-6.6453,108.4103,Asia/Jakarta,"BMKG point: Arjawinangun, Kecamatan Arjawinangun",14-09-2026,ICON,Open-Meteo / DWD ICON,17:00,2026-09-14 17:00:00,30.1,58.0,0.0,16.1,0.0,1.4848,Cerah,wmo:0
arjawinangun,"Arjawinangun, Cirebon",2026-09-14,32.09.24.2004,Arjawinangun,kecamatan,no,-6.6453,108.4103,Asia/Jakarta,"BMKG point: Arjawinangun, Kecamatan Arjawinangun",14-09-2026,ICON,Open-Meteo / DWD ICON,18:00,2026-09-14 18:00:00,28.6,67.0,0.0,12.1,0.0,1.4848,Cerah,wmo:0
arjawinangun,"Arjawinangun, Cirebon",2026-09-14,32.09.24.2004,Arjawinangun,kecamatan,no,-6.6453,108.4103,Asia/Jakarta,"BMKG point: Arjawinangun, Kecamatan Arjawinangun",14-09-2026,ICON,Open-Meteo / DWD ICON,19:00,2026-09-14 19:00:00,27.6,72.0,0.0,7.9,0.0,1.4848,Cerah,wmo:0
arjawinangun,"Arjawinangun, Cirebon",2026-09-14,32.09.24.2004,Arjawinangun,kecamatan,no,-6.6453,108.4103,Asia/Jakarta,"BMKG point: Arjawinangun, Kecamatan Arjawinangun",14-09-2026,ICON,Open-Meteo / DWD ICON,20:00,2026-09-14 20:00:00,26.6,73.0,0.0,4.4,0.0,1.4848,Cerah,wmo:0
arjawinangun,"Arjawinangun, Cirebon",2026-09-14,32.09.24.2004,Arjawinangun,kecamatan,no,-6.6453,108.4103,Asia/Jakarta,"BMKG point: Arjawinangun, Kecamatan Arjawinangun",14-09-2026,ICON,Open-Meteo / DWD ICON,21:00,2026-09-14 21:00:00,25.8,70.0,0.0,3.4,0.0,1.4848,Cerah Berawan,wmo:1
arjawinangun,"Arjawinangun, Cirebon",2026-09-14,32.09.24.2004,Arjawinangun,kecamatan,no,-6.6453,108.4103,Asia/Jakarta,"BMKG point: Arjawinangun, Kecamatan Arjawinangun",14-09-2026,ICON,Open-Meteo / DWD ICON,22:00,2026-09-14 22:00:00,24.9,68.0,0.0,2.6,0.0,1.4848,Cerah Berawan,wmo:1
arjawinangun,"Arjawinangun, Cirebon",2026-09-14,32.09.24.2004,Arjawinangun,kecamatan,no,-6.6453,108.4103,Asia/Jakarta,"BMKG point: Arjawinangun, Kecamatan Arjawinangun",14-09-2026,ICON,Open-Meteo / DWD ICON,23:00,2026-09-14 23:00:00,24.4,69.0,0.0,1.8,0.0,1.4848,Cerah Berawan,wmo:1
arjawinangun,"Arjawinangun, Cirebon",2026-09-14,32.09.24.2004,Arjawinangun,kecamatan,no,-6.6453,108.4103,Asia/Jakarta,"BMKG point: Arjawinangun, Kecamatan Arjawinangun",14-09-2026,KMA,Open-Meteo / KMA,00:00,2026-09-14 00:00:00,,,,,0.0,0.4199,Berawan,wmo:None
arjawinangun,"Arjawinangun, Cirebon",2026-09-14,32.09.24.2004,Arjawinangun,kecamatan,no,-6.6453,108.4103,Asia/Jakarta,"BMKG point: Arjawinangun, Kecamatan Arjawinangun",14-09-2026,KMA,Open-Meteo / KMA,01:00,2026-09-14 01:00:00,,,,,0.0,0.4199,Berawan,wmo:None
arjawinangun,"Arjawinangun, Cirebon",2026-09-14,32.09.24.2004,Arjawinangun,kecamatan,no,-6.6453,108.4103,Asia/Jakarta,"BMKG point: Arjawinangun, Kecamatan Arjawinangun",14-09-2026,KMA,Open-Meteo / KMA,02:00,2026-09-14 02:00:00,,,,,0.0,0.4199,Berawan,wmo:None
arjawinangun,"Arjawinangun, Cirebon",2026-09-14,32.09.24.2004,Arjawinangun,kecamatan,no,-6.6453,108.4103,Asia/Jakarta,"BMKG point: Arjawinangun, Kecamatan Arjawinangun",14-09-2026,KMA,Open-Meteo / KMA,03:00,2026-09-14 03:00:00,,,,,0.0,0.4199,Berawan,wmo:None
arjawinangun,"Arjawinangun, Cirebon",2026-09-14,32.09.24.2004,Arjawinangun,kecamatan,no,-6.6453,108.4103,Asia/Jakarta,"BMKG point: Arjawinangun, Kecamatan Arjawinangun",14-09-2026,KMA,Open-Meteo / KMA,04:00,2026-09-14 04:00:00,,,,,0.0,0.4199,Berawan,wmo:None
arjawinangun,"Arjawinangun, Cirebon",2026-09-14,32.09.24.2004,Arjawinangun,kecamatan,no,-6.6453,108.4103,Asia/Jakarta,"BMKG point: Arjawinangun, Kecamatan Arjawinangun",14-09-2026,KMA,Open-Meteo / KMA,05:00,2026-09-14 05:00:00,,,,,0.0,0.4199,Berawan,wmo:None
arjawinangun,"Arjawinangun, Cirebon",2026-09-14,32.09.24.2004,Arjawinangun,kecamatan,no,-6.6453,108.4103,Asia/Jakarta,"BMKG point: Arjawinangun, Kecamatan Arjawinangun",14-09-2026,KMA,Open-Meteo / KMA,06:00,2026-09-14 06:00:00,,,,,0.0,0.4199,Berawan,wmo:None
arjawinangun,"Arjawinangun, Cirebon",2026-09-14,32.09.24.2004,Arjawinangun,kecamatan,no,-6.6453,108.4103,Asia/Jakarta,"BMKG point: Arjawinangun, Kecamatan Arjawinangun",14-09-2026,KMA,Open-Meteo / KMA,07:00,2026-09-14 07:00:00,,,,,0.0,0.4199,Berawan,wmo:None
arjawinangun,"Arjawinangun, Cirebon",2026-09-14,32.09.24.2004,Arjawinangun,kecamatan,no,-6.6453,108.4103,Asia/Jakarta,"BMKG point: Arjawinangun, Kecamatan Arjawinangun",14-09-2026,KMA,Open-Meteo / KMA,08:00,2026-09-14 08:00:00,,,,,0.0,0.4199,Berawan,wmo:None
arjawinangun,"Arjawinangun, Cirebon",2026-09-14,32.09.24.2004,Arjawinangun,kecamatan,no,-6.6453,108.4103,Asia/Jakarta,"BMKG point: Arjawinangun, Kecamatan Arjawinangun",14-09-2026,KMA,Open-Meteo / KMA,09:00,2026-09-14 09:00:00,,,,,0.0,0.4199,Berawan,wmo:None
arjawinangun,"Arjawinangun, Cirebon",2026-09-14,32.09.24.2004,Arjawinangun,kecamatan,no,-6.6453,108.4103,Asia/Jakarta,"BMKG point: Arjawinangun, Kecamatan Arjawinangun",14-09-2026,KMA,Open-Meteo / KMA,10:00,2026-09-14 10:00:00,,,,,0.0,0.4199,Berawan,wmo:None
arjawinangun,"Arjawinangun, Cirebon",2026-09-14,32.09.24.2004,Arjawinangun,kecamatan,no,-6.6453,108.4103,Asia/Jakarta,"BMKG point: Arjawinangun, Kecamatan Arjawinangun",14-09-2026,KMA,Open-Meteo / KMA,11:00,2026-09-14 11:00:00,,,,,0.0,0.4199,Berawan,wmo:None
arjawinangun,"Arjawinangun, Cirebon",2026-09-14,32.09.24.2004,Arjawinangun,kecamatan,no,-6.6453,108.4103,Asia/Jakarta,"BMKG point: Arjawinangun, Kecamatan Arjawinangun",14-09-2026,KMA,Open-Meteo / KMA,12:00,2026-09-14 12:00:00,,,,,0.0,0.4199,Berawan,wmo:None
arjawinangun,"Arjawinangun, Cirebon",2026-09-14,32.09.24.2004,Arjawinangun,kecamatan,no,-6.6453,108.4103,Asia/Jakarta,"BMKG point: Arjawinangun, Kecamatan Arjawinangun",14-09-2026,KMA,Open-Meteo / KMA,13:00,2026-09-14 13:00:00,,,,,0.0,0.4199,Berawan,wmo:None
arjawinangun,"Arjawinangun, Cirebon",2026-09-14,32.09.24.2004,Arjawinangun,kecamatan,no,-6.6453,108.4103,Asia/Jakarta,"BMKG point: Arjawinangun, Kecamatan Arjawinangun",14-09-2026,KMA,Open-Meteo / KMA,14:00,2026-09-14 14:00:00,,,,,0.0,0.4199,Berawan,wmo:None
arjawinangun,"Arjawinangun, Cirebon",2026-09-14,32.09.24.2004,Arjawinangun,kecamatan,no,-6.6453,108.4103,Asia/Jakarta,"BMKG point: Arjawinangun, Kecamatan Arjawinangun",14-09-2026,KMA,Open-Meteo / KMA,15:00,2026-09-14 15:00:00,,,,,0.0,0.4199,Berawan,wmo:None
arjawinangun,"Arjawinangun, Cirebon",2026-09-14,32.09.24.2004,Arjawinangun,kecamatan,no,-6.6453,108.4103,Asia/Jakarta,"BMKG point: Arjawinangun, Kecamatan Arjawinangun",14-09-2026,KMA,Open-Meteo / KMA,16:00,2026-09-14 16:00:00,,,,,0.0,0.4199,Berawan,wmo:None
arjawinangun,"Arjawinangun, Cirebon",2026-09-14,32.09.24.2004,Arjawinangun,kecamatan,no,-6.6453,108.4103,Asia/Jakarta,"BMKG point: Arjawinangun, Kecamatan Arjawinangun",14-09-2026,KMA,Open-Meteo / KMA,17:00,2026-09-14 17:00:00,,,,,0.0,0.4199,Berawan,wmo:None
arjawinangun,"Arjawinangun, Cirebon",2026-09-14,32.09.24.2004,Arjawinangun,kecamatan,no,-6.6453,108.4103,Asia/Jakarta,"BMKG point: Arjawinangun, Kecamatan Arjawinangun",14-09-2026,KMA,Open-Meteo / KMA,18:00,2026-09-14 18:00:00,,,,,0.0,0.4199,Berawan,wmo:None
arjawinangun,"Arjawinangun, Cirebon",2026-09-14,32.09.24.2004,Arjawinangun,kecamatan,no,-6.6453,108.4103,Asia/Jakarta,"BMKG point: Arjawinangun, Kecamatan Arjawinangun",14-09-2026,KMA,Open-Meteo / KMA,19:00,2026-09-14 19:00:00,,,,,0.0,0.4199,Berawan,wmo:None
arjawinangun,"Arjawinangun, Cirebon",2026-09-14,32.09.24.2004,Arjawinangun,kecamatan,no,-6.6453,108.4103,Asia/Jakarta,"BMKG point: Arjawinangun, Kecamatan Arjawinangun",14-09-2026,KMA,Open-Meteo / KMA,20:00,2026-09-14 20:00:00,,,,,0.0,0.4199,Berawan,wmo:None
arjawinangun,"Arjawinangun, Cirebon",2026-09-14,32.09.24.2004,Arjawinangun,kecamatan,no,-6.6453,108.4103,Asia/Jakarta,"BMKG point: Arjawinangun, Kecamatan Arjawinangun",14-09-2026,KMA,Open-Meteo / KMA,21:00,2026-09-14 21:00:00,,,,,0.0,0.4199,Berawan,wmo:None
arjawinangun,"Arjawinangun, Cirebon",2026-09-14,32.09.24.2004,Arjawinangun,kecamatan,no,-6.6453,108.4103,Asia/Jakarta,"BMKG point: Arjawinangun, Kecamatan Arjawinangun",14-09-2026,KMA,Open-Meteo / KMA,22:00,2026-09-14 22:00:00,,,,,0.0,0.4199,Berawan,wmo:None
arjawinangun,"Arjawinangun, Cirebon",2026-09-14,32.09.24.2004,Arjawinangun,kecamatan,no,-6.6453,108.4103,Asia/Jakarta,"BMKG point: Arjawinangun, Kecamatan Arjawinangun",14-09-2026,KMA,Open-Meteo / KMA,23:00,2026-09-14 23:00:00,,,,,0.0,0.4199,Berawan,wmo:None
arjawinangun,"Arjawinangun, Cirebon",2026-09-14,32.09.24.2004,Arjawinangun,kecamatan,no,-6.6453,108.4103,Asia/Jakarta,"BMKG point: Arjawinangun, Kecamatan Arjawinangun",14-09-2026,METEOFRANCE,Open-Meteo / Meteo-France,00:00,2026-09-14 00:00:00,27.8,68.0,0.0,11.5,0.0,1.2045,Berawan,wmo:3
arjawinangun,"Arjawinangun, Cirebon",2026-09-14,32.09.24.2004,Arjawinangun,kecamatan,no,-6.6453,108.4103,Asia/Jakarta,"BMKG point: Arjawinangun, Kecamatan Arjawinangun",14-09-2026,METEOFRANCE,Open-Meteo / Meteo-France,01:00,2026-09-14 01:00:00,27.5,68.0,0.0,11.9,0.0,1.2045,Cerah Berawan,wmo:2
arjawinangun,"Arjawinangun, Cirebon",2026-09-14,32.09.24.2004,Arjawinangun,kecamatan,no,-6.6453,108.4103,Asia/Jakarta,"BMKG point: Arjawinangun, Kecamatan Arjawinangun",14-09-2026,METEOFRANCE,Open-Meteo / Meteo-France,02:00,2026-09-14 02:00:00,27.3,69.0,0.0,12.7,0.0,1.2045,Cerah Berawan,wmo:2
arjawinangun,"Arjawinangun, Cirebon",2026-09-14,32.09.24.2004,Arjawinangun,kecamatan,no,-6.6453,108.4103,Asia/Jakarta,"BMKG point: Arjawinangun, Kecamatan Arjawinangun",14-09-2026,METEOFRANCE,Open-Meteo / Meteo-France,03:00,2026-09-14 03:00:00,27.1,70.0,0.0,13.3,0.0,1.2045,Cerah Berawan,wmo:2
arjawinangun,"Arjawinangun, Cirebon",2026-09-14,32.09.24.2004,Arjawinangun,kecamatan,no,-6.6453,108.4103,Asia/Jakarta,"BMKG point: Arjawinangun, Kecamatan Arjawinangun",14-09-2026,METEOFRANCE,Open-Meteo / Meteo-France,04:00,2026-09-14 04:00:00,26.8,71.0,0.0,14.0,0.0,1.2045,Cerah Berawan,wmo:2
arjawinangun,"Arjawinangun, Cirebon",2026-09-14,32.09.24.2004,Arjawinangun,kecamatan,no,-6.6453,108.4103,Asia/Jakarta,"BMKG point: Arjawinangun, Kecamatan Arjawinangun",14-09-2026,METEOFRANCE,Open-Meteo / Meteo-France,05:00,2026-09-14 05:00:00,26.7,71.0,0.0,15.1,0.0,1.2045,Berawan,wmo:3
arjawinangun,"Arjawinangun, Cirebon",2026-09-14,32.09.24.2004,Arjawinangun,kecamatan,no,-6.6453,108.4103,Asia/Jakarta,"BMKG point: Arjawinangun, Kecamatan Arjawinangun",14-09-2026,METEOFRANCE,Open-Meteo / Meteo-France,06:00,2026-09-14 06:00:00,26.7,70.0,0.0,15.9,0.0,1.2045,Berawan,wmo:3
arjawinangun,"Arjawinangun, Cirebon",2026-09-14,32.09.24.2004,Arjawinangun,kecamatan,no,-6.6453,108.4103,Asia/Jakarta,"BMKG point: Arjawinangun, Kecamatan Arjawinangun",14-09-2026,METEOFRANCE,Open-Meteo / Meteo-France,07:00,2026-09-14 07:00:00,27.5,65.0,0.0,15.5,0.0,1.2045,Cerah Berawan,wmo:2
arjawinangun,"Arjawinangun, Cirebon",2026-09-14,32.09.24.2004,Arjawinangun,kecamatan,no,-6.6453,108.4103,Asia/Jakarta,"BMKG point: Arjawinangun, Kecamatan Arjawinangun",14-09-2026,METEOFRANCE,Open-Meteo / Meteo-France,08:00,2026-09-14 08:00:00,29.6,57.0,0.0,14.4,0.0,1.2045,Cerah Berawan,wmo:1
arjawinangun,"Arjawinangun, Cirebon",2026-09-14,32.09.24.2004,Arjawinangun,kecamatan,no,-6.6453,108.4103,Asia/Jakarta,"BMKG point: Arjawinangun, Kecamatan Arjawinangun",14-09-2026,METEOFRANCE,Open-Meteo / Meteo-France,09:00,2026-09-14 09:00:00,31.9,45.0,0.0,13.7,0.0,1.2045,Cerah Berawan,wmo:1
arjawinangun,"Arjawinangun, Cirebon",2026-09-14,32.09.24.2004,Arjawinangun,kecamatan,no,-6.6453,108.4103,Asia/Jakarta,"BMKG point: Arjawinangun, Kecamatan Arjawinangun",14-09-2026,METEOFRANCE,Open-Meteo / Meteo-France,10:00,2026-09-14 10:00:00,33.6,38.0,0.0,14.3,0.0,1.2045,Cerah Berawan,wmo:1
arjawinangun,"Arjawinangun, Cirebon",2026-09-14,32.09.24.2004,Arjawinangun,kecamatan,no,-6.6453,108.4103,Asia/Jakarta,"BMKG point: Arjawinangun, Kecamatan Arjawinangun",14-09-2026,METEOFRANCE,Open-Meteo / Meteo-France,11:00,2026-09-14 11:00:00,34.7,36.0,0.0,14.3,0.0,1.2045,Cerah Berawan,wmo:1
arjawinangun,"Arjawinangun, Cirebon",2026-09-14,32.09.24.2004,Arjawinangun,kecamatan,no,-6.6453,108.4103,Asia/Jakarta,"BMKG point: Arjawinangun, Kecamatan Arjawinangun",14-09-2026,METEOFRANCE,Open-Meteo / Meteo-France,12:00,2026-09-14 12:00:00,35.7,34.0,0.0,14.5,0.0,1.2045,Cerah Berawan,wmo:1
arjawinangun,"Arjawinangun, Cirebon",2026-09-14,32.09.24.2004,Arjawinangun,kecamatan,no,-6.6453,108.4103,Asia/Jakarta,"BMKG point: Arjawinangun, Kecamatan Arjawinangun",14-09-2026,METEOFRANCE,Open-Meteo / Meteo-France,13:00,2026-09-14 13:00:00,36.2,33.0,0.0,15.5,0.0,1.2045,Cerah Berawan,wmo:1
arjawinangun,"Arjawinangun, Cirebon",2026-09-14,32.09.24.2004,Arjawinangun,kecamatan,no,-6.6453,108.4103,Asia/Jakarta,"BMKG point: Arjawinangun, Kecamatan Arjawinangun",14-09-2026,METEOFRANCE,Open-Meteo / Meteo-France,14:00,2026-09-14 14:00:00,36.1,35.0,0.0,17.3,0.0,1.2045,Cerah Berawan,wmo:2
arjawinangun,"Arjawinangun, Cirebon",2026-09-14,32.09.24.2004,Arjawinangun,kecamatan,no,-6.6453,108.4103,Asia/Jakarta,"BMKG point: Arjawinangun, Kecamatan Arjawinangun",14-09-2026,METEOFRANCE,Open-Meteo / Meteo-France,15:00,2026-09-14 15:00:00,35.0,39.0,0.0,18.2,0.0,1.2045,Cerah Berawan,wmo:2
arjawinangun,"Arjawinangun, Cirebon",2026-09-14,32.09.24.2004,Arjawinangun,kecamatan,no,-6.6453,108.4103,Asia/Jakarta,"BMKG point: Arjawinangun, Kecamatan Arjawinangun",14-09-2026,METEOFRANCE,Open-Meteo / Meteo-France,16:00,2026-09-14 16:00:00,33.4,46.0,0.0,18.2,0.0,1.2045,Cerah Berawan,wmo:2
arjawinangun,"Arjawinangun, Cirebon",2026-09-14,32.09.24.2004,Arjawinangun,kecamatan,no,-6.6453,108.4103,Asia/Jakarta,"BMKG point: Arjawinangun, Kecamatan Arjawinangun",14-09-2026,METEOFRANCE,Open-Meteo / Meteo-France,17:00,2026-09-14 17:00:00,31.6,54.0,0.0,16.4,0.0,1.2045,Cerah Berawan,wmo:2
arjawinangun,"Arjawinangun, Cirebon",2026-09-14,32.09.24.2004,Arjawinangun,kecamatan,no,-6.6453,108.4103,Asia/Jakarta,"BMKG point: Arjawinangun, Kecamatan Arjawinangun",14-09-2026,METEOFRANCE,Open-Meteo / Meteo-France,18:00,2026-09-14 18:00:00,30.1,60.0,0.0,14.4,0.0,1.2045,Cerah Berawan,wmo:1
arjawinangun,"Arjawinangun, Cirebon",2026-09-14,32.09.24.2004,Arjawinangun,kecamatan,no,-6.6453,108.4103,Asia/Jakarta,"BMKG point: Arjawinangun, Kecamatan Arjawinangun",14-09-2026,METEOFRANCE,Open-Meteo / Meteo-France,19:00,2026-09-14 19:00:00,29.3,64.0,0.0,12.1,0.0,1.2045,Cerah Berawan,wmo:1
arjawinangun,"Arjawinangun, Cirebon",2026-09-14,32.09.24.2004,Arjawinangun,kecamatan,no,-6.6453,108.4103,Asia/Jakarta,"BMKG point: Arjawinangun, Kecamatan Arjawinangun",14-09-2026,METEOFRANCE,Open-Meteo / Meteo-France,20:00,2026-09-14 20:00:00,28.9,65.0,0.0,9.7,0.0,1.2045,Cerah Berawan,wmo:2
arjawinangun,"Arjawinangun, Cirebon",2026-09-14,32.09.24.2004,Arjawinangun,kecamatan,no,-6.6453,108.4103,Asia/Jakarta,"BMKG point: Arjawinangun, Kecamatan Arjawinangun",14-09-2026,METEOFRANCE,Open-Meteo / Meteo-France,21:00,2026-09-14 21:00:00,28.5,64.0,0.0,11.0,0.0,1.2045,Cerah Berawan,wmo:2
arjawinangun,"Arjawinangun, Cirebon",2026-09-14,32.09.24.2004,Arjawinangun,kecamatan,no,-6.6453,108.4103,Asia/Jakarta,"BMKG point: Arjawinangun, Kecamatan Arjawinangun",14-09-2026,METEOFRANCE,Open-Meteo / Meteo-France,22:00,2026-09-14 22:00:00,27.9,62.0,0.0,14.7,0.0,1.2045,Berawan,wmo:3
arjawinangun,"Arjawinangun, Cirebon",2026-09-14,32.09.24.2004,Arjawinangun,kecamatan,no,-6.6453,108.4103,Asia/Jakarta,"BMKG point: Arjawinangun, Kecamatan Arjawinangun",14-09-2026,METEOFRANCE,Open-Meteo / Meteo-France,23:00,2026-09-14 23:00:00,27.3,63.0,0.0,16.2,0.0,1.2045,Cerah Berawan,wmo:2
arjawinangun,"Arjawinangun, Cirebon",2026-09-14,32.09.24.2004,Arjawinangun,kecamatan,no,-6.6453,108.4103,Asia/Jakarta,"BMKG point: Arjawinangun, Kecamatan Arjawinangun",14-09-2026,METNO,MET Norway,00:00,2026-09-14 00:00:00,26.1,74.6,0.0,15.48,0.0,1.3744,Cerah Berawan,partlycloudy_night
arjawinangun,"Arjawinangun, Cirebon",2026-09-14,32.09.24.2004,Arjawinangun,kecamatan,no,-6.6453,108.4103,Asia/Jakarta,"BMKG point: Arjawinangun, Kecamatan Arjawinangun",14-09-2026,METNO,MET Norway,01:00,2026-09-14 01:00:00,25.6,76.1,0.0,15.12,0.0,1.3744,Cerah Berawan,partlycloudy_night
arjawinangun,"Arjawinangun, Cirebon",2026-09-14,32.09.24.2004,Arjawinangun,kecamatan,no,-6.6453,108.4103,Asia/Jakarta,"BMKG point: Arjawinangun, Kecamatan Arjawinangun",14-09-2026,METNO,MET Norway,02:00,2026-09-14 02:00:00,25.0,77.5,0.0,13.32,0.0,1.3744,Cerah Berawan,fair_night
arjawinangun,"Arjawinangun, Cirebon",2026-09-14,32.09.24.2004,Arjawinangun,kecamatan,no,-6.6453,108.4103,Asia/Jakarta,"BMKG point: Arjawinangun, Kecamatan Arjawinangun",14-09-2026,METNO,MET Norway,03:00,2026-09-14 03:00:00,24.2,78.5,0.0,8.64,0.0,1.3744,Cerah Berawan,partlycloudy_night
arjawinangun,"Arjawinangun, Cirebon",2026-09-14,32.09.24.2004,Arjawinangun,kecamatan,no,-6.6453,108.4103,Asia/Jakarta,"BMKG point: Arjawinangun, Kecamatan Arjawinangun",14-09-2026,METNO,MET Norway,04:00,2026-09-14 04:00:00,23.6,79.1,0.0,6.48,0.0,1.3744,Cerah Berawan,partlycloudy_night
arjawinangun,"Arjawinangun, Cirebon",2026-09-14,32.09.24.2004,Arjawinangun,kecamatan,no,-6.6453,108.4103,Asia/Jakarta,"BMKG point: Arjawinangun, Kecamatan Arjawinangun",14-09-2026,METNO,MET Norway,05:00,2026-09-14 05:00:00,23.2,80.0,0.0,7.2,0.0,1.3744,Cerah Berawan,partlycloudy_night
arjawinangun,"Arjawinangun, Cirebon",2026-09-14,32.09.24.2004,Arjawinangun,kecamatan,no,-6.6453,108.4103,Asia/Jakarta,"BMKG point: Arjawinangun, Kecamatan Arjawinangun",14-09-2026,METNO,MET Norway,06:00,2026-09-14 06:00:00,23.1,79.5,0.0,7.92,0.0,1.3744,Cerah Berawan,fair_day
arjawinangun,"Arjawinangun, Cirebon",2026-09-14,32.09.24.2004,Arjawinangun,kecamatan,no,-6.6453,108.4103,Asia/Jakarta,"BMKG point: Arjawinangun, Kecamatan Arjawinangun",14-09-2026,METNO,MET Norway,07:00,2026-09-14 07:00:00,25.6,68.7,0.0,7.92,0.0,1.3744,Cerah Berawan,fair_day
arjawinangun,"Arjawinangun, Cirebon",2026-09-14,32.09.24.2004,Arjawinangun,kecamatan,no,-6.6453,108.4103,Asia/Jakarta,"BMKG point: Arjawinangun, Kecamatan Arjawinangun",14-09-2026,METNO,MET Norway,08:00,2026-09-14 08:00:00,28.5,54.5,0.0,8.28,0.0,1.3744,Cerah,clearsky_day
arjawinangun,"Arjawinangun, Cirebon",2026-09-14,32.09.24.2004,Arjawinangun,kecamatan,no,-6.6453,108.4103,Asia/Jakarta,"BMKG point: Arjawinangun, Kecamatan Arjawinangun",14-09-2026,METNO,MET Norway,09:00,2026-09-14 09:00:00,31.1,45.0,0.0,12.24,0.0,1.3744,Cerah,clearsky_day
arjawinangun,"Arjawinangun, Cirebon",2026-09-14,32.09.24.2004,Arjawinangun,kecamatan,no,-6.6453,108.4103,Asia/Jakarta,"BMKG point: Arjawinangun, Kecamatan Arjawinangun",14-09-2026,METNO,MET Norway,10:00,2026-09-14 10:00:00,33.9,34.2,0.0,16.92,0.0,1.3744,Cerah,clearsky_day
arjawinangun,"Arjawinangun, Cirebon",2026-09-14,32.09.24.2004,Arjawinangun,kecamatan,no,-6.6453,108.4103,Asia/Jakarta,"BMKG point: Arjawinangun, Kecamatan Arjawinangun",14-09-2026,METNO,MET Norway,11:00,2026-09-14 11:00:00,35.4,27.1,0.0,18.0,0.0,1.3744,Cerah,clearsky_day
arjawinangun,"Arjawinangun, Cirebon",2026-09-14,32.09.24.2004,Arjawinangun,kecamatan,no,-6.6453,108.4103,Asia/Jakarta,"BMKG point: Arjawinangun, Kecamatan Arjawinangun",14-09-2026,METNO,MET Norway,12:00,2026-09-14 12:00:00,35.5,28.0,0.0,20.88,0.0,1.3744,Cerah,clearsky_day
arjawinangun,"Arjawinangun, Cirebon",2026-09-14,32.09.24.2004,Arjawinangun,kecamatan,no,-6.6453,108.4103,Asia/Jakarta,"BMKG point: Arjawinangun, Kecamatan Arjawinangun",14-09-2026,METNO,MET Norway,13:00,2026-09-14 13:00:00,35.2,29.4,0.0,21.6,0.0,1.3744,Cerah,clearsky_day
arjawinangun,"Arjawinangun, Cirebon",2026-09-14,32.09.24.2004,Arjawinangun,kecamatan,no,-6.6453,108.4103,Asia/Jakarta,"BMKG point: Arjawinangun, Kecamatan Arjawinangun",14-09-2026,METNO,MET Norway,14:00,2026-09-14 14:00:00,34.5,35.7,0.0,22.32,0.0,1.3744,Cerah,clearsky_day
arjawinangun,"Arjawinangun, Cirebon",2026-09-14,32.09.24.2004,Arjawinangun,kecamatan,no,-6.6453,108.4103,Asia/Jakarta,"BMKG point: Arjawinangun, Kecamatan Arjawinangun",14-09-2026,METNO,MET Norway,15:00,2026-09-14 15:00:00,33.1,41.8,0.0,20.16,0.0,1.3744,Cerah,clearsky_day
arjawinangun,"Arjawinangun, Cirebon",2026-09-14,32.09.24.2004,Arjawinangun,kecamatan,no,-6.6453,108.4103,Asia/Jakarta,"BMKG point: Arjawinangun, Kecamatan Arjawinangun",14-09-2026,METNO,MET Norway,16:00,2026-09-14 16:00:00,31.6,49.6,0.0,19.08,0.0,1.3744,Cerah,clearsky_day
arjawinangun,"Arjawinangun, Cirebon",2026-09-14,32.09.24.2004,Arjawinangun,kecamatan,no,-6.6453,108.4103,Asia/Jakarta,"BMKG point: Arjawinangun, Kecamatan Arjawinangun",14-09-2026,METNO,MET Norway,17:00,2026-09-14 17:00:00,29.9,56.6,0.0,17.64,0.0,1.3744,Cerah Berawan,fair_day
arjawinangun,"Arjawinangun, Cirebon",2026-09-14,32.09.24.2004,Arjawinangun,kecamatan,no,-6.6453,108.4103,Asia/Jakarta,"BMKG point: Arjawinangun, Kecamatan Arjawinangun",14-09-2026,METNO,MET Norway,18:00,2026-09-14 18:00:00,28.5,64.2,0.0,16.56,0.0,1.3744,Cerah Berawan,partlycloudy_night
arjawinangun,"Arjawinangun, Cirebon",2026-09-14,32.09.24.2004,Arjawinangun,kecamatan,no,-6.6453,108.4103,Asia/Jakarta,"BMKG point: Arjawinangun, Kecamatan Arjawinangun",14-09-2026,METNO,MET Norway,19:00,2026-09-14 19:00:00,28.1,69.2,0.0,13.68,0.0,1.3744,Cerah Berawan,partlycloudy_night
arjawinangun,"Arjawinangun, Cirebon",2026-09-14,32.09.24.2004,Arjawinangun,kecamatan,no,-6.6453,108.4103,Asia/Jakarta,"BMKG point: Arjawinangun, Kecamatan Arjawinangun",14-09-2026,METNO,MET Norway,20:00,2026-09-14 20:00:00,28.0,70.4,0.0,14.04,0.0,1.3744,Cerah Berawan,partlycloudy_night
arjawinangun,"Arjawinangun, Cirebon",2026-09-14,32.09.24.2004,Arjawinangun,kecamatan,no,-6.6453,108.4103,Asia/Jakarta,"BMKG point: Arjawinangun, Kecamatan Arjawinangun",14-09-2026,METNO,MET Norway,21:00,2026-09-14 21:00:00,27.3,66.0,0.0,16.92,0.0,1.3744,Cerah Berawan,partlycloudy_night
arjawinangun,"Arjawinangun, Cirebon",2026-09-14,32.09.24.2004,Arjawinangun,kecamatan,no,-6.6453,108.4103,Asia/Jakarta,"BMKG point: Arjawinangun, Kecamatan Arjawinangun",14-09-2026,METNO,MET Norway,22:00,2026-09-14 22:00:00,26.4,69.1,0.0,16.2,0.0,1.3744,Cerah Berawan,partlycloudy_night
arjawinangun,"Arjawinangun, Cirebon",2026-09-14,32.09.24.2004,Arjawinangun,kecamatan,no,-6.6453,108.4103,Asia/Jakarta,"BMKG point: Arjawinangun, Kecamatan Arjawinangun",14-09-2026,METNO,MET Norway,23:00,2026-09-14 23:00:00,25.5,70.9,0.0,12.96,0.0,1.3744,Cerah Berawan,partlycloudy_night
arjawinangun,"Arjawinangun, Cirebon",2026-09-14,32.09.24.2004,Arjawinangun,kecamatan,no,-6.6453,108.4103,Asia/Jakarta,"BMKG point: Arjawinangun, Kecamatan Arjawinangun",14-09-2026,UKMO,Open-Meteo / UK Met Office,00:00,2026-09-14 00:00:00,26.0,71.0,0.0,8.3,0.0,1.0287,Berawan,wmo:3
arjawinangun,"Arjawinangun, Cirebon",2026-09-14,32.09.24.2004,Arjawinangun,kecamatan,no,-6.6453,108.4103,Asia/Jakarta,"BMKG point: Arjawinangun, Kecamatan Arjawinangun",14-09-2026,UKMO,Open-Meteo / UK Met Office,01:00,2026-09-14 01:00:00,25.3,74.0,0.0,6.8,0.0,1.0287,Berawan,wmo:3
arjawinangun,"Arjawinangun, Cirebon",2026-09-14,32.09.24.2004,Arjawinangun,kecamatan,no,-6.6453,108.4103,Asia/Jakarta,"BMKG point: Arjawinangun, Kecamatan Arjawinangun",14-09-2026,UKMO,Open-Meteo / UK Met Office,02:00,2026-09-14 02:00:00,24.6,79.0,0.0,5.4,0.0,1.0287,Berawan,wmo:3
arjawinangun,"Arjawinangun, Cirebon",2026-09-14,32.09.24.2004,Arjawinangun,kecamatan,no,-6.6453,108.4103,Asia/Jakarta,"BMKG point: Arjawinangun, Kecamatan Arjawinangun",14-09-2026,UKMO,Open-Meteo / UK Met Office,03:00,2026-09-14 03:00:00,24.2,83.0,0.0,4.3,0.0,1.0287,Berawan,wmo:3
arjawinangun,"Arjawinangun, Cirebon",2026-09-14,32.09.24.2004,Arjawinangun,kecamatan,no,-6.6453,108.4103,Asia/Jakarta,"BMKG point: Arjawinangun, Kecamatan Arjawinangun",14-09-2026,UKMO,Open-Meteo / UK Met Office,04:00,2026-09-14 04:00:00,23.5,88.0,0.0,2.9,0.0,1.0287,Cerah Berawan,wmo:1
arjawinangun,"Arjawinangun, Cirebon",2026-09-14,32.09.24.2004,Arjawinangun,kecamatan,no,-6.6453,108.4103,Asia/Jakarta,"BMKG point: Arjawinangun, Kecamatan Arjawinangun",14-09-2026,UKMO,Open-Meteo / UK Met Office,05:00,2026-09-14 05:00:00,22.6,91.0,0.0,2.5,0.0,1.0287,Cerah,wmo:0
arjawinangun,"Arjawinangun, Cirebon",2026-09-14,32.09.24.2004,Arjawinangun,kecamatan,no,-6.6453,108.4103,Asia/Jakarta,"BMKG point: Arjawinangun, Kecamatan Arjawinangun",14-09-2026,UKMO,Open-Meteo / UK Met Office,06:00,2026-09-14 06:00:00,22.8,91.0,0.0,2.5,0.0,1.0287,Cerah,wmo:0
arjawinangun,"Arjawinangun, Cirebon",2026-09-14,32.09.24.2004,Arjawinangun,kecamatan,no,-6.6453,108.4103,Asia/Jakarta,"BMKG point: Arjawinangun, Kecamatan Arjawinangun",14-09-2026,UKMO,Open-Meteo / UK Met Office,07:00,2026-09-14 07:00:00,24.9,77.0,0.0,1.1,0.0,1.0287,Cerah,wmo:0
arjawinangun,"Arjawinangun, Cirebon",2026-09-14,32.09.24.2004,Arjawinangun,kecamatan,no,-6.6453,108.4103,Asia/Jakarta,"BMKG point: Arjawinangun, Kecamatan Arjawinangun",14-09-2026,UKMO,Open-Meteo / UK Met Office,08:00,2026-09-14 08:00:00,27.4,65.0,0.0,5.0,0.0,1.0287,Cerah,wmo:0
arjawinangun,"Arjawinangun, Cirebon",2026-09-14,32.09.24.2004,Arjawinangun,kecamatan,no,-6.6453,108.4103,Asia/Jakarta,"BMKG point: Arjawinangun, Kecamatan Arjawinangun",14-09-2026,UKMO,Open-Meteo / UK Met Office,09:00,2026-09-14 09:00:00,29.8,54.0,0.0,11.9,0.0,1.0287,Cerah,wmo:0
arjawinangun,"Arjawinangun, Cirebon",2026-09-14,32.09.24.2004,Arjawinangun,kecamatan,no,-6.6453,108.4103,Asia/Jakarta,"BMKG point: Arjawinangun, Kecamatan Arjawinangun",14-09-2026,UKMO,Open-Meteo / UK Met Office,10:00,2026-09-14 10:00:00,31.2,47.0,0.0,15.8,0.0,1.0287,Cerah,wmo:0
arjawinangun,"Arjawinangun, Cirebon",2026-09-14,32.09.24.2004,Arjawinangun,kecamatan,no,-6.6453,108.4103,Asia/Jakarta,"BMKG point: Arjawinangun, Kecamatan Arjawinangun",14-09-2026,UKMO,Open-Meteo / UK Met Office,11:00,2026-09-14 11:00:00,32.2,43.0,0.0,16.2,0.0,1.0287,Cerah,wmo:0
arjawinangun,"Arjawinangun, Cirebon",2026-09-14,32.09.24.2004,Arjawinangun,kecamatan,no,-6.6453,108.4103,Asia/Jakarta,"BMKG point: Arjawinangun, Kecamatan Arjawinangun",14-09-2026,UKMO,Open-Meteo / UK Met Office,12:00,2026-09-14 12:00:00,33.3,41.0,0.0,14.8,0.0,1.0287,Cerah Berawan,wmo:1
arjawinangun,"Arjawinangun, Cirebon",2026-09-14,32.09.24.2004,Arjawinangun,kecamatan,no,-6.6453,108.4103,Asia/Jakarta,"BMKG point: Arjawinangun, Kecamatan Arjawinangun",14-09-2026,UKMO,Open-Meteo / UK Met Office,13:00,2026-09-14 13:00:00,33.2,42.0,0.0,14.8,0.0,1.0287,Cerah Berawan,wmo:1
arjawinangun,"Arjawinangun, Cirebon",2026-09-14,32.09.24.2004,Arjawinangun,kecamatan,no,-6.6453,108.4103,Asia/Jakarta,"BMKG point: Arjawinangun, Kecamatan Arjawinangun",14-09-2026,UKMO,Open-Meteo / UK Met Office,14:00,2026-09-14 14:00:00,33.3,42.0,0.1,14.0,0.0,1.0287,Hujan Ringan,wmo:51
arjawinangun,"Arjawinangun, Cirebon",2026-09-14,32.09.24.2004,Arjawinangun,kecamatan,no,-6.6453,108.4103,Asia/Jakarta,"BMKG point: Arjawinangun, Kecamatan Arjawinangun",14-09-2026,UKMO,Open-Meteo / UK Met Office,15:00,2026-09-14 15:00:00,33.5,41.0,0.0,13.7,0.0,1.0287,Cerah,wmo:0
arjawinangun,"Arjawinangun, Cirebon",2026-09-14,32.09.24.2004,Arjawinangun,kecamatan,no,-6.6453,108.4103,Asia/Jakarta,"BMKG point: Arjawinangun, Kecamatan Arjawinangun",14-09-2026,UKMO,Open-Meteo / UK Met Office,16:00,2026-09-14 16:00:00,32.0,50.0,0.0,15.5,0.0,1.0287,Cerah,wmo:0
arjawinangun,"Arjawinangun, Cirebon",2026-09-14,32.09.24.2004,Arjawinangun,kecamatan,no,-6.6453,108.4103,Asia/Jakarta,"BMKG point: Arjawinangun, Kecamatan Arjawinangun",14-09-2026,UKMO,Open-Meteo / UK Met Office,17:00,2026-09-14 17:00:00,30.1,59.0,0.0,14.0,0.0,1.0287,Cerah,wmo:0
arjawinangun,"Arjawinangun, Cirebon",2026-09-14,32.09.24.2004,Arjawinangun,kecamatan,no,-6.6453,108.4103,Asia/Jakarta,"BMKG point: Arjawinangun, Kecamatan Arjawinangun",14-09-2026,UKMO,Open-Meteo / UK Met Office,18:00,2026-09-14 18:00:00,29.1,63.0,0.0,12.2,0.0,1.0287,Cerah,wmo:0
arjawinangun,"Arjawinangun, Cirebon",2026-09-14,32.09.24.2004,Arjawinangun,kecamatan,no,-6.6453,108.4103,Asia/Jakarta,"BMKG point: Arjawinangun, Kecamatan Arjawinangun",14-09-2026,UKMO,Open-Meteo / UK Met Office,19:00,2026-09-14 19:00:00,28.8,63.0,0.0,13.0,0.0,1.0287,Cerah,wmo:0
arjawinangun,"Arjawinangun, Cirebon",2026-09-14,32.09.24.2004,Arjawinangun,kecamatan,no,-6.6453,108.4103,Asia/Jakarta,"BMKG point: Arjawinangun, Kecamatan Arjawinangun",14-09-2026,UKMO,Open-Meteo / UK Met Office,20:00,2026-09-14 20:00:00,28.3,61.0,0.0,14.0,0.0,1.0287,Cerah,wmo:0
arjawinangun,"Arjawinangun, Cirebon",2026-09-14,32.09.24.2004,Arjawinangun,kecamatan,no,-6.6453,108.4103,Asia/Jakarta,"BMKG point: Arjawinangun, Kecamatan Arjawinangun",14-09-2026,UKMO,Open-Meteo / UK Met Office,21:00,2026-09-14 21:00:00,27.2,60.0,0.0,12.6,0.0,1.0287,Cerah,wmo:0
arjawinangun,"Arjawinangun, Cirebon",2026-09-14,32.09.24.2004,Arjawinangun,kecamatan,no,-6.6453,108.4103,Asia/Jakarta,"BMKG point: Arjawinangun, Kecamatan Arjawinangun",14-09-2026,UKMO,Open-Meteo / UK Met Office,22:00,2026-09-14 22:00:00,26.3,63.0,0.0,10.4,0.0,1.0287,Cerah,wmo:0
arjawinangun,"Arjawinangun, Cirebon",2026-09-14,32.09.24.2004,Arjawinangun,kecamatan,no,-6.6453,108.4103,Asia/Jakarta,"BMKG point: Arjawinangun, Kecamatan Arjawinangun",14-09-2026,UKMO,Open-Meteo / UK Met Office,23:00,2026-09-14 23:00:00,26.1,61.0,0.0,11.9,0.0,1.0287,Cerah,wmo:0
arjawinangun,"Arjawinangun, Cirebon",2026-09-15,32.09.24.2004,Arjawinangun,kecamatan,no,-6.6453,108.4103,Asia/Jakarta,"BMKG point: Arjawinangun, Kecamatan Arjawinangun",15-09-2026,BMKG,BMKG,00:00,2026-09-15 01:00:00,23.0,79.0,0.0,1.4,60.0,1.3512,Berawan,Berawan
arjawinangun,"Arjawinangun, Cirebon",2026-09-15,32.09.24.2004,Arjawinangun,kecamatan,no,-6.6453,108.4103,Asia/Jakarta,"BMKG point: Arjawinangun, Kecamatan Arjawinangun",15-09-2026,BMKG,BMKG,01:00,2026-09-15 01:00:00,23.0,79.0,0.0,1.4,0.0,1.8016,Berawan,Berawan
arjawinangun,"Arjawinangun, Cirebon",2026-09-15,32.09.24.2004,Arjawinangun,kecamatan,no,-6.6453,108.4103,Asia/Jakarta,"BMKG point: Arjawinangun, Kecamatan Arjawinangun",15-09-2026,BMKG,BMKG,02:00,2026-09-15 01:00:00,23.0,79.0,0.0,1.4,60.0,1.3512,Berawan,Berawan
arjawinangun,"Arjawinangun, Cirebon",2026-09-15,32.09.24.2004,Arjawinangun,kecamatan,no,-6.6453,108.4103,Asia/Jakarta,"BMKG point: Arjawinangun, Kecamatan Arjawinangun",15-09-2026,BMKG,BMKG,03:00,2026-09-15 04:00:00,22.0,81.0,0.0,1.3,60.0,1.3512,Cerah Berawan,Cerah Berawan
arjawinangun,"Arjawinangun, Cirebon",2026-09-15,32.09.24.2004,Arjawinangun,kecamatan,no,-6.6453,108.4103,Asia/Jakarta,"BMKG point: Arjawinangun, Kecamatan Arjawinangun",15-09-2026,BMKG,BMKG,04:00,2026-09-15 04:00:00,22.0,81.0,0.0,1.3,0.0,1.8016,Cerah Berawan,Cerah Berawan
arjawinangun,"Arjawinangun, Cirebon",2026-09-15,32.09.24.2004,Arjawinangun,kecamatan,no,-6.6453,108.4103,Asia/Jakarta,"BMKG point: Arjawinangun, Kecamatan Arjawinangun",15-09-2026,BMKG,BMKG,05:00,2026-09-15 04:00:00,22.0,81.0,0.0,1.3,60.0,1.3512,Cerah Berawan,Cerah Berawan
arjawinangun,"Arjawinangun, Cirebon",2026-09-15,32.09.24.2004,Arjawinangun,kecamatan,no,-6.6453,108.4103,Asia/Jakarta,"BMKG point: Arjawinangun, Kecamatan Arjawinangun",15-09-2026,BMKG,BMKG,06:00,2026-09-15 07:00:00,28.0,51.0,0.0,2.1,60.0,1.3512,Cerah Berawan,Cerah Berawan
arjawinangun,"Arjawinangun, Cirebon",2026-09-15,32.09.24.2004,Arjawinangun,kecamatan,no,-6.6453,108.4103,Asia/Jakarta,"BMKG point: Arjawinangun, Kecamatan Arjawinangun",15-09-2026,BMKG,BMKG,07:00,2026-09-15 07:00:00,28.0,51.0,0.0,2.1,0.0,1.8016,Cerah Berawan,Cerah Berawan
arjawinangun,"Arjawinangun, Cirebon",2026-09-15,32.09.24.2004,Arjawinangun,kecamatan,no,-6.6453,108.4103,Asia/Jakarta,"BMKG point: Arjawinangun, Kecamatan Arjawinangun",15-09-2026,BMKG,BMKG,08:00,2026-09-15 07:00:00,28.0,51.0,0.0,2.1,60.0,1.3512,Cerah Berawan,Cerah Berawan
arjawinangun,"Arjawinangun, Cirebon",2026-09-15,32.09.24.2004,Arjawinangun,kecamatan,no,-6.6453,108.4103,Asia/Jakarta,"BMKG point: Arjawinangun, Kecamatan Arjawinangun",15-09-2026,BMKG,BMKG,09:00,2026-09-15 10:00:00,34.0,32.0,0.0,10.5,60.0,1.3512,Berawan,Berawan
arjawinangun,"Arjawinangun, Cirebon",2026-09-15,32.09.24.2004,Arjawinangun,kecamatan,no,-6.6453,108.4103,Asia/Jakarta,"BMKG point: Arjawinangun, Kecamatan Arjawinangun",15-09-2026,BMKG,BMKG,10:00,2026-09-15 10:00:00,34.0,32.0,0.0,10.5,0.0,1.8016,Berawan,Berawan
arjawinangun,"Arjawinangun, Cirebon",2026-09-15,32.09.24.2004,Arjawinangun,kecamatan,no,-6.6453,108.4103,Asia/Jakarta,"BMKG point: Arjawinangun, Kecamatan Arjawinangun",15-09-2026,BMKG,BMKG,11:00,2026-09-15 10:00:00,34.0,32.0,0.0,10.5,60.0,1.3512,Berawan,Berawan
arjawinangun,"Arjawinangun, Cirebon",2026-09-15,32.09.24.2004,Arjawinangun,kecamatan,no,-6.6453,108.4103,Asia/Jakarta,"BMKG point: Arjawinangun, Kecamatan Arjawinangun",15-09-2026,BMKG,BMKG,12:00,2026-09-15 13:00:00,35.0,30.0,0.0,17.9,60.0,1.3512,Berawan,Berawan
arjawinangun,"Arjawinangun, Cirebon",2026-09-15,32.09.24.2004,Arjawinangun,kecamatan,no,-6.6453,108.4103,Asia/Jakarta,"BMKG point: Arjawinangun, Kecamatan Arjawinangun",15-09-2026,BMKG,BMKG,13:00,2026-09-15 13:00:00,35.0,30.0,0.0,17.9,0.0,1.8016,Berawan,Berawan
arjawinangun,"Arjawinangun, Cirebon",2026-09-15,32.09.24.2004,Arjawinangun,kecamatan,no,-6.6453,108.4103,Asia/Jakarta,"BMKG point: Arjawinangun, Kecamatan Arjawinangun",15-09-2026,BMKG,BMKG,14:00,2026-09-15 13:00:00,35.0,30.0,0.0,17.9,60.0,1.3512,Berawan,Berawan
arjawinangun,"Arjawinangun, Cirebon",2026-09-15,32.09.24.2004,Arjawinangun,kecamatan,no,-6.6453,108.4103,Asia/Jakarta,"BMKG point: Arjawinangun, Kecamatan Arjawinangun",15-09-2026,BMKG,BMKG,15:00,2026-09-15 16:00:00,30.0,47.0,0.0,15.8,60.0,1.3512,Berawan,Berawan
arjawinangun,"Arjawinangun, Cirebon",2026-09-15,32.09.24.2004,Arjawinangun,kecamatan,no,-6.6453,108.4103,Asia/Jakarta,"BMKG point: Arjawinangun, Kecamatan Arjawinangun",15-09-2026,BMKG,BMKG,16:00,2026-09-15 16:00:00,30.0,47.0,0.0,15.8,0.0,1.8016,Berawan,Berawan
arjawinangun,"Arjawinangun, Cirebon",2026-09-15,32.09.24.2004,Arjawinangun,kecamatan,no,-6.6453,108.4103,Asia/Jakarta,"BMKG point: Arjawinangun, Kecamatan Arjawinangun",15-09-2026,BMKG,BMKG,17:00,2026-09-15 16:00:00,30.0,47.0,0.0,15.8,60.0,1.3512,Berawan,Berawan
arjawinangun,"Arjawinangun, Cirebon",2026-09-15,32.09.24.2004,Arjawinangun,kecamatan,no,-6.6453,108.4103,Asia/Jakarta,"BMKG point: Arjawinangun, Kecamatan Arjawinangun",15-09-2026,BMKG,BMKG,18:00,2026-09-15 19:00:00,28.0,63.0,0.0,12.4,60.0,1.3512,Cerah Berawan,Cerah Berawan
arjawinangun,"Arjawinangun, Cirebon",2026-09-15,32.09.24.2004,Arjawinangun,kecamatan,no,-6.6453,108.4103,Asia/Jakarta,"BMKG point: Arjawinangun, Kecamatan Arjawinangun",15-09-2026,BMKG,BMKG,19:00,2026-09-15 19:00:00,28.0,63.0,0.0,12.4,0.0,1.8016,Cerah Berawan,Cerah Berawan
arjawinangun,"Arjawinangun, Cirebon",2026-09-15,32.09.24.2004,Arjawinangun,kecamatan,no,-6.6453,108.4103,Asia/Jakarta,"BMKG point: Arjawinangun, Kecamatan Arjawinangun",15-09-2026,BMKG,BMKG,20:00,2026-09-15 19:00:00,28.0,63.0,0.0,12.4,60.0,1.3512,Cerah Berawan,Cerah Berawan
arjawinangun,"Arjawinangun, Cirebon",2026-09-15,32.09.24.2004,Arjawinangun,kecamatan,no,-6.6453,108.4103,Asia/Jakarta,"BMKG point: Arjawinangun, Kecamatan Arjawinangun",15-09-2026,BMKG,BMKG,21:00,2026-09-15 22:00:00,26.0,69.0,0.0,3.0,60.0,1.3512,Cerah,Cerah
arjawinangun,"Arjawinangun, Cirebon",2026-09-15,32.09.24.2004,Arjawinangun,kecamatan,no,-6.6453,108.4103,Asia/Jakarta,"BMKG point: Arjawinangun, Kecamatan Arjawinangun",15-09-2026,BMKG,BMKG,22:00,2026-09-15 22:00:00,26.0,69.0,0.0,3.0,0.0,1.8016,Cerah,Cerah
arjawinangun,"Arjawinangun, Cirebon",2026-09-15,32.09.24.2004,Arjawinangun,kecamatan,no,-6.6453,108.4103,Asia/Jakarta,"BMKG point: Arjawinangun, Kecamatan Arjawinangun",15-09-2026,BMKG,BMKG,23:00,2026-09-15 22:00:00,26.0,69.0,0.0,3.0,60.0,1.3512,Cerah,Cerah
arjawinangun,"Arjawinangun, Cirebon",2026-09-15,32.09.24.2004,Arjawinangun,kecamatan,no,-6.6453,108.4103,Asia/Jakarta,"BMKG point: Arjawinangun, Kecamatan Arjawinangun",15-09-2026,CMA,Open-Meteo / CMA GRAPES,00:00,2026-09-15 00:00:00,23.7,86.0,0.0,12.0,0.0,1.0452,Cerah,wmo:0
arjawinangun,"Arjawinangun, Cirebon",2026-09-15,32.09.24.2004,Arjawinangun,kecamatan,no,-6.6453,108.4103,Asia/Jakarta,"BMKG point: Arjawinangun, Kecamatan Arjawinangun",15-09-2026,CMA,Open-Meteo / CMA GRAPES,01:00,2026-09-15 01:00:00,23.5,86.0,0.0,12.0,0.0,1.0452,Cerah,wmo:0
arjawinangun,"Arjawinangun, Cirebon",2026-09-15,32.09.24.2004,Arjawinangun,kecamatan,no,-6.6453,108.4103,Asia/Jakarta,"BMKG point: Arjawinangun, Kecamatan Arjawinangun",15-09-2026,CMA,Open-Meteo / CMA GRAPES,02:00,2026-09-15 02:00:00,23.4,86.0,0.0,12.3,0.0,1.0452,Cerah,wmo:0
arjawinangun,"Arjawinangun, Cirebon",2026-09-15,32.09.24.2004,Arjawinangun,kecamatan,no,-6.6453,108.4103,Asia/Jakarta,"BMKG point: Arjawinangun, Kecamatan Arjawinangun",15-09-2026,CMA,Open-Meteo / CMA GRAPES,03:00,2026-09-15 03:00:00,23.3,86.0,0.0,12.7,0.0,1.0452,Cerah,wmo:0
arjawinangun,"Arjawinangun, Cirebon",2026-09-15,32.09.24.2004,Arjawinangun,kecamatan,no,-6.6453,108.4103,Asia/Jakarta,"BMKG point: Arjawinangun, Kecamatan Arjawinangun",15-09-2026,CMA,Open-Meteo / CMA GRAPES,04:00,2026-09-15 04:00:00,23.4,85.0,0.0,13.0,0.0,1.0452,Cerah,wmo:0
arjawinangun,"Arjawinangun, Cirebon",2026-09-15,32.09.24.2004,Arjawinangun,kecamatan,no,-6.6453,108.4103,Asia/Jakarta,"BMKG point: Arjawinangun, Kecamatan Arjawinangun",15-09-2026,CMA,Open-Meteo / CMA GRAPES,05:00,2026-09-15 05:00:00,23.5,85.0,0.0,13.6,0.0,1.0452,Cerah,wmo:0
arjawinangun,"Arjawinangun, Cirebon",2026-09-15,32.09.24.2004,Arjawinangun,kecamatan,no,-6.6453,108.4103,Asia/Jakarta,"BMKG point: Arjawinangun, Kecamatan Arjawinangun",15-09-2026,CMA,Open-Meteo / CMA GRAPES,06:00,2026-09-15 06:00:00,23.7,84.0,0.0,14.2,0.0,1.0452,Cerah,wmo:0
arjawinangun,"Arjawinangun, Cirebon",2026-09-15,32.09.24.2004,Arjawinangun,kecamatan,no,-6.6453,108.4103,Asia/Jakarta,"BMKG point: Arjawinangun, Kecamatan Arjawinangun",15-09-2026,CMA,Open-Meteo / CMA GRAPES,07:00,2026-09-15 07:00:00,24.3,81.0,0.0,14.2,0.0,1.0452,Cerah,wmo:0
arjawinangun,"Arjawinangun, Cirebon",2026-09-15,32.09.24.2004,Arjawinangun,kecamatan,no,-6.6453,108.4103,Asia/Jakarta,"BMKG point: Arjawinangun, Kecamatan Arjawinangun",15-09-2026,CMA,Open-Meteo / CMA GRAPES,08:00,2026-09-15 08:00:00,25.6,74.0,0.0,13.1,0.0,1.0452,Cerah,wmo:0
arjawinangun,"Arjawinangun, Cirebon",2026-09-15,32.09.24.2004,Arjawinangun,kecamatan,no,-6.6453,108.4103,Asia/Jakarta,"BMKG point: Arjawinangun, Kecamatan Arjawinangun",15-09-2026,CMA,Open-Meteo / CMA GRAPES,09:00,2026-09-15 09:00:00,27.3,65.0,0.0,11.1,0.0,1.0452,Cerah,wmo:0
arjawinangun,"Arjawinangun, Cirebon",2026-09-15,32.09.24.2004,Arjawinangun,kecamatan,no,-6.6453,108.4103,Asia/Jakarta,"BMKG point: Arjawinangun, Kecamatan Arjawinangun",15-09-2026,CMA,Open-Meteo / CMA GRAPES,10:00,2026-09-15 10:00:00,28.8,57.0,0.0,9.9,0.0,1.0452,Cerah,wmo:0
arjawinangun,"Arjawinangun, Cirebon",2026-09-15,32.09.24.2004,Arjawinangun,kecamatan,no,-6.6453,108.4103,Asia/Jakarta,"BMKG point: Arjawinangun, Kecamatan Arjawinangun",15-09-2026,CMA,Open-Meteo / CMA GRAPES,11:00,2026-09-15 11:00:00,30.2,51.0,0.0,9.5,0.0,1.0452,Cerah,wmo:0
arjawinangun,"Arjawinangun, Cirebon",2026-09-15,32.09.24.2004,Arjawinangun,kecamatan,no,-6.6453,108.4103,Asia/Jakarta,"BMKG point: Arjawinangun, Kecamatan Arjawinangun",15-09-2026,CMA,Open-Meteo / CMA GRAPES,12:00,2026-09-15 12:00:00,31.4,46.0,0.0,9.4,0.0,1.0452,Cerah,wmo:0
arjawinangun,"Arjawinangun, Cirebon",2026-09-15,32.09.24.2004,Arjawinangun,kecamatan,no,-6.6453,108.4103,Asia/Jakarta,"BMKG point: Arjawinangun, Kecamatan Arjawinangun",15-09-2026,CMA,Open-Meteo / CMA GRAPES,13:00,2026-09-15 13:00:00,32.2,44.0,0.0,9.7,0.0,1.0452,Cerah,wmo:0
arjawinangun,"Arjawinangun, Cirebon",2026-09-15,32.09.24.2004,Arjawinangun,kecamatan,no,-6.6453,108.4103,Asia/Jakarta,"BMKG point: Arjawinangun, Kecamatan Arjawinangun",15-09-2026,CMA,Open-Meteo / CMA GRAPES,14:00,2026-09-15 14:00:00,32.3,45.0,0.0,11.0,0.0,1.0452,Cerah,wmo:0
arjawinangun,"Arjawinangun, Cirebon",2026-09-15,32.09.24.2004,Arjawinangun,kecamatan,no,-6.6453,108.4103,Asia/Jakarta,"BMKG point: Arjawinangun, Kecamatan Arjawinangun",15-09-2026,CMA,Open-Meteo / CMA GRAPES,15:00,2026-09-15 15:00:00,31.8,49.0,0.0,12.8,0.0,1.0452,Cerah,wmo:0
arjawinangun,"Arjawinangun, Cirebon",2026-09-15,32.09.24.2004,Arjawinangun,kecamatan,no,-6.6453,108.4103,Asia/Jakarta,"BMKG point: Arjawinangun, Kecamatan Arjawinangun",15-09-2026,CMA,Open-Meteo / CMA GRAPES,16:00,2026-09-15 16:00:00,31.1,53.0,0.0,13.9,0.0,1.0452,Cerah,wmo:0
arjawinangun,"Arjawinangun, Cirebon",2026-09-15,32.09.24.2004,Arjawinangun,kecamatan,no,-6.6453,108.4103,Asia/Jakarta,"BMKG point: Arjawinangun, Kecamatan Arjawinangun",15-09-2026,CMA,Open-Meteo / CMA GRAPES,17:00,2026-09-15 17:00:00,29.9,59.0,0.0,13.1,0.0,1.0452,Cerah,wmo:0
arjawinangun,"Arjawinangun, Cirebon",2026-09-15,32.09.24.2004,Arjawinangun,kecamatan,no,-6.6453,108.4103,Asia/Jakarta,"BMKG point: Arjawinangun, Kecamatan Arjawinangun",15-09-2026,CMA,Open-Meteo / CMA GRAPES,18:00,2026-09-15 18:00:00,28.3,65.0,0.0,12.0,0.0,1.0452,Cerah,wmo:0
arjawinangun,"Arjawinangun, Cirebon",2026-09-15,32.09.24.2004,Arjawinangun,kecamatan,no,-6.6453,108.4103,Asia/Jakarta,"BMKG point: Arjawinangun, Kecamatan Arjawinangun",15-09-2026,CMA,Open-Meteo / CMA GRAPES,19:00,2026-09-15 19:00:00,26.9,71.0,0.0,11.6,0.0,1.0452,Cerah,wmo:0
arjawinangun,"Arjawinangun, Cirebon",2026-09-15,32.09.24.2004,Arjawinangun,kecamatan,no,-6.6453,108.4103,Asia/Jakarta,"BMKG point: Arjawinangun, Kecamatan Arjawinangun",15-09-2026,CMA,Open-Meteo / CMA GRAPES,20:00,2026-09-15 20:00:00,25.9,75.0,0.0,11.8,0.0,1.0452,Cerah,wmo:0
arjawinangun,"Arjawinangun, Cirebon",2026-09-15,32.09.24.2004,Arjawinangun,kecamatan,no,-6.6453,108.4103,Asia/Jakarta,"BMKG point: Arjawinangun, Kecamatan Arjawinangun",15-09-2026,CMA,Open-Meteo / CMA GRAPES,21:00,2026-09-15 21:00:00,25.1,79.0,0.0,12.1,0.0,1.0452,Cerah,wmo:0
arjawinangun,"Arjawinangun, Cirebon",2026-09-15,32.09.24.2004,Arjawinangun,kecamatan,no,-6.6453,108.4103,Asia/Jakarta,"BMKG point: Arjawinangun, Kecamatan Arjawinangun",15-09-2026,CMA,Open-Meteo / CMA GRAPES,22:00,2026-09-15 22:00:00,24.4,82.0,0.0,12.3,0.0,1.0452,Cerah,wmo:0
arjawinangun,"Arjawinangun, Cirebon",2026-09-15,32.09.24.2004,Arjawinangun,kecamatan,no,-6.6453,108.4103,Asia/Jakarta,"BMKG point: Arjawinangun, Kecamatan Arjawinangun",15-09-2026,CMA,Open-Meteo / CMA GRAPES,23:00,2026-09-15 23:00:00,24.0,84.0,0.0,12.2,0.0,1.0452,Cerah,wmo:0
arjawinangun,"Arjawinangun, Cirebon",2026-09-15,32.09.24.2004,Arjawinangun,kecamatan,no,-6.6453,108.4103,Asia/Jakarta,"BMKG point: Arjawinangun, Kecamatan Arjawinangun",15-09-2026,ECMWF,Open-Meteo / ECMWF,00:00,2026-09-15 00:00:00,23.7,80.0,0.0,4.3,0.0,1.5351,Berawan,wmo:3
arjawinangun,"Arjawinangun, Cirebon",2026-09-15,32.09.24.2004,Arjawinangun,kecamatan,no,-6.6453,108.4103,Asia/Jakarta,"BMKG point: Arjawinangun, Kecamatan Arjawinangun",15-09-2026,ECMWF,Open-Meteo / ECMWF,01:00,2026-09-15 01:00:00,23.2,81.0,0.0,4.0,0.0,1.5351,Berawan,wmo:3
arjawinangun,"Arjawinangun, Cirebon",2026-09-15,32.09.24.2004,Arjawinangun,kecamatan,no,-6.6453,108.4103,Asia/Jakarta,"BMKG point: Arjawinangun, Kecamatan Arjawinangun",15-09-2026,ECMWF,Open-Meteo / ECMWF,02:00,2026-09-15 02:00:00,22.5,83.0,0.0,4.0,0.0,1.5351,Berawan,wmo:3
arjawinangun,"Arjawinangun, Cirebon",2026-09-15,32.09.24.2004,Arjawinangun,kecamatan,no,-6.6453,108.4103,Asia/Jakarta,"BMKG point: Arjawinangun, Kecamatan Arjawinangun",15-09-2026,ECMWF,Open-Meteo / ECMWF,03:00,2026-09-15 03:00:00,21.8,85.0,0.0,4.0,0.0,1.5351,Berawan,wmo:3
arjawinangun,"Arjawinangun, Cirebon",2026-09-15,32.09.24.2004,Arjawinangun,kecamatan,no,-6.6453,108.4103,Asia/Jakarta,"BMKG point: Arjawinangun, Kecamatan Arjawinangun",15-09-2026,ECMWF,Open-Meteo / ECMWF,04:00,2026-09-15 04:00:00,21.7,84.0,0.0,4.1,0.0,1.5351,Cerah Berawan,wmo:2
arjawinangun,"Arjawinangun, Cirebon",2026-09-15,32.09.24.2004,Arjawinangun,kecamatan,no,-6.6453,108.4103,Asia/Jakarta,"BMKG point: Arjawinangun, Kecamatan Arjawinangun",15-09-2026,ECMWF,Open-Meteo / ECMWF,05:00,2026-09-15 05:00:00,22.4,80.0,0.0,4.1,0.0,1.5351,Cerah Berawan,wmo:2
arjawinangun,"Arjawinangun, Cirebon",2026-09-15,32.09.24.2004,Arjawinangun,kecamatan,no,-6.6453,108.4103,Asia/Jakarta,"BMKG point: Arjawinangun, Kecamatan Arjawinangun",15-09-2026,ECMWF,Open-Meteo / ECMWF,06:00,2026-09-15 06:00:00,23.7,75.0,0.0,4.1,0.0,1.5351,Cerah Berawan,wmo:2
arjawinangun,"Arjawinangun, Cirebon",2026-09-15,32.09.24.2004,Arjawinangun,kecamatan,no,-6.6453,108.4103,Asia/Jakarta,"BMKG point: Arjawinangun, Kecamatan Arjawinangun",15-09-2026,ECMWF,Open-Meteo / ECMWF,07:00,2026-09-15 07:00:00,25.4,67.0,0.0,4.0,0.0,1.5351,Cerah Berawan,wmo:2
arjawinangun,"Arjawinangun, Cirebon",2026-09-15,32.09.24.2004,Arjawinangun,kecamatan,no,-6.6453,108.4103,Asia/Jakarta,"BMKG point: Arjawinangun, Kecamatan Arjawinangun",15-09-2026,ECMWF,Open-Meteo / ECMWF,08:00,2026-09-15 08:00:00,27.8,56.0,0.0,4.3,0.0,1.5351,Cerah Berawan,wmo:2
arjawinangun,"Arjawinangun, Cirebon",2026-09-15,32.09.24.2004,Arjawinangun,kecamatan,no,-6.6453,108.4103,Asia/Jakarta,"BMKG point: Arjawinangun, Kecamatan Arjawinangun",15-09-2026,ECMWF,Open-Meteo / ECMWF,09:00,2026-09-15 09:00:00,30.6,43.0,0.0,5.9,0.0,1.5351,Berawan,wmo:3
arjawinangun,"Arjawinangun, Cirebon",2026-09-15,32.09.24.2004,Arjawinangun,kecamatan,no,-6.6453,108.4103,Asia/Jakarta,"BMKG point: Arjawinangun, Kecamatan Arjawinangun",15-09-2026,ECMWF,Open-Meteo / ECMWF,10:00,2026-09-15 10:00:00,32.8,34.0,0.0,7.8,0.0,1.5351,Berawan,wmo:3
arjawinangun,"Arjawinangun, Cirebon",2026-09-15,32.09.24.2004,Arjawinangun,kecamatan,no,-6.6453,108.4103,Asia/Jakarta,"BMKG point: Arjawinangun, Kecamatan Arjawinangun",15-09-2026,ECMWF,Open-Meteo / ECMWF,11:00,2026-09-15 11:00:00,34.0,31.0,0.0,9.8,0.0,1.5351,Berawan,wmo:3
arjawinangun,"Arjawinangun, Cirebon",2026-09-15,32.09.24.2004,Arjawinangun,kecamatan,no,-6.6453,108.4103,Asia/Jakarta,"BMKG point: Arjawinangun, Kecamatan Arjawinangun",15-09-2026,ECMWF,Open-Meteo / ECMWF,12:00,2026-09-15 12:00:00,34.6,33.0,0.0,12.0,0.0,1.5351,Berawan,wmo:3
arjawinangun,"Arjawinangun, Cirebon",2026-09-15,32.09.24.2004,Arjawinangun,kecamatan,no,-6.6453,108.4103,Asia/Jakarta,"BMKG point: Arjawinangun, Kecamatan Arjawinangun",15-09-2026,ECMWF,Open-Meteo / ECMWF,13:00,2026-09-15 13:00:00,34.6,35.0,0.0,13.7,0.0,1.5351,Berawan,wmo:3
arjawinangun,"Arjawinangun, Cirebon",2026-09-15,32.09.24.2004,Arjawinangun,kecamatan,no,-6.6453,108.4103,Asia/Jakarta,"BMKG point: Arjawinangun, Kecamatan Arjawinangun",15-09-2026,ECMWF,Open-Meteo / ECMWF,14:00,2026-09-15 14:00:00,33.9,38.0,0.0,14.5,0.0,1.5351,Berawan,wmo:3
arjawinangun,"Arjawinangun, Cirebon",2026-09-15,32.09.24.2004,Arjawinangun,kecamatan,no,-6.6453,108.4103,Asia/Jakarta,"BMKG point: Arjawinangun, Kecamatan Arjawinangun",15-09-2026,ECMWF,Open-Meteo / ECMWF,15:00,2026-09-15 15:00:00,32.6,42.0,0.0,14.3,0.0,1.5351,Berawan,wmo:3
arjawinangun,"Arjawinangun, Cirebon",2026-09-15,32.09.24.2004,Arjawinangun,kecamatan,no,-6.6453,108.4103,Asia/Jakarta,"BMKG point: Arjawinangun, Kecamatan Arjawinangun",15-09-2026,ECMWF,Open-Meteo / ECMWF,16:00,2026-09-15 16:00:00,31.3,47.0,0.0,13.5,0.0,1.5351,Berawan,wmo:3
arjawinangun,"Arjawinangun, Cirebon",2026-09-15,32.09.24.2004,Arjawinangun,kecamatan,no,-6.6453,108.4103,Asia/Jakarta,"BMKG point: Arjawinangun, Kecamatan Arjawinangun",15-09-2026,ECMWF,Open-Meteo / ECMWF,17:00,2026-09-15 17:00:00,30.1,53.0,0.0,11.4,0.0,1.5351,Cerah Berawan,wmo:2
arjawinangun,"Arjawinangun, Cirebon",2026-09-15,32.09.24.2004,Arjawinangun,kecamatan,no,-6.6453,108.4103,Asia/Jakarta,"BMKG point: Arjawinangun, Kecamatan Arjawinangun",15-09-2026,ECMWF,Open-Meteo / ECMWF,18:00,2026-09-15 18:00:00,28.8,59.0,0.0,10.2,0.0,1.5351,Cerah Berawan,wmo:1
arjawinangun,"Arjawinangun, Cirebon",2026-09-15,32.09.24.2004,Arjawinangun,kecamatan,no,-6.6453,108.4103,Asia/Jakarta,"BMKG point: Arjawinangun, Kecamatan Arjawinangun",15-09-2026,ECMWF,Open-Meteo / ECMWF,19:00,2026-09-15 19:00:00,27.7,64.0,0.0,9.7,0.0,1.5351,Cerah,wmo:0
arjawinangun,"Arjawinangun, Cirebon",2026-09-15,32.09.24.2004,Arjawinangun,kecamatan,no,-6.6453,108.4103,Asia/Jakarta,"BMKG point: Arjawinangun, Kecamatan Arjawinangun",15-09-2026,ECMWF,Open-Meteo / ECMWF,20:00,2026-09-15 20:00:00,27.0,67.0,0.0,7.9,0.0,1.5351,Cerah,wmo:0
arjawinangun,"Arjawinangun, Cirebon",2026-09-15,32.09.24.2004,Arjawinangun,kecamatan,no,-6.6453,108.4103,Asia/Jakarta,"BMKG point: Arjawinangun, Kecamatan Arjawinangun",15-09-2026,ECMWF,Open-Meteo / ECMWF,21:00,2026-09-15 21:00:00,26.6,69.0,0.0,5.4,0.0,1.5351,Cerah,wmo:0
arjawinangun,"Arjawinangun, Cirebon",2026-09-15,32.09.24.2004,Arjawinangun,kecamatan,no,-6.6453,108.4103,Asia/Jakarta,"BMKG point: Arjawinangun, Kecamatan Arjawinangun",15-09-2026,ECMWF,Open-Meteo / ECMWF,22:00,2026-09-15 22:00:00,26.1,71.0,0.0,3.4,0.0,1.5351,Cerah,wmo:0
arjawinangun,"Arjawinangun, Cirebon",2026-09-15,32.09.24.2004,Arjawinangun,kecamatan,no,-6.6453,108.4103,Asia/Jakarta,"BMKG point: Arjawinangun, Kecamatan Arjawinangun",15-09-2026,ECMWF,Open-Meteo / ECMWF,23:00,2026-09-15 23:00:00,25.3,74.0,0.0,3.2,0.0,1.5351,Cerah,wmo:0
arjawinangun,"Arjawinangun, Cirebon",2026-09-15,32.09.24.2004,Arjawinangun,kecamatan,no,-6.6453,108.4103,Asia/Jakarta,"BMKG point: Arjawinangun, Kecamatan Arjawinangun",15-09-2026,GFS,Open-Meteo / NOAA GFS,00:00,2026-09-15 00:00:00,23.4,75.0,0.0,5.8,0.0,1.4133,Berawan,wmo:3
arjawinangun,"Arjawinangun, Cirebon",2026-09-15,32.09.24.2004,Arjawinangun,kecamatan,no,-6.6453,108.4103,Asia/Jakarta,"BMKG point: Arjawinangun, Kecamatan Arjawinangun",15-09-2026,GFS,Open-Meteo / NOAA GFS,01:00,2026-09-15 01:00:00,22.8,76.0,0.0,3.4,0.0,1.4133,Berawan,wmo:3
arjawinangun,"Arjawinangun, Cirebon",2026-09-15,32.09.24.2004,Arjawinangun,kecamatan,no,-6.6453,108.4103,Asia/Jakarta,"BMKG point: Arjawinangun, Kecamatan Arjawinangun",15-09-2026,GFS,Open-Meteo / NOAA GFS,02:00,2026-09-15 02:00:00,22.4,76.0,0.0,4.0,0.0,1.4133,Berawan,wmo:3
arjawinangun,"Arjawinangun, Cirebon",2026-09-15,32.09.24.2004,Arjawinangun,kecamatan,no,-6.6453,108.4103,Asia/Jakarta,"BMKG point: Arjawinangun, Kecamatan Arjawinangun",15-09-2026,GFS,Open-Meteo / NOAA GFS,03:00,2026-09-15 03:00:00,22.1,75.0,0.0,5.9,0.0,1.4133,Berawan,wmo:3
arjawinangun,"Arjawinangun, Cirebon",2026-09-15,32.09.24.2004,Arjawinangun,kecamatan,no,-6.6453,108.4103,Asia/Jakarta,"BMKG point: Arjawinangun, Kecamatan Arjawinangun",15-09-2026,GFS,Open-Meteo / NOAA GFS,04:00,2026-09-15 04:00:00,21.9,73.0,0.0,8.0,0.0,1.4133,Berawan,wmo:3
arjawinangun,"Arjawinangun, Cirebon",2026-09-15,32.09.24.2004,Arjawinangun,kecamatan,no,-6.6453,108.4103,Asia/Jakarta,"BMKG point: Arjawinangun, Kecamatan Arjawinangun",15-09-2026,GFS,Open-Meteo / NOAA GFS,05:00,2026-09-15 05:00:00,21.7,73.0,0.0,7.9,0.0,1.4133,Cerah Berawan,wmo:2
arjawinangun,"Arjawinangun, Cirebon",2026-09-15,32.09.24.2004,Arjawinangun,kecamatan,no,-6.6453,108.4103,Asia/Jakarta,"BMKG point: Arjawinangun, Kecamatan Arjawinangun",15-09-2026,GFS,Open-Meteo / NOAA GFS,06:00,2026-09-15 06:00:00,21.9,71.0,0.0,7.2,0.0,1.4133,Cerah Berawan,wmo:1
arjawinangun,"Arjawinangun, Cirebon",2026-09-15,32.09.24.2004,Arjawinangun,kecamatan,no,-6.6453,108.4103,Asia/Jakarta,"BMKG point: Arjawinangun, Kecamatan Arjawinangun",15-09-2026,GFS,Open-Meteo / NOAA GFS,07:00,2026-09-15 07:00:00,25.3,58.0,0.0,5.9,0.0,1.4133,Cerah,wmo:0
arjawinangun,"Arjawinangun, Cirebon",2026-09-15,32.09.24.2004,Arjawinangun,kecamatan,no,-6.6453,108.4103,Asia/Jakarta,"BMKG point: Arjawinangun, Kecamatan Arjawinangun",15-09-2026,GFS,Open-Meteo / NOAA GFS,08:00,2026-09-15 08:00:00,29.1,43.0,0.0,5.0,0.0,1.4133,Cerah,wmo:0
arjawinangun,"Arjawinangun, Cirebon",2026-09-15,32.09.24.2004,Arjawinangun,kecamatan,no,-6.6453,108.4103,Asia/Jakarta,"BMKG point: Arjawinangun, Kecamatan Arjawinangun",15-09-2026,GFS,Open-Meteo / NOAA GFS,09:00,2026-09-15 09:00:00,32.2,35.0,0.0,7.1,0.0,1.4133,Cerah,wmo:0
arjawinangun,"Arjawinangun, Cirebon",2026-09-15,32.09.24.2004,Arjawinangun,kecamatan,no,-6.6453,108.4103,Asia/Jakarta,"BMKG point: Arjawinangun, Kecamatan Arjawinangun",15-09-2026,GFS,Open-Meteo / NOAA GFS,10:00,2026-09-15 10:00:00,34.2,32.0,0.0,11.9,0.0,1.4133,Cerah,wmo:0
arjawinangun,"Arjawinangun, Cirebon",2026-09-15,32.09.24.2004,Arjawinangun,kecamatan,no,-6.6453,108.4103,Asia/Jakarta,"BMKG point: Arjawinangun, Kecamatan Arjawinangun",15-09-2026,GFS,Open-Meteo / NOAA GFS,11:00,2026-09-15 11:00:00,36.0,26.0,0.0,17.9,0.0,1.4133,Cerah Berawan,wmo:2
arjawinangun,"Arjawinangun, Cirebon",2026-09-15,32.09.24.2004,Arjawinangun,kecamatan,no,-6.6453,108.4103,Asia/Jakarta,"BMKG point: Arjawinangun, Kecamatan Arjawinangun",15-09-2026,GFS,Open-Meteo / NOAA GFS,12:00,2026-09-15 12:00:00,36.6,25.0,0.0,22.7,0.0,1.4133,Cerah Berawan,wmo:2
arjawinangun,"Arjawinangun, Cirebon",2026-09-15,32.09.24.2004,Arjawinangun,kecamatan,no,-6.6453,108.4103,Asia/Jakarta,"BMKG point: Arjawinangun, Kecamatan Arjawinangun",15-09-2026,GFS,Open-Meteo / NOAA GFS,13:00,2026-09-15 13:00:00,35.9,28.0,0.0,28.6,0.0,1.4133,Cerah Berawan,wmo:1
arjawinangun,"Arjawinangun, Cirebon",2026-09-15,32.09.24.2004,Arjawinangun,kecamatan,no,-6.6453,108.4103,Asia/Jakarta,"BMKG point: Arjawinangun, Kecamatan Arjawinangun",15-09-2026,GFS,Open-Meteo / NOAA GFS,14:00,2026-09-15 14:00:00,34.9,33.0,0.0,28.3,0.0,1.4133,Cerah Berawan,wmo:1
arjawinangun,"Arjawinangun, Cirebon",2026-09-15,32.09.24.2004,Arjawinangun,kecamatan,no,-6.6453,108.4103,Asia/Jakarta,"BMKG point: Arjawinangun, Kecamatan Arjawinangun",15-09-2026,GFS,Open-Meteo / NOAA GFS,15:00,2026-09-15 15:00:00,33.1,40.0,0.0,25.7,0.0,1.4133,Cerah,wmo:0
arjawinangun,"Arjawinangun, Cirebon",2026-09-15,32.09.24.2004,Arjawinangun,kecamatan,no,-6.6453,108.4103,Asia/Jakarta,"BMKG point: Arjawinangun, Kecamatan Arjawinangun",15-09-2026,GFS,Open-Meteo / NOAA GFS,16:00,2026-09-15 16:00:00,31.2,47.0,0.0,22.4,0.0,1.4133,Cerah Berawan,wmo:2
arjawinangun,"Arjawinangun, Cirebon",2026-09-15,32.09.24.2004,Arjawinangun,kecamatan,no,-6.6453,108.4103,Asia/Jakarta,"BMKG point: Arjawinangun, Kecamatan Arjawinangun",15-09-2026,GFS,Open-Meteo / NOAA GFS,17:00,2026-09-15 17:00:00,29.4,56.0,0.0,18.6,0.0,1.4133,Cerah Berawan,wmo:2
arjawinangun,"Arjawinangun, Cirebon",2026-09-15,32.09.24.2004,Arjawinangun,kecamatan,no,-6.6453,108.4103,Asia/Jakarta,"BMKG point: Arjawinangun, Kecamatan Arjawinangun",15-09-2026,GFS,Open-Meteo / NOAA GFS,18:00,2026-09-15 18:00:00,27.2,70.0,0.0,11.8,0.0,1.4133,Berawan,wmo:3
arjawinangun,"Arjawinangun, Cirebon",2026-09-15,32.09.24.2004,Arjawinangun,kecamatan,no,-6.6453,108.4103,Asia/Jakarta,"BMKG point: Arjawinangun, Kecamatan Arjawinangun",15-09-2026,GFS,Open-Meteo / NOAA GFS,19:00,2026-09-15 19:00:00,26.5,74.0,0.0,11.2,0.0,1.4133,Cerah Berawan,wmo:1
arjawinangun,"Arjawinangun, Cirebon",2026-09-15,32.09.24.2004,Arjawinangun,kecamatan,no,-6.6453,108.4103,Asia/Jakarta,"BMKG point: Arjawinangun, Kecamatan Arjawinangun",15-09-2026,GFS,Open-Meteo / NOAA GFS,20:00,2026-09-15 20:00:00,26.4,72.0,0.0,10.0,0.0,1.4133,Cerah Berawan,wmo:2
arjawinangun,"Arjawinangun, Cirebon",2026-09-15,32.09.24.2004,Arjawinangun,kecamatan,no,-6.6453,108.4103,Asia/Jakarta,"BMKG point: Arjawinangun, Kecamatan Arjawinangun",15-09-2026,GFS,Open-Meteo / NOAA GFS,21:00,2026-09-15 21:00:00,25.8,72.0,0.0,6.3,0.0,1.4133,Cerah,wmo:0
arjawinangun,"Arjawinangun, Cirebon",2026-09-15,32.09.24.2004,Arjawinangun,kecamatan,no,-6.6453,108.4103,Asia/Jakarta,"BMKG point: Arjawinangun, Kecamatan Arjawinangun",15-09-2026,GFS,Open-Meteo / NOAA GFS,22:00,2026-09-15 22:00:00,25.0,71.0,0.0,7.9,0.0,1.4133,Cerah Berawan,wmo:2
arjawinangun,"Arjawinangun, Cirebon",2026-09-15,32.09.24.2004,Arjawinangun,kecamatan,no,-6.6453,108.4103,Asia/Jakarta,"BMKG point: Arjawinangun, Kecamatan Arjawinangun",15-09-2026,GFS,Open-Meteo / NOAA GFS,23:00,2026-09-15 23:00:00,24.3,71.0,0.0,6.1,0.0,1.4133,Cerah Berawan,wmo:2
arjawinangun,"Arjawinangun, Cirebon",2026-09-15,32.09.24.2004,Arjawinangun,kecamatan,no,-6.6453,108.4103,Asia/Jakarta,"BMKG point: Arjawinangun, Kecamatan Arjawinangun",15-09-2026,ICON,Open-Meteo / DWD ICON,00:00,2026-09-15 00:00:00,23.8,70.0,0.0,1.8,0.0,1.4848,Cerah Berawan,wmo:1
arjawinangun,"Arjawinangun, Cirebon",2026-09-15,32.09.24.2004,Arjawinangun,kecamatan,no,-6.6453,108.4103,Asia/Jakarta,"BMKG point: Arjawinangun, Kecamatan Arjawinangun",15-09-2026,ICON,Open-Meteo / DWD ICON,01:00,2026-09-15 01:00:00,23.0,71.0,0.0,2.1,0.0,1.4848,Cerah Berawan,wmo:1
arjawinangun,"Arjawinangun, Cirebon",2026-09-15,32.09.24.2004,Arjawinangun,kecamatan,no,-6.6453,108.4103,Asia/Jakarta,"BMKG point: Arjawinangun, Kecamatan Arjawinangun",15-09-2026,ICON,Open-Meteo / DWD ICON,02:00,2026-09-15 02:00:00,22.1,74.0,0.0,2.7,0.0,1.4848,Cerah Berawan,wmo:1
arjawinangun,"Arjawinangun, Cirebon",2026-09-15,32.09.24.2004,Arjawinangun,kecamatan,no,-6.6453,108.4103,Asia/Jakarta,"BMKG point: Arjawinangun, Kecamatan Arjawinangun",15-09-2026,ICON,Open-Meteo / DWD ICON,03:00,2026-09-15 03:00:00,21.4,75.0,0.0,3.1,0.0,1.4848,Cerah Berawan,wmo:1
arjawinangun,"Arjawinangun, Cirebon",2026-09-15,32.09.24.2004,Arjawinangun,kecamatan,no,-6.6453,108.4103,Asia/Jakarta,"BMKG point: Arjawinangun, Kecamatan Arjawinangun",15-09-2026,ICON,Open-Meteo / DWD ICON,04:00,2026-09-15 04:00:00,21.3,73.0,0.0,3.4,0.0,1.4848,Cerah Berawan,wmo:2
arjawinangun,"Arjawinangun, Cirebon",2026-09-15,32.09.24.2004,Arjawinangun,kecamatan,no,-6.6453,108.4103,Asia/Jakarta,"BMKG point: Arjawinangun, Kecamatan Arjawinangun",15-09-2026,ICON,Open-Meteo / DWD ICON,05:00,2026-09-15 05:00:00,21.5,70.0,0.0,3.4,0.0,1.4848,Cerah Berawan,wmo:2
arjawinangun,"Arjawinangun, Cirebon",2026-09-15,32.09.24.2004,Arjawinangun,kecamatan,no,-6.6453,108.4103,Asia/Jakarta,"BMKG point: Arjawinangun, Kecamatan Arjawinangun",15-09-2026,ICON,Open-Meteo / DWD ICON,06:00,2026-09-15 06:00:00,21.8,69.0,0.0,2.7,0.0,1.4848,Cerah Berawan,wmo:2
arjawinangun,"Arjawinangun, Cirebon",2026-09-15,32.09.24.2004,Arjawinangun,kecamatan,no,-6.6453,108.4103,Asia/Jakarta,"BMKG point: Arjawinangun, Kecamatan Arjawinangun",15-09-2026,ICON,Open-Meteo / DWD ICON,07:00,2026-09-15 07:00:00,23.9,66.0,0.0,2.6,0.0,1.4848,Cerah Berawan,wmo:2
arjawinangun,"Arjawinangun, Cirebon",2026-09-15,32.09.24.2004,Arjawinangun,kecamatan,no,-6.6453,108.4103,Asia/Jakarta,"BMKG point: Arjawinangun, Kecamatan Arjawinangun",15-09-2026,ICON,Open-Meteo / DWD ICON,08:00,2026-09-15 08:00:00,27.8,53.0,0.0,3.8,0.0,1.4848,Cerah Berawan,wmo:2
arjawinangun,"Arjawinangun, Cirebon",2026-09-15,32.09.24.2004,Arjawinangun,kecamatan,no,-6.6453,108.4103,Asia/Jakarta,"BMKG point: Arjawinangun, Kecamatan Arjawinangun",15-09-2026,ICON,Open-Meteo / DWD ICON,09:00,2026-09-15 09:00:00,30.8,42.0,0.0,8.2,0.0,1.4848,Cerah Berawan,wmo:2
arjawinangun,"Arjawinangun, Cirebon",2026-09-15,32.09.24.2004,Arjawinangun,kecamatan,no,-6.6453,108.4103,Asia/Jakarta,"BMKG point: Arjawinangun, Kecamatan Arjawinangun",15-09-2026,ICON,Open-Meteo / DWD ICON,10:00,2026-09-15 10:00:00,32.9,40.0,0.0,11.6,0.0,1.4848,Cerah Berawan,wmo:1
arjawinangun,"Arjawinangun, Cirebon",2026-09-15,32.09.24.2004,Arjawinangun,kecamatan,no,-6.6453,108.4103,Asia/Jakarta,"BMKG point: Arjawinangun, Kecamatan Arjawinangun",15-09-2026,ICON,Open-Meteo / DWD ICON,11:00,2026-09-15 11:00:00,34.4,38.0,0.0,13.3,0.0,1.4848,Cerah Berawan,wmo:2
arjawinangun,"Arjawinangun, Cirebon",2026-09-15,32.09.24.2004,Arjawinangun,kecamatan,no,-6.6453,108.4103,Asia/Jakarta,"BMKG point: Arjawinangun, Kecamatan Arjawinangun",15-09-2026,ICON,Open-Meteo / DWD ICON,12:00,2026-09-15 12:00:00,35.2,35.0,0.0,14.4,0.0,1.4848,Cerah Berawan,wmo:2
arjawinangun,"Arjawinangun, Cirebon",2026-09-15,32.09.24.2004,Arjawinangun,kecamatan,no,-6.6453,108.4103,Asia/Jakarta,"BMKG point: Arjawinangun, Kecamatan Arjawinangun",15-09-2026,ICON,Open-Meteo / DWD ICON,13:00,2026-09-15 13:00:00,35.4,35.0,0.0,16.4,0.0,1.4848,Cerah Berawan,wmo:2
arjawinangun,"Arjawinangun, Cirebon",2026-09-15,32.09.24.2004,Arjawinangun,kecamatan,no,-6.6453,108.4103,Asia/Jakarta,"BMKG point: Arjawinangun, Kecamatan Arjawinangun",15-09-2026,ICON,Open-Meteo / DWD ICON,14:00,2026-09-15 14:00:00,34.4,39.0,0.0,19.2,0.0,1.4848,Cerah Berawan,wmo:1
arjawinangun,"Arjawinangun, Cirebon",2026-09-15,32.09.24.2004,Arjawinangun,kecamatan,no,-6.6453,108.4103,Asia/Jakarta,"BMKG point: Arjawinangun, Kecamatan Arjawinangun",15-09-2026,ICON,Open-Meteo / DWD ICON,15:00,2026-09-15 15:00:00,33.6,39.0,0.0,20.0,0.0,1.4848,Cerah Berawan,wmo:1
arjawinangun,"Arjawinangun, Cirebon",2026-09-15,32.09.24.2004,Arjawinangun,kecamatan,no,-6.6453,108.4103,Asia/Jakarta,"BMKG point: Arjawinangun, Kecamatan Arjawinangun",15-09-2026,ICON,Open-Meteo / DWD ICON,16:00,2026-09-15 16:00:00,32.6,41.0,0.0,18.1,0.0,1.4848,Cerah Berawan,wmo:2
arjawinangun,"Arjawinangun, Cirebon",2026-09-15,32.09.24.2004,Arjawinangun,kecamatan,no,-6.6453,108.4103,Asia/Jakarta,"BMKG point: Arjawinangun, Kecamatan Arjawinangun",15-09-2026,ICON,Open-Meteo / DWD ICON,17:00,2026-09-15 17:00:00,30.6,50.0,0.0,14.6,0.0,1.4848,Cerah Berawan,wmo:1
arjawinangun,"Arjawinangun, Cirebon",2026-09-15,32.09.24.2004,Arjawinangun,kecamatan,no,-6.6453,108.4103,Asia/Jakarta,"BMKG point: Arjawinangun, Kecamatan Arjawinangun",15-09-2026,ICON,Open-Meteo / DWD ICON,18:00,2026-09-15 18:00:00,28.6,61.0,0.0,11.2,0.0,1.4848,Cerah Berawan,wmo:1
arjawinangun,"Arjawinangun, Cirebon",2026-09-15,32.09.24.2004,Arjawinangun,kecamatan,no,-6.6453,108.4103,Asia/Jakarta,"BMKG point: Arjawinangun, Kecamatan Arjawinangun",15-09-2026,ICON,Open-Meteo / DWD ICON,19:00,2026-09-15 19:00:00,27.9,68.0,0.0,10.9,0.0,1.4848,Cerah Berawan,wmo:1
arjawinangun,"Arjawinangun, Cirebon",2026-09-15,32.09.24.2004,Arjawinangun,kecamatan,no,-6.6453,108.4103,Asia/Jakarta,"BMKG point: Arjawinangun, Kecamatan Arjawinangun",15-09-2026,ICON,Open-Meteo / DWD ICON,20:00,2026-09-15 20:00:00,27.2,68.0,0.0,9.0,0.0,1.4848,Cerah Berawan,wmo:1
arjawinangun,"Arjawinangun, Cirebon",2026-09-15,32.09.24.2004,Arjawinangun,kecamatan,no,-6.6453,108.4103,Asia/Jakarta,"BMKG point: Arjawinangun, Kecamatan Arjawinangun",15-09-2026,ICON,Open-Meteo / DWD ICON,21:00,2026-09-15 21:00:00,26.3,66.0,0.0,6.7,0.0,1.4848,Cerah Berawan,wmo:1
arjawinangun,"Arjawinangun, Cirebon",2026-09-15,32.09.24.2004,Arjawinangun,kecamatan,no,-6.6453,108.4103,Asia/Jakarta,"BMKG point: Arjawinangun, Kecamatan Arjawinangun",15-09-2026,ICON,Open-Meteo / DWD ICON,22:00,2026-09-15 22:00:00,25.6,66.0,0.0,3.9,0.0,1.4848,Cerah Berawan,wmo:1
arjawinangun,"Arjawinangun, Cirebon",2026-09-15,32.09.24.2004,Arjawinangun,kecamatan,no,-6.6453,108.4103,Asia/Jakarta,"BMKG point: Arjawinangun, Kecamatan Arjawinangun",15-09-2026,ICON,Open-Meteo / DWD ICON,23:00,2026-09-15 23:00:00,24.9,67.0,0.0,3.2,0.0,1.4848,Cerah Berawan,wmo:1
arjawinangun,"Arjawinangun, Cirebon",2026-09-15,32.09.24.2004,Arjawinangun,kecamatan,no,-6.6453,108.4103,Asia/Jakarta,"BMKG point: Arjawinangun, Kecamatan Arjawinangun",15-09-2026,KMA,Open-Meteo / KMA,00:00,2026-09-15 00:00:00,,,,,0.0,0.4863,Berawan,wmo:None
arjawinangun,"Arjawinangun, Cirebon",2026-09-15,32.09.24.2004,Arjawinangun,kecamatan,no,-6.6453,108.4103,Asia/Jakarta,"BMKG point: Arjawinangun, Kecamatan Arjawinangun",15-09-2026,KMA,Open-Meteo / KMA,01:00,2026-09-15 01:00:00,,,,,0.0,0.4863,Berawan,wmo:None
arjawinangun,"Arjawinangun, Cirebon",2026-09-15,32.09.24.2004,Arjawinangun,kecamatan,no,-6.6453,108.4103,Asia/Jakarta,"BMKG point: Arjawinangun, Kecamatan Arjawinangun",15-09-2026,KMA,Open-Meteo / KMA,02:00,2026-09-15 02:00:00,,,,,0.0,0.4863,Berawan,wmo:None
arjawinangun,"Arjawinangun, Cirebon",2026-09-15,32.09.24.2004,Arjawinangun,kecamatan,no,-6.6453,108.4103,Asia/Jakarta,"BMKG point: Arjawinangun, Kecamatan Arjawinangun",15-09-2026,KMA,Open-Meteo / KMA,03:00,2026-09-15 03:00:00,,,,,0.0,0.4863,Berawan,wmo:None
arjawinangun,"Arjawinangun, Cirebon",2026-09-15,32.09.24.2004,Arjawinangun,kecamatan,no,-6.6453,108.4103,Asia/Jakarta,"BMKG point: Arjawinangun, Kecamatan Arjawinangun",15-09-2026,KMA,Open-Meteo / KMA,04:00,2026-09-15 04:00:00,,,,,0.0,0.4863,Berawan,wmo:None
arjawinangun,"Arjawinangun, Cirebon",2026-09-15,32.09.24.2004,Arjawinangun,kecamatan,no,-6.6453,108.4103,Asia/Jakarta,"BMKG point: Arjawinangun, Kecamatan Arjawinangun",15-09-2026,KMA,Open-Meteo / KMA,05:00,2026-09-15 05:00:00,,,,,0.0,0.4863,Berawan,wmo:None
arjawinangun,"Arjawinangun, Cirebon",2026-09-15,32.09.24.2004,Arjawinangun,kecamatan,no,-6.6453,108.4103,Asia/Jakarta,"BMKG point: Arjawinangun, Kecamatan Arjawinangun",15-09-2026,KMA,Open-Meteo / KMA,06:00,2026-09-15 06:00:00,,,,,0.0,0.4863,Berawan,wmo:None
arjawinangun,"Arjawinangun, Cirebon",2026-09-15,32.09.24.2004,Arjawinangun,kecamatan,no,-6.6453,108.4103,Asia/Jakarta,"BMKG point: Arjawinangun, Kecamatan Arjawinangun",15-09-2026,KMA,Open-Meteo / KMA,07:00,2026-09-15 07:00:00,,,,,0.0,0.4863,Berawan,wmo:None
arjawinangun,"Arjawinangun, Cirebon",2026-09-15,32.09.24.2004,Arjawinangun,kecamatan,no,-6.6453,108.4103,Asia/Jakarta,"BMKG point: Arjawinangun, Kecamatan Arjawinangun",15-09-2026,KMA,Open-Meteo / KMA,08:00,2026-09-15 08:00:00,,,,,0.0,0.4863,Berawan,wmo:None
arjawinangun,"Arjawinangun, Cirebon",2026-09-15,32.09.24.2004,Arjawinangun,kecamatan,no,-6.6453,108.4103,Asia/Jakarta,"BMKG point: Arjawinangun, Kecamatan Arjawinangun",15-09-2026,KMA,Open-Meteo / KMA,09:00,2026-09-15 09:00:00,,,,,0.0,0.4863,Berawan,wmo:None
arjawinangun,"Arjawinangun, Cirebon",2026-09-15,32.09.24.2004,Arjawinangun,kecamatan,no,-6.6453,108.4103,Asia/Jakarta,"BMKG point: Arjawinangun, Kecamatan Arjawinangun",15-09-2026,KMA,Open-Meteo / KMA,10:00,2026-09-15 10:00:00,,,,,0.0,0.4863,Berawan,wmo:None
arjawinangun,"Arjawinangun, Cirebon",2026-09-15,32.09.24.2004,Arjawinangun,kecamatan,no,-6.6453,108.4103,Asia/Jakarta,"BMKG point: Arjawinangun, Kecamatan Arjawinangun",15-09-2026,KMA,Open-Meteo / KMA,11:00,2026-09-15 11:00:00,,,,,0.0,0.4863,Berawan,wmo:None
arjawinangun,"Arjawinangun, Cirebon",2026-09-15,32.09.24.2004,Arjawinangun,kecamatan,no,-6.6453,108.4103,Asia/Jakarta,"BMKG point: Arjawinangun, Kecamatan Arjawinangun",15-09-2026,KMA,Open-Meteo / KMA,12:00,2026-09-15 12:00:00,,,,,0.0,0.4863,Berawan,wmo:None
arjawinangun,"Arjawinangun, Cirebon",2026-09-15,32.09.24.2004,Arjawinangun,kecamatan,no,-6.6453,108.4103,Asia/Jakarta,"BMKG point: Arjawinangun, Kecamatan Arjawinangun",15-09-2026,KMA,Open-Meteo / KMA,13:00,2026-09-15 13:00:00,,,,,0.0,0.4863,Berawan,wmo:None
arjawinangun,"Arjawinangun, Cirebon",2026-09-15,32.09.24.2004,Arjawinangun,kecamatan,no,-6.6453,108.4103,Asia/Jakarta,"BMKG point: Arjawinangun, Kecamatan Arjawinangun",15-09-2026,KMA,Open-Meteo / KMA,14:00,2026-09-15 14:00:00,,,,,0.0,0.4863,Berawan,wmo:None
arjawinangun,"Arjawinangun, Cirebon",2026-09-15,32.09.24.2004,Arjawinangun,kecamatan,no,-6.6453,108.4103,Asia/Jakarta,"BMKG point: Arjawinangun, Kecamatan Arjawinangun",15-09-2026,KMA,Open-Meteo / KMA,15:00,2026-09-15 15:00:00,,,,,0.0,0.4863,Berawan,wmo:None
arjawinangun,"Arjawinangun, Cirebon",2026-09-15,32.09.24.2004,Arjawinangun,kecamatan,no,-6.6453,108.4103,Asia/Jakarta,"BMKG point: Arjawinangun, Kecamatan Arjawinangun",15-09-2026,KMA,Open-Meteo / KMA,16:00,2026-09-15 16:00:00,,,,,0.0,0.4863,Berawan,wmo:None
arjawinangun,"Arjawinangun, Cirebon",2026-09-15,32.09.24.2004,Arjawinangun,kecamatan,no,-6.6453,108.4103,Asia/Jakarta,"BMKG point: Arjawinangun, Kecamatan Arjawinangun",15-09-2026,KMA,Open-Meteo / KMA,17:00,2026-09-15 17:00:00,,,,,0.0,0.4863,Berawan,wmo:None
arjawinangun,"Arjawinangun, Cirebon",2026-09-15,32.09.24.2004,Arjawinangun,kecamatan,no,-6.6453,108.4103,Asia/Jakarta,"BMKG point: Arjawinangun, Kecamatan Arjawinangun",15-09-2026,KMA,Open-Meteo / KMA,18:00,2026-09-15 18:00:00,,,,,0.0,0.4863,Berawan,wmo:None
arjawinangun,"Arjawinangun, Cirebon",2026-09-15,32.09.24.2004,Arjawinangun,kecamatan,no,-6.6453,108.4103,Asia/Jakarta,"BMKG point: Arjawinangun, Kecamatan Arjawinangun",15-09-2026,KMA,Open-Meteo / KMA,19:00,2026-09-15 19:00:00,,,,,0.0,0.4863,Berawan,wmo:None
arjawinangun,"Arjawinangun, Cirebon",2026-09-15,32.09.24.2004,Arjawinangun,kecamatan,no,-6.6453,108.4103,Asia/Jakarta,"BMKG point: Arjawinangun, Kecamatan Arjawinangun",15-09-2026,KMA,Open-Meteo / KMA,20:00,2026-09-15 20:00:00,,,,,0.0,0.4863,Berawan,wmo:None
arjawinangun,"Arjawinangun, Cirebon",2026-09-15,32.09.24.2004,Arjawinangun,kecamatan,no,-6.6453,108.4103,Asia/Jakarta,"BMKG point: Arjawinangun, Kecamatan Arjawinangun",15-09-2026,KMA,Open-Meteo / KMA,21:00,2026-09-15 21:00:00,,,,,0.0,0.4863,Berawan,wmo:None
arjawinangun,"Arjawinangun, Cirebon",2026-09-15,32.09.24.2004,Arjawinangun,kecamatan,no,-6.6453,108.4103,Asia/Jakarta,"BMKG point: Arjawinangun, Kecamatan Arjawinangun",15-09-2026,KMA,Open-Meteo / KMA,22:00,2026-09-15 22:00:00,,,,,0.0,0.4863,Berawan,wmo:None
arjawinangun,"Arjawinangun, Cirebon",2026-09-15,32.09.24.2004,Arjawinangun,kecamatan,no,-6.6453,108.4103,Asia/Jakarta,"BMKG point: Arjawinangun, Kecamatan Arjawinangun",15-09-2026,KMA,Open-Meteo / KMA,23:00,2026-09-15 23:00:00,,,,,0.0,0.4863,Berawan,wmo:None
arjawinangun,"Arjawinangun, Cirebon",2026-09-15,32.09.24.2004,Arjawinangun,kecamatan,no,-6.6453,108.4103,Asia/Jakarta,"BMKG point: Arjawinangun, Kecamatan Arjawinangun",15-09-2026,METEOFRANCE,Open-Meteo / Meteo-France,00:00,2026-09-15 00:00:00,26.8,65.0,0.0,16.2,0.0,1.3949,Cerah Berawan,wmo:2
arjawinangun,"Arjawinangun, Cirebon",2026-09-15,32.09.24.2004,Arjawinangun,kecamatan,no,-6.6453,108.4103,Asia/Jakarta,"BMKG point: Arjawinangun, Kecamatan Arjawinangun",15-09-2026,METEOFRANCE,Open-Meteo / Meteo-France,01:00,2026-09-15 01:00:00,26.5,66.0,0.0,16.7,0.0,1.3949,Cerah Berawan,wmo:2
arjawinangun,"Arjawinangun, Cirebon",2026-09-15,32.09.24.2004,Arjawinangun,kecamatan,no,-6.6453,108.4103,Asia/Jakarta,"BMKG point: Arjawinangun, Kecamatan Arjawinangun",15-09-2026,METEOFRANCE,Open-Meteo / Meteo-France,02:00,2026-09-15 02:00:00,26.2,66.0,0.0,17.4,0.0,1.3949,Cerah Berawan,wmo:2
arjawinangun,"Arjawinangun, Cirebon",2026-09-15,32.09.24.2004,Arjawinangun,kecamatan,no,-6.6453,108.4103,Asia/Jakarta,"BMKG point: Arjawinangun, Kecamatan Arjawinangun",15-09-2026,METEOFRANCE,Open-Meteo / Meteo-France,03:00,2026-09-15 03:00:00,26.1,65.0,0.0,17.4,0.0,1.3949,Cerah Berawan,wmo:2
arjawinangun,"Arjawinangun, Cirebon",2026-09-15,32.09.24.2004,Arjawinangun,kecamatan,no,-6.6453,108.4103,Asia/Jakarta,"BMKG point: Arjawinangun, Kecamatan Arjawinangun",15-09-2026,METEOFRANCE,Open-Meteo / Meteo-France,04:00,2026-09-15 04:00:00,25.9,65.0,0.0,17.8,0.0,1.3949,Berawan,wmo:3
arjawinangun,"Arjawinangun, Cirebon",2026-09-15,32.09.24.2004,Arjawinangun,kecamatan,no,-6.6453,108.4103,Asia/Jakarta,"BMKG point: Arjawinangun, Kecamatan Arjawinangun",15-09-2026,METEOFRANCE,Open-Meteo / Meteo-France,05:00,2026-09-15 05:00:00,25.8,66.0,0.0,18.8,0.0,1.3949,Berawan,wmo:3
arjawinangun,"Arjawinangun, Cirebon",2026-09-15,32.09.24.2004,Arjawinangun,kecamatan,no,-6.6453,108.4103,Asia/Jakarta,"BMKG point: Arjawinangun, Kecamatan Arjawinangun",15-09-2026,METEOFRANCE,Open-Meteo / Meteo-France,06:00,2026-09-15 06:00:00,25.7,67.0,0.0,19.6,0.0,1.3949,Berawan,wmo:3
arjawinangun,"Arjawinangun, Cirebon",2026-09-15,32.09.24.2004,Arjawinangun,kecamatan,no,-6.6453,108.4103,Asia/Jakarta,"BMKG point: Arjawinangun, Kecamatan Arjawinangun",15-09-2026,METEOFRANCE,Open-Meteo / Meteo-France,07:00,2026-09-15 07:00:00,26.5,64.0,0.0,20.0,0.0,1.3949,Berawan,wmo:3
arjawinangun,"Arjawinangun, Cirebon",2026-09-15,32.09.24.2004,Arjawinangun,kecamatan,no,-6.6453,108.4103,Asia/Jakarta,"BMKG point: Arjawinangun, Kecamatan Arjawinangun",15-09-2026,METEOFRANCE,Open-Meteo / Meteo-France,08:00,2026-09-15 08:00:00,28.4,56.0,0.0,20.2,0.0,1.3949,Cerah Berawan,wmo:2
arjawinangun,"Arjawinangun, Cirebon",2026-09-15,32.09.24.2004,Arjawinangun,kecamatan,no,-6.6453,108.4103,Asia/Jakarta,"BMKG point: Arjawinangun, Kecamatan Arjawinangun",15-09-2026,METEOFRANCE,Open-Meteo / Meteo-France,09:00,2026-09-15 09:00:00,30.5,48.0,0.0,18.8,0.0,1.3949,Cerah Berawan,wmo:2
arjawinangun,"Arjawinangun, Cirebon",2026-09-15,32.09.24.2004,Arjawinangun,kecamatan,no,-6.6453,108.4103,Asia/Jakarta,"BMKG point: Arjawinangun, Kecamatan Arjawinangun",15-09-2026,METEOFRANCE,Open-Meteo / Meteo-France,10:00,2026-09-15 10:00:00,32.3,43.0,0.0,16.8,0.0,1.3949,Cerah Berawan,wmo:2
arjawinangun,"Arjawinangun, Cirebon",2026-09-15,32.09.24.2004,Arjawinangun,kecamatan,no,-6.6453,108.4103,Asia/Jakarta,"BMKG point: Arjawinangun, Kecamatan Arjawinangun",15-09-2026,METEOFRANCE,Open-Meteo / Meteo-France,11:00,2026-09-15 11:00:00,33.7,38.0,0.0,15.2,0.0,1.3949,Berawan,wmo:3
arjawinangun,"Arjawinangun, Cirebon",2026-09-15,32.09.24.2004,Arjawinangun,kecamatan,no,-6.6453,108.4103,Asia/Jakarta,"BMKG point: Arjawinangun, Kecamatan Arjawinangun",15-09-2026,METEOFRANCE,Open-Meteo / Meteo-France,12:00,2026-09-15 12:00:00,34.8,35.0,0.0,14.2,0.0,1.3949,Berawan,wmo:3
arjawinangun,"Arjawinangun, Cirebon",2026-09-15,32.09.24.2004,Arjawinangun,kecamatan,no,-6.6453,108.4103,Asia/Jakarta,"BMKG point: Arjawinangun, Kecamatan Arjawinangun",15-09-2026,METEOFRANCE,Open-Meteo / Meteo-France,13:00,2026-09-15 13:00:00,35.5,34.0,0.0,14.4,0.0,1.3949,Berawan,wmo:3
arjawinangun,"Arjawinangun, Cirebon",2026-09-15,32.09.24.2004,Arjawinangun,kecamatan,no,-6.6453,108.4103,Asia/Jakarta,"BMKG point: Arjawinangun, Kecamatan Arjawinangun",15-09-2026,METEOFRANCE,Open-Meteo / Meteo-France,14:00,2026-09-15 14:00:00,35.4,34.0,0.0,15.7,0.0,1.3949,Berawan,wmo:3
arjawinangun,"Arjawinangun, Cirebon",2026-09-15,32.09.24.2004,Arjawinangun,kecamatan,no,-6.6453,108.4103,Asia/Jakarta,"BMKG point: Arjawinangun, Kecamatan Arjawinangun",15-09-2026,METEOFRANCE,Open-Meteo / Meteo-France,15:00,2026-09-15 15:00:00,34.8,37.0,0.0,17.8,0.0,1.3949,Berawan,wmo:3
arjawinangun,"Arjawinangun, Cirebon",2026-09-15,32.09.24.2004,Arjawinangun,kecamatan,no,-6.6453,108.4103,Asia/Jakarta,"BMKG point: Arjawinangun, Kecamatan Arjawinangun",15-09-2026,METEOFRANCE,Open-Meteo / Meteo-France,16:00,2026-09-15 16:00:00,33.9,40.0,0.0,18.1,0.0,1.3949,Cerah Berawan,wmo:2
arjawinangun,"Arjawinangun, Cirebon",2026-09-15,32.09.24.2004,Arjawinangun,kecamatan,no,-6.6453,108.4103,Asia/Jakarta,"BMKG point: Arjawinangun, Kecamatan Arjawinangun",15-09-2026,METEOFRANCE,Open-Meteo / Meteo-France,17:00,2026-09-15 17:00:00,32.6,46.0,0.0,15.7,0.0,1.3949,Cerah Berawan,wmo:2
arjawinangun,"Arjawinangun, Cirebon",2026-09-15,32.09.24.2004,Arjawinangun,kecamatan,no,-6.6453,108.4103,Asia/Jakarta,"BMKG point: Arjawinangun, Kecamatan Arjawinangun",15-09-2026,METEOFRANCE,Open-Meteo / Meteo-France,18:00,2026-09-15 18:00:00,31.0,52.0,0.0,14.5,0.0,1.3949,Cerah Berawan,wmo:2
arjawinangun,"Arjawinangun, Cirebon",2026-09-15,32.09.24.2004,Arjawinangun,kecamatan,no,-6.6453,108.4103,Asia/Jakarta,"BMKG point: Arjawinangun, Kecamatan Arjawinangun",15-09-2026,METEOFRANCE,Open-Meteo / Meteo-France,19:00,2026-09-15 19:00:00,29.7,58.0,0.0,15.8,0.0,1.3949,Cerah Berawan,wmo:2
arjawinangun,"Arjawinangun, Cirebon",2026-09-15,32.09.24.2004,Arjawinangun,kecamatan,no,-6.6453,108.4103,Asia/Jakarta,"BMKG point: Arjawinangun, Kecamatan Arjawinangun",15-09-2026,METEOFRANCE,Open-Meteo / Meteo-France,20:00,2026-09-15 20:00:00,28.7,61.0,0.0,15.9,0.0,1.3949,Cerah Berawan,wmo:1
arjawinangun,"Arjawinangun, Cirebon",2026-09-15,32.09.24.2004,Arjawinangun,kecamatan,no,-6.6453,108.4103,Asia/Jakarta,"BMKG point: Arjawinangun, Kecamatan Arjawinangun",15-09-2026,METEOFRANCE,Open-Meteo / Meteo-France,21:00,2026-09-15 21:00:00,28.1,63.0,0.0,15.6,0.0,1.3949,Cerah Berawan,wmo:1
arjawinangun,"Arjawinangun, Cirebon",2026-09-15,32.09.24.2004,Arjawinangun,kecamatan,no,-6.6453,108.4103,Asia/Jakarta,"BMKG point: Arjawinangun, Kecamatan Arjawinangun",15-09-2026,METEOFRANCE,Open-Meteo / Meteo-France,22:00,2026-09-15 22:00:00,27.5,65.0,0.0,15.3,0.0,1.3949,Cerah Berawan,wmo:1
arjawinangun,"Arjawinangun, Cirebon",2026-09-15,32.09.24.2004,Arjawinangun,kecamatan,no,-6.6453,108.4103,Asia/Jakarta,"BMKG point: Arjawinangun, Kecamatan Arjawinangun",15-09-2026,METEOFRANCE,Open-Meteo / Meteo-France,23:00,2026-09-15 23:00:00,27.2,67.0,0.0,15.2,0.0,1.3949,Cerah Berawan,wmo:1
arjawinangun,"Arjawinangun, Cirebon",2026-09-15,32.09.24.2004,Arjawinangun,kecamatan,no,-6.6453,108.4103,Asia/Jakarta,"BMKG point: Arjawinangun, Kecamatan Arjawinangun",15-09-2026,METNO,MET Norway,00:00,2026-09-15 00:00:00,24.7,73.5,0.0,11.16,0.0,1.3994,Cerah Berawan,partlycloudy_night
arjawinangun,"Arjawinangun, Cirebon",2026-09-15,32.09.24.2004,Arjawinangun,kecamatan,no,-6.6453,108.4103,Asia/Jakarta,"BMKG point: Arjawinangun, Kecamatan Arjawinangun",15-09-2026,METNO,MET Norway,01:00,2026-09-15 01:00:00,23.8,76.7,0.0,10.8,0.0,1.3994,Cerah Berawan,partlycloudy_night
arjawinangun,"Arjawinangun, Cirebon",2026-09-15,32.09.24.2004,Arjawinangun,kecamatan,no,-6.6453,108.4103,Asia/Jakarta,"BMKG point: Arjawinangun, Kecamatan Arjawinangun",15-09-2026,METNO,MET Norway,02:00,2026-09-15 02:00:00,23.2,78.0,0.0,9.72,0.0,1.3994,Cerah Berawan,partlycloudy_night
arjawinangun,"Arjawinangun, Cirebon",2026-09-15,32.09.24.2004,Arjawinangun,kecamatan,no,-6.6453,108.4103,Asia/Jakarta,"BMKG point: Arjawinangun, Kecamatan Arjawinangun",15-09-2026,METNO,MET Norway,03:00,2026-09-15 03:00:00,23.0,77.6,0.0,9.36,0.0,1.3994,Cerah Berawan,partlycloudy_night
arjawinangun,"Arjawinangun, Cirebon",2026-09-15,32.09.24.2004,Arjawinangun,kecamatan,no,-6.6453,108.4103,Asia/Jakarta,"BMKG point: Arjawinangun, Kecamatan Arjawinangun",15-09-2026,METNO,MET Norway,04:00,2026-09-15 04:00:00,22.7,76.7,0.0,9.36,0.0,1.3994,Cerah Berawan,partlycloudy_night
arjawinangun,"Arjawinangun, Cirebon",2026-09-15,32.09.24.2004,Arjawinangun,kecamatan,no,-6.6453,108.4103,Asia/Jakarta,"BMKG point: Arjawinangun, Kecamatan Arjawinangun",15-09-2026,METNO,MET Norway,05:00,2026-09-15 05:00:00,22.4,76.7,0.0,9.72,0.0,1.3994,Cerah Berawan,partlycloudy_night
arjawinangun,"Arjawinangun, Cirebon",2026-09-15,32.09.24.2004,Arjawinangun,kecamatan,no,-6.6453,108.4103,Asia/Jakarta,"BMKG point: Arjawinangun, Kecamatan Arjawinangun",15-09-2026,METNO,MET Norway,06:00,2026-09-15 06:00:00,22.1,77.2,0.0,9.36,0.0,1.3994,Cerah Berawan,partlycloudy_day
arjawinangun,"Arjawinangun, Cirebon",2026-09-15,32.09.24.2004,Arjawinangun,kecamatan,no,-6.6453,108.4103,Asia/Jakarta,"BMKG point: Arjawinangun, Kecamatan Arjawinangun",15-09-2026,METNO,MET Norway,07:00,2026-09-15 07:00:00,25.0,64.4,0.0,9.0,0.0,1.3994,Cerah Berawan,partlycloudy_day
arjawinangun,"Arjawinangun, Cirebon",2026-09-15,32.09.24.2004,Arjawinangun,kecamatan,no,-6.6453,108.4103,Asia/Jakarta,"BMKG point: Arjawinangun, Kecamatan Arjawinangun",15-09-2026,METNO,MET Norway,08:00,2026-09-15 08:00:00,28.4,50.5,0.0,8.28,0.0,1.3994,Cerah Berawan,partlycloudy_day
arjawinangun,"Arjawinangun, Cirebon",2026-09-15,32.09.24.2004,Arjawinangun,kecamatan,no,-6.6453,108.4103,Asia/Jakarta,"BMKG point: Arjawinangun, Kecamatan Arjawinangun",15-09-2026,METNO,MET Norway,09:00,2026-09-15 09:00:00,31.0,44.7,0.0,15.48,0.0,1.3994,Cerah Berawan,partlycloudy_day
arjawinangun,"Arjawinangun, Cirebon",2026-09-15,32.09.24.2004,Arjawinangun,kecamatan,no,-6.6453,108.4103,Asia/Jakarta,"BMKG point: Arjawinangun, Kecamatan Arjawinangun",15-09-2026,METNO,MET Norway,10:00,2026-09-15 10:00:00,33.2,36.8,0.0,16.56,0.0,1.3994,Cerah Berawan,partlycloudy_day
arjawinangun,"Arjawinangun, Cirebon",2026-09-15,32.09.24.2004,Arjawinangun,kecamatan,no,-6.6453,108.4103,Asia/Jakarta,"BMKG point: Arjawinangun, Kecamatan Arjawinangun",15-09-2026,METNO,MET Norway,11:00,2026-09-15 11:00:00,34.6,32.4,0.0,15.84,0.0,1.3994,Cerah Berawan,partlycloudy_day
arjawinangun,"Arjawinangun, Cirebon",2026-09-15,32.09.24.2004,Arjawinangun,kecamatan,no,-6.6453,108.4103,Asia/Jakarta,"BMKG point: Arjawinangun, Kecamatan Arjawinangun",15-09-2026,METNO,MET Norway,12:00,2026-09-15 12:00:00,35.4,30.3,0.0,16.56,0.0,1.3994,Cerah Berawan,partlycloudy_day
arjawinangun,"Arjawinangun, Cirebon",2026-09-15,32.09.24.2004,Arjawinangun,kecamatan,no,-6.6453,108.4103,Asia/Jakarta,"BMKG point: Arjawinangun, Kecamatan Arjawinangun",15-09-2026,METNO,MET Norway,13:00,2026-09-15 13:00:00,35.6,29.6,0.0,17.64,0.0,1.3994,Cerah Berawan,partlycloudy_day
arjawinangun,"Arjawinangun, Cirebon",2026-09-15,32.09.24.2004,Arjawinangun,kecamatan,no,-6.6453,108.4103,Asia/Jakarta,"BMKG point: Arjawinangun, Kecamatan Arjawinangun",15-09-2026,METNO,MET Norway,14:00,2026-09-15 14:00:00,35.3,31.1,0.0,19.08,0.0,1.3994,Cerah Berawan,partlycloudy_day
arjawinangun,"Arjawinangun, Cirebon",2026-09-15,32.09.24.2004,Arjawinangun,kecamatan,no,-6.6453,108.4103,Asia/Jakarta,"BMKG point: Arjawinangun, Kecamatan Arjawinangun",15-09-2026,METNO,MET Norway,15:00,2026-09-15 15:00:00,34.2,35.4,0.0,19.8,0.0,1.3994,Cerah Berawan,partlycloudy_day
arjawinangun,"Arjawinangun, Cirebon",2026-09-15,32.09.24.2004,Arjawinangun,kecamatan,no,-6.6453,108.4103,Asia/Jakarta,"BMKG point: Arjawinangun, Kecamatan Arjawinangun",15-09-2026,METNO,MET Norway,16:00,2026-09-15 16:00:00,32.6,37.8,0.0,17.64,0.0,1.3994,Cerah Berawan,partlycloudy_day
arjawinangun,"Arjawinangun, Cirebon",2026-09-15,32.09.24.2004,Arjawinangun,kecamatan,no,-6.6453,108.4103,Asia/Jakarta,"BMKG point: Arjawinangun, Kecamatan Arjawinangun",15-09-2026,METNO,MET Norway,17:00,2026-09-15 17:00:00,30.8,47.0,0.0,19.8,0.0,1.3994,Cerah Berawan,partlycloudy_day
arjawinangun,"Arjawinangun, Cirebon",2026-09-15,32.09.24.2004,Arjawinangun,kecamatan,no,-6.6453,108.4103,Asia/Jakarta,"BMKG point: Arjawinangun, Kecamatan Arjawinangun",15-09-2026,METNO,MET Norway,18:00,2026-09-15 18:00:00,29.2,60.1,0.0,17.64,0.0,1.3994,Cerah Berawan,fair_night
arjawinangun,"Arjawinangun, Cirebon",2026-09-15,32.09.24.2004,Arjawinangun,kecamatan,no,-6.6453,108.4103,Asia/Jakarta,"BMKG point: Arjawinangun, Kecamatan Arjawinangun",15-09-2026,METNO,MET Norway,19:00,2026-09-15 19:00:00,28.9,61.7,0.0,16.2,0.0,1.3994,Cerah Berawan,fair_night
arjawinangun,"Arjawinangun, Cirebon",2026-09-15,32.09.24.2004,Arjawinangun,kecamatan,no,-6.6453,108.4103,Asia/Jakarta,"BMKG point: Arjawinangun, Kecamatan Arjawinangun",15-09-2026,METNO,MET Norway,20:00,2026-09-15 20:00:00,28.3,64.0,0.0,20.88,0.0,1.3994,Cerah Berawan,fair_night
arjawinangun,"Arjawinangun, Cirebon",2026-09-15,32.09.24.2004,Arjawinangun,kecamatan,no,-6.6453,108.4103,Asia/Jakarta,"BMKG point: Arjawinangun, Kecamatan Arjawinangun",15-09-2026,METNO,MET Norway,21:00,2026-09-15 21:00:00,27.7,63.3,0.0,19.44,0.0,1.3994,Cerah Berawan,partlycloudy_night
arjawinangun,"Arjawinangun, Cirebon",2026-09-15,32.09.24.2004,Arjawinangun,kecamatan,no,-6.6453,108.4103,Asia/Jakarta,"BMKG point: Arjawinangun, Kecamatan Arjawinangun",15-09-2026,METNO,MET Norway,22:00,2026-09-15 22:00:00,27.1,64.0,0.0,18.36,0.0,1.3994,Cerah,clearsky_night
arjawinangun,"Arjawinangun, Cirebon",2026-09-15,32.09.24.2004,Arjawinangun,kecamatan,no,-6.6453,108.4103,Asia/Jakarta,"BMKG point: Arjawinangun, Kecamatan Arjawinangun",15-09-2026,METNO,MET Norway,23:00,2026-09-15 23:00:00,26.5,66.1,0.0,11.88,0.0,1.3994,Cerah,clearsky_night
arjawinangun,"Arjawinangun, Cirebon",2026-09-15,32.09.24.2004,Arjawinangun,kecamatan,no,-6.6453,108.4103,Asia/Jakarta,"BMKG point: Arjawinangun, Kecamatan Arjawinangun",15-09-2026,UKMO,Open-Meteo / UK Met Office,00:00,2026-09-15 00:00:00,25.7,62.0,0.0,11.2,0.0,1.1913,Cerah,wmo:0
arjawinangun,"Arjawinangun, Cirebon",2026-09-15,32.09.24.2004,Arjawinangun,kecamatan,no,-6.6453,108.4103,Asia/Jakarta,"BMKG point: Arjawinangun, Kecamatan Arjawinangun",15-09-2026,UKMO,Open-Meteo / UK Met Office,01:00,2026-09-15 01:00:00,24.9,63.0,0.0,8.3,0.0,1.1913,Cerah,wmo:0
arjawinangun,"Arjawinangun, Cirebon",2026-09-15,32.09.24.2004,Arjawinangun,kecamatan,no,-6.6453,108.4103,Asia/Jakarta,"BMKG point: Arjawinangun, Kecamatan Arjawinangun",15-09-2026,UKMO,Open-Meteo / UK Met Office,02:00,2026-09-15 02:00:00,23.6,71.0,0.0,5.8,0.0,1.1913,Cerah,wmo:0
arjawinangun,"Arjawinangun, Cirebon",2026-09-15,32.09.24.2004,Arjawinangun,kecamatan,no,-6.6453,108.4103,Asia/Jakarta,"BMKG point: Arjawinangun, Kecamatan Arjawinangun",15-09-2026,UKMO,Open-Meteo / UK Met Office,03:00,2026-09-15 03:00:00,22.7,79.0,0.0,4.3,0.0,1.1913,Cerah,wmo:0
arjawinangun,"Arjawinangun, Cirebon",2026-09-15,32.09.24.2004,Arjawinangun,kecamatan,no,-6.6453,108.4103,Asia/Jakarta,"BMKG point: Arjawinangun, Kecamatan Arjawinangun",15-09-2026,UKMO,Open-Meteo / UK Met Office,04:00,2026-09-15 04:00:00,22.3,79.0,0.0,5.0,0.0,1.1913,Cerah,wmo:0
arjawinangun,"Arjawinangun, Cirebon",2026-09-15,32.09.24.2004,Arjawinangun,kecamatan,no,-6.6453,108.4103,Asia/Jakarta,"BMKG point: Arjawinangun, Kecamatan Arjawinangun",15-09-2026,UKMO,Open-Meteo / UK Met Office,05:00,2026-09-15 05:00:00,22.7,72.0,0.0,7.6,0.0,1.1913,Cerah,wmo:0
arjawinangun,"Arjawinangun, Cirebon",2026-09-15,32.09.24.2004,Arjawinangun,kecamatan,no,-6.6453,108.4103,Asia/Jakarta,"BMKG point: Arjawinangun, Kecamatan Arjawinangun",15-09-2026,UKMO,Open-Meteo / UK Met Office,06:00,2026-09-15 06:00:00,23.4,69.0,0.0,8.3,0.0,1.1913,Cerah,wmo:0
arjawinangun,"Arjawinangun, Cirebon",2026-09-15,32.09.24.2004,Arjawinangun,kecamatan,no,-6.6453,108.4103,Asia/Jakarta,"BMKG point: Arjawinangun, Kecamatan Arjawinangun",15-09-2026,UKMO,Open-Meteo / UK Met Office,07:00,2026-09-15 07:00:00,24.9,65.0,0.0,4.7,0.0,1.1913,Cerah,wmo:0
arjawinangun,"Arjawinangun, Cirebon",2026-09-15,32.09.24.2004,Arjawinangun,kecamatan,no,-6.6453,108.4103,Asia/Jakarta,"BMKG point: Arjawinangun, Kecamatan Arjawinangun",15-09-2026,UKMO,Open-Meteo / UK Met Office,08:00,2026-09-15 08:00:00,27.0,57.0,0.0,4.7,0.0,1.1913,Cerah,wmo:0
arjawinangun,"Arjawinangun, Cirebon",2026-09-15,32.09.24.2004,Arjawinangun,kecamatan,no,-6.6453,108.4103,Asia/Jakarta,"BMKG point: Arjawinangun, Kecamatan Arjawinangun",15-09-2026,UKMO,Open-Meteo / UK Met Office,09:00,2026-09-15 09:00:00,30.0,44.0,0.0,11.9,0.0,1.1913,Cerah,wmo:0
arjawinangun,"Arjawinangun, Cirebon",2026-09-15,32.09.24.2004,Arjawinangun,kecamatan,no,-6.6453,108.4103,Asia/Jakarta,"BMKG point: Arjawinangun, Kecamatan Arjawinangun",15-09-2026,UKMO,Open-Meteo / UK Met Office,10:00,2026-09-15 10:00:00,32.0,37.0,0.0,16.2,0.0,1.1913,Cerah,wmo:0
arjawinangun,"Arjawinangun, Cirebon",2026-09-15,32.09.24.2004,Arjawinangun,kecamatan,no,-6.6453,108.4103,Asia/Jakarta,"BMKG point: Arjawinangun, Kecamatan Arjawinangun",15-09-2026,UKMO,Open-Meteo / UK Met Office,11:00,2026-09-15 11:00:00,32.9,34.0,0.0,15.8,0.0,1.1913,Cerah Berawan,wmo:1
arjawinangun,"Arjawinangun, Cirebon",2026-09-15,32.09.24.2004,Arjawinangun,kecamatan,no,-6.6453,108.4103,Asia/Jakarta,"BMKG point: Arjawinangun, Kecamatan Arjawinangun",15-09-2026,UKMO,Open-Meteo / UK Met Office,12:00,2026-09-15 12:00:00,33.7,31.0,0.0,15.8,0.0,1.1913,Cerah,wmo:0
arjawinangun,"Arjawinangun, Cirebon",2026-09-15,32.09.24.2004,Arjawinangun,kecamatan,no,-6.6453,108.4103,Asia/Jakarta,"BMKG point: Arjawinangun, Kecamatan Arjawinangun",15-09-2026,UKMO,Open-Meteo / UK Met Office,13:00,2026-09-15 13:00:00,34.3,28.0,0.0,14.4,0.0,1.1913,Cerah,wmo:0
arjawinangun,"Arjawinangun, Cirebon",2026-09-15,32.09.24.2004,Arjawinangun,kecamatan,no,-6.6453,108.4103,Asia/Jakarta,"BMKG point: Arjawinangun, Kecamatan Arjawinangun",15-09-2026,UKMO,Open-Meteo / UK Met Office,14:00,2026-09-15 14:00:00,34.9,26.0,0.0,14.0,0.0,1.1913,Cerah,wmo:0
arjawinangun,"Arjawinangun, Cirebon",2026-09-15,32.09.24.2004,Arjawinangun,kecamatan,no,-6.6453,108.4103,Asia/Jakarta,"BMKG point: Arjawinangun, Kecamatan Arjawinangun",15-09-2026,UKMO,Open-Meteo / UK Met Office,15:00,2026-09-15 15:00:00,34.6,27.0,0.0,15.1,0.0,1.1913,Cerah,wmo:0
arjawinangun,"Arjawinangun, Cirebon",2026-09-15,32.09.24.2004,Arjawinangun,kecamatan,no,-6.6453,108.4103,Asia/Jakarta,"BMKG point: Arjawinangun, Kecamatan Arjawinangun",15-09-2026,UKMO,Open-Meteo / UK Met Office,16:00,2026-09-15 16:00:00,32.9,35.0,0.0,16.2,0.0,1.1913,Cerah,wmo:0
arjawinangun,"Arjawinangun, Cirebon",2026-09-15,32.09.24.2004,Arjawinangun,kecamatan,no,-6.6453,108.4103,Asia/Jakarta,"BMKG point: Arjawinangun, Kecamatan Arjawinangun",15-09-2026,UKMO,Open-Meteo / UK Met Office,17:00,2026-09-15 17:00:00,31.2,43.0,0.0,15.5,0.0,1.1913,Cerah,wmo:0
arjawinangun,"Arjawinangun, Cirebon",2026-09-15,32.09.24.2004,Arjawinangun,kecamatan,no,-6.6453,108.4103,Asia/Jakarta,"BMKG point: Arjawinangun, Kecamatan Arjawinangun",15-09-2026,UKMO,Open-Meteo / UK Met Office,18:00,2026-09-15 18:00:00,30.4,44.0,0.0,19.1,0.0,1.1913,Cerah,wmo:0
arjawinangun,"Arjawinangun, Cirebon",2026-09-15,32.09.24.2004,Arjawinangun,kecamatan,no,-6.6453,108.4103,Asia/Jakarta,"BMKG point: Arjawinangun, Kecamatan Arjawinangun",15-09-2026,UKMO,Open-Meteo / UK Met Office,19:00,2026-09-15 19:00:00,28.7,46.0,0.0,20.9,0.0,1.1913,Cerah,wmo:0
arjawinangun,"Arjawinangun, Cirebon",2026-09-15,32.09.24.2004,Arjawinangun,kecamatan,no,-6.6453,108.4103,Asia/Jakarta,"BMKG point: Arjawinangun, Kecamatan Arjawinangun",15-09-2026,UKMO,Open-Meteo / UK Met Office,20:00,2026-09-15 20:00:00,27.6,52.0,0.0,18.0,0.0,1.1913,Cerah,wmo:0
arjawinangun,"Arjawinangun, Cirebon",2026-09-15,32.09.24.2004,Arjawinangun,kecamatan,no,-6.6453,108.4103,Asia/Jakarta,"BMKG point: Arjawinangun, Kecamatan Arjawinangun",15-09-2026,UKMO,Open-Meteo / UK Met Office,21:00,2026-09-15 21:00:00,26.7,58.0,0.0,13.0,0.0,1.1913,Cerah,wmo:0
arjawinangun,"Arjawinangun, Cirebon",2026-09-15,32.09.24.2004,Arjawinangun,kecamatan,no,-6.6453,108.4103,Asia/Jakarta,"BMKG point: Arjawinangun, Kecamatan Arjawinangun",15-09-2026,UKMO,Open-Meteo / UK Met Office,22:00,2026-09-15 22:00:00,25.8,63.0,0.0,9.4,0.0,1.1913,Cerah,wmo:0
arjawinangun,"Arjawinangun, Cirebon",2026-09-15,32.09.24.2004,Arjawinangun,kecamatan,no,-6.6453,108.4103,Asia/Jakarta,"BMKG point: Arjawinangun, Kecamatan Arjawinangun",15-09-2026,UKMO,Open-Meteo / UK Met Office,23:00,2026-09-15 23:00:00,25.0,67.0,0.0,7.9,0.0,1.1913,Cerah,wmo:0
