location_slug,location_name,target_date,adm4,bmkg_point_name,area_level,is_proxy_bmkg,latitude,longitude,timezone,location_note,tanggal,source_id,provider,target_jam,source_datetime,suhu_C,RH_%,rain_mm,wind_kmh,gap_minutes,point_weight,kategori,raw_condition
dago,"Dago, Bandung",2026-09-16,32.73.02.1004,Dago,kelurahan,no,-6.889,107.61,Asia/Jakarta,"BMKG point: Dago, Coblong, Kota Bandung",16-09-2026,BMKG,BMKG,19:00,2026-09-16 22:00:00,20.0,74.0,0.0,5.7,180.0,0.9312,Cerah,Cerah
dago,"Dago, Bandung",2026-09-16,32.73.02.1004,Dago,kelurahan,no,-6.889,107.61,Asia/Jakarta,"BMKG point: Dago, Coblong, Kota Bandung",16-09-2026,BMKG,BMKG,20:00,2026-09-16 22:00:00,20.0,74.0,0.0,5.7,120.0,0.9312,Cerah,Cerah
dago,"Dago, Bandung",2026-09-16,32.73.02.1004,Dago,kelurahan,no,-6.889,107.61,Asia/Jakarta,"BMKG point: Dago, Coblong, Kota Bandung",16-09-2026,BMKG,BMKG,21:00,2026-09-16 22:00:00,20.0,74.0,0.0,5.7,60.0,1.2698,Cerah,Cerah
dago,"Dago, Bandung",2026-09-16,32.73.02.1004,Dago,kelurahan,no,-6.889,107.61,Asia/Jakarta,"BMKG point: Dago, Coblong, Kota Bandung",16-09-2026,BMKG,BMKG,22:00,2026-09-16 22:00:00,20.0,74.0,0.0,5.7,0.0,1.6931,Cerah,Cerah
dago,"Dago, Bandung",2026-09-16,32.73.02.1004,Dago,kelurahan,no,-6.889,107.61,Asia/Jakarta,"BMKG point: Dago, Coblong, Kota Bandung",16-09-2026,BMKG,BMKG,23:00,2026-09-16 22:00:00,20.0,74.0,0.0,5.7,60.0,1.2698,Cerah,Cerah
dago,"Dago, Bandung",2026-09-16,32.73.02.1004,Dago,kelurahan,no,-6.889,107.61,Asia/Jakarta,"BMKG point: Dago, Coblong, Kota Bandung",16-09-2026,CMA,Open-Meteo / CMA GRAPES,00:00,2026-09-16 00:00:00,21.1,82.0,0.0,6.2,0.0,1.1281,Cerah,wmo:0
dago,"Dago, Bandung",2026-09-16,32.73.02.1004,Dago,kelurahan,no,-6.889,107.61,Asia/Jakarta,"BMKG point: Dago, Coblong, Kota Bandung",16-09-2026,CMA,Open-Meteo / CMA GRAPES,01:00,2026-09-16 01:00:00,21.1,81.0,0.0,5.2,0.0,1.1281,Cerah,wmo:0
dago,"Dago, Bandung",2026-09-16,32.73.02.1004,Dago,kelurahan,no,-6.889,107.61,Asia/Jakarta,"BMKG point: Dago, Coblong, Kota Bandung",16-09-2026,CMA,Open-Meteo / CMA GRAPES,02:00,2026-09-16 02:00:00,20.8,81.0,0.0,6.3,0.0,1.1281,Cerah,wmo:0
dago,"Dago, Bandung",2026-09-16,32.73.02.1004,Dago,kelurahan,no,-6.889,107.61,Asia/Jakarta,"BMKG point: Dago, Coblong, Kota Bandung",16-09-2026,CMA,Open-Meteo / CMA GRAPES,03:00,2026-09-16 03:00:00,20.5,80.0,0.0,8.0,0.0,1.1281,Cerah,wmo:0
dago,"Dago, Bandung",2026-09-16,32.73.02.1004,Dago,kelurahan,no,-6.889,107.61,Asia/Jakarta,"BMKG point: Dago, Coblong, Kota Bandung",16-09-2026,CMA,Open-Meteo / CMA GRAPES,04:00,2026-09-16 04:00:00,20.4,79.0,0.0,9.5,0.0,1.1281,Cerah,wmo:0
dago,"Dago, Bandung",2026-09-16,32.73.02.1004,Dago,kelurahan,no,-6.889,107.61,Asia/Jakarta,"BMKG point: Dago, Coblong, Kota Bandung",16-09-2026,CMA,Open-Meteo / CMA GRAPES,05:00,2026-09-16 05:00:00,20.4,77.0,0.0,9.7,0.0,1.1281,Cerah,wmo:0
dago,"Dago, Bandung",2026-09-16,32.73.02.1004,Dago,kelurahan,no,-6.889,107.61,Asia/Jakarta,"BMKG point: Dago, Coblong, Kota Bandung",16-09-2026,CMA,Open-Meteo / CMA GRAPES,06:00,2026-09-16 06:00:00,20.5,75.0,0.0,9.6,0.0,1.1281,Cerah,wmo:0
dago,"Dago, Bandung",2026-09-16,32.73.02.1004,Dago,kelurahan,no,-6.889,107.61,Asia/Jakarta,"BMKG point: Dago, Coblong, Kota Bandung",16-09-2026,CMA,Open-Meteo / CMA GRAPES,07:00,2026-09-16 07:00:00,21.0,72.0,0.0,8.4,0.0,1.1281,Cerah,wmo:0
dago,"Dago, Bandung",2026-09-16,32.73.02.1004,Dago,kelurahan,no,-6.889,107.61,Asia/Jakarta,"BMKG point: Dago, Coblong, Kota Bandung",16-09-2026,CMA,Open-Meteo / CMA GRAPES,08:00,2026-09-16 08:00:00,22.0,69.0,0.0,6.1,0.0,1.1281,Cerah,wmo:0
dago,"Dago, Bandung",2026-09-16,32.73.02.1004,Dago,kelurahan,no,-6.889,107.61,Asia/Jakarta,"BMKG point: Dago, Coblong, Kota Bandung",16-09-2026,CMA,Open-Meteo / CMA GRAPES,09:00,2026-09-16 09:00:00,23.5,65.0,0.0,5.8,0.0,1.1281,Cerah,wmo:0
dago,"Dago, Bandung",2026-09-16,32.73.02.1004,Dago,kelurahan,no,-6.889,107.61,Asia/Jakarta,"BMKG point: Dago, Coblong, Kota Bandung",16-09-2026,CMA,Open-Meteo / CMA GRAPES,10:00,2026-09-16 10:00:00,24.6,62.0,0.0,7.9,0.0,1.1281,Cerah,wmo:0
dago,"Dago, Bandung",2026-09-16,32.73.02.1004,Dago,kelurahan,no,-6.889,107.61,Asia/Jakarta,"BMKG point: Dago, Coblong, Kota Bandung",16-09-2026,CMA,Open-Meteo / CMA GRAPES,11:00,2026-09-16 11:00:00,25.3,61.0,0.0,9.4,0.0,1.1281,Cerah,wmo:0
dago,"Dago, Bandung",2026-09-16,32.73.02.1004,Dago,kelurahan,no,-6.889,107.61,Asia/Jakarta,"BMKG point: Dago, Coblong, Kota Bandung",16-09-2026,CMA,Open-Meteo / CMA GRAPES,12:00,2026-09-16 12:00:00,25.8,61.0,0.0,10.5,0.0,1.1281,Cerah,wmo:0
dago,"Dago, Bandung",2026-09-16,32.73.02.1004,Dago,kelurahan,no,-6.889,107.61,Asia/Jakarta,"BMKG point: Dago, Coblong, Kota Bandung",16-09-2026,CMA,Open-Meteo / CMA GRAPES,13:00,2026-09-16 13:00:00,26.1,61.0,0.0,11.0,0.0,1.1281,Cerah,wmo:0
dago,"Dago, Bandung",2026-09-16,32.73.02.1004,Dago,kelurahan,no,-6.889,107.61,Asia/Jakarta,"BMKG point: Dago, Coblong, Kota Bandung",16-09-2026,CMA,Open-Meteo / CMA GRAPES,14:00,2026-09-16 14:00:00,26.4,59.0,0.0,12.0,0.0,1.1281,Cerah,wmo:0
dago,"Dago, Bandung",2026-09-16,32.73.02.1004,Dago,kelurahan,no,-6.889,107.61,Asia/Jakarta,"BMKG point: Dago, Coblong, Kota Bandung",16-09-2026,CMA,Open-Meteo / CMA GRAPES,15:00,2026-09-16 15:00:00,26.6,57.0,0.0,14.3,0.0,1.1281,Cerah,wmo:0
dago,"Dago, Bandung",2026-09-16,32.73.02.1004,Dago,kelurahan,no,-6.889,107.61,Asia/Jakarta,"BMKG point: Dago, Coblong, Kota Bandung",16-09-2026,CMA,Open-Meteo / CMA GRAPES,16:00,2026-09-16 16:00:00,26.4,58.0,0.0,16.1,0.0,1.1281,Cerah,wmo:0
dago,"Dago, Bandung",2026-09-16,32.73.02.1004,Dago,kelurahan,no,-6.889,107.61,Asia/Jakarta,"BMKG point: Dago, Coblong, Kota Bandung",16-09-2026,CMA,Open-Meteo / CMA GRAPES,17:00,2026-09-16 17:00:00,25.4,63.0,0.0,16.5,0.0,1.1281,Cerah,wmo:0
dago,"Dago, Bandung",2026-09-16,32.73.02.1004,Dago,kelurahan,no,-6.889,107.61,Asia/Jakarta,"BMKG point: Dago, Coblong, Kota Bandung",16-09-2026,CMA,Open-Meteo / CMA GRAPES,18:00,2026-09-16 18:00:00,24.1,71.0,0.0,15.8,0.0,1.1281,Cerah,wmo:0
dago,"Dago, Bandung",2026-09-16,32.73.02.1004,Dago,kelurahan,no,-6.889,107.61,Asia/Jakarta,"BMKG point: Dago, Coblong, Kota Bandung",16-09-2026,CMA,Open-Meteo / CMA GRAPES,19:00,2026-09-16 19:00:00,22.9,78.0,0.0,13.9,0.0,1.1281,Cerah,wmo:0
dago,"Dago, Bandung",2026-09-16,32.73.02.1004,Dago,kelurahan,no,-6.889,107.61,Asia/Jakarta,"BMKG point: Dago, Coblong, Kota Bandung",16-09-2026,CMA,Open-Meteo / CMA GRAPES,20:00,2026-09-16 20:00:00,22.3,83.0,0.0,10.4,0.0,1.1281,Cerah,wmo:0
dago,"Dago, Bandung",2026-09-16,32.73.02.1004,Dago,kelurahan,no,-6.889,107.61,Asia/Jakarta,"BMKG point: Dago, Coblong, Kota Bandung",16-09-2026,CMA,Open-Meteo / CMA GRAPES,21:00,2026-09-16 21:00:00,22.0,86.0,0.0,7.7,0.0,1.1281,Cerah Berawan,wmo:1
dago,"Dago, Bandung",2026-09-16,32.73.02.1004,Dago,kelurahan,no,-6.889,107.61,Asia/Jakarta,"BMKG point: Dago, Coblong, Kota Bandung",16-09-2026,CMA,Open-Meteo / CMA GRAPES,22:00,2026-09-16 22:00:00,21.7,89.0,0.0,7.8,0.0,1.1281,Cerah Berawan,wmo:1
dago,"Dago, Bandung",2026-09-16,32.73.02.1004,Dago,kelurahan,no,-6.889,107.61,Asia/Jakarta,"BMKG point: Dago, Coblong, Kota Bandung",16-09-2026,CMA,Open-Meteo / CMA GRAPES,23:00,2026-09-16 23:00:00,21.5,90.0,0.0,7.7,0.0,1.1281,Cerah Berawan,wmo:1
dago,"Dago, Bandung",2026-09-16,32.73.02.1004,Dago,kelurahan,no,-6.889,107.61,Asia/Jakarta,"BMKG point: Dago, Coblong, Kota Bandung",16-09-2026,ECMWF,Open-Meteo / ECMWF,00:00,2026-09-16 00:00:00,19.5,77.0,0.0,1.1,0.0,1.6901,Cerah,wmo:0
dago,"Dago, Bandung",2026-09-16,32.73.02.1004,Dago,kelurahan,no,-6.889,107.61,Asia/Jakarta,"BMKG point: Dago, Coblong, Kota Bandung",16-09-2026,ECMWF,Open-Meteo / ECMWF,01:00,2026-09-16 01:00:00,18.6,80.0,0.0,2.2,0.0,1.6901,Cerah,wmo:0
dago,"Dago, Bandung",2026-09-16,32.73.02.1004,Dago,kelurahan,no,-6.889,107.61,Asia/Jakarta,"BMKG point: Dago, Coblong, Kota Bandung",16-09-2026,ECMWF,Open-Meteo / ECMWF,02:00,2026-09-16 02:00:00,17.7,82.0,0.0,2.5,0.0,1.6901,Cerah Berawan,wmo:1
dago,"Dago, Bandung",2026-09-16,32.73.02.1004,Dago,kelurahan,no,-6.889,107.61,Asia/Jakarta,"BMKG point: Dago, Coblong, Kota Bandung",16-09-2026,ECMWF,Open-Meteo / ECMWF,03:00,2026-09-16 03:00:00,17.0,84.0,0.0,2.9,0.0,1.6901,Cerah Berawan,wmo:2
dago,"Dago, Bandung",2026-09-16,32.73.02.1004,Dago,kelurahan,no,-6.889,107.61,Asia/Jakarta,"BMKG point: Dago, Coblong, Kota Bandung",16-09-2026,ECMWF,Open-Meteo / ECMWF,04:00,2026-09-16 04:00:00,16.8,84.0,0.0,3.0,0.0,1.6901,Cerah Berawan,wmo:2
dago,"Dago, Bandung",2026-09-16,32.73.02.1004,Dago,kelurahan,no,-6.889,107.61,Asia/Jakarta,"BMKG point: Dago, Coblong, Kota Bandung",16-09-2026,ECMWF,Open-Meteo / ECMWF,05:00,2026-09-16 05:00:00,17.2,83.0,0.0,3.1,0.0,1.6901,Cerah Berawan,wmo:2
dago,"Dago, Bandung",2026-09-16,32.73.02.1004,Dago,kelurahan,no,-6.889,107.61,Asia/Jakarta,"BMKG point: Dago, Coblong, Kota Bandung",16-09-2026,ECMWF,Open-Meteo / ECMWF,06:00,2026-09-16 06:00:00,18.1,82.0,0.0,2.9,0.0,1.6901,Cerah Berawan,wmo:1
dago,"Dago, Bandung",2026-09-16,32.73.02.1004,Dago,kelurahan,no,-6.889,107.61,Asia/Jakarta,"BMKG point: Dago, Coblong, Kota Bandung",16-09-2026,ECMWF,Open-Meteo / ECMWF,07:00,2026-09-16 07:00:00,19.6,77.0,0.0,2.6,0.0,1.6901,Cerah Berawan,wmo:1
dago,"Dago, Bandung",2026-09-16,32.73.02.1004,Dago,kelurahan,no,-6.889,107.61,Asia/Jakarta,"BMKG point: Dago, Coblong, Kota Bandung",16-09-2026,ECMWF,Open-Meteo / ECMWF,08:00,2026-09-16 08:00:00,21.8,67.0,0.0,4.0,0.0,1.6901,Cerah,wmo:0
dago,"Dago, Bandung",2026-09-16,32.73.02.1004,Dago,kelurahan,no,-6.889,107.61,Asia/Jakarta,"BMKG point: Dago, Coblong, Kota Bandung",16-09-2026,ECMWF,Open-Meteo / ECMWF,09:00,2026-09-16 09:00:00,24.5,55.0,0.0,6.8,0.0,1.6901,Cerah,wmo:0
dago,"Dago, Bandung",2026-09-16,32.73.02.1004,Dago,kelurahan,no,-6.889,107.61,Asia/Jakarta,"BMKG point: Dago, Coblong, Kota Bandung",16-09-2026,ECMWF,Open-Meteo / ECMWF,10:00,2026-09-16 10:00:00,27.0,44.0,0.0,8.8,0.0,1.6901,Cerah,wmo:0
dago,"Dago, Bandung",2026-09-16,32.73.02.1004,Dago,kelurahan,no,-6.889,107.61,Asia/Jakarta,"BMKG point: Dago, Coblong, Kota Bandung",16-09-2026,ECMWF,Open-Meteo / ECMWF,11:00,2026-09-16 11:00:00,29.0,37.0,0.0,8.7,0.0,1.6901,Cerah Berawan,wmo:1
dago,"Dago, Bandung",2026-09-16,32.73.02.1004,Dago,kelurahan,no,-6.889,107.61,Asia/Jakarta,"BMKG point: Dago, Coblong, Kota Bandung",16-09-2026,ECMWF,Open-Meteo / ECMWF,12:00,2026-09-16 12:00:00,30.7,31.0,0.0,8.4,0.0,1.6901,Cerah Berawan,wmo:2
dago,"Dago, Bandung",2026-09-16,32.73.02.1004,Dago,kelurahan,no,-6.889,107.61,Asia/Jakarta,"BMKG point: Dago, Coblong, Kota Bandung",16-09-2026,ECMWF,Open-Meteo / ECMWF,13:00,2026-09-16 13:00:00,31.6,29.0,0.0,8.0,0.0,1.6901,Cerah Berawan,wmo:2
dago,"Dago, Bandung",2026-09-16,32.73.02.1004,Dago,kelurahan,no,-6.889,107.61,Asia/Jakarta,"BMKG point: Dago, Coblong, Kota Bandung",16-09-2026,ECMWF,Open-Meteo / ECMWF,14:00,2026-09-16 14:00:00,31.2,30.0,0.0,6.9,0.0,1.6901,Cerah Berawan,wmo:2
dago,"Dago, Bandung",2026-09-16,32.73.02.1004,Dago,kelurahan,no,-6.889,107.61,Asia/Jakarta,"BMKG point: Dago, Coblong, Kota Bandung",16-09-2026,ECMWF,Open-Meteo / ECMWF,15:00,2026-09-16 15:00:00,30.0,34.0,0.0,5.1,0.0,1.6901,Cerah Berawan,wmo:2
dago,"Dago, Bandung",2026-09-16,32.73.02.1004,Dago,kelurahan,no,-6.889,107.61,Asia/Jakarta,"BMKG point: Dago, Coblong, Kota Bandung",16-09-2026,ECMWF,Open-Meteo / ECMWF,16:00,2026-09-16 16:00:00,28.6,39.0,0.0,3.6,0.0,1.6901,Cerah Berawan,wmo:1
dago,"Dago, Bandung",2026-09-16,32.73.02.1004,Dago,kelurahan,no,-6.889,107.61,Asia/Jakarta,"BMKG point: Dago, Coblong, Kota Bandung",16-09-2026,ECMWF,Open-Meteo / ECMWF,17:00,2026-09-16 17:00:00,27.1,46.0,0.0,4.4,0.0,1.6901,Cerah Berawan,wmo:1
dago,"Dago, Bandung",2026-09-16,32.73.02.1004,Dago,kelurahan,no,-6.889,107.61,Asia/Jakarta,"BMKG point: Dago, Coblong, Kota Bandung",16-09-2026,ECMWF,Open-Meteo / ECMWF,18:00,2026-09-16 18:00:00,25.4,55.0,0.0,8.1,0.0,1.6901,Cerah Berawan,wmo:2
dago,"Dago, Bandung",2026-09-16,32.73.02.1004,Dago,kelurahan,no,-6.889,107.61,Asia/Jakarta,"BMKG point: Dago, Coblong, Kota Bandung",16-09-2026,ECMWF,Open-Meteo / ECMWF,19:00,2026-09-16 19:00:00,24.0,63.0,0.0,10.1,0.0,1.6901,Cerah Berawan,wmo:2
dago,"Dago, Bandung",2026-09-16,32.73.02.1004,Dago,kelurahan,no,-6.889,107.61,Asia/Jakarta,"BMKG point: Dago, Coblong, Kota Bandung",16-09-2026,ECMWF,Open-Meteo / ECMWF,20:00,2026-09-16 20:00:00,23.2,68.0,0.0,9.0,0.0,1.6901,Cerah Berawan,wmo:2
dago,"Dago, Bandung",2026-09-16,32.73.02.1004,Dago,kelurahan,no,-6.889,107.61,Asia/Jakarta,"BMKG point: Dago, Coblong, Kota Bandung",16-09-2026,ECMWF,Open-Meteo / ECMWF,21:00,2026-09-16 21:00:00,22.6,71.0,0.0,6.3,0.0,1.6901,Cerah Berawan,wmo:2
dago,"Dago, Bandung",2026-09-16,32.73.02.1004,Dago,kelurahan,no,-6.889,107.61,Asia/Jakarta,"BMKG point: Dago, Coblong, Kota Bandung",16-09-2026,ECMWF,Open-Meteo / ECMWF,22:00,2026-09-16 22:00:00,22.1,74.0,0.0,4.8,0.0,1.6901,Cerah Berawan,wmo:1
dago,"Dago, Bandung",2026-09-16,32.73.02.1004,Dago,kelurahan,no,-6.889,107.61,Asia/Jakarta,"BMKG point: Dago, Coblong, Kota Bandung",16-09-2026,ECMWF,Open-Meteo / ECMWF,23:00,2026-09-16 23:00:00,21.3,77.0,0.0,4.0,0.0,1.6901,Cerah Berawan,wmo:1
dago,"Dago, Bandung",2026-09-16,32.73.02.1004,Dago,kelurahan,no,-6.889,107.61,Asia/Jakarta,"BMKG point: Dago, Coblong, Kota Bandung",16-09-2026,GFS,Open-Meteo / NOAA GFS,00:00,2026-09-16 00:00:00,18.9,83.0,0.0,5.9,0.0,1.3765,Berawan,wmo:3
dago,"Dago, Bandung",2026-09-16,32.73.02.1004,Dago,kelurahan,no,-6.889,107.61,Asia/Jakarta,"BMKG point: Dago, Coblong, Kota Bandung",16-09-2026,GFS,Open-Meteo / NOAA GFS,01:00,2026-09-16 01:00:00,18.2,87.0,0.0,7.5,0.0,1.3765,Berawan,wmo:3
dago,"Dago, Bandung",2026-09-16,32.73.02.1004,Dago,kelurahan,no,-6.889,107.61,Asia/Jakarta,"BMKG point: Dago, Coblong, Kota Bandung",16-09-2026,GFS,Open-Meteo / NOAA GFS,02:00,2026-09-16 02:00:00,17.9,88.0,0.0,8.6,0.0,1.3765,Berawan,wmo:3
dago,"Dago, Bandung",2026-09-16,32.73.02.1004,Dago,kelurahan,no,-6.889,107.61,Asia/Jakarta,"BMKG point: Dago, Coblong, Kota Bandung",16-09-2026,GFS,Open-Meteo / NOAA GFS,03:00,2026-09-16 03:00:00,17.7,88.0,0.0,9.4,0.0,1.3765,Berawan,wmo:3
dago,"Dago, Bandung",2026-09-16,32.73.02.1004,Dago,kelurahan,no,-6.889,107.61,Asia/Jakarta,"BMKG point: Dago, Coblong, Kota Bandung",16-09-2026,GFS,Open-Meteo / NOAA GFS,04:00,2026-09-16 04:00:00,17.5,88.0,0.0,10.1,0.0,1.3765,Berawan,wmo:3
dago,"Dago, Bandung",2026-09-16,32.73.02.1004,Dago,kelurahan,no,-6.889,107.61,Asia/Jakarta,"BMKG point: Dago, Coblong, Kota Bandung",16-09-2026,GFS,Open-Meteo / NOAA GFS,05:00,2026-09-16 05:00:00,17.3,88.0,0.0,10.7,0.0,1.3765,Berawan,wmo:3
dago,"Dago, Bandung",2026-09-16,32.73.02.1004,Dago,kelurahan,no,-6.889,107.61,Asia/Jakarta,"BMKG point: Dago, Coblong, Kota Bandung",16-09-2026,GFS,Open-Meteo / NOAA GFS,06:00,2026-09-16 06:00:00,17.3,87.0,0.0,11.0,0.0,1.3765,Cerah Berawan,wmo:1
dago,"Dago, Bandung",2026-09-16,32.73.02.1004,Dago,kelurahan,no,-6.889,107.61,Asia/Jakarta,"BMKG point: Dago, Coblong, Kota Bandung",16-09-2026,GFS,Open-Meteo / NOAA GFS,07:00,2026-09-16 07:00:00,20.6,71.0,0.0,10.8,0.0,1.3765,Berawan,wmo:3
dago,"Dago, Bandung",2026-09-16,32.73.02.1004,Dago,kelurahan,no,-6.889,107.61,Asia/Jakarta,"BMKG point: Dago, Coblong, Kota Bandung",16-09-2026,GFS,Open-Meteo / NOAA GFS,08:00,2026-09-16 08:00:00,24.1,56.0,0.0,10.2,0.0,1.3765,Cerah,wmo:0
dago,"Dago, Bandung",2026-09-16,32.73.02.1004,Dago,kelurahan,no,-6.889,107.61,Asia/Jakarta,"BMKG point: Dago, Coblong, Kota Bandung",16-09-2026,GFS,Open-Meteo / NOAA GFS,09:00,2026-09-16 09:00:00,26.8,46.0,0.0,7.6,0.0,1.3765,Cerah,wmo:0
dago,"Dago, Bandung",2026-09-16,32.73.02.1004,Dago,kelurahan,no,-6.889,107.61,Asia/Jakarta,"BMKG point: Dago, Coblong, Kota Bandung",16-09-2026,GFS,Open-Meteo / NOAA GFS,10:00,2026-09-16 10:00:00,29.9,38.0,0.0,1.1,0.0,1.3765,Cerah Berawan,wmo:1
dago,"Dago, Bandung",2026-09-16,32.73.02.1004,Dago,kelurahan,no,-6.889,107.61,Asia/Jakarta,"BMKG point: Dago, Coblong, Kota Bandung",16-09-2026,GFS,Open-Meteo / NOAA GFS,11:00,2026-09-16 11:00:00,31.6,32.0,0.0,7.1,0.0,1.3765,Cerah,wmo:0
dago,"Dago, Bandung",2026-09-16,32.73.02.1004,Dago,kelurahan,no,-6.889,107.61,Asia/Jakarta,"BMKG point: Dago, Coblong, Kota Bandung",16-09-2026,GFS,Open-Meteo / NOAA GFS,12:00,2026-09-16 12:00:00,32.9,29.0,0.0,15.3,0.0,1.3765,Cerah,wmo:0
dago,"Dago, Bandung",2026-09-16,32.73.02.1004,Dago,kelurahan,no,-6.889,107.61,Asia/Jakarta,"BMKG point: Dago, Coblong, Kota Bandung",16-09-2026,GFS,Open-Meteo / NOAA GFS,13:00,2026-09-16 13:00:00,32.3,31.0,0.0,21.2,0.0,1.3765,Cerah,wmo:0
dago,"Dago, Bandung",2026-09-16,32.73.02.1004,Dago,kelurahan,no,-6.889,107.61,Asia/Jakarta,"BMKG point: Dago, Coblong, Kota Bandung",16-09-2026,GFS,Open-Meteo / NOAA GFS,14:00,2026-09-16 14:00:00,31.5,32.0,0.0,18.4,0.0,1.3765,Cerah Berawan,wmo:1
dago,"Dago, Bandung",2026-09-16,32.73.02.1004,Dago,kelurahan,no,-6.889,107.61,Asia/Jakarta,"BMKG point: Dago, Coblong, Kota Bandung",16-09-2026,GFS,Open-Meteo / NOAA GFS,15:00,2026-09-16 15:00:00,31.0,32.0,0.0,14.4,0.0,1.3765,Cerah,wmo:0
dago,"Dago, Bandung",2026-09-16,32.73.02.1004,Dago,kelurahan,no,-6.889,107.61,Asia/Jakarta,"BMKG point: Dago, Coblong, Kota Bandung",16-09-2026,GFS,Open-Meteo / NOAA GFS,16:00,2026-09-16 16:00:00,29.1,41.0,0.0,19.2,0.0,1.3765,Cerah Berawan,wmo:2
dago,"Dago, Bandung",2026-09-16,32.73.02.1004,Dago,kelurahan,no,-6.889,107.61,Asia/Jakarta,"BMKG point: Dago, Coblong, Kota Bandung",16-09-2026,GFS,Open-Meteo / NOAA GFS,17:00,2026-09-16 17:00:00,25.8,58.0,0.1,11.0,0.0,1.3765,Hujan Ringan,wmo:51
dago,"Dago, Bandung",2026-09-16,32.73.02.1004,Dago,kelurahan,no,-6.889,107.61,Asia/Jakarta,"BMKG point: Dago, Coblong, Kota Bandung",16-09-2026,GFS,Open-Meteo / NOAA GFS,18:00,2026-09-16 18:00:00,23.6,69.0,0.4,7.0,0.0,1.3765,Hujan Ringan,wmo:51
dago,"Dago, Bandung",2026-09-16,32.73.02.1004,Dago,kelurahan,no,-6.889,107.61,Asia/Jakarta,"BMKG point: Dago, Coblong, Kota Bandung",16-09-2026,GFS,Open-Meteo / NOAA GFS,19:00,2026-09-16 19:00:00,22.9,74.0,0.3,4.0,0.0,1.3765,Hujan Ringan,wmo:51
dago,"Dago, Bandung",2026-09-16,32.73.02.1004,Dago,kelurahan,no,-6.889,107.61,Asia/Jakarta,"BMKG point: Dago, Coblong, Kota Bandung",16-09-2026,GFS,Open-Meteo / NOAA GFS,20:00,2026-09-16 20:00:00,22.4,77.0,0.1,5.7,0.0,1.3765,Hujan Ringan,wmo:51
dago,"Dago, Bandung",2026-09-16,32.73.02.1004,Dago,kelurahan,no,-6.889,107.61,Asia/Jakarta,"BMKG point: Dago, Coblong, Kota Bandung",16-09-2026,GFS,Open-Meteo / NOAA GFS,21:00,2026-09-16 21:00:00,21.8,81.0,0.1,4.5,0.0,1.3765,Hujan Ringan,wmo:51
dago,"Dago, Bandung",2026-09-16,32.73.02.1004,Dago,kelurahan,no,-6.889,107.61,Asia/Jakarta,"BMKG point: Dago, Coblong, Kota Bandung",16-09-2026,GFS,Open-Meteo / NOAA GFS,22:00,2026-09-16 22:00:00,21.6,82.0,0.1,2.2,0.0,1.3765,Hujan Ringan,wmo:51
dago,"Dago, Bandung",2026-09-16,32.73.02.1004,Dago,kelurahan,no,-6.889,107.61,Asia/Jakarta,"BMKG point: Dago, Coblong, Kota Bandung",16-09-2026,GFS,Open-Meteo / NOAA GFS,23:00,2026-09-16 23:00:00,21.6,82.0,0.1,2.6,0.0,1.3765,Hujan Ringan,wmo:51
dago,"Dago, Bandung",2026-09-16,32.73.02.1004,Dago,kelurahan,no,-6.889,107.61,Asia/Jakarta,"BMKG point: Dago, Coblong, Kota Bandung",16-09-2026,ICON,Open-Meteo / DWD ICON,00:00,2026-09-16 00:00:00,20.2,88.0,0.0,2.6,0.0,1.4524,Cerah Berawan,wmo:1
dago,"Dago, Bandung",2026-09-16,32.73.02.1004,Dago,kelurahan,no,-6.889,107.61,Asia/Jakarta,"BMKG point: Dago, Coblong, Kota Bandung",16-09-2026,ICON,Open-Meteo / DWD ICON,01:00,2026-09-16 01:00:00,20.2,87.0,0.0,2.8,0.0,1.4524,Cerah Berawan,wmo:1
dago,"Dago, Bandung",2026-09-16,32.73.02.1004,Dago,kelurahan,no,-6.889,107.61,Asia/Jakarta,"BMKG point: Dago, Coblong, Kota Bandung",16-09-2026,ICON,Open-Meteo / DWD ICON,02:00,2026-09-16 02:00:00,19.7,88.0,0.0,2.6,0.0,1.4524,Cerah Berawan,wmo:2
dago,"Dago, Bandung",2026-09-16,32.73.02.1004,Dago,kelurahan,no,-6.889,107.61,Asia/Jakarta,"BMKG point: Dago, Coblong, Kota Bandung",16-09-2026,ICON,Open-Meteo / DWD ICON,03:00,2026-09-16 03:00:00,19.3,89.0,0.0,3.3,0.0,1.4524,Cerah Berawan,wmo:1
dago,"Dago, Bandung",2026-09-16,32.73.02.1004,Dago,kelurahan,no,-6.889,107.61,Asia/Jakarta,"BMKG point: Dago, Coblong, Kota Bandung",16-09-2026,ICON,Open-Meteo / DWD ICON,04:00,2026-09-16 04:00:00,18.7,91.0,0.0,3.3,0.0,1.4524,Cerah Berawan,wmo:1
dago,"Dago, Bandung",2026-09-16,32.73.02.1004,Dago,kelurahan,no,-6.889,107.61,Asia/Jakarta,"BMKG point: Dago, Coblong, Kota Bandung",16-09-2026,ICON,Open-Meteo / DWD ICON,05:00,2026-09-16 05:00:00,18.1,93.0,0.0,3.3,0.0,1.4524,Cerah Berawan,wmo:1
dago,"Dago, Bandung",2026-09-16,32.73.02.1004,Dago,kelurahan,no,-6.889,107.61,Asia/Jakarta,"BMKG point: Dago, Coblong, Kota Bandung",16-09-2026,ICON,Open-Meteo / DWD ICON,06:00,2026-09-16 06:00:00,17.7,93.0,0.0,3.0,0.0,1.4524,Cerah Berawan,wmo:1
dago,"Dago, Bandung",2026-09-16,32.73.02.1004,Dago,kelurahan,no,-6.889,107.61,Asia/Jakarta,"BMKG point: Dago, Coblong, Kota Bandung",16-09-2026,ICON,Open-Meteo / DWD ICON,07:00,2026-09-16 07:00:00,19.1,84.0,0.0,2.8,0.0,1.4524,Cerah Berawan,wmo:1
dago,"Dago, Bandung",2026-09-16,32.73.02.1004,Dago,kelurahan,no,-6.889,107.61,Asia/Jakarta,"BMKG point: Dago, Coblong, Kota Bandung",16-09-2026,ICON,Open-Meteo / DWD ICON,08:00,2026-09-16 08:00:00,22.1,70.0,0.0,5.6,0.0,1.4524,Cerah Berawan,wmo:1
dago,"Dago, Bandung",2026-09-16,32.73.02.1004,Dago,kelurahan,no,-6.889,107.61,Asia/Jakarta,"BMKG point: Dago, Coblong, Kota Bandung",16-09-2026,ICON,Open-Meteo / DWD ICON,09:00,2026-09-16 09:00:00,24.9,57.0,0.0,6.4,0.0,1.4524,Cerah,wmo:0
dago,"Dago, Bandung",2026-09-16,32.73.02.1004,Dago,kelurahan,no,-6.889,107.61,Asia/Jakarta,"BMKG point: Dago, Coblong, Kota Bandung",16-09-2026,ICON,Open-Meteo / DWD ICON,10:00,2026-09-16 10:00:00,27.0,50.0,0.0,6.3,0.0,1.4524,Cerah Berawan,wmo:1
dago,"Dago, Bandung",2026-09-16,32.73.02.1004,Dago,kelurahan,no,-6.889,107.61,Asia/Jakarta,"BMKG point: Dago, Coblong, Kota Bandung",16-09-2026,ICON,Open-Meteo / DWD ICON,11:00,2026-09-16 11:00:00,28.5,44.0,0.0,4.3,0.0,1.4524,Cerah Berawan,wmo:2
dago,"Dago, Bandung",2026-09-16,32.73.02.1004,Dago,kelurahan,no,-6.889,107.61,Asia/Jakarta,"BMKG point: Dago, Coblong, Kota Bandung",16-09-2026,ICON,Open-Meteo / DWD ICON,12:00,2026-09-16 12:00:00,29.8,38.0,0.0,3.6,0.0,1.4524,Cerah Berawan,wmo:2
dago,"Dago, Bandung",2026-09-16,32.73.02.1004,Dago,kelurahan,no,-6.889,107.61,Asia/Jakarta,"BMKG point: Dago, Coblong, Kota Bandung",16-09-2026,ICON,Open-Meteo / DWD ICON,13:00,2026-09-16 13:00:00,30.9,35.0,0.0,2.6,0.0,1.4524,Cerah Berawan,wmo:2
dago,"Dago, Bandung",2026-09-16,32.73.02.1004,Dago,kelurahan,no,-6.889,107.61,Asia/Jakarta,"BMKG point: Dago, Coblong, Kota Bandung",16-09-2026,ICON,Open-Meteo / DWD ICON,14:00,2026-09-16 14:00:00,31.0,33.0,0.0,5.5,0.0,1.4524,Cerah Berawan,wmo:2
dago,"Dago, Bandung",2026-09-16,32.73.02.1004,Dago,kelurahan,no,-6.889,107.61,Asia/Jakarta,"BMKG point: Dago, Coblong, Kota Bandung",16-09-2026,ICON,Open-Meteo / DWD ICON,15:00,2026-09-16 15:00:00,30.9,35.0,0.0,8.2,0.0,1.4524,Cerah Berawan,wmo:2
dago,"Dago, Bandung",2026-09-16,32.73.02.1004,Dago,kelurahan,no,-6.889,107.61,Asia/Jakarta,"BMKG point: Dago, Coblong, Kota Bandung",16-09-2026,ICON,Open-Meteo / DWD ICON,16:00,2026-09-16 16:00:00,30.0,39.0,0.0,7.6,0.0,1.4524,Berawan,wmo:3
dago,"Dago, Bandung",2026-09-16,32.73.02.1004,Dago,kelurahan,no,-6.889,107.61,Asia/Jakarta,"BMKG point: Dago, Coblong, Kota Bandung",16-09-2026,ICON,Open-Meteo / DWD ICON,17:00,2026-09-16 17:00:00,28.9,43.0,0.0,4.5,0.0,1.4524,Berawan,wmo:3
dago,"Dago, Bandung",2026-09-16,32.73.02.1004,Dago,kelurahan,no,-6.889,107.61,Asia/Jakarta,"BMKG point: Dago, Coblong, Kota Bandung",16-09-2026,ICON,Open-Meteo / DWD ICON,18:00,2026-09-16 18:00:00,27.3,51.0,0.0,5.5,0.0,1.4524,Cerah Berawan,wmo:2
dago,"Dago, Bandung",2026-09-16,32.73.02.1004,Dago,kelurahan,no,-6.889,107.61,Asia/Jakarta,"BMKG point: Dago, Coblong, Kota Bandung",16-09-2026,ICON,Open-Meteo / DWD ICON,19:00,2026-09-16 19:00:00,25.4,61.0,0.0,5.8,0.0,1.4524,Cerah Berawan,wmo:2
dago,"Dago, Bandung",2026-09-16,32.73.02.1004,Dago,kelurahan,no,-6.889,107.61,Asia/Jakarta,"BMKG point: Dago, Coblong, Kota Bandung",16-09-2026,ICON,Open-Meteo / DWD ICON,20:00,2026-09-16 20:00:00,24.2,68.0,0.0,3.3,0.0,1.4524,Berawan,wmo:3
dago,"Dago, Bandung",2026-09-16,32.73.02.1004,Dago,kelurahan,no,-6.889,107.61,Asia/Jakarta,"BMKG point: Dago, Coblong, Kota Bandung",16-09-2026,ICON,Open-Meteo / DWD ICON,21:00,2026-09-16 21:00:00,23.4,72.0,0.0,3.3,0.0,1.4524,Cerah Berawan,wmo:2
dago,"Dago, Bandung",2026-09-16,32.73.02.1004,Dago,kelurahan,no,-6.889,107.61,Asia/Jakarta,"BMKG point: Dago, Coblong, Kota Bandung",16-09-2026,ICON,Open-Meteo / DWD ICON,22:00,2026-09-16 22:00:00,22.8,74.0,0.0,3.1,0.0,1.4524,Cerah Berawan,wmo:2
dago,"Dago, Bandung",2026-09-16,32.73.02.1004,Dago,kelurahan,no,-6.889,107.61,Asia/Jakarta,"BMKG point: Dago, Coblong, Kota Bandung",16-09-2026,ICON,Open-Meteo / DWD ICON,23:00,2026-09-16 23:00:00,22.1,75.0,0.0,3.1,0.0,1.4524,Berawan,wmo:3
dago,"Dago, Bandung",2026-09-16,32.73.02.1004,Dago,kelurahan,no,-6.889,107.61,Asia/Jakarta,"BMKG point: Dago, Coblong, Kota Bandung",16-09-2026,KMA,Open-Meteo / KMA,00:00,2026-09-16 00:00:00,,,,,0.0,0.5346,Berawan,wmo:None
dago,"Dago, Bandung",2026-09-16,32.73.02.1004,Dago,kelurahan,no,-6.889,107.61,Asia/Jakarta,"BMKG point: Dago, Coblong, Kota Bandung",16-09-2026,KMA,Open-Meteo / KMA,01:00,2026-09-16 01:00:00,,,,,0.0,0.5346,Berawan,wmo:None
dago,"Dago, Bandung",2026-09-16,32.73.02.1004,Dago,kelurahan,no,-6.889,107.61,Asia/Jakarta,"BMKG point: Dago, Coblong, Kota Bandung",16-09-2026,KMA,Open-Meteo / KMA,02:00,2026-09-16 02:00:00,,,,,0.0,0.5346,Berawan,wmo:None
dago,"Dago, Bandung",2026-09-16,32.73.02.1004,Dago,kelurahan,no,-6.889,107.61,Asia/Jakarta,"BMKG point: Dago, Coblong, Kota Bandung",16-09-2026,KMA,Open-Meteo / KMA,03:00,2026-09-16 03:00:00,,,,,0.0,0.5346,Berawan,wmo:None
dago,"Dago, Bandung",2026-09-16,32.73.02.1004,Dago,kelurahan,no,-6.889,107.61,Asia/Jakarta,"BMKG point: Dago, Coblong, Kota Bandung",16-09-2026,KMA,Open-Meteo / KMA,04:00,2026-09-16 04:00:00,,,,,0.0,0.5346,Berawan,wmo:None
dago,"Dago, Bandung",2026-09-16,32.73.02.1004,Dago,kelurahan,no,-6.889,107.61,Asia/Jakarta,"BMKG point: Dago, Coblong, Kota Bandung",16-09-2026,KMA,Open-Meteo / KMA,05:00,2026-09-16 05:00:00,,,,,0.0,0.5346,Berawan,wmo:None
dago,"Dago, Bandung",2026-09-16,32.73.02.1004,Dago,kelurahan,no,-6.889,107.61,Asia/Jakarta,"BMKG point: Dago, Coblong, Kota Bandung",16-09-2026,KMA,Open-Meteo / KMA,06:00,2026-09-16 06:00:00,,,,,0.0,0.5346,Berawan,wmo:None
dago,"Dago, Bandung",2026-09-16,32.73.02.1004,Dago,kelurahan,no,-6.889,107.61,Asia/Jakarta,"BMKG point: Dago, Coblong, Kota Bandung",16-09-2026,KMA,Open-Meteo / KMA,07:00,2026-09-16 07:00:00,,,,,0.0,0.5346,Berawan,wmo:None
dago,"Dago, Bandung",2026-09-16,32.73.02.1004,Dago,kelurahan,no,-6.889,107.61,Asia/Jakarta,"BMKG point: Dago, Coblong, Kota Bandung",16-09-2026,KMA,Open-Meteo / KMA,08:00,2026-09-16 08:00:00,,,,,0.0,0.5346,Berawan,wmo:None
dago,"Dago, Bandung",2026-09-16,32.73.02.1004,Dago,kelurahan,no,-6.889,107.61,Asia/Jakarta,"BMKG point: Dago, Coblong, Kota Bandung",16-09-2026,KMA,Open-Meteo / KMA,09:00,2026-09-16 09:00:00,,,,,0.0,0.5346,Berawan,wmo:None
dago,"Dago, Bandung",2026-09-16,32.73.02.1004,Dago,kelurahan,no,-6.889,107.61,Asia/Jakarta,"BMKG point: Dago, Coblong, Kota Bandung",16-09-2026,KMA,Open-Meteo / KMA,10:00,2026-09-16 10:00:00,,,,,0.0,0.5346,Berawan,wmo:None
dago,"Dago, Bandung",2026-09-16,32.73.02.1004,Dago,kelurahan,no,-6.889,107.61,Asia/Jakarta,"BMKG point: Dago, Coblong, Kota Bandung",16-09-2026,KMA,Open-Meteo / KMA,11:00,2026-09-16 11:00:00,,,,,0.0,0.5346,Berawan,wmo:None
dago,"Dago, Bandung",2026-09-16,32.73.02.1004,Dago,kelurahan,no,-6.889,107.61,Asia/Jakarta,"BMKG point: Dago, Coblong, Kota Bandung",16-09-2026,KMA,Open-Meteo / KMA,12:00,2026-09-16 12:00:00,,,,,0.0,0.5346,Berawan,wmo:None
dago,"Dago, Bandung",2026-09-16,32.73.02.1004,Dago,kelurahan,no,-6.889,107.61,Asia/Jakarta,"BMKG point: Dago, Coblong, Kota Bandung",16-09-2026,KMA,Open-Meteo / KMA,13:00,2026-09-16 13:00:00,,,,,0.0,0.5346,Berawan,wmo:None
dago,"Dago, Bandung",2026-09-16,32.73.02.1004,Dago,kelurahan,no,-6.889,107.61,Asia/Jakarta,"BMKG point: Dago, Coblong, Kota Bandung",16-09-2026,KMA,Open-Meteo / KMA,14:00,2026-09-16 14:00:00,,,,,0.0,0.5346,Berawan,wmo:None
dago,"Dago, Bandung",2026-09-16,32.73.02.1004,Dago,kelurahan,no,-6.889,107.61,Asia/Jakarta,"BMKG point: Dago, Coblong, Kota Bandung",16-09-2026,KMA,Open-Meteo / KMA,15:00,2026-09-16 15:00:00,,,,,0.0,0.5346,Berawan,wmo:None
dago,"Dago, Bandung",2026-09-16,32.73.02.1004,Dago,kelurahan,no,-6.889,107.61,Asia/Jakarta,"BMKG point: Dago, Coblong, Kota Bandung",16-09-2026,KMA,Open-Meteo / KMA,16:00,2026-09-16 16:00:00,,,,,0.0,0.5346,Berawan,wmo:None
dago,"Dago, Bandung",2026-09-16,32.73.02.1004,Dago,kelurahan,no,-6.889,107.61,Asia/Jakarta,"BMKG point: Dago, Coblong, Kota Bandung",16-09-2026,KMA,Open-Meteo / KMA,17:00,2026-09-16 17:00:00,,,,,0.0,0.5346,Berawan,wmo:None
dago,"Dago, Bandung",2026-09-16,32.73.02.1004,Dago,kelurahan,no,-6.889,107.61,Asia/Jakarta,"BMKG point: Dago, Coblong, Kota Bandung",16-09-2026,KMA,Open-Meteo / KMA,18:00,2026-09-16 18:00:00,,,,,0.0,0.5346,Berawan,wmo:None
dago,"Dago, Bandung",2026-09-16,32.73.02.1004,Dago,kelurahan,no,-6.889,107.61,Asia/Jakarta,"BMKG point: Dago, Coblong, Kota Bandung",16-09-2026,KMA,Open-Meteo / KMA,19:00,2026-09-16 19:00:00,,,,,0.0,0.5346,Berawan,wmo:None
dago,"Dago, Bandung",2026-09-16,32.73.02.1004,Dago,kelurahan,no,-6.889,107.61,Asia/Jakarta,"BMKG point: Dago, Coblong, Kota Bandung",16-09-2026,KMA,Open-Meteo / KMA,20:00,2026-09-16 20:00:00,,,,,0.0,0.5346,Berawan,wmo:None
dago,"Dago, Bandung",2026-09-16,32.73.02.1004,Dago,kelurahan,no,-6.889,107.61,Asia/Jakarta,"BMKG point: Dago, Coblong, Kota Bandung",16-09-2026,KMA,Open-Meteo / KMA,21:00,2026-09-16 21:00:00,,,,,0.0,0.5346,Berawan,wmo:None
dago,"Dago, Bandung",2026-09-16,32.73.02.1004,Dago,kelurahan,no,-6.889,107.61,Asia/Jakarta,"BMKG point: Dago, Coblong, Kota Bandung",16-09-2026,KMA,Open-Meteo / KMA,22:00,2026-09-16 22:00:00,,,,,0.0,0.5346,Berawan,wmo:None
dago,"Dago, Bandung",2026-09-16,32.73.02.1004,Dago,kelurahan,no,-6.889,107.61,Asia/Jakarta,"BMKG point: Dago, Coblong, Kota Bandung",16-09-2026,KMA,Open-Meteo / KMA,23:00,2026-09-16 23:00:00,,,,,0.0,0.5346,Berawan,wmo:None
dago,"Dago, Bandung",2026-09-16,32.73.02.1004,Dago,kelurahan,no,-6.889,107.61,Asia/Jakarta,"BMKG point: Dago, Coblong, Kota Bandung",16-09-2026,METEOFRANCE,Open-Meteo / Meteo-France,00:00,2026-09-16 00:00:00,24.7,74.0,0.0,0.7,0.0,1.4866,Cerah Berawan,wmo:1
dago,"Dago, Bandung",2026-09-16,32.73.02.1004,Dago,kelurahan,no,-6.889,107.61,Asia/Jakarta,"BMKG point: Dago, Coblong, Kota Bandung",16-09-2026,METEOFRANCE,Open-Meteo / Meteo-France,01:00,2026-09-16 01:00:00,23.9,73.0,0.0,2.3,0.0,1.4866,Cerah Berawan,wmo:2
dago,"Dago, Bandung",2026-09-16,32.73.02.1004,Dago,kelurahan,no,-6.889,107.61,Asia/Jakarta,"BMKG point: Dago, Coblong, Kota Bandung",16-09-2026,METEOFRANCE,Open-Meteo / Meteo-France,02:00,2026-09-16 02:00:00,23.6,75.0,0.0,2.9,0.0,1.4866,Cerah Berawan,wmo:2
dago,"Dago, Bandung",2026-09-16,32.73.02.1004,Dago,kelurahan,no,-6.889,107.61,Asia/Jakarta,"BMKG point: Dago, Coblong, Kota Bandung",16-09-2026,METEOFRANCE,Open-Meteo / Meteo-France,03:00,2026-09-16 03:00:00,23.4,79.0,0.0,3.3,0.0,1.4866,Berawan,wmo:3
dago,"Dago, Bandung",2026-09-16,32.73.02.1004,Dago,kelurahan,no,-6.889,107.61,Asia/Jakarta,"BMKG point: Dago, Coblong, Kota Bandung",16-09-2026,METEOFRANCE,Open-Meteo / Meteo-France,04:00,2026-09-16 04:00:00,23.2,81.0,0.0,3.2,0.0,1.4866,Berawan,wmo:3
dago,"Dago, Bandung",2026-09-16,32.73.02.1004,Dago,kelurahan,no,-6.889,107.61,Asia/Jakarta,"BMKG point: Dago, Coblong, Kota Bandung",16-09-2026,METEOFRANCE,Open-Meteo / Meteo-France,05:00,2026-09-16 05:00:00,23.0,83.0,0.0,3.6,0.0,1.4866,Berawan,wmo:3
dago,"Dago, Bandung",2026-09-16,32.73.02.1004,Dago,kelurahan,no,-6.889,107.61,Asia/Jakarta,"BMKG point: Dago, Coblong, Kota Bandung",16-09-2026,METEOFRANCE,Open-Meteo / Meteo-France,06:00,2026-09-16 06:00:00,22.7,84.0,0.0,5.2,0.0,1.4866,Berawan,wmo:3
dago,"Dago, Bandung",2026-09-16,32.73.02.1004,Dago,kelurahan,no,-6.889,107.61,Asia/Jakarta,"BMKG point: Dago, Coblong, Kota Bandung",16-09-2026,METEOFRANCE,Open-Meteo / Meteo-France,07:00,2026-09-16 07:00:00,23.8,78.0,0.0,5.4,0.0,1.4866,Berawan,wmo:3
dago,"Dago, Bandung",2026-09-16,32.73.02.1004,Dago,kelurahan,no,-6.889,107.61,Asia/Jakarta,"BMKG point: Dago, Coblong, Kota Bandung",16-09-2026,METEOFRANCE,Open-Meteo / Meteo-France,08:00,2026-09-16 08:00:00,26.0,67.0,0.0,3.7,0.0,1.4866,Cerah Berawan,wmo:2
dago,"Dago, Bandung",2026-09-16,32.73.02.1004,Dago,kelurahan,no,-6.889,107.61,Asia/Jakarta,"BMKG point: Dago, Coblong, Kota Bandung",16-09-2026,METEOFRANCE,Open-Meteo / Meteo-France,09:00,2026-09-16 09:00:00,28.1,56.0,0.0,3.6,0.0,1.4866,Cerah Berawan,wmo:1
dago,"Dago, Bandung",2026-09-16,32.73.02.1004,Dago,kelurahan,no,-6.889,107.61,Asia/Jakarta,"BMKG point: Dago, Coblong, Kota Bandung",16-09-2026,METEOFRANCE,Open-Meteo / Meteo-France,10:00,2026-09-16 10:00:00,30.2,48.0,0.0,6.1,0.0,1.4866,Cerah Berawan,wmo:1
dago,"Dago, Bandung",2026-09-16,32.73.02.1004,Dago,kelurahan,no,-6.889,107.61,Asia/Jakarta,"BMKG point: Dago, Coblong, Kota Bandung",16-09-2026,METEOFRANCE,Open-Meteo / Meteo-France,11:00,2026-09-16 11:00:00,32.1,43.0,0.0,9.6,0.0,1.4866,Cerah Berawan,wmo:1
dago,"Dago, Bandung",2026-09-16,32.73.02.1004,Dago,kelurahan,no,-6.889,107.61,Asia/Jakarta,"BMKG point: Dago, Coblong, Kota Bandung",16-09-2026,METEOFRANCE,Open-Meteo / Meteo-France,12:00,2026-09-16 12:00:00,33.2,39.0,0.0,11.9,0.0,1.4866,Cerah Berawan,wmo:1
dago,"Dago, Bandung",2026-09-16,32.73.02.1004,Dago,kelurahan,no,-6.889,107.61,Asia/Jakarta,"BMKG point: Dago, Coblong, Kota Bandung",16-09-2026,METEOFRANCE,Open-Meteo / Meteo-France,13:00,2026-09-16 13:00:00,33.6,38.0,0.0,13.2,0.0,1.4866,Cerah Berawan,wmo:1
dago,"Dago, Bandung",2026-09-16,32.73.02.1004,Dago,kelurahan,no,-6.889,107.61,Asia/Jakarta,"BMKG point: Dago, Coblong, Kota Bandung",16-09-2026,METEOFRANCE,Open-Meteo / Meteo-France,14:00,2026-09-16 14:00:00,33.7,38.0,0.0,14.0,0.0,1.4866,Cerah Berawan,wmo:1
dago,"Dago, Bandung",2026-09-16,32.73.02.1004,Dago,kelurahan,no,-6.889,107.61,Asia/Jakarta,"BMKG point: Dago, Coblong, Kota Bandung",16-09-2026,METEOFRANCE,Open-Meteo / Meteo-France,15:00,2026-09-16 15:00:00,33.3,39.0,0.0,13.8,0.0,1.4866,Cerah Berawan,wmo:1
dago,"Dago, Bandung",2026-09-16,32.73.02.1004,Dago,kelurahan,no,-6.889,107.61,Asia/Jakarta,"BMKG point: Dago, Coblong, Kota Bandung",16-09-2026,METEOFRANCE,Open-Meteo / Meteo-France,16:00,2026-09-16 16:00:00,32.5,42.0,0.0,13.1,0.0,1.4866,Cerah Berawan,wmo:1
dago,"Dago, Bandung",2026-09-16,32.73.02.1004,Dago,kelurahan,no,-6.889,107.61,Asia/Jakarta,"BMKG point: Dago, Coblong, Kota Bandung",16-09-2026,METEOFRANCE,Open-Meteo / Meteo-France,17:00,2026-09-16 17:00:00,31.2,46.0,0.0,12.2,0.0,1.4866,Cerah Berawan,wmo:1
dago,"Dago, Bandung",2026-09-16,32.73.02.1004,Dago,kelurahan,no,-6.889,107.61,Asia/Jakarta,"BMKG point: Dago, Coblong, Kota Bandung",16-09-2026,METEOFRANCE,Open-Meteo / Meteo-France,18:00,2026-09-16 18:00:00,29.5,53.0,0.0,10.7,0.0,1.4866,Cerah Berawan,wmo:1
dago,"Dago, Bandung",2026-09-16,32.73.02.1004,Dago,kelurahan,no,-6.889,107.61,Asia/Jakarta,"BMKG point: Dago, Coblong, Kota Bandung",16-09-2026,METEOFRANCE,Open-Meteo / Meteo-France,19:00,2026-09-16 19:00:00,27.8,65.0,0.0,9.9,0.0,1.4866,Cerah Berawan,wmo:1
dago,"Dago, Bandung",2026-09-16,32.73.02.1004,Dago,kelurahan,no,-6.889,107.61,Asia/Jakarta,"BMKG point: Dago, Coblong, Kota Bandung",16-09-2026,METEOFRANCE,Open-Meteo / Meteo-France,20:00,2026-09-16 20:00:00,26.4,77.0,0.0,8.1,0.0,1.4866,Cerah Berawan,wmo:1
dago,"Dago, Bandung",2026-09-16,32.73.02.1004,Dago,kelurahan,no,-6.889,107.61,Asia/Jakarta,"BMKG point: Dago, Coblong, Kota Bandung",16-09-2026,METEOFRANCE,Open-Meteo / Meteo-France,21:00,2026-09-16 21:00:00,25.7,84.0,0.0,6.4,0.0,1.4866,Cerah Berawan,wmo:2
dago,"Dago, Bandung",2026-09-16,32.73.02.1004,Dago,kelurahan,no,-6.889,107.61,Asia/Jakarta,"BMKG point: Dago, Coblong, Kota Bandung",16-09-2026,METEOFRANCE,Open-Meteo / Meteo-France,22:00,2026-09-16 22:00:00,25.2,87.0,0.0,4.7,0.0,1.4866,Cerah Berawan,wmo:2
dago,"Dago, Bandung",2026-09-16,32.73.02.1004,Dago,kelurahan,no,-6.889,107.61,Asia/Jakarta,"BMKG point: Dago, Coblong, Kota Bandung",16-09-2026,METEOFRANCE,Open-Meteo / Meteo-France,23:00,2026-09-16 23:00:00,24.9,88.0,0.0,2.4,0.0,1.4866,Cerah Berawan,wmo:1
dago,"Dago, Bandung",2026-09-16,32.73.02.1004,Dago,kelurahan,no,-6.889,107.61,Asia/Jakarta,"BMKG point: Dago, Coblong, Kota Bandung",16-09-2026,METNO,MET Norway,19:00,2026-09-16 21:00:00,23.0,66.1,0.0,7.2,120.0,0.7573,Cerah Berawan,partlycloudy_night
dago,"Dago, Bandung",2026-09-16,32.73.02.1004,Dago,kelurahan,no,-6.889,107.61,Asia/Jakarta,"BMKG point: Dago, Coblong, Kota Bandung",16-09-2026,METNO,MET Norway,20:00,2026-09-16 21:00:00,23.0,66.1,0.0,7.2,60.0,1.0327,Cerah Berawan,partlycloudy_night
dago,"Dago, Bandung",2026-09-16,32.73.02.1004,Dago,kelurahan,no,-6.889,107.61,Asia/Jakarta,"BMKG point: Dago, Coblong, Kota Bandung",16-09-2026,METNO,MET Norway,21:00,2026-09-16 21:00:00,23.0,66.1,0.0,7.2,0.0,1.377,Cerah Berawan,partlycloudy_night
dago,"Dago, Bandung",2026-09-16,32.73.02.1004,Dago,kelurahan,no,-6.889,107.61,Asia/Jakarta,"BMKG point: Dago, Coblong, Kota Bandung",16-09-2026,METNO,MET Norway,22:00,2026-09-16 22:00:00,22.6,69.4,0.0,5.04,0.0,1.377,Cerah Berawan,fair_night
dago,"Dago, Bandung",2026-09-16,32.73.02.1004,Dago,kelurahan,no,-6.889,107.61,Asia/Jakarta,"BMKG point: Dago, Coblong, Kota Bandung",16-09-2026,METNO,MET Norway,23:00,2026-09-16 23:00:00,21.8,73.3,0.0,5.04,0.0,1.377,Cerah Berawan,fair_night
dago,"Dago, Bandung",2026-09-16,32.73.02.1004,Dago,kelurahan,no,-6.889,107.61,Asia/Jakarta,"BMKG point: Dago, Coblong, Kota Bandung",16-09-2026,UKMO,Open-Meteo / UK Met Office,00:00,2026-09-16 00:00:00,20.2,81.0,0.0,3.6,0.0,1.3139,Cerah,wmo:0
dago,"Dago, Bandung",2026-09-16,32.73.02.1004,Dago,kelurahan,no,-6.889,107.61,Asia/Jakarta,"BMKG point: Dago, Coblong, Kota Bandung",16-09-2026,UKMO,Open-Meteo / UK Met Office,01:00,2026-09-16 01:00:00,19.3,85.0,0.0,5.0,0.0,1.3139,Cerah,wmo:0
dago,"Dago, Bandung",2026-09-16,32.73.02.1004,Dago,kelurahan,no,-6.889,107.61,Asia/Jakarta,"BMKG point: Dago, Coblong, Kota Bandung",16-09-2026,UKMO,Open-Meteo / UK Met Office,02:00,2026-09-16 02:00:00,19.0,84.0,0.0,6.1,0.0,1.3139,Cerah,wmo:0
dago,"Dago, Bandung",2026-09-16,32.73.02.1004,Dago,kelurahan,no,-6.889,107.61,Asia/Jakarta,"BMKG point: Dago, Coblong, Kota Bandung",16-09-2026,UKMO,Open-Meteo / UK Met Office,03:00,2026-09-16 03:00:00,18.8,83.0,0.0,6.5,0.0,1.3139,Cerah,wmo:0
dago,"Dago, Bandung",2026-09-16,32.73.02.1004,Dago,kelurahan,no,-6.889,107.61,Asia/Jakarta,"BMKG point: Dago, Coblong, Kota Bandung",16-09-2026,UKMO,Open-Meteo / UK Met Office,04:00,2026-09-16 04:00:00,18.5,82.0,0.0,5.8,0.0,1.3139,Cerah,wmo:0
dago,"Dago, Bandung",2026-09-16,32.73.02.1004,Dago,kelurahan,no,-6.889,107.61,Asia/Jakarta,"BMKG point: Dago, Coblong, Kota Bandung",16-09-2026,UKMO,Open-Meteo / UK Met Office,05:00,2026-09-16 05:00:00,18.3,81.0,0.0,6.1,0.0,1.3139,Cerah,wmo:0
dago,"Dago, Bandung",2026-09-16,32.73.02.1004,Dago,kelurahan,no,-6.889,107.61,Asia/Jakarta,"BMKG point: Dago, Coblong, Kota Bandung",16-09-2026,UKMO,Open-Meteo / UK Met Office,06:00,2026-09-16 06:00:00,18.2,81.0,0.0,6.5,0.0,1.3139,Cerah,wmo:0
dago,"Dago, Bandung",2026-09-16,32.73.02.1004,Dago,kelurahan,no,-6.889,107.61,Asia/Jakarta,"BMKG point: Dago, Coblong, Kota Bandung",16-09-2026,UKMO,Open-Meteo / UK Met Office,07:00,2026-09-16 07:00:00,19.8,78.0,0.0,6.8,0.0,1.3139,Cerah,wmo:0
dago,"Dago, Bandung",2026-09-16,32.73.02.1004,Dago,kelurahan,no,-6.889,107.61,Asia/Jakarta,"BMKG point: Dago, Coblong, Kota Bandung",16-09-2026,UKMO,Open-Meteo / UK Met Office,08:00,2026-09-16 08:00:00,21.3,71.0,0.0,10.4,0.0,1.3139,Cerah,wmo:0
dago,"Dago, Bandung",2026-09-16,32.73.02.1004,Dago,kelurahan,no,-6.889,107.61,Asia/Jakarta,"BMKG point: Dago, Coblong, Kota Bandung",16-09-2026,UKMO,Open-Meteo / UK Met Office,09:00,2026-09-16 09:00:00,22.8,65.0,0.0,13.3,0.0,1.3139,Cerah,wmo:0
dago,"Dago, Bandung",2026-09-16,32.73.02.1004,Dago,kelurahan,no,-6.889,107.61,Asia/Jakarta,"BMKG point: Dago, Coblong, Kota Bandung",16-09-2026,UKMO,Open-Meteo / UK Met Office,10:00,2026-09-16 10:00:00,24.7,55.0,0.0,11.2,0.0,1.3139,Cerah,wmo:0
dago,"Dago, Bandung",2026-09-16,32.73.02.1004,Dago,kelurahan,no,-6.889,107.61,Asia/Jakarta,"BMKG point: Dago, Coblong, Kota Bandung",16-09-2026,UKMO,Open-Meteo / UK Met Office,11:00,2026-09-16 11:00:00,26.5,46.0,0.0,8.6,0.0,1.3139,Cerah Berawan,wmo:1
dago,"Dago, Bandung",2026-09-16,32.73.02.1004,Dago,kelurahan,no,-6.889,107.61,Asia/Jakarta,"BMKG point: Dago, Coblong, Kota Bandung",16-09-2026,UKMO,Open-Meteo / UK Met Office,12:00,2026-09-16 12:00:00,27.4,42.0,0.0,5.0,0.0,1.3139,Cerah Berawan,wmo:1
dago,"Dago, Bandung",2026-09-16,32.73.02.1004,Dago,kelurahan,no,-6.889,107.61,Asia/Jakarta,"BMKG point: Dago, Coblong, Kota Bandung",16-09-2026,UKMO,Open-Meteo / UK Met Office,13:00,2026-09-16 13:00:00,27.7,44.0,0.0,5.8,0.0,1.3139,Berawan,wmo:3
dago,"Dago, Bandung",2026-09-16,32.73.02.1004,Dago,kelurahan,no,-6.889,107.61,Asia/Jakarta,"BMKG point: Dago, Coblong, Kota Bandung",16-09-2026,UKMO,Open-Meteo / UK Met Office,14:00,2026-09-16 14:00:00,27.9,44.0,0.0,6.5,0.0,1.3139,Berawan,wmo:3
dago,"Dago, Bandung",2026-09-16,32.73.02.1004,Dago,kelurahan,no,-6.889,107.61,Asia/Jakarta,"BMKG point: Dago, Coblong, Kota Bandung",16-09-2026,UKMO,Open-Meteo / UK Met Office,15:00,2026-09-16 15:00:00,27.8,44.0,0.0,5.8,0.0,1.3139,Cerah Berawan,wmo:2
dago,"Dago, Bandung",2026-09-16,32.73.02.1004,Dago,kelurahan,no,-6.889,107.61,Asia/Jakarta,"BMKG point: Dago, Coblong, Kota Bandung",16-09-2026,UKMO,Open-Meteo / UK Met Office,16:00,2026-09-16 16:00:00,27.7,45.0,0.0,9.4,0.0,1.3139,Cerah Berawan,wmo:2
dago,"Dago, Bandung",2026-09-16,32.73.02.1004,Dago,kelurahan,no,-6.889,107.61,Asia/Jakarta,"BMKG point: Dago, Coblong, Kota Bandung",16-09-2026,UKMO,Open-Meteo / UK Met Office,17:00,2026-09-16 17:00:00,26.5,50.0,0.0,12.2,0.0,1.3139,Cerah Berawan,wmo:1
dago,"Dago, Bandung",2026-09-16,32.73.02.1004,Dago,kelurahan,no,-6.889,107.61,Asia/Jakarta,"BMKG point: Dago, Coblong, Kota Bandung",16-09-2026,UKMO,Open-Meteo / UK Met Office,18:00,2026-09-16 18:00:00,25.0,59.0,0.0,10.1,0.0,1.3139,Cerah Berawan,wmo:1
dago,"Dago, Bandung",2026-09-16,32.73.02.1004,Dago,kelurahan,no,-6.889,107.61,Asia/Jakarta,"BMKG point: Dago, Coblong, Kota Bandung",16-09-2026,UKMO,Open-Meteo / UK Met Office,19:00,2026-09-16 19:00:00,23.2,73.0,0.1,12.2,0.0,1.3139,Hujan Ringan,wmo:51
dago,"Dago, Bandung",2026-09-16,32.73.02.1004,Dago,kelurahan,no,-6.889,107.61,Asia/Jakarta,"BMKG point: Dago, Coblong, Kota Bandung",16-09-2026,UKMO,Open-Meteo / UK Met Office,20:00,2026-09-16 20:00:00,22.5,75.0,0.0,6.8,0.0,1.3139,Cerah,wmo:0
dago,"Dago, Bandung",2026-09-16,32.73.02.1004,Dago,kelurahan,no,-6.889,107.61,Asia/Jakarta,"BMKG point: Dago, Coblong, Kota Bandung",16-09-2026,UKMO,Open-Meteo / UK Met Office,21:00,2026-09-16 21:00:00,21.6,83.0,0.0,2.2,0.0,1.3139,Cerah,wmo:0
dago,"Dago, Bandung",2026-09-16,32.73.02.1004,Dago,kelurahan,no,-6.889,107.61,Asia/Jakarta,"BMKG point: Dago, Coblong, Kota Bandung",16-09-2026,UKMO,Open-Meteo / UK Met Office,22:00,2026-09-16 22:00:00,21.3,83.0,0.0,2.2,0.0,1.3139,Cerah,wmo:0
dago,"Dago, Bandung",2026-09-16,32.73.02.1004,Dago,kelurahan,no,-6.889,107.61,Asia/Jakarta,"BMKG point: Dago, Coblong, Kota Bandung",16-09-2026,UKMO,Open-Meteo / UK Met Office,23:00,2026-09-16 23:00:00,21.1,80.0,0.0,4.0,0.0,1.3139,Cerah,wmo:0
dago,"Dago, Bandung",2026-09-17,32.73.02.1004,Dago,kelurahan,no,-6.889,107.61,Asia/Jakarta,"BMKG point: Dago, Coblong, Kota Bandung",17-09-2026,BMKG,BMKG,00:00,2026-09-17 01:00:00,19.0,74.0,0.0,5.4,60.0,1.2232,Cerah,Cerah
dago,"Dago, Bandung",2026-09-17,32.73.02.1004,Dago,kelurahan,no,-6.889,107.61,Asia/Jakarta,"BMKG point: Dago, Coblong, Kota Bandung",17-09-2026,BMKG,BMKG,01:00,2026-09-17 01:00:00,19.0,74.0,0.0,5.4,0.0,1.631,Cerah,Cerah
dago,"Dago, Bandung",2026-09-17,32.73.02.1004,Dago,kelurahan,no,-6.889,107.61,Asia/Jakarta,"BMKG point: Dago, Coblong, Kota Bandung",17-09-2026,BMKG,BMKG,02:00,2026-09-17 01:00:00,19.0,74.0,0.0,5.4,60.0,1.2232,Cerah,Cerah
dago,"Dago, Bandung",2026-09-17,32.73.02.1004,Dago,kelurahan,no,-6.889,107.61,Asia/Jakarta,"BMKG point: Dago, Coblong, Kota Bandung",17-09-2026,BMKG,BMKG,03:00,2026-09-17 04:00:00,19.0,67.0,0.0,5.2,60.0,1.2232,Cerah Berawan,Cerah Berawan
dago,"Dago, Bandung",2026-09-17,32.73.02.1004,Dago,kelurahan,no,-6.889,107.61,Asia/Jakarta,"BMKG point: Dago, Coblong, Kota Bandung",17-09-2026,BMKG,BMKG,04:00,2026-09-17 04:00:00,19.0,67.0,0.0,5.2,0.0,1.631,Cerah Berawan,Cerah Berawan
dago,"Dago, Bandung",2026-09-17,32.73.02.1004,Dago,kelurahan,no,-6.889,107.61,Asia/Jakarta,"BMKG point: Dago, Coblong, Kota Bandung",17-09-2026,BMKG,BMKG,05:00,2026-09-17 04:00:00,19.0,67.0,0.0,5.2,60.0,1.2232,Cerah Berawan,Cerah Berawan
dago,"Dago, Bandung",2026-09-17,32.73.02.1004,Dago,kelurahan,no,-6.889,107.61,Asia/Jakarta,"BMKG point: Dago, Coblong, Kota Bandung",17-09-2026,BMKG,BMKG,06:00,2026-09-17 07:00:00,23.0,56.0,0.0,4.5,60.0,1.2232,Cerah,Cerah
dago,"Dago, Bandung",2026-09-17,32.73.02.1004,Dago,kelurahan,no,-6.889,107.61,Asia/Jakarta,"BMKG point: Dago, Coblong, Kota Bandung",17-09-2026,BMKG,BMKG,07:00,2026-09-17 07:00:00,23.0,56.0,0.0,4.5,0.0,1.631,Cerah,Cerah
dago,"Dago, Bandung",2026-09-17,32.73.02.1004,Dago,kelurahan,no,-6.889,107.61,Asia/Jakarta,"BMKG point: Dago, Coblong, Kota Bandung",17-09-2026,BMKG,BMKG,08:00,2026-09-17 07:00:00,23.0,56.0,0.0,4.5,60.0,1.2232,Cerah,Cerah
dago,"Dago, Bandung",2026-09-17,32.73.02.1004,Dago,kelurahan,no,-6.889,107.61,Asia/Jakarta,"BMKG point: Dago, Coblong, Kota Bandung",17-09-2026,BMKG,BMKG,09:00,2026-09-17 10:00:00,28.0,44.0,0.0,5.6,60.0,1.2232,Cerah,Cerah
dago,"Dago, Bandung",2026-09-17,32.73.02.1004,Dago,kelurahan,no,-6.889,107.61,Asia/Jakarta,"BMKG point: Dago, Coblong, Kota Bandung",17-09-2026,BMKG,BMKG,10:00,2026-09-17 10:00:00,28.0,44.0,0.0,5.6,0.0,1.631,Cerah,Cerah
dago,"Dago, Bandung",2026-09-17,32.73.02.1004,Dago,kelurahan,no,-6.889,107.61,Asia/Jakarta,"BMKG point: Dago, Coblong, Kota Bandung",17-09-2026,BMKG,BMKG,11:00,2026-09-17 10:00:00,28.0,44.0,0.0,5.6,60.0,1.2232,Cerah,Cerah
dago,"Dago, Bandung",2026-09-17,32.73.02.1004,Dago,kelurahan,no,-6.889,107.61,Asia/Jakarta,"BMKG point: Dago, Coblong, Kota Bandung",17-09-2026,BMKG,BMKG,12:00,2026-09-17 13:00:00,28.0,48.0,0.0,8.5,60.0,1.2232,Cerah,Cerah
dago,"Dago, Bandung",2026-09-17,32.73.02.1004,Dago,kelurahan,no,-6.889,107.61,Asia/Jakarta,"BMKG point: Dago, Coblong, Kota Bandung",17-09-2026,BMKG,BMKG,13:00,2026-09-17 13:00:00,28.0,48.0,0.0,8.5,0.0,1.631,Cerah,Cerah
dago,"Dago, Bandung",2026-09-17,32.73.02.1004,Dago,kelurahan,no,-6.889,107.61,Asia/Jakarta,"BMKG point: Dago, Coblong, Kota Bandung",17-09-2026,BMKG,BMKG,14:00,2026-09-17 13:00:00,28.0,48.0,0.0,8.5,60.0,1.2232,Cerah,Cerah
dago,"Dago, Bandung",2026-09-17,32.73.02.1004,Dago,kelurahan,no,-6.889,107.61,Asia/Jakarta,"BMKG point: Dago, Coblong, Kota Bandung",17-09-2026,BMKG,BMKG,15:00,2026-09-17 16:00:00,24.0,66.0,0.0,8.6,60.0,1.2232,Cerah,Cerah
dago,"Dago, Bandung",2026-09-17,32.73.02.1004,Dago,kelurahan,no,-6.889,107.61,Asia/Jakarta,"BMKG point: Dago, Coblong, Kota Bandung",17-09-2026,BMKG,BMKG,16:00,2026-09-17 16:00:00,24.0,66.0,0.0,8.6,0.0,1.631,Cerah,Cerah
dago,"Dago, Bandung",2026-09-17,32.73.02.1004,Dago,kelurahan,no,-6.889,107.61,Asia/Jakarta,"BMKG point: Dago, Coblong, Kota Bandung",17-09-2026,BMKG,BMKG,17:00,2026-09-17 16:00:00,24.0,66.0,0.0,8.6,60.0,1.2232,Cerah,Cerah
dago,"Dago, Bandung",2026-09-17,32.73.02.1004,Dago,kelurahan,no,-6.889,107.61,Asia/Jakarta,"BMKG point: Dago, Coblong, Kota Bandung",17-09-2026,BMKG,BMKG,18:00,2026-09-17 19:00:00,22.0,83.0,0.0,2.3,60.0,1.2232,Cerah Berawan,Cerah Berawan
dago,"Dago, Bandung",2026-09-17,32.73.02.1004,Dago,kelurahan,no,-6.889,107.61,Asia/Jakarta,"BMKG point: Dago, Coblong, Kota Bandung",17-09-2026,BMKG,BMKG,19:00,2026-09-17 19:00:00,22.0,83.0,0.0,2.3,0.0,1.631,Cerah Berawan,Cerah Berawan
dago,"Dago, Bandung",2026-09-17,32.73.02.1004,Dago,kelurahan,no,-6.889,107.61,Asia/Jakarta,"BMKG point: Dago, Coblong, Kota Bandung",17-09-2026,BMKG,BMKG,20:00,2026-09-17 19:00:00,22.0,83.0,0.0,2.3,60.0,1.2232,Cerah Berawan,Cerah Berawan
dago,"Dago, Bandung",2026-09-17,32.73.02.1004,Dago,kelurahan,no,-6.889,107.61,Asia/Jakarta,"BMKG point: Dago, Coblong, Kota Bandung",17-09-2026,BMKG,BMKG,21:00,2026-09-17 22:00:00,21.0,85.0,0.0,4.0,60.0,1.2232,Cerah Berawan,Cerah Berawan
dago,"Dago, Bandung",2026-09-17,32.73.02.1004,Dago,kelurahan,no,-6.889,107.61,Asia/Jakarta,"BMKG point: Dago, Coblong, Kota Bandung",17-09-2026,BMKG,BMKG,22:00,2026-09-17 22:00:00,21.0,85.0,0.0,4.0,0.0,1.631,Cerah Berawan,Cerah Berawan
dago,"Dago, Bandung",2026-09-17,32.73.02.1004,Dago,kelurahan,no,-6.889,107.61,Asia/Jakarta,"BMKG point: Dago, Coblong, Kota Bandung",17-09-2026,BMKG,BMKG,23:00,2026-09-17 22:00:00,21.0,85.0,0.0,4.0,60.0,1.2232,Cerah Berawan,Cerah Berawan
dago,"Dago, Bandung",2026-09-17,32.73.02.1004,Dago,kelurahan,no,-6.889,107.61,Asia/Jakarta,"BMKG point: Dago, Coblong, Kota Bandung",17-09-2026,CMA,Open-Meteo / CMA GRAPES,00:00,2026-09-17 00:00:00,21.3,90.0,0.0,6.6,0.0,1.1281,Cerah Berawan,wmo:1
dago,"Dago, Bandung",2026-09-17,32.73.02.1004,Dago,kelurahan,no,-6.889,107.61,Asia/Jakarta,"BMKG point: Dago, Coblong, Kota Bandung",17-09-2026,CMA,Open-Meteo / CMA GRAPES,01:00,2026-09-17 01:00:00,21.1,89.0,0.0,6.0,0.0,1.1281,Cerah,wmo:0
dago,"Dago, Bandung",2026-09-17,32.73.02.1004,Dago,kelurahan,no,-6.889,107.61,Asia/Jakarta,"BMKG point: Dago, Coblong, Kota Bandung",17-09-2026,CMA,Open-Meteo / CMA GRAPES,02:00,2026-09-17 02:00:00,20.8,88.0,0.0,6.0,0.0,1.1281,Cerah,wmo:0
dago,"Dago, Bandung",2026-09-17,32.73.02.1004,Dago,kelurahan,no,-6.889,107.61,Asia/Jakarta,"BMKG point: Dago, Coblong, Kota Bandung",17-09-2026,CMA,Open-Meteo / CMA GRAPES,03:00,2026-09-17 03:00:00,20.5,87.0,0.0,6.5,0.0,1.1281,Cerah,wmo:0
dago,"Dago, Bandung",2026-09-17,32.73.02.1004,Dago,kelurahan,no,-6.889,107.61,Asia/Jakarta,"BMKG point: Dago, Coblong, Kota Bandung",17-09-2026,CMA,Open-Meteo / CMA GRAPES,04:00,2026-09-17 04:00:00,20.3,86.0,0.0,6.9,0.0,1.1281,Cerah,wmo:0
dago,"Dago, Bandung",2026-09-17,32.73.02.1004,Dago,kelurahan,no,-6.889,107.61,Asia/Jakarta,"BMKG point: Dago, Coblong, Kota Bandung",17-09-2026,CMA,Open-Meteo / CMA GRAPES,05:00,2026-09-17 05:00:00,20.3,85.0,0.0,7.9,0.0,1.1281,Cerah,wmo:0
dago,"Dago, Bandung",2026-09-17,32.73.02.1004,Dago,kelurahan,no,-6.889,107.61,Asia/Jakarta,"BMKG point: Dago, Coblong, Kota Bandung",17-09-2026,CMA,Open-Meteo / CMA GRAPES,06:00,2026-09-17 06:00:00,20.5,84.0,0.0,8.8,0.0,1.1281,Cerah,wmo:0
dago,"Dago, Bandung",2026-09-17,32.73.02.1004,Dago,kelurahan,no,-6.889,107.61,Asia/Jakarta,"BMKG point: Dago, Coblong, Kota Bandung",17-09-2026,CMA,Open-Meteo / CMA GRAPES,07:00,2026-09-17 07:00:00,21.0,82.0,0.0,7.9,0.0,1.1281,Cerah,wmo:0
dago,"Dago, Bandung",2026-09-17,32.73.02.1004,Dago,kelurahan,no,-6.889,107.61,Asia/Jakarta,"BMKG point: Dago, Coblong, Kota Bandung",17-09-2026,CMA,Open-Meteo / CMA GRAPES,08:00,2026-09-17 08:00:00,22.0,79.0,0.0,3.6,0.0,1.1281,Cerah,wmo:0
dago,"Dago, Bandung",2026-09-17,32.73.02.1004,Dago,kelurahan,no,-6.889,107.61,Asia/Jakarta,"BMKG point: Dago, Coblong, Kota Bandung",17-09-2026,CMA,Open-Meteo / CMA GRAPES,09:00,2026-09-17 09:00:00,23.4,76.0,0.0,5.0,0.0,1.1281,Cerah,wmo:0
dago,"Dago, Bandung",2026-09-17,32.73.02.1004,Dago,kelurahan,no,-6.889,107.61,Asia/Jakarta,"BMKG point: Dago, Coblong, Kota Bandung",17-09-2026,CMA,Open-Meteo / CMA GRAPES,10:00,2026-09-17 10:00:00,24.6,73.0,0.0,9.7,0.0,1.1281,Cerah,wmo:0
dago,"Dago, Bandung",2026-09-17,32.73.02.1004,Dago,kelurahan,no,-6.889,107.61,Asia/Jakarta,"BMKG point: Dago, Coblong, Kota Bandung",17-09-2026,CMA,Open-Meteo / CMA GRAPES,11:00,2026-09-17 11:00:00,25.5,70.0,0.0,11.5,0.0,1.1281,Cerah,wmo:0
dago,"Dago, Bandung",2026-09-17,32.73.02.1004,Dago,kelurahan,no,-6.889,107.61,Asia/Jakarta,"BMKG point: Dago, Coblong, Kota Bandung",17-09-2026,CMA,Open-Meteo / CMA GRAPES,12:00,2026-09-17 12:00:00,26.2,68.0,0.0,11.8,0.0,1.1281,Cerah,wmo:0
dago,"Dago, Bandung",2026-09-17,32.73.02.1004,Dago,kelurahan,no,-6.889,107.61,Asia/Jakarta,"BMKG point: Dago, Coblong, Kota Bandung",17-09-2026,CMA,Open-Meteo / CMA GRAPES,13:00,2026-09-17 13:00:00,26.6,66.0,0.0,12.3,0.0,1.1281,Cerah Berawan,wmo:1
dago,"Dago, Bandung",2026-09-17,32.73.02.1004,Dago,kelurahan,no,-6.889,107.61,Asia/Jakarta,"BMKG point: Dago, Coblong, Kota Bandung",17-09-2026,CMA,Open-Meteo / CMA GRAPES,14:00,2026-09-17 14:00:00,26.9,63.0,0.0,13.6,0.0,1.1281,Cerah,wmo:0
dago,"Dago, Bandung",2026-09-17,32.73.02.1004,Dago,kelurahan,no,-6.889,107.61,Asia/Jakarta,"BMKG point: Dago, Coblong, Kota Bandung",17-09-2026,CMA,Open-Meteo / CMA GRAPES,15:00,2026-09-17 15:00:00,27.0,61.0,0.0,15.2,0.0,1.1281,Cerah,wmo:0
dago,"Dago, Bandung",2026-09-17,32.73.02.1004,Dago,kelurahan,no,-6.889,107.61,Asia/Jakarta,"BMKG point: Dago, Coblong, Kota Bandung",17-09-2026,CMA,Open-Meteo / CMA GRAPES,16:00,2026-09-17 16:00:00,26.7,61.0,0.0,15.5,0.0,1.1281,Cerah,wmo:0
dago,"Dago, Bandung",2026-09-17,32.73.02.1004,Dago,kelurahan,no,-6.889,107.61,Asia/Jakarta,"BMKG point: Dago, Coblong, Kota Bandung",17-09-2026,CMA,Open-Meteo / CMA GRAPES,17:00,2026-09-17 17:00:00,25.8,65.0,0.0,14.1,0.0,1.1281,Cerah,wmo:0
dago,"Dago, Bandung",2026-09-17,32.73.02.1004,Dago,kelurahan,no,-6.889,107.61,Asia/Jakarta,"BMKG point: Dago, Coblong, Kota Bandung",17-09-2026,CMA,Open-Meteo / CMA GRAPES,18:00,2026-09-17 18:00:00,24.5,72.0,0.0,12.0,0.0,1.1281,Cerah,wmo:0
dago,"Dago, Bandung",2026-09-17,32.73.02.1004,Dago,kelurahan,no,-6.889,107.61,Asia/Jakarta,"BMKG point: Dago, Coblong, Kota Bandung",17-09-2026,CMA,Open-Meteo / CMA GRAPES,19:00,2026-09-17 19:00:00,23.4,78.0,0.0,9.8,0.0,1.1281,Cerah,wmo:0
dago,"Dago, Bandung",2026-09-17,32.73.02.1004,Dago,kelurahan,no,-6.889,107.61,Asia/Jakarta,"BMKG point: Dago, Coblong, Kota Bandung",17-09-2026,CMA,Open-Meteo / CMA GRAPES,20:00,2026-09-17 20:00:00,22.7,84.0,0.0,7.9,0.0,1.1281,Cerah,wmo:0
dago,"Dago, Bandung",2026-09-17,32.73.02.1004,Dago,kelurahan,no,-6.889,107.61,Asia/Jakarta,"BMKG point: Dago, Coblong, Kota Bandung",17-09-2026,CMA,Open-Meteo / CMA GRAPES,21:00,2026-09-17 21:00:00,22.0,91.0,0.0,5.4,0.0,1.1281,Cerah,wmo:0
dago,"Dago, Bandung",2026-09-17,32.73.02.1004,Dago,kelurahan,no,-6.889,107.61,Asia/Jakarta,"BMKG point: Dago, Coblong, Kota Bandung",17-09-2026,CMA,Open-Meteo / CMA GRAPES,22:00,2026-09-17 22:00:00,21.6,95.0,0.0,3.3,0.0,1.1281,Berawan,wmo:45
dago,"Dago, Bandung",2026-09-17,32.73.02.1004,Dago,kelurahan,no,-6.889,107.61,Asia/Jakarta,"BMKG point: Dago, Coblong, Kota Bandung",17-09-2026,CMA,Open-Meteo / CMA GRAPES,23:00,2026-09-17 23:00:00,21.4,96.0,0.0,1.1,0.0,1.1281,Berawan,wmo:45
dago,"Dago, Bandung",2026-09-17,32.73.02.1004,Dago,kelurahan,no,-6.889,107.61,Asia/Jakarta,"BMKG point: Dago, Coblong, Kota Bandung",17-09-2026,ECMWF,Open-Meteo / ECMWF,00:00,2026-09-17 00:00:00,20.4,79.0,0.0,3.0,0.0,1.6901,Cerah Berawan,wmo:1
dago,"Dago, Bandung",2026-09-17,32.73.02.1004,Dago,kelurahan,no,-6.889,107.61,Asia/Jakarta,"BMKG point: Dago, Coblong, Kota Bandung",17-09-2026,ECMWF,Open-Meteo / ECMWF,01:00,2026-09-17 01:00:00,19.7,81.0,0.0,2.2,0.0,1.6901,Cerah Berawan,wmo:1
dago,"Dago, Bandung",2026-09-17,32.73.02.1004,Dago,kelurahan,no,-6.889,107.61,Asia/Jakarta,"BMKG point: Dago, Coblong, Kota Bandung",17-09-2026,ECMWF,Open-Meteo / ECMWF,02:00,2026-09-17 02:00:00,18.9,83.0,0.0,1.8,0.0,1.6901,Cerah Berawan,wmo:1
dago,"Dago, Bandung",2026-09-17,32.73.02.1004,Dago,kelurahan,no,-6.889,107.61,Asia/Jakarta,"BMKG point: Dago, Coblong, Kota Bandung",17-09-2026,ECMWF,Open-Meteo / ECMWF,03:00,2026-09-17 03:00:00,18.3,84.0,0.0,1.8,0.0,1.6901,Cerah Berawan,wmo:2
dago,"Dago, Bandung",2026-09-17,32.73.02.1004,Dago,kelurahan,no,-6.889,107.61,Asia/Jakarta,"BMKG point: Dago, Coblong, Kota Bandung",17-09-2026,ECMWF,Open-Meteo / ECMWF,04:00,2026-09-17 04:00:00,18.1,84.0,0.0,1.8,0.0,1.6901,Cerah Berawan,wmo:2
dago,"Dago, Bandung",2026-09-17,32.73.02.1004,Dago,kelurahan,no,-6.889,107.61,Asia/Jakarta,"BMKG point: Dago, Coblong, Kota Bandung",17-09-2026,ECMWF,Open-Meteo / ECMWF,05:00,2026-09-17 05:00:00,18.5,81.0,0.0,1.8,0.0,1.6901,Cerah Berawan,wmo:2
dago,"Dago, Bandung",2026-09-17,32.73.02.1004,Dago,kelurahan,no,-6.889,107.61,Asia/Jakarta,"BMKG point: Dago, Coblong, Kota Bandung",17-09-2026,ECMWF,Open-Meteo / ECMWF,06:00,2026-09-17 06:00:00,19.4,75.0,0.0,2.3,0.0,1.6901,Cerah Berawan,wmo:2
dago,"Dago, Bandung",2026-09-17,32.73.02.1004,Dago,kelurahan,no,-6.889,107.61,Asia/Jakarta,"BMKG point: Dago, Coblong, Kota Bandung",17-09-2026,ECMWF,Open-Meteo / ECMWF,07:00,2026-09-17 07:00:00,20.7,69.0,0.0,2.6,0.0,1.6901,Cerah Berawan,wmo:2
dago,"Dago, Bandung",2026-09-17,32.73.02.1004,Dago,kelurahan,no,-6.889,107.61,Asia/Jakarta,"BMKG point: Dago, Coblong, Kota Bandung",17-09-2026,ECMWF,Open-Meteo / ECMWF,08:00,2026-09-17 08:00:00,22.9,60.0,0.0,3.7,0.0,1.6901,Cerah Berawan,wmo:1
dago,"Dago, Bandung",2026-09-17,32.73.02.1004,Dago,kelurahan,no,-6.889,107.61,Asia/Jakarta,"BMKG point: Dago, Coblong, Kota Bandung",17-09-2026,ECMWF,Open-Meteo / ECMWF,09:00,2026-09-17 09:00:00,25.5,51.0,0.0,5.4,0.0,1.6901,Cerah Berawan,wmo:1
dago,"Dago, Bandung",2026-09-17,32.73.02.1004,Dago,kelurahan,no,-6.889,107.61,Asia/Jakarta,"BMKG point: Dago, Coblong, Kota Bandung",17-09-2026,ECMWF,Open-Meteo / ECMWF,10:00,2026-09-17 10:00:00,27.6,43.0,0.0,5.8,0.0,1.6901,Cerah,wmo:0
dago,"Dago, Bandung",2026-09-17,32.73.02.1004,Dago,kelurahan,no,-6.889,107.61,Asia/Jakarta,"BMKG point: Dago, Coblong, Kota Bandung",17-09-2026,ECMWF,Open-Meteo / ECMWF,11:00,2026-09-17 11:00:00,29.1,39.0,0.0,5.8,0.0,1.6901,Cerah,wmo:0
dago,"Dago, Bandung",2026-09-17,32.73.02.1004,Dago,kelurahan,no,-6.889,107.61,Asia/Jakarta,"BMKG point: Dago, Coblong, Kota Bandung",17-09-2026,ECMWF,Open-Meteo / ECMWF,12:00,2026-09-17 12:00:00,30.2,37.0,0.0,9.8,0.0,1.6901,Cerah,wmo:0
dago,"Dago, Bandung",2026-09-17,32.73.02.1004,Dago,kelurahan,no,-6.889,107.61,Asia/Jakarta,"BMKG point: Dago, Coblong, Kota Bandung",17-09-2026,ECMWF,Open-Meteo / ECMWF,13:00,2026-09-17 13:00:00,30.5,38.0,0.0,13.9,0.0,1.6901,Cerah,wmo:0
dago,"Dago, Bandung",2026-09-17,32.73.02.1004,Dago,kelurahan,no,-6.889,107.61,Asia/Jakarta,"BMKG point: Dago, Coblong, Kota Bandung",17-09-2026,ECMWF,Open-Meteo / ECMWF,14:00,2026-09-17 14:00:00,30.0,42.0,0.5,15.1,0.0,1.6901,Hujan Ringan,wmo:53
dago,"Dago, Bandung",2026-09-17,32.73.02.1004,Dago,kelurahan,no,-6.889,107.61,Asia/Jakarta,"BMKG point: Dago, Coblong, Kota Bandung",17-09-2026,ECMWF,Open-Meteo / ECMWF,15:00,2026-09-17 15:00:00,28.7,49.0,0.5,15.0,0.0,1.6901,Hujan Ringan,wmo:53
dago,"Dago, Bandung",2026-09-17,32.73.02.1004,Dago,kelurahan,no,-6.889,107.61,Asia/Jakarta,"BMKG point: Dago, Coblong, Kota Bandung",17-09-2026,ECMWF,Open-Meteo / ECMWF,16:00,2026-09-17 16:00:00,27.4,55.0,0.5,14.1,0.0,1.6901,Hujan Ringan,wmo:53
dago,"Dago, Bandung",2026-09-17,32.73.02.1004,Dago,kelurahan,no,-6.889,107.61,Asia/Jakarta,"BMKG point: Dago, Coblong, Kota Bandung",17-09-2026,ECMWF,Open-Meteo / ECMWF,17:00,2026-09-17 17:00:00,26.2,60.0,0.0,12.6,0.0,1.6901,Cerah Berawan,wmo:2
dago,"Dago, Bandung",2026-09-17,32.73.02.1004,Dago,kelurahan,no,-6.889,107.61,Asia/Jakarta,"BMKG point: Dago, Coblong, Kota Bandung",17-09-2026,ECMWF,Open-Meteo / ECMWF,18:00,2026-09-17 18:00:00,24.9,65.0,0.0,11.0,0.0,1.6901,Cerah Berawan,wmo:2
dago,"Dago, Bandung",2026-09-17,32.73.02.1004,Dago,kelurahan,no,-6.889,107.61,Asia/Jakarta,"BMKG point: Dago, Coblong, Kota Bandung",17-09-2026,ECMWF,Open-Meteo / ECMWF,19:00,2026-09-17 19:00:00,23.9,69.0,0.0,8.9,0.0,1.6901,Cerah Berawan,wmo:1
dago,"Dago, Bandung",2026-09-17,32.73.02.1004,Dago,kelurahan,no,-6.889,107.61,Asia/Jakarta,"BMKG point: Dago, Coblong, Kota Bandung",17-09-2026,ECMWF,Open-Meteo / ECMWF,20:00,2026-09-17 20:00:00,23.3,71.0,0.0,6.9,0.0,1.6901,Cerah Berawan,wmo:2
dago,"Dago, Bandung",2026-09-17,32.73.02.1004,Dago,kelurahan,no,-6.889,107.61,Asia/Jakarta,"BMKG point: Dago, Coblong, Kota Bandung",17-09-2026,ECMWF,Open-Meteo / ECMWF,21:00,2026-09-17 21:00:00,23.1,72.0,0.0,4.4,0.0,1.6901,Cerah Berawan,wmo:2
dago,"Dago, Bandung",2026-09-17,32.73.02.1004,Dago,kelurahan,no,-6.889,107.61,Asia/Jakarta,"BMKG point: Dago, Coblong, Kota Bandung",17-09-2026,ECMWF,Open-Meteo / ECMWF,22:00,2026-09-17 22:00:00,22.8,73.0,0.0,2.9,0.0,1.6901,Cerah Berawan,wmo:2
dago,"Dago, Bandung",2026-09-17,32.73.02.1004,Dago,kelurahan,no,-6.889,107.61,Asia/Jakarta,"BMKG point: Dago, Coblong, Kota Bandung",17-09-2026,ECMWF,Open-Meteo / ECMWF,23:00,2026-09-17 23:00:00,22.4,75.0,0.0,2.0,0.0,1.6901,Berawan,wmo:3
dago,"Dago, Bandung",2026-09-17,32.73.02.1004,Dago,kelurahan,no,-6.889,107.61,Asia/Jakarta,"BMKG point: Dago, Coblong, Kota Bandung",17-09-2026,GFS,Open-Meteo / NOAA GFS,00:00,2026-09-17 00:00:00,21.5,83.0,0.0,4.6,0.0,1.3765,Berawan,wmo:3
dago,"Dago, Bandung",2026-09-17,32.73.02.1004,Dago,kelurahan,no,-6.889,107.61,Asia/Jakarta,"BMKG point: Dago, Coblong, Kota Bandung",17-09-2026,GFS,Open-Meteo / NOAA GFS,01:00,2026-09-17 01:00:00,21.4,83.0,0.0,4.6,0.0,1.3765,Berawan,wmo:3
dago,"Dago, Bandung",2026-09-17,32.73.02.1004,Dago,kelurahan,no,-6.889,107.61,Asia/Jakarta,"BMKG point: Dago, Coblong, Kota Bandung",17-09-2026,GFS,Open-Meteo / NOAA GFS,02:00,2026-09-17 02:00:00,19.7,88.0,0.0,6.6,0.0,1.3765,Cerah Berawan,wmo:2
dago,"Dago, Bandung",2026-09-17,32.73.02.1004,Dago,kelurahan,no,-6.889,107.61,Asia/Jakarta,"BMKG point: Dago, Coblong, Kota Bandung",17-09-2026,GFS,Open-Meteo / NOAA GFS,03:00,2026-09-17 03:00:00,19.0,89.0,0.0,7.6,0.0,1.3765,Berawan,wmo:3
dago,"Dago, Bandung",2026-09-17,32.73.02.1004,Dago,kelurahan,no,-6.889,107.61,Asia/Jakarta,"BMKG point: Dago, Coblong, Kota Bandung",17-09-2026,GFS,Open-Meteo / NOAA GFS,04:00,2026-09-17 04:00:00,18.6,89.0,0.0,8.3,0.0,1.3765,Cerah,wmo:0
dago,"Dago, Bandung",2026-09-17,32.73.02.1004,Dago,kelurahan,no,-6.889,107.61,Asia/Jakarta,"BMKG point: Dago, Coblong, Kota Bandung",17-09-2026,GFS,Open-Meteo / NOAA GFS,05:00,2026-09-17 05:00:00,18.2,88.0,0.0,8.4,0.0,1.3765,Cerah,wmo:0
dago,"Dago, Bandung",2026-09-17,32.73.02.1004,Dago,kelurahan,no,-6.889,107.61,Asia/Jakarta,"BMKG point: Dago, Coblong, Kota Bandung",17-09-2026,GFS,Open-Meteo / NOAA GFS,06:00,2026-09-17 06:00:00,18.2,86.0,0.0,8.9,0.0,1.3765,Cerah,wmo:0
dago,"Dago, Bandung",2026-09-17,32.73.02.1004,Dago,kelurahan,no,-6.889,107.61,Asia/Jakarta,"BMKG point: Dago, Coblong, Kota Bandung",17-09-2026,GFS,Open-Meteo / NOAA GFS,07:00,2026-09-17 07:00:00,20.9,73.0,0.0,7.9,0.0,1.3765,Cerah,wmo:0
dago,"Dago, Bandung",2026-09-17,32.73.02.1004,Dago,kelurahan,no,-6.889,107.61,Asia/Jakarta,"BMKG point: Dago, Coblong, Kota Bandung",17-09-2026,GFS,Open-Meteo / NOAA GFS,08:00,2026-09-17 08:00:00,23.8,62.0,0.0,7.1,0.0,1.3765,Cerah,wmo:0
dago,"Dago, Bandung",2026-09-17,32.73.02.1004,Dago,kelurahan,no,-6.889,107.61,Asia/Jakarta,"BMKG point: Dago, Coblong, Kota Bandung",17-09-2026,GFS,Open-Meteo / NOAA GFS,09:00,2026-09-17 09:00:00,27.0,51.0,0.0,1.1,0.0,1.3765,Cerah,wmo:0
dago,"Dago, Bandung",2026-09-17,32.73.02.1004,Dago,kelurahan,no,-6.889,107.61,Asia/Jakarta,"BMKG point: Dago, Coblong, Kota Bandung",17-09-2026,GFS,Open-Meteo / NOAA GFS,10:00,2026-09-17 10:00:00,29.2,43.0,0.0,5.8,0.0,1.3765,Cerah,wmo:0
dago,"Dago, Bandung",2026-09-17,32.73.02.1004,Dago,kelurahan,no,-6.889,107.61,Asia/Jakarta,"BMKG point: Dago, Coblong, Kota Bandung",17-09-2026,GFS,Open-Meteo / NOAA GFS,11:00,2026-09-17 11:00:00,31.0,38.0,0.0,11.0,0.0,1.3765,Cerah,wmo:0
dago,"Dago, Bandung",2026-09-17,32.73.02.1004,Dago,kelurahan,no,-6.889,107.61,Asia/Jakarta,"BMKG point: Dago, Coblong, Kota Bandung",17-09-2026,GFS,Open-Meteo / NOAA GFS,12:00,2026-09-17 12:00:00,30.6,40.0,0.0,14.3,0.0,1.3765,Berawan,wmo:3
dago,"Dago, Bandung",2026-09-17,32.73.02.1004,Dago,kelurahan,no,-6.889,107.61,Asia/Jakarta,"BMKG point: Dago, Coblong, Kota Bandung",17-09-2026,GFS,Open-Meteo / NOAA GFS,13:00,2026-09-17 13:00:00,29.1,44.0,0.0,13.4,0.0,1.3765,Berawan,wmo:3
dago,"Dago, Bandung",2026-09-17,32.73.02.1004,Dago,kelurahan,no,-6.889,107.61,Asia/Jakarta,"BMKG point: Dago, Coblong, Kota Bandung",17-09-2026,GFS,Open-Meteo / NOAA GFS,14:00,2026-09-17 14:00:00,28.4,48.0,0.0,16.4,0.0,1.3765,Berawan,wmo:3
dago,"Dago, Bandung",2026-09-17,32.73.02.1004,Dago,kelurahan,no,-6.889,107.61,Asia/Jakarta,"BMKG point: Dago, Coblong, Kota Bandung",17-09-2026,GFS,Open-Meteo / NOAA GFS,15:00,2026-09-17 15:00:00,27.5,52.0,0.0,13.3,0.0,1.3765,Berawan,wmo:3
dago,"Dago, Bandung",2026-09-17,32.73.02.1004,Dago,kelurahan,no,-6.889,107.61,Asia/Jakarta,"BMKG point: Dago, Coblong, Kota Bandung",17-09-2026,GFS,Open-Meteo / NOAA GFS,16:00,2026-09-17 16:00:00,28.0,51.0,0.0,8.9,0.0,1.3765,Berawan,wmo:3
dago,"Dago, Bandung",2026-09-17,32.73.02.1004,Dago,kelurahan,no,-6.889,107.61,Asia/Jakarta,"BMKG point: Dago, Coblong, Kota Bandung",17-09-2026,GFS,Open-Meteo / NOAA GFS,17:00,2026-09-17 17:00:00,27.0,55.0,0.1,9.5,0.0,1.3765,Hujan Ringan,wmo:51
dago,"Dago, Bandung",2026-09-17,32.73.02.1004,Dago,kelurahan,no,-6.889,107.61,Asia/Jakarta,"BMKG point: Dago, Coblong, Kota Bandung",17-09-2026,GFS,Open-Meteo / NOAA GFS,18:00,2026-09-17 18:00:00,24.0,68.0,0.1,10.2,0.0,1.3765,Hujan Ringan,wmo:51
dago,"Dago, Bandung",2026-09-17,32.73.02.1004,Dago,kelurahan,no,-6.889,107.61,Asia/Jakarta,"BMKG point: Dago, Coblong, Kota Bandung",17-09-2026,GFS,Open-Meteo / NOAA GFS,19:00,2026-09-17 19:00:00,22.5,75.0,0.0,7.3,0.0,1.3765,Cerah Berawan,wmo:2
dago,"Dago, Bandung",2026-09-17,32.73.02.1004,Dago,kelurahan,no,-6.889,107.61,Asia/Jakarta,"BMKG point: Dago, Coblong, Kota Bandung",17-09-2026,GFS,Open-Meteo / NOAA GFS,20:00,2026-09-17 20:00:00,22.6,75.0,0.0,5.2,0.0,1.3765,Berawan,wmo:3
dago,"Dago, Bandung",2026-09-17,32.73.02.1004,Dago,kelurahan,no,-6.889,107.61,Asia/Jakarta,"BMKG point: Dago, Coblong, Kota Bandung",17-09-2026,GFS,Open-Meteo / NOAA GFS,21:00,2026-09-17 21:00:00,22.4,76.0,0.0,4.5,0.0,1.3765,Berawan,wmo:3
dago,"Dago, Bandung",2026-09-17,32.73.02.1004,Dago,kelurahan,no,-6.889,107.61,Asia/Jakarta,"BMKG point: Dago, Coblong, Kota Bandung",17-09-2026,GFS,Open-Meteo / NOAA GFS,22:00,2026-09-17 22:00:00,22.1,78.0,0.0,2.8,0.0,1.3765,Berawan,wmo:3
dago,"Dago, Bandung",2026-09-17,32.73.02.1004,Dago,kelurahan,no,-6.889,107.61,Asia/Jakarta,"BMKG point: Dago, Coblong, Kota Bandung",17-09-2026,GFS,Open-Meteo / NOAA GFS,23:00,2026-09-17 23:00:00,22.0,78.0,0.0,2.2,0.0,1.3765,Berawan,wmo:3
dago,"Dago, Bandung",2026-09-17,32.73.02.1004,Dago,kelurahan,no,-6.889,107.61,Asia/Jakarta,"BMKG point: Dago, Coblong, Kota Bandung",17-09-2026,ICON,Open-Meteo / DWD ICON,00:00,2026-09-17 00:00:00,21.7,74.0,0.0,3.2,0.0,1.4524,Berawan,wmo:3
dago,"Dago, Bandung",2026-09-17,32.73.02.1004,Dago,kelurahan,no,-6.889,107.61,Asia/Jakarta,"BMKG point: Dago, Coblong, Kota Bandung",17-09-2026,ICON,Open-Meteo / DWD ICON,01:00,2026-09-17 01:00:00,21.4,71.0,0.0,3.1,0.0,1.4524,Berawan,wmo:3
dago,"Dago, Bandung",2026-09-17,32.73.02.1004,Dago,kelurahan,no,-6.889,107.61,Asia/Jakarta,"BMKG point: Dago, Coblong, Kota Bandung",17-09-2026,ICON,Open-Meteo / DWD ICON,02:00,2026-09-17 02:00:00,21.0,70.0,0.0,3.0,0.0,1.4524,Berawan,wmo:3
dago,"Dago, Bandung",2026-09-17,32.73.02.1004,Dago,kelurahan,no,-6.889,107.61,Asia/Jakarta,"BMKG point: Dago, Coblong, Kota Bandung",17-09-2026,ICON,Open-Meteo / DWD ICON,03:00,2026-09-17 03:00:00,20.5,71.0,0.0,2.9,0.0,1.4524,Berawan,wmo:3
dago,"Dago, Bandung",2026-09-17,32.73.02.1004,Dago,kelurahan,no,-6.889,107.61,Asia/Jakarta,"BMKG point: Dago, Coblong, Kota Bandung",17-09-2026,ICON,Open-Meteo / DWD ICON,04:00,2026-09-17 04:00:00,20.1,74.0,0.0,3.3,0.0,1.4524,Berawan,wmo:3
dago,"Dago, Bandung",2026-09-17,32.73.02.1004,Dago,kelurahan,no,-6.889,107.61,Asia/Jakarta,"BMKG point: Dago, Coblong, Kota Bandung",17-09-2026,ICON,Open-Meteo / DWD ICON,05:00,2026-09-17 05:00:00,19.8,77.0,0.0,3.3,0.0,1.4524,Cerah Berawan,wmo:2
dago,"Dago, Bandung",2026-09-17,32.73.02.1004,Dago,kelurahan,no,-6.889,107.61,Asia/Jakarta,"BMKG point: Dago, Coblong, Kota Bandung",17-09-2026,ICON,Open-Meteo / DWD ICON,06:00,2026-09-17 06:00:00,19.4,80.0,0.0,2.9,0.0,1.4524,Cerah Berawan,wmo:2
dago,"Dago, Bandung",2026-09-17,32.73.02.1004,Dago,kelurahan,no,-6.889,107.61,Asia/Jakarta,"BMKG point: Dago, Coblong, Kota Bandung",17-09-2026,ICON,Open-Meteo / DWD ICON,07:00,2026-09-17 07:00:00,20.6,76.0,0.0,2.2,0.0,1.4524,Cerah Berawan,wmo:2
dago,"Dago, Bandung",2026-09-17,32.73.02.1004,Dago,kelurahan,no,-6.889,107.61,Asia/Jakarta,"BMKG point: Dago, Coblong, Kota Bandung",17-09-2026,ICON,Open-Meteo / DWD ICON,08:00,2026-09-17 08:00:00,23.0,63.0,0.0,4.3,0.0,1.4524,Cerah Berawan,wmo:1
dago,"Dago, Bandung",2026-09-17,32.73.02.1004,Dago,kelurahan,no,-6.889,107.61,Asia/Jakarta,"BMKG point: Dago, Coblong, Kota Bandung",17-09-2026,ICON,Open-Meteo / DWD ICON,09:00,2026-09-17 09:00:00,25.4,54.0,0.0,4.7,0.0,1.4524,Cerah Berawan,wmo:1
dago,"Dago, Bandung",2026-09-17,32.73.02.1004,Dago,kelurahan,no,-6.889,107.61,Asia/Jakarta,"BMKG point: Dago, Coblong, Kota Bandung",17-09-2026,ICON,Open-Meteo / DWD ICON,10:00,2026-09-17 10:00:00,27.4,49.0,0.0,3.1,0.0,1.4524,Cerah Berawan,wmo:1
dago,"Dago, Bandung",2026-09-17,32.73.02.1004,Dago,kelurahan,no,-6.889,107.61,Asia/Jakarta,"BMKG point: Dago, Coblong, Kota Bandung",17-09-2026,ICON,Open-Meteo / DWD ICON,11:00,2026-09-17 11:00:00,28.9,46.0,0.0,2.0,0.0,1.4524,Cerah Berawan,wmo:1
dago,"Dago, Bandung",2026-09-17,32.73.02.1004,Dago,kelurahan,no,-6.889,107.61,Asia/Jakarta,"BMKG point: Dago, Coblong, Kota Bandung",17-09-2026,ICON,Open-Meteo / DWD ICON,12:00,2026-09-17 12:00:00,30.3,42.0,0.0,5.2,0.0,1.4524,Cerah Berawan,wmo:2
dago,"Dago, Bandung",2026-09-17,32.73.02.1004,Dago,kelurahan,no,-6.889,107.61,Asia/Jakarta,"BMKG point: Dago, Coblong, Kota Bandung",17-09-2026,ICON,Open-Meteo / DWD ICON,13:00,2026-09-17 13:00:00,31.1,39.0,0.0,7.9,0.0,1.4524,Cerah Berawan,wmo:1
dago,"Dago, Bandung",2026-09-17,32.73.02.1004,Dago,kelurahan,no,-6.889,107.61,Asia/Jakarta,"BMKG point: Dago, Coblong, Kota Bandung",17-09-2026,ICON,Open-Meteo / DWD ICON,14:00,2026-09-17 14:00:00,31.1,38.0,0.0,10.3,0.0,1.4524,Berawan,wmo:3
dago,"Dago, Bandung",2026-09-17,32.73.02.1004,Dago,kelurahan,no,-6.889,107.61,Asia/Jakarta,"BMKG point: Dago, Coblong, Kota Bandung",17-09-2026,ICON,Open-Meteo / DWD ICON,15:00,2026-09-17 15:00:00,30.7,41.0,0.0,12.1,0.0,1.4524,Cerah Berawan,wmo:2
dago,"Dago, Bandung",2026-09-17,32.73.02.1004,Dago,kelurahan,no,-6.889,107.61,Asia/Jakarta,"BMKG point: Dago, Coblong, Kota Bandung",17-09-2026,ICON,Open-Meteo / DWD ICON,16:00,2026-09-17 16:00:00,29.5,49.0,0.0,13.1,0.0,1.4524,Cerah Berawan,wmo:1
dago,"Dago, Bandung",2026-09-17,32.73.02.1004,Dago,kelurahan,no,-6.889,107.61,Asia/Jakarta,"BMKG point: Dago, Coblong, Kota Bandung",17-09-2026,ICON,Open-Meteo / DWD ICON,17:00,2026-09-17 17:00:00,28.4,53.0,0.0,10.9,0.0,1.4524,Cerah,wmo:0
dago,"Dago, Bandung",2026-09-17,32.73.02.1004,Dago,kelurahan,no,-6.889,107.61,Asia/Jakarta,"BMKG point: Dago, Coblong, Kota Bandung",17-09-2026,ICON,Open-Meteo / DWD ICON,18:00,2026-09-17 18:00:00,27.0,59.0,0.0,8.2,0.0,1.4524,Cerah Berawan,wmo:1
dago,"Dago, Bandung",2026-09-17,32.73.02.1004,Dago,kelurahan,no,-6.889,107.61,Asia/Jakarta,"BMKG point: Dago, Coblong, Kota Bandung",17-09-2026,ICON,Open-Meteo / DWD ICON,19:00,2026-09-17 19:00:00,25.5,66.0,0.0,6.4,0.0,1.4524,Berawan,wmo:3
dago,"Dago, Bandung",2026-09-17,32.73.02.1004,Dago,kelurahan,no,-6.889,107.61,Asia/Jakarta,"BMKG point: Dago, Coblong, Kota Bandung",17-09-2026,ICON,Open-Meteo / DWD ICON,20:00,2026-09-17 20:00:00,24.8,70.0,0.0,3.1,0.0,1.4524,Berawan,wmo:3
dago,"Dago, Bandung",2026-09-17,32.73.02.1004,Dago,kelurahan,no,-6.889,107.61,Asia/Jakarta,"BMKG point: Dago, Coblong, Kota Bandung",17-09-2026,ICON,Open-Meteo / DWD ICON,21:00,2026-09-17 21:00:00,24.3,75.0,0.1,2.2,0.0,1.4524,Berawan,wmo:3
dago,"Dago, Bandung",2026-09-17,32.73.02.1004,Dago,kelurahan,no,-6.889,107.61,Asia/Jakarta,"BMKG point: Dago, Coblong, Kota Bandung",17-09-2026,ICON,Open-Meteo / DWD ICON,22:00,2026-09-17 22:00:00,24.0,77.0,0.3,1.6,0.0,1.4524,Hujan Ringan,wmo:80
dago,"Dago, Bandung",2026-09-17,32.73.02.1004,Dago,kelurahan,no,-6.889,107.61,Asia/Jakarta,"BMKG point: Dago, Coblong, Kota Bandung",17-09-2026,ICON,Open-Meteo / DWD ICON,23:00,2026-09-17 23:00:00,23.8,78.0,0.0,1.8,0.0,1.4524,Berawan,wmo:3
dago,"Dago, Bandung",2026-09-17,32.73.02.1004,Dago,kelurahan,no,-6.889,107.61,Asia/Jakarta,"BMKG point: Dago, Coblong, Kota Bandung",17-09-2026,KMA,Open-Meteo / KMA,00:00,2026-09-17 00:00:00,,,,,0.0,0.5346,Berawan,wmo:None
dago,"Dago, Bandung",2026-09-17,32.73.02.1004,Dago,kelurahan,no,-6.889,107.61,Asia/Jakarta,"BMKG point: Dago, Coblong, Kota Bandung",17-09-2026,KMA,Open-Meteo / KMA,01:00,2026-09-17 01:00:00,,,,,0.0,0.5346,Berawan,wmo:None
dago,"Dago, Bandung",2026-09-17,32.73.02.1004,Dago,kelurahan,no,-6.889,107.61,Asia/Jakarta,"BMKG point: Dago, Coblong, Kota Bandung",17-09-2026,KMA,Open-Meteo / KMA,02:00,2026-09-17 02:00:00,,,,,0.0,0.5346,Berawan,wmo:None
dago,"Dago, Bandung",2026-09-17,32.73.02.1004,Dago,kelurahan,no,-6.889,107.61,Asia/Jakarta,"BMKG point: Dago, Coblong, Kota Bandung",17-09-2026,KMA,Open-Meteo / KMA,03:00,2026-09-17 03:00:00,,,,,0.0,0.5346,Berawan,wmo:None
dago,"Dago, Bandung",2026-09-17,32.73.02.1004,Dago,kelurahan,no,-6.889,107.61,Asia/Jakarta,"BMKG point: Dago, Coblong, Kota Bandung",17-09-2026,KMA,Open-Meteo / KMA,04:00,2026-09-17 04:00:00,,,,,0.0,0.5346,Berawan,wmo:None
dago,"Dago, Bandung",2026-09-17,32.73.02.1004,Dago,kelurahan,no,-6.889,107.61,Asia/Jakarta,"BMKG point: Dago, Coblong, Kota Bandung",17-09-2026,KMA,Open-Meteo / KMA,05:00,2026-09-17 05:00:00,,,,,0.0,0.5346,Berawan,wmo:None
dago,"Dago, Bandung",2026-09-17,32.73.02.1004,Dago,kelurahan,no,-6.889,107.61,Asia/Jakarta,"BMKG point: Dago, Coblong, Kota Bandung",17-09-2026,KMA,Open-Meteo / KMA,06:00,2026-09-17 06:00:00,,,,,0.0,0.5346,Berawan,wmo:None
dago,"Dago, Bandung",2026-09-17,32.73.02.1004,Dago,kelurahan,no,-6.889,107.61,Asia/Jakarta,"BMKG point: Dago, Coblong, Kota Bandung",17-09-2026,KMA,Open-Meteo / KMA,07:00,2026-09-17 07:00:00,,,,,0.0,0.5346,Berawan,wmo:None
dago,"Dago, Bandung",2026-09-17,32.73.02.1004,Dago,kelurahan,no,-6.889,107.61,Asia/Jakarta,"BMKG point: Dago, Coblong, Kota Bandung",17-09-2026,KMA,Open-Meteo / KMA,08:00,2026-09-17 08:00:00,,,,,0.0,0.5346,Berawan,wmo:None
dago,"Dago, Bandung",2026-09-17,32.73.02.1004,Dago,kelurahan,no,-6.889,107.61,Asia/Jakarta,"BMKG point: Dago, Coblong, Kota Bandung",17-09-2026,KMA,Open-Meteo / KMA,09:00,2026-09-17 09:00:00,,,,,0.0,0.5346,Berawan,wmo:None
dago,"Dago, Bandung",2026-09-17,32.73.02.1004,Dago,kelurahan,no,-6.889,107.61,Asia/Jakarta,"BMKG point: Dago, Coblong, Kota Bandung",17-09-2026,KMA,Open-Meteo / KMA,10:00,2026-09-17 10:00:00,,,,,0.0,0.5346,Berawan,wmo:None
dago,"Dago, Bandung",2026-09-17,32.73.02.1004,Dago,kelurahan,no,-6.889,107.61,Asia/Jakarta,"BMKG point: Dago, Coblong, Kota Bandung",17-09-2026,KMA,Open-Meteo / KMA,11:00,2026-09-17 11:00:00,,,,,0.0,0.5346,Berawan,wmo:None
dago,"Dago, Bandung",2026-09-17,32.73.02.1004,Dago,kelurahan,no,-6.889,107.61,Asia/Jakarta,"BMKG point: Dago, Coblong, Kota Bandung",17-09-2026,KMA,Open-Meteo / KMA,12:00,2026-09-17 12:00:00,,,,,0.0,0.5346,Berawan,wmo:None
dago,"Dago, Bandung",2026-09-17,32.73.02.1004,Dago,kelurahan,no,-6.889,107.61,Asia/Jakarta,"BMKG point: Dago, Coblong, Kota Bandung",17-09-2026,KMA,Open-Meteo / KMA,13:00,2026-09-17 13:00:00,,,,,0.0,0.5346,Berawan,wmo:None
dago,"Dago, Bandung",2026-09-17,32.73.02.1004,Dago,kelurahan,no,-6.889,107.61,Asia/Jakarta,"BMKG point: Dago, Coblong, Kota Bandung",17-09-2026,KMA,Open-Meteo / KMA,14:00,2026-09-17 14:00:00,,,,,0.0,0.5346,Berawan,wmo:None
dago,"Dago, Bandung",2026-09-17,32.73.02.1004,Dago,kelurahan,no,-6.889,107.61,Asia/Jakarta,"BMKG point: Dago, Coblong, Kota Bandung",17-09-2026,KMA,Open-Meteo / KMA,15:00,2026-09-17 15:00:00,,,,,0.0,0.5346,Berawan,wmo:None
dago,"Dago, Bandung",2026-09-17,32.73.02.1004,Dago,kelurahan,no,-6.889,107.61,Asia/Jakarta,"BMKG point: Dago, Coblong, Kota Bandung",17-09-2026,KMA,Open-Meteo / KMA,16:00,2026-09-17 16:00:00,,,,,0.0,0.5346,Berawan,wmo:None
dago,"Dago, Bandung",2026-09-17,32.73.02.1004,Dago,kelurahan,no,-6.889,107.61,Asia/Jakarta,"BMKG point: Dago, Coblong, Kota Bandung",17-09-2026,KMA,Open-Meteo / KMA,17:00,2026-09-17 17:00:00,,,,,0.0,0.5346,Berawan,wmo:None
dago,"Dago, Bandung",2026-09-17,32.73.02.1004,Dago,kelurahan,no,-6.889,107.61,Asia/Jakarta,"BMKG point: Dago, Coblong, Kota Bandung",17-09-2026,KMA,Open-Meteo / KMA,18:00,2026-09-17 18:00:00,,,,,0.0,0.5346,Berawan,wmo:None
dago,"Dago, Bandung",2026-09-17,32.73.02.1004,Dago,kelurahan,no,-6.889,107.61,Asia/Jakarta,"BMKG point: Dago, Coblong, Kota Bandung",17-09-2026,KMA,Open-Meteo / KMA,19:00,2026-09-17 19:00:00,,,,,0.0,0.5346,Berawan,wmo:None
dago,"Dago, Bandung",2026-09-17,32.73.02.1004,Dago,kelurahan,no,-6.889,107.61,Asia/Jakarta,"BMKG point: Dago, Coblong, Kota Bandung",17-09-2026,KMA,Open-Meteo / KMA,20:00,2026-09-17 20:00:00,,,,,0.0,0.5346,Berawan,wmo:None
dago,"Dago, Bandung",2026-09-17,32.73.02.1004,Dago,kelurahan,no,-6.889,107.61,Asia/Jakarta,"BMKG point: Dago, Coblong, Kota Bandung",17-09-2026,KMA,Open-Meteo / KMA,21:00,2026-09-17 21:00:00,,,,,0.0,0.5346,Berawan,wmo:None
dago,"Dago, Bandung",2026-09-17,32.73.02.1004,Dago,kelurahan,no,-6.889,107.61,Asia/Jakarta,"BMKG point: Dago, Coblong, Kota Bandung",17-09-2026,KMA,Open-Meteo / KMA,22:00,2026-09-17 22:00:00,,,,,0.0,0.5346,Berawan,wmo:None
dago,"Dago, Bandung",2026-09-17,32.73.02.1004,Dago,kelurahan,no,-6.889,107.61,Asia/Jakarta,"BMKG point: Dago, Coblong, Kota Bandung",17-09-2026,KMA,Open-Meteo / KMA,23:00,2026-09-17 23:00:00,,,,,0.0,0.5346,Berawan,wmo:None
dago,"Dago, Bandung",2026-09-17,32.73.02.1004,Dago,kelurahan,no,-6.889,107.61,Asia/Jakarta,"BMKG point: Dago, Coblong, Kota Bandung",17-09-2026,METEOFRANCE,Open-Meteo / Meteo-France,00:00,2026-09-17 00:00:00,24.8,87.0,0.0,0.4,0.0,1.4866,Cerah Berawan,wmo:1
dago,"Dago, Bandung",2026-09-17,32.73.02.1004,Dago,kelurahan,no,-6.889,107.61,Asia/Jakarta,"BMKG point: Dago, Coblong, Kota Bandung",17-09-2026,METEOFRANCE,Open-Meteo / Meteo-France,01:00,2026-09-17 01:00:00,24.8,85.0,0.0,1.5,0.0,1.4866,Cerah Berawan,wmo:1
dago,"Dago, Bandung",2026-09-17,32.73.02.1004,Dago,kelurahan,no,-6.889,107.61,Asia/Jakarta,"BMKG point: Dago, Coblong, Kota Bandung",17-09-2026,METEOFRANCE,Open-Meteo / Meteo-France,02:00,2026-09-17 02:00:00,24.7,84.0,0.0,2.3,0.0,1.4866,Cerah Berawan,wmo:1
dago,"Dago, Bandung",2026-09-17,32.73.02.1004,Dago,kelurahan,no,-6.889,107.61,Asia/Jakarta,"BMKG point: Dago, Coblong, Kota Bandung",17-09-2026,METEOFRANCE,Open-Meteo / Meteo-France,03:00,2026-09-17 03:00:00,24.5,85.0,0.0,1.8,0.0,1.4866,Cerah Berawan,wmo:1
dago,"Dago, Bandung",2026-09-17,32.73.02.1004,Dago,kelurahan,no,-6.889,107.61,Asia/Jakarta,"BMKG point: Dago, Coblong, Kota Bandung",17-09-2026,METEOFRANCE,Open-Meteo / Meteo-France,04:00,2026-09-17 04:00:00,24.2,87.0,0.0,1.1,0.0,1.4866,Cerah Berawan,wmo:1
dago,"Dago, Bandung",2026-09-17,32.73.02.1004,Dago,kelurahan,no,-6.889,107.61,Asia/Jakarta,"BMKG point: Dago, Coblong, Kota Bandung",17-09-2026,METEOFRANCE,Open-Meteo / Meteo-France,05:00,2026-09-17 05:00:00,23.9,89.0,0.0,1.0,0.0,1.4866,Cerah Berawan,wmo:1
dago,"Dago, Bandung",2026-09-17,32.73.02.1004,Dago,kelurahan,no,-6.889,107.61,Asia/Jakarta,"BMKG point: Dago, Coblong, Kota Bandung",17-09-2026,METEOFRANCE,Open-Meteo / Meteo-France,06:00,2026-09-17 06:00:00,23.7,90.0,0.0,2.5,0.0,1.4866,Cerah Berawan,wmo:1
dago,"Dago, Bandung",2026-09-17,32.73.02.1004,Dago,kelurahan,no,-6.889,107.61,Asia/Jakarta,"BMKG point: Dago, Coblong, Kota Bandung",17-09-2026,METEOFRANCE,Open-Meteo / Meteo-France,07:00,2026-09-17 07:00:00,24.7,85.0,0.0,2.3,0.0,1.4866,Cerah Berawan,wmo:1
dago,"Dago, Bandung",2026-09-17,32.73.02.1004,Dago,kelurahan,no,-6.889,107.61,Asia/Jakarta,"BMKG point: Dago, Coblong, Kota Bandung",17-09-2026,METEOFRANCE,Open-Meteo / Meteo-France,08:00,2026-09-17 08:00:00,26.6,73.0,0.0,2.1,0.0,1.4866,Cerah Berawan,wmo:1
dago,"Dago, Bandung",2026-09-17,32.73.02.1004,Dago,kelurahan,no,-6.889,107.61,Asia/Jakarta,"BMKG point: Dago, Coblong, Kota Bandung",17-09-2026,METEOFRANCE,Open-Meteo / Meteo-France,09:00,2026-09-17 09:00:00,28.6,63.0,0.0,2.6,0.0,1.4866,Cerah Berawan,wmo:1
dago,"Dago, Bandung",2026-09-17,32.73.02.1004,Dago,kelurahan,no,-6.889,107.61,Asia/Jakarta,"BMKG point: Dago, Coblong, Kota Bandung",17-09-2026,METEOFRANCE,Open-Meteo / Meteo-France,10:00,2026-09-17 10:00:00,31.1,51.0,0.0,7.5,0.0,1.4866,Cerah Berawan,wmo:1
dago,"Dago, Bandung",2026-09-17,32.73.02.1004,Dago,kelurahan,no,-6.889,107.61,Asia/Jakarta,"BMKG point: Dago, Coblong, Kota Bandung",17-09-2026,METEOFRANCE,Open-Meteo / Meteo-France,11:00,2026-09-17 11:00:00,32.8,45.0,0.0,10.9,0.0,1.4866,Cerah,wmo:0
dago,"Dago, Bandung",2026-09-17,32.73.02.1004,Dago,kelurahan,no,-6.889,107.61,Asia/Jakarta,"BMKG point: Dago, Coblong, Kota Bandung",17-09-2026,METEOFRANCE,Open-Meteo / Meteo-France,12:00,2026-09-17 12:00:00,33.7,42.0,0.0,12.7,0.0,1.4866,Cerah Berawan,wmo:1
dago,"Dago, Bandung",2026-09-17,32.73.02.1004,Dago,kelurahan,no,-6.889,107.61,Asia/Jakarta,"BMKG point: Dago, Coblong, Kota Bandung",17-09-2026,METEOFRANCE,Open-Meteo / Meteo-France,13:00,2026-09-17 13:00:00,34.2,41.0,0.0,13.8,0.0,1.4866,Cerah Berawan,wmo:1
dago,"Dago, Bandung",2026-09-17,32.73.02.1004,Dago,kelurahan,no,-6.889,107.61,Asia/Jakarta,"BMKG point: Dago, Coblong, Kota Bandung",17-09-2026,METEOFRANCE,Open-Meteo / Meteo-France,14:00,2026-09-17 14:00:00,34.3,41.0,0.0,13.4,0.0,1.4866,Cerah Berawan,wmo:1
dago,"Dago, Bandung",2026-09-17,32.73.02.1004,Dago,kelurahan,no,-6.889,107.61,Asia/Jakarta,"BMKG point: Dago, Coblong, Kota Bandung",17-09-2026,METEOFRANCE,Open-Meteo / Meteo-France,15:00,2026-09-17 15:00:00,34.0,42.0,0.0,13.5,0.0,1.4866,Cerah Berawan,wmo:1
dago,"Dago, Bandung",2026-09-17,32.73.02.1004,Dago,kelurahan,no,-6.889,107.61,Asia/Jakarta,"BMKG point: Dago, Coblong, Kota Bandung",17-09-2026,METEOFRANCE,Open-Meteo / Meteo-France,16:00,2026-09-17 16:00:00,33.1,45.0,0.0,13.4,0.0,1.4866,Cerah Berawan,wmo:1
dago,"Dago, Bandung",2026-09-17,32.73.02.1004,Dago,kelurahan,no,-6.889,107.61,Asia/Jakarta,"BMKG point: Dago, Coblong, Kota Bandung",17-09-2026,METEOFRANCE,Open-Meteo / Meteo-France,17:00,2026-09-17 17:00:00,31.8,50.0,0.0,12.1,0.0,1.4866,Cerah Berawan,wmo:2
dago,"Dago, Bandung",2026-09-17,32.73.02.1004,Dago,kelurahan,no,-6.889,107.61,Asia/Jakarta,"BMKG point: Dago, Coblong, Kota Bandung",17-09-2026,METEOFRANCE,Open-Meteo / Meteo-France,18:00,2026-09-17 18:00:00,30.2,57.0,0.0,11.5,0.0,1.4866,Berawan,wmo:3
dago,"Dago, Bandung",2026-09-17,32.73.02.1004,Dago,kelurahan,no,-6.889,107.61,Asia/Jakarta,"BMKG point: Dago, Coblong, Kota Bandung",17-09-2026,METEOFRANCE,Open-Meteo / Meteo-France,19:00,2026-09-17 19:00:00,28.5,68.0,0.0,10.0,0.0,1.4866,Cerah Berawan,wmo:2
dago,"Dago, Bandung",2026-09-17,32.73.02.1004,Dago,kelurahan,no,-6.889,107.61,Asia/Jakarta,"BMKG point: Dago, Coblong, Kota Bandung",17-09-2026,METEOFRANCE,Open-Meteo / Meteo-France,20:00,2026-09-17 20:00:00,27.2,76.0,0.0,7.0,0.0,1.4866,Berawan,wmo:3
dago,"Dago, Bandung",2026-09-17,32.73.02.1004,Dago,kelurahan,no,-6.889,107.61,Asia/Jakarta,"BMKG point: Dago, Coblong, Kota Bandung",17-09-2026,METEOFRANCE,Open-Meteo / Meteo-France,21:00,2026-09-17 21:00:00,26.7,79.0,0.0,5.1,0.0,1.4866,Cerah Berawan,wmo:2
dago,"Dago, Bandung",2026-09-17,32.73.02.1004,Dago,kelurahan,no,-6.889,107.61,Asia/Jakarta,"BMKG point: Dago, Coblong, Kota Bandung",17-09-2026,METEOFRANCE,Open-Meteo / Meteo-France,22:00,2026-09-17 22:00:00,26.4,81.0,0.0,4.0,0.0,1.4866,Berawan,wmo:3
dago,"Dago, Bandung",2026-09-17,32.73.02.1004,Dago,kelurahan,no,-6.889,107.61,Asia/Jakarta,"BMKG point: Dago, Coblong, Kota Bandung",17-09-2026,METEOFRANCE,Open-Meteo / Meteo-France,23:00,2026-09-17 23:00:00,26.2,83.0,0.0,3.7,0.0,1.4866,Berawan,wmo:3
dago,"Dago, Bandung",2026-09-17,32.73.02.1004,Dago,kelurahan,no,-6.889,107.61,Asia/Jakarta,"BMKG point: Dago, Coblong, Kota Bandung",17-09-2026,METNO,MET Norway,00:00,2026-09-17 00:00:00,21.5,73.7,0.0,6.12,0.0,1.3263,Cerah Berawan,fair_night
dago,"Dago, Bandung",2026-09-17,32.73.02.1004,Dago,kelurahan,no,-6.889,107.61,Asia/Jakarta,"BMKG point: Dago, Coblong, Kota Bandung",17-09-2026,METNO,MET Norway,01:00,2026-09-17 01:00:00,20.9,73.3,0.0,7.56,0.0,1.3263,Cerah,clearsky_night
dago,"Dago, Bandung",2026-09-17,32.73.02.1004,Dago,kelurahan,no,-6.889,107.61,Asia/Jakarta,"BMKG point: Dago, Coblong, Kota Bandung",17-09-2026,METNO,MET Norway,02:00,2026-09-17 02:00:00,20.3,72.7,0.0,7.92,0.0,1.3263,Cerah,clearsky_night
dago,"Dago, Bandung",2026-09-17,32.73.02.1004,Dago,kelurahan,no,-6.889,107.61,Asia/Jakarta,"BMKG point: Dago, Coblong, Kota Bandung",17-09-2026,METNO,MET Norway,03:00,2026-09-17 03:00:00,19.9,72.4,0.0,7.2,0.0,1.3263,Cerah Berawan,fair_night
dago,"Dago, Bandung",2026-09-17,32.73.02.1004,Dago,kelurahan,no,-6.889,107.61,Asia/Jakarta,"BMKG point: Dago, Coblong, Kota Bandung",17-09-2026,METNO,MET Norway,04:00,2026-09-17 04:00:00,19.6,69.5,0.0,6.12,0.0,1.3263,Cerah Berawan,partlycloudy_night
dago,"Dago, Bandung",2026-09-17,32.73.02.1004,Dago,kelurahan,no,-6.889,107.61,Asia/Jakarta,"BMKG point: Dago, Coblong, Kota Bandung",17-09-2026,METNO,MET Norway,05:00,2026-09-17 05:00:00,19.4,66.0,0.0,6.12,0.0,1.3263,Cerah Berawan,partlycloudy_night
dago,"Dago, Bandung",2026-09-17,32.73.02.1004,Dago,kelurahan,no,-6.889,107.61,Asia/Jakarta,"BMKG point: Dago, Coblong, Kota Bandung",17-09-2026,METNO,MET Norway,06:00,2026-09-17 06:00:00,19.3,65.6,0.0,5.4,0.0,1.3263,Cerah Berawan,partlycloudy_day
dago,"Dago, Bandung",2026-09-17,32.73.02.1004,Dago,kelurahan,no,-6.889,107.61,Asia/Jakarta,"BMKG point: Dago, Coblong, Kota Bandung",17-09-2026,METNO,MET Norway,07:00,2026-09-17 07:00:00,20.8,61.0,0.0,6.84,0.0,1.3263,Cerah Berawan,fair_day
dago,"Dago, Bandung",2026-09-17,32.73.02.1004,Dago,kelurahan,no,-6.889,107.61,Asia/Jakarta,"BMKG point: Dago, Coblong, Kota Bandung",17-09-2026,METNO,MET Norway,08:00,2026-09-17 08:00:00,22.9,55.2,0.0,6.84,0.0,1.3263,Cerah Berawan,fair_day
dago,"Dago, Bandung",2026-09-17,32.73.02.1004,Dago,kelurahan,no,-6.889,107.61,Asia/Jakarta,"BMKG point: Dago, Coblong, Kota Bandung",17-09-2026,METNO,MET Norway,09:00,2026-09-17 09:00:00,25.3,49.0,0.0,5.76,0.0,1.3263,Cerah Berawan,partlycloudy_day
dago,"Dago, Bandung",2026-09-17,32.73.02.1004,Dago,kelurahan,no,-6.889,107.61,Asia/Jakarta,"BMKG point: Dago, Coblong, Kota Bandung",17-09-2026,METNO,MET Norway,10:00,2026-09-17 10:00:00,27.7,43.0,0.0,7.2,0.0,1.3263,Cerah Berawan,fair_day
dago,"Dago, Bandung",2026-09-17,32.73.02.1004,Dago,kelurahan,no,-6.889,107.61,Asia/Jakarta,"BMKG point: Dago, Coblong, Kota Bandung",17-09-2026,METNO,MET Norway,11:00,2026-09-17 11:00:00,29.1,40.3,0.3,10.08,0.0,1.3263,Hujan Ringan,rainshowers_day
dago,"Dago, Bandung",2026-09-17,32.73.02.1004,Dago,kelurahan,no,-6.889,107.61,Asia/Jakarta,"BMKG point: Dago, Coblong, Kota Bandung",17-09-2026,METNO,MET Norway,12:00,2026-09-17 12:00:00,29.3,43.2,0.2,10.8,0.0,1.3263,Hujan Ringan,lightrainshowers_day
dago,"Dago, Bandung",2026-09-17,32.73.02.1004,Dago,kelurahan,no,-6.889,107.61,Asia/Jakarta,"BMKG point: Dago, Coblong, Kota Bandung",17-09-2026,METNO,MET Norway,13:00,2026-09-17 13:00:00,29.7,43.7,0.0,13.68,0.0,1.3263,Cerah Berawan,fair_day
dago,"Dago, Bandung",2026-09-17,32.73.02.1004,Dago,kelurahan,no,-6.889,107.61,Asia/Jakarta,"BMKG point: Dago, Coblong, Kota Bandung",17-09-2026,METNO,MET Norway,14:00,2026-09-17 14:00:00,29.8,43.6,0.3,13.68,0.0,1.3263,Hujan Ringan,rainshowers_day
dago,"Dago, Bandung",2026-09-17,32.73.02.1004,Dago,kelurahan,no,-6.889,107.61,Asia/Jakarta,"BMKG point: Dago, Coblong, Kota Bandung",17-09-2026,METNO,MET Norway,15:00,2026-09-17 15:00:00,29.4,44.1,0.5,14.04,0.0,1.3263,Hujan Ringan,rainshowers_day
dago,"Dago, Bandung",2026-09-17,32.73.02.1004,Dago,kelurahan,no,-6.889,107.61,Asia/Jakarta,"BMKG point: Dago, Coblong, Kota Bandung",17-09-2026,METNO,MET Norway,16:00,2026-09-17 16:00:00,28.1,49.8,0.4,14.04,0.0,1.3263,Hujan Ringan,rainshowers_day
dago,"Dago, Bandung",2026-09-17,32.73.02.1004,Dago,kelurahan,no,-6.889,107.61,Asia/Jakarta,"BMKG point: Dago, Coblong, Kota Bandung",17-09-2026,METNO,MET Norway,17:00,2026-09-17 17:00:00,26.7,55.4,0.0,11.52,0.0,1.3263,Cerah Berawan,partlycloudy_day
dago,"Dago, Bandung",2026-09-17,32.73.02.1004,Dago,kelurahan,no,-6.889,107.61,Asia/Jakarta,"BMKG point: Dago, Coblong, Kota Bandung",17-09-2026,METNO,MET Norway,18:00,2026-09-17 18:00:00,25.4,63.3,0.0,9.72,0.0,1.3263,Cerah Berawan,partlycloudy_night
dago,"Dago, Bandung",2026-09-17,32.73.02.1004,Dago,kelurahan,no,-6.889,107.61,Asia/Jakarta,"BMKG point: Dago, Coblong, Kota Bandung",17-09-2026,METNO,MET Norway,19:00,2026-09-17 19:00:00,24.5,70.1,0.0,9.0,0.0,1.3263,Cerah Berawan,fair_night
dago,"Dago, Bandung",2026-09-17,32.73.02.1004,Dago,kelurahan,no,-6.889,107.61,Asia/Jakarta,"BMKG point: Dago, Coblong, Kota Bandung",17-09-2026,METNO,MET Norway,20:00,2026-09-17 20:00:00,23.8,73.5,0.2,6.84,0.0,1.3263,Hujan Ringan,lightrain
dago,"Dago, Bandung",2026-09-17,32.73.02.1004,Dago,kelurahan,no,-6.889,107.61,Asia/Jakarta,"BMKG point: Dago, Coblong, Kota Bandung",17-09-2026,METNO,MET Norway,21:00,2026-09-17 21:00:00,23.4,74.7,0.2,5.76,0.0,1.3263,Hujan Ringan,lightrain
dago,"Dago, Bandung",2026-09-17,32.73.02.1004,Dago,kelurahan,no,-6.889,107.61,Asia/Jakarta,"BMKG point: Dago, Coblong, Kota Bandung",17-09-2026,METNO,MET Norway,22:00,2026-09-17 22:00:00,23.0,76.0,0.0,4.68,0.0,1.3263,Cerah Berawan,partlycloudy_night
dago,"Dago, Bandung",2026-09-17,32.73.02.1004,Dago,kelurahan,no,-6.889,107.61,Asia/Jakarta,"BMKG point: Dago, Coblong, Kota Bandung",17-09-2026,METNO,MET Norway,23:00,2026-09-17 23:00:00,22.6,76.7,0.0,5.04,0.0,1.3263,Cerah Berawan,partlycloudy_night
dago,"Dago, Bandung",2026-09-17,32.73.02.1004,Dago,kelurahan,no,-6.889,107.61,Asia/Jakarta,"BMKG point: Dago, Coblong, Kota Bandung",17-09-2026,UKMO,Open-Meteo / UK Met Office,00:00,2026-09-17 00:00:00,20.7,79.0,0.0,4.7,0.0,1.3139,Cerah,wmo:0
dago,"Dago, Bandung",2026-09-17,32.73.02.1004,Dago,kelurahan,no,-6.889,107.61,Asia/Jakarta,"BMKG point: Dago, Coblong, Kota Bandung",17-09-2026,UKMO,Open-Meteo / UK Met Office,01:00,2026-09-17 01:00:00,20.2,79.0,0.0,4.7,0.0,1.3139,Cerah,wmo:0
dago,"Dago, Bandung",2026-09-17,32.73.02.1004,Dago,kelurahan,no,-6.889,107.61,Asia/Jakarta,"BMKG point: Dago, Coblong, Kota Bandung",17-09-2026,UKMO,Open-Meteo / UK Met Office,02:00,2026-09-17 02:00:00,19.7,79.0,0.0,4.3,0.0,1.3139,Cerah,wmo:0
dago,"Dago, Bandung",2026-09-17,32.73.02.1004,Dago,kelurahan,no,-6.889,107.61,Asia/Jakarta,"BMKG point: Dago, Coblong, Kota Bandung",17-09-2026,UKMO,Open-Meteo / UK Met Office,03:00,2026-09-17 03:00:00,19.3,81.0,0.0,4.0,0.0,1.3139,Cerah,wmo:0
dago,"Dago, Bandung",2026-09-17,32.73.02.1004,Dago,kelurahan,no,-6.889,107.61,Asia/Jakarta,"BMKG point: Dago, Coblong, Kota Bandung",17-09-2026,UKMO,Open-Meteo / UK Met Office,04:00,2026-09-17 04:00:00,18.9,81.0,0.0,3.6,0.0,1.3139,Cerah,wmo:0
dago,"Dago, Bandung",2026-09-17,32.73.02.1004,Dago,kelurahan,no,-6.889,107.61,Asia/Jakarta,"BMKG point: Dago, Coblong, Kota Bandung",17-09-2026,UKMO,Open-Meteo / UK Met Office,05:00,2026-09-17 05:00:00,18.6,80.0,0.0,4.7,0.0,1.3139,Cerah,wmo:0
dago,"Dago, Bandung",2026-09-17,32.73.02.1004,Dago,kelurahan,no,-6.889,107.61,Asia/Jakarta,"BMKG point: Dago, Coblong, Kota Bandung",17-09-2026,UKMO,Open-Meteo / UK Met Office,06:00,2026-09-17 06:00:00,18.5,80.0,0.0,4.0,0.0,1.3139,Cerah,wmo:0
dago,"Dago, Bandung",2026-09-17,32.73.02.1004,Dago,kelurahan,no,-6.889,107.61,Asia/Jakarta,"BMKG point: Dago, Coblong, Kota Bandung",17-09-2026,UKMO,Open-Meteo / UK Met Office,07:00,2026-09-17 07:00:00,19.8,73.0,0.0,4.3,0.0,1.3139,Cerah,wmo:0
dago,"Dago, Bandung",2026-09-17,32.73.02.1004,Dago,kelurahan,no,-6.889,107.61,Asia/Jakarta,"BMKG point: Dago, Coblong, Kota Bandung",17-09-2026,UKMO,Open-Meteo / UK Met Office,08:00,2026-09-17 08:00:00,21.5,65.0,0.0,5.8,0.0,1.3139,Cerah,wmo:0
dago,"Dago, Bandung",2026-09-17,32.73.02.1004,Dago,kelurahan,no,-6.889,107.61,Asia/Jakarta,"BMKG point: Dago, Coblong, Kota Bandung",17-09-2026,UKMO,Open-Meteo / UK Met Office,09:00,2026-09-17 09:00:00,23.3,58.0,0.0,5.8,0.0,1.3139,Cerah,wmo:0
dago,"Dago, Bandung",2026-09-17,32.73.02.1004,Dago,kelurahan,no,-6.889,107.61,Asia/Jakarta,"BMKG point: Dago, Coblong, Kota Bandung",17-09-2026,UKMO,Open-Meteo / UK Met Office,10:00,2026-09-17 10:00:00,25.1,52.0,0.0,3.6,0.0,1.3139,Cerah,wmo:0
dago,"Dago, Bandung",2026-09-17,32.73.02.1004,Dago,kelurahan,no,-6.889,107.61,Asia/Jakarta,"BMKG point: Dago, Coblong, Kota Bandung",17-09-2026,UKMO,Open-Meteo / UK Met Office,11:00,2026-09-17 11:00:00,26.9,47.0,0.0,2.2,0.0,1.3139,Cerah Berawan,wmo:1
dago,"Dago, Bandung",2026-09-17,32.73.02.1004,Dago,kelurahan,no,-6.889,107.61,Asia/Jakarta,"BMKG point: Dago, Coblong, Kota Bandung",17-09-2026,UKMO,Open-Meteo / UK Met Office,12:00,2026-09-17 12:00:00,28.4,43.0,0.0,5.0,0.0,1.3139,Berawan,wmo:3
dago,"Dago, Bandung",2026-09-17,32.73.02.1004,Dago,kelurahan,no,-6.889,107.61,Asia/Jakarta,"BMKG point: Dago, Coblong, Kota Bandung",17-09-2026,UKMO,Open-Meteo / UK Met Office,13:00,2026-09-17 13:00:00,28.1,48.0,0.1,4.7,0.0,1.3139,Hujan Ringan,wmo:51
dago,"Dago, Bandung",2026-09-17,32.73.02.1004,Dago,kelurahan,no,-6.889,107.61,Asia/Jakarta,"BMKG point: Dago, Coblong, Kota Bandung",17-09-2026,UKMO,Open-Meteo / UK Met Office,14:00,2026-09-17 14:00:00,29.7,41.0,0.0,7.6,0.0,1.3139,Berawan,wmo:3
dago,"Dago, Bandung",2026-09-17,32.73.02.1004,Dago,kelurahan,no,-6.889,107.61,Asia/Jakarta,"BMKG point: Dago, Coblong, Kota Bandung",17-09-2026,UKMO,Open-Meteo / UK Met Office,15:00,2026-09-17 15:00:00,29.2,45.0,0.2,8.6,0.0,1.3139,Hujan Ringan,wmo:51
dago,"Dago, Bandung",2026-09-17,32.73.02.1004,Dago,kelurahan,no,-6.889,107.61,Asia/Jakarta,"BMKG point: Dago, Coblong, Kota Bandung",17-09-2026,UKMO,Open-Meteo / UK Met Office,16:00,2026-09-17 16:00:00,28.1,50.0,0.0,11.2,0.0,1.3139,Cerah Berawan,wmo:1
dago,"Dago, Bandung",2026-09-17,32.73.02.1004,Dago,kelurahan,no,-6.889,107.61,Asia/Jakarta,"BMKG point: Dago, Coblong, Kota Bandung",17-09-2026,UKMO,Open-Meteo / UK Met Office,17:00,2026-09-17 17:00:00,27.0,56.0,0.0,10.8,0.0,1.3139,Cerah Berawan,wmo:1
dago,"Dago, Bandung",2026-09-17,32.73.02.1004,Dago,kelurahan,no,-6.889,107.61,Asia/Jakarta,"BMKG point: Dago, Coblong, Kota Bandung",17-09-2026,UKMO,Open-Meteo / UK Met Office,18:00,2026-09-17 18:00:00,25.6,61.0,0.0,6.8,0.0,1.3139,Cerah,wmo:0
dago,"Dago, Bandung",2026-09-17,32.73.02.1004,Dago,kelurahan,no,-6.889,107.61,Asia/Jakarta,"BMKG point: Dago, Coblong, Kota Bandung",17-09-2026,UKMO,Open-Meteo / UK Met Office,19:00,2026-09-17 19:00:00,24.4,69.0,0.0,5.0,0.0,1.3139,Cerah Berawan,wmo:1
dago,"Dago, Bandung",2026-09-17,32.73.02.1004,Dago,kelurahan,no,-6.889,107.61,Asia/Jakarta,"BMKG point: Dago, Coblong, Kota Bandung",17-09-2026,UKMO,Open-Meteo / UK Met Office,20:00,2026-09-17 20:00:00,23.8,73.0,0.1,6.8,0.0,1.3139,Hujan Ringan,wmo:51
dago,"Dago, Bandung",2026-09-17,32.73.02.1004,Dago,kelurahan,no,-6.889,107.61,Asia/Jakarta,"BMKG point: Dago, Coblong, Kota Bandung",17-09-2026,UKMO,Open-Meteo / UK Met Office,21:00,2026-09-17 21:00:00,22.7,81.0,0.3,5.4,0.0,1.3139,Hujan Ringan,wmo:51
dago,"Dago, Bandung",2026-09-17,32.73.02.1004,Dago,kelurahan,no,-6.889,107.61,Asia/Jakarta,"BMKG point: Dago, Coblong, Kota Bandung",17-09-2026,UKMO,Open-Meteo / UK Met Office,22:00,2026-09-17 22:00:00,22.3,84.0,0.2,3.2,0.0,1.3139,Hujan Ringan,wmo:51
dago,"Dago, Bandung",2026-09-17,32.73.02.1004,Dago,kelurahan,no,-6.889,107.61,Asia/Jakarta,"BMKG point: Dago, Coblong, Kota Bandung",17-09-2026,UKMO,Open-Meteo / UK Met Office,23:00,2026-09-17 23:00:00,22.1,85.0,0.0,1.4,0.0,1.3139,Berawan,wmo:3
dago,"Dago, Bandung",2026-09-18,32.73.02.1004,Dago,kelurahan,no,-6.889,107.61,Asia/Jakarta,"BMKG point: Dago, Coblong, Kota Bandung",18-09-2026,BMKG,BMKG,00:00,2026-09-18 01:00:00,20.0,91.0,0.0,3.5,60.0,1.2466,Cerah,Cerah
dago,"Dago, Bandung",2026-09-18,32.73.02.1004,Dago,kelurahan,no,-6.889,107.61,Asia/Jakarta,"BMKG point: Dago, Coblong, Kota Bandung",18-09-2026,BMKG,BMKG,01:00,2026-09-18 01:00:00,20.0,91.0,0.0,3.5,0.0,1.6621,Cerah,Cerah
dago,"Dago, Bandung",2026-09-18,32.73.02.1004,Dago,kelurahan,no,-6.889,107.61,Asia/Jakarta,"BMKG point: Dago, Coblong, Kota Bandung",18-09-2026,BMKG,BMKG,02:00,2026-09-18 01:00:00,20.0,91.0,0.0,3.5,60.0,1.2466,Cerah,Cerah
dago,"Dago, Bandung",2026-09-18,32.73.02.1004,Dago,kelurahan,no,-6.889,107.61,Asia/Jakarta,"BMKG point: Dago, Coblong, Kota Bandung",18-09-2026,BMKG,BMKG,03:00,2026-09-18 04:00:00,19.0,94.0,0.0,3.1,60.0,1.2466,Cerah,Cerah
dago,"Dago, Bandung",2026-09-18,32.73.02.1004,Dago,kelurahan,no,-6.889,107.61,Asia/Jakarta,"BMKG point: Dago, Coblong, Kota Bandung",18-09-2026,BMKG,BMKG,04:00,2026-09-18 04:00:00,19.0,94.0,0.0,3.1,0.0,1.6621,Cerah,Cerah
dago,"Dago, Bandung",2026-09-18,32.73.02.1004,Dago,kelurahan,no,-6.889,107.61,Asia/Jakarta,"BMKG point: Dago, Coblong, Kota Bandung",18-09-2026,BMKG,BMKG,05:00,2026-09-18 04:00:00,19.0,94.0,0.0,3.1,60.0,1.2466,Cerah,Cerah
dago,"Dago, Bandung",2026-09-18,32.73.02.1004,Dago,kelurahan,no,-6.889,107.61,Asia/Jakarta,"BMKG point: Dago, Coblong, Kota Bandung",18-09-2026,BMKG,BMKG,06:00,2026-09-18 07:00:00,22.0,74.0,0.0,2.6,60.0,1.2466,Cerah,Cerah
dago,"Dago, Bandung",2026-09-18,32.73.02.1004,Dago,kelurahan,no,-6.889,107.61,Asia/Jakarta,"BMKG point: Dago, Coblong, Kota Bandung",18-09-2026,BMKG,BMKG,07:00,2026-09-18 07:00:00,22.0,74.0,0.0,2.6,0.0,1.6621,Cerah,Cerah
dago,"Dago, Bandung",2026-09-18,32.73.02.1004,Dago,kelurahan,no,-6.889,107.61,Asia/Jakarta,"BMKG point: Dago, Coblong, Kota Bandung",18-09-2026,BMKG,BMKG,08:00,2026-09-18 07:00:00,22.0,74.0,0.0,2.6,60.0,1.2466,Cerah,Cerah
dago,"Dago, Bandung",2026-09-18,32.73.02.1004,Dago,kelurahan,no,-6.889,107.61,Asia/Jakarta,"BMKG point: Dago, Coblong, Kota Bandung",18-09-2026,BMKG,BMKG,09:00,2026-09-18 10:00:00,26.0,62.0,0.0,4.2,60.0,1.2466,Cerah Berawan,Cerah Berawan
dago,"Dago, Bandung",2026-09-18,32.73.02.1004,Dago,kelurahan,no,-6.889,107.61,Asia/Jakarta,"BMKG point: Dago, Coblong, Kota Bandung",18-09-2026,BMKG,BMKG,10:00,2026-09-18 10:00:00,26.0,62.0,0.0,4.2,0.0,1.6621,Cerah Berawan,Cerah Berawan
dago,"Dago, Bandung",2026-09-18,32.73.02.1004,Dago,kelurahan,no,-6.889,107.61,Asia/Jakarta,"BMKG point: Dago, Coblong, Kota Bandung",18-09-2026,BMKG,BMKG,11:00,2026-09-18 10:00:00,26.0,62.0,0.0,4.2,60.0,1.2466,Cerah Berawan,Cerah Berawan
dago,"Dago, Bandung",2026-09-18,32.73.02.1004,Dago,kelurahan,no,-6.889,107.61,Asia/Jakarta,"BMKG point: Dago, Coblong, Kota Bandung",18-09-2026,BMKG,BMKG,12:00,2026-09-18 13:00:00,25.0,68.0,1.5,6.4,60.0,1.2466,Hujan Ringan,Hujan Ringan
dago,"Dago, Bandung",2026-09-18,32.73.02.1004,Dago,kelurahan,no,-6.889,107.61,Asia/Jakarta,"BMKG point: Dago, Coblong, Kota Bandung",18-09-2026,BMKG,BMKG,13:00,2026-09-18 13:00:00,25.0,68.0,1.5,6.4,0.0,1.6621,Hujan Ringan,Hujan Ringan
dago,"Dago, Bandung",2026-09-18,32.73.02.1004,Dago,kelurahan,no,-6.889,107.61,Asia/Jakarta,"BMKG point: Dago, Coblong, Kota Bandung",18-09-2026,BMKG,BMKG,14:00,2026-09-18 13:00:00,25.0,68.0,1.5,6.4,60.0,1.2466,Hujan Ringan,Hujan Ringan
dago,"Dago, Bandung",2026-09-18,32.73.02.1004,Dago,kelurahan,no,-6.889,107.61,Asia/Jakarta,"BMKG point: Dago, Coblong, Kota Bandung",18-09-2026,BMKG,BMKG,15:00,2026-09-18 16:00:00,22.0,87.0,1.5,7.2,60.0,1.2466,Hujan Ringan,Hujan Ringan
dago,"Dago, Bandung",2026-09-18,32.73.02.1004,Dago,kelurahan,no,-6.889,107.61,Asia/Jakarta,"BMKG point: Dago, Coblong, Kota Bandung",18-09-2026,BMKG,BMKG,16:00,2026-09-18 16:00:00,22.0,87.0,1.5,7.2,0.0,1.6621,Hujan Ringan,Hujan Ringan
dago,"Dago, Bandung",2026-09-18,32.73.02.1004,Dago,kelurahan,no,-6.889,107.61,Asia/Jakarta,"BMKG point: Dago, Coblong, Kota Bandung",18-09-2026,BMKG,BMKG,17:00,2026-09-18 16:00:00,22.0,87.0,1.5,7.2,60.0,1.2466,Hujan Ringan,Hujan Ringan
dago,"Dago, Bandung",2026-09-18,32.73.02.1004,Dago,kelurahan,no,-6.889,107.61,Asia/Jakarta,"BMKG point: Dago, Coblong, Kota Bandung",18-09-2026,BMKG,BMKG,18:00,2026-09-18 19:00:00,21.0,91.0,0.0,1.2,60.0,1.2466,Cerah Berawan,Cerah Berawan
dago,"Dago, Bandung",2026-09-18,32.73.02.1004,Dago,kelurahan,no,-6.889,107.61,Asia/Jakarta,"BMKG point: Dago, Coblong, Kota Bandung",18-09-2026,BMKG,BMKG,19:00,2026-09-18 19:00:00,21.0,91.0,0.0,1.2,0.0,1.6621,Cerah Berawan,Cerah Berawan
dago,"Dago, Bandung",2026-09-18,32.73.02.1004,Dago,kelurahan,no,-6.889,107.61,Asia/Jakarta,"BMKG point: Dago, Coblong, Kota Bandung",18-09-2026,BMKG,BMKG,20:00,2026-09-18 19:00:00,21.0,91.0,0.0,1.2,60.0,1.2466,Cerah Berawan,Cerah Berawan
dago,"Dago, Bandung",2026-09-18,32.73.02.1004,Dago,kelurahan,no,-6.889,107.61,Asia/Jakarta,"BMKG point: Dago, Coblong, Kota Bandung",18-09-2026,BMKG,BMKG,21:00,2026-09-18 22:00:00,20.0,96.0,0.0,0.8,60.0,1.2466,Berawan,Berawan
dago,"Dago, Bandung",2026-09-18,32.73.02.1004,Dago,kelurahan,no,-6.889,107.61,Asia/Jakarta,"BMKG point: Dago, Coblong, Kota Bandung",18-09-2026,BMKG,BMKG,22:00,2026-09-18 22:00:00,20.0,96.0,0.0,0.8,0.0,1.6621,Berawan,Berawan
dago,"Dago, Bandung",2026-09-18,32.73.02.1004,Dago,kelurahan,no,-6.889,107.61,Asia/Jakarta,"BMKG point: Dago, Coblong, Kota Bandung",18-09-2026,BMKG,BMKG,23:00,2026-09-18 22:00:00,20.0,96.0,0.0,0.8,60.0,1.2466,Berawan,Berawan
dago,"Dago, Bandung",2026-09-18,32.73.02.1004,Dago,kelurahan,no,-6.889,107.61,Asia/Jakarta,"BMKG point: Dago, Coblong, Kota Bandung",18-09-2026,CMA,Open-Meteo / CMA GRAPES,00:00,2026-09-18 00:00:00,21.4,96.0,0.0,1.5,0.0,1.1281,Berawan,wmo:45
dago,"Dago, Bandung",2026-09-18,32.73.02.1004,Dago,kelurahan,no,-6.889,107.61,Asia/Jakarta,"BMKG point: Dago, Coblong, Kota Bandung",18-09-2026,CMA,Open-Meteo / CMA GRAPES,01:00,2026-09-18 01:00:00,21.5,95.0,0.0,2.9,0.0,1.1281,Berawan,wmo:45
dago,"Dago, Bandung",2026-09-18,32.73.02.1004,Dago,kelurahan,no,-6.889,107.61,Asia/Jakarta,"BMKG point: Dago, Coblong, Kota Bandung",18-09-2026,CMA,Open-Meteo / CMA GRAPES,02:00,2026-09-18 02:00:00,21.5,94.0,0.0,3.2,0.0,1.1281,Cerah Berawan,wmo:1
dago,"Dago, Bandung",2026-09-18,32.73.02.1004,Dago,kelurahan,no,-6.889,107.61,Asia/Jakarta,"BMKG point: Dago, Coblong, Kota Bandung",18-09-2026,CMA,Open-Meteo / CMA GRAPES,03:00,2026-09-18 03:00:00,21.6,92.0,0.0,3.0,0.0,1.1281,Cerah Berawan,wmo:1
dago,"Dago, Bandung",2026-09-18,32.73.02.1004,Dago,kelurahan,no,-6.889,107.61,Asia/Jakarta,"BMKG point: Dago, Coblong, Kota Bandung",18-09-2026,CMA,Open-Meteo / CMA GRAPES,04:00,2026-09-18 04:00:00,21.6,91.0,0.0,2.3,0.0,1.1281,Cerah Berawan,wmo:2
dago,"Dago, Bandung",2026-09-18,32.73.02.1004,Dago,kelurahan,no,-6.889,107.61,Asia/Jakarta,"BMKG point: Dago, Coblong, Kota Bandung",18-09-2026,CMA,Open-Meteo / CMA GRAPES,05:00,2026-09-18 05:00:00,21.6,91.0,0.0,1.1,0.0,1.1281,Cerah Berawan,wmo:1
dago,"Dago, Bandung",2026-09-18,32.73.02.1004,Dago,kelurahan,no,-6.889,107.61,Asia/Jakarta,"BMKG point: Dago, Coblong, Kota Bandung",18-09-2026,CMA,Open-Meteo / CMA GRAPES,06:00,2026-09-18 06:00:00,21.6,92.0,0.0,2.2,0.0,1.1281,Cerah Berawan,wmo:1
dago,"Dago, Bandung",2026-09-18,32.73.02.1004,Dago,kelurahan,no,-6.889,107.61,Asia/Jakarta,"BMKG point: Dago, Coblong, Kota Bandung",18-09-2026,CMA,Open-Meteo / CMA GRAPES,07:00,2026-09-18 07:00:00,21.9,91.0,0.0,3.7,0.0,1.1281,Cerah Berawan,wmo:1
dago,"Dago, Bandung",2026-09-18,32.73.02.1004,Dago,kelurahan,no,-6.889,107.61,Asia/Jakarta,"BMKG point: Dago, Coblong, Kota Bandung",18-09-2026,CMA,Open-Meteo / CMA GRAPES,08:00,2026-09-18 08:00:00,22.7,88.0,0.0,5.4,0.0,1.1281,Cerah Berawan,wmo:1
dago,"Dago, Bandung",2026-09-18,32.73.02.1004,Dago,kelurahan,no,-6.889,107.61,Asia/Jakarta,"BMKG point: Dago, Coblong, Kota Bandung",18-09-2026,CMA,Open-Meteo / CMA GRAPES,09:00,2026-09-18 09:00:00,23.9,83.0,0.0,7.3,0.0,1.1281,Cerah Berawan,wmo:1
dago,"Dago, Bandung",2026-09-18,32.73.02.1004,Dago,kelurahan,no,-6.889,107.61,Asia/Jakarta,"BMKG point: Dago, Coblong, Kota Bandung",18-09-2026,CMA,Open-Meteo / CMA GRAPES,10:00,2026-09-18 10:00:00,25.0,79.0,0.0,8.9,0.0,1.1281,Cerah Berawan,wmo:1
dago,"Dago, Bandung",2026-09-18,32.73.02.1004,Dago,kelurahan,no,-6.889,107.61,Asia/Jakarta,"BMKG point: Dago, Coblong, Kota Bandung",18-09-2026,CMA,Open-Meteo / CMA GRAPES,11:00,2026-09-18 11:00:00,25.8,75.0,0.0,10.5,0.0,1.1281,Cerah Berawan,wmo:1
dago,"Dago, Bandung",2026-09-18,32.73.02.1004,Dago,kelurahan,no,-6.889,107.61,Asia/Jakarta,"BMKG point: Dago, Coblong, Kota Bandung",18-09-2026,CMA,Open-Meteo / CMA GRAPES,12:00,2026-09-18 12:00:00,26.4,72.0,0.0,12.6,0.0,1.1281,Cerah Berawan,wmo:1
dago,"Dago, Bandung",2026-09-18,32.73.02.1004,Dago,kelurahan,no,-6.889,107.61,Asia/Jakarta,"BMKG point: Dago, Coblong, Kota Bandung",18-09-2026,CMA,Open-Meteo / CMA GRAPES,13:00,2026-09-18 13:00:00,26.9,69.0,0.0,14.2,0.0,1.1281,Cerah Berawan,wmo:2
dago,"Dago, Bandung",2026-09-18,32.73.02.1004,Dago,kelurahan,no,-6.889,107.61,Asia/Jakarta,"BMKG point: Dago, Coblong, Kota Bandung",18-09-2026,CMA,Open-Meteo / CMA GRAPES,14:00,2026-09-18 14:00:00,27.1,67.0,0.0,14.2,0.0,1.1281,Cerah Berawan,wmo:1
dago,"Dago, Bandung",2026-09-18,32.73.02.1004,Dago,kelurahan,no,-6.889,107.61,Asia/Jakarta,"BMKG point: Dago, Coblong, Kota Bandung",18-09-2026,CMA,Open-Meteo / CMA GRAPES,15:00,2026-09-18 15:00:00,27.0,65.0,0.0,13.3,0.0,1.1281,Cerah Berawan,wmo:1
dago,"Dago, Bandung",2026-09-18,32.73.02.1004,Dago,kelurahan,no,-6.889,107.61,Asia/Jakarta,"BMKG point: Dago, Coblong, Kota Bandung",18-09-2026,CMA,Open-Meteo / CMA GRAPES,16:00,2026-09-18 16:00:00,26.7,66.0,0.0,12.6,0.0,1.1281,Cerah Berawan,wmo:1
dago,"Dago, Bandung",2026-09-18,32.73.02.1004,Dago,kelurahan,no,-6.889,107.61,Asia/Jakarta,"BMKG point: Dago, Coblong, Kota Bandung",18-09-2026,CMA,Open-Meteo / CMA GRAPES,17:00,2026-09-18 17:00:00,25.9,70.0,0.0,11.9,0.0,1.1281,Cerah Berawan,wmo:1
dago,"Dago, Bandung",2026-09-18,32.73.02.1004,Dago,kelurahan,no,-6.889,107.61,Asia/Jakarta,"BMKG point: Dago, Coblong, Kota Bandung",18-09-2026,CMA,Open-Meteo / CMA GRAPES,18:00,2026-09-18 18:00:00,24.9,76.0,0.0,11.4,0.0,1.1281,Cerah Berawan,wmo:1
dago,"Dago, Bandung",2026-09-18,32.73.02.1004,Dago,kelurahan,no,-6.889,107.61,Asia/Jakarta,"BMKG point: Dago, Coblong, Kota Bandung",18-09-2026,CMA,Open-Meteo / CMA GRAPES,19:00,2026-09-18 19:00:00,24.0,82.0,0.0,10.4,0.0,1.1281,Cerah Berawan,wmo:2
dago,"Dago, Bandung",2026-09-18,32.73.02.1004,Dago,kelurahan,no,-6.889,107.61,Asia/Jakarta,"BMKG point: Dago, Coblong, Kota Bandung",18-09-2026,CMA,Open-Meteo / CMA GRAPES,20:00,2026-09-18 20:00:00,23.3,87.0,0.5,8.7,0.0,1.1281,Hujan Ringan,wmo:53
dago,"Dago, Bandung",2026-09-18,32.73.02.1004,Dago,kelurahan,no,-6.889,107.61,Asia/Jakarta,"BMKG point: Dago, Coblong, Kota Bandung",18-09-2026,CMA,Open-Meteo / CMA GRAPES,21:00,2026-09-18 21:00:00,22.9,92.0,0.5,7.0,0.0,1.1281,Hujan Ringan,wmo:53
dago,"Dago, Bandung",2026-09-18,32.73.02.1004,Dago,kelurahan,no,-6.889,107.61,Asia/Jakarta,"BMKG point: Dago, Coblong, Kota Bandung",18-09-2026,CMA,Open-Meteo / CMA GRAPES,22:00,2026-09-18 22:00:00,22.5,95.0,0.5,5.2,0.0,1.1281,Hujan Ringan,wmo:53
dago,"Dago, Bandung",2026-09-18,32.73.02.1004,Dago,kelurahan,no,-6.889,107.61,Asia/Jakarta,"BMKG point: Dago, Coblong, Kota Bandung",18-09-2026,CMA,Open-Meteo / CMA GRAPES,23:00,2026-09-18 23:00:00,22.4,95.0,1.6,3.7,0.0,1.1281,Hujan Ringan,wmo:61
dago,"Dago, Bandung",2026-09-18,32.73.02.1004,Dago,kelurahan,no,-6.889,107.61,Asia/Jakarta,"BMKG point: Dago, Coblong, Kota Bandung",18-09-2026,ECMWF,Open-Meteo / ECMWF,00:00,2026-09-18 00:00:00,22.0,78.0,0.0,0.8,0.0,1.6901,Berawan,wmo:3
dago,"Dago, Bandung",2026-09-18,32.73.02.1004,Dago,kelurahan,no,-6.889,107.61,Asia/Jakarta,"BMKG point: Dago, Coblong, Kota Bandung",18-09-2026,ECMWF,Open-Meteo / ECMWF,01:00,2026-09-18 01:00:00,21.6,81.0,0.0,0.4,0.0,1.6901,Berawan,wmo:3
dago,"Dago, Bandung",2026-09-18,32.73.02.1004,Dago,kelurahan,no,-6.889,107.61,Asia/Jakarta,"BMKG point: Dago, Coblong, Kota Bandung",18-09-2026,ECMWF,Open-Meteo / ECMWF,02:00,2026-09-18 02:00:00,21.2,83.0,0.0,0.4,0.0,1.6901,Berawan,wmo:3
dago,"Dago, Bandung",2026-09-18,32.73.02.1004,Dago,kelurahan,no,-6.889,107.61,Asia/Jakarta,"BMKG point: Dago, Coblong, Kota Bandung",18-09-2026,ECMWF,Open-Meteo / ECMWF,03:00,2026-09-18 03:00:00,20.8,85.0,0.0,0.5,0.0,1.6901,Berawan,wmo:3
dago,"Dago, Bandung",2026-09-18,32.73.02.1004,Dago,kelurahan,no,-6.889,107.61,Asia/Jakarta,"BMKG point: Dago, Coblong, Kota Bandung",18-09-2026,ECMWF,Open-Meteo / ECMWF,04:00,2026-09-18 04:00:00,20.7,86.0,0.0,0.5,0.0,1.6901,Berawan,wmo:3
dago,"Dago, Bandung",2026-09-18,32.73.02.1004,Dago,kelurahan,no,-6.889,107.61,Asia/Jakarta,"BMKG point: Dago, Coblong, Kota Bandung",18-09-2026,ECMWF,Open-Meteo / ECMWF,05:00,2026-09-18 05:00:00,20.8,85.0,0.0,0.8,0.0,1.6901,Cerah Berawan,wmo:2
dago,"Dago, Bandung",2026-09-18,32.73.02.1004,Dago,kelurahan,no,-6.889,107.61,Asia/Jakarta,"BMKG point: Dago, Coblong, Kota Bandung",18-09-2026,ECMWF,Open-Meteo / ECMWF,06:00,2026-09-18 06:00:00,21.1,83.0,0.0,2.0,0.0,1.6901,Cerah Berawan,wmo:1
dago,"Dago, Bandung",2026-09-18,32.73.02.1004,Dago,kelurahan,no,-6.889,107.61,Asia/Jakarta,"BMKG point: Dago, Coblong, Kota Bandung",18-09-2026,ECMWF,Open-Meteo / ECMWF,07:00,2026-09-18 07:00:00,22.0,79.0,0.0,2.9,0.0,1.6901,Cerah,wmo:0
dago,"Dago, Bandung",2026-09-18,32.73.02.1004,Dago,kelurahan,no,-6.889,107.61,Asia/Jakarta,"BMKG point: Dago, Coblong, Kota Bandung",18-09-2026,ECMWF,Open-Meteo / ECMWF,08:00,2026-09-18 08:00:00,23.8,70.0,0.0,3.7,0.0,1.6901,Cerah,wmo:0
dago,"Dago, Bandung",2026-09-18,32.73.02.1004,Dago,kelurahan,no,-6.889,107.61,Asia/Jakarta,"BMKG point: Dago, Coblong, Kota Bandung",18-09-2026,ECMWF,Open-Meteo / ECMWF,09:00,2026-09-18 09:00:00,26.1,58.0,0.0,4.7,0.0,1.6901,Cerah,wmo:0
dago,"Dago, Bandung",2026-09-18,32.73.02.1004,Dago,kelurahan,no,-6.889,107.61,Asia/Jakarta,"BMKG point: Dago, Coblong, Kota Bandung",18-09-2026,ECMWF,Open-Meteo / ECMWF,10:00,2026-09-18 10:00:00,27.9,50.0,0.0,4.8,0.0,1.6901,Cerah,wmo:0
dago,"Dago, Bandung",2026-09-18,32.73.02.1004,Dago,kelurahan,no,-6.889,107.61,Asia/Jakarta,"BMKG point: Dago, Coblong, Kota Bandung",18-09-2026,ECMWF,Open-Meteo / ECMWF,11:00,2026-09-18 11:00:00,28.8,47.0,0.1,4.4,0.0,1.6901,Hujan Ringan,wmo:51
dago,"Dago, Bandung",2026-09-18,32.73.02.1004,Dago,kelurahan,no,-6.889,107.61,Asia/Jakarta,"BMKG point: Dago, Coblong, Kota Bandung",18-09-2026,ECMWF,Open-Meteo / ECMWF,12:00,2026-09-18 12:00:00,29.2,48.0,0.1,8.3,0.0,1.6901,Hujan Ringan,wmo:51
dago,"Dago, Bandung",2026-09-18,32.73.02.1004,Dago,kelurahan,no,-6.889,107.61,Asia/Jakarta,"BMKG point: Dago, Coblong, Kota Bandung",18-09-2026,ECMWF,Open-Meteo / ECMWF,13:00,2026-09-18 13:00:00,29.1,50.0,0.1,11.2,0.0,1.6901,Hujan Ringan,wmo:51
dago,"Dago, Bandung",2026-09-18,32.73.02.1004,Dago,kelurahan,no,-6.889,107.61,Asia/Jakarta,"BMKG point: Dago, Coblong, Kota Bandung",18-09-2026,ECMWF,Open-Meteo / ECMWF,14:00,2026-09-18 14:00:00,28.2,55.0,0.7,10.5,0.0,1.6901,Hujan Ringan,wmo:53
dago,"Dago, Bandung",2026-09-18,32.73.02.1004,Dago,kelurahan,no,-6.889,107.61,Asia/Jakarta,"BMKG point: Dago, Coblong, Kota Bandung",18-09-2026,ECMWF,Open-Meteo / ECMWF,15:00,2026-09-18 15:00:00,26.8,62.0,0.7,8.0,0.0,1.6901,Hujan Ringan,wmo:53
dago,"Dago, Bandung",2026-09-18,32.73.02.1004,Dago,kelurahan,no,-6.889,107.61,Asia/Jakarta,"BMKG point: Dago, Coblong, Kota Bandung",18-09-2026,ECMWF,Open-Meteo / ECMWF,16:00,2026-09-18 16:00:00,25.5,69.0,0.7,6.6,0.0,1.6901,Hujan Ringan,wmo:53
dago,"Dago, Bandung",2026-09-18,32.73.02.1004,Dago,kelurahan,no,-6.889,107.61,Asia/Jakarta,"BMKG point: Dago, Coblong, Kota Bandung",18-09-2026,ECMWF,Open-Meteo / ECMWF,17:00,2026-09-18 17:00:00,24.5,74.0,0.1,4.7,0.0,1.6901,Hujan Ringan,wmo:51
dago,"Dago, Bandung",2026-09-18,32.73.02.1004,Dago,kelurahan,no,-6.889,107.61,Asia/Jakarta,"BMKG point: Dago, Coblong, Kota Bandung",18-09-2026,ECMWF,Open-Meteo / ECMWF,18:00,2026-09-18 18:00:00,23.6,79.0,0.1,2.1,0.0,1.6901,Hujan Ringan,wmo:51
dago,"Dago, Bandung",2026-09-18,32.73.02.1004,Dago,kelurahan,no,-6.889,107.61,Asia/Jakarta,"BMKG point: Dago, Coblong, Kota Bandung",18-09-2026,ECMWF,Open-Meteo / ECMWF,19:00,2026-09-18 19:00:00,22.9,82.0,0.1,0.4,0.0,1.6901,Hujan Ringan,wmo:51
dago,"Dago, Bandung",2026-09-18,32.73.02.1004,Dago,kelurahan,no,-6.889,107.61,Asia/Jakarta,"BMKG point: Dago, Coblong, Kota Bandung",18-09-2026,ECMWF,Open-Meteo / ECMWF,20:00,2026-09-18 20:00:00,22.4,83.0,0.0,0.8,0.0,1.6901,Berawan,wmo:3
dago,"Dago, Bandung",2026-09-18,32.73.02.1004,Dago,kelurahan,no,-6.889,107.61,Asia/Jakarta,"BMKG point: Dago, Coblong, Kota Bandung",18-09-2026,ECMWF,Open-Meteo / ECMWF,21:00,2026-09-18 21:00:00,22.1,82.0,0.0,1.1,0.0,1.6901,Berawan,wmo:3
dago,"Dago, Bandung",2026-09-18,32.73.02.1004,Dago,kelurahan,no,-6.889,107.61,Asia/Jakarta,"BMKG point: Dago, Coblong, Kota Bandung",18-09-2026,ECMWF,Open-Meteo / ECMWF,22:00,2026-09-18 22:00:00,21.7,82.0,0.0,1.8,0.0,1.6901,Berawan,wmo:3
dago,"Dago, Bandung",2026-09-18,32.73.02.1004,Dago,kelurahan,no,-6.889,107.61,Asia/Jakarta,"BMKG point: Dago, Coblong, Kota Bandung",18-09-2026,ECMWF,Open-Meteo / ECMWF,23:00,2026-09-18 23:00:00,21.0,84.0,0.0,2.6,0.0,1.6901,Cerah Berawan,wmo:2
dago,"Dago, Bandung",2026-09-18,32.73.02.1004,Dago,kelurahan,no,-6.889,107.61,Asia/Jakarta,"BMKG point: Dago, Coblong, Kota Bandung",18-09-2026,GFS,Open-Meteo / NOAA GFS,00:00,2026-09-18 00:00:00,21.9,78.0,0.0,1.8,0.0,1.3765,Berawan,wmo:3
dago,"Dago, Bandung",2026-09-18,32.73.02.1004,Dago,kelurahan,no,-6.889,107.61,Asia/Jakarta,"BMKG point: Dago, Coblong, Kota Bandung",18-09-2026,GFS,Open-Meteo / NOAA GFS,01:00,2026-09-18 01:00:00,21.7,79.0,0.0,0.8,0.0,1.3765,Berawan,wmo:3
dago,"Dago, Bandung",2026-09-18,32.73.02.1004,Dago,kelurahan,no,-6.889,107.61,Asia/Jakarta,"BMKG point: Dago, Coblong, Kota Bandung",18-09-2026,GFS,Open-Meteo / NOAA GFS,02:00,2026-09-18 02:00:00,21.6,80.0,0.0,1.8,0.0,1.3765,Berawan,wmo:3
dago,"Dago, Bandung",2026-09-18,32.73.02.1004,Dago,kelurahan,no,-6.889,107.61,Asia/Jakarta,"BMKG point: Dago, Coblong, Kota Bandung",18-09-2026,GFS,Open-Meteo / NOAA GFS,03:00,2026-09-18 03:00:00,21.3,82.0,0.0,2.0,0.0,1.3765,Berawan,wmo:3
dago,"Dago, Bandung",2026-09-18,32.73.02.1004,Dago,kelurahan,no,-6.889,107.61,Asia/Jakarta,"BMKG point: Dago, Coblong, Kota Bandung",18-09-2026,GFS,Open-Meteo / NOAA GFS,04:00,2026-09-18 04:00:00,21.2,83.0,0.1,1.1,0.0,1.3765,Hujan Ringan,wmo:51
dago,"Dago, Bandung",2026-09-18,32.73.02.1004,Dago,kelurahan,no,-6.889,107.61,Asia/Jakarta,"BMKG point: Dago, Coblong, Kota Bandung",18-09-2026,GFS,Open-Meteo / NOAA GFS,05:00,2026-09-18 05:00:00,21.2,83.0,0.0,1.4,0.0,1.3765,Berawan,wmo:3
dago,"Dago, Bandung",2026-09-18,32.73.02.1004,Dago,kelurahan,no,-6.889,107.61,Asia/Jakarta,"BMKG point: Dago, Coblong, Kota Bandung",18-09-2026,GFS,Open-Meteo / NOAA GFS,06:00,2026-09-18 06:00:00,21.2,83.0,0.0,1.5,0.0,1.3765,Berawan,wmo:3
dago,"Dago, Bandung",2026-09-18,32.73.02.1004,Dago,kelurahan,no,-6.889,107.61,Asia/Jakarta,"BMKG point: Dago, Coblong, Kota Bandung",18-09-2026,GFS,Open-Meteo / NOAA GFS,07:00,2026-09-18 07:00:00,22.4,77.0,0.0,3.2,0.0,1.3765,Berawan,wmo:3
dago,"Dago, Bandung",2026-09-18,32.73.02.1004,Dago,kelurahan,no,-6.889,107.61,Asia/Jakarta,"BMKG point: Dago, Coblong, Kota Bandung",18-09-2026,GFS,Open-Meteo / NOAA GFS,08:00,2026-09-18 08:00:00,24.9,66.0,0.0,2.2,0.0,1.3765,Berawan,wmo:3
dago,"Dago, Bandung",2026-09-18,32.73.02.1004,Dago,kelurahan,no,-6.889,107.61,Asia/Jakarta,"BMKG point: Dago, Coblong, Kota Bandung",18-09-2026,GFS,Open-Meteo / NOAA GFS,09:00,2026-09-18 09:00:00,27.7,55.0,0.0,2.6,0.0,1.3765,Berawan,wmo:3
dago,"Dago, Bandung",2026-09-18,32.73.02.1004,Dago,kelurahan,no,-6.889,107.61,Asia/Jakarta,"BMKG point: Dago, Coblong, Kota Bandung",18-09-2026,GFS,Open-Meteo / NOAA GFS,10:00,2026-09-18 10:00:00,29.1,48.0,0.1,8.5,0.0,1.3765,Hujan Ringan,wmo:51
dago,"Dago, Bandung",2026-09-18,32.73.02.1004,Dago,kelurahan,no,-6.889,107.61,Asia/Jakarta,"BMKG point: Dago, Coblong, Kota Bandung",18-09-2026,GFS,Open-Meteo / NOAA GFS,11:00,2026-09-18 11:00:00,29.0,48.0,0.0,11.5,0.0,1.3765,Berawan,wmo:3
dago,"Dago, Bandung",2026-09-18,32.73.02.1004,Dago,kelurahan,no,-6.889,107.61,Asia/Jakarta,"BMKG point: Dago, Coblong, Kota Bandung",18-09-2026,GFS,Open-Meteo / NOAA GFS,12:00,2026-09-18 12:00:00,27.4,54.0,0.0,11.2,0.0,1.3765,Berawan,wmo:3
dago,"Dago, Bandung",2026-09-18,32.73.02.1004,Dago,kelurahan,no,-6.889,107.61,Asia/Jakarta,"BMKG point: Dago, Coblong, Kota Bandung",18-09-2026,GFS,Open-Meteo / NOAA GFS,13:00,2026-09-18 13:00:00,26.4,59.0,0.2,10.1,0.0,1.3765,Hujan Ringan,wmo:51
dago,"Dago, Bandung",2026-09-18,32.73.02.1004,Dago,kelurahan,no,-6.889,107.61,Asia/Jakarta,"BMKG point: Dago, Coblong, Kota Bandung",18-09-2026,GFS,Open-Meteo / NOAA GFS,14:00,2026-09-18 14:00:00,26.1,62.0,0.3,8.8,0.0,1.3765,Hujan Ringan,wmo:51
dago,"Dago, Bandung",2026-09-18,32.73.02.1004,Dago,kelurahan,no,-6.889,107.61,Asia/Jakarta,"BMKG point: Dago, Coblong, Kota Bandung",18-09-2026,GFS,Open-Meteo / NOAA GFS,15:00,2026-09-18 15:00:00,25.4,67.0,1.0,7.9,0.0,1.3765,Hujan Ringan,wmo:55
dago,"Dago, Bandung",2026-09-18,32.73.02.1004,Dago,kelurahan,no,-6.889,107.61,Asia/Jakarta,"BMKG point: Dago, Coblong, Kota Bandung",18-09-2026,GFS,Open-Meteo / NOAA GFS,16:00,2026-09-18 16:00:00,25.1,69.0,0.8,5.2,0.0,1.3765,Hujan Ringan,wmo:53
dago,"Dago, Bandung",2026-09-18,32.73.02.1004,Dago,kelurahan,no,-6.889,107.61,Asia/Jakarta,"BMKG point: Dago, Coblong, Kota Bandung",18-09-2026,GFS,Open-Meteo / NOAA GFS,17:00,2026-09-18 17:00:00,24.4,72.0,0.9,5.4,0.0,1.3765,Hujan Ringan,wmo:53
dago,"Dago, Bandung",2026-09-18,32.73.02.1004,Dago,kelurahan,no,-6.889,107.61,Asia/Jakarta,"BMKG point: Dago, Coblong, Kota Bandung",18-09-2026,GFS,Open-Meteo / NOAA GFS,18:00,2026-09-18 18:00:00,22.4,84.0,0.7,7.9,0.0,1.3765,Hujan Ringan,wmo:53
dago,"Dago, Bandung",2026-09-18,32.73.02.1004,Dago,kelurahan,no,-6.889,107.61,Asia/Jakarta,"BMKG point: Dago, Coblong, Kota Bandung",18-09-2026,GFS,Open-Meteo / NOAA GFS,19:00,2026-09-18 19:00:00,21.8,89.0,0.4,5.6,0.0,1.3765,Hujan Ringan,wmo:51
dago,"Dago, Bandung",2026-09-18,32.73.02.1004,Dago,kelurahan,no,-6.889,107.61,Asia/Jakarta,"BMKG point: Dago, Coblong, Kota Bandung",18-09-2026,GFS,Open-Meteo / NOAA GFS,20:00,2026-09-18 20:00:00,21.7,90.0,0.2,2.9,0.0,1.3765,Hujan Ringan,wmo:51
dago,"Dago, Bandung",2026-09-18,32.73.02.1004,Dago,kelurahan,no,-6.889,107.61,Asia/Jakarta,"BMKG point: Dago, Coblong, Kota Bandung",18-09-2026,GFS,Open-Meteo / NOAA GFS,21:00,2026-09-18 21:00:00,21.8,90.0,0.2,1.1,0.0,1.3765,Hujan Ringan,wmo:51
dago,"Dago, Bandung",2026-09-18,32.73.02.1004,Dago,kelurahan,no,-6.889,107.61,Asia/Jakarta,"BMKG point: Dago, Coblong, Kota Bandung",18-09-2026,GFS,Open-Meteo / NOAA GFS,22:00,2026-09-18 22:00:00,21.8,90.0,0.2,1.1,0.0,1.3765,Hujan Ringan,wmo:51
dago,"Dago, Bandung",2026-09-18,32.73.02.1004,Dago,kelurahan,no,-6.889,107.61,Asia/Jakarta,"BMKG point: Dago, Coblong, Kota Bandung",18-09-2026,GFS,Open-Meteo / NOAA GFS,23:00,2026-09-18 23:00:00,21.7,90.0,0.1,1.9,0.0,1.3765,Hujan Ringan,wmo:51
dago,"Dago, Bandung",2026-09-18,32.73.02.1004,Dago,kelurahan,no,-6.889,107.61,Asia/Jakarta,"BMKG point: Dago, Coblong, Kota Bandung",18-09-2026,ICON,Open-Meteo / DWD ICON,00:00,2026-09-18 00:00:00,23.2,81.0,0.0,2.0,0.0,1.4524,Berawan,wmo:3
dago,"Dago, Bandung",2026-09-18,32.73.02.1004,Dago,kelurahan,no,-6.889,107.61,Asia/Jakarta,"BMKG point: Dago, Coblong, Kota Bandung",18-09-2026,ICON,Open-Meteo / DWD ICON,01:00,2026-09-18 01:00:00,22.7,83.0,0.0,2.8,0.0,1.4524,Berawan,wmo:3
dago,"Dago, Bandung",2026-09-18,32.73.02.1004,Dago,kelurahan,no,-6.889,107.61,Asia/Jakarta,"BMKG point: Dago, Coblong, Kota Bandung",18-09-2026,ICON,Open-Meteo / DWD ICON,02:00,2026-09-18 02:00:00,22.2,84.0,0.0,2.6,0.0,1.4524,Berawan,wmo:3
dago,"Dago, Bandung",2026-09-18,32.73.02.1004,Dago,kelurahan,no,-6.889,107.61,Asia/Jakarta,"BMKG point: Dago, Coblong, Kota Bandung",18-09-2026,ICON,Open-Meteo / DWD ICON,03:00,2026-09-18 03:00:00,21.7,85.0,0.0,3.1,0.0,1.4524,Cerah Berawan,wmo:2
dago,"Dago, Bandung",2026-09-18,32.73.02.1004,Dago,kelurahan,no,-6.889,107.61,Asia/Jakarta,"BMKG point: Dago, Coblong, Kota Bandung",18-09-2026,ICON,Open-Meteo / DWD ICON,04:00,2026-09-18 04:00:00,21.1,87.0,0.0,2.6,0.0,1.4524,Cerah Berawan,wmo:2
dago,"Dago, Bandung",2026-09-18,32.73.02.1004,Dago,kelurahan,no,-6.889,107.61,Asia/Jakarta,"BMKG point: Dago, Coblong, Kota Bandung",18-09-2026,ICON,Open-Meteo / DWD ICON,05:00,2026-09-18 05:00:00,20.6,87.0,0.0,2.3,0.0,1.4524,Cerah Berawan,wmo:2
dago,"Dago, Bandung",2026-09-18,32.73.02.1004,Dago,kelurahan,no,-6.889,107.61,Asia/Jakarta,"BMKG point: Dago, Coblong, Kota Bandung",18-09-2026,ICON,Open-Meteo / DWD ICON,06:00,2026-09-18 06:00:00,20.1,88.0,0.0,2.1,0.0,1.4524,Cerah Berawan,wmo:2
dago,"Dago, Bandung",2026-09-18,32.73.02.1004,Dago,kelurahan,no,-6.889,107.61,Asia/Jakarta,"BMKG point: Dago, Coblong, Kota Bandung",18-09-2026,ICON,Open-Meteo / DWD ICON,07:00,2026-09-18 07:00:00,21.0,83.0,0.0,2.3,0.0,1.4524,Cerah Berawan,wmo:2
dago,"Dago, Bandung",2026-09-18,32.73.02.1004,Dago,kelurahan,no,-6.889,107.61,Asia/Jakarta,"BMKG point: Dago, Coblong, Kota Bandung",18-09-2026,ICON,Open-Meteo / DWD ICON,08:00,2026-09-18 08:00:00,23.2,72.0,0.0,2.8,0.0,1.4524,Cerah Berawan,wmo:2
dago,"Dago, Bandung",2026-09-18,32.73.02.1004,Dago,kelurahan,no,-6.889,107.61,Asia/Jakarta,"BMKG point: Dago, Coblong, Kota Bandung",18-09-2026,ICON,Open-Meteo / DWD ICON,09:00,2026-09-18 09:00:00,24.9,67.0,0.0,3.5,0.0,1.4524,Cerah Berawan,wmo:2
dago,"Dago, Bandung",2026-09-18,32.73.02.1004,Dago,kelurahan,no,-6.889,107.61,Asia/Jakarta,"BMKG point: Dago, Coblong, Kota Bandung",18-09-2026,ICON,Open-Meteo / DWD ICON,10:00,2026-09-18 10:00:00,26.6,62.0,0.0,3.3,0.0,1.4524,Cerah Berawan,wmo:2
dago,"Dago, Bandung",2026-09-18,32.73.02.1004,Dago,kelurahan,no,-6.889,107.61,Asia/Jakarta,"BMKG point: Dago, Coblong, Kota Bandung",18-09-2026,ICON,Open-Meteo / DWD ICON,11:00,2026-09-18 11:00:00,28.1,56.0,0.0,3.2,0.0,1.4524,Cerah Berawan,wmo:2
dago,"Dago, Bandung",2026-09-18,32.73.02.1004,Dago,kelurahan,no,-6.889,107.61,Asia/Jakarta,"BMKG point: Dago, Coblong, Kota Bandung",18-09-2026,ICON,Open-Meteo / DWD ICON,12:00,2026-09-18 12:00:00,29.3,49.0,0.0,4.6,0.0,1.4524,Cerah Berawan,wmo:2
dago,"Dago, Bandung",2026-09-18,32.73.02.1004,Dago,kelurahan,no,-6.889,107.61,Asia/Jakarta,"BMKG point: Dago, Coblong, Kota Bandung",18-09-2026,ICON,Open-Meteo / DWD ICON,13:00,2026-09-18 13:00:00,30.1,46.0,0.0,6.4,0.0,1.4524,Cerah Berawan,wmo:2
dago,"Dago, Bandung",2026-09-18,32.73.02.1004,Dago,kelurahan,no,-6.889,107.61,Asia/Jakarta,"BMKG point: Dago, Coblong, Kota Bandung",18-09-2026,ICON,Open-Meteo / DWD ICON,14:00,2026-09-18 14:00:00,30.1,45.0,0.0,7.9,0.0,1.4524,Berawan,wmo:3
dago,"Dago, Bandung",2026-09-18,32.73.02.1004,Dago,kelurahan,no,-6.889,107.61,Asia/Jakarta,"BMKG point: Dago, Coblong, Kota Bandung",18-09-2026,ICON,Open-Meteo / DWD ICON,15:00,2026-09-18 15:00:00,29.8,47.0,0.0,7.6,0.0,1.4524,Berawan,wmo:3
dago,"Dago, Bandung",2026-09-18,32.73.02.1004,Dago,kelurahan,no,-6.889,107.61,Asia/Jakarta,"BMKG point: Dago, Coblong, Kota Bandung",18-09-2026,ICON,Open-Meteo / DWD ICON,16:00,2026-09-18 16:00:00,29.2,51.0,0.0,7.9,0.0,1.4524,Berawan,wmo:3
dago,"Dago, Bandung",2026-09-18,32.73.02.1004,Dago,kelurahan,no,-6.889,107.61,Asia/Jakarta,"BMKG point: Dago, Coblong, Kota Bandung",18-09-2026,ICON,Open-Meteo / DWD ICON,17:00,2026-09-18 17:00:00,28.3,55.0,0.0,6.0,0.0,1.4524,Berawan,wmo:3
dago,"Dago, Bandung",2026-09-18,32.73.02.1004,Dago,kelurahan,no,-6.889,107.61,Asia/Jakarta,"BMKG point: Dago, Coblong, Kota Bandung",18-09-2026,ICON,Open-Meteo / DWD ICON,18:00,2026-09-18 18:00:00,27.3,59.0,0.0,4.7,0.0,1.4524,Berawan,wmo:3
dago,"Dago, Bandung",2026-09-18,32.73.02.1004,Dago,kelurahan,no,-6.889,107.61,Asia/Jakarta,"BMKG point: Dago, Coblong, Kota Bandung",18-09-2026,ICON,Open-Meteo / DWD ICON,19:00,2026-09-18 19:00:00,26.3,66.0,0.0,2.9,0.0,1.4524,Berawan,wmo:3
dago,"Dago, Bandung",2026-09-18,32.73.02.1004,Dago,kelurahan,no,-6.889,107.61,Asia/Jakarta,"BMKG point: Dago, Coblong, Kota Bandung",18-09-2026,ICON,Open-Meteo / DWD ICON,20:00,2026-09-18 20:00:00,25.6,70.0,0.0,1.3,0.0,1.4524,Berawan,wmo:3
dago,"Dago, Bandung",2026-09-18,32.73.02.1004,Dago,kelurahan,no,-6.889,107.61,Asia/Jakarta,"BMKG point: Dago, Coblong, Kota Bandung",18-09-2026,ICON,Open-Meteo / DWD ICON,21:00,2026-09-18 21:00:00,25.2,73.0,0.0,0.4,0.0,1.4524,Berawan,wmo:3
dago,"Dago, Bandung",2026-09-18,32.73.02.1004,Dago,kelurahan,no,-6.889,107.61,Asia/Jakarta,"BMKG point: Dago, Coblong, Kota Bandung",18-09-2026,ICON,Open-Meteo / DWD ICON,22:00,2026-09-18 22:00:00,24.5,76.0,0.0,3.0,0.0,1.4524,Berawan,wmo:3
dago,"Dago, Bandung",2026-09-18,32.73.02.1004,Dago,kelurahan,no,-6.889,107.61,Asia/Jakarta,"BMKG point: Dago, Coblong, Kota Bandung",18-09-2026,ICON,Open-Meteo / DWD ICON,23:00,2026-09-18 23:00:00,23.8,80.0,0.0,3.8,0.0,1.4524,Berawan,wmo:3
dago,"Dago, Bandung",2026-09-18,32.73.02.1004,Dago,kelurahan,no,-6.889,107.61,Asia/Jakarta,"BMKG point: Dago, Coblong, Kota Bandung",18-09-2026,KMA,Open-Meteo / KMA,00:00,2026-09-18 00:00:00,,,,,0.0,0.5346,Berawan,wmo:None
dago,"Dago, Bandung",2026-09-18,32.73.02.1004,Dago,kelurahan,no,-6.889,107.61,Asia/Jakarta,"BMKG point: Dago, Coblong, Kota Bandung",18-09-2026,KMA,Open-Meteo / KMA,01:00,2026-09-18 01:00:00,,,,,0.0,0.5346,Berawan,wmo:None
dago,"Dago, Bandung",2026-09-18,32.73.02.1004,Dago,kelurahan,no,-6.889,107.61,Asia/Jakarta,"BMKG point: Dago, Coblong, Kota Bandung",18-09-2026,KMA,Open-Meteo / KMA,02:00,2026-09-18 02:00:00,,,,,0.0,0.5346,Berawan,wmo:None
dago,"Dago, Bandung",2026-09-18,32.73.02.1004,Dago,kelurahan,no,-6.889,107.61,Asia/Jakarta,"BMKG point: Dago, Coblong, Kota Bandung",18-09-2026,KMA,Open-Meteo / KMA,03:00,2026-09-18 03:00:00,,,,,0.0,0.5346,Berawan,wmo:None
dago,"Dago, Bandung",2026-09-18,32.73.02.1004,Dago,kelurahan,no,-6.889,107.61,Asia/Jakarta,"BMKG point: Dago, Coblong, Kota Bandung",18-09-2026,KMA,Open-Meteo / KMA,04:00,2026-09-18 04:00:00,,,,,0.0,0.5346,Berawan,wmo:None
dago,"Dago, Bandung",2026-09-18,32.73.02.1004,Dago,kelurahan,no,-6.889,107.61,Asia/Jakarta,"BMKG point: Dago, Coblong, Kota Bandung",18-09-2026,KMA,Open-Meteo / KMA,05:00,2026-09-18 05:00:00,,,,,0.0,0.5346,Berawan,wmo:None
dago,"Dago, Bandung",2026-09-18,32.73.02.1004,Dago,kelurahan,no,-6.889,107.61,Asia/Jakarta,"BMKG point: Dago, Coblong, Kota Bandung",18-09-2026,KMA,Open-Meteo / KMA,06:00,2026-09-18 06:00:00,,,,,0.0,0.5346,Berawan,wmo:None
dago,"Dago, Bandung",2026-09-18,32.73.02.1004,Dago,kelurahan,no,-6.889,107.61,Asia/Jakarta,"BMKG point: Dago, Coblong, Kota Bandung",18-09-2026,KMA,Open-Meteo / KMA,07:00,2026-09-18 07:00:00,,,,,0.0,0.5346,Berawan,wmo:None
dago,"Dago, Bandung",2026-09-18,32.73.02.1004,Dago,kelurahan,no,-6.889,107.61,Asia/Jakarta,"BMKG point: Dago, Coblong, Kota Bandung",18-09-2026,KMA,Open-Meteo / KMA,08:00,2026-09-18 08:00:00,,,,,0.0,0.5346,Berawan,wmo:None
dago,"Dago, Bandung",2026-09-18,32.73.02.1004,Dago,kelurahan,no,-6.889,107.61,Asia/Jakarta,"BMKG point: Dago, Coblong, Kota Bandung",18-09-2026,KMA,Open-Meteo / KMA,09:00,2026-09-18 09:00:00,,,,,0.0,0.5346,Berawan,wmo:None
dago,"Dago, Bandung",2026-09-18,32.73.02.1004,Dago,kelurahan,no,-6.889,107.61,Asia/Jakarta,"BMKG point: Dago, Coblong, Kota Bandung",18-09-2026,KMA,Open-Meteo / KMA,10:00,2026-09-18 10:00:00,,,,,0.0,0.5346,Berawan,wmo:None
dago,"Dago, Bandung",2026-09-18,32.73.02.1004,Dago,kelurahan,no,-6.889,107.61,Asia/Jakarta,"BMKG point: Dago, Coblong, Kota Bandung",18-09-2026,KMA,Open-Meteo / KMA,11:00,2026-09-18 11:00:00,,,,,0.0,0.5346,Berawan,wmo:None
dago,"Dago, Bandung",2026-09-18,32.73.02.1004,Dago,kelurahan,no,-6.889,107.61,Asia/Jakarta,"BMKG point: Dago, Coblong, Kota Bandung",18-09-2026,KMA,Open-Meteo / KMA,12:00,2026-09-18 12:00:00,,,,,0.0,0.5346,Berawan,wmo:None
dago,"Dago, Bandung",2026-09-18,32.73.02.1004,Dago,kelurahan,no,-6.889,107.61,Asia/Jakarta,"BMKG point: Dago, Coblong, Kota Bandung",18-09-2026,KMA,Open-Meteo / KMA,13:00,2026-09-18 13:00:00,,,,,0.0,0.5346,Berawan,wmo:None
dago,"Dago, Bandung",2026-09-18,32.73.02.1004,Dago,kelurahan,no,-6.889,107.61,Asia/Jakarta,"BMKG point: Dago, Coblong, Kota Bandung",18-09-2026,KMA,Open-Meteo / KMA,14:00,2026-09-18 14:00:00,,,,,0.0,0.5346,Berawan,wmo:None
dago,"Dago, Bandung",2026-09-18,32.73.02.1004,Dago,kelurahan,no,-6.889,107.61,Asia/Jakarta,"BMKG point: Dago, Coblong, Kota Bandung",18-09-2026,KMA,Open-Meteo / KMA,15:00,2026-09-18 15:00:00,,,,,0.0,0.5346,Berawan,wmo:None
dago,"Dago, Bandung",2026-09-18,32.73.02.1004,Dago,kelurahan,no,-6.889,107.61,Asia/Jakarta,"BMKG point: Dago, Coblong, Kota Bandung",18-09-2026,KMA,Open-Meteo / KMA,16:00,2026-09-18 16:00:00,,,,,0.0,0.5346,Berawan,wmo:None
dago,"Dago, Bandung",2026-09-18,32.73.02.1004,Dago,kelurahan,no,-6.889,107.61,Asia/Jakarta,"BMKG point: Dago, Coblong, Kota Bandung",18-09-2026,KMA,Open-Meteo / KMA,17:00,2026-09-18 17:00:00,,,,,0.0,0.5346,Berawan,wmo:None
dago,"Dago, Bandung",2026-09-18,32.73.02.1004,Dago,kelurahan,no,-6.889,107.61,Asia/Jakarta,"BMKG point: Dago, Coblong, Kota Bandung",18-09-2026,KMA,Open-Meteo / KMA,18:00,2026-09-18 18:00:00,,,,,0.0,0.5346,Berawan,wmo:None
dago,"Dago, Bandung",2026-09-18,32.73.02.1004,Dago,kelurahan,no,-6.889,107.61,Asia/Jakarta,"BMKG point: Dago, Coblong, Kota Bandung",18-09-2026,KMA,Open-Meteo / KMA,19:00,2026-09-18 19:00:00,,,,,0.0,0.5346,Berawan,wmo:None
dago,"Dago, Bandung",2026-09-18,32.73.02.1004,Dago,kelurahan,no,-6.889,107.61,Asia/Jakarta,"BMKG point: Dago, Coblong, Kota Bandung",18-09-2026,KMA,Open-Meteo / KMA,20:00,2026-09-18 20:00:00,,,,,0.0,0.5346,Berawan,wmo:None
dago,"Dago, Bandung",2026-09-18,32.73.02.1004,Dago,kelurahan,no,-6.889,107.61,Asia/Jakarta,"BMKG point: Dago, Coblong, Kota Bandung",18-09-2026,KMA,Open-Meteo / KMA,21:00,2026-09-18 21:00:00,,,,,0.0,0.5346,Berawan,wmo:None
dago,"Dago, Bandung",2026-09-18,32.73.02.1004,Dago,kelurahan,no,-6.889,107.61,Asia/Jakarta,"BMKG point: Dago, Coblong, Kota Bandung",18-09-2026,KMA,Open-Meteo / KMA,22:00,2026-09-18 22:00:00,,,,,0.0,0.5346,Berawan,wmo:None
dago,"Dago, Bandung",2026-09-18,32.73.02.1004,Dago,kelurahan,no,-6.889,107.61,Asia/Jakarta,"BMKG point: Dago, Coblong, Kota Bandung",18-09-2026,KMA,Open-Meteo / KMA,23:00,2026-09-18 23:00:00,,,,,0.0,0.5346,Berawan,wmo:None
dago,"Dago, Bandung",2026-09-18,32.73.02.1004,Dago,kelurahan,no,-6.889,107.61,Asia/Jakarta,"BMKG point: Dago, Coblong, Kota Bandung",18-09-2026,METEOFRANCE,Open-Meteo / Meteo-France,00:00,2026-09-18 00:00:00,26.0,84.0,0.0,3.8,0.0,1.4866,Berawan,wmo:3
dago,"Dago, Bandung",2026-09-18,32.73.02.1004,Dago,kelurahan,no,-6.889,107.61,Asia/Jakarta,"BMKG point: Dago, Coblong, Kota Bandung",18-09-2026,METEOFRANCE,Open-Meteo / Meteo-France,01:00,2026-09-18 01:00:00,25.7,86.0,0.0,2.9,0.0,1.4866,Cerah Berawan,wmo:2
dago,"Dago, Bandung",2026-09-18,32.73.02.1004,Dago,kelurahan,no,-6.889,107.61,Asia/Jakarta,"BMKG point: Dago, Coblong, Kota Bandung",18-09-2026,METEOFRANCE,Open-Meteo / Meteo-France,02:00,2026-09-18 02:00:00,25.5,88.0,0.0,2.0,0.0,1.4866,Cerah Berawan,wmo:2
dago,"Dago, Bandung",2026-09-18,32.73.02.1004,Dago,kelurahan,no,-6.889,107.61,Asia/Jakarta,"BMKG point: Dago, Coblong, Kota Bandung",18-09-2026,METEOFRANCE,Open-Meteo / Meteo-France,03:00,2026-09-18 03:00:00,25.5,88.0,0.0,2.0,0.0,1.4866,Cerah Berawan,wmo:2
dago,"Dago, Bandung",2026-09-18,32.73.02.1004,Dago,kelurahan,no,-6.889,107.61,Asia/Jakarta,"BMKG point: Dago, Coblong, Kota Bandung",18-09-2026,METEOFRANCE,Open-Meteo / Meteo-France,04:00,2026-09-18 04:00:00,25.3,89.0,0.0,1.9,0.0,1.4866,Cerah Berawan,wmo:2
dago,"Dago, Bandung",2026-09-18,32.73.02.1004,Dago,kelurahan,no,-6.889,107.61,Asia/Jakarta,"BMKG point: Dago, Coblong, Kota Bandung",18-09-2026,METEOFRANCE,Open-Meteo / Meteo-France,05:00,2026-09-18 05:00:00,25.1,91.0,0.0,2.5,0.0,1.4866,Cerah Berawan,wmo:2
dago,"Dago, Bandung",2026-09-18,32.73.02.1004,Dago,kelurahan,no,-6.889,107.61,Asia/Jakarta,"BMKG point: Dago, Coblong, Kota Bandung",18-09-2026,METEOFRANCE,Open-Meteo / Meteo-France,06:00,2026-09-18 06:00:00,25.0,92.0,0.0,2.2,0.0,1.4866,Cerah Berawan,wmo:2
dago,"Dago, Bandung",2026-09-18,32.73.02.1004,Dago,kelurahan,no,-6.889,107.61,Asia/Jakarta,"BMKG point: Dago, Coblong, Kota Bandung",18-09-2026,METEOFRANCE,Open-Meteo / Meteo-France,07:00,2026-09-18 07:00:00,25.3,90.0,0.0,2.3,0.0,1.4866,Cerah Berawan,wmo:2
dago,"Dago, Bandung",2026-09-18,32.73.02.1004,Dago,kelurahan,no,-6.889,107.61,Asia/Jakarta,"BMKG point: Dago, Coblong, Kota Bandung",18-09-2026,METEOFRANCE,Open-Meteo / Meteo-France,08:00,2026-09-18 08:00:00,26.4,83.0,0.0,3.0,0.0,1.4866,Cerah Berawan,wmo:2
dago,"Dago, Bandung",2026-09-18,32.73.02.1004,Dago,kelurahan,no,-6.889,107.61,Asia/Jakarta,"BMKG point: Dago, Coblong, Kota Bandung",18-09-2026,METEOFRANCE,Open-Meteo / Meteo-France,09:00,2026-09-18 09:00:00,28.3,72.0,0.0,5.2,0.0,1.4866,Cerah Berawan,wmo:1
dago,"Dago, Bandung",2026-09-18,32.73.02.1004,Dago,kelurahan,no,-6.889,107.61,Asia/Jakarta,"BMKG point: Dago, Coblong, Kota Bandung",18-09-2026,METEOFRANCE,Open-Meteo / Meteo-France,10:00,2026-09-18 10:00:00,30.5,62.0,0.0,8.2,0.0,1.4866,Cerah Berawan,wmo:1
dago,"Dago, Bandung",2026-09-18,32.73.02.1004,Dago,kelurahan,no,-6.889,107.61,Asia/Jakarta,"BMKG point: Dago, Coblong, Kota Bandung",18-09-2026,METEOFRANCE,Open-Meteo / Meteo-France,11:00,2026-09-18 11:00:00,32.1,56.0,0.0,11.0,0.0,1.4866,Cerah Berawan,wmo:1
dago,"Dago, Bandung",2026-09-18,32.73.02.1004,Dago,kelurahan,no,-6.889,107.61,Asia/Jakarta,"BMKG point: Dago, Coblong, Kota Bandung",18-09-2026,METEOFRANCE,Open-Meteo / Meteo-France,12:00,2026-09-18 12:00:00,33.2,51.0,0.0,12.5,0.0,1.4866,Cerah Berawan,wmo:1
dago,"Dago, Bandung",2026-09-18,32.73.02.1004,Dago,kelurahan,no,-6.889,107.61,Asia/Jakarta,"BMKG point: Dago, Coblong, Kota Bandung",18-09-2026,METEOFRANCE,Open-Meteo / Meteo-France,13:00,2026-09-18 13:00:00,33.9,48.0,0.0,13.1,0.0,1.4866,Cerah Berawan,wmo:2
dago,"Dago, Bandung",2026-09-18,32.73.02.1004,Dago,kelurahan,no,-6.889,107.61,Asia/Jakarta,"BMKG point: Dago, Coblong, Kota Bandung",18-09-2026,METEOFRANCE,Open-Meteo / Meteo-France,14:00,2026-09-18 14:00:00,34.1,47.0,0.0,13.8,0.0,1.4866,Cerah Berawan,wmo:2
dago,"Dago, Bandung",2026-09-18,32.73.02.1004,Dago,kelurahan,no,-6.889,107.61,Asia/Jakarta,"BMKG point: Dago, Coblong, Kota Bandung",18-09-2026,METEOFRANCE,Open-Meteo / Meteo-France,15:00,2026-09-18 15:00:00,33.7,47.0,0.0,13.7,0.0,1.4866,Berawan,wmo:3
dago,"Dago, Bandung",2026-09-18,32.73.02.1004,Dago,kelurahan,no,-6.889,107.61,Asia/Jakarta,"BMKG point: Dago, Coblong, Kota Bandung",18-09-2026,METEOFRANCE,Open-Meteo / Meteo-France,16:00,2026-09-18 16:00:00,32.9,51.0,0.0,13.2,0.0,1.4866,Berawan,wmo:3
dago,"Dago, Bandung",2026-09-18,32.73.02.1004,Dago,kelurahan,no,-6.889,107.61,Asia/Jakarta,"BMKG point: Dago, Coblong, Kota Bandung",18-09-2026,METEOFRANCE,Open-Meteo / Meteo-France,17:00,2026-09-18 17:00:00,31.4,61.0,0.2,11.6,0.0,1.4866,Hujan Ringan,wmo:51
dago,"Dago, Bandung",2026-09-18,32.73.02.1004,Dago,kelurahan,no,-6.889,107.61,Asia/Jakarta,"BMKG point: Dago, Coblong, Kota Bandung",18-09-2026,METEOFRANCE,Open-Meteo / Meteo-France,18:00,2026-09-18 18:00:00,29.4,74.0,0.2,9.2,0.0,1.4866,Hujan Ringan,wmo:51
dago,"Dago, Bandung",2026-09-18,32.73.02.1004,Dago,kelurahan,no,-6.889,107.61,Asia/Jakarta,"BMKG point: Dago, Coblong, Kota Bandung",18-09-2026,METEOFRANCE,Open-Meteo / Meteo-France,19:00,2026-09-18 19:00:00,27.8,85.0,0.2,7.6,0.0,1.4866,Hujan Ringan,wmo:51
dago,"Dago, Bandung",2026-09-18,32.73.02.1004,Dago,kelurahan,no,-6.889,107.61,Asia/Jakarta,"BMKG point: Dago, Coblong, Kota Bandung",18-09-2026,METEOFRANCE,Open-Meteo / Meteo-France,20:00,2026-09-18 20:00:00,27.0,90.0,0.5,6.2,0.0,1.4866,Hujan Ringan,wmo:53
dago,"Dago, Bandung",2026-09-18,32.73.02.1004,Dago,kelurahan,no,-6.889,107.61,Asia/Jakarta,"BMKG point: Dago, Coblong, Kota Bandung",18-09-2026,METEOFRANCE,Open-Meteo / Meteo-France,21:00,2026-09-18 21:00:00,26.5,93.0,0.5,5.6,0.0,1.4866,Hujan Ringan,wmo:53
dago,"Dago, Bandung",2026-09-18,32.73.02.1004,Dago,kelurahan,no,-6.889,107.61,Asia/Jakarta,"BMKG point: Dago, Coblong, Kota Bandung",18-09-2026,METEOFRANCE,Open-Meteo / Meteo-France,22:00,2026-09-18 22:00:00,26.2,95.0,0.5,5.4,0.0,1.4866,Hujan Ringan,wmo:53
dago,"Dago, Bandung",2026-09-18,32.73.02.1004,Dago,kelurahan,no,-6.889,107.61,Asia/Jakarta,"BMKG point: Dago, Coblong, Kota Bandung",18-09-2026,METEOFRANCE,Open-Meteo / Meteo-France,23:00,2026-09-18 23:00:00,26.0,97.0,2.5,4.6,0.0,1.4866,Hujan Sedang,wmo:81
dago,"Dago, Bandung",2026-09-18,32.73.02.1004,Dago,kelurahan,no,-6.889,107.61,Asia/Jakarta,"BMKG point: Dago, Coblong, Kota Bandung",18-09-2026,METNO,MET Norway,00:00,2026-09-18 00:00:00,22.0,78.2,0.0,5.76,0.0,1.3517,Cerah Berawan,fair_night
dago,"Dago, Bandung",2026-09-18,32.73.02.1004,Dago,kelurahan,no,-6.889,107.61,Asia/Jakarta,"BMKG point: Dago, Coblong, Kota Bandung",18-09-2026,METNO,MET Norway,01:00,2026-09-18 01:00:00,21.3,81.1,0.0,5.4,0.0,1.3517,Cerah Berawan,fair_night
dago,"Dago, Bandung",2026-09-18,32.73.02.1004,Dago,kelurahan,no,-6.889,107.61,Asia/Jakarta,"BMKG point: Dago, Coblong, Kota Bandung",18-09-2026,METNO,MET Norway,02:00,2026-09-18 02:00:00,21.2,80.8,0.0,3.6,0.0,1.3517,Cerah Berawan,partlycloudy_night
dago,"Dago, Bandung",2026-09-18,32.73.02.1004,Dago,kelurahan,no,-6.889,107.61,Asia/Jakarta,"BMKG point: Dago, Coblong, Kota Bandung",18-09-2026,METNO,MET Norway,03:00,2026-09-18 03:00:00,21.2,81.0,0.0,3.96,0.0,1.3517,Cerah Berawan,partlycloudy_night
dago,"Dago, Bandung",2026-09-18,32.73.02.1004,Dago,kelurahan,no,-6.889,107.61,Asia/Jakarta,"BMKG point: Dago, Coblong, Kota Bandung",18-09-2026,METNO,MET Norway,04:00,2026-09-18 04:00:00,21.1,82.8,0.0,4.32,0.0,1.3517,Cerah Berawan,fair_night
dago,"Dago, Bandung",2026-09-18,32.73.02.1004,Dago,kelurahan,no,-6.889,107.61,Asia/Jakarta,"BMKG point: Dago, Coblong, Kota Bandung",18-09-2026,METNO,MET Norway,05:00,2026-09-18 05:00:00,20.8,84.2,0.0,5.4,0.0,1.3517,Cerah Berawan,fair_night
dago,"Dago, Bandung",2026-09-18,32.73.02.1004,Dago,kelurahan,no,-6.889,107.61,Asia/Jakarta,"BMKG point: Dago, Coblong, Kota Bandung",18-09-2026,METNO,MET Norway,06:00,2026-09-18 06:00:00,20.5,85.8,0.0,5.4,0.0,1.3517,Cerah,clearsky_day
dago,"Dago, Bandung",2026-09-18,32.73.02.1004,Dago,kelurahan,no,-6.889,107.61,Asia/Jakarta,"BMKG point: Dago, Coblong, Kota Bandung",18-09-2026,METNO,MET Norway,07:00,2026-09-18 07:00:00,21.7,80.7,0.0,5.4,0.0,1.3517,Cerah,clearsky_day
dago,"Dago, Bandung",2026-09-18,32.73.02.1004,Dago,kelurahan,no,-6.889,107.61,Asia/Jakarta,"BMKG point: Dago, Coblong, Kota Bandung",18-09-2026,METNO,MET Norway,08:00,2026-09-18 08:00:00,23.7,69.5,0.0,5.04,0.0,1.3517,Cerah,clearsky_day
dago,"Dago, Bandung",2026-09-18,32.73.02.1004,Dago,kelurahan,no,-6.889,107.61,Asia/Jakarta,"BMKG point: Dago, Coblong, Kota Bandung",18-09-2026,METNO,MET Norway,09:00,2026-09-18 09:00:00,25.8,57.6,0.2,5.4,0.0,1.3517,Hujan Ringan,lightrainshowers_day
dago,"Dago, Bandung",2026-09-18,32.73.02.1004,Dago,kelurahan,no,-6.889,107.61,Asia/Jakarta,"BMKG point: Dago, Coblong, Kota Bandung",18-09-2026,METNO,MET Norway,10:00,2026-09-18 10:00:00,27.4,50.2,0.2,5.4,0.0,1.3517,Hujan Ringan,lightrainshowers_day
dago,"Dago, Bandung",2026-09-18,32.73.02.1004,Dago,kelurahan,no,-6.889,107.61,Asia/Jakarta,"BMKG point: Dago, Coblong, Kota Bandung",18-09-2026,METNO,MET Norway,11:00,2026-09-18 11:00:00,28.3,47.5,0.6,6.84,0.0,1.3517,Hujan Ringan,rainshowers_day
dago,"Dago, Bandung",2026-09-18,32.73.02.1004,Dago,kelurahan,no,-6.889,107.61,Asia/Jakarta,"BMKG point: Dago, Coblong, Kota Bandung",18-09-2026,METNO,MET Norway,12:00,2026-09-18 12:00:00,28.5,50.2,0.5,9.72,0.0,1.3517,Hujan Ringan,rainshowers_day
dago,"Dago, Bandung",2026-09-18,32.73.02.1004,Dago,kelurahan,no,-6.889,107.61,Asia/Jakarta,"BMKG point: Dago, Coblong, Kota Bandung",18-09-2026,METNO,MET Norway,13:00,2026-09-18 13:00:00,28.9,50.4,0.6,11.16,0.0,1.3517,Hujan Ringan,rainshowers_day
dago,"Dago, Bandung",2026-09-18,32.73.02.1004,Dago,kelurahan,no,-6.889,107.61,Asia/Jakarta,"BMKG point: Dago, Coblong, Kota Bandung",18-09-2026,METNO,MET Norway,14:00,2026-09-18 14:00:00,27.3,55.4,1.0,11.16,0.0,1.3517,Hujan Lebat,heavyrainshowers_day
dago,"Dago, Bandung",2026-09-18,32.73.02.1004,Dago,kelurahan,no,-6.889,107.61,Asia/Jakarta,"BMKG point: Dago, Coblong, Kota Bandung",18-09-2026,METNO,MET Norway,15:00,2026-09-18 15:00:00,27.6,56.2,1.0,12.6,0.0,1.3517,Hujan Lebat,heavyrainshowers_day
dago,"Dago, Bandung",2026-09-18,32.73.02.1004,Dago,kelurahan,no,-6.889,107.61,Asia/Jakarta,"BMKG point: Dago, Coblong, Kota Bandung",18-09-2026,METNO,MET Norway,16:00,2026-09-18 16:00:00,25.2,66.7,1.0,11.16,0.0,1.3517,Hujan Lebat,heavyrainshowers_day
dago,"Dago, Bandung",2026-09-18,32.73.02.1004,Dago,kelurahan,no,-6.889,107.61,Asia/Jakarta,"BMKG point: Dago, Coblong, Kota Bandung",18-09-2026,METNO,MET Norway,17:00,2026-09-18 17:00:00,23.8,75.6,0.2,6.84,0.0,1.3517,Hujan Ringan,lightrainshowers_day
dago,"Dago, Bandung",2026-09-18,32.73.02.1004,Dago,kelurahan,no,-6.889,107.61,Asia/Jakarta,"BMKG point: Dago, Coblong, Kota Bandung",18-09-2026,METNO,MET Norway,18:00,2026-09-18 18:00:00,23.5,77.0,0.2,3.24,0.0,1.3517,Hujan Ringan,lightrain
dago,"Dago, Bandung",2026-09-18,32.73.02.1004,Dago,kelurahan,no,-6.889,107.61,Asia/Jakarta,"BMKG point: Dago, Coblong, Kota Bandung",18-09-2026,METNO,MET Norway,19:00,2026-09-18 19:00:00,23.2,78.9,0.0,2.16,0.0,1.3517,Berawan,cloudy
dago,"Dago, Bandung",2026-09-18,32.73.02.1004,Dago,kelurahan,no,-6.889,107.61,Asia/Jakarta,"BMKG point: Dago, Coblong, Kota Bandung",18-09-2026,METNO,MET Norway,20:00,2026-09-18 20:00:00,23.0,80.2,0.0,2.52,0.0,1.3517,Berawan,cloudy
dago,"Dago, Bandung",2026-09-18,32.73.02.1004,Dago,kelurahan,no,-6.889,107.61,Asia/Jakarta,"BMKG point: Dago, Coblong, Kota Bandung",18-09-2026,METNO,MET Norway,21:00,2026-09-18 21:00:00,22.4,82.2,0.0,2.88,0.0,1.3517,Berawan,cloudy
dago,"Dago, Bandung",2026-09-18,32.73.02.1004,Dago,kelurahan,no,-6.889,107.61,Asia/Jakarta,"BMKG point: Dago, Coblong, Kota Bandung",18-09-2026,METNO,MET Norway,22:00,2026-09-18 22:00:00,22.2,83.3,0.0,2.16,0.0,1.3517,Cerah Berawan,partlycloudy_night
dago,"Dago, Bandung",2026-09-18,32.73.02.1004,Dago,kelurahan,no,-6.889,107.61,Asia/Jakarta,"BMKG point: Dago, Coblong, Kota Bandung",18-09-2026,METNO,MET Norway,23:00,2026-09-18 23:00:00,21.7,85.6,0.0,2.88,0.0,1.3517,Berawan,cloudy
dago,"Dago, Bandung",2026-09-18,32.73.02.1004,Dago,kelurahan,no,-6.889,107.61,Asia/Jakarta,"BMKG point: Dago, Coblong, Kota Bandung",18-09-2026,UKMO,Open-Meteo / UK Met Office,00:00,2026-09-18 00:00:00,21.9,86.0,0.0,0.7,0.0,1.3139,Berawan,wmo:3
dago,"Dago, Bandung",2026-09-18,32.73.02.1004,Dago,kelurahan,no,-6.889,107.61,Asia/Jakarta,"BMKG point: Dago, Coblong, Kota Bandung",18-09-2026,UKMO,Open-Meteo / UK Met Office,01:00,2026-09-18 01:00:00,21.2,91.0,0.1,1.1,0.0,1.3139,Hujan Ringan,wmo:51
dago,"Dago, Bandung",2026-09-18,32.73.02.1004,Dago,kelurahan,no,-6.889,107.61,Asia/Jakarta,"BMKG point: Dago, Coblong, Kota Bandung",18-09-2026,UKMO,Open-Meteo / UK Met Office,02:00,2026-09-18 02:00:00,20.7,93.0,0.2,2.5,0.0,1.3139,Hujan Ringan,wmo:51
dago,"Dago, Bandung",2026-09-18,32.73.02.1004,Dago,kelurahan,no,-6.889,107.61,Asia/Jakarta,"BMKG point: Dago, Coblong, Kota Bandung",18-09-2026,UKMO,Open-Meteo / UK Met Office,03:00,2026-09-18 03:00:00,20.6,93.0,0.1,3.6,0.0,1.3139,Hujan Ringan,wmo:51
dago,"Dago, Bandung",2026-09-18,32.73.02.1004,Dago,kelurahan,no,-6.889,107.61,Asia/Jakarta,"BMKG point: Dago, Coblong, Kota Bandung",18-09-2026,UKMO,Open-Meteo / UK Met Office,04:00,2026-09-18 04:00:00,20.4,92.0,0.0,5.0,0.0,1.3139,Cerah,wmo:0
dago,"Dago, Bandung",2026-09-18,32.73.02.1004,Dago,kelurahan,no,-6.889,107.61,Asia/Jakarta,"BMKG point: Dago, Coblong, Kota Bandung",18-09-2026,UKMO,Open-Meteo / UK Met Office,05:00,2026-09-18 05:00:00,19.7,92.0,0.0,4.7,0.0,1.3139,Cerah,wmo:0
dago,"Dago, Bandung",2026-09-18,32.73.02.1004,Dago,kelurahan,no,-6.889,107.61,Asia/Jakarta,"BMKG point: Dago, Coblong, Kota Bandung",18-09-2026,UKMO,Open-Meteo / UK Met Office,06:00,2026-09-18 06:00:00,19.5,92.0,0.0,3.2,0.0,1.3139,Cerah,wmo:0
dago,"Dago, Bandung",2026-09-18,32.73.02.1004,Dago,kelurahan,no,-6.889,107.61,Asia/Jakarta,"BMKG point: Dago, Coblong, Kota Bandung",18-09-2026,UKMO,Open-Meteo / UK Met Office,07:00,2026-09-18 07:00:00,20.4,88.0,0.0,4.0,0.0,1.3139,Cerah,wmo:0
dago,"Dago, Bandung",2026-09-18,32.73.02.1004,Dago,kelurahan,no,-6.889,107.61,Asia/Jakarta,"BMKG point: Dago, Coblong, Kota Bandung",18-09-2026,UKMO,Open-Meteo / UK Met Office,08:00,2026-09-18 08:00:00,21.6,82.0,0.0,4.3,0.0,1.3139,Cerah,wmo:0
dago,"Dago, Bandung",2026-09-18,32.73.02.1004,Dago,kelurahan,no,-6.889,107.61,Asia/Jakarta,"BMKG point: Dago, Coblong, Kota Bandung",18-09-2026,UKMO,Open-Meteo / UK Met Office,09:00,2026-09-18 09:00:00,23.5,73.0,0.0,2.9,0.0,1.3139,Cerah,wmo:0
dago,"Dago, Bandung",2026-09-18,32.73.02.1004,Dago,kelurahan,no,-6.889,107.61,Asia/Jakarta,"BMKG point: Dago, Coblong, Kota Bandung",18-09-2026,UKMO,Open-Meteo / UK Met Office,10:00,2026-09-18 10:00:00,25.7,59.0,0.0,3.6,0.0,1.3139,Cerah Berawan,wmo:1
dago,"Dago, Bandung",2026-09-18,32.73.02.1004,Dago,kelurahan,no,-6.889,107.61,Asia/Jakarta,"BMKG point: Dago, Coblong, Kota Bandung",18-09-2026,UKMO,Open-Meteo / UK Met Office,11:00,2026-09-18 11:00:00,27.2,52.0,0.0,4.0,0.0,1.3139,Berawan,wmo:3
dago,"Dago, Bandung",2026-09-18,32.73.02.1004,Dago,kelurahan,no,-6.889,107.61,Asia/Jakarta,"BMKG point: Dago, Coblong, Kota Bandung",18-09-2026,UKMO,Open-Meteo / UK Met Office,12:00,2026-09-18 12:00:00,26.7,57.0,0.1,7.9,0.0,1.3139,Hujan Ringan,wmo:51
dago,"Dago, Bandung",2026-09-18,32.73.02.1004,Dago,kelurahan,no,-6.889,107.61,Asia/Jakarta,"BMKG point: Dago, Coblong, Kota Bandung",18-09-2026,UKMO,Open-Meteo / UK Met Office,13:00,2026-09-18 13:00:00,26.7,59.0,0.3,9.7,0.0,1.3139,Hujan Ringan,wmo:51
dago,"Dago, Bandung",2026-09-18,32.73.02.1004,Dago,kelurahan,no,-6.889,107.61,Asia/Jakarta,"BMKG point: Dago, Coblong, Kota Bandung",18-09-2026,UKMO,Open-Meteo / UK Met Office,14:00,2026-09-18 14:00:00,27.3,56.0,0.2,10.8,0.0,1.3139,Hujan Ringan,wmo:51
dago,"Dago, Bandung",2026-09-18,32.73.02.1004,Dago,kelurahan,no,-6.889,107.61,Asia/Jakarta,"BMKG point: Dago, Coblong, Kota Bandung",18-09-2026,UKMO,Open-Meteo / UK Met Office,15:00,2026-09-18 15:00:00,26.8,59.0,0.2,6.1,0.0,1.3139,Hujan Ringan,wmo:51
dago,"Dago, Bandung",2026-09-18,32.73.02.1004,Dago,kelurahan,no,-6.889,107.61,Asia/Jakarta,"BMKG point: Dago, Coblong, Kota Bandung",18-09-2026,UKMO,Open-Meteo / UK Met Office,16:00,2026-09-18 16:00:00,25.8,65.0,0.3,5.4,0.0,1.3139,Hujan Ringan,wmo:51
dago,"Dago, Bandung",2026-09-18,32.73.02.1004,Dago,kelurahan,no,-6.889,107.61,Asia/Jakarta,"BMKG point: Dago, Coblong, Kota Bandung",18-09-2026,UKMO,Open-Meteo / UK Met Office,17:00,2026-09-18 17:00:00,24.0,79.0,1.1,1.8,0.0,1.3139,Hujan Ringan,wmo:55
dago,"Dago, Bandung",2026-09-18,32.73.02.1004,Dago,kelurahan,no,-6.889,107.61,Asia/Jakarta,"BMKG point: Dago, Coblong, Kota Bandung",18-09-2026,UKMO,Open-Meteo / UK Met Office,18:00,2026-09-18 18:00:00,23.0,88.0,2.3,4.0,0.0,1.3139,Hujan Ringan,wmo:80
dago,"Dago, Bandung",2026-09-18,32.73.02.1004,Dago,kelurahan,no,-6.889,107.61,Asia/Jakarta,"BMKG point: Dago, Coblong, Kota Bandung",18-09-2026,UKMO,Open-Meteo / UK Met Office,19:00,2026-09-18 19:00:00,22.3,93.0,2.5,6.5,0.0,1.3139,Hujan Sedang,wmo:81
dago,"Dago, Bandung",2026-09-18,32.73.02.1004,Dago,kelurahan,no,-6.889,107.61,Asia/Jakarta,"BMKG point: Dago, Coblong, Kota Bandung",18-09-2026,UKMO,Open-Meteo / UK Met Office,20:00,2026-09-18 20:00:00,21.9,94.0,1.4,5.8,0.0,1.3139,Hujan Ringan,wmo:80
dago,"Dago, Bandung",2026-09-18,32.73.02.1004,Dago,kelurahan,no,-6.889,107.61,Asia/Jakarta,"BMKG point: Dago, Coblong, Kota Bandung",18-09-2026,UKMO,Open-Meteo / UK Met Office,21:00,2026-09-18 21:00:00,21.8,93.0,1.4,4.3,0.0,1.3139,Hujan Ringan,wmo:80
dago,"Dago, Bandung",2026-09-18,32.73.02.1004,Dago,kelurahan,no,-6.889,107.61,Asia/Jakarta,"BMKG point: Dago, Coblong, Kota Bandung",18-09-2026,UKMO,Open-Meteo / UK Met Office,22:00,2026-09-18 22:00:00,21.8,91.0,1.4,2.9,0.0,1.3139,Hujan Ringan,wmo:61
dago,"Dago, Bandung",2026-09-18,32.73.02.1004,Dago,kelurahan,no,-6.889,107.61,Asia/Jakarta,"BMKG point: Dago, Coblong, Kota Bandung",18-09-2026,UKMO,Open-Meteo / UK Met Office,23:00,2026-09-18 23:00:00,21.7,91.0,0.1,1.8,0.0,1.3139,Hujan Ringan,wmo:51
jatinangor,"Jatinangor, Sumedang",2026-09-16,32.11.15.2002,Hegarmanah,kecamatan,yes,-6.938,107.7556,Asia/Jakarta,"BMKG representative point: Hegarmanah, Kecamatan Jatinangor",16-09-2026,BMKG,BMKG,19:00,2026-09-16 22:00:00,20.0,73.0,0.0,4.9,180.0,0.9742,Cerah,Cerah
jatinangor,"Jatinangor, Sumedang",2026-09-16,32.11.15.2002,Hegarmanah,kecamatan,yes,-6.938,107.7556,Asia/Jakarta,"BMKG representative point: Hegarmanah, Kecamatan Jatinangor",16-09-2026,BMKG,BMKG,20:00,2026-09-16 22:00:00,20.0,73.0,0.0,4.9,120.0,0.9742,Cerah,Cerah
jatinangor,"Jatinangor, Sumedang",2026-09-16,32.11.15.2002,Hegarmanah,kecamatan,yes,-6.938,107.7556,Asia/Jakarta,"BMKG representative point: Hegarmanah, Kecamatan Jatinangor",16-09-2026,BMKG,BMKG,21:00,2026-09-16 22:00:00,20.0,73.0,0.0,4.9,60.0,1.3285,Cerah,Cerah
jatinangor,"Jatinangor, Sumedang",2026-09-16,32.11.15.2002,Hegarmanah,kecamatan,yes,-6.938,107.7556,Asia/Jakarta,"BMKG representative point: Hegarmanah, Kecamatan Jatinangor",16-09-2026,BMKG,BMKG,22:00,2026-09-16 22:00:00,20.0,73.0,0.0,4.9,0.0,1.7713,Cerah,Cerah
jatinangor,"Jatinangor, Sumedang",2026-09-16,32.11.15.2002,Hegarmanah,kecamatan,yes,-6.938,107.7556,Asia/Jakarta,"BMKG representative point: Hegarmanah, Kecamatan Jatinangor",16-09-2026,BMKG,BMKG,23:00,2026-09-16 22:00:00,20.0,73.0,0.0,4.9,60.0,1.3285,Cerah,Cerah
jatinangor,"Jatinangor, Sumedang",2026-09-16,32.11.15.2002,Hegarmanah,kecamatan,yes,-6.938,107.7556,Asia/Jakarta,"BMKG representative point: Hegarmanah, Kecamatan Jatinangor",16-09-2026,CMA,Open-Meteo / CMA GRAPES,00:00,2026-09-16 00:00:00,20.1,81.0,0.0,10.2,0.0,1.1432,Cerah,wmo:0
jatinangor,"Jatinangor, Sumedang",2026-09-16,32.11.15.2002,Hegarmanah,kecamatan,yes,-6.938,107.7556,Asia/Jakarta,"BMKG representative point: Hegarmanah, Kecamatan Jatinangor",16-09-2026,CMA,Open-Meteo / CMA GRAPES,01:00,2026-09-16 01:00:00,20.1,82.0,0.0,10.0,0.0,1.1432,Cerah,wmo:0
jatinangor,"Jatinangor, Sumedang",2026-09-16,32.11.15.2002,Hegarmanah,kecamatan,yes,-6.938,107.7556,Asia/Jakarta,"BMKG representative point: Hegarmanah, Kecamatan Jatinangor",16-09-2026,CMA,Open-Meteo / CMA GRAPES,02:00,2026-09-16 02:00:00,20.0,84.0,0.0,9.7,0.0,1.1432,Cerah,wmo:0
jatinangor,"Jatinangor, Sumedang",2026-09-16,32.11.15.2002,Hegarmanah,kecamatan,yes,-6.938,107.7556,Asia/Jakarta,"BMKG representative point: Hegarmanah, Kecamatan Jatinangor",16-09-2026,CMA,Open-Meteo / CMA GRAPES,03:00,2026-09-16 03:00:00,19.9,86.0,0.0,9.5,0.0,1.1432,Cerah,wmo:0
jatinangor,"Jatinangor, Sumedang",2026-09-16,32.11.15.2002,Hegarmanah,kecamatan,yes,-6.938,107.7556,Asia/Jakarta,"BMKG representative point: Hegarmanah, Kecamatan Jatinangor",16-09-2026,CMA,Open-Meteo / CMA GRAPES,04:00,2026-09-16 04:00:00,19.9,87.0,0.0,9.2,0.0,1.1432,Cerah,wmo:0
jatinangor,"Jatinangor, Sumedang",2026-09-16,32.11.15.2002,Hegarmanah,kecamatan,yes,-6.938,107.7556,Asia/Jakarta,"BMKG representative point: Hegarmanah, Kecamatan Jatinangor",16-09-2026,CMA,Open-Meteo / CMA GRAPES,05:00,2026-09-16 05:00:00,20.0,84.0,0.0,9.2,0.0,1.1432,Cerah,wmo:0
jatinangor,"Jatinangor, Sumedang",2026-09-16,32.11.15.2002,Hegarmanah,kecamatan,yes,-6.938,107.7556,Asia/Jakarta,"BMKG representative point: Hegarmanah, Kecamatan Jatinangor",16-09-2026,CMA,Open-Meteo / CMA GRAPES,06:00,2026-09-16 06:00:00,20.2,80.0,0.0,9.2,0.0,1.1432,Cerah,wmo:0
jatinangor,"Jatinangor, Sumedang",2026-09-16,32.11.15.2002,Hegarmanah,kecamatan,yes,-6.938,107.7556,Asia/Jakarta,"BMKG representative point: Hegarmanah, Kecamatan Jatinangor",16-09-2026,CMA,Open-Meteo / CMA GRAPES,07:00,2026-09-16 07:00:00,20.8,75.0,0.0,8.9,0.0,1.1432,Cerah,wmo:0
jatinangor,"Jatinangor, Sumedang",2026-09-16,32.11.15.2002,Hegarmanah,kecamatan,yes,-6.938,107.7556,Asia/Jakarta,"BMKG representative point: Hegarmanah, Kecamatan Jatinangor",16-09-2026,CMA,Open-Meteo / CMA GRAPES,08:00,2026-09-16 08:00:00,21.9,71.0,0.0,8.7,0.0,1.1432,Cerah,wmo:0
jatinangor,"Jatinangor, Sumedang",2026-09-16,32.11.15.2002,Hegarmanah,kecamatan,yes,-6.938,107.7556,Asia/Jakarta,"BMKG representative point: Hegarmanah, Kecamatan Jatinangor",16-09-2026,CMA,Open-Meteo / CMA GRAPES,09:00,2026-09-16 09:00:00,23.4,66.0,0.0,9.4,0.0,1.1432,Cerah,wmo:0
jatinangor,"Jatinangor, Sumedang",2026-09-16,32.11.15.2002,Hegarmanah,kecamatan,yes,-6.938,107.7556,Asia/Jakarta,"BMKG representative point: Hegarmanah, Kecamatan Jatinangor",16-09-2026,CMA,Open-Meteo / CMA GRAPES,10:00,2026-09-16 10:00:00,24.7,63.0,0.0,10.2,0.0,1.1432,Cerah,wmo:0
jatinangor,"Jatinangor, Sumedang",2026-09-16,32.11.15.2002,Hegarmanah,kecamatan,yes,-6.938,107.7556,Asia/Jakarta,"BMKG representative point: Hegarmanah, Kecamatan Jatinangor",16-09-2026,CMA,Open-Meteo / CMA GRAPES,11:00,2026-09-16 11:00:00,25.4,62.0,0.0,10.8,0.0,1.1432,Cerah,wmo:0
jatinangor,"Jatinangor, Sumedang",2026-09-16,32.11.15.2002,Hegarmanah,kecamatan,yes,-6.938,107.7556,Asia/Jakarta,"BMKG representative point: Hegarmanah, Kecamatan Jatinangor",16-09-2026,CMA,Open-Meteo / CMA GRAPES,12:00,2026-09-16 12:00:00,26.0,62.0,0.0,11.0,0.0,1.1432,Cerah,wmo:0
jatinangor,"Jatinangor, Sumedang",2026-09-16,32.11.15.2002,Hegarmanah,kecamatan,yes,-6.938,107.7556,Asia/Jakarta,"BMKG representative point: Hegarmanah, Kecamatan Jatinangor",16-09-2026,CMA,Open-Meteo / CMA GRAPES,13:00,2026-09-16 13:00:00,26.3,62.0,0.0,11.0,0.0,1.1432,Cerah,wmo:0
jatinangor,"Jatinangor, Sumedang",2026-09-16,32.11.15.2002,Hegarmanah,kecamatan,yes,-6.938,107.7556,Asia/Jakarta,"BMKG representative point: Hegarmanah, Kecamatan Jatinangor",16-09-2026,CMA,Open-Meteo / CMA GRAPES,14:00,2026-09-16 14:00:00,26.6,60.0,0.0,10.3,0.0,1.1432,Cerah,wmo:0
jatinangor,"Jatinangor, Sumedang",2026-09-16,32.11.15.2002,Hegarmanah,kecamatan,yes,-6.938,107.7556,Asia/Jakarta,"BMKG representative point: Hegarmanah, Kecamatan Jatinangor",16-09-2026,CMA,Open-Meteo / CMA GRAPES,15:00,2026-09-16 15:00:00,26.7,59.0,0.0,9.4,0.0,1.1432,Cerah,wmo:0
jatinangor,"Jatinangor, Sumedang",2026-09-16,32.11.15.2002,Hegarmanah,kecamatan,yes,-6.938,107.7556,Asia/Jakarta,"BMKG representative point: Hegarmanah, Kecamatan Jatinangor",16-09-2026,CMA,Open-Meteo / CMA GRAPES,16:00,2026-09-16 16:00:00,26.5,60.0,0.0,8.5,0.0,1.1432,Cerah,wmo:0
jatinangor,"Jatinangor, Sumedang",2026-09-16,32.11.15.2002,Hegarmanah,kecamatan,yes,-6.938,107.7556,Asia/Jakarta,"BMKG representative point: Hegarmanah, Kecamatan Jatinangor",16-09-2026,CMA,Open-Meteo / CMA GRAPES,17:00,2026-09-16 17:00:00,25.6,68.0,0.0,6.2,0.0,1.1432,Cerah Berawan,wmo:1
jatinangor,"Jatinangor, Sumedang",2026-09-16,32.11.15.2002,Hegarmanah,kecamatan,yes,-6.938,107.7556,Asia/Jakarta,"BMKG representative point: Hegarmanah, Kecamatan Jatinangor",16-09-2026,CMA,Open-Meteo / CMA GRAPES,18:00,2026-09-16 18:00:00,24.3,79.0,0.0,3.1,0.0,1.1432,Cerah Berawan,wmo:1
jatinangor,"Jatinangor, Sumedang",2026-09-16,32.11.15.2002,Hegarmanah,kecamatan,yes,-6.938,107.7556,Asia/Jakarta,"BMKG representative point: Hegarmanah, Kecamatan Jatinangor",16-09-2026,CMA,Open-Meteo / CMA GRAPES,19:00,2026-09-16 19:00:00,23.4,87.0,0.0,1.3,0.0,1.1432,Cerah Berawan,wmo:1
jatinangor,"Jatinangor, Sumedang",2026-09-16,32.11.15.2002,Hegarmanah,kecamatan,yes,-6.938,107.7556,Asia/Jakarta,"BMKG representative point: Hegarmanah, Kecamatan Jatinangor",16-09-2026,CMA,Open-Meteo / CMA GRAPES,20:00,2026-09-16 20:00:00,23.0,89.0,0.1,1.6,0.0,1.1432,Hujan Ringan,wmo:51
jatinangor,"Jatinangor, Sumedang",2026-09-16,32.11.15.2002,Hegarmanah,kecamatan,yes,-6.938,107.7556,Asia/Jakarta,"BMKG representative point: Hegarmanah, Kecamatan Jatinangor",16-09-2026,CMA,Open-Meteo / CMA GRAPES,21:00,2026-09-16 21:00:00,23.0,88.0,0.1,3.2,0.0,1.1432,Hujan Ringan,wmo:51
jatinangor,"Jatinangor, Sumedang",2026-09-16,32.11.15.2002,Hegarmanah,kecamatan,yes,-6.938,107.7556,Asia/Jakarta,"BMKG representative point: Hegarmanah, Kecamatan Jatinangor",16-09-2026,CMA,Open-Meteo / CMA GRAPES,22:00,2026-09-16 22:00:00,22.9,87.0,0.1,4.3,0.0,1.1432,Hujan Ringan,wmo:51
jatinangor,"Jatinangor, Sumedang",2026-09-16,32.11.15.2002,Hegarmanah,kecamatan,yes,-6.938,107.7556,Asia/Jakarta,"BMKG representative point: Hegarmanah, Kecamatan Jatinangor",16-09-2026,CMA,Open-Meteo / CMA GRAPES,23:00,2026-09-16 23:00:00,22.5,89.0,0.0,4.4,0.0,1.1432,Cerah Berawan,wmo:1
jatinangor,"Jatinangor, Sumedang",2026-09-16,32.11.15.2002,Hegarmanah,kecamatan,yes,-6.938,107.7556,Asia/Jakarta,"BMKG representative point: Hegarmanah, Kecamatan Jatinangor",16-09-2026,ECMWF,Open-Meteo / ECMWF,00:00,2026-09-16 00:00:00,19.3,92.0,0.0,5.8,0.0,1.7253,Cerah,wmo:0
jatinangor,"Jatinangor, Sumedang",2026-09-16,32.11.15.2002,Hegarmanah,kecamatan,yes,-6.938,107.7556,Asia/Jakarta,"BMKG representative point: Hegarmanah, Kecamatan Jatinangor",16-09-2026,ECMWF,Open-Meteo / ECMWF,01:00,2026-09-16 01:00:00,18.8,94.0,0.0,5.9,0.0,1.7253,Cerah,wmo:0
jatinangor,"Jatinangor, Sumedang",2026-09-16,32.11.15.2002,Hegarmanah,kecamatan,yes,-6.938,107.7556,Asia/Jakarta,"BMKG representative point: Hegarmanah, Kecamatan Jatinangor",16-09-2026,ECMWF,Open-Meteo / ECMWF,02:00,2026-09-16 02:00:00,18.4,96.0,0.0,5.7,0.0,1.7253,Cerah Berawan,wmo:1
jatinangor,"Jatinangor, Sumedang",2026-09-16,32.11.15.2002,Hegarmanah,kecamatan,yes,-6.938,107.7556,Asia/Jakarta,"BMKG representative point: Hegarmanah, Kecamatan Jatinangor",16-09-2026,ECMWF,Open-Meteo / ECMWF,03:00,2026-09-16 03:00:00,18.2,96.0,0.0,5.2,0.0,1.7253,Cerah Berawan,wmo:2
jatinangor,"Jatinangor, Sumedang",2026-09-16,32.11.15.2002,Hegarmanah,kecamatan,yes,-6.938,107.7556,Asia/Jakarta,"BMKG representative point: Hegarmanah, Kecamatan Jatinangor",16-09-2026,ECMWF,Open-Meteo / ECMWF,04:00,2026-09-16 04:00:00,18.2,95.0,0.0,5.2,0.0,1.7253,Cerah Berawan,wmo:2
jatinangor,"Jatinangor, Sumedang",2026-09-16,32.11.15.2002,Hegarmanah,kecamatan,yes,-6.938,107.7556,Asia/Jakarta,"BMKG representative point: Hegarmanah, Kecamatan Jatinangor",16-09-2026,ECMWF,Open-Meteo / ECMWF,05:00,2026-09-16 05:00:00,18.4,92.0,0.0,5.4,0.0,1.7253,Cerah Berawan,wmo:2
jatinangor,"Jatinangor, Sumedang",2026-09-16,32.11.15.2002,Hegarmanah,kecamatan,yes,-6.938,107.7556,Asia/Jakarta,"BMKG representative point: Hegarmanah, Kecamatan Jatinangor",16-09-2026,ECMWF,Open-Meteo / ECMWF,06:00,2026-09-16 06:00:00,18.9,87.0,0.0,5.8,0.0,1.7253,Cerah Berawan,wmo:1
jatinangor,"Jatinangor, Sumedang",2026-09-16,32.11.15.2002,Hegarmanah,kecamatan,yes,-6.938,107.7556,Asia/Jakarta,"BMKG representative point: Hegarmanah, Kecamatan Jatinangor",16-09-2026,ECMWF,Open-Meteo / ECMWF,07:00,2026-09-16 07:00:00,20.1,80.0,0.0,6.5,0.0,1.7253,Cerah,wmo:0
jatinangor,"Jatinangor, Sumedang",2026-09-16,32.11.15.2002,Hegarmanah,kecamatan,yes,-6.938,107.7556,Asia/Jakarta,"BMKG representative point: Hegarmanah, Kecamatan Jatinangor",16-09-2026,ECMWF,Open-Meteo / ECMWF,08:00,2026-09-16 08:00:00,22.4,68.0,0.0,8.4,0.0,1.7253,Cerah,wmo:0
jatinangor,"Jatinangor, Sumedang",2026-09-16,32.11.15.2002,Hegarmanah,kecamatan,yes,-6.938,107.7556,Asia/Jakarta,"BMKG representative point: Hegarmanah, Kecamatan Jatinangor",16-09-2026,ECMWF,Open-Meteo / ECMWF,09:00,2026-09-16 09:00:00,25.4,54.0,0.0,10.4,0.0,1.7253,Cerah,wmo:0
jatinangor,"Jatinangor, Sumedang",2026-09-16,32.11.15.2002,Hegarmanah,kecamatan,yes,-6.938,107.7556,Asia/Jakarta,"BMKG representative point: Hegarmanah, Kecamatan Jatinangor",16-09-2026,ECMWF,Open-Meteo / ECMWF,10:00,2026-09-16 10:00:00,27.9,42.0,0.0,11.2,0.0,1.7253,Cerah,wmo:0
jatinangor,"Jatinangor, Sumedang",2026-09-16,32.11.15.2002,Hegarmanah,kecamatan,yes,-6.938,107.7556,Asia/Jakarta,"BMKG representative point: Hegarmanah, Kecamatan Jatinangor",16-09-2026,ECMWF,Open-Meteo / ECMWF,11:00,2026-09-16 11:00:00,29.7,35.0,0.0,8.8,0.0,1.7253,Cerah Berawan,wmo:1
jatinangor,"Jatinangor, Sumedang",2026-09-16,32.11.15.2002,Hegarmanah,kecamatan,yes,-6.938,107.7556,Asia/Jakarta,"BMKG representative point: Hegarmanah, Kecamatan Jatinangor",16-09-2026,ECMWF,Open-Meteo / ECMWF,12:00,2026-09-16 12:00:00,31.1,32.0,0.0,5.5,0.0,1.7253,Cerah Berawan,wmo:2
jatinangor,"Jatinangor, Sumedang",2026-09-16,32.11.15.2002,Hegarmanah,kecamatan,yes,-6.938,107.7556,Asia/Jakarta,"BMKG representative point: Hegarmanah, Kecamatan Jatinangor",16-09-2026,ECMWF,Open-Meteo / ECMWF,13:00,2026-09-16 13:00:00,31.6,31.0,0.0,4.1,0.0,1.7253,Berawan,wmo:3
jatinangor,"Jatinangor, Sumedang",2026-09-16,32.11.15.2002,Hegarmanah,kecamatan,yes,-6.938,107.7556,Asia/Jakarta,"BMKG representative point: Hegarmanah, Kecamatan Jatinangor",16-09-2026,ECMWF,Open-Meteo / ECMWF,14:00,2026-09-16 14:00:00,31.1,33.0,0.0,4.4,0.0,1.7253,Berawan,wmo:3
jatinangor,"Jatinangor, Sumedang",2026-09-16,32.11.15.2002,Hegarmanah,kecamatan,yes,-6.938,107.7556,Asia/Jakarta,"BMKG representative point: Hegarmanah, Kecamatan Jatinangor",16-09-2026,ECMWF,Open-Meteo / ECMWF,15:00,2026-09-16 15:00:00,29.7,37.0,0.0,5.2,0.0,1.7253,Berawan,wmo:3
jatinangor,"Jatinangor, Sumedang",2026-09-16,32.11.15.2002,Hegarmanah,kecamatan,yes,-6.938,107.7556,Asia/Jakarta,"BMKG representative point: Hegarmanah, Kecamatan Jatinangor",16-09-2026,ECMWF,Open-Meteo / ECMWF,16:00,2026-09-16 16:00:00,28.3,43.0,0.0,6.5,0.0,1.7253,Berawan,wmo:3
jatinangor,"Jatinangor, Sumedang",2026-09-16,32.11.15.2002,Hegarmanah,kecamatan,yes,-6.938,107.7556,Asia/Jakarta,"BMKG representative point: Hegarmanah, Kecamatan Jatinangor",16-09-2026,ECMWF,Open-Meteo / ECMWF,17:00,2026-09-16 17:00:00,26.8,50.0,0.0,7.2,0.0,1.7253,Cerah Berawan,wmo:2
jatinangor,"Jatinangor, Sumedang",2026-09-16,32.11.15.2002,Hegarmanah,kecamatan,yes,-6.938,107.7556,Asia/Jakarta,"BMKG representative point: Hegarmanah, Kecamatan Jatinangor",16-09-2026,ECMWF,Open-Meteo / ECMWF,18:00,2026-09-16 18:00:00,25.1,58.0,0.0,7.8,0.0,1.7253,Cerah Berawan,wmo:1
jatinangor,"Jatinangor, Sumedang",2026-09-16,32.11.15.2002,Hegarmanah,kecamatan,yes,-6.938,107.7556,Asia/Jakarta,"BMKG representative point: Hegarmanah, Kecamatan Jatinangor",16-09-2026,ECMWF,Open-Meteo / ECMWF,19:00,2026-09-16 19:00:00,23.8,65.0,0.0,8.0,0.0,1.7253,Cerah Berawan,wmo:1
jatinangor,"Jatinangor, Sumedang",2026-09-16,32.11.15.2002,Hegarmanah,kecamatan,yes,-6.938,107.7556,Asia/Jakarta,"BMKG representative point: Hegarmanah, Kecamatan Jatinangor",16-09-2026,ECMWF,Open-Meteo / ECMWF,20:00,2026-09-16 20:00:00,23.1,68.0,0.0,6.8,0.0,1.7253,Cerah Berawan,wmo:1
jatinangor,"Jatinangor, Sumedang",2026-09-16,32.11.15.2002,Hegarmanah,kecamatan,yes,-6.938,107.7556,Asia/Jakarta,"BMKG representative point: Hegarmanah, Kecamatan Jatinangor",16-09-2026,ECMWF,Open-Meteo / ECMWF,21:00,2026-09-16 21:00:00,22.8,70.0,0.0,5.2,0.0,1.7253,Cerah Berawan,wmo:1
jatinangor,"Jatinangor, Sumedang",2026-09-16,32.11.15.2002,Hegarmanah,kecamatan,yes,-6.938,107.7556,Asia/Jakarta,"BMKG representative point: Hegarmanah, Kecamatan Jatinangor",16-09-2026,ECMWF,Open-Meteo / ECMWF,22:00,2026-09-16 22:00:00,22.4,72.0,0.0,4.0,0.0,1.7253,Cerah Berawan,wmo:2
jatinangor,"Jatinangor, Sumedang",2026-09-16,32.11.15.2002,Hegarmanah,kecamatan,yes,-6.938,107.7556,Asia/Jakarta,"BMKG representative point: Hegarmanah, Kecamatan Jatinangor",16-09-2026,ECMWF,Open-Meteo / ECMWF,23:00,2026-09-16 23:00:00,21.7,75.0,0.0,4.0,0.0,1.7253,Cerah Berawan,wmo:1
jatinangor,"Jatinangor, Sumedang",2026-09-16,32.11.15.2002,Hegarmanah,kecamatan,yes,-6.938,107.7556,Asia/Jakarta,"BMKG representative point: Hegarmanah, Kecamatan Jatinangor",16-09-2026,GFS,Open-Meteo / NOAA GFS,00:00,2026-09-16 00:00:00,17.6,93.0,0.0,6.5,0.0,1.3709,Berawan,wmo:3
jatinangor,"Jatinangor, Sumedang",2026-09-16,32.11.15.2002,Hegarmanah,kecamatan,yes,-6.938,107.7556,Asia/Jakarta,"BMKG representative point: Hegarmanah, Kecamatan Jatinangor",16-09-2026,GFS,Open-Meteo / NOAA GFS,01:00,2026-09-16 01:00:00,17.2,93.0,0.0,6.5,0.0,1.3709,Berawan,wmo:3
jatinangor,"Jatinangor, Sumedang",2026-09-16,32.11.15.2002,Hegarmanah,kecamatan,yes,-6.938,107.7556,Asia/Jakarta,"BMKG representative point: Hegarmanah, Kecamatan Jatinangor",16-09-2026,GFS,Open-Meteo / NOAA GFS,02:00,2026-09-16 02:00:00,17.0,93.0,0.0,6.5,0.0,1.3709,Berawan,wmo:3
jatinangor,"Jatinangor, Sumedang",2026-09-16,32.11.15.2002,Hegarmanah,kecamatan,yes,-6.938,107.7556,Asia/Jakarta,"BMKG representative point: Hegarmanah, Kecamatan Jatinangor",16-09-2026,GFS,Open-Meteo / NOAA GFS,03:00,2026-09-16 03:00:00,16.9,94.0,0.0,6.4,0.0,1.3709,Berawan,wmo:3
jatinangor,"Jatinangor, Sumedang",2026-09-16,32.11.15.2002,Hegarmanah,kecamatan,yes,-6.938,107.7556,Asia/Jakarta,"BMKG representative point: Hegarmanah, Kecamatan Jatinangor",16-09-2026,GFS,Open-Meteo / NOAA GFS,04:00,2026-09-16 04:00:00,16.8,95.0,0.0,7.1,0.0,1.3709,Berawan,wmo:3
jatinangor,"Jatinangor, Sumedang",2026-09-16,32.11.15.2002,Hegarmanah,kecamatan,yes,-6.938,107.7556,Asia/Jakarta,"BMKG representative point: Hegarmanah, Kecamatan Jatinangor",16-09-2026,GFS,Open-Meteo / NOAA GFS,05:00,2026-09-16 05:00:00,16.8,95.0,0.0,7.6,0.0,1.3709,Cerah Berawan,wmo:2
jatinangor,"Jatinangor, Sumedang",2026-09-16,32.11.15.2002,Hegarmanah,kecamatan,yes,-6.938,107.7556,Asia/Jakarta,"BMKG representative point: Hegarmanah, Kecamatan Jatinangor",16-09-2026,GFS,Open-Meteo / NOAA GFS,06:00,2026-09-16 06:00:00,17.0,95.0,0.0,7.2,0.0,1.3709,Cerah Berawan,wmo:1
jatinangor,"Jatinangor, Sumedang",2026-09-16,32.11.15.2002,Hegarmanah,kecamatan,yes,-6.938,107.7556,Asia/Jakarta,"BMKG representative point: Hegarmanah, Kecamatan Jatinangor",16-09-2026,GFS,Open-Meteo / NOAA GFS,07:00,2026-09-16 07:00:00,20.6,78.0,0.0,7.1,0.0,1.3709,Berawan,wmo:3
jatinangor,"Jatinangor, Sumedang",2026-09-16,32.11.15.2002,Hegarmanah,kecamatan,yes,-6.938,107.7556,Asia/Jakarta,"BMKG representative point: Hegarmanah, Kecamatan Jatinangor",16-09-2026,GFS,Open-Meteo / NOAA GFS,08:00,2026-09-16 08:00:00,23.9,60.0,0.0,8.8,0.0,1.3709,Cerah,wmo:0
jatinangor,"Jatinangor, Sumedang",2026-09-16,32.11.15.2002,Hegarmanah,kecamatan,yes,-6.938,107.7556,Asia/Jakarta,"BMKG representative point: Hegarmanah, Kecamatan Jatinangor",16-09-2026,GFS,Open-Meteo / NOAA GFS,09:00,2026-09-16 09:00:00,26.8,48.0,0.0,8.4,0.0,1.3709,Cerah,wmo:0
jatinangor,"Jatinangor, Sumedang",2026-09-16,32.11.15.2002,Hegarmanah,kecamatan,yes,-6.938,107.7556,Asia/Jakarta,"BMKG representative point: Hegarmanah, Kecamatan Jatinangor",16-09-2026,GFS,Open-Meteo / NOAA GFS,10:00,2026-09-16 10:00:00,29.5,40.0,0.0,7.8,0.0,1.3709,Cerah,wmo:0
jatinangor,"Jatinangor, Sumedang",2026-09-16,32.11.15.2002,Hegarmanah,kecamatan,yes,-6.938,107.7556,Asia/Jakarta,"BMKG representative point: Hegarmanah, Kecamatan Jatinangor",16-09-2026,GFS,Open-Meteo / NOAA GFS,11:00,2026-09-16 11:00:00,31.6,33.0,0.0,7.2,0.0,1.3709,Cerah,wmo:0
jatinangor,"Jatinangor, Sumedang",2026-09-16,32.11.15.2002,Hegarmanah,kecamatan,yes,-6.938,107.7556,Asia/Jakarta,"BMKG representative point: Hegarmanah, Kecamatan Jatinangor",16-09-2026,GFS,Open-Meteo / NOAA GFS,12:00,2026-09-16 12:00:00,33.4,29.0,0.0,6.6,0.0,1.3709,Cerah,wmo:0
jatinangor,"Jatinangor, Sumedang",2026-09-16,32.11.15.2002,Hegarmanah,kecamatan,yes,-6.938,107.7556,Asia/Jakarta,"BMKG representative point: Hegarmanah, Kecamatan Jatinangor",16-09-2026,GFS,Open-Meteo / NOAA GFS,13:00,2026-09-16 13:00:00,33.5,28.0,0.0,11.0,0.0,1.3709,Cerah,wmo:0
jatinangor,"Jatinangor, Sumedang",2026-09-16,32.11.15.2002,Hegarmanah,kecamatan,yes,-6.938,107.7556,Asia/Jakarta,"BMKG representative point: Hegarmanah, Kecamatan Jatinangor",16-09-2026,GFS,Open-Meteo / NOAA GFS,14:00,2026-09-16 14:00:00,31.7,32.0,0.0,18.8,0.0,1.3709,Berawan,wmo:3
jatinangor,"Jatinangor, Sumedang",2026-09-16,32.11.15.2002,Hegarmanah,kecamatan,yes,-6.938,107.7556,Asia/Jakarta,"BMKG representative point: Hegarmanah, Kecamatan Jatinangor",16-09-2026,GFS,Open-Meteo / NOAA GFS,15:00,2026-09-16 15:00:00,28.7,39.0,0.0,13.6,0.0,1.3709,Berawan,wmo:3
jatinangor,"Jatinangor, Sumedang",2026-09-16,32.11.15.2002,Hegarmanah,kecamatan,yes,-6.938,107.7556,Asia/Jakarta,"BMKG representative point: Hegarmanah, Kecamatan Jatinangor",16-09-2026,GFS,Open-Meteo / NOAA GFS,16:00,2026-09-16 16:00:00,27.1,47.0,0.0,11.1,0.0,1.3709,Berawan,wmo:3
jatinangor,"Jatinangor, Sumedang",2026-09-16,32.11.15.2002,Hegarmanah,kecamatan,yes,-6.938,107.7556,Asia/Jakarta,"BMKG representative point: Hegarmanah, Kecamatan Jatinangor",16-09-2026,GFS,Open-Meteo / NOAA GFS,17:00,2026-09-16 17:00:00,25.3,59.0,0.0,9.9,0.0,1.3709,Berawan,wmo:3
jatinangor,"Jatinangor, Sumedang",2026-09-16,32.11.15.2002,Hegarmanah,kecamatan,yes,-6.938,107.7556,Asia/Jakarta,"BMKG representative point: Hegarmanah, Kecamatan Jatinangor",16-09-2026,GFS,Open-Meteo / NOAA GFS,18:00,2026-09-16 18:00:00,23.3,70.0,0.2,6.1,0.0,1.3709,Hujan Ringan,wmo:51
jatinangor,"Jatinangor, Sumedang",2026-09-16,32.11.15.2002,Hegarmanah,kecamatan,yes,-6.938,107.7556,Asia/Jakarta,"BMKG representative point: Hegarmanah, Kecamatan Jatinangor",16-09-2026,GFS,Open-Meteo / NOAA GFS,19:00,2026-09-16 19:00:00,22.8,73.0,0.0,5.1,0.0,1.3709,Berawan,wmo:3
jatinangor,"Jatinangor, Sumedang",2026-09-16,32.11.15.2002,Hegarmanah,kecamatan,yes,-6.938,107.7556,Asia/Jakarta,"BMKG representative point: Hegarmanah, Kecamatan Jatinangor",16-09-2026,GFS,Open-Meteo / NOAA GFS,20:00,2026-09-16 20:00:00,22.6,75.0,0.0,5.4,0.0,1.3709,Berawan,wmo:3
jatinangor,"Jatinangor, Sumedang",2026-09-16,32.11.15.2002,Hegarmanah,kecamatan,yes,-6.938,107.7556,Asia/Jakarta,"BMKG representative point: Hegarmanah, Kecamatan Jatinangor",16-09-2026,GFS,Open-Meteo / NOAA GFS,21:00,2026-09-16 21:00:00,22.1,78.0,0.0,4.3,0.0,1.3709,Berawan,wmo:3
jatinangor,"Jatinangor, Sumedang",2026-09-16,32.11.15.2002,Hegarmanah,kecamatan,yes,-6.938,107.7556,Asia/Jakarta,"BMKG representative point: Hegarmanah, Kecamatan Jatinangor",16-09-2026,GFS,Open-Meteo / NOAA GFS,22:00,2026-09-16 22:00:00,21.4,82.0,0.0,5.2,0.0,1.3709,Berawan,wmo:3
jatinangor,"Jatinangor, Sumedang",2026-09-16,32.11.15.2002,Hegarmanah,kecamatan,yes,-6.938,107.7556,Asia/Jakarta,"BMKG representative point: Hegarmanah, Kecamatan Jatinangor",16-09-2026,GFS,Open-Meteo / NOAA GFS,23:00,2026-09-16 23:00:00,20.7,85.0,0.0,5.9,0.0,1.3709,Berawan,wmo:3
jatinangor,"Jatinangor, Sumedang",2026-09-16,32.11.15.2002,Hegarmanah,kecamatan,yes,-6.938,107.7556,Asia/Jakarta,"BMKG representative point: Hegarmanah, Kecamatan Jatinangor",16-09-2026,ICON,Open-Meteo / DWD ICON,00:00,2026-09-16 00:00:00,20.2,87.0,0.0,5.1,0.0,1.4495,Cerah Berawan,wmo:1
jatinangor,"Jatinangor, Sumedang",2026-09-16,32.11.15.2002,Hegarmanah,kecamatan,yes,-6.938,107.7556,Asia/Jakarta,"BMKG representative point: Hegarmanah, Kecamatan Jatinangor",16-09-2026,ICON,Open-Meteo / DWD ICON,01:00,2026-09-16 01:00:00,20.1,88.0,0.0,4.9,0.0,1.4495,Cerah Berawan,wmo:1
jatinangor,"Jatinangor, Sumedang",2026-09-16,32.11.15.2002,Hegarmanah,kecamatan,yes,-6.938,107.7556,Asia/Jakarta,"BMKG representative point: Hegarmanah, Kecamatan Jatinangor",16-09-2026,ICON,Open-Meteo / DWD ICON,02:00,2026-09-16 02:00:00,19.6,89.0,0.0,4.3,0.0,1.4495,Cerah Berawan,wmo:1
jatinangor,"Jatinangor, Sumedang",2026-09-16,32.11.15.2002,Hegarmanah,kecamatan,yes,-6.938,107.7556,Asia/Jakarta,"BMKG representative point: Hegarmanah, Kecamatan Jatinangor",16-09-2026,ICON,Open-Meteo / DWD ICON,03:00,2026-09-16 03:00:00,19.1,90.0,0.0,4.9,0.0,1.4495,Cerah Berawan,wmo:1
jatinangor,"Jatinangor, Sumedang",2026-09-16,32.11.15.2002,Hegarmanah,kecamatan,yes,-6.938,107.7556,Asia/Jakarta,"BMKG representative point: Hegarmanah, Kecamatan Jatinangor",16-09-2026,ICON,Open-Meteo / DWD ICON,04:00,2026-09-16 04:00:00,18.5,91.0,0.0,4.9,0.0,1.4495,Cerah Berawan,wmo:1
jatinangor,"Jatinangor, Sumedang",2026-09-16,32.11.15.2002,Hegarmanah,kecamatan,yes,-6.938,107.7556,Asia/Jakarta,"BMKG representative point: Hegarmanah, Kecamatan Jatinangor",16-09-2026,ICON,Open-Meteo / DWD ICON,05:00,2026-09-16 05:00:00,18.1,90.0,0.0,4.9,0.0,1.4495,Cerah Berawan,wmo:1
jatinangor,"Jatinangor, Sumedang",2026-09-16,32.11.15.2002,Hegarmanah,kecamatan,yes,-6.938,107.7556,Asia/Jakarta,"BMKG representative point: Hegarmanah, Kecamatan Jatinangor",16-09-2026,ICON,Open-Meteo / DWD ICON,06:00,2026-09-16 06:00:00,17.9,90.0,0.0,4.6,0.0,1.4495,Cerah Berawan,wmo:1
jatinangor,"Jatinangor, Sumedang",2026-09-16,32.11.15.2002,Hegarmanah,kecamatan,yes,-6.938,107.7556,Asia/Jakarta,"BMKG representative point: Hegarmanah, Kecamatan Jatinangor",16-09-2026,ICON,Open-Meteo / DWD ICON,07:00,2026-09-16 07:00:00,20.4,84.0,0.0,4.7,0.0,1.4495,Cerah Berawan,wmo:1
jatinangor,"Jatinangor, Sumedang",2026-09-16,32.11.15.2002,Hegarmanah,kecamatan,yes,-6.938,107.7556,Asia/Jakarta,"BMKG representative point: Hegarmanah, Kecamatan Jatinangor",16-09-2026,ICON,Open-Meteo / DWD ICON,08:00,2026-09-16 08:00:00,23.8,68.0,0.0,6.7,0.0,1.4495,Cerah Berawan,wmo:1
jatinangor,"Jatinangor, Sumedang",2026-09-16,32.11.15.2002,Hegarmanah,kecamatan,yes,-6.938,107.7556,Asia/Jakarta,"BMKG representative point: Hegarmanah, Kecamatan Jatinangor",16-09-2026,ICON,Open-Meteo / DWD ICON,09:00,2026-09-16 09:00:00,26.0,59.0,0.0,6.8,0.0,1.4495,Cerah,wmo:0
jatinangor,"Jatinangor, Sumedang",2026-09-16,32.11.15.2002,Hegarmanah,kecamatan,yes,-6.938,107.7556,Asia/Jakarta,"BMKG representative point: Hegarmanah, Kecamatan Jatinangor",16-09-2026,ICON,Open-Meteo / DWD ICON,10:00,2026-09-16 10:00:00,27.9,52.0,0.0,6.2,0.0,1.4495,Cerah,wmo:0
jatinangor,"Jatinangor, Sumedang",2026-09-16,32.11.15.2002,Hegarmanah,kecamatan,yes,-6.938,107.7556,Asia/Jakarta,"BMKG representative point: Hegarmanah, Kecamatan Jatinangor",16-09-2026,ICON,Open-Meteo / DWD ICON,11:00,2026-09-16 11:00:00,29.3,46.0,0.0,4.8,0.0,1.4495,Cerah Berawan,wmo:1
jatinangor,"Jatinangor, Sumedang",2026-09-16,32.11.15.2002,Hegarmanah,kecamatan,yes,-6.938,107.7556,Asia/Jakarta,"BMKG representative point: Hegarmanah, Kecamatan Jatinangor",16-09-2026,ICON,Open-Meteo / DWD ICON,12:00,2026-09-16 12:00:00,30.4,40.0,0.0,3.6,0.0,1.4495,Cerah Berawan,wmo:1
jatinangor,"Jatinangor, Sumedang",2026-09-16,32.11.15.2002,Hegarmanah,kecamatan,yes,-6.938,107.7556,Asia/Jakarta,"BMKG representative point: Hegarmanah, Kecamatan Jatinangor",16-09-2026,ICON,Open-Meteo / DWD ICON,13:00,2026-09-16 13:00:00,31.5,38.0,0.0,7.0,0.0,1.4495,Cerah Berawan,wmo:2
jatinangor,"Jatinangor, Sumedang",2026-09-16,32.11.15.2002,Hegarmanah,kecamatan,yes,-6.938,107.7556,Asia/Jakarta,"BMKG representative point: Hegarmanah, Kecamatan Jatinangor",16-09-2026,ICON,Open-Meteo / DWD ICON,14:00,2026-09-16 14:00:00,31.8,35.0,0.0,6.6,0.0,1.4495,Cerah Berawan,wmo:2
jatinangor,"Jatinangor, Sumedang",2026-09-16,32.11.15.2002,Hegarmanah,kecamatan,yes,-6.938,107.7556,Asia/Jakarta,"BMKG representative point: Hegarmanah, Kecamatan Jatinangor",16-09-2026,ICON,Open-Meteo / DWD ICON,15:00,2026-09-16 15:00:00,31.6,34.0,0.0,9.0,0.0,1.4495,Berawan,wmo:3
jatinangor,"Jatinangor, Sumedang",2026-09-16,32.11.15.2002,Hegarmanah,kecamatan,yes,-6.938,107.7556,Asia/Jakarta,"BMKG representative point: Hegarmanah, Kecamatan Jatinangor",16-09-2026,ICON,Open-Meteo / DWD ICON,16:00,2026-09-16 16:00:00,30.2,40.0,0.0,14.2,0.0,1.4495,Berawan,wmo:3
jatinangor,"Jatinangor, Sumedang",2026-09-16,32.11.15.2002,Hegarmanah,kecamatan,yes,-6.938,107.7556,Asia/Jakarta,"BMKG representative point: Hegarmanah, Kecamatan Jatinangor",16-09-2026,ICON,Open-Meteo / DWD ICON,17:00,2026-09-16 17:00:00,28.1,50.0,0.0,14.4,0.0,1.4495,Cerah Berawan,wmo:2
jatinangor,"Jatinangor, Sumedang",2026-09-16,32.11.15.2002,Hegarmanah,kecamatan,yes,-6.938,107.7556,Asia/Jakarta,"BMKG representative point: Hegarmanah, Kecamatan Jatinangor",16-09-2026,ICON,Open-Meteo / DWD ICON,18:00,2026-09-16 18:00:00,25.9,61.0,0.0,10.5,0.0,1.4495,Cerah Berawan,wmo:2
jatinangor,"Jatinangor, Sumedang",2026-09-16,32.11.15.2002,Hegarmanah,kecamatan,yes,-6.938,107.7556,Asia/Jakarta,"BMKG representative point: Hegarmanah, Kecamatan Jatinangor",16-09-2026,ICON,Open-Meteo / DWD ICON,19:00,2026-09-16 19:00:00,24.7,69.0,0.0,10.2,0.0,1.4495,Cerah Berawan,wmo:1
jatinangor,"Jatinangor, Sumedang",2026-09-16,32.11.15.2002,Hegarmanah,kecamatan,yes,-6.938,107.7556,Asia/Jakarta,"BMKG representative point: Hegarmanah, Kecamatan Jatinangor",16-09-2026,ICON,Open-Meteo / DWD ICON,20:00,2026-09-16 20:00:00,23.8,72.0,0.0,6.7,0.0,1.4495,Cerah Berawan,wmo:2
jatinangor,"Jatinangor, Sumedang",2026-09-16,32.11.15.2002,Hegarmanah,kecamatan,yes,-6.938,107.7556,Asia/Jakarta,"BMKG representative point: Hegarmanah, Kecamatan Jatinangor",16-09-2026,ICON,Open-Meteo / DWD ICON,21:00,2026-09-16 21:00:00,22.8,76.0,0.0,6.4,0.0,1.4495,Cerah Berawan,wmo:2
jatinangor,"Jatinangor, Sumedang",2026-09-16,32.11.15.2002,Hegarmanah,kecamatan,yes,-6.938,107.7556,Asia/Jakarta,"BMKG representative point: Hegarmanah, Kecamatan Jatinangor",16-09-2026,ICON,Open-Meteo / DWD ICON,22:00,2026-09-16 22:00:00,22.1,77.0,0.0,6.1,0.0,1.4495,Cerah Berawan,wmo:2
jatinangor,"Jatinangor, Sumedang",2026-09-16,32.11.15.2002,Hegarmanah,kecamatan,yes,-6.938,107.7556,Asia/Jakarta,"BMKG representative point: Hegarmanah, Kecamatan Jatinangor",16-09-2026,ICON,Open-Meteo / DWD ICON,23:00,2026-09-16 23:00:00,21.6,76.0,0.0,5.9,0.0,1.4495,Berawan,wmo:3
jatinangor,"Jatinangor, Sumedang",2026-09-16,32.11.15.2002,Hegarmanah,kecamatan,yes,-6.938,107.7556,Asia/Jakarta,"BMKG representative point: Hegarmanah, Kecamatan Jatinangor",16-09-2026,KMA,Open-Meteo / KMA,00:00,2026-09-16 00:00:00,,,,,0.0,0.5382,Berawan,wmo:None
jatinangor,"Jatinangor, Sumedang",2026-09-16,32.11.15.2002,Hegarmanah,kecamatan,yes,-6.938,107.7556,Asia/Jakarta,"BMKG representative point: Hegarmanah, Kecamatan Jatinangor",16-09-2026,KMA,Open-Meteo / KMA,01:00,2026-09-16 01:00:00,,,,,0.0,0.5382,Berawan,wmo:None
jatinangor,"Jatinangor, Sumedang",2026-09-16,32.11.15.2002,Hegarmanah,kecamatan,yes,-6.938,107.7556,Asia/Jakarta,"BMKG representative point: Hegarmanah, Kecamatan Jatinangor",16-09-2026,KMA,Open-Meteo / KMA,02:00,2026-09-16 02:00:00,,,,,0.0,0.5382,Berawan,wmo:None
jatinangor,"Jatinangor, Sumedang",2026-09-16,32.11.15.2002,Hegarmanah,kecamatan,yes,-6.938,107.7556,Asia/Jakarta,"BMKG representative point: Hegarmanah, Kecamatan Jatinangor",16-09-2026,KMA,Open-Meteo / KMA,03:00,2026-09-16 03:00:00,,,,,0.0,0.5382,Berawan,wmo:None
jatinangor,"Jatinangor, Sumedang",2026-09-16,32.11.15.2002,Hegarmanah,kecamatan,yes,-6.938,107.7556,Asia/Jakarta,"BMKG representative point: Hegarmanah, Kecamatan Jatinangor",16-09-2026,KMA,Open-Meteo / KMA,04:00,2026-09-16 04:00:00,,,,,0.0,0.5382,Berawan,wmo:None
jatinangor,"Jatinangor, Sumedang",2026-09-16,32.11.15.2002,Hegarmanah,kecamatan,yes,-6.938,107.7556,Asia/Jakarta,"BMKG representative point: Hegarmanah, Kecamatan Jatinangor",16-09-2026,KMA,Open-Meteo / KMA,05:00,2026-09-16 05:00:00,,,,,0.0,0.5382,Berawan,wmo:None
jatinangor,"Jatinangor, Sumedang",2026-09-16,32.11.15.2002,Hegarmanah,kecamatan,yes,-6.938,107.7556,Asia/Jakarta,"BMKG representative point: Hegarmanah, Kecamatan Jatinangor",16-09-2026,KMA,Open-Meteo / KMA,06:00,2026-09-16 06:00:00,,,,,0.0,0.5382,Berawan,wmo:None
jatinangor,"Jatinangor, Sumedang",2026-09-16,32.11.15.2002,Hegarmanah,kecamatan,yes,-6.938,107.7556,Asia/Jakarta,"BMKG representative point: Hegarmanah, Kecamatan Jatinangor",16-09-2026,KMA,Open-Meteo / KMA,07:00,2026-09-16 07:00:00,,,,,0.0,0.5382,Berawan,wmo:None
jatinangor,"Jatinangor, Sumedang",2026-09-16,32.11.15.2002,Hegarmanah,kecamatan,yes,-6.938,107.7556,Asia/Jakarta,"BMKG representative point: Hegarmanah, Kecamatan Jatinangor",16-09-2026,KMA,Open-Meteo / KMA,08:00,2026-09-16 08:00:00,,,,,0.0,0.5382,Berawan,wmo:None
jatinangor,"Jatinangor, Sumedang",2026-09-16,32.11.15.2002,Hegarmanah,kecamatan,yes,-6.938,107.7556,Asia/Jakarta,"BMKG representative point: Hegarmanah, Kecamatan Jatinangor",16-09-2026,KMA,Open-Meteo / KMA,09:00,2026-09-16 09:00:00,,,,,0.0,0.5382,Berawan,wmo:None
jatinangor,"Jatinangor, Sumedang",2026-09-16,32.11.15.2002,Hegarmanah,kecamatan,yes,-6.938,107.7556,Asia/Jakarta,"BMKG representative point: Hegarmanah, Kecamatan Jatinangor",16-09-2026,KMA,Open-Meteo / KMA,10:00,2026-09-16 10:00:00,,,,,0.0,0.5382,Berawan,wmo:None
jatinangor,"Jatinangor, Sumedang",2026-09-16,32.11.15.2002,Hegarmanah,kecamatan,yes,-6.938,107.7556,Asia/Jakarta,"BMKG representative point: Hegarmanah, Kecamatan Jatinangor",16-09-2026,KMA,Open-Meteo / KMA,11:00,2026-09-16 11:00:00,,,,,0.0,0.5382,Berawan,wmo:None
jatinangor,"Jatinangor, Sumedang",2026-09-16,32.11.15.2002,Hegarmanah,kecamatan,yes,-6.938,107.7556,Asia/Jakarta,"BMKG representative point: Hegarmanah, Kecamatan Jatinangor",16-09-2026,KMA,Open-Meteo / KMA,12:00,2026-09-16 12:00:00,,,,,0.0,0.5382,Berawan,wmo:None
jatinangor,"Jatinangor, Sumedang",2026-09-16,32.11.15.2002,Hegarmanah,kecamatan,yes,-6.938,107.7556,Asia/Jakarta,"BMKG representative point: Hegarmanah, Kecamatan Jatinangor",16-09-2026,KMA,Open-Meteo / KMA,13:00,2026-09-16 13:00:00,,,,,0.0,0.5382,Berawan,wmo:None
jatinangor,"Jatinangor, Sumedang",2026-09-16,32.11.15.2002,Hegarmanah,kecamatan,yes,-6.938,107.7556,Asia/Jakarta,"BMKG representative point: Hegarmanah, Kecamatan Jatinangor",16-09-2026,KMA,Open-Meteo / KMA,14:00,2026-09-16 14:00:00,,,,,0.0,0.5382,Berawan,wmo:None
jatinangor,"Jatinangor, Sumedang",2026-09-16,32.11.15.2002,Hegarmanah,kecamatan,yes,-6.938,107.7556,Asia/Jakarta,"BMKG representative point: Hegarmanah, Kecamatan Jatinangor",16-09-2026,KMA,Open-Meteo / KMA,15:00,2026-09-16 15:00:00,,,,,0.0,0.5382,Berawan,wmo:None
jatinangor,"Jatinangor, Sumedang",2026-09-16,32.11.15.2002,Hegarmanah,kecamatan,yes,-6.938,107.7556,Asia/Jakarta,"BMKG representative point: Hegarmanah, Kecamatan Jatinangor",16-09-2026,KMA,Open-Meteo / KMA,16:00,2026-09-16 16:00:00,,,,,0.0,0.5382,Berawan,wmo:None
jatinangor,"Jatinangor, Sumedang",2026-09-16,32.11.15.2002,Hegarmanah,kecamatan,yes,-6.938,107.7556,Asia/Jakarta,"BMKG representative point: Hegarmanah, Kecamatan Jatinangor",16-09-2026,KMA,Open-Meteo / KMA,17:00,2026-09-16 17:00:00,,,,,0.0,0.5382,Berawan,wmo:None
jatinangor,"Jatinangor, Sumedang",2026-09-16,32.11.15.2002,Hegarmanah,kecamatan,yes,-6.938,107.7556,Asia/Jakarta,"BMKG representative point: Hegarmanah, Kecamatan Jatinangor",16-09-2026,KMA,Open-Meteo / KMA,18:00,2026-09-16 18:00:00,,,,,0.0,0.5382,Berawan,wmo:None
jatinangor,"Jatinangor, Sumedang",2026-09-16,32.11.15.2002,Hegarmanah,kecamatan,yes,-6.938,107.7556,Asia/Jakarta,"BMKG representative point: Hegarmanah, Kecamatan Jatinangor",16-09-2026,KMA,Open-Meteo / KMA,19:00,2026-09-16 19:00:00,,,,,0.0,0.5382,Berawan,wmo:None
jatinangor,"Jatinangor, Sumedang",2026-09-16,32.11.15.2002,Hegarmanah,kecamatan,yes,-6.938,107.7556,Asia/Jakarta,"BMKG representative point: Hegarmanah, Kecamatan Jatinangor",16-09-2026,KMA,Open-Meteo / KMA,20:00,2026-09-16 20:00:00,,,,,0.0,0.5382,Berawan,wmo:None
jatinangor,"Jatinangor, Sumedang",2026-09-16,32.11.15.2002,Hegarmanah,kecamatan,yes,-6.938,107.7556,Asia/Jakarta,"BMKG representative point: Hegarmanah, Kecamatan Jatinangor",16-09-2026,KMA,Open-Meteo / KMA,21:00,2026-09-16 21:00:00,,,,,0.0,0.5382,Berawan,wmo:None
jatinangor,"Jatinangor, Sumedang",2026-09-16,32.11.15.2002,Hegarmanah,kecamatan,yes,-6.938,107.7556,Asia/Jakarta,"BMKG representative point: Hegarmanah, Kecamatan Jatinangor",16-09-2026,KMA,Open-Meteo / KMA,22:00,2026-09-16 22:00:00,,,,,0.0,0.5382,Berawan,wmo:None
jatinangor,"Jatinangor, Sumedang",2026-09-16,32.11.15.2002,Hegarmanah,kecamatan,yes,-6.938,107.7556,Asia/Jakarta,"BMKG representative point: Hegarmanah, Kecamatan Jatinangor",16-09-2026,KMA,Open-Meteo / KMA,23:00,2026-09-16 23:00:00,,,,,0.0,0.5382,Berawan,wmo:None
jatinangor,"Jatinangor, Sumedang",2026-09-16,32.11.15.2002,Hegarmanah,kecamatan,yes,-6.938,107.7556,Asia/Jakarta,"BMKG representative point: Hegarmanah, Kecamatan Jatinangor",16-09-2026,METEOFRANCE,Open-Meteo / Meteo-France,00:00,2026-09-16 00:00:00,24.3,82.0,0.0,3.7,0.0,1.439,Cerah Berawan,wmo:1
jatinangor,"Jatinangor, Sumedang",2026-09-16,32.11.15.2002,Hegarmanah,kecamatan,yes,-6.938,107.7556,Asia/Jakarta,"BMKG representative point: Hegarmanah, Kecamatan Jatinangor",16-09-2026,METEOFRANCE,Open-Meteo / Meteo-France,01:00,2026-09-16 01:00:00,23.8,82.0,0.0,3.5,0.0,1.439,Cerah Berawan,wmo:2
jatinangor,"Jatinangor, Sumedang",2026-09-16,32.11.15.2002,Hegarmanah,kecamatan,yes,-6.938,107.7556,Asia/Jakarta,"BMKG representative point: Hegarmanah, Kecamatan Jatinangor",16-09-2026,METEOFRANCE,Open-Meteo / Meteo-France,02:00,2026-09-16 02:00:00,23.4,83.0,0.0,4.2,0.0,1.439,Cerah Berawan,wmo:2
jatinangor,"Jatinangor, Sumedang",2026-09-16,32.11.15.2002,Hegarmanah,kecamatan,yes,-6.938,107.7556,Asia/Jakarta,"BMKG representative point: Hegarmanah, Kecamatan Jatinangor",16-09-2026,METEOFRANCE,Open-Meteo / Meteo-France,03:00,2026-09-16 03:00:00,23.2,84.0,0.0,5.0,0.0,1.439,Berawan,wmo:3
jatinangor,"Jatinangor, Sumedang",2026-09-16,32.11.15.2002,Hegarmanah,kecamatan,yes,-6.938,107.7556,Asia/Jakarta,"BMKG representative point: Hegarmanah, Kecamatan Jatinangor",16-09-2026,METEOFRANCE,Open-Meteo / Meteo-France,04:00,2026-09-16 04:00:00,22.9,85.0,0.0,5.6,0.0,1.439,Berawan,wmo:3
jatinangor,"Jatinangor, Sumedang",2026-09-16,32.11.15.2002,Hegarmanah,kecamatan,yes,-6.938,107.7556,Asia/Jakarta,"BMKG representative point: Hegarmanah, Kecamatan Jatinangor",16-09-2026,METEOFRANCE,Open-Meteo / Meteo-France,05:00,2026-09-16 05:00:00,22.7,85.0,0.0,5.9,0.0,1.439,Berawan,wmo:3
jatinangor,"Jatinangor, Sumedang",2026-09-16,32.11.15.2002,Hegarmanah,kecamatan,yes,-6.938,107.7556,Asia/Jakarta,"BMKG representative point: Hegarmanah, Kecamatan Jatinangor",16-09-2026,METEOFRANCE,Open-Meteo / Meteo-France,06:00,2026-09-16 06:00:00,22.4,85.0,0.0,6.2,0.0,1.439,Berawan,wmo:3
jatinangor,"Jatinangor, Sumedang",2026-09-16,32.11.15.2002,Hegarmanah,kecamatan,yes,-6.938,107.7556,Asia/Jakarta,"BMKG representative point: Hegarmanah, Kecamatan Jatinangor",16-09-2026,METEOFRANCE,Open-Meteo / Meteo-France,07:00,2026-09-16 07:00:00,23.4,78.0,0.0,6.0,0.0,1.439,Cerah Berawan,wmo:2
jatinangor,"Jatinangor, Sumedang",2026-09-16,32.11.15.2002,Hegarmanah,kecamatan,yes,-6.938,107.7556,Asia/Jakarta,"BMKG representative point: Hegarmanah, Kecamatan Jatinangor",16-09-2026,METEOFRANCE,Open-Meteo / Meteo-France,08:00,2026-09-16 08:00:00,25.5,68.0,0.0,6.5,0.0,1.439,Cerah Berawan,wmo:2
jatinangor,"Jatinangor, Sumedang",2026-09-16,32.11.15.2002,Hegarmanah,kecamatan,yes,-6.938,107.7556,Asia/Jakarta,"BMKG representative point: Hegarmanah, Kecamatan Jatinangor",16-09-2026,METEOFRANCE,Open-Meteo / Meteo-France,09:00,2026-09-16 09:00:00,27.9,57.0,0.0,6.3,0.0,1.439,Cerah Berawan,wmo:1
jatinangor,"Jatinangor, Sumedang",2026-09-16,32.11.15.2002,Hegarmanah,kecamatan,yes,-6.938,107.7556,Asia/Jakarta,"BMKG representative point: Hegarmanah, Kecamatan Jatinangor",16-09-2026,METEOFRANCE,Open-Meteo / Meteo-France,10:00,2026-09-16 10:00:00,29.9,49.0,0.0,6.5,0.0,1.439,Cerah Berawan,wmo:1
jatinangor,"Jatinangor, Sumedang",2026-09-16,32.11.15.2002,Hegarmanah,kecamatan,yes,-6.938,107.7556,Asia/Jakarta,"BMKG representative point: Hegarmanah, Kecamatan Jatinangor",16-09-2026,METEOFRANCE,Open-Meteo / Meteo-France,11:00,2026-09-16 11:00:00,31.7,44.0,0.0,6.8,0.0,1.439,Cerah Berawan,wmo:1
jatinangor,"Jatinangor, Sumedang",2026-09-16,32.11.15.2002,Hegarmanah,kecamatan,yes,-6.938,107.7556,Asia/Jakarta,"BMKG representative point: Hegarmanah, Kecamatan Jatinangor",16-09-2026,METEOFRANCE,Open-Meteo / Meteo-France,12:00,2026-09-16 12:00:00,33.3,39.0,0.0,8.9,0.0,1.439,Cerah,wmo:0
jatinangor,"Jatinangor, Sumedang",2026-09-16,32.11.15.2002,Hegarmanah,kecamatan,yes,-6.938,107.7556,Asia/Jakarta,"BMKG representative point: Hegarmanah, Kecamatan Jatinangor",16-09-2026,METEOFRANCE,Open-Meteo / Meteo-France,13:00,2026-09-16 13:00:00,34.0,37.0,0.0,10.0,0.0,1.439,Cerah Berawan,wmo:1
jatinangor,"Jatinangor, Sumedang",2026-09-16,32.11.15.2002,Hegarmanah,kecamatan,yes,-6.938,107.7556,Asia/Jakarta,"BMKG representative point: Hegarmanah, Kecamatan Jatinangor",16-09-2026,METEOFRANCE,Open-Meteo / Meteo-France,14:00,2026-09-16 14:00:00,34.2,38.0,0.0,10.6,0.0,1.439,Cerah Berawan,wmo:1
jatinangor,"Jatinangor, Sumedang",2026-09-16,32.11.15.2002,Hegarmanah,kecamatan,yes,-6.938,107.7556,Asia/Jakarta,"BMKG representative point: Hegarmanah, Kecamatan Jatinangor",16-09-2026,METEOFRANCE,Open-Meteo / Meteo-France,15:00,2026-09-16 15:00:00,33.9,39.0,0.0,11.2,0.0,1.439,Cerah Berawan,wmo:1
jatinangor,"Jatinangor, Sumedang",2026-09-16,32.11.15.2002,Hegarmanah,kecamatan,yes,-6.938,107.7556,Asia/Jakarta,"BMKG representative point: Hegarmanah, Kecamatan Jatinangor",16-09-2026,METEOFRANCE,Open-Meteo / Meteo-France,16:00,2026-09-16 16:00:00,33.0,41.0,0.0,11.0,0.0,1.439,Cerah Berawan,wmo:2
jatinangor,"Jatinangor, Sumedang",2026-09-16,32.11.15.2002,Hegarmanah,kecamatan,yes,-6.938,107.7556,Asia/Jakarta,"BMKG representative point: Hegarmanah, Kecamatan Jatinangor",16-09-2026,METEOFRANCE,Open-Meteo / Meteo-France,17:00,2026-09-16 17:00:00,31.7,45.0,0.0,10.6,0.0,1.439,Cerah Berawan,wmo:2
jatinangor,"Jatinangor, Sumedang",2026-09-16,32.11.15.2002,Hegarmanah,kecamatan,yes,-6.938,107.7556,Asia/Jakarta,"BMKG representative point: Hegarmanah, Kecamatan Jatinangor",16-09-2026,METEOFRANCE,Open-Meteo / Meteo-France,18:00,2026-09-16 18:00:00,30.0,53.0,0.0,10.5,0.0,1.439,Cerah Berawan,wmo:1
jatinangor,"Jatinangor, Sumedang",2026-09-16,32.11.15.2002,Hegarmanah,kecamatan,yes,-6.938,107.7556,Asia/Jakarta,"BMKG representative point: Hegarmanah, Kecamatan Jatinangor",16-09-2026,METEOFRANCE,Open-Meteo / Meteo-France,19:00,2026-09-16 19:00:00,28.2,66.0,0.0,9.1,0.0,1.439,Cerah Berawan,wmo:2
jatinangor,"Jatinangor, Sumedang",2026-09-16,32.11.15.2002,Hegarmanah,kecamatan,yes,-6.938,107.7556,Asia/Jakarta,"BMKG representative point: Hegarmanah, Kecamatan Jatinangor",16-09-2026,METEOFRANCE,Open-Meteo / Meteo-France,20:00,2026-09-16 20:00:00,26.9,77.0,0.0,7.1,0.0,1.439,Berawan,wmo:3
jatinangor,"Jatinangor, Sumedang",2026-09-16,32.11.15.2002,Hegarmanah,kecamatan,yes,-6.938,107.7556,Asia/Jakarta,"BMKG representative point: Hegarmanah, Kecamatan Jatinangor",16-09-2026,METEOFRANCE,Open-Meteo / Meteo-France,21:00,2026-09-16 21:00:00,26.2,84.0,0.0,6.0,0.0,1.439,Cerah Berawan,wmo:2
jatinangor,"Jatinangor, Sumedang",2026-09-16,32.11.15.2002,Hegarmanah,kecamatan,yes,-6.938,107.7556,Asia/Jakarta,"BMKG representative point: Hegarmanah, Kecamatan Jatinangor",16-09-2026,METEOFRANCE,Open-Meteo / Meteo-France,22:00,2026-09-16 22:00:00,25.6,87.0,0.0,4.8,0.0,1.439,Cerah Berawan,wmo:2
jatinangor,"Jatinangor, Sumedang",2026-09-16,32.11.15.2002,Hegarmanah,kecamatan,yes,-6.938,107.7556,Asia/Jakarta,"BMKG representative point: Hegarmanah, Kecamatan Jatinangor",16-09-2026,METEOFRANCE,Open-Meteo / Meteo-France,23:00,2026-09-16 23:00:00,25.3,89.0,0.0,3.6,0.0,1.439,Berawan,wmo:3
jatinangor,"Jatinangor, Sumedang",2026-09-16,32.11.15.2002,Hegarmanah,kecamatan,yes,-6.938,107.7556,Asia/Jakarta,"BMKG representative point: Hegarmanah, Kecamatan Jatinangor",16-09-2026,METNO,MET Norway,19:00,2026-09-16 21:00:00,21.4,82.0,0.0,5.76,120.0,0.7533,Cerah Berawan,partlycloudy_night
jatinangor,"Jatinangor, Sumedang",2026-09-16,32.11.15.2002,Hegarmanah,kecamatan,yes,-6.938,107.7556,Asia/Jakarta,"BMKG representative point: Hegarmanah, Kecamatan Jatinangor",16-09-2026,METNO,MET Norway,20:00,2026-09-16 21:00:00,21.4,82.0,0.0,5.76,60.0,1.0273,Cerah Berawan,partlycloudy_night
jatinangor,"Jatinangor, Sumedang",2026-09-16,32.11.15.2002,Hegarmanah,kecamatan,yes,-6.938,107.7556,Asia/Jakarta,"BMKG representative point: Hegarmanah, Kecamatan Jatinangor",16-09-2026,METNO,MET Norway,21:00,2026-09-16 21:00:00,21.4,82.0,0.0,5.76,0.0,1.3697,Cerah Berawan,partlycloudy_night
jatinangor,"Jatinangor, Sumedang",2026-09-16,32.11.15.2002,Hegarmanah,kecamatan,yes,-6.938,107.7556,Asia/Jakarta,"BMKG representative point: Hegarmanah, Kecamatan Jatinangor",16-09-2026,METNO,MET Norway,22:00,2026-09-16 22:00:00,21.2,81.2,0.0,5.76,0.0,1.3697,Cerah Berawan,partlycloudy_night
jatinangor,"Jatinangor, Sumedang",2026-09-16,32.11.15.2002,Hegarmanah,kecamatan,yes,-6.938,107.7556,Asia/Jakarta,"BMKG representative point: Hegarmanah, Kecamatan Jatinangor",16-09-2026,METNO,MET Norway,23:00,2026-09-16 23:00:00,20.4,84.1,0.0,6.12,0.0,1.3697,Cerah Berawan,fair_night
jatinangor,"Jatinangor, Sumedang",2026-09-16,32.11.15.2002,Hegarmanah,kecamatan,yes,-6.938,107.7556,Asia/Jakarta,"BMKG representative point: Hegarmanah, Kecamatan Jatinangor",16-09-2026,UKMO,Open-Meteo / UK Met Office,00:00,2026-09-16 00:00:00,16.8,97.0,0.0,1.1,0.0,1.3089,Cerah,wmo:0
jatinangor,"Jatinangor, Sumedang",2026-09-16,32.11.15.2002,Hegarmanah,kecamatan,yes,-6.938,107.7556,Asia/Jakarta,"BMKG representative point: Hegarmanah, Kecamatan Jatinangor",16-09-2026,UKMO,Open-Meteo / UK Met Office,01:00,2026-09-16 01:00:00,15.6,98.0,0.0,1.4,0.0,1.3089,Cerah,wmo:0
jatinangor,"Jatinangor, Sumedang",2026-09-16,32.11.15.2002,Hegarmanah,kecamatan,yes,-6.938,107.7556,Asia/Jakarta,"BMKG representative point: Hegarmanah, Kecamatan Jatinangor",16-09-2026,UKMO,Open-Meteo / UK Met Office,02:00,2026-09-16 02:00:00,15.1,98.0,0.0,1.4,0.0,1.3089,Cerah,wmo:0
jatinangor,"Jatinangor, Sumedang",2026-09-16,32.11.15.2002,Hegarmanah,kecamatan,yes,-6.938,107.7556,Asia/Jakarta,"BMKG representative point: Hegarmanah, Kecamatan Jatinangor",16-09-2026,UKMO,Open-Meteo / UK Met Office,03:00,2026-09-16 03:00:00,15.3,99.0,0.0,1.1,0.0,1.3089,Cerah,wmo:0
jatinangor,"Jatinangor, Sumedang",2026-09-16,32.11.15.2002,Hegarmanah,kecamatan,yes,-6.938,107.7556,Asia/Jakarta,"BMKG representative point: Hegarmanah, Kecamatan Jatinangor",16-09-2026,UKMO,Open-Meteo / UK Met Office,04:00,2026-09-16 04:00:00,14.5,99.0,0.0,1.4,0.0,1.3089,Cerah,wmo:0
jatinangor,"Jatinangor, Sumedang",2026-09-16,32.11.15.2002,Hegarmanah,kecamatan,yes,-6.938,107.7556,Asia/Jakarta,"BMKG representative point: Hegarmanah, Kecamatan Jatinangor",16-09-2026,UKMO,Open-Meteo / UK Met Office,05:00,2026-09-16 05:00:00,14.2,99.0,0.0,1.4,0.0,1.3089,Cerah,wmo:0
jatinangor,"Jatinangor, Sumedang",2026-09-16,32.11.15.2002,Hegarmanah,kecamatan,yes,-6.938,107.7556,Asia/Jakarta,"BMKG representative point: Hegarmanah, Kecamatan Jatinangor",16-09-2026,UKMO,Open-Meteo / UK Met Office,06:00,2026-09-16 06:00:00,14.0,99.0,0.0,1.8,0.0,1.3089,Cerah,wmo:0
jatinangor,"Jatinangor, Sumedang",2026-09-16,32.11.15.2002,Hegarmanah,kecamatan,yes,-6.938,107.7556,Asia/Jakarta,"BMKG representative point: Hegarmanah, Kecamatan Jatinangor",16-09-2026,UKMO,Open-Meteo / UK Met Office,07:00,2026-09-16 07:00:00,18.0,92.0,0.0,1.1,0.0,1.3089,Cerah,wmo:0
jatinangor,"Jatinangor, Sumedang",2026-09-16,32.11.15.2002,Hegarmanah,kecamatan,yes,-6.938,107.7556,Asia/Jakarta,"BMKG representative point: Hegarmanah, Kecamatan Jatinangor",16-09-2026,UKMO,Open-Meteo / UK Met Office,08:00,2026-09-16 08:00:00,21.8,74.0,0.0,4.7,0.0,1.3089,Cerah,wmo:0
jatinangor,"Jatinangor, Sumedang",2026-09-16,32.11.15.2002,Hegarmanah,kecamatan,yes,-6.938,107.7556,Asia/Jakarta,"BMKG representative point: Hegarmanah, Kecamatan Jatinangor",16-09-2026,UKMO,Open-Meteo / UK Met Office,09:00,2026-09-16 09:00:00,23.9,65.0,0.0,12.6,0.0,1.3089,Cerah Berawan,wmo:1
jatinangor,"Jatinangor, Sumedang",2026-09-16,32.11.15.2002,Hegarmanah,kecamatan,yes,-6.938,107.7556,Asia/Jakarta,"BMKG representative point: Hegarmanah, Kecamatan Jatinangor",16-09-2026,UKMO,Open-Meteo / UK Met Office,10:00,2026-09-16 10:00:00,25.8,54.0,0.0,13.7,0.0,1.3089,Cerah,wmo:0
jatinangor,"Jatinangor, Sumedang",2026-09-16,32.11.15.2002,Hegarmanah,kecamatan,yes,-6.938,107.7556,Asia/Jakarta,"BMKG representative point: Hegarmanah, Kecamatan Jatinangor",16-09-2026,UKMO,Open-Meteo / UK Met Office,11:00,2026-09-16 11:00:00,27.5,47.0,0.0,11.9,0.0,1.3089,Cerah,wmo:0
jatinangor,"Jatinangor, Sumedang",2026-09-16,32.11.15.2002,Hegarmanah,kecamatan,yes,-6.938,107.7556,Asia/Jakarta,"BMKG representative point: Hegarmanah, Kecamatan Jatinangor",16-09-2026,UKMO,Open-Meteo / UK Met Office,12:00,2026-09-16 12:00:00,28.9,41.0,0.0,9.7,0.0,1.3089,Cerah Berawan,wmo:1
jatinangor,"Jatinangor, Sumedang",2026-09-16,32.11.15.2002,Hegarmanah,kecamatan,yes,-6.938,107.7556,Asia/Jakarta,"BMKG representative point: Hegarmanah, Kecamatan Jatinangor",16-09-2026,UKMO,Open-Meteo / UK Met Office,13:00,2026-09-16 13:00:00,27.9,47.0,0.0,8.3,0.0,1.3089,Berawan,wmo:3
jatinangor,"Jatinangor, Sumedang",2026-09-16,32.11.15.2002,Hegarmanah,kecamatan,yes,-6.938,107.7556,Asia/Jakarta,"BMKG representative point: Hegarmanah, Kecamatan Jatinangor",16-09-2026,UKMO,Open-Meteo / UK Met Office,14:00,2026-09-16 14:00:00,27.2,50.0,0.0,4.7,0.0,1.3089,Berawan,wmo:3
jatinangor,"Jatinangor, Sumedang",2026-09-16,32.11.15.2002,Hegarmanah,kecamatan,yes,-6.938,107.7556,Asia/Jakarta,"BMKG representative point: Hegarmanah, Kecamatan Jatinangor",16-09-2026,UKMO,Open-Meteo / UK Met Office,15:00,2026-09-16 15:00:00,27.2,51.0,0.0,5.4,0.0,1.3089,Berawan,wmo:3
jatinangor,"Jatinangor, Sumedang",2026-09-16,32.11.15.2002,Hegarmanah,kecamatan,yes,-6.938,107.7556,Asia/Jakarta,"BMKG representative point: Hegarmanah, Kecamatan Jatinangor",16-09-2026,UKMO,Open-Meteo / UK Met Office,16:00,2026-09-16 16:00:00,26.8,52.0,0.0,9.7,0.0,1.3089,Berawan,wmo:3
jatinangor,"Jatinangor, Sumedang",2026-09-16,32.11.15.2002,Hegarmanah,kecamatan,yes,-6.938,107.7556,Asia/Jakarta,"BMKG representative point: Hegarmanah, Kecamatan Jatinangor",16-09-2026,UKMO,Open-Meteo / UK Met Office,17:00,2026-09-16 17:00:00,26.1,55.0,0.0,11.5,0.0,1.3089,Cerah Berawan,wmo:2
jatinangor,"Jatinangor, Sumedang",2026-09-16,32.11.15.2002,Hegarmanah,kecamatan,yes,-6.938,107.7556,Asia/Jakarta,"BMKG representative point: Hegarmanah, Kecamatan Jatinangor",16-09-2026,UKMO,Open-Meteo / UK Met Office,18:00,2026-09-16 18:00:00,23.4,76.0,0.2,11.2,0.0,1.3089,Hujan Ringan,wmo:51
jatinangor,"Jatinangor, Sumedang",2026-09-16,32.11.15.2002,Hegarmanah,kecamatan,yes,-6.938,107.7556,Asia/Jakarta,"BMKG representative point: Hegarmanah, Kecamatan Jatinangor",16-09-2026,UKMO,Open-Meteo / UK Met Office,19:00,2026-09-16 19:00:00,21.2,96.0,0.8,9.0,0.0,1.3089,Hujan Ringan,wmo:53
jatinangor,"Jatinangor, Sumedang",2026-09-16,32.11.15.2002,Hegarmanah,kecamatan,yes,-6.938,107.7556,Asia/Jakarta,"BMKG representative point: Hegarmanah, Kecamatan Jatinangor",16-09-2026,UKMO,Open-Meteo / UK Met Office,20:00,2026-09-16 20:00:00,19.9,98.0,0.0,2.5,0.0,1.3089,Cerah,wmo:0
jatinangor,"Jatinangor, Sumedang",2026-09-16,32.11.15.2002,Hegarmanah,kecamatan,yes,-6.938,107.7556,Asia/Jakarta,"BMKG representative point: Hegarmanah, Kecamatan Jatinangor",16-09-2026,UKMO,Open-Meteo / UK Met Office,21:00,2026-09-16 21:00:00,18.6,98.0,0.0,2.9,0.0,1.3089,Cerah,wmo:0
jatinangor,"Jatinangor, Sumedang",2026-09-16,32.11.15.2002,Hegarmanah,kecamatan,yes,-6.938,107.7556,Asia/Jakarta,"BMKG representative point: Hegarmanah, Kecamatan Jatinangor",16-09-2026,UKMO,Open-Meteo / UK Met Office,22:00,2026-09-16 22:00:00,17.9,98.0,0.0,1.4,0.0,1.3089,Cerah,wmo:0
jatinangor,"Jatinangor, Sumedang",2026-09-16,32.11.15.2002,Hegarmanah,kecamatan,yes,-6.938,107.7556,Asia/Jakarta,"BMKG representative point: Hegarmanah, Kecamatan Jatinangor",16-09-2026,UKMO,Open-Meteo / UK Met Office,23:00,2026-09-16 23:00:00,17.3,97.0,0.0,0.4,0.0,1.3089,Cerah,wmo:0
jatinangor,"Jatinangor, Sumedang",2026-09-17,32.11.15.2002,Hegarmanah,kecamatan,yes,-6.938,107.7556,Asia/Jakarta,"BMKG representative point: Hegarmanah, Kecamatan Jatinangor",17-09-2026,BMKG,BMKG,00:00,2026-09-17 01:00:00,18.0,80.0,0.0,2.1,60.0,1.2798,Cerah,Cerah
jatinangor,"Jatinangor, Sumedang",2026-09-17,32.11.15.2002,Hegarmanah,kecamatan,yes,-6.938,107.7556,Asia/Jakarta,"BMKG representative point: Hegarmanah, Kecamatan Jatinangor",17-09-2026,BMKG,BMKG,01:00,2026-09-17 01:00:00,18.0,80.0,0.0,2.1,0.0,1.7064,Cerah,Cerah
jatinangor,"Jatinangor, Sumedang",2026-09-17,32.11.15.2002,Hegarmanah,kecamatan,yes,-6.938,107.7556,Asia/Jakarta,"BMKG representative point: Hegarmanah, Kecamatan Jatinangor",17-09-2026,BMKG,BMKG,02:00,2026-09-17 01:00:00,18.0,80.0,0.0,2.1,60.0,1.2798,Cerah,Cerah
jatinangor,"Jatinangor, Sumedang",2026-09-17,32.11.15.2002,Hegarmanah,kecamatan,yes,-6.938,107.7556,Asia/Jakarta,"BMKG representative point: Hegarmanah, Kecamatan Jatinangor",17-09-2026,BMKG,BMKG,03:00,2026-09-17 04:00:00,17.0,82.0,0.0,1.2,60.0,1.2798,Cerah Berawan,Cerah Berawan
jatinangor,"Jatinangor, Sumedang",2026-09-17,32.11.15.2002,Hegarmanah,kecamatan,yes,-6.938,107.7556,Asia/Jakarta,"BMKG representative point: Hegarmanah, Kecamatan Jatinangor",17-09-2026,BMKG,BMKG,04:00,2026-09-17 04:00:00,17.0,82.0,0.0,1.2,0.0,1.7064,Cerah Berawan,Cerah Berawan
jatinangor,"Jatinangor, Sumedang",2026-09-17,32.11.15.2002,Hegarmanah,kecamatan,yes,-6.938,107.7556,Asia/Jakarta,"BMKG representative point: Hegarmanah, Kecamatan Jatinangor",17-09-2026,BMKG,BMKG,05:00,2026-09-17 04:00:00,17.0,82.0,0.0,1.2,60.0,1.2798,Cerah Berawan,Cerah Berawan
jatinangor,"Jatinangor, Sumedang",2026-09-17,32.11.15.2002,Hegarmanah,kecamatan,yes,-6.938,107.7556,Asia/Jakarta,"BMKG representative point: Hegarmanah, Kecamatan Jatinangor",17-09-2026,BMKG,BMKG,06:00,2026-09-17 07:00:00,22.0,64.0,0.0,3.6,60.0,1.2798,Cerah,Cerah
jatinangor,"Jatinangor, Sumedang",2026-09-17,32.11.15.2002,Hegarmanah,kecamatan,yes,-6.938,107.7556,Asia/Jakarta,"BMKG representative point: Hegarmanah, Kecamatan Jatinangor",17-09-2026,BMKG,BMKG,07:00,2026-09-17 07:00:00,22.0,64.0,0.0,3.6,0.0,1.7064,Cerah,Cerah
jatinangor,"Jatinangor, Sumedang",2026-09-17,32.11.15.2002,Hegarmanah,kecamatan,yes,-6.938,107.7556,Asia/Jakarta,"BMKG representative point: Hegarmanah, Kecamatan Jatinangor",17-09-2026,BMKG,BMKG,08:00,2026-09-17 07:00:00,22.0,64.0,0.0,3.6,60.0,1.2798,Cerah,Cerah
jatinangor,"Jatinangor, Sumedang",2026-09-17,32.11.15.2002,Hegarmanah,kecamatan,yes,-6.938,107.7556,Asia/Jakarta,"BMKG representative point: Hegarmanah, Kecamatan Jatinangor",17-09-2026,BMKG,BMKG,09:00,2026-09-17 10:00:00,29.0,42.0,0.0,5.7,60.0,1.2798,Cerah,Cerah
jatinangor,"Jatinangor, Sumedang",2026-09-17,32.11.15.2002,Hegarmanah,kecamatan,yes,-6.938,107.7556,Asia/Jakarta,"BMKG representative point: Hegarmanah, Kecamatan Jatinangor",17-09-2026,BMKG,BMKG,10:00,2026-09-17 10:00:00,29.0,42.0,0.0,5.7,0.0,1.7064,Cerah,Cerah
jatinangor,"Jatinangor, Sumedang",2026-09-17,32.11.15.2002,Hegarmanah,kecamatan,yes,-6.938,107.7556,Asia/Jakarta,"BMKG representative point: Hegarmanah, Kecamatan Jatinangor",17-09-2026,BMKG,BMKG,11:00,2026-09-17 10:00:00,29.0,42.0,0.0,5.7,60.0,1.2798,Cerah,Cerah
jatinangor,"Jatinangor, Sumedang",2026-09-17,32.11.15.2002,Hegarmanah,kecamatan,yes,-6.938,107.7556,Asia/Jakarta,"BMKG representative point: Hegarmanah, Kecamatan Jatinangor",17-09-2026,BMKG,BMKG,12:00,2026-09-17 13:00:00,29.0,48.0,0.0,6.9,60.0,1.2798,Cerah,Cerah
jatinangor,"Jatinangor, Sumedang",2026-09-17,32.11.15.2002,Hegarmanah,kecamatan,yes,-6.938,107.7556,Asia/Jakarta,"BMKG representative point: Hegarmanah, Kecamatan Jatinangor",17-09-2026,BMKG,BMKG,13:00,2026-09-17 13:00:00,29.0,48.0,0.0,6.9,0.0,1.7064,Cerah,Cerah
jatinangor,"Jatinangor, Sumedang",2026-09-17,32.11.15.2002,Hegarmanah,kecamatan,yes,-6.938,107.7556,Asia/Jakarta,"BMKG representative point: Hegarmanah, Kecamatan Jatinangor",17-09-2026,BMKG,BMKG,14:00,2026-09-17 13:00:00,29.0,48.0,0.0,6.9,60.0,1.2798,Cerah,Cerah
jatinangor,"Jatinangor, Sumedang",2026-09-17,32.11.15.2002,Hegarmanah,kecamatan,yes,-6.938,107.7556,Asia/Jakarta,"BMKG representative point: Hegarmanah, Kecamatan Jatinangor",17-09-2026,BMKG,BMKG,15:00,2026-09-17 16:00:00,26.0,58.0,0.0,5.5,60.0,1.2798,Cerah Berawan,Cerah Berawan
jatinangor,"Jatinangor, Sumedang",2026-09-17,32.11.15.2002,Hegarmanah,kecamatan,yes,-6.938,107.7556,Asia/Jakarta,"BMKG representative point: Hegarmanah, Kecamatan Jatinangor",17-09-2026,BMKG,BMKG,16:00,2026-09-17 16:00:00,26.0,58.0,0.0,5.5,0.0,1.7064,Cerah Berawan,Cerah Berawan
jatinangor,"Jatinangor, Sumedang",2026-09-17,32.11.15.2002,Hegarmanah,kecamatan,yes,-6.938,107.7556,Asia/Jakarta,"BMKG representative point: Hegarmanah, Kecamatan Jatinangor",17-09-2026,BMKG,BMKG,17:00,2026-09-17 16:00:00,26.0,58.0,0.0,5.5,60.0,1.2798,Cerah Berawan,Cerah Berawan
jatinangor,"Jatinangor, Sumedang",2026-09-17,32.11.15.2002,Hegarmanah,kecamatan,yes,-6.938,107.7556,Asia/Jakarta,"BMKG representative point: Hegarmanah, Kecamatan Jatinangor",17-09-2026,BMKG,BMKG,18:00,2026-09-17 19:00:00,22.0,82.0,0.0,4.6,60.0,1.2798,Berawan,Berawan
jatinangor,"Jatinangor, Sumedang",2026-09-17,32.11.15.2002,Hegarmanah,kecamatan,yes,-6.938,107.7556,Asia/Jakarta,"BMKG representative point: Hegarmanah, Kecamatan Jatinangor",17-09-2026,BMKG,BMKG,19:00,2026-09-17 19:00:00,22.0,82.0,0.0,4.6,0.0,1.7064,Berawan,Berawan
jatinangor,"Jatinangor, Sumedang",2026-09-17,32.11.15.2002,Hegarmanah,kecamatan,yes,-6.938,107.7556,Asia/Jakarta,"BMKG representative point: Hegarmanah, Kecamatan Jatinangor",17-09-2026,BMKG,BMKG,20:00,2026-09-17 19:00:00,22.0,82.0,0.0,4.6,60.0,1.2798,Berawan,Berawan
jatinangor,"Jatinangor, Sumedang",2026-09-17,32.11.15.2002,Hegarmanah,kecamatan,yes,-6.938,107.7556,Asia/Jakarta,"BMKG representative point: Hegarmanah, Kecamatan Jatinangor",17-09-2026,BMKG,BMKG,21:00,2026-09-17 22:00:00,21.0,88.0,0.0,2.2,60.0,1.2798,Cerah,Cerah
jatinangor,"Jatinangor, Sumedang",2026-09-17,32.11.15.2002,Hegarmanah,kecamatan,yes,-6.938,107.7556,Asia/Jakarta,"BMKG representative point: Hegarmanah, Kecamatan Jatinangor",17-09-2026,BMKG,BMKG,22:00,2026-09-17 22:00:00,21.0,88.0,0.0,2.2,0.0,1.7064,Cerah,Cerah
jatinangor,"Jatinangor, Sumedang",2026-09-17,32.11.15.2002,Hegarmanah,kecamatan,yes,-6.938,107.7556,Asia/Jakarta,"BMKG representative point: Hegarmanah, Kecamatan Jatinangor",17-09-2026,BMKG,BMKG,23:00,2026-09-17 22:00:00,21.0,88.0,0.0,2.2,60.0,1.2798,Cerah,Cerah
jatinangor,"Jatinangor, Sumedang",2026-09-17,32.11.15.2002,Hegarmanah,kecamatan,yes,-6.938,107.7556,Asia/Jakarta,"BMKG representative point: Hegarmanah, Kecamatan Jatinangor",17-09-2026,CMA,Open-Meteo / CMA GRAPES,00:00,2026-09-17 00:00:00,22.0,91.0,0.0,3.9,0.0,1.1432,Cerah Berawan,wmo:1
jatinangor,"Jatinangor, Sumedang",2026-09-17,32.11.15.2002,Hegarmanah,kecamatan,yes,-6.938,107.7556,Asia/Jakarta,"BMKG representative point: Hegarmanah, Kecamatan Jatinangor",17-09-2026,CMA,Open-Meteo / CMA GRAPES,01:00,2026-09-17 01:00:00,21.5,91.0,0.0,4.4,0.0,1.1432,Cerah Berawan,wmo:1
jatinangor,"Jatinangor, Sumedang",2026-09-17,32.11.15.2002,Hegarmanah,kecamatan,yes,-6.938,107.7556,Asia/Jakarta,"BMKG representative point: Hegarmanah, Kecamatan Jatinangor",17-09-2026,CMA,Open-Meteo / CMA GRAPES,02:00,2026-09-17 02:00:00,20.9,88.0,0.0,5.8,0.0,1.1432,Cerah,wmo:0
jatinangor,"Jatinangor, Sumedang",2026-09-17,32.11.15.2002,Hegarmanah,kecamatan,yes,-6.938,107.7556,Asia/Jakarta,"BMKG representative point: Hegarmanah, Kecamatan Jatinangor",17-09-2026,CMA,Open-Meteo / CMA GRAPES,03:00,2026-09-17 03:00:00,20.3,82.0,0.0,6.9,0.0,1.1432,Cerah,wmo:0
jatinangor,"Jatinangor, Sumedang",2026-09-17,32.11.15.2002,Hegarmanah,kecamatan,yes,-6.938,107.7556,Asia/Jakarta,"BMKG representative point: Hegarmanah, Kecamatan Jatinangor",17-09-2026,CMA,Open-Meteo / CMA GRAPES,04:00,2026-09-17 04:00:00,19.9,79.0,0.0,8.0,0.0,1.1432,Cerah,wmo:0
jatinangor,"Jatinangor, Sumedang",2026-09-17,32.11.15.2002,Hegarmanah,kecamatan,yes,-6.938,107.7556,Asia/Jakarta,"BMKG representative point: Hegarmanah, Kecamatan Jatinangor",17-09-2026,CMA,Open-Meteo / CMA GRAPES,05:00,2026-09-17 05:00:00,19.8,80.0,0.0,8.8,0.0,1.1432,Cerah,wmo:0
jatinangor,"Jatinangor, Sumedang",2026-09-17,32.11.15.2002,Hegarmanah,kecamatan,yes,-6.938,107.7556,Asia/Jakarta,"BMKG representative point: Hegarmanah, Kecamatan Jatinangor",17-09-2026,CMA,Open-Meteo / CMA GRAPES,06:00,2026-09-17 06:00:00,20.0,83.0,0.0,9.2,0.0,1.1432,Cerah,wmo:0
jatinangor,"Jatinangor, Sumedang",2026-09-17,32.11.15.2002,Hegarmanah,kecamatan,yes,-6.938,107.7556,Asia/Jakarta,"BMKG representative point: Hegarmanah, Kecamatan Jatinangor",17-09-2026,CMA,Open-Meteo / CMA GRAPES,07:00,2026-09-17 07:00:00,20.5,84.0,0.0,7.9,0.0,1.1432,Cerah,wmo:0
jatinangor,"Jatinangor, Sumedang",2026-09-17,32.11.15.2002,Hegarmanah,kecamatan,yes,-6.938,107.7556,Asia/Jakarta,"BMKG representative point: Hegarmanah, Kecamatan Jatinangor",17-09-2026,CMA,Open-Meteo / CMA GRAPES,08:00,2026-09-17 08:00:00,21.8,80.0,0.0,4.8,0.0,1.1432,Cerah,wmo:0
jatinangor,"Jatinangor, Sumedang",2026-09-17,32.11.15.2002,Hegarmanah,kecamatan,yes,-6.938,107.7556,Asia/Jakarta,"BMKG representative point: Hegarmanah, Kecamatan Jatinangor",17-09-2026,CMA,Open-Meteo / CMA GRAPES,09:00,2026-09-17 09:00:00,23.5,74.0,0.0,6.0,0.0,1.1432,Cerah,wmo:0
jatinangor,"Jatinangor, Sumedang",2026-09-17,32.11.15.2002,Hegarmanah,kecamatan,yes,-6.938,107.7556,Asia/Jakarta,"BMKG representative point: Hegarmanah, Kecamatan Jatinangor",17-09-2026,CMA,Open-Meteo / CMA GRAPES,10:00,2026-09-17 10:00:00,24.9,69.0,0.0,9.2,0.0,1.1432,Cerah,wmo:0
jatinangor,"Jatinangor, Sumedang",2026-09-17,32.11.15.2002,Hegarmanah,kecamatan,yes,-6.938,107.7556,Asia/Jakarta,"BMKG representative point: Hegarmanah, Kecamatan Jatinangor",17-09-2026,CMA,Open-Meteo / CMA GRAPES,11:00,2026-09-17 11:00:00,26.0,66.0,0.0,10.0,0.0,1.1432,Cerah Berawan,wmo:1
jatinangor,"Jatinangor, Sumedang",2026-09-17,32.11.15.2002,Hegarmanah,kecamatan,yes,-6.938,107.7556,Asia/Jakarta,"BMKG representative point: Hegarmanah, Kecamatan Jatinangor",17-09-2026,CMA,Open-Meteo / CMA GRAPES,12:00,2026-09-17 12:00:00,26.7,63.0,0.0,10.8,0.0,1.1432,Cerah Berawan,wmo:1
jatinangor,"Jatinangor, Sumedang",2026-09-17,32.11.15.2002,Hegarmanah,kecamatan,yes,-6.938,107.7556,Asia/Jakarta,"BMKG representative point: Hegarmanah, Kecamatan Jatinangor",17-09-2026,CMA,Open-Meteo / CMA GRAPES,13:00,2026-09-17 13:00:00,27.3,61.0,0.0,12.0,0.0,1.1432,Cerah Berawan,wmo:1
jatinangor,"Jatinangor, Sumedang",2026-09-17,32.11.15.2002,Hegarmanah,kecamatan,yes,-6.938,107.7556,Asia/Jakarta,"BMKG representative point: Hegarmanah, Kecamatan Jatinangor",17-09-2026,CMA,Open-Meteo / CMA GRAPES,14:00,2026-09-17 14:00:00,27.6,59.0,0.0,14.2,0.0,1.1432,Cerah Berawan,wmo:1
jatinangor,"Jatinangor, Sumedang",2026-09-17,32.11.15.2002,Hegarmanah,kecamatan,yes,-6.938,107.7556,Asia/Jakarta,"BMKG representative point: Hegarmanah, Kecamatan Jatinangor",17-09-2026,CMA,Open-Meteo / CMA GRAPES,15:00,2026-09-17 15:00:00,27.6,58.0,0.0,16.2,0.0,1.1432,Cerah Berawan,wmo:1
jatinangor,"Jatinangor, Sumedang",2026-09-17,32.11.15.2002,Hegarmanah,kecamatan,yes,-6.938,107.7556,Asia/Jakarta,"BMKG representative point: Hegarmanah, Kecamatan Jatinangor",17-09-2026,CMA,Open-Meteo / CMA GRAPES,16:00,2026-09-17 16:00:00,27.2,60.0,0.0,17.3,0.0,1.1432,Cerah Berawan,wmo:1
jatinangor,"Jatinangor, Sumedang",2026-09-17,32.11.15.2002,Hegarmanah,kecamatan,yes,-6.938,107.7556,Asia/Jakarta,"BMKG representative point: Hegarmanah, Kecamatan Jatinangor",17-09-2026,CMA,Open-Meteo / CMA GRAPES,17:00,2026-09-17 17:00:00,26.2,67.0,0.0,16.3,0.0,1.1432,Cerah Berawan,wmo:1
jatinangor,"Jatinangor, Sumedang",2026-09-17,32.11.15.2002,Hegarmanah,kecamatan,yes,-6.938,107.7556,Asia/Jakarta,"BMKG representative point: Hegarmanah, Kecamatan Jatinangor",17-09-2026,CMA,Open-Meteo / CMA GRAPES,18:00,2026-09-17 18:00:00,24.8,76.0,0.0,14.3,0.0,1.1432,Cerah Berawan,wmo:1
jatinangor,"Jatinangor, Sumedang",2026-09-17,32.11.15.2002,Hegarmanah,kecamatan,yes,-6.938,107.7556,Asia/Jakarta,"BMKG representative point: Hegarmanah, Kecamatan Jatinangor",17-09-2026,CMA,Open-Meteo / CMA GRAPES,19:00,2026-09-17 19:00:00,23.5,84.0,0.0,12.1,0.0,1.1432,Cerah Berawan,wmo:1
jatinangor,"Jatinangor, Sumedang",2026-09-17,32.11.15.2002,Hegarmanah,kecamatan,yes,-6.938,107.7556,Asia/Jakarta,"BMKG representative point: Hegarmanah, Kecamatan Jatinangor",17-09-2026,CMA,Open-Meteo / CMA GRAPES,20:00,2026-09-17 20:00:00,22.7,90.0,0.0,9.0,0.0,1.1432,Cerah Berawan,wmo:1
jatinangor,"Jatinangor, Sumedang",2026-09-17,32.11.15.2002,Hegarmanah,kecamatan,yes,-6.938,107.7556,Asia/Jakarta,"BMKG representative point: Hegarmanah, Kecamatan Jatinangor",17-09-2026,CMA,Open-Meteo / CMA GRAPES,21:00,2026-09-17 21:00:00,22.0,94.0,0.0,5.2,0.0,1.1432,Cerah,wmo:0
jatinangor,"Jatinangor, Sumedang",2026-09-17,32.11.15.2002,Hegarmanah,kecamatan,yes,-6.938,107.7556,Asia/Jakarta,"BMKG representative point: Hegarmanah, Kecamatan Jatinangor",17-09-2026,CMA,Open-Meteo / CMA GRAPES,22:00,2026-09-17 22:00:00,21.5,97.0,0.0,1.8,0.0,1.1432,Berawan,wmo:45
jatinangor,"Jatinangor, Sumedang",2026-09-17,32.11.15.2002,Hegarmanah,kecamatan,yes,-6.938,107.7556,Asia/Jakarta,"BMKG representative point: Hegarmanah, Kecamatan Jatinangor",17-09-2026,CMA,Open-Meteo / CMA GRAPES,23:00,2026-09-17 23:00:00,21.5,97.0,0.0,0.8,0.0,1.1432,Berawan,wmo:45
jatinangor,"Jatinangor, Sumedang",2026-09-17,32.11.15.2002,Hegarmanah,kecamatan,yes,-6.938,107.7556,Asia/Jakarta,"BMKG representative point: Hegarmanah, Kecamatan Jatinangor",17-09-2026,ECMWF,Open-Meteo / ECMWF,00:00,2026-09-17 00:00:00,20.8,79.0,0.0,4.7,0.0,1.7253,Cerah Berawan,wmo:1
jatinangor,"Jatinangor, Sumedang",2026-09-17,32.11.15.2002,Hegarmanah,kecamatan,yes,-6.938,107.7556,Asia/Jakarta,"BMKG representative point: Hegarmanah, Kecamatan Jatinangor",17-09-2026,ECMWF,Open-Meteo / ECMWF,01:00,2026-09-17 01:00:00,20.1,81.0,0.0,5.4,0.0,1.7253,Cerah Berawan,wmo:1
jatinangor,"Jatinangor, Sumedang",2026-09-17,32.11.15.2002,Hegarmanah,kecamatan,yes,-6.938,107.7556,Asia/Jakarta,"BMKG representative point: Hegarmanah, Kecamatan Jatinangor",17-09-2026,ECMWF,Open-Meteo / ECMWF,02:00,2026-09-17 02:00:00,19.5,82.0,0.0,5.8,0.0,1.7253,Cerah Berawan,wmo:1
jatinangor,"Jatinangor, Sumedang",2026-09-17,32.11.15.2002,Hegarmanah,kecamatan,yes,-6.938,107.7556,Asia/Jakarta,"BMKG representative point: Hegarmanah, Kecamatan Jatinangor",17-09-2026,ECMWF,Open-Meteo / ECMWF,03:00,2026-09-17 03:00:00,18.9,81.0,0.0,5.8,0.0,1.7253,Cerah Berawan,wmo:2
jatinangor,"Jatinangor, Sumedang",2026-09-17,32.11.15.2002,Hegarmanah,kecamatan,yes,-6.938,107.7556,Asia/Jakarta,"BMKG representative point: Hegarmanah, Kecamatan Jatinangor",17-09-2026,ECMWF,Open-Meteo / ECMWF,04:00,2026-09-17 04:00:00,18.7,80.0,0.0,5.8,0.0,1.7253,Cerah Berawan,wmo:2
jatinangor,"Jatinangor, Sumedang",2026-09-17,32.11.15.2002,Hegarmanah,kecamatan,yes,-6.938,107.7556,Asia/Jakarta,"BMKG representative point: Hegarmanah, Kecamatan Jatinangor",17-09-2026,ECMWF,Open-Meteo / ECMWF,05:00,2026-09-17 05:00:00,18.9,79.0,0.0,5.9,0.0,1.7253,Cerah Berawan,wmo:2
jatinangor,"Jatinangor, Sumedang",2026-09-17,32.11.15.2002,Hegarmanah,kecamatan,yes,-6.938,107.7556,Asia/Jakarta,"BMKG representative point: Hegarmanah, Kecamatan Jatinangor",17-09-2026,ECMWF,Open-Meteo / ECMWF,06:00,2026-09-17 06:00:00,19.4,76.0,0.0,5.9,0.0,1.7253,Cerah Berawan,wmo:1
jatinangor,"Jatinangor, Sumedang",2026-09-17,32.11.15.2002,Hegarmanah,kecamatan,yes,-6.938,107.7556,Asia/Jakarta,"BMKG representative point: Hegarmanah, Kecamatan Jatinangor",17-09-2026,ECMWF,Open-Meteo / ECMWF,07:00,2026-09-17 07:00:00,20.7,72.0,0.0,6.0,0.0,1.7253,Cerah Berawan,wmo:1
jatinangor,"Jatinangor, Sumedang",2026-09-17,32.11.15.2002,Hegarmanah,kecamatan,yes,-6.938,107.7556,Asia/Jakarta,"BMKG representative point: Hegarmanah, Kecamatan Jatinangor",17-09-2026,ECMWF,Open-Meteo / ECMWF,08:00,2026-09-17 08:00:00,23.0,64.0,0.0,5.9,0.0,1.7253,Cerah Berawan,wmo:1
jatinangor,"Jatinangor, Sumedang",2026-09-17,32.11.15.2002,Hegarmanah,kecamatan,yes,-6.938,107.7556,Asia/Jakarta,"BMKG representative point: Hegarmanah, Kecamatan Jatinangor",17-09-2026,ECMWF,Open-Meteo / ECMWF,09:00,2026-09-17 09:00:00,26.0,53.0,0.0,5.8,0.0,1.7253,Cerah Berawan,wmo:1
jatinangor,"Jatinangor, Sumedang",2026-09-17,32.11.15.2002,Hegarmanah,kecamatan,yes,-6.938,107.7556,Asia/Jakarta,"BMKG representative point: Hegarmanah, Kecamatan Jatinangor",17-09-2026,ECMWF,Open-Meteo / ECMWF,10:00,2026-09-17 10:00:00,28.5,44.0,0.0,4.7,0.0,1.7253,Cerah,wmo:0
jatinangor,"Jatinangor, Sumedang",2026-09-17,32.11.15.2002,Hegarmanah,kecamatan,yes,-6.938,107.7556,Asia/Jakarta,"BMKG representative point: Hegarmanah, Kecamatan Jatinangor",17-09-2026,ECMWF,Open-Meteo / ECMWF,11:00,2026-09-17 11:00:00,30.4,38.0,0.0,2.4,0.0,1.7253,Cerah,wmo:0
jatinangor,"Jatinangor, Sumedang",2026-09-17,32.11.15.2002,Hegarmanah,kecamatan,yes,-6.938,107.7556,Asia/Jakarta,"BMKG representative point: Hegarmanah, Kecamatan Jatinangor",17-09-2026,ECMWF,Open-Meteo / ECMWF,12:00,2026-09-17 12:00:00,31.8,34.0,0.0,4.1,0.0,1.7253,Cerah,wmo:0
jatinangor,"Jatinangor, Sumedang",2026-09-17,32.11.15.2002,Hegarmanah,kecamatan,yes,-6.938,107.7556,Asia/Jakarta,"BMKG representative point: Hegarmanah, Kecamatan Jatinangor",17-09-2026,ECMWF,Open-Meteo / ECMWF,13:00,2026-09-17 13:00:00,32.5,33.0,0.0,6.6,0.0,1.7253,Cerah,wmo:0
jatinangor,"Jatinangor, Sumedang",2026-09-17,32.11.15.2002,Hegarmanah,kecamatan,yes,-6.938,107.7556,Asia/Jakarta,"BMKG representative point: Hegarmanah, Kecamatan Jatinangor",17-09-2026,ECMWF,Open-Meteo / ECMWF,14:00,2026-09-17 14:00:00,32.0,35.0,0.1,6.9,0.0,1.7253,Hujan Ringan,wmo:51
jatinangor,"Jatinangor, Sumedang",2026-09-17,32.11.15.2002,Hegarmanah,kecamatan,yes,-6.938,107.7556,Asia/Jakarta,"BMKG representative point: Hegarmanah, Kecamatan Jatinangor",17-09-2026,ECMWF,Open-Meteo / ECMWF,15:00,2026-09-17 15:00:00,30.8,40.0,0.1,6.4,0.0,1.7253,Hujan Ringan,wmo:51
jatinangor,"Jatinangor, Sumedang",2026-09-17,32.11.15.2002,Hegarmanah,kecamatan,yes,-6.938,107.7556,Asia/Jakarta,"BMKG representative point: Hegarmanah, Kecamatan Jatinangor",17-09-2026,ECMWF,Open-Meteo / ECMWF,16:00,2026-09-17 16:00:00,29.5,45.0,0.1,5.0,0.0,1.7253,Hujan Ringan,wmo:51
jatinangor,"Jatinangor, Sumedang",2026-09-17,32.11.15.2002,Hegarmanah,kecamatan,yes,-6.938,107.7556,Asia/Jakarta,"BMKG representative point: Hegarmanah, Kecamatan Jatinangor",17-09-2026,ECMWF,Open-Meteo / ECMWF,17:00,2026-09-17 17:00:00,28.3,50.0,0.1,3.7,0.0,1.7253,Hujan Ringan,wmo:51
jatinangor,"Jatinangor, Sumedang",2026-09-17,32.11.15.2002,Hegarmanah,kecamatan,yes,-6.938,107.7556,Asia/Jakarta,"BMKG representative point: Hegarmanah, Kecamatan Jatinangor",17-09-2026,ECMWF,Open-Meteo / ECMWF,18:00,2026-09-17 18:00:00,27.0,55.0,0.1,4.0,0.0,1.7253,Hujan Ringan,wmo:51
jatinangor,"Jatinangor, Sumedang",2026-09-17,32.11.15.2002,Hegarmanah,kecamatan,yes,-6.938,107.7556,Asia/Jakarta,"BMKG representative point: Hegarmanah, Kecamatan Jatinangor",17-09-2026,ECMWF,Open-Meteo / ECMWF,19:00,2026-09-17 19:00:00,25.9,60.0,0.1,5.5,0.0,1.7253,Hujan Ringan,wmo:51
jatinangor,"Jatinangor, Sumedang",2026-09-17,32.11.15.2002,Hegarmanah,kecamatan,yes,-6.938,107.7556,Asia/Jakarta,"BMKG representative point: Hegarmanah, Kecamatan Jatinangor",17-09-2026,ECMWF,Open-Meteo / ECMWF,20:00,2026-09-17 20:00:00,25.2,63.0,0.0,6.0,0.0,1.7253,Cerah Berawan,wmo:2
jatinangor,"Jatinangor, Sumedang",2026-09-17,32.11.15.2002,Hegarmanah,kecamatan,yes,-6.938,107.7556,Asia/Jakarta,"BMKG representative point: Hegarmanah, Kecamatan Jatinangor",17-09-2026,ECMWF,Open-Meteo / ECMWF,21:00,2026-09-17 21:00:00,24.7,66.0,0.0,5.7,0.0,1.7253,Cerah Berawan,wmo:2
jatinangor,"Jatinangor, Sumedang",2026-09-17,32.11.15.2002,Hegarmanah,kecamatan,yes,-6.938,107.7556,Asia/Jakarta,"BMKG representative point: Hegarmanah, Kecamatan Jatinangor",17-09-2026,ECMWF,Open-Meteo / ECMWF,22:00,2026-09-17 22:00:00,24.1,69.0,0.0,4.9,0.0,1.7253,Cerah Berawan,wmo:1
jatinangor,"Jatinangor, Sumedang",2026-09-17,32.11.15.2002,Hegarmanah,kecamatan,yes,-6.938,107.7556,Asia/Jakarta,"BMKG representative point: Hegarmanah, Kecamatan Jatinangor",17-09-2026,ECMWF,Open-Meteo / ECMWF,23:00,2026-09-17 23:00:00,23.5,73.0,0.0,3.8,0.0,1.7253,Cerah Berawan,wmo:1
jatinangor,"Jatinangor, Sumedang",2026-09-17,32.11.15.2002,Hegarmanah,kecamatan,yes,-6.938,107.7556,Asia/Jakarta,"BMKG representative point: Hegarmanah, Kecamatan Jatinangor",17-09-2026,GFS,Open-Meteo / NOAA GFS,00:00,2026-09-17 00:00:00,19.9,88.0,0.0,5.3,0.0,1.3711,Berawan,wmo:3
jatinangor,"Jatinangor, Sumedang",2026-09-17,32.11.15.2002,Hegarmanah,kecamatan,yes,-6.938,107.7556,Asia/Jakarta,"BMKG representative point: Hegarmanah, Kecamatan Jatinangor",17-09-2026,GFS,Open-Meteo / NOAA GFS,01:00,2026-09-17 01:00:00,19.6,88.0,0.0,5.8,0.0,1.3711,Berawan,wmo:3
jatinangor,"Jatinangor, Sumedang",2026-09-17,32.11.15.2002,Hegarmanah,kecamatan,yes,-6.938,107.7556,Asia/Jakarta,"BMKG representative point: Hegarmanah, Kecamatan Jatinangor",17-09-2026,GFS,Open-Meteo / NOAA GFS,02:00,2026-09-17 02:00:00,18.9,89.0,0.0,6.1,0.0,1.3711,Cerah Berawan,wmo:2
jatinangor,"Jatinangor, Sumedang",2026-09-17,32.11.15.2002,Hegarmanah,kecamatan,yes,-6.938,107.7556,Asia/Jakarta,"BMKG representative point: Hegarmanah, Kecamatan Jatinangor",17-09-2026,GFS,Open-Meteo / NOAA GFS,03:00,2026-09-17 03:00:00,17.8,91.0,0.0,6.3,0.0,1.3711,Berawan,wmo:3
jatinangor,"Jatinangor, Sumedang",2026-09-17,32.11.15.2002,Hegarmanah,kecamatan,yes,-6.938,107.7556,Asia/Jakarta,"BMKG representative point: Hegarmanah, Kecamatan Jatinangor",17-09-2026,GFS,Open-Meteo / NOAA GFS,04:00,2026-09-17 04:00:00,17.3,89.0,0.0,6.9,0.0,1.3711,Cerah,wmo:0
jatinangor,"Jatinangor, Sumedang",2026-09-17,32.11.15.2002,Hegarmanah,kecamatan,yes,-6.938,107.7556,Asia/Jakarta,"BMKG representative point: Hegarmanah, Kecamatan Jatinangor",17-09-2026,GFS,Open-Meteo / NOAA GFS,05:00,2026-09-17 05:00:00,16.8,90.0,0.0,6.4,0.0,1.3711,Cerah,wmo:0
jatinangor,"Jatinangor, Sumedang",2026-09-17,32.11.15.2002,Hegarmanah,kecamatan,yes,-6.938,107.7556,Asia/Jakarta,"BMKG representative point: Hegarmanah, Kecamatan Jatinangor",17-09-2026,GFS,Open-Meteo / NOAA GFS,06:00,2026-09-17 06:00:00,16.9,88.0,0.0,6.4,0.0,1.3711,Cerah,wmo:0
jatinangor,"Jatinangor, Sumedang",2026-09-17,32.11.15.2002,Hegarmanah,kecamatan,yes,-6.938,107.7556,Asia/Jakarta,"BMKG representative point: Hegarmanah, Kecamatan Jatinangor",17-09-2026,GFS,Open-Meteo / NOAA GFS,07:00,2026-09-17 07:00:00,20.6,70.0,0.0,7.1,0.0,1.3711,Cerah,wmo:0
jatinangor,"Jatinangor, Sumedang",2026-09-17,32.11.15.2002,Hegarmanah,kecamatan,yes,-6.938,107.7556,Asia/Jakarta,"BMKG representative point: Hegarmanah, Kecamatan Jatinangor",17-09-2026,GFS,Open-Meteo / NOAA GFS,08:00,2026-09-17 08:00:00,24.3,55.0,0.0,7.1,0.0,1.3711,Cerah,wmo:0
jatinangor,"Jatinangor, Sumedang",2026-09-17,32.11.15.2002,Hegarmanah,kecamatan,yes,-6.938,107.7556,Asia/Jakarta,"BMKG representative point: Hegarmanah, Kecamatan Jatinangor",17-09-2026,GFS,Open-Meteo / NOAA GFS,09:00,2026-09-17 09:00:00,27.5,46.0,0.0,6.4,0.0,1.3711,Cerah,wmo:0
jatinangor,"Jatinangor, Sumedang",2026-09-17,32.11.15.2002,Hegarmanah,kecamatan,yes,-6.938,107.7556,Asia/Jakarta,"BMKG representative point: Hegarmanah, Kecamatan Jatinangor",17-09-2026,GFS,Open-Meteo / NOAA GFS,10:00,2026-09-17 10:00:00,30.7,38.0,0.0,4.7,0.0,1.3711,Cerah,wmo:0
jatinangor,"Jatinangor, Sumedang",2026-09-17,32.11.15.2002,Hegarmanah,kecamatan,yes,-6.938,107.7556,Asia/Jakarta,"BMKG representative point: Hegarmanah, Kecamatan Jatinangor",17-09-2026,GFS,Open-Meteo / NOAA GFS,11:00,2026-09-17 11:00:00,32.6,33.0,0.0,4.8,0.0,1.3711,Cerah,wmo:0
jatinangor,"Jatinangor, Sumedang",2026-09-17,32.11.15.2002,Hegarmanah,kecamatan,yes,-6.938,107.7556,Asia/Jakarta,"BMKG representative point: Hegarmanah, Kecamatan Jatinangor",17-09-2026,GFS,Open-Meteo / NOAA GFS,12:00,2026-09-17 12:00:00,33.1,32.0,0.0,9.1,0.0,1.3711,Cerah Berawan,wmo:1
jatinangor,"Jatinangor, Sumedang",2026-09-17,32.11.15.2002,Hegarmanah,kecamatan,yes,-6.938,107.7556,Asia/Jakarta,"BMKG representative point: Hegarmanah, Kecamatan Jatinangor",17-09-2026,GFS,Open-Meteo / NOAA GFS,13:00,2026-09-17 13:00:00,31.2,39.0,0.0,18.5,0.0,1.3711,Berawan,wmo:3
jatinangor,"Jatinangor, Sumedang",2026-09-17,32.11.15.2002,Hegarmanah,kecamatan,yes,-6.938,107.7556,Asia/Jakarta,"BMKG representative point: Hegarmanah, Kecamatan Jatinangor",17-09-2026,GFS,Open-Meteo / NOAA GFS,14:00,2026-09-17 14:00:00,28.4,49.0,0.0,14.9,0.0,1.3711,Berawan,wmo:3
jatinangor,"Jatinangor, Sumedang",2026-09-17,32.11.15.2002,Hegarmanah,kecamatan,yes,-6.938,107.7556,Asia/Jakarta,"BMKG representative point: Hegarmanah, Kecamatan Jatinangor",17-09-2026,GFS,Open-Meteo / NOAA GFS,15:00,2026-09-17 15:00:00,30.2,44.0,0.0,10.1,0.0,1.3711,Berawan,wmo:3
jatinangor,"Jatinangor, Sumedang",2026-09-17,32.11.15.2002,Hegarmanah,kecamatan,yes,-6.938,107.7556,Asia/Jakarta,"BMKG representative point: Hegarmanah, Kecamatan Jatinangor",17-09-2026,GFS,Open-Meteo / NOAA GFS,16:00,2026-09-17 16:00:00,28.0,51.0,0.0,4.9,0.0,1.3711,Berawan,wmo:3
jatinangor,"Jatinangor, Sumedang",2026-09-17,32.11.15.2002,Hegarmanah,kecamatan,yes,-6.938,107.7556,Asia/Jakarta,"BMKG representative point: Hegarmanah, Kecamatan Jatinangor",17-09-2026,GFS,Open-Meteo / NOAA GFS,17:00,2026-09-17 17:00:00,26.7,56.0,0.0,1.8,0.0,1.3711,Berawan,wmo:3
jatinangor,"Jatinangor, Sumedang",2026-09-17,32.11.15.2002,Hegarmanah,kecamatan,yes,-6.938,107.7556,Asia/Jakarta,"BMKG representative point: Hegarmanah, Kecamatan Jatinangor",17-09-2026,GFS,Open-Meteo / NOAA GFS,18:00,2026-09-17 18:00:00,25.5,60.0,0.0,6.5,0.0,1.3711,Berawan,wmo:3
jatinangor,"Jatinangor, Sumedang",2026-09-17,32.11.15.2002,Hegarmanah,kecamatan,yes,-6.938,107.7556,Asia/Jakarta,"BMKG representative point: Hegarmanah, Kecamatan Jatinangor",17-09-2026,GFS,Open-Meteo / NOAA GFS,19:00,2026-09-17 19:00:00,24.3,66.0,0.0,8.2,0.0,1.3711,Berawan,wmo:3
jatinangor,"Jatinangor, Sumedang",2026-09-17,32.11.15.2002,Hegarmanah,kecamatan,yes,-6.938,107.7556,Asia/Jakarta,"BMKG representative point: Hegarmanah, Kecamatan Jatinangor",17-09-2026,GFS,Open-Meteo / NOAA GFS,20:00,2026-09-17 20:00:00,23.3,71.0,0.0,7.0,0.0,1.3711,Berawan,wmo:3
jatinangor,"Jatinangor, Sumedang",2026-09-17,32.11.15.2002,Hegarmanah,kecamatan,yes,-6.938,107.7556,Asia/Jakarta,"BMKG representative point: Hegarmanah, Kecamatan Jatinangor",17-09-2026,GFS,Open-Meteo / NOAA GFS,21:00,2026-09-17 21:00:00,22.6,75.0,0.0,5.1,0.0,1.3711,Berawan,wmo:3
jatinangor,"Jatinangor, Sumedang",2026-09-17,32.11.15.2002,Hegarmanah,kecamatan,yes,-6.938,107.7556,Asia/Jakarta,"BMKG representative point: Hegarmanah, Kecamatan Jatinangor",17-09-2026,GFS,Open-Meteo / NOAA GFS,22:00,2026-09-17 22:00:00,22.1,78.0,0.0,4.1,0.0,1.3711,Berawan,wmo:3
jatinangor,"Jatinangor, Sumedang",2026-09-17,32.11.15.2002,Hegarmanah,kecamatan,yes,-6.938,107.7556,Asia/Jakarta,"BMKG representative point: Hegarmanah, Kecamatan Jatinangor",17-09-2026,GFS,Open-Meteo / NOAA GFS,23:00,2026-09-17 23:00:00,21.7,80.0,0.0,4.4,0.0,1.3711,Berawan,wmo:3
jatinangor,"Jatinangor, Sumedang",2026-09-17,32.11.15.2002,Hegarmanah,kecamatan,yes,-6.938,107.7556,Asia/Jakarta,"BMKG representative point: Hegarmanah, Kecamatan Jatinangor",17-09-2026,ICON,Open-Meteo / DWD ICON,00:00,2026-09-17 00:00:00,21.4,73.0,0.0,5.4,0.0,1.4498,Berawan,wmo:3
jatinangor,"Jatinangor, Sumedang",2026-09-17,32.11.15.2002,Hegarmanah,kecamatan,yes,-6.938,107.7556,Asia/Jakarta,"BMKG representative point: Hegarmanah, Kecamatan Jatinangor",17-09-2026,ICON,Open-Meteo / DWD ICON,01:00,2026-09-17 01:00:00,21.4,70.0,0.0,5.1,0.0,1.4498,Berawan,wmo:3
jatinangor,"Jatinangor, Sumedang",2026-09-17,32.11.15.2002,Hegarmanah,kecamatan,yes,-6.938,107.7556,Asia/Jakarta,"BMKG representative point: Hegarmanah, Kecamatan Jatinangor",17-09-2026,ICON,Open-Meteo / DWD ICON,02:00,2026-09-17 02:00:00,21.1,72.0,0.0,5.2,0.0,1.4498,Berawan,wmo:3
jatinangor,"Jatinangor, Sumedang",2026-09-17,32.11.15.2002,Hegarmanah,kecamatan,yes,-6.938,107.7556,Asia/Jakarta,"BMKG representative point: Hegarmanah, Kecamatan Jatinangor",17-09-2026,ICON,Open-Meteo / DWD ICON,03:00,2026-09-17 03:00:00,20.8,76.0,0.0,4.8,0.0,1.4498,Cerah Berawan,wmo:2
jatinangor,"Jatinangor, Sumedang",2026-09-17,32.11.15.2002,Hegarmanah,kecamatan,yes,-6.938,107.7556,Asia/Jakarta,"BMKG representative point: Hegarmanah, Kecamatan Jatinangor",17-09-2026,ICON,Open-Meteo / DWD ICON,04:00,2026-09-17 04:00:00,20.4,79.0,0.0,5.2,0.0,1.4498,Berawan,wmo:3
jatinangor,"Jatinangor, Sumedang",2026-09-17,32.11.15.2002,Hegarmanah,kecamatan,yes,-6.938,107.7556,Asia/Jakarta,"BMKG representative point: Hegarmanah, Kecamatan Jatinangor",17-09-2026,ICON,Open-Meteo / DWD ICON,05:00,2026-09-17 05:00:00,20.2,80.0,0.0,4.8,0.0,1.4498,Cerah Berawan,wmo:2
jatinangor,"Jatinangor, Sumedang",2026-09-17,32.11.15.2002,Hegarmanah,kecamatan,yes,-6.938,107.7556,Asia/Jakarta,"BMKG representative point: Hegarmanah, Kecamatan Jatinangor",17-09-2026,ICON,Open-Meteo / DWD ICON,06:00,2026-09-17 06:00:00,19.8,80.0,0.0,4.8,0.0,1.4498,Cerah Berawan,wmo:2
jatinangor,"Jatinangor, Sumedang",2026-09-17,32.11.15.2002,Hegarmanah,kecamatan,yes,-6.938,107.7556,Asia/Jakarta,"BMKG representative point: Hegarmanah, Kecamatan Jatinangor",17-09-2026,ICON,Open-Meteo / DWD ICON,07:00,2026-09-17 07:00:00,21.4,79.0,0.0,4.0,0.0,1.4498,Cerah Berawan,wmo:2
jatinangor,"Jatinangor, Sumedang",2026-09-17,32.11.15.2002,Hegarmanah,kecamatan,yes,-6.938,107.7556,Asia/Jakarta,"BMKG representative point: Hegarmanah, Kecamatan Jatinangor",17-09-2026,ICON,Open-Meteo / DWD ICON,08:00,2026-09-17 08:00:00,24.3,65.0,0.0,5.5,0.0,1.4498,Cerah Berawan,wmo:1
jatinangor,"Jatinangor, Sumedang",2026-09-17,32.11.15.2002,Hegarmanah,kecamatan,yes,-6.938,107.7556,Asia/Jakarta,"BMKG representative point: Hegarmanah, Kecamatan Jatinangor",17-09-2026,ICON,Open-Meteo / DWD ICON,09:00,2026-09-17 09:00:00,26.4,59.0,0.0,5.1,0.0,1.4498,Cerah Berawan,wmo:1
jatinangor,"Jatinangor, Sumedang",2026-09-17,32.11.15.2002,Hegarmanah,kecamatan,yes,-6.938,107.7556,Asia/Jakarta,"BMKG representative point: Hegarmanah, Kecamatan Jatinangor",17-09-2026,ICON,Open-Meteo / DWD ICON,10:00,2026-09-17 10:00:00,28.3,52.0,0.0,3.7,0.0,1.4498,Cerah,wmo:0
jatinangor,"Jatinangor, Sumedang",2026-09-17,32.11.15.2002,Hegarmanah,kecamatan,yes,-6.938,107.7556,Asia/Jakarta,"BMKG representative point: Hegarmanah, Kecamatan Jatinangor",17-09-2026,ICON,Open-Meteo / DWD ICON,11:00,2026-09-17 11:00:00,29.7,48.0,0.0,4.7,0.0,1.4498,Cerah,wmo:0
jatinangor,"Jatinangor, Sumedang",2026-09-17,32.11.15.2002,Hegarmanah,kecamatan,yes,-6.938,107.7556,Asia/Jakarta,"BMKG representative point: Hegarmanah, Kecamatan Jatinangor",17-09-2026,ICON,Open-Meteo / DWD ICON,12:00,2026-09-17 12:00:00,31.0,43.0,0.0,7.1,0.0,1.4498,Cerah,wmo:0
jatinangor,"Jatinangor, Sumedang",2026-09-17,32.11.15.2002,Hegarmanah,kecamatan,yes,-6.938,107.7556,Asia/Jakarta,"BMKG representative point: Hegarmanah, Kecamatan Jatinangor",17-09-2026,ICON,Open-Meteo / DWD ICON,13:00,2026-09-17 13:00:00,31.9,40.0,0.0,10.2,0.0,1.4498,Cerah Berawan,wmo:1
jatinangor,"Jatinangor, Sumedang",2026-09-17,32.11.15.2002,Hegarmanah,kecamatan,yes,-6.938,107.7556,Asia/Jakarta,"BMKG representative point: Hegarmanah, Kecamatan Jatinangor",17-09-2026,ICON,Open-Meteo / DWD ICON,14:00,2026-09-17 14:00:00,32.2,39.0,0.0,11.8,0.0,1.4498,Cerah Berawan,wmo:1
jatinangor,"Jatinangor, Sumedang",2026-09-17,32.11.15.2002,Hegarmanah,kecamatan,yes,-6.938,107.7556,Asia/Jakarta,"BMKG representative point: Hegarmanah, Kecamatan Jatinangor",17-09-2026,ICON,Open-Meteo / DWD ICON,15:00,2026-09-17 15:00:00,32.3,38.0,0.0,13.6,0.0,1.4498,Cerah Berawan,wmo:1
jatinangor,"Jatinangor, Sumedang",2026-09-17,32.11.15.2002,Hegarmanah,kecamatan,yes,-6.938,107.7556,Asia/Jakarta,"BMKG representative point: Hegarmanah, Kecamatan Jatinangor",17-09-2026,ICON,Open-Meteo / DWD ICON,16:00,2026-09-17 16:00:00,30.9,43.0,0.0,15.3,0.0,1.4498,Berawan,wmo:3
jatinangor,"Jatinangor, Sumedang",2026-09-17,32.11.15.2002,Hegarmanah,kecamatan,yes,-6.938,107.7556,Asia/Jakarta,"BMKG representative point: Hegarmanah, Kecamatan Jatinangor",17-09-2026,ICON,Open-Meteo / DWD ICON,17:00,2026-09-17 17:00:00,29.4,51.0,0.0,12.6,0.0,1.4498,Cerah Berawan,wmo:2
jatinangor,"Jatinangor, Sumedang",2026-09-17,32.11.15.2002,Hegarmanah,kecamatan,yes,-6.938,107.7556,Asia/Jakarta,"BMKG representative point: Hegarmanah, Kecamatan Jatinangor",17-09-2026,ICON,Open-Meteo / DWD ICON,18:00,2026-09-17 18:00:00,27.5,60.0,0.0,7.9,0.0,1.4498,Cerah Berawan,wmo:2
jatinangor,"Jatinangor, Sumedang",2026-09-17,32.11.15.2002,Hegarmanah,kecamatan,yes,-6.938,107.7556,Asia/Jakarta,"BMKG representative point: Hegarmanah, Kecamatan Jatinangor",17-09-2026,ICON,Open-Meteo / DWD ICON,19:00,2026-09-17 19:00:00,26.0,68.0,0.0,8.0,0.0,1.4498,Cerah Berawan,wmo:2
jatinangor,"Jatinangor, Sumedang",2026-09-17,32.11.15.2002,Hegarmanah,kecamatan,yes,-6.938,107.7556,Asia/Jakarta,"BMKG representative point: Hegarmanah, Kecamatan Jatinangor",17-09-2026,ICON,Open-Meteo / DWD ICON,20:00,2026-09-17 20:00:00,25.2,72.0,0.1,6.4,0.0,1.4498,Berawan,wmo:3
jatinangor,"Jatinangor, Sumedang",2026-09-17,32.11.15.2002,Hegarmanah,kecamatan,yes,-6.938,107.7556,Asia/Jakarta,"BMKG representative point: Hegarmanah, Kecamatan Jatinangor",17-09-2026,ICON,Open-Meteo / DWD ICON,21:00,2026-09-17 21:00:00,24.5,75.0,0.0,5.5,0.0,1.4498,Berawan,wmo:3
jatinangor,"Jatinangor, Sumedang",2026-09-17,32.11.15.2002,Hegarmanah,kecamatan,yes,-6.938,107.7556,Asia/Jakarta,"BMKG representative point: Hegarmanah, Kecamatan Jatinangor",17-09-2026,ICON,Open-Meteo / DWD ICON,22:00,2026-09-17 22:00:00,23.9,78.0,0.0,5.4,0.0,1.4498,Berawan,wmo:3
jatinangor,"Jatinangor, Sumedang",2026-09-17,32.11.15.2002,Hegarmanah,kecamatan,yes,-6.938,107.7556,Asia/Jakarta,"BMKG representative point: Hegarmanah, Kecamatan Jatinangor",17-09-2026,ICON,Open-Meteo / DWD ICON,23:00,2026-09-17 23:00:00,23.4,81.0,0.0,5.9,0.0,1.4498,Berawan,wmo:3
jatinangor,"Jatinangor, Sumedang",2026-09-17,32.11.15.2002,Hegarmanah,kecamatan,yes,-6.938,107.7556,Asia/Jakarta,"BMKG representative point: Hegarmanah, Kecamatan Jatinangor",17-09-2026,KMA,Open-Meteo / KMA,00:00,2026-09-17 00:00:00,,,,,0.0,0.5383,Berawan,wmo:None
jatinangor,"Jatinangor, Sumedang",2026-09-17,32.11.15.2002,Hegarmanah,kecamatan,yes,-6.938,107.7556,Asia/Jakarta,"BMKG representative point: Hegarmanah, Kecamatan Jatinangor",17-09-2026,KMA,Open-Meteo / KMA,01:00,2026-09-17 01:00:00,,,,,0.0,0.5383,Berawan,wmo:None
jatinangor,"Jatinangor, Sumedang",2026-09-17,32.11.15.2002,Hegarmanah,kecamatan,yes,-6.938,107.7556,Asia/Jakarta,"BMKG representative point: Hegarmanah, Kecamatan Jatinangor",17-09-2026,KMA,Open-Meteo / KMA,02:00,2026-09-17 02:00:00,,,,,0.0,0.5383,Berawan,wmo:None
jatinangor,"Jatinangor, Sumedang",2026-09-17,32.11.15.2002,Hegarmanah,kecamatan,yes,-6.938,107.7556,Asia/Jakarta,"BMKG representative point: Hegarmanah, Kecamatan Jatinangor",17-09-2026,KMA,Open-Meteo / KMA,03:00,2026-09-17 03:00:00,,,,,0.0,0.5383,Berawan,wmo:None
jatinangor,"Jatinangor, Sumedang",2026-09-17,32.11.15.2002,Hegarmanah,kecamatan,yes,-6.938,107.7556,Asia/Jakarta,"BMKG representative point: Hegarmanah, Kecamatan Jatinangor",17-09-2026,KMA,Open-Meteo / KMA,04:00,2026-09-17 04:00:00,,,,,0.0,0.5383,Berawan,wmo:None
jatinangor,"Jatinangor, Sumedang",2026-09-17,32.11.15.2002,Hegarmanah,kecamatan,yes,-6.938,107.7556,Asia/Jakarta,"BMKG representative point: Hegarmanah, Kecamatan Jatinangor",17-09-2026,KMA,Open-Meteo / KMA,05:00,2026-09-17 05:00:00,,,,,0.0,0.5383,Berawan,wmo:None
jatinangor,"Jatinangor, Sumedang",2026-09-17,32.11.15.2002,Hegarmanah,kecamatan,yes,-6.938,107.7556,Asia/Jakarta,"BMKG representative point: Hegarmanah, Kecamatan Jatinangor",17-09-2026,KMA,Open-Meteo / KMA,06:00,2026-09-17 06:00:00,,,,,0.0,0.5383,Berawan,wmo:None
jatinangor,"Jatinangor, Sumedang",2026-09-17,32.11.15.2002,Hegarmanah,kecamatan,yes,-6.938,107.7556,Asia/Jakarta,"BMKG representative point: Hegarmanah, Kecamatan Jatinangor",17-09-2026,KMA,Open-Meteo / KMA,07:00,2026-09-17 07:00:00,,,,,0.0,0.5383,Berawan,wmo:None
jatinangor,"Jatinangor, Sumedang",2026-09-17,32.11.15.2002,Hegarmanah,kecamatan,yes,-6.938,107.7556,Asia/Jakarta,"BMKG representative point: Hegarmanah, Kecamatan Jatinangor",17-09-2026,KMA,Open-Meteo / KMA,08:00,2026-09-17 08:00:00,,,,,0.0,0.5383,Berawan,wmo:None
jatinangor,"Jatinangor, Sumedang",2026-09-17,32.11.15.2002,Hegarmanah,kecamatan,yes,-6.938,107.7556,Asia/Jakarta,"BMKG representative point: Hegarmanah, Kecamatan Jatinangor",17-09-2026,KMA,Open-Meteo / KMA,09:00,2026-09-17 09:00:00,,,,,0.0,0.5383,Berawan,wmo:None
jatinangor,"Jatinangor, Sumedang",2026-09-17,32.11.15.2002,Hegarmanah,kecamatan,yes,-6.938,107.7556,Asia/Jakarta,"BMKG representative point: Hegarmanah, Kecamatan Jatinangor",17-09-2026,KMA,Open-Meteo / KMA,10:00,2026-09-17 10:00:00,,,,,0.0,0.5383,Berawan,wmo:None
jatinangor,"Jatinangor, Sumedang",2026-09-17,32.11.15.2002,Hegarmanah,kecamatan,yes,-6.938,107.7556,Asia/Jakarta,"BMKG representative point: Hegarmanah, Kecamatan Jatinangor",17-09-2026,KMA,Open-Meteo / KMA,11:00,2026-09-17 11:00:00,,,,,0.0,0.5383,Berawan,wmo:None
jatinangor,"Jatinangor, Sumedang",2026-09-17,32.11.15.2002,Hegarmanah,kecamatan,yes,-6.938,107.7556,Asia/Jakarta,"BMKG representative point: Hegarmanah, Kecamatan Jatinangor",17-09-2026,KMA,Open-Meteo / KMA,12:00,2026-09-17 12:00:00,,,,,0.0,0.5383,Berawan,wmo:None
jatinangor,"Jatinangor, Sumedang",2026-09-17,32.11.15.2002,Hegarmanah,kecamatan,yes,-6.938,107.7556,Asia/Jakarta,"BMKG representative point: Hegarmanah, Kecamatan Jatinangor",17-09-2026,KMA,Open-Meteo / KMA,13:00,2026-09-17 13:00:00,,,,,0.0,0.5383,Berawan,wmo:None
jatinangor,"Jatinangor, Sumedang",2026-09-17,32.11.15.2002,Hegarmanah,kecamatan,yes,-6.938,107.7556,Asia/Jakarta,"BMKG representative point: Hegarmanah, Kecamatan Jatinangor",17-09-2026,KMA,Open-Meteo / KMA,14:00,2026-09-17 14:00:00,,,,,0.0,0.5383,Berawan,wmo:None
jatinangor,"Jatinangor, Sumedang",2026-09-17,32.11.15.2002,Hegarmanah,kecamatan,yes,-6.938,107.7556,Asia/Jakarta,"BMKG representative point: Hegarmanah, Kecamatan Jatinangor",17-09-2026,KMA,Open-Meteo / KMA,15:00,2026-09-17 15:00:00,,,,,0.0,0.5383,Berawan,wmo:None
jatinangor,"Jatinangor, Sumedang",2026-09-17,32.11.15.2002,Hegarmanah,kecamatan,yes,-6.938,107.7556,Asia/Jakarta,"BMKG representative point: Hegarmanah, Kecamatan Jatinangor",17-09-2026,KMA,Open-Meteo / KMA,16:00,2026-09-17 16:00:00,,,,,0.0,0.5383,Berawan,wmo:None
jatinangor,"Jatinangor, Sumedang",2026-09-17,32.11.15.2002,Hegarmanah,kecamatan,yes,-6.938,107.7556,Asia/Jakarta,"BMKG representative point: Hegarmanah, Kecamatan Jatinangor",17-09-2026,KMA,Open-Meteo / KMA,17:00,2026-09-17 17:00:00,,,,,0.0,0.5383,Berawan,wmo:None
jatinangor,"Jatinangor, Sumedang",2026-09-17,32.11.15.2002,Hegarmanah,kecamatan,yes,-6.938,107.7556,Asia/Jakarta,"BMKG representative point: Hegarmanah, Kecamatan Jatinangor",17-09-2026,KMA,Open-Meteo / KMA,18:00,2026-09-17 18:00:00,,,,,0.0,0.5383,Berawan,wmo:None
jatinangor,"Jatinangor, Sumedang",2026-09-17,32.11.15.2002,Hegarmanah,kecamatan,yes,-6.938,107.7556,Asia/Jakarta,"BMKG representative point: Hegarmanah, Kecamatan Jatinangor",17-09-2026,KMA,Open-Meteo / KMA,19:00,2026-09-17 19:00:00,,,,,0.0,0.5383,Berawan,wmo:None
jatinangor,"Jatinangor, Sumedang",2026-09-17,32.11.15.2002,Hegarmanah,kecamatan,yes,-6.938,107.7556,Asia/Jakarta,"BMKG representative point: Hegarmanah, Kecamatan Jatinangor",17-09-2026,KMA,Open-Meteo / KMA,20:00,2026-09-17 20:00:00,,,,,0.0,0.5383,Berawan,wmo:None
jatinangor,"Jatinangor, Sumedang",2026-09-17,32.11.15.2002,Hegarmanah,kecamatan,yes,-6.938,107.7556,Asia/Jakarta,"BMKG representative point: Hegarmanah, Kecamatan Jatinangor",17-09-2026,KMA,Open-Meteo / KMA,21:00,2026-09-17 21:00:00,,,,,0.0,0.5383,Berawan,wmo:None
jatinangor,"Jatinangor, Sumedang",2026-09-17,32.11.15.2002,Hegarmanah,kecamatan,yes,-6.938,107.7556,Asia/Jakarta,"BMKG representative point: Hegarmanah, Kecamatan Jatinangor",17-09-2026,KMA,Open-Meteo / KMA,22:00,2026-09-17 22:00:00,,,,,0.0,0.5383,Berawan,wmo:None
jatinangor,"Jatinangor, Sumedang",2026-09-17,32.11.15.2002,Hegarmanah,kecamatan,yes,-6.938,107.7556,Asia/Jakarta,"BMKG representative point: Hegarmanah, Kecamatan Jatinangor",17-09-2026,KMA,Open-Meteo / KMA,23:00,2026-09-17 23:00:00,,,,,0.0,0.5383,Berawan,wmo:None
jatinangor,"Jatinangor, Sumedang",2026-09-17,32.11.15.2002,Hegarmanah,kecamatan,yes,-6.938,107.7556,Asia/Jakarta,"BMKG representative point: Hegarmanah, Kecamatan Jatinangor",17-09-2026,METEOFRANCE,Open-Meteo / Meteo-France,00:00,2026-09-17 00:00:00,25.2,88.0,0.0,2.5,0.0,1.4393,Cerah Berawan,wmo:2
jatinangor,"Jatinangor, Sumedang",2026-09-17,32.11.15.2002,Hegarmanah,kecamatan,yes,-6.938,107.7556,Asia/Jakarta,"BMKG representative point: Hegarmanah, Kecamatan Jatinangor",17-09-2026,METEOFRANCE,Open-Meteo / Meteo-France,01:00,2026-09-17 01:00:00,25.1,85.0,0.0,2.3,0.0,1.4393,Cerah Berawan,wmo:2
jatinangor,"Jatinangor, Sumedang",2026-09-17,32.11.15.2002,Hegarmanah,kecamatan,yes,-6.938,107.7556,Asia/Jakarta,"BMKG representative point: Hegarmanah, Kecamatan Jatinangor",17-09-2026,METEOFRANCE,Open-Meteo / Meteo-France,02:00,2026-09-17 02:00:00,25.2,81.0,0.0,3.8,0.0,1.4393,Cerah Berawan,wmo:1
jatinangor,"Jatinangor, Sumedang",2026-09-17,32.11.15.2002,Hegarmanah,kecamatan,yes,-6.938,107.7556,Asia/Jakarta,"BMKG representative point: Hegarmanah, Kecamatan Jatinangor",17-09-2026,METEOFRANCE,Open-Meteo / Meteo-France,03:00,2026-09-17 03:00:00,25.0,79.0,0.0,3.2,0.0,1.4393,Cerah Berawan,wmo:1
jatinangor,"Jatinangor, Sumedang",2026-09-17,32.11.15.2002,Hegarmanah,kecamatan,yes,-6.938,107.7556,Asia/Jakarta,"BMKG representative point: Hegarmanah, Kecamatan Jatinangor",17-09-2026,METEOFRANCE,Open-Meteo / Meteo-France,04:00,2026-09-17 04:00:00,24.6,80.0,0.0,2.3,0.0,1.4393,Cerah Berawan,wmo:1
jatinangor,"Jatinangor, Sumedang",2026-09-17,32.11.15.2002,Hegarmanah,kecamatan,yes,-6.938,107.7556,Asia/Jakarta,"BMKG representative point: Hegarmanah, Kecamatan Jatinangor",17-09-2026,METEOFRANCE,Open-Meteo / Meteo-France,05:00,2026-09-17 05:00:00,24.1,82.0,0.0,2.6,0.0,1.4393,Cerah Berawan,wmo:1
jatinangor,"Jatinangor, Sumedang",2026-09-17,32.11.15.2002,Hegarmanah,kecamatan,yes,-6.938,107.7556,Asia/Jakarta,"BMKG representative point: Hegarmanah, Kecamatan Jatinangor",17-09-2026,METEOFRANCE,Open-Meteo / Meteo-France,06:00,2026-09-17 06:00:00,23.8,82.0,0.0,2.8,0.0,1.4393,Cerah Berawan,wmo:1
jatinangor,"Jatinangor, Sumedang",2026-09-17,32.11.15.2002,Hegarmanah,kecamatan,yes,-6.938,107.7556,Asia/Jakarta,"BMKG representative point: Hegarmanah, Kecamatan Jatinangor",17-09-2026,METEOFRANCE,Open-Meteo / Meteo-France,07:00,2026-09-17 07:00:00,24.7,77.0,0.0,3.5,0.0,1.4393,Cerah Berawan,wmo:2
jatinangor,"Jatinangor, Sumedang",2026-09-17,32.11.15.2002,Hegarmanah,kecamatan,yes,-6.938,107.7556,Asia/Jakarta,"BMKG representative point: Hegarmanah, Kecamatan Jatinangor",17-09-2026,METEOFRANCE,Open-Meteo / Meteo-France,08:00,2026-09-17 08:00:00,26.5,68.0,0.0,4.2,0.0,1.4393,Cerah Berawan,wmo:2
jatinangor,"Jatinangor, Sumedang",2026-09-17,32.11.15.2002,Hegarmanah,kecamatan,yes,-6.938,107.7556,Asia/Jakarta,"BMKG representative point: Hegarmanah, Kecamatan Jatinangor",17-09-2026,METEOFRANCE,Open-Meteo / Meteo-France,09:00,2026-09-17 09:00:00,28.7,59.0,0.0,3.8,0.0,1.4393,Cerah Berawan,wmo:1
jatinangor,"Jatinangor, Sumedang",2026-09-17,32.11.15.2002,Hegarmanah,kecamatan,yes,-6.938,107.7556,Asia/Jakarta,"BMKG representative point: Hegarmanah, Kecamatan Jatinangor",17-09-2026,METEOFRANCE,Open-Meteo / Meteo-France,10:00,2026-09-17 10:00:00,31.1,50.0,0.0,5.1,0.0,1.4393,Cerah Berawan,wmo:1
jatinangor,"Jatinangor, Sumedang",2026-09-17,32.11.15.2002,Hegarmanah,kecamatan,yes,-6.938,107.7556,Asia/Jakarta,"BMKG representative point: Hegarmanah, Kecamatan Jatinangor",17-09-2026,METEOFRANCE,Open-Meteo / Meteo-France,11:00,2026-09-17 11:00:00,33.4,42.0,0.0,8.4,0.0,1.4393,Cerah,wmo:0
jatinangor,"Jatinangor, Sumedang",2026-09-17,32.11.15.2002,Hegarmanah,kecamatan,yes,-6.938,107.7556,Asia/Jakarta,"BMKG representative point: Hegarmanah, Kecamatan Jatinangor",17-09-2026,METEOFRANCE,Open-Meteo / Meteo-France,12:00,2026-09-17 12:00:00,34.7,39.0,0.0,10.5,0.0,1.4393,Cerah,wmo:0
jatinangor,"Jatinangor, Sumedang",2026-09-17,32.11.15.2002,Hegarmanah,kecamatan,yes,-6.938,107.7556,Asia/Jakarta,"BMKG representative point: Hegarmanah, Kecamatan Jatinangor",17-09-2026,METEOFRANCE,Open-Meteo / Meteo-France,13:00,2026-09-17 13:00:00,35.4,37.0,0.0,11.5,0.0,1.4393,Cerah Berawan,wmo:1
jatinangor,"Jatinangor, Sumedang",2026-09-17,32.11.15.2002,Hegarmanah,kecamatan,yes,-6.938,107.7556,Asia/Jakarta,"BMKG representative point: Hegarmanah, Kecamatan Jatinangor",17-09-2026,METEOFRANCE,Open-Meteo / Meteo-France,14:00,2026-09-17 14:00:00,35.3,37.0,0.0,11.5,0.0,1.4393,Cerah Berawan,wmo:1
jatinangor,"Jatinangor, Sumedang",2026-09-17,32.11.15.2002,Hegarmanah,kecamatan,yes,-6.938,107.7556,Asia/Jakarta,"BMKG representative point: Hegarmanah, Kecamatan Jatinangor",17-09-2026,METEOFRANCE,Open-Meteo / Meteo-France,15:00,2026-09-17 15:00:00,34.8,38.0,0.0,11.5,0.0,1.4393,Cerah Berawan,wmo:1
jatinangor,"Jatinangor, Sumedang",2026-09-17,32.11.15.2002,Hegarmanah,kecamatan,yes,-6.938,107.7556,Asia/Jakarta,"BMKG representative point: Hegarmanah, Kecamatan Jatinangor",17-09-2026,METEOFRANCE,Open-Meteo / Meteo-France,16:00,2026-09-17 16:00:00,34.1,40.0,0.0,11.2,0.0,1.4393,Cerah Berawan,wmo:1
jatinangor,"Jatinangor, Sumedang",2026-09-17,32.11.15.2002,Hegarmanah,kecamatan,yes,-6.938,107.7556,Asia/Jakarta,"BMKG representative point: Hegarmanah, Kecamatan Jatinangor",17-09-2026,METEOFRANCE,Open-Meteo / Meteo-France,17:00,2026-09-17 17:00:00,32.8,44.0,0.0,10.8,0.0,1.4393,Cerah Berawan,wmo:2
jatinangor,"Jatinangor, Sumedang",2026-09-17,32.11.15.2002,Hegarmanah,kecamatan,yes,-6.938,107.7556,Asia/Jakarta,"BMKG representative point: Hegarmanah, Kecamatan Jatinangor",17-09-2026,METEOFRANCE,Open-Meteo / Meteo-France,18:00,2026-09-17 18:00:00,30.8,53.0,0.0,10.4,0.0,1.4393,Berawan,wmo:3
jatinangor,"Jatinangor, Sumedang",2026-09-17,32.11.15.2002,Hegarmanah,kecamatan,yes,-6.938,107.7556,Asia/Jakarta,"BMKG representative point: Hegarmanah, Kecamatan Jatinangor",17-09-2026,METEOFRANCE,Open-Meteo / Meteo-France,19:00,2026-09-17 19:00:00,28.6,67.0,0.0,8.7,0.0,1.4393,Berawan,wmo:3
jatinangor,"Jatinangor, Sumedang",2026-09-17,32.11.15.2002,Hegarmanah,kecamatan,yes,-6.938,107.7556,Asia/Jakarta,"BMKG representative point: Hegarmanah, Kecamatan Jatinangor",17-09-2026,METEOFRANCE,Open-Meteo / Meteo-France,20:00,2026-09-17 20:00:00,27.4,74.0,0.0,6.4,0.0,1.4393,Berawan,wmo:3
jatinangor,"Jatinangor, Sumedang",2026-09-17,32.11.15.2002,Hegarmanah,kecamatan,yes,-6.938,107.7556,Asia/Jakarta,"BMKG representative point: Hegarmanah, Kecamatan Jatinangor",17-09-2026,METEOFRANCE,Open-Meteo / Meteo-France,21:00,2026-09-17 21:00:00,26.7,78.0,0.0,4.3,0.0,1.4393,Berawan,wmo:3
jatinangor,"Jatinangor, Sumedang",2026-09-17,32.11.15.2002,Hegarmanah,kecamatan,yes,-6.938,107.7556,Asia/Jakarta,"BMKG representative point: Hegarmanah, Kecamatan Jatinangor",17-09-2026,METEOFRANCE,Open-Meteo / Meteo-France,22:00,2026-09-17 22:00:00,26.5,80.0,0.0,3.3,0.0,1.4393,Berawan,wmo:3
jatinangor,"Jatinangor, Sumedang",2026-09-17,32.11.15.2002,Hegarmanah,kecamatan,yes,-6.938,107.7556,Asia/Jakarta,"BMKG representative point: Hegarmanah, Kecamatan Jatinangor",17-09-2026,METEOFRANCE,Open-Meteo / Meteo-France,23:00,2026-09-17 23:00:00,26.3,81.0,0.0,3.1,0.0,1.4393,Berawan,wmo:3
jatinangor,"Jatinangor, Sumedang",2026-09-17,32.11.15.2002,Hegarmanah,kecamatan,yes,-6.938,107.7556,Asia/Jakarta,"BMKG representative point: Hegarmanah, Kecamatan Jatinangor",17-09-2026,METNO,MET Norway,00:00,2026-09-17 00:00:00,19.4,87.1,0.0,6.48,0.0,1.3193,Cerah,clearsky_night
jatinangor,"Jatinangor, Sumedang",2026-09-17,32.11.15.2002,Hegarmanah,kecamatan,yes,-6.938,107.7556,Asia/Jakarta,"BMKG representative point: Hegarmanah, Kecamatan Jatinangor",17-09-2026,METNO,MET Norway,01:00,2026-09-17 01:00:00,18.9,85.1,0.0,7.92,0.0,1.3193,Cerah,clearsky_night
jatinangor,"Jatinangor, Sumedang",2026-09-17,32.11.15.2002,Hegarmanah,kecamatan,yes,-6.938,107.7556,Asia/Jakarta,"BMKG representative point: Hegarmanah, Kecamatan Jatinangor",17-09-2026,METNO,MET Norway,02:00,2026-09-17 02:00:00,18.4,84.0,0.0,8.64,0.0,1.3193,Cerah,clearsky_night
jatinangor,"Jatinangor, Sumedang",2026-09-17,32.11.15.2002,Hegarmanah,kecamatan,yes,-6.938,107.7556,Asia/Jakarta,"BMKG representative point: Hegarmanah, Kecamatan Jatinangor",17-09-2026,METNO,MET Norway,03:00,2026-09-17 03:00:00,17.9,83.3,0.0,8.64,0.0,1.3193,Cerah Berawan,fair_night
jatinangor,"Jatinangor, Sumedang",2026-09-17,32.11.15.2002,Hegarmanah,kecamatan,yes,-6.938,107.7556,Asia/Jakarta,"BMKG representative point: Hegarmanah, Kecamatan Jatinangor",17-09-2026,METNO,MET Norway,04:00,2026-09-17 04:00:00,17.6,82.2,0.0,8.64,0.0,1.3193,Cerah Berawan,partlycloudy_night
jatinangor,"Jatinangor, Sumedang",2026-09-17,32.11.15.2002,Hegarmanah,kecamatan,yes,-6.938,107.7556,Asia/Jakarta,"BMKG representative point: Hegarmanah, Kecamatan Jatinangor",17-09-2026,METNO,MET Norway,05:00,2026-09-17 05:00:00,17.5,83.8,0.0,8.28,0.0,1.3193,Cerah Berawan,partlycloudy_night
jatinangor,"Jatinangor, Sumedang",2026-09-17,32.11.15.2002,Hegarmanah,kecamatan,yes,-6.938,107.7556,Asia/Jakarta,"BMKG representative point: Hegarmanah, Kecamatan Jatinangor",17-09-2026,METNO,MET Norway,06:00,2026-09-17 06:00:00,17.3,87.4,0.0,8.28,0.0,1.3193,Cerah Berawan,partlycloudy_day
jatinangor,"Jatinangor, Sumedang",2026-09-17,32.11.15.2002,Hegarmanah,kecamatan,yes,-6.938,107.7556,Asia/Jakarta,"BMKG representative point: Hegarmanah, Kecamatan Jatinangor",17-09-2026,METNO,MET Norway,07:00,2026-09-17 07:00:00,20.4,77.2,0.0,7.2,0.0,1.3193,Cerah Berawan,fair_day
jatinangor,"Jatinangor, Sumedang",2026-09-17,32.11.15.2002,Hegarmanah,kecamatan,yes,-6.938,107.7556,Asia/Jakarta,"BMKG representative point: Hegarmanah, Kecamatan Jatinangor",17-09-2026,METNO,MET Norway,08:00,2026-09-17 08:00:00,23.1,66.8,0.0,6.48,0.0,1.3193,Cerah Berawan,partlycloudy_day
jatinangor,"Jatinangor, Sumedang",2026-09-17,32.11.15.2002,Hegarmanah,kecamatan,yes,-6.938,107.7556,Asia/Jakarta,"BMKG representative point: Hegarmanah, Kecamatan Jatinangor",17-09-2026,METNO,MET Norway,09:00,2026-09-17 09:00:00,25.7,58.0,0.0,7.56,0.0,1.3193,Cerah Berawan,partlycloudy_day
jatinangor,"Jatinangor, Sumedang",2026-09-17,32.11.15.2002,Hegarmanah,kecamatan,yes,-6.938,107.7556,Asia/Jakarta,"BMKG representative point: Hegarmanah, Kecamatan Jatinangor",17-09-2026,METNO,MET Norway,10:00,2026-09-17 10:00:00,28.0,49.3,0.0,7.2,0.0,1.3193,Cerah Berawan,fair_day
jatinangor,"Jatinangor, Sumedang",2026-09-17,32.11.15.2002,Hegarmanah,kecamatan,yes,-6.938,107.7556,Asia/Jakarta,"BMKG representative point: Hegarmanah, Kecamatan Jatinangor",17-09-2026,METNO,MET Norway,11:00,2026-09-17 11:00:00,29.6,42.7,0.0,9.36,0.0,1.3193,Berawan,cloudy
jatinangor,"Jatinangor, Sumedang",2026-09-17,32.11.15.2002,Hegarmanah,kecamatan,yes,-6.938,107.7556,Asia/Jakarta,"BMKG representative point: Hegarmanah, Kecamatan Jatinangor",17-09-2026,METNO,MET Norway,12:00,2026-09-17 12:00:00,29.8,43.1,0.5,10.44,0.0,1.3193,Hujan Ringan,rainshowers_day
jatinangor,"Jatinangor, Sumedang",2026-09-17,32.11.15.2002,Hegarmanah,kecamatan,yes,-6.938,107.7556,Asia/Jakarta,"BMKG representative point: Hegarmanah, Kecamatan Jatinangor",17-09-2026,METNO,MET Norway,13:00,2026-09-17 13:00:00,29.1,49.6,0.5,9.36,0.0,1.3193,Hujan Ringan,rainshowers_day
jatinangor,"Jatinangor, Sumedang",2026-09-17,32.11.15.2002,Hegarmanah,kecamatan,yes,-6.938,107.7556,Asia/Jakarta,"BMKG representative point: Hegarmanah, Kecamatan Jatinangor",17-09-2026,METNO,MET Norway,14:00,2026-09-17 14:00:00,28.7,53.5,0.5,9.36,0.0,1.3193,Hujan Ringan,rainshowers_day
jatinangor,"Jatinangor, Sumedang",2026-09-17,32.11.15.2002,Hegarmanah,kecamatan,yes,-6.938,107.7556,Asia/Jakarta,"BMKG representative point: Hegarmanah, Kecamatan Jatinangor",17-09-2026,METNO,MET Norway,15:00,2026-09-17 15:00:00,28.4,54.4,0.4,8.28,0.0,1.3193,Hujan Ringan,rainshowers_day
jatinangor,"Jatinangor, Sumedang",2026-09-17,32.11.15.2002,Hegarmanah,kecamatan,yes,-6.938,107.7556,Asia/Jakarta,"BMKG representative point: Hegarmanah, Kecamatan Jatinangor",17-09-2026,METNO,MET Norway,16:00,2026-09-17 16:00:00,27.9,55.4,0.0,12.96,0.0,1.3193,Cerah Berawan,fair_day
jatinangor,"Jatinangor, Sumedang",2026-09-17,32.11.15.2002,Hegarmanah,kecamatan,yes,-6.938,107.7556,Asia/Jakarta,"BMKG representative point: Hegarmanah, Kecamatan Jatinangor",17-09-2026,METNO,MET Norway,17:00,2026-09-17 17:00:00,26.6,60.3,0.0,10.44,0.0,1.3193,Cerah Berawan,partlycloudy_day
jatinangor,"Jatinangor, Sumedang",2026-09-17,32.11.15.2002,Hegarmanah,kecamatan,yes,-6.938,107.7556,Asia/Jakarta,"BMKG representative point: Hegarmanah, Kecamatan Jatinangor",17-09-2026,METNO,MET Norway,18:00,2026-09-17 18:00:00,24.5,70.3,0.0,6.48,0.0,1.3193,Berawan,cloudy
jatinangor,"Jatinangor, Sumedang",2026-09-17,32.11.15.2002,Hegarmanah,kecamatan,yes,-6.938,107.7556,Asia/Jakarta,"BMKG representative point: Hegarmanah, Kecamatan Jatinangor",17-09-2026,METNO,MET Norway,19:00,2026-09-17 19:00:00,24.0,72.4,0.0,7.2,0.0,1.3193,Berawan,cloudy
jatinangor,"Jatinangor, Sumedang",2026-09-17,32.11.15.2002,Hegarmanah,kecamatan,yes,-6.938,107.7556,Asia/Jakarta,"BMKG representative point: Hegarmanah, Kecamatan Jatinangor",17-09-2026,METNO,MET Norway,20:00,2026-09-17 20:00:00,23.6,73.5,0.0,6.48,0.0,1.3193,Berawan,cloudy
jatinangor,"Jatinangor, Sumedang",2026-09-17,32.11.15.2002,Hegarmanah,kecamatan,yes,-6.938,107.7556,Asia/Jakarta,"BMKG representative point: Hegarmanah, Kecamatan Jatinangor",17-09-2026,METNO,MET Norway,21:00,2026-09-17 21:00:00,23.3,74.7,0.0,5.76,0.0,1.3193,Cerah Berawan,partlycloudy_night
jatinangor,"Jatinangor, Sumedang",2026-09-17,32.11.15.2002,Hegarmanah,kecamatan,yes,-6.938,107.7556,Asia/Jakarta,"BMKG representative point: Hegarmanah, Kecamatan Jatinangor",17-09-2026,METNO,MET Norway,22:00,2026-09-17 22:00:00,22.6,79.3,0.0,5.4,0.0,1.3193,Cerah Berawan,partlycloudy_night
jatinangor,"Jatinangor, Sumedang",2026-09-17,32.11.15.2002,Hegarmanah,kecamatan,yes,-6.938,107.7556,Asia/Jakarta,"BMKG representative point: Hegarmanah, Kecamatan Jatinangor",17-09-2026,METNO,MET Norway,23:00,2026-09-17 23:00:00,22.3,84.0,0.0,4.68,0.0,1.3193,Cerah Berawan,partlycloudy_night
jatinangor,"Jatinangor, Sumedang",2026-09-17,32.11.15.2002,Hegarmanah,kecamatan,yes,-6.938,107.7556,Asia/Jakarta,"BMKG representative point: Hegarmanah, Kecamatan Jatinangor",17-09-2026,UKMO,Open-Meteo / UK Met Office,00:00,2026-09-17 00:00:00,16.6,98.0,0.0,1.1,0.0,1.3091,Cerah,wmo:0
jatinangor,"Jatinangor, Sumedang",2026-09-17,32.11.15.2002,Hegarmanah,kecamatan,yes,-6.938,107.7556,Asia/Jakarta,"BMKG representative point: Hegarmanah, Kecamatan Jatinangor",17-09-2026,UKMO,Open-Meteo / UK Met Office,01:00,2026-09-17 01:00:00,16.1,98.0,0.0,0.4,0.0,1.3091,Cerah,wmo:0
jatinangor,"Jatinangor, Sumedang",2026-09-17,32.11.15.2002,Hegarmanah,kecamatan,yes,-6.938,107.7556,Asia/Jakarta,"BMKG representative point: Hegarmanah, Kecamatan Jatinangor",17-09-2026,UKMO,Open-Meteo / UK Met Office,02:00,2026-09-17 02:00:00,15.6,97.0,0.0,1.4,0.0,1.3091,Cerah,wmo:0
jatinangor,"Jatinangor, Sumedang",2026-09-17,32.11.15.2002,Hegarmanah,kecamatan,yes,-6.938,107.7556,Asia/Jakarta,"BMKG representative point: Hegarmanah, Kecamatan Jatinangor",17-09-2026,UKMO,Open-Meteo / UK Met Office,03:00,2026-09-17 03:00:00,15.2,98.0,0.0,0.4,0.0,1.3091,Cerah,wmo:0
jatinangor,"Jatinangor, Sumedang",2026-09-17,32.11.15.2002,Hegarmanah,kecamatan,yes,-6.938,107.7556,Asia/Jakarta,"BMKG representative point: Hegarmanah, Kecamatan Jatinangor",17-09-2026,UKMO,Open-Meteo / UK Met Office,04:00,2026-09-17 04:00:00,14.8,98.0,0.0,0.4,0.0,1.3091,Cerah,wmo:0
jatinangor,"Jatinangor, Sumedang",2026-09-17,32.11.15.2002,Hegarmanah,kecamatan,yes,-6.938,107.7556,Asia/Jakarta,"BMKG representative point: Hegarmanah, Kecamatan Jatinangor",17-09-2026,UKMO,Open-Meteo / UK Met Office,05:00,2026-09-17 05:00:00,14.4,98.0,0.0,1.1,0.0,1.3091,Cerah,wmo:0
jatinangor,"Jatinangor, Sumedang",2026-09-17,32.11.15.2002,Hegarmanah,kecamatan,yes,-6.938,107.7556,Asia/Jakarta,"BMKG representative point: Hegarmanah, Kecamatan Jatinangor",17-09-2026,UKMO,Open-Meteo / UK Met Office,06:00,2026-09-17 06:00:00,14.8,97.0,0.0,2.2,0.0,1.3091,Cerah,wmo:0
jatinangor,"Jatinangor, Sumedang",2026-09-17,32.11.15.2002,Hegarmanah,kecamatan,yes,-6.938,107.7556,Asia/Jakarta,"BMKG representative point: Hegarmanah, Kecamatan Jatinangor",17-09-2026,UKMO,Open-Meteo / UK Met Office,07:00,2026-09-17 07:00:00,18.4,84.0,0.0,1.1,0.0,1.3091,Cerah,wmo:0
jatinangor,"Jatinangor, Sumedang",2026-09-17,32.11.15.2002,Hegarmanah,kecamatan,yes,-6.938,107.7556,Asia/Jakarta,"BMKG representative point: Hegarmanah, Kecamatan Jatinangor",17-09-2026,UKMO,Open-Meteo / UK Met Office,08:00,2026-09-17 08:00:00,21.9,75.0,0.0,2.9,0.0,1.3091,Cerah,wmo:0
jatinangor,"Jatinangor, Sumedang",2026-09-17,32.11.15.2002,Hegarmanah,kecamatan,yes,-6.938,107.7556,Asia/Jakarta,"BMKG representative point: Hegarmanah, Kecamatan Jatinangor",17-09-2026,UKMO,Open-Meteo / UK Met Office,09:00,2026-09-17 09:00:00,24.0,61.0,0.0,3.6,0.0,1.3091,Cerah,wmo:0
jatinangor,"Jatinangor, Sumedang",2026-09-17,32.11.15.2002,Hegarmanah,kecamatan,yes,-6.938,107.7556,Asia/Jakarta,"BMKG representative point: Hegarmanah, Kecamatan Jatinangor",17-09-2026,UKMO,Open-Meteo / UK Met Office,10:00,2026-09-17 10:00:00,26.5,51.0,0.0,3.2,0.0,1.3091,Cerah,wmo:0
jatinangor,"Jatinangor, Sumedang",2026-09-17,32.11.15.2002,Hegarmanah,kecamatan,yes,-6.938,107.7556,Asia/Jakarta,"BMKG representative point: Hegarmanah, Kecamatan Jatinangor",17-09-2026,UKMO,Open-Meteo / UK Met Office,11:00,2026-09-17 11:00:00,28.0,45.0,0.0,1.1,0.0,1.3091,Cerah Berawan,wmo:1
jatinangor,"Jatinangor, Sumedang",2026-09-17,32.11.15.2002,Hegarmanah,kecamatan,yes,-6.938,107.7556,Asia/Jakarta,"BMKG representative point: Hegarmanah, Kecamatan Jatinangor",17-09-2026,UKMO,Open-Meteo / UK Met Office,12:00,2026-09-17 12:00:00,29.0,44.0,0.0,4.7,0.0,1.3091,Berawan,wmo:3
jatinangor,"Jatinangor, Sumedang",2026-09-17,32.11.15.2002,Hegarmanah,kecamatan,yes,-6.938,107.7556,Asia/Jakarta,"BMKG representative point: Hegarmanah, Kecamatan Jatinangor",17-09-2026,UKMO,Open-Meteo / UK Met Office,13:00,2026-09-17 13:00:00,28.9,47.0,0.2,7.6,0.0,1.3091,Hujan Ringan,wmo:51
jatinangor,"Jatinangor, Sumedang",2026-09-17,32.11.15.2002,Hegarmanah,kecamatan,yes,-6.938,107.7556,Asia/Jakarta,"BMKG representative point: Hegarmanah, Kecamatan Jatinangor",17-09-2026,UKMO,Open-Meteo / UK Met Office,14:00,2026-09-17 14:00:00,29.4,45.0,0.0,3.2,0.0,1.3091,Berawan,wmo:3
jatinangor,"Jatinangor, Sumedang",2026-09-17,32.11.15.2002,Hegarmanah,kecamatan,yes,-6.938,107.7556,Asia/Jakarta,"BMKG representative point: Hegarmanah, Kecamatan Jatinangor",17-09-2026,UKMO,Open-Meteo / UK Met Office,15:00,2026-09-17 15:00:00,29.0,46.0,0.0,2.9,0.0,1.3091,Berawan,wmo:3
jatinangor,"Jatinangor, Sumedang",2026-09-17,32.11.15.2002,Hegarmanah,kecamatan,yes,-6.938,107.7556,Asia/Jakarta,"BMKG representative point: Hegarmanah, Kecamatan Jatinangor",17-09-2026,UKMO,Open-Meteo / UK Met Office,16:00,2026-09-17 16:00:00,26.4,67.0,0.5,13.0,0.0,1.3091,Hujan Ringan,wmo:53
jatinangor,"Jatinangor, Sumedang",2026-09-17,32.11.15.2002,Hegarmanah,kecamatan,yes,-6.938,107.7556,Asia/Jakarta,"BMKG representative point: Hegarmanah, Kecamatan Jatinangor",17-09-2026,UKMO,Open-Meteo / UK Met Office,17:00,2026-09-17 17:00:00,24.7,72.0,0.0,9.0,0.0,1.3091,Cerah,wmo:0
jatinangor,"Jatinangor, Sumedang",2026-09-17,32.11.15.2002,Hegarmanah,kecamatan,yes,-6.938,107.7556,Asia/Jakarta,"BMKG representative point: Hegarmanah, Kecamatan Jatinangor",17-09-2026,UKMO,Open-Meteo / UK Met Office,18:00,2026-09-17 18:00:00,23.1,79.0,0.0,6.8,0.0,1.3091,Cerah Berawan,wmo:1
jatinangor,"Jatinangor, Sumedang",2026-09-17,32.11.15.2002,Hegarmanah,kecamatan,yes,-6.938,107.7556,Asia/Jakarta,"BMKG representative point: Hegarmanah, Kecamatan Jatinangor",17-09-2026,UKMO,Open-Meteo / UK Met Office,19:00,2026-09-17 19:00:00,22.8,82.0,0.0,6.5,0.0,1.3091,Cerah Berawan,wmo:1
jatinangor,"Jatinangor, Sumedang",2026-09-17,32.11.15.2002,Hegarmanah,kecamatan,yes,-6.938,107.7556,Asia/Jakarta,"BMKG representative point: Hegarmanah, Kecamatan Jatinangor",17-09-2026,UKMO,Open-Meteo / UK Met Office,20:00,2026-09-17 20:00:00,22.4,86.0,0.1,6.5,0.0,1.3091,Hujan Ringan,wmo:51
jatinangor,"Jatinangor, Sumedang",2026-09-17,32.11.15.2002,Hegarmanah,kecamatan,yes,-6.938,107.7556,Asia/Jakarta,"BMKG representative point: Hegarmanah, Kecamatan Jatinangor",17-09-2026,UKMO,Open-Meteo / UK Met Office,21:00,2026-09-17 21:00:00,21.4,95.0,0.2,5.4,0.0,1.3091,Hujan Ringan,wmo:51
jatinangor,"Jatinangor, Sumedang",2026-09-17,32.11.15.2002,Hegarmanah,kecamatan,yes,-6.938,107.7556,Asia/Jakarta,"BMKG representative point: Hegarmanah, Kecamatan Jatinangor",17-09-2026,UKMO,Open-Meteo / UK Met Office,22:00,2026-09-17 22:00:00,19.8,99.0,0.0,1.8,0.0,1.3091,Cerah,wmo:0
jatinangor,"Jatinangor, Sumedang",2026-09-17,32.11.15.2002,Hegarmanah,kecamatan,yes,-6.938,107.7556,Asia/Jakarta,"BMKG representative point: Hegarmanah, Kecamatan Jatinangor",17-09-2026,UKMO,Open-Meteo / UK Met Office,23:00,2026-09-17 23:00:00,19.0,98.0,0.0,0.4,0.0,1.3091,Cerah,wmo:0
jatinangor,"Jatinangor, Sumedang",2026-09-18,32.11.15.2002,Hegarmanah,kecamatan,yes,-6.938,107.7556,Asia/Jakarta,"BMKG representative point: Hegarmanah, Kecamatan Jatinangor",18-09-2026,BMKG,BMKG,00:00,2026-09-18 01:00:00,20.0,93.0,0.0,1.9,60.0,1.3042,Cerah,Cerah
jatinangor,"Jatinangor, Sumedang",2026-09-18,32.11.15.2002,Hegarmanah,kecamatan,yes,-6.938,107.7556,Asia/Jakarta,"BMKG representative point: Hegarmanah, Kecamatan Jatinangor",18-09-2026,BMKG,BMKG,01:00,2026-09-18 01:00:00,20.0,93.0,0.0,1.9,0.0,1.739,Cerah,Cerah
jatinangor,"Jatinangor, Sumedang",2026-09-18,32.11.15.2002,Hegarmanah,kecamatan,yes,-6.938,107.7556,Asia/Jakarta,"BMKG representative point: Hegarmanah, Kecamatan Jatinangor",18-09-2026,BMKG,BMKG,02:00,2026-09-18 01:00:00,20.0,93.0,0.0,1.9,60.0,1.3042,Cerah,Cerah
jatinangor,"Jatinangor, Sumedang",2026-09-18,32.11.15.2002,Hegarmanah,kecamatan,yes,-6.938,107.7556,Asia/Jakarta,"BMKG representative point: Hegarmanah, Kecamatan Jatinangor",18-09-2026,BMKG,BMKG,03:00,2026-09-18 04:00:00,18.0,95.0,0.0,0.7,60.0,1.3042,Cerah Berawan,Cerah Berawan
jatinangor,"Jatinangor, Sumedang",2026-09-18,32.11.15.2002,Hegarmanah,kecamatan,yes,-6.938,107.7556,Asia/Jakarta,"BMKG representative point: Hegarmanah, Kecamatan Jatinangor",18-09-2026,BMKG,BMKG,04:00,2026-09-18 04:00:00,18.0,95.0,0.0,0.7,0.0,1.739,Cerah Berawan,Cerah Berawan
jatinangor,"Jatinangor, Sumedang",2026-09-18,32.11.15.2002,Hegarmanah,kecamatan,yes,-6.938,107.7556,Asia/Jakarta,"BMKG representative point: Hegarmanah, Kecamatan Jatinangor",18-09-2026,BMKG,BMKG,05:00,2026-09-18 04:00:00,18.0,95.0,0.0,0.7,60.0,1.3042,Cerah Berawan,Cerah Berawan
jatinangor,"Jatinangor, Sumedang",2026-09-18,32.11.15.2002,Hegarmanah,kecamatan,yes,-6.938,107.7556,Asia/Jakarta,"BMKG representative point: Hegarmanah, Kecamatan Jatinangor",18-09-2026,BMKG,BMKG,06:00,2026-09-18 07:00:00,22.0,69.0,0.0,1.4,60.0,1.3042,Cerah,Cerah
jatinangor,"Jatinangor, Sumedang",2026-09-18,32.11.15.2002,Hegarmanah,kecamatan,yes,-6.938,107.7556,Asia/Jakarta,"BMKG representative point: Hegarmanah, Kecamatan Jatinangor",18-09-2026,BMKG,BMKG,07:00,2026-09-18 07:00:00,22.0,69.0,0.0,1.4,0.0,1.739,Cerah,Cerah
jatinangor,"Jatinangor, Sumedang",2026-09-18,32.11.15.2002,Hegarmanah,kecamatan,yes,-6.938,107.7556,Asia/Jakarta,"BMKG representative point: Hegarmanah, Kecamatan Jatinangor",18-09-2026,BMKG,BMKG,08:00,2026-09-18 07:00:00,22.0,69.0,0.0,1.4,60.0,1.3042,Cerah,Cerah
jatinangor,"Jatinangor, Sumedang",2026-09-18,32.11.15.2002,Hegarmanah,kecamatan,yes,-6.938,107.7556,Asia/Jakarta,"BMKG representative point: Hegarmanah, Kecamatan Jatinangor",18-09-2026,BMKG,BMKG,09:00,2026-09-18 10:00:00,28.0,51.0,0.0,5.3,60.0,1.3042,Cerah,Cerah
jatinangor,"Jatinangor, Sumedang",2026-09-18,32.11.15.2002,Hegarmanah,kecamatan,yes,-6.938,107.7556,Asia/Jakarta,"BMKG representative point: Hegarmanah, Kecamatan Jatinangor",18-09-2026,BMKG,BMKG,10:00,2026-09-18 10:00:00,28.0,51.0,0.0,5.3,0.0,1.739,Cerah,Cerah
jatinangor,"Jatinangor, Sumedang",2026-09-18,32.11.15.2002,Hegarmanah,kecamatan,yes,-6.938,107.7556,Asia/Jakarta,"BMKG representative point: Hegarmanah, Kecamatan Jatinangor",18-09-2026,BMKG,BMKG,11:00,2026-09-18 10:00:00,28.0,51.0,0.0,5.3,60.0,1.3042,Cerah,Cerah
jatinangor,"Jatinangor, Sumedang",2026-09-18,32.11.15.2002,Hegarmanah,kecamatan,yes,-6.938,107.7556,Asia/Jakarta,"BMKG representative point: Hegarmanah, Kecamatan Jatinangor",18-09-2026,BMKG,BMKG,12:00,2026-09-18 13:00:00,25.0,76.0,1.5,6.4,60.0,1.3042,Hujan Ringan,Hujan Ringan
jatinangor,"Jatinangor, Sumedang",2026-09-18,32.11.15.2002,Hegarmanah,kecamatan,yes,-6.938,107.7556,Asia/Jakarta,"BMKG representative point: Hegarmanah, Kecamatan Jatinangor",18-09-2026,BMKG,BMKG,13:00,2026-09-18 13:00:00,25.0,76.0,1.5,6.4,0.0,1.739,Hujan Ringan,Hujan Ringan
jatinangor,"Jatinangor, Sumedang",2026-09-18,32.11.15.2002,Hegarmanah,kecamatan,yes,-6.938,107.7556,Asia/Jakarta,"BMKG representative point: Hegarmanah, Kecamatan Jatinangor",18-09-2026,BMKG,BMKG,14:00,2026-09-18 13:00:00,25.0,76.0,1.5,6.4,60.0,1.3042,Hujan Ringan,Hujan Ringan
jatinangor,"Jatinangor, Sumedang",2026-09-18,32.11.15.2002,Hegarmanah,kecamatan,yes,-6.938,107.7556,Asia/Jakarta,"BMKG representative point: Hegarmanah, Kecamatan Jatinangor",18-09-2026,BMKG,BMKG,15:00,2026-09-18 16:00:00,22.0,89.0,1.5,2.1,60.0,1.3042,Hujan Ringan,Hujan Ringan
jatinangor,"Jatinangor, Sumedang",2026-09-18,32.11.15.2002,Hegarmanah,kecamatan,yes,-6.938,107.7556,Asia/Jakarta,"BMKG representative point: Hegarmanah, Kecamatan Jatinangor",18-09-2026,BMKG,BMKG,16:00,2026-09-18 16:00:00,22.0,89.0,1.5,2.1,0.0,1.739,Hujan Ringan,Hujan Ringan
jatinangor,"Jatinangor, Sumedang",2026-09-18,32.11.15.2002,Hegarmanah,kecamatan,yes,-6.938,107.7556,Asia/Jakarta,"BMKG representative point: Hegarmanah, Kecamatan Jatinangor",18-09-2026,BMKG,BMKG,17:00,2026-09-18 16:00:00,22.0,89.0,1.5,2.1,60.0,1.3042,Hujan Ringan,Hujan Ringan
jatinangor,"Jatinangor, Sumedang",2026-09-18,32.11.15.2002,Hegarmanah,kecamatan,yes,-6.938,107.7556,Asia/Jakarta,"BMKG representative point: Hegarmanah, Kecamatan Jatinangor",18-09-2026,BMKG,BMKG,18:00,2026-09-18 19:00:00,21.0,94.0,0.0,1.7,60.0,1.3042,Berawan,Berawan
jatinangor,"Jatinangor, Sumedang",2026-09-18,32.11.15.2002,Hegarmanah,kecamatan,yes,-6.938,107.7556,Asia/Jakarta,"BMKG representative point: Hegarmanah, Kecamatan Jatinangor",18-09-2026,BMKG,BMKG,19:00,2026-09-18 19:00:00,21.0,94.0,0.0,1.7,0.0,1.739,Berawan,Berawan
jatinangor,"Jatinangor, Sumedang",2026-09-18,32.11.15.2002,Hegarmanah,kecamatan,yes,-6.938,107.7556,Asia/Jakarta,"BMKG representative point: Hegarmanah, Kecamatan Jatinangor",18-09-2026,BMKG,BMKG,20:00,2026-09-18 19:00:00,21.0,94.0,0.0,1.7,60.0,1.3042,Berawan,Berawan
jatinangor,"Jatinangor, Sumedang",2026-09-18,32.11.15.2002,Hegarmanah,kecamatan,yes,-6.938,107.7556,Asia/Jakarta,"BMKG representative point: Hegarmanah, Kecamatan Jatinangor",18-09-2026,BMKG,BMKG,21:00,2026-09-18 22:00:00,20.0,99.0,0.0,0.8,60.0,1.3042,Berawan,Berawan
jatinangor,"Jatinangor, Sumedang",2026-09-18,32.11.15.2002,Hegarmanah,kecamatan,yes,-6.938,107.7556,Asia/Jakarta,"BMKG representative point: Hegarmanah, Kecamatan Jatinangor",18-09-2026,BMKG,BMKG,22:00,2026-09-18 22:00:00,20.0,99.0,0.0,0.8,0.0,1.739,Berawan,Berawan
jatinangor,"Jatinangor, Sumedang",2026-09-18,32.11.15.2002,Hegarmanah,kecamatan,yes,-6.938,107.7556,Asia/Jakarta,"BMKG representative point: Hegarmanah, Kecamatan Jatinangor",18-09-2026,BMKG,BMKG,23:00,2026-09-18 22:00:00,20.0,99.0,0.0,0.8,60.0,1.3042,Berawan,Berawan
jatinangor,"Jatinangor, Sumedang",2026-09-18,32.11.15.2002,Hegarmanah,kecamatan,yes,-6.938,107.7556,Asia/Jakarta,"BMKG representative point: Hegarmanah, Kecamatan Jatinangor",18-09-2026,CMA,Open-Meteo / CMA GRAPES,00:00,2026-09-18 00:00:00,21.7,95.0,0.0,2.9,0.0,1.1432,Cerah,wmo:0
jatinangor,"Jatinangor, Sumedang",2026-09-18,32.11.15.2002,Hegarmanah,kecamatan,yes,-6.938,107.7556,Asia/Jakarta,"BMKG representative point: Hegarmanah, Kecamatan Jatinangor",18-09-2026,CMA,Open-Meteo / CMA GRAPES,01:00,2026-09-18 01:00:00,21.8,93.0,0.0,4.3,0.0,1.1432,Cerah,wmo:0
jatinangor,"Jatinangor, Sumedang",2026-09-18,32.11.15.2002,Hegarmanah,kecamatan,yes,-6.938,107.7556,Asia/Jakarta,"BMKG representative point: Hegarmanah, Kecamatan Jatinangor",18-09-2026,CMA,Open-Meteo / CMA GRAPES,02:00,2026-09-18 02:00:00,21.5,92.0,0.0,4.0,0.0,1.1432,Cerah,wmo:0
jatinangor,"Jatinangor, Sumedang",2026-09-18,32.11.15.2002,Hegarmanah,kecamatan,yes,-6.938,107.7556,Asia/Jakarta,"BMKG representative point: Hegarmanah, Kecamatan Jatinangor",18-09-2026,CMA,Open-Meteo / CMA GRAPES,03:00,2026-09-18 03:00:00,21.2,92.0,0.0,2.6,0.0,1.1432,Cerah,wmo:0
jatinangor,"Jatinangor, Sumedang",2026-09-18,32.11.15.2002,Hegarmanah,kecamatan,yes,-6.938,107.7556,Asia/Jakarta,"BMKG representative point: Hegarmanah, Kecamatan Jatinangor",18-09-2026,CMA,Open-Meteo / CMA GRAPES,04:00,2026-09-18 04:00:00,21.0,91.0,0.0,1.5,0.0,1.1432,Cerah,wmo:0
jatinangor,"Jatinangor, Sumedang",2026-09-18,32.11.15.2002,Hegarmanah,kecamatan,yes,-6.938,107.7556,Asia/Jakarta,"BMKG representative point: Hegarmanah, Kecamatan Jatinangor",18-09-2026,CMA,Open-Meteo / CMA GRAPES,05:00,2026-09-18 05:00:00,21.2,90.0,0.0,1.9,0.0,1.1432,Cerah,wmo:0
jatinangor,"Jatinangor, Sumedang",2026-09-18,32.11.15.2002,Hegarmanah,kecamatan,yes,-6.938,107.7556,Asia/Jakarta,"BMKG representative point: Hegarmanah, Kecamatan Jatinangor",18-09-2026,CMA,Open-Meteo / CMA GRAPES,06:00,2026-09-18 06:00:00,21.6,88.0,0.0,2.8,0.0,1.1432,Cerah,wmo:0
jatinangor,"Jatinangor, Sumedang",2026-09-18,32.11.15.2002,Hegarmanah,kecamatan,yes,-6.938,107.7556,Asia/Jakarta,"BMKG representative point: Hegarmanah, Kecamatan Jatinangor",18-09-2026,CMA,Open-Meteo / CMA GRAPES,07:00,2026-09-18 07:00:00,22.2,86.0,0.0,3.7,0.0,1.1432,Cerah,wmo:0
jatinangor,"Jatinangor, Sumedang",2026-09-18,32.11.15.2002,Hegarmanah,kecamatan,yes,-6.938,107.7556,Asia/Jakarta,"BMKG representative point: Hegarmanah, Kecamatan Jatinangor",18-09-2026,CMA,Open-Meteo / CMA GRAPES,08:00,2026-09-18 08:00:00,23.1,83.0,0.0,4.7,0.0,1.1432,Cerah,wmo:0
jatinangor,"Jatinangor, Sumedang",2026-09-18,32.11.15.2002,Hegarmanah,kecamatan,yes,-6.938,107.7556,Asia/Jakarta,"BMKG representative point: Hegarmanah, Kecamatan Jatinangor",18-09-2026,CMA,Open-Meteo / CMA GRAPES,09:00,2026-09-18 09:00:00,24.2,80.0,0.0,7.5,0.0,1.1432,Cerah,wmo:0
jatinangor,"Jatinangor, Sumedang",2026-09-18,32.11.15.2002,Hegarmanah,kecamatan,yes,-6.938,107.7556,Asia/Jakarta,"BMKG representative point: Hegarmanah, Kecamatan Jatinangor",18-09-2026,CMA,Open-Meteo / CMA GRAPES,10:00,2026-09-18 10:00:00,25.3,76.0,0.0,10.0,0.0,1.1432,Cerah,wmo:0
jatinangor,"Jatinangor, Sumedang",2026-09-18,32.11.15.2002,Hegarmanah,kecamatan,yes,-6.938,107.7556,Asia/Jakarta,"BMKG representative point: Hegarmanah, Kecamatan Jatinangor",18-09-2026,CMA,Open-Meteo / CMA GRAPES,11:00,2026-09-18 11:00:00,26.3,71.0,0.0,10.6,0.0,1.1432,Cerah,wmo:0
jatinangor,"Jatinangor, Sumedang",2026-09-18,32.11.15.2002,Hegarmanah,kecamatan,yes,-6.938,107.7556,Asia/Jakarta,"BMKG representative point: Hegarmanah, Kecamatan Jatinangor",18-09-2026,CMA,Open-Meteo / CMA GRAPES,12:00,2026-09-18 12:00:00,27.3,66.0,0.0,11.9,0.0,1.1432,Cerah,wmo:0
jatinangor,"Jatinangor, Sumedang",2026-09-18,32.11.15.2002,Hegarmanah,kecamatan,yes,-6.938,107.7556,Asia/Jakarta,"BMKG representative point: Hegarmanah, Kecamatan Jatinangor",18-09-2026,CMA,Open-Meteo / CMA GRAPES,13:00,2026-09-18 13:00:00,27.9,63.0,0.0,13.0,0.0,1.1432,Cerah Berawan,wmo:1
jatinangor,"Jatinangor, Sumedang",2026-09-18,32.11.15.2002,Hegarmanah,kecamatan,yes,-6.938,107.7556,Asia/Jakarta,"BMKG representative point: Hegarmanah, Kecamatan Jatinangor",18-09-2026,CMA,Open-Meteo / CMA GRAPES,14:00,2026-09-18 14:00:00,28.0,62.0,0.0,13.7,0.0,1.1432,Cerah Berawan,wmo:1
jatinangor,"Jatinangor, Sumedang",2026-09-18,32.11.15.2002,Hegarmanah,kecamatan,yes,-6.938,107.7556,Asia/Jakarta,"BMKG representative point: Hegarmanah, Kecamatan Jatinangor",18-09-2026,CMA,Open-Meteo / CMA GRAPES,15:00,2026-09-18 15:00:00,27.7,63.0,0.0,14.2,0.0,1.1432,Cerah Berawan,wmo:1
jatinangor,"Jatinangor, Sumedang",2026-09-18,32.11.15.2002,Hegarmanah,kecamatan,yes,-6.938,107.7556,Asia/Jakarta,"BMKG representative point: Hegarmanah, Kecamatan Jatinangor",18-09-2026,CMA,Open-Meteo / CMA GRAPES,16:00,2026-09-18 16:00:00,27.1,66.0,0.0,14.5,0.0,1.1432,Cerah Berawan,wmo:1
jatinangor,"Jatinangor, Sumedang",2026-09-18,32.11.15.2002,Hegarmanah,kecamatan,yes,-6.938,107.7556,Asia/Jakarta,"BMKG representative point: Hegarmanah, Kecamatan Jatinangor",18-09-2026,CMA,Open-Meteo / CMA GRAPES,17:00,2026-09-18 17:00:00,26.2,73.0,0.0,13.1,0.0,1.1432,Cerah Berawan,wmo:1
jatinangor,"Jatinangor, Sumedang",2026-09-18,32.11.15.2002,Hegarmanah,kecamatan,yes,-6.938,107.7556,Asia/Jakarta,"BMKG representative point: Hegarmanah, Kecamatan Jatinangor",18-09-2026,CMA,Open-Meteo / CMA GRAPES,18:00,2026-09-18 18:00:00,24.9,82.0,0.0,10.8,0.0,1.1432,Cerah Berawan,wmo:1
jatinangor,"Jatinangor, Sumedang",2026-09-18,32.11.15.2002,Hegarmanah,kecamatan,yes,-6.938,107.7556,Asia/Jakarta,"BMKG representative point: Hegarmanah, Kecamatan Jatinangor",18-09-2026,CMA,Open-Meteo / CMA GRAPES,19:00,2026-09-18 19:00:00,23.9,89.0,0.0,8.9,0.0,1.1432,Cerah Berawan,wmo:1
jatinangor,"Jatinangor, Sumedang",2026-09-18,32.11.15.2002,Hegarmanah,kecamatan,yes,-6.938,107.7556,Asia/Jakarta,"BMKG representative point: Hegarmanah, Kecamatan Jatinangor",18-09-2026,CMA,Open-Meteo / CMA GRAPES,20:00,2026-09-18 20:00:00,23.2,93.0,0.0,7.9,0.0,1.1432,Cerah Berawan,wmo:1
jatinangor,"Jatinangor, Sumedang",2026-09-18,32.11.15.2002,Hegarmanah,kecamatan,yes,-6.938,107.7556,Asia/Jakarta,"BMKG representative point: Hegarmanah, Kecamatan Jatinangor",18-09-2026,CMA,Open-Meteo / CMA GRAPES,21:00,2026-09-18 21:00:00,22.7,96.0,0.0,7.1,0.0,1.1432,Cerah Berawan,wmo:1
jatinangor,"Jatinangor, Sumedang",2026-09-18,32.11.15.2002,Hegarmanah,kecamatan,yes,-6.938,107.7556,Asia/Jakarta,"BMKG representative point: Hegarmanah, Kecamatan Jatinangor",18-09-2026,CMA,Open-Meteo / CMA GRAPES,22:00,2026-09-18 22:00:00,22.4,97.0,0.0,6.2,0.0,1.1432,Berawan,wmo:45
jatinangor,"Jatinangor, Sumedang",2026-09-18,32.11.15.2002,Hegarmanah,kecamatan,yes,-6.938,107.7556,Asia/Jakarta,"BMKG representative point: Hegarmanah, Kecamatan Jatinangor",18-09-2026,CMA,Open-Meteo / CMA GRAPES,23:00,2026-09-18 23:00:00,22.3,96.0,0.1,4.5,0.0,1.1432,Hujan Ringan,wmo:51
jatinangor,"Jatinangor, Sumedang",2026-09-18,32.11.15.2002,Hegarmanah,kecamatan,yes,-6.938,107.7556,Asia/Jakarta,"BMKG representative point: Hegarmanah, Kecamatan Jatinangor",18-09-2026,ECMWF,Open-Meteo / ECMWF,00:00,2026-09-18 00:00:00,22.9,78.0,0.0,1.9,0.0,1.7253,Cerah Berawan,wmo:1
jatinangor,"Jatinangor, Sumedang",2026-09-18,32.11.15.2002,Hegarmanah,kecamatan,yes,-6.938,107.7556,Asia/Jakarta,"BMKG representative point: Hegarmanah, Kecamatan Jatinangor",18-09-2026,ECMWF,Open-Meteo / ECMWF,01:00,2026-09-18 01:00:00,22.4,82.0,0.0,1.1,0.0,1.7253,Cerah Berawan,wmo:1
jatinangor,"Jatinangor, Sumedang",2026-09-18,32.11.15.2002,Hegarmanah,kecamatan,yes,-6.938,107.7556,Asia/Jakarta,"BMKG representative point: Hegarmanah, Kecamatan Jatinangor",18-09-2026,ECMWF,Open-Meteo / ECMWF,02:00,2026-09-18 02:00:00,22.1,84.0,0.0,1.5,0.0,1.7253,Cerah Berawan,wmo:2
jatinangor,"Jatinangor, Sumedang",2026-09-18,32.11.15.2002,Hegarmanah,kecamatan,yes,-6.938,107.7556,Asia/Jakarta,"BMKG representative point: Hegarmanah, Kecamatan Jatinangor",18-09-2026,ECMWF,Open-Meteo / ECMWF,03:00,2026-09-18 03:00:00,21.8,85.0,0.0,2.5,0.0,1.7253,Berawan,wmo:3
jatinangor,"Jatinangor, Sumedang",2026-09-18,32.11.15.2002,Hegarmanah,kecamatan,yes,-6.938,107.7556,Asia/Jakarta,"BMKG representative point: Hegarmanah, Kecamatan Jatinangor",18-09-2026,ECMWF,Open-Meteo / ECMWF,04:00,2026-09-18 04:00:00,21.7,84.0,0.0,3.6,0.0,1.7253,Berawan,wmo:3
jatinangor,"Jatinangor, Sumedang",2026-09-18,32.11.15.2002,Hegarmanah,kecamatan,yes,-6.938,107.7556,Asia/Jakarta,"BMKG representative point: Hegarmanah, Kecamatan Jatinangor",18-09-2026,ECMWF,Open-Meteo / ECMWF,05:00,2026-09-18 05:00:00,21.6,82.0,0.0,4.0,0.0,1.7253,Cerah Berawan,wmo:2
jatinangor,"Jatinangor, Sumedang",2026-09-18,32.11.15.2002,Hegarmanah,kecamatan,yes,-6.938,107.7556,Asia/Jakarta,"BMKG representative point: Hegarmanah, Kecamatan Jatinangor",18-09-2026,ECMWF,Open-Meteo / ECMWF,06:00,2026-09-18 06:00:00,21.6,78.0,0.0,4.0,0.0,1.7253,Cerah Berawan,wmo:1
jatinangor,"Jatinangor, Sumedang",2026-09-18,32.11.15.2002,Hegarmanah,kecamatan,yes,-6.938,107.7556,Asia/Jakarta,"BMKG representative point: Hegarmanah, Kecamatan Jatinangor",18-09-2026,ECMWF,Open-Meteo / ECMWF,07:00,2026-09-18 07:00:00,22.3,72.0,0.0,4.4,0.0,1.7253,Cerah,wmo:0
jatinangor,"Jatinangor, Sumedang",2026-09-18,32.11.15.2002,Hegarmanah,kecamatan,yes,-6.938,107.7556,Asia/Jakarta,"BMKG representative point: Hegarmanah, Kecamatan Jatinangor",18-09-2026,ECMWF,Open-Meteo / ECMWF,08:00,2026-09-18 08:00:00,24.4,63.0,0.0,5.0,0.0,1.7253,Cerah,wmo:0
jatinangor,"Jatinangor, Sumedang",2026-09-18,32.11.15.2002,Hegarmanah,kecamatan,yes,-6.938,107.7556,Asia/Jakarta,"BMKG representative point: Hegarmanah, Kecamatan Jatinangor",18-09-2026,ECMWF,Open-Meteo / ECMWF,09:00,2026-09-18 09:00:00,27.2,51.0,0.0,6.2,0.0,1.7253,Cerah,wmo:0
jatinangor,"Jatinangor, Sumedang",2026-09-18,32.11.15.2002,Hegarmanah,kecamatan,yes,-6.938,107.7556,Asia/Jakarta,"BMKG representative point: Hegarmanah, Kecamatan Jatinangor",18-09-2026,ECMWF,Open-Meteo / ECMWF,10:00,2026-09-18 10:00:00,29.4,43.0,0.0,6.2,0.0,1.7253,Cerah,wmo:0
jatinangor,"Jatinangor, Sumedang",2026-09-18,32.11.15.2002,Hegarmanah,kecamatan,yes,-6.938,107.7556,Asia/Jakarta,"BMKG representative point: Hegarmanah, Kecamatan Jatinangor",18-09-2026,ECMWF,Open-Meteo / ECMWF,11:00,2026-09-18 11:00:00,30.7,40.0,0.1,4.8,0.0,1.7253,Hujan Ringan,wmo:51
jatinangor,"Jatinangor, Sumedang",2026-09-18,32.11.15.2002,Hegarmanah,kecamatan,yes,-6.938,107.7556,Asia/Jakarta,"BMKG representative point: Hegarmanah, Kecamatan Jatinangor",18-09-2026,ECMWF,Open-Meteo / ECMWF,12:00,2026-09-18 12:00:00,31.3,39.0,0.1,6.3,0.0,1.7253,Hujan Ringan,wmo:51
jatinangor,"Jatinangor, Sumedang",2026-09-18,32.11.15.2002,Hegarmanah,kecamatan,yes,-6.938,107.7556,Asia/Jakarta,"BMKG representative point: Hegarmanah, Kecamatan Jatinangor",18-09-2026,ECMWF,Open-Meteo / ECMWF,13:00,2026-09-18 13:00:00,31.1,43.0,0.1,7.2,0.0,1.7253,Hujan Ringan,wmo:51
jatinangor,"Jatinangor, Sumedang",2026-09-18,32.11.15.2002,Hegarmanah,kecamatan,yes,-6.938,107.7556,Asia/Jakarta,"BMKG representative point: Hegarmanah, Kecamatan Jatinangor",18-09-2026,ECMWF,Open-Meteo / ECMWF,14:00,2026-09-18 14:00:00,29.6,53.0,1.0,2.8,0.0,1.7253,Hujan Ringan,wmo:55
jatinangor,"Jatinangor, Sumedang",2026-09-18,32.11.15.2002,Hegarmanah,kecamatan,yes,-6.938,107.7556,Asia/Jakarta,"BMKG representative point: Hegarmanah, Kecamatan Jatinangor",18-09-2026,ECMWF,Open-Meteo / ECMWF,15:00,2026-09-18 15:00:00,27.2,66.0,1.0,5.8,0.0,1.7253,Hujan Ringan,wmo:55
jatinangor,"Jatinangor, Sumedang",2026-09-18,32.11.15.2002,Hegarmanah,kecamatan,yes,-6.938,107.7556,Asia/Jakarta,"BMKG representative point: Hegarmanah, Kecamatan Jatinangor",18-09-2026,ECMWF,Open-Meteo / ECMWF,16:00,2026-09-18 16:00:00,25.3,77.0,1.0,10.3,0.0,1.7253,Hujan Ringan,wmo:55
jatinangor,"Jatinangor, Sumedang",2026-09-18,32.11.15.2002,Hegarmanah,kecamatan,yes,-6.938,107.7556,Asia/Jakarta,"BMKG representative point: Hegarmanah, Kecamatan Jatinangor",18-09-2026,ECMWF,Open-Meteo / ECMWF,17:00,2026-09-18 17:00:00,24.2,82.0,0.3,8.0,0.0,1.7253,Hujan Ringan,wmo:51
jatinangor,"Jatinangor, Sumedang",2026-09-18,32.11.15.2002,Hegarmanah,kecamatan,yes,-6.938,107.7556,Asia/Jakarta,"BMKG representative point: Hegarmanah, Kecamatan Jatinangor",18-09-2026,ECMWF,Open-Meteo / ECMWF,18:00,2026-09-18 18:00:00,23.5,85.0,0.3,3.0,0.0,1.7253,Hujan Ringan,wmo:51
jatinangor,"Jatinangor, Sumedang",2026-09-18,32.11.15.2002,Hegarmanah,kecamatan,yes,-6.938,107.7556,Asia/Jakarta,"BMKG representative point: Hegarmanah, Kecamatan Jatinangor",18-09-2026,ECMWF,Open-Meteo / ECMWF,19:00,2026-09-18 19:00:00,23.0,87.0,0.3,2.4,0.0,1.7253,Hujan Ringan,wmo:51
jatinangor,"Jatinangor, Sumedang",2026-09-18,32.11.15.2002,Hegarmanah,kecamatan,yes,-6.938,107.7556,Asia/Jakarta,"BMKG representative point: Hegarmanah, Kecamatan Jatinangor",18-09-2026,ECMWF,Open-Meteo / ECMWF,20:00,2026-09-18 20:00:00,22.6,90.0,0.0,3.2,0.0,1.7253,Cerah Berawan,wmo:2
jatinangor,"Jatinangor, Sumedang",2026-09-18,32.11.15.2002,Hegarmanah,kecamatan,yes,-6.938,107.7556,Asia/Jakarta,"BMKG representative point: Hegarmanah, Kecamatan Jatinangor",18-09-2026,ECMWF,Open-Meteo / ECMWF,21:00,2026-09-18 21:00:00,22.4,93.0,0.0,2.9,0.0,1.7253,Cerah Berawan,wmo:2
jatinangor,"Jatinangor, Sumedang",2026-09-18,32.11.15.2002,Hegarmanah,kecamatan,yes,-6.938,107.7556,Asia/Jakarta,"BMKG representative point: Hegarmanah, Kecamatan Jatinangor",18-09-2026,ECMWF,Open-Meteo / ECMWF,22:00,2026-09-18 22:00:00,22.2,95.0,0.0,3.0,0.0,1.7253,Cerah Berawan,wmo:2
jatinangor,"Jatinangor, Sumedang",2026-09-18,32.11.15.2002,Hegarmanah,kecamatan,yes,-6.938,107.7556,Asia/Jakarta,"BMKG representative point: Hegarmanah, Kecamatan Jatinangor",18-09-2026,ECMWF,Open-Meteo / ECMWF,23:00,2026-09-18 23:00:00,22.0,95.0,0.0,3.2,0.0,1.7253,Cerah Berawan,wmo:1
jatinangor,"Jatinangor, Sumedang",2026-09-18,32.11.15.2002,Hegarmanah,kecamatan,yes,-6.938,107.7556,Asia/Jakarta,"BMKG representative point: Hegarmanah, Kecamatan Jatinangor",18-09-2026,GFS,Open-Meteo / NOAA GFS,00:00,2026-09-18 00:00:00,21.4,82.0,0.0,4.1,0.0,1.3713,Berawan,wmo:3
jatinangor,"Jatinangor, Sumedang",2026-09-18,32.11.15.2002,Hegarmanah,kecamatan,yes,-6.938,107.7556,Asia/Jakarta,"BMKG representative point: Hegarmanah, Kecamatan Jatinangor",18-09-2026,GFS,Open-Meteo / NOAA GFS,01:00,2026-09-18 01:00:00,21.3,82.0,0.0,3.6,0.0,1.3713,Berawan,wmo:3
jatinangor,"Jatinangor, Sumedang",2026-09-18,32.11.15.2002,Hegarmanah,kecamatan,yes,-6.938,107.7556,Asia/Jakarta,"BMKG representative point: Hegarmanah, Kecamatan Jatinangor",18-09-2026,GFS,Open-Meteo / NOAA GFS,02:00,2026-09-18 02:00:00,21.2,82.0,0.0,3.6,0.0,1.3713,Berawan,wmo:3
jatinangor,"Jatinangor, Sumedang",2026-09-18,32.11.15.2002,Hegarmanah,kecamatan,yes,-6.938,107.7556,Asia/Jakarta,"BMKG representative point: Hegarmanah, Kecamatan Jatinangor",18-09-2026,GFS,Open-Meteo / NOAA GFS,03:00,2026-09-18 03:00:00,21.0,82.0,0.0,3.7,0.0,1.3713,Berawan,wmo:3
jatinangor,"Jatinangor, Sumedang",2026-09-18,32.11.15.2002,Hegarmanah,kecamatan,yes,-6.938,107.7556,Asia/Jakarta,"BMKG representative point: Hegarmanah, Kecamatan Jatinangor",18-09-2026,GFS,Open-Meteo / NOAA GFS,04:00,2026-09-18 04:00:00,20.8,83.0,0.0,4.3,0.0,1.3713,Berawan,wmo:3
jatinangor,"Jatinangor, Sumedang",2026-09-18,32.11.15.2002,Hegarmanah,kecamatan,yes,-6.938,107.7556,Asia/Jakarta,"BMKG representative point: Hegarmanah, Kecamatan Jatinangor",18-09-2026,GFS,Open-Meteo / NOAA GFS,05:00,2026-09-18 05:00:00,20.6,82.0,0.0,4.2,0.0,1.3713,Berawan,wmo:3
jatinangor,"Jatinangor, Sumedang",2026-09-18,32.11.15.2002,Hegarmanah,kecamatan,yes,-6.938,107.7556,Asia/Jakarta,"BMKG representative point: Hegarmanah, Kecamatan Jatinangor",18-09-2026,GFS,Open-Meteo / NOAA GFS,06:00,2026-09-18 06:00:00,20.3,82.0,0.0,4.1,0.0,1.3713,Berawan,wmo:3
jatinangor,"Jatinangor, Sumedang",2026-09-18,32.11.15.2002,Hegarmanah,kecamatan,yes,-6.938,107.7556,Asia/Jakarta,"BMKG representative point: Hegarmanah, Kecamatan Jatinangor",18-09-2026,GFS,Open-Meteo / NOAA GFS,07:00,2026-09-18 07:00:00,22.2,72.0,0.0,4.7,0.0,1.3713,Berawan,wmo:3
jatinangor,"Jatinangor, Sumedang",2026-09-18,32.11.15.2002,Hegarmanah,kecamatan,yes,-6.938,107.7556,Asia/Jakarta,"BMKG representative point: Hegarmanah, Kecamatan Jatinangor",18-09-2026,GFS,Open-Meteo / NOAA GFS,08:00,2026-09-18 08:00:00,25.6,59.0,0.0,4.5,0.0,1.3713,Berawan,wmo:3
jatinangor,"Jatinangor, Sumedang",2026-09-18,32.11.15.2002,Hegarmanah,kecamatan,yes,-6.938,107.7556,Asia/Jakarta,"BMKG representative point: Hegarmanah, Kecamatan Jatinangor",18-09-2026,GFS,Open-Meteo / NOAA GFS,09:00,2026-09-18 09:00:00,28.5,49.0,0.0,5.2,0.0,1.3713,Cerah Berawan,wmo:2
jatinangor,"Jatinangor, Sumedang",2026-09-18,32.11.15.2002,Hegarmanah,kecamatan,yes,-6.938,107.7556,Asia/Jakarta,"BMKG representative point: Hegarmanah, Kecamatan Jatinangor",18-09-2026,GFS,Open-Meteo / NOAA GFS,10:00,2026-09-18 10:00:00,30.9,42.0,0.0,5.6,0.0,1.3713,Cerah Berawan,wmo:1
jatinangor,"Jatinangor, Sumedang",2026-09-18,32.11.15.2002,Hegarmanah,kecamatan,yes,-6.938,107.7556,Asia/Jakarta,"BMKG representative point: Hegarmanah, Kecamatan Jatinangor",18-09-2026,GFS,Open-Meteo / NOAA GFS,11:00,2026-09-18 11:00:00,30.8,41.0,0.0,9.8,0.0,1.3713,Berawan,wmo:3
jatinangor,"Jatinangor, Sumedang",2026-09-18,32.11.15.2002,Hegarmanah,kecamatan,yes,-6.938,107.7556,Asia/Jakarta,"BMKG representative point: Hegarmanah, Kecamatan Jatinangor",18-09-2026,GFS,Open-Meteo / NOAA GFS,12:00,2026-09-18 12:00:00,28.4,50.0,0.0,16.6,0.0,1.3713,Berawan,wmo:3
jatinangor,"Jatinangor, Sumedang",2026-09-18,32.11.15.2002,Hegarmanah,kecamatan,yes,-6.938,107.7556,Asia/Jakarta,"BMKG representative point: Hegarmanah, Kecamatan Jatinangor",18-09-2026,GFS,Open-Meteo / NOAA GFS,13:00,2026-09-18 13:00:00,26.9,57.0,0.0,12.3,0.0,1.3713,Berawan,wmo:3
jatinangor,"Jatinangor, Sumedang",2026-09-18,32.11.15.2002,Hegarmanah,kecamatan,yes,-6.938,107.7556,Asia/Jakarta,"BMKG representative point: Hegarmanah, Kecamatan Jatinangor",18-09-2026,GFS,Open-Meteo / NOAA GFS,14:00,2026-09-18 14:00:00,29.2,49.0,0.0,9.6,0.0,1.3713,Berawan,wmo:3
jatinangor,"Jatinangor, Sumedang",2026-09-18,32.11.15.2002,Hegarmanah,kecamatan,yes,-6.938,107.7556,Asia/Jakarta,"BMKG representative point: Hegarmanah, Kecamatan Jatinangor",18-09-2026,GFS,Open-Meteo / NOAA GFS,15:00,2026-09-18 15:00:00,29.3,49.0,0.2,7.9,0.0,1.3713,Hujan Ringan,wmo:51
jatinangor,"Jatinangor, Sumedang",2026-09-18,32.11.15.2002,Hegarmanah,kecamatan,yes,-6.938,107.7556,Asia/Jakarta,"BMKG representative point: Hegarmanah, Kecamatan Jatinangor",18-09-2026,GFS,Open-Meteo / NOAA GFS,16:00,2026-09-18 16:00:00,26.5,60.0,0.3,5.6,0.0,1.3713,Hujan Ringan,wmo:51
jatinangor,"Jatinangor, Sumedang",2026-09-18,32.11.15.2002,Hegarmanah,kecamatan,yes,-6.938,107.7556,Asia/Jakarta,"BMKG representative point: Hegarmanah, Kecamatan Jatinangor",18-09-2026,GFS,Open-Meteo / NOAA GFS,17:00,2026-09-18 17:00:00,24.5,71.0,0.2,3.8,0.0,1.3713,Hujan Ringan,wmo:51
jatinangor,"Jatinangor, Sumedang",2026-09-18,32.11.15.2002,Hegarmanah,kecamatan,yes,-6.938,107.7556,Asia/Jakarta,"BMKG representative point: Hegarmanah, Kecamatan Jatinangor",18-09-2026,GFS,Open-Meteo / NOAA GFS,18:00,2026-09-18 18:00:00,23.4,76.0,0.1,6.5,0.0,1.3713,Hujan Ringan,wmo:51
jatinangor,"Jatinangor, Sumedang",2026-09-18,32.11.15.2002,Hegarmanah,kecamatan,yes,-6.938,107.7556,Asia/Jakarta,"BMKG representative point: Hegarmanah, Kecamatan Jatinangor",18-09-2026,GFS,Open-Meteo / NOAA GFS,19:00,2026-09-18 19:00:00,22.7,81.0,0.0,6.1,0.0,1.3713,Berawan,wmo:3
jatinangor,"Jatinangor, Sumedang",2026-09-18,32.11.15.2002,Hegarmanah,kecamatan,yes,-6.938,107.7556,Asia/Jakarta,"BMKG representative point: Hegarmanah, Kecamatan Jatinangor",18-09-2026,GFS,Open-Meteo / NOAA GFS,20:00,2026-09-18 20:00:00,22.3,84.0,0.0,5.1,0.0,1.3713,Berawan,wmo:3
jatinangor,"Jatinangor, Sumedang",2026-09-18,32.11.15.2002,Hegarmanah,kecamatan,yes,-6.938,107.7556,Asia/Jakarta,"BMKG representative point: Hegarmanah, Kecamatan Jatinangor",18-09-2026,GFS,Open-Meteo / NOAA GFS,21:00,2026-09-18 21:00:00,22.2,84.0,0.0,3.4,0.0,1.3713,Berawan,wmo:3
jatinangor,"Jatinangor, Sumedang",2026-09-18,32.11.15.2002,Hegarmanah,kecamatan,yes,-6.938,107.7556,Asia/Jakarta,"BMKG representative point: Hegarmanah, Kecamatan Jatinangor",18-09-2026,GFS,Open-Meteo / NOAA GFS,22:00,2026-09-18 22:00:00,21.6,87.0,0.0,2.8,0.0,1.3713,Berawan,wmo:3
jatinangor,"Jatinangor, Sumedang",2026-09-18,32.11.15.2002,Hegarmanah,kecamatan,yes,-6.938,107.7556,Asia/Jakarta,"BMKG representative point: Hegarmanah, Kecamatan Jatinangor",18-09-2026,GFS,Open-Meteo / NOAA GFS,23:00,2026-09-18 23:00:00,21.4,87.0,0.0,3.1,0.0,1.3713,Berawan,wmo:3
jatinangor,"Jatinangor, Sumedang",2026-09-18,32.11.15.2002,Hegarmanah,kecamatan,yes,-6.938,107.7556,Asia/Jakarta,"BMKG representative point: Hegarmanah, Kecamatan Jatinangor",18-09-2026,ICON,Open-Meteo / DWD ICON,00:00,2026-09-18 00:00:00,22.9,83.0,0.1,5.8,0.0,1.45,Berawan,wmo:3
jatinangor,"Jatinangor, Sumedang",2026-09-18,32.11.15.2002,Hegarmanah,kecamatan,yes,-6.938,107.7556,Asia/Jakarta,"BMKG representative point: Hegarmanah, Kecamatan Jatinangor",18-09-2026,ICON,Open-Meteo / DWD ICON,01:00,2026-09-18 01:00:00,22.4,83.0,0.0,5.6,0.0,1.45,Cerah Berawan,wmo:2
jatinangor,"Jatinangor, Sumedang",2026-09-18,32.11.15.2002,Hegarmanah,kecamatan,yes,-6.938,107.7556,Asia/Jakarta,"BMKG representative point: Hegarmanah, Kecamatan Jatinangor",18-09-2026,ICON,Open-Meteo / DWD ICON,02:00,2026-09-18 02:00:00,21.9,83.0,0.0,4.7,0.0,1.45,Cerah Berawan,wmo:2
jatinangor,"Jatinangor, Sumedang",2026-09-18,32.11.15.2002,Hegarmanah,kecamatan,yes,-6.938,107.7556,Asia/Jakarta,"BMKG representative point: Hegarmanah, Kecamatan Jatinangor",18-09-2026,ICON,Open-Meteo / DWD ICON,03:00,2026-09-18 03:00:00,21.4,84.0,0.0,4.7,0.0,1.45,Cerah Berawan,wmo:2
jatinangor,"Jatinangor, Sumedang",2026-09-18,32.11.15.2002,Hegarmanah,kecamatan,yes,-6.938,107.7556,Asia/Jakarta,"BMKG representative point: Hegarmanah, Kecamatan Jatinangor",18-09-2026,ICON,Open-Meteo / DWD ICON,04:00,2026-09-18 04:00:00,20.8,86.0,0.0,4.4,0.0,1.45,Cerah Berawan,wmo:2
jatinangor,"Jatinangor, Sumedang",2026-09-18,32.11.15.2002,Hegarmanah,kecamatan,yes,-6.938,107.7556,Asia/Jakarta,"BMKG representative point: Hegarmanah, Kecamatan Jatinangor",18-09-2026,ICON,Open-Meteo / DWD ICON,05:00,2026-09-18 05:00:00,20.3,87.0,0.0,4.7,0.0,1.45,Cerah Berawan,wmo:2
jatinangor,"Jatinangor, Sumedang",2026-09-18,32.11.15.2002,Hegarmanah,kecamatan,yes,-6.938,107.7556,Asia/Jakarta,"BMKG representative point: Hegarmanah, Kecamatan Jatinangor",18-09-2026,ICON,Open-Meteo / DWD ICON,06:00,2026-09-18 06:00:00,19.8,89.0,0.0,4.9,0.0,1.45,Cerah Berawan,wmo:2
jatinangor,"Jatinangor, Sumedang",2026-09-18,32.11.15.2002,Hegarmanah,kecamatan,yes,-6.938,107.7556,Asia/Jakarta,"BMKG representative point: Hegarmanah, Kecamatan Jatinangor",18-09-2026,ICON,Open-Meteo / DWD ICON,07:00,2026-09-18 07:00:00,21.7,85.0,0.0,4.0,0.0,1.45,Cerah Berawan,wmo:2
jatinangor,"Jatinangor, Sumedang",2026-09-18,32.11.15.2002,Hegarmanah,kecamatan,yes,-6.938,107.7556,Asia/Jakarta,"BMKG representative point: Hegarmanah, Kecamatan Jatinangor",18-09-2026,ICON,Open-Meteo / DWD ICON,08:00,2026-09-18 08:00:00,24.5,70.0,0.0,3.6,0.0,1.45,Cerah Berawan,wmo:1
jatinangor,"Jatinangor, Sumedang",2026-09-18,32.11.15.2002,Hegarmanah,kecamatan,yes,-6.938,107.7556,Asia/Jakarta,"BMKG representative point: Hegarmanah, Kecamatan Jatinangor",18-09-2026,ICON,Open-Meteo / DWD ICON,09:00,2026-09-18 09:00:00,26.2,65.0,0.0,3.2,0.0,1.45,Cerah Berawan,wmo:1
jatinangor,"Jatinangor, Sumedang",2026-09-18,32.11.15.2002,Hegarmanah,kecamatan,yes,-6.938,107.7556,Asia/Jakarta,"BMKG representative point: Hegarmanah, Kecamatan Jatinangor",18-09-2026,ICON,Open-Meteo / DWD ICON,10:00,2026-09-18 10:00:00,27.7,62.0,0.0,1.8,0.0,1.45,Cerah Berawan,wmo:1
jatinangor,"Jatinangor, Sumedang",2026-09-18,32.11.15.2002,Hegarmanah,kecamatan,yes,-6.938,107.7556,Asia/Jakarta,"BMKG representative point: Hegarmanah, Kecamatan Jatinangor",18-09-2026,ICON,Open-Meteo / DWD ICON,11:00,2026-09-18 11:00:00,29.0,56.0,0.0,3.9,0.0,1.45,Cerah Berawan,wmo:1
jatinangor,"Jatinangor, Sumedang",2026-09-18,32.11.15.2002,Hegarmanah,kecamatan,yes,-6.938,107.7556,Asia/Jakarta,"BMKG representative point: Hegarmanah, Kecamatan Jatinangor",18-09-2026,ICON,Open-Meteo / DWD ICON,12:00,2026-09-18 12:00:00,29.9,52.0,0.0,6.5,0.0,1.45,Cerah Berawan,wmo:1
jatinangor,"Jatinangor, Sumedang",2026-09-18,32.11.15.2002,Hegarmanah,kecamatan,yes,-6.938,107.7556,Asia/Jakarta,"BMKG representative point: Hegarmanah, Kecamatan Jatinangor",18-09-2026,ICON,Open-Meteo / DWD ICON,13:00,2026-09-18 13:00:00,30.8,47.0,0.0,8.2,0.0,1.45,Cerah Berawan,wmo:2
jatinangor,"Jatinangor, Sumedang",2026-09-18,32.11.15.2002,Hegarmanah,kecamatan,yes,-6.938,107.7556,Asia/Jakarta,"BMKG representative point: Hegarmanah, Kecamatan Jatinangor",18-09-2026,ICON,Open-Meteo / DWD ICON,14:00,2026-09-18 14:00:00,31.1,45.0,0.0,9.8,0.0,1.45,Cerah Berawan,wmo:2
jatinangor,"Jatinangor, Sumedang",2026-09-18,32.11.15.2002,Hegarmanah,kecamatan,yes,-6.938,107.7556,Asia/Jakarta,"BMKG representative point: Hegarmanah, Kecamatan Jatinangor",18-09-2026,ICON,Open-Meteo / DWD ICON,15:00,2026-09-18 15:00:00,30.8,46.0,0.0,11.3,0.0,1.45,Berawan,wmo:3
jatinangor,"Jatinangor, Sumedang",2026-09-18,32.11.15.2002,Hegarmanah,kecamatan,yes,-6.938,107.7556,Asia/Jakarta,"BMKG representative point: Hegarmanah, Kecamatan Jatinangor",18-09-2026,ICON,Open-Meteo / DWD ICON,16:00,2026-09-18 16:00:00,29.8,50.0,0.0,12.7,0.0,1.45,Berawan,wmo:3
jatinangor,"Jatinangor, Sumedang",2026-09-18,32.11.15.2002,Hegarmanah,kecamatan,yes,-6.938,107.7556,Asia/Jakarta,"BMKG representative point: Hegarmanah, Kecamatan Jatinangor",18-09-2026,ICON,Open-Meteo / DWD ICON,17:00,2026-09-18 17:00:00,28.5,56.0,0.0,13.8,0.0,1.45,Berawan,wmo:3
jatinangor,"Jatinangor, Sumedang",2026-09-18,32.11.15.2002,Hegarmanah,kecamatan,yes,-6.938,107.7556,Asia/Jakarta,"BMKG representative point: Hegarmanah, Kecamatan Jatinangor",18-09-2026,ICON,Open-Meteo / DWD ICON,18:00,2026-09-18 18:00:00,27.0,61.0,0.0,9.2,0.0,1.45,Berawan,wmo:3
jatinangor,"Jatinangor, Sumedang",2026-09-18,32.11.15.2002,Hegarmanah,kecamatan,yes,-6.938,107.7556,Asia/Jakarta,"BMKG representative point: Hegarmanah, Kecamatan Jatinangor",18-09-2026,ICON,Open-Meteo / DWD ICON,19:00,2026-09-18 19:00:00,25.7,70.0,0.1,7.6,0.0,1.45,Berawan,wmo:3
jatinangor,"Jatinangor, Sumedang",2026-09-18,32.11.15.2002,Hegarmanah,kecamatan,yes,-6.938,107.7556,Asia/Jakarta,"BMKG representative point: Hegarmanah, Kecamatan Jatinangor",18-09-2026,ICON,Open-Meteo / DWD ICON,20:00,2026-09-18 20:00:00,24.9,75.0,0.0,6.2,0.0,1.45,Berawan,wmo:3
jatinangor,"Jatinangor, Sumedang",2026-09-18,32.11.15.2002,Hegarmanah,kecamatan,yes,-6.938,107.7556,Asia/Jakarta,"BMKG representative point: Hegarmanah, Kecamatan Jatinangor",18-09-2026,ICON,Open-Meteo / DWD ICON,21:00,2026-09-18 21:00:00,24.3,79.0,0.0,5.8,0.0,1.45,Berawan,wmo:3
jatinangor,"Jatinangor, Sumedang",2026-09-18,32.11.15.2002,Hegarmanah,kecamatan,yes,-6.938,107.7556,Asia/Jakarta,"BMKG representative point: Hegarmanah, Kecamatan Jatinangor",18-09-2026,ICON,Open-Meteo / DWD ICON,22:00,2026-09-18 22:00:00,23.8,82.0,0.0,5.9,0.0,1.45,Berawan,wmo:3
jatinangor,"Jatinangor, Sumedang",2026-09-18,32.11.15.2002,Hegarmanah,kecamatan,yes,-6.938,107.7556,Asia/Jakarta,"BMKG representative point: Hegarmanah, Kecamatan Jatinangor",18-09-2026,ICON,Open-Meteo / DWD ICON,23:00,2026-09-18 23:00:00,23.5,82.0,0.0,5.8,0.0,1.45,Berawan,wmo:3
jatinangor,"Jatinangor, Sumedang",2026-09-18,32.11.15.2002,Hegarmanah,kecamatan,yes,-6.938,107.7556,Asia/Jakarta,"BMKG representative point: Hegarmanah, Kecamatan Jatinangor",18-09-2026,KMA,Open-Meteo / KMA,00:00,2026-09-18 00:00:00,,,,,0.0,0.5383,Berawan,wmo:None
jatinangor,"Jatinangor, Sumedang",2026-09-18,32.11.15.2002,Hegarmanah,kecamatan,yes,-6.938,107.7556,Asia/Jakarta,"BMKG representative point: Hegarmanah, Kecamatan Jatinangor",18-09-2026,KMA,Open-Meteo / KMA,01:00,2026-09-18 01:00:00,,,,,0.0,0.5383,Berawan,wmo:None
jatinangor,"Jatinangor, Sumedang",2026-09-18,32.11.15.2002,Hegarmanah,kecamatan,yes,-6.938,107.7556,Asia/Jakarta,"BMKG representative point: Hegarmanah, Kecamatan Jatinangor",18-09-2026,KMA,Open-Meteo / KMA,02:00,2026-09-18 02:00:00,,,,,0.0,0.5383,Berawan,wmo:None
jatinangor,"Jatinangor, Sumedang",2026-09-18,32.11.15.2002,Hegarmanah,kecamatan,yes,-6.938,107.7556,Asia/Jakarta,"BMKG representative point: Hegarmanah, Kecamatan Jatinangor",18-09-2026,KMA,Open-Meteo / KMA,03:00,2026-09-18 03:00:00,,,,,0.0,0.5383,Berawan,wmo:None
jatinangor,"Jatinangor, Sumedang",2026-09-18,32.11.15.2002,Hegarmanah,kecamatan,yes,-6.938,107.7556,Asia/Jakarta,"BMKG representative point: Hegarmanah, Kecamatan Jatinangor",18-09-2026,KMA,Open-Meteo / KMA,04:00,2026-09-18 04:00:00,,,,,0.0,0.5383,Berawan,wmo:None
jatinangor,"Jatinangor, Sumedang",2026-09-18,32.11.15.2002,Hegarmanah,kecamatan,yes,-6.938,107.7556,Asia/Jakarta,"BMKG representative point: Hegarmanah, Kecamatan Jatinangor",18-09-2026,KMA,Open-Meteo / KMA,05:00,2026-09-18 05:00:00,,,,,0.0,0.5383,Berawan,wmo:None
jatinangor,"Jatinangor, Sumedang",2026-09-18,32.11.15.2002,Hegarmanah,kecamatan,yes,-6.938,107.7556,Asia/Jakarta,"BMKG representative point: Hegarmanah, Kecamatan Jatinangor",18-09-2026,KMA,Open-Meteo / KMA,06:00,2026-09-18 06:00:00,,,,,0.0,0.5383,Berawan,wmo:None
jatinangor,"Jatinangor, Sumedang",2026-09-18,32.11.15.2002,Hegarmanah,kecamatan,yes,-6.938,107.7556,Asia/Jakarta,"BMKG representative point: Hegarmanah, Kecamatan Jatinangor",18-09-2026,KMA,Open-Meteo / KMA,07:00,2026-09-18 07:00:00,,,,,0.0,0.5383,Berawan,wmo:None
jatinangor,"Jatinangor, Sumedang",2026-09-18,32.11.15.2002,Hegarmanah,kecamatan,yes,-6.938,107.7556,Asia/Jakarta,"BMKG representative point: Hegarmanah, Kecamatan Jatinangor",18-09-2026,KMA,Open-Meteo / KMA,08:00,2026-09-18 08:00:00,,,,,0.0,0.5383,Berawan,wmo:None
jatinangor,"Jatinangor, Sumedang",2026-09-18,32.11.15.2002,Hegarmanah,kecamatan,yes,-6.938,107.7556,Asia/Jakarta,"BMKG representative point: Hegarmanah, Kecamatan Jatinangor",18-09-2026,KMA,Open-Meteo / KMA,09:00,2026-09-18 09:00:00,,,,,0.0,0.5383,Berawan,wmo:None
jatinangor,"Jatinangor, Sumedang",2026-09-18,32.11.15.2002,Hegarmanah,kecamatan,yes,-6.938,107.7556,Asia/Jakarta,"BMKG representative point: Hegarmanah, Kecamatan Jatinangor",18-09-2026,KMA,Open-Meteo / KMA,10:00,2026-09-18 10:00:00,,,,,0.0,0.5383,Berawan,wmo:None
jatinangor,"Jatinangor, Sumedang",2026-09-18,32.11.15.2002,Hegarmanah,kecamatan,yes,-6.938,107.7556,Asia/Jakarta,"BMKG representative point: Hegarmanah, Kecamatan Jatinangor",18-09-2026,KMA,Open-Meteo / KMA,11:00,2026-09-18 11:00:00,,,,,0.0,0.5383,Berawan,wmo:None
jatinangor,"Jatinangor, Sumedang",2026-09-18,32.11.15.2002,Hegarmanah,kecamatan,yes,-6.938,107.7556,Asia/Jakarta,"BMKG representative point: Hegarmanah, Kecamatan Jatinangor",18-09-2026,KMA,Open-Meteo / KMA,12:00,2026-09-18 12:00:00,,,,,0.0,0.5383,Berawan,wmo:None
jatinangor,"Jatinangor, Sumedang",2026-09-18,32.11.15.2002,Hegarmanah,kecamatan,yes,-6.938,107.7556,Asia/Jakarta,"BMKG representative point: Hegarmanah, Kecamatan Jatinangor",18-09-2026,KMA,Open-Meteo / KMA,13:00,2026-09-18 13:00:00,,,,,0.0,0.5383,Berawan,wmo:None
jatinangor,"Jatinangor, Sumedang",2026-09-18,32.11.15.2002,Hegarmanah,kecamatan,yes,-6.938,107.7556,Asia/Jakarta,"BMKG representative point: Hegarmanah, Kecamatan Jatinangor",18-09-2026,KMA,Open-Meteo / KMA,14:00,2026-09-18 14:00:00,,,,,0.0,0.5383,Berawan,wmo:None
jatinangor,"Jatinangor, Sumedang",2026-09-18,32.11.15.2002,Hegarmanah,kecamatan,yes,-6.938,107.7556,Asia/Jakarta,"BMKG representative point: Hegarmanah, Kecamatan Jatinangor",18-09-2026,KMA,Open-Meteo / KMA,15:00,2026-09-18 15:00:00,,,,,0.0,0.5383,Berawan,wmo:None
jatinangor,"Jatinangor, Sumedang",2026-09-18,32.11.15.2002,Hegarmanah,kecamatan,yes,-6.938,107.7556,Asia/Jakarta,"BMKG representative point: Hegarmanah, Kecamatan Jatinangor",18-09-2026,KMA,Open-Meteo / KMA,16:00,2026-09-18 16:00:00,,,,,0.0,0.5383,Berawan,wmo:None
jatinangor,"Jatinangor, Sumedang",2026-09-18,32.11.15.2002,Hegarmanah,kecamatan,yes,-6.938,107.7556,Asia/Jakarta,"BMKG representative point: Hegarmanah, Kecamatan Jatinangor",18-09-2026,KMA,Open-Meteo / KMA,17:00,2026-09-18 17:00:00,,,,,0.0,0.5383,Berawan,wmo:None
jatinangor,"Jatinangor, Sumedang",2026-09-18,32.11.15.2002,Hegarmanah,kecamatan,yes,-6.938,107.7556,Asia/Jakarta,"BMKG representative point: Hegarmanah, Kecamatan Jatinangor",18-09-2026,KMA,Open-Meteo / KMA,18:00,2026-09-18 18:00:00,,,,,0.0,0.5383,Berawan,wmo:None
jatinangor,"Jatinangor, Sumedang",2026-09-18,32.11.15.2002,Hegarmanah,kecamatan,yes,-6.938,107.7556,Asia/Jakarta,"BMKG representative point: Hegarmanah, Kecamatan Jatinangor",18-09-2026,KMA,Open-Meteo / KMA,19:00,2026-09-18 19:00:00,,,,,0.0,0.5383,Berawan,wmo:None
jatinangor,"Jatinangor, Sumedang",2026-09-18,32.11.15.2002,Hegarmanah,kecamatan,yes,-6.938,107.7556,Asia/Jakarta,"BMKG representative point: Hegarmanah, Kecamatan Jatinangor",18-09-2026,KMA,Open-Meteo / KMA,20:00,2026-09-18 20:00:00,,,,,0.0,0.5383,Berawan,wmo:None
jatinangor,"Jatinangor, Sumedang",2026-09-18,32.11.15.2002,Hegarmanah,kecamatan,yes,-6.938,107.7556,Asia/Jakarta,"BMKG representative point: Hegarmanah, Kecamatan Jatinangor",18-09-2026,KMA,Open-Meteo / KMA,21:00,2026-09-18 21:00:00,,,,,0.0,0.5383,Berawan,wmo:None
jatinangor,"Jatinangor, Sumedang",2026-09-18,32.11.15.2002,Hegarmanah,kecamatan,yes,-6.938,107.7556,Asia/Jakarta,"BMKG representative point: Hegarmanah, Kecamatan Jatinangor",18-09-2026,KMA,Open-Meteo / KMA,22:00,2026-09-18 22:00:00,,,,,0.0,0.5383,Berawan,wmo:None
jatinangor,"Jatinangor, Sumedang",2026-09-18,32.11.15.2002,Hegarmanah,kecamatan,yes,-6.938,107.7556,Asia/Jakarta,"BMKG representative point: Hegarmanah, Kecamatan Jatinangor",18-09-2026,KMA,Open-Meteo / KMA,23:00,2026-09-18 23:00:00,,,,,0.0,0.5383,Berawan,wmo:None
jatinangor,"Jatinangor, Sumedang",2026-09-18,32.11.15.2002,Hegarmanah,kecamatan,yes,-6.938,107.7556,Asia/Jakarta,"BMKG representative point: Hegarmanah, Kecamatan Jatinangor",18-09-2026,METEOFRANCE,Open-Meteo / Meteo-France,00:00,2026-09-18 00:00:00,26.2,82.0,0.0,2.6,0.0,1.4395,Cerah Berawan,wmo:2
jatinangor,"Jatinangor, Sumedang",2026-09-18,32.11.15.2002,Hegarmanah,kecamatan,yes,-6.938,107.7556,Asia/Jakarta,"BMKG representative point: Hegarmanah, Kecamatan Jatinangor",18-09-2026,METEOFRANCE,Open-Meteo / Meteo-France,01:00,2026-09-18 01:00:00,26.0,83.0,0.0,1.9,0.0,1.4395,Cerah Berawan,wmo:2
jatinangor,"Jatinangor, Sumedang",2026-09-18,32.11.15.2002,Hegarmanah,kecamatan,yes,-6.938,107.7556,Asia/Jakarta,"BMKG representative point: Hegarmanah, Kecamatan Jatinangor",18-09-2026,METEOFRANCE,Open-Meteo / Meteo-France,02:00,2026-09-18 02:00:00,25.8,84.0,0.0,1.6,0.0,1.4395,Cerah Berawan,wmo:2
jatinangor,"Jatinangor, Sumedang",2026-09-18,32.11.15.2002,Hegarmanah,kecamatan,yes,-6.938,107.7556,Asia/Jakarta,"BMKG representative point: Hegarmanah, Kecamatan Jatinangor",18-09-2026,METEOFRANCE,Open-Meteo / Meteo-France,03:00,2026-09-18 03:00:00,25.6,86.0,0.0,2.0,0.0,1.4395,Cerah Berawan,wmo:2
jatinangor,"Jatinangor, Sumedang",2026-09-18,32.11.15.2002,Hegarmanah,kecamatan,yes,-6.938,107.7556,Asia/Jakarta,"BMKG representative point: Hegarmanah, Kecamatan Jatinangor",18-09-2026,METEOFRANCE,Open-Meteo / Meteo-France,04:00,2026-09-18 04:00:00,25.3,88.0,0.0,2.8,0.0,1.4395,Cerah Berawan,wmo:2
jatinangor,"Jatinangor, Sumedang",2026-09-18,32.11.15.2002,Hegarmanah,kecamatan,yes,-6.938,107.7556,Asia/Jakarta,"BMKG representative point: Hegarmanah, Kecamatan Jatinangor",18-09-2026,METEOFRANCE,Open-Meteo / Meteo-France,05:00,2026-09-18 05:00:00,25.0,90.0,0.0,2.9,0.0,1.4395,Cerah Berawan,wmo:2
jatinangor,"Jatinangor, Sumedang",2026-09-18,32.11.15.2002,Hegarmanah,kecamatan,yes,-6.938,107.7556,Asia/Jakarta,"BMKG representative point: Hegarmanah, Kecamatan Jatinangor",18-09-2026,METEOFRANCE,Open-Meteo / Meteo-France,06:00,2026-09-18 06:00:00,24.8,91.0,0.0,2.9,0.0,1.4395,Cerah Berawan,wmo:2
jatinangor,"Jatinangor, Sumedang",2026-09-18,32.11.15.2002,Hegarmanah,kecamatan,yes,-6.938,107.7556,Asia/Jakarta,"BMKG representative point: Hegarmanah, Kecamatan Jatinangor",18-09-2026,METEOFRANCE,Open-Meteo / Meteo-France,07:00,2026-09-18 07:00:00,25.3,88.0,0.0,1.9,0.0,1.4395,Cerah Berawan,wmo:2
jatinangor,"Jatinangor, Sumedang",2026-09-18,32.11.15.2002,Hegarmanah,kecamatan,yes,-6.938,107.7556,Asia/Jakarta,"BMKG representative point: Hegarmanah, Kecamatan Jatinangor",18-09-2026,METEOFRANCE,Open-Meteo / Meteo-France,08:00,2026-09-18 08:00:00,26.7,79.0,0.0,1.5,0.0,1.4395,Cerah Berawan,wmo:1
jatinangor,"Jatinangor, Sumedang",2026-09-18,32.11.15.2002,Hegarmanah,kecamatan,yes,-6.938,107.7556,Asia/Jakarta,"BMKG representative point: Hegarmanah, Kecamatan Jatinangor",18-09-2026,METEOFRANCE,Open-Meteo / Meteo-France,09:00,2026-09-18 09:00:00,28.8,68.0,0.0,3.7,0.0,1.4395,Cerah Berawan,wmo:1
jatinangor,"Jatinangor, Sumedang",2026-09-18,32.11.15.2002,Hegarmanah,kecamatan,yes,-6.938,107.7556,Asia/Jakarta,"BMKG representative point: Hegarmanah, Kecamatan Jatinangor",18-09-2026,METEOFRANCE,Open-Meteo / Meteo-France,10:00,2026-09-18 10:00:00,31.3,57.0,0.0,6.6,0.0,1.4395,Cerah Berawan,wmo:1
jatinangor,"Jatinangor, Sumedang",2026-09-18,32.11.15.2002,Hegarmanah,kecamatan,yes,-6.938,107.7556,Asia/Jakarta,"BMKG representative point: Hegarmanah, Kecamatan Jatinangor",18-09-2026,METEOFRANCE,Open-Meteo / Meteo-France,11:00,2026-09-18 11:00:00,33.0,51.0,0.0,8.7,0.0,1.4395,Cerah Berawan,wmo:2
jatinangor,"Jatinangor, Sumedang",2026-09-18,32.11.15.2002,Hegarmanah,kecamatan,yes,-6.938,107.7556,Asia/Jakarta,"BMKG representative point: Hegarmanah, Kecamatan Jatinangor",18-09-2026,METEOFRANCE,Open-Meteo / Meteo-France,12:00,2026-09-18 12:00:00,33.8,48.0,0.0,10.1,0.0,1.4395,Cerah Berawan,wmo:2
jatinangor,"Jatinangor, Sumedang",2026-09-18,32.11.15.2002,Hegarmanah,kecamatan,yes,-6.938,107.7556,Asia/Jakarta,"BMKG representative point: Hegarmanah, Kecamatan Jatinangor",18-09-2026,METEOFRANCE,Open-Meteo / Meteo-France,13:00,2026-09-18 13:00:00,34.2,47.0,0.0,11.2,0.0,1.4395,Cerah Berawan,wmo:2
jatinangor,"Jatinangor, Sumedang",2026-09-18,32.11.15.2002,Hegarmanah,kecamatan,yes,-6.938,107.7556,Asia/Jakarta,"BMKG representative point: Hegarmanah, Kecamatan Jatinangor",18-09-2026,METEOFRANCE,Open-Meteo / Meteo-France,14:00,2026-09-18 14:00:00,34.1,48.0,0.0,11.5,0.0,1.4395,Berawan,wmo:3
jatinangor,"Jatinangor, Sumedang",2026-09-18,32.11.15.2002,Hegarmanah,kecamatan,yes,-6.938,107.7556,Asia/Jakarta,"BMKG representative point: Hegarmanah, Kecamatan Jatinangor",18-09-2026,METEOFRANCE,Open-Meteo / Meteo-France,15:00,2026-09-18 15:00:00,33.4,51.0,0.0,11.6,0.0,1.4395,Berawan,wmo:3
jatinangor,"Jatinangor, Sumedang",2026-09-18,32.11.15.2002,Hegarmanah,kecamatan,yes,-6.938,107.7556,Asia/Jakarta,"BMKG representative point: Hegarmanah, Kecamatan Jatinangor",18-09-2026,METEOFRANCE,Open-Meteo / Meteo-France,16:00,2026-09-18 16:00:00,32.3,56.0,0.0,11.2,0.0,1.4395,Berawan,wmo:3
jatinangor,"Jatinangor, Sumedang",2026-09-18,32.11.15.2002,Hegarmanah,kecamatan,yes,-6.938,107.7556,Asia/Jakarta,"BMKG representative point: Hegarmanah, Kecamatan Jatinangor",18-09-2026,METEOFRANCE,Open-Meteo / Meteo-France,17:00,2026-09-18 17:00:00,30.7,65.0,0.2,10.1,0.0,1.4395,Hujan Ringan,wmo:51
jatinangor,"Jatinangor, Sumedang",2026-09-18,32.11.15.2002,Hegarmanah,kecamatan,yes,-6.938,107.7556,Asia/Jakarta,"BMKG representative point: Hegarmanah, Kecamatan Jatinangor",18-09-2026,METEOFRANCE,Open-Meteo / Meteo-France,18:00,2026-09-18 18:00:00,28.7,77.0,0.2,9.4,0.0,1.4395,Hujan Ringan,wmo:51
jatinangor,"Jatinangor, Sumedang",2026-09-18,32.11.15.2002,Hegarmanah,kecamatan,yes,-6.938,107.7556,Asia/Jakarta,"BMKG representative point: Hegarmanah, Kecamatan Jatinangor",18-09-2026,METEOFRANCE,Open-Meteo / Meteo-France,19:00,2026-09-18 19:00:00,27.2,87.0,0.2,8.9,0.0,1.4395,Hujan Ringan,wmo:51
jatinangor,"Jatinangor, Sumedang",2026-09-18,32.11.15.2002,Hegarmanah,kecamatan,yes,-6.938,107.7556,Asia/Jakarta,"BMKG representative point: Hegarmanah, Kecamatan Jatinangor",18-09-2026,METEOFRANCE,Open-Meteo / Meteo-France,20:00,2026-09-18 20:00:00,26.4,93.0,0.1,8.1,0.0,1.4395,Hujan Ringan,wmo:51
jatinangor,"Jatinangor, Sumedang",2026-09-18,32.11.15.2002,Hegarmanah,kecamatan,yes,-6.938,107.7556,Asia/Jakarta,"BMKG representative point: Hegarmanah, Kecamatan Jatinangor",18-09-2026,METEOFRANCE,Open-Meteo / Meteo-France,21:00,2026-09-18 21:00:00,26.0,96.0,0.1,6.9,0.0,1.4395,Hujan Ringan,wmo:51
jatinangor,"Jatinangor, Sumedang",2026-09-18,32.11.15.2002,Hegarmanah,kecamatan,yes,-6.938,107.7556,Asia/Jakarta,"BMKG representative point: Hegarmanah, Kecamatan Jatinangor",18-09-2026,METEOFRANCE,Open-Meteo / Meteo-France,22:00,2026-09-18 22:00:00,25.7,98.0,0.1,5.8,0.0,1.4395,Hujan Ringan,wmo:51
jatinangor,"Jatinangor, Sumedang",2026-09-18,32.11.15.2002,Hegarmanah,kecamatan,yes,-6.938,107.7556,Asia/Jakarta,"BMKG representative point: Hegarmanah, Kecamatan Jatinangor",18-09-2026,METEOFRANCE,Open-Meteo / Meteo-France,23:00,2026-09-18 23:00:00,25.6,97.0,0.0,4.3,0.0,1.4395,Berawan,wmo:3
jatinangor,"Jatinangor, Sumedang",2026-09-18,32.11.15.2002,Hegarmanah,kecamatan,yes,-6.938,107.7556,Asia/Jakarta,"BMKG representative point: Hegarmanah, Kecamatan Jatinangor",18-09-2026,METNO,MET Norway,00:00,2026-09-18 00:00:00,21.3,89.4,0.0,3.96,0.0,1.3445,Cerah Berawan,fair_night
jatinangor,"Jatinangor, Sumedang",2026-09-18,32.11.15.2002,Hegarmanah,kecamatan,yes,-6.938,107.7556,Asia/Jakarta,"BMKG representative point: Hegarmanah, Kecamatan Jatinangor",18-09-2026,METNO,MET Norway,01:00,2026-09-18 01:00:00,20.9,92.2,0.0,3.96,0.0,1.3445,Cerah Berawan,fair_night
jatinangor,"Jatinangor, Sumedang",2026-09-18,32.11.15.2002,Hegarmanah,kecamatan,yes,-6.938,107.7556,Asia/Jakarta,"BMKG representative point: Hegarmanah, Kecamatan Jatinangor",18-09-2026,METNO,MET Norway,02:00,2026-09-18 02:00:00,20.5,94.3,0.0,3.96,0.0,1.3445,Cerah Berawan,fair_night
jatinangor,"Jatinangor, Sumedang",2026-09-18,32.11.15.2002,Hegarmanah,kecamatan,yes,-6.938,107.7556,Asia/Jakarta,"BMKG representative point: Hegarmanah, Kecamatan Jatinangor",18-09-2026,METNO,MET Norway,03:00,2026-09-18 03:00:00,20.3,95.3,0.0,3.96,0.0,1.3445,Cerah Berawan,partlycloudy_night
jatinangor,"Jatinangor, Sumedang",2026-09-18,32.11.15.2002,Hegarmanah,kecamatan,yes,-6.938,107.7556,Asia/Jakarta,"BMKG representative point: Hegarmanah, Kecamatan Jatinangor",18-09-2026,METNO,MET Norway,04:00,2026-09-18 04:00:00,20.5,95.0,0.0,4.68,0.0,1.3445,Cerah Berawan,partlycloudy_night
jatinangor,"Jatinangor, Sumedang",2026-09-18,32.11.15.2002,Hegarmanah,kecamatan,yes,-6.938,107.7556,Asia/Jakarta,"BMKG representative point: Hegarmanah, Kecamatan Jatinangor",18-09-2026,METNO,MET Norway,05:00,2026-09-18 05:00:00,20.1,95.1,0.0,5.04,0.0,1.3445,Cerah Berawan,partlycloudy_night
jatinangor,"Jatinangor, Sumedang",2026-09-18,32.11.15.2002,Hegarmanah,kecamatan,yes,-6.938,107.7556,Asia/Jakarta,"BMKG representative point: Hegarmanah, Kecamatan Jatinangor",18-09-2026,METNO,MET Norway,06:00,2026-09-18 06:00:00,19.9,94.3,0.0,4.68,0.0,1.3445,Cerah Berawan,fair_day
jatinangor,"Jatinangor, Sumedang",2026-09-18,32.11.15.2002,Hegarmanah,kecamatan,yes,-6.938,107.7556,Asia/Jakarta,"BMKG representative point: Hegarmanah, Kecamatan Jatinangor",18-09-2026,METNO,MET Norway,07:00,2026-09-18 07:00:00,22.0,78.4,0.0,5.4,0.0,1.3445,Cerah Berawan,fair_day
jatinangor,"Jatinangor, Sumedang",2026-09-18,32.11.15.2002,Hegarmanah,kecamatan,yes,-6.938,107.7556,Asia/Jakarta,"BMKG representative point: Hegarmanah, Kecamatan Jatinangor",18-09-2026,METNO,MET Norway,08:00,2026-09-18 08:00:00,24.5,63.8,0.0,4.68,0.0,1.3445,Cerah,clearsky_day
jatinangor,"Jatinangor, Sumedang",2026-09-18,32.11.15.2002,Hegarmanah,kecamatan,yes,-6.938,107.7556,Asia/Jakarta,"BMKG representative point: Hegarmanah, Kecamatan Jatinangor",18-09-2026,METNO,MET Norway,09:00,2026-09-18 09:00:00,26.7,56.6,0.1,5.76,0.0,1.3445,Hujan Ringan,lightrainshowers_day
jatinangor,"Jatinangor, Sumedang",2026-09-18,32.11.15.2002,Hegarmanah,kecamatan,yes,-6.938,107.7556,Asia/Jakarta,"BMKG representative point: Hegarmanah, Kecamatan Jatinangor",18-09-2026,METNO,MET Norway,10:00,2026-09-18 10:00:00,27.9,55.5,0.2,7.92,0.0,1.3445,Hujan Ringan,lightrainshowers_day
jatinangor,"Jatinangor, Sumedang",2026-09-18,32.11.15.2002,Hegarmanah,kecamatan,yes,-6.938,107.7556,Asia/Jakarta,"BMKG representative point: Hegarmanah, Kecamatan Jatinangor",18-09-2026,METNO,MET Norway,11:00,2026-09-18 11:00:00,28.1,56.1,0.3,9.0,0.0,1.3445,Hujan Ringan,rainshowers_day
jatinangor,"Jatinangor, Sumedang",2026-09-18,32.11.15.2002,Hegarmanah,kecamatan,yes,-6.938,107.7556,Asia/Jakarta,"BMKG representative point: Hegarmanah, Kecamatan Jatinangor",18-09-2026,METNO,MET Norway,12:00,2026-09-18 12:00:00,28.8,54.1,1.1,8.64,0.0,1.3445,Hujan Lebat,heavyrainshowers_day
jatinangor,"Jatinangor, Sumedang",2026-09-18,32.11.15.2002,Hegarmanah,kecamatan,yes,-6.938,107.7556,Asia/Jakarta,"BMKG representative point: Hegarmanah, Kecamatan Jatinangor",18-09-2026,METNO,MET Norway,13:00,2026-09-18 13:00:00,27.6,64.8,0.8,9.36,0.0,1.3445,Hujan Ringan,rainshowers_day
jatinangor,"Jatinangor, Sumedang",2026-09-18,32.11.15.2002,Hegarmanah,kecamatan,yes,-6.938,107.7556,Asia/Jakarta,"BMKG representative point: Hegarmanah, Kecamatan Jatinangor",18-09-2026,METNO,MET Norway,14:00,2026-09-18 14:00:00,27.5,63.7,0.6,10.08,0.0,1.3445,Hujan Ringan,rainshowers_day
jatinangor,"Jatinangor, Sumedang",2026-09-18,32.11.15.2002,Hegarmanah,kecamatan,yes,-6.938,107.7556,Asia/Jakarta,"BMKG representative point: Hegarmanah, Kecamatan Jatinangor",18-09-2026,METNO,MET Norway,15:00,2026-09-18 15:00:00,27.5,62.9,0.4,9.0,0.0,1.3445,Hujan Ringan,rainshowers_day
jatinangor,"Jatinangor, Sumedang",2026-09-18,32.11.15.2002,Hegarmanah,kecamatan,yes,-6.938,107.7556,Asia/Jakarta,"BMKG representative point: Hegarmanah, Kecamatan Jatinangor",18-09-2026,METNO,MET Norway,16:00,2026-09-18 16:00:00,26.9,64.2,2.6,11.16,0.0,1.3445,Hujan Lebat,heavyrainshowers_day
jatinangor,"Jatinangor, Sumedang",2026-09-18,32.11.15.2002,Hegarmanah,kecamatan,yes,-6.938,107.7556,Asia/Jakarta,"BMKG representative point: Hegarmanah, Kecamatan Jatinangor",18-09-2026,METNO,MET Norway,17:00,2026-09-18 17:00:00,23.3,90.0,0.6,4.68,0.0,1.3445,Hujan Ringan,rain
jatinangor,"Jatinangor, Sumedang",2026-09-18,32.11.15.2002,Hegarmanah,kecamatan,yes,-6.938,107.7556,Asia/Jakarta,"BMKG representative point: Hegarmanah, Kecamatan Jatinangor",18-09-2026,METNO,MET Norway,18:00,2026-09-18 18:00:00,22.9,92.6,0.2,3.24,0.0,1.3445,Hujan Ringan,lightrainshowers_night
jatinangor,"Jatinangor, Sumedang",2026-09-18,32.11.15.2002,Hegarmanah,kecamatan,yes,-6.938,107.7556,Asia/Jakarta,"BMKG representative point: Hegarmanah, Kecamatan Jatinangor",18-09-2026,METNO,MET Norway,19:00,2026-09-18 19:00:00,22.3,96.2,0.0,2.16,0.0,1.3445,Berawan,cloudy
jatinangor,"Jatinangor, Sumedang",2026-09-18,32.11.15.2002,Hegarmanah,kecamatan,yes,-6.938,107.7556,Asia/Jakarta,"BMKG representative point: Hegarmanah, Kecamatan Jatinangor",18-09-2026,METNO,MET Norway,20:00,2026-09-18 20:00:00,21.9,97.9,0.0,1.8,0.0,1.3445,Berawan,cloudy
jatinangor,"Jatinangor, Sumedang",2026-09-18,32.11.15.2002,Hegarmanah,kecamatan,yes,-6.938,107.7556,Asia/Jakarta,"BMKG representative point: Hegarmanah, Kecamatan Jatinangor",18-09-2026,METNO,MET Norway,21:00,2026-09-18 21:00:00,21.6,98.3,0.0,2.52,0.0,1.3445,Berawan,cloudy
jatinangor,"Jatinangor, Sumedang",2026-09-18,32.11.15.2002,Hegarmanah,kecamatan,yes,-6.938,107.7556,Asia/Jakarta,"BMKG representative point: Hegarmanah, Kecamatan Jatinangor",18-09-2026,METNO,MET Norway,22:00,2026-09-18 22:00:00,21.4,98.8,0.0,3.24,0.0,1.3445,Berawan,fog
jatinangor,"Jatinangor, Sumedang",2026-09-18,32.11.15.2002,Hegarmanah,kecamatan,yes,-6.938,107.7556,Asia/Jakarta,"BMKG representative point: Hegarmanah, Kecamatan Jatinangor",18-09-2026,METNO,MET Norway,23:00,2026-09-18 23:00:00,21.2,99.5,0.2,3.96,0.0,1.3445,Hujan Ringan,lightrain
jatinangor,"Jatinangor, Sumedang",2026-09-18,32.11.15.2002,Hegarmanah,kecamatan,yes,-6.938,107.7556,Asia/Jakarta,"BMKG representative point: Hegarmanah, Kecamatan Jatinangor",18-09-2026,UKMO,Open-Meteo / UK Met Office,00:00,2026-09-18 00:00:00,18.7,98.0,0.1,1.1,0.0,1.3093,Hujan Ringan,wmo:51
jatinangor,"Jatinangor, Sumedang",2026-09-18,32.11.15.2002,Hegarmanah,kecamatan,yes,-6.938,107.7556,Asia/Jakarta,"BMKG representative point: Hegarmanah, Kecamatan Jatinangor",18-09-2026,UKMO,Open-Meteo / UK Met Office,01:00,2026-09-18 01:00:00,18.3,99.0,0.0,1.8,0.0,1.3093,Berawan,wmo:3
jatinangor,"Jatinangor, Sumedang",2026-09-18,32.11.15.2002,Hegarmanah,kecamatan,yes,-6.938,107.7556,Asia/Jakarta,"BMKG representative point: Hegarmanah, Kecamatan Jatinangor",18-09-2026,UKMO,Open-Meteo / UK Met Office,02:00,2026-09-18 02:00:00,19.8,98.0,0.0,2.9,0.0,1.3093,Berawan,wmo:3
jatinangor,"Jatinangor, Sumedang",2026-09-18,32.11.15.2002,Hegarmanah,kecamatan,yes,-6.938,107.7556,Asia/Jakarta,"BMKG representative point: Hegarmanah, Kecamatan Jatinangor",18-09-2026,UKMO,Open-Meteo / UK Met Office,03:00,2026-09-18 03:00:00,19.0,99.0,0.0,2.2,0.0,1.3093,Cerah,wmo:0
jatinangor,"Jatinangor, Sumedang",2026-09-18,32.11.15.2002,Hegarmanah,kecamatan,yes,-6.938,107.7556,Asia/Jakarta,"BMKG representative point: Hegarmanah, Kecamatan Jatinangor",18-09-2026,UKMO,Open-Meteo / UK Met Office,04:00,2026-09-18 04:00:00,17.4,99.0,0.0,2.2,0.0,1.3093,Cerah,wmo:0
jatinangor,"Jatinangor, Sumedang",2026-09-18,32.11.15.2002,Hegarmanah,kecamatan,yes,-6.938,107.7556,Asia/Jakarta,"BMKG representative point: Hegarmanah, Kecamatan Jatinangor",18-09-2026,UKMO,Open-Meteo / UK Met Office,05:00,2026-09-18 05:00:00,16.7,99.0,0.0,1.1,0.0,1.3093,Cerah,wmo:0
jatinangor,"Jatinangor, Sumedang",2026-09-18,32.11.15.2002,Hegarmanah,kecamatan,yes,-6.938,107.7556,Asia/Jakarta,"BMKG representative point: Hegarmanah, Kecamatan Jatinangor",18-09-2026,UKMO,Open-Meteo / UK Met Office,06:00,2026-09-18 06:00:00,16.9,99.0,0.0,0.4,0.0,1.3093,Cerah,wmo:0
jatinangor,"Jatinangor, Sumedang",2026-09-18,32.11.15.2002,Hegarmanah,kecamatan,yes,-6.938,107.7556,Asia/Jakarta,"BMKG representative point: Hegarmanah, Kecamatan Jatinangor",18-09-2026,UKMO,Open-Meteo / UK Met Office,07:00,2026-09-18 07:00:00,19.8,94.0,0.0,0.7,0.0,1.3093,Cerah,wmo:0
jatinangor,"Jatinangor, Sumedang",2026-09-18,32.11.15.2002,Hegarmanah,kecamatan,yes,-6.938,107.7556,Asia/Jakarta,"BMKG representative point: Hegarmanah, Kecamatan Jatinangor",18-09-2026,UKMO,Open-Meteo / UK Met Office,08:00,2026-09-18 08:00:00,22.5,83.0,0.0,1.8,0.0,1.3093,Cerah,wmo:0
jatinangor,"Jatinangor, Sumedang",2026-09-18,32.11.15.2002,Hegarmanah,kecamatan,yes,-6.938,107.7556,Asia/Jakarta,"BMKG representative point: Hegarmanah, Kecamatan Jatinangor",18-09-2026,UKMO,Open-Meteo / UK Met Office,09:00,2026-09-18 09:00:00,25.0,68.0,0.0,2.2,0.0,1.3093,Cerah Berawan,wmo:1
jatinangor,"Jatinangor, Sumedang",2026-09-18,32.11.15.2002,Hegarmanah,kecamatan,yes,-6.938,107.7556,Asia/Jakarta,"BMKG representative point: Hegarmanah, Kecamatan Jatinangor",18-09-2026,UKMO,Open-Meteo / UK Met Office,10:00,2026-09-18 10:00:00,27.2,54.0,0.0,1.8,0.0,1.3093,Berawan,wmo:3
jatinangor,"Jatinangor, Sumedang",2026-09-18,32.11.15.2002,Hegarmanah,kecamatan,yes,-6.938,107.7556,Asia/Jakarta,"BMKG representative point: Hegarmanah, Kecamatan Jatinangor",18-09-2026,UKMO,Open-Meteo / UK Met Office,11:00,2026-09-18 11:00:00,27.9,52.0,0.0,3.2,0.0,1.3093,Berawan,wmo:3
jatinangor,"Jatinangor, Sumedang",2026-09-18,32.11.15.2002,Hegarmanah,kecamatan,yes,-6.938,107.7556,Asia/Jakarta,"BMKG representative point: Hegarmanah, Kecamatan Jatinangor",18-09-2026,UKMO,Open-Meteo / UK Met Office,12:00,2026-09-18 12:00:00,24.9,75.0,0.5,9.4,0.0,1.3093,Hujan Ringan,wmo:53
jatinangor,"Jatinangor, Sumedang",2026-09-18,32.11.15.2002,Hegarmanah,kecamatan,yes,-6.938,107.7556,Asia/Jakarta,"BMKG representative point: Hegarmanah, Kecamatan Jatinangor",18-09-2026,UKMO,Open-Meteo / UK Met Office,13:00,2026-09-18 13:00:00,27.7,58.0,0.2,9.0,0.0,1.3093,Hujan Ringan,wmo:51
jatinangor,"Jatinangor, Sumedang",2026-09-18,32.11.15.2002,Hegarmanah,kecamatan,yes,-6.938,107.7556,Asia/Jakarta,"BMKG representative point: Hegarmanah, Kecamatan Jatinangor",18-09-2026,UKMO,Open-Meteo / UK Met Office,14:00,2026-09-18 14:00:00,25.8,71.0,0.6,10.4,0.0,1.3093,Hujan Ringan,wmo:53
jatinangor,"Jatinangor, Sumedang",2026-09-18,32.11.15.2002,Hegarmanah,kecamatan,yes,-6.938,107.7556,Asia/Jakarta,"BMKG representative point: Hegarmanah, Kecamatan Jatinangor",18-09-2026,UKMO,Open-Meteo / UK Met Office,15:00,2026-09-18 15:00:00,26.7,64.0,0.1,11.2,0.0,1.3093,Hujan Ringan,wmo:51
jatinangor,"Jatinangor, Sumedang",2026-09-18,32.11.15.2002,Hegarmanah,kecamatan,yes,-6.938,107.7556,Asia/Jakarta,"BMKG representative point: Hegarmanah, Kecamatan Jatinangor",18-09-2026,UKMO,Open-Meteo / UK Met Office,16:00,2026-09-18 16:00:00,25.6,70.0,0.1,9.7,0.0,1.3093,Hujan Ringan,wmo:51
jatinangor,"Jatinangor, Sumedang",2026-09-18,32.11.15.2002,Hegarmanah,kecamatan,yes,-6.938,107.7556,Asia/Jakarta,"BMKG representative point: Hegarmanah, Kecamatan Jatinangor",18-09-2026,UKMO,Open-Meteo / UK Met Office,17:00,2026-09-18 17:00:00,24.0,83.0,0.4,7.9,0.0,1.3093,Hujan Ringan,wmo:51
jatinangor,"Jatinangor, Sumedang",2026-09-18,32.11.15.2002,Hegarmanah,kecamatan,yes,-6.938,107.7556,Asia/Jakarta,"BMKG representative point: Hegarmanah, Kecamatan Jatinangor",18-09-2026,UKMO,Open-Meteo / UK Met Office,18:00,2026-09-18 18:00:00,22.6,95.0,0.7,6.5,0.0,1.3093,Hujan Ringan,wmo:53
jatinangor,"Jatinangor, Sumedang",2026-09-18,32.11.15.2002,Hegarmanah,kecamatan,yes,-6.938,107.7556,Asia/Jakarta,"BMKG representative point: Hegarmanah, Kecamatan Jatinangor",18-09-2026,UKMO,Open-Meteo / UK Met Office,19:00,2026-09-18 19:00:00,22.3,97.0,0.6,4.0,0.0,1.3093,Hujan Ringan,wmo:53
jatinangor,"Jatinangor, Sumedang",2026-09-18,32.11.15.2002,Hegarmanah,kecamatan,yes,-6.938,107.7556,Asia/Jakarta,"BMKG representative point: Hegarmanah, Kecamatan Jatinangor",18-09-2026,UKMO,Open-Meteo / UK Met Office,20:00,2026-09-18 20:00:00,21.6,100,0.5,2.9,0.0,1.3093,Hujan Ringan,wmo:53
jatinangor,"Jatinangor, Sumedang",2026-09-18,32.11.15.2002,Hegarmanah,kecamatan,yes,-6.938,107.7556,Asia/Jakarta,"BMKG representative point: Hegarmanah, Kecamatan Jatinangor",18-09-2026,UKMO,Open-Meteo / UK Met Office,21:00,2026-09-18 21:00:00,21.2,99.0,0.5,2.5,0.0,1.3093,Hujan Ringan,wmo:53
jatinangor,"Jatinangor, Sumedang",2026-09-18,32.11.15.2002,Hegarmanah,kecamatan,yes,-6.938,107.7556,Asia/Jakarta,"BMKG representative point: Hegarmanah, Kecamatan Jatinangor",18-09-2026,UKMO,Open-Meteo / UK Met Office,22:00,2026-09-18 22:00:00,20.7,99.0,0.5,2.2,0.0,1.3093,Hujan Ringan,wmo:53
jatinangor,"Jatinangor, Sumedang",2026-09-18,32.11.15.2002,Hegarmanah,kecamatan,yes,-6.938,107.7556,Asia/Jakarta,"BMKG representative point: Hegarmanah, Kecamatan Jatinangor",18-09-2026,UKMO,Open-Meteo / UK Met Office,23:00,2026-09-18 23:00:00,20.1,99.0,0.0,1.8,0.0,1.3093,Cerah Berawan,wmo:2
arjawinangun,"Arjawinangun, Cirebon",2026-09-16,32.09.24.2004,Arjawinangun,kecamatan,no,-6.6453,108.4103,Asia/Jakarta,"BMKG point: Arjawinangun, Kecamatan Arjawinangun",16-09-2026,BMKG,BMKG,19:00,2026-09-16 22:00:00,26.0,70.0,0.0,2.3,180.0,1.0081,Cerah,Cerah
arjawinangun,"Arjawinangun, Cirebon",2026-09-16,32.09.24.2004,Arjawinangun,kecamatan,no,-6.6453,108.4103,Asia/Jakarta,"BMKG point: Arjawinangun, Kecamatan Arjawinangun",16-09-2026,BMKG,BMKG,20:00,2026-09-16 22:00:00,26.0,70.0,0.0,2.3,120.0,1.0081,Cerah,Cerah
arjawinangun,"Arjawinangun, Cirebon",2026-09-16,32.09.24.2004,Arjawinangun,kecamatan,no,-6.6453,108.4103,Asia/Jakarta,"BMKG point: Arjawinangun, Kecamatan Arjawinangun",16-09-2026,BMKG,BMKG,21:00,2026-09-16 22:00:00,26.0,70.0,0.0,2.3,60.0,1.3746,Cerah,Cerah
arjawinangun,"Arjawinangun, Cirebon",2026-09-16,32.09.24.2004,Arjawinangun,kecamatan,no,-6.6453,108.4103,Asia/Jakarta,"BMKG point: Arjawinangun, Kecamatan Arjawinangun",16-09-2026,BMKG,BMKG,22:00,2026-09-16 22:00:00,26.0,70.0,0.0,2.3,0.0,1.8328,Cerah,Cerah
arjawinangun,"Arjawinangun, Cirebon",2026-09-16,32.09.24.2004,Arjawinangun,kecamatan,no,-6.6453,108.4103,Asia/Jakarta,"BMKG point: Arjawinangun, Kecamatan Arjawinangun",16-09-2026,BMKG,BMKG,23:00,2026-09-16 22:00:00,26.0,70.0,0.0,2.3,60.0,1.3746,Cerah,Cerah
arjawinangun,"Arjawinangun, Cirebon",2026-09-16,32.09.24.2004,Arjawinangun,kecamatan,no,-6.6453,108.4103,Asia/Jakarta,"BMKG point: Arjawinangun, Kecamatan Arjawinangun",16-09-2026,CMA,Open-Meteo / CMA GRAPES,00:00,2026-09-16 00:00:00,23.9,83.0,0.0,13.5,0.0,1.1568,Cerah,wmo:0
arjawinangun,"Arjawinangun, Cirebon",2026-09-16,32.09.24.2004,Arjawinangun,kecamatan,no,-6.6453,108.4103,Asia/Jakarta,"BMKG point: Arjawinangun, Kecamatan Arjawinangun",16-09-2026,CMA,Open-Meteo / CMA GRAPES,01:00,2026-09-16 01:00:00,23.9,83.0,0.0,13.1,0.0,1.1568,Cerah,wmo:0
arjawinangun,"Arjawinangun, Cirebon",2026-09-16,32.09.24.2004,Arjawinangun,kecamatan,no,-6.6453,108.4103,Asia/Jakarta,"BMKG point: Arjawinangun, Kecamatan Arjawinangun",16-09-2026,CMA,Open-Meteo / CMA GRAPES,02:00,2026-09-16 02:00:00,23.8,83.0,0.0,12.7,0.0,1.1568,Cerah,wmo:0
arjawinangun,"Arjawinangun, Cirebon",2026-09-16,32.09.24.2004,Arjawinangun,kecamatan,no,-6.6453,108.4103,Asia/Jakarta,"BMKG point: Arjawinangun, Kecamatan Arjawinangun",16-09-2026,CMA,Open-Meteo / CMA GRAPES,03:00,2026-09-16 03:00:00,23.7,84.0,0.0,12.2,0.0,1.1568,Cerah,wmo:0
arjawinangun,"Arjawinangun, Cirebon",2026-09-16,32.09.24.2004,Arjawinangun,kecamatan,no,-6.6453,108.4103,Asia/Jakarta,"BMKG point: Arjawinangun, Kecamatan Arjawinangun",16-09-2026,CMA,Open-Meteo / CMA GRAPES,04:00,2026-09-16 04:00:00,23.8,83.0,0.0,11.9,0.0,1.1568,Cerah,wmo:0
arjawinangun,"Arjawinangun, Cirebon",2026-09-16,32.09.24.2004,Arjawinangun,kecamatan,no,-6.6453,108.4103,Asia/Jakarta,"BMKG point: Arjawinangun, Kecamatan Arjawinangun",16-09-2026,CMA,Open-Meteo / CMA GRAPES,05:00,2026-09-16 05:00:00,24.1,81.0,0.0,12.0,0.0,1.1568,Cerah,wmo:0
arjawinangun,"Arjawinangun, Cirebon",2026-09-16,32.09.24.2004,Arjawinangun,kecamatan,no,-6.6453,108.4103,Asia/Jakarta,"BMKG point: Arjawinangun, Kecamatan Arjawinangun",16-09-2026,CMA,Open-Meteo / CMA GRAPES,06:00,2026-09-16 06:00:00,24.5,78.0,0.0,12.8,0.0,1.1568,Cerah,wmo:0
arjawinangun,"Arjawinangun, Cirebon",2026-09-16,32.09.24.2004,Arjawinangun,kecamatan,no,-6.6453,108.4103,Asia/Jakarta,"BMKG point: Arjawinangun, Kecamatan Arjawinangun",16-09-2026,CMA,Open-Meteo / CMA GRAPES,07:00,2026-09-16 07:00:00,25.2,74.0,0.0,12.9,0.0,1.1568,Cerah,wmo:0
arjawinangun,"Arjawinangun, Cirebon",2026-09-16,32.09.24.2004,Arjawinangun,kecamatan,no,-6.6453,108.4103,Asia/Jakarta,"BMKG point: Arjawinangun, Kecamatan Arjawinangun",16-09-2026,CMA,Open-Meteo / CMA GRAPES,08:00,2026-09-16 08:00:00,26.3,70.0,0.0,12.6,0.0,1.1568,Cerah,wmo:0
arjawinangun,"Arjawinangun, Cirebon",2026-09-16,32.09.24.2004,Arjawinangun,kecamatan,no,-6.6453,108.4103,Asia/Jakarta,"BMKG point: Arjawinangun, Kecamatan Arjawinangun",16-09-2026,CMA,Open-Meteo / CMA GRAPES,09:00,2026-09-16 09:00:00,27.6,66.0,0.0,12.4,0.0,1.1568,Cerah,wmo:0
arjawinangun,"Arjawinangun, Cirebon",2026-09-16,32.09.24.2004,Arjawinangun,kecamatan,no,-6.6453,108.4103,Asia/Jakarta,"BMKG point: Arjawinangun, Kecamatan Arjawinangun",16-09-2026,CMA,Open-Meteo / CMA GRAPES,10:00,2026-09-16 10:00:00,28.8,61.0,0.0,12.2,0.0,1.1568,Cerah,wmo:0
arjawinangun,"Arjawinangun, Cirebon",2026-09-16,32.09.24.2004,Arjawinangun,kecamatan,no,-6.6453,108.4103,Asia/Jakarta,"BMKG point: Arjawinangun, Kecamatan Arjawinangun",16-09-2026,CMA,Open-Meteo / CMA GRAPES,11:00,2026-09-16 11:00:00,30.1,55.0,0.0,12.4,0.0,1.1568,Cerah,wmo:0
arjawinangun,"Arjawinangun, Cirebon",2026-09-16,32.09.24.2004,Arjawinangun,kecamatan,no,-6.6453,108.4103,Asia/Jakarta,"BMKG point: Arjawinangun, Kecamatan Arjawinangun",16-09-2026,CMA,Open-Meteo / CMA GRAPES,12:00,2026-09-16 12:00:00,31.3,48.0,0.0,12.1,0.0,1.1568,Cerah,wmo:0
arjawinangun,"Arjawinangun, Cirebon",2026-09-16,32.09.24.2004,Arjawinangun,kecamatan,no,-6.6453,108.4103,Asia/Jakarta,"BMKG point: Arjawinangun, Kecamatan Arjawinangun",16-09-2026,CMA,Open-Meteo / CMA GRAPES,13:00,2026-09-16 13:00:00,32.1,45.0,0.0,12.1,0.0,1.1568,Cerah,wmo:0
arjawinangun,"Arjawinangun, Cirebon",2026-09-16,32.09.24.2004,Arjawinangun,kecamatan,no,-6.6453,108.4103,Asia/Jakarta,"BMKG point: Arjawinangun, Kecamatan Arjawinangun",16-09-2026,CMA,Open-Meteo / CMA GRAPES,14:00,2026-09-16 14:00:00,32.1,46.0,0.0,11.6,0.0,1.1568,Cerah,wmo:0
arjawinangun,"Arjawinangun, Cirebon",2026-09-16,32.09.24.2004,Arjawinangun,kecamatan,no,-6.6453,108.4103,Asia/Jakarta,"BMKG point: Arjawinangun, Kecamatan Arjawinangun",16-09-2026,CMA,Open-Meteo / CMA GRAPES,15:00,2026-09-16 15:00:00,31.5,51.0,0.0,11.3,0.0,1.1568,Cerah,wmo:0
arjawinangun,"Arjawinangun, Cirebon",2026-09-16,32.09.24.2004,Arjawinangun,kecamatan,no,-6.6453,108.4103,Asia/Jakarta,"BMKG point: Arjawinangun, Kecamatan Arjawinangun",16-09-2026,CMA,Open-Meteo / CMA GRAPES,16:00,2026-09-16 16:00:00,30.7,56.0,0.0,10.8,0.0,1.1568,Cerah,wmo:0
arjawinangun,"Arjawinangun, Cirebon",2026-09-16,32.09.24.2004,Arjawinangun,kecamatan,no,-6.6453,108.4103,Asia/Jakarta,"BMKG point: Arjawinangun, Kecamatan Arjawinangun",16-09-2026,CMA,Open-Meteo / CMA GRAPES,17:00,2026-09-16 17:00:00,29.4,63.0,0.0,10.5,0.0,1.1568,Cerah,wmo:0
arjawinangun,"Arjawinangun, Cirebon",2026-09-16,32.09.24.2004,Arjawinangun,kecamatan,no,-6.6453,108.4103,Asia/Jakarta,"BMKG point: Arjawinangun, Kecamatan Arjawinangun",16-09-2026,CMA,Open-Meteo / CMA GRAPES,18:00,2026-09-16 18:00:00,27.7,70.0,0.0,10.1,0.0,1.1568,Cerah,wmo:0
arjawinangun,"Arjawinangun, Cirebon",2026-09-16,32.09.24.2004,Arjawinangun,kecamatan,no,-6.6453,108.4103,Asia/Jakarta,"BMKG point: Arjawinangun, Kecamatan Arjawinangun",16-09-2026,CMA,Open-Meteo / CMA GRAPES,19:00,2026-09-16 19:00:00,26.4,76.0,0.0,10.1,0.0,1.1568,Cerah,wmo:0
arjawinangun,"Arjawinangun, Cirebon",2026-09-16,32.09.24.2004,Arjawinangun,kecamatan,no,-6.6453,108.4103,Asia/Jakarta,"BMKG point: Arjawinangun, Kecamatan Arjawinangun",16-09-2026,CMA,Open-Meteo / CMA GRAPES,20:00,2026-09-16 20:00:00,25.5,79.0,0.0,10.5,0.0,1.1568,Cerah,wmo:0
arjawinangun,"Arjawinangun, Cirebon",2026-09-16,32.09.24.2004,Arjawinangun,kecamatan,no,-6.6453,108.4103,Asia/Jakarta,"BMKG point: Arjawinangun, Kecamatan Arjawinangun",16-09-2026,CMA,Open-Meteo / CMA GRAPES,21:00,2026-09-16 21:00:00,24.9,81.0,0.0,11.2,0.0,1.1568,Cerah,wmo:0
arjawinangun,"Arjawinangun, Cirebon",2026-09-16,32.09.24.2004,Arjawinangun,kecamatan,no,-6.6453,108.4103,Asia/Jakarta,"BMKG point: Arjawinangun, Kecamatan Arjawinangun",16-09-2026,CMA,Open-Meteo / CMA GRAPES,22:00,2026-09-16 22:00:00,24.4,82.0,0.0,11.7,0.0,1.1568,Cerah,wmo:0
arjawinangun,"Arjawinangun, Cirebon",2026-09-16,32.09.24.2004,Arjawinangun,kecamatan,no,-6.6453,108.4103,Asia/Jakarta,"BMKG point: Arjawinangun, Kecamatan Arjawinangun",16-09-2026,CMA,Open-Meteo / CMA GRAPES,23:00,2026-09-16 23:00:00,24.1,83.0,0.0,11.7,0.0,1.1568,Cerah,wmo:0
arjawinangun,"Arjawinangun, Cirebon",2026-09-16,32.09.24.2004,Arjawinangun,kecamatan,no,-6.6453,108.4103,Asia/Jakarta,"BMKG point: Arjawinangun, Kecamatan Arjawinangun",16-09-2026,ECMWF,Open-Meteo / ECMWF,00:00,2026-09-16 00:00:00,24.6,77.0,0.0,2.5,0.0,1.7101,Cerah Berawan,wmo:1
arjawinangun,"Arjawinangun, Cirebon",2026-09-16,32.09.24.2004,Arjawinangun,kecamatan,no,-6.6453,108.4103,Asia/Jakarta,"BMKG point: Arjawinangun, Kecamatan Arjawinangun",16-09-2026,ECMWF,Open-Meteo / ECMWF,01:00,2026-09-16 01:00:00,24.0,79.0,0.0,2.9,0.0,1.7101,Cerah Berawan,wmo:1
arjawinangun,"Arjawinangun, Cirebon",2026-09-16,32.09.24.2004,Arjawinangun,kecamatan,no,-6.6453,108.4103,Asia/Jakarta,"BMKG point: Arjawinangun, Kecamatan Arjawinangun",16-09-2026,ECMWF,Open-Meteo / ECMWF,02:00,2026-09-16 02:00:00,23.3,80.0,0.0,3.3,0.0,1.7101,Cerah Berawan,wmo:1
arjawinangun,"Arjawinangun, Cirebon",2026-09-16,32.09.24.2004,Arjawinangun,kecamatan,no,-6.6453,108.4103,Asia/Jakarta,"BMKG point: Arjawinangun, Kecamatan Arjawinangun",16-09-2026,ECMWF,Open-Meteo / ECMWF,03:00,2026-09-16 03:00:00,22.8,80.0,0.0,3.8,0.0,1.7101,Cerah Berawan,wmo:2
arjawinangun,"Arjawinangun, Cirebon",2026-09-16,32.09.24.2004,Arjawinangun,kecamatan,no,-6.6453,108.4103,Asia/Jakarta,"BMKG point: Arjawinangun, Kecamatan Arjawinangun",16-09-2026,ECMWF,Open-Meteo / ECMWF,04:00,2026-09-16 04:00:00,22.7,78.0,0.0,4.1,0.0,1.7101,Berawan,wmo:3
arjawinangun,"Arjawinangun, Cirebon",2026-09-16,32.09.24.2004,Arjawinangun,kecamatan,no,-6.6453,108.4103,Asia/Jakarta,"BMKG point: Arjawinangun, Kecamatan Arjawinangun",16-09-2026,ECMWF,Open-Meteo / ECMWF,05:00,2026-09-16 05:00:00,23.4,74.0,0.0,3.8,0.0,1.7101,Cerah Berawan,wmo:2
arjawinangun,"Arjawinangun, Cirebon",2026-09-16,32.09.24.2004,Arjawinangun,kecamatan,no,-6.6453,108.4103,Asia/Jakarta,"BMKG point: Arjawinangun, Kecamatan Arjawinangun",16-09-2026,ECMWF,Open-Meteo / ECMWF,06:00,2026-09-16 06:00:00,24.6,69.0,0.0,3.3,0.0,1.7101,Cerah Berawan,wmo:1
arjawinangun,"Arjawinangun, Cirebon",2026-09-16,32.09.24.2004,Arjawinangun,kecamatan,no,-6.6453,108.4103,Asia/Jakarta,"BMKG point: Arjawinangun, Kecamatan Arjawinangun",16-09-2026,ECMWF,Open-Meteo / ECMWF,07:00,2026-09-16 07:00:00,26.2,63.0,0.0,3.2,0.0,1.7101,Cerah,wmo:0
arjawinangun,"Arjawinangun, Cirebon",2026-09-16,32.09.24.2004,Arjawinangun,kecamatan,no,-6.6453,108.4103,Asia/Jakarta,"BMKG point: Arjawinangun, Kecamatan Arjawinangun",16-09-2026,ECMWF,Open-Meteo / ECMWF,08:00,2026-09-16 08:00:00,28.2,55.0,0.0,4.7,0.0,1.7101,Cerah,wmo:0
arjawinangun,"Arjawinangun, Cirebon",2026-09-16,32.09.24.2004,Arjawinangun,kecamatan,no,-6.6453,108.4103,Asia/Jakarta,"BMKG point: Arjawinangun, Kecamatan Arjawinangun",16-09-2026,ECMWF,Open-Meteo / ECMWF,09:00,2026-09-16 09:00:00,30.6,45.0,0.0,6.7,0.0,1.7101,Cerah,wmo:0
arjawinangun,"Arjawinangun, Cirebon",2026-09-16,32.09.24.2004,Arjawinangun,kecamatan,no,-6.6453,108.4103,Asia/Jakarta,"BMKG point: Arjawinangun, Kecamatan Arjawinangun",16-09-2026,ECMWF,Open-Meteo / ECMWF,10:00,2026-09-16 10:00:00,32.5,38.0,0.0,8.2,0.0,1.7101,Cerah,wmo:0
arjawinangun,"Arjawinangun, Cirebon",2026-09-16,32.09.24.2004,Arjawinangun,kecamatan,no,-6.6453,108.4103,Asia/Jakarta,"BMKG point: Arjawinangun, Kecamatan Arjawinangun",16-09-2026,ECMWF,Open-Meteo / ECMWF,11:00,2026-09-16 11:00:00,33.9,35.0,0.0,8.0,0.0,1.7101,Cerah Berawan,wmo:1
arjawinangun,"Arjawinangun, Cirebon",2026-09-16,32.09.24.2004,Arjawinangun,kecamatan,no,-6.6453,108.4103,Asia/Jakarta,"BMKG point: Arjawinangun, Kecamatan Arjawinangun",16-09-2026,ECMWF,Open-Meteo / ECMWF,12:00,2026-09-16 12:00:00,34.9,33.0,0.0,7.8,0.0,1.7101,Cerah Berawan,wmo:1
arjawinangun,"Arjawinangun, Cirebon",2026-09-16,32.09.24.2004,Arjawinangun,kecamatan,no,-6.6453,108.4103,Asia/Jakarta,"BMKG point: Arjawinangun, Kecamatan Arjawinangun",16-09-2026,ECMWF,Open-Meteo / ECMWF,13:00,2026-09-16 13:00:00,35.1,35.0,0.0,8.7,0.0,1.7101,Cerah Berawan,wmo:2
arjawinangun,"Arjawinangun, Cirebon",2026-09-16,32.09.24.2004,Arjawinangun,kecamatan,no,-6.6453,108.4103,Asia/Jakarta,"BMKG point: Arjawinangun, Kecamatan Arjawinangun",16-09-2026,ECMWF,Open-Meteo / ECMWF,14:00,2026-09-16 14:00:00,34.1,40.0,0.0,10.9,0.0,1.7101,Cerah Berawan,wmo:1
arjawinangun,"Arjawinangun, Cirebon",2026-09-16,32.09.24.2004,Arjawinangun,kecamatan,no,-6.6453,108.4103,Asia/Jakarta,"BMKG point: Arjawinangun, Kecamatan Arjawinangun",16-09-2026,ECMWF,Open-Meteo / ECMWF,15:00,2026-09-16 15:00:00,32.4,48.0,0.0,13.4,0.0,1.7101,Cerah Berawan,wmo:1
arjawinangun,"Arjawinangun, Cirebon",2026-09-16,32.09.24.2004,Arjawinangun,kecamatan,no,-6.6453,108.4103,Asia/Jakarta,"BMKG point: Arjawinangun, Kecamatan Arjawinangun",16-09-2026,ECMWF,Open-Meteo / ECMWF,16:00,2026-09-16 16:00:00,30.9,55.0,0.0,14.1,0.0,1.7101,Cerah,wmo:0
arjawinangun,"Arjawinangun, Cirebon",2026-09-16,32.09.24.2004,Arjawinangun,kecamatan,no,-6.6453,108.4103,Asia/Jakarta,"BMKG point: Arjawinangun, Kecamatan Arjawinangun",16-09-2026,ECMWF,Open-Meteo / ECMWF,17:00,2026-09-16 17:00:00,29.7,58.0,0.0,12.0,0.0,1.7101,Cerah,wmo:0
arjawinangun,"Arjawinangun, Cirebon",2026-09-16,32.09.24.2004,Arjawinangun,kecamatan,no,-6.6453,108.4103,Asia/Jakarta,"BMKG point: Arjawinangun, Kecamatan Arjawinangun",16-09-2026,ECMWF,Open-Meteo / ECMWF,18:00,2026-09-16 18:00:00,28.7,60.0,0.0,8.8,0.0,1.7101,Cerah,wmo:0
arjawinangun,"Arjawinangun, Cirebon",2026-09-16,32.09.24.2004,Arjawinangun,kecamatan,no,-6.6453,108.4103,Asia/Jakarta,"BMKG point: Arjawinangun, Kecamatan Arjawinangun",16-09-2026,ECMWF,Open-Meteo / ECMWF,19:00,2026-09-16 19:00:00,27.7,62.0,0.0,6.2,0.0,1.7101,Cerah,wmo:0
arjawinangun,"Arjawinangun, Cirebon",2026-09-16,32.09.24.2004,Arjawinangun,kecamatan,no,-6.6453,108.4103,Asia/Jakarta,"BMKG point: Arjawinangun, Kecamatan Arjawinangun",16-09-2026,ECMWF,Open-Meteo / ECMWF,20:00,2026-09-16 20:00:00,26.9,66.0,0.0,4.9,0.0,1.7101,Cerah,wmo:0
arjawinangun,"Arjawinangun, Cirebon",2026-09-16,32.09.24.2004,Arjawinangun,kecamatan,no,-6.6453,108.4103,Asia/Jakarta,"BMKG point: Arjawinangun, Kecamatan Arjawinangun",16-09-2026,ECMWF,Open-Meteo / ECMWF,21:00,2026-09-16 21:00:00,26.3,69.0,0.0,4.2,0.0,1.7101,Cerah,wmo:0
arjawinangun,"Arjawinangun, Cirebon",2026-09-16,32.09.24.2004,Arjawinangun,kecamatan,no,-6.6453,108.4103,Asia/Jakarta,"BMKG point: Arjawinangun, Kecamatan Arjawinangun",16-09-2026,ECMWF,Open-Meteo / ECMWF,22:00,2026-09-16 22:00:00,25.7,72.0,0.0,4.0,0.0,1.7101,Cerah,wmo:0
arjawinangun,"Arjawinangun, Cirebon",2026-09-16,32.09.24.2004,Arjawinangun,kecamatan,no,-6.6453,108.4103,Asia/Jakarta,"BMKG point: Arjawinangun, Kecamatan Arjawinangun",16-09-2026,ECMWF,Open-Meteo / ECMWF,23:00,2026-09-16 23:00:00,25.2,72.0,0.0,4.3,0.0,1.7101,Cerah,wmo:0
arjawinangun,"Arjawinangun, Cirebon",2026-09-16,32.09.24.2004,Arjawinangun,kecamatan,no,-6.6453,108.4103,Asia/Jakarta,"BMKG point: Arjawinangun, Kecamatan Arjawinangun",16-09-2026,GFS,Open-Meteo / NOAA GFS,00:00,2026-09-16 00:00:00,24.0,72.0,0.0,5.9,0.0,1.4058,Berawan,wmo:3
arjawinangun,"Arjawinangun, Cirebon",2026-09-16,32.09.24.2004,Arjawinangun,kecamatan,no,-6.6453,108.4103,Asia/Jakarta,"BMKG point: Arjawinangun, Kecamatan Arjawinangun",16-09-2026,GFS,Open-Meteo / NOAA GFS,01:00,2026-09-16 01:00:00,23.6,74.0,0.0,4.9,0.0,1.4058,Berawan,wmo:3
arjawinangun,"Arjawinangun, Cirebon",2026-09-16,32.09.24.2004,Arjawinangun,kecamatan,no,-6.6453,108.4103,Asia/Jakarta,"BMKG point: Arjawinangun, Kecamatan Arjawinangun",16-09-2026,GFS,Open-Meteo / NOAA GFS,02:00,2026-09-16 02:00:00,23.4,74.0,0.0,4.7,0.0,1.4058,Berawan,wmo:3
arjawinangun,"Arjawinangun, Cirebon",2026-09-16,32.09.24.2004,Arjawinangun,kecamatan,no,-6.6453,108.4103,Asia/Jakarta,"BMKG point: Arjawinangun, Kecamatan Arjawinangun",16-09-2026,GFS,Open-Meteo / NOAA GFS,03:00,2026-09-16 03:00:00,23.2,75.0,0.0,5.4,0.0,1.4058,Berawan,wmo:3
arjawinangun,"Arjawinangun, Cirebon",2026-09-16,32.09.24.2004,Arjawinangun,kecamatan,no,-6.6453,108.4103,Asia/Jakarta,"BMKG point: Arjawinangun, Kecamatan Arjawinangun",16-09-2026,GFS,Open-Meteo / NOAA GFS,04:00,2026-09-16 04:00:00,23.1,75.0,0.0,4.7,0.0,1.4058,Berawan,wmo:3
arjawinangun,"Arjawinangun, Cirebon",2026-09-16,32.09.24.2004,Arjawinangun,kecamatan,no,-6.6453,108.4103,Asia/Jakarta,"BMKG point: Arjawinangun, Kecamatan Arjawinangun",16-09-2026,GFS,Open-Meteo / NOAA GFS,05:00,2026-09-16 05:00:00,22.9,75.0,0.0,4.7,0.0,1.4058,Cerah Berawan,wmo:2
arjawinangun,"Arjawinangun, Cirebon",2026-09-16,32.09.24.2004,Arjawinangun,kecamatan,no,-6.6453,108.4103,Asia/Jakarta,"BMKG point: Arjawinangun, Kecamatan Arjawinangun",16-09-2026,GFS,Open-Meteo / NOAA GFS,06:00,2026-09-16 06:00:00,23.2,74.0,0.0,4.3,0.0,1.4058,Cerah Berawan,wmo:2
arjawinangun,"Arjawinangun, Cirebon",2026-09-16,32.09.24.2004,Arjawinangun,kecamatan,no,-6.6453,108.4103,Asia/Jakarta,"BMKG point: Arjawinangun, Kecamatan Arjawinangun",16-09-2026,GFS,Open-Meteo / NOAA GFS,07:00,2026-09-16 07:00:00,26.0,62.0,0.0,3.6,0.0,1.4058,Cerah Berawan,wmo:1
arjawinangun,"Arjawinangun, Cirebon",2026-09-16,32.09.24.2004,Arjawinangun,kecamatan,no,-6.6453,108.4103,Asia/Jakarta,"BMKG point: Arjawinangun, Kecamatan Arjawinangun",16-09-2026,GFS,Open-Meteo / NOAA GFS,08:00,2026-09-16 08:00:00,29.0,51.0,0.0,3.3,0.0,1.4058,Cerah,wmo:0
arjawinangun,"Arjawinangun, Cirebon",2026-09-16,32.09.24.2004,Arjawinangun,kecamatan,no,-6.6453,108.4103,Asia/Jakarta,"BMKG point: Arjawinangun, Kecamatan Arjawinangun",16-09-2026,GFS,Open-Meteo / NOAA GFS,09:00,2026-09-16 09:00:00,32.0,40.0,0.0,4.1,0.0,1.4058,Cerah,wmo:0
arjawinangun,"Arjawinangun, Cirebon",2026-09-16,32.09.24.2004,Arjawinangun,kecamatan,no,-6.6453,108.4103,Asia/Jakarta,"BMKG point: Arjawinangun, Kecamatan Arjawinangun",16-09-2026,GFS,Open-Meteo / NOAA GFS,10:00,2026-09-16 10:00:00,34.1,34.0,0.0,9.7,0.0,1.4058,Cerah Berawan,wmo:1
arjawinangun,"Arjawinangun, Cirebon",2026-09-16,32.09.24.2004,Arjawinangun,kecamatan,no,-6.6453,108.4103,Asia/Jakarta,"BMKG point: Arjawinangun, Kecamatan Arjawinangun",16-09-2026,GFS,Open-Meteo / NOAA GFS,11:00,2026-09-16 11:00:00,35.4,31.0,0.0,17.1,0.0,1.4058,Cerah Berawan,wmo:1
arjawinangun,"Arjawinangun, Cirebon",2026-09-16,32.09.24.2004,Arjawinangun,kecamatan,no,-6.6453,108.4103,Asia/Jakarta,"BMKG point: Arjawinangun, Kecamatan Arjawinangun",16-09-2026,GFS,Open-Meteo / NOAA GFS,12:00,2026-09-16 12:00:00,36.1,29.0,0.0,21.0,0.0,1.4058,Cerah Berawan,wmo:2
arjawinangun,"Arjawinangun, Cirebon",2026-09-16,32.09.24.2004,Arjawinangun,kecamatan,no,-6.6453,108.4103,Asia/Jakarta,"BMKG point: Arjawinangun, Kecamatan Arjawinangun",16-09-2026,GFS,Open-Meteo / NOAA GFS,13:00,2026-09-16 13:00:00,35.6,32.0,0.0,25.6,0.0,1.4058,Cerah,wmo:0
arjawinangun,"Arjawinangun, Cirebon",2026-09-16,32.09.24.2004,Arjawinangun,kecamatan,no,-6.6453,108.4103,Asia/Jakarta,"BMKG point: Arjawinangun, Kecamatan Arjawinangun",16-09-2026,GFS,Open-Meteo / NOAA GFS,14:00,2026-09-16 14:00:00,34.1,37.0,0.0,28.2,0.0,1.4058,Cerah,wmo:0
arjawinangun,"Arjawinangun, Cirebon",2026-09-16,32.09.24.2004,Arjawinangun,kecamatan,no,-6.6453,108.4103,Asia/Jakarta,"BMKG point: Arjawinangun, Kecamatan Arjawinangun",16-09-2026,GFS,Open-Meteo / NOAA GFS,15:00,2026-09-16 15:00:00,33.0,41.0,0.0,26.0,0.0,1.4058,Cerah,wmo:0
arjawinangun,"Arjawinangun, Cirebon",2026-09-16,32.09.24.2004,Arjawinangun,kecamatan,no,-6.6453,108.4103,Asia/Jakarta,"BMKG point: Arjawinangun, Kecamatan Arjawinangun",16-09-2026,GFS,Open-Meteo / NOAA GFS,16:00,2026-09-16 16:00:00,31.2,49.0,0.0,21.3,0.0,1.4058,Cerah,wmo:0
arjawinangun,"Arjawinangun, Cirebon",2026-09-16,32.09.24.2004,Arjawinangun,kecamatan,no,-6.6453,108.4103,Asia/Jakarta,"BMKG point: Arjawinangun, Kecamatan Arjawinangun",16-09-2026,GFS,Open-Meteo / NOAA GFS,17:00,2026-09-16 17:00:00,29.1,59.0,0.0,18.4,0.0,1.4058,Berawan,wmo:3
arjawinangun,"Arjawinangun, Cirebon",2026-09-16,32.09.24.2004,Arjawinangun,kecamatan,no,-6.6453,108.4103,Asia/Jakarta,"BMKG point: Arjawinangun, Kecamatan Arjawinangun",16-09-2026,GFS,Open-Meteo / NOAA GFS,18:00,2026-09-16 18:00:00,27.8,67.0,0.0,12.8,0.0,1.4058,Berawan,wmo:3
arjawinangun,"Arjawinangun, Cirebon",2026-09-16,32.09.24.2004,Arjawinangun,kecamatan,no,-6.6453,108.4103,Asia/Jakarta,"BMKG point: Arjawinangun, Kecamatan Arjawinangun",16-09-2026,GFS,Open-Meteo / NOAA GFS,19:00,2026-09-16 19:00:00,27.4,70.0,0.0,6.4,0.0,1.4058,Berawan,wmo:3
arjawinangun,"Arjawinangun, Cirebon",2026-09-16,32.09.24.2004,Arjawinangun,kecamatan,no,-6.6453,108.4103,Asia/Jakarta,"BMKG point: Arjawinangun, Kecamatan Arjawinangun",16-09-2026,GFS,Open-Meteo / NOAA GFS,20:00,2026-09-16 20:00:00,27.4,69.0,0.0,4.2,0.0,1.4058,Berawan,wmo:3
arjawinangun,"Arjawinangun, Cirebon",2026-09-16,32.09.24.2004,Arjawinangun,kecamatan,no,-6.6453,108.4103,Asia/Jakarta,"BMKG point: Arjawinangun, Kecamatan Arjawinangun",16-09-2026,GFS,Open-Meteo / NOAA GFS,21:00,2026-09-16 21:00:00,26.9,69.0,0.0,3.3,0.0,1.4058,Cerah Berawan,wmo:2
arjawinangun,"Arjawinangun, Cirebon",2026-09-16,32.09.24.2004,Arjawinangun,kecamatan,no,-6.6453,108.4103,Asia/Jakarta,"BMKG point: Arjawinangun, Kecamatan Arjawinangun",16-09-2026,GFS,Open-Meteo / NOAA GFS,22:00,2026-09-16 22:00:00,26.2,68.0,0.0,4.6,0.0,1.4058,Cerah,wmo:0
arjawinangun,"Arjawinangun, Cirebon",2026-09-16,32.09.24.2004,Arjawinangun,kecamatan,no,-6.6453,108.4103,Asia/Jakarta,"BMKG point: Arjawinangun, Kecamatan Arjawinangun",16-09-2026,GFS,Open-Meteo / NOAA GFS,23:00,2026-09-16 23:00:00,25.6,67.0,0.0,6.2,0.0,1.4058,Cerah,wmo:0
arjawinangun,"Arjawinangun, Cirebon",2026-09-16,32.09.24.2004,Arjawinangun,kecamatan,no,-6.6453,108.4103,Asia/Jakarta,"BMKG point: Arjawinangun, Kecamatan Arjawinangun",16-09-2026,ICON,Open-Meteo / DWD ICON,00:00,2026-09-16 00:00:00,24.7,73.0,0.0,2.3,0.0,1.4754,Cerah Berawan,wmo:1
arjawinangun,"Arjawinangun, Cirebon",2026-09-16,32.09.24.2004,Arjawinangun,kecamatan,no,-6.6453,108.4103,Asia/Jakarta,"BMKG point: Arjawinangun, Kecamatan Arjawinangun",16-09-2026,ICON,Open-Meteo / DWD ICON,01:00,2026-09-16 01:00:00,24.3,78.0,0.0,2.3,0.0,1.4754,Cerah Berawan,wmo:1
arjawinangun,"Arjawinangun, Cirebon",2026-09-16,32.09.24.2004,Arjawinangun,kecamatan,no,-6.6453,108.4103,Asia/Jakarta,"BMKG point: Arjawinangun, Kecamatan Arjawinangun",16-09-2026,ICON,Open-Meteo / DWD ICON,02:00,2026-09-16 02:00:00,24.1,77.0,0.0,1.8,0.0,1.4754,Cerah Berawan,wmo:1
arjawinangun,"Arjawinangun, Cirebon",2026-09-16,32.09.24.2004,Arjawinangun,kecamatan,no,-6.6453,108.4103,Asia/Jakarta,"BMKG point: Arjawinangun, Kecamatan Arjawinangun",16-09-2026,ICON,Open-Meteo / DWD ICON,03:00,2026-09-16 03:00:00,23.7,79.0,0.0,1.8,0.0,1.4754,Cerah Berawan,wmo:1
arjawinangun,"Arjawinangun, Cirebon",2026-09-16,32.09.24.2004,Arjawinangun,kecamatan,no,-6.6453,108.4103,Asia/Jakarta,"BMKG point: Arjawinangun, Kecamatan Arjawinangun",16-09-2026,ICON,Open-Meteo / DWD ICON,04:00,2026-09-16 04:00:00,23.6,78.0,0.0,1.1,0.0,1.4754,Cerah Berawan,wmo:1
arjawinangun,"Arjawinangun, Cirebon",2026-09-16,32.09.24.2004,Arjawinangun,kecamatan,no,-6.6453,108.4103,Asia/Jakarta,"BMKG point: Arjawinangun, Kecamatan Arjawinangun",16-09-2026,ICON,Open-Meteo / DWD ICON,05:00,2026-09-16 05:00:00,23.6,77.0,0.0,0.7,0.0,1.4754,Cerah Berawan,wmo:1
arjawinangun,"Arjawinangun, Cirebon",2026-09-16,32.09.24.2004,Arjawinangun,kecamatan,no,-6.6453,108.4103,Asia/Jakarta,"BMKG point: Arjawinangun, Kecamatan Arjawinangun",16-09-2026,ICON,Open-Meteo / DWD ICON,06:00,2026-09-16 06:00:00,23.5,77.0,0.0,0.5,0.0,1.4754,Cerah Berawan,wmo:1
arjawinangun,"Arjawinangun, Cirebon",2026-09-16,32.09.24.2004,Arjawinangun,kecamatan,no,-6.6453,108.4103,Asia/Jakarta,"BMKG point: Arjawinangun, Kecamatan Arjawinangun",16-09-2026,ICON,Open-Meteo / DWD ICON,07:00,2026-09-16 07:00:00,24.7,74.0,0.0,0.5,0.0,1.4754,Cerah Berawan,wmo:1
arjawinangun,"Arjawinangun, Cirebon",2026-09-16,32.09.24.2004,Arjawinangun,kecamatan,no,-6.6453,108.4103,Asia/Jakarta,"BMKG point: Arjawinangun, Kecamatan Arjawinangun",16-09-2026,ICON,Open-Meteo / DWD ICON,08:00,2026-09-16 08:00:00,27.4,65.0,0.0,1.3,0.0,1.4754,Cerah Berawan,wmo:1
arjawinangun,"Arjawinangun, Cirebon",2026-09-16,32.09.24.2004,Arjawinangun,kecamatan,no,-6.6453,108.4103,Asia/Jakarta,"BMKG point: Arjawinangun, Kecamatan Arjawinangun",16-09-2026,ICON,Open-Meteo / DWD ICON,09:00,2026-09-16 09:00:00,30.2,55.0,0.0,4.7,0.0,1.4754,Cerah,wmo:0
arjawinangun,"Arjawinangun, Cirebon",2026-09-16,32.09.24.2004,Arjawinangun,kecamatan,no,-6.6453,108.4103,Asia/Jakarta,"BMKG point: Arjawinangun, Kecamatan Arjawinangun",16-09-2026,ICON,Open-Meteo / DWD ICON,10:00,2026-09-16 10:00:00,32.4,49.0,0.0,8.9,0.0,1.4754,Cerah Berawan,wmo:1
arjawinangun,"Arjawinangun, Cirebon",2026-09-16,32.09.24.2004,Arjawinangun,kecamatan,no,-6.6453,108.4103,Asia/Jakarta,"BMKG point: Arjawinangun, Kecamatan Arjawinangun",16-09-2026,ICON,Open-Meteo / DWD ICON,11:00,2026-09-16 11:00:00,34.1,42.0,0.0,11.0,0.0,1.4754,Cerah Berawan,wmo:1
arjawinangun,"Arjawinangun, Cirebon",2026-09-16,32.09.24.2004,Arjawinangun,kecamatan,no,-6.6453,108.4103,Asia/Jakarta,"BMKG point: Arjawinangun, Kecamatan Arjawinangun",16-09-2026,ICON,Open-Meteo / DWD ICON,12:00,2026-09-16 12:00:00,35.1,38.0,0.0,12.0,0.0,1.4754,Cerah Berawan,wmo:1
arjawinangun,"Arjawinangun, Cirebon",2026-09-16,32.09.24.2004,Arjawinangun,kecamatan,no,-6.6453,108.4103,Asia/Jakarta,"BMKG point: Arjawinangun, Kecamatan Arjawinangun",16-09-2026,ICON,Open-Meteo / DWD ICON,13:00,2026-09-16 13:00:00,36.0,34.0,0.0,11.4,0.0,1.4754,Cerah Berawan,wmo:2
arjawinangun,"Arjawinangun, Cirebon",2026-09-16,32.09.24.2004,Arjawinangun,kecamatan,no,-6.6453,108.4103,Asia/Jakarta,"BMKG point: Arjawinangun, Kecamatan Arjawinangun",16-09-2026,ICON,Open-Meteo / DWD ICON,14:00,2026-09-16 14:00:00,35.9,33.0,0.0,12.0,0.0,1.4754,Cerah Berawan,wmo:2
arjawinangun,"Arjawinangun, Cirebon",2026-09-16,32.09.24.2004,Arjawinangun,kecamatan,no,-6.6453,108.4103,Asia/Jakarta,"BMKG point: Arjawinangun, Kecamatan Arjawinangun",16-09-2026,ICON,Open-Meteo / DWD ICON,15:00,2026-09-16 15:00:00,35.4,34.0,0.0,12.6,0.0,1.4754,Cerah Berawan,wmo:2
arjawinangun,"Arjawinangun, Cirebon",2026-09-16,32.09.24.2004,Arjawinangun,kecamatan,no,-6.6453,108.4103,Asia/Jakarta,"BMKG point: Arjawinangun, Kecamatan Arjawinangun",16-09-2026,ICON,Open-Meteo / DWD ICON,16:00,2026-09-16 16:00:00,34.6,37.0,0.0,15.3,0.0,1.4754,Cerah Berawan,wmo:2
arjawinangun,"Arjawinangun, Cirebon",2026-09-16,32.09.24.2004,Arjawinangun,kecamatan,no,-6.6453,108.4103,Asia/Jakarta,"BMKG point: Arjawinangun, Kecamatan Arjawinangun",16-09-2026,ICON,Open-Meteo / DWD ICON,17:00,2026-09-16 17:00:00,32.7,45.0,0.0,13.4,0.0,1.4754,Berawan,wmo:3
arjawinangun,"Arjawinangun, Cirebon",2026-09-16,32.09.24.2004,Arjawinangun,kecamatan,no,-6.6453,108.4103,Asia/Jakarta,"BMKG point: Arjawinangun, Kecamatan Arjawinangun",16-09-2026,ICON,Open-Meteo / DWD ICON,18:00,2026-09-16 18:00:00,30.9,50.0,0.0,9.7,0.0,1.4754,Berawan,wmo:3
arjawinangun,"Arjawinangun, Cirebon",2026-09-16,32.09.24.2004,Arjawinangun,kecamatan,no,-6.6453,108.4103,Asia/Jakarta,"BMKG point: Arjawinangun, Kecamatan Arjawinangun",16-09-2026,ICON,Open-Meteo / DWD ICON,19:00,2026-09-16 19:00:00,29.4,55.0,0.0,6.6,0.0,1.4754,Cerah Berawan,wmo:2
arjawinangun,"Arjawinangun, Cirebon",2026-09-16,32.09.24.2004,Arjawinangun,kecamatan,no,-6.6453,108.4103,Asia/Jakarta,"BMKG point: Arjawinangun, Kecamatan Arjawinangun",16-09-2026,ICON,Open-Meteo / DWD ICON,20:00,2026-09-16 20:00:00,28.2,59.0,0.0,5.8,0.0,1.4754,Cerah Berawan,wmo:2
arjawinangun,"Arjawinangun, Cirebon",2026-09-16,32.09.24.2004,Arjawinangun,kecamatan,no,-6.6453,108.4103,Asia/Jakarta,"BMKG point: Arjawinangun, Kecamatan Arjawinangun",16-09-2026,ICON,Open-Meteo / DWD ICON,21:00,2026-09-16 21:00:00,27.5,63.0,0.0,3.8,0.0,1.4754,Cerah Berawan,wmo:2
arjawinangun,"Arjawinangun, Cirebon",2026-09-16,32.09.24.2004,Arjawinangun,kecamatan,no,-6.6453,108.4103,Asia/Jakarta,"BMKG point: Arjawinangun, Kecamatan Arjawinangun",16-09-2026,ICON,Open-Meteo / DWD ICON,22:00,2026-09-16 22:00:00,26.8,65.0,0.0,3.4,0.0,1.4754,Cerah Berawan,wmo:2
arjawinangun,"Arjawinangun, Cirebon",2026-09-16,32.09.24.2004,Arjawinangun,kecamatan,no,-6.6453,108.4103,Asia/Jakarta,"BMKG point: Arjawinangun, Kecamatan Arjawinangun",16-09-2026,ICON,Open-Meteo / DWD ICON,23:00,2026-09-16 23:00:00,26.2,66.0,0.0,2.4,0.0,1.4754,Cerah Berawan,wmo:2
arjawinangun,"Arjawinangun, Cirebon",2026-09-16,32.09.24.2004,Arjawinangun,kecamatan,no,-6.6453,108.4103,Asia/Jakarta,"BMKG point: Arjawinangun, Kecamatan Arjawinangun",16-09-2026,KMA,Open-Meteo / KMA,00:00,2026-09-16 00:00:00,,,,,0.0,0.5389,Berawan,wmo:None
arjawinangun,"Arjawinangun, Cirebon",2026-09-16,32.09.24.2004,Arjawinangun,kecamatan,no,-6.6453,108.4103,Asia/Jakarta,"BMKG point: Arjawinangun, Kecamatan Arjawinangun",16-09-2026,KMA,Open-Meteo / KMA,01:00,2026-09-16 01:00:00,,,,,0.0,0.5389,Berawan,wmo:None
arjawinangun,"Arjawinangun, Cirebon",2026-09-16,32.09.24.2004,Arjawinangun,kecamatan,no,-6.6453,108.4103,Asia/Jakarta,"BMKG point: Arjawinangun, Kecamatan Arjawinangun",16-09-2026,KMA,Open-Meteo / KMA,02:00,2026-09-16 02:00:00,,,,,0.0,0.5389,Berawan,wmo:None
arjawinangun,"Arjawinangun, Cirebon",2026-09-16,32.09.24.2004,Arjawinangun,kecamatan,no,-6.6453,108.4103,Asia/Jakarta,"BMKG point: Arjawinangun, Kecamatan Arjawinangun",16-09-2026,KMA,Open-Meteo / KMA,03:00,2026-09-16 03:00:00,,,,,0.0,0.5389,Berawan,wmo:None
arjawinangun,"Arjawinangun, Cirebon",2026-09-16,32.09.24.2004,Arjawinangun,kecamatan,no,-6.6453,108.4103,Asia/Jakarta,"BMKG point: Arjawinangun, Kecamatan Arjawinangun",16-09-2026,KMA,Open-Meteo / KMA,04:00,2026-09-16 04:00:00,,,,,0.0,0.5389,Berawan,wmo:None
arjawinangun,"Arjawinangun, Cirebon",2026-09-16,32.09.24.2004,Arjawinangun,kecamatan,no,-6.6453,108.4103,Asia/Jakarta,"BMKG point: Arjawinangun, Kecamatan Arjawinangun",16-09-2026,KMA,Open-Meteo / KMA,05:00,2026-09-16 05:00:00,,,,,0.0,0.5389,Berawan,wmo:None
arjawinangun,"Arjawinangun, Cirebon",2026-09-16,32.09.24.2004,Arjawinangun,kecamatan,no,-6.6453,108.4103,Asia/Jakarta,"BMKG point: Arjawinangun, Kecamatan Arjawinangun",16-09-2026,KMA,Open-Meteo / KMA,06:00,2026-09-16 06:00:00,,,,,0.0,0.5389,Berawan,wmo:None
arjawinangun,"Arjawinangun, Cirebon",2026-09-16,32.09.24.2004,Arjawinangun,kecamatan,no,-6.6453,108.4103,Asia/Jakarta,"BMKG point: Arjawinangun, Kecamatan Arjawinangun",16-09-2026,KMA,Open-Meteo / KMA,07:00,2026-09-16 07:00:00,,,,,0.0,0.5389,Berawan,wmo:None
arjawinangun,"Arjawinangun, Cirebon",2026-09-16,32.09.24.2004,Arjawinangun,kecamatan,no,-6.6453,108.4103,Asia/Jakarta,"BMKG point: Arjawinangun, Kecamatan Arjawinangun",16-09-2026,KMA,Open-Meteo / KMA,08:00,2026-09-16 08:00:00,,,,,0.0,0.5389,Berawan,wmo:None
arjawinangun,"Arjawinangun, Cirebon",2026-09-16,32.09.24.2004,Arjawinangun,kecamatan,no,-6.6453,108.4103,Asia/Jakarta,"BMKG point: Arjawinangun, Kecamatan Arjawinangun",16-09-2026,KMA,Open-Meteo / KMA,09:00,2026-09-16 09:00:00,,,,,0.0,0.5389,Berawan,wmo:None
arjawinangun,"Arjawinangun, Cirebon",2026-09-16,32.09.24.2004,Arjawinangun,kecamatan,no,-6.6453,108.4103,Asia/Jakarta,"BMKG point: Arjawinangun, Kecamatan Arjawinangun",16-09-2026,KMA,Open-Meteo / KMA,10:00,2026-09-16 10:00:00,,,,,0.0,0.5389,Berawan,wmo:None
arjawinangun,"Arjawinangun, Cirebon",2026-09-16,32.09.24.2004,Arjawinangun,kecamatan,no,-6.6453,108.4103,Asia/Jakarta,"BMKG point: Arjawinangun, Kecamatan Arjawinangun",16-09-2026,KMA,Open-Meteo / KMA,11:00,2026-09-16 11:00:00,,,,,0.0,0.5389,Berawan,wmo:None
arjawinangun,"Arjawinangun, Cirebon",2026-09-16,32.09.24.2004,Arjawinangun,kecamatan,no,-6.6453,108.4103,Asia/Jakarta,"BMKG point: Arjawinangun, Kecamatan Arjawinangun",16-09-2026,KMA,Open-Meteo / KMA,12:00,2026-09-16 12:00:00,,,,,0.0,0.5389,Berawan,wmo:None
arjawinangun,"Arjawinangun, Cirebon",2026-09-16,32.09.24.2004,Arjawinangun,kecamatan,no,-6.6453,108.4103,Asia/Jakarta,"BMKG point: Arjawinangun, Kecamatan Arjawinangun",16-09-2026,KMA,Open-Meteo / KMA,13:00,2026-09-16 13:00:00,,,,,0.0,0.5389,Berawan,wmo:None
arjawinangun,"Arjawinangun, Cirebon",2026-09-16,32.09.24.2004,Arjawinangun,kecamatan,no,-6.6453,108.4103,Asia/Jakarta,"BMKG point: Arjawinangun, Kecamatan Arjawinangun",16-09-2026,KMA,Open-Meteo / KMA,14:00,2026-09-16 14:00:00,,,,,0.0,0.5389,Berawan,wmo:None
arjawinangun,"Arjawinangun, Cirebon",2026-09-16,32.09.24.2004,Arjawinangun,kecamatan,no,-6.6453,108.4103,Asia/Jakarta,"BMKG point: Arjawinangun, Kecamatan Arjawinangun",16-09-2026,KMA,Open-Meteo / KMA,15:00,2026-09-16 15:00:00,,,,,0.0,0.5389,Berawan,wmo:None
arjawinangun,"Arjawinangun, Cirebon",2026-09-16,32.09.24.2004,Arjawinangun,kecamatan,no,-6.6453,108.4103,Asia/Jakarta,"BMKG point: Arjawinangun, Kecamatan Arjawinangun",16-09-2026,KMA,Open-Meteo / KMA,16:00,2026-09-16 16:00:00,,,,,0.0,0.5389,Berawan,wmo:None
arjawinangun,"Arjawinangun, Cirebon",2026-09-16,32.09.24.2004,Arjawinangun,kecamatan,no,-6.6453,108.4103,Asia/Jakarta,"BMKG point: Arjawinangun, Kecamatan Arjawinangun",16-09-2026,KMA,Open-Meteo / KMA,17:00,2026-09-16 17:00:00,,,,,0.0,0.5389,Berawan,wmo:None
arjawinangun,"Arjawinangun, Cirebon",2026-09-16,32.09.24.2004,Arjawinangun,kecamatan,no,-6.6453,108.4103,Asia/Jakarta,"BMKG point: Arjawinangun, Kecamatan Arjawinangun",16-09-2026,KMA,Open-Meteo / KMA,18:00,2026-09-16 18:00:00,,,,,0.0,0.5389,Berawan,wmo:None
arjawinangun,"Arjawinangun, Cirebon",2026-09-16,32.09.24.2004,Arjawinangun,kecamatan,no,-6.6453,108.4103,Asia/Jakarta,"BMKG point: Arjawinangun, Kecamatan Arjawinangun",16-09-2026,KMA,Open-Meteo / KMA,19:00,2026-09-16 19:00:00,,,,,0.0,0.5389,Berawan,wmo:None
arjawinangun,"Arjawinangun, Cirebon",2026-09-16,32.09.24.2004,Arjawinangun,kecamatan,no,-6.6453,108.4103,Asia/Jakarta,"BMKG point: Arjawinangun, Kecamatan Arjawinangun",16-09-2026,KMA,Open-Meteo / KMA,20:00,2026-09-16 20:00:00,,,,,0.0,0.5389,Berawan,wmo:None
arjawinangun,"Arjawinangun, Cirebon",2026-09-16,32.09.24.2004,Arjawinangun,kecamatan,no,-6.6453,108.4103,Asia/Jakarta,"BMKG point: Arjawinangun, Kecamatan Arjawinangun",16-09-2026,KMA,Open-Meteo / KMA,21:00,2026-09-16 21:00:00,,,,,0.0,0.5389,Berawan,wmo:None
arjawinangun,"Arjawinangun, Cirebon",2026-09-16,32.09.24.2004,Arjawinangun,kecamatan,no,-6.6453,108.4103,Asia/Jakarta,"BMKG point: Arjawinangun, Kecamatan Arjawinangun",16-09-2026,KMA,Open-Meteo / KMA,22:00,2026-09-16 22:00:00,,,,,0.0,0.5389,Berawan,wmo:None
arjawinangun,"Arjawinangun, Cirebon",2026-09-16,32.09.24.2004,Arjawinangun,kecamatan,no,-6.6453,108.4103,Asia/Jakarta,"BMKG point: Arjawinangun, Kecamatan Arjawinangun",16-09-2026,KMA,Open-Meteo / KMA,23:00,2026-09-16 23:00:00,,,,,0.0,0.5389,Berawan,wmo:None
arjawinangun,"Arjawinangun, Cirebon",2026-09-16,32.09.24.2004,Arjawinangun,kecamatan,no,-6.6453,108.4103,Asia/Jakarta,"BMKG point: Arjawinangun, Kecamatan Arjawinangun",16-09-2026,METEOFRANCE,Open-Meteo / Meteo-France,00:00,2026-09-16 00:00:00,26.7,64.0,0.0,15.8,0.0,1.5474,Cerah Berawan,wmo:2
arjawinangun,"Arjawinangun, Cirebon",2026-09-16,32.09.24.2004,Arjawinangun,kecamatan,no,-6.6453,108.4103,Asia/Jakarta,"BMKG point: Arjawinangun, Kecamatan Arjawinangun",16-09-2026,METEOFRANCE,Open-Meteo / Meteo-France,01:00,2026-09-16 01:00:00,26.5,65.0,0.0,17.0,0.0,1.5474,Cerah Berawan,wmo:2
arjawinangun,"Arjawinangun, Cirebon",2026-09-16,32.09.24.2004,Arjawinangun,kecamatan,no,-6.6453,108.4103,Asia/Jakarta,"BMKG point: Arjawinangun, Kecamatan Arjawinangun",16-09-2026,METEOFRANCE,Open-Meteo / Meteo-France,02:00,2026-09-16 02:00:00,26.4,65.0,0.0,18.4,0.0,1.5474,Cerah Berawan,wmo:2
arjawinangun,"Arjawinangun, Cirebon",2026-09-16,32.09.24.2004,Arjawinangun,kecamatan,no,-6.6453,108.4103,Asia/Jakarta,"BMKG point: Arjawinangun, Kecamatan Arjawinangun",16-09-2026,METEOFRANCE,Open-Meteo / Meteo-France,03:00,2026-09-16 03:00:00,26.3,65.0,0.0,19.1,0.0,1.5474,Cerah Berawan,wmo:2
arjawinangun,"Arjawinangun, Cirebon",2026-09-16,32.09.24.2004,Arjawinangun,kecamatan,no,-6.6453,108.4103,Asia/Jakarta,"BMKG point: Arjawinangun, Kecamatan Arjawinangun",16-09-2026,METEOFRANCE,Open-Meteo / Meteo-France,04:00,2026-09-16 04:00:00,26.3,65.0,0.0,19.1,0.0,1.5474,Cerah Berawan,wmo:2
arjawinangun,"Arjawinangun, Cirebon",2026-09-16,32.09.24.2004,Arjawinangun,kecamatan,no,-6.6453,108.4103,Asia/Jakarta,"BMKG point: Arjawinangun, Kecamatan Arjawinangun",16-09-2026,METEOFRANCE,Open-Meteo / Meteo-France,05:00,2026-09-16 05:00:00,26.2,65.0,0.0,19.5,0.0,1.5474,Cerah Berawan,wmo:2
arjawinangun,"Arjawinangun, Cirebon",2026-09-16,32.09.24.2004,Arjawinangun,kecamatan,no,-6.6453,108.4103,Asia/Jakarta,"BMKG point: Arjawinangun, Kecamatan Arjawinangun",16-09-2026,METEOFRANCE,Open-Meteo / Meteo-France,06:00,2026-09-16 06:00:00,26.1,66.0,0.0,19.9,0.0,1.5474,Cerah Berawan,wmo:2
arjawinangun,"Arjawinangun, Cirebon",2026-09-16,32.09.24.2004,Arjawinangun,kecamatan,no,-6.6453,108.4103,Asia/Jakarta,"BMKG point: Arjawinangun, Kecamatan Arjawinangun",16-09-2026,METEOFRANCE,Open-Meteo / Meteo-France,07:00,2026-09-16 07:00:00,26.9,62.0,0.0,18.9,0.0,1.5474,Cerah Berawan,wmo:2
arjawinangun,"Arjawinangun, Cirebon",2026-09-16,32.09.24.2004,Arjawinangun,kecamatan,no,-6.6453,108.4103,Asia/Jakarta,"BMKG point: Arjawinangun, Kecamatan Arjawinangun",16-09-2026,METEOFRANCE,Open-Meteo / Meteo-France,08:00,2026-09-16 08:00:00,28.6,55.0,0.0,19.0,0.0,1.5474,Cerah Berawan,wmo:2
arjawinangun,"Arjawinangun, Cirebon",2026-09-16,32.09.24.2004,Arjawinangun,kecamatan,no,-6.6453,108.4103,Asia/Jakarta,"BMKG point: Arjawinangun, Kecamatan Arjawinangun",16-09-2026,METEOFRANCE,Open-Meteo / Meteo-France,09:00,2026-09-16 09:00:00,30.5,48.0,0.0,18.9,0.0,1.5474,Cerah Berawan,wmo:1
arjawinangun,"Arjawinangun, Cirebon",2026-09-16,32.09.24.2004,Arjawinangun,kecamatan,no,-6.6453,108.4103,Asia/Jakarta,"BMKG point: Arjawinangun, Kecamatan Arjawinangun",16-09-2026,METEOFRANCE,Open-Meteo / Meteo-France,10:00,2026-09-16 10:00:00,32.2,43.0,0.0,17.7,0.0,1.5474,Cerah Berawan,wmo:1
arjawinangun,"Arjawinangun, Cirebon",2026-09-16,32.09.24.2004,Arjawinangun,kecamatan,no,-6.6453,108.4103,Asia/Jakarta,"BMKG point: Arjawinangun, Kecamatan Arjawinangun",16-09-2026,METEOFRANCE,Open-Meteo / Meteo-France,11:00,2026-09-16 11:00:00,33.7,39.0,0.0,16.3,0.0,1.5474,Cerah,wmo:0
arjawinangun,"Arjawinangun, Cirebon",2026-09-16,32.09.24.2004,Arjawinangun,kecamatan,no,-6.6453,108.4103,Asia/Jakarta,"BMKG point: Arjawinangun, Kecamatan Arjawinangun",16-09-2026,METEOFRANCE,Open-Meteo / Meteo-France,12:00,2026-09-16 12:00:00,34.8,37.0,0.0,15.3,0.0,1.5474,Cerah,wmo:0
arjawinangun,"Arjawinangun, Cirebon",2026-09-16,32.09.24.2004,Arjawinangun,kecamatan,no,-6.6453,108.4103,Asia/Jakarta,"BMKG point: Arjawinangun, Kecamatan Arjawinangun",16-09-2026,METEOFRANCE,Open-Meteo / Meteo-France,13:00,2026-09-16 13:00:00,35.4,35.0,0.0,14.1,0.0,1.5474,Cerah,wmo:0
arjawinangun,"Arjawinangun, Cirebon",2026-09-16,32.09.24.2004,Arjawinangun,kecamatan,no,-6.6453,108.4103,Asia/Jakarta,"BMKG point: Arjawinangun, Kecamatan Arjawinangun",16-09-2026,METEOFRANCE,Open-Meteo / Meteo-France,14:00,2026-09-16 14:00:00,35.6,35.0,0.0,14.6,0.0,1.5474,Cerah,wmo:0
arjawinangun,"Arjawinangun, Cirebon",2026-09-16,32.09.24.2004,Arjawinangun,kecamatan,no,-6.6453,108.4103,Asia/Jakarta,"BMKG point: Arjawinangun, Kecamatan Arjawinangun",16-09-2026,METEOFRANCE,Open-Meteo / Meteo-France,15:00,2026-09-16 15:00:00,35.1,38.0,0.0,15.5,0.0,1.5474,Cerah Berawan,wmo:1
arjawinangun,"Arjawinangun, Cirebon",2026-09-16,32.09.24.2004,Arjawinangun,kecamatan,no,-6.6453,108.4103,Asia/Jakarta,"BMKG point: Arjawinangun, Kecamatan Arjawinangun",16-09-2026,METEOFRANCE,Open-Meteo / Meteo-France,16:00,2026-09-16 16:00:00,34.0,42.0,0.0,15.8,0.0,1.5474,Cerah,wmo:0
arjawinangun,"Arjawinangun, Cirebon",2026-09-16,32.09.24.2004,Arjawinangun,kecamatan,no,-6.6453,108.4103,Asia/Jakarta,"BMKG point: Arjawinangun, Kecamatan Arjawinangun",16-09-2026,METEOFRANCE,Open-Meteo / Meteo-France,17:00,2026-09-16 17:00:00,32.2,50.0,0.0,15.9,0.0,1.5474,Cerah,wmo:0
arjawinangun,"Arjawinangun, Cirebon",2026-09-16,32.09.24.2004,Arjawinangun,kecamatan,no,-6.6453,108.4103,Asia/Jakarta,"BMKG point: Arjawinangun, Kecamatan Arjawinangun",16-09-2026,METEOFRANCE,Open-Meteo / Meteo-France,18:00,2026-09-16 18:00:00,30.3,61.0,0.0,13.7,0.0,1.5474,Cerah Berawan,wmo:1
arjawinangun,"Arjawinangun, Cirebon",2026-09-16,32.09.24.2004,Arjawinangun,kecamatan,no,-6.6453,108.4103,Asia/Jakarta,"BMKG point: Arjawinangun, Kecamatan Arjawinangun",16-09-2026,METEOFRANCE,Open-Meteo / Meteo-France,19:00,2026-09-16 19:00:00,29.3,65.0,0.0,8.7,0.0,1.5474,Cerah Berawan,wmo:1
arjawinangun,"Arjawinangun, Cirebon",2026-09-16,32.09.24.2004,Arjawinangun,kecamatan,no,-6.6453,108.4103,Asia/Jakarta,"BMKG point: Arjawinangun, Kecamatan Arjawinangun",16-09-2026,METEOFRANCE,Open-Meteo / Meteo-France,20:00,2026-09-16 20:00:00,28.9,65.0,0.0,6.4,0.0,1.5474,Cerah Berawan,wmo:2
arjawinangun,"Arjawinangun, Cirebon",2026-09-16,32.09.24.2004,Arjawinangun,kecamatan,no,-6.6453,108.4103,Asia/Jakarta,"BMKG point: Arjawinangun, Kecamatan Arjawinangun",16-09-2026,METEOFRANCE,Open-Meteo / Meteo-France,21:00,2026-09-16 21:00:00,28.4,67.0,0.0,8.8,0.0,1.5474,Cerah Berawan,wmo:1
arjawinangun,"Arjawinangun, Cirebon",2026-09-16,32.09.24.2004,Arjawinangun,kecamatan,no,-6.6453,108.4103,Asia/Jakarta,"BMKG point: Arjawinangun, Kecamatan Arjawinangun",16-09-2026,METEOFRANCE,Open-Meteo / Meteo-France,22:00,2026-09-16 22:00:00,27.8,65.0,0.0,11.6,0.0,1.5474,Cerah Berawan,wmo:1
arjawinangun,"Arjawinangun, Cirebon",2026-09-16,32.09.24.2004,Arjawinangun,kecamatan,no,-6.6453,108.4103,Asia/Jakarta,"BMKG point: Arjawinangun, Kecamatan Arjawinangun",16-09-2026,METEOFRANCE,Open-Meteo / Meteo-France,23:00,2026-09-16 23:00:00,27.4,64.0,0.0,13.3,0.0,1.5474,Cerah Berawan,wmo:1
arjawinangun,"Arjawinangun, Cirebon",2026-09-16,32.09.24.2004,Arjawinangun,kecamatan,no,-6.6453,108.4103,Asia/Jakarta,"BMKG point: Arjawinangun, Kecamatan Arjawinangun",16-09-2026,METNO,MET Norway,19:00,2026-09-16 21:00:00,28.3,59.7,0.0,12.96,120.0,0.7768,Cerah Berawan,fair_night
arjawinangun,"Arjawinangun, Cirebon",2026-09-16,32.09.24.2004,Arjawinangun,kecamatan,no,-6.6453,108.4103,Asia/Jakarta,"BMKG point: Arjawinangun, Kecamatan Arjawinangun",16-09-2026,METNO,MET Norway,20:00,2026-09-16 21:00:00,28.3,59.7,0.0,12.96,60.0,1.0592,Cerah Berawan,fair_night
arjawinangun,"Arjawinangun, Cirebon",2026-09-16,32.09.24.2004,Arjawinangun,kecamatan,no,-6.6453,108.4103,Asia/Jakarta,"BMKG point: Arjawinangun, Kecamatan Arjawinangun",16-09-2026,METNO,MET Norway,21:00,2026-09-16 21:00:00,28.3,59.7,0.0,12.96,0.0,1.4123,Cerah Berawan,fair_night
arjawinangun,"Arjawinangun, Cirebon",2026-09-16,32.09.24.2004,Arjawinangun,kecamatan,no,-6.6453,108.4103,Asia/Jakarta,"BMKG point: Arjawinangun, Kecamatan Arjawinangun",16-09-2026,METNO,MET Norway,22:00,2026-09-16 22:00:00,27.8,61.3,0.0,12.96,0.0,1.4123,Cerah,clearsky_night
arjawinangun,"Arjawinangun, Cirebon",2026-09-16,32.09.24.2004,Arjawinangun,kecamatan,no,-6.6453,108.4103,Asia/Jakarta,"BMKG point: Arjawinangun, Kecamatan Arjawinangun",16-09-2026,METNO,MET Norway,23:00,2026-09-16 23:00:00,27.1,65.7,0.0,11.88,0.0,1.4123,Cerah,clearsky_night
arjawinangun,"Arjawinangun, Cirebon",2026-09-16,32.09.24.2004,Arjawinangun,kecamatan,no,-6.6453,108.4103,Asia/Jakarta,"BMKG point: Arjawinangun, Kecamatan Arjawinangun",16-09-2026,UKMO,Open-Meteo / UK Met Office,00:00,2026-09-16 00:00:00,24.6,73.0,0.0,6.5,0.0,1.3226,Cerah,wmo:0
arjawinangun,"Arjawinangun, Cirebon",2026-09-16,32.09.24.2004,Arjawinangun,kecamatan,no,-6.6453,108.4103,Asia/Jakarta,"BMKG point: Arjawinangun, Kecamatan Arjawinangun",16-09-2026,UKMO,Open-Meteo / UK Met Office,01:00,2026-09-16 01:00:00,24.3,73.0,0.0,7.2,0.0,1.3226,Cerah,wmo:0
arjawinangun,"Arjawinangun, Cirebon",2026-09-16,32.09.24.2004,Arjawinangun,kecamatan,no,-6.6453,108.4103,Asia/Jakarta,"BMKG point: Arjawinangun, Kecamatan Arjawinangun",16-09-2026,UKMO,Open-Meteo / UK Met Office,02:00,2026-09-16 02:00:00,24.4,71.0,0.0,8.6,0.0,1.3226,Cerah,wmo:0
arjawinangun,"Arjawinangun, Cirebon",2026-09-16,32.09.24.2004,Arjawinangun,kecamatan,no,-6.6453,108.4103,Asia/Jakarta,"BMKG point: Arjawinangun, Kecamatan Arjawinangun",16-09-2026,UKMO,Open-Meteo / UK Met Office,03:00,2026-09-16 03:00:00,24.0,72.0,0.0,7.9,0.0,1.3226,Cerah,wmo:0
arjawinangun,"Arjawinangun, Cirebon",2026-09-16,32.09.24.2004,Arjawinangun,kecamatan,no,-6.6453,108.4103,Asia/Jakarta,"BMKG point: Arjawinangun, Kecamatan Arjawinangun",16-09-2026,UKMO,Open-Meteo / UK Met Office,04:00,2026-09-16 04:00:00,23.5,75.0,0.0,7.2,0.0,1.3226,Cerah,wmo:0
arjawinangun,"Arjawinangun, Cirebon",2026-09-16,32.09.24.2004,Arjawinangun,kecamatan,no,-6.6453,108.4103,Asia/Jakarta,"BMKG point: Arjawinangun, Kecamatan Arjawinangun",16-09-2026,UKMO,Open-Meteo / UK Met Office,05:00,2026-09-16 05:00:00,23.6,74.0,0.0,8.3,0.0,1.3226,Cerah,wmo:0
arjawinangun,"Arjawinangun, Cirebon",2026-09-16,32.09.24.2004,Arjawinangun,kecamatan,no,-6.6453,108.4103,Asia/Jakarta,"BMKG point: Arjawinangun, Kecamatan Arjawinangun",16-09-2026,UKMO,Open-Meteo / UK Met Office,06:00,2026-09-16 06:00:00,23.4,76.0,0.0,6.8,0.0,1.3226,Cerah,wmo:0
arjawinangun,"Arjawinangun, Cirebon",2026-09-16,32.09.24.2004,Arjawinangun,kecamatan,no,-6.6453,108.4103,Asia/Jakarta,"BMKG point: Arjawinangun, Kecamatan Arjawinangun",16-09-2026,UKMO,Open-Meteo / UK Met Office,07:00,2026-09-16 07:00:00,25.8,65.0,0.0,11.5,0.0,1.3226,Cerah,wmo:0
arjawinangun,"Arjawinangun, Cirebon",2026-09-16,32.09.24.2004,Arjawinangun,kecamatan,no,-6.6453,108.4103,Asia/Jakarta,"BMKG point: Arjawinangun, Kecamatan Arjawinangun",16-09-2026,UKMO,Open-Meteo / UK Met Office,08:00,2026-09-16 08:00:00,27.8,57.0,0.0,14.4,0.0,1.3226,Cerah,wmo:0
arjawinangun,"Arjawinangun, Cirebon",2026-09-16,32.09.24.2004,Arjawinangun,kecamatan,no,-6.6453,108.4103,Asia/Jakarta,"BMKG point: Arjawinangun, Kecamatan Arjawinangun",16-09-2026,UKMO,Open-Meteo / UK Met Office,09:00,2026-09-16 09:00:00,30.1,47.0,0.0,16.6,0.0,1.3226,Cerah,wmo:0
arjawinangun,"Arjawinangun, Cirebon",2026-09-16,32.09.24.2004,Arjawinangun,kecamatan,no,-6.6453,108.4103,Asia/Jakarta,"BMKG point: Arjawinangun, Kecamatan Arjawinangun",16-09-2026,UKMO,Open-Meteo / UK Met Office,10:00,2026-09-16 10:00:00,31.9,40.0,0.0,16.6,0.0,1.3226,Cerah Berawan,wmo:1
arjawinangun,"Arjawinangun, Cirebon",2026-09-16,32.09.24.2004,Arjawinangun,kecamatan,no,-6.6453,108.4103,Asia/Jakarta,"BMKG point: Arjawinangun, Kecamatan Arjawinangun",16-09-2026,UKMO,Open-Meteo / UK Met Office,11:00,2026-09-16 11:00:00,32.7,38.0,0.0,16.9,0.0,1.3226,Cerah Berawan,wmo:1
arjawinangun,"Arjawinangun, Cirebon",2026-09-16,32.09.24.2004,Arjawinangun,kecamatan,no,-6.6453,108.4103,Asia/Jakarta,"BMKG point: Arjawinangun, Kecamatan Arjawinangun",16-09-2026,UKMO,Open-Meteo / UK Met Office,12:00,2026-09-16 12:00:00,34.1,33.0,0.0,15.5,0.0,1.3226,Cerah Berawan,wmo:1
arjawinangun,"Arjawinangun, Cirebon",2026-09-16,32.09.24.2004,Arjawinangun,kecamatan,no,-6.6453,108.4103,Asia/Jakarta,"BMKG point: Arjawinangun, Kecamatan Arjawinangun",16-09-2026,UKMO,Open-Meteo / UK Met Office,13:00,2026-09-16 13:00:00,34.6,33.0,0.0,15.5,0.0,1.3226,Cerah Berawan,wmo:1
arjawinangun,"Arjawinangun, Cirebon",2026-09-16,32.09.24.2004,Arjawinangun,kecamatan,no,-6.6453,108.4103,Asia/Jakarta,"BMKG point: Arjawinangun, Kecamatan Arjawinangun",16-09-2026,UKMO,Open-Meteo / UK Met Office,14:00,2026-09-16 14:00:00,34.4,33.0,0.0,13.7,0.0,1.3226,Cerah Berawan,wmo:2
arjawinangun,"Arjawinangun, Cirebon",2026-09-16,32.09.24.2004,Arjawinangun,kecamatan,no,-6.6453,108.4103,Asia/Jakarta,"BMKG point: Arjawinangun, Kecamatan Arjawinangun",16-09-2026,UKMO,Open-Meteo / UK Met Office,15:00,2026-09-16 15:00:00,34.0,35.0,0.0,11.9,0.0,1.3226,Berawan,wmo:3
arjawinangun,"Arjawinangun, Cirebon",2026-09-16,32.09.24.2004,Arjawinangun,kecamatan,no,-6.6453,108.4103,Asia/Jakarta,"BMKG point: Arjawinangun, Kecamatan Arjawinangun",16-09-2026,UKMO,Open-Meteo / UK Met Office,16:00,2026-09-16 16:00:00,31.8,45.0,0.0,14.8,0.0,1.3226,Cerah Berawan,wmo:2
arjawinangun,"Arjawinangun, Cirebon",2026-09-16,32.09.24.2004,Arjawinangun,kecamatan,no,-6.6453,108.4103,Asia/Jakarta,"BMKG point: Arjawinangun, Kecamatan Arjawinangun",16-09-2026,UKMO,Open-Meteo / UK Met Office,17:00,2026-09-16 17:00:00,30.5,52.0,0.0,12.2,0.0,1.3226,Cerah,wmo:0
arjawinangun,"Arjawinangun, Cirebon",2026-09-16,32.09.24.2004,Arjawinangun,kecamatan,no,-6.6453,108.4103,Asia/Jakarta,"BMKG point: Arjawinangun, Kecamatan Arjawinangun",16-09-2026,UKMO,Open-Meteo / UK Met Office,18:00,2026-09-16 18:00:00,29.2,60.0,0.0,9.4,0.0,1.3226,Cerah,wmo:0
arjawinangun,"Arjawinangun, Cirebon",2026-09-16,32.09.24.2004,Arjawinangun,kecamatan,no,-6.6453,108.4103,Asia/Jakarta,"BMKG point: Arjawinangun, Kecamatan Arjawinangun",16-09-2026,UKMO,Open-Meteo / UK Met Office,19:00,2026-09-16 19:00:00,28.5,65.0,0.0,7.6,0.0,1.3226,Cerah,wmo:0
arjawinangun,"Arjawinangun, Cirebon",2026-09-16,32.09.24.2004,Arjawinangun,kecamatan,no,-6.6453,108.4103,Asia/Jakarta,"BMKG point: Arjawinangun, Kecamatan Arjawinangun",16-09-2026,UKMO,Open-Meteo / UK Met Office,20:00,2026-09-16 20:00:00,28.5,60.0,0.0,10.1,0.0,1.3226,Cerah,wmo:0
arjawinangun,"Arjawinangun, Cirebon",2026-09-16,32.09.24.2004,Arjawinangun,kecamatan,no,-6.6453,108.4103,Asia/Jakarta,"BMKG point: Arjawinangun, Kecamatan Arjawinangun",16-09-2026,UKMO,Open-Meteo / UK Met Office,21:00,2026-09-16 21:00:00,27.6,56.0,0.0,11.2,0.0,1.3226,Cerah,wmo:0
arjawinangun,"Arjawinangun, Cirebon",2026-09-16,32.09.24.2004,Arjawinangun,kecamatan,no,-6.6453,108.4103,Asia/Jakarta,"BMKG point: Arjawinangun, Kecamatan Arjawinangun",16-09-2026,UKMO,Open-Meteo / UK Met Office,22:00,2026-09-16 22:00:00,26.6,60.0,0.0,8.6,0.0,1.3226,Cerah,wmo:0
arjawinangun,"Arjawinangun, Cirebon",2026-09-16,32.09.24.2004,Arjawinangun,kecamatan,no,-6.6453,108.4103,Asia/Jakarta,"BMKG point: Arjawinangun, Kecamatan Arjawinangun",16-09-2026,UKMO,Open-Meteo / UK Met Office,23:00,2026-09-16 23:00:00,25.4,68.0,0.0,5.8,0.0,1.3226,Cerah,wmo:0
arjawinangun,"Arjawinangun, Cirebon",2026-09-17,32.09.24.2004,Arjawinangun,kecamatan,no,-6.6453,108.4103,Asia/Jakarta,"BMKG point: Arjawinangun, Kecamatan Arjawinangun",17-09-2026,BMKG,BMKG,00:00,2026-09-17 01:00:00,24.0,73.0,0.0,0.9,60.0,1.3242,Cerah,Cerah
arjawinangun,"Arjawinangun, Cirebon",2026-09-17,32.09.24.2004,Arjawinangun,kecamatan,no,-6.6453,108.4103,Asia/Jakarta,"BMKG point: Arjawinangun, Kecamatan Arjawinangun",17-09-2026,BMKG,BMKG,01:00,2026-09-17 01:00:00,24.0,73.0,0.0,0.9,0.0,1.7656,Cerah,Cerah
arjawinangun,"Arjawinangun, Cirebon",2026-09-17,32.09.24.2004,Arjawinangun,kecamatan,no,-6.6453,108.4103,Asia/Jakarta,"BMKG point: Arjawinangun, Kecamatan Arjawinangun",17-09-2026,BMKG,BMKG,02:00,2026-09-17 01:00:00,24.0,73.0,0.0,0.9,60.0,1.3242,Cerah,Cerah
arjawinangun,"Arjawinangun, Cirebon",2026-09-17,32.09.24.2004,Arjawinangun,kecamatan,no,-6.6453,108.4103,Asia/Jakarta,"BMKG point: Arjawinangun, Kecamatan Arjawinangun",17-09-2026,BMKG,BMKG,03:00,2026-09-17 04:00:00,23.0,76.0,0.0,0.3,60.0,1.3242,Cerah Berawan,Cerah Berawan
arjawinangun,"Arjawinangun, Cirebon",2026-09-17,32.09.24.2004,Arjawinangun,kecamatan,no,-6.6453,108.4103,Asia/Jakarta,"BMKG point: Arjawinangun, Kecamatan Arjawinangun",17-09-2026,BMKG,BMKG,04:00,2026-09-17 04:00:00,23.0,76.0,0.0,0.3,0.0,1.7656,Cerah Berawan,Cerah Berawan
arjawinangun,"Arjawinangun, Cirebon",2026-09-17,32.09.24.2004,Arjawinangun,kecamatan,no,-6.6453,108.4103,Asia/Jakarta,"BMKG point: Arjawinangun, Kecamatan Arjawinangun",17-09-2026,BMKG,BMKG,05:00,2026-09-17 04:00:00,23.0,76.0,0.0,0.3,60.0,1.3242,Cerah Berawan,Cerah Berawan
arjawinangun,"Arjawinangun, Cirebon",2026-09-17,32.09.24.2004,Arjawinangun,kecamatan,no,-6.6453,108.4103,Asia/Jakarta,"BMKG point: Arjawinangun, Kecamatan Arjawinangun",17-09-2026,BMKG,BMKG,06:00,2026-09-17 07:00:00,28.0,51.0,0.0,2.1,60.0,1.3242,Cerah,Cerah
arjawinangun,"Arjawinangun, Cirebon",2026-09-17,32.09.24.2004,Arjawinangun,kecamatan,no,-6.6453,108.4103,Asia/Jakarta,"BMKG point: Arjawinangun, Kecamatan Arjawinangun",17-09-2026,BMKG,BMKG,07:00,2026-09-17 07:00:00,28.0,51.0,0.0,2.1,0.0,1.7656,Cerah,Cerah
arjawinangun,"Arjawinangun, Cirebon",2026-09-17,32.09.24.2004,Arjawinangun,kecamatan,no,-6.6453,108.4103,Asia/Jakarta,"BMKG point: Arjawinangun, Kecamatan Arjawinangun",17-09-2026,BMKG,BMKG,08:00,2026-09-17 07:00:00,28.0,51.0,0.0,2.1,60.0,1.3242,Cerah,Cerah
arjawinangun,"Arjawinangun, Cirebon",2026-09-17,32.09.24.2004,Arjawinangun,kecamatan,no,-6.6453,108.4103,Asia/Jakarta,"BMKG point: Arjawinangun, Kecamatan Arjawinangun",17-09-2026,BMKG,BMKG,09:00,2026-09-17 10:00:00,34.0,31.0,0.0,9.9,60.0,1.3242,Cerah,Cerah
arjawinangun,"Arjawinangun, Cirebon",2026-09-17,32.09.24.2004,Arjawinangun,kecamatan,no,-6.6453,108.4103,Asia/Jakarta,"BMKG point: Arjawinangun, Kecamatan Arjawinangun",17-09-2026,BMKG,BMKG,10:00,2026-09-17 10:00:00,34.0,31.0,0.0,9.9,0.0,1.7656,Cerah,Cerah
arjawinangun,"Arjawinangun, Cirebon",2026-09-17,32.09.24.2004,Arjawinangun,kecamatan,no,-6.6453,108.4103,Asia/Jakarta,"BMKG point: Arjawinangun, Kecamatan Arjawinangun",17-09-2026,BMKG,BMKG,11:00,2026-09-17 10:00:00,34.0,31.0,0.0,9.9,60.0,1.3242,Cerah,Cerah
arjawinangun,"Arjawinangun, Cirebon",2026-09-17,32.09.24.2004,Arjawinangun,kecamatan,no,-6.6453,108.4103,Asia/Jakarta,"BMKG point: Arjawinangun, Kecamatan Arjawinangun",17-09-2026,BMKG,BMKG,12:00,2026-09-17 13:00:00,36.0,34.0,0.0,5.2,60.0,1.3242,Cerah,Cerah
arjawinangun,"Arjawinangun, Cirebon",2026-09-17,32.09.24.2004,Arjawinangun,kecamatan,no,-6.6453,108.4103,Asia/Jakarta,"BMKG point: Arjawinangun, Kecamatan Arjawinangun",17-09-2026,BMKG,BMKG,13:00,2026-09-17 13:00:00,36.0,34.0,0.0,5.2,0.0,1.7656,Cerah,Cerah
arjawinangun,"Arjawinangun, Cirebon",2026-09-17,32.09.24.2004,Arjawinangun,kecamatan,no,-6.6453,108.4103,Asia/Jakarta,"BMKG point: Arjawinangun, Kecamatan Arjawinangun",17-09-2026,BMKG,BMKG,14:00,2026-09-17 13:00:00,36.0,34.0,0.0,5.2,60.0,1.3242,Cerah,Cerah
arjawinangun,"Arjawinangun, Cirebon",2026-09-17,32.09.24.2004,Arjawinangun,kecamatan,no,-6.6453,108.4103,Asia/Jakarta,"BMKG point: Arjawinangun, Kecamatan Arjawinangun",17-09-2026,BMKG,BMKG,15:00,2026-09-17 16:00:00,31.0,57.0,0.0,19.8,60.0,1.3242,Cerah,Cerah
arjawinangun,"Arjawinangun, Cirebon",2026-09-17,32.09.24.2004,Arjawinangun,kecamatan,no,-6.6453,108.4103,Asia/Jakarta,"BMKG point: Arjawinangun, Kecamatan Arjawinangun",17-09-2026,BMKG,BMKG,16:00,2026-09-17 16:00:00,31.0,57.0,0.0,19.8,0.0,1.7656,Cerah,Cerah
arjawinangun,"Arjawinangun, Cirebon",2026-09-17,32.09.24.2004,Arjawinangun,kecamatan,no,-6.6453,108.4103,Asia/Jakarta,"BMKG point: Arjawinangun, Kecamatan Arjawinangun",17-09-2026,BMKG,BMKG,17:00,2026-09-17 16:00:00,31.0,57.0,0.0,19.8,60.0,1.3242,Cerah,Cerah
arjawinangun,"Arjawinangun, Cirebon",2026-09-17,32.09.24.2004,Arjawinangun,kecamatan,no,-6.6453,108.4103,Asia/Jakarta,"BMKG point: Arjawinangun, Kecamatan Arjawinangun",17-09-2026,BMKG,BMKG,18:00,2026-09-17 19:00:00,28.0,71.0,0.0,11.6,60.0,1.3242,Cerah,Cerah
arjawinangun,"Arjawinangun, Cirebon",2026-09-17,32.09.24.2004,Arjawinangun,kecamatan,no,-6.6453,108.4103,Asia/Jakarta,"BMKG point: Arjawinangun, Kecamatan Arjawinangun",17-09-2026,BMKG,BMKG,19:00,2026-09-17 19:00:00,28.0,71.0,0.0,11.6,0.0,1.7656,Cerah,Cerah
arjawinangun,"Arjawinangun, Cirebon",2026-09-17,32.09.24.2004,Arjawinangun,kecamatan,no,-6.6453,108.4103,Asia/Jakarta,"BMKG point: Arjawinangun, Kecamatan Arjawinangun",17-09-2026,BMKG,BMKG,20:00,2026-09-17 19:00:00,28.0,71.0,0.0,11.6,60.0,1.3242,Cerah,Cerah
arjawinangun,"Arjawinangun, Cirebon",2026-09-17,32.09.24.2004,Arjawinangun,kecamatan,no,-6.6453,108.4103,Asia/Jakarta,"BMKG point: Arjawinangun, Kecamatan Arjawinangun",17-09-2026,BMKG,BMKG,21:00,2026-09-17 22:00:00,27.0,70.0,0.0,6.4,60.0,1.3242,Cerah,Cerah
arjawinangun,"Arjawinangun, Cirebon",2026-09-17,32.09.24.2004,Arjawinangun,kecamatan,no,-6.6453,108.4103,Asia/Jakarta,"BMKG point: Arjawinangun, Kecamatan Arjawinangun",17-09-2026,BMKG,BMKG,22:00,2026-09-17 22:00:00,27.0,70.0,0.0,6.4,0.0,1.7656,Cerah,Cerah
arjawinangun,"Arjawinangun, Cirebon",2026-09-17,32.09.24.2004,Arjawinangun,kecamatan,no,-6.6453,108.4103,Asia/Jakarta,"BMKG point: Arjawinangun, Kecamatan Arjawinangun",17-09-2026,BMKG,BMKG,23:00,2026-09-17 22:00:00,27.0,70.0,0.0,6.4,60.0,1.3242,Cerah,Cerah
arjawinangun,"Arjawinangun, Cirebon",2026-09-17,32.09.24.2004,Arjawinangun,kecamatan,no,-6.6453,108.4103,Asia/Jakarta,"BMKG point: Arjawinangun, Kecamatan Arjawinangun",17-09-2026,CMA,Open-Meteo / CMA GRAPES,00:00,2026-09-17 00:00:00,24.0,84.0,0.0,11.2,0.0,1.1568,Cerah,wmo:0
arjawinangun,"Arjawinangun, Cirebon",2026-09-17,32.09.24.2004,Arjawinangun,kecamatan,no,-6.6453,108.4103,Asia/Jakarta,"BMKG point: Arjawinangun, Kecamatan Arjawinangun",17-09-2026,CMA,Open-Meteo / CMA GRAPES,01:00,2026-09-17 01:00:00,23.9,85.0,0.0,11.2,0.0,1.1568,Cerah,wmo:0
arjawinangun,"Arjawinangun, Cirebon",2026-09-17,32.09.24.2004,Arjawinangun,kecamatan,no,-6.6453,108.4103,Asia/Jakarta,"BMKG point: Arjawinangun, Kecamatan Arjawinangun",17-09-2026,CMA,Open-Meteo / CMA GRAPES,02:00,2026-09-17 02:00:00,23.7,86.0,0.0,11.2,0.0,1.1568,Cerah,wmo:0
arjawinangun,"Arjawinangun, Cirebon",2026-09-17,32.09.24.2004,Arjawinangun,kecamatan,no,-6.6453,108.4103,Asia/Jakarta,"BMKG point: Arjawinangun, Kecamatan Arjawinangun",17-09-2026,CMA,Open-Meteo / CMA GRAPES,03:00,2026-09-17 03:00:00,23.6,87.0,0.0,11.6,0.0,1.1568,Cerah,wmo:0
arjawinangun,"Arjawinangun, Cirebon",2026-09-17,32.09.24.2004,Arjawinangun,kecamatan,no,-6.6453,108.4103,Asia/Jakarta,"BMKG point: Arjawinangun, Kecamatan Arjawinangun",17-09-2026,CMA,Open-Meteo / CMA GRAPES,04:00,2026-09-17 04:00:00,23.7,87.0,0.0,11.7,0.0,1.1568,Cerah,wmo:0
arjawinangun,"Arjawinangun, Cirebon",2026-09-17,32.09.24.2004,Arjawinangun,kecamatan,no,-6.6453,108.4103,Asia/Jakarta,"BMKG point: Arjawinangun, Kecamatan Arjawinangun",17-09-2026,CMA,Open-Meteo / CMA GRAPES,05:00,2026-09-17 05:00:00,23.9,86.0,0.0,11.7,0.0,1.1568,Cerah,wmo:0
arjawinangun,"Arjawinangun, Cirebon",2026-09-17,32.09.24.2004,Arjawinangun,kecamatan,no,-6.6453,108.4103,Asia/Jakarta,"BMKG point: Arjawinangun, Kecamatan Arjawinangun",17-09-2026,CMA,Open-Meteo / CMA GRAPES,06:00,2026-09-17 06:00:00,24.4,83.0,0.0,11.4,0.0,1.1568,Cerah,wmo:0
arjawinangun,"Arjawinangun, Cirebon",2026-09-17,32.09.24.2004,Arjawinangun,kecamatan,no,-6.6453,108.4103,Asia/Jakarta,"BMKG point: Arjawinangun, Kecamatan Arjawinangun",17-09-2026,CMA,Open-Meteo / CMA GRAPES,07:00,2026-09-17 07:00:00,25.1,80.0,0.0,10.8,0.0,1.1568,Cerah,wmo:0
arjawinangun,"Arjawinangun, Cirebon",2026-09-17,32.09.24.2004,Arjawinangun,kecamatan,no,-6.6453,108.4103,Asia/Jakarta,"BMKG point: Arjawinangun, Kecamatan Arjawinangun",17-09-2026,CMA,Open-Meteo / CMA GRAPES,08:00,2026-09-17 08:00:00,26.2,75.0,0.0,9.8,0.0,1.1568,Cerah,wmo:0
arjawinangun,"Arjawinangun, Cirebon",2026-09-17,32.09.24.2004,Arjawinangun,kecamatan,no,-6.6453,108.4103,Asia/Jakarta,"BMKG point: Arjawinangun, Kecamatan Arjawinangun",17-09-2026,CMA,Open-Meteo / CMA GRAPES,09:00,2026-09-17 09:00:00,27.7,68.0,0.0,8.6,0.0,1.1568,Cerah,wmo:0
arjawinangun,"Arjawinangun, Cirebon",2026-09-17,32.09.24.2004,Arjawinangun,kecamatan,no,-6.6453,108.4103,Asia/Jakarta,"BMKG point: Arjawinangun, Kecamatan Arjawinangun",17-09-2026,CMA,Open-Meteo / CMA GRAPES,10:00,2026-09-17 10:00:00,29.0,62.0,0.0,7.4,0.0,1.1568,Cerah,wmo:0
arjawinangun,"Arjawinangun, Cirebon",2026-09-17,32.09.24.2004,Arjawinangun,kecamatan,no,-6.6453,108.4103,Asia/Jakarta,"BMKG point: Arjawinangun, Kecamatan Arjawinangun",17-09-2026,CMA,Open-Meteo / CMA GRAPES,11:00,2026-09-17 11:00:00,30.3,56.0,0.0,6.9,0.0,1.1568,Cerah,wmo:0
arjawinangun,"Arjawinangun, Cirebon",2026-09-17,32.09.24.2004,Arjawinangun,kecamatan,no,-6.6453,108.4103,Asia/Jakarta,"BMKG point: Arjawinangun, Kecamatan Arjawinangun",17-09-2026,CMA,Open-Meteo / CMA GRAPES,12:00,2026-09-17 12:00:00,31.6,51.0,0.0,7.7,0.0,1.1568,Cerah,wmo:0
arjawinangun,"Arjawinangun, Cirebon",2026-09-17,32.09.24.2004,Arjawinangun,kecamatan,no,-6.6453,108.4103,Asia/Jakarta,"BMKG point: Arjawinangun, Kecamatan Arjawinangun",17-09-2026,CMA,Open-Meteo / CMA GRAPES,13:00,2026-09-17 13:00:00,32.4,48.0,0.0,8.3,0.0,1.1568,Cerah,wmo:0
arjawinangun,"Arjawinangun, Cirebon",2026-09-17,32.09.24.2004,Arjawinangun,kecamatan,no,-6.6453,108.4103,Asia/Jakarta,"BMKG point: Arjawinangun, Kecamatan Arjawinangun",17-09-2026,CMA,Open-Meteo / CMA GRAPES,14:00,2026-09-17 14:00:00,32.5,49.0,0.0,10.2,0.0,1.1568,Cerah,wmo:0
arjawinangun,"Arjawinangun, Cirebon",2026-09-17,32.09.24.2004,Arjawinangun,kecamatan,no,-6.6453,108.4103,Asia/Jakarta,"BMKG point: Arjawinangun, Kecamatan Arjawinangun",17-09-2026,CMA,Open-Meteo / CMA GRAPES,15:00,2026-09-17 15:00:00,32.1,52.0,0.0,12.5,0.0,1.1568,Cerah,wmo:0
arjawinangun,"Arjawinangun, Cirebon",2026-09-17,32.09.24.2004,Arjawinangun,kecamatan,no,-6.6453,108.4103,Asia/Jakarta,"BMKG point: Arjawinangun, Kecamatan Arjawinangun",17-09-2026,CMA,Open-Meteo / CMA GRAPES,16:00,2026-09-17 16:00:00,31.4,57.0,0.0,13.0,0.0,1.1568,Cerah Berawan,wmo:1
arjawinangun,"Arjawinangun, Cirebon",2026-09-17,32.09.24.2004,Arjawinangun,kecamatan,no,-6.6453,108.4103,Asia/Jakarta,"BMKG point: Arjawinangun, Kecamatan Arjawinangun",17-09-2026,CMA,Open-Meteo / CMA GRAPES,17:00,2026-09-17 17:00:00,30.2,65.0,0.0,10.4,0.0,1.1568,Cerah Berawan,wmo:1
arjawinangun,"Arjawinangun, Cirebon",2026-09-17,32.09.24.2004,Arjawinangun,kecamatan,no,-6.6453,108.4103,Asia/Jakarta,"BMKG point: Arjawinangun, Kecamatan Arjawinangun",17-09-2026,CMA,Open-Meteo / CMA GRAPES,18:00,2026-09-17 18:00:00,28.6,76.0,0.0,6.4,0.0,1.1568,Cerah Berawan,wmo:1
arjawinangun,"Arjawinangun, Cirebon",2026-09-17,32.09.24.2004,Arjawinangun,kecamatan,no,-6.6453,108.4103,Asia/Jakarta,"BMKG point: Arjawinangun, Kecamatan Arjawinangun",17-09-2026,CMA,Open-Meteo / CMA GRAPES,19:00,2026-09-17 19:00:00,27.3,83.0,0.0,3.6,0.0,1.1568,Cerah Berawan,wmo:1
arjawinangun,"Arjawinangun, Cirebon",2026-09-17,32.09.24.2004,Arjawinangun,kecamatan,no,-6.6453,108.4103,Asia/Jakarta,"BMKG point: Arjawinangun, Kecamatan Arjawinangun",17-09-2026,CMA,Open-Meteo / CMA GRAPES,20:00,2026-09-17 20:00:00,26.7,84.0,0.0,4.2,0.0,1.1568,Cerah Berawan,wmo:1
arjawinangun,"Arjawinangun, Cirebon",2026-09-17,32.09.24.2004,Arjawinangun,kecamatan,no,-6.6453,108.4103,Asia/Jakarta,"BMKG point: Arjawinangun, Kecamatan Arjawinangun",17-09-2026,CMA,Open-Meteo / CMA GRAPES,21:00,2026-09-17 21:00:00,26.4,82.0,0.0,6.3,0.0,1.1568,Cerah Berawan,wmo:1
arjawinangun,"Arjawinangun, Cirebon",2026-09-17,32.09.24.2004,Arjawinangun,kecamatan,no,-6.6453,108.4103,Asia/Jakarta,"BMKG point: Arjawinangun, Kecamatan Arjawinangun",17-09-2026,CMA,Open-Meteo / CMA GRAPES,22:00,2026-09-17 22:00:00,26.1,81.0,0.0,7.8,0.0,1.1568,Cerah Berawan,wmo:1
arjawinangun,"Arjawinangun, Cirebon",2026-09-17,32.09.24.2004,Arjawinangun,kecamatan,no,-6.6453,108.4103,Asia/Jakarta,"BMKG point: Arjawinangun, Kecamatan Arjawinangun",17-09-2026,CMA,Open-Meteo / CMA GRAPES,23:00,2026-09-17 23:00:00,25.6,81.0,0.0,8.1,0.0,1.1568,Cerah Berawan,wmo:1
arjawinangun,"Arjawinangun, Cirebon",2026-09-17,32.09.24.2004,Arjawinangun,kecamatan,no,-6.6453,108.4103,Asia/Jakarta,"BMKG point: Arjawinangun, Kecamatan Arjawinangun",17-09-2026,ECMWF,Open-Meteo / ECMWF,00:00,2026-09-17 00:00:00,24.8,71.0,0.0,4.7,0.0,1.7101,Cerah,wmo:0
arjawinangun,"Arjawinangun, Cirebon",2026-09-17,32.09.24.2004,Arjawinangun,kecamatan,no,-6.6453,108.4103,Asia/Jakarta,"BMKG point: Arjawinangun, Kecamatan Arjawinangun",17-09-2026,ECMWF,Open-Meteo / ECMWF,01:00,2026-09-17 01:00:00,24.4,71.0,0.0,4.7,0.0,1.7101,Cerah,wmo:0
arjawinangun,"Arjawinangun, Cirebon",2026-09-17,32.09.24.2004,Arjawinangun,kecamatan,no,-6.6453,108.4103,Asia/Jakarta,"BMKG point: Arjawinangun, Kecamatan Arjawinangun",17-09-2026,ECMWF,Open-Meteo / ECMWF,02:00,2026-09-17 02:00:00,23.7,73.0,0.0,4.7,0.0,1.7101,Cerah Berawan,wmo:1
arjawinangun,"Arjawinangun, Cirebon",2026-09-17,32.09.24.2004,Arjawinangun,kecamatan,no,-6.6453,108.4103,Asia/Jakarta,"BMKG point: Arjawinangun, Kecamatan Arjawinangun",17-09-2026,ECMWF,Open-Meteo / ECMWF,03:00,2026-09-17 03:00:00,23.0,76.0,0.0,4.7,0.0,1.7101,Cerah Berawan,wmo:2
arjawinangun,"Arjawinangun, Cirebon",2026-09-17,32.09.24.2004,Arjawinangun,kecamatan,no,-6.6453,108.4103,Asia/Jakarta,"BMKG point: Arjawinangun, Kecamatan Arjawinangun",17-09-2026,ECMWF,Open-Meteo / ECMWF,04:00,2026-09-17 04:00:00,22.9,76.0,0.0,4.4,0.0,1.7101,Cerah Berawan,wmo:2
arjawinangun,"Arjawinangun, Cirebon",2026-09-17,32.09.24.2004,Arjawinangun,kecamatan,no,-6.6453,108.4103,Asia/Jakarta,"BMKG point: Arjawinangun, Kecamatan Arjawinangun",17-09-2026,ECMWF,Open-Meteo / ECMWF,05:00,2026-09-17 05:00:00,23.5,73.0,0.0,4.0,0.0,1.7101,Berawan,wmo:3
arjawinangun,"Arjawinangun, Cirebon",2026-09-17,32.09.24.2004,Arjawinangun,kecamatan,no,-6.6453,108.4103,Asia/Jakarta,"BMKG point: Arjawinangun, Kecamatan Arjawinangun",17-09-2026,ECMWF,Open-Meteo / ECMWF,06:00,2026-09-17 06:00:00,24.7,68.0,0.0,3.8,0.0,1.7101,Berawan,wmo:3
arjawinangun,"Arjawinangun, Cirebon",2026-09-17,32.09.24.2004,Arjawinangun,kecamatan,no,-6.6453,108.4103,Asia/Jakarta,"BMKG point: Arjawinangun, Kecamatan Arjawinangun",17-09-2026,ECMWF,Open-Meteo / ECMWF,07:00,2026-09-17 07:00:00,26.2,62.0,0.0,3.3,0.0,1.7101,Berawan,wmo:3
arjawinangun,"Arjawinangun, Cirebon",2026-09-17,32.09.24.2004,Arjawinangun,kecamatan,no,-6.6453,108.4103,Asia/Jakarta,"BMKG point: Arjawinangun, Kecamatan Arjawinangun",17-09-2026,ECMWF,Open-Meteo / ECMWF,08:00,2026-09-17 08:00:00,28.3,54.0,0.0,2.5,0.0,1.7101,Berawan,wmo:3
arjawinangun,"Arjawinangun, Cirebon",2026-09-17,32.09.24.2004,Arjawinangun,kecamatan,no,-6.6453,108.4103,Asia/Jakarta,"BMKG point: Arjawinangun, Kecamatan Arjawinangun",17-09-2026,ECMWF,Open-Meteo / ECMWF,09:00,2026-09-17 09:00:00,30.7,46.0,0.0,1.8,0.0,1.7101,Cerah Berawan,wmo:2
arjawinangun,"Arjawinangun, Cirebon",2026-09-17,32.09.24.2004,Arjawinangun,kecamatan,no,-6.6453,108.4103,Asia/Jakarta,"BMKG point: Arjawinangun, Kecamatan Arjawinangun",17-09-2026,ECMWF,Open-Meteo / ECMWF,10:00,2026-09-17 10:00:00,32.6,40.0,0.0,1.8,0.0,1.7101,Cerah Berawan,wmo:2
arjawinangun,"Arjawinangun, Cirebon",2026-09-17,32.09.24.2004,Arjawinangun,kecamatan,no,-6.6453,108.4103,Asia/Jakarta,"BMKG point: Arjawinangun, Kecamatan Arjawinangun",17-09-2026,ECMWF,Open-Meteo / ECMWF,11:00,2026-09-17 11:00:00,33.5,39.0,0.0,4.7,0.0,1.7101,Cerah Berawan,wmo:2
arjawinangun,"Arjawinangun, Cirebon",2026-09-17,32.09.24.2004,Arjawinangun,kecamatan,no,-6.6453,108.4103,Asia/Jakarta,"BMKG point: Arjawinangun, Kecamatan Arjawinangun",17-09-2026,ECMWF,Open-Meteo / ECMWF,12:00,2026-09-17 12:00:00,33.8,40.0,0.0,9.2,0.0,1.7101,Cerah Berawan,wmo:2
arjawinangun,"Arjawinangun, Cirebon",2026-09-17,32.09.24.2004,Arjawinangun,kecamatan,no,-6.6453,108.4103,Asia/Jakarta,"BMKG point: Arjawinangun, Kecamatan Arjawinangun",17-09-2026,ECMWF,Open-Meteo / ECMWF,13:00,2026-09-17 13:00:00,33.7,43.0,0.0,12.9,0.0,1.7101,Cerah Berawan,wmo:2
arjawinangun,"Arjawinangun, Cirebon",2026-09-17,32.09.24.2004,Arjawinangun,kecamatan,no,-6.6453,108.4103,Asia/Jakarta,"BMKG point: Arjawinangun, Kecamatan Arjawinangun",17-09-2026,ECMWF,Open-Meteo / ECMWF,14:00,2026-09-17 14:00:00,33.0,47.0,0.0,15.1,0.0,1.7101,Cerah Berawan,wmo:2
arjawinangun,"Arjawinangun, Cirebon",2026-09-17,32.09.24.2004,Arjawinangun,kecamatan,no,-6.6453,108.4103,Asia/Jakarta,"BMKG point: Arjawinangun, Kecamatan Arjawinangun",17-09-2026,ECMWF,Open-Meteo / ECMWF,15:00,2026-09-17 15:00:00,31.8,53.0,0.0,16.5,0.0,1.7101,Cerah Berawan,wmo:1
arjawinangun,"Arjawinangun, Cirebon",2026-09-17,32.09.24.2004,Arjawinangun,kecamatan,no,-6.6453,108.4103,Asia/Jakarta,"BMKG point: Arjawinangun, Kecamatan Arjawinangun",17-09-2026,ECMWF,Open-Meteo / ECMWF,16:00,2026-09-17 16:00:00,30.7,58.0,0.0,16.3,0.0,1.7101,Cerah,wmo:0
arjawinangun,"Arjawinangun, Cirebon",2026-09-17,32.09.24.2004,Arjawinangun,kecamatan,no,-6.6453,108.4103,Asia/Jakarta,"BMKG point: Arjawinangun, Kecamatan Arjawinangun",17-09-2026,ECMWF,Open-Meteo / ECMWF,17:00,2026-09-17 17:00:00,29.8,63.0,0.0,14.8,0.0,1.7101,Cerah,wmo:0
arjawinangun,"Arjawinangun, Cirebon",2026-09-17,32.09.24.2004,Arjawinangun,kecamatan,no,-6.6453,108.4103,Asia/Jakarta,"BMKG point: Arjawinangun, Kecamatan Arjawinangun",17-09-2026,ECMWF,Open-Meteo / ECMWF,18:00,2026-09-17 18:00:00,28.8,67.0,0.0,11.9,0.0,1.7101,Cerah,wmo:0
arjawinangun,"Arjawinangun, Cirebon",2026-09-17,32.09.24.2004,Arjawinangun,kecamatan,no,-6.6453,108.4103,Asia/Jakarta,"BMKG point: Arjawinangun, Kecamatan Arjawinangun",17-09-2026,ECMWF,Open-Meteo / ECMWF,19:00,2026-09-17 19:00:00,28.0,70.0,0.0,9.1,0.0,1.7101,Cerah,wmo:0
arjawinangun,"Arjawinangun, Cirebon",2026-09-17,32.09.24.2004,Arjawinangun,kecamatan,no,-6.6453,108.4103,Asia/Jakarta,"BMKG point: Arjawinangun, Kecamatan Arjawinangun",17-09-2026,ECMWF,Open-Meteo / ECMWF,20:00,2026-09-17 20:00:00,27.5,71.0,0.0,5.7,0.0,1.7101,Cerah,wmo:0
arjawinangun,"Arjawinangun, Cirebon",2026-09-17,32.09.24.2004,Arjawinangun,kecamatan,no,-6.6453,108.4103,Asia/Jakarta,"BMKG point: Arjawinangun, Kecamatan Arjawinangun",17-09-2026,ECMWF,Open-Meteo / ECMWF,21:00,2026-09-17 21:00:00,27.1,72.0,0.0,2.5,0.0,1.7101,Cerah,wmo:0
arjawinangun,"Arjawinangun, Cirebon",2026-09-17,32.09.24.2004,Arjawinangun,kecamatan,no,-6.6453,108.4103,Asia/Jakarta,"BMKG point: Arjawinangun, Kecamatan Arjawinangun",17-09-2026,ECMWF,Open-Meteo / ECMWF,22:00,2026-09-17 22:00:00,26.7,73.0,0.0,1.9,0.0,1.7101,Cerah,wmo:0
arjawinangun,"Arjawinangun, Cirebon",2026-09-17,32.09.24.2004,Arjawinangun,kecamatan,no,-6.6453,108.4103,Asia/Jakarta,"BMKG point: Arjawinangun, Kecamatan Arjawinangun",17-09-2026,ECMWF,Open-Meteo / ECMWF,23:00,2026-09-17 23:00:00,26.2,76.0,0.0,2.1,0.0,1.7101,Cerah Berawan,wmo:1
arjawinangun,"Arjawinangun, Cirebon",2026-09-17,32.09.24.2004,Arjawinangun,kecamatan,no,-6.6453,108.4103,Asia/Jakarta,"BMKG point: Arjawinangun, Kecamatan Arjawinangun",17-09-2026,GFS,Open-Meteo / NOAA GFS,00:00,2026-09-17 00:00:00,25.1,66.0,0.0,7.5,0.0,1.4058,Cerah,wmo:0
arjawinangun,"Arjawinangun, Cirebon",2026-09-17,32.09.24.2004,Arjawinangun,kecamatan,no,-6.6453,108.4103,Asia/Jakarta,"BMKG point: Arjawinangun, Kecamatan Arjawinangun",17-09-2026,GFS,Open-Meteo / NOAA GFS,01:00,2026-09-17 01:00:00,24.5,65.0,0.0,6.5,0.0,1.4058,Berawan,wmo:3
arjawinangun,"Arjawinangun, Cirebon",2026-09-17,32.09.24.2004,Arjawinangun,kecamatan,no,-6.6453,108.4103,Asia/Jakarta,"BMKG point: Arjawinangun, Kecamatan Arjawinangun",17-09-2026,GFS,Open-Meteo / NOAA GFS,02:00,2026-09-17 02:00:00,24.0,64.0,0.0,6.5,0.0,1.4058,Berawan,wmo:3
arjawinangun,"Arjawinangun, Cirebon",2026-09-17,32.09.24.2004,Arjawinangun,kecamatan,no,-6.6453,108.4103,Asia/Jakarta,"BMKG point: Arjawinangun, Kecamatan Arjawinangun",17-09-2026,GFS,Open-Meteo / NOAA GFS,03:00,2026-09-17 03:00:00,23.7,65.0,0.0,6.7,0.0,1.4058,Berawan,wmo:3
arjawinangun,"Arjawinangun, Cirebon",2026-09-17,32.09.24.2004,Arjawinangun,kecamatan,no,-6.6453,108.4103,Asia/Jakarta,"BMKG point: Arjawinangun, Kecamatan Arjawinangun",17-09-2026,GFS,Open-Meteo / NOAA GFS,04:00,2026-09-17 04:00:00,23.4,67.0,0.0,6.2,0.0,1.4058,Berawan,wmo:3
arjawinangun,"Arjawinangun, Cirebon",2026-09-17,32.09.24.2004,Arjawinangun,kecamatan,no,-6.6453,108.4103,Asia/Jakarta,"BMKG point: Arjawinangun, Kecamatan Arjawinangun",17-09-2026,GFS,Open-Meteo / NOAA GFS,05:00,2026-09-17 05:00:00,23.1,69.0,0.0,6.2,0.0,1.4058,Cerah,wmo:0
arjawinangun,"Arjawinangun, Cirebon",2026-09-17,32.09.24.2004,Arjawinangun,kecamatan,no,-6.6453,108.4103,Asia/Jakarta,"BMKG point: Arjawinangun, Kecamatan Arjawinangun",17-09-2026,GFS,Open-Meteo / NOAA GFS,06:00,2026-09-17 06:00:00,23.5,69.0,0.0,5.5,0.0,1.4058,Cerah,wmo:0
arjawinangun,"Arjawinangun, Cirebon",2026-09-17,32.09.24.2004,Arjawinangun,kecamatan,no,-6.6453,108.4103,Asia/Jakarta,"BMKG point: Arjawinangun, Kecamatan Arjawinangun",17-09-2026,GFS,Open-Meteo / NOAA GFS,07:00,2026-09-17 07:00:00,26.3,58.0,0.0,4.2,0.0,1.4058,Cerah Berawan,wmo:2
arjawinangun,"Arjawinangun, Cirebon",2026-09-17,32.09.24.2004,Arjawinangun,kecamatan,no,-6.6453,108.4103,Asia/Jakarta,"BMKG point: Arjawinangun, Kecamatan Arjawinangun",17-09-2026,GFS,Open-Meteo / NOAA GFS,08:00,2026-09-17 08:00:00,29.3,46.0,0.0,1.0,0.0,1.4058,Cerah Berawan,wmo:2
arjawinangun,"Arjawinangun, Cirebon",2026-09-17,32.09.24.2004,Arjawinangun,kecamatan,no,-6.6453,108.4103,Asia/Jakarta,"BMKG point: Arjawinangun, Kecamatan Arjawinangun",17-09-2026,GFS,Open-Meteo / NOAA GFS,09:00,2026-09-17 09:00:00,31.8,38.0,0.0,3.1,0.0,1.4058,Cerah Berawan,wmo:2
arjawinangun,"Arjawinangun, Cirebon",2026-09-17,32.09.24.2004,Arjawinangun,kecamatan,no,-6.6453,108.4103,Asia/Jakarta,"BMKG point: Arjawinangun, Kecamatan Arjawinangun",17-09-2026,GFS,Open-Meteo / NOAA GFS,10:00,2026-09-17 10:00:00,33.8,33.0,0.0,7.9,0.0,1.4058,Berawan,wmo:3
arjawinangun,"Arjawinangun, Cirebon",2026-09-17,32.09.24.2004,Arjawinangun,kecamatan,no,-6.6453,108.4103,Asia/Jakarta,"BMKG point: Arjawinangun, Kecamatan Arjawinangun",17-09-2026,GFS,Open-Meteo / NOAA GFS,11:00,2026-09-17 11:00:00,35.1,31.0,0.0,15.1,0.0,1.4058,Cerah Berawan,wmo:2
arjawinangun,"Arjawinangun, Cirebon",2026-09-17,32.09.24.2004,Arjawinangun,kecamatan,no,-6.6453,108.4103,Asia/Jakarta,"BMKG point: Arjawinangun, Kecamatan Arjawinangun",17-09-2026,GFS,Open-Meteo / NOAA GFS,12:00,2026-09-17 12:00:00,35.4,32.0,0.0,24.1,0.0,1.4058,Cerah Berawan,wmo:2
arjawinangun,"Arjawinangun, Cirebon",2026-09-17,32.09.24.2004,Arjawinangun,kecamatan,no,-6.6453,108.4103,Asia/Jakarta,"BMKG point: Arjawinangun, Kecamatan Arjawinangun",17-09-2026,GFS,Open-Meteo / NOAA GFS,13:00,2026-09-17 13:00:00,34.5,35.0,0.0,25.5,0.0,1.4058,Berawan,wmo:3
arjawinangun,"Arjawinangun, Cirebon",2026-09-17,32.09.24.2004,Arjawinangun,kecamatan,no,-6.6453,108.4103,Asia/Jakarta,"BMKG point: Arjawinangun, Kecamatan Arjawinangun",17-09-2026,GFS,Open-Meteo / NOAA GFS,14:00,2026-09-17 14:00:00,33.8,37.0,0.0,23.2,0.0,1.4058,Cerah Berawan,wmo:1
arjawinangun,"Arjawinangun, Cirebon",2026-09-17,32.09.24.2004,Arjawinangun,kecamatan,no,-6.6453,108.4103,Asia/Jakarta,"BMKG point: Arjawinangun, Kecamatan Arjawinangun",17-09-2026,GFS,Open-Meteo / NOAA GFS,15:00,2026-09-17 15:00:00,32.6,42.0,0.0,21.9,0.0,1.4058,Cerah Berawan,wmo:1
arjawinangun,"Arjawinangun, Cirebon",2026-09-17,32.09.24.2004,Arjawinangun,kecamatan,no,-6.6453,108.4103,Asia/Jakarta,"BMKG point: Arjawinangun, Kecamatan Arjawinangun",17-09-2026,GFS,Open-Meteo / NOAA GFS,16:00,2026-09-17 16:00:00,30.9,49.0,0.0,17.7,0.0,1.4058,Cerah,wmo:0
arjawinangun,"Arjawinangun, Cirebon",2026-09-17,32.09.24.2004,Arjawinangun,kecamatan,no,-6.6453,108.4103,Asia/Jakarta,"BMKG point: Arjawinangun, Kecamatan Arjawinangun",17-09-2026,GFS,Open-Meteo / NOAA GFS,17:00,2026-09-17 17:00:00,29.2,58.0,0.0,15.3,0.0,1.4058,Cerah,wmo:0
arjawinangun,"Arjawinangun, Cirebon",2026-09-17,32.09.24.2004,Arjawinangun,kecamatan,no,-6.6453,108.4103,Asia/Jakarta,"BMKG point: Arjawinangun, Kecamatan Arjawinangun",17-09-2026,GFS,Open-Meteo / NOAA GFS,18:00,2026-09-17 18:00:00,27.6,67.0,0.0,10.2,0.0,1.4058,Cerah Berawan,wmo:2
arjawinangun,"Arjawinangun, Cirebon",2026-09-17,32.09.24.2004,Arjawinangun,kecamatan,no,-6.6453,108.4103,Asia/Jakarta,"BMKG point: Arjawinangun, Kecamatan Arjawinangun",17-09-2026,GFS,Open-Meteo / NOAA GFS,19:00,2026-09-17 19:00:00,27.6,69.0,0.0,10.4,0.0,1.4058,Berawan,wmo:3
arjawinangun,"Arjawinangun, Cirebon",2026-09-17,32.09.24.2004,Arjawinangun,kecamatan,no,-6.6453,108.4103,Asia/Jakarta,"BMKG point: Arjawinangun, Kecamatan Arjawinangun",17-09-2026,GFS,Open-Meteo / NOAA GFS,20:00,2026-09-17 20:00:00,27.8,68.0,0.0,7.8,0.0,1.4058,Berawan,wmo:3
arjawinangun,"Arjawinangun, Cirebon",2026-09-17,32.09.24.2004,Arjawinangun,kecamatan,no,-6.6453,108.4103,Asia/Jakarta,"BMKG point: Arjawinangun, Kecamatan Arjawinangun",17-09-2026,GFS,Open-Meteo / NOAA GFS,21:00,2026-09-17 21:00:00,27.8,67.0,0.0,5.0,0.0,1.4058,Berawan,wmo:3
arjawinangun,"Arjawinangun, Cirebon",2026-09-17,32.09.24.2004,Arjawinangun,kecamatan,no,-6.6453,108.4103,Asia/Jakarta,"BMKG point: Arjawinangun, Kecamatan Arjawinangun",17-09-2026,GFS,Open-Meteo / NOAA GFS,22:00,2026-09-17 22:00:00,27.2,67.0,0.0,4.0,0.0,1.4058,Cerah Berawan,wmo:1
arjawinangun,"Arjawinangun, Cirebon",2026-09-17,32.09.24.2004,Arjawinangun,kecamatan,no,-6.6453,108.4103,Asia/Jakarta,"BMKG point: Arjawinangun, Kecamatan Arjawinangun",17-09-2026,GFS,Open-Meteo / NOAA GFS,23:00,2026-09-17 23:00:00,26.4,69.0,0.0,5.5,0.0,1.4058,Cerah,wmo:0
arjawinangun,"Arjawinangun, Cirebon",2026-09-17,32.09.24.2004,Arjawinangun,kecamatan,no,-6.6453,108.4103,Asia/Jakarta,"BMKG point: Arjawinangun, Kecamatan Arjawinangun",17-09-2026,ICON,Open-Meteo / DWD ICON,00:00,2026-09-17 00:00:00,26.0,67.0,0.0,1.5,0.0,1.4754,Cerah Berawan,wmo:2
arjawinangun,"Arjawinangun, Cirebon",2026-09-17,32.09.24.2004,Arjawinangun,kecamatan,no,-6.6453,108.4103,Asia/Jakarta,"BMKG point: Arjawinangun, Kecamatan Arjawinangun",17-09-2026,ICON,Open-Meteo / DWD ICON,01:00,2026-09-17 01:00:00,25.7,67.0,0.0,1.6,0.0,1.4754,Cerah Berawan,wmo:2
arjawinangun,"Arjawinangun, Cirebon",2026-09-17,32.09.24.2004,Arjawinangun,kecamatan,no,-6.6453,108.4103,Asia/Jakarta,"BMKG point: Arjawinangun, Kecamatan Arjawinangun",17-09-2026,ICON,Open-Meteo / DWD ICON,02:00,2026-09-17 02:00:00,25.5,68.0,0.0,1.4,0.0,1.4754,Cerah Berawan,wmo:2
arjawinangun,"Arjawinangun, Cirebon",2026-09-17,32.09.24.2004,Arjawinangun,kecamatan,no,-6.6453,108.4103,Asia/Jakarta,"BMKG point: Arjawinangun, Kecamatan Arjawinangun",17-09-2026,ICON,Open-Meteo / DWD ICON,03:00,2026-09-17 03:00:00,25.2,69.0,0.0,1.8,0.0,1.4754,Cerah Berawan,wmo:1
arjawinangun,"Arjawinangun, Cirebon",2026-09-17,32.09.24.2004,Arjawinangun,kecamatan,no,-6.6453,108.4103,Asia/Jakarta,"BMKG point: Arjawinangun, Kecamatan Arjawinangun",17-09-2026,ICON,Open-Meteo / DWD ICON,04:00,2026-09-17 04:00:00,24.7,71.0,0.0,2.3,0.0,1.4754,Cerah Berawan,wmo:2
arjawinangun,"Arjawinangun, Cirebon",2026-09-17,32.09.24.2004,Arjawinangun,kecamatan,no,-6.6453,108.4103,Asia/Jakarta,"BMKG point: Arjawinangun, Kecamatan Arjawinangun",17-09-2026,ICON,Open-Meteo / DWD ICON,05:00,2026-09-17 05:00:00,24.6,71.0,0.0,1.9,0.0,1.4754,Cerah Berawan,wmo:2
arjawinangun,"Arjawinangun, Cirebon",2026-09-17,32.09.24.2004,Arjawinangun,kecamatan,no,-6.6453,108.4103,Asia/Jakarta,"BMKG point: Arjawinangun, Kecamatan Arjawinangun",17-09-2026,ICON,Open-Meteo / DWD ICON,06:00,2026-09-17 06:00:00,24.7,72.0,0.0,1.5,0.0,1.4754,Cerah Berawan,wmo:2
arjawinangun,"Arjawinangun, Cirebon",2026-09-17,32.09.24.2004,Arjawinangun,kecamatan,no,-6.6453,108.4103,Asia/Jakarta,"BMKG point: Arjawinangun, Kecamatan Arjawinangun",17-09-2026,ICON,Open-Meteo / DWD ICON,07:00,2026-09-17 07:00:00,25.7,72.0,0.0,1.8,0.0,1.4754,Cerah Berawan,wmo:2
arjawinangun,"Arjawinangun, Cirebon",2026-09-17,32.09.24.2004,Arjawinangun,kecamatan,no,-6.6453,108.4103,Asia/Jakarta,"BMKG point: Arjawinangun, Kecamatan Arjawinangun",17-09-2026,ICON,Open-Meteo / DWD ICON,08:00,2026-09-17 08:00:00,28.1,63.0,0.0,3.0,0.0,1.4754,Cerah Berawan,wmo:2
arjawinangun,"Arjawinangun, Cirebon",2026-09-17,32.09.24.2004,Arjawinangun,kecamatan,no,-6.6453,108.4103,Asia/Jakarta,"BMKG point: Arjawinangun, Kecamatan Arjawinangun",17-09-2026,ICON,Open-Meteo / DWD ICON,09:00,2026-09-17 09:00:00,30.3,54.0,0.0,4.8,0.0,1.4754,Cerah Berawan,wmo:1
arjawinangun,"Arjawinangun, Cirebon",2026-09-17,32.09.24.2004,Arjawinangun,kecamatan,no,-6.6453,108.4103,Asia/Jakarta,"BMKG point: Arjawinangun, Kecamatan Arjawinangun",17-09-2026,ICON,Open-Meteo / DWD ICON,10:00,2026-09-17 10:00:00,32.2,50.0,0.0,7.4,0.0,1.4754,Cerah Berawan,wmo:2
arjawinangun,"Arjawinangun, Cirebon",2026-09-17,32.09.24.2004,Arjawinangun,kecamatan,no,-6.6453,108.4103,Asia/Jakarta,"BMKG point: Arjawinangun, Kecamatan Arjawinangun",17-09-2026,ICON,Open-Meteo / DWD ICON,11:00,2026-09-17 11:00:00,33.7,46.0,0.0,7.4,0.0,1.4754,Cerah Berawan,wmo:2
arjawinangun,"Arjawinangun, Cirebon",2026-09-17,32.09.24.2004,Arjawinangun,kecamatan,no,-6.6453,108.4103,Asia/Jakarta,"BMKG point: Arjawinangun, Kecamatan Arjawinangun",17-09-2026,ICON,Open-Meteo / DWD ICON,12:00,2026-09-17 12:00:00,34.6,41.0,0.0,4.1,0.0,1.4754,Cerah Berawan,wmo:2
arjawinangun,"Arjawinangun, Cirebon",2026-09-17,32.09.24.2004,Arjawinangun,kecamatan,no,-6.6453,108.4103,Asia/Jakarta,"BMKG point: Arjawinangun, Kecamatan Arjawinangun",17-09-2026,ICON,Open-Meteo / DWD ICON,13:00,2026-09-17 13:00:00,35.5,38.0,0.0,3.3,0.0,1.4754,Cerah Berawan,wmo:2
arjawinangun,"Arjawinangun, Cirebon",2026-09-17,32.09.24.2004,Arjawinangun,kecamatan,no,-6.6453,108.4103,Asia/Jakarta,"BMKG point: Arjawinangun, Kecamatan Arjawinangun",17-09-2026,ICON,Open-Meteo / DWD ICON,14:00,2026-09-17 14:00:00,35.8,37.0,0.0,7.7,0.0,1.4754,Cerah Berawan,wmo:2
arjawinangun,"Arjawinangun, Cirebon",2026-09-17,32.09.24.2004,Arjawinangun,kecamatan,no,-6.6453,108.4103,Asia/Jakarta,"BMKG point: Arjawinangun, Kecamatan Arjawinangun",17-09-2026,ICON,Open-Meteo / DWD ICON,15:00,2026-09-17 15:00:00,34.3,45.0,0.0,17.1,0.0,1.4754,Cerah Berawan,wmo:2
arjawinangun,"Arjawinangun, Cirebon",2026-09-17,32.09.24.2004,Arjawinangun,kecamatan,no,-6.6453,108.4103,Asia/Jakarta,"BMKG point: Arjawinangun, Kecamatan Arjawinangun",17-09-2026,ICON,Open-Meteo / DWD ICON,16:00,2026-09-17 16:00:00,32.0,48.0,0.0,18.6,0.0,1.4754,Cerah Berawan,wmo:2
arjawinangun,"Arjawinangun, Cirebon",2026-09-17,32.09.24.2004,Arjawinangun,kecamatan,no,-6.6453,108.4103,Asia/Jakarta,"BMKG point: Arjawinangun, Kecamatan Arjawinangun",17-09-2026,ICON,Open-Meteo / DWD ICON,17:00,2026-09-17 17:00:00,30.8,51.0,0.0,14.3,0.0,1.4754,Cerah Berawan,wmo:2
arjawinangun,"Arjawinangun, Cirebon",2026-09-17,32.09.24.2004,Arjawinangun,kecamatan,no,-6.6453,108.4103,Asia/Jakarta,"BMKG point: Arjawinangun, Kecamatan Arjawinangun",17-09-2026,ICON,Open-Meteo / DWD ICON,18:00,2026-09-17 18:00:00,29.4,62.0,0.0,8.9,0.0,1.4754,Berawan,wmo:3
arjawinangun,"Arjawinangun, Cirebon",2026-09-17,32.09.24.2004,Arjawinangun,kecamatan,no,-6.6453,108.4103,Asia/Jakarta,"BMKG point: Arjawinangun, Kecamatan Arjawinangun",17-09-2026,ICON,Open-Meteo / DWD ICON,19:00,2026-09-17 19:00:00,28.7,70.0,0.0,4.7,0.0,1.4754,Cerah Berawan,wmo:2
arjawinangun,"Arjawinangun, Cirebon",2026-09-17,32.09.24.2004,Arjawinangun,kecamatan,no,-6.6453,108.4103,Asia/Jakarta,"BMKG point: Arjawinangun, Kecamatan Arjawinangun",17-09-2026,ICON,Open-Meteo / DWD ICON,20:00,2026-09-17 20:00:00,28.2,74.0,0.0,4.3,0.0,1.4754,Berawan,wmo:3
arjawinangun,"Arjawinangun, Cirebon",2026-09-17,32.09.24.2004,Arjawinangun,kecamatan,no,-6.6453,108.4103,Asia/Jakarta,"BMKG point: Arjawinangun, Kecamatan Arjawinangun",17-09-2026,ICON,Open-Meteo / DWD ICON,21:00,2026-09-17 21:00:00,27.9,75.0,0.0,4.7,0.0,1.4754,Berawan,wmo:3
arjawinangun,"Arjawinangun, Cirebon",2026-09-17,32.09.24.2004,Arjawinangun,kecamatan,no,-6.6453,108.4103,Asia/Jakarta,"BMKG point: Arjawinangun, Kecamatan Arjawinangun",17-09-2026,ICON,Open-Meteo / DWD ICON,22:00,2026-09-17 22:00:00,27.6,75.0,0.0,3.1,0.0,1.4754,Berawan,wmo:3
arjawinangun,"Arjawinangun, Cirebon",2026-09-17,32.09.24.2004,Arjawinangun,kecamatan,no,-6.6453,108.4103,Asia/Jakarta,"BMKG point: Arjawinangun, Kecamatan Arjawinangun",17-09-2026,ICON,Open-Meteo / DWD ICON,23:00,2026-09-17 23:00:00,27.5,78.0,0.0,0.4,0.0,1.4754,Berawan,wmo:3
arjawinangun,"Arjawinangun, Cirebon",2026-09-17,32.09.24.2004,Arjawinangun,kecamatan,no,-6.6453,108.4103,Asia/Jakarta,"BMKG point: Arjawinangun, Kecamatan Arjawinangun",17-09-2026,KMA,Open-Meteo / KMA,00:00,2026-09-17 00:00:00,,,,,0.0,0.5389,Berawan,wmo:None
arjawinangun,"Arjawinangun, Cirebon",2026-09-17,32.09.24.2004,Arjawinangun,kecamatan,no,-6.6453,108.4103,Asia/Jakarta,"BMKG point: Arjawinangun, Kecamatan Arjawinangun",17-09-2026,KMA,Open-Meteo / KMA,01:00,2026-09-17 01:00:00,,,,,0.0,0.5389,Berawan,wmo:None
arjawinangun,"Arjawinangun, Cirebon",2026-09-17,32.09.24.2004,Arjawinangun,kecamatan,no,-6.6453,108.4103,Asia/Jakarta,"BMKG point: Arjawinangun, Kecamatan Arjawinangun",17-09-2026,KMA,Open-Meteo / KMA,02:00,2026-09-17 02:00:00,,,,,0.0,0.5389,Berawan,wmo:None
arjawinangun,"Arjawinangun, Cirebon",2026-09-17,32.09.24.2004,Arjawinangun,kecamatan,no,-6.6453,108.4103,Asia/Jakarta,"BMKG point: Arjawinangun, Kecamatan Arjawinangun",17-09-2026,KMA,Open-Meteo / KMA,03:00,2026-09-17 03:00:00,,,,,0.0,0.5389,Berawan,wmo:None
arjawinangun,"Arjawinangun, Cirebon",2026-09-17,32.09.24.2004,Arjawinangun,kecamatan,no,-6.6453,108.4103,Asia/Jakarta,"BMKG point: Arjawinangun, Kecamatan Arjawinangun",17-09-2026,KMA,Open-Meteo / KMA,04:00,2026-09-17 04:00:00,,,,,0.0,0.5389,Berawan,wmo:None
arjawinangun,"Arjawinangun, Cirebon",2026-09-17,32.09.24.2004,Arjawinangun,kecamatan,no,-6.6453,108.4103,Asia/Jakarta,"BMKG point: Arjawinangun, Kecamatan Arjawinangun",17-09-2026,KMA,Open-Meteo / KMA,05:00,2026-09-17 05:00:00,,,,,0.0,0.5389,Berawan,wmo:None
arjawinangun,"Arjawinangun, Cirebon",2026-09-17,32.09.24.2004,Arjawinangun,kecamatan,no,-6.6453,108.4103,Asia/Jakarta,"BMKG point: Arjawinangun, Kecamatan Arjawinangun",17-09-2026,KMA,Open-Meteo / KMA,06:00,2026-09-17 06:00:00,,,,,0.0,0.5389,Berawan,wmo:None
arjawinangun,"Arjawinangun, Cirebon",2026-09-17,32.09.24.2004,Arjawinangun,kecamatan,no,-6.6453,108.4103,Asia/Jakarta,"BMKG point: Arjawinangun, Kecamatan Arjawinangun",17-09-2026,KMA,Open-Meteo / KMA,07:00,2026-09-17 07:00:00,,,,,0.0,0.5389,Berawan,wmo:None
arjawinangun,"Arjawinangun, Cirebon",2026-09-17,32.09.24.2004,Arjawinangun,kecamatan,no,-6.6453,108.4103,Asia/Jakarta,"BMKG point: Arjawinangun, Kecamatan Arjawinangun",17-09-2026,KMA,Open-Meteo / KMA,08:00,2026-09-17 08:00:00,,,,,0.0,0.5389,Berawan,wmo:None
arjawinangun,"Arjawinangun, Cirebon",2026-09-17,32.09.24.2004,Arjawinangun,kecamatan,no,-6.6453,108.4103,Asia/Jakarta,"BMKG point: Arjawinangun, Kecamatan Arjawinangun",17-09-2026,KMA,Open-Meteo / KMA,09:00,2026-09-17 09:00:00,,,,,0.0,0.5389,Berawan,wmo:None
arjawinangun,"Arjawinangun, Cirebon",2026-09-17,32.09.24.2004,Arjawinangun,kecamatan,no,-6.6453,108.4103,Asia/Jakarta,"BMKG point: Arjawinangun, Kecamatan Arjawinangun",17-09-2026,KMA,Open-Meteo / KMA,10:00,2026-09-17 10:00:00,,,,,0.0,0.5389,Berawan,wmo:None
arjawinangun,"Arjawinangun, Cirebon",2026-09-17,32.09.24.2004,Arjawinangun,kecamatan,no,-6.6453,108.4103,Asia/Jakarta,"BMKG point: Arjawinangun, Kecamatan Arjawinangun",17-09-2026,KMA,Open-Meteo / KMA,11:00,2026-09-17 11:00:00,,,,,0.0,0.5389,Berawan,wmo:None
arjawinangun,"Arjawinangun, Cirebon",2026-09-17,32.09.24.2004,Arjawinangun,kecamatan,no,-6.6453,108.4103,Asia/Jakarta,"BMKG point: Arjawinangun, Kecamatan Arjawinangun",17-09-2026,KMA,Open-Meteo / KMA,12:00,2026-09-17 12:00:00,,,,,0.0,0.5389,Berawan,wmo:None
arjawinangun,"Arjawinangun, Cirebon",2026-09-17,32.09.24.2004,Arjawinangun,kecamatan,no,-6.6453,108.4103,Asia/Jakarta,"BMKG point: Arjawinangun, Kecamatan Arjawinangun",17-09-2026,KMA,Open-Meteo / KMA,13:00,2026-09-17 13:00:00,,,,,0.0,0.5389,Berawan,wmo:None
arjawinangun,"Arjawinangun, Cirebon",2026-09-17,32.09.24.2004,Arjawinangun,kecamatan,no,-6.6453,108.4103,Asia/Jakarta,"BMKG point: Arjawinangun, Kecamatan Arjawinangun",17-09-2026,KMA,Open-Meteo / KMA,14:00,2026-09-17 14:00:00,,,,,0.0,0.5389,Berawan,wmo:None
arjawinangun,"Arjawinangun, Cirebon",2026-09-17,32.09.24.2004,Arjawinangun,kecamatan,no,-6.6453,108.4103,Asia/Jakarta,"BMKG point: Arjawinangun, Kecamatan Arjawinangun",17-09-2026,KMA,Open-Meteo / KMA,15:00,2026-09-17 15:00:00,,,,,0.0,0.5389,Berawan,wmo:None
arjawinangun,"Arjawinangun, Cirebon",2026-09-17,32.09.24.2004,Arjawinangun,kecamatan,no,-6.6453,108.4103,Asia/Jakarta,"BMKG point: Arjawinangun, Kecamatan Arjawinangun",17-09-2026,KMA,Open-Meteo / KMA,16:00,2026-09-17 16:00:00,,,,,0.0,0.5389,Berawan,wmo:None
arjawinangun,"Arjawinangun, Cirebon",2026-09-17,32.09.24.2004,Arjawinangun,kecamatan,no,-6.6453,108.4103,Asia/Jakarta,"BMKG point: Arjawinangun, Kecamatan Arjawinangun",17-09-2026,KMA,Open-Meteo / KMA,17:00,2026-09-17 17:00:00,,,,,0.0,0.5389,Berawan,wmo:None
arjawinangun,"Arjawinangun, Cirebon",2026-09-17,32.09.24.2004,Arjawinangun,kecamatan,no,-6.6453,108.4103,Asia/Jakarta,"BMKG point: Arjawinangun, Kecamatan Arjawinangun",17-09-2026,KMA,Open-Meteo / KMA,18:00,2026-09-17 18:00:00,,,,,0.0,0.5389,Berawan,wmo:None
arjawinangun,"Arjawinangun, Cirebon",2026-09-17,32.09.24.2004,Arjawinangun,kecamatan,no,-6.6453,108.4103,Asia/Jakarta,"BMKG point: Arjawinangun, Kecamatan Arjawinangun",17-09-2026,KMA,Open-Meteo / KMA,19:00,2026-09-17 19:00:00,,,,,0.0,0.5389,Berawan,wmo:None
arjawinangun,"Arjawinangun, Cirebon",2026-09-17,32.09.24.2004,Arjawinangun,kecamatan,no,-6.6453,108.4103,Asia/Jakarta,"BMKG point: Arjawinangun, Kecamatan Arjawinangun",17-09-2026,KMA,Open-Meteo / KMA,20:00,2026-09-17 20:00:00,,,,,0.0,0.5389,Berawan,wmo:None
arjawinangun,"Arjawinangun, Cirebon",2026-09-17,32.09.24.2004,Arjawinangun,kecamatan,no,-6.6453,108.4103,Asia/Jakarta,"BMKG point: Arjawinangun, Kecamatan Arjawinangun",17-09-2026,KMA,Open-Meteo / KMA,21:00,2026-09-17 21:00:00,,,,,0.0,0.5389,Berawan,wmo:None
arjawinangun,"Arjawinangun, Cirebon",2026-09-17,32.09.24.2004,Arjawinangun,kecamatan,no,-6.6453,108.4103,Asia/Jakarta,"BMKG point: Arjawinangun, Kecamatan Arjawinangun",17-09-2026,KMA,Open-Meteo / KMA,22:00,2026-09-17 22:00:00,,,,,0.0,0.5389,Berawan,wmo:None
arjawinangun,"Arjawinangun, Cirebon",2026-09-17,32.09.24.2004,Arjawinangun,kecamatan,no,-6.6453,108.4103,Asia/Jakarta,"BMKG point: Arjawinangun, Kecamatan Arjawinangun",17-09-2026,KMA,Open-Meteo / KMA,23:00,2026-09-17 23:00:00,,,,,0.0,0.5389,Berawan,wmo:None
arjawinangun,"Arjawinangun, Cirebon",2026-09-17,32.09.24.2004,Arjawinangun,kecamatan,no,-6.6453,108.4103,Asia/Jakarta,"BMKG point: Arjawinangun, Kecamatan Arjawinangun",17-09-2026,METEOFRANCE,Open-Meteo / Meteo-France,00:00,2026-09-17 00:00:00,27.2,63.0,0.0,14.8,0.0,1.5474,Cerah Berawan,wmo:1
arjawinangun,"Arjawinangun, Cirebon",2026-09-17,32.09.24.2004,Arjawinangun,kecamatan,no,-6.6453,108.4103,Asia/Jakarta,"BMKG point: Arjawinangun, Kecamatan Arjawinangun",17-09-2026,METEOFRANCE,Open-Meteo / Meteo-France,01:00,2026-09-17 01:00:00,27.0,64.0,0.0,15.5,0.0,1.5474,Cerah Berawan,wmo:2
arjawinangun,"Arjawinangun, Cirebon",2026-09-17,32.09.24.2004,Arjawinangun,kecamatan,no,-6.6453,108.4103,Asia/Jakarta,"BMKG point: Arjawinangun, Kecamatan Arjawinangun",17-09-2026,METEOFRANCE,Open-Meteo / Meteo-France,02:00,2026-09-17 02:00:00,26.8,64.0,0.0,15.5,0.0,1.5474,Cerah Berawan,wmo:2
arjawinangun,"Arjawinangun, Cirebon",2026-09-17,32.09.24.2004,Arjawinangun,kecamatan,no,-6.6453,108.4103,Asia/Jakarta,"BMKG point: Arjawinangun, Kecamatan Arjawinangun",17-09-2026,METEOFRANCE,Open-Meteo / Meteo-France,03:00,2026-09-17 03:00:00,26.6,64.0,0.0,15.5,0.0,1.5474,Cerah Berawan,wmo:2
arjawinangun,"Arjawinangun, Cirebon",2026-09-17,32.09.24.2004,Arjawinangun,kecamatan,no,-6.6453,108.4103,Asia/Jakarta,"BMKG point: Arjawinangun, Kecamatan Arjawinangun",17-09-2026,METEOFRANCE,Open-Meteo / Meteo-France,04:00,2026-09-17 04:00:00,26.5,64.0,0.0,15.9,0.0,1.5474,Cerah Berawan,wmo:2
arjawinangun,"Arjawinangun, Cirebon",2026-09-17,32.09.24.2004,Arjawinangun,kecamatan,no,-6.6453,108.4103,Asia/Jakarta,"BMKG point: Arjawinangun, Kecamatan Arjawinangun",17-09-2026,METEOFRANCE,Open-Meteo / Meteo-France,05:00,2026-09-17 05:00:00,26.4,64.0,0.0,16.8,0.0,1.5474,Cerah Berawan,wmo:2
arjawinangun,"Arjawinangun, Cirebon",2026-09-17,32.09.24.2004,Arjawinangun,kecamatan,no,-6.6453,108.4103,Asia/Jakarta,"BMKG point: Arjawinangun, Kecamatan Arjawinangun",17-09-2026,METEOFRANCE,Open-Meteo / Meteo-France,06:00,2026-09-17 06:00:00,26.3,66.0,0.0,17.5,0.0,1.5474,Cerah Berawan,wmo:2
arjawinangun,"Arjawinangun, Cirebon",2026-09-17,32.09.24.2004,Arjawinangun,kecamatan,no,-6.6453,108.4103,Asia/Jakarta,"BMKG point: Arjawinangun, Kecamatan Arjawinangun",17-09-2026,METEOFRANCE,Open-Meteo / Meteo-France,07:00,2026-09-17 07:00:00,27.0,64.0,0.0,17.6,0.0,1.5474,Cerah Berawan,wmo:2
arjawinangun,"Arjawinangun, Cirebon",2026-09-17,32.09.24.2004,Arjawinangun,kecamatan,no,-6.6453,108.4103,Asia/Jakarta,"BMKG point: Arjawinangun, Kecamatan Arjawinangun",17-09-2026,METEOFRANCE,Open-Meteo / Meteo-France,08:00,2026-09-17 08:00:00,28.8,58.0,0.0,17.5,0.0,1.5474,Cerah Berawan,wmo:2
arjawinangun,"Arjawinangun, Cirebon",2026-09-17,32.09.24.2004,Arjawinangun,kecamatan,no,-6.6453,108.4103,Asia/Jakarta,"BMKG point: Arjawinangun, Kecamatan Arjawinangun",17-09-2026,METEOFRANCE,Open-Meteo / Meteo-France,09:00,2026-09-17 09:00:00,30.8,51.0,0.0,16.5,0.0,1.5474,Cerah Berawan,wmo:1
arjawinangun,"Arjawinangun, Cirebon",2026-09-17,32.09.24.2004,Arjawinangun,kecamatan,no,-6.6453,108.4103,Asia/Jakarta,"BMKG point: Arjawinangun, Kecamatan Arjawinangun",17-09-2026,METEOFRANCE,Open-Meteo / Meteo-France,10:00,2026-09-17 10:00:00,32.5,45.0,0.0,15.0,0.0,1.5474,Cerah Berawan,wmo:1
arjawinangun,"Arjawinangun, Cirebon",2026-09-17,32.09.24.2004,Arjawinangun,kecamatan,no,-6.6453,108.4103,Asia/Jakarta,"BMKG point: Arjawinangun, Kecamatan Arjawinangun",17-09-2026,METEOFRANCE,Open-Meteo / Meteo-France,11:00,2026-09-17 11:00:00,34.0,41.0,0.0,14.3,0.0,1.5474,Cerah,wmo:0
arjawinangun,"Arjawinangun, Cirebon",2026-09-17,32.09.24.2004,Arjawinangun,kecamatan,no,-6.6453,108.4103,Asia/Jakarta,"BMKG point: Arjawinangun, Kecamatan Arjawinangun",17-09-2026,METEOFRANCE,Open-Meteo / Meteo-France,12:00,2026-09-17 12:00:00,35.2,38.0,0.0,13.9,0.0,1.5474,Cerah,wmo:0
arjawinangun,"Arjawinangun, Cirebon",2026-09-17,32.09.24.2004,Arjawinangun,kecamatan,no,-6.6453,108.4103,Asia/Jakarta,"BMKG point: Arjawinangun, Kecamatan Arjawinangun",17-09-2026,METEOFRANCE,Open-Meteo / Meteo-France,13:00,2026-09-17 13:00:00,36.0,36.0,0.0,14.6,0.0,1.5474,Cerah,wmo:0
arjawinangun,"Arjawinangun, Cirebon",2026-09-17,32.09.24.2004,Arjawinangun,kecamatan,no,-6.6453,108.4103,Asia/Jakarta,"BMKG point: Arjawinangun, Kecamatan Arjawinangun",17-09-2026,METEOFRANCE,Open-Meteo / Meteo-France,14:00,2026-09-17 14:00:00,36.0,37.0,0.0,17.6,0.0,1.5474,Cerah,wmo:0
arjawinangun,"Arjawinangun, Cirebon",2026-09-17,32.09.24.2004,Arjawinangun,kecamatan,no,-6.6453,108.4103,Asia/Jakarta,"BMKG point: Arjawinangun, Kecamatan Arjawinangun",17-09-2026,METEOFRANCE,Open-Meteo / Meteo-France,15:00,2026-09-17 15:00:00,34.9,41.0,0.0,20.8,0.0,1.5474,Cerah Berawan,wmo:1
arjawinangun,"Arjawinangun, Cirebon",2026-09-17,32.09.24.2004,Arjawinangun,kecamatan,no,-6.6453,108.4103,Asia/Jakarta,"BMKG point: Arjawinangun, Kecamatan Arjawinangun",17-09-2026,METEOFRANCE,Open-Meteo / Meteo-France,16:00,2026-09-17 16:00:00,32.7,50.0,0.0,20.7,0.0,1.5474,Cerah Berawan,wmo:1
arjawinangun,"Arjawinangun, Cirebon",2026-09-17,32.09.24.2004,Arjawinangun,kecamatan,no,-6.6453,108.4103,Asia/Jakarta,"BMKG point: Arjawinangun, Kecamatan Arjawinangun",17-09-2026,METEOFRANCE,Open-Meteo / Meteo-France,17:00,2026-09-17 17:00:00,30.8,59.0,0.0,15.6,0.0,1.5474,Cerah Berawan,wmo:2
arjawinangun,"Arjawinangun, Cirebon",2026-09-17,32.09.24.2004,Arjawinangun,kecamatan,no,-6.6453,108.4103,Asia/Jakarta,"BMKG point: Arjawinangun, Kecamatan Arjawinangun",17-09-2026,METEOFRANCE,Open-Meteo / Meteo-France,18:00,2026-09-17 18:00:00,29.7,65.0,0.0,9.2,0.0,1.5474,Berawan,wmo:3
arjawinangun,"Arjawinangun, Cirebon",2026-09-17,32.09.24.2004,Arjawinangun,kecamatan,no,-6.6453,108.4103,Asia/Jakarta,"BMKG point: Arjawinangun, Kecamatan Arjawinangun",17-09-2026,METEOFRANCE,Open-Meteo / Meteo-France,19:00,2026-09-17 19:00:00,29.2,68.0,0.0,6.1,0.0,1.5474,Cerah Berawan,wmo:2
arjawinangun,"Arjawinangun, Cirebon",2026-09-17,32.09.24.2004,Arjawinangun,kecamatan,no,-6.6453,108.4103,Asia/Jakarta,"BMKG point: Arjawinangun, Kecamatan Arjawinangun",17-09-2026,METEOFRANCE,Open-Meteo / Meteo-France,20:00,2026-09-17 20:00:00,29.0,70.0,0.0,6.0,0.0,1.5474,Cerah Berawan,wmo:2
arjawinangun,"Arjawinangun, Cirebon",2026-09-17,32.09.24.2004,Arjawinangun,kecamatan,no,-6.6453,108.4103,Asia/Jakarta,"BMKG point: Arjawinangun, Kecamatan Arjawinangun",17-09-2026,METEOFRANCE,Open-Meteo / Meteo-France,21:00,2026-09-17 21:00:00,28.8,72.0,0.1,5.4,0.0,1.5474,Hujan Ringan,wmo:51
arjawinangun,"Arjawinangun, Cirebon",2026-09-17,32.09.24.2004,Arjawinangun,kecamatan,no,-6.6453,108.4103,Asia/Jakarta,"BMKG point: Arjawinangun, Kecamatan Arjawinangun",17-09-2026,METEOFRANCE,Open-Meteo / Meteo-France,22:00,2026-09-17 22:00:00,28.5,75.0,0.2,5.5,0.0,1.5474,Hujan Ringan,wmo:51
arjawinangun,"Arjawinangun, Cirebon",2026-09-17,32.09.24.2004,Arjawinangun,kecamatan,no,-6.6453,108.4103,Asia/Jakarta,"BMKG point: Arjawinangun, Kecamatan Arjawinangun",17-09-2026,METEOFRANCE,Open-Meteo / Meteo-France,23:00,2026-09-17 23:00:00,28.0,80.0,0.4,4.9,0.0,1.5474,Hujan Ringan,wmo:51
arjawinangun,"Arjawinangun, Cirebon",2026-09-17,32.09.24.2004,Arjawinangun,kecamatan,no,-6.6453,108.4103,Asia/Jakarta,"BMKG point: Arjawinangun, Kecamatan Arjawinangun",17-09-2026,METNO,MET Norway,00:00,2026-09-17 00:00:00,26.3,67.0,0.0,9.36,0.0,1.3604,Cerah,clearsky_night
arjawinangun,"Arjawinangun, Cirebon",2026-09-17,32.09.24.2004,Arjawinangun,kecamatan,no,-6.6453,108.4103,Asia/Jakarta,"BMKG point: Arjawinangun, Kecamatan Arjawinangun",17-09-2026,METNO,MET Norway,01:00,2026-09-17 01:00:00,25.5,70.3,0.0,7.92,0.0,1.3604,Cerah,clearsky_night
arjawinangun,"Arjawinangun, Cirebon",2026-09-17,32.09.24.2004,Arjawinangun,kecamatan,no,-6.6453,108.4103,Asia/Jakarta,"BMKG point: Arjawinangun, Kecamatan Arjawinangun",17-09-2026,METNO,MET Norway,02:00,2026-09-17 02:00:00,24.9,71.9,0.0,6.48,0.0,1.3604,Cerah Berawan,fair_night
arjawinangun,"Arjawinangun, Cirebon",2026-09-17,32.09.24.2004,Arjawinangun,kecamatan,no,-6.6453,108.4103,Asia/Jakarta,"BMKG point: Arjawinangun, Kecamatan Arjawinangun",17-09-2026,METNO,MET Norway,03:00,2026-09-17 03:00:00,24.3,73.7,0.0,5.76,0.0,1.3604,Cerah Berawan,partlycloudy_night
arjawinangun,"Arjawinangun, Cirebon",2026-09-17,32.09.24.2004,Arjawinangun,kecamatan,no,-6.6453,108.4103,Asia/Jakarta,"BMKG point: Arjawinangun, Kecamatan Arjawinangun",17-09-2026,METNO,MET Norway,04:00,2026-09-17 04:00:00,23.8,76.2,0.0,4.68,0.0,1.3604,Cerah Berawan,partlycloudy_night
arjawinangun,"Arjawinangun, Cirebon",2026-09-17,32.09.24.2004,Arjawinangun,kecamatan,no,-6.6453,108.4103,Asia/Jakarta,"BMKG point: Arjawinangun, Kecamatan Arjawinangun",17-09-2026,METNO,MET Norway,05:00,2026-09-17 05:00:00,23.5,77.7,0.0,3.96,0.0,1.3604,Cerah Berawan,partlycloudy_night
arjawinangun,"Arjawinangun, Cirebon",2026-09-17,32.09.24.2004,Arjawinangun,kecamatan,no,-6.6453,108.4103,Asia/Jakarta,"BMKG point: Arjawinangun, Kecamatan Arjawinangun",17-09-2026,METNO,MET Norway,06:00,2026-09-17 06:00:00,23.2,78.0,0.0,4.32,0.0,1.3604,Cerah Berawan,partlycloudy_day
arjawinangun,"Arjawinangun, Cirebon",2026-09-17,32.09.24.2004,Arjawinangun,kecamatan,no,-6.6453,108.4103,Asia/Jakarta,"BMKG point: Arjawinangun, Kecamatan Arjawinangun",17-09-2026,METNO,MET Norway,07:00,2026-09-17 07:00:00,25.2,67.4,0.0,5.04,0.0,1.3604,Cerah Berawan,partlycloudy_day
arjawinangun,"Arjawinangun, Cirebon",2026-09-17,32.09.24.2004,Arjawinangun,kecamatan,no,-6.6453,108.4103,Asia/Jakarta,"BMKG point: Arjawinangun, Kecamatan Arjawinangun",17-09-2026,METNO,MET Norway,08:00,2026-09-17 08:00:00,27.9,54.1,0.0,6.84,0.0,1.3604,Cerah Berawan,partlycloudy_day
arjawinangun,"Arjawinangun, Cirebon",2026-09-17,32.09.24.2004,Arjawinangun,kecamatan,no,-6.6453,108.4103,Asia/Jakarta,"BMKG point: Arjawinangun, Kecamatan Arjawinangun",17-09-2026,METNO,MET Norway,09:00,2026-09-17 09:00:00,30.8,43.9,0.0,10.8,0.0,1.3604,Cerah Berawan,partlycloudy_day
arjawinangun,"Arjawinangun, Cirebon",2026-09-17,32.09.24.2004,Arjawinangun,kecamatan,no,-6.6453,108.4103,Asia/Jakarta,"BMKG point: Arjawinangun, Kecamatan Arjawinangun",17-09-2026,METNO,MET Norway,10:00,2026-09-17 10:00:00,33.0,36.0,0.0,14.4,0.0,1.3604,Cerah Berawan,partlycloudy_day
arjawinangun,"Arjawinangun, Cirebon",2026-09-17,32.09.24.2004,Arjawinangun,kecamatan,no,-6.6453,108.4103,Asia/Jakarta,"BMKG point: Arjawinangun, Kecamatan Arjawinangun",17-09-2026,METNO,MET Norway,11:00,2026-09-17 11:00:00,34.8,31.5,0.0,18.36,0.0,1.3604,Cerah Berawan,fair_day
arjawinangun,"Arjawinangun, Cirebon",2026-09-17,32.09.24.2004,Arjawinangun,kecamatan,no,-6.6453,108.4103,Asia/Jakarta,"BMKG point: Arjawinangun, Kecamatan Arjawinangun",17-09-2026,METNO,MET Norway,12:00,2026-09-17 12:00:00,35.9,30.4,0.0,22.32,0.0,1.3604,Cerah Berawan,fair_day
arjawinangun,"Arjawinangun, Cirebon",2026-09-17,32.09.24.2004,Arjawinangun,kecamatan,no,-6.6453,108.4103,Asia/Jakarta,"BMKG point: Arjawinangun, Kecamatan Arjawinangun",17-09-2026,METNO,MET Norway,13:00,2026-09-17 13:00:00,35.9,32.7,0.0,20.52,0.0,1.3604,Cerah Berawan,fair_day
arjawinangun,"Arjawinangun, Cirebon",2026-09-17,32.09.24.2004,Arjawinangun,kecamatan,no,-6.6453,108.4103,Asia/Jakarta,"BMKG point: Arjawinangun, Kecamatan Arjawinangun",17-09-2026,METNO,MET Norway,14:00,2026-09-17 14:00:00,35.2,36.4,0.0,21.96,0.0,1.3604,Cerah Berawan,fair_day
arjawinangun,"Arjawinangun, Cirebon",2026-09-17,32.09.24.2004,Arjawinangun,kecamatan,no,-6.6453,108.4103,Asia/Jakarta,"BMKG point: Arjawinangun, Kecamatan Arjawinangun",17-09-2026,METNO,MET Norway,15:00,2026-09-17 15:00:00,34.3,39.4,0.0,20.16,0.0,1.3604,Cerah,clearsky_day
arjawinangun,"Arjawinangun, Cirebon",2026-09-17,32.09.24.2004,Arjawinangun,kecamatan,no,-6.6453,108.4103,Asia/Jakarta,"BMKG point: Arjawinangun, Kecamatan Arjawinangun",17-09-2026,METNO,MET Norway,16:00,2026-09-17 16:00:00,32.3,46.7,0.0,22.68,0.0,1.3604,Cerah,clearsky_day
arjawinangun,"Arjawinangun, Cirebon",2026-09-17,32.09.24.2004,Arjawinangun,kecamatan,no,-6.6453,108.4103,Asia/Jakarta,"BMKG point: Arjawinangun, Kecamatan Arjawinangun",17-09-2026,METNO,MET Norway,17:00,2026-09-17 17:00:00,30.2,58.7,0.0,20.88,0.0,1.3604,Cerah,clearsky_day
arjawinangun,"Arjawinangun, Cirebon",2026-09-17,32.09.24.2004,Arjawinangun,kecamatan,no,-6.6453,108.4103,Asia/Jakarta,"BMKG point: Arjawinangun, Kecamatan Arjawinangun",17-09-2026,METNO,MET Norway,18:00,2026-09-17 18:00:00,28.8,66.4,0.0,15.12,0.0,1.3604,Cerah Berawan,fair_night
arjawinangun,"Arjawinangun, Cirebon",2026-09-17,32.09.24.2004,Arjawinangun,kecamatan,no,-6.6453,108.4103,Asia/Jakarta,"BMKG point: Arjawinangun, Kecamatan Arjawinangun",17-09-2026,METNO,MET Norway,19:00,2026-09-17 19:00:00,28.4,71.8,0.0,12.6,0.0,1.3604,Cerah Berawan,fair_night
arjawinangun,"Arjawinangun, Cirebon",2026-09-17,32.09.24.2004,Arjawinangun,kecamatan,no,-6.6453,108.4103,Asia/Jakarta,"BMKG point: Arjawinangun, Kecamatan Arjawinangun",17-09-2026,METNO,MET Norway,20:00,2026-09-17 20:00:00,28.4,72.0,0.0,10.44,0.0,1.3604,Cerah,clearsky_night
arjawinangun,"Arjawinangun, Cirebon",2026-09-17,32.09.24.2004,Arjawinangun,kecamatan,no,-6.6453,108.4103,Asia/Jakarta,"BMKG point: Arjawinangun, Kecamatan Arjawinangun",17-09-2026,METNO,MET Norway,21:00,2026-09-17 21:00:00,28.3,71.6,0.0,12.24,0.0,1.3604,Cerah Berawan,fair_night
arjawinangun,"Arjawinangun, Cirebon",2026-09-17,32.09.24.2004,Arjawinangun,kecamatan,no,-6.6453,108.4103,Asia/Jakarta,"BMKG point: Arjawinangun, Kecamatan Arjawinangun",17-09-2026,METNO,MET Norway,22:00,2026-09-17 22:00:00,28.0,71.6,0.0,12.6,0.0,1.3604,Cerah Berawan,fair_night
arjawinangun,"Arjawinangun, Cirebon",2026-09-17,32.09.24.2004,Arjawinangun,kecamatan,no,-6.6453,108.4103,Asia/Jakarta,"BMKG point: Arjawinangun, Kecamatan Arjawinangun",17-09-2026,METNO,MET Norway,23:00,2026-09-17 23:00:00,27.6,70.0,0.0,11.88,0.0,1.3604,Cerah,clearsky_night
arjawinangun,"Arjawinangun, Cirebon",2026-09-17,32.09.24.2004,Arjawinangun,kecamatan,no,-6.6453,108.4103,Asia/Jakarta,"BMKG point: Arjawinangun, Kecamatan Arjawinangun",17-09-2026,UKMO,Open-Meteo / UK Met Office,00:00,2026-09-17 00:00:00,24.6,76.0,0.0,4.3,0.0,1.3226,Cerah,wmo:0
arjawinangun,"Arjawinangun, Cirebon",2026-09-17,32.09.24.2004,Arjawinangun,kecamatan,no,-6.6453,108.4103,Asia/Jakarta,"BMKG point: Arjawinangun, Kecamatan Arjawinangun",17-09-2026,UKMO,Open-Meteo / UK Met Office,01:00,2026-09-17 01:00:00,24.3,74.0,0.0,5.4,0.0,1.3226,Cerah,wmo:0
arjawinangun,"Arjawinangun, Cirebon",2026-09-17,32.09.24.2004,Arjawinangun,kecamatan,no,-6.6453,108.4103,Asia/Jakarta,"BMKG point: Arjawinangun, Kecamatan Arjawinangun",17-09-2026,UKMO,Open-Meteo / UK Met Office,02:00,2026-09-17 02:00:00,23.8,76.0,0.0,5.0,0.0,1.3226,Cerah,wmo:0
arjawinangun,"Arjawinangun, Cirebon",2026-09-17,32.09.24.2004,Arjawinangun,kecamatan,no,-6.6453,108.4103,Asia/Jakarta,"BMKG point: Arjawinangun, Kecamatan Arjawinangun",17-09-2026,UKMO,Open-Meteo / UK Met Office,03:00,2026-09-17 03:00:00,23.3,77.0,0.0,4.7,0.0,1.3226,Cerah,wmo:0
arjawinangun,"Arjawinangun, Cirebon",2026-09-17,32.09.24.2004,Arjawinangun,kecamatan,no,-6.6453,108.4103,Asia/Jakarta,"BMKG point: Arjawinangun, Kecamatan Arjawinangun",17-09-2026,UKMO,Open-Meteo / UK Met Office,04:00,2026-09-17 04:00:00,22.9,81.0,0.0,4.3,0.0,1.3226,Cerah,wmo:0
arjawinangun,"Arjawinangun, Cirebon",2026-09-17,32.09.24.2004,Arjawinangun,kecamatan,no,-6.6453,108.4103,Asia/Jakarta,"BMKG point: Arjawinangun, Kecamatan Arjawinangun",17-09-2026,UKMO,Open-Meteo / UK Met Office,05:00,2026-09-17 05:00:00,22.5,82.0,0.0,4.3,0.0,1.3226,Cerah,wmo:0
arjawinangun,"Arjawinangun, Cirebon",2026-09-17,32.09.24.2004,Arjawinangun,kecamatan,no,-6.6453,108.4103,Asia/Jakarta,"BMKG point: Arjawinangun, Kecamatan Arjawinangun",17-09-2026,UKMO,Open-Meteo / UK Met Office,06:00,2026-09-17 06:00:00,23.0,83.0,0.0,4.3,0.0,1.3226,Cerah,wmo:0
arjawinangun,"Arjawinangun, Cirebon",2026-09-17,32.09.24.2004,Arjawinangun,kecamatan,no,-6.6453,108.4103,Asia/Jakarta,"BMKG point: Arjawinangun, Kecamatan Arjawinangun",17-09-2026,UKMO,Open-Meteo / UK Met Office,07:00,2026-09-17 07:00:00,25.4,67.0,0.0,5.8,0.0,1.3226,Cerah,wmo:0
arjawinangun,"Arjawinangun, Cirebon",2026-09-17,32.09.24.2004,Arjawinangun,kecamatan,no,-6.6453,108.4103,Asia/Jakarta,"BMKG point: Arjawinangun, Kecamatan Arjawinangun",17-09-2026,UKMO,Open-Meteo / UK Met Office,08:00,2026-09-17 08:00:00,27.6,58.0,0.0,9.4,0.0,1.3226,Cerah,wmo:0
arjawinangun,"Arjawinangun, Cirebon",2026-09-17,32.09.24.2004,Arjawinangun,kecamatan,no,-6.6453,108.4103,Asia/Jakarta,"BMKG point: Arjawinangun, Kecamatan Arjawinangun",17-09-2026,UKMO,Open-Meteo / UK Met Office,09:00,2026-09-17 09:00:00,30.0,49.0,0.0,11.9,0.0,1.3226,Cerah,wmo:0
arjawinangun,"Arjawinangun, Cirebon",2026-09-17,32.09.24.2004,Arjawinangun,kecamatan,no,-6.6453,108.4103,Asia/Jakarta,"BMKG point: Arjawinangun, Kecamatan Arjawinangun",17-09-2026,UKMO,Open-Meteo / UK Met Office,10:00,2026-09-17 10:00:00,31.8,42.0,0.0,13.0,0.0,1.3226,Cerah Berawan,wmo:1
arjawinangun,"Arjawinangun, Cirebon",2026-09-17,32.09.24.2004,Arjawinangun,kecamatan,no,-6.6453,108.4103,Asia/Jakarta,"BMKG point: Arjawinangun, Kecamatan Arjawinangun",17-09-2026,UKMO,Open-Meteo / UK Met Office,11:00,2026-09-17 11:00:00,32.7,40.0,0.0,13.3,0.0,1.3226,Cerah Berawan,wmo:1
arjawinangun,"Arjawinangun, Cirebon",2026-09-17,32.09.24.2004,Arjawinangun,kecamatan,no,-6.6453,108.4103,Asia/Jakarta,"BMKG point: Arjawinangun, Kecamatan Arjawinangun",17-09-2026,UKMO,Open-Meteo / UK Met Office,12:00,2026-09-17 12:00:00,33.2,39.0,0.0,14.4,0.0,1.3226,Cerah Berawan,wmo:1
arjawinangun,"Arjawinangun, Cirebon",2026-09-17,32.09.24.2004,Arjawinangun,kecamatan,no,-6.6453,108.4103,Asia/Jakarta,"BMKG point: Arjawinangun, Kecamatan Arjawinangun",17-09-2026,UKMO,Open-Meteo / UK Met Office,13:00,2026-09-17 13:00:00,33.6,38.0,0.0,15.5,0.0,1.3226,Cerah Berawan,wmo:1
arjawinangun,"Arjawinangun, Cirebon",2026-09-17,32.09.24.2004,Arjawinangun,kecamatan,no,-6.6453,108.4103,Asia/Jakarta,"BMKG point: Arjawinangun, Kecamatan Arjawinangun",17-09-2026,UKMO,Open-Meteo / UK Met Office,14:00,2026-09-17 14:00:00,33.3,40.0,0.0,15.8,0.0,1.3226,Cerah Berawan,wmo:1
arjawinangun,"Arjawinangun, Cirebon",2026-09-17,32.09.24.2004,Arjawinangun,kecamatan,no,-6.6453,108.4103,Asia/Jakarta,"BMKG point: Arjawinangun, Kecamatan Arjawinangun",17-09-2026,UKMO,Open-Meteo / UK Met Office,15:00,2026-09-17 15:00:00,32.5,44.0,0.0,15.1,0.0,1.3226,Cerah,wmo:0
arjawinangun,"Arjawinangun, Cirebon",2026-09-17,32.09.24.2004,Arjawinangun,kecamatan,no,-6.6453,108.4103,Asia/Jakarta,"BMKG point: Arjawinangun, Kecamatan Arjawinangun",17-09-2026,UKMO,Open-Meteo / UK Met Office,16:00,2026-09-17 16:00:00,31.6,48.0,0.0,14.8,0.0,1.3226,Cerah,wmo:0
arjawinangun,"Arjawinangun, Cirebon",2026-09-17,32.09.24.2004,Arjawinangun,kecamatan,no,-6.6453,108.4103,Asia/Jakarta,"BMKG point: Arjawinangun, Kecamatan Arjawinangun",17-09-2026,UKMO,Open-Meteo / UK Met Office,17:00,2026-09-17 17:00:00,30.2,55.0,0.0,13.0,0.0,1.3226,Cerah,wmo:0
arjawinangun,"Arjawinangun, Cirebon",2026-09-17,32.09.24.2004,Arjawinangun,kecamatan,no,-6.6453,108.4103,Asia/Jakarta,"BMKG point: Arjawinangun, Kecamatan Arjawinangun",17-09-2026,UKMO,Open-Meteo / UK Met Office,18:00,2026-09-17 18:00:00,29.1,61.0,0.0,9.7,0.0,1.3226,Cerah,wmo:0
arjawinangun,"Arjawinangun, Cirebon",2026-09-17,32.09.24.2004,Arjawinangun,kecamatan,no,-6.6453,108.4103,Asia/Jakarta,"BMKG point: Arjawinangun, Kecamatan Arjawinangun",17-09-2026,UKMO,Open-Meteo / UK Met Office,19:00,2026-09-17 19:00:00,28.4,67.0,0.0,6.8,0.0,1.3226,Cerah,wmo:0
arjawinangun,"Arjawinangun, Cirebon",2026-09-17,32.09.24.2004,Arjawinangun,kecamatan,no,-6.6453,108.4103,Asia/Jakarta,"BMKG point: Arjawinangun, Kecamatan Arjawinangun",17-09-2026,UKMO,Open-Meteo / UK Met Office,20:00,2026-09-17 20:00:00,28.1,71.0,0.0,6.5,0.0,1.3226,Cerah,wmo:0
arjawinangun,"Arjawinangun, Cirebon",2026-09-17,32.09.24.2004,Arjawinangun,kecamatan,no,-6.6453,108.4103,Asia/Jakarta,"BMKG point: Arjawinangun, Kecamatan Arjawinangun",17-09-2026,UKMO,Open-Meteo / UK Met Office,21:00,2026-09-17 21:00:00,27.9,70.0,0.0,6.8,0.0,1.3226,Cerah,wmo:0
arjawinangun,"Arjawinangun, Cirebon",2026-09-17,32.09.24.2004,Arjawinangun,kecamatan,no,-6.6453,108.4103,Asia/Jakarta,"BMKG point: Arjawinangun, Kecamatan Arjawinangun",17-09-2026,UKMO,Open-Meteo / UK Met Office,22:00,2026-09-17 22:00:00,27.5,64.0,0.0,8.3,0.0,1.3226,Cerah,wmo:0
arjawinangun,"Arjawinangun, Cirebon",2026-09-17,32.09.24.2004,Arjawinangun,kecamatan,no,-6.6453,108.4103,Asia/Jakarta,"BMKG point: Arjawinangun, Kecamatan Arjawinangun",17-09-2026,UKMO,Open-Meteo / UK Met Office,23:00,2026-09-17 23:00:00,26.6,65.0,0.0,6.5,0.0,1.3226,Cerah,wmo:0
arjawinangun,"Arjawinangun, Cirebon",2026-09-18,32.09.24.2004,Arjawinangun,kecamatan,no,-6.6453,108.4103,Asia/Jakarta,"BMKG point: Arjawinangun, Kecamatan Arjawinangun",18-09-2026,BMKG,BMKG,00:00,2026-09-18 01:00:00,26.0,74.0,0.0,1.4,60.0,1.3494,Cerah,Cerah
arjawinangun,"Arjawinangun, Cirebon",2026-09-18,32.09.24.2004,Arjawinangun,kecamatan,no,-6.6453,108.4103,Asia/Jakarta,"BMKG point: Arjawinangun, Kecamatan Arjawinangun",18-09-2026,BMKG,BMKG,01:00,2026-09-18 01:00:00,26.0,74.0,0.0,1.4,0.0,1.7991,Cerah,Cerah
arjawinangun,"Arjawinangun, Cirebon",2026-09-18,32.09.24.2004,Arjawinangun,kecamatan,no,-6.6453,108.4103,Asia/Jakarta,"BMKG point: Arjawinangun, Kecamatan Arjawinangun",18-09-2026,BMKG,BMKG,02:00,2026-09-18 01:00:00,26.0,74.0,0.0,1.4,60.0,1.3494,Cerah,Cerah
arjawinangun,"Arjawinangun, Cirebon",2026-09-18,32.09.24.2004,Arjawinangun,kecamatan,no,-6.6453,108.4103,Asia/Jakarta,"BMKG point: Arjawinangun, Kecamatan Arjawinangun",18-09-2026,BMKG,BMKG,03:00,2026-09-18 04:00:00,24.0,74.0,0.0,1.6,60.0,1.3494,Cerah,Cerah
arjawinangun,"Arjawinangun, Cirebon",2026-09-18,32.09.24.2004,Arjawinangun,kecamatan,no,-6.6453,108.4103,Asia/Jakarta,"BMKG point: Arjawinangun, Kecamatan Arjawinangun",18-09-2026,BMKG,BMKG,04:00,2026-09-18 04:00:00,24.0,74.0,0.0,1.6,0.0,1.7991,Cerah,Cerah
arjawinangun,"Arjawinangun, Cirebon",2026-09-18,32.09.24.2004,Arjawinangun,kecamatan,no,-6.6453,108.4103,Asia/Jakarta,"BMKG point: Arjawinangun, Kecamatan Arjawinangun",18-09-2026,BMKG,BMKG,05:00,2026-09-18 04:00:00,24.0,74.0,0.0,1.6,60.0,1.3494,Cerah,Cerah
arjawinangun,"Arjawinangun, Cirebon",2026-09-18,32.09.24.2004,Arjawinangun,kecamatan,no,-6.6453,108.4103,Asia/Jakarta,"BMKG point: Arjawinangun, Kecamatan Arjawinangun",18-09-2026,BMKG,BMKG,06:00,2026-09-18 07:00:00,28.0,55.0,0.0,3.1,60.0,1.3494,Cerah,Cerah
arjawinangun,"Arjawinangun, Cirebon",2026-09-18,32.09.24.2004,Arjawinangun,kecamatan,no,-6.6453,108.4103,Asia/Jakarta,"BMKG point: Arjawinangun, Kecamatan Arjawinangun",18-09-2026,BMKG,BMKG,07:00,2026-09-18 07:00:00,28.0,55.0,0.0,3.1,0.0,1.7991,Cerah,Cerah
arjawinangun,"Arjawinangun, Cirebon",2026-09-18,32.09.24.2004,Arjawinangun,kecamatan,no,-6.6453,108.4103,Asia/Jakarta,"BMKG point: Arjawinangun, Kecamatan Arjawinangun",18-09-2026,BMKG,BMKG,08:00,2026-09-18 07:00:00,28.0,55.0,0.0,3.1,60.0,1.3494,Cerah,Cerah
arjawinangun,"Arjawinangun, Cirebon",2026-09-18,32.09.24.2004,Arjawinangun,kecamatan,no,-6.6453,108.4103,Asia/Jakarta,"BMKG point: Arjawinangun, Kecamatan Arjawinangun",18-09-2026,BMKG,BMKG,09:00,2026-09-18 10:00:00,34.0,44.0,0.0,10.8,60.0,1.3494,Cerah,Cerah
arjawinangun,"Arjawinangun, Cirebon",2026-09-18,32.09.24.2004,Arjawinangun,kecamatan,no,-6.6453,108.4103,Asia/Jakarta,"BMKG point: Arjawinangun, Kecamatan Arjawinangun",18-09-2026,BMKG,BMKG,10:00,2026-09-18 10:00:00,34.0,44.0,0.0,10.8,0.0,1.7991,Cerah,Cerah
arjawinangun,"Arjawinangun, Cirebon",2026-09-18,32.09.24.2004,Arjawinangun,kecamatan,no,-6.6453,108.4103,Asia/Jakarta,"BMKG point: Arjawinangun, Kecamatan Arjawinangun",18-09-2026,BMKG,BMKG,11:00,2026-09-18 10:00:00,34.0,44.0,0.0,10.8,60.0,1.3494,Cerah,Cerah
arjawinangun,"Arjawinangun, Cirebon",2026-09-18,32.09.24.2004,Arjawinangun,kecamatan,no,-6.6453,108.4103,Asia/Jakarta,"BMKG point: Arjawinangun, Kecamatan Arjawinangun",18-09-2026,BMKG,BMKG,12:00,2026-09-18 13:00:00,34.0,44.0,0.0,15.7,60.0,1.3494,Cerah,Cerah
arjawinangun,"Arjawinangun, Cirebon",2026-09-18,32.09.24.2004,Arjawinangun,kecamatan,no,-6.6453,108.4103,Asia/Jakarta,"BMKG point: Arjawinangun, Kecamatan Arjawinangun",18-09-2026,BMKG,BMKG,13:00,2026-09-18 13:00:00,34.0,44.0,0.0,15.7,0.0,1.7991,Cerah,Cerah
arjawinangun,"Arjawinangun, Cirebon",2026-09-18,32.09.24.2004,Arjawinangun,kecamatan,no,-6.6453,108.4103,Asia/Jakarta,"BMKG point: Arjawinangun, Kecamatan Arjawinangun",18-09-2026,BMKG,BMKG,14:00,2026-09-18 13:00:00,34.0,44.0,0.0,15.7,60.0,1.3494,Cerah,Cerah
arjawinangun,"Arjawinangun, Cirebon",2026-09-18,32.09.24.2004,Arjawinangun,kecamatan,no,-6.6453,108.4103,Asia/Jakarta,"BMKG point: Arjawinangun, Kecamatan Arjawinangun",18-09-2026,BMKG,BMKG,15:00,2026-09-18 16:00:00,30.0,62.0,0.0,15.6,60.0,1.3494,Cerah,Cerah
arjawinangun,"Arjawinangun, Cirebon",2026-09-18,32.09.24.2004,Arjawinangun,kecamatan,no,-6.6453,108.4103,Asia/Jakarta,"BMKG point: Arjawinangun, Kecamatan Arjawinangun",18-09-2026,BMKG,BMKG,16:00,2026-09-18 16:00:00,30.0,62.0,0.0,15.6,0.0,1.7991,Cerah,Cerah
arjawinangun,"Arjawinangun, Cirebon",2026-09-18,32.09.24.2004,Arjawinangun,kecamatan,no,-6.6453,108.4103,Asia/Jakarta,"BMKG point: Arjawinangun, Kecamatan Arjawinangun",18-09-2026,BMKG,BMKG,17:00,2026-09-18 16:00:00,30.0,62.0,0.0,15.6,60.0,1.3494,Cerah,Cerah
arjawinangun,"Arjawinangun, Cirebon",2026-09-18,32.09.24.2004,Arjawinangun,kecamatan,no,-6.6453,108.4103,Asia/Jakarta,"BMKG point: Arjawinangun, Kecamatan Arjawinangun",18-09-2026,BMKG,BMKG,18:00,2026-09-18 19:00:00,25.0,95.0,1.5,3.2,60.0,1.3494,Hujan Ringan,Hujan Ringan
arjawinangun,"Arjawinangun, Cirebon",2026-09-18,32.09.24.2004,Arjawinangun,kecamatan,no,-6.6453,108.4103,Asia/Jakarta,"BMKG point: Arjawinangun, Kecamatan Arjawinangun",18-09-2026,BMKG,BMKG,19:00,2026-09-18 19:00:00,25.0,95.0,1.5,3.2,0.0,1.7991,Hujan Ringan,Hujan Ringan
arjawinangun,"Arjawinangun, Cirebon",2026-09-18,32.09.24.2004,Arjawinangun,kecamatan,no,-6.6453,108.4103,Asia/Jakarta,"BMKG point: Arjawinangun, Kecamatan Arjawinangun",18-09-2026,BMKG,BMKG,20:00,2026-09-18 19:00:00,25.0,95.0,1.5,3.2,60.0,1.3494,Hujan Ringan,Hujan Ringan
arjawinangun,"Arjawinangun, Cirebon",2026-09-18,32.09.24.2004,Arjawinangun,kecamatan,no,-6.6453,108.4103,Asia/Jakarta,"BMKG point: Arjawinangun, Kecamatan Arjawinangun",18-09-2026,BMKG,BMKG,21:00,2026-09-18 22:00:00,25.0,93.0,0.0,2.9,60.0,1.3494,Berawan,Berawan
arjawinangun,"Arjawinangun, Cirebon",2026-09-18,32.09.24.2004,Arjawinangun,kecamatan,no,-6.6453,108.4103,Asia/Jakarta,"BMKG point: Arjawinangun, Kecamatan Arjawinangun",18-09-2026,BMKG,BMKG,22:00,2026-09-18 22:00:00,25.0,93.0,0.0,2.9,0.0,1.7991,Berawan,Berawan
arjawinangun,"Arjawinangun, Cirebon",2026-09-18,32.09.24.2004,Arjawinangun,kecamatan,no,-6.6453,108.4103,Asia/Jakarta,"BMKG point: Arjawinangun, Kecamatan Arjawinangun",18-09-2026,BMKG,BMKG,23:00,2026-09-18 22:00:00,25.0,93.0,0.0,2.9,60.0,1.3494,Berawan,Berawan
arjawinangun,"Arjawinangun, Cirebon",2026-09-18,32.09.24.2004,Arjawinangun,kecamatan,no,-6.6453,108.4103,Asia/Jakarta,"BMKG point: Arjawinangun, Kecamatan Arjawinangun",18-09-2026,CMA,Open-Meteo / CMA GRAPES,00:00,2026-09-18 00:00:00,25.2,82.0,0.0,8.0,0.0,1.1568,Cerah Berawan,wmo:1
arjawinangun,"Arjawinangun, Cirebon",2026-09-18,32.09.24.2004,Arjawinangun,kecamatan,no,-6.6453,108.4103,Asia/Jakarta,"BMKG point: Arjawinangun, Kecamatan Arjawinangun",18-09-2026,CMA,Open-Meteo / CMA GRAPES,01:00,2026-09-18 01:00:00,24.7,83.0,0.0,8.0,0.0,1.1568,Cerah,wmo:0
arjawinangun,"Arjawinangun, Cirebon",2026-09-18,32.09.24.2004,Arjawinangun,kecamatan,no,-6.6453,108.4103,Asia/Jakarta,"BMKG point: Arjawinangun, Kecamatan Arjawinangun",18-09-2026,CMA,Open-Meteo / CMA GRAPES,02:00,2026-09-18 02:00:00,24.3,84.0,0.0,7.7,0.0,1.1568,Cerah,wmo:0
arjawinangun,"Arjawinangun, Cirebon",2026-09-18,32.09.24.2004,Arjawinangun,kecamatan,no,-6.6453,108.4103,Asia/Jakarta,"BMKG point: Arjawinangun, Kecamatan Arjawinangun",18-09-2026,CMA,Open-Meteo / CMA GRAPES,03:00,2026-09-18 03:00:00,24.0,86.0,0.0,7.4,0.0,1.1568,Cerah,wmo:0
arjawinangun,"Arjawinangun, Cirebon",2026-09-18,32.09.24.2004,Arjawinangun,kecamatan,no,-6.6453,108.4103,Asia/Jakarta,"BMKG point: Arjawinangun, Kecamatan Arjawinangun",18-09-2026,CMA,Open-Meteo / CMA GRAPES,04:00,2026-09-18 04:00:00,24.0,86.0,0.0,7.2,0.0,1.1568,Cerah,wmo:0
arjawinangun,"Arjawinangun, Cirebon",2026-09-18,32.09.24.2004,Arjawinangun,kecamatan,no,-6.6453,108.4103,Asia/Jakarta,"BMKG point: Arjawinangun, Kecamatan Arjawinangun",18-09-2026,CMA,Open-Meteo / CMA GRAPES,05:00,2026-09-18 05:00:00,24.2,85.0,0.0,8.0,0.0,1.1568,Cerah,wmo:0
arjawinangun,"Arjawinangun, Cirebon",2026-09-18,32.09.24.2004,Arjawinangun,kecamatan,no,-6.6453,108.4103,Asia/Jakarta,"BMKG point: Arjawinangun, Kecamatan Arjawinangun",18-09-2026,CMA,Open-Meteo / CMA GRAPES,06:00,2026-09-18 06:00:00,24.7,83.0,0.0,8.7,0.0,1.1568,Cerah,wmo:0
arjawinangun,"Arjawinangun, Cirebon",2026-09-18,32.09.24.2004,Arjawinangun,kecamatan,no,-6.6453,108.4103,Asia/Jakarta,"BMKG point: Arjawinangun, Kecamatan Arjawinangun",18-09-2026,CMA,Open-Meteo / CMA GRAPES,07:00,2026-09-18 07:00:00,25.5,79.0,0.0,9.2,0.0,1.1568,Cerah,wmo:0
arjawinangun,"Arjawinangun, Cirebon",2026-09-18,32.09.24.2004,Arjawinangun,kecamatan,no,-6.6453,108.4103,Asia/Jakarta,"BMKG point: Arjawinangun, Kecamatan Arjawinangun",18-09-2026,CMA,Open-Meteo / CMA GRAPES,08:00,2026-09-18 08:00:00,26.9,71.0,0.0,9.0,0.0,1.1568,Cerah,wmo:0
arjawinangun,"Arjawinangun, Cirebon",2026-09-18,32.09.24.2004,Arjawinangun,kecamatan,no,-6.6453,108.4103,Asia/Jakarta,"BMKG point: Arjawinangun, Kecamatan Arjawinangun",18-09-2026,CMA,Open-Meteo / CMA GRAPES,09:00,2026-09-18 09:00:00,28.6,61.0,0.0,8.4,0.0,1.1568,Cerah,wmo:0
arjawinangun,"Arjawinangun, Cirebon",2026-09-18,32.09.24.2004,Arjawinangun,kecamatan,no,-6.6453,108.4103,Asia/Jakarta,"BMKG point: Arjawinangun, Kecamatan Arjawinangun",18-09-2026,CMA,Open-Meteo / CMA GRAPES,10:00,2026-09-18 10:00:00,30.1,54.0,0.0,8.5,0.0,1.1568,Cerah,wmo:0
arjawinangun,"Arjawinangun, Cirebon",2026-09-18,32.09.24.2004,Arjawinangun,kecamatan,no,-6.6453,108.4103,Asia/Jakarta,"BMKG point: Arjawinangun, Kecamatan Arjawinangun",18-09-2026,CMA,Open-Meteo / CMA GRAPES,11:00,2026-09-18 11:00:00,31.4,50.0,0.0,9.2,0.0,1.1568,Cerah,wmo:0
arjawinangun,"Arjawinangun, Cirebon",2026-09-18,32.09.24.2004,Arjawinangun,kecamatan,no,-6.6453,108.4103,Asia/Jakarta,"BMKG point: Arjawinangun, Kecamatan Arjawinangun",18-09-2026,CMA,Open-Meteo / CMA GRAPES,12:00,2026-09-18 12:00:00,32.4,49.0,0.0,10.9,0.0,1.1568,Cerah,wmo:0
arjawinangun,"Arjawinangun, Cirebon",2026-09-18,32.09.24.2004,Arjawinangun,kecamatan,no,-6.6453,108.4103,Asia/Jakarta,"BMKG point: Arjawinangun, Kecamatan Arjawinangun",18-09-2026,CMA,Open-Meteo / CMA GRAPES,13:00,2026-09-18 13:00:00,32.8,50.0,0.0,12.2,0.0,1.1568,Cerah,wmo:0
arjawinangun,"Arjawinangun, Cirebon",2026-09-18,32.09.24.2004,Arjawinangun,kecamatan,no,-6.6453,108.4103,Asia/Jakarta,"BMKG point: Arjawinangun, Kecamatan Arjawinangun",18-09-2026,CMA,Open-Meteo / CMA GRAPES,14:00,2026-09-18 14:00:00,32.2,54.0,0.0,13.6,0.0,1.1568,Cerah,wmo:0
arjawinangun,"Arjawinangun, Cirebon",2026-09-18,32.09.24.2004,Arjawinangun,kecamatan,no,-6.6453,108.4103,Asia/Jakarta,"BMKG point: Arjawinangun, Kecamatan Arjawinangun",18-09-2026,CMA,Open-Meteo / CMA GRAPES,15:00,2026-09-18 15:00:00,31.1,61.0,0.0,15.0,0.0,1.1568,Cerah,wmo:0
arjawinangun,"Arjawinangun, Cirebon",2026-09-18,32.09.24.2004,Arjawinangun,kecamatan,no,-6.6453,108.4103,Asia/Jakarta,"BMKG point: Arjawinangun, Kecamatan Arjawinangun",18-09-2026,CMA,Open-Meteo / CMA GRAPES,16:00,2026-09-18 16:00:00,30.0,67.0,0.0,15.3,0.0,1.1568,Cerah,wmo:0
arjawinangun,"Arjawinangun, Cirebon",2026-09-18,32.09.24.2004,Arjawinangun,kecamatan,no,-6.6453,108.4103,Asia/Jakarta,"BMKG point: Arjawinangun, Kecamatan Arjawinangun",18-09-2026,CMA,Open-Meteo / CMA GRAPES,17:00,2026-09-18 17:00:00,29.1,71.0,0.0,14.2,0.0,1.1568,Cerah,wmo:0
arjawinangun,"Arjawinangun, Cirebon",2026-09-18,32.09.24.2004,Arjawinangun,kecamatan,no,-6.6453,108.4103,Asia/Jakarta,"BMKG point: Arjawinangun, Kecamatan Arjawinangun",18-09-2026,CMA,Open-Meteo / CMA GRAPES,18:00,2026-09-18 18:00:00,28.4,74.0,0.0,12.6,0.0,1.1568,Cerah,wmo:0
arjawinangun,"Arjawinangun, Cirebon",2026-09-18,32.09.24.2004,Arjawinangun,kecamatan,no,-6.6453,108.4103,Asia/Jakarta,"BMKG point: Arjawinangun, Kecamatan Arjawinangun",18-09-2026,CMA,Open-Meteo / CMA GRAPES,19:00,2026-09-18 19:00:00,27.7,77.0,0.0,11.4,0.0,1.1568,Cerah,wmo:0
arjawinangun,"Arjawinangun, Cirebon",2026-09-18,32.09.24.2004,Arjawinangun,kecamatan,no,-6.6453,108.4103,Asia/Jakarta,"BMKG point: Arjawinangun, Kecamatan Arjawinangun",18-09-2026,CMA,Open-Meteo / CMA GRAPES,20:00,2026-09-18 20:00:00,27.1,79.0,0.0,9.8,0.0,1.1568,Cerah,wmo:0
arjawinangun,"Arjawinangun, Cirebon",2026-09-18,32.09.24.2004,Arjawinangun,kecamatan,no,-6.6453,108.4103,Asia/Jakarta,"BMKG point: Arjawinangun, Kecamatan Arjawinangun",18-09-2026,CMA,Open-Meteo / CMA GRAPES,21:00,2026-09-18 21:00:00,26.7,80.0,0.0,8.9,0.0,1.1568,Cerah,wmo:0
arjawinangun,"Arjawinangun, Cirebon",2026-09-18,32.09.24.2004,Arjawinangun,kecamatan,no,-6.6453,108.4103,Asia/Jakarta,"BMKG point: Arjawinangun, Kecamatan Arjawinangun",18-09-2026,CMA,Open-Meteo / CMA GRAPES,22:00,2026-09-18 22:00:00,26.3,80.0,0.0,9.3,0.0,1.1568,Cerah,wmo:0
arjawinangun,"Arjawinangun, Cirebon",2026-09-18,32.09.24.2004,Arjawinangun,kecamatan,no,-6.6453,108.4103,Asia/Jakarta,"BMKG point: Arjawinangun, Kecamatan Arjawinangun",18-09-2026,CMA,Open-Meteo / CMA GRAPES,23:00,2026-09-18 23:00:00,25.9,79.0,0.0,9.8,0.0,1.1568,Cerah,wmo:0
arjawinangun,"Arjawinangun, Cirebon",2026-09-18,32.09.24.2004,Arjawinangun,kecamatan,no,-6.6453,108.4103,Asia/Jakarta,"BMKG point: Arjawinangun, Kecamatan Arjawinangun",18-09-2026,ECMWF,Open-Meteo / ECMWF,00:00,2026-09-18 00:00:00,25.7,79.0,0.0,2.2,0.0,1.7101,Cerah Berawan,wmo:1
arjawinangun,"Arjawinangun, Cirebon",2026-09-18,32.09.24.2004,Arjawinangun,kecamatan,no,-6.6453,108.4103,Asia/Jakarta,"BMKG point: Arjawinangun, Kecamatan Arjawinangun",18-09-2026,ECMWF,Open-Meteo / ECMWF,01:00,2026-09-18 01:00:00,25.2,81.0,0.0,2.3,0.0,1.7101,Cerah Berawan,wmo:1
arjawinangun,"Arjawinangun, Cirebon",2026-09-18,32.09.24.2004,Arjawinangun,kecamatan,no,-6.6453,108.4103,Asia/Jakarta,"BMKG point: Arjawinangun, Kecamatan Arjawinangun",18-09-2026,ECMWF,Open-Meteo / ECMWF,02:00,2026-09-18 02:00:00,24.8,82.0,0.0,2.3,0.0,1.7101,Cerah,wmo:0
arjawinangun,"Arjawinangun, Cirebon",2026-09-18,32.09.24.2004,Arjawinangun,kecamatan,no,-6.6453,108.4103,Asia/Jakarta,"BMKG point: Arjawinangun, Kecamatan Arjawinangun",18-09-2026,ECMWF,Open-Meteo / ECMWF,03:00,2026-09-18 03:00:00,24.5,81.0,0.0,2.5,0.0,1.7101,Cerah,wmo:0
arjawinangun,"Arjawinangun, Cirebon",2026-09-18,32.09.24.2004,Arjawinangun,kecamatan,no,-6.6453,108.4103,Asia/Jakarta,"BMKG point: Arjawinangun, Kecamatan Arjawinangun",18-09-2026,ECMWF,Open-Meteo / ECMWF,04:00,2026-09-18 04:00:00,24.5,80.0,0.0,2.5,0.0,1.7101,Cerah,wmo:0
arjawinangun,"Arjawinangun, Cirebon",2026-09-18,32.09.24.2004,Arjawinangun,kecamatan,no,-6.6453,108.4103,Asia/Jakarta,"BMKG point: Arjawinangun, Kecamatan Arjawinangun",18-09-2026,ECMWF,Open-Meteo / ECMWF,05:00,2026-09-18 05:00:00,24.9,78.0,0.0,2.5,0.0,1.7101,Cerah,wmo:0
arjawinangun,"Arjawinangun, Cirebon",2026-09-18,32.09.24.2004,Arjawinangun,kecamatan,no,-6.6453,108.4103,Asia/Jakarta,"BMKG point: Arjawinangun, Kecamatan Arjawinangun",18-09-2026,ECMWF,Open-Meteo / ECMWF,06:00,2026-09-18 06:00:00,25.6,74.0,0.0,3.0,0.0,1.7101,Cerah,wmo:0
arjawinangun,"Arjawinangun, Cirebon",2026-09-18,32.09.24.2004,Arjawinangun,kecamatan,no,-6.6453,108.4103,Asia/Jakarta,"BMKG point: Arjawinangun, Kecamatan Arjawinangun",18-09-2026,ECMWF,Open-Meteo / ECMWF,07:00,2026-09-18 07:00:00,26.7,69.0,0.0,2.5,0.0,1.7101,Cerah,wmo:0
arjawinangun,"Arjawinangun, Cirebon",2026-09-18,32.09.24.2004,Arjawinangun,kecamatan,no,-6.6453,108.4103,Asia/Jakarta,"BMKG point: Arjawinangun, Kecamatan Arjawinangun",18-09-2026,ECMWF,Open-Meteo / ECMWF,08:00,2026-09-18 08:00:00,28.6,60.0,0.0,3.1,0.0,1.7101,Cerah,wmo:0
arjawinangun,"Arjawinangun, Cirebon",2026-09-18,32.09.24.2004,Arjawinangun,kecamatan,no,-6.6453,108.4103,Asia/Jakarta,"BMKG point: Arjawinangun, Kecamatan Arjawinangun",18-09-2026,ECMWF,Open-Meteo / ECMWF,09:00,2026-09-18 09:00:00,31.0,50.0,0.0,6.6,0.0,1.7101,Cerah,wmo:0
arjawinangun,"Arjawinangun, Cirebon",2026-09-18,32.09.24.2004,Arjawinangun,kecamatan,no,-6.6453,108.4103,Asia/Jakarta,"BMKG point: Arjawinangun, Kecamatan Arjawinangun",18-09-2026,ECMWF,Open-Meteo / ECMWF,10:00,2026-09-18 10:00:00,32.7,43.0,0.0,9.4,0.0,1.7101,Cerah,wmo:0
arjawinangun,"Arjawinangun, Cirebon",2026-09-18,32.09.24.2004,Arjawinangun,kecamatan,no,-6.6453,108.4103,Asia/Jakarta,"BMKG point: Arjawinangun, Kecamatan Arjawinangun",18-09-2026,ECMWF,Open-Meteo / ECMWF,11:00,2026-09-18 11:00:00,33.3,43.0,0.0,11.5,0.0,1.7101,Cerah,wmo:0
arjawinangun,"Arjawinangun, Cirebon",2026-09-18,32.09.24.2004,Arjawinangun,kecamatan,no,-6.6453,108.4103,Asia/Jakarta,"BMKG point: Arjawinangun, Kecamatan Arjawinangun",18-09-2026,ECMWF,Open-Meteo / ECMWF,12:00,2026-09-18 12:00:00,33.4,46.0,0.0,13.5,0.0,1.7101,Cerah,wmo:0
arjawinangun,"Arjawinangun, Cirebon",2026-09-18,32.09.24.2004,Arjawinangun,kecamatan,no,-6.6453,108.4103,Asia/Jakarta,"BMKG point: Arjawinangun, Kecamatan Arjawinangun",18-09-2026,ECMWF,Open-Meteo / ECMWF,13:00,2026-09-18 13:00:00,33.0,50.0,0.0,14.9,0.0,1.7101,Cerah,wmo:0
arjawinangun,"Arjawinangun, Cirebon",2026-09-18,32.09.24.2004,Arjawinangun,kecamatan,no,-6.6453,108.4103,Asia/Jakarta,"BMKG point: Arjawinangun, Kecamatan Arjawinangun",18-09-2026,ECMWF,Open-Meteo / ECMWF,14:00,2026-09-18 14:00:00,32.3,54.0,0.1,15.0,0.0,1.7101,Hujan Ringan,wmo:51
arjawinangun,"Arjawinangun, Cirebon",2026-09-18,32.09.24.2004,Arjawinangun,kecamatan,no,-6.6453,108.4103,Asia/Jakarta,"BMKG point: Arjawinangun, Kecamatan Arjawinangun",18-09-2026,ECMWF,Open-Meteo / ECMWF,15:00,2026-09-18 15:00:00,31.2,59.0,0.1,13.9,0.0,1.7101,Hujan Ringan,wmo:51
arjawinangun,"Arjawinangun, Cirebon",2026-09-18,32.09.24.2004,Arjawinangun,kecamatan,no,-6.6453,108.4103,Asia/Jakarta,"BMKG point: Arjawinangun, Kecamatan Arjawinangun",18-09-2026,ECMWF,Open-Meteo / ECMWF,16:00,2026-09-18 16:00:00,30.2,64.0,0.1,12.4,0.0,1.7101,Hujan Ringan,wmo:51
arjawinangun,"Arjawinangun, Cirebon",2026-09-18,32.09.24.2004,Arjawinangun,kecamatan,no,-6.6453,108.4103,Asia/Jakarta,"BMKG point: Arjawinangun, Kecamatan Arjawinangun",18-09-2026,ECMWF,Open-Meteo / ECMWF,17:00,2026-09-18 17:00:00,29.3,68.0,0.1,10.9,0.0,1.7101,Hujan Ringan,wmo:51
arjawinangun,"Arjawinangun, Cirebon",2026-09-18,32.09.24.2004,Arjawinangun,kecamatan,no,-6.6453,108.4103,Asia/Jakarta,"BMKG point: Arjawinangun, Kecamatan Arjawinangun",18-09-2026,ECMWF,Open-Meteo / ECMWF,18:00,2026-09-18 18:00:00,28.6,72.0,0.1,9.7,0.0,1.7101,Hujan Ringan,wmo:51
arjawinangun,"Arjawinangun, Cirebon",2026-09-18,32.09.24.2004,Arjawinangun,kecamatan,no,-6.6453,108.4103,Asia/Jakarta,"BMKG point: Arjawinangun, Kecamatan Arjawinangun",18-09-2026,ECMWF,Open-Meteo / ECMWF,19:00,2026-09-18 19:00:00,27.9,76.0,0.1,8.3,0.0,1.7101,Hujan Ringan,wmo:51
arjawinangun,"Arjawinangun, Cirebon",2026-09-18,32.09.24.2004,Arjawinangun,kecamatan,no,-6.6453,108.4103,Asia/Jakarta,"BMKG point: Arjawinangun, Kecamatan Arjawinangun",18-09-2026,ECMWF,Open-Meteo / ECMWF,20:00,2026-09-18 20:00:00,27.4,80.0,0.4,6.1,0.0,1.7101,Hujan Ringan,wmo:51
arjawinangun,"Arjawinangun, Cirebon",2026-09-18,32.09.24.2004,Arjawinangun,kecamatan,no,-6.6453,108.4103,Asia/Jakarta,"BMKG point: Arjawinangun, Kecamatan Arjawinangun",18-09-2026,ECMWF,Open-Meteo / ECMWF,21:00,2026-09-18 21:00:00,27.0,84.0,0.4,2.9,0.0,1.7101,Hujan Ringan,wmo:51
arjawinangun,"Arjawinangun, Cirebon",2026-09-18,32.09.24.2004,Arjawinangun,kecamatan,no,-6.6453,108.4103,Asia/Jakarta,"BMKG point: Arjawinangun, Kecamatan Arjawinangun",18-09-2026,ECMWF,Open-Meteo / ECMWF,22:00,2026-09-18 22:00:00,26.6,87.0,0.4,0.7,0.0,1.7101,Hujan Ringan,wmo:51
arjawinangun,"Arjawinangun, Cirebon",2026-09-18,32.09.24.2004,Arjawinangun,kecamatan,no,-6.6453,108.4103,Asia/Jakarta,"BMKG point: Arjawinangun, Kecamatan Arjawinangun",18-09-2026,ECMWF,Open-Meteo / ECMWF,23:00,2026-09-18 23:00:00,26.2,89.0,0.0,0.0,0.0,1.7101,Cerah Berawan,wmo:2
arjawinangun,"Arjawinangun, Cirebon",2026-09-18,32.09.24.2004,Arjawinangun,kecamatan,no,-6.6453,108.4103,Asia/Jakarta,"BMKG point: Arjawinangun, Kecamatan Arjawinangun",18-09-2026,GFS,Open-Meteo / NOAA GFS,00:00,2026-09-18 00:00:00,25.8,68.0,0.0,5.4,0.0,1.4058,Cerah,wmo:0
arjawinangun,"Arjawinangun, Cirebon",2026-09-18,32.09.24.2004,Arjawinangun,kecamatan,no,-6.6453,108.4103,Asia/Jakarta,"BMKG point: Arjawinangun, Kecamatan Arjawinangun",18-09-2026,GFS,Open-Meteo / NOAA GFS,01:00,2026-09-18 01:00:00,25.3,67.0,0.0,5.0,0.0,1.4058,Cerah,wmo:0
arjawinangun,"Arjawinangun, Cirebon",2026-09-18,32.09.24.2004,Arjawinangun,kecamatan,no,-6.6453,108.4103,Asia/Jakarta,"BMKG point: Arjawinangun, Kecamatan Arjawinangun",18-09-2026,GFS,Open-Meteo / NOAA GFS,02:00,2026-09-18 02:00:00,25.1,67.0,0.0,5.9,0.0,1.4058,Cerah Berawan,wmo:2
arjawinangun,"Arjawinangun, Cirebon",2026-09-18,32.09.24.2004,Arjawinangun,kecamatan,no,-6.6453,108.4103,Asia/Jakarta,"BMKG point: Arjawinangun, Kecamatan Arjawinangun",18-09-2026,GFS,Open-Meteo / NOAA GFS,03:00,2026-09-18 03:00:00,24.8,67.0,0.0,4.3,0.0,1.4058,Cerah Berawan,wmo:2
arjawinangun,"Arjawinangun, Cirebon",2026-09-18,32.09.24.2004,Arjawinangun,kecamatan,no,-6.6453,108.4103,Asia/Jakarta,"BMKG point: Arjawinangun, Kecamatan Arjawinangun",18-09-2026,GFS,Open-Meteo / NOAA GFS,04:00,2026-09-18 04:00:00,24.6,66.0,0.0,5.1,0.0,1.4058,Cerah Berawan,wmo:1
arjawinangun,"Arjawinangun, Cirebon",2026-09-18,32.09.24.2004,Arjawinangun,kecamatan,no,-6.6453,108.4103,Asia/Jakarta,"BMKG point: Arjawinangun, Kecamatan Arjawinangun",18-09-2026,GFS,Open-Meteo / NOAA GFS,05:00,2026-09-18 05:00:00,24.3,66.0,0.0,5.4,0.0,1.4058,Cerah,wmo:0
arjawinangun,"Arjawinangun, Cirebon",2026-09-18,32.09.24.2004,Arjawinangun,kecamatan,no,-6.6453,108.4103,Asia/Jakarta,"BMKG point: Arjawinangun, Kecamatan Arjawinangun",18-09-2026,GFS,Open-Meteo / NOAA GFS,06:00,2026-09-18 06:00:00,24.7,64.0,0.0,5.2,0.0,1.4058,Berawan,wmo:3
arjawinangun,"Arjawinangun, Cirebon",2026-09-18,32.09.24.2004,Arjawinangun,kecamatan,no,-6.6453,108.4103,Asia/Jakarta,"BMKG point: Arjawinangun, Kecamatan Arjawinangun",18-09-2026,GFS,Open-Meteo / NOAA GFS,07:00,2026-09-18 07:00:00,26.9,56.0,0.0,2.3,0.0,1.4058,Cerah Berawan,wmo:2
arjawinangun,"Arjawinangun, Cirebon",2026-09-18,32.09.24.2004,Arjawinangun,kecamatan,no,-6.6453,108.4103,Asia/Jakarta,"BMKG point: Arjawinangun, Kecamatan Arjawinangun",18-09-2026,GFS,Open-Meteo / NOAA GFS,08:00,2026-09-18 08:00:00,29.4,48.0,0.0,3.9,0.0,1.4058,Cerah,wmo:0
arjawinangun,"Arjawinangun, Cirebon",2026-09-18,32.09.24.2004,Arjawinangun,kecamatan,no,-6.6453,108.4103,Asia/Jakarta,"BMKG point: Arjawinangun, Kecamatan Arjawinangun",18-09-2026,GFS,Open-Meteo / NOAA GFS,09:00,2026-09-18 09:00:00,31.7,41.0,0.0,9.1,0.0,1.4058,Cerah Berawan,wmo:2
arjawinangun,"Arjawinangun, Cirebon",2026-09-18,32.09.24.2004,Arjawinangun,kecamatan,no,-6.6453,108.4103,Asia/Jakarta,"BMKG point: Arjawinangun, Kecamatan Arjawinangun",18-09-2026,GFS,Open-Meteo / NOAA GFS,10:00,2026-09-18 10:00:00,33.4,39.0,0.0,17.3,0.0,1.4058,Cerah,wmo:0
arjawinangun,"Arjawinangun, Cirebon",2026-09-18,32.09.24.2004,Arjawinangun,kecamatan,no,-6.6453,108.4103,Asia/Jakarta,"BMKG point: Arjawinangun, Kecamatan Arjawinangun",18-09-2026,GFS,Open-Meteo / NOAA GFS,11:00,2026-09-18 11:00:00,33.5,41.0,0.0,25.1,0.0,1.4058,Cerah,wmo:0
arjawinangun,"Arjawinangun, Cirebon",2026-09-18,32.09.24.2004,Arjawinangun,kecamatan,no,-6.6453,108.4103,Asia/Jakarta,"BMKG point: Arjawinangun, Kecamatan Arjawinangun",18-09-2026,GFS,Open-Meteo / NOAA GFS,12:00,2026-09-18 12:00:00,33.4,42.0,0.0,23.4,0.0,1.4058,Berawan,wmo:3
arjawinangun,"Arjawinangun, Cirebon",2026-09-18,32.09.24.2004,Arjawinangun,kecamatan,no,-6.6453,108.4103,Asia/Jakarta,"BMKG point: Arjawinangun, Kecamatan Arjawinangun",18-09-2026,GFS,Open-Meteo / NOAA GFS,13:00,2026-09-18 13:00:00,33.5,43.0,0.0,21.1,0.0,1.4058,Berawan,wmo:3
arjawinangun,"Arjawinangun, Cirebon",2026-09-18,32.09.24.2004,Arjawinangun,kecamatan,no,-6.6453,108.4103,Asia/Jakarta,"BMKG point: Arjawinangun, Kecamatan Arjawinangun",18-09-2026,GFS,Open-Meteo / NOAA GFS,14:00,2026-09-18 14:00:00,33.2,44.0,0.0,21.4,0.0,1.4058,Berawan,wmo:3
arjawinangun,"Arjawinangun, Cirebon",2026-09-18,32.09.24.2004,Arjawinangun,kecamatan,no,-6.6453,108.4103,Asia/Jakarta,"BMKG point: Arjawinangun, Kecamatan Arjawinangun",18-09-2026,GFS,Open-Meteo / NOAA GFS,15:00,2026-09-18 15:00:00,32.0,49.0,0.0,22.6,0.0,1.4058,Berawan,wmo:3
arjawinangun,"Arjawinangun, Cirebon",2026-09-18,32.09.24.2004,Arjawinangun,kecamatan,no,-6.6453,108.4103,Asia/Jakarta,"BMKG point: Arjawinangun, Kecamatan Arjawinangun",18-09-2026,GFS,Open-Meteo / NOAA GFS,16:00,2026-09-18 16:00:00,30.3,56.0,0.0,20.6,0.0,1.4058,Berawan,wmo:3
arjawinangun,"Arjawinangun, Cirebon",2026-09-18,32.09.24.2004,Arjawinangun,kecamatan,no,-6.6453,108.4103,Asia/Jakarta,"BMKG point: Arjawinangun, Kecamatan Arjawinangun",18-09-2026,GFS,Open-Meteo / NOAA GFS,17:00,2026-09-18 17:00:00,28.9,63.0,0.0,14.6,0.0,1.4058,Berawan,wmo:3
arjawinangun,"Arjawinangun, Cirebon",2026-09-18,32.09.24.2004,Arjawinangun,kecamatan,no,-6.6453,108.4103,Asia/Jakarta,"BMKG point: Arjawinangun, Kecamatan Arjawinangun",18-09-2026,GFS,Open-Meteo / NOAA GFS,18:00,2026-09-18 18:00:00,27.6,70.0,0.0,11.2,0.0,1.4058,Berawan,wmo:3
arjawinangun,"Arjawinangun, Cirebon",2026-09-18,32.09.24.2004,Arjawinangun,kecamatan,no,-6.6453,108.4103,Asia/Jakarta,"BMKG point: Arjawinangun, Kecamatan Arjawinangun",18-09-2026,GFS,Open-Meteo / NOAA GFS,19:00,2026-09-18 19:00:00,26.8,75.0,0.1,8.0,0.0,1.4058,Hujan Ringan,wmo:51
arjawinangun,"Arjawinangun, Cirebon",2026-09-18,32.09.24.2004,Arjawinangun,kecamatan,no,-6.6453,108.4103,Asia/Jakarta,"BMKG point: Arjawinangun, Kecamatan Arjawinangun",18-09-2026,GFS,Open-Meteo / NOAA GFS,20:00,2026-09-18 20:00:00,26.5,77.0,0.2,7.3,0.0,1.4058,Hujan Ringan,wmo:51
arjawinangun,"Arjawinangun, Cirebon",2026-09-18,32.09.24.2004,Arjawinangun,kecamatan,no,-6.6453,108.4103,Asia/Jakarta,"BMKG point: Arjawinangun, Kecamatan Arjawinangun",18-09-2026,GFS,Open-Meteo / NOAA GFS,21:00,2026-09-18 21:00:00,26.4,77.0,0.0,7.7,0.0,1.4058,Berawan,wmo:3
arjawinangun,"Arjawinangun, Cirebon",2026-09-18,32.09.24.2004,Arjawinangun,kecamatan,no,-6.6453,108.4103,Asia/Jakarta,"BMKG point: Arjawinangun, Kecamatan Arjawinangun",18-09-2026,GFS,Open-Meteo / NOAA GFS,22:00,2026-09-18 22:00:00,26.3,76.0,0.0,7.4,0.0,1.4058,Berawan,wmo:3
arjawinangun,"Arjawinangun, Cirebon",2026-09-18,32.09.24.2004,Arjawinangun,kecamatan,no,-6.6453,108.4103,Asia/Jakarta,"BMKG point: Arjawinangun, Kecamatan Arjawinangun",18-09-2026,GFS,Open-Meteo / NOAA GFS,23:00,2026-09-18 23:00:00,26.1,74.0,0.0,6.6,0.0,1.4058,Berawan,wmo:3
arjawinangun,"Arjawinangun, Cirebon",2026-09-18,32.09.24.2004,Arjawinangun,kecamatan,no,-6.6453,108.4103,Asia/Jakarta,"BMKG point: Arjawinangun, Kecamatan Arjawinangun",18-09-2026,ICON,Open-Meteo / DWD ICON,00:00,2026-09-18 00:00:00,27.2,78.0,0.0,1.4,0.0,1.4754,Berawan,wmo:3
arjawinangun,"Arjawinangun, Cirebon",2026-09-18,32.09.24.2004,Arjawinangun,kecamatan,no,-6.6453,108.4103,Asia/Jakarta,"BMKG point: Arjawinangun, Kecamatan Arjawinangun",18-09-2026,ICON,Open-Meteo / DWD ICON,01:00,2026-09-18 01:00:00,26.6,81.0,0.0,2.5,0.0,1.4754,Berawan,wmo:3
arjawinangun,"Arjawinangun, Cirebon",2026-09-18,32.09.24.2004,Arjawinangun,kecamatan,no,-6.6453,108.4103,Asia/Jakarta,"BMKG point: Arjawinangun, Kecamatan Arjawinangun",18-09-2026,ICON,Open-Meteo / DWD ICON,02:00,2026-09-18 02:00:00,26.1,82.0,0.0,2.0,0.0,1.4754,Berawan,wmo:3
arjawinangun,"Arjawinangun, Cirebon",2026-09-18,32.09.24.2004,Arjawinangun,kecamatan,no,-6.6453,108.4103,Asia/Jakarta,"BMKG point: Arjawinangun, Kecamatan Arjawinangun",18-09-2026,ICON,Open-Meteo / DWD ICON,03:00,2026-09-18 03:00:00,25.8,82.0,0.0,1.8,0.0,1.4754,Berawan,wmo:3
arjawinangun,"Arjawinangun, Cirebon",2026-09-18,32.09.24.2004,Arjawinangun,kecamatan,no,-6.6453,108.4103,Asia/Jakarta,"BMKG point: Arjawinangun, Kecamatan Arjawinangun",18-09-2026,ICON,Open-Meteo / DWD ICON,04:00,2026-09-18 04:00:00,25.5,78.0,0.0,3.4,0.0,1.4754,Berawan,wmo:3
arjawinangun,"Arjawinangun, Cirebon",2026-09-18,32.09.24.2004,Arjawinangun,kecamatan,no,-6.6453,108.4103,Asia/Jakarta,"BMKG point: Arjawinangun, Kecamatan Arjawinangun",18-09-2026,ICON,Open-Meteo / DWD ICON,05:00,2026-09-18 05:00:00,25.3,75.0,0.0,3.6,0.0,1.4754,Cerah Berawan,wmo:2
arjawinangun,"Arjawinangun, Cirebon",2026-09-18,32.09.24.2004,Arjawinangun,kecamatan,no,-6.6453,108.4103,Asia/Jakarta,"BMKG point: Arjawinangun, Kecamatan Arjawinangun",18-09-2026,ICON,Open-Meteo / DWD ICON,06:00,2026-09-18 06:00:00,25.1,74.0,0.0,3.5,0.0,1.4754,Cerah Berawan,wmo:2
arjawinangun,"Arjawinangun, Cirebon",2026-09-18,32.09.24.2004,Arjawinangun,kecamatan,no,-6.6453,108.4103,Asia/Jakarta,"BMKG point: Arjawinangun, Kecamatan Arjawinangun",18-09-2026,ICON,Open-Meteo / DWD ICON,07:00,2026-09-18 07:00:00,26.3,71.0,0.0,4.3,0.0,1.4754,Cerah Berawan,wmo:2
arjawinangun,"Arjawinangun, Cirebon",2026-09-18,32.09.24.2004,Arjawinangun,kecamatan,no,-6.6453,108.4103,Asia/Jakarta,"BMKG point: Arjawinangun, Kecamatan Arjawinangun",18-09-2026,ICON,Open-Meteo / DWD ICON,08:00,2026-09-18 08:00:00,28.6,61.0,0.0,4.8,0.0,1.4754,Cerah Berawan,wmo:2
arjawinangun,"Arjawinangun, Cirebon",2026-09-18,32.09.24.2004,Arjawinangun,kecamatan,no,-6.6453,108.4103,Asia/Jakarta,"BMKG point: Arjawinangun, Kecamatan Arjawinangun",18-09-2026,ICON,Open-Meteo / DWD ICON,09:00,2026-09-18 09:00:00,30.5,53.0,0.0,6.4,0.0,1.4754,Cerah Berawan,wmo:2
arjawinangun,"Arjawinangun, Cirebon",2026-09-18,32.09.24.2004,Arjawinangun,kecamatan,no,-6.6453,108.4103,Asia/Jakarta,"BMKG point: Arjawinangun, Kecamatan Arjawinangun",18-09-2026,ICON,Open-Meteo / DWD ICON,10:00,2026-09-18 10:00:00,32.4,45.0,0.0,9.4,0.0,1.4754,Cerah Berawan,wmo:2
arjawinangun,"Arjawinangun, Cirebon",2026-09-18,32.09.24.2004,Arjawinangun,kecamatan,no,-6.6453,108.4103,Asia/Jakarta,"BMKG point: Arjawinangun, Kecamatan Arjawinangun",18-09-2026,ICON,Open-Meteo / DWD ICON,11:00,2026-09-18 11:00:00,33.6,42.0,0.0,12.4,0.0,1.4754,Cerah Berawan,wmo:2
arjawinangun,"Arjawinangun, Cirebon",2026-09-18,32.09.24.2004,Arjawinangun,kecamatan,no,-6.6453,108.4103,Asia/Jakarta,"BMKG point: Arjawinangun, Kecamatan Arjawinangun",18-09-2026,ICON,Open-Meteo / DWD ICON,12:00,2026-09-18 12:00:00,34.5,40.0,0.0,14.4,0.0,1.4754,Cerah Berawan,wmo:1
arjawinangun,"Arjawinangun, Cirebon",2026-09-18,32.09.24.2004,Arjawinangun,kecamatan,no,-6.6453,108.4103,Asia/Jakarta,"BMKG point: Arjawinangun, Kecamatan Arjawinangun",18-09-2026,ICON,Open-Meteo / DWD ICON,13:00,2026-09-18 13:00:00,35.1,39.0,0.0,15.7,0.0,1.4754,Cerah,wmo:0
arjawinangun,"Arjawinangun, Cirebon",2026-09-18,32.09.24.2004,Arjawinangun,kecamatan,no,-6.6453,108.4103,Asia/Jakarta,"BMKG point: Arjawinangun, Kecamatan Arjawinangun",18-09-2026,ICON,Open-Meteo / DWD ICON,14:00,2026-09-18 14:00:00,34.6,42.0,0.0,17.4,0.0,1.4754,Cerah Berawan,wmo:1
arjawinangun,"Arjawinangun, Cirebon",2026-09-18,32.09.24.2004,Arjawinangun,kecamatan,no,-6.6453,108.4103,Asia/Jakarta,"BMKG point: Arjawinangun, Kecamatan Arjawinangun",18-09-2026,ICON,Open-Meteo / DWD ICON,15:00,2026-09-18 15:00:00,33.5,45.0,0.0,18.9,0.0,1.4754,Cerah Berawan,wmo:1
arjawinangun,"Arjawinangun, Cirebon",2026-09-18,32.09.24.2004,Arjawinangun,kecamatan,no,-6.6453,108.4103,Asia/Jakarta,"BMKG point: Arjawinangun, Kecamatan Arjawinangun",18-09-2026,ICON,Open-Meteo / DWD ICON,16:00,2026-09-18 16:00:00,32.0,53.0,0.0,17.6,0.0,1.4754,Cerah Berawan,wmo:2
arjawinangun,"Arjawinangun, Cirebon",2026-09-18,32.09.24.2004,Arjawinangun,kecamatan,no,-6.6453,108.4103,Asia/Jakarta,"BMKG point: Arjawinangun, Kecamatan Arjawinangun",18-09-2026,ICON,Open-Meteo / DWD ICON,17:00,2026-09-18 17:00:00,30.2,63.0,0.0,15.6,0.0,1.4754,Berawan,wmo:3
arjawinangun,"Arjawinangun, Cirebon",2026-09-18,32.09.24.2004,Arjawinangun,kecamatan,no,-6.6453,108.4103,Asia/Jakarta,"BMKG point: Arjawinangun, Kecamatan Arjawinangun",18-09-2026,ICON,Open-Meteo / DWD ICON,18:00,2026-09-18 18:00:00,29.0,72.0,0.0,13.4,0.0,1.4754,Berawan,wmo:3
arjawinangun,"Arjawinangun, Cirebon",2026-09-18,32.09.24.2004,Arjawinangun,kecamatan,no,-6.6453,108.4103,Asia/Jakarta,"BMKG point: Arjawinangun, Kecamatan Arjawinangun",18-09-2026,ICON,Open-Meteo / DWD ICON,19:00,2026-09-18 19:00:00,28.5,76.0,0.0,10.6,0.0,1.4754,Berawan,wmo:3
arjawinangun,"Arjawinangun, Cirebon",2026-09-18,32.09.24.2004,Arjawinangun,kecamatan,no,-6.6453,108.4103,Asia/Jakarta,"BMKG point: Arjawinangun, Kecamatan Arjawinangun",18-09-2026,ICON,Open-Meteo / DWD ICON,20:00,2026-09-18 20:00:00,28.1,79.0,0.0,7.6,0.0,1.4754,Berawan,wmo:3
arjawinangun,"Arjawinangun, Cirebon",2026-09-18,32.09.24.2004,Arjawinangun,kecamatan,no,-6.6453,108.4103,Asia/Jakarta,"BMKG point: Arjawinangun, Kecamatan Arjawinangun",18-09-2026,ICON,Open-Meteo / DWD ICON,21:00,2026-09-18 21:00:00,27.7,81.0,0.0,5.9,0.0,1.4754,Berawan,wmo:3
arjawinangun,"Arjawinangun, Cirebon",2026-09-18,32.09.24.2004,Arjawinangun,kecamatan,no,-6.6453,108.4103,Asia/Jakarta,"BMKG point: Arjawinangun, Kecamatan Arjawinangun",18-09-2026,ICON,Open-Meteo / DWD ICON,22:00,2026-09-18 22:00:00,27.5,83.0,0.0,6.0,0.0,1.4754,Berawan,wmo:3
arjawinangun,"Arjawinangun, Cirebon",2026-09-18,32.09.24.2004,Arjawinangun,kecamatan,no,-6.6453,108.4103,Asia/Jakarta,"BMKG point: Arjawinangun, Kecamatan Arjawinangun",18-09-2026,ICON,Open-Meteo / DWD ICON,23:00,2026-09-18 23:00:00,27.3,82.0,0.0,6.4,0.0,1.4754,Berawan,wmo:3
arjawinangun,"Arjawinangun, Cirebon",2026-09-18,32.09.24.2004,Arjawinangun,kecamatan,no,-6.6453,108.4103,Asia/Jakarta,"BMKG point: Arjawinangun, Kecamatan Arjawinangun",18-09-2026,KMA,Open-Meteo / KMA,00:00,2026-09-18 00:00:00,,,,,0.0,0.5389,Berawan,wmo:None
arjawinangun,"Arjawinangun, Cirebon",2026-09-18,32.09.24.2004,Arjawinangun,kecamatan,no,-6.6453,108.4103,Asia/Jakarta,"BMKG point: Arjawinangun, Kecamatan Arjawinangun",18-09-2026,KMA,Open-Meteo / KMA,01:00,2026-09-18 01:00:00,,,,,0.0,0.5389,Berawan,wmo:None
arjawinangun,"Arjawinangun, Cirebon",2026-09-18,32.09.24.2004,Arjawinangun,kecamatan,no,-6.6453,108.4103,Asia/Jakarta,"BMKG point: Arjawinangun, Kecamatan Arjawinangun",18-09-2026,KMA,Open-Meteo / KMA,02:00,2026-09-18 02:00:00,,,,,0.0,0.5389,Berawan,wmo:None
arjawinangun,"Arjawinangun, Cirebon",2026-09-18,32.09.24.2004,Arjawinangun,kecamatan,no,-6.6453,108.4103,Asia/Jakarta,"BMKG point: Arjawinangun, Kecamatan Arjawinangun",18-09-2026,KMA,Open-Meteo / KMA,03:00,2026-09-18 03:00:00,,,,,0.0,0.5389,Berawan,wmo:None
arjawinangun,"Arjawinangun, Cirebon",2026-09-18,32.09.24.2004,Arjawinangun,kecamatan,no,-6.6453,108.4103,Asia/Jakarta,"BMKG point: Arjawinangun, Kecamatan Arjawinangun",18-09-2026,KMA,Open-Meteo / KMA,04:00,2026-09-18 04:00:00,,,,,0.0,0.5389,Berawan,wmo:None
arjawinangun,"Arjawinangun, Cirebon",2026-09-18,32.09.24.2004,Arjawinangun,kecamatan,no,-6.6453,108.4103,Asia/Jakarta,"BMKG point: Arjawinangun, Kecamatan Arjawinangun",18-09-2026,KMA,Open-Meteo / KMA,05:00,2026-09-18 05:00:00,,,,,0.0,0.5389,Berawan,wmo:None
arjawinangun,"Arjawinangun, Cirebon",2026-09-18,32.09.24.2004,Arjawinangun,kecamatan,no,-6.6453,108.4103,Asia/Jakarta,"BMKG point: Arjawinangun, Kecamatan Arjawinangun",18-09-2026,KMA,Open-Meteo / KMA,06:00,2026-09-18 06:00:00,,,,,0.0,0.5389,Berawan,wmo:None
arjawinangun,"Arjawinangun, Cirebon",2026-09-18,32.09.24.2004,Arjawinangun,kecamatan,no,-6.6453,108.4103,Asia/Jakarta,"BMKG point: Arjawinangun, Kecamatan Arjawinangun",18-09-2026,KMA,Open-Meteo / KMA,07:00,2026-09-18 07:00:00,,,,,0.0,0.5389,Berawan,wmo:None
arjawinangun,"Arjawinangun, Cirebon",2026-09-18,32.09.24.2004,Arjawinangun,kecamatan,no,-6.6453,108.4103,Asia/Jakarta,"BMKG point: Arjawinangun, Kecamatan Arjawinangun",18-09-2026,KMA,Open-Meteo / KMA,08:00,2026-09-18 08:00:00,,,,,0.0,0.5389,Berawan,wmo:None
arjawinangun,"Arjawinangun, Cirebon",2026-09-18,32.09.24.2004,Arjawinangun,kecamatan,no,-6.6453,108.4103,Asia/Jakarta,"BMKG point: Arjawinangun, Kecamatan Arjawinangun",18-09-2026,KMA,Open-Meteo / KMA,09:00,2026-09-18 09:00:00,,,,,0.0,0.5389,Berawan,wmo:None
arjawinangun,"Arjawinangun, Cirebon",2026-09-18,32.09.24.2004,Arjawinangun,kecamatan,no,-6.6453,108.4103,Asia/Jakarta,"BMKG point: Arjawinangun, Kecamatan Arjawinangun",18-09-2026,KMA,Open-Meteo / KMA,10:00,2026-09-18 10:00:00,,,,,0.0,0.5389,Berawan,wmo:None
arjawinangun,"Arjawinangun, Cirebon",2026-09-18,32.09.24.2004,Arjawinangun,kecamatan,no,-6.6453,108.4103,Asia/Jakarta,"BMKG point: Arjawinangun, Kecamatan Arjawinangun",18-09-2026,KMA,Open-Meteo / KMA,11:00,2026-09-18 11:00:00,,,,,0.0,0.5389,Berawan,wmo:None
arjawinangun,"Arjawinangun, Cirebon",2026-09-18,32.09.24.2004,Arjawinangun,kecamatan,no,-6.6453,108.4103,Asia/Jakarta,"BMKG point: Arjawinangun, Kecamatan Arjawinangun",18-09-2026,KMA,Open-Meteo / KMA,12:00,2026-09-18 12:00:00,,,,,0.0,0.5389,Berawan,wmo:None
arjawinangun,"Arjawinangun, Cirebon",2026-09-18,32.09.24.2004,Arjawinangun,kecamatan,no,-6.6453,108.4103,Asia/Jakarta,"BMKG point: Arjawinangun, Kecamatan Arjawinangun",18-09-2026,KMA,Open-Meteo / KMA,13:00,2026-09-18 13:00:00,,,,,0.0,0.5389,Berawan,wmo:None
arjawinangun,"Arjawinangun, Cirebon",2026-09-18,32.09.24.2004,Arjawinangun,kecamatan,no,-6.6453,108.4103,Asia/Jakarta,"BMKG point: Arjawinangun, Kecamatan Arjawinangun",18-09-2026,KMA,Open-Meteo / KMA,14:00,2026-09-18 14:00:00,,,,,0.0,0.5389,Berawan,wmo:None
arjawinangun,"Arjawinangun, Cirebon",2026-09-18,32.09.24.2004,Arjawinangun,kecamatan,no,-6.6453,108.4103,Asia/Jakarta,"BMKG point: Arjawinangun, Kecamatan Arjawinangun",18-09-2026,KMA,Open-Meteo / KMA,15:00,2026-09-18 15:00:00,,,,,0.0,0.5389,Berawan,wmo:None
arjawinangun,"Arjawinangun, Cirebon",2026-09-18,32.09.24.2004,Arjawinangun,kecamatan,no,-6.6453,108.4103,Asia/Jakarta,"BMKG point: Arjawinangun, Kecamatan Arjawinangun",18-09-2026,KMA,Open-Meteo / KMA,16:00,2026-09-18 16:00:00,,,,,0.0,0.5389,Berawan,wmo:None
arjawinangun,"Arjawinangun, Cirebon",2026-09-18,32.09.24.2004,Arjawinangun,kecamatan,no,-6.6453,108.4103,Asia/Jakarta,"BMKG point: Arjawinangun, Kecamatan Arjawinangun",18-09-2026,KMA,Open-Meteo / KMA,17:00,2026-09-18 17:00:00,,,,,0.0,0.5389,Berawan,wmo:None
arjawinangun,"Arjawinangun, Cirebon",2026-09-18,32.09.24.2004,Arjawinangun,kecamatan,no,-6.6453,108.4103,Asia/Jakarta,"BMKG point: Arjawinangun, Kecamatan Arjawinangun",18-09-2026,KMA,Open-Meteo / KMA,18:00,2026-09-18 18:00:00,,,,,0.0,0.5389,Berawan,wmo:None
arjawinangun,"Arjawinangun, Cirebon",2026-09-18,32.09.24.2004,Arjawinangun,kecamatan,no,-6.6453,108.4103,Asia/Jakarta,"BMKG point: Arjawinangun, Kecamatan Arjawinangun",18-09-2026,KMA,Open-Meteo / KMA,19:00,2026-09-18 19:00:00,,,,,0.0,0.5389,Berawan,wmo:None
arjawinangun,"Arjawinangun, Cirebon",2026-09-18,32.09.24.2004,Arjawinangun,kecamatan,no,-6.6453,108.4103,Asia/Jakarta,"BMKG point: Arjawinangun, Kecamatan Arjawinangun",18-09-2026,KMA,Open-Meteo / KMA,20:00,2026-09-18 20:00:00,,,,,0.0,0.5389,Berawan,wmo:None
arjawinangun,"Arjawinangun, Cirebon",2026-09-18,32.09.24.2004,Arjawinangun,kecamatan,no,-6.6453,108.4103,Asia/Jakarta,"BMKG point: Arjawinangun, Kecamatan Arjawinangun",18-09-2026,KMA,Open-Meteo / KMA,21:00,2026-09-18 21:00:00,,,,,0.0,0.5389,Berawan,wmo:None
arjawinangun,"Arjawinangun, Cirebon",2026-09-18,32.09.24.2004,Arjawinangun,kecamatan,no,-6.6453,108.4103,Asia/Jakarta,"BMKG point: Arjawinangun, Kecamatan Arjawinangun",18-09-2026,KMA,Open-Meteo / KMA,22:00,2026-09-18 22:00:00,,,,,0.0,0.5389,Berawan,wmo:None
arjawinangun,"Arjawinangun, Cirebon",2026-09-18,32.09.24.2004,Arjawinangun,kecamatan,no,-6.6453,108.4103,Asia/Jakarta,"BMKG point: Arjawinangun, Kecamatan Arjawinangun",18-09-2026,KMA,Open-Meteo / KMA,23:00,2026-09-18 23:00:00,,,,,0.0,0.5389,Berawan,wmo:None
arjawinangun,"Arjawinangun, Cirebon",2026-09-18,32.09.24.2004,Arjawinangun,kecamatan,no,-6.6453,108.4103,Asia/Jakarta,"BMKG point: Arjawinangun, Kecamatan Arjawinangun",18-09-2026,METEOFRANCE,Open-Meteo / Meteo-France,00:00,2026-09-18 00:00:00,27.7,81.0,0.3,5.1,0.0,1.5474,Hujan Ringan,wmo:51
arjawinangun,"Arjawinangun, Cirebon",2026-09-18,32.09.24.2004,Arjawinangun,kecamatan,no,-6.6453,108.4103,Asia/Jakarta,"BMKG point: Arjawinangun, Kecamatan Arjawinangun",18-09-2026,METEOFRANCE,Open-Meteo / Meteo-France,01:00,2026-09-18 01:00:00,27.4,81.0,0.1,5.4,0.0,1.5474,Hujan Ringan,wmo:51
arjawinangun,"Arjawinangun, Cirebon",2026-09-18,32.09.24.2004,Arjawinangun,kecamatan,no,-6.6453,108.4103,Asia/Jakarta,"BMKG point: Arjawinangun, Kecamatan Arjawinangun",18-09-2026,METEOFRANCE,Open-Meteo / Meteo-France,02:00,2026-09-18 02:00:00,27.1,80.0,0.0,5.8,0.0,1.5474,Cerah Berawan,wmo:1
arjawinangun,"Arjawinangun, Cirebon",2026-09-18,32.09.24.2004,Arjawinangun,kecamatan,no,-6.6453,108.4103,Asia/Jakarta,"BMKG point: Arjawinangun, Kecamatan Arjawinangun",18-09-2026,METEOFRANCE,Open-Meteo / Meteo-France,03:00,2026-09-18 03:00:00,27.0,78.0,0.0,6.2,0.0,1.5474,Cerah Berawan,wmo:1
arjawinangun,"Arjawinangun, Cirebon",2026-09-18,32.09.24.2004,Arjawinangun,kecamatan,no,-6.6453,108.4103,Asia/Jakarta,"BMKG point: Arjawinangun, Kecamatan Arjawinangun",18-09-2026,METEOFRANCE,Open-Meteo / Meteo-France,04:00,2026-09-18 04:00:00,26.9,76.0,0.0,6.6,0.0,1.5474,Cerah Berawan,wmo:1
arjawinangun,"Arjawinangun, Cirebon",2026-09-18,32.09.24.2004,Arjawinangun,kecamatan,no,-6.6453,108.4103,Asia/Jakarta,"BMKG point: Arjawinangun, Kecamatan Arjawinangun",18-09-2026,METEOFRANCE,Open-Meteo / Meteo-France,05:00,2026-09-18 05:00:00,26.8,75.0,0.0,7.9,0.0,1.5474,Cerah Berawan,wmo:1
arjawinangun,"Arjawinangun, Cirebon",2026-09-18,32.09.24.2004,Arjawinangun,kecamatan,no,-6.6453,108.4103,Asia/Jakarta,"BMKG point: Arjawinangun, Kecamatan Arjawinangun",18-09-2026,METEOFRANCE,Open-Meteo / Meteo-France,06:00,2026-09-18 06:00:00,26.7,73.0,0.0,9.4,0.0,1.5474,Cerah Berawan,wmo:1
arjawinangun,"Arjawinangun, Cirebon",2026-09-18,32.09.24.2004,Arjawinangun,kecamatan,no,-6.6453,108.4103,Asia/Jakarta,"BMKG point: Arjawinangun, Kecamatan Arjawinangun",18-09-2026,METEOFRANCE,Open-Meteo / Meteo-France,07:00,2026-09-18 07:00:00,27.4,69.0,0.0,10.4,0.0,1.5474,Cerah Berawan,wmo:1
arjawinangun,"Arjawinangun, Cirebon",2026-09-18,32.09.24.2004,Arjawinangun,kecamatan,no,-6.6453,108.4103,Asia/Jakarta,"BMKG point: Arjawinangun, Kecamatan Arjawinangun",18-09-2026,METEOFRANCE,Open-Meteo / Meteo-France,08:00,2026-09-18 08:00:00,28.9,62.0,0.0,10.3,0.0,1.5474,Cerah Berawan,wmo:1
arjawinangun,"Arjawinangun, Cirebon",2026-09-18,32.09.24.2004,Arjawinangun,kecamatan,no,-6.6453,108.4103,Asia/Jakarta,"BMKG point: Arjawinangun, Kecamatan Arjawinangun",18-09-2026,METEOFRANCE,Open-Meteo / Meteo-France,09:00,2026-09-18 09:00:00,30.4,57.0,0.0,9.8,0.0,1.5474,Cerah Berawan,wmo:1
arjawinangun,"Arjawinangun, Cirebon",2026-09-18,32.09.24.2004,Arjawinangun,kecamatan,no,-6.6453,108.4103,Asia/Jakarta,"BMKG point: Arjawinangun, Kecamatan Arjawinangun",18-09-2026,METEOFRANCE,Open-Meteo / Meteo-France,10:00,2026-09-18 10:00:00,31.7,55.0,0.0,10.9,0.0,1.5474,Cerah Berawan,wmo:2
arjawinangun,"Arjawinangun, Cirebon",2026-09-18,32.09.24.2004,Arjawinangun,kecamatan,no,-6.6453,108.4103,Asia/Jakarta,"BMKG point: Arjawinangun, Kecamatan Arjawinangun",18-09-2026,METEOFRANCE,Open-Meteo / Meteo-France,11:00,2026-09-18 11:00:00,32.7,53.0,0.0,13.1,0.0,1.5474,Cerah Berawan,wmo:2
arjawinangun,"Arjawinangun, Cirebon",2026-09-18,32.09.24.2004,Arjawinangun,kecamatan,no,-6.6453,108.4103,Asia/Jakarta,"BMKG point: Arjawinangun, Kecamatan Arjawinangun",18-09-2026,METEOFRANCE,Open-Meteo / Meteo-France,12:00,2026-09-18 12:00:00,33.3,51.0,0.0,15.2,0.0,1.5474,Cerah Berawan,wmo:2
arjawinangun,"Arjawinangun, Cirebon",2026-09-18,32.09.24.2004,Arjawinangun,kecamatan,no,-6.6453,108.4103,Asia/Jakarta,"BMKG point: Arjawinangun, Kecamatan Arjawinangun",18-09-2026,METEOFRANCE,Open-Meteo / Meteo-France,13:00,2026-09-18 13:00:00,33.7,51.0,0.0,18.0,0.0,1.5474,Cerah Berawan,wmo:2
arjawinangun,"Arjawinangun, Cirebon",2026-09-18,32.09.24.2004,Arjawinangun,kecamatan,no,-6.6453,108.4103,Asia/Jakarta,"BMKG point: Arjawinangun, Kecamatan Arjawinangun",18-09-2026,METEOFRANCE,Open-Meteo / Meteo-France,14:00,2026-09-18 14:00:00,33.4,52.0,0.0,18.4,0.0,1.5474,Cerah Berawan,wmo:2
arjawinangun,"Arjawinangun, Cirebon",2026-09-18,32.09.24.2004,Arjawinangun,kecamatan,no,-6.6453,108.4103,Asia/Jakarta,"BMKG point: Arjawinangun, Kecamatan Arjawinangun",18-09-2026,METEOFRANCE,Open-Meteo / Meteo-France,15:00,2026-09-18 15:00:00,32.5,55.0,0.0,17.3,0.0,1.5474,Cerah Berawan,wmo:2
arjawinangun,"Arjawinangun, Cirebon",2026-09-18,32.09.24.2004,Arjawinangun,kecamatan,no,-6.6453,108.4103,Asia/Jakarta,"BMKG point: Arjawinangun, Kecamatan Arjawinangun",18-09-2026,METEOFRANCE,Open-Meteo / Meteo-France,16:00,2026-09-18 16:00:00,31.6,59.0,0.0,15.5,0.0,1.5474,Cerah Berawan,wmo:2
arjawinangun,"Arjawinangun, Cirebon",2026-09-18,32.09.24.2004,Arjawinangun,kecamatan,no,-6.6453,108.4103,Asia/Jakarta,"BMKG point: Arjawinangun, Kecamatan Arjawinangun",18-09-2026,METEOFRANCE,Open-Meteo / Meteo-France,17:00,2026-09-18 17:00:00,30.4,67.0,0.1,12.5,0.0,1.5474,Hujan Ringan,wmo:51
arjawinangun,"Arjawinangun, Cirebon",2026-09-18,32.09.24.2004,Arjawinangun,kecamatan,no,-6.6453,108.4103,Asia/Jakarta,"BMKG point: Arjawinangun, Kecamatan Arjawinangun",18-09-2026,METEOFRANCE,Open-Meteo / Meteo-France,18:00,2026-09-18 18:00:00,29.0,76.0,0.1,9.4,0.0,1.5474,Hujan Ringan,wmo:51
arjawinangun,"Arjawinangun, Cirebon",2026-09-18,32.09.24.2004,Arjawinangun,kecamatan,no,-6.6453,108.4103,Asia/Jakarta,"BMKG point: Arjawinangun, Kecamatan Arjawinangun",18-09-2026,METEOFRANCE,Open-Meteo / Meteo-France,19:00,2026-09-18 19:00:00,28.0,83.0,0.1,7.9,0.0,1.5474,Hujan Ringan,wmo:51
arjawinangun,"Arjawinangun, Cirebon",2026-09-18,32.09.24.2004,Arjawinangun,kecamatan,no,-6.6453,108.4103,Asia/Jakarta,"BMKG point: Arjawinangun, Kecamatan Arjawinangun",18-09-2026,METEOFRANCE,Open-Meteo / Meteo-France,20:00,2026-09-18 20:00:00,27.7,85.0,0.0,8.3,0.0,1.5474,Berawan,wmo:3
arjawinangun,"Arjawinangun, Cirebon",2026-09-18,32.09.24.2004,Arjawinangun,kecamatan,no,-6.6453,108.4103,Asia/Jakarta,"BMKG point: Arjawinangun, Kecamatan Arjawinangun",18-09-2026,METEOFRANCE,Open-Meteo / Meteo-France,21:00,2026-09-18 21:00:00,27.7,84.0,0.0,9.0,0.0,1.5474,Berawan,wmo:3
arjawinangun,"Arjawinangun, Cirebon",2026-09-18,32.09.24.2004,Arjawinangun,kecamatan,no,-6.6453,108.4103,Asia/Jakarta,"BMKG point: Arjawinangun, Kecamatan Arjawinangun",18-09-2026,METEOFRANCE,Open-Meteo / Meteo-France,22:00,2026-09-18 22:00:00,27.7,82.0,0.0,9.5,0.0,1.5474,Berawan,wmo:3
arjawinangun,"Arjawinangun, Cirebon",2026-09-18,32.09.24.2004,Arjawinangun,kecamatan,no,-6.6453,108.4103,Asia/Jakarta,"BMKG point: Arjawinangun, Kecamatan Arjawinangun",18-09-2026,METEOFRANCE,Open-Meteo / Meteo-France,23:00,2026-09-18 23:00:00,27.7,78.0,0.0,9.2,0.0,1.5474,Berawan,wmo:3
arjawinangun,"Arjawinangun, Cirebon",2026-09-18,32.09.24.2004,Arjawinangun,kecamatan,no,-6.6453,108.4103,Asia/Jakarta,"BMKG point: Arjawinangun, Kecamatan Arjawinangun",18-09-2026,METNO,MET Norway,00:00,2026-09-18 00:00:00,27.0,71.3,0.0,12.6,0.0,1.3863,Cerah,clearsky_night
arjawinangun,"Arjawinangun, Cirebon",2026-09-18,32.09.24.2004,Arjawinangun,kecamatan,no,-6.6453,108.4103,Asia/Jakarta,"BMKG point: Arjawinangun, Kecamatan Arjawinangun",18-09-2026,METNO,MET Norway,01:00,2026-09-18 01:00:00,26.5,73.9,0.0,11.16,0.0,1.3863,Cerah Berawan,fair_night
arjawinangun,"Arjawinangun, Cirebon",2026-09-18,32.09.24.2004,Arjawinangun,kecamatan,no,-6.6453,108.4103,Asia/Jakarta,"BMKG point: Arjawinangun, Kecamatan Arjawinangun",18-09-2026,METNO,MET Norway,02:00,2026-09-18 02:00:00,26.0,74.5,0.0,9.72,0.0,1.3863,Cerah Berawan,fair_night
arjawinangun,"Arjawinangun, Cirebon",2026-09-18,32.09.24.2004,Arjawinangun,kecamatan,no,-6.6453,108.4103,Asia/Jakarta,"BMKG point: Arjawinangun, Kecamatan Arjawinangun",18-09-2026,METNO,MET Norway,03:00,2026-09-18 03:00:00,25.7,73.8,0.0,8.64,0.0,1.3863,Cerah Berawan,fair_night
arjawinangun,"Arjawinangun, Cirebon",2026-09-18,32.09.24.2004,Arjawinangun,kecamatan,no,-6.6453,108.4103,Asia/Jakarta,"BMKG point: Arjawinangun, Kecamatan Arjawinangun",18-09-2026,METNO,MET Norway,04:00,2026-09-18 04:00:00,25.5,72.9,0.0,8.28,0.0,1.3863,Cerah Berawan,fair_night
arjawinangun,"Arjawinangun, Cirebon",2026-09-18,32.09.24.2004,Arjawinangun,kecamatan,no,-6.6453,108.4103,Asia/Jakarta,"BMKG point: Arjawinangun, Kecamatan Arjawinangun",18-09-2026,METNO,MET Norway,05:00,2026-09-18 05:00:00,25.2,73.3,0.0,9.0,0.0,1.3863,Cerah Berawan,fair_night
arjawinangun,"Arjawinangun, Cirebon",2026-09-18,32.09.24.2004,Arjawinangun,kecamatan,no,-6.6453,108.4103,Asia/Jakarta,"BMKG point: Arjawinangun, Kecamatan Arjawinangun",18-09-2026,METNO,MET Norway,06:00,2026-09-18 06:00:00,25.1,72.5,0.0,10.44,0.0,1.3863,Cerah,clearsky_day
arjawinangun,"Arjawinangun, Cirebon",2026-09-18,32.09.24.2004,Arjawinangun,kecamatan,no,-6.6453,108.4103,Asia/Jakarta,"BMKG point: Arjawinangun, Kecamatan Arjawinangun",18-09-2026,METNO,MET Norway,07:00,2026-09-18 07:00:00,26.4,64.9,0.0,10.8,0.0,1.3863,Cerah,clearsky_day
arjawinangun,"Arjawinangun, Cirebon",2026-09-18,32.09.24.2004,Arjawinangun,kecamatan,no,-6.6453,108.4103,Asia/Jakarta,"BMKG point: Arjawinangun, Kecamatan Arjawinangun",18-09-2026,METNO,MET Norway,08:00,2026-09-18 08:00:00,28.7,54.5,0.0,11.52,0.0,1.3863,Cerah,clearsky_day
arjawinangun,"Arjawinangun, Cirebon",2026-09-18,32.09.24.2004,Arjawinangun,kecamatan,no,-6.6453,108.4103,Asia/Jakarta,"BMKG point: Arjawinangun, Kecamatan Arjawinangun",18-09-2026,METNO,MET Norway,09:00,2026-09-18 09:00:00,31.3,45.9,0.0,12.96,0.0,1.3863,Cerah,clearsky_day
arjawinangun,"Arjawinangun, Cirebon",2026-09-18,32.09.24.2004,Arjawinangun,kecamatan,no,-6.6453,108.4103,Asia/Jakarta,"BMKG point: Arjawinangun, Kecamatan Arjawinangun",18-09-2026,METNO,MET Norway,10:00,2026-09-18 10:00:00,33.3,41.9,0.0,14.76,0.0,1.3863,Cerah,clearsky_day
arjawinangun,"Arjawinangun, Cirebon",2026-09-18,32.09.24.2004,Arjawinangun,kecamatan,no,-6.6453,108.4103,Asia/Jakarta,"BMKG point: Arjawinangun, Kecamatan Arjawinangun",18-09-2026,METNO,MET Norway,11:00,2026-09-18 11:00:00,34.4,40.3,0.0,15.84,0.0,1.3863,Cerah,clearsky_day
arjawinangun,"Arjawinangun, Cirebon",2026-09-18,32.09.24.2004,Arjawinangun,kecamatan,no,-6.6453,108.4103,Asia/Jakarta,"BMKG point: Arjawinangun, Kecamatan Arjawinangun",18-09-2026,METNO,MET Norway,12:00,2026-09-18 12:00:00,34.4,41.9,0.0,17.28,0.0,1.3863,Cerah,clearsky_day
arjawinangun,"Arjawinangun, Cirebon",2026-09-18,32.09.24.2004,Arjawinangun,kecamatan,no,-6.6453,108.4103,Asia/Jakarta,"BMKG point: Arjawinangun, Kecamatan Arjawinangun",18-09-2026,METNO,MET Norway,13:00,2026-09-18 13:00:00,34.3,42.0,0.0,16.56,0.0,1.3863,Cerah,clearsky_day
arjawinangun,"Arjawinangun, Cirebon",2026-09-18,32.09.24.2004,Arjawinangun,kecamatan,no,-6.6453,108.4103,Asia/Jakarta,"BMKG point: Arjawinangun, Kecamatan Arjawinangun",18-09-2026,METNO,MET Norway,14:00,2026-09-18 14:00:00,34.3,42.6,0.0,15.84,0.0,1.3863,Cerah,clearsky_day
arjawinangun,"Arjawinangun, Cirebon",2026-09-18,32.09.24.2004,Arjawinangun,kecamatan,no,-6.6453,108.4103,Asia/Jakarta,"BMKG point: Arjawinangun, Kecamatan Arjawinangun",18-09-2026,METNO,MET Norway,15:00,2026-09-18 15:00:00,33.4,47.0,0.0,17.28,0.0,1.3863,Cerah,clearsky_day
arjawinangun,"Arjawinangun, Cirebon",2026-09-18,32.09.24.2004,Arjawinangun,kecamatan,no,-6.6453,108.4103,Asia/Jakarta,"BMKG point: Arjawinangun, Kecamatan Arjawinangun",18-09-2026,METNO,MET Norway,16:00,2026-09-18 16:00:00,31.6,55.4,0.0,18.36,0.0,1.3863,Cerah,clearsky_day
arjawinangun,"Arjawinangun, Cirebon",2026-09-18,32.09.24.2004,Arjawinangun,kecamatan,no,-6.6453,108.4103,Asia/Jakarta,"BMKG point: Arjawinangun, Kecamatan Arjawinangun",18-09-2026,METNO,MET Norway,17:00,2026-09-18 17:00:00,30.0,62.9,0.0,14.76,0.0,1.3863,Cerah,clearsky_day
arjawinangun,"Arjawinangun, Cirebon",2026-09-18,32.09.24.2004,Arjawinangun,kecamatan,no,-6.6453,108.4103,Asia/Jakarta,"BMKG point: Arjawinangun, Kecamatan Arjawinangun",18-09-2026,METNO,MET Norway,18:00,2026-09-18 18:00:00,28.7,69.2,0.0,14.4,0.0,1.3863,Cerah Berawan,partlycloudy_night
arjawinangun,"Arjawinangun, Cirebon",2026-09-18,32.09.24.2004,Arjawinangun,kecamatan,no,-6.6453,108.4103,Asia/Jakarta,"BMKG point: Arjawinangun, Kecamatan Arjawinangun",18-09-2026,METNO,MET Norway,19:00,2026-09-18 19:00:00,28.5,71.9,2.8,9.36,0.0,1.3863,Hujan Lebat,heavyrainshowers_night
arjawinangun,"Arjawinangun, Cirebon",2026-09-18,32.09.24.2004,Arjawinangun,kecamatan,no,-6.6453,108.4103,Asia/Jakarta,"BMKG point: Arjawinangun, Kecamatan Arjawinangun",18-09-2026,METNO,MET Norway,20:00,2026-09-18 20:00:00,26.6,83.3,2.0,9.36,0.0,1.3863,Hujan Lebat,heavyrain
arjawinangun,"Arjawinangun, Cirebon",2026-09-18,32.09.24.2004,Arjawinangun,kecamatan,no,-6.6453,108.4103,Asia/Jakarta,"BMKG point: Arjawinangun, Kecamatan Arjawinangun",18-09-2026,METNO,MET Norway,21:00,2026-09-18 21:00:00,25.5,96.2,0.2,6.48,0.0,1.3863,Hujan Ringan,lightrain
arjawinangun,"Arjawinangun, Cirebon",2026-09-18,32.09.24.2004,Arjawinangun,kecamatan,no,-6.6453,108.4103,Asia/Jakarta,"BMKG point: Arjawinangun, Kecamatan Arjawinangun",18-09-2026,METNO,MET Norway,22:00,2026-09-18 22:00:00,25.7,96.9,0.0,4.32,0.0,1.3863,Berawan,cloudy
arjawinangun,"Arjawinangun, Cirebon",2026-09-18,32.09.24.2004,Arjawinangun,kecamatan,no,-6.6453,108.4103,Asia/Jakarta,"BMKG point: Arjawinangun, Kecamatan Arjawinangun",18-09-2026,METNO,MET Norway,23:00,2026-09-18 23:00:00,25.5,97.3,0.0,6.12,0.0,1.3863,Cerah Berawan,partlycloudy_night
arjawinangun,"Arjawinangun, Cirebon",2026-09-18,32.09.24.2004,Arjawinangun,kecamatan,no,-6.6453,108.4103,Asia/Jakarta,"BMKG point: Arjawinangun, Kecamatan Arjawinangun",18-09-2026,UKMO,Open-Meteo / UK Met Office,00:00,2026-09-18 00:00:00,25.6,73.0,0.0,4.7,0.0,1.3226,Cerah,wmo:0
arjawinangun,"Arjawinangun, Cirebon",2026-09-18,32.09.24.2004,Arjawinangun,kecamatan,no,-6.6453,108.4103,Asia/Jakarta,"BMKG point: Arjawinangun, Kecamatan Arjawinangun",18-09-2026,UKMO,Open-Meteo / UK Met Office,01:00,2026-09-18 01:00:00,25.2,79.0,0.0,4.0,0.0,1.3226,Cerah,wmo:0
arjawinangun,"Arjawinangun, Cirebon",2026-09-18,32.09.24.2004,Arjawinangun,kecamatan,no,-6.6453,108.4103,Asia/Jakarta,"BMKG point: Arjawinangun, Kecamatan Arjawinangun",18-09-2026,UKMO,Open-Meteo / UK Met Office,02:00,2026-09-18 02:00:00,25.0,82.0,0.0,3.2,0.0,1.3226,Cerah,wmo:0
arjawinangun,"Arjawinangun, Cirebon",2026-09-18,32.09.24.2004,Arjawinangun,kecamatan,no,-6.6453,108.4103,Asia/Jakarta,"BMKG point: Arjawinangun, Kecamatan Arjawinangun",18-09-2026,UKMO,Open-Meteo / UK Met Office,03:00,2026-09-18 03:00:00,24.4,87.0,0.0,2.5,0.0,1.3226,Cerah,wmo:0
arjawinangun,"Arjawinangun, Cirebon",2026-09-18,32.09.24.2004,Arjawinangun,kecamatan,no,-6.6453,108.4103,Asia/Jakarta,"BMKG point: Arjawinangun, Kecamatan Arjawinangun",18-09-2026,UKMO,Open-Meteo / UK Met Office,04:00,2026-09-18 04:00:00,24.2,84.0,0.0,3.2,0.0,1.3226,Cerah,wmo:0
arjawinangun,"Arjawinangun, Cirebon",2026-09-18,32.09.24.2004,Arjawinangun,kecamatan,no,-6.6453,108.4103,Asia/Jakarta,"BMKG point: Arjawinangun, Kecamatan Arjawinangun",18-09-2026,UKMO,Open-Meteo / UK Met Office,05:00,2026-09-18 05:00:00,23.8,88.0,0.0,2.2,0.0,1.3226,Cerah,wmo:0
arjawinangun,"Arjawinangun, Cirebon",2026-09-18,32.09.24.2004,Arjawinangun,kecamatan,no,-6.6453,108.4103,Asia/Jakarta,"BMKG point: Arjawinangun, Kecamatan Arjawinangun",18-09-2026,UKMO,Open-Meteo / UK Met Office,06:00,2026-09-18 06:00:00,24.4,86.0,0.0,2.9,0.0,1.3226,Cerah,wmo:0
arjawinangun,"Arjawinangun, Cirebon",2026-09-18,32.09.24.2004,Arjawinangun,kecamatan,no,-6.6453,108.4103,Asia/Jakarta,"BMKG point: Arjawinangun, Kecamatan Arjawinangun",18-09-2026,UKMO,Open-Meteo / UK Met Office,07:00,2026-09-18 07:00:00,26.3,67.0,0.0,4.0,0.0,1.3226,Cerah,wmo:0
arjawinangun,"Arjawinangun, Cirebon",2026-09-18,32.09.24.2004,Arjawinangun,kecamatan,no,-6.6453,108.4103,Asia/Jakarta,"BMKG point: Arjawinangun, Kecamatan Arjawinangun",18-09-2026,UKMO,Open-Meteo / UK Met Office,08:00,2026-09-18 08:00:00,27.9,59.0,0.0,7.6,0.0,1.3226,Cerah Berawan,wmo:2
arjawinangun,"Arjawinangun, Cirebon",2026-09-18,32.09.24.2004,Arjawinangun,kecamatan,no,-6.6453,108.4103,Asia/Jakarta,"BMKG point: Arjawinangun, Kecamatan Arjawinangun",18-09-2026,UKMO,Open-Meteo / UK Met Office,09:00,2026-09-18 09:00:00,29.1,56.0,0.0,11.2,0.0,1.3226,Cerah Berawan,wmo:1
arjawinangun,"Arjawinangun, Cirebon",2026-09-18,32.09.24.2004,Arjawinangun,kecamatan,no,-6.6453,108.4103,Asia/Jakarta,"BMKG point: Arjawinangun, Kecamatan Arjawinangun",18-09-2026,UKMO,Open-Meteo / UK Met Office,10:00,2026-09-18 10:00:00,30.3,53.0,0.0,13.0,0.0,1.3226,Cerah Berawan,wmo:1
arjawinangun,"Arjawinangun, Cirebon",2026-09-18,32.09.24.2004,Arjawinangun,kecamatan,no,-6.6453,108.4103,Asia/Jakarta,"BMKG point: Arjawinangun, Kecamatan Arjawinangun",18-09-2026,UKMO,Open-Meteo / UK Met Office,11:00,2026-09-18 11:00:00,31.1,51.0,0.0,13.0,0.0,1.3226,Cerah Berawan,wmo:1
arjawinangun,"Arjawinangun, Cirebon",2026-09-18,32.09.24.2004,Arjawinangun,kecamatan,no,-6.6453,108.4103,Asia/Jakarta,"BMKG point: Arjawinangun, Kecamatan Arjawinangun",18-09-2026,UKMO,Open-Meteo / UK Met Office,12:00,2026-09-18 12:00:00,31.4,50.0,0.1,14.0,0.0,1.3226,Hujan Ringan,wmo:51
arjawinangun,"Arjawinangun, Cirebon",2026-09-18,32.09.24.2004,Arjawinangun,kecamatan,no,-6.6453,108.4103,Asia/Jakarta,"BMKG point: Arjawinangun, Kecamatan Arjawinangun",18-09-2026,UKMO,Open-Meteo / UK Met Office,13:00,2026-09-18 13:00:00,32.0,49.0,0.0,16.2,0.0,1.3226,Cerah Berawan,wmo:1
arjawinangun,"Arjawinangun, Cirebon",2026-09-18,32.09.24.2004,Arjawinangun,kecamatan,no,-6.6453,108.4103,Asia/Jakarta,"BMKG point: Arjawinangun, Kecamatan Arjawinangun",18-09-2026,UKMO,Open-Meteo / UK Met Office,14:00,2026-09-18 14:00:00,33.2,44.0,0.0,13.7,0.0,1.3226,Cerah Berawan,wmo:1
arjawinangun,"Arjawinangun, Cirebon",2026-09-18,32.09.24.2004,Arjawinangun,kecamatan,no,-6.6453,108.4103,Asia/Jakarta,"BMKG point: Arjawinangun, Kecamatan Arjawinangun",18-09-2026,UKMO,Open-Meteo / UK Met Office,15:00,2026-09-18 15:00:00,32.8,46.0,0.0,15.1,0.0,1.3226,Cerah Berawan,wmo:1
arjawinangun,"Arjawinangun, Cirebon",2026-09-18,32.09.24.2004,Arjawinangun,kecamatan,no,-6.6453,108.4103,Asia/Jakarta,"BMKG point: Arjawinangun, Kecamatan Arjawinangun",18-09-2026,UKMO,Open-Meteo / UK Met Office,16:00,2026-09-18 16:00:00,30.6,58.0,0.2,13.7,0.0,1.3226,Hujan Ringan,wmo:51
arjawinangun,"Arjawinangun, Cirebon",2026-09-18,32.09.24.2004,Arjawinangun,kecamatan,no,-6.6453,108.4103,Asia/Jakarta,"BMKG point: Arjawinangun, Kecamatan Arjawinangun",18-09-2026,UKMO,Open-Meteo / UK Met Office,17:00,2026-09-18 17:00:00,29.9,61.0,0.0,11.2,0.0,1.3226,Cerah,wmo:0
arjawinangun,"Arjawinangun, Cirebon",2026-09-18,32.09.24.2004,Arjawinangun,kecamatan,no,-6.6453,108.4103,Asia/Jakarta,"BMKG point: Arjawinangun, Kecamatan Arjawinangun",18-09-2026,UKMO,Open-Meteo / UK Met Office,18:00,2026-09-18 18:00:00,29.1,65.0,0.0,9.0,0.0,1.3226,Cerah,wmo:0
arjawinangun,"Arjawinangun, Cirebon",2026-09-18,32.09.24.2004,Arjawinangun,kecamatan,no,-6.6453,108.4103,Asia/Jakarta,"BMKG point: Arjawinangun, Kecamatan Arjawinangun",18-09-2026,UKMO,Open-Meteo / UK Met Office,19:00,2026-09-18 19:00:00,28.6,69.0,0.0,7.9,0.0,1.3226,Cerah,wmo:0
arjawinangun,"Arjawinangun, Cirebon",2026-09-18,32.09.24.2004,Arjawinangun,kecamatan,no,-6.6453,108.4103,Asia/Jakarta,"BMKG point: Arjawinangun, Kecamatan Arjawinangun",18-09-2026,UKMO,Open-Meteo / UK Met Office,20:00,2026-09-18 20:00:00,28.1,71.0,0.1,7.9,0.0,1.3226,Hujan Ringan,wmo:51
arjawinangun,"Arjawinangun, Cirebon",2026-09-18,32.09.24.2004,Arjawinangun,kecamatan,no,-6.6453,108.4103,Asia/Jakarta,"BMKG point: Arjawinangun, Kecamatan Arjawinangun",18-09-2026,UKMO,Open-Meteo / UK Met Office,21:00,2026-09-18 21:00:00,27.7,72.0,0.1,8.6,0.0,1.3226,Hujan Ringan,wmo:51
arjawinangun,"Arjawinangun, Cirebon",2026-09-18,32.09.24.2004,Arjawinangun,kecamatan,no,-6.6453,108.4103,Asia/Jakarta,"BMKG point: Arjawinangun, Kecamatan Arjawinangun",18-09-2026,UKMO,Open-Meteo / UK Met Office,22:00,2026-09-18 22:00:00,27.2,73.0,0.1,9.0,0.0,1.3226,Hujan Ringan,wmo:51
arjawinangun,"Arjawinangun, Cirebon",2026-09-18,32.09.24.2004,Arjawinangun,kecamatan,no,-6.6453,108.4103,Asia/Jakarta,"BMKG point: Arjawinangun, Kecamatan Arjawinangun",18-09-2026,UKMO,Open-Meteo / UK Met Office,23:00,2026-09-18 23:00:00,26.7,73.0,0.0,8.3,0.0,1.3226,Cerah Berawan,wmo:2
