location_slug,location_name,target_date,adm4,bmkg_point_name,area_level,is_proxy_bmkg,latitude,longitude,timezone,location_note,tanggal,source_id,provider,target_jam,source_datetime,suhu_C,RH_%,rain_mm,wind_kmh,gap_minutes,point_weight,kategori,raw_condition
dago,"Dago, Bandung",2026-09-27,32.73.02.1004,Dago,kelurahan,no,-6.889,107.61,Asia/Jakarta,"BMKG point: Dago, Coblong, Kota Bandung",27-09-2026,BMKG,BMKG,07:00,2026-09-27 10:00:00,26.0,69.0,0.0,5.6,180.0,0.9239,Cerah Berawan,Cerah Berawan
dago,"Dago, Bandung",2026-09-27,32.73.02.1004,Dago,kelurahan,no,-6.889,107.61,Asia/Jakarta,"BMKG point: Dago, Coblong, Kota Bandung",27-09-2026,BMKG,BMKG,08:00,2026-09-27 10:00:00,26.0,69.0,0.0,5.6,120.0,0.9239,Cerah Berawan,Cerah Berawan
dago,"Dago, Bandung",2026-09-27,32.73.02.1004,Dago,kelurahan,no,-6.889,107.61,Asia/Jakarta,"BMKG point: Dago, Coblong, Kota Bandung",27-09-2026,BMKG,BMKG,09:00,2026-09-27 10:00:00,26.0,69.0,0.0,5.6,60.0,1.2598,Cerah Berawan,Cerah Berawan
dago,"Dago, Bandung",2026-09-27,32.73.02.1004,Dago,kelurahan,no,-6.889,107.61,Asia/Jakarta,"BMKG point: Dago, Coblong, Kota Bandung",27-09-2026,BMKG,BMKG,10:00,2026-09-27 10:00:00,26.0,69.0,0.0,5.6,0.0,1.6797,Cerah Berawan,Cerah Berawan
dago,"Dago, Bandung",2026-09-27,32.73.02.1004,Dago,kelurahan,no,-6.889,107.61,Asia/Jakarta,"BMKG point: Dago, Coblong, Kota Bandung",27-09-2026,BMKG,BMKG,11:00,2026-09-27 10:00:00,26.0,69.0,0.0,5.6,60.0,1.2598,Cerah Berawan,Cerah Berawan
dago,"Dago, Bandung",2026-09-27,32.73.02.1004,Dago,kelurahan,no,-6.889,107.61,Asia/Jakarta,"BMKG point: Dago, Coblong, Kota Bandung",27-09-2026,BMKG,BMKG,12:00,2026-09-27 13:00:00,25.0,76.0,1.5,3.7,60.0,1.2598,Hujan Ringan,Hujan Ringan
dago,"Dago, Bandung",2026-09-27,32.73.02.1004,Dago,kelurahan,no,-6.889,107.61,Asia/Jakarta,"BMKG point: Dago, Coblong, Kota Bandung",27-09-2026,BMKG,BMKG,13:00,2026-09-27 13:00:00,25.0,76.0,1.5,3.7,0.0,1.6797,Hujan Ringan,Hujan Ringan
dago,"Dago, Bandung",2026-09-27,32.73.02.1004,Dago,kelurahan,no,-6.889,107.61,Asia/Jakarta,"BMKG point: Dago, Coblong, Kota Bandung",27-09-2026,BMKG,BMKG,14:00,2026-09-27 13:00:00,25.0,76.0,1.5,3.7,60.0,1.2598,Hujan Ringan,Hujan Ringan
dago,"Dago, Bandung",2026-09-27,32.73.02.1004,Dago,kelurahan,no,-6.889,107.61,Asia/Jakarta,"BMKG point: Dago, Coblong, Kota Bandung",27-09-2026,BMKG,BMKG,15:00,2026-09-27 16:00:00,24.0,88.0,1.5,1.0,60.0,1.2598,Hujan Ringan,Hujan Ringan
dago,"Dago, Bandung",2026-09-27,32.73.02.1004,Dago,kelurahan,no,-6.889,107.61,Asia/Jakarta,"BMKG point: Dago, Coblong, Kota Bandung",27-09-2026,BMKG,BMKG,16:00,2026-09-27 16:00:00,24.0,88.0,1.5,1.0,0.0,1.6797,Hujan Ringan,Hujan Ringan
dago,"Dago, Bandung",2026-09-27,32.73.02.1004,Dago,kelurahan,no,-6.889,107.61,Asia/Jakarta,"BMKG point: Dago, Coblong, Kota Bandung",27-09-2026,BMKG,BMKG,17:00,2026-09-27 16:00:00,24.0,88.0,1.5,1.0,60.0,1.2598,Hujan Ringan,Hujan Ringan
dago,"Dago, Bandung",2026-09-27,32.73.02.1004,Dago,kelurahan,no,-6.889,107.61,Asia/Jakarta,"BMKG point: Dago, Coblong, Kota Bandung",27-09-2026,BMKG,BMKG,18:00,2026-09-27 19:00:00,23.0,92.0,0.0,1.0,60.0,1.2598,Cerah Berawan,Cerah Berawan
dago,"Dago, Bandung",2026-09-27,32.73.02.1004,Dago,kelurahan,no,-6.889,107.61,Asia/Jakarta,"BMKG point: Dago, Coblong, Kota Bandung",27-09-2026,BMKG,BMKG,19:00,2026-09-27 19:00:00,23.0,92.0,0.0,1.0,0.0,1.6797,Cerah Berawan,Cerah Berawan
dago,"Dago, Bandung",2026-09-27,32.73.02.1004,Dago,kelurahan,no,-6.889,107.61,Asia/Jakarta,"BMKG point: Dago, Coblong, Kota Bandung",27-09-2026,BMKG,BMKG,20:00,2026-09-27 19:00:00,23.0,92.0,0.0,1.0,60.0,1.2598,Cerah Berawan,Cerah Berawan
dago,"Dago, Bandung",2026-09-27,32.73.02.1004,Dago,kelurahan,no,-6.889,107.61,Asia/Jakarta,"BMKG point: Dago, Coblong, Kota Bandung",27-09-2026,BMKG,BMKG,21:00,2026-09-27 22:00:00,20.0,92.0,0.0,0.3,60.0,1.2598,Cerah,Cerah
dago,"Dago, Bandung",2026-09-27,32.73.02.1004,Dago,kelurahan,no,-6.889,107.61,Asia/Jakarta,"BMKG point: Dago, Coblong, Kota Bandung",27-09-2026,BMKG,BMKG,22:00,2026-09-27 22:00:00,20.0,92.0,0.0,0.3,0.0,1.6797,Cerah,Cerah
dago,"Dago, Bandung",2026-09-27,32.73.02.1004,Dago,kelurahan,no,-6.889,107.61,Asia/Jakarta,"BMKG point: Dago, Coblong, Kota Bandung",27-09-2026,BMKG,BMKG,23:00,2026-09-27 22:00:00,20.0,92.0,0.0,0.3,60.0,1.2598,Cerah,Cerah
dago,"Dago, Bandung",2026-09-27,32.73.02.1004,Dago,kelurahan,no,-6.889,107.61,Asia/Jakarta,"BMKG point: Dago, Coblong, Kota Bandung",27-09-2026,CMA,Open-Meteo / CMA GRAPES,00:00,2026-09-27 00:00:00,22.5,92.0,0.0,3.5,0.0,1.1278,Cerah,wmo:0
dago,"Dago, Bandung",2026-09-27,32.73.02.1004,Dago,kelurahan,no,-6.889,107.61,Asia/Jakarta,"BMKG point: Dago, Coblong, Kota Bandung",27-09-2026,CMA,Open-Meteo / CMA GRAPES,01:00,2026-09-27 01:00:00,22.4,91.0,0.0,4.0,0.0,1.1278,Cerah,wmo:0
dago,"Dago, Bandung",2026-09-27,32.73.02.1004,Dago,kelurahan,no,-6.889,107.61,Asia/Jakarta,"BMKG point: Dago, Coblong, Kota Bandung",27-09-2026,CMA,Open-Meteo / CMA GRAPES,02:00,2026-09-27 02:00:00,22.4,92.0,0.0,3.3,0.0,1.1278,Cerah,wmo:0
dago,"Dago, Bandung",2026-09-27,32.73.02.1004,Dago,kelurahan,no,-6.889,107.61,Asia/Jakarta,"BMKG point: Dago, Coblong, Kota Bandung",27-09-2026,CMA,Open-Meteo / CMA GRAPES,03:00,2026-09-27 03:00:00,22.3,93.0,0.0,2.6,0.0,1.1278,Cerah,wmo:0
dago,"Dago, Bandung",2026-09-27,32.73.02.1004,Dago,kelurahan,no,-6.889,107.61,Asia/Jakarta,"BMKG point: Dago, Coblong, Kota Bandung",27-09-2026,CMA,Open-Meteo / CMA GRAPES,04:00,2026-09-27 04:00:00,22.3,93.0,0.0,2.6,0.0,1.1278,Cerah,wmo:0
dago,"Dago, Bandung",2026-09-27,32.73.02.1004,Dago,kelurahan,no,-6.889,107.61,Asia/Jakarta,"BMKG point: Dago, Coblong, Kota Bandung",27-09-2026,CMA,Open-Meteo / CMA GRAPES,05:00,2026-09-27 05:00:00,22.4,92.0,0.0,2.2,0.0,1.1278,Cerah,wmo:0
dago,"Dago, Bandung",2026-09-27,32.73.02.1004,Dago,kelurahan,no,-6.889,107.61,Asia/Jakarta,"BMKG point: Dago, Coblong, Kota Bandung",27-09-2026,CMA,Open-Meteo / CMA GRAPES,06:00,2026-09-27 06:00:00,22.4,91.0,0.0,3.1,0.0,1.1278,Cerah,wmo:0
dago,"Dago, Bandung",2026-09-27,32.73.02.1004,Dago,kelurahan,no,-6.889,107.61,Asia/Jakarta,"BMKG point: Dago, Coblong, Kota Bandung",27-09-2026,CMA,Open-Meteo / CMA GRAPES,07:00,2026-09-27 07:00:00,22.7,89.0,0.0,4.7,0.0,1.1278,Cerah,wmo:0
dago,"Dago, Bandung",2026-09-27,32.73.02.1004,Dago,kelurahan,no,-6.889,107.61,Asia/Jakarta,"BMKG point: Dago, Coblong, Kota Bandung",27-09-2026,CMA,Open-Meteo / CMA GRAPES,08:00,2026-09-27 08:00:00,23.4,86.0,0.0,6.0,0.0,1.1278,Cerah,wmo:0
dago,"Dago, Bandung",2026-09-27,32.73.02.1004,Dago,kelurahan,no,-6.889,107.61,Asia/Jakarta,"BMKG point: Dago, Coblong, Kota Bandung",27-09-2026,CMA,Open-Meteo / CMA GRAPES,09:00,2026-09-27 09:00:00,24.3,82.0,0.0,7.3,0.0,1.1278,Cerah,wmo:0
dago,"Dago, Bandung",2026-09-27,32.73.02.1004,Dago,kelurahan,no,-6.889,107.61,Asia/Jakarta,"BMKG point: Dago, Coblong, Kota Bandung",27-09-2026,CMA,Open-Meteo / CMA GRAPES,10:00,2026-09-27 10:00:00,25.0,79.0,0.0,8.7,0.0,1.1278,Cerah,wmo:0
dago,"Dago, Bandung",2026-09-27,32.73.02.1004,Dago,kelurahan,no,-6.889,107.61,Asia/Jakarta,"BMKG point: Dago, Coblong, Kota Bandung",27-09-2026,CMA,Open-Meteo / CMA GRAPES,11:00,2026-09-27 11:00:00,25.5,78.0,0.2,10.2,0.0,1.1278,Hujan Ringan,wmo:51
dago,"Dago, Bandung",2026-09-27,32.73.02.1004,Dago,kelurahan,no,-6.889,107.61,Asia/Jakarta,"BMKG point: Dago, Coblong, Kota Bandung",27-09-2026,CMA,Open-Meteo / CMA GRAPES,12:00,2026-09-27 12:00:00,25.9,77.0,0.2,11.3,0.0,1.1278,Hujan Ringan,wmo:51
dago,"Dago, Bandung",2026-09-27,32.73.02.1004,Dago,kelurahan,no,-6.889,107.61,Asia/Jakarta,"BMKG point: Dago, Coblong, Kota Bandung",27-09-2026,CMA,Open-Meteo / CMA GRAPES,13:00,2026-09-27 13:00:00,26.2,76.0,0.2,11.4,0.0,1.1278,Hujan Ringan,wmo:51
dago,"Dago, Bandung",2026-09-27,32.73.02.1004,Dago,kelurahan,no,-6.889,107.61,Asia/Jakarta,"BMKG point: Dago, Coblong, Kota Bandung",27-09-2026,CMA,Open-Meteo / CMA GRAPES,14:00,2026-09-27 14:00:00,26.7,73.0,0.3,9.2,0.0,1.1278,Hujan Ringan,wmo:51
dago,"Dago, Bandung",2026-09-27,32.73.02.1004,Dago,kelurahan,no,-6.889,107.61,Asia/Jakarta,"BMKG point: Dago, Coblong, Kota Bandung",27-09-2026,CMA,Open-Meteo / CMA GRAPES,15:00,2026-09-27 15:00:00,27.1,69.0,0.3,8.0,0.0,1.1278,Hujan Ringan,wmo:51
dago,"Dago, Bandung",2026-09-27,32.73.02.1004,Dago,kelurahan,no,-6.889,107.61,Asia/Jakarta,"BMKG point: Dago, Coblong, Kota Bandung",27-09-2026,CMA,Open-Meteo / CMA GRAPES,16:00,2026-09-27 16:00:00,27.0,68.0,0.3,8.4,0.0,1.1278,Hujan Ringan,wmo:51
dago,"Dago, Bandung",2026-09-27,32.73.02.1004,Dago,kelurahan,no,-6.889,107.61,Asia/Jakarta,"BMKG point: Dago, Coblong, Kota Bandung",27-09-2026,CMA,Open-Meteo / CMA GRAPES,17:00,2026-09-27 17:00:00,26.1,73.0,0.4,6.6,0.0,1.1278,Hujan Ringan,wmo:51
dago,"Dago, Bandung",2026-09-27,32.73.02.1004,Dago,kelurahan,no,-6.889,107.61,Asia/Jakarta,"BMKG point: Dago, Coblong, Kota Bandung",27-09-2026,CMA,Open-Meteo / CMA GRAPES,18:00,2026-09-27 18:00:00,24.6,81.0,0.4,7.7,0.0,1.1278,Hujan Ringan,wmo:51
dago,"Dago, Bandung",2026-09-27,32.73.02.1004,Dago,kelurahan,no,-6.889,107.61,Asia/Jakarta,"BMKG point: Dago, Coblong, Kota Bandung",27-09-2026,CMA,Open-Meteo / CMA GRAPES,19:00,2026-09-27 19:00:00,23.5,88.0,0.4,9.8,0.0,1.1278,Hujan Ringan,wmo:51
dago,"Dago, Bandung",2026-09-27,32.73.02.1004,Dago,kelurahan,no,-6.889,107.61,Asia/Jakarta,"BMKG point: Dago, Coblong, Kota Bandung",27-09-2026,CMA,Open-Meteo / CMA GRAPES,20:00,2026-09-27 20:00:00,23.0,91.0,0.2,8.4,0.0,1.1278,Hujan Ringan,wmo:51
dago,"Dago, Bandung",2026-09-27,32.73.02.1004,Dago,kelurahan,no,-6.889,107.61,Asia/Jakarta,"BMKG point: Dago, Coblong, Kota Bandung",27-09-2026,CMA,Open-Meteo / CMA GRAPES,21:00,2026-09-27 21:00:00,22.8,93.0,0.2,4.6,0.0,1.1278,Hujan Ringan,wmo:51
dago,"Dago, Bandung",2026-09-27,32.73.02.1004,Dago,kelurahan,no,-6.889,107.61,Asia/Jakarta,"BMKG point: Dago, Coblong, Kota Bandung",27-09-2026,CMA,Open-Meteo / CMA GRAPES,22:00,2026-09-27 22:00:00,22.6,93.0,0.2,2.3,0.0,1.1278,Hujan Ringan,wmo:51
dago,"Dago, Bandung",2026-09-27,32.73.02.1004,Dago,kelurahan,no,-6.889,107.61,Asia/Jakarta,"BMKG point: Dago, Coblong, Kota Bandung",27-09-2026,CMA,Open-Meteo / CMA GRAPES,23:00,2026-09-27 23:00:00,22.4,91.0,0.0,2.5,0.0,1.1278,Cerah,wmo:0
dago,"Dago, Bandung",2026-09-27,32.73.02.1004,Dago,kelurahan,no,-6.889,107.61,Asia/Jakarta,"BMKG point: Dago, Coblong, Kota Bandung",27-09-2026,ECMWF,Open-Meteo / ECMWF,00:00,2026-09-27 00:00:00,19.9,89.0,0.0,2.4,0.0,1.6836,Cerah Berawan,wmo:1
dago,"Dago, Bandung",2026-09-27,32.73.02.1004,Dago,kelurahan,no,-6.889,107.61,Asia/Jakarta,"BMKG point: Dago, Coblong, Kota Bandung",27-09-2026,ECMWF,Open-Meteo / ECMWF,01:00,2026-09-27 01:00:00,19.1,92.0,0.0,2.7,0.0,1.6836,Cerah Berawan,wmo:2
dago,"Dago, Bandung",2026-09-27,32.73.02.1004,Dago,kelurahan,no,-6.889,107.61,Asia/Jakarta,"BMKG point: Dago, Coblong, Kota Bandung",27-09-2026,ECMWF,Open-Meteo / ECMWF,02:00,2026-09-27 02:00:00,18.3,93.0,0.0,2.4,0.0,1.6836,Cerah Berawan,wmo:2
dago,"Dago, Bandung",2026-09-27,32.73.02.1004,Dago,kelurahan,no,-6.889,107.61,Asia/Jakarta,"BMKG point: Dago, Coblong, Kota Bandung",27-09-2026,ECMWF,Open-Meteo / ECMWF,03:00,2026-09-27 03:00:00,17.5,94.0,0.0,2.1,0.0,1.6836,Cerah Berawan,wmo:2
dago,"Dago, Bandung",2026-09-27,32.73.02.1004,Dago,kelurahan,no,-6.889,107.61,Asia/Jakarta,"BMKG point: Dago, Coblong, Kota Bandung",27-09-2026,ECMWF,Open-Meteo / ECMWF,04:00,2026-09-27 04:00:00,17.4,93.0,0.0,1.6,0.0,1.6836,Cerah Berawan,wmo:2
dago,"Dago, Bandung",2026-09-27,32.73.02.1004,Dago,kelurahan,no,-6.889,107.61,Asia/Jakarta,"BMKG point: Dago, Coblong, Kota Bandung",27-09-2026,ECMWF,Open-Meteo / ECMWF,05:00,2026-09-27 05:00:00,18.0,90.0,0.0,1.8,0.0,1.6836,Cerah Berawan,wmo:2
dago,"Dago, Bandung",2026-09-27,32.73.02.1004,Dago,kelurahan,no,-6.889,107.61,Asia/Jakarta,"BMKG point: Dago, Coblong, Kota Bandung",27-09-2026,ECMWF,Open-Meteo / ECMWF,06:00,2026-09-27 06:00:00,19.2,85.0,0.0,2.2,0.0,1.6836,Cerah Berawan,wmo:1
dago,"Dago, Bandung",2026-09-27,32.73.02.1004,Dago,kelurahan,no,-6.889,107.61,Asia/Jakarta,"BMKG point: Dago, Coblong, Kota Bandung",27-09-2026,ECMWF,Open-Meteo / ECMWF,07:00,2026-09-27 07:00:00,20.7,79.0,0.0,1.9,0.0,1.6836,Cerah Berawan,wmo:1
dago,"Dago, Bandung",2026-09-27,32.73.02.1004,Dago,kelurahan,no,-6.889,107.61,Asia/Jakarta,"BMKG point: Dago, Coblong, Kota Bandung",27-09-2026,ECMWF,Open-Meteo / ECMWF,08:00,2026-09-27 08:00:00,22.9,71.0,0.0,1.1,0.0,1.6836,Cerah Berawan,wmo:1
dago,"Dago, Bandung",2026-09-27,32.73.02.1004,Dago,kelurahan,no,-6.889,107.61,Asia/Jakarta,"BMKG point: Dago, Coblong, Kota Bandung",27-09-2026,ECMWF,Open-Meteo / ECMWF,09:00,2026-09-27 09:00:00,25.5,62.0,0.0,2.1,0.0,1.6836,Cerah Berawan,wmo:2
dago,"Dago, Bandung",2026-09-27,32.73.02.1004,Dago,kelurahan,no,-6.889,107.61,Asia/Jakarta,"BMKG point: Dago, Coblong, Kota Bandung",27-09-2026,ECMWF,Open-Meteo / ECMWF,10:00,2026-09-27 10:00:00,27.5,55.0,0.0,4.0,0.0,1.6836,Berawan,wmo:3
dago,"Dago, Bandung",2026-09-27,32.73.02.1004,Dago,kelurahan,no,-6.889,107.61,Asia/Jakarta,"BMKG point: Dago, Coblong, Kota Bandung",27-09-2026,ECMWF,Open-Meteo / ECMWF,11:00,2026-09-27 11:00:00,28.7,50.0,0.1,6.6,0.0,1.6836,Hujan Ringan,wmo:51
dago,"Dago, Bandung",2026-09-27,32.73.02.1004,Dago,kelurahan,no,-6.889,107.61,Asia/Jakarta,"BMKG point: Dago, Coblong, Kota Bandung",27-09-2026,ECMWF,Open-Meteo / ECMWF,12:00,2026-09-27 12:00:00,29.4,47.0,0.1,9.2,0.0,1.6836,Hujan Ringan,wmo:51
dago,"Dago, Bandung",2026-09-27,32.73.02.1004,Dago,kelurahan,no,-6.889,107.61,Asia/Jakarta,"BMKG point: Dago, Coblong, Kota Bandung",27-09-2026,ECMWF,Open-Meteo / ECMWF,13:00,2026-09-27 13:00:00,29.5,46.0,0.1,11.1,0.0,1.6836,Hujan Ringan,wmo:51
dago,"Dago, Bandung",2026-09-27,32.73.02.1004,Dago,kelurahan,no,-6.889,107.61,Asia/Jakarta,"BMKG point: Dago, Coblong, Kota Bandung",27-09-2026,ECMWF,Open-Meteo / ECMWF,14:00,2026-09-27 14:00:00,28.7,50.0,0.2,10.5,0.0,1.6836,Hujan Ringan,wmo:51
dago,"Dago, Bandung",2026-09-27,32.73.02.1004,Dago,kelurahan,no,-6.889,107.61,Asia/Jakarta,"BMKG point: Dago, Coblong, Kota Bandung",27-09-2026,ECMWF,Open-Meteo / ECMWF,15:00,2026-09-27 15:00:00,27.4,56.0,0.2,8.7,0.0,1.6836,Hujan Ringan,wmo:51
dago,"Dago, Bandung",2026-09-27,32.73.02.1004,Dago,kelurahan,no,-6.889,107.61,Asia/Jakarta,"BMKG point: Dago, Coblong, Kota Bandung",27-09-2026,ECMWF,Open-Meteo / ECMWF,16:00,2026-09-27 16:00:00,26.0,63.0,0.2,6.6,0.0,1.6836,Hujan Ringan,wmo:51
dago,"Dago, Bandung",2026-09-27,32.73.02.1004,Dago,kelurahan,no,-6.889,107.61,Asia/Jakarta,"BMKG point: Dago, Coblong, Kota Bandung",27-09-2026,ECMWF,Open-Meteo / ECMWF,17:00,2026-09-27 17:00:00,24.6,70.0,0.1,4.3,0.0,1.6836,Hujan Ringan,wmo:51
dago,"Dago, Bandung",2026-09-27,32.73.02.1004,Dago,kelurahan,no,-6.889,107.61,Asia/Jakarta,"BMKG point: Dago, Coblong, Kota Bandung",27-09-2026,ECMWF,Open-Meteo / ECMWF,18:00,2026-09-27 18:00:00,23.3,77.0,0.1,2.7,0.0,1.6836,Hujan Ringan,wmo:51
dago,"Dago, Bandung",2026-09-27,32.73.02.1004,Dago,kelurahan,no,-6.889,107.61,Asia/Jakarta,"BMKG point: Dago, Coblong, Kota Bandung",27-09-2026,ECMWF,Open-Meteo / ECMWF,19:00,2026-09-27 19:00:00,22.1,84.0,0.1,3.1,0.0,1.6836,Hujan Ringan,wmo:51
dago,"Dago, Bandung",2026-09-27,32.73.02.1004,Dago,kelurahan,no,-6.889,107.61,Asia/Jakarta,"BMKG point: Dago, Coblong, Kota Bandung",27-09-2026,ECMWF,Open-Meteo / ECMWF,20:00,2026-09-27 20:00:00,21.3,90.0,0.7,3.3,0.0,1.6836,Hujan Ringan,wmo:53
dago,"Dago, Bandung",2026-09-27,32.73.02.1004,Dago,kelurahan,no,-6.889,107.61,Asia/Jakarta,"BMKG point: Dago, Coblong, Kota Bandung",27-09-2026,ECMWF,Open-Meteo / ECMWF,21:00,2026-09-27 21:00:00,20.6,94.0,0.7,3.3,0.0,1.6836,Hujan Ringan,wmo:53
dago,"Dago, Bandung",2026-09-27,32.73.02.1004,Dago,kelurahan,no,-6.889,107.61,Asia/Jakarta,"BMKG point: Dago, Coblong, Kota Bandung",27-09-2026,ECMWF,Open-Meteo / ECMWF,22:00,2026-09-27 22:00:00,20.1,97.0,0.7,3.4,0.0,1.6836,Hujan Ringan,wmo:53
dago,"Dago, Bandung",2026-09-27,32.73.02.1004,Dago,kelurahan,no,-6.889,107.61,Asia/Jakarta,"BMKG point: Dago, Coblong, Kota Bandung",27-09-2026,ECMWF,Open-Meteo / ECMWF,23:00,2026-09-27 23:00:00,19.7,97.0,0.0,3.7,0.0,1.6836,Cerah Berawan,wmo:1
dago,"Dago, Bandung",2026-09-27,32.73.02.1004,Dago,kelurahan,no,-6.889,107.61,Asia/Jakarta,"BMKG point: Dago, Coblong, Kota Bandung",27-09-2026,GFS,Open-Meteo / NOAA GFS,00:00,2026-09-27 00:00:00,21.1,90.0,0.0,2.9,0.0,1.3795,Berawan,wmo:3
dago,"Dago, Bandung",2026-09-27,32.73.02.1004,Dago,kelurahan,no,-6.889,107.61,Asia/Jakarta,"BMKG point: Dago, Coblong, Kota Bandung",27-09-2026,GFS,Open-Meteo / NOAA GFS,01:00,2026-09-27 01:00:00,20.6,91.0,0.0,2.2,0.0,1.3795,Cerah,wmo:0
dago,"Dago, Bandung",2026-09-27,32.73.02.1004,Dago,kelurahan,no,-6.889,107.61,Asia/Jakarta,"BMKG point: Dago, Coblong, Kota Bandung",27-09-2026,GFS,Open-Meteo / NOAA GFS,02:00,2026-09-27 02:00:00,20.3,92.0,0.0,1.6,0.0,1.3795,Cerah,wmo:0
dago,"Dago, Bandung",2026-09-27,32.73.02.1004,Dago,kelurahan,no,-6.889,107.61,Asia/Jakarta,"BMKG point: Dago, Coblong, Kota Bandung",27-09-2026,GFS,Open-Meteo / NOAA GFS,03:00,2026-09-27 03:00:00,20.1,92.0,0.1,2.5,0.0,1.3795,Hujan Ringan,wmo:51
dago,"Dago, Bandung",2026-09-27,32.73.02.1004,Dago,kelurahan,no,-6.889,107.61,Asia/Jakarta,"BMKG point: Dago, Coblong, Kota Bandung",27-09-2026,GFS,Open-Meteo / NOAA GFS,04:00,2026-09-27 04:00:00,19.9,93.0,0.1,2.5,0.0,1.3795,Hujan Ringan,wmo:51
dago,"Dago, Bandung",2026-09-27,32.73.02.1004,Dago,kelurahan,no,-6.889,107.61,Asia/Jakarta,"BMKG point: Dago, Coblong, Kota Bandung",27-09-2026,GFS,Open-Meteo / NOAA GFS,05:00,2026-09-27 05:00:00,19.8,93.0,0.1,3.7,0.0,1.3795,Hujan Ringan,wmo:51
dago,"Dago, Bandung",2026-09-27,32.73.02.1004,Dago,kelurahan,no,-6.889,107.61,Asia/Jakarta,"BMKG point: Dago, Coblong, Kota Bandung",27-09-2026,GFS,Open-Meteo / NOAA GFS,06:00,2026-09-27 06:00:00,20.2,92.0,0.0,4.3,0.0,1.3795,Cerah,wmo:0
dago,"Dago, Bandung",2026-09-27,32.73.02.1004,Dago,kelurahan,no,-6.889,107.61,Asia/Jakarta,"BMKG point: Dago, Coblong, Kota Bandung",27-09-2026,GFS,Open-Meteo / NOAA GFS,07:00,2026-09-27 07:00:00,22.5,81.0,0.0,4.9,0.0,1.3795,Cerah Berawan,wmo:2
dago,"Dago, Bandung",2026-09-27,32.73.02.1004,Dago,kelurahan,no,-6.889,107.61,Asia/Jakarta,"BMKG point: Dago, Coblong, Kota Bandung",27-09-2026,GFS,Open-Meteo / NOAA GFS,08:00,2026-09-27 08:00:00,25.2,69.0,0.0,2.9,0.0,1.3795,Cerah Berawan,wmo:1
dago,"Dago, Bandung",2026-09-27,32.73.02.1004,Dago,kelurahan,no,-6.889,107.61,Asia/Jakarta,"BMKG point: Dago, Coblong, Kota Bandung",27-09-2026,GFS,Open-Meteo / NOAA GFS,09:00,2026-09-27 09:00:00,27.2,60.0,0.4,3.7,0.0,1.3795,Hujan Ringan,wmo:51
dago,"Dago, Bandung",2026-09-27,32.73.02.1004,Dago,kelurahan,no,-6.889,107.61,Asia/Jakarta,"BMKG point: Dago, Coblong, Kota Bandung",27-09-2026,GFS,Open-Meteo / NOAA GFS,10:00,2026-09-27 10:00:00,28.4,54.0,1.2,7.5,0.0,1.3795,Hujan Ringan,wmo:55
dago,"Dago, Bandung",2026-09-27,32.73.02.1004,Dago,kelurahan,no,-6.889,107.61,Asia/Jakarta,"BMKG point: Dago, Coblong, Kota Bandung",27-09-2026,GFS,Open-Meteo / NOAA GFS,11:00,2026-09-27 11:00:00,29.0,51.0,1.2,10.1,0.0,1.3795,Hujan Ringan,wmo:55
dago,"Dago, Bandung",2026-09-27,32.73.02.1004,Dago,kelurahan,no,-6.889,107.61,Asia/Jakarta,"BMKG point: Dago, Coblong, Kota Bandung",27-09-2026,GFS,Open-Meteo / NOAA GFS,12:00,2026-09-27 12:00:00,28.9,52.0,1.4,11.6,0.0,1.3795,Hujan Ringan,wmo:80
dago,"Dago, Bandung",2026-09-27,32.73.02.1004,Dago,kelurahan,no,-6.889,107.61,Asia/Jakarta,"BMKG point: Dago, Coblong, Kota Bandung",27-09-2026,GFS,Open-Meteo / NOAA GFS,13:00,2026-09-27 13:00:00,29.9,49.0,0.0,12.0,0.0,1.3795,Berawan,wmo:3
dago,"Dago, Bandung",2026-09-27,32.73.02.1004,Dago,kelurahan,no,-6.889,107.61,Asia/Jakarta,"BMKG point: Dago, Coblong, Kota Bandung",27-09-2026,GFS,Open-Meteo / NOAA GFS,14:00,2026-09-27 14:00:00,30.7,44.0,0.0,13.4,0.0,1.3795,Berawan,wmo:3
dago,"Dago, Bandung",2026-09-27,32.73.02.1004,Dago,kelurahan,no,-6.889,107.61,Asia/Jakarta,"BMKG point: Dago, Coblong, Kota Bandung",27-09-2026,GFS,Open-Meteo / NOAA GFS,15:00,2026-09-27 15:00:00,29.9,48.0,0.0,12.6,0.0,1.3795,Berawan,wmo:3
dago,"Dago, Bandung",2026-09-27,32.73.02.1004,Dago,kelurahan,no,-6.889,107.61,Asia/Jakarta,"BMKG point: Dago, Coblong, Kota Bandung",27-09-2026,GFS,Open-Meteo / NOAA GFS,16:00,2026-09-27 16:00:00,27.2,59.0,0.4,9.1,0.0,1.3795,Hujan Ringan,wmo:51
dago,"Dago, Bandung",2026-09-27,32.73.02.1004,Dago,kelurahan,no,-6.889,107.61,Asia/Jakarta,"BMKG point: Dago, Coblong, Kota Bandung",27-09-2026,GFS,Open-Meteo / NOAA GFS,17:00,2026-09-27 17:00:00,25.1,70.0,1.5,5.2,0.0,1.3795,Hujan Ringan,wmo:80
dago,"Dago, Bandung",2026-09-27,32.73.02.1004,Dago,kelurahan,no,-6.889,107.61,Asia/Jakarta,"BMKG point: Dago, Coblong, Kota Bandung",27-09-2026,GFS,Open-Meteo / NOAA GFS,18:00,2026-09-27 18:00:00,23.9,77.0,1.2,2.2,0.0,1.3795,Hujan Ringan,wmo:55
dago,"Dago, Bandung",2026-09-27,32.73.02.1004,Dago,kelurahan,no,-6.889,107.61,Asia/Jakarta,"BMKG point: Dago, Coblong, Kota Bandung",27-09-2026,GFS,Open-Meteo / NOAA GFS,19:00,2026-09-27 19:00:00,23.1,80.0,0.3,0.8,0.0,1.3795,Hujan Ringan,wmo:51
dago,"Dago, Bandung",2026-09-27,32.73.02.1004,Dago,kelurahan,no,-6.889,107.61,Asia/Jakarta,"BMKG point: Dago, Coblong, Kota Bandung",27-09-2026,GFS,Open-Meteo / NOAA GFS,20:00,2026-09-27 20:00:00,22.6,83.0,0.2,2.9,0.0,1.3795,Hujan Ringan,wmo:51
dago,"Dago, Bandung",2026-09-27,32.73.02.1004,Dago,kelurahan,no,-6.889,107.61,Asia/Jakarta,"BMKG point: Dago, Coblong, Kota Bandung",27-09-2026,GFS,Open-Meteo / NOAA GFS,21:00,2026-09-27 21:00:00,21.8,88.0,0.8,2.3,0.0,1.3795,Hujan Ringan,wmo:53
dago,"Dago, Bandung",2026-09-27,32.73.02.1004,Dago,kelurahan,no,-6.889,107.61,Asia/Jakarta,"BMKG point: Dago, Coblong, Kota Bandung",27-09-2026,GFS,Open-Meteo / NOAA GFS,22:00,2026-09-27 22:00:00,21.6,88.0,1.2,0.4,0.0,1.3795,Hujan Ringan,wmo:55
dago,"Dago, Bandung",2026-09-27,32.73.02.1004,Dago,kelurahan,no,-6.889,107.61,Asia/Jakarta,"BMKG point: Dago, Coblong, Kota Bandung",27-09-2026,GFS,Open-Meteo / NOAA GFS,23:00,2026-09-27 23:00:00,21.2,89.0,1.6,4.2,0.0,1.3795,Hujan Ringan,wmo:80
dago,"Dago, Bandung",2026-09-27,32.73.02.1004,Dago,kelurahan,no,-6.889,107.61,Asia/Jakarta,"BMKG point: Dago, Coblong, Kota Bandung",27-09-2026,ICON,Open-Meteo / DWD ICON,00:00,2026-09-27 00:00:00,22.7,89.0,0.0,2.6,0.0,1.4493,Berawan,wmo:3
dago,"Dago, Bandung",2026-09-27,32.73.02.1004,Dago,kelurahan,no,-6.889,107.61,Asia/Jakarta,"BMKG point: Dago, Coblong, Kota Bandung",27-09-2026,ICON,Open-Meteo / DWD ICON,01:00,2026-09-27 01:00:00,22.7,88.0,0.0,1.6,0.0,1.4493,Berawan,wmo:3
dago,"Dago, Bandung",2026-09-27,32.73.02.1004,Dago,kelurahan,no,-6.889,107.61,Asia/Jakarta,"BMKG point: Dago, Coblong, Kota Bandung",27-09-2026,ICON,Open-Meteo / DWD ICON,02:00,2026-09-27 02:00:00,22.5,90.0,0.0,0.8,0.0,1.4493,Berawan,wmo:3
dago,"Dago, Bandung",2026-09-27,32.73.02.1004,Dago,kelurahan,no,-6.889,107.61,Asia/Jakarta,"BMKG point: Dago, Coblong, Kota Bandung",27-09-2026,ICON,Open-Meteo / DWD ICON,03:00,2026-09-27 03:00:00,22.2,92.0,0.0,2.1,0.0,1.4493,Berawan,wmo:3
dago,"Dago, Bandung",2026-09-27,32.73.02.1004,Dago,kelurahan,no,-6.889,107.61,Asia/Jakarta,"BMKG point: Dago, Coblong, Kota Bandung",27-09-2026,ICON,Open-Meteo / DWD ICON,04:00,2026-09-27 04:00:00,21.9,94.0,0.0,1.9,0.0,1.4493,Berawan,wmo:3
dago,"Dago, Bandung",2026-09-27,32.73.02.1004,Dago,kelurahan,no,-6.889,107.61,Asia/Jakarta,"BMKG point: Dago, Coblong, Kota Bandung",27-09-2026,ICON,Open-Meteo / DWD ICON,05:00,2026-09-27 05:00:00,21.6,96.0,0.0,1.8,0.0,1.4493,Berawan,wmo:45
dago,"Dago, Bandung",2026-09-27,32.73.02.1004,Dago,kelurahan,no,-6.889,107.61,Asia/Jakarta,"BMKG point: Dago, Coblong, Kota Bandung",27-09-2026,ICON,Open-Meteo / DWD ICON,06:00,2026-09-27 06:00:00,21.4,97.0,0.0,1.6,0.0,1.4493,Berawan,wmo:45
dago,"Dago, Bandung",2026-09-27,32.73.02.1004,Dago,kelurahan,no,-6.889,107.61,Asia/Jakarta,"BMKG point: Dago, Coblong, Kota Bandung",27-09-2026,ICON,Open-Meteo / DWD ICON,07:00,2026-09-27 07:00:00,22.3,92.0,0.0,1.3,0.0,1.4493,Berawan,wmo:3
dago,"Dago, Bandung",2026-09-27,32.73.02.1004,Dago,kelurahan,no,-6.889,107.61,Asia/Jakarta,"BMKG point: Dago, Coblong, Kota Bandung",27-09-2026,ICON,Open-Meteo / DWD ICON,08:00,2026-09-27 08:00:00,24.3,80.0,0.0,1.8,0.0,1.4493,Cerah Berawan,wmo:2
dago,"Dago, Bandung",2026-09-27,32.73.02.1004,Dago,kelurahan,no,-6.889,107.61,Asia/Jakarta,"BMKG point: Dago, Coblong, Kota Bandung",27-09-2026,ICON,Open-Meteo / DWD ICON,09:00,2026-09-27 09:00:00,26.0,72.0,0.0,2.4,0.0,1.4493,Cerah Berawan,wmo:2
dago,"Dago, Bandung",2026-09-27,32.73.02.1004,Dago,kelurahan,no,-6.889,107.61,Asia/Jakarta,"BMKG point: Dago, Coblong, Kota Bandung",27-09-2026,ICON,Open-Meteo / DWD ICON,10:00,2026-09-27 10:00:00,27.3,66.0,0.0,1.9,0.0,1.4493,Cerah Berawan,wmo:2
dago,"Dago, Bandung",2026-09-27,32.73.02.1004,Dago,kelurahan,no,-6.889,107.61,Asia/Jakarta,"BMKG point: Dago, Coblong, Kota Bandung",27-09-2026,ICON,Open-Meteo / DWD ICON,11:00,2026-09-27 11:00:00,28.5,60.0,0.0,1.8,0.0,1.4493,Cerah Berawan,wmo:2
dago,"Dago, Bandung",2026-09-27,32.73.02.1004,Dago,kelurahan,no,-6.889,107.61,Asia/Jakarta,"BMKG point: Dago, Coblong, Kota Bandung",27-09-2026,ICON,Open-Meteo / DWD ICON,12:00,2026-09-27 12:00:00,29.8,54.0,0.0,2.9,0.0,1.4493,Cerah Berawan,wmo:2
dago,"Dago, Bandung",2026-09-27,32.73.02.1004,Dago,kelurahan,no,-6.889,107.61,Asia/Jakarta,"BMKG point: Dago, Coblong, Kota Bandung",27-09-2026,ICON,Open-Meteo / DWD ICON,13:00,2026-09-27 13:00:00,30.7,50.0,0.0,1.9,0.0,1.4493,Cerah Berawan,wmo:2
dago,"Dago, Bandung",2026-09-27,32.73.02.1004,Dago,kelurahan,no,-6.889,107.61,Asia/Jakarta,"BMKG point: Dago, Coblong, Kota Bandung",27-09-2026,ICON,Open-Meteo / DWD ICON,14:00,2026-09-27 14:00:00,30.5,49.0,0.0,6.9,0.0,1.4493,Berawan,wmo:3
dago,"Dago, Bandung",2026-09-27,32.73.02.1004,Dago,kelurahan,no,-6.889,107.61,Asia/Jakarta,"BMKG point: Dago, Coblong, Kota Bandung",27-09-2026,ICON,Open-Meteo / DWD ICON,15:00,2026-09-27 15:00:00,29.3,56.0,0.1,11.2,0.0,1.4493,Cerah Berawan,wmo:2
dago,"Dago, Bandung",2026-09-27,32.73.02.1004,Dago,kelurahan,no,-6.889,107.61,Asia/Jakarta,"BMKG point: Dago, Coblong, Kota Bandung",27-09-2026,ICON,Open-Meteo / DWD ICON,16:00,2026-09-27 16:00:00,27.5,64.0,0.2,8.9,0.0,1.4493,Hujan Ringan,wmo:80
dago,"Dago, Bandung",2026-09-27,32.73.02.1004,Dago,kelurahan,no,-6.889,107.61,Asia/Jakarta,"BMKG point: Dago, Coblong, Kota Bandung",27-09-2026,ICON,Open-Meteo / DWD ICON,17:00,2026-09-27 17:00:00,26.4,70.0,0.1,5.1,0.0,1.4493,Cerah Berawan,wmo:2
dago,"Dago, Bandung",2026-09-27,32.73.02.1004,Dago,kelurahan,no,-6.889,107.61,Asia/Jakarta,"BMKG point: Dago, Coblong, Kota Bandung",27-09-2026,ICON,Open-Meteo / DWD ICON,18:00,2026-09-27 18:00:00,24.9,77.0,1.5,2.7,0.0,1.4493,Hujan Lebat,wmo:95
dago,"Dago, Bandung",2026-09-27,32.73.02.1004,Dago,kelurahan,no,-6.889,107.61,Asia/Jakarta,"BMKG point: Dago, Coblong, Kota Bandung",27-09-2026,ICON,Open-Meteo / DWD ICON,19:00,2026-09-27 19:00:00,24.4,81.0,2.8,1.3,0.0,1.4493,Hujan Lebat,wmo:95
dago,"Dago, Bandung",2026-09-27,32.73.02.1004,Dago,kelurahan,no,-6.889,107.61,Asia/Jakarta,"BMKG point: Dago, Coblong, Kota Bandung",27-09-2026,ICON,Open-Meteo / DWD ICON,20:00,2026-09-27 20:00:00,23.9,85.0,3.7,3.7,0.0,1.4493,Hujan Lebat,wmo:96
dago,"Dago, Bandung",2026-09-27,32.73.02.1004,Dago,kelurahan,no,-6.889,107.61,Asia/Jakarta,"BMKG point: Dago, Coblong, Kota Bandung",27-09-2026,ICON,Open-Meteo / DWD ICON,21:00,2026-09-27 21:00:00,23.4,87.0,1.9,2.5,0.0,1.4493,Hujan Ringan,wmo:80
dago,"Dago, Bandung",2026-09-27,32.73.02.1004,Dago,kelurahan,no,-6.889,107.61,Asia/Jakarta,"BMKG point: Dago, Coblong, Kota Bandung",27-09-2026,ICON,Open-Meteo / DWD ICON,22:00,2026-09-27 22:00:00,23.1,88.0,0.4,4.0,0.0,1.4493,Hujan Ringan,wmo:80
dago,"Dago, Bandung",2026-09-27,32.73.02.1004,Dago,kelurahan,no,-6.889,107.61,Asia/Jakarta,"BMKG point: Dago, Coblong, Kota Bandung",27-09-2026,ICON,Open-Meteo / DWD ICON,23:00,2026-09-27 23:00:00,23.0,85.0,0.3,3.3,0.0,1.4493,Hujan Ringan,wmo:80
dago,"Dago, Bandung",2026-09-27,32.73.02.1004,Dago,kelurahan,no,-6.889,107.61,Asia/Jakarta,"BMKG point: Dago, Coblong, Kota Bandung",27-09-2026,KMA,Open-Meteo / KMA,00:00,2026-09-27 00:00:00,,,,,0.0,0.5443,Berawan,wmo:None
dago,"Dago, Bandung",2026-09-27,32.73.02.1004,Dago,kelurahan,no,-6.889,107.61,Asia/Jakarta,"BMKG point: Dago, Coblong, Kota Bandung",27-09-2026,KMA,Open-Meteo / KMA,01:00,2026-09-27 01:00:00,,,,,0.0,0.5443,Berawan,wmo:None
dago,"Dago, Bandung",2026-09-27,32.73.02.1004,Dago,kelurahan,no,-6.889,107.61,Asia/Jakarta,"BMKG point: Dago, Coblong, Kota Bandung",27-09-2026,KMA,Open-Meteo / KMA,02:00,2026-09-27 02:00:00,,,,,0.0,0.5443,Berawan,wmo:None
dago,"Dago, Bandung",2026-09-27,32.73.02.1004,Dago,kelurahan,no,-6.889,107.61,Asia/Jakarta,"BMKG point: Dago, Coblong, Kota Bandung",27-09-2026,KMA,Open-Meteo / KMA,03:00,2026-09-27 03:00:00,,,,,0.0,0.5443,Berawan,wmo:None
dago,"Dago, Bandung",2026-09-27,32.73.02.1004,Dago,kelurahan,no,-6.889,107.61,Asia/Jakarta,"BMKG point: Dago, Coblong, Kota Bandung",27-09-2026,KMA,Open-Meteo / KMA,04:00,2026-09-27 04:00:00,,,,,0.0,0.5443,Berawan,wmo:None
dago,"Dago, Bandung",2026-09-27,32.73.02.1004,Dago,kelurahan,no,-6.889,107.61,Asia/Jakarta,"BMKG point: Dago, Coblong, Kota Bandung",27-09-2026,KMA,Open-Meteo / KMA,05:00,2026-09-27 05:00:00,,,,,0.0,0.5443,Berawan,wmo:None
dago,"Dago, Bandung",2026-09-27,32.73.02.1004,Dago,kelurahan,no,-6.889,107.61,Asia/Jakarta,"BMKG point: Dago, Coblong, Kota Bandung",27-09-2026,KMA,Open-Meteo / KMA,06:00,2026-09-27 06:00:00,,,,,0.0,0.5443,Berawan,wmo:None
dago,"Dago, Bandung",2026-09-27,32.73.02.1004,Dago,kelurahan,no,-6.889,107.61,Asia/Jakarta,"BMKG point: Dago, Coblong, Kota Bandung",27-09-2026,KMA,Open-Meteo / KMA,07:00,2026-09-27 07:00:00,,,,,0.0,0.5443,Berawan,wmo:None
dago,"Dago, Bandung",2026-09-27,32.73.02.1004,Dago,kelurahan,no,-6.889,107.61,Asia/Jakarta,"BMKG point: Dago, Coblong, Kota Bandung",27-09-2026,KMA,Open-Meteo / KMA,08:00,2026-09-27 08:00:00,,,,,0.0,0.5443,Berawan,wmo:None
dago,"Dago, Bandung",2026-09-27,32.73.02.1004,Dago,kelurahan,no,-6.889,107.61,Asia/Jakarta,"BMKG point: Dago, Coblong, Kota Bandung",27-09-2026,KMA,Open-Meteo / KMA,09:00,2026-09-27 09:00:00,,,,,0.0,0.5443,Berawan,wmo:None
dago,"Dago, Bandung",2026-09-27,32.73.02.1004,Dago,kelurahan,no,-6.889,107.61,Asia/Jakarta,"BMKG point: Dago, Coblong, Kota Bandung",27-09-2026,KMA,Open-Meteo / KMA,10:00,2026-09-27 10:00:00,,,,,0.0,0.5443,Berawan,wmo:None
dago,"Dago, Bandung",2026-09-27,32.73.02.1004,Dago,kelurahan,no,-6.889,107.61,Asia/Jakarta,"BMKG point: Dago, Coblong, Kota Bandung",27-09-2026,KMA,Open-Meteo / KMA,11:00,2026-09-27 11:00:00,,,,,0.0,0.5443,Berawan,wmo:None
dago,"Dago, Bandung",2026-09-27,32.73.02.1004,Dago,kelurahan,no,-6.889,107.61,Asia/Jakarta,"BMKG point: Dago, Coblong, Kota Bandung",27-09-2026,KMA,Open-Meteo / KMA,12:00,2026-09-27 12:00:00,,,,,0.0,0.5443,Berawan,wmo:None
dago,"Dago, Bandung",2026-09-27,32.73.02.1004,Dago,kelurahan,no,-6.889,107.61,Asia/Jakarta,"BMKG point: Dago, Coblong, Kota Bandung",27-09-2026,KMA,Open-Meteo / KMA,13:00,2026-09-27 13:00:00,,,,,0.0,0.5443,Berawan,wmo:None
dago,"Dago, Bandung",2026-09-27,32.73.02.1004,Dago,kelurahan,no,-6.889,107.61,Asia/Jakarta,"BMKG point: Dago, Coblong, Kota Bandung",27-09-2026,KMA,Open-Meteo / KMA,14:00,2026-09-27 14:00:00,,,,,0.0,0.5443,Berawan,wmo:None
dago,"Dago, Bandung",2026-09-27,32.73.02.1004,Dago,kelurahan,no,-6.889,107.61,Asia/Jakarta,"BMKG point: Dago, Coblong, Kota Bandung",27-09-2026,KMA,Open-Meteo / KMA,15:00,2026-09-27 15:00:00,,,,,0.0,0.5443,Berawan,wmo:None
dago,"Dago, Bandung",2026-09-27,32.73.02.1004,Dago,kelurahan,no,-6.889,107.61,Asia/Jakarta,"BMKG point: Dago, Coblong, Kota Bandung",27-09-2026,KMA,Open-Meteo / KMA,16:00,2026-09-27 16:00:00,,,,,0.0,0.5443,Berawan,wmo:None
dago,"Dago, Bandung",2026-09-27,32.73.02.1004,Dago,kelurahan,no,-6.889,107.61,Asia/Jakarta,"BMKG point: Dago, Coblong, Kota Bandung",27-09-2026,KMA,Open-Meteo / KMA,17:00,2026-09-27 17:00:00,,,,,0.0,0.5443,Berawan,wmo:None
dago,"Dago, Bandung",2026-09-27,32.73.02.1004,Dago,kelurahan,no,-6.889,107.61,Asia/Jakarta,"BMKG point: Dago, Coblong, Kota Bandung",27-09-2026,KMA,Open-Meteo / KMA,18:00,2026-09-27 18:00:00,,,,,0.0,0.5443,Berawan,wmo:None
dago,"Dago, Bandung",2026-09-27,32.73.02.1004,Dago,kelurahan,no,-6.889,107.61,Asia/Jakarta,"BMKG point: Dago, Coblong, Kota Bandung",27-09-2026,KMA,Open-Meteo / KMA,19:00,2026-09-27 19:00:00,,,,,0.0,0.5443,Berawan,wmo:None
dago,"Dago, Bandung",2026-09-27,32.73.02.1004,Dago,kelurahan,no,-6.889,107.61,Asia/Jakarta,"BMKG point: Dago, Coblong, Kota Bandung",27-09-2026,KMA,Open-Meteo / KMA,20:00,2026-09-27 20:00:00,,,,,0.0,0.5443,Berawan,wmo:None
dago,"Dago, Bandung",2026-09-27,32.73.02.1004,Dago,kelurahan,no,-6.889,107.61,Asia/Jakarta,"BMKG point: Dago, Coblong, Kota Bandung",27-09-2026,KMA,Open-Meteo / KMA,21:00,2026-09-27 21:00:00,,,,,0.0,0.5443,Berawan,wmo:None
dago,"Dago, Bandung",2026-09-27,32.73.02.1004,Dago,kelurahan,no,-6.889,107.61,Asia/Jakarta,"BMKG point: Dago, Coblong, Kota Bandung",27-09-2026,KMA,Open-Meteo / KMA,22:00,2026-09-27 22:00:00,,,,,0.0,0.5443,Berawan,wmo:None
dago,"Dago, Bandung",2026-09-27,32.73.02.1004,Dago,kelurahan,no,-6.889,107.61,Asia/Jakarta,"BMKG point: Dago, Coblong, Kota Bandung",27-09-2026,KMA,Open-Meteo / KMA,23:00,2026-09-27 23:00:00,,,,,0.0,0.5443,Berawan,wmo:None
dago,"Dago, Bandung",2026-09-27,32.73.02.1004,Dago,kelurahan,no,-6.889,107.61,Asia/Jakarta,"BMKG point: Dago, Coblong, Kota Bandung",27-09-2026,METEOFRANCE,Open-Meteo / Meteo-France,00:00,2026-09-27 00:00:00,26.0,97.0,0.4,1.5,0.0,1.4511,Hujan Ringan,wmo:51
dago,"Dago, Bandung",2026-09-27,32.73.02.1004,Dago,kelurahan,no,-6.889,107.61,Asia/Jakarta,"BMKG point: Dago, Coblong, Kota Bandung",27-09-2026,METEOFRANCE,Open-Meteo / Meteo-France,01:00,2026-09-27 01:00:00,26.0,98.0,0.3,2.9,0.0,1.4511,Hujan Ringan,wmo:51
dago,"Dago, Bandung",2026-09-27,32.73.02.1004,Dago,kelurahan,no,-6.889,107.61,Asia/Jakarta,"BMKG point: Dago, Coblong, Kota Bandung",27-09-2026,METEOFRANCE,Open-Meteo / Meteo-France,02:00,2026-09-27 02:00:00,26.0,98.0,1.5,3.6,0.0,1.4511,Hujan Ringan,wmo:80
dago,"Dago, Bandung",2026-09-27,32.73.02.1004,Dago,kelurahan,no,-6.889,107.61,Asia/Jakarta,"BMKG point: Dago, Coblong, Kota Bandung",27-09-2026,METEOFRANCE,Open-Meteo / Meteo-France,03:00,2026-09-27 03:00:00,25.9,99.0,2.2,3.4,0.0,1.4511,Hujan Ringan,wmo:80
dago,"Dago, Bandung",2026-09-27,32.73.02.1004,Dago,kelurahan,no,-6.889,107.61,Asia/Jakarta,"BMKG point: Dago, Coblong, Kota Bandung",27-09-2026,METEOFRANCE,Open-Meteo / Meteo-France,04:00,2026-09-27 04:00:00,25.7,99.0,2.2,2.9,0.0,1.4511,Hujan Ringan,wmo:80
dago,"Dago, Bandung",2026-09-27,32.73.02.1004,Dago,kelurahan,no,-6.889,107.61,Asia/Jakarta,"BMKG point: Dago, Coblong, Kota Bandung",27-09-2026,METEOFRANCE,Open-Meteo / Meteo-France,05:00,2026-09-27 05:00:00,25.7,98.0,1.5,1.8,0.0,1.4511,Hujan Ringan,wmo:80
dago,"Dago, Bandung",2026-09-27,32.73.02.1004,Dago,kelurahan,no,-6.889,107.61,Asia/Jakarta,"BMKG point: Dago, Coblong, Kota Bandung",27-09-2026,METEOFRANCE,Open-Meteo / Meteo-France,06:00,2026-09-27 06:00:00,25.9,95.0,1.0,1.5,0.0,1.4511,Hujan Ringan,wmo:55
dago,"Dago, Bandung",2026-09-27,32.73.02.1004,Dago,kelurahan,no,-6.889,107.61,Asia/Jakarta,"BMKG point: Dago, Coblong, Kota Bandung",27-09-2026,METEOFRANCE,Open-Meteo / Meteo-France,07:00,2026-09-27 07:00:00,26.1,93.0,0.6,2.3,0.0,1.4511,Hujan Ringan,wmo:53
dago,"Dago, Bandung",2026-09-27,32.73.02.1004,Dago,kelurahan,no,-6.889,107.61,Asia/Jakarta,"BMKG point: Dago, Coblong, Kota Bandung",27-09-2026,METEOFRANCE,Open-Meteo / Meteo-France,08:00,2026-09-27 08:00:00,26.6,91.0,0.2,1.4,0.0,1.4511,Hujan Ringan,wmo:51
dago,"Dago, Bandung",2026-09-27,32.73.02.1004,Dago,kelurahan,no,-6.889,107.61,Asia/Jakarta,"BMKG point: Dago, Coblong, Kota Bandung",27-09-2026,METEOFRANCE,Open-Meteo / Meteo-France,09:00,2026-09-27 09:00:00,27.7,83.0,0.0,3.0,0.0,1.4511,Cerah Berawan,wmo:1
dago,"Dago, Bandung",2026-09-27,32.73.02.1004,Dago,kelurahan,no,-6.889,107.61,Asia/Jakarta,"BMKG point: Dago, Coblong, Kota Bandung",27-09-2026,METEOFRANCE,Open-Meteo / Meteo-France,10:00,2026-09-27 10:00:00,29.4,74.0,0.0,6.3,0.0,1.4511,Cerah Berawan,wmo:1
dago,"Dago, Bandung",2026-09-27,32.73.02.1004,Dago,kelurahan,no,-6.889,107.61,Asia/Jakarta,"BMKG point: Dago, Coblong, Kota Bandung",27-09-2026,METEOFRANCE,Open-Meteo / Meteo-France,11:00,2026-09-27 11:00:00,31.2,68.0,0.0,8.6,0.0,1.4511,Cerah Berawan,wmo:2
dago,"Dago, Bandung",2026-09-27,32.73.02.1004,Dago,kelurahan,no,-6.889,107.61,Asia/Jakarta,"BMKG point: Dago, Coblong, Kota Bandung",27-09-2026,METEOFRANCE,Open-Meteo / Meteo-France,12:00,2026-09-27 12:00:00,31.9,62.0,0.0,11.4,0.0,1.4511,Cerah Berawan,wmo:2
dago,"Dago, Bandung",2026-09-27,32.73.02.1004,Dago,kelurahan,no,-6.889,107.61,Asia/Jakarta,"BMKG point: Dago, Coblong, Kota Bandung",27-09-2026,METEOFRANCE,Open-Meteo / Meteo-France,13:00,2026-09-27 13:00:00,32.1,61.0,0.0,12.6,0.0,1.4511,Cerah Berawan,wmo:1
dago,"Dago, Bandung",2026-09-27,32.73.02.1004,Dago,kelurahan,no,-6.889,107.61,Asia/Jakarta,"BMKG point: Dago, Coblong, Kota Bandung",27-09-2026,METEOFRANCE,Open-Meteo / Meteo-France,14:00,2026-09-27 14:00:00,32.0,61.0,0.0,11.9,0.0,1.4511,Cerah Berawan,wmo:2
dago,"Dago, Bandung",2026-09-27,32.73.02.1004,Dago,kelurahan,no,-6.889,107.61,Asia/Jakarta,"BMKG point: Dago, Coblong, Kota Bandung",27-09-2026,METEOFRANCE,Open-Meteo / Meteo-France,15:00,2026-09-27 15:00:00,32.0,61.0,0.0,11.6,0.0,1.4511,Cerah Berawan,wmo:1
dago,"Dago, Bandung",2026-09-27,32.73.02.1004,Dago,kelurahan,no,-6.889,107.61,Asia/Jakarta,"BMKG point: Dago, Coblong, Kota Bandung",27-09-2026,METEOFRANCE,Open-Meteo / Meteo-France,16:00,2026-09-27 16:00:00,31.3,62.0,0.1,11.6,0.0,1.4511,Hujan Ringan,wmo:51
dago,"Dago, Bandung",2026-09-27,32.73.02.1004,Dago,kelurahan,no,-6.889,107.61,Asia/Jakarta,"BMKG point: Dago, Coblong, Kota Bandung",27-09-2026,METEOFRANCE,Open-Meteo / Meteo-France,17:00,2026-09-27 17:00:00,29.9,68.0,0.1,11.6,0.0,1.4511,Hujan Ringan,wmo:51
dago,"Dago, Bandung",2026-09-27,32.73.02.1004,Dago,kelurahan,no,-6.889,107.61,Asia/Jakarta,"BMKG point: Dago, Coblong, Kota Bandung",27-09-2026,METEOFRANCE,Open-Meteo / Meteo-France,18:00,2026-09-27 18:00:00,28.3,75.0,0.1,10.0,0.0,1.4511,Hujan Ringan,wmo:51
dago,"Dago, Bandung",2026-09-27,32.73.02.1004,Dago,kelurahan,no,-6.889,107.61,Asia/Jakarta,"BMKG point: Dago, Coblong, Kota Bandung",27-09-2026,METEOFRANCE,Open-Meteo / Meteo-France,19:00,2026-09-27 19:00:00,27.4,75.0,0.0,7.3,0.0,1.4511,Cerah Berawan,wmo:2
dago,"Dago, Bandung",2026-09-27,32.73.02.1004,Dago,kelurahan,no,-6.889,107.61,Asia/Jakarta,"BMKG point: Dago, Coblong, Kota Bandung",27-09-2026,METEOFRANCE,Open-Meteo / Meteo-France,20:00,2026-09-27 20:00:00,27.0,72.0,0.0,6.2,0.0,1.4511,Cerah Berawan,wmo:2
dago,"Dago, Bandung",2026-09-27,32.73.02.1004,Dago,kelurahan,no,-6.889,107.61,Asia/Jakarta,"BMKG point: Dago, Coblong, Kota Bandung",27-09-2026,METEOFRANCE,Open-Meteo / Meteo-France,21:00,2026-09-27 21:00:00,26.4,74.0,0.1,4.3,0.0,1.4511,Hujan Ringan,wmo:51
dago,"Dago, Bandung",2026-09-27,32.73.02.1004,Dago,kelurahan,no,-6.889,107.61,Asia/Jakarta,"BMKG point: Dago, Coblong, Kota Bandung",27-09-2026,METEOFRANCE,Open-Meteo / Meteo-France,22:00,2026-09-27 22:00:00,25.8,78.0,0.7,1.6,0.0,1.4511,Hujan Ringan,wmo:53
dago,"Dago, Bandung",2026-09-27,32.73.02.1004,Dago,kelurahan,no,-6.889,107.61,Asia/Jakarta,"BMKG point: Dago, Coblong, Kota Bandung",27-09-2026,METEOFRANCE,Open-Meteo / Meteo-France,23:00,2026-09-27 23:00:00,25.4,84.0,0.9,2.3,0.0,1.4511,Hujan Ringan,wmo:53
dago,"Dago, Bandung",2026-09-27,32.73.02.1004,Dago,kelurahan,no,-6.889,107.61,Asia/Jakarta,"BMKG point: Dago, Coblong, Kota Bandung",27-09-2026,METNO,MET Norway,07:00,2026-09-27 09:00:00,25.4,69.6,0.2,5.04,120.0,0.7343,Hujan Ringan,lightrain
dago,"Dago, Bandung",2026-09-27,32.73.02.1004,Dago,kelurahan,no,-6.889,107.61,Asia/Jakarta,"BMKG point: Dago, Coblong, Kota Bandung",27-09-2026,METNO,MET Norway,08:00,2026-09-27 09:00:00,25.4,69.6,0.2,5.04,60.0,1.0013,Hujan Ringan,lightrain
dago,"Dago, Bandung",2026-09-27,32.73.02.1004,Dago,kelurahan,no,-6.889,107.61,Asia/Jakarta,"BMKG point: Dago, Coblong, Kota Bandung",27-09-2026,METNO,MET Norway,09:00,2026-09-27 09:00:00,25.4,69.6,0.2,5.04,0.0,1.3351,Hujan Ringan,lightrain
dago,"Dago, Bandung",2026-09-27,32.73.02.1004,Dago,kelurahan,no,-6.889,107.61,Asia/Jakarta,"BMKG point: Dago, Coblong, Kota Bandung",27-09-2026,METNO,MET Norway,10:00,2026-09-27 10:00:00,26.8,61.6,0.4,7.92,0.0,1.3351,Hujan Ringan,rain
dago,"Dago, Bandung",2026-09-27,32.73.02.1004,Dago,kelurahan,no,-6.889,107.61,Asia/Jakarta,"BMKG point: Dago, Coblong, Kota Bandung",27-09-2026,METNO,MET Norway,11:00,2026-09-27 11:00:00,27.6,56.4,0.4,10.08,0.0,1.3351,Hujan Ringan,rain
dago,"Dago, Bandung",2026-09-27,32.73.02.1004,Dago,kelurahan,no,-6.889,107.61,Asia/Jakarta,"BMKG point: Dago, Coblong, Kota Bandung",27-09-2026,METNO,MET Norway,12:00,2026-09-27 12:00:00,27.7,55.0,0.9,11.88,0.0,1.3351,Hujan Ringan,rain
dago,"Dago, Bandung",2026-09-27,32.73.02.1004,Dago,kelurahan,no,-6.889,107.61,Asia/Jakarta,"BMKG point: Dago, Coblong, Kota Bandung",27-09-2026,METNO,MET Norway,13:00,2026-09-27 13:00:00,27.8,53.0,1.1,11.16,0.0,1.3351,Hujan Lebat,heavyrainshowers_day
dago,"Dago, Bandung",2026-09-27,32.73.02.1004,Dago,kelurahan,no,-6.889,107.61,Asia/Jakarta,"BMKG point: Dago, Coblong, Kota Bandung",27-09-2026,METNO,MET Norway,14:00,2026-09-27 14:00:00,26.9,56.7,0.5,12.96,0.0,1.3351,Hujan Ringan,rainshowers_day
dago,"Dago, Bandung",2026-09-27,32.73.02.1004,Dago,kelurahan,no,-6.889,107.61,Asia/Jakarta,"BMKG point: Dago, Coblong, Kota Bandung",27-09-2026,METNO,MET Norway,15:00,2026-09-27 15:00:00,25.5,66.9,0.2,15.12,0.0,1.3351,Hujan Ringan,lightrainshowers_day
dago,"Dago, Bandung",2026-09-27,32.73.02.1004,Dago,kelurahan,no,-6.889,107.61,Asia/Jakarta,"BMKG point: Dago, Coblong, Kota Bandung",27-09-2026,METNO,MET Norway,16:00,2026-09-27 16:00:00,25.7,67.7,3.3,7.56,0.0,1.3351,Hujan Lebat,heavyrainshowers_day
dago,"Dago, Bandung",2026-09-27,32.73.02.1004,Dago,kelurahan,no,-6.889,107.61,Asia/Jakarta,"BMKG point: Dago, Coblong, Kota Bandung",27-09-2026,METNO,MET Norway,17:00,2026-09-27 17:00:00,23.3,79.9,0.8,6.12,0.0,1.3351,Hujan Ringan,rainshowers_day
dago,"Dago, Bandung",2026-09-27,32.73.02.1004,Dago,kelurahan,no,-6.889,107.61,Asia/Jakarta,"BMKG point: Dago, Coblong, Kota Bandung",27-09-2026,METNO,MET Norway,18:00,2026-09-27 18:00:00,22.3,87.0,0.4,4.32,0.0,1.3351,Hujan Ringan,rainshowers_night
dago,"Dago, Bandung",2026-09-27,32.73.02.1004,Dago,kelurahan,no,-6.889,107.61,Asia/Jakarta,"BMKG point: Dago, Coblong, Kota Bandung",27-09-2026,METNO,MET Norway,19:00,2026-09-27 19:00:00,22.1,87.8,0.4,3.24,0.0,1.3351,Hujan Ringan,rainshowers_night
dago,"Dago, Bandung",2026-09-27,32.73.02.1004,Dago,kelurahan,no,-6.889,107.61,Asia/Jakarta,"BMKG point: Dago, Coblong, Kota Bandung",27-09-2026,METNO,MET Norway,20:00,2026-09-27 20:00:00,21.7,89.3,0.4,6.48,0.0,1.3351,Hujan Ringan,rainshowers_night
dago,"Dago, Bandung",2026-09-27,32.73.02.1004,Dago,kelurahan,no,-6.889,107.61,Asia/Jakarta,"BMKG point: Dago, Coblong, Kota Bandung",27-09-2026,METNO,MET Norway,21:00,2026-09-27 21:00:00,21.1,93.4,0.1,3.96,0.0,1.3351,Hujan Ringan,lightrainshowers_night
dago,"Dago, Bandung",2026-09-27,32.73.02.1004,Dago,kelurahan,no,-6.889,107.61,Asia/Jakarta,"BMKG point: Dago, Coblong, Kota Bandung",27-09-2026,METNO,MET Norway,22:00,2026-09-27 22:00:00,20.9,94.6,0.0,4.68,0.0,1.3351,Cerah Berawan,partlycloudy_night
dago,"Dago, Bandung",2026-09-27,32.73.02.1004,Dago,kelurahan,no,-6.889,107.61,Asia/Jakarta,"BMKG point: Dago, Coblong, Kota Bandung",27-09-2026,METNO,MET Norway,23:00,2026-09-27 23:00:00,20.8,95.2,0.0,4.32,0.0,1.3351,Berawan,fog
dago,"Dago, Bandung",2026-09-27,32.73.02.1004,Dago,kelurahan,no,-6.889,107.61,Asia/Jakarta,"BMKG point: Dago, Coblong, Kota Bandung",27-09-2026,UKMO,Open-Meteo / UK Met Office,00:00,2026-09-27 00:00:00,22.5,86.0,0.0,4.0,0.0,1.3224,Cerah,wmo:0
dago,"Dago, Bandung",2026-09-27,32.73.02.1004,Dago,kelurahan,no,-6.889,107.61,Asia/Jakarta,"BMKG point: Dago, Coblong, Kota Bandung",27-09-2026,UKMO,Open-Meteo / UK Met Office,01:00,2026-09-27 01:00:00,21.8,90.0,0.0,4.7,0.0,1.3224,Cerah Berawan,wmo:2
dago,"Dago, Bandung",2026-09-27,32.73.02.1004,Dago,kelurahan,no,-6.889,107.61,Asia/Jakarta,"BMKG point: Dago, Coblong, Kota Bandung",27-09-2026,UKMO,Open-Meteo / UK Met Office,02:00,2026-09-27 02:00:00,21.7,92.0,0.0,2.9,0.0,1.3224,Cerah Berawan,wmo:2
dago,"Dago, Bandung",2026-09-27,32.73.02.1004,Dago,kelurahan,no,-6.889,107.61,Asia/Jakarta,"BMKG point: Dago, Coblong, Kota Bandung",27-09-2026,UKMO,Open-Meteo / UK Met Office,03:00,2026-09-27 03:00:00,21.7,92.0,0.0,0.7,0.0,1.3224,Cerah Berawan,wmo:1
dago,"Dago, Bandung",2026-09-27,32.73.02.1004,Dago,kelurahan,no,-6.889,107.61,Asia/Jakarta,"BMKG point: Dago, Coblong, Kota Bandung",27-09-2026,UKMO,Open-Meteo / UK Met Office,04:00,2026-09-27 04:00:00,21.1,93.0,0.0,2.9,0.0,1.3224,Cerah,wmo:0
dago,"Dago, Bandung",2026-09-27,32.73.02.1004,Dago,kelurahan,no,-6.889,107.61,Asia/Jakarta,"BMKG point: Dago, Coblong, Kota Bandung",27-09-2026,UKMO,Open-Meteo / UK Met Office,05:00,2026-09-27 05:00:00,20.9,93.0,0.0,3.2,0.0,1.3224,Cerah,wmo:0
dago,"Dago, Bandung",2026-09-27,32.73.02.1004,Dago,kelurahan,no,-6.889,107.61,Asia/Jakarta,"BMKG point: Dago, Coblong, Kota Bandung",27-09-2026,UKMO,Open-Meteo / UK Met Office,06:00,2026-09-27 06:00:00,20.9,93.0,0.0,3.6,0.0,1.3224,Cerah,wmo:0
dago,"Dago, Bandung",2026-09-27,32.73.02.1004,Dago,kelurahan,no,-6.889,107.61,Asia/Jakarta,"BMKG point: Dago, Coblong, Kota Bandung",27-09-2026,UKMO,Open-Meteo / UK Met Office,07:00,2026-09-27 07:00:00,21.7,88.0,0.0,2.9,0.0,1.3224,Cerah,wmo:0
dago,"Dago, Bandung",2026-09-27,32.73.02.1004,Dago,kelurahan,no,-6.889,107.61,Asia/Jakarta,"BMKG point: Dago, Coblong, Kota Bandung",27-09-2026,UKMO,Open-Meteo / UK Met Office,08:00,2026-09-27 08:00:00,23.2,79.0,0.0,2.2,0.0,1.3224,Cerah,wmo:0
dago,"Dago, Bandung",2026-09-27,32.73.02.1004,Dago,kelurahan,no,-6.889,107.61,Asia/Jakarta,"BMKG point: Dago, Coblong, Kota Bandung",27-09-2026,UKMO,Open-Meteo / UK Met Office,09:00,2026-09-27 09:00:00,24.6,71.0,0.0,3.2,0.0,1.3224,Cerah,wmo:0
dago,"Dago, Bandung",2026-09-27,32.73.02.1004,Dago,kelurahan,no,-6.889,107.61,Asia/Jakarta,"BMKG point: Dago, Coblong, Kota Bandung",27-09-2026,UKMO,Open-Meteo / UK Met Office,10:00,2026-09-27 10:00:00,26.1,64.0,0.0,4.0,0.0,1.3224,Cerah Berawan,wmo:2
dago,"Dago, Bandung",2026-09-27,32.73.02.1004,Dago,kelurahan,no,-6.889,107.61,Asia/Jakarta,"BMKG point: Dago, Coblong, Kota Bandung",27-09-2026,UKMO,Open-Meteo / UK Met Office,11:00,2026-09-27 11:00:00,26.4,63.0,0.0,2.5,0.0,1.3224,Cerah Berawan,wmo:2
dago,"Dago, Bandung",2026-09-27,32.73.02.1004,Dago,kelurahan,no,-6.889,107.61,Asia/Jakarta,"BMKG point: Dago, Coblong, Kota Bandung",27-09-2026,UKMO,Open-Meteo / UK Met Office,12:00,2026-09-27 12:00:00,27.5,62.0,0.2,6.5,0.0,1.3224,Hujan Ringan,wmo:51
dago,"Dago, Bandung",2026-09-27,32.73.02.1004,Dago,kelurahan,no,-6.889,107.61,Asia/Jakarta,"BMKG point: Dago, Coblong, Kota Bandung",27-09-2026,UKMO,Open-Meteo / UK Met Office,13:00,2026-09-27 13:00:00,26.6,69.0,0.9,11.2,0.0,1.3224,Hujan Ringan,wmo:53
dago,"Dago, Bandung",2026-09-27,32.73.02.1004,Dago,kelurahan,no,-6.889,107.61,Asia/Jakarta,"BMKG point: Dago, Coblong, Kota Bandung",27-09-2026,UKMO,Open-Meteo / UK Met Office,14:00,2026-09-27 14:00:00,26.6,63.0,0.0,8.6,0.0,1.3224,Cerah,wmo:0
dago,"Dago, Bandung",2026-09-27,32.73.02.1004,Dago,kelurahan,no,-6.889,107.61,Asia/Jakarta,"BMKG point: Dago, Coblong, Kota Bandung",27-09-2026,UKMO,Open-Meteo / UK Met Office,15:00,2026-09-27 15:00:00,28.1,56.0,0.0,11.5,0.0,1.3224,Cerah,wmo:0
dago,"Dago, Bandung",2026-09-27,32.73.02.1004,Dago,kelurahan,no,-6.889,107.61,Asia/Jakarta,"BMKG point: Dago, Coblong, Kota Bandung",27-09-2026,UKMO,Open-Meteo / UK Met Office,16:00,2026-09-27 16:00:00,27.9,57.0,0.1,9.0,0.0,1.3224,Hujan Ringan,wmo:51
dago,"Dago, Bandung",2026-09-27,32.73.02.1004,Dago,kelurahan,no,-6.889,107.61,Asia/Jakarta,"BMKG point: Dago, Coblong, Kota Bandung",27-09-2026,UKMO,Open-Meteo / UK Met Office,17:00,2026-09-27 17:00:00,26.4,67.0,0.3,5.0,0.0,1.3224,Hujan Ringan,wmo:51
dago,"Dago, Bandung",2026-09-27,32.73.02.1004,Dago,kelurahan,no,-6.889,107.61,Asia/Jakarta,"BMKG point: Dago, Coblong, Kota Bandung",27-09-2026,UKMO,Open-Meteo / UK Met Office,18:00,2026-09-27 18:00:00,24.3,83.0,1.9,1.4,0.0,1.3224,Hujan Ringan,wmo:80
dago,"Dago, Bandung",2026-09-27,32.73.02.1004,Dago,kelurahan,no,-6.889,107.61,Asia/Jakarta,"BMKG point: Dago, Coblong, Kota Bandung",27-09-2026,UKMO,Open-Meteo / UK Met Office,19:00,2026-09-27 19:00:00,23.1,90.0,4.0,2.5,0.0,1.3224,Hujan Sedang,wmo:81
dago,"Dago, Bandung",2026-09-27,32.73.02.1004,Dago,kelurahan,no,-6.889,107.61,Asia/Jakarta,"BMKG point: Dago, Coblong, Kota Bandung",27-09-2026,UKMO,Open-Meteo / UK Met Office,20:00,2026-09-27 20:00:00,22.7,92.0,2.1,2.2,0.0,1.3224,Hujan Ringan,wmo:80
dago,"Dago, Bandung",2026-09-27,32.73.02.1004,Dago,kelurahan,no,-6.889,107.61,Asia/Jakarta,"BMKG point: Dago, Coblong, Kota Bandung",27-09-2026,UKMO,Open-Meteo / UK Met Office,21:00,2026-09-27 21:00:00,22.2,94.0,0.9,1.4,0.0,1.3224,Hujan Ringan,wmo:53
dago,"Dago, Bandung",2026-09-27,32.73.02.1004,Dago,kelurahan,no,-6.889,107.61,Asia/Jakarta,"BMKG point: Dago, Coblong, Kota Bandung",27-09-2026,UKMO,Open-Meteo / UK Met Office,22:00,2026-09-27 22:00:00,22.0,94.0,0.8,2.9,0.0,1.3224,Hujan Ringan,wmo:53
dago,"Dago, Bandung",2026-09-27,32.73.02.1004,Dago,kelurahan,no,-6.889,107.61,Asia/Jakarta,"BMKG point: Dago, Coblong, Kota Bandung",27-09-2026,UKMO,Open-Meteo / UK Met Office,23:00,2026-09-27 23:00:00,21.8,94.0,0.6,3.6,0.0,1.3224,Hujan Ringan,wmo:53
dago,"Dago, Bandung",2026-09-28,32.73.02.1004,Dago,kelurahan,no,-6.889,107.61,Asia/Jakarta,"BMKG point: Dago, Coblong, Kota Bandung",28-09-2026,BMKG,BMKG,00:00,2026-09-28 01:00:00,20.0,93.0,0.0,0.1,60.0,1.2495,Berawan,Berawan
dago,"Dago, Bandung",2026-09-28,32.73.02.1004,Dago,kelurahan,no,-6.889,107.61,Asia/Jakarta,"BMKG point: Dago, Coblong, Kota Bandung",28-09-2026,BMKG,BMKG,01:00,2026-09-28 01:00:00,20.0,93.0,0.0,0.1,0.0,1.666,Berawan,Berawan
dago,"Dago, Bandung",2026-09-28,32.73.02.1004,Dago,kelurahan,no,-6.889,107.61,Asia/Jakarta,"BMKG point: Dago, Coblong, Kota Bandung",28-09-2026,BMKG,BMKG,02:00,2026-09-28 01:00:00,20.0,93.0,0.0,0.1,60.0,1.2495,Berawan,Berawan
dago,"Dago, Bandung",2026-09-28,32.73.02.1004,Dago,kelurahan,no,-6.889,107.61,Asia/Jakarta,"BMKG point: Dago, Coblong, Kota Bandung",28-09-2026,BMKG,BMKG,03:00,2026-09-28 04:00:00,19.0,93.0,0.0,0.8,60.0,1.2495,Cerah,Cerah
dago,"Dago, Bandung",2026-09-28,32.73.02.1004,Dago,kelurahan,no,-6.889,107.61,Asia/Jakarta,"BMKG point: Dago, Coblong, Kota Bandung",28-09-2026,BMKG,BMKG,04:00,2026-09-28 04:00:00,19.0,93.0,0.0,0.8,0.0,1.666,Cerah,Cerah
dago,"Dago, Bandung",2026-09-28,32.73.02.1004,Dago,kelurahan,no,-6.889,107.61,Asia/Jakarta,"BMKG point: Dago, Coblong, Kota Bandung",28-09-2026,BMKG,BMKG,05:00,2026-09-28 04:00:00,19.0,93.0,0.0,0.8,60.0,1.2495,Cerah,Cerah
dago,"Dago, Bandung",2026-09-28,32.73.02.1004,Dago,kelurahan,no,-6.889,107.61,Asia/Jakarta,"BMKG point: Dago, Coblong, Kota Bandung",28-09-2026,BMKG,BMKG,06:00,2026-09-28 07:00:00,22.0,80.0,0.0,1.6,60.0,1.2495,Cerah,Cerah
dago,"Dago, Bandung",2026-09-28,32.73.02.1004,Dago,kelurahan,no,-6.889,107.61,Asia/Jakarta,"BMKG point: Dago, Coblong, Kota Bandung",28-09-2026,BMKG,BMKG,07:00,2026-09-28 07:00:00,22.0,80.0,0.0,1.6,0.0,1.666,Cerah,Cerah
dago,"Dago, Bandung",2026-09-28,32.73.02.1004,Dago,kelurahan,no,-6.889,107.61,Asia/Jakarta,"BMKG point: Dago, Coblong, Kota Bandung",28-09-2026,BMKG,BMKG,08:00,2026-09-28 07:00:00,22.0,80.0,0.0,1.6,60.0,1.2495,Cerah,Cerah
dago,"Dago, Bandung",2026-09-28,32.73.02.1004,Dago,kelurahan,no,-6.889,107.61,Asia/Jakarta,"BMKG point: Dago, Coblong, Kota Bandung",28-09-2026,BMKG,BMKG,09:00,2026-09-28 10:00:00,28.0,58.0,0.0,3.8,60.0,1.2495,Cerah,Cerah
dago,"Dago, Bandung",2026-09-28,32.73.02.1004,Dago,kelurahan,no,-6.889,107.61,Asia/Jakarta,"BMKG point: Dago, Coblong, Kota Bandung",28-09-2026,BMKG,BMKG,10:00,2026-09-28 10:00:00,28.0,58.0,0.0,3.8,0.0,1.666,Cerah,Cerah
dago,"Dago, Bandung",2026-09-28,32.73.02.1004,Dago,kelurahan,no,-6.889,107.61,Asia/Jakarta,"BMKG point: Dago, Coblong, Kota Bandung",28-09-2026,BMKG,BMKG,11:00,2026-09-28 10:00:00,28.0,58.0,0.0,3.8,60.0,1.2495,Cerah,Cerah
dago,"Dago, Bandung",2026-09-28,32.73.02.1004,Dago,kelurahan,no,-6.889,107.61,Asia/Jakarta,"BMKG point: Dago, Coblong, Kota Bandung",28-09-2026,BMKG,BMKG,12:00,2026-09-28 13:00:00,27.0,76.0,1.5,8.8,60.0,1.2495,Hujan Ringan,Hujan Ringan
dago,"Dago, Bandung",2026-09-28,32.73.02.1004,Dago,kelurahan,no,-6.889,107.61,Asia/Jakarta,"BMKG point: Dago, Coblong, Kota Bandung",28-09-2026,BMKG,BMKG,13:00,2026-09-28 13:00:00,27.0,76.0,1.5,8.8,0.0,1.666,Hujan Ringan,Hujan Ringan
dago,"Dago, Bandung",2026-09-28,32.73.02.1004,Dago,kelurahan,no,-6.889,107.61,Asia/Jakarta,"BMKG point: Dago, Coblong, Kota Bandung",28-09-2026,BMKG,BMKG,14:00,2026-09-28 13:00:00,27.0,76.0,1.5,8.8,60.0,1.2495,Hujan Ringan,Hujan Ringan
dago,"Dago, Bandung",2026-09-28,32.73.02.1004,Dago,kelurahan,no,-6.889,107.61,Asia/Jakarta,"BMKG point: Dago, Coblong, Kota Bandung",28-09-2026,BMKG,BMKG,15:00,2026-09-28 16:00:00,26.0,82.0,1.5,2.4,60.0,1.2495,Hujan Ringan,Hujan Ringan
dago,"Dago, Bandung",2026-09-28,32.73.02.1004,Dago,kelurahan,no,-6.889,107.61,Asia/Jakarta,"BMKG point: Dago, Coblong, Kota Bandung",28-09-2026,BMKG,BMKG,16:00,2026-09-28 16:00:00,26.0,82.0,1.5,2.4,0.0,1.666,Hujan Ringan,Hujan Ringan
dago,"Dago, Bandung",2026-09-28,32.73.02.1004,Dago,kelurahan,no,-6.889,107.61,Asia/Jakarta,"BMKG point: Dago, Coblong, Kota Bandung",28-09-2026,BMKG,BMKG,17:00,2026-09-28 16:00:00,26.0,82.0,1.5,2.4,60.0,1.2495,Hujan Ringan,Hujan Ringan
dago,"Dago, Bandung",2026-09-28,32.73.02.1004,Dago,kelurahan,no,-6.889,107.61,Asia/Jakarta,"BMKG point: Dago, Coblong, Kota Bandung",28-09-2026,BMKG,BMKG,18:00,2026-09-28 19:00:00,24.0,90.0,0.0,0.9,60.0,1.2495,Cerah,Cerah
dago,"Dago, Bandung",2026-09-28,32.73.02.1004,Dago,kelurahan,no,-6.889,107.61,Asia/Jakarta,"BMKG point: Dago, Coblong, Kota Bandung",28-09-2026,BMKG,BMKG,19:00,2026-09-28 19:00:00,24.0,90.0,0.0,0.9,0.0,1.666,Cerah,Cerah
dago,"Dago, Bandung",2026-09-28,32.73.02.1004,Dago,kelurahan,no,-6.889,107.61,Asia/Jakarta,"BMKG point: Dago, Coblong, Kota Bandung",28-09-2026,BMKG,BMKG,20:00,2026-09-28 19:00:00,24.0,90.0,0.0,0.9,60.0,1.2495,Cerah,Cerah
dago,"Dago, Bandung",2026-09-28,32.73.02.1004,Dago,kelurahan,no,-6.889,107.61,Asia/Jakarta,"BMKG point: Dago, Coblong, Kota Bandung",28-09-2026,BMKG,BMKG,21:00,2026-09-28 22:00:00,20.0,95.0,0.0,1.3,60.0,1.2495,Cerah,Cerah
dago,"Dago, Bandung",2026-09-28,32.73.02.1004,Dago,kelurahan,no,-6.889,107.61,Asia/Jakarta,"BMKG point: Dago, Coblong, Kota Bandung",28-09-2026,BMKG,BMKG,22:00,2026-09-28 22:00:00,20.0,95.0,0.0,1.3,0.0,1.666,Cerah,Cerah
dago,"Dago, Bandung",2026-09-28,32.73.02.1004,Dago,kelurahan,no,-6.889,107.61,Asia/Jakarta,"BMKG point: Dago, Coblong, Kota Bandung",28-09-2026,BMKG,BMKG,23:00,2026-09-28 22:00:00,20.0,95.0,0.0,1.3,60.0,1.2495,Cerah,Cerah
dago,"Dago, Bandung",2026-09-28,32.73.02.1004,Dago,kelurahan,no,-6.889,107.61,Asia/Jakarta,"BMKG point: Dago, Coblong, Kota Bandung",28-09-2026,CMA,Open-Meteo / CMA GRAPES,00:00,2026-09-28 00:00:00,22.2,88.0,0.0,3.6,0.0,1.1278,Cerah,wmo:0
dago,"Dago, Bandung",2026-09-28,32.73.02.1004,Dago,kelurahan,no,-6.889,107.61,Asia/Jakarta,"BMKG point: Dago, Coblong, Kota Bandung",28-09-2026,CMA,Open-Meteo / CMA GRAPES,01:00,2026-09-28 01:00:00,22.0,86.0,0.0,4.0,0.0,1.1278,Cerah,wmo:0
dago,"Dago, Bandung",2026-09-28,32.73.02.1004,Dago,kelurahan,no,-6.889,107.61,Asia/Jakarta,"BMKG point: Dago, Coblong, Kota Bandung",28-09-2026,CMA,Open-Meteo / CMA GRAPES,02:00,2026-09-28 02:00:00,21.8,86.0,0.0,3.8,0.0,1.1278,Cerah,wmo:0
dago,"Dago, Bandung",2026-09-28,32.73.02.1004,Dago,kelurahan,no,-6.889,107.61,Asia/Jakarta,"BMKG point: Dago, Coblong, Kota Bandung",28-09-2026,CMA,Open-Meteo / CMA GRAPES,03:00,2026-09-28 03:00:00,21.5,87.0,0.0,2.9,0.0,1.1278,Cerah,wmo:0
dago,"Dago, Bandung",2026-09-28,32.73.02.1004,Dago,kelurahan,no,-6.889,107.61,Asia/Jakarta,"BMKG point: Dago, Coblong, Kota Bandung",28-09-2026,CMA,Open-Meteo / CMA GRAPES,04:00,2026-09-28 04:00:00,21.4,87.0,0.0,2.3,0.0,1.1278,Cerah,wmo:0
dago,"Dago, Bandung",2026-09-28,32.73.02.1004,Dago,kelurahan,no,-6.889,107.61,Asia/Jakarta,"BMKG point: Dago, Coblong, Kota Bandung",28-09-2026,CMA,Open-Meteo / CMA GRAPES,05:00,2026-09-28 05:00:00,21.6,87.0,0.0,2.2,0.0,1.1278,Cerah,wmo:0
dago,"Dago, Bandung",2026-09-28,32.73.02.1004,Dago,kelurahan,no,-6.889,107.61,Asia/Jakarta,"BMKG point: Dago, Coblong, Kota Bandung",28-09-2026,CMA,Open-Meteo / CMA GRAPES,06:00,2026-09-28 06:00:00,22.0,86.0,0.0,3.1,0.0,1.1278,Cerah,wmo:0
dago,"Dago, Bandung",2026-09-28,32.73.02.1004,Dago,kelurahan,no,-6.889,107.61,Asia/Jakarta,"BMKG point: Dago, Coblong, Kota Bandung",28-09-2026,CMA,Open-Meteo / CMA GRAPES,07:00,2026-09-28 07:00:00,22.6,85.0,0.0,3.7,0.0,1.1278,Cerah,wmo:0
dago,"Dago, Bandung",2026-09-28,32.73.02.1004,Dago,kelurahan,no,-6.889,107.61,Asia/Jakarta,"BMKG point: Dago, Coblong, Kota Bandung",28-09-2026,CMA,Open-Meteo / CMA GRAPES,08:00,2026-09-28 08:00:00,23.5,83.0,0.0,3.7,0.0,1.1278,Cerah,wmo:0
dago,"Dago, Bandung",2026-09-28,32.73.02.1004,Dago,kelurahan,no,-6.889,107.61,Asia/Jakarta,"BMKG point: Dago, Coblong, Kota Bandung",28-09-2026,CMA,Open-Meteo / CMA GRAPES,09:00,2026-09-28 09:00:00,24.7,79.0,0.0,5.4,0.0,1.1278,Cerah,wmo:0
dago,"Dago, Bandung",2026-09-28,32.73.02.1004,Dago,kelurahan,no,-6.889,107.61,Asia/Jakarta,"BMKG point: Dago, Coblong, Kota Bandung",28-09-2026,CMA,Open-Meteo / CMA GRAPES,10:00,2026-09-28 10:00:00,25.6,77.0,0.0,8.1,0.0,1.1278,Cerah,wmo:0
dago,"Dago, Bandung",2026-09-28,32.73.02.1004,Dago,kelurahan,no,-6.889,107.61,Asia/Jakarta,"BMKG point: Dago, Coblong, Kota Bandung",28-09-2026,CMA,Open-Meteo / CMA GRAPES,11:00,2026-09-28 11:00:00,26.0,76.0,0.1,10.7,0.0,1.1278,Hujan Ringan,wmo:51
dago,"Dago, Bandung",2026-09-28,32.73.02.1004,Dago,kelurahan,no,-6.889,107.61,Asia/Jakarta,"BMKG point: Dago, Coblong, Kota Bandung",28-09-2026,CMA,Open-Meteo / CMA GRAPES,12:00,2026-09-28 12:00:00,26.1,76.0,0.1,13.0,0.0,1.1278,Hujan Ringan,wmo:51
dago,"Dago, Bandung",2026-09-28,32.73.02.1004,Dago,kelurahan,no,-6.889,107.61,Asia/Jakarta,"BMKG point: Dago, Coblong, Kota Bandung",28-09-2026,CMA,Open-Meteo / CMA GRAPES,13:00,2026-09-28 13:00:00,26.2,76.0,0.1,14.1,0.0,1.1278,Hujan Ringan,wmo:51
dago,"Dago, Bandung",2026-09-28,32.73.02.1004,Dago,kelurahan,no,-6.889,107.61,Asia/Jakarta,"BMKG point: Dago, Coblong, Kota Bandung",28-09-2026,CMA,Open-Meteo / CMA GRAPES,14:00,2026-09-28 14:00:00,26.3,75.0,0.3,12.8,0.0,1.1278,Hujan Ringan,wmo:51
dago,"Dago, Bandung",2026-09-28,32.73.02.1004,Dago,kelurahan,no,-6.889,107.61,Asia/Jakarta,"BMKG point: Dago, Coblong, Kota Bandung",28-09-2026,CMA,Open-Meteo / CMA GRAPES,15:00,2026-09-28 15:00:00,26.3,73.0,0.3,10.3,0.0,1.1278,Hujan Ringan,wmo:51
dago,"Dago, Bandung",2026-09-28,32.73.02.1004,Dago,kelurahan,no,-6.889,107.61,Asia/Jakarta,"BMKG point: Dago, Coblong, Kota Bandung",28-09-2026,CMA,Open-Meteo / CMA GRAPES,16:00,2026-09-28 16:00:00,26.1,73.0,0.3,9.0,0.0,1.1278,Hujan Ringan,wmo:51
dago,"Dago, Bandung",2026-09-28,32.73.02.1004,Dago,kelurahan,no,-6.889,107.61,Asia/Jakarta,"BMKG point: Dago, Coblong, Kota Bandung",28-09-2026,CMA,Open-Meteo / CMA GRAPES,17:00,2026-09-28 17:00:00,25.3,77.0,1.0,8.3,0.0,1.1278,Hujan Ringan,wmo:55
dago,"Dago, Bandung",2026-09-28,32.73.02.1004,Dago,kelurahan,no,-6.889,107.61,Asia/Jakarta,"BMKG point: Dago, Coblong, Kota Bandung",28-09-2026,CMA,Open-Meteo / CMA GRAPES,18:00,2026-09-28 18:00:00,24.2,82.0,1.0,8.1,0.0,1.1278,Hujan Ringan,wmo:55
dago,"Dago, Bandung",2026-09-28,32.73.02.1004,Dago,kelurahan,no,-6.889,107.61,Asia/Jakarta,"BMKG point: Dago, Coblong, Kota Bandung",28-09-2026,CMA,Open-Meteo / CMA GRAPES,19:00,2026-09-28 19:00:00,23.4,86.0,1.0,7.3,0.0,1.1278,Hujan Ringan,wmo:55
dago,"Dago, Bandung",2026-09-28,32.73.02.1004,Dago,kelurahan,no,-6.889,107.61,Asia/Jakarta,"BMKG point: Dago, Coblong, Kota Bandung",28-09-2026,CMA,Open-Meteo / CMA GRAPES,20:00,2026-09-28 20:00:00,23.2,86.0,0.7,5.2,0.0,1.1278,Hujan Ringan,wmo:53
dago,"Dago, Bandung",2026-09-28,32.73.02.1004,Dago,kelurahan,no,-6.889,107.61,Asia/Jakarta,"BMKG point: Dago, Coblong, Kota Bandung",28-09-2026,CMA,Open-Meteo / CMA GRAPES,21:00,2026-09-28 21:00:00,23.1,84.0,0.7,2.8,0.0,1.1278,Hujan Ringan,wmo:53
dago,"Dago, Bandung",2026-09-28,32.73.02.1004,Dago,kelurahan,no,-6.889,107.61,Asia/Jakarta,"BMKG point: Dago, Coblong, Kota Bandung",28-09-2026,CMA,Open-Meteo / CMA GRAPES,22:00,2026-09-28 22:00:00,23.1,84.0,0.7,1.8,0.0,1.1278,Hujan Ringan,wmo:53
dago,"Dago, Bandung",2026-09-28,32.73.02.1004,Dago,kelurahan,no,-6.889,107.61,Asia/Jakarta,"BMKG point: Dago, Coblong, Kota Bandung",28-09-2026,CMA,Open-Meteo / CMA GRAPES,23:00,2026-09-28 23:00:00,22.8,87.0,0.3,1.1,0.0,1.1278,Hujan Ringan,wmo:51
dago,"Dago, Bandung",2026-09-28,32.73.02.1004,Dago,kelurahan,no,-6.889,107.61,Asia/Jakarta,"BMKG point: Dago, Coblong, Kota Bandung",28-09-2026,ECMWF,Open-Meteo / ECMWF,00:00,2026-09-28 00:00:00,19.5,95.0,0.0,3.7,0.0,1.6836,Cerah Berawan,wmo:2
dago,"Dago, Bandung",2026-09-28,32.73.02.1004,Dago,kelurahan,no,-6.889,107.61,Asia/Jakarta,"BMKG point: Dago, Coblong, Kota Bandung",28-09-2026,ECMWF,Open-Meteo / ECMWF,01:00,2026-09-28 01:00:00,19.1,94.0,0.0,3.7,0.0,1.6836,Cerah Berawan,wmo:2
dago,"Dago, Bandung",2026-09-28,32.73.02.1004,Dago,kelurahan,no,-6.889,107.61,Asia/Jakarta,"BMKG point: Dago, Coblong, Kota Bandung",28-09-2026,ECMWF,Open-Meteo / ECMWF,02:00,2026-09-28 02:00:00,18.5,95.0,0.0,3.7,0.0,1.6836,Cerah Berawan,wmo:2
dago,"Dago, Bandung",2026-09-28,32.73.02.1004,Dago,kelurahan,no,-6.889,107.61,Asia/Jakarta,"BMKG point: Dago, Coblong, Kota Bandung",28-09-2026,ECMWF,Open-Meteo / ECMWF,03:00,2026-09-28 03:00:00,17.8,96.0,0.0,3.4,0.0,1.6836,Cerah Berawan,wmo:2
dago,"Dago, Bandung",2026-09-28,32.73.02.1004,Dago,kelurahan,no,-6.889,107.61,Asia/Jakarta,"BMKG point: Dago, Coblong, Kota Bandung",28-09-2026,ECMWF,Open-Meteo / ECMWF,04:00,2026-09-28 04:00:00,17.6,96.0,0.0,3.4,0.0,1.6836,Cerah Berawan,wmo:2
dago,"Dago, Bandung",2026-09-28,32.73.02.1004,Dago,kelurahan,no,-6.889,107.61,Asia/Jakarta,"BMKG point: Dago, Coblong, Kota Bandung",28-09-2026,ECMWF,Open-Meteo / ECMWF,05:00,2026-09-28 05:00:00,18.2,95.0,0.0,3.5,0.0,1.6836,Cerah Berawan,wmo:2
dago,"Dago, Bandung",2026-09-28,32.73.02.1004,Dago,kelurahan,no,-6.889,107.61,Asia/Jakarta,"BMKG point: Dago, Coblong, Kota Bandung",28-09-2026,ECMWF,Open-Meteo / ECMWF,06:00,2026-09-28 06:00:00,19.3,92.0,0.0,3.8,0.0,1.6836,Cerah Berawan,wmo:1
dago,"Dago, Bandung",2026-09-28,32.73.02.1004,Dago,kelurahan,no,-6.889,107.61,Asia/Jakarta,"BMKG point: Dago, Coblong, Kota Bandung",28-09-2026,ECMWF,Open-Meteo / ECMWF,07:00,2026-09-28 07:00:00,20.8,87.0,0.0,3.6,0.0,1.6836,Cerah Berawan,wmo:1
dago,"Dago, Bandung",2026-09-28,32.73.02.1004,Dago,kelurahan,no,-6.889,107.61,Asia/Jakarta,"BMKG point: Dago, Coblong, Kota Bandung",28-09-2026,ECMWF,Open-Meteo / ECMWF,08:00,2026-09-28 08:00:00,23.0,77.0,0.0,2.3,0.0,1.6836,Cerah Berawan,wmo:1
dago,"Dago, Bandung",2026-09-28,32.73.02.1004,Dago,kelurahan,no,-6.889,107.61,Asia/Jakarta,"BMKG point: Dago, Coblong, Kota Bandung",28-09-2026,ECMWF,Open-Meteo / ECMWF,09:00,2026-09-28 09:00:00,25.6,64.0,0.0,2.5,0.0,1.6836,Cerah Berawan,wmo:1
dago,"Dago, Bandung",2026-09-28,32.73.02.1004,Dago,kelurahan,no,-6.889,107.61,Asia/Jakarta,"BMKG point: Dago, Coblong, Kota Bandung",28-09-2026,ECMWF,Open-Meteo / ECMWF,10:00,2026-09-28 10:00:00,27.6,54.0,0.0,3.4,0.0,1.6836,Cerah,wmo:0
dago,"Dago, Bandung",2026-09-28,32.73.02.1004,Dago,kelurahan,no,-6.889,107.61,Asia/Jakarta,"BMKG point: Dago, Coblong, Kota Bandung",28-09-2026,ECMWF,Open-Meteo / ECMWF,11:00,2026-09-28 11:00:00,28.7,49.0,0.1,4.3,0.0,1.6836,Hujan Ringan,wmo:51
dago,"Dago, Bandung",2026-09-28,32.73.02.1004,Dago,kelurahan,no,-6.889,107.61,Asia/Jakarta,"BMKG point: Dago, Coblong, Kota Bandung",28-09-2026,ECMWF,Open-Meteo / ECMWF,12:00,2026-09-28 12:00:00,29.3,47.0,0.1,6.1,0.0,1.6836,Hujan Ringan,wmo:51
dago,"Dago, Bandung",2026-09-28,32.73.02.1004,Dago,kelurahan,no,-6.889,107.61,Asia/Jakarta,"BMKG point: Dago, Coblong, Kota Bandung",28-09-2026,ECMWF,Open-Meteo / ECMWF,13:00,2026-09-28 13:00:00,29.3,48.0,0.1,6.8,0.0,1.6836,Hujan Ringan,wmo:51
dago,"Dago, Bandung",2026-09-28,32.73.02.1004,Dago,kelurahan,no,-6.889,107.61,Asia/Jakarta,"BMKG point: Dago, Coblong, Kota Bandung",28-09-2026,ECMWF,Open-Meteo / ECMWF,14:00,2026-09-28 14:00:00,28.3,54.0,0.6,4.9,0.0,1.6836,Hujan Ringan,wmo:53
dago,"Dago, Bandung",2026-09-28,32.73.02.1004,Dago,kelurahan,no,-6.889,107.61,Asia/Jakarta,"BMKG point: Dago, Coblong, Kota Bandung",28-09-2026,ECMWF,Open-Meteo / ECMWF,15:00,2026-09-28 15:00:00,26.7,62.0,0.6,3.2,0.0,1.6836,Hujan Ringan,wmo:53
dago,"Dago, Bandung",2026-09-28,32.73.02.1004,Dago,kelurahan,no,-6.889,107.61,Asia/Jakarta,"BMKG point: Dago, Coblong, Kota Bandung",28-09-2026,ECMWF,Open-Meteo / ECMWF,16:00,2026-09-28 16:00:00,25.2,70.0,0.6,4.3,0.0,1.6836,Hujan Ringan,wmo:53
dago,"Dago, Bandung",2026-09-28,32.73.02.1004,Dago,kelurahan,no,-6.889,107.61,Asia/Jakarta,"BMKG point: Dago, Coblong, Kota Bandung",28-09-2026,ECMWF,Open-Meteo / ECMWF,17:00,2026-09-28 17:00:00,24.0,75.0,0.1,4.2,0.0,1.6836,Hujan Ringan,wmo:51
dago,"Dago, Bandung",2026-09-28,32.73.02.1004,Dago,kelurahan,no,-6.889,107.61,Asia/Jakarta,"BMKG point: Dago, Coblong, Kota Bandung",28-09-2026,ECMWF,Open-Meteo / ECMWF,18:00,2026-09-28 18:00:00,23.0,79.0,0.1,3.3,0.0,1.6836,Hujan Ringan,wmo:51
dago,"Dago, Bandung",2026-09-28,32.73.02.1004,Dago,kelurahan,no,-6.889,107.61,Asia/Jakarta,"BMKG point: Dago, Coblong, Kota Bandung",28-09-2026,ECMWF,Open-Meteo / ECMWF,19:00,2026-09-28 19:00:00,22.3,82.0,0.1,2.9,0.0,1.6836,Hujan Ringan,wmo:51
dago,"Dago, Bandung",2026-09-28,32.73.02.1004,Dago,kelurahan,no,-6.889,107.61,Asia/Jakarta,"BMKG point: Dago, Coblong, Kota Bandung",28-09-2026,ECMWF,Open-Meteo / ECMWF,20:00,2026-09-28 20:00:00,21.9,82.0,0.0,3.0,0.0,1.6836,Cerah,wmo:0
dago,"Dago, Bandung",2026-09-28,32.73.02.1004,Dago,kelurahan,no,-6.889,107.61,Asia/Jakarta,"BMKG point: Dago, Coblong, Kota Bandung",28-09-2026,ECMWF,Open-Meteo / ECMWF,21:00,2026-09-28 21:00:00,21.9,80.0,0.0,2.5,0.0,1.6836,Cerah,wmo:0
dago,"Dago, Bandung",2026-09-28,32.73.02.1004,Dago,kelurahan,no,-6.889,107.61,Asia/Jakarta,"BMKG point: Dago, Coblong, Kota Bandung",28-09-2026,ECMWF,Open-Meteo / ECMWF,22:00,2026-09-28 22:00:00,21.7,79.0,0.0,2.2,0.0,1.6836,Cerah,wmo:0
dago,"Dago, Bandung",2026-09-28,32.73.02.1004,Dago,kelurahan,no,-6.889,107.61,Asia/Jakarta,"BMKG point: Dago, Coblong, Kota Bandung",28-09-2026,ECMWF,Open-Meteo / ECMWF,23:00,2026-09-28 23:00:00,21.4,79.0,0.0,1.8,0.0,1.6836,Cerah,wmo:0
dago,"Dago, Bandung",2026-09-28,32.73.02.1004,Dago,kelurahan,no,-6.889,107.61,Asia/Jakarta,"BMKG point: Dago, Coblong, Kota Bandung",28-09-2026,GFS,Open-Meteo / NOAA GFS,00:00,2026-09-28 00:00:00,20.5,93.0,1.6,5.6,0.0,1.3795,Hujan Ringan,wmo:80
dago,"Dago, Bandung",2026-09-28,32.73.02.1004,Dago,kelurahan,no,-6.889,107.61,Asia/Jakarta,"BMKG point: Dago, Coblong, Kota Bandung",28-09-2026,GFS,Open-Meteo / NOAA GFS,01:00,2026-09-28 01:00:00,21.0,90.0,0.8,4.4,0.0,1.3795,Hujan Ringan,wmo:53
dago,"Dago, Bandung",2026-09-28,32.73.02.1004,Dago,kelurahan,no,-6.889,107.61,Asia/Jakarta,"BMKG point: Dago, Coblong, Kota Bandung",28-09-2026,GFS,Open-Meteo / NOAA GFS,02:00,2026-09-28 02:00:00,21.5,87.0,0.4,4.2,0.0,1.3795,Hujan Ringan,wmo:51
dago,"Dago, Bandung",2026-09-28,32.73.02.1004,Dago,kelurahan,no,-6.889,107.61,Asia/Jakarta,"BMKG point: Dago, Coblong, Kota Bandung",28-09-2026,GFS,Open-Meteo / NOAA GFS,03:00,2026-09-28 03:00:00,21.2,89.0,0.7,7.1,0.0,1.3795,Hujan Ringan,wmo:53
dago,"Dago, Bandung",2026-09-28,32.73.02.1004,Dago,kelurahan,no,-6.889,107.61,Asia/Jakarta,"BMKG point: Dago, Coblong, Kota Bandung",28-09-2026,GFS,Open-Meteo / NOAA GFS,04:00,2026-09-28 04:00:00,21.0,90.0,0.4,6.1,0.0,1.3795,Hujan Ringan,wmo:51
dago,"Dago, Bandung",2026-09-28,32.73.02.1004,Dago,kelurahan,no,-6.889,107.61,Asia/Jakarta,"BMKG point: Dago, Coblong, Kota Bandung",28-09-2026,GFS,Open-Meteo / NOAA GFS,05:00,2026-09-28 05:00:00,21.1,89.0,0.4,3.0,0.0,1.3795,Hujan Ringan,wmo:51
dago,"Dago, Bandung",2026-09-28,32.73.02.1004,Dago,kelurahan,no,-6.889,107.61,Asia/Jakarta,"BMKG point: Dago, Coblong, Kota Bandung",28-09-2026,GFS,Open-Meteo / NOAA GFS,06:00,2026-09-28 06:00:00,21.4,88.0,0.6,1.6,0.0,1.3795,Hujan Ringan,wmo:53
dago,"Dago, Bandung",2026-09-28,32.73.02.1004,Dago,kelurahan,no,-6.889,107.61,Asia/Jakarta,"BMKG point: Dago, Coblong, Kota Bandung",28-09-2026,GFS,Open-Meteo / NOAA GFS,07:00,2026-09-28 07:00:00,21.5,87.0,0.9,1.5,0.0,1.3795,Hujan Ringan,wmo:53
dago,"Dago, Bandung",2026-09-28,32.73.02.1004,Dago,kelurahan,no,-6.889,107.61,Asia/Jakarta,"BMKG point: Dago, Coblong, Kota Bandung",28-09-2026,GFS,Open-Meteo / NOAA GFS,08:00,2026-09-28 08:00:00,21.8,86.0,0.9,3.1,0.0,1.3795,Hujan Ringan,wmo:53
dago,"Dago, Bandung",2026-09-28,32.73.02.1004,Dago,kelurahan,no,-6.889,107.61,Asia/Jakarta,"BMKG point: Dago, Coblong, Kota Bandung",28-09-2026,GFS,Open-Meteo / NOAA GFS,09:00,2026-09-28 09:00:00,22.1,84.0,0.9,7.6,0.0,1.3795,Hujan Ringan,wmo:53
dago,"Dago, Bandung",2026-09-28,32.73.02.1004,Dago,kelurahan,no,-6.889,107.61,Asia/Jakarta,"BMKG point: Dago, Coblong, Kota Bandung",28-09-2026,GFS,Open-Meteo / NOAA GFS,10:00,2026-09-28 10:00:00,22.5,82.0,0.9,8.1,0.0,1.3795,Hujan Ringan,wmo:53
dago,"Dago, Bandung",2026-09-28,32.73.02.1004,Dago,kelurahan,no,-6.889,107.61,Asia/Jakarta,"BMKG point: Dago, Coblong, Kota Bandung",28-09-2026,GFS,Open-Meteo / NOAA GFS,11:00,2026-09-28 11:00:00,22.7,81.0,0.9,7.0,0.0,1.3795,Hujan Ringan,wmo:53
dago,"Dago, Bandung",2026-09-28,32.73.02.1004,Dago,kelurahan,no,-6.889,107.61,Asia/Jakarta,"BMKG point: Dago, Coblong, Kota Bandung",28-09-2026,GFS,Open-Meteo / NOAA GFS,12:00,2026-09-28 12:00:00,23.7,74.0,0.9,6.8,0.0,1.3795,Hujan Ringan,wmo:53
dago,"Dago, Bandung",2026-09-28,32.73.02.1004,Dago,kelurahan,no,-6.889,107.61,Asia/Jakarta,"BMKG point: Dago, Coblong, Kota Bandung",28-09-2026,GFS,Open-Meteo / NOAA GFS,13:00,2026-09-28 13:00:00,25.7,64.0,1.0,7.2,0.0,1.3795,Hujan Ringan,wmo:55
dago,"Dago, Bandung",2026-09-28,32.73.02.1004,Dago,kelurahan,no,-6.889,107.61,Asia/Jakarta,"BMKG point: Dago, Coblong, Kota Bandung",28-09-2026,GFS,Open-Meteo / NOAA GFS,14:00,2026-09-28 14:00:00,25.8,63.0,1.3,2.5,0.0,1.3795,Hujan Ringan,wmo:80
dago,"Dago, Bandung",2026-09-28,32.73.02.1004,Dago,kelurahan,no,-6.889,107.61,Asia/Jakarta,"BMKG point: Dago, Coblong, Kota Bandung",28-09-2026,GFS,Open-Meteo / NOAA GFS,15:00,2026-09-28 15:00:00,25.6,65.0,1.2,5.6,0.0,1.3795,Hujan Ringan,wmo:55
dago,"Dago, Bandung",2026-09-28,32.73.02.1004,Dago,kelurahan,no,-6.889,107.61,Asia/Jakarta,"BMKG point: Dago, Coblong, Kota Bandung",28-09-2026,GFS,Open-Meteo / NOAA GFS,16:00,2026-09-28 16:00:00,25.1,67.0,0.8,5.1,0.0,1.3795,Hujan Ringan,wmo:53
dago,"Dago, Bandung",2026-09-28,32.73.02.1004,Dago,kelurahan,no,-6.889,107.61,Asia/Jakarta,"BMKG point: Dago, Coblong, Kota Bandung",28-09-2026,GFS,Open-Meteo / NOAA GFS,17:00,2026-09-28 17:00:00,24.6,71.0,0.4,4.7,0.0,1.3795,Hujan Ringan,wmo:51
dago,"Dago, Bandung",2026-09-28,32.73.02.1004,Dago,kelurahan,no,-6.889,107.61,Asia/Jakarta,"BMKG point: Dago, Coblong, Kota Bandung",28-09-2026,GFS,Open-Meteo / NOAA GFS,18:00,2026-09-28 18:00:00,23.0,79.0,0.5,4.0,0.0,1.3795,Hujan Ringan,wmo:53
dago,"Dago, Bandung",2026-09-28,32.73.02.1004,Dago,kelurahan,no,-6.889,107.61,Asia/Jakarta,"BMKG point: Dago, Coblong, Kota Bandung",28-09-2026,GFS,Open-Meteo / NOAA GFS,19:00,2026-09-28 19:00:00,22.9,80.0,0.0,3.6,0.0,1.3795,Berawan,wmo:3
dago,"Dago, Bandung",2026-09-28,32.73.02.1004,Dago,kelurahan,no,-6.889,107.61,Asia/Jakarta,"BMKG point: Dago, Coblong, Kota Bandung",28-09-2026,GFS,Open-Meteo / NOAA GFS,20:00,2026-09-28 20:00:00,22.5,82.0,0.2,3.4,0.0,1.3795,Hujan Ringan,wmo:51
dago,"Dago, Bandung",2026-09-28,32.73.02.1004,Dago,kelurahan,no,-6.889,107.61,Asia/Jakarta,"BMKG point: Dago, Coblong, Kota Bandung",28-09-2026,GFS,Open-Meteo / NOAA GFS,21:00,2026-09-28 21:00:00,22.5,82.0,0.1,0.5,0.0,1.3795,Hujan Ringan,wmo:51
dago,"Dago, Bandung",2026-09-28,32.73.02.1004,Dago,kelurahan,no,-6.889,107.61,Asia/Jakarta,"BMKG point: Dago, Coblong, Kota Bandung",28-09-2026,GFS,Open-Meteo / NOAA GFS,22:00,2026-09-28 22:00:00,22.3,83.0,0.0,1.8,0.0,1.3795,Berawan,wmo:3
dago,"Dago, Bandung",2026-09-28,32.73.02.1004,Dago,kelurahan,no,-6.889,107.61,Asia/Jakarta,"BMKG point: Dago, Coblong, Kota Bandung",28-09-2026,GFS,Open-Meteo / NOAA GFS,23:00,2026-09-28 23:00:00,21.9,85.0,0.0,2.6,0.0,1.3795,Berawan,wmo:3
dago,"Dago, Bandung",2026-09-28,32.73.02.1004,Dago,kelurahan,no,-6.889,107.61,Asia/Jakarta,"BMKG point: Dago, Coblong, Kota Bandung",28-09-2026,ICON,Open-Meteo / DWD ICON,00:00,2026-09-28 00:00:00,22.7,85.0,0.0,2.7,0.0,1.4493,Cerah Berawan,wmo:2
dago,"Dago, Bandung",2026-09-28,32.73.02.1004,Dago,kelurahan,no,-6.889,107.61,Asia/Jakarta,"BMKG point: Dago, Coblong, Kota Bandung",28-09-2026,ICON,Open-Meteo / DWD ICON,01:00,2026-09-28 01:00:00,22.1,84.0,0.0,2.6,0.0,1.4493,Cerah Berawan,wmo:2
dago,"Dago, Bandung",2026-09-28,32.73.02.1004,Dago,kelurahan,no,-6.889,107.61,Asia/Jakarta,"BMKG point: Dago, Coblong, Kota Bandung",28-09-2026,ICON,Open-Meteo / DWD ICON,02:00,2026-09-28 02:00:00,21.7,82.0,0.0,0.8,0.0,1.4493,Cerah Berawan,wmo:1
dago,"Dago, Bandung",2026-09-28,32.73.02.1004,Dago,kelurahan,no,-6.889,107.61,Asia/Jakarta,"BMKG point: Dago, Coblong, Kota Bandung",28-09-2026,ICON,Open-Meteo / DWD ICON,03:00,2026-09-28 03:00:00,21.5,80.0,0.0,1.1,0.0,1.4493,Cerah Berawan,wmo:1
dago,"Dago, Bandung",2026-09-28,32.73.02.1004,Dago,kelurahan,no,-6.889,107.61,Asia/Jakarta,"BMKG point: Dago, Coblong, Kota Bandung",28-09-2026,ICON,Open-Meteo / DWD ICON,04:00,2026-09-28 04:00:00,21.2,81.0,0.0,2.0,0.0,1.4493,Cerah Berawan,wmo:2
dago,"Dago, Bandung",2026-09-28,32.73.02.1004,Dago,kelurahan,no,-6.889,107.61,Asia/Jakarta,"BMKG point: Dago, Coblong, Kota Bandung",28-09-2026,ICON,Open-Meteo / DWD ICON,05:00,2026-09-28 05:00:00,20.9,83.0,0.0,1.9,0.0,1.4493,Cerah Berawan,wmo:2
dago,"Dago, Bandung",2026-09-28,32.73.02.1004,Dago,kelurahan,no,-6.889,107.61,Asia/Jakarta,"BMKG point: Dago, Coblong, Kota Bandung",28-09-2026,ICON,Open-Meteo / DWD ICON,06:00,2026-09-28 06:00:00,20.5,85.0,0.0,2.3,0.0,1.4493,Cerah Berawan,wmo:2
dago,"Dago, Bandung",2026-09-28,32.73.02.1004,Dago,kelurahan,no,-6.889,107.61,Asia/Jakarta,"BMKG point: Dago, Coblong, Kota Bandung",28-09-2026,ICON,Open-Meteo / DWD ICON,07:00,2026-09-28 07:00:00,21.1,83.0,0.0,2.1,0.0,1.4493,Cerah Berawan,wmo:1
dago,"Dago, Bandung",2026-09-28,32.73.02.1004,Dago,kelurahan,no,-6.889,107.61,Asia/Jakarta,"BMKG point: Dago, Coblong, Kota Bandung",28-09-2026,ICON,Open-Meteo / DWD ICON,08:00,2026-09-28 08:00:00,23.6,72.0,0.0,3.7,0.0,1.4493,Cerah Berawan,wmo:1
dago,"Dago, Bandung",2026-09-28,32.73.02.1004,Dago,kelurahan,no,-6.889,107.61,Asia/Jakarta,"BMKG point: Dago, Coblong, Kota Bandung",28-09-2026,ICON,Open-Meteo / DWD ICON,09:00,2026-09-28 09:00:00,25.5,67.0,0.0,5.0,0.0,1.4493,Cerah Berawan,wmo:1
dago,"Dago, Bandung",2026-09-28,32.73.02.1004,Dago,kelurahan,no,-6.889,107.61,Asia/Jakarta,"BMKG point: Dago, Coblong, Kota Bandung",28-09-2026,ICON,Open-Meteo / DWD ICON,10:00,2026-09-28 10:00:00,27.1,63.0,0.0,5.7,0.0,1.4493,Cerah Berawan,wmo:1
dago,"Dago, Bandung",2026-09-28,32.73.02.1004,Dago,kelurahan,no,-6.889,107.61,Asia/Jakarta,"BMKG point: Dago, Coblong, Kota Bandung",28-09-2026,ICON,Open-Meteo / DWD ICON,11:00,2026-09-28 11:00:00,28.8,55.0,0.0,5.2,0.0,1.4493,Cerah Berawan,wmo:2
dago,"Dago, Bandung",2026-09-28,32.73.02.1004,Dago,kelurahan,no,-6.889,107.61,Asia/Jakarta,"BMKG point: Dago, Coblong, Kota Bandung",28-09-2026,ICON,Open-Meteo / DWD ICON,12:00,2026-09-28 12:00:00,29.7,49.0,0.0,2.5,0.0,1.4493,Berawan,wmo:3
dago,"Dago, Bandung",2026-09-28,32.73.02.1004,Dago,kelurahan,no,-6.889,107.61,Asia/Jakarta,"BMKG point: Dago, Coblong, Kota Bandung",28-09-2026,ICON,Open-Meteo / DWD ICON,13:00,2026-09-28 13:00:00,29.4,49.0,0.0,4.0,0.0,1.4493,Berawan,wmo:3
dago,"Dago, Bandung",2026-09-28,32.73.02.1004,Dago,kelurahan,no,-6.889,107.61,Asia/Jakarta,"BMKG point: Dago, Coblong, Kota Bandung",28-09-2026,ICON,Open-Meteo / DWD ICON,14:00,2026-09-28 14:00:00,28.3,55.0,0.0,9.4,0.0,1.4493,Cerah Berawan,wmo:2
dago,"Dago, Bandung",2026-09-28,32.73.02.1004,Dago,kelurahan,no,-6.889,107.61,Asia/Jakarta,"BMKG point: Dago, Coblong, Kota Bandung",28-09-2026,ICON,Open-Meteo / DWD ICON,15:00,2026-09-28 15:00:00,27.8,59.0,0.0,8.6,0.0,1.4493,Cerah Berawan,wmo:2
dago,"Dago, Bandung",2026-09-28,32.73.02.1004,Dago,kelurahan,no,-6.889,107.61,Asia/Jakarta,"BMKG point: Dago, Coblong, Kota Bandung",28-09-2026,ICON,Open-Meteo / DWD ICON,16:00,2026-09-28 16:00:00,28.2,55.0,0.0,5.4,0.0,1.4493,Cerah Berawan,wmo:1
dago,"Dago, Bandung",2026-09-28,32.73.02.1004,Dago,kelurahan,no,-6.889,107.61,Asia/Jakarta,"BMKG point: Dago, Coblong, Kota Bandung",28-09-2026,ICON,Open-Meteo / DWD ICON,17:00,2026-09-28 17:00:00,28.0,55.0,0.0,5.7,0.0,1.4493,Cerah Berawan,wmo:2
dago,"Dago, Bandung",2026-09-28,32.73.02.1004,Dago,kelurahan,no,-6.889,107.61,Asia/Jakarta,"BMKG point: Dago, Coblong, Kota Bandung",28-09-2026,ICON,Open-Meteo / DWD ICON,18:00,2026-09-28 18:00:00,26.7,62.0,0.0,6.4,0.0,1.4493,Cerah Berawan,wmo:2
dago,"Dago, Bandung",2026-09-28,32.73.02.1004,Dago,kelurahan,no,-6.889,107.61,Asia/Jakarta,"BMKG point: Dago, Coblong, Kota Bandung",28-09-2026,ICON,Open-Meteo / DWD ICON,19:00,2026-09-28 19:00:00,25.4,72.0,0.0,3.7,0.0,1.4493,Cerah Berawan,wmo:2
dago,"Dago, Bandung",2026-09-28,32.73.02.1004,Dago,kelurahan,no,-6.889,107.61,Asia/Jakarta,"BMKG point: Dago, Coblong, Kota Bandung",28-09-2026,ICON,Open-Meteo / DWD ICON,20:00,2026-09-28 20:00:00,24.9,76.0,0.0,0.8,0.0,1.4493,Cerah Berawan,wmo:2
dago,"Dago, Bandung",2026-09-28,32.73.02.1004,Dago,kelurahan,no,-6.889,107.61,Asia/Jakarta,"BMKG point: Dago, Coblong, Kota Bandung",28-09-2026,ICON,Open-Meteo / DWD ICON,21:00,2026-09-28 21:00:00,24.4,78.0,0.0,1.6,0.0,1.4493,Cerah Berawan,wmo:2
dago,"Dago, Bandung",2026-09-28,32.73.02.1004,Dago,kelurahan,no,-6.889,107.61,Asia/Jakarta,"BMKG point: Dago, Coblong, Kota Bandung",28-09-2026,ICON,Open-Meteo / DWD ICON,22:00,2026-09-28 22:00:00,23.8,82.0,0.0,1.1,0.0,1.4493,Cerah Berawan,wmo:2
dago,"Dago, Bandung",2026-09-28,32.73.02.1004,Dago,kelurahan,no,-6.889,107.61,Asia/Jakarta,"BMKG point: Dago, Coblong, Kota Bandung",28-09-2026,ICON,Open-Meteo / DWD ICON,23:00,2026-09-28 23:00:00,23.5,83.0,0.0,0.5,0.0,1.4493,Cerah Berawan,wmo:2
dago,"Dago, Bandung",2026-09-28,32.73.02.1004,Dago,kelurahan,no,-6.889,107.61,Asia/Jakarta,"BMKG point: Dago, Coblong, Kota Bandung",28-09-2026,KMA,Open-Meteo / KMA,00:00,2026-09-28 00:00:00,,,,,0.0,0.5443,Berawan,wmo:None
dago,"Dago, Bandung",2026-09-28,32.73.02.1004,Dago,kelurahan,no,-6.889,107.61,Asia/Jakarta,"BMKG point: Dago, Coblong, Kota Bandung",28-09-2026,KMA,Open-Meteo / KMA,01:00,2026-09-28 01:00:00,,,,,0.0,0.5443,Berawan,wmo:None
dago,"Dago, Bandung",2026-09-28,32.73.02.1004,Dago,kelurahan,no,-6.889,107.61,Asia/Jakarta,"BMKG point: Dago, Coblong, Kota Bandung",28-09-2026,KMA,Open-Meteo / KMA,02:00,2026-09-28 02:00:00,,,,,0.0,0.5443,Berawan,wmo:None
dago,"Dago, Bandung",2026-09-28,32.73.02.1004,Dago,kelurahan,no,-6.889,107.61,Asia/Jakarta,"BMKG point: Dago, Coblong, Kota Bandung",28-09-2026,KMA,Open-Meteo / KMA,03:00,2026-09-28 03:00:00,,,,,0.0,0.5443,Berawan,wmo:None
dago,"Dago, Bandung",2026-09-28,32.73.02.1004,Dago,kelurahan,no,-6.889,107.61,Asia/Jakarta,"BMKG point: Dago, Coblong, Kota Bandung",28-09-2026,KMA,Open-Meteo / KMA,04:00,2026-09-28 04:00:00,,,,,0.0,0.5443,Berawan,wmo:None
dago,"Dago, Bandung",2026-09-28,32.73.02.1004,Dago,kelurahan,no,-6.889,107.61,Asia/Jakarta,"BMKG point: Dago, Coblong, Kota Bandung",28-09-2026,KMA,Open-Meteo / KMA,05:00,2026-09-28 05:00:00,,,,,0.0,0.5443,Berawan,wmo:None
dago,"Dago, Bandung",2026-09-28,32.73.02.1004,Dago,kelurahan,no,-6.889,107.61,Asia/Jakarta,"BMKG point: Dago, Coblong, Kota Bandung",28-09-2026,KMA,Open-Meteo / KMA,06:00,2026-09-28 06:00:00,,,,,0.0,0.5443,Berawan,wmo:None
dago,"Dago, Bandung",2026-09-28,32.73.02.1004,Dago,kelurahan,no,-6.889,107.61,Asia/Jakarta,"BMKG point: Dago, Coblong, Kota Bandung",28-09-2026,KMA,Open-Meteo / KMA,07:00,2026-09-28 07:00:00,,,,,0.0,0.5443,Berawan,wmo:None
dago,"Dago, Bandung",2026-09-28,32.73.02.1004,Dago,kelurahan,no,-6.889,107.61,Asia/Jakarta,"BMKG point: Dago, Coblong, Kota Bandung",28-09-2026,KMA,Open-Meteo / KMA,08:00,2026-09-28 08:00:00,,,,,0.0,0.5443,Berawan,wmo:None
dago,"Dago, Bandung",2026-09-28,32.73.02.1004,Dago,kelurahan,no,-6.889,107.61,Asia/Jakarta,"BMKG point: Dago, Coblong, Kota Bandung",28-09-2026,KMA,Open-Meteo / KMA,09:00,2026-09-28 09:00:00,,,,,0.0,0.5443,Berawan,wmo:None
dago,"Dago, Bandung",2026-09-28,32.73.02.1004,Dago,kelurahan,no,-6.889,107.61,Asia/Jakarta,"BMKG point: Dago, Coblong, Kota Bandung",28-09-2026,KMA,Open-Meteo / KMA,10:00,2026-09-28 10:00:00,,,,,0.0,0.5443,Berawan,wmo:None
dago,"Dago, Bandung",2026-09-28,32.73.02.1004,Dago,kelurahan,no,-6.889,107.61,Asia/Jakarta,"BMKG point: Dago, Coblong, Kota Bandung",28-09-2026,KMA,Open-Meteo / KMA,11:00,2026-09-28 11:00:00,,,,,0.0,0.5443,Berawan,wmo:None
dago,"Dago, Bandung",2026-09-28,32.73.02.1004,Dago,kelurahan,no,-6.889,107.61,Asia/Jakarta,"BMKG point: Dago, Coblong, Kota Bandung",28-09-2026,KMA,Open-Meteo / KMA,12:00,2026-09-28 12:00:00,,,,,0.0,0.5443,Berawan,wmo:None
dago,"Dago, Bandung",2026-09-28,32.73.02.1004,Dago,kelurahan,no,-6.889,107.61,Asia/Jakarta,"BMKG point: Dago, Coblong, Kota Bandung",28-09-2026,KMA,Open-Meteo / KMA,13:00,2026-09-28 13:00:00,,,,,0.0,0.5443,Berawan,wmo:None
dago,"Dago, Bandung",2026-09-28,32.73.02.1004,Dago,kelurahan,no,-6.889,107.61,Asia/Jakarta,"BMKG point: Dago, Coblong, Kota Bandung",28-09-2026,KMA,Open-Meteo / KMA,14:00,2026-09-28 14:00:00,,,,,0.0,0.5443,Berawan,wmo:None
dago,"Dago, Bandung",2026-09-28,32.73.02.1004,Dago,kelurahan,no,-6.889,107.61,Asia/Jakarta,"BMKG point: Dago, Coblong, Kota Bandung",28-09-2026,KMA,Open-Meteo / KMA,15:00,2026-09-28 15:00:00,,,,,0.0,0.5443,Berawan,wmo:None
dago,"Dago, Bandung",2026-09-28,32.73.02.1004,Dago,kelurahan,no,-6.889,107.61,Asia/Jakarta,"BMKG point: Dago, Coblong, Kota Bandung",28-09-2026,KMA,Open-Meteo / KMA,16:00,2026-09-28 16:00:00,,,,,0.0,0.5443,Berawan,wmo:None
dago,"Dago, Bandung",2026-09-28,32.73.02.1004,Dago,kelurahan,no,-6.889,107.61,Asia/Jakarta,"BMKG point: Dago, Coblong, Kota Bandung",28-09-2026,KMA,Open-Meteo / KMA,17:00,2026-09-28 17:00:00,,,,,0.0,0.5443,Berawan,wmo:None
dago,"Dago, Bandung",2026-09-28,32.73.02.1004,Dago,kelurahan,no,-6.889,107.61,Asia/Jakarta,"BMKG point: Dago, Coblong, Kota Bandung",28-09-2026,KMA,Open-Meteo / KMA,18:00,2026-09-28 18:00:00,,,,,0.0,0.5443,Berawan,wmo:None
dago,"Dago, Bandung",2026-09-28,32.73.02.1004,Dago,kelurahan,no,-6.889,107.61,Asia/Jakarta,"BMKG point: Dago, Coblong, Kota Bandung",28-09-2026,KMA,Open-Meteo / KMA,19:00,2026-09-28 19:00:00,,,,,0.0,0.5443,Berawan,wmo:None
dago,"Dago, Bandung",2026-09-28,32.73.02.1004,Dago,kelurahan,no,-6.889,107.61,Asia/Jakarta,"BMKG point: Dago, Coblong, Kota Bandung",28-09-2026,KMA,Open-Meteo / KMA,20:00,2026-09-28 20:00:00,,,,,0.0,0.5443,Berawan,wmo:None
dago,"Dago, Bandung",2026-09-28,32.73.02.1004,Dago,kelurahan,no,-6.889,107.61,Asia/Jakarta,"BMKG point: Dago, Coblong, Kota Bandung",28-09-2026,KMA,Open-Meteo / KMA,21:00,2026-09-28 21:00:00,,,,,0.0,0.5443,Berawan,wmo:None
dago,"Dago, Bandung",2026-09-28,32.73.02.1004,Dago,kelurahan,no,-6.889,107.61,Asia/Jakarta,"BMKG point: Dago, Coblong, Kota Bandung",28-09-2026,KMA,Open-Meteo / KMA,22:00,2026-09-28 22:00:00,,,,,0.0,0.5443,Berawan,wmo:None
dago,"Dago, Bandung",2026-09-28,32.73.02.1004,Dago,kelurahan,no,-6.889,107.61,Asia/Jakarta,"BMKG point: Dago, Coblong, Kota Bandung",28-09-2026,KMA,Open-Meteo / KMA,23:00,2026-09-28 23:00:00,,,,,0.0,0.5443,Berawan,wmo:None
dago,"Dago, Bandung",2026-09-28,32.73.02.1004,Dago,kelurahan,no,-6.889,107.61,Asia/Jakarta,"BMKG point: Dago, Coblong, Kota Bandung",28-09-2026,METEOFRANCE,Open-Meteo / Meteo-France,00:00,2026-09-28 00:00:00,25.0,87.0,1.0,4.3,0.0,1.4511,Hujan Ringan,wmo:55
dago,"Dago, Bandung",2026-09-28,32.73.02.1004,Dago,kelurahan,no,-6.889,107.61,Asia/Jakarta,"BMKG point: Dago, Coblong, Kota Bandung",28-09-2026,METEOFRANCE,Open-Meteo / Meteo-France,01:00,2026-09-28 01:00:00,24.7,90.0,0.9,5.9,0.0,1.4511,Hujan Ringan,wmo:53
dago,"Dago, Bandung",2026-09-28,32.73.02.1004,Dago,kelurahan,no,-6.889,107.61,Asia/Jakarta,"BMKG point: Dago, Coblong, Kota Bandung",28-09-2026,METEOFRANCE,Open-Meteo / Meteo-France,02:00,2026-09-28 02:00:00,24.9,91.0,0.2,5.9,0.0,1.4511,Hujan Ringan,wmo:51
dago,"Dago, Bandung",2026-09-28,32.73.02.1004,Dago,kelurahan,no,-6.889,107.61,Asia/Jakarta,"BMKG point: Dago, Coblong, Kota Bandung",28-09-2026,METEOFRANCE,Open-Meteo / Meteo-France,03:00,2026-09-28 03:00:00,25.3,91.0,0.0,4.9,0.0,1.4511,Berawan,wmo:3
dago,"Dago, Bandung",2026-09-28,32.73.02.1004,Dago,kelurahan,no,-6.889,107.61,Asia/Jakarta,"BMKG point: Dago, Coblong, Kota Bandung",28-09-2026,METEOFRANCE,Open-Meteo / Meteo-France,04:00,2026-09-28 04:00:00,25.6,92.0,0.0,3.5,0.0,1.4511,Cerah Berawan,wmo:2
dago,"Dago, Bandung",2026-09-28,32.73.02.1004,Dago,kelurahan,no,-6.889,107.61,Asia/Jakarta,"BMKG point: Dago, Coblong, Kota Bandung",28-09-2026,METEOFRANCE,Open-Meteo / Meteo-France,05:00,2026-09-28 05:00:00,25.4,92.0,0.0,2.1,0.0,1.4511,Cerah Berawan,wmo:2
dago,"Dago, Bandung",2026-09-28,32.73.02.1004,Dago,kelurahan,no,-6.889,107.61,Asia/Jakarta,"BMKG point: Dago, Coblong, Kota Bandung",28-09-2026,METEOFRANCE,Open-Meteo / Meteo-France,06:00,2026-09-28 06:00:00,25.0,93.0,0.0,1.6,0.0,1.4511,Cerah Berawan,wmo:2
dago,"Dago, Bandung",2026-09-28,32.73.02.1004,Dago,kelurahan,no,-6.889,107.61,Asia/Jakarta,"BMKG point: Dago, Coblong, Kota Bandung",28-09-2026,METEOFRANCE,Open-Meteo / Meteo-France,07:00,2026-09-28 07:00:00,25.9,91.0,0.0,1.5,0.0,1.4511,Cerah Berawan,wmo:2
dago,"Dago, Bandung",2026-09-28,32.73.02.1004,Dago,kelurahan,no,-6.889,107.61,Asia/Jakarta,"BMKG point: Dago, Coblong, Kota Bandung",28-09-2026,METEOFRANCE,Open-Meteo / Meteo-France,08:00,2026-09-28 08:00:00,27.5,81.0,0.0,2.5,0.0,1.4511,Cerah Berawan,wmo:2
dago,"Dago, Bandung",2026-09-28,32.73.02.1004,Dago,kelurahan,no,-6.889,107.61,Asia/Jakarta,"BMKG point: Dago, Coblong, Kota Bandung",28-09-2026,METEOFRANCE,Open-Meteo / Meteo-France,09:00,2026-09-28 09:00:00,29.2,73.0,0.0,5.1,0.0,1.4511,Cerah Berawan,wmo:2
dago,"Dago, Bandung",2026-09-28,32.73.02.1004,Dago,kelurahan,no,-6.889,107.61,Asia/Jakarta,"BMKG point: Dago, Coblong, Kota Bandung",28-09-2026,METEOFRANCE,Open-Meteo / Meteo-France,10:00,2026-09-28 10:00:00,30.9,65.0,0.0,8.3,0.0,1.4511,Cerah Berawan,wmo:2
dago,"Dago, Bandung",2026-09-28,32.73.02.1004,Dago,kelurahan,no,-6.889,107.61,Asia/Jakarta,"BMKG point: Dago, Coblong, Kota Bandung",28-09-2026,METEOFRANCE,Open-Meteo / Meteo-France,11:00,2026-09-28 11:00:00,32.0,60.0,0.0,10.2,0.0,1.4511,Cerah Berawan,wmo:2
dago,"Dago, Bandung",2026-09-28,32.73.02.1004,Dago,kelurahan,no,-6.889,107.61,Asia/Jakarta,"BMKG point: Dago, Coblong, Kota Bandung",28-09-2026,METEOFRANCE,Open-Meteo / Meteo-France,12:00,2026-09-28 12:00:00,32.6,57.0,0.0,11.5,0.0,1.4511,Berawan,wmo:3
dago,"Dago, Bandung",2026-09-28,32.73.02.1004,Dago,kelurahan,no,-6.889,107.61,Asia/Jakarta,"BMKG point: Dago, Coblong, Kota Bandung",28-09-2026,METEOFRANCE,Open-Meteo / Meteo-France,13:00,2026-09-28 13:00:00,32.6,57.0,0.0,12.2,0.0,1.4511,Berawan,wmo:3
dago,"Dago, Bandung",2026-09-28,32.73.02.1004,Dago,kelurahan,no,-6.889,107.61,Asia/Jakarta,"BMKG point: Dago, Coblong, Kota Bandung",28-09-2026,METEOFRANCE,Open-Meteo / Meteo-France,14:00,2026-09-28 14:00:00,32.5,57.0,0.0,12.2,0.0,1.4511,Berawan,wmo:3
dago,"Dago, Bandung",2026-09-28,32.73.02.1004,Dago,kelurahan,no,-6.889,107.61,Asia/Jakarta,"BMKG point: Dago, Coblong, Kota Bandung",28-09-2026,METEOFRANCE,Open-Meteo / Meteo-France,15:00,2026-09-28 15:00:00,32.1,57.0,0.0,11.5,0.0,1.4511,Cerah Berawan,wmo:2
dago,"Dago, Bandung",2026-09-28,32.73.02.1004,Dago,kelurahan,no,-6.889,107.61,Asia/Jakarta,"BMKG point: Dago, Coblong, Kota Bandung",28-09-2026,METEOFRANCE,Open-Meteo / Meteo-France,16:00,2026-09-28 16:00:00,31.7,57.0,0.0,10.7,0.0,1.4511,Cerah Berawan,wmo:2
dago,"Dago, Bandung",2026-09-28,32.73.02.1004,Dago,kelurahan,no,-6.889,107.61,Asia/Jakarta,"BMKG point: Dago, Coblong, Kota Bandung",28-09-2026,METEOFRANCE,Open-Meteo / Meteo-France,17:00,2026-09-28 17:00:00,30.7,59.0,0.0,10.3,0.0,1.4511,Cerah Berawan,wmo:2
dago,"Dago, Bandung",2026-09-28,32.73.02.1004,Dago,kelurahan,no,-6.889,107.61,Asia/Jakarta,"BMKG point: Dago, Coblong, Kota Bandung",28-09-2026,METEOFRANCE,Open-Meteo / Meteo-France,18:00,2026-09-28 18:00:00,29.4,64.0,0.0,8.3,0.0,1.4511,Cerah Berawan,wmo:2
dago,"Dago, Bandung",2026-09-28,32.73.02.1004,Dago,kelurahan,no,-6.889,107.61,Asia/Jakarta,"BMKG point: Dago, Coblong, Kota Bandung",28-09-2026,METEOFRANCE,Open-Meteo / Meteo-France,19:00,2026-09-28 19:00:00,28.3,71.0,0.0,6.1,0.0,1.4511,Cerah Berawan,wmo:2
dago,"Dago, Bandung",2026-09-28,32.73.02.1004,Dago,kelurahan,no,-6.889,107.61,Asia/Jakarta,"BMKG point: Dago, Coblong, Kota Bandung",28-09-2026,METEOFRANCE,Open-Meteo / Meteo-France,20:00,2026-09-28 20:00:00,27.4,77.0,0.0,4.7,0.0,1.4511,Berawan,wmo:3
dago,"Dago, Bandung",2026-09-28,32.73.02.1004,Dago,kelurahan,no,-6.889,107.61,Asia/Jakarta,"BMKG point: Dago, Coblong, Kota Bandung",28-09-2026,METEOFRANCE,Open-Meteo / Meteo-France,21:00,2026-09-28 21:00:00,26.9,80.0,0.0,3.6,0.0,1.4511,Berawan,wmo:3
dago,"Dago, Bandung",2026-09-28,32.73.02.1004,Dago,kelurahan,no,-6.889,107.61,Asia/Jakarta,"BMKG point: Dago, Coblong, Kota Bandung",28-09-2026,METEOFRANCE,Open-Meteo / Meteo-France,22:00,2026-09-28 22:00:00,26.5,83.0,0.0,2.2,0.0,1.4511,Berawan,wmo:3
dago,"Dago, Bandung",2026-09-28,32.73.02.1004,Dago,kelurahan,no,-6.889,107.61,Asia/Jakarta,"BMKG point: Dago, Coblong, Kota Bandung",28-09-2026,METEOFRANCE,Open-Meteo / Meteo-France,23:00,2026-09-28 23:00:00,26.1,86.0,0.0,1.3,0.0,1.4511,Berawan,wmo:3
dago,"Dago, Bandung",2026-09-28,32.73.02.1004,Dago,kelurahan,no,-6.889,107.61,Asia/Jakarta,"BMKG point: Dago, Coblong, Kota Bandung",28-09-2026,METNO,MET Norway,00:00,2026-09-28 00:00:00,20.7,94.4,0.0,3.24,0.0,1.3242,Berawan,fog
dago,"Dago, Bandung",2026-09-28,32.73.02.1004,Dago,kelurahan,no,-6.889,107.61,Asia/Jakarta,"BMKG point: Dago, Coblong, Kota Bandung",28-09-2026,METNO,MET Norway,01:00,2026-09-28 01:00:00,20.3,96.7,0.0,3.96,0.0,1.3242,Berawan,fog
dago,"Dago, Bandung",2026-09-28,32.73.02.1004,Dago,kelurahan,no,-6.889,107.61,Asia/Jakarta,"BMKG point: Dago, Coblong, Kota Bandung",28-09-2026,METNO,MET Norway,02:00,2026-09-28 02:00:00,20.0,99.2,0.0,4.32,0.0,1.3242,Berawan,fog
dago,"Dago, Bandung",2026-09-28,32.73.02.1004,Dago,kelurahan,no,-6.889,107.61,Asia/Jakarta,"BMKG point: Dago, Coblong, Kota Bandung",28-09-2026,METNO,MET Norway,03:00,2026-09-28 03:00:00,19.5,99.5,0.0,2.88,0.0,1.3242,Berawan,fog
dago,"Dago, Bandung",2026-09-28,32.73.02.1004,Dago,kelurahan,no,-6.889,107.61,Asia/Jakarta,"BMKG point: Dago, Coblong, Kota Bandung",28-09-2026,METNO,MET Norway,04:00,2026-09-28 04:00:00,19.4,98.2,0.0,3.6,0.0,1.3242,Berawan,fog
dago,"Dago, Bandung",2026-09-28,32.73.02.1004,Dago,kelurahan,no,-6.889,107.61,Asia/Jakarta,"BMKG point: Dago, Coblong, Kota Bandung",28-09-2026,METNO,MET Norway,05:00,2026-09-28 05:00:00,19.5,95.5,0.0,3.6,0.0,1.3242,Cerah Berawan,fair_night
dago,"Dago, Bandung",2026-09-28,32.73.02.1004,Dago,kelurahan,no,-6.889,107.61,Asia/Jakarta,"BMKG point: Dago, Coblong, Kota Bandung",28-09-2026,METNO,MET Norway,06:00,2026-09-28 06:00:00,19.7,93.8,0.0,3.6,0.0,1.3242,Cerah Berawan,fair_day
dago,"Dago, Bandung",2026-09-28,32.73.02.1004,Dago,kelurahan,no,-6.889,107.61,Asia/Jakarta,"BMKG point: Dago, Coblong, Kota Bandung",28-09-2026,METNO,MET Norway,07:00,2026-09-28 07:00:00,21.1,91.1,0.0,3.6,0.0,1.3242,Cerah Berawan,fair_day
dago,"Dago, Bandung",2026-09-28,32.73.02.1004,Dago,kelurahan,no,-6.889,107.61,Asia/Jakarta,"BMKG point: Dago, Coblong, Kota Bandung",28-09-2026,METNO,MET Norway,08:00,2026-09-28 08:00:00,23.4,77.9,0.0,3.96,0.0,1.3242,Cerah,clearsky_day
dago,"Dago, Bandung",2026-09-28,32.73.02.1004,Dago,kelurahan,no,-6.889,107.61,Asia/Jakarta,"BMKG point: Dago, Coblong, Kota Bandung",28-09-2026,METNO,MET Norway,09:00,2026-09-28 09:00:00,25.2,68.8,0.4,3.24,0.0,1.3242,Hujan Ringan,rainshowers_day
dago,"Dago, Bandung",2026-09-28,32.73.02.1004,Dago,kelurahan,no,-6.889,107.61,Asia/Jakarta,"BMKG point: Dago, Coblong, Kota Bandung",28-09-2026,METNO,MET Norway,10:00,2026-09-28 10:00:00,26.5,62.9,0.1,5.4,0.0,1.3242,Hujan Ringan,lightrainshowers_day
dago,"Dago, Bandung",2026-09-28,32.73.02.1004,Dago,kelurahan,no,-6.889,107.61,Asia/Jakarta,"BMKG point: Dago, Coblong, Kota Bandung",28-09-2026,METNO,MET Norway,11:00,2026-09-28 11:00:00,27.7,59.2,0.1,5.4,0.0,1.3242,Hujan Ringan,lightrainshowers_day
dago,"Dago, Bandung",2026-09-28,32.73.02.1004,Dago,kelurahan,no,-6.889,107.61,Asia/Jakarta,"BMKG point: Dago, Coblong, Kota Bandung",28-09-2026,METNO,MET Norway,12:00,2026-09-28 12:00:00,28.5,56.5,0.3,6.84,0.0,1.3242,Hujan Ringan,rainshowers_day
dago,"Dago, Bandung",2026-09-28,32.73.02.1004,Dago,kelurahan,no,-6.889,107.61,Asia/Jakarta,"BMKG point: Dago, Coblong, Kota Bandung",28-09-2026,METNO,MET Norway,13:00,2026-09-28 13:00:00,26.2,63.9,2.4,7.92,0.0,1.3242,Hujan Lebat,heavyrainshowers_day
dago,"Dago, Bandung",2026-09-28,32.73.02.1004,Dago,kelurahan,no,-6.889,107.61,Asia/Jakarta,"BMKG point: Dago, Coblong, Kota Bandung",28-09-2026,METNO,MET Norway,14:00,2026-09-28 14:00:00,24.2,75.0,0.5,13.68,0.0,1.3242,Hujan Ringan,rainshowers_day
dago,"Dago, Bandung",2026-09-28,32.73.02.1004,Dago,kelurahan,no,-6.889,107.61,Asia/Jakarta,"BMKG point: Dago, Coblong, Kota Bandung",28-09-2026,METNO,MET Norway,15:00,2026-09-28 15:00:00,26.5,64.4,0.7,8.64,0.0,1.3242,Hujan Ringan,rainshowers_day
dago,"Dago, Bandung",2026-09-28,32.73.02.1004,Dago,kelurahan,no,-6.889,107.61,Asia/Jakarta,"BMKG point: Dago, Coblong, Kota Bandung",28-09-2026,METNO,MET Norway,16:00,2026-09-28 16:00:00,25.1,70.3,1.0,8.28,0.0,1.3242,Hujan Lebat,heavyrainshowers_day
dago,"Dago, Bandung",2026-09-28,32.73.02.1004,Dago,kelurahan,no,-6.889,107.61,Asia/Jakarta,"BMKG point: Dago, Coblong, Kota Bandung",28-09-2026,METNO,MET Norway,17:00,2026-09-28 17:00:00,23.2,80.7,0.4,2.88,0.0,1.3242,Hujan Ringan,rainshowers_day
dago,"Dago, Bandung",2026-09-28,32.73.02.1004,Dago,kelurahan,no,-6.889,107.61,Asia/Jakarta,"BMKG point: Dago, Coblong, Kota Bandung",28-09-2026,METNO,MET Norway,18:00,2026-09-28 18:00:00,22.6,85.0,0.0,3.6,0.0,1.3242,Cerah Berawan,partlycloudy_night
dago,"Dago, Bandung",2026-09-28,32.73.02.1004,Dago,kelurahan,no,-6.889,107.61,Asia/Jakarta,"BMKG point: Dago, Coblong, Kota Bandung",28-09-2026,METNO,MET Norway,19:00,2026-09-28 19:00:00,22.6,84.6,0.0,3.96,0.0,1.3242,Cerah Berawan,fair_night
dago,"Dago, Bandung",2026-09-28,32.73.02.1004,Dago,kelurahan,no,-6.889,107.61,Asia/Jakarta,"BMKG point: Dago, Coblong, Kota Bandung",28-09-2026,METNO,MET Norway,20:00,2026-09-28 20:00:00,22.4,85.3,0.0,3.24,0.0,1.3242,Cerah Berawan,fair_night
dago,"Dago, Bandung",2026-09-28,32.73.02.1004,Dago,kelurahan,no,-6.889,107.61,Asia/Jakarta,"BMKG point: Dago, Coblong, Kota Bandung",28-09-2026,METNO,MET Norway,21:00,2026-09-28 21:00:00,22.0,86.1,0.0,3.96,0.0,1.3242,Cerah Berawan,fair_night
dago,"Dago, Bandung",2026-09-28,32.73.02.1004,Dago,kelurahan,no,-6.889,107.61,Asia/Jakarta,"BMKG point: Dago, Coblong, Kota Bandung",28-09-2026,METNO,MET Norway,22:00,2026-09-28 22:00:00,21.7,87.6,0.0,2.88,0.0,1.3242,Cerah,clearsky_night
dago,"Dago, Bandung",2026-09-28,32.73.02.1004,Dago,kelurahan,no,-6.889,107.61,Asia/Jakarta,"BMKG point: Dago, Coblong, Kota Bandung",28-09-2026,METNO,MET Norway,23:00,2026-09-28 23:00:00,21.3,89.5,0.0,2.88,0.0,1.3242,Cerah,clearsky_night
dago,"Dago, Bandung",2026-09-28,32.73.02.1004,Dago,kelurahan,no,-6.889,107.61,Asia/Jakarta,"BMKG point: Dago, Coblong, Kota Bandung",28-09-2026,UKMO,Open-Meteo / UK Met Office,00:00,2026-09-28 00:00:00,21.5,95.0,0.2,2.9,0.0,1.3224,Hujan Ringan,wmo:51
dago,"Dago, Bandung",2026-09-28,32.73.02.1004,Dago,kelurahan,no,-6.889,107.61,Asia/Jakarta,"BMKG point: Dago, Coblong, Kota Bandung",28-09-2026,UKMO,Open-Meteo / UK Met Office,01:00,2026-09-28 01:00:00,21.4,94.0,0.0,1.4,0.0,1.3224,Cerah Berawan,wmo:2
dago,"Dago, Bandung",2026-09-28,32.73.02.1004,Dago,kelurahan,no,-6.889,107.61,Asia/Jakarta,"BMKG point: Dago, Coblong, Kota Bandung",28-09-2026,UKMO,Open-Meteo / UK Met Office,02:00,2026-09-28 02:00:00,21.4,93.0,0.0,2.2,0.0,1.3224,Berawan,wmo:3
dago,"Dago, Bandung",2026-09-28,32.73.02.1004,Dago,kelurahan,no,-6.889,107.61,Asia/Jakarta,"BMKG point: Dago, Coblong, Kota Bandung",28-09-2026,UKMO,Open-Meteo / UK Met Office,03:00,2026-09-28 03:00:00,21.2,94.0,0.0,4.7,0.0,1.3224,Berawan,wmo:3
dago,"Dago, Bandung",2026-09-28,32.73.02.1004,Dago,kelurahan,no,-6.889,107.61,Asia/Jakarta,"BMKG point: Dago, Coblong, Kota Bandung",28-09-2026,UKMO,Open-Meteo / UK Met Office,04:00,2026-09-28 04:00:00,21.0,95.0,0.0,3.6,0.0,1.3224,Cerah Berawan,wmo:2
dago,"Dago, Bandung",2026-09-28,32.73.02.1004,Dago,kelurahan,no,-6.889,107.61,Asia/Jakarta,"BMKG point: Dago, Coblong, Kota Bandung",28-09-2026,UKMO,Open-Meteo / UK Met Office,05:00,2026-09-28 05:00:00,21.0,95.0,0.0,2.2,0.0,1.3224,Berawan,wmo:3
dago,"Dago, Bandung",2026-09-28,32.73.02.1004,Dago,kelurahan,no,-6.889,107.61,Asia/Jakarta,"BMKG point: Dago, Coblong, Kota Bandung",28-09-2026,UKMO,Open-Meteo / UK Met Office,06:00,2026-09-28 06:00:00,21.1,94.0,0.0,3.2,0.0,1.3224,Cerah Berawan,wmo:1
dago,"Dago, Bandung",2026-09-28,32.73.02.1004,Dago,kelurahan,no,-6.889,107.61,Asia/Jakarta,"BMKG point: Dago, Coblong, Kota Bandung",28-09-2026,UKMO,Open-Meteo / UK Met Office,07:00,2026-09-28 07:00:00,21.5,93.0,0.0,3.2,0.0,1.3224,Cerah,wmo:0
dago,"Dago, Bandung",2026-09-28,32.73.02.1004,Dago,kelurahan,no,-6.889,107.61,Asia/Jakarta,"BMKG point: Dago, Coblong, Kota Bandung",28-09-2026,UKMO,Open-Meteo / UK Met Office,08:00,2026-09-28 08:00:00,22.7,86.0,0.0,4.0,0.0,1.3224,Cerah,wmo:0
dago,"Dago, Bandung",2026-09-28,32.73.02.1004,Dago,kelurahan,no,-6.889,107.61,Asia/Jakarta,"BMKG point: Dago, Coblong, Kota Bandung",28-09-2026,UKMO,Open-Meteo / UK Met Office,09:00,2026-09-28 09:00:00,24.4,75.0,0.0,5.0,0.0,1.3224,Cerah,wmo:0
dago,"Dago, Bandung",2026-09-28,32.73.02.1004,Dago,kelurahan,no,-6.889,107.61,Asia/Jakarta,"BMKG point: Dago, Coblong, Kota Bandung",28-09-2026,UKMO,Open-Meteo / UK Met Office,10:00,2026-09-28 10:00:00,26.0,65.0,0.0,5.0,0.0,1.3224,Cerah,wmo:0
dago,"Dago, Bandung",2026-09-28,32.73.02.1004,Dago,kelurahan,no,-6.889,107.61,Asia/Jakarta,"BMKG point: Dago, Coblong, Kota Bandung",28-09-2026,UKMO,Open-Meteo / UK Met Office,11:00,2026-09-28 11:00:00,27.3,57.0,0.0,1.4,0.0,1.3224,Cerah Berawan,wmo:1
dago,"Dago, Bandung",2026-09-28,32.73.02.1004,Dago,kelurahan,no,-6.889,107.61,Asia/Jakarta,"BMKG point: Dago, Coblong, Kota Bandung",28-09-2026,UKMO,Open-Meteo / UK Met Office,12:00,2026-09-28 12:00:00,27.8,56.0,0.1,4.0,0.0,1.3224,Hujan Ringan,wmo:51
dago,"Dago, Bandung",2026-09-28,32.73.02.1004,Dago,kelurahan,no,-6.889,107.61,Asia/Jakarta,"BMKG point: Dago, Coblong, Kota Bandung",28-09-2026,UKMO,Open-Meteo / UK Met Office,13:00,2026-09-28 13:00:00,28.6,52.0,0.2,7.9,0.0,1.3224,Hujan Ringan,wmo:51
dago,"Dago, Bandung",2026-09-28,32.73.02.1004,Dago,kelurahan,no,-6.889,107.61,Asia/Jakarta,"BMKG point: Dago, Coblong, Kota Bandung",28-09-2026,UKMO,Open-Meteo / UK Met Office,14:00,2026-09-28 14:00:00,28.9,47.0,0.2,10.4,0.0,1.3224,Hujan Ringan,wmo:51
dago,"Dago, Bandung",2026-09-28,32.73.02.1004,Dago,kelurahan,no,-6.889,107.61,Asia/Jakarta,"BMKG point: Dago, Coblong, Kota Bandung",28-09-2026,UKMO,Open-Meteo / UK Met Office,15:00,2026-09-28 15:00:00,29.4,45.0,0.1,10.1,0.0,1.3224,Hujan Ringan,wmo:51
dago,"Dago, Bandung",2026-09-28,32.73.02.1004,Dago,kelurahan,no,-6.889,107.61,Asia/Jakarta,"BMKG point: Dago, Coblong, Kota Bandung",28-09-2026,UKMO,Open-Meteo / UK Met Office,16:00,2026-09-28 16:00:00,28.2,52.0,0.2,10.4,0.0,1.3224,Hujan Ringan,wmo:51
dago,"Dago, Bandung",2026-09-28,32.73.02.1004,Dago,kelurahan,no,-6.889,107.61,Asia/Jakarta,"BMKG point: Dago, Coblong, Kota Bandung",28-09-2026,UKMO,Open-Meteo / UK Met Office,17:00,2026-09-28 17:00:00,26.5,63.0,0.1,10.8,0.0,1.3224,Hujan Ringan,wmo:51
dago,"Dago, Bandung",2026-09-28,32.73.02.1004,Dago,kelurahan,no,-6.889,107.61,Asia/Jakarta,"BMKG point: Dago, Coblong, Kota Bandung",28-09-2026,UKMO,Open-Meteo / UK Met Office,18:00,2026-09-28 18:00:00,25.2,70.0,0.0,7.6,0.0,1.3224,Cerah Berawan,wmo:2
dago,"Dago, Bandung",2026-09-28,32.73.02.1004,Dago,kelurahan,no,-6.889,107.61,Asia/Jakarta,"BMKG point: Dago, Coblong, Kota Bandung",28-09-2026,UKMO,Open-Meteo / UK Met Office,19:00,2026-09-28 19:00:00,24.4,76.0,0.0,8.3,0.0,1.3224,Berawan,wmo:3
dago,"Dago, Bandung",2026-09-28,32.73.02.1004,Dago,kelurahan,no,-6.889,107.61,Asia/Jakarta,"BMKG point: Dago, Coblong, Kota Bandung",28-09-2026,UKMO,Open-Meteo / UK Met Office,20:00,2026-09-28 20:00:00,23.7,83.0,0.1,9.4,0.0,1.3224,Hujan Ringan,wmo:51
dago,"Dago, Bandung",2026-09-28,32.73.02.1004,Dago,kelurahan,no,-6.889,107.61,Asia/Jakarta,"BMKG point: Dago, Coblong, Kota Bandung",28-09-2026,UKMO,Open-Meteo / UK Met Office,21:00,2026-09-28 21:00:00,23.1,86.0,0.1,9.0,0.0,1.3224,Hujan Ringan,wmo:51
dago,"Dago, Bandung",2026-09-28,32.73.02.1004,Dago,kelurahan,no,-6.889,107.61,Asia/Jakarta,"BMKG point: Dago, Coblong, Kota Bandung",28-09-2026,UKMO,Open-Meteo / UK Met Office,22:00,2026-09-28 22:00:00,22.9,85.0,0.0,6.5,0.0,1.3224,Cerah Berawan,wmo:1
dago,"Dago, Bandung",2026-09-28,32.73.02.1004,Dago,kelurahan,no,-6.889,107.61,Asia/Jakarta,"BMKG point: Dago, Coblong, Kota Bandung",28-09-2026,UKMO,Open-Meteo / UK Met Office,23:00,2026-09-28 23:00:00,22.8,87.0,0.0,2.2,0.0,1.3224,Cerah,wmo:0
dago,"Dago, Bandung",2026-09-29,32.73.02.1004,Dago,kelurahan,no,-6.889,107.61,Asia/Jakarta,"BMKG point: Dago, Coblong, Kota Bandung",29-09-2026,BMKG,BMKG,00:00,2026-09-29 01:00:00,19.0,99.0,0.0,0.7,60.0,1.2625,Cerah,Cerah
dago,"Dago, Bandung",2026-09-29,32.73.02.1004,Dago,kelurahan,no,-6.889,107.61,Asia/Jakarta,"BMKG point: Dago, Coblong, Kota Bandung",29-09-2026,BMKG,BMKG,01:00,2026-09-29 01:00:00,19.0,99.0,0.0,0.7,0.0,1.6833,Cerah,Cerah
dago,"Dago, Bandung",2026-09-29,32.73.02.1004,Dago,kelurahan,no,-6.889,107.61,Asia/Jakarta,"BMKG point: Dago, Coblong, Kota Bandung",29-09-2026,BMKG,BMKG,02:00,2026-09-29 01:00:00,19.0,99.0,0.0,0.7,60.0,1.2625,Cerah,Cerah
dago,"Dago, Bandung",2026-09-29,32.73.02.1004,Dago,kelurahan,no,-6.889,107.61,Asia/Jakarta,"BMKG point: Dago, Coblong, Kota Bandung",29-09-2026,BMKG,BMKG,03:00,2026-09-29 04:00:00,18.0,99.0,0.0,2.7,60.0,1.2625,Berawan,Berawan
dago,"Dago, Bandung",2026-09-29,32.73.02.1004,Dago,kelurahan,no,-6.889,107.61,Asia/Jakarta,"BMKG point: Dago, Coblong, Kota Bandung",29-09-2026,BMKG,BMKG,04:00,2026-09-29 04:00:00,18.0,99.0,0.0,2.7,0.0,1.6833,Berawan,Berawan
dago,"Dago, Bandung",2026-09-29,32.73.02.1004,Dago,kelurahan,no,-6.889,107.61,Asia/Jakarta,"BMKG point: Dago, Coblong, Kota Bandung",29-09-2026,BMKG,BMKG,05:00,2026-09-29 04:00:00,18.0,99.0,0.0,2.7,60.0,1.2625,Berawan,Berawan
dago,"Dago, Bandung",2026-09-29,32.73.02.1004,Dago,kelurahan,no,-6.889,107.61,Asia/Jakarta,"BMKG point: Dago, Coblong, Kota Bandung",29-09-2026,BMKG,BMKG,06:00,2026-09-29 07:00:00,22.0,82.0,0.0,2.3,60.0,1.2625,Cerah,Cerah
dago,"Dago, Bandung",2026-09-29,32.73.02.1004,Dago,kelurahan,no,-6.889,107.61,Asia/Jakarta,"BMKG point: Dago, Coblong, Kota Bandung",29-09-2026,BMKG,BMKG,07:00,2026-09-29 07:00:00,22.0,82.0,0.0,2.3,0.0,1.6833,Cerah,Cerah
dago,"Dago, Bandung",2026-09-29,32.73.02.1004,Dago,kelurahan,no,-6.889,107.61,Asia/Jakarta,"BMKG point: Dago, Coblong, Kota Bandung",29-09-2026,BMKG,BMKG,08:00,2026-09-29 07:00:00,22.0,82.0,0.0,2.3,60.0,1.2625,Cerah,Cerah
dago,"Dago, Bandung",2026-09-29,32.73.02.1004,Dago,kelurahan,no,-6.889,107.61,Asia/Jakarta,"BMKG point: Dago, Coblong, Kota Bandung",29-09-2026,BMKG,BMKG,09:00,2026-09-29 10:00:00,28.0,57.0,0.0,3.3,60.0,1.2625,Cerah,Cerah
dago,"Dago, Bandung",2026-09-29,32.73.02.1004,Dago,kelurahan,no,-6.889,107.61,Asia/Jakarta,"BMKG point: Dago, Coblong, Kota Bandung",29-09-2026,BMKG,BMKG,10:00,2026-09-29 10:00:00,28.0,57.0,0.0,3.3,0.0,1.6833,Cerah,Cerah
dago,"Dago, Bandung",2026-09-29,32.73.02.1004,Dago,kelurahan,no,-6.889,107.61,Asia/Jakarta,"BMKG point: Dago, Coblong, Kota Bandung",29-09-2026,BMKG,BMKG,11:00,2026-09-29 10:00:00,28.0,57.0,0.0,3.3,60.0,1.2625,Cerah,Cerah
dago,"Dago, Bandung",2026-09-29,32.73.02.1004,Dago,kelurahan,no,-6.889,107.61,Asia/Jakarta,"BMKG point: Dago, Coblong, Kota Bandung",29-09-2026,BMKG,BMKG,12:00,2026-09-29 13:00:00,25.0,71.0,1.5,3.3,60.0,1.2625,Hujan Ringan,Hujan Ringan
dago,"Dago, Bandung",2026-09-29,32.73.02.1004,Dago,kelurahan,no,-6.889,107.61,Asia/Jakarta,"BMKG point: Dago, Coblong, Kota Bandung",29-09-2026,BMKG,BMKG,13:00,2026-09-29 13:00:00,25.0,71.0,1.5,3.3,0.0,1.6833,Hujan Ringan,Hujan Ringan
dago,"Dago, Bandung",2026-09-29,32.73.02.1004,Dago,kelurahan,no,-6.889,107.61,Asia/Jakarta,"BMKG point: Dago, Coblong, Kota Bandung",29-09-2026,BMKG,BMKG,14:00,2026-09-29 13:00:00,25.0,71.0,1.5,3.3,60.0,1.2625,Hujan Ringan,Hujan Ringan
dago,"Dago, Bandung",2026-09-29,32.73.02.1004,Dago,kelurahan,no,-6.889,107.61,Asia/Jakarta,"BMKG point: Dago, Coblong, Kota Bandung",29-09-2026,BMKG,BMKG,15:00,2026-09-29 16:00:00,21.0,90.0,1.5,0.7,60.0,1.2625,Hujan Ringan,Hujan Ringan
dago,"Dago, Bandung",2026-09-29,32.73.02.1004,Dago,kelurahan,no,-6.889,107.61,Asia/Jakarta,"BMKG point: Dago, Coblong, Kota Bandung",29-09-2026,BMKG,BMKG,16:00,2026-09-29 16:00:00,21.0,90.0,1.5,0.7,0.0,1.6833,Hujan Ringan,Hujan Ringan
dago,"Dago, Bandung",2026-09-29,32.73.02.1004,Dago,kelurahan,no,-6.889,107.61,Asia/Jakarta,"BMKG point: Dago, Coblong, Kota Bandung",29-09-2026,BMKG,BMKG,17:00,2026-09-29 16:00:00,21.0,90.0,1.5,0.7,60.0,1.2625,Hujan Ringan,Hujan Ringan
dago,"Dago, Bandung",2026-09-29,32.73.02.1004,Dago,kelurahan,no,-6.889,107.61,Asia/Jakarta,"BMKG point: Dago, Coblong, Kota Bandung",29-09-2026,BMKG,BMKG,18:00,2026-09-29 19:00:00,20.0,94.0,0.0,0.7,60.0,1.2625,Cerah Berawan,Cerah Berawan
dago,"Dago, Bandung",2026-09-29,32.73.02.1004,Dago,kelurahan,no,-6.889,107.61,Asia/Jakarta,"BMKG point: Dago, Coblong, Kota Bandung",29-09-2026,BMKG,BMKG,19:00,2026-09-29 19:00:00,20.0,94.0,0.0,0.7,0.0,1.6833,Cerah Berawan,Cerah Berawan
dago,"Dago, Bandung",2026-09-29,32.73.02.1004,Dago,kelurahan,no,-6.889,107.61,Asia/Jakarta,"BMKG point: Dago, Coblong, Kota Bandung",29-09-2026,BMKG,BMKG,20:00,2026-09-29 19:00:00,20.0,94.0,0.0,0.7,60.0,1.2625,Cerah Berawan,Cerah Berawan
dago,"Dago, Bandung",2026-09-29,32.73.02.1004,Dago,kelurahan,no,-6.889,107.61,Asia/Jakarta,"BMKG point: Dago, Coblong, Kota Bandung",29-09-2026,BMKG,BMKG,21:00,2026-09-29 22:00:00,20.0,95.0,0.0,0.4,60.0,1.2625,Berawan,Berawan
dago,"Dago, Bandung",2026-09-29,32.73.02.1004,Dago,kelurahan,no,-6.889,107.61,Asia/Jakarta,"BMKG point: Dago, Coblong, Kota Bandung",29-09-2026,BMKG,BMKG,22:00,2026-09-29 22:00:00,20.0,95.0,0.0,0.4,0.0,1.6833,Berawan,Berawan
dago,"Dago, Bandung",2026-09-29,32.73.02.1004,Dago,kelurahan,no,-6.889,107.61,Asia/Jakarta,"BMKG point: Dago, Coblong, Kota Bandung",29-09-2026,BMKG,BMKG,23:00,2026-09-29 22:00:00,20.0,95.0,0.0,0.4,60.0,1.2625,Berawan,Berawan
dago,"Dago, Bandung",2026-09-29,32.73.02.1004,Dago,kelurahan,no,-6.889,107.61,Asia/Jakarta,"BMKG point: Dago, Coblong, Kota Bandung",29-09-2026,CMA,Open-Meteo / CMA GRAPES,00:00,2026-09-29 00:00:00,22.5,91.0,0.3,1.1,0.0,1.1278,Hujan Ringan,wmo:51
dago,"Dago, Bandung",2026-09-29,32.73.02.1004,Dago,kelurahan,no,-6.889,107.61,Asia/Jakarta,"BMKG point: Dago, Coblong, Kota Bandung",29-09-2026,CMA,Open-Meteo / CMA GRAPES,01:00,2026-09-29 01:00:00,22.2,94.0,0.3,1.9,0.0,1.1278,Hujan Ringan,wmo:51
dago,"Dago, Bandung",2026-09-29,32.73.02.1004,Dago,kelurahan,no,-6.889,107.61,Asia/Jakarta,"BMKG point: Dago, Coblong, Kota Bandung",29-09-2026,CMA,Open-Meteo / CMA GRAPES,02:00,2026-09-29 02:00:00,21.8,96.0,0.0,1.5,0.0,1.1278,Cerah Berawan,wmo:1
dago,"Dago, Bandung",2026-09-29,32.73.02.1004,Dago,kelurahan,no,-6.889,107.61,Asia/Jakarta,"BMKG point: Dago, Coblong, Kota Bandung",29-09-2026,CMA,Open-Meteo / CMA GRAPES,03:00,2026-09-29 03:00:00,21.4,97.0,0.0,1.5,0.0,1.1278,Cerah,wmo:0
dago,"Dago, Bandung",2026-09-29,32.73.02.1004,Dago,kelurahan,no,-6.889,107.61,Asia/Jakarta,"BMKG point: Dago, Coblong, Kota Bandung",29-09-2026,CMA,Open-Meteo / CMA GRAPES,04:00,2026-09-29 04:00:00,21.3,97.0,0.0,2.2,0.0,1.1278,Berawan,wmo:45
dago,"Dago, Bandung",2026-09-29,32.73.02.1004,Dago,kelurahan,no,-6.889,107.61,Asia/Jakarta,"BMKG point: Dago, Coblong, Kota Bandung",29-09-2026,CMA,Open-Meteo / CMA GRAPES,05:00,2026-09-29 05:00:00,21.4,96.0,0.0,3.7,0.0,1.1278,Cerah,wmo:0
dago,"Dago, Bandung",2026-09-29,32.73.02.1004,Dago,kelurahan,no,-6.889,107.61,Asia/Jakarta,"BMKG point: Dago, Coblong, Kota Bandung",29-09-2026,CMA,Open-Meteo / CMA GRAPES,06:00,2026-09-29 06:00:00,21.8,93.0,0.0,5.2,0.0,1.1278,Cerah,wmo:0
dago,"Dago, Bandung",2026-09-29,32.73.02.1004,Dago,kelurahan,no,-6.889,107.61,Asia/Jakarta,"BMKG point: Dago, Coblong, Kota Bandung",29-09-2026,CMA,Open-Meteo / CMA GRAPES,07:00,2026-09-29 07:00:00,22.5,89.0,0.0,6.3,0.0,1.1278,Cerah,wmo:0
dago,"Dago, Bandung",2026-09-29,32.73.02.1004,Dago,kelurahan,no,-6.889,107.61,Asia/Jakarta,"BMKG point: Dago, Coblong, Kota Bandung",29-09-2026,CMA,Open-Meteo / CMA GRAPES,08:00,2026-09-29 08:00:00,23.6,82.0,0.0,6.9,0.0,1.1278,Cerah,wmo:0
dago,"Dago, Bandung",2026-09-29,32.73.02.1004,Dago,kelurahan,no,-6.889,107.61,Asia/Jakarta,"BMKG point: Dago, Coblong, Kota Bandung",29-09-2026,CMA,Open-Meteo / CMA GRAPES,09:00,2026-09-29 09:00:00,25.0,73.0,0.0,8.7,0.0,1.1278,Cerah,wmo:0
dago,"Dago, Bandung",2026-09-29,32.73.02.1004,Dago,kelurahan,no,-6.889,107.61,Asia/Jakarta,"BMKG point: Dago, Coblong, Kota Bandung",29-09-2026,CMA,Open-Meteo / CMA GRAPES,10:00,2026-09-29 10:00:00,26.1,66.0,0.0,10.4,0.0,1.1278,Cerah,wmo:0
dago,"Dago, Bandung",2026-09-29,32.73.02.1004,Dago,kelurahan,no,-6.889,107.61,Asia/Jakarta,"BMKG point: Dago, Coblong, Kota Bandung",29-09-2026,CMA,Open-Meteo / CMA GRAPES,11:00,2026-09-29 11:00:00,27.0,62.0,0.0,11.5,0.0,1.1278,Cerah,wmo:0
dago,"Dago, Bandung",2026-09-29,32.73.02.1004,Dago,kelurahan,no,-6.889,107.61,Asia/Jakarta,"BMKG point: Dago, Coblong, Kota Bandung",29-09-2026,CMA,Open-Meteo / CMA GRAPES,12:00,2026-09-29 12:00:00,27.7,59.0,0.0,12.8,0.0,1.1278,Cerah,wmo:0
dago,"Dago, Bandung",2026-09-29,32.73.02.1004,Dago,kelurahan,no,-6.889,107.61,Asia/Jakarta,"BMKG point: Dago, Coblong, Kota Bandung",29-09-2026,CMA,Open-Meteo / CMA GRAPES,13:00,2026-09-29 13:00:00,28.0,59.0,0.0,13.7,0.0,1.1278,Cerah,wmo:0
dago,"Dago, Bandung",2026-09-29,32.73.02.1004,Dago,kelurahan,no,-6.889,107.61,Asia/Jakarta,"BMKG point: Dago, Coblong, Kota Bandung",29-09-2026,CMA,Open-Meteo / CMA GRAPES,14:00,2026-09-29 14:00:00,27.9,61.0,0.0,15.5,0.0,1.1278,Cerah,wmo:0
dago,"Dago, Bandung",2026-09-29,32.73.02.1004,Dago,kelurahan,no,-6.889,107.61,Asia/Jakarta,"BMKG point: Dago, Coblong, Kota Bandung",29-09-2026,CMA,Open-Meteo / CMA GRAPES,15:00,2026-09-29 15:00:00,27.4,65.0,0.0,17.1,0.0,1.1278,Cerah,wmo:0
dago,"Dago, Bandung",2026-09-29,32.73.02.1004,Dago,kelurahan,no,-6.889,107.61,Asia/Jakarta,"BMKG point: Dago, Coblong, Kota Bandung",29-09-2026,CMA,Open-Meteo / CMA GRAPES,16:00,2026-09-29 16:00:00,26.7,70.0,0.0,17.3,0.0,1.1278,Cerah,wmo:0
dago,"Dago, Bandung",2026-09-29,32.73.02.1004,Dago,kelurahan,no,-6.889,107.61,Asia/Jakarta,"BMKG point: Dago, Coblong, Kota Bandung",29-09-2026,CMA,Open-Meteo / CMA GRAPES,17:00,2026-09-29 17:00:00,25.7,78.0,0.0,15.3,0.0,1.1278,Cerah Berawan,wmo:1
dago,"Dago, Bandung",2026-09-29,32.73.02.1004,Dago,kelurahan,no,-6.889,107.61,Asia/Jakarta,"BMKG point: Dago, Coblong, Kota Bandung",29-09-2026,CMA,Open-Meteo / CMA GRAPES,18:00,2026-09-29 18:00:00,24.4,87.0,0.0,11.9,0.0,1.1278,Cerah Berawan,wmo:1
dago,"Dago, Bandung",2026-09-29,32.73.02.1004,Dago,kelurahan,no,-6.889,107.61,Asia/Jakarta,"BMKG point: Dago, Coblong, Kota Bandung",29-09-2026,CMA,Open-Meteo / CMA GRAPES,19:00,2026-09-29 19:00:00,23.5,93.0,0.0,8.9,0.0,1.1278,Berawan,wmo:45
dago,"Dago, Bandung",2026-09-29,32.73.02.1004,Dago,kelurahan,no,-6.889,107.61,Asia/Jakarta,"BMKG point: Dago, Coblong, Kota Bandung",29-09-2026,CMA,Open-Meteo / CMA GRAPES,20:00,2026-09-29 20:00:00,23.1,94.0,0.0,6.7,0.0,1.1278,Cerah Berawan,wmo:1
dago,"Dago, Bandung",2026-09-29,32.73.02.1004,Dago,kelurahan,no,-6.889,107.61,Asia/Jakarta,"BMKG point: Dago, Coblong, Kota Bandung",29-09-2026,CMA,Open-Meteo / CMA GRAPES,21:00,2026-09-29 21:00:00,23.0,92.0,0.0,5.2,0.0,1.1278,Cerah Berawan,wmo:1
dago,"Dago, Bandung",2026-09-29,32.73.02.1004,Dago,kelurahan,no,-6.889,107.61,Asia/Jakarta,"BMKG point: Dago, Coblong, Kota Bandung",29-09-2026,CMA,Open-Meteo / CMA GRAPES,22:00,2026-09-29 22:00:00,23.0,91.0,0.0,4.7,0.0,1.1278,Cerah Berawan,wmo:1
dago,"Dago, Bandung",2026-09-29,32.73.02.1004,Dago,kelurahan,no,-6.889,107.61,Asia/Jakarta,"BMKG point: Dago, Coblong, Kota Bandung",29-09-2026,CMA,Open-Meteo / CMA GRAPES,23:00,2026-09-29 23:00:00,23.0,91.0,0.0,4.7,0.0,1.1278,Cerah Berawan,wmo:1
dago,"Dago, Bandung",2026-09-29,32.73.02.1004,Dago,kelurahan,no,-6.889,107.61,Asia/Jakarta,"BMKG point: Dago, Coblong, Kota Bandung",29-09-2026,ECMWF,Open-Meteo / ECMWF,00:00,2026-09-29 00:00:00,21.0,80.0,0.0,1.6,0.0,1.6836,Cerah,wmo:0
dago,"Dago, Bandung",2026-09-29,32.73.02.1004,Dago,kelurahan,no,-6.889,107.61,Asia/Jakarta,"BMKG point: Dago, Coblong, Kota Bandung",29-09-2026,ECMWF,Open-Meteo / ECMWF,01:00,2026-09-29 01:00:00,20.5,81.0,0.0,1.3,0.0,1.6836,Cerah,wmo:0
dago,"Dago, Bandung",2026-09-29,32.73.02.1004,Dago,kelurahan,no,-6.889,107.61,Asia/Jakarta,"BMKG point: Dago, Coblong, Kota Bandung",29-09-2026,ECMWF,Open-Meteo / ECMWF,02:00,2026-09-29 02:00:00,19.8,83.0,0.0,1.3,0.0,1.6836,Cerah Berawan,wmo:1
dago,"Dago, Bandung",2026-09-29,32.73.02.1004,Dago,kelurahan,no,-6.889,107.61,Asia/Jakarta,"BMKG point: Dago, Coblong, Kota Bandung",29-09-2026,ECMWF,Open-Meteo / ECMWF,03:00,2026-09-29 03:00:00,19.1,85.0,0.0,1.5,0.0,1.6836,Cerah Berawan,wmo:2
dago,"Dago, Bandung",2026-09-29,32.73.02.1004,Dago,kelurahan,no,-6.889,107.61,Asia/Jakarta,"BMKG point: Dago, Coblong, Kota Bandung",29-09-2026,ECMWF,Open-Meteo / ECMWF,04:00,2026-09-29 04:00:00,18.8,86.0,0.0,1.8,0.0,1.6836,Cerah Berawan,wmo:2
dago,"Dago, Bandung",2026-09-29,32.73.02.1004,Dago,kelurahan,no,-6.889,107.61,Asia/Jakarta,"BMKG point: Dago, Coblong, Kota Bandung",29-09-2026,ECMWF,Open-Meteo / ECMWF,05:00,2026-09-29 05:00:00,19.1,85.0,0.0,2.3,0.0,1.6836,Cerah Berawan,wmo:2
dago,"Dago, Bandung",2026-09-29,32.73.02.1004,Dago,kelurahan,no,-6.889,107.61,Asia/Jakarta,"BMKG point: Dago, Coblong, Kota Bandung",29-09-2026,ECMWF,Open-Meteo / ECMWF,06:00,2026-09-29 06:00:00,19.9,81.0,0.0,3.2,0.0,1.6836,Cerah Berawan,wmo:1
dago,"Dago, Bandung",2026-09-29,32.73.02.1004,Dago,kelurahan,no,-6.889,107.61,Asia/Jakarta,"BMKG point: Dago, Coblong, Kota Bandung",29-09-2026,ECMWF,Open-Meteo / ECMWF,07:00,2026-09-29 07:00:00,21.2,77.0,0.0,3.6,0.0,1.6836,Cerah Berawan,wmo:1
dago,"Dago, Bandung",2026-09-29,32.73.02.1004,Dago,kelurahan,no,-6.889,107.61,Asia/Jakarta,"BMKG point: Dago, Coblong, Kota Bandung",29-09-2026,ECMWF,Open-Meteo / ECMWF,08:00,2026-09-29 08:00:00,23.1,70.0,0.0,4.1,0.0,1.6836,Cerah,wmo:0
dago,"Dago, Bandung",2026-09-29,32.73.02.1004,Dago,kelurahan,no,-6.889,107.61,Asia/Jakarta,"BMKG point: Dago, Coblong, Kota Bandung",29-09-2026,ECMWF,Open-Meteo / ECMWF,09:00,2026-09-29 09:00:00,25.5,61.0,0.0,4.8,0.0,1.6836,Cerah,wmo:0
dago,"Dago, Bandung",2026-09-29,32.73.02.1004,Dago,kelurahan,no,-6.889,107.61,Asia/Jakarta,"BMKG point: Dago, Coblong, Kota Bandung",29-09-2026,ECMWF,Open-Meteo / ECMWF,10:00,2026-09-29 10:00:00,27.4,55.0,0.0,4.1,0.0,1.6836,Cerah,wmo:0
dago,"Dago, Bandung",2026-09-29,32.73.02.1004,Dago,kelurahan,no,-6.889,107.61,Asia/Jakarta,"BMKG point: Dago, Coblong, Kota Bandung",29-09-2026,ECMWF,Open-Meteo / ECMWF,11:00,2026-09-29 11:00:00,28.6,52.0,0.1,1.3,0.0,1.6836,Hujan Ringan,wmo:51
dago,"Dago, Bandung",2026-09-29,32.73.02.1004,Dago,kelurahan,no,-6.889,107.61,Asia/Jakarta,"BMKG point: Dago, Coblong, Kota Bandung",29-09-2026,ECMWF,Open-Meteo / ECMWF,12:00,2026-09-29 12:00:00,29.3,50.0,0.1,5.1,0.0,1.6836,Hujan Ringan,wmo:51
dago,"Dago, Bandung",2026-09-29,32.73.02.1004,Dago,kelurahan,no,-6.889,107.61,Asia/Jakarta,"BMKG point: Dago, Coblong, Kota Bandung",29-09-2026,ECMWF,Open-Meteo / ECMWF,13:00,2026-09-29 13:00:00,29.2,53.0,0.1,7.5,0.0,1.6836,Hujan Ringan,wmo:51
dago,"Dago, Bandung",2026-09-29,32.73.02.1004,Dago,kelurahan,no,-6.889,107.61,Asia/Jakarta,"BMKG point: Dago, Coblong, Kota Bandung",29-09-2026,ECMWF,Open-Meteo / ECMWF,14:00,2026-09-29 14:00:00,27.8,63.0,1.7,4.3,0.0,1.6836,Hujan Ringan,wmo:80
dago,"Dago, Bandung",2026-09-29,32.73.02.1004,Dago,kelurahan,no,-6.889,107.61,Asia/Jakarta,"BMKG point: Dago, Coblong, Kota Bandung",29-09-2026,ECMWF,Open-Meteo / ECMWF,15:00,2026-09-29 15:00:00,25.6,76.0,1.7,2.5,0.0,1.6836,Hujan Ringan,wmo:80
dago,"Dago, Bandung",2026-09-29,32.73.02.1004,Dago,kelurahan,no,-6.889,107.61,Asia/Jakarta,"BMKG point: Dago, Coblong, Kota Bandung",29-09-2026,ECMWF,Open-Meteo / ECMWF,16:00,2026-09-29 16:00:00,23.8,86.0,1.7,6.1,0.0,1.6836,Hujan Ringan,wmo:80
dago,"Dago, Bandung",2026-09-29,32.73.02.1004,Dago,kelurahan,no,-6.889,107.61,Asia/Jakarta,"BMKG point: Dago, Coblong, Kota Bandung",29-09-2026,ECMWF,Open-Meteo / ECMWF,17:00,2026-09-29 17:00:00,22.9,89.0,0.1,5.2,0.0,1.6836,Hujan Ringan,wmo:51
dago,"Dago, Bandung",2026-09-29,32.73.02.1004,Dago,kelurahan,no,-6.889,107.61,Asia/Jakarta,"BMKG point: Dago, Coblong, Kota Bandung",29-09-2026,ECMWF,Open-Meteo / ECMWF,18:00,2026-09-29 18:00:00,22.5,88.0,0.1,3.9,0.0,1.6836,Hujan Ringan,wmo:51
dago,"Dago, Bandung",2026-09-29,32.73.02.1004,Dago,kelurahan,no,-6.889,107.61,Asia/Jakarta,"BMKG point: Dago, Coblong, Kota Bandung",29-09-2026,ECMWF,Open-Meteo / ECMWF,19:00,2026-09-29 19:00:00,22.1,87.0,0.1,4.5,0.0,1.6836,Hujan Ringan,wmo:51
dago,"Dago, Bandung",2026-09-29,32.73.02.1004,Dago,kelurahan,no,-6.889,107.61,Asia/Jakarta,"BMKG point: Dago, Coblong, Kota Bandung",29-09-2026,ECMWF,Open-Meteo / ECMWF,20:00,2026-09-29 20:00:00,21.7,88.0,0.0,5.2,0.0,1.6836,Cerah Berawan,wmo:1
dago,"Dago, Bandung",2026-09-29,32.73.02.1004,Dago,kelurahan,no,-6.889,107.61,Asia/Jakarta,"BMKG point: Dago, Coblong, Kota Bandung",29-09-2026,ECMWF,Open-Meteo / ECMWF,21:00,2026-09-29 21:00:00,21.3,88.0,0.0,4.8,0.0,1.6836,Cerah Berawan,wmo:1
dago,"Dago, Bandung",2026-09-29,32.73.02.1004,Dago,kelurahan,no,-6.889,107.61,Asia/Jakarta,"BMKG point: Dago, Coblong, Kota Bandung",29-09-2026,ECMWF,Open-Meteo / ECMWF,22:00,2026-09-29 22:00:00,20.9,89.0,0.0,4.7,0.0,1.6836,Cerah Berawan,wmo:1
dago,"Dago, Bandung",2026-09-29,32.73.02.1004,Dago,kelurahan,no,-6.889,107.61,Asia/Jakarta,"BMKG point: Dago, Coblong, Kota Bandung",29-09-2026,ECMWF,Open-Meteo / ECMWF,23:00,2026-09-29 23:00:00,20.5,90.0,0.0,4.3,0.0,1.6836,Cerah Berawan,wmo:1
dago,"Dago, Bandung",2026-09-29,32.73.02.1004,Dago,kelurahan,no,-6.889,107.61,Asia/Jakarta,"BMKG point: Dago, Coblong, Kota Bandung",29-09-2026,GFS,Open-Meteo / NOAA GFS,00:00,2026-09-29 00:00:00,21.5,86.0,0.1,4.1,0.0,1.3795,Hujan Ringan,wmo:51
dago,"Dago, Bandung",2026-09-29,32.73.02.1004,Dago,kelurahan,no,-6.889,107.61,Asia/Jakarta,"BMKG point: Dago, Coblong, Kota Bandung",29-09-2026,GFS,Open-Meteo / NOAA GFS,01:00,2026-09-29 01:00:00,20.5,91.0,2.0,4.0,0.0,1.3795,Hujan Ringan,wmo:80
dago,"Dago, Bandung",2026-09-29,32.73.02.1004,Dago,kelurahan,no,-6.889,107.61,Asia/Jakarta,"BMKG point: Dago, Coblong, Kota Bandung",29-09-2026,GFS,Open-Meteo / NOAA GFS,02:00,2026-09-29 02:00:00,19.9,92.0,0.7,3.1,0.0,1.3795,Hujan Ringan,wmo:53
dago,"Dago, Bandung",2026-09-29,32.73.02.1004,Dago,kelurahan,no,-6.889,107.61,Asia/Jakarta,"BMKG point: Dago, Coblong, Kota Bandung",29-09-2026,GFS,Open-Meteo / NOAA GFS,03:00,2026-09-29 03:00:00,19.9,92.0,0.0,2.4,0.0,1.3795,Berawan,wmo:3
dago,"Dago, Bandung",2026-09-29,32.73.02.1004,Dago,kelurahan,no,-6.889,107.61,Asia/Jakarta,"BMKG point: Dago, Coblong, Kota Bandung",29-09-2026,GFS,Open-Meteo / NOAA GFS,04:00,2026-09-29 04:00:00,19.8,92.0,0.0,2.8,0.0,1.3795,Berawan,wmo:3
dago,"Dago, Bandung",2026-09-29,32.73.02.1004,Dago,kelurahan,no,-6.889,107.61,Asia/Jakarta,"BMKG point: Dago, Coblong, Kota Bandung",29-09-2026,GFS,Open-Meteo / NOAA GFS,05:00,2026-09-29 05:00:00,19.7,92.0,0.0,3.8,0.0,1.3795,Berawan,wmo:3
dago,"Dago, Bandung",2026-09-29,32.73.02.1004,Dago,kelurahan,no,-6.889,107.61,Asia/Jakarta,"BMKG point: Dago, Coblong, Kota Bandung",29-09-2026,GFS,Open-Meteo / NOAA GFS,06:00,2026-09-29 06:00:00,20.1,90.0,0.0,3.1,0.0,1.3795,Berawan,wmo:3
dago,"Dago, Bandung",2026-09-29,32.73.02.1004,Dago,kelurahan,no,-6.889,107.61,Asia/Jakarta,"BMKG point: Dago, Coblong, Kota Bandung",29-09-2026,GFS,Open-Meteo / NOAA GFS,07:00,2026-09-29 07:00:00,21.6,83.0,0.0,3.1,0.0,1.3795,Berawan,wmo:3
dago,"Dago, Bandung",2026-09-29,32.73.02.1004,Dago,kelurahan,no,-6.889,107.61,Asia/Jakarta,"BMKG point: Dago, Coblong, Kota Bandung",29-09-2026,GFS,Open-Meteo / NOAA GFS,08:00,2026-09-29 08:00:00,23.8,74.0,0.0,2.5,0.0,1.3795,Berawan,wmo:3
dago,"Dago, Bandung",2026-09-29,32.73.02.1004,Dago,kelurahan,no,-6.889,107.61,Asia/Jakarta,"BMKG point: Dago, Coblong, Kota Bandung",29-09-2026,GFS,Open-Meteo / NOAA GFS,09:00,2026-09-29 09:00:00,25.9,66.0,0.0,3.4,0.0,1.3795,Berawan,wmo:3
dago,"Dago, Bandung",2026-09-29,32.73.02.1004,Dago,kelurahan,no,-6.889,107.61,Asia/Jakarta,"BMKG point: Dago, Coblong, Kota Bandung",29-09-2026,GFS,Open-Meteo / NOAA GFS,10:00,2026-09-29 10:00:00,28.0,57.0,0.0,3.7,0.0,1.3795,Berawan,wmo:3
dago,"Dago, Bandung",2026-09-29,32.73.02.1004,Dago,kelurahan,no,-6.889,107.61,Asia/Jakarta,"BMKG point: Dago, Coblong, Kota Bandung",29-09-2026,GFS,Open-Meteo / NOAA GFS,11:00,2026-09-29 11:00:00,29.0,52.0,0.1,8.2,0.0,1.3795,Hujan Ringan,wmo:51
dago,"Dago, Bandung",2026-09-29,32.73.02.1004,Dago,kelurahan,no,-6.889,107.61,Asia/Jakarta,"BMKG point: Dago, Coblong, Kota Bandung",29-09-2026,GFS,Open-Meteo / NOAA GFS,12:00,2026-09-29 12:00:00,28.9,53.0,0.7,12.4,0.0,1.3795,Hujan Ringan,wmo:53
dago,"Dago, Bandung",2026-09-29,32.73.02.1004,Dago,kelurahan,no,-6.889,107.61,Asia/Jakarta,"BMKG point: Dago, Coblong, Kota Bandung",29-09-2026,GFS,Open-Meteo / NOAA GFS,13:00,2026-09-29 13:00:00,27.7,58.0,0.7,12.7,0.0,1.3795,Hujan Ringan,wmo:53
dago,"Dago, Bandung",2026-09-29,32.73.02.1004,Dago,kelurahan,no,-6.889,107.61,Asia/Jakarta,"BMKG point: Dago, Coblong, Kota Bandung",29-09-2026,GFS,Open-Meteo / NOAA GFS,14:00,2026-09-29 14:00:00,26.6,61.0,0.4,5.5,0.0,1.3795,Hujan Ringan,wmo:51
dago,"Dago, Bandung",2026-09-29,32.73.02.1004,Dago,kelurahan,no,-6.889,107.61,Asia/Jakarta,"BMKG point: Dago, Coblong, Kota Bandung",29-09-2026,GFS,Open-Meteo / NOAA GFS,15:00,2026-09-29 15:00:00,26.3,64.0,0.9,3.3,0.0,1.3795,Hujan Ringan,wmo:53
dago,"Dago, Bandung",2026-09-29,32.73.02.1004,Dago,kelurahan,no,-6.889,107.61,Asia/Jakarta,"BMKG point: Dago, Coblong, Kota Bandung",29-09-2026,GFS,Open-Meteo / NOAA GFS,16:00,2026-09-29 16:00:00,25.1,71.0,0.3,9.8,0.0,1.3795,Hujan Ringan,wmo:51
dago,"Dago, Bandung",2026-09-29,32.73.02.1004,Dago,kelurahan,no,-6.889,107.61,Asia/Jakarta,"BMKG point: Dago, Coblong, Kota Bandung",29-09-2026,GFS,Open-Meteo / NOAA GFS,17:00,2026-09-29 17:00:00,24.2,76.0,0.4,9.4,0.0,1.3795,Hujan Ringan,wmo:51
dago,"Dago, Bandung",2026-09-29,32.73.02.1004,Dago,kelurahan,no,-6.889,107.61,Asia/Jakarta,"BMKG point: Dago, Coblong, Kota Bandung",29-09-2026,GFS,Open-Meteo / NOAA GFS,18:00,2026-09-29 18:00:00,22.2,86.0,0.9,6.2,0.0,1.3795,Hujan Ringan,wmo:53
dago,"Dago, Bandung",2026-09-29,32.73.02.1004,Dago,kelurahan,no,-6.889,107.61,Asia/Jakarta,"BMKG point: Dago, Coblong, Kota Bandung",29-09-2026,GFS,Open-Meteo / NOAA GFS,19:00,2026-09-29 19:00:00,21.9,88.0,0.4,4.2,0.0,1.3795,Hujan Ringan,wmo:51
dago,"Dago, Bandung",2026-09-29,32.73.02.1004,Dago,kelurahan,no,-6.889,107.61,Asia/Jakarta,"BMKG point: Dago, Coblong, Kota Bandung",29-09-2026,GFS,Open-Meteo / NOAA GFS,20:00,2026-09-29 20:00:00,21.7,89.0,0.4,3.2,0.0,1.3795,Hujan Ringan,wmo:51
dago,"Dago, Bandung",2026-09-29,32.73.02.1004,Dago,kelurahan,no,-6.889,107.61,Asia/Jakarta,"BMKG point: Dago, Coblong, Kota Bandung",29-09-2026,GFS,Open-Meteo / NOAA GFS,21:00,2026-09-29 21:00:00,21.7,89.0,0.1,2.6,0.0,1.3795,Hujan Ringan,wmo:51
dago,"Dago, Bandung",2026-09-29,32.73.02.1004,Dago,kelurahan,no,-6.889,107.61,Asia/Jakarta,"BMKG point: Dago, Coblong, Kota Bandung",29-09-2026,GFS,Open-Meteo / NOAA GFS,22:00,2026-09-29 22:00:00,21.7,89.0,0.1,2.6,0.0,1.3795,Hujan Ringan,wmo:51
dago,"Dago, Bandung",2026-09-29,32.73.02.1004,Dago,kelurahan,no,-6.889,107.61,Asia/Jakarta,"BMKG point: Dago, Coblong, Kota Bandung",29-09-2026,GFS,Open-Meteo / NOAA GFS,23:00,2026-09-29 23:00:00,21.1,92.0,0.0,2.6,0.0,1.3795,Berawan,wmo:3
dago,"Dago, Bandung",2026-09-29,32.73.02.1004,Dago,kelurahan,no,-6.889,107.61,Asia/Jakarta,"BMKG point: Dago, Coblong, Kota Bandung",29-09-2026,ICON,Open-Meteo / DWD ICON,00:00,2026-09-29 00:00:00,23.2,86.0,0.0,0.5,0.0,1.4493,Berawan,wmo:3
dago,"Dago, Bandung",2026-09-29,32.73.02.1004,Dago,kelurahan,no,-6.889,107.61,Asia/Jakarta,"BMKG point: Dago, Coblong, Kota Bandung",29-09-2026,ICON,Open-Meteo / DWD ICON,01:00,2026-09-29 01:00:00,22.8,88.0,0.0,1.3,0.0,1.4493,Cerah Berawan,wmo:2
dago,"Dago, Bandung",2026-09-29,32.73.02.1004,Dago,kelurahan,no,-6.889,107.61,Asia/Jakarta,"BMKG point: Dago, Coblong, Kota Bandung",29-09-2026,ICON,Open-Meteo / DWD ICON,02:00,2026-09-29 02:00:00,22.3,91.0,0.0,1.1,0.0,1.4493,Cerah Berawan,wmo:2
dago,"Dago, Bandung",2026-09-29,32.73.02.1004,Dago,kelurahan,no,-6.889,107.61,Asia/Jakarta,"BMKG point: Dago, Coblong, Kota Bandung",29-09-2026,ICON,Open-Meteo / DWD ICON,03:00,2026-09-29 03:00:00,21.8,94.0,0.0,2.0,0.0,1.4493,Cerah Berawan,wmo:2
dago,"Dago, Bandung",2026-09-29,32.73.02.1004,Dago,kelurahan,no,-6.889,107.61,Asia/Jakarta,"BMKG point: Dago, Coblong, Kota Bandung",29-09-2026,ICON,Open-Meteo / DWD ICON,04:00,2026-09-29 04:00:00,21.4,97.0,0.0,2.1,0.0,1.4493,Berawan,wmo:45
dago,"Dago, Bandung",2026-09-29,32.73.02.1004,Dago,kelurahan,no,-6.889,107.61,Asia/Jakarta,"BMKG point: Dago, Coblong, Kota Bandung",29-09-2026,ICON,Open-Meteo / DWD ICON,05:00,2026-09-29 05:00:00,21.0,98.0,0.0,2.3,0.0,1.4493,Berawan,wmo:45
dago,"Dago, Bandung",2026-09-29,32.73.02.1004,Dago,kelurahan,no,-6.889,107.61,Asia/Jakarta,"BMKG point: Dago, Coblong, Kota Bandung",29-09-2026,ICON,Open-Meteo / DWD ICON,06:00,2026-09-29 06:00:00,20.7,98.0,0.0,2.3,0.0,1.4493,Berawan,wmo:45
dago,"Dago, Bandung",2026-09-29,32.73.02.1004,Dago,kelurahan,no,-6.889,107.61,Asia/Jakarta,"BMKG point: Dago, Coblong, Kota Bandung",29-09-2026,ICON,Open-Meteo / DWD ICON,07:00,2026-09-29 07:00:00,21.8,92.0,0.0,2.4,0.0,1.4493,Berawan,wmo:3
dago,"Dago, Bandung",2026-09-29,32.73.02.1004,Dago,kelurahan,no,-6.889,107.61,Asia/Jakarta,"BMKG point: Dago, Coblong, Kota Bandung",29-09-2026,ICON,Open-Meteo / DWD ICON,08:00,2026-09-29 08:00:00,24.0,79.0,0.0,3.9,0.0,1.4493,Berawan,wmo:3
dago,"Dago, Bandung",2026-09-29,32.73.02.1004,Dago,kelurahan,no,-6.889,107.61,Asia/Jakarta,"BMKG point: Dago, Coblong, Kota Bandung",29-09-2026,ICON,Open-Meteo / DWD ICON,09:00,2026-09-29 09:00:00,26.1,69.0,0.0,4.2,0.0,1.4493,Berawan,wmo:3
dago,"Dago, Bandung",2026-09-29,32.73.02.1004,Dago,kelurahan,no,-6.889,107.61,Asia/Jakarta,"BMKG point: Dago, Coblong, Kota Bandung",29-09-2026,ICON,Open-Meteo / DWD ICON,10:00,2026-09-29 10:00:00,27.9,60.0,0.0,3.9,0.0,1.4493,Berawan,wmo:3
dago,"Dago, Bandung",2026-09-29,32.73.02.1004,Dago,kelurahan,no,-6.889,107.61,Asia/Jakarta,"BMKG point: Dago, Coblong, Kota Bandung",29-09-2026,ICON,Open-Meteo / DWD ICON,11:00,2026-09-29 11:00:00,29.5,51.0,0.0,4.0,0.0,1.4493,Cerah Berawan,wmo:2
dago,"Dago, Bandung",2026-09-29,32.73.02.1004,Dago,kelurahan,no,-6.889,107.61,Asia/Jakarta,"BMKG point: Dago, Coblong, Kota Bandung",29-09-2026,ICON,Open-Meteo / DWD ICON,12:00,2026-09-29 12:00:00,30.5,47.0,0.0,5.4,0.0,1.4493,Cerah Berawan,wmo:2
dago,"Dago, Bandung",2026-09-29,32.73.02.1004,Dago,kelurahan,no,-6.889,107.61,Asia/Jakarta,"BMKG point: Dago, Coblong, Kota Bandung",29-09-2026,ICON,Open-Meteo / DWD ICON,13:00,2026-09-29 13:00:00,30.9,45.0,0.0,6.6,0.0,1.4493,Cerah Berawan,wmo:2
dago,"Dago, Bandung",2026-09-29,32.73.02.1004,Dago,kelurahan,no,-6.889,107.61,Asia/Jakarta,"BMKG point: Dago, Coblong, Kota Bandung",29-09-2026,ICON,Open-Meteo / DWD ICON,14:00,2026-09-29 14:00:00,31.1,43.0,0.0,5.8,0.0,1.4493,Cerah Berawan,wmo:2
dago,"Dago, Bandung",2026-09-29,32.73.02.1004,Dago,kelurahan,no,-6.889,107.61,Asia/Jakarta,"BMKG point: Dago, Coblong, Kota Bandung",29-09-2026,ICON,Open-Meteo / DWD ICON,15:00,2026-09-29 15:00:00,31.0,43.0,0.0,5.9,0.0,1.4493,Cerah Berawan,wmo:2
dago,"Dago, Bandung",2026-09-29,32.73.02.1004,Dago,kelurahan,no,-6.889,107.61,Asia/Jakarta,"BMKG point: Dago, Coblong, Kota Bandung",29-09-2026,ICON,Open-Meteo / DWD ICON,16:00,2026-09-29 16:00:00,30.2,45.0,0.0,8.7,0.0,1.4493,Cerah Berawan,wmo:2
dago,"Dago, Bandung",2026-09-29,32.73.02.1004,Dago,kelurahan,no,-6.889,107.61,Asia/Jakarta,"BMKG point: Dago, Coblong, Kota Bandung",29-09-2026,ICON,Open-Meteo / DWD ICON,17:00,2026-09-29 17:00:00,28.8,45.0,0.0,11.5,0.0,1.4493,Cerah Berawan,wmo:2
dago,"Dago, Bandung",2026-09-29,32.73.02.1004,Dago,kelurahan,no,-6.889,107.61,Asia/Jakarta,"BMKG point: Dago, Coblong, Kota Bandung",29-09-2026,ICON,Open-Meteo / DWD ICON,18:00,2026-09-29 18:00:00,27.1,44.0,0.0,8.7,0.0,1.4493,Cerah Berawan,wmo:2
dago,"Dago, Bandung",2026-09-29,32.73.02.1004,Dago,kelurahan,no,-6.889,107.61,Asia/Jakarta,"BMKG point: Dago, Coblong, Kota Bandung",29-09-2026,ICON,Open-Meteo / DWD ICON,19:00,2026-09-29 19:00:00,25.4,51.0,0.0,5.7,0.0,1.4493,Cerah Berawan,wmo:2
dago,"Dago, Bandung",2026-09-29,32.73.02.1004,Dago,kelurahan,no,-6.889,107.61,Asia/Jakarta,"BMKG point: Dago, Coblong, Kota Bandung",29-09-2026,ICON,Open-Meteo / DWD ICON,20:00,2026-09-29 20:00:00,24.3,58.0,0.0,3.8,0.0,1.4493,Cerah Berawan,wmo:2
dago,"Dago, Bandung",2026-09-29,32.73.02.1004,Dago,kelurahan,no,-6.889,107.61,Asia/Jakarta,"BMKG point: Dago, Coblong, Kota Bandung",29-09-2026,ICON,Open-Meteo / DWD ICON,21:00,2026-09-29 21:00:00,23.4,64.0,0.0,3.6,0.0,1.4493,Cerah Berawan,wmo:2
dago,"Dago, Bandung",2026-09-29,32.73.02.1004,Dago,kelurahan,no,-6.889,107.61,Asia/Jakarta,"BMKG point: Dago, Coblong, Kota Bandung",29-09-2026,ICON,Open-Meteo / DWD ICON,22:00,2026-09-29 22:00:00,22.4,69.0,0.0,3.1,0.0,1.4493,Cerah Berawan,wmo:2
dago,"Dago, Bandung",2026-09-29,32.73.02.1004,Dago,kelurahan,no,-6.889,107.61,Asia/Jakarta,"BMKG point: Dago, Coblong, Kota Bandung",29-09-2026,ICON,Open-Meteo / DWD ICON,23:00,2026-09-29 23:00:00,21.5,74.0,0.0,3.1,0.0,1.4493,Cerah Berawan,wmo:1
dago,"Dago, Bandung",2026-09-29,32.73.02.1004,Dago,kelurahan,no,-6.889,107.61,Asia/Jakarta,"BMKG point: Dago, Coblong, Kota Bandung",29-09-2026,KMA,Open-Meteo / KMA,00:00,2026-09-29 00:00:00,,,,,0.0,0.5443,Berawan,wmo:None
dago,"Dago, Bandung",2026-09-29,32.73.02.1004,Dago,kelurahan,no,-6.889,107.61,Asia/Jakarta,"BMKG point: Dago, Coblong, Kota Bandung",29-09-2026,KMA,Open-Meteo / KMA,01:00,2026-09-29 01:00:00,,,,,0.0,0.5443,Berawan,wmo:None
dago,"Dago, Bandung",2026-09-29,32.73.02.1004,Dago,kelurahan,no,-6.889,107.61,Asia/Jakarta,"BMKG point: Dago, Coblong, Kota Bandung",29-09-2026,KMA,Open-Meteo / KMA,02:00,2026-09-29 02:00:00,,,,,0.0,0.5443,Berawan,wmo:None
dago,"Dago, Bandung",2026-09-29,32.73.02.1004,Dago,kelurahan,no,-6.889,107.61,Asia/Jakarta,"BMKG point: Dago, Coblong, Kota Bandung",29-09-2026,KMA,Open-Meteo / KMA,03:00,2026-09-29 03:00:00,,,,,0.0,0.5443,Berawan,wmo:None
dago,"Dago, Bandung",2026-09-29,32.73.02.1004,Dago,kelurahan,no,-6.889,107.61,Asia/Jakarta,"BMKG point: Dago, Coblong, Kota Bandung",29-09-2026,KMA,Open-Meteo / KMA,04:00,2026-09-29 04:00:00,,,,,0.0,0.5443,Berawan,wmo:None
dago,"Dago, Bandung",2026-09-29,32.73.02.1004,Dago,kelurahan,no,-6.889,107.61,Asia/Jakarta,"BMKG point: Dago, Coblong, Kota Bandung",29-09-2026,KMA,Open-Meteo / KMA,05:00,2026-09-29 05:00:00,,,,,0.0,0.5443,Berawan,wmo:None
dago,"Dago, Bandung",2026-09-29,32.73.02.1004,Dago,kelurahan,no,-6.889,107.61,Asia/Jakarta,"BMKG point: Dago, Coblong, Kota Bandung",29-09-2026,KMA,Open-Meteo / KMA,06:00,2026-09-29 06:00:00,,,,,0.0,0.5443,Berawan,wmo:None
dago,"Dago, Bandung",2026-09-29,32.73.02.1004,Dago,kelurahan,no,-6.889,107.61,Asia/Jakarta,"BMKG point: Dago, Coblong, Kota Bandung",29-09-2026,KMA,Open-Meteo / KMA,07:00,2026-09-29 07:00:00,,,,,0.0,0.5443,Berawan,wmo:None
dago,"Dago, Bandung",2026-09-29,32.73.02.1004,Dago,kelurahan,no,-6.889,107.61,Asia/Jakarta,"BMKG point: Dago, Coblong, Kota Bandung",29-09-2026,KMA,Open-Meteo / KMA,08:00,2026-09-29 08:00:00,,,,,0.0,0.5443,Berawan,wmo:None
dago,"Dago, Bandung",2026-09-29,32.73.02.1004,Dago,kelurahan,no,-6.889,107.61,Asia/Jakarta,"BMKG point: Dago, Coblong, Kota Bandung",29-09-2026,KMA,Open-Meteo / KMA,09:00,2026-09-29 09:00:00,,,,,0.0,0.5443,Berawan,wmo:None
dago,"Dago, Bandung",2026-09-29,32.73.02.1004,Dago,kelurahan,no,-6.889,107.61,Asia/Jakarta,"BMKG point: Dago, Coblong, Kota Bandung",29-09-2026,KMA,Open-Meteo / KMA,10:00,2026-09-29 10:00:00,,,,,0.0,0.5443,Berawan,wmo:None
dago,"Dago, Bandung",2026-09-29,32.73.02.1004,Dago,kelurahan,no,-6.889,107.61,Asia/Jakarta,"BMKG point: Dago, Coblong, Kota Bandung",29-09-2026,KMA,Open-Meteo / KMA,11:00,2026-09-29 11:00:00,,,,,0.0,0.5443,Berawan,wmo:None
dago,"Dago, Bandung",2026-09-29,32.73.02.1004,Dago,kelurahan,no,-6.889,107.61,Asia/Jakarta,"BMKG point: Dago, Coblong, Kota Bandung",29-09-2026,KMA,Open-Meteo / KMA,12:00,2026-09-29 12:00:00,,,,,0.0,0.5443,Berawan,wmo:None
dago,"Dago, Bandung",2026-09-29,32.73.02.1004,Dago,kelurahan,no,-6.889,107.61,Asia/Jakarta,"BMKG point: Dago, Coblong, Kota Bandung",29-09-2026,KMA,Open-Meteo / KMA,13:00,2026-09-29 13:00:00,,,,,0.0,0.5443,Berawan,wmo:None
dago,"Dago, Bandung",2026-09-29,32.73.02.1004,Dago,kelurahan,no,-6.889,107.61,Asia/Jakarta,"BMKG point: Dago, Coblong, Kota Bandung",29-09-2026,KMA,Open-Meteo / KMA,14:00,2026-09-29 14:00:00,,,,,0.0,0.5443,Berawan,wmo:None
dago,"Dago, Bandung",2026-09-29,32.73.02.1004,Dago,kelurahan,no,-6.889,107.61,Asia/Jakarta,"BMKG point: Dago, Coblong, Kota Bandung",29-09-2026,KMA,Open-Meteo / KMA,15:00,2026-09-29 15:00:00,,,,,0.0,0.5443,Berawan,wmo:None
dago,"Dago, Bandung",2026-09-29,32.73.02.1004,Dago,kelurahan,no,-6.889,107.61,Asia/Jakarta,"BMKG point: Dago, Coblong, Kota Bandung",29-09-2026,KMA,Open-Meteo / KMA,16:00,2026-09-29 16:00:00,,,,,0.0,0.5443,Berawan,wmo:None
dago,"Dago, Bandung",2026-09-29,32.73.02.1004,Dago,kelurahan,no,-6.889,107.61,Asia/Jakarta,"BMKG point: Dago, Coblong, Kota Bandung",29-09-2026,KMA,Open-Meteo / KMA,17:00,2026-09-29 17:00:00,,,,,0.0,0.5443,Berawan,wmo:None
dago,"Dago, Bandung",2026-09-29,32.73.02.1004,Dago,kelurahan,no,-6.889,107.61,Asia/Jakarta,"BMKG point: Dago, Coblong, Kota Bandung",29-09-2026,KMA,Open-Meteo / KMA,18:00,2026-09-29 18:00:00,,,,,0.0,0.5443,Berawan,wmo:None
dago,"Dago, Bandung",2026-09-29,32.73.02.1004,Dago,kelurahan,no,-6.889,107.61,Asia/Jakarta,"BMKG point: Dago, Coblong, Kota Bandung",29-09-2026,KMA,Open-Meteo / KMA,19:00,2026-09-29 19:00:00,,,,,0.0,0.5443,Berawan,wmo:None
dago,"Dago, Bandung",2026-09-29,32.73.02.1004,Dago,kelurahan,no,-6.889,107.61,Asia/Jakarta,"BMKG point: Dago, Coblong, Kota Bandung",29-09-2026,KMA,Open-Meteo / KMA,20:00,2026-09-29 20:00:00,,,,,0.0,0.5443,Berawan,wmo:None
dago,"Dago, Bandung",2026-09-29,32.73.02.1004,Dago,kelurahan,no,-6.889,107.61,Asia/Jakarta,"BMKG point: Dago, Coblong, Kota Bandung",29-09-2026,KMA,Open-Meteo / KMA,21:00,2026-09-29 21:00:00,,,,,0.0,0.5443,Berawan,wmo:None
dago,"Dago, Bandung",2026-09-29,32.73.02.1004,Dago,kelurahan,no,-6.889,107.61,Asia/Jakarta,"BMKG point: Dago, Coblong, Kota Bandung",29-09-2026,KMA,Open-Meteo / KMA,22:00,2026-09-29 22:00:00,,,,,0.0,0.5443,Berawan,wmo:None
dago,"Dago, Bandung",2026-09-29,32.73.02.1004,Dago,kelurahan,no,-6.889,107.61,Asia/Jakarta,"BMKG point: Dago, Coblong, Kota Bandung",29-09-2026,KMA,Open-Meteo / KMA,23:00,2026-09-29 23:00:00,,,,,0.0,0.5443,Berawan,wmo:None
dago,"Dago, Bandung",2026-09-29,32.73.02.1004,Dago,kelurahan,no,-6.889,107.61,Asia/Jakarta,"BMKG point: Dago, Coblong, Kota Bandung",29-09-2026,METEOFRANCE,Open-Meteo / Meteo-France,00:00,2026-09-29 00:00:00,25.6,88.0,0.0,1.0,0.0,1.4511,Berawan,wmo:3
dago,"Dago, Bandung",2026-09-29,32.73.02.1004,Dago,kelurahan,no,-6.889,107.61,Asia/Jakarta,"BMKG point: Dago, Coblong, Kota Bandung",29-09-2026,METEOFRANCE,Open-Meteo / Meteo-France,01:00,2026-09-29 01:00:00,25.1,90.0,0.0,1.1,0.0,1.4511,Berawan,wmo:3
dago,"Dago, Bandung",2026-09-29,32.73.02.1004,Dago,kelurahan,no,-6.889,107.61,Asia/Jakarta,"BMKG point: Dago, Coblong, Kota Bandung",29-09-2026,METEOFRANCE,Open-Meteo / Meteo-France,02:00,2026-09-29 02:00:00,24.8,92.0,0.0,2.1,0.0,1.4511,Berawan,wmo:3
dago,"Dago, Bandung",2026-09-29,32.73.02.1004,Dago,kelurahan,no,-6.889,107.61,Asia/Jakarta,"BMKG point: Dago, Coblong, Kota Bandung",29-09-2026,METEOFRANCE,Open-Meteo / Meteo-France,03:00,2026-09-29 03:00:00,24.4,93.0,0.0,3.1,0.0,1.4511,Berawan,wmo:3
dago,"Dago, Bandung",2026-09-29,32.73.02.1004,Dago,kelurahan,no,-6.889,107.61,Asia/Jakarta,"BMKG point: Dago, Coblong, Kota Bandung",29-09-2026,METEOFRANCE,Open-Meteo / Meteo-France,04:00,2026-09-29 04:00:00,24.3,93.0,0.0,3.8,0.0,1.4511,Berawan,wmo:3
dago,"Dago, Bandung",2026-09-29,32.73.02.1004,Dago,kelurahan,no,-6.889,107.61,Asia/Jakarta,"BMKG point: Dago, Coblong, Kota Bandung",29-09-2026,METEOFRANCE,Open-Meteo / Meteo-France,05:00,2026-09-29 05:00:00,24.3,92.0,0.0,4.3,0.0,1.4511,Berawan,wmo:3
dago,"Dago, Bandung",2026-09-29,32.73.02.1004,Dago,kelurahan,no,-6.889,107.61,Asia/Jakarta,"BMKG point: Dago, Coblong, Kota Bandung",29-09-2026,METEOFRANCE,Open-Meteo / Meteo-France,06:00,2026-09-29 06:00:00,24.5,91.0,0.0,4.1,0.0,1.4511,Berawan,wmo:3
dago,"Dago, Bandung",2026-09-29,32.73.02.1004,Dago,kelurahan,no,-6.889,107.61,Asia/Jakarta,"BMKG point: Dago, Coblong, Kota Bandung",29-09-2026,METEOFRANCE,Open-Meteo / Meteo-France,07:00,2026-09-29 07:00:00,25.2,87.0,0.0,3.3,0.0,1.4511,Berawan,wmo:3
dago,"Dago, Bandung",2026-09-29,32.73.02.1004,Dago,kelurahan,no,-6.889,107.61,Asia/Jakarta,"BMKG point: Dago, Coblong, Kota Bandung",29-09-2026,METEOFRANCE,Open-Meteo / Meteo-France,08:00,2026-09-29 08:00:00,27.0,80.0,0.0,2.5,0.0,1.4511,Berawan,wmo:3
dago,"Dago, Bandung",2026-09-29,32.73.02.1004,Dago,kelurahan,no,-6.889,107.61,Asia/Jakarta,"BMKG point: Dago, Coblong, Kota Bandung",29-09-2026,METEOFRANCE,Open-Meteo / Meteo-France,09:00,2026-09-29 09:00:00,29.3,70.0,0.0,5.5,0.0,1.4511,Cerah Berawan,wmo:2
dago,"Dago, Bandung",2026-09-29,32.73.02.1004,Dago,kelurahan,no,-6.889,107.61,Asia/Jakarta,"BMKG point: Dago, Coblong, Kota Bandung",29-09-2026,METEOFRANCE,Open-Meteo / Meteo-France,10:00,2026-09-29 10:00:00,31.3,62.0,0.0,8.3,0.0,1.4511,Cerah Berawan,wmo:2
dago,"Dago, Bandung",2026-09-29,32.73.02.1004,Dago,kelurahan,no,-6.889,107.61,Asia/Jakarta,"BMKG point: Dago, Coblong, Kota Bandung",29-09-2026,METEOFRANCE,Open-Meteo / Meteo-France,11:00,2026-09-29 11:00:00,32.5,57.0,0.0,9.8,0.0,1.4511,Cerah Berawan,wmo:2
dago,"Dago, Bandung",2026-09-29,32.73.02.1004,Dago,kelurahan,no,-6.889,107.61,Asia/Jakarta,"BMKG point: Dago, Coblong, Kota Bandung",29-09-2026,METEOFRANCE,Open-Meteo / Meteo-France,12:00,2026-09-29 12:00:00,33.4,54.0,0.0,10.8,0.0,1.4511,Cerah Berawan,wmo:2
dago,"Dago, Bandung",2026-09-29,32.73.02.1004,Dago,kelurahan,no,-6.889,107.61,Asia/Jakarta,"BMKG point: Dago, Coblong, Kota Bandung",29-09-2026,METEOFRANCE,Open-Meteo / Meteo-France,13:00,2026-09-29 13:00:00,33.7,52.0,0.0,11.4,0.0,1.4511,Cerah Berawan,wmo:2
dago,"Dago, Bandung",2026-09-29,32.73.02.1004,Dago,kelurahan,no,-6.889,107.61,Asia/Jakarta,"BMKG point: Dago, Coblong, Kota Bandung",29-09-2026,METEOFRANCE,Open-Meteo / Meteo-France,14:00,2026-09-29 14:00:00,33.4,53.0,0.0,11.8,0.0,1.4511,Cerah Berawan,wmo:2
dago,"Dago, Bandung",2026-09-29,32.73.02.1004,Dago,kelurahan,no,-6.889,107.61,Asia/Jakarta,"BMKG point: Dago, Coblong, Kota Bandung",29-09-2026,METEOFRANCE,Open-Meteo / Meteo-France,15:00,2026-09-29 15:00:00,32.6,55.0,0.0,12.1,0.0,1.4511,Cerah Berawan,wmo:2
dago,"Dago, Bandung",2026-09-29,32.73.02.1004,Dago,kelurahan,no,-6.889,107.61,Asia/Jakarta,"BMKG point: Dago, Coblong, Kota Bandung",29-09-2026,METEOFRANCE,Open-Meteo / Meteo-France,16:00,2026-09-29 16:00:00,31.8,57.0,0.0,11.4,0.0,1.4511,Cerah Berawan,wmo:2
dago,"Dago, Bandung",2026-09-29,32.73.02.1004,Dago,kelurahan,no,-6.889,107.61,Asia/Jakarta,"BMKG point: Dago, Coblong, Kota Bandung",29-09-2026,METEOFRANCE,Open-Meteo / Meteo-France,17:00,2026-09-29 17:00:00,30.9,59.0,0.0,9.9,0.0,1.4511,Cerah Berawan,wmo:2
dago,"Dago, Bandung",2026-09-29,32.73.02.1004,Dago,kelurahan,no,-6.889,107.61,Asia/Jakarta,"BMKG point: Dago, Coblong, Kota Bandung",29-09-2026,METEOFRANCE,Open-Meteo / Meteo-France,18:00,2026-09-29 18:00:00,29.9,61.0,0.0,8.3,0.0,1.4511,Cerah Berawan,wmo:2
dago,"Dago, Bandung",2026-09-29,32.73.02.1004,Dago,kelurahan,no,-6.889,107.61,Asia/Jakarta,"BMKG point: Dago, Coblong, Kota Bandung",29-09-2026,METEOFRANCE,Open-Meteo / Meteo-France,19:00,2026-09-29 19:00:00,29.0,63.0,0.0,7.5,0.0,1.4511,Cerah Berawan,wmo:2
dago,"Dago, Bandung",2026-09-29,32.73.02.1004,Dago,kelurahan,no,-6.889,107.61,Asia/Jakarta,"BMKG point: Dago, Coblong, Kota Bandung",29-09-2026,METEOFRANCE,Open-Meteo / Meteo-France,20:00,2026-09-29 20:00:00,28.2,66.0,0.0,6.0,0.0,1.4511,Cerah Berawan,wmo:1
dago,"Dago, Bandung",2026-09-29,32.73.02.1004,Dago,kelurahan,no,-6.889,107.61,Asia/Jakarta,"BMKG point: Dago, Coblong, Kota Bandung",29-09-2026,METEOFRANCE,Open-Meteo / Meteo-France,21:00,2026-09-29 21:00:00,27.4,70.0,0.0,4.2,0.0,1.4511,Cerah Berawan,wmo:1
dago,"Dago, Bandung",2026-09-29,32.73.02.1004,Dago,kelurahan,no,-6.889,107.61,Asia/Jakarta,"BMKG point: Dago, Coblong, Kota Bandung",29-09-2026,METEOFRANCE,Open-Meteo / Meteo-France,22:00,2026-09-29 22:00:00,26.7,74.0,0.0,2.3,0.0,1.4511,Cerah Berawan,wmo:1
dago,"Dago, Bandung",2026-09-29,32.73.02.1004,Dago,kelurahan,no,-6.889,107.61,Asia/Jakarta,"BMKG point: Dago, Coblong, Kota Bandung",29-09-2026,METEOFRANCE,Open-Meteo / Meteo-France,23:00,2026-09-29 23:00:00,26.0,77.0,0.0,1.1,0.0,1.4511,Cerah Berawan,wmo:1
dago,"Dago, Bandung",2026-09-29,32.73.02.1004,Dago,kelurahan,no,-6.889,107.61,Asia/Jakarta,"BMKG point: Dago, Coblong, Kota Bandung",29-09-2026,METNO,MET Norway,00:00,2026-09-29 00:00:00,21.0,90.5,0.0,2.16,0.0,1.338,Cerah Berawan,fair_night
dago,"Dago, Bandung",2026-09-29,32.73.02.1004,Dago,kelurahan,no,-6.889,107.61,Asia/Jakarta,"BMKG point: Dago, Coblong, Kota Bandung",29-09-2026,METNO,MET Norway,01:00,2026-09-29 01:00:00,20.6,92.1,0.0,2.16,0.0,1.338,Cerah Berawan,fair_night
dago,"Dago, Bandung",2026-09-29,32.73.02.1004,Dago,kelurahan,no,-6.889,107.61,Asia/Jakarta,"BMKG point: Dago, Coblong, Kota Bandung",29-09-2026,METNO,MET Norway,02:00,2026-09-29 02:00:00,20.0,94.9,0.0,2.16,0.0,1.338,Cerah Berawan,fair_night
dago,"Dago, Bandung",2026-09-29,32.73.02.1004,Dago,kelurahan,no,-6.889,107.61,Asia/Jakarta,"BMKG point: Dago, Coblong, Kota Bandung",29-09-2026,METNO,MET Norway,03:00,2026-09-29 03:00:00,19.2,98.0,0.0,2.88,0.0,1.338,Cerah Berawan,partlycloudy_night
dago,"Dago, Bandung",2026-09-29,32.73.02.1004,Dago,kelurahan,no,-6.889,107.61,Asia/Jakarta,"BMKG point: Dago, Coblong, Kota Bandung",29-09-2026,METNO,MET Norway,04:00,2026-09-29 04:00:00,18.6,99.6,0.0,3.6,0.0,1.338,Berawan,fog
dago,"Dago, Bandung",2026-09-29,32.73.02.1004,Dago,kelurahan,no,-6.889,107.61,Asia/Jakarta,"BMKG point: Dago, Coblong, Kota Bandung",29-09-2026,METNO,MET Norway,05:00,2026-09-29 05:00:00,18.0,99.8,0.0,2.88,0.0,1.338,Berawan,fog
dago,"Dago, Bandung",2026-09-29,32.73.02.1004,Dago,kelurahan,no,-6.889,107.61,Asia/Jakarta,"BMKG point: Dago, Coblong, Kota Bandung",29-09-2026,METNO,MET Norway,06:00,2026-09-29 06:00:00,18.2,99.1,0.0,3.6,0.0,1.338,Berawan,fog
dago,"Dago, Bandung",2026-09-29,32.73.02.1004,Dago,kelurahan,no,-6.889,107.61,Asia/Jakarta,"BMKG point: Dago, Coblong, Kota Bandung",29-09-2026,METNO,MET Norway,07:00,2026-09-29 07:00:00,20.4,94.8,0.0,3.96,0.0,1.338,Cerah Berawan,fair_day
dago,"Dago, Bandung",2026-09-29,32.73.02.1004,Dago,kelurahan,no,-6.889,107.61,Asia/Jakarta,"BMKG point: Dago, Coblong, Kota Bandung",29-09-2026,METNO,MET Norway,08:00,2026-09-29 08:00:00,22.9,82.5,0.0,5.04,0.0,1.338,Cerah Berawan,fair_day
dago,"Dago, Bandung",2026-09-29,32.73.02.1004,Dago,kelurahan,no,-6.889,107.61,Asia/Jakarta,"BMKG point: Dago, Coblong, Kota Bandung",29-09-2026,METNO,MET Norway,09:00,2026-09-29 09:00:00,25.2,71.4,0.1,6.12,0.0,1.338,Hujan Ringan,lightrainshowers_day
dago,"Dago, Bandung",2026-09-29,32.73.02.1004,Dago,kelurahan,no,-6.889,107.61,Asia/Jakarta,"BMKG point: Dago, Coblong, Kota Bandung",29-09-2026,METNO,MET Norway,10:00,2026-09-29 10:00:00,27.0,61.3,0.3,7.92,0.0,1.338,Hujan Ringan,rainshowers_day
dago,"Dago, Bandung",2026-09-29,32.73.02.1004,Dago,kelurahan,no,-6.889,107.61,Asia/Jakarta,"BMKG point: Dago, Coblong, Kota Bandung",29-09-2026,METNO,MET Norway,11:00,2026-09-29 11:00:00,28.6,53.6,0.8,8.28,0.0,1.338,Hujan Ringan,rainshowers_day
dago,"Dago, Bandung",2026-09-29,32.73.02.1004,Dago,kelurahan,no,-6.889,107.61,Asia/Jakarta,"BMKG point: Dago, Coblong, Kota Bandung",29-09-2026,METNO,MET Norway,12:00,2026-09-29 12:00:00,29.3,52.7,0.2,7.92,0.0,1.338,Hujan Ringan,lightrainshowers_day
dago,"Dago, Bandung",2026-09-29,32.73.02.1004,Dago,kelurahan,no,-6.889,107.61,Asia/Jakarta,"BMKG point: Dago, Coblong, Kota Bandung",29-09-2026,METNO,MET Norway,13:00,2026-09-29 13:00:00,29.4,53.9,0.0,9.0,0.0,1.338,Berawan,cloudy
dago,"Dago, Bandung",2026-09-29,32.73.02.1004,Dago,kelurahan,no,-6.889,107.61,Asia/Jakarta,"BMKG point: Dago, Coblong, Kota Bandung",29-09-2026,METNO,MET Norway,14:00,2026-09-29 14:00:00,28.3,57.2,1.8,10.08,0.0,1.338,Hujan Lebat,heavyrain
dago,"Dago, Bandung",2026-09-29,32.73.02.1004,Dago,kelurahan,no,-6.889,107.61,Asia/Jakarta,"BMKG point: Dago, Coblong, Kota Bandung",29-09-2026,METNO,MET Norway,15:00,2026-09-29 15:00:00,24.7,74.8,2.5,10.8,0.0,1.338,Hujan Lebat,heavyrain
dago,"Dago, Bandung",2026-09-29,32.73.02.1004,Dago,kelurahan,no,-6.889,107.61,Asia/Jakarta,"BMKG point: Dago, Coblong, Kota Bandung",29-09-2026,METNO,MET Norway,16:00,2026-09-29 16:00:00,23.8,83.8,0.2,8.64,0.0,1.338,Hujan Ringan,lightrainshowers_day
dago,"Dago, Bandung",2026-09-29,32.73.02.1004,Dago,kelurahan,no,-6.889,107.61,Asia/Jakarta,"BMKG point: Dago, Coblong, Kota Bandung",29-09-2026,METNO,MET Norway,17:00,2026-09-29 17:00:00,24.4,77.4,0.0,7.56,0.0,1.338,Cerah Berawan,fair_day
dago,"Dago, Bandung",2026-09-29,32.73.02.1004,Dago,kelurahan,no,-6.889,107.61,Asia/Jakarta,"BMKG point: Dago, Coblong, Kota Bandung",29-09-2026,METNO,MET Norway,18:00,2026-09-29 18:00:00,23.3,84.6,0.0,4.68,0.0,1.338,Cerah Berawan,fair_night
dago,"Dago, Bandung",2026-09-29,32.73.02.1004,Dago,kelurahan,no,-6.889,107.61,Asia/Jakarta,"BMKG point: Dago, Coblong, Kota Bandung",29-09-2026,METNO,MET Norway,19:00,2026-09-29 19:00:00,22.9,88.0,0.0,4.68,0.0,1.338,Cerah Berawan,fair_night
dago,"Dago, Bandung",2026-09-29,32.73.02.1004,Dago,kelurahan,no,-6.889,107.61,Asia/Jakarta,"BMKG point: Dago, Coblong, Kota Bandung",29-09-2026,METNO,MET Norway,20:00,2026-09-29 20:00:00,22.2,90.6,0.0,4.68,0.0,1.338,Cerah Berawan,fair_night
dago,"Dago, Bandung",2026-09-29,32.73.02.1004,Dago,kelurahan,no,-6.889,107.61,Asia/Jakarta,"BMKG point: Dago, Coblong, Kota Bandung",29-09-2026,METNO,MET Norway,21:00,2026-09-29 21:00:00,21.9,92.2,0.0,3.96,0.0,1.338,Berawan,fog
dago,"Dago, Bandung",2026-09-29,32.73.02.1004,Dago,kelurahan,no,-6.889,107.61,Asia/Jakarta,"BMKG point: Dago, Coblong, Kota Bandung",29-09-2026,METNO,MET Norway,22:00,2026-09-29 22:00:00,21.9,92.8,0.0,4.32,0.0,1.338,Berawan,fog
dago,"Dago, Bandung",2026-09-29,32.73.02.1004,Dago,kelurahan,no,-6.889,107.61,Asia/Jakarta,"BMKG point: Dago, Coblong, Kota Bandung",29-09-2026,METNO,MET Norway,23:00,2026-09-29 23:00:00,22.1,88.2,0.0,4.68,0.0,1.338,Cerah Berawan,partlycloudy_night
dago,"Dago, Bandung",2026-09-29,32.73.02.1004,Dago,kelurahan,no,-6.889,107.61,Asia/Jakarta,"BMKG point: Dago, Coblong, Kota Bandung",29-09-2026,UKMO,Open-Meteo / UK Met Office,00:00,2026-09-29 00:00:00,22.1,90.0,0.0,0.4,0.0,1.3224,Cerah,wmo:0
dago,"Dago, Bandung",2026-09-29,32.73.02.1004,Dago,kelurahan,no,-6.889,107.61,Asia/Jakarta,"BMKG point: Dago, Coblong, Kota Bandung",29-09-2026,UKMO,Open-Meteo / UK Met Office,01:00,2026-09-29 01:00:00,21.7,91.0,0.0,1.8,0.0,1.3224,Cerah,wmo:0
dago,"Dago, Bandung",2026-09-29,32.73.02.1004,Dago,kelurahan,no,-6.889,107.61,Asia/Jakarta,"BMKG point: Dago, Coblong, Kota Bandung",29-09-2026,UKMO,Open-Meteo / UK Met Office,02:00,2026-09-29 02:00:00,21.3,92.0,0.0,2.2,0.0,1.3224,Cerah,wmo:0
dago,"Dago, Bandung",2026-09-29,32.73.02.1004,Dago,kelurahan,no,-6.889,107.61,Asia/Jakarta,"BMKG point: Dago, Coblong, Kota Bandung",29-09-2026,UKMO,Open-Meteo / UK Met Office,03:00,2026-09-29 03:00:00,21.1,93.0,0.0,1.8,0.0,1.3224,Cerah,wmo:0
dago,"Dago, Bandung",2026-09-29,32.73.02.1004,Dago,kelurahan,no,-6.889,107.61,Asia/Jakarta,"BMKG point: Dago, Coblong, Kota Bandung",29-09-2026,UKMO,Open-Meteo / UK Met Office,04:00,2026-09-29 04:00:00,20.8,95.0,0.0,1.4,0.0,1.3224,Cerah,wmo:0
dago,"Dago, Bandung",2026-09-29,32.73.02.1004,Dago,kelurahan,no,-6.889,107.61,Asia/Jakarta,"BMKG point: Dago, Coblong, Kota Bandung",29-09-2026,UKMO,Open-Meteo / UK Met Office,05:00,2026-09-29 05:00:00,20.5,95.0,0.0,1.4,0.0,1.3224,Cerah,wmo:0
dago,"Dago, Bandung",2026-09-29,32.73.02.1004,Dago,kelurahan,no,-6.889,107.61,Asia/Jakarta,"BMKG point: Dago, Coblong, Kota Bandung",29-09-2026,UKMO,Open-Meteo / UK Met Office,06:00,2026-09-29 06:00:00,20.7,93.0,0.0,2.5,0.0,1.3224,Cerah,wmo:0
dago,"Dago, Bandung",2026-09-29,32.73.02.1004,Dago,kelurahan,no,-6.889,107.61,Asia/Jakarta,"BMKG point: Dago, Coblong, Kota Bandung",29-09-2026,UKMO,Open-Meteo / UK Met Office,07:00,2026-09-29 07:00:00,21.6,87.0,0.0,1.4,0.0,1.3224,Cerah,wmo:0
dago,"Dago, Bandung",2026-09-29,32.73.02.1004,Dago,kelurahan,no,-6.889,107.61,Asia/Jakarta,"BMKG point: Dago, Coblong, Kota Bandung",29-09-2026,UKMO,Open-Meteo / UK Met Office,08:00,2026-09-29 08:00:00,23.1,78.0,0.0,2.5,0.0,1.3224,Cerah,wmo:0
dago,"Dago, Bandung",2026-09-29,32.73.02.1004,Dago,kelurahan,no,-6.889,107.61,Asia/Jakarta,"BMKG point: Dago, Coblong, Kota Bandung",29-09-2026,UKMO,Open-Meteo / UK Met Office,09:00,2026-09-29 09:00:00,25.1,67.0,0.0,4.0,0.0,1.3224,Cerah,wmo:0
dago,"Dago, Bandung",2026-09-29,32.73.02.1004,Dago,kelurahan,no,-6.889,107.61,Asia/Jakarta,"BMKG point: Dago, Coblong, Kota Bandung",29-09-2026,UKMO,Open-Meteo / UK Met Office,10:00,2026-09-29 10:00:00,26.8,58.0,0.0,5.4,0.0,1.3224,Cerah Berawan,wmo:1
dago,"Dago, Bandung",2026-09-29,32.73.02.1004,Dago,kelurahan,no,-6.889,107.61,Asia/Jakarta,"BMKG point: Dago, Coblong, Kota Bandung",29-09-2026,UKMO,Open-Meteo / UK Met Office,11:00,2026-09-29 11:00:00,28.0,53.0,0.0,7.2,0.0,1.3224,Cerah Berawan,wmo:2
dago,"Dago, Bandung",2026-09-29,32.73.02.1004,Dago,kelurahan,no,-6.889,107.61,Asia/Jakarta,"BMKG point: Dago, Coblong, Kota Bandung",29-09-2026,UKMO,Open-Meteo / UK Met Office,12:00,2026-09-29 12:00:00,28.9,49.0,0.0,9.0,0.0,1.3224,Berawan,wmo:3
dago,"Dago, Bandung",2026-09-29,32.73.02.1004,Dago,kelurahan,no,-6.889,107.61,Asia/Jakarta,"BMKG point: Dago, Coblong, Kota Bandung",29-09-2026,UKMO,Open-Meteo / UK Met Office,13:00,2026-09-29 13:00:00,29.5,47.0,0.0,10.1,0.0,1.3224,Berawan,wmo:3
dago,"Dago, Bandung",2026-09-29,32.73.02.1004,Dago,kelurahan,no,-6.889,107.61,Asia/Jakarta,"BMKG point: Dago, Coblong, Kota Bandung",29-09-2026,UKMO,Open-Meteo / UK Met Office,14:00,2026-09-29 14:00:00,28.9,49.0,0.1,7.2,0.0,1.3224,Hujan Ringan,wmo:51
dago,"Dago, Bandung",2026-09-29,32.73.02.1004,Dago,kelurahan,no,-6.889,107.61,Asia/Jakarta,"BMKG point: Dago, Coblong, Kota Bandung",29-09-2026,UKMO,Open-Meteo / UK Met Office,15:00,2026-09-29 15:00:00,28.8,49.0,0.1,11.5,0.0,1.3224,Hujan Ringan,wmo:51
dago,"Dago, Bandung",2026-09-29,32.73.02.1004,Dago,kelurahan,no,-6.889,107.61,Asia/Jakarta,"BMKG point: Dago, Coblong, Kota Bandung",29-09-2026,UKMO,Open-Meteo / UK Met Office,16:00,2026-09-29 16:00:00,28.3,51.0,0.1,13.7,0.0,1.3224,Hujan Ringan,wmo:51
dago,"Dago, Bandung",2026-09-29,32.73.02.1004,Dago,kelurahan,no,-6.889,107.61,Asia/Jakarta,"BMKG point: Dago, Coblong, Kota Bandung",29-09-2026,UKMO,Open-Meteo / UK Met Office,17:00,2026-09-29 17:00:00,27.3,55.0,0.0,11.9,0.0,1.3224,Cerah Berawan,wmo:2
dago,"Dago, Bandung",2026-09-29,32.73.02.1004,Dago,kelurahan,no,-6.889,107.61,Asia/Jakarta,"BMKG point: Dago, Coblong, Kota Bandung",29-09-2026,UKMO,Open-Meteo / UK Met Office,18:00,2026-09-29 18:00:00,26.0,60.0,0.0,7.9,0.0,1.3224,Cerah Berawan,wmo:1
dago,"Dago, Bandung",2026-09-29,32.73.02.1004,Dago,kelurahan,no,-6.889,107.61,Asia/Jakarta,"BMKG point: Dago, Coblong, Kota Bandung",29-09-2026,UKMO,Open-Meteo / UK Met Office,19:00,2026-09-29 19:00:00,24.8,65.0,0.0,5.0,0.0,1.3224,Cerah,wmo:0
dago,"Dago, Bandung",2026-09-29,32.73.02.1004,Dago,kelurahan,no,-6.889,107.61,Asia/Jakarta,"BMKG point: Dago, Coblong, Kota Bandung",29-09-2026,UKMO,Open-Meteo / UK Met Office,20:00,2026-09-29 20:00:00,24.1,69.0,0.0,4.0,0.0,1.3224,Cerah,wmo:0
dago,"Dago, Bandung",2026-09-29,32.73.02.1004,Dago,kelurahan,no,-6.889,107.61,Asia/Jakarta,"BMKG point: Dago, Coblong, Kota Bandung",29-09-2026,UKMO,Open-Meteo / UK Met Office,21:00,2026-09-29 21:00:00,23.7,73.0,0.0,3.6,0.0,1.3224,Cerah,wmo:0
dago,"Dago, Bandung",2026-09-29,32.73.02.1004,Dago,kelurahan,no,-6.889,107.61,Asia/Jakarta,"BMKG point: Dago, Coblong, Kota Bandung",29-09-2026,UKMO,Open-Meteo / UK Met Office,22:00,2026-09-29 22:00:00,23.2,77.0,0.0,3.2,0.0,1.3224,Cerah,wmo:0
dago,"Dago, Bandung",2026-09-29,32.73.02.1004,Dago,kelurahan,no,-6.889,107.61,Asia/Jakarta,"BMKG point: Dago, Coblong, Kota Bandung",29-09-2026,UKMO,Open-Meteo / UK Met Office,23:00,2026-09-29 23:00:00,22.6,82.0,0.0,2.5,0.0,1.3224,Cerah,wmo:0
jatinangor,"Jatinangor, Sumedang",2026-09-27,32.11.15.2002,Hegarmanah,kecamatan,yes,-6.938,107.7556,Asia/Jakarta,"BMKG representative point: Hegarmanah, Kecamatan Jatinangor",27-09-2026,BMKG,BMKG,07:00,2026-09-27 10:00:00,26.0,72.0,0.0,4.1,180.0,0.9976,Cerah Berawan,Cerah Berawan
jatinangor,"Jatinangor, Sumedang",2026-09-27,32.11.15.2002,Hegarmanah,kecamatan,yes,-6.938,107.7556,Asia/Jakarta,"BMKG representative point: Hegarmanah, Kecamatan Jatinangor",27-09-2026,BMKG,BMKG,08:00,2026-09-27 10:00:00,26.0,72.0,0.0,4.1,120.0,0.9976,Cerah Berawan,Cerah Berawan
jatinangor,"Jatinangor, Sumedang",2026-09-27,32.11.15.2002,Hegarmanah,kecamatan,yes,-6.938,107.7556,Asia/Jakarta,"BMKG representative point: Hegarmanah, Kecamatan Jatinangor",27-09-2026,BMKG,BMKG,09:00,2026-09-27 10:00:00,26.0,72.0,0.0,4.1,60.0,1.3604,Cerah Berawan,Cerah Berawan
jatinangor,"Jatinangor, Sumedang",2026-09-27,32.11.15.2002,Hegarmanah,kecamatan,yes,-6.938,107.7556,Asia/Jakarta,"BMKG representative point: Hegarmanah, Kecamatan Jatinangor",27-09-2026,BMKG,BMKG,10:00,2026-09-27 10:00:00,26.0,72.0,0.0,4.1,0.0,1.8139,Cerah Berawan,Cerah Berawan
jatinangor,"Jatinangor, Sumedang",2026-09-27,32.11.15.2002,Hegarmanah,kecamatan,yes,-6.938,107.7556,Asia/Jakarta,"BMKG representative point: Hegarmanah, Kecamatan Jatinangor",27-09-2026,BMKG,BMKG,11:00,2026-09-27 10:00:00,26.0,72.0,0.0,4.1,60.0,1.3604,Cerah Berawan,Cerah Berawan
jatinangor,"Jatinangor, Sumedang",2026-09-27,32.11.15.2002,Hegarmanah,kecamatan,yes,-6.938,107.7556,Asia/Jakarta,"BMKG representative point: Hegarmanah, Kecamatan Jatinangor",27-09-2026,BMKG,BMKG,12:00,2026-09-27 13:00:00,26.0,75.0,1.5,3.2,60.0,1.3604,Hujan Ringan,Hujan Ringan
jatinangor,"Jatinangor, Sumedang",2026-09-27,32.11.15.2002,Hegarmanah,kecamatan,yes,-6.938,107.7556,Asia/Jakarta,"BMKG representative point: Hegarmanah, Kecamatan Jatinangor",27-09-2026,BMKG,BMKG,13:00,2026-09-27 13:00:00,26.0,75.0,1.5,3.2,0.0,1.8139,Hujan Ringan,Hujan Ringan
jatinangor,"Jatinangor, Sumedang",2026-09-27,32.11.15.2002,Hegarmanah,kecamatan,yes,-6.938,107.7556,Asia/Jakarta,"BMKG representative point: Hegarmanah, Kecamatan Jatinangor",27-09-2026,BMKG,BMKG,14:00,2026-09-27 13:00:00,26.0,75.0,1.5,3.2,60.0,1.3604,Hujan Ringan,Hujan Ringan
jatinangor,"Jatinangor, Sumedang",2026-09-27,32.11.15.2002,Hegarmanah,kecamatan,yes,-6.938,107.7556,Asia/Jakarta,"BMKG representative point: Hegarmanah, Kecamatan Jatinangor",27-09-2026,BMKG,BMKG,15:00,2026-09-27 16:00:00,26.0,85.0,1.5,1.1,60.0,1.3604,Hujan Ringan,Hujan Ringan
jatinangor,"Jatinangor, Sumedang",2026-09-27,32.11.15.2002,Hegarmanah,kecamatan,yes,-6.938,107.7556,Asia/Jakarta,"BMKG representative point: Hegarmanah, Kecamatan Jatinangor",27-09-2026,BMKG,BMKG,16:00,2026-09-27 16:00:00,26.0,85.0,1.5,1.1,0.0,1.8139,Hujan Ringan,Hujan Ringan
jatinangor,"Jatinangor, Sumedang",2026-09-27,32.11.15.2002,Hegarmanah,kecamatan,yes,-6.938,107.7556,Asia/Jakarta,"BMKG representative point: Hegarmanah, Kecamatan Jatinangor",27-09-2026,BMKG,BMKG,17:00,2026-09-27 16:00:00,26.0,85.0,1.5,1.1,60.0,1.3604,Hujan Ringan,Hujan Ringan
jatinangor,"Jatinangor, Sumedang",2026-09-27,32.11.15.2002,Hegarmanah,kecamatan,yes,-6.938,107.7556,Asia/Jakarta,"BMKG representative point: Hegarmanah, Kecamatan Jatinangor",27-09-2026,BMKG,BMKG,18:00,2026-09-27 19:00:00,24.0,92.0,0.0,0.5,60.0,1.3604,Cerah,Cerah
jatinangor,"Jatinangor, Sumedang",2026-09-27,32.11.15.2002,Hegarmanah,kecamatan,yes,-6.938,107.7556,Asia/Jakarta,"BMKG representative point: Hegarmanah, Kecamatan Jatinangor",27-09-2026,BMKG,BMKG,19:00,2026-09-27 19:00:00,24.0,92.0,0.0,0.5,0.0,1.8139,Cerah,Cerah
jatinangor,"Jatinangor, Sumedang",2026-09-27,32.11.15.2002,Hegarmanah,kecamatan,yes,-6.938,107.7556,Asia/Jakarta,"BMKG representative point: Hegarmanah, Kecamatan Jatinangor",27-09-2026,BMKG,BMKG,20:00,2026-09-27 19:00:00,24.0,92.0,0.0,0.5,60.0,1.3604,Cerah,Cerah
jatinangor,"Jatinangor, Sumedang",2026-09-27,32.11.15.2002,Hegarmanah,kecamatan,yes,-6.938,107.7556,Asia/Jakarta,"BMKG representative point: Hegarmanah, Kecamatan Jatinangor",27-09-2026,BMKG,BMKG,21:00,2026-09-27 22:00:00,20.0,93.0,0.0,1.0,60.0,1.3604,Cerah,Cerah
jatinangor,"Jatinangor, Sumedang",2026-09-27,32.11.15.2002,Hegarmanah,kecamatan,yes,-6.938,107.7556,Asia/Jakarta,"BMKG representative point: Hegarmanah, Kecamatan Jatinangor",27-09-2026,BMKG,BMKG,22:00,2026-09-27 22:00:00,20.0,93.0,0.0,1.0,0.0,1.8139,Cerah,Cerah
jatinangor,"Jatinangor, Sumedang",2026-09-27,32.11.15.2002,Hegarmanah,kecamatan,yes,-6.938,107.7556,Asia/Jakarta,"BMKG representative point: Hegarmanah, Kecamatan Jatinangor",27-09-2026,BMKG,BMKG,23:00,2026-09-27 22:00:00,20.0,93.0,0.0,1.0,60.0,1.3604,Cerah,Cerah
jatinangor,"Jatinangor, Sumedang",2026-09-27,32.11.15.2002,Hegarmanah,kecamatan,yes,-6.938,107.7556,Asia/Jakarta,"BMKG representative point: Hegarmanah, Kecamatan Jatinangor",27-09-2026,CMA,Open-Meteo / CMA GRAPES,00:00,2026-09-27 00:00:00,23.2,93.0,0.3,2.4,0.0,1.0723,Hujan Ringan,wmo:51
jatinangor,"Jatinangor, Sumedang",2026-09-27,32.11.15.2002,Hegarmanah,kecamatan,yes,-6.938,107.7556,Asia/Jakarta,"BMKG representative point: Hegarmanah, Kecamatan Jatinangor",27-09-2026,CMA,Open-Meteo / CMA GRAPES,01:00,2026-09-27 01:00:00,23.2,93.0,0.3,3.4,0.0,1.0723,Hujan Ringan,wmo:51
jatinangor,"Jatinangor, Sumedang",2026-09-27,32.11.15.2002,Hegarmanah,kecamatan,yes,-6.938,107.7556,Asia/Jakarta,"BMKG representative point: Hegarmanah, Kecamatan Jatinangor",27-09-2026,CMA,Open-Meteo / CMA GRAPES,02:00,2026-09-27 02:00:00,23.1,94.0,0.0,2.6,0.0,1.0723,Cerah,wmo:0
jatinangor,"Jatinangor, Sumedang",2026-09-27,32.11.15.2002,Hegarmanah,kecamatan,yes,-6.938,107.7556,Asia/Jakarta,"BMKG representative point: Hegarmanah, Kecamatan Jatinangor",27-09-2026,CMA,Open-Meteo / CMA GRAPES,03:00,2026-09-27 03:00:00,23.0,94.0,0.0,0.7,0.0,1.0723,Cerah Berawan,wmo:1
jatinangor,"Jatinangor, Sumedang",2026-09-27,32.11.15.2002,Hegarmanah,kecamatan,yes,-6.938,107.7556,Asia/Jakarta,"BMKG representative point: Hegarmanah, Kecamatan Jatinangor",27-09-2026,CMA,Open-Meteo / CMA GRAPES,04:00,2026-09-27 04:00:00,22.9,95.0,0.0,0.7,0.0,1.0723,Cerah Berawan,wmo:2
jatinangor,"Jatinangor, Sumedang",2026-09-27,32.11.15.2002,Hegarmanah,kecamatan,yes,-6.938,107.7556,Asia/Jakarta,"BMKG representative point: Hegarmanah, Kecamatan Jatinangor",27-09-2026,CMA,Open-Meteo / CMA GRAPES,05:00,2026-09-27 05:00:00,22.9,95.0,0.0,1.3,0.0,1.0723,Berawan,wmo:45
jatinangor,"Jatinangor, Sumedang",2026-09-27,32.11.15.2002,Hegarmanah,kecamatan,yes,-6.938,107.7556,Asia/Jakarta,"BMKG representative point: Hegarmanah, Kecamatan Jatinangor",27-09-2026,CMA,Open-Meteo / CMA GRAPES,06:00,2026-09-27 06:00:00,23.0,96.0,0.0,2.7,0.0,1.0723,Berawan,wmo:45
jatinangor,"Jatinangor, Sumedang",2026-09-27,32.11.15.2002,Hegarmanah,kecamatan,yes,-6.938,107.7556,Asia/Jakarta,"BMKG representative point: Hegarmanah, Kecamatan Jatinangor",27-09-2026,CMA,Open-Meteo / CMA GRAPES,07:00,2026-09-27 07:00:00,23.2,95.0,0.0,4.1,0.0,1.0723,Berawan,wmo:45
jatinangor,"Jatinangor, Sumedang",2026-09-27,32.11.15.2002,Hegarmanah,kecamatan,yes,-6.938,107.7556,Asia/Jakarta,"BMKG representative point: Hegarmanah, Kecamatan Jatinangor",27-09-2026,CMA,Open-Meteo / CMA GRAPES,08:00,2026-09-27 08:00:00,23.5,93.0,0.0,5.6,0.0,1.0723,Berawan,wmo:45
jatinangor,"Jatinangor, Sumedang",2026-09-27,32.11.15.2002,Hegarmanah,kecamatan,yes,-6.938,107.7556,Asia/Jakarta,"BMKG representative point: Hegarmanah, Kecamatan Jatinangor",27-09-2026,CMA,Open-Meteo / CMA GRAPES,09:00,2026-09-27 09:00:00,24.0,91.0,0.0,7.5,0.0,1.0723,Cerah Berawan,wmo:2
jatinangor,"Jatinangor, Sumedang",2026-09-27,32.11.15.2002,Hegarmanah,kecamatan,yes,-6.938,107.7556,Asia/Jakarta,"BMKG representative point: Hegarmanah, Kecamatan Jatinangor",27-09-2026,CMA,Open-Meteo / CMA GRAPES,10:00,2026-09-27 10:00:00,24.8,86.0,0.0,8.6,0.0,1.0723,Berawan,wmo:3
jatinangor,"Jatinangor, Sumedang",2026-09-27,32.11.15.2002,Hegarmanah,kecamatan,yes,-6.938,107.7556,Asia/Jakarta,"BMKG representative point: Hegarmanah, Kecamatan Jatinangor",27-09-2026,CMA,Open-Meteo / CMA GRAPES,11:00,2026-09-27 11:00:00,26.1,76.0,0.0,8.8,0.0,1.0723,Cerah Berawan,wmo:2
jatinangor,"Jatinangor, Sumedang",2026-09-27,32.11.15.2002,Hegarmanah,kecamatan,yes,-6.938,107.7556,Asia/Jakarta,"BMKG representative point: Hegarmanah, Kecamatan Jatinangor",27-09-2026,CMA,Open-Meteo / CMA GRAPES,12:00,2026-09-27 12:00:00,27.8,64.0,0.0,8.3,0.0,1.0723,Cerah Berawan,wmo:1
jatinangor,"Jatinangor, Sumedang",2026-09-27,32.11.15.2002,Hegarmanah,kecamatan,yes,-6.938,107.7556,Asia/Jakarta,"BMKG representative point: Hegarmanah, Kecamatan Jatinangor",27-09-2026,CMA,Open-Meteo / CMA GRAPES,13:00,2026-09-27 13:00:00,28.8,56.0,0.0,8.0,0.0,1.0723,Cerah,wmo:0
jatinangor,"Jatinangor, Sumedang",2026-09-27,32.11.15.2002,Hegarmanah,kecamatan,yes,-6.938,107.7556,Asia/Jakarta,"BMKG representative point: Hegarmanah, Kecamatan Jatinangor",27-09-2026,CMA,Open-Meteo / CMA GRAPES,14:00,2026-09-27 14:00:00,29.0,55.0,0.5,7.5,0.0,1.0723,Hujan Ringan,wmo:53
jatinangor,"Jatinangor, Sumedang",2026-09-27,32.11.15.2002,Hegarmanah,kecamatan,yes,-6.938,107.7556,Asia/Jakarta,"BMKG representative point: Hegarmanah, Kecamatan Jatinangor",27-09-2026,CMA,Open-Meteo / CMA GRAPES,15:00,2026-09-27 15:00:00,28.6,58.0,0.5,6.9,0.0,1.0723,Hujan Ringan,wmo:53
jatinangor,"Jatinangor, Sumedang",2026-09-27,32.11.15.2002,Hegarmanah,kecamatan,yes,-6.938,107.7556,Asia/Jakarta,"BMKG representative point: Hegarmanah, Kecamatan Jatinangor",27-09-2026,CMA,Open-Meteo / CMA GRAPES,16:00,2026-09-27 16:00:00,27.8,63.0,0.5,6.5,0.0,1.0723,Hujan Ringan,wmo:53
jatinangor,"Jatinangor, Sumedang",2026-09-27,32.11.15.2002,Hegarmanah,kecamatan,yes,-6.938,107.7556,Asia/Jakarta,"BMKG representative point: Hegarmanah, Kecamatan Jatinangor",27-09-2026,CMA,Open-Meteo / CMA GRAPES,17:00,2026-09-27 17:00:00,26.6,70.0,1.0,5.5,0.0,1.0723,Hujan Ringan,wmo:55
jatinangor,"Jatinangor, Sumedang",2026-09-27,32.11.15.2002,Hegarmanah,kecamatan,yes,-6.938,107.7556,Asia/Jakarta,"BMKG representative point: Hegarmanah, Kecamatan Jatinangor",27-09-2026,CMA,Open-Meteo / CMA GRAPES,18:00,2026-09-27 18:00:00,25.0,80.0,1.0,5.1,0.0,1.0723,Hujan Ringan,wmo:55
jatinangor,"Jatinangor, Sumedang",2026-09-27,32.11.15.2002,Hegarmanah,kecamatan,yes,-6.938,107.7556,Asia/Jakarta,"BMKG representative point: Hegarmanah, Kecamatan Jatinangor",27-09-2026,CMA,Open-Meteo / CMA GRAPES,19:00,2026-09-27 19:00:00,23.8,87.0,1.0,5.2,0.0,1.0723,Hujan Ringan,wmo:55
jatinangor,"Jatinangor, Sumedang",2026-09-27,32.11.15.2002,Hegarmanah,kecamatan,yes,-6.938,107.7556,Asia/Jakarta,"BMKG representative point: Hegarmanah, Kecamatan Jatinangor",27-09-2026,CMA,Open-Meteo / CMA GRAPES,20:00,2026-09-27 20:00:00,23.4,91.0,0.1,4.3,0.0,1.0723,Hujan Ringan,wmo:51
jatinangor,"Jatinangor, Sumedang",2026-09-27,32.11.15.2002,Hegarmanah,kecamatan,yes,-6.938,107.7556,Asia/Jakarta,"BMKG representative point: Hegarmanah, Kecamatan Jatinangor",27-09-2026,CMA,Open-Meteo / CMA GRAPES,21:00,2026-09-27 21:00:00,23.3,92.0,0.1,3.0,0.0,1.0723,Hujan Ringan,wmo:51
jatinangor,"Jatinangor, Sumedang",2026-09-27,32.11.15.2002,Hegarmanah,kecamatan,yes,-6.938,107.7556,Asia/Jakarta,"BMKG representative point: Hegarmanah, Kecamatan Jatinangor",27-09-2026,CMA,Open-Meteo / CMA GRAPES,22:00,2026-09-27 22:00:00,23.2,93.0,0.1,1.8,0.0,1.0723,Hujan Ringan,wmo:51
jatinangor,"Jatinangor, Sumedang",2026-09-27,32.11.15.2002,Hegarmanah,kecamatan,yes,-6.938,107.7556,Asia/Jakarta,"BMKG representative point: Hegarmanah, Kecamatan Jatinangor",27-09-2026,CMA,Open-Meteo / CMA GRAPES,23:00,2026-09-27 23:00:00,22.9,94.0,0.0,1.8,0.0,1.0723,Cerah,wmo:0
jatinangor,"Jatinangor, Sumedang",2026-09-27,32.11.15.2002,Hegarmanah,kecamatan,yes,-6.938,107.7556,Asia/Jakarta,"BMKG representative point: Hegarmanah, Kecamatan Jatinangor",27-09-2026,ECMWF,Open-Meteo / ECMWF,00:00,2026-09-27 00:00:00,22.3,87.0,0.0,2.5,0.0,1.6083,Cerah,wmo:0
jatinangor,"Jatinangor, Sumedang",2026-09-27,32.11.15.2002,Hegarmanah,kecamatan,yes,-6.938,107.7556,Asia/Jakarta,"BMKG representative point: Hegarmanah, Kecamatan Jatinangor",27-09-2026,ECMWF,Open-Meteo / ECMWF,01:00,2026-09-27 01:00:00,21.8,88.0,0.0,2.8,0.0,1.6083,Cerah,wmo:0
jatinangor,"Jatinangor, Sumedang",2026-09-27,32.11.15.2002,Hegarmanah,kecamatan,yes,-6.938,107.7556,Asia/Jakarta,"BMKG representative point: Hegarmanah, Kecamatan Jatinangor",27-09-2026,ECMWF,Open-Meteo / ECMWF,02:00,2026-09-27 02:00:00,21.1,90.0,0.0,2.3,0.0,1.6083,Cerah,wmo:0
jatinangor,"Jatinangor, Sumedang",2026-09-27,32.11.15.2002,Hegarmanah,kecamatan,yes,-6.938,107.7556,Asia/Jakarta,"BMKG representative point: Hegarmanah, Kecamatan Jatinangor",27-09-2026,ECMWF,Open-Meteo / ECMWF,03:00,2026-09-27 03:00:00,20.5,92.0,0.0,2.1,0.0,1.6083,Cerah Berawan,wmo:1
jatinangor,"Jatinangor, Sumedang",2026-09-27,32.11.15.2002,Hegarmanah,kecamatan,yes,-6.938,107.7556,Asia/Jakarta,"BMKG representative point: Hegarmanah, Kecamatan Jatinangor",27-09-2026,ECMWF,Open-Meteo / ECMWF,04:00,2026-09-27 04:00:00,20.1,93.0,0.0,2.9,0.0,1.6083,Cerah Berawan,wmo:1
jatinangor,"Jatinangor, Sumedang",2026-09-27,32.11.15.2002,Hegarmanah,kecamatan,yes,-6.938,107.7556,Asia/Jakarta,"BMKG representative point: Hegarmanah, Kecamatan Jatinangor",27-09-2026,ECMWF,Open-Meteo / ECMWF,05:00,2026-09-27 05:00:00,20.1,93.0,0.0,3.7,0.0,1.6083,Cerah Berawan,wmo:1
jatinangor,"Jatinangor, Sumedang",2026-09-27,32.11.15.2002,Hegarmanah,kecamatan,yes,-6.938,107.7556,Asia/Jakarta,"BMKG representative point: Hegarmanah, Kecamatan Jatinangor",27-09-2026,ECMWF,Open-Meteo / ECMWF,06:00,2026-09-27 06:00:00,20.5,91.0,0.0,4.3,0.0,1.6083,Cerah,wmo:0
jatinangor,"Jatinangor, Sumedang",2026-09-27,32.11.15.2002,Hegarmanah,kecamatan,yes,-6.938,107.7556,Asia/Jakarta,"BMKG representative point: Hegarmanah, Kecamatan Jatinangor",27-09-2026,ECMWF,Open-Meteo / ECMWF,07:00,2026-09-27 07:00:00,21.4,87.0,0.0,4.3,0.0,1.6083,Cerah,wmo:0
jatinangor,"Jatinangor, Sumedang",2026-09-27,32.11.15.2002,Hegarmanah,kecamatan,yes,-6.938,107.7556,Asia/Jakarta,"BMKG representative point: Hegarmanah, Kecamatan Jatinangor",27-09-2026,ECMWF,Open-Meteo / ECMWF,08:00,2026-09-27 08:00:00,23.6,77.0,0.0,3.7,0.0,1.6083,Cerah Berawan,wmo:1
jatinangor,"Jatinangor, Sumedang",2026-09-27,32.11.15.2002,Hegarmanah,kecamatan,yes,-6.938,107.7556,Asia/Jakarta,"BMKG representative point: Hegarmanah, Kecamatan Jatinangor",27-09-2026,ECMWF,Open-Meteo / ECMWF,09:00,2026-09-27 09:00:00,26.4,63.0,0.0,2.7,0.0,1.6083,Cerah Berawan,wmo:2
jatinangor,"Jatinangor, Sumedang",2026-09-27,32.11.15.2002,Hegarmanah,kecamatan,yes,-6.938,107.7556,Asia/Jakarta,"BMKG representative point: Hegarmanah, Kecamatan Jatinangor",27-09-2026,ECMWF,Open-Meteo / ECMWF,10:00,2026-09-27 10:00:00,28.5,53.0,0.0,2.0,0.0,1.6083,Berawan,wmo:3
jatinangor,"Jatinangor, Sumedang",2026-09-27,32.11.15.2002,Hegarmanah,kecamatan,yes,-6.938,107.7556,Asia/Jakarta,"BMKG representative point: Hegarmanah, Kecamatan Jatinangor",27-09-2026,ECMWF,Open-Meteo / ECMWF,11:00,2026-09-27 11:00:00,29.6,49.0,0.6,1.5,0.0,1.6083,Hujan Ringan,wmo:53
jatinangor,"Jatinangor, Sumedang",2026-09-27,32.11.15.2002,Hegarmanah,kecamatan,yes,-6.938,107.7556,Asia/Jakarta,"BMKG representative point: Hegarmanah, Kecamatan Jatinangor",27-09-2026,ECMWF,Open-Meteo / ECMWF,12:00,2026-09-27 12:00:00,30.0,48.0,0.6,1.3,0.0,1.6083,Hujan Ringan,wmo:53
jatinangor,"Jatinangor, Sumedang",2026-09-27,32.11.15.2002,Hegarmanah,kecamatan,yes,-6.938,107.7556,Asia/Jakarta,"BMKG representative point: Hegarmanah, Kecamatan Jatinangor",27-09-2026,ECMWF,Open-Meteo / ECMWF,13:00,2026-09-27 13:00:00,29.6,51.0,0.6,0.8,0.0,1.6083,Hujan Ringan,wmo:53
jatinangor,"Jatinangor, Sumedang",2026-09-27,32.11.15.2002,Hegarmanah,kecamatan,yes,-6.938,107.7556,Asia/Jakarta,"BMKG representative point: Hegarmanah, Kecamatan Jatinangor",27-09-2026,ECMWF,Open-Meteo / ECMWF,14:00,2026-09-27 14:00:00,28.1,59.0,1.1,2.2,0.0,1.6083,Hujan Ringan,wmo:55
jatinangor,"Jatinangor, Sumedang",2026-09-27,32.11.15.2002,Hegarmanah,kecamatan,yes,-6.938,107.7556,Asia/Jakarta,"BMKG representative point: Hegarmanah, Kecamatan Jatinangor",27-09-2026,ECMWF,Open-Meteo / ECMWF,15:00,2026-09-27 15:00:00,25.7,71.0,1.1,6.3,0.0,1.6083,Hujan Ringan,wmo:55
jatinangor,"Jatinangor, Sumedang",2026-09-27,32.11.15.2002,Hegarmanah,kecamatan,yes,-6.938,107.7556,Asia/Jakarta,"BMKG representative point: Hegarmanah, Kecamatan Jatinangor",27-09-2026,ECMWF,Open-Meteo / ECMWF,16:00,2026-09-27 16:00:00,23.9,80.0,1.1,8.5,0.0,1.6083,Hujan Ringan,wmo:55
jatinangor,"Jatinangor, Sumedang",2026-09-27,32.11.15.2002,Hegarmanah,kecamatan,yes,-6.938,107.7556,Asia/Jakarta,"BMKG representative point: Hegarmanah, Kecamatan Jatinangor",27-09-2026,ECMWF,Open-Meteo / ECMWF,17:00,2026-09-27 17:00:00,23.2,85.0,0.1,7.3,0.0,1.6083,Hujan Ringan,wmo:51
jatinangor,"Jatinangor, Sumedang",2026-09-27,32.11.15.2002,Hegarmanah,kecamatan,yes,-6.938,107.7556,Asia/Jakarta,"BMKG representative point: Hegarmanah, Kecamatan Jatinangor",27-09-2026,ECMWF,Open-Meteo / ECMWF,18:00,2026-09-27 18:00:00,22.9,89.0,0.1,4.3,0.0,1.6083,Hujan Ringan,wmo:51
jatinangor,"Jatinangor, Sumedang",2026-09-27,32.11.15.2002,Hegarmanah,kecamatan,yes,-6.938,107.7556,Asia/Jakarta,"BMKG representative point: Hegarmanah, Kecamatan Jatinangor",27-09-2026,ECMWF,Open-Meteo / ECMWF,19:00,2026-09-27 19:00:00,22.7,91.0,0.1,2.1,0.0,1.6083,Hujan Ringan,wmo:51
jatinangor,"Jatinangor, Sumedang",2026-09-27,32.11.15.2002,Hegarmanah,kecamatan,yes,-6.938,107.7556,Asia/Jakarta,"BMKG representative point: Hegarmanah, Kecamatan Jatinangor",27-09-2026,ECMWF,Open-Meteo / ECMWF,20:00,2026-09-27 20:00:00,22.5,92.0,0.2,1.5,0.0,1.6083,Hujan Ringan,wmo:51
jatinangor,"Jatinangor, Sumedang",2026-09-27,32.11.15.2002,Hegarmanah,kecamatan,yes,-6.938,107.7556,Asia/Jakarta,"BMKG representative point: Hegarmanah, Kecamatan Jatinangor",27-09-2026,ECMWF,Open-Meteo / ECMWF,21:00,2026-09-27 21:00:00,22.3,93.0,0.2,1.6,0.0,1.6083,Hujan Ringan,wmo:51
jatinangor,"Jatinangor, Sumedang",2026-09-27,32.11.15.2002,Hegarmanah,kecamatan,yes,-6.938,107.7556,Asia/Jakarta,"BMKG representative point: Hegarmanah, Kecamatan Jatinangor",27-09-2026,ECMWF,Open-Meteo / ECMWF,22:00,2026-09-27 22:00:00,22.2,93.0,0.2,1.8,0.0,1.6083,Hujan Ringan,wmo:51
jatinangor,"Jatinangor, Sumedang",2026-09-27,32.11.15.2002,Hegarmanah,kecamatan,yes,-6.938,107.7556,Asia/Jakarta,"BMKG representative point: Hegarmanah, Kecamatan Jatinangor",27-09-2026,ECMWF,Open-Meteo / ECMWF,23:00,2026-09-27 23:00:00,22.0,93.0,0.1,1.6,0.0,1.6083,Hujan Ringan,wmo:51
jatinangor,"Jatinangor, Sumedang",2026-09-27,32.11.15.2002,Hegarmanah,kecamatan,yes,-6.938,107.7556,Asia/Jakarta,"BMKG representative point: Hegarmanah, Kecamatan Jatinangor",27-09-2026,GFS,Open-Meteo / NOAA GFS,00:00,2026-09-27 00:00:00,20.2,93.0,0.0,2.9,0.0,1.2993,Berawan,wmo:3
jatinangor,"Jatinangor, Sumedang",2026-09-27,32.11.15.2002,Hegarmanah,kecamatan,yes,-6.938,107.7556,Asia/Jakarta,"BMKG representative point: Hegarmanah, Kecamatan Jatinangor",27-09-2026,GFS,Open-Meteo / NOAA GFS,01:00,2026-09-27 01:00:00,19.9,93.0,0.0,1.3,0.0,1.2993,Cerah Berawan,wmo:1
jatinangor,"Jatinangor, Sumedang",2026-09-27,32.11.15.2002,Hegarmanah,kecamatan,yes,-6.938,107.7556,Asia/Jakarta,"BMKG representative point: Hegarmanah, Kecamatan Jatinangor",27-09-2026,GFS,Open-Meteo / NOAA GFS,02:00,2026-09-27 02:00:00,19.7,94.0,0.0,0.8,0.0,1.2993,Cerah,wmo:0
jatinangor,"Jatinangor, Sumedang",2026-09-27,32.11.15.2002,Hegarmanah,kecamatan,yes,-6.938,107.7556,Asia/Jakarta,"BMKG representative point: Hegarmanah, Kecamatan Jatinangor",27-09-2026,GFS,Open-Meteo / NOAA GFS,03:00,2026-09-27 03:00:00,19.5,95.0,0.1,1.0,0.0,1.2993,Hujan Ringan,wmo:51
jatinangor,"Jatinangor, Sumedang",2026-09-27,32.11.15.2002,Hegarmanah,kecamatan,yes,-6.938,107.7556,Asia/Jakarta,"BMKG representative point: Hegarmanah, Kecamatan Jatinangor",27-09-2026,GFS,Open-Meteo / NOAA GFS,04:00,2026-09-27 04:00:00,19.5,95.0,0.2,4.2,0.0,1.2993,Hujan Ringan,wmo:51
jatinangor,"Jatinangor, Sumedang",2026-09-27,32.11.15.2002,Hegarmanah,kecamatan,yes,-6.938,107.7556,Asia/Jakarta,"BMKG representative point: Hegarmanah, Kecamatan Jatinangor",27-09-2026,GFS,Open-Meteo / NOAA GFS,05:00,2026-09-27 05:00:00,19.5,95.0,0.2,3.7,0.0,1.2993,Hujan Ringan,wmo:51
jatinangor,"Jatinangor, Sumedang",2026-09-27,32.11.15.2002,Hegarmanah,kecamatan,yes,-6.938,107.7556,Asia/Jakarta,"BMKG representative point: Hegarmanah, Kecamatan Jatinangor",27-09-2026,GFS,Open-Meteo / NOAA GFS,06:00,2026-09-27 06:00:00,20.0,93.0,0.2,3.6,0.0,1.2993,Hujan Ringan,wmo:51
jatinangor,"Jatinangor, Sumedang",2026-09-27,32.11.15.2002,Hegarmanah,kecamatan,yes,-6.938,107.7556,Asia/Jakarta,"BMKG representative point: Hegarmanah, Kecamatan Jatinangor",27-09-2026,GFS,Open-Meteo / NOAA GFS,07:00,2026-09-27 07:00:00,22.7,81.0,0.0,3.8,0.0,1.2993,Cerah,wmo:0
jatinangor,"Jatinangor, Sumedang",2026-09-27,32.11.15.2002,Hegarmanah,kecamatan,yes,-6.938,107.7556,Asia/Jakarta,"BMKG representative point: Hegarmanah, Kecamatan Jatinangor",27-09-2026,GFS,Open-Meteo / NOAA GFS,08:00,2026-09-27 08:00:00,26.2,67.0,0.0,3.6,0.0,1.2993,Cerah,wmo:0
jatinangor,"Jatinangor, Sumedang",2026-09-27,32.11.15.2002,Hegarmanah,kecamatan,yes,-6.938,107.7556,Asia/Jakarta,"BMKG representative point: Hegarmanah, Kecamatan Jatinangor",27-09-2026,GFS,Open-Meteo / NOAA GFS,09:00,2026-09-27 09:00:00,28.5,57.0,0.6,5.2,0.0,1.2993,Hujan Ringan,wmo:53
jatinangor,"Jatinangor, Sumedang",2026-09-27,32.11.15.2002,Hegarmanah,kecamatan,yes,-6.938,107.7556,Asia/Jakarta,"BMKG representative point: Hegarmanah, Kecamatan Jatinangor",27-09-2026,GFS,Open-Meteo / NOAA GFS,10:00,2026-09-27 10:00:00,29.1,52.0,2.1,7.7,0.0,1.2993,Hujan Ringan,wmo:80
jatinangor,"Jatinangor, Sumedang",2026-09-27,32.11.15.2002,Hegarmanah,kecamatan,yes,-6.938,107.7556,Asia/Jakarta,"BMKG representative point: Hegarmanah, Kecamatan Jatinangor",27-09-2026,GFS,Open-Meteo / NOAA GFS,11:00,2026-09-27 11:00:00,30.3,48.0,1.2,8.3,0.0,1.2993,Hujan Ringan,wmo:55
jatinangor,"Jatinangor, Sumedang",2026-09-27,32.11.15.2002,Hegarmanah,kecamatan,yes,-6.938,107.7556,Asia/Jakarta,"BMKG representative point: Hegarmanah, Kecamatan Jatinangor",27-09-2026,GFS,Open-Meteo / NOAA GFS,12:00,2026-09-27 12:00:00,31.1,45.0,0.5,11.3,0.0,1.2993,Hujan Ringan,wmo:53
jatinangor,"Jatinangor, Sumedang",2026-09-27,32.11.15.2002,Hegarmanah,kecamatan,yes,-6.938,107.7556,Asia/Jakarta,"BMKG representative point: Hegarmanah, Kecamatan Jatinangor",27-09-2026,GFS,Open-Meteo / NOAA GFS,13:00,2026-09-27 13:00:00,30.1,47.0,0.5,11.4,0.0,1.2993,Hujan Ringan,wmo:53
jatinangor,"Jatinangor, Sumedang",2026-09-27,32.11.15.2002,Hegarmanah,kecamatan,yes,-6.938,107.7556,Asia/Jakarta,"BMKG representative point: Hegarmanah, Kecamatan Jatinangor",27-09-2026,GFS,Open-Meteo / NOAA GFS,14:00,2026-09-27 14:00:00,27.7,58.0,1.0,9.4,0.0,1.2993,Hujan Ringan,wmo:55
jatinangor,"Jatinangor, Sumedang",2026-09-27,32.11.15.2002,Hegarmanah,kecamatan,yes,-6.938,107.7556,Asia/Jakarta,"BMKG representative point: Hegarmanah, Kecamatan Jatinangor",27-09-2026,GFS,Open-Meteo / NOAA GFS,15:00,2026-09-27 15:00:00,24.8,73.0,2.8,12.3,0.0,1.2993,Hujan Sedang,wmo:81
jatinangor,"Jatinangor, Sumedang",2026-09-27,32.11.15.2002,Hegarmanah,kecamatan,yes,-6.938,107.7556,Asia/Jakarta,"BMKG representative point: Hegarmanah, Kecamatan Jatinangor",27-09-2026,GFS,Open-Meteo / NOAA GFS,16:00,2026-09-27 16:00:00,25.0,74.0,0.8,11.7,0.0,1.2993,Hujan Ringan,wmo:53
jatinangor,"Jatinangor, Sumedang",2026-09-27,32.11.15.2002,Hegarmanah,kecamatan,yes,-6.938,107.7556,Asia/Jakarta,"BMKG representative point: Hegarmanah, Kecamatan Jatinangor",27-09-2026,GFS,Open-Meteo / NOAA GFS,17:00,2026-09-27 17:00:00,23.1,84.0,0.4,7.7,0.0,1.2993,Hujan Ringan,wmo:51
jatinangor,"Jatinangor, Sumedang",2026-09-27,32.11.15.2002,Hegarmanah,kecamatan,yes,-6.938,107.7556,Asia/Jakarta,"BMKG representative point: Hegarmanah, Kecamatan Jatinangor",27-09-2026,GFS,Open-Meteo / NOAA GFS,18:00,2026-09-27 18:00:00,22.4,89.0,0.4,5.5,0.0,1.2993,Hujan Ringan,wmo:51
jatinangor,"Jatinangor, Sumedang",2026-09-27,32.11.15.2002,Hegarmanah,kecamatan,yes,-6.938,107.7556,Asia/Jakarta,"BMKG representative point: Hegarmanah, Kecamatan Jatinangor",27-09-2026,GFS,Open-Meteo / NOAA GFS,19:00,2026-09-27 19:00:00,22.2,89.0,0.5,5.1,0.0,1.2993,Hujan Ringan,wmo:53
jatinangor,"Jatinangor, Sumedang",2026-09-27,32.11.15.2002,Hegarmanah,kecamatan,yes,-6.938,107.7556,Asia/Jakarta,"BMKG representative point: Hegarmanah, Kecamatan Jatinangor",27-09-2026,GFS,Open-Meteo / NOAA GFS,20:00,2026-09-27 20:00:00,22.3,88.0,0.0,2.9,0.0,1.2993,Berawan,wmo:3
jatinangor,"Jatinangor, Sumedang",2026-09-27,32.11.15.2002,Hegarmanah,kecamatan,yes,-6.938,107.7556,Asia/Jakarta,"BMKG representative point: Hegarmanah, Kecamatan Jatinangor",27-09-2026,GFS,Open-Meteo / NOAA GFS,21:00,2026-09-27 21:00:00,22.1,89.0,0.5,1.8,0.0,1.2993,Hujan Ringan,wmo:53
jatinangor,"Jatinangor, Sumedang",2026-09-27,32.11.15.2002,Hegarmanah,kecamatan,yes,-6.938,107.7556,Asia/Jakarta,"BMKG representative point: Hegarmanah, Kecamatan Jatinangor",27-09-2026,GFS,Open-Meteo / NOAA GFS,22:00,2026-09-27 22:00:00,22.3,87.0,0.6,3.3,0.0,1.2993,Hujan Ringan,wmo:53
jatinangor,"Jatinangor, Sumedang",2026-09-27,32.11.15.2002,Hegarmanah,kecamatan,yes,-6.938,107.7556,Asia/Jakarta,"BMKG representative point: Hegarmanah, Kecamatan Jatinangor",27-09-2026,GFS,Open-Meteo / NOAA GFS,23:00,2026-09-27 23:00:00,21.8,88.0,0.7,3.1,0.0,1.2993,Hujan Ringan,wmo:53
jatinangor,"Jatinangor, Sumedang",2026-09-27,32.11.15.2002,Hegarmanah,kecamatan,yes,-6.938,107.7556,Asia/Jakarta,"BMKG representative point: Hegarmanah, Kecamatan Jatinangor",27-09-2026,ICON,Open-Meteo / DWD ICON,00:00,2026-09-27 00:00:00,23.2,90.0,0.0,3.6,0.0,1.4376,Berawan,wmo:3
jatinangor,"Jatinangor, Sumedang",2026-09-27,32.11.15.2002,Hegarmanah,kecamatan,yes,-6.938,107.7556,Asia/Jakarta,"BMKG representative point: Hegarmanah, Kecamatan Jatinangor",27-09-2026,ICON,Open-Meteo / DWD ICON,01:00,2026-09-27 01:00:00,23.2,91.0,0.0,3.1,0.0,1.4376,Berawan,wmo:3
jatinangor,"Jatinangor, Sumedang",2026-09-27,32.11.15.2002,Hegarmanah,kecamatan,yes,-6.938,107.7556,Asia/Jakarta,"BMKG representative point: Hegarmanah, Kecamatan Jatinangor",27-09-2026,ICON,Open-Meteo / DWD ICON,02:00,2026-09-27 02:00:00,23.1,91.0,0.0,1.0,0.0,1.4376,Berawan,wmo:3
jatinangor,"Jatinangor, Sumedang",2026-09-27,32.11.15.2002,Hegarmanah,kecamatan,yes,-6.938,107.7556,Asia/Jakarta,"BMKG representative point: Hegarmanah, Kecamatan Jatinangor",27-09-2026,ICON,Open-Meteo / DWD ICON,03:00,2026-09-27 03:00:00,22.9,91.0,0.0,1.5,0.0,1.4376,Berawan,wmo:3
jatinangor,"Jatinangor, Sumedang",2026-09-27,32.11.15.2002,Hegarmanah,kecamatan,yes,-6.938,107.7556,Asia/Jakarta,"BMKG representative point: Hegarmanah, Kecamatan Jatinangor",27-09-2026,ICON,Open-Meteo / DWD ICON,04:00,2026-09-27 04:00:00,22.6,92.0,0.0,1.9,0.0,1.4376,Berawan,wmo:3
jatinangor,"Jatinangor, Sumedang",2026-09-27,32.11.15.2002,Hegarmanah,kecamatan,yes,-6.938,107.7556,Asia/Jakarta,"BMKG representative point: Hegarmanah, Kecamatan Jatinangor",27-09-2026,ICON,Open-Meteo / DWD ICON,05:00,2026-09-27 05:00:00,22.3,93.0,0.0,2.5,0.0,1.4376,Berawan,wmo:3
jatinangor,"Jatinangor, Sumedang",2026-09-27,32.11.15.2002,Hegarmanah,kecamatan,yes,-6.938,107.7556,Asia/Jakarta,"BMKG representative point: Hegarmanah, Kecamatan Jatinangor",27-09-2026,ICON,Open-Meteo / DWD ICON,06:00,2026-09-27 06:00:00,22.3,93.0,0.0,2.2,0.0,1.4376,Berawan,wmo:3
jatinangor,"Jatinangor, Sumedang",2026-09-27,32.11.15.2002,Hegarmanah,kecamatan,yes,-6.938,107.7556,Asia/Jakarta,"BMKG representative point: Hegarmanah, Kecamatan Jatinangor",27-09-2026,ICON,Open-Meteo / DWD ICON,07:00,2026-09-27 07:00:00,23.4,91.0,0.0,1.8,0.0,1.4376,Cerah Berawan,wmo:2
jatinangor,"Jatinangor, Sumedang",2026-09-27,32.11.15.2002,Hegarmanah,kecamatan,yes,-6.938,107.7556,Asia/Jakarta,"BMKG representative point: Hegarmanah, Kecamatan Jatinangor",27-09-2026,ICON,Open-Meteo / DWD ICON,08:00,2026-09-27 08:00:00,25.3,80.0,0.0,1.8,0.0,1.4376,Cerah Berawan,wmo:2
jatinangor,"Jatinangor, Sumedang",2026-09-27,32.11.15.2002,Hegarmanah,kecamatan,yes,-6.938,107.7556,Asia/Jakarta,"BMKG representative point: Hegarmanah, Kecamatan Jatinangor",27-09-2026,ICON,Open-Meteo / DWD ICON,09:00,2026-09-27 09:00:00,26.5,74.0,0.0,2.4,0.0,1.4376,Cerah Berawan,wmo:2
jatinangor,"Jatinangor, Sumedang",2026-09-27,32.11.15.2002,Hegarmanah,kecamatan,yes,-6.938,107.7556,Asia/Jakarta,"BMKG representative point: Hegarmanah, Kecamatan Jatinangor",27-09-2026,ICON,Open-Meteo / DWD ICON,10:00,2026-09-27 10:00:00,27.5,70.0,0.0,3.4,0.0,1.4376,Cerah Berawan,wmo:2
jatinangor,"Jatinangor, Sumedang",2026-09-27,32.11.15.2002,Hegarmanah,kecamatan,yes,-6.938,107.7556,Asia/Jakarta,"BMKG representative point: Hegarmanah, Kecamatan Jatinangor",27-09-2026,ICON,Open-Meteo / DWD ICON,11:00,2026-09-27 11:00:00,28.7,64.0,0.0,5.1,0.0,1.4376,Cerah Berawan,wmo:2
jatinangor,"Jatinangor, Sumedang",2026-09-27,32.11.15.2002,Hegarmanah,kecamatan,yes,-6.938,107.7556,Asia/Jakarta,"BMKG representative point: Hegarmanah, Kecamatan Jatinangor",27-09-2026,ICON,Open-Meteo / DWD ICON,12:00,2026-09-27 12:00:00,29.7,60.0,0.0,5.8,0.0,1.4376,Cerah Berawan,wmo:2
jatinangor,"Jatinangor, Sumedang",2026-09-27,32.11.15.2002,Hegarmanah,kecamatan,yes,-6.938,107.7556,Asia/Jakarta,"BMKG representative point: Hegarmanah, Kecamatan Jatinangor",27-09-2026,ICON,Open-Meteo / DWD ICON,13:00,2026-09-27 13:00:00,30.3,57.0,0.0,4.8,0.0,1.4376,Cerah Berawan,wmo:2
jatinangor,"Jatinangor, Sumedang",2026-09-27,32.11.15.2002,Hegarmanah,kecamatan,yes,-6.938,107.7556,Asia/Jakarta,"BMKG representative point: Hegarmanah, Kecamatan Jatinangor",27-09-2026,ICON,Open-Meteo / DWD ICON,14:00,2026-09-27 14:00:00,30.8,54.0,0.0,5.9,0.0,1.4376,Cerah Berawan,wmo:2
jatinangor,"Jatinangor, Sumedang",2026-09-27,32.11.15.2002,Hegarmanah,kecamatan,yes,-6.938,107.7556,Asia/Jakarta,"BMKG representative point: Hegarmanah, Kecamatan Jatinangor",27-09-2026,ICON,Open-Meteo / DWD ICON,15:00,2026-09-27 15:00:00,30.4,53.0,0.0,12.6,0.0,1.4376,Berawan,wmo:3
jatinangor,"Jatinangor, Sumedang",2026-09-27,32.11.15.2002,Hegarmanah,kecamatan,yes,-6.938,107.7556,Asia/Jakarta,"BMKG representative point: Hegarmanah, Kecamatan Jatinangor",27-09-2026,ICON,Open-Meteo / DWD ICON,16:00,2026-09-27 16:00:00,28.0,65.0,1.1,11.6,0.0,1.4376,Hujan Lebat,wmo:95
jatinangor,"Jatinangor, Sumedang",2026-09-27,32.11.15.2002,Hegarmanah,kecamatan,yes,-6.938,107.7556,Asia/Jakarta,"BMKG representative point: Hegarmanah, Kecamatan Jatinangor",27-09-2026,ICON,Open-Meteo / DWD ICON,17:00,2026-09-27 17:00:00,26.7,72.0,0.9,7.2,0.0,1.4376,Hujan Lebat,wmo:95
jatinangor,"Jatinangor, Sumedang",2026-09-27,32.11.15.2002,Hegarmanah,kecamatan,yes,-6.938,107.7556,Asia/Jakarta,"BMKG representative point: Hegarmanah, Kecamatan Jatinangor",27-09-2026,ICON,Open-Meteo / DWD ICON,18:00,2026-09-27 18:00:00,25.7,78.0,3.3,5.2,0.0,1.4376,Hujan Lebat,wmo:95
jatinangor,"Jatinangor, Sumedang",2026-09-27,32.11.15.2002,Hegarmanah,kecamatan,yes,-6.938,107.7556,Asia/Jakarta,"BMKG representative point: Hegarmanah, Kecamatan Jatinangor",27-09-2026,ICON,Open-Meteo / DWD ICON,19:00,2026-09-27 19:00:00,24.9,84.0,4.1,2.1,0.0,1.4376,Hujan Lebat,wmo:95
jatinangor,"Jatinangor, Sumedang",2026-09-27,32.11.15.2002,Hegarmanah,kecamatan,yes,-6.938,107.7556,Asia/Jakarta,"BMKG representative point: Hegarmanah, Kecamatan Jatinangor",27-09-2026,ICON,Open-Meteo / DWD ICON,20:00,2026-09-27 20:00:00,23.8,88.0,1.7,7.0,0.0,1.4376,Hujan Ringan,wmo:80
jatinangor,"Jatinangor, Sumedang",2026-09-27,32.11.15.2002,Hegarmanah,kecamatan,yes,-6.938,107.7556,Asia/Jakarta,"BMKG representative point: Hegarmanah, Kecamatan Jatinangor",27-09-2026,ICON,Open-Meteo / DWD ICON,21:00,2026-09-27 21:00:00,23.6,89.0,0.0,2.6,0.0,1.4376,Berawan,wmo:3
jatinangor,"Jatinangor, Sumedang",2026-09-27,32.11.15.2002,Hegarmanah,kecamatan,yes,-6.938,107.7556,Asia/Jakarta,"BMKG representative point: Hegarmanah, Kecamatan Jatinangor",27-09-2026,ICON,Open-Meteo / DWD ICON,22:00,2026-09-27 22:00:00,23.3,88.0,0.0,6.3,0.0,1.4376,Berawan,wmo:3
jatinangor,"Jatinangor, Sumedang",2026-09-27,32.11.15.2002,Hegarmanah,kecamatan,yes,-6.938,107.7556,Asia/Jakarta,"BMKG representative point: Hegarmanah, Kecamatan Jatinangor",27-09-2026,ICON,Open-Meteo / DWD ICON,23:00,2026-09-27 23:00:00,23.1,86.0,0.0,4.6,0.0,1.4376,Cerah Berawan,wmo:2
jatinangor,"Jatinangor, Sumedang",2026-09-27,32.11.15.2002,Hegarmanah,kecamatan,yes,-6.938,107.7556,Asia/Jakarta,"BMKG representative point: Hegarmanah, Kecamatan Jatinangor",27-09-2026,KMA,Open-Meteo / KMA,00:00,2026-09-27 00:00:00,,,,,0.0,0.5053,Berawan,wmo:None
jatinangor,"Jatinangor, Sumedang",2026-09-27,32.11.15.2002,Hegarmanah,kecamatan,yes,-6.938,107.7556,Asia/Jakarta,"BMKG representative point: Hegarmanah, Kecamatan Jatinangor",27-09-2026,KMA,Open-Meteo / KMA,01:00,2026-09-27 01:00:00,,,,,0.0,0.5053,Berawan,wmo:None
jatinangor,"Jatinangor, Sumedang",2026-09-27,32.11.15.2002,Hegarmanah,kecamatan,yes,-6.938,107.7556,Asia/Jakarta,"BMKG representative point: Hegarmanah, Kecamatan Jatinangor",27-09-2026,KMA,Open-Meteo / KMA,02:00,2026-09-27 02:00:00,,,,,0.0,0.5053,Berawan,wmo:None
jatinangor,"Jatinangor, Sumedang",2026-09-27,32.11.15.2002,Hegarmanah,kecamatan,yes,-6.938,107.7556,Asia/Jakarta,"BMKG representative point: Hegarmanah, Kecamatan Jatinangor",27-09-2026,KMA,Open-Meteo / KMA,03:00,2026-09-27 03:00:00,,,,,0.0,0.5053,Berawan,wmo:None
jatinangor,"Jatinangor, Sumedang",2026-09-27,32.11.15.2002,Hegarmanah,kecamatan,yes,-6.938,107.7556,Asia/Jakarta,"BMKG representative point: Hegarmanah, Kecamatan Jatinangor",27-09-2026,KMA,Open-Meteo / KMA,04:00,2026-09-27 04:00:00,,,,,0.0,0.5053,Berawan,wmo:None
jatinangor,"Jatinangor, Sumedang",2026-09-27,32.11.15.2002,Hegarmanah,kecamatan,yes,-6.938,107.7556,Asia/Jakarta,"BMKG representative point: Hegarmanah, Kecamatan Jatinangor",27-09-2026,KMA,Open-Meteo / KMA,05:00,2026-09-27 05:00:00,,,,,0.0,0.5053,Berawan,wmo:None
jatinangor,"Jatinangor, Sumedang",2026-09-27,32.11.15.2002,Hegarmanah,kecamatan,yes,-6.938,107.7556,Asia/Jakarta,"BMKG representative point: Hegarmanah, Kecamatan Jatinangor",27-09-2026,KMA,Open-Meteo / KMA,06:00,2026-09-27 06:00:00,,,,,0.0,0.5053,Berawan,wmo:None
jatinangor,"Jatinangor, Sumedang",2026-09-27,32.11.15.2002,Hegarmanah,kecamatan,yes,-6.938,107.7556,Asia/Jakarta,"BMKG representative point: Hegarmanah, Kecamatan Jatinangor",27-09-2026,KMA,Open-Meteo / KMA,07:00,2026-09-27 07:00:00,,,,,0.0,0.5053,Berawan,wmo:None
jatinangor,"Jatinangor, Sumedang",2026-09-27,32.11.15.2002,Hegarmanah,kecamatan,yes,-6.938,107.7556,Asia/Jakarta,"BMKG representative point: Hegarmanah, Kecamatan Jatinangor",27-09-2026,KMA,Open-Meteo / KMA,08:00,2026-09-27 08:00:00,,,,,0.0,0.5053,Berawan,wmo:None
jatinangor,"Jatinangor, Sumedang",2026-09-27,32.11.15.2002,Hegarmanah,kecamatan,yes,-6.938,107.7556,Asia/Jakarta,"BMKG representative point: Hegarmanah, Kecamatan Jatinangor",27-09-2026,KMA,Open-Meteo / KMA,09:00,2026-09-27 09:00:00,,,,,0.0,0.5053,Berawan,wmo:None
jatinangor,"Jatinangor, Sumedang",2026-09-27,32.11.15.2002,Hegarmanah,kecamatan,yes,-6.938,107.7556,Asia/Jakarta,"BMKG representative point: Hegarmanah, Kecamatan Jatinangor",27-09-2026,KMA,Open-Meteo / KMA,10:00,2026-09-27 10:00:00,,,,,0.0,0.5053,Berawan,wmo:None
jatinangor,"Jatinangor, Sumedang",2026-09-27,32.11.15.2002,Hegarmanah,kecamatan,yes,-6.938,107.7556,Asia/Jakarta,"BMKG representative point: Hegarmanah, Kecamatan Jatinangor",27-09-2026,KMA,Open-Meteo / KMA,11:00,2026-09-27 11:00:00,,,,,0.0,0.5053,Berawan,wmo:None
jatinangor,"Jatinangor, Sumedang",2026-09-27,32.11.15.2002,Hegarmanah,kecamatan,yes,-6.938,107.7556,Asia/Jakarta,"BMKG representative point: Hegarmanah, Kecamatan Jatinangor",27-09-2026,KMA,Open-Meteo / KMA,12:00,2026-09-27 12:00:00,,,,,0.0,0.5053,Berawan,wmo:None
jatinangor,"Jatinangor, Sumedang",2026-09-27,32.11.15.2002,Hegarmanah,kecamatan,yes,-6.938,107.7556,Asia/Jakarta,"BMKG representative point: Hegarmanah, Kecamatan Jatinangor",27-09-2026,KMA,Open-Meteo / KMA,13:00,2026-09-27 13:00:00,,,,,0.0,0.5053,Berawan,wmo:None
jatinangor,"Jatinangor, Sumedang",2026-09-27,32.11.15.2002,Hegarmanah,kecamatan,yes,-6.938,107.7556,Asia/Jakarta,"BMKG representative point: Hegarmanah, Kecamatan Jatinangor",27-09-2026,KMA,Open-Meteo / KMA,14:00,2026-09-27 14:00:00,,,,,0.0,0.5053,Berawan,wmo:None
jatinangor,"Jatinangor, Sumedang",2026-09-27,32.11.15.2002,Hegarmanah,kecamatan,yes,-6.938,107.7556,Asia/Jakarta,"BMKG representative point: Hegarmanah, Kecamatan Jatinangor",27-09-2026,KMA,Open-Meteo / KMA,15:00,2026-09-27 15:00:00,,,,,0.0,0.5053,Berawan,wmo:None
jatinangor,"Jatinangor, Sumedang",2026-09-27,32.11.15.2002,Hegarmanah,kecamatan,yes,-6.938,107.7556,Asia/Jakarta,"BMKG representative point: Hegarmanah, Kecamatan Jatinangor",27-09-2026,KMA,Open-Meteo / KMA,16:00,2026-09-27 16:00:00,,,,,0.0,0.5053,Berawan,wmo:None
jatinangor,"Jatinangor, Sumedang",2026-09-27,32.11.15.2002,Hegarmanah,kecamatan,yes,-6.938,107.7556,Asia/Jakarta,"BMKG representative point: Hegarmanah, Kecamatan Jatinangor",27-09-2026,KMA,Open-Meteo / KMA,17:00,2026-09-27 17:00:00,,,,,0.0,0.5053,Berawan,wmo:None
jatinangor,"Jatinangor, Sumedang",2026-09-27,32.11.15.2002,Hegarmanah,kecamatan,yes,-6.938,107.7556,Asia/Jakarta,"BMKG representative point: Hegarmanah, Kecamatan Jatinangor",27-09-2026,KMA,Open-Meteo / KMA,18:00,2026-09-27 18:00:00,,,,,0.0,0.5053,Berawan,wmo:None
jatinangor,"Jatinangor, Sumedang",2026-09-27,32.11.15.2002,Hegarmanah,kecamatan,yes,-6.938,107.7556,Asia/Jakarta,"BMKG representative point: Hegarmanah, Kecamatan Jatinangor",27-09-2026,KMA,Open-Meteo / KMA,19:00,2026-09-27 19:00:00,,,,,0.0,0.5053,Berawan,wmo:None
jatinangor,"Jatinangor, Sumedang",2026-09-27,32.11.15.2002,Hegarmanah,kecamatan,yes,-6.938,107.7556,Asia/Jakarta,"BMKG representative point: Hegarmanah, Kecamatan Jatinangor",27-09-2026,KMA,Open-Meteo / KMA,20:00,2026-09-27 20:00:00,,,,,0.0,0.5053,Berawan,wmo:None
jatinangor,"Jatinangor, Sumedang",2026-09-27,32.11.15.2002,Hegarmanah,kecamatan,yes,-6.938,107.7556,Asia/Jakarta,"BMKG representative point: Hegarmanah, Kecamatan Jatinangor",27-09-2026,KMA,Open-Meteo / KMA,21:00,2026-09-27 21:00:00,,,,,0.0,0.5053,Berawan,wmo:None
jatinangor,"Jatinangor, Sumedang",2026-09-27,32.11.15.2002,Hegarmanah,kecamatan,yes,-6.938,107.7556,Asia/Jakarta,"BMKG representative point: Hegarmanah, Kecamatan Jatinangor",27-09-2026,KMA,Open-Meteo / KMA,22:00,2026-09-27 22:00:00,,,,,0.0,0.5053,Berawan,wmo:None
jatinangor,"Jatinangor, Sumedang",2026-09-27,32.11.15.2002,Hegarmanah,kecamatan,yes,-6.938,107.7556,Asia/Jakarta,"BMKG representative point: Hegarmanah, Kecamatan Jatinangor",27-09-2026,KMA,Open-Meteo / KMA,23:00,2026-09-27 23:00:00,,,,,0.0,0.5053,Berawan,wmo:None
jatinangor,"Jatinangor, Sumedang",2026-09-27,32.11.15.2002,Hegarmanah,kecamatan,yes,-6.938,107.7556,Asia/Jakarta,"BMKG representative point: Hegarmanah, Kecamatan Jatinangor",27-09-2026,METEOFRANCE,Open-Meteo / Meteo-France,00:00,2026-09-27 00:00:00,25.9,89.0,0.9,4.7,0.0,1.3252,Hujan Ringan,wmo:53
jatinangor,"Jatinangor, Sumedang",2026-09-27,32.11.15.2002,Hegarmanah,kecamatan,yes,-6.938,107.7556,Asia/Jakarta,"BMKG representative point: Hegarmanah, Kecamatan Jatinangor",27-09-2026,METEOFRANCE,Open-Meteo / Meteo-France,01:00,2026-09-27 01:00:00,26.3,94.0,0.5,1.1,0.0,1.3252,Hujan Ringan,wmo:53
jatinangor,"Jatinangor, Sumedang",2026-09-27,32.11.15.2002,Hegarmanah,kecamatan,yes,-6.938,107.7556,Asia/Jakarta,"BMKG representative point: Hegarmanah, Kecamatan Jatinangor",27-09-2026,METEOFRANCE,Open-Meteo / Meteo-France,02:00,2026-09-27 02:00:00,26.2,94.0,0.0,1.5,0.0,1.3252,Berawan,wmo:3
jatinangor,"Jatinangor, Sumedang",2026-09-27,32.11.15.2002,Hegarmanah,kecamatan,yes,-6.938,107.7556,Asia/Jakarta,"BMKG representative point: Hegarmanah, Kecamatan Jatinangor",27-09-2026,METEOFRANCE,Open-Meteo / Meteo-France,03:00,2026-09-27 03:00:00,26.1,96.0,0.0,1.1,0.0,1.3252,Berawan,wmo:3
jatinangor,"Jatinangor, Sumedang",2026-09-27,32.11.15.2002,Hegarmanah,kecamatan,yes,-6.938,107.7556,Asia/Jakarta,"BMKG representative point: Hegarmanah, Kecamatan Jatinangor",27-09-2026,METEOFRANCE,Open-Meteo / Meteo-France,04:00,2026-09-27 04:00:00,26.0,97.0,0.1,0.4,0.0,1.3252,Hujan Ringan,wmo:51
jatinangor,"Jatinangor, Sumedang",2026-09-27,32.11.15.2002,Hegarmanah,kecamatan,yes,-6.938,107.7556,Asia/Jakarta,"BMKG representative point: Hegarmanah, Kecamatan Jatinangor",27-09-2026,METEOFRANCE,Open-Meteo / Meteo-France,05:00,2026-09-27 05:00:00,26.0,97.0,0.4,0.8,0.0,1.3252,Hujan Ringan,wmo:51
jatinangor,"Jatinangor, Sumedang",2026-09-27,32.11.15.2002,Hegarmanah,kecamatan,yes,-6.938,107.7556,Asia/Jakarta,"BMKG representative point: Hegarmanah, Kecamatan Jatinangor",27-09-2026,METEOFRANCE,Open-Meteo / Meteo-France,06:00,2026-09-27 06:00:00,26.0,97.0,0.5,0.7,0.0,1.3252,Hujan Ringan,wmo:53
jatinangor,"Jatinangor, Sumedang",2026-09-27,32.11.15.2002,Hegarmanah,kecamatan,yes,-6.938,107.7556,Asia/Jakarta,"BMKG representative point: Hegarmanah, Kecamatan Jatinangor",27-09-2026,METEOFRANCE,Open-Meteo / Meteo-France,07:00,2026-09-27 07:00:00,26.1,97.0,0.6,1.5,0.0,1.3252,Hujan Ringan,wmo:53
jatinangor,"Jatinangor, Sumedang",2026-09-27,32.11.15.2002,Hegarmanah,kecamatan,yes,-6.938,107.7556,Asia/Jakarta,"BMKG representative point: Hegarmanah, Kecamatan Jatinangor",27-09-2026,METEOFRANCE,Open-Meteo / Meteo-France,08:00,2026-09-27 08:00:00,26.3,96.0,0.3,2.3,0.0,1.3252,Hujan Ringan,wmo:51
jatinangor,"Jatinangor, Sumedang",2026-09-27,32.11.15.2002,Hegarmanah,kecamatan,yes,-6.938,107.7556,Asia/Jakarta,"BMKG representative point: Hegarmanah, Kecamatan Jatinangor",27-09-2026,METEOFRANCE,Open-Meteo / Meteo-France,09:00,2026-09-27 09:00:00,26.6,94.0,0.0,1.8,0.0,1.3252,Berawan,wmo:3
jatinangor,"Jatinangor, Sumedang",2026-09-27,32.11.15.2002,Hegarmanah,kecamatan,yes,-6.938,107.7556,Asia/Jakarta,"BMKG representative point: Hegarmanah, Kecamatan Jatinangor",27-09-2026,METEOFRANCE,Open-Meteo / Meteo-France,10:00,2026-09-27 10:00:00,27.6,88.0,0.0,1.3,0.0,1.3252,Cerah Berawan,wmo:2
jatinangor,"Jatinangor, Sumedang",2026-09-27,32.11.15.2002,Hegarmanah,kecamatan,yes,-6.938,107.7556,Asia/Jakarta,"BMKG representative point: Hegarmanah, Kecamatan Jatinangor",27-09-2026,METEOFRANCE,Open-Meteo / Meteo-France,11:00,2026-09-27 11:00:00,29.5,77.0,0.1,4.4,0.0,1.3252,Hujan Ringan,wmo:51
jatinangor,"Jatinangor, Sumedang",2026-09-27,32.11.15.2002,Hegarmanah,kecamatan,yes,-6.938,107.7556,Asia/Jakarta,"BMKG representative point: Hegarmanah, Kecamatan Jatinangor",27-09-2026,METEOFRANCE,Open-Meteo / Meteo-France,12:00,2026-09-27 12:00:00,32.1,62.0,0.1,7.4,0.0,1.3252,Hujan Ringan,wmo:51
jatinangor,"Jatinangor, Sumedang",2026-09-27,32.11.15.2002,Hegarmanah,kecamatan,yes,-6.938,107.7556,Asia/Jakarta,"BMKG representative point: Hegarmanah, Kecamatan Jatinangor",27-09-2026,METEOFRANCE,Open-Meteo / Meteo-France,13:00,2026-09-27 13:00:00,32.6,59.0,0.1,8.8,0.0,1.3252,Hujan Ringan,wmo:51
jatinangor,"Jatinangor, Sumedang",2026-09-27,32.11.15.2002,Hegarmanah,kecamatan,yes,-6.938,107.7556,Asia/Jakarta,"BMKG representative point: Hegarmanah, Kecamatan Jatinangor",27-09-2026,METEOFRANCE,Open-Meteo / Meteo-France,14:00,2026-09-27 14:00:00,31.2,69.0,0.5,9.4,0.0,1.3252,Hujan Ringan,wmo:53
jatinangor,"Jatinangor, Sumedang",2026-09-27,32.11.15.2002,Hegarmanah,kecamatan,yes,-6.938,107.7556,Asia/Jakarta,"BMKG representative point: Hegarmanah, Kecamatan Jatinangor",27-09-2026,METEOFRANCE,Open-Meteo / Meteo-France,15:00,2026-09-27 15:00:00,30.5,70.0,0.2,8.6,0.0,1.3252,Hujan Ringan,wmo:51
jatinangor,"Jatinangor, Sumedang",2026-09-27,32.11.15.2002,Hegarmanah,kecamatan,yes,-6.938,107.7556,Asia/Jakarta,"BMKG representative point: Hegarmanah, Kecamatan Jatinangor",27-09-2026,METEOFRANCE,Open-Meteo / Meteo-France,16:00,2026-09-27 16:00:00,30.4,67.0,0.2,8.3,0.0,1.3252,Hujan Ringan,wmo:51
jatinangor,"Jatinangor, Sumedang",2026-09-27,32.11.15.2002,Hegarmanah,kecamatan,yes,-6.938,107.7556,Asia/Jakarta,"BMKG representative point: Hegarmanah, Kecamatan Jatinangor",27-09-2026,METEOFRANCE,Open-Meteo / Meteo-France,17:00,2026-09-27 17:00:00,29.6,70.0,0.1,8.8,0.0,1.3252,Hujan Ringan,wmo:51
jatinangor,"Jatinangor, Sumedang",2026-09-27,32.11.15.2002,Hegarmanah,kecamatan,yes,-6.938,107.7556,Asia/Jakarta,"BMKG representative point: Hegarmanah, Kecamatan Jatinangor",27-09-2026,METEOFRANCE,Open-Meteo / Meteo-France,18:00,2026-09-27 18:00:00,28.4,71.0,0.1,9.2,0.0,1.3252,Hujan Ringan,wmo:51
jatinangor,"Jatinangor, Sumedang",2026-09-27,32.11.15.2002,Hegarmanah,kecamatan,yes,-6.938,107.7556,Asia/Jakarta,"BMKG representative point: Hegarmanah, Kecamatan Jatinangor",27-09-2026,METEOFRANCE,Open-Meteo / Meteo-France,19:00,2026-09-27 19:00:00,27.6,68.0,0.0,7.9,0.0,1.3252,Cerah Berawan,wmo:2
jatinangor,"Jatinangor, Sumedang",2026-09-27,32.11.15.2002,Hegarmanah,kecamatan,yes,-6.938,107.7556,Asia/Jakarta,"BMKG representative point: Hegarmanah, Kecamatan Jatinangor",27-09-2026,METEOFRANCE,Open-Meteo / Meteo-France,20:00,2026-09-27 20:00:00,26.9,67.0,0.0,6.3,0.0,1.3252,Cerah Berawan,wmo:1
jatinangor,"Jatinangor, Sumedang",2026-09-27,32.11.15.2002,Hegarmanah,kecamatan,yes,-6.938,107.7556,Asia/Jakarta,"BMKG representative point: Hegarmanah, Kecamatan Jatinangor",27-09-2026,METEOFRANCE,Open-Meteo / Meteo-France,21:00,2026-09-27 21:00:00,26.1,69.0,0.0,4.2,0.0,1.3252,Cerah Berawan,wmo:2
jatinangor,"Jatinangor, Sumedang",2026-09-27,32.11.15.2002,Hegarmanah,kecamatan,yes,-6.938,107.7556,Asia/Jakarta,"BMKG representative point: Hegarmanah, Kecamatan Jatinangor",27-09-2026,METEOFRANCE,Open-Meteo / Meteo-France,22:00,2026-09-27 22:00:00,25.6,71.0,0.0,1.4,0.0,1.3252,Cerah Berawan,wmo:2
jatinangor,"Jatinangor, Sumedang",2026-09-27,32.11.15.2002,Hegarmanah,kecamatan,yes,-6.938,107.7556,Asia/Jakarta,"BMKG representative point: Hegarmanah, Kecamatan Jatinangor",27-09-2026,METEOFRANCE,Open-Meteo / Meteo-France,23:00,2026-09-27 23:00:00,25.4,71.0,0.0,1.8,0.0,1.3252,Berawan,wmo:3
jatinangor,"Jatinangor, Sumedang",2026-09-27,32.11.15.2002,Hegarmanah,kecamatan,yes,-6.938,107.7556,Asia/Jakarta,"BMKG representative point: Hegarmanah, Kecamatan Jatinangor",27-09-2026,METNO,MET Norway,07:00,2026-09-27 09:00:00,26.2,72.3,0.0,5.04,120.0,0.7596,Berawan,cloudy
jatinangor,"Jatinangor, Sumedang",2026-09-27,32.11.15.2002,Hegarmanah,kecamatan,yes,-6.938,107.7556,Asia/Jakarta,"BMKG representative point: Hegarmanah, Kecamatan Jatinangor",27-09-2026,METNO,MET Norway,08:00,2026-09-27 09:00:00,26.2,72.3,0.0,5.04,60.0,1.0358,Berawan,cloudy
jatinangor,"Jatinangor, Sumedang",2026-09-27,32.11.15.2002,Hegarmanah,kecamatan,yes,-6.938,107.7556,Asia/Jakarta,"BMKG representative point: Hegarmanah, Kecamatan Jatinangor",27-09-2026,METNO,MET Norway,09:00,2026-09-27 09:00:00,26.2,72.3,0.0,5.04,0.0,1.381,Berawan,cloudy
jatinangor,"Jatinangor, Sumedang",2026-09-27,32.11.15.2002,Hegarmanah,kecamatan,yes,-6.938,107.7556,Asia/Jakarta,"BMKG representative point: Hegarmanah, Kecamatan Jatinangor",27-09-2026,METNO,MET Norway,10:00,2026-09-27 10:00:00,27.7,64.3,0.6,6.12,0.0,1.381,Hujan Ringan,rain
jatinangor,"Jatinangor, Sumedang",2026-09-27,32.11.15.2002,Hegarmanah,kecamatan,yes,-6.938,107.7556,Asia/Jakarta,"BMKG representative point: Hegarmanah, Kecamatan Jatinangor",27-09-2026,METNO,MET Norway,11:00,2026-09-27 11:00:00,25.8,72.7,1.2,7.2,0.0,1.381,Hujan Lebat,heavyrain
jatinangor,"Jatinangor, Sumedang",2026-09-27,32.11.15.2002,Hegarmanah,kecamatan,yes,-6.938,107.7556,Asia/Jakarta,"BMKG representative point: Hegarmanah, Kecamatan Jatinangor",27-09-2026,METNO,MET Norway,12:00,2026-09-27 12:00:00,26.4,72.9,0.3,8.28,0.0,1.381,Hujan Ringan,rainshowers_day
jatinangor,"Jatinangor, Sumedang",2026-09-27,32.11.15.2002,Hegarmanah,kecamatan,yes,-6.938,107.7556,Asia/Jakarta,"BMKG representative point: Hegarmanah, Kecamatan Jatinangor",27-09-2026,METNO,MET Norway,13:00,2026-09-27 13:00:00,28.6,61.1,1.0,6.84,0.0,1.381,Hujan Lebat,heavyrainshowers_day
jatinangor,"Jatinangor, Sumedang",2026-09-27,32.11.15.2002,Hegarmanah,kecamatan,yes,-6.938,107.7556,Asia/Jakarta,"BMKG representative point: Hegarmanah, Kecamatan Jatinangor",27-09-2026,METNO,MET Norway,14:00,2026-09-27 14:00:00,26.8,67.9,7.1,9.72,0.0,1.381,Hujan Lebat,heavyrain
jatinangor,"Jatinangor, Sumedang",2026-09-27,32.11.15.2002,Hegarmanah,kecamatan,yes,-6.938,107.7556,Asia/Jakarta,"BMKG representative point: Hegarmanah, Kecamatan Jatinangor",27-09-2026,METNO,MET Norway,15:00,2026-09-27 15:00:00,22.6,93.9,1.9,11.52,0.0,1.381,Hujan Lebat,heavyrain
jatinangor,"Jatinangor, Sumedang",2026-09-27,32.11.15.2002,Hegarmanah,kecamatan,yes,-6.938,107.7556,Asia/Jakarta,"BMKG representative point: Hegarmanah, Kecamatan Jatinangor",27-09-2026,METNO,MET Norway,16:00,2026-09-27 16:00:00,22.5,94.0,0.8,7.92,0.0,1.381,Hujan Ringan,rainshowers_day
jatinangor,"Jatinangor, Sumedang",2026-09-27,32.11.15.2002,Hegarmanah,kecamatan,yes,-6.938,107.7556,Asia/Jakarta,"BMKG representative point: Hegarmanah, Kecamatan Jatinangor",27-09-2026,METNO,MET Norway,17:00,2026-09-27 17:00:00,22.6,92.8,0.2,5.4,0.0,1.381,Hujan Ringan,lightrainshowers_day
jatinangor,"Jatinangor, Sumedang",2026-09-27,32.11.15.2002,Hegarmanah,kecamatan,yes,-6.938,107.7556,Asia/Jakarta,"BMKG representative point: Hegarmanah, Kecamatan Jatinangor",27-09-2026,METNO,MET Norway,18:00,2026-09-27 18:00:00,22.2,96.6,0.2,3.24,0.0,1.381,Hujan Ringan,lightrainshowers_night
jatinangor,"Jatinangor, Sumedang",2026-09-27,32.11.15.2002,Hegarmanah,kecamatan,yes,-6.938,107.7556,Asia/Jakarta,"BMKG representative point: Hegarmanah, Kecamatan Jatinangor",27-09-2026,METNO,MET Norway,19:00,2026-09-27 19:00:00,22.0,95.9,0.2,3.24,0.0,1.381,Hujan Ringan,lightrainshowers_night
jatinangor,"Jatinangor, Sumedang",2026-09-27,32.11.15.2002,Hegarmanah,kecamatan,yes,-6.938,107.7556,Asia/Jakarta,"BMKG representative point: Hegarmanah, Kecamatan Jatinangor",27-09-2026,METNO,MET Norway,20:00,2026-09-27 20:00:00,22.1,95.8,0.5,1.44,0.0,1.381,Hujan Ringan,rainshowers_night
jatinangor,"Jatinangor, Sumedang",2026-09-27,32.11.15.2002,Hegarmanah,kecamatan,yes,-6.938,107.7556,Asia/Jakarta,"BMKG representative point: Hegarmanah, Kecamatan Jatinangor",27-09-2026,METNO,MET Norway,21:00,2026-09-27 21:00:00,21.9,95.3,0.8,2.16,0.0,1.381,Hujan Ringan,rainshowers_night
jatinangor,"Jatinangor, Sumedang",2026-09-27,32.11.15.2002,Hegarmanah,kecamatan,yes,-6.938,107.7556,Asia/Jakarta,"BMKG representative point: Hegarmanah, Kecamatan Jatinangor",27-09-2026,METNO,MET Norway,22:00,2026-09-27 22:00:00,21.2,96.6,1.8,4.68,0.0,1.381,Hujan Lebat,heavyrain
jatinangor,"Jatinangor, Sumedang",2026-09-27,32.11.15.2002,Hegarmanah,kecamatan,yes,-6.938,107.7556,Asia/Jakarta,"BMKG representative point: Hegarmanah, Kecamatan Jatinangor",27-09-2026,METNO,MET Norway,23:00,2026-09-27 23:00:00,20.9,95.8,0.8,5.04,0.0,1.381,Hujan Ringan,rainshowers_night
jatinangor,"Jatinangor, Sumedang",2026-09-27,32.11.15.2002,Hegarmanah,kecamatan,yes,-6.938,107.7556,Asia/Jakarta,"BMKG representative point: Hegarmanah, Kecamatan Jatinangor",27-09-2026,UKMO,Open-Meteo / UK Met Office,00:00,2026-09-27 00:00:00,19.9,97.0,0.0,4.7,0.0,1.2216,Cerah,wmo:0
jatinangor,"Jatinangor, Sumedang",2026-09-27,32.11.15.2002,Hegarmanah,kecamatan,yes,-6.938,107.7556,Asia/Jakarta,"BMKG representative point: Hegarmanah, Kecamatan Jatinangor",27-09-2026,UKMO,Open-Meteo / UK Met Office,01:00,2026-09-27 01:00:00,18.9,99.0,0.0,2.9,0.0,1.2216,Cerah,wmo:0
jatinangor,"Jatinangor, Sumedang",2026-09-27,32.11.15.2002,Hegarmanah,kecamatan,yes,-6.938,107.7556,Asia/Jakarta,"BMKG representative point: Hegarmanah, Kecamatan Jatinangor",27-09-2026,UKMO,Open-Meteo / UK Met Office,02:00,2026-09-27 02:00:00,18.4,99.0,0.0,2.5,0.0,1.2216,Cerah,wmo:0
jatinangor,"Jatinangor, Sumedang",2026-09-27,32.11.15.2002,Hegarmanah,kecamatan,yes,-6.938,107.7556,Asia/Jakarta,"BMKG representative point: Hegarmanah, Kecamatan Jatinangor",27-09-2026,UKMO,Open-Meteo / UK Met Office,03:00,2026-09-27 03:00:00,17.9,99.0,0.0,1.4,0.0,1.2216,Cerah,wmo:0
jatinangor,"Jatinangor, Sumedang",2026-09-27,32.11.15.2002,Hegarmanah,kecamatan,yes,-6.938,107.7556,Asia/Jakarta,"BMKG representative point: Hegarmanah, Kecamatan Jatinangor",27-09-2026,UKMO,Open-Meteo / UK Met Office,04:00,2026-09-27 04:00:00,17.5,99.0,0.0,1.4,0.0,1.2216,Cerah,wmo:0
jatinangor,"Jatinangor, Sumedang",2026-09-27,32.11.15.2002,Hegarmanah,kecamatan,yes,-6.938,107.7556,Asia/Jakarta,"BMKG representative point: Hegarmanah, Kecamatan Jatinangor",27-09-2026,UKMO,Open-Meteo / UK Met Office,05:00,2026-09-27 05:00:00,17.3,100,0.0,2.2,0.0,1.2216,Cerah Berawan,wmo:1
jatinangor,"Jatinangor, Sumedang",2026-09-27,32.11.15.2002,Hegarmanah,kecamatan,yes,-6.938,107.7556,Asia/Jakarta,"BMKG representative point: Hegarmanah, Kecamatan Jatinangor",27-09-2026,UKMO,Open-Meteo / UK Met Office,06:00,2026-09-27 06:00:00,18.4,100,0.0,2.9,0.0,1.2216,Berawan,wmo:3
jatinangor,"Jatinangor, Sumedang",2026-09-27,32.11.15.2002,Hegarmanah,kecamatan,yes,-6.938,107.7556,Asia/Jakarta,"BMKG representative point: Hegarmanah, Kecamatan Jatinangor",27-09-2026,UKMO,Open-Meteo / UK Met Office,07:00,2026-09-27 07:00:00,20.7,95.0,0.0,2.2,0.0,1.2216,Cerah,wmo:0
jatinangor,"Jatinangor, Sumedang",2026-09-27,32.11.15.2002,Hegarmanah,kecamatan,yes,-6.938,107.7556,Asia/Jakarta,"BMKG representative point: Hegarmanah, Kecamatan Jatinangor",27-09-2026,UKMO,Open-Meteo / UK Met Office,08:00,2026-09-27 08:00:00,24.5,75.0,0.0,1.8,0.0,1.2216,Cerah,wmo:0
jatinangor,"Jatinangor, Sumedang",2026-09-27,32.11.15.2002,Hegarmanah,kecamatan,yes,-6.938,107.7556,Asia/Jakarta,"BMKG representative point: Hegarmanah, Kecamatan Jatinangor",27-09-2026,UKMO,Open-Meteo / UK Met Office,09:00,2026-09-27 09:00:00,26.4,63.0,0.0,1.4,0.0,1.2216,Berawan,wmo:3
jatinangor,"Jatinangor, Sumedang",2026-09-27,32.11.15.2002,Hegarmanah,kecamatan,yes,-6.938,107.7556,Asia/Jakarta,"BMKG representative point: Hegarmanah, Kecamatan Jatinangor",27-09-2026,UKMO,Open-Meteo / UK Met Office,10:00,2026-09-27 10:00:00,26.8,63.0,0.0,2.2,0.0,1.2216,Berawan,wmo:3
jatinangor,"Jatinangor, Sumedang",2026-09-27,32.11.15.2002,Hegarmanah,kecamatan,yes,-6.938,107.7556,Asia/Jakarta,"BMKG representative point: Hegarmanah, Kecamatan Jatinangor",27-09-2026,UKMO,Open-Meteo / UK Met Office,11:00,2026-09-27 11:00:00,27.7,62.0,0.1,5.4,0.0,1.2216,Hujan Ringan,wmo:51
jatinangor,"Jatinangor, Sumedang",2026-09-27,32.11.15.2002,Hegarmanah,kecamatan,yes,-6.938,107.7556,Asia/Jakarta,"BMKG representative point: Hegarmanah, Kecamatan Jatinangor",27-09-2026,UKMO,Open-Meteo / UK Met Office,12:00,2026-09-27 12:00:00,26.6,71.0,0.6,8.3,0.0,1.2216,Hujan Ringan,wmo:53
jatinangor,"Jatinangor, Sumedang",2026-09-27,32.11.15.2002,Hegarmanah,kecamatan,yes,-6.938,107.7556,Asia/Jakarta,"BMKG representative point: Hegarmanah, Kecamatan Jatinangor",27-09-2026,UKMO,Open-Meteo / UK Met Office,13:00,2026-09-27 13:00:00,27.7,65.0,0.5,8.6,0.0,1.2216,Hujan Ringan,wmo:53
jatinangor,"Jatinangor, Sumedang",2026-09-27,32.11.15.2002,Hegarmanah,kecamatan,yes,-6.938,107.7556,Asia/Jakarta,"BMKG representative point: Hegarmanah, Kecamatan Jatinangor",27-09-2026,UKMO,Open-Meteo / UK Met Office,14:00,2026-09-27 14:00:00,27.9,63.0,0.2,10.4,0.0,1.2216,Hujan Ringan,wmo:51
jatinangor,"Jatinangor, Sumedang",2026-09-27,32.11.15.2002,Hegarmanah,kecamatan,yes,-6.938,107.7556,Asia/Jakarta,"BMKG representative point: Hegarmanah, Kecamatan Jatinangor",27-09-2026,UKMO,Open-Meteo / UK Met Office,15:00,2026-09-27 15:00:00,28.3,62.0,0.1,11.9,0.0,1.2216,Hujan Ringan,wmo:51
jatinangor,"Jatinangor, Sumedang",2026-09-27,32.11.15.2002,Hegarmanah,kecamatan,yes,-6.938,107.7556,Asia/Jakarta,"BMKG representative point: Hegarmanah, Kecamatan Jatinangor",27-09-2026,UKMO,Open-Meteo / UK Met Office,16:00,2026-09-27 16:00:00,26.6,71.0,0.4,9.0,0.0,1.2216,Hujan Ringan,wmo:51
jatinangor,"Jatinangor, Sumedang",2026-09-27,32.11.15.2002,Hegarmanah,kecamatan,yes,-6.938,107.7556,Asia/Jakarta,"BMKG representative point: Hegarmanah, Kecamatan Jatinangor",27-09-2026,UKMO,Open-Meteo / UK Met Office,17:00,2026-09-27 17:00:00,25.1,82.0,0.5,6.8,0.0,1.2216,Hujan Ringan,wmo:53
jatinangor,"Jatinangor, Sumedang",2026-09-27,32.11.15.2002,Hegarmanah,kecamatan,yes,-6.938,107.7556,Asia/Jakarta,"BMKG representative point: Hegarmanah, Kecamatan Jatinangor",27-09-2026,UKMO,Open-Meteo / UK Met Office,18:00,2026-09-27 18:00:00,23.6,92.0,0.7,6.1,0.0,1.2216,Hujan Ringan,wmo:53
jatinangor,"Jatinangor, Sumedang",2026-09-27,32.11.15.2002,Hegarmanah,kecamatan,yes,-6.938,107.7556,Asia/Jakarta,"BMKG representative point: Hegarmanah, Kecamatan Jatinangor",27-09-2026,UKMO,Open-Meteo / UK Met Office,19:00,2026-09-27 19:00:00,22.9,97.0,1.9,4.3,0.0,1.2216,Hujan Ringan,wmo:80
jatinangor,"Jatinangor, Sumedang",2026-09-27,32.11.15.2002,Hegarmanah,kecamatan,yes,-6.938,107.7556,Asia/Jakarta,"BMKG representative point: Hegarmanah, Kecamatan Jatinangor",27-09-2026,UKMO,Open-Meteo / UK Met Office,20:00,2026-09-27 20:00:00,22.6,99.0,4.4,3.2,0.0,1.2216,Hujan Sedang,wmo:81
jatinangor,"Jatinangor, Sumedang",2026-09-27,32.11.15.2002,Hegarmanah,kecamatan,yes,-6.938,107.7556,Asia/Jakarta,"BMKG representative point: Hegarmanah, Kecamatan Jatinangor",27-09-2026,UKMO,Open-Meteo / UK Met Office,21:00,2026-09-27 21:00:00,22.4,98.0,6.6,2.5,0.0,1.2216,Hujan Sedang,wmo:81
jatinangor,"Jatinangor, Sumedang",2026-09-27,32.11.15.2002,Hegarmanah,kecamatan,yes,-6.938,107.7556,Asia/Jakarta,"BMKG representative point: Hegarmanah, Kecamatan Jatinangor",27-09-2026,UKMO,Open-Meteo / UK Met Office,22:00,2026-09-27 22:00:00,22.2,98.0,4.5,3.2,0.0,1.2216,Hujan Sedang,wmo:81
jatinangor,"Jatinangor, Sumedang",2026-09-27,32.11.15.2002,Hegarmanah,kecamatan,yes,-6.938,107.7556,Asia/Jakarta,"BMKG representative point: Hegarmanah, Kecamatan Jatinangor",27-09-2026,UKMO,Open-Meteo / UK Met Office,23:00,2026-09-27 23:00:00,21.7,98.0,1.1,2.2,0.0,1.2216,Hujan Ringan,wmo:55
jatinangor,"Jatinangor, Sumedang",2026-09-28,32.11.15.2002,Hegarmanah,kecamatan,yes,-6.938,107.7556,Asia/Jakarta,"BMKG representative point: Hegarmanah, Kecamatan Jatinangor",28-09-2026,BMKG,BMKG,00:00,2026-09-28 01:00:00,20.0,95.0,0.0,1.8,60.0,1.3497,Cerah Berawan,Cerah Berawan
jatinangor,"Jatinangor, Sumedang",2026-09-28,32.11.15.2002,Hegarmanah,kecamatan,yes,-6.938,107.7556,Asia/Jakarta,"BMKG representative point: Hegarmanah, Kecamatan Jatinangor",28-09-2026,BMKG,BMKG,01:00,2026-09-28 01:00:00,20.0,95.0,0.0,1.8,0.0,1.7996,Cerah Berawan,Cerah Berawan
jatinangor,"Jatinangor, Sumedang",2026-09-28,32.11.15.2002,Hegarmanah,kecamatan,yes,-6.938,107.7556,Asia/Jakarta,"BMKG representative point: Hegarmanah, Kecamatan Jatinangor",28-09-2026,BMKG,BMKG,02:00,2026-09-28 01:00:00,20.0,95.0,0.0,1.8,60.0,1.3497,Cerah Berawan,Cerah Berawan
jatinangor,"Jatinangor, Sumedang",2026-09-28,32.11.15.2002,Hegarmanah,kecamatan,yes,-6.938,107.7556,Asia/Jakarta,"BMKG representative point: Hegarmanah, Kecamatan Jatinangor",28-09-2026,BMKG,BMKG,03:00,2026-09-28 04:00:00,19.0,96.0,0.0,0.6,60.0,1.3497,Cerah,Cerah
jatinangor,"Jatinangor, Sumedang",2026-09-28,32.11.15.2002,Hegarmanah,kecamatan,yes,-6.938,107.7556,Asia/Jakarta,"BMKG representative point: Hegarmanah, Kecamatan Jatinangor",28-09-2026,BMKG,BMKG,04:00,2026-09-28 04:00:00,19.0,96.0,0.0,0.6,0.0,1.7996,Cerah,Cerah
jatinangor,"Jatinangor, Sumedang",2026-09-28,32.11.15.2002,Hegarmanah,kecamatan,yes,-6.938,107.7556,Asia/Jakarta,"BMKG representative point: Hegarmanah, Kecamatan Jatinangor",28-09-2026,BMKG,BMKG,05:00,2026-09-28 04:00:00,19.0,96.0,0.0,0.6,60.0,1.3497,Cerah,Cerah
jatinangor,"Jatinangor, Sumedang",2026-09-28,32.11.15.2002,Hegarmanah,kecamatan,yes,-6.938,107.7556,Asia/Jakarta,"BMKG representative point: Hegarmanah, Kecamatan Jatinangor",28-09-2026,BMKG,BMKG,06:00,2026-09-28 07:00:00,23.0,79.0,0.0,1.1,60.0,1.3497,Cerah,Cerah
jatinangor,"Jatinangor, Sumedang",2026-09-28,32.11.15.2002,Hegarmanah,kecamatan,yes,-6.938,107.7556,Asia/Jakarta,"BMKG representative point: Hegarmanah, Kecamatan Jatinangor",28-09-2026,BMKG,BMKG,07:00,2026-09-28 07:00:00,23.0,79.0,0.0,1.1,0.0,1.7996,Cerah,Cerah
jatinangor,"Jatinangor, Sumedang",2026-09-28,32.11.15.2002,Hegarmanah,kecamatan,yes,-6.938,107.7556,Asia/Jakarta,"BMKG representative point: Hegarmanah, Kecamatan Jatinangor",28-09-2026,BMKG,BMKG,08:00,2026-09-28 07:00:00,23.0,79.0,0.0,1.1,60.0,1.3497,Cerah,Cerah
jatinangor,"Jatinangor, Sumedang",2026-09-28,32.11.15.2002,Hegarmanah,kecamatan,yes,-6.938,107.7556,Asia/Jakarta,"BMKG representative point: Hegarmanah, Kecamatan Jatinangor",28-09-2026,BMKG,BMKG,09:00,2026-09-28 10:00:00,29.0,56.0,0.0,5.4,60.0,1.3497,Cerah,Cerah
jatinangor,"Jatinangor, Sumedang",2026-09-28,32.11.15.2002,Hegarmanah,kecamatan,yes,-6.938,107.7556,Asia/Jakarta,"BMKG representative point: Hegarmanah, Kecamatan Jatinangor",28-09-2026,BMKG,BMKG,10:00,2026-09-28 10:00:00,29.0,56.0,0.0,5.4,0.0,1.7996,Cerah,Cerah
jatinangor,"Jatinangor, Sumedang",2026-09-28,32.11.15.2002,Hegarmanah,kecamatan,yes,-6.938,107.7556,Asia/Jakarta,"BMKG representative point: Hegarmanah, Kecamatan Jatinangor",28-09-2026,BMKG,BMKG,11:00,2026-09-28 10:00:00,29.0,56.0,0.0,5.4,60.0,1.3497,Cerah,Cerah
jatinangor,"Jatinangor, Sumedang",2026-09-28,32.11.15.2002,Hegarmanah,kecamatan,yes,-6.938,107.7556,Asia/Jakarta,"BMKG representative point: Hegarmanah, Kecamatan Jatinangor",28-09-2026,BMKG,BMKG,12:00,2026-09-28 13:00:00,26.0,80.0,1.5,8.2,60.0,1.3497,Hujan Ringan,Hujan Ringan
jatinangor,"Jatinangor, Sumedang",2026-09-28,32.11.15.2002,Hegarmanah,kecamatan,yes,-6.938,107.7556,Asia/Jakarta,"BMKG representative point: Hegarmanah, Kecamatan Jatinangor",28-09-2026,BMKG,BMKG,13:00,2026-09-28 13:00:00,26.0,80.0,1.5,8.2,0.0,1.7996,Hujan Ringan,Hujan Ringan
jatinangor,"Jatinangor, Sumedang",2026-09-28,32.11.15.2002,Hegarmanah,kecamatan,yes,-6.938,107.7556,Asia/Jakarta,"BMKG representative point: Hegarmanah, Kecamatan Jatinangor",28-09-2026,BMKG,BMKG,14:00,2026-09-28 13:00:00,26.0,80.0,1.5,8.2,60.0,1.3497,Hujan Ringan,Hujan Ringan
jatinangor,"Jatinangor, Sumedang",2026-09-28,32.11.15.2002,Hegarmanah,kecamatan,yes,-6.938,107.7556,Asia/Jakarta,"BMKG representative point: Hegarmanah, Kecamatan Jatinangor",28-09-2026,BMKG,BMKG,15:00,2026-09-28 16:00:00,27.0,83.0,1.5,5.5,60.0,1.3497,Hujan Ringan,Hujan Ringan
jatinangor,"Jatinangor, Sumedang",2026-09-28,32.11.15.2002,Hegarmanah,kecamatan,yes,-6.938,107.7556,Asia/Jakarta,"BMKG representative point: Hegarmanah, Kecamatan Jatinangor",28-09-2026,BMKG,BMKG,16:00,2026-09-28 16:00:00,27.0,83.0,1.5,5.5,0.0,1.7996,Hujan Ringan,Hujan Ringan
jatinangor,"Jatinangor, Sumedang",2026-09-28,32.11.15.2002,Hegarmanah,kecamatan,yes,-6.938,107.7556,Asia/Jakarta,"BMKG representative point: Hegarmanah, Kecamatan Jatinangor",28-09-2026,BMKG,BMKG,17:00,2026-09-28 16:00:00,27.0,83.0,1.5,5.5,60.0,1.3497,Hujan Ringan,Hujan Ringan
jatinangor,"Jatinangor, Sumedang",2026-09-28,32.11.15.2002,Hegarmanah,kecamatan,yes,-6.938,107.7556,Asia/Jakarta,"BMKG representative point: Hegarmanah, Kecamatan Jatinangor",28-09-2026,BMKG,BMKG,18:00,2026-09-28 19:00:00,24.0,95.0,0.0,1.6,60.0,1.3497,Cerah,Cerah
jatinangor,"Jatinangor, Sumedang",2026-09-28,32.11.15.2002,Hegarmanah,kecamatan,yes,-6.938,107.7556,Asia/Jakarta,"BMKG representative point: Hegarmanah, Kecamatan Jatinangor",28-09-2026,BMKG,BMKG,19:00,2026-09-28 19:00:00,24.0,95.0,0.0,1.6,0.0,1.7996,Cerah,Cerah
jatinangor,"Jatinangor, Sumedang",2026-09-28,32.11.15.2002,Hegarmanah,kecamatan,yes,-6.938,107.7556,Asia/Jakarta,"BMKG representative point: Hegarmanah, Kecamatan Jatinangor",28-09-2026,BMKG,BMKG,20:00,2026-09-28 19:00:00,24.0,95.0,0.0,1.6,60.0,1.3497,Cerah,Cerah
jatinangor,"Jatinangor, Sumedang",2026-09-28,32.11.15.2002,Hegarmanah,kecamatan,yes,-6.938,107.7556,Asia/Jakarta,"BMKG representative point: Hegarmanah, Kecamatan Jatinangor",28-09-2026,BMKG,BMKG,21:00,2026-09-28 22:00:00,19.0,98.0,0.0,0.2,60.0,1.3497,Cerah,Cerah
jatinangor,"Jatinangor, Sumedang",2026-09-28,32.11.15.2002,Hegarmanah,kecamatan,yes,-6.938,107.7556,Asia/Jakarta,"BMKG representative point: Hegarmanah, Kecamatan Jatinangor",28-09-2026,BMKG,BMKG,22:00,2026-09-28 22:00:00,19.0,98.0,0.0,0.2,0.0,1.7996,Cerah,Cerah
jatinangor,"Jatinangor, Sumedang",2026-09-28,32.11.15.2002,Hegarmanah,kecamatan,yes,-6.938,107.7556,Asia/Jakarta,"BMKG representative point: Hegarmanah, Kecamatan Jatinangor",28-09-2026,BMKG,BMKG,23:00,2026-09-28 22:00:00,19.0,98.0,0.0,0.2,60.0,1.3497,Cerah,Cerah
jatinangor,"Jatinangor, Sumedang",2026-09-28,32.11.15.2002,Hegarmanah,kecamatan,yes,-6.938,107.7556,Asia/Jakarta,"BMKG representative point: Hegarmanah, Kecamatan Jatinangor",28-09-2026,CMA,Open-Meteo / CMA GRAPES,00:00,2026-09-28 00:00:00,22.6,94.0,0.0,3.0,0.0,1.0992,Cerah,wmo:0
jatinangor,"Jatinangor, Sumedang",2026-09-28,32.11.15.2002,Hegarmanah,kecamatan,yes,-6.938,107.7556,Asia/Jakarta,"BMKG representative point: Hegarmanah, Kecamatan Jatinangor",28-09-2026,CMA,Open-Meteo / CMA GRAPES,01:00,2026-09-28 01:00:00,22.4,94.0,0.0,3.6,0.0,1.0992,Cerah,wmo:0
jatinangor,"Jatinangor, Sumedang",2026-09-28,32.11.15.2002,Hegarmanah,kecamatan,yes,-6.938,107.7556,Asia/Jakarta,"BMKG representative point: Hegarmanah, Kecamatan Jatinangor",28-09-2026,CMA,Open-Meteo / CMA GRAPES,02:00,2026-09-28 02:00:00,22.2,92.0,0.0,3.3,0.0,1.0992,Cerah,wmo:0
jatinangor,"Jatinangor, Sumedang",2026-09-28,32.11.15.2002,Hegarmanah,kecamatan,yes,-6.938,107.7556,Asia/Jakarta,"BMKG representative point: Hegarmanah, Kecamatan Jatinangor",28-09-2026,CMA,Open-Meteo / CMA GRAPES,03:00,2026-09-28 03:00:00,22.0,90.0,0.0,2.6,0.0,1.0992,Cerah,wmo:0
jatinangor,"Jatinangor, Sumedang",2026-09-28,32.11.15.2002,Hegarmanah,kecamatan,yes,-6.938,107.7556,Asia/Jakarta,"BMKG representative point: Hegarmanah, Kecamatan Jatinangor",28-09-2026,CMA,Open-Meteo / CMA GRAPES,04:00,2026-09-28 04:00:00,22.0,88.0,0.0,2.1,0.0,1.0992,Cerah,wmo:0
jatinangor,"Jatinangor, Sumedang",2026-09-28,32.11.15.2002,Hegarmanah,kecamatan,yes,-6.938,107.7556,Asia/Jakarta,"BMKG representative point: Hegarmanah, Kecamatan Jatinangor",28-09-2026,CMA,Open-Meteo / CMA GRAPES,05:00,2026-09-28 05:00:00,22.1,87.0,0.0,2.5,0.0,1.0992,Cerah,wmo:0
jatinangor,"Jatinangor, Sumedang",2026-09-28,32.11.15.2002,Hegarmanah,kecamatan,yes,-6.938,107.7556,Asia/Jakarta,"BMKG representative point: Hegarmanah, Kecamatan Jatinangor",28-09-2026,CMA,Open-Meteo / CMA GRAPES,06:00,2026-09-28 06:00:00,22.5,85.0,0.0,3.1,0.0,1.0992,Cerah,wmo:0
jatinangor,"Jatinangor, Sumedang",2026-09-28,32.11.15.2002,Hegarmanah,kecamatan,yes,-6.938,107.7556,Asia/Jakarta,"BMKG representative point: Hegarmanah, Kecamatan Jatinangor",28-09-2026,CMA,Open-Meteo / CMA GRAPES,07:00,2026-09-28 07:00:00,23.0,84.0,0.0,3.6,0.0,1.0992,Cerah,wmo:0
jatinangor,"Jatinangor, Sumedang",2026-09-28,32.11.15.2002,Hegarmanah,kecamatan,yes,-6.938,107.7556,Asia/Jakarta,"BMKG representative point: Hegarmanah, Kecamatan Jatinangor",28-09-2026,CMA,Open-Meteo / CMA GRAPES,08:00,2026-09-28 08:00:00,24.0,82.0,0.0,4.0,0.0,1.0992,Cerah,wmo:0
jatinangor,"Jatinangor, Sumedang",2026-09-28,32.11.15.2002,Hegarmanah,kecamatan,yes,-6.938,107.7556,Asia/Jakarta,"BMKG representative point: Hegarmanah, Kecamatan Jatinangor",28-09-2026,CMA,Open-Meteo / CMA GRAPES,09:00,2026-09-28 09:00:00,25.2,79.0,0.0,6.6,0.0,1.0992,Cerah,wmo:0
jatinangor,"Jatinangor, Sumedang",2026-09-28,32.11.15.2002,Hegarmanah,kecamatan,yes,-6.938,107.7556,Asia/Jakarta,"BMKG representative point: Hegarmanah, Kecamatan Jatinangor",28-09-2026,CMA,Open-Meteo / CMA GRAPES,10:00,2026-09-28 10:00:00,26.1,77.0,0.0,8.9,0.0,1.0992,Cerah,wmo:0
jatinangor,"Jatinangor, Sumedang",2026-09-28,32.11.15.2002,Hegarmanah,kecamatan,yes,-6.938,107.7556,Asia/Jakarta,"BMKG representative point: Hegarmanah, Kecamatan Jatinangor",28-09-2026,CMA,Open-Meteo / CMA GRAPES,11:00,2026-09-28 11:00:00,26.4,76.0,0.7,9.9,0.0,1.0992,Hujan Ringan,wmo:53
jatinangor,"Jatinangor, Sumedang",2026-09-28,32.11.15.2002,Hegarmanah,kecamatan,yes,-6.938,107.7556,Asia/Jakarta,"BMKG representative point: Hegarmanah, Kecamatan Jatinangor",28-09-2026,CMA,Open-Meteo / CMA GRAPES,12:00,2026-09-28 12:00:00,26.3,76.0,0.7,10.7,0.0,1.0992,Hujan Ringan,wmo:53
jatinangor,"Jatinangor, Sumedang",2026-09-28,32.11.15.2002,Hegarmanah,kecamatan,yes,-6.938,107.7556,Asia/Jakarta,"BMKG representative point: Hegarmanah, Kecamatan Jatinangor",28-09-2026,CMA,Open-Meteo / CMA GRAPES,13:00,2026-09-28 13:00:00,26.2,76.0,0.7,11.2,0.0,1.0992,Hujan Ringan,wmo:53
jatinangor,"Jatinangor, Sumedang",2026-09-28,32.11.15.2002,Hegarmanah,kecamatan,yes,-6.938,107.7556,Asia/Jakarta,"BMKG representative point: Hegarmanah, Kecamatan Jatinangor",28-09-2026,CMA,Open-Meteo / CMA GRAPES,14:00,2026-09-28 14:00:00,26.3,75.0,0.4,10.6,0.0,1.0992,Hujan Ringan,wmo:51
jatinangor,"Jatinangor, Sumedang",2026-09-28,32.11.15.2002,Hegarmanah,kecamatan,yes,-6.938,107.7556,Asia/Jakarta,"BMKG representative point: Hegarmanah, Kecamatan Jatinangor",28-09-2026,CMA,Open-Meteo / CMA GRAPES,15:00,2026-09-28 15:00:00,26.4,74.0,0.4,10.7,0.0,1.0992,Hujan Ringan,wmo:51
jatinangor,"Jatinangor, Sumedang",2026-09-28,32.11.15.2002,Hegarmanah,kecamatan,yes,-6.938,107.7556,Asia/Jakarta,"BMKG representative point: Hegarmanah, Kecamatan Jatinangor",28-09-2026,CMA,Open-Meteo / CMA GRAPES,16:00,2026-09-28 16:00:00,26.2,75.0,0.4,11.1,0.0,1.0992,Hujan Ringan,wmo:51
jatinangor,"Jatinangor, Sumedang",2026-09-28,32.11.15.2002,Hegarmanah,kecamatan,yes,-6.938,107.7556,Asia/Jakarta,"BMKG representative point: Hegarmanah, Kecamatan Jatinangor",28-09-2026,CMA,Open-Meteo / CMA GRAPES,17:00,2026-09-28 17:00:00,25.3,80.0,1.0,10.2,0.0,1.0992,Hujan Ringan,wmo:55
jatinangor,"Jatinangor, Sumedang",2026-09-28,32.11.15.2002,Hegarmanah,kecamatan,yes,-6.938,107.7556,Asia/Jakarta,"BMKG representative point: Hegarmanah, Kecamatan Jatinangor",28-09-2026,CMA,Open-Meteo / CMA GRAPES,18:00,2026-09-28 18:00:00,24.2,86.0,1.0,9.5,0.0,1.0992,Hujan Ringan,wmo:55
jatinangor,"Jatinangor, Sumedang",2026-09-28,32.11.15.2002,Hegarmanah,kecamatan,yes,-6.938,107.7556,Asia/Jakarta,"BMKG representative point: Hegarmanah, Kecamatan Jatinangor",28-09-2026,CMA,Open-Meteo / CMA GRAPES,19:00,2026-09-28 19:00:00,23.4,90.0,1.0,8.9,0.0,1.0992,Hujan Ringan,wmo:55
jatinangor,"Jatinangor, Sumedang",2026-09-28,32.11.15.2002,Hegarmanah,kecamatan,yes,-6.938,107.7556,Asia/Jakarta,"BMKG representative point: Hegarmanah, Kecamatan Jatinangor",28-09-2026,CMA,Open-Meteo / CMA GRAPES,20:00,2026-09-28 20:00:00,23.2,89.0,0.4,5.9,0.0,1.0992,Hujan Ringan,wmo:51
jatinangor,"Jatinangor, Sumedang",2026-09-28,32.11.15.2002,Hegarmanah,kecamatan,yes,-6.938,107.7556,Asia/Jakarta,"BMKG representative point: Hegarmanah, Kecamatan Jatinangor",28-09-2026,CMA,Open-Meteo / CMA GRAPES,21:00,2026-09-28 21:00:00,23.4,87.0,0.4,1.5,0.0,1.0992,Hujan Ringan,wmo:51
jatinangor,"Jatinangor, Sumedang",2026-09-28,32.11.15.2002,Hegarmanah,kecamatan,yes,-6.938,107.7556,Asia/Jakarta,"BMKG representative point: Hegarmanah, Kecamatan Jatinangor",28-09-2026,CMA,Open-Meteo / CMA GRAPES,22:00,2026-09-28 22:00:00,23.4,85.0,0.4,2.4,0.0,1.0992,Hujan Ringan,wmo:51
jatinangor,"Jatinangor, Sumedang",2026-09-28,32.11.15.2002,Hegarmanah,kecamatan,yes,-6.938,107.7556,Asia/Jakarta,"BMKG representative point: Hegarmanah, Kecamatan Jatinangor",28-09-2026,CMA,Open-Meteo / CMA GRAPES,23:00,2026-09-28 23:00:00,23.0,87.0,0.1,2.4,0.0,1.0992,Hujan Ringan,wmo:51
jatinangor,"Jatinangor, Sumedang",2026-09-28,32.11.15.2002,Hegarmanah,kecamatan,yes,-6.938,107.7556,Asia/Jakarta,"BMKG representative point: Hegarmanah, Kecamatan Jatinangor",28-09-2026,ECMWF,Open-Meteo / ECMWF,00:00,2026-09-28 00:00:00,21.8,92.0,0.1,1.4,0.0,1.6487,Hujan Ringan,wmo:51
jatinangor,"Jatinangor, Sumedang",2026-09-28,32.11.15.2002,Hegarmanah,kecamatan,yes,-6.938,107.7556,Asia/Jakarta,"BMKG representative point: Hegarmanah, Kecamatan Jatinangor",28-09-2026,ECMWF,Open-Meteo / ECMWF,01:00,2026-09-28 01:00:00,21.7,91.0,0.1,1.1,0.0,1.6487,Hujan Ringan,wmo:51
jatinangor,"Jatinangor, Sumedang",2026-09-28,32.11.15.2002,Hegarmanah,kecamatan,yes,-6.938,107.7556,Asia/Jakarta,"BMKG representative point: Hegarmanah, Kecamatan Jatinangor",28-09-2026,ECMWF,Open-Meteo / ECMWF,02:00,2026-09-28 02:00:00,21.5,91.0,0.0,0.8,0.0,1.6487,Cerah Berawan,wmo:2
jatinangor,"Jatinangor, Sumedang",2026-09-28,32.11.15.2002,Hegarmanah,kecamatan,yes,-6.938,107.7556,Asia/Jakarta,"BMKG representative point: Hegarmanah, Kecamatan Jatinangor",28-09-2026,ECMWF,Open-Meteo / ECMWF,03:00,2026-09-28 03:00:00,21.3,91.0,0.0,0.7,0.0,1.6487,Cerah Berawan,wmo:2
jatinangor,"Jatinangor, Sumedang",2026-09-28,32.11.15.2002,Hegarmanah,kecamatan,yes,-6.938,107.7556,Asia/Jakarta,"BMKG representative point: Hegarmanah, Kecamatan Jatinangor",28-09-2026,ECMWF,Open-Meteo / ECMWF,04:00,2026-09-28 04:00:00,21.2,91.0,0.0,0.0,0.0,1.6487,Cerah Berawan,wmo:1
jatinangor,"Jatinangor, Sumedang",2026-09-28,32.11.15.2002,Hegarmanah,kecamatan,yes,-6.938,107.7556,Asia/Jakarta,"BMKG representative point: Hegarmanah, Kecamatan Jatinangor",28-09-2026,ECMWF,Open-Meteo / ECMWF,05:00,2026-09-28 05:00:00,21.2,92.0,0.0,1.1,0.0,1.6487,Cerah Berawan,wmo:1
jatinangor,"Jatinangor, Sumedang",2026-09-28,32.11.15.2002,Hegarmanah,kecamatan,yes,-6.938,107.7556,Asia/Jakarta,"BMKG representative point: Hegarmanah, Kecamatan Jatinangor",28-09-2026,ECMWF,Open-Meteo / ECMWF,06:00,2026-09-28 06:00:00,21.4,92.0,0.0,2.6,0.0,1.6487,Cerah,wmo:0
jatinangor,"Jatinangor, Sumedang",2026-09-28,32.11.15.2002,Hegarmanah,kecamatan,yes,-6.938,107.7556,Asia/Jakarta,"BMKG representative point: Hegarmanah, Kecamatan Jatinangor",28-09-2026,ECMWF,Open-Meteo / ECMWF,07:00,2026-09-28 07:00:00,22.2,89.0,0.0,3.7,0.0,1.6487,Cerah,wmo:0
jatinangor,"Jatinangor, Sumedang",2026-09-28,32.11.15.2002,Hegarmanah,kecamatan,yes,-6.938,107.7556,Asia/Jakarta,"BMKG representative point: Hegarmanah, Kecamatan Jatinangor",28-09-2026,ECMWF,Open-Meteo / ECMWF,08:00,2026-09-28 08:00:00,24.1,78.0,0.0,4.0,0.0,1.6487,Cerah,wmo:0
jatinangor,"Jatinangor, Sumedang",2026-09-28,32.11.15.2002,Hegarmanah,kecamatan,yes,-6.938,107.7556,Asia/Jakarta,"BMKG representative point: Hegarmanah, Kecamatan Jatinangor",28-09-2026,ECMWF,Open-Meteo / ECMWF,09:00,2026-09-28 09:00:00,26.6,64.0,0.0,4.0,0.0,1.6487,Cerah Berawan,wmo:1
jatinangor,"Jatinangor, Sumedang",2026-09-28,32.11.15.2002,Hegarmanah,kecamatan,yes,-6.938,107.7556,Asia/Jakarta,"BMKG representative point: Hegarmanah, Kecamatan Jatinangor",28-09-2026,ECMWF,Open-Meteo / ECMWF,10:00,2026-09-28 10:00:00,28.6,53.0,0.0,4.3,0.0,1.6487,Cerah Berawan,wmo:1
jatinangor,"Jatinangor, Sumedang",2026-09-28,32.11.15.2002,Hegarmanah,kecamatan,yes,-6.938,107.7556,Asia/Jakarta,"BMKG representative point: Hegarmanah, Kecamatan Jatinangor",28-09-2026,ECMWF,Open-Meteo / ECMWF,11:00,2026-09-28 11:00:00,29.8,48.0,0.4,5.2,0.0,1.6487,Hujan Ringan,wmo:51
jatinangor,"Jatinangor, Sumedang",2026-09-28,32.11.15.2002,Hegarmanah,kecamatan,yes,-6.938,107.7556,Asia/Jakarta,"BMKG representative point: Hegarmanah, Kecamatan Jatinangor",28-09-2026,ECMWF,Open-Meteo / ECMWF,12:00,2026-09-28 12:00:00,30.4,48.0,0.4,6.4,0.0,1.6487,Hujan Ringan,wmo:51
jatinangor,"Jatinangor, Sumedang",2026-09-28,32.11.15.2002,Hegarmanah,kecamatan,yes,-6.938,107.7556,Asia/Jakarta,"BMKG representative point: Hegarmanah, Kecamatan Jatinangor",28-09-2026,ECMWF,Open-Meteo / ECMWF,13:00,2026-09-28 13:00:00,30.2,50.0,0.4,6.2,0.0,1.6487,Hujan Ringan,wmo:51
jatinangor,"Jatinangor, Sumedang",2026-09-28,32.11.15.2002,Hegarmanah,kecamatan,yes,-6.938,107.7556,Asia/Jakarta,"BMKG representative point: Hegarmanah, Kecamatan Jatinangor",28-09-2026,ECMWF,Open-Meteo / ECMWF,14:00,2026-09-28 14:00:00,28.8,57.0,1.5,4.4,0.0,1.6487,Hujan Ringan,wmo:61
jatinangor,"Jatinangor, Sumedang",2026-09-28,32.11.15.2002,Hegarmanah,kecamatan,yes,-6.938,107.7556,Asia/Jakarta,"BMKG representative point: Hegarmanah, Kecamatan Jatinangor",28-09-2026,ECMWF,Open-Meteo / ECMWF,15:00,2026-09-28 15:00:00,26.5,67.0,1.5,5.4,0.0,1.6487,Hujan Ringan,wmo:61
jatinangor,"Jatinangor, Sumedang",2026-09-28,32.11.15.2002,Hegarmanah,kecamatan,yes,-6.938,107.7556,Asia/Jakarta,"BMKG representative point: Hegarmanah, Kecamatan Jatinangor",28-09-2026,ECMWF,Open-Meteo / ECMWF,16:00,2026-09-28 16:00:00,24.6,76.0,1.5,7.1,0.0,1.6487,Hujan Ringan,wmo:61
jatinangor,"Jatinangor, Sumedang",2026-09-28,32.11.15.2002,Hegarmanah,kecamatan,yes,-6.938,107.7556,Asia/Jakarta,"BMKG representative point: Hegarmanah, Kecamatan Jatinangor",28-09-2026,ECMWF,Open-Meteo / ECMWF,17:00,2026-09-28 17:00:00,23.7,83.0,0.1,6.3,0.0,1.6487,Hujan Ringan,wmo:51
jatinangor,"Jatinangor, Sumedang",2026-09-28,32.11.15.2002,Hegarmanah,kecamatan,yes,-6.938,107.7556,Asia/Jakarta,"BMKG representative point: Hegarmanah, Kecamatan Jatinangor",28-09-2026,ECMWF,Open-Meteo / ECMWF,18:00,2026-09-28 18:00:00,23.2,88.0,0.1,4.1,0.0,1.6487,Hujan Ringan,wmo:51
jatinangor,"Jatinangor, Sumedang",2026-09-28,32.11.15.2002,Hegarmanah,kecamatan,yes,-6.938,107.7556,Asia/Jakarta,"BMKG representative point: Hegarmanah, Kecamatan Jatinangor",28-09-2026,ECMWF,Open-Meteo / ECMWF,19:00,2026-09-28 19:00:00,22.7,92.0,0.1,3.1,0.0,1.6487,Hujan Ringan,wmo:51
jatinangor,"Jatinangor, Sumedang",2026-09-28,32.11.15.2002,Hegarmanah,kecamatan,yes,-6.938,107.7556,Asia/Jakarta,"BMKG representative point: Hegarmanah, Kecamatan Jatinangor",28-09-2026,ECMWF,Open-Meteo / ECMWF,20:00,2026-09-28 20:00:00,22.3,94.0,0.0,3.3,0.0,1.6487,Cerah,wmo:0
jatinangor,"Jatinangor, Sumedang",2026-09-28,32.11.15.2002,Hegarmanah,kecamatan,yes,-6.938,107.7556,Asia/Jakarta,"BMKG representative point: Hegarmanah, Kecamatan Jatinangor",28-09-2026,ECMWF,Open-Meteo / ECMWF,21:00,2026-09-28 21:00:00,21.9,95.0,0.0,3.8,0.0,1.6487,Cerah,wmo:0
jatinangor,"Jatinangor, Sumedang",2026-09-28,32.11.15.2002,Hegarmanah,kecamatan,yes,-6.938,107.7556,Asia/Jakarta,"BMKG representative point: Hegarmanah, Kecamatan Jatinangor",28-09-2026,ECMWF,Open-Meteo / ECMWF,22:00,2026-09-28 22:00:00,21.4,96.0,0.0,3.8,0.0,1.6487,Cerah Berawan,wmo:1
jatinangor,"Jatinangor, Sumedang",2026-09-28,32.11.15.2002,Hegarmanah,kecamatan,yes,-6.938,107.7556,Asia/Jakarta,"BMKG representative point: Hegarmanah, Kecamatan Jatinangor",28-09-2026,ECMWF,Open-Meteo / ECMWF,23:00,2026-09-28 23:00:00,20.9,97.0,0.0,3.0,0.0,1.6487,Cerah Berawan,wmo:1
jatinangor,"Jatinangor, Sumedang",2026-09-28,32.11.15.2002,Hegarmanah,kecamatan,yes,-6.938,107.7556,Asia/Jakarta,"BMKG representative point: Hegarmanah, Kecamatan Jatinangor",28-09-2026,GFS,Open-Meteo / NOAA GFS,00:00,2026-09-28 00:00:00,21.1,91.0,1.0,1.1,0.0,1.3319,Hujan Ringan,wmo:55
jatinangor,"Jatinangor, Sumedang",2026-09-28,32.11.15.2002,Hegarmanah,kecamatan,yes,-6.938,107.7556,Asia/Jakarta,"BMKG representative point: Hegarmanah, Kecamatan Jatinangor",28-09-2026,GFS,Open-Meteo / NOAA GFS,01:00,2026-09-28 01:00:00,21.0,92.0,1.1,0.5,0.0,1.3319,Hujan Ringan,wmo:55
jatinangor,"Jatinangor, Sumedang",2026-09-28,32.11.15.2002,Hegarmanah,kecamatan,yes,-6.938,107.7556,Asia/Jakarta,"BMKG representative point: Hegarmanah, Kecamatan Jatinangor",28-09-2026,GFS,Open-Meteo / NOAA GFS,02:00,2026-09-28 02:00:00,20.8,92.0,0.9,2.1,0.0,1.3319,Hujan Ringan,wmo:53
jatinangor,"Jatinangor, Sumedang",2026-09-28,32.11.15.2002,Hegarmanah,kecamatan,yes,-6.938,107.7556,Asia/Jakarta,"BMKG representative point: Hegarmanah, Kecamatan Jatinangor",28-09-2026,GFS,Open-Meteo / NOAA GFS,03:00,2026-09-28 03:00:00,21.2,90.0,0.8,3.1,0.0,1.3319,Hujan Ringan,wmo:53
jatinangor,"Jatinangor, Sumedang",2026-09-28,32.11.15.2002,Hegarmanah,kecamatan,yes,-6.938,107.7556,Asia/Jakarta,"BMKG representative point: Hegarmanah, Kecamatan Jatinangor",28-09-2026,GFS,Open-Meteo / NOAA GFS,04:00,2026-09-28 04:00:00,21.2,90.0,1.0,2.3,0.0,1.3319,Hujan Ringan,wmo:55
jatinangor,"Jatinangor, Sumedang",2026-09-28,32.11.15.2002,Hegarmanah,kecamatan,yes,-6.938,107.7556,Asia/Jakarta,"BMKG representative point: Hegarmanah, Kecamatan Jatinangor",28-09-2026,GFS,Open-Meteo / NOAA GFS,05:00,2026-09-28 05:00:00,21.1,91.0,0.8,2.2,0.0,1.3319,Hujan Ringan,wmo:53
jatinangor,"Jatinangor, Sumedang",2026-09-28,32.11.15.2002,Hegarmanah,kecamatan,yes,-6.938,107.7556,Asia/Jakarta,"BMKG representative point: Hegarmanah, Kecamatan Jatinangor",28-09-2026,GFS,Open-Meteo / NOAA GFS,06:00,2026-09-28 06:00:00,21.1,92.0,0.5,2.3,0.0,1.3319,Hujan Ringan,wmo:53
jatinangor,"Jatinangor, Sumedang",2026-09-28,32.11.15.2002,Hegarmanah,kecamatan,yes,-6.938,107.7556,Asia/Jakarta,"BMKG representative point: Hegarmanah, Kecamatan Jatinangor",28-09-2026,GFS,Open-Meteo / NOAA GFS,07:00,2026-09-28 07:00:00,21.0,93.0,1.2,2.6,0.0,1.3319,Hujan Ringan,wmo:55
jatinangor,"Jatinangor, Sumedang",2026-09-28,32.11.15.2002,Hegarmanah,kecamatan,yes,-6.938,107.7556,Asia/Jakarta,"BMKG representative point: Hegarmanah, Kecamatan Jatinangor",28-09-2026,GFS,Open-Meteo / NOAA GFS,08:00,2026-09-28 08:00:00,20.9,95.0,2.4,3.3,0.0,1.3319,Hujan Ringan,wmo:61
jatinangor,"Jatinangor, Sumedang",2026-09-28,32.11.15.2002,Hegarmanah,kecamatan,yes,-6.938,107.7556,Asia/Jakarta,"BMKG representative point: Hegarmanah, Kecamatan Jatinangor",28-09-2026,GFS,Open-Meteo / NOAA GFS,09:00,2026-09-28 09:00:00,21.0,94.0,2.4,4.1,0.0,1.3319,Hujan Ringan,wmo:80
jatinangor,"Jatinangor, Sumedang",2026-09-28,32.11.15.2002,Hegarmanah,kecamatan,yes,-6.938,107.7556,Asia/Jakarta,"BMKG representative point: Hegarmanah, Kecamatan Jatinangor",28-09-2026,GFS,Open-Meteo / NOAA GFS,10:00,2026-09-28 10:00:00,21.1,93.0,1.1,4.8,0.0,1.3319,Hujan Ringan,wmo:55
jatinangor,"Jatinangor, Sumedang",2026-09-28,32.11.15.2002,Hegarmanah,kecamatan,yes,-6.938,107.7556,Asia/Jakarta,"BMKG representative point: Hegarmanah, Kecamatan Jatinangor",28-09-2026,GFS,Open-Meteo / NOAA GFS,11:00,2026-09-28 11:00:00,21.6,90.0,0.2,4.6,0.0,1.3319,Hujan Ringan,wmo:51
jatinangor,"Jatinangor, Sumedang",2026-09-28,32.11.15.2002,Hegarmanah,kecamatan,yes,-6.938,107.7556,Asia/Jakarta,"BMKG representative point: Hegarmanah, Kecamatan Jatinangor",28-09-2026,GFS,Open-Meteo / NOAA GFS,12:00,2026-09-28 12:00:00,22.3,85.0,0.0,3.4,0.0,1.3319,Berawan,wmo:3
jatinangor,"Jatinangor, Sumedang",2026-09-28,32.11.15.2002,Hegarmanah,kecamatan,yes,-6.938,107.7556,Asia/Jakarta,"BMKG representative point: Hegarmanah, Kecamatan Jatinangor",28-09-2026,GFS,Open-Meteo / NOAA GFS,13:00,2026-09-28 13:00:00,22.9,81.0,0.0,4.7,0.0,1.3319,Berawan,wmo:3
jatinangor,"Jatinangor, Sumedang",2026-09-28,32.11.15.2002,Hegarmanah,kecamatan,yes,-6.938,107.7556,Asia/Jakarta,"BMKG representative point: Hegarmanah, Kecamatan Jatinangor",28-09-2026,GFS,Open-Meteo / NOAA GFS,14:00,2026-09-28 14:00:00,24.3,73.0,0.0,6.4,0.0,1.3319,Berawan,wmo:3
jatinangor,"Jatinangor, Sumedang",2026-09-28,32.11.15.2002,Hegarmanah,kecamatan,yes,-6.938,107.7556,Asia/Jakarta,"BMKG representative point: Hegarmanah, Kecamatan Jatinangor",28-09-2026,GFS,Open-Meteo / NOAA GFS,15:00,2026-09-28 15:00:00,25.3,66.0,0.0,6.9,0.0,1.3319,Berawan,wmo:3
jatinangor,"Jatinangor, Sumedang",2026-09-28,32.11.15.2002,Hegarmanah,kecamatan,yes,-6.938,107.7556,Asia/Jakarta,"BMKG representative point: Hegarmanah, Kecamatan Jatinangor",28-09-2026,GFS,Open-Meteo / NOAA GFS,16:00,2026-09-28 16:00:00,26.7,56.0,0.0,7.5,0.0,1.3319,Cerah Berawan,wmo:2
jatinangor,"Jatinangor, Sumedang",2026-09-28,32.11.15.2002,Hegarmanah,kecamatan,yes,-6.938,107.7556,Asia/Jakarta,"BMKG representative point: Hegarmanah, Kecamatan Jatinangor",28-09-2026,GFS,Open-Meteo / NOAA GFS,17:00,2026-09-28 17:00:00,25.8,61.0,0.0,7.8,0.0,1.3319,Cerah Berawan,wmo:2
jatinangor,"Jatinangor, Sumedang",2026-09-28,32.11.15.2002,Hegarmanah,kecamatan,yes,-6.938,107.7556,Asia/Jakarta,"BMKG representative point: Hegarmanah, Kecamatan Jatinangor",28-09-2026,GFS,Open-Meteo / NOAA GFS,18:00,2026-09-28 18:00:00,22.6,75.0,0.0,6.0,0.0,1.3319,Cerah Berawan,wmo:2
jatinangor,"Jatinangor, Sumedang",2026-09-28,32.11.15.2002,Hegarmanah,kecamatan,yes,-6.938,107.7556,Asia/Jakarta,"BMKG representative point: Hegarmanah, Kecamatan Jatinangor",28-09-2026,GFS,Open-Meteo / NOAA GFS,19:00,2026-09-28 19:00:00,21.7,80.0,0.0,5.1,0.0,1.3319,Cerah Berawan,wmo:2
jatinangor,"Jatinangor, Sumedang",2026-09-28,32.11.15.2002,Hegarmanah,kecamatan,yes,-6.938,107.7556,Asia/Jakarta,"BMKG representative point: Hegarmanah, Kecamatan Jatinangor",28-09-2026,GFS,Open-Meteo / NOAA GFS,20:00,2026-09-28 20:00:00,21.2,84.0,0.0,3.3,0.0,1.3319,Cerah,wmo:0
jatinangor,"Jatinangor, Sumedang",2026-09-28,32.11.15.2002,Hegarmanah,kecamatan,yes,-6.938,107.7556,Asia/Jakarta,"BMKG representative point: Hegarmanah, Kecamatan Jatinangor",28-09-2026,GFS,Open-Meteo / NOAA GFS,21:00,2026-09-28 21:00:00,20.9,87.0,0.0,3.1,0.0,1.3319,Cerah,wmo:0
jatinangor,"Jatinangor, Sumedang",2026-09-28,32.11.15.2002,Hegarmanah,kecamatan,yes,-6.938,107.7556,Asia/Jakarta,"BMKG representative point: Hegarmanah, Kecamatan Jatinangor",28-09-2026,GFS,Open-Meteo / NOAA GFS,22:00,2026-09-28 22:00:00,20.6,90.0,0.0,2.8,0.0,1.3319,Cerah Berawan,wmo:2
jatinangor,"Jatinangor, Sumedang",2026-09-28,32.11.15.2002,Hegarmanah,kecamatan,yes,-6.938,107.7556,Asia/Jakarta,"BMKG representative point: Hegarmanah, Kecamatan Jatinangor",28-09-2026,GFS,Open-Meteo / NOAA GFS,23:00,2026-09-28 23:00:00,20.2,93.0,0.2,3.1,0.0,1.3319,Hujan Ringan,wmo:51
jatinangor,"Jatinangor, Sumedang",2026-09-28,32.11.15.2002,Hegarmanah,kecamatan,yes,-6.938,107.7556,Asia/Jakarta,"BMKG representative point: Hegarmanah, Kecamatan Jatinangor",28-09-2026,ICON,Open-Meteo / DWD ICON,00:00,2026-09-28 00:00:00,22.6,87.0,0.0,4.9,0.0,1.4376,Cerah Berawan,wmo:2
jatinangor,"Jatinangor, Sumedang",2026-09-28,32.11.15.2002,Hegarmanah,kecamatan,yes,-6.938,107.7556,Asia/Jakarta,"BMKG representative point: Hegarmanah, Kecamatan Jatinangor",28-09-2026,ICON,Open-Meteo / DWD ICON,01:00,2026-09-28 01:00:00,22.1,86.0,0.0,5.2,0.0,1.4376,Cerah Berawan,wmo:2
jatinangor,"Jatinangor, Sumedang",2026-09-28,32.11.15.2002,Hegarmanah,kecamatan,yes,-6.938,107.7556,Asia/Jakarta,"BMKG representative point: Hegarmanah, Kecamatan Jatinangor",28-09-2026,ICON,Open-Meteo / DWD ICON,02:00,2026-09-28 02:00:00,21.6,86.0,0.0,3.7,0.0,1.4376,Cerah Berawan,wmo:1
jatinangor,"Jatinangor, Sumedang",2026-09-28,32.11.15.2002,Hegarmanah,kecamatan,yes,-6.938,107.7556,Asia/Jakarta,"BMKG representative point: Hegarmanah, Kecamatan Jatinangor",28-09-2026,ICON,Open-Meteo / DWD ICON,03:00,2026-09-28 03:00:00,20.9,87.0,0.0,3.7,0.0,1.4376,Cerah Berawan,wmo:2
jatinangor,"Jatinangor, Sumedang",2026-09-28,32.11.15.2002,Hegarmanah,kecamatan,yes,-6.938,107.7556,Asia/Jakarta,"BMKG representative point: Hegarmanah, Kecamatan Jatinangor",28-09-2026,ICON,Open-Meteo / DWD ICON,04:00,2026-09-28 04:00:00,20.3,89.0,0.0,3.3,0.0,1.4376,Cerah Berawan,wmo:2
jatinangor,"Jatinangor, Sumedang",2026-09-28,32.11.15.2002,Hegarmanah,kecamatan,yes,-6.938,107.7556,Asia/Jakarta,"BMKG representative point: Hegarmanah, Kecamatan Jatinangor",28-09-2026,ICON,Open-Meteo / DWD ICON,05:00,2026-09-28 05:00:00,19.8,91.0,0.0,4.3,0.0,1.4376,Cerah Berawan,wmo:2
jatinangor,"Jatinangor, Sumedang",2026-09-28,32.11.15.2002,Hegarmanah,kecamatan,yes,-6.938,107.7556,Asia/Jakarta,"BMKG representative point: Hegarmanah, Kecamatan Jatinangor",28-09-2026,ICON,Open-Meteo / DWD ICON,06:00,2026-09-28 06:00:00,19.4,92.0,0.0,5.4,0.0,1.4376,Cerah Berawan,wmo:1
jatinangor,"Jatinangor, Sumedang",2026-09-28,32.11.15.2002,Hegarmanah,kecamatan,yes,-6.938,107.7556,Asia/Jakarta,"BMKG representative point: Hegarmanah, Kecamatan Jatinangor",28-09-2026,ICON,Open-Meteo / DWD ICON,07:00,2026-09-28 07:00:00,21.6,90.0,0.0,3.9,0.0,1.4376,Cerah Berawan,wmo:1
jatinangor,"Jatinangor, Sumedang",2026-09-28,32.11.15.2002,Hegarmanah,kecamatan,yes,-6.938,107.7556,Asia/Jakarta,"BMKG representative point: Hegarmanah, Kecamatan Jatinangor",28-09-2026,ICON,Open-Meteo / DWD ICON,08:00,2026-09-28 08:00:00,24.7,78.0,0.0,4.5,0.0,1.4376,Cerah Berawan,wmo:1
jatinangor,"Jatinangor, Sumedang",2026-09-28,32.11.15.2002,Hegarmanah,kecamatan,yes,-6.938,107.7556,Asia/Jakarta,"BMKG representative point: Hegarmanah, Kecamatan Jatinangor",28-09-2026,ICON,Open-Meteo / DWD ICON,09:00,2026-09-28 09:00:00,26.1,74.0,0.0,5.8,0.0,1.4376,Cerah Berawan,wmo:1
jatinangor,"Jatinangor, Sumedang",2026-09-28,32.11.15.2002,Hegarmanah,kecamatan,yes,-6.938,107.7556,Asia/Jakarta,"BMKG representative point: Hegarmanah, Kecamatan Jatinangor",28-09-2026,ICON,Open-Meteo / DWD ICON,10:00,2026-09-28 10:00:00,27.5,70.0,0.0,6.5,0.0,1.4376,Cerah Berawan,wmo:1
jatinangor,"Jatinangor, Sumedang",2026-09-28,32.11.15.2002,Hegarmanah,kecamatan,yes,-6.938,107.7556,Asia/Jakarta,"BMKG representative point: Hegarmanah, Kecamatan Jatinangor",28-09-2026,ICON,Open-Meteo / DWD ICON,11:00,2026-09-28 11:00:00,29.0,61.0,0.0,6.1,0.0,1.4376,Cerah Berawan,wmo:1
jatinangor,"Jatinangor, Sumedang",2026-09-28,32.11.15.2002,Hegarmanah,kecamatan,yes,-6.938,107.7556,Asia/Jakarta,"BMKG representative point: Hegarmanah, Kecamatan Jatinangor",28-09-2026,ICON,Open-Meteo / DWD ICON,12:00,2026-09-28 12:00:00,30.4,53.0,0.0,5.8,0.0,1.4376,Cerah Berawan,wmo:2
jatinangor,"Jatinangor, Sumedang",2026-09-28,32.11.15.2002,Hegarmanah,kecamatan,yes,-6.938,107.7556,Asia/Jakarta,"BMKG representative point: Hegarmanah, Kecamatan Jatinangor",28-09-2026,ICON,Open-Meteo / DWD ICON,13:00,2026-09-28 13:00:00,30.7,50.0,0.0,6.3,0.0,1.4376,Berawan,wmo:3
jatinangor,"Jatinangor, Sumedang",2026-09-28,32.11.15.2002,Hegarmanah,kecamatan,yes,-6.938,107.7556,Asia/Jakarta,"BMKG representative point: Hegarmanah, Kecamatan Jatinangor",28-09-2026,ICON,Open-Meteo / DWD ICON,14:00,2026-09-28 14:00:00,30.1,51.0,0.0,13.0,0.0,1.4376,Berawan,wmo:3
jatinangor,"Jatinangor, Sumedang",2026-09-28,32.11.15.2002,Hegarmanah,kecamatan,yes,-6.938,107.7556,Asia/Jakarta,"BMKG representative point: Hegarmanah, Kecamatan Jatinangor",28-09-2026,ICON,Open-Meteo / DWD ICON,15:00,2026-09-28 15:00:00,29.6,55.0,0.0,13.3,0.0,1.4376,Cerah Berawan,wmo:2
jatinangor,"Jatinangor, Sumedang",2026-09-28,32.11.15.2002,Hegarmanah,kecamatan,yes,-6.938,107.7556,Asia/Jakarta,"BMKG representative point: Hegarmanah, Kecamatan Jatinangor",28-09-2026,ICON,Open-Meteo / DWD ICON,16:00,2026-09-28 16:00:00,29.5,52.0,0.0,9.2,0.0,1.4376,Cerah Berawan,wmo:1
jatinangor,"Jatinangor, Sumedang",2026-09-28,32.11.15.2002,Hegarmanah,kecamatan,yes,-6.938,107.7556,Asia/Jakarta,"BMKG representative point: Hegarmanah, Kecamatan Jatinangor",28-09-2026,ICON,Open-Meteo / DWD ICON,17:00,2026-09-28 17:00:00,28.4,57.0,0.0,10.9,0.0,1.4376,Cerah Berawan,wmo:2
jatinangor,"Jatinangor, Sumedang",2026-09-28,32.11.15.2002,Hegarmanah,kecamatan,yes,-6.938,107.7556,Asia/Jakarta,"BMKG representative point: Hegarmanah, Kecamatan Jatinangor",28-09-2026,ICON,Open-Meteo / DWD ICON,18:00,2026-09-28 18:00:00,26.2,71.0,0.0,9.3,0.0,1.4376,Cerah Berawan,wmo:2
jatinangor,"Jatinangor, Sumedang",2026-09-28,32.11.15.2002,Hegarmanah,kecamatan,yes,-6.938,107.7556,Asia/Jakarta,"BMKG representative point: Hegarmanah, Kecamatan Jatinangor",28-09-2026,ICON,Open-Meteo / DWD ICON,19:00,2026-09-28 19:00:00,25.1,76.0,0.0,6.8,0.0,1.4376,Cerah Berawan,wmo:2
jatinangor,"Jatinangor, Sumedang",2026-09-28,32.11.15.2002,Hegarmanah,kecamatan,yes,-6.938,107.7556,Asia/Jakarta,"BMKG representative point: Hegarmanah, Kecamatan Jatinangor",28-09-2026,ICON,Open-Meteo / DWD ICON,20:00,2026-09-28 20:00:00,24.3,82.0,0.0,4.6,0.0,1.4376,Cerah Berawan,wmo:2
jatinangor,"Jatinangor, Sumedang",2026-09-28,32.11.15.2002,Hegarmanah,kecamatan,yes,-6.938,107.7556,Asia/Jakarta,"BMKG representative point: Hegarmanah, Kecamatan Jatinangor",28-09-2026,ICON,Open-Meteo / DWD ICON,21:00,2026-09-28 21:00:00,23.6,87.0,0.0,3.6,0.0,1.4376,Cerah Berawan,wmo:2
jatinangor,"Jatinangor, Sumedang",2026-09-28,32.11.15.2002,Hegarmanah,kecamatan,yes,-6.938,107.7556,Asia/Jakarta,"BMKG representative point: Hegarmanah, Kecamatan Jatinangor",28-09-2026,ICON,Open-Meteo / DWD ICON,22:00,2026-09-28 22:00:00,23.2,90.0,0.0,3.3,0.0,1.4376,Cerah Berawan,wmo:2
jatinangor,"Jatinangor, Sumedang",2026-09-28,32.11.15.2002,Hegarmanah,kecamatan,yes,-6.938,107.7556,Asia/Jakarta,"BMKG representative point: Hegarmanah, Kecamatan Jatinangor",28-09-2026,ICON,Open-Meteo / DWD ICON,23:00,2026-09-28 23:00:00,23.1,91.0,0.0,3.0,0.0,1.4376,Cerah Berawan,wmo:2
jatinangor,"Jatinangor, Sumedang",2026-09-28,32.11.15.2002,Hegarmanah,kecamatan,yes,-6.938,107.7556,Asia/Jakarta,"BMKG representative point: Hegarmanah, Kecamatan Jatinangor",28-09-2026,KMA,Open-Meteo / KMA,00:00,2026-09-28 00:00:00,,,,,0.0,0.5203,Berawan,wmo:None
jatinangor,"Jatinangor, Sumedang",2026-09-28,32.11.15.2002,Hegarmanah,kecamatan,yes,-6.938,107.7556,Asia/Jakarta,"BMKG representative point: Hegarmanah, Kecamatan Jatinangor",28-09-2026,KMA,Open-Meteo / KMA,01:00,2026-09-28 01:00:00,,,,,0.0,0.5203,Berawan,wmo:None
jatinangor,"Jatinangor, Sumedang",2026-09-28,32.11.15.2002,Hegarmanah,kecamatan,yes,-6.938,107.7556,Asia/Jakarta,"BMKG representative point: Hegarmanah, Kecamatan Jatinangor",28-09-2026,KMA,Open-Meteo / KMA,02:00,2026-09-28 02:00:00,,,,,0.0,0.5203,Berawan,wmo:None
jatinangor,"Jatinangor, Sumedang",2026-09-28,32.11.15.2002,Hegarmanah,kecamatan,yes,-6.938,107.7556,Asia/Jakarta,"BMKG representative point: Hegarmanah, Kecamatan Jatinangor",28-09-2026,KMA,Open-Meteo / KMA,03:00,2026-09-28 03:00:00,,,,,0.0,0.5203,Berawan,wmo:None
jatinangor,"Jatinangor, Sumedang",2026-09-28,32.11.15.2002,Hegarmanah,kecamatan,yes,-6.938,107.7556,Asia/Jakarta,"BMKG representative point: Hegarmanah, Kecamatan Jatinangor",28-09-2026,KMA,Open-Meteo / KMA,04:00,2026-09-28 04:00:00,,,,,0.0,0.5203,Berawan,wmo:None
jatinangor,"Jatinangor, Sumedang",2026-09-28,32.11.15.2002,Hegarmanah,kecamatan,yes,-6.938,107.7556,Asia/Jakarta,"BMKG representative point: Hegarmanah, Kecamatan Jatinangor",28-09-2026,KMA,Open-Meteo / KMA,05:00,2026-09-28 05:00:00,,,,,0.0,0.5203,Berawan,wmo:None
jatinangor,"Jatinangor, Sumedang",2026-09-28,32.11.15.2002,Hegarmanah,kecamatan,yes,-6.938,107.7556,Asia/Jakarta,"BMKG representative point: Hegarmanah, Kecamatan Jatinangor",28-09-2026,KMA,Open-Meteo / KMA,06:00,2026-09-28 06:00:00,,,,,0.0,0.5203,Berawan,wmo:None
jatinangor,"Jatinangor, Sumedang",2026-09-28,32.11.15.2002,Hegarmanah,kecamatan,yes,-6.938,107.7556,Asia/Jakarta,"BMKG representative point: Hegarmanah, Kecamatan Jatinangor",28-09-2026,KMA,Open-Meteo / KMA,07:00,2026-09-28 07:00:00,,,,,0.0,0.5203,Berawan,wmo:None
jatinangor,"Jatinangor, Sumedang",2026-09-28,32.11.15.2002,Hegarmanah,kecamatan,yes,-6.938,107.7556,Asia/Jakarta,"BMKG representative point: Hegarmanah, Kecamatan Jatinangor",28-09-2026,KMA,Open-Meteo / KMA,08:00,2026-09-28 08:00:00,,,,,0.0,0.5203,Berawan,wmo:None
jatinangor,"Jatinangor, Sumedang",2026-09-28,32.11.15.2002,Hegarmanah,kecamatan,yes,-6.938,107.7556,Asia/Jakarta,"BMKG representative point: Hegarmanah, Kecamatan Jatinangor",28-09-2026,KMA,Open-Meteo / KMA,09:00,2026-09-28 09:00:00,,,,,0.0,0.5203,Berawan,wmo:None
jatinangor,"Jatinangor, Sumedang",2026-09-28,32.11.15.2002,Hegarmanah,kecamatan,yes,-6.938,107.7556,Asia/Jakarta,"BMKG representative point: Hegarmanah, Kecamatan Jatinangor",28-09-2026,KMA,Open-Meteo / KMA,10:00,2026-09-28 10:00:00,,,,,0.0,0.5203,Berawan,wmo:None
jatinangor,"Jatinangor, Sumedang",2026-09-28,32.11.15.2002,Hegarmanah,kecamatan,yes,-6.938,107.7556,Asia/Jakarta,"BMKG representative point: Hegarmanah, Kecamatan Jatinangor",28-09-2026,KMA,Open-Meteo / KMA,11:00,2026-09-28 11:00:00,,,,,0.0,0.5203,Berawan,wmo:None
jatinangor,"Jatinangor, Sumedang",2026-09-28,32.11.15.2002,Hegarmanah,kecamatan,yes,-6.938,107.7556,Asia/Jakarta,"BMKG representative point: Hegarmanah, Kecamatan Jatinangor",28-09-2026,KMA,Open-Meteo / KMA,12:00,2026-09-28 12:00:00,,,,,0.0,0.5203,Berawan,wmo:None
jatinangor,"Jatinangor, Sumedang",2026-09-28,32.11.15.2002,Hegarmanah,kecamatan,yes,-6.938,107.7556,Asia/Jakarta,"BMKG representative point: Hegarmanah, Kecamatan Jatinangor",28-09-2026,KMA,Open-Meteo / KMA,13:00,2026-09-28 13:00:00,,,,,0.0,0.5203,Berawan,wmo:None
jatinangor,"Jatinangor, Sumedang",2026-09-28,32.11.15.2002,Hegarmanah,kecamatan,yes,-6.938,107.7556,Asia/Jakarta,"BMKG representative point: Hegarmanah, Kecamatan Jatinangor",28-09-2026,KMA,Open-Meteo / KMA,14:00,2026-09-28 14:00:00,,,,,0.0,0.5203,Berawan,wmo:None
jatinangor,"Jatinangor, Sumedang",2026-09-28,32.11.15.2002,Hegarmanah,kecamatan,yes,-6.938,107.7556,Asia/Jakarta,"BMKG representative point: Hegarmanah, Kecamatan Jatinangor",28-09-2026,KMA,Open-Meteo / KMA,15:00,2026-09-28 15:00:00,,,,,0.0,0.5203,Berawan,wmo:None
jatinangor,"Jatinangor, Sumedang",2026-09-28,32.11.15.2002,Hegarmanah,kecamatan,yes,-6.938,107.7556,Asia/Jakarta,"BMKG representative point: Hegarmanah, Kecamatan Jatinangor",28-09-2026,KMA,Open-Meteo / KMA,16:00,2026-09-28 16:00:00,,,,,0.0,0.5203,Berawan,wmo:None
jatinangor,"Jatinangor, Sumedang",2026-09-28,32.11.15.2002,Hegarmanah,kecamatan,yes,-6.938,107.7556,Asia/Jakarta,"BMKG representative point: Hegarmanah, Kecamatan Jatinangor",28-09-2026,KMA,Open-Meteo / KMA,17:00,2026-09-28 17:00:00,,,,,0.0,0.5203,Berawan,wmo:None
jatinangor,"Jatinangor, Sumedang",2026-09-28,32.11.15.2002,Hegarmanah,kecamatan,yes,-6.938,107.7556,Asia/Jakarta,"BMKG representative point: Hegarmanah, Kecamatan Jatinangor",28-09-2026,KMA,Open-Meteo / KMA,18:00,2026-09-28 18:00:00,,,,,0.0,0.5203,Berawan,wmo:None
jatinangor,"Jatinangor, Sumedang",2026-09-28,32.11.15.2002,Hegarmanah,kecamatan,yes,-6.938,107.7556,Asia/Jakarta,"BMKG representative point: Hegarmanah, Kecamatan Jatinangor",28-09-2026,KMA,Open-Meteo / KMA,19:00,2026-09-28 19:00:00,,,,,0.0,0.5203,Berawan,wmo:None
jatinangor,"Jatinangor, Sumedang",2026-09-28,32.11.15.2002,Hegarmanah,kecamatan,yes,-6.938,107.7556,Asia/Jakarta,"BMKG representative point: Hegarmanah, Kecamatan Jatinangor",28-09-2026,KMA,Open-Meteo / KMA,20:00,2026-09-28 20:00:00,,,,,0.0,0.5203,Berawan,wmo:None
jatinangor,"Jatinangor, Sumedang",2026-09-28,32.11.15.2002,Hegarmanah,kecamatan,yes,-6.938,107.7556,Asia/Jakarta,"BMKG representative point: Hegarmanah, Kecamatan Jatinangor",28-09-2026,KMA,Open-Meteo / KMA,21:00,2026-09-28 21:00:00,,,,,0.0,0.5203,Berawan,wmo:None
jatinangor,"Jatinangor, Sumedang",2026-09-28,32.11.15.2002,Hegarmanah,kecamatan,yes,-6.938,107.7556,Asia/Jakarta,"BMKG representative point: Hegarmanah, Kecamatan Jatinangor",28-09-2026,KMA,Open-Meteo / KMA,22:00,2026-09-28 22:00:00,,,,,0.0,0.5203,Berawan,wmo:None
jatinangor,"Jatinangor, Sumedang",2026-09-28,32.11.15.2002,Hegarmanah,kecamatan,yes,-6.938,107.7556,Asia/Jakarta,"BMKG representative point: Hegarmanah, Kecamatan Jatinangor",28-09-2026,KMA,Open-Meteo / KMA,23:00,2026-09-28 23:00:00,,,,,0.0,0.5203,Berawan,wmo:None
jatinangor,"Jatinangor, Sumedang",2026-09-28,32.11.15.2002,Hegarmanah,kecamatan,yes,-6.938,107.7556,Asia/Jakarta,"BMKG representative point: Hegarmanah, Kecamatan Jatinangor",28-09-2026,METEOFRANCE,Open-Meteo / Meteo-France,00:00,2026-09-28 00:00:00,25.5,72.0,0.1,2.8,0.0,1.3646,Hujan Ringan,wmo:51
jatinangor,"Jatinangor, Sumedang",2026-09-28,32.11.15.2002,Hegarmanah,kecamatan,yes,-6.938,107.7556,Asia/Jakarta,"BMKG representative point: Hegarmanah, Kecamatan Jatinangor",28-09-2026,METEOFRANCE,Open-Meteo / Meteo-France,01:00,2026-09-28 01:00:00,25.5,74.0,0.2,4.6,0.0,1.3646,Hujan Ringan,wmo:51
jatinangor,"Jatinangor, Sumedang",2026-09-28,32.11.15.2002,Hegarmanah,kecamatan,yes,-6.938,107.7556,Asia/Jakarta,"BMKG representative point: Hegarmanah, Kecamatan Jatinangor",28-09-2026,METEOFRANCE,Open-Meteo / Meteo-France,02:00,2026-09-28 02:00:00,25.6,76.0,0.1,4.8,0.0,1.3646,Hujan Ringan,wmo:51
jatinangor,"Jatinangor, Sumedang",2026-09-28,32.11.15.2002,Hegarmanah,kecamatan,yes,-6.938,107.7556,Asia/Jakarta,"BMKG representative point: Hegarmanah, Kecamatan Jatinangor",28-09-2026,METEOFRANCE,Open-Meteo / Meteo-France,03:00,2026-09-28 03:00:00,25.9,78.0,0.0,4.1,0.0,1.3646,Berawan,wmo:3
jatinangor,"Jatinangor, Sumedang",2026-09-28,32.11.15.2002,Hegarmanah,kecamatan,yes,-6.938,107.7556,Asia/Jakarta,"BMKG representative point: Hegarmanah, Kecamatan Jatinangor",28-09-2026,METEOFRANCE,Open-Meteo / Meteo-France,04:00,2026-09-28 04:00:00,26.1,78.0,0.0,2.5,0.0,1.3646,Berawan,wmo:3
jatinangor,"Jatinangor, Sumedang",2026-09-28,32.11.15.2002,Hegarmanah,kecamatan,yes,-6.938,107.7556,Asia/Jakarta,"BMKG representative point: Hegarmanah, Kecamatan Jatinangor",28-09-2026,METEOFRANCE,Open-Meteo / Meteo-France,05:00,2026-09-28 05:00:00,25.9,80.0,0.0,1.8,0.0,1.3646,Cerah Berawan,wmo:2
jatinangor,"Jatinangor, Sumedang",2026-09-28,32.11.15.2002,Hegarmanah,kecamatan,yes,-6.938,107.7556,Asia/Jakarta,"BMKG representative point: Hegarmanah, Kecamatan Jatinangor",28-09-2026,METEOFRANCE,Open-Meteo / Meteo-France,06:00,2026-09-28 06:00:00,25.5,83.0,0.0,1.3,0.0,1.3646,Cerah Berawan,wmo:2
jatinangor,"Jatinangor, Sumedang",2026-09-28,32.11.15.2002,Hegarmanah,kecamatan,yes,-6.938,107.7556,Asia/Jakarta,"BMKG representative point: Hegarmanah, Kecamatan Jatinangor",28-09-2026,METEOFRANCE,Open-Meteo / Meteo-France,07:00,2026-09-28 07:00:00,26.4,81.0,0.0,1.5,0.0,1.3646,Cerah Berawan,wmo:2
jatinangor,"Jatinangor, Sumedang",2026-09-28,32.11.15.2002,Hegarmanah,kecamatan,yes,-6.938,107.7556,Asia/Jakarta,"BMKG representative point: Hegarmanah, Kecamatan Jatinangor",28-09-2026,METEOFRANCE,Open-Meteo / Meteo-France,08:00,2026-09-28 08:00:00,28.2,74.0,0.0,3.3,0.0,1.3646,Cerah Berawan,wmo:2
jatinangor,"Jatinangor, Sumedang",2026-09-28,32.11.15.2002,Hegarmanah,kecamatan,yes,-6.938,107.7556,Asia/Jakarta,"BMKG representative point: Hegarmanah, Kecamatan Jatinangor",28-09-2026,METEOFRANCE,Open-Meteo / Meteo-France,09:00,2026-09-28 09:00:00,30.1,65.0,0.0,5.6,0.0,1.3646,Cerah Berawan,wmo:2
jatinangor,"Jatinangor, Sumedang",2026-09-28,32.11.15.2002,Hegarmanah,kecamatan,yes,-6.938,107.7556,Asia/Jakarta,"BMKG representative point: Hegarmanah, Kecamatan Jatinangor",28-09-2026,METEOFRANCE,Open-Meteo / Meteo-France,10:00,2026-09-28 10:00:00,31.7,58.0,0.0,7.7,0.0,1.3646,Cerah Berawan,wmo:2
jatinangor,"Jatinangor, Sumedang",2026-09-28,32.11.15.2002,Hegarmanah,kecamatan,yes,-6.938,107.7556,Asia/Jakarta,"BMKG representative point: Hegarmanah, Kecamatan Jatinangor",28-09-2026,METEOFRANCE,Open-Meteo / Meteo-France,11:00,2026-09-28 11:00:00,32.9,53.0,0.0,8.7,0.0,1.3646,Berawan,wmo:3
jatinangor,"Jatinangor, Sumedang",2026-09-28,32.11.15.2002,Hegarmanah,kecamatan,yes,-6.938,107.7556,Asia/Jakarta,"BMKG representative point: Hegarmanah, Kecamatan Jatinangor",28-09-2026,METEOFRANCE,Open-Meteo / Meteo-France,12:00,2026-09-28 12:00:00,33.8,49.0,0.0,9.4,0.0,1.3646,Berawan,wmo:3
jatinangor,"Jatinangor, Sumedang",2026-09-28,32.11.15.2002,Hegarmanah,kecamatan,yes,-6.938,107.7556,Asia/Jakarta,"BMKG representative point: Hegarmanah, Kecamatan Jatinangor",28-09-2026,METEOFRANCE,Open-Meteo / Meteo-France,13:00,2026-09-28 13:00:00,34.3,46.0,0.0,10.0,0.0,1.3646,Berawan,wmo:3
jatinangor,"Jatinangor, Sumedang",2026-09-28,32.11.15.2002,Hegarmanah,kecamatan,yes,-6.938,107.7556,Asia/Jakarta,"BMKG representative point: Hegarmanah, Kecamatan Jatinangor",28-09-2026,METEOFRANCE,Open-Meteo / Meteo-France,14:00,2026-09-28 14:00:00,34.1,46.0,0.0,9.9,0.0,1.3646,Berawan,wmo:3
jatinangor,"Jatinangor, Sumedang",2026-09-28,32.11.15.2002,Hegarmanah,kecamatan,yes,-6.938,107.7556,Asia/Jakarta,"BMKG representative point: Hegarmanah, Kecamatan Jatinangor",28-09-2026,METEOFRANCE,Open-Meteo / Meteo-France,15:00,2026-09-28 15:00:00,33.7,47.0,0.0,9.7,0.0,1.3646,Berawan,wmo:3
jatinangor,"Jatinangor, Sumedang",2026-09-28,32.11.15.2002,Hegarmanah,kecamatan,yes,-6.938,107.7556,Asia/Jakarta,"BMKG representative point: Hegarmanah, Kecamatan Jatinangor",28-09-2026,METEOFRANCE,Open-Meteo / Meteo-France,16:00,2026-09-28 16:00:00,32.7,50.0,0.0,9.4,0.0,1.3646,Berawan,wmo:3
jatinangor,"Jatinangor, Sumedang",2026-09-28,32.11.15.2002,Hegarmanah,kecamatan,yes,-6.938,107.7556,Asia/Jakarta,"BMKG representative point: Hegarmanah, Kecamatan Jatinangor",28-09-2026,METEOFRANCE,Open-Meteo / Meteo-France,17:00,2026-09-28 17:00:00,31.3,57.0,0.0,9.7,0.0,1.3646,Berawan,wmo:3
jatinangor,"Jatinangor, Sumedang",2026-09-28,32.11.15.2002,Hegarmanah,kecamatan,yes,-6.938,107.7556,Asia/Jakarta,"BMKG representative point: Hegarmanah, Kecamatan Jatinangor",28-09-2026,METEOFRANCE,Open-Meteo / Meteo-France,18:00,2026-09-28 18:00:00,29.6,65.0,0.0,9.8,0.0,1.3646,Berawan,wmo:3
jatinangor,"Jatinangor, Sumedang",2026-09-28,32.11.15.2002,Hegarmanah,kecamatan,yes,-6.938,107.7556,Asia/Jakarta,"BMKG representative point: Hegarmanah, Kecamatan Jatinangor",28-09-2026,METEOFRANCE,Open-Meteo / Meteo-France,19:00,2026-09-28 19:00:00,28.3,72.0,0.0,8.4,0.0,1.3646,Berawan,wmo:3
jatinangor,"Jatinangor, Sumedang",2026-09-28,32.11.15.2002,Hegarmanah,kecamatan,yes,-6.938,107.7556,Asia/Jakarta,"BMKG representative point: Hegarmanah, Kecamatan Jatinangor",28-09-2026,METEOFRANCE,Open-Meteo / Meteo-France,20:00,2026-09-28 20:00:00,27.2,78.0,0.0,6.4,0.0,1.3646,Berawan,wmo:3
jatinangor,"Jatinangor, Sumedang",2026-09-28,32.11.15.2002,Hegarmanah,kecamatan,yes,-6.938,107.7556,Asia/Jakarta,"BMKG representative point: Hegarmanah, Kecamatan Jatinangor",28-09-2026,METEOFRANCE,Open-Meteo / Meteo-France,21:00,2026-09-28 21:00:00,26.6,83.0,0.0,4.7,0.0,1.3646,Berawan,wmo:3
jatinangor,"Jatinangor, Sumedang",2026-09-28,32.11.15.2002,Hegarmanah,kecamatan,yes,-6.938,107.7556,Asia/Jakarta,"BMKG representative point: Hegarmanah, Kecamatan Jatinangor",28-09-2026,METEOFRANCE,Open-Meteo / Meteo-France,22:00,2026-09-28 22:00:00,26.2,86.0,0.0,3.6,0.0,1.3646,Berawan,wmo:3
jatinangor,"Jatinangor, Sumedang",2026-09-28,32.11.15.2002,Hegarmanah,kecamatan,yes,-6.938,107.7556,Asia/Jakarta,"BMKG representative point: Hegarmanah, Kecamatan Jatinangor",28-09-2026,METEOFRANCE,Open-Meteo / Meteo-France,23:00,2026-09-28 23:00:00,26.1,88.0,0.0,3.1,0.0,1.3646,Berawan,wmo:3
jatinangor,"Jatinangor, Sumedang",2026-09-28,32.11.15.2002,Hegarmanah,kecamatan,yes,-6.938,107.7556,Asia/Jakarta,"BMKG representative point: Hegarmanah, Kecamatan Jatinangor",28-09-2026,METNO,MET Norway,00:00,2026-09-28 00:00:00,20.7,97.2,0.1,6.12,0.0,1.3702,Hujan Ringan,lightrain
jatinangor,"Jatinangor, Sumedang",2026-09-28,32.11.15.2002,Hegarmanah,kecamatan,yes,-6.938,107.7556,Asia/Jakarta,"BMKG representative point: Hegarmanah, Kecamatan Jatinangor",28-09-2026,METNO,MET Norway,01:00,2026-09-28 01:00:00,20.9,96.7,0.0,6.12,0.0,1.3702,Berawan,cloudy
jatinangor,"Jatinangor, Sumedang",2026-09-28,32.11.15.2002,Hegarmanah,kecamatan,yes,-6.938,107.7556,Asia/Jakarta,"BMKG representative point: Hegarmanah, Kecamatan Jatinangor",28-09-2026,METNO,MET Norway,02:00,2026-09-28 02:00:00,20.9,97.0,0.0,6.12,0.0,1.3702,Berawan,cloudy
jatinangor,"Jatinangor, Sumedang",2026-09-28,32.11.15.2002,Hegarmanah,kecamatan,yes,-6.938,107.7556,Asia/Jakarta,"BMKG representative point: Hegarmanah, Kecamatan Jatinangor",28-09-2026,METNO,MET Norway,03:00,2026-09-28 03:00:00,20.9,97.6,0.0,5.04,0.0,1.3702,Berawan,cloudy
jatinangor,"Jatinangor, Sumedang",2026-09-28,32.11.15.2002,Hegarmanah,kecamatan,yes,-6.938,107.7556,Asia/Jakarta,"BMKG representative point: Hegarmanah, Kecamatan Jatinangor",28-09-2026,METNO,MET Norway,04:00,2026-09-28 04:00:00,20.9,97.2,0.0,3.6,0.0,1.3702,Berawan,cloudy
jatinangor,"Jatinangor, Sumedang",2026-09-28,32.11.15.2002,Hegarmanah,kecamatan,yes,-6.938,107.7556,Asia/Jakarta,"BMKG representative point: Hegarmanah, Kecamatan Jatinangor",28-09-2026,METNO,MET Norway,05:00,2026-09-28 05:00:00,20.7,98.1,0.0,2.88,0.0,1.3702,Cerah Berawan,partlycloudy_night
jatinangor,"Jatinangor, Sumedang",2026-09-28,32.11.15.2002,Hegarmanah,kecamatan,yes,-6.938,107.7556,Asia/Jakarta,"BMKG representative point: Hegarmanah, Kecamatan Jatinangor",28-09-2026,METNO,MET Norway,06:00,2026-09-28 06:00:00,20.7,98.2,0.0,2.52,0.0,1.3702,Cerah Berawan,partlycloudy_day
jatinangor,"Jatinangor, Sumedang",2026-09-28,32.11.15.2002,Hegarmanah,kecamatan,yes,-6.938,107.7556,Asia/Jakarta,"BMKG representative point: Hegarmanah, Kecamatan Jatinangor",28-09-2026,METNO,MET Norway,07:00,2026-09-28 07:00:00,22.0,96.0,0.0,3.6,0.0,1.3702,Cerah,clearsky_day
jatinangor,"Jatinangor, Sumedang",2026-09-28,32.11.15.2002,Hegarmanah,kecamatan,yes,-6.938,107.7556,Asia/Jakarta,"BMKG representative point: Hegarmanah, Kecamatan Jatinangor",28-09-2026,METNO,MET Norway,08:00,2026-09-28 08:00:00,23.9,83.1,0.0,3.24,0.0,1.3702,Cerah Berawan,fair_day
jatinangor,"Jatinangor, Sumedang",2026-09-28,32.11.15.2002,Hegarmanah,kecamatan,yes,-6.938,107.7556,Asia/Jakarta,"BMKG representative point: Hegarmanah, Kecamatan Jatinangor",28-09-2026,METNO,MET Norway,09:00,2026-09-28 09:00:00,26.1,69.6,0.2,3.6,0.0,1.3702,Hujan Ringan,lightrainshowers_day
jatinangor,"Jatinangor, Sumedang",2026-09-28,32.11.15.2002,Hegarmanah,kecamatan,yes,-6.938,107.7556,Asia/Jakarta,"BMKG representative point: Hegarmanah, Kecamatan Jatinangor",28-09-2026,METNO,MET Norway,10:00,2026-09-28 10:00:00,27.5,61.5,0.2,6.84,0.0,1.3702,Hujan Ringan,lightrainshowers_day
jatinangor,"Jatinangor, Sumedang",2026-09-28,32.11.15.2002,Hegarmanah,kecamatan,yes,-6.938,107.7556,Asia/Jakarta,"BMKG representative point: Hegarmanah, Kecamatan Jatinangor",28-09-2026,METNO,MET Norway,11:00,2026-09-28 11:00:00,28.1,60.2,0.2,7.2,0.0,1.3702,Hujan Ringan,lightrainshowers_day
jatinangor,"Jatinangor, Sumedang",2026-09-28,32.11.15.2002,Hegarmanah,kecamatan,yes,-6.938,107.7556,Asia/Jakarta,"BMKG representative point: Hegarmanah, Kecamatan Jatinangor",28-09-2026,METNO,MET Norway,12:00,2026-09-28 12:00:00,28.7,59.1,0.0,8.28,0.0,1.3702,Cerah Berawan,partlycloudy_day
jatinangor,"Jatinangor, Sumedang",2026-09-28,32.11.15.2002,Hegarmanah,kecamatan,yes,-6.938,107.7556,Asia/Jakarta,"BMKG representative point: Hegarmanah, Kecamatan Jatinangor",28-09-2026,METNO,MET Norway,13:00,2026-09-28 13:00:00,29.3,57.4,1.1,9.36,0.0,1.3702,Hujan Lebat,heavyrainshowers_day
jatinangor,"Jatinangor, Sumedang",2026-09-28,32.11.15.2002,Hegarmanah,kecamatan,yes,-6.938,107.7556,Asia/Jakarta,"BMKG representative point: Hegarmanah, Kecamatan Jatinangor",28-09-2026,METNO,MET Norway,14:00,2026-09-28 14:00:00,27.0,68.6,1.2,10.44,0.0,1.3702,Hujan Lebat,heavyrain
jatinangor,"Jatinangor, Sumedang",2026-09-28,32.11.15.2002,Hegarmanah,kecamatan,yes,-6.938,107.7556,Asia/Jakarta,"BMKG representative point: Hegarmanah, Kecamatan Jatinangor",28-09-2026,METNO,MET Norway,15:00,2026-09-28 15:00:00,26.5,69.7,0.7,10.44,0.0,1.3702,Hujan Ringan,rainshowers_day
jatinangor,"Jatinangor, Sumedang",2026-09-28,32.11.15.2002,Hegarmanah,kecamatan,yes,-6.938,107.7556,Asia/Jakarta,"BMKG representative point: Hegarmanah, Kecamatan Jatinangor",28-09-2026,METNO,MET Norway,16:00,2026-09-28 16:00:00,24.7,78.8,0.4,7.2,0.0,1.3702,Hujan Ringan,rainshowers_day
jatinangor,"Jatinangor, Sumedang",2026-09-28,32.11.15.2002,Hegarmanah,kecamatan,yes,-6.938,107.7556,Asia/Jakarta,"BMKG representative point: Hegarmanah, Kecamatan Jatinangor",28-09-2026,METNO,MET Norway,17:00,2026-09-28 17:00:00,23.7,84.6,0.1,4.68,0.0,1.3702,Hujan Ringan,lightrainshowers_day
jatinangor,"Jatinangor, Sumedang",2026-09-28,32.11.15.2002,Hegarmanah,kecamatan,yes,-6.938,107.7556,Asia/Jakarta,"BMKG representative point: Hegarmanah, Kecamatan Jatinangor",28-09-2026,METNO,MET Norway,18:00,2026-09-28 18:00:00,22.3,94.6,0.0,2.88,0.0,1.3702,Cerah Berawan,fair_night
jatinangor,"Jatinangor, Sumedang",2026-09-28,32.11.15.2002,Hegarmanah,kecamatan,yes,-6.938,107.7556,Asia/Jakarta,"BMKG representative point: Hegarmanah, Kecamatan Jatinangor",28-09-2026,METNO,MET Norway,19:00,2026-09-28 19:00:00,22.1,96.4,0.0,3.6,0.0,1.3702,Cerah Berawan,fair_night
jatinangor,"Jatinangor, Sumedang",2026-09-28,32.11.15.2002,Hegarmanah,kecamatan,yes,-6.938,107.7556,Asia/Jakarta,"BMKG representative point: Hegarmanah, Kecamatan Jatinangor",28-09-2026,METNO,MET Norway,20:00,2026-09-28 20:00:00,21.8,96.1,0.0,3.96,0.0,1.3702,Cerah,clearsky_night
jatinangor,"Jatinangor, Sumedang",2026-09-28,32.11.15.2002,Hegarmanah,kecamatan,yes,-6.938,107.7556,Asia/Jakarta,"BMKG representative point: Hegarmanah, Kecamatan Jatinangor",28-09-2026,METNO,MET Norway,21:00,2026-09-28 21:00:00,21.4,96.3,0.0,4.68,0.0,1.3702,Cerah,clearsky_night
jatinangor,"Jatinangor, Sumedang",2026-09-28,32.11.15.2002,Hegarmanah,kecamatan,yes,-6.938,107.7556,Asia/Jakarta,"BMKG representative point: Hegarmanah, Kecamatan Jatinangor",28-09-2026,METNO,MET Norway,22:00,2026-09-28 22:00:00,21.2,95.4,0.0,3.24,0.0,1.3702,Cerah,clearsky_night
jatinangor,"Jatinangor, Sumedang",2026-09-28,32.11.15.2002,Hegarmanah,kecamatan,yes,-6.938,107.7556,Asia/Jakarta,"BMKG representative point: Hegarmanah, Kecamatan Jatinangor",28-09-2026,METNO,MET Norway,23:00,2026-09-28 23:00:00,20.7,96.0,0.0,3.24,0.0,1.3702,Cerah,clearsky_night
jatinangor,"Jatinangor, Sumedang",2026-09-28,32.11.15.2002,Hegarmanah,kecamatan,yes,-6.938,107.7556,Asia/Jakarta,"BMKG representative point: Hegarmanah, Kecamatan Jatinangor",28-09-2026,UKMO,Open-Meteo / UK Met Office,00:00,2026-09-28 00:00:00,21.6,98.0,0.8,1.1,0.0,1.2579,Hujan Ringan,wmo:53
jatinangor,"Jatinangor, Sumedang",2026-09-28,32.11.15.2002,Hegarmanah,kecamatan,yes,-6.938,107.7556,Asia/Jakarta,"BMKG representative point: Hegarmanah, Kecamatan Jatinangor",28-09-2026,UKMO,Open-Meteo / UK Met Office,01:00,2026-09-28 01:00:00,21.4,98.0,0.8,1.1,0.0,1.2579,Hujan Ringan,wmo:53
jatinangor,"Jatinangor, Sumedang",2026-09-28,32.11.15.2002,Hegarmanah,kecamatan,yes,-6.938,107.7556,Asia/Jakarta,"BMKG representative point: Hegarmanah, Kecamatan Jatinangor",28-09-2026,UKMO,Open-Meteo / UK Met Office,02:00,2026-09-28 02:00:00,21.2,98.0,0.5,1.4,0.0,1.2579,Hujan Ringan,wmo:53
jatinangor,"Jatinangor, Sumedang",2026-09-28,32.11.15.2002,Hegarmanah,kecamatan,yes,-6.938,107.7556,Asia/Jakarta,"BMKG representative point: Hegarmanah, Kecamatan Jatinangor",28-09-2026,UKMO,Open-Meteo / UK Met Office,03:00,2026-09-28 03:00:00,20.4,99.0,0.0,2.2,0.0,1.2579,Cerah,wmo:0
jatinangor,"Jatinangor, Sumedang",2026-09-28,32.11.15.2002,Hegarmanah,kecamatan,yes,-6.938,107.7556,Asia/Jakarta,"BMKG representative point: Hegarmanah, Kecamatan Jatinangor",28-09-2026,UKMO,Open-Meteo / UK Met Office,04:00,2026-09-28 04:00:00,19.6,99.0,0.0,0.7,0.0,1.2579,Cerah,wmo:0
jatinangor,"Jatinangor, Sumedang",2026-09-28,32.11.15.2002,Hegarmanah,kecamatan,yes,-6.938,107.7556,Asia/Jakarta,"BMKG representative point: Hegarmanah, Kecamatan Jatinangor",28-09-2026,UKMO,Open-Meteo / UK Met Office,05:00,2026-09-28 05:00:00,19.2,99.0,0.0,1.8,0.0,1.2579,Cerah,wmo:0
jatinangor,"Jatinangor, Sumedang",2026-09-28,32.11.15.2002,Hegarmanah,kecamatan,yes,-6.938,107.7556,Asia/Jakarta,"BMKG representative point: Hegarmanah, Kecamatan Jatinangor",28-09-2026,UKMO,Open-Meteo / UK Met Office,06:00,2026-09-28 06:00:00,19.6,99.0,0.0,1.4,0.0,1.2579,Cerah Berawan,wmo:1
jatinangor,"Jatinangor, Sumedang",2026-09-28,32.11.15.2002,Hegarmanah,kecamatan,yes,-6.938,107.7556,Asia/Jakarta,"BMKG representative point: Hegarmanah, Kecamatan Jatinangor",28-09-2026,UKMO,Open-Meteo / UK Met Office,07:00,2026-09-28 07:00:00,21.6,97.0,0.0,0.7,0.0,1.2579,Cerah,wmo:0
jatinangor,"Jatinangor, Sumedang",2026-09-28,32.11.15.2002,Hegarmanah,kecamatan,yes,-6.938,107.7556,Asia/Jakarta,"BMKG representative point: Hegarmanah, Kecamatan Jatinangor",28-09-2026,UKMO,Open-Meteo / UK Met Office,08:00,2026-09-28 08:00:00,23.4,89.0,0.0,2.2,0.0,1.2579,Cerah,wmo:0
jatinangor,"Jatinangor, Sumedang",2026-09-28,32.11.15.2002,Hegarmanah,kecamatan,yes,-6.938,107.7556,Asia/Jakarta,"BMKG representative point: Hegarmanah, Kecamatan Jatinangor",28-09-2026,UKMO,Open-Meteo / UK Met Office,09:00,2026-09-28 09:00:00,25.1,79.0,0.0,3.2,0.0,1.2579,Cerah,wmo:0
jatinangor,"Jatinangor, Sumedang",2026-09-28,32.11.15.2002,Hegarmanah,kecamatan,yes,-6.938,107.7556,Asia/Jakarta,"BMKG representative point: Hegarmanah, Kecamatan Jatinangor",28-09-2026,UKMO,Open-Meteo / UK Met Office,10:00,2026-09-28 10:00:00,27.2,63.0,0.0,6.1,0.0,1.2579,Cerah Berawan,wmo:1
jatinangor,"Jatinangor, Sumedang",2026-09-28,32.11.15.2002,Hegarmanah,kecamatan,yes,-6.938,107.7556,Asia/Jakarta,"BMKG representative point: Hegarmanah, Kecamatan Jatinangor",28-09-2026,UKMO,Open-Meteo / UK Met Office,11:00,2026-09-28 11:00:00,29.2,49.0,0.0,4.0,0.0,1.2579,Cerah Berawan,wmo:2
jatinangor,"Jatinangor, Sumedang",2026-09-28,32.11.15.2002,Hegarmanah,kecamatan,yes,-6.938,107.7556,Asia/Jakarta,"BMKG representative point: Hegarmanah, Kecamatan Jatinangor",28-09-2026,UKMO,Open-Meteo / UK Met Office,12:00,2026-09-28 12:00:00,28.1,58.0,0.7,7.2,0.0,1.2579,Hujan Ringan,wmo:53
jatinangor,"Jatinangor, Sumedang",2026-09-28,32.11.15.2002,Hegarmanah,kecamatan,yes,-6.938,107.7556,Asia/Jakarta,"BMKG representative point: Hegarmanah, Kecamatan Jatinangor",28-09-2026,UKMO,Open-Meteo / UK Met Office,13:00,2026-09-28 13:00:00,29.1,50.0,0.2,7.6,0.0,1.2579,Hujan Ringan,wmo:51
jatinangor,"Jatinangor, Sumedang",2026-09-28,32.11.15.2002,Hegarmanah,kecamatan,yes,-6.938,107.7556,Asia/Jakarta,"BMKG representative point: Hegarmanah, Kecamatan Jatinangor",28-09-2026,UKMO,Open-Meteo / UK Met Office,14:00,2026-09-28 14:00:00,27.9,55.0,0.1,8.3,0.0,1.2579,Hujan Ringan,wmo:51
jatinangor,"Jatinangor, Sumedang",2026-09-28,32.11.15.2002,Hegarmanah,kecamatan,yes,-6.938,107.7556,Asia/Jakarta,"BMKG representative point: Hegarmanah, Kecamatan Jatinangor",28-09-2026,UKMO,Open-Meteo / UK Met Office,15:00,2026-09-28 15:00:00,28.9,51.0,0.0,10.1,0.0,1.2579,Berawan,wmo:3
jatinangor,"Jatinangor, Sumedang",2026-09-28,32.11.15.2002,Hegarmanah,kecamatan,yes,-6.938,107.7556,Asia/Jakarta,"BMKG representative point: Hegarmanah, Kecamatan Jatinangor",28-09-2026,UKMO,Open-Meteo / UK Met Office,16:00,2026-09-28 16:00:00,26.6,65.0,0.2,13.7,0.0,1.2579,Hujan Ringan,wmo:51
jatinangor,"Jatinangor, Sumedang",2026-09-28,32.11.15.2002,Hegarmanah,kecamatan,yes,-6.938,107.7556,Asia/Jakarta,"BMKG representative point: Hegarmanah, Kecamatan Jatinangor",28-09-2026,UKMO,Open-Meteo / UK Met Office,17:00,2026-09-28 17:00:00,25.2,75.0,0.0,12.6,0.0,1.2579,Cerah,wmo:0
jatinangor,"Jatinangor, Sumedang",2026-09-28,32.11.15.2002,Hegarmanah,kecamatan,yes,-6.938,107.7556,Asia/Jakarta,"BMKG representative point: Hegarmanah, Kecamatan Jatinangor",28-09-2026,UKMO,Open-Meteo / UK Met Office,18:00,2026-09-28 18:00:00,23.6,88.0,0.0,9.4,0.0,1.2579,Berawan,wmo:3
jatinangor,"Jatinangor, Sumedang",2026-09-28,32.11.15.2002,Hegarmanah,kecamatan,yes,-6.938,107.7556,Asia/Jakarta,"BMKG representative point: Hegarmanah, Kecamatan Jatinangor",28-09-2026,UKMO,Open-Meteo / UK Met Office,19:00,2026-09-28 19:00:00,22.8,97.0,0.2,8.3,0.0,1.2579,Hujan Ringan,wmo:51
jatinangor,"Jatinangor, Sumedang",2026-09-28,32.11.15.2002,Hegarmanah,kecamatan,yes,-6.938,107.7556,Asia/Jakarta,"BMKG representative point: Hegarmanah, Kecamatan Jatinangor",28-09-2026,UKMO,Open-Meteo / UK Met Office,20:00,2026-09-28 20:00:00,22.5,99.0,0.5,6.8,0.0,1.2579,Hujan Ringan,wmo:53
jatinangor,"Jatinangor, Sumedang",2026-09-28,32.11.15.2002,Hegarmanah,kecamatan,yes,-6.938,107.7556,Asia/Jakarta,"BMKG representative point: Hegarmanah, Kecamatan Jatinangor",28-09-2026,UKMO,Open-Meteo / UK Met Office,21:00,2026-09-28 21:00:00,22.3,98.0,0.1,4.0,0.0,1.2579,Hujan Ringan,wmo:51
jatinangor,"Jatinangor, Sumedang",2026-09-28,32.11.15.2002,Hegarmanah,kecamatan,yes,-6.938,107.7556,Asia/Jakarta,"BMKG representative point: Hegarmanah, Kecamatan Jatinangor",28-09-2026,UKMO,Open-Meteo / UK Met Office,22:00,2026-09-28 22:00:00,22.0,98.0,0.0,3.2,0.0,1.2579,Cerah Berawan,wmo:1
jatinangor,"Jatinangor, Sumedang",2026-09-28,32.11.15.2002,Hegarmanah,kecamatan,yes,-6.938,107.7556,Asia/Jakarta,"BMKG representative point: Hegarmanah, Kecamatan Jatinangor",28-09-2026,UKMO,Open-Meteo / UK Met Office,23:00,2026-09-28 23:00:00,20.7,99.0,0.0,2.9,0.0,1.2579,Cerah,wmo:0
jatinangor,"Jatinangor, Sumedang",2026-09-29,32.11.15.2002,Hegarmanah,kecamatan,yes,-6.938,107.7556,Asia/Jakarta,"BMKG representative point: Hegarmanah, Kecamatan Jatinangor",29-09-2026,BMKG,BMKG,00:00,2026-09-29 01:00:00,18.0,98.0,0.0,1.4,60.0,1.364,Cerah Berawan,Cerah Berawan
jatinangor,"Jatinangor, Sumedang",2026-09-29,32.11.15.2002,Hegarmanah,kecamatan,yes,-6.938,107.7556,Asia/Jakarta,"BMKG representative point: Hegarmanah, Kecamatan Jatinangor",29-09-2026,BMKG,BMKG,01:00,2026-09-29 01:00:00,18.0,98.0,0.0,1.4,0.0,1.8187,Cerah Berawan,Cerah Berawan
jatinangor,"Jatinangor, Sumedang",2026-09-29,32.11.15.2002,Hegarmanah,kecamatan,yes,-6.938,107.7556,Asia/Jakarta,"BMKG representative point: Hegarmanah, Kecamatan Jatinangor",29-09-2026,BMKG,BMKG,02:00,2026-09-29 01:00:00,18.0,98.0,0.0,1.4,60.0,1.364,Cerah Berawan,Cerah Berawan
jatinangor,"Jatinangor, Sumedang",2026-09-29,32.11.15.2002,Hegarmanah,kecamatan,yes,-6.938,107.7556,Asia/Jakarta,"BMKG representative point: Hegarmanah, Kecamatan Jatinangor",29-09-2026,BMKG,BMKG,03:00,2026-09-29 04:00:00,18.0,99.0,0.0,0.5,60.0,1.364,Berawan,Berawan
jatinangor,"Jatinangor, Sumedang",2026-09-29,32.11.15.2002,Hegarmanah,kecamatan,yes,-6.938,107.7556,Asia/Jakarta,"BMKG representative point: Hegarmanah, Kecamatan Jatinangor",29-09-2026,BMKG,BMKG,04:00,2026-09-29 04:00:00,18.0,99.0,0.0,0.5,0.0,1.8187,Berawan,Berawan
jatinangor,"Jatinangor, Sumedang",2026-09-29,32.11.15.2002,Hegarmanah,kecamatan,yes,-6.938,107.7556,Asia/Jakarta,"BMKG representative point: Hegarmanah, Kecamatan Jatinangor",29-09-2026,BMKG,BMKG,05:00,2026-09-29 04:00:00,18.0,99.0,0.0,0.5,60.0,1.364,Berawan,Berawan
jatinangor,"Jatinangor, Sumedang",2026-09-29,32.11.15.2002,Hegarmanah,kecamatan,yes,-6.938,107.7556,Asia/Jakarta,"BMKG representative point: Hegarmanah, Kecamatan Jatinangor",29-09-2026,BMKG,BMKG,06:00,2026-09-29 07:00:00,23.0,79.0,0.0,0.9,60.0,1.364,Cerah,Cerah
jatinangor,"Jatinangor, Sumedang",2026-09-29,32.11.15.2002,Hegarmanah,kecamatan,yes,-6.938,107.7556,Asia/Jakarta,"BMKG representative point: Hegarmanah, Kecamatan Jatinangor",29-09-2026,BMKG,BMKG,07:00,2026-09-29 07:00:00,23.0,79.0,0.0,0.9,0.0,1.8187,Cerah,Cerah
jatinangor,"Jatinangor, Sumedang",2026-09-29,32.11.15.2002,Hegarmanah,kecamatan,yes,-6.938,107.7556,Asia/Jakarta,"BMKG representative point: Hegarmanah, Kecamatan Jatinangor",29-09-2026,BMKG,BMKG,08:00,2026-09-29 07:00:00,23.0,79.0,0.0,0.9,60.0,1.364,Cerah,Cerah
jatinangor,"Jatinangor, Sumedang",2026-09-29,32.11.15.2002,Hegarmanah,kecamatan,yes,-6.938,107.7556,Asia/Jakarta,"BMKG representative point: Hegarmanah, Kecamatan Jatinangor",29-09-2026,BMKG,BMKG,09:00,2026-09-29 10:00:00,29.0,55.0,0.0,11.2,60.0,1.364,Cerah,Cerah
jatinangor,"Jatinangor, Sumedang",2026-09-29,32.11.15.2002,Hegarmanah,kecamatan,yes,-6.938,107.7556,Asia/Jakarta,"BMKG representative point: Hegarmanah, Kecamatan Jatinangor",29-09-2026,BMKG,BMKG,10:00,2026-09-29 10:00:00,29.0,55.0,0.0,11.2,0.0,1.8187,Cerah,Cerah
jatinangor,"Jatinangor, Sumedang",2026-09-29,32.11.15.2002,Hegarmanah,kecamatan,yes,-6.938,107.7556,Asia/Jakarta,"BMKG representative point: Hegarmanah, Kecamatan Jatinangor",29-09-2026,BMKG,BMKG,11:00,2026-09-29 10:00:00,29.0,55.0,0.0,11.2,60.0,1.364,Cerah,Cerah
jatinangor,"Jatinangor, Sumedang",2026-09-29,32.11.15.2002,Hegarmanah,kecamatan,yes,-6.938,107.7556,Asia/Jakarta,"BMKG representative point: Hegarmanah, Kecamatan Jatinangor",29-09-2026,BMKG,BMKG,12:00,2026-09-29 13:00:00,26.0,72.0,1.5,11.2,60.0,1.364,Hujan Ringan,Hujan Ringan
jatinangor,"Jatinangor, Sumedang",2026-09-29,32.11.15.2002,Hegarmanah,kecamatan,yes,-6.938,107.7556,Asia/Jakarta,"BMKG representative point: Hegarmanah, Kecamatan Jatinangor",29-09-2026,BMKG,BMKG,13:00,2026-09-29 13:00:00,26.0,72.0,1.5,11.2,0.0,1.8187,Hujan Ringan,Hujan Ringan
jatinangor,"Jatinangor, Sumedang",2026-09-29,32.11.15.2002,Hegarmanah,kecamatan,yes,-6.938,107.7556,Asia/Jakarta,"BMKG representative point: Hegarmanah, Kecamatan Jatinangor",29-09-2026,BMKG,BMKG,14:00,2026-09-29 13:00:00,26.0,72.0,1.5,11.2,60.0,1.364,Hujan Ringan,Hujan Ringan
jatinangor,"Jatinangor, Sumedang",2026-09-29,32.11.15.2002,Hegarmanah,kecamatan,yes,-6.938,107.7556,Asia/Jakarta,"BMKG representative point: Hegarmanah, Kecamatan Jatinangor",29-09-2026,BMKG,BMKG,15:00,2026-09-29 16:00:00,23.0,84.0,1.5,0.6,60.0,1.364,Hujan Ringan,Hujan Ringan
jatinangor,"Jatinangor, Sumedang",2026-09-29,32.11.15.2002,Hegarmanah,kecamatan,yes,-6.938,107.7556,Asia/Jakarta,"BMKG representative point: Hegarmanah, Kecamatan Jatinangor",29-09-2026,BMKG,BMKG,16:00,2026-09-29 16:00:00,23.0,84.0,1.5,0.6,0.0,1.8187,Hujan Ringan,Hujan Ringan
jatinangor,"Jatinangor, Sumedang",2026-09-29,32.11.15.2002,Hegarmanah,kecamatan,yes,-6.938,107.7556,Asia/Jakarta,"BMKG representative point: Hegarmanah, Kecamatan Jatinangor",29-09-2026,BMKG,BMKG,17:00,2026-09-29 16:00:00,23.0,84.0,1.5,0.6,60.0,1.364,Hujan Ringan,Hujan Ringan
jatinangor,"Jatinangor, Sumedang",2026-09-29,32.11.15.2002,Hegarmanah,kecamatan,yes,-6.938,107.7556,Asia/Jakarta,"BMKG representative point: Hegarmanah, Kecamatan Jatinangor",29-09-2026,BMKG,BMKG,18:00,2026-09-29 19:00:00,21.0,95.0,0.0,0.6,60.0,1.364,Cerah Berawan,Cerah Berawan
jatinangor,"Jatinangor, Sumedang",2026-09-29,32.11.15.2002,Hegarmanah,kecamatan,yes,-6.938,107.7556,Asia/Jakarta,"BMKG representative point: Hegarmanah, Kecamatan Jatinangor",29-09-2026,BMKG,BMKG,19:00,2026-09-29 19:00:00,21.0,95.0,0.0,0.6,0.0,1.8187,Cerah Berawan,Cerah Berawan
jatinangor,"Jatinangor, Sumedang",2026-09-29,32.11.15.2002,Hegarmanah,kecamatan,yes,-6.938,107.7556,Asia/Jakarta,"BMKG representative point: Hegarmanah, Kecamatan Jatinangor",29-09-2026,BMKG,BMKG,20:00,2026-09-29 19:00:00,21.0,95.0,0.0,0.6,60.0,1.364,Cerah Berawan,Cerah Berawan
jatinangor,"Jatinangor, Sumedang",2026-09-29,32.11.15.2002,Hegarmanah,kecamatan,yes,-6.938,107.7556,Asia/Jakarta,"BMKG representative point: Hegarmanah, Kecamatan Jatinangor",29-09-2026,BMKG,BMKG,21:00,2026-09-29 22:00:00,21.0,96.0,0.0,0.9,60.0,1.364,Berawan,Berawan
jatinangor,"Jatinangor, Sumedang",2026-09-29,32.11.15.2002,Hegarmanah,kecamatan,yes,-6.938,107.7556,Asia/Jakarta,"BMKG representative point: Hegarmanah, Kecamatan Jatinangor",29-09-2026,BMKG,BMKG,22:00,2026-09-29 22:00:00,21.0,96.0,0.0,0.9,0.0,1.8187,Berawan,Berawan
jatinangor,"Jatinangor, Sumedang",2026-09-29,32.11.15.2002,Hegarmanah,kecamatan,yes,-6.938,107.7556,Asia/Jakarta,"BMKG representative point: Hegarmanah, Kecamatan Jatinangor",29-09-2026,BMKG,BMKG,23:00,2026-09-29 22:00:00,21.0,96.0,0.0,0.9,60.0,1.364,Berawan,Berawan
jatinangor,"Jatinangor, Sumedang",2026-09-29,32.11.15.2002,Hegarmanah,kecamatan,yes,-6.938,107.7556,Asia/Jakarta,"BMKG representative point: Hegarmanah, Kecamatan Jatinangor",29-09-2026,CMA,Open-Meteo / CMA GRAPES,00:00,2026-09-29 00:00:00,22.4,90.0,0.1,1.5,0.0,1.1165,Hujan Ringan,wmo:51
jatinangor,"Jatinangor, Sumedang",2026-09-29,32.11.15.2002,Hegarmanah,kecamatan,yes,-6.938,107.7556,Asia/Jakarta,"BMKG representative point: Hegarmanah, Kecamatan Jatinangor",29-09-2026,CMA,Open-Meteo / CMA GRAPES,01:00,2026-09-29 01:00:00,22.0,92.0,0.1,1.1,0.0,1.1165,Hujan Ringan,wmo:51
jatinangor,"Jatinangor, Sumedang",2026-09-29,32.11.15.2002,Hegarmanah,kecamatan,yes,-6.938,107.7556,Asia/Jakarta,"BMKG representative point: Hegarmanah, Kecamatan Jatinangor",29-09-2026,CMA,Open-Meteo / CMA GRAPES,02:00,2026-09-29 02:00:00,21.7,93.0,0.0,1.4,0.0,1.1165,Cerah,wmo:0
jatinangor,"Jatinangor, Sumedang",2026-09-29,32.11.15.2002,Hegarmanah,kecamatan,yes,-6.938,107.7556,Asia/Jakarta,"BMKG representative point: Hegarmanah, Kecamatan Jatinangor",29-09-2026,CMA,Open-Meteo / CMA GRAPES,03:00,2026-09-29 03:00:00,21.5,94.0,0.0,1.8,0.0,1.1165,Cerah,wmo:0
jatinangor,"Jatinangor, Sumedang",2026-09-29,32.11.15.2002,Hegarmanah,kecamatan,yes,-6.938,107.7556,Asia/Jakarta,"BMKG representative point: Hegarmanah, Kecamatan Jatinangor",29-09-2026,CMA,Open-Meteo / CMA GRAPES,04:00,2026-09-29 04:00:00,21.5,94.0,0.0,2.3,0.0,1.1165,Cerah,wmo:0
jatinangor,"Jatinangor, Sumedang",2026-09-29,32.11.15.2002,Hegarmanah,kecamatan,yes,-6.938,107.7556,Asia/Jakarta,"BMKG representative point: Hegarmanah, Kecamatan Jatinangor",29-09-2026,CMA,Open-Meteo / CMA GRAPES,05:00,2026-09-29 05:00:00,21.7,93.0,0.0,3.1,0.0,1.1165,Cerah,wmo:0
jatinangor,"Jatinangor, Sumedang",2026-09-29,32.11.15.2002,Hegarmanah,kecamatan,yes,-6.938,107.7556,Asia/Jakarta,"BMKG representative point: Hegarmanah, Kecamatan Jatinangor",29-09-2026,CMA,Open-Meteo / CMA GRAPES,06:00,2026-09-29 06:00:00,22.1,90.0,0.0,4.6,0.0,1.1165,Cerah,wmo:0
jatinangor,"Jatinangor, Sumedang",2026-09-29,32.11.15.2002,Hegarmanah,kecamatan,yes,-6.938,107.7556,Asia/Jakarta,"BMKG representative point: Hegarmanah, Kecamatan Jatinangor",29-09-2026,CMA,Open-Meteo / CMA GRAPES,07:00,2026-09-29 07:00:00,22.7,86.0,0.0,5.1,0.0,1.1165,Cerah,wmo:0
jatinangor,"Jatinangor, Sumedang",2026-09-29,32.11.15.2002,Hegarmanah,kecamatan,yes,-6.938,107.7556,Asia/Jakarta,"BMKG representative point: Hegarmanah, Kecamatan Jatinangor",29-09-2026,CMA,Open-Meteo / CMA GRAPES,08:00,2026-09-29 08:00:00,23.8,79.0,0.0,5.6,0.0,1.1165,Cerah,wmo:0
jatinangor,"Jatinangor, Sumedang",2026-09-29,32.11.15.2002,Hegarmanah,kecamatan,yes,-6.938,107.7556,Asia/Jakarta,"BMKG representative point: Hegarmanah, Kecamatan Jatinangor",29-09-2026,CMA,Open-Meteo / CMA GRAPES,09:00,2026-09-29 09:00:00,25.2,70.0,0.0,7.8,0.0,1.1165,Cerah,wmo:0
jatinangor,"Jatinangor, Sumedang",2026-09-29,32.11.15.2002,Hegarmanah,kecamatan,yes,-6.938,107.7556,Asia/Jakarta,"BMKG representative point: Hegarmanah, Kecamatan Jatinangor",29-09-2026,CMA,Open-Meteo / CMA GRAPES,10:00,2026-09-29 10:00:00,26.4,63.0,0.0,9.8,0.0,1.1165,Cerah,wmo:0
jatinangor,"Jatinangor, Sumedang",2026-09-29,32.11.15.2002,Hegarmanah,kecamatan,yes,-6.938,107.7556,Asia/Jakarta,"BMKG representative point: Hegarmanah, Kecamatan Jatinangor",29-09-2026,CMA,Open-Meteo / CMA GRAPES,11:00,2026-09-29 11:00:00,27.4,59.0,0.0,11.2,0.0,1.1165,Cerah,wmo:0
jatinangor,"Jatinangor, Sumedang",2026-09-29,32.11.15.2002,Hegarmanah,kecamatan,yes,-6.938,107.7556,Asia/Jakarta,"BMKG representative point: Hegarmanah, Kecamatan Jatinangor",29-09-2026,CMA,Open-Meteo / CMA GRAPES,12:00,2026-09-29 12:00:00,28.2,58.0,0.0,12.4,0.0,1.1165,Cerah,wmo:0
jatinangor,"Jatinangor, Sumedang",2026-09-29,32.11.15.2002,Hegarmanah,kecamatan,yes,-6.938,107.7556,Asia/Jakarta,"BMKG representative point: Hegarmanah, Kecamatan Jatinangor",29-09-2026,CMA,Open-Meteo / CMA GRAPES,13:00,2026-09-29 13:00:00,28.6,58.0,0.0,13.8,0.0,1.1165,Cerah,wmo:0
jatinangor,"Jatinangor, Sumedang",2026-09-29,32.11.15.2002,Hegarmanah,kecamatan,yes,-6.938,107.7556,Asia/Jakarta,"BMKG representative point: Hegarmanah, Kecamatan Jatinangor",29-09-2026,CMA,Open-Meteo / CMA GRAPES,14:00,2026-09-29 14:00:00,28.5,60.0,0.0,15.5,0.0,1.1165,Cerah,wmo:0
jatinangor,"Jatinangor, Sumedang",2026-09-29,32.11.15.2002,Hegarmanah,kecamatan,yes,-6.938,107.7556,Asia/Jakarta,"BMKG representative point: Hegarmanah, Kecamatan Jatinangor",29-09-2026,CMA,Open-Meteo / CMA GRAPES,15:00,2026-09-29 15:00:00,28.1,63.0,0.0,16.5,0.0,1.1165,Cerah,wmo:0
jatinangor,"Jatinangor, Sumedang",2026-09-29,32.11.15.2002,Hegarmanah,kecamatan,yes,-6.938,107.7556,Asia/Jakarta,"BMKG representative point: Hegarmanah, Kecamatan Jatinangor",29-09-2026,CMA,Open-Meteo / CMA GRAPES,16:00,2026-09-29 16:00:00,27.4,68.0,0.0,16.5,0.0,1.1165,Cerah,wmo:0
jatinangor,"Jatinangor, Sumedang",2026-09-29,32.11.15.2002,Hegarmanah,kecamatan,yes,-6.938,107.7556,Asia/Jakarta,"BMKG representative point: Hegarmanah, Kecamatan Jatinangor",29-09-2026,CMA,Open-Meteo / CMA GRAPES,17:00,2026-09-29 17:00:00,26.1,76.0,0.0,14.2,0.0,1.1165,Cerah,wmo:0
jatinangor,"Jatinangor, Sumedang",2026-09-29,32.11.15.2002,Hegarmanah,kecamatan,yes,-6.938,107.7556,Asia/Jakarta,"BMKG representative point: Hegarmanah, Kecamatan Jatinangor",29-09-2026,CMA,Open-Meteo / CMA GRAPES,18:00,2026-09-29 18:00:00,24.6,86.0,0.0,10.8,0.0,1.1165,Cerah,wmo:0
jatinangor,"Jatinangor, Sumedang",2026-09-29,32.11.15.2002,Hegarmanah,kecamatan,yes,-6.938,107.7556,Asia/Jakarta,"BMKG representative point: Hegarmanah, Kecamatan Jatinangor",29-09-2026,CMA,Open-Meteo / CMA GRAPES,19:00,2026-09-29 19:00:00,23.4,93.0,0.0,7.9,0.0,1.1165,Cerah,wmo:0
jatinangor,"Jatinangor, Sumedang",2026-09-29,32.11.15.2002,Hegarmanah,kecamatan,yes,-6.938,107.7556,Asia/Jakarta,"BMKG representative point: Hegarmanah, Kecamatan Jatinangor",29-09-2026,CMA,Open-Meteo / CMA GRAPES,20:00,2026-09-29 20:00:00,23.0,94.0,0.0,6.0,0.0,1.1165,Cerah Berawan,wmo:1
jatinangor,"Jatinangor, Sumedang",2026-09-29,32.11.15.2002,Hegarmanah,kecamatan,yes,-6.938,107.7556,Asia/Jakarta,"BMKG representative point: Hegarmanah, Kecamatan Jatinangor",29-09-2026,CMA,Open-Meteo / CMA GRAPES,21:00,2026-09-29 21:00:00,23.1,93.0,0.0,4.3,0.0,1.1165,Cerah Berawan,wmo:1
jatinangor,"Jatinangor, Sumedang",2026-09-29,32.11.15.2002,Hegarmanah,kecamatan,yes,-6.938,107.7556,Asia/Jakarta,"BMKG representative point: Hegarmanah, Kecamatan Jatinangor",29-09-2026,CMA,Open-Meteo / CMA GRAPES,22:00,2026-09-29 22:00:00,23.1,92.0,0.0,3.8,0.0,1.1165,Cerah Berawan,wmo:2
jatinangor,"Jatinangor, Sumedang",2026-09-29,32.11.15.2002,Hegarmanah,kecamatan,yes,-6.938,107.7556,Asia/Jakarta,"BMKG representative point: Hegarmanah, Kecamatan Jatinangor",29-09-2026,CMA,Open-Meteo / CMA GRAPES,23:00,2026-09-29 23:00:00,23.2,93.0,0.0,3.9,0.0,1.1165,Cerah Berawan,wmo:2
jatinangor,"Jatinangor, Sumedang",2026-09-29,32.11.15.2002,Hegarmanah,kecamatan,yes,-6.938,107.7556,Asia/Jakarta,"BMKG representative point: Hegarmanah, Kecamatan Jatinangor",29-09-2026,ECMWF,Open-Meteo / ECMWF,00:00,2026-09-29 00:00:00,20.2,98.0,0.0,2.3,0.0,1.6747,Cerah Berawan,wmo:2
jatinangor,"Jatinangor, Sumedang",2026-09-29,32.11.15.2002,Hegarmanah,kecamatan,yes,-6.938,107.7556,Asia/Jakarta,"BMKG representative point: Hegarmanah, Kecamatan Jatinangor",29-09-2026,ECMWF,Open-Meteo / ECMWF,01:00,2026-09-29 01:00:00,19.7,99.0,0.0,1.5,0.0,1.6747,Berawan,wmo:3
jatinangor,"Jatinangor, Sumedang",2026-09-29,32.11.15.2002,Hegarmanah,kecamatan,yes,-6.938,107.7556,Asia/Jakarta,"BMKG representative point: Hegarmanah, Kecamatan Jatinangor",29-09-2026,ECMWF,Open-Meteo / ECMWF,02:00,2026-09-29 02:00:00,19.1,100,0.0,1.5,0.0,1.6747,Berawan,wmo:3
jatinangor,"Jatinangor, Sumedang",2026-09-29,32.11.15.2002,Hegarmanah,kecamatan,yes,-6.938,107.7556,Asia/Jakarta,"BMKG representative point: Hegarmanah, Kecamatan Jatinangor",29-09-2026,ECMWF,Open-Meteo / ECMWF,03:00,2026-09-29 03:00:00,18.5,100,0.0,1.9,0.0,1.6747,Berawan,wmo:3
jatinangor,"Jatinangor, Sumedang",2026-09-29,32.11.15.2002,Hegarmanah,kecamatan,yes,-6.938,107.7556,Asia/Jakarta,"BMKG representative point: Hegarmanah, Kecamatan Jatinangor",29-09-2026,ECMWF,Open-Meteo / ECMWF,04:00,2026-09-29 04:00:00,18.4,99.0,0.0,2.3,0.0,1.6747,Berawan,wmo:3
jatinangor,"Jatinangor, Sumedang",2026-09-29,32.11.15.2002,Hegarmanah,kecamatan,yes,-6.938,107.7556,Asia/Jakarta,"BMKG representative point: Hegarmanah, Kecamatan Jatinangor",29-09-2026,ECMWF,Open-Meteo / ECMWF,05:00,2026-09-29 05:00:00,18.8,98.0,0.0,2.5,0.0,1.6747,Berawan,wmo:3
jatinangor,"Jatinangor, Sumedang",2026-09-29,32.11.15.2002,Hegarmanah,kecamatan,yes,-6.938,107.7556,Asia/Jakarta,"BMKG representative point: Hegarmanah, Kecamatan Jatinangor",29-09-2026,ECMWF,Open-Meteo / ECMWF,06:00,2026-09-29 06:00:00,19.7,96.0,0.0,3.3,0.0,1.6747,Cerah Berawan,wmo:2
jatinangor,"Jatinangor, Sumedang",2026-09-29,32.11.15.2002,Hegarmanah,kecamatan,yes,-6.938,107.7556,Asia/Jakarta,"BMKG representative point: Hegarmanah, Kecamatan Jatinangor",29-09-2026,ECMWF,Open-Meteo / ECMWF,07:00,2026-09-29 07:00:00,21.1,91.0,0.0,3.7,0.0,1.6747,Cerah Berawan,wmo:1
jatinangor,"Jatinangor, Sumedang",2026-09-29,32.11.15.2002,Hegarmanah,kecamatan,yes,-6.938,107.7556,Asia/Jakarta,"BMKG representative point: Hegarmanah, Kecamatan Jatinangor",29-09-2026,ECMWF,Open-Meteo / ECMWF,08:00,2026-09-29 08:00:00,23.5,81.0,0.0,4.0,0.0,1.6747,Cerah Berawan,wmo:1
jatinangor,"Jatinangor, Sumedang",2026-09-29,32.11.15.2002,Hegarmanah,kecamatan,yes,-6.938,107.7556,Asia/Jakarta,"BMKG representative point: Hegarmanah, Kecamatan Jatinangor",29-09-2026,ECMWF,Open-Meteo / ECMWF,09:00,2026-09-29 09:00:00,26.5,68.0,0.0,4.0,0.0,1.6747,Cerah Berawan,wmo:1
jatinangor,"Jatinangor, Sumedang",2026-09-29,32.11.15.2002,Hegarmanah,kecamatan,yes,-6.938,107.7556,Asia/Jakarta,"BMKG representative point: Hegarmanah, Kecamatan Jatinangor",29-09-2026,ECMWF,Open-Meteo / ECMWF,10:00,2026-09-29 10:00:00,28.8,58.0,0.0,4.4,0.0,1.6747,Cerah,wmo:0
jatinangor,"Jatinangor, Sumedang",2026-09-29,32.11.15.2002,Hegarmanah,kecamatan,yes,-6.938,107.7556,Asia/Jakarta,"BMKG representative point: Hegarmanah, Kecamatan Jatinangor",29-09-2026,ECMWF,Open-Meteo / ECMWF,11:00,2026-09-29 11:00:00,30.1,52.0,0.1,5.5,0.0,1.6747,Hujan Ringan,wmo:51
jatinangor,"Jatinangor, Sumedang",2026-09-29,32.11.15.2002,Hegarmanah,kecamatan,yes,-6.938,107.7556,Asia/Jakarta,"BMKG representative point: Hegarmanah, Kecamatan Jatinangor",29-09-2026,ECMWF,Open-Meteo / ECMWF,12:00,2026-09-29 12:00:00,30.8,49.0,0.1,8.2,0.0,1.6747,Hujan Ringan,wmo:51
jatinangor,"Jatinangor, Sumedang",2026-09-29,32.11.15.2002,Hegarmanah,kecamatan,yes,-6.938,107.7556,Asia/Jakarta,"BMKG representative point: Hegarmanah, Kecamatan Jatinangor",29-09-2026,ECMWF,Open-Meteo / ECMWF,13:00,2026-09-29 13:00:00,30.8,49.0,0.1,9.4,0.0,1.6747,Hujan Ringan,wmo:51
jatinangor,"Jatinangor, Sumedang",2026-09-29,32.11.15.2002,Hegarmanah,kecamatan,yes,-6.938,107.7556,Asia/Jakarta,"BMKG representative point: Hegarmanah, Kecamatan Jatinangor",29-09-2026,ECMWF,Open-Meteo / ECMWF,14:00,2026-09-29 14:00:00,29.9,53.0,0.9,7.6,0.0,1.6747,Hujan Ringan,wmo:53
jatinangor,"Jatinangor, Sumedang",2026-09-29,32.11.15.2002,Hegarmanah,kecamatan,yes,-6.938,107.7556,Asia/Jakarta,"BMKG representative point: Hegarmanah, Kecamatan Jatinangor",29-09-2026,ECMWF,Open-Meteo / ECMWF,15:00,2026-09-29 15:00:00,28.2,60.0,0.9,4.7,0.0,1.6747,Hujan Ringan,wmo:53
jatinangor,"Jatinangor, Sumedang",2026-09-29,32.11.15.2002,Hegarmanah,kecamatan,yes,-6.938,107.7556,Asia/Jakarta,"BMKG representative point: Hegarmanah, Kecamatan Jatinangor",29-09-2026,ECMWF,Open-Meteo / ECMWF,16:00,2026-09-29 16:00:00,26.7,67.0,0.9,2.7,0.0,1.6747,Hujan Ringan,wmo:53
jatinangor,"Jatinangor, Sumedang",2026-09-29,32.11.15.2002,Hegarmanah,kecamatan,yes,-6.938,107.7556,Asia/Jakarta,"BMKG representative point: Hegarmanah, Kecamatan Jatinangor",29-09-2026,ECMWF,Open-Meteo / ECMWF,17:00,2026-09-29 17:00:00,25.7,72.0,0.0,1.6,0.0,1.6747,Cerah Berawan,wmo:1
jatinangor,"Jatinangor, Sumedang",2026-09-29,32.11.15.2002,Hegarmanah,kecamatan,yes,-6.938,107.7556,Asia/Jakarta,"BMKG representative point: Hegarmanah, Kecamatan Jatinangor",29-09-2026,ECMWF,Open-Meteo / ECMWF,18:00,2026-09-29 18:00:00,24.8,76.0,0.0,1.0,0.0,1.6747,Cerah Berawan,wmo:1
jatinangor,"Jatinangor, Sumedang",2026-09-29,32.11.15.2002,Hegarmanah,kecamatan,yes,-6.938,107.7556,Asia/Jakarta,"BMKG representative point: Hegarmanah, Kecamatan Jatinangor",29-09-2026,ECMWF,Open-Meteo / ECMWF,19:00,2026-09-29 19:00:00,24.0,80.0,0.0,1.8,0.0,1.6747,Cerah Berawan,wmo:1
jatinangor,"Jatinangor, Sumedang",2026-09-29,32.11.15.2002,Hegarmanah,kecamatan,yes,-6.938,107.7556,Asia/Jakarta,"BMKG representative point: Hegarmanah, Kecamatan Jatinangor",29-09-2026,ECMWF,Open-Meteo / ECMWF,20:00,2026-09-29 20:00:00,23.3,84.0,0.0,2.2,0.0,1.6747,Cerah Berawan,wmo:1
jatinangor,"Jatinangor, Sumedang",2026-09-29,32.11.15.2002,Hegarmanah,kecamatan,yes,-6.938,107.7556,Asia/Jakarta,"BMKG representative point: Hegarmanah, Kecamatan Jatinangor",29-09-2026,ECMWF,Open-Meteo / ECMWF,21:00,2026-09-29 21:00:00,22.6,87.0,0.0,2.6,0.0,1.6747,Cerah Berawan,wmo:1
jatinangor,"Jatinangor, Sumedang",2026-09-29,32.11.15.2002,Hegarmanah,kecamatan,yes,-6.938,107.7556,Asia/Jakarta,"BMKG representative point: Hegarmanah, Kecamatan Jatinangor",29-09-2026,ECMWF,Open-Meteo / ECMWF,22:00,2026-09-29 22:00:00,22.0,90.0,0.0,3.0,0.0,1.6747,Cerah Berawan,wmo:1
jatinangor,"Jatinangor, Sumedang",2026-09-29,32.11.15.2002,Hegarmanah,kecamatan,yes,-6.938,107.7556,Asia/Jakarta,"BMKG representative point: Hegarmanah, Kecamatan Jatinangor",29-09-2026,ECMWF,Open-Meteo / ECMWF,23:00,2026-09-29 23:00:00,21.3,93.0,0.0,2.9,0.0,1.6747,Cerah Berawan,wmo:1
jatinangor,"Jatinangor, Sumedang",2026-09-29,32.11.15.2002,Hegarmanah,kecamatan,yes,-6.938,107.7556,Asia/Jakarta,"BMKG representative point: Hegarmanah, Kecamatan Jatinangor",29-09-2026,GFS,Open-Meteo / NOAA GFS,00:00,2026-09-29 00:00:00,19.9,94.0,0.4,3.4,0.0,1.3529,Hujan Ringan,wmo:51
jatinangor,"Jatinangor, Sumedang",2026-09-29,32.11.15.2002,Hegarmanah,kecamatan,yes,-6.938,107.7556,Asia/Jakarta,"BMKG representative point: Hegarmanah, Kecamatan Jatinangor",29-09-2026,GFS,Open-Meteo / NOAA GFS,01:00,2026-09-29 01:00:00,19.7,95.0,0.0,3.9,0.0,1.3529,Berawan,wmo:3
jatinangor,"Jatinangor, Sumedang",2026-09-29,32.11.15.2002,Hegarmanah,kecamatan,yes,-6.938,107.7556,Asia/Jakarta,"BMKG representative point: Hegarmanah, Kecamatan Jatinangor",29-09-2026,GFS,Open-Meteo / NOAA GFS,02:00,2026-09-29 02:00:00,19.6,95.0,0.0,3.2,0.0,1.3529,Berawan,wmo:3
jatinangor,"Jatinangor, Sumedang",2026-09-29,32.11.15.2002,Hegarmanah,kecamatan,yes,-6.938,107.7556,Asia/Jakarta,"BMKG representative point: Hegarmanah, Kecamatan Jatinangor",29-09-2026,GFS,Open-Meteo / NOAA GFS,03:00,2026-09-29 03:00:00,19.5,95.0,0.0,3.1,0.0,1.3529,Berawan,wmo:3
jatinangor,"Jatinangor, Sumedang",2026-09-29,32.11.15.2002,Hegarmanah,kecamatan,yes,-6.938,107.7556,Asia/Jakarta,"BMKG representative point: Hegarmanah, Kecamatan Jatinangor",29-09-2026,GFS,Open-Meteo / NOAA GFS,04:00,2026-09-29 04:00:00,19.4,95.0,0.0,3.2,0.0,1.3529,Berawan,wmo:3
jatinangor,"Jatinangor, Sumedang",2026-09-29,32.11.15.2002,Hegarmanah,kecamatan,yes,-6.938,107.7556,Asia/Jakarta,"BMKG representative point: Hegarmanah, Kecamatan Jatinangor",29-09-2026,GFS,Open-Meteo / NOAA GFS,05:00,2026-09-29 05:00:00,19.3,95.0,0.0,3.3,0.0,1.3529,Berawan,wmo:3
jatinangor,"Jatinangor, Sumedang",2026-09-29,32.11.15.2002,Hegarmanah,kecamatan,yes,-6.938,107.7556,Asia/Jakarta,"BMKG representative point: Hegarmanah, Kecamatan Jatinangor",29-09-2026,GFS,Open-Meteo / NOAA GFS,06:00,2026-09-29 06:00:00,19.8,93.0,0.0,1.9,0.0,1.3529,Berawan,wmo:3
jatinangor,"Jatinangor, Sumedang",2026-09-29,32.11.15.2002,Hegarmanah,kecamatan,yes,-6.938,107.7556,Asia/Jakarta,"BMKG representative point: Hegarmanah, Kecamatan Jatinangor",29-09-2026,GFS,Open-Meteo / NOAA GFS,07:00,2026-09-29 07:00:00,22.0,83.0,0.0,1.5,0.0,1.3529,Berawan,wmo:3
jatinangor,"Jatinangor, Sumedang",2026-09-29,32.11.15.2002,Hegarmanah,kecamatan,yes,-6.938,107.7556,Asia/Jakarta,"BMKG representative point: Hegarmanah, Kecamatan Jatinangor",29-09-2026,GFS,Open-Meteo / NOAA GFS,08:00,2026-09-29 08:00:00,24.5,72.0,0.0,3.3,0.0,1.3529,Berawan,wmo:3
jatinangor,"Jatinangor, Sumedang",2026-09-29,32.11.15.2002,Hegarmanah,kecamatan,yes,-6.938,107.7556,Asia/Jakarta,"BMKG representative point: Hegarmanah, Kecamatan Jatinangor",29-09-2026,GFS,Open-Meteo / NOAA GFS,09:00,2026-09-29 09:00:00,26.7,61.0,0.0,6.5,0.0,1.3529,Berawan,wmo:3
jatinangor,"Jatinangor, Sumedang",2026-09-29,32.11.15.2002,Hegarmanah,kecamatan,yes,-6.938,107.7556,Asia/Jakarta,"BMKG representative point: Hegarmanah, Kecamatan Jatinangor",29-09-2026,GFS,Open-Meteo / NOAA GFS,10:00,2026-09-29 10:00:00,28.9,50.0,0.0,6.6,0.0,1.3529,Cerah Berawan,wmo:2
jatinangor,"Jatinangor, Sumedang",2026-09-29,32.11.15.2002,Hegarmanah,kecamatan,yes,-6.938,107.7556,Asia/Jakarta,"BMKG representative point: Hegarmanah, Kecamatan Jatinangor",29-09-2026,GFS,Open-Meteo / NOAA GFS,11:00,2026-09-29 11:00:00,30.1,45.0,0.0,9.0,0.0,1.3529,Berawan,wmo:3
jatinangor,"Jatinangor, Sumedang",2026-09-29,32.11.15.2002,Hegarmanah,kecamatan,yes,-6.938,107.7556,Asia/Jakarta,"BMKG representative point: Hegarmanah, Kecamatan Jatinangor",29-09-2026,GFS,Open-Meteo / NOAA GFS,12:00,2026-09-29 12:00:00,30.9,43.0,0.0,12.5,0.0,1.3529,Berawan,wmo:3
jatinangor,"Jatinangor, Sumedang",2026-09-29,32.11.15.2002,Hegarmanah,kecamatan,yes,-6.938,107.7556,Asia/Jakarta,"BMKG representative point: Hegarmanah, Kecamatan Jatinangor",29-09-2026,GFS,Open-Meteo / NOAA GFS,13:00,2026-09-29 13:00:00,31.0,43.0,0.0,15.1,0.0,1.3529,Berawan,wmo:3
jatinangor,"Jatinangor, Sumedang",2026-09-29,32.11.15.2002,Hegarmanah,kecamatan,yes,-6.938,107.7556,Asia/Jakarta,"BMKG representative point: Hegarmanah, Kecamatan Jatinangor",29-09-2026,GFS,Open-Meteo / NOAA GFS,14:00,2026-09-29 14:00:00,29.2,48.0,0.0,12.2,0.0,1.3529,Berawan,wmo:3
jatinangor,"Jatinangor, Sumedang",2026-09-29,32.11.15.2002,Hegarmanah,kecamatan,yes,-6.938,107.7556,Asia/Jakarta,"BMKG representative point: Hegarmanah, Kecamatan Jatinangor",29-09-2026,GFS,Open-Meteo / NOAA GFS,15:00,2026-09-29 15:00:00,28.0,54.0,0.0,7.9,0.0,1.3529,Berawan,wmo:3
jatinangor,"Jatinangor, Sumedang",2026-09-29,32.11.15.2002,Hegarmanah,kecamatan,yes,-6.938,107.7556,Asia/Jakarta,"BMKG representative point: Hegarmanah, Kecamatan Jatinangor",29-09-2026,GFS,Open-Meteo / NOAA GFS,16:00,2026-09-29 16:00:00,27.2,59.0,0.0,8.4,0.0,1.3529,Berawan,wmo:3
jatinangor,"Jatinangor, Sumedang",2026-09-29,32.11.15.2002,Hegarmanah,kecamatan,yes,-6.938,107.7556,Asia/Jakarta,"BMKG representative point: Hegarmanah, Kecamatan Jatinangor",29-09-2026,GFS,Open-Meteo / NOAA GFS,17:00,2026-09-29 17:00:00,24.9,73.0,0.5,10.0,0.0,1.3529,Hujan Ringan,wmo:53
jatinangor,"Jatinangor, Sumedang",2026-09-29,32.11.15.2002,Hegarmanah,kecamatan,yes,-6.938,107.7556,Asia/Jakarta,"BMKG representative point: Hegarmanah, Kecamatan Jatinangor",29-09-2026,GFS,Open-Meteo / NOAA GFS,18:00,2026-09-29 18:00:00,22.9,84.0,0.4,7.5,0.0,1.3529,Hujan Ringan,wmo:51
jatinangor,"Jatinangor, Sumedang",2026-09-29,32.11.15.2002,Hegarmanah,kecamatan,yes,-6.938,107.7556,Asia/Jakarta,"BMKG representative point: Hegarmanah, Kecamatan Jatinangor",29-09-2026,GFS,Open-Meteo / NOAA GFS,19:00,2026-09-29 19:00:00,22.3,88.0,0.2,6.2,0.0,1.3529,Hujan Ringan,wmo:51
jatinangor,"Jatinangor, Sumedang",2026-09-29,32.11.15.2002,Hegarmanah,kecamatan,yes,-6.938,107.7556,Asia/Jakarta,"BMKG representative point: Hegarmanah, Kecamatan Jatinangor",29-09-2026,GFS,Open-Meteo / NOAA GFS,20:00,2026-09-29 20:00:00,22.0,90.0,0.1,4.3,0.0,1.3529,Hujan Ringan,wmo:51
jatinangor,"Jatinangor, Sumedang",2026-09-29,32.11.15.2002,Hegarmanah,kecamatan,yes,-6.938,107.7556,Asia/Jakarta,"BMKG representative point: Hegarmanah, Kecamatan Jatinangor",29-09-2026,GFS,Open-Meteo / NOAA GFS,21:00,2026-09-29 21:00:00,21.5,92.0,0.0,3.3,0.0,1.3529,Berawan,wmo:3
jatinangor,"Jatinangor, Sumedang",2026-09-29,32.11.15.2002,Hegarmanah,kecamatan,yes,-6.938,107.7556,Asia/Jakarta,"BMKG representative point: Hegarmanah, Kecamatan Jatinangor",29-09-2026,GFS,Open-Meteo / NOAA GFS,22:00,2026-09-29 22:00:00,21.2,94.0,0.0,3.2,0.0,1.3529,Berawan,wmo:3
jatinangor,"Jatinangor, Sumedang",2026-09-29,32.11.15.2002,Hegarmanah,kecamatan,yes,-6.938,107.7556,Asia/Jakarta,"BMKG representative point: Hegarmanah, Kecamatan Jatinangor",29-09-2026,GFS,Open-Meteo / NOAA GFS,23:00,2026-09-29 23:00:00,20.8,95.0,0.0,2.9,0.0,1.3529,Berawan,wmo:3
jatinangor,"Jatinangor, Sumedang",2026-09-29,32.11.15.2002,Hegarmanah,kecamatan,yes,-6.938,107.7556,Asia/Jakarta,"BMKG representative point: Hegarmanah, Kecamatan Jatinangor",29-09-2026,ICON,Open-Meteo / DWD ICON,00:00,2026-09-29 00:00:00,22.8,92.0,0.0,2.9,0.0,1.4376,Cerah Berawan,wmo:2
jatinangor,"Jatinangor, Sumedang",2026-09-29,32.11.15.2002,Hegarmanah,kecamatan,yes,-6.938,107.7556,Asia/Jakarta,"BMKG representative point: Hegarmanah, Kecamatan Jatinangor",29-09-2026,ICON,Open-Meteo / DWD ICON,01:00,2026-09-29 01:00:00,22.5,93.0,0.0,2.6,0.0,1.4376,Cerah Berawan,wmo:2
jatinangor,"Jatinangor, Sumedang",2026-09-29,32.11.15.2002,Hegarmanah,kecamatan,yes,-6.938,107.7556,Asia/Jakarta,"BMKG representative point: Hegarmanah, Kecamatan Jatinangor",29-09-2026,ICON,Open-Meteo / DWD ICON,02:00,2026-09-29 02:00:00,22.2,94.0,0.0,3.0,0.0,1.4376,Cerah Berawan,wmo:2
jatinangor,"Jatinangor, Sumedang",2026-09-29,32.11.15.2002,Hegarmanah,kecamatan,yes,-6.938,107.7556,Asia/Jakarta,"BMKG representative point: Hegarmanah, Kecamatan Jatinangor",29-09-2026,ICON,Open-Meteo / DWD ICON,03:00,2026-09-29 03:00:00,21.9,94.0,0.0,3.5,0.0,1.4376,Cerah Berawan,wmo:2
jatinangor,"Jatinangor, Sumedang",2026-09-29,32.11.15.2002,Hegarmanah,kecamatan,yes,-6.938,107.7556,Asia/Jakarta,"BMKG representative point: Hegarmanah, Kecamatan Jatinangor",29-09-2026,ICON,Open-Meteo / DWD ICON,04:00,2026-09-29 04:00:00,21.6,94.0,0.0,3.9,0.0,1.4376,Cerah Berawan,wmo:2
jatinangor,"Jatinangor, Sumedang",2026-09-29,32.11.15.2002,Hegarmanah,kecamatan,yes,-6.938,107.7556,Asia/Jakarta,"BMKG representative point: Hegarmanah, Kecamatan Jatinangor",29-09-2026,ICON,Open-Meteo / DWD ICON,05:00,2026-09-29 05:00:00,21.2,94.0,0.0,4.1,0.0,1.4376,Cerah Berawan,wmo:1
jatinangor,"Jatinangor, Sumedang",2026-09-29,32.11.15.2002,Hegarmanah,kecamatan,yes,-6.938,107.7556,Asia/Jakarta,"BMKG representative point: Hegarmanah, Kecamatan Jatinangor",29-09-2026,ICON,Open-Meteo / DWD ICON,06:00,2026-09-29 06:00:00,21.0,93.0,0.0,4.3,0.0,1.4376,Cerah Berawan,wmo:2
jatinangor,"Jatinangor, Sumedang",2026-09-29,32.11.15.2002,Hegarmanah,kecamatan,yes,-6.938,107.7556,Asia/Jakarta,"BMKG representative point: Hegarmanah, Kecamatan Jatinangor",29-09-2026,ICON,Open-Meteo / DWD ICON,07:00,2026-09-29 07:00:00,22.7,91.0,0.0,3.3,0.0,1.4376,Cerah Berawan,wmo:2
jatinangor,"Jatinangor, Sumedang",2026-09-29,32.11.15.2002,Hegarmanah,kecamatan,yes,-6.938,107.7556,Asia/Jakarta,"BMKG representative point: Hegarmanah, Kecamatan Jatinangor",29-09-2026,ICON,Open-Meteo / DWD ICON,08:00,2026-09-29 08:00:00,25.2,78.0,0.0,2.9,0.0,1.4376,Cerah Berawan,wmo:2
jatinangor,"Jatinangor, Sumedang",2026-09-29,32.11.15.2002,Hegarmanah,kecamatan,yes,-6.938,107.7556,Asia/Jakarta,"BMKG representative point: Hegarmanah, Kecamatan Jatinangor",29-09-2026,ICON,Open-Meteo / DWD ICON,09:00,2026-09-29 09:00:00,26.8,72.0,0.0,3.7,0.0,1.4376,Berawan,wmo:3
jatinangor,"Jatinangor, Sumedang",2026-09-29,32.11.15.2002,Hegarmanah,kecamatan,yes,-6.938,107.7556,Asia/Jakarta,"BMKG representative point: Hegarmanah, Kecamatan Jatinangor",29-09-2026,ICON,Open-Meteo / DWD ICON,10:00,2026-09-29 10:00:00,28.7,63.0,0.0,4.8,0.0,1.4376,Berawan,wmo:3
jatinangor,"Jatinangor, Sumedang",2026-09-29,32.11.15.2002,Hegarmanah,kecamatan,yes,-6.938,107.7556,Asia/Jakarta,"BMKG representative point: Hegarmanah, Kecamatan Jatinangor",29-09-2026,ICON,Open-Meteo / DWD ICON,11:00,2026-09-29 11:00:00,30.0,55.0,0.0,5.4,0.0,1.4376,Cerah Berawan,wmo:2
jatinangor,"Jatinangor, Sumedang",2026-09-29,32.11.15.2002,Hegarmanah,kecamatan,yes,-6.938,107.7556,Asia/Jakarta,"BMKG representative point: Hegarmanah, Kecamatan Jatinangor",29-09-2026,ICON,Open-Meteo / DWD ICON,12:00,2026-09-29 12:00:00,30.9,50.0,0.0,8.0,0.0,1.4376,Cerah Berawan,wmo:2
jatinangor,"Jatinangor, Sumedang",2026-09-29,32.11.15.2002,Hegarmanah,kecamatan,yes,-6.938,107.7556,Asia/Jakarta,"BMKG representative point: Hegarmanah, Kecamatan Jatinangor",29-09-2026,ICON,Open-Meteo / DWD ICON,13:00,2026-09-29 13:00:00,31.4,48.0,0.0,10.5,0.0,1.4376,Cerah Berawan,wmo:2
jatinangor,"Jatinangor, Sumedang",2026-09-29,32.11.15.2002,Hegarmanah,kecamatan,yes,-6.938,107.7556,Asia/Jakarta,"BMKG representative point: Hegarmanah, Kecamatan Jatinangor",29-09-2026,ICON,Open-Meteo / DWD ICON,14:00,2026-09-29 14:00:00,31.6,47.0,0.0,11.9,0.0,1.4376,Cerah Berawan,wmo:1
jatinangor,"Jatinangor, Sumedang",2026-09-29,32.11.15.2002,Hegarmanah,kecamatan,yes,-6.938,107.7556,Asia/Jakarta,"BMKG representative point: Hegarmanah, Kecamatan Jatinangor",29-09-2026,ICON,Open-Meteo / DWD ICON,15:00,2026-09-29 15:00:00,31.0,47.0,0.0,13.6,0.0,1.4376,Cerah Berawan,wmo:2
jatinangor,"Jatinangor, Sumedang",2026-09-29,32.11.15.2002,Hegarmanah,kecamatan,yes,-6.938,107.7556,Asia/Jakarta,"BMKG representative point: Hegarmanah, Kecamatan Jatinangor",29-09-2026,ICON,Open-Meteo / DWD ICON,16:00,2026-09-29 16:00:00,30.1,48.0,0.0,16.3,0.0,1.4376,Cerah Berawan,wmo:2
jatinangor,"Jatinangor, Sumedang",2026-09-29,32.11.15.2002,Hegarmanah,kecamatan,yes,-6.938,107.7556,Asia/Jakarta,"BMKG representative point: Hegarmanah, Kecamatan Jatinangor",29-09-2026,ICON,Open-Meteo / DWD ICON,17:00,2026-09-29 17:00:00,28.9,42.0,0.0,14.6,0.0,1.4376,Cerah Berawan,wmo:2
jatinangor,"Jatinangor, Sumedang",2026-09-29,32.11.15.2002,Hegarmanah,kecamatan,yes,-6.938,107.7556,Asia/Jakarta,"BMKG representative point: Hegarmanah, Kecamatan Jatinangor",29-09-2026,ICON,Open-Meteo / DWD ICON,18:00,2026-09-29 18:00:00,26.6,48.0,0.0,9.1,0.0,1.4376,Cerah Berawan,wmo:1
jatinangor,"Jatinangor, Sumedang",2026-09-29,32.11.15.2002,Hegarmanah,kecamatan,yes,-6.938,107.7556,Asia/Jakarta,"BMKG representative point: Hegarmanah, Kecamatan Jatinangor",29-09-2026,ICON,Open-Meteo / DWD ICON,19:00,2026-09-29 19:00:00,24.9,57.0,0.0,6.2,0.0,1.4376,Cerah Berawan,wmo:2
jatinangor,"Jatinangor, Sumedang",2026-09-29,32.11.15.2002,Hegarmanah,kecamatan,yes,-6.938,107.7556,Asia/Jakarta,"BMKG representative point: Hegarmanah, Kecamatan Jatinangor",29-09-2026,ICON,Open-Meteo / DWD ICON,20:00,2026-09-29 20:00:00,23.9,63.0,0.0,4.3,0.0,1.4376,Cerah Berawan,wmo:2
jatinangor,"Jatinangor, Sumedang",2026-09-29,32.11.15.2002,Hegarmanah,kecamatan,yes,-6.938,107.7556,Asia/Jakarta,"BMKG representative point: Hegarmanah, Kecamatan Jatinangor",29-09-2026,ICON,Open-Meteo / DWD ICON,21:00,2026-09-29 21:00:00,22.9,69.0,0.0,4.5,0.0,1.4376,Cerah Berawan,wmo:2
jatinangor,"Jatinangor, Sumedang",2026-09-29,32.11.15.2002,Hegarmanah,kecamatan,yes,-6.938,107.7556,Asia/Jakarta,"BMKG representative point: Hegarmanah, Kecamatan Jatinangor",29-09-2026,ICON,Open-Meteo / DWD ICON,22:00,2026-09-29 22:00:00,21.7,77.0,0.0,4.7,0.0,1.4376,Cerah Berawan,wmo:1
jatinangor,"Jatinangor, Sumedang",2026-09-29,32.11.15.2002,Hegarmanah,kecamatan,yes,-6.938,107.7556,Asia/Jakarta,"BMKG representative point: Hegarmanah, Kecamatan Jatinangor",29-09-2026,ICON,Open-Meteo / DWD ICON,23:00,2026-09-29 23:00:00,20.9,84.0,0.0,4.4,0.0,1.4376,Cerah Berawan,wmo:1
jatinangor,"Jatinangor, Sumedang",2026-09-29,32.11.15.2002,Hegarmanah,kecamatan,yes,-6.938,107.7556,Asia/Jakarta,"BMKG representative point: Hegarmanah, Kecamatan Jatinangor",29-09-2026,KMA,Open-Meteo / KMA,00:00,2026-09-29 00:00:00,,,,,0.0,0.5301,Berawan,wmo:None
jatinangor,"Jatinangor, Sumedang",2026-09-29,32.11.15.2002,Hegarmanah,kecamatan,yes,-6.938,107.7556,Asia/Jakarta,"BMKG representative point: Hegarmanah, Kecamatan Jatinangor",29-09-2026,KMA,Open-Meteo / KMA,01:00,2026-09-29 01:00:00,,,,,0.0,0.5301,Berawan,wmo:None
jatinangor,"Jatinangor, Sumedang",2026-09-29,32.11.15.2002,Hegarmanah,kecamatan,yes,-6.938,107.7556,Asia/Jakarta,"BMKG representative point: Hegarmanah, Kecamatan Jatinangor",29-09-2026,KMA,Open-Meteo / KMA,02:00,2026-09-29 02:00:00,,,,,0.0,0.5301,Berawan,wmo:None
jatinangor,"Jatinangor, Sumedang",2026-09-29,32.11.15.2002,Hegarmanah,kecamatan,yes,-6.938,107.7556,Asia/Jakarta,"BMKG representative point: Hegarmanah, Kecamatan Jatinangor",29-09-2026,KMA,Open-Meteo / KMA,03:00,2026-09-29 03:00:00,,,,,0.0,0.5301,Berawan,wmo:None
jatinangor,"Jatinangor, Sumedang",2026-09-29,32.11.15.2002,Hegarmanah,kecamatan,yes,-6.938,107.7556,Asia/Jakarta,"BMKG representative point: Hegarmanah, Kecamatan Jatinangor",29-09-2026,KMA,Open-Meteo / KMA,04:00,2026-09-29 04:00:00,,,,,0.0,0.5301,Berawan,wmo:None
jatinangor,"Jatinangor, Sumedang",2026-09-29,32.11.15.2002,Hegarmanah,kecamatan,yes,-6.938,107.7556,Asia/Jakarta,"BMKG representative point: Hegarmanah, Kecamatan Jatinangor",29-09-2026,KMA,Open-Meteo / KMA,05:00,2026-09-29 05:00:00,,,,,0.0,0.5301,Berawan,wmo:None
jatinangor,"Jatinangor, Sumedang",2026-09-29,32.11.15.2002,Hegarmanah,kecamatan,yes,-6.938,107.7556,Asia/Jakarta,"BMKG representative point: Hegarmanah, Kecamatan Jatinangor",29-09-2026,KMA,Open-Meteo / KMA,06:00,2026-09-29 06:00:00,,,,,0.0,0.5301,Berawan,wmo:None
jatinangor,"Jatinangor, Sumedang",2026-09-29,32.11.15.2002,Hegarmanah,kecamatan,yes,-6.938,107.7556,Asia/Jakarta,"BMKG representative point: Hegarmanah, Kecamatan Jatinangor",29-09-2026,KMA,Open-Meteo / KMA,07:00,2026-09-29 07:00:00,,,,,0.0,0.5301,Berawan,wmo:None
jatinangor,"Jatinangor, Sumedang",2026-09-29,32.11.15.2002,Hegarmanah,kecamatan,yes,-6.938,107.7556,Asia/Jakarta,"BMKG representative point: Hegarmanah, Kecamatan Jatinangor",29-09-2026,KMA,Open-Meteo / KMA,08:00,2026-09-29 08:00:00,,,,,0.0,0.5301,Berawan,wmo:None
jatinangor,"Jatinangor, Sumedang",2026-09-29,32.11.15.2002,Hegarmanah,kecamatan,yes,-6.938,107.7556,Asia/Jakarta,"BMKG representative point: Hegarmanah, Kecamatan Jatinangor",29-09-2026,KMA,Open-Meteo / KMA,09:00,2026-09-29 09:00:00,,,,,0.0,0.5301,Berawan,wmo:None
jatinangor,"Jatinangor, Sumedang",2026-09-29,32.11.15.2002,Hegarmanah,kecamatan,yes,-6.938,107.7556,Asia/Jakarta,"BMKG representative point: Hegarmanah, Kecamatan Jatinangor",29-09-2026,KMA,Open-Meteo / KMA,10:00,2026-09-29 10:00:00,,,,,0.0,0.5301,Berawan,wmo:None
jatinangor,"Jatinangor, Sumedang",2026-09-29,32.11.15.2002,Hegarmanah,kecamatan,yes,-6.938,107.7556,Asia/Jakarta,"BMKG representative point: Hegarmanah, Kecamatan Jatinangor",29-09-2026,KMA,Open-Meteo / KMA,11:00,2026-09-29 11:00:00,,,,,0.0,0.5301,Berawan,wmo:None
jatinangor,"Jatinangor, Sumedang",2026-09-29,32.11.15.2002,Hegarmanah,kecamatan,yes,-6.938,107.7556,Asia/Jakarta,"BMKG representative point: Hegarmanah, Kecamatan Jatinangor",29-09-2026,KMA,Open-Meteo / KMA,12:00,2026-09-29 12:00:00,,,,,0.0,0.5301,Berawan,wmo:None
jatinangor,"Jatinangor, Sumedang",2026-09-29,32.11.15.2002,Hegarmanah,kecamatan,yes,-6.938,107.7556,Asia/Jakarta,"BMKG representative point: Hegarmanah, Kecamatan Jatinangor",29-09-2026,KMA,Open-Meteo / KMA,13:00,2026-09-29 13:00:00,,,,,0.0,0.5301,Berawan,wmo:None
jatinangor,"Jatinangor, Sumedang",2026-09-29,32.11.15.2002,Hegarmanah,kecamatan,yes,-6.938,107.7556,Asia/Jakarta,"BMKG representative point: Hegarmanah, Kecamatan Jatinangor",29-09-2026,KMA,Open-Meteo / KMA,14:00,2026-09-29 14:00:00,,,,,0.0,0.5301,Berawan,wmo:None
jatinangor,"Jatinangor, Sumedang",2026-09-29,32.11.15.2002,Hegarmanah,kecamatan,yes,-6.938,107.7556,Asia/Jakarta,"BMKG representative point: Hegarmanah, Kecamatan Jatinangor",29-09-2026,KMA,Open-Meteo / KMA,15:00,2026-09-29 15:00:00,,,,,0.0,0.5301,Berawan,wmo:None
jatinangor,"Jatinangor, Sumedang",2026-09-29,32.11.15.2002,Hegarmanah,kecamatan,yes,-6.938,107.7556,Asia/Jakarta,"BMKG representative point: Hegarmanah, Kecamatan Jatinangor",29-09-2026,KMA,Open-Meteo / KMA,16:00,2026-09-29 16:00:00,,,,,0.0,0.5301,Berawan,wmo:None
jatinangor,"Jatinangor, Sumedang",2026-09-29,32.11.15.2002,Hegarmanah,kecamatan,yes,-6.938,107.7556,Asia/Jakarta,"BMKG representative point: Hegarmanah, Kecamatan Jatinangor",29-09-2026,KMA,Open-Meteo / KMA,17:00,2026-09-29 17:00:00,,,,,0.0,0.5301,Berawan,wmo:None
jatinangor,"Jatinangor, Sumedang",2026-09-29,32.11.15.2002,Hegarmanah,kecamatan,yes,-6.938,107.7556,Asia/Jakarta,"BMKG representative point: Hegarmanah, Kecamatan Jatinangor",29-09-2026,KMA,Open-Meteo / KMA,18:00,2026-09-29 18:00:00,,,,,0.0,0.5301,Berawan,wmo:None
jatinangor,"Jatinangor, Sumedang",2026-09-29,32.11.15.2002,Hegarmanah,kecamatan,yes,-6.938,107.7556,Asia/Jakarta,"BMKG representative point: Hegarmanah, Kecamatan Jatinangor",29-09-2026,KMA,Open-Meteo / KMA,19:00,2026-09-29 19:00:00,,,,,0.0,0.5301,Berawan,wmo:None
jatinangor,"Jatinangor, Sumedang",2026-09-29,32.11.15.2002,Hegarmanah,kecamatan,yes,-6.938,107.7556,Asia/Jakarta,"BMKG representative point: Hegarmanah, Kecamatan Jatinangor",29-09-2026,KMA,Open-Meteo / KMA,20:00,2026-09-29 20:00:00,,,,,0.0,0.5301,Berawan,wmo:None
jatinangor,"Jatinangor, Sumedang",2026-09-29,32.11.15.2002,Hegarmanah,kecamatan,yes,-6.938,107.7556,Asia/Jakarta,"BMKG representative point: Hegarmanah, Kecamatan Jatinangor",29-09-2026,KMA,Open-Meteo / KMA,21:00,2026-09-29 21:00:00,,,,,0.0,0.5301,Berawan,wmo:None
jatinangor,"Jatinangor, Sumedang",2026-09-29,32.11.15.2002,Hegarmanah,kecamatan,yes,-6.938,107.7556,Asia/Jakarta,"BMKG representative point: Hegarmanah, Kecamatan Jatinangor",29-09-2026,KMA,Open-Meteo / KMA,22:00,2026-09-29 22:00:00,,,,,0.0,0.5301,Berawan,wmo:None
jatinangor,"Jatinangor, Sumedang",2026-09-29,32.11.15.2002,Hegarmanah,kecamatan,yes,-6.938,107.7556,Asia/Jakarta,"BMKG representative point: Hegarmanah, Kecamatan Jatinangor",29-09-2026,KMA,Open-Meteo / KMA,23:00,2026-09-29 23:00:00,,,,,0.0,0.5301,Berawan,wmo:None
jatinangor,"Jatinangor, Sumedang",2026-09-29,32.11.15.2002,Hegarmanah,kecamatan,yes,-6.938,107.7556,Asia/Jakarta,"BMKG representative point: Hegarmanah, Kecamatan Jatinangor",29-09-2026,METEOFRANCE,Open-Meteo / Meteo-France,00:00,2026-09-29 00:00:00,26.0,89.0,0.0,3.1,0.0,1.3903,Berawan,wmo:3
jatinangor,"Jatinangor, Sumedang",2026-09-29,32.11.15.2002,Hegarmanah,kecamatan,yes,-6.938,107.7556,Asia/Jakarta,"BMKG representative point: Hegarmanah, Kecamatan Jatinangor",29-09-2026,METEOFRANCE,Open-Meteo / Meteo-France,01:00,2026-09-29 01:00:00,25.9,90.0,0.0,2.7,0.0,1.3903,Berawan,wmo:3
jatinangor,"Jatinangor, Sumedang",2026-09-29,32.11.15.2002,Hegarmanah,kecamatan,yes,-6.938,107.7556,Asia/Jakarta,"BMKG representative point: Hegarmanah, Kecamatan Jatinangor",29-09-2026,METEOFRANCE,Open-Meteo / Meteo-France,02:00,2026-09-29 02:00:00,25.8,90.0,0.0,3.1,0.0,1.3903,Berawan,wmo:3
jatinangor,"Jatinangor, Sumedang",2026-09-29,32.11.15.2002,Hegarmanah,kecamatan,yes,-6.938,107.7556,Asia/Jakarta,"BMKG representative point: Hegarmanah, Kecamatan Jatinangor",29-09-2026,METEOFRANCE,Open-Meteo / Meteo-France,03:00,2026-09-29 03:00:00,25.7,90.0,0.0,3.6,0.0,1.3903,Berawan,wmo:3
jatinangor,"Jatinangor, Sumedang",2026-09-29,32.11.15.2002,Hegarmanah,kecamatan,yes,-6.938,107.7556,Asia/Jakarta,"BMKG representative point: Hegarmanah, Kecamatan Jatinangor",29-09-2026,METEOFRANCE,Open-Meteo / Meteo-France,04:00,2026-09-29 04:00:00,25.7,89.0,0.0,3.9,0.0,1.3903,Berawan,wmo:3
jatinangor,"Jatinangor, Sumedang",2026-09-29,32.11.15.2002,Hegarmanah,kecamatan,yes,-6.938,107.7556,Asia/Jakarta,"BMKG representative point: Hegarmanah, Kecamatan Jatinangor",29-09-2026,METEOFRANCE,Open-Meteo / Meteo-France,05:00,2026-09-29 05:00:00,25.5,89.0,0.0,3.7,0.0,1.3903,Berawan,wmo:3
jatinangor,"Jatinangor, Sumedang",2026-09-29,32.11.15.2002,Hegarmanah,kecamatan,yes,-6.938,107.7556,Asia/Jakarta,"BMKG representative point: Hegarmanah, Kecamatan Jatinangor",29-09-2026,METEOFRANCE,Open-Meteo / Meteo-France,06:00,2026-09-29 06:00:00,25.4,89.0,0.0,3.5,0.0,1.3903,Berawan,wmo:3
jatinangor,"Jatinangor, Sumedang",2026-09-29,32.11.15.2002,Hegarmanah,kecamatan,yes,-6.938,107.7556,Asia/Jakarta,"BMKG representative point: Hegarmanah, Kecamatan Jatinangor",29-09-2026,METEOFRANCE,Open-Meteo / Meteo-France,07:00,2026-09-29 07:00:00,25.9,86.0,0.0,2.8,0.0,1.3903,Berawan,wmo:3
jatinangor,"Jatinangor, Sumedang",2026-09-29,32.11.15.2002,Hegarmanah,kecamatan,yes,-6.938,107.7556,Asia/Jakarta,"BMKG representative point: Hegarmanah, Kecamatan Jatinangor",29-09-2026,METEOFRANCE,Open-Meteo / Meteo-France,08:00,2026-09-29 08:00:00,27.5,78.0,0.0,3.2,0.0,1.3903,Cerah Berawan,wmo:2
jatinangor,"Jatinangor, Sumedang",2026-09-29,32.11.15.2002,Hegarmanah,kecamatan,yes,-6.938,107.7556,Asia/Jakarta,"BMKG representative point: Hegarmanah, Kecamatan Jatinangor",29-09-2026,METEOFRANCE,Open-Meteo / Meteo-France,09:00,2026-09-29 09:00:00,29.8,67.0,0.0,5.8,0.0,1.3903,Cerah Berawan,wmo:2
jatinangor,"Jatinangor, Sumedang",2026-09-29,32.11.15.2002,Hegarmanah,kecamatan,yes,-6.938,107.7556,Asia/Jakarta,"BMKG representative point: Hegarmanah, Kecamatan Jatinangor",29-09-2026,METEOFRANCE,Open-Meteo / Meteo-France,10:00,2026-09-29 10:00:00,31.7,58.0,0.0,8.2,0.0,1.3903,Cerah Berawan,wmo:1
jatinangor,"Jatinangor, Sumedang",2026-09-29,32.11.15.2002,Hegarmanah,kecamatan,yes,-6.938,107.7556,Asia/Jakarta,"BMKG representative point: Hegarmanah, Kecamatan Jatinangor",29-09-2026,METEOFRANCE,Open-Meteo / Meteo-France,11:00,2026-09-29 11:00:00,33.0,52.0,0.0,9.2,0.0,1.3903,Cerah Berawan,wmo:1
jatinangor,"Jatinangor, Sumedang",2026-09-29,32.11.15.2002,Hegarmanah,kecamatan,yes,-6.938,107.7556,Asia/Jakarta,"BMKG representative point: Hegarmanah, Kecamatan Jatinangor",29-09-2026,METEOFRANCE,Open-Meteo / Meteo-France,12:00,2026-09-29 12:00:00,34.0,48.0,0.0,9.4,0.0,1.3903,Cerah Berawan,wmo:1
jatinangor,"Jatinangor, Sumedang",2026-09-29,32.11.15.2002,Hegarmanah,kecamatan,yes,-6.938,107.7556,Asia/Jakarta,"BMKG representative point: Hegarmanah, Kecamatan Jatinangor",29-09-2026,METEOFRANCE,Open-Meteo / Meteo-France,13:00,2026-09-29 13:00:00,34.5,46.0,0.0,9.7,0.0,1.3903,Cerah Berawan,wmo:1
jatinangor,"Jatinangor, Sumedang",2026-09-29,32.11.15.2002,Hegarmanah,kecamatan,yes,-6.938,107.7556,Asia/Jakarta,"BMKG representative point: Hegarmanah, Kecamatan Jatinangor",29-09-2026,METEOFRANCE,Open-Meteo / Meteo-France,14:00,2026-09-29 14:00:00,34.5,45.0,0.0,10.0,0.0,1.3903,Cerah Berawan,wmo:2
jatinangor,"Jatinangor, Sumedang",2026-09-29,32.11.15.2002,Hegarmanah,kecamatan,yes,-6.938,107.7556,Asia/Jakarta,"BMKG representative point: Hegarmanah, Kecamatan Jatinangor",29-09-2026,METEOFRANCE,Open-Meteo / Meteo-France,15:00,2026-09-29 15:00:00,34.0,45.0,0.0,10.3,0.0,1.3903,Cerah Berawan,wmo:2
jatinangor,"Jatinangor, Sumedang",2026-09-29,32.11.15.2002,Hegarmanah,kecamatan,yes,-6.938,107.7556,Asia/Jakarta,"BMKG representative point: Hegarmanah, Kecamatan Jatinangor",29-09-2026,METEOFRANCE,Open-Meteo / Meteo-France,16:00,2026-09-29 16:00:00,33.2,47.0,0.0,10.1,0.0,1.3903,Cerah Berawan,wmo:2
jatinangor,"Jatinangor, Sumedang",2026-09-29,32.11.15.2002,Hegarmanah,kecamatan,yes,-6.938,107.7556,Asia/Jakarta,"BMKG representative point: Hegarmanah, Kecamatan Jatinangor",29-09-2026,METEOFRANCE,Open-Meteo / Meteo-France,17:00,2026-09-29 17:00:00,31.8,51.0,0.0,10.0,0.0,1.3903,Cerah Berawan,wmo:2
jatinangor,"Jatinangor, Sumedang",2026-09-29,32.11.15.2002,Hegarmanah,kecamatan,yes,-6.938,107.7556,Asia/Jakarta,"BMKG representative point: Hegarmanah, Kecamatan Jatinangor",29-09-2026,METEOFRANCE,Open-Meteo / Meteo-France,18:00,2026-09-29 18:00:00,30.0,57.0,0.0,9.4,0.0,1.3903,Cerah Berawan,wmo:2
jatinangor,"Jatinangor, Sumedang",2026-09-29,32.11.15.2002,Hegarmanah,kecamatan,yes,-6.938,107.7556,Asia/Jakarta,"BMKG representative point: Hegarmanah, Kecamatan Jatinangor",29-09-2026,METEOFRANCE,Open-Meteo / Meteo-France,19:00,2026-09-29 19:00:00,28.5,63.0,0.0,8.9,0.0,1.3903,Cerah Berawan,wmo:1
jatinangor,"Jatinangor, Sumedang",2026-09-29,32.11.15.2002,Hegarmanah,kecamatan,yes,-6.938,107.7556,Asia/Jakarta,"BMKG representative point: Hegarmanah, Kecamatan Jatinangor",29-09-2026,METEOFRANCE,Open-Meteo / Meteo-France,20:00,2026-09-29 20:00:00,27.5,69.0,0.0,7.0,0.0,1.3903,Cerah Berawan,wmo:1
jatinangor,"Jatinangor, Sumedang",2026-09-29,32.11.15.2002,Hegarmanah,kecamatan,yes,-6.938,107.7556,Asia/Jakarta,"BMKG representative point: Hegarmanah, Kecamatan Jatinangor",29-09-2026,METEOFRANCE,Open-Meteo / Meteo-France,21:00,2026-09-29 21:00:00,26.7,74.0,0.0,4.7,0.0,1.3903,Cerah Berawan,wmo:1
jatinangor,"Jatinangor, Sumedang",2026-09-29,32.11.15.2002,Hegarmanah,kecamatan,yes,-6.938,107.7556,Asia/Jakarta,"BMKG representative point: Hegarmanah, Kecamatan Jatinangor",29-09-2026,METEOFRANCE,Open-Meteo / Meteo-France,22:00,2026-09-29 22:00:00,26.1,79.0,0.0,3.5,0.0,1.3903,Cerah Berawan,wmo:1
jatinangor,"Jatinangor, Sumedang",2026-09-29,32.11.15.2002,Hegarmanah,kecamatan,yes,-6.938,107.7556,Asia/Jakarta,"BMKG representative point: Hegarmanah, Kecamatan Jatinangor",29-09-2026,METEOFRANCE,Open-Meteo / Meteo-France,23:00,2026-09-29 23:00:00,25.8,81.0,0.0,3.1,0.0,1.3903,Cerah Berawan,wmo:2
jatinangor,"Jatinangor, Sumedang",2026-09-29,32.11.15.2002,Hegarmanah,kecamatan,yes,-6.938,107.7556,Asia/Jakarta,"BMKG representative point: Hegarmanah, Kecamatan Jatinangor",29-09-2026,METNO,MET Norway,00:00,2026-09-29 00:00:00,20.4,96.4,0.0,2.16,0.0,1.3847,Cerah,clearsky_night
jatinangor,"Jatinangor, Sumedang",2026-09-29,32.11.15.2002,Hegarmanah,kecamatan,yes,-6.938,107.7556,Asia/Jakarta,"BMKG representative point: Hegarmanah, Kecamatan Jatinangor",29-09-2026,METNO,MET Norway,01:00,2026-09-29 01:00:00,19.8,97.4,0.0,2.16,0.0,1.3847,Cerah,clearsky_night
jatinangor,"Jatinangor, Sumedang",2026-09-29,32.11.15.2002,Hegarmanah,kecamatan,yes,-6.938,107.7556,Asia/Jakarta,"BMKG representative point: Hegarmanah, Kecamatan Jatinangor",29-09-2026,METNO,MET Norway,02:00,2026-09-29 02:00:00,19.5,97.9,0.0,1.8,0.0,1.3847,Cerah,clearsky_night
jatinangor,"Jatinangor, Sumedang",2026-09-29,32.11.15.2002,Hegarmanah,kecamatan,yes,-6.938,107.7556,Asia/Jakarta,"BMKG representative point: Hegarmanah, Kecamatan Jatinangor",29-09-2026,METNO,MET Norway,03:00,2026-09-29 03:00:00,19.0,99.0,0.0,1.8,0.0,1.3847,Berawan,fog
jatinangor,"Jatinangor, Sumedang",2026-09-29,32.11.15.2002,Hegarmanah,kecamatan,yes,-6.938,107.7556,Asia/Jakarta,"BMKG representative point: Hegarmanah, Kecamatan Jatinangor",29-09-2026,METNO,MET Norway,04:00,2026-09-29 04:00:00,18.6,99.8,0.0,2.16,0.0,1.3847,Berawan,fog
jatinangor,"Jatinangor, Sumedang",2026-09-29,32.11.15.2002,Hegarmanah,kecamatan,yes,-6.938,107.7556,Asia/Jakarta,"BMKG representative point: Hegarmanah, Kecamatan Jatinangor",29-09-2026,METNO,MET Norway,05:00,2026-09-29 05:00:00,18.4,99.8,0.0,2.88,0.0,1.3847,Berawan,fog
jatinangor,"Jatinangor, Sumedang",2026-09-29,32.11.15.2002,Hegarmanah,kecamatan,yes,-6.938,107.7556,Asia/Jakarta,"BMKG representative point: Hegarmanah, Kecamatan Jatinangor",29-09-2026,METNO,MET Norway,06:00,2026-09-29 06:00:00,18.8,99.6,0.0,3.96,0.0,1.3847,Berawan,fog
jatinangor,"Jatinangor, Sumedang",2026-09-29,32.11.15.2002,Hegarmanah,kecamatan,yes,-6.938,107.7556,Asia/Jakarta,"BMKG representative point: Hegarmanah, Kecamatan Jatinangor",29-09-2026,METNO,MET Norway,07:00,2026-09-29 07:00:00,21.1,96.2,0.0,3.96,0.0,1.3847,Berawan,fog
jatinangor,"Jatinangor, Sumedang",2026-09-29,32.11.15.2002,Hegarmanah,kecamatan,yes,-6.938,107.7556,Asia/Jakarta,"BMKG representative point: Hegarmanah, Kecamatan Jatinangor",29-09-2026,METNO,MET Norway,08:00,2026-09-29 08:00:00,23.9,82.0,0.0,4.32,0.0,1.3847,Cerah Berawan,fair_day
jatinangor,"Jatinangor, Sumedang",2026-09-29,32.11.15.2002,Hegarmanah,kecamatan,yes,-6.938,107.7556,Asia/Jakarta,"BMKG representative point: Hegarmanah, Kecamatan Jatinangor",29-09-2026,METNO,MET Norway,09:00,2026-09-29 09:00:00,26.5,68.4,0.0,6.12,0.0,1.3847,Cerah Berawan,partlycloudy_day
jatinangor,"Jatinangor, Sumedang",2026-09-29,32.11.15.2002,Hegarmanah,kecamatan,yes,-6.938,107.7556,Asia/Jakarta,"BMKG representative point: Hegarmanah, Kecamatan Jatinangor",29-09-2026,METNO,MET Norway,10:00,2026-09-29 10:00:00,28.2,60.4,0.0,8.28,0.0,1.3847,Cerah Berawan,fair_day
jatinangor,"Jatinangor, Sumedang",2026-09-29,32.11.15.2002,Hegarmanah,kecamatan,yes,-6.938,107.7556,Asia/Jakarta,"BMKG representative point: Hegarmanah, Kecamatan Jatinangor",29-09-2026,METNO,MET Norway,11:00,2026-09-29 11:00:00,29.1,57.7,0.0,9.72,0.0,1.3847,Cerah Berawan,fair_day
jatinangor,"Jatinangor, Sumedang",2026-09-29,32.11.15.2002,Hegarmanah,kecamatan,yes,-6.938,107.7556,Asia/Jakarta,"BMKG representative point: Hegarmanah, Kecamatan Jatinangor",29-09-2026,METNO,MET Norway,12:00,2026-09-29 12:00:00,29.4,56.5,0.0,11.88,0.0,1.3847,Cerah,clearsky_day
jatinangor,"Jatinangor, Sumedang",2026-09-29,32.11.15.2002,Hegarmanah,kecamatan,yes,-6.938,107.7556,Asia/Jakarta,"BMKG representative point: Hegarmanah, Kecamatan Jatinangor",29-09-2026,METNO,MET Norway,13:00,2026-09-29 13:00:00,29.2,56.3,0.2,13.32,0.0,1.3847,Hujan Ringan,lightrainshowers_day
jatinangor,"Jatinangor, Sumedang",2026-09-29,32.11.15.2002,Hegarmanah,kecamatan,yes,-6.938,107.7556,Asia/Jakarta,"BMKG representative point: Hegarmanah, Kecamatan Jatinangor",29-09-2026,METNO,MET Norway,14:00,2026-09-29 14:00:00,28.2,60.5,0.8,12.96,0.0,1.3847,Hujan Ringan,rainshowers_day
jatinangor,"Jatinangor, Sumedang",2026-09-29,32.11.15.2002,Hegarmanah,kecamatan,yes,-6.938,107.7556,Asia/Jakarta,"BMKG representative point: Hegarmanah, Kecamatan Jatinangor",29-09-2026,METNO,MET Norway,15:00,2026-09-29 15:00:00,27.5,64.3,0.3,12.24,0.0,1.3847,Hujan Ringan,rainshowers_day
jatinangor,"Jatinangor, Sumedang",2026-09-29,32.11.15.2002,Hegarmanah,kecamatan,yes,-6.938,107.7556,Asia/Jakarta,"BMKG representative point: Hegarmanah, Kecamatan Jatinangor",29-09-2026,METNO,MET Norway,16:00,2026-09-29 16:00:00,27.5,60.0,0.0,11.16,0.0,1.3847,Cerah Berawan,fair_day
jatinangor,"Jatinangor, Sumedang",2026-09-29,32.11.15.2002,Hegarmanah,kecamatan,yes,-6.938,107.7556,Asia/Jakarta,"BMKG representative point: Hegarmanah, Kecamatan Jatinangor",29-09-2026,METNO,MET Norway,17:00,2026-09-29 17:00:00,26.1,66.4,0.0,9.36,0.0,1.3847,Cerah Berawan,fair_day
jatinangor,"Jatinangor, Sumedang",2026-09-29,32.11.15.2002,Hegarmanah,kecamatan,yes,-6.938,107.7556,Asia/Jakarta,"BMKG representative point: Hegarmanah, Kecamatan Jatinangor",29-09-2026,METNO,MET Norway,18:00,2026-09-29 18:00:00,23.8,77.2,0.0,6.48,0.0,1.3847,Cerah Berawan,fair_night
jatinangor,"Jatinangor, Sumedang",2026-09-29,32.11.15.2002,Hegarmanah,kecamatan,yes,-6.938,107.7556,Asia/Jakarta,"BMKG representative point: Hegarmanah, Kecamatan Jatinangor",29-09-2026,METNO,MET Norway,19:00,2026-09-29 19:00:00,22.6,84.9,0.0,3.6,0.0,1.3847,Cerah Berawan,fair_night
jatinangor,"Jatinangor, Sumedang",2026-09-29,32.11.15.2002,Hegarmanah,kecamatan,yes,-6.938,107.7556,Asia/Jakarta,"BMKG representative point: Hegarmanah, Kecamatan Jatinangor",29-09-2026,METNO,MET Norway,20:00,2026-09-29 20:00:00,21.7,90.2,0.0,3.6,0.0,1.3847,Cerah Berawan,partlycloudy_night
jatinangor,"Jatinangor, Sumedang",2026-09-29,32.11.15.2002,Hegarmanah,kecamatan,yes,-6.938,107.7556,Asia/Jakarta,"BMKG representative point: Hegarmanah, Kecamatan Jatinangor",29-09-2026,METNO,MET Norway,21:00,2026-09-29 21:00:00,21.0,93.8,0.0,3.96,0.0,1.3847,Cerah Berawan,partlycloudy_night
jatinangor,"Jatinangor, Sumedang",2026-09-29,32.11.15.2002,Hegarmanah,kecamatan,yes,-6.938,107.7556,Asia/Jakarta,"BMKG representative point: Hegarmanah, Kecamatan Jatinangor",29-09-2026,METNO,MET Norway,22:00,2026-09-29 22:00:00,20.4,96.1,0.0,3.6,0.0,1.3847,Cerah Berawan,fair_night
jatinangor,"Jatinangor, Sumedang",2026-09-29,32.11.15.2002,Hegarmanah,kecamatan,yes,-6.938,107.7556,Asia/Jakarta,"BMKG representative point: Hegarmanah, Kecamatan Jatinangor",29-09-2026,METNO,MET Norway,23:00,2026-09-29 23:00:00,20.1,96.5,0.0,3.24,0.0,1.3847,Berawan,fog
jatinangor,"Jatinangor, Sumedang",2026-09-29,32.11.15.2002,Hegarmanah,kecamatan,yes,-6.938,107.7556,Asia/Jakarta,"BMKG representative point: Hegarmanah, Kecamatan Jatinangor",29-09-2026,UKMO,Open-Meteo / UK Met Office,00:00,2026-09-29 00:00:00,20.3,100,0.0,4.0,0.0,1.2816,Berawan,wmo:3
jatinangor,"Jatinangor, Sumedang",2026-09-29,32.11.15.2002,Hegarmanah,kecamatan,yes,-6.938,107.7556,Asia/Jakarta,"BMKG representative point: Hegarmanah, Kecamatan Jatinangor",29-09-2026,UKMO,Open-Meteo / UK Met Office,01:00,2026-09-29 01:00:00,20.2,100,0.0,3.2,0.0,1.2816,Berawan,wmo:45
jatinangor,"Jatinangor, Sumedang",2026-09-29,32.11.15.2002,Hegarmanah,kecamatan,yes,-6.938,107.7556,Asia/Jakarta,"BMKG representative point: Hegarmanah, Kecamatan Jatinangor",29-09-2026,UKMO,Open-Meteo / UK Met Office,02:00,2026-09-29 02:00:00,20.3,100,0.0,3.2,0.0,1.2816,Berawan,wmo:45
jatinangor,"Jatinangor, Sumedang",2026-09-29,32.11.15.2002,Hegarmanah,kecamatan,yes,-6.938,107.7556,Asia/Jakarta,"BMKG representative point: Hegarmanah, Kecamatan Jatinangor",29-09-2026,UKMO,Open-Meteo / UK Met Office,03:00,2026-09-29 03:00:00,19.8,100,0.0,4.0,0.0,1.2816,Cerah Berawan,wmo:1
jatinangor,"Jatinangor, Sumedang",2026-09-29,32.11.15.2002,Hegarmanah,kecamatan,yes,-6.938,107.7556,Asia/Jakarta,"BMKG representative point: Hegarmanah, Kecamatan Jatinangor",29-09-2026,UKMO,Open-Meteo / UK Met Office,04:00,2026-09-29 04:00:00,19.4,99.0,0.0,4.3,0.0,1.2816,Cerah,wmo:0
jatinangor,"Jatinangor, Sumedang",2026-09-29,32.11.15.2002,Hegarmanah,kecamatan,yes,-6.938,107.7556,Asia/Jakarta,"BMKG representative point: Hegarmanah, Kecamatan Jatinangor",29-09-2026,UKMO,Open-Meteo / UK Met Office,05:00,2026-09-29 05:00:00,19.0,98.0,0.0,3.6,0.0,1.2816,Cerah,wmo:0
jatinangor,"Jatinangor, Sumedang",2026-09-29,32.11.15.2002,Hegarmanah,kecamatan,yes,-6.938,107.7556,Asia/Jakarta,"BMKG representative point: Hegarmanah, Kecamatan Jatinangor",29-09-2026,UKMO,Open-Meteo / UK Met Office,06:00,2026-09-29 06:00:00,19.5,98.0,0.0,3.6,0.0,1.2816,Cerah,wmo:0
jatinangor,"Jatinangor, Sumedang",2026-09-29,32.11.15.2002,Hegarmanah,kecamatan,yes,-6.938,107.7556,Asia/Jakarta,"BMKG representative point: Hegarmanah, Kecamatan Jatinangor",29-09-2026,UKMO,Open-Meteo / UK Met Office,07:00,2026-09-29 07:00:00,21.6,95.0,0.0,2.2,0.0,1.2816,Cerah,wmo:0
jatinangor,"Jatinangor, Sumedang",2026-09-29,32.11.15.2002,Hegarmanah,kecamatan,yes,-6.938,107.7556,Asia/Jakarta,"BMKG representative point: Hegarmanah, Kecamatan Jatinangor",29-09-2026,UKMO,Open-Meteo / UK Met Office,08:00,2026-09-29 08:00:00,23.4,85.0,0.0,4.3,0.0,1.2816,Cerah,wmo:0
jatinangor,"Jatinangor, Sumedang",2026-09-29,32.11.15.2002,Hegarmanah,kecamatan,yes,-6.938,107.7556,Asia/Jakarta,"BMKG representative point: Hegarmanah, Kecamatan Jatinangor",29-09-2026,UKMO,Open-Meteo / UK Met Office,09:00,2026-09-29 09:00:00,25.6,71.0,0.0,7.6,0.0,1.2816,Cerah Berawan,wmo:1
jatinangor,"Jatinangor, Sumedang",2026-09-29,32.11.15.2002,Hegarmanah,kecamatan,yes,-6.938,107.7556,Asia/Jakarta,"BMKG representative point: Hegarmanah, Kecamatan Jatinangor",29-09-2026,UKMO,Open-Meteo / UK Met Office,10:00,2026-09-29 10:00:00,27.4,60.0,0.0,10.1,0.0,1.2816,Cerah Berawan,wmo:1
jatinangor,"Jatinangor, Sumedang",2026-09-29,32.11.15.2002,Hegarmanah,kecamatan,yes,-6.938,107.7556,Asia/Jakarta,"BMKG representative point: Hegarmanah, Kecamatan Jatinangor",29-09-2026,UKMO,Open-Meteo / UK Met Office,11:00,2026-09-29 11:00:00,28.5,55.0,0.0,11.9,0.0,1.2816,Cerah Berawan,wmo:1
jatinangor,"Jatinangor, Sumedang",2026-09-29,32.11.15.2002,Hegarmanah,kecamatan,yes,-6.938,107.7556,Asia/Jakarta,"BMKG representative point: Hegarmanah, Kecamatan Jatinangor",29-09-2026,UKMO,Open-Meteo / UK Met Office,12:00,2026-09-29 12:00:00,29.2,52.0,0.0,13.0,0.0,1.2816,Cerah Berawan,wmo:1
jatinangor,"Jatinangor, Sumedang",2026-09-29,32.11.15.2002,Hegarmanah,kecamatan,yes,-6.938,107.7556,Asia/Jakarta,"BMKG representative point: Hegarmanah, Kecamatan Jatinangor",29-09-2026,UKMO,Open-Meteo / UK Met Office,13:00,2026-09-29 13:00:00,29.6,51.0,0.0,13.7,0.0,1.2816,Cerah Berawan,wmo:1
jatinangor,"Jatinangor, Sumedang",2026-09-29,32.11.15.2002,Hegarmanah,kecamatan,yes,-6.938,107.7556,Asia/Jakarta,"BMKG representative point: Hegarmanah, Kecamatan Jatinangor",29-09-2026,UKMO,Open-Meteo / UK Met Office,14:00,2026-09-29 14:00:00,28.9,53.0,0.1,13.7,0.0,1.2816,Hujan Ringan,wmo:51
jatinangor,"Jatinangor, Sumedang",2026-09-29,32.11.15.2002,Hegarmanah,kecamatan,yes,-6.938,107.7556,Asia/Jakarta,"BMKG representative point: Hegarmanah, Kecamatan Jatinangor",29-09-2026,UKMO,Open-Meteo / UK Met Office,15:00,2026-09-29 15:00:00,28.6,53.0,0.1,14.0,0.0,1.2816,Hujan Ringan,wmo:51
jatinangor,"Jatinangor, Sumedang",2026-09-29,32.11.15.2002,Hegarmanah,kecamatan,yes,-6.938,107.7556,Asia/Jakarta,"BMKG representative point: Hegarmanah, Kecamatan Jatinangor",29-09-2026,UKMO,Open-Meteo / UK Met Office,16:00,2026-09-29 16:00:00,27.9,55.0,0.1,13.7,0.0,1.2816,Hujan Ringan,wmo:51
jatinangor,"Jatinangor, Sumedang",2026-09-29,32.11.15.2002,Hegarmanah,kecamatan,yes,-6.938,107.7556,Asia/Jakarta,"BMKG representative point: Hegarmanah, Kecamatan Jatinangor",29-09-2026,UKMO,Open-Meteo / UK Met Office,17:00,2026-09-29 17:00:00,26.7,59.0,0.0,12.2,0.0,1.2816,Cerah,wmo:0
jatinangor,"Jatinangor, Sumedang",2026-09-29,32.11.15.2002,Hegarmanah,kecamatan,yes,-6.938,107.7556,Asia/Jakarta,"BMKG representative point: Hegarmanah, Kecamatan Jatinangor",29-09-2026,UKMO,Open-Meteo / UK Met Office,18:00,2026-09-29 18:00:00,25.2,64.0,0.0,10.4,0.0,1.2816,Cerah,wmo:0
jatinangor,"Jatinangor, Sumedang",2026-09-29,32.11.15.2002,Hegarmanah,kecamatan,yes,-6.938,107.7556,Asia/Jakarta,"BMKG representative point: Hegarmanah, Kecamatan Jatinangor",29-09-2026,UKMO,Open-Meteo / UK Met Office,19:00,2026-09-29 19:00:00,23.7,70.0,0.0,8.3,0.0,1.2816,Cerah,wmo:0
jatinangor,"Jatinangor, Sumedang",2026-09-29,32.11.15.2002,Hegarmanah,kecamatan,yes,-6.938,107.7556,Asia/Jakarta,"BMKG representative point: Hegarmanah, Kecamatan Jatinangor",29-09-2026,UKMO,Open-Meteo / UK Met Office,20:00,2026-09-29 20:00:00,22.5,78.0,0.0,6.1,0.0,1.2816,Cerah,wmo:0
jatinangor,"Jatinangor, Sumedang",2026-09-29,32.11.15.2002,Hegarmanah,kecamatan,yes,-6.938,107.7556,Asia/Jakarta,"BMKG representative point: Hegarmanah, Kecamatan Jatinangor",29-09-2026,UKMO,Open-Meteo / UK Met Office,21:00,2026-09-29 21:00:00,21.5,87.0,0.0,4.0,0.0,1.2816,Cerah,wmo:0
jatinangor,"Jatinangor, Sumedang",2026-09-29,32.11.15.2002,Hegarmanah,kecamatan,yes,-6.938,107.7556,Asia/Jakarta,"BMKG representative point: Hegarmanah, Kecamatan Jatinangor",29-09-2026,UKMO,Open-Meteo / UK Met Office,22:00,2026-09-29 22:00:00,20.5,94.0,0.0,2.5,0.0,1.2816,Cerah,wmo:0
jatinangor,"Jatinangor, Sumedang",2026-09-29,32.11.15.2002,Hegarmanah,kecamatan,yes,-6.938,107.7556,Asia/Jakarta,"BMKG representative point: Hegarmanah, Kecamatan Jatinangor",29-09-2026,UKMO,Open-Meteo / UK Met Office,23:00,2026-09-29 23:00:00,19.8,97.0,0.0,1.8,0.0,1.2816,Cerah,wmo:0
arjawinangun,"Arjawinangun, Cirebon",2026-09-27,32.09.24.2004,Arjawinangun,kecamatan,no,-6.6453,108.4103,Asia/Jakarta,"BMKG point: Arjawinangun, Kecamatan Arjawinangun",27-09-2026,BMKG,BMKG,07:00,2026-09-27 10:00:00,35.0,31.0,0.0,6.0,180.0,0.9842,Cerah,Cerah
arjawinangun,"Arjawinangun, Cirebon",2026-09-27,32.09.24.2004,Arjawinangun,kecamatan,no,-6.6453,108.4103,Asia/Jakarta,"BMKG point: Arjawinangun, Kecamatan Arjawinangun",27-09-2026,BMKG,BMKG,08:00,2026-09-27 10:00:00,35.0,31.0,0.0,6.0,120.0,0.9842,Cerah,Cerah
arjawinangun,"Arjawinangun, Cirebon",2026-09-27,32.09.24.2004,Arjawinangun,kecamatan,no,-6.6453,108.4103,Asia/Jakarta,"BMKG point: Arjawinangun, Kecamatan Arjawinangun",27-09-2026,BMKG,BMKG,09:00,2026-09-27 10:00:00,35.0,31.0,0.0,6.0,60.0,1.3421,Cerah,Cerah
arjawinangun,"Arjawinangun, Cirebon",2026-09-27,32.09.24.2004,Arjawinangun,kecamatan,no,-6.6453,108.4103,Asia/Jakarta,"BMKG point: Arjawinangun, Kecamatan Arjawinangun",27-09-2026,BMKG,BMKG,10:00,2026-09-27 10:00:00,35.0,31.0,0.0,6.0,0.0,1.7894,Cerah,Cerah
arjawinangun,"Arjawinangun, Cirebon",2026-09-27,32.09.24.2004,Arjawinangun,kecamatan,no,-6.6453,108.4103,Asia/Jakarta,"BMKG point: Arjawinangun, Kecamatan Arjawinangun",27-09-2026,BMKG,BMKG,11:00,2026-09-27 10:00:00,35.0,31.0,0.0,6.0,60.0,1.3421,Cerah,Cerah
arjawinangun,"Arjawinangun, Cirebon",2026-09-27,32.09.24.2004,Arjawinangun,kecamatan,no,-6.6453,108.4103,Asia/Jakarta,"BMKG point: Arjawinangun, Kecamatan Arjawinangun",27-09-2026,BMKG,BMKG,12:00,2026-09-27 13:00:00,35.0,32.0,0.0,17.0,60.0,1.3421,Cerah,Cerah
arjawinangun,"Arjawinangun, Cirebon",2026-09-27,32.09.24.2004,Arjawinangun,kecamatan,no,-6.6453,108.4103,Asia/Jakarta,"BMKG point: Arjawinangun, Kecamatan Arjawinangun",27-09-2026,BMKG,BMKG,13:00,2026-09-27 13:00:00,35.0,32.0,0.0,17.0,0.0,1.7894,Cerah,Cerah
arjawinangun,"Arjawinangun, Cirebon",2026-09-27,32.09.24.2004,Arjawinangun,kecamatan,no,-6.6453,108.4103,Asia/Jakarta,"BMKG point: Arjawinangun, Kecamatan Arjawinangun",27-09-2026,BMKG,BMKG,14:00,2026-09-27 13:00:00,35.0,32.0,0.0,17.0,60.0,1.3421,Cerah,Cerah
arjawinangun,"Arjawinangun, Cirebon",2026-09-27,32.09.24.2004,Arjawinangun,kecamatan,no,-6.6453,108.4103,Asia/Jakarta,"BMKG point: Arjawinangun, Kecamatan Arjawinangun",27-09-2026,BMKG,BMKG,15:00,2026-09-27 16:00:00,31.0,45.0,0.0,16.1,60.0,1.3421,Cerah,Cerah
arjawinangun,"Arjawinangun, Cirebon",2026-09-27,32.09.24.2004,Arjawinangun,kecamatan,no,-6.6453,108.4103,Asia/Jakarta,"BMKG point: Arjawinangun, Kecamatan Arjawinangun",27-09-2026,BMKG,BMKG,16:00,2026-09-27 16:00:00,31.0,45.0,0.0,16.1,0.0,1.7894,Cerah,Cerah
arjawinangun,"Arjawinangun, Cirebon",2026-09-27,32.09.24.2004,Arjawinangun,kecamatan,no,-6.6453,108.4103,Asia/Jakarta,"BMKG point: Arjawinangun, Kecamatan Arjawinangun",27-09-2026,BMKG,BMKG,17:00,2026-09-27 16:00:00,31.0,45.0,0.0,16.1,60.0,1.3421,Cerah,Cerah
arjawinangun,"Arjawinangun, Cirebon",2026-09-27,32.09.24.2004,Arjawinangun,kecamatan,no,-6.6453,108.4103,Asia/Jakarta,"BMKG point: Arjawinangun, Kecamatan Arjawinangun",27-09-2026,BMKG,BMKG,18:00,2026-09-27 19:00:00,29.0,61.0,0.0,9.5,60.0,1.3421,Cerah,Cerah
arjawinangun,"Arjawinangun, Cirebon",2026-09-27,32.09.24.2004,Arjawinangun,kecamatan,no,-6.6453,108.4103,Asia/Jakarta,"BMKG point: Arjawinangun, Kecamatan Arjawinangun",27-09-2026,BMKG,BMKG,19:00,2026-09-27 19:00:00,29.0,61.0,0.0,9.5,0.0,1.7894,Cerah,Cerah
arjawinangun,"Arjawinangun, Cirebon",2026-09-27,32.09.24.2004,Arjawinangun,kecamatan,no,-6.6453,108.4103,Asia/Jakarta,"BMKG point: Arjawinangun, Kecamatan Arjawinangun",27-09-2026,BMKG,BMKG,20:00,2026-09-27 19:00:00,29.0,61.0,0.0,9.5,60.0,1.3421,Cerah,Cerah
arjawinangun,"Arjawinangun, Cirebon",2026-09-27,32.09.24.2004,Arjawinangun,kecamatan,no,-6.6453,108.4103,Asia/Jakarta,"BMKG point: Arjawinangun, Kecamatan Arjawinangun",27-09-2026,BMKG,BMKG,21:00,2026-09-27 22:00:00,28.0,69.0,0.0,1.6,60.0,1.3421,Cerah,Cerah
arjawinangun,"Arjawinangun, Cirebon",2026-09-27,32.09.24.2004,Arjawinangun,kecamatan,no,-6.6453,108.4103,Asia/Jakarta,"BMKG point: Arjawinangun, Kecamatan Arjawinangun",27-09-2026,BMKG,BMKG,22:00,2026-09-27 22:00:00,28.0,69.0,0.0,1.6,0.0,1.7894,Cerah,Cerah
arjawinangun,"Arjawinangun, Cirebon",2026-09-27,32.09.24.2004,Arjawinangun,kecamatan,no,-6.6453,108.4103,Asia/Jakarta,"BMKG point: Arjawinangun, Kecamatan Arjawinangun",27-09-2026,BMKG,BMKG,23:00,2026-09-27 22:00:00,28.0,69.0,0.0,1.6,60.0,1.3421,Cerah,Cerah
arjawinangun,"Arjawinangun, Cirebon",2026-09-27,32.09.24.2004,Arjawinangun,kecamatan,no,-6.6453,108.4103,Asia/Jakarta,"BMKG point: Arjawinangun, Kecamatan Arjawinangun",27-09-2026,CMA,Open-Meteo / CMA GRAPES,00:00,2026-09-27 00:00:00,25.8,88.0,0.0,6.8,0.0,1.1586,Cerah,wmo:0
arjawinangun,"Arjawinangun, Cirebon",2026-09-27,32.09.24.2004,Arjawinangun,kecamatan,no,-6.6453,108.4103,Asia/Jakarta,"BMKG point: Arjawinangun, Kecamatan Arjawinangun",27-09-2026,CMA,Open-Meteo / CMA GRAPES,01:00,2026-09-27 01:00:00,25.7,87.0,0.0,7.0,0.0,1.1586,Cerah,wmo:0
arjawinangun,"Arjawinangun, Cirebon",2026-09-27,32.09.24.2004,Arjawinangun,kecamatan,no,-6.6453,108.4103,Asia/Jakarta,"BMKG point: Arjawinangun, Kecamatan Arjawinangun",27-09-2026,CMA,Open-Meteo / CMA GRAPES,02:00,2026-09-27 02:00:00,25.5,85.0,0.0,7.3,0.0,1.1586,Cerah,wmo:0
arjawinangun,"Arjawinangun, Cirebon",2026-09-27,32.09.24.2004,Arjawinangun,kecamatan,no,-6.6453,108.4103,Asia/Jakarta,"BMKG point: Arjawinangun, Kecamatan Arjawinangun",27-09-2026,CMA,Open-Meteo / CMA GRAPES,03:00,2026-09-27 03:00:00,25.4,83.0,0.0,7.8,0.0,1.1586,Cerah,wmo:0
arjawinangun,"Arjawinangun, Cirebon",2026-09-27,32.09.24.2004,Arjawinangun,kecamatan,no,-6.6453,108.4103,Asia/Jakarta,"BMKG point: Arjawinangun, Kecamatan Arjawinangun",27-09-2026,CMA,Open-Meteo / CMA GRAPES,04:00,2026-09-27 04:00:00,25.4,81.0,0.0,8.1,0.0,1.1586,Cerah,wmo:0
arjawinangun,"Arjawinangun, Cirebon",2026-09-27,32.09.24.2004,Arjawinangun,kecamatan,no,-6.6453,108.4103,Asia/Jakarta,"BMKG point: Arjawinangun, Kecamatan Arjawinangun",27-09-2026,CMA,Open-Meteo / CMA GRAPES,05:00,2026-09-27 05:00:00,25.5,79.0,0.0,8.0,0.0,1.1586,Cerah,wmo:0
arjawinangun,"Arjawinangun, Cirebon",2026-09-27,32.09.24.2004,Arjawinangun,kecamatan,no,-6.6453,108.4103,Asia/Jakarta,"BMKG point: Arjawinangun, Kecamatan Arjawinangun",27-09-2026,CMA,Open-Meteo / CMA GRAPES,06:00,2026-09-27 06:00:00,25.7,77.0,0.0,8.3,0.0,1.1586,Cerah,wmo:0
arjawinangun,"Arjawinangun, Cirebon",2026-09-27,32.09.24.2004,Arjawinangun,kecamatan,no,-6.6453,108.4103,Asia/Jakarta,"BMKG point: Arjawinangun, Kecamatan Arjawinangun",27-09-2026,CMA,Open-Meteo / CMA GRAPES,07:00,2026-09-27 07:00:00,26.3,74.0,0.0,7.6,0.0,1.1586,Cerah,wmo:0
arjawinangun,"Arjawinangun, Cirebon",2026-09-27,32.09.24.2004,Arjawinangun,kecamatan,no,-6.6453,108.4103,Asia/Jakarta,"BMKG point: Arjawinangun, Kecamatan Arjawinangun",27-09-2026,CMA,Open-Meteo / CMA GRAPES,08:00,2026-09-27 08:00:00,27.6,68.0,0.0,6.8,0.0,1.1586,Cerah,wmo:0
arjawinangun,"Arjawinangun, Cirebon",2026-09-27,32.09.24.2004,Arjawinangun,kecamatan,no,-6.6453,108.4103,Asia/Jakarta,"BMKG point: Arjawinangun, Kecamatan Arjawinangun",27-09-2026,CMA,Open-Meteo / CMA GRAPES,09:00,2026-09-27 09:00:00,29.3,61.0,0.0,6.4,0.0,1.1586,Cerah,wmo:0
arjawinangun,"Arjawinangun, Cirebon",2026-09-27,32.09.24.2004,Arjawinangun,kecamatan,no,-6.6453,108.4103,Asia/Jakarta,"BMKG point: Arjawinangun, Kecamatan Arjawinangun",27-09-2026,CMA,Open-Meteo / CMA GRAPES,10:00,2026-09-27 10:00:00,30.8,55.0,0.0,6.7,0.0,1.1586,Cerah,wmo:0
arjawinangun,"Arjawinangun, Cirebon",2026-09-27,32.09.24.2004,Arjawinangun,kecamatan,no,-6.6453,108.4103,Asia/Jakarta,"BMKG point: Arjawinangun, Kecamatan Arjawinangun",27-09-2026,CMA,Open-Meteo / CMA GRAPES,11:00,2026-09-27 11:00:00,32.1,51.0,0.0,7.6,0.0,1.1586,Cerah,wmo:0
arjawinangun,"Arjawinangun, Cirebon",2026-09-27,32.09.24.2004,Arjawinangun,kecamatan,no,-6.6453,108.4103,Asia/Jakarta,"BMKG point: Arjawinangun, Kecamatan Arjawinangun",27-09-2026,CMA,Open-Meteo / CMA GRAPES,12:00,2026-09-27 12:00:00,33.2,49.0,0.0,9.4,0.0,1.1586,Cerah,wmo:0
arjawinangun,"Arjawinangun, Cirebon",2026-09-27,32.09.24.2004,Arjawinangun,kecamatan,no,-6.6453,108.4103,Asia/Jakarta,"BMKG point: Arjawinangun, Kecamatan Arjawinangun",27-09-2026,CMA,Open-Meteo / CMA GRAPES,13:00,2026-09-27 13:00:00,33.6,49.0,0.0,11.3,0.0,1.1586,Cerah,wmo:0
arjawinangun,"Arjawinangun, Cirebon",2026-09-27,32.09.24.2004,Arjawinangun,kecamatan,no,-6.6453,108.4103,Asia/Jakarta,"BMKG point: Arjawinangun, Kecamatan Arjawinangun",27-09-2026,CMA,Open-Meteo / CMA GRAPES,14:00,2026-09-27 14:00:00,33.1,54.0,0.0,13.7,0.0,1.1586,Cerah,wmo:0
arjawinangun,"Arjawinangun, Cirebon",2026-09-27,32.09.24.2004,Arjawinangun,kecamatan,no,-6.6453,108.4103,Asia/Jakarta,"BMKG point: Arjawinangun, Kecamatan Arjawinangun",27-09-2026,CMA,Open-Meteo / CMA GRAPES,15:00,2026-09-27 15:00:00,32.0,61.0,0.0,16.0,0.0,1.1586,Cerah,wmo:0
arjawinangun,"Arjawinangun, Cirebon",2026-09-27,32.09.24.2004,Arjawinangun,kecamatan,no,-6.6453,108.4103,Asia/Jakarta,"BMKG point: Arjawinangun, Kecamatan Arjawinangun",27-09-2026,CMA,Open-Meteo / CMA GRAPES,16:00,2026-09-27 16:00:00,30.8,67.0,0.0,16.4,0.0,1.1586,Cerah,wmo:0
arjawinangun,"Arjawinangun, Cirebon",2026-09-27,32.09.24.2004,Arjawinangun,kecamatan,no,-6.6453,108.4103,Asia/Jakarta,"BMKG point: Arjawinangun, Kecamatan Arjawinangun",27-09-2026,CMA,Open-Meteo / CMA GRAPES,17:00,2026-09-27 17:00:00,29.8,71.0,0.0,13.6,0.0,1.1586,Cerah,wmo:0
arjawinangun,"Arjawinangun, Cirebon",2026-09-27,32.09.24.2004,Arjawinangun,kecamatan,no,-6.6453,108.4103,Asia/Jakarta,"BMKG point: Arjawinangun, Kecamatan Arjawinangun",27-09-2026,CMA,Open-Meteo / CMA GRAPES,18:00,2026-09-27 18:00:00,28.9,74.0,0.0,9.7,0.0,1.1586,Cerah Berawan,wmo:1
arjawinangun,"Arjawinangun, Cirebon",2026-09-27,32.09.24.2004,Arjawinangun,kecamatan,no,-6.6453,108.4103,Asia/Jakarta,"BMKG point: Arjawinangun, Kecamatan Arjawinangun",27-09-2026,CMA,Open-Meteo / CMA GRAPES,19:00,2026-09-27 19:00:00,28.0,77.0,0.0,7.4,0.0,1.1586,Cerah Berawan,wmo:1
arjawinangun,"Arjawinangun, Cirebon",2026-09-27,32.09.24.2004,Arjawinangun,kecamatan,no,-6.6453,108.4103,Asia/Jakarta,"BMKG point: Arjawinangun, Kecamatan Arjawinangun",27-09-2026,CMA,Open-Meteo / CMA GRAPES,20:00,2026-09-27 20:00:00,27.4,81.0,0.0,7.1,0.0,1.1586,Cerah,wmo:0
arjawinangun,"Arjawinangun, Cirebon",2026-09-27,32.09.24.2004,Arjawinangun,kecamatan,no,-6.6453,108.4103,Asia/Jakarta,"BMKG point: Arjawinangun, Kecamatan Arjawinangun",27-09-2026,CMA,Open-Meteo / CMA GRAPES,21:00,2026-09-27 21:00:00,27.0,85.0,0.0,7.4,0.0,1.1586,Cerah,wmo:0
arjawinangun,"Arjawinangun, Cirebon",2026-09-27,32.09.24.2004,Arjawinangun,kecamatan,no,-6.6453,108.4103,Asia/Jakarta,"BMKG point: Arjawinangun, Kecamatan Arjawinangun",27-09-2026,CMA,Open-Meteo / CMA GRAPES,22:00,2026-09-27 22:00:00,26.6,88.0,0.0,8.1,0.0,1.1586,Cerah,wmo:0
arjawinangun,"Arjawinangun, Cirebon",2026-09-27,32.09.24.2004,Arjawinangun,kecamatan,no,-6.6453,108.4103,Asia/Jakarta,"BMKG point: Arjawinangun, Kecamatan Arjawinangun",27-09-2026,CMA,Open-Meteo / CMA GRAPES,23:00,2026-09-27 23:00:00,26.3,89.0,0.0,8.1,0.0,1.1586,Cerah,wmo:0
arjawinangun,"Arjawinangun, Cirebon",2026-09-27,32.09.24.2004,Arjawinangun,kecamatan,no,-6.6453,108.4103,Asia/Jakarta,"BMKG point: Arjawinangun, Kecamatan Arjawinangun",27-09-2026,ECMWF,Open-Meteo / ECMWF,00:00,2026-09-27 00:00:00,26.8,81.0,0.0,1.8,0.0,1.7021,Cerah Berawan,wmo:2
arjawinangun,"Arjawinangun, Cirebon",2026-09-27,32.09.24.2004,Arjawinangun,kecamatan,no,-6.6453,108.4103,Asia/Jakarta,"BMKG point: Arjawinangun, Kecamatan Arjawinangun",27-09-2026,ECMWF,Open-Meteo / ECMWF,01:00,2026-09-27 01:00:00,26.3,83.0,0.0,2.9,0.0,1.7021,Cerah Berawan,wmo:2
arjawinangun,"Arjawinangun, Cirebon",2026-09-27,32.09.24.2004,Arjawinangun,kecamatan,no,-6.6453,108.4103,Asia/Jakarta,"BMKG point: Arjawinangun, Kecamatan Arjawinangun",27-09-2026,ECMWF,Open-Meteo / ECMWF,02:00,2026-09-27 02:00:00,25.8,85.0,0.0,2.6,0.0,1.7021,Cerah Berawan,wmo:2
arjawinangun,"Arjawinangun, Cirebon",2026-09-27,32.09.24.2004,Arjawinangun,kecamatan,no,-6.6453,108.4103,Asia/Jakarta,"BMKG point: Arjawinangun, Kecamatan Arjawinangun",27-09-2026,ECMWF,Open-Meteo / ECMWF,03:00,2026-09-27 03:00:00,25.3,86.0,0.0,1.9,0.0,1.7021,Cerah Berawan,wmo:1
arjawinangun,"Arjawinangun, Cirebon",2026-09-27,32.09.24.2004,Arjawinangun,kecamatan,no,-6.6453,108.4103,Asia/Jakarta,"BMKG point: Arjawinangun, Kecamatan Arjawinangun",27-09-2026,ECMWF,Open-Meteo / ECMWF,04:00,2026-09-27 04:00:00,25.1,86.0,0.0,2.2,0.0,1.7021,Cerah,wmo:0
arjawinangun,"Arjawinangun, Cirebon",2026-09-27,32.09.24.2004,Arjawinangun,kecamatan,no,-6.6453,108.4103,Asia/Jakarta,"BMKG point: Arjawinangun, Kecamatan Arjawinangun",27-09-2026,ECMWF,Open-Meteo / ECMWF,05:00,2026-09-27 05:00:00,25.5,83.0,0.0,2.5,0.0,1.7021,Cerah Berawan,wmo:1
arjawinangun,"Arjawinangun, Cirebon",2026-09-27,32.09.24.2004,Arjawinangun,kecamatan,no,-6.6453,108.4103,Asia/Jakarta,"BMKG point: Arjawinangun, Kecamatan Arjawinangun",27-09-2026,ECMWF,Open-Meteo / ECMWF,06:00,2026-09-27 06:00:00,26.3,79.0,0.0,3.3,0.0,1.7021,Cerah Berawan,wmo:1
arjawinangun,"Arjawinangun, Cirebon",2026-09-27,32.09.24.2004,Arjawinangun,kecamatan,no,-6.6453,108.4103,Asia/Jakarta,"BMKG point: Arjawinangun, Kecamatan Arjawinangun",27-09-2026,ECMWF,Open-Meteo / ECMWF,07:00,2026-09-27 07:00:00,27.5,73.0,0.0,3.3,0.0,1.7021,Cerah Berawan,wmo:2
arjawinangun,"Arjawinangun, Cirebon",2026-09-27,32.09.24.2004,Arjawinangun,kecamatan,no,-6.6453,108.4103,Asia/Jakarta,"BMKG point: Arjawinangun, Kecamatan Arjawinangun",27-09-2026,ECMWF,Open-Meteo / ECMWF,08:00,2026-09-27 08:00:00,29.5,63.0,0.0,2.7,0.0,1.7021,Cerah Berawan,wmo:2
arjawinangun,"Arjawinangun, Cirebon",2026-09-27,32.09.24.2004,Arjawinangun,kecamatan,no,-6.6453,108.4103,Asia/Jakarta,"BMKG point: Arjawinangun, Kecamatan Arjawinangun",27-09-2026,ECMWF,Open-Meteo / ECMWF,09:00,2026-09-27 09:00:00,32.0,51.0,0.0,3.9,0.0,1.7021,Cerah Berawan,wmo:1
arjawinangun,"Arjawinangun, Cirebon",2026-09-27,32.09.24.2004,Arjawinangun,kecamatan,no,-6.6453,108.4103,Asia/Jakarta,"BMKG point: Arjawinangun, Kecamatan Arjawinangun",27-09-2026,ECMWF,Open-Meteo / ECMWF,10:00,2026-09-27 10:00:00,33.7,43.0,0.0,6.1,0.0,1.7021,Cerah,wmo:0
arjawinangun,"Arjawinangun, Cirebon",2026-09-27,32.09.24.2004,Arjawinangun,kecamatan,no,-6.6453,108.4103,Asia/Jakarta,"BMKG point: Arjawinangun, Kecamatan Arjawinangun",27-09-2026,ECMWF,Open-Meteo / ECMWF,11:00,2026-09-27 11:00:00,34.3,41.0,0.1,8.4,0.0,1.7021,Hujan Ringan,wmo:51
arjawinangun,"Arjawinangun, Cirebon",2026-09-27,32.09.24.2004,Arjawinangun,kecamatan,no,-6.6453,108.4103,Asia/Jakarta,"BMKG point: Arjawinangun, Kecamatan Arjawinangun",27-09-2026,ECMWF,Open-Meteo / ECMWF,12:00,2026-09-27 12:00:00,34.2,43.0,0.1,11.2,0.0,1.7021,Hujan Ringan,wmo:51
arjawinangun,"Arjawinangun, Cirebon",2026-09-27,32.09.24.2004,Arjawinangun,kecamatan,no,-6.6453,108.4103,Asia/Jakarta,"BMKG point: Arjawinangun, Kecamatan Arjawinangun",27-09-2026,ECMWF,Open-Meteo / ECMWF,13:00,2026-09-27 13:00:00,33.7,46.0,0.1,12.9,0.0,1.7021,Hujan Ringan,wmo:51
arjawinangun,"Arjawinangun, Cirebon",2026-09-27,32.09.24.2004,Arjawinangun,kecamatan,no,-6.6453,108.4103,Asia/Jakarta,"BMKG point: Arjawinangun, Kecamatan Arjawinangun",27-09-2026,ECMWF,Open-Meteo / ECMWF,14:00,2026-09-27 14:00:00,32.9,48.0,0.5,12.9,0.0,1.7021,Hujan Ringan,wmo:53
arjawinangun,"Arjawinangun, Cirebon",2026-09-27,32.09.24.2004,Arjawinangun,kecamatan,no,-6.6453,108.4103,Asia/Jakarta,"BMKG point: Arjawinangun, Kecamatan Arjawinangun",27-09-2026,ECMWF,Open-Meteo / ECMWF,15:00,2026-09-27 15:00:00,31.7,51.0,0.5,12.1,0.0,1.7021,Hujan Ringan,wmo:53
arjawinangun,"Arjawinangun, Cirebon",2026-09-27,32.09.24.2004,Arjawinangun,kecamatan,no,-6.6453,108.4103,Asia/Jakarta,"BMKG point: Arjawinangun, Kecamatan Arjawinangun",27-09-2026,ECMWF,Open-Meteo / ECMWF,16:00,2026-09-27 16:00:00,30.5,55.0,0.5,11.5,0.0,1.7021,Hujan Ringan,wmo:53
arjawinangun,"Arjawinangun, Cirebon",2026-09-27,32.09.24.2004,Arjawinangun,kecamatan,no,-6.6453,108.4103,Asia/Jakarta,"BMKG point: Arjawinangun, Kecamatan Arjawinangun",27-09-2026,ECMWF,Open-Meteo / ECMWF,17:00,2026-09-27 17:00:00,29.3,63.0,0.5,9.1,0.0,1.7021,Hujan Ringan,wmo:53
arjawinangun,"Arjawinangun, Cirebon",2026-09-27,32.09.24.2004,Arjawinangun,kecamatan,no,-6.6453,108.4103,Asia/Jakarta,"BMKG point: Arjawinangun, Kecamatan Arjawinangun",27-09-2026,ECMWF,Open-Meteo / ECMWF,18:00,2026-09-27 18:00:00,28.2,73.0,0.5,5.2,0.0,1.7021,Hujan Ringan,wmo:53
arjawinangun,"Arjawinangun, Cirebon",2026-09-27,32.09.24.2004,Arjawinangun,kecamatan,no,-6.6453,108.4103,Asia/Jakarta,"BMKG point: Arjawinangun, Kecamatan Arjawinangun",27-09-2026,ECMWF,Open-Meteo / ECMWF,19:00,2026-09-27 19:00:00,27.3,81.0,0.5,2.6,0.0,1.7021,Hujan Ringan,wmo:53
arjawinangun,"Arjawinangun, Cirebon",2026-09-27,32.09.24.2004,Arjawinangun,kecamatan,no,-6.6453,108.4103,Asia/Jakarta,"BMKG point: Arjawinangun, Kecamatan Arjawinangun",27-09-2026,ECMWF,Open-Meteo / ECMWF,20:00,2026-09-27 20:00:00,26.7,85.0,0.5,2.6,0.0,1.7021,Hujan Ringan,wmo:53
arjawinangun,"Arjawinangun, Cirebon",2026-09-27,32.09.24.2004,Arjawinangun,kecamatan,no,-6.6453,108.4103,Asia/Jakarta,"BMKG point: Arjawinangun, Kecamatan Arjawinangun",27-09-2026,ECMWF,Open-Meteo / ECMWF,21:00,2026-09-27 21:00:00,26.3,87.0,0.5,3.3,0.0,1.7021,Hujan Ringan,wmo:53
arjawinangun,"Arjawinangun, Cirebon",2026-09-27,32.09.24.2004,Arjawinangun,kecamatan,no,-6.6453,108.4103,Asia/Jakarta,"BMKG point: Arjawinangun, Kecamatan Arjawinangun",27-09-2026,ECMWF,Open-Meteo / ECMWF,22:00,2026-09-27 22:00:00,26.0,89.0,0.5,4.0,0.0,1.7021,Hujan Ringan,wmo:53
arjawinangun,"Arjawinangun, Cirebon",2026-09-27,32.09.24.2004,Arjawinangun,kecamatan,no,-6.6453,108.4103,Asia/Jakarta,"BMKG point: Arjawinangun, Kecamatan Arjawinangun",27-09-2026,ECMWF,Open-Meteo / ECMWF,23:00,2026-09-27 23:00:00,25.8,91.0,0.2,3.6,0.0,1.7021,Hujan Ringan,wmo:51
arjawinangun,"Arjawinangun, Cirebon",2026-09-27,32.09.24.2004,Arjawinangun,kecamatan,no,-6.6453,108.4103,Asia/Jakarta,"BMKG point: Arjawinangun, Kecamatan Arjawinangun",27-09-2026,GFS,Open-Meteo / NOAA GFS,00:00,2026-09-27 00:00:00,26.3,73.0,0.0,7.2,0.0,1.4105,Berawan,wmo:3
arjawinangun,"Arjawinangun, Cirebon",2026-09-27,32.09.24.2004,Arjawinangun,kecamatan,no,-6.6453,108.4103,Asia/Jakarta,"BMKG point: Arjawinangun, Kecamatan Arjawinangun",27-09-2026,GFS,Open-Meteo / NOAA GFS,01:00,2026-09-27 01:00:00,25.9,73.0,0.0,5.7,0.0,1.4105,Berawan,wmo:3
arjawinangun,"Arjawinangun, Cirebon",2026-09-27,32.09.24.2004,Arjawinangun,kecamatan,no,-6.6453,108.4103,Asia/Jakarta,"BMKG point: Arjawinangun, Kecamatan Arjawinangun",27-09-2026,GFS,Open-Meteo / NOAA GFS,02:00,2026-09-27 02:00:00,25.5,73.0,0.0,5.3,0.0,1.4105,Cerah Berawan,wmo:2
arjawinangun,"Arjawinangun, Cirebon",2026-09-27,32.09.24.2004,Arjawinangun,kecamatan,no,-6.6453,108.4103,Asia/Jakarta,"BMKG point: Arjawinangun, Kecamatan Arjawinangun",27-09-2026,GFS,Open-Meteo / NOAA GFS,03:00,2026-09-27 03:00:00,25.3,73.0,0.0,4.7,0.0,1.4105,Cerah,wmo:0
arjawinangun,"Arjawinangun, Cirebon",2026-09-27,32.09.24.2004,Arjawinangun,kecamatan,no,-6.6453,108.4103,Asia/Jakarta,"BMKG point: Arjawinangun, Kecamatan Arjawinangun",27-09-2026,GFS,Open-Meteo / NOAA GFS,04:00,2026-09-27 04:00:00,25.0,75.0,0.0,3.6,0.0,1.4105,Cerah Berawan,wmo:1
arjawinangun,"Arjawinangun, Cirebon",2026-09-27,32.09.24.2004,Arjawinangun,kecamatan,no,-6.6453,108.4103,Asia/Jakarta,"BMKG point: Arjawinangun, Kecamatan Arjawinangun",27-09-2026,GFS,Open-Meteo / NOAA GFS,05:00,2026-09-27 05:00:00,24.8,76.0,0.0,3.2,0.0,1.4105,Cerah Berawan,wmo:2
arjawinangun,"Arjawinangun, Cirebon",2026-09-27,32.09.24.2004,Arjawinangun,kecamatan,no,-6.6453,108.4103,Asia/Jakarta,"BMKG point: Arjawinangun, Kecamatan Arjawinangun",27-09-2026,GFS,Open-Meteo / NOAA GFS,06:00,2026-09-27 06:00:00,25.1,74.0,0.0,4.6,0.0,1.4105,Berawan,wmo:3
arjawinangun,"Arjawinangun, Cirebon",2026-09-27,32.09.24.2004,Arjawinangun,kecamatan,no,-6.6453,108.4103,Asia/Jakarta,"BMKG point: Arjawinangun, Kecamatan Arjawinangun",27-09-2026,GFS,Open-Meteo / NOAA GFS,07:00,2026-09-27 07:00:00,27.0,67.0,0.2,6.1,0.0,1.4105,Hujan Ringan,wmo:51
arjawinangun,"Arjawinangun, Cirebon",2026-09-27,32.09.24.2004,Arjawinangun,kecamatan,no,-6.6453,108.4103,Asia/Jakarta,"BMKG point: Arjawinangun, Kecamatan Arjawinangun",27-09-2026,GFS,Open-Meteo / NOAA GFS,08:00,2026-09-27 08:00:00,29.5,58.0,0.1,0.5,0.0,1.4105,Hujan Ringan,wmo:51
arjawinangun,"Arjawinangun, Cirebon",2026-09-27,32.09.24.2004,Arjawinangun,kecamatan,no,-6.6453,108.4103,Asia/Jakarta,"BMKG point: Arjawinangun, Kecamatan Arjawinangun",27-09-2026,GFS,Open-Meteo / NOAA GFS,09:00,2026-09-27 09:00:00,31.3,52.0,0.1,9.5,0.0,1.4105,Hujan Ringan,wmo:51
arjawinangun,"Arjawinangun, Cirebon",2026-09-27,32.09.24.2004,Arjawinangun,kecamatan,no,-6.6453,108.4103,Asia/Jakarta,"BMKG point: Arjawinangun, Kecamatan Arjawinangun",27-09-2026,GFS,Open-Meteo / NOAA GFS,10:00,2026-09-27 10:00:00,33.5,44.0,0.0,15.2,0.0,1.4105,Cerah,wmo:0
arjawinangun,"Arjawinangun, Cirebon",2026-09-27,32.09.24.2004,Arjawinangun,kecamatan,no,-6.6453,108.4103,Asia/Jakarta,"BMKG point: Arjawinangun, Kecamatan Arjawinangun",27-09-2026,GFS,Open-Meteo / NOAA GFS,11:00,2026-09-27 11:00:00,34.9,40.0,0.0,20.9,0.0,1.4105,Cerah,wmo:0
arjawinangun,"Arjawinangun, Cirebon",2026-09-27,32.09.24.2004,Arjawinangun,kecamatan,no,-6.6453,108.4103,Asia/Jakarta,"BMKG point: Arjawinangun, Kecamatan Arjawinangun",27-09-2026,GFS,Open-Meteo / NOAA GFS,12:00,2026-09-27 12:00:00,34.8,41.0,0.0,26.2,0.0,1.4105,Cerah Berawan,wmo:2
arjawinangun,"Arjawinangun, Cirebon",2026-09-27,32.09.24.2004,Arjawinangun,kecamatan,no,-6.6453,108.4103,Asia/Jakarta,"BMKG point: Arjawinangun, Kecamatan Arjawinangun",27-09-2026,GFS,Open-Meteo / NOAA GFS,13:00,2026-09-27 13:00:00,34.2,43.0,0.0,25.3,0.0,1.4105,Cerah Berawan,wmo:2
arjawinangun,"Arjawinangun, Cirebon",2026-09-27,32.09.24.2004,Arjawinangun,kecamatan,no,-6.6453,108.4103,Asia/Jakarta,"BMKG point: Arjawinangun, Kecamatan Arjawinangun",27-09-2026,GFS,Open-Meteo / NOAA GFS,14:00,2026-09-27 14:00:00,33.4,43.0,0.0,23.7,0.0,1.4105,Cerah,wmo:0
arjawinangun,"Arjawinangun, Cirebon",2026-09-27,32.09.24.2004,Arjawinangun,kecamatan,no,-6.6453,108.4103,Asia/Jakarta,"BMKG point: Arjawinangun, Kecamatan Arjawinangun",27-09-2026,GFS,Open-Meteo / NOAA GFS,15:00,2026-09-27 15:00:00,32.3,43.0,0.0,22.7,0.0,1.4105,Cerah Berawan,wmo:1
arjawinangun,"Arjawinangun, Cirebon",2026-09-27,32.09.24.2004,Arjawinangun,kecamatan,no,-6.6453,108.4103,Asia/Jakarta,"BMKG point: Arjawinangun, Kecamatan Arjawinangun",27-09-2026,GFS,Open-Meteo / NOAA GFS,16:00,2026-09-27 16:00:00,31.6,44.0,0.0,18.5,0.0,1.4105,Cerah Berawan,wmo:2
arjawinangun,"Arjawinangun, Cirebon",2026-09-27,32.09.24.2004,Arjawinangun,kecamatan,no,-6.6453,108.4103,Asia/Jakarta,"BMKG point: Arjawinangun, Kecamatan Arjawinangun",27-09-2026,GFS,Open-Meteo / NOAA GFS,17:00,2026-09-27 17:00:00,30.6,47.0,0.0,11.0,0.0,1.4105,Cerah Berawan,wmo:1
arjawinangun,"Arjawinangun, Cirebon",2026-09-27,32.09.24.2004,Arjawinangun,kecamatan,no,-6.6453,108.4103,Asia/Jakarta,"BMKG point: Arjawinangun, Kecamatan Arjawinangun",27-09-2026,GFS,Open-Meteo / NOAA GFS,18:00,2026-09-27 18:00:00,28.7,56.0,0.0,4.7,0.0,1.4105,Cerah Berawan,wmo:1
arjawinangun,"Arjawinangun, Cirebon",2026-09-27,32.09.24.2004,Arjawinangun,kecamatan,no,-6.6453,108.4103,Asia/Jakarta,"BMKG point: Arjawinangun, Kecamatan Arjawinangun",27-09-2026,GFS,Open-Meteo / NOAA GFS,19:00,2026-09-27 19:00:00,27.5,64.0,0.0,1.8,0.0,1.4105,Cerah Berawan,wmo:1
arjawinangun,"Arjawinangun, Cirebon",2026-09-27,32.09.24.2004,Arjawinangun,kecamatan,no,-6.6453,108.4103,Asia/Jakarta,"BMKG point: Arjawinangun, Kecamatan Arjawinangun",27-09-2026,GFS,Open-Meteo / NOAA GFS,20:00,2026-09-27 20:00:00,27.2,67.0,0.0,3.3,0.0,1.4105,Cerah,wmo:0
arjawinangun,"Arjawinangun, Cirebon",2026-09-27,32.09.24.2004,Arjawinangun,kecamatan,no,-6.6453,108.4103,Asia/Jakarta,"BMKG point: Arjawinangun, Kecamatan Arjawinangun",27-09-2026,GFS,Open-Meteo / NOAA GFS,21:00,2026-09-27 21:00:00,27.0,69.0,0.0,4.7,0.0,1.4105,Cerah Berawan,wmo:1
arjawinangun,"Arjawinangun, Cirebon",2026-09-27,32.09.24.2004,Arjawinangun,kecamatan,no,-6.6453,108.4103,Asia/Jakarta,"BMKG point: Arjawinangun, Kecamatan Arjawinangun",27-09-2026,GFS,Open-Meteo / NOAA GFS,22:00,2026-09-27 22:00:00,26.8,70.0,0.0,4.3,0.0,1.4105,Cerah Berawan,wmo:2
arjawinangun,"Arjawinangun, Cirebon",2026-09-27,32.09.24.2004,Arjawinangun,kecamatan,no,-6.6453,108.4103,Asia/Jakarta,"BMKG point: Arjawinangun, Kecamatan Arjawinangun",27-09-2026,GFS,Open-Meteo / NOAA GFS,23:00,2026-09-27 23:00:00,26.5,72.0,0.0,3.3,0.0,1.4105,Cerah Berawan,wmo:2
arjawinangun,"Arjawinangun, Cirebon",2026-09-27,32.09.24.2004,Arjawinangun,kecamatan,no,-6.6453,108.4103,Asia/Jakarta,"BMKG point: Arjawinangun, Kecamatan Arjawinangun",27-09-2026,ICON,Open-Meteo / DWD ICON,00:00,2026-09-27 00:00:00,26.3,81.0,0.0,4.7,0.0,1.4775,Cerah Berawan,wmo:2
arjawinangun,"Arjawinangun, Cirebon",2026-09-27,32.09.24.2004,Arjawinangun,kecamatan,no,-6.6453,108.4103,Asia/Jakarta,"BMKG point: Arjawinangun, Kecamatan Arjawinangun",27-09-2026,ICON,Open-Meteo / DWD ICON,01:00,2026-09-27 01:00:00,26.1,81.0,0.0,3.8,0.0,1.4775,Cerah Berawan,wmo:2
arjawinangun,"Arjawinangun, Cirebon",2026-09-27,32.09.24.2004,Arjawinangun,kecamatan,no,-6.6453,108.4103,Asia/Jakarta,"BMKG point: Arjawinangun, Kecamatan Arjawinangun",27-09-2026,ICON,Open-Meteo / DWD ICON,02:00,2026-09-27 02:00:00,25.8,81.0,0.0,3.6,0.0,1.4775,Cerah Berawan,wmo:2
arjawinangun,"Arjawinangun, Cirebon",2026-09-27,32.09.24.2004,Arjawinangun,kecamatan,no,-6.6453,108.4103,Asia/Jakarta,"BMKG point: Arjawinangun, Kecamatan Arjawinangun",27-09-2026,ICON,Open-Meteo / DWD ICON,03:00,2026-09-27 03:00:00,25.6,80.0,0.0,4.1,0.0,1.4775,Cerah Berawan,wmo:2
arjawinangun,"Arjawinangun, Cirebon",2026-09-27,32.09.24.2004,Arjawinangun,kecamatan,no,-6.6453,108.4103,Asia/Jakarta,"BMKG point: Arjawinangun, Kecamatan Arjawinangun",27-09-2026,ICON,Open-Meteo / DWD ICON,04:00,2026-09-27 04:00:00,25.4,80.0,0.0,4.6,0.0,1.4775,Cerah Berawan,wmo:2
arjawinangun,"Arjawinangun, Cirebon",2026-09-27,32.09.24.2004,Arjawinangun,kecamatan,no,-6.6453,108.4103,Asia/Jakarta,"BMKG point: Arjawinangun, Kecamatan Arjawinangun",27-09-2026,ICON,Open-Meteo / DWD ICON,05:00,2026-09-27 05:00:00,25.2,78.0,0.0,4.3,0.0,1.4775,Cerah Berawan,wmo:2
arjawinangun,"Arjawinangun, Cirebon",2026-09-27,32.09.24.2004,Arjawinangun,kecamatan,no,-6.6453,108.4103,Asia/Jakarta,"BMKG point: Arjawinangun, Kecamatan Arjawinangun",27-09-2026,ICON,Open-Meteo / DWD ICON,06:00,2026-09-27 06:00:00,25.1,78.0,0.0,3.8,0.0,1.4775,Cerah Berawan,wmo:2
arjawinangun,"Arjawinangun, Cirebon",2026-09-27,32.09.24.2004,Arjawinangun,kecamatan,no,-6.6453,108.4103,Asia/Jakarta,"BMKG point: Arjawinangun, Kecamatan Arjawinangun",27-09-2026,ICON,Open-Meteo / DWD ICON,07:00,2026-09-27 07:00:00,26.7,73.0,0.0,4.3,0.0,1.4775,Cerah Berawan,wmo:2
arjawinangun,"Arjawinangun, Cirebon",2026-09-27,32.09.24.2004,Arjawinangun,kecamatan,no,-6.6453,108.4103,Asia/Jakarta,"BMKG point: Arjawinangun, Kecamatan Arjawinangun",27-09-2026,ICON,Open-Meteo / DWD ICON,08:00,2026-09-27 08:00:00,29.0,65.0,0.0,5.6,0.0,1.4775,Cerah Berawan,wmo:2
arjawinangun,"Arjawinangun, Cirebon",2026-09-27,32.09.24.2004,Arjawinangun,kecamatan,no,-6.6453,108.4103,Asia/Jakarta,"BMKG point: Arjawinangun, Kecamatan Arjawinangun",27-09-2026,ICON,Open-Meteo / DWD ICON,09:00,2026-09-27 09:00:00,31.3,55.0,0.0,4.9,0.0,1.4775,Cerah Berawan,wmo:2
arjawinangun,"Arjawinangun, Cirebon",2026-09-27,32.09.24.2004,Arjawinangun,kecamatan,no,-6.6453,108.4103,Asia/Jakarta,"BMKG point: Arjawinangun, Kecamatan Arjawinangun",27-09-2026,ICON,Open-Meteo / DWD ICON,10:00,2026-09-27 10:00:00,33.0,50.0,0.0,7.2,0.0,1.4775,Cerah Berawan,wmo:2
arjawinangun,"Arjawinangun, Cirebon",2026-09-27,32.09.24.2004,Arjawinangun,kecamatan,no,-6.6453,108.4103,Asia/Jakarta,"BMKG point: Arjawinangun, Kecamatan Arjawinangun",27-09-2026,ICON,Open-Meteo / DWD ICON,11:00,2026-09-27 11:00:00,34.0,49.0,0.0,9.2,0.0,1.4775,Cerah Berawan,wmo:2
arjawinangun,"Arjawinangun, Cirebon",2026-09-27,32.09.24.2004,Arjawinangun,kecamatan,no,-6.6453,108.4103,Asia/Jakarta,"BMKG point: Arjawinangun, Kecamatan Arjawinangun",27-09-2026,ICON,Open-Meteo / DWD ICON,12:00,2026-09-27 12:00:00,34.4,49.0,0.0,12.7,0.0,1.4775,Cerah Berawan,wmo:1
arjawinangun,"Arjawinangun, Cirebon",2026-09-27,32.09.24.2004,Arjawinangun,kecamatan,no,-6.6453,108.4103,Asia/Jakarta,"BMKG point: Arjawinangun, Kecamatan Arjawinangun",27-09-2026,ICON,Open-Meteo / DWD ICON,13:00,2026-09-27 13:00:00,34.3,48.0,0.1,15.6,0.0,1.4775,Cerah Berawan,wmo:1
arjawinangun,"Arjawinangun, Cirebon",2026-09-27,32.09.24.2004,Arjawinangun,kecamatan,no,-6.6453,108.4103,Asia/Jakarta,"BMKG point: Arjawinangun, Kecamatan Arjawinangun",27-09-2026,ICON,Open-Meteo / DWD ICON,14:00,2026-09-27 14:00:00,34.6,43.0,0.0,16.4,0.0,1.4775,Cerah,wmo:0
arjawinangun,"Arjawinangun, Cirebon",2026-09-27,32.09.24.2004,Arjawinangun,kecamatan,no,-6.6453,108.4103,Asia/Jakarta,"BMKG point: Arjawinangun, Kecamatan Arjawinangun",27-09-2026,ICON,Open-Meteo / DWD ICON,15:00,2026-09-27 15:00:00,33.5,44.0,0.0,19.3,0.0,1.4775,Cerah,wmo:0
arjawinangun,"Arjawinangun, Cirebon",2026-09-27,32.09.24.2004,Arjawinangun,kecamatan,no,-6.6453,108.4103,Asia/Jakarta,"BMKG point: Arjawinangun, Kecamatan Arjawinangun",27-09-2026,ICON,Open-Meteo / DWD ICON,16:00,2026-09-27 16:00:00,31.7,52.0,0.0,18.2,0.0,1.4775,Cerah Berawan,wmo:1
arjawinangun,"Arjawinangun, Cirebon",2026-09-27,32.09.24.2004,Arjawinangun,kecamatan,no,-6.6453,108.4103,Asia/Jakarta,"BMKG point: Arjawinangun, Kecamatan Arjawinangun",27-09-2026,ICON,Open-Meteo / DWD ICON,17:00,2026-09-27 17:00:00,30.3,56.0,0.0,14.9,0.0,1.4775,Cerah Berawan,wmo:2
arjawinangun,"Arjawinangun, Cirebon",2026-09-27,32.09.24.2004,Arjawinangun,kecamatan,no,-6.6453,108.4103,Asia/Jakarta,"BMKG point: Arjawinangun, Kecamatan Arjawinangun",27-09-2026,ICON,Open-Meteo / DWD ICON,18:00,2026-09-27 18:00:00,29.2,61.0,0.0,10.0,0.0,1.4775,Cerah Berawan,wmo:2
arjawinangun,"Arjawinangun, Cirebon",2026-09-27,32.09.24.2004,Arjawinangun,kecamatan,no,-6.6453,108.4103,Asia/Jakarta,"BMKG point: Arjawinangun, Kecamatan Arjawinangun",27-09-2026,ICON,Open-Meteo / DWD ICON,19:00,2026-09-27 19:00:00,28.4,68.0,0.0,7.6,0.0,1.4775,Cerah Berawan,wmo:2
arjawinangun,"Arjawinangun, Cirebon",2026-09-27,32.09.24.2004,Arjawinangun,kecamatan,no,-6.6453,108.4103,Asia/Jakarta,"BMKG point: Arjawinangun, Kecamatan Arjawinangun",27-09-2026,ICON,Open-Meteo / DWD ICON,20:00,2026-09-27 20:00:00,27.9,73.0,0.0,7.2,0.0,1.4775,Berawan,wmo:3
arjawinangun,"Arjawinangun, Cirebon",2026-09-27,32.09.24.2004,Arjawinangun,kecamatan,no,-6.6453,108.4103,Asia/Jakarta,"BMKG point: Arjawinangun, Kecamatan Arjawinangun",27-09-2026,ICON,Open-Meteo / DWD ICON,21:00,2026-09-27 21:00:00,27.5,75.0,0.0,7.3,0.0,1.4775,Cerah Berawan,wmo:2
arjawinangun,"Arjawinangun, Cirebon",2026-09-27,32.09.24.2004,Arjawinangun,kecamatan,no,-6.6453,108.4103,Asia/Jakarta,"BMKG point: Arjawinangun, Kecamatan Arjawinangun",27-09-2026,ICON,Open-Meteo / DWD ICON,22:00,2026-09-27 22:00:00,27.1,77.0,0.0,5.9,0.0,1.4775,Cerah Berawan,wmo:2
arjawinangun,"Arjawinangun, Cirebon",2026-09-27,32.09.24.2004,Arjawinangun,kecamatan,no,-6.6453,108.4103,Asia/Jakarta,"BMKG point: Arjawinangun, Kecamatan Arjawinangun",27-09-2026,ICON,Open-Meteo / DWD ICON,23:00,2026-09-27 23:00:00,26.7,79.0,0.0,2.9,0.0,1.4775,Cerah Berawan,wmo:2
arjawinangun,"Arjawinangun, Cirebon",2026-09-27,32.09.24.2004,Arjawinangun,kecamatan,no,-6.6453,108.4103,Asia/Jakarta,"BMKG point: Arjawinangun, Kecamatan Arjawinangun",27-09-2026,KMA,Open-Meteo / KMA,00:00,2026-09-27 00:00:00,,,,,0.0,0.5491,Berawan,wmo:None
arjawinangun,"Arjawinangun, Cirebon",2026-09-27,32.09.24.2004,Arjawinangun,kecamatan,no,-6.6453,108.4103,Asia/Jakarta,"BMKG point: Arjawinangun, Kecamatan Arjawinangun",27-09-2026,KMA,Open-Meteo / KMA,01:00,2026-09-27 01:00:00,,,,,0.0,0.5491,Berawan,wmo:None
arjawinangun,"Arjawinangun, Cirebon",2026-09-27,32.09.24.2004,Arjawinangun,kecamatan,no,-6.6453,108.4103,Asia/Jakarta,"BMKG point: Arjawinangun, Kecamatan Arjawinangun",27-09-2026,KMA,Open-Meteo / KMA,02:00,2026-09-27 02:00:00,,,,,0.0,0.5491,Berawan,wmo:None
arjawinangun,"Arjawinangun, Cirebon",2026-09-27,32.09.24.2004,Arjawinangun,kecamatan,no,-6.6453,108.4103,Asia/Jakarta,"BMKG point: Arjawinangun, Kecamatan Arjawinangun",27-09-2026,KMA,Open-Meteo / KMA,03:00,2026-09-27 03:00:00,,,,,0.0,0.5491,Berawan,wmo:None
arjawinangun,"Arjawinangun, Cirebon",2026-09-27,32.09.24.2004,Arjawinangun,kecamatan,no,-6.6453,108.4103,Asia/Jakarta,"BMKG point: Arjawinangun, Kecamatan Arjawinangun",27-09-2026,KMA,Open-Meteo / KMA,04:00,2026-09-27 04:00:00,,,,,0.0,0.5491,Berawan,wmo:None
arjawinangun,"Arjawinangun, Cirebon",2026-09-27,32.09.24.2004,Arjawinangun,kecamatan,no,-6.6453,108.4103,Asia/Jakarta,"BMKG point: Arjawinangun, Kecamatan Arjawinangun",27-09-2026,KMA,Open-Meteo / KMA,05:00,2026-09-27 05:00:00,,,,,0.0,0.5491,Berawan,wmo:None
arjawinangun,"Arjawinangun, Cirebon",2026-09-27,32.09.24.2004,Arjawinangun,kecamatan,no,-6.6453,108.4103,Asia/Jakarta,"BMKG point: Arjawinangun, Kecamatan Arjawinangun",27-09-2026,KMA,Open-Meteo / KMA,06:00,2026-09-27 06:00:00,,,,,0.0,0.5491,Berawan,wmo:None
arjawinangun,"Arjawinangun, Cirebon",2026-09-27,32.09.24.2004,Arjawinangun,kecamatan,no,-6.6453,108.4103,Asia/Jakarta,"BMKG point: Arjawinangun, Kecamatan Arjawinangun",27-09-2026,KMA,Open-Meteo / KMA,07:00,2026-09-27 07:00:00,,,,,0.0,0.5491,Berawan,wmo:None
arjawinangun,"Arjawinangun, Cirebon",2026-09-27,32.09.24.2004,Arjawinangun,kecamatan,no,-6.6453,108.4103,Asia/Jakarta,"BMKG point: Arjawinangun, Kecamatan Arjawinangun",27-09-2026,KMA,Open-Meteo / KMA,08:00,2026-09-27 08:00:00,,,,,0.0,0.5491,Berawan,wmo:None
arjawinangun,"Arjawinangun, Cirebon",2026-09-27,32.09.24.2004,Arjawinangun,kecamatan,no,-6.6453,108.4103,Asia/Jakarta,"BMKG point: Arjawinangun, Kecamatan Arjawinangun",27-09-2026,KMA,Open-Meteo / KMA,09:00,2026-09-27 09:00:00,,,,,0.0,0.5491,Berawan,wmo:None
arjawinangun,"Arjawinangun, Cirebon",2026-09-27,32.09.24.2004,Arjawinangun,kecamatan,no,-6.6453,108.4103,Asia/Jakarta,"BMKG point: Arjawinangun, Kecamatan Arjawinangun",27-09-2026,KMA,Open-Meteo / KMA,10:00,2026-09-27 10:00:00,,,,,0.0,0.5491,Berawan,wmo:None
arjawinangun,"Arjawinangun, Cirebon",2026-09-27,32.09.24.2004,Arjawinangun,kecamatan,no,-6.6453,108.4103,Asia/Jakarta,"BMKG point: Arjawinangun, Kecamatan Arjawinangun",27-09-2026,KMA,Open-Meteo / KMA,11:00,2026-09-27 11:00:00,,,,,0.0,0.5491,Berawan,wmo:None
arjawinangun,"Arjawinangun, Cirebon",2026-09-27,32.09.24.2004,Arjawinangun,kecamatan,no,-6.6453,108.4103,Asia/Jakarta,"BMKG point: Arjawinangun, Kecamatan Arjawinangun",27-09-2026,KMA,Open-Meteo / KMA,12:00,2026-09-27 12:00:00,,,,,0.0,0.5491,Berawan,wmo:None
arjawinangun,"Arjawinangun, Cirebon",2026-09-27,32.09.24.2004,Arjawinangun,kecamatan,no,-6.6453,108.4103,Asia/Jakarta,"BMKG point: Arjawinangun, Kecamatan Arjawinangun",27-09-2026,KMA,Open-Meteo / KMA,13:00,2026-09-27 13:00:00,,,,,0.0,0.5491,Berawan,wmo:None
arjawinangun,"Arjawinangun, Cirebon",2026-09-27,32.09.24.2004,Arjawinangun,kecamatan,no,-6.6453,108.4103,Asia/Jakarta,"BMKG point: Arjawinangun, Kecamatan Arjawinangun",27-09-2026,KMA,Open-Meteo / KMA,14:00,2026-09-27 14:00:00,,,,,0.0,0.5491,Berawan,wmo:None
arjawinangun,"Arjawinangun, Cirebon",2026-09-27,32.09.24.2004,Arjawinangun,kecamatan,no,-6.6453,108.4103,Asia/Jakarta,"BMKG point: Arjawinangun, Kecamatan Arjawinangun",27-09-2026,KMA,Open-Meteo / KMA,15:00,2026-09-27 15:00:00,,,,,0.0,0.5491,Berawan,wmo:None
arjawinangun,"Arjawinangun, Cirebon",2026-09-27,32.09.24.2004,Arjawinangun,kecamatan,no,-6.6453,108.4103,Asia/Jakarta,"BMKG point: Arjawinangun, Kecamatan Arjawinangun",27-09-2026,KMA,Open-Meteo / KMA,16:00,2026-09-27 16:00:00,,,,,0.0,0.5491,Berawan,wmo:None
arjawinangun,"Arjawinangun, Cirebon",2026-09-27,32.09.24.2004,Arjawinangun,kecamatan,no,-6.6453,108.4103,Asia/Jakarta,"BMKG point: Arjawinangun, Kecamatan Arjawinangun",27-09-2026,KMA,Open-Meteo / KMA,17:00,2026-09-27 17:00:00,,,,,0.0,0.5491,Berawan,wmo:None
arjawinangun,"Arjawinangun, Cirebon",2026-09-27,32.09.24.2004,Arjawinangun,kecamatan,no,-6.6453,108.4103,Asia/Jakarta,"BMKG point: Arjawinangun, Kecamatan Arjawinangun",27-09-2026,KMA,Open-Meteo / KMA,18:00,2026-09-27 18:00:00,,,,,0.0,0.5491,Berawan,wmo:None
arjawinangun,"Arjawinangun, Cirebon",2026-09-27,32.09.24.2004,Arjawinangun,kecamatan,no,-6.6453,108.4103,Asia/Jakarta,"BMKG point: Arjawinangun, Kecamatan Arjawinangun",27-09-2026,KMA,Open-Meteo / KMA,19:00,2026-09-27 19:00:00,,,,,0.0,0.5491,Berawan,wmo:None
arjawinangun,"Arjawinangun, Cirebon",2026-09-27,32.09.24.2004,Arjawinangun,kecamatan,no,-6.6453,108.4103,Asia/Jakarta,"BMKG point: Arjawinangun, Kecamatan Arjawinangun",27-09-2026,KMA,Open-Meteo / KMA,20:00,2026-09-27 20:00:00,,,,,0.0,0.5491,Berawan,wmo:None
arjawinangun,"Arjawinangun, Cirebon",2026-09-27,32.09.24.2004,Arjawinangun,kecamatan,no,-6.6453,108.4103,Asia/Jakarta,"BMKG point: Arjawinangun, Kecamatan Arjawinangun",27-09-2026,KMA,Open-Meteo / KMA,21:00,2026-09-27 21:00:00,,,,,0.0,0.5491,Berawan,wmo:None
arjawinangun,"Arjawinangun, Cirebon",2026-09-27,32.09.24.2004,Arjawinangun,kecamatan,no,-6.6453,108.4103,Asia/Jakarta,"BMKG point: Arjawinangun, Kecamatan Arjawinangun",27-09-2026,KMA,Open-Meteo / KMA,22:00,2026-09-27 22:00:00,,,,,0.0,0.5491,Berawan,wmo:None
arjawinangun,"Arjawinangun, Cirebon",2026-09-27,32.09.24.2004,Arjawinangun,kecamatan,no,-6.6453,108.4103,Asia/Jakarta,"BMKG point: Arjawinangun, Kecamatan Arjawinangun",27-09-2026,KMA,Open-Meteo / KMA,23:00,2026-09-27 23:00:00,,,,,0.0,0.5491,Berawan,wmo:None
arjawinangun,"Arjawinangun, Cirebon",2026-09-27,32.09.24.2004,Arjawinangun,kecamatan,no,-6.6453,108.4103,Asia/Jakarta,"BMKG point: Arjawinangun, Kecamatan Arjawinangun",27-09-2026,METEOFRANCE,Open-Meteo / Meteo-France,00:00,2026-09-27 00:00:00,28.7,69.0,0.0,6.1,0.0,1.5362,Cerah Berawan,wmo:2
arjawinangun,"Arjawinangun, Cirebon",2026-09-27,32.09.24.2004,Arjawinangun,kecamatan,no,-6.6453,108.4103,Asia/Jakarta,"BMKG point: Arjawinangun, Kecamatan Arjawinangun",27-09-2026,METEOFRANCE,Open-Meteo / Meteo-France,01:00,2026-09-27 01:00:00,28.5,68.0,0.0,5.9,0.0,1.5362,Cerah Berawan,wmo:2
arjawinangun,"Arjawinangun, Cirebon",2026-09-27,32.09.24.2004,Arjawinangun,kecamatan,no,-6.6453,108.4103,Asia/Jakarta,"BMKG point: Arjawinangun, Kecamatan Arjawinangun",27-09-2026,METEOFRANCE,Open-Meteo / Meteo-France,02:00,2026-09-27 02:00:00,28.2,68.0,0.0,6.7,0.0,1.5362,Cerah Berawan,wmo:2
arjawinangun,"Arjawinangun, Cirebon",2026-09-27,32.09.24.2004,Arjawinangun,kecamatan,no,-6.6453,108.4103,Asia/Jakarta,"BMKG point: Arjawinangun, Kecamatan Arjawinangun",27-09-2026,METEOFRANCE,Open-Meteo / Meteo-France,03:00,2026-09-27 03:00:00,28.0,69.0,0.0,7.6,0.0,1.5362,Cerah Berawan,wmo:2
arjawinangun,"Arjawinangun, Cirebon",2026-09-27,32.09.24.2004,Arjawinangun,kecamatan,no,-6.6453,108.4103,Asia/Jakarta,"BMKG point: Arjawinangun, Kecamatan Arjawinangun",27-09-2026,METEOFRANCE,Open-Meteo / Meteo-France,04:00,2026-09-27 04:00:00,27.8,70.0,0.0,9.0,0.0,1.5362,Cerah Berawan,wmo:2
arjawinangun,"Arjawinangun, Cirebon",2026-09-27,32.09.24.2004,Arjawinangun,kecamatan,no,-6.6453,108.4103,Asia/Jakarta,"BMKG point: Arjawinangun, Kecamatan Arjawinangun",27-09-2026,METEOFRANCE,Open-Meteo / Meteo-France,05:00,2026-09-27 05:00:00,27.5,71.0,0.0,10.6,0.0,1.5362,Cerah Berawan,wmo:1
arjawinangun,"Arjawinangun, Cirebon",2026-09-27,32.09.24.2004,Arjawinangun,kecamatan,no,-6.6453,108.4103,Asia/Jakarta,"BMKG point: Arjawinangun, Kecamatan Arjawinangun",27-09-2026,METEOFRANCE,Open-Meteo / Meteo-France,06:00,2026-09-27 06:00:00,27.3,71.0,0.0,11.6,0.0,1.5362,Cerah Berawan,wmo:1
arjawinangun,"Arjawinangun, Cirebon",2026-09-27,32.09.24.2004,Arjawinangun,kecamatan,no,-6.6453,108.4103,Asia/Jakarta,"BMKG point: Arjawinangun, Kecamatan Arjawinangun",27-09-2026,METEOFRANCE,Open-Meteo / Meteo-France,07:00,2026-09-27 07:00:00,28.0,67.0,0.0,12.1,0.0,1.5362,Cerah Berawan,wmo:1
arjawinangun,"Arjawinangun, Cirebon",2026-09-27,32.09.24.2004,Arjawinangun,kecamatan,no,-6.6453,108.4103,Asia/Jakarta,"BMKG point: Arjawinangun, Kecamatan Arjawinangun",27-09-2026,METEOFRANCE,Open-Meteo / Meteo-France,08:00,2026-09-27 08:00:00,29.7,59.0,0.0,12.0,0.0,1.5362,Cerah Berawan,wmo:2
arjawinangun,"Arjawinangun, Cirebon",2026-09-27,32.09.24.2004,Arjawinangun,kecamatan,no,-6.6453,108.4103,Asia/Jakarta,"BMKG point: Arjawinangun, Kecamatan Arjawinangun",27-09-2026,METEOFRANCE,Open-Meteo / Meteo-France,09:00,2026-09-27 09:00:00,31.7,51.0,0.0,12.0,0.0,1.5362,Cerah Berawan,wmo:2
arjawinangun,"Arjawinangun, Cirebon",2026-09-27,32.09.24.2004,Arjawinangun,kecamatan,no,-6.6453,108.4103,Asia/Jakarta,"BMKG point: Arjawinangun, Kecamatan Arjawinangun",27-09-2026,METEOFRANCE,Open-Meteo / Meteo-France,10:00,2026-09-27 10:00:00,33.4,46.0,0.0,13.4,0.0,1.5362,Cerah Berawan,wmo:1
arjawinangun,"Arjawinangun, Cirebon",2026-09-27,32.09.24.2004,Arjawinangun,kecamatan,no,-6.6453,108.4103,Asia/Jakarta,"BMKG point: Arjawinangun, Kecamatan Arjawinangun",27-09-2026,METEOFRANCE,Open-Meteo / Meteo-France,11:00,2026-09-27 11:00:00,34.7,43.0,0.0,14.5,0.0,1.5362,Cerah Berawan,wmo:1
arjawinangun,"Arjawinangun, Cirebon",2026-09-27,32.09.24.2004,Arjawinangun,kecamatan,no,-6.6453,108.4103,Asia/Jakarta,"BMKG point: Arjawinangun, Kecamatan Arjawinangun",27-09-2026,METEOFRANCE,Open-Meteo / Meteo-France,12:00,2026-09-27 12:00:00,35.5,41.0,0.0,15.8,0.0,1.5362,Cerah Berawan,wmo:1
arjawinangun,"Arjawinangun, Cirebon",2026-09-27,32.09.24.2004,Arjawinangun,kecamatan,no,-6.6453,108.4103,Asia/Jakarta,"BMKG point: Arjawinangun, Kecamatan Arjawinangun",27-09-2026,METEOFRANCE,Open-Meteo / Meteo-France,13:00,2026-09-27 13:00:00,35.9,41.0,0.0,18.6,0.0,1.5362,Cerah Berawan,wmo:1
arjawinangun,"Arjawinangun, Cirebon",2026-09-27,32.09.24.2004,Arjawinangun,kecamatan,no,-6.6453,108.4103,Asia/Jakarta,"BMKG point: Arjawinangun, Kecamatan Arjawinangun",27-09-2026,METEOFRANCE,Open-Meteo / Meteo-France,14:00,2026-09-27 14:00:00,35.4,42.0,0.0,21.7,0.0,1.5362,Cerah Berawan,wmo:1
arjawinangun,"Arjawinangun, Cirebon",2026-09-27,32.09.24.2004,Arjawinangun,kecamatan,no,-6.6453,108.4103,Asia/Jakarta,"BMKG point: Arjawinangun, Kecamatan Arjawinangun",27-09-2026,METEOFRANCE,Open-Meteo / Meteo-France,15:00,2026-09-27 15:00:00,34.1,43.0,0.0,22.0,0.0,1.5362,Cerah,wmo:0
arjawinangun,"Arjawinangun, Cirebon",2026-09-27,32.09.24.2004,Arjawinangun,kecamatan,no,-6.6453,108.4103,Asia/Jakarta,"BMKG point: Arjawinangun, Kecamatan Arjawinangun",27-09-2026,METEOFRANCE,Open-Meteo / Meteo-France,16:00,2026-09-27 16:00:00,32.9,44.0,0.0,18.4,0.0,1.5362,Cerah,wmo:0
arjawinangun,"Arjawinangun, Cirebon",2026-09-27,32.09.24.2004,Arjawinangun,kecamatan,no,-6.6453,108.4103,Asia/Jakarta,"BMKG point: Arjawinangun, Kecamatan Arjawinangun",27-09-2026,METEOFRANCE,Open-Meteo / Meteo-France,17:00,2026-09-27 17:00:00,31.6,46.0,0.0,13.6,0.0,1.5362,Cerah,wmo:0
arjawinangun,"Arjawinangun, Cirebon",2026-09-27,32.09.24.2004,Arjawinangun,kecamatan,no,-6.6453,108.4103,Asia/Jakarta,"BMKG point: Arjawinangun, Kecamatan Arjawinangun",27-09-2026,METEOFRANCE,Open-Meteo / Meteo-France,18:00,2026-09-27 18:00:00,30.3,52.0,0.0,9.2,0.0,1.5362,Cerah Berawan,wmo:1
arjawinangun,"Arjawinangun, Cirebon",2026-09-27,32.09.24.2004,Arjawinangun,kecamatan,no,-6.6453,108.4103,Asia/Jakarta,"BMKG point: Arjawinangun, Kecamatan Arjawinangun",27-09-2026,METEOFRANCE,Open-Meteo / Meteo-France,19:00,2026-09-27 19:00:00,29.6,58.0,0.0,7.4,0.0,1.5362,Cerah Berawan,wmo:2
arjawinangun,"Arjawinangun, Cirebon",2026-09-27,32.09.24.2004,Arjawinangun,kecamatan,no,-6.6453,108.4103,Asia/Jakarta,"BMKG point: Arjawinangun, Kecamatan Arjawinangun",27-09-2026,METEOFRANCE,Open-Meteo / Meteo-France,20:00,2026-09-27 20:00:00,29.4,63.0,0.0,7.9,0.0,1.5362,Cerah Berawan,wmo:1
arjawinangun,"Arjawinangun, Cirebon",2026-09-27,32.09.24.2004,Arjawinangun,kecamatan,no,-6.6453,108.4103,Asia/Jakarta,"BMKG point: Arjawinangun, Kecamatan Arjawinangun",27-09-2026,METEOFRANCE,Open-Meteo / Meteo-France,21:00,2026-09-27 21:00:00,29.1,66.0,0.0,8.6,0.0,1.5362,Cerah Berawan,wmo:1
arjawinangun,"Arjawinangun, Cirebon",2026-09-27,32.09.24.2004,Arjawinangun,kecamatan,no,-6.6453,108.4103,Asia/Jakarta,"BMKG point: Arjawinangun, Kecamatan Arjawinangun",27-09-2026,METEOFRANCE,Open-Meteo / Meteo-France,22:00,2026-09-27 22:00:00,28.8,69.0,0.0,9.5,0.0,1.5362,Cerah Berawan,wmo:1
arjawinangun,"Arjawinangun, Cirebon",2026-09-27,32.09.24.2004,Arjawinangun,kecamatan,no,-6.6453,108.4103,Asia/Jakarta,"BMKG point: Arjawinangun, Kecamatan Arjawinangun",27-09-2026,METEOFRANCE,Open-Meteo / Meteo-France,23:00,2026-09-27 23:00:00,28.6,70.0,0.0,9.1,0.0,1.5362,Cerah Berawan,wmo:1
arjawinangun,"Arjawinangun, Cirebon",2026-09-27,32.09.24.2004,Arjawinangun,kecamatan,no,-6.6453,108.4103,Asia/Jakarta,"BMKG point: Arjawinangun, Kecamatan Arjawinangun",27-09-2026,METNO,MET Norway,07:00,2026-09-27 09:00:00,31.9,49.0,0.0,13.32,120.0,0.7671,Cerah Berawan,partlycloudy_day
arjawinangun,"Arjawinangun, Cirebon",2026-09-27,32.09.24.2004,Arjawinangun,kecamatan,no,-6.6453,108.4103,Asia/Jakarta,"BMKG point: Arjawinangun, Kecamatan Arjawinangun",27-09-2026,METNO,MET Norway,08:00,2026-09-27 09:00:00,31.9,49.0,0.0,13.32,60.0,1.046,Cerah Berawan,partlycloudy_day
arjawinangun,"Arjawinangun, Cirebon",2026-09-27,32.09.24.2004,Arjawinangun,kecamatan,no,-6.6453,108.4103,Asia/Jakarta,"BMKG point: Arjawinangun, Kecamatan Arjawinangun",27-09-2026,METNO,MET Norway,09:00,2026-09-27 09:00:00,31.9,49.0,0.0,13.32,0.0,1.3947,Cerah Berawan,partlycloudy_day
arjawinangun,"Arjawinangun, Cirebon",2026-09-27,32.09.24.2004,Arjawinangun,kecamatan,no,-6.6453,108.4103,Asia/Jakarta,"BMKG point: Arjawinangun, Kecamatan Arjawinangun",27-09-2026,METNO,MET Norway,10:00,2026-09-27 10:00:00,34.1,41.4,0.0,13.68,0.0,1.3947,Cerah,clearsky_day
arjawinangun,"Arjawinangun, Cirebon",2026-09-27,32.09.24.2004,Arjawinangun,kecamatan,no,-6.6453,108.4103,Asia/Jakarta,"BMKG point: Arjawinangun, Kecamatan Arjawinangun",27-09-2026,METNO,MET Norway,11:00,2026-09-27 11:00:00,35.8,34.8,0.0,16.56,0.0,1.3947,Cerah,clearsky_day
arjawinangun,"Arjawinangun, Cirebon",2026-09-27,32.09.24.2004,Arjawinangun,kecamatan,no,-6.6453,108.4103,Asia/Jakarta,"BMKG point: Arjawinangun, Kecamatan Arjawinangun",27-09-2026,METNO,MET Norway,12:00,2026-09-27 12:00:00,36.4,30.7,0.0,17.28,0.0,1.3947,Cerah,clearsky_day
arjawinangun,"Arjawinangun, Cirebon",2026-09-27,32.09.24.2004,Arjawinangun,kecamatan,no,-6.6453,108.4103,Asia/Jakarta,"BMKG point: Arjawinangun, Kecamatan Arjawinangun",27-09-2026,METNO,MET Norway,13:00,2026-09-27 13:00:00,36.3,32.2,0.0,18.72,0.0,1.3947,Cerah,clearsky_day
arjawinangun,"Arjawinangun, Cirebon",2026-09-27,32.09.24.2004,Arjawinangun,kecamatan,no,-6.6453,108.4103,Asia/Jakarta,"BMKG point: Arjawinangun, Kecamatan Arjawinangun",27-09-2026,METNO,MET Norway,14:00,2026-09-27 14:00:00,35.3,39.3,0.0,19.44,0.0,1.3947,Cerah Berawan,fair_day
arjawinangun,"Arjawinangun, Cirebon",2026-09-27,32.09.24.2004,Arjawinangun,kecamatan,no,-6.6453,108.4103,Asia/Jakarta,"BMKG point: Arjawinangun, Kecamatan Arjawinangun",27-09-2026,METNO,MET Norway,15:00,2026-09-27 15:00:00,34.1,35.4,0.0,22.32,0.0,1.3947,Cerah,clearsky_day
arjawinangun,"Arjawinangun, Cirebon",2026-09-27,32.09.24.2004,Arjawinangun,kecamatan,no,-6.6453,108.4103,Asia/Jakarta,"BMKG point: Arjawinangun, Kecamatan Arjawinangun",27-09-2026,METNO,MET Norway,16:00,2026-09-27 16:00:00,33.0,32.0,0.0,19.44,0.0,1.3947,Cerah,clearsky_day
arjawinangun,"Arjawinangun, Cirebon",2026-09-27,32.09.24.2004,Arjawinangun,kecamatan,no,-6.6453,108.4103,Asia/Jakarta,"BMKG point: Arjawinangun, Kecamatan Arjawinangun",27-09-2026,METNO,MET Norway,17:00,2026-09-27 17:00:00,31.4,43.8,0.0,14.76,0.0,1.3947,Cerah Berawan,fair_day
arjawinangun,"Arjawinangun, Cirebon",2026-09-27,32.09.24.2004,Arjawinangun,kecamatan,no,-6.6453,108.4103,Asia/Jakarta,"BMKG point: Arjawinangun, Kecamatan Arjawinangun",27-09-2026,METNO,MET Norway,18:00,2026-09-27 18:00:00,29.9,53.0,0.0,12.6,0.0,1.3947,Cerah Berawan,fair_night
arjawinangun,"Arjawinangun, Cirebon",2026-09-27,32.09.24.2004,Arjawinangun,kecamatan,no,-6.6453,108.4103,Asia/Jakarta,"BMKG point: Arjawinangun, Kecamatan Arjawinangun",27-09-2026,METNO,MET Norway,19:00,2026-09-27 19:00:00,29.4,55.9,0.0,10.44,0.0,1.3947,Cerah Berawan,fair_night
arjawinangun,"Arjawinangun, Cirebon",2026-09-27,32.09.24.2004,Arjawinangun,kecamatan,no,-6.6453,108.4103,Asia/Jakarta,"BMKG point: Arjawinangun, Kecamatan Arjawinangun",27-09-2026,METNO,MET Norway,20:00,2026-09-27 20:00:00,29.1,57.7,0.0,9.72,0.0,1.3947,Cerah,clearsky_night
arjawinangun,"Arjawinangun, Cirebon",2026-09-27,32.09.24.2004,Arjawinangun,kecamatan,no,-6.6453,108.4103,Asia/Jakarta,"BMKG point: Arjawinangun, Kecamatan Arjawinangun",27-09-2026,METNO,MET Norway,21:00,2026-09-27 21:00:00,28.6,60.9,0.0,10.08,0.0,1.3947,Cerah,clearsky_night
arjawinangun,"Arjawinangun, Cirebon",2026-09-27,32.09.24.2004,Arjawinangun,kecamatan,no,-6.6453,108.4103,Asia/Jakarta,"BMKG point: Arjawinangun, Kecamatan Arjawinangun",27-09-2026,METNO,MET Norway,22:00,2026-09-27 22:00:00,28.2,63.0,0.0,7.2,0.0,1.3947,Cerah,clearsky_night
arjawinangun,"Arjawinangun, Cirebon",2026-09-27,32.09.24.2004,Arjawinangun,kecamatan,no,-6.6453,108.4103,Asia/Jakarta,"BMKG point: Arjawinangun, Kecamatan Arjawinangun",27-09-2026,METNO,MET Norway,23:00,2026-09-27 23:00:00,28.0,63.5,0.0,6.84,0.0,1.3947,Cerah,clearsky_night
arjawinangun,"Arjawinangun, Cirebon",2026-09-27,32.09.24.2004,Arjawinangun,kecamatan,no,-6.6453,108.4103,Asia/Jakarta,"BMKG point: Arjawinangun, Kecamatan Arjawinangun",27-09-2026,UKMO,Open-Meteo / UK Met Office,00:00,2026-09-27 00:00:00,26.7,76.0,0.0,6.8,0.0,1.3307,Cerah,wmo:0
arjawinangun,"Arjawinangun, Cirebon",2026-09-27,32.09.24.2004,Arjawinangun,kecamatan,no,-6.6453,108.4103,Asia/Jakarta,"BMKG point: Arjawinangun, Kecamatan Arjawinangun",27-09-2026,UKMO,Open-Meteo / UK Met Office,01:00,2026-09-27 01:00:00,25.9,80.0,0.0,5.8,0.0,1.3307,Cerah,wmo:0
arjawinangun,"Arjawinangun, Cirebon",2026-09-27,32.09.24.2004,Arjawinangun,kecamatan,no,-6.6453,108.4103,Asia/Jakarta,"BMKG point: Arjawinangun, Kecamatan Arjawinangun",27-09-2026,UKMO,Open-Meteo / UK Met Office,02:00,2026-09-27 02:00:00,25.4,84.0,0.0,4.3,0.0,1.3307,Cerah,wmo:0
arjawinangun,"Arjawinangun, Cirebon",2026-09-27,32.09.24.2004,Arjawinangun,kecamatan,no,-6.6453,108.4103,Asia/Jakarta,"BMKG point: Arjawinangun, Kecamatan Arjawinangun",27-09-2026,UKMO,Open-Meteo / UK Met Office,03:00,2026-09-27 03:00:00,25.1,87.0,0.0,3.2,0.0,1.3307,Cerah,wmo:0
arjawinangun,"Arjawinangun, Cirebon",2026-09-27,32.09.24.2004,Arjawinangun,kecamatan,no,-6.6453,108.4103,Asia/Jakarta,"BMKG point: Arjawinangun, Kecamatan Arjawinangun",27-09-2026,UKMO,Open-Meteo / UK Met Office,04:00,2026-09-27 04:00:00,24.8,89.0,0.0,2.9,0.0,1.3307,Cerah,wmo:0
arjawinangun,"Arjawinangun, Cirebon",2026-09-27,32.09.24.2004,Arjawinangun,kecamatan,no,-6.6453,108.4103,Asia/Jakarta,"BMKG point: Arjawinangun, Kecamatan Arjawinangun",27-09-2026,UKMO,Open-Meteo / UK Met Office,05:00,2026-09-27 05:00:00,24.6,89.0,0.0,2.9,0.0,1.3307,Cerah Berawan,wmo:1
arjawinangun,"Arjawinangun, Cirebon",2026-09-27,32.09.24.2004,Arjawinangun,kecamatan,no,-6.6453,108.4103,Asia/Jakarta,"BMKG point: Arjawinangun, Kecamatan Arjawinangun",27-09-2026,UKMO,Open-Meteo / UK Met Office,06:00,2026-09-27 06:00:00,25.2,85.0,0.0,2.5,0.0,1.3307,Cerah,wmo:0
arjawinangun,"Arjawinangun, Cirebon",2026-09-27,32.09.24.2004,Arjawinangun,kecamatan,no,-6.6453,108.4103,Asia/Jakarta,"BMKG point: Arjawinangun, Kecamatan Arjawinangun",27-09-2026,UKMO,Open-Meteo / UK Met Office,07:00,2026-09-27 07:00:00,26.3,76.0,0.0,2.9,0.0,1.3307,Cerah,wmo:0
arjawinangun,"Arjawinangun, Cirebon",2026-09-27,32.09.24.2004,Arjawinangun,kecamatan,no,-6.6453,108.4103,Asia/Jakarta,"BMKG point: Arjawinangun, Kecamatan Arjawinangun",27-09-2026,UKMO,Open-Meteo / UK Met Office,08:00,2026-09-27 08:00:00,27.7,69.0,0.0,2.5,0.0,1.3307,Cerah,wmo:0
arjawinangun,"Arjawinangun, Cirebon",2026-09-27,32.09.24.2004,Arjawinangun,kecamatan,no,-6.6453,108.4103,Asia/Jakarta,"BMKG point: Arjawinangun, Kecamatan Arjawinangun",27-09-2026,UKMO,Open-Meteo / UK Met Office,09:00,2026-09-27 09:00:00,29.3,62.0,0.0,2.9,0.0,1.3307,Cerah,wmo:0
arjawinangun,"Arjawinangun, Cirebon",2026-09-27,32.09.24.2004,Arjawinangun,kecamatan,no,-6.6453,108.4103,Asia/Jakarta,"BMKG point: Arjawinangun, Kecamatan Arjawinangun",27-09-2026,UKMO,Open-Meteo / UK Met Office,10:00,2026-09-27 10:00:00,31.2,54.0,0.0,6.8,0.0,1.3307,Cerah,wmo:0
arjawinangun,"Arjawinangun, Cirebon",2026-09-27,32.09.24.2004,Arjawinangun,kecamatan,no,-6.6453,108.4103,Asia/Jakarta,"BMKG point: Arjawinangun, Kecamatan Arjawinangun",27-09-2026,UKMO,Open-Meteo / UK Met Office,11:00,2026-09-27 11:00:00,32.9,48.0,0.0,10.4,0.0,1.3307,Cerah,wmo:0
arjawinangun,"Arjawinangun, Cirebon",2026-09-27,32.09.24.2004,Arjawinangun,kecamatan,no,-6.6453,108.4103,Asia/Jakarta,"BMKG point: Arjawinangun, Kecamatan Arjawinangun",27-09-2026,UKMO,Open-Meteo / UK Met Office,12:00,2026-09-27 12:00:00,34.1,43.0,0.0,11.9,0.0,1.3307,Cerah,wmo:0
arjawinangun,"Arjawinangun, Cirebon",2026-09-27,32.09.24.2004,Arjawinangun,kecamatan,no,-6.6453,108.4103,Asia/Jakarta,"BMKG point: Arjawinangun, Kecamatan Arjawinangun",27-09-2026,UKMO,Open-Meteo / UK Met Office,13:00,2026-09-27 13:00:00,34.8,40.0,0.0,12.2,0.0,1.3307,Cerah Berawan,wmo:2
arjawinangun,"Arjawinangun, Cirebon",2026-09-27,32.09.24.2004,Arjawinangun,kecamatan,no,-6.6453,108.4103,Asia/Jakarta,"BMKG point: Arjawinangun, Kecamatan Arjawinangun",27-09-2026,UKMO,Open-Meteo / UK Met Office,14:00,2026-09-27 14:00:00,34.4,42.0,0.0,14.8,0.0,1.3307,Cerah Berawan,wmo:1
arjawinangun,"Arjawinangun, Cirebon",2026-09-27,32.09.24.2004,Arjawinangun,kecamatan,no,-6.6453,108.4103,Asia/Jakarta,"BMKG point: Arjawinangun, Kecamatan Arjawinangun",27-09-2026,UKMO,Open-Meteo / UK Met Office,15:00,2026-09-27 15:00:00,33.5,46.0,0.0,15.1,0.0,1.3307,Cerah Berawan,wmo:1
arjawinangun,"Arjawinangun, Cirebon",2026-09-27,32.09.24.2004,Arjawinangun,kecamatan,no,-6.6453,108.4103,Asia/Jakarta,"BMKG point: Arjawinangun, Kecamatan Arjawinangun",27-09-2026,UKMO,Open-Meteo / UK Met Office,16:00,2026-09-27 16:00:00,31.8,55.0,0.0,13.7,0.0,1.3307,Cerah,wmo:0
arjawinangun,"Arjawinangun, Cirebon",2026-09-27,32.09.24.2004,Arjawinangun,kecamatan,no,-6.6453,108.4103,Asia/Jakarta,"BMKG point: Arjawinangun, Kecamatan Arjawinangun",27-09-2026,UKMO,Open-Meteo / UK Met Office,17:00,2026-09-27 17:00:00,30.5,62.0,0.0,13.0,0.0,1.3307,Cerah,wmo:0
arjawinangun,"Arjawinangun, Cirebon",2026-09-27,32.09.24.2004,Arjawinangun,kecamatan,no,-6.6453,108.4103,Asia/Jakarta,"BMKG point: Arjawinangun, Kecamatan Arjawinangun",27-09-2026,UKMO,Open-Meteo / UK Met Office,18:00,2026-09-27 18:00:00,29.2,69.0,0.1,11.9,0.0,1.3307,Hujan Ringan,wmo:51
arjawinangun,"Arjawinangun, Cirebon",2026-09-27,32.09.24.2004,Arjawinangun,kecamatan,no,-6.6453,108.4103,Asia/Jakarta,"BMKG point: Arjawinangun, Kecamatan Arjawinangun",27-09-2026,UKMO,Open-Meteo / UK Met Office,19:00,2026-09-27 19:00:00,28.8,71.0,0.0,10.4,0.0,1.3307,Cerah Berawan,wmo:1
arjawinangun,"Arjawinangun, Cirebon",2026-09-27,32.09.24.2004,Arjawinangun,kecamatan,no,-6.6453,108.4103,Asia/Jakarta,"BMKG point: Arjawinangun, Kecamatan Arjawinangun",27-09-2026,UKMO,Open-Meteo / UK Met Office,20:00,2026-09-27 20:00:00,28.0,77.0,0.1,9.0,0.0,1.3307,Hujan Ringan,wmo:51
arjawinangun,"Arjawinangun, Cirebon",2026-09-27,32.09.24.2004,Arjawinangun,kecamatan,no,-6.6453,108.4103,Asia/Jakarta,"BMKG point: Arjawinangun, Kecamatan Arjawinangun",27-09-2026,UKMO,Open-Meteo / UK Met Office,21:00,2026-09-27 21:00:00,26.9,86.0,0.7,9.0,0.0,1.3307,Hujan Ringan,wmo:53
arjawinangun,"Arjawinangun, Cirebon",2026-09-27,32.09.24.2004,Arjawinangun,kecamatan,no,-6.6453,108.4103,Asia/Jakarta,"BMKG point: Arjawinangun, Kecamatan Arjawinangun",27-09-2026,UKMO,Open-Meteo / UK Met Office,22:00,2026-09-27 22:00:00,25.9,88.0,0.6,9.4,0.0,1.3307,Hujan Ringan,wmo:53
arjawinangun,"Arjawinangun, Cirebon",2026-09-27,32.09.24.2004,Arjawinangun,kecamatan,no,-6.6453,108.4103,Asia/Jakarta,"BMKG point: Arjawinangun, Kecamatan Arjawinangun",27-09-2026,UKMO,Open-Meteo / UK Met Office,23:00,2026-09-27 23:00:00,25.6,86.0,0.0,7.2,0.0,1.3307,Cerah,wmo:0
arjawinangun,"Arjawinangun, Cirebon",2026-09-28,32.09.24.2004,Arjawinangun,kecamatan,no,-6.6453,108.4103,Asia/Jakarta,"BMKG point: Arjawinangun, Kecamatan Arjawinangun",28-09-2026,BMKG,BMKG,00:00,2026-09-28 01:00:00,27.0,70.0,0.0,4.7,60.0,1.3315,Cerah,Cerah
arjawinangun,"Arjawinangun, Cirebon",2026-09-28,32.09.24.2004,Arjawinangun,kecamatan,no,-6.6453,108.4103,Asia/Jakarta,"BMKG point: Arjawinangun, Kecamatan Arjawinangun",28-09-2026,BMKG,BMKG,01:00,2026-09-28 01:00:00,27.0,70.0,0.0,4.7,0.0,1.7753,Cerah,Cerah
arjawinangun,"Arjawinangun, Cirebon",2026-09-28,32.09.24.2004,Arjawinangun,kecamatan,no,-6.6453,108.4103,Asia/Jakarta,"BMKG point: Arjawinangun, Kecamatan Arjawinangun",28-09-2026,BMKG,BMKG,02:00,2026-09-28 01:00:00,27.0,70.0,0.0,4.7,60.0,1.3315,Cerah,Cerah
arjawinangun,"Arjawinangun, Cirebon",2026-09-28,32.09.24.2004,Arjawinangun,kecamatan,no,-6.6453,108.4103,Asia/Jakarta,"BMKG point: Arjawinangun, Kecamatan Arjawinangun",28-09-2026,BMKG,BMKG,03:00,2026-09-28 04:00:00,26.0,74.0,0.0,1.8,60.0,1.3315,Cerah,Cerah
arjawinangun,"Arjawinangun, Cirebon",2026-09-28,32.09.24.2004,Arjawinangun,kecamatan,no,-6.6453,108.4103,Asia/Jakarta,"BMKG point: Arjawinangun, Kecamatan Arjawinangun",28-09-2026,BMKG,BMKG,04:00,2026-09-28 04:00:00,26.0,74.0,0.0,1.8,0.0,1.7753,Cerah,Cerah
arjawinangun,"Arjawinangun, Cirebon",2026-09-28,32.09.24.2004,Arjawinangun,kecamatan,no,-6.6453,108.4103,Asia/Jakarta,"BMKG point: Arjawinangun, Kecamatan Arjawinangun",28-09-2026,BMKG,BMKG,05:00,2026-09-28 04:00:00,26.0,74.0,0.0,1.8,60.0,1.3315,Cerah,Cerah
arjawinangun,"Arjawinangun, Cirebon",2026-09-28,32.09.24.2004,Arjawinangun,kecamatan,no,-6.6453,108.4103,Asia/Jakarta,"BMKG point: Arjawinangun, Kecamatan Arjawinangun",28-09-2026,BMKG,BMKG,06:00,2026-09-28 07:00:00,29.0,56.0,0.0,3.8,60.0,1.3315,Cerah,Cerah
arjawinangun,"Arjawinangun, Cirebon",2026-09-28,32.09.24.2004,Arjawinangun,kecamatan,no,-6.6453,108.4103,Asia/Jakarta,"BMKG point: Arjawinangun, Kecamatan Arjawinangun",28-09-2026,BMKG,BMKG,07:00,2026-09-28 07:00:00,29.0,56.0,0.0,3.8,0.0,1.7753,Cerah,Cerah
arjawinangun,"Arjawinangun, Cirebon",2026-09-28,32.09.24.2004,Arjawinangun,kecamatan,no,-6.6453,108.4103,Asia/Jakarta,"BMKG point: Arjawinangun, Kecamatan Arjawinangun",28-09-2026,BMKG,BMKG,08:00,2026-09-28 07:00:00,29.0,56.0,0.0,3.8,60.0,1.3315,Cerah,Cerah
arjawinangun,"Arjawinangun, Cirebon",2026-09-28,32.09.24.2004,Arjawinangun,kecamatan,no,-6.6453,108.4103,Asia/Jakarta,"BMKG point: Arjawinangun, Kecamatan Arjawinangun",28-09-2026,BMKG,BMKG,09:00,2026-09-28 10:00:00,35.0,41.0,0.0,7.8,60.0,1.3315,Cerah,Cerah
arjawinangun,"Arjawinangun, Cirebon",2026-09-28,32.09.24.2004,Arjawinangun,kecamatan,no,-6.6453,108.4103,Asia/Jakarta,"BMKG point: Arjawinangun, Kecamatan Arjawinangun",28-09-2026,BMKG,BMKG,10:00,2026-09-28 10:00:00,35.0,41.0,0.0,7.8,0.0,1.7753,Cerah,Cerah
arjawinangun,"Arjawinangun, Cirebon",2026-09-28,32.09.24.2004,Arjawinangun,kecamatan,no,-6.6453,108.4103,Asia/Jakarta,"BMKG point: Arjawinangun, Kecamatan Arjawinangun",28-09-2026,BMKG,BMKG,11:00,2026-09-28 10:00:00,35.0,41.0,0.0,7.8,60.0,1.3315,Cerah,Cerah
arjawinangun,"Arjawinangun, Cirebon",2026-09-28,32.09.24.2004,Arjawinangun,kecamatan,no,-6.6453,108.4103,Asia/Jakarta,"BMKG point: Arjawinangun, Kecamatan Arjawinangun",28-09-2026,BMKG,BMKG,12:00,2026-09-28 13:00:00,34.0,41.0,0.0,16.0,60.0,1.3315,Cerah,Cerah
arjawinangun,"Arjawinangun, Cirebon",2026-09-28,32.09.24.2004,Arjawinangun,kecamatan,no,-6.6453,108.4103,Asia/Jakarta,"BMKG point: Arjawinangun, Kecamatan Arjawinangun",28-09-2026,BMKG,BMKG,13:00,2026-09-28 13:00:00,34.0,41.0,0.0,16.0,0.0,1.7753,Cerah,Cerah
arjawinangun,"Arjawinangun, Cirebon",2026-09-28,32.09.24.2004,Arjawinangun,kecamatan,no,-6.6453,108.4103,Asia/Jakarta,"BMKG point: Arjawinangun, Kecamatan Arjawinangun",28-09-2026,BMKG,BMKG,14:00,2026-09-28 13:00:00,34.0,41.0,0.0,16.0,60.0,1.3315,Cerah,Cerah
arjawinangun,"Arjawinangun, Cirebon",2026-09-28,32.09.24.2004,Arjawinangun,kecamatan,no,-6.6453,108.4103,Asia/Jakarta,"BMKG point: Arjawinangun, Kecamatan Arjawinangun",28-09-2026,BMKG,BMKG,15:00,2026-09-28 16:00:00,31.0,54.0,0.0,17.2,60.0,1.3315,Cerah,Cerah
arjawinangun,"Arjawinangun, Cirebon",2026-09-28,32.09.24.2004,Arjawinangun,kecamatan,no,-6.6453,108.4103,Asia/Jakarta,"BMKG point: Arjawinangun, Kecamatan Arjawinangun",28-09-2026,BMKG,BMKG,16:00,2026-09-28 16:00:00,31.0,54.0,0.0,17.2,0.0,1.7753,Cerah,Cerah
arjawinangun,"Arjawinangun, Cirebon",2026-09-28,32.09.24.2004,Arjawinangun,kecamatan,no,-6.6453,108.4103,Asia/Jakarta,"BMKG point: Arjawinangun, Kecamatan Arjawinangun",28-09-2026,BMKG,BMKG,17:00,2026-09-28 16:00:00,31.0,54.0,0.0,17.2,60.0,1.3315,Cerah,Cerah
arjawinangun,"Arjawinangun, Cirebon",2026-09-28,32.09.24.2004,Arjawinangun,kecamatan,no,-6.6453,108.4103,Asia/Jakarta,"BMKG point: Arjawinangun, Kecamatan Arjawinangun",28-09-2026,BMKG,BMKG,18:00,2026-09-28 19:00:00,29.0,65.0,0.0,10.7,60.0,1.3315,Cerah,Cerah
arjawinangun,"Arjawinangun, Cirebon",2026-09-28,32.09.24.2004,Arjawinangun,kecamatan,no,-6.6453,108.4103,Asia/Jakarta,"BMKG point: Arjawinangun, Kecamatan Arjawinangun",28-09-2026,BMKG,BMKG,19:00,2026-09-28 19:00:00,29.0,65.0,0.0,10.7,0.0,1.7753,Cerah,Cerah
arjawinangun,"Arjawinangun, Cirebon",2026-09-28,32.09.24.2004,Arjawinangun,kecamatan,no,-6.6453,108.4103,Asia/Jakarta,"BMKG point: Arjawinangun, Kecamatan Arjawinangun",28-09-2026,BMKG,BMKG,20:00,2026-09-28 19:00:00,29.0,65.0,0.0,10.7,60.0,1.3315,Cerah,Cerah
arjawinangun,"Arjawinangun, Cirebon",2026-09-28,32.09.24.2004,Arjawinangun,kecamatan,no,-6.6453,108.4103,Asia/Jakarta,"BMKG point: Arjawinangun, Kecamatan Arjawinangun",28-09-2026,BMKG,BMKG,21:00,2026-09-28 22:00:00,27.0,73.0,0.0,3.2,60.0,1.3315,Cerah,Cerah
arjawinangun,"Arjawinangun, Cirebon",2026-09-28,32.09.24.2004,Arjawinangun,kecamatan,no,-6.6453,108.4103,Asia/Jakarta,"BMKG point: Arjawinangun, Kecamatan Arjawinangun",28-09-2026,BMKG,BMKG,22:00,2026-09-28 22:00:00,27.0,73.0,0.0,3.2,0.0,1.7753,Cerah,Cerah
arjawinangun,"Arjawinangun, Cirebon",2026-09-28,32.09.24.2004,Arjawinangun,kecamatan,no,-6.6453,108.4103,Asia/Jakarta,"BMKG point: Arjawinangun, Kecamatan Arjawinangun",28-09-2026,BMKG,BMKG,23:00,2026-09-28 22:00:00,27.0,73.0,0.0,3.2,60.0,1.3315,Cerah,Cerah
arjawinangun,"Arjawinangun, Cirebon",2026-09-28,32.09.24.2004,Arjawinangun,kecamatan,no,-6.6453,108.4103,Asia/Jakarta,"BMKG point: Arjawinangun, Kecamatan Arjawinangun",28-09-2026,CMA,Open-Meteo / CMA GRAPES,00:00,2026-09-28 00:00:00,26.0,90.0,0.0,7.2,0.0,1.1586,Cerah,wmo:0
arjawinangun,"Arjawinangun, Cirebon",2026-09-28,32.09.24.2004,Arjawinangun,kecamatan,no,-6.6453,108.4103,Asia/Jakarta,"BMKG point: Arjawinangun, Kecamatan Arjawinangun",28-09-2026,CMA,Open-Meteo / CMA GRAPES,01:00,2026-09-28 01:00:00,25.7,90.0,0.0,7.0,0.0,1.1586,Cerah,wmo:0
arjawinangun,"Arjawinangun, Cirebon",2026-09-28,32.09.24.2004,Arjawinangun,kecamatan,no,-6.6453,108.4103,Asia/Jakarta,"BMKG point: Arjawinangun, Kecamatan Arjawinangun",28-09-2026,CMA,Open-Meteo / CMA GRAPES,02:00,2026-09-28 02:00:00,25.3,90.0,0.0,7.3,0.0,1.1586,Cerah,wmo:0
arjawinangun,"Arjawinangun, Cirebon",2026-09-28,32.09.24.2004,Arjawinangun,kecamatan,no,-6.6453,108.4103,Asia/Jakarta,"BMKG point: Arjawinangun, Kecamatan Arjawinangun",28-09-2026,CMA,Open-Meteo / CMA GRAPES,03:00,2026-09-28 03:00:00,25.0,89.0,0.0,8.4,0.0,1.1586,Cerah,wmo:0
arjawinangun,"Arjawinangun, Cirebon",2026-09-28,32.09.24.2004,Arjawinangun,kecamatan,no,-6.6453,108.4103,Asia/Jakarta,"BMKG point: Arjawinangun, Kecamatan Arjawinangun",28-09-2026,CMA,Open-Meteo / CMA GRAPES,04:00,2026-09-28 04:00:00,24.8,88.0,0.0,9.1,0.0,1.1586,Cerah,wmo:0
arjawinangun,"Arjawinangun, Cirebon",2026-09-28,32.09.24.2004,Arjawinangun,kecamatan,no,-6.6453,108.4103,Asia/Jakarta,"BMKG point: Arjawinangun, Kecamatan Arjawinangun",28-09-2026,CMA,Open-Meteo / CMA GRAPES,05:00,2026-09-28 05:00:00,24.8,86.0,0.0,9.4,0.0,1.1586,Cerah,wmo:0
arjawinangun,"Arjawinangun, Cirebon",2026-09-28,32.09.24.2004,Arjawinangun,kecamatan,no,-6.6453,108.4103,Asia/Jakarta,"BMKG point: Arjawinangun, Kecamatan Arjawinangun",28-09-2026,CMA,Open-Meteo / CMA GRAPES,06:00,2026-09-28 06:00:00,25.0,84.0,0.0,9.8,0.0,1.1586,Cerah,wmo:0
arjawinangun,"Arjawinangun, Cirebon",2026-09-28,32.09.24.2004,Arjawinangun,kecamatan,no,-6.6453,108.4103,Asia/Jakarta,"BMKG point: Arjawinangun, Kecamatan Arjawinangun",28-09-2026,CMA,Open-Meteo / CMA GRAPES,07:00,2026-09-28 07:00:00,25.7,80.0,0.0,9.6,0.0,1.1586,Cerah,wmo:0
arjawinangun,"Arjawinangun, Cirebon",2026-09-28,32.09.24.2004,Arjawinangun,kecamatan,no,-6.6453,108.4103,Asia/Jakarta,"BMKG point: Arjawinangun, Kecamatan Arjawinangun",28-09-2026,CMA,Open-Meteo / CMA GRAPES,08:00,2026-09-28 08:00:00,27.1,72.0,0.0,9.2,0.0,1.1586,Cerah,wmo:0
arjawinangun,"Arjawinangun, Cirebon",2026-09-28,32.09.24.2004,Arjawinangun,kecamatan,no,-6.6453,108.4103,Asia/Jakarta,"BMKG point: Arjawinangun, Kecamatan Arjawinangun",28-09-2026,CMA,Open-Meteo / CMA GRAPES,09:00,2026-09-28 09:00:00,29.0,62.0,0.0,8.6,0.0,1.1586,Cerah,wmo:0
arjawinangun,"Arjawinangun, Cirebon",2026-09-28,32.09.24.2004,Arjawinangun,kecamatan,no,-6.6453,108.4103,Asia/Jakarta,"BMKG point: Arjawinangun, Kecamatan Arjawinangun",28-09-2026,CMA,Open-Meteo / CMA GRAPES,10:00,2026-09-28 10:00:00,30.7,54.0,0.0,8.4,0.0,1.1586,Cerah,wmo:0
arjawinangun,"Arjawinangun, Cirebon",2026-09-28,32.09.24.2004,Arjawinangun,kecamatan,no,-6.6453,108.4103,Asia/Jakarta,"BMKG point: Arjawinangun, Kecamatan Arjawinangun",28-09-2026,CMA,Open-Meteo / CMA GRAPES,11:00,2026-09-28 11:00:00,32.1,48.0,0.0,8.3,0.0,1.1586,Cerah,wmo:0
arjawinangun,"Arjawinangun, Cirebon",2026-09-28,32.09.24.2004,Arjawinangun,kecamatan,no,-6.6453,108.4103,Asia/Jakarta,"BMKG point: Arjawinangun, Kecamatan Arjawinangun",28-09-2026,CMA,Open-Meteo / CMA GRAPES,12:00,2026-09-28 12:00:00,33.3,43.0,0.0,8.6,0.0,1.1586,Cerah,wmo:0
arjawinangun,"Arjawinangun, Cirebon",2026-09-28,32.09.24.2004,Arjawinangun,kecamatan,no,-6.6453,108.4103,Asia/Jakarta,"BMKG point: Arjawinangun, Kecamatan Arjawinangun",28-09-2026,CMA,Open-Meteo / CMA GRAPES,13:00,2026-09-28 13:00:00,33.8,42.0,0.0,9.8,0.0,1.1586,Cerah,wmo:0
arjawinangun,"Arjawinangun, Cirebon",2026-09-28,32.09.24.2004,Arjawinangun,kecamatan,no,-6.6453,108.4103,Asia/Jakarta,"BMKG point: Arjawinangun, Kecamatan Arjawinangun",28-09-2026,CMA,Open-Meteo / CMA GRAPES,14:00,2026-09-28 14:00:00,33.2,47.0,0.0,13.4,0.0,1.1586,Cerah,wmo:0
arjawinangun,"Arjawinangun, Cirebon",2026-09-28,32.09.24.2004,Arjawinangun,kecamatan,no,-6.6453,108.4103,Asia/Jakarta,"BMKG point: Arjawinangun, Kecamatan Arjawinangun",28-09-2026,CMA,Open-Meteo / CMA GRAPES,15:00,2026-09-28 15:00:00,32.0,56.0,0.0,17.7,0.0,1.1586,Cerah,wmo:0
arjawinangun,"Arjawinangun, Cirebon",2026-09-28,32.09.24.2004,Arjawinangun,kecamatan,no,-6.6453,108.4103,Asia/Jakarta,"BMKG point: Arjawinangun, Kecamatan Arjawinangun",28-09-2026,CMA,Open-Meteo / CMA GRAPES,16:00,2026-09-28 16:00:00,30.8,64.0,0.0,20.0,0.0,1.1586,Cerah,wmo:0
arjawinangun,"Arjawinangun, Cirebon",2026-09-28,32.09.24.2004,Arjawinangun,kecamatan,no,-6.6453,108.4103,Asia/Jakarta,"BMKG point: Arjawinangun, Kecamatan Arjawinangun",28-09-2026,CMA,Open-Meteo / CMA GRAPES,17:00,2026-09-28 17:00:00,29.6,70.0,0.0,17.5,0.0,1.1586,Cerah,wmo:0
arjawinangun,"Arjawinangun, Cirebon",2026-09-28,32.09.24.2004,Arjawinangun,kecamatan,no,-6.6453,108.4103,Asia/Jakarta,"BMKG point: Arjawinangun, Kecamatan Arjawinangun",28-09-2026,CMA,Open-Meteo / CMA GRAPES,18:00,2026-09-28 18:00:00,28.5,75.0,0.0,13.3,0.0,1.1586,Cerah,wmo:0
arjawinangun,"Arjawinangun, Cirebon",2026-09-28,32.09.24.2004,Arjawinangun,kecamatan,no,-6.6453,108.4103,Asia/Jakarta,"BMKG point: Arjawinangun, Kecamatan Arjawinangun",28-09-2026,CMA,Open-Meteo / CMA GRAPES,19:00,2026-09-28 19:00:00,27.5,79.0,0.0,9.8,0.0,1.1586,Cerah,wmo:0
arjawinangun,"Arjawinangun, Cirebon",2026-09-28,32.09.24.2004,Arjawinangun,kecamatan,no,-6.6453,108.4103,Asia/Jakarta,"BMKG point: Arjawinangun, Kecamatan Arjawinangun",28-09-2026,CMA,Open-Meteo / CMA GRAPES,20:00,2026-09-28 20:00:00,27.0,83.0,0.0,7.6,0.0,1.1586,Cerah,wmo:0
arjawinangun,"Arjawinangun, Cirebon",2026-09-28,32.09.24.2004,Arjawinangun,kecamatan,no,-6.6453,108.4103,Asia/Jakarta,"BMKG point: Arjawinangun, Kecamatan Arjawinangun",28-09-2026,CMA,Open-Meteo / CMA GRAPES,21:00,2026-09-28 21:00:00,26.6,86.0,0.0,6.4,0.0,1.1586,Cerah,wmo:0
arjawinangun,"Arjawinangun, Cirebon",2026-09-28,32.09.24.2004,Arjawinangun,kecamatan,no,-6.6453,108.4103,Asia/Jakarta,"BMKG point: Arjawinangun, Kecamatan Arjawinangun",28-09-2026,CMA,Open-Meteo / CMA GRAPES,22:00,2026-09-28 22:00:00,26.3,88.0,0.0,6.0,0.0,1.1586,Cerah,wmo:0
arjawinangun,"Arjawinangun, Cirebon",2026-09-28,32.09.24.2004,Arjawinangun,kecamatan,no,-6.6453,108.4103,Asia/Jakarta,"BMKG point: Arjawinangun, Kecamatan Arjawinangun",28-09-2026,CMA,Open-Meteo / CMA GRAPES,23:00,2026-09-28 23:00:00,26.0,88.0,0.0,6.2,0.0,1.1586,Cerah,wmo:0
arjawinangun,"Arjawinangun, Cirebon",2026-09-28,32.09.24.2004,Arjawinangun,kecamatan,no,-6.6453,108.4103,Asia/Jakarta,"BMKG point: Arjawinangun, Kecamatan Arjawinangun",28-09-2026,ECMWF,Open-Meteo / ECMWF,00:00,2026-09-28 00:00:00,25.8,92.0,0.2,2.5,0.0,1.7021,Hujan Ringan,wmo:51
arjawinangun,"Arjawinangun, Cirebon",2026-09-28,32.09.24.2004,Arjawinangun,kecamatan,no,-6.6453,108.4103,Asia/Jakarta,"BMKG point: Arjawinangun, Kecamatan Arjawinangun",28-09-2026,ECMWF,Open-Meteo / ECMWF,01:00,2026-09-28 01:00:00,25.7,92.0,0.2,2.1,0.0,1.7021,Hujan Ringan,wmo:51
arjawinangun,"Arjawinangun, Cirebon",2026-09-28,32.09.24.2004,Arjawinangun,kecamatan,no,-6.6453,108.4103,Asia/Jakarta,"BMKG point: Arjawinangun, Kecamatan Arjawinangun",28-09-2026,ECMWF,Open-Meteo / ECMWF,02:00,2026-09-28 02:00:00,25.5,92.0,0.0,2.0,0.0,1.7021,Berawan,wmo:3
arjawinangun,"Arjawinangun, Cirebon",2026-09-28,32.09.24.2004,Arjawinangun,kecamatan,no,-6.6453,108.4103,Asia/Jakarta,"BMKG point: Arjawinangun, Kecamatan Arjawinangun",28-09-2026,ECMWF,Open-Meteo / ECMWF,03:00,2026-09-28 03:00:00,25.4,90.0,0.0,2.5,0.0,1.7021,Berawan,wmo:3
arjawinangun,"Arjawinangun, Cirebon",2026-09-28,32.09.24.2004,Arjawinangun,kecamatan,no,-6.6453,108.4103,Asia/Jakarta,"BMKG point: Arjawinangun, Kecamatan Arjawinangun",28-09-2026,ECMWF,Open-Meteo / ECMWF,04:00,2026-09-28 04:00:00,25.4,89.0,0.0,2.5,0.0,1.7021,Cerah Berawan,wmo:2
arjawinangun,"Arjawinangun, Cirebon",2026-09-28,32.09.24.2004,Arjawinangun,kecamatan,no,-6.6453,108.4103,Asia/Jakarta,"BMKG point: Arjawinangun, Kecamatan Arjawinangun",28-09-2026,ECMWF,Open-Meteo / ECMWF,05:00,2026-09-28 05:00:00,25.5,88.0,0.0,2.6,0.0,1.7021,Cerah Berawan,wmo:2
arjawinangun,"Arjawinangun, Cirebon",2026-09-28,32.09.24.2004,Arjawinangun,kecamatan,no,-6.6453,108.4103,Asia/Jakarta,"BMKG point: Arjawinangun, Kecamatan Arjawinangun",28-09-2026,ECMWF,Open-Meteo / ECMWF,06:00,2026-09-28 06:00:00,25.9,87.0,0.0,2.6,0.0,1.7021,Cerah Berawan,wmo:1
arjawinangun,"Arjawinangun, Cirebon",2026-09-28,32.09.24.2004,Arjawinangun,kecamatan,no,-6.6453,108.4103,Asia/Jakarta,"BMKG point: Arjawinangun, Kecamatan Arjawinangun",28-09-2026,ECMWF,Open-Meteo / ECMWF,07:00,2026-09-28 07:00:00,26.7,83.0,0.0,3.1,0.0,1.7021,Cerah,wmo:0
arjawinangun,"Arjawinangun, Cirebon",2026-09-28,32.09.24.2004,Arjawinangun,kecamatan,no,-6.6453,108.4103,Asia/Jakarta,"BMKG point: Arjawinangun, Kecamatan Arjawinangun",28-09-2026,ECMWF,Open-Meteo / ECMWF,08:00,2026-09-28 08:00:00,28.5,74.0,0.0,4.8,0.0,1.7021,Cerah,wmo:0
arjawinangun,"Arjawinangun, Cirebon",2026-09-28,32.09.24.2004,Arjawinangun,kecamatan,no,-6.6453,108.4103,Asia/Jakarta,"BMKG point: Arjawinangun, Kecamatan Arjawinangun",28-09-2026,ECMWF,Open-Meteo / ECMWF,09:00,2026-09-28 09:00:00,30.8,62.0,0.0,8.0,0.0,1.7021,Cerah,wmo:0
arjawinangun,"Arjawinangun, Cirebon",2026-09-28,32.09.24.2004,Arjawinangun,kecamatan,no,-6.6453,108.4103,Asia/Jakarta,"BMKG point: Arjawinangun, Kecamatan Arjawinangun",28-09-2026,ECMWF,Open-Meteo / ECMWF,10:00,2026-09-28 10:00:00,32.4,53.0,0.0,10.8,0.0,1.7021,Cerah,wmo:0
arjawinangun,"Arjawinangun, Cirebon",2026-09-28,32.09.24.2004,Arjawinangun,kecamatan,no,-6.6453,108.4103,Asia/Jakarta,"BMKG point: Arjawinangun, Kecamatan Arjawinangun",28-09-2026,ECMWF,Open-Meteo / ECMWF,11:00,2026-09-28 11:00:00,32.9,51.0,0.1,12.6,0.0,1.7021,Hujan Ringan,wmo:51
arjawinangun,"Arjawinangun, Cirebon",2026-09-28,32.09.24.2004,Arjawinangun,kecamatan,no,-6.6453,108.4103,Asia/Jakarta,"BMKG point: Arjawinangun, Kecamatan Arjawinangun",28-09-2026,ECMWF,Open-Meteo / ECMWF,12:00,2026-09-28 12:00:00,32.7,53.0,0.1,15.6,0.0,1.7021,Hujan Ringan,wmo:51
arjawinangun,"Arjawinangun, Cirebon",2026-09-28,32.09.24.2004,Arjawinangun,kecamatan,no,-6.6453,108.4103,Asia/Jakarta,"BMKG point: Arjawinangun, Kecamatan Arjawinangun",28-09-2026,ECMWF,Open-Meteo / ECMWF,13:00,2026-09-28 13:00:00,32.3,55.0,0.1,17.4,0.0,1.7021,Hujan Ringan,wmo:51
arjawinangun,"Arjawinangun, Cirebon",2026-09-28,32.09.24.2004,Arjawinangun,kecamatan,no,-6.6453,108.4103,Asia/Jakarta,"BMKG point: Arjawinangun, Kecamatan Arjawinangun",28-09-2026,ECMWF,Open-Meteo / ECMWF,14:00,2026-09-28 14:00:00,31.7,58.0,0.6,16.4,0.0,1.7021,Hujan Ringan,wmo:53
arjawinangun,"Arjawinangun, Cirebon",2026-09-28,32.09.24.2004,Arjawinangun,kecamatan,no,-6.6453,108.4103,Asia/Jakarta,"BMKG point: Arjawinangun, Kecamatan Arjawinangun",28-09-2026,ECMWF,Open-Meteo / ECMWF,15:00,2026-09-28 15:00:00,30.8,61.0,0.6,14.1,0.0,1.7021,Hujan Ringan,wmo:53
arjawinangun,"Arjawinangun, Cirebon",2026-09-28,32.09.24.2004,Arjawinangun,kecamatan,no,-6.6453,108.4103,Asia/Jakarta,"BMKG point: Arjawinangun, Kecamatan Arjawinangun",28-09-2026,ECMWF,Open-Meteo / ECMWF,16:00,2026-09-28 16:00:00,29.9,65.0,0.6,12.1,0.0,1.7021,Hujan Ringan,wmo:53
arjawinangun,"Arjawinangun, Cirebon",2026-09-28,32.09.24.2004,Arjawinangun,kecamatan,no,-6.6453,108.4103,Asia/Jakarta,"BMKG point: Arjawinangun, Kecamatan Arjawinangun",28-09-2026,ECMWF,Open-Meteo / ECMWF,17:00,2026-09-28 17:00:00,29.1,69.0,0.0,10.9,0.0,1.7021,Cerah,wmo:0
arjawinangun,"Arjawinangun, Cirebon",2026-09-28,32.09.24.2004,Arjawinangun,kecamatan,no,-6.6453,108.4103,Asia/Jakarta,"BMKG point: Arjawinangun, Kecamatan Arjawinangun",28-09-2026,ECMWF,Open-Meteo / ECMWF,18:00,2026-09-28 18:00:00,28.3,73.0,0.0,9.7,0.0,1.7021,Cerah,wmo:0
arjawinangun,"Arjawinangun, Cirebon",2026-09-28,32.09.24.2004,Arjawinangun,kecamatan,no,-6.6453,108.4103,Asia/Jakarta,"BMKG point: Arjawinangun, Kecamatan Arjawinangun",28-09-2026,ECMWF,Open-Meteo / ECMWF,19:00,2026-09-28 19:00:00,27.7,76.0,0.0,8.7,0.0,1.7021,Cerah,wmo:0
arjawinangun,"Arjawinangun, Cirebon",2026-09-28,32.09.24.2004,Arjawinangun,kecamatan,no,-6.6453,108.4103,Asia/Jakarta,"BMKG point: Arjawinangun, Kecamatan Arjawinangun",28-09-2026,ECMWF,Open-Meteo / ECMWF,20:00,2026-09-28 20:00:00,27.3,78.0,0.0,7.9,0.0,1.7021,Cerah,wmo:0
arjawinangun,"Arjawinangun, Cirebon",2026-09-28,32.09.24.2004,Arjawinangun,kecamatan,no,-6.6453,108.4103,Asia/Jakarta,"BMKG point: Arjawinangun, Kecamatan Arjawinangun",28-09-2026,ECMWF,Open-Meteo / ECMWF,21:00,2026-09-28 21:00:00,27.0,79.0,0.0,7.1,0.0,1.7021,Cerah,wmo:0
arjawinangun,"Arjawinangun, Cirebon",2026-09-28,32.09.24.2004,Arjawinangun,kecamatan,no,-6.6453,108.4103,Asia/Jakarta,"BMKG point: Arjawinangun, Kecamatan Arjawinangun",28-09-2026,ECMWF,Open-Meteo / ECMWF,22:00,2026-09-28 22:00:00,26.7,80.0,0.0,6.0,0.0,1.7021,Cerah,wmo:0
arjawinangun,"Arjawinangun, Cirebon",2026-09-28,32.09.24.2004,Arjawinangun,kecamatan,no,-6.6453,108.4103,Asia/Jakarta,"BMKG point: Arjawinangun, Kecamatan Arjawinangun",28-09-2026,ECMWF,Open-Meteo / ECMWF,23:00,2026-09-28 23:00:00,26.2,82.0,0.0,4.6,0.0,1.7021,Cerah,wmo:0
arjawinangun,"Arjawinangun, Cirebon",2026-09-28,32.09.24.2004,Arjawinangun,kecamatan,no,-6.6453,108.4103,Asia/Jakarta,"BMKG point: Arjawinangun, Kecamatan Arjawinangun",28-09-2026,GFS,Open-Meteo / NOAA GFS,00:00,2026-09-28 00:00:00,26.0,75.0,0.1,3.5,0.0,1.4105,Hujan Ringan,wmo:51
arjawinangun,"Arjawinangun, Cirebon",2026-09-28,32.09.24.2004,Arjawinangun,kecamatan,no,-6.6453,108.4103,Asia/Jakarta,"BMKG point: Arjawinangun, Kecamatan Arjawinangun",28-09-2026,GFS,Open-Meteo / NOAA GFS,01:00,2026-09-28 01:00:00,25.5,78.0,0.4,5.6,0.0,1.4105,Hujan Ringan,wmo:51
arjawinangun,"Arjawinangun, Cirebon",2026-09-28,32.09.24.2004,Arjawinangun,kecamatan,no,-6.6453,108.4103,Asia/Jakarta,"BMKG point: Arjawinangun, Kecamatan Arjawinangun",28-09-2026,GFS,Open-Meteo / NOAA GFS,02:00,2026-09-28 02:00:00,25.0,80.0,0.2,4.1,0.0,1.4105,Hujan Ringan,wmo:51
arjawinangun,"Arjawinangun, Cirebon",2026-09-28,32.09.24.2004,Arjawinangun,kecamatan,no,-6.6453,108.4103,Asia/Jakarta,"BMKG point: Arjawinangun, Kecamatan Arjawinangun",28-09-2026,GFS,Open-Meteo / NOAA GFS,03:00,2026-09-28 03:00:00,24.9,81.0,0.1,2.6,0.0,1.4105,Hujan Ringan,wmo:51
arjawinangun,"Arjawinangun, Cirebon",2026-09-28,32.09.24.2004,Arjawinangun,kecamatan,no,-6.6453,108.4103,Asia/Jakarta,"BMKG point: Arjawinangun, Kecamatan Arjawinangun",28-09-2026,GFS,Open-Meteo / NOAA GFS,04:00,2026-09-28 04:00:00,24.4,83.0,0.4,0.4,0.0,1.4105,Hujan Ringan,wmo:51
arjawinangun,"Arjawinangun, Cirebon",2026-09-28,32.09.24.2004,Arjawinangun,kecamatan,no,-6.6453,108.4103,Asia/Jakarta,"BMKG point: Arjawinangun, Kecamatan Arjawinangun",28-09-2026,GFS,Open-Meteo / NOAA GFS,05:00,2026-09-28 05:00:00,24.3,84.0,0.4,3.3,0.0,1.4105,Hujan Ringan,wmo:51
arjawinangun,"Arjawinangun, Cirebon",2026-09-28,32.09.24.2004,Arjawinangun,kecamatan,no,-6.6453,108.4103,Asia/Jakarta,"BMKG point: Arjawinangun, Kecamatan Arjawinangun",28-09-2026,GFS,Open-Meteo / NOAA GFS,06:00,2026-09-28 06:00:00,24.8,81.0,0.1,4.6,0.0,1.4105,Hujan Ringan,wmo:51
arjawinangun,"Arjawinangun, Cirebon",2026-09-28,32.09.24.2004,Arjawinangun,kecamatan,no,-6.6453,108.4103,Asia/Jakarta,"BMKG point: Arjawinangun, Kecamatan Arjawinangun",28-09-2026,GFS,Open-Meteo / NOAA GFS,07:00,2026-09-28 07:00:00,26.9,72.0,0.0,5.8,0.0,1.4105,Berawan,wmo:3
arjawinangun,"Arjawinangun, Cirebon",2026-09-28,32.09.24.2004,Arjawinangun,kecamatan,no,-6.6453,108.4103,Asia/Jakarta,"BMKG point: Arjawinangun, Kecamatan Arjawinangun",28-09-2026,GFS,Open-Meteo / NOAA GFS,08:00,2026-09-28 08:00:00,29.0,63.0,0.0,4.8,0.0,1.4105,Berawan,wmo:3
arjawinangun,"Arjawinangun, Cirebon",2026-09-28,32.09.24.2004,Arjawinangun,kecamatan,no,-6.6453,108.4103,Asia/Jakarta,"BMKG point: Arjawinangun, Kecamatan Arjawinangun",28-09-2026,GFS,Open-Meteo / NOAA GFS,09:00,2026-09-28 09:00:00,31.5,52.0,0.0,1.5,0.0,1.4105,Cerah Berawan,wmo:2
arjawinangun,"Arjawinangun, Cirebon",2026-09-28,32.09.24.2004,Arjawinangun,kecamatan,no,-6.6453,108.4103,Asia/Jakarta,"BMKG point: Arjawinangun, Kecamatan Arjawinangun",28-09-2026,GFS,Open-Meteo / NOAA GFS,10:00,2026-09-28 10:00:00,33.7,42.0,0.0,5.1,0.0,1.4105,Cerah Berawan,wmo:1
arjawinangun,"Arjawinangun, Cirebon",2026-09-28,32.09.24.2004,Arjawinangun,kecamatan,no,-6.6453,108.4103,Asia/Jakarta,"BMKG point: Arjawinangun, Kecamatan Arjawinangun",28-09-2026,GFS,Open-Meteo / NOAA GFS,11:00,2026-09-28 11:00:00,34.9,37.0,0.0,12.0,0.0,1.4105,Cerah Berawan,wmo:1
arjawinangun,"Arjawinangun, Cirebon",2026-09-28,32.09.24.2004,Arjawinangun,kecamatan,no,-6.6453,108.4103,Asia/Jakarta,"BMKG point: Arjawinangun, Kecamatan Arjawinangun",28-09-2026,GFS,Open-Meteo / NOAA GFS,12:00,2026-09-28 12:00:00,35.5,35.0,0.0,14.8,0.0,1.4105,Berawan,wmo:3
arjawinangun,"Arjawinangun, Cirebon",2026-09-28,32.09.24.2004,Arjawinangun,kecamatan,no,-6.6453,108.4103,Asia/Jakarta,"BMKG point: Arjawinangun, Kecamatan Arjawinangun",28-09-2026,GFS,Open-Meteo / NOAA GFS,13:00,2026-09-28 13:00:00,35.3,36.0,0.0,16.8,0.0,1.4105,Berawan,wmo:3
arjawinangun,"Arjawinangun, Cirebon",2026-09-28,32.09.24.2004,Arjawinangun,kecamatan,no,-6.6453,108.4103,Asia/Jakarta,"BMKG point: Arjawinangun, Kecamatan Arjawinangun",28-09-2026,GFS,Open-Meteo / NOAA GFS,14:00,2026-09-28 14:00:00,34.2,39.0,0.0,16.6,0.0,1.4105,Berawan,wmo:3
arjawinangun,"Arjawinangun, Cirebon",2026-09-28,32.09.24.2004,Arjawinangun,kecamatan,no,-6.6453,108.4103,Asia/Jakarta,"BMKG point: Arjawinangun, Kecamatan Arjawinangun",28-09-2026,GFS,Open-Meteo / NOAA GFS,15:00,2026-09-28 15:00:00,32.8,44.0,0.0,17.2,0.0,1.4105,Berawan,wmo:3
arjawinangun,"Arjawinangun, Cirebon",2026-09-28,32.09.24.2004,Arjawinangun,kecamatan,no,-6.6453,108.4103,Asia/Jakarta,"BMKG point: Arjawinangun, Kecamatan Arjawinangun",28-09-2026,GFS,Open-Meteo / NOAA GFS,16:00,2026-09-28 16:00:00,31.5,51.0,0.0,19.6,0.0,1.4105,Berawan,wmo:3
arjawinangun,"Arjawinangun, Cirebon",2026-09-28,32.09.24.2004,Arjawinangun,kecamatan,no,-6.6453,108.4103,Asia/Jakarta,"BMKG point: Arjawinangun, Kecamatan Arjawinangun",28-09-2026,GFS,Open-Meteo / NOAA GFS,17:00,2026-09-28 17:00:00,30.2,56.0,0.0,15.3,0.0,1.4105,Berawan,wmo:3
arjawinangun,"Arjawinangun, Cirebon",2026-09-28,32.09.24.2004,Arjawinangun,kecamatan,no,-6.6453,108.4103,Asia/Jakarta,"BMKG point: Arjawinangun, Kecamatan Arjawinangun",28-09-2026,GFS,Open-Meteo / NOAA GFS,18:00,2026-09-28 18:00:00,28.6,65.0,0.0,13.3,0.0,1.4105,Berawan,wmo:3
arjawinangun,"Arjawinangun, Cirebon",2026-09-28,32.09.24.2004,Arjawinangun,kecamatan,no,-6.6453,108.4103,Asia/Jakarta,"BMKG point: Arjawinangun, Kecamatan Arjawinangun",28-09-2026,GFS,Open-Meteo / NOAA GFS,19:00,2026-09-28 19:00:00,27.8,70.0,0.0,10.6,0.0,1.4105,Berawan,wmo:3
arjawinangun,"Arjawinangun, Cirebon",2026-09-28,32.09.24.2004,Arjawinangun,kecamatan,no,-6.6453,108.4103,Asia/Jakarta,"BMKG point: Arjawinangun, Kecamatan Arjawinangun",28-09-2026,GFS,Open-Meteo / NOAA GFS,20:00,2026-09-28 20:00:00,27.2,73.0,0.5,10.0,0.0,1.4105,Hujan Ringan,wmo:53
arjawinangun,"Arjawinangun, Cirebon",2026-09-28,32.09.24.2004,Arjawinangun,kecamatan,no,-6.6453,108.4103,Asia/Jakarta,"BMKG point: Arjawinangun, Kecamatan Arjawinangun",28-09-2026,GFS,Open-Meteo / NOAA GFS,21:00,2026-09-28 21:00:00,27.0,74.0,0.1,10.4,0.0,1.4105,Hujan Ringan,wmo:51
arjawinangun,"Arjawinangun, Cirebon",2026-09-28,32.09.24.2004,Arjawinangun,kecamatan,no,-6.6453,108.4103,Asia/Jakarta,"BMKG point: Arjawinangun, Kecamatan Arjawinangun",28-09-2026,GFS,Open-Meteo / NOAA GFS,22:00,2026-09-28 22:00:00,26.8,74.0,0.0,7.7,0.0,1.4105,Berawan,wmo:3
arjawinangun,"Arjawinangun, Cirebon",2026-09-28,32.09.24.2004,Arjawinangun,kecamatan,no,-6.6453,108.4103,Asia/Jakarta,"BMKG point: Arjawinangun, Kecamatan Arjawinangun",28-09-2026,GFS,Open-Meteo / NOAA GFS,23:00,2026-09-28 23:00:00,26.5,74.0,0.0,5.7,0.0,1.4105,Cerah Berawan,wmo:2
arjawinangun,"Arjawinangun, Cirebon",2026-09-28,32.09.24.2004,Arjawinangun,kecamatan,no,-6.6453,108.4103,Asia/Jakarta,"BMKG point: Arjawinangun, Kecamatan Arjawinangun",28-09-2026,ICON,Open-Meteo / DWD ICON,00:00,2026-09-28 00:00:00,26.6,80.0,0.0,1.1,0.0,1.4775,Cerah Berawan,wmo:2
arjawinangun,"Arjawinangun, Cirebon",2026-09-28,32.09.24.2004,Arjawinangun,kecamatan,no,-6.6453,108.4103,Asia/Jakarta,"BMKG point: Arjawinangun, Kecamatan Arjawinangun",28-09-2026,ICON,Open-Meteo / DWD ICON,01:00,2026-09-28 01:00:00,26.2,82.0,0.0,2.9,0.0,1.4775,Cerah Berawan,wmo:2
arjawinangun,"Arjawinangun, Cirebon",2026-09-28,32.09.24.2004,Arjawinangun,kecamatan,no,-6.6453,108.4103,Asia/Jakarta,"BMKG point: Arjawinangun, Kecamatan Arjawinangun",28-09-2026,ICON,Open-Meteo / DWD ICON,02:00,2026-09-28 02:00:00,26.1,82.0,0.0,5.8,0.0,1.4775,Cerah Berawan,wmo:2
arjawinangun,"Arjawinangun, Cirebon",2026-09-28,32.09.24.2004,Arjawinangun,kecamatan,no,-6.6453,108.4103,Asia/Jakarta,"BMKG point: Arjawinangun, Kecamatan Arjawinangun",28-09-2026,ICON,Open-Meteo / DWD ICON,03:00,2026-09-28 03:00:00,26.0,77.0,0.0,7.1,0.0,1.4775,Cerah Berawan,wmo:2
arjawinangun,"Arjawinangun, Cirebon",2026-09-28,32.09.24.2004,Arjawinangun,kecamatan,no,-6.6453,108.4103,Asia/Jakarta,"BMKG point: Arjawinangun, Kecamatan Arjawinangun",28-09-2026,ICON,Open-Meteo / DWD ICON,04:00,2026-09-28 04:00:00,25.7,76.0,0.0,5.0,0.0,1.4775,Cerah Berawan,wmo:2
arjawinangun,"Arjawinangun, Cirebon",2026-09-28,32.09.24.2004,Arjawinangun,kecamatan,no,-6.6453,108.4103,Asia/Jakarta,"BMKG point: Arjawinangun, Kecamatan Arjawinangun",28-09-2026,ICON,Open-Meteo / DWD ICON,05:00,2026-09-28 05:00:00,25.6,76.0,0.0,2.7,0.0,1.4775,Cerah Berawan,wmo:2
arjawinangun,"Arjawinangun, Cirebon",2026-09-28,32.09.24.2004,Arjawinangun,kecamatan,no,-6.6453,108.4103,Asia/Jakarta,"BMKG point: Arjawinangun, Kecamatan Arjawinangun",28-09-2026,ICON,Open-Meteo / DWD ICON,06:00,2026-09-28 06:00:00,25.7,77.0,0.0,1.9,0.0,1.4775,Cerah Berawan,wmo:2
arjawinangun,"Arjawinangun, Cirebon",2026-09-28,32.09.24.2004,Arjawinangun,kecamatan,no,-6.6453,108.4103,Asia/Jakarta,"BMKG point: Arjawinangun, Kecamatan Arjawinangun",28-09-2026,ICON,Open-Meteo / DWD ICON,07:00,2026-09-28 07:00:00,26.9,75.0,0.0,3.1,0.0,1.4775,Cerah Berawan,wmo:2
arjawinangun,"Arjawinangun, Cirebon",2026-09-28,32.09.24.2004,Arjawinangun,kecamatan,no,-6.6453,108.4103,Asia/Jakarta,"BMKG point: Arjawinangun, Kecamatan Arjawinangun",28-09-2026,ICON,Open-Meteo / DWD ICON,08:00,2026-09-28 08:00:00,29.2,65.0,0.0,5.4,0.0,1.4775,Cerah Berawan,wmo:2
arjawinangun,"Arjawinangun, Cirebon",2026-09-28,32.09.24.2004,Arjawinangun,kecamatan,no,-6.6453,108.4103,Asia/Jakarta,"BMKG point: Arjawinangun, Kecamatan Arjawinangun",28-09-2026,ICON,Open-Meteo / DWD ICON,09:00,2026-09-28 09:00:00,31.5,55.0,0.0,6.9,0.0,1.4775,Cerah Berawan,wmo:1
arjawinangun,"Arjawinangun, Cirebon",2026-09-28,32.09.24.2004,Arjawinangun,kecamatan,no,-6.6453,108.4103,Asia/Jakarta,"BMKG point: Arjawinangun, Kecamatan Arjawinangun",28-09-2026,ICON,Open-Meteo / DWD ICON,10:00,2026-09-28 10:00:00,33.4,50.0,0.0,9.8,0.0,1.4775,Cerah Berawan,wmo:1
arjawinangun,"Arjawinangun, Cirebon",2026-09-28,32.09.24.2004,Arjawinangun,kecamatan,no,-6.6453,108.4103,Asia/Jakarta,"BMKG point: Arjawinangun, Kecamatan Arjawinangun",28-09-2026,ICON,Open-Meteo / DWD ICON,11:00,2026-09-28 11:00:00,34.6,46.0,0.0,14.4,0.0,1.4775,Cerah Berawan,wmo:2
arjawinangun,"Arjawinangun, Cirebon",2026-09-28,32.09.24.2004,Arjawinangun,kecamatan,no,-6.6453,108.4103,Asia/Jakarta,"BMKG point: Arjawinangun, Kecamatan Arjawinangun",28-09-2026,ICON,Open-Meteo / DWD ICON,12:00,2026-09-28 12:00:00,34.8,47.0,0.0,17.7,0.0,1.4775,Cerah Berawan,wmo:1
arjawinangun,"Arjawinangun, Cirebon",2026-09-28,32.09.24.2004,Arjawinangun,kecamatan,no,-6.6453,108.4103,Asia/Jakarta,"BMKG point: Arjawinangun, Kecamatan Arjawinangun",28-09-2026,ICON,Open-Meteo / DWD ICON,13:00,2026-09-28 13:00:00,34.5,48.0,0.0,19.3,0.0,1.4775,Cerah Berawan,wmo:1
arjawinangun,"Arjawinangun, Cirebon",2026-09-28,32.09.24.2004,Arjawinangun,kecamatan,no,-6.6453,108.4103,Asia/Jakarta,"BMKG point: Arjawinangun, Kecamatan Arjawinangun",28-09-2026,ICON,Open-Meteo / DWD ICON,14:00,2026-09-28 14:00:00,34.2,47.0,0.0,20.8,0.0,1.4775,Cerah,wmo:0
arjawinangun,"Arjawinangun, Cirebon",2026-09-28,32.09.24.2004,Arjawinangun,kecamatan,no,-6.6453,108.4103,Asia/Jakarta,"BMKG point: Arjawinangun, Kecamatan Arjawinangun",28-09-2026,ICON,Open-Meteo / DWD ICON,15:00,2026-09-28 15:00:00,32.8,54.0,0.0,20.8,0.0,1.4775,Cerah Berawan,wmo:1
arjawinangun,"Arjawinangun, Cirebon",2026-09-28,32.09.24.2004,Arjawinangun,kecamatan,no,-6.6453,108.4103,Asia/Jakarta,"BMKG point: Arjawinangun, Kecamatan Arjawinangun",28-09-2026,ICON,Open-Meteo / DWD ICON,16:00,2026-09-28 16:00:00,31.3,59.0,0.0,19.6,0.0,1.4775,Cerah Berawan,wmo:1
arjawinangun,"Arjawinangun, Cirebon",2026-09-28,32.09.24.2004,Arjawinangun,kecamatan,no,-6.6453,108.4103,Asia/Jakarta,"BMKG point: Arjawinangun, Kecamatan Arjawinangun",28-09-2026,ICON,Open-Meteo / DWD ICON,17:00,2026-09-28 17:00:00,29.9,62.0,0.0,17.1,0.0,1.4775,Cerah Berawan,wmo:1
arjawinangun,"Arjawinangun, Cirebon",2026-09-28,32.09.24.2004,Arjawinangun,kecamatan,no,-6.6453,108.4103,Asia/Jakarta,"BMKG point: Arjawinangun, Kecamatan Arjawinangun",28-09-2026,ICON,Open-Meteo / DWD ICON,18:00,2026-09-28 18:00:00,28.5,73.0,0.0,12.6,0.0,1.4775,Cerah Berawan,wmo:2
arjawinangun,"Arjawinangun, Cirebon",2026-09-28,32.09.24.2004,Arjawinangun,kecamatan,no,-6.6453,108.4103,Asia/Jakarta,"BMKG point: Arjawinangun, Kecamatan Arjawinangun",28-09-2026,ICON,Open-Meteo / DWD ICON,19:00,2026-09-28 19:00:00,28.0,77.0,0.0,11.2,0.0,1.4775,Cerah Berawan,wmo:2
arjawinangun,"Arjawinangun, Cirebon",2026-09-28,32.09.24.2004,Arjawinangun,kecamatan,no,-6.6453,108.4103,Asia/Jakarta,"BMKG point: Arjawinangun, Kecamatan Arjawinangun",28-09-2026,ICON,Open-Meteo / DWD ICON,20:00,2026-09-28 20:00:00,27.6,78.0,0.0,9.4,0.0,1.4775,Cerah Berawan,wmo:1
arjawinangun,"Arjawinangun, Cirebon",2026-09-28,32.09.24.2004,Arjawinangun,kecamatan,no,-6.6453,108.4103,Asia/Jakarta,"BMKG point: Arjawinangun, Kecamatan Arjawinangun",28-09-2026,ICON,Open-Meteo / DWD ICON,21:00,2026-09-28 21:00:00,27.4,79.0,0.0,8.3,0.0,1.4775,Cerah Berawan,wmo:1
arjawinangun,"Arjawinangun, Cirebon",2026-09-28,32.09.24.2004,Arjawinangun,kecamatan,no,-6.6453,108.4103,Asia/Jakarta,"BMKG point: Arjawinangun, Kecamatan Arjawinangun",28-09-2026,ICON,Open-Meteo / DWD ICON,22:00,2026-09-28 22:00:00,27.2,80.0,0.0,6.9,0.0,1.4775,Cerah Berawan,wmo:1
arjawinangun,"Arjawinangun, Cirebon",2026-09-28,32.09.24.2004,Arjawinangun,kecamatan,no,-6.6453,108.4103,Asia/Jakarta,"BMKG point: Arjawinangun, Kecamatan Arjawinangun",28-09-2026,ICON,Open-Meteo / DWD ICON,23:00,2026-09-28 23:00:00,26.9,83.0,0.0,5.8,0.0,1.4775,Cerah Berawan,wmo:1
arjawinangun,"Arjawinangun, Cirebon",2026-09-28,32.09.24.2004,Arjawinangun,kecamatan,no,-6.6453,108.4103,Asia/Jakarta,"BMKG point: Arjawinangun, Kecamatan Arjawinangun",28-09-2026,KMA,Open-Meteo / KMA,00:00,2026-09-28 00:00:00,,,,,0.0,0.5491,Berawan,wmo:None
arjawinangun,"Arjawinangun, Cirebon",2026-09-28,32.09.24.2004,Arjawinangun,kecamatan,no,-6.6453,108.4103,Asia/Jakarta,"BMKG point: Arjawinangun, Kecamatan Arjawinangun",28-09-2026,KMA,Open-Meteo / KMA,01:00,2026-09-28 01:00:00,,,,,0.0,0.5491,Berawan,wmo:None
arjawinangun,"Arjawinangun, Cirebon",2026-09-28,32.09.24.2004,Arjawinangun,kecamatan,no,-6.6453,108.4103,Asia/Jakarta,"BMKG point: Arjawinangun, Kecamatan Arjawinangun",28-09-2026,KMA,Open-Meteo / KMA,02:00,2026-09-28 02:00:00,,,,,0.0,0.5491,Berawan,wmo:None
arjawinangun,"Arjawinangun, Cirebon",2026-09-28,32.09.24.2004,Arjawinangun,kecamatan,no,-6.6453,108.4103,Asia/Jakarta,"BMKG point: Arjawinangun, Kecamatan Arjawinangun",28-09-2026,KMA,Open-Meteo / KMA,03:00,2026-09-28 03:00:00,,,,,0.0,0.5491,Berawan,wmo:None
arjawinangun,"Arjawinangun, Cirebon",2026-09-28,32.09.24.2004,Arjawinangun,kecamatan,no,-6.6453,108.4103,Asia/Jakarta,"BMKG point: Arjawinangun, Kecamatan Arjawinangun",28-09-2026,KMA,Open-Meteo / KMA,04:00,2026-09-28 04:00:00,,,,,0.0,0.5491,Berawan,wmo:None
arjawinangun,"Arjawinangun, Cirebon",2026-09-28,32.09.24.2004,Arjawinangun,kecamatan,no,-6.6453,108.4103,Asia/Jakarta,"BMKG point: Arjawinangun, Kecamatan Arjawinangun",28-09-2026,KMA,Open-Meteo / KMA,05:00,2026-09-28 05:00:00,,,,,0.0,0.5491,Berawan,wmo:None
arjawinangun,"Arjawinangun, Cirebon",2026-09-28,32.09.24.2004,Arjawinangun,kecamatan,no,-6.6453,108.4103,Asia/Jakarta,"BMKG point: Arjawinangun, Kecamatan Arjawinangun",28-09-2026,KMA,Open-Meteo / KMA,06:00,2026-09-28 06:00:00,,,,,0.0,0.5491,Berawan,wmo:None
arjawinangun,"Arjawinangun, Cirebon",2026-09-28,32.09.24.2004,Arjawinangun,kecamatan,no,-6.6453,108.4103,Asia/Jakarta,"BMKG point: Arjawinangun, Kecamatan Arjawinangun",28-09-2026,KMA,Open-Meteo / KMA,07:00,2026-09-28 07:00:00,,,,,0.0,0.5491,Berawan,wmo:None
arjawinangun,"Arjawinangun, Cirebon",2026-09-28,32.09.24.2004,Arjawinangun,kecamatan,no,-6.6453,108.4103,Asia/Jakarta,"BMKG point: Arjawinangun, Kecamatan Arjawinangun",28-09-2026,KMA,Open-Meteo / KMA,08:00,2026-09-28 08:00:00,,,,,0.0,0.5491,Berawan,wmo:None
arjawinangun,"Arjawinangun, Cirebon",2026-09-28,32.09.24.2004,Arjawinangun,kecamatan,no,-6.6453,108.4103,Asia/Jakarta,"BMKG point: Arjawinangun, Kecamatan Arjawinangun",28-09-2026,KMA,Open-Meteo / KMA,09:00,2026-09-28 09:00:00,,,,,0.0,0.5491,Berawan,wmo:None
arjawinangun,"Arjawinangun, Cirebon",2026-09-28,32.09.24.2004,Arjawinangun,kecamatan,no,-6.6453,108.4103,Asia/Jakarta,"BMKG point: Arjawinangun, Kecamatan Arjawinangun",28-09-2026,KMA,Open-Meteo / KMA,10:00,2026-09-28 10:00:00,,,,,0.0,0.5491,Berawan,wmo:None
arjawinangun,"Arjawinangun, Cirebon",2026-09-28,32.09.24.2004,Arjawinangun,kecamatan,no,-6.6453,108.4103,Asia/Jakarta,"BMKG point: Arjawinangun, Kecamatan Arjawinangun",28-09-2026,KMA,Open-Meteo / KMA,11:00,2026-09-28 11:00:00,,,,,0.0,0.5491,Berawan,wmo:None
arjawinangun,"Arjawinangun, Cirebon",2026-09-28,32.09.24.2004,Arjawinangun,kecamatan,no,-6.6453,108.4103,Asia/Jakarta,"BMKG point: Arjawinangun, Kecamatan Arjawinangun",28-09-2026,KMA,Open-Meteo / KMA,12:00,2026-09-28 12:00:00,,,,,0.0,0.5491,Berawan,wmo:None
arjawinangun,"Arjawinangun, Cirebon",2026-09-28,32.09.24.2004,Arjawinangun,kecamatan,no,-6.6453,108.4103,Asia/Jakarta,"BMKG point: Arjawinangun, Kecamatan Arjawinangun",28-09-2026,KMA,Open-Meteo / KMA,13:00,2026-09-28 13:00:00,,,,,0.0,0.5491,Berawan,wmo:None
arjawinangun,"Arjawinangun, Cirebon",2026-09-28,32.09.24.2004,Arjawinangun,kecamatan,no,-6.6453,108.4103,Asia/Jakarta,"BMKG point: Arjawinangun, Kecamatan Arjawinangun",28-09-2026,KMA,Open-Meteo / KMA,14:00,2026-09-28 14:00:00,,,,,0.0,0.5491,Berawan,wmo:None
arjawinangun,"Arjawinangun, Cirebon",2026-09-28,32.09.24.2004,Arjawinangun,kecamatan,no,-6.6453,108.4103,Asia/Jakarta,"BMKG point: Arjawinangun, Kecamatan Arjawinangun",28-09-2026,KMA,Open-Meteo / KMA,15:00,2026-09-28 15:00:00,,,,,0.0,0.5491,Berawan,wmo:None
arjawinangun,"Arjawinangun, Cirebon",2026-09-28,32.09.24.2004,Arjawinangun,kecamatan,no,-6.6453,108.4103,Asia/Jakarta,"BMKG point: Arjawinangun, Kecamatan Arjawinangun",28-09-2026,KMA,Open-Meteo / KMA,16:00,2026-09-28 16:00:00,,,,,0.0,0.5491,Berawan,wmo:None
arjawinangun,"Arjawinangun, Cirebon",2026-09-28,32.09.24.2004,Arjawinangun,kecamatan,no,-6.6453,108.4103,Asia/Jakarta,"BMKG point: Arjawinangun, Kecamatan Arjawinangun",28-09-2026,KMA,Open-Meteo / KMA,17:00,2026-09-28 17:00:00,,,,,0.0,0.5491,Berawan,wmo:None
arjawinangun,"Arjawinangun, Cirebon",2026-09-28,32.09.24.2004,Arjawinangun,kecamatan,no,-6.6453,108.4103,Asia/Jakarta,"BMKG point: Arjawinangun, Kecamatan Arjawinangun",28-09-2026,KMA,Open-Meteo / KMA,18:00,2026-09-28 18:00:00,,,,,0.0,0.5491,Berawan,wmo:None
arjawinangun,"Arjawinangun, Cirebon",2026-09-28,32.09.24.2004,Arjawinangun,kecamatan,no,-6.6453,108.4103,Asia/Jakarta,"BMKG point: Arjawinangun, Kecamatan Arjawinangun",28-09-2026,KMA,Open-Meteo / KMA,19:00,2026-09-28 19:00:00,,,,,0.0,0.5491,Berawan,wmo:None
arjawinangun,"Arjawinangun, Cirebon",2026-09-28,32.09.24.2004,Arjawinangun,kecamatan,no,-6.6453,108.4103,Asia/Jakarta,"BMKG point: Arjawinangun, Kecamatan Arjawinangun",28-09-2026,KMA,Open-Meteo / KMA,20:00,2026-09-28 20:00:00,,,,,0.0,0.5491,Berawan,wmo:None
arjawinangun,"Arjawinangun, Cirebon",2026-09-28,32.09.24.2004,Arjawinangun,kecamatan,no,-6.6453,108.4103,Asia/Jakarta,"BMKG point: Arjawinangun, Kecamatan Arjawinangun",28-09-2026,KMA,Open-Meteo / KMA,21:00,2026-09-28 21:00:00,,,,,0.0,0.5491,Berawan,wmo:None
arjawinangun,"Arjawinangun, Cirebon",2026-09-28,32.09.24.2004,Arjawinangun,kecamatan,no,-6.6453,108.4103,Asia/Jakarta,"BMKG point: Arjawinangun, Kecamatan Arjawinangun",28-09-2026,KMA,Open-Meteo / KMA,22:00,2026-09-28 22:00:00,,,,,0.0,0.5491,Berawan,wmo:None
arjawinangun,"Arjawinangun, Cirebon",2026-09-28,32.09.24.2004,Arjawinangun,kecamatan,no,-6.6453,108.4103,Asia/Jakarta,"BMKG point: Arjawinangun, Kecamatan Arjawinangun",28-09-2026,KMA,Open-Meteo / KMA,23:00,2026-09-28 23:00:00,,,,,0.0,0.5491,Berawan,wmo:None
arjawinangun,"Arjawinangun, Cirebon",2026-09-28,32.09.24.2004,Arjawinangun,kecamatan,no,-6.6453,108.4103,Asia/Jakarta,"BMKG point: Arjawinangun, Kecamatan Arjawinangun",28-09-2026,METEOFRANCE,Open-Meteo / Meteo-France,00:00,2026-09-28 00:00:00,28.3,70.0,0.0,7.5,0.0,1.5362,Cerah Berawan,wmo:1
arjawinangun,"Arjawinangun, Cirebon",2026-09-28,32.09.24.2004,Arjawinangun,kecamatan,no,-6.6453,108.4103,Asia/Jakarta,"BMKG point: Arjawinangun, Kecamatan Arjawinangun",28-09-2026,METEOFRANCE,Open-Meteo / Meteo-France,01:00,2026-09-28 01:00:00,28.2,70.0,0.0,6.6,0.0,1.5362,Cerah Berawan,wmo:1
arjawinangun,"Arjawinangun, Cirebon",2026-09-28,32.09.24.2004,Arjawinangun,kecamatan,no,-6.6453,108.4103,Asia/Jakarta,"BMKG point: Arjawinangun, Kecamatan Arjawinangun",28-09-2026,METEOFRANCE,Open-Meteo / Meteo-France,02:00,2026-09-28 02:00:00,28.0,70.0,0.0,6.2,0.0,1.5362,Cerah Berawan,wmo:1
arjawinangun,"Arjawinangun, Cirebon",2026-09-28,32.09.24.2004,Arjawinangun,kecamatan,no,-6.6453,108.4103,Asia/Jakarta,"BMKG point: Arjawinangun, Kecamatan Arjawinangun",28-09-2026,METEOFRANCE,Open-Meteo / Meteo-France,03:00,2026-09-28 03:00:00,27.8,70.0,0.0,7.7,0.0,1.5362,Cerah Berawan,wmo:2
arjawinangun,"Arjawinangun, Cirebon",2026-09-28,32.09.24.2004,Arjawinangun,kecamatan,no,-6.6453,108.4103,Asia/Jakarta,"BMKG point: Arjawinangun, Kecamatan Arjawinangun",28-09-2026,METEOFRANCE,Open-Meteo / Meteo-France,04:00,2026-09-28 04:00:00,27.6,70.0,0.0,9.8,0.0,1.5362,Cerah Berawan,wmo:2
arjawinangun,"Arjawinangun, Cirebon",2026-09-28,32.09.24.2004,Arjawinangun,kecamatan,no,-6.6453,108.4103,Asia/Jakarta,"BMKG point: Arjawinangun, Kecamatan Arjawinangun",28-09-2026,METEOFRANCE,Open-Meteo / Meteo-France,05:00,2026-09-28 05:00:00,27.4,70.0,0.0,11.1,0.0,1.5362,Cerah Berawan,wmo:2
arjawinangun,"Arjawinangun, Cirebon",2026-09-28,32.09.24.2004,Arjawinangun,kecamatan,no,-6.6453,108.4103,Asia/Jakarta,"BMKG point: Arjawinangun, Kecamatan Arjawinangun",28-09-2026,METEOFRANCE,Open-Meteo / Meteo-France,06:00,2026-09-28 06:00:00,27.3,70.0,0.0,11.2,0.0,1.5362,Cerah Berawan,wmo:2
arjawinangun,"Arjawinangun, Cirebon",2026-09-28,32.09.24.2004,Arjawinangun,kecamatan,no,-6.6453,108.4103,Asia/Jakarta,"BMKG point: Arjawinangun, Kecamatan Arjawinangun",28-09-2026,METEOFRANCE,Open-Meteo / Meteo-France,07:00,2026-09-28 07:00:00,28.2,65.0,0.0,11.4,0.0,1.5362,Cerah Berawan,wmo:2
arjawinangun,"Arjawinangun, Cirebon",2026-09-28,32.09.24.2004,Arjawinangun,kecamatan,no,-6.6453,108.4103,Asia/Jakarta,"BMKG point: Arjawinangun, Kecamatan Arjawinangun",28-09-2026,METEOFRANCE,Open-Meteo / Meteo-France,08:00,2026-09-28 08:00:00,30.1,57.0,0.0,11.8,0.0,1.5362,Cerah Berawan,wmo:2
arjawinangun,"Arjawinangun, Cirebon",2026-09-28,32.09.24.2004,Arjawinangun,kecamatan,no,-6.6453,108.4103,Asia/Jakarta,"BMKG point: Arjawinangun, Kecamatan Arjawinangun",28-09-2026,METEOFRANCE,Open-Meteo / Meteo-France,09:00,2026-09-28 09:00:00,32.1,50.0,0.0,12.8,0.0,1.5362,Berawan,wmo:3
arjawinangun,"Arjawinangun, Cirebon",2026-09-28,32.09.24.2004,Arjawinangun,kecamatan,no,-6.6453,108.4103,Asia/Jakarta,"BMKG point: Arjawinangun, Kecamatan Arjawinangun",28-09-2026,METEOFRANCE,Open-Meteo / Meteo-France,10:00,2026-09-28 10:00:00,33.7,46.0,0.0,13.3,0.0,1.5362,Berawan,wmo:3
arjawinangun,"Arjawinangun, Cirebon",2026-09-28,32.09.24.2004,Arjawinangun,kecamatan,no,-6.6453,108.4103,Asia/Jakarta,"BMKG point: Arjawinangun, Kecamatan Arjawinangun",28-09-2026,METEOFRANCE,Open-Meteo / Meteo-France,11:00,2026-09-28 11:00:00,35.0,44.0,0.0,13.9,0.0,1.5362,Cerah Berawan,wmo:2
arjawinangun,"Arjawinangun, Cirebon",2026-09-28,32.09.24.2004,Arjawinangun,kecamatan,no,-6.6453,108.4103,Asia/Jakarta,"BMKG point: Arjawinangun, Kecamatan Arjawinangun",28-09-2026,METEOFRANCE,Open-Meteo / Meteo-France,12:00,2026-09-28 12:00:00,35.9,42.0,0.0,15.5,0.0,1.5362,Cerah Berawan,wmo:2
arjawinangun,"Arjawinangun, Cirebon",2026-09-28,32.09.24.2004,Arjawinangun,kecamatan,no,-6.6453,108.4103,Asia/Jakarta,"BMKG point: Arjawinangun, Kecamatan Arjawinangun",28-09-2026,METEOFRANCE,Open-Meteo / Meteo-France,13:00,2026-09-28 13:00:00,36.1,43.0,0.0,19.2,0.0,1.5362,Cerah Berawan,wmo:2
arjawinangun,"Arjawinangun, Cirebon",2026-09-28,32.09.24.2004,Arjawinangun,kecamatan,no,-6.6453,108.4103,Asia/Jakarta,"BMKG point: Arjawinangun, Kecamatan Arjawinangun",28-09-2026,METEOFRANCE,Open-Meteo / Meteo-France,14:00,2026-09-28 14:00:00,35.3,47.0,0.0,22.2,0.0,1.5362,Cerah Berawan,wmo:2
arjawinangun,"Arjawinangun, Cirebon",2026-09-28,32.09.24.2004,Arjawinangun,kecamatan,no,-6.6453,108.4103,Asia/Jakarta,"BMKG point: Arjawinangun, Kecamatan Arjawinangun",28-09-2026,METEOFRANCE,Open-Meteo / Meteo-France,15:00,2026-09-28 15:00:00,33.6,54.0,0.0,22.0,0.0,1.5362,Cerah Berawan,wmo:2
arjawinangun,"Arjawinangun, Cirebon",2026-09-28,32.09.24.2004,Arjawinangun,kecamatan,no,-6.6453,108.4103,Asia/Jakarta,"BMKG point: Arjawinangun, Kecamatan Arjawinangun",28-09-2026,METEOFRANCE,Open-Meteo / Meteo-France,16:00,2026-09-28 16:00:00,32.1,58.0,0.0,18.4,0.0,1.5362,Cerah Berawan,wmo:2
arjawinangun,"Arjawinangun, Cirebon",2026-09-28,32.09.24.2004,Arjawinangun,kecamatan,no,-6.6453,108.4103,Asia/Jakarta,"BMKG point: Arjawinangun, Kecamatan Arjawinangun",28-09-2026,METEOFRANCE,Open-Meteo / Meteo-France,17:00,2026-09-28 17:00:00,30.9,60.0,0.0,15.1,0.0,1.5362,Cerah Berawan,wmo:2
arjawinangun,"Arjawinangun, Cirebon",2026-09-28,32.09.24.2004,Arjawinangun,kecamatan,no,-6.6453,108.4103,Asia/Jakarta,"BMKG point: Arjawinangun, Kecamatan Arjawinangun",28-09-2026,METEOFRANCE,Open-Meteo / Meteo-France,18:00,2026-09-28 18:00:00,29.7,64.0,0.0,12.3,0.0,1.5362,Berawan,wmo:3
arjawinangun,"Arjawinangun, Cirebon",2026-09-28,32.09.24.2004,Arjawinangun,kecamatan,no,-6.6453,108.4103,Asia/Jakarta,"BMKG point: Arjawinangun, Kecamatan Arjawinangun",28-09-2026,METEOFRANCE,Open-Meteo / Meteo-France,19:00,2026-09-28 19:00:00,29.1,68.0,0.0,10.4,0.0,1.5362,Berawan,wmo:3
arjawinangun,"Arjawinangun, Cirebon",2026-09-28,32.09.24.2004,Arjawinangun,kecamatan,no,-6.6453,108.4103,Asia/Jakarta,"BMKG point: Arjawinangun, Kecamatan Arjawinangun",28-09-2026,METEOFRANCE,Open-Meteo / Meteo-France,20:00,2026-09-28 20:00:00,29.0,69.0,0.0,9.9,0.0,1.5362,Berawan,wmo:3
arjawinangun,"Arjawinangun, Cirebon",2026-09-28,32.09.24.2004,Arjawinangun,kecamatan,no,-6.6453,108.4103,Asia/Jakarta,"BMKG point: Arjawinangun, Kecamatan Arjawinangun",28-09-2026,METEOFRANCE,Open-Meteo / Meteo-France,21:00,2026-09-28 21:00:00,29.0,69.0,0.0,10.0,0.0,1.5362,Berawan,wmo:3
arjawinangun,"Arjawinangun, Cirebon",2026-09-28,32.09.24.2004,Arjawinangun,kecamatan,no,-6.6453,108.4103,Asia/Jakarta,"BMKG point: Arjawinangun, Kecamatan Arjawinangun",28-09-2026,METEOFRANCE,Open-Meteo / Meteo-France,22:00,2026-09-28 22:00:00,29.0,69.0,0.0,10.2,0.0,1.5362,Berawan,wmo:3
arjawinangun,"Arjawinangun, Cirebon",2026-09-28,32.09.24.2004,Arjawinangun,kecamatan,no,-6.6453,108.4103,Asia/Jakarta,"BMKG point: Arjawinangun, Kecamatan Arjawinangun",28-09-2026,METEOFRANCE,Open-Meteo / Meteo-France,23:00,2026-09-28 23:00:00,28.9,71.0,0.0,10.2,0.0,1.5362,Cerah Berawan,wmo:2
arjawinangun,"Arjawinangun, Cirebon",2026-09-28,32.09.24.2004,Arjawinangun,kecamatan,no,-6.6453,108.4103,Asia/Jakarta,"BMKG point: Arjawinangun, Kecamatan Arjawinangun",28-09-2026,METNO,MET Norway,00:00,2026-09-28 00:00:00,27.9,63.9,0.0,7.92,0.0,1.3833,Cerah Berawan,fair_night
arjawinangun,"Arjawinangun, Cirebon",2026-09-28,32.09.24.2004,Arjawinangun,kecamatan,no,-6.6453,108.4103,Asia/Jakarta,"BMKG point: Arjawinangun, Kecamatan Arjawinangun",28-09-2026,METNO,MET Norway,01:00,2026-09-28 01:00:00,27.6,66.3,0.0,8.64,0.0,1.3833,Cerah Berawan,partlycloudy_night
arjawinangun,"Arjawinangun, Cirebon",2026-09-28,32.09.24.2004,Arjawinangun,kecamatan,no,-6.6453,108.4103,Asia/Jakarta,"BMKG point: Arjawinangun, Kecamatan Arjawinangun",28-09-2026,METNO,MET Norway,02:00,2026-09-28 02:00:00,27.3,68.3,0.0,9.0,0.0,1.3833,Cerah Berawan,partlycloudy_night
arjawinangun,"Arjawinangun, Cirebon",2026-09-28,32.09.24.2004,Arjawinangun,kecamatan,no,-6.6453,108.4103,Asia/Jakarta,"BMKG point: Arjawinangun, Kecamatan Arjawinangun",28-09-2026,METNO,MET Norway,03:00,2026-09-28 03:00:00,27.0,70.2,0.0,6.12,0.0,1.3833,Cerah Berawan,partlycloudy_night
arjawinangun,"Arjawinangun, Cirebon",2026-09-28,32.09.24.2004,Arjawinangun,kecamatan,no,-6.6453,108.4103,Asia/Jakarta,"BMKG point: Arjawinangun, Kecamatan Arjawinangun",28-09-2026,METNO,MET Norway,04:00,2026-09-28 04:00:00,26.8,70.7,0.0,5.4,0.0,1.3833,Berawan,cloudy
arjawinangun,"Arjawinangun, Cirebon",2026-09-28,32.09.24.2004,Arjawinangun,kecamatan,no,-6.6453,108.4103,Asia/Jakarta,"BMKG point: Arjawinangun, Kecamatan Arjawinangun",28-09-2026,METNO,MET Norway,05:00,2026-09-28 05:00:00,26.7,71.4,0.0,6.12,0.0,1.3833,Cerah Berawan,fair_night
arjawinangun,"Arjawinangun, Cirebon",2026-09-28,32.09.24.2004,Arjawinangun,kecamatan,no,-6.6453,108.4103,Asia/Jakarta,"BMKG point: Arjawinangun, Kecamatan Arjawinangun",28-09-2026,METNO,MET Norway,06:00,2026-09-28 06:00:00,26.4,72.7,0.0,8.64,0.0,1.3833,Cerah,clearsky_day
arjawinangun,"Arjawinangun, Cirebon",2026-09-28,32.09.24.2004,Arjawinangun,kecamatan,no,-6.6453,108.4103,Asia/Jakarta,"BMKG point: Arjawinangun, Kecamatan Arjawinangun",28-09-2026,METNO,MET Norway,07:00,2026-09-28 07:00:00,28.1,64.2,0.0,11.16,0.0,1.3833,Cerah,clearsky_day
arjawinangun,"Arjawinangun, Cirebon",2026-09-28,32.09.24.2004,Arjawinangun,kecamatan,no,-6.6453,108.4103,Asia/Jakarta,"BMKG point: Arjawinangun, Kecamatan Arjawinangun",28-09-2026,METNO,MET Norway,08:00,2026-09-28 08:00:00,30.2,55.6,0.0,15.12,0.0,1.3833,Cerah,clearsky_day
arjawinangun,"Arjawinangun, Cirebon",2026-09-28,32.09.24.2004,Arjawinangun,kecamatan,no,-6.6453,108.4103,Asia/Jakarta,"BMKG point: Arjawinangun, Kecamatan Arjawinangun",28-09-2026,METNO,MET Norway,09:00,2026-09-28 09:00:00,32.1,48.6,0.0,16.2,0.0,1.3833,Cerah,clearsky_day
arjawinangun,"Arjawinangun, Cirebon",2026-09-28,32.09.24.2004,Arjawinangun,kecamatan,no,-6.6453,108.4103,Asia/Jakarta,"BMKG point: Arjawinangun, Kecamatan Arjawinangun",28-09-2026,METNO,MET Norway,10:00,2026-09-28 10:00:00,34.0,44.2,0.0,15.84,0.0,1.3833,Cerah,clearsky_day
arjawinangun,"Arjawinangun, Cirebon",2026-09-28,32.09.24.2004,Arjawinangun,kecamatan,no,-6.6453,108.4103,Asia/Jakarta,"BMKG point: Arjawinangun, Kecamatan Arjawinangun",28-09-2026,METNO,MET Norway,11:00,2026-09-28 11:00:00,35.1,41.8,0.0,16.2,0.0,1.3833,Cerah,clearsky_day
arjawinangun,"Arjawinangun, Cirebon",2026-09-28,32.09.24.2004,Arjawinangun,kecamatan,no,-6.6453,108.4103,Asia/Jakarta,"BMKG point: Arjawinangun, Kecamatan Arjawinangun",28-09-2026,METNO,MET Norway,12:00,2026-09-28 12:00:00,35.5,40.7,0.0,16.56,0.0,1.3833,Cerah,clearsky_day
arjawinangun,"Arjawinangun, Cirebon",2026-09-28,32.09.24.2004,Arjawinangun,kecamatan,no,-6.6453,108.4103,Asia/Jakarta,"BMKG point: Arjawinangun, Kecamatan Arjawinangun",28-09-2026,METNO,MET Norway,13:00,2026-09-28 13:00:00,35.3,40.4,0.0,19.8,0.0,1.3833,Cerah,clearsky_day
arjawinangun,"Arjawinangun, Cirebon",2026-09-28,32.09.24.2004,Arjawinangun,kecamatan,no,-6.6453,108.4103,Asia/Jakarta,"BMKG point: Arjawinangun, Kecamatan Arjawinangun",28-09-2026,METNO,MET Norway,14:00,2026-09-28 14:00:00,34.3,46.1,0.5,20.52,0.0,1.3833,Hujan Ringan,rainshowers_day
arjawinangun,"Arjawinangun, Cirebon",2026-09-28,32.09.24.2004,Arjawinangun,kecamatan,no,-6.6453,108.4103,Asia/Jakarta,"BMKG point: Arjawinangun, Kecamatan Arjawinangun",28-09-2026,METNO,MET Norway,15:00,2026-09-28 15:00:00,32.6,52.1,0.2,19.08,0.0,1.3833,Hujan Ringan,lightrainshowers_day
arjawinangun,"Arjawinangun, Cirebon",2026-09-28,32.09.24.2004,Arjawinangun,kecamatan,no,-6.6453,108.4103,Asia/Jakarta,"BMKG point: Arjawinangun, Kecamatan Arjawinangun",28-09-2026,METNO,MET Norway,16:00,2026-09-28 16:00:00,31.5,57.9,0.0,18.36,0.0,1.3833,Cerah,clearsky_day
arjawinangun,"Arjawinangun, Cirebon",2026-09-28,32.09.24.2004,Arjawinangun,kecamatan,no,-6.6453,108.4103,Asia/Jakarta,"BMKG point: Arjawinangun, Kecamatan Arjawinangun",28-09-2026,METNO,MET Norway,17:00,2026-09-28 17:00:00,30.4,58.4,0.0,15.84,0.0,1.3833,Cerah,clearsky_day
arjawinangun,"Arjawinangun, Cirebon",2026-09-28,32.09.24.2004,Arjawinangun,kecamatan,no,-6.6453,108.4103,Asia/Jakarta,"BMKG point: Arjawinangun, Kecamatan Arjawinangun",28-09-2026,METNO,MET Norway,18:00,2026-09-28 18:00:00,29.3,61.2,0.0,15.12,0.0,1.3833,Cerah,clearsky_night
arjawinangun,"Arjawinangun, Cirebon",2026-09-28,32.09.24.2004,Arjawinangun,kecamatan,no,-6.6453,108.4103,Asia/Jakarta,"BMKG point: Arjawinangun, Kecamatan Arjawinangun",28-09-2026,METNO,MET Norway,19:00,2026-09-28 19:00:00,28.8,64.8,0.0,13.68,0.0,1.3833,Cerah,clearsky_night
arjawinangun,"Arjawinangun, Cirebon",2026-09-28,32.09.24.2004,Arjawinangun,kecamatan,no,-6.6453,108.4103,Asia/Jakarta,"BMKG point: Arjawinangun, Kecamatan Arjawinangun",28-09-2026,METNO,MET Norway,20:00,2026-09-28 20:00:00,28.5,67.3,0.0,13.68,0.0,1.3833,Cerah,clearsky_night
arjawinangun,"Arjawinangun, Cirebon",2026-09-28,32.09.24.2004,Arjawinangun,kecamatan,no,-6.6453,108.4103,Asia/Jakarta,"BMKG point: Arjawinangun, Kecamatan Arjawinangun",28-09-2026,METNO,MET Norway,21:00,2026-09-28 21:00:00,28.5,69.5,0.0,13.68,0.0,1.3833,Cerah,clearsky_night
arjawinangun,"Arjawinangun, Cirebon",2026-09-28,32.09.24.2004,Arjawinangun,kecamatan,no,-6.6453,108.4103,Asia/Jakarta,"BMKG point: Arjawinangun, Kecamatan Arjawinangun",28-09-2026,METNO,MET Norway,22:00,2026-09-28 22:00:00,28.3,70.5,0.0,13.32,0.0,1.3833,Cerah,clearsky_night
arjawinangun,"Arjawinangun, Cirebon",2026-09-28,32.09.24.2004,Arjawinangun,kecamatan,no,-6.6453,108.4103,Asia/Jakarta,"BMKG point: Arjawinangun, Kecamatan Arjawinangun",28-09-2026,METNO,MET Norway,23:00,2026-09-28 23:00:00,28.2,71.2,0.0,14.04,0.0,1.3833,Cerah,clearsky_night
arjawinangun,"Arjawinangun, Cirebon",2026-09-28,32.09.24.2004,Arjawinangun,kecamatan,no,-6.6453,108.4103,Asia/Jakarta,"BMKG point: Arjawinangun, Kecamatan Arjawinangun",28-09-2026,UKMO,Open-Meteo / UK Met Office,00:00,2026-09-28 00:00:00,25.5,85.0,0.0,6.1,0.0,1.3307,Cerah,wmo:0
arjawinangun,"Arjawinangun, Cirebon",2026-09-28,32.09.24.2004,Arjawinangun,kecamatan,no,-6.6453,108.4103,Asia/Jakarta,"BMKG point: Arjawinangun, Kecamatan Arjawinangun",28-09-2026,UKMO,Open-Meteo / UK Met Office,01:00,2026-09-28 01:00:00,25.2,85.0,0.0,5.0,0.0,1.3307,Cerah,wmo:0
arjawinangun,"Arjawinangun, Cirebon",2026-09-28,32.09.24.2004,Arjawinangun,kecamatan,no,-6.6453,108.4103,Asia/Jakarta,"BMKG point: Arjawinangun, Kecamatan Arjawinangun",28-09-2026,UKMO,Open-Meteo / UK Met Office,02:00,2026-09-28 02:00:00,24.9,87.0,0.0,4.3,0.0,1.3307,Cerah,wmo:0
arjawinangun,"Arjawinangun, Cirebon",2026-09-28,32.09.24.2004,Arjawinangun,kecamatan,no,-6.6453,108.4103,Asia/Jakarta,"BMKG point: Arjawinangun, Kecamatan Arjawinangun",28-09-2026,UKMO,Open-Meteo / UK Met Office,03:00,2026-09-28 03:00:00,24.8,86.0,0.0,4.7,0.0,1.3307,Cerah,wmo:0
arjawinangun,"Arjawinangun, Cirebon",2026-09-28,32.09.24.2004,Arjawinangun,kecamatan,no,-6.6453,108.4103,Asia/Jakarta,"BMKG point: Arjawinangun, Kecamatan Arjawinangun",28-09-2026,UKMO,Open-Meteo / UK Met Office,04:00,2026-09-28 04:00:00,24.6,85.0,0.0,5.8,0.0,1.3307,Cerah,wmo:0
arjawinangun,"Arjawinangun, Cirebon",2026-09-28,32.09.24.2004,Arjawinangun,kecamatan,no,-6.6453,108.4103,Asia/Jakarta,"BMKG point: Arjawinangun, Kecamatan Arjawinangun",28-09-2026,UKMO,Open-Meteo / UK Met Office,05:00,2026-09-28 05:00:00,24.5,85.0,0.0,5.8,0.0,1.3307,Cerah,wmo:0
arjawinangun,"Arjawinangun, Cirebon",2026-09-28,32.09.24.2004,Arjawinangun,kecamatan,no,-6.6453,108.4103,Asia/Jakarta,"BMKG point: Arjawinangun, Kecamatan Arjawinangun",28-09-2026,UKMO,Open-Meteo / UK Met Office,06:00,2026-09-28 06:00:00,24.8,83.0,0.0,6.1,0.0,1.3307,Cerah,wmo:0
arjawinangun,"Arjawinangun, Cirebon",2026-09-28,32.09.24.2004,Arjawinangun,kecamatan,no,-6.6453,108.4103,Asia/Jakarta,"BMKG point: Arjawinangun, Kecamatan Arjawinangun",28-09-2026,UKMO,Open-Meteo / UK Met Office,07:00,2026-09-28 07:00:00,25.9,78.0,0.0,5.0,0.0,1.3307,Cerah,wmo:0
arjawinangun,"Arjawinangun, Cirebon",2026-09-28,32.09.24.2004,Arjawinangun,kecamatan,no,-6.6453,108.4103,Asia/Jakarta,"BMKG point: Arjawinangun, Kecamatan Arjawinangun",28-09-2026,UKMO,Open-Meteo / UK Met Office,08:00,2026-09-28 08:00:00,27.5,69.0,0.0,6.8,0.0,1.3307,Cerah,wmo:0
arjawinangun,"Arjawinangun, Cirebon",2026-09-28,32.09.24.2004,Arjawinangun,kecamatan,no,-6.6453,108.4103,Asia/Jakarta,"BMKG point: Arjawinangun, Kecamatan Arjawinangun",28-09-2026,UKMO,Open-Meteo / UK Met Office,09:00,2026-09-28 09:00:00,29.2,61.0,0.0,7.6,0.0,1.3307,Cerah,wmo:0
arjawinangun,"Arjawinangun, Cirebon",2026-09-28,32.09.24.2004,Arjawinangun,kecamatan,no,-6.6453,108.4103,Asia/Jakarta,"BMKG point: Arjawinangun, Kecamatan Arjawinangun",28-09-2026,UKMO,Open-Meteo / UK Met Office,10:00,2026-09-28 10:00:00,31.2,51.0,0.0,11.5,0.0,1.3307,Cerah,wmo:0
arjawinangun,"Arjawinangun, Cirebon",2026-09-28,32.09.24.2004,Arjawinangun,kecamatan,no,-6.6453,108.4103,Asia/Jakarta,"BMKG point: Arjawinangun, Kecamatan Arjawinangun",28-09-2026,UKMO,Open-Meteo / UK Met Office,11:00,2026-09-28 11:00:00,32.5,47.0,0.0,15.1,0.0,1.3307,Cerah,wmo:0
arjawinangun,"Arjawinangun, Cirebon",2026-09-28,32.09.24.2004,Arjawinangun,kecamatan,no,-6.6453,108.4103,Asia/Jakarta,"BMKG point: Arjawinangun, Kecamatan Arjawinangun",28-09-2026,UKMO,Open-Meteo / UK Met Office,12:00,2026-09-28 12:00:00,33.0,47.0,0.0,15.5,0.0,1.3307,Cerah,wmo:0
arjawinangun,"Arjawinangun, Cirebon",2026-09-28,32.09.24.2004,Arjawinangun,kecamatan,no,-6.6453,108.4103,Asia/Jakarta,"BMKG point: Arjawinangun, Kecamatan Arjawinangun",28-09-2026,UKMO,Open-Meteo / UK Met Office,13:00,2026-09-28 13:00:00,34.1,43.0,0.0,15.5,0.0,1.3307,Cerah,wmo:0
arjawinangun,"Arjawinangun, Cirebon",2026-09-28,32.09.24.2004,Arjawinangun,kecamatan,no,-6.6453,108.4103,Asia/Jakarta,"BMKG point: Arjawinangun, Kecamatan Arjawinangun",28-09-2026,UKMO,Open-Meteo / UK Met Office,14:00,2026-09-28 14:00:00,33.9,45.0,0.0,16.6,0.0,1.3307,Cerah,wmo:0
arjawinangun,"Arjawinangun, Cirebon",2026-09-28,32.09.24.2004,Arjawinangun,kecamatan,no,-6.6453,108.4103,Asia/Jakarta,"BMKG point: Arjawinangun, Kecamatan Arjawinangun",28-09-2026,UKMO,Open-Meteo / UK Met Office,15:00,2026-09-28 15:00:00,32.7,51.0,0.0,16.6,0.0,1.3307,Cerah,wmo:0
arjawinangun,"Arjawinangun, Cirebon",2026-09-28,32.09.24.2004,Arjawinangun,kecamatan,no,-6.6453,108.4103,Asia/Jakarta,"BMKG point: Arjawinangun, Kecamatan Arjawinangun",28-09-2026,UKMO,Open-Meteo / UK Met Office,16:00,2026-09-28 16:00:00,31.0,60.0,0.0,17.3,0.0,1.3307,Cerah,wmo:0
arjawinangun,"Arjawinangun, Cirebon",2026-09-28,32.09.24.2004,Arjawinangun,kecamatan,no,-6.6453,108.4103,Asia/Jakarta,"BMKG point: Arjawinangun, Kecamatan Arjawinangun",28-09-2026,UKMO,Open-Meteo / UK Met Office,17:00,2026-09-28 17:00:00,29.7,67.0,0.0,15.8,0.0,1.3307,Cerah Berawan,wmo:2
arjawinangun,"Arjawinangun, Cirebon",2026-09-28,32.09.24.2004,Arjawinangun,kecamatan,no,-6.6453,108.4103,Asia/Jakarta,"BMKG point: Arjawinangun, Kecamatan Arjawinangun",28-09-2026,UKMO,Open-Meteo / UK Met Office,18:00,2026-09-28 18:00:00,29.2,68.0,0.0,12.2,0.0,1.3307,Cerah Berawan,wmo:2
arjawinangun,"Arjawinangun, Cirebon",2026-09-28,32.09.24.2004,Arjawinangun,kecamatan,no,-6.6453,108.4103,Asia/Jakarta,"BMKG point: Arjawinangun, Kecamatan Arjawinangun",28-09-2026,UKMO,Open-Meteo / UK Met Office,19:00,2026-09-28 19:00:00,29.0,68.0,0.0,11.2,0.0,1.3307,Cerah Berawan,wmo:2
arjawinangun,"Arjawinangun, Cirebon",2026-09-28,32.09.24.2004,Arjawinangun,kecamatan,no,-6.6453,108.4103,Asia/Jakarta,"BMKG point: Arjawinangun, Kecamatan Arjawinangun",28-09-2026,UKMO,Open-Meteo / UK Met Office,20:00,2026-09-28 20:00:00,28.8,71.0,0.0,11.5,0.0,1.3307,Cerah Berawan,wmo:1
arjawinangun,"Arjawinangun, Cirebon",2026-09-28,32.09.24.2004,Arjawinangun,kecamatan,no,-6.6453,108.4103,Asia/Jakarta,"BMKG point: Arjawinangun, Kecamatan Arjawinangun",28-09-2026,UKMO,Open-Meteo / UK Met Office,21:00,2026-09-28 21:00:00,28.3,75.0,0.1,10.8,0.0,1.3307,Hujan Ringan,wmo:51
arjawinangun,"Arjawinangun, Cirebon",2026-09-28,32.09.24.2004,Arjawinangun,kecamatan,no,-6.6453,108.4103,Asia/Jakarta,"BMKG point: Arjawinangun, Kecamatan Arjawinangun",28-09-2026,UKMO,Open-Meteo / UK Met Office,22:00,2026-09-28 22:00:00,27.4,80.0,0.2,10.4,0.0,1.3307,Hujan Ringan,wmo:51
arjawinangun,"Arjawinangun, Cirebon",2026-09-28,32.09.24.2004,Arjawinangun,kecamatan,no,-6.6453,108.4103,Asia/Jakarta,"BMKG point: Arjawinangun, Kecamatan Arjawinangun",28-09-2026,UKMO,Open-Meteo / UK Met Office,23:00,2026-09-28 23:00:00,26.7,82.0,0.2,8.6,0.0,1.3307,Hujan Ringan,wmo:51
arjawinangun,"Arjawinangun, Cirebon",2026-09-29,32.09.24.2004,Arjawinangun,kecamatan,no,-6.6453,108.4103,Asia/Jakarta,"BMKG point: Arjawinangun, Kecamatan Arjawinangun",29-09-2026,BMKG,BMKG,00:00,2026-09-29 01:00:00,26.0,76.0,0.0,4.7,60.0,1.3456,Cerah,Cerah
arjawinangun,"Arjawinangun, Cirebon",2026-09-29,32.09.24.2004,Arjawinangun,kecamatan,no,-6.6453,108.4103,Asia/Jakarta,"BMKG point: Arjawinangun, Kecamatan Arjawinangun",29-09-2026,BMKG,BMKG,01:00,2026-09-29 01:00:00,26.0,76.0,0.0,4.7,0.0,1.7942,Cerah,Cerah
arjawinangun,"Arjawinangun, Cirebon",2026-09-29,32.09.24.2004,Arjawinangun,kecamatan,no,-6.6453,108.4103,Asia/Jakarta,"BMKG point: Arjawinangun, Kecamatan Arjawinangun",29-09-2026,BMKG,BMKG,02:00,2026-09-29 01:00:00,26.0,76.0,0.0,4.7,60.0,1.3456,Cerah,Cerah
arjawinangun,"Arjawinangun, Cirebon",2026-09-29,32.09.24.2004,Arjawinangun,kecamatan,no,-6.6453,108.4103,Asia/Jakarta,"BMKG point: Arjawinangun, Kecamatan Arjawinangun",29-09-2026,BMKG,BMKG,03:00,2026-09-29 04:00:00,25.0,78.0,0.0,0.8,60.0,1.3456,Cerah,Cerah
arjawinangun,"Arjawinangun, Cirebon",2026-09-29,32.09.24.2004,Arjawinangun,kecamatan,no,-6.6453,108.4103,Asia/Jakarta,"BMKG point: Arjawinangun, Kecamatan Arjawinangun",29-09-2026,BMKG,BMKG,04:00,2026-09-29 04:00:00,25.0,78.0,0.0,0.8,0.0,1.7942,Cerah,Cerah
arjawinangun,"Arjawinangun, Cirebon",2026-09-29,32.09.24.2004,Arjawinangun,kecamatan,no,-6.6453,108.4103,Asia/Jakarta,"BMKG point: Arjawinangun, Kecamatan Arjawinangun",29-09-2026,BMKG,BMKG,05:00,2026-09-29 04:00:00,25.0,78.0,0.0,0.8,60.0,1.3456,Cerah,Cerah
arjawinangun,"Arjawinangun, Cirebon",2026-09-29,32.09.24.2004,Arjawinangun,kecamatan,no,-6.6453,108.4103,Asia/Jakarta,"BMKG point: Arjawinangun, Kecamatan Arjawinangun",29-09-2026,BMKG,BMKG,06:00,2026-09-29 07:00:00,30.0,56.0,0.0,2.2,60.0,1.3456,Cerah,Cerah
arjawinangun,"Arjawinangun, Cirebon",2026-09-29,32.09.24.2004,Arjawinangun,kecamatan,no,-6.6453,108.4103,Asia/Jakarta,"BMKG point: Arjawinangun, Kecamatan Arjawinangun",29-09-2026,BMKG,BMKG,07:00,2026-09-29 07:00:00,30.0,56.0,0.0,2.2,0.0,1.7942,Cerah,Cerah
arjawinangun,"Arjawinangun, Cirebon",2026-09-29,32.09.24.2004,Arjawinangun,kecamatan,no,-6.6453,108.4103,Asia/Jakarta,"BMKG point: Arjawinangun, Kecamatan Arjawinangun",29-09-2026,BMKG,BMKG,08:00,2026-09-29 07:00:00,30.0,56.0,0.0,2.2,60.0,1.3456,Cerah,Cerah
arjawinangun,"Arjawinangun, Cirebon",2026-09-29,32.09.24.2004,Arjawinangun,kecamatan,no,-6.6453,108.4103,Asia/Jakarta,"BMKG point: Arjawinangun, Kecamatan Arjawinangun",29-09-2026,BMKG,BMKG,09:00,2026-09-29 10:00:00,33.0,51.0,0.0,16.4,60.0,1.3456,Cerah,Cerah
arjawinangun,"Arjawinangun, Cirebon",2026-09-29,32.09.24.2004,Arjawinangun,kecamatan,no,-6.6453,108.4103,Asia/Jakarta,"BMKG point: Arjawinangun, Kecamatan Arjawinangun",29-09-2026,BMKG,BMKG,10:00,2026-09-29 10:00:00,33.0,51.0,0.0,16.4,0.0,1.7942,Cerah,Cerah
arjawinangun,"Arjawinangun, Cirebon",2026-09-29,32.09.24.2004,Arjawinangun,kecamatan,no,-6.6453,108.4103,Asia/Jakarta,"BMKG point: Arjawinangun, Kecamatan Arjawinangun",29-09-2026,BMKG,BMKG,11:00,2026-09-29 10:00:00,33.0,51.0,0.0,16.4,60.0,1.3456,Cerah,Cerah
arjawinangun,"Arjawinangun, Cirebon",2026-09-29,32.09.24.2004,Arjawinangun,kecamatan,no,-6.6453,108.4103,Asia/Jakarta,"BMKG point: Arjawinangun, Kecamatan Arjawinangun",29-09-2026,BMKG,BMKG,12:00,2026-09-29 13:00:00,34.0,46.0,0.0,16.4,60.0,1.3456,Cerah Berawan,Cerah Berawan
arjawinangun,"Arjawinangun, Cirebon",2026-09-29,32.09.24.2004,Arjawinangun,kecamatan,no,-6.6453,108.4103,Asia/Jakarta,"BMKG point: Arjawinangun, Kecamatan Arjawinangun",29-09-2026,BMKG,BMKG,13:00,2026-09-29 13:00:00,34.0,46.0,0.0,16.4,0.0,1.7942,Cerah Berawan,Cerah Berawan
arjawinangun,"Arjawinangun, Cirebon",2026-09-29,32.09.24.2004,Arjawinangun,kecamatan,no,-6.6453,108.4103,Asia/Jakarta,"BMKG point: Arjawinangun, Kecamatan Arjawinangun",29-09-2026,BMKG,BMKG,14:00,2026-09-29 13:00:00,34.0,46.0,0.0,16.4,60.0,1.3456,Cerah Berawan,Cerah Berawan
arjawinangun,"Arjawinangun, Cirebon",2026-09-29,32.09.24.2004,Arjawinangun,kecamatan,no,-6.6453,108.4103,Asia/Jakarta,"BMKG point: Arjawinangun, Kecamatan Arjawinangun",29-09-2026,BMKG,BMKG,15:00,2026-09-29 16:00:00,30.0,59.0,0.0,10.4,60.0,1.3456,Cerah Berawan,Cerah Berawan
arjawinangun,"Arjawinangun, Cirebon",2026-09-29,32.09.24.2004,Arjawinangun,kecamatan,no,-6.6453,108.4103,Asia/Jakarta,"BMKG point: Arjawinangun, Kecamatan Arjawinangun",29-09-2026,BMKG,BMKG,16:00,2026-09-29 16:00:00,30.0,59.0,0.0,10.4,0.0,1.7942,Cerah Berawan,Cerah Berawan
arjawinangun,"Arjawinangun, Cirebon",2026-09-29,32.09.24.2004,Arjawinangun,kecamatan,no,-6.6453,108.4103,Asia/Jakarta,"BMKG point: Arjawinangun, Kecamatan Arjawinangun",29-09-2026,BMKG,BMKG,17:00,2026-09-29 16:00:00,30.0,59.0,0.0,10.4,60.0,1.3456,Cerah Berawan,Cerah Berawan
arjawinangun,"Arjawinangun, Cirebon",2026-09-29,32.09.24.2004,Arjawinangun,kecamatan,no,-6.6453,108.4103,Asia/Jakarta,"BMKG point: Arjawinangun, Kecamatan Arjawinangun",29-09-2026,BMKG,BMKG,18:00,2026-09-29 19:00:00,28.0,71.0,0.0,10.4,60.0,1.3456,Cerah Berawan,Cerah Berawan
arjawinangun,"Arjawinangun, Cirebon",2026-09-29,32.09.24.2004,Arjawinangun,kecamatan,no,-6.6453,108.4103,Asia/Jakarta,"BMKG point: Arjawinangun, Kecamatan Arjawinangun",29-09-2026,BMKG,BMKG,19:00,2026-09-29 19:00:00,28.0,71.0,0.0,10.4,0.0,1.7942,Cerah Berawan,Cerah Berawan
arjawinangun,"Arjawinangun, Cirebon",2026-09-29,32.09.24.2004,Arjawinangun,kecamatan,no,-6.6453,108.4103,Asia/Jakarta,"BMKG point: Arjawinangun, Kecamatan Arjawinangun",29-09-2026,BMKG,BMKG,20:00,2026-09-29 19:00:00,28.0,71.0,0.0,10.4,60.0,1.3456,Cerah Berawan,Cerah Berawan
arjawinangun,"Arjawinangun, Cirebon",2026-09-29,32.09.24.2004,Arjawinangun,kecamatan,no,-6.6453,108.4103,Asia/Jakarta,"BMKG point: Arjawinangun, Kecamatan Arjawinangun",29-09-2026,BMKG,BMKG,21:00,2026-09-29 22:00:00,27.0,75.0,0.0,6.5,60.0,1.3456,Berawan,Berawan
arjawinangun,"Arjawinangun, Cirebon",2026-09-29,32.09.24.2004,Arjawinangun,kecamatan,no,-6.6453,108.4103,Asia/Jakarta,"BMKG point: Arjawinangun, Kecamatan Arjawinangun",29-09-2026,BMKG,BMKG,22:00,2026-09-29 22:00:00,27.0,75.0,0.0,6.5,0.0,1.7942,Berawan,Berawan
arjawinangun,"Arjawinangun, Cirebon",2026-09-29,32.09.24.2004,Arjawinangun,kecamatan,no,-6.6453,108.4103,Asia/Jakarta,"BMKG point: Arjawinangun, Kecamatan Arjawinangun",29-09-2026,BMKG,BMKG,23:00,2026-09-29 22:00:00,27.0,75.0,0.0,6.5,60.0,1.3456,Berawan,Berawan
arjawinangun,"Arjawinangun, Cirebon",2026-09-29,32.09.24.2004,Arjawinangun,kecamatan,no,-6.6453,108.4103,Asia/Jakarta,"BMKG point: Arjawinangun, Kecamatan Arjawinangun",29-09-2026,CMA,Open-Meteo / CMA GRAPES,00:00,2026-09-29 00:00:00,25.8,87.0,0.0,7.0,0.0,1.1586,Cerah,wmo:0
arjawinangun,"Arjawinangun, Cirebon",2026-09-29,32.09.24.2004,Arjawinangun,kecamatan,no,-6.6453,108.4103,Asia/Jakarta,"BMKG point: Arjawinangun, Kecamatan Arjawinangun",29-09-2026,CMA,Open-Meteo / CMA GRAPES,01:00,2026-09-29 01:00:00,25.5,85.0,0.0,7.4,0.0,1.1586,Cerah,wmo:0
arjawinangun,"Arjawinangun, Cirebon",2026-09-29,32.09.24.2004,Arjawinangun,kecamatan,no,-6.6453,108.4103,Asia/Jakarta,"BMKG point: Arjawinangun, Kecamatan Arjawinangun",29-09-2026,CMA,Open-Meteo / CMA GRAPES,02:00,2026-09-29 02:00:00,25.2,84.0,0.0,8.1,0.0,1.1586,Cerah,wmo:0
arjawinangun,"Arjawinangun, Cirebon",2026-09-29,32.09.24.2004,Arjawinangun,kecamatan,no,-6.6453,108.4103,Asia/Jakarta,"BMKG point: Arjawinangun, Kecamatan Arjawinangun",29-09-2026,CMA,Open-Meteo / CMA GRAPES,03:00,2026-09-29 03:00:00,24.8,83.0,0.0,9.1,0.0,1.1586,Cerah,wmo:0
arjawinangun,"Arjawinangun, Cirebon",2026-09-29,32.09.24.2004,Arjawinangun,kecamatan,no,-6.6453,108.4103,Asia/Jakarta,"BMKG point: Arjawinangun, Kecamatan Arjawinangun",29-09-2026,CMA,Open-Meteo / CMA GRAPES,04:00,2026-09-29 04:00:00,24.7,81.0,0.0,9.4,0.0,1.1586,Cerah,wmo:0
arjawinangun,"Arjawinangun, Cirebon",2026-09-29,32.09.24.2004,Arjawinangun,kecamatan,no,-6.6453,108.4103,Asia/Jakarta,"BMKG point: Arjawinangun, Kecamatan Arjawinangun",29-09-2026,CMA,Open-Meteo / CMA GRAPES,05:00,2026-09-29 05:00:00,24.9,79.0,0.0,9.8,0.0,1.1586,Cerah,wmo:0
arjawinangun,"Arjawinangun, Cirebon",2026-09-29,32.09.24.2004,Arjawinangun,kecamatan,no,-6.6453,108.4103,Asia/Jakarta,"BMKG point: Arjawinangun, Kecamatan Arjawinangun",29-09-2026,CMA,Open-Meteo / CMA GRAPES,06:00,2026-09-29 06:00:00,25.4,77.0,0.0,9.7,0.0,1.1586,Cerah,wmo:0
arjawinangun,"Arjawinangun, Cirebon",2026-09-29,32.09.24.2004,Arjawinangun,kecamatan,no,-6.6453,108.4103,Asia/Jakarta,"BMKG point: Arjawinangun, Kecamatan Arjawinangun",29-09-2026,CMA,Open-Meteo / CMA GRAPES,07:00,2026-09-29 07:00:00,26.2,74.0,0.0,8.8,0.0,1.1586,Cerah,wmo:0
arjawinangun,"Arjawinangun, Cirebon",2026-09-29,32.09.24.2004,Arjawinangun,kecamatan,no,-6.6453,108.4103,Asia/Jakarta,"BMKG point: Arjawinangun, Kecamatan Arjawinangun",29-09-2026,CMA,Open-Meteo / CMA GRAPES,08:00,2026-09-29 08:00:00,27.6,69.0,0.0,7.3,0.0,1.1586,Cerah,wmo:0
arjawinangun,"Arjawinangun, Cirebon",2026-09-29,32.09.24.2004,Arjawinangun,kecamatan,no,-6.6453,108.4103,Asia/Jakarta,"BMKG point: Arjawinangun, Kecamatan Arjawinangun",29-09-2026,CMA,Open-Meteo / CMA GRAPES,09:00,2026-09-29 09:00:00,29.3,63.0,0.0,6.4,0.0,1.1586,Cerah,wmo:0
arjawinangun,"Arjawinangun, Cirebon",2026-09-29,32.09.24.2004,Arjawinangun,kecamatan,no,-6.6453,108.4103,Asia/Jakarta,"BMKG point: Arjawinangun, Kecamatan Arjawinangun",29-09-2026,CMA,Open-Meteo / CMA GRAPES,10:00,2026-09-29 10:00:00,30.9,58.0,0.0,7.6,0.0,1.1586,Cerah,wmo:0
arjawinangun,"Arjawinangun, Cirebon",2026-09-29,32.09.24.2004,Arjawinangun,kecamatan,no,-6.6453,108.4103,Asia/Jakarta,"BMKG point: Arjawinangun, Kecamatan Arjawinangun",29-09-2026,CMA,Open-Meteo / CMA GRAPES,11:00,2026-09-29 11:00:00,32.1,53.0,0.0,9.8,0.0,1.1586,Cerah,wmo:0
arjawinangun,"Arjawinangun, Cirebon",2026-09-29,32.09.24.2004,Arjawinangun,kecamatan,no,-6.6453,108.4103,Asia/Jakarta,"BMKG point: Arjawinangun, Kecamatan Arjawinangun",29-09-2026,CMA,Open-Meteo / CMA GRAPES,12:00,2026-09-29 12:00:00,33.1,50.0,0.0,13.1,0.0,1.1586,Cerah,wmo:0
arjawinangun,"Arjawinangun, Cirebon",2026-09-29,32.09.24.2004,Arjawinangun,kecamatan,no,-6.6453,108.4103,Asia/Jakarta,"BMKG point: Arjawinangun, Kecamatan Arjawinangun",29-09-2026,CMA,Open-Meteo / CMA GRAPES,13:00,2026-09-29 13:00:00,33.5,49.0,0.0,15.5,0.0,1.1586,Cerah,wmo:0
arjawinangun,"Arjawinangun, Cirebon",2026-09-29,32.09.24.2004,Arjawinangun,kecamatan,no,-6.6453,108.4103,Asia/Jakarta,"BMKG point: Arjawinangun, Kecamatan Arjawinangun",29-09-2026,CMA,Open-Meteo / CMA GRAPES,14:00,2026-09-29 14:00:00,32.8,54.0,0.0,16.6,0.0,1.1586,Cerah,wmo:0
arjawinangun,"Arjawinangun, Cirebon",2026-09-29,32.09.24.2004,Arjawinangun,kecamatan,no,-6.6453,108.4103,Asia/Jakarta,"BMKG point: Arjawinangun, Kecamatan Arjawinangun",29-09-2026,CMA,Open-Meteo / CMA GRAPES,15:00,2026-09-29 15:00:00,31.5,62.0,0.0,16.9,0.0,1.1586,Cerah,wmo:0
arjawinangun,"Arjawinangun, Cirebon",2026-09-29,32.09.24.2004,Arjawinangun,kecamatan,no,-6.6453,108.4103,Asia/Jakarta,"BMKG point: Arjawinangun, Kecamatan Arjawinangun",29-09-2026,CMA,Open-Meteo / CMA GRAPES,16:00,2026-09-29 16:00:00,30.2,69.0,0.0,16.0,0.0,1.1586,Cerah,wmo:0
arjawinangun,"Arjawinangun, Cirebon",2026-09-29,32.09.24.2004,Arjawinangun,kecamatan,no,-6.6453,108.4103,Asia/Jakarta,"BMKG point: Arjawinangun, Kecamatan Arjawinangun",29-09-2026,CMA,Open-Meteo / CMA GRAPES,17:00,2026-09-29 17:00:00,29.1,75.0,0.0,13.4,0.0,1.1586,Cerah,wmo:0
arjawinangun,"Arjawinangun, Cirebon",2026-09-29,32.09.24.2004,Arjawinangun,kecamatan,no,-6.6453,108.4103,Asia/Jakarta,"BMKG point: Arjawinangun, Kecamatan Arjawinangun",29-09-2026,CMA,Open-Meteo / CMA GRAPES,18:00,2026-09-29 18:00:00,28.1,81.0,0.0,10.5,0.0,1.1586,Cerah,wmo:0
arjawinangun,"Arjawinangun, Cirebon",2026-09-29,32.09.24.2004,Arjawinangun,kecamatan,no,-6.6453,108.4103,Asia/Jakarta,"BMKG point: Arjawinangun, Kecamatan Arjawinangun",29-09-2026,CMA,Open-Meteo / CMA GRAPES,19:00,2026-09-29 19:00:00,27.4,85.0,0.0,8.9,0.0,1.1586,Cerah,wmo:0
arjawinangun,"Arjawinangun, Cirebon",2026-09-29,32.09.24.2004,Arjawinangun,kecamatan,no,-6.6453,108.4103,Asia/Jakarta,"BMKG point: Arjawinangun, Kecamatan Arjawinangun",29-09-2026,CMA,Open-Meteo / CMA GRAPES,20:00,2026-09-29 20:00:00,27.0,86.0,0.0,8.2,0.0,1.1586,Cerah,wmo:0
arjawinangun,"Arjawinangun, Cirebon",2026-09-29,32.09.24.2004,Arjawinangun,kecamatan,no,-6.6453,108.4103,Asia/Jakarta,"BMKG point: Arjawinangun, Kecamatan Arjawinangun",29-09-2026,CMA,Open-Meteo / CMA GRAPES,21:00,2026-09-29 21:00:00,27.0,86.0,0.0,7.4,0.0,1.1586,Cerah,wmo:0
arjawinangun,"Arjawinangun, Cirebon",2026-09-29,32.09.24.2004,Arjawinangun,kecamatan,no,-6.6453,108.4103,Asia/Jakarta,"BMKG point: Arjawinangun, Kecamatan Arjawinangun",29-09-2026,CMA,Open-Meteo / CMA GRAPES,22:00,2026-09-29 22:00:00,26.8,86.0,0.0,7.1,0.0,1.1586,Cerah,wmo:0
arjawinangun,"Arjawinangun, Cirebon",2026-09-29,32.09.24.2004,Arjawinangun,kecamatan,no,-6.6453,108.4103,Asia/Jakarta,"BMKG point: Arjawinangun, Kecamatan Arjawinangun",29-09-2026,CMA,Open-Meteo / CMA GRAPES,23:00,2026-09-29 23:00:00,26.5,86.0,0.0,7.1,0.0,1.1586,Cerah,wmo:0
arjawinangun,"Arjawinangun, Cirebon",2026-09-29,32.09.24.2004,Arjawinangun,kecamatan,no,-6.6453,108.4103,Asia/Jakarta,"BMKG point: Arjawinangun, Kecamatan Arjawinangun",29-09-2026,ECMWF,Open-Meteo / ECMWF,00:00,2026-09-29 00:00:00,25.7,84.0,0.0,3.4,0.0,1.7021,Cerah,wmo:0
arjawinangun,"Arjawinangun, Cirebon",2026-09-29,32.09.24.2004,Arjawinangun,kecamatan,no,-6.6453,108.4103,Asia/Jakarta,"BMKG point: Arjawinangun, Kecamatan Arjawinangun",29-09-2026,ECMWF,Open-Meteo / ECMWF,01:00,2026-09-29 01:00:00,25.2,86.0,0.0,2.9,0.0,1.7021,Cerah,wmo:0
arjawinangun,"Arjawinangun, Cirebon",2026-09-29,32.09.24.2004,Arjawinangun,kecamatan,no,-6.6453,108.4103,Asia/Jakarta,"BMKG point: Arjawinangun, Kecamatan Arjawinangun",29-09-2026,ECMWF,Open-Meteo / ECMWF,02:00,2026-09-29 02:00:00,24.8,88.0,0.0,3.1,0.0,1.7021,Cerah Berawan,wmo:1
arjawinangun,"Arjawinangun, Cirebon",2026-09-29,32.09.24.2004,Arjawinangun,kecamatan,no,-6.6453,108.4103,Asia/Jakarta,"BMKG point: Arjawinangun, Kecamatan Arjawinangun",29-09-2026,ECMWF,Open-Meteo / ECMWF,03:00,2026-09-29 03:00:00,24.3,90.0,0.0,3.2,0.0,1.7021,Cerah Berawan,wmo:2
arjawinangun,"Arjawinangun, Cirebon",2026-09-29,32.09.24.2004,Arjawinangun,kecamatan,no,-6.6453,108.4103,Asia/Jakarta,"BMKG point: Arjawinangun, Kecamatan Arjawinangun",29-09-2026,ECMWF,Open-Meteo / ECMWF,04:00,2026-09-29 04:00:00,24.4,89.0,0.0,3.2,0.0,1.7021,Berawan,wmo:3
arjawinangun,"Arjawinangun, Cirebon",2026-09-29,32.09.24.2004,Arjawinangun,kecamatan,no,-6.6453,108.4103,Asia/Jakarta,"BMKG point: Arjawinangun, Kecamatan Arjawinangun",29-09-2026,ECMWF,Open-Meteo / ECMWF,05:00,2026-09-29 05:00:00,25.0,85.0,0.0,2.9,0.0,1.7021,Cerah Berawan,wmo:2
arjawinangun,"Arjawinangun, Cirebon",2026-09-29,32.09.24.2004,Arjawinangun,kecamatan,no,-6.6453,108.4103,Asia/Jakarta,"BMKG point: Arjawinangun, Kecamatan Arjawinangun",29-09-2026,ECMWF,Open-Meteo / ECMWF,06:00,2026-09-29 06:00:00,26.1,79.0,0.0,2.1,0.0,1.7021,Cerah Berawan,wmo:1
arjawinangun,"Arjawinangun, Cirebon",2026-09-29,32.09.24.2004,Arjawinangun,kecamatan,no,-6.6453,108.4103,Asia/Jakarta,"BMKG point: Arjawinangun, Kecamatan Arjawinangun",29-09-2026,ECMWF,Open-Meteo / ECMWF,07:00,2026-09-29 07:00:00,27.4,73.0,0.0,1.6,0.0,1.7021,Cerah,wmo:0
arjawinangun,"Arjawinangun, Cirebon",2026-09-29,32.09.24.2004,Arjawinangun,kecamatan,no,-6.6453,108.4103,Asia/Jakarta,"BMKG point: Arjawinangun, Kecamatan Arjawinangun",29-09-2026,ECMWF,Open-Meteo / ECMWF,08:00,2026-09-29 08:00:00,29.0,66.0,0.0,4.8,0.0,1.7021,Cerah,wmo:0
arjawinangun,"Arjawinangun, Cirebon",2026-09-29,32.09.24.2004,Arjawinangun,kecamatan,no,-6.6453,108.4103,Asia/Jakarta,"BMKG point: Arjawinangun, Kecamatan Arjawinangun",29-09-2026,ECMWF,Open-Meteo / ECMWF,09:00,2026-09-29 09:00:00,30.8,59.0,0.0,10.1,0.0,1.7021,Cerah,wmo:0
arjawinangun,"Arjawinangun, Cirebon",2026-09-29,32.09.24.2004,Arjawinangun,kecamatan,no,-6.6453,108.4103,Asia/Jakarta,"BMKG point: Arjawinangun, Kecamatan Arjawinangun",29-09-2026,ECMWF,Open-Meteo / ECMWF,10:00,2026-09-29 10:00:00,32.2,54.0,0.0,13.7,0.0,1.7021,Cerah,wmo:0
arjawinangun,"Arjawinangun, Cirebon",2026-09-29,32.09.24.2004,Arjawinangun,kecamatan,no,-6.6453,108.4103,Asia/Jakarta,"BMKG point: Arjawinangun, Kecamatan Arjawinangun",29-09-2026,ECMWF,Open-Meteo / ECMWF,11:00,2026-09-29 11:00:00,32.7,53.0,0.0,14.6,0.0,1.7021,Cerah,wmo:0
arjawinangun,"Arjawinangun, Cirebon",2026-09-29,32.09.24.2004,Arjawinangun,kecamatan,no,-6.6453,108.4103,Asia/Jakarta,"BMKG point: Arjawinangun, Kecamatan Arjawinangun",29-09-2026,ECMWF,Open-Meteo / ECMWF,12:00,2026-09-29 12:00:00,32.7,53.0,0.0,14.1,0.0,1.7021,Cerah,wmo:0
arjawinangun,"Arjawinangun, Cirebon",2026-09-29,32.09.24.2004,Arjawinangun,kecamatan,no,-6.6453,108.4103,Asia/Jakarta,"BMKG point: Arjawinangun, Kecamatan Arjawinangun",29-09-2026,ECMWF,Open-Meteo / ECMWF,13:00,2026-09-29 13:00:00,32.5,55.0,0.0,13.7,0.0,1.7021,Cerah,wmo:0
arjawinangun,"Arjawinangun, Cirebon",2026-09-29,32.09.24.2004,Arjawinangun,kecamatan,no,-6.6453,108.4103,Asia/Jakarta,"BMKG point: Arjawinangun, Kecamatan Arjawinangun",29-09-2026,ECMWF,Open-Meteo / ECMWF,14:00,2026-09-29 14:00:00,31.9,57.0,0.0,13.2,0.0,1.7021,Cerah,wmo:0
arjawinangun,"Arjawinangun, Cirebon",2026-09-29,32.09.24.2004,Arjawinangun,kecamatan,no,-6.6453,108.4103,Asia/Jakarta,"BMKG point: Arjawinangun, Kecamatan Arjawinangun",29-09-2026,ECMWF,Open-Meteo / ECMWF,15:00,2026-09-29 15:00:00,31.1,59.0,0.0,12.8,0.0,1.7021,Cerah,wmo:0
arjawinangun,"Arjawinangun, Cirebon",2026-09-29,32.09.24.2004,Arjawinangun,kecamatan,no,-6.6453,108.4103,Asia/Jakarta,"BMKG point: Arjawinangun, Kecamatan Arjawinangun",29-09-2026,ECMWF,Open-Meteo / ECMWF,16:00,2026-09-29 16:00:00,30.2,62.0,0.0,12.0,0.0,1.7021,Cerah,wmo:0
arjawinangun,"Arjawinangun, Cirebon",2026-09-29,32.09.24.2004,Arjawinangun,kecamatan,no,-6.6453,108.4103,Asia/Jakarta,"BMKG point: Arjawinangun, Kecamatan Arjawinangun",29-09-2026,ECMWF,Open-Meteo / ECMWF,17:00,2026-09-29 17:00:00,29.4,67.0,0.0,10.9,0.0,1.7021,Cerah Berawan,wmo:1
arjawinangun,"Arjawinangun, Cirebon",2026-09-29,32.09.24.2004,Arjawinangun,kecamatan,no,-6.6453,108.4103,Asia/Jakarta,"BMKG point: Arjawinangun, Kecamatan Arjawinangun",29-09-2026,ECMWF,Open-Meteo / ECMWF,18:00,2026-09-29 18:00:00,28.5,73.0,0.0,9.7,0.0,1.7021,Cerah Berawan,wmo:2
arjawinangun,"Arjawinangun, Cirebon",2026-09-29,32.09.24.2004,Arjawinangun,kecamatan,no,-6.6453,108.4103,Asia/Jakarta,"BMKG point: Arjawinangun, Kecamatan Arjawinangun",29-09-2026,ECMWF,Open-Meteo / ECMWF,19:00,2026-09-29 19:00:00,27.8,77.0,0.0,8.7,0.0,1.7021,Berawan,wmo:3
arjawinangun,"Arjawinangun, Cirebon",2026-09-29,32.09.24.2004,Arjawinangun,kecamatan,no,-6.6453,108.4103,Asia/Jakarta,"BMKG point: Arjawinangun, Kecamatan Arjawinangun",29-09-2026,ECMWF,Open-Meteo / ECMWF,20:00,2026-09-29 20:00:00,27.4,78.0,0.0,7.8,0.0,1.7021,Cerah Berawan,wmo:2
arjawinangun,"Arjawinangun, Cirebon",2026-09-29,32.09.24.2004,Arjawinangun,kecamatan,no,-6.6453,108.4103,Asia/Jakarta,"BMKG point: Arjawinangun, Kecamatan Arjawinangun",29-09-2026,ECMWF,Open-Meteo / ECMWF,21:00,2026-09-29 21:00:00,27.2,79.0,0.0,6.5,0.0,1.7021,Cerah Berawan,wmo:1
arjawinangun,"Arjawinangun, Cirebon",2026-09-29,32.09.24.2004,Arjawinangun,kecamatan,no,-6.6453,108.4103,Asia/Jakarta,"BMKG point: Arjawinangun, Kecamatan Arjawinangun",29-09-2026,ECMWF,Open-Meteo / ECMWF,22:00,2026-09-29 22:00:00,27.0,79.0,0.0,5.3,0.0,1.7021,Cerah Berawan,wmo:1
arjawinangun,"Arjawinangun, Cirebon",2026-09-29,32.09.24.2004,Arjawinangun,kecamatan,no,-6.6453,108.4103,Asia/Jakarta,"BMKG point: Arjawinangun, Kecamatan Arjawinangun",29-09-2026,ECMWF,Open-Meteo / ECMWF,23:00,2026-09-29 23:00:00,26.5,81.0,0.0,3.6,0.0,1.7021,Cerah,wmo:0
arjawinangun,"Arjawinangun, Cirebon",2026-09-29,32.09.24.2004,Arjawinangun,kecamatan,no,-6.6453,108.4103,Asia/Jakarta,"BMKG point: Arjawinangun, Kecamatan Arjawinangun",29-09-2026,GFS,Open-Meteo / NOAA GFS,00:00,2026-09-29 00:00:00,26.2,73.0,0.0,5.9,0.0,1.4105,Berawan,wmo:3
arjawinangun,"Arjawinangun, Cirebon",2026-09-29,32.09.24.2004,Arjawinangun,kecamatan,no,-6.6453,108.4103,Asia/Jakarta,"BMKG point: Arjawinangun, Kecamatan Arjawinangun",29-09-2026,GFS,Open-Meteo / NOAA GFS,01:00,2026-09-29 01:00:00,25.8,72.0,0.0,6.0,0.0,1.4105,Cerah Berawan,wmo:2
arjawinangun,"Arjawinangun, Cirebon",2026-09-29,32.09.24.2004,Arjawinangun,kecamatan,no,-6.6453,108.4103,Asia/Jakarta,"BMKG point: Arjawinangun, Kecamatan Arjawinangun",29-09-2026,GFS,Open-Meteo / NOAA GFS,02:00,2026-09-29 02:00:00,25.4,72.0,0.0,5.9,0.0,1.4105,Berawan,wmo:3
arjawinangun,"Arjawinangun, Cirebon",2026-09-29,32.09.24.2004,Arjawinangun,kecamatan,no,-6.6453,108.4103,Asia/Jakarta,"BMKG point: Arjawinangun, Kecamatan Arjawinangun",29-09-2026,GFS,Open-Meteo / NOAA GFS,03:00,2026-09-29 03:00:00,25.1,72.0,0.0,5.0,0.0,1.4105,Berawan,wmo:3
arjawinangun,"Arjawinangun, Cirebon",2026-09-29,32.09.24.2004,Arjawinangun,kecamatan,no,-6.6453,108.4103,Asia/Jakarta,"BMKG point: Arjawinangun, Kecamatan Arjawinangun",29-09-2026,GFS,Open-Meteo / NOAA GFS,04:00,2026-09-29 04:00:00,24.9,72.0,0.0,4.6,0.0,1.4105,Berawan,wmo:3
arjawinangun,"Arjawinangun, Cirebon",2026-09-29,32.09.24.2004,Arjawinangun,kecamatan,no,-6.6453,108.4103,Asia/Jakarta,"BMKG point: Arjawinangun, Kecamatan Arjawinangun",29-09-2026,GFS,Open-Meteo / NOAA GFS,05:00,2026-09-29 05:00:00,24.6,73.0,0.0,1.8,0.0,1.4105,Berawan,wmo:3
arjawinangun,"Arjawinangun, Cirebon",2026-09-29,32.09.24.2004,Arjawinangun,kecamatan,no,-6.6453,108.4103,Asia/Jakarta,"BMKG point: Arjawinangun, Kecamatan Arjawinangun",29-09-2026,GFS,Open-Meteo / NOAA GFS,06:00,2026-09-29 06:00:00,25.1,70.0,0.0,1.8,0.0,1.4105,Berawan,wmo:3
arjawinangun,"Arjawinangun, Cirebon",2026-09-29,32.09.24.2004,Arjawinangun,kecamatan,no,-6.6453,108.4103,Asia/Jakarta,"BMKG point: Arjawinangun, Kecamatan Arjawinangun",29-09-2026,GFS,Open-Meteo / NOAA GFS,07:00,2026-09-29 07:00:00,26.9,62.0,0.0,1.6,0.0,1.4105,Berawan,wmo:3
arjawinangun,"Arjawinangun, Cirebon",2026-09-29,32.09.24.2004,Arjawinangun,kecamatan,no,-6.6453,108.4103,Asia/Jakarta,"BMKG point: Arjawinangun, Kecamatan Arjawinangun",29-09-2026,GFS,Open-Meteo / NOAA GFS,08:00,2026-09-29 08:00:00,29.1,54.0,0.0,3.1,0.0,1.4105,Berawan,wmo:3
arjawinangun,"Arjawinangun, Cirebon",2026-09-29,32.09.24.2004,Arjawinangun,kecamatan,no,-6.6453,108.4103,Asia/Jakarta,"BMKG point: Arjawinangun, Kecamatan Arjawinangun",29-09-2026,GFS,Open-Meteo / NOAA GFS,09:00,2026-09-29 09:00:00,31.2,46.0,0.0,6.6,0.0,1.4105,Berawan,wmo:3
arjawinangun,"Arjawinangun, Cirebon",2026-09-29,32.09.24.2004,Arjawinangun,kecamatan,no,-6.6453,108.4103,Asia/Jakarta,"BMKG point: Arjawinangun, Kecamatan Arjawinangun",29-09-2026,GFS,Open-Meteo / NOAA GFS,10:00,2026-09-29 10:00:00,32.9,42.0,0.0,13.0,0.0,1.4105,Berawan,wmo:3
arjawinangun,"Arjawinangun, Cirebon",2026-09-29,32.09.24.2004,Arjawinangun,kecamatan,no,-6.6453,108.4103,Asia/Jakarta,"BMKG point: Arjawinangun, Kecamatan Arjawinangun",29-09-2026,GFS,Open-Meteo / NOAA GFS,11:00,2026-09-29 11:00:00,34.3,40.0,0.0,18.4,0.0,1.4105,Cerah,wmo:0
arjawinangun,"Arjawinangun, Cirebon",2026-09-29,32.09.24.2004,Arjawinangun,kecamatan,no,-6.6453,108.4103,Asia/Jakarta,"BMKG point: Arjawinangun, Kecamatan Arjawinangun",29-09-2026,GFS,Open-Meteo / NOAA GFS,12:00,2026-09-29 12:00:00,34.1,42.0,0.0,22.7,0.0,1.4105,Cerah Berawan,wmo:1
arjawinangun,"Arjawinangun, Cirebon",2026-09-29,32.09.24.2004,Arjawinangun,kecamatan,no,-6.6453,108.4103,Asia/Jakarta,"BMKG point: Arjawinangun, Kecamatan Arjawinangun",29-09-2026,GFS,Open-Meteo / NOAA GFS,13:00,2026-09-29 13:00:00,33.8,44.0,0.0,22.7,0.0,1.4105,Cerah Berawan,wmo:1
arjawinangun,"Arjawinangun, Cirebon",2026-09-29,32.09.24.2004,Arjawinangun,kecamatan,no,-6.6453,108.4103,Asia/Jakarta,"BMKG point: Arjawinangun, Kecamatan Arjawinangun",29-09-2026,GFS,Open-Meteo / NOAA GFS,14:00,2026-09-29 14:00:00,33.2,47.0,0.0,22.4,0.0,1.4105,Berawan,wmo:3
arjawinangun,"Arjawinangun, Cirebon",2026-09-29,32.09.24.2004,Arjawinangun,kecamatan,no,-6.6453,108.4103,Asia/Jakarta,"BMKG point: Arjawinangun, Kecamatan Arjawinangun",29-09-2026,GFS,Open-Meteo / NOAA GFS,15:00,2026-09-29 15:00:00,32.1,52.0,0.0,19.9,0.0,1.4105,Berawan,wmo:3
arjawinangun,"Arjawinangun, Cirebon",2026-09-29,32.09.24.2004,Arjawinangun,kecamatan,no,-6.6453,108.4103,Asia/Jakarta,"BMKG point: Arjawinangun, Kecamatan Arjawinangun",29-09-2026,GFS,Open-Meteo / NOAA GFS,16:00,2026-09-29 16:00:00,30.9,57.0,0.0,17.1,0.0,1.4105,Berawan,wmo:3
arjawinangun,"Arjawinangun, Cirebon",2026-09-29,32.09.24.2004,Arjawinangun,kecamatan,no,-6.6453,108.4103,Asia/Jakarta,"BMKG point: Arjawinangun, Kecamatan Arjawinangun",29-09-2026,GFS,Open-Meteo / NOAA GFS,17:00,2026-09-29 17:00:00,29.5,64.0,0.0,15.1,0.0,1.4105,Berawan,wmo:3
arjawinangun,"Arjawinangun, Cirebon",2026-09-29,32.09.24.2004,Arjawinangun,kecamatan,no,-6.6453,108.4103,Asia/Jakarta,"BMKG point: Arjawinangun, Kecamatan Arjawinangun",29-09-2026,GFS,Open-Meteo / NOAA GFS,18:00,2026-09-29 18:00:00,27.9,72.0,0.0,12.4,0.0,1.4105,Berawan,wmo:3
arjawinangun,"Arjawinangun, Cirebon",2026-09-29,32.09.24.2004,Arjawinangun,kecamatan,no,-6.6453,108.4103,Asia/Jakarta,"BMKG point: Arjawinangun, Kecamatan Arjawinangun",29-09-2026,GFS,Open-Meteo / NOAA GFS,19:00,2026-09-29 19:00:00,27.3,76.0,0.1,7.8,0.0,1.4105,Hujan Ringan,wmo:51
arjawinangun,"Arjawinangun, Cirebon",2026-09-29,32.09.24.2004,Arjawinangun,kecamatan,no,-6.6453,108.4103,Asia/Jakarta,"BMKG point: Arjawinangun, Kecamatan Arjawinangun",29-09-2026,GFS,Open-Meteo / NOAA GFS,20:00,2026-09-29 20:00:00,27.2,77.0,0.0,6.1,0.0,1.4105,Berawan,wmo:3
arjawinangun,"Arjawinangun, Cirebon",2026-09-29,32.09.24.2004,Arjawinangun,kecamatan,no,-6.6453,108.4103,Asia/Jakarta,"BMKG point: Arjawinangun, Kecamatan Arjawinangun",29-09-2026,GFS,Open-Meteo / NOAA GFS,21:00,2026-09-29 21:00:00,27.0,77.0,0.0,5.8,0.0,1.4105,Berawan,wmo:3
arjawinangun,"Arjawinangun, Cirebon",2026-09-29,32.09.24.2004,Arjawinangun,kecamatan,no,-6.6453,108.4103,Asia/Jakarta,"BMKG point: Arjawinangun, Kecamatan Arjawinangun",29-09-2026,GFS,Open-Meteo / NOAA GFS,22:00,2026-09-29 22:00:00,26.7,78.0,0.0,5.4,0.0,1.4105,Berawan,wmo:3
arjawinangun,"Arjawinangun, Cirebon",2026-09-29,32.09.24.2004,Arjawinangun,kecamatan,no,-6.6453,108.4103,Asia/Jakarta,"BMKG point: Arjawinangun, Kecamatan Arjawinangun",29-09-2026,GFS,Open-Meteo / NOAA GFS,23:00,2026-09-29 23:00:00,26.4,78.0,0.0,4.2,0.0,1.4105,Berawan,wmo:3
arjawinangun,"Arjawinangun, Cirebon",2026-09-29,32.09.24.2004,Arjawinangun,kecamatan,no,-6.6453,108.4103,Asia/Jakarta,"BMKG point: Arjawinangun, Kecamatan Arjawinangun",29-09-2026,ICON,Open-Meteo / DWD ICON,00:00,2026-09-29 00:00:00,26.6,84.0,0.0,5.2,0.0,1.4775,Cerah Berawan,wmo:2
arjawinangun,"Arjawinangun, Cirebon",2026-09-29,32.09.24.2004,Arjawinangun,kecamatan,no,-6.6453,108.4103,Asia/Jakarta,"BMKG point: Arjawinangun, Kecamatan Arjawinangun",29-09-2026,ICON,Open-Meteo / DWD ICON,01:00,2026-09-29 01:00:00,26.3,81.0,0.0,4.8,0.0,1.4775,Cerah Berawan,wmo:2
arjawinangun,"Arjawinangun, Cirebon",2026-09-29,32.09.24.2004,Arjawinangun,kecamatan,no,-6.6453,108.4103,Asia/Jakarta,"BMKG point: Arjawinangun, Kecamatan Arjawinangun",29-09-2026,ICON,Open-Meteo / DWD ICON,02:00,2026-09-29 02:00:00,26.0,79.0,0.0,3.6,0.0,1.4775,Cerah Berawan,wmo:2
arjawinangun,"Arjawinangun, Cirebon",2026-09-29,32.09.24.2004,Arjawinangun,kecamatan,no,-6.6453,108.4103,Asia/Jakarta,"BMKG point: Arjawinangun, Kecamatan Arjawinangun",29-09-2026,ICON,Open-Meteo / DWD ICON,03:00,2026-09-29 03:00:00,25.7,78.0,0.0,2.9,0.0,1.4775,Cerah Berawan,wmo:2
arjawinangun,"Arjawinangun, Cirebon",2026-09-29,32.09.24.2004,Arjawinangun,kecamatan,no,-6.6453,108.4103,Asia/Jakarta,"BMKG point: Arjawinangun, Kecamatan Arjawinangun",29-09-2026,ICON,Open-Meteo / DWD ICON,04:00,2026-09-29 04:00:00,25.3,78.0,0.0,2.9,0.0,1.4775,Cerah Berawan,wmo:2
arjawinangun,"Arjawinangun, Cirebon",2026-09-29,32.09.24.2004,Arjawinangun,kecamatan,no,-6.6453,108.4103,Asia/Jakarta,"BMKG point: Arjawinangun, Kecamatan Arjawinangun",29-09-2026,ICON,Open-Meteo / DWD ICON,05:00,2026-09-29 05:00:00,24.9,79.0,0.0,2.9,0.0,1.4775,Cerah Berawan,wmo:2
arjawinangun,"Arjawinangun, Cirebon",2026-09-29,32.09.24.2004,Arjawinangun,kecamatan,no,-6.6453,108.4103,Asia/Jakarta,"BMKG point: Arjawinangun, Kecamatan Arjawinangun",29-09-2026,ICON,Open-Meteo / DWD ICON,06:00,2026-09-29 06:00:00,24.8,80.0,0.0,3.3,0.0,1.4775,Berawan,wmo:3
arjawinangun,"Arjawinangun, Cirebon",2026-09-29,32.09.24.2004,Arjawinangun,kecamatan,no,-6.6453,108.4103,Asia/Jakarta,"BMKG point: Arjawinangun, Kecamatan Arjawinangun",29-09-2026,ICON,Open-Meteo / DWD ICON,07:00,2026-09-29 07:00:00,26.6,73.0,0.0,5.2,0.0,1.4775,Berawan,wmo:3
arjawinangun,"Arjawinangun, Cirebon",2026-09-29,32.09.24.2004,Arjawinangun,kecamatan,no,-6.6453,108.4103,Asia/Jakarta,"BMKG point: Arjawinangun, Kecamatan Arjawinangun",29-09-2026,ICON,Open-Meteo / DWD ICON,08:00,2026-09-29 08:00:00,29.3,62.0,0.0,7.7,0.0,1.4775,Berawan,wmo:3
arjawinangun,"Arjawinangun, Cirebon",2026-09-29,32.09.24.2004,Arjawinangun,kecamatan,no,-6.6453,108.4103,Asia/Jakarta,"BMKG point: Arjawinangun, Kecamatan Arjawinangun",29-09-2026,ICON,Open-Meteo / DWD ICON,09:00,2026-09-29 09:00:00,31.5,55.0,0.0,10.2,0.0,1.4775,Berawan,wmo:3
arjawinangun,"Arjawinangun, Cirebon",2026-09-29,32.09.24.2004,Arjawinangun,kecamatan,no,-6.6453,108.4103,Asia/Jakarta,"BMKG point: Arjawinangun, Kecamatan Arjawinangun",29-09-2026,ICON,Open-Meteo / DWD ICON,10:00,2026-09-29 10:00:00,33.1,52.0,0.0,14.2,0.0,1.4775,Berawan,wmo:3
arjawinangun,"Arjawinangun, Cirebon",2026-09-29,32.09.24.2004,Arjawinangun,kecamatan,no,-6.6453,108.4103,Asia/Jakarta,"BMKG point: Arjawinangun, Kecamatan Arjawinangun",29-09-2026,ICON,Open-Meteo / DWD ICON,11:00,2026-09-29 11:00:00,34.3,46.0,0.0,16.9,0.0,1.4775,Cerah,wmo:0
arjawinangun,"Arjawinangun, Cirebon",2026-09-29,32.09.24.2004,Arjawinangun,kecamatan,no,-6.6453,108.4103,Asia/Jakarta,"BMKG point: Arjawinangun, Kecamatan Arjawinangun",29-09-2026,ICON,Open-Meteo / DWD ICON,12:00,2026-09-29 12:00:00,34.9,40.0,0.0,19.3,0.0,1.4775,Cerah,wmo:0
arjawinangun,"Arjawinangun, Cirebon",2026-09-29,32.09.24.2004,Arjawinangun,kecamatan,no,-6.6453,108.4103,Asia/Jakarta,"BMKG point: Arjawinangun, Kecamatan Arjawinangun",29-09-2026,ICON,Open-Meteo / DWD ICON,13:00,2026-09-29 13:00:00,35.2,34.0,0.0,21.0,0.0,1.4775,Cerah Berawan,wmo:1
arjawinangun,"Arjawinangun, Cirebon",2026-09-29,32.09.24.2004,Arjawinangun,kecamatan,no,-6.6453,108.4103,Asia/Jakarta,"BMKG point: Arjawinangun, Kecamatan Arjawinangun",29-09-2026,ICON,Open-Meteo / DWD ICON,14:00,2026-09-29 14:00:00,34.9,32.0,0.0,22.3,0.0,1.4775,Cerah,wmo:0
arjawinangun,"Arjawinangun, Cirebon",2026-09-29,32.09.24.2004,Arjawinangun,kecamatan,no,-6.6453,108.4103,Asia/Jakarta,"BMKG point: Arjawinangun, Kecamatan Arjawinangun",29-09-2026,ICON,Open-Meteo / DWD ICON,15:00,2026-09-29 15:00:00,33.7,39.0,0.0,22.6,0.0,1.4775,Cerah,wmo:0
arjawinangun,"Arjawinangun, Cirebon",2026-09-29,32.09.24.2004,Arjawinangun,kecamatan,no,-6.6453,108.4103,Asia/Jakarta,"BMKG point: Arjawinangun, Kecamatan Arjawinangun",29-09-2026,ICON,Open-Meteo / DWD ICON,16:00,2026-09-29 16:00:00,32.3,44.0,0.0,20.8,0.0,1.4775,Cerah,wmo:0
arjawinangun,"Arjawinangun, Cirebon",2026-09-29,32.09.24.2004,Arjawinangun,kecamatan,no,-6.6453,108.4103,Asia/Jakarta,"BMKG point: Arjawinangun, Kecamatan Arjawinangun",29-09-2026,ICON,Open-Meteo / DWD ICON,17:00,2026-09-29 17:00:00,30.5,55.0,0.0,17.0,0.0,1.4775,Cerah,wmo:0
arjawinangun,"Arjawinangun, Cirebon",2026-09-29,32.09.24.2004,Arjawinangun,kecamatan,no,-6.6453,108.4103,Asia/Jakarta,"BMKG point: Arjawinangun, Kecamatan Arjawinangun",29-09-2026,ICON,Open-Meteo / DWD ICON,18:00,2026-09-29 18:00:00,28.7,67.0,0.0,11.0,0.0,1.4775,Cerah,wmo:0
arjawinangun,"Arjawinangun, Cirebon",2026-09-29,32.09.24.2004,Arjawinangun,kecamatan,no,-6.6453,108.4103,Asia/Jakarta,"BMKG point: Arjawinangun, Kecamatan Arjawinangun",29-09-2026,ICON,Open-Meteo / DWD ICON,19:00,2026-09-29 19:00:00,27.6,72.0,0.0,7.6,0.0,1.4775,Cerah,wmo:0
arjawinangun,"Arjawinangun, Cirebon",2026-09-29,32.09.24.2004,Arjawinangun,kecamatan,no,-6.6453,108.4103,Asia/Jakarta,"BMKG point: Arjawinangun, Kecamatan Arjawinangun",29-09-2026,ICON,Open-Meteo / DWD ICON,20:00,2026-09-29 20:00:00,26.8,76.0,0.0,6.9,0.0,1.4775,Cerah,wmo:0
arjawinangun,"Arjawinangun, Cirebon",2026-09-29,32.09.24.2004,Arjawinangun,kecamatan,no,-6.6453,108.4103,Asia/Jakarta,"BMKG point: Arjawinangun, Kecamatan Arjawinangun",29-09-2026,ICON,Open-Meteo / DWD ICON,21:00,2026-09-29 21:00:00,26.3,81.0,0.0,6.4,0.0,1.4775,Cerah,wmo:0
arjawinangun,"Arjawinangun, Cirebon",2026-09-29,32.09.24.2004,Arjawinangun,kecamatan,no,-6.6453,108.4103,Asia/Jakarta,"BMKG point: Arjawinangun, Kecamatan Arjawinangun",29-09-2026,ICON,Open-Meteo / DWD ICON,22:00,2026-09-29 22:00:00,26.0,81.0,0.0,5.3,0.0,1.4775,Cerah,wmo:0
arjawinangun,"Arjawinangun, Cirebon",2026-09-29,32.09.24.2004,Arjawinangun,kecamatan,no,-6.6453,108.4103,Asia/Jakarta,"BMKG point: Arjawinangun, Kecamatan Arjawinangun",29-09-2026,ICON,Open-Meteo / DWD ICON,23:00,2026-09-29 23:00:00,25.6,76.0,0.0,4.4,0.0,1.4775,Cerah,wmo:0
arjawinangun,"Arjawinangun, Cirebon",2026-09-29,32.09.24.2004,Arjawinangun,kecamatan,no,-6.6453,108.4103,Asia/Jakarta,"BMKG point: Arjawinangun, Kecamatan Arjawinangun",29-09-2026,KMA,Open-Meteo / KMA,00:00,2026-09-29 00:00:00,,,,,0.0,0.5491,Berawan,wmo:None
arjawinangun,"Arjawinangun, Cirebon",2026-09-29,32.09.24.2004,Arjawinangun,kecamatan,no,-6.6453,108.4103,Asia/Jakarta,"BMKG point: Arjawinangun, Kecamatan Arjawinangun",29-09-2026,KMA,Open-Meteo / KMA,01:00,2026-09-29 01:00:00,,,,,0.0,0.5491,Berawan,wmo:None
arjawinangun,"Arjawinangun, Cirebon",2026-09-29,32.09.24.2004,Arjawinangun,kecamatan,no,-6.6453,108.4103,Asia/Jakarta,"BMKG point: Arjawinangun, Kecamatan Arjawinangun",29-09-2026,KMA,Open-Meteo / KMA,02:00,2026-09-29 02:00:00,,,,,0.0,0.5491,Berawan,wmo:None
arjawinangun,"Arjawinangun, Cirebon",2026-09-29,32.09.24.2004,Arjawinangun,kecamatan,no,-6.6453,108.4103,Asia/Jakarta,"BMKG point: Arjawinangun, Kecamatan Arjawinangun",29-09-2026,KMA,Open-Meteo / KMA,03:00,2026-09-29 03:00:00,,,,,0.0,0.5491,Berawan,wmo:None
arjawinangun,"Arjawinangun, Cirebon",2026-09-29,32.09.24.2004,Arjawinangun,kecamatan,no,-6.6453,108.4103,Asia/Jakarta,"BMKG point: Arjawinangun, Kecamatan Arjawinangun",29-09-2026,KMA,Open-Meteo / KMA,04:00,2026-09-29 04:00:00,,,,,0.0,0.5491,Berawan,wmo:None
arjawinangun,"Arjawinangun, Cirebon",2026-09-29,32.09.24.2004,Arjawinangun,kecamatan,no,-6.6453,108.4103,Asia/Jakarta,"BMKG point: Arjawinangun, Kecamatan Arjawinangun",29-09-2026,KMA,Open-Meteo / KMA,05:00,2026-09-29 05:00:00,,,,,0.0,0.5491,Berawan,wmo:None
arjawinangun,"Arjawinangun, Cirebon",2026-09-29,32.09.24.2004,Arjawinangun,kecamatan,no,-6.6453,108.4103,Asia/Jakarta,"BMKG point: Arjawinangun, Kecamatan Arjawinangun",29-09-2026,KMA,Open-Meteo / KMA,06:00,2026-09-29 06:00:00,,,,,0.0,0.5491,Berawan,wmo:None
arjawinangun,"Arjawinangun, Cirebon",2026-09-29,32.09.24.2004,Arjawinangun,kecamatan,no,-6.6453,108.4103,Asia/Jakarta,"BMKG point: Arjawinangun, Kecamatan Arjawinangun",29-09-2026,KMA,Open-Meteo / KMA,07:00,2026-09-29 07:00:00,,,,,0.0,0.5491,Berawan,wmo:None
arjawinangun,"Arjawinangun, Cirebon",2026-09-29,32.09.24.2004,Arjawinangun,kecamatan,no,-6.6453,108.4103,Asia/Jakarta,"BMKG point: Arjawinangun, Kecamatan Arjawinangun",29-09-2026,KMA,Open-Meteo / KMA,08:00,2026-09-29 08:00:00,,,,,0.0,0.5491,Berawan,wmo:None
arjawinangun,"Arjawinangun, Cirebon",2026-09-29,32.09.24.2004,Arjawinangun,kecamatan,no,-6.6453,108.4103,Asia/Jakarta,"BMKG point: Arjawinangun, Kecamatan Arjawinangun",29-09-2026,KMA,Open-Meteo / KMA,09:00,2026-09-29 09:00:00,,,,,0.0,0.5491,Berawan,wmo:None
arjawinangun,"Arjawinangun, Cirebon",2026-09-29,32.09.24.2004,Arjawinangun,kecamatan,no,-6.6453,108.4103,Asia/Jakarta,"BMKG point: Arjawinangun, Kecamatan Arjawinangun",29-09-2026,KMA,Open-Meteo / KMA,10:00,2026-09-29 10:00:00,,,,,0.0,0.5491,Berawan,wmo:None
arjawinangun,"Arjawinangun, Cirebon",2026-09-29,32.09.24.2004,Arjawinangun,kecamatan,no,-6.6453,108.4103,Asia/Jakarta,"BMKG point: Arjawinangun, Kecamatan Arjawinangun",29-09-2026,KMA,Open-Meteo / KMA,11:00,2026-09-29 11:00:00,,,,,0.0,0.5491,Berawan,wmo:None
arjawinangun,"Arjawinangun, Cirebon",2026-09-29,32.09.24.2004,Arjawinangun,kecamatan,no,-6.6453,108.4103,Asia/Jakarta,"BMKG point: Arjawinangun, Kecamatan Arjawinangun",29-09-2026,KMA,Open-Meteo / KMA,12:00,2026-09-29 12:00:00,,,,,0.0,0.5491,Berawan,wmo:None
arjawinangun,"Arjawinangun, Cirebon",2026-09-29,32.09.24.2004,Arjawinangun,kecamatan,no,-6.6453,108.4103,Asia/Jakarta,"BMKG point: Arjawinangun, Kecamatan Arjawinangun",29-09-2026,KMA,Open-Meteo / KMA,13:00,2026-09-29 13:00:00,,,,,0.0,0.5491,Berawan,wmo:None
arjawinangun,"Arjawinangun, Cirebon",2026-09-29,32.09.24.2004,Arjawinangun,kecamatan,no,-6.6453,108.4103,Asia/Jakarta,"BMKG point: Arjawinangun, Kecamatan Arjawinangun",29-09-2026,KMA,Open-Meteo / KMA,14:00,2026-09-29 14:00:00,,,,,0.0,0.5491,Berawan,wmo:None
arjawinangun,"Arjawinangun, Cirebon",2026-09-29,32.09.24.2004,Arjawinangun,kecamatan,no,-6.6453,108.4103,Asia/Jakarta,"BMKG point: Arjawinangun, Kecamatan Arjawinangun",29-09-2026,KMA,Open-Meteo / KMA,15:00,2026-09-29 15:00:00,,,,,0.0,0.5491,Berawan,wmo:None
arjawinangun,"Arjawinangun, Cirebon",2026-09-29,32.09.24.2004,Arjawinangun,kecamatan,no,-6.6453,108.4103,Asia/Jakarta,"BMKG point: Arjawinangun, Kecamatan Arjawinangun",29-09-2026,KMA,Open-Meteo / KMA,16:00,2026-09-29 16:00:00,,,,,0.0,0.5491,Berawan,wmo:None
arjawinangun,"Arjawinangun, Cirebon",2026-09-29,32.09.24.2004,Arjawinangun,kecamatan,no,-6.6453,108.4103,Asia/Jakarta,"BMKG point: Arjawinangun, Kecamatan Arjawinangun",29-09-2026,KMA,Open-Meteo / KMA,17:00,2026-09-29 17:00:00,,,,,0.0,0.5491,Berawan,wmo:None
arjawinangun,"Arjawinangun, Cirebon",2026-09-29,32.09.24.2004,Arjawinangun,kecamatan,no,-6.6453,108.4103,Asia/Jakarta,"BMKG point: Arjawinangun, Kecamatan Arjawinangun",29-09-2026,KMA,Open-Meteo / KMA,18:00,2026-09-29 18:00:00,,,,,0.0,0.5491,Berawan,wmo:None
arjawinangun,"Arjawinangun, Cirebon",2026-09-29,32.09.24.2004,Arjawinangun,kecamatan,no,-6.6453,108.4103,Asia/Jakarta,"BMKG point: Arjawinangun, Kecamatan Arjawinangun",29-09-2026,KMA,Open-Meteo / KMA,19:00,2026-09-29 19:00:00,,,,,0.0,0.5491,Berawan,wmo:None
arjawinangun,"Arjawinangun, Cirebon",2026-09-29,32.09.24.2004,Arjawinangun,kecamatan,no,-6.6453,108.4103,Asia/Jakarta,"BMKG point: Arjawinangun, Kecamatan Arjawinangun",29-09-2026,KMA,Open-Meteo / KMA,20:00,2026-09-29 20:00:00,,,,,0.0,0.5491,Berawan,wmo:None
arjawinangun,"Arjawinangun, Cirebon",2026-09-29,32.09.24.2004,Arjawinangun,kecamatan,no,-6.6453,108.4103,Asia/Jakarta,"BMKG point: Arjawinangun, Kecamatan Arjawinangun",29-09-2026,KMA,Open-Meteo / KMA,21:00,2026-09-29 21:00:00,,,,,0.0,0.5491,Berawan,wmo:None
arjawinangun,"Arjawinangun, Cirebon",2026-09-29,32.09.24.2004,Arjawinangun,kecamatan,no,-6.6453,108.4103,Asia/Jakarta,"BMKG point: Arjawinangun, Kecamatan Arjawinangun",29-09-2026,KMA,Open-Meteo / KMA,22:00,2026-09-29 22:00:00,,,,,0.0,0.5491,Berawan,wmo:None
arjawinangun,"Arjawinangun, Cirebon",2026-09-29,32.09.24.2004,Arjawinangun,kecamatan,no,-6.6453,108.4103,Asia/Jakarta,"BMKG point: Arjawinangun, Kecamatan Arjawinangun",29-09-2026,KMA,Open-Meteo / KMA,23:00,2026-09-29 23:00:00,,,,,0.0,0.5491,Berawan,wmo:None
arjawinangun,"Arjawinangun, Cirebon",2026-09-29,32.09.24.2004,Arjawinangun,kecamatan,no,-6.6453,108.4103,Asia/Jakarta,"BMKG point: Arjawinangun, Kecamatan Arjawinangun",29-09-2026,METEOFRANCE,Open-Meteo / Meteo-France,00:00,2026-09-29 00:00:00,28.7,72.0,0.0,9.6,0.0,1.5362,Cerah Berawan,wmo:2
arjawinangun,"Arjawinangun, Cirebon",2026-09-29,32.09.24.2004,Arjawinangun,kecamatan,no,-6.6453,108.4103,Asia/Jakarta,"BMKG point: Arjawinangun, Kecamatan Arjawinangun",29-09-2026,METEOFRANCE,Open-Meteo / Meteo-France,01:00,2026-09-29 01:00:00,28.5,74.0,0.0,8.6,0.0,1.5362,Cerah Berawan,wmo:2
arjawinangun,"Arjawinangun, Cirebon",2026-09-29,32.09.24.2004,Arjawinangun,kecamatan,no,-6.6453,108.4103,Asia/Jakarta,"BMKG point: Arjawinangun, Kecamatan Arjawinangun",29-09-2026,METEOFRANCE,Open-Meteo / Meteo-France,02:00,2026-09-29 02:00:00,28.3,75.0,0.0,7.9,0.0,1.5362,Cerah Berawan,wmo:2
arjawinangun,"Arjawinangun, Cirebon",2026-09-29,32.09.24.2004,Arjawinangun,kecamatan,no,-6.6453,108.4103,Asia/Jakarta,"BMKG point: Arjawinangun, Kecamatan Arjawinangun",29-09-2026,METEOFRANCE,Open-Meteo / Meteo-France,03:00,2026-09-29 03:00:00,28.1,76.0,0.0,7.0,0.0,1.5362,Berawan,wmo:3
arjawinangun,"Arjawinangun, Cirebon",2026-09-29,32.09.24.2004,Arjawinangun,kecamatan,no,-6.6453,108.4103,Asia/Jakarta,"BMKG point: Arjawinangun, Kecamatan Arjawinangun",29-09-2026,METEOFRANCE,Open-Meteo / Meteo-France,04:00,2026-09-29 04:00:00,28.1,76.0,0.0,6.4,0.0,1.5362,Berawan,wmo:3
arjawinangun,"Arjawinangun, Cirebon",2026-09-29,32.09.24.2004,Arjawinangun,kecamatan,no,-6.6453,108.4103,Asia/Jakarta,"BMKG point: Arjawinangun, Kecamatan Arjawinangun",29-09-2026,METEOFRANCE,Open-Meteo / Meteo-France,05:00,2026-09-29 05:00:00,28.0,75.0,0.0,6.1,0.0,1.5362,Berawan,wmo:3
arjawinangun,"Arjawinangun, Cirebon",2026-09-29,32.09.24.2004,Arjawinangun,kecamatan,no,-6.6453,108.4103,Asia/Jakarta,"BMKG point: Arjawinangun, Kecamatan Arjawinangun",29-09-2026,METEOFRANCE,Open-Meteo / Meteo-France,06:00,2026-09-29 06:00:00,28.1,74.0,0.0,6.4,0.0,1.5362,Cerah Berawan,wmo:2
arjawinangun,"Arjawinangun, Cirebon",2026-09-29,32.09.24.2004,Arjawinangun,kecamatan,no,-6.6453,108.4103,Asia/Jakarta,"BMKG point: Arjawinangun, Kecamatan Arjawinangun",29-09-2026,METEOFRANCE,Open-Meteo / Meteo-France,07:00,2026-09-29 07:00:00,28.6,71.0,0.0,7.1,0.0,1.5362,Cerah Berawan,wmo:2
arjawinangun,"Arjawinangun, Cirebon",2026-09-29,32.09.24.2004,Arjawinangun,kecamatan,no,-6.6453,108.4103,Asia/Jakarta,"BMKG point: Arjawinangun, Kecamatan Arjawinangun",29-09-2026,METEOFRANCE,Open-Meteo / Meteo-France,08:00,2026-09-29 08:00:00,30.1,64.0,0.0,7.4,0.0,1.5362,Cerah Berawan,wmo:1
arjawinangun,"Arjawinangun, Cirebon",2026-09-29,32.09.24.2004,Arjawinangun,kecamatan,no,-6.6453,108.4103,Asia/Jakarta,"BMKG point: Arjawinangun, Kecamatan Arjawinangun",29-09-2026,METEOFRANCE,Open-Meteo / Meteo-France,09:00,2026-09-29 09:00:00,32.2,56.0,0.0,8.9,0.0,1.5362,Cerah Berawan,wmo:1
arjawinangun,"Arjawinangun, Cirebon",2026-09-29,32.09.24.2004,Arjawinangun,kecamatan,no,-6.6453,108.4103,Asia/Jakarta,"BMKG point: Arjawinangun, Kecamatan Arjawinangun",29-09-2026,METEOFRANCE,Open-Meteo / Meteo-France,10:00,2026-09-29 10:00:00,33.8,49.0,0.0,11.2,0.0,1.5362,Cerah,wmo:0
arjawinangun,"Arjawinangun, Cirebon",2026-09-29,32.09.24.2004,Arjawinangun,kecamatan,no,-6.6453,108.4103,Asia/Jakarta,"BMKG point: Arjawinangun, Kecamatan Arjawinangun",29-09-2026,METEOFRANCE,Open-Meteo / Meteo-France,11:00,2026-09-29 11:00:00,34.7,46.0,0.0,13.7,0.0,1.5362,Cerah,wmo:0
arjawinangun,"Arjawinangun, Cirebon",2026-09-29,32.09.24.2004,Arjawinangun,kecamatan,no,-6.6453,108.4103,Asia/Jakarta,"BMKG point: Arjawinangun, Kecamatan Arjawinangun",29-09-2026,METEOFRANCE,Open-Meteo / Meteo-France,12:00,2026-09-29 12:00:00,35.2,46.0,0.0,16.6,0.0,1.5362,Cerah,wmo:0
arjawinangun,"Arjawinangun, Cirebon",2026-09-29,32.09.24.2004,Arjawinangun,kecamatan,no,-6.6453,108.4103,Asia/Jakarta,"BMKG point: Arjawinangun, Kecamatan Arjawinangun",29-09-2026,METEOFRANCE,Open-Meteo / Meteo-France,13:00,2026-09-29 13:00:00,35.2,46.0,0.0,18.9,0.0,1.5362,Cerah,wmo:0
arjawinangun,"Arjawinangun, Cirebon",2026-09-29,32.09.24.2004,Arjawinangun,kecamatan,no,-6.6453,108.4103,Asia/Jakarta,"BMKG point: Arjawinangun, Kecamatan Arjawinangun",29-09-2026,METEOFRANCE,Open-Meteo / Meteo-France,14:00,2026-09-29 14:00:00,34.6,47.0,0.0,18.9,0.0,1.5362,Cerah,wmo:0
arjawinangun,"Arjawinangun, Cirebon",2026-09-29,32.09.24.2004,Arjawinangun,kecamatan,no,-6.6453,108.4103,Asia/Jakarta,"BMKG point: Arjawinangun, Kecamatan Arjawinangun",29-09-2026,METEOFRANCE,Open-Meteo / Meteo-France,15:00,2026-09-29 15:00:00,33.4,49.0,0.0,17.6,0.0,1.5362,Cerah,wmo:0
arjawinangun,"Arjawinangun, Cirebon",2026-09-29,32.09.24.2004,Arjawinangun,kecamatan,no,-6.6453,108.4103,Asia/Jakarta,"BMKG point: Arjawinangun, Kecamatan Arjawinangun",29-09-2026,METEOFRANCE,Open-Meteo / Meteo-France,16:00,2026-09-29 16:00:00,32.3,53.0,0.0,15.8,0.0,1.5362,Cerah,wmo:0
arjawinangun,"Arjawinangun, Cirebon",2026-09-29,32.09.24.2004,Arjawinangun,kecamatan,no,-6.6453,108.4103,Asia/Jakarta,"BMKG point: Arjawinangun, Kecamatan Arjawinangun",29-09-2026,METEOFRANCE,Open-Meteo / Meteo-France,17:00,2026-09-29 17:00:00,31.1,59.0,0.0,13.4,0.0,1.5362,Cerah,wmo:0
arjawinangun,"Arjawinangun, Cirebon",2026-09-29,32.09.24.2004,Arjawinangun,kecamatan,no,-6.6453,108.4103,Asia/Jakarta,"BMKG point: Arjawinangun, Kecamatan Arjawinangun",29-09-2026,METEOFRANCE,Open-Meteo / Meteo-France,18:00,2026-09-29 18:00:00,29.9,66.0,0.0,10.8,0.0,1.5362,Cerah Berawan,wmo:1
arjawinangun,"Arjawinangun, Cirebon",2026-09-29,32.09.24.2004,Arjawinangun,kecamatan,no,-6.6453,108.4103,Asia/Jakarta,"BMKG point: Arjawinangun, Kecamatan Arjawinangun",29-09-2026,METEOFRANCE,Open-Meteo / Meteo-France,19:00,2026-09-29 19:00:00,29.0,72.0,0.0,9.4,0.0,1.5362,Cerah Berawan,wmo:1
arjawinangun,"Arjawinangun, Cirebon",2026-09-29,32.09.24.2004,Arjawinangun,kecamatan,no,-6.6453,108.4103,Asia/Jakarta,"BMKG point: Arjawinangun, Kecamatan Arjawinangun",29-09-2026,METEOFRANCE,Open-Meteo / Meteo-France,20:00,2026-09-29 20:00:00,28.6,74.0,0.0,8.6,0.0,1.5362,Cerah Berawan,wmo:1
arjawinangun,"Arjawinangun, Cirebon",2026-09-29,32.09.24.2004,Arjawinangun,kecamatan,no,-6.6453,108.4103,Asia/Jakarta,"BMKG point: Arjawinangun, Kecamatan Arjawinangun",29-09-2026,METEOFRANCE,Open-Meteo / Meteo-France,21:00,2026-09-29 21:00:00,28.6,74.0,0.0,8.2,0.0,1.5362,Cerah Berawan,wmo:2
arjawinangun,"Arjawinangun, Cirebon",2026-09-29,32.09.24.2004,Arjawinangun,kecamatan,no,-6.6453,108.4103,Asia/Jakarta,"BMKG point: Arjawinangun, Kecamatan Arjawinangun",29-09-2026,METEOFRANCE,Open-Meteo / Meteo-France,22:00,2026-09-29 22:00:00,28.6,74.0,0.0,8.2,0.0,1.5362,Cerah Berawan,wmo:2
arjawinangun,"Arjawinangun, Cirebon",2026-09-29,32.09.24.2004,Arjawinangun,kecamatan,no,-6.6453,108.4103,Asia/Jakarta,"BMKG point: Arjawinangun, Kecamatan Arjawinangun",29-09-2026,METEOFRANCE,Open-Meteo / Meteo-France,23:00,2026-09-29 23:00:00,28.4,74.0,0.0,8.2,0.0,1.5362,Berawan,wmo:3
arjawinangun,"Arjawinangun, Cirebon",2026-09-29,32.09.24.2004,Arjawinangun,kecamatan,no,-6.6453,108.4103,Asia/Jakarta,"BMKG point: Arjawinangun, Kecamatan Arjawinangun",29-09-2026,METNO,MET Norway,00:00,2026-09-29 00:00:00,27.6,74.2,0.0,14.76,0.0,1.3977,Cerah,clearsky_night
arjawinangun,"Arjawinangun, Cirebon",2026-09-29,32.09.24.2004,Arjawinangun,kecamatan,no,-6.6453,108.4103,Asia/Jakarta,"BMKG point: Arjawinangun, Kecamatan Arjawinangun",29-09-2026,METNO,MET Norway,01:00,2026-09-29 01:00:00,27.2,76.1,0.0,12.6,0.0,1.3977,Cerah,clearsky_night
arjawinangun,"Arjawinangun, Cirebon",2026-09-29,32.09.24.2004,Arjawinangun,kecamatan,no,-6.6453,108.4103,Asia/Jakarta,"BMKG point: Arjawinangun, Kecamatan Arjawinangun",29-09-2026,METNO,MET Norway,02:00,2026-09-29 02:00:00,26.8,76.9,0.0,10.44,0.0,1.3977,Cerah Berawan,fair_night
arjawinangun,"Arjawinangun, Cirebon",2026-09-29,32.09.24.2004,Arjawinangun,kecamatan,no,-6.6453,108.4103,Asia/Jakarta,"BMKG point: Arjawinangun, Kecamatan Arjawinangun",29-09-2026,METNO,MET Norway,03:00,2026-09-29 03:00:00,26.5,76.6,0.0,9.36,0.0,1.3977,Cerah Berawan,partlycloudy_night
arjawinangun,"Arjawinangun, Cirebon",2026-09-29,32.09.24.2004,Arjawinangun,kecamatan,no,-6.6453,108.4103,Asia/Jakarta,"BMKG point: Arjawinangun, Kecamatan Arjawinangun",29-09-2026,METNO,MET Norway,04:00,2026-09-29 04:00:00,26.1,77.1,0.0,8.28,0.0,1.3977,Cerah Berawan,partlycloudy_night
arjawinangun,"Arjawinangun, Cirebon",2026-09-29,32.09.24.2004,Arjawinangun,kecamatan,no,-6.6453,108.4103,Asia/Jakarta,"BMKG point: Arjawinangun, Kecamatan Arjawinangun",29-09-2026,METNO,MET Norway,05:00,2026-09-29 05:00:00,25.8,77.7,0.0,7.2,0.0,1.3977,Cerah Berawan,partlycloudy_night
arjawinangun,"Arjawinangun, Cirebon",2026-09-29,32.09.24.2004,Arjawinangun,kecamatan,no,-6.6453,108.4103,Asia/Jakarta,"BMKG point: Arjawinangun, Kecamatan Arjawinangun",29-09-2026,METNO,MET Norway,06:00,2026-09-29 06:00:00,25.9,76.9,0.0,7.56,0.0,1.3977,Cerah,clearsky_day
arjawinangun,"Arjawinangun, Cirebon",2026-09-29,32.09.24.2004,Arjawinangun,kecamatan,no,-6.6453,108.4103,Asia/Jakarta,"BMKG point: Arjawinangun, Kecamatan Arjawinangun",29-09-2026,METNO,MET Norway,07:00,2026-09-29 07:00:00,27.5,67.6,0.0,9.72,0.0,1.3977,Cerah,clearsky_day
arjawinangun,"Arjawinangun, Cirebon",2026-09-29,32.09.24.2004,Arjawinangun,kecamatan,no,-6.6453,108.4103,Asia/Jakarta,"BMKG point: Arjawinangun, Kecamatan Arjawinangun",29-09-2026,METNO,MET Norway,08:00,2026-09-29 08:00:00,29.9,59.0,0.0,12.6,0.0,1.3977,Cerah,clearsky_day
arjawinangun,"Arjawinangun, Cirebon",2026-09-29,32.09.24.2004,Arjawinangun,kecamatan,no,-6.6453,108.4103,Asia/Jakarta,"BMKG point: Arjawinangun, Kecamatan Arjawinangun",29-09-2026,METNO,MET Norway,09:00,2026-09-29 09:00:00,32.3,50.4,0.0,15.48,0.0,1.3977,Cerah,clearsky_day
arjawinangun,"Arjawinangun, Cirebon",2026-09-29,32.09.24.2004,Arjawinangun,kecamatan,no,-6.6453,108.4103,Asia/Jakarta,"BMKG point: Arjawinangun, Kecamatan Arjawinangun",29-09-2026,METNO,MET Norway,10:00,2026-09-29 10:00:00,33.4,47.4,0.0,17.28,0.0,1.3977,Cerah,clearsky_day
arjawinangun,"Arjawinangun, Cirebon",2026-09-29,32.09.24.2004,Arjawinangun,kecamatan,no,-6.6453,108.4103,Asia/Jakarta,"BMKG point: Arjawinangun, Kecamatan Arjawinangun",29-09-2026,METNO,MET Norway,11:00,2026-09-29 11:00:00,33.8,45.0,0.0,18.72,0.0,1.3977,Cerah,clearsky_day
arjawinangun,"Arjawinangun, Cirebon",2026-09-29,32.09.24.2004,Arjawinangun,kecamatan,no,-6.6453,108.4103,Asia/Jakarta,"BMKG point: Arjawinangun, Kecamatan Arjawinangun",29-09-2026,METNO,MET Norway,12:00,2026-09-29 12:00:00,34.6,41.9,0.0,18.72,0.0,1.3977,Cerah,clearsky_day
arjawinangun,"Arjawinangun, Cirebon",2026-09-29,32.09.24.2004,Arjawinangun,kecamatan,no,-6.6453,108.4103,Asia/Jakarta,"BMKG point: Arjawinangun, Kecamatan Arjawinangun",29-09-2026,METNO,MET Norway,13:00,2026-09-29 13:00:00,34.5,43.8,0.0,19.44,0.0,1.3977,Cerah,clearsky_day
arjawinangun,"Arjawinangun, Cirebon",2026-09-29,32.09.24.2004,Arjawinangun,kecamatan,no,-6.6453,108.4103,Asia/Jakarta,"BMKG point: Arjawinangun, Kecamatan Arjawinangun",29-09-2026,METNO,MET Norway,14:00,2026-09-29 14:00:00,33.7,46.1,0.0,20.16,0.0,1.3977,Cerah,clearsky_day
arjawinangun,"Arjawinangun, Cirebon",2026-09-29,32.09.24.2004,Arjawinangun,kecamatan,no,-6.6453,108.4103,Asia/Jakarta,"BMKG point: Arjawinangun, Kecamatan Arjawinangun",29-09-2026,METNO,MET Norway,15:00,2026-09-29 15:00:00,32.8,50.5,0.0,20.52,0.0,1.3977,Cerah,clearsky_day
arjawinangun,"Arjawinangun, Cirebon",2026-09-29,32.09.24.2004,Arjawinangun,kecamatan,no,-6.6453,108.4103,Asia/Jakarta,"BMKG point: Arjawinangun, Kecamatan Arjawinangun",29-09-2026,METNO,MET Norway,16:00,2026-09-29 16:00:00,31.5,54.0,0.0,20.16,0.0,1.3977,Cerah,clearsky_day
arjawinangun,"Arjawinangun, Cirebon",2026-09-29,32.09.24.2004,Arjawinangun,kecamatan,no,-6.6453,108.4103,Asia/Jakarta,"BMKG point: Arjawinangun, Kecamatan Arjawinangun",29-09-2026,METNO,MET Norway,17:00,2026-09-29 17:00:00,30.1,59.2,0.0,18.72,0.0,1.3977,Cerah,clearsky_day
arjawinangun,"Arjawinangun, Cirebon",2026-09-29,32.09.24.2004,Arjawinangun,kecamatan,no,-6.6453,108.4103,Asia/Jakarta,"BMKG point: Arjawinangun, Kecamatan Arjawinangun",29-09-2026,METNO,MET Norway,18:00,2026-09-29 18:00:00,29.0,65.6,0.0,16.2,0.0,1.3977,Cerah Berawan,partlycloudy_night
arjawinangun,"Arjawinangun, Cirebon",2026-09-29,32.09.24.2004,Arjawinangun,kecamatan,no,-6.6453,108.4103,Asia/Jakarta,"BMKG point: Arjawinangun, Kecamatan Arjawinangun",29-09-2026,METNO,MET Norway,19:00,2026-09-29 19:00:00,28.7,68.3,0.0,14.76,0.0,1.3977,Cerah Berawan,partlycloudy_night
arjawinangun,"Arjawinangun, Cirebon",2026-09-29,32.09.24.2004,Arjawinangun,kecamatan,no,-6.6453,108.4103,Asia/Jakarta,"BMKG point: Arjawinangun, Kecamatan Arjawinangun",29-09-2026,METNO,MET Norway,20:00,2026-09-29 20:00:00,28.6,70.9,0.0,14.4,0.0,1.3977,Cerah Berawan,partlycloudy_night
arjawinangun,"Arjawinangun, Cirebon",2026-09-29,32.09.24.2004,Arjawinangun,kecamatan,no,-6.6453,108.4103,Asia/Jakarta,"BMKG point: Arjawinangun, Kecamatan Arjawinangun",29-09-2026,METNO,MET Norway,21:00,2026-09-29 21:00:00,28.5,71.7,0.0,13.32,0.0,1.3977,Cerah Berawan,fair_night
arjawinangun,"Arjawinangun, Cirebon",2026-09-29,32.09.24.2004,Arjawinangun,kecamatan,no,-6.6453,108.4103,Asia/Jakarta,"BMKG point: Arjawinangun, Kecamatan Arjawinangun",29-09-2026,METNO,MET Norway,22:00,2026-09-29 22:00:00,28.3,72.4,0.0,12.24,0.0,1.3977,Cerah Berawan,fair_night
arjawinangun,"Arjawinangun, Cirebon",2026-09-29,32.09.24.2004,Arjawinangun,kecamatan,no,-6.6453,108.4103,Asia/Jakarta,"BMKG point: Arjawinangun, Kecamatan Arjawinangun",29-09-2026,METNO,MET Norway,23:00,2026-09-29 23:00:00,27.9,74.1,0.0,13.32,0.0,1.3977,Cerah Berawan,fair_night
arjawinangun,"Arjawinangun, Cirebon",2026-09-29,32.09.24.2004,Arjawinangun,kecamatan,no,-6.6453,108.4103,Asia/Jakarta,"BMKG point: Arjawinangun, Kecamatan Arjawinangun",29-09-2026,UKMO,Open-Meteo / UK Met Office,00:00,2026-09-29 00:00:00,26.0,82.0,0.1,6.8,0.0,1.3307,Hujan Ringan,wmo:51
arjawinangun,"Arjawinangun, Cirebon",2026-09-29,32.09.24.2004,Arjawinangun,kecamatan,no,-6.6453,108.4103,Asia/Jakarta,"BMKG point: Arjawinangun, Kecamatan Arjawinangun",29-09-2026,UKMO,Open-Meteo / UK Met Office,01:00,2026-09-29 01:00:00,25.6,82.0,0.0,5.8,0.0,1.3307,Cerah,wmo:0
arjawinangun,"Arjawinangun, Cirebon",2026-09-29,32.09.24.2004,Arjawinangun,kecamatan,no,-6.6453,108.4103,Asia/Jakarta,"BMKG point: Arjawinangun, Kecamatan Arjawinangun",29-09-2026,UKMO,Open-Meteo / UK Met Office,02:00,2026-09-29 02:00:00,25.3,84.0,0.0,4.3,0.0,1.3307,Cerah,wmo:0
arjawinangun,"Arjawinangun, Cirebon",2026-09-29,32.09.24.2004,Arjawinangun,kecamatan,no,-6.6453,108.4103,Asia/Jakarta,"BMKG point: Arjawinangun, Kecamatan Arjawinangun",29-09-2026,UKMO,Open-Meteo / UK Met Office,03:00,2026-09-29 03:00:00,25.1,89.0,0.0,2.5,0.0,1.3307,Cerah,wmo:0
arjawinangun,"Arjawinangun, Cirebon",2026-09-29,32.09.24.2004,Arjawinangun,kecamatan,no,-6.6453,108.4103,Asia/Jakarta,"BMKG point: Arjawinangun, Kecamatan Arjawinangun",29-09-2026,UKMO,Open-Meteo / UK Met Office,04:00,2026-09-29 04:00:00,24.9,89.0,0.0,3.2,0.0,1.3307,Cerah,wmo:0
arjawinangun,"Arjawinangun, Cirebon",2026-09-29,32.09.24.2004,Arjawinangun,kecamatan,no,-6.6453,108.4103,Asia/Jakarta,"BMKG point: Arjawinangun, Kecamatan Arjawinangun",29-09-2026,UKMO,Open-Meteo / UK Met Office,05:00,2026-09-29 05:00:00,24.7,89.0,0.0,3.2,0.0,1.3307,Cerah,wmo:0
arjawinangun,"Arjawinangun, Cirebon",2026-09-29,32.09.24.2004,Arjawinangun,kecamatan,no,-6.6453,108.4103,Asia/Jakarta,"BMKG point: Arjawinangun, Kecamatan Arjawinangun",29-09-2026,UKMO,Open-Meteo / UK Met Office,06:00,2026-09-29 06:00:00,25.2,84.0,0.0,3.2,0.0,1.3307,Cerah,wmo:0
arjawinangun,"Arjawinangun, Cirebon",2026-09-29,32.09.24.2004,Arjawinangun,kecamatan,no,-6.6453,108.4103,Asia/Jakarta,"BMKG point: Arjawinangun, Kecamatan Arjawinangun",29-09-2026,UKMO,Open-Meteo / UK Met Office,07:00,2026-09-29 07:00:00,26.2,78.0,0.0,3.2,0.0,1.3307,Cerah,wmo:0
arjawinangun,"Arjawinangun, Cirebon",2026-09-29,32.09.24.2004,Arjawinangun,kecamatan,no,-6.6453,108.4103,Asia/Jakarta,"BMKG point: Arjawinangun, Kecamatan Arjawinangun",29-09-2026,UKMO,Open-Meteo / UK Met Office,08:00,2026-09-29 08:00:00,27.7,71.0,0.0,6.5,0.0,1.3307,Cerah,wmo:0
arjawinangun,"Arjawinangun, Cirebon",2026-09-29,32.09.24.2004,Arjawinangun,kecamatan,no,-6.6453,108.4103,Asia/Jakarta,"BMKG point: Arjawinangun, Kecamatan Arjawinangun",29-09-2026,UKMO,Open-Meteo / UK Met Office,09:00,2026-09-29 09:00:00,29.5,63.0,0.0,10.8,0.0,1.3307,Cerah,wmo:0
arjawinangun,"Arjawinangun, Cirebon",2026-09-29,32.09.24.2004,Arjawinangun,kecamatan,no,-6.6453,108.4103,Asia/Jakarta,"BMKG point: Arjawinangun, Kecamatan Arjawinangun",29-09-2026,UKMO,Open-Meteo / UK Met Office,10:00,2026-09-29 10:00:00,31.0,56.0,0.0,14.4,0.0,1.3307,Cerah Berawan,wmo:1
arjawinangun,"Arjawinangun, Cirebon",2026-09-29,32.09.24.2004,Arjawinangun,kecamatan,no,-6.6453,108.4103,Asia/Jakarta,"BMKG point: Arjawinangun, Kecamatan Arjawinangun",29-09-2026,UKMO,Open-Meteo / UK Met Office,11:00,2026-09-29 11:00:00,31.9,51.0,0.0,15.8,0.0,1.3307,Cerah,wmo:0
arjawinangun,"Arjawinangun, Cirebon",2026-09-29,32.09.24.2004,Arjawinangun,kecamatan,no,-6.6453,108.4103,Asia/Jakarta,"BMKG point: Arjawinangun, Kecamatan Arjawinangun",29-09-2026,UKMO,Open-Meteo / UK Met Office,12:00,2026-09-29 12:00:00,32.6,46.0,0.0,16.2,0.0,1.3307,Cerah,wmo:0
arjawinangun,"Arjawinangun, Cirebon",2026-09-29,32.09.24.2004,Arjawinangun,kecamatan,no,-6.6453,108.4103,Asia/Jakarta,"BMKG point: Arjawinangun, Kecamatan Arjawinangun",29-09-2026,UKMO,Open-Meteo / UK Met Office,13:00,2026-09-29 13:00:00,33.0,43.0,0.0,16.6,0.0,1.3307,Cerah,wmo:0
arjawinangun,"Arjawinangun, Cirebon",2026-09-29,32.09.24.2004,Arjawinangun,kecamatan,no,-6.6453,108.4103,Asia/Jakarta,"BMKG point: Arjawinangun, Kecamatan Arjawinangun",29-09-2026,UKMO,Open-Meteo / UK Met Office,14:00,2026-09-29 14:00:00,33.2,43.0,0.0,17.3,0.0,1.3307,Cerah,wmo:0
arjawinangun,"Arjawinangun, Cirebon",2026-09-29,32.09.24.2004,Arjawinangun,kecamatan,no,-6.6453,108.4103,Asia/Jakarta,"BMKG point: Arjawinangun, Kecamatan Arjawinangun",29-09-2026,UKMO,Open-Meteo / UK Met Office,15:00,2026-09-29 15:00:00,32.6,44.0,0.0,16.6,0.0,1.3307,Cerah,wmo:0
arjawinangun,"Arjawinangun, Cirebon",2026-09-29,32.09.24.2004,Arjawinangun,kecamatan,no,-6.6453,108.4103,Asia/Jakarta,"BMKG point: Arjawinangun, Kecamatan Arjawinangun",29-09-2026,UKMO,Open-Meteo / UK Met Office,16:00,2026-09-29 16:00:00,31.8,48.0,0.0,15.8,0.0,1.3307,Cerah,wmo:0
arjawinangun,"Arjawinangun, Cirebon",2026-09-29,32.09.24.2004,Arjawinangun,kecamatan,no,-6.6453,108.4103,Asia/Jakarta,"BMKG point: Arjawinangun, Kecamatan Arjawinangun",29-09-2026,UKMO,Open-Meteo / UK Met Office,17:00,2026-09-29 17:00:00,30.8,55.0,0.0,14.4,0.0,1.3307,Cerah,wmo:0
arjawinangun,"Arjawinangun, Cirebon",2026-09-29,32.09.24.2004,Arjawinangun,kecamatan,no,-6.6453,108.4103,Asia/Jakarta,"BMKG point: Arjawinangun, Kecamatan Arjawinangun",29-09-2026,UKMO,Open-Meteo / UK Met Office,18:00,2026-09-29 18:00:00,29.6,65.0,0.0,13.0,0.0,1.3307,Cerah,wmo:0
arjawinangun,"Arjawinangun, Cirebon",2026-09-29,32.09.24.2004,Arjawinangun,kecamatan,no,-6.6453,108.4103,Asia/Jakarta,"BMKG point: Arjawinangun, Kecamatan Arjawinangun",29-09-2026,UKMO,Open-Meteo / UK Met Office,19:00,2026-09-29 19:00:00,28.6,72.0,0.0,11.5,0.0,1.3307,Cerah Berawan,wmo:1
arjawinangun,"Arjawinangun, Cirebon",2026-09-29,32.09.24.2004,Arjawinangun,kecamatan,no,-6.6453,108.4103,Asia/Jakarta,"BMKG point: Arjawinangun, Kecamatan Arjawinangun",29-09-2026,UKMO,Open-Meteo / UK Met Office,20:00,2026-09-29 20:00:00,28.1,74.0,0.0,10.8,0.0,1.3307,Cerah Berawan,wmo:1
arjawinangun,"Arjawinangun, Cirebon",2026-09-29,32.09.24.2004,Arjawinangun,kecamatan,no,-6.6453,108.4103,Asia/Jakarta,"BMKG point: Arjawinangun, Kecamatan Arjawinangun",29-09-2026,UKMO,Open-Meteo / UK Met Office,21:00,2026-09-29 21:00:00,27.8,73.0,0.0,10.8,0.0,1.3307,Cerah,wmo:0
arjawinangun,"Arjawinangun, Cirebon",2026-09-29,32.09.24.2004,Arjawinangun,kecamatan,no,-6.6453,108.4103,Asia/Jakarta,"BMKG point: Arjawinangun, Kecamatan Arjawinangun",29-09-2026,UKMO,Open-Meteo / UK Met Office,22:00,2026-09-29 22:00:00,27.4,72.0,0.0,10.1,0.0,1.3307,Cerah,wmo:0
arjawinangun,"Arjawinangun, Cirebon",2026-09-29,32.09.24.2004,Arjawinangun,kecamatan,no,-6.6453,108.4103,Asia/Jakarta,"BMKG point: Arjawinangun, Kecamatan Arjawinangun",29-09-2026,UKMO,Open-Meteo / UK Met Office,23:00,2026-09-29 23:00:00,26.9,73.0,0.0,9.0,0.0,1.3307,Cerah,wmo:0
