location_slug,location_name,target_date,adm4,bmkg_point_name,area_level,is_proxy_bmkg,latitude,longitude,timezone,location_note,tanggal,source_id,provider,target_jam,source_datetime,suhu_C,RH_%,rain_mm,wind_kmh,gap_minutes,point_weight,kategori,raw_condition
dago,"Dago, Bandung",2026-09-23,32.73.02.1004,Dago,kelurahan,no,-6.889,107.61,Asia/Jakarta,"BMKG point: Dago, Coblong, Kota Bandung",23-09-2026,BMKG,BMKG,19:00,2026-09-23 22:00:00,20.0,80.0,0.0,2.5,180.0,0.9276,Cerah,Cerah
dago,"Dago, Bandung",2026-09-23,32.73.02.1004,Dago,kelurahan,no,-6.889,107.61,Asia/Jakarta,"BMKG point: Dago, Coblong, Kota Bandung",23-09-2026,BMKG,BMKG,20:00,2026-09-23 22:00:00,20.0,80.0,0.0,2.5,120.0,0.9276,Cerah,Cerah
dago,"Dago, Bandung",2026-09-23,32.73.02.1004,Dago,kelurahan,no,-6.889,107.61,Asia/Jakarta,"BMKG point: Dago, Coblong, Kota Bandung",23-09-2026,BMKG,BMKG,21:00,2026-09-23 22:00:00,20.0,80.0,0.0,2.5,60.0,1.2649,Cerah,Cerah
dago,"Dago, Bandung",2026-09-23,32.73.02.1004,Dago,kelurahan,no,-6.889,107.61,Asia/Jakarta,"BMKG point: Dago, Coblong, Kota Bandung",23-09-2026,BMKG,BMKG,22:00,2026-09-23 22:00:00,20.0,80.0,0.0,2.5,0.0,1.6866,Cerah,Cerah
dago,"Dago, Bandung",2026-09-23,32.73.02.1004,Dago,kelurahan,no,-6.889,107.61,Asia/Jakarta,"BMKG point: Dago, Coblong, Kota Bandung",23-09-2026,BMKG,BMKG,23:00,2026-09-23 22:00:00,20.0,80.0,0.0,2.5,60.0,1.2649,Cerah,Cerah
dago,"Dago, Bandung",2026-09-23,32.73.02.1004,Dago,kelurahan,no,-6.889,107.61,Asia/Jakarta,"BMKG point: Dago, Coblong, Kota Bandung",23-09-2026,CMA,Open-Meteo / CMA GRAPES,00:00,2026-09-23 00:00:00,22.2,91.0,0.0,3.6,0.0,1.1249,Cerah,wmo:0
dago,"Dago, Bandung",2026-09-23,32.73.02.1004,Dago,kelurahan,no,-6.889,107.61,Asia/Jakarta,"BMKG point: Dago, Coblong, Kota Bandung",23-09-2026,CMA,Open-Meteo / CMA GRAPES,01:00,2026-09-23 01:00:00,22.2,91.0,0.0,2.9,0.0,1.1249,Cerah,wmo:0
dago,"Dago, Bandung",2026-09-23,32.73.02.1004,Dago,kelurahan,no,-6.889,107.61,Asia/Jakarta,"BMKG point: Dago, Coblong, Kota Bandung",23-09-2026,CMA,Open-Meteo / CMA GRAPES,02:00,2026-09-23 02:00:00,22.1,91.0,0.0,2.7,0.0,1.1249,Cerah,wmo:0
dago,"Dago, Bandung",2026-09-23,32.73.02.1004,Dago,kelurahan,no,-6.889,107.61,Asia/Jakarta,"BMKG point: Dago, Coblong, Kota Bandung",23-09-2026,CMA,Open-Meteo / CMA GRAPES,03:00,2026-09-23 03:00:00,21.9,92.0,0.0,3.4,0.0,1.1249,Cerah,wmo:0
dago,"Dago, Bandung",2026-09-23,32.73.02.1004,Dago,kelurahan,no,-6.889,107.61,Asia/Jakarta,"BMKG point: Dago, Coblong, Kota Bandung",23-09-2026,CMA,Open-Meteo / CMA GRAPES,04:00,2026-09-23 04:00:00,21.8,92.0,0.0,4.1,0.0,1.1249,Cerah,wmo:0
dago,"Dago, Bandung",2026-09-23,32.73.02.1004,Dago,kelurahan,no,-6.889,107.61,Asia/Jakarta,"BMKG point: Dago, Coblong, Kota Bandung",23-09-2026,CMA,Open-Meteo / CMA GRAPES,05:00,2026-09-23 05:00:00,21.9,90.0,0.0,3.3,0.0,1.1249,Cerah,wmo:0
dago,"Dago, Bandung",2026-09-23,32.73.02.1004,Dago,kelurahan,no,-6.889,107.61,Asia/Jakarta,"BMKG point: Dago, Coblong, Kota Bandung",23-09-2026,CMA,Open-Meteo / CMA GRAPES,06:00,2026-09-23 06:00:00,22.1,88.0,0.0,3.1,0.0,1.1249,Cerah,wmo:0
dago,"Dago, Bandung",2026-09-23,32.73.02.1004,Dago,kelurahan,no,-6.889,107.61,Asia/Jakarta,"BMKG point: Dago, Coblong, Kota Bandung",23-09-2026,CMA,Open-Meteo / CMA GRAPES,07:00,2026-09-23 07:00:00,22.6,85.0,0.0,4.2,0.0,1.1249,Cerah,wmo:0
dago,"Dago, Bandung",2026-09-23,32.73.02.1004,Dago,kelurahan,no,-6.889,107.61,Asia/Jakarta,"BMKG point: Dago, Coblong, Kota Bandung",23-09-2026,CMA,Open-Meteo / CMA GRAPES,08:00,2026-09-23 08:00:00,23.5,82.0,0.0,5.9,0.0,1.1249,Cerah,wmo:0
dago,"Dago, Bandung",2026-09-23,32.73.02.1004,Dago,kelurahan,no,-6.889,107.61,Asia/Jakarta,"BMKG point: Dago, Coblong, Kota Bandung",23-09-2026,CMA,Open-Meteo / CMA GRAPES,09:00,2026-09-23 09:00:00,24.7,78.0,0.0,8.5,0.0,1.1249,Cerah,wmo:0
dago,"Dago, Bandung",2026-09-23,32.73.02.1004,Dago,kelurahan,no,-6.889,107.61,Asia/Jakarta,"BMKG point: Dago, Coblong, Kota Bandung",23-09-2026,CMA,Open-Meteo / CMA GRAPES,10:00,2026-09-23 10:00:00,25.8,73.0,0.0,10.5,0.0,1.1249,Cerah,wmo:0
dago,"Dago, Bandung",2026-09-23,32.73.02.1004,Dago,kelurahan,no,-6.889,107.61,Asia/Jakarta,"BMKG point: Dago, Coblong, Kota Bandung",23-09-2026,CMA,Open-Meteo / CMA GRAPES,11:00,2026-09-23 11:00:00,27.0,66.0,0.0,11.4,0.0,1.1249,Cerah,wmo:0
dago,"Dago, Bandung",2026-09-23,32.73.02.1004,Dago,kelurahan,no,-6.889,107.61,Asia/Jakarta,"BMKG point: Dago, Coblong, Kota Bandung",23-09-2026,CMA,Open-Meteo / CMA GRAPES,12:00,2026-09-23 12:00:00,28.1,58.0,0.0,11.8,0.0,1.1249,Cerah,wmo:0
dago,"Dago, Bandung",2026-09-23,32.73.02.1004,Dago,kelurahan,no,-6.889,107.61,Asia/Jakarta,"BMKG point: Dago, Coblong, Kota Bandung",23-09-2026,CMA,Open-Meteo / CMA GRAPES,13:00,2026-09-23 13:00:00,28.8,53.0,0.0,11.9,0.0,1.1249,Cerah,wmo:0
dago,"Dago, Bandung",2026-09-23,32.73.02.1004,Dago,kelurahan,no,-6.889,107.61,Asia/Jakarta,"BMKG point: Dago, Coblong, Kota Bandung",23-09-2026,CMA,Open-Meteo / CMA GRAPES,14:00,2026-09-23 14:00:00,28.8,51.0,0.0,12.2,0.0,1.1249,Cerah,wmo:0
dago,"Dago, Bandung",2026-09-23,32.73.02.1004,Dago,kelurahan,no,-6.889,107.61,Asia/Jakarta,"BMKG point: Dago, Coblong, Kota Bandung",23-09-2026,CMA,Open-Meteo / CMA GRAPES,15:00,2026-09-23 15:00:00,28.3,52.0,0.0,12.3,0.0,1.1249,Cerah Berawan,wmo:1
dago,"Dago, Bandung",2026-09-23,32.73.02.1004,Dago,kelurahan,no,-6.889,107.61,Asia/Jakarta,"BMKG point: Dago, Coblong, Kota Bandung",23-09-2026,CMA,Open-Meteo / CMA GRAPES,16:00,2026-09-23 16:00:00,27.6,55.0,0.0,12.0,0.0,1.1249,Cerah Berawan,wmo:1
dago,"Dago, Bandung",2026-09-23,32.73.02.1004,Dago,kelurahan,no,-6.889,107.61,Asia/Jakarta,"BMKG point: Dago, Coblong, Kota Bandung",23-09-2026,CMA,Open-Meteo / CMA GRAPES,17:00,2026-09-23 17:00:00,26.4,62.0,0.0,11.3,0.0,1.1249,Cerah Berawan,wmo:1
dago,"Dago, Bandung",2026-09-23,32.73.02.1004,Dago,kelurahan,no,-6.889,107.61,Asia/Jakarta,"BMKG point: Dago, Coblong, Kota Bandung",23-09-2026,CMA,Open-Meteo / CMA GRAPES,18:00,2026-09-23 18:00:00,25.0,72.0,0.0,10.3,0.0,1.1249,Cerah,wmo:0
dago,"Dago, Bandung",2026-09-23,32.73.02.1004,Dago,kelurahan,no,-6.889,107.61,Asia/Jakarta,"BMKG point: Dago, Coblong, Kota Bandung",23-09-2026,CMA,Open-Meteo / CMA GRAPES,19:00,2026-09-23 19:00:00,23.8,81.0,0.0,8.7,0.0,1.1249,Cerah,wmo:0
dago,"Dago, Bandung",2026-09-23,32.73.02.1004,Dago,kelurahan,no,-6.889,107.61,Asia/Jakarta,"BMKG point: Dago, Coblong, Kota Bandung",23-09-2026,CMA,Open-Meteo / CMA GRAPES,20:00,2026-09-23 20:00:00,23.0,87.0,0.0,6.0,0.0,1.1249,Cerah,wmo:0
dago,"Dago, Bandung",2026-09-23,32.73.02.1004,Dago,kelurahan,no,-6.889,107.61,Asia/Jakarta,"BMKG point: Dago, Coblong, Kota Bandung",23-09-2026,CMA,Open-Meteo / CMA GRAPES,21:00,2026-09-23 21:00:00,22.4,91.0,0.0,2.9,0.0,1.1249,Cerah,wmo:0
dago,"Dago, Bandung",2026-09-23,32.73.02.1004,Dago,kelurahan,no,-6.889,107.61,Asia/Jakarta,"BMKG point: Dago, Coblong, Kota Bandung",23-09-2026,CMA,Open-Meteo / CMA GRAPES,22:00,2026-09-23 22:00:00,21.9,93.0,0.0,2.4,0.0,1.1249,Cerah,wmo:0
dago,"Dago, Bandung",2026-09-23,32.73.02.1004,Dago,kelurahan,no,-6.889,107.61,Asia/Jakarta,"BMKG point: Dago, Coblong, Kota Bandung",23-09-2026,CMA,Open-Meteo / CMA GRAPES,23:00,2026-09-23 23:00:00,21.6,93.0,0.0,2.6,0.0,1.1249,Cerah,wmo:0
dago,"Dago, Bandung",2026-09-23,32.73.02.1004,Dago,kelurahan,no,-6.889,107.61,Asia/Jakarta,"BMKG point: Dago, Coblong, Kota Bandung",23-09-2026,ECMWF,Open-Meteo / ECMWF,00:00,2026-09-23 00:00:00,20.2,89.0,0.0,2.6,0.0,1.6911,Berawan,wmo:3
dago,"Dago, Bandung",2026-09-23,32.73.02.1004,Dago,kelurahan,no,-6.889,107.61,Asia/Jakarta,"BMKG point: Dago, Coblong, Kota Bandung",23-09-2026,ECMWF,Open-Meteo / ECMWF,01:00,2026-09-23 01:00:00,19.5,91.0,0.0,1.4,0.0,1.6911,Berawan,wmo:3
dago,"Dago, Bandung",2026-09-23,32.73.02.1004,Dago,kelurahan,no,-6.889,107.61,Asia/Jakarta,"BMKG point: Dago, Coblong, Kota Bandung",23-09-2026,ECMWF,Open-Meteo / ECMWF,02:00,2026-09-23 02:00:00,18.7,92.0,0.0,1.4,0.0,1.6911,Berawan,wmo:3
dago,"Dago, Bandung",2026-09-23,32.73.02.1004,Dago,kelurahan,no,-6.889,107.61,Asia/Jakarta,"BMKG point: Dago, Coblong, Kota Bandung",23-09-2026,ECMWF,Open-Meteo / ECMWF,03:00,2026-09-23 03:00:00,17.9,91.0,0.0,1.9,0.0,1.6911,Berawan,wmo:3
dago,"Dago, Bandung",2026-09-23,32.73.02.1004,Dago,kelurahan,no,-6.889,107.61,Asia/Jakarta,"BMKG point: Dago, Coblong, Kota Bandung",23-09-2026,ECMWF,Open-Meteo / ECMWF,04:00,2026-09-23 04:00:00,17.7,89.0,0.0,2.4,0.0,1.6911,Berawan,wmo:3
dago,"Dago, Bandung",2026-09-23,32.73.02.1004,Dago,kelurahan,no,-6.889,107.61,Asia/Jakarta,"BMKG point: Dago, Coblong, Kota Bandung",23-09-2026,ECMWF,Open-Meteo / ECMWF,05:00,2026-09-23 05:00:00,18.4,84.0,0.0,1.8,0.0,1.6911,Berawan,wmo:3
dago,"Dago, Bandung",2026-09-23,32.73.02.1004,Dago,kelurahan,no,-6.889,107.61,Asia/Jakarta,"BMKG point: Dago, Coblong, Kota Bandung",23-09-2026,ECMWF,Open-Meteo / ECMWF,06:00,2026-09-23 06:00:00,19.8,77.0,0.0,1.8,0.0,1.6911,Cerah Berawan,wmo:2
dago,"Dago, Bandung",2026-09-23,32.73.02.1004,Dago,kelurahan,no,-6.889,107.61,Asia/Jakarta,"BMKG point: Dago, Coblong, Kota Bandung",23-09-2026,ECMWF,Open-Meteo / ECMWF,07:00,2026-09-23 07:00:00,21.5,70.0,0.0,2.3,0.0,1.6911,Cerah Berawan,wmo:1
dago,"Dago, Bandung",2026-09-23,32.73.02.1004,Dago,kelurahan,no,-6.889,107.61,Asia/Jakarta,"BMKG point: Dago, Coblong, Kota Bandung",23-09-2026,ECMWF,Open-Meteo / ECMWF,08:00,2026-09-23 08:00:00,23.5,63.0,0.0,3.3,0.0,1.6911,Cerah Berawan,wmo:1
dago,"Dago, Bandung",2026-09-23,32.73.02.1004,Dago,kelurahan,no,-6.889,107.61,Asia/Jakarta,"BMKG point: Dago, Coblong, Kota Bandung",23-09-2026,ECMWF,Open-Meteo / ECMWF,09:00,2026-09-23 09:00:00,25.9,55.0,0.0,4.6,0.0,1.6911,Cerah Berawan,wmo:1
dago,"Dago, Bandung",2026-09-23,32.73.02.1004,Dago,kelurahan,no,-6.889,107.61,Asia/Jakarta,"BMKG point: Dago, Coblong, Kota Bandung",23-09-2026,ECMWF,Open-Meteo / ECMWF,10:00,2026-09-23 10:00:00,28.0,48.0,0.0,5.3,0.0,1.6911,Cerah Berawan,wmo:1
dago,"Dago, Bandung",2026-09-23,32.73.02.1004,Dago,kelurahan,no,-6.889,107.61,Asia/Jakarta,"BMKG point: Dago, Coblong, Kota Bandung",23-09-2026,ECMWF,Open-Meteo / ECMWF,11:00,2026-09-23 11:00:00,29.8,41.0,0.0,5.1,0.0,1.6911,Cerah Berawan,wmo:1
dago,"Dago, Bandung",2026-09-23,32.73.02.1004,Dago,kelurahan,no,-6.889,107.61,Asia/Jakarta,"BMKG point: Dago, Coblong, Kota Bandung",23-09-2026,ECMWF,Open-Meteo / ECMWF,12:00,2026-09-23 12:00:00,31.3,36.0,0.0,5.4,0.0,1.6911,Cerah Berawan,wmo:1
dago,"Dago, Bandung",2026-09-23,32.73.02.1004,Dago,kelurahan,no,-6.889,107.61,Asia/Jakarta,"BMKG point: Dago, Coblong, Kota Bandung",23-09-2026,ECMWF,Open-Meteo / ECMWF,13:00,2026-09-23 13:00:00,31.9,34.0,0.0,6.1,0.0,1.6911,Cerah Berawan,wmo:1
dago,"Dago, Bandung",2026-09-23,32.73.02.1004,Dago,kelurahan,no,-6.889,107.61,Asia/Jakarta,"BMKG point: Dago, Coblong, Kota Bandung",23-09-2026,ECMWF,Open-Meteo / ECMWF,14:00,2026-09-23 14:00:00,31.2,39.0,0.4,8.0,0.0,1.6911,Hujan Ringan,wmo:51
dago,"Dago, Bandung",2026-09-23,32.73.02.1004,Dago,kelurahan,no,-6.889,107.61,Asia/Jakarta,"BMKG point: Dago, Coblong, Kota Bandung",23-09-2026,ECMWF,Open-Meteo / ECMWF,15:00,2026-09-23 15:00:00,29.5,48.0,0.4,9.8,0.0,1.6911,Hujan Ringan,wmo:51
dago,"Dago, Bandung",2026-09-23,32.73.02.1004,Dago,kelurahan,no,-6.889,107.61,Asia/Jakarta,"BMKG point: Dago, Coblong, Kota Bandung",23-09-2026,ECMWF,Open-Meteo / ECMWF,16:00,2026-09-23 16:00:00,28.0,57.0,0.4,10.2,0.0,1.6911,Hujan Ringan,wmo:51
dago,"Dago, Bandung",2026-09-23,32.73.02.1004,Dago,kelurahan,no,-6.889,107.61,Asia/Jakarta,"BMKG point: Dago, Coblong, Kota Bandung",23-09-2026,ECMWF,Open-Meteo / ECMWF,17:00,2026-09-23 17:00:00,26.8,63.0,0.1,8.2,0.0,1.6911,Hujan Ringan,wmo:51
dago,"Dago, Bandung",2026-09-23,32.73.02.1004,Dago,kelurahan,no,-6.889,107.61,Asia/Jakarta,"BMKG point: Dago, Coblong, Kota Bandung",23-09-2026,ECMWF,Open-Meteo / ECMWF,18:00,2026-09-23 18:00:00,25.6,69.0,0.1,6.4,0.0,1.6911,Hujan Ringan,wmo:51
dago,"Dago, Bandung",2026-09-23,32.73.02.1004,Dago,kelurahan,no,-6.889,107.61,Asia/Jakarta,"BMKG point: Dago, Coblong, Kota Bandung",23-09-2026,ECMWF,Open-Meteo / ECMWF,19:00,2026-09-23 19:00:00,24.5,73.0,0.1,6.7,0.0,1.6911,Hujan Ringan,wmo:51
dago,"Dago, Bandung",2026-09-23,32.73.02.1004,Dago,kelurahan,no,-6.889,107.61,Asia/Jakarta,"BMKG point: Dago, Coblong, Kota Bandung",23-09-2026,ECMWF,Open-Meteo / ECMWF,20:00,2026-09-23 20:00:00,23.6,74.0,0.0,7.1,0.0,1.6911,Cerah Berawan,wmo:1
dago,"Dago, Bandung",2026-09-23,32.73.02.1004,Dago,kelurahan,no,-6.889,107.61,Asia/Jakarta,"BMKG point: Dago, Coblong, Kota Bandung",23-09-2026,ECMWF,Open-Meteo / ECMWF,21:00,2026-09-23 21:00:00,22.8,72.0,0.0,6.9,0.0,1.6911,Cerah Berawan,wmo:1
dago,"Dago, Bandung",2026-09-23,32.73.02.1004,Dago,kelurahan,no,-6.889,107.61,Asia/Jakarta,"BMKG point: Dago, Coblong, Kota Bandung",23-09-2026,ECMWF,Open-Meteo / ECMWF,22:00,2026-09-23 22:00:00,22.1,72.0,0.0,6.1,0.0,1.6911,Cerah Berawan,wmo:1
dago,"Dago, Bandung",2026-09-23,32.73.02.1004,Dago,kelurahan,no,-6.889,107.61,Asia/Jakarta,"BMKG point: Dago, Coblong, Kota Bandung",23-09-2026,ECMWF,Open-Meteo / ECMWF,23:00,2026-09-23 23:00:00,21.4,74.0,0.0,5.1,0.0,1.6911,Cerah Berawan,wmo:2
dago,"Dago, Bandung",2026-09-23,32.73.02.1004,Dago,kelurahan,no,-6.889,107.61,Asia/Jakarta,"BMKG point: Dago, Coblong, Kota Bandung",23-09-2026,GFS,Open-Meteo / NOAA GFS,00:00,2026-09-23 00:00:00,20.0,89.0,0.0,1.3,0.0,1.3847,Berawan,wmo:3
dago,"Dago, Bandung",2026-09-23,32.73.02.1004,Dago,kelurahan,no,-6.889,107.61,Asia/Jakarta,"BMKG point: Dago, Coblong, Kota Bandung",23-09-2026,GFS,Open-Meteo / NOAA GFS,01:00,2026-09-23 01:00:00,19.7,90.0,0.0,1.3,0.0,1.3847,Berawan,wmo:3
dago,"Dago, Bandung",2026-09-23,32.73.02.1004,Dago,kelurahan,no,-6.889,107.61,Asia/Jakarta,"BMKG point: Dago, Coblong, Kota Bandung",23-09-2026,GFS,Open-Meteo / NOAA GFS,02:00,2026-09-23 02:00:00,19.4,91.0,0.0,2.1,0.0,1.3847,Berawan,wmo:3
dago,"Dago, Bandung",2026-09-23,32.73.02.1004,Dago,kelurahan,no,-6.889,107.61,Asia/Jakarta,"BMKG point: Dago, Coblong, Kota Bandung",23-09-2026,GFS,Open-Meteo / NOAA GFS,03:00,2026-09-23 03:00:00,19.3,90.0,0.0,3.2,0.0,1.3847,Berawan,wmo:3
dago,"Dago, Bandung",2026-09-23,32.73.02.1004,Dago,kelurahan,no,-6.889,107.61,Asia/Jakarta,"BMKG point: Dago, Coblong, Kota Bandung",23-09-2026,GFS,Open-Meteo / NOAA GFS,04:00,2026-09-23 04:00:00,19.2,91.0,0.0,5.1,0.0,1.3847,Cerah,wmo:0
dago,"Dago, Bandung",2026-09-23,32.73.02.1004,Dago,kelurahan,no,-6.889,107.61,Asia/Jakarta,"BMKG point: Dago, Coblong, Kota Bandung",23-09-2026,GFS,Open-Meteo / NOAA GFS,05:00,2026-09-23 05:00:00,19.0,90.0,0.0,6.0,0.0,1.3847,Cerah,wmo:0
dago,"Dago, Bandung",2026-09-23,32.73.02.1004,Dago,kelurahan,no,-6.889,107.61,Asia/Jakarta,"BMKG point: Dago, Coblong, Kota Bandung",23-09-2026,GFS,Open-Meteo / NOAA GFS,06:00,2026-09-23 06:00:00,19.2,87.0,0.0,6.0,0.0,1.3847,Cerah Berawan,wmo:2
dago,"Dago, Bandung",2026-09-23,32.73.02.1004,Dago,kelurahan,no,-6.889,107.61,Asia/Jakarta,"BMKG point: Dago, Coblong, Kota Bandung",23-09-2026,GFS,Open-Meteo / NOAA GFS,07:00,2026-09-23 07:00:00,22.0,72.0,0.0,5.0,0.0,1.3847,Cerah Berawan,wmo:2
dago,"Dago, Bandung",2026-09-23,32.73.02.1004,Dago,kelurahan,no,-6.889,107.61,Asia/Jakarta,"BMKG point: Dago, Coblong, Kota Bandung",23-09-2026,GFS,Open-Meteo / NOAA GFS,08:00,2026-09-23 08:00:00,25.1,60.0,0.0,2.2,0.0,1.3847,Cerah,wmo:0
dago,"Dago, Bandung",2026-09-23,32.73.02.1004,Dago,kelurahan,no,-6.889,107.61,Asia/Jakarta,"BMKG point: Dago, Coblong, Kota Bandung",23-09-2026,GFS,Open-Meteo / NOAA GFS,09:00,2026-09-23 09:00:00,28.0,49.0,0.0,1.1,0.0,1.3847,Cerah,wmo:0
dago,"Dago, Bandung",2026-09-23,32.73.02.1004,Dago,kelurahan,no,-6.889,107.61,Asia/Jakarta,"BMKG point: Dago, Coblong, Kota Bandung",23-09-2026,GFS,Open-Meteo / NOAA GFS,10:00,2026-09-23 10:00:00,30.2,41.0,0.0,5.0,0.0,1.3847,Cerah,wmo:0
dago,"Dago, Bandung",2026-09-23,32.73.02.1004,Dago,kelurahan,no,-6.889,107.61,Asia/Jakarta,"BMKG point: Dago, Coblong, Kota Bandung",23-09-2026,GFS,Open-Meteo / NOAA GFS,11:00,2026-09-23 11:00:00,31.9,37.0,0.0,10.1,0.0,1.3847,Cerah,wmo:0
dago,"Dago, Bandung",2026-09-23,32.73.02.1004,Dago,kelurahan,no,-6.889,107.61,Asia/Jakarta,"BMKG point: Dago, Coblong, Kota Bandung",23-09-2026,GFS,Open-Meteo / NOAA GFS,12:00,2026-09-23 12:00:00,31.4,39.0,0.0,13.2,0.0,1.3847,Berawan,wmo:3
dago,"Dago, Bandung",2026-09-23,32.73.02.1004,Dago,kelurahan,no,-6.889,107.61,Asia/Jakarta,"BMKG point: Dago, Coblong, Kota Bandung",23-09-2026,GFS,Open-Meteo / NOAA GFS,13:00,2026-09-23 13:00:00,29.8,44.0,0.0,14.5,0.0,1.3847,Berawan,wmo:3
dago,"Dago, Bandung",2026-09-23,32.73.02.1004,Dago,kelurahan,no,-6.889,107.61,Asia/Jakarta,"BMKG point: Dago, Coblong, Kota Bandung",23-09-2026,GFS,Open-Meteo / NOAA GFS,14:00,2026-09-23 14:00:00,30.9,41.0,0.0,11.3,0.0,1.3847,Cerah Berawan,wmo:1
dago,"Dago, Bandung",2026-09-23,32.73.02.1004,Dago,kelurahan,no,-6.889,107.61,Asia/Jakarta,"BMKG point: Dago, Coblong, Kota Bandung",23-09-2026,GFS,Open-Meteo / NOAA GFS,15:00,2026-09-23 15:00:00,31.9,38.0,0.0,11.7,0.0,1.3847,Cerah Berawan,wmo:1
dago,"Dago, Bandung",2026-09-23,32.73.02.1004,Dago,kelurahan,no,-6.889,107.61,Asia/Jakarta,"BMKG point: Dago, Coblong, Kota Bandung",23-09-2026,GFS,Open-Meteo / NOAA GFS,16:00,2026-09-23 16:00:00,28.5,49.0,0.0,15.2,0.0,1.3847,Berawan,wmo:3
dago,"Dago, Bandung",2026-09-23,32.73.02.1004,Dago,kelurahan,no,-6.889,107.61,Asia/Jakarta,"BMKG point: Dago, Coblong, Kota Bandung",23-09-2026,GFS,Open-Meteo / NOAA GFS,17:00,2026-09-23 17:00:00,26.8,52.0,0.0,11.4,0.0,1.3847,Cerah,wmo:0
dago,"Dago, Bandung",2026-09-23,32.73.02.1004,Dago,kelurahan,no,-6.889,107.61,Asia/Jakarta,"BMKG point: Dago, Coblong, Kota Bandung",23-09-2026,GFS,Open-Meteo / NOAA GFS,18:00,2026-09-23 18:00:00,24.5,57.0,0.0,6.6,0.0,1.3847,Cerah Berawan,wmo:1
dago,"Dago, Bandung",2026-09-23,32.73.02.1004,Dago,kelurahan,no,-6.889,107.61,Asia/Jakarta,"BMKG point: Dago, Coblong, Kota Bandung",23-09-2026,GFS,Open-Meteo / NOAA GFS,19:00,2026-09-23 19:00:00,23.6,60.0,0.0,3.4,0.0,1.3847,Cerah Berawan,wmo:1
dago,"Dago, Bandung",2026-09-23,32.73.02.1004,Dago,kelurahan,no,-6.889,107.61,Asia/Jakarta,"BMKG point: Dago, Coblong, Kota Bandung",23-09-2026,GFS,Open-Meteo / NOAA GFS,20:00,2026-09-23 20:00:00,24.4,57.0,0.0,4.8,0.0,1.3847,Berawan,wmo:3
dago,"Dago, Bandung",2026-09-23,32.73.02.1004,Dago,kelurahan,no,-6.889,107.61,Asia/Jakarta,"BMKG point: Dago, Coblong, Kota Bandung",23-09-2026,GFS,Open-Meteo / NOAA GFS,21:00,2026-09-23 21:00:00,23.9,59.0,0.0,5.0,0.0,1.3847,Berawan,wmo:3
dago,"Dago, Bandung",2026-09-23,32.73.02.1004,Dago,kelurahan,no,-6.889,107.61,Asia/Jakarta,"BMKG point: Dago, Coblong, Kota Bandung",23-09-2026,GFS,Open-Meteo / NOAA GFS,22:00,2026-09-23 22:00:00,22.0,67.0,0.0,3.8,0.0,1.3847,Cerah,wmo:0
dago,"Dago, Bandung",2026-09-23,32.73.02.1004,Dago,kelurahan,no,-6.889,107.61,Asia/Jakarta,"BMKG point: Dago, Coblong, Kota Bandung",23-09-2026,GFS,Open-Meteo / NOAA GFS,23:00,2026-09-23 23:00:00,21.3,71.0,0.0,2.9,0.0,1.3847,Cerah Berawan,wmo:1
dago,"Dago, Bandung",2026-09-23,32.73.02.1004,Dago,kelurahan,no,-6.889,107.61,Asia/Jakarta,"BMKG point: Dago, Coblong, Kota Bandung",23-09-2026,ICON,Open-Meteo / DWD ICON,00:00,2026-09-23 00:00:00,21.3,92.0,0.0,2.5,0.0,1.4527,Cerah Berawan,wmo:1
dago,"Dago, Bandung",2026-09-23,32.73.02.1004,Dago,kelurahan,no,-6.889,107.61,Asia/Jakarta,"BMKG point: Dago, Coblong, Kota Bandung",23-09-2026,ICON,Open-Meteo / DWD ICON,01:00,2026-09-23 01:00:00,21.6,88.0,0.0,1.3,0.0,1.4527,Cerah Berawan,wmo:1
dago,"Dago, Bandung",2026-09-23,32.73.02.1004,Dago,kelurahan,no,-6.889,107.61,Asia/Jakarta,"BMKG point: Dago, Coblong, Kota Bandung",23-09-2026,ICON,Open-Meteo / DWD ICON,02:00,2026-09-23 02:00:00,21.4,87.0,0.0,1.5,0.0,1.4527,Cerah Berawan,wmo:1
dago,"Dago, Bandung",2026-09-23,32.73.02.1004,Dago,kelurahan,no,-6.889,107.61,Asia/Jakarta,"BMKG point: Dago, Coblong, Kota Bandung",23-09-2026,ICON,Open-Meteo / DWD ICON,03:00,2026-09-23 03:00:00,20.7,88.0,0.0,2.3,0.0,1.4527,Cerah Berawan,wmo:1
dago,"Dago, Bandung",2026-09-23,32.73.02.1004,Dago,kelurahan,no,-6.889,107.61,Asia/Jakarta,"BMKG point: Dago, Coblong, Kota Bandung",23-09-2026,ICON,Open-Meteo / DWD ICON,04:00,2026-09-23 04:00:00,20.0,88.0,0.0,2.4,0.0,1.4527,Cerah,wmo:0
dago,"Dago, Bandung",2026-09-23,32.73.02.1004,Dago,kelurahan,no,-6.889,107.61,Asia/Jakarta,"BMKG point: Dago, Coblong, Kota Bandung",23-09-2026,ICON,Open-Meteo / DWD ICON,05:00,2026-09-23 05:00:00,19.1,88.0,0.0,2.1,0.0,1.4527,Cerah Berawan,wmo:1
dago,"Dago, Bandung",2026-09-23,32.73.02.1004,Dago,kelurahan,no,-6.889,107.61,Asia/Jakarta,"BMKG point: Dago, Coblong, Kota Bandung",23-09-2026,ICON,Open-Meteo / DWD ICON,06:00,2026-09-23 06:00:00,18.4,85.0,0.0,2.2,0.0,1.4527,Cerah Berawan,wmo:1
dago,"Dago, Bandung",2026-09-23,32.73.02.1004,Dago,kelurahan,no,-6.889,107.61,Asia/Jakarta,"BMKG point: Dago, Coblong, Kota Bandung",23-09-2026,ICON,Open-Meteo / DWD ICON,07:00,2026-09-23 07:00:00,19.9,65.0,0.0,2.2,0.0,1.4527,Cerah Berawan,wmo:1
dago,"Dago, Bandung",2026-09-23,32.73.02.1004,Dago,kelurahan,no,-6.889,107.61,Asia/Jakarta,"BMKG point: Dago, Coblong, Kota Bandung",23-09-2026,ICON,Open-Meteo / DWD ICON,08:00,2026-09-23 08:00:00,24.0,54.0,0.0,2.3,0.0,1.4527,Cerah,wmo:0
dago,"Dago, Bandung",2026-09-23,32.73.02.1004,Dago,kelurahan,no,-6.889,107.61,Asia/Jakarta,"BMKG point: Dago, Coblong, Kota Bandung",23-09-2026,ICON,Open-Meteo / DWD ICON,09:00,2026-09-23 09:00:00,26.9,52.0,0.0,2.7,0.0,1.4527,Cerah,wmo:0
dago,"Dago, Bandung",2026-09-23,32.73.02.1004,Dago,kelurahan,no,-6.889,107.61,Asia/Jakarta,"BMKG point: Dago, Coblong, Kota Bandung",23-09-2026,ICON,Open-Meteo / DWD ICON,10:00,2026-09-23 10:00:00,29.3,41.0,0.0,3.1,0.0,1.4527,Cerah,wmo:0
dago,"Dago, Bandung",2026-09-23,32.73.02.1004,Dago,kelurahan,no,-6.889,107.61,Asia/Jakarta,"BMKG point: Dago, Coblong, Kota Bandung",23-09-2026,ICON,Open-Meteo / DWD ICON,11:00,2026-09-23 11:00:00,31.1,32.0,0.0,3.9,0.0,1.4527,Cerah,wmo:0
dago,"Dago, Bandung",2026-09-23,32.73.02.1004,Dago,kelurahan,no,-6.889,107.61,Asia/Jakarta,"BMKG point: Dago, Coblong, Kota Bandung",23-09-2026,ICON,Open-Meteo / DWD ICON,12:00,2026-09-23 12:00:00,32.3,28.0,0.0,4.0,0.0,1.4527,Cerah,wmo:0
dago,"Dago, Bandung",2026-09-23,32.73.02.1004,Dago,kelurahan,no,-6.889,107.61,Asia/Jakarta,"BMKG point: Dago, Coblong, Kota Bandung",23-09-2026,ICON,Open-Meteo / DWD ICON,13:00,2026-09-23 13:00:00,32.3,32.0,0.0,1.0,0.0,1.4527,Cerah Berawan,wmo:1
dago,"Dago, Bandung",2026-09-23,32.73.02.1004,Dago,kelurahan,no,-6.889,107.61,Asia/Jakarta,"BMKG point: Dago, Coblong, Kota Bandung",23-09-2026,ICON,Open-Meteo / DWD ICON,14:00,2026-09-23 14:00:00,32.7,33.0,0.0,4.4,0.0,1.4527,Cerah Berawan,wmo:2
dago,"Dago, Bandung",2026-09-23,32.73.02.1004,Dago,kelurahan,no,-6.889,107.61,Asia/Jakarta,"BMKG point: Dago, Coblong, Kota Bandung",23-09-2026,ICON,Open-Meteo / DWD ICON,15:00,2026-09-23 15:00:00,32.3,37.0,0.0,6.2,0.0,1.4527,Berawan,wmo:3
dago,"Dago, Bandung",2026-09-23,32.73.02.1004,Dago,kelurahan,no,-6.889,107.61,Asia/Jakarta,"BMKG point: Dago, Coblong, Kota Bandung",23-09-2026,ICON,Open-Meteo / DWD ICON,16:00,2026-09-23 16:00:00,31.2,42.0,0.0,7.1,0.0,1.4527,Berawan,wmo:3
dago,"Dago, Bandung",2026-09-23,32.73.02.1004,Dago,kelurahan,no,-6.889,107.61,Asia/Jakarta,"BMKG point: Dago, Coblong, Kota Bandung",23-09-2026,ICON,Open-Meteo / DWD ICON,17:00,2026-09-23 17:00:00,30.1,47.0,0.0,1.5,0.0,1.4527,Berawan,wmo:3
dago,"Dago, Bandung",2026-09-23,32.73.02.1004,Dago,kelurahan,no,-6.889,107.61,Asia/Jakarta,"BMKG point: Dago, Coblong, Kota Bandung",23-09-2026,ICON,Open-Meteo / DWD ICON,18:00,2026-09-23 18:00:00,28.7,49.0,0.0,6.8,0.0,1.4527,Cerah Berawan,wmo:2
dago,"Dago, Bandung",2026-09-23,32.73.02.1004,Dago,kelurahan,no,-6.889,107.61,Asia/Jakarta,"BMKG point: Dago, Coblong, Kota Bandung",23-09-2026,ICON,Open-Meteo / DWD ICON,19:00,2026-09-23 19:00:00,26.8,54.0,0.0,7.1,0.0,1.4527,Cerah Berawan,wmo:2
dago,"Dago, Bandung",2026-09-23,32.73.02.1004,Dago,kelurahan,no,-6.889,107.61,Asia/Jakarta,"BMKG point: Dago, Coblong, Kota Bandung",23-09-2026,ICON,Open-Meteo / DWD ICON,20:00,2026-09-23 20:00:00,25.6,60.0,0.0,4.2,0.0,1.4527,Cerah Berawan,wmo:2
dago,"Dago, Bandung",2026-09-23,32.73.02.1004,Dago,kelurahan,no,-6.889,107.61,Asia/Jakarta,"BMKG point: Dago, Coblong, Kota Bandung",23-09-2026,ICON,Open-Meteo / DWD ICON,21:00,2026-09-23 21:00:00,24.6,65.0,0.0,2.2,0.0,1.4527,Cerah Berawan,wmo:2
dago,"Dago, Bandung",2026-09-23,32.73.02.1004,Dago,kelurahan,no,-6.889,107.61,Asia/Jakarta,"BMKG point: Dago, Coblong, Kota Bandung",23-09-2026,ICON,Open-Meteo / DWD ICON,22:00,2026-09-23 22:00:00,23.7,69.0,0.0,1.8,0.0,1.4527,Cerah Berawan,wmo:2
dago,"Dago, Bandung",2026-09-23,32.73.02.1004,Dago,kelurahan,no,-6.889,107.61,Asia/Jakarta,"BMKG point: Dago, Coblong, Kota Bandung",23-09-2026,ICON,Open-Meteo / DWD ICON,23:00,2026-09-23 23:00:00,22.6,73.0,0.0,1.6,0.0,1.4527,Cerah Berawan,wmo:1
dago,"Dago, Bandung",2026-09-23,32.73.02.1004,Dago,kelurahan,no,-6.889,107.61,Asia/Jakarta,"BMKG point: Dago, Coblong, Kota Bandung",23-09-2026,KMA,Open-Meteo / KMA,00:00,2026-09-23 00:00:00,,,,,0.0,0.5444,Berawan,wmo:None
dago,"Dago, Bandung",2026-09-23,32.73.02.1004,Dago,kelurahan,no,-6.889,107.61,Asia/Jakarta,"BMKG point: Dago, Coblong, Kota Bandung",23-09-2026,KMA,Open-Meteo / KMA,01:00,2026-09-23 01:00:00,,,,,0.0,0.5444,Berawan,wmo:None
dago,"Dago, Bandung",2026-09-23,32.73.02.1004,Dago,kelurahan,no,-6.889,107.61,Asia/Jakarta,"BMKG point: Dago, Coblong, Kota Bandung",23-09-2026,KMA,Open-Meteo / KMA,02:00,2026-09-23 02:00:00,,,,,0.0,0.5444,Berawan,wmo:None
dago,"Dago, Bandung",2026-09-23,32.73.02.1004,Dago,kelurahan,no,-6.889,107.61,Asia/Jakarta,"BMKG point: Dago, Coblong, Kota Bandung",23-09-2026,KMA,Open-Meteo / KMA,03:00,2026-09-23 03:00:00,,,,,0.0,0.5444,Berawan,wmo:None
dago,"Dago, Bandung",2026-09-23,32.73.02.1004,Dago,kelurahan,no,-6.889,107.61,Asia/Jakarta,"BMKG point: Dago, Coblong, Kota Bandung",23-09-2026,KMA,Open-Meteo / KMA,04:00,2026-09-23 04:00:00,,,,,0.0,0.5444,Berawan,wmo:None
dago,"Dago, Bandung",2026-09-23,32.73.02.1004,Dago,kelurahan,no,-6.889,107.61,Asia/Jakarta,"BMKG point: Dago, Coblong, Kota Bandung",23-09-2026,KMA,Open-Meteo / KMA,05:00,2026-09-23 05:00:00,,,,,0.0,0.5444,Berawan,wmo:None
dago,"Dago, Bandung",2026-09-23,32.73.02.1004,Dago,kelurahan,no,-6.889,107.61,Asia/Jakarta,"BMKG point: Dago, Coblong, Kota Bandung",23-09-2026,KMA,Open-Meteo / KMA,06:00,2026-09-23 06:00:00,,,,,0.0,0.5444,Berawan,wmo:None
dago,"Dago, Bandung",2026-09-23,32.73.02.1004,Dago,kelurahan,no,-6.889,107.61,Asia/Jakarta,"BMKG point: Dago, Coblong, Kota Bandung",23-09-2026,KMA,Open-Meteo / KMA,07:00,2026-09-23 07:00:00,,,,,0.0,0.5444,Berawan,wmo:None
dago,"Dago, Bandung",2026-09-23,32.73.02.1004,Dago,kelurahan,no,-6.889,107.61,Asia/Jakarta,"BMKG point: Dago, Coblong, Kota Bandung",23-09-2026,KMA,Open-Meteo / KMA,08:00,2026-09-23 08:00:00,,,,,0.0,0.5444,Berawan,wmo:None
dago,"Dago, Bandung",2026-09-23,32.73.02.1004,Dago,kelurahan,no,-6.889,107.61,Asia/Jakarta,"BMKG point: Dago, Coblong, Kota Bandung",23-09-2026,KMA,Open-Meteo / KMA,09:00,2026-09-23 09:00:00,,,,,0.0,0.5444,Berawan,wmo:None
dago,"Dago, Bandung",2026-09-23,32.73.02.1004,Dago,kelurahan,no,-6.889,107.61,Asia/Jakarta,"BMKG point: Dago, Coblong, Kota Bandung",23-09-2026,KMA,Open-Meteo / KMA,10:00,2026-09-23 10:00:00,,,,,0.0,0.5444,Berawan,wmo:None
dago,"Dago, Bandung",2026-09-23,32.73.02.1004,Dago,kelurahan,no,-6.889,107.61,Asia/Jakarta,"BMKG point: Dago, Coblong, Kota Bandung",23-09-2026,KMA,Open-Meteo / KMA,11:00,2026-09-23 11:00:00,,,,,0.0,0.5444,Berawan,wmo:None
dago,"Dago, Bandung",2026-09-23,32.73.02.1004,Dago,kelurahan,no,-6.889,107.61,Asia/Jakarta,"BMKG point: Dago, Coblong, Kota Bandung",23-09-2026,KMA,Open-Meteo / KMA,12:00,2026-09-23 12:00:00,,,,,0.0,0.5444,Berawan,wmo:None
dago,"Dago, Bandung",2026-09-23,32.73.02.1004,Dago,kelurahan,no,-6.889,107.61,Asia/Jakarta,"BMKG point: Dago, Coblong, Kota Bandung",23-09-2026,KMA,Open-Meteo / KMA,13:00,2026-09-23 13:00:00,,,,,0.0,0.5444,Berawan,wmo:None
dago,"Dago, Bandung",2026-09-23,32.73.02.1004,Dago,kelurahan,no,-6.889,107.61,Asia/Jakarta,"BMKG point: Dago, Coblong, Kota Bandung",23-09-2026,KMA,Open-Meteo / KMA,14:00,2026-09-23 14:00:00,,,,,0.0,0.5444,Berawan,wmo:None
dago,"Dago, Bandung",2026-09-23,32.73.02.1004,Dago,kelurahan,no,-6.889,107.61,Asia/Jakarta,"BMKG point: Dago, Coblong, Kota Bandung",23-09-2026,KMA,Open-Meteo / KMA,15:00,2026-09-23 15:00:00,,,,,0.0,0.5444,Berawan,wmo:None
dago,"Dago, Bandung",2026-09-23,32.73.02.1004,Dago,kelurahan,no,-6.889,107.61,Asia/Jakarta,"BMKG point: Dago, Coblong, Kota Bandung",23-09-2026,KMA,Open-Meteo / KMA,16:00,2026-09-23 16:00:00,,,,,0.0,0.5444,Berawan,wmo:None
dago,"Dago, Bandung",2026-09-23,32.73.02.1004,Dago,kelurahan,no,-6.889,107.61,Asia/Jakarta,"BMKG point: Dago, Coblong, Kota Bandung",23-09-2026,KMA,Open-Meteo / KMA,17:00,2026-09-23 17:00:00,,,,,0.0,0.5444,Berawan,wmo:None
dago,"Dago, Bandung",2026-09-23,32.73.02.1004,Dago,kelurahan,no,-6.889,107.61,Asia/Jakarta,"BMKG point: Dago, Coblong, Kota Bandung",23-09-2026,KMA,Open-Meteo / KMA,18:00,2026-09-23 18:00:00,,,,,0.0,0.5444,Berawan,wmo:None
dago,"Dago, Bandung",2026-09-23,32.73.02.1004,Dago,kelurahan,no,-6.889,107.61,Asia/Jakarta,"BMKG point: Dago, Coblong, Kota Bandung",23-09-2026,KMA,Open-Meteo / KMA,19:00,2026-09-23 19:00:00,,,,,0.0,0.5444,Berawan,wmo:None
dago,"Dago, Bandung",2026-09-23,32.73.02.1004,Dago,kelurahan,no,-6.889,107.61,Asia/Jakarta,"BMKG point: Dago, Coblong, Kota Bandung",23-09-2026,KMA,Open-Meteo / KMA,20:00,2026-09-23 20:00:00,,,,,0.0,0.5444,Berawan,wmo:None
dago,"Dago, Bandung",2026-09-23,32.73.02.1004,Dago,kelurahan,no,-6.889,107.61,Asia/Jakarta,"BMKG point: Dago, Coblong, Kota Bandung",23-09-2026,KMA,Open-Meteo / KMA,21:00,2026-09-23 21:00:00,,,,,0.0,0.5444,Berawan,wmo:None
dago,"Dago, Bandung",2026-09-23,32.73.02.1004,Dago,kelurahan,no,-6.889,107.61,Asia/Jakarta,"BMKG point: Dago, Coblong, Kota Bandung",23-09-2026,KMA,Open-Meteo / KMA,22:00,2026-09-23 22:00:00,,,,,0.0,0.5444,Berawan,wmo:None
dago,"Dago, Bandung",2026-09-23,32.73.02.1004,Dago,kelurahan,no,-6.889,107.61,Asia/Jakarta,"BMKG point: Dago, Coblong, Kota Bandung",23-09-2026,KMA,Open-Meteo / KMA,23:00,2026-09-23 23:00:00,,,,,0.0,0.5444,Berawan,wmo:None
dago,"Dago, Bandung",2026-09-23,32.73.02.1004,Dago,kelurahan,no,-6.889,107.61,Asia/Jakarta,"BMKG point: Dago, Coblong, Kota Bandung",23-09-2026,METEOFRANCE,Open-Meteo / Meteo-France,00:00,2026-09-23 00:00:00,25.7,92.0,0.0,1.8,0.0,1.4748,Berawan,wmo:3
dago,"Dago, Bandung",2026-09-23,32.73.02.1004,Dago,kelurahan,no,-6.889,107.61,Asia/Jakarta,"BMKG point: Dago, Coblong, Kota Bandung",23-09-2026,METEOFRANCE,Open-Meteo / Meteo-France,01:00,2026-09-23 01:00:00,25.5,89.0,0.0,2.5,0.0,1.4748,Berawan,wmo:3
dago,"Dago, Bandung",2026-09-23,32.73.02.1004,Dago,kelurahan,no,-6.889,107.61,Asia/Jakarta,"BMKG point: Dago, Coblong, Kota Bandung",23-09-2026,METEOFRANCE,Open-Meteo / Meteo-France,02:00,2026-09-23 02:00:00,25.2,89.0,0.0,2.2,0.0,1.4748,Berawan,wmo:3
dago,"Dago, Bandung",2026-09-23,32.73.02.1004,Dago,kelurahan,no,-6.889,107.61,Asia/Jakarta,"BMKG point: Dago, Coblong, Kota Bandung",23-09-2026,METEOFRANCE,Open-Meteo / Meteo-France,03:00,2026-09-23 03:00:00,24.7,90.0,0.0,0.4,0.0,1.4748,Berawan,wmo:3
dago,"Dago, Bandung",2026-09-23,32.73.02.1004,Dago,kelurahan,no,-6.889,107.61,Asia/Jakarta,"BMKG point: Dago, Coblong, Kota Bandung",23-09-2026,METEOFRANCE,Open-Meteo / Meteo-France,04:00,2026-09-23 04:00:00,24.3,92.0,0.0,1.1,0.0,1.4748,Berawan,wmo:3
dago,"Dago, Bandung",2026-09-23,32.73.02.1004,Dago,kelurahan,no,-6.889,107.61,Asia/Jakarta,"BMKG point: Dago, Coblong, Kota Bandung",23-09-2026,METEOFRANCE,Open-Meteo / Meteo-France,05:00,2026-09-23 05:00:00,23.8,96.0,0.0,1.3,0.0,1.4748,Berawan,wmo:3
dago,"Dago, Bandung",2026-09-23,32.73.02.1004,Dago,kelurahan,no,-6.889,107.61,Asia/Jakarta,"BMKG point: Dago, Coblong, Kota Bandung",23-09-2026,METEOFRANCE,Open-Meteo / Meteo-France,06:00,2026-09-23 06:00:00,23.6,98.0,0.0,0.8,0.0,1.4748,Berawan,wmo:3
dago,"Dago, Bandung",2026-09-23,32.73.02.1004,Dago,kelurahan,no,-6.889,107.61,Asia/Jakarta,"BMKG point: Dago, Coblong, Kota Bandung",23-09-2026,METEOFRANCE,Open-Meteo / Meteo-France,07:00,2026-09-23 07:00:00,24.5,94.0,0.0,2.3,0.0,1.4748,Cerah Berawan,wmo:2
dago,"Dago, Bandung",2026-09-23,32.73.02.1004,Dago,kelurahan,no,-6.889,107.61,Asia/Jakarta,"BMKG point: Dago, Coblong, Kota Bandung",23-09-2026,METEOFRANCE,Open-Meteo / Meteo-France,08:00,2026-09-23 08:00:00,26.6,78.0,0.0,2.5,0.0,1.4748,Cerah Berawan,wmo:2
dago,"Dago, Bandung",2026-09-23,32.73.02.1004,Dago,kelurahan,no,-6.889,107.61,Asia/Jakarta,"BMKG point: Dago, Coblong, Kota Bandung",23-09-2026,METEOFRANCE,Open-Meteo / Meteo-France,09:00,2026-09-23 09:00:00,28.9,63.0,0.0,2.6,0.0,1.4748,Cerah Berawan,wmo:2
dago,"Dago, Bandung",2026-09-23,32.73.02.1004,Dago,kelurahan,no,-6.889,107.61,Asia/Jakarta,"BMKG point: Dago, Coblong, Kota Bandung",23-09-2026,METEOFRANCE,Open-Meteo / Meteo-France,10:00,2026-09-23 10:00:00,31.0,55.0,0.0,5.1,0.0,1.4748,Cerah Berawan,wmo:2
dago,"Dago, Bandung",2026-09-23,32.73.02.1004,Dago,kelurahan,no,-6.889,107.61,Asia/Jakarta,"BMKG point: Dago, Coblong, Kota Bandung",23-09-2026,METEOFRANCE,Open-Meteo / Meteo-France,11:00,2026-09-23 11:00:00,32.6,50.0,0.0,7.1,0.0,1.4748,Cerah Berawan,wmo:1
dago,"Dago, Bandung",2026-09-23,32.73.02.1004,Dago,kelurahan,no,-6.889,107.61,Asia/Jakarta,"BMKG point: Dago, Coblong, Kota Bandung",23-09-2026,METEOFRANCE,Open-Meteo / Meteo-France,12:00,2026-09-23 12:00:00,33.7,48.0,0.0,8.8,0.0,1.4748,Cerah Berawan,wmo:2
dago,"Dago, Bandung",2026-09-23,32.73.02.1004,Dago,kelurahan,no,-6.889,107.61,Asia/Jakarta,"BMKG point: Dago, Coblong, Kota Bandung",23-09-2026,METEOFRANCE,Open-Meteo / Meteo-France,13:00,2026-09-23 13:00:00,34.2,46.0,0.0,9.4,0.0,1.4748,Cerah Berawan,wmo:2
dago,"Dago, Bandung",2026-09-23,32.73.02.1004,Dago,kelurahan,no,-6.889,107.61,Asia/Jakarta,"BMKG point: Dago, Coblong, Kota Bandung",23-09-2026,METEOFRANCE,Open-Meteo / Meteo-France,14:00,2026-09-23 14:00:00,33.6,48.0,0.0,9.5,0.0,1.4748,Berawan,wmo:3
dago,"Dago, Bandung",2026-09-23,32.73.02.1004,Dago,kelurahan,no,-6.889,107.61,Asia/Jakarta,"BMKG point: Dago, Coblong, Kota Bandung",23-09-2026,METEOFRANCE,Open-Meteo / Meteo-France,15:00,2026-09-23 15:00:00,33.0,51.0,0.0,8.9,0.0,1.4748,Berawan,wmo:3
dago,"Dago, Bandung",2026-09-23,32.73.02.1004,Dago,kelurahan,no,-6.889,107.61,Asia/Jakarta,"BMKG point: Dago, Coblong, Kota Bandung",23-09-2026,METEOFRANCE,Open-Meteo / Meteo-France,16:00,2026-09-23 16:00:00,32.2,54.0,0.0,7.6,0.0,1.4748,Cerah Berawan,wmo:2
dago,"Dago, Bandung",2026-09-23,32.73.02.1004,Dago,kelurahan,no,-6.889,107.61,Asia/Jakarta,"BMKG point: Dago, Coblong, Kota Bandung",23-09-2026,METEOFRANCE,Open-Meteo / Meteo-France,17:00,2026-09-23 17:00:00,31.6,57.0,0.0,7.0,0.0,1.4748,Cerah Berawan,wmo:2
dago,"Dago, Bandung",2026-09-23,32.73.02.1004,Dago,kelurahan,no,-6.889,107.61,Asia/Jakarta,"BMKG point: Dago, Coblong, Kota Bandung",23-09-2026,METEOFRANCE,Open-Meteo / Meteo-France,18:00,2026-09-23 18:00:00,30.6,61.0,0.0,6.9,0.0,1.4748,Cerah Berawan,wmo:1
dago,"Dago, Bandung",2026-09-23,32.73.02.1004,Dago,kelurahan,no,-6.889,107.61,Asia/Jakarta,"BMKG point: Dago, Coblong, Kota Bandung",23-09-2026,METEOFRANCE,Open-Meteo / Meteo-France,19:00,2026-09-23 19:00:00,29.4,66.0,0.0,7.9,0.0,1.4748,Cerah Berawan,wmo:2
dago,"Dago, Bandung",2026-09-23,32.73.02.1004,Dago,kelurahan,no,-6.889,107.61,Asia/Jakarta,"BMKG point: Dago, Coblong, Kota Bandung",23-09-2026,METEOFRANCE,Open-Meteo / Meteo-France,20:00,2026-09-23 20:00:00,28.2,71.0,0.1,7.4,0.0,1.4748,Hujan Ringan,wmo:51
dago,"Dago, Bandung",2026-09-23,32.73.02.1004,Dago,kelurahan,no,-6.889,107.61,Asia/Jakarta,"BMKG point: Dago, Coblong, Kota Bandung",23-09-2026,METEOFRANCE,Open-Meteo / Meteo-France,21:00,2026-09-23 21:00:00,27.4,74.0,0.0,4.8,0.0,1.4748,Cerah Berawan,wmo:2
dago,"Dago, Bandung",2026-09-23,32.73.02.1004,Dago,kelurahan,no,-6.889,107.61,Asia/Jakarta,"BMKG point: Dago, Coblong, Kota Bandung",23-09-2026,METEOFRANCE,Open-Meteo / Meteo-France,22:00,2026-09-23 22:00:00,26.8,77.0,0.0,3.7,0.0,1.4748,Cerah Berawan,wmo:2
dago,"Dago, Bandung",2026-09-23,32.73.02.1004,Dago,kelurahan,no,-6.889,107.61,Asia/Jakarta,"BMKG point: Dago, Coblong, Kota Bandung",23-09-2026,METEOFRANCE,Open-Meteo / Meteo-France,23:00,2026-09-23 23:00:00,26.2,80.0,0.0,2.7,0.0,1.4748,Cerah Berawan,wmo:2
dago,"Dago, Bandung",2026-09-23,32.73.02.1004,Dago,kelurahan,no,-6.889,107.61,Asia/Jakarta,"BMKG point: Dago, Coblong, Kota Bandung",23-09-2026,METNO,MET Norway,19:00,2026-09-23 21:00:00,24.2,67.0,0.0,9.36,120.0,0.7477,Cerah Berawan,fair_night
dago,"Dago, Bandung",2026-09-23,32.73.02.1004,Dago,kelurahan,no,-6.889,107.61,Asia/Jakarta,"BMKG point: Dago, Coblong, Kota Bandung",23-09-2026,METNO,MET Norway,20:00,2026-09-23 21:00:00,24.2,67.0,0.0,9.36,60.0,1.0197,Cerah Berawan,fair_night
dago,"Dago, Bandung",2026-09-23,32.73.02.1004,Dago,kelurahan,no,-6.889,107.61,Asia/Jakarta,"BMKG point: Dago, Coblong, Kota Bandung",23-09-2026,METNO,MET Norway,21:00,2026-09-23 21:00:00,24.2,67.0,0.0,9.36,0.0,1.3595,Cerah Berawan,fair_night
dago,"Dago, Bandung",2026-09-23,32.73.02.1004,Dago,kelurahan,no,-6.889,107.61,Asia/Jakarta,"BMKG point: Dago, Coblong, Kota Bandung",23-09-2026,METNO,MET Norway,22:00,2026-09-23 22:00:00,23.3,69.2,0.0,6.12,0.0,1.3595,Cerah Berawan,fair_night
dago,"Dago, Bandung",2026-09-23,32.73.02.1004,Dago,kelurahan,no,-6.889,107.61,Asia/Jakarta,"BMKG point: Dago, Coblong, Kota Bandung",23-09-2026,METNO,MET Norway,23:00,2026-09-23 23:00:00,22.6,71.7,0.0,3.24,0.0,1.3595,Cerah,clearsky_night
dago,"Dago, Bandung",2026-09-23,32.73.02.1004,Dago,kelurahan,no,-6.889,107.61,Asia/Jakarta,"BMKG point: Dago, Coblong, Kota Bandung",23-09-2026,UKMO,Open-Meteo / UK Met Office,00:00,2026-09-23 00:00:00,22.3,82.0,0.0,5.0,0.0,1.3084,Cerah Berawan,wmo:1
dago,"Dago, Bandung",2026-09-23,32.73.02.1004,Dago,kelurahan,no,-6.889,107.61,Asia/Jakarta,"BMKG point: Dago, Coblong, Kota Bandung",23-09-2026,UKMO,Open-Meteo / UK Met Office,01:00,2026-09-23 01:00:00,21.9,86.0,0.0,5.0,0.0,1.3084,Cerah,wmo:0
dago,"Dago, Bandung",2026-09-23,32.73.02.1004,Dago,kelurahan,no,-6.889,107.61,Asia/Jakarta,"BMKG point: Dago, Coblong, Kota Bandung",23-09-2026,UKMO,Open-Meteo / UK Met Office,02:00,2026-09-23 02:00:00,21.5,89.0,0.0,4.0,0.0,1.3084,Cerah,wmo:0
dago,"Dago, Bandung",2026-09-23,32.73.02.1004,Dago,kelurahan,no,-6.889,107.61,Asia/Jakarta,"BMKG point: Dago, Coblong, Kota Bandung",23-09-2026,UKMO,Open-Meteo / UK Met Office,03:00,2026-09-23 03:00:00,21.2,92.0,0.0,2.9,0.0,1.3084,Berawan,wmo:3
dago,"Dago, Bandung",2026-09-23,32.73.02.1004,Dago,kelurahan,no,-6.889,107.61,Asia/Jakarta,"BMKG point: Dago, Coblong, Kota Bandung",23-09-2026,UKMO,Open-Meteo / UK Met Office,04:00,2026-09-23 04:00:00,21.2,91.0,0.0,1.4,0.0,1.3084,Berawan,wmo:3
dago,"Dago, Bandung",2026-09-23,32.73.02.1004,Dago,kelurahan,no,-6.889,107.61,Asia/Jakarta,"BMKG point: Dago, Coblong, Kota Bandung",23-09-2026,UKMO,Open-Meteo / UK Met Office,05:00,2026-09-23 05:00:00,21.2,88.0,0.0,2.2,0.0,1.3084,Cerah Berawan,wmo:2
dago,"Dago, Bandung",2026-09-23,32.73.02.1004,Dago,kelurahan,no,-6.889,107.61,Asia/Jakarta,"BMKG point: Dago, Coblong, Kota Bandung",23-09-2026,UKMO,Open-Meteo / UK Met Office,06:00,2026-09-23 06:00:00,20.7,91.0,0.0,1.8,0.0,1.3084,Cerah,wmo:0
dago,"Dago, Bandung",2026-09-23,32.73.02.1004,Dago,kelurahan,no,-6.889,107.61,Asia/Jakarta,"BMKG point: Dago, Coblong, Kota Bandung",23-09-2026,UKMO,Open-Meteo / UK Met Office,07:00,2026-09-23 07:00:00,21.4,80.0,0.0,2.2,0.0,1.3084,Cerah,wmo:0
dago,"Dago, Bandung",2026-09-23,32.73.02.1004,Dago,kelurahan,no,-6.889,107.61,Asia/Jakarta,"BMKG point: Dago, Coblong, Kota Bandung",23-09-2026,UKMO,Open-Meteo / UK Met Office,08:00,2026-09-23 08:00:00,22.6,74.0,0.0,4.0,0.0,1.3084,Cerah,wmo:0
dago,"Dago, Bandung",2026-09-23,32.73.02.1004,Dago,kelurahan,no,-6.889,107.61,Asia/Jakarta,"BMKG point: Dago, Coblong, Kota Bandung",23-09-2026,UKMO,Open-Meteo / UK Met Office,09:00,2026-09-23 09:00:00,24.2,65.0,0.0,4.0,0.0,1.3084,Cerah,wmo:0
dago,"Dago, Bandung",2026-09-23,32.73.02.1004,Dago,kelurahan,no,-6.889,107.61,Asia/Jakarta,"BMKG point: Dago, Coblong, Kota Bandung",23-09-2026,UKMO,Open-Meteo / UK Met Office,10:00,2026-09-23 10:00:00,26.0,56.0,0.0,4.0,0.0,1.3084,Cerah,wmo:0
dago,"Dago, Bandung",2026-09-23,32.73.02.1004,Dago,kelurahan,no,-6.889,107.61,Asia/Jakarta,"BMKG point: Dago, Coblong, Kota Bandung",23-09-2026,UKMO,Open-Meteo / UK Met Office,11:00,2026-09-23 11:00:00,27.7,49.0,0.0,4.7,0.0,1.3084,Cerah Berawan,wmo:1
dago,"Dago, Bandung",2026-09-23,32.73.02.1004,Dago,kelurahan,no,-6.889,107.61,Asia/Jakarta,"BMKG point: Dago, Coblong, Kota Bandung",23-09-2026,UKMO,Open-Meteo / UK Met Office,12:00,2026-09-23 12:00:00,29.4,39.0,0.0,4.0,0.0,1.3084,Cerah Berawan,wmo:1
dago,"Dago, Bandung",2026-09-23,32.73.02.1004,Dago,kelurahan,no,-6.889,107.61,Asia/Jakarta,"BMKG point: Dago, Coblong, Kota Bandung",23-09-2026,UKMO,Open-Meteo / UK Met Office,13:00,2026-09-23 13:00:00,29.6,39.0,0.0,2.5,0.0,1.3084,Cerah Berawan,wmo:1
dago,"Dago, Bandung",2026-09-23,32.73.02.1004,Dago,kelurahan,no,-6.889,107.61,Asia/Jakarta,"BMKG point: Dago, Coblong, Kota Bandung",23-09-2026,UKMO,Open-Meteo / UK Met Office,14:00,2026-09-23 14:00:00,29.9,38.0,0.0,3.6,0.0,1.3084,Cerah Berawan,wmo:1
dago,"Dago, Bandung",2026-09-23,32.73.02.1004,Dago,kelurahan,no,-6.889,107.61,Asia/Jakarta,"BMKG point: Dago, Coblong, Kota Bandung",23-09-2026,UKMO,Open-Meteo / UK Met Office,15:00,2026-09-23 15:00:00,30.6,37.0,0.0,7.6,0.0,1.3084,Cerah Berawan,wmo:1
dago,"Dago, Bandung",2026-09-23,32.73.02.1004,Dago,kelurahan,no,-6.889,107.61,Asia/Jakarta,"BMKG point: Dago, Coblong, Kota Bandung",23-09-2026,UKMO,Open-Meteo / UK Met Office,16:00,2026-09-23 16:00:00,30.1,38.0,0.0,7.6,0.0,1.3084,Cerah Berawan,wmo:1
dago,"Dago, Bandung",2026-09-23,32.73.02.1004,Dago,kelurahan,no,-6.889,107.61,Asia/Jakarta,"BMKG point: Dago, Coblong, Kota Bandung",23-09-2026,UKMO,Open-Meteo / UK Met Office,17:00,2026-09-23 17:00:00,29.2,41.0,0.0,9.0,0.0,1.3084,Cerah,wmo:0
dago,"Dago, Bandung",2026-09-23,32.73.02.1004,Dago,kelurahan,no,-6.889,107.61,Asia/Jakarta,"BMKG point: Dago, Coblong, Kota Bandung",23-09-2026,UKMO,Open-Meteo / UK Met Office,18:00,2026-09-23 18:00:00,27.7,46.0,0.0,10.1,0.0,1.3084,Cerah,wmo:0
dago,"Dago, Bandung",2026-09-23,32.73.02.1004,Dago,kelurahan,no,-6.889,107.61,Asia/Jakarta,"BMKG point: Dago, Coblong, Kota Bandung",23-09-2026,UKMO,Open-Meteo / UK Met Office,19:00,2026-09-23 19:00:00,26.2,53.0,0.0,7.6,0.0,1.3084,Cerah,wmo:0
dago,"Dago, Bandung",2026-09-23,32.73.02.1004,Dago,kelurahan,no,-6.889,107.61,Asia/Jakarta,"BMKG point: Dago, Coblong, Kota Bandung",23-09-2026,UKMO,Open-Meteo / UK Met Office,20:00,2026-09-23 20:00:00,25.3,65.0,0.0,3.6,0.0,1.3084,Cerah,wmo:0
dago,"Dago, Bandung",2026-09-23,32.73.02.1004,Dago,kelurahan,no,-6.889,107.61,Asia/Jakarta,"BMKG point: Dago, Coblong, Kota Bandung",23-09-2026,UKMO,Open-Meteo / UK Met Office,21:00,2026-09-23 21:00:00,24.1,73.0,0.0,3.2,0.0,1.3084,Cerah,wmo:0
dago,"Dago, Bandung",2026-09-23,32.73.02.1004,Dago,kelurahan,no,-6.889,107.61,Asia/Jakarta,"BMKG point: Dago, Coblong, Kota Bandung",23-09-2026,UKMO,Open-Meteo / UK Met Office,22:00,2026-09-23 22:00:00,23.5,73.0,0.0,4.7,0.0,1.3084,Cerah,wmo:0
dago,"Dago, Bandung",2026-09-23,32.73.02.1004,Dago,kelurahan,no,-6.889,107.61,Asia/Jakarta,"BMKG point: Dago, Coblong, Kota Bandung",23-09-2026,UKMO,Open-Meteo / UK Met Office,23:00,2026-09-23 23:00:00,23.0,76.0,0.0,5.4,0.0,1.3084,Cerah,wmo:0
dago,"Dago, Bandung",2026-09-24,32.73.02.1004,Dago,kelurahan,no,-6.889,107.61,Asia/Jakarta,"BMKG point: Dago, Coblong, Kota Bandung",24-09-2026,BMKG,BMKG,00:00,2026-09-24 01:00:00,20.0,83.0,0.0,1.4,60.0,1.2186,Berawan,Berawan
dago,"Dago, Bandung",2026-09-24,32.73.02.1004,Dago,kelurahan,no,-6.889,107.61,Asia/Jakarta,"BMKG point: Dago, Coblong, Kota Bandung",24-09-2026,BMKG,BMKG,01:00,2026-09-24 01:00:00,20.0,83.0,0.0,1.4,0.0,1.6247,Berawan,Berawan
dago,"Dago, Bandung",2026-09-24,32.73.02.1004,Dago,kelurahan,no,-6.889,107.61,Asia/Jakarta,"BMKG point: Dago, Coblong, Kota Bandung",24-09-2026,BMKG,BMKG,02:00,2026-09-24 01:00:00,20.0,83.0,0.0,1.4,60.0,1.2186,Berawan,Berawan
dago,"Dago, Bandung",2026-09-24,32.73.02.1004,Dago,kelurahan,no,-6.889,107.61,Asia/Jakarta,"BMKG point: Dago, Coblong, Kota Bandung",24-09-2026,BMKG,BMKG,03:00,2026-09-24 04:00:00,19.0,83.0,0.0,1.9,60.0,1.2186,Cerah Berawan,Cerah Berawan
dago,"Dago, Bandung",2026-09-24,32.73.02.1004,Dago,kelurahan,no,-6.889,107.61,Asia/Jakarta,"BMKG point: Dago, Coblong, Kota Bandung",24-09-2026,BMKG,BMKG,04:00,2026-09-24 04:00:00,19.0,83.0,0.0,1.9,0.0,1.6247,Cerah Berawan,Cerah Berawan
dago,"Dago, Bandung",2026-09-24,32.73.02.1004,Dago,kelurahan,no,-6.889,107.61,Asia/Jakarta,"BMKG point: Dago, Coblong, Kota Bandung",24-09-2026,BMKG,BMKG,05:00,2026-09-24 04:00:00,19.0,83.0,0.0,1.9,60.0,1.2186,Cerah Berawan,Cerah Berawan
dago,"Dago, Bandung",2026-09-24,32.73.02.1004,Dago,kelurahan,no,-6.889,107.61,Asia/Jakarta,"BMKG point: Dago, Coblong, Kota Bandung",24-09-2026,BMKG,BMKG,06:00,2026-09-24 07:00:00,23.0,64.0,0.0,1.1,60.0,1.2186,Cerah,Cerah
dago,"Dago, Bandung",2026-09-24,32.73.02.1004,Dago,kelurahan,no,-6.889,107.61,Asia/Jakarta,"BMKG point: Dago, Coblong, Kota Bandung",24-09-2026,BMKG,BMKG,07:00,2026-09-24 07:00:00,23.0,64.0,0.0,1.1,0.0,1.6247,Cerah,Cerah
dago,"Dago, Bandung",2026-09-24,32.73.02.1004,Dago,kelurahan,no,-6.889,107.61,Asia/Jakarta,"BMKG point: Dago, Coblong, Kota Bandung",24-09-2026,BMKG,BMKG,08:00,2026-09-24 07:00:00,23.0,64.0,0.0,1.1,60.0,1.2186,Cerah,Cerah
dago,"Dago, Bandung",2026-09-24,32.73.02.1004,Dago,kelurahan,no,-6.889,107.61,Asia/Jakarta,"BMKG point: Dago, Coblong, Kota Bandung",24-09-2026,BMKG,BMKG,09:00,2026-09-24 10:00:00,30.0,46.0,0.0,4.5,60.0,1.2186,Cerah Berawan,Cerah Berawan
dago,"Dago, Bandung",2026-09-24,32.73.02.1004,Dago,kelurahan,no,-6.889,107.61,Asia/Jakarta,"BMKG point: Dago, Coblong, Kota Bandung",24-09-2026,BMKG,BMKG,10:00,2026-09-24 10:00:00,30.0,46.0,0.0,4.5,0.0,1.6247,Cerah Berawan,Cerah Berawan
dago,"Dago, Bandung",2026-09-24,32.73.02.1004,Dago,kelurahan,no,-6.889,107.61,Asia/Jakarta,"BMKG point: Dago, Coblong, Kota Bandung",24-09-2026,BMKG,BMKG,11:00,2026-09-24 10:00:00,30.0,46.0,0.0,4.5,60.0,1.2186,Cerah Berawan,Cerah Berawan
dago,"Dago, Bandung",2026-09-24,32.73.02.1004,Dago,kelurahan,no,-6.889,107.61,Asia/Jakarta,"BMKG point: Dago, Coblong, Kota Bandung",24-09-2026,BMKG,BMKG,12:00,2026-09-24 13:00:00,30.0,57.0,0.0,7.8,60.0,1.2186,Berawan,Berawan
dago,"Dago, Bandung",2026-09-24,32.73.02.1004,Dago,kelurahan,no,-6.889,107.61,Asia/Jakarta,"BMKG point: Dago, Coblong, Kota Bandung",24-09-2026,BMKG,BMKG,13:00,2026-09-24 13:00:00,30.0,57.0,0.0,7.8,0.0,1.6247,Berawan,Berawan
dago,"Dago, Bandung",2026-09-24,32.73.02.1004,Dago,kelurahan,no,-6.889,107.61,Asia/Jakarta,"BMKG point: Dago, Coblong, Kota Bandung",24-09-2026,BMKG,BMKG,14:00,2026-09-24 13:00:00,30.0,57.0,0.0,7.8,60.0,1.2186,Berawan,Berawan
dago,"Dago, Bandung",2026-09-24,32.73.02.1004,Dago,kelurahan,no,-6.889,107.61,Asia/Jakarta,"BMKG point: Dago, Coblong, Kota Bandung",24-09-2026,BMKG,BMKG,15:00,2026-09-24 16:00:00,26.0,54.0,0.0,1.6,60.0,1.2186,Cerah Berawan,Cerah Berawan
dago,"Dago, Bandung",2026-09-24,32.73.02.1004,Dago,kelurahan,no,-6.889,107.61,Asia/Jakarta,"BMKG point: Dago, Coblong, Kota Bandung",24-09-2026,BMKG,BMKG,16:00,2026-09-24 16:00:00,26.0,54.0,0.0,1.6,0.0,1.6247,Cerah Berawan,Cerah Berawan
dago,"Dago, Bandung",2026-09-24,32.73.02.1004,Dago,kelurahan,no,-6.889,107.61,Asia/Jakarta,"BMKG point: Dago, Coblong, Kota Bandung",24-09-2026,BMKG,BMKG,17:00,2026-09-24 16:00:00,26.0,54.0,0.0,1.6,60.0,1.2186,Cerah Berawan,Cerah Berawan
dago,"Dago, Bandung",2026-09-24,32.73.02.1004,Dago,kelurahan,no,-6.889,107.61,Asia/Jakarta,"BMKG point: Dago, Coblong, Kota Bandung",24-09-2026,BMKG,BMKG,18:00,2026-09-24 19:00:00,23.0,64.0,0.0,4.5,60.0,1.2186,Cerah,Cerah
dago,"Dago, Bandung",2026-09-24,32.73.02.1004,Dago,kelurahan,no,-6.889,107.61,Asia/Jakarta,"BMKG point: Dago, Coblong, Kota Bandung",24-09-2026,BMKG,BMKG,19:00,2026-09-24 19:00:00,23.0,64.0,0.0,4.5,0.0,1.6247,Cerah,Cerah
dago,"Dago, Bandung",2026-09-24,32.73.02.1004,Dago,kelurahan,no,-6.889,107.61,Asia/Jakarta,"BMKG point: Dago, Coblong, Kota Bandung",24-09-2026,BMKG,BMKG,20:00,2026-09-24 19:00:00,23.0,64.0,0.0,4.5,60.0,1.2186,Cerah,Cerah
dago,"Dago, Bandung",2026-09-24,32.73.02.1004,Dago,kelurahan,no,-6.889,107.61,Asia/Jakarta,"BMKG point: Dago, Coblong, Kota Bandung",24-09-2026,BMKG,BMKG,21:00,2026-09-24 22:00:00,20.0,81.0,0.0,5.4,60.0,1.2186,Cerah,Cerah
dago,"Dago, Bandung",2026-09-24,32.73.02.1004,Dago,kelurahan,no,-6.889,107.61,Asia/Jakarta,"BMKG point: Dago, Coblong, Kota Bandung",24-09-2026,BMKG,BMKG,22:00,2026-09-24 22:00:00,20.0,81.0,0.0,5.4,0.0,1.6247,Cerah,Cerah
dago,"Dago, Bandung",2026-09-24,32.73.02.1004,Dago,kelurahan,no,-6.889,107.61,Asia/Jakarta,"BMKG point: Dago, Coblong, Kota Bandung",24-09-2026,BMKG,BMKG,23:00,2026-09-24 22:00:00,20.0,81.0,0.0,5.4,60.0,1.2186,Cerah,Cerah
dago,"Dago, Bandung",2026-09-24,32.73.02.1004,Dago,kelurahan,no,-6.889,107.61,Asia/Jakarta,"BMKG point: Dago, Coblong, Kota Bandung",24-09-2026,CMA,Open-Meteo / CMA GRAPES,00:00,2026-09-24 00:00:00,21.5,92.0,0.0,2.2,0.0,1.1249,Cerah,wmo:0
dago,"Dago, Bandung",2026-09-24,32.73.02.1004,Dago,kelurahan,no,-6.889,107.61,Asia/Jakarta,"BMKG point: Dago, Coblong, Kota Bandung",24-09-2026,CMA,Open-Meteo / CMA GRAPES,01:00,2026-09-24 01:00:00,21.3,91.0,0.0,1.9,0.0,1.1249,Cerah,wmo:0
dago,"Dago, Bandung",2026-09-24,32.73.02.1004,Dago,kelurahan,no,-6.889,107.61,Asia/Jakarta,"BMKG point: Dago, Coblong, Kota Bandung",24-09-2026,CMA,Open-Meteo / CMA GRAPES,02:00,2026-09-24 02:00:00,21.1,91.0,0.0,2.0,0.0,1.1249,Cerah,wmo:0
dago,"Dago, Bandung",2026-09-24,32.73.02.1004,Dago,kelurahan,no,-6.889,107.61,Asia/Jakarta,"BMKG point: Dago, Coblong, Kota Bandung",24-09-2026,CMA,Open-Meteo / CMA GRAPES,03:00,2026-09-24 03:00:00,20.8,92.0,0.0,2.6,0.0,1.1249,Cerah,wmo:0
dago,"Dago, Bandung",2026-09-24,32.73.02.1004,Dago,kelurahan,no,-6.889,107.61,Asia/Jakarta,"BMKG point: Dago, Coblong, Kota Bandung",24-09-2026,CMA,Open-Meteo / CMA GRAPES,04:00,2026-09-24 04:00:00,20.8,90.0,0.0,3.3,0.0,1.1249,Cerah,wmo:0
dago,"Dago, Bandung",2026-09-24,32.73.02.1004,Dago,kelurahan,no,-6.889,107.61,Asia/Jakarta,"BMKG point: Dago, Coblong, Kota Bandung",24-09-2026,CMA,Open-Meteo / CMA GRAPES,05:00,2026-09-24 05:00:00,21.1,83.0,0.0,4.3,0.0,1.1249,Cerah,wmo:0
dago,"Dago, Bandung",2026-09-24,32.73.02.1004,Dago,kelurahan,no,-6.889,107.61,Asia/Jakarta,"BMKG point: Dago, Coblong, Kota Bandung",24-09-2026,CMA,Open-Meteo / CMA GRAPES,06:00,2026-09-24 06:00:00,21.5,74.0,0.0,5.5,0.0,1.1249,Cerah,wmo:0
dago,"Dago, Bandung",2026-09-24,32.73.02.1004,Dago,kelurahan,no,-6.889,107.61,Asia/Jakarta,"BMKG point: Dago, Coblong, Kota Bandung",24-09-2026,CMA,Open-Meteo / CMA GRAPES,07:00,2026-09-24 07:00:00,22.3,65.0,0.0,6.6,0.0,1.1249,Cerah,wmo:0
dago,"Dago, Bandung",2026-09-24,32.73.02.1004,Dago,kelurahan,no,-6.889,107.61,Asia/Jakarta,"BMKG point: Dago, Coblong, Kota Bandung",24-09-2026,CMA,Open-Meteo / CMA GRAPES,08:00,2026-09-24 08:00:00,23.5,58.0,0.0,7.3,0.0,1.1249,Cerah,wmo:0
dago,"Dago, Bandung",2026-09-24,32.73.02.1004,Dago,kelurahan,no,-6.889,107.61,Asia/Jakarta,"BMKG point: Dago, Coblong, Kota Bandung",24-09-2026,CMA,Open-Meteo / CMA GRAPES,09:00,2026-09-24 09:00:00,25.1,52.0,0.0,8.8,0.0,1.1249,Cerah,wmo:0
dago,"Dago, Bandung",2026-09-24,32.73.02.1004,Dago,kelurahan,no,-6.889,107.61,Asia/Jakarta,"BMKG point: Dago, Coblong, Kota Bandung",24-09-2026,CMA,Open-Meteo / CMA GRAPES,10:00,2026-09-24 10:00:00,26.4,47.0,0.0,10.3,0.0,1.1249,Cerah,wmo:0
dago,"Dago, Bandung",2026-09-24,32.73.02.1004,Dago,kelurahan,no,-6.889,107.61,Asia/Jakarta,"BMKG point: Dago, Coblong, Kota Bandung",24-09-2026,CMA,Open-Meteo / CMA GRAPES,11:00,2026-09-24 11:00:00,27.6,44.0,0.0,10.5,0.0,1.1249,Cerah,wmo:0
dago,"Dago, Bandung",2026-09-24,32.73.02.1004,Dago,kelurahan,no,-6.889,107.61,Asia/Jakarta,"BMKG point: Dago, Coblong, Kota Bandung",24-09-2026,CMA,Open-Meteo / CMA GRAPES,12:00,2026-09-24 12:00:00,28.6,43.0,0.0,11.3,0.0,1.1249,Cerah,wmo:0
dago,"Dago, Bandung",2026-09-24,32.73.02.1004,Dago,kelurahan,no,-6.889,107.61,Asia/Jakarta,"BMKG point: Dago, Coblong, Kota Bandung",24-09-2026,CMA,Open-Meteo / CMA GRAPES,13:00,2026-09-24 13:00:00,29.1,45.0,0.0,12.5,0.0,1.1249,Cerah,wmo:0
dago,"Dago, Bandung",2026-09-24,32.73.02.1004,Dago,kelurahan,no,-6.889,107.61,Asia/Jakarta,"BMKG point: Dago, Coblong, Kota Bandung",24-09-2026,CMA,Open-Meteo / CMA GRAPES,14:00,2026-09-24 14:00:00,28.9,50.0,0.0,14.8,0.0,1.1249,Cerah,wmo:0
dago,"Dago, Bandung",2026-09-24,32.73.02.1004,Dago,kelurahan,no,-6.889,107.61,Asia/Jakarta,"BMKG point: Dago, Coblong, Kota Bandung",24-09-2026,CMA,Open-Meteo / CMA GRAPES,15:00,2026-09-24 15:00:00,28.3,58.0,0.0,16.5,0.0,1.1249,Cerah,wmo:0
dago,"Dago, Bandung",2026-09-24,32.73.02.1004,Dago,kelurahan,no,-6.889,107.61,Asia/Jakarta,"BMKG point: Dago, Coblong, Kota Bandung",24-09-2026,CMA,Open-Meteo / CMA GRAPES,16:00,2026-09-24 16:00:00,27.5,66.0,0.0,17.2,0.0,1.1249,Cerah Berawan,wmo:1
dago,"Dago, Bandung",2026-09-24,32.73.02.1004,Dago,kelurahan,no,-6.889,107.61,Asia/Jakarta,"BMKG point: Dago, Coblong, Kota Bandung",24-09-2026,CMA,Open-Meteo / CMA GRAPES,17:00,2026-09-24 17:00:00,26.4,74.0,0.1,15.5,0.0,1.1249,Hujan Ringan,wmo:51
dago,"Dago, Bandung",2026-09-24,32.73.02.1004,Dago,kelurahan,no,-6.889,107.61,Asia/Jakarta,"BMKG point: Dago, Coblong, Kota Bandung",24-09-2026,CMA,Open-Meteo / CMA GRAPES,18:00,2026-09-24 18:00:00,25.1,83.0,0.1,12.5,0.0,1.1249,Hujan Ringan,wmo:51
dago,"Dago, Bandung",2026-09-24,32.73.02.1004,Dago,kelurahan,no,-6.889,107.61,Asia/Jakarta,"BMKG point: Dago, Coblong, Kota Bandung",24-09-2026,CMA,Open-Meteo / CMA GRAPES,19:00,2026-09-24 19:00:00,24.1,89.0,0.1,9.4,0.0,1.1249,Hujan Ringan,wmo:51
dago,"Dago, Bandung",2026-09-24,32.73.02.1004,Dago,kelurahan,no,-6.889,107.61,Asia/Jakarta,"BMKG point: Dago, Coblong, Kota Bandung",24-09-2026,CMA,Open-Meteo / CMA GRAPES,20:00,2026-09-24 20:00:00,23.7,92.0,0.1,6.0,0.0,1.1249,Hujan Ringan,wmo:51
dago,"Dago, Bandung",2026-09-24,32.73.02.1004,Dago,kelurahan,no,-6.889,107.61,Asia/Jakarta,"BMKG point: Dago, Coblong, Kota Bandung",24-09-2026,CMA,Open-Meteo / CMA GRAPES,21:00,2026-09-24 21:00:00,23.5,92.0,0.1,3.0,0.0,1.1249,Hujan Ringan,wmo:51
dago,"Dago, Bandung",2026-09-24,32.73.02.1004,Dago,kelurahan,no,-6.889,107.61,Asia/Jakarta,"BMKG point: Dago, Coblong, Kota Bandung",24-09-2026,CMA,Open-Meteo / CMA GRAPES,22:00,2026-09-24 22:00:00,23.2,93.0,0.1,2.7,0.0,1.1249,Hujan Ringan,wmo:51
dago,"Dago, Bandung",2026-09-24,32.73.02.1004,Dago,kelurahan,no,-6.889,107.61,Asia/Jakarta,"BMKG point: Dago, Coblong, Kota Bandung",24-09-2026,CMA,Open-Meteo / CMA GRAPES,23:00,2026-09-24 23:00:00,22.8,94.0,0.0,2.3,0.0,1.1249,Berawan,wmo:45
dago,"Dago, Bandung",2026-09-24,32.73.02.1004,Dago,kelurahan,no,-6.889,107.61,Asia/Jakarta,"BMKG point: Dago, Coblong, Kota Bandung",24-09-2026,ECMWF,Open-Meteo / ECMWF,00:00,2026-09-24 00:00:00,20.8,78.0,0.0,3.3,0.0,1.6911,Berawan,wmo:3
dago,"Dago, Bandung",2026-09-24,32.73.02.1004,Dago,kelurahan,no,-6.889,107.61,Asia/Jakarta,"BMKG point: Dago, Coblong, Kota Bandung",24-09-2026,ECMWF,Open-Meteo / ECMWF,01:00,2026-09-24 01:00:00,20.4,80.0,0.0,2.1,0.0,1.6911,Berawan,wmo:3
dago,"Dago, Bandung",2026-09-24,32.73.02.1004,Dago,kelurahan,no,-6.889,107.61,Asia/Jakarta,"BMKG point: Dago, Coblong, Kota Bandung",24-09-2026,ECMWF,Open-Meteo / ECMWF,02:00,2026-09-24 02:00:00,20.0,81.0,0.0,1.8,0.0,1.6911,Berawan,wmo:3
dago,"Dago, Bandung",2026-09-24,32.73.02.1004,Dago,kelurahan,no,-6.889,107.61,Asia/Jakarta,"BMKG point: Dago, Coblong, Kota Bandung",24-09-2026,ECMWF,Open-Meteo / ECMWF,03:00,2026-09-24 03:00:00,19.7,81.0,0.0,1.5,0.0,1.6911,Berawan,wmo:3
dago,"Dago, Bandung",2026-09-24,32.73.02.1004,Dago,kelurahan,no,-6.889,107.61,Asia/Jakarta,"BMKG point: Dago, Coblong, Kota Bandung",24-09-2026,ECMWF,Open-Meteo / ECMWF,04:00,2026-09-24 04:00:00,19.7,80.0,0.0,1.9,0.0,1.6911,Berawan,wmo:3
dago,"Dago, Bandung",2026-09-24,32.73.02.1004,Dago,kelurahan,no,-6.889,107.61,Asia/Jakarta,"BMKG point: Dago, Coblong, Kota Bandung",24-09-2026,ECMWF,Open-Meteo / ECMWF,05:00,2026-09-24 05:00:00,19.9,80.0,0.0,3.0,0.0,1.6911,Cerah Berawan,wmo:2
dago,"Dago, Bandung",2026-09-24,32.73.02.1004,Dago,kelurahan,no,-6.889,107.61,Asia/Jakarta,"BMKG point: Dago, Coblong, Kota Bandung",24-09-2026,ECMWF,Open-Meteo / ECMWF,06:00,2026-09-24 06:00:00,20.3,79.0,0.0,4.7,0.0,1.6911,Cerah Berawan,wmo:2
dago,"Dago, Bandung",2026-09-24,32.73.02.1004,Dago,kelurahan,no,-6.889,107.61,Asia/Jakarta,"BMKG point: Dago, Coblong, Kota Bandung",24-09-2026,ECMWF,Open-Meteo / ECMWF,07:00,2026-09-24 07:00:00,21.2,75.0,0.0,5.0,0.0,1.6911,Cerah Berawan,wmo:2
dago,"Dago, Bandung",2026-09-24,32.73.02.1004,Dago,kelurahan,no,-6.889,107.61,Asia/Jakarta,"BMKG point: Dago, Coblong, Kota Bandung",24-09-2026,ECMWF,Open-Meteo / ECMWF,08:00,2026-09-24 08:00:00,23.2,66.0,0.0,4.3,0.0,1.6911,Cerah Berawan,wmo:2
dago,"Dago, Bandung",2026-09-24,32.73.02.1004,Dago,kelurahan,no,-6.889,107.61,Asia/Jakarta,"BMKG point: Dago, Coblong, Kota Bandung",24-09-2026,ECMWF,Open-Meteo / ECMWF,09:00,2026-09-24 09:00:00,25.7,55.0,0.0,4.7,0.0,1.6911,Cerah Berawan,wmo:1
dago,"Dago, Bandung",2026-09-24,32.73.02.1004,Dago,kelurahan,no,-6.889,107.61,Asia/Jakarta,"BMKG point: Dago, Coblong, Kota Bandung",24-09-2026,ECMWF,Open-Meteo / ECMWF,10:00,2026-09-24 10:00:00,27.8,46.0,0.0,4.7,0.0,1.6911,Cerah Berawan,wmo:1
dago,"Dago, Bandung",2026-09-24,32.73.02.1004,Dago,kelurahan,no,-6.889,107.61,Asia/Jakarta,"BMKG point: Dago, Coblong, Kota Bandung",24-09-2026,ECMWF,Open-Meteo / ECMWF,11:00,2026-09-24 11:00:00,29.1,43.0,0.0,3.3,0.0,1.6911,Cerah,wmo:0
dago,"Dago, Bandung",2026-09-24,32.73.02.1004,Dago,kelurahan,no,-6.889,107.61,Asia/Jakarta,"BMKG point: Dago, Coblong, Kota Bandung",24-09-2026,ECMWF,Open-Meteo / ECMWF,12:00,2026-09-24 12:00:00,30.0,43.0,0.0,8.2,0.0,1.6911,Cerah,wmo:0
dago,"Dago, Bandung",2026-09-24,32.73.02.1004,Dago,kelurahan,no,-6.889,107.61,Asia/Jakarta,"BMKG point: Dago, Coblong, Kota Bandung",24-09-2026,ECMWF,Open-Meteo / ECMWF,13:00,2026-09-24 13:00:00,30.5,44.0,0.0,12.0,0.0,1.6911,Cerah,wmo:0
dago,"Dago, Bandung",2026-09-24,32.73.02.1004,Dago,kelurahan,no,-6.889,107.61,Asia/Jakarta,"BMKG point: Dago, Coblong, Kota Bandung",24-09-2026,ECMWF,Open-Meteo / ECMWF,14:00,2026-09-24 14:00:00,30.5,43.0,0.2,10.8,0.0,1.6911,Hujan Ringan,wmo:51
dago,"Dago, Bandung",2026-09-24,32.73.02.1004,Dago,kelurahan,no,-6.889,107.61,Asia/Jakarta,"BMKG point: Dago, Coblong, Kota Bandung",24-09-2026,ECMWF,Open-Meteo / ECMWF,15:00,2026-09-24 15:00:00,30.2,43.0,0.2,8.0,0.0,1.6911,Hujan Ringan,wmo:51
dago,"Dago, Bandung",2026-09-24,32.73.02.1004,Dago,kelurahan,no,-6.889,107.61,Asia/Jakarta,"BMKG point: Dago, Coblong, Kota Bandung",24-09-2026,ECMWF,Open-Meteo / ECMWF,16:00,2026-09-24 16:00:00,29.4,45.0,0.2,5.8,0.0,1.6911,Hujan Ringan,wmo:51
dago,"Dago, Bandung",2026-09-24,32.73.02.1004,Dago,kelurahan,no,-6.889,107.61,Asia/Jakarta,"BMKG point: Dago, Coblong, Kota Bandung",24-09-2026,ECMWF,Open-Meteo / ECMWF,17:00,2026-09-24 17:00:00,28.1,50.0,0.0,3.4,0.0,1.6911,Berawan,wmo:3
dago,"Dago, Bandung",2026-09-24,32.73.02.1004,Dago,kelurahan,no,-6.889,107.61,Asia/Jakarta,"BMKG point: Dago, Coblong, Kota Bandung",24-09-2026,ECMWF,Open-Meteo / ECMWF,18:00,2026-09-24 18:00:00,26.3,57.0,0.0,5.4,0.0,1.6911,Berawan,wmo:3
dago,"Dago, Bandung",2026-09-24,32.73.02.1004,Dago,kelurahan,no,-6.889,107.61,Asia/Jakarta,"BMKG point: Dago, Coblong, Kota Bandung",24-09-2026,ECMWF,Open-Meteo / ECMWF,19:00,2026-09-24 19:00:00,24.8,64.0,0.0,8.7,0.0,1.6911,Berawan,wmo:3
dago,"Dago, Bandung",2026-09-24,32.73.02.1004,Dago,kelurahan,no,-6.889,107.61,Asia/Jakarta,"BMKG point: Dago, Coblong, Kota Bandung",24-09-2026,ECMWF,Open-Meteo / ECMWF,20:00,2026-09-24 20:00:00,23.6,69.0,0.0,9.2,0.0,1.6911,Berawan,wmo:3
dago,"Dago, Bandung",2026-09-24,32.73.02.1004,Dago,kelurahan,no,-6.889,107.61,Asia/Jakarta,"BMKG point: Dago, Coblong, Kota Bandung",24-09-2026,ECMWF,Open-Meteo / ECMWF,21:00,2026-09-24 21:00:00,22.6,74.0,0.0,8.0,0.0,1.6911,Berawan,wmo:3
dago,"Dago, Bandung",2026-09-24,32.73.02.1004,Dago,kelurahan,no,-6.889,107.61,Asia/Jakarta,"BMKG point: Dago, Coblong, Kota Bandung",24-09-2026,ECMWF,Open-Meteo / ECMWF,22:00,2026-09-24 22:00:00,21.6,78.0,0.0,6.6,0.0,1.6911,Berawan,wmo:3
dago,"Dago, Bandung",2026-09-24,32.73.02.1004,Dago,kelurahan,no,-6.889,107.61,Asia/Jakarta,"BMKG point: Dago, Coblong, Kota Bandung",24-09-2026,ECMWF,Open-Meteo / ECMWF,23:00,2026-09-24 23:00:00,20.6,82.0,0.0,5.1,0.0,1.6911,Cerah Berawan,wmo:2
dago,"Dago, Bandung",2026-09-24,32.73.02.1004,Dago,kelurahan,no,-6.889,107.61,Asia/Jakarta,"BMKG point: Dago, Coblong, Kota Bandung",24-09-2026,GFS,Open-Meteo / NOAA GFS,00:00,2026-09-24 00:00:00,20.9,72.0,0.0,1.1,0.0,1.3847,Cerah Berawan,wmo:2
dago,"Dago, Bandung",2026-09-24,32.73.02.1004,Dago,kelurahan,no,-6.889,107.61,Asia/Jakarta,"BMKG point: Dago, Coblong, Kota Bandung",24-09-2026,GFS,Open-Meteo / NOAA GFS,01:00,2026-09-24 01:00:00,20.4,74.0,0.0,0.4,0.0,1.3847,Cerah Berawan,wmo:2
dago,"Dago, Bandung",2026-09-24,32.73.02.1004,Dago,kelurahan,no,-6.889,107.61,Asia/Jakarta,"BMKG point: Dago, Coblong, Kota Bandung",24-09-2026,GFS,Open-Meteo / NOAA GFS,02:00,2026-09-24 02:00:00,20.0,76.0,0.0,0.8,0.0,1.3847,Cerah Berawan,wmo:2
dago,"Dago, Bandung",2026-09-24,32.73.02.1004,Dago,kelurahan,no,-6.889,107.61,Asia/Jakarta,"BMKG point: Dago, Coblong, Kota Bandung",24-09-2026,GFS,Open-Meteo / NOAA GFS,03:00,2026-09-24 03:00:00,19.6,78.0,0.0,0.7,0.0,1.3847,Cerah,wmo:0
dago,"Dago, Bandung",2026-09-24,32.73.02.1004,Dago,kelurahan,no,-6.889,107.61,Asia/Jakarta,"BMKG point: Dago, Coblong, Kota Bandung",24-09-2026,GFS,Open-Meteo / NOAA GFS,04:00,2026-09-24 04:00:00,19.4,79.0,0.0,2.6,0.0,1.3847,Cerah Berawan,wmo:2
dago,"Dago, Bandung",2026-09-24,32.73.02.1004,Dago,kelurahan,no,-6.889,107.61,Asia/Jakarta,"BMKG point: Dago, Coblong, Kota Bandung",24-09-2026,GFS,Open-Meteo / NOAA GFS,05:00,2026-09-24 05:00:00,19.2,79.0,0.0,4.4,0.0,1.3847,Berawan,wmo:3
dago,"Dago, Bandung",2026-09-24,32.73.02.1004,Dago,kelurahan,no,-6.889,107.61,Asia/Jakarta,"BMKG point: Dago, Coblong, Kota Bandung",24-09-2026,GFS,Open-Meteo / NOAA GFS,06:00,2026-09-24 06:00:00,19.5,77.0,0.0,5.9,0.0,1.3847,Cerah,wmo:0
dago,"Dago, Bandung",2026-09-24,32.73.02.1004,Dago,kelurahan,no,-6.889,107.61,Asia/Jakarta,"BMKG point: Dago, Coblong, Kota Bandung",24-09-2026,GFS,Open-Meteo / NOAA GFS,07:00,2026-09-24 07:00:00,22.4,64.0,0.0,6.4,0.0,1.3847,Cerah Berawan,wmo:1
dago,"Dago, Bandung",2026-09-24,32.73.02.1004,Dago,kelurahan,no,-6.889,107.61,Asia/Jakarta,"BMKG point: Dago, Coblong, Kota Bandung",24-09-2026,GFS,Open-Meteo / NOAA GFS,08:00,2026-09-24 08:00:00,25.4,53.0,0.0,4.8,0.0,1.3847,Berawan,wmo:3
dago,"Dago, Bandung",2026-09-24,32.73.02.1004,Dago,kelurahan,no,-6.889,107.61,Asia/Jakarta,"BMKG point: Dago, Coblong, Kota Bandung",24-09-2026,GFS,Open-Meteo / NOAA GFS,09:00,2026-09-24 09:00:00,28.3,43.0,0.0,1.6,0.0,1.3847,Cerah Berawan,wmo:2
dago,"Dago, Bandung",2026-09-24,32.73.02.1004,Dago,kelurahan,no,-6.889,107.61,Asia/Jakarta,"BMKG point: Dago, Coblong, Kota Bandung",24-09-2026,GFS,Open-Meteo / NOAA GFS,10:00,2026-09-24 10:00:00,30.5,38.0,0.0,3.7,0.0,1.3847,Cerah Berawan,wmo:2
dago,"Dago, Bandung",2026-09-24,32.73.02.1004,Dago,kelurahan,no,-6.889,107.61,Asia/Jakarta,"BMKG point: Dago, Coblong, Kota Bandung",24-09-2026,GFS,Open-Meteo / NOAA GFS,11:00,2026-09-24 11:00:00,31.4,36.0,0.0,9.0,0.0,1.3847,Cerah Berawan,wmo:2
dago,"Dago, Bandung",2026-09-24,32.73.02.1004,Dago,kelurahan,no,-6.889,107.61,Asia/Jakarta,"BMKG point: Dago, Coblong, Kota Bandung",24-09-2026,GFS,Open-Meteo / NOAA GFS,12:00,2026-09-24 12:00:00,32.5,35.0,0.0,13.5,0.0,1.3847,Cerah Berawan,wmo:1
dago,"Dago, Bandung",2026-09-24,32.73.02.1004,Dago,kelurahan,no,-6.889,107.61,Asia/Jakarta,"BMKG point: Dago, Coblong, Kota Bandung",24-09-2026,GFS,Open-Meteo / NOAA GFS,13:00,2026-09-24 13:00:00,32.8,34.0,0.0,18.6,0.0,1.3847,Berawan,wmo:3
dago,"Dago, Bandung",2026-09-24,32.73.02.1004,Dago,kelurahan,no,-6.889,107.61,Asia/Jakarta,"BMKG point: Dago, Coblong, Kota Bandung",24-09-2026,GFS,Open-Meteo / NOAA GFS,14:00,2026-09-24 14:00:00,31.7,35.0,0.0,17.2,0.0,1.3847,Berawan,wmo:3
dago,"Dago, Bandung",2026-09-24,32.73.02.1004,Dago,kelurahan,no,-6.889,107.61,Asia/Jakarta,"BMKG point: Dago, Coblong, Kota Bandung",24-09-2026,GFS,Open-Meteo / NOAA GFS,15:00,2026-09-24 15:00:00,30.6,36.0,0.0,12.9,0.0,1.3847,Berawan,wmo:3
dago,"Dago, Bandung",2026-09-24,32.73.02.1004,Dago,kelurahan,no,-6.889,107.61,Asia/Jakarta,"BMKG point: Dago, Coblong, Kota Bandung",24-09-2026,GFS,Open-Meteo / NOAA GFS,16:00,2026-09-24 16:00:00,29.5,41.0,0.0,13.7,0.0,1.3847,Berawan,wmo:3
dago,"Dago, Bandung",2026-09-24,32.73.02.1004,Dago,kelurahan,no,-6.889,107.61,Asia/Jakarta,"BMKG point: Dago, Coblong, Kota Bandung",24-09-2026,GFS,Open-Meteo / NOAA GFS,17:00,2026-09-24 17:00:00,26.9,56.0,0.0,11.2,0.0,1.3847,Berawan,wmo:3
dago,"Dago, Bandung",2026-09-24,32.73.02.1004,Dago,kelurahan,no,-6.889,107.61,Asia/Jakarta,"BMKG point: Dago, Coblong, Kota Bandung",24-09-2026,GFS,Open-Meteo / NOAA GFS,18:00,2026-09-24 18:00:00,24.5,68.0,0.1,9.4,0.0,1.3847,Hujan Ringan,wmo:51
dago,"Dago, Bandung",2026-09-24,32.73.02.1004,Dago,kelurahan,no,-6.889,107.61,Asia/Jakarta,"BMKG point: Dago, Coblong, Kota Bandung",24-09-2026,GFS,Open-Meteo / NOAA GFS,19:00,2026-09-24 19:00:00,23.0,74.0,0.0,7.9,0.0,1.3847,Cerah Berawan,wmo:2
dago,"Dago, Bandung",2026-09-24,32.73.02.1004,Dago,kelurahan,no,-6.889,107.61,Asia/Jakarta,"BMKG point: Dago, Coblong, Kota Bandung",24-09-2026,GFS,Open-Meteo / NOAA GFS,20:00,2026-09-24 20:00:00,22.3,76.0,0.0,5.7,0.0,1.3847,Cerah Berawan,wmo:1
dago,"Dago, Bandung",2026-09-24,32.73.02.1004,Dago,kelurahan,no,-6.889,107.61,Asia/Jakarta,"BMKG point: Dago, Coblong, Kota Bandung",24-09-2026,GFS,Open-Meteo / NOAA GFS,21:00,2026-09-24 21:00:00,21.6,79.0,0.0,4.0,0.0,1.3847,Cerah Berawan,wmo:2
dago,"Dago, Bandung",2026-09-24,32.73.02.1004,Dago,kelurahan,no,-6.889,107.61,Asia/Jakarta,"BMKG point: Dago, Coblong, Kota Bandung",24-09-2026,GFS,Open-Meteo / NOAA GFS,22:00,2026-09-24 22:00:00,21.2,81.0,0.0,2.3,0.0,1.3847,Berawan,wmo:3
dago,"Dago, Bandung",2026-09-24,32.73.02.1004,Dago,kelurahan,no,-6.889,107.61,Asia/Jakarta,"BMKG point: Dago, Coblong, Kota Bandung",24-09-2026,GFS,Open-Meteo / NOAA GFS,23:00,2026-09-24 23:00:00,21.0,82.0,0.0,3.6,0.0,1.3847,Cerah Berawan,wmo:2
dago,"Dago, Bandung",2026-09-24,32.73.02.1004,Dago,kelurahan,no,-6.889,107.61,Asia/Jakarta,"BMKG point: Dago, Coblong, Kota Bandung",24-09-2026,ICON,Open-Meteo / DWD ICON,00:00,2026-09-24 00:00:00,21.5,75.0,0.0,1.5,0.0,1.4527,Cerah Berawan,wmo:1
dago,"Dago, Bandung",2026-09-24,32.73.02.1004,Dago,kelurahan,no,-6.889,107.61,Asia/Jakarta,"BMKG point: Dago, Coblong, Kota Bandung",24-09-2026,ICON,Open-Meteo / DWD ICON,01:00,2026-09-24 01:00:00,20.7,75.0,0.0,1.8,0.0,1.4527,Cerah Berawan,wmo:1
dago,"Dago, Bandung",2026-09-24,32.73.02.1004,Dago,kelurahan,no,-6.889,107.61,Asia/Jakarta,"BMKG point: Dago, Coblong, Kota Bandung",24-09-2026,ICON,Open-Meteo / DWD ICON,02:00,2026-09-24 02:00:00,19.9,76.0,0.0,1.8,0.0,1.4527,Cerah Berawan,wmo:1
dago,"Dago, Bandung",2026-09-24,32.73.02.1004,Dago,kelurahan,no,-6.889,107.61,Asia/Jakarta,"BMKG point: Dago, Coblong, Kota Bandung",24-09-2026,ICON,Open-Meteo / DWD ICON,03:00,2026-09-24 03:00:00,19.1,77.0,0.0,2.3,0.0,1.4527,Cerah Berawan,wmo:1
dago,"Dago, Bandung",2026-09-24,32.73.02.1004,Dago,kelurahan,no,-6.889,107.61,Asia/Jakarta,"BMKG point: Dago, Coblong, Kota Bandung",24-09-2026,ICON,Open-Meteo / DWD ICON,04:00,2026-09-24 04:00:00,18.4,80.0,0.0,2.3,0.0,1.4527,Cerah Berawan,wmo:1
dago,"Dago, Bandung",2026-09-24,32.73.02.1004,Dago,kelurahan,no,-6.889,107.61,Asia/Jakarta,"BMKG point: Dago, Coblong, Kota Bandung",24-09-2026,ICON,Open-Meteo / DWD ICON,05:00,2026-09-24 05:00:00,18.1,82.0,0.0,2.1,0.0,1.4527,Cerah Berawan,wmo:1
dago,"Dago, Bandung",2026-09-24,32.73.02.1004,Dago,kelurahan,no,-6.889,107.61,Asia/Jakarta,"BMKG point: Dago, Coblong, Kota Bandung",24-09-2026,ICON,Open-Meteo / DWD ICON,06:00,2026-09-24 06:00:00,17.7,84.0,0.0,2.5,0.0,1.4527,Cerah,wmo:0
dago,"Dago, Bandung",2026-09-24,32.73.02.1004,Dago,kelurahan,no,-6.889,107.61,Asia/Jakarta,"BMKG point: Dago, Coblong, Kota Bandung",24-09-2026,ICON,Open-Meteo / DWD ICON,07:00,2026-09-24 07:00:00,19.9,75.0,0.0,2.5,0.0,1.4527,Cerah,wmo:0
dago,"Dago, Bandung",2026-09-24,32.73.02.1004,Dago,kelurahan,no,-6.889,107.61,Asia/Jakarta,"BMKG point: Dago, Coblong, Kota Bandung",24-09-2026,ICON,Open-Meteo / DWD ICON,08:00,2026-09-24 08:00:00,23.7,57.0,0.0,2.5,0.0,1.4527,Cerah,wmo:0
dago,"Dago, Bandung",2026-09-24,32.73.02.1004,Dago,kelurahan,no,-6.889,107.61,Asia/Jakarta,"BMKG point: Dago, Coblong, Kota Bandung",24-09-2026,ICON,Open-Meteo / DWD ICON,09:00,2026-09-24 09:00:00,26.7,43.0,0.0,2.9,0.0,1.4527,Cerah Berawan,wmo:1
dago,"Dago, Bandung",2026-09-24,32.73.02.1004,Dago,kelurahan,no,-6.889,107.61,Asia/Jakarta,"BMKG point: Dago, Coblong, Kota Bandung",24-09-2026,ICON,Open-Meteo / DWD ICON,10:00,2026-09-24 10:00:00,29.2,37.0,0.0,1.8,0.0,1.4527,Cerah Berawan,wmo:1
dago,"Dago, Bandung",2026-09-24,32.73.02.1004,Dago,kelurahan,no,-6.889,107.61,Asia/Jakarta,"BMKG point: Dago, Coblong, Kota Bandung",24-09-2026,ICON,Open-Meteo / DWD ICON,11:00,2026-09-24 11:00:00,30.7,36.0,0.0,1.8,0.0,1.4527,Cerah,wmo:0
dago,"Dago, Bandung",2026-09-24,32.73.02.1004,Dago,kelurahan,no,-6.889,107.61,Asia/Jakarta,"BMKG point: Dago, Coblong, Kota Bandung",24-09-2026,ICON,Open-Meteo / DWD ICON,12:00,2026-09-24 12:00:00,31.5,35.0,0.0,2.9,0.0,1.4527,Cerah Berawan,wmo:1
dago,"Dago, Bandung",2026-09-24,32.73.02.1004,Dago,kelurahan,no,-6.889,107.61,Asia/Jakarta,"BMKG point: Dago, Coblong, Kota Bandung",24-09-2026,ICON,Open-Meteo / DWD ICON,13:00,2026-09-24 13:00:00,32.1,35.0,0.0,2.4,0.0,1.4527,Cerah Berawan,wmo:1
dago,"Dago, Bandung",2026-09-24,32.73.02.1004,Dago,kelurahan,no,-6.889,107.61,Asia/Jakarta,"BMKG point: Dago, Coblong, Kota Bandung",24-09-2026,ICON,Open-Meteo / DWD ICON,14:00,2026-09-24 14:00:00,32.7,32.0,0.0,1.8,0.0,1.4527,Cerah Berawan,wmo:2
dago,"Dago, Bandung",2026-09-24,32.73.02.1004,Dago,kelurahan,no,-6.889,107.61,Asia/Jakarta,"BMKG point: Dago, Coblong, Kota Bandung",24-09-2026,ICON,Open-Meteo / DWD ICON,15:00,2026-09-24 15:00:00,32.5,33.0,0.0,2.9,0.0,1.4527,Cerah Berawan,wmo:2
dago,"Dago, Bandung",2026-09-24,32.73.02.1004,Dago,kelurahan,no,-6.889,107.61,Asia/Jakarta,"BMKG point: Dago, Coblong, Kota Bandung",24-09-2026,ICON,Open-Meteo / DWD ICON,16:00,2026-09-24 16:00:00,31.7,36.0,0.0,5.1,0.0,1.4527,Cerah Berawan,wmo:2
dago,"Dago, Bandung",2026-09-24,32.73.02.1004,Dago,kelurahan,no,-6.889,107.61,Asia/Jakarta,"BMKG point: Dago, Coblong, Kota Bandung",24-09-2026,ICON,Open-Meteo / DWD ICON,17:00,2026-09-24 17:00:00,30.2,40.0,0.0,7.0,0.0,1.4527,Cerah Berawan,wmo:2
dago,"Dago, Bandung",2026-09-24,32.73.02.1004,Dago,kelurahan,no,-6.889,107.61,Asia/Jakarta,"BMKG point: Dago, Coblong, Kota Bandung",24-09-2026,ICON,Open-Meteo / DWD ICON,18:00,2026-09-24 18:00:00,27.8,47.0,0.0,7.6,0.0,1.4527,Cerah Berawan,wmo:2
dago,"Dago, Bandung",2026-09-24,32.73.02.1004,Dago,kelurahan,no,-6.889,107.61,Asia/Jakarta,"BMKG point: Dago, Coblong, Kota Bandung",24-09-2026,ICON,Open-Meteo / DWD ICON,19:00,2026-09-24 19:00:00,25.6,55.0,0.0,7.0,0.0,1.4527,Cerah Berawan,wmo:2
dago,"Dago, Bandung",2026-09-24,32.73.02.1004,Dago,kelurahan,no,-6.889,107.61,Asia/Jakarta,"BMKG point: Dago, Coblong, Kota Bandung",24-09-2026,ICON,Open-Meteo / DWD ICON,20:00,2026-09-24 20:00:00,24.4,60.0,0.0,4.1,0.0,1.4527,Cerah Berawan,wmo:2
dago,"Dago, Bandung",2026-09-24,32.73.02.1004,Dago,kelurahan,no,-6.889,107.61,Asia/Jakarta,"BMKG point: Dago, Coblong, Kota Bandung",24-09-2026,ICON,Open-Meteo / DWD ICON,21:00,2026-09-24 21:00:00,23.3,66.0,0.0,3.1,0.0,1.4527,Cerah Berawan,wmo:1
dago,"Dago, Bandung",2026-09-24,32.73.02.1004,Dago,kelurahan,no,-6.889,107.61,Asia/Jakarta,"BMKG point: Dago, Coblong, Kota Bandung",24-09-2026,ICON,Open-Meteo / DWD ICON,22:00,2026-09-24 22:00:00,22.2,72.0,0.0,2.3,0.0,1.4527,Cerah Berawan,wmo:1
dago,"Dago, Bandung",2026-09-24,32.73.02.1004,Dago,kelurahan,no,-6.889,107.61,Asia/Jakarta,"BMKG point: Dago, Coblong, Kota Bandung",24-09-2026,ICON,Open-Meteo / DWD ICON,23:00,2026-09-24 23:00:00,21.4,77.0,0.0,1.9,0.0,1.4527,Cerah Berawan,wmo:1
dago,"Dago, Bandung",2026-09-24,32.73.02.1004,Dago,kelurahan,no,-6.889,107.61,Asia/Jakarta,"BMKG point: Dago, Coblong, Kota Bandung",24-09-2026,KMA,Open-Meteo / KMA,00:00,2026-09-24 00:00:00,,,,,0.0,0.5444,Berawan,wmo:None
dago,"Dago, Bandung",2026-09-24,32.73.02.1004,Dago,kelurahan,no,-6.889,107.61,Asia/Jakarta,"BMKG point: Dago, Coblong, Kota Bandung",24-09-2026,KMA,Open-Meteo / KMA,01:00,2026-09-24 01:00:00,,,,,0.0,0.5444,Berawan,wmo:None
dago,"Dago, Bandung",2026-09-24,32.73.02.1004,Dago,kelurahan,no,-6.889,107.61,Asia/Jakarta,"BMKG point: Dago, Coblong, Kota Bandung",24-09-2026,KMA,Open-Meteo / KMA,02:00,2026-09-24 02:00:00,,,,,0.0,0.5444,Berawan,wmo:None
dago,"Dago, Bandung",2026-09-24,32.73.02.1004,Dago,kelurahan,no,-6.889,107.61,Asia/Jakarta,"BMKG point: Dago, Coblong, Kota Bandung",24-09-2026,KMA,Open-Meteo / KMA,03:00,2026-09-24 03:00:00,,,,,0.0,0.5444,Berawan,wmo:None
dago,"Dago, Bandung",2026-09-24,32.73.02.1004,Dago,kelurahan,no,-6.889,107.61,Asia/Jakarta,"BMKG point: Dago, Coblong, Kota Bandung",24-09-2026,KMA,Open-Meteo / KMA,04:00,2026-09-24 04:00:00,,,,,0.0,0.5444,Berawan,wmo:None
dago,"Dago, Bandung",2026-09-24,32.73.02.1004,Dago,kelurahan,no,-6.889,107.61,Asia/Jakarta,"BMKG point: Dago, Coblong, Kota Bandung",24-09-2026,KMA,Open-Meteo / KMA,05:00,2026-09-24 05:00:00,,,,,0.0,0.5444,Berawan,wmo:None
dago,"Dago, Bandung",2026-09-24,32.73.02.1004,Dago,kelurahan,no,-6.889,107.61,Asia/Jakarta,"BMKG point: Dago, Coblong, Kota Bandung",24-09-2026,KMA,Open-Meteo / KMA,06:00,2026-09-24 06:00:00,,,,,0.0,0.5444,Berawan,wmo:None
dago,"Dago, Bandung",2026-09-24,32.73.02.1004,Dago,kelurahan,no,-6.889,107.61,Asia/Jakarta,"BMKG point: Dago, Coblong, Kota Bandung",24-09-2026,KMA,Open-Meteo / KMA,07:00,2026-09-24 07:00:00,,,,,0.0,0.5444,Berawan,wmo:None
dago,"Dago, Bandung",2026-09-24,32.73.02.1004,Dago,kelurahan,no,-6.889,107.61,Asia/Jakarta,"BMKG point: Dago, Coblong, Kota Bandung",24-09-2026,KMA,Open-Meteo / KMA,08:00,2026-09-24 08:00:00,,,,,0.0,0.5444,Berawan,wmo:None
dago,"Dago, Bandung",2026-09-24,32.73.02.1004,Dago,kelurahan,no,-6.889,107.61,Asia/Jakarta,"BMKG point: Dago, Coblong, Kota Bandung",24-09-2026,KMA,Open-Meteo / KMA,09:00,2026-09-24 09:00:00,,,,,0.0,0.5444,Berawan,wmo:None
dago,"Dago, Bandung",2026-09-24,32.73.02.1004,Dago,kelurahan,no,-6.889,107.61,Asia/Jakarta,"BMKG point: Dago, Coblong, Kota Bandung",24-09-2026,KMA,Open-Meteo / KMA,10:00,2026-09-24 10:00:00,,,,,0.0,0.5444,Berawan,wmo:None
dago,"Dago, Bandung",2026-09-24,32.73.02.1004,Dago,kelurahan,no,-6.889,107.61,Asia/Jakarta,"BMKG point: Dago, Coblong, Kota Bandung",24-09-2026,KMA,Open-Meteo / KMA,11:00,2026-09-24 11:00:00,,,,,0.0,0.5444,Berawan,wmo:None
dago,"Dago, Bandung",2026-09-24,32.73.02.1004,Dago,kelurahan,no,-6.889,107.61,Asia/Jakarta,"BMKG point: Dago, Coblong, Kota Bandung",24-09-2026,KMA,Open-Meteo / KMA,12:00,2026-09-24 12:00:00,,,,,0.0,0.5444,Berawan,wmo:None
dago,"Dago, Bandung",2026-09-24,32.73.02.1004,Dago,kelurahan,no,-6.889,107.61,Asia/Jakarta,"BMKG point: Dago, Coblong, Kota Bandung",24-09-2026,KMA,Open-Meteo / KMA,13:00,2026-09-24 13:00:00,,,,,0.0,0.5444,Berawan,wmo:None
dago,"Dago, Bandung",2026-09-24,32.73.02.1004,Dago,kelurahan,no,-6.889,107.61,Asia/Jakarta,"BMKG point: Dago, Coblong, Kota Bandung",24-09-2026,KMA,Open-Meteo / KMA,14:00,2026-09-24 14:00:00,,,,,0.0,0.5444,Berawan,wmo:None
dago,"Dago, Bandung",2026-09-24,32.73.02.1004,Dago,kelurahan,no,-6.889,107.61,Asia/Jakarta,"BMKG point: Dago, Coblong, Kota Bandung",24-09-2026,KMA,Open-Meteo / KMA,15:00,2026-09-24 15:00:00,,,,,0.0,0.5444,Berawan,wmo:None
dago,"Dago, Bandung",2026-09-24,32.73.02.1004,Dago,kelurahan,no,-6.889,107.61,Asia/Jakarta,"BMKG point: Dago, Coblong, Kota Bandung",24-09-2026,KMA,Open-Meteo / KMA,16:00,2026-09-24 16:00:00,,,,,0.0,0.5444,Berawan,wmo:None
dago,"Dago, Bandung",2026-09-24,32.73.02.1004,Dago,kelurahan,no,-6.889,107.61,Asia/Jakarta,"BMKG point: Dago, Coblong, Kota Bandung",24-09-2026,KMA,Open-Meteo / KMA,17:00,2026-09-24 17:00:00,,,,,0.0,0.5444,Berawan,wmo:None
dago,"Dago, Bandung",2026-09-24,32.73.02.1004,Dago,kelurahan,no,-6.889,107.61,Asia/Jakarta,"BMKG point: Dago, Coblong, Kota Bandung",24-09-2026,KMA,Open-Meteo / KMA,18:00,2026-09-24 18:00:00,,,,,0.0,0.5444,Berawan,wmo:None
dago,"Dago, Bandung",2026-09-24,32.73.02.1004,Dago,kelurahan,no,-6.889,107.61,Asia/Jakarta,"BMKG point: Dago, Coblong, Kota Bandung",24-09-2026,KMA,Open-Meteo / KMA,19:00,2026-09-24 19:00:00,,,,,0.0,0.5444,Berawan,wmo:None
dago,"Dago, Bandung",2026-09-24,32.73.02.1004,Dago,kelurahan,no,-6.889,107.61,Asia/Jakarta,"BMKG point: Dago, Coblong, Kota Bandung",24-09-2026,KMA,Open-Meteo / KMA,20:00,2026-09-24 20:00:00,,,,,0.0,0.5444,Berawan,wmo:None
dago,"Dago, Bandung",2026-09-24,32.73.02.1004,Dago,kelurahan,no,-6.889,107.61,Asia/Jakarta,"BMKG point: Dago, Coblong, Kota Bandung",24-09-2026,KMA,Open-Meteo / KMA,21:00,2026-09-24 21:00:00,,,,,0.0,0.5444,Berawan,wmo:None
dago,"Dago, Bandung",2026-09-24,32.73.02.1004,Dago,kelurahan,no,-6.889,107.61,Asia/Jakarta,"BMKG point: Dago, Coblong, Kota Bandung",24-09-2026,KMA,Open-Meteo / KMA,22:00,2026-09-24 22:00:00,,,,,0.0,0.5444,Berawan,wmo:None
dago,"Dago, Bandung",2026-09-24,32.73.02.1004,Dago,kelurahan,no,-6.889,107.61,Asia/Jakarta,"BMKG point: Dago, Coblong, Kota Bandung",24-09-2026,KMA,Open-Meteo / KMA,23:00,2026-09-24 23:00:00,,,,,0.0,0.5444,Berawan,wmo:None
dago,"Dago, Bandung",2026-09-24,32.73.02.1004,Dago,kelurahan,no,-6.889,107.61,Asia/Jakarta,"BMKG point: Dago, Coblong, Kota Bandung",24-09-2026,METEOFRANCE,Open-Meteo / Meteo-France,00:00,2026-09-24 00:00:00,25.5,84.0,0.0,1.8,0.0,1.4748,Cerah Berawan,wmo:2
dago,"Dago, Bandung",2026-09-24,32.73.02.1004,Dago,kelurahan,no,-6.889,107.61,Asia/Jakarta,"BMKG point: Dago, Coblong, Kota Bandung",24-09-2026,METEOFRANCE,Open-Meteo / Meteo-France,01:00,2026-09-24 01:00:00,25.0,87.0,0.0,0.5,0.0,1.4748,Cerah Berawan,wmo:2
dago,"Dago, Bandung",2026-09-24,32.73.02.1004,Dago,kelurahan,no,-6.889,107.61,Asia/Jakarta,"BMKG point: Dago, Coblong, Kota Bandung",24-09-2026,METEOFRANCE,Open-Meteo / Meteo-France,02:00,2026-09-24 02:00:00,24.7,90.0,0.0,0.8,0.0,1.4748,Cerah Berawan,wmo:2
dago,"Dago, Bandung",2026-09-24,32.73.02.1004,Dago,kelurahan,no,-6.889,107.61,Asia/Jakarta,"BMKG point: Dago, Coblong, Kota Bandung",24-09-2026,METEOFRANCE,Open-Meteo / Meteo-France,03:00,2026-09-24 03:00:00,24.4,92.0,0.0,0.5,0.0,1.4748,Cerah Berawan,wmo:2
dago,"Dago, Bandung",2026-09-24,32.73.02.1004,Dago,kelurahan,no,-6.889,107.61,Asia/Jakarta,"BMKG point: Dago, Coblong, Kota Bandung",24-09-2026,METEOFRANCE,Open-Meteo / Meteo-France,04:00,2026-09-24 04:00:00,24.2,94.0,0.0,1.4,0.0,1.4748,Cerah Berawan,wmo:2
dago,"Dago, Bandung",2026-09-24,32.73.02.1004,Dago,kelurahan,no,-6.889,107.61,Asia/Jakarta,"BMKG point: Dago, Coblong, Kota Bandung",24-09-2026,METEOFRANCE,Open-Meteo / Meteo-France,05:00,2026-09-24 05:00:00,24.0,94.0,0.0,2.1,0.0,1.4748,Cerah Berawan,wmo:1
dago,"Dago, Bandung",2026-09-24,32.73.02.1004,Dago,kelurahan,no,-6.889,107.61,Asia/Jakarta,"BMKG point: Dago, Coblong, Kota Bandung",24-09-2026,METEOFRANCE,Open-Meteo / Meteo-France,06:00,2026-09-24 06:00:00,23.8,94.0,0.0,2.6,0.0,1.4748,Cerah Berawan,wmo:2
dago,"Dago, Bandung",2026-09-24,32.73.02.1004,Dago,kelurahan,no,-6.889,107.61,Asia/Jakarta,"BMKG point: Dago, Coblong, Kota Bandung",24-09-2026,METEOFRANCE,Open-Meteo / Meteo-France,07:00,2026-09-24 07:00:00,24.7,90.0,0.0,2.9,0.0,1.4748,Cerah Berawan,wmo:2
dago,"Dago, Bandung",2026-09-24,32.73.02.1004,Dago,kelurahan,no,-6.889,107.61,Asia/Jakarta,"BMKG point: Dago, Coblong, Kota Bandung",24-09-2026,METEOFRANCE,Open-Meteo / Meteo-France,08:00,2026-09-24 08:00:00,26.9,80.0,0.0,3.5,0.0,1.4748,Cerah Berawan,wmo:2
dago,"Dago, Bandung",2026-09-24,32.73.02.1004,Dago,kelurahan,no,-6.889,107.61,Asia/Jakarta,"BMKG point: Dago, Coblong, Kota Bandung",24-09-2026,METEOFRANCE,Open-Meteo / Meteo-France,09:00,2026-09-24 09:00:00,28.9,69.0,0.0,5.0,0.0,1.4748,Cerah Berawan,wmo:2
dago,"Dago, Bandung",2026-09-24,32.73.02.1004,Dago,kelurahan,no,-6.889,107.61,Asia/Jakarta,"BMKG point: Dago, Coblong, Kota Bandung",24-09-2026,METEOFRANCE,Open-Meteo / Meteo-France,10:00,2026-09-24 10:00:00,30.8,62.0,0.0,6.9,0.0,1.4748,Cerah Berawan,wmo:2
dago,"Dago, Bandung",2026-09-24,32.73.02.1004,Dago,kelurahan,no,-6.889,107.61,Asia/Jakarta,"BMKG point: Dago, Coblong, Kota Bandung",24-09-2026,METEOFRANCE,Open-Meteo / Meteo-France,11:00,2026-09-24 11:00:00,32.3,56.0,0.0,8.7,0.0,1.4748,Cerah Berawan,wmo:2
dago,"Dago, Bandung",2026-09-24,32.73.02.1004,Dago,kelurahan,no,-6.889,107.61,Asia/Jakarta,"BMKG point: Dago, Coblong, Kota Bandung",24-09-2026,METEOFRANCE,Open-Meteo / Meteo-France,12:00,2026-09-24 12:00:00,33.4,52.0,0.0,11.0,0.0,1.4748,Cerah Berawan,wmo:2
dago,"Dago, Bandung",2026-09-24,32.73.02.1004,Dago,kelurahan,no,-6.889,107.61,Asia/Jakarta,"BMKG point: Dago, Coblong, Kota Bandung",24-09-2026,METEOFRANCE,Open-Meteo / Meteo-France,13:00,2026-09-24 13:00:00,34.0,49.0,0.0,12.7,0.0,1.4748,Cerah Berawan,wmo:2
dago,"Dago, Bandung",2026-09-24,32.73.02.1004,Dago,kelurahan,no,-6.889,107.61,Asia/Jakarta,"BMKG point: Dago, Coblong, Kota Bandung",24-09-2026,METEOFRANCE,Open-Meteo / Meteo-France,14:00,2026-09-24 14:00:00,34.0,49.0,0.0,13.9,0.0,1.4748,Cerah Berawan,wmo:2
dago,"Dago, Bandung",2026-09-24,32.73.02.1004,Dago,kelurahan,no,-6.889,107.61,Asia/Jakarta,"BMKG point: Dago, Coblong, Kota Bandung",24-09-2026,METEOFRANCE,Open-Meteo / Meteo-France,15:00,2026-09-24 15:00:00,33.5,49.0,0.0,13.0,0.0,1.4748,Cerah Berawan,wmo:2
dago,"Dago, Bandung",2026-09-24,32.73.02.1004,Dago,kelurahan,no,-6.889,107.61,Asia/Jakarta,"BMKG point: Dago, Coblong, Kota Bandung",24-09-2026,METEOFRANCE,Open-Meteo / Meteo-France,16:00,2026-09-24 16:00:00,32.9,50.0,0.0,12.5,0.0,1.4748,Cerah Berawan,wmo:1
dago,"Dago, Bandung",2026-09-24,32.73.02.1004,Dago,kelurahan,no,-6.889,107.61,Asia/Jakarta,"BMKG point: Dago, Coblong, Kota Bandung",24-09-2026,METEOFRANCE,Open-Meteo / Meteo-France,17:00,2026-09-24 17:00:00,31.8,53.0,0.0,11.8,0.0,1.4748,Cerah Berawan,wmo:2
dago,"Dago, Bandung",2026-09-24,32.73.02.1004,Dago,kelurahan,no,-6.889,107.61,Asia/Jakarta,"BMKG point: Dago, Coblong, Kota Bandung",24-09-2026,METEOFRANCE,Open-Meteo / Meteo-France,18:00,2026-09-24 18:00:00,30.4,56.0,0.0,10.0,0.0,1.4748,Cerah Berawan,wmo:2
dago,"Dago, Bandung",2026-09-24,32.73.02.1004,Dago,kelurahan,no,-6.889,107.61,Asia/Jakarta,"BMKG point: Dago, Coblong, Kota Bandung",24-09-2026,METEOFRANCE,Open-Meteo / Meteo-France,19:00,2026-09-24 19:00:00,29.3,60.0,0.0,7.5,0.0,1.4748,Berawan,wmo:3
dago,"Dago, Bandung",2026-09-24,32.73.02.1004,Dago,kelurahan,no,-6.889,107.61,Asia/Jakarta,"BMKG point: Dago, Coblong, Kota Bandung",24-09-2026,METEOFRANCE,Open-Meteo / Meteo-France,20:00,2026-09-24 20:00:00,28.4,60.0,0.0,5.8,0.0,1.4748,Berawan,wmo:3
dago,"Dago, Bandung",2026-09-24,32.73.02.1004,Dago,kelurahan,no,-6.889,107.61,Asia/Jakarta,"BMKG point: Dago, Coblong, Kota Bandung",24-09-2026,METEOFRANCE,Open-Meteo / Meteo-France,21:00,2026-09-24 21:00:00,27.7,61.0,0.0,3.6,0.0,1.4748,Berawan,wmo:3
dago,"Dago, Bandung",2026-09-24,32.73.02.1004,Dago,kelurahan,no,-6.889,107.61,Asia/Jakarta,"BMKG point: Dago, Coblong, Kota Bandung",24-09-2026,METEOFRANCE,Open-Meteo / Meteo-France,22:00,2026-09-24 22:00:00,26.9,65.0,0.0,2.2,0.0,1.4748,Berawan,wmo:3
dago,"Dago, Bandung",2026-09-24,32.73.02.1004,Dago,kelurahan,no,-6.889,107.61,Asia/Jakarta,"BMKG point: Dago, Coblong, Kota Bandung",24-09-2026,METEOFRANCE,Open-Meteo / Meteo-France,23:00,2026-09-24 23:00:00,26.2,68.0,0.0,1.1,0.0,1.4748,Cerah Berawan,wmo:2
dago,"Dago, Bandung",2026-09-24,32.73.02.1004,Dago,kelurahan,no,-6.889,107.61,Asia/Jakarta,"BMKG point: Dago, Coblong, Kota Bandung",24-09-2026,METNO,MET Norway,00:00,2026-09-24 00:00:00,22.0,74.8,0.0,2.52,0.0,1.3096,Cerah Berawan,partlycloudy_night
dago,"Dago, Bandung",2026-09-24,32.73.02.1004,Dago,kelurahan,no,-6.889,107.61,Asia/Jakarta,"BMKG point: Dago, Coblong, Kota Bandung",24-09-2026,METNO,MET Norway,01:00,2026-09-24 01:00:00,21.6,75.4,0.0,2.52,0.0,1.3096,Cerah Berawan,partlycloudy_night
dago,"Dago, Bandung",2026-09-24,32.73.02.1004,Dago,kelurahan,no,-6.889,107.61,Asia/Jakarta,"BMKG point: Dago, Coblong, Kota Bandung",24-09-2026,METNO,MET Norway,02:00,2026-09-24 02:00:00,21.1,77.2,0.0,2.52,0.0,1.3096,Cerah Berawan,partlycloudy_night
dago,"Dago, Bandung",2026-09-24,32.73.02.1004,Dago,kelurahan,no,-6.889,107.61,Asia/Jakarta,"BMKG point: Dago, Coblong, Kota Bandung",24-09-2026,METNO,MET Norway,03:00,2026-09-24 03:00:00,20.7,78.2,0.0,3.24,0.0,1.3096,Cerah Berawan,partlycloudy_night
dago,"Dago, Bandung",2026-09-24,32.73.02.1004,Dago,kelurahan,no,-6.889,107.61,Asia/Jakarta,"BMKG point: Dago, Coblong, Kota Bandung",24-09-2026,METNO,MET Norway,04:00,2026-09-24 04:00:00,20.4,78.4,0.0,4.32,0.0,1.3096,Cerah Berawan,partlycloudy_night
dago,"Dago, Bandung",2026-09-24,32.73.02.1004,Dago,kelurahan,no,-6.889,107.61,Asia/Jakarta,"BMKG point: Dago, Coblong, Kota Bandung",24-09-2026,METNO,MET Norway,05:00,2026-09-24 05:00:00,20.1,78.5,0.0,3.96,0.0,1.3096,Cerah Berawan,partlycloudy_night
dago,"Dago, Bandung",2026-09-24,32.73.02.1004,Dago,kelurahan,no,-6.889,107.61,Asia/Jakarta,"BMKG point: Dago, Coblong, Kota Bandung",24-09-2026,METNO,MET Norway,06:00,2026-09-24 06:00:00,19.9,79.2,0.0,3.96,0.0,1.3096,Cerah Berawan,partlycloudy_day
dago,"Dago, Bandung",2026-09-24,32.73.02.1004,Dago,kelurahan,no,-6.889,107.61,Asia/Jakarta,"BMKG point: Dago, Coblong, Kota Bandung",24-09-2026,METNO,MET Norway,07:00,2026-09-24 07:00:00,21.9,68.5,0.0,5.04,0.0,1.3096,Cerah Berawan,partlycloudy_day
dago,"Dago, Bandung",2026-09-24,32.73.02.1004,Dago,kelurahan,no,-6.889,107.61,Asia/Jakarta,"BMKG point: Dago, Coblong, Kota Bandung",24-09-2026,METNO,MET Norway,08:00,2026-09-24 08:00:00,23.9,59.1,0.0,4.68,0.0,1.3096,Cerah Berawan,partlycloudy_day
dago,"Dago, Bandung",2026-09-24,32.73.02.1004,Dago,kelurahan,no,-6.889,107.61,Asia/Jakarta,"BMKG point: Dago, Coblong, Kota Bandung",24-09-2026,METNO,MET Norway,09:00,2026-09-24 09:00:00,26.3,50.7,0.0,5.76,0.0,1.3096,Cerah Berawan,fair_day
dago,"Dago, Bandung",2026-09-24,32.73.02.1004,Dago,kelurahan,no,-6.889,107.61,Asia/Jakarta,"BMKG point: Dago, Coblong, Kota Bandung",24-09-2026,METNO,MET Norway,10:00,2026-09-24 10:00:00,28.7,43.1,0.0,5.4,0.0,1.3096,Cerah Berawan,fair_day
dago,"Dago, Bandung",2026-09-24,32.73.02.1004,Dago,kelurahan,no,-6.889,107.61,Asia/Jakarta,"BMKG point: Dago, Coblong, Kota Bandung",24-09-2026,METNO,MET Norway,11:00,2026-09-24 11:00:00,29.7,41.5,0.4,9.0,0.0,1.3096,Hujan Ringan,rainshowers_day
dago,"Dago, Bandung",2026-09-24,32.73.02.1004,Dago,kelurahan,no,-6.889,107.61,Asia/Jakarta,"BMKG point: Dago, Coblong, Kota Bandung",24-09-2026,METNO,MET Norway,12:00,2026-09-24 12:00:00,30.1,43.2,0.6,10.8,0.0,1.3096,Hujan Ringan,rainshowers_day
dago,"Dago, Bandung",2026-09-24,32.73.02.1004,Dago,kelurahan,no,-6.889,107.61,Asia/Jakarta,"BMKG point: Dago, Coblong, Kota Bandung",24-09-2026,METNO,MET Norway,13:00,2026-09-24 13:00:00,30.3,45.6,0.9,11.88,0.0,1.3096,Hujan Ringan,rainshowers_day
dago,"Dago, Bandung",2026-09-24,32.73.02.1004,Dago,kelurahan,no,-6.889,107.61,Asia/Jakarta,"BMKG point: Dago, Coblong, Kota Bandung",24-09-2026,METNO,MET Norway,14:00,2026-09-24 14:00:00,29.2,50.3,0.0,13.68,0.0,1.3096,Cerah Berawan,partlycloudy_day
dago,"Dago, Bandung",2026-09-24,32.73.02.1004,Dago,kelurahan,no,-6.889,107.61,Asia/Jakarta,"BMKG point: Dago, Coblong, Kota Bandung",24-09-2026,METNO,MET Norway,15:00,2026-09-24 15:00:00,29.2,48.2,0.2,10.08,0.0,1.3096,Hujan Ringan,lightrainshowers_day
dago,"Dago, Bandung",2026-09-24,32.73.02.1004,Dago,kelurahan,no,-6.889,107.61,Asia/Jakarta,"BMKG point: Dago, Coblong, Kota Bandung",24-09-2026,METNO,MET Norway,16:00,2026-09-24 16:00:00,28.6,49.5,0.1,9.72,0.0,1.3096,Hujan Ringan,lightrainshowers_day
dago,"Dago, Bandung",2026-09-24,32.73.02.1004,Dago,kelurahan,no,-6.889,107.61,Asia/Jakarta,"BMKG point: Dago, Coblong, Kota Bandung",24-09-2026,METNO,MET Norway,17:00,2026-09-24 17:00:00,27.6,53.0,0.0,9.0,0.0,1.3096,Berawan,cloudy
dago,"Dago, Bandung",2026-09-24,32.73.02.1004,Dago,kelurahan,no,-6.889,107.61,Asia/Jakarta,"BMKG point: Dago, Coblong, Kota Bandung",24-09-2026,METNO,MET Norway,18:00,2026-09-24 18:00:00,26.4,57.8,0.0,7.2,0.0,1.3096,Berawan,cloudy
dago,"Dago, Bandung",2026-09-24,32.73.02.1004,Dago,kelurahan,no,-6.889,107.61,Asia/Jakarta,"BMKG point: Dago, Coblong, Kota Bandung",24-09-2026,METNO,MET Norway,19:00,2026-09-24 19:00:00,25.4,60.4,0.0,8.64,0.0,1.3096,Cerah Berawan,partlycloudy_night
dago,"Dago, Bandung",2026-09-24,32.73.02.1004,Dago,kelurahan,no,-6.889,107.61,Asia/Jakarta,"BMKG point: Dago, Coblong, Kota Bandung",24-09-2026,METNO,MET Norway,20:00,2026-09-24 20:00:00,24.6,64.3,0.0,10.44,0.0,1.3096,Cerah Berawan,partlycloudy_night
dago,"Dago, Bandung",2026-09-24,32.73.02.1004,Dago,kelurahan,no,-6.889,107.61,Asia/Jakarta,"BMKG point: Dago, Coblong, Kota Bandung",24-09-2026,METNO,MET Norway,21:00,2026-09-24 21:00:00,23.6,70.5,0.0,10.44,0.0,1.3096,Cerah Berawan,partlycloudy_night
dago,"Dago, Bandung",2026-09-24,32.73.02.1004,Dago,kelurahan,no,-6.889,107.61,Asia/Jakarta,"BMKG point: Dago, Coblong, Kota Bandung",24-09-2026,METNO,MET Norway,22:00,2026-09-24 22:00:00,22.7,75.7,0.0,6.48,0.0,1.3096,Cerah Berawan,partlycloudy_night
dago,"Dago, Bandung",2026-09-24,32.73.02.1004,Dago,kelurahan,no,-6.889,107.61,Asia/Jakarta,"BMKG point: Dago, Coblong, Kota Bandung",24-09-2026,METNO,MET Norway,23:00,2026-09-24 23:00:00,21.9,80.3,0.0,4.68,0.0,1.3096,Cerah Berawan,partlycloudy_night
dago,"Dago, Bandung",2026-09-24,32.73.02.1004,Dago,kelurahan,no,-6.889,107.61,Asia/Jakarta,"BMKG point: Dago, Coblong, Kota Bandung",24-09-2026,UKMO,Open-Meteo / UK Met Office,00:00,2026-09-24 00:00:00,22.5,80.0,0.0,6.1,0.0,1.309,Cerah Berawan,wmo:1
dago,"Dago, Bandung",2026-09-24,32.73.02.1004,Dago,kelurahan,no,-6.889,107.61,Asia/Jakarta,"BMKG point: Dago, Coblong, Kota Bandung",24-09-2026,UKMO,Open-Meteo / UK Met Office,01:00,2026-09-24 01:00:00,22.3,83.0,0.0,4.3,0.0,1.309,Cerah Berawan,wmo:1
dago,"Dago, Bandung",2026-09-24,32.73.02.1004,Dago,kelurahan,no,-6.889,107.61,Asia/Jakarta,"BMKG point: Dago, Coblong, Kota Bandung",24-09-2026,UKMO,Open-Meteo / UK Met Office,02:00,2026-09-24 02:00:00,21.7,86.0,0.0,4.0,0.0,1.309,Cerah,wmo:0
dago,"Dago, Bandung",2026-09-24,32.73.02.1004,Dago,kelurahan,no,-6.889,107.61,Asia/Jakarta,"BMKG point: Dago, Coblong, Kota Bandung",24-09-2026,UKMO,Open-Meteo / UK Met Office,03:00,2026-09-24 03:00:00,21.2,87.0,0.0,4.0,0.0,1.309,Cerah Berawan,wmo:1
dago,"Dago, Bandung",2026-09-24,32.73.02.1004,Dago,kelurahan,no,-6.889,107.61,Asia/Jakarta,"BMKG point: Dago, Coblong, Kota Bandung",24-09-2026,UKMO,Open-Meteo / UK Met Office,04:00,2026-09-24 04:00:00,20.9,88.0,0.0,3.2,0.0,1.309,Cerah Berawan,wmo:2
dago,"Dago, Bandung",2026-09-24,32.73.02.1004,Dago,kelurahan,no,-6.889,107.61,Asia/Jakarta,"BMKG point: Dago, Coblong, Kota Bandung",24-09-2026,UKMO,Open-Meteo / UK Met Office,05:00,2026-09-24 05:00:00,20.3,89.0,0.0,3.6,0.0,1.309,Cerah Berawan,wmo:2
dago,"Dago, Bandung",2026-09-24,32.73.02.1004,Dago,kelurahan,no,-6.889,107.61,Asia/Jakarta,"BMKG point: Dago, Coblong, Kota Bandung",24-09-2026,UKMO,Open-Meteo / UK Met Office,06:00,2026-09-24 06:00:00,20.2,89.0,0.0,3.2,0.0,1.309,Cerah,wmo:0
dago,"Dago, Bandung",2026-09-24,32.73.02.1004,Dago,kelurahan,no,-6.889,107.61,Asia/Jakarta,"BMKG point: Dago, Coblong, Kota Bandung",24-09-2026,UKMO,Open-Meteo / UK Met Office,07:00,2026-09-24 07:00:00,21.0,83.0,0.0,2.2,0.0,1.309,Cerah,wmo:0
dago,"Dago, Bandung",2026-09-24,32.73.02.1004,Dago,kelurahan,no,-6.889,107.61,Asia/Jakarta,"BMKG point: Dago, Coblong, Kota Bandung",24-09-2026,UKMO,Open-Meteo / UK Met Office,08:00,2026-09-24 08:00:00,22.7,70.0,0.0,3.2,0.0,1.309,Cerah,wmo:0
dago,"Dago, Bandung",2026-09-24,32.73.02.1004,Dago,kelurahan,no,-6.889,107.61,Asia/Jakarta,"BMKG point: Dago, Coblong, Kota Bandung",24-09-2026,UKMO,Open-Meteo / UK Met Office,09:00,2026-09-24 09:00:00,24.5,62.0,0.0,4.3,0.0,1.309,Cerah,wmo:0
dago,"Dago, Bandung",2026-09-24,32.73.02.1004,Dago,kelurahan,no,-6.889,107.61,Asia/Jakarta,"BMKG point: Dago, Coblong, Kota Bandung",24-09-2026,UKMO,Open-Meteo / UK Met Office,10:00,2026-09-24 10:00:00,26.2,56.0,0.0,4.7,0.0,1.309,Cerah Berawan,wmo:1
dago,"Dago, Bandung",2026-09-24,32.73.02.1004,Dago,kelurahan,no,-6.889,107.61,Asia/Jakarta,"BMKG point: Dago, Coblong, Kota Bandung",24-09-2026,UKMO,Open-Meteo / UK Met Office,11:00,2026-09-24 11:00:00,27.8,51.0,0.0,5.0,0.0,1.309,Cerah Berawan,wmo:1
dago,"Dago, Bandung",2026-09-24,32.73.02.1004,Dago,kelurahan,no,-6.889,107.61,Asia/Jakarta,"BMKG point: Dago, Coblong, Kota Bandung",24-09-2026,UKMO,Open-Meteo / UK Met Office,12:00,2026-09-24 12:00:00,28.5,47.0,0.0,2.2,0.0,1.309,Cerah Berawan,wmo:1
dago,"Dago, Bandung",2026-09-24,32.73.02.1004,Dago,kelurahan,no,-6.889,107.61,Asia/Jakarta,"BMKG point: Dago, Coblong, Kota Bandung",24-09-2026,UKMO,Open-Meteo / UK Met Office,13:00,2026-09-24 13:00:00,29.2,46.0,0.1,6.5,0.0,1.309,Hujan Ringan,wmo:51
dago,"Dago, Bandung",2026-09-24,32.73.02.1004,Dago,kelurahan,no,-6.889,107.61,Asia/Jakarta,"BMKG point: Dago, Coblong, Kota Bandung",24-09-2026,UKMO,Open-Meteo / UK Met Office,14:00,2026-09-24 14:00:00,29.1,46.0,0.0,9.0,0.0,1.309,Berawan,wmo:3
dago,"Dago, Bandung",2026-09-24,32.73.02.1004,Dago,kelurahan,no,-6.889,107.61,Asia/Jakarta,"BMKG point: Dago, Coblong, Kota Bandung",24-09-2026,UKMO,Open-Meteo / UK Met Office,15:00,2026-09-24 15:00:00,29.6,44.0,0.0,10.8,0.0,1.309,Berawan,wmo:3
dago,"Dago, Bandung",2026-09-24,32.73.02.1004,Dago,kelurahan,no,-6.889,107.61,Asia/Jakarta,"BMKG point: Dago, Coblong, Kota Bandung",24-09-2026,UKMO,Open-Meteo / UK Met Office,16:00,2026-09-24 16:00:00,28.6,48.0,0.0,13.7,0.0,1.309,Berawan,wmo:3
dago,"Dago, Bandung",2026-09-24,32.73.02.1004,Dago,kelurahan,no,-6.889,107.61,Asia/Jakarta,"BMKG point: Dago, Coblong, Kota Bandung",24-09-2026,UKMO,Open-Meteo / UK Met Office,17:00,2026-09-24 17:00:00,27.2,51.0,0.0,15.1,0.0,1.309,Cerah,wmo:0
dago,"Dago, Bandung",2026-09-24,32.73.02.1004,Dago,kelurahan,no,-6.889,107.61,Asia/Jakarta,"BMKG point: Dago, Coblong, Kota Bandung",24-09-2026,UKMO,Open-Meteo / UK Met Office,18:00,2026-09-24 18:00:00,25.8,56.0,0.0,12.2,0.0,1.309,Cerah,wmo:0
dago,"Dago, Bandung",2026-09-24,32.73.02.1004,Dago,kelurahan,no,-6.889,107.61,Asia/Jakarta,"BMKG point: Dago, Coblong, Kota Bandung",24-09-2026,UKMO,Open-Meteo / UK Met Office,19:00,2026-09-24 19:00:00,24.4,65.0,0.0,4.3,0.0,1.309,Cerah,wmo:0
dago,"Dago, Bandung",2026-09-24,32.73.02.1004,Dago,kelurahan,no,-6.889,107.61,Asia/Jakarta,"BMKG point: Dago, Coblong, Kota Bandung",24-09-2026,UKMO,Open-Meteo / UK Met Office,20:00,2026-09-24 20:00:00,24.0,73.0,0.0,2.9,0.0,1.309,Cerah,wmo:0
dago,"Dago, Bandung",2026-09-24,32.73.02.1004,Dago,kelurahan,no,-6.889,107.61,Asia/Jakarta,"BMKG point: Dago, Coblong, Kota Bandung",24-09-2026,UKMO,Open-Meteo / UK Met Office,21:00,2026-09-24 21:00:00,23.7,67.0,0.0,5.8,0.0,1.309,Cerah,wmo:0
dago,"Dago, Bandung",2026-09-24,32.73.02.1004,Dago,kelurahan,no,-6.889,107.61,Asia/Jakarta,"BMKG point: Dago, Coblong, Kota Bandung",24-09-2026,UKMO,Open-Meteo / UK Met Office,22:00,2026-09-24 22:00:00,23.2,69.0,0.0,5.8,0.0,1.309,Cerah,wmo:0
dago,"Dago, Bandung",2026-09-24,32.73.02.1004,Dago,kelurahan,no,-6.889,107.61,Asia/Jakarta,"BMKG point: Dago, Coblong, Kota Bandung",24-09-2026,UKMO,Open-Meteo / UK Met Office,23:00,2026-09-24 23:00:00,22.7,78.0,0.0,2.2,0.0,1.309,Cerah,wmo:0
dago,"Dago, Bandung",2026-09-25,32.73.02.1004,Dago,kelurahan,no,-6.889,107.61,Asia/Jakarta,"BMKG point: Dago, Coblong, Kota Bandung",25-09-2026,BMKG,BMKG,00:00,2026-09-25 01:00:00,20.0,86.0,0.0,1.7,60.0,1.2419,Cerah,Cerah
dago,"Dago, Bandung",2026-09-25,32.73.02.1004,Dago,kelurahan,no,-6.889,107.61,Asia/Jakarta,"BMKG point: Dago, Coblong, Kota Bandung",25-09-2026,BMKG,BMKG,01:00,2026-09-25 01:00:00,20.0,86.0,0.0,1.7,0.0,1.6559,Cerah,Cerah
dago,"Dago, Bandung",2026-09-25,32.73.02.1004,Dago,kelurahan,no,-6.889,107.61,Asia/Jakarta,"BMKG point: Dago, Coblong, Kota Bandung",25-09-2026,BMKG,BMKG,02:00,2026-09-25 01:00:00,20.0,86.0,0.0,1.7,60.0,1.2419,Cerah,Cerah
dago,"Dago, Bandung",2026-09-25,32.73.02.1004,Dago,kelurahan,no,-6.889,107.61,Asia/Jakarta,"BMKG point: Dago, Coblong, Kota Bandung",25-09-2026,BMKG,BMKG,03:00,2026-09-25 04:00:00,19.0,83.0,0.0,2.8,60.0,1.2419,Berawan,Berawan
dago,"Dago, Bandung",2026-09-25,32.73.02.1004,Dago,kelurahan,no,-6.889,107.61,Asia/Jakarta,"BMKG point: Dago, Coblong, Kota Bandung",25-09-2026,BMKG,BMKG,04:00,2026-09-25 04:00:00,19.0,83.0,0.0,2.8,0.0,1.6559,Berawan,Berawan
dago,"Dago, Bandung",2026-09-25,32.73.02.1004,Dago,kelurahan,no,-6.889,107.61,Asia/Jakarta,"BMKG point: Dago, Coblong, Kota Bandung",25-09-2026,BMKG,BMKG,05:00,2026-09-25 04:00:00,19.0,83.0,0.0,2.8,60.0,1.2419,Berawan,Berawan
dago,"Dago, Bandung",2026-09-25,32.73.02.1004,Dago,kelurahan,no,-6.889,107.61,Asia/Jakarta,"BMKG point: Dago, Coblong, Kota Bandung",25-09-2026,BMKG,BMKG,06:00,2026-09-25 07:00:00,24.0,67.0,0.0,1.1,60.0,1.2419,Berawan,Berawan
dago,"Dago, Bandung",2026-09-25,32.73.02.1004,Dago,kelurahan,no,-6.889,107.61,Asia/Jakarta,"BMKG point: Dago, Coblong, Kota Bandung",25-09-2026,BMKG,BMKG,07:00,2026-09-25 07:00:00,24.0,67.0,0.0,1.1,0.0,1.6559,Berawan,Berawan
dago,"Dago, Bandung",2026-09-25,32.73.02.1004,Dago,kelurahan,no,-6.889,107.61,Asia/Jakarta,"BMKG point: Dago, Coblong, Kota Bandung",25-09-2026,BMKG,BMKG,08:00,2026-09-25 07:00:00,24.0,67.0,0.0,1.1,60.0,1.2419,Berawan,Berawan
dago,"Dago, Bandung",2026-09-25,32.73.02.1004,Dago,kelurahan,no,-6.889,107.61,Asia/Jakarta,"BMKG point: Dago, Coblong, Kota Bandung",25-09-2026,BMKG,BMKG,09:00,2026-09-25 10:00:00,30.0,51.0,0.0,4.9,60.0,1.2419,Cerah Berawan,Cerah Berawan
dago,"Dago, Bandung",2026-09-25,32.73.02.1004,Dago,kelurahan,no,-6.889,107.61,Asia/Jakarta,"BMKG point: Dago, Coblong, Kota Bandung",25-09-2026,BMKG,BMKG,10:00,2026-09-25 10:00:00,30.0,51.0,0.0,4.9,0.0,1.6559,Cerah Berawan,Cerah Berawan
dago,"Dago, Bandung",2026-09-25,32.73.02.1004,Dago,kelurahan,no,-6.889,107.61,Asia/Jakarta,"BMKG point: Dago, Coblong, Kota Bandung",25-09-2026,BMKG,BMKG,11:00,2026-09-25 10:00:00,30.0,51.0,0.0,4.9,60.0,1.2419,Cerah Berawan,Cerah Berawan
dago,"Dago, Bandung",2026-09-25,32.73.02.1004,Dago,kelurahan,no,-6.889,107.61,Asia/Jakarta,"BMKG point: Dago, Coblong, Kota Bandung",25-09-2026,BMKG,BMKG,12:00,2026-09-25 13:00:00,30.0,55.0,0.0,2.5,60.0,1.2419,Berawan,Berawan
dago,"Dago, Bandung",2026-09-25,32.73.02.1004,Dago,kelurahan,no,-6.889,107.61,Asia/Jakarta,"BMKG point: Dago, Coblong, Kota Bandung",25-09-2026,BMKG,BMKG,13:00,2026-09-25 13:00:00,30.0,55.0,0.0,2.5,0.0,1.6559,Berawan,Berawan
dago,"Dago, Bandung",2026-09-25,32.73.02.1004,Dago,kelurahan,no,-6.889,107.61,Asia/Jakarta,"BMKG point: Dago, Coblong, Kota Bandung",25-09-2026,BMKG,BMKG,14:00,2026-09-25 13:00:00,30.0,55.0,0.0,2.5,60.0,1.2419,Berawan,Berawan
dago,"Dago, Bandung",2026-09-25,32.73.02.1004,Dago,kelurahan,no,-6.889,107.61,Asia/Jakarta,"BMKG point: Dago, Coblong, Kota Bandung",25-09-2026,BMKG,BMKG,15:00,2026-09-25 16:00:00,25.0,60.0,0.0,6.5,60.0,1.2419,Cerah,Cerah
dago,"Dago, Bandung",2026-09-25,32.73.02.1004,Dago,kelurahan,no,-6.889,107.61,Asia/Jakarta,"BMKG point: Dago, Coblong, Kota Bandung",25-09-2026,BMKG,BMKG,16:00,2026-09-25 16:00:00,25.0,60.0,0.0,6.5,0.0,1.6559,Cerah,Cerah
dago,"Dago, Bandung",2026-09-25,32.73.02.1004,Dago,kelurahan,no,-6.889,107.61,Asia/Jakarta,"BMKG point: Dago, Coblong, Kota Bandung",25-09-2026,BMKG,BMKG,17:00,2026-09-25 16:00:00,25.0,60.0,0.0,6.5,60.0,1.2419,Cerah,Cerah
dago,"Dago, Bandung",2026-09-25,32.73.02.1004,Dago,kelurahan,no,-6.889,107.61,Asia/Jakarta,"BMKG point: Dago, Coblong, Kota Bandung",25-09-2026,BMKG,BMKG,18:00,2026-09-25 19:00:00,23.0,71.0,0.0,4.2,60.0,1.2419,Cerah,Cerah
dago,"Dago, Bandung",2026-09-25,32.73.02.1004,Dago,kelurahan,no,-6.889,107.61,Asia/Jakarta,"BMKG point: Dago, Coblong, Kota Bandung",25-09-2026,BMKG,BMKG,19:00,2026-09-25 19:00:00,23.0,71.0,0.0,4.2,0.0,1.6559,Cerah,Cerah
dago,"Dago, Bandung",2026-09-25,32.73.02.1004,Dago,kelurahan,no,-6.889,107.61,Asia/Jakarta,"BMKG point: Dago, Coblong, Kota Bandung",25-09-2026,BMKG,BMKG,20:00,2026-09-25 19:00:00,23.0,71.0,0.0,4.2,60.0,1.2419,Cerah,Cerah
dago,"Dago, Bandung",2026-09-25,32.73.02.1004,Dago,kelurahan,no,-6.889,107.61,Asia/Jakarta,"BMKG point: Dago, Coblong, Kota Bandung",25-09-2026,BMKG,BMKG,21:00,2026-09-25 22:00:00,20.0,84.0,0.0,4.4,60.0,1.2419,Cerah,Cerah
dago,"Dago, Bandung",2026-09-25,32.73.02.1004,Dago,kelurahan,no,-6.889,107.61,Asia/Jakarta,"BMKG point: Dago, Coblong, Kota Bandung",25-09-2026,BMKG,BMKG,22:00,2026-09-25 22:00:00,20.0,84.0,0.0,4.4,0.0,1.6559,Cerah,Cerah
dago,"Dago, Bandung",2026-09-25,32.73.02.1004,Dago,kelurahan,no,-6.889,107.61,Asia/Jakarta,"BMKG point: Dago, Coblong, Kota Bandung",25-09-2026,BMKG,BMKG,23:00,2026-09-25 22:00:00,20.0,84.0,0.0,4.4,60.0,1.2419,Cerah,Cerah
dago,"Dago, Bandung",2026-09-25,32.73.02.1004,Dago,kelurahan,no,-6.889,107.61,Asia/Jakarta,"BMKG point: Dago, Coblong, Kota Bandung",25-09-2026,CMA,Open-Meteo / CMA GRAPES,00:00,2026-09-25 00:00:00,22.4,96.0,0.0,1.8,0.0,1.1249,Berawan,wmo:45
dago,"Dago, Bandung",2026-09-25,32.73.02.1004,Dago,kelurahan,no,-6.889,107.61,Asia/Jakarta,"BMKG point: Dago, Coblong, Kota Bandung",25-09-2026,CMA,Open-Meteo / CMA GRAPES,01:00,2026-09-25 01:00:00,22.0,97.0,0.0,1.4,0.0,1.1249,Berawan,wmo:45
dago,"Dago, Bandung",2026-09-25,32.73.02.1004,Dago,kelurahan,no,-6.889,107.61,Asia/Jakarta,"BMKG point: Dago, Coblong, Kota Bandung",25-09-2026,CMA,Open-Meteo / CMA GRAPES,02:00,2026-09-25 02:00:00,21.8,98.0,0.0,0.4,0.0,1.1249,Berawan,wmo:45
dago,"Dago, Bandung",2026-09-25,32.73.02.1004,Dago,kelurahan,no,-6.889,107.61,Asia/Jakarta,"BMKG point: Dago, Coblong, Kota Bandung",25-09-2026,CMA,Open-Meteo / CMA GRAPES,03:00,2026-09-25 03:00:00,21.7,98.0,0.0,1.8,0.0,1.1249,Berawan,wmo:45
dago,"Dago, Bandung",2026-09-25,32.73.02.1004,Dago,kelurahan,no,-6.889,107.61,Asia/Jakarta,"BMKG point: Dago, Coblong, Kota Bandung",25-09-2026,CMA,Open-Meteo / CMA GRAPES,04:00,2026-09-25 04:00:00,21.7,97.0,0.0,3.2,0.0,1.1249,Berawan,wmo:45
dago,"Dago, Bandung",2026-09-25,32.73.02.1004,Dago,kelurahan,no,-6.889,107.61,Asia/Jakarta,"BMKG point: Dago, Coblong, Kota Bandung",25-09-2026,CMA,Open-Meteo / CMA GRAPES,05:00,2026-09-25 05:00:00,21.9,95.0,0.0,4.2,0.0,1.1249,Cerah,wmo:0
dago,"Dago, Bandung",2026-09-25,32.73.02.1004,Dago,kelurahan,no,-6.889,107.61,Asia/Jakarta,"BMKG point: Dago, Coblong, Kota Bandung",25-09-2026,CMA,Open-Meteo / CMA GRAPES,06:00,2026-09-25 06:00:00,22.3,92.0,0.0,4.8,0.0,1.1249,Cerah,wmo:0
dago,"Dago, Bandung",2026-09-25,32.73.02.1004,Dago,kelurahan,no,-6.889,107.61,Asia/Jakarta,"BMKG point: Dago, Coblong, Kota Bandung",25-09-2026,CMA,Open-Meteo / CMA GRAPES,07:00,2026-09-25 07:00:00,22.9,88.0,0.0,4.7,0.0,1.1249,Cerah,wmo:0
dago,"Dago, Bandung",2026-09-25,32.73.02.1004,Dago,kelurahan,no,-6.889,107.61,Asia/Jakarta,"BMKG point: Dago, Coblong, Kota Bandung",25-09-2026,CMA,Open-Meteo / CMA GRAPES,08:00,2026-09-25 08:00:00,23.8,82.0,0.0,5.1,0.0,1.1249,Cerah Berawan,wmo:1
dago,"Dago, Bandung",2026-09-25,32.73.02.1004,Dago,kelurahan,no,-6.889,107.61,Asia/Jakarta,"BMKG point: Dago, Coblong, Kota Bandung",25-09-2026,CMA,Open-Meteo / CMA GRAPES,09:00,2026-09-25 09:00:00,25.0,76.0,0.0,7.9,0.0,1.1249,Cerah Berawan,wmo:2
dago,"Dago, Bandung",2026-09-25,32.73.02.1004,Dago,kelurahan,no,-6.889,107.61,Asia/Jakarta,"BMKG point: Dago, Coblong, Kota Bandung",25-09-2026,CMA,Open-Meteo / CMA GRAPES,10:00,2026-09-25 10:00:00,26.1,70.0,0.0,10.8,0.0,1.1249,Cerah Berawan,wmo:2
dago,"Dago, Bandung",2026-09-25,32.73.02.1004,Dago,kelurahan,no,-6.889,107.61,Asia/Jakarta,"BMKG point: Dago, Coblong, Kota Bandung",25-09-2026,CMA,Open-Meteo / CMA GRAPES,11:00,2026-09-25 11:00:00,27.1,64.0,0.0,12.2,0.0,1.1249,Berawan,wmo:3
dago,"Dago, Bandung",2026-09-25,32.73.02.1004,Dago,kelurahan,no,-6.889,107.61,Asia/Jakarta,"BMKG point: Dago, Coblong, Kota Bandung",25-09-2026,CMA,Open-Meteo / CMA GRAPES,12:00,2026-09-25 12:00:00,28.0,59.0,0.0,13.4,0.0,1.1249,Berawan,wmo:3
dago,"Dago, Bandung",2026-09-25,32.73.02.1004,Dago,kelurahan,no,-6.889,107.61,Asia/Jakarta,"BMKG point: Dago, Coblong, Kota Bandung",25-09-2026,CMA,Open-Meteo / CMA GRAPES,13:00,2026-09-25 13:00:00,28.3,57.0,0.0,13.9,0.0,1.1249,Berawan,wmo:3
dago,"Dago, Bandung",2026-09-25,32.73.02.1004,Dago,kelurahan,no,-6.889,107.61,Asia/Jakarta,"BMKG point: Dago, Coblong, Kota Bandung",25-09-2026,CMA,Open-Meteo / CMA GRAPES,14:00,2026-09-25 14:00:00,27.7,62.0,0.5,13.5,0.0,1.1249,Hujan Ringan,wmo:53
dago,"Dago, Bandung",2026-09-25,32.73.02.1004,Dago,kelurahan,no,-6.889,107.61,Asia/Jakarta,"BMKG point: Dago, Coblong, Kota Bandung",25-09-2026,CMA,Open-Meteo / CMA GRAPES,15:00,2026-09-25 15:00:00,26.6,70.0,0.5,12.4,0.0,1.1249,Hujan Ringan,wmo:53
dago,"Dago, Bandung",2026-09-25,32.73.02.1004,Dago,kelurahan,no,-6.889,107.61,Asia/Jakarta,"BMKG point: Dago, Coblong, Kota Bandung",25-09-2026,CMA,Open-Meteo / CMA GRAPES,16:00,2026-09-25 16:00:00,25.5,78.0,0.5,11.0,0.0,1.1249,Hujan Ringan,wmo:53
dago,"Dago, Bandung",2026-09-25,32.73.02.1004,Dago,kelurahan,no,-6.889,107.61,Asia/Jakarta,"BMKG point: Dago, Coblong, Kota Bandung",25-09-2026,CMA,Open-Meteo / CMA GRAPES,17:00,2026-09-25 17:00:00,24.8,83.0,0.3,9.7,0.0,1.1249,Hujan Ringan,wmo:51
dago,"Dago, Bandung",2026-09-25,32.73.02.1004,Dago,kelurahan,no,-6.889,107.61,Asia/Jakarta,"BMKG point: Dago, Coblong, Kota Bandung",25-09-2026,CMA,Open-Meteo / CMA GRAPES,18:00,2026-09-25 18:00:00,24.1,86.0,0.3,8.0,0.0,1.1249,Hujan Ringan,wmo:51
dago,"Dago, Bandung",2026-09-25,32.73.02.1004,Dago,kelurahan,no,-6.889,107.61,Asia/Jakarta,"BMKG point: Dago, Coblong, Kota Bandung",25-09-2026,CMA,Open-Meteo / CMA GRAPES,19:00,2026-09-25 19:00:00,23.6,89.0,0.3,6.4,0.0,1.1249,Hujan Ringan,wmo:51
dago,"Dago, Bandung",2026-09-25,32.73.02.1004,Dago,kelurahan,no,-6.889,107.61,Asia/Jakarta,"BMKG point: Dago, Coblong, Kota Bandung",25-09-2026,CMA,Open-Meteo / CMA GRAPES,20:00,2026-09-25 20:00:00,23.3,91.0,0.4,4.5,0.0,1.1249,Hujan Ringan,wmo:51
dago,"Dago, Bandung",2026-09-25,32.73.02.1004,Dago,kelurahan,no,-6.889,107.61,Asia/Jakarta,"BMKG point: Dago, Coblong, Kota Bandung",25-09-2026,CMA,Open-Meteo / CMA GRAPES,21:00,2026-09-25 21:00:00,23.1,91.0,0.4,3.5,0.0,1.1249,Hujan Ringan,wmo:51
dago,"Dago, Bandung",2026-09-25,32.73.02.1004,Dago,kelurahan,no,-6.889,107.61,Asia/Jakarta,"BMKG point: Dago, Coblong, Kota Bandung",25-09-2026,CMA,Open-Meteo / CMA GRAPES,22:00,2026-09-25 22:00:00,22.9,92.0,0.4,3.4,0.0,1.1249,Hujan Ringan,wmo:51
dago,"Dago, Bandung",2026-09-25,32.73.02.1004,Dago,kelurahan,no,-6.889,107.61,Asia/Jakarta,"BMKG point: Dago, Coblong, Kota Bandung",25-09-2026,CMA,Open-Meteo / CMA GRAPES,23:00,2026-09-25 23:00:00,22.7,93.0,0.0,2.9,0.0,1.1249,Cerah Berawan,wmo:1
dago,"Dago, Bandung",2026-09-25,32.73.02.1004,Dago,kelurahan,no,-6.889,107.61,Asia/Jakarta,"BMKG point: Dago, Coblong, Kota Bandung",25-09-2026,ECMWF,Open-Meteo / ECMWF,00:00,2026-09-25 00:00:00,19.6,86.0,0.0,3.6,0.0,1.6911,Cerah Berawan,wmo:2
dago,"Dago, Bandung",2026-09-25,32.73.02.1004,Dago,kelurahan,no,-6.889,107.61,Asia/Jakarta,"BMKG point: Dago, Coblong, Kota Bandung",25-09-2026,ECMWF,Open-Meteo / ECMWF,01:00,2026-09-25 01:00:00,18.8,88.0,0.0,2.3,0.0,1.6911,Cerah Berawan,wmo:1
dago,"Dago, Bandung",2026-09-25,32.73.02.1004,Dago,kelurahan,no,-6.889,107.61,Asia/Jakarta,"BMKG point: Dago, Coblong, Kota Bandung",25-09-2026,ECMWF,Open-Meteo / ECMWF,02:00,2026-09-25 02:00:00,18.0,88.0,0.0,2.3,0.0,1.6911,Cerah Berawan,wmo:1
dago,"Dago, Bandung",2026-09-25,32.73.02.1004,Dago,kelurahan,no,-6.889,107.61,Asia/Jakarta,"BMKG point: Dago, Coblong, Kota Bandung",25-09-2026,ECMWF,Open-Meteo / ECMWF,03:00,2026-09-25 03:00:00,17.4,87.0,0.0,2.3,0.0,1.6911,Cerah Berawan,wmo:1
dago,"Dago, Bandung",2026-09-25,32.73.02.1004,Dago,kelurahan,no,-6.889,107.61,Asia/Jakarta,"BMKG point: Dago, Coblong, Kota Bandung",25-09-2026,ECMWF,Open-Meteo / ECMWF,04:00,2026-09-25 04:00:00,17.4,85.0,0.0,2.6,0.0,1.6911,Cerah Berawan,wmo:1
dago,"Dago, Bandung",2026-09-25,32.73.02.1004,Dago,kelurahan,no,-6.889,107.61,Asia/Jakarta,"BMKG point: Dago, Coblong, Kota Bandung",25-09-2026,ECMWF,Open-Meteo / ECMWF,05:00,2026-09-25 05:00:00,18.2,81.0,0.0,2.6,0.0,1.6911,Cerah Berawan,wmo:1
dago,"Dago, Bandung",2026-09-25,32.73.02.1004,Dago,kelurahan,no,-6.889,107.61,Asia/Jakarta,"BMKG point: Dago, Coblong, Kota Bandung",25-09-2026,ECMWF,Open-Meteo / ECMWF,06:00,2026-09-25 06:00:00,19.7,75.0,0.0,2.9,0.0,1.6911,Cerah Berawan,wmo:1
dago,"Dago, Bandung",2026-09-25,32.73.02.1004,Dago,kelurahan,no,-6.889,107.61,Asia/Jakarta,"BMKG point: Dago, Coblong, Kota Bandung",25-09-2026,ECMWF,Open-Meteo / ECMWF,07:00,2026-09-25 07:00:00,21.5,69.0,0.0,2.7,0.0,1.6911,Cerah Berawan,wmo:1
dago,"Dago, Bandung",2026-09-25,32.73.02.1004,Dago,kelurahan,no,-6.889,107.61,Asia/Jakarta,"BMKG point: Dago, Coblong, Kota Bandung",25-09-2026,ECMWF,Open-Meteo / ECMWF,08:00,2026-09-25 08:00:00,23.8,63.0,0.0,2.6,0.0,1.6911,Cerah Berawan,wmo:1
dago,"Dago, Bandung",2026-09-25,32.73.02.1004,Dago,kelurahan,no,-6.889,107.61,Asia/Jakarta,"BMKG point: Dago, Coblong, Kota Bandung",25-09-2026,ECMWF,Open-Meteo / ECMWF,09:00,2026-09-25 09:00:00,26.4,56.0,0.0,3.2,0.0,1.6911,Cerah Berawan,wmo:2
dago,"Dago, Bandung",2026-09-25,32.73.02.1004,Dago,kelurahan,no,-6.889,107.61,Asia/Jakarta,"BMKG point: Dago, Coblong, Kota Bandung",25-09-2026,ECMWF,Open-Meteo / ECMWF,10:00,2026-09-25 10:00:00,28.3,52.0,0.0,4.0,0.0,1.6911,Cerah Berawan,wmo:2
dago,"Dago, Bandung",2026-09-25,32.73.02.1004,Dago,kelurahan,no,-6.889,107.61,Asia/Jakarta,"BMKG point: Dago, Coblong, Kota Bandung",25-09-2026,ECMWF,Open-Meteo / ECMWF,11:00,2026-09-25 11:00:00,28.9,51.0,0.2,4.7,0.0,1.6911,Hujan Ringan,wmo:51
dago,"Dago, Bandung",2026-09-25,32.73.02.1004,Dago,kelurahan,no,-6.889,107.61,Asia/Jakarta,"BMKG point: Dago, Coblong, Kota Bandung",25-09-2026,ECMWF,Open-Meteo / ECMWF,12:00,2026-09-25 12:00:00,28.8,53.0,0.2,6.2,0.0,1.6911,Hujan Ringan,wmo:51
dago,"Dago, Bandung",2026-09-25,32.73.02.1004,Dago,kelurahan,no,-6.889,107.61,Asia/Jakarta,"BMKG point: Dago, Coblong, Kota Bandung",25-09-2026,ECMWF,Open-Meteo / ECMWF,13:00,2026-09-25 13:00:00,28.2,58.0,0.2,7.6,0.0,1.6911,Hujan Ringan,wmo:51
dago,"Dago, Bandung",2026-09-25,32.73.02.1004,Dago,kelurahan,no,-6.889,107.61,Asia/Jakarta,"BMKG point: Dago, Coblong, Kota Bandung",25-09-2026,ECMWF,Open-Meteo / ECMWF,14:00,2026-09-25 14:00:00,26.7,68.0,1.2,8.1,0.0,1.6911,Hujan Ringan,wmo:55
dago,"Dago, Bandung",2026-09-25,32.73.02.1004,Dago,kelurahan,no,-6.889,107.61,Asia/Jakarta,"BMKG point: Dago, Coblong, Kota Bandung",25-09-2026,ECMWF,Open-Meteo / ECMWF,15:00,2026-09-25 15:00:00,24.6,81.0,1.2,8.2,0.0,1.6911,Hujan Ringan,wmo:55
dago,"Dago, Bandung",2026-09-25,32.73.02.1004,Dago,kelurahan,no,-6.889,107.61,Asia/Jakarta,"BMKG point: Dago, Coblong, Kota Bandung",25-09-2026,ECMWF,Open-Meteo / ECMWF,16:00,2026-09-25 16:00:00,23.1,90.0,1.2,7.3,0.0,1.6911,Hujan Ringan,wmo:55
dago,"Dago, Bandung",2026-09-25,32.73.02.1004,Dago,kelurahan,no,-6.889,107.61,Asia/Jakarta,"BMKG point: Dago, Coblong, Kota Bandung",25-09-2026,ECMWF,Open-Meteo / ECMWF,17:00,2026-09-25 17:00:00,22.6,91.0,0.2,5.0,0.0,1.6911,Hujan Ringan,wmo:51
dago,"Dago, Bandung",2026-09-25,32.73.02.1004,Dago,kelurahan,no,-6.889,107.61,Asia/Jakarta,"BMKG point: Dago, Coblong, Kota Bandung",25-09-2026,ECMWF,Open-Meteo / ECMWF,18:00,2026-09-25 18:00:00,22.6,89.0,0.2,1.6,0.0,1.6911,Hujan Ringan,wmo:51
dago,"Dago, Bandung",2026-09-25,32.73.02.1004,Dago,kelurahan,no,-6.889,107.61,Asia/Jakarta,"BMKG point: Dago, Coblong, Kota Bandung",25-09-2026,ECMWF,Open-Meteo / ECMWF,19:00,2026-09-25 19:00:00,22.6,86.0,0.2,0.7,0.0,1.6911,Hujan Ringan,wmo:51
dago,"Dago, Bandung",2026-09-25,32.73.02.1004,Dago,kelurahan,no,-6.889,107.61,Asia/Jakarta,"BMKG point: Dago, Coblong, Kota Bandung",25-09-2026,ECMWF,Open-Meteo / ECMWF,20:00,2026-09-25 20:00:00,22.4,85.0,0.0,1.6,0.0,1.6911,Cerah,wmo:0
dago,"Dago, Bandung",2026-09-25,32.73.02.1004,Dago,kelurahan,no,-6.889,107.61,Asia/Jakarta,"BMKG point: Dago, Coblong, Kota Bandung",25-09-2026,ECMWF,Open-Meteo / ECMWF,21:00,2026-09-25 21:00:00,22.0,84.0,0.0,2.1,0.0,1.6911,Cerah,wmo:0
dago,"Dago, Bandung",2026-09-25,32.73.02.1004,Dago,kelurahan,no,-6.889,107.61,Asia/Jakarta,"BMKG point: Dago, Coblong, Kota Bandung",25-09-2026,ECMWF,Open-Meteo / ECMWF,22:00,2026-09-25 22:00:00,21.7,84.0,0.0,2.6,0.0,1.6911,Cerah,wmo:0
dago,"Dago, Bandung",2026-09-25,32.73.02.1004,Dago,kelurahan,no,-6.889,107.61,Asia/Jakarta,"BMKG point: Dago, Coblong, Kota Bandung",25-09-2026,ECMWF,Open-Meteo / ECMWF,23:00,2026-09-25 23:00:00,21.3,84.0,0.0,2.2,0.0,1.6911,Cerah,wmo:0
dago,"Dago, Bandung",2026-09-25,32.73.02.1004,Dago,kelurahan,no,-6.889,107.61,Asia/Jakarta,"BMKG point: Dago, Coblong, Kota Bandung",25-09-2026,GFS,Open-Meteo / NOAA GFS,00:00,2026-09-25 00:00:00,20.7,85.0,0.0,3.6,0.0,1.3847,Cerah Berawan,wmo:2
dago,"Dago, Bandung",2026-09-25,32.73.02.1004,Dago,kelurahan,no,-6.889,107.61,Asia/Jakarta,"BMKG point: Dago, Coblong, Kota Bandung",25-09-2026,GFS,Open-Meteo / NOAA GFS,01:00,2026-09-25 01:00:00,20.5,87.0,0.0,2.9,0.0,1.3847,Cerah Berawan,wmo:2
dago,"Dago, Bandung",2026-09-25,32.73.02.1004,Dago,kelurahan,no,-6.889,107.61,Asia/Jakarta,"BMKG point: Dago, Coblong, Kota Bandung",25-09-2026,GFS,Open-Meteo / NOAA GFS,02:00,2026-09-25 02:00:00,20.2,89.0,0.0,1.9,0.0,1.3847,Cerah Berawan,wmo:1
dago,"Dago, Bandung",2026-09-25,32.73.02.1004,Dago,kelurahan,no,-6.889,107.61,Asia/Jakarta,"BMKG point: Dago, Coblong, Kota Bandung",25-09-2026,GFS,Open-Meteo / NOAA GFS,03:00,2026-09-25 03:00:00,20.0,89.0,0.0,1.4,0.0,1.3847,Cerah Berawan,wmo:2
dago,"Dago, Bandung",2026-09-25,32.73.02.1004,Dago,kelurahan,no,-6.889,107.61,Asia/Jakarta,"BMKG point: Dago, Coblong, Kota Bandung",25-09-2026,GFS,Open-Meteo / NOAA GFS,04:00,2026-09-25 04:00:00,20.0,89.0,0.0,1.8,0.0,1.3847,Cerah Berawan,wmo:1
dago,"Dago, Bandung",2026-09-25,32.73.02.1004,Dago,kelurahan,no,-6.889,107.61,Asia/Jakarta,"BMKG point: Dago, Coblong, Kota Bandung",25-09-2026,GFS,Open-Meteo / NOAA GFS,05:00,2026-09-25 05:00:00,19.9,89.0,0.0,3.1,0.0,1.3847,Berawan,wmo:3
dago,"Dago, Bandung",2026-09-25,32.73.02.1004,Dago,kelurahan,no,-6.889,107.61,Asia/Jakarta,"BMKG point: Dago, Coblong, Kota Bandung",25-09-2026,GFS,Open-Meteo / NOAA GFS,06:00,2026-09-25 06:00:00,20.5,86.0,0.0,4.6,0.0,1.3847,Berawan,wmo:3
dago,"Dago, Bandung",2026-09-25,32.73.02.1004,Dago,kelurahan,no,-6.889,107.61,Asia/Jakarta,"BMKG point: Dago, Coblong, Kota Bandung",25-09-2026,GFS,Open-Meteo / NOAA GFS,07:00,2026-09-25 07:00:00,22.7,76.0,0.0,5.0,0.0,1.3847,Berawan,wmo:3
dago,"Dago, Bandung",2026-09-25,32.73.02.1004,Dago,kelurahan,no,-6.889,107.61,Asia/Jakarta,"BMKG point: Dago, Coblong, Kota Bandung",25-09-2026,GFS,Open-Meteo / NOAA GFS,08:00,2026-09-25 08:00:00,25.3,64.0,0.0,5.4,0.0,1.3847,Berawan,wmo:3
dago,"Dago, Bandung",2026-09-25,32.73.02.1004,Dago,kelurahan,no,-6.889,107.61,Asia/Jakarta,"BMKG point: Dago, Coblong, Kota Bandung",25-09-2026,GFS,Open-Meteo / NOAA GFS,09:00,2026-09-25 09:00:00,28.5,52.0,0.0,2.4,0.0,1.3847,Cerah Berawan,wmo:2
dago,"Dago, Bandung",2026-09-25,32.73.02.1004,Dago,kelurahan,no,-6.889,107.61,Asia/Jakarta,"BMKG point: Dago, Coblong, Kota Bandung",25-09-2026,GFS,Open-Meteo / NOAA GFS,10:00,2026-09-25 10:00:00,29.8,47.0,0.0,6.9,0.0,1.3847,Berawan,wmo:3
dago,"Dago, Bandung",2026-09-25,32.73.02.1004,Dago,kelurahan,no,-6.889,107.61,Asia/Jakarta,"BMKG point: Dago, Coblong, Kota Bandung",25-09-2026,GFS,Open-Meteo / NOAA GFS,11:00,2026-09-25 11:00:00,30.8,44.0,0.1,11.7,0.0,1.3847,Hujan Ringan,wmo:51
dago,"Dago, Bandung",2026-09-25,32.73.02.1004,Dago,kelurahan,no,-6.889,107.61,Asia/Jakarta,"BMKG point: Dago, Coblong, Kota Bandung",25-09-2026,GFS,Open-Meteo / NOAA GFS,12:00,2026-09-25 12:00:00,30.5,44.0,0.0,13.2,0.0,1.3847,Berawan,wmo:3
dago,"Dago, Bandung",2026-09-25,32.73.02.1004,Dago,kelurahan,no,-6.889,107.61,Asia/Jakarta,"BMKG point: Dago, Coblong, Kota Bandung",25-09-2026,GFS,Open-Meteo / NOAA GFS,13:00,2026-09-25 13:00:00,28.1,51.0,0.1,11.9,0.0,1.3847,Hujan Ringan,wmo:51
dago,"Dago, Bandung",2026-09-25,32.73.02.1004,Dago,kelurahan,no,-6.889,107.61,Asia/Jakarta,"BMKG point: Dago, Coblong, Kota Bandung",25-09-2026,GFS,Open-Meteo / NOAA GFS,14:00,2026-09-25 14:00:00,27.9,51.0,0.0,7.9,0.0,1.3847,Berawan,wmo:3
dago,"Dago, Bandung",2026-09-25,32.73.02.1004,Dago,kelurahan,no,-6.889,107.61,Asia/Jakarta,"BMKG point: Dago, Coblong, Kota Bandung",25-09-2026,GFS,Open-Meteo / NOAA GFS,15:00,2026-09-25 15:00:00,29.8,47.0,0.0,12.2,0.0,1.3847,Cerah Berawan,wmo:1
dago,"Dago, Bandung",2026-09-25,32.73.02.1004,Dago,kelurahan,no,-6.889,107.61,Asia/Jakarta,"BMKG point: Dago, Coblong, Kota Bandung",25-09-2026,GFS,Open-Meteo / NOAA GFS,16:00,2026-09-25 16:00:00,27.9,54.0,0.1,9.2,0.0,1.3847,Hujan Ringan,wmo:51
dago,"Dago, Bandung",2026-09-25,32.73.02.1004,Dago,kelurahan,no,-6.889,107.61,Asia/Jakarta,"BMKG point: Dago, Coblong, Kota Bandung",25-09-2026,GFS,Open-Meteo / NOAA GFS,17:00,2026-09-25 17:00:00,24.9,69.0,0.5,3.6,0.0,1.3847,Hujan Ringan,wmo:53
dago,"Dago, Bandung",2026-09-25,32.73.02.1004,Dago,kelurahan,no,-6.889,107.61,Asia/Jakarta,"BMKG point: Dago, Coblong, Kota Bandung",25-09-2026,GFS,Open-Meteo / NOAA GFS,18:00,2026-09-25 18:00:00,23.7,76.0,0.3,1.8,0.0,1.3847,Hujan Ringan,wmo:51
dago,"Dago, Bandung",2026-09-25,32.73.02.1004,Dago,kelurahan,no,-6.889,107.61,Asia/Jakarta,"BMKG point: Dago, Coblong, Kota Bandung",25-09-2026,GFS,Open-Meteo / NOAA GFS,19:00,2026-09-25 19:00:00,23.6,77.0,0.1,0.4,0.0,1.3847,Hujan Ringan,wmo:51
dago,"Dago, Bandung",2026-09-25,32.73.02.1004,Dago,kelurahan,no,-6.889,107.61,Asia/Jakarta,"BMKG point: Dago, Coblong, Kota Bandung",25-09-2026,GFS,Open-Meteo / NOAA GFS,20:00,2026-09-25 20:00:00,22.8,83.0,0.1,3.9,0.0,1.3847,Hujan Ringan,wmo:51
dago,"Dago, Bandung",2026-09-25,32.73.02.1004,Dago,kelurahan,no,-6.889,107.61,Asia/Jakarta,"BMKG point: Dago, Coblong, Kota Bandung",25-09-2026,GFS,Open-Meteo / NOAA GFS,21:00,2026-09-25 21:00:00,22.4,86.0,0.1,4.0,0.0,1.3847,Hujan Ringan,wmo:51
dago,"Dago, Bandung",2026-09-25,32.73.02.1004,Dago,kelurahan,no,-6.889,107.61,Asia/Jakarta,"BMKG point: Dago, Coblong, Kota Bandung",25-09-2026,GFS,Open-Meteo / NOAA GFS,22:00,2026-09-25 22:00:00,22.0,89.0,0.1,2.6,0.0,1.3847,Hujan Ringan,wmo:51
dago,"Dago, Bandung",2026-09-25,32.73.02.1004,Dago,kelurahan,no,-6.889,107.61,Asia/Jakarta,"BMKG point: Dago, Coblong, Kota Bandung",25-09-2026,GFS,Open-Meteo / NOAA GFS,23:00,2026-09-25 23:00:00,21.4,91.0,0.1,1.5,0.0,1.3847,Hujan Ringan,wmo:51
dago,"Dago, Bandung",2026-09-25,32.73.02.1004,Dago,kelurahan,no,-6.889,107.61,Asia/Jakarta,"BMKG point: Dago, Coblong, Kota Bandung",25-09-2026,ICON,Open-Meteo / DWD ICON,00:00,2026-09-25 00:00:00,20.9,81.0,0.0,1.3,0.0,1.4527,Cerah,wmo:0
dago,"Dago, Bandung",2026-09-25,32.73.02.1004,Dago,kelurahan,no,-6.889,107.61,Asia/Jakarta,"BMKG point: Dago, Coblong, Kota Bandung",25-09-2026,ICON,Open-Meteo / DWD ICON,01:00,2026-09-25 01:00:00,20.4,84.0,0.0,1.3,0.0,1.4527,Cerah,wmo:0
dago,"Dago, Bandung",2026-09-25,32.73.02.1004,Dago,kelurahan,no,-6.889,107.61,Asia/Jakarta,"BMKG point: Dago, Coblong, Kota Bandung",25-09-2026,ICON,Open-Meteo / DWD ICON,02:00,2026-09-25 02:00:00,19.8,88.0,0.0,1.6,0.0,1.4527,Cerah,wmo:0
dago,"Dago, Bandung",2026-09-25,32.73.02.1004,Dago,kelurahan,no,-6.889,107.61,Asia/Jakarta,"BMKG point: Dago, Coblong, Kota Bandung",25-09-2026,ICON,Open-Meteo / DWD ICON,03:00,2026-09-25 03:00:00,19.4,91.0,0.0,2.6,0.0,1.4527,Cerah,wmo:0
dago,"Dago, Bandung",2026-09-25,32.73.02.1004,Dago,kelurahan,no,-6.889,107.61,Asia/Jakarta,"BMKG point: Dago, Coblong, Kota Bandung",25-09-2026,ICON,Open-Meteo / DWD ICON,04:00,2026-09-25 04:00:00,18.9,93.0,0.0,2.6,0.0,1.4527,Cerah,wmo:0
dago,"Dago, Bandung",2026-09-25,32.73.02.1004,Dago,kelurahan,no,-6.889,107.61,Asia/Jakarta,"BMKG point: Dago, Coblong, Kota Bandung",25-09-2026,ICON,Open-Meteo / DWD ICON,05:00,2026-09-25 05:00:00,18.8,93.0,0.0,2.3,0.0,1.4527,Cerah,wmo:0
dago,"Dago, Bandung",2026-09-25,32.73.02.1004,Dago,kelurahan,no,-6.889,107.61,Asia/Jakarta,"BMKG point: Dago, Coblong, Kota Bandung",25-09-2026,ICON,Open-Meteo / DWD ICON,06:00,2026-09-25 06:00:00,18.8,92.0,0.0,1.5,0.0,1.4527,Cerah,wmo:0
dago,"Dago, Bandung",2026-09-25,32.73.02.1004,Dago,kelurahan,no,-6.889,107.61,Asia/Jakarta,"BMKG point: Dago, Coblong, Kota Bandung",25-09-2026,ICON,Open-Meteo / DWD ICON,07:00,2026-09-25 07:00:00,20.6,83.0,0.0,1.4,0.0,1.4527,Cerah,wmo:0
dago,"Dago, Bandung",2026-09-25,32.73.02.1004,Dago,kelurahan,no,-6.889,107.61,Asia/Jakarta,"BMKG point: Dago, Coblong, Kota Bandung",25-09-2026,ICON,Open-Meteo / DWD ICON,08:00,2026-09-25 08:00:00,24.2,68.0,0.0,2.6,0.0,1.4527,Cerah,wmo:0
dago,"Dago, Bandung",2026-09-25,32.73.02.1004,Dago,kelurahan,no,-6.889,107.61,Asia/Jakarta,"BMKG point: Dago, Coblong, Kota Bandung",25-09-2026,ICON,Open-Meteo / DWD ICON,09:00,2026-09-25 09:00:00,27.1,58.0,0.0,2.9,0.0,1.4527,Cerah,wmo:0
dago,"Dago, Bandung",2026-09-25,32.73.02.1004,Dago,kelurahan,no,-6.889,107.61,Asia/Jakarta,"BMKG point: Dago, Coblong, Kota Bandung",25-09-2026,ICON,Open-Meteo / DWD ICON,10:00,2026-09-25 10:00:00,29.3,51.0,0.0,3.2,0.0,1.4527,Cerah Berawan,wmo:1
dago,"Dago, Bandung",2026-09-25,32.73.02.1004,Dago,kelurahan,no,-6.889,107.61,Asia/Jakarta,"BMKG point: Dago, Coblong, Kota Bandung",25-09-2026,ICON,Open-Meteo / DWD ICON,11:00,2026-09-25 11:00:00,30.9,44.0,0.0,2.1,0.0,1.4527,Cerah Berawan,wmo:2
dago,"Dago, Bandung",2026-09-25,32.73.02.1004,Dago,kelurahan,no,-6.889,107.61,Asia/Jakarta,"BMKG point: Dago, Coblong, Kota Bandung",25-09-2026,ICON,Open-Meteo / DWD ICON,12:00,2026-09-25 12:00:00,31.8,40.0,0.0,0.7,0.0,1.4527,Cerah Berawan,wmo:2
dago,"Dago, Bandung",2026-09-25,32.73.02.1004,Dago,kelurahan,no,-6.889,107.61,Asia/Jakarta,"BMKG point: Dago, Coblong, Kota Bandung",25-09-2026,ICON,Open-Meteo / DWD ICON,13:00,2026-09-25 13:00:00,32.5,38.0,0.0,4.0,0.0,1.4527,Cerah Berawan,wmo:2
dago,"Dago, Bandung",2026-09-25,32.73.02.1004,Dago,kelurahan,no,-6.889,107.61,Asia/Jakarta,"BMKG point: Dago, Coblong, Kota Bandung",25-09-2026,ICON,Open-Meteo / DWD ICON,14:00,2026-09-25 14:00:00,32.8,37.0,0.0,4.7,0.0,1.4527,Cerah Berawan,wmo:2
dago,"Dago, Bandung",2026-09-25,32.73.02.1004,Dago,kelurahan,no,-6.889,107.61,Asia/Jakarta,"BMKG point: Dago, Coblong, Kota Bandung",25-09-2026,ICON,Open-Meteo / DWD ICON,15:00,2026-09-25 15:00:00,32.5,37.0,0.0,4.7,0.0,1.4527,Berawan,wmo:3
dago,"Dago, Bandung",2026-09-25,32.73.02.1004,Dago,kelurahan,no,-6.889,107.61,Asia/Jakarta,"BMKG point: Dago, Coblong, Kota Bandung",25-09-2026,ICON,Open-Meteo / DWD ICON,16:00,2026-09-25 16:00:00,31.6,38.0,0.0,8.2,0.0,1.4527,Berawan,wmo:3
dago,"Dago, Bandung",2026-09-25,32.73.02.1004,Dago,kelurahan,no,-6.889,107.61,Asia/Jakarta,"BMKG point: Dago, Coblong, Kota Bandung",25-09-2026,ICON,Open-Meteo / DWD ICON,17:00,2026-09-25 17:00:00,29.6,42.0,0.0,9.3,0.0,1.4527,Berawan,wmo:3
dago,"Dago, Bandung",2026-09-25,32.73.02.1004,Dago,kelurahan,no,-6.889,107.61,Asia/Jakarta,"BMKG point: Dago, Coblong, Kota Bandung",25-09-2026,ICON,Open-Meteo / DWD ICON,18:00,2026-09-25 18:00:00,27.6,46.0,0.0,8.6,0.0,1.4527,Berawan,wmo:3
dago,"Dago, Bandung",2026-09-25,32.73.02.1004,Dago,kelurahan,no,-6.889,107.61,Asia/Jakarta,"BMKG point: Dago, Coblong, Kota Bandung",25-09-2026,ICON,Open-Meteo / DWD ICON,19:00,2026-09-25 19:00:00,26.0,51.0,0.0,5.4,0.0,1.4527,Cerah Berawan,wmo:2
dago,"Dago, Bandung",2026-09-25,32.73.02.1004,Dago,kelurahan,no,-6.889,107.61,Asia/Jakarta,"BMKG point: Dago, Coblong, Kota Bandung",25-09-2026,ICON,Open-Meteo / DWD ICON,20:00,2026-09-25 20:00:00,24.9,56.0,0.0,3.4,0.0,1.4527,Cerah Berawan,wmo:2
dago,"Dago, Bandung",2026-09-25,32.73.02.1004,Dago,kelurahan,no,-6.889,107.61,Asia/Jakarta,"BMKG point: Dago, Coblong, Kota Bandung",25-09-2026,ICON,Open-Meteo / DWD ICON,21:00,2026-09-25 21:00:00,24.1,61.0,0.0,1.8,0.0,1.4527,Cerah,wmo:0
dago,"Dago, Bandung",2026-09-25,32.73.02.1004,Dago,kelurahan,no,-6.889,107.61,Asia/Jakarta,"BMKG point: Dago, Coblong, Kota Bandung",25-09-2026,ICON,Open-Meteo / DWD ICON,22:00,2026-09-25 22:00:00,23.4,64.0,0.0,2.3,0.0,1.4527,Cerah,wmo:0
dago,"Dago, Bandung",2026-09-25,32.73.02.1004,Dago,kelurahan,no,-6.889,107.61,Asia/Jakarta,"BMKG point: Dago, Coblong, Kota Bandung",25-09-2026,ICON,Open-Meteo / DWD ICON,23:00,2026-09-25 23:00:00,22.4,69.0,0.0,1.8,0.0,1.4527,Cerah,wmo:0
dago,"Dago, Bandung",2026-09-25,32.73.02.1004,Dago,kelurahan,no,-6.889,107.61,Asia/Jakarta,"BMKG point: Dago, Coblong, Kota Bandung",25-09-2026,KMA,Open-Meteo / KMA,00:00,2026-09-25 00:00:00,,,,,0.0,0.5444,Berawan,wmo:None
dago,"Dago, Bandung",2026-09-25,32.73.02.1004,Dago,kelurahan,no,-6.889,107.61,Asia/Jakarta,"BMKG point: Dago, Coblong, Kota Bandung",25-09-2026,KMA,Open-Meteo / KMA,01:00,2026-09-25 01:00:00,,,,,0.0,0.5444,Berawan,wmo:None
dago,"Dago, Bandung",2026-09-25,32.73.02.1004,Dago,kelurahan,no,-6.889,107.61,Asia/Jakarta,"BMKG point: Dago, Coblong, Kota Bandung",25-09-2026,KMA,Open-Meteo / KMA,02:00,2026-09-25 02:00:00,,,,,0.0,0.5444,Berawan,wmo:None
dago,"Dago, Bandung",2026-09-25,32.73.02.1004,Dago,kelurahan,no,-6.889,107.61,Asia/Jakarta,"BMKG point: Dago, Coblong, Kota Bandung",25-09-2026,KMA,Open-Meteo / KMA,03:00,2026-09-25 03:00:00,,,,,0.0,0.5444,Berawan,wmo:None
dago,"Dago, Bandung",2026-09-25,32.73.02.1004,Dago,kelurahan,no,-6.889,107.61,Asia/Jakarta,"BMKG point: Dago, Coblong, Kota Bandung",25-09-2026,KMA,Open-Meteo / KMA,04:00,2026-09-25 04:00:00,,,,,0.0,0.5444,Berawan,wmo:None
dago,"Dago, Bandung",2026-09-25,32.73.02.1004,Dago,kelurahan,no,-6.889,107.61,Asia/Jakarta,"BMKG point: Dago, Coblong, Kota Bandung",25-09-2026,KMA,Open-Meteo / KMA,05:00,2026-09-25 05:00:00,,,,,0.0,0.5444,Berawan,wmo:None
dago,"Dago, Bandung",2026-09-25,32.73.02.1004,Dago,kelurahan,no,-6.889,107.61,Asia/Jakarta,"BMKG point: Dago, Coblong, Kota Bandung",25-09-2026,KMA,Open-Meteo / KMA,06:00,2026-09-25 06:00:00,,,,,0.0,0.5444,Berawan,wmo:None
dago,"Dago, Bandung",2026-09-25,32.73.02.1004,Dago,kelurahan,no,-6.889,107.61,Asia/Jakarta,"BMKG point: Dago, Coblong, Kota Bandung",25-09-2026,KMA,Open-Meteo / KMA,07:00,2026-09-25 07:00:00,,,,,0.0,0.5444,Berawan,wmo:None
dago,"Dago, Bandung",2026-09-25,32.73.02.1004,Dago,kelurahan,no,-6.889,107.61,Asia/Jakarta,"BMKG point: Dago, Coblong, Kota Bandung",25-09-2026,KMA,Open-Meteo / KMA,08:00,2026-09-25 08:00:00,,,,,0.0,0.5444,Berawan,wmo:None
dago,"Dago, Bandung",2026-09-25,32.73.02.1004,Dago,kelurahan,no,-6.889,107.61,Asia/Jakarta,"BMKG point: Dago, Coblong, Kota Bandung",25-09-2026,KMA,Open-Meteo / KMA,09:00,2026-09-25 09:00:00,,,,,0.0,0.5444,Berawan,wmo:None
dago,"Dago, Bandung",2026-09-25,32.73.02.1004,Dago,kelurahan,no,-6.889,107.61,Asia/Jakarta,"BMKG point: Dago, Coblong, Kota Bandung",25-09-2026,KMA,Open-Meteo / KMA,10:00,2026-09-25 10:00:00,,,,,0.0,0.5444,Berawan,wmo:None
dago,"Dago, Bandung",2026-09-25,32.73.02.1004,Dago,kelurahan,no,-6.889,107.61,Asia/Jakarta,"BMKG point: Dago, Coblong, Kota Bandung",25-09-2026,KMA,Open-Meteo / KMA,11:00,2026-09-25 11:00:00,,,,,0.0,0.5444,Berawan,wmo:None
dago,"Dago, Bandung",2026-09-25,32.73.02.1004,Dago,kelurahan,no,-6.889,107.61,Asia/Jakarta,"BMKG point: Dago, Coblong, Kota Bandung",25-09-2026,KMA,Open-Meteo / KMA,12:00,2026-09-25 12:00:00,,,,,0.0,0.5444,Berawan,wmo:None
dago,"Dago, Bandung",2026-09-25,32.73.02.1004,Dago,kelurahan,no,-6.889,107.61,Asia/Jakarta,"BMKG point: Dago, Coblong, Kota Bandung",25-09-2026,KMA,Open-Meteo / KMA,13:00,2026-09-25 13:00:00,,,,,0.0,0.5444,Berawan,wmo:None
dago,"Dago, Bandung",2026-09-25,32.73.02.1004,Dago,kelurahan,no,-6.889,107.61,Asia/Jakarta,"BMKG point: Dago, Coblong, Kota Bandung",25-09-2026,KMA,Open-Meteo / KMA,14:00,2026-09-25 14:00:00,,,,,0.0,0.5444,Berawan,wmo:None
dago,"Dago, Bandung",2026-09-25,32.73.02.1004,Dago,kelurahan,no,-6.889,107.61,Asia/Jakarta,"BMKG point: Dago, Coblong, Kota Bandung",25-09-2026,KMA,Open-Meteo / KMA,15:00,2026-09-25 15:00:00,,,,,0.0,0.5444,Berawan,wmo:None
dago,"Dago, Bandung",2026-09-25,32.73.02.1004,Dago,kelurahan,no,-6.889,107.61,Asia/Jakarta,"BMKG point: Dago, Coblong, Kota Bandung",25-09-2026,KMA,Open-Meteo / KMA,16:00,2026-09-25 16:00:00,,,,,0.0,0.5444,Berawan,wmo:None
dago,"Dago, Bandung",2026-09-25,32.73.02.1004,Dago,kelurahan,no,-6.889,107.61,Asia/Jakarta,"BMKG point: Dago, Coblong, Kota Bandung",25-09-2026,KMA,Open-Meteo / KMA,17:00,2026-09-25 17:00:00,,,,,0.0,0.5444,Berawan,wmo:None
dago,"Dago, Bandung",2026-09-25,32.73.02.1004,Dago,kelurahan,no,-6.889,107.61,Asia/Jakarta,"BMKG point: Dago, Coblong, Kota Bandung",25-09-2026,KMA,Open-Meteo / KMA,18:00,2026-09-25 18:00:00,,,,,0.0,0.5444,Berawan,wmo:None
dago,"Dago, Bandung",2026-09-25,32.73.02.1004,Dago,kelurahan,no,-6.889,107.61,Asia/Jakarta,"BMKG point: Dago, Coblong, Kota Bandung",25-09-2026,KMA,Open-Meteo / KMA,19:00,2026-09-25 19:00:00,,,,,0.0,0.5444,Berawan,wmo:None
dago,"Dago, Bandung",2026-09-25,32.73.02.1004,Dago,kelurahan,no,-6.889,107.61,Asia/Jakarta,"BMKG point: Dago, Coblong, Kota Bandung",25-09-2026,KMA,Open-Meteo / KMA,20:00,2026-09-25 20:00:00,,,,,0.0,0.5444,Berawan,wmo:None
dago,"Dago, Bandung",2026-09-25,32.73.02.1004,Dago,kelurahan,no,-6.889,107.61,Asia/Jakarta,"BMKG point: Dago, Coblong, Kota Bandung",25-09-2026,KMA,Open-Meteo / KMA,21:00,2026-09-25 21:00:00,,,,,0.0,0.5444,Berawan,wmo:None
dago,"Dago, Bandung",2026-09-25,32.73.02.1004,Dago,kelurahan,no,-6.889,107.61,Asia/Jakarta,"BMKG point: Dago, Coblong, Kota Bandung",25-09-2026,KMA,Open-Meteo / KMA,22:00,2026-09-25 22:00:00,,,,,0.0,0.5444,Berawan,wmo:None
dago,"Dago, Bandung",2026-09-25,32.73.02.1004,Dago,kelurahan,no,-6.889,107.61,Asia/Jakarta,"BMKG point: Dago, Coblong, Kota Bandung",25-09-2026,KMA,Open-Meteo / KMA,23:00,2026-09-25 23:00:00,,,,,0.0,0.5444,Berawan,wmo:None
dago,"Dago, Bandung",2026-09-25,32.73.02.1004,Dago,kelurahan,no,-6.889,107.61,Asia/Jakarta,"BMKG point: Dago, Coblong, Kota Bandung",25-09-2026,METEOFRANCE,Open-Meteo / Meteo-France,00:00,2026-09-25 00:00:00,25.6,70.0,0.0,0.4,0.0,1.4748,Cerah Berawan,wmo:1
dago,"Dago, Bandung",2026-09-25,32.73.02.1004,Dago,kelurahan,no,-6.889,107.61,Asia/Jakarta,"BMKG point: Dago, Coblong, Kota Bandung",25-09-2026,METEOFRANCE,Open-Meteo / Meteo-France,01:00,2026-09-25 01:00:00,25.1,72.0,0.0,2.2,0.0,1.4748,Cerah,wmo:0
dago,"Dago, Bandung",2026-09-25,32.73.02.1004,Dago,kelurahan,no,-6.889,107.61,Asia/Jakarta,"BMKG point: Dago, Coblong, Kota Bandung",25-09-2026,METEOFRANCE,Open-Meteo / Meteo-France,02:00,2026-09-25 02:00:00,24.7,74.0,0.0,3.5,0.0,1.4748,Cerah,wmo:0
dago,"Dago, Bandung",2026-09-25,32.73.02.1004,Dago,kelurahan,no,-6.889,107.61,Asia/Jakarta,"BMKG point: Dago, Coblong, Kota Bandung",25-09-2026,METEOFRANCE,Open-Meteo / Meteo-France,03:00,2026-09-25 03:00:00,24.5,75.0,0.0,4.0,0.0,1.4748,Cerah,wmo:0
dago,"Dago, Bandung",2026-09-25,32.73.02.1004,Dago,kelurahan,no,-6.889,107.61,Asia/Jakarta,"BMKG point: Dago, Coblong, Kota Bandung",25-09-2026,METEOFRANCE,Open-Meteo / Meteo-France,04:00,2026-09-25 04:00:00,24.3,77.0,0.0,4.5,0.0,1.4748,Cerah,wmo:0
dago,"Dago, Bandung",2026-09-25,32.73.02.1004,Dago,kelurahan,no,-6.889,107.61,Asia/Jakarta,"BMKG point: Dago, Coblong, Kota Bandung",25-09-2026,METEOFRANCE,Open-Meteo / Meteo-France,05:00,2026-09-25 05:00:00,24.1,79.0,0.0,4.5,0.0,1.4748,Cerah,wmo:0
dago,"Dago, Bandung",2026-09-25,32.73.02.1004,Dago,kelurahan,no,-6.889,107.61,Asia/Jakarta,"BMKG point: Dago, Coblong, Kota Bandung",25-09-2026,METEOFRANCE,Open-Meteo / Meteo-France,06:00,2026-09-25 06:00:00,24.0,82.0,0.0,4.5,0.0,1.4748,Cerah Berawan,wmo:1
dago,"Dago, Bandung",2026-09-25,32.73.02.1004,Dago,kelurahan,no,-6.889,107.61,Asia/Jakarta,"BMKG point: Dago, Coblong, Kota Bandung",25-09-2026,METEOFRANCE,Open-Meteo / Meteo-France,07:00,2026-09-25 07:00:00,25.5,78.0,0.0,4.0,0.0,1.4748,Cerah,wmo:0
dago,"Dago, Bandung",2026-09-25,32.73.02.1004,Dago,kelurahan,no,-6.889,107.61,Asia/Jakarta,"BMKG point: Dago, Coblong, Kota Bandung",25-09-2026,METEOFRANCE,Open-Meteo / Meteo-France,08:00,2026-09-25 08:00:00,28.3,68.0,0.0,3.3,0.0,1.4748,Cerah,wmo:0
dago,"Dago, Bandung",2026-09-25,32.73.02.1004,Dago,kelurahan,no,-6.889,107.61,Asia/Jakarta,"BMKG point: Dago, Coblong, Kota Bandung",25-09-2026,METEOFRANCE,Open-Meteo / Meteo-France,09:00,2026-09-25 09:00:00,30.2,61.0,0.0,4.2,0.0,1.4748,Cerah,wmo:0
dago,"Dago, Bandung",2026-09-25,32.73.02.1004,Dago,kelurahan,no,-6.889,107.61,Asia/Jakarta,"BMKG point: Dago, Coblong, Kota Bandung",25-09-2026,METEOFRANCE,Open-Meteo / Meteo-France,10:00,2026-09-25 10:00:00,32.0,56.0,0.0,6.8,0.0,1.4748,Cerah Berawan,wmo:1
dago,"Dago, Bandung",2026-09-25,32.73.02.1004,Dago,kelurahan,no,-6.889,107.61,Asia/Jakarta,"BMKG point: Dago, Coblong, Kota Bandung",25-09-2026,METEOFRANCE,Open-Meteo / Meteo-France,11:00,2026-09-25 11:00:00,33.4,51.0,0.0,9.2,0.0,1.4748,Cerah Berawan,wmo:1
dago,"Dago, Bandung",2026-09-25,32.73.02.1004,Dago,kelurahan,no,-6.889,107.61,Asia/Jakarta,"BMKG point: Dago, Coblong, Kota Bandung",25-09-2026,METEOFRANCE,Open-Meteo / Meteo-France,12:00,2026-09-25 12:00:00,34.4,48.0,0.0,11.4,0.0,1.4748,Cerah Berawan,wmo:1
dago,"Dago, Bandung",2026-09-25,32.73.02.1004,Dago,kelurahan,no,-6.889,107.61,Asia/Jakarta,"BMKG point: Dago, Coblong, Kota Bandung",25-09-2026,METEOFRANCE,Open-Meteo / Meteo-France,13:00,2026-09-25 13:00:00,34.8,46.0,0.0,13.3,0.0,1.4748,Cerah Berawan,wmo:1
dago,"Dago, Bandung",2026-09-25,32.73.02.1004,Dago,kelurahan,no,-6.889,107.61,Asia/Jakarta,"BMKG point: Dago, Coblong, Kota Bandung",25-09-2026,METEOFRANCE,Open-Meteo / Meteo-France,14:00,2026-09-25 14:00:00,34.7,45.0,0.0,13.9,0.0,1.4748,Cerah Berawan,wmo:2
dago,"Dago, Bandung",2026-09-25,32.73.02.1004,Dago,kelurahan,no,-6.889,107.61,Asia/Jakarta,"BMKG point: Dago, Coblong, Kota Bandung",25-09-2026,METEOFRANCE,Open-Meteo / Meteo-France,15:00,2026-09-25 15:00:00,34.1,46.0,0.0,13.6,0.0,1.4748,Cerah Berawan,wmo:2
dago,"Dago, Bandung",2026-09-25,32.73.02.1004,Dago,kelurahan,no,-6.889,107.61,Asia/Jakarta,"BMKG point: Dago, Coblong, Kota Bandung",25-09-2026,METEOFRANCE,Open-Meteo / Meteo-France,16:00,2026-09-25 16:00:00,33.3,48.0,0.0,12.5,0.0,1.4748,Berawan,wmo:3
dago,"Dago, Bandung",2026-09-25,32.73.02.1004,Dago,kelurahan,no,-6.889,107.61,Asia/Jakarta,"BMKG point: Dago, Coblong, Kota Bandung",25-09-2026,METEOFRANCE,Open-Meteo / Meteo-France,17:00,2026-09-25 17:00:00,32.2,50.0,0.0,10.9,0.0,1.4748,Berawan,wmo:3
dago,"Dago, Bandung",2026-09-25,32.73.02.1004,Dago,kelurahan,no,-6.889,107.61,Asia/Jakarta,"BMKG point: Dago, Coblong, Kota Bandung",25-09-2026,METEOFRANCE,Open-Meteo / Meteo-France,18:00,2026-09-25 18:00:00,30.9,54.0,0.0,8.9,0.0,1.4748,Berawan,wmo:3
dago,"Dago, Bandung",2026-09-25,32.73.02.1004,Dago,kelurahan,no,-6.889,107.61,Asia/Jakarta,"BMKG point: Dago, Coblong, Kota Bandung",25-09-2026,METEOFRANCE,Open-Meteo / Meteo-France,19:00,2026-09-25 19:00:00,29.6,58.0,0.0,7.3,0.0,1.4748,Berawan,wmo:3
dago,"Dago, Bandung",2026-09-25,32.73.02.1004,Dago,kelurahan,no,-6.889,107.61,Asia/Jakarta,"BMKG point: Dago, Coblong, Kota Bandung",25-09-2026,METEOFRANCE,Open-Meteo / Meteo-France,20:00,2026-09-25 20:00:00,28.5,63.0,0.0,6.1,0.0,1.4748,Cerah Berawan,wmo:2
dago,"Dago, Bandung",2026-09-25,32.73.02.1004,Dago,kelurahan,no,-6.889,107.61,Asia/Jakarta,"BMKG point: Dago, Coblong, Kota Bandung",25-09-2026,METEOFRANCE,Open-Meteo / Meteo-France,21:00,2026-09-25 21:00:00,27.5,70.0,0.0,4.7,0.0,1.4748,Cerah Berawan,wmo:1
dago,"Dago, Bandung",2026-09-25,32.73.02.1004,Dago,kelurahan,no,-6.889,107.61,Asia/Jakarta,"BMKG point: Dago, Coblong, Kota Bandung",25-09-2026,METEOFRANCE,Open-Meteo / Meteo-France,22:00,2026-09-25 22:00:00,26.7,75.0,0.0,3.3,0.0,1.4748,Cerah,wmo:0
dago,"Dago, Bandung",2026-09-25,32.73.02.1004,Dago,kelurahan,no,-6.889,107.61,Asia/Jakarta,"BMKG point: Dago, Coblong, Kota Bandung",25-09-2026,METEOFRANCE,Open-Meteo / Meteo-France,23:00,2026-09-25 23:00:00,26.0,79.0,0.0,1.9,0.0,1.4748,Cerah,wmo:0
dago,"Dago, Bandung",2026-09-25,32.73.02.1004,Dago,kelurahan,no,-6.889,107.61,Asia/Jakarta,"BMKG point: Dago, Coblong, Kota Bandung",25-09-2026,METNO,MET Norway,00:00,2026-09-25 00:00:00,21.4,84.5,0.0,3.24,0.0,1.3345,Cerah Berawan,fair_night
dago,"Dago, Bandung",2026-09-25,32.73.02.1004,Dago,kelurahan,no,-6.889,107.61,Asia/Jakarta,"BMKG point: Dago, Coblong, Kota Bandung",25-09-2026,METNO,MET Norway,01:00,2026-09-25 01:00:00,20.7,88.1,0.0,3.6,0.0,1.3345,Cerah Berawan,fair_night
dago,"Dago, Bandung",2026-09-25,32.73.02.1004,Dago,kelurahan,no,-6.889,107.61,Asia/Jakarta,"BMKG point: Dago, Coblong, Kota Bandung",25-09-2026,METNO,MET Norway,02:00,2026-09-25 02:00:00,19.9,93.0,0.0,2.88,0.0,1.3345,Cerah Berawan,fair_night
dago,"Dago, Bandung",2026-09-25,32.73.02.1004,Dago,kelurahan,no,-6.889,107.61,Asia/Jakarta,"BMKG point: Dago, Coblong, Kota Bandung",25-09-2026,METNO,MET Norway,03:00,2026-09-25 03:00:00,19.4,94.8,0.0,2.52,0.0,1.3345,Cerah Berawan,fair_night
dago,"Dago, Bandung",2026-09-25,32.73.02.1004,Dago,kelurahan,no,-6.889,107.61,Asia/Jakarta,"BMKG point: Dago, Coblong, Kota Bandung",25-09-2026,METNO,MET Norway,04:00,2026-09-25 04:00:00,19.1,95.4,0.0,2.52,0.0,1.3345,Cerah Berawan,fair_night
dago,"Dago, Bandung",2026-09-25,32.73.02.1004,Dago,kelurahan,no,-6.889,107.61,Asia/Jakarta,"BMKG point: Dago, Coblong, Kota Bandung",25-09-2026,METNO,MET Norway,05:00,2026-09-25 05:00:00,18.8,94.9,0.0,3.6,0.0,1.3345,Cerah Berawan,partlycloudy_night
dago,"Dago, Bandung",2026-09-25,32.73.02.1004,Dago,kelurahan,no,-6.889,107.61,Asia/Jakarta,"BMKG point: Dago, Coblong, Kota Bandung",25-09-2026,METNO,MET Norway,06:00,2026-09-25 06:00:00,19.0,91.6,0.0,3.24,0.0,1.3345,Cerah Berawan,partlycloudy_day
dago,"Dago, Bandung",2026-09-25,32.73.02.1004,Dago,kelurahan,no,-6.889,107.61,Asia/Jakarta,"BMKG point: Dago, Coblong, Kota Bandung",25-09-2026,METNO,MET Norway,07:00,2026-09-25 07:00:00,21.2,80.0,0.0,3.6,0.0,1.3345,Cerah Berawan,fair_day
dago,"Dago, Bandung",2026-09-25,32.73.02.1004,Dago,kelurahan,no,-6.889,107.61,Asia/Jakarta,"BMKG point: Dago, Coblong, Kota Bandung",25-09-2026,METNO,MET Norway,08:00,2026-09-25 08:00:00,24.1,66.3,0.0,3.96,0.0,1.3345,Cerah Berawan,fair_day
dago,"Dago, Bandung",2026-09-25,32.73.02.1004,Dago,kelurahan,no,-6.889,107.61,Asia/Jakarta,"BMKG point: Dago, Coblong, Kota Bandung",25-09-2026,METNO,MET Norway,09:00,2026-09-25 09:00:00,26.6,57.0,0.0,5.4,0.0,1.3345,Cerah Berawan,partlycloudy_day
dago,"Dago, Bandung",2026-09-25,32.73.02.1004,Dago,kelurahan,no,-6.889,107.61,Asia/Jakarta,"BMKG point: Dago, Coblong, Kota Bandung",25-09-2026,METNO,MET Norway,10:00,2026-09-25 10:00:00,28.7,50.7,0.0,6.48,0.0,1.3345,Cerah Berawan,partlycloudy_day
dago,"Dago, Bandung",2026-09-25,32.73.02.1004,Dago,kelurahan,no,-6.889,107.61,Asia/Jakarta,"BMKG point: Dago, Coblong, Kota Bandung",25-09-2026,METNO,MET Norway,11:00,2026-09-25 11:00:00,30.1,47.4,0.1,9.0,0.0,1.3345,Hujan Ringan,lightrain
dago,"Dago, Bandung",2026-09-25,32.73.02.1004,Dago,kelurahan,no,-6.889,107.61,Asia/Jakarta,"BMKG point: Dago, Coblong, Kota Bandung",25-09-2026,METNO,MET Norway,12:00,2026-09-25 12:00:00,28.9,50.9,0.5,8.64,0.0,1.3345,Hujan Ringan,rain
dago,"Dago, Bandung",2026-09-25,32.73.02.1004,Dago,kelurahan,no,-6.889,107.61,Asia/Jakarta,"BMKG point: Dago, Coblong, Kota Bandung",25-09-2026,METNO,MET Norway,13:00,2026-09-25 13:00:00,28.0,54.1,0.2,10.8,0.0,1.3345,Hujan Ringan,lightrain
dago,"Dago, Bandung",2026-09-25,32.73.02.1004,Dago,kelurahan,no,-6.889,107.61,Asia/Jakarta,"BMKG point: Dago, Coblong, Kota Bandung",25-09-2026,METNO,MET Norway,14:00,2026-09-25 14:00:00,28.7,51.8,1.3,8.64,0.0,1.3345,Hujan Lebat,heavyrain
dago,"Dago, Bandung",2026-09-25,32.73.02.1004,Dago,kelurahan,no,-6.889,107.61,Asia/Jakarta,"BMKG point: Dago, Coblong, Kota Bandung",25-09-2026,METNO,MET Norway,15:00,2026-09-25 15:00:00,25.4,68.8,1.9,6.84,0.0,1.3345,Hujan Lebat,heavyrain
dago,"Dago, Bandung",2026-09-25,32.73.02.1004,Dago,kelurahan,no,-6.889,107.61,Asia/Jakarta,"BMKG point: Dago, Coblong, Kota Bandung",25-09-2026,METNO,MET Norway,16:00,2026-09-25 16:00:00,23.6,80.9,0.3,7.92,0.0,1.3345,Hujan Ringan,rainshowers_day
dago,"Dago, Bandung",2026-09-25,32.73.02.1004,Dago,kelurahan,no,-6.889,107.61,Asia/Jakarta,"BMKG point: Dago, Coblong, Kota Bandung",25-09-2026,METNO,MET Norway,17:00,2026-09-25 17:00:00,23.5,81.0,0.0,7.92,0.0,1.3345,Cerah Berawan,fair_day
dago,"Dago, Bandung",2026-09-25,32.73.02.1004,Dago,kelurahan,no,-6.889,107.61,Asia/Jakarta,"BMKG point: Dago, Coblong, Kota Bandung",25-09-2026,METNO,MET Norway,18:00,2026-09-25 18:00:00,23.1,82.5,0.0,3.96,0.0,1.3345,Cerah Berawan,fair_night
dago,"Dago, Bandung",2026-09-25,32.73.02.1004,Dago,kelurahan,no,-6.889,107.61,Asia/Jakarta,"BMKG point: Dago, Coblong, Kota Bandung",25-09-2026,METNO,MET Norway,19:00,2026-09-25 19:00:00,23.1,81.0,0.0,2.52,0.0,1.3345,Cerah,clearsky_night
dago,"Dago, Bandung",2026-09-25,32.73.02.1004,Dago,kelurahan,no,-6.889,107.61,Asia/Jakarta,"BMKG point: Dago, Coblong, Kota Bandung",25-09-2026,METNO,MET Norway,20:00,2026-09-25 20:00:00,23.0,81.3,0.0,1.8,0.0,1.3345,Cerah,clearsky_night
dago,"Dago, Bandung",2026-09-25,32.73.02.1004,Dago,kelurahan,no,-6.889,107.61,Asia/Jakarta,"BMKG point: Dago, Coblong, Kota Bandung",25-09-2026,METNO,MET Norway,21:00,2026-09-25 21:00:00,22.7,81.6,0.0,1.8,0.0,1.3345,Cerah Berawan,fair_night
dago,"Dago, Bandung",2026-09-25,32.73.02.1004,Dago,kelurahan,no,-6.889,107.61,Asia/Jakarta,"BMKG point: Dago, Coblong, Kota Bandung",25-09-2026,METNO,MET Norway,22:00,2026-09-25 22:00:00,22.3,82.7,0.0,2.52,0.0,1.3345,Cerah Berawan,fair_night
dago,"Dago, Bandung",2026-09-25,32.73.02.1004,Dago,kelurahan,no,-6.889,107.61,Asia/Jakarta,"BMKG point: Dago, Coblong, Kota Bandung",25-09-2026,METNO,MET Norway,23:00,2026-09-25 23:00:00,21.8,84.7,0.0,2.16,0.0,1.3345,Cerah Berawan,fair_night
dago,"Dago, Bandung",2026-09-25,32.73.02.1004,Dago,kelurahan,no,-6.889,107.61,Asia/Jakarta,"BMKG point: Dago, Coblong, Kota Bandung",25-09-2026,UKMO,Open-Meteo / UK Met Office,00:00,2026-09-25 00:00:00,22.1,81.0,0.0,2.2,0.0,1.3094,Cerah,wmo:0
dago,"Dago, Bandung",2026-09-25,32.73.02.1004,Dago,kelurahan,no,-6.889,107.61,Asia/Jakarta,"BMKG point: Dago, Coblong, Kota Bandung",25-09-2026,UKMO,Open-Meteo / UK Met Office,01:00,2026-09-25 01:00:00,21.7,82.0,0.0,3.2,0.0,1.3094,Cerah,wmo:0
dago,"Dago, Bandung",2026-09-25,32.73.02.1004,Dago,kelurahan,no,-6.889,107.61,Asia/Jakarta,"BMKG point: Dago, Coblong, Kota Bandung",25-09-2026,UKMO,Open-Meteo / UK Met Office,02:00,2026-09-25 02:00:00,21.3,87.0,0.0,1.4,0.0,1.3094,Cerah,wmo:0
dago,"Dago, Bandung",2026-09-25,32.73.02.1004,Dago,kelurahan,no,-6.889,107.61,Asia/Jakarta,"BMKG point: Dago, Coblong, Kota Bandung",25-09-2026,UKMO,Open-Meteo / UK Met Office,03:00,2026-09-25 03:00:00,21.2,90.0,0.0,0.7,0.0,1.3094,Cerah Berawan,wmo:1
dago,"Dago, Bandung",2026-09-25,32.73.02.1004,Dago,kelurahan,no,-6.889,107.61,Asia/Jakarta,"BMKG point: Dago, Coblong, Kota Bandung",25-09-2026,UKMO,Open-Meteo / UK Met Office,04:00,2026-09-25 04:00:00,21.0,91.0,0.0,1.1,0.0,1.3094,Cerah,wmo:0
dago,"Dago, Bandung",2026-09-25,32.73.02.1004,Dago,kelurahan,no,-6.889,107.61,Asia/Jakarta,"BMKG point: Dago, Coblong, Kota Bandung",25-09-2026,UKMO,Open-Meteo / UK Met Office,05:00,2026-09-25 05:00:00,20.7,90.0,0.0,3.2,0.0,1.3094,Cerah,wmo:0
dago,"Dago, Bandung",2026-09-25,32.73.02.1004,Dago,kelurahan,no,-6.889,107.61,Asia/Jakarta,"BMKG point: Dago, Coblong, Kota Bandung",25-09-2026,UKMO,Open-Meteo / UK Met Office,06:00,2026-09-25 06:00:00,20.6,89.0,0.0,3.6,0.0,1.3094,Cerah,wmo:0
dago,"Dago, Bandung",2026-09-25,32.73.02.1004,Dago,kelurahan,no,-6.889,107.61,Asia/Jakarta,"BMKG point: Dago, Coblong, Kota Bandung",25-09-2026,UKMO,Open-Meteo / UK Met Office,07:00,2026-09-25 07:00:00,21.6,84.0,0.0,2.5,0.0,1.3094,Cerah,wmo:0
dago,"Dago, Bandung",2026-09-25,32.73.02.1004,Dago,kelurahan,no,-6.889,107.61,Asia/Jakarta,"BMKG point: Dago, Coblong, Kota Bandung",25-09-2026,UKMO,Open-Meteo / UK Met Office,08:00,2026-09-25 08:00:00,23.1,76.0,0.0,2.5,0.0,1.3094,Cerah,wmo:0
dago,"Dago, Bandung",2026-09-25,32.73.02.1004,Dago,kelurahan,no,-6.889,107.61,Asia/Jakarta,"BMKG point: Dago, Coblong, Kota Bandung",25-09-2026,UKMO,Open-Meteo / UK Met Office,09:00,2026-09-25 09:00:00,24.8,68.0,0.0,5.4,0.0,1.3094,Cerah,wmo:0
dago,"Dago, Bandung",2026-09-25,32.73.02.1004,Dago,kelurahan,no,-6.889,107.61,Asia/Jakarta,"BMKG point: Dago, Coblong, Kota Bandung",25-09-2026,UKMO,Open-Meteo / UK Met Office,10:00,2026-09-25 10:00:00,26.7,60.0,0.0,6.5,0.0,1.3094,Cerah Berawan,wmo:1
dago,"Dago, Bandung",2026-09-25,32.73.02.1004,Dago,kelurahan,no,-6.889,107.61,Asia/Jakarta,"BMKG point: Dago, Coblong, Kota Bandung",25-09-2026,UKMO,Open-Meteo / UK Met Office,11:00,2026-09-25 11:00:00,28.1,54.0,0.0,5.0,0.0,1.3094,Cerah Berawan,wmo:1
dago,"Dago, Bandung",2026-09-25,32.73.02.1004,Dago,kelurahan,no,-6.889,107.61,Asia/Jakarta,"BMKG point: Dago, Coblong, Kota Bandung",25-09-2026,UKMO,Open-Meteo / UK Met Office,12:00,2026-09-25 12:00:00,28.9,50.0,0.0,1.4,0.0,1.3094,Berawan,wmo:3
dago,"Dago, Bandung",2026-09-25,32.73.02.1004,Dago,kelurahan,no,-6.889,107.61,Asia/Jakarta,"BMKG point: Dago, Coblong, Kota Bandung",25-09-2026,UKMO,Open-Meteo / UK Met Office,13:00,2026-09-25 13:00:00,29.8,49.0,0.1,9.4,0.0,1.3094,Hujan Ringan,wmo:51
dago,"Dago, Bandung",2026-09-25,32.73.02.1004,Dago,kelurahan,no,-6.889,107.61,Asia/Jakarta,"BMKG point: Dago, Coblong, Kota Bandung",25-09-2026,UKMO,Open-Meteo / UK Met Office,14:00,2026-09-25 14:00:00,30.3,46.0,0.0,10.8,0.0,1.3094,Cerah Berawan,wmo:1
dago,"Dago, Bandung",2026-09-25,32.73.02.1004,Dago,kelurahan,no,-6.889,107.61,Asia/Jakarta,"BMKG point: Dago, Coblong, Kota Bandung",25-09-2026,UKMO,Open-Meteo / UK Met Office,15:00,2026-09-25 15:00:00,29.8,46.0,0.0,8.6,0.0,1.3094,Berawan,wmo:3
dago,"Dago, Bandung",2026-09-25,32.73.02.1004,Dago,kelurahan,no,-6.889,107.61,Asia/Jakarta,"BMKG point: Dago, Coblong, Kota Bandung",25-09-2026,UKMO,Open-Meteo / UK Met Office,16:00,2026-09-25 16:00:00,28.7,48.0,0.0,7.2,0.0,1.3094,Berawan,wmo:3
dago,"Dago, Bandung",2026-09-25,32.73.02.1004,Dago,kelurahan,no,-6.889,107.61,Asia/Jakarta,"BMKG point: Dago, Coblong, Kota Bandung",25-09-2026,UKMO,Open-Meteo / UK Met Office,17:00,2026-09-25 17:00:00,28.1,51.0,0.0,10.1,0.0,1.3094,Cerah Berawan,wmo:2
dago,"Dago, Bandung",2026-09-25,32.73.02.1004,Dago,kelurahan,no,-6.889,107.61,Asia/Jakarta,"BMKG point: Dago, Coblong, Kota Bandung",25-09-2026,UKMO,Open-Meteo / UK Met Office,18:00,2026-09-25 18:00:00,26.5,62.0,0.0,11.9,0.0,1.3094,Berawan,wmo:3
dago,"Dago, Bandung",2026-09-25,32.73.02.1004,Dago,kelurahan,no,-6.889,107.61,Asia/Jakarta,"BMKG point: Dago, Coblong, Kota Bandung",25-09-2026,UKMO,Open-Meteo / UK Met Office,19:00,2026-09-25 19:00:00,25.2,71.0,0.0,12.2,0.0,1.3094,Cerah Berawan,wmo:2
dago,"Dago, Bandung",2026-09-25,32.73.02.1004,Dago,kelurahan,no,-6.889,107.61,Asia/Jakarta,"BMKG point: Dago, Coblong, Kota Bandung",25-09-2026,UKMO,Open-Meteo / UK Met Office,20:00,2026-09-25 20:00:00,24.5,75.0,0.0,10.1,0.0,1.3094,Cerah Berawan,wmo:1
dago,"Dago, Bandung",2026-09-25,32.73.02.1004,Dago,kelurahan,no,-6.889,107.61,Asia/Jakarta,"BMKG point: Dago, Coblong, Kota Bandung",25-09-2026,UKMO,Open-Meteo / UK Met Office,21:00,2026-09-25 21:00:00,24.1,78.0,0.0,6.1,0.0,1.3094,Cerah,wmo:0
dago,"Dago, Bandung",2026-09-25,32.73.02.1004,Dago,kelurahan,no,-6.889,107.61,Asia/Jakarta,"BMKG point: Dago, Coblong, Kota Bandung",25-09-2026,UKMO,Open-Meteo / UK Met Office,22:00,2026-09-25 22:00:00,23.6,81.0,0.0,3.2,0.0,1.3094,Cerah,wmo:0
dago,"Dago, Bandung",2026-09-25,32.73.02.1004,Dago,kelurahan,no,-6.889,107.61,Asia/Jakarta,"BMKG point: Dago, Coblong, Kota Bandung",25-09-2026,UKMO,Open-Meteo / UK Met Office,23:00,2026-09-25 23:00:00,23.1,84.0,0.0,1.8,0.0,1.3094,Cerah,wmo:0
jatinangor,"Jatinangor, Sumedang",2026-09-23,32.11.15.2002,Hegarmanah,kecamatan,yes,-6.938,107.7556,Asia/Jakarta,"BMKG representative point: Hegarmanah, Kecamatan Jatinangor",23-09-2026,BMKG,BMKG,19:00,2026-09-23 22:00:00,20.0,83.0,0.0,2.0,180.0,0.9836,Cerah Berawan,Cerah Berawan
jatinangor,"Jatinangor, Sumedang",2026-09-23,32.11.15.2002,Hegarmanah,kecamatan,yes,-6.938,107.7556,Asia/Jakarta,"BMKG representative point: Hegarmanah, Kecamatan Jatinangor",23-09-2026,BMKG,BMKG,20:00,2026-09-23 22:00:00,20.0,83.0,0.0,2.0,120.0,0.9836,Cerah Berawan,Cerah Berawan
jatinangor,"Jatinangor, Sumedang",2026-09-23,32.11.15.2002,Hegarmanah,kecamatan,yes,-6.938,107.7556,Asia/Jakarta,"BMKG representative point: Hegarmanah, Kecamatan Jatinangor",23-09-2026,BMKG,BMKG,21:00,2026-09-23 22:00:00,20.0,83.0,0.0,2.0,60.0,1.3413,Cerah Berawan,Cerah Berawan
jatinangor,"Jatinangor, Sumedang",2026-09-23,32.11.15.2002,Hegarmanah,kecamatan,yes,-6.938,107.7556,Asia/Jakarta,"BMKG representative point: Hegarmanah, Kecamatan Jatinangor",23-09-2026,BMKG,BMKG,22:00,2026-09-23 22:00:00,20.0,83.0,0.0,2.0,0.0,1.7884,Cerah Berawan,Cerah Berawan
jatinangor,"Jatinangor, Sumedang",2026-09-23,32.11.15.2002,Hegarmanah,kecamatan,yes,-6.938,107.7556,Asia/Jakarta,"BMKG representative point: Hegarmanah, Kecamatan Jatinangor",23-09-2026,BMKG,BMKG,23:00,2026-09-23 22:00:00,20.0,83.0,0.0,2.0,60.0,1.3413,Cerah Berawan,Cerah Berawan
jatinangor,"Jatinangor, Sumedang",2026-09-23,32.11.15.2002,Hegarmanah,kecamatan,yes,-6.938,107.7556,Asia/Jakarta,"BMKG representative point: Hegarmanah, Kecamatan Jatinangor",23-09-2026,CMA,Open-Meteo / CMA GRAPES,00:00,2026-09-23 00:00:00,22.4,91.0,0.0,1.1,0.0,1.1401,Cerah,wmo:0
jatinangor,"Jatinangor, Sumedang",2026-09-23,32.11.15.2002,Hegarmanah,kecamatan,yes,-6.938,107.7556,Asia/Jakarta,"BMKG representative point: Hegarmanah, Kecamatan Jatinangor",23-09-2026,CMA,Open-Meteo / CMA GRAPES,01:00,2026-09-23 01:00:00,22.4,90.0,0.0,1.1,0.0,1.1401,Cerah,wmo:0
jatinangor,"Jatinangor, Sumedang",2026-09-23,32.11.15.2002,Hegarmanah,kecamatan,yes,-6.938,107.7556,Asia/Jakarta,"BMKG representative point: Hegarmanah, Kecamatan Jatinangor",23-09-2026,CMA,Open-Meteo / CMA GRAPES,02:00,2026-09-23 02:00:00,22.2,91.0,0.0,0.8,0.0,1.1401,Cerah,wmo:0
jatinangor,"Jatinangor, Sumedang",2026-09-23,32.11.15.2002,Hegarmanah,kecamatan,yes,-6.938,107.7556,Asia/Jakarta,"BMKG representative point: Hegarmanah, Kecamatan Jatinangor",23-09-2026,CMA,Open-Meteo / CMA GRAPES,03:00,2026-09-23 03:00:00,21.9,91.0,0.0,1.1,0.0,1.1401,Cerah,wmo:0
jatinangor,"Jatinangor, Sumedang",2026-09-23,32.11.15.2002,Hegarmanah,kecamatan,yes,-6.938,107.7556,Asia/Jakarta,"BMKG representative point: Hegarmanah, Kecamatan Jatinangor",23-09-2026,CMA,Open-Meteo / CMA GRAPES,04:00,2026-09-23 04:00:00,21.9,91.0,0.0,1.8,0.0,1.1401,Cerah,wmo:0
jatinangor,"Jatinangor, Sumedang",2026-09-23,32.11.15.2002,Hegarmanah,kecamatan,yes,-6.938,107.7556,Asia/Jakarta,"BMKG representative point: Hegarmanah, Kecamatan Jatinangor",23-09-2026,CMA,Open-Meteo / CMA GRAPES,05:00,2026-09-23 05:00:00,22.1,88.0,0.0,1.8,0.0,1.1401,Cerah,wmo:0
jatinangor,"Jatinangor, Sumedang",2026-09-23,32.11.15.2002,Hegarmanah,kecamatan,yes,-6.938,107.7556,Asia/Jakarta,"BMKG representative point: Hegarmanah, Kecamatan Jatinangor",23-09-2026,CMA,Open-Meteo / CMA GRAPES,06:00,2026-09-23 06:00:00,22.4,85.0,0.0,2.8,0.0,1.1401,Cerah,wmo:0
jatinangor,"Jatinangor, Sumedang",2026-09-23,32.11.15.2002,Hegarmanah,kecamatan,yes,-6.938,107.7556,Asia/Jakarta,"BMKG representative point: Hegarmanah, Kecamatan Jatinangor",23-09-2026,CMA,Open-Meteo / CMA GRAPES,07:00,2026-09-23 07:00:00,23.0,80.0,0.0,3.9,0.0,1.1401,Cerah,wmo:0
jatinangor,"Jatinangor, Sumedang",2026-09-23,32.11.15.2002,Hegarmanah,kecamatan,yes,-6.938,107.7556,Asia/Jakarta,"BMKG representative point: Hegarmanah, Kecamatan Jatinangor",23-09-2026,CMA,Open-Meteo / CMA GRAPES,08:00,2026-09-23 08:00:00,24.0,75.0,0.0,5.1,0.0,1.1401,Cerah,wmo:0
jatinangor,"Jatinangor, Sumedang",2026-09-23,32.11.15.2002,Hegarmanah,kecamatan,yes,-6.938,107.7556,Asia/Jakarta,"BMKG representative point: Hegarmanah, Kecamatan Jatinangor",23-09-2026,CMA,Open-Meteo / CMA GRAPES,09:00,2026-09-23 09:00:00,25.2,69.0,0.0,7.9,0.0,1.1401,Cerah,wmo:0
jatinangor,"Jatinangor, Sumedang",2026-09-23,32.11.15.2002,Hegarmanah,kecamatan,yes,-6.938,107.7556,Asia/Jakarta,"BMKG representative point: Hegarmanah, Kecamatan Jatinangor",23-09-2026,CMA,Open-Meteo / CMA GRAPES,10:00,2026-09-23 10:00:00,26.4,62.0,0.0,10.7,0.0,1.1401,Cerah,wmo:0
jatinangor,"Jatinangor, Sumedang",2026-09-23,32.11.15.2002,Hegarmanah,kecamatan,yes,-6.938,107.7556,Asia/Jakarta,"BMKG representative point: Hegarmanah, Kecamatan Jatinangor",23-09-2026,CMA,Open-Meteo / CMA GRAPES,11:00,2026-09-23 11:00:00,27.7,54.0,0.0,11.2,0.0,1.1401,Cerah,wmo:0
jatinangor,"Jatinangor, Sumedang",2026-09-23,32.11.15.2002,Hegarmanah,kecamatan,yes,-6.938,107.7556,Asia/Jakarta,"BMKG representative point: Hegarmanah, Kecamatan Jatinangor",23-09-2026,CMA,Open-Meteo / CMA GRAPES,12:00,2026-09-23 12:00:00,29.0,45.0,0.0,11.0,0.0,1.1401,Cerah,wmo:0
jatinangor,"Jatinangor, Sumedang",2026-09-23,32.11.15.2002,Hegarmanah,kecamatan,yes,-6.938,107.7556,Asia/Jakarta,"BMKG representative point: Hegarmanah, Kecamatan Jatinangor",23-09-2026,CMA,Open-Meteo / CMA GRAPES,13:00,2026-09-23 13:00:00,29.7,40.0,0.0,11.0,0.0,1.1401,Cerah,wmo:0
jatinangor,"Jatinangor, Sumedang",2026-09-23,32.11.15.2002,Hegarmanah,kecamatan,yes,-6.938,107.7556,Asia/Jakarta,"BMKG representative point: Hegarmanah, Kecamatan Jatinangor",23-09-2026,CMA,Open-Meteo / CMA GRAPES,14:00,2026-09-23 14:00:00,29.6,41.0,0.0,12.2,0.0,1.1401,Cerah Berawan,wmo:1
jatinangor,"Jatinangor, Sumedang",2026-09-23,32.11.15.2002,Hegarmanah,kecamatan,yes,-6.938,107.7556,Asia/Jakarta,"BMKG representative point: Hegarmanah, Kecamatan Jatinangor",23-09-2026,CMA,Open-Meteo / CMA GRAPES,15:00,2026-09-23 15:00:00,29.0,45.0,0.0,13.6,0.0,1.1401,Cerah Berawan,wmo:1
jatinangor,"Jatinangor, Sumedang",2026-09-23,32.11.15.2002,Hegarmanah,kecamatan,yes,-6.938,107.7556,Asia/Jakarta,"BMKG representative point: Hegarmanah, Kecamatan Jatinangor",23-09-2026,CMA,Open-Meteo / CMA GRAPES,16:00,2026-09-23 16:00:00,28.1,52.0,0.0,13.6,0.0,1.1401,Cerah Berawan,wmo:2
jatinangor,"Jatinangor, Sumedang",2026-09-23,32.11.15.2002,Hegarmanah,kecamatan,yes,-6.938,107.7556,Asia/Jakarta,"BMKG representative point: Hegarmanah, Kecamatan Jatinangor",23-09-2026,CMA,Open-Meteo / CMA GRAPES,17:00,2026-09-23 17:00:00,26.8,63.0,0.0,10.9,0.0,1.1401,Cerah Berawan,wmo:1
jatinangor,"Jatinangor, Sumedang",2026-09-23,32.11.15.2002,Hegarmanah,kecamatan,yes,-6.938,107.7556,Asia/Jakarta,"BMKG representative point: Hegarmanah, Kecamatan Jatinangor",23-09-2026,CMA,Open-Meteo / CMA GRAPES,18:00,2026-09-23 18:00:00,25.2,77.0,0.0,6.5,0.0,1.1401,Cerah Berawan,wmo:1
jatinangor,"Jatinangor, Sumedang",2026-09-23,32.11.15.2002,Hegarmanah,kecamatan,yes,-6.938,107.7556,Asia/Jakarta,"BMKG representative point: Hegarmanah, Kecamatan Jatinangor",23-09-2026,CMA,Open-Meteo / CMA GRAPES,19:00,2026-09-23 19:00:00,23.8,88.0,0.0,3.2,0.0,1.1401,Cerah,wmo:0
jatinangor,"Jatinangor, Sumedang",2026-09-23,32.11.15.2002,Hegarmanah,kecamatan,yes,-6.938,107.7556,Asia/Jakarta,"BMKG representative point: Hegarmanah, Kecamatan Jatinangor",23-09-2026,CMA,Open-Meteo / CMA GRAPES,20:00,2026-09-23 20:00:00,22.7,92.0,0.0,1.6,0.0,1.1401,Cerah,wmo:0
jatinangor,"Jatinangor, Sumedang",2026-09-23,32.11.15.2002,Hegarmanah,kecamatan,yes,-6.938,107.7556,Asia/Jakarta,"BMKG representative point: Hegarmanah, Kecamatan Jatinangor",23-09-2026,CMA,Open-Meteo / CMA GRAPES,21:00,2026-09-23 21:00:00,21.9,93.0,0.0,0.5,0.0,1.1401,Cerah,wmo:0
jatinangor,"Jatinangor, Sumedang",2026-09-23,32.11.15.2002,Hegarmanah,kecamatan,yes,-6.938,107.7556,Asia/Jakarta,"BMKG representative point: Hegarmanah, Kecamatan Jatinangor",23-09-2026,CMA,Open-Meteo / CMA GRAPES,22:00,2026-09-23 22:00:00,21.4,93.0,0.0,0.4,0.0,1.1401,Cerah,wmo:0
jatinangor,"Jatinangor, Sumedang",2026-09-23,32.11.15.2002,Hegarmanah,kecamatan,yes,-6.938,107.7556,Asia/Jakarta,"BMKG representative point: Hegarmanah, Kecamatan Jatinangor",23-09-2026,CMA,Open-Meteo / CMA GRAPES,23:00,2026-09-23 23:00:00,21.3,93.0,0.0,1.5,0.0,1.1401,Cerah,wmo:0
jatinangor,"Jatinangor, Sumedang",2026-09-23,32.11.15.2002,Hegarmanah,kecamatan,yes,-6.938,107.7556,Asia/Jakarta,"BMKG representative point: Hegarmanah, Kecamatan Jatinangor",23-09-2026,ECMWF,Open-Meteo / ECMWF,00:00,2026-09-23 00:00:00,21.7,87.0,0.0,0.7,0.0,1.7269,Cerah Berawan,wmo:2
jatinangor,"Jatinangor, Sumedang",2026-09-23,32.11.15.2002,Hegarmanah,kecamatan,yes,-6.938,107.7556,Asia/Jakarta,"BMKG representative point: Hegarmanah, Kecamatan Jatinangor",23-09-2026,ECMWF,Open-Meteo / ECMWF,01:00,2026-09-23 01:00:00,21.4,86.0,0.0,0.4,0.0,1.7269,Cerah Berawan,wmo:2
jatinangor,"Jatinangor, Sumedang",2026-09-23,32.11.15.2002,Hegarmanah,kecamatan,yes,-6.938,107.7556,Asia/Jakarta,"BMKG representative point: Hegarmanah, Kecamatan Jatinangor",23-09-2026,ECMWF,Open-Meteo / ECMWF,02:00,2026-09-23 02:00:00,20.7,88.0,0.0,1.3,0.0,1.7269,Cerah Berawan,wmo:2
jatinangor,"Jatinangor, Sumedang",2026-09-23,32.11.15.2002,Hegarmanah,kecamatan,yes,-6.938,107.7556,Asia/Jakarta,"BMKG representative point: Hegarmanah, Kecamatan Jatinangor",23-09-2026,ECMWF,Open-Meteo / ECMWF,03:00,2026-09-23 03:00:00,19.8,90.0,0.0,3.1,0.0,1.7269,Cerah Berawan,wmo:2
jatinangor,"Jatinangor, Sumedang",2026-09-23,32.11.15.2002,Hegarmanah,kecamatan,yes,-6.938,107.7556,Asia/Jakarta,"BMKG representative point: Hegarmanah, Kecamatan Jatinangor",23-09-2026,ECMWF,Open-Meteo / ECMWF,04:00,2026-09-23 04:00:00,19.5,90.0,0.0,4.1,0.0,1.7269,Cerah Berawan,wmo:1
jatinangor,"Jatinangor, Sumedang",2026-09-23,32.11.15.2002,Hegarmanah,kecamatan,yes,-6.938,107.7556,Asia/Jakarta,"BMKG representative point: Hegarmanah, Kecamatan Jatinangor",23-09-2026,ECMWF,Open-Meteo / ECMWF,05:00,2026-09-23 05:00:00,19.7,86.0,0.0,4.4,0.0,1.7269,Cerah Berawan,wmo:1
jatinangor,"Jatinangor, Sumedang",2026-09-23,32.11.15.2002,Hegarmanah,kecamatan,yes,-6.938,107.7556,Asia/Jakarta,"BMKG representative point: Hegarmanah, Kecamatan Jatinangor",23-09-2026,ECMWF,Open-Meteo / ECMWF,06:00,2026-09-23 06:00:00,20.4,79.0,0.0,4.0,0.0,1.7269,Cerah Berawan,wmo:1
jatinangor,"Jatinangor, Sumedang",2026-09-23,32.11.15.2002,Hegarmanah,kecamatan,yes,-6.938,107.7556,Asia/Jakarta,"BMKG representative point: Hegarmanah, Kecamatan Jatinangor",23-09-2026,ECMWF,Open-Meteo / ECMWF,07:00,2026-09-23 07:00:00,21.6,71.0,0.0,4.0,0.0,1.7269,Cerah,wmo:0
jatinangor,"Jatinangor, Sumedang",2026-09-23,32.11.15.2002,Hegarmanah,kecamatan,yes,-6.938,107.7556,Asia/Jakarta,"BMKG representative point: Hegarmanah, Kecamatan Jatinangor",23-09-2026,ECMWF,Open-Meteo / ECMWF,08:00,2026-09-23 08:00:00,23.8,60.0,0.0,4.3,0.0,1.7269,Cerah,wmo:0
jatinangor,"Jatinangor, Sumedang",2026-09-23,32.11.15.2002,Hegarmanah,kecamatan,yes,-6.938,107.7556,Asia/Jakarta,"BMKG representative point: Hegarmanah, Kecamatan Jatinangor",23-09-2026,ECMWF,Open-Meteo / ECMWF,09:00,2026-09-23 09:00:00,26.6,47.0,0.0,5.1,0.0,1.7269,Cerah Berawan,wmo:1
jatinangor,"Jatinangor, Sumedang",2026-09-23,32.11.15.2002,Hegarmanah,kecamatan,yes,-6.938,107.7556,Asia/Jakarta,"BMKG representative point: Hegarmanah, Kecamatan Jatinangor",23-09-2026,ECMWF,Open-Meteo / ECMWF,10:00,2026-09-23 10:00:00,28.9,37.0,0.0,5.4,0.0,1.7269,Cerah Berawan,wmo:1
jatinangor,"Jatinangor, Sumedang",2026-09-23,32.11.15.2002,Hegarmanah,kecamatan,yes,-6.938,107.7556,Asia/Jakarta,"BMKG representative point: Hegarmanah, Kecamatan Jatinangor",23-09-2026,ECMWF,Open-Meteo / ECMWF,11:00,2026-09-23 11:00:00,30.5,33.0,0.0,6.0,0.0,1.7269,Cerah Berawan,wmo:1
jatinangor,"Jatinangor, Sumedang",2026-09-23,32.11.15.2002,Hegarmanah,kecamatan,yes,-6.938,107.7556,Asia/Jakarta,"BMKG representative point: Hegarmanah, Kecamatan Jatinangor",23-09-2026,ECMWF,Open-Meteo / ECMWF,12:00,2026-09-23 12:00:00,31.7,32.0,0.0,8.2,0.0,1.7269,Cerah Berawan,wmo:2
jatinangor,"Jatinangor, Sumedang",2026-09-23,32.11.15.2002,Hegarmanah,kecamatan,yes,-6.938,107.7556,Asia/Jakarta,"BMKG representative point: Hegarmanah, Kecamatan Jatinangor",23-09-2026,ECMWF,Open-Meteo / ECMWF,13:00,2026-09-23 13:00:00,32.3,33.0,0.0,9.6,0.0,1.7269,Cerah Berawan,wmo:2
jatinangor,"Jatinangor, Sumedang",2026-09-23,32.11.15.2002,Hegarmanah,kecamatan,yes,-6.938,107.7556,Asia/Jakarta,"BMKG representative point: Hegarmanah, Kecamatan Jatinangor",23-09-2026,ECMWF,Open-Meteo / ECMWF,14:00,2026-09-23 14:00:00,32.1,35.0,0.1,7.9,0.0,1.7269,Hujan Ringan,wmo:51
jatinangor,"Jatinangor, Sumedang",2026-09-23,32.11.15.2002,Hegarmanah,kecamatan,yes,-6.938,107.7556,Asia/Jakarta,"BMKG representative point: Hegarmanah, Kecamatan Jatinangor",23-09-2026,ECMWF,Open-Meteo / ECMWF,15:00,2026-09-23 15:00:00,31.4,39.0,0.1,6.0,0.0,1.7269,Hujan Ringan,wmo:51
jatinangor,"Jatinangor, Sumedang",2026-09-23,32.11.15.2002,Hegarmanah,kecamatan,yes,-6.938,107.7556,Asia/Jakarta,"BMKG representative point: Hegarmanah, Kecamatan Jatinangor",23-09-2026,ECMWF,Open-Meteo / ECMWF,16:00,2026-09-23 16:00:00,30.3,44.0,0.1,5.9,0.0,1.7269,Hujan Ringan,wmo:51
jatinangor,"Jatinangor, Sumedang",2026-09-23,32.11.15.2002,Hegarmanah,kecamatan,yes,-6.938,107.7556,Asia/Jakarta,"BMKG representative point: Hegarmanah, Kecamatan Jatinangor",23-09-2026,ECMWF,Open-Meteo / ECMWF,17:00,2026-09-23 17:00:00,28.7,51.0,0.2,6.3,0.0,1.7269,Hujan Ringan,wmo:51
jatinangor,"Jatinangor, Sumedang",2026-09-23,32.11.15.2002,Hegarmanah,kecamatan,yes,-6.938,107.7556,Asia/Jakarta,"BMKG representative point: Hegarmanah, Kecamatan Jatinangor",23-09-2026,ECMWF,Open-Meteo / ECMWF,18:00,2026-09-23 18:00:00,26.7,60.0,0.2,6.1,0.0,1.7269,Hujan Ringan,wmo:51
jatinangor,"Jatinangor, Sumedang",2026-09-23,32.11.15.2002,Hegarmanah,kecamatan,yes,-6.938,107.7556,Asia/Jakarta,"BMKG representative point: Hegarmanah, Kecamatan Jatinangor",23-09-2026,ECMWF,Open-Meteo / ECMWF,19:00,2026-09-23 19:00:00,25.0,67.0,0.2,6.1,0.0,1.7269,Hujan Ringan,wmo:51
jatinangor,"Jatinangor, Sumedang",2026-09-23,32.11.15.2002,Hegarmanah,kecamatan,yes,-6.938,107.7556,Asia/Jakarta,"BMKG representative point: Hegarmanah, Kecamatan Jatinangor",23-09-2026,ECMWF,Open-Meteo / ECMWF,20:00,2026-09-23 20:00:00,23.8,72.0,0.0,5.2,0.0,1.7269,Cerah Berawan,wmo:1
jatinangor,"Jatinangor, Sumedang",2026-09-23,32.11.15.2002,Hegarmanah,kecamatan,yes,-6.938,107.7556,Asia/Jakarta,"BMKG representative point: Hegarmanah, Kecamatan Jatinangor",23-09-2026,ECMWF,Open-Meteo / ECMWF,21:00,2026-09-23 21:00:00,22.8,76.0,0.0,4.4,0.0,1.7269,Cerah,wmo:0
jatinangor,"Jatinangor, Sumedang",2026-09-23,32.11.15.2002,Hegarmanah,kecamatan,yes,-6.938,107.7556,Asia/Jakarta,"BMKG representative point: Hegarmanah, Kecamatan Jatinangor",23-09-2026,ECMWF,Open-Meteo / ECMWF,22:00,2026-09-23 22:00:00,22.0,79.0,0.0,4.1,0.0,1.7269,Cerah Berawan,wmo:1
jatinangor,"Jatinangor, Sumedang",2026-09-23,32.11.15.2002,Hegarmanah,kecamatan,yes,-6.938,107.7556,Asia/Jakarta,"BMKG representative point: Hegarmanah, Kecamatan Jatinangor",23-09-2026,ECMWF,Open-Meteo / ECMWF,23:00,2026-09-23 23:00:00,21.2,82.0,0.0,3.3,0.0,1.7269,Cerah Berawan,wmo:1
jatinangor,"Jatinangor, Sumedang",2026-09-23,32.11.15.2002,Hegarmanah,kecamatan,yes,-6.938,107.7556,Asia/Jakarta,"BMKG representative point: Hegarmanah, Kecamatan Jatinangor",23-09-2026,GFS,Open-Meteo / NOAA GFS,00:00,2026-09-23 00:00:00,19.2,75.0,0.0,2.9,0.0,1.3882,Berawan,wmo:3
jatinangor,"Jatinangor, Sumedang",2026-09-23,32.11.15.2002,Hegarmanah,kecamatan,yes,-6.938,107.7556,Asia/Jakarta,"BMKG representative point: Hegarmanah, Kecamatan Jatinangor",23-09-2026,GFS,Open-Meteo / NOAA GFS,01:00,2026-09-23 01:00:00,18.8,74.0,0.0,3.7,0.0,1.3882,Berawan,wmo:3
jatinangor,"Jatinangor, Sumedang",2026-09-23,32.11.15.2002,Hegarmanah,kecamatan,yes,-6.938,107.7556,Asia/Jakarta,"BMKG representative point: Hegarmanah, Kecamatan Jatinangor",23-09-2026,GFS,Open-Meteo / NOAA GFS,02:00,2026-09-23 02:00:00,18.4,75.0,0.0,3.7,0.0,1.3882,Berawan,wmo:3
jatinangor,"Jatinangor, Sumedang",2026-09-23,32.11.15.2002,Hegarmanah,kecamatan,yes,-6.938,107.7556,Asia/Jakarta,"BMKG representative point: Hegarmanah, Kecamatan Jatinangor",23-09-2026,GFS,Open-Meteo / NOAA GFS,03:00,2026-09-23 03:00:00,18.2,75.0,0.0,4.0,0.0,1.3882,Berawan,wmo:3
jatinangor,"Jatinangor, Sumedang",2026-09-23,32.11.15.2002,Hegarmanah,kecamatan,yes,-6.938,107.7556,Asia/Jakarta,"BMKG representative point: Hegarmanah, Kecamatan Jatinangor",23-09-2026,GFS,Open-Meteo / NOAA GFS,04:00,2026-09-23 04:00:00,18.0,74.0,0.0,4.3,0.0,1.3882,Cerah Berawan,wmo:2
jatinangor,"Jatinangor, Sumedang",2026-09-23,32.11.15.2002,Hegarmanah,kecamatan,yes,-6.938,107.7556,Asia/Jakarta,"BMKG representative point: Hegarmanah, Kecamatan Jatinangor",23-09-2026,GFS,Open-Meteo / NOAA GFS,05:00,2026-09-23 05:00:00,17.9,74.0,0.0,4.1,0.0,1.3882,Cerah Berawan,wmo:1
jatinangor,"Jatinangor, Sumedang",2026-09-23,32.11.15.2002,Hegarmanah,kecamatan,yes,-6.938,107.7556,Asia/Jakarta,"BMKG representative point: Hegarmanah, Kecamatan Jatinangor",23-09-2026,GFS,Open-Meteo / NOAA GFS,06:00,2026-09-23 06:00:00,18.3,73.0,0.0,4.7,0.0,1.3882,Cerah,wmo:0
jatinangor,"Jatinangor, Sumedang",2026-09-23,32.11.15.2002,Hegarmanah,kecamatan,yes,-6.938,107.7556,Asia/Jakarta,"BMKG representative point: Hegarmanah, Kecamatan Jatinangor",23-09-2026,GFS,Open-Meteo / NOAA GFS,07:00,2026-09-23 07:00:00,21.9,58.0,0.0,4.1,0.0,1.3882,Berawan,wmo:3
jatinangor,"Jatinangor, Sumedang",2026-09-23,32.11.15.2002,Hegarmanah,kecamatan,yes,-6.938,107.7556,Asia/Jakarta,"BMKG representative point: Hegarmanah, Kecamatan Jatinangor",23-09-2026,GFS,Open-Meteo / NOAA GFS,08:00,2026-09-23 08:00:00,25.7,44.0,0.0,4.3,0.0,1.3882,Cerah Berawan,wmo:1
jatinangor,"Jatinangor, Sumedang",2026-09-23,32.11.15.2002,Hegarmanah,kecamatan,yes,-6.938,107.7556,Asia/Jakarta,"BMKG representative point: Hegarmanah, Kecamatan Jatinangor",23-09-2026,GFS,Open-Meteo / NOAA GFS,09:00,2026-09-23 09:00:00,29.0,36.0,0.0,4.3,0.0,1.3882,Cerah,wmo:0
jatinangor,"Jatinangor, Sumedang",2026-09-23,32.11.15.2002,Hegarmanah,kecamatan,yes,-6.938,107.7556,Asia/Jakarta,"BMKG representative point: Hegarmanah, Kecamatan Jatinangor",23-09-2026,GFS,Open-Meteo / NOAA GFS,10:00,2026-09-23 10:00:00,31.4,31.0,0.0,5.0,0.0,1.3882,Cerah,wmo:0
jatinangor,"Jatinangor, Sumedang",2026-09-23,32.11.15.2002,Hegarmanah,kecamatan,yes,-6.938,107.7556,Asia/Jakarta,"BMKG representative point: Hegarmanah, Kecamatan Jatinangor",23-09-2026,GFS,Open-Meteo / NOAA GFS,11:00,2026-09-23 11:00:00,33.2,28.0,0.0,5.6,0.0,1.3882,Cerah,wmo:0
jatinangor,"Jatinangor, Sumedang",2026-09-23,32.11.15.2002,Hegarmanah,kecamatan,yes,-6.938,107.7556,Asia/Jakarta,"BMKG representative point: Hegarmanah, Kecamatan Jatinangor",23-09-2026,GFS,Open-Meteo / NOAA GFS,12:00,2026-09-23 12:00:00,34.5,26.0,0.0,5.8,0.0,1.3882,Cerah,wmo:0
jatinangor,"Jatinangor, Sumedang",2026-09-23,32.11.15.2002,Hegarmanah,kecamatan,yes,-6.938,107.7556,Asia/Jakarta,"BMKG representative point: Hegarmanah, Kecamatan Jatinangor",23-09-2026,GFS,Open-Meteo / NOAA GFS,13:00,2026-09-23 13:00:00,34.6,25.0,0.0,10.1,0.0,1.3882,Cerah Berawan,wmo:1
jatinangor,"Jatinangor, Sumedang",2026-09-23,32.11.15.2002,Hegarmanah,kecamatan,yes,-6.938,107.7556,Asia/Jakarta,"BMKG representative point: Hegarmanah, Kecamatan Jatinangor",23-09-2026,GFS,Open-Meteo / NOAA GFS,14:00,2026-09-23 14:00:00,34.1,29.0,0.0,14.3,0.0,1.3882,Berawan,wmo:3
jatinangor,"Jatinangor, Sumedang",2026-09-23,32.11.15.2002,Hegarmanah,kecamatan,yes,-6.938,107.7556,Asia/Jakarta,"BMKG representative point: Hegarmanah, Kecamatan Jatinangor",23-09-2026,GFS,Open-Meteo / NOAA GFS,15:00,2026-09-23 15:00:00,31.8,35.0,0.0,10.7,0.0,1.3882,Berawan,wmo:3
jatinangor,"Jatinangor, Sumedang",2026-09-23,32.11.15.2002,Hegarmanah,kecamatan,yes,-6.938,107.7556,Asia/Jakarta,"BMKG representative point: Hegarmanah, Kecamatan Jatinangor",23-09-2026,GFS,Open-Meteo / NOAA GFS,16:00,2026-09-23 16:00:00,30.2,38.0,0.0,9.2,0.0,1.3882,Berawan,wmo:3
jatinangor,"Jatinangor, Sumedang",2026-09-23,32.11.15.2002,Hegarmanah,kecamatan,yes,-6.938,107.7556,Asia/Jakarta,"BMKG representative point: Hegarmanah, Kecamatan Jatinangor",23-09-2026,GFS,Open-Meteo / NOAA GFS,17:00,2026-09-23 17:00:00,27.7,44.0,0.0,14.9,0.0,1.3882,Berawan,wmo:3
jatinangor,"Jatinangor, Sumedang",2026-09-23,32.11.15.2002,Hegarmanah,kecamatan,yes,-6.938,107.7556,Asia/Jakarta,"BMKG representative point: Hegarmanah, Kecamatan Jatinangor",23-09-2026,GFS,Open-Meteo / NOAA GFS,18:00,2026-09-23 18:00:00,25.7,52.0,0.0,9.0,0.0,1.3882,Berawan,wmo:3
jatinangor,"Jatinangor, Sumedang",2026-09-23,32.11.15.2002,Hegarmanah,kecamatan,yes,-6.938,107.7556,Asia/Jakarta,"BMKG representative point: Hegarmanah, Kecamatan Jatinangor",23-09-2026,GFS,Open-Meteo / NOAA GFS,19:00,2026-09-23 19:00:00,23.8,61.0,0.0,6.8,0.0,1.3882,Berawan,wmo:3
jatinangor,"Jatinangor, Sumedang",2026-09-23,32.11.15.2002,Hegarmanah,kecamatan,yes,-6.938,107.7556,Asia/Jakarta,"BMKG representative point: Hegarmanah, Kecamatan Jatinangor",23-09-2026,GFS,Open-Meteo / NOAA GFS,20:00,2026-09-23 20:00:00,21.7,69.0,0.0,5.9,0.0,1.3882,Cerah,wmo:0
jatinangor,"Jatinangor, Sumedang",2026-09-23,32.11.15.2002,Hegarmanah,kecamatan,yes,-6.938,107.7556,Asia/Jakarta,"BMKG representative point: Hegarmanah, Kecamatan Jatinangor",23-09-2026,GFS,Open-Meteo / NOAA GFS,21:00,2026-09-23 21:00:00,20.7,73.0,0.0,5.9,0.0,1.3882,Cerah,wmo:0
jatinangor,"Jatinangor, Sumedang",2026-09-23,32.11.15.2002,Hegarmanah,kecamatan,yes,-6.938,107.7556,Asia/Jakarta,"BMKG representative point: Hegarmanah, Kecamatan Jatinangor",23-09-2026,GFS,Open-Meteo / NOAA GFS,22:00,2026-09-23 22:00:00,19.9,75.0,0.0,5.1,0.0,1.3882,Cerah,wmo:0
jatinangor,"Jatinangor, Sumedang",2026-09-23,32.11.15.2002,Hegarmanah,kecamatan,yes,-6.938,107.7556,Asia/Jakarta,"BMKG representative point: Hegarmanah, Kecamatan Jatinangor",23-09-2026,GFS,Open-Meteo / NOAA GFS,23:00,2026-09-23 23:00:00,19.3,78.0,0.0,4.5,0.0,1.3882,Cerah,wmo:0
jatinangor,"Jatinangor, Sumedang",2026-09-23,32.11.15.2002,Hegarmanah,kecamatan,yes,-6.938,107.7556,Asia/Jakarta,"BMKG representative point: Hegarmanah, Kecamatan Jatinangor",23-09-2026,ICON,Open-Meteo / DWD ICON,00:00,2026-09-23 00:00:00,21.7,85.0,0.0,3.2,0.0,1.4444,Cerah Berawan,wmo:2
jatinangor,"Jatinangor, Sumedang",2026-09-23,32.11.15.2002,Hegarmanah,kecamatan,yes,-6.938,107.7556,Asia/Jakarta,"BMKG representative point: Hegarmanah, Kecamatan Jatinangor",23-09-2026,ICON,Open-Meteo / DWD ICON,01:00,2026-09-23 01:00:00,21.5,83.0,0.0,3.2,0.0,1.4444,Cerah Berawan,wmo:1
jatinangor,"Jatinangor, Sumedang",2026-09-23,32.11.15.2002,Hegarmanah,kecamatan,yes,-6.938,107.7556,Asia/Jakarta,"BMKG representative point: Hegarmanah, Kecamatan Jatinangor",23-09-2026,ICON,Open-Meteo / DWD ICON,02:00,2026-09-23 02:00:00,20.6,86.0,0.0,3.6,0.0,1.4444,Cerah Berawan,wmo:1
jatinangor,"Jatinangor, Sumedang",2026-09-23,32.11.15.2002,Hegarmanah,kecamatan,yes,-6.938,107.7556,Asia/Jakarta,"BMKG representative point: Hegarmanah, Kecamatan Jatinangor",23-09-2026,ICON,Open-Meteo / DWD ICON,03:00,2026-09-23 03:00:00,19.5,83.0,0.0,4.1,0.0,1.4444,Cerah Berawan,wmo:1
jatinangor,"Jatinangor, Sumedang",2026-09-23,32.11.15.2002,Hegarmanah,kecamatan,yes,-6.938,107.7556,Asia/Jakarta,"BMKG representative point: Hegarmanah, Kecamatan Jatinangor",23-09-2026,ICON,Open-Meteo / DWD ICON,04:00,2026-09-23 04:00:00,18.7,77.0,0.0,4.9,0.0,1.4444,Cerah Berawan,wmo:1
jatinangor,"Jatinangor, Sumedang",2026-09-23,32.11.15.2002,Hegarmanah,kecamatan,yes,-6.938,107.7556,Asia/Jakarta,"BMKG representative point: Hegarmanah, Kecamatan Jatinangor",23-09-2026,ICON,Open-Meteo / DWD ICON,05:00,2026-09-23 05:00:00,17.9,70.0,0.0,5.1,0.0,1.4444,Cerah Berawan,wmo:1
jatinangor,"Jatinangor, Sumedang",2026-09-23,32.11.15.2002,Hegarmanah,kecamatan,yes,-6.938,107.7556,Asia/Jakarta,"BMKG representative point: Hegarmanah, Kecamatan Jatinangor",23-09-2026,ICON,Open-Meteo / DWD ICON,06:00,2026-09-23 06:00:00,17.4,66.0,0.0,5.4,0.0,1.4444,Cerah Berawan,wmo:1
jatinangor,"Jatinangor, Sumedang",2026-09-23,32.11.15.2002,Hegarmanah,kecamatan,yes,-6.938,107.7556,Asia/Jakarta,"BMKG representative point: Hegarmanah, Kecamatan Jatinangor",23-09-2026,ICON,Open-Meteo / DWD ICON,07:00,2026-09-23 07:00:00,20.6,66.0,0.0,3.3,0.0,1.4444,Cerah Berawan,wmo:1
jatinangor,"Jatinangor, Sumedang",2026-09-23,32.11.15.2002,Hegarmanah,kecamatan,yes,-6.938,107.7556,Asia/Jakarta,"BMKG representative point: Hegarmanah, Kecamatan Jatinangor",23-09-2026,ICON,Open-Meteo / DWD ICON,08:00,2026-09-23 08:00:00,25.4,47.0,0.0,5.1,0.0,1.4444,Cerah,wmo:0
jatinangor,"Jatinangor, Sumedang",2026-09-23,32.11.15.2002,Hegarmanah,kecamatan,yes,-6.938,107.7556,Asia/Jakarta,"BMKG representative point: Hegarmanah, Kecamatan Jatinangor",23-09-2026,ICON,Open-Meteo / DWD ICON,09:00,2026-09-23 09:00:00,27.7,42.0,0.0,5.6,0.0,1.4444,Cerah,wmo:0
jatinangor,"Jatinangor, Sumedang",2026-09-23,32.11.15.2002,Hegarmanah,kecamatan,yes,-6.938,107.7556,Asia/Jakarta,"BMKG representative point: Hegarmanah, Kecamatan Jatinangor",23-09-2026,ICON,Open-Meteo / DWD ICON,10:00,2026-09-23 10:00:00,30.2,37.0,0.0,5.4,0.0,1.4444,Cerah,wmo:0
jatinangor,"Jatinangor, Sumedang",2026-09-23,32.11.15.2002,Hegarmanah,kecamatan,yes,-6.938,107.7556,Asia/Jakarta,"BMKG representative point: Hegarmanah, Kecamatan Jatinangor",23-09-2026,ICON,Open-Meteo / DWD ICON,11:00,2026-09-23 11:00:00,32.4,31.0,0.0,6.0,0.0,1.4444,Cerah,wmo:0
jatinangor,"Jatinangor, Sumedang",2026-09-23,32.11.15.2002,Hegarmanah,kecamatan,yes,-6.938,107.7556,Asia/Jakarta,"BMKG representative point: Hegarmanah, Kecamatan Jatinangor",23-09-2026,ICON,Open-Meteo / DWD ICON,12:00,2026-09-23 12:00:00,33.8,29.0,0.0,6.4,0.0,1.4444,Cerah,wmo:0
jatinangor,"Jatinangor, Sumedang",2026-09-23,32.11.15.2002,Hegarmanah,kecamatan,yes,-6.938,107.7556,Asia/Jakarta,"BMKG representative point: Hegarmanah, Kecamatan Jatinangor",23-09-2026,ICON,Open-Meteo / DWD ICON,13:00,2026-09-23 13:00:00,33.4,33.0,0.0,7.6,0.0,1.4444,Cerah,wmo:0
jatinangor,"Jatinangor, Sumedang",2026-09-23,32.11.15.2002,Hegarmanah,kecamatan,yes,-6.938,107.7556,Asia/Jakarta,"BMKG representative point: Hegarmanah, Kecamatan Jatinangor",23-09-2026,ICON,Open-Meteo / DWD ICON,14:00,2026-09-23 14:00:00,33.4,32.0,0.0,5.5,0.0,1.4444,Cerah Berawan,wmo:2
jatinangor,"Jatinangor, Sumedang",2026-09-23,32.11.15.2002,Hegarmanah,kecamatan,yes,-6.938,107.7556,Asia/Jakarta,"BMKG representative point: Hegarmanah, Kecamatan Jatinangor",23-09-2026,ICON,Open-Meteo / DWD ICON,15:00,2026-09-23 15:00:00,33.5,33.0,0.0,8.7,0.0,1.4444,Cerah Berawan,wmo:2
jatinangor,"Jatinangor, Sumedang",2026-09-23,32.11.15.2002,Hegarmanah,kecamatan,yes,-6.938,107.7556,Asia/Jakarta,"BMKG representative point: Hegarmanah, Kecamatan Jatinangor",23-09-2026,ICON,Open-Meteo / DWD ICON,16:00,2026-09-23 16:00:00,32.3,36.0,0.0,11.5,0.0,1.4444,Berawan,wmo:3
jatinangor,"Jatinangor, Sumedang",2026-09-23,32.11.15.2002,Hegarmanah,kecamatan,yes,-6.938,107.7556,Asia/Jakarta,"BMKG representative point: Hegarmanah, Kecamatan Jatinangor",23-09-2026,ICON,Open-Meteo / DWD ICON,17:00,2026-09-23 17:00:00,30.0,45.0,0.0,14.5,0.0,1.4444,Berawan,wmo:3
jatinangor,"Jatinangor, Sumedang",2026-09-23,32.11.15.2002,Hegarmanah,kecamatan,yes,-6.938,107.7556,Asia/Jakarta,"BMKG representative point: Hegarmanah, Kecamatan Jatinangor",23-09-2026,ICON,Open-Meteo / DWD ICON,18:00,2026-09-23 18:00:00,27.9,52.0,0.0,12.9,0.0,1.4444,Cerah Berawan,wmo:2
jatinangor,"Jatinangor, Sumedang",2026-09-23,32.11.15.2002,Hegarmanah,kecamatan,yes,-6.938,107.7556,Asia/Jakarta,"BMKG representative point: Hegarmanah, Kecamatan Jatinangor",23-09-2026,ICON,Open-Meteo / DWD ICON,19:00,2026-09-23 19:00:00,26.4,59.0,0.0,9.0,0.0,1.4444,Cerah Berawan,wmo:2
jatinangor,"Jatinangor, Sumedang",2026-09-23,32.11.15.2002,Hegarmanah,kecamatan,yes,-6.938,107.7556,Asia/Jakarta,"BMKG representative point: Hegarmanah, Kecamatan Jatinangor",23-09-2026,ICON,Open-Meteo / DWD ICON,20:00,2026-09-23 20:00:00,25.0,64.0,0.0,7.0,0.0,1.4444,Cerah Berawan,wmo:2
jatinangor,"Jatinangor, Sumedang",2026-09-23,32.11.15.2002,Hegarmanah,kecamatan,yes,-6.938,107.7556,Asia/Jakarta,"BMKG representative point: Hegarmanah, Kecamatan Jatinangor",23-09-2026,ICON,Open-Meteo / DWD ICON,21:00,2026-09-23 21:00:00,23.6,70.0,0.0,6.3,0.0,1.4444,Cerah Berawan,wmo:1
jatinangor,"Jatinangor, Sumedang",2026-09-23,32.11.15.2002,Hegarmanah,kecamatan,yes,-6.938,107.7556,Asia/Jakarta,"BMKG representative point: Hegarmanah, Kecamatan Jatinangor",23-09-2026,ICON,Open-Meteo / DWD ICON,22:00,2026-09-23 22:00:00,22.4,74.0,0.0,6.3,0.0,1.4444,Cerah Berawan,wmo:2
jatinangor,"Jatinangor, Sumedang",2026-09-23,32.11.15.2002,Hegarmanah,kecamatan,yes,-6.938,107.7556,Asia/Jakarta,"BMKG representative point: Hegarmanah, Kecamatan Jatinangor",23-09-2026,ICON,Open-Meteo / DWD ICON,23:00,2026-09-23 23:00:00,21.3,74.0,0.0,6.1,0.0,1.4444,Cerah Berawan,wmo:2
jatinangor,"Jatinangor, Sumedang",2026-09-23,32.11.15.2002,Hegarmanah,kecamatan,yes,-6.938,107.7556,Asia/Jakarta,"BMKG representative point: Hegarmanah, Kecamatan Jatinangor",23-09-2026,KMA,Open-Meteo / KMA,00:00,2026-09-23 00:00:00,,,,,0.0,0.5502,Berawan,wmo:None
jatinangor,"Jatinangor, Sumedang",2026-09-23,32.11.15.2002,Hegarmanah,kecamatan,yes,-6.938,107.7556,Asia/Jakarta,"BMKG representative point: Hegarmanah, Kecamatan Jatinangor",23-09-2026,KMA,Open-Meteo / KMA,01:00,2026-09-23 01:00:00,,,,,0.0,0.5502,Berawan,wmo:None
jatinangor,"Jatinangor, Sumedang",2026-09-23,32.11.15.2002,Hegarmanah,kecamatan,yes,-6.938,107.7556,Asia/Jakarta,"BMKG representative point: Hegarmanah, Kecamatan Jatinangor",23-09-2026,KMA,Open-Meteo / KMA,02:00,2026-09-23 02:00:00,,,,,0.0,0.5502,Berawan,wmo:None
jatinangor,"Jatinangor, Sumedang",2026-09-23,32.11.15.2002,Hegarmanah,kecamatan,yes,-6.938,107.7556,Asia/Jakarta,"BMKG representative point: Hegarmanah, Kecamatan Jatinangor",23-09-2026,KMA,Open-Meteo / KMA,03:00,2026-09-23 03:00:00,,,,,0.0,0.5502,Berawan,wmo:None
jatinangor,"Jatinangor, Sumedang",2026-09-23,32.11.15.2002,Hegarmanah,kecamatan,yes,-6.938,107.7556,Asia/Jakarta,"BMKG representative point: Hegarmanah, Kecamatan Jatinangor",23-09-2026,KMA,Open-Meteo / KMA,04:00,2026-09-23 04:00:00,,,,,0.0,0.5502,Berawan,wmo:None
jatinangor,"Jatinangor, Sumedang",2026-09-23,32.11.15.2002,Hegarmanah,kecamatan,yes,-6.938,107.7556,Asia/Jakarta,"BMKG representative point: Hegarmanah, Kecamatan Jatinangor",23-09-2026,KMA,Open-Meteo / KMA,05:00,2026-09-23 05:00:00,,,,,0.0,0.5502,Berawan,wmo:None
jatinangor,"Jatinangor, Sumedang",2026-09-23,32.11.15.2002,Hegarmanah,kecamatan,yes,-6.938,107.7556,Asia/Jakarta,"BMKG representative point: Hegarmanah, Kecamatan Jatinangor",23-09-2026,KMA,Open-Meteo / KMA,06:00,2026-09-23 06:00:00,,,,,0.0,0.5502,Berawan,wmo:None
jatinangor,"Jatinangor, Sumedang",2026-09-23,32.11.15.2002,Hegarmanah,kecamatan,yes,-6.938,107.7556,Asia/Jakarta,"BMKG representative point: Hegarmanah, Kecamatan Jatinangor",23-09-2026,KMA,Open-Meteo / KMA,07:00,2026-09-23 07:00:00,,,,,0.0,0.5502,Berawan,wmo:None
jatinangor,"Jatinangor, Sumedang",2026-09-23,32.11.15.2002,Hegarmanah,kecamatan,yes,-6.938,107.7556,Asia/Jakarta,"BMKG representative point: Hegarmanah, Kecamatan Jatinangor",23-09-2026,KMA,Open-Meteo / KMA,08:00,2026-09-23 08:00:00,,,,,0.0,0.5502,Berawan,wmo:None
jatinangor,"Jatinangor, Sumedang",2026-09-23,32.11.15.2002,Hegarmanah,kecamatan,yes,-6.938,107.7556,Asia/Jakarta,"BMKG representative point: Hegarmanah, Kecamatan Jatinangor",23-09-2026,KMA,Open-Meteo / KMA,09:00,2026-09-23 09:00:00,,,,,0.0,0.5502,Berawan,wmo:None
jatinangor,"Jatinangor, Sumedang",2026-09-23,32.11.15.2002,Hegarmanah,kecamatan,yes,-6.938,107.7556,Asia/Jakarta,"BMKG representative point: Hegarmanah, Kecamatan Jatinangor",23-09-2026,KMA,Open-Meteo / KMA,10:00,2026-09-23 10:00:00,,,,,0.0,0.5502,Berawan,wmo:None
jatinangor,"Jatinangor, Sumedang",2026-09-23,32.11.15.2002,Hegarmanah,kecamatan,yes,-6.938,107.7556,Asia/Jakarta,"BMKG representative point: Hegarmanah, Kecamatan Jatinangor",23-09-2026,KMA,Open-Meteo / KMA,11:00,2026-09-23 11:00:00,,,,,0.0,0.5502,Berawan,wmo:None
jatinangor,"Jatinangor, Sumedang",2026-09-23,32.11.15.2002,Hegarmanah,kecamatan,yes,-6.938,107.7556,Asia/Jakarta,"BMKG representative point: Hegarmanah, Kecamatan Jatinangor",23-09-2026,KMA,Open-Meteo / KMA,12:00,2026-09-23 12:00:00,,,,,0.0,0.5502,Berawan,wmo:None
jatinangor,"Jatinangor, Sumedang",2026-09-23,32.11.15.2002,Hegarmanah,kecamatan,yes,-6.938,107.7556,Asia/Jakarta,"BMKG representative point: Hegarmanah, Kecamatan Jatinangor",23-09-2026,KMA,Open-Meteo / KMA,13:00,2026-09-23 13:00:00,,,,,0.0,0.5502,Berawan,wmo:None
jatinangor,"Jatinangor, Sumedang",2026-09-23,32.11.15.2002,Hegarmanah,kecamatan,yes,-6.938,107.7556,Asia/Jakarta,"BMKG representative point: Hegarmanah, Kecamatan Jatinangor",23-09-2026,KMA,Open-Meteo / KMA,14:00,2026-09-23 14:00:00,,,,,0.0,0.5502,Berawan,wmo:None
jatinangor,"Jatinangor, Sumedang",2026-09-23,32.11.15.2002,Hegarmanah,kecamatan,yes,-6.938,107.7556,Asia/Jakarta,"BMKG representative point: Hegarmanah, Kecamatan Jatinangor",23-09-2026,KMA,Open-Meteo / KMA,15:00,2026-09-23 15:00:00,,,,,0.0,0.5502,Berawan,wmo:None
jatinangor,"Jatinangor, Sumedang",2026-09-23,32.11.15.2002,Hegarmanah,kecamatan,yes,-6.938,107.7556,Asia/Jakarta,"BMKG representative point: Hegarmanah, Kecamatan Jatinangor",23-09-2026,KMA,Open-Meteo / KMA,16:00,2026-09-23 16:00:00,,,,,0.0,0.5502,Berawan,wmo:None
jatinangor,"Jatinangor, Sumedang",2026-09-23,32.11.15.2002,Hegarmanah,kecamatan,yes,-6.938,107.7556,Asia/Jakarta,"BMKG representative point: Hegarmanah, Kecamatan Jatinangor",23-09-2026,KMA,Open-Meteo / KMA,17:00,2026-09-23 17:00:00,,,,,0.0,0.5502,Berawan,wmo:None
jatinangor,"Jatinangor, Sumedang",2026-09-23,32.11.15.2002,Hegarmanah,kecamatan,yes,-6.938,107.7556,Asia/Jakarta,"BMKG representative point: Hegarmanah, Kecamatan Jatinangor",23-09-2026,KMA,Open-Meteo / KMA,18:00,2026-09-23 18:00:00,,,,,0.0,0.5502,Berawan,wmo:None
jatinangor,"Jatinangor, Sumedang",2026-09-23,32.11.15.2002,Hegarmanah,kecamatan,yes,-6.938,107.7556,Asia/Jakarta,"BMKG representative point: Hegarmanah, Kecamatan Jatinangor",23-09-2026,KMA,Open-Meteo / KMA,19:00,2026-09-23 19:00:00,,,,,0.0,0.5502,Berawan,wmo:None
jatinangor,"Jatinangor, Sumedang",2026-09-23,32.11.15.2002,Hegarmanah,kecamatan,yes,-6.938,107.7556,Asia/Jakarta,"BMKG representative point: Hegarmanah, Kecamatan Jatinangor",23-09-2026,KMA,Open-Meteo / KMA,20:00,2026-09-23 20:00:00,,,,,0.0,0.5502,Berawan,wmo:None
jatinangor,"Jatinangor, Sumedang",2026-09-23,32.11.15.2002,Hegarmanah,kecamatan,yes,-6.938,107.7556,Asia/Jakarta,"BMKG representative point: Hegarmanah, Kecamatan Jatinangor",23-09-2026,KMA,Open-Meteo / KMA,21:00,2026-09-23 21:00:00,,,,,0.0,0.5502,Berawan,wmo:None
jatinangor,"Jatinangor, Sumedang",2026-09-23,32.11.15.2002,Hegarmanah,kecamatan,yes,-6.938,107.7556,Asia/Jakarta,"BMKG representative point: Hegarmanah, Kecamatan Jatinangor",23-09-2026,KMA,Open-Meteo / KMA,22:00,2026-09-23 22:00:00,,,,,0.0,0.5502,Berawan,wmo:None
jatinangor,"Jatinangor, Sumedang",2026-09-23,32.11.15.2002,Hegarmanah,kecamatan,yes,-6.938,107.7556,Asia/Jakarta,"BMKG representative point: Hegarmanah, Kecamatan Jatinangor",23-09-2026,KMA,Open-Meteo / KMA,23:00,2026-09-23 23:00:00,,,,,0.0,0.5502,Berawan,wmo:None
jatinangor,"Jatinangor, Sumedang",2026-09-23,32.11.15.2002,Hegarmanah,kecamatan,yes,-6.938,107.7556,Asia/Jakarta,"BMKG representative point: Hegarmanah, Kecamatan Jatinangor",23-09-2026,METEOFRANCE,Open-Meteo / Meteo-France,00:00,2026-09-23 00:00:00,26.4,79.0,0.0,1.8,0.0,1.4369,Cerah Berawan,wmo:1
jatinangor,"Jatinangor, Sumedang",2026-09-23,32.11.15.2002,Hegarmanah,kecamatan,yes,-6.938,107.7556,Asia/Jakarta,"BMKG representative point: Hegarmanah, Kecamatan Jatinangor",23-09-2026,METEOFRANCE,Open-Meteo / Meteo-France,01:00,2026-09-23 01:00:00,25.8,80.0,0.0,0.8,0.0,1.4369,Berawan,wmo:3
jatinangor,"Jatinangor, Sumedang",2026-09-23,32.11.15.2002,Hegarmanah,kecamatan,yes,-6.938,107.7556,Asia/Jakarta,"BMKG representative point: Hegarmanah, Kecamatan Jatinangor",23-09-2026,METEOFRANCE,Open-Meteo / Meteo-France,02:00,2026-09-23 02:00:00,25.3,82.0,0.0,1.3,0.0,1.4369,Berawan,wmo:3
jatinangor,"Jatinangor, Sumedang",2026-09-23,32.11.15.2002,Hegarmanah,kecamatan,yes,-6.938,107.7556,Asia/Jakarta,"BMKG representative point: Hegarmanah, Kecamatan Jatinangor",23-09-2026,METEOFRANCE,Open-Meteo / Meteo-France,03:00,2026-09-23 03:00:00,24.9,84.0,0.0,0.7,0.0,1.4369,Berawan,wmo:3
jatinangor,"Jatinangor, Sumedang",2026-09-23,32.11.15.2002,Hegarmanah,kecamatan,yes,-6.938,107.7556,Asia/Jakarta,"BMKG representative point: Hegarmanah, Kecamatan Jatinangor",23-09-2026,METEOFRANCE,Open-Meteo / Meteo-France,04:00,2026-09-23 04:00:00,24.6,86.0,0.0,0.8,0.0,1.4369,Berawan,wmo:3
jatinangor,"Jatinangor, Sumedang",2026-09-23,32.11.15.2002,Hegarmanah,kecamatan,yes,-6.938,107.7556,Asia/Jakarta,"BMKG representative point: Hegarmanah, Kecamatan Jatinangor",23-09-2026,METEOFRANCE,Open-Meteo / Meteo-France,05:00,2026-09-23 05:00:00,24.2,89.0,0.0,1.1,0.0,1.4369,Berawan,wmo:3
jatinangor,"Jatinangor, Sumedang",2026-09-23,32.11.15.2002,Hegarmanah,kecamatan,yes,-6.938,107.7556,Asia/Jakarta,"BMKG representative point: Hegarmanah, Kecamatan Jatinangor",23-09-2026,METEOFRANCE,Open-Meteo / Meteo-France,06:00,2026-09-23 06:00:00,24.0,93.0,0.0,0.4,0.0,1.4369,Berawan,wmo:3
jatinangor,"Jatinangor, Sumedang",2026-09-23,32.11.15.2002,Hegarmanah,kecamatan,yes,-6.938,107.7556,Asia/Jakarta,"BMKG representative point: Hegarmanah, Kecamatan Jatinangor",23-09-2026,METEOFRANCE,Open-Meteo / Meteo-France,07:00,2026-09-23 07:00:00,24.7,92.0,0.0,1.1,0.0,1.4369,Berawan,wmo:3
jatinangor,"Jatinangor, Sumedang",2026-09-23,32.11.15.2002,Hegarmanah,kecamatan,yes,-6.938,107.7556,Asia/Jakarta,"BMKG representative point: Hegarmanah, Kecamatan Jatinangor",23-09-2026,METEOFRANCE,Open-Meteo / Meteo-France,08:00,2026-09-23 08:00:00,26.4,79.0,0.0,1.5,0.0,1.4369,Cerah Berawan,wmo:2
jatinangor,"Jatinangor, Sumedang",2026-09-23,32.11.15.2002,Hegarmanah,kecamatan,yes,-6.938,107.7556,Asia/Jakarta,"BMKG representative point: Hegarmanah, Kecamatan Jatinangor",23-09-2026,METEOFRANCE,Open-Meteo / Meteo-France,09:00,2026-09-23 09:00:00,28.9,62.0,0.0,3.3,0.0,1.4369,Cerah Berawan,wmo:2
jatinangor,"Jatinangor, Sumedang",2026-09-23,32.11.15.2002,Hegarmanah,kecamatan,yes,-6.938,107.7556,Asia/Jakarta,"BMKG representative point: Hegarmanah, Kecamatan Jatinangor",23-09-2026,METEOFRANCE,Open-Meteo / Meteo-France,10:00,2026-09-23 10:00:00,31.6,50.0,0.0,5.9,0.0,1.4369,Cerah Berawan,wmo:2
jatinangor,"Jatinangor, Sumedang",2026-09-23,32.11.15.2002,Hegarmanah,kecamatan,yes,-6.938,107.7556,Asia/Jakarta,"BMKG representative point: Hegarmanah, Kecamatan Jatinangor",23-09-2026,METEOFRANCE,Open-Meteo / Meteo-France,11:00,2026-09-23 11:00:00,33.4,44.0,0.0,6.9,0.0,1.4369,Cerah Berawan,wmo:2
jatinangor,"Jatinangor, Sumedang",2026-09-23,32.11.15.2002,Hegarmanah,kecamatan,yes,-6.938,107.7556,Asia/Jakarta,"BMKG representative point: Hegarmanah, Kecamatan Jatinangor",23-09-2026,METEOFRANCE,Open-Meteo / Meteo-France,12:00,2026-09-23 12:00:00,34.8,40.0,0.0,7.5,0.0,1.4369,Cerah Berawan,wmo:2
jatinangor,"Jatinangor, Sumedang",2026-09-23,32.11.15.2002,Hegarmanah,kecamatan,yes,-6.938,107.7556,Asia/Jakarta,"BMKG representative point: Hegarmanah, Kecamatan Jatinangor",23-09-2026,METEOFRANCE,Open-Meteo / Meteo-France,13:00,2026-09-23 13:00:00,35.4,38.0,0.0,7.6,0.0,1.4369,Berawan,wmo:3
jatinangor,"Jatinangor, Sumedang",2026-09-23,32.11.15.2002,Hegarmanah,kecamatan,yes,-6.938,107.7556,Asia/Jakarta,"BMKG representative point: Hegarmanah, Kecamatan Jatinangor",23-09-2026,METEOFRANCE,Open-Meteo / Meteo-France,14:00,2026-09-23 14:00:00,34.3,41.0,0.0,8.7,0.0,1.4369,Berawan,wmo:3
jatinangor,"Jatinangor, Sumedang",2026-09-23,32.11.15.2002,Hegarmanah,kecamatan,yes,-6.938,107.7556,Asia/Jakarta,"BMKG representative point: Hegarmanah, Kecamatan Jatinangor",23-09-2026,METEOFRANCE,Open-Meteo / Meteo-France,15:00,2026-09-23 15:00:00,33.0,47.0,0.0,8.3,0.0,1.4369,Berawan,wmo:3
jatinangor,"Jatinangor, Sumedang",2026-09-23,32.11.15.2002,Hegarmanah,kecamatan,yes,-6.938,107.7556,Asia/Jakarta,"BMKG representative point: Hegarmanah, Kecamatan Jatinangor",23-09-2026,METEOFRANCE,Open-Meteo / Meteo-France,16:00,2026-09-23 16:00:00,32.1,51.0,0.1,6.1,0.0,1.4369,Hujan Ringan,wmo:51
jatinangor,"Jatinangor, Sumedang",2026-09-23,32.11.15.2002,Hegarmanah,kecamatan,yes,-6.938,107.7556,Asia/Jakarta,"BMKG representative point: Hegarmanah, Kecamatan Jatinangor",23-09-2026,METEOFRANCE,Open-Meteo / Meteo-France,17:00,2026-09-23 17:00:00,31.8,53.0,0.0,4.7,0.0,1.4369,Berawan,wmo:3
jatinangor,"Jatinangor, Sumedang",2026-09-23,32.11.15.2002,Hegarmanah,kecamatan,yes,-6.938,107.7556,Asia/Jakarta,"BMKG representative point: Hegarmanah, Kecamatan Jatinangor",23-09-2026,METEOFRANCE,Open-Meteo / Meteo-France,18:00,2026-09-23 18:00:00,30.7,59.0,0.1,5.9,0.0,1.4369,Hujan Ringan,wmo:51
jatinangor,"Jatinangor, Sumedang",2026-09-23,32.11.15.2002,Hegarmanah,kecamatan,yes,-6.938,107.7556,Asia/Jakarta,"BMKG representative point: Hegarmanah, Kecamatan Jatinangor",23-09-2026,METEOFRANCE,Open-Meteo / Meteo-France,19:00,2026-09-23 19:00:00,29.2,63.0,0.0,7.9,0.0,1.4369,Cerah Berawan,wmo:2
jatinangor,"Jatinangor, Sumedang",2026-09-23,32.11.15.2002,Hegarmanah,kecamatan,yes,-6.938,107.7556,Asia/Jakarta,"BMKG representative point: Hegarmanah, Kecamatan Jatinangor",23-09-2026,METEOFRANCE,Open-Meteo / Meteo-France,20:00,2026-09-23 20:00:00,28.1,67.0,0.0,5.7,0.0,1.4369,Cerah Berawan,wmo:2
jatinangor,"Jatinangor, Sumedang",2026-09-23,32.11.15.2002,Hegarmanah,kecamatan,yes,-6.938,107.7556,Asia/Jakarta,"BMKG representative point: Hegarmanah, Kecamatan Jatinangor",23-09-2026,METEOFRANCE,Open-Meteo / Meteo-France,21:00,2026-09-23 21:00:00,27.4,71.0,0.0,3.1,0.0,1.4369,Cerah Berawan,wmo:2
jatinangor,"Jatinangor, Sumedang",2026-09-23,32.11.15.2002,Hegarmanah,kecamatan,yes,-6.938,107.7556,Asia/Jakarta,"BMKG representative point: Hegarmanah, Kecamatan Jatinangor",23-09-2026,METEOFRANCE,Open-Meteo / Meteo-France,22:00,2026-09-23 22:00:00,26.9,73.0,0.0,2.2,0.0,1.4369,Cerah Berawan,wmo:2
jatinangor,"Jatinangor, Sumedang",2026-09-23,32.11.15.2002,Hegarmanah,kecamatan,yes,-6.938,107.7556,Asia/Jakarta,"BMKG representative point: Hegarmanah, Kecamatan Jatinangor",23-09-2026,METEOFRANCE,Open-Meteo / Meteo-France,23:00,2026-09-23 23:00:00,26.4,76.0,0.0,1.8,0.0,1.4369,Cerah Berawan,wmo:2
jatinangor,"Jatinangor, Sumedang",2026-09-23,32.11.15.2002,Hegarmanah,kecamatan,yes,-6.938,107.7556,Asia/Jakarta,"BMKG representative point: Hegarmanah, Kecamatan Jatinangor",23-09-2026,METNO,MET Norway,19:00,2026-09-23 21:00:00,21.6,83.7,0.0,5.4,120.0,0.7512,Cerah Berawan,fair_night
jatinangor,"Jatinangor, Sumedang",2026-09-23,32.11.15.2002,Hegarmanah,kecamatan,yes,-6.938,107.7556,Asia/Jakarta,"BMKG representative point: Hegarmanah, Kecamatan Jatinangor",23-09-2026,METNO,MET Norway,20:00,2026-09-23 21:00:00,21.6,83.7,0.0,5.4,60.0,1.0243,Cerah Berawan,fair_night
jatinangor,"Jatinangor, Sumedang",2026-09-23,32.11.15.2002,Hegarmanah,kecamatan,yes,-6.938,107.7556,Asia/Jakarta,"BMKG representative point: Hegarmanah, Kecamatan Jatinangor",23-09-2026,METNO,MET Norway,21:00,2026-09-23 21:00:00,21.6,83.7,0.0,5.4,0.0,1.3657,Cerah Berawan,fair_night
jatinangor,"Jatinangor, Sumedang",2026-09-23,32.11.15.2002,Hegarmanah,kecamatan,yes,-6.938,107.7556,Asia/Jakarta,"BMKG representative point: Hegarmanah, Kecamatan Jatinangor",23-09-2026,METNO,MET Norway,22:00,2026-09-23 22:00:00,20.9,86.4,0.0,4.32,0.0,1.3657,Cerah Berawan,fair_night
jatinangor,"Jatinangor, Sumedang",2026-09-23,32.11.15.2002,Hegarmanah,kecamatan,yes,-6.938,107.7556,Asia/Jakarta,"BMKG representative point: Hegarmanah, Kecamatan Jatinangor",23-09-2026,METNO,MET Norway,23:00,2026-09-23 23:00:00,20.2,88.8,0.0,5.04,0.0,1.3657,Cerah Berawan,fair_night
jatinangor,"Jatinangor, Sumedang",2026-09-23,32.11.15.2002,Hegarmanah,kecamatan,yes,-6.938,107.7556,Asia/Jakarta,"BMKG representative point: Hegarmanah, Kecamatan Jatinangor",23-09-2026,UKMO,Open-Meteo / UK Met Office,00:00,2026-09-23 00:00:00,19.6,99.0,0.0,5.0,0.0,1.3162,Cerah,wmo:0
jatinangor,"Jatinangor, Sumedang",2026-09-23,32.11.15.2002,Hegarmanah,kecamatan,yes,-6.938,107.7556,Asia/Jakarta,"BMKG representative point: Hegarmanah, Kecamatan Jatinangor",23-09-2026,UKMO,Open-Meteo / UK Met Office,01:00,2026-09-23 01:00:00,19.5,99.0,0.0,5.8,0.0,1.3162,Cerah,wmo:0
jatinangor,"Jatinangor, Sumedang",2026-09-23,32.11.15.2002,Hegarmanah,kecamatan,yes,-6.938,107.7556,Asia/Jakarta,"BMKG representative point: Hegarmanah, Kecamatan Jatinangor",23-09-2026,UKMO,Open-Meteo / UK Met Office,02:00,2026-09-23 02:00:00,18.7,99.0,0.0,3.2,0.0,1.3162,Cerah,wmo:0
jatinangor,"Jatinangor, Sumedang",2026-09-23,32.11.15.2002,Hegarmanah,kecamatan,yes,-6.938,107.7556,Asia/Jakarta,"BMKG representative point: Hegarmanah, Kecamatan Jatinangor",23-09-2026,UKMO,Open-Meteo / UK Met Office,03:00,2026-09-23 03:00:00,18.0,99.0,0.0,1.8,0.0,1.3162,Cerah,wmo:0
jatinangor,"Jatinangor, Sumedang",2026-09-23,32.11.15.2002,Hegarmanah,kecamatan,yes,-6.938,107.7556,Asia/Jakarta,"BMKG representative point: Hegarmanah, Kecamatan Jatinangor",23-09-2026,UKMO,Open-Meteo / UK Met Office,04:00,2026-09-23 04:00:00,17.6,100,0.0,2.2,0.0,1.3162,Cerah,wmo:0
jatinangor,"Jatinangor, Sumedang",2026-09-23,32.11.15.2002,Hegarmanah,kecamatan,yes,-6.938,107.7556,Asia/Jakarta,"BMKG representative point: Hegarmanah, Kecamatan Jatinangor",23-09-2026,UKMO,Open-Meteo / UK Met Office,05:00,2026-09-23 05:00:00,17.3,100,0.0,2.5,0.0,1.3162,Berawan,wmo:3
jatinangor,"Jatinangor, Sumedang",2026-09-23,32.11.15.2002,Hegarmanah,kecamatan,yes,-6.938,107.7556,Asia/Jakarta,"BMKG representative point: Hegarmanah, Kecamatan Jatinangor",23-09-2026,UKMO,Open-Meteo / UK Met Office,06:00,2026-09-23 06:00:00,18.2,100,0.0,4.0,0.0,1.3162,Berawan,wmo:3
jatinangor,"Jatinangor, Sumedang",2026-09-23,32.11.15.2002,Hegarmanah,kecamatan,yes,-6.938,107.7556,Asia/Jakarta,"BMKG representative point: Hegarmanah, Kecamatan Jatinangor",23-09-2026,UKMO,Open-Meteo / UK Met Office,07:00,2026-09-23 07:00:00,20.5,90.0,0.0,0.7,0.0,1.3162,Cerah,wmo:0
jatinangor,"Jatinangor, Sumedang",2026-09-23,32.11.15.2002,Hegarmanah,kecamatan,yes,-6.938,107.7556,Asia/Jakarta,"BMKG representative point: Hegarmanah, Kecamatan Jatinangor",23-09-2026,UKMO,Open-Meteo / UK Met Office,08:00,2026-09-23 08:00:00,23.5,70.0,0.0,2.2,0.0,1.3162,Cerah,wmo:0
jatinangor,"Jatinangor, Sumedang",2026-09-23,32.11.15.2002,Hegarmanah,kecamatan,yes,-6.938,107.7556,Asia/Jakarta,"BMKG representative point: Hegarmanah, Kecamatan Jatinangor",23-09-2026,UKMO,Open-Meteo / UK Met Office,09:00,2026-09-23 09:00:00,25.9,59.0,0.0,3.2,0.0,1.3162,Cerah,wmo:0
jatinangor,"Jatinangor, Sumedang",2026-09-23,32.11.15.2002,Hegarmanah,kecamatan,yes,-6.938,107.7556,Asia/Jakarta,"BMKG representative point: Hegarmanah, Kecamatan Jatinangor",23-09-2026,UKMO,Open-Meteo / UK Met Office,10:00,2026-09-23 10:00:00,27.9,50.0,0.0,3.6,0.0,1.3162,Cerah Berawan,wmo:1
jatinangor,"Jatinangor, Sumedang",2026-09-23,32.11.15.2002,Hegarmanah,kecamatan,yes,-6.938,107.7556,Asia/Jakarta,"BMKG representative point: Hegarmanah, Kecamatan Jatinangor",23-09-2026,UKMO,Open-Meteo / UK Met Office,11:00,2026-09-23 11:00:00,29.3,44.0,0.0,4.7,0.0,1.3162,Cerah Berawan,wmo:1
jatinangor,"Jatinangor, Sumedang",2026-09-23,32.11.15.2002,Hegarmanah,kecamatan,yes,-6.938,107.7556,Asia/Jakarta,"BMKG representative point: Hegarmanah, Kecamatan Jatinangor",23-09-2026,UKMO,Open-Meteo / UK Met Office,12:00,2026-09-23 12:00:00,29.1,43.0,0.0,5.8,0.0,1.3162,Cerah Berawan,wmo:1
jatinangor,"Jatinangor, Sumedang",2026-09-23,32.11.15.2002,Hegarmanah,kecamatan,yes,-6.938,107.7556,Asia/Jakarta,"BMKG representative point: Hegarmanah, Kecamatan Jatinangor",23-09-2026,UKMO,Open-Meteo / UK Met Office,13:00,2026-09-23 13:00:00,30.2,38.0,0.0,6.5,0.0,1.3162,Cerah Berawan,wmo:1
jatinangor,"Jatinangor, Sumedang",2026-09-23,32.11.15.2002,Hegarmanah,kecamatan,yes,-6.938,107.7556,Asia/Jakarta,"BMKG representative point: Hegarmanah, Kecamatan Jatinangor",23-09-2026,UKMO,Open-Meteo / UK Met Office,14:00,2026-09-23 14:00:00,31.0,36.0,0.0,5.8,0.0,1.3162,Cerah Berawan,wmo:2
jatinangor,"Jatinangor, Sumedang",2026-09-23,32.11.15.2002,Hegarmanah,kecamatan,yes,-6.938,107.7556,Asia/Jakarta,"BMKG representative point: Hegarmanah, Kecamatan Jatinangor",23-09-2026,UKMO,Open-Meteo / UK Met Office,15:00,2026-09-23 15:00:00,30.6,37.0,0.0,10.8,0.0,1.3162,Cerah Berawan,wmo:2
jatinangor,"Jatinangor, Sumedang",2026-09-23,32.11.15.2002,Hegarmanah,kecamatan,yes,-6.938,107.7556,Asia/Jakarta,"BMKG representative point: Hegarmanah, Kecamatan Jatinangor",23-09-2026,UKMO,Open-Meteo / UK Met Office,16:00,2026-09-23 16:00:00,29.3,41.0,0.0,14.0,0.0,1.3162,Cerah,wmo:0
jatinangor,"Jatinangor, Sumedang",2026-09-23,32.11.15.2002,Hegarmanah,kecamatan,yes,-6.938,107.7556,Asia/Jakarta,"BMKG representative point: Hegarmanah, Kecamatan Jatinangor",23-09-2026,UKMO,Open-Meteo / UK Met Office,17:00,2026-09-23 17:00:00,27.5,49.0,0.0,13.7,0.0,1.3162,Cerah,wmo:0
jatinangor,"Jatinangor, Sumedang",2026-09-23,32.11.15.2002,Hegarmanah,kecamatan,yes,-6.938,107.7556,Asia/Jakarta,"BMKG representative point: Hegarmanah, Kecamatan Jatinangor",23-09-2026,UKMO,Open-Meteo / UK Met Office,18:00,2026-09-23 18:00:00,25.3,61.0,0.0,10.1,0.0,1.3162,Cerah,wmo:0
jatinangor,"Jatinangor, Sumedang",2026-09-23,32.11.15.2002,Hegarmanah,kecamatan,yes,-6.938,107.7556,Asia/Jakarta,"BMKG representative point: Hegarmanah, Kecamatan Jatinangor",23-09-2026,UKMO,Open-Meteo / UK Met Office,19:00,2026-09-23 19:00:00,23.6,74.0,0.0,7.9,0.0,1.3162,Cerah,wmo:0
jatinangor,"Jatinangor, Sumedang",2026-09-23,32.11.15.2002,Hegarmanah,kecamatan,yes,-6.938,107.7556,Asia/Jakarta,"BMKG representative point: Hegarmanah, Kecamatan Jatinangor",23-09-2026,UKMO,Open-Meteo / UK Met Office,20:00,2026-09-23 20:00:00,22.4,84.0,0.0,6.8,0.0,1.3162,Cerah,wmo:0
jatinangor,"Jatinangor, Sumedang",2026-09-23,32.11.15.2002,Hegarmanah,kecamatan,yes,-6.938,107.7556,Asia/Jakarta,"BMKG representative point: Hegarmanah, Kecamatan Jatinangor",23-09-2026,UKMO,Open-Meteo / UK Met Office,21:00,2026-09-23 21:00:00,21.5,91.0,0.0,5.8,0.0,1.3162,Cerah,wmo:0
jatinangor,"Jatinangor, Sumedang",2026-09-23,32.11.15.2002,Hegarmanah,kecamatan,yes,-6.938,107.7556,Asia/Jakarta,"BMKG representative point: Hegarmanah, Kecamatan Jatinangor",23-09-2026,UKMO,Open-Meteo / UK Met Office,22:00,2026-09-23 22:00:00,20.6,95.0,0.0,4.7,0.0,1.3162,Cerah,wmo:0
jatinangor,"Jatinangor, Sumedang",2026-09-23,32.11.15.2002,Hegarmanah,kecamatan,yes,-6.938,107.7556,Asia/Jakarta,"BMKG representative point: Hegarmanah, Kecamatan Jatinangor",23-09-2026,UKMO,Open-Meteo / UK Met Office,23:00,2026-09-23 23:00:00,19.8,98.0,0.0,4.0,0.0,1.3162,Cerah,wmo:0
jatinangor,"Jatinangor, Sumedang",2026-09-24,32.11.15.2002,Hegarmanah,kecamatan,yes,-6.938,107.7556,Asia/Jakarta,"BMKG representative point: Hegarmanah, Kecamatan Jatinangor",24-09-2026,BMKG,BMKG,00:00,2026-09-24 01:00:00,21.0,87.0,0.0,1.2,60.0,1.2921,Berawan,Berawan
jatinangor,"Jatinangor, Sumedang",2026-09-24,32.11.15.2002,Hegarmanah,kecamatan,yes,-6.938,107.7556,Asia/Jakarta,"BMKG representative point: Hegarmanah, Kecamatan Jatinangor",24-09-2026,BMKG,BMKG,01:00,2026-09-24 01:00:00,21.0,87.0,0.0,1.2,0.0,1.7228,Berawan,Berawan
jatinangor,"Jatinangor, Sumedang",2026-09-24,32.11.15.2002,Hegarmanah,kecamatan,yes,-6.938,107.7556,Asia/Jakarta,"BMKG representative point: Hegarmanah, Kecamatan Jatinangor",24-09-2026,BMKG,BMKG,02:00,2026-09-24 01:00:00,21.0,87.0,0.0,1.2,60.0,1.2921,Berawan,Berawan
jatinangor,"Jatinangor, Sumedang",2026-09-24,32.11.15.2002,Hegarmanah,kecamatan,yes,-6.938,107.7556,Asia/Jakarta,"BMKG representative point: Hegarmanah, Kecamatan Jatinangor",24-09-2026,BMKG,BMKG,03:00,2026-09-24 04:00:00,19.0,87.0,0.0,0.7,60.0,1.2921,Cerah Berawan,Cerah Berawan
jatinangor,"Jatinangor, Sumedang",2026-09-24,32.11.15.2002,Hegarmanah,kecamatan,yes,-6.938,107.7556,Asia/Jakarta,"BMKG representative point: Hegarmanah, Kecamatan Jatinangor",24-09-2026,BMKG,BMKG,04:00,2026-09-24 04:00:00,19.0,87.0,0.0,0.7,0.0,1.7228,Cerah Berawan,Cerah Berawan
jatinangor,"Jatinangor, Sumedang",2026-09-24,32.11.15.2002,Hegarmanah,kecamatan,yes,-6.938,107.7556,Asia/Jakarta,"BMKG representative point: Hegarmanah, Kecamatan Jatinangor",24-09-2026,BMKG,BMKG,05:00,2026-09-24 04:00:00,19.0,87.0,0.0,0.7,60.0,1.2921,Cerah Berawan,Cerah Berawan
jatinangor,"Jatinangor, Sumedang",2026-09-24,32.11.15.2002,Hegarmanah,kecamatan,yes,-6.938,107.7556,Asia/Jakarta,"BMKG representative point: Hegarmanah, Kecamatan Jatinangor",24-09-2026,BMKG,BMKG,06:00,2026-09-24 07:00:00,24.0,61.0,0.0,1.6,60.0,1.2921,Cerah Berawan,Cerah Berawan
jatinangor,"Jatinangor, Sumedang",2026-09-24,32.11.15.2002,Hegarmanah,kecamatan,yes,-6.938,107.7556,Asia/Jakarta,"BMKG representative point: Hegarmanah, Kecamatan Jatinangor",24-09-2026,BMKG,BMKG,07:00,2026-09-24 07:00:00,24.0,61.0,0.0,1.6,0.0,1.7228,Cerah Berawan,Cerah Berawan
jatinangor,"Jatinangor, Sumedang",2026-09-24,32.11.15.2002,Hegarmanah,kecamatan,yes,-6.938,107.7556,Asia/Jakarta,"BMKG representative point: Hegarmanah, Kecamatan Jatinangor",24-09-2026,BMKG,BMKG,08:00,2026-09-24 07:00:00,24.0,61.0,0.0,1.6,60.0,1.2921,Cerah Berawan,Cerah Berawan
jatinangor,"Jatinangor, Sumedang",2026-09-24,32.11.15.2002,Hegarmanah,kecamatan,yes,-6.938,107.7556,Asia/Jakarta,"BMKG representative point: Hegarmanah, Kecamatan Jatinangor",24-09-2026,BMKG,BMKG,09:00,2026-09-24 10:00:00,30.0,44.0,0.0,6.3,60.0,1.2921,Cerah,Cerah
jatinangor,"Jatinangor, Sumedang",2026-09-24,32.11.15.2002,Hegarmanah,kecamatan,yes,-6.938,107.7556,Asia/Jakarta,"BMKG representative point: Hegarmanah, Kecamatan Jatinangor",24-09-2026,BMKG,BMKG,10:00,2026-09-24 10:00:00,30.0,44.0,0.0,6.3,0.0,1.7228,Cerah,Cerah
jatinangor,"Jatinangor, Sumedang",2026-09-24,32.11.15.2002,Hegarmanah,kecamatan,yes,-6.938,107.7556,Asia/Jakarta,"BMKG representative point: Hegarmanah, Kecamatan Jatinangor",24-09-2026,BMKG,BMKG,11:00,2026-09-24 10:00:00,30.0,44.0,0.0,6.3,60.0,1.2921,Cerah,Cerah
jatinangor,"Jatinangor, Sumedang",2026-09-24,32.11.15.2002,Hegarmanah,kecamatan,yes,-6.938,107.7556,Asia/Jakarta,"BMKG representative point: Hegarmanah, Kecamatan Jatinangor",24-09-2026,BMKG,BMKG,12:00,2026-09-24 13:00:00,30.0,47.0,0.0,7.8,60.0,1.2921,Berawan,Berawan
jatinangor,"Jatinangor, Sumedang",2026-09-24,32.11.15.2002,Hegarmanah,kecamatan,yes,-6.938,107.7556,Asia/Jakarta,"BMKG representative point: Hegarmanah, Kecamatan Jatinangor",24-09-2026,BMKG,BMKG,13:00,2026-09-24 13:00:00,30.0,47.0,0.0,7.8,0.0,1.7228,Berawan,Berawan
jatinangor,"Jatinangor, Sumedang",2026-09-24,32.11.15.2002,Hegarmanah,kecamatan,yes,-6.938,107.7556,Asia/Jakarta,"BMKG representative point: Hegarmanah, Kecamatan Jatinangor",24-09-2026,BMKG,BMKG,14:00,2026-09-24 13:00:00,30.0,47.0,0.0,7.8,60.0,1.2921,Berawan,Berawan
jatinangor,"Jatinangor, Sumedang",2026-09-24,32.11.15.2002,Hegarmanah,kecamatan,yes,-6.938,107.7556,Asia/Jakarta,"BMKG representative point: Hegarmanah, Kecamatan Jatinangor",24-09-2026,BMKG,BMKG,15:00,2026-09-24 16:00:00,26.0,50.0,0.0,9.6,60.0,1.2921,Cerah Berawan,Cerah Berawan
jatinangor,"Jatinangor, Sumedang",2026-09-24,32.11.15.2002,Hegarmanah,kecamatan,yes,-6.938,107.7556,Asia/Jakarta,"BMKG representative point: Hegarmanah, Kecamatan Jatinangor",24-09-2026,BMKG,BMKG,16:00,2026-09-24 16:00:00,26.0,50.0,0.0,9.6,0.0,1.7228,Cerah Berawan,Cerah Berawan
jatinangor,"Jatinangor, Sumedang",2026-09-24,32.11.15.2002,Hegarmanah,kecamatan,yes,-6.938,107.7556,Asia/Jakarta,"BMKG representative point: Hegarmanah, Kecamatan Jatinangor",24-09-2026,BMKG,BMKG,17:00,2026-09-24 16:00:00,26.0,50.0,0.0,9.6,60.0,1.2921,Cerah Berawan,Cerah Berawan
jatinangor,"Jatinangor, Sumedang",2026-09-24,32.11.15.2002,Hegarmanah,kecamatan,yes,-6.938,107.7556,Asia/Jakarta,"BMKG representative point: Hegarmanah, Kecamatan Jatinangor",24-09-2026,BMKG,BMKG,18:00,2026-09-24 19:00:00,22.0,69.0,0.0,3.6,60.0,1.2921,Cerah,Cerah
jatinangor,"Jatinangor, Sumedang",2026-09-24,32.11.15.2002,Hegarmanah,kecamatan,yes,-6.938,107.7556,Asia/Jakarta,"BMKG representative point: Hegarmanah, Kecamatan Jatinangor",24-09-2026,BMKG,BMKG,19:00,2026-09-24 19:00:00,22.0,69.0,0.0,3.6,0.0,1.7228,Cerah,Cerah
jatinangor,"Jatinangor, Sumedang",2026-09-24,32.11.15.2002,Hegarmanah,kecamatan,yes,-6.938,107.7556,Asia/Jakarta,"BMKG representative point: Hegarmanah, Kecamatan Jatinangor",24-09-2026,BMKG,BMKG,20:00,2026-09-24 19:00:00,22.0,69.0,0.0,3.6,60.0,1.2921,Cerah,Cerah
jatinangor,"Jatinangor, Sumedang",2026-09-24,32.11.15.2002,Hegarmanah,kecamatan,yes,-6.938,107.7556,Asia/Jakarta,"BMKG representative point: Hegarmanah, Kecamatan Jatinangor",24-09-2026,BMKG,BMKG,21:00,2026-09-24 22:00:00,21.0,78.0,0.0,0.7,60.0,1.2921,Cerah,Cerah
jatinangor,"Jatinangor, Sumedang",2026-09-24,32.11.15.2002,Hegarmanah,kecamatan,yes,-6.938,107.7556,Asia/Jakarta,"BMKG representative point: Hegarmanah, Kecamatan Jatinangor",24-09-2026,BMKG,BMKG,22:00,2026-09-24 22:00:00,21.0,78.0,0.0,0.7,0.0,1.7228,Cerah,Cerah
jatinangor,"Jatinangor, Sumedang",2026-09-24,32.11.15.2002,Hegarmanah,kecamatan,yes,-6.938,107.7556,Asia/Jakarta,"BMKG representative point: Hegarmanah, Kecamatan Jatinangor",24-09-2026,BMKG,BMKG,23:00,2026-09-24 22:00:00,21.0,78.0,0.0,0.7,60.0,1.2921,Cerah,Cerah
jatinangor,"Jatinangor, Sumedang",2026-09-24,32.11.15.2002,Hegarmanah,kecamatan,yes,-6.938,107.7556,Asia/Jakarta,"BMKG representative point: Hegarmanah, Kecamatan Jatinangor",24-09-2026,CMA,Open-Meteo / CMA GRAPES,00:00,2026-09-24 00:00:00,21.6,91.0,0.0,2.4,0.0,1.1401,Cerah,wmo:0
jatinangor,"Jatinangor, Sumedang",2026-09-24,32.11.15.2002,Hegarmanah,kecamatan,yes,-6.938,107.7556,Asia/Jakarta,"BMKG representative point: Hegarmanah, Kecamatan Jatinangor",24-09-2026,CMA,Open-Meteo / CMA GRAPES,01:00,2026-09-24 01:00:00,21.7,89.0,0.0,3.4,0.0,1.1401,Cerah,wmo:0
jatinangor,"Jatinangor, Sumedang",2026-09-24,32.11.15.2002,Hegarmanah,kecamatan,yes,-6.938,107.7556,Asia/Jakarta,"BMKG representative point: Hegarmanah, Kecamatan Jatinangor",24-09-2026,CMA,Open-Meteo / CMA GRAPES,02:00,2026-09-24 02:00:00,21.4,86.0,0.0,3.4,0.0,1.1401,Cerah,wmo:0
jatinangor,"Jatinangor, Sumedang",2026-09-24,32.11.15.2002,Hegarmanah,kecamatan,yes,-6.938,107.7556,Asia/Jakarta,"BMKG representative point: Hegarmanah, Kecamatan Jatinangor",24-09-2026,CMA,Open-Meteo / CMA GRAPES,03:00,2026-09-24 03:00:00,20.9,82.0,0.0,3.4,0.0,1.1401,Cerah,wmo:0
jatinangor,"Jatinangor, Sumedang",2026-09-24,32.11.15.2002,Hegarmanah,kecamatan,yes,-6.938,107.7556,Asia/Jakarta,"BMKG representative point: Hegarmanah, Kecamatan Jatinangor",24-09-2026,CMA,Open-Meteo / CMA GRAPES,04:00,2026-09-24 04:00:00,20.7,77.0,0.0,3.4,0.0,1.1401,Cerah,wmo:0
jatinangor,"Jatinangor, Sumedang",2026-09-24,32.11.15.2002,Hegarmanah,kecamatan,yes,-6.938,107.7556,Asia/Jakarta,"BMKG representative point: Hegarmanah, Kecamatan Jatinangor",24-09-2026,CMA,Open-Meteo / CMA GRAPES,05:00,2026-09-24 05:00:00,21.0,70.0,0.0,4.2,0.0,1.1401,Cerah,wmo:0
jatinangor,"Jatinangor, Sumedang",2026-09-24,32.11.15.2002,Hegarmanah,kecamatan,yes,-6.938,107.7556,Asia/Jakarta,"BMKG representative point: Hegarmanah, Kecamatan Jatinangor",24-09-2026,CMA,Open-Meteo / CMA GRAPES,06:00,2026-09-24 06:00:00,21.6,63.0,0.0,5.6,0.0,1.1401,Cerah,wmo:0
jatinangor,"Jatinangor, Sumedang",2026-09-24,32.11.15.2002,Hegarmanah,kecamatan,yes,-6.938,107.7556,Asia/Jakarta,"BMKG representative point: Hegarmanah, Kecamatan Jatinangor",24-09-2026,CMA,Open-Meteo / CMA GRAPES,07:00,2026-09-24 07:00:00,22.4,57.0,0.0,6.2,0.0,1.1401,Cerah,wmo:0
jatinangor,"Jatinangor, Sumedang",2026-09-24,32.11.15.2002,Hegarmanah,kecamatan,yes,-6.938,107.7556,Asia/Jakarta,"BMKG representative point: Hegarmanah, Kecamatan Jatinangor",24-09-2026,CMA,Open-Meteo / CMA GRAPES,08:00,2026-09-24 08:00:00,23.6,54.0,0.0,6.8,0.0,1.1401,Cerah,wmo:0
jatinangor,"Jatinangor, Sumedang",2026-09-24,32.11.15.2002,Hegarmanah,kecamatan,yes,-6.938,107.7556,Asia/Jakarta,"BMKG representative point: Hegarmanah, Kecamatan Jatinangor",24-09-2026,CMA,Open-Meteo / CMA GRAPES,09:00,2026-09-24 09:00:00,25.1,52.0,0.0,8.7,0.0,1.1401,Cerah,wmo:0
jatinangor,"Jatinangor, Sumedang",2026-09-24,32.11.15.2002,Hegarmanah,kecamatan,yes,-6.938,107.7556,Asia/Jakarta,"BMKG representative point: Hegarmanah, Kecamatan Jatinangor",24-09-2026,CMA,Open-Meteo / CMA GRAPES,10:00,2026-09-24 10:00:00,26.5,50.0,0.0,10.5,0.0,1.1401,Cerah,wmo:0
jatinangor,"Jatinangor, Sumedang",2026-09-24,32.11.15.2002,Hegarmanah,kecamatan,yes,-6.938,107.7556,Asia/Jakarta,"BMKG representative point: Hegarmanah, Kecamatan Jatinangor",24-09-2026,CMA,Open-Meteo / CMA GRAPES,11:00,2026-09-24 11:00:00,27.7,47.0,0.0,10.6,0.0,1.1401,Cerah,wmo:0
jatinangor,"Jatinangor, Sumedang",2026-09-24,32.11.15.2002,Hegarmanah,kecamatan,yes,-6.938,107.7556,Asia/Jakarta,"BMKG representative point: Hegarmanah, Kecamatan Jatinangor",24-09-2026,CMA,Open-Meteo / CMA GRAPES,12:00,2026-09-24 12:00:00,28.9,45.0,0.0,10.4,0.0,1.1401,Cerah,wmo:0
jatinangor,"Jatinangor, Sumedang",2026-09-24,32.11.15.2002,Hegarmanah,kecamatan,yes,-6.938,107.7556,Asia/Jakarta,"BMKG representative point: Hegarmanah, Kecamatan Jatinangor",24-09-2026,CMA,Open-Meteo / CMA GRAPES,13:00,2026-09-24 13:00:00,29.5,45.0,0.0,11.7,0.0,1.1401,Cerah,wmo:0
jatinangor,"Jatinangor, Sumedang",2026-09-24,32.11.15.2002,Hegarmanah,kecamatan,yes,-6.938,107.7556,Asia/Jakarta,"BMKG representative point: Hegarmanah, Kecamatan Jatinangor",24-09-2026,CMA,Open-Meteo / CMA GRAPES,14:00,2026-09-24 14:00:00,29.3,50.0,0.0,14.2,0.0,1.1401,Cerah,wmo:0
jatinangor,"Jatinangor, Sumedang",2026-09-24,32.11.15.2002,Hegarmanah,kecamatan,yes,-6.938,107.7556,Asia/Jakarta,"BMKG representative point: Hegarmanah, Kecamatan Jatinangor",24-09-2026,CMA,Open-Meteo / CMA GRAPES,15:00,2026-09-24 15:00:00,28.6,58.0,0.0,16.8,0.0,1.1401,Cerah,wmo:0
jatinangor,"Jatinangor, Sumedang",2026-09-24,32.11.15.2002,Hegarmanah,kecamatan,yes,-6.938,107.7556,Asia/Jakarta,"BMKG representative point: Hegarmanah, Kecamatan Jatinangor",24-09-2026,CMA,Open-Meteo / CMA GRAPES,16:00,2026-09-24 16:00:00,27.7,66.0,0.0,17.4,0.0,1.1401,Cerah Berawan,wmo:1
jatinangor,"Jatinangor, Sumedang",2026-09-24,32.11.15.2002,Hegarmanah,kecamatan,yes,-6.938,107.7556,Asia/Jakarta,"BMKG representative point: Hegarmanah, Kecamatan Jatinangor",24-09-2026,CMA,Open-Meteo / CMA GRAPES,17:00,2026-09-24 17:00:00,26.7,74.0,0.0,14.6,0.0,1.1401,Cerah,wmo:0
jatinangor,"Jatinangor, Sumedang",2026-09-24,32.11.15.2002,Hegarmanah,kecamatan,yes,-6.938,107.7556,Asia/Jakarta,"BMKG representative point: Hegarmanah, Kecamatan Jatinangor",24-09-2026,CMA,Open-Meteo / CMA GRAPES,18:00,2026-09-24 18:00:00,25.4,83.0,0.0,10.3,0.0,1.1401,Cerah,wmo:0
jatinangor,"Jatinangor, Sumedang",2026-09-24,32.11.15.2002,Hegarmanah,kecamatan,yes,-6.938,107.7556,Asia/Jakarta,"BMKG representative point: Hegarmanah, Kecamatan Jatinangor",24-09-2026,CMA,Open-Meteo / CMA GRAPES,19:00,2026-09-24 19:00:00,24.4,89.0,0.0,7.4,0.0,1.1401,Cerah,wmo:0
jatinangor,"Jatinangor, Sumedang",2026-09-24,32.11.15.2002,Hegarmanah,kecamatan,yes,-6.938,107.7556,Asia/Jakarta,"BMKG representative point: Hegarmanah, Kecamatan Jatinangor",24-09-2026,CMA,Open-Meteo / CMA GRAPES,20:00,2026-09-24 20:00:00,23.9,92.0,0.1,5.8,0.0,1.1401,Hujan Ringan,wmo:51
jatinangor,"Jatinangor, Sumedang",2026-09-24,32.11.15.2002,Hegarmanah,kecamatan,yes,-6.938,107.7556,Asia/Jakarta,"BMKG representative point: Hegarmanah, Kecamatan Jatinangor",24-09-2026,CMA,Open-Meteo / CMA GRAPES,21:00,2026-09-24 21:00:00,23.6,93.0,0.1,5.0,0.0,1.1401,Hujan Ringan,wmo:51
jatinangor,"Jatinangor, Sumedang",2026-09-24,32.11.15.2002,Hegarmanah,kecamatan,yes,-6.938,107.7556,Asia/Jakarta,"BMKG representative point: Hegarmanah, Kecamatan Jatinangor",24-09-2026,CMA,Open-Meteo / CMA GRAPES,22:00,2026-09-24 22:00:00,23.3,94.0,0.1,4.1,0.0,1.1401,Hujan Ringan,wmo:51
jatinangor,"Jatinangor, Sumedang",2026-09-24,32.11.15.2002,Hegarmanah,kecamatan,yes,-6.938,107.7556,Asia/Jakarta,"BMKG representative point: Hegarmanah, Kecamatan Jatinangor",24-09-2026,CMA,Open-Meteo / CMA GRAPES,23:00,2026-09-24 23:00:00,22.9,95.0,0.0,3.6,0.0,1.1401,Berawan,wmo:45
jatinangor,"Jatinangor, Sumedang",2026-09-24,32.11.15.2002,Hegarmanah,kecamatan,yes,-6.938,107.7556,Asia/Jakarta,"BMKG representative point: Hegarmanah, Kecamatan Jatinangor",24-09-2026,ECMWF,Open-Meteo / ECMWF,00:00,2026-09-24 00:00:00,20.6,84.0,0.0,2.6,0.0,1.7269,Cerah Berawan,wmo:2
jatinangor,"Jatinangor, Sumedang",2026-09-24,32.11.15.2002,Hegarmanah,kecamatan,yes,-6.938,107.7556,Asia/Jakarta,"BMKG representative point: Hegarmanah, Kecamatan Jatinangor",24-09-2026,ECMWF,Open-Meteo / ECMWF,01:00,2026-09-24 01:00:00,20.0,86.0,0.0,2.2,0.0,1.7269,Berawan,wmo:3
jatinangor,"Jatinangor, Sumedang",2026-09-24,32.11.15.2002,Hegarmanah,kecamatan,yes,-6.938,107.7556,Asia/Jakarta,"BMKG representative point: Hegarmanah, Kecamatan Jatinangor",24-09-2026,ECMWF,Open-Meteo / ECMWF,02:00,2026-09-24 02:00:00,19.3,88.0,0.0,2.2,0.0,1.7269,Berawan,wmo:3
jatinangor,"Jatinangor, Sumedang",2026-09-24,32.11.15.2002,Hegarmanah,kecamatan,yes,-6.938,107.7556,Asia/Jakarta,"BMKG representative point: Hegarmanah, Kecamatan Jatinangor",24-09-2026,ECMWF,Open-Meteo / ECMWF,03:00,2026-09-24 03:00:00,18.7,89.0,0.0,2.2,0.0,1.7269,Berawan,wmo:3
jatinangor,"Jatinangor, Sumedang",2026-09-24,32.11.15.2002,Hegarmanah,kecamatan,yes,-6.938,107.7556,Asia/Jakarta,"BMKG representative point: Hegarmanah, Kecamatan Jatinangor",24-09-2026,ECMWF,Open-Meteo / ECMWF,04:00,2026-09-24 04:00:00,18.6,89.0,0.0,2.3,0.0,1.7269,Cerah Berawan,wmo:2
jatinangor,"Jatinangor, Sumedang",2026-09-24,32.11.15.2002,Hegarmanah,kecamatan,yes,-6.938,107.7556,Asia/Jakarta,"BMKG representative point: Hegarmanah, Kecamatan Jatinangor",24-09-2026,ECMWF,Open-Meteo / ECMWF,05:00,2026-09-24 05:00:00,19.1,86.0,0.0,2.7,0.0,1.7269,Cerah Berawan,wmo:2
jatinangor,"Jatinangor, Sumedang",2026-09-24,32.11.15.2002,Hegarmanah,kecamatan,yes,-6.938,107.7556,Asia/Jakarta,"BMKG representative point: Hegarmanah, Kecamatan Jatinangor",24-09-2026,ECMWF,Open-Meteo / ECMWF,06:00,2026-09-24 06:00:00,20.2,81.0,0.0,3.1,0.0,1.7269,Cerah Berawan,wmo:2
jatinangor,"Jatinangor, Sumedang",2026-09-24,32.11.15.2002,Hegarmanah,kecamatan,yes,-6.938,107.7556,Asia/Jakarta,"BMKG representative point: Hegarmanah, Kecamatan Jatinangor",24-09-2026,ECMWF,Open-Meteo / ECMWF,07:00,2026-09-24 07:00:00,21.7,74.0,0.0,3.8,0.0,1.7269,Cerah Berawan,wmo:2
jatinangor,"Jatinangor, Sumedang",2026-09-24,32.11.15.2002,Hegarmanah,kecamatan,yes,-6.938,107.7556,Asia/Jakarta,"BMKG representative point: Hegarmanah, Kecamatan Jatinangor",24-09-2026,ECMWF,Open-Meteo / ECMWF,08:00,2026-09-24 08:00:00,23.9,64.0,0.0,4.3,0.0,1.7269,Cerah Berawan,wmo:2
jatinangor,"Jatinangor, Sumedang",2026-09-24,32.11.15.2002,Hegarmanah,kecamatan,yes,-6.938,107.7556,Asia/Jakarta,"BMKG representative point: Hegarmanah, Kecamatan Jatinangor",24-09-2026,ECMWF,Open-Meteo / ECMWF,09:00,2026-09-24 09:00:00,26.7,52.0,0.0,5.4,0.0,1.7269,Cerah Berawan,wmo:1
jatinangor,"Jatinangor, Sumedang",2026-09-24,32.11.15.2002,Hegarmanah,kecamatan,yes,-6.938,107.7556,Asia/Jakarta,"BMKG representative point: Hegarmanah, Kecamatan Jatinangor",24-09-2026,ECMWF,Open-Meteo / ECMWF,10:00,2026-09-24 10:00:00,29.0,43.0,0.0,5.5,0.0,1.7269,Cerah,wmo:0
jatinangor,"Jatinangor, Sumedang",2026-09-24,32.11.15.2002,Hegarmanah,kecamatan,yes,-6.938,107.7556,Asia/Jakarta,"BMKG representative point: Hegarmanah, Kecamatan Jatinangor",24-09-2026,ECMWF,Open-Meteo / ECMWF,11:00,2026-09-24 11:00:00,30.7,39.0,0.0,4.0,0.0,1.7269,Cerah,wmo:0
jatinangor,"Jatinangor, Sumedang",2026-09-24,32.11.15.2002,Hegarmanah,kecamatan,yes,-6.938,107.7556,Asia/Jakarta,"BMKG representative point: Hegarmanah, Kecamatan Jatinangor",24-09-2026,ECMWF,Open-Meteo / ECMWF,12:00,2026-09-24 12:00:00,32.0,38.0,0.0,2.9,0.0,1.7269,Cerah Berawan,wmo:1
jatinangor,"Jatinangor, Sumedang",2026-09-24,32.11.15.2002,Hegarmanah,kecamatan,yes,-6.938,107.7556,Asia/Jakarta,"BMKG representative point: Hegarmanah, Kecamatan Jatinangor",24-09-2026,ECMWF,Open-Meteo / ECMWF,13:00,2026-09-24 13:00:00,32.4,39.0,0.0,2.5,0.0,1.7269,Cerah Berawan,wmo:1
jatinangor,"Jatinangor, Sumedang",2026-09-24,32.11.15.2002,Hegarmanah,kecamatan,yes,-6.938,107.7556,Asia/Jakarta,"BMKG representative point: Hegarmanah, Kecamatan Jatinangor",24-09-2026,ECMWF,Open-Meteo / ECMWF,14:00,2026-09-24 14:00:00,31.5,43.0,0.3,1.5,0.0,1.7269,Hujan Ringan,wmo:51
jatinangor,"Jatinangor, Sumedang",2026-09-24,32.11.15.2002,Hegarmanah,kecamatan,yes,-6.938,107.7556,Asia/Jakarta,"BMKG representative point: Hegarmanah, Kecamatan Jatinangor",24-09-2026,ECMWF,Open-Meteo / ECMWF,15:00,2026-09-24 15:00:00,29.7,49.0,0.3,3.5,0.0,1.7269,Hujan Ringan,wmo:51
jatinangor,"Jatinangor, Sumedang",2026-09-24,32.11.15.2002,Hegarmanah,kecamatan,yes,-6.938,107.7556,Asia/Jakarta,"BMKG representative point: Hegarmanah, Kecamatan Jatinangor",24-09-2026,ECMWF,Open-Meteo / ECMWF,16:00,2026-09-24 16:00:00,28.1,54.0,0.3,5.3,0.0,1.7269,Hujan Ringan,wmo:51
jatinangor,"Jatinangor, Sumedang",2026-09-24,32.11.15.2002,Hegarmanah,kecamatan,yes,-6.938,107.7556,Asia/Jakarta,"BMKG representative point: Hegarmanah, Kecamatan Jatinangor",24-09-2026,ECMWF,Open-Meteo / ECMWF,17:00,2026-09-24 17:00:00,26.9,57.0,0.0,5.2,0.0,1.7269,Berawan,wmo:3
jatinangor,"Jatinangor, Sumedang",2026-09-24,32.11.15.2002,Hegarmanah,kecamatan,yes,-6.938,107.7556,Asia/Jakarta,"BMKG representative point: Hegarmanah, Kecamatan Jatinangor",24-09-2026,ECMWF,Open-Meteo / ECMWF,18:00,2026-09-24 18:00:00,25.8,60.0,0.0,5.1,0.0,1.7269,Berawan,wmo:3
jatinangor,"Jatinangor, Sumedang",2026-09-24,32.11.15.2002,Hegarmanah,kecamatan,yes,-6.938,107.7556,Asia/Jakarta,"BMKG representative point: Hegarmanah, Kecamatan Jatinangor",24-09-2026,ECMWF,Open-Meteo / ECMWF,19:00,2026-09-24 19:00:00,24.9,63.0,0.0,5.2,0.0,1.7269,Berawan,wmo:3
jatinangor,"Jatinangor, Sumedang",2026-09-24,32.11.15.2002,Hegarmanah,kecamatan,yes,-6.938,107.7556,Asia/Jakarta,"BMKG representative point: Hegarmanah, Kecamatan Jatinangor",24-09-2026,ECMWF,Open-Meteo / ECMWF,20:00,2026-09-24 20:00:00,24.0,68.0,0.0,4.2,0.0,1.7269,Berawan,wmo:3
jatinangor,"Jatinangor, Sumedang",2026-09-24,32.11.15.2002,Hegarmanah,kecamatan,yes,-6.938,107.7556,Asia/Jakarta,"BMKG representative point: Hegarmanah, Kecamatan Jatinangor",24-09-2026,ECMWF,Open-Meteo / ECMWF,21:00,2026-09-24 21:00:00,23.2,73.0,0.0,2.9,0.0,1.7269,Berawan,wmo:3
jatinangor,"Jatinangor, Sumedang",2026-09-24,32.11.15.2002,Hegarmanah,kecamatan,yes,-6.938,107.7556,Asia/Jakarta,"BMKG representative point: Hegarmanah, Kecamatan Jatinangor",24-09-2026,ECMWF,Open-Meteo / ECMWF,22:00,2026-09-24 22:00:00,22.5,78.0,0.0,2.6,0.0,1.7269,Berawan,wmo:3
jatinangor,"Jatinangor, Sumedang",2026-09-24,32.11.15.2002,Hegarmanah,kecamatan,yes,-6.938,107.7556,Asia/Jakarta,"BMKG representative point: Hegarmanah, Kecamatan Jatinangor",24-09-2026,ECMWF,Open-Meteo / ECMWF,23:00,2026-09-24 23:00:00,22.0,81.0,0.0,2.0,0.0,1.7269,Cerah Berawan,wmo:2
jatinangor,"Jatinangor, Sumedang",2026-09-24,32.11.15.2002,Hegarmanah,kecamatan,yes,-6.938,107.7556,Asia/Jakarta,"BMKG representative point: Hegarmanah, Kecamatan Jatinangor",24-09-2026,GFS,Open-Meteo / NOAA GFS,00:00,2026-09-24 00:00:00,19.0,79.0,0.0,3.4,0.0,1.3882,Cerah Berawan,wmo:1
jatinangor,"Jatinangor, Sumedang",2026-09-24,32.11.15.2002,Hegarmanah,kecamatan,yes,-6.938,107.7556,Asia/Jakarta,"BMKG representative point: Hegarmanah, Kecamatan Jatinangor",24-09-2026,GFS,Open-Meteo / NOAA GFS,01:00,2026-09-24 01:00:00,18.7,80.0,0.0,2.6,0.0,1.3882,Berawan,wmo:3
jatinangor,"Jatinangor, Sumedang",2026-09-24,32.11.15.2002,Hegarmanah,kecamatan,yes,-6.938,107.7556,Asia/Jakarta,"BMKG representative point: Hegarmanah, Kecamatan Jatinangor",24-09-2026,GFS,Open-Meteo / NOAA GFS,02:00,2026-09-24 02:00:00,18.5,81.0,0.0,2.6,0.0,1.3882,Berawan,wmo:3
jatinangor,"Jatinangor, Sumedang",2026-09-24,32.11.15.2002,Hegarmanah,kecamatan,yes,-6.938,107.7556,Asia/Jakarta,"BMKG representative point: Hegarmanah, Kecamatan Jatinangor",24-09-2026,GFS,Open-Meteo / NOAA GFS,03:00,2026-09-24 03:00:00,18.3,82.0,0.0,2.9,0.0,1.3882,Cerah,wmo:0
jatinangor,"Jatinangor, Sumedang",2026-09-24,32.11.15.2002,Hegarmanah,kecamatan,yes,-6.938,107.7556,Asia/Jakarta,"BMKG representative point: Hegarmanah, Kecamatan Jatinangor",24-09-2026,GFS,Open-Meteo / NOAA GFS,04:00,2026-09-24 04:00:00,18.0,83.0,0.0,3.8,0.0,1.3882,Cerah Berawan,wmo:2
jatinangor,"Jatinangor, Sumedang",2026-09-24,32.11.15.2002,Hegarmanah,kecamatan,yes,-6.938,107.7556,Asia/Jakarta,"BMKG representative point: Hegarmanah, Kecamatan Jatinangor",24-09-2026,GFS,Open-Meteo / NOAA GFS,05:00,2026-09-24 05:00:00,17.8,83.0,0.0,4.0,0.0,1.3882,Cerah Berawan,wmo:1
jatinangor,"Jatinangor, Sumedang",2026-09-24,32.11.15.2002,Hegarmanah,kecamatan,yes,-6.938,107.7556,Asia/Jakarta,"BMKG representative point: Hegarmanah, Kecamatan Jatinangor",24-09-2026,GFS,Open-Meteo / NOAA GFS,06:00,2026-09-24 06:00:00,18.3,80.0,0.0,4.3,0.0,1.3882,Cerah,wmo:0
jatinangor,"Jatinangor, Sumedang",2026-09-24,32.11.15.2002,Hegarmanah,kecamatan,yes,-6.938,107.7556,Asia/Jakarta,"BMKG representative point: Hegarmanah, Kecamatan Jatinangor",24-09-2026,GFS,Open-Meteo / NOAA GFS,07:00,2026-09-24 07:00:00,22.3,60.0,0.0,4.4,0.0,1.3882,Cerah Berawan,wmo:1
jatinangor,"Jatinangor, Sumedang",2026-09-24,32.11.15.2002,Hegarmanah,kecamatan,yes,-6.938,107.7556,Asia/Jakarta,"BMKG representative point: Hegarmanah, Kecamatan Jatinangor",24-09-2026,GFS,Open-Meteo / NOAA GFS,08:00,2026-09-24 08:00:00,26.3,44.0,0.0,5.4,0.0,1.3882,Cerah Berawan,wmo:2
jatinangor,"Jatinangor, Sumedang",2026-09-24,32.11.15.2002,Hegarmanah,kecamatan,yes,-6.938,107.7556,Asia/Jakarta,"BMKG representative point: Hegarmanah, Kecamatan Jatinangor",24-09-2026,GFS,Open-Meteo / NOAA GFS,09:00,2026-09-24 09:00:00,29.2,34.0,0.0,6.6,0.0,1.3882,Cerah Berawan,wmo:2
jatinangor,"Jatinangor, Sumedang",2026-09-24,32.11.15.2002,Hegarmanah,kecamatan,yes,-6.938,107.7556,Asia/Jakarta,"BMKG representative point: Hegarmanah, Kecamatan Jatinangor",24-09-2026,GFS,Open-Meteo / NOAA GFS,10:00,2026-09-24 10:00:00,31.5,29.0,0.0,6.9,0.0,1.3882,Cerah Berawan,wmo:2
jatinangor,"Jatinangor, Sumedang",2026-09-24,32.11.15.2002,Hegarmanah,kecamatan,yes,-6.938,107.7556,Asia/Jakarta,"BMKG representative point: Hegarmanah, Kecamatan Jatinangor",24-09-2026,GFS,Open-Meteo / NOAA GFS,11:00,2026-09-24 11:00:00,33.3,26.0,0.0,7.4,0.0,1.3882,Berawan,wmo:3
jatinangor,"Jatinangor, Sumedang",2026-09-24,32.11.15.2002,Hegarmanah,kecamatan,yes,-6.938,107.7556,Asia/Jakarta,"BMKG representative point: Hegarmanah, Kecamatan Jatinangor",24-09-2026,GFS,Open-Meteo / NOAA GFS,12:00,2026-09-24 12:00:00,34.3,24.0,0.0,10.2,0.0,1.3882,Cerah Berawan,wmo:1
jatinangor,"Jatinangor, Sumedang",2026-09-24,32.11.15.2002,Hegarmanah,kecamatan,yes,-6.938,107.7556,Asia/Jakarta,"BMKG representative point: Hegarmanah, Kecamatan Jatinangor",24-09-2026,GFS,Open-Meteo / NOAA GFS,13:00,2026-09-24 13:00:00,34.8,24.0,0.0,12.7,0.0,1.3882,Berawan,wmo:3
jatinangor,"Jatinangor, Sumedang",2026-09-24,32.11.15.2002,Hegarmanah,kecamatan,yes,-6.938,107.7556,Asia/Jakarta,"BMKG representative point: Hegarmanah, Kecamatan Jatinangor",24-09-2026,GFS,Open-Meteo / NOAA GFS,14:00,2026-09-24 14:00:00,34.8,25.0,0.0,13.2,0.0,1.3882,Berawan,wmo:3
jatinangor,"Jatinangor, Sumedang",2026-09-24,32.11.15.2002,Hegarmanah,kecamatan,yes,-6.938,107.7556,Asia/Jakarta,"BMKG representative point: Hegarmanah, Kecamatan Jatinangor",24-09-2026,GFS,Open-Meteo / NOAA GFS,15:00,2026-09-24 15:00:00,32.3,30.0,0.0,16.9,0.0,1.3882,Berawan,wmo:3
jatinangor,"Jatinangor, Sumedang",2026-09-24,32.11.15.2002,Hegarmanah,kecamatan,yes,-6.938,107.7556,Asia/Jakarta,"BMKG representative point: Hegarmanah, Kecamatan Jatinangor",24-09-2026,GFS,Open-Meteo / NOAA GFS,16:00,2026-09-24 16:00:00,29.6,40.0,0.0,16.9,0.0,1.3882,Berawan,wmo:3
jatinangor,"Jatinangor, Sumedang",2026-09-24,32.11.15.2002,Hegarmanah,kecamatan,yes,-6.938,107.7556,Asia/Jakarta,"BMKG representative point: Hegarmanah, Kecamatan Jatinangor",24-09-2026,GFS,Open-Meteo / NOAA GFS,17:00,2026-09-24 17:00:00,27.8,49.0,0.0,9.4,0.0,1.3882,Berawan,wmo:3
jatinangor,"Jatinangor, Sumedang",2026-09-24,32.11.15.2002,Hegarmanah,kecamatan,yes,-6.938,107.7556,Asia/Jakarta,"BMKG representative point: Hegarmanah, Kecamatan Jatinangor",24-09-2026,GFS,Open-Meteo / NOAA GFS,18:00,2026-09-24 18:00:00,26.2,56.0,0.0,6.4,0.0,1.3882,Berawan,wmo:3
jatinangor,"Jatinangor, Sumedang",2026-09-24,32.11.15.2002,Hegarmanah,kecamatan,yes,-6.938,107.7556,Asia/Jakarta,"BMKG representative point: Hegarmanah, Kecamatan Jatinangor",24-09-2026,GFS,Open-Meteo / NOAA GFS,19:00,2026-09-24 19:00:00,25.1,62.0,0.0,5.7,0.0,1.3882,Berawan,wmo:3
jatinangor,"Jatinangor, Sumedang",2026-09-24,32.11.15.2002,Hegarmanah,kecamatan,yes,-6.938,107.7556,Asia/Jakarta,"BMKG representative point: Hegarmanah, Kecamatan Jatinangor",24-09-2026,GFS,Open-Meteo / NOAA GFS,20:00,2026-09-24 20:00:00,23.9,67.0,0.0,5.8,0.0,1.3882,Berawan,wmo:3
jatinangor,"Jatinangor, Sumedang",2026-09-24,32.11.15.2002,Hegarmanah,kecamatan,yes,-6.938,107.7556,Asia/Jakarta,"BMKG representative point: Hegarmanah, Kecamatan Jatinangor",24-09-2026,GFS,Open-Meteo / NOAA GFS,21:00,2026-09-24 21:00:00,23.1,71.0,0.0,4.8,0.0,1.3882,Berawan,wmo:3
jatinangor,"Jatinangor, Sumedang",2026-09-24,32.11.15.2002,Hegarmanah,kecamatan,yes,-6.938,107.7556,Asia/Jakarta,"BMKG representative point: Hegarmanah, Kecamatan Jatinangor",24-09-2026,GFS,Open-Meteo / NOAA GFS,22:00,2026-09-24 22:00:00,20.9,80.0,0.0,3.3,0.0,1.3882,Cerah Berawan,wmo:2
jatinangor,"Jatinangor, Sumedang",2026-09-24,32.11.15.2002,Hegarmanah,kecamatan,yes,-6.938,107.7556,Asia/Jakarta,"BMKG representative point: Hegarmanah, Kecamatan Jatinangor",24-09-2026,GFS,Open-Meteo / NOAA GFS,23:00,2026-09-24 23:00:00,20.3,83.0,0.0,3.1,0.0,1.3882,Cerah Berawan,wmo:2
jatinangor,"Jatinangor, Sumedang",2026-09-24,32.11.15.2002,Hegarmanah,kecamatan,yes,-6.938,107.7556,Asia/Jakarta,"BMKG representative point: Hegarmanah, Kecamatan Jatinangor",24-09-2026,ICON,Open-Meteo / DWD ICON,00:00,2026-09-24 00:00:00,20.3,72.0,0.0,5.6,0.0,1.4444,Cerah Berawan,wmo:2
jatinangor,"Jatinangor, Sumedang",2026-09-24,32.11.15.2002,Hegarmanah,kecamatan,yes,-6.938,107.7556,Asia/Jakarta,"BMKG representative point: Hegarmanah, Kecamatan Jatinangor",24-09-2026,ICON,Open-Meteo / DWD ICON,01:00,2026-09-24 01:00:00,19.4,72.0,0.0,5.4,0.0,1.4444,Cerah Berawan,wmo:1
jatinangor,"Jatinangor, Sumedang",2026-09-24,32.11.15.2002,Hegarmanah,kecamatan,yes,-6.938,107.7556,Asia/Jakarta,"BMKG representative point: Hegarmanah, Kecamatan Jatinangor",24-09-2026,ICON,Open-Meteo / DWD ICON,02:00,2026-09-24 02:00:00,18.7,74.0,0.0,5.4,0.0,1.4444,Cerah Berawan,wmo:2
jatinangor,"Jatinangor, Sumedang",2026-09-24,32.11.15.2002,Hegarmanah,kecamatan,yes,-6.938,107.7556,Asia/Jakarta,"BMKG representative point: Hegarmanah, Kecamatan Jatinangor",24-09-2026,ICON,Open-Meteo / DWD ICON,03:00,2026-09-24 03:00:00,18.2,77.0,0.0,5.1,0.0,1.4444,Cerah Berawan,wmo:2
jatinangor,"Jatinangor, Sumedang",2026-09-24,32.11.15.2002,Hegarmanah,kecamatan,yes,-6.938,107.7556,Asia/Jakarta,"BMKG representative point: Hegarmanah, Kecamatan Jatinangor",24-09-2026,ICON,Open-Meteo / DWD ICON,04:00,2026-09-24 04:00:00,17.9,80.0,0.0,4.8,0.0,1.4444,Cerah Berawan,wmo:1
jatinangor,"Jatinangor, Sumedang",2026-09-24,32.11.15.2002,Hegarmanah,kecamatan,yes,-6.938,107.7556,Asia/Jakarta,"BMKG representative point: Hegarmanah, Kecamatan Jatinangor",24-09-2026,ICON,Open-Meteo / DWD ICON,05:00,2026-09-24 05:00:00,17.4,83.0,0.0,4.3,0.0,1.4444,Cerah Berawan,wmo:1
jatinangor,"Jatinangor, Sumedang",2026-09-24,32.11.15.2002,Hegarmanah,kecamatan,yes,-6.938,107.7556,Asia/Jakarta,"BMKG representative point: Hegarmanah, Kecamatan Jatinangor",24-09-2026,ICON,Open-Meteo / DWD ICON,06:00,2026-09-24 06:00:00,17.1,86.0,0.0,4.4,0.0,1.4444,Cerah,wmo:0
jatinangor,"Jatinangor, Sumedang",2026-09-24,32.11.15.2002,Hegarmanah,kecamatan,yes,-6.938,107.7556,Asia/Jakarta,"BMKG representative point: Hegarmanah, Kecamatan Jatinangor",24-09-2026,ICON,Open-Meteo / DWD ICON,07:00,2026-09-24 07:00:00,20.0,79.0,0.0,2.5,0.0,1.4444,Cerah,wmo:0
jatinangor,"Jatinangor, Sumedang",2026-09-24,32.11.15.2002,Hegarmanah,kecamatan,yes,-6.938,107.7556,Asia/Jakarta,"BMKG representative point: Hegarmanah, Kecamatan Jatinangor",24-09-2026,ICON,Open-Meteo / DWD ICON,08:00,2026-09-24 08:00:00,24.8,57.0,0.0,3.3,0.0,1.4444,Cerah,wmo:0
jatinangor,"Jatinangor, Sumedang",2026-09-24,32.11.15.2002,Hegarmanah,kecamatan,yes,-6.938,107.7556,Asia/Jakarta,"BMKG representative point: Hegarmanah, Kecamatan Jatinangor",24-09-2026,ICON,Open-Meteo / DWD ICON,09:00,2026-09-24 09:00:00,27.5,43.0,0.0,4.8,0.0,1.4444,Cerah,wmo:0
jatinangor,"Jatinangor, Sumedang",2026-09-24,32.11.15.2002,Hegarmanah,kecamatan,yes,-6.938,107.7556,Asia/Jakarta,"BMKG representative point: Hegarmanah, Kecamatan Jatinangor",24-09-2026,ICON,Open-Meteo / DWD ICON,10:00,2026-09-24 10:00:00,29.8,39.0,0.0,5.6,0.0,1.4444,Cerah Berawan,wmo:1
jatinangor,"Jatinangor, Sumedang",2026-09-24,32.11.15.2002,Hegarmanah,kecamatan,yes,-6.938,107.7556,Asia/Jakarta,"BMKG representative point: Hegarmanah, Kecamatan Jatinangor",24-09-2026,ICON,Open-Meteo / DWD ICON,11:00,2026-09-24 11:00:00,31.5,40.0,0.0,6.6,0.0,1.4444,Cerah,wmo:0
jatinangor,"Jatinangor, Sumedang",2026-09-24,32.11.15.2002,Hegarmanah,kecamatan,yes,-6.938,107.7556,Asia/Jakarta,"BMKG representative point: Hegarmanah, Kecamatan Jatinangor",24-09-2026,ICON,Open-Meteo / DWD ICON,12:00,2026-09-24 12:00:00,32.5,39.0,0.0,6.4,0.0,1.4444,Cerah Berawan,wmo:1
jatinangor,"Jatinangor, Sumedang",2026-09-24,32.11.15.2002,Hegarmanah,kecamatan,yes,-6.938,107.7556,Asia/Jakarta,"BMKG representative point: Hegarmanah, Kecamatan Jatinangor",24-09-2026,ICON,Open-Meteo / DWD ICON,13:00,2026-09-24 13:00:00,32.9,37.0,0.0,9.3,0.0,1.4444,Cerah Berawan,wmo:2
jatinangor,"Jatinangor, Sumedang",2026-09-24,32.11.15.2002,Hegarmanah,kecamatan,yes,-6.938,107.7556,Asia/Jakarta,"BMKG representative point: Hegarmanah, Kecamatan Jatinangor",24-09-2026,ICON,Open-Meteo / DWD ICON,14:00,2026-09-24 14:00:00,33.0,36.0,0.0,11.8,0.0,1.4444,Cerah Berawan,wmo:2
jatinangor,"Jatinangor, Sumedang",2026-09-24,32.11.15.2002,Hegarmanah,kecamatan,yes,-6.938,107.7556,Asia/Jakarta,"BMKG representative point: Hegarmanah, Kecamatan Jatinangor",24-09-2026,ICON,Open-Meteo / DWD ICON,15:00,2026-09-24 15:00:00,32.0,40.0,0.0,15.3,0.0,1.4444,Cerah Berawan,wmo:2
jatinangor,"Jatinangor, Sumedang",2026-09-24,32.11.15.2002,Hegarmanah,kecamatan,yes,-6.938,107.7556,Asia/Jakarta,"BMKG representative point: Hegarmanah, Kecamatan Jatinangor",24-09-2026,ICON,Open-Meteo / DWD ICON,16:00,2026-09-24 16:00:00,30.6,42.0,0.0,16.6,0.0,1.4444,Cerah Berawan,wmo:2
jatinangor,"Jatinangor, Sumedang",2026-09-24,32.11.15.2002,Hegarmanah,kecamatan,yes,-6.938,107.7556,Asia/Jakarta,"BMKG representative point: Hegarmanah, Kecamatan Jatinangor",24-09-2026,ICON,Open-Meteo / DWD ICON,17:00,2026-09-24 17:00:00,29.1,45.0,0.0,15.5,0.0,1.4444,Cerah Berawan,wmo:1
jatinangor,"Jatinangor, Sumedang",2026-09-24,32.11.15.2002,Hegarmanah,kecamatan,yes,-6.938,107.7556,Asia/Jakarta,"BMKG representative point: Hegarmanah, Kecamatan Jatinangor",24-09-2026,ICON,Open-Meteo / DWD ICON,18:00,2026-09-24 18:00:00,26.8,52.0,0.0,10.0,0.0,1.4444,Cerah Berawan,wmo:1
jatinangor,"Jatinangor, Sumedang",2026-09-24,32.11.15.2002,Hegarmanah,kecamatan,yes,-6.938,107.7556,Asia/Jakarta,"BMKG representative point: Hegarmanah, Kecamatan Jatinangor",24-09-2026,ICON,Open-Meteo / DWD ICON,19:00,2026-09-24 19:00:00,25.4,58.0,0.0,8.2,0.0,1.4444,Cerah Berawan,wmo:1
jatinangor,"Jatinangor, Sumedang",2026-09-24,32.11.15.2002,Hegarmanah,kecamatan,yes,-6.938,107.7556,Asia/Jakarta,"BMKG representative point: Hegarmanah, Kecamatan Jatinangor",24-09-2026,ICON,Open-Meteo / DWD ICON,20:00,2026-09-24 20:00:00,24.3,63.0,0.0,5.4,0.0,1.4444,Cerah Berawan,wmo:1
jatinangor,"Jatinangor, Sumedang",2026-09-24,32.11.15.2002,Hegarmanah,kecamatan,yes,-6.938,107.7556,Asia/Jakarta,"BMKG representative point: Hegarmanah, Kecamatan Jatinangor",24-09-2026,ICON,Open-Meteo / DWD ICON,21:00,2026-09-24 21:00:00,22.8,72.0,0.0,4.8,0.0,1.4444,Cerah Berawan,wmo:1
jatinangor,"Jatinangor, Sumedang",2026-09-24,32.11.15.2002,Hegarmanah,kecamatan,yes,-6.938,107.7556,Asia/Jakarta,"BMKG representative point: Hegarmanah, Kecamatan Jatinangor",24-09-2026,ICON,Open-Meteo / DWD ICON,22:00,2026-09-24 22:00:00,21.8,81.0,0.0,4.7,0.0,1.4444,Cerah,wmo:0
jatinangor,"Jatinangor, Sumedang",2026-09-24,32.11.15.2002,Hegarmanah,kecamatan,yes,-6.938,107.7556,Asia/Jakarta,"BMKG representative point: Hegarmanah, Kecamatan Jatinangor",24-09-2026,ICON,Open-Meteo / DWD ICON,23:00,2026-09-24 23:00:00,21.1,88.0,0.0,3.7,0.0,1.4444,Cerah,wmo:0
jatinangor,"Jatinangor, Sumedang",2026-09-24,32.11.15.2002,Hegarmanah,kecamatan,yes,-6.938,107.7556,Asia/Jakarta,"BMKG representative point: Hegarmanah, Kecamatan Jatinangor",24-09-2026,KMA,Open-Meteo / KMA,00:00,2026-09-24 00:00:00,,,,,0.0,0.5502,Berawan,wmo:None
jatinangor,"Jatinangor, Sumedang",2026-09-24,32.11.15.2002,Hegarmanah,kecamatan,yes,-6.938,107.7556,Asia/Jakarta,"BMKG representative point: Hegarmanah, Kecamatan Jatinangor",24-09-2026,KMA,Open-Meteo / KMA,01:00,2026-09-24 01:00:00,,,,,0.0,0.5502,Berawan,wmo:None
jatinangor,"Jatinangor, Sumedang",2026-09-24,32.11.15.2002,Hegarmanah,kecamatan,yes,-6.938,107.7556,Asia/Jakarta,"BMKG representative point: Hegarmanah, Kecamatan Jatinangor",24-09-2026,KMA,Open-Meteo / KMA,02:00,2026-09-24 02:00:00,,,,,0.0,0.5502,Berawan,wmo:None
jatinangor,"Jatinangor, Sumedang",2026-09-24,32.11.15.2002,Hegarmanah,kecamatan,yes,-6.938,107.7556,Asia/Jakarta,"BMKG representative point: Hegarmanah, Kecamatan Jatinangor",24-09-2026,KMA,Open-Meteo / KMA,03:00,2026-09-24 03:00:00,,,,,0.0,0.5502,Berawan,wmo:None
jatinangor,"Jatinangor, Sumedang",2026-09-24,32.11.15.2002,Hegarmanah,kecamatan,yes,-6.938,107.7556,Asia/Jakarta,"BMKG representative point: Hegarmanah, Kecamatan Jatinangor",24-09-2026,KMA,Open-Meteo / KMA,04:00,2026-09-24 04:00:00,,,,,0.0,0.5502,Berawan,wmo:None
jatinangor,"Jatinangor, Sumedang",2026-09-24,32.11.15.2002,Hegarmanah,kecamatan,yes,-6.938,107.7556,Asia/Jakarta,"BMKG representative point: Hegarmanah, Kecamatan Jatinangor",24-09-2026,KMA,Open-Meteo / KMA,05:00,2026-09-24 05:00:00,,,,,0.0,0.5502,Berawan,wmo:None
jatinangor,"Jatinangor, Sumedang",2026-09-24,32.11.15.2002,Hegarmanah,kecamatan,yes,-6.938,107.7556,Asia/Jakarta,"BMKG representative point: Hegarmanah, Kecamatan Jatinangor",24-09-2026,KMA,Open-Meteo / KMA,06:00,2026-09-24 06:00:00,,,,,0.0,0.5502,Berawan,wmo:None
jatinangor,"Jatinangor, Sumedang",2026-09-24,32.11.15.2002,Hegarmanah,kecamatan,yes,-6.938,107.7556,Asia/Jakarta,"BMKG representative point: Hegarmanah, Kecamatan Jatinangor",24-09-2026,KMA,Open-Meteo / KMA,07:00,2026-09-24 07:00:00,,,,,0.0,0.5502,Berawan,wmo:None
jatinangor,"Jatinangor, Sumedang",2026-09-24,32.11.15.2002,Hegarmanah,kecamatan,yes,-6.938,107.7556,Asia/Jakarta,"BMKG representative point: Hegarmanah, Kecamatan Jatinangor",24-09-2026,KMA,Open-Meteo / KMA,08:00,2026-09-24 08:00:00,,,,,0.0,0.5502,Berawan,wmo:None
jatinangor,"Jatinangor, Sumedang",2026-09-24,32.11.15.2002,Hegarmanah,kecamatan,yes,-6.938,107.7556,Asia/Jakarta,"BMKG representative point: Hegarmanah, Kecamatan Jatinangor",24-09-2026,KMA,Open-Meteo / KMA,09:00,2026-09-24 09:00:00,,,,,0.0,0.5502,Berawan,wmo:None
jatinangor,"Jatinangor, Sumedang",2026-09-24,32.11.15.2002,Hegarmanah,kecamatan,yes,-6.938,107.7556,Asia/Jakarta,"BMKG representative point: Hegarmanah, Kecamatan Jatinangor",24-09-2026,KMA,Open-Meteo / KMA,10:00,2026-09-24 10:00:00,,,,,0.0,0.5502,Berawan,wmo:None
jatinangor,"Jatinangor, Sumedang",2026-09-24,32.11.15.2002,Hegarmanah,kecamatan,yes,-6.938,107.7556,Asia/Jakarta,"BMKG representative point: Hegarmanah, Kecamatan Jatinangor",24-09-2026,KMA,Open-Meteo / KMA,11:00,2026-09-24 11:00:00,,,,,0.0,0.5502,Berawan,wmo:None
jatinangor,"Jatinangor, Sumedang",2026-09-24,32.11.15.2002,Hegarmanah,kecamatan,yes,-6.938,107.7556,Asia/Jakarta,"BMKG representative point: Hegarmanah, Kecamatan Jatinangor",24-09-2026,KMA,Open-Meteo / KMA,12:00,2026-09-24 12:00:00,,,,,0.0,0.5502,Berawan,wmo:None
jatinangor,"Jatinangor, Sumedang",2026-09-24,32.11.15.2002,Hegarmanah,kecamatan,yes,-6.938,107.7556,Asia/Jakarta,"BMKG representative point: Hegarmanah, Kecamatan Jatinangor",24-09-2026,KMA,Open-Meteo / KMA,13:00,2026-09-24 13:00:00,,,,,0.0,0.5502,Berawan,wmo:None
jatinangor,"Jatinangor, Sumedang",2026-09-24,32.11.15.2002,Hegarmanah,kecamatan,yes,-6.938,107.7556,Asia/Jakarta,"BMKG representative point: Hegarmanah, Kecamatan Jatinangor",24-09-2026,KMA,Open-Meteo / KMA,14:00,2026-09-24 14:00:00,,,,,0.0,0.5502,Berawan,wmo:None
jatinangor,"Jatinangor, Sumedang",2026-09-24,32.11.15.2002,Hegarmanah,kecamatan,yes,-6.938,107.7556,Asia/Jakarta,"BMKG representative point: Hegarmanah, Kecamatan Jatinangor",24-09-2026,KMA,Open-Meteo / KMA,15:00,2026-09-24 15:00:00,,,,,0.0,0.5502,Berawan,wmo:None
jatinangor,"Jatinangor, Sumedang",2026-09-24,32.11.15.2002,Hegarmanah,kecamatan,yes,-6.938,107.7556,Asia/Jakarta,"BMKG representative point: Hegarmanah, Kecamatan Jatinangor",24-09-2026,KMA,Open-Meteo / KMA,16:00,2026-09-24 16:00:00,,,,,0.0,0.5502,Berawan,wmo:None
jatinangor,"Jatinangor, Sumedang",2026-09-24,32.11.15.2002,Hegarmanah,kecamatan,yes,-6.938,107.7556,Asia/Jakarta,"BMKG representative point: Hegarmanah, Kecamatan Jatinangor",24-09-2026,KMA,Open-Meteo / KMA,17:00,2026-09-24 17:00:00,,,,,0.0,0.5502,Berawan,wmo:None
jatinangor,"Jatinangor, Sumedang",2026-09-24,32.11.15.2002,Hegarmanah,kecamatan,yes,-6.938,107.7556,Asia/Jakarta,"BMKG representative point: Hegarmanah, Kecamatan Jatinangor",24-09-2026,KMA,Open-Meteo / KMA,18:00,2026-09-24 18:00:00,,,,,0.0,0.5502,Berawan,wmo:None
jatinangor,"Jatinangor, Sumedang",2026-09-24,32.11.15.2002,Hegarmanah,kecamatan,yes,-6.938,107.7556,Asia/Jakarta,"BMKG representative point: Hegarmanah, Kecamatan Jatinangor",24-09-2026,KMA,Open-Meteo / KMA,19:00,2026-09-24 19:00:00,,,,,0.0,0.5502,Berawan,wmo:None
jatinangor,"Jatinangor, Sumedang",2026-09-24,32.11.15.2002,Hegarmanah,kecamatan,yes,-6.938,107.7556,Asia/Jakarta,"BMKG representative point: Hegarmanah, Kecamatan Jatinangor",24-09-2026,KMA,Open-Meteo / KMA,20:00,2026-09-24 20:00:00,,,,,0.0,0.5502,Berawan,wmo:None
jatinangor,"Jatinangor, Sumedang",2026-09-24,32.11.15.2002,Hegarmanah,kecamatan,yes,-6.938,107.7556,Asia/Jakarta,"BMKG representative point: Hegarmanah, Kecamatan Jatinangor",24-09-2026,KMA,Open-Meteo / KMA,21:00,2026-09-24 21:00:00,,,,,0.0,0.5502,Berawan,wmo:None
jatinangor,"Jatinangor, Sumedang",2026-09-24,32.11.15.2002,Hegarmanah,kecamatan,yes,-6.938,107.7556,Asia/Jakarta,"BMKG representative point: Hegarmanah, Kecamatan Jatinangor",24-09-2026,KMA,Open-Meteo / KMA,22:00,2026-09-24 22:00:00,,,,,0.0,0.5502,Berawan,wmo:None
jatinangor,"Jatinangor, Sumedang",2026-09-24,32.11.15.2002,Hegarmanah,kecamatan,yes,-6.938,107.7556,Asia/Jakarta,"BMKG representative point: Hegarmanah, Kecamatan Jatinangor",24-09-2026,KMA,Open-Meteo / KMA,23:00,2026-09-24 23:00:00,,,,,0.0,0.5502,Berawan,wmo:None
jatinangor,"Jatinangor, Sumedang",2026-09-24,32.11.15.2002,Hegarmanah,kecamatan,yes,-6.938,107.7556,Asia/Jakarta,"BMKG representative point: Hegarmanah, Kecamatan Jatinangor",24-09-2026,METEOFRANCE,Open-Meteo / Meteo-France,00:00,2026-09-24 00:00:00,25.9,77.0,0.0,1.1,0.0,1.4369,Cerah Berawan,wmo:2
jatinangor,"Jatinangor, Sumedang",2026-09-24,32.11.15.2002,Hegarmanah,kecamatan,yes,-6.938,107.7556,Asia/Jakarta,"BMKG representative point: Hegarmanah, Kecamatan Jatinangor",24-09-2026,METEOFRANCE,Open-Meteo / Meteo-France,01:00,2026-09-24 01:00:00,25.4,79.0,0.0,1.1,0.0,1.4369,Cerah Berawan,wmo:2
jatinangor,"Jatinangor, Sumedang",2026-09-24,32.11.15.2002,Hegarmanah,kecamatan,yes,-6.938,107.7556,Asia/Jakarta,"BMKG representative point: Hegarmanah, Kecamatan Jatinangor",24-09-2026,METEOFRANCE,Open-Meteo / Meteo-France,02:00,2026-09-24 02:00:00,25.0,81.0,0.0,1.1,0.0,1.4369,Cerah Berawan,wmo:2
jatinangor,"Jatinangor, Sumedang",2026-09-24,32.11.15.2002,Hegarmanah,kecamatan,yes,-6.938,107.7556,Asia/Jakarta,"BMKG representative point: Hegarmanah, Kecamatan Jatinangor",24-09-2026,METEOFRANCE,Open-Meteo / Meteo-France,03:00,2026-09-24 03:00:00,24.7,83.0,0.0,1.4,0.0,1.4369,Cerah Berawan,wmo:2
jatinangor,"Jatinangor, Sumedang",2026-09-24,32.11.15.2002,Hegarmanah,kecamatan,yes,-6.938,107.7556,Asia/Jakarta,"BMKG representative point: Hegarmanah, Kecamatan Jatinangor",24-09-2026,METEOFRANCE,Open-Meteo / Meteo-France,04:00,2026-09-24 04:00:00,24.4,84.0,0.0,1.4,0.0,1.4369,Cerah Berawan,wmo:2
jatinangor,"Jatinangor, Sumedang",2026-09-24,32.11.15.2002,Hegarmanah,kecamatan,yes,-6.938,107.7556,Asia/Jakarta,"BMKG representative point: Hegarmanah, Kecamatan Jatinangor",24-09-2026,METEOFRANCE,Open-Meteo / Meteo-France,05:00,2026-09-24 05:00:00,24.1,85.0,0.0,1.8,0.0,1.4369,Cerah Berawan,wmo:2
jatinangor,"Jatinangor, Sumedang",2026-09-24,32.11.15.2002,Hegarmanah,kecamatan,yes,-6.938,107.7556,Asia/Jakarta,"BMKG representative point: Hegarmanah, Kecamatan Jatinangor",24-09-2026,METEOFRANCE,Open-Meteo / Meteo-France,06:00,2026-09-24 06:00:00,23.9,86.0,0.0,2.2,0.0,1.4369,Cerah Berawan,wmo:2
jatinangor,"Jatinangor, Sumedang",2026-09-24,32.11.15.2002,Hegarmanah,kecamatan,yes,-6.938,107.7556,Asia/Jakarta,"BMKG representative point: Hegarmanah, Kecamatan Jatinangor",24-09-2026,METEOFRANCE,Open-Meteo / Meteo-France,07:00,2026-09-24 07:00:00,24.8,81.0,0.0,3.1,0.0,1.4369,Cerah Berawan,wmo:2
jatinangor,"Jatinangor, Sumedang",2026-09-24,32.11.15.2002,Hegarmanah,kecamatan,yes,-6.938,107.7556,Asia/Jakarta,"BMKG representative point: Hegarmanah, Kecamatan Jatinangor",24-09-2026,METEOFRANCE,Open-Meteo / Meteo-France,08:00,2026-09-24 08:00:00,26.7,68.0,0.0,4.7,0.0,1.4369,Cerah Berawan,wmo:2
jatinangor,"Jatinangor, Sumedang",2026-09-24,32.11.15.2002,Hegarmanah,kecamatan,yes,-6.938,107.7556,Asia/Jakarta,"BMKG representative point: Hegarmanah, Kecamatan Jatinangor",24-09-2026,METEOFRANCE,Open-Meteo / Meteo-France,09:00,2026-09-24 09:00:00,28.8,61.0,0.0,6.4,0.0,1.4369,Cerah Berawan,wmo:2
jatinangor,"Jatinangor, Sumedang",2026-09-24,32.11.15.2002,Hegarmanah,kecamatan,yes,-6.938,107.7556,Asia/Jakarta,"BMKG representative point: Hegarmanah, Kecamatan Jatinangor",24-09-2026,METEOFRANCE,Open-Meteo / Meteo-France,10:00,2026-09-24 10:00:00,30.8,55.0,0.0,7.2,0.0,1.4369,Cerah Berawan,wmo:2
jatinangor,"Jatinangor, Sumedang",2026-09-24,32.11.15.2002,Hegarmanah,kecamatan,yes,-6.938,107.7556,Asia/Jakarta,"BMKG representative point: Hegarmanah, Kecamatan Jatinangor",24-09-2026,METEOFRANCE,Open-Meteo / Meteo-France,11:00,2026-09-24 11:00:00,32.4,51.0,0.0,7.7,0.0,1.4369,Cerah Berawan,wmo:2
jatinangor,"Jatinangor, Sumedang",2026-09-24,32.11.15.2002,Hegarmanah,kecamatan,yes,-6.938,107.7556,Asia/Jakarta,"BMKG representative point: Hegarmanah, Kecamatan Jatinangor",24-09-2026,METEOFRANCE,Open-Meteo / Meteo-France,12:00,2026-09-24 12:00:00,33.8,47.0,0.0,8.7,0.0,1.4369,Cerah Berawan,wmo:2
jatinangor,"Jatinangor, Sumedang",2026-09-24,32.11.15.2002,Hegarmanah,kecamatan,yes,-6.938,107.7556,Asia/Jakarta,"BMKG representative point: Hegarmanah, Kecamatan Jatinangor",24-09-2026,METEOFRANCE,Open-Meteo / Meteo-France,13:00,2026-09-24 13:00:00,34.9,43.0,0.0,9.7,0.0,1.4369,Cerah Berawan,wmo:2
jatinangor,"Jatinangor, Sumedang",2026-09-24,32.11.15.2002,Hegarmanah,kecamatan,yes,-6.938,107.7556,Asia/Jakarta,"BMKG representative point: Hegarmanah, Kecamatan Jatinangor",24-09-2026,METEOFRANCE,Open-Meteo / Meteo-France,14:00,2026-09-24 14:00:00,35.5,41.0,0.0,10.1,0.0,1.4369,Cerah Berawan,wmo:2
jatinangor,"Jatinangor, Sumedang",2026-09-24,32.11.15.2002,Hegarmanah,kecamatan,yes,-6.938,107.7556,Asia/Jakarta,"BMKG representative point: Hegarmanah, Kecamatan Jatinangor",24-09-2026,METEOFRANCE,Open-Meteo / Meteo-France,15:00,2026-09-24 15:00:00,35.1,42.0,0.0,10.3,0.0,1.4369,Cerah Berawan,wmo:2
jatinangor,"Jatinangor, Sumedang",2026-09-24,32.11.15.2002,Hegarmanah,kecamatan,yes,-6.938,107.7556,Asia/Jakarta,"BMKG representative point: Hegarmanah, Kecamatan Jatinangor",24-09-2026,METEOFRANCE,Open-Meteo / Meteo-France,16:00,2026-09-24 16:00:00,33.9,45.0,0.0,10.0,0.0,1.4369,Cerah Berawan,wmo:2
jatinangor,"Jatinangor, Sumedang",2026-09-24,32.11.15.2002,Hegarmanah,kecamatan,yes,-6.938,107.7556,Asia/Jakarta,"BMKG representative point: Hegarmanah, Kecamatan Jatinangor",24-09-2026,METEOFRANCE,Open-Meteo / Meteo-France,17:00,2026-09-24 17:00:00,32.2,50.0,0.0,9.5,0.0,1.4369,Cerah Berawan,wmo:2
jatinangor,"Jatinangor, Sumedang",2026-09-24,32.11.15.2002,Hegarmanah,kecamatan,yes,-6.938,107.7556,Asia/Jakarta,"BMKG representative point: Hegarmanah, Kecamatan Jatinangor",24-09-2026,METEOFRANCE,Open-Meteo / Meteo-France,18:00,2026-09-24 18:00:00,30.3,54.0,0.0,9.2,0.0,1.4369,Cerah Berawan,wmo:2
jatinangor,"Jatinangor, Sumedang",2026-09-24,32.11.15.2002,Hegarmanah,kecamatan,yes,-6.938,107.7556,Asia/Jakarta,"BMKG representative point: Hegarmanah, Kecamatan Jatinangor",24-09-2026,METEOFRANCE,Open-Meteo / Meteo-France,19:00,2026-09-24 19:00:00,28.7,58.0,0.0,8.1,0.0,1.4369,Cerah Berawan,wmo:2
jatinangor,"Jatinangor, Sumedang",2026-09-24,32.11.15.2002,Hegarmanah,kecamatan,yes,-6.938,107.7556,Asia/Jakarta,"BMKG representative point: Hegarmanah, Kecamatan Jatinangor",24-09-2026,METEOFRANCE,Open-Meteo / Meteo-France,20:00,2026-09-24 20:00:00,27.7,60.0,0.0,6.3,0.0,1.4369,Berawan,wmo:3
jatinangor,"Jatinangor, Sumedang",2026-09-24,32.11.15.2002,Hegarmanah,kecamatan,yes,-6.938,107.7556,Asia/Jakarta,"BMKG representative point: Hegarmanah, Kecamatan Jatinangor",24-09-2026,METEOFRANCE,Open-Meteo / Meteo-France,21:00,2026-09-24 21:00:00,27.0,62.0,0.0,4.3,0.0,1.4369,Berawan,wmo:3
jatinangor,"Jatinangor, Sumedang",2026-09-24,32.11.15.2002,Hegarmanah,kecamatan,yes,-6.938,107.7556,Asia/Jakarta,"BMKG representative point: Hegarmanah, Kecamatan Jatinangor",24-09-2026,METEOFRANCE,Open-Meteo / Meteo-France,22:00,2026-09-24 22:00:00,26.5,65.0,0.0,3.3,0.0,1.4369,Berawan,wmo:3
jatinangor,"Jatinangor, Sumedang",2026-09-24,32.11.15.2002,Hegarmanah,kecamatan,yes,-6.938,107.7556,Asia/Jakarta,"BMKG representative point: Hegarmanah, Kecamatan Jatinangor",24-09-2026,METEOFRANCE,Open-Meteo / Meteo-France,23:00,2026-09-24 23:00:00,26.1,67.0,0.0,2.3,0.0,1.4369,Cerah Berawan,wmo:2
jatinangor,"Jatinangor, Sumedang",2026-09-24,32.11.15.2002,Hegarmanah,kecamatan,yes,-6.938,107.7556,Asia/Jakarta,"BMKG representative point: Hegarmanah, Kecamatan Jatinangor",24-09-2026,METNO,MET Norway,00:00,2026-09-24 00:00:00,19.7,88.6,0.0,5.04,0.0,1.3155,Cerah Berawan,partlycloudy_night
jatinangor,"Jatinangor, Sumedang",2026-09-24,32.11.15.2002,Hegarmanah,kecamatan,yes,-6.938,107.7556,Asia/Jakarta,"BMKG representative point: Hegarmanah, Kecamatan Jatinangor",24-09-2026,METNO,MET Norway,01:00,2026-09-24 01:00:00,19.3,87.6,0.0,3.96,0.0,1.3155,Cerah Berawan,partlycloudy_night
jatinangor,"Jatinangor, Sumedang",2026-09-24,32.11.15.2002,Hegarmanah,kecamatan,yes,-6.938,107.7556,Asia/Jakarta,"BMKG representative point: Hegarmanah, Kecamatan Jatinangor",24-09-2026,METNO,MET Norway,02:00,2026-09-24 02:00:00,19.0,86.4,0.0,2.52,0.0,1.3155,Cerah Berawan,partlycloudy_night
jatinangor,"Jatinangor, Sumedang",2026-09-24,32.11.15.2002,Hegarmanah,kecamatan,yes,-6.938,107.7556,Asia/Jakarta,"BMKG representative point: Hegarmanah, Kecamatan Jatinangor",24-09-2026,METNO,MET Norway,03:00,2026-09-24 03:00:00,18.8,84.6,0.0,2.52,0.0,1.3155,Cerah Berawan,partlycloudy_night
jatinangor,"Jatinangor, Sumedang",2026-09-24,32.11.15.2002,Hegarmanah,kecamatan,yes,-6.938,107.7556,Asia/Jakarta,"BMKG representative point: Hegarmanah, Kecamatan Jatinangor",24-09-2026,METNO,MET Norway,04:00,2026-09-24 04:00:00,18.8,83.1,0.0,2.88,0.0,1.3155,Cerah Berawan,partlycloudy_night
jatinangor,"Jatinangor, Sumedang",2026-09-24,32.11.15.2002,Hegarmanah,kecamatan,yes,-6.938,107.7556,Asia/Jakarta,"BMKG representative point: Hegarmanah, Kecamatan Jatinangor",24-09-2026,METNO,MET Norway,05:00,2026-09-24 05:00:00,18.6,82.7,0.0,3.24,0.0,1.3155,Cerah Berawan,partlycloudy_night
jatinangor,"Jatinangor, Sumedang",2026-09-24,32.11.15.2002,Hegarmanah,kecamatan,yes,-6.938,107.7556,Asia/Jakarta,"BMKG representative point: Hegarmanah, Kecamatan Jatinangor",24-09-2026,METNO,MET Norway,06:00,2026-09-24 06:00:00,18.8,82.6,0.0,3.96,0.0,1.3155,Cerah Berawan,partlycloudy_day
jatinangor,"Jatinangor, Sumedang",2026-09-24,32.11.15.2002,Hegarmanah,kecamatan,yes,-6.938,107.7556,Asia/Jakarta,"BMKG representative point: Hegarmanah, Kecamatan Jatinangor",24-09-2026,METNO,MET Norway,07:00,2026-09-24 07:00:00,21.9,73.7,0.0,4.32,0.0,1.3155,Cerah Berawan,partlycloudy_day
jatinangor,"Jatinangor, Sumedang",2026-09-24,32.11.15.2002,Hegarmanah,kecamatan,yes,-6.938,107.7556,Asia/Jakarta,"BMKG representative point: Hegarmanah, Kecamatan Jatinangor",24-09-2026,METNO,MET Norway,08:00,2026-09-24 08:00:00,24.5,61.7,0.0,5.04,0.0,1.3155,Cerah Berawan,partlycloudy_day
jatinangor,"Jatinangor, Sumedang",2026-09-24,32.11.15.2002,Hegarmanah,kecamatan,yes,-6.938,107.7556,Asia/Jakarta,"BMKG representative point: Hegarmanah, Kecamatan Jatinangor",24-09-2026,METNO,MET Norway,09:00,2026-09-24 09:00:00,26.3,56.5,0.0,6.84,0.0,1.3155,Cerah Berawan,fair_day
jatinangor,"Jatinangor, Sumedang",2026-09-24,32.11.15.2002,Hegarmanah,kecamatan,yes,-6.938,107.7556,Asia/Jakarta,"BMKG representative point: Hegarmanah, Kecamatan Jatinangor",24-09-2026,METNO,MET Norway,10:00,2026-09-24 10:00:00,27.9,51.9,0.0,7.56,0.0,1.3155,Cerah,clearsky_day
jatinangor,"Jatinangor, Sumedang",2026-09-24,32.11.15.2002,Hegarmanah,kecamatan,yes,-6.938,107.7556,Asia/Jakarta,"BMKG representative point: Hegarmanah, Kecamatan Jatinangor",24-09-2026,METNO,MET Norway,11:00,2026-09-24 11:00:00,29.4,48.5,0.0,8.28,0.0,1.3155,Cerah Berawan,partlycloudy_day
jatinangor,"Jatinangor, Sumedang",2026-09-24,32.11.15.2002,Hegarmanah,kecamatan,yes,-6.938,107.7556,Asia/Jakarta,"BMKG representative point: Hegarmanah, Kecamatan Jatinangor",24-09-2026,METNO,MET Norway,12:00,2026-09-24 12:00:00,30.4,46.8,0.0,9.72,0.0,1.3155,Cerah Berawan,partlycloudy_day
jatinangor,"Jatinangor, Sumedang",2026-09-24,32.11.15.2002,Hegarmanah,kecamatan,yes,-6.938,107.7556,Asia/Jakarta,"BMKG representative point: Hegarmanah, Kecamatan Jatinangor",24-09-2026,METNO,MET Norway,13:00,2026-09-24 13:00:00,30.3,49.5,0.5,11.88,0.0,1.3155,Hujan Ringan,rainshowers_day
jatinangor,"Jatinangor, Sumedang",2026-09-24,32.11.15.2002,Hegarmanah,kecamatan,yes,-6.938,107.7556,Asia/Jakarta,"BMKG representative point: Hegarmanah, Kecamatan Jatinangor",24-09-2026,METNO,MET Norway,14:00,2026-09-24 14:00:00,28.1,59.6,0.3,12.6,0.0,1.3155,Hujan Ringan,rainshowers_day
jatinangor,"Jatinangor, Sumedang",2026-09-24,32.11.15.2002,Hegarmanah,kecamatan,yes,-6.938,107.7556,Asia/Jakarta,"BMKG representative point: Hegarmanah, Kecamatan Jatinangor",24-09-2026,METNO,MET Norway,15:00,2026-09-24 15:00:00,27.8,56.0,0.0,12.24,0.0,1.3155,Cerah Berawan,partlycloudy_day
jatinangor,"Jatinangor, Sumedang",2026-09-24,32.11.15.2002,Hegarmanah,kecamatan,yes,-6.938,107.7556,Asia/Jakarta,"BMKG representative point: Hegarmanah, Kecamatan Jatinangor",24-09-2026,METNO,MET Norway,16:00,2026-09-24 16:00:00,27.7,54.0,0.0,10.8,0.0,1.3155,Cerah Berawan,partlycloudy_day
jatinangor,"Jatinangor, Sumedang",2026-09-24,32.11.15.2002,Hegarmanah,kecamatan,yes,-6.938,107.7556,Asia/Jakarta,"BMKG representative point: Hegarmanah, Kecamatan Jatinangor",24-09-2026,METNO,MET Norway,17:00,2026-09-24 17:00:00,26.8,55.3,0.0,9.36,0.0,1.3155,Cerah Berawan,partlycloudy_day
jatinangor,"Jatinangor, Sumedang",2026-09-24,32.11.15.2002,Hegarmanah,kecamatan,yes,-6.938,107.7556,Asia/Jakarta,"BMKG representative point: Hegarmanah, Kecamatan Jatinangor",24-09-2026,METNO,MET Norway,18:00,2026-09-24 18:00:00,24.3,62.4,0.0,7.2,0.0,1.3155,Cerah Berawan,partlycloudy_night
jatinangor,"Jatinangor, Sumedang",2026-09-24,32.11.15.2002,Hegarmanah,kecamatan,yes,-6.938,107.7556,Asia/Jakarta,"BMKG representative point: Hegarmanah, Kecamatan Jatinangor",24-09-2026,METNO,MET Norway,19:00,2026-09-24 19:00:00,22.8,70.1,0.0,5.4,0.0,1.3155,Cerah Berawan,partlycloudy_night
jatinangor,"Jatinangor, Sumedang",2026-09-24,32.11.15.2002,Hegarmanah,kecamatan,yes,-6.938,107.7556,Asia/Jakarta,"BMKG representative point: Hegarmanah, Kecamatan Jatinangor",24-09-2026,METNO,MET Norway,20:00,2026-09-24 20:00:00,22.0,74.8,0.0,4.32,0.0,1.3155,Berawan,cloudy
jatinangor,"Jatinangor, Sumedang",2026-09-24,32.11.15.2002,Hegarmanah,kecamatan,yes,-6.938,107.7556,Asia/Jakarta,"BMKG representative point: Hegarmanah, Kecamatan Jatinangor",24-09-2026,METNO,MET Norway,21:00,2026-09-24 21:00:00,21.3,79.3,0.0,3.24,0.0,1.3155,Cerah Berawan,partlycloudy_night
jatinangor,"Jatinangor, Sumedang",2026-09-24,32.11.15.2002,Hegarmanah,kecamatan,yes,-6.938,107.7556,Asia/Jakarta,"BMKG representative point: Hegarmanah, Kecamatan Jatinangor",24-09-2026,METNO,MET Norway,22:00,2026-09-24 22:00:00,20.8,81.7,0.0,3.24,0.0,1.3155,Cerah Berawan,partlycloudy_night
jatinangor,"Jatinangor, Sumedang",2026-09-24,32.11.15.2002,Hegarmanah,kecamatan,yes,-6.938,107.7556,Asia/Jakarta,"BMKG representative point: Hegarmanah, Kecamatan Jatinangor",24-09-2026,METNO,MET Norway,23:00,2026-09-24 23:00:00,20.5,83.0,0.0,2.52,0.0,1.3155,Cerah Berawan,partlycloudy_night
jatinangor,"Jatinangor, Sumedang",2026-09-24,32.11.15.2002,Hegarmanah,kecamatan,yes,-6.938,107.7556,Asia/Jakarta,"BMKG representative point: Hegarmanah, Kecamatan Jatinangor",24-09-2026,UKMO,Open-Meteo / UK Met Office,00:00,2026-09-24 00:00:00,19.2,99.0,0.0,4.0,0.0,1.3162,Cerah,wmo:0
jatinangor,"Jatinangor, Sumedang",2026-09-24,32.11.15.2002,Hegarmanah,kecamatan,yes,-6.938,107.7556,Asia/Jakarta,"BMKG representative point: Hegarmanah, Kecamatan Jatinangor",24-09-2026,UKMO,Open-Meteo / UK Met Office,01:00,2026-09-24 01:00:00,19.1,98.0,0.0,5.0,0.0,1.3162,Cerah,wmo:0
jatinangor,"Jatinangor, Sumedang",2026-09-24,32.11.15.2002,Hegarmanah,kecamatan,yes,-6.938,107.7556,Asia/Jakarta,"BMKG representative point: Hegarmanah, Kecamatan Jatinangor",24-09-2026,UKMO,Open-Meteo / UK Met Office,02:00,2026-09-24 02:00:00,18.5,99.0,0.0,4.3,0.0,1.3162,Cerah,wmo:0
jatinangor,"Jatinangor, Sumedang",2026-09-24,32.11.15.2002,Hegarmanah,kecamatan,yes,-6.938,107.7556,Asia/Jakarta,"BMKG representative point: Hegarmanah, Kecamatan Jatinangor",24-09-2026,UKMO,Open-Meteo / UK Met Office,03:00,2026-09-24 03:00:00,17.9,99.0,0.0,2.9,0.0,1.3162,Cerah,wmo:0
jatinangor,"Jatinangor, Sumedang",2026-09-24,32.11.15.2002,Hegarmanah,kecamatan,yes,-6.938,107.7556,Asia/Jakarta,"BMKG representative point: Hegarmanah, Kecamatan Jatinangor",24-09-2026,UKMO,Open-Meteo / UK Met Office,04:00,2026-09-24 04:00:00,17.3,99.0,0.0,1.8,0.0,1.3162,Cerah Berawan,wmo:2
jatinangor,"Jatinangor, Sumedang",2026-09-24,32.11.15.2002,Hegarmanah,kecamatan,yes,-6.938,107.7556,Asia/Jakarta,"BMKG representative point: Hegarmanah, Kecamatan Jatinangor",24-09-2026,UKMO,Open-Meteo / UK Met Office,05:00,2026-09-24 05:00:00,16.9,100,0.0,1.8,0.0,1.3162,Cerah,wmo:0
jatinangor,"Jatinangor, Sumedang",2026-09-24,32.11.15.2002,Hegarmanah,kecamatan,yes,-6.938,107.7556,Asia/Jakarta,"BMKG representative point: Hegarmanah, Kecamatan Jatinangor",24-09-2026,UKMO,Open-Meteo / UK Met Office,06:00,2026-09-24 06:00:00,17.5,100,0.0,3.6,0.0,1.3162,Cerah,wmo:0
jatinangor,"Jatinangor, Sumedang",2026-09-24,32.11.15.2002,Hegarmanah,kecamatan,yes,-6.938,107.7556,Asia/Jakarta,"BMKG representative point: Hegarmanah, Kecamatan Jatinangor",24-09-2026,UKMO,Open-Meteo / UK Met Office,07:00,2026-09-24 07:00:00,20.3,93.0,0.0,2.9,0.0,1.3162,Cerah,wmo:0
jatinangor,"Jatinangor, Sumedang",2026-09-24,32.11.15.2002,Hegarmanah,kecamatan,yes,-6.938,107.7556,Asia/Jakarta,"BMKG representative point: Hegarmanah, Kecamatan Jatinangor",24-09-2026,UKMO,Open-Meteo / UK Met Office,08:00,2026-09-24 08:00:00,23.9,70.0,0.0,4.0,0.0,1.3162,Cerah,wmo:0
jatinangor,"Jatinangor, Sumedang",2026-09-24,32.11.15.2002,Hegarmanah,kecamatan,yes,-6.938,107.7556,Asia/Jakarta,"BMKG representative point: Hegarmanah, Kecamatan Jatinangor",24-09-2026,UKMO,Open-Meteo / UK Met Office,09:00,2026-09-24 09:00:00,26.0,61.0,0.0,6.8,0.0,1.3162,Cerah,wmo:0
jatinangor,"Jatinangor, Sumedang",2026-09-24,32.11.15.2002,Hegarmanah,kecamatan,yes,-6.938,107.7556,Asia/Jakarta,"BMKG representative point: Hegarmanah, Kecamatan Jatinangor",24-09-2026,UKMO,Open-Meteo / UK Met Office,10:00,2026-09-24 10:00:00,27.7,54.0,0.0,8.3,0.0,1.3162,Cerah Berawan,wmo:1
jatinangor,"Jatinangor, Sumedang",2026-09-24,32.11.15.2002,Hegarmanah,kecamatan,yes,-6.938,107.7556,Asia/Jakarta,"BMKG representative point: Hegarmanah, Kecamatan Jatinangor",24-09-2026,UKMO,Open-Meteo / UK Met Office,11:00,2026-09-24 11:00:00,28.9,50.0,0.0,8.6,0.0,1.3162,Cerah Berawan,wmo:1
jatinangor,"Jatinangor, Sumedang",2026-09-24,32.11.15.2002,Hegarmanah,kecamatan,yes,-6.938,107.7556,Asia/Jakarta,"BMKG representative point: Hegarmanah, Kecamatan Jatinangor",24-09-2026,UKMO,Open-Meteo / UK Met Office,12:00,2026-09-24 12:00:00,28.7,50.0,0.0,8.6,0.0,1.3162,Berawan,wmo:3
jatinangor,"Jatinangor, Sumedang",2026-09-24,32.11.15.2002,Hegarmanah,kecamatan,yes,-6.938,107.7556,Asia/Jakarta,"BMKG representative point: Hegarmanah, Kecamatan Jatinangor",24-09-2026,UKMO,Open-Meteo / UK Met Office,13:00,2026-09-24 13:00:00,29.1,48.0,0.0,10.4,0.0,1.3162,Berawan,wmo:3
jatinangor,"Jatinangor, Sumedang",2026-09-24,32.11.15.2002,Hegarmanah,kecamatan,yes,-6.938,107.7556,Asia/Jakarta,"BMKG representative point: Hegarmanah, Kecamatan Jatinangor",24-09-2026,UKMO,Open-Meteo / UK Met Office,14:00,2026-09-24 14:00:00,29.4,46.0,0.0,11.2,0.0,1.3162,Cerah Berawan,wmo:2
jatinangor,"Jatinangor, Sumedang",2026-09-24,32.11.15.2002,Hegarmanah,kecamatan,yes,-6.938,107.7556,Asia/Jakarta,"BMKG representative point: Hegarmanah, Kecamatan Jatinangor",24-09-2026,UKMO,Open-Meteo / UK Met Office,15:00,2026-09-24 15:00:00,28.4,50.0,0.1,14.8,0.0,1.3162,Hujan Ringan,wmo:51
jatinangor,"Jatinangor, Sumedang",2026-09-24,32.11.15.2002,Hegarmanah,kecamatan,yes,-6.938,107.7556,Asia/Jakarta,"BMKG representative point: Hegarmanah, Kecamatan Jatinangor",24-09-2026,UKMO,Open-Meteo / UK Met Office,16:00,2026-09-24 16:00:00,27.8,53.0,0.0,15.8,0.0,1.3162,Cerah,wmo:0
jatinangor,"Jatinangor, Sumedang",2026-09-24,32.11.15.2002,Hegarmanah,kecamatan,yes,-6.938,107.7556,Asia/Jakarta,"BMKG representative point: Hegarmanah, Kecamatan Jatinangor",24-09-2026,UKMO,Open-Meteo / UK Met Office,17:00,2026-09-24 17:00:00,26.3,57.0,0.0,15.1,0.0,1.3162,Cerah,wmo:0
jatinangor,"Jatinangor, Sumedang",2026-09-24,32.11.15.2002,Hegarmanah,kecamatan,yes,-6.938,107.7556,Asia/Jakarta,"BMKG representative point: Hegarmanah, Kecamatan Jatinangor",24-09-2026,UKMO,Open-Meteo / UK Met Office,18:00,2026-09-24 18:00:00,24.4,65.0,0.0,10.1,0.0,1.3162,Cerah,wmo:0
jatinangor,"Jatinangor, Sumedang",2026-09-24,32.11.15.2002,Hegarmanah,kecamatan,yes,-6.938,107.7556,Asia/Jakarta,"BMKG representative point: Hegarmanah, Kecamatan Jatinangor",24-09-2026,UKMO,Open-Meteo / UK Met Office,19:00,2026-09-24 19:00:00,22.9,75.0,0.0,6.8,0.0,1.3162,Cerah Berawan,wmo:1
jatinangor,"Jatinangor, Sumedang",2026-09-24,32.11.15.2002,Hegarmanah,kecamatan,yes,-6.938,107.7556,Asia/Jakarta,"BMKG representative point: Hegarmanah, Kecamatan Jatinangor",24-09-2026,UKMO,Open-Meteo / UK Met Office,20:00,2026-09-24 20:00:00,21.8,84.0,0.0,4.7,0.0,1.3162,Cerah,wmo:0
jatinangor,"Jatinangor, Sumedang",2026-09-24,32.11.15.2002,Hegarmanah,kecamatan,yes,-6.938,107.7556,Asia/Jakarta,"BMKG representative point: Hegarmanah, Kecamatan Jatinangor",24-09-2026,UKMO,Open-Meteo / UK Met Office,21:00,2026-09-24 21:00:00,20.9,88.0,0.0,4.0,0.0,1.3162,Cerah,wmo:0
jatinangor,"Jatinangor, Sumedang",2026-09-24,32.11.15.2002,Hegarmanah,kecamatan,yes,-6.938,107.7556,Asia/Jakarta,"BMKG representative point: Hegarmanah, Kecamatan Jatinangor",24-09-2026,UKMO,Open-Meteo / UK Met Office,22:00,2026-09-24 22:00:00,20.4,91.0,0.0,4.7,0.0,1.3162,Cerah,wmo:0
jatinangor,"Jatinangor, Sumedang",2026-09-24,32.11.15.2002,Hegarmanah,kecamatan,yes,-6.938,107.7556,Asia/Jakarta,"BMKG representative point: Hegarmanah, Kecamatan Jatinangor",24-09-2026,UKMO,Open-Meteo / UK Met Office,23:00,2026-09-24 23:00:00,19.9,92.0,0.0,4.3,0.0,1.3162,Cerah,wmo:0
jatinangor,"Jatinangor, Sumedang",2026-09-25,32.11.15.2002,Hegarmanah,kecamatan,yes,-6.938,107.7556,Asia/Jakarta,"BMKG representative point: Hegarmanah, Kecamatan Jatinangor",25-09-2026,BMKG,BMKG,00:00,2026-09-25 01:00:00,21.0,84.0,0.0,1.7,60.0,1.3169,Cerah,Cerah
jatinangor,"Jatinangor, Sumedang",2026-09-25,32.11.15.2002,Hegarmanah,kecamatan,yes,-6.938,107.7556,Asia/Jakarta,"BMKG representative point: Hegarmanah, Kecamatan Jatinangor",25-09-2026,BMKG,BMKG,01:00,2026-09-25 01:00:00,21.0,84.0,0.0,1.7,0.0,1.7559,Cerah,Cerah
jatinangor,"Jatinangor, Sumedang",2026-09-25,32.11.15.2002,Hegarmanah,kecamatan,yes,-6.938,107.7556,Asia/Jakarta,"BMKG representative point: Hegarmanah, Kecamatan Jatinangor",25-09-2026,BMKG,BMKG,02:00,2026-09-25 01:00:00,21.0,84.0,0.0,1.7,60.0,1.3169,Cerah,Cerah
jatinangor,"Jatinangor, Sumedang",2026-09-25,32.11.15.2002,Hegarmanah,kecamatan,yes,-6.938,107.7556,Asia/Jakarta,"BMKG representative point: Hegarmanah, Kecamatan Jatinangor",25-09-2026,BMKG,BMKG,03:00,2026-09-25 04:00:00,20.0,91.0,0.0,0.6,60.0,1.3169,Berawan,Berawan
jatinangor,"Jatinangor, Sumedang",2026-09-25,32.11.15.2002,Hegarmanah,kecamatan,yes,-6.938,107.7556,Asia/Jakarta,"BMKG representative point: Hegarmanah, Kecamatan Jatinangor",25-09-2026,BMKG,BMKG,04:00,2026-09-25 04:00:00,20.0,91.0,0.0,0.6,0.0,1.7559,Berawan,Berawan
jatinangor,"Jatinangor, Sumedang",2026-09-25,32.11.15.2002,Hegarmanah,kecamatan,yes,-6.938,107.7556,Asia/Jakarta,"BMKG representative point: Hegarmanah, Kecamatan Jatinangor",25-09-2026,BMKG,BMKG,05:00,2026-09-25 04:00:00,20.0,91.0,0.0,0.6,60.0,1.3169,Berawan,Berawan
jatinangor,"Jatinangor, Sumedang",2026-09-25,32.11.15.2002,Hegarmanah,kecamatan,yes,-6.938,107.7556,Asia/Jakarta,"BMKG representative point: Hegarmanah, Kecamatan Jatinangor",25-09-2026,BMKG,BMKG,06:00,2026-09-25 07:00:00,24.0,70.0,0.0,2.2,60.0,1.3169,Berawan,Berawan
jatinangor,"Jatinangor, Sumedang",2026-09-25,32.11.15.2002,Hegarmanah,kecamatan,yes,-6.938,107.7556,Asia/Jakarta,"BMKG representative point: Hegarmanah, Kecamatan Jatinangor",25-09-2026,BMKG,BMKG,07:00,2026-09-25 07:00:00,24.0,70.0,0.0,2.2,0.0,1.7559,Berawan,Berawan
jatinangor,"Jatinangor, Sumedang",2026-09-25,32.11.15.2002,Hegarmanah,kecamatan,yes,-6.938,107.7556,Asia/Jakarta,"BMKG representative point: Hegarmanah, Kecamatan Jatinangor",25-09-2026,BMKG,BMKG,08:00,2026-09-25 07:00:00,24.0,70.0,0.0,2.2,60.0,1.3169,Berawan,Berawan
jatinangor,"Jatinangor, Sumedang",2026-09-25,32.11.15.2002,Hegarmanah,kecamatan,yes,-6.938,107.7556,Asia/Jakarta,"BMKG representative point: Hegarmanah, Kecamatan Jatinangor",25-09-2026,BMKG,BMKG,09:00,2026-09-25 10:00:00,30.0,49.0,0.0,6.9,60.0,1.3169,Cerah,Cerah
jatinangor,"Jatinangor, Sumedang",2026-09-25,32.11.15.2002,Hegarmanah,kecamatan,yes,-6.938,107.7556,Asia/Jakarta,"BMKG representative point: Hegarmanah, Kecamatan Jatinangor",25-09-2026,BMKG,BMKG,10:00,2026-09-25 10:00:00,30.0,49.0,0.0,6.9,0.0,1.7559,Cerah,Cerah
jatinangor,"Jatinangor, Sumedang",2026-09-25,32.11.15.2002,Hegarmanah,kecamatan,yes,-6.938,107.7556,Asia/Jakarta,"BMKG representative point: Hegarmanah, Kecamatan Jatinangor",25-09-2026,BMKG,BMKG,11:00,2026-09-25 10:00:00,30.0,49.0,0.0,6.9,60.0,1.3169,Cerah,Cerah
jatinangor,"Jatinangor, Sumedang",2026-09-25,32.11.15.2002,Hegarmanah,kecamatan,yes,-6.938,107.7556,Asia/Jakarta,"BMKG representative point: Hegarmanah, Kecamatan Jatinangor",25-09-2026,BMKG,BMKG,12:00,2026-09-25 13:00:00,30.0,45.0,1.5,8.6,60.0,1.3169,Hujan Ringan,Hujan Ringan
jatinangor,"Jatinangor, Sumedang",2026-09-25,32.11.15.2002,Hegarmanah,kecamatan,yes,-6.938,107.7556,Asia/Jakarta,"BMKG representative point: Hegarmanah, Kecamatan Jatinangor",25-09-2026,BMKG,BMKG,13:00,2026-09-25 13:00:00,30.0,45.0,1.5,8.6,0.0,1.7559,Hujan Ringan,Hujan Ringan
jatinangor,"Jatinangor, Sumedang",2026-09-25,32.11.15.2002,Hegarmanah,kecamatan,yes,-6.938,107.7556,Asia/Jakarta,"BMKG representative point: Hegarmanah, Kecamatan Jatinangor",25-09-2026,BMKG,BMKG,14:00,2026-09-25 13:00:00,30.0,45.0,1.5,8.6,60.0,1.3169,Hujan Ringan,Hujan Ringan
jatinangor,"Jatinangor, Sumedang",2026-09-25,32.11.15.2002,Hegarmanah,kecamatan,yes,-6.938,107.7556,Asia/Jakarta,"BMKG representative point: Hegarmanah, Kecamatan Jatinangor",25-09-2026,BMKG,BMKG,15:00,2026-09-25 16:00:00,25.0,58.0,0.0,4.9,60.0,1.3169,Cerah,Cerah
jatinangor,"Jatinangor, Sumedang",2026-09-25,32.11.15.2002,Hegarmanah,kecamatan,yes,-6.938,107.7556,Asia/Jakarta,"BMKG representative point: Hegarmanah, Kecamatan Jatinangor",25-09-2026,BMKG,BMKG,16:00,2026-09-25 16:00:00,25.0,58.0,0.0,4.9,0.0,1.7559,Cerah,Cerah
jatinangor,"Jatinangor, Sumedang",2026-09-25,32.11.15.2002,Hegarmanah,kecamatan,yes,-6.938,107.7556,Asia/Jakarta,"BMKG representative point: Hegarmanah, Kecamatan Jatinangor",25-09-2026,BMKG,BMKG,17:00,2026-09-25 16:00:00,25.0,58.0,0.0,4.9,60.0,1.3169,Cerah,Cerah
jatinangor,"Jatinangor, Sumedang",2026-09-25,32.11.15.2002,Hegarmanah,kecamatan,yes,-6.938,107.7556,Asia/Jakarta,"BMKG representative point: Hegarmanah, Kecamatan Jatinangor",25-09-2026,BMKG,BMKG,18:00,2026-09-25 19:00:00,22.0,70.0,0.0,3.3,60.0,1.3169,Cerah,Cerah
jatinangor,"Jatinangor, Sumedang",2026-09-25,32.11.15.2002,Hegarmanah,kecamatan,yes,-6.938,107.7556,Asia/Jakarta,"BMKG representative point: Hegarmanah, Kecamatan Jatinangor",25-09-2026,BMKG,BMKG,19:00,2026-09-25 19:00:00,22.0,70.0,0.0,3.3,0.0,1.7559,Cerah,Cerah
jatinangor,"Jatinangor, Sumedang",2026-09-25,32.11.15.2002,Hegarmanah,kecamatan,yes,-6.938,107.7556,Asia/Jakarta,"BMKG representative point: Hegarmanah, Kecamatan Jatinangor",25-09-2026,BMKG,BMKG,20:00,2026-09-25 19:00:00,22.0,70.0,0.0,3.3,60.0,1.3169,Cerah,Cerah
jatinangor,"Jatinangor, Sumedang",2026-09-25,32.11.15.2002,Hegarmanah,kecamatan,yes,-6.938,107.7556,Asia/Jakarta,"BMKG representative point: Hegarmanah, Kecamatan Jatinangor",25-09-2026,BMKG,BMKG,21:00,2026-09-25 22:00:00,21.0,80.0,0.0,0.7,60.0,1.3169,Cerah,Cerah
jatinangor,"Jatinangor, Sumedang",2026-09-25,32.11.15.2002,Hegarmanah,kecamatan,yes,-6.938,107.7556,Asia/Jakarta,"BMKG representative point: Hegarmanah, Kecamatan Jatinangor",25-09-2026,BMKG,BMKG,22:00,2026-09-25 22:00:00,21.0,80.0,0.0,0.7,0.0,1.7559,Cerah,Cerah
jatinangor,"Jatinangor, Sumedang",2026-09-25,32.11.15.2002,Hegarmanah,kecamatan,yes,-6.938,107.7556,Asia/Jakarta,"BMKG representative point: Hegarmanah, Kecamatan Jatinangor",25-09-2026,BMKG,BMKG,23:00,2026-09-25 22:00:00,21.0,80.0,0.0,0.7,60.0,1.3169,Cerah,Cerah
jatinangor,"Jatinangor, Sumedang",2026-09-25,32.11.15.2002,Hegarmanah,kecamatan,yes,-6.938,107.7556,Asia/Jakarta,"BMKG representative point: Hegarmanah, Kecamatan Jatinangor",25-09-2026,CMA,Open-Meteo / CMA GRAPES,00:00,2026-09-25 00:00:00,22.5,95.0,0.0,2.9,0.0,1.1401,Cerah,wmo:0
jatinangor,"Jatinangor, Sumedang",2026-09-25,32.11.15.2002,Hegarmanah,kecamatan,yes,-6.938,107.7556,Asia/Jakarta,"BMKG representative point: Hegarmanah, Kecamatan Jatinangor",25-09-2026,CMA,Open-Meteo / CMA GRAPES,01:00,2026-09-25 01:00:00,22.1,95.0,0.0,2.6,0.0,1.1401,Cerah,wmo:0
jatinangor,"Jatinangor, Sumedang",2026-09-25,32.11.15.2002,Hegarmanah,kecamatan,yes,-6.938,107.7556,Asia/Jakarta,"BMKG representative point: Hegarmanah, Kecamatan Jatinangor",25-09-2026,CMA,Open-Meteo / CMA GRAPES,02:00,2026-09-25 02:00:00,21.8,95.0,0.0,2.5,0.0,1.1401,Cerah,wmo:0
jatinangor,"Jatinangor, Sumedang",2026-09-25,32.11.15.2002,Hegarmanah,kecamatan,yes,-6.938,107.7556,Asia/Jakarta,"BMKG representative point: Hegarmanah, Kecamatan Jatinangor",25-09-2026,CMA,Open-Meteo / CMA GRAPES,03:00,2026-09-25 03:00:00,21.6,95.0,0.0,2.5,0.0,1.1401,Cerah,wmo:0
jatinangor,"Jatinangor, Sumedang",2026-09-25,32.11.15.2002,Hegarmanah,kecamatan,yes,-6.938,107.7556,Asia/Jakarta,"BMKG representative point: Hegarmanah, Kecamatan Jatinangor",25-09-2026,CMA,Open-Meteo / CMA GRAPES,04:00,2026-09-25 04:00:00,21.6,93.0,0.0,2.9,0.0,1.1401,Cerah,wmo:0
jatinangor,"Jatinangor, Sumedang",2026-09-25,32.11.15.2002,Hegarmanah,kecamatan,yes,-6.938,107.7556,Asia/Jakarta,"BMKG representative point: Hegarmanah, Kecamatan Jatinangor",25-09-2026,CMA,Open-Meteo / CMA GRAPES,05:00,2026-09-25 05:00:00,21.9,89.0,0.0,3.7,0.0,1.1401,Cerah,wmo:0
jatinangor,"Jatinangor, Sumedang",2026-09-25,32.11.15.2002,Hegarmanah,kecamatan,yes,-6.938,107.7556,Asia/Jakarta,"BMKG representative point: Hegarmanah, Kecamatan Jatinangor",25-09-2026,CMA,Open-Meteo / CMA GRAPES,06:00,2026-09-25 06:00:00,22.4,84.0,0.0,4.6,0.0,1.1401,Cerah,wmo:0
jatinangor,"Jatinangor, Sumedang",2026-09-25,32.11.15.2002,Hegarmanah,kecamatan,yes,-6.938,107.7556,Asia/Jakarta,"BMKG representative point: Hegarmanah, Kecamatan Jatinangor",25-09-2026,CMA,Open-Meteo / CMA GRAPES,07:00,2026-09-25 07:00:00,23.1,79.0,0.0,4.7,0.0,1.1401,Cerah,wmo:0
jatinangor,"Jatinangor, Sumedang",2026-09-25,32.11.15.2002,Hegarmanah,kecamatan,yes,-6.938,107.7556,Asia/Jakarta,"BMKG representative point: Hegarmanah, Kecamatan Jatinangor",25-09-2026,CMA,Open-Meteo / CMA GRAPES,08:00,2026-09-25 08:00:00,24.1,75.0,0.0,4.9,0.0,1.1401,Cerah Berawan,wmo:1
jatinangor,"Jatinangor, Sumedang",2026-09-25,32.11.15.2002,Hegarmanah,kecamatan,yes,-6.938,107.7556,Asia/Jakarta,"BMKG representative point: Hegarmanah, Kecamatan Jatinangor",25-09-2026,CMA,Open-Meteo / CMA GRAPES,09:00,2026-09-25 09:00:00,25.3,72.0,0.0,7.6,0.0,1.1401,Cerah Berawan,wmo:1
jatinangor,"Jatinangor, Sumedang",2026-09-25,32.11.15.2002,Hegarmanah,kecamatan,yes,-6.938,107.7556,Asia/Jakarta,"BMKG representative point: Hegarmanah, Kecamatan Jatinangor",25-09-2026,CMA,Open-Meteo / CMA GRAPES,10:00,2026-09-25 10:00:00,26.4,68.0,0.0,10.7,0.0,1.1401,Cerah Berawan,wmo:1
jatinangor,"Jatinangor, Sumedang",2026-09-25,32.11.15.2002,Hegarmanah,kecamatan,yes,-6.938,107.7556,Asia/Jakarta,"BMKG representative point: Hegarmanah, Kecamatan Jatinangor",25-09-2026,CMA,Open-Meteo / CMA GRAPES,11:00,2026-09-25 11:00:00,27.6,62.0,0.0,12.2,0.0,1.1401,Cerah Berawan,wmo:2
jatinangor,"Jatinangor, Sumedang",2026-09-25,32.11.15.2002,Hegarmanah,kecamatan,yes,-6.938,107.7556,Asia/Jakarta,"BMKG representative point: Hegarmanah, Kecamatan Jatinangor",25-09-2026,CMA,Open-Meteo / CMA GRAPES,12:00,2026-09-25 12:00:00,28.7,57.0,0.0,13.1,0.0,1.1401,Cerah Berawan,wmo:2
jatinangor,"Jatinangor, Sumedang",2026-09-25,32.11.15.2002,Hegarmanah,kecamatan,yes,-6.938,107.7556,Asia/Jakarta,"BMKG representative point: Hegarmanah, Kecamatan Jatinangor",25-09-2026,CMA,Open-Meteo / CMA GRAPES,13:00,2026-09-25 13:00:00,29.2,55.0,0.0,13.3,0.0,1.1401,Berawan,wmo:3
jatinangor,"Jatinangor, Sumedang",2026-09-25,32.11.15.2002,Hegarmanah,kecamatan,yes,-6.938,107.7556,Asia/Jakarta,"BMKG representative point: Hegarmanah, Kecamatan Jatinangor",25-09-2026,CMA,Open-Meteo / CMA GRAPES,14:00,2026-09-25 14:00:00,28.5,60.0,0.6,12.8,0.0,1.1401,Hujan Ringan,wmo:53
jatinangor,"Jatinangor, Sumedang",2026-09-25,32.11.15.2002,Hegarmanah,kecamatan,yes,-6.938,107.7556,Asia/Jakarta,"BMKG representative point: Hegarmanah, Kecamatan Jatinangor",25-09-2026,CMA,Open-Meteo / CMA GRAPES,15:00,2026-09-25 15:00:00,27.2,70.0,0.6,12.0,0.0,1.1401,Hujan Ringan,wmo:53
jatinangor,"Jatinangor, Sumedang",2026-09-25,32.11.15.2002,Hegarmanah,kecamatan,yes,-6.938,107.7556,Asia/Jakarta,"BMKG representative point: Hegarmanah, Kecamatan Jatinangor",25-09-2026,CMA,Open-Meteo / CMA GRAPES,16:00,2026-09-25 16:00:00,25.9,78.0,0.6,11.2,0.0,1.1401,Hujan Ringan,wmo:53
jatinangor,"Jatinangor, Sumedang",2026-09-25,32.11.15.2002,Hegarmanah,kecamatan,yes,-6.938,107.7556,Asia/Jakarta,"BMKG representative point: Hegarmanah, Kecamatan Jatinangor",25-09-2026,CMA,Open-Meteo / CMA GRAPES,17:00,2026-09-25 17:00:00,25.1,83.0,0.6,9.9,0.0,1.1401,Hujan Ringan,wmo:53
jatinangor,"Jatinangor, Sumedang",2026-09-25,32.11.15.2002,Hegarmanah,kecamatan,yes,-6.938,107.7556,Asia/Jakarta,"BMKG representative point: Hegarmanah, Kecamatan Jatinangor",25-09-2026,CMA,Open-Meteo / CMA GRAPES,18:00,2026-09-25 18:00:00,24.3,87.0,0.6,8.2,0.0,1.1401,Hujan Ringan,wmo:53
jatinangor,"Jatinangor, Sumedang",2026-09-25,32.11.15.2002,Hegarmanah,kecamatan,yes,-6.938,107.7556,Asia/Jakarta,"BMKG representative point: Hegarmanah, Kecamatan Jatinangor",25-09-2026,CMA,Open-Meteo / CMA GRAPES,19:00,2026-09-25 19:00:00,23.7,90.0,0.6,6.4,0.0,1.1401,Hujan Ringan,wmo:53
jatinangor,"Jatinangor, Sumedang",2026-09-25,32.11.15.2002,Hegarmanah,kecamatan,yes,-6.938,107.7556,Asia/Jakarta,"BMKG representative point: Hegarmanah, Kecamatan Jatinangor",25-09-2026,CMA,Open-Meteo / CMA GRAPES,20:00,2026-09-25 20:00:00,23.3,93.0,0.2,4.8,0.0,1.1401,Hujan Ringan,wmo:51
jatinangor,"Jatinangor, Sumedang",2026-09-25,32.11.15.2002,Hegarmanah,kecamatan,yes,-6.938,107.7556,Asia/Jakarta,"BMKG representative point: Hegarmanah, Kecamatan Jatinangor",25-09-2026,CMA,Open-Meteo / CMA GRAPES,21:00,2026-09-25 21:00:00,22.9,95.0,0.2,3.4,0.0,1.1401,Hujan Ringan,wmo:51
jatinangor,"Jatinangor, Sumedang",2026-09-25,32.11.15.2002,Hegarmanah,kecamatan,yes,-6.938,107.7556,Asia/Jakarta,"BMKG representative point: Hegarmanah, Kecamatan Jatinangor",25-09-2026,CMA,Open-Meteo / CMA GRAPES,22:00,2026-09-25 22:00:00,22.7,96.0,0.2,2.3,0.0,1.1401,Hujan Ringan,wmo:51
jatinangor,"Jatinangor, Sumedang",2026-09-25,32.11.15.2002,Hegarmanah,kecamatan,yes,-6.938,107.7556,Asia/Jakarta,"BMKG representative point: Hegarmanah, Kecamatan Jatinangor",25-09-2026,CMA,Open-Meteo / CMA GRAPES,23:00,2026-09-25 23:00:00,22.7,95.0,0.5,1.8,0.0,1.1401,Hujan Ringan,wmo:53
jatinangor,"Jatinangor, Sumedang",2026-09-25,32.11.15.2002,Hegarmanah,kecamatan,yes,-6.938,107.7556,Asia/Jakarta,"BMKG representative point: Hegarmanah, Kecamatan Jatinangor",25-09-2026,ECMWF,Open-Meteo / ECMWF,00:00,2026-09-25 00:00:00,21.6,82.0,0.0,1.0,0.0,1.7269,Cerah Berawan,wmo:1
jatinangor,"Jatinangor, Sumedang",2026-09-25,32.11.15.2002,Hegarmanah,kecamatan,yes,-6.938,107.7556,Asia/Jakarta,"BMKG representative point: Hegarmanah, Kecamatan Jatinangor",25-09-2026,ECMWF,Open-Meteo / ECMWF,01:00,2026-09-25 01:00:00,21.2,84.0,0.0,0.5,0.0,1.7269,Cerah,wmo:0
jatinangor,"Jatinangor, Sumedang",2026-09-25,32.11.15.2002,Hegarmanah,kecamatan,yes,-6.938,107.7556,Asia/Jakarta,"BMKG representative point: Hegarmanah, Kecamatan Jatinangor",25-09-2026,ECMWF,Open-Meteo / ECMWF,02:00,2026-09-25 02:00:00,20.8,86.0,0.0,1.0,0.0,1.7269,Cerah,wmo:0
jatinangor,"Jatinangor, Sumedang",2026-09-25,32.11.15.2002,Hegarmanah,kecamatan,yes,-6.938,107.7556,Asia/Jakarta,"BMKG representative point: Hegarmanah, Kecamatan Jatinangor",25-09-2026,ECMWF,Open-Meteo / ECMWF,03:00,2026-09-25 03:00:00,20.5,89.0,0.0,1.5,0.0,1.7269,Cerah,wmo:0
jatinangor,"Jatinangor, Sumedang",2026-09-25,32.11.15.2002,Hegarmanah,kecamatan,yes,-6.938,107.7556,Asia/Jakarta,"BMKG representative point: Hegarmanah, Kecamatan Jatinangor",25-09-2026,ECMWF,Open-Meteo / ECMWF,04:00,2026-09-25 04:00:00,20.4,90.0,0.0,2.3,0.0,1.7269,Cerah Berawan,wmo:1
jatinangor,"Jatinangor, Sumedang",2026-09-25,32.11.15.2002,Hegarmanah,kecamatan,yes,-6.938,107.7556,Asia/Jakarta,"BMKG representative point: Hegarmanah, Kecamatan Jatinangor",25-09-2026,ECMWF,Open-Meteo / ECMWF,05:00,2026-09-25 05:00:00,20.5,91.0,0.0,2.4,0.0,1.7269,Cerah Berawan,wmo:1
jatinangor,"Jatinangor, Sumedang",2026-09-25,32.11.15.2002,Hegarmanah,kecamatan,yes,-6.938,107.7556,Asia/Jakarta,"BMKG representative point: Hegarmanah, Kecamatan Jatinangor",25-09-2026,ECMWF,Open-Meteo / ECMWF,06:00,2026-09-25 06:00:00,20.7,91.0,0.0,3.0,0.0,1.7269,Cerah Berawan,wmo:1
jatinangor,"Jatinangor, Sumedang",2026-09-25,32.11.15.2002,Hegarmanah,kecamatan,yes,-6.938,107.7556,Asia/Jakarta,"BMKG representative point: Hegarmanah, Kecamatan Jatinangor",25-09-2026,ECMWF,Open-Meteo / ECMWF,07:00,2026-09-25 07:00:00,21.8,87.0,0.0,3.3,0.0,1.7269,Cerah Berawan,wmo:1
jatinangor,"Jatinangor, Sumedang",2026-09-25,32.11.15.2002,Hegarmanah,kecamatan,yes,-6.938,107.7556,Asia/Jakarta,"BMKG representative point: Hegarmanah, Kecamatan Jatinangor",25-09-2026,ECMWF,Open-Meteo / ECMWF,08:00,2026-09-25 08:00:00,24.3,76.0,0.0,3.3,0.0,1.7269,Cerah Berawan,wmo:1
jatinangor,"Jatinangor, Sumedang",2026-09-25,32.11.15.2002,Hegarmanah,kecamatan,yes,-6.938,107.7556,Asia/Jakarta,"BMKG representative point: Hegarmanah, Kecamatan Jatinangor",25-09-2026,ECMWF,Open-Meteo / ECMWF,09:00,2026-09-25 09:00:00,27.6,61.0,0.0,3.2,0.0,1.7269,Cerah Berawan,wmo:2
jatinangor,"Jatinangor, Sumedang",2026-09-25,32.11.15.2002,Hegarmanah,kecamatan,yes,-6.938,107.7556,Asia/Jakarta,"BMKG representative point: Hegarmanah, Kecamatan Jatinangor",25-09-2026,ECMWF,Open-Meteo / ECMWF,10:00,2026-09-25 10:00:00,30.0,50.0,0.0,3.8,0.0,1.7269,Cerah Berawan,wmo:2
jatinangor,"Jatinangor, Sumedang",2026-09-25,32.11.15.2002,Hegarmanah,kecamatan,yes,-6.938,107.7556,Asia/Jakarta,"BMKG representative point: Hegarmanah, Kecamatan Jatinangor",25-09-2026,ECMWF,Open-Meteo / ECMWF,11:00,2026-09-25 11:00:00,30.8,45.0,0.0,6.1,0.0,1.7269,Berawan,wmo:3
jatinangor,"Jatinangor, Sumedang",2026-09-25,32.11.15.2002,Hegarmanah,kecamatan,yes,-6.938,107.7556,Asia/Jakarta,"BMKG representative point: Hegarmanah, Kecamatan Jatinangor",25-09-2026,ECMWF,Open-Meteo / ECMWF,12:00,2026-09-25 12:00:00,30.8,45.0,0.0,10.0,0.0,1.7269,Berawan,wmo:3
jatinangor,"Jatinangor, Sumedang",2026-09-25,32.11.15.2002,Hegarmanah,kecamatan,yes,-6.938,107.7556,Asia/Jakarta,"BMKG representative point: Hegarmanah, Kecamatan Jatinangor",25-09-2026,ECMWF,Open-Meteo / ECMWF,13:00,2026-09-25 13:00:00,30.4,46.0,0.0,11.4,0.0,1.7269,Berawan,wmo:3
jatinangor,"Jatinangor, Sumedang",2026-09-25,32.11.15.2002,Hegarmanah,kecamatan,yes,-6.938,107.7556,Asia/Jakarta,"BMKG representative point: Hegarmanah, Kecamatan Jatinangor",25-09-2026,ECMWF,Open-Meteo / ECMWF,14:00,2026-09-25 14:00:00,29.6,50.0,0.6,7.5,0.0,1.7269,Hujan Ringan,wmo:53
jatinangor,"Jatinangor, Sumedang",2026-09-25,32.11.15.2002,Hegarmanah,kecamatan,yes,-6.938,107.7556,Asia/Jakarta,"BMKG representative point: Hegarmanah, Kecamatan Jatinangor",25-09-2026,ECMWF,Open-Meteo / ECMWF,15:00,2026-09-25 15:00:00,28.3,56.0,0.6,2.2,0.0,1.7269,Hujan Ringan,wmo:53
jatinangor,"Jatinangor, Sumedang",2026-09-25,32.11.15.2002,Hegarmanah,kecamatan,yes,-6.938,107.7556,Asia/Jakarta,"BMKG representative point: Hegarmanah, Kecamatan Jatinangor",25-09-2026,ECMWF,Open-Meteo / ECMWF,16:00,2026-09-25 16:00:00,27.1,63.0,0.6,5.2,0.0,1.7269,Hujan Ringan,wmo:53
jatinangor,"Jatinangor, Sumedang",2026-09-25,32.11.15.2002,Hegarmanah,kecamatan,yes,-6.938,107.7556,Asia/Jakarta,"BMKG representative point: Hegarmanah, Kecamatan Jatinangor",25-09-2026,ECMWF,Open-Meteo / ECMWF,17:00,2026-09-25 17:00:00,25.9,70.0,0.1,5.6,0.0,1.7269,Hujan Ringan,wmo:51
jatinangor,"Jatinangor, Sumedang",2026-09-25,32.11.15.2002,Hegarmanah,kecamatan,yes,-6.938,107.7556,Asia/Jakarta,"BMKG representative point: Hegarmanah, Kecamatan Jatinangor",25-09-2026,ECMWF,Open-Meteo / ECMWF,18:00,2026-09-25 18:00:00,24.7,78.0,0.1,4.7,0.0,1.7269,Hujan Ringan,wmo:51
jatinangor,"Jatinangor, Sumedang",2026-09-25,32.11.15.2002,Hegarmanah,kecamatan,yes,-6.938,107.7556,Asia/Jakarta,"BMKG representative point: Hegarmanah, Kecamatan Jatinangor",25-09-2026,ECMWF,Open-Meteo / ECMWF,19:00,2026-09-25 19:00:00,23.6,84.0,0.1,4.1,0.0,1.7269,Hujan Ringan,wmo:51
jatinangor,"Jatinangor, Sumedang",2026-09-25,32.11.15.2002,Hegarmanah,kecamatan,yes,-6.938,107.7556,Asia/Jakarta,"BMKG representative point: Hegarmanah, Kecamatan Jatinangor",25-09-2026,ECMWF,Open-Meteo / ECMWF,20:00,2026-09-25 20:00:00,22.9,88.0,0.0,3.7,0.0,1.7269,Cerah,wmo:0
jatinangor,"Jatinangor, Sumedang",2026-09-25,32.11.15.2002,Hegarmanah,kecamatan,yes,-6.938,107.7556,Asia/Jakarta,"BMKG representative point: Hegarmanah, Kecamatan Jatinangor",25-09-2026,ECMWF,Open-Meteo / ECMWF,21:00,2026-09-25 21:00:00,22.3,91.0,0.0,3.4,0.0,1.7269,Cerah,wmo:0
jatinangor,"Jatinangor, Sumedang",2026-09-25,32.11.15.2002,Hegarmanah,kecamatan,yes,-6.938,107.7556,Asia/Jakarta,"BMKG representative point: Hegarmanah, Kecamatan Jatinangor",25-09-2026,ECMWF,Open-Meteo / ECMWF,22:00,2026-09-25 22:00:00,21.8,93.0,0.0,3.0,0.0,1.7269,Cerah,wmo:0
jatinangor,"Jatinangor, Sumedang",2026-09-25,32.11.15.2002,Hegarmanah,kecamatan,yes,-6.938,107.7556,Asia/Jakarta,"BMKG representative point: Hegarmanah, Kecamatan Jatinangor",25-09-2026,ECMWF,Open-Meteo / ECMWF,23:00,2026-09-25 23:00:00,21.4,94.0,0.0,3.0,0.0,1.7269,Cerah,wmo:0
jatinangor,"Jatinangor, Sumedang",2026-09-25,32.11.15.2002,Hegarmanah,kecamatan,yes,-6.938,107.7556,Asia/Jakarta,"BMKG representative point: Hegarmanah, Kecamatan Jatinangor",25-09-2026,GFS,Open-Meteo / NOAA GFS,00:00,2026-09-25 00:00:00,19.9,86.0,0.0,3.4,0.0,1.3882,Berawan,wmo:3
jatinangor,"Jatinangor, Sumedang",2026-09-25,32.11.15.2002,Hegarmanah,kecamatan,yes,-6.938,107.7556,Asia/Jakarta,"BMKG representative point: Hegarmanah, Kecamatan Jatinangor",25-09-2026,GFS,Open-Meteo / NOAA GFS,01:00,2026-09-25 01:00:00,19.7,87.0,0.0,4.3,0.0,1.3882,Cerah Berawan,wmo:2
jatinangor,"Jatinangor, Sumedang",2026-09-25,32.11.15.2002,Hegarmanah,kecamatan,yes,-6.938,107.7556,Asia/Jakarta,"BMKG representative point: Hegarmanah, Kecamatan Jatinangor",25-09-2026,GFS,Open-Meteo / NOAA GFS,02:00,2026-09-25 02:00:00,19.5,90.0,0.0,3.3,0.0,1.3882,Cerah Berawan,wmo:2
jatinangor,"Jatinangor, Sumedang",2026-09-25,32.11.15.2002,Hegarmanah,kecamatan,yes,-6.938,107.7556,Asia/Jakarta,"BMKG representative point: Hegarmanah, Kecamatan Jatinangor",25-09-2026,GFS,Open-Meteo / NOAA GFS,03:00,2026-09-25 03:00:00,19.4,91.0,0.0,3.6,0.0,1.3882,Berawan,wmo:3
jatinangor,"Jatinangor, Sumedang",2026-09-25,32.11.15.2002,Hegarmanah,kecamatan,yes,-6.938,107.7556,Asia/Jakarta,"BMKG representative point: Hegarmanah, Kecamatan Jatinangor",25-09-2026,GFS,Open-Meteo / NOAA GFS,04:00,2026-09-25 04:00:00,19.2,92.0,0.0,3.8,0.0,1.3882,Cerah Berawan,wmo:1
jatinangor,"Jatinangor, Sumedang",2026-09-25,32.11.15.2002,Hegarmanah,kecamatan,yes,-6.938,107.7556,Asia/Jakarta,"BMKG representative point: Hegarmanah, Kecamatan Jatinangor",25-09-2026,GFS,Open-Meteo / NOAA GFS,05:00,2026-09-25 05:00:00,19.1,92.0,0.0,4.2,0.0,1.3882,Berawan,wmo:3
jatinangor,"Jatinangor, Sumedang",2026-09-25,32.11.15.2002,Hegarmanah,kecamatan,yes,-6.938,107.7556,Asia/Jakarta,"BMKG representative point: Hegarmanah, Kecamatan Jatinangor",25-09-2026,GFS,Open-Meteo / NOAA GFS,06:00,2026-09-25 06:00:00,19.7,88.0,0.0,4.2,0.0,1.3882,Berawan,wmo:3
jatinangor,"Jatinangor, Sumedang",2026-09-25,32.11.15.2002,Hegarmanah,kecamatan,yes,-6.938,107.7556,Asia/Jakarta,"BMKG representative point: Hegarmanah, Kecamatan Jatinangor",25-09-2026,GFS,Open-Meteo / NOAA GFS,07:00,2026-09-25 07:00:00,22.6,74.0,0.0,4.2,0.0,1.3882,Berawan,wmo:3
jatinangor,"Jatinangor, Sumedang",2026-09-25,32.11.15.2002,Hegarmanah,kecamatan,yes,-6.938,107.7556,Asia/Jakarta,"BMKG representative point: Hegarmanah, Kecamatan Jatinangor",25-09-2026,GFS,Open-Meteo / NOAA GFS,08:00,2026-09-25 08:00:00,26.2,59.0,0.0,4.3,0.0,1.3882,Berawan,wmo:3
jatinangor,"Jatinangor, Sumedang",2026-09-25,32.11.15.2002,Hegarmanah,kecamatan,yes,-6.938,107.7556,Asia/Jakarta,"BMKG representative point: Hegarmanah, Kecamatan Jatinangor",25-09-2026,GFS,Open-Meteo / NOAA GFS,09:00,2026-09-25 09:00:00,30.1,46.0,0.0,3.1,0.0,1.3882,Berawan,wmo:3
jatinangor,"Jatinangor, Sumedang",2026-09-25,32.11.15.2002,Hegarmanah,kecamatan,yes,-6.938,107.7556,Asia/Jakarta,"BMKG representative point: Hegarmanah, Kecamatan Jatinangor",25-09-2026,GFS,Open-Meteo / NOAA GFS,10:00,2026-09-25 10:00:00,31.6,41.0,0.0,6.4,0.0,1.3882,Berawan,wmo:3
jatinangor,"Jatinangor, Sumedang",2026-09-25,32.11.15.2002,Hegarmanah,kecamatan,yes,-6.938,107.7556,Asia/Jakarta,"BMKG representative point: Hegarmanah, Kecamatan Jatinangor",25-09-2026,GFS,Open-Meteo / NOAA GFS,11:00,2026-09-25 11:00:00,32.3,39.0,0.0,10.8,0.0,1.3882,Berawan,wmo:3
jatinangor,"Jatinangor, Sumedang",2026-09-25,32.11.15.2002,Hegarmanah,kecamatan,yes,-6.938,107.7556,Asia/Jakarta,"BMKG representative point: Hegarmanah, Kecamatan Jatinangor",25-09-2026,GFS,Open-Meteo / NOAA GFS,12:00,2026-09-25 12:00:00,31.4,41.0,0.0,16.2,0.0,1.3882,Berawan,wmo:3
jatinangor,"Jatinangor, Sumedang",2026-09-25,32.11.15.2002,Hegarmanah,kecamatan,yes,-6.938,107.7556,Asia/Jakarta,"BMKG representative point: Hegarmanah, Kecamatan Jatinangor",25-09-2026,GFS,Open-Meteo / NOAA GFS,13:00,2026-09-25 13:00:00,28.9,48.0,0.1,11.4,0.0,1.3882,Hujan Ringan,wmo:51
jatinangor,"Jatinangor, Sumedang",2026-09-25,32.11.15.2002,Hegarmanah,kecamatan,yes,-6.938,107.7556,Asia/Jakarta,"BMKG representative point: Hegarmanah, Kecamatan Jatinangor",25-09-2026,GFS,Open-Meteo / NOAA GFS,14:00,2026-09-25 14:00:00,27.9,53.0,0.1,2.2,0.0,1.3882,Hujan Ringan,wmo:51
jatinangor,"Jatinangor, Sumedang",2026-09-25,32.11.15.2002,Hegarmanah,kecamatan,yes,-6.938,107.7556,Asia/Jakarta,"BMKG representative point: Hegarmanah, Kecamatan Jatinangor",25-09-2026,GFS,Open-Meteo / NOAA GFS,15:00,2026-09-25 15:00:00,25.4,65.0,0.3,8.4,0.0,1.3882,Hujan Ringan,wmo:51
jatinangor,"Jatinangor, Sumedang",2026-09-25,32.11.15.2002,Hegarmanah,kecamatan,yes,-6.938,107.7556,Asia/Jakarta,"BMKG representative point: Hegarmanah, Kecamatan Jatinangor",25-09-2026,GFS,Open-Meteo / NOAA GFS,16:00,2026-09-25 16:00:00,24.1,73.0,0.1,8.7,0.0,1.3882,Hujan Ringan,wmo:51
jatinangor,"Jatinangor, Sumedang",2026-09-25,32.11.15.2002,Hegarmanah,kecamatan,yes,-6.938,107.7556,Asia/Jakarta,"BMKG representative point: Hegarmanah, Kecamatan Jatinangor",25-09-2026,GFS,Open-Meteo / NOAA GFS,17:00,2026-09-25 17:00:00,24.4,72.0,0.0,5.1,0.0,1.3882,Berawan,wmo:3
jatinangor,"Jatinangor, Sumedang",2026-09-25,32.11.15.2002,Hegarmanah,kecamatan,yes,-6.938,107.7556,Asia/Jakarta,"BMKG representative point: Hegarmanah, Kecamatan Jatinangor",25-09-2026,GFS,Open-Meteo / NOAA GFS,18:00,2026-09-25 18:00:00,22.6,81.0,0.1,2.7,0.0,1.3882,Hujan Ringan,wmo:51
jatinangor,"Jatinangor, Sumedang",2026-09-25,32.11.15.2002,Hegarmanah,kecamatan,yes,-6.938,107.7556,Asia/Jakarta,"BMKG representative point: Hegarmanah, Kecamatan Jatinangor",25-09-2026,GFS,Open-Meteo / NOAA GFS,19:00,2026-09-25 19:00:00,22.8,81.0,0.0,4.1,0.0,1.3882,Berawan,wmo:3
jatinangor,"Jatinangor, Sumedang",2026-09-25,32.11.15.2002,Hegarmanah,kecamatan,yes,-6.938,107.7556,Asia/Jakarta,"BMKG representative point: Hegarmanah, Kecamatan Jatinangor",25-09-2026,GFS,Open-Meteo / NOAA GFS,20:00,2026-09-25 20:00:00,22.4,84.0,0.0,3.3,0.0,1.3882,Cerah Berawan,wmo:2
jatinangor,"Jatinangor, Sumedang",2026-09-25,32.11.15.2002,Hegarmanah,kecamatan,yes,-6.938,107.7556,Asia/Jakarta,"BMKG representative point: Hegarmanah, Kecamatan Jatinangor",25-09-2026,GFS,Open-Meteo / NOAA GFS,21:00,2026-09-25 21:00:00,22.4,85.0,0.1,1.8,0.0,1.3882,Hujan Ringan,wmo:51
jatinangor,"Jatinangor, Sumedang",2026-09-25,32.11.15.2002,Hegarmanah,kecamatan,yes,-6.938,107.7556,Asia/Jakarta,"BMKG representative point: Hegarmanah, Kecamatan Jatinangor",25-09-2026,GFS,Open-Meteo / NOAA GFS,22:00,2026-09-25 22:00:00,22.2,86.0,0.0,2.9,0.0,1.3882,Berawan,wmo:3
jatinangor,"Jatinangor, Sumedang",2026-09-25,32.11.15.2002,Hegarmanah,kecamatan,yes,-6.938,107.7556,Asia/Jakarta,"BMKG representative point: Hegarmanah, Kecamatan Jatinangor",25-09-2026,GFS,Open-Meteo / NOAA GFS,23:00,2026-09-25 23:00:00,21.8,88.0,0.0,2.7,0.0,1.3882,Berawan,wmo:3
jatinangor,"Jatinangor, Sumedang",2026-09-25,32.11.15.2002,Hegarmanah,kecamatan,yes,-6.938,107.7556,Asia/Jakarta,"BMKG representative point: Hegarmanah, Kecamatan Jatinangor",25-09-2026,ICON,Open-Meteo / DWD ICON,00:00,2026-09-25 00:00:00,20.4,93.0,0.0,3.8,0.0,1.4444,Cerah,wmo:0
jatinangor,"Jatinangor, Sumedang",2026-09-25,32.11.15.2002,Hegarmanah,kecamatan,yes,-6.938,107.7556,Asia/Jakarta,"BMKG representative point: Hegarmanah, Kecamatan Jatinangor",25-09-2026,ICON,Open-Meteo / DWD ICON,01:00,2026-09-25 01:00:00,20.1,95.0,0.0,3.8,0.0,1.4444,Cerah Berawan,wmo:1
jatinangor,"Jatinangor, Sumedang",2026-09-25,32.11.15.2002,Hegarmanah,kecamatan,yes,-6.938,107.7556,Asia/Jakarta,"BMKG representative point: Hegarmanah, Kecamatan Jatinangor",25-09-2026,ICON,Open-Meteo / DWD ICON,02:00,2026-09-25 02:00:00,19.9,94.0,0.0,3.9,0.0,1.4444,Cerah Berawan,wmo:1
jatinangor,"Jatinangor, Sumedang",2026-09-25,32.11.15.2002,Hegarmanah,kecamatan,yes,-6.938,107.7556,Asia/Jakarta,"BMKG representative point: Hegarmanah, Kecamatan Jatinangor",25-09-2026,ICON,Open-Meteo / DWD ICON,03:00,2026-09-25 03:00:00,19.9,91.0,0.0,3.3,0.0,1.4444,Cerah Berawan,wmo:1
jatinangor,"Jatinangor, Sumedang",2026-09-25,32.11.15.2002,Hegarmanah,kecamatan,yes,-6.938,107.7556,Asia/Jakarta,"BMKG representative point: Hegarmanah, Kecamatan Jatinangor",25-09-2026,ICON,Open-Meteo / DWD ICON,04:00,2026-09-25 04:00:00,19.6,90.0,0.0,3.9,0.0,1.4444,Cerah,wmo:0
jatinangor,"Jatinangor, Sumedang",2026-09-25,32.11.15.2002,Hegarmanah,kecamatan,yes,-6.938,107.7556,Asia/Jakarta,"BMKG representative point: Hegarmanah, Kecamatan Jatinangor",25-09-2026,ICON,Open-Meteo / DWD ICON,05:00,2026-09-25 05:00:00,19.3,90.0,0.0,4.0,0.0,1.4444,Cerah,wmo:0
jatinangor,"Jatinangor, Sumedang",2026-09-25,32.11.15.2002,Hegarmanah,kecamatan,yes,-6.938,107.7556,Asia/Jakarta,"BMKG representative point: Hegarmanah, Kecamatan Jatinangor",25-09-2026,ICON,Open-Meteo / DWD ICON,06:00,2026-09-25 06:00:00,19.2,90.0,0.0,4.2,0.0,1.4444,Cerah,wmo:0
jatinangor,"Jatinangor, Sumedang",2026-09-25,32.11.15.2002,Hegarmanah,kecamatan,yes,-6.938,107.7556,Asia/Jakarta,"BMKG representative point: Hegarmanah, Kecamatan Jatinangor",25-09-2026,ICON,Open-Meteo / DWD ICON,07:00,2026-09-25 07:00:00,22.1,81.0,0.0,1.6,0.0,1.4444,Cerah,wmo:0
jatinangor,"Jatinangor, Sumedang",2026-09-25,32.11.15.2002,Hegarmanah,kecamatan,yes,-6.938,107.7556,Asia/Jakarta,"BMKG representative point: Hegarmanah, Kecamatan Jatinangor",25-09-2026,ICON,Open-Meteo / DWD ICON,08:00,2026-09-25 08:00:00,25.9,66.0,0.0,2.9,0.0,1.4444,Cerah,wmo:0
jatinangor,"Jatinangor, Sumedang",2026-09-25,32.11.15.2002,Hegarmanah,kecamatan,yes,-6.938,107.7556,Asia/Jakarta,"BMKG representative point: Hegarmanah, Kecamatan Jatinangor",25-09-2026,ICON,Open-Meteo / DWD ICON,09:00,2026-09-25 09:00:00,28.1,59.0,0.0,5.1,0.0,1.4444,Cerah,wmo:0
jatinangor,"Jatinangor, Sumedang",2026-09-25,32.11.15.2002,Hegarmanah,kecamatan,yes,-6.938,107.7556,Asia/Jakarta,"BMKG representative point: Hegarmanah, Kecamatan Jatinangor",25-09-2026,ICON,Open-Meteo / DWD ICON,10:00,2026-09-25 10:00:00,30.1,53.0,0.0,6.5,0.0,1.4444,Cerah,wmo:0
jatinangor,"Jatinangor, Sumedang",2026-09-25,32.11.15.2002,Hegarmanah,kecamatan,yes,-6.938,107.7556,Asia/Jakarta,"BMKG representative point: Hegarmanah, Kecamatan Jatinangor",25-09-2026,ICON,Open-Meteo / DWD ICON,11:00,2026-09-25 11:00:00,31.6,47.0,0.0,7.4,0.0,1.4444,Cerah Berawan,wmo:1
jatinangor,"Jatinangor, Sumedang",2026-09-25,32.11.15.2002,Hegarmanah,kecamatan,yes,-6.938,107.7556,Asia/Jakarta,"BMKG representative point: Hegarmanah, Kecamatan Jatinangor",25-09-2026,ICON,Open-Meteo / DWD ICON,12:00,2026-09-25 12:00:00,32.8,42.0,0.0,7.5,0.0,1.4444,Cerah Berawan,wmo:2
jatinangor,"Jatinangor, Sumedang",2026-09-25,32.11.15.2002,Hegarmanah,kecamatan,yes,-6.938,107.7556,Asia/Jakarta,"BMKG representative point: Hegarmanah, Kecamatan Jatinangor",25-09-2026,ICON,Open-Meteo / DWD ICON,13:00,2026-09-25 13:00:00,33.3,39.0,0.0,10.4,0.0,1.4444,Cerah Berawan,wmo:1
jatinangor,"Jatinangor, Sumedang",2026-09-25,32.11.15.2002,Hegarmanah,kecamatan,yes,-6.938,107.7556,Asia/Jakarta,"BMKG representative point: Hegarmanah, Kecamatan Jatinangor",25-09-2026,ICON,Open-Meteo / DWD ICON,14:00,2026-09-25 14:00:00,33.2,39.0,0.0,14.0,0.0,1.4444,Berawan,wmo:3
jatinangor,"Jatinangor, Sumedang",2026-09-25,32.11.15.2002,Hegarmanah,kecamatan,yes,-6.938,107.7556,Asia/Jakarta,"BMKG representative point: Hegarmanah, Kecamatan Jatinangor",25-09-2026,ICON,Open-Meteo / DWD ICON,15:00,2026-09-25 15:00:00,32.1,40.0,0.0,17.1,0.0,1.4444,Berawan,wmo:3
jatinangor,"Jatinangor, Sumedang",2026-09-25,32.11.15.2002,Hegarmanah,kecamatan,yes,-6.938,107.7556,Asia/Jakarta,"BMKG representative point: Hegarmanah, Kecamatan Jatinangor",25-09-2026,ICON,Open-Meteo / DWD ICON,16:00,2026-09-25 16:00:00,30.5,40.0,0.0,17.9,0.0,1.4444,Berawan,wmo:3
jatinangor,"Jatinangor, Sumedang",2026-09-25,32.11.15.2002,Hegarmanah,kecamatan,yes,-6.938,107.7556,Asia/Jakarta,"BMKG representative point: Hegarmanah, Kecamatan Jatinangor",25-09-2026,ICON,Open-Meteo / DWD ICON,17:00,2026-09-25 17:00:00,28.9,45.0,0.0,14.9,0.0,1.4444,Berawan,wmo:3
jatinangor,"Jatinangor, Sumedang",2026-09-25,32.11.15.2002,Hegarmanah,kecamatan,yes,-6.938,107.7556,Asia/Jakarta,"BMKG representative point: Hegarmanah, Kecamatan Jatinangor",25-09-2026,ICON,Open-Meteo / DWD ICON,18:00,2026-09-25 18:00:00,27.4,49.0,0.0,10.5,0.0,1.4444,Berawan,wmo:3
jatinangor,"Jatinangor, Sumedang",2026-09-25,32.11.15.2002,Hegarmanah,kecamatan,yes,-6.938,107.7556,Asia/Jakarta,"BMKG representative point: Hegarmanah, Kecamatan Jatinangor",25-09-2026,ICON,Open-Meteo / DWD ICON,19:00,2026-09-25 19:00:00,26.4,53.0,0.0,7.4,0.0,1.4444,Cerah Berawan,wmo:2
jatinangor,"Jatinangor, Sumedang",2026-09-25,32.11.15.2002,Hegarmanah,kecamatan,yes,-6.938,107.7556,Asia/Jakarta,"BMKG representative point: Hegarmanah, Kecamatan Jatinangor",25-09-2026,ICON,Open-Meteo / DWD ICON,20:00,2026-09-25 20:00:00,25.4,58.0,0.0,4.7,0.0,1.4444,Cerah Berawan,wmo:2
jatinangor,"Jatinangor, Sumedang",2026-09-25,32.11.15.2002,Hegarmanah,kecamatan,yes,-6.938,107.7556,Asia/Jakarta,"BMKG representative point: Hegarmanah, Kecamatan Jatinangor",25-09-2026,ICON,Open-Meteo / DWD ICON,21:00,2026-09-25 21:00:00,24.2,65.0,0.0,3.2,0.0,1.4444,Cerah Berawan,wmo:1
jatinangor,"Jatinangor, Sumedang",2026-09-25,32.11.15.2002,Hegarmanah,kecamatan,yes,-6.938,107.7556,Asia/Jakarta,"BMKG representative point: Hegarmanah, Kecamatan Jatinangor",25-09-2026,ICON,Open-Meteo / DWD ICON,22:00,2026-09-25 22:00:00,23.4,74.0,0.0,2.3,0.0,1.4444,Cerah Berawan,wmo:1
jatinangor,"Jatinangor, Sumedang",2026-09-25,32.11.15.2002,Hegarmanah,kecamatan,yes,-6.938,107.7556,Asia/Jakarta,"BMKG representative point: Hegarmanah, Kecamatan Jatinangor",25-09-2026,ICON,Open-Meteo / DWD ICON,23:00,2026-09-25 23:00:00,22.5,82.0,0.0,2.6,0.0,1.4444,Cerah Berawan,wmo:1
jatinangor,"Jatinangor, Sumedang",2026-09-25,32.11.15.2002,Hegarmanah,kecamatan,yes,-6.938,107.7556,Asia/Jakarta,"BMKG representative point: Hegarmanah, Kecamatan Jatinangor",25-09-2026,KMA,Open-Meteo / KMA,00:00,2026-09-25 00:00:00,,,,,0.0,0.5502,Berawan,wmo:None
jatinangor,"Jatinangor, Sumedang",2026-09-25,32.11.15.2002,Hegarmanah,kecamatan,yes,-6.938,107.7556,Asia/Jakarta,"BMKG representative point: Hegarmanah, Kecamatan Jatinangor",25-09-2026,KMA,Open-Meteo / KMA,01:00,2026-09-25 01:00:00,,,,,0.0,0.5502,Berawan,wmo:None
jatinangor,"Jatinangor, Sumedang",2026-09-25,32.11.15.2002,Hegarmanah,kecamatan,yes,-6.938,107.7556,Asia/Jakarta,"BMKG representative point: Hegarmanah, Kecamatan Jatinangor",25-09-2026,KMA,Open-Meteo / KMA,02:00,2026-09-25 02:00:00,,,,,0.0,0.5502,Berawan,wmo:None
jatinangor,"Jatinangor, Sumedang",2026-09-25,32.11.15.2002,Hegarmanah,kecamatan,yes,-6.938,107.7556,Asia/Jakarta,"BMKG representative point: Hegarmanah, Kecamatan Jatinangor",25-09-2026,KMA,Open-Meteo / KMA,03:00,2026-09-25 03:00:00,,,,,0.0,0.5502,Berawan,wmo:None
jatinangor,"Jatinangor, Sumedang",2026-09-25,32.11.15.2002,Hegarmanah,kecamatan,yes,-6.938,107.7556,Asia/Jakarta,"BMKG representative point: Hegarmanah, Kecamatan Jatinangor",25-09-2026,KMA,Open-Meteo / KMA,04:00,2026-09-25 04:00:00,,,,,0.0,0.5502,Berawan,wmo:None
jatinangor,"Jatinangor, Sumedang",2026-09-25,32.11.15.2002,Hegarmanah,kecamatan,yes,-6.938,107.7556,Asia/Jakarta,"BMKG representative point: Hegarmanah, Kecamatan Jatinangor",25-09-2026,KMA,Open-Meteo / KMA,05:00,2026-09-25 05:00:00,,,,,0.0,0.5502,Berawan,wmo:None
jatinangor,"Jatinangor, Sumedang",2026-09-25,32.11.15.2002,Hegarmanah,kecamatan,yes,-6.938,107.7556,Asia/Jakarta,"BMKG representative point: Hegarmanah, Kecamatan Jatinangor",25-09-2026,KMA,Open-Meteo / KMA,06:00,2026-09-25 06:00:00,,,,,0.0,0.5502,Berawan,wmo:None
jatinangor,"Jatinangor, Sumedang",2026-09-25,32.11.15.2002,Hegarmanah,kecamatan,yes,-6.938,107.7556,Asia/Jakarta,"BMKG representative point: Hegarmanah, Kecamatan Jatinangor",25-09-2026,KMA,Open-Meteo / KMA,07:00,2026-09-25 07:00:00,,,,,0.0,0.5502,Berawan,wmo:None
jatinangor,"Jatinangor, Sumedang",2026-09-25,32.11.15.2002,Hegarmanah,kecamatan,yes,-6.938,107.7556,Asia/Jakarta,"BMKG representative point: Hegarmanah, Kecamatan Jatinangor",25-09-2026,KMA,Open-Meteo / KMA,08:00,2026-09-25 08:00:00,,,,,0.0,0.5502,Berawan,wmo:None
jatinangor,"Jatinangor, Sumedang",2026-09-25,32.11.15.2002,Hegarmanah,kecamatan,yes,-6.938,107.7556,Asia/Jakarta,"BMKG representative point: Hegarmanah, Kecamatan Jatinangor",25-09-2026,KMA,Open-Meteo / KMA,09:00,2026-09-25 09:00:00,,,,,0.0,0.5502,Berawan,wmo:None
jatinangor,"Jatinangor, Sumedang",2026-09-25,32.11.15.2002,Hegarmanah,kecamatan,yes,-6.938,107.7556,Asia/Jakarta,"BMKG representative point: Hegarmanah, Kecamatan Jatinangor",25-09-2026,KMA,Open-Meteo / KMA,10:00,2026-09-25 10:00:00,,,,,0.0,0.5502,Berawan,wmo:None
jatinangor,"Jatinangor, Sumedang",2026-09-25,32.11.15.2002,Hegarmanah,kecamatan,yes,-6.938,107.7556,Asia/Jakarta,"BMKG representative point: Hegarmanah, Kecamatan Jatinangor",25-09-2026,KMA,Open-Meteo / KMA,11:00,2026-09-25 11:00:00,,,,,0.0,0.5502,Berawan,wmo:None
jatinangor,"Jatinangor, Sumedang",2026-09-25,32.11.15.2002,Hegarmanah,kecamatan,yes,-6.938,107.7556,Asia/Jakarta,"BMKG representative point: Hegarmanah, Kecamatan Jatinangor",25-09-2026,KMA,Open-Meteo / KMA,12:00,2026-09-25 12:00:00,,,,,0.0,0.5502,Berawan,wmo:None
jatinangor,"Jatinangor, Sumedang",2026-09-25,32.11.15.2002,Hegarmanah,kecamatan,yes,-6.938,107.7556,Asia/Jakarta,"BMKG representative point: Hegarmanah, Kecamatan Jatinangor",25-09-2026,KMA,Open-Meteo / KMA,13:00,2026-09-25 13:00:00,,,,,0.0,0.5502,Berawan,wmo:None
jatinangor,"Jatinangor, Sumedang",2026-09-25,32.11.15.2002,Hegarmanah,kecamatan,yes,-6.938,107.7556,Asia/Jakarta,"BMKG representative point: Hegarmanah, Kecamatan Jatinangor",25-09-2026,KMA,Open-Meteo / KMA,14:00,2026-09-25 14:00:00,,,,,0.0,0.5502,Berawan,wmo:None
jatinangor,"Jatinangor, Sumedang",2026-09-25,32.11.15.2002,Hegarmanah,kecamatan,yes,-6.938,107.7556,Asia/Jakarta,"BMKG representative point: Hegarmanah, Kecamatan Jatinangor",25-09-2026,KMA,Open-Meteo / KMA,15:00,2026-09-25 15:00:00,,,,,0.0,0.5502,Berawan,wmo:None
jatinangor,"Jatinangor, Sumedang",2026-09-25,32.11.15.2002,Hegarmanah,kecamatan,yes,-6.938,107.7556,Asia/Jakarta,"BMKG representative point: Hegarmanah, Kecamatan Jatinangor",25-09-2026,KMA,Open-Meteo / KMA,16:00,2026-09-25 16:00:00,,,,,0.0,0.5502,Berawan,wmo:None
jatinangor,"Jatinangor, Sumedang",2026-09-25,32.11.15.2002,Hegarmanah,kecamatan,yes,-6.938,107.7556,Asia/Jakarta,"BMKG representative point: Hegarmanah, Kecamatan Jatinangor",25-09-2026,KMA,Open-Meteo / KMA,17:00,2026-09-25 17:00:00,,,,,0.0,0.5502,Berawan,wmo:None
jatinangor,"Jatinangor, Sumedang",2026-09-25,32.11.15.2002,Hegarmanah,kecamatan,yes,-6.938,107.7556,Asia/Jakarta,"BMKG representative point: Hegarmanah, Kecamatan Jatinangor",25-09-2026,KMA,Open-Meteo / KMA,18:00,2026-09-25 18:00:00,,,,,0.0,0.5502,Berawan,wmo:None
jatinangor,"Jatinangor, Sumedang",2026-09-25,32.11.15.2002,Hegarmanah,kecamatan,yes,-6.938,107.7556,Asia/Jakarta,"BMKG representative point: Hegarmanah, Kecamatan Jatinangor",25-09-2026,KMA,Open-Meteo / KMA,19:00,2026-09-25 19:00:00,,,,,0.0,0.5502,Berawan,wmo:None
jatinangor,"Jatinangor, Sumedang",2026-09-25,32.11.15.2002,Hegarmanah,kecamatan,yes,-6.938,107.7556,Asia/Jakarta,"BMKG representative point: Hegarmanah, Kecamatan Jatinangor",25-09-2026,KMA,Open-Meteo / KMA,20:00,2026-09-25 20:00:00,,,,,0.0,0.5502,Berawan,wmo:None
jatinangor,"Jatinangor, Sumedang",2026-09-25,32.11.15.2002,Hegarmanah,kecamatan,yes,-6.938,107.7556,Asia/Jakarta,"BMKG representative point: Hegarmanah, Kecamatan Jatinangor",25-09-2026,KMA,Open-Meteo / KMA,21:00,2026-09-25 21:00:00,,,,,0.0,0.5502,Berawan,wmo:None
jatinangor,"Jatinangor, Sumedang",2026-09-25,32.11.15.2002,Hegarmanah,kecamatan,yes,-6.938,107.7556,Asia/Jakarta,"BMKG representative point: Hegarmanah, Kecamatan Jatinangor",25-09-2026,KMA,Open-Meteo / KMA,22:00,2026-09-25 22:00:00,,,,,0.0,0.5502,Berawan,wmo:None
jatinangor,"Jatinangor, Sumedang",2026-09-25,32.11.15.2002,Hegarmanah,kecamatan,yes,-6.938,107.7556,Asia/Jakarta,"BMKG representative point: Hegarmanah, Kecamatan Jatinangor",25-09-2026,KMA,Open-Meteo / KMA,23:00,2026-09-25 23:00:00,,,,,0.0,0.5502,Berawan,wmo:None
jatinangor,"Jatinangor, Sumedang",2026-09-25,32.11.15.2002,Hegarmanah,kecamatan,yes,-6.938,107.7556,Asia/Jakarta,"BMKG representative point: Hegarmanah, Kecamatan Jatinangor",25-09-2026,METEOFRANCE,Open-Meteo / Meteo-France,00:00,2026-09-25 00:00:00,25.7,69.0,0.0,2.2,0.0,1.4369,Cerah Berawan,wmo:1
jatinangor,"Jatinangor, Sumedang",2026-09-25,32.11.15.2002,Hegarmanah,kecamatan,yes,-6.938,107.7556,Asia/Jakarta,"BMKG representative point: Hegarmanah, Kecamatan Jatinangor",25-09-2026,METEOFRANCE,Open-Meteo / Meteo-France,01:00,2026-09-25 01:00:00,25.4,70.0,0.0,3.3,0.0,1.4369,Cerah,wmo:0
jatinangor,"Jatinangor, Sumedang",2026-09-25,32.11.15.2002,Hegarmanah,kecamatan,yes,-6.938,107.7556,Asia/Jakarta,"BMKG representative point: Hegarmanah, Kecamatan Jatinangor",25-09-2026,METEOFRANCE,Open-Meteo / Meteo-France,02:00,2026-09-25 02:00:00,25.1,72.0,0.0,4.1,0.0,1.4369,Cerah,wmo:0
jatinangor,"Jatinangor, Sumedang",2026-09-25,32.11.15.2002,Hegarmanah,kecamatan,yes,-6.938,107.7556,Asia/Jakarta,"BMKG representative point: Hegarmanah, Kecamatan Jatinangor",25-09-2026,METEOFRANCE,Open-Meteo / Meteo-France,03:00,2026-09-25 03:00:00,24.9,74.0,0.0,3.6,0.0,1.4369,Cerah,wmo:0
jatinangor,"Jatinangor, Sumedang",2026-09-25,32.11.15.2002,Hegarmanah,kecamatan,yes,-6.938,107.7556,Asia/Jakarta,"BMKG representative point: Hegarmanah, Kecamatan Jatinangor",25-09-2026,METEOFRANCE,Open-Meteo / Meteo-France,04:00,2026-09-25 04:00:00,24.8,76.0,0.0,2.9,0.0,1.4369,Cerah,wmo:0
jatinangor,"Jatinangor, Sumedang",2026-09-25,32.11.15.2002,Hegarmanah,kecamatan,yes,-6.938,107.7556,Asia/Jakarta,"BMKG representative point: Hegarmanah, Kecamatan Jatinangor",25-09-2026,METEOFRANCE,Open-Meteo / Meteo-France,05:00,2026-09-25 05:00:00,24.5,79.0,0.0,2.9,0.0,1.4369,Cerah Berawan,wmo:1
jatinangor,"Jatinangor, Sumedang",2026-09-25,32.11.15.2002,Hegarmanah,kecamatan,yes,-6.938,107.7556,Asia/Jakarta,"BMKG representative point: Hegarmanah, Kecamatan Jatinangor",25-09-2026,METEOFRANCE,Open-Meteo / Meteo-France,06:00,2026-09-25 06:00:00,24.4,84.0,0.0,4.7,0.0,1.4369,Cerah Berawan,wmo:1
jatinangor,"Jatinangor, Sumedang",2026-09-25,32.11.15.2002,Hegarmanah,kecamatan,yes,-6.938,107.7556,Asia/Jakarta,"BMKG representative point: Hegarmanah, Kecamatan Jatinangor",25-09-2026,METEOFRANCE,Open-Meteo / Meteo-France,07:00,2026-09-25 07:00:00,25.6,81.0,0.0,4.3,0.0,1.4369,Cerah,wmo:0
jatinangor,"Jatinangor, Sumedang",2026-09-25,32.11.15.2002,Hegarmanah,kecamatan,yes,-6.938,107.7556,Asia/Jakarta,"BMKG representative point: Hegarmanah, Kecamatan Jatinangor",25-09-2026,METEOFRANCE,Open-Meteo / Meteo-France,08:00,2026-09-25 08:00:00,27.9,71.0,0.0,5.0,0.0,1.4369,Cerah,wmo:0
jatinangor,"Jatinangor, Sumedang",2026-09-25,32.11.15.2002,Hegarmanah,kecamatan,yes,-6.938,107.7556,Asia/Jakarta,"BMKG representative point: Hegarmanah, Kecamatan Jatinangor",25-09-2026,METEOFRANCE,Open-Meteo / Meteo-France,09:00,2026-09-25 09:00:00,30.2,61.0,0.0,5.8,0.0,1.4369,Cerah,wmo:0
jatinangor,"Jatinangor, Sumedang",2026-09-25,32.11.15.2002,Hegarmanah,kecamatan,yes,-6.938,107.7556,Asia/Jakarta,"BMKG representative point: Hegarmanah, Kecamatan Jatinangor",25-09-2026,METEOFRANCE,Open-Meteo / Meteo-France,10:00,2026-09-25 10:00:00,32.2,53.0,0.0,6.8,0.0,1.4369,Cerah,wmo:0
jatinangor,"Jatinangor, Sumedang",2026-09-25,32.11.15.2002,Hegarmanah,kecamatan,yes,-6.938,107.7556,Asia/Jakarta,"BMKG representative point: Hegarmanah, Kecamatan Jatinangor",25-09-2026,METEOFRANCE,Open-Meteo / Meteo-France,11:00,2026-09-25 11:00:00,33.8,48.0,0.0,7.9,0.0,1.4369,Cerah,wmo:0
jatinangor,"Jatinangor, Sumedang",2026-09-25,32.11.15.2002,Hegarmanah,kecamatan,yes,-6.938,107.7556,Asia/Jakarta,"BMKG representative point: Hegarmanah, Kecamatan Jatinangor",25-09-2026,METEOFRANCE,Open-Meteo / Meteo-France,12:00,2026-09-25 12:00:00,35.1,44.0,0.0,9.2,0.0,1.4369,Cerah Berawan,wmo:1
jatinangor,"Jatinangor, Sumedang",2026-09-25,32.11.15.2002,Hegarmanah,kecamatan,yes,-6.938,107.7556,Asia/Jakarta,"BMKG representative point: Hegarmanah, Kecamatan Jatinangor",25-09-2026,METEOFRANCE,Open-Meteo / Meteo-France,13:00,2026-09-25 13:00:00,36.0,40.0,0.0,10.0,0.0,1.4369,Cerah Berawan,wmo:1
jatinangor,"Jatinangor, Sumedang",2026-09-25,32.11.15.2002,Hegarmanah,kecamatan,yes,-6.938,107.7556,Asia/Jakarta,"BMKG representative point: Hegarmanah, Kecamatan Jatinangor",25-09-2026,METEOFRANCE,Open-Meteo / Meteo-France,14:00,2026-09-25 14:00:00,35.8,40.0,0.0,9.9,0.0,1.4369,Cerah Berawan,wmo:2
jatinangor,"Jatinangor, Sumedang",2026-09-25,32.11.15.2002,Hegarmanah,kecamatan,yes,-6.938,107.7556,Asia/Jakarta,"BMKG representative point: Hegarmanah, Kecamatan Jatinangor",25-09-2026,METEOFRANCE,Open-Meteo / Meteo-France,15:00,2026-09-25 15:00:00,35.0,41.0,0.0,9.6,0.0,1.4369,Cerah Berawan,wmo:2
jatinangor,"Jatinangor, Sumedang",2026-09-25,32.11.15.2002,Hegarmanah,kecamatan,yes,-6.938,107.7556,Asia/Jakarta,"BMKG representative point: Hegarmanah, Kecamatan Jatinangor",25-09-2026,METEOFRANCE,Open-Meteo / Meteo-France,16:00,2026-09-25 16:00:00,33.8,45.0,0.0,8.9,0.0,1.4369,Berawan,wmo:3
jatinangor,"Jatinangor, Sumedang",2026-09-25,32.11.15.2002,Hegarmanah,kecamatan,yes,-6.938,107.7556,Asia/Jakarta,"BMKG representative point: Hegarmanah, Kecamatan Jatinangor",25-09-2026,METEOFRANCE,Open-Meteo / Meteo-France,17:00,2026-09-25 17:00:00,32.3,51.0,0.1,8.4,0.0,1.4369,Hujan Ringan,wmo:51
jatinangor,"Jatinangor, Sumedang",2026-09-25,32.11.15.2002,Hegarmanah,kecamatan,yes,-6.938,107.7556,Asia/Jakarta,"BMKG representative point: Hegarmanah, Kecamatan Jatinangor",25-09-2026,METEOFRANCE,Open-Meteo / Meteo-France,18:00,2026-09-25 18:00:00,30.5,59.0,0.1,8.7,0.0,1.4369,Hujan Ringan,wmo:51
jatinangor,"Jatinangor, Sumedang",2026-09-25,32.11.15.2002,Hegarmanah,kecamatan,yes,-6.938,107.7556,Asia/Jakarta,"BMKG representative point: Hegarmanah, Kecamatan Jatinangor",25-09-2026,METEOFRANCE,Open-Meteo / Meteo-France,19:00,2026-09-25 19:00:00,28.9,66.0,0.1,8.9,0.0,1.4369,Hujan Ringan,wmo:51
jatinangor,"Jatinangor, Sumedang",2026-09-25,32.11.15.2002,Hegarmanah,kecamatan,yes,-6.938,107.7556,Asia/Jakarta,"BMKG representative point: Hegarmanah, Kecamatan Jatinangor",25-09-2026,METEOFRANCE,Open-Meteo / Meteo-France,20:00,2026-09-25 20:00:00,27.8,72.0,0.0,7.4,0.0,1.4369,Cerah Berawan,wmo:1
jatinangor,"Jatinangor, Sumedang",2026-09-25,32.11.15.2002,Hegarmanah,kecamatan,yes,-6.938,107.7556,Asia/Jakarta,"BMKG representative point: Hegarmanah, Kecamatan Jatinangor",25-09-2026,METEOFRANCE,Open-Meteo / Meteo-France,21:00,2026-09-25 21:00:00,27.0,77.0,0.0,5.2,0.0,1.4369,Cerah Berawan,wmo:1
jatinangor,"Jatinangor, Sumedang",2026-09-25,32.11.15.2002,Hegarmanah,kecamatan,yes,-6.938,107.7556,Asia/Jakarta,"BMKG representative point: Hegarmanah, Kecamatan Jatinangor",25-09-2026,METEOFRANCE,Open-Meteo / Meteo-France,22:00,2026-09-25 22:00:00,26.3,81.0,0.0,3.2,0.0,1.4369,Cerah,wmo:0
jatinangor,"Jatinangor, Sumedang",2026-09-25,32.11.15.2002,Hegarmanah,kecamatan,yes,-6.938,107.7556,Asia/Jakarta,"BMKG representative point: Hegarmanah, Kecamatan Jatinangor",25-09-2026,METEOFRANCE,Open-Meteo / Meteo-France,23:00,2026-09-25 23:00:00,25.9,83.0,0.0,1.9,0.0,1.4369,Cerah,wmo:0
jatinangor,"Jatinangor, Sumedang",2026-09-25,32.11.15.2002,Hegarmanah,kecamatan,yes,-6.938,107.7556,Asia/Jakarta,"BMKG representative point: Hegarmanah, Kecamatan Jatinangor",25-09-2026,METNO,MET Norway,00:00,2026-09-25 00:00:00,20.2,84.1,0.0,2.88,0.0,1.3406,Cerah,clearsky_night
jatinangor,"Jatinangor, Sumedang",2026-09-25,32.11.15.2002,Hegarmanah,kecamatan,yes,-6.938,107.7556,Asia/Jakarta,"BMKG representative point: Hegarmanah, Kecamatan Jatinangor",25-09-2026,METNO,MET Norway,01:00,2026-09-25 01:00:00,20.0,84.6,0.0,3.24,0.0,1.3406,Cerah,clearsky_night
jatinangor,"Jatinangor, Sumedang",2026-09-25,32.11.15.2002,Hegarmanah,kecamatan,yes,-6.938,107.7556,Asia/Jakarta,"BMKG representative point: Hegarmanah, Kecamatan Jatinangor",25-09-2026,METNO,MET Norway,02:00,2026-09-25 02:00:00,19.8,85.6,0.0,3.24,0.0,1.3406,Cerah,clearsky_night
jatinangor,"Jatinangor, Sumedang",2026-09-25,32.11.15.2002,Hegarmanah,kecamatan,yes,-6.938,107.7556,Asia/Jakarta,"BMKG representative point: Hegarmanah, Kecamatan Jatinangor",25-09-2026,METNO,MET Norway,03:00,2026-09-25 03:00:00,19.6,86.9,0.0,2.52,0.0,1.3406,Cerah,clearsky_night
jatinangor,"Jatinangor, Sumedang",2026-09-25,32.11.15.2002,Hegarmanah,kecamatan,yes,-6.938,107.7556,Asia/Jakarta,"BMKG representative point: Hegarmanah, Kecamatan Jatinangor",25-09-2026,METNO,MET Norway,04:00,2026-09-25 04:00:00,19.6,87.0,0.0,2.52,0.0,1.3406,Cerah,clearsky_night
jatinangor,"Jatinangor, Sumedang",2026-09-25,32.11.15.2002,Hegarmanah,kecamatan,yes,-6.938,107.7556,Asia/Jakarta,"BMKG representative point: Hegarmanah, Kecamatan Jatinangor",25-09-2026,METNO,MET Norway,05:00,2026-09-25 05:00:00,19.3,88.7,0.0,3.24,0.0,1.3406,Cerah Berawan,partlycloudy_night
jatinangor,"Jatinangor, Sumedang",2026-09-25,32.11.15.2002,Hegarmanah,kecamatan,yes,-6.938,107.7556,Asia/Jakarta,"BMKG representative point: Hegarmanah, Kecamatan Jatinangor",25-09-2026,METNO,MET Norway,06:00,2026-09-25 06:00:00,19.4,91.1,0.0,3.6,0.0,1.3406,Cerah Berawan,partlycloudy_day
jatinangor,"Jatinangor, Sumedang",2026-09-25,32.11.15.2002,Hegarmanah,kecamatan,yes,-6.938,107.7556,Asia/Jakarta,"BMKG representative point: Hegarmanah, Kecamatan Jatinangor",25-09-2026,METNO,MET Norway,07:00,2026-09-25 07:00:00,22.2,83.7,0.0,3.6,0.0,1.3406,Cerah Berawan,fair_day
jatinangor,"Jatinangor, Sumedang",2026-09-25,32.11.15.2002,Hegarmanah,kecamatan,yes,-6.938,107.7556,Asia/Jakarta,"BMKG representative point: Hegarmanah, Kecamatan Jatinangor",25-09-2026,METNO,MET Norway,08:00,2026-09-25 08:00:00,24.8,72.3,0.0,3.96,0.0,1.3406,Cerah Berawan,fair_day
jatinangor,"Jatinangor, Sumedang",2026-09-25,32.11.15.2002,Hegarmanah,kecamatan,yes,-6.938,107.7556,Asia/Jakarta,"BMKG representative point: Hegarmanah, Kecamatan Jatinangor",25-09-2026,METNO,MET Norway,09:00,2026-09-25 09:00:00,27.1,62.9,0.0,6.48,0.0,1.3406,Cerah Berawan,partlycloudy_day
jatinangor,"Jatinangor, Sumedang",2026-09-25,32.11.15.2002,Hegarmanah,kecamatan,yes,-6.938,107.7556,Asia/Jakarta,"BMKG representative point: Hegarmanah, Kecamatan Jatinangor",25-09-2026,METNO,MET Norway,10:00,2026-09-25 10:00:00,29.3,54.7,0.2,7.56,0.0,1.3406,Hujan Ringan,lightrainshowers_day
jatinangor,"Jatinangor, Sumedang",2026-09-25,32.11.15.2002,Hegarmanah,kecamatan,yes,-6.938,107.7556,Asia/Jakarta,"BMKG representative point: Hegarmanah, Kecamatan Jatinangor",25-09-2026,METNO,MET Norway,11:00,2026-09-25 11:00:00,29.4,55.6,0.8,10.08,0.0,1.3406,Hujan Ringan,rain
jatinangor,"Jatinangor, Sumedang",2026-09-25,32.11.15.2002,Hegarmanah,kecamatan,yes,-6.938,107.7556,Asia/Jakarta,"BMKG representative point: Hegarmanah, Kecamatan Jatinangor",25-09-2026,METNO,MET Norway,12:00,2026-09-25 12:00:00,27.6,64.7,0.9,10.08,0.0,1.3406,Hujan Ringan,rainshowers_day
jatinangor,"Jatinangor, Sumedang",2026-09-25,32.11.15.2002,Hegarmanah,kecamatan,yes,-6.938,107.7556,Asia/Jakarta,"BMKG representative point: Hegarmanah, Kecamatan Jatinangor",25-09-2026,METNO,MET Norway,13:00,2026-09-25 13:00:00,27.4,65.1,0.2,10.8,0.0,1.3406,Hujan Ringan,lightrainshowers_day
jatinangor,"Jatinangor, Sumedang",2026-09-25,32.11.15.2002,Hegarmanah,kecamatan,yes,-6.938,107.7556,Asia/Jakarta,"BMKG representative point: Hegarmanah, Kecamatan Jatinangor",25-09-2026,METNO,MET Norway,14:00,2026-09-25 14:00:00,28.9,54.3,0.1,12.24,0.0,1.3406,Hujan Ringan,lightrainshowers_day
jatinangor,"Jatinangor, Sumedang",2026-09-25,32.11.15.2002,Hegarmanah,kecamatan,yes,-6.938,107.7556,Asia/Jakarta,"BMKG representative point: Hegarmanah, Kecamatan Jatinangor",25-09-2026,METNO,MET Norway,15:00,2026-09-25 15:00:00,28.6,51.9,0.0,12.24,0.0,1.3406,Berawan,cloudy
jatinangor,"Jatinangor, Sumedang",2026-09-25,32.11.15.2002,Hegarmanah,kecamatan,yes,-6.938,107.7556,Asia/Jakarta,"BMKG representative point: Hegarmanah, Kecamatan Jatinangor",25-09-2026,METNO,MET Norway,16:00,2026-09-25 16:00:00,27.7,54.2,0.1,11.52,0.0,1.3406,Hujan Ringan,lightrainshowers_day
jatinangor,"Jatinangor, Sumedang",2026-09-25,32.11.15.2002,Hegarmanah,kecamatan,yes,-6.938,107.7556,Asia/Jakarta,"BMKG representative point: Hegarmanah, Kecamatan Jatinangor",25-09-2026,METNO,MET Norway,17:00,2026-09-25 17:00:00,26.3,64.1,0.0,10.8,0.0,1.3406,Cerah Berawan,fair_day
jatinangor,"Jatinangor, Sumedang",2026-09-25,32.11.15.2002,Hegarmanah,kecamatan,yes,-6.938,107.7556,Asia/Jakarta,"BMKG representative point: Hegarmanah, Kecamatan Jatinangor",25-09-2026,METNO,MET Norway,18:00,2026-09-25 18:00:00,23.9,77.0,0.0,6.48,0.0,1.3406,Cerah Berawan,fair_night
jatinangor,"Jatinangor, Sumedang",2026-09-25,32.11.15.2002,Hegarmanah,kecamatan,yes,-6.938,107.7556,Asia/Jakarta,"BMKG representative point: Hegarmanah, Kecamatan Jatinangor",25-09-2026,METNO,MET Norway,19:00,2026-09-25 19:00:00,23.1,81.0,0.0,4.68,0.0,1.3406,Cerah,clearsky_night
jatinangor,"Jatinangor, Sumedang",2026-09-25,32.11.15.2002,Hegarmanah,kecamatan,yes,-6.938,107.7556,Asia/Jakarta,"BMKG representative point: Hegarmanah, Kecamatan Jatinangor",25-09-2026,METNO,MET Norway,20:00,2026-09-25 20:00:00,22.4,85.7,0.0,5.4,0.0,1.3406,Cerah,clearsky_night
jatinangor,"Jatinangor, Sumedang",2026-09-25,32.11.15.2002,Hegarmanah,kecamatan,yes,-6.938,107.7556,Asia/Jakarta,"BMKG representative point: Hegarmanah, Kecamatan Jatinangor",25-09-2026,METNO,MET Norway,21:00,2026-09-25 21:00:00,21.6,90.1,0.0,5.04,0.0,1.3406,Cerah Berawan,fair_night
jatinangor,"Jatinangor, Sumedang",2026-09-25,32.11.15.2002,Hegarmanah,kecamatan,yes,-6.938,107.7556,Asia/Jakarta,"BMKG representative point: Hegarmanah, Kecamatan Jatinangor",25-09-2026,METNO,MET Norway,22:00,2026-09-25 22:00:00,21.1,93.0,0.0,2.88,0.0,1.3406,Cerah Berawan,fair_night
jatinangor,"Jatinangor, Sumedang",2026-09-25,32.11.15.2002,Hegarmanah,kecamatan,yes,-6.938,107.7556,Asia/Jakarta,"BMKG representative point: Hegarmanah, Kecamatan Jatinangor",25-09-2026,METNO,MET Norway,23:00,2026-09-25 23:00:00,20.6,95.4,0.0,2.52,0.0,1.3406,Berawan,fog
jatinangor,"Jatinangor, Sumedang",2026-09-25,32.11.15.2002,Hegarmanah,kecamatan,yes,-6.938,107.7556,Asia/Jakarta,"BMKG representative point: Hegarmanah, Kecamatan Jatinangor",25-09-2026,UKMO,Open-Meteo / UK Met Office,00:00,2026-09-25 00:00:00,19.7,92.0,0.0,5.4,0.0,1.3162,Cerah,wmo:0
jatinangor,"Jatinangor, Sumedang",2026-09-25,32.11.15.2002,Hegarmanah,kecamatan,yes,-6.938,107.7556,Asia/Jakarta,"BMKG representative point: Hegarmanah, Kecamatan Jatinangor",25-09-2026,UKMO,Open-Meteo / UK Met Office,01:00,2026-09-25 01:00:00,19.2,94.0,0.0,4.7,0.0,1.3162,Cerah,wmo:0
jatinangor,"Jatinangor, Sumedang",2026-09-25,32.11.15.2002,Hegarmanah,kecamatan,yes,-6.938,107.7556,Asia/Jakarta,"BMKG representative point: Hegarmanah, Kecamatan Jatinangor",25-09-2026,UKMO,Open-Meteo / UK Met Office,02:00,2026-09-25 02:00:00,18.7,97.0,0.0,3.2,0.0,1.3162,Cerah,wmo:0
jatinangor,"Jatinangor, Sumedang",2026-09-25,32.11.15.2002,Hegarmanah,kecamatan,yes,-6.938,107.7556,Asia/Jakarta,"BMKG representative point: Hegarmanah, Kecamatan Jatinangor",25-09-2026,UKMO,Open-Meteo / UK Met Office,03:00,2026-09-25 03:00:00,18.2,98.0,0.0,2.2,0.0,1.3162,Cerah,wmo:0
jatinangor,"Jatinangor, Sumedang",2026-09-25,32.11.15.2002,Hegarmanah,kecamatan,yes,-6.938,107.7556,Asia/Jakarta,"BMKG representative point: Hegarmanah, Kecamatan Jatinangor",25-09-2026,UKMO,Open-Meteo / UK Met Office,04:00,2026-09-25 04:00:00,17.8,99.0,0.0,1.4,0.0,1.3162,Cerah,wmo:0
jatinangor,"Jatinangor, Sumedang",2026-09-25,32.11.15.2002,Hegarmanah,kecamatan,yes,-6.938,107.7556,Asia/Jakarta,"BMKG representative point: Hegarmanah, Kecamatan Jatinangor",25-09-2026,UKMO,Open-Meteo / UK Met Office,05:00,2026-09-25 05:00:00,17.5,99.0,0.0,1.1,0.0,1.3162,Cerah,wmo:0
jatinangor,"Jatinangor, Sumedang",2026-09-25,32.11.15.2002,Hegarmanah,kecamatan,yes,-6.938,107.7556,Asia/Jakarta,"BMKG representative point: Hegarmanah, Kecamatan Jatinangor",25-09-2026,UKMO,Open-Meteo / UK Met Office,06:00,2026-09-25 06:00:00,18.2,98.0,0.0,2.9,0.0,1.3162,Cerah,wmo:0
jatinangor,"Jatinangor, Sumedang",2026-09-25,32.11.15.2002,Hegarmanah,kecamatan,yes,-6.938,107.7556,Asia/Jakarta,"BMKG representative point: Hegarmanah, Kecamatan Jatinangor",25-09-2026,UKMO,Open-Meteo / UK Met Office,07:00,2026-09-25 07:00:00,20.9,92.0,0.0,2.2,0.0,1.3162,Cerah,wmo:0
jatinangor,"Jatinangor, Sumedang",2026-09-25,32.11.15.2002,Hegarmanah,kecamatan,yes,-6.938,107.7556,Asia/Jakarta,"BMKG representative point: Hegarmanah, Kecamatan Jatinangor",25-09-2026,UKMO,Open-Meteo / UK Met Office,08:00,2026-09-25 08:00:00,24.3,75.0,0.0,2.2,0.0,1.3162,Cerah,wmo:0
jatinangor,"Jatinangor, Sumedang",2026-09-25,32.11.15.2002,Hegarmanah,kecamatan,yes,-6.938,107.7556,Asia/Jakarta,"BMKG representative point: Hegarmanah, Kecamatan Jatinangor",25-09-2026,UKMO,Open-Meteo / UK Met Office,09:00,2026-09-25 09:00:00,26.5,64.0,0.0,6.1,0.0,1.3162,Cerah Berawan,wmo:1
jatinangor,"Jatinangor, Sumedang",2026-09-25,32.11.15.2002,Hegarmanah,kecamatan,yes,-6.938,107.7556,Asia/Jakarta,"BMKG representative point: Hegarmanah, Kecamatan Jatinangor",25-09-2026,UKMO,Open-Meteo / UK Met Office,10:00,2026-09-25 10:00:00,28.0,58.0,0.0,7.6,0.0,1.3162,Cerah Berawan,wmo:1
jatinangor,"Jatinangor, Sumedang",2026-09-25,32.11.15.2002,Hegarmanah,kecamatan,yes,-6.938,107.7556,Asia/Jakarta,"BMKG representative point: Hegarmanah, Kecamatan Jatinangor",25-09-2026,UKMO,Open-Meteo / UK Met Office,11:00,2026-09-25 11:00:00,29.4,52.0,0.0,7.2,0.0,1.3162,Cerah,wmo:0
jatinangor,"Jatinangor, Sumedang",2026-09-25,32.11.15.2002,Hegarmanah,kecamatan,yes,-6.938,107.7556,Asia/Jakarta,"BMKG representative point: Hegarmanah, Kecamatan Jatinangor",25-09-2026,UKMO,Open-Meteo / UK Met Office,12:00,2026-09-25 12:00:00,29.6,51.0,0.0,6.1,0.0,1.3162,Berawan,wmo:3
jatinangor,"Jatinangor, Sumedang",2026-09-25,32.11.15.2002,Hegarmanah,kecamatan,yes,-6.938,107.7556,Asia/Jakarta,"BMKG representative point: Hegarmanah, Kecamatan Jatinangor",25-09-2026,UKMO,Open-Meteo / UK Met Office,13:00,2026-09-25 13:00:00,29.9,50.0,0.1,11.2,0.0,1.3162,Hujan Ringan,wmo:51
jatinangor,"Jatinangor, Sumedang",2026-09-25,32.11.15.2002,Hegarmanah,kecamatan,yes,-6.938,107.7556,Asia/Jakarta,"BMKG representative point: Hegarmanah, Kecamatan Jatinangor",25-09-2026,UKMO,Open-Meteo / UK Met Office,14:00,2026-09-25 14:00:00,30.4,45.0,0.0,12.2,0.0,1.3162,Cerah Berawan,wmo:2
jatinangor,"Jatinangor, Sumedang",2026-09-25,32.11.15.2002,Hegarmanah,kecamatan,yes,-6.938,107.7556,Asia/Jakarta,"BMKG representative point: Hegarmanah, Kecamatan Jatinangor",25-09-2026,UKMO,Open-Meteo / UK Met Office,15:00,2026-09-25 15:00:00,30.1,45.0,0.0,11.2,0.0,1.3162,Cerah Berawan,wmo:2
jatinangor,"Jatinangor, Sumedang",2026-09-25,32.11.15.2002,Hegarmanah,kecamatan,yes,-6.938,107.7556,Asia/Jakarta,"BMKG representative point: Hegarmanah, Kecamatan Jatinangor",25-09-2026,UKMO,Open-Meteo / UK Met Office,16:00,2026-09-25 16:00:00,28.8,50.0,0.0,10.1,0.0,1.3162,Berawan,wmo:3
jatinangor,"Jatinangor, Sumedang",2026-09-25,32.11.15.2002,Hegarmanah,kecamatan,yes,-6.938,107.7556,Asia/Jakarta,"BMKG representative point: Hegarmanah, Kecamatan Jatinangor",25-09-2026,UKMO,Open-Meteo / UK Met Office,17:00,2026-09-25 17:00:00,27.3,59.0,0.0,13.0,0.0,1.3162,Berawan,wmo:3
jatinangor,"Jatinangor, Sumedang",2026-09-25,32.11.15.2002,Hegarmanah,kecamatan,yes,-6.938,107.7556,Asia/Jakarta,"BMKG representative point: Hegarmanah, Kecamatan Jatinangor",25-09-2026,UKMO,Open-Meteo / UK Met Office,18:00,2026-09-25 18:00:00,24.8,80.0,0.1,11.9,0.0,1.3162,Hujan Ringan,wmo:51
jatinangor,"Jatinangor, Sumedang",2026-09-25,32.11.15.2002,Hegarmanah,kecamatan,yes,-6.938,107.7556,Asia/Jakarta,"BMKG representative point: Hegarmanah, Kecamatan Jatinangor",25-09-2026,UKMO,Open-Meteo / UK Met Office,19:00,2026-09-25 19:00:00,23.3,94.0,0.3,8.6,0.0,1.3162,Hujan Ringan,wmo:51
jatinangor,"Jatinangor, Sumedang",2026-09-25,32.11.15.2002,Hegarmanah,kecamatan,yes,-6.938,107.7556,Asia/Jakarta,"BMKG representative point: Hegarmanah, Kecamatan Jatinangor",25-09-2026,UKMO,Open-Meteo / UK Met Office,20:00,2026-09-25 20:00:00,22.5,98.0,0.0,7.2,0.0,1.3162,Berawan,wmo:3
jatinangor,"Jatinangor, Sumedang",2026-09-25,32.11.15.2002,Hegarmanah,kecamatan,yes,-6.938,107.7556,Asia/Jakarta,"BMKG representative point: Hegarmanah, Kecamatan Jatinangor",25-09-2026,UKMO,Open-Meteo / UK Met Office,21:00,2026-09-25 21:00:00,22.2,98.0,0.0,5.4,0.0,1.3162,Cerah Berawan,wmo:2
jatinangor,"Jatinangor, Sumedang",2026-09-25,32.11.15.2002,Hegarmanah,kecamatan,yes,-6.938,107.7556,Asia/Jakarta,"BMKG representative point: Hegarmanah, Kecamatan Jatinangor",25-09-2026,UKMO,Open-Meteo / UK Met Office,22:00,2026-09-25 22:00:00,21.8,98.0,0.0,4.0,0.0,1.3162,Cerah Berawan,wmo:2
jatinangor,"Jatinangor, Sumedang",2026-09-25,32.11.15.2002,Hegarmanah,kecamatan,yes,-6.938,107.7556,Asia/Jakarta,"BMKG representative point: Hegarmanah, Kecamatan Jatinangor",25-09-2026,UKMO,Open-Meteo / UK Met Office,23:00,2026-09-25 23:00:00,21.2,99.0,0.0,3.2,0.0,1.3162,Cerah Berawan,wmo:1
arjawinangun,"Arjawinangun, Cirebon",2026-09-23,32.09.24.2004,Arjawinangun,kecamatan,no,-6.6453,108.4103,Asia/Jakarta,"BMKG point: Arjawinangun, Kecamatan Arjawinangun",23-09-2026,BMKG,BMKG,19:00,2026-09-23 22:00:00,25.0,64.0,0.0,6.0,180.0,0.9722,Cerah,Cerah
arjawinangun,"Arjawinangun, Cirebon",2026-09-23,32.09.24.2004,Arjawinangun,kecamatan,no,-6.6453,108.4103,Asia/Jakarta,"BMKG point: Arjawinangun, Kecamatan Arjawinangun",23-09-2026,BMKG,BMKG,20:00,2026-09-23 22:00:00,25.0,64.0,0.0,6.0,120.0,0.9722,Cerah,Cerah
arjawinangun,"Arjawinangun, Cirebon",2026-09-23,32.09.24.2004,Arjawinangun,kecamatan,no,-6.6453,108.4103,Asia/Jakarta,"BMKG point: Arjawinangun, Kecamatan Arjawinangun",23-09-2026,BMKG,BMKG,21:00,2026-09-23 22:00:00,25.0,64.0,0.0,6.0,60.0,1.3257,Cerah,Cerah
arjawinangun,"Arjawinangun, Cirebon",2026-09-23,32.09.24.2004,Arjawinangun,kecamatan,no,-6.6453,108.4103,Asia/Jakarta,"BMKG point: Arjawinangun, Kecamatan Arjawinangun",23-09-2026,BMKG,BMKG,22:00,2026-09-23 22:00:00,25.0,64.0,0.0,6.0,0.0,1.7676,Cerah,Cerah
arjawinangun,"Arjawinangun, Cirebon",2026-09-23,32.09.24.2004,Arjawinangun,kecamatan,no,-6.6453,108.4103,Asia/Jakarta,"BMKG point: Arjawinangun, Kecamatan Arjawinangun",23-09-2026,BMKG,BMKG,23:00,2026-09-23 22:00:00,25.0,64.0,0.0,6.0,60.0,1.3257,Cerah,Cerah
arjawinangun,"Arjawinangun, Cirebon",2026-09-23,32.09.24.2004,Arjawinangun,kecamatan,no,-6.6453,108.4103,Asia/Jakarta,"BMKG point: Arjawinangun, Kecamatan Arjawinangun",23-09-2026,CMA,Open-Meteo / CMA GRAPES,00:00,2026-09-23 00:00:00,24.4,83.0,0.0,8.6,0.0,1.1498,Cerah,wmo:0
arjawinangun,"Arjawinangun, Cirebon",2026-09-23,32.09.24.2004,Arjawinangun,kecamatan,no,-6.6453,108.4103,Asia/Jakarta,"BMKG point: Arjawinangun, Kecamatan Arjawinangun",23-09-2026,CMA,Open-Meteo / CMA GRAPES,01:00,2026-09-23 01:00:00,24.3,82.0,0.0,8.3,0.0,1.1498,Cerah,wmo:0
arjawinangun,"Arjawinangun, Cirebon",2026-09-23,32.09.24.2004,Arjawinangun,kecamatan,no,-6.6453,108.4103,Asia/Jakarta,"BMKG point: Arjawinangun, Kecamatan Arjawinangun",23-09-2026,CMA,Open-Meteo / CMA GRAPES,02:00,2026-09-23 02:00:00,24.2,82.0,0.0,8.4,0.0,1.1498,Cerah,wmo:0
arjawinangun,"Arjawinangun, Cirebon",2026-09-23,32.09.24.2004,Arjawinangun,kecamatan,no,-6.6453,108.4103,Asia/Jakarta,"BMKG point: Arjawinangun, Kecamatan Arjawinangun",23-09-2026,CMA,Open-Meteo / CMA GRAPES,03:00,2026-09-23 03:00:00,24.1,82.0,0.0,8.8,0.0,1.1498,Cerah,wmo:0
arjawinangun,"Arjawinangun, Cirebon",2026-09-23,32.09.24.2004,Arjawinangun,kecamatan,no,-6.6453,108.4103,Asia/Jakarta,"BMKG point: Arjawinangun, Kecamatan Arjawinangun",23-09-2026,CMA,Open-Meteo / CMA GRAPES,04:00,2026-09-23 04:00:00,24.3,82.0,0.0,8.9,0.0,1.1498,Cerah,wmo:0
arjawinangun,"Arjawinangun, Cirebon",2026-09-23,32.09.24.2004,Arjawinangun,kecamatan,no,-6.6453,108.4103,Asia/Jakarta,"BMKG point: Arjawinangun, Kecamatan Arjawinangun",23-09-2026,CMA,Open-Meteo / CMA GRAPES,05:00,2026-09-23 05:00:00,24.6,81.0,0.0,9.3,0.0,1.1498,Cerah,wmo:0
arjawinangun,"Arjawinangun, Cirebon",2026-09-23,32.09.24.2004,Arjawinangun,kecamatan,no,-6.6453,108.4103,Asia/Jakarta,"BMKG point: Arjawinangun, Kecamatan Arjawinangun",23-09-2026,CMA,Open-Meteo / CMA GRAPES,06:00,2026-09-23 06:00:00,25.0,80.0,0.0,9.8,0.0,1.1498,Cerah,wmo:0
arjawinangun,"Arjawinangun, Cirebon",2026-09-23,32.09.24.2004,Arjawinangun,kecamatan,no,-6.6453,108.4103,Asia/Jakarta,"BMKG point: Arjawinangun, Kecamatan Arjawinangun",23-09-2026,CMA,Open-Meteo / CMA GRAPES,07:00,2026-09-23 07:00:00,25.8,76.0,0.0,9.9,0.0,1.1498,Cerah,wmo:0
arjawinangun,"Arjawinangun, Cirebon",2026-09-23,32.09.24.2004,Arjawinangun,kecamatan,no,-6.6453,108.4103,Asia/Jakarta,"BMKG point: Arjawinangun, Kecamatan Arjawinangun",23-09-2026,CMA,Open-Meteo / CMA GRAPES,08:00,2026-09-23 08:00:00,27.3,68.0,0.0,9.7,0.0,1.1498,Cerah,wmo:0
arjawinangun,"Arjawinangun, Cirebon",2026-09-23,32.09.24.2004,Arjawinangun,kecamatan,no,-6.6453,108.4103,Asia/Jakarta,"BMKG point: Arjawinangun, Kecamatan Arjawinangun",23-09-2026,CMA,Open-Meteo / CMA GRAPES,09:00,2026-09-23 09:00:00,29.1,58.0,0.0,9.2,0.0,1.1498,Cerah,wmo:0
arjawinangun,"Arjawinangun, Cirebon",2026-09-23,32.09.24.2004,Arjawinangun,kecamatan,no,-6.6453,108.4103,Asia/Jakarta,"BMKG point: Arjawinangun, Kecamatan Arjawinangun",23-09-2026,CMA,Open-Meteo / CMA GRAPES,10:00,2026-09-23 10:00:00,30.7,49.0,0.0,9.2,0.0,1.1498,Cerah,wmo:0
arjawinangun,"Arjawinangun, Cirebon",2026-09-23,32.09.24.2004,Arjawinangun,kecamatan,no,-6.6453,108.4103,Asia/Jakarta,"BMKG point: Arjawinangun, Kecamatan Arjawinangun",23-09-2026,CMA,Open-Meteo / CMA GRAPES,11:00,2026-09-23 11:00:00,32.0,43.0,0.0,9.0,0.0,1.1498,Cerah,wmo:0
arjawinangun,"Arjawinangun, Cirebon",2026-09-23,32.09.24.2004,Arjawinangun,kecamatan,no,-6.6453,108.4103,Asia/Jakarta,"BMKG point: Arjawinangun, Kecamatan Arjawinangun",23-09-2026,CMA,Open-Meteo / CMA GRAPES,12:00,2026-09-23 12:00:00,33.1,40.0,0.0,8.7,0.0,1.1498,Cerah,wmo:0
arjawinangun,"Arjawinangun, Cirebon",2026-09-23,32.09.24.2004,Arjawinangun,kecamatan,no,-6.6453,108.4103,Asia/Jakarta,"BMKG point: Arjawinangun, Kecamatan Arjawinangun",23-09-2026,CMA,Open-Meteo / CMA GRAPES,13:00,2026-09-23 13:00:00,33.6,39.0,0.0,9.0,0.0,1.1498,Cerah,wmo:0
arjawinangun,"Arjawinangun, Cirebon",2026-09-23,32.09.24.2004,Arjawinangun,kecamatan,no,-6.6453,108.4103,Asia/Jakarta,"BMKG point: Arjawinangun, Kecamatan Arjawinangun",23-09-2026,CMA,Open-Meteo / CMA GRAPES,14:00,2026-09-23 14:00:00,33.4,42.0,0.0,10.0,0.0,1.1498,Cerah,wmo:0
arjawinangun,"Arjawinangun, Cirebon",2026-09-23,32.09.24.2004,Arjawinangun,kecamatan,no,-6.6453,108.4103,Asia/Jakarta,"BMKG point: Arjawinangun, Kecamatan Arjawinangun",23-09-2026,CMA,Open-Meteo / CMA GRAPES,15:00,2026-09-23 15:00:00,32.7,48.0,0.0,11.6,0.0,1.1498,Cerah,wmo:0
arjawinangun,"Arjawinangun, Cirebon",2026-09-23,32.09.24.2004,Arjawinangun,kecamatan,no,-6.6453,108.4103,Asia/Jakarta,"BMKG point: Arjawinangun, Kecamatan Arjawinangun",23-09-2026,CMA,Open-Meteo / CMA GRAPES,16:00,2026-09-23 16:00:00,31.7,55.0,0.0,12.6,0.0,1.1498,Cerah,wmo:0
arjawinangun,"Arjawinangun, Cirebon",2026-09-23,32.09.24.2004,Arjawinangun,kecamatan,no,-6.6453,108.4103,Asia/Jakarta,"BMKG point: Arjawinangun, Kecamatan Arjawinangun",23-09-2026,CMA,Open-Meteo / CMA GRAPES,17:00,2026-09-23 17:00:00,30.3,62.0,0.0,12.7,0.0,1.1498,Cerah,wmo:0
arjawinangun,"Arjawinangun, Cirebon",2026-09-23,32.09.24.2004,Arjawinangun,kecamatan,no,-6.6453,108.4103,Asia/Jakarta,"BMKG point: Arjawinangun, Kecamatan Arjawinangun",23-09-2026,CMA,Open-Meteo / CMA GRAPES,18:00,2026-09-23 18:00:00,28.7,70.0,0.0,12.2,0.0,1.1498,Cerah,wmo:0
arjawinangun,"Arjawinangun, Cirebon",2026-09-23,32.09.24.2004,Arjawinangun,kecamatan,no,-6.6453,108.4103,Asia/Jakarta,"BMKG point: Arjawinangun, Kecamatan Arjawinangun",23-09-2026,CMA,Open-Meteo / CMA GRAPES,19:00,2026-09-23 19:00:00,27.2,76.0,0.0,11.6,0.0,1.1498,Cerah,wmo:0
arjawinangun,"Arjawinangun, Cirebon",2026-09-23,32.09.24.2004,Arjawinangun,kecamatan,no,-6.6453,108.4103,Asia/Jakarta,"BMKG point: Arjawinangun, Kecamatan Arjawinangun",23-09-2026,CMA,Open-Meteo / CMA GRAPES,20:00,2026-09-23 20:00:00,26.2,79.0,0.0,10.4,0.0,1.1498,Cerah,wmo:0
arjawinangun,"Arjawinangun, Cirebon",2026-09-23,32.09.24.2004,Arjawinangun,kecamatan,no,-6.6453,108.4103,Asia/Jakarta,"BMKG point: Arjawinangun, Kecamatan Arjawinangun",23-09-2026,CMA,Open-Meteo / CMA GRAPES,21:00,2026-09-23 21:00:00,25.3,80.0,0.0,9.8,0.0,1.1498,Cerah,wmo:0
arjawinangun,"Arjawinangun, Cirebon",2026-09-23,32.09.24.2004,Arjawinangun,kecamatan,no,-6.6453,108.4103,Asia/Jakarta,"BMKG point: Arjawinangun, Kecamatan Arjawinangun",23-09-2026,CMA,Open-Meteo / CMA GRAPES,22:00,2026-09-23 22:00:00,24.7,81.0,0.0,10.0,0.0,1.1498,Cerah,wmo:0
arjawinangun,"Arjawinangun, Cirebon",2026-09-23,32.09.24.2004,Arjawinangun,kecamatan,no,-6.6453,108.4103,Asia/Jakarta,"BMKG point: Arjawinangun, Kecamatan Arjawinangun",23-09-2026,CMA,Open-Meteo / CMA GRAPES,23:00,2026-09-23 23:00:00,24.4,81.0,0.0,9.9,0.0,1.1498,Cerah,wmo:0
arjawinangun,"Arjawinangun, Cirebon",2026-09-23,32.09.24.2004,Arjawinangun,kecamatan,no,-6.6453,108.4103,Asia/Jakarta,"BMKG point: Arjawinangun, Kecamatan Arjawinangun",23-09-2026,ECMWF,Open-Meteo / ECMWF,00:00,2026-09-23 00:00:00,25.2,66.0,0.0,3.0,0.0,1.6982,Cerah Berawan,wmo:2
arjawinangun,"Arjawinangun, Cirebon",2026-09-23,32.09.24.2004,Arjawinangun,kecamatan,no,-6.6453,108.4103,Asia/Jakarta,"BMKG point: Arjawinangun, Kecamatan Arjawinangun",23-09-2026,ECMWF,Open-Meteo / ECMWF,01:00,2026-09-23 01:00:00,24.5,67.0,0.0,2.6,0.0,1.6982,Cerah Berawan,wmo:2
arjawinangun,"Arjawinangun, Cirebon",2026-09-23,32.09.24.2004,Arjawinangun,kecamatan,no,-6.6453,108.4103,Asia/Jakarta,"BMKG point: Arjawinangun, Kecamatan Arjawinangun",23-09-2026,ECMWF,Open-Meteo / ECMWF,02:00,2026-09-23 02:00:00,24.1,67.0,0.0,2.5,0.0,1.6982,Cerah Berawan,wmo:2
arjawinangun,"Arjawinangun, Cirebon",2026-09-23,32.09.24.2004,Arjawinangun,kecamatan,no,-6.6453,108.4103,Asia/Jakarta,"BMKG point: Arjawinangun, Kecamatan Arjawinangun",23-09-2026,ECMWF,Open-Meteo / ECMWF,03:00,2026-09-23 03:00:00,23.8,66.0,0.0,2.5,0.0,1.6982,Cerah Berawan,wmo:2
arjawinangun,"Arjawinangun, Cirebon",2026-09-23,32.09.24.2004,Arjawinangun,kecamatan,no,-6.6453,108.4103,Asia/Jakarta,"BMKG point: Arjawinangun, Kecamatan Arjawinangun",23-09-2026,ECMWF,Open-Meteo / ECMWF,04:00,2026-09-23 04:00:00,24.0,64.0,0.0,2.3,0.0,1.6982,Cerah Berawan,wmo:2
arjawinangun,"Arjawinangun, Cirebon",2026-09-23,32.09.24.2004,Arjawinangun,kecamatan,no,-6.6453,108.4103,Asia/Jakarta,"BMKG point: Arjawinangun, Kecamatan Arjawinangun",23-09-2026,ECMWF,Open-Meteo / ECMWF,05:00,2026-09-23 05:00:00,24.7,61.0,0.0,2.3,0.0,1.6982,Cerah Berawan,wmo:1
arjawinangun,"Arjawinangun, Cirebon",2026-09-23,32.09.24.2004,Arjawinangun,kecamatan,no,-6.6453,108.4103,Asia/Jakarta,"BMKG point: Arjawinangun, Kecamatan Arjawinangun",23-09-2026,ECMWF,Open-Meteo / ECMWF,06:00,2026-09-23 06:00:00,25.9,57.0,0.0,2.9,0.0,1.6982,Cerah Berawan,wmo:1
arjawinangun,"Arjawinangun, Cirebon",2026-09-23,32.09.24.2004,Arjawinangun,kecamatan,no,-6.6453,108.4103,Asia/Jakarta,"BMKG point: Arjawinangun, Kecamatan Arjawinangun",23-09-2026,ECMWF,Open-Meteo / ECMWF,07:00,2026-09-23 07:00:00,27.3,53.0,0.0,2.5,0.0,1.6982,Cerah Berawan,wmo:1
arjawinangun,"Arjawinangun, Cirebon",2026-09-23,32.09.24.2004,Arjawinangun,kecamatan,no,-6.6453,108.4103,Asia/Jakarta,"BMKG point: Arjawinangun, Kecamatan Arjawinangun",23-09-2026,ECMWF,Open-Meteo / ECMWF,08:00,2026-09-23 08:00:00,29.3,47.0,0.0,0.4,0.0,1.6982,Cerah Berawan,wmo:1
arjawinangun,"Arjawinangun, Cirebon",2026-09-23,32.09.24.2004,Arjawinangun,kecamatan,no,-6.6453,108.4103,Asia/Jakarta,"BMKG point: Arjawinangun, Kecamatan Arjawinangun",23-09-2026,ECMWF,Open-Meteo / ECMWF,09:00,2026-09-23 09:00:00,31.5,40.0,0.0,3.9,0.0,1.6982,Cerah Berawan,wmo:1
arjawinangun,"Arjawinangun, Cirebon",2026-09-23,32.09.24.2004,Arjawinangun,kecamatan,no,-6.6453,108.4103,Asia/Jakarta,"BMKG point: Arjawinangun, Kecamatan Arjawinangun",23-09-2026,ECMWF,Open-Meteo / ECMWF,10:00,2026-09-23 10:00:00,33.2,35.0,0.0,7.3,0.0,1.6982,Cerah Berawan,wmo:1
arjawinangun,"Arjawinangun, Cirebon",2026-09-23,32.09.24.2004,Arjawinangun,kecamatan,no,-6.6453,108.4103,Asia/Jakarta,"BMKG point: Arjawinangun, Kecamatan Arjawinangun",23-09-2026,ECMWF,Open-Meteo / ECMWF,11:00,2026-09-23 11:00:00,34.0,35.0,0.0,10.8,0.0,1.6982,Cerah Berawan,wmo:1
arjawinangun,"Arjawinangun, Cirebon",2026-09-23,32.09.24.2004,Arjawinangun,kecamatan,no,-6.6453,108.4103,Asia/Jakarta,"BMKG point: Arjawinangun, Kecamatan Arjawinangun",23-09-2026,ECMWF,Open-Meteo / ECMWF,12:00,2026-09-23 12:00:00,34.3,37.0,0.0,14.2,0.0,1.6982,Cerah,wmo:0
arjawinangun,"Arjawinangun, Cirebon",2026-09-23,32.09.24.2004,Arjawinangun,kecamatan,no,-6.6453,108.4103,Asia/Jakarta,"BMKG point: Arjawinangun, Kecamatan Arjawinangun",23-09-2026,ECMWF,Open-Meteo / ECMWF,13:00,2026-09-23 13:00:00,34.1,40.0,0.0,16.6,0.0,1.6982,Cerah,wmo:0
arjawinangun,"Arjawinangun, Cirebon",2026-09-23,32.09.24.2004,Arjawinangun,kecamatan,no,-6.6453,108.4103,Asia/Jakarta,"BMKG point: Arjawinangun, Kecamatan Arjawinangun",23-09-2026,ECMWF,Open-Meteo / ECMWF,14:00,2026-09-23 14:00:00,33.3,45.0,0.0,17.2,0.0,1.6982,Cerah,wmo:0
arjawinangun,"Arjawinangun, Cirebon",2026-09-23,32.09.24.2004,Arjawinangun,kecamatan,no,-6.6453,108.4103,Asia/Jakarta,"BMKG point: Arjawinangun, Kecamatan Arjawinangun",23-09-2026,ECMWF,Open-Meteo / ECMWF,15:00,2026-09-23 15:00:00,32.2,50.0,0.0,16.5,0.0,1.6982,Cerah Berawan,wmo:1
arjawinangun,"Arjawinangun, Cirebon",2026-09-23,32.09.24.2004,Arjawinangun,kecamatan,no,-6.6453,108.4103,Asia/Jakarta,"BMKG point: Arjawinangun, Kecamatan Arjawinangun",23-09-2026,ECMWF,Open-Meteo / ECMWF,16:00,2026-09-23 16:00:00,31.1,55.0,0.0,15.4,0.0,1.6982,Cerah Berawan,wmo:2
arjawinangun,"Arjawinangun, Cirebon",2026-09-23,32.09.24.2004,Arjawinangun,kecamatan,no,-6.6453,108.4103,Asia/Jakarta,"BMKG point: Arjawinangun, Kecamatan Arjawinangun",23-09-2026,ECMWF,Open-Meteo / ECMWF,17:00,2026-09-23 17:00:00,30.2,58.0,0.0,13.7,0.0,1.6982,Cerah Berawan,wmo:1
arjawinangun,"Arjawinangun, Cirebon",2026-09-23,32.09.24.2004,Arjawinangun,kecamatan,no,-6.6453,108.4103,Asia/Jakarta,"BMKG point: Arjawinangun, Kecamatan Arjawinangun",23-09-2026,ECMWF,Open-Meteo / ECMWF,18:00,2026-09-23 18:00:00,29.4,60.0,0.0,11.9,0.0,1.6982,Cerah Berawan,wmo:1
arjawinangun,"Arjawinangun, Cirebon",2026-09-23,32.09.24.2004,Arjawinangun,kecamatan,no,-6.6453,108.4103,Asia/Jakarta,"BMKG point: Arjawinangun, Kecamatan Arjawinangun",23-09-2026,ECMWF,Open-Meteo / ECMWF,19:00,2026-09-23 19:00:00,28.6,61.0,0.0,10.4,0.0,1.6982,Cerah,wmo:0
arjawinangun,"Arjawinangun, Cirebon",2026-09-23,32.09.24.2004,Arjawinangun,kecamatan,no,-6.6453,108.4103,Asia/Jakarta,"BMKG point: Arjawinangun, Kecamatan Arjawinangun",23-09-2026,ECMWF,Open-Meteo / ECMWF,20:00,2026-09-23 20:00:00,27.8,61.0,0.0,7.7,0.0,1.6982,Cerah Berawan,wmo:1
arjawinangun,"Arjawinangun, Cirebon",2026-09-23,32.09.24.2004,Arjawinangun,kecamatan,no,-6.6453,108.4103,Asia/Jakarta,"BMKG point: Arjawinangun, Kecamatan Arjawinangun",23-09-2026,ECMWF,Open-Meteo / ECMWF,21:00,2026-09-23 21:00:00,27.0,60.0,0.0,5.2,0.0,1.6982,Cerah Berawan,wmo:1
arjawinangun,"Arjawinangun, Cirebon",2026-09-23,32.09.24.2004,Arjawinangun,kecamatan,no,-6.6453,108.4103,Asia/Jakarta,"BMKG point: Arjawinangun, Kecamatan Arjawinangun",23-09-2026,ECMWF,Open-Meteo / ECMWF,22:00,2026-09-23 22:00:00,26.4,60.0,0.0,4.3,0.0,1.6982,Cerah Berawan,wmo:1
arjawinangun,"Arjawinangun, Cirebon",2026-09-23,32.09.24.2004,Arjawinangun,kecamatan,no,-6.6453,108.4103,Asia/Jakarta,"BMKG point: Arjawinangun, Kecamatan Arjawinangun",23-09-2026,ECMWF,Open-Meteo / ECMWF,23:00,2026-09-23 23:00:00,25.8,62.0,0.0,4.1,0.0,1.6982,Cerah Berawan,wmo:2
arjawinangun,"Arjawinangun, Cirebon",2026-09-23,32.09.24.2004,Arjawinangun,kecamatan,no,-6.6453,108.4103,Asia/Jakarta,"BMKG point: Arjawinangun, Kecamatan Arjawinangun",23-09-2026,GFS,Open-Meteo / NOAA GFS,00:00,2026-09-23 00:00:00,25.4,59.0,0.0,4.4,0.0,1.4031,Berawan,wmo:3
arjawinangun,"Arjawinangun, Cirebon",2026-09-23,32.09.24.2004,Arjawinangun,kecamatan,no,-6.6453,108.4103,Asia/Jakarta,"BMKG point: Arjawinangun, Kecamatan Arjawinangun",23-09-2026,GFS,Open-Meteo / NOAA GFS,01:00,2026-09-23 01:00:00,25.2,58.0,0.0,4.2,0.0,1.4031,Berawan,wmo:3
arjawinangun,"Arjawinangun, Cirebon",2026-09-23,32.09.24.2004,Arjawinangun,kecamatan,no,-6.6453,108.4103,Asia/Jakarta,"BMKG point: Arjawinangun, Kecamatan Arjawinangun",23-09-2026,GFS,Open-Meteo / NOAA GFS,02:00,2026-09-23 02:00:00,24.9,56.0,0.0,4.6,0.0,1.4031,Berawan,wmo:3
arjawinangun,"Arjawinangun, Cirebon",2026-09-23,32.09.24.2004,Arjawinangun,kecamatan,no,-6.6453,108.4103,Asia/Jakarta,"BMKG point: Arjawinangun, Kecamatan Arjawinangun",23-09-2026,GFS,Open-Meteo / NOAA GFS,03:00,2026-09-23 03:00:00,24.6,54.0,0.0,4.1,0.0,1.4031,Berawan,wmo:3
arjawinangun,"Arjawinangun, Cirebon",2026-09-23,32.09.24.2004,Arjawinangun,kecamatan,no,-6.6453,108.4103,Asia/Jakarta,"BMKG point: Arjawinangun, Kecamatan Arjawinangun",23-09-2026,GFS,Open-Meteo / NOAA GFS,04:00,2026-09-23 04:00:00,24.2,52.0,0.0,4.4,0.0,1.4031,Cerah Berawan,wmo:2
arjawinangun,"Arjawinangun, Cirebon",2026-09-23,32.09.24.2004,Arjawinangun,kecamatan,no,-6.6453,108.4103,Asia/Jakarta,"BMKG point: Arjawinangun, Kecamatan Arjawinangun",23-09-2026,GFS,Open-Meteo / NOAA GFS,05:00,2026-09-23 05:00:00,23.8,51.0,0.0,5.0,0.0,1.4031,Berawan,wmo:3
arjawinangun,"Arjawinangun, Cirebon",2026-09-23,32.09.24.2004,Arjawinangun,kecamatan,no,-6.6453,108.4103,Asia/Jakarta,"BMKG point: Arjawinangun, Kecamatan Arjawinangun",23-09-2026,GFS,Open-Meteo / NOAA GFS,06:00,2026-09-23 06:00:00,24.2,50.0,0.0,4.9,0.0,1.4031,Cerah Berawan,wmo:1
arjawinangun,"Arjawinangun, Cirebon",2026-09-23,32.09.24.2004,Arjawinangun,kecamatan,no,-6.6453,108.4103,Asia/Jakarta,"BMKG point: Arjawinangun, Kecamatan Arjawinangun",23-09-2026,GFS,Open-Meteo / NOAA GFS,07:00,2026-09-23 07:00:00,26.9,43.0,0.0,3.1,0.0,1.4031,Cerah,wmo:0
arjawinangun,"Arjawinangun, Cirebon",2026-09-23,32.09.24.2004,Arjawinangun,kecamatan,no,-6.6453,108.4103,Asia/Jakarta,"BMKG point: Arjawinangun, Kecamatan Arjawinangun",23-09-2026,GFS,Open-Meteo / NOAA GFS,08:00,2026-09-23 08:00:00,29.6,36.0,0.0,2.8,0.0,1.4031,Cerah,wmo:0
arjawinangun,"Arjawinangun, Cirebon",2026-09-23,32.09.24.2004,Arjawinangun,kecamatan,no,-6.6453,108.4103,Asia/Jakarta,"BMKG point: Arjawinangun, Kecamatan Arjawinangun",23-09-2026,GFS,Open-Meteo / NOAA GFS,09:00,2026-09-23 09:00:00,31.9,30.0,0.0,6.1,0.0,1.4031,Cerah,wmo:0
arjawinangun,"Arjawinangun, Cirebon",2026-09-23,32.09.24.2004,Arjawinangun,kecamatan,no,-6.6453,108.4103,Asia/Jakarta,"BMKG point: Arjawinangun, Kecamatan Arjawinangun",23-09-2026,GFS,Open-Meteo / NOAA GFS,10:00,2026-09-23 10:00:00,34.0,27.0,0.0,10.0,0.0,1.4031,Cerah,wmo:0
arjawinangun,"Arjawinangun, Cirebon",2026-09-23,32.09.24.2004,Arjawinangun,kecamatan,no,-6.6453,108.4103,Asia/Jakarta,"BMKG point: Arjawinangun, Kecamatan Arjawinangun",23-09-2026,GFS,Open-Meteo / NOAA GFS,11:00,2026-09-23 11:00:00,35.5,26.0,0.0,15.6,0.0,1.4031,Cerah,wmo:0
arjawinangun,"Arjawinangun, Cirebon",2026-09-23,32.09.24.2004,Arjawinangun,kecamatan,no,-6.6453,108.4103,Asia/Jakarta,"BMKG point: Arjawinangun, Kecamatan Arjawinangun",23-09-2026,GFS,Open-Meteo / NOAA GFS,12:00,2026-09-23 12:00:00,35.8,28.0,0.0,22.4,0.0,1.4031,Cerah,wmo:0
arjawinangun,"Arjawinangun, Cirebon",2026-09-23,32.09.24.2004,Arjawinangun,kecamatan,no,-6.6453,108.4103,Asia/Jakarta,"BMKG point: Arjawinangun, Kecamatan Arjawinangun",23-09-2026,GFS,Open-Meteo / NOAA GFS,13:00,2026-09-23 13:00:00,35.2,32.0,0.0,24.8,0.0,1.4031,Cerah,wmo:0
arjawinangun,"Arjawinangun, Cirebon",2026-09-23,32.09.24.2004,Arjawinangun,kecamatan,no,-6.6453,108.4103,Asia/Jakarta,"BMKG point: Arjawinangun, Kecamatan Arjawinangun",23-09-2026,GFS,Open-Meteo / NOAA GFS,14:00,2026-09-23 14:00:00,34.4,35.0,0.0,24.2,0.0,1.4031,Cerah,wmo:0
arjawinangun,"Arjawinangun, Cirebon",2026-09-23,32.09.24.2004,Arjawinangun,kecamatan,no,-6.6453,108.4103,Asia/Jakarta,"BMKG point: Arjawinangun, Kecamatan Arjawinangun",23-09-2026,GFS,Open-Meteo / NOAA GFS,15:00,2026-09-23 15:00:00,33.1,39.0,0.0,22.7,0.0,1.4031,Cerah,wmo:0
arjawinangun,"Arjawinangun, Cirebon",2026-09-23,32.09.24.2004,Arjawinangun,kecamatan,no,-6.6453,108.4103,Asia/Jakarta,"BMKG point: Arjawinangun, Kecamatan Arjawinangun",23-09-2026,GFS,Open-Meteo / NOAA GFS,16:00,2026-09-23 16:00:00,31.6,43.0,0.0,22.5,0.0,1.4031,Cerah,wmo:0
arjawinangun,"Arjawinangun, Cirebon",2026-09-23,32.09.24.2004,Arjawinangun,kecamatan,no,-6.6453,108.4103,Asia/Jakarta,"BMKG point: Arjawinangun, Kecamatan Arjawinangun",23-09-2026,GFS,Open-Meteo / NOAA GFS,17:00,2026-09-23 17:00:00,29.4,51.0,0.0,18.4,0.0,1.4031,Cerah,wmo:0
arjawinangun,"Arjawinangun, Cirebon",2026-09-23,32.09.24.2004,Arjawinangun,kecamatan,no,-6.6453,108.4103,Asia/Jakarta,"BMKG point: Arjawinangun, Kecamatan Arjawinangun",23-09-2026,GFS,Open-Meteo / NOAA GFS,18:00,2026-09-23 18:00:00,27.5,61.0,0.0,10.6,0.0,1.4031,Cerah,wmo:0
arjawinangun,"Arjawinangun, Cirebon",2026-09-23,32.09.24.2004,Arjawinangun,kecamatan,no,-6.6453,108.4103,Asia/Jakarta,"BMKG point: Arjawinangun, Kecamatan Arjawinangun",23-09-2026,GFS,Open-Meteo / NOAA GFS,19:00,2026-09-23 19:00:00,26.9,67.0,0.0,9.4,0.0,1.4031,Cerah,wmo:0
arjawinangun,"Arjawinangun, Cirebon",2026-09-23,32.09.24.2004,Arjawinangun,kecamatan,no,-6.6453,108.4103,Asia/Jakarta,"BMKG point: Arjawinangun, Kecamatan Arjawinangun",23-09-2026,GFS,Open-Meteo / NOAA GFS,20:00,2026-09-23 20:00:00,26.9,66.0,0.0,8.2,0.0,1.4031,Cerah,wmo:0
arjawinangun,"Arjawinangun, Cirebon",2026-09-23,32.09.24.2004,Arjawinangun,kecamatan,no,-6.6453,108.4103,Asia/Jakarta,"BMKG point: Arjawinangun, Kecamatan Arjawinangun",23-09-2026,GFS,Open-Meteo / NOAA GFS,21:00,2026-09-23 21:00:00,26.7,65.0,0.0,7.6,0.0,1.4031,Cerah,wmo:0
arjawinangun,"Arjawinangun, Cirebon",2026-09-23,32.09.24.2004,Arjawinangun,kecamatan,no,-6.6453,108.4103,Asia/Jakarta,"BMKG point: Arjawinangun, Kecamatan Arjawinangun",23-09-2026,GFS,Open-Meteo / NOAA GFS,22:00,2026-09-23 22:00:00,26.3,63.0,0.0,5.9,0.0,1.4031,Cerah,wmo:0
arjawinangun,"Arjawinangun, Cirebon",2026-09-23,32.09.24.2004,Arjawinangun,kecamatan,no,-6.6453,108.4103,Asia/Jakarta,"BMKG point: Arjawinangun, Kecamatan Arjawinangun",23-09-2026,GFS,Open-Meteo / NOAA GFS,23:00,2026-09-23 23:00:00,25.6,61.0,0.0,6.0,0.0,1.4031,Cerah,wmo:0
arjawinangun,"Arjawinangun, Cirebon",2026-09-23,32.09.24.2004,Arjawinangun,kecamatan,no,-6.6453,108.4103,Asia/Jakarta,"BMKG point: Arjawinangun, Kecamatan Arjawinangun",23-09-2026,ICON,Open-Meteo / DWD ICON,00:00,2026-09-23 00:00:00,25.6,82.0,0.0,2.3,0.0,1.4754,Cerah Berawan,wmo:2
arjawinangun,"Arjawinangun, Cirebon",2026-09-23,32.09.24.2004,Arjawinangun,kecamatan,no,-6.6453,108.4103,Asia/Jakarta,"BMKG point: Arjawinangun, Kecamatan Arjawinangun",23-09-2026,ICON,Open-Meteo / DWD ICON,01:00,2026-09-23 01:00:00,25.1,79.0,0.0,3.3,0.0,1.4754,Cerah Berawan,wmo:2
arjawinangun,"Arjawinangun, Cirebon",2026-09-23,32.09.24.2004,Arjawinangun,kecamatan,no,-6.6453,108.4103,Asia/Jakarta,"BMKG point: Arjawinangun, Kecamatan Arjawinangun",23-09-2026,ICON,Open-Meteo / DWD ICON,02:00,2026-09-23 02:00:00,24.6,78.0,0.0,3.3,0.0,1.4754,Cerah Berawan,wmo:2
arjawinangun,"Arjawinangun, Cirebon",2026-09-23,32.09.24.2004,Arjawinangun,kecamatan,no,-6.6453,108.4103,Asia/Jakarta,"BMKG point: Arjawinangun, Kecamatan Arjawinangun",23-09-2026,ICON,Open-Meteo / DWD ICON,03:00,2026-09-23 03:00:00,24.1,72.0,0.0,3.6,0.0,1.4754,Cerah Berawan,wmo:1
arjawinangun,"Arjawinangun, Cirebon",2026-09-23,32.09.24.2004,Arjawinangun,kecamatan,no,-6.6453,108.4103,Asia/Jakarta,"BMKG point: Arjawinangun, Kecamatan Arjawinangun",23-09-2026,ICON,Open-Meteo / DWD ICON,04:00,2026-09-23 04:00:00,23.3,70.0,0.0,4.0,0.0,1.4754,Cerah Berawan,wmo:1
arjawinangun,"Arjawinangun, Cirebon",2026-09-23,32.09.24.2004,Arjawinangun,kecamatan,no,-6.6453,108.4103,Asia/Jakarta,"BMKG point: Arjawinangun, Kecamatan Arjawinangun",23-09-2026,ICON,Open-Meteo / DWD ICON,05:00,2026-09-23 05:00:00,22.7,72.0,0.0,3.7,0.0,1.4754,Cerah Berawan,wmo:1
arjawinangun,"Arjawinangun, Cirebon",2026-09-23,32.09.24.2004,Arjawinangun,kecamatan,no,-6.6453,108.4103,Asia/Jakarta,"BMKG point: Arjawinangun, Kecamatan Arjawinangun",23-09-2026,ICON,Open-Meteo / DWD ICON,06:00,2026-09-23 06:00:00,22.4,75.0,0.0,4.0,0.0,1.4754,Cerah,wmo:0
arjawinangun,"Arjawinangun, Cirebon",2026-09-23,32.09.24.2004,Arjawinangun,kecamatan,no,-6.6453,108.4103,Asia/Jakarta,"BMKG point: Arjawinangun, Kecamatan Arjawinangun",23-09-2026,ICON,Open-Meteo / DWD ICON,07:00,2026-09-23 07:00:00,24.7,73.0,0.0,4.7,0.0,1.4754,Cerah,wmo:0
arjawinangun,"Arjawinangun, Cirebon",2026-09-23,32.09.24.2004,Arjawinangun,kecamatan,no,-6.6453,108.4103,Asia/Jakarta,"BMKG point: Arjawinangun, Kecamatan Arjawinangun",23-09-2026,ICON,Open-Meteo / DWD ICON,08:00,2026-09-23 08:00:00,28.0,61.0,0.0,5.0,0.0,1.4754,Cerah,wmo:0
arjawinangun,"Arjawinangun, Cirebon",2026-09-23,32.09.24.2004,Arjawinangun,kecamatan,no,-6.6453,108.4103,Asia/Jakarta,"BMKG point: Arjawinangun, Kecamatan Arjawinangun",23-09-2026,ICON,Open-Meteo / DWD ICON,09:00,2026-09-23 09:00:00,30.5,50.0,0.0,5.6,0.0,1.4754,Cerah,wmo:0
arjawinangun,"Arjawinangun, Cirebon",2026-09-23,32.09.24.2004,Arjawinangun,kecamatan,no,-6.6453,108.4103,Asia/Jakarta,"BMKG point: Arjawinangun, Kecamatan Arjawinangun",23-09-2026,ICON,Open-Meteo / DWD ICON,10:00,2026-09-23 10:00:00,32.6,42.0,0.0,8.4,0.0,1.4754,Cerah,wmo:0
arjawinangun,"Arjawinangun, Cirebon",2026-09-23,32.09.24.2004,Arjawinangun,kecamatan,no,-6.6453,108.4103,Asia/Jakarta,"BMKG point: Arjawinangun, Kecamatan Arjawinangun",23-09-2026,ICON,Open-Meteo / DWD ICON,11:00,2026-09-23 11:00:00,34.0,38.0,0.0,11.7,0.0,1.4754,Cerah,wmo:0
arjawinangun,"Arjawinangun, Cirebon",2026-09-23,32.09.24.2004,Arjawinangun,kecamatan,no,-6.6453,108.4103,Asia/Jakarta,"BMKG point: Arjawinangun, Kecamatan Arjawinangun",23-09-2026,ICON,Open-Meteo / DWD ICON,12:00,2026-09-23 12:00:00,35.0,36.0,0.0,14.1,0.0,1.4754,Cerah,wmo:0
arjawinangun,"Arjawinangun, Cirebon",2026-09-23,32.09.24.2004,Arjawinangun,kecamatan,no,-6.6453,108.4103,Asia/Jakarta,"BMKG point: Arjawinangun, Kecamatan Arjawinangun",23-09-2026,ICON,Open-Meteo / DWD ICON,13:00,2026-09-23 13:00:00,35.5,36.0,0.0,15.3,0.0,1.4754,Cerah Berawan,wmo:1
arjawinangun,"Arjawinangun, Cirebon",2026-09-23,32.09.24.2004,Arjawinangun,kecamatan,no,-6.6453,108.4103,Asia/Jakarta,"BMKG point: Arjawinangun, Kecamatan Arjawinangun",23-09-2026,ICON,Open-Meteo / DWD ICON,14:00,2026-09-23 14:00:00,34.8,39.0,0.0,18.3,0.0,1.4754,Cerah Berawan,wmo:1
arjawinangun,"Arjawinangun, Cirebon",2026-09-23,32.09.24.2004,Arjawinangun,kecamatan,no,-6.6453,108.4103,Asia/Jakarta,"BMKG point: Arjawinangun, Kecamatan Arjawinangun",23-09-2026,ICON,Open-Meteo / DWD ICON,15:00,2026-09-23 15:00:00,33.5,44.0,0.0,19.2,0.0,1.4754,Cerah Berawan,wmo:1
arjawinangun,"Arjawinangun, Cirebon",2026-09-23,32.09.24.2004,Arjawinangun,kecamatan,no,-6.6453,108.4103,Asia/Jakarta,"BMKG point: Arjawinangun, Kecamatan Arjawinangun",23-09-2026,ICON,Open-Meteo / DWD ICON,16:00,2026-09-23 16:00:00,32.3,50.0,0.0,18.2,0.0,1.4754,Cerah Berawan,wmo:1
arjawinangun,"Arjawinangun, Cirebon",2026-09-23,32.09.24.2004,Arjawinangun,kecamatan,no,-6.6453,108.4103,Asia/Jakarta,"BMKG point: Arjawinangun, Kecamatan Arjawinangun",23-09-2026,ICON,Open-Meteo / DWD ICON,17:00,2026-09-23 17:00:00,30.6,60.0,0.0,16.1,0.0,1.4754,Cerah,wmo:0
arjawinangun,"Arjawinangun, Cirebon",2026-09-23,32.09.24.2004,Arjawinangun,kecamatan,no,-6.6453,108.4103,Asia/Jakarta,"BMKG point: Arjawinangun, Kecamatan Arjawinangun",23-09-2026,ICON,Open-Meteo / DWD ICON,18:00,2026-09-23 18:00:00,28.8,71.0,0.0,13.0,0.0,1.4754,Cerah,wmo:0
arjawinangun,"Arjawinangun, Cirebon",2026-09-23,32.09.24.2004,Arjawinangun,kecamatan,no,-6.6453,108.4103,Asia/Jakarta,"BMKG point: Arjawinangun, Kecamatan Arjawinangun",23-09-2026,ICON,Open-Meteo / DWD ICON,19:00,2026-09-23 19:00:00,28.0,78.0,0.0,10.1,0.0,1.4754,Cerah Berawan,wmo:1
arjawinangun,"Arjawinangun, Cirebon",2026-09-23,32.09.24.2004,Arjawinangun,kecamatan,no,-6.6453,108.4103,Asia/Jakarta,"BMKG point: Arjawinangun, Kecamatan Arjawinangun",23-09-2026,ICON,Open-Meteo / DWD ICON,20:00,2026-09-23 20:00:00,27.6,82.0,0.0,9.0,0.0,1.4754,Cerah Berawan,wmo:1
arjawinangun,"Arjawinangun, Cirebon",2026-09-23,32.09.24.2004,Arjawinangun,kecamatan,no,-6.6453,108.4103,Asia/Jakarta,"BMKG point: Arjawinangun, Kecamatan Arjawinangun",23-09-2026,ICON,Open-Meteo / DWD ICON,21:00,2026-09-23 21:00:00,27.2,77.0,0.0,7.1,0.0,1.4754,Cerah Berawan,wmo:1
arjawinangun,"Arjawinangun, Cirebon",2026-09-23,32.09.24.2004,Arjawinangun,kecamatan,no,-6.6453,108.4103,Asia/Jakarta,"BMKG point: Arjawinangun, Kecamatan Arjawinangun",23-09-2026,ICON,Open-Meteo / DWD ICON,22:00,2026-09-23 22:00:00,26.5,70.0,0.0,4.5,0.0,1.4754,Cerah Berawan,wmo:1
arjawinangun,"Arjawinangun, Cirebon",2026-09-23,32.09.24.2004,Arjawinangun,kecamatan,no,-6.6453,108.4103,Asia/Jakarta,"BMKG point: Arjawinangun, Kecamatan Arjawinangun",23-09-2026,ICON,Open-Meteo / DWD ICON,23:00,2026-09-23 23:00:00,25.8,66.0,0.0,3.8,0.0,1.4754,Cerah Berawan,wmo:1
arjawinangun,"Arjawinangun, Cirebon",2026-09-23,32.09.24.2004,Arjawinangun,kecamatan,no,-6.6453,108.4103,Asia/Jakarta,"BMKG point: Arjawinangun, Kecamatan Arjawinangun",23-09-2026,KMA,Open-Meteo / KMA,00:00,2026-09-23 00:00:00,,,,,0.0,0.5479,Berawan,wmo:None
arjawinangun,"Arjawinangun, Cirebon",2026-09-23,32.09.24.2004,Arjawinangun,kecamatan,no,-6.6453,108.4103,Asia/Jakarta,"BMKG point: Arjawinangun, Kecamatan Arjawinangun",23-09-2026,KMA,Open-Meteo / KMA,01:00,2026-09-23 01:00:00,,,,,0.0,0.5479,Berawan,wmo:None
arjawinangun,"Arjawinangun, Cirebon",2026-09-23,32.09.24.2004,Arjawinangun,kecamatan,no,-6.6453,108.4103,Asia/Jakarta,"BMKG point: Arjawinangun, Kecamatan Arjawinangun",23-09-2026,KMA,Open-Meteo / KMA,02:00,2026-09-23 02:00:00,,,,,0.0,0.5479,Berawan,wmo:None
arjawinangun,"Arjawinangun, Cirebon",2026-09-23,32.09.24.2004,Arjawinangun,kecamatan,no,-6.6453,108.4103,Asia/Jakarta,"BMKG point: Arjawinangun, Kecamatan Arjawinangun",23-09-2026,KMA,Open-Meteo / KMA,03:00,2026-09-23 03:00:00,,,,,0.0,0.5479,Berawan,wmo:None
arjawinangun,"Arjawinangun, Cirebon",2026-09-23,32.09.24.2004,Arjawinangun,kecamatan,no,-6.6453,108.4103,Asia/Jakarta,"BMKG point: Arjawinangun, Kecamatan Arjawinangun",23-09-2026,KMA,Open-Meteo / KMA,04:00,2026-09-23 04:00:00,,,,,0.0,0.5479,Berawan,wmo:None
arjawinangun,"Arjawinangun, Cirebon",2026-09-23,32.09.24.2004,Arjawinangun,kecamatan,no,-6.6453,108.4103,Asia/Jakarta,"BMKG point: Arjawinangun, Kecamatan Arjawinangun",23-09-2026,KMA,Open-Meteo / KMA,05:00,2026-09-23 05:00:00,,,,,0.0,0.5479,Berawan,wmo:None
arjawinangun,"Arjawinangun, Cirebon",2026-09-23,32.09.24.2004,Arjawinangun,kecamatan,no,-6.6453,108.4103,Asia/Jakarta,"BMKG point: Arjawinangun, Kecamatan Arjawinangun",23-09-2026,KMA,Open-Meteo / KMA,06:00,2026-09-23 06:00:00,,,,,0.0,0.5479,Berawan,wmo:None
arjawinangun,"Arjawinangun, Cirebon",2026-09-23,32.09.24.2004,Arjawinangun,kecamatan,no,-6.6453,108.4103,Asia/Jakarta,"BMKG point: Arjawinangun, Kecamatan Arjawinangun",23-09-2026,KMA,Open-Meteo / KMA,07:00,2026-09-23 07:00:00,,,,,0.0,0.5479,Berawan,wmo:None
arjawinangun,"Arjawinangun, Cirebon",2026-09-23,32.09.24.2004,Arjawinangun,kecamatan,no,-6.6453,108.4103,Asia/Jakarta,"BMKG point: Arjawinangun, Kecamatan Arjawinangun",23-09-2026,KMA,Open-Meteo / KMA,08:00,2026-09-23 08:00:00,,,,,0.0,0.5479,Berawan,wmo:None
arjawinangun,"Arjawinangun, Cirebon",2026-09-23,32.09.24.2004,Arjawinangun,kecamatan,no,-6.6453,108.4103,Asia/Jakarta,"BMKG point: Arjawinangun, Kecamatan Arjawinangun",23-09-2026,KMA,Open-Meteo / KMA,09:00,2026-09-23 09:00:00,,,,,0.0,0.5479,Berawan,wmo:None
arjawinangun,"Arjawinangun, Cirebon",2026-09-23,32.09.24.2004,Arjawinangun,kecamatan,no,-6.6453,108.4103,Asia/Jakarta,"BMKG point: Arjawinangun, Kecamatan Arjawinangun",23-09-2026,KMA,Open-Meteo / KMA,10:00,2026-09-23 10:00:00,,,,,0.0,0.5479,Berawan,wmo:None
arjawinangun,"Arjawinangun, Cirebon",2026-09-23,32.09.24.2004,Arjawinangun,kecamatan,no,-6.6453,108.4103,Asia/Jakarta,"BMKG point: Arjawinangun, Kecamatan Arjawinangun",23-09-2026,KMA,Open-Meteo / KMA,11:00,2026-09-23 11:00:00,,,,,0.0,0.5479,Berawan,wmo:None
arjawinangun,"Arjawinangun, Cirebon",2026-09-23,32.09.24.2004,Arjawinangun,kecamatan,no,-6.6453,108.4103,Asia/Jakarta,"BMKG point: Arjawinangun, Kecamatan Arjawinangun",23-09-2026,KMA,Open-Meteo / KMA,12:00,2026-09-23 12:00:00,,,,,0.0,0.5479,Berawan,wmo:None
arjawinangun,"Arjawinangun, Cirebon",2026-09-23,32.09.24.2004,Arjawinangun,kecamatan,no,-6.6453,108.4103,Asia/Jakarta,"BMKG point: Arjawinangun, Kecamatan Arjawinangun",23-09-2026,KMA,Open-Meteo / KMA,13:00,2026-09-23 13:00:00,,,,,0.0,0.5479,Berawan,wmo:None
arjawinangun,"Arjawinangun, Cirebon",2026-09-23,32.09.24.2004,Arjawinangun,kecamatan,no,-6.6453,108.4103,Asia/Jakarta,"BMKG point: Arjawinangun, Kecamatan Arjawinangun",23-09-2026,KMA,Open-Meteo / KMA,14:00,2026-09-23 14:00:00,,,,,0.0,0.5479,Berawan,wmo:None
arjawinangun,"Arjawinangun, Cirebon",2026-09-23,32.09.24.2004,Arjawinangun,kecamatan,no,-6.6453,108.4103,Asia/Jakarta,"BMKG point: Arjawinangun, Kecamatan Arjawinangun",23-09-2026,KMA,Open-Meteo / KMA,15:00,2026-09-23 15:00:00,,,,,0.0,0.5479,Berawan,wmo:None
arjawinangun,"Arjawinangun, Cirebon",2026-09-23,32.09.24.2004,Arjawinangun,kecamatan,no,-6.6453,108.4103,Asia/Jakarta,"BMKG point: Arjawinangun, Kecamatan Arjawinangun",23-09-2026,KMA,Open-Meteo / KMA,16:00,2026-09-23 16:00:00,,,,,0.0,0.5479,Berawan,wmo:None
arjawinangun,"Arjawinangun, Cirebon",2026-09-23,32.09.24.2004,Arjawinangun,kecamatan,no,-6.6453,108.4103,Asia/Jakarta,"BMKG point: Arjawinangun, Kecamatan Arjawinangun",23-09-2026,KMA,Open-Meteo / KMA,17:00,2026-09-23 17:00:00,,,,,0.0,0.5479,Berawan,wmo:None
arjawinangun,"Arjawinangun, Cirebon",2026-09-23,32.09.24.2004,Arjawinangun,kecamatan,no,-6.6453,108.4103,Asia/Jakarta,"BMKG point: Arjawinangun, Kecamatan Arjawinangun",23-09-2026,KMA,Open-Meteo / KMA,18:00,2026-09-23 18:00:00,,,,,0.0,0.5479,Berawan,wmo:None
arjawinangun,"Arjawinangun, Cirebon",2026-09-23,32.09.24.2004,Arjawinangun,kecamatan,no,-6.6453,108.4103,Asia/Jakarta,"BMKG point: Arjawinangun, Kecamatan Arjawinangun",23-09-2026,KMA,Open-Meteo / KMA,19:00,2026-09-23 19:00:00,,,,,0.0,0.5479,Berawan,wmo:None
arjawinangun,"Arjawinangun, Cirebon",2026-09-23,32.09.24.2004,Arjawinangun,kecamatan,no,-6.6453,108.4103,Asia/Jakarta,"BMKG point: Arjawinangun, Kecamatan Arjawinangun",23-09-2026,KMA,Open-Meteo / KMA,20:00,2026-09-23 20:00:00,,,,,0.0,0.5479,Berawan,wmo:None
arjawinangun,"Arjawinangun, Cirebon",2026-09-23,32.09.24.2004,Arjawinangun,kecamatan,no,-6.6453,108.4103,Asia/Jakarta,"BMKG point: Arjawinangun, Kecamatan Arjawinangun",23-09-2026,KMA,Open-Meteo / KMA,21:00,2026-09-23 21:00:00,,,,,0.0,0.5479,Berawan,wmo:None
arjawinangun,"Arjawinangun, Cirebon",2026-09-23,32.09.24.2004,Arjawinangun,kecamatan,no,-6.6453,108.4103,Asia/Jakarta,"BMKG point: Arjawinangun, Kecamatan Arjawinangun",23-09-2026,KMA,Open-Meteo / KMA,22:00,2026-09-23 22:00:00,,,,,0.0,0.5479,Berawan,wmo:None
arjawinangun,"Arjawinangun, Cirebon",2026-09-23,32.09.24.2004,Arjawinangun,kecamatan,no,-6.6453,108.4103,Asia/Jakarta,"BMKG point: Arjawinangun, Kecamatan Arjawinangun",23-09-2026,KMA,Open-Meteo / KMA,23:00,2026-09-23 23:00:00,,,,,0.0,0.5479,Berawan,wmo:None
arjawinangun,"Arjawinangun, Cirebon",2026-09-23,32.09.24.2004,Arjawinangun,kecamatan,no,-6.6453,108.4103,Asia/Jakarta,"BMKG point: Arjawinangun, Kecamatan Arjawinangun",23-09-2026,METEOFRANCE,Open-Meteo / Meteo-France,00:00,2026-09-23 00:00:00,28.4,53.0,0.0,9.7,0.0,1.5385,Cerah Berawan,wmo:2
arjawinangun,"Arjawinangun, Cirebon",2026-09-23,32.09.24.2004,Arjawinangun,kecamatan,no,-6.6453,108.4103,Asia/Jakarta,"BMKG point: Arjawinangun, Kecamatan Arjawinangun",23-09-2026,METEOFRANCE,Open-Meteo / Meteo-France,01:00,2026-09-23 01:00:00,28.0,54.0,0.0,9.1,0.0,1.5385,Berawan,wmo:3
arjawinangun,"Arjawinangun, Cirebon",2026-09-23,32.09.24.2004,Arjawinangun,kecamatan,no,-6.6453,108.4103,Asia/Jakarta,"BMKG point: Arjawinangun, Kecamatan Arjawinangun",23-09-2026,METEOFRANCE,Open-Meteo / Meteo-France,02:00,2026-09-23 02:00:00,27.8,55.0,0.0,9.2,0.0,1.5385,Cerah Berawan,wmo:2
arjawinangun,"Arjawinangun, Cirebon",2026-09-23,32.09.24.2004,Arjawinangun,kecamatan,no,-6.6453,108.4103,Asia/Jakarta,"BMKG point: Arjawinangun, Kecamatan Arjawinangun",23-09-2026,METEOFRANCE,Open-Meteo / Meteo-France,03:00,2026-09-23 03:00:00,27.3,57.0,0.0,9.7,0.0,1.5385,Berawan,wmo:3
arjawinangun,"Arjawinangun, Cirebon",2026-09-23,32.09.24.2004,Arjawinangun,kecamatan,no,-6.6453,108.4103,Asia/Jakarta,"BMKG point: Arjawinangun, Kecamatan Arjawinangun",23-09-2026,METEOFRANCE,Open-Meteo / Meteo-France,04:00,2026-09-23 04:00:00,27.0,59.0,0.0,10.2,0.0,1.5385,Berawan,wmo:3
arjawinangun,"Arjawinangun, Cirebon",2026-09-23,32.09.24.2004,Arjawinangun,kecamatan,no,-6.6453,108.4103,Asia/Jakarta,"BMKG point: Arjawinangun, Kecamatan Arjawinangun",23-09-2026,METEOFRANCE,Open-Meteo / Meteo-France,05:00,2026-09-23 05:00:00,26.7,59.0,0.0,10.8,0.0,1.5385,Berawan,wmo:3
arjawinangun,"Arjawinangun, Cirebon",2026-09-23,32.09.24.2004,Arjawinangun,kecamatan,no,-6.6453,108.4103,Asia/Jakarta,"BMKG point: Arjawinangun, Kecamatan Arjawinangun",23-09-2026,METEOFRANCE,Open-Meteo / Meteo-France,06:00,2026-09-23 06:00:00,26.6,60.0,0.0,11.2,0.0,1.5385,Berawan,wmo:3
arjawinangun,"Arjawinangun, Cirebon",2026-09-23,32.09.24.2004,Arjawinangun,kecamatan,no,-6.6453,108.4103,Asia/Jakarta,"BMKG point: Arjawinangun, Kecamatan Arjawinangun",23-09-2026,METEOFRANCE,Open-Meteo / Meteo-France,07:00,2026-09-23 07:00:00,27.4,57.0,0.0,11.5,0.0,1.5385,Berawan,wmo:3
arjawinangun,"Arjawinangun, Cirebon",2026-09-23,32.09.24.2004,Arjawinangun,kecamatan,no,-6.6453,108.4103,Asia/Jakarta,"BMKG point: Arjawinangun, Kecamatan Arjawinangun",23-09-2026,METEOFRANCE,Open-Meteo / Meteo-France,08:00,2026-09-23 08:00:00,29.2,51.0,0.0,11.4,0.0,1.5385,Cerah Berawan,wmo:2
arjawinangun,"Arjawinangun, Cirebon",2026-09-23,32.09.24.2004,Arjawinangun,kecamatan,no,-6.6453,108.4103,Asia/Jakarta,"BMKG point: Arjawinangun, Kecamatan Arjawinangun",23-09-2026,METEOFRANCE,Open-Meteo / Meteo-France,09:00,2026-09-23 09:00:00,31.2,43.0,0.0,12.2,0.0,1.5385,Cerah Berawan,wmo:2
arjawinangun,"Arjawinangun, Cirebon",2026-09-23,32.09.24.2004,Arjawinangun,kecamatan,no,-6.6453,108.4103,Asia/Jakarta,"BMKG point: Arjawinangun, Kecamatan Arjawinangun",23-09-2026,METEOFRANCE,Open-Meteo / Meteo-France,10:00,2026-09-23 10:00:00,33.0,38.0,0.0,13.6,0.0,1.5385,Cerah Berawan,wmo:2
arjawinangun,"Arjawinangun, Cirebon",2026-09-23,32.09.24.2004,Arjawinangun,kecamatan,no,-6.6453,108.4103,Asia/Jakarta,"BMKG point: Arjawinangun, Kecamatan Arjawinangun",23-09-2026,METEOFRANCE,Open-Meteo / Meteo-France,11:00,2026-09-23 11:00:00,34.4,35.0,0.0,14.9,0.0,1.5385,Cerah Berawan,wmo:2
arjawinangun,"Arjawinangun, Cirebon",2026-09-23,32.09.24.2004,Arjawinangun,kecamatan,no,-6.6453,108.4103,Asia/Jakarta,"BMKG point: Arjawinangun, Kecamatan Arjawinangun",23-09-2026,METEOFRANCE,Open-Meteo / Meteo-France,12:00,2026-09-23 12:00:00,35.3,33.0,0.0,16.6,0.0,1.5385,Cerah Berawan,wmo:2
arjawinangun,"Arjawinangun, Cirebon",2026-09-23,32.09.24.2004,Arjawinangun,kecamatan,no,-6.6453,108.4103,Asia/Jakarta,"BMKG point: Arjawinangun, Kecamatan Arjawinangun",23-09-2026,METEOFRANCE,Open-Meteo / Meteo-France,13:00,2026-09-23 13:00:00,35.9,33.0,0.0,18.2,0.0,1.5385,Cerah Berawan,wmo:1
arjawinangun,"Arjawinangun, Cirebon",2026-09-23,32.09.24.2004,Arjawinangun,kecamatan,no,-6.6453,108.4103,Asia/Jakarta,"BMKG point: Arjawinangun, Kecamatan Arjawinangun",23-09-2026,METEOFRANCE,Open-Meteo / Meteo-France,14:00,2026-09-23 14:00:00,35.5,36.0,0.0,20.3,0.0,1.5385,Cerah Berawan,wmo:2
arjawinangun,"Arjawinangun, Cirebon",2026-09-23,32.09.24.2004,Arjawinangun,kecamatan,no,-6.6453,108.4103,Asia/Jakarta,"BMKG point: Arjawinangun, Kecamatan Arjawinangun",23-09-2026,METEOFRANCE,Open-Meteo / Meteo-France,15:00,2026-09-23 15:00:00,34.2,43.0,0.0,21.0,0.0,1.5385,Cerah Berawan,wmo:2
arjawinangun,"Arjawinangun, Cirebon",2026-09-23,32.09.24.2004,Arjawinangun,kecamatan,no,-6.6453,108.4103,Asia/Jakarta,"BMKG point: Arjawinangun, Kecamatan Arjawinangun",23-09-2026,METEOFRANCE,Open-Meteo / Meteo-France,16:00,2026-09-23 16:00:00,32.6,53.0,0.0,19.5,0.0,1.5385,Cerah Berawan,wmo:1
arjawinangun,"Arjawinangun, Cirebon",2026-09-23,32.09.24.2004,Arjawinangun,kecamatan,no,-6.6453,108.4103,Asia/Jakarta,"BMKG point: Arjawinangun, Kecamatan Arjawinangun",23-09-2026,METEOFRANCE,Open-Meteo / Meteo-France,17:00,2026-09-23 17:00:00,31.1,59.0,0.0,16.7,0.0,1.5385,Cerah Berawan,wmo:1
arjawinangun,"Arjawinangun, Cirebon",2026-09-23,32.09.24.2004,Arjawinangun,kecamatan,no,-6.6453,108.4103,Asia/Jakarta,"BMKG point: Arjawinangun, Kecamatan Arjawinangun",23-09-2026,METEOFRANCE,Open-Meteo / Meteo-France,18:00,2026-09-23 18:00:00,29.9,64.0,0.0,13.8,0.0,1.5385,Cerah Berawan,wmo:1
arjawinangun,"Arjawinangun, Cirebon",2026-09-23,32.09.24.2004,Arjawinangun,kecamatan,no,-6.6453,108.4103,Asia/Jakarta,"BMKG point: Arjawinangun, Kecamatan Arjawinangun",23-09-2026,METEOFRANCE,Open-Meteo / Meteo-France,19:00,2026-09-23 19:00:00,29.2,67.0,0.0,11.9,0.0,1.5385,Cerah Berawan,wmo:1
arjawinangun,"Arjawinangun, Cirebon",2026-09-23,32.09.24.2004,Arjawinangun,kecamatan,no,-6.6453,108.4103,Asia/Jakarta,"BMKG point: Arjawinangun, Kecamatan Arjawinangun",23-09-2026,METEOFRANCE,Open-Meteo / Meteo-France,20:00,2026-09-23 20:00:00,28.9,67.0,0.0,10.5,0.0,1.5385,Cerah Berawan,wmo:1
arjawinangun,"Arjawinangun, Cirebon",2026-09-23,32.09.24.2004,Arjawinangun,kecamatan,no,-6.6453,108.4103,Asia/Jakarta,"BMKG point: Arjawinangun, Kecamatan Arjawinangun",23-09-2026,METEOFRANCE,Open-Meteo / Meteo-France,21:00,2026-09-23 21:00:00,28.7,65.0,0.0,10.2,0.0,1.5385,Cerah Berawan,wmo:2
arjawinangun,"Arjawinangun, Cirebon",2026-09-23,32.09.24.2004,Arjawinangun,kecamatan,no,-6.6453,108.4103,Asia/Jakarta,"BMKG point: Arjawinangun, Kecamatan Arjawinangun",23-09-2026,METEOFRANCE,Open-Meteo / Meteo-France,22:00,2026-09-23 22:00:00,28.5,60.0,0.0,10.5,0.0,1.5385,Cerah Berawan,wmo:2
arjawinangun,"Arjawinangun, Cirebon",2026-09-23,32.09.24.2004,Arjawinangun,kecamatan,no,-6.6453,108.4103,Asia/Jakarta,"BMKG point: Arjawinangun, Kecamatan Arjawinangun",23-09-2026,METEOFRANCE,Open-Meteo / Meteo-France,23:00,2026-09-23 23:00:00,28.1,54.0,0.0,10.6,0.0,1.5385,Berawan,wmo:3
arjawinangun,"Arjawinangun, Cirebon",2026-09-23,32.09.24.2004,Arjawinangun,kecamatan,no,-6.6453,108.4103,Asia/Jakarta,"BMKG point: Arjawinangun, Kecamatan Arjawinangun",23-09-2026,METNO,MET Norway,19:00,2026-09-23 21:00:00,28.7,70.4,0.0,13.68,120.0,0.7627,Cerah Berawan,fair_night
arjawinangun,"Arjawinangun, Cirebon",2026-09-23,32.09.24.2004,Arjawinangun,kecamatan,no,-6.6453,108.4103,Asia/Jakarta,"BMKG point: Arjawinangun, Kecamatan Arjawinangun",23-09-2026,METNO,MET Norway,20:00,2026-09-23 21:00:00,28.7,70.4,0.0,13.68,60.0,1.0401,Cerah Berawan,fair_night
arjawinangun,"Arjawinangun, Cirebon",2026-09-23,32.09.24.2004,Arjawinangun,kecamatan,no,-6.6453,108.4103,Asia/Jakarta,"BMKG point: Arjawinangun, Kecamatan Arjawinangun",23-09-2026,METNO,MET Norway,21:00,2026-09-23 21:00:00,28.7,70.4,0.0,13.68,0.0,1.3868,Cerah Berawan,fair_night
arjawinangun,"Arjawinangun, Cirebon",2026-09-23,32.09.24.2004,Arjawinangun,kecamatan,no,-6.6453,108.4103,Asia/Jakarta,"BMKG point: Arjawinangun, Kecamatan Arjawinangun",23-09-2026,METNO,MET Norway,22:00,2026-09-23 22:00:00,28.2,65.8,0.0,11.88,0.0,1.3868,Cerah Berawan,fair_night
arjawinangun,"Arjawinangun, Cirebon",2026-09-23,32.09.24.2004,Arjawinangun,kecamatan,no,-6.6453,108.4103,Asia/Jakarta,"BMKG point: Arjawinangun, Kecamatan Arjawinangun",23-09-2026,METNO,MET Norway,23:00,2026-09-23 23:00:00,27.5,65.3,0.0,12.6,0.0,1.3868,Cerah Berawan,partlycloudy_night
arjawinangun,"Arjawinangun, Cirebon",2026-09-23,32.09.24.2004,Arjawinangun,kecamatan,no,-6.6453,108.4103,Asia/Jakarta,"BMKG point: Arjawinangun, Kecamatan Arjawinangun",23-09-2026,UKMO,Open-Meteo / UK Met Office,00:00,2026-09-23 00:00:00,25.6,65.0,0.0,6.5,0.0,1.3215,Cerah,wmo:0
arjawinangun,"Arjawinangun, Cirebon",2026-09-23,32.09.24.2004,Arjawinangun,kecamatan,no,-6.6453,108.4103,Asia/Jakarta,"BMKG point: Arjawinangun, Kecamatan Arjawinangun",23-09-2026,UKMO,Open-Meteo / UK Met Office,01:00,2026-09-23 01:00:00,24.9,75.0,0.0,4.7,0.0,1.3215,Cerah,wmo:0
arjawinangun,"Arjawinangun, Cirebon",2026-09-23,32.09.24.2004,Arjawinangun,kecamatan,no,-6.6453,108.4103,Asia/Jakarta,"BMKG point: Arjawinangun, Kecamatan Arjawinangun",23-09-2026,UKMO,Open-Meteo / UK Met Office,02:00,2026-09-23 02:00:00,24.5,83.0,0.0,2.9,0.0,1.3215,Cerah,wmo:0
arjawinangun,"Arjawinangun, Cirebon",2026-09-23,32.09.24.2004,Arjawinangun,kecamatan,no,-6.6453,108.4103,Asia/Jakarta,"BMKG point: Arjawinangun, Kecamatan Arjawinangun",23-09-2026,UKMO,Open-Meteo / UK Met Office,03:00,2026-09-23 03:00:00,24.3,79.0,0.0,4.7,0.0,1.3215,Cerah,wmo:0
arjawinangun,"Arjawinangun, Cirebon",2026-09-23,32.09.24.2004,Arjawinangun,kecamatan,no,-6.6453,108.4103,Asia/Jakarta,"BMKG point: Arjawinangun, Kecamatan Arjawinangun",23-09-2026,UKMO,Open-Meteo / UK Met Office,04:00,2026-09-23 04:00:00,24.0,78.0,0.0,4.7,0.0,1.3215,Cerah,wmo:0
arjawinangun,"Arjawinangun, Cirebon",2026-09-23,32.09.24.2004,Arjawinangun,kecamatan,no,-6.6453,108.4103,Asia/Jakarta,"BMKG point: Arjawinangun, Kecamatan Arjawinangun",23-09-2026,UKMO,Open-Meteo / UK Met Office,05:00,2026-09-23 05:00:00,23.5,82.0,0.0,3.2,0.0,1.3215,Cerah,wmo:0
arjawinangun,"Arjawinangun, Cirebon",2026-09-23,32.09.24.2004,Arjawinangun,kecamatan,no,-6.6453,108.4103,Asia/Jakarta,"BMKG point: Arjawinangun, Kecamatan Arjawinangun",23-09-2026,UKMO,Open-Meteo / UK Met Office,06:00,2026-09-23 06:00:00,24.1,84.0,0.0,2.2,0.0,1.3215,Cerah,wmo:0
arjawinangun,"Arjawinangun, Cirebon",2026-09-23,32.09.24.2004,Arjawinangun,kecamatan,no,-6.6453,108.4103,Asia/Jakarta,"BMKG point: Arjawinangun, Kecamatan Arjawinangun",23-09-2026,UKMO,Open-Meteo / UK Met Office,07:00,2026-09-23 07:00:00,25.0,71.0,0.0,1.1,0.0,1.3215,Cerah,wmo:0
arjawinangun,"Arjawinangun, Cirebon",2026-09-23,32.09.24.2004,Arjawinangun,kecamatan,no,-6.6453,108.4103,Asia/Jakarta,"BMKG point: Arjawinangun, Kecamatan Arjawinangun",23-09-2026,UKMO,Open-Meteo / UK Met Office,08:00,2026-09-23 08:00:00,27.0,61.0,0.0,4.3,0.0,1.3215,Cerah,wmo:0
arjawinangun,"Arjawinangun, Cirebon",2026-09-23,32.09.24.2004,Arjawinangun,kecamatan,no,-6.6453,108.4103,Asia/Jakarta,"BMKG point: Arjawinangun, Kecamatan Arjawinangun",23-09-2026,UKMO,Open-Meteo / UK Met Office,09:00,2026-09-23 09:00:00,28.7,53.0,0.0,6.1,0.0,1.3215,Cerah,wmo:0
arjawinangun,"Arjawinangun, Cirebon",2026-09-23,32.09.24.2004,Arjawinangun,kecamatan,no,-6.6453,108.4103,Asia/Jakarta,"BMKG point: Arjawinangun, Kecamatan Arjawinangun",23-09-2026,UKMO,Open-Meteo / UK Met Office,10:00,2026-09-23 10:00:00,30.8,45.0,0.0,8.6,0.0,1.3215,Cerah,wmo:0
arjawinangun,"Arjawinangun, Cirebon",2026-09-23,32.09.24.2004,Arjawinangun,kecamatan,no,-6.6453,108.4103,Asia/Jakarta,"BMKG point: Arjawinangun, Kecamatan Arjawinangun",23-09-2026,UKMO,Open-Meteo / UK Met Office,11:00,2026-09-23 11:00:00,32.5,38.0,0.0,13.0,0.0,1.3215,Cerah,wmo:0
arjawinangun,"Arjawinangun, Cirebon",2026-09-23,32.09.24.2004,Arjawinangun,kecamatan,no,-6.6453,108.4103,Asia/Jakarta,"BMKG point: Arjawinangun, Kecamatan Arjawinangun",23-09-2026,UKMO,Open-Meteo / UK Met Office,12:00,2026-09-23 12:00:00,33.7,34.0,0.0,15.8,0.0,1.3215,Cerah,wmo:0
arjawinangun,"Arjawinangun, Cirebon",2026-09-23,32.09.24.2004,Arjawinangun,kecamatan,no,-6.6453,108.4103,Asia/Jakarta,"BMKG point: Arjawinangun, Kecamatan Arjawinangun",23-09-2026,UKMO,Open-Meteo / UK Met Office,13:00,2026-09-23 13:00:00,33.4,36.0,0.0,18.4,0.0,1.3215,Cerah,wmo:0
arjawinangun,"Arjawinangun, Cirebon",2026-09-23,32.09.24.2004,Arjawinangun,kecamatan,no,-6.6453,108.4103,Asia/Jakarta,"BMKG point: Arjawinangun, Kecamatan Arjawinangun",23-09-2026,UKMO,Open-Meteo / UK Met Office,14:00,2026-09-23 14:00:00,33.1,40.0,0.0,18.4,0.0,1.3215,Cerah,wmo:0
arjawinangun,"Arjawinangun, Cirebon",2026-09-23,32.09.24.2004,Arjawinangun,kecamatan,no,-6.6453,108.4103,Asia/Jakarta,"BMKG point: Arjawinangun, Kecamatan Arjawinangun",23-09-2026,UKMO,Open-Meteo / UK Met Office,15:00,2026-09-23 15:00:00,32.2,45.0,0.0,18.4,0.0,1.3215,Cerah,wmo:0
arjawinangun,"Arjawinangun, Cirebon",2026-09-23,32.09.24.2004,Arjawinangun,kecamatan,no,-6.6453,108.4103,Asia/Jakarta,"BMKG point: Arjawinangun, Kecamatan Arjawinangun",23-09-2026,UKMO,Open-Meteo / UK Met Office,16:00,2026-09-23 16:00:00,30.9,54.0,0.0,16.9,0.0,1.3215,Cerah,wmo:0
arjawinangun,"Arjawinangun, Cirebon",2026-09-23,32.09.24.2004,Arjawinangun,kecamatan,no,-6.6453,108.4103,Asia/Jakarta,"BMKG point: Arjawinangun, Kecamatan Arjawinangun",23-09-2026,UKMO,Open-Meteo / UK Met Office,17:00,2026-09-23 17:00:00,29.5,62.0,0.0,15.8,0.0,1.3215,Cerah,wmo:0
arjawinangun,"Arjawinangun, Cirebon",2026-09-23,32.09.24.2004,Arjawinangun,kecamatan,no,-6.6453,108.4103,Asia/Jakarta,"BMKG point: Arjawinangun, Kecamatan Arjawinangun",23-09-2026,UKMO,Open-Meteo / UK Met Office,18:00,2026-09-23 18:00:00,28.5,69.0,0.0,13.3,0.0,1.3215,Cerah,wmo:0
arjawinangun,"Arjawinangun, Cirebon",2026-09-23,32.09.24.2004,Arjawinangun,kecamatan,no,-6.6453,108.4103,Asia/Jakarta,"BMKG point: Arjawinangun, Kecamatan Arjawinangun",23-09-2026,UKMO,Open-Meteo / UK Met Office,19:00,2026-09-23 19:00:00,28.3,71.0,0.0,11.2,0.0,1.3215,Cerah,wmo:0
arjawinangun,"Arjawinangun, Cirebon",2026-09-23,32.09.24.2004,Arjawinangun,kecamatan,no,-6.6453,108.4103,Asia/Jakarta,"BMKG point: Arjawinangun, Kecamatan Arjawinangun",23-09-2026,UKMO,Open-Meteo / UK Met Office,20:00,2026-09-23 20:00:00,28.2,71.0,0.0,10.1,0.0,1.3215,Cerah,wmo:0
arjawinangun,"Arjawinangun, Cirebon",2026-09-23,32.09.24.2004,Arjawinangun,kecamatan,no,-6.6453,108.4103,Asia/Jakarta,"BMKG point: Arjawinangun, Kecamatan Arjawinangun",23-09-2026,UKMO,Open-Meteo / UK Met Office,21:00,2026-09-23 21:00:00,28.0,71.0,0.0,10.1,0.0,1.3215,Cerah,wmo:0
arjawinangun,"Arjawinangun, Cirebon",2026-09-23,32.09.24.2004,Arjawinangun,kecamatan,no,-6.6453,108.4103,Asia/Jakarta,"BMKG point: Arjawinangun, Kecamatan Arjawinangun",23-09-2026,UKMO,Open-Meteo / UK Met Office,22:00,2026-09-23 22:00:00,27.4,64.0,0.0,10.1,0.0,1.3215,Cerah,wmo:0
arjawinangun,"Arjawinangun, Cirebon",2026-09-23,32.09.24.2004,Arjawinangun,kecamatan,no,-6.6453,108.4103,Asia/Jakarta,"BMKG point: Arjawinangun, Kecamatan Arjawinangun",23-09-2026,UKMO,Open-Meteo / UK Met Office,23:00,2026-09-23 23:00:00,26.4,62.0,0.0,7.9,0.0,1.3215,Cerah,wmo:0
arjawinangun,"Arjawinangun, Cirebon",2026-09-24,32.09.24.2004,Arjawinangun,kecamatan,no,-6.6453,108.4103,Asia/Jakarta,"BMKG point: Arjawinangun, Kecamatan Arjawinangun",24-09-2026,BMKG,BMKG,00:00,2026-09-24 01:00:00,22.0,56.0,0.0,2.9,60.0,1.2771,Berawan,Berawan
arjawinangun,"Arjawinangun, Cirebon",2026-09-24,32.09.24.2004,Arjawinangun,kecamatan,no,-6.6453,108.4103,Asia/Jakarta,"BMKG point: Arjawinangun, Kecamatan Arjawinangun",24-09-2026,BMKG,BMKG,01:00,2026-09-24 01:00:00,22.0,56.0,0.0,2.9,0.0,1.7028,Berawan,Berawan
arjawinangun,"Arjawinangun, Cirebon",2026-09-24,32.09.24.2004,Arjawinangun,kecamatan,no,-6.6453,108.4103,Asia/Jakarta,"BMKG point: Arjawinangun, Kecamatan Arjawinangun",24-09-2026,BMKG,BMKG,02:00,2026-09-24 01:00:00,22.0,56.0,0.0,2.9,60.0,1.2771,Berawan,Berawan
arjawinangun,"Arjawinangun, Cirebon",2026-09-24,32.09.24.2004,Arjawinangun,kecamatan,no,-6.6453,108.4103,Asia/Jakarta,"BMKG point: Arjawinangun, Kecamatan Arjawinangun",24-09-2026,BMKG,BMKG,03:00,2026-09-24 04:00:00,23.0,58.0,0.0,2.3,60.0,1.2771,Berawan,Berawan
arjawinangun,"Arjawinangun, Cirebon",2026-09-24,32.09.24.2004,Arjawinangun,kecamatan,no,-6.6453,108.4103,Asia/Jakarta,"BMKG point: Arjawinangun, Kecamatan Arjawinangun",24-09-2026,BMKG,BMKG,04:00,2026-09-24 04:00:00,23.0,58.0,0.0,2.3,0.0,1.7028,Berawan,Berawan
arjawinangun,"Arjawinangun, Cirebon",2026-09-24,32.09.24.2004,Arjawinangun,kecamatan,no,-6.6453,108.4103,Asia/Jakarta,"BMKG point: Arjawinangun, Kecamatan Arjawinangun",24-09-2026,BMKG,BMKG,05:00,2026-09-24 04:00:00,23.0,58.0,0.0,2.3,60.0,1.2771,Berawan,Berawan
arjawinangun,"Arjawinangun, Cirebon",2026-09-24,32.09.24.2004,Arjawinangun,kecamatan,no,-6.6453,108.4103,Asia/Jakarta,"BMKG point: Arjawinangun, Kecamatan Arjawinangun",24-09-2026,BMKG,BMKG,06:00,2026-09-24 07:00:00,30.0,47.0,0.0,1.9,60.0,1.2771,Cerah Berawan,Cerah Berawan
arjawinangun,"Arjawinangun, Cirebon",2026-09-24,32.09.24.2004,Arjawinangun,kecamatan,no,-6.6453,108.4103,Asia/Jakarta,"BMKG point: Arjawinangun, Kecamatan Arjawinangun",24-09-2026,BMKG,BMKG,07:00,2026-09-24 07:00:00,30.0,47.0,0.0,1.9,0.0,1.7028,Cerah Berawan,Cerah Berawan
arjawinangun,"Arjawinangun, Cirebon",2026-09-24,32.09.24.2004,Arjawinangun,kecamatan,no,-6.6453,108.4103,Asia/Jakarta,"BMKG point: Arjawinangun, Kecamatan Arjawinangun",24-09-2026,BMKG,BMKG,08:00,2026-09-24 07:00:00,30.0,47.0,0.0,1.9,60.0,1.2771,Cerah Berawan,Cerah Berawan
arjawinangun,"Arjawinangun, Cirebon",2026-09-24,32.09.24.2004,Arjawinangun,kecamatan,no,-6.6453,108.4103,Asia/Jakarta,"BMKG point: Arjawinangun, Kecamatan Arjawinangun",24-09-2026,BMKG,BMKG,09:00,2026-09-24 10:00:00,34.0,33.0,0.0,19.1,60.0,1.2771,Cerah,Cerah
arjawinangun,"Arjawinangun, Cirebon",2026-09-24,32.09.24.2004,Arjawinangun,kecamatan,no,-6.6453,108.4103,Asia/Jakarta,"BMKG point: Arjawinangun, Kecamatan Arjawinangun",24-09-2026,BMKG,BMKG,10:00,2026-09-24 10:00:00,34.0,33.0,0.0,19.1,0.0,1.7028,Cerah,Cerah
arjawinangun,"Arjawinangun, Cirebon",2026-09-24,32.09.24.2004,Arjawinangun,kecamatan,no,-6.6453,108.4103,Asia/Jakarta,"BMKG point: Arjawinangun, Kecamatan Arjawinangun",24-09-2026,BMKG,BMKG,11:00,2026-09-24 10:00:00,34.0,33.0,0.0,19.1,60.0,1.2771,Cerah,Cerah
arjawinangun,"Arjawinangun, Cirebon",2026-09-24,32.09.24.2004,Arjawinangun,kecamatan,no,-6.6453,108.4103,Asia/Jakarta,"BMKG point: Arjawinangun, Kecamatan Arjawinangun",24-09-2026,BMKG,BMKG,12:00,2026-09-24 13:00:00,34.0,35.0,0.0,21.8,60.0,1.2771,Berawan,Berawan
arjawinangun,"Arjawinangun, Cirebon",2026-09-24,32.09.24.2004,Arjawinangun,kecamatan,no,-6.6453,108.4103,Asia/Jakarta,"BMKG point: Arjawinangun, Kecamatan Arjawinangun",24-09-2026,BMKG,BMKG,13:00,2026-09-24 13:00:00,34.0,35.0,0.0,21.8,0.0,1.7028,Berawan,Berawan
arjawinangun,"Arjawinangun, Cirebon",2026-09-24,32.09.24.2004,Arjawinangun,kecamatan,no,-6.6453,108.4103,Asia/Jakarta,"BMKG point: Arjawinangun, Kecamatan Arjawinangun",24-09-2026,BMKG,BMKG,14:00,2026-09-24 13:00:00,34.0,35.0,0.0,21.8,60.0,1.2771,Berawan,Berawan
arjawinangun,"Arjawinangun, Cirebon",2026-09-24,32.09.24.2004,Arjawinangun,kecamatan,no,-6.6453,108.4103,Asia/Jakarta,"BMKG point: Arjawinangun, Kecamatan Arjawinangun",24-09-2026,BMKG,BMKG,15:00,2026-09-24 16:00:00,30.0,54.0,0.0,17.9,60.0,1.2771,Cerah,Cerah
arjawinangun,"Arjawinangun, Cirebon",2026-09-24,32.09.24.2004,Arjawinangun,kecamatan,no,-6.6453,108.4103,Asia/Jakarta,"BMKG point: Arjawinangun, Kecamatan Arjawinangun",24-09-2026,BMKG,BMKG,16:00,2026-09-24 16:00:00,30.0,54.0,0.0,17.9,0.0,1.7028,Cerah,Cerah
arjawinangun,"Arjawinangun, Cirebon",2026-09-24,32.09.24.2004,Arjawinangun,kecamatan,no,-6.6453,108.4103,Asia/Jakarta,"BMKG point: Arjawinangun, Kecamatan Arjawinangun",24-09-2026,BMKG,BMKG,17:00,2026-09-24 16:00:00,30.0,54.0,0.0,17.9,60.0,1.2771,Cerah,Cerah
arjawinangun,"Arjawinangun, Cirebon",2026-09-24,32.09.24.2004,Arjawinangun,kecamatan,no,-6.6453,108.4103,Asia/Jakarta,"BMKG point: Arjawinangun, Kecamatan Arjawinangun",24-09-2026,BMKG,BMKG,18:00,2026-09-24 19:00:00,28.0,71.0,0.0,10.7,60.0,1.2771,Cerah,Cerah
arjawinangun,"Arjawinangun, Cirebon",2026-09-24,32.09.24.2004,Arjawinangun,kecamatan,no,-6.6453,108.4103,Asia/Jakarta,"BMKG point: Arjawinangun, Kecamatan Arjawinangun",24-09-2026,BMKG,BMKG,19:00,2026-09-24 19:00:00,28.0,71.0,0.0,10.7,0.0,1.7028,Cerah,Cerah
arjawinangun,"Arjawinangun, Cirebon",2026-09-24,32.09.24.2004,Arjawinangun,kecamatan,no,-6.6453,108.4103,Asia/Jakarta,"BMKG point: Arjawinangun, Kecamatan Arjawinangun",24-09-2026,BMKG,BMKG,20:00,2026-09-24 19:00:00,28.0,71.0,0.0,10.7,60.0,1.2771,Cerah,Cerah
arjawinangun,"Arjawinangun, Cirebon",2026-09-24,32.09.24.2004,Arjawinangun,kecamatan,no,-6.6453,108.4103,Asia/Jakarta,"BMKG point: Arjawinangun, Kecamatan Arjawinangun",24-09-2026,BMKG,BMKG,21:00,2026-09-24 22:00:00,26.0,71.0,0.0,1.6,60.0,1.2771,Cerah,Cerah
arjawinangun,"Arjawinangun, Cirebon",2026-09-24,32.09.24.2004,Arjawinangun,kecamatan,no,-6.6453,108.4103,Asia/Jakarta,"BMKG point: Arjawinangun, Kecamatan Arjawinangun",24-09-2026,BMKG,BMKG,22:00,2026-09-24 22:00:00,26.0,71.0,0.0,1.6,0.0,1.7028,Cerah,Cerah
arjawinangun,"Arjawinangun, Cirebon",2026-09-24,32.09.24.2004,Arjawinangun,kecamatan,no,-6.6453,108.4103,Asia/Jakarta,"BMKG point: Arjawinangun, Kecamatan Arjawinangun",24-09-2026,BMKG,BMKG,23:00,2026-09-24 22:00:00,26.0,71.0,0.0,1.6,60.0,1.2771,Cerah,Cerah
arjawinangun,"Arjawinangun, Cirebon",2026-09-24,32.09.24.2004,Arjawinangun,kecamatan,no,-6.6453,108.4103,Asia/Jakarta,"BMKG point: Arjawinangun, Kecamatan Arjawinangun",24-09-2026,CMA,Open-Meteo / CMA GRAPES,00:00,2026-09-24 00:00:00,24.3,81.0,0.0,9.6,0.0,1.1498,Cerah,wmo:0
arjawinangun,"Arjawinangun, Cirebon",2026-09-24,32.09.24.2004,Arjawinangun,kecamatan,no,-6.6453,108.4103,Asia/Jakarta,"BMKG point: Arjawinangun, Kecamatan Arjawinangun",24-09-2026,CMA,Open-Meteo / CMA GRAPES,01:00,2026-09-24 01:00:00,24.3,81.0,0.0,9.3,0.0,1.1498,Cerah,wmo:0
arjawinangun,"Arjawinangun, Cirebon",2026-09-24,32.09.24.2004,Arjawinangun,kecamatan,no,-6.6453,108.4103,Asia/Jakarta,"BMKG point: Arjawinangun, Kecamatan Arjawinangun",24-09-2026,CMA,Open-Meteo / CMA GRAPES,02:00,2026-09-24 02:00:00,24.1,82.0,0.0,9.3,0.0,1.1498,Cerah,wmo:0
arjawinangun,"Arjawinangun, Cirebon",2026-09-24,32.09.24.2004,Arjawinangun,kecamatan,no,-6.6453,108.4103,Asia/Jakarta,"BMKG point: Arjawinangun, Kecamatan Arjawinangun",24-09-2026,CMA,Open-Meteo / CMA GRAPES,03:00,2026-09-24 03:00:00,23.9,83.0,0.0,9.3,0.0,1.1498,Cerah,wmo:0
arjawinangun,"Arjawinangun, Cirebon",2026-09-24,32.09.24.2004,Arjawinangun,kecamatan,no,-6.6453,108.4103,Asia/Jakarta,"BMKG point: Arjawinangun, Kecamatan Arjawinangun",24-09-2026,CMA,Open-Meteo / CMA GRAPES,04:00,2026-09-24 04:00:00,23.9,83.0,0.0,9.6,0.0,1.1498,Cerah,wmo:0
arjawinangun,"Arjawinangun, Cirebon",2026-09-24,32.09.24.2004,Arjawinangun,kecamatan,no,-6.6453,108.4103,Asia/Jakarta,"BMKG point: Arjawinangun, Kecamatan Arjawinangun",24-09-2026,CMA,Open-Meteo / CMA GRAPES,05:00,2026-09-24 05:00:00,24.1,81.0,0.0,10.2,0.0,1.1498,Cerah,wmo:0
arjawinangun,"Arjawinangun, Cirebon",2026-09-24,32.09.24.2004,Arjawinangun,kecamatan,no,-6.6453,108.4103,Asia/Jakarta,"BMKG point: Arjawinangun, Kecamatan Arjawinangun",24-09-2026,CMA,Open-Meteo / CMA GRAPES,06:00,2026-09-24 06:00:00,24.5,79.0,0.0,10.9,0.0,1.1498,Cerah,wmo:0
arjawinangun,"Arjawinangun, Cirebon",2026-09-24,32.09.24.2004,Arjawinangun,kecamatan,no,-6.6453,108.4103,Asia/Jakarta,"BMKG point: Arjawinangun, Kecamatan Arjawinangun",24-09-2026,CMA,Open-Meteo / CMA GRAPES,07:00,2026-09-24 07:00:00,25.3,75.0,0.0,11.0,0.0,1.1498,Cerah,wmo:0
arjawinangun,"Arjawinangun, Cirebon",2026-09-24,32.09.24.2004,Arjawinangun,kecamatan,no,-6.6453,108.4103,Asia/Jakarta,"BMKG point: Arjawinangun, Kecamatan Arjawinangun",24-09-2026,CMA,Open-Meteo / CMA GRAPES,08:00,2026-09-24 08:00:00,26.8,70.0,0.0,10.5,0.0,1.1498,Cerah,wmo:0
arjawinangun,"Arjawinangun, Cirebon",2026-09-24,32.09.24.2004,Arjawinangun,kecamatan,no,-6.6453,108.4103,Asia/Jakarta,"BMKG point: Arjawinangun, Kecamatan Arjawinangun",24-09-2026,CMA,Open-Meteo / CMA GRAPES,09:00,2026-09-24 09:00:00,28.8,64.0,0.0,10.0,0.0,1.1498,Cerah,wmo:0
arjawinangun,"Arjawinangun, Cirebon",2026-09-24,32.09.24.2004,Arjawinangun,kecamatan,no,-6.6453,108.4103,Asia/Jakarta,"BMKG point: Arjawinangun, Kecamatan Arjawinangun",24-09-2026,CMA,Open-Meteo / CMA GRAPES,10:00,2026-09-24 10:00:00,30.4,59.0,0.0,10.3,0.0,1.1498,Cerah,wmo:0
arjawinangun,"Arjawinangun, Cirebon",2026-09-24,32.09.24.2004,Arjawinangun,kecamatan,no,-6.6453,108.4103,Asia/Jakarta,"BMKG point: Arjawinangun, Kecamatan Arjawinangun",24-09-2026,CMA,Open-Meteo / CMA GRAPES,11:00,2026-09-24 11:00:00,31.7,55.0,0.0,10.9,0.0,1.1498,Cerah,wmo:0
arjawinangun,"Arjawinangun, Cirebon",2026-09-24,32.09.24.2004,Arjawinangun,kecamatan,no,-6.6453,108.4103,Asia/Jakarta,"BMKG point: Arjawinangun, Kecamatan Arjawinangun",24-09-2026,CMA,Open-Meteo / CMA GRAPES,12:00,2026-09-24 12:00:00,32.8,51.0,0.0,11.6,0.0,1.1498,Cerah,wmo:0
arjawinangun,"Arjawinangun, Cirebon",2026-09-24,32.09.24.2004,Arjawinangun,kecamatan,no,-6.6453,108.4103,Asia/Jakarta,"BMKG point: Arjawinangun, Kecamatan Arjawinangun",24-09-2026,CMA,Open-Meteo / CMA GRAPES,13:00,2026-09-24 13:00:00,33.1,51.0,0.0,13.1,0.0,1.1498,Cerah,wmo:0
arjawinangun,"Arjawinangun, Cirebon",2026-09-24,32.09.24.2004,Arjawinangun,kecamatan,no,-6.6453,108.4103,Asia/Jakarta,"BMKG point: Arjawinangun, Kecamatan Arjawinangun",24-09-2026,CMA,Open-Meteo / CMA GRAPES,14:00,2026-09-24 14:00:00,32.4,56.0,0.0,16.0,0.0,1.1498,Cerah,wmo:0
arjawinangun,"Arjawinangun, Cirebon",2026-09-24,32.09.24.2004,Arjawinangun,kecamatan,no,-6.6453,108.4103,Asia/Jakarta,"BMKG point: Arjawinangun, Kecamatan Arjawinangun",24-09-2026,CMA,Open-Meteo / CMA GRAPES,15:00,2026-09-24 15:00:00,30.9,64.0,0.0,19.5,0.0,1.1498,Cerah,wmo:0
arjawinangun,"Arjawinangun, Cirebon",2026-09-24,32.09.24.2004,Arjawinangun,kecamatan,no,-6.6453,108.4103,Asia/Jakarta,"BMKG point: Arjawinangun, Kecamatan Arjawinangun",24-09-2026,CMA,Open-Meteo / CMA GRAPES,16:00,2026-09-24 16:00:00,29.7,71.0,0.0,20.9,0.0,1.1498,Cerah,wmo:0
arjawinangun,"Arjawinangun, Cirebon",2026-09-24,32.09.24.2004,Arjawinangun,kecamatan,no,-6.6453,108.4103,Asia/Jakarta,"BMKG point: Arjawinangun, Kecamatan Arjawinangun",24-09-2026,CMA,Open-Meteo / CMA GRAPES,17:00,2026-09-24 17:00:00,29.0,73.0,0.0,18.6,0.0,1.1498,Cerah,wmo:0
arjawinangun,"Arjawinangun, Cirebon",2026-09-24,32.09.24.2004,Arjawinangun,kecamatan,no,-6.6453,108.4103,Asia/Jakarta,"BMKG point: Arjawinangun, Kecamatan Arjawinangun",24-09-2026,CMA,Open-Meteo / CMA GRAPES,18:00,2026-09-24 18:00:00,28.5,74.0,0.0,14.5,0.0,1.1498,Cerah,wmo:0
arjawinangun,"Arjawinangun, Cirebon",2026-09-24,32.09.24.2004,Arjawinangun,kecamatan,no,-6.6453,108.4103,Asia/Jakarta,"BMKG point: Arjawinangun, Kecamatan Arjawinangun",24-09-2026,CMA,Open-Meteo / CMA GRAPES,19:00,2026-09-24 19:00:00,28.0,75.0,0.0,12.0,0.0,1.1498,Cerah,wmo:0
arjawinangun,"Arjawinangun, Cirebon",2026-09-24,32.09.24.2004,Arjawinangun,kecamatan,no,-6.6453,108.4103,Asia/Jakarta,"BMKG point: Arjawinangun, Kecamatan Arjawinangun",24-09-2026,CMA,Open-Meteo / CMA GRAPES,20:00,2026-09-24 20:00:00,27.3,77.0,0.0,10.9,0.0,1.1498,Cerah,wmo:0
arjawinangun,"Arjawinangun, Cirebon",2026-09-24,32.09.24.2004,Arjawinangun,kecamatan,no,-6.6453,108.4103,Asia/Jakarta,"BMKG point: Arjawinangun, Kecamatan Arjawinangun",24-09-2026,CMA,Open-Meteo / CMA GRAPES,21:00,2026-09-24 21:00:00,26.5,79.0,0.0,10.2,0.0,1.1498,Cerah,wmo:0
arjawinangun,"Arjawinangun, Cirebon",2026-09-24,32.09.24.2004,Arjawinangun,kecamatan,no,-6.6453,108.4103,Asia/Jakarta,"BMKG point: Arjawinangun, Kecamatan Arjawinangun",24-09-2026,CMA,Open-Meteo / CMA GRAPES,22:00,2026-09-24 22:00:00,25.9,81.0,0.0,9.7,0.0,1.1498,Cerah,wmo:0
arjawinangun,"Arjawinangun, Cirebon",2026-09-24,32.09.24.2004,Arjawinangun,kecamatan,no,-6.6453,108.4103,Asia/Jakarta,"BMKG point: Arjawinangun, Kecamatan Arjawinangun",24-09-2026,CMA,Open-Meteo / CMA GRAPES,23:00,2026-09-24 23:00:00,25.5,82.0,0.0,9.5,0.0,1.1498,Cerah,wmo:0
arjawinangun,"Arjawinangun, Cirebon",2026-09-24,32.09.24.2004,Arjawinangun,kecamatan,no,-6.6453,108.4103,Asia/Jakarta,"BMKG point: Arjawinangun, Kecamatan Arjawinangun",24-09-2026,ECMWF,Open-Meteo / ECMWF,00:00,2026-09-24 00:00:00,25.4,64.0,0.0,3.3,0.0,1.6982,Cerah Berawan,wmo:2
arjawinangun,"Arjawinangun, Cirebon",2026-09-24,32.09.24.2004,Arjawinangun,kecamatan,no,-6.6453,108.4103,Asia/Jakarta,"BMKG point: Arjawinangun, Kecamatan Arjawinangun",24-09-2026,ECMWF,Open-Meteo / ECMWF,01:00,2026-09-24 01:00:00,25.1,66.0,0.0,2.6,0.0,1.6982,Cerah Berawan,wmo:2
arjawinangun,"Arjawinangun, Cirebon",2026-09-24,32.09.24.2004,Arjawinangun,kecamatan,no,-6.6453,108.4103,Asia/Jakarta,"BMKG point: Arjawinangun, Kecamatan Arjawinangun",24-09-2026,ECMWF,Open-Meteo / ECMWF,02:00,2026-09-24 02:00:00,24.7,67.0,0.0,2.1,0.0,1.6982,Berawan,wmo:3
arjawinangun,"Arjawinangun, Cirebon",2026-09-24,32.09.24.2004,Arjawinangun,kecamatan,no,-6.6453,108.4103,Asia/Jakarta,"BMKG point: Arjawinangun, Kecamatan Arjawinangun",24-09-2026,ECMWF,Open-Meteo / ECMWF,03:00,2026-09-24 03:00:00,24.5,68.0,0.0,2.3,0.0,1.6982,Berawan,wmo:3
arjawinangun,"Arjawinangun, Cirebon",2026-09-24,32.09.24.2004,Arjawinangun,kecamatan,no,-6.6453,108.4103,Asia/Jakarta,"BMKG point: Arjawinangun, Kecamatan Arjawinangun",24-09-2026,ECMWF,Open-Meteo / ECMWF,04:00,2026-09-24 04:00:00,24.7,67.0,0.0,2.0,0.0,1.6982,Berawan,wmo:3
arjawinangun,"Arjawinangun, Cirebon",2026-09-24,32.09.24.2004,Arjawinangun,kecamatan,no,-6.6453,108.4103,Asia/Jakarta,"BMKG point: Arjawinangun, Kecamatan Arjawinangun",24-09-2026,ECMWF,Open-Meteo / ECMWF,05:00,2026-09-24 05:00:00,25.4,64.0,0.0,2.9,0.0,1.6982,Berawan,wmo:3
arjawinangun,"Arjawinangun, Cirebon",2026-09-24,32.09.24.2004,Arjawinangun,kecamatan,no,-6.6453,108.4103,Asia/Jakarta,"BMKG point: Arjawinangun, Kecamatan Arjawinangun",24-09-2026,ECMWF,Open-Meteo / ECMWF,06:00,2026-09-24 06:00:00,26.6,59.0,0.0,6.0,0.0,1.6982,Berawan,wmo:3
arjawinangun,"Arjawinangun, Cirebon",2026-09-24,32.09.24.2004,Arjawinangun,kecamatan,no,-6.6453,108.4103,Asia/Jakarta,"BMKG point: Arjawinangun, Kecamatan Arjawinangun",24-09-2026,ECMWF,Open-Meteo / ECMWF,07:00,2026-09-24 07:00:00,27.8,54.0,0.0,8.2,0.0,1.6982,Berawan,wmo:3
arjawinangun,"Arjawinangun, Cirebon",2026-09-24,32.09.24.2004,Arjawinangun,kecamatan,no,-6.6453,108.4103,Asia/Jakarta,"BMKG point: Arjawinangun, Kecamatan Arjawinangun",24-09-2026,ECMWF,Open-Meteo / ECMWF,08:00,2026-09-24 08:00:00,29.3,49.0,0.0,10.1,0.0,1.6982,Cerah Berawan,wmo:2
arjawinangun,"Arjawinangun, Cirebon",2026-09-24,32.09.24.2004,Arjawinangun,kecamatan,no,-6.6453,108.4103,Asia/Jakarta,"BMKG point: Arjawinangun, Kecamatan Arjawinangun",24-09-2026,ECMWF,Open-Meteo / ECMWF,09:00,2026-09-24 09:00:00,31.0,45.0,0.0,12.6,0.0,1.6982,Cerah Berawan,wmo:1
arjawinangun,"Arjawinangun, Cirebon",2026-09-24,32.09.24.2004,Arjawinangun,kecamatan,no,-6.6453,108.4103,Asia/Jakarta,"BMKG point: Arjawinangun, Kecamatan Arjawinangun",24-09-2026,ECMWF,Open-Meteo / ECMWF,10:00,2026-09-24 10:00:00,32.2,42.0,0.0,14.9,0.0,1.6982,Cerah Berawan,wmo:1
arjawinangun,"Arjawinangun, Cirebon",2026-09-24,32.09.24.2004,Arjawinangun,kecamatan,no,-6.6453,108.4103,Asia/Jakarta,"BMKG point: Arjawinangun, Kecamatan Arjawinangun",24-09-2026,ECMWF,Open-Meteo / ECMWF,11:00,2026-09-24 11:00:00,32.8,41.0,0.0,16.2,0.0,1.6982,Cerah,wmo:0
arjawinangun,"Arjawinangun, Cirebon",2026-09-24,32.09.24.2004,Arjawinangun,kecamatan,no,-6.6453,108.4103,Asia/Jakarta,"BMKG point: Arjawinangun, Kecamatan Arjawinangun",24-09-2026,ECMWF,Open-Meteo / ECMWF,12:00,2026-09-24 12:00:00,32.8,41.0,0.0,17.6,0.0,1.6982,Cerah,wmo:0
arjawinangun,"Arjawinangun, Cirebon",2026-09-24,32.09.24.2004,Arjawinangun,kecamatan,no,-6.6453,108.4103,Asia/Jakarta,"BMKG point: Arjawinangun, Kecamatan Arjawinangun",24-09-2026,ECMWF,Open-Meteo / ECMWF,13:00,2026-09-24 13:00:00,32.6,43.0,0.0,18.1,0.0,1.6982,Cerah,wmo:0
arjawinangun,"Arjawinangun, Cirebon",2026-09-24,32.09.24.2004,Arjawinangun,kecamatan,no,-6.6453,108.4103,Asia/Jakarta,"BMKG point: Arjawinangun, Kecamatan Arjawinangun",24-09-2026,ECMWF,Open-Meteo / ECMWF,14:00,2026-09-24 14:00:00,32.0,46.0,0.0,16.7,0.0,1.6982,Cerah,wmo:0
arjawinangun,"Arjawinangun, Cirebon",2026-09-24,32.09.24.2004,Arjawinangun,kecamatan,no,-6.6453,108.4103,Asia/Jakarta,"BMKG point: Arjawinangun, Kecamatan Arjawinangun",24-09-2026,ECMWF,Open-Meteo / ECMWF,15:00,2026-09-24 15:00:00,31.1,51.0,0.0,14.0,0.0,1.6982,Cerah Berawan,wmo:1
arjawinangun,"Arjawinangun, Cirebon",2026-09-24,32.09.24.2004,Arjawinangun,kecamatan,no,-6.6453,108.4103,Asia/Jakarta,"BMKG point: Arjawinangun, Kecamatan Arjawinangun",24-09-2026,ECMWF,Open-Meteo / ECMWF,16:00,2026-09-24 16:00:00,30.2,56.0,0.0,11.7,0.0,1.6982,Cerah Berawan,wmo:1
arjawinangun,"Arjawinangun, Cirebon",2026-09-24,32.09.24.2004,Arjawinangun,kecamatan,no,-6.6453,108.4103,Asia/Jakarta,"BMKG point: Arjawinangun, Kecamatan Arjawinangun",24-09-2026,ECMWF,Open-Meteo / ECMWF,17:00,2026-09-24 17:00:00,29.5,62.0,0.0,10.6,0.0,1.6982,Cerah Berawan,wmo:2
arjawinangun,"Arjawinangun, Cirebon",2026-09-24,32.09.24.2004,Arjawinangun,kecamatan,no,-6.6453,108.4103,Asia/Jakarta,"BMKG point: Arjawinangun, Kecamatan Arjawinangun",24-09-2026,ECMWF,Open-Meteo / ECMWF,18:00,2026-09-24 18:00:00,28.8,69.0,0.0,10.1,0.0,1.6982,Berawan,wmo:3
arjawinangun,"Arjawinangun, Cirebon",2026-09-24,32.09.24.2004,Arjawinangun,kecamatan,no,-6.6453,108.4103,Asia/Jakarta,"BMKG point: Arjawinangun, Kecamatan Arjawinangun",24-09-2026,ECMWF,Open-Meteo / ECMWF,19:00,2026-09-24 19:00:00,28.2,74.0,0.0,9.3,0.0,1.6982,Berawan,wmo:3
arjawinangun,"Arjawinangun, Cirebon",2026-09-24,32.09.24.2004,Arjawinangun,kecamatan,no,-6.6453,108.4103,Asia/Jakarta,"BMKG point: Arjawinangun, Kecamatan Arjawinangun",24-09-2026,ECMWF,Open-Meteo / ECMWF,20:00,2026-09-24 20:00:00,27.8,74.0,0.0,7.3,0.0,1.6982,Berawan,wmo:3
arjawinangun,"Arjawinangun, Cirebon",2026-09-24,32.09.24.2004,Arjawinangun,kecamatan,no,-6.6453,108.4103,Asia/Jakarta,"BMKG point: Arjawinangun, Kecamatan Arjawinangun",24-09-2026,ECMWF,Open-Meteo / ECMWF,21:00,2026-09-24 21:00:00,27.5,71.0,0.0,5.0,0.0,1.6982,Berawan,wmo:3
arjawinangun,"Arjawinangun, Cirebon",2026-09-24,32.09.24.2004,Arjawinangun,kecamatan,no,-6.6453,108.4103,Asia/Jakarta,"BMKG point: Arjawinangun, Kecamatan Arjawinangun",24-09-2026,ECMWF,Open-Meteo / ECMWF,22:00,2026-09-24 22:00:00,27.2,70.0,0.0,3.1,0.0,1.6982,Berawan,wmo:3
arjawinangun,"Arjawinangun, Cirebon",2026-09-24,32.09.24.2004,Arjawinangun,kecamatan,no,-6.6453,108.4103,Asia/Jakarta,"BMKG point: Arjawinangun, Kecamatan Arjawinangun",24-09-2026,ECMWF,Open-Meteo / ECMWF,23:00,2026-09-24 23:00:00,26.7,72.0,0.0,1.8,0.0,1.6982,Cerah Berawan,wmo:2
arjawinangun,"Arjawinangun, Cirebon",2026-09-24,32.09.24.2004,Arjawinangun,kecamatan,no,-6.6453,108.4103,Asia/Jakarta,"BMKG point: Arjawinangun, Kecamatan Arjawinangun",24-09-2026,GFS,Open-Meteo / NOAA GFS,00:00,2026-09-24 00:00:00,25.0,61.0,0.0,6.4,0.0,1.4031,Cerah Berawan,wmo:1
arjawinangun,"Arjawinangun, Cirebon",2026-09-24,32.09.24.2004,Arjawinangun,kecamatan,no,-6.6453,108.4103,Asia/Jakarta,"BMKG point: Arjawinangun, Kecamatan Arjawinangun",24-09-2026,GFS,Open-Meteo / NOAA GFS,01:00,2026-09-24 01:00:00,24.6,61.0,0.0,6.3,0.0,1.4031,Cerah Berawan,wmo:2
arjawinangun,"Arjawinangun, Cirebon",2026-09-24,32.09.24.2004,Arjawinangun,kecamatan,no,-6.6453,108.4103,Asia/Jakarta,"BMKG point: Arjawinangun, Kecamatan Arjawinangun",24-09-2026,GFS,Open-Meteo / NOAA GFS,02:00,2026-09-24 02:00:00,24.3,60.0,0.0,4.7,0.0,1.4031,Cerah,wmo:0
arjawinangun,"Arjawinangun, Cirebon",2026-09-24,32.09.24.2004,Arjawinangun,kecamatan,no,-6.6453,108.4103,Asia/Jakarta,"BMKG point: Arjawinangun, Kecamatan Arjawinangun",24-09-2026,GFS,Open-Meteo / NOAA GFS,03:00,2026-09-24 03:00:00,24.2,58.0,0.0,4.9,0.0,1.4031,Cerah Berawan,wmo:2
arjawinangun,"Arjawinangun, Cirebon",2026-09-24,32.09.24.2004,Arjawinangun,kecamatan,no,-6.6453,108.4103,Asia/Jakarta,"BMKG point: Arjawinangun, Kecamatan Arjawinangun",24-09-2026,GFS,Open-Meteo / NOAA GFS,04:00,2026-09-24 04:00:00,24.0,57.0,0.0,5.5,0.0,1.4031,Berawan,wmo:3
arjawinangun,"Arjawinangun, Cirebon",2026-09-24,32.09.24.2004,Arjawinangun,kecamatan,no,-6.6453,108.4103,Asia/Jakarta,"BMKG point: Arjawinangun, Kecamatan Arjawinangun",24-09-2026,GFS,Open-Meteo / NOAA GFS,05:00,2026-09-24 05:00:00,23.8,57.0,0.0,5.8,0.0,1.4031,Berawan,wmo:3
arjawinangun,"Arjawinangun, Cirebon",2026-09-24,32.09.24.2004,Arjawinangun,kecamatan,no,-6.6453,108.4103,Asia/Jakarta,"BMKG point: Arjawinangun, Kecamatan Arjawinangun",24-09-2026,GFS,Open-Meteo / NOAA GFS,06:00,2026-09-24 06:00:00,24.4,55.0,0.0,4.7,0.0,1.4031,Cerah,wmo:0
arjawinangun,"Arjawinangun, Cirebon",2026-09-24,32.09.24.2004,Arjawinangun,kecamatan,no,-6.6453,108.4103,Asia/Jakarta,"BMKG point: Arjawinangun, Kecamatan Arjawinangun",24-09-2026,GFS,Open-Meteo / NOAA GFS,07:00,2026-09-24 07:00:00,27.3,46.0,0.0,4.6,0.0,1.4031,Cerah,wmo:0
arjawinangun,"Arjawinangun, Cirebon",2026-09-24,32.09.24.2004,Arjawinangun,kecamatan,no,-6.6453,108.4103,Asia/Jakarta,"BMKG point: Arjawinangun, Kecamatan Arjawinangun",24-09-2026,GFS,Open-Meteo / NOAA GFS,08:00,2026-09-24 08:00:00,30.0,41.0,0.0,5.4,0.0,1.4031,Cerah,wmo:0
arjawinangun,"Arjawinangun, Cirebon",2026-09-24,32.09.24.2004,Arjawinangun,kecamatan,no,-6.6453,108.4103,Asia/Jakarta,"BMKG point: Arjawinangun, Kecamatan Arjawinangun",24-09-2026,GFS,Open-Meteo / NOAA GFS,09:00,2026-09-24 09:00:00,32.0,39.0,0.0,10.8,0.0,1.4031,Cerah Berawan,wmo:2
arjawinangun,"Arjawinangun, Cirebon",2026-09-24,32.09.24.2004,Arjawinangun,kecamatan,no,-6.6453,108.4103,Asia/Jakarta,"BMKG point: Arjawinangun, Kecamatan Arjawinangun",24-09-2026,GFS,Open-Meteo / NOAA GFS,10:00,2026-09-24 10:00:00,33.9,36.0,0.0,15.6,0.0,1.4031,Cerah Berawan,wmo:1
arjawinangun,"Arjawinangun, Cirebon",2026-09-24,32.09.24.2004,Arjawinangun,kecamatan,no,-6.6453,108.4103,Asia/Jakarta,"BMKG point: Arjawinangun, Kecamatan Arjawinangun",24-09-2026,GFS,Open-Meteo / NOAA GFS,11:00,2026-09-24 11:00:00,34.9,34.0,0.0,22.5,0.0,1.4031,Berawan,wmo:3
arjawinangun,"Arjawinangun, Cirebon",2026-09-24,32.09.24.2004,Arjawinangun,kecamatan,no,-6.6453,108.4103,Asia/Jakarta,"BMKG point: Arjawinangun, Kecamatan Arjawinangun",24-09-2026,GFS,Open-Meteo / NOAA GFS,12:00,2026-09-24 12:00:00,34.8,35.0,0.0,26.4,0.0,1.4031,Cerah Berawan,wmo:1
arjawinangun,"Arjawinangun, Cirebon",2026-09-24,32.09.24.2004,Arjawinangun,kecamatan,no,-6.6453,108.4103,Asia/Jakarta,"BMKG point: Arjawinangun, Kecamatan Arjawinangun",24-09-2026,GFS,Open-Meteo / NOAA GFS,13:00,2026-09-24 13:00:00,34.5,37.0,0.0,25.3,0.0,1.4031,Berawan,wmo:3
arjawinangun,"Arjawinangun, Cirebon",2026-09-24,32.09.24.2004,Arjawinangun,kecamatan,no,-6.6453,108.4103,Asia/Jakarta,"BMKG point: Arjawinangun, Kecamatan Arjawinangun",24-09-2026,GFS,Open-Meteo / NOAA GFS,14:00,2026-09-24 14:00:00,33.7,41.0,0.0,23.3,0.0,1.4031,Berawan,wmo:3
arjawinangun,"Arjawinangun, Cirebon",2026-09-24,32.09.24.2004,Arjawinangun,kecamatan,no,-6.6453,108.4103,Asia/Jakarta,"BMKG point: Arjawinangun, Kecamatan Arjawinangun",24-09-2026,GFS,Open-Meteo / NOAA GFS,15:00,2026-09-24 15:00:00,32.6,44.0,0.0,21.6,0.0,1.4031,Berawan,wmo:3
arjawinangun,"Arjawinangun, Cirebon",2026-09-24,32.09.24.2004,Arjawinangun,kecamatan,no,-6.6453,108.4103,Asia/Jakarta,"BMKG point: Arjawinangun, Kecamatan Arjawinangun",24-09-2026,GFS,Open-Meteo / NOAA GFS,16:00,2026-09-24 16:00:00,31.3,49.0,0.0,19.2,0.0,1.4031,Berawan,wmo:3
arjawinangun,"Arjawinangun, Cirebon",2026-09-24,32.09.24.2004,Arjawinangun,kecamatan,no,-6.6453,108.4103,Asia/Jakarta,"BMKG point: Arjawinangun, Kecamatan Arjawinangun",24-09-2026,GFS,Open-Meteo / NOAA GFS,17:00,2026-09-24 17:00:00,29.9,56.0,0.0,14.1,0.0,1.4031,Berawan,wmo:3
arjawinangun,"Arjawinangun, Cirebon",2026-09-24,32.09.24.2004,Arjawinangun,kecamatan,no,-6.6453,108.4103,Asia/Jakarta,"BMKG point: Arjawinangun, Kecamatan Arjawinangun",24-09-2026,GFS,Open-Meteo / NOAA GFS,18:00,2026-09-24 18:00:00,27.8,68.0,0.0,12.0,0.0,1.4031,Berawan,wmo:3
arjawinangun,"Arjawinangun, Cirebon",2026-09-24,32.09.24.2004,Arjawinangun,kecamatan,no,-6.6453,108.4103,Asia/Jakarta,"BMKG point: Arjawinangun, Kecamatan Arjawinangun",24-09-2026,GFS,Open-Meteo / NOAA GFS,19:00,2026-09-24 19:00:00,27.0,73.0,0.0,10.5,0.0,1.4031,Berawan,wmo:3
arjawinangun,"Arjawinangun, Cirebon",2026-09-24,32.09.24.2004,Arjawinangun,kecamatan,no,-6.6453,108.4103,Asia/Jakarta,"BMKG point: Arjawinangun, Kecamatan Arjawinangun",24-09-2026,GFS,Open-Meteo / NOAA GFS,20:00,2026-09-24 20:00:00,26.9,73.0,0.0,10.0,0.0,1.4031,Berawan,wmo:3
arjawinangun,"Arjawinangun, Cirebon",2026-09-24,32.09.24.2004,Arjawinangun,kecamatan,no,-6.6453,108.4103,Asia/Jakarta,"BMKG point: Arjawinangun, Kecamatan Arjawinangun",24-09-2026,GFS,Open-Meteo / NOAA GFS,21:00,2026-09-24 21:00:00,26.8,72.0,0.0,8.9,0.0,1.4031,Berawan,wmo:3
arjawinangun,"Arjawinangun, Cirebon",2026-09-24,32.09.24.2004,Arjawinangun,kecamatan,no,-6.6453,108.4103,Asia/Jakarta,"BMKG point: Arjawinangun, Kecamatan Arjawinangun",24-09-2026,GFS,Open-Meteo / NOAA GFS,22:00,2026-09-24 22:00:00,26.6,70.0,0.0,7.6,0.0,1.4031,Cerah,wmo:0
arjawinangun,"Arjawinangun, Cirebon",2026-09-24,32.09.24.2004,Arjawinangun,kecamatan,no,-6.6453,108.4103,Asia/Jakarta,"BMKG point: Arjawinangun, Kecamatan Arjawinangun",24-09-2026,GFS,Open-Meteo / NOAA GFS,23:00,2026-09-24 23:00:00,26.2,67.0,0.0,5.9,0.0,1.4031,Cerah Berawan,wmo:1
arjawinangun,"Arjawinangun, Cirebon",2026-09-24,32.09.24.2004,Arjawinangun,kecamatan,no,-6.6453,108.4103,Asia/Jakarta,"BMKG point: Arjawinangun, Kecamatan Arjawinangun",24-09-2026,ICON,Open-Meteo / DWD ICON,00:00,2026-09-24 00:00:00,25.0,66.0,0.0,3.5,0.0,1.4754,Cerah Berawan,wmo:1
arjawinangun,"Arjawinangun, Cirebon",2026-09-24,32.09.24.2004,Arjawinangun,kecamatan,no,-6.6453,108.4103,Asia/Jakarta,"BMKG point: Arjawinangun, Kecamatan Arjawinangun",24-09-2026,ICON,Open-Meteo / DWD ICON,01:00,2026-09-24 01:00:00,24.3,69.0,0.0,3.3,0.0,1.4754,Cerah Berawan,wmo:1
arjawinangun,"Arjawinangun, Cirebon",2026-09-24,32.09.24.2004,Arjawinangun,kecamatan,no,-6.6453,108.4103,Asia/Jakarta,"BMKG point: Arjawinangun, Kecamatan Arjawinangun",24-09-2026,ICON,Open-Meteo / DWD ICON,02:00,2026-09-24 02:00:00,23.7,72.0,0.0,3.7,0.0,1.4754,Cerah Berawan,wmo:2
arjawinangun,"Arjawinangun, Cirebon",2026-09-24,32.09.24.2004,Arjawinangun,kecamatan,no,-6.6453,108.4103,Asia/Jakarta,"BMKG point: Arjawinangun, Kecamatan Arjawinangun",24-09-2026,ICON,Open-Meteo / DWD ICON,03:00,2026-09-24 03:00:00,23.6,73.0,0.0,3.7,0.0,1.4754,Berawan,wmo:3
arjawinangun,"Arjawinangun, Cirebon",2026-09-24,32.09.24.2004,Arjawinangun,kecamatan,no,-6.6453,108.4103,Asia/Jakarta,"BMKG point: Arjawinangun, Kecamatan Arjawinangun",24-09-2026,ICON,Open-Meteo / DWD ICON,04:00,2026-09-24 04:00:00,23.8,70.0,0.0,3.3,0.0,1.4754,Berawan,wmo:3
arjawinangun,"Arjawinangun, Cirebon",2026-09-24,32.09.24.2004,Arjawinangun,kecamatan,no,-6.6453,108.4103,Asia/Jakarta,"BMKG point: Arjawinangun, Kecamatan Arjawinangun",24-09-2026,ICON,Open-Meteo / DWD ICON,05:00,2026-09-24 05:00:00,23.9,68.0,0.0,3.3,0.0,1.4754,Cerah Berawan,wmo:2
arjawinangun,"Arjawinangun, Cirebon",2026-09-24,32.09.24.2004,Arjawinangun,kecamatan,no,-6.6453,108.4103,Asia/Jakarta,"BMKG point: Arjawinangun, Kecamatan Arjawinangun",24-09-2026,ICON,Open-Meteo / DWD ICON,06:00,2026-09-24 06:00:00,23.8,69.0,0.0,3.6,0.0,1.4754,Cerah Berawan,wmo:2
arjawinangun,"Arjawinangun, Cirebon",2026-09-24,32.09.24.2004,Arjawinangun,kecamatan,no,-6.6453,108.4103,Asia/Jakarta,"BMKG point: Arjawinangun, Kecamatan Arjawinangun",24-09-2026,ICON,Open-Meteo / DWD ICON,07:00,2026-09-24 07:00:00,25.5,70.0,0.0,4.7,0.0,1.4754,Cerah Berawan,wmo:2
arjawinangun,"Arjawinangun, Cirebon",2026-09-24,32.09.24.2004,Arjawinangun,kecamatan,no,-6.6453,108.4103,Asia/Jakarta,"BMKG point: Arjawinangun, Kecamatan Arjawinangun",24-09-2026,ICON,Open-Meteo / DWD ICON,08:00,2026-09-24 08:00:00,28.2,64.0,0.0,7.4,0.0,1.4754,Cerah Berawan,wmo:1
arjawinangun,"Arjawinangun, Cirebon",2026-09-24,32.09.24.2004,Arjawinangun,kecamatan,no,-6.6453,108.4103,Asia/Jakarta,"BMKG point: Arjawinangun, Kecamatan Arjawinangun",24-09-2026,ICON,Open-Meteo / DWD ICON,09:00,2026-09-24 09:00:00,30.6,58.0,0.0,13.0,0.0,1.4754,Cerah Berawan,wmo:1
arjawinangun,"Arjawinangun, Cirebon",2026-09-24,32.09.24.2004,Arjawinangun,kecamatan,no,-6.6453,108.4103,Asia/Jakarta,"BMKG point: Arjawinangun, Kecamatan Arjawinangun",24-09-2026,ICON,Open-Meteo / DWD ICON,10:00,2026-09-24 10:00:00,32.4,45.0,0.0,19.1,0.0,1.4754,Cerah Berawan,wmo:1
arjawinangun,"Arjawinangun, Cirebon",2026-09-24,32.09.24.2004,Arjawinangun,kecamatan,no,-6.6453,108.4103,Asia/Jakarta,"BMKG point: Arjawinangun, Kecamatan Arjawinangun",24-09-2026,ICON,Open-Meteo / DWD ICON,11:00,2026-09-24 11:00:00,33.2,43.0,0.0,21.3,0.0,1.4754,Cerah Berawan,wmo:1
arjawinangun,"Arjawinangun, Cirebon",2026-09-24,32.09.24.2004,Arjawinangun,kecamatan,no,-6.6453,108.4103,Asia/Jakarta,"BMKG point: Arjawinangun, Kecamatan Arjawinangun",24-09-2026,ICON,Open-Meteo / DWD ICON,12:00,2026-09-24 12:00:00,33.9,40.0,0.0,22.0,0.0,1.4754,Cerah,wmo:0
arjawinangun,"Arjawinangun, Cirebon",2026-09-24,32.09.24.2004,Arjawinangun,kecamatan,no,-6.6453,108.4103,Asia/Jakarta,"BMKG point: Arjawinangun, Kecamatan Arjawinangun",24-09-2026,ICON,Open-Meteo / DWD ICON,13:00,2026-09-24 13:00:00,34.0,39.0,0.0,22.6,0.0,1.4754,Cerah,wmo:0
arjawinangun,"Arjawinangun, Cirebon",2026-09-24,32.09.24.2004,Arjawinangun,kecamatan,no,-6.6453,108.4103,Asia/Jakarta,"BMKG point: Arjawinangun, Kecamatan Arjawinangun",24-09-2026,ICON,Open-Meteo / DWD ICON,14:00,2026-09-24 14:00:00,33.5,43.0,0.0,23.4,0.0,1.4754,Cerah,wmo:0
arjawinangun,"Arjawinangun, Cirebon",2026-09-24,32.09.24.2004,Arjawinangun,kecamatan,no,-6.6453,108.4103,Asia/Jakarta,"BMKG point: Arjawinangun, Kecamatan Arjawinangun",24-09-2026,ICON,Open-Meteo / DWD ICON,15:00,2026-09-24 15:00:00,32.5,45.0,0.0,24.6,0.0,1.4754,Cerah,wmo:0
arjawinangun,"Arjawinangun, Cirebon",2026-09-24,32.09.24.2004,Arjawinangun,kecamatan,no,-6.6453,108.4103,Asia/Jakarta,"BMKG point: Arjawinangun, Kecamatan Arjawinangun",24-09-2026,ICON,Open-Meteo / DWD ICON,16:00,2026-09-24 16:00:00,31.2,50.0,0.0,22.3,0.0,1.4754,Cerah,wmo:0
arjawinangun,"Arjawinangun, Cirebon",2026-09-24,32.09.24.2004,Arjawinangun,kecamatan,no,-6.6453,108.4103,Asia/Jakarta,"BMKG point: Arjawinangun, Kecamatan Arjawinangun",24-09-2026,ICON,Open-Meteo / DWD ICON,17:00,2026-09-24 17:00:00,29.8,59.0,0.0,17.8,0.0,1.4754,Cerah,wmo:0
arjawinangun,"Arjawinangun, Cirebon",2026-09-24,32.09.24.2004,Arjawinangun,kecamatan,no,-6.6453,108.4103,Asia/Jakarta,"BMKG point: Arjawinangun, Kecamatan Arjawinangun",24-09-2026,ICON,Open-Meteo / DWD ICON,18:00,2026-09-24 18:00:00,28.4,68.0,0.0,12.3,0.0,1.4754,Cerah,wmo:0
arjawinangun,"Arjawinangun, Cirebon",2026-09-24,32.09.24.2004,Arjawinangun,kecamatan,no,-6.6453,108.4103,Asia/Jakarta,"BMKG point: Arjawinangun, Kecamatan Arjawinangun",24-09-2026,ICON,Open-Meteo / DWD ICON,19:00,2026-09-24 19:00:00,27.5,75.0,0.0,9.0,0.0,1.4754,Cerah,wmo:0
arjawinangun,"Arjawinangun, Cirebon",2026-09-24,32.09.24.2004,Arjawinangun,kecamatan,no,-6.6453,108.4103,Asia/Jakarta,"BMKG point: Arjawinangun, Kecamatan Arjawinangun",24-09-2026,ICON,Open-Meteo / DWD ICON,20:00,2026-09-24 20:00:00,27.1,79.0,0.0,8.3,0.0,1.4754,Cerah,wmo:0
arjawinangun,"Arjawinangun, Cirebon",2026-09-24,32.09.24.2004,Arjawinangun,kecamatan,no,-6.6453,108.4103,Asia/Jakarta,"BMKG point: Arjawinangun, Kecamatan Arjawinangun",24-09-2026,ICON,Open-Meteo / DWD ICON,21:00,2026-09-24 21:00:00,26.9,80.0,0.0,7.9,0.0,1.4754,Cerah,wmo:0
arjawinangun,"Arjawinangun, Cirebon",2026-09-24,32.09.24.2004,Arjawinangun,kecamatan,no,-6.6453,108.4103,Asia/Jakarta,"BMKG point: Arjawinangun, Kecamatan Arjawinangun",24-09-2026,ICON,Open-Meteo / DWD ICON,22:00,2026-09-24 22:00:00,26.6,79.0,0.0,6.9,0.0,1.4754,Cerah,wmo:0
arjawinangun,"Arjawinangun, Cirebon",2026-09-24,32.09.24.2004,Arjawinangun,kecamatan,no,-6.6453,108.4103,Asia/Jakarta,"BMKG point: Arjawinangun, Kecamatan Arjawinangun",24-09-2026,ICON,Open-Meteo / DWD ICON,23:00,2026-09-24 23:00:00,26.3,80.0,0.0,5.2,0.0,1.4754,Cerah Berawan,wmo:1
arjawinangun,"Arjawinangun, Cirebon",2026-09-24,32.09.24.2004,Arjawinangun,kecamatan,no,-6.6453,108.4103,Asia/Jakarta,"BMKG point: Arjawinangun, Kecamatan Arjawinangun",24-09-2026,KMA,Open-Meteo / KMA,00:00,2026-09-24 00:00:00,,,,,0.0,0.5479,Berawan,wmo:None
arjawinangun,"Arjawinangun, Cirebon",2026-09-24,32.09.24.2004,Arjawinangun,kecamatan,no,-6.6453,108.4103,Asia/Jakarta,"BMKG point: Arjawinangun, Kecamatan Arjawinangun",24-09-2026,KMA,Open-Meteo / KMA,01:00,2026-09-24 01:00:00,,,,,0.0,0.5479,Berawan,wmo:None
arjawinangun,"Arjawinangun, Cirebon",2026-09-24,32.09.24.2004,Arjawinangun,kecamatan,no,-6.6453,108.4103,Asia/Jakarta,"BMKG point: Arjawinangun, Kecamatan Arjawinangun",24-09-2026,KMA,Open-Meteo / KMA,02:00,2026-09-24 02:00:00,,,,,0.0,0.5479,Berawan,wmo:None
arjawinangun,"Arjawinangun, Cirebon",2026-09-24,32.09.24.2004,Arjawinangun,kecamatan,no,-6.6453,108.4103,Asia/Jakarta,"BMKG point: Arjawinangun, Kecamatan Arjawinangun",24-09-2026,KMA,Open-Meteo / KMA,03:00,2026-09-24 03:00:00,,,,,0.0,0.5479,Berawan,wmo:None
arjawinangun,"Arjawinangun, Cirebon",2026-09-24,32.09.24.2004,Arjawinangun,kecamatan,no,-6.6453,108.4103,Asia/Jakarta,"BMKG point: Arjawinangun, Kecamatan Arjawinangun",24-09-2026,KMA,Open-Meteo / KMA,04:00,2026-09-24 04:00:00,,,,,0.0,0.5479,Berawan,wmo:None
arjawinangun,"Arjawinangun, Cirebon",2026-09-24,32.09.24.2004,Arjawinangun,kecamatan,no,-6.6453,108.4103,Asia/Jakarta,"BMKG point: Arjawinangun, Kecamatan Arjawinangun",24-09-2026,KMA,Open-Meteo / KMA,05:00,2026-09-24 05:00:00,,,,,0.0,0.5479,Berawan,wmo:None
arjawinangun,"Arjawinangun, Cirebon",2026-09-24,32.09.24.2004,Arjawinangun,kecamatan,no,-6.6453,108.4103,Asia/Jakarta,"BMKG point: Arjawinangun, Kecamatan Arjawinangun",24-09-2026,KMA,Open-Meteo / KMA,06:00,2026-09-24 06:00:00,,,,,0.0,0.5479,Berawan,wmo:None
arjawinangun,"Arjawinangun, Cirebon",2026-09-24,32.09.24.2004,Arjawinangun,kecamatan,no,-6.6453,108.4103,Asia/Jakarta,"BMKG point: Arjawinangun, Kecamatan Arjawinangun",24-09-2026,KMA,Open-Meteo / KMA,07:00,2026-09-24 07:00:00,,,,,0.0,0.5479,Berawan,wmo:None
arjawinangun,"Arjawinangun, Cirebon",2026-09-24,32.09.24.2004,Arjawinangun,kecamatan,no,-6.6453,108.4103,Asia/Jakarta,"BMKG point: Arjawinangun, Kecamatan Arjawinangun",24-09-2026,KMA,Open-Meteo / KMA,08:00,2026-09-24 08:00:00,,,,,0.0,0.5479,Berawan,wmo:None
arjawinangun,"Arjawinangun, Cirebon",2026-09-24,32.09.24.2004,Arjawinangun,kecamatan,no,-6.6453,108.4103,Asia/Jakarta,"BMKG point: Arjawinangun, Kecamatan Arjawinangun",24-09-2026,KMA,Open-Meteo / KMA,09:00,2026-09-24 09:00:00,,,,,0.0,0.5479,Berawan,wmo:None
arjawinangun,"Arjawinangun, Cirebon",2026-09-24,32.09.24.2004,Arjawinangun,kecamatan,no,-6.6453,108.4103,Asia/Jakarta,"BMKG point: Arjawinangun, Kecamatan Arjawinangun",24-09-2026,KMA,Open-Meteo / KMA,10:00,2026-09-24 10:00:00,,,,,0.0,0.5479,Berawan,wmo:None
arjawinangun,"Arjawinangun, Cirebon",2026-09-24,32.09.24.2004,Arjawinangun,kecamatan,no,-6.6453,108.4103,Asia/Jakarta,"BMKG point: Arjawinangun, Kecamatan Arjawinangun",24-09-2026,KMA,Open-Meteo / KMA,11:00,2026-09-24 11:00:00,,,,,0.0,0.5479,Berawan,wmo:None
arjawinangun,"Arjawinangun, Cirebon",2026-09-24,32.09.24.2004,Arjawinangun,kecamatan,no,-6.6453,108.4103,Asia/Jakarta,"BMKG point: Arjawinangun, Kecamatan Arjawinangun",24-09-2026,KMA,Open-Meteo / KMA,12:00,2026-09-24 12:00:00,,,,,0.0,0.5479,Berawan,wmo:None
arjawinangun,"Arjawinangun, Cirebon",2026-09-24,32.09.24.2004,Arjawinangun,kecamatan,no,-6.6453,108.4103,Asia/Jakarta,"BMKG point: Arjawinangun, Kecamatan Arjawinangun",24-09-2026,KMA,Open-Meteo / KMA,13:00,2026-09-24 13:00:00,,,,,0.0,0.5479,Berawan,wmo:None
arjawinangun,"Arjawinangun, Cirebon",2026-09-24,32.09.24.2004,Arjawinangun,kecamatan,no,-6.6453,108.4103,Asia/Jakarta,"BMKG point: Arjawinangun, Kecamatan Arjawinangun",24-09-2026,KMA,Open-Meteo / KMA,14:00,2026-09-24 14:00:00,,,,,0.0,0.5479,Berawan,wmo:None
arjawinangun,"Arjawinangun, Cirebon",2026-09-24,32.09.24.2004,Arjawinangun,kecamatan,no,-6.6453,108.4103,Asia/Jakarta,"BMKG point: Arjawinangun, Kecamatan Arjawinangun",24-09-2026,KMA,Open-Meteo / KMA,15:00,2026-09-24 15:00:00,,,,,0.0,0.5479,Berawan,wmo:None
arjawinangun,"Arjawinangun, Cirebon",2026-09-24,32.09.24.2004,Arjawinangun,kecamatan,no,-6.6453,108.4103,Asia/Jakarta,"BMKG point: Arjawinangun, Kecamatan Arjawinangun",24-09-2026,KMA,Open-Meteo / KMA,16:00,2026-09-24 16:00:00,,,,,0.0,0.5479,Berawan,wmo:None
arjawinangun,"Arjawinangun, Cirebon",2026-09-24,32.09.24.2004,Arjawinangun,kecamatan,no,-6.6453,108.4103,Asia/Jakarta,"BMKG point: Arjawinangun, Kecamatan Arjawinangun",24-09-2026,KMA,Open-Meteo / KMA,17:00,2026-09-24 17:00:00,,,,,0.0,0.5479,Berawan,wmo:None
arjawinangun,"Arjawinangun, Cirebon",2026-09-24,32.09.24.2004,Arjawinangun,kecamatan,no,-6.6453,108.4103,Asia/Jakarta,"BMKG point: Arjawinangun, Kecamatan Arjawinangun",24-09-2026,KMA,Open-Meteo / KMA,18:00,2026-09-24 18:00:00,,,,,0.0,0.5479,Berawan,wmo:None
arjawinangun,"Arjawinangun, Cirebon",2026-09-24,32.09.24.2004,Arjawinangun,kecamatan,no,-6.6453,108.4103,Asia/Jakarta,"BMKG point: Arjawinangun, Kecamatan Arjawinangun",24-09-2026,KMA,Open-Meteo / KMA,19:00,2026-09-24 19:00:00,,,,,0.0,0.5479,Berawan,wmo:None
arjawinangun,"Arjawinangun, Cirebon",2026-09-24,32.09.24.2004,Arjawinangun,kecamatan,no,-6.6453,108.4103,Asia/Jakarta,"BMKG point: Arjawinangun, Kecamatan Arjawinangun",24-09-2026,KMA,Open-Meteo / KMA,20:00,2026-09-24 20:00:00,,,,,0.0,0.5479,Berawan,wmo:None
arjawinangun,"Arjawinangun, Cirebon",2026-09-24,32.09.24.2004,Arjawinangun,kecamatan,no,-6.6453,108.4103,Asia/Jakarta,"BMKG point: Arjawinangun, Kecamatan Arjawinangun",24-09-2026,KMA,Open-Meteo / KMA,21:00,2026-09-24 21:00:00,,,,,0.0,0.5479,Berawan,wmo:None
arjawinangun,"Arjawinangun, Cirebon",2026-09-24,32.09.24.2004,Arjawinangun,kecamatan,no,-6.6453,108.4103,Asia/Jakarta,"BMKG point: Arjawinangun, Kecamatan Arjawinangun",24-09-2026,KMA,Open-Meteo / KMA,22:00,2026-09-24 22:00:00,,,,,0.0,0.5479,Berawan,wmo:None
arjawinangun,"Arjawinangun, Cirebon",2026-09-24,32.09.24.2004,Arjawinangun,kecamatan,no,-6.6453,108.4103,Asia/Jakarta,"BMKG point: Arjawinangun, Kecamatan Arjawinangun",24-09-2026,KMA,Open-Meteo / KMA,23:00,2026-09-24 23:00:00,,,,,0.0,0.5479,Berawan,wmo:None
arjawinangun,"Arjawinangun, Cirebon",2026-09-24,32.09.24.2004,Arjawinangun,kecamatan,no,-6.6453,108.4103,Asia/Jakarta,"BMKG point: Arjawinangun, Kecamatan Arjawinangun",24-09-2026,METEOFRANCE,Open-Meteo / Meteo-France,00:00,2026-09-24 00:00:00,27.7,54.0,0.0,10.0,0.0,1.5385,Cerah Berawan,wmo:2
arjawinangun,"Arjawinangun, Cirebon",2026-09-24,32.09.24.2004,Arjawinangun,kecamatan,no,-6.6453,108.4103,Asia/Jakarta,"BMKG point: Arjawinangun, Kecamatan Arjawinangun",24-09-2026,METEOFRANCE,Open-Meteo / Meteo-France,01:00,2026-09-24 01:00:00,27.5,55.0,0.0,9.5,0.0,1.5385,Cerah Berawan,wmo:2
arjawinangun,"Arjawinangun, Cirebon",2026-09-24,32.09.24.2004,Arjawinangun,kecamatan,no,-6.6453,108.4103,Asia/Jakarta,"BMKG point: Arjawinangun, Kecamatan Arjawinangun",24-09-2026,METEOFRANCE,Open-Meteo / Meteo-France,02:00,2026-09-24 02:00:00,27.4,56.0,0.0,9.0,0.0,1.5385,Cerah Berawan,wmo:2
arjawinangun,"Arjawinangun, Cirebon",2026-09-24,32.09.24.2004,Arjawinangun,kecamatan,no,-6.6453,108.4103,Asia/Jakarta,"BMKG point: Arjawinangun, Kecamatan Arjawinangun",24-09-2026,METEOFRANCE,Open-Meteo / Meteo-France,03:00,2026-09-24 03:00:00,27.3,57.0,0.0,8.7,0.0,1.5385,Berawan,wmo:3
arjawinangun,"Arjawinangun, Cirebon",2026-09-24,32.09.24.2004,Arjawinangun,kecamatan,no,-6.6453,108.4103,Asia/Jakarta,"BMKG point: Arjawinangun, Kecamatan Arjawinangun",24-09-2026,METEOFRANCE,Open-Meteo / Meteo-France,04:00,2026-09-24 04:00:00,27.3,58.0,0.0,7.7,0.0,1.5385,Cerah Berawan,wmo:2
arjawinangun,"Arjawinangun, Cirebon",2026-09-24,32.09.24.2004,Arjawinangun,kecamatan,no,-6.6453,108.4103,Asia/Jakarta,"BMKG point: Arjawinangun, Kecamatan Arjawinangun",24-09-2026,METEOFRANCE,Open-Meteo / Meteo-France,05:00,2026-09-24 05:00:00,27.2,61.0,0.0,6.9,0.0,1.5385,Cerah Berawan,wmo:2
arjawinangun,"Arjawinangun, Cirebon",2026-09-24,32.09.24.2004,Arjawinangun,kecamatan,no,-6.6453,108.4103,Asia/Jakarta,"BMKG point: Arjawinangun, Kecamatan Arjawinangun",24-09-2026,METEOFRANCE,Open-Meteo / Meteo-France,06:00,2026-09-24 06:00:00,27.2,66.0,0.0,7.2,0.0,1.5385,Cerah Berawan,wmo:2
arjawinangun,"Arjawinangun, Cirebon",2026-09-24,32.09.24.2004,Arjawinangun,kecamatan,no,-6.6453,108.4103,Asia/Jakarta,"BMKG point: Arjawinangun, Kecamatan Arjawinangun",24-09-2026,METEOFRANCE,Open-Meteo / Meteo-France,07:00,2026-09-24 07:00:00,28.2,66.0,0.0,8.4,0.0,1.5385,Cerah Berawan,wmo:2
arjawinangun,"Arjawinangun, Cirebon",2026-09-24,32.09.24.2004,Arjawinangun,kecamatan,no,-6.6453,108.4103,Asia/Jakarta,"BMKG point: Arjawinangun, Kecamatan Arjawinangun",24-09-2026,METEOFRANCE,Open-Meteo / Meteo-France,08:00,2026-09-24 08:00:00,29.7,63.0,0.0,11.2,0.0,1.5385,Cerah Berawan,wmo:2
arjawinangun,"Arjawinangun, Cirebon",2026-09-24,32.09.24.2004,Arjawinangun,kecamatan,no,-6.6453,108.4103,Asia/Jakarta,"BMKG point: Arjawinangun, Kecamatan Arjawinangun",24-09-2026,METEOFRANCE,Open-Meteo / Meteo-France,09:00,2026-09-24 09:00:00,31.3,56.0,0.0,13.7,0.0,1.5385,Cerah Berawan,wmo:2
arjawinangun,"Arjawinangun, Cirebon",2026-09-24,32.09.24.2004,Arjawinangun,kecamatan,no,-6.6453,108.4103,Asia/Jakarta,"BMKG point: Arjawinangun, Kecamatan Arjawinangun",24-09-2026,METEOFRANCE,Open-Meteo / Meteo-France,10:00,2026-09-24 10:00:00,32.6,48.0,0.0,14.9,0.0,1.5385,Cerah Berawan,wmo:2
arjawinangun,"Arjawinangun, Cirebon",2026-09-24,32.09.24.2004,Arjawinangun,kecamatan,no,-6.6453,108.4103,Asia/Jakarta,"BMKG point: Arjawinangun, Kecamatan Arjawinangun",24-09-2026,METEOFRANCE,Open-Meteo / Meteo-France,11:00,2026-09-24 11:00:00,33.7,43.0,0.0,15.9,0.0,1.5385,Cerah Berawan,wmo:2
arjawinangun,"Arjawinangun, Cirebon",2026-09-24,32.09.24.2004,Arjawinangun,kecamatan,no,-6.6453,108.4103,Asia/Jakarta,"BMKG point: Arjawinangun, Kecamatan Arjawinangun",24-09-2026,METEOFRANCE,Open-Meteo / Meteo-France,12:00,2026-09-24 12:00:00,34.4,42.0,0.0,17.2,0.0,1.5385,Cerah Berawan,wmo:2
arjawinangun,"Arjawinangun, Cirebon",2026-09-24,32.09.24.2004,Arjawinangun,kecamatan,no,-6.6453,108.4103,Asia/Jakarta,"BMKG point: Arjawinangun, Kecamatan Arjawinangun",24-09-2026,METEOFRANCE,Open-Meteo / Meteo-France,13:00,2026-09-24 13:00:00,34.5,41.0,0.0,18.7,0.0,1.5385,Cerah Berawan,wmo:2
arjawinangun,"Arjawinangun, Cirebon",2026-09-24,32.09.24.2004,Arjawinangun,kecamatan,no,-6.6453,108.4103,Asia/Jakarta,"BMKG point: Arjawinangun, Kecamatan Arjawinangun",24-09-2026,METEOFRANCE,Open-Meteo / Meteo-France,14:00,2026-09-24 14:00:00,34.2,41.0,0.0,19.5,0.0,1.5385,Cerah Berawan,wmo:2
arjawinangun,"Arjawinangun, Cirebon",2026-09-24,32.09.24.2004,Arjawinangun,kecamatan,no,-6.6453,108.4103,Asia/Jakarta,"BMKG point: Arjawinangun, Kecamatan Arjawinangun",24-09-2026,METEOFRANCE,Open-Meteo / Meteo-France,15:00,2026-09-24 15:00:00,33.4,42.0,0.0,17.9,0.0,1.5385,Cerah Berawan,wmo:2
arjawinangun,"Arjawinangun, Cirebon",2026-09-24,32.09.24.2004,Arjawinangun,kecamatan,no,-6.6453,108.4103,Asia/Jakarta,"BMKG point: Arjawinangun, Kecamatan Arjawinangun",24-09-2026,METEOFRANCE,Open-Meteo / Meteo-France,16:00,2026-09-24 16:00:00,32.6,44.0,0.0,14.8,0.0,1.5385,Cerah Berawan,wmo:2
arjawinangun,"Arjawinangun, Cirebon",2026-09-24,32.09.24.2004,Arjawinangun,kecamatan,no,-6.6453,108.4103,Asia/Jakarta,"BMKG point: Arjawinangun, Kecamatan Arjawinangun",24-09-2026,METEOFRANCE,Open-Meteo / Meteo-France,17:00,2026-09-24 17:00:00,31.5,48.0,0.0,11.1,0.0,1.5385,Cerah Berawan,wmo:2
arjawinangun,"Arjawinangun, Cirebon",2026-09-24,32.09.24.2004,Arjawinangun,kecamatan,no,-6.6453,108.4103,Asia/Jakarta,"BMKG point: Arjawinangun, Kecamatan Arjawinangun",24-09-2026,METEOFRANCE,Open-Meteo / Meteo-France,18:00,2026-09-24 18:00:00,30.3,54.0,0.0,8.9,0.0,1.5385,Cerah Berawan,wmo:2
arjawinangun,"Arjawinangun, Cirebon",2026-09-24,32.09.24.2004,Arjawinangun,kecamatan,no,-6.6453,108.4103,Asia/Jakarta,"BMKG point: Arjawinangun, Kecamatan Arjawinangun",24-09-2026,METEOFRANCE,Open-Meteo / Meteo-France,19:00,2026-09-24 19:00:00,29.6,59.0,0.0,8.3,0.0,1.5385,Cerah Berawan,wmo:2
arjawinangun,"Arjawinangun, Cirebon",2026-09-24,32.09.24.2004,Arjawinangun,kecamatan,no,-6.6453,108.4103,Asia/Jakarta,"BMKG point: Arjawinangun, Kecamatan Arjawinangun",24-09-2026,METEOFRANCE,Open-Meteo / Meteo-France,20:00,2026-09-24 20:00:00,29.3,63.0,0.0,9.5,0.0,1.5385,Berawan,wmo:3
arjawinangun,"Arjawinangun, Cirebon",2026-09-24,32.09.24.2004,Arjawinangun,kecamatan,no,-6.6453,108.4103,Asia/Jakarta,"BMKG point: Arjawinangun, Kecamatan Arjawinangun",24-09-2026,METEOFRANCE,Open-Meteo / Meteo-France,21:00,2026-09-24 21:00:00,29.0,67.0,0.0,9.8,0.0,1.5385,Berawan,wmo:3
arjawinangun,"Arjawinangun, Cirebon",2026-09-24,32.09.24.2004,Arjawinangun,kecamatan,no,-6.6453,108.4103,Asia/Jakarta,"BMKG point: Arjawinangun, Kecamatan Arjawinangun",24-09-2026,METEOFRANCE,Open-Meteo / Meteo-France,22:00,2026-09-24 22:00:00,28.8,68.0,0.0,9.0,0.0,1.5385,Berawan,wmo:3
arjawinangun,"Arjawinangun, Cirebon",2026-09-24,32.09.24.2004,Arjawinangun,kecamatan,no,-6.6453,108.4103,Asia/Jakarta,"BMKG point: Arjawinangun, Kecamatan Arjawinangun",24-09-2026,METEOFRANCE,Open-Meteo / Meteo-France,23:00,2026-09-24 23:00:00,28.5,68.0,0.0,8.9,0.0,1.5385,Cerah Berawan,wmo:2
arjawinangun,"Arjawinangun, Cirebon",2026-09-24,32.09.24.2004,Arjawinangun,kecamatan,no,-6.6453,108.4103,Asia/Jakarta,"BMKG point: Arjawinangun, Kecamatan Arjawinangun",24-09-2026,METNO,MET Norway,00:00,2026-09-24 00:00:00,26.8,65.5,0.0,11.88,0.0,1.3358,Cerah Berawan,partlycloudy_night
arjawinangun,"Arjawinangun, Cirebon",2026-09-24,32.09.24.2004,Arjawinangun,kecamatan,no,-6.6453,108.4103,Asia/Jakarta,"BMKG point: Arjawinangun, Kecamatan Arjawinangun",24-09-2026,METNO,MET Norway,01:00,2026-09-24 01:00:00,26.2,67.1,0.0,9.36,0.0,1.3358,Cerah Berawan,partlycloudy_night
arjawinangun,"Arjawinangun, Cirebon",2026-09-24,32.09.24.2004,Arjawinangun,kecamatan,no,-6.6453,108.4103,Asia/Jakarta,"BMKG point: Arjawinangun, Kecamatan Arjawinangun",24-09-2026,METNO,MET Norway,02:00,2026-09-24 02:00:00,25.9,66.0,0.0,6.84,0.0,1.3358,Cerah Berawan,partlycloudy_night
arjawinangun,"Arjawinangun, Cirebon",2026-09-24,32.09.24.2004,Arjawinangun,kecamatan,no,-6.6453,108.4103,Asia/Jakarta,"BMKG point: Arjawinangun, Kecamatan Arjawinangun",24-09-2026,METNO,MET Norway,03:00,2026-09-24 03:00:00,25.5,64.3,0.0,4.32,0.0,1.3358,Cerah Berawan,partlycloudy_night
arjawinangun,"Arjawinangun, Cirebon",2026-09-24,32.09.24.2004,Arjawinangun,kecamatan,no,-6.6453,108.4103,Asia/Jakarta,"BMKG point: Arjawinangun, Kecamatan Arjawinangun",24-09-2026,METNO,MET Norway,04:00,2026-09-24 04:00:00,25.0,64.1,0.0,3.96,0.0,1.3358,Cerah Berawan,partlycloudy_night
arjawinangun,"Arjawinangun, Cirebon",2026-09-24,32.09.24.2004,Arjawinangun,kecamatan,no,-6.6453,108.4103,Asia/Jakarta,"BMKG point: Arjawinangun, Kecamatan Arjawinangun",24-09-2026,METNO,MET Norway,05:00,2026-09-24 05:00:00,24.8,63.5,0.0,4.32,0.0,1.3358,Cerah Berawan,partlycloudy_night
arjawinangun,"Arjawinangun, Cirebon",2026-09-24,32.09.24.2004,Arjawinangun,kecamatan,no,-6.6453,108.4103,Asia/Jakarta,"BMKG point: Arjawinangun, Kecamatan Arjawinangun",24-09-2026,METNO,MET Norway,06:00,2026-09-24 06:00:00,24.9,62.6,0.0,6.48,0.0,1.3358,Berawan,cloudy
arjawinangun,"Arjawinangun, Cirebon",2026-09-24,32.09.24.2004,Arjawinangun,kecamatan,no,-6.6453,108.4103,Asia/Jakarta,"BMKG point: Arjawinangun, Kecamatan Arjawinangun",24-09-2026,METNO,MET Norway,07:00,2026-09-24 07:00:00,27.2,53.6,0.0,10.8,0.0,1.3358,Cerah Berawan,partlycloudy_day
arjawinangun,"Arjawinangun, Cirebon",2026-09-24,32.09.24.2004,Arjawinangun,kecamatan,no,-6.6453,108.4103,Asia/Jakarta,"BMKG point: Arjawinangun, Kecamatan Arjawinangun",24-09-2026,METNO,MET Norway,08:00,2026-09-24 08:00:00,30.3,47.6,0.0,15.48,0.0,1.3358,Cerah Berawan,partlycloudy_day
arjawinangun,"Arjawinangun, Cirebon",2026-09-24,32.09.24.2004,Arjawinangun,kecamatan,no,-6.6453,108.4103,Asia/Jakarta,"BMKG point: Arjawinangun, Kecamatan Arjawinangun",24-09-2026,METNO,MET Norway,09:00,2026-09-24 09:00:00,31.9,42.9,0.0,19.08,0.0,1.3358,Cerah Berawan,fair_day
arjawinangun,"Arjawinangun, Cirebon",2026-09-24,32.09.24.2004,Arjawinangun,kecamatan,no,-6.6453,108.4103,Asia/Jakarta,"BMKG point: Arjawinangun, Kecamatan Arjawinangun",24-09-2026,METNO,MET Norway,10:00,2026-09-24 10:00:00,32.8,41.1,0.0,21.96,0.0,1.3358,Cerah Berawan,fair_day
arjawinangun,"Arjawinangun, Cirebon",2026-09-24,32.09.24.2004,Arjawinangun,kecamatan,no,-6.6453,108.4103,Asia/Jakarta,"BMKG point: Arjawinangun, Kecamatan Arjawinangun",24-09-2026,METNO,MET Norway,11:00,2026-09-24 11:00:00,33.5,39.7,0.0,21.96,0.0,1.3358,Cerah,clearsky_day
arjawinangun,"Arjawinangun, Cirebon",2026-09-24,32.09.24.2004,Arjawinangun,kecamatan,no,-6.6453,108.4103,Asia/Jakarta,"BMKG point: Arjawinangun, Kecamatan Arjawinangun",24-09-2026,METNO,MET Norway,12:00,2026-09-24 12:00:00,34.1,37.5,0.0,23.76,0.0,1.3358,Cerah,clearsky_day
arjawinangun,"Arjawinangun, Cirebon",2026-09-24,32.09.24.2004,Arjawinangun,kecamatan,no,-6.6453,108.4103,Asia/Jakarta,"BMKG point: Arjawinangun, Kecamatan Arjawinangun",24-09-2026,METNO,MET Norway,13:00,2026-09-24 13:00:00,34.6,36.4,0.0,22.32,0.0,1.3358,Cerah Berawan,fair_day
arjawinangun,"Arjawinangun, Cirebon",2026-09-24,32.09.24.2004,Arjawinangun,kecamatan,no,-6.6453,108.4103,Asia/Jakarta,"BMKG point: Arjawinangun, Kecamatan Arjawinangun",24-09-2026,METNO,MET Norway,14:00,2026-09-24 14:00:00,34.5,33.6,0.0,20.88,0.0,1.3358,Cerah,clearsky_day
arjawinangun,"Arjawinangun, Cirebon",2026-09-24,32.09.24.2004,Arjawinangun,kecamatan,no,-6.6453,108.4103,Asia/Jakarta,"BMKG point: Arjawinangun, Kecamatan Arjawinangun",24-09-2026,METNO,MET Norway,15:00,2026-09-24 15:00:00,33.1,41.3,0.0,22.32,0.0,1.3358,Cerah Berawan,fair_day
arjawinangun,"Arjawinangun, Cirebon",2026-09-24,32.09.24.2004,Arjawinangun,kecamatan,no,-6.6453,108.4103,Asia/Jakarta,"BMKG point: Arjawinangun, Kecamatan Arjawinangun",24-09-2026,METNO,MET Norway,16:00,2026-09-24 16:00:00,31.6,51.7,0.0,20.88,0.0,1.3358,Cerah Berawan,fair_day
arjawinangun,"Arjawinangun, Cirebon",2026-09-24,32.09.24.2004,Arjawinangun,kecamatan,no,-6.6453,108.4103,Asia/Jakarta,"BMKG point: Arjawinangun, Kecamatan Arjawinangun",24-09-2026,METNO,MET Norway,17:00,2026-09-24 17:00:00,30.3,57.7,0.0,18.72,0.0,1.3358,Cerah Berawan,partlycloudy_day
arjawinangun,"Arjawinangun, Cirebon",2026-09-24,32.09.24.2004,Arjawinangun,kecamatan,no,-6.6453,108.4103,Asia/Jakarta,"BMKG point: Arjawinangun, Kecamatan Arjawinangun",24-09-2026,METNO,MET Norway,18:00,2026-09-24 18:00:00,29.0,64.7,0.0,16.56,0.0,1.3358,Cerah Berawan,partlycloudy_night
arjawinangun,"Arjawinangun, Cirebon",2026-09-24,32.09.24.2004,Arjawinangun,kecamatan,no,-6.6453,108.4103,Asia/Jakarta,"BMKG point: Arjawinangun, Kecamatan Arjawinangun",24-09-2026,METNO,MET Norway,19:00,2026-09-24 19:00:00,28.5,67.0,0.0,14.76,0.0,1.3358,Cerah Berawan,partlycloudy_night
arjawinangun,"Arjawinangun, Cirebon",2026-09-24,32.09.24.2004,Arjawinangun,kecamatan,no,-6.6453,108.4103,Asia/Jakarta,"BMKG point: Arjawinangun, Kecamatan Arjawinangun",24-09-2026,METNO,MET Norway,20:00,2026-09-24 20:00:00,28.4,71.6,0.0,13.68,0.0,1.3358,Berawan,cloudy
arjawinangun,"Arjawinangun, Cirebon",2026-09-24,32.09.24.2004,Arjawinangun,kecamatan,no,-6.6453,108.4103,Asia/Jakarta,"BMKG point: Arjawinangun, Kecamatan Arjawinangun",24-09-2026,METNO,MET Norway,21:00,2026-09-24 21:00:00,28.4,73.4,0.0,14.76,0.0,1.3358,Berawan,cloudy
arjawinangun,"Arjawinangun, Cirebon",2026-09-24,32.09.24.2004,Arjawinangun,kecamatan,no,-6.6453,108.4103,Asia/Jakarta,"BMKG point: Arjawinangun, Kecamatan Arjawinangun",24-09-2026,METNO,MET Norway,22:00,2026-09-24 22:00:00,28.0,74.5,0.0,13.32,0.0,1.3358,Cerah Berawan,partlycloudy_night
arjawinangun,"Arjawinangun, Cirebon",2026-09-24,32.09.24.2004,Arjawinangun,kecamatan,no,-6.6453,108.4103,Asia/Jakarta,"BMKG point: Arjawinangun, Kecamatan Arjawinangun",24-09-2026,METNO,MET Norway,23:00,2026-09-24 23:00:00,27.6,74.4,0.0,14.76,0.0,1.3358,Cerah Berawan,partlycloudy_night
arjawinangun,"Arjawinangun, Cirebon",2026-09-24,32.09.24.2004,Arjawinangun,kecamatan,no,-6.6453,108.4103,Asia/Jakarta,"BMKG point: Arjawinangun, Kecamatan Arjawinangun",24-09-2026,UKMO,Open-Meteo / UK Met Office,00:00,2026-09-24 00:00:00,25.6,67.0,0.0,6.5,0.0,1.3215,Cerah,wmo:0
arjawinangun,"Arjawinangun, Cirebon",2026-09-24,32.09.24.2004,Arjawinangun,kecamatan,no,-6.6453,108.4103,Asia/Jakarta,"BMKG point: Arjawinangun, Kecamatan Arjawinangun",24-09-2026,UKMO,Open-Meteo / UK Met Office,01:00,2026-09-24 01:00:00,25.0,72.0,0.0,5.4,0.0,1.3215,Cerah,wmo:0
arjawinangun,"Arjawinangun, Cirebon",2026-09-24,32.09.24.2004,Arjawinangun,kecamatan,no,-6.6453,108.4103,Asia/Jakarta,"BMKG point: Arjawinangun, Kecamatan Arjawinangun",24-09-2026,UKMO,Open-Meteo / UK Met Office,02:00,2026-09-24 02:00:00,24.5,83.0,0.0,3.2,0.0,1.3215,Cerah,wmo:0
arjawinangun,"Arjawinangun, Cirebon",2026-09-24,32.09.24.2004,Arjawinangun,kecamatan,no,-6.6453,108.4103,Asia/Jakarta,"BMKG point: Arjawinangun, Kecamatan Arjawinangun",24-09-2026,UKMO,Open-Meteo / UK Met Office,03:00,2026-09-24 03:00:00,24.1,89.0,0.0,1.4,0.0,1.3215,Cerah Berawan,wmo:1
arjawinangun,"Arjawinangun, Cirebon",2026-09-24,32.09.24.2004,Arjawinangun,kecamatan,no,-6.6453,108.4103,Asia/Jakarta,"BMKG point: Arjawinangun, Kecamatan Arjawinangun",24-09-2026,UKMO,Open-Meteo / UK Met Office,04:00,2026-09-24 04:00:00,24.0,83.0,0.0,3.6,0.0,1.3215,Cerah Berawan,wmo:1
arjawinangun,"Arjawinangun, Cirebon",2026-09-24,32.09.24.2004,Arjawinangun,kecamatan,no,-6.6453,108.4103,Asia/Jakarta,"BMKG point: Arjawinangun, Kecamatan Arjawinangun",24-09-2026,UKMO,Open-Meteo / UK Met Office,05:00,2026-09-24 05:00:00,23.7,83.0,0.0,3.2,0.0,1.3215,Berawan,wmo:3
arjawinangun,"Arjawinangun, Cirebon",2026-09-24,32.09.24.2004,Arjawinangun,kecamatan,no,-6.6453,108.4103,Asia/Jakarta,"BMKG point: Arjawinangun, Kecamatan Arjawinangun",24-09-2026,UKMO,Open-Meteo / UK Met Office,06:00,2026-09-24 06:00:00,24.3,76.0,0.0,2.9,0.0,1.3215,Berawan,wmo:3
arjawinangun,"Arjawinangun, Cirebon",2026-09-24,32.09.24.2004,Arjawinangun,kecamatan,no,-6.6453,108.4103,Asia/Jakarta,"BMKG point: Arjawinangun, Kecamatan Arjawinangun",24-09-2026,UKMO,Open-Meteo / UK Met Office,07:00,2026-09-24 07:00:00,25.7,70.0,0.0,2.9,0.0,1.3215,Cerah,wmo:0
arjawinangun,"Arjawinangun, Cirebon",2026-09-24,32.09.24.2004,Arjawinangun,kecamatan,no,-6.6453,108.4103,Asia/Jakarta,"BMKG point: Arjawinangun, Kecamatan Arjawinangun",24-09-2026,UKMO,Open-Meteo / UK Met Office,08:00,2026-09-24 08:00:00,27.9,64.0,0.0,6.5,0.0,1.3215,Cerah Berawan,wmo:1
arjawinangun,"Arjawinangun, Cirebon",2026-09-24,32.09.24.2004,Arjawinangun,kecamatan,no,-6.6453,108.4103,Asia/Jakarta,"BMKG point: Arjawinangun, Kecamatan Arjawinangun",24-09-2026,UKMO,Open-Meteo / UK Met Office,09:00,2026-09-24 09:00:00,29.4,58.0,0.0,15.8,0.0,1.3215,Cerah,wmo:0
arjawinangun,"Arjawinangun, Cirebon",2026-09-24,32.09.24.2004,Arjawinangun,kecamatan,no,-6.6453,108.4103,Asia/Jakarta,"BMKG point: Arjawinangun, Kecamatan Arjawinangun",24-09-2026,UKMO,Open-Meteo / UK Met Office,10:00,2026-09-24 10:00:00,30.2,56.0,0.0,17.3,0.0,1.3215,Cerah Berawan,wmo:1
arjawinangun,"Arjawinangun, Cirebon",2026-09-24,32.09.24.2004,Arjawinangun,kecamatan,no,-6.6453,108.4103,Asia/Jakarta,"BMKG point: Arjawinangun, Kecamatan Arjawinangun",24-09-2026,UKMO,Open-Meteo / UK Met Office,11:00,2026-09-24 11:00:00,30.8,55.0,0.0,18.4,0.0,1.3215,Cerah Berawan,wmo:2
arjawinangun,"Arjawinangun, Cirebon",2026-09-24,32.09.24.2004,Arjawinangun,kecamatan,no,-6.6453,108.4103,Asia/Jakarta,"BMKG point: Arjawinangun, Kecamatan Arjawinangun",24-09-2026,UKMO,Open-Meteo / UK Met Office,12:00,2026-09-24 12:00:00,31.2,52.0,0.0,18.7,0.0,1.3215,Cerah Berawan,wmo:1
arjawinangun,"Arjawinangun, Cirebon",2026-09-24,32.09.24.2004,Arjawinangun,kecamatan,no,-6.6453,108.4103,Asia/Jakarta,"BMKG point: Arjawinangun, Kecamatan Arjawinangun",24-09-2026,UKMO,Open-Meteo / UK Met Office,13:00,2026-09-24 13:00:00,30.6,54.0,0.0,17.3,0.0,1.3215,Cerah,wmo:0
arjawinangun,"Arjawinangun, Cirebon",2026-09-24,32.09.24.2004,Arjawinangun,kecamatan,no,-6.6453,108.4103,Asia/Jakarta,"BMKG point: Arjawinangun, Kecamatan Arjawinangun",24-09-2026,UKMO,Open-Meteo / UK Met Office,14:00,2026-09-24 14:00:00,31.8,48.0,0.0,15.8,0.0,1.3215,Cerah,wmo:0
arjawinangun,"Arjawinangun, Cirebon",2026-09-24,32.09.24.2004,Arjawinangun,kecamatan,no,-6.6453,108.4103,Asia/Jakarta,"BMKG point: Arjawinangun, Kecamatan Arjawinangun",24-09-2026,UKMO,Open-Meteo / UK Met Office,15:00,2026-09-24 15:00:00,31.6,49.0,0.0,17.3,0.0,1.3215,Cerah,wmo:0
arjawinangun,"Arjawinangun, Cirebon",2026-09-24,32.09.24.2004,Arjawinangun,kecamatan,no,-6.6453,108.4103,Asia/Jakarta,"BMKG point: Arjawinangun, Kecamatan Arjawinangun",24-09-2026,UKMO,Open-Meteo / UK Met Office,16:00,2026-09-24 16:00:00,30.6,54.0,0.0,15.8,0.0,1.3215,Cerah,wmo:0
arjawinangun,"Arjawinangun, Cirebon",2026-09-24,32.09.24.2004,Arjawinangun,kecamatan,no,-6.6453,108.4103,Asia/Jakarta,"BMKG point: Arjawinangun, Kecamatan Arjawinangun",24-09-2026,UKMO,Open-Meteo / UK Met Office,17:00,2026-09-24 17:00:00,29.3,64.0,0.0,13.3,0.0,1.3215,Cerah,wmo:0
arjawinangun,"Arjawinangun, Cirebon",2026-09-24,32.09.24.2004,Arjawinangun,kecamatan,no,-6.6453,108.4103,Asia/Jakarta,"BMKG point: Arjawinangun, Kecamatan Arjawinangun",24-09-2026,UKMO,Open-Meteo / UK Met Office,18:00,2026-09-24 18:00:00,28.6,71.0,0.0,11.2,0.0,1.3215,Cerah,wmo:0
arjawinangun,"Arjawinangun, Cirebon",2026-09-24,32.09.24.2004,Arjawinangun,kecamatan,no,-6.6453,108.4103,Asia/Jakarta,"BMKG point: Arjawinangun, Kecamatan Arjawinangun",24-09-2026,UKMO,Open-Meteo / UK Met Office,19:00,2026-09-24 19:00:00,28.4,72.0,0.0,10.1,0.0,1.3215,Cerah,wmo:0
arjawinangun,"Arjawinangun, Cirebon",2026-09-24,32.09.24.2004,Arjawinangun,kecamatan,no,-6.6453,108.4103,Asia/Jakarta,"BMKG point: Arjawinangun, Kecamatan Arjawinangun",24-09-2026,UKMO,Open-Meteo / UK Met Office,20:00,2026-09-24 20:00:00,28.3,73.0,0.0,10.1,0.0,1.3215,Berawan,wmo:3
arjawinangun,"Arjawinangun, Cirebon",2026-09-24,32.09.24.2004,Arjawinangun,kecamatan,no,-6.6453,108.4103,Asia/Jakarta,"BMKG point: Arjawinangun, Kecamatan Arjawinangun",24-09-2026,UKMO,Open-Meteo / UK Met Office,21:00,2026-09-24 21:00:00,28.2,74.0,0.0,9.4,0.0,1.3215,Cerah Berawan,wmo:2
arjawinangun,"Arjawinangun, Cirebon",2026-09-24,32.09.24.2004,Arjawinangun,kecamatan,no,-6.6453,108.4103,Asia/Jakarta,"BMKG point: Arjawinangun, Kecamatan Arjawinangun",24-09-2026,UKMO,Open-Meteo / UK Met Office,22:00,2026-09-24 22:00:00,27.7,76.0,0.0,7.9,0.0,1.3215,Cerah Berawan,wmo:2
arjawinangun,"Arjawinangun, Cirebon",2026-09-24,32.09.24.2004,Arjawinangun,kecamatan,no,-6.6453,108.4103,Asia/Jakarta,"BMKG point: Arjawinangun, Kecamatan Arjawinangun",24-09-2026,UKMO,Open-Meteo / UK Met Office,23:00,2026-09-24 23:00:00,27.3,77.0,0.0,5.8,0.0,1.3215,Cerah Berawan,wmo:1
arjawinangun,"Arjawinangun, Cirebon",2026-09-25,32.09.24.2004,Arjawinangun,kecamatan,no,-6.6453,108.4103,Asia/Jakarta,"BMKG point: Arjawinangun, Kecamatan Arjawinangun",25-09-2026,BMKG,BMKG,00:00,2026-09-25 01:00:00,23.0,67.0,0.0,6.5,60.0,1.3016,Cerah,Cerah
arjawinangun,"Arjawinangun, Cirebon",2026-09-25,32.09.24.2004,Arjawinangun,kecamatan,no,-6.6453,108.4103,Asia/Jakarta,"BMKG point: Arjawinangun, Kecamatan Arjawinangun",25-09-2026,BMKG,BMKG,01:00,2026-09-25 01:00:00,23.0,67.0,0.0,6.5,0.0,1.7355,Cerah,Cerah
arjawinangun,"Arjawinangun, Cirebon",2026-09-25,32.09.24.2004,Arjawinangun,kecamatan,no,-6.6453,108.4103,Asia/Jakarta,"BMKG point: Arjawinangun, Kecamatan Arjawinangun",25-09-2026,BMKG,BMKG,02:00,2026-09-25 01:00:00,23.0,67.0,0.0,6.5,60.0,1.3016,Cerah,Cerah
arjawinangun,"Arjawinangun, Cirebon",2026-09-25,32.09.24.2004,Arjawinangun,kecamatan,no,-6.6453,108.4103,Asia/Jakarta,"BMKG point: Arjawinangun, Kecamatan Arjawinangun",25-09-2026,BMKG,BMKG,03:00,2026-09-25 04:00:00,24.0,72.0,0.0,1.2,60.0,1.3016,Berawan,Berawan
arjawinangun,"Arjawinangun, Cirebon",2026-09-25,32.09.24.2004,Arjawinangun,kecamatan,no,-6.6453,108.4103,Asia/Jakarta,"BMKG point: Arjawinangun, Kecamatan Arjawinangun",25-09-2026,BMKG,BMKG,04:00,2026-09-25 04:00:00,24.0,72.0,0.0,1.2,0.0,1.7355,Berawan,Berawan
arjawinangun,"Arjawinangun, Cirebon",2026-09-25,32.09.24.2004,Arjawinangun,kecamatan,no,-6.6453,108.4103,Asia/Jakarta,"BMKG point: Arjawinangun, Kecamatan Arjawinangun",25-09-2026,BMKG,BMKG,05:00,2026-09-25 04:00:00,24.0,72.0,0.0,1.2,60.0,1.3016,Berawan,Berawan
arjawinangun,"Arjawinangun, Cirebon",2026-09-25,32.09.24.2004,Arjawinangun,kecamatan,no,-6.6453,108.4103,Asia/Jakarta,"BMKG point: Arjawinangun, Kecamatan Arjawinangun",25-09-2026,BMKG,BMKG,06:00,2026-09-25 07:00:00,30.0,53.0,0.0,1.8,60.0,1.3016,Cerah,Cerah
arjawinangun,"Arjawinangun, Cirebon",2026-09-25,32.09.24.2004,Arjawinangun,kecamatan,no,-6.6453,108.4103,Asia/Jakarta,"BMKG point: Arjawinangun, Kecamatan Arjawinangun",25-09-2026,BMKG,BMKG,07:00,2026-09-25 07:00:00,30.0,53.0,0.0,1.8,0.0,1.7355,Cerah,Cerah
arjawinangun,"Arjawinangun, Cirebon",2026-09-25,32.09.24.2004,Arjawinangun,kecamatan,no,-6.6453,108.4103,Asia/Jakarta,"BMKG point: Arjawinangun, Kecamatan Arjawinangun",25-09-2026,BMKG,BMKG,08:00,2026-09-25 07:00:00,30.0,53.0,0.0,1.8,60.0,1.3016,Cerah,Cerah
arjawinangun,"Arjawinangun, Cirebon",2026-09-25,32.09.24.2004,Arjawinangun,kecamatan,no,-6.6453,108.4103,Asia/Jakarta,"BMKG point: Arjawinangun, Kecamatan Arjawinangun",25-09-2026,BMKG,BMKG,09:00,2026-09-25 10:00:00,34.0,34.0,0.0,18.3,60.0,1.3016,Cerah,Cerah
arjawinangun,"Arjawinangun, Cirebon",2026-09-25,32.09.24.2004,Arjawinangun,kecamatan,no,-6.6453,108.4103,Asia/Jakarta,"BMKG point: Arjawinangun, Kecamatan Arjawinangun",25-09-2026,BMKG,BMKG,10:00,2026-09-25 10:00:00,34.0,34.0,0.0,18.3,0.0,1.7355,Cerah,Cerah
arjawinangun,"Arjawinangun, Cirebon",2026-09-25,32.09.24.2004,Arjawinangun,kecamatan,no,-6.6453,108.4103,Asia/Jakarta,"BMKG point: Arjawinangun, Kecamatan Arjawinangun",25-09-2026,BMKG,BMKG,11:00,2026-09-25 10:00:00,34.0,34.0,0.0,18.3,60.0,1.3016,Cerah,Cerah
arjawinangun,"Arjawinangun, Cirebon",2026-09-25,32.09.24.2004,Arjawinangun,kecamatan,no,-6.6453,108.4103,Asia/Jakarta,"BMKG point: Arjawinangun, Kecamatan Arjawinangun",25-09-2026,BMKG,BMKG,12:00,2026-09-25 13:00:00,34.0,34.0,0.0,24.4,60.0,1.3016,Cerah,Cerah
arjawinangun,"Arjawinangun, Cirebon",2026-09-25,32.09.24.2004,Arjawinangun,kecamatan,no,-6.6453,108.4103,Asia/Jakarta,"BMKG point: Arjawinangun, Kecamatan Arjawinangun",25-09-2026,BMKG,BMKG,13:00,2026-09-25 13:00:00,34.0,34.0,0.0,24.4,0.0,1.7355,Cerah,Cerah
arjawinangun,"Arjawinangun, Cirebon",2026-09-25,32.09.24.2004,Arjawinangun,kecamatan,no,-6.6453,108.4103,Asia/Jakarta,"BMKG point: Arjawinangun, Kecamatan Arjawinangun",25-09-2026,BMKG,BMKG,14:00,2026-09-25 13:00:00,34.0,34.0,0.0,24.4,60.0,1.3016,Cerah,Cerah
arjawinangun,"Arjawinangun, Cirebon",2026-09-25,32.09.24.2004,Arjawinangun,kecamatan,no,-6.6453,108.4103,Asia/Jakarta,"BMKG point: Arjawinangun, Kecamatan Arjawinangun",25-09-2026,BMKG,BMKG,15:00,2026-09-25 16:00:00,30.0,52.0,0.0,18.4,60.0,1.3016,Cerah,Cerah
arjawinangun,"Arjawinangun, Cirebon",2026-09-25,32.09.24.2004,Arjawinangun,kecamatan,no,-6.6453,108.4103,Asia/Jakarta,"BMKG point: Arjawinangun, Kecamatan Arjawinangun",25-09-2026,BMKG,BMKG,16:00,2026-09-25 16:00:00,30.0,52.0,0.0,18.4,0.0,1.7355,Cerah,Cerah
arjawinangun,"Arjawinangun, Cirebon",2026-09-25,32.09.24.2004,Arjawinangun,kecamatan,no,-6.6453,108.4103,Asia/Jakarta,"BMKG point: Arjawinangun, Kecamatan Arjawinangun",25-09-2026,BMKG,BMKG,17:00,2026-09-25 16:00:00,30.0,52.0,0.0,18.4,60.0,1.3016,Cerah,Cerah
arjawinangun,"Arjawinangun, Cirebon",2026-09-25,32.09.24.2004,Arjawinangun,kecamatan,no,-6.6453,108.4103,Asia/Jakarta,"BMKG point: Arjawinangun, Kecamatan Arjawinangun",25-09-2026,BMKG,BMKG,18:00,2026-09-25 19:00:00,28.0,73.0,0.0,10.7,60.0,1.3016,Cerah,Cerah
arjawinangun,"Arjawinangun, Cirebon",2026-09-25,32.09.24.2004,Arjawinangun,kecamatan,no,-6.6453,108.4103,Asia/Jakarta,"BMKG point: Arjawinangun, Kecamatan Arjawinangun",25-09-2026,BMKG,BMKG,19:00,2026-09-25 19:00:00,28.0,73.0,0.0,10.7,0.0,1.7355,Cerah,Cerah
arjawinangun,"Arjawinangun, Cirebon",2026-09-25,32.09.24.2004,Arjawinangun,kecamatan,no,-6.6453,108.4103,Asia/Jakarta,"BMKG point: Arjawinangun, Kecamatan Arjawinangun",25-09-2026,BMKG,BMKG,20:00,2026-09-25 19:00:00,28.0,73.0,0.0,10.7,60.0,1.3016,Cerah,Cerah
arjawinangun,"Arjawinangun, Cirebon",2026-09-25,32.09.24.2004,Arjawinangun,kecamatan,no,-6.6453,108.4103,Asia/Jakarta,"BMKG point: Arjawinangun, Kecamatan Arjawinangun",25-09-2026,BMKG,BMKG,21:00,2026-09-25 22:00:00,26.0,73.0,0.0,1.8,60.0,1.3016,Cerah,Cerah
arjawinangun,"Arjawinangun, Cirebon",2026-09-25,32.09.24.2004,Arjawinangun,kecamatan,no,-6.6453,108.4103,Asia/Jakarta,"BMKG point: Arjawinangun, Kecamatan Arjawinangun",25-09-2026,BMKG,BMKG,22:00,2026-09-25 22:00:00,26.0,73.0,0.0,1.8,0.0,1.7355,Cerah,Cerah
arjawinangun,"Arjawinangun, Cirebon",2026-09-25,32.09.24.2004,Arjawinangun,kecamatan,no,-6.6453,108.4103,Asia/Jakarta,"BMKG point: Arjawinangun, Kecamatan Arjawinangun",25-09-2026,BMKG,BMKG,23:00,2026-09-25 22:00:00,26.0,73.0,0.0,1.8,60.0,1.3016,Cerah,Cerah
arjawinangun,"Arjawinangun, Cirebon",2026-09-25,32.09.24.2004,Arjawinangun,kecamatan,no,-6.6453,108.4103,Asia/Jakarta,"BMKG point: Arjawinangun, Kecamatan Arjawinangun",25-09-2026,CMA,Open-Meteo / CMA GRAPES,00:00,2026-09-25 00:00:00,25.2,83.0,0.0,9.3,0.0,1.1498,Cerah,wmo:0
arjawinangun,"Arjawinangun, Cirebon",2026-09-25,32.09.24.2004,Arjawinangun,kecamatan,no,-6.6453,108.4103,Asia/Jakarta,"BMKG point: Arjawinangun, Kecamatan Arjawinangun",25-09-2026,CMA,Open-Meteo / CMA GRAPES,01:00,2026-09-25 01:00:00,25.0,83.0,0.0,8.9,0.0,1.1498,Cerah,wmo:0
arjawinangun,"Arjawinangun, Cirebon",2026-09-25,32.09.24.2004,Arjawinangun,kecamatan,no,-6.6453,108.4103,Asia/Jakarta,"BMKG point: Arjawinangun, Kecamatan Arjawinangun",25-09-2026,CMA,Open-Meteo / CMA GRAPES,02:00,2026-09-25 02:00:00,24.8,83.0,0.0,9.3,0.0,1.1498,Cerah,wmo:0
arjawinangun,"Arjawinangun, Cirebon",2026-09-25,32.09.24.2004,Arjawinangun,kecamatan,no,-6.6453,108.4103,Asia/Jakarta,"BMKG point: Arjawinangun, Kecamatan Arjawinangun",25-09-2026,CMA,Open-Meteo / CMA GRAPES,03:00,2026-09-25 03:00:00,24.7,84.0,0.0,9.6,0.0,1.1498,Cerah,wmo:0
arjawinangun,"Arjawinangun, Cirebon",2026-09-25,32.09.24.2004,Arjawinangun,kecamatan,no,-6.6453,108.4103,Asia/Jakarta,"BMKG point: Arjawinangun, Kecamatan Arjawinangun",25-09-2026,CMA,Open-Meteo / CMA GRAPES,04:00,2026-09-25 04:00:00,24.7,83.0,0.0,10.0,0.0,1.1498,Cerah,wmo:0
arjawinangun,"Arjawinangun, Cirebon",2026-09-25,32.09.24.2004,Arjawinangun,kecamatan,no,-6.6453,108.4103,Asia/Jakarta,"BMKG point: Arjawinangun, Kecamatan Arjawinangun",25-09-2026,CMA,Open-Meteo / CMA GRAPES,05:00,2026-09-25 05:00:00,24.9,82.0,0.0,10.3,0.0,1.1498,Cerah,wmo:0
arjawinangun,"Arjawinangun, Cirebon",2026-09-25,32.09.24.2004,Arjawinangun,kecamatan,no,-6.6453,108.4103,Asia/Jakarta,"BMKG point: Arjawinangun, Kecamatan Arjawinangun",25-09-2026,CMA,Open-Meteo / CMA GRAPES,06:00,2026-09-25 06:00:00,25.3,80.0,0.0,10.3,0.0,1.1498,Cerah,wmo:0
arjawinangun,"Arjawinangun, Cirebon",2026-09-25,32.09.24.2004,Arjawinangun,kecamatan,no,-6.6453,108.4103,Asia/Jakarta,"BMKG point: Arjawinangun, Kecamatan Arjawinangun",25-09-2026,CMA,Open-Meteo / CMA GRAPES,07:00,2026-09-25 07:00:00,26.1,77.0,0.0,10.0,0.0,1.1498,Cerah,wmo:0
arjawinangun,"Arjawinangun, Cirebon",2026-09-25,32.09.24.2004,Arjawinangun,kecamatan,no,-6.6453,108.4103,Asia/Jakarta,"BMKG point: Arjawinangun, Kecamatan Arjawinangun",25-09-2026,CMA,Open-Meteo / CMA GRAPES,08:00,2026-09-25 08:00:00,27.5,71.0,0.0,9.4,0.0,1.1498,Cerah Berawan,wmo:1
arjawinangun,"Arjawinangun, Cirebon",2026-09-25,32.09.24.2004,Arjawinangun,kecamatan,no,-6.6453,108.4103,Asia/Jakarta,"BMKG point: Arjawinangun, Kecamatan Arjawinangun",25-09-2026,CMA,Open-Meteo / CMA GRAPES,09:00,2026-09-25 09:00:00,29.4,64.0,0.0,8.7,0.0,1.1498,Cerah Berawan,wmo:1
arjawinangun,"Arjawinangun, Cirebon",2026-09-25,32.09.24.2004,Arjawinangun,kecamatan,no,-6.6453,108.4103,Asia/Jakarta,"BMKG point: Arjawinangun, Kecamatan Arjawinangun",25-09-2026,CMA,Open-Meteo / CMA GRAPES,10:00,2026-09-25 10:00:00,31.0,58.0,0.0,9.1,0.0,1.1498,Cerah Berawan,wmo:2
arjawinangun,"Arjawinangun, Cirebon",2026-09-25,32.09.24.2004,Arjawinangun,kecamatan,no,-6.6453,108.4103,Asia/Jakarta,"BMKG point: Arjawinangun, Kecamatan Arjawinangun",25-09-2026,CMA,Open-Meteo / CMA GRAPES,11:00,2026-09-25 11:00:00,32.2,53.0,0.0,10.8,0.0,1.1498,Cerah Berawan,wmo:2
arjawinangun,"Arjawinangun, Cirebon",2026-09-25,32.09.24.2004,Arjawinangun,kecamatan,no,-6.6453,108.4103,Asia/Jakarta,"BMKG point: Arjawinangun, Kecamatan Arjawinangun",25-09-2026,CMA,Open-Meteo / CMA GRAPES,12:00,2026-09-25 12:00:00,33.1,49.0,0.0,13.3,0.0,1.1498,Berawan,wmo:3
arjawinangun,"Arjawinangun, Cirebon",2026-09-25,32.09.24.2004,Arjawinangun,kecamatan,no,-6.6453,108.4103,Asia/Jakarta,"BMKG point: Arjawinangun, Kecamatan Arjawinangun",25-09-2026,CMA,Open-Meteo / CMA GRAPES,13:00,2026-09-25 13:00:00,33.4,48.0,0.0,15.9,0.0,1.1498,Berawan,wmo:3
arjawinangun,"Arjawinangun, Cirebon",2026-09-25,32.09.24.2004,Arjawinangun,kecamatan,no,-6.6453,108.4103,Asia/Jakarta,"BMKG point: Arjawinangun, Kecamatan Arjawinangun",25-09-2026,CMA,Open-Meteo / CMA GRAPES,14:00,2026-09-25 14:00:00,32.4,53.0,0.0,17.5,0.0,1.1498,Berawan,wmo:3
arjawinangun,"Arjawinangun, Cirebon",2026-09-25,32.09.24.2004,Arjawinangun,kecamatan,no,-6.6453,108.4103,Asia/Jakarta,"BMKG point: Arjawinangun, Kecamatan Arjawinangun",25-09-2026,CMA,Open-Meteo / CMA GRAPES,15:00,2026-09-25 15:00:00,30.7,61.0,0.0,18.3,0.0,1.1498,Berawan,wmo:3
arjawinangun,"Arjawinangun, Cirebon",2026-09-25,32.09.24.2004,Arjawinangun,kecamatan,no,-6.6453,108.4103,Asia/Jakarta,"BMKG point: Arjawinangun, Kecamatan Arjawinangun",25-09-2026,CMA,Open-Meteo / CMA GRAPES,16:00,2026-09-25 16:00:00,29.3,68.0,0.0,17.9,0.0,1.1498,Berawan,wmo:3
arjawinangun,"Arjawinangun, Cirebon",2026-09-25,32.09.24.2004,Arjawinangun,kecamatan,no,-6.6453,108.4103,Asia/Jakarta,"BMKG point: Arjawinangun, Kecamatan Arjawinangun",25-09-2026,CMA,Open-Meteo / CMA GRAPES,17:00,2026-09-25 17:00:00,28.5,72.0,0.0,16.7,0.0,1.1498,Berawan,wmo:3
arjawinangun,"Arjawinangun, Cirebon",2026-09-25,32.09.24.2004,Arjawinangun,kecamatan,no,-6.6453,108.4103,Asia/Jakarta,"BMKG point: Arjawinangun, Kecamatan Arjawinangun",25-09-2026,CMA,Open-Meteo / CMA GRAPES,18:00,2026-09-25 18:00:00,28.1,75.0,0.0,14.4,0.0,1.1498,Cerah Berawan,wmo:2
arjawinangun,"Arjawinangun, Cirebon",2026-09-25,32.09.24.2004,Arjawinangun,kecamatan,no,-6.6453,108.4103,Asia/Jakarta,"BMKG point: Arjawinangun, Kecamatan Arjawinangun",25-09-2026,CMA,Open-Meteo / CMA GRAPES,19:00,2026-09-25 19:00:00,27.7,78.0,0.0,11.9,0.0,1.1498,Cerah Berawan,wmo:1
arjawinangun,"Arjawinangun, Cirebon",2026-09-25,32.09.24.2004,Arjawinangun,kecamatan,no,-6.6453,108.4103,Asia/Jakarta,"BMKG point: Arjawinangun, Kecamatan Arjawinangun",25-09-2026,CMA,Open-Meteo / CMA GRAPES,20:00,2026-09-25 20:00:00,27.4,80.0,0.0,9.7,0.0,1.1498,Cerah Berawan,wmo:1
arjawinangun,"Arjawinangun, Cirebon",2026-09-25,32.09.24.2004,Arjawinangun,kecamatan,no,-6.6453,108.4103,Asia/Jakarta,"BMKG point: Arjawinangun, Kecamatan Arjawinangun",25-09-2026,CMA,Open-Meteo / CMA GRAPES,21:00,2026-09-25 21:00:00,27.1,82.0,0.0,8.9,0.0,1.1498,Cerah Berawan,wmo:1
arjawinangun,"Arjawinangun, Cirebon",2026-09-25,32.09.24.2004,Arjawinangun,kecamatan,no,-6.6453,108.4103,Asia/Jakarta,"BMKG point: Arjawinangun, Kecamatan Arjawinangun",25-09-2026,CMA,Open-Meteo / CMA GRAPES,22:00,2026-09-25 22:00:00,26.9,83.0,0.0,9.6,0.0,1.1498,Cerah Berawan,wmo:1
arjawinangun,"Arjawinangun, Cirebon",2026-09-25,32.09.24.2004,Arjawinangun,kecamatan,no,-6.6453,108.4103,Asia/Jakarta,"BMKG point: Arjawinangun, Kecamatan Arjawinangun",25-09-2026,CMA,Open-Meteo / CMA GRAPES,23:00,2026-09-25 23:00:00,26.5,84.0,0.0,9.7,0.0,1.1498,Cerah Berawan,wmo:1
arjawinangun,"Arjawinangun, Cirebon",2026-09-25,32.09.24.2004,Arjawinangun,kecamatan,no,-6.6453,108.4103,Asia/Jakarta,"BMKG point: Arjawinangun, Kecamatan Arjawinangun",25-09-2026,ECMWF,Open-Meteo / ECMWF,00:00,2026-09-25 00:00:00,26.1,75.0,0.0,2.3,0.0,1.6982,Cerah Berawan,wmo:1
arjawinangun,"Arjawinangun, Cirebon",2026-09-25,32.09.24.2004,Arjawinangun,kecamatan,no,-6.6453,108.4103,Asia/Jakarta,"BMKG point: Arjawinangun, Kecamatan Arjawinangun",25-09-2026,ECMWF,Open-Meteo / ECMWF,01:00,2026-09-25 01:00:00,25.7,78.0,0.0,2.6,0.0,1.6982,Cerah,wmo:0
arjawinangun,"Arjawinangun, Cirebon",2026-09-25,32.09.24.2004,Arjawinangun,kecamatan,no,-6.6453,108.4103,Asia/Jakarta,"BMKG point: Arjawinangun, Kecamatan Arjawinangun",25-09-2026,ECMWF,Open-Meteo / ECMWF,02:00,2026-09-25 02:00:00,25.3,80.0,0.0,2.3,0.0,1.6982,Cerah,wmo:0
arjawinangun,"Arjawinangun, Cirebon",2026-09-25,32.09.24.2004,Arjawinangun,kecamatan,no,-6.6453,108.4103,Asia/Jakarta,"BMKG point: Arjawinangun, Kecamatan Arjawinangun",25-09-2026,ECMWF,Open-Meteo / ECMWF,03:00,2026-09-25 03:00:00,24.9,81.0,0.0,1.5,0.0,1.6982,Cerah,wmo:0
arjawinangun,"Arjawinangun, Cirebon",2026-09-25,32.09.24.2004,Arjawinangun,kecamatan,no,-6.6453,108.4103,Asia/Jakarta,"BMKG point: Arjawinangun, Kecamatan Arjawinangun",25-09-2026,ECMWF,Open-Meteo / ECMWF,04:00,2026-09-25 04:00:00,25.0,80.0,0.0,1.6,0.0,1.6982,Cerah,wmo:0
arjawinangun,"Arjawinangun, Cirebon",2026-09-25,32.09.24.2004,Arjawinangun,kecamatan,no,-6.6453,108.4103,Asia/Jakarta,"BMKG point: Arjawinangun, Kecamatan Arjawinangun",25-09-2026,ECMWF,Open-Meteo / ECMWF,05:00,2026-09-25 05:00:00,25.5,77.0,0.0,2.3,0.0,1.6982,Cerah,wmo:0
arjawinangun,"Arjawinangun, Cirebon",2026-09-25,32.09.24.2004,Arjawinangun,kecamatan,no,-6.6453,108.4103,Asia/Jakarta,"BMKG point: Arjawinangun, Kecamatan Arjawinangun",25-09-2026,ECMWF,Open-Meteo / ECMWF,06:00,2026-09-25 06:00:00,26.4,73.0,0.0,3.0,0.0,1.6982,Cerah Berawan,wmo:1
arjawinangun,"Arjawinangun, Cirebon",2026-09-25,32.09.24.2004,Arjawinangun,kecamatan,no,-6.6453,108.4103,Asia/Jakarta,"BMKG point: Arjawinangun, Kecamatan Arjawinangun",25-09-2026,ECMWF,Open-Meteo / ECMWF,07:00,2026-09-25 07:00:00,27.6,67.0,0.0,3.7,0.0,1.6982,Cerah Berawan,wmo:1
arjawinangun,"Arjawinangun, Cirebon",2026-09-25,32.09.24.2004,Arjawinangun,kecamatan,no,-6.6453,108.4103,Asia/Jakarta,"BMKG point: Arjawinangun, Kecamatan Arjawinangun",25-09-2026,ECMWF,Open-Meteo / ECMWF,08:00,2026-09-25 08:00:00,29.4,59.0,0.0,5.8,0.0,1.6982,Cerah Berawan,wmo:1
arjawinangun,"Arjawinangun, Cirebon",2026-09-25,32.09.24.2004,Arjawinangun,kecamatan,no,-6.6453,108.4103,Asia/Jakarta,"BMKG point: Arjawinangun, Kecamatan Arjawinangun",25-09-2026,ECMWF,Open-Meteo / ECMWF,09:00,2026-09-25 09:00:00,31.5,51.0,0.0,9.7,0.0,1.6982,Cerah Berawan,wmo:1
arjawinangun,"Arjawinangun, Cirebon",2026-09-25,32.09.24.2004,Arjawinangun,kecamatan,no,-6.6453,108.4103,Asia/Jakarta,"BMKG point: Arjawinangun, Kecamatan Arjawinangun",25-09-2026,ECMWF,Open-Meteo / ECMWF,10:00,2026-09-25 10:00:00,33.0,44.0,0.0,13.8,0.0,1.6982,Cerah Berawan,wmo:2
arjawinangun,"Arjawinangun, Cirebon",2026-09-25,32.09.24.2004,Arjawinangun,kecamatan,no,-6.6453,108.4103,Asia/Jakarta,"BMKG point: Arjawinangun, Kecamatan Arjawinangun",25-09-2026,ECMWF,Open-Meteo / ECMWF,11:00,2026-09-25 11:00:00,33.5,41.0,0.0,16.5,0.0,1.6982,Cerah Berawan,wmo:2
arjawinangun,"Arjawinangun, Cirebon",2026-09-25,32.09.24.2004,Arjawinangun,kecamatan,no,-6.6453,108.4103,Asia/Jakarta,"BMKG point: Arjawinangun, Kecamatan Arjawinangun",25-09-2026,ECMWF,Open-Meteo / ECMWF,12:00,2026-09-25 12:00:00,33.4,40.0,0.0,18.4,0.0,1.6982,Cerah Berawan,wmo:2
arjawinangun,"Arjawinangun, Cirebon",2026-09-25,32.09.24.2004,Arjawinangun,kecamatan,no,-6.6453,108.4103,Asia/Jakarta,"BMKG point: Arjawinangun, Kecamatan Arjawinangun",25-09-2026,ECMWF,Open-Meteo / ECMWF,13:00,2026-09-25 13:00:00,33.1,41.0,0.0,19.1,0.0,1.6982,Cerah Berawan,wmo:2
arjawinangun,"Arjawinangun, Cirebon",2026-09-25,32.09.24.2004,Arjawinangun,kecamatan,no,-6.6453,108.4103,Asia/Jakarta,"BMKG point: Arjawinangun, Kecamatan Arjawinangun",25-09-2026,ECMWF,Open-Meteo / ECMWF,14:00,2026-09-25 14:00:00,32.5,44.0,0.0,18.0,0.0,1.6982,Cerah Berawan,wmo:2
arjawinangun,"Arjawinangun, Cirebon",2026-09-25,32.09.24.2004,Arjawinangun,kecamatan,no,-6.6453,108.4103,Asia/Jakarta,"BMKG point: Arjawinangun, Kecamatan Arjawinangun",25-09-2026,ECMWF,Open-Meteo / ECMWF,15:00,2026-09-25 15:00:00,31.6,48.0,0.0,15.6,0.0,1.6982,Cerah Berawan,wmo:2
arjawinangun,"Arjawinangun, Cirebon",2026-09-25,32.09.24.2004,Arjawinangun,kecamatan,no,-6.6453,108.4103,Asia/Jakarta,"BMKG point: Arjawinangun, Kecamatan Arjawinangun",25-09-2026,ECMWF,Open-Meteo / ECMWF,16:00,2026-09-25 16:00:00,30.7,53.0,0.0,13.0,0.0,1.6982,Cerah Berawan,wmo:1
arjawinangun,"Arjawinangun, Cirebon",2026-09-25,32.09.24.2004,Arjawinangun,kecamatan,no,-6.6453,108.4103,Asia/Jakarta,"BMKG point: Arjawinangun, Kecamatan Arjawinangun",25-09-2026,ECMWF,Open-Meteo / ECMWF,17:00,2026-09-25 17:00:00,29.9,59.0,0.0,11.6,0.0,1.6982,Cerah Berawan,wmo:1
arjawinangun,"Arjawinangun, Cirebon",2026-09-25,32.09.24.2004,Arjawinangun,kecamatan,no,-6.6453,108.4103,Asia/Jakarta,"BMKG point: Arjawinangun, Kecamatan Arjawinangun",25-09-2026,ECMWF,Open-Meteo / ECMWF,18:00,2026-09-25 18:00:00,29.1,65.0,0.0,10.9,0.0,1.6982,Cerah,wmo:0
arjawinangun,"Arjawinangun, Cirebon",2026-09-25,32.09.24.2004,Arjawinangun,kecamatan,no,-6.6453,108.4103,Asia/Jakarta,"BMKG point: Arjawinangun, Kecamatan Arjawinangun",25-09-2026,ECMWF,Open-Meteo / ECMWF,19:00,2026-09-25 19:00:00,28.4,70.0,0.0,9.9,0.0,1.6982,Cerah,wmo:0
arjawinangun,"Arjawinangun, Cirebon",2026-09-25,32.09.24.2004,Arjawinangun,kecamatan,no,-6.6453,108.4103,Asia/Jakarta,"BMKG point: Arjawinangun, Kecamatan Arjawinangun",25-09-2026,ECMWF,Open-Meteo / ECMWF,20:00,2026-09-25 20:00:00,27.9,72.0,0.0,7.7,0.0,1.6982,Cerah,wmo:0
arjawinangun,"Arjawinangun, Cirebon",2026-09-25,32.09.24.2004,Arjawinangun,kecamatan,no,-6.6453,108.4103,Asia/Jakarta,"BMKG point: Arjawinangun, Kecamatan Arjawinangun",25-09-2026,ECMWF,Open-Meteo / ECMWF,21:00,2026-09-25 21:00:00,27.6,71.0,0.0,4.6,0.0,1.6982,Cerah,wmo:0
arjawinangun,"Arjawinangun, Cirebon",2026-09-25,32.09.24.2004,Arjawinangun,kecamatan,no,-6.6453,108.4103,Asia/Jakarta,"BMKG point: Arjawinangun, Kecamatan Arjawinangun",25-09-2026,ECMWF,Open-Meteo / ECMWF,22:00,2026-09-25 22:00:00,27.3,72.0,0.0,2.4,0.0,1.6982,Cerah,wmo:0
arjawinangun,"Arjawinangun, Cirebon",2026-09-25,32.09.24.2004,Arjawinangun,kecamatan,no,-6.6453,108.4103,Asia/Jakarta,"BMKG point: Arjawinangun, Kecamatan Arjawinangun",25-09-2026,ECMWF,Open-Meteo / ECMWF,23:00,2026-09-25 23:00:00,26.7,75.0,0.0,1.8,0.0,1.6982,Cerah,wmo:0
arjawinangun,"Arjawinangun, Cirebon",2026-09-25,32.09.24.2004,Arjawinangun,kecamatan,no,-6.6453,108.4103,Asia/Jakarta,"BMKG point: Arjawinangun, Kecamatan Arjawinangun",25-09-2026,GFS,Open-Meteo / NOAA GFS,00:00,2026-09-25 00:00:00,25.8,66.0,0.0,5.5,0.0,1.4031,Cerah,wmo:0
arjawinangun,"Arjawinangun, Cirebon",2026-09-25,32.09.24.2004,Arjawinangun,kecamatan,no,-6.6453,108.4103,Asia/Jakarta,"BMKG point: Arjawinangun, Kecamatan Arjawinangun",25-09-2026,GFS,Open-Meteo / NOAA GFS,01:00,2026-09-25 01:00:00,25.4,65.0,0.0,5.0,0.0,1.4031,Berawan,wmo:3
arjawinangun,"Arjawinangun, Cirebon",2026-09-25,32.09.24.2004,Arjawinangun,kecamatan,no,-6.6453,108.4103,Asia/Jakarta,"BMKG point: Arjawinangun, Kecamatan Arjawinangun",25-09-2026,GFS,Open-Meteo / NOAA GFS,02:00,2026-09-25 02:00:00,25.1,66.0,0.0,4.0,0.0,1.4031,Berawan,wmo:3
arjawinangun,"Arjawinangun, Cirebon",2026-09-25,32.09.24.2004,Arjawinangun,kecamatan,no,-6.6453,108.4103,Asia/Jakarta,"BMKG point: Arjawinangun, Kecamatan Arjawinangun",25-09-2026,GFS,Open-Meteo / NOAA GFS,03:00,2026-09-25 03:00:00,24.8,66.0,0.0,3.6,0.0,1.4031,Berawan,wmo:3
arjawinangun,"Arjawinangun, Cirebon",2026-09-25,32.09.24.2004,Arjawinangun,kecamatan,no,-6.6453,108.4103,Asia/Jakarta,"BMKG point: Arjawinangun, Kecamatan Arjawinangun",25-09-2026,GFS,Open-Meteo / NOAA GFS,04:00,2026-09-25 04:00:00,24.5,66.0,0.0,5.5,0.0,1.4031,Cerah,wmo:0
arjawinangun,"Arjawinangun, Cirebon",2026-09-25,32.09.24.2004,Arjawinangun,kecamatan,no,-6.6453,108.4103,Asia/Jakarta,"BMKG point: Arjawinangun, Kecamatan Arjawinangun",25-09-2026,GFS,Open-Meteo / NOAA GFS,05:00,2026-09-25 05:00:00,24.5,65.0,0.0,5.5,0.0,1.4031,Berawan,wmo:3
arjawinangun,"Arjawinangun, Cirebon",2026-09-25,32.09.24.2004,Arjawinangun,kecamatan,no,-6.6453,108.4103,Asia/Jakarta,"BMKG point: Arjawinangun, Kecamatan Arjawinangun",25-09-2026,GFS,Open-Meteo / NOAA GFS,06:00,2026-09-25 06:00:00,25.1,62.0,0.0,3.6,0.0,1.4031,Berawan,wmo:3
arjawinangun,"Arjawinangun, Cirebon",2026-09-25,32.09.24.2004,Arjawinangun,kecamatan,no,-6.6453,108.4103,Asia/Jakarta,"BMKG point: Arjawinangun, Kecamatan Arjawinangun",25-09-2026,GFS,Open-Meteo / NOAA GFS,07:00,2026-09-25 07:00:00,27.3,55.0,0.0,2.2,0.0,1.4031,Berawan,wmo:3
arjawinangun,"Arjawinangun, Cirebon",2026-09-25,32.09.24.2004,Arjawinangun,kecamatan,no,-6.6453,108.4103,Asia/Jakarta,"BMKG point: Arjawinangun, Kecamatan Arjawinangun",25-09-2026,GFS,Open-Meteo / NOAA GFS,08:00,2026-09-25 08:00:00,30.0,46.0,0.0,3.3,0.0,1.4031,Berawan,wmo:3
arjawinangun,"Arjawinangun, Cirebon",2026-09-25,32.09.24.2004,Arjawinangun,kecamatan,no,-6.6453,108.4103,Asia/Jakarta,"BMKG point: Arjawinangun, Kecamatan Arjawinangun",25-09-2026,GFS,Open-Meteo / NOAA GFS,09:00,2026-09-25 09:00:00,32.1,40.0,0.0,10.8,0.0,1.4031,Berawan,wmo:3
arjawinangun,"Arjawinangun, Cirebon",2026-09-25,32.09.24.2004,Arjawinangun,kecamatan,no,-6.6453,108.4103,Asia/Jakarta,"BMKG point: Arjawinangun, Kecamatan Arjawinangun",25-09-2026,GFS,Open-Meteo / NOAA GFS,10:00,2026-09-25 10:00:00,34.0,37.0,0.0,13.8,0.0,1.4031,Berawan,wmo:3
arjawinangun,"Arjawinangun, Cirebon",2026-09-25,32.09.24.2004,Arjawinangun,kecamatan,no,-6.6453,108.4103,Asia/Jakarta,"BMKG point: Arjawinangun, Kecamatan Arjawinangun",25-09-2026,GFS,Open-Meteo / NOAA GFS,11:00,2026-09-25 11:00:00,35.4,35.0,0.0,19.8,0.0,1.4031,Berawan,wmo:3
arjawinangun,"Arjawinangun, Cirebon",2026-09-25,32.09.24.2004,Arjawinangun,kecamatan,no,-6.6453,108.4103,Asia/Jakarta,"BMKG point: Arjawinangun, Kecamatan Arjawinangun",25-09-2026,GFS,Open-Meteo / NOAA GFS,12:00,2026-09-25 12:00:00,34.5,39.0,0.0,27.4,0.0,1.4031,Berawan,wmo:3
arjawinangun,"Arjawinangun, Cirebon",2026-09-25,32.09.24.2004,Arjawinangun,kecamatan,no,-6.6453,108.4103,Asia/Jakarta,"BMKG point: Arjawinangun, Kecamatan Arjawinangun",25-09-2026,GFS,Open-Meteo / NOAA GFS,13:00,2026-09-25 13:00:00,33.3,46.0,0.0,26.1,0.0,1.4031,Berawan,wmo:3
arjawinangun,"Arjawinangun, Cirebon",2026-09-25,32.09.24.2004,Arjawinangun,kecamatan,no,-6.6453,108.4103,Asia/Jakarta,"BMKG point: Arjawinangun, Kecamatan Arjawinangun",25-09-2026,GFS,Open-Meteo / NOAA GFS,14:00,2026-09-25 14:00:00,32.7,49.0,0.0,22.6,0.0,1.4031,Berawan,wmo:3
arjawinangun,"Arjawinangun, Cirebon",2026-09-25,32.09.24.2004,Arjawinangun,kecamatan,no,-6.6453,108.4103,Asia/Jakarta,"BMKG point: Arjawinangun, Kecamatan Arjawinangun",25-09-2026,GFS,Open-Meteo / NOAA GFS,15:00,2026-09-25 15:00:00,31.8,52.0,0.0,22.0,0.0,1.4031,Berawan,wmo:3
arjawinangun,"Arjawinangun, Cirebon",2026-09-25,32.09.24.2004,Arjawinangun,kecamatan,no,-6.6453,108.4103,Asia/Jakarta,"BMKG point: Arjawinangun, Kecamatan Arjawinangun",25-09-2026,GFS,Open-Meteo / NOAA GFS,16:00,2026-09-25 16:00:00,30.4,58.0,0.0,18.5,0.0,1.4031,Berawan,wmo:3
arjawinangun,"Arjawinangun, Cirebon",2026-09-25,32.09.24.2004,Arjawinangun,kecamatan,no,-6.6453,108.4103,Asia/Jakarta,"BMKG point: Arjawinangun, Kecamatan Arjawinangun",25-09-2026,GFS,Open-Meteo / NOAA GFS,17:00,2026-09-25 17:00:00,29.0,66.0,0.0,16.1,0.0,1.4031,Berawan,wmo:3
arjawinangun,"Arjawinangun, Cirebon",2026-09-25,32.09.24.2004,Arjawinangun,kecamatan,no,-6.6453,108.4103,Asia/Jakarta,"BMKG point: Arjawinangun, Kecamatan Arjawinangun",25-09-2026,GFS,Open-Meteo / NOAA GFS,18:00,2026-09-25 18:00:00,27.8,73.0,0.0,12.1,0.0,1.4031,Berawan,wmo:3
arjawinangun,"Arjawinangun, Cirebon",2026-09-25,32.09.24.2004,Arjawinangun,kecamatan,no,-6.6453,108.4103,Asia/Jakarta,"BMKG point: Arjawinangun, Kecamatan Arjawinangun",25-09-2026,GFS,Open-Meteo / NOAA GFS,19:00,2026-09-25 19:00:00,26.9,78.0,0.4,8.8,0.0,1.4031,Hujan Ringan,wmo:51
arjawinangun,"Arjawinangun, Cirebon",2026-09-25,32.09.24.2004,Arjawinangun,kecamatan,no,-6.6453,108.4103,Asia/Jakarta,"BMKG point: Arjawinangun, Kecamatan Arjawinangun",25-09-2026,GFS,Open-Meteo / NOAA GFS,20:00,2026-09-25 20:00:00,26.8,78.0,0.1,7.6,0.0,1.4031,Hujan Ringan,wmo:51
arjawinangun,"Arjawinangun, Cirebon",2026-09-25,32.09.24.2004,Arjawinangun,kecamatan,no,-6.6453,108.4103,Asia/Jakarta,"BMKG point: Arjawinangun, Kecamatan Arjawinangun",25-09-2026,GFS,Open-Meteo / NOAA GFS,21:00,2026-09-25 21:00:00,26.7,78.0,0.0,5.2,0.0,1.4031,Cerah,wmo:0
arjawinangun,"Arjawinangun, Cirebon",2026-09-25,32.09.24.2004,Arjawinangun,kecamatan,no,-6.6453,108.4103,Asia/Jakarta,"BMKG point: Arjawinangun, Kecamatan Arjawinangun",25-09-2026,GFS,Open-Meteo / NOAA GFS,22:00,2026-09-25 22:00:00,26.5,77.0,0.0,4.3,0.0,1.4031,Cerah,wmo:0
arjawinangun,"Arjawinangun, Cirebon",2026-09-25,32.09.24.2004,Arjawinangun,kecamatan,no,-6.6453,108.4103,Asia/Jakarta,"BMKG point: Arjawinangun, Kecamatan Arjawinangun",25-09-2026,GFS,Open-Meteo / NOAA GFS,23:00,2026-09-25 23:00:00,26.3,77.0,0.0,5.1,0.0,1.4031,Cerah,wmo:0
arjawinangun,"Arjawinangun, Cirebon",2026-09-25,32.09.24.2004,Arjawinangun,kecamatan,no,-6.6453,108.4103,Asia/Jakarta,"BMKG point: Arjawinangun, Kecamatan Arjawinangun",25-09-2026,ICON,Open-Meteo / DWD ICON,00:00,2026-09-25 00:00:00,25.8,80.0,0.0,4.1,0.0,1.4754,Cerah Berawan,wmo:1
arjawinangun,"Arjawinangun, Cirebon",2026-09-25,32.09.24.2004,Arjawinangun,kecamatan,no,-6.6453,108.4103,Asia/Jakarta,"BMKG point: Arjawinangun, Kecamatan Arjawinangun",25-09-2026,ICON,Open-Meteo / DWD ICON,01:00,2026-09-25 01:00:00,25.5,80.0,0.0,3.1,0.0,1.4754,Cerah Berawan,wmo:2
arjawinangun,"Arjawinangun, Cirebon",2026-09-25,32.09.24.2004,Arjawinangun,kecamatan,no,-6.6453,108.4103,Asia/Jakarta,"BMKG point: Arjawinangun, Kecamatan Arjawinangun",25-09-2026,ICON,Open-Meteo / DWD ICON,02:00,2026-09-25 02:00:00,25.1,82.0,0.0,2.6,0.0,1.4754,Cerah Berawan,wmo:2
arjawinangun,"Arjawinangun, Cirebon",2026-09-25,32.09.24.2004,Arjawinangun,kecamatan,no,-6.6453,108.4103,Asia/Jakarta,"BMKG point: Arjawinangun, Kecamatan Arjawinangun",25-09-2026,ICON,Open-Meteo / DWD ICON,03:00,2026-09-25 03:00:00,24.7,84.0,0.0,3.3,0.0,1.4754,Cerah Berawan,wmo:2
arjawinangun,"Arjawinangun, Cirebon",2026-09-25,32.09.24.2004,Arjawinangun,kecamatan,no,-6.6453,108.4103,Asia/Jakarta,"BMKG point: Arjawinangun, Kecamatan Arjawinangun",25-09-2026,ICON,Open-Meteo / DWD ICON,04:00,2026-09-25 04:00:00,24.4,83.0,0.0,3.6,0.0,1.4754,Cerah Berawan,wmo:2
arjawinangun,"Arjawinangun, Cirebon",2026-09-25,32.09.24.2004,Arjawinangun,kecamatan,no,-6.6453,108.4103,Asia/Jakarta,"BMKG point: Arjawinangun, Kecamatan Arjawinangun",25-09-2026,ICON,Open-Meteo / DWD ICON,05:00,2026-09-25 05:00:00,24.3,81.0,0.0,3.8,0.0,1.4754,Cerah Berawan,wmo:1
arjawinangun,"Arjawinangun, Cirebon",2026-09-25,32.09.24.2004,Arjawinangun,kecamatan,no,-6.6453,108.4103,Asia/Jakarta,"BMKG point: Arjawinangun, Kecamatan Arjawinangun",25-09-2026,ICON,Open-Meteo / DWD ICON,06:00,2026-09-25 06:00:00,24.4,78.0,0.0,3.6,0.0,1.4754,Cerah Berawan,wmo:1
arjawinangun,"Arjawinangun, Cirebon",2026-09-25,32.09.24.2004,Arjawinangun,kecamatan,no,-6.6453,108.4103,Asia/Jakarta,"BMKG point: Arjawinangun, Kecamatan Arjawinangun",25-09-2026,ICON,Open-Meteo / DWD ICON,07:00,2026-09-25 07:00:00,26.3,72.0,0.0,5.4,0.0,1.4754,Cerah Berawan,wmo:2
arjawinangun,"Arjawinangun, Cirebon",2026-09-25,32.09.24.2004,Arjawinangun,kecamatan,no,-6.6453,108.4103,Asia/Jakarta,"BMKG point: Arjawinangun, Kecamatan Arjawinangun",25-09-2026,ICON,Open-Meteo / DWD ICON,08:00,2026-09-25 08:00:00,29.1,62.0,0.0,9.1,0.0,1.4754,Cerah Berawan,wmo:1
arjawinangun,"Arjawinangun, Cirebon",2026-09-25,32.09.24.2004,Arjawinangun,kecamatan,no,-6.6453,108.4103,Asia/Jakarta,"BMKG point: Arjawinangun, Kecamatan Arjawinangun",25-09-2026,ICON,Open-Meteo / DWD ICON,09:00,2026-09-25 09:00:00,31.3,53.0,0.0,14.4,0.0,1.4754,Cerah Berawan,wmo:1
arjawinangun,"Arjawinangun, Cirebon",2026-09-25,32.09.24.2004,Arjawinangun,kecamatan,no,-6.6453,108.4103,Asia/Jakarta,"BMKG point: Arjawinangun, Kecamatan Arjawinangun",25-09-2026,ICON,Open-Meteo / DWD ICON,10:00,2026-09-25 10:00:00,33.0,43.0,0.0,19.1,0.0,1.4754,Cerah Berawan,wmo:1
arjawinangun,"Arjawinangun, Cirebon",2026-09-25,32.09.24.2004,Arjawinangun,kecamatan,no,-6.6453,108.4103,Asia/Jakarta,"BMKG point: Arjawinangun, Kecamatan Arjawinangun",25-09-2026,ICON,Open-Meteo / DWD ICON,11:00,2026-09-25 11:00:00,34.0,39.0,0.0,22.0,0.0,1.4754,Cerah,wmo:0
arjawinangun,"Arjawinangun, Cirebon",2026-09-25,32.09.24.2004,Arjawinangun,kecamatan,no,-6.6453,108.4103,Asia/Jakarta,"BMKG point: Arjawinangun, Kecamatan Arjawinangun",25-09-2026,ICON,Open-Meteo / DWD ICON,12:00,2026-09-25 12:00:00,34.6,36.0,0.0,24.2,0.0,1.4754,Cerah,wmo:0
arjawinangun,"Arjawinangun, Cirebon",2026-09-25,32.09.24.2004,Arjawinangun,kecamatan,no,-6.6453,108.4103,Asia/Jakarta,"BMKG point: Arjawinangun, Kecamatan Arjawinangun",25-09-2026,ICON,Open-Meteo / DWD ICON,13:00,2026-09-25 13:00:00,34.4,34.0,0.0,26.2,0.0,1.4754,Cerah Berawan,wmo:1
arjawinangun,"Arjawinangun, Cirebon",2026-09-25,32.09.24.2004,Arjawinangun,kecamatan,no,-6.6453,108.4103,Asia/Jakarta,"BMKG point: Arjawinangun, Kecamatan Arjawinangun",25-09-2026,ICON,Open-Meteo / DWD ICON,14:00,2026-09-25 14:00:00,33.7,38.0,0.0,26.6,0.0,1.4754,Berawan,wmo:3
arjawinangun,"Arjawinangun, Cirebon",2026-09-25,32.09.24.2004,Arjawinangun,kecamatan,no,-6.6453,108.4103,Asia/Jakarta,"BMKG point: Arjawinangun, Kecamatan Arjawinangun",25-09-2026,ICON,Open-Meteo / DWD ICON,15:00,2026-09-25 15:00:00,32.6,41.0,0.0,25.6,0.0,1.4754,Berawan,wmo:3
arjawinangun,"Arjawinangun, Cirebon",2026-09-25,32.09.24.2004,Arjawinangun,kecamatan,no,-6.6453,108.4103,Asia/Jakarta,"BMKG point: Arjawinangun, Kecamatan Arjawinangun",25-09-2026,ICON,Open-Meteo / DWD ICON,16:00,2026-09-25 16:00:00,31.5,47.0,0.0,22.2,0.0,1.4754,Cerah,wmo:0
arjawinangun,"Arjawinangun, Cirebon",2026-09-25,32.09.24.2004,Arjawinangun,kecamatan,no,-6.6453,108.4103,Asia/Jakarta,"BMKG point: Arjawinangun, Kecamatan Arjawinangun",25-09-2026,ICON,Open-Meteo / DWD ICON,17:00,2026-09-25 17:00:00,30.0,56.0,0.0,18.9,0.0,1.4754,Cerah,wmo:0
arjawinangun,"Arjawinangun, Cirebon",2026-09-25,32.09.24.2004,Arjawinangun,kecamatan,no,-6.6453,108.4103,Asia/Jakarta,"BMKG point: Arjawinangun, Kecamatan Arjawinangun",25-09-2026,ICON,Open-Meteo / DWD ICON,18:00,2026-09-25 18:00:00,28.5,65.0,0.0,13.8,0.0,1.4754,Cerah Berawan,wmo:1
arjawinangun,"Arjawinangun, Cirebon",2026-09-25,32.09.24.2004,Arjawinangun,kecamatan,no,-6.6453,108.4103,Asia/Jakarta,"BMKG point: Arjawinangun, Kecamatan Arjawinangun",25-09-2026,ICON,Open-Meteo / DWD ICON,19:00,2026-09-25 19:00:00,27.9,70.0,0.0,10.4,0.0,1.4754,Cerah Berawan,wmo:1
arjawinangun,"Arjawinangun, Cirebon",2026-09-25,32.09.24.2004,Arjawinangun,kecamatan,no,-6.6453,108.4103,Asia/Jakarta,"BMKG point: Arjawinangun, Kecamatan Arjawinangun",25-09-2026,ICON,Open-Meteo / DWD ICON,20:00,2026-09-25 20:00:00,27.4,75.0,0.0,8.7,0.0,1.4754,Cerah Berawan,wmo:1
arjawinangun,"Arjawinangun, Cirebon",2026-09-25,32.09.24.2004,Arjawinangun,kecamatan,no,-6.6453,108.4103,Asia/Jakarta,"BMKG point: Arjawinangun, Kecamatan Arjawinangun",25-09-2026,ICON,Open-Meteo / DWD ICON,21:00,2026-09-25 21:00:00,27.1,77.0,0.0,7.6,0.0,1.4754,Cerah Berawan,wmo:1
arjawinangun,"Arjawinangun, Cirebon",2026-09-25,32.09.24.2004,Arjawinangun,kecamatan,no,-6.6453,108.4103,Asia/Jakarta,"BMKG point: Arjawinangun, Kecamatan Arjawinangun",25-09-2026,ICON,Open-Meteo / DWD ICON,22:00,2026-09-25 22:00:00,26.9,78.0,0.0,6.5,0.0,1.4754,Cerah Berawan,wmo:2
arjawinangun,"Arjawinangun, Cirebon",2026-09-25,32.09.24.2004,Arjawinangun,kecamatan,no,-6.6453,108.4103,Asia/Jakarta,"BMKG point: Arjawinangun, Kecamatan Arjawinangun",25-09-2026,ICON,Open-Meteo / DWD ICON,23:00,2026-09-25 23:00:00,26.6,79.0,0.0,4.6,0.0,1.4754,Cerah Berawan,wmo:2
arjawinangun,"Arjawinangun, Cirebon",2026-09-25,32.09.24.2004,Arjawinangun,kecamatan,no,-6.6453,108.4103,Asia/Jakarta,"BMKG point: Arjawinangun, Kecamatan Arjawinangun",25-09-2026,KMA,Open-Meteo / KMA,00:00,2026-09-25 00:00:00,,,,,0.0,0.5479,Berawan,wmo:None
arjawinangun,"Arjawinangun, Cirebon",2026-09-25,32.09.24.2004,Arjawinangun,kecamatan,no,-6.6453,108.4103,Asia/Jakarta,"BMKG point: Arjawinangun, Kecamatan Arjawinangun",25-09-2026,KMA,Open-Meteo / KMA,01:00,2026-09-25 01:00:00,,,,,0.0,0.5479,Berawan,wmo:None
arjawinangun,"Arjawinangun, Cirebon",2026-09-25,32.09.24.2004,Arjawinangun,kecamatan,no,-6.6453,108.4103,Asia/Jakarta,"BMKG point: Arjawinangun, Kecamatan Arjawinangun",25-09-2026,KMA,Open-Meteo / KMA,02:00,2026-09-25 02:00:00,,,,,0.0,0.5479,Berawan,wmo:None
arjawinangun,"Arjawinangun, Cirebon",2026-09-25,32.09.24.2004,Arjawinangun,kecamatan,no,-6.6453,108.4103,Asia/Jakarta,"BMKG point: Arjawinangun, Kecamatan Arjawinangun",25-09-2026,KMA,Open-Meteo / KMA,03:00,2026-09-25 03:00:00,,,,,0.0,0.5479,Berawan,wmo:None
arjawinangun,"Arjawinangun, Cirebon",2026-09-25,32.09.24.2004,Arjawinangun,kecamatan,no,-6.6453,108.4103,Asia/Jakarta,"BMKG point: Arjawinangun, Kecamatan Arjawinangun",25-09-2026,KMA,Open-Meteo / KMA,04:00,2026-09-25 04:00:00,,,,,0.0,0.5479,Berawan,wmo:None
arjawinangun,"Arjawinangun, Cirebon",2026-09-25,32.09.24.2004,Arjawinangun,kecamatan,no,-6.6453,108.4103,Asia/Jakarta,"BMKG point: Arjawinangun, Kecamatan Arjawinangun",25-09-2026,KMA,Open-Meteo / KMA,05:00,2026-09-25 05:00:00,,,,,0.0,0.5479,Berawan,wmo:None
arjawinangun,"Arjawinangun, Cirebon",2026-09-25,32.09.24.2004,Arjawinangun,kecamatan,no,-6.6453,108.4103,Asia/Jakarta,"BMKG point: Arjawinangun, Kecamatan Arjawinangun",25-09-2026,KMA,Open-Meteo / KMA,06:00,2026-09-25 06:00:00,,,,,0.0,0.5479,Berawan,wmo:None
arjawinangun,"Arjawinangun, Cirebon",2026-09-25,32.09.24.2004,Arjawinangun,kecamatan,no,-6.6453,108.4103,Asia/Jakarta,"BMKG point: Arjawinangun, Kecamatan Arjawinangun",25-09-2026,KMA,Open-Meteo / KMA,07:00,2026-09-25 07:00:00,,,,,0.0,0.5479,Berawan,wmo:None
arjawinangun,"Arjawinangun, Cirebon",2026-09-25,32.09.24.2004,Arjawinangun,kecamatan,no,-6.6453,108.4103,Asia/Jakarta,"BMKG point: Arjawinangun, Kecamatan Arjawinangun",25-09-2026,KMA,Open-Meteo / KMA,08:00,2026-09-25 08:00:00,,,,,0.0,0.5479,Berawan,wmo:None
arjawinangun,"Arjawinangun, Cirebon",2026-09-25,32.09.24.2004,Arjawinangun,kecamatan,no,-6.6453,108.4103,Asia/Jakarta,"BMKG point: Arjawinangun, Kecamatan Arjawinangun",25-09-2026,KMA,Open-Meteo / KMA,09:00,2026-09-25 09:00:00,,,,,0.0,0.5479,Berawan,wmo:None
arjawinangun,"Arjawinangun, Cirebon",2026-09-25,32.09.24.2004,Arjawinangun,kecamatan,no,-6.6453,108.4103,Asia/Jakarta,"BMKG point: Arjawinangun, Kecamatan Arjawinangun",25-09-2026,KMA,Open-Meteo / KMA,10:00,2026-09-25 10:00:00,,,,,0.0,0.5479,Berawan,wmo:None
arjawinangun,"Arjawinangun, Cirebon",2026-09-25,32.09.24.2004,Arjawinangun,kecamatan,no,-6.6453,108.4103,Asia/Jakarta,"BMKG point: Arjawinangun, Kecamatan Arjawinangun",25-09-2026,KMA,Open-Meteo / KMA,11:00,2026-09-25 11:00:00,,,,,0.0,0.5479,Berawan,wmo:None
arjawinangun,"Arjawinangun, Cirebon",2026-09-25,32.09.24.2004,Arjawinangun,kecamatan,no,-6.6453,108.4103,Asia/Jakarta,"BMKG point: Arjawinangun, Kecamatan Arjawinangun",25-09-2026,KMA,Open-Meteo / KMA,12:00,2026-09-25 12:00:00,,,,,0.0,0.5479,Berawan,wmo:None
arjawinangun,"Arjawinangun, Cirebon",2026-09-25,32.09.24.2004,Arjawinangun,kecamatan,no,-6.6453,108.4103,Asia/Jakarta,"BMKG point: Arjawinangun, Kecamatan Arjawinangun",25-09-2026,KMA,Open-Meteo / KMA,13:00,2026-09-25 13:00:00,,,,,0.0,0.5479,Berawan,wmo:None
arjawinangun,"Arjawinangun, Cirebon",2026-09-25,32.09.24.2004,Arjawinangun,kecamatan,no,-6.6453,108.4103,Asia/Jakarta,"BMKG point: Arjawinangun, Kecamatan Arjawinangun",25-09-2026,KMA,Open-Meteo / KMA,14:00,2026-09-25 14:00:00,,,,,0.0,0.5479,Berawan,wmo:None
arjawinangun,"Arjawinangun, Cirebon",2026-09-25,32.09.24.2004,Arjawinangun,kecamatan,no,-6.6453,108.4103,Asia/Jakarta,"BMKG point: Arjawinangun, Kecamatan Arjawinangun",25-09-2026,KMA,Open-Meteo / KMA,15:00,2026-09-25 15:00:00,,,,,0.0,0.5479,Berawan,wmo:None
arjawinangun,"Arjawinangun, Cirebon",2026-09-25,32.09.24.2004,Arjawinangun,kecamatan,no,-6.6453,108.4103,Asia/Jakarta,"BMKG point: Arjawinangun, Kecamatan Arjawinangun",25-09-2026,KMA,Open-Meteo / KMA,16:00,2026-09-25 16:00:00,,,,,0.0,0.5479,Berawan,wmo:None
arjawinangun,"Arjawinangun, Cirebon",2026-09-25,32.09.24.2004,Arjawinangun,kecamatan,no,-6.6453,108.4103,Asia/Jakarta,"BMKG point: Arjawinangun, Kecamatan Arjawinangun",25-09-2026,KMA,Open-Meteo / KMA,17:00,2026-09-25 17:00:00,,,,,0.0,0.5479,Berawan,wmo:None
arjawinangun,"Arjawinangun, Cirebon",2026-09-25,32.09.24.2004,Arjawinangun,kecamatan,no,-6.6453,108.4103,Asia/Jakarta,"BMKG point: Arjawinangun, Kecamatan Arjawinangun",25-09-2026,KMA,Open-Meteo / KMA,18:00,2026-09-25 18:00:00,,,,,0.0,0.5479,Berawan,wmo:None
arjawinangun,"Arjawinangun, Cirebon",2026-09-25,32.09.24.2004,Arjawinangun,kecamatan,no,-6.6453,108.4103,Asia/Jakarta,"BMKG point: Arjawinangun, Kecamatan Arjawinangun",25-09-2026,KMA,Open-Meteo / KMA,19:00,2026-09-25 19:00:00,,,,,0.0,0.5479,Berawan,wmo:None
arjawinangun,"Arjawinangun, Cirebon",2026-09-25,32.09.24.2004,Arjawinangun,kecamatan,no,-6.6453,108.4103,Asia/Jakarta,"BMKG point: Arjawinangun, Kecamatan Arjawinangun",25-09-2026,KMA,Open-Meteo / KMA,20:00,2026-09-25 20:00:00,,,,,0.0,0.5479,Berawan,wmo:None
arjawinangun,"Arjawinangun, Cirebon",2026-09-25,32.09.24.2004,Arjawinangun,kecamatan,no,-6.6453,108.4103,Asia/Jakarta,"BMKG point: Arjawinangun, Kecamatan Arjawinangun",25-09-2026,KMA,Open-Meteo / KMA,21:00,2026-09-25 21:00:00,,,,,0.0,0.5479,Berawan,wmo:None
arjawinangun,"Arjawinangun, Cirebon",2026-09-25,32.09.24.2004,Arjawinangun,kecamatan,no,-6.6453,108.4103,Asia/Jakarta,"BMKG point: Arjawinangun, Kecamatan Arjawinangun",25-09-2026,KMA,Open-Meteo / KMA,22:00,2026-09-25 22:00:00,,,,,0.0,0.5479,Berawan,wmo:None
arjawinangun,"Arjawinangun, Cirebon",2026-09-25,32.09.24.2004,Arjawinangun,kecamatan,no,-6.6453,108.4103,Asia/Jakarta,"BMKG point: Arjawinangun, Kecamatan Arjawinangun",25-09-2026,KMA,Open-Meteo / KMA,23:00,2026-09-25 23:00:00,,,,,0.0,0.5479,Berawan,wmo:None
arjawinangun,"Arjawinangun, Cirebon",2026-09-25,32.09.24.2004,Arjawinangun,kecamatan,no,-6.6453,108.4103,Asia/Jakarta,"BMKG point: Arjawinangun, Kecamatan Arjawinangun",25-09-2026,METEOFRANCE,Open-Meteo / Meteo-France,00:00,2026-09-25 00:00:00,28.2,67.0,0.0,9.4,0.0,1.5385,Cerah Berawan,wmo:2
arjawinangun,"Arjawinangun, Cirebon",2026-09-25,32.09.24.2004,Arjawinangun,kecamatan,no,-6.6453,108.4103,Asia/Jakarta,"BMKG point: Arjawinangun, Kecamatan Arjawinangun",25-09-2026,METEOFRANCE,Open-Meteo / Meteo-France,01:00,2026-09-25 01:00:00,28.0,67.0,0.0,8.9,0.0,1.5385,Cerah Berawan,wmo:1
arjawinangun,"Arjawinangun, Cirebon",2026-09-25,32.09.24.2004,Arjawinangun,kecamatan,no,-6.6453,108.4103,Asia/Jakarta,"BMKG point: Arjawinangun, Kecamatan Arjawinangun",25-09-2026,METEOFRANCE,Open-Meteo / Meteo-France,02:00,2026-09-25 02:00:00,27.9,67.0,0.0,8.2,0.0,1.5385,Cerah Berawan,wmo:1
arjawinangun,"Arjawinangun, Cirebon",2026-09-25,32.09.24.2004,Arjawinangun,kecamatan,no,-6.6453,108.4103,Asia/Jakarta,"BMKG point: Arjawinangun, Kecamatan Arjawinangun",25-09-2026,METEOFRANCE,Open-Meteo / Meteo-France,03:00,2026-09-25 03:00:00,27.8,68.0,0.0,8.6,0.0,1.5385,Cerah Berawan,wmo:1
arjawinangun,"Arjawinangun, Cirebon",2026-09-25,32.09.24.2004,Arjawinangun,kecamatan,no,-6.6453,108.4103,Asia/Jakarta,"BMKG point: Arjawinangun, Kecamatan Arjawinangun",25-09-2026,METEOFRANCE,Open-Meteo / Meteo-France,04:00,2026-09-25 04:00:00,27.7,68.0,0.0,9.5,0.0,1.5385,Cerah Berawan,wmo:1
arjawinangun,"Arjawinangun, Cirebon",2026-09-25,32.09.24.2004,Arjawinangun,kecamatan,no,-6.6453,108.4103,Asia/Jakarta,"BMKG point: Arjawinangun, Kecamatan Arjawinangun",25-09-2026,METEOFRANCE,Open-Meteo / Meteo-France,05:00,2026-09-25 05:00:00,27.6,67.0,0.0,10.5,0.0,1.5385,Cerah,wmo:0
arjawinangun,"Arjawinangun, Cirebon",2026-09-25,32.09.24.2004,Arjawinangun,kecamatan,no,-6.6453,108.4103,Asia/Jakarta,"BMKG point: Arjawinangun, Kecamatan Arjawinangun",25-09-2026,METEOFRANCE,Open-Meteo / Meteo-France,06:00,2026-09-25 06:00:00,27.6,65.0,0.0,11.9,0.0,1.5385,Cerah,wmo:0
arjawinangun,"Arjawinangun, Cirebon",2026-09-25,32.09.24.2004,Arjawinangun,kecamatan,no,-6.6453,108.4103,Asia/Jakarta,"BMKG point: Arjawinangun, Kecamatan Arjawinangun",25-09-2026,METEOFRANCE,Open-Meteo / Meteo-France,07:00,2026-09-25 07:00:00,28.6,59.0,0.0,13.1,0.0,1.5385,Cerah,wmo:0
arjawinangun,"Arjawinangun, Cirebon",2026-09-25,32.09.24.2004,Arjawinangun,kecamatan,no,-6.6453,108.4103,Asia/Jakarta,"BMKG point: Arjawinangun, Kecamatan Arjawinangun",25-09-2026,METEOFRANCE,Open-Meteo / Meteo-France,08:00,2026-09-25 08:00:00,30.5,52.0,0.0,13.9,0.0,1.5385,Cerah,wmo:0
arjawinangun,"Arjawinangun, Cirebon",2026-09-25,32.09.24.2004,Arjawinangun,kecamatan,no,-6.6453,108.4103,Asia/Jakarta,"BMKG point: Arjawinangun, Kecamatan Arjawinangun",25-09-2026,METEOFRANCE,Open-Meteo / Meteo-France,09:00,2026-09-25 09:00:00,32.4,48.0,0.0,13.7,0.0,1.5385,Cerah,wmo:0
arjawinangun,"Arjawinangun, Cirebon",2026-09-25,32.09.24.2004,Arjawinangun,kecamatan,no,-6.6453,108.4103,Asia/Jakarta,"BMKG point: Arjawinangun, Kecamatan Arjawinangun",25-09-2026,METEOFRANCE,Open-Meteo / Meteo-France,10:00,2026-09-25 10:00:00,33.8,44.0,0.0,15.0,0.0,1.5385,Cerah,wmo:0
arjawinangun,"Arjawinangun, Cirebon",2026-09-25,32.09.24.2004,Arjawinangun,kecamatan,no,-6.6453,108.4103,Asia/Jakarta,"BMKG point: Arjawinangun, Kecamatan Arjawinangun",25-09-2026,METEOFRANCE,Open-Meteo / Meteo-France,11:00,2026-09-25 11:00:00,34.8,42.0,0.0,16.0,0.0,1.5385,Cerah,wmo:0
arjawinangun,"Arjawinangun, Cirebon",2026-09-25,32.09.24.2004,Arjawinangun,kecamatan,no,-6.6453,108.4103,Asia/Jakarta,"BMKG point: Arjawinangun, Kecamatan Arjawinangun",25-09-2026,METEOFRANCE,Open-Meteo / Meteo-France,12:00,2026-09-25 12:00:00,35.5,42.0,0.0,17.2,0.0,1.5385,Cerah,wmo:0
arjawinangun,"Arjawinangun, Cirebon",2026-09-25,32.09.24.2004,Arjawinangun,kecamatan,no,-6.6453,108.4103,Asia/Jakarta,"BMKG point: Arjawinangun, Kecamatan Arjawinangun",25-09-2026,METEOFRANCE,Open-Meteo / Meteo-France,13:00,2026-09-25 13:00:00,35.6,43.0,0.0,20.1,0.0,1.5385,Cerah,wmo:0
arjawinangun,"Arjawinangun, Cirebon",2026-09-25,32.09.24.2004,Arjawinangun,kecamatan,no,-6.6453,108.4103,Asia/Jakarta,"BMKG point: Arjawinangun, Kecamatan Arjawinangun",25-09-2026,METEOFRANCE,Open-Meteo / Meteo-France,14:00,2026-09-25 14:00:00,35.0,44.0,0.0,20.8,0.0,1.5385,Cerah,wmo:0
arjawinangun,"Arjawinangun, Cirebon",2026-09-25,32.09.24.2004,Arjawinangun,kecamatan,no,-6.6453,108.4103,Asia/Jakarta,"BMKG point: Arjawinangun, Kecamatan Arjawinangun",25-09-2026,METEOFRANCE,Open-Meteo / Meteo-France,15:00,2026-09-25 15:00:00,33.7,45.0,0.0,20.2,0.0,1.5385,Cerah,wmo:0
arjawinangun,"Arjawinangun, Cirebon",2026-09-25,32.09.24.2004,Arjawinangun,kecamatan,no,-6.6453,108.4103,Asia/Jakarta,"BMKG point: Arjawinangun, Kecamatan Arjawinangun",25-09-2026,METEOFRANCE,Open-Meteo / Meteo-France,16:00,2026-09-25 16:00:00,32.5,49.0,0.0,18.8,0.0,1.5385,Cerah Berawan,wmo:1
arjawinangun,"Arjawinangun, Cirebon",2026-09-25,32.09.24.2004,Arjawinangun,kecamatan,no,-6.6453,108.4103,Asia/Jakarta,"BMKG point: Arjawinangun, Kecamatan Arjawinangun",25-09-2026,METEOFRANCE,Open-Meteo / Meteo-France,17:00,2026-09-25 17:00:00,31.2,56.0,0.0,16.2,0.0,1.5385,Cerah Berawan,wmo:1
arjawinangun,"Arjawinangun, Cirebon",2026-09-25,32.09.24.2004,Arjawinangun,kecamatan,no,-6.6453,108.4103,Asia/Jakarta,"BMKG point: Arjawinangun, Kecamatan Arjawinangun",25-09-2026,METEOFRANCE,Open-Meteo / Meteo-France,18:00,2026-09-25 18:00:00,30.0,65.0,0.0,13.1,0.0,1.5385,Cerah Berawan,wmo:1
arjawinangun,"Arjawinangun, Cirebon",2026-09-25,32.09.24.2004,Arjawinangun,kecamatan,no,-6.6453,108.4103,Asia/Jakarta,"BMKG point: Arjawinangun, Kecamatan Arjawinangun",25-09-2026,METEOFRANCE,Open-Meteo / Meteo-France,19:00,2026-09-25 19:00:00,29.0,72.0,0.0,10.9,0.0,1.5385,Cerah Berawan,wmo:1
arjawinangun,"Arjawinangun, Cirebon",2026-09-25,32.09.24.2004,Arjawinangun,kecamatan,no,-6.6453,108.4103,Asia/Jakarta,"BMKG point: Arjawinangun, Kecamatan Arjawinangun",25-09-2026,METEOFRANCE,Open-Meteo / Meteo-France,20:00,2026-09-25 20:00:00,28.6,75.0,0.0,10.1,0.0,1.5385,Cerah Berawan,wmo:1
arjawinangun,"Arjawinangun, Cirebon",2026-09-25,32.09.24.2004,Arjawinangun,kecamatan,no,-6.6453,108.4103,Asia/Jakarta,"BMKG point: Arjawinangun, Kecamatan Arjawinangun",25-09-2026,METEOFRANCE,Open-Meteo / Meteo-France,21:00,2026-09-25 21:00:00,28.6,76.0,0.0,9.7,0.0,1.5385,Cerah Berawan,wmo:1
arjawinangun,"Arjawinangun, Cirebon",2026-09-25,32.09.24.2004,Arjawinangun,kecamatan,no,-6.6453,108.4103,Asia/Jakarta,"BMKG point: Arjawinangun, Kecamatan Arjawinangun",25-09-2026,METEOFRANCE,Open-Meteo / Meteo-France,22:00,2026-09-25 22:00:00,28.5,77.0,0.0,9.4,0.0,1.5385,Cerah Berawan,wmo:1
arjawinangun,"Arjawinangun, Cirebon",2026-09-25,32.09.24.2004,Arjawinangun,kecamatan,no,-6.6453,108.4103,Asia/Jakarta,"BMKG point: Arjawinangun, Kecamatan Arjawinangun",25-09-2026,METEOFRANCE,Open-Meteo / Meteo-France,23:00,2026-09-25 23:00:00,28.4,78.0,0.0,8.6,0.0,1.5385,Cerah Berawan,wmo:1
arjawinangun,"Arjawinangun, Cirebon",2026-09-25,32.09.24.2004,Arjawinangun,kecamatan,no,-6.6453,108.4103,Asia/Jakarta,"BMKG point: Arjawinangun, Kecamatan Arjawinangun",25-09-2026,METNO,MET Norway,00:00,2026-09-25 00:00:00,27.3,72.7,0.0,10.08,0.0,1.3613,Cerah Berawan,fair_night
arjawinangun,"Arjawinangun, Cirebon",2026-09-25,32.09.24.2004,Arjawinangun,kecamatan,no,-6.6453,108.4103,Asia/Jakarta,"BMKG point: Arjawinangun, Kecamatan Arjawinangun",25-09-2026,METNO,MET Norway,01:00,2026-09-25 01:00:00,26.9,71.9,0.0,7.2,0.0,1.3613,Cerah,clearsky_night
arjawinangun,"Arjawinangun, Cirebon",2026-09-25,32.09.24.2004,Arjawinangun,kecamatan,no,-6.6453,108.4103,Asia/Jakarta,"BMKG point: Arjawinangun, Kecamatan Arjawinangun",25-09-2026,METNO,MET Norway,02:00,2026-09-25 02:00:00,26.5,70.8,0.0,9.36,0.0,1.3613,Cerah,clearsky_night
arjawinangun,"Arjawinangun, Cirebon",2026-09-25,32.09.24.2004,Arjawinangun,kecamatan,no,-6.6453,108.4103,Asia/Jakarta,"BMKG point: Arjawinangun, Kecamatan Arjawinangun",25-09-2026,METNO,MET Norway,03:00,2026-09-25 03:00:00,26.3,70.7,0.0,10.44,0.0,1.3613,Cerah,clearsky_night
arjawinangun,"Arjawinangun, Cirebon",2026-09-25,32.09.24.2004,Arjawinangun,kecamatan,no,-6.6453,108.4103,Asia/Jakarta,"BMKG point: Arjawinangun, Kecamatan Arjawinangun",25-09-2026,METNO,MET Norway,04:00,2026-09-25 04:00:00,25.9,72.0,0.0,10.44,0.0,1.3613,Cerah,clearsky_night
arjawinangun,"Arjawinangun, Cirebon",2026-09-25,32.09.24.2004,Arjawinangun,kecamatan,no,-6.6453,108.4103,Asia/Jakarta,"BMKG point: Arjawinangun, Kecamatan Arjawinangun",25-09-2026,METNO,MET Norway,05:00,2026-09-25 05:00:00,25.6,73.9,0.0,10.8,0.0,1.3613,Cerah Berawan,partlycloudy_night
arjawinangun,"Arjawinangun, Cirebon",2026-09-25,32.09.24.2004,Arjawinangun,kecamatan,no,-6.6453,108.4103,Asia/Jakarta,"BMKG point: Arjawinangun, Kecamatan Arjawinangun",25-09-2026,METNO,MET Norway,06:00,2026-09-25 06:00:00,25.5,73.1,0.0,11.52,0.0,1.3613,Cerah Berawan,partlycloudy_day
arjawinangun,"Arjawinangun, Cirebon",2026-09-25,32.09.24.2004,Arjawinangun,kecamatan,no,-6.6453,108.4103,Asia/Jakarta,"BMKG point: Arjawinangun, Kecamatan Arjawinangun",25-09-2026,METNO,MET Norway,07:00,2026-09-25 07:00:00,27.2,64.3,0.0,13.32,0.0,1.3613,Cerah Berawan,partlycloudy_day
arjawinangun,"Arjawinangun, Cirebon",2026-09-25,32.09.24.2004,Arjawinangun,kecamatan,no,-6.6453,108.4103,Asia/Jakarta,"BMKG point: Arjawinangun, Kecamatan Arjawinangun",25-09-2026,METNO,MET Norway,08:00,2026-09-25 08:00:00,30.1,54.0,0.0,14.04,0.0,1.3613,Cerah Berawan,partlycloudy_day
arjawinangun,"Arjawinangun, Cirebon",2026-09-25,32.09.24.2004,Arjawinangun,kecamatan,no,-6.6453,108.4103,Asia/Jakarta,"BMKG point: Arjawinangun, Kecamatan Arjawinangun",25-09-2026,METNO,MET Norway,09:00,2026-09-25 09:00:00,32.5,45.5,0.0,15.12,0.0,1.3613,Cerah Berawan,partlycloudy_day
arjawinangun,"Arjawinangun, Cirebon",2026-09-25,32.09.24.2004,Arjawinangun,kecamatan,no,-6.6453,108.4103,Asia/Jakarta,"BMKG point: Arjawinangun, Kecamatan Arjawinangun",25-09-2026,METNO,MET Norway,10:00,2026-09-25 10:00:00,33.7,39.4,0.0,18.36,0.0,1.3613,Cerah Berawan,partlycloudy_day
arjawinangun,"Arjawinangun, Cirebon",2026-09-25,32.09.24.2004,Arjawinangun,kecamatan,no,-6.6453,108.4103,Asia/Jakarta,"BMKG point: Arjawinangun, Kecamatan Arjawinangun",25-09-2026,METNO,MET Norway,11:00,2026-09-25 11:00:00,34.2,35.1,0.0,22.68,0.0,1.3613,Cerah Berawan,partlycloudy_day
arjawinangun,"Arjawinangun, Cirebon",2026-09-25,32.09.24.2004,Arjawinangun,kecamatan,no,-6.6453,108.4103,Asia/Jakarta,"BMKG point: Arjawinangun, Kecamatan Arjawinangun",25-09-2026,METNO,MET Norway,12:00,2026-09-25 12:00:00,34.3,33.0,0.0,25.2,0.0,1.3613,Cerah Berawan,partlycloudy_day
arjawinangun,"Arjawinangun, Cirebon",2026-09-25,32.09.24.2004,Arjawinangun,kecamatan,no,-6.6453,108.4103,Asia/Jakarta,"BMKG point: Arjawinangun, Kecamatan Arjawinangun",25-09-2026,METNO,MET Norway,13:00,2026-09-25 13:00:00,34.5,35.7,0.0,25.92,0.0,1.3613,Cerah Berawan,partlycloudy_day
arjawinangun,"Arjawinangun, Cirebon",2026-09-25,32.09.24.2004,Arjawinangun,kecamatan,no,-6.6453,108.4103,Asia/Jakarta,"BMKG point: Arjawinangun, Kecamatan Arjawinangun",25-09-2026,METNO,MET Norway,14:00,2026-09-25 14:00:00,34.3,34.8,0.0,24.48,0.0,1.3613,Cerah Berawan,partlycloudy_day
arjawinangun,"Arjawinangun, Cirebon",2026-09-25,32.09.24.2004,Arjawinangun,kecamatan,no,-6.6453,108.4103,Asia/Jakarta,"BMKG point: Arjawinangun, Kecamatan Arjawinangun",25-09-2026,METNO,MET Norway,15:00,2026-09-25 15:00:00,33.3,37.5,0.0,23.76,0.0,1.3613,Cerah,clearsky_day
arjawinangun,"Arjawinangun, Cirebon",2026-09-25,32.09.24.2004,Arjawinangun,kecamatan,no,-6.6453,108.4103,Asia/Jakarta,"BMKG point: Arjawinangun, Kecamatan Arjawinangun",25-09-2026,METNO,MET Norway,16:00,2026-09-25 16:00:00,31.8,47.3,0.0,23.04,0.0,1.3613,Cerah Berawan,fair_day
arjawinangun,"Arjawinangun, Cirebon",2026-09-25,32.09.24.2004,Arjawinangun,kecamatan,no,-6.6453,108.4103,Asia/Jakarta,"BMKG point: Arjawinangun, Kecamatan Arjawinangun",25-09-2026,METNO,MET Norway,17:00,2026-09-25 17:00:00,30.2,56.8,0.0,19.8,0.0,1.3613,Cerah,clearsky_day
arjawinangun,"Arjawinangun, Cirebon",2026-09-25,32.09.24.2004,Arjawinangun,kecamatan,no,-6.6453,108.4103,Asia/Jakarta,"BMKG point: Arjawinangun, Kecamatan Arjawinangun",25-09-2026,METNO,MET Norway,18:00,2026-09-25 18:00:00,29.0,63.3,0.0,17.28,0.0,1.3613,Cerah,clearsky_night
arjawinangun,"Arjawinangun, Cirebon",2026-09-25,32.09.24.2004,Arjawinangun,kecamatan,no,-6.6453,108.4103,Asia/Jakarta,"BMKG point: Arjawinangun, Kecamatan Arjawinangun",25-09-2026,METNO,MET Norway,19:00,2026-09-25 19:00:00,28.4,69.2,0.0,15.84,0.0,1.3613,Cerah,clearsky_night
arjawinangun,"Arjawinangun, Cirebon",2026-09-25,32.09.24.2004,Arjawinangun,kecamatan,no,-6.6453,108.4103,Asia/Jakarta,"BMKG point: Arjawinangun, Kecamatan Arjawinangun",25-09-2026,METNO,MET Norway,20:00,2026-09-25 20:00:00,28.4,72.8,0.0,12.96,0.0,1.3613,Cerah Berawan,partlycloudy_night
arjawinangun,"Arjawinangun, Cirebon",2026-09-25,32.09.24.2004,Arjawinangun,kecamatan,no,-6.6453,108.4103,Asia/Jakarta,"BMKG point: Arjawinangun, Kecamatan Arjawinangun",25-09-2026,METNO,MET Norway,21:00,2026-09-25 21:00:00,28.4,72.7,0.0,13.68,0.0,1.3613,Cerah Berawan,fair_night
arjawinangun,"Arjawinangun, Cirebon",2026-09-25,32.09.24.2004,Arjawinangun,kecamatan,no,-6.6453,108.4103,Asia/Jakarta,"BMKG point: Arjawinangun, Kecamatan Arjawinangun",25-09-2026,METNO,MET Norway,22:00,2026-09-25 22:00:00,28.3,72.3,0.0,15.12,0.0,1.3613,Cerah,clearsky_night
arjawinangun,"Arjawinangun, Cirebon",2026-09-25,32.09.24.2004,Arjawinangun,kecamatan,no,-6.6453,108.4103,Asia/Jakarta,"BMKG point: Arjawinangun, Kecamatan Arjawinangun",25-09-2026,METNO,MET Norway,23:00,2026-09-25 23:00:00,27.9,73.0,0.0,11.88,0.0,1.3613,Cerah,clearsky_night
arjawinangun,"Arjawinangun, Cirebon",2026-09-25,32.09.24.2004,Arjawinangun,kecamatan,no,-6.6453,108.4103,Asia/Jakarta,"BMKG point: Arjawinangun, Kecamatan Arjawinangun",25-09-2026,UKMO,Open-Meteo / UK Met Office,00:00,2026-09-25 00:00:00,26.7,81.0,0.0,5.4,0.0,1.3215,Cerah Berawan,wmo:1
arjawinangun,"Arjawinangun, Cirebon",2026-09-25,32.09.24.2004,Arjawinangun,kecamatan,no,-6.6453,108.4103,Asia/Jakarta,"BMKG point: Arjawinangun, Kecamatan Arjawinangun",25-09-2026,UKMO,Open-Meteo / UK Met Office,01:00,2026-09-25 01:00:00,26.4,81.0,0.0,5.4,0.0,1.3215,Cerah,wmo:0
arjawinangun,"Arjawinangun, Cirebon",2026-09-25,32.09.24.2004,Arjawinangun,kecamatan,no,-6.6453,108.4103,Asia/Jakarta,"BMKG point: Arjawinangun, Kecamatan Arjawinangun",25-09-2026,UKMO,Open-Meteo / UK Met Office,02:00,2026-09-25 02:00:00,25.9,84.0,0.0,4.3,0.0,1.3215,Cerah,wmo:0
arjawinangun,"Arjawinangun, Cirebon",2026-09-25,32.09.24.2004,Arjawinangun,kecamatan,no,-6.6453,108.4103,Asia/Jakarta,"BMKG point: Arjawinangun, Kecamatan Arjawinangun",25-09-2026,UKMO,Open-Meteo / UK Met Office,03:00,2026-09-25 03:00:00,25.4,88.0,0.0,3.2,0.0,1.3215,Cerah Berawan,wmo:1
arjawinangun,"Arjawinangun, Cirebon",2026-09-25,32.09.24.2004,Arjawinangun,kecamatan,no,-6.6453,108.4103,Asia/Jakarta,"BMKG point: Arjawinangun, Kecamatan Arjawinangun",25-09-2026,UKMO,Open-Meteo / UK Met Office,04:00,2026-09-25 04:00:00,25.5,86.0,0.0,3.2,0.0,1.3215,Cerah,wmo:0
arjawinangun,"Arjawinangun, Cirebon",2026-09-25,32.09.24.2004,Arjawinangun,kecamatan,no,-6.6453,108.4103,Asia/Jakarta,"BMKG point: Arjawinangun, Kecamatan Arjawinangun",25-09-2026,UKMO,Open-Meteo / UK Met Office,05:00,2026-09-25 05:00:00,25.2,83.0,0.0,5.4,0.0,1.3215,Cerah,wmo:0
arjawinangun,"Arjawinangun, Cirebon",2026-09-25,32.09.24.2004,Arjawinangun,kecamatan,no,-6.6453,108.4103,Asia/Jakarta,"BMKG point: Arjawinangun, Kecamatan Arjawinangun",25-09-2026,UKMO,Open-Meteo / UK Met Office,06:00,2026-09-25 06:00:00,25.5,80.0,0.0,5.8,0.0,1.3215,Cerah,wmo:0
arjawinangun,"Arjawinangun, Cirebon",2026-09-25,32.09.24.2004,Arjawinangun,kecamatan,no,-6.6453,108.4103,Asia/Jakarta,"BMKG point: Arjawinangun, Kecamatan Arjawinangun",25-09-2026,UKMO,Open-Meteo / UK Met Office,07:00,2026-09-25 07:00:00,26.6,75.0,0.0,5.0,0.0,1.3215,Cerah,wmo:0
arjawinangun,"Arjawinangun, Cirebon",2026-09-25,32.09.24.2004,Arjawinangun,kecamatan,no,-6.6453,108.4103,Asia/Jakarta,"BMKG point: Arjawinangun, Kecamatan Arjawinangun",25-09-2026,UKMO,Open-Meteo / UK Met Office,08:00,2026-09-25 08:00:00,28.5,65.0,0.0,6.5,0.0,1.3215,Cerah,wmo:0
arjawinangun,"Arjawinangun, Cirebon",2026-09-25,32.09.24.2004,Arjawinangun,kecamatan,no,-6.6453,108.4103,Asia/Jakarta,"BMKG point: Arjawinangun, Kecamatan Arjawinangun",25-09-2026,UKMO,Open-Meteo / UK Met Office,09:00,2026-09-25 09:00:00,30.2,55.0,0.0,14.0,0.0,1.3215,Cerah Berawan,wmo:1
arjawinangun,"Arjawinangun, Cirebon",2026-09-25,32.09.24.2004,Arjawinangun,kecamatan,no,-6.6453,108.4103,Asia/Jakarta,"BMKG point: Arjawinangun, Kecamatan Arjawinangun",25-09-2026,UKMO,Open-Meteo / UK Met Office,10:00,2026-09-25 10:00:00,30.8,54.0,0.0,16.6,0.0,1.3215,Cerah,wmo:0
arjawinangun,"Arjawinangun, Cirebon",2026-09-25,32.09.24.2004,Arjawinangun,kecamatan,no,-6.6453,108.4103,Asia/Jakarta,"BMKG point: Arjawinangun, Kecamatan Arjawinangun",25-09-2026,UKMO,Open-Meteo / UK Met Office,11:00,2026-09-25 11:00:00,31.8,50.0,0.0,17.6,0.0,1.3215,Cerah,wmo:0
arjawinangun,"Arjawinangun, Cirebon",2026-09-25,32.09.24.2004,Arjawinangun,kecamatan,no,-6.6453,108.4103,Asia/Jakarta,"BMKG point: Arjawinangun, Kecamatan Arjawinangun",25-09-2026,UKMO,Open-Meteo / UK Met Office,12:00,2026-09-25 12:00:00,32.5,46.0,0.0,19.4,0.0,1.3215,Cerah,wmo:0
arjawinangun,"Arjawinangun, Cirebon",2026-09-25,32.09.24.2004,Arjawinangun,kecamatan,no,-6.6453,108.4103,Asia/Jakarta,"BMKG point: Arjawinangun, Kecamatan Arjawinangun",25-09-2026,UKMO,Open-Meteo / UK Met Office,13:00,2026-09-25 13:00:00,32.8,44.0,0.0,21.2,0.0,1.3215,Cerah,wmo:0
arjawinangun,"Arjawinangun, Cirebon",2026-09-25,32.09.24.2004,Arjawinangun,kecamatan,no,-6.6453,108.4103,Asia/Jakarta,"BMKG point: Arjawinangun, Kecamatan Arjawinangun",25-09-2026,UKMO,Open-Meteo / UK Met Office,14:00,2026-09-25 14:00:00,32.6,46.0,0.0,20.9,0.0,1.3215,Cerah,wmo:0
arjawinangun,"Arjawinangun, Cirebon",2026-09-25,32.09.24.2004,Arjawinangun,kecamatan,no,-6.6453,108.4103,Asia/Jakarta,"BMKG point: Arjawinangun, Kecamatan Arjawinangun",25-09-2026,UKMO,Open-Meteo / UK Met Office,15:00,2026-09-25 15:00:00,32.0,49.0,0.0,20.2,0.0,1.3215,Cerah,wmo:0
arjawinangun,"Arjawinangun, Cirebon",2026-09-25,32.09.24.2004,Arjawinangun,kecamatan,no,-6.6453,108.4103,Asia/Jakarta,"BMKG point: Arjawinangun, Kecamatan Arjawinangun",25-09-2026,UKMO,Open-Meteo / UK Met Office,16:00,2026-09-25 16:00:00,30.9,54.0,0.0,16.9,0.0,1.3215,Cerah,wmo:0
arjawinangun,"Arjawinangun, Cirebon",2026-09-25,32.09.24.2004,Arjawinangun,kecamatan,no,-6.6453,108.4103,Asia/Jakarta,"BMKG point: Arjawinangun, Kecamatan Arjawinangun",25-09-2026,UKMO,Open-Meteo / UK Met Office,17:00,2026-09-25 17:00:00,29.6,63.0,0.0,13.7,0.0,1.3215,Cerah,wmo:0
arjawinangun,"Arjawinangun, Cirebon",2026-09-25,32.09.24.2004,Arjawinangun,kecamatan,no,-6.6453,108.4103,Asia/Jakarta,"BMKG point: Arjawinangun, Kecamatan Arjawinangun",25-09-2026,UKMO,Open-Meteo / UK Met Office,18:00,2026-09-25 18:00:00,28.6,72.0,0.0,12.6,0.0,1.3215,Cerah,wmo:0
arjawinangun,"Arjawinangun, Cirebon",2026-09-25,32.09.24.2004,Arjawinangun,kecamatan,no,-6.6453,108.4103,Asia/Jakarta,"BMKG point: Arjawinangun, Kecamatan Arjawinangun",25-09-2026,UKMO,Open-Meteo / UK Met Office,19:00,2026-09-25 19:00:00,28.5,74.0,0.0,13.0,0.0,1.3215,Cerah,wmo:0
arjawinangun,"Arjawinangun, Cirebon",2026-09-25,32.09.24.2004,Arjawinangun,kecamatan,no,-6.6453,108.4103,Asia/Jakarta,"BMKG point: Arjawinangun, Kecamatan Arjawinangun",25-09-2026,UKMO,Open-Meteo / UK Met Office,20:00,2026-09-25 20:00:00,28.2,76.0,0.0,11.5,0.0,1.3215,Cerah,wmo:0
arjawinangun,"Arjawinangun, Cirebon",2026-09-25,32.09.24.2004,Arjawinangun,kecamatan,no,-6.6453,108.4103,Asia/Jakarta,"BMKG point: Arjawinangun, Kecamatan Arjawinangun",25-09-2026,UKMO,Open-Meteo / UK Met Office,21:00,2026-09-25 21:00:00,28.1,76.0,0.0,9.7,0.0,1.3215,Cerah,wmo:0
arjawinangun,"Arjawinangun, Cirebon",2026-09-25,32.09.24.2004,Arjawinangun,kecamatan,no,-6.6453,108.4103,Asia/Jakarta,"BMKG point: Arjawinangun, Kecamatan Arjawinangun",25-09-2026,UKMO,Open-Meteo / UK Met Office,22:00,2026-09-25 22:00:00,27.9,76.0,0.0,8.3,0.0,1.3215,Cerah,wmo:0
arjawinangun,"Arjawinangun, Cirebon",2026-09-25,32.09.24.2004,Arjawinangun,kecamatan,no,-6.6453,108.4103,Asia/Jakarta,"BMKG point: Arjawinangun, Kecamatan Arjawinangun",25-09-2026,UKMO,Open-Meteo / UK Met Office,23:00,2026-09-25 23:00:00,27.3,78.0,0.0,6.8,0.0,1.3215,Cerah,wmo:0
