location_slug,location_name,target_date,adm4,bmkg_point_name,area_level,is_proxy_bmkg,latitude,longitude,timezone,location_note,tanggal,source_id,provider,target_jam,source_datetime,suhu_C,RH_%,rain_mm,wind_kmh,gap_minutes,point_weight,kategori,raw_condition
dago,"Dago, Bandung",2026-09-22,32.73.02.1004,Dago,kelurahan,no,-6.889,107.61,Asia/Jakarta,"BMKG point: Dago, Coblong, Kota Bandung",22-09-2026,BMKG,BMKG,07:00,2026-09-22 10:00:00,29.0,42.0,0.0,4.3,180.0,0.7665,Cerah Berawan,Cerah Berawan
dago,"Dago, Bandung",2026-09-22,32.73.02.1004,Dago,kelurahan,no,-6.889,107.61,Asia/Jakarta,"BMKG point: Dago, Coblong, Kota Bandung",22-09-2026,BMKG,BMKG,08:00,2026-09-22 10:00:00,29.0,42.0,0.0,4.3,120.0,0.7665,Cerah Berawan,Cerah Berawan
dago,"Dago, Bandung",2026-09-22,32.73.02.1004,Dago,kelurahan,no,-6.889,107.61,Asia/Jakarta,"BMKG point: Dago, Coblong, Kota Bandung",22-09-2026,BMKG,BMKG,09:00,2026-09-22 10:00:00,29.0,42.0,0.0,4.3,60.0,1.0452,Cerah Berawan,Cerah Berawan
dago,"Dago, Bandung",2026-09-22,32.73.02.1004,Dago,kelurahan,no,-6.889,107.61,Asia/Jakarta,"BMKG point: Dago, Coblong, Kota Bandung",22-09-2026,BMKG,BMKG,10:00,2026-09-22 10:00:00,29.0,42.0,0.0,4.3,0.0,1.3936,Cerah Berawan,Cerah Berawan
dago,"Dago, Bandung",2026-09-22,32.73.02.1004,Dago,kelurahan,no,-6.889,107.61,Asia/Jakarta,"BMKG point: Dago, Coblong, Kota Bandung",22-09-2026,BMKG,BMKG,11:00,2026-09-22 10:00:00,29.0,42.0,0.0,4.3,60.0,1.0452,Cerah Berawan,Cerah Berawan
dago,"Dago, Bandung",2026-09-22,32.73.02.1004,Dago,kelurahan,no,-6.889,107.61,Asia/Jakarta,"BMKG point: Dago, Coblong, Kota Bandung",22-09-2026,BMKG,BMKG,12:00,2026-09-22 13:00:00,28.0,51.0,1.5,5.3,60.0,1.0452,Hujan Ringan,Hujan Ringan
dago,"Dago, Bandung",2026-09-22,32.73.02.1004,Dago,kelurahan,no,-6.889,107.61,Asia/Jakarta,"BMKG point: Dago, Coblong, Kota Bandung",22-09-2026,BMKG,BMKG,13:00,2026-09-22 13:00:00,28.0,51.0,1.5,5.3,0.0,1.3936,Hujan Ringan,Hujan Ringan
dago,"Dago, Bandung",2026-09-22,32.73.02.1004,Dago,kelurahan,no,-6.889,107.61,Asia/Jakarta,"BMKG point: Dago, Coblong, Kota Bandung",22-09-2026,BMKG,BMKG,14:00,2026-09-22 13:00:00,28.0,51.0,1.5,5.3,60.0,1.0452,Hujan Ringan,Hujan Ringan
dago,"Dago, Bandung",2026-09-22,32.73.02.1004,Dago,kelurahan,no,-6.889,107.61,Asia/Jakarta,"BMKG point: Dago, Coblong, Kota Bandung",22-09-2026,BMKG,BMKG,15:00,2026-09-22 16:00:00,24.0,70.0,1.5,5.5,60.0,1.0452,Hujan Ringan,Hujan Ringan
dago,"Dago, Bandung",2026-09-22,32.73.02.1004,Dago,kelurahan,no,-6.889,107.61,Asia/Jakarta,"BMKG point: Dago, Coblong, Kota Bandung",22-09-2026,BMKG,BMKG,16:00,2026-09-22 16:00:00,24.0,70.0,1.5,5.5,0.0,1.3936,Hujan Ringan,Hujan Ringan
dago,"Dago, Bandung",2026-09-22,32.73.02.1004,Dago,kelurahan,no,-6.889,107.61,Asia/Jakarta,"BMKG point: Dago, Coblong, Kota Bandung",22-09-2026,BMKG,BMKG,17:00,2026-09-22 16:00:00,24.0,70.0,1.5,5.5,60.0,1.0452,Hujan Ringan,Hujan Ringan
dago,"Dago, Bandung",2026-09-22,32.73.02.1004,Dago,kelurahan,no,-6.889,107.61,Asia/Jakarta,"BMKG point: Dago, Coblong, Kota Bandung",22-09-2026,BMKG,BMKG,18:00,2026-09-22 19:00:00,23.0,83.0,0.0,2.4,60.0,1.0452,Cerah,Cerah
dago,"Dago, Bandung",2026-09-22,32.73.02.1004,Dago,kelurahan,no,-6.889,107.61,Asia/Jakarta,"BMKG point: Dago, Coblong, Kota Bandung",22-09-2026,BMKG,BMKG,19:00,2026-09-22 19:00:00,23.0,83.0,0.0,2.4,0.0,1.3936,Cerah,Cerah
dago,"Dago, Bandung",2026-09-22,32.73.02.1004,Dago,kelurahan,no,-6.889,107.61,Asia/Jakarta,"BMKG point: Dago, Coblong, Kota Bandung",22-09-2026,BMKG,BMKG,20:00,2026-09-22 19:00:00,23.0,83.0,0.0,2.4,60.0,1.0452,Cerah,Cerah
dago,"Dago, Bandung",2026-09-22,32.73.02.1004,Dago,kelurahan,no,-6.889,107.61,Asia/Jakarta,"BMKG point: Dago, Coblong, Kota Bandung",22-09-2026,BMKG,BMKG,21:00,2026-09-22 22:00:00,21.0,90.0,0.0,3.5,60.0,1.0452,Cerah,Cerah
dago,"Dago, Bandung",2026-09-22,32.73.02.1004,Dago,kelurahan,no,-6.889,107.61,Asia/Jakarta,"BMKG point: Dago, Coblong, Kota Bandung",22-09-2026,BMKG,BMKG,22:00,2026-09-22 22:00:00,21.0,90.0,0.0,3.5,0.0,1.3936,Cerah,Cerah
dago,"Dago, Bandung",2026-09-22,32.73.02.1004,Dago,kelurahan,no,-6.889,107.61,Asia/Jakarta,"BMKG point: Dago, Coblong, Kota Bandung",22-09-2026,BMKG,BMKG,23:00,2026-09-22 22:00:00,21.0,90.0,0.0,3.5,60.0,1.0452,Cerah,Cerah
dago,"Dago, Bandung",2026-09-22,32.73.02.1004,Dago,kelurahan,no,-6.889,107.61,Asia/Jakarta,"BMKG point: Dago, Coblong, Kota Bandung",22-09-2026,CMA,Open-Meteo / CMA GRAPES,00:00,2026-09-22 00:00:00,22.5,92.0,0.0,1.8,0.0,1.1255,Cerah,wmo:0
dago,"Dago, Bandung",2026-09-22,32.73.02.1004,Dago,kelurahan,no,-6.889,107.61,Asia/Jakarta,"BMKG point: Dago, Coblong, Kota Bandung",22-09-2026,CMA,Open-Meteo / CMA GRAPES,01:00,2026-09-22 01:00:00,22.6,90.0,0.0,1.8,0.0,1.1255,Cerah,wmo:0
dago,"Dago, Bandung",2026-09-22,32.73.02.1004,Dago,kelurahan,no,-6.889,107.61,Asia/Jakarta,"BMKG point: Dago, Coblong, Kota Bandung",22-09-2026,CMA,Open-Meteo / CMA GRAPES,02:00,2026-09-22 02:00:00,22.5,90.0,0.1,1.6,0.0,1.1255,Hujan Ringan,wmo:51
dago,"Dago, Bandung",2026-09-22,32.73.02.1004,Dago,kelurahan,no,-6.889,107.61,Asia/Jakarta,"BMKG point: Dago, Coblong, Kota Bandung",22-09-2026,CMA,Open-Meteo / CMA GRAPES,03:00,2026-09-22 03:00:00,22.2,90.0,0.1,1.9,0.0,1.1255,Hujan Ringan,wmo:51
dago,"Dago, Bandung",2026-09-22,32.73.02.1004,Dago,kelurahan,no,-6.889,107.61,Asia/Jakarta,"BMKG point: Dago, Coblong, Kota Bandung",22-09-2026,CMA,Open-Meteo / CMA GRAPES,04:00,2026-09-22 04:00:00,22.1,87.0,0.1,2.6,0.0,1.1255,Hujan Ringan,wmo:51
dago,"Dago, Bandung",2026-09-22,32.73.02.1004,Dago,kelurahan,no,-6.889,107.61,Asia/Jakarta,"BMKG point: Dago, Coblong, Kota Bandung",22-09-2026,CMA,Open-Meteo / CMA GRAPES,05:00,2026-09-22 05:00:00,22.1,79.0,0.0,3.1,0.0,1.1255,Cerah Berawan,wmo:1
dago,"Dago, Bandung",2026-09-22,32.73.02.1004,Dago,kelurahan,no,-6.889,107.61,Asia/Jakarta,"BMKG point: Dago, Coblong, Kota Bandung",22-09-2026,CMA,Open-Meteo / CMA GRAPES,06:00,2026-09-22 06:00:00,22.2,68.0,0.0,4.4,0.0,1.1255,Cerah,wmo:0
dago,"Dago, Bandung",2026-09-22,32.73.02.1004,Dago,kelurahan,no,-6.889,107.61,Asia/Jakarta,"BMKG point: Dago, Coblong, Kota Bandung",22-09-2026,CMA,Open-Meteo / CMA GRAPES,07:00,2026-09-22 07:00:00,22.7,58.0,0.0,4.4,0.0,1.1255,Cerah,wmo:0
dago,"Dago, Bandung",2026-09-22,32.73.02.1004,Dago,kelurahan,no,-6.889,107.61,Asia/Jakarta,"BMKG point: Dago, Coblong, Kota Bandung",22-09-2026,CMA,Open-Meteo / CMA GRAPES,08:00,2026-09-22 08:00:00,23.7,52.0,0.0,3.4,0.0,1.1255,Cerah,wmo:0
dago,"Dago, Bandung",2026-09-22,32.73.02.1004,Dago,kelurahan,no,-6.889,107.61,Asia/Jakarta,"BMKG point: Dago, Coblong, Kota Bandung",22-09-2026,CMA,Open-Meteo / CMA GRAPES,09:00,2026-09-22 09:00:00,25.1,48.0,0.0,5.2,0.0,1.1255,Cerah,wmo:0
dago,"Dago, Bandung",2026-09-22,32.73.02.1004,Dago,kelurahan,no,-6.889,107.61,Asia/Jakarta,"BMKG point: Dago, Coblong, Kota Bandung",22-09-2026,CMA,Open-Meteo / CMA GRAPES,10:00,2026-09-22 10:00:00,26.3,44.0,0.0,8.0,0.0,1.1255,Cerah,wmo:0
dago,"Dago, Bandung",2026-09-22,32.73.02.1004,Dago,kelurahan,no,-6.889,107.61,Asia/Jakarta,"BMKG point: Dago, Coblong, Kota Bandung",22-09-2026,CMA,Open-Meteo / CMA GRAPES,11:00,2026-09-22 11:00:00,27.4,41.0,0.0,9.3,0.0,1.1255,Cerah,wmo:0
dago,"Dago, Bandung",2026-09-22,32.73.02.1004,Dago,kelurahan,no,-6.889,107.61,Asia/Jakarta,"BMKG point: Dago, Coblong, Kota Bandung",22-09-2026,CMA,Open-Meteo / CMA GRAPES,12:00,2026-09-22 12:00:00,28.4,38.0,0.0,10.4,0.0,1.1255,Cerah,wmo:0
dago,"Dago, Bandung",2026-09-22,32.73.02.1004,Dago,kelurahan,no,-6.889,107.61,Asia/Jakarta,"BMKG point: Dago, Coblong, Kota Bandung",22-09-2026,CMA,Open-Meteo / CMA GRAPES,13:00,2026-09-22 13:00:00,29.0,37.0,0.0,11.4,0.0,1.1255,Cerah,wmo:0
dago,"Dago, Bandung",2026-09-22,32.73.02.1004,Dago,kelurahan,no,-6.889,107.61,Asia/Jakarta,"BMKG point: Dago, Coblong, Kota Bandung",22-09-2026,CMA,Open-Meteo / CMA GRAPES,14:00,2026-09-22 14:00:00,29.0,38.0,0.0,13.3,0.0,1.1255,Cerah,wmo:0
dago,"Dago, Bandung",2026-09-22,32.73.02.1004,Dago,kelurahan,no,-6.889,107.61,Asia/Jakarta,"BMKG point: Dago, Coblong, Kota Bandung",22-09-2026,CMA,Open-Meteo / CMA GRAPES,15:00,2026-09-22 15:00:00,28.6,42.0,0.0,16.0,0.0,1.1255,Cerah,wmo:0
dago,"Dago, Bandung",2026-09-22,32.73.02.1004,Dago,kelurahan,no,-6.889,107.61,Asia/Jakarta,"BMKG point: Dago, Coblong, Kota Bandung",22-09-2026,CMA,Open-Meteo / CMA GRAPES,16:00,2026-09-22 16:00:00,27.9,46.0,0.0,17.1,0.0,1.1255,Cerah,wmo:0
dago,"Dago, Bandung",2026-09-22,32.73.02.1004,Dago,kelurahan,no,-6.889,107.61,Asia/Jakarta,"BMKG point: Dago, Coblong, Kota Bandung",22-09-2026,CMA,Open-Meteo / CMA GRAPES,17:00,2026-09-22 17:00:00,26.7,52.0,0.0,15.8,0.0,1.1255,Cerah,wmo:0
dago,"Dago, Bandung",2026-09-22,32.73.02.1004,Dago,kelurahan,no,-6.889,107.61,Asia/Jakarta,"BMKG point: Dago, Coblong, Kota Bandung",22-09-2026,CMA,Open-Meteo / CMA GRAPES,18:00,2026-09-22 18:00:00,25.3,60.0,0.0,13.1,0.0,1.1255,Cerah,wmo:0
dago,"Dago, Bandung",2026-09-22,32.73.02.1004,Dago,kelurahan,no,-6.889,107.61,Asia/Jakarta,"BMKG point: Dago, Coblong, Kota Bandung",22-09-2026,CMA,Open-Meteo / CMA GRAPES,19:00,2026-09-22 19:00:00,24.1,67.0,0.0,10.7,0.0,1.1255,Cerah,wmo:0
dago,"Dago, Bandung",2026-09-22,32.73.02.1004,Dago,kelurahan,no,-6.889,107.61,Asia/Jakarta,"BMKG point: Dago, Coblong, Kota Bandung",22-09-2026,CMA,Open-Meteo / CMA GRAPES,20:00,2026-09-22 20:00:00,23.3,74.0,0.0,8.4,0.0,1.1255,Cerah,wmo:0
dago,"Dago, Bandung",2026-09-22,32.73.02.1004,Dago,kelurahan,no,-6.889,107.61,Asia/Jakarta,"BMKG point: Dago, Coblong, Kota Bandung",22-09-2026,CMA,Open-Meteo / CMA GRAPES,21:00,2026-09-22 21:00:00,22.8,82.0,0.0,6.8,0.0,1.1255,Cerah,wmo:0
dago,"Dago, Bandung",2026-09-22,32.73.02.1004,Dago,kelurahan,no,-6.889,107.61,Asia/Jakarta,"BMKG point: Dago, Coblong, Kota Bandung",22-09-2026,CMA,Open-Meteo / CMA GRAPES,22:00,2026-09-22 22:00:00,22.4,87.0,0.0,6.6,0.0,1.1255,Cerah,wmo:0
dago,"Dago, Bandung",2026-09-22,32.73.02.1004,Dago,kelurahan,no,-6.889,107.61,Asia/Jakarta,"BMKG point: Dago, Coblong, Kota Bandung",22-09-2026,CMA,Open-Meteo / CMA GRAPES,23:00,2026-09-22 23:00:00,22.1,89.0,0.0,6.1,0.0,1.1255,Cerah,wmo:0
dago,"Dago, Bandung",2026-09-22,32.73.02.1004,Dago,kelurahan,no,-6.889,107.61,Asia/Jakarta,"BMKG point: Dago, Coblong, Kota Bandung",22-09-2026,ECMWF,Open-Meteo / ECMWF,00:00,2026-09-22 00:00:00,20.8,84.0,0.0,2.3,0.0,1.6933,Cerah Berawan,wmo:2
dago,"Dago, Bandung",2026-09-22,32.73.02.1004,Dago,kelurahan,no,-6.889,107.61,Asia/Jakarta,"BMKG point: Dago, Coblong, Kota Bandung",22-09-2026,ECMWF,Open-Meteo / ECMWF,01:00,2026-09-22 01:00:00,20.0,86.0,0.0,0.8,0.0,1.6933,Berawan,wmo:3
dago,"Dago, Bandung",2026-09-22,32.73.02.1004,Dago,kelurahan,no,-6.889,107.61,Asia/Jakarta,"BMKG point: Dago, Coblong, Kota Bandung",22-09-2026,ECMWF,Open-Meteo / ECMWF,02:00,2026-09-22 02:00:00,19.2,87.0,0.0,0.8,0.0,1.6933,Berawan,wmo:3
dago,"Dago, Bandung",2026-09-22,32.73.02.1004,Dago,kelurahan,no,-6.889,107.61,Asia/Jakarta,"BMKG point: Dago, Coblong, Kota Bandung",22-09-2026,ECMWF,Open-Meteo / ECMWF,03:00,2026-09-22 03:00:00,18.5,87.0,0.0,1.5,0.0,1.6933,Berawan,wmo:3
dago,"Dago, Bandung",2026-09-22,32.73.02.1004,Dago,kelurahan,no,-6.889,107.61,Asia/Jakarta,"BMKG point: Dago, Coblong, Kota Bandung",22-09-2026,ECMWF,Open-Meteo / ECMWF,04:00,2026-09-22 04:00:00,18.4,85.0,0.0,2.2,0.0,1.6933,Berawan,wmo:3
dago,"Dago, Bandung",2026-09-22,32.73.02.1004,Dago,kelurahan,no,-6.889,107.61,Asia/Jakarta,"BMKG point: Dago, Coblong, Kota Bandung",22-09-2026,ECMWF,Open-Meteo / ECMWF,05:00,2026-09-22 05:00:00,19.1,79.0,0.0,2.5,0.0,1.6933,Berawan,wmo:3
dago,"Dago, Bandung",2026-09-22,32.73.02.1004,Dago,kelurahan,no,-6.889,107.61,Asia/Jakarta,"BMKG point: Dago, Coblong, Kota Bandung",22-09-2026,ECMWF,Open-Meteo / ECMWF,06:00,2026-09-22 06:00:00,20.4,71.0,0.0,3.1,0.0,1.6933,Berawan,wmo:3
dago,"Dago, Bandung",2026-09-22,32.73.02.1004,Dago,kelurahan,no,-6.889,107.61,Asia/Jakarta,"BMKG point: Dago, Coblong, Kota Bandung",22-09-2026,ECMWF,Open-Meteo / ECMWF,07:00,2026-09-22 07:00:00,22.1,62.0,0.0,3.3,0.0,1.6933,Cerah Berawan,wmo:2
dago,"Dago, Bandung",2026-09-22,32.73.02.1004,Dago,kelurahan,no,-6.889,107.61,Asia/Jakarta,"BMKG point: Dago, Coblong, Kota Bandung",22-09-2026,ECMWF,Open-Meteo / ECMWF,08:00,2026-09-22 08:00:00,24.6,53.0,0.0,3.3,0.0,1.6933,Cerah Berawan,wmo:2
dago,"Dago, Bandung",2026-09-22,32.73.02.1004,Dago,kelurahan,no,-6.889,107.61,Asia/Jakarta,"BMKG point: Dago, Coblong, Kota Bandung",22-09-2026,ECMWF,Open-Meteo / ECMWF,09:00,2026-09-22 09:00:00,27.4,43.0,0.0,5.0,0.0,1.6933,Cerah Berawan,wmo:2
dago,"Dago, Bandung",2026-09-22,32.73.02.1004,Dago,kelurahan,no,-6.889,107.61,Asia/Jakarta,"BMKG point: Dago, Coblong, Kota Bandung",22-09-2026,ECMWF,Open-Meteo / ECMWF,10:00,2026-09-22 10:00:00,29.6,36.0,0.0,5.9,0.0,1.6933,Cerah Berawan,wmo:2
dago,"Dago, Bandung",2026-09-22,32.73.02.1004,Dago,kelurahan,no,-6.889,107.61,Asia/Jakarta,"BMKG point: Dago, Coblong, Kota Bandung",22-09-2026,ECMWF,Open-Meteo / ECMWF,11:00,2026-09-22 11:00:00,30.6,34.0,0.0,6.6,0.0,1.6933,Cerah Berawan,wmo:2
dago,"Dago, Bandung",2026-09-22,32.73.02.1004,Dago,kelurahan,no,-6.889,107.61,Asia/Jakarta,"BMKG point: Dago, Coblong, Kota Bandung",22-09-2026,ECMWF,Open-Meteo / ECMWF,12:00,2026-09-22 12:00:00,31.0,36.0,0.0,9.2,0.0,1.6933,Berawan,wmo:3
dago,"Dago, Bandung",2026-09-22,32.73.02.1004,Dago,kelurahan,no,-6.889,107.61,Asia/Jakarta,"BMKG point: Dago, Coblong, Kota Bandung",22-09-2026,ECMWF,Open-Meteo / ECMWF,13:00,2026-09-22 13:00:00,30.9,38.0,0.0,11.4,0.0,1.6933,Berawan,wmo:3
dago,"Dago, Bandung",2026-09-22,32.73.02.1004,Dago,kelurahan,no,-6.889,107.61,Asia/Jakarta,"BMKG point: Dago, Coblong, Kota Bandung",22-09-2026,ECMWF,Open-Meteo / ECMWF,14:00,2026-09-22 14:00:00,30.4,40.0,0.5,10.2,0.0,1.6933,Hujan Ringan,wmo:53
dago,"Dago, Bandung",2026-09-22,32.73.02.1004,Dago,kelurahan,no,-6.889,107.61,Asia/Jakarta,"BMKG point: Dago, Coblong, Kota Bandung",22-09-2026,ECMWF,Open-Meteo / ECMWF,15:00,2026-09-22 15:00:00,29.5,43.0,0.5,7.8,0.0,1.6933,Hujan Ringan,wmo:53
dago,"Dago, Bandung",2026-09-22,32.73.02.1004,Dago,kelurahan,no,-6.889,107.61,Asia/Jakarta,"BMKG point: Dago, Coblong, Kota Bandung",22-09-2026,ECMWF,Open-Meteo / ECMWF,16:00,2026-09-22 16:00:00,28.3,48.0,0.5,6.8,0.0,1.6933,Hujan Ringan,wmo:53
dago,"Dago, Bandung",2026-09-22,32.73.02.1004,Dago,kelurahan,no,-6.889,107.61,Asia/Jakarta,"BMKG point: Dago, Coblong, Kota Bandung",22-09-2026,ECMWF,Open-Meteo / ECMWF,17:00,2026-09-22 17:00:00,26.8,55.0,0.1,6.5,0.0,1.6933,Hujan Ringan,wmo:51
dago,"Dago, Bandung",2026-09-22,32.73.02.1004,Dago,kelurahan,no,-6.889,107.61,Asia/Jakarta,"BMKG point: Dago, Coblong, Kota Bandung",22-09-2026,ECMWF,Open-Meteo / ECMWF,18:00,2026-09-22 18:00:00,25.1,64.0,0.1,5.8,0.0,1.6933,Hujan Ringan,wmo:51
dago,"Dago, Bandung",2026-09-22,32.73.02.1004,Dago,kelurahan,no,-6.889,107.61,Asia/Jakarta,"BMKG point: Dago, Coblong, Kota Bandung",22-09-2026,ECMWF,Open-Meteo / ECMWF,19:00,2026-09-22 19:00:00,23.7,71.0,0.1,5.1,0.0,1.6933,Hujan Ringan,wmo:51
dago,"Dago, Bandung",2026-09-22,32.73.02.1004,Dago,kelurahan,no,-6.889,107.61,Asia/Jakarta,"BMKG point: Dago, Coblong, Kota Bandung",22-09-2026,ECMWF,Open-Meteo / ECMWF,20:00,2026-09-22 20:00:00,22.8,76.0,0.0,4.9,0.0,1.6933,Cerah Berawan,wmo:1
dago,"Dago, Bandung",2026-09-22,32.73.02.1004,Dago,kelurahan,no,-6.889,107.61,Asia/Jakarta,"BMKG point: Dago, Coblong, Kota Bandung",22-09-2026,ECMWF,Open-Meteo / ECMWF,21:00,2026-09-22 21:00:00,22.1,80.0,0.0,4.8,0.0,1.6933,Cerah Berawan,wmo:1
dago,"Dago, Bandung",2026-09-22,32.73.02.1004,Dago,kelurahan,no,-6.889,107.61,Asia/Jakarta,"BMKG point: Dago, Coblong, Kota Bandung",22-09-2026,ECMWF,Open-Meteo / ECMWF,22:00,2026-09-22 22:00:00,21.5,83.0,0.0,4.7,0.0,1.6933,Cerah Berawan,wmo:1
dago,"Dago, Bandung",2026-09-22,32.73.02.1004,Dago,kelurahan,no,-6.889,107.61,Asia/Jakarta,"BMKG point: Dago, Coblong, Kota Bandung",22-09-2026,ECMWF,Open-Meteo / ECMWF,23:00,2026-09-22 23:00:00,20.8,86.0,0.0,4.1,0.0,1.6933,Cerah Berawan,wmo:2
dago,"Dago, Bandung",2026-09-22,32.73.02.1004,Dago,kelurahan,no,-6.889,107.61,Asia/Jakarta,"BMKG point: Dago, Coblong, Kota Bandung",22-09-2026,GFS,Open-Meteo / NOAA GFS,00:00,2026-09-22 00:00:00,20.5,83.0,0.0,1.9,0.0,1.3809,Cerah Berawan,wmo:2
dago,"Dago, Bandung",2026-09-22,32.73.02.1004,Dago,kelurahan,no,-6.889,107.61,Asia/Jakarta,"BMKG point: Dago, Coblong, Kota Bandung",22-09-2026,GFS,Open-Meteo / NOAA GFS,01:00,2026-09-22 01:00:00,20.0,85.0,0.0,2.4,0.0,1.3809,Berawan,wmo:3
dago,"Dago, Bandung",2026-09-22,32.73.02.1004,Dago,kelurahan,no,-6.889,107.61,Asia/Jakarta,"BMKG point: Dago, Coblong, Kota Bandung",22-09-2026,GFS,Open-Meteo / NOAA GFS,02:00,2026-09-22 02:00:00,19.8,85.0,0.0,4.7,0.0,1.3809,Cerah Berawan,wmo:2
dago,"Dago, Bandung",2026-09-22,32.73.02.1004,Dago,kelurahan,no,-6.889,107.61,Asia/Jakarta,"BMKG point: Dago, Coblong, Kota Bandung",22-09-2026,GFS,Open-Meteo / NOAA GFS,03:00,2026-09-22 03:00:00,19.6,84.0,0.0,5.6,0.0,1.3809,Berawan,wmo:3
dago,"Dago, Bandung",2026-09-22,32.73.02.1004,Dago,kelurahan,no,-6.889,107.61,Asia/Jakarta,"BMKG point: Dago, Coblong, Kota Bandung",22-09-2026,GFS,Open-Meteo / NOAA GFS,04:00,2026-09-22 04:00:00,19.5,83.0,0.0,6.0,0.0,1.3809,Berawan,wmo:3
dago,"Dago, Bandung",2026-09-22,32.73.02.1004,Dago,kelurahan,no,-6.889,107.61,Asia/Jakarta,"BMKG point: Dago, Coblong, Kota Bandung",22-09-2026,GFS,Open-Meteo / NOAA GFS,05:00,2026-09-22 05:00:00,19.3,83.0,0.0,6.0,0.0,1.3809,Berawan,wmo:3
dago,"Dago, Bandung",2026-09-22,32.73.02.1004,Dago,kelurahan,no,-6.889,107.61,Asia/Jakarta,"BMKG point: Dago, Coblong, Kota Bandung",22-09-2026,GFS,Open-Meteo / NOAA GFS,06:00,2026-09-22 06:00:00,19.6,82.0,0.0,6.4,0.0,1.3809,Berawan,wmo:3
dago,"Dago, Bandung",2026-09-22,32.73.02.1004,Dago,kelurahan,no,-6.889,107.61,Asia/Jakarta,"BMKG point: Dago, Coblong, Kota Bandung",22-09-2026,GFS,Open-Meteo / NOAA GFS,07:00,2026-09-22 07:00:00,22.6,69.0,0.0,5.6,0.0,1.3809,Berawan,wmo:3
dago,"Dago, Bandung",2026-09-22,32.73.02.1004,Dago,kelurahan,no,-6.889,107.61,Asia/Jakarta,"BMKG point: Dago, Coblong, Kota Bandung",22-09-2026,GFS,Open-Meteo / NOAA GFS,08:00,2026-09-22 08:00:00,25.6,57.0,0.0,3.6,0.0,1.3809,Berawan,wmo:3
dago,"Dago, Bandung",2026-09-22,32.73.02.1004,Dago,kelurahan,no,-6.889,107.61,Asia/Jakarta,"BMKG point: Dago, Coblong, Kota Bandung",22-09-2026,GFS,Open-Meteo / NOAA GFS,09:00,2026-09-22 09:00:00,28.3,48.0,0.0,1.5,0.0,1.3809,Berawan,wmo:3
dago,"Dago, Bandung",2026-09-22,32.73.02.1004,Dago,kelurahan,no,-6.889,107.61,Asia/Jakarta,"BMKG point: Dago, Coblong, Kota Bandung",22-09-2026,GFS,Open-Meteo / NOAA GFS,10:00,2026-09-22 10:00:00,30.2,43.0,0.0,7.1,0.0,1.3809,Berawan,wmo:3
dago,"Dago, Bandung",2026-09-22,32.73.02.1004,Dago,kelurahan,no,-6.889,107.61,Asia/Jakarta,"BMKG point: Dago, Coblong, Kota Bandung",22-09-2026,GFS,Open-Meteo / NOAA GFS,11:00,2026-09-22 11:00:00,31.8,38.0,0.0,10.9,0.0,1.3809,Berawan,wmo:3
dago,"Dago, Bandung",2026-09-22,32.73.02.1004,Dago,kelurahan,no,-6.889,107.61,Asia/Jakarta,"BMKG point: Dago, Coblong, Kota Bandung",22-09-2026,GFS,Open-Meteo / NOAA GFS,12:00,2026-09-22 12:00:00,32.2,38.0,0.0,15.1,0.0,1.3809,Berawan,wmo:3
dago,"Dago, Bandung",2026-09-22,32.73.02.1004,Dago,kelurahan,no,-6.889,107.61,Asia/Jakarta,"BMKG point: Dago, Coblong, Kota Bandung",22-09-2026,GFS,Open-Meteo / NOAA GFS,13:00,2026-09-22 13:00:00,28.9,47.0,0.0,14.8,0.0,1.3809,Berawan,wmo:3
dago,"Dago, Bandung",2026-09-22,32.73.02.1004,Dago,kelurahan,no,-6.889,107.61,Asia/Jakarta,"BMKG point: Dago, Coblong, Kota Bandung",22-09-2026,GFS,Open-Meteo / NOAA GFS,14:00,2026-09-22 14:00:00,27.3,52.0,0.0,9.8,0.0,1.3809,Berawan,wmo:3
dago,"Dago, Bandung",2026-09-22,32.73.02.1004,Dago,kelurahan,no,-6.889,107.61,Asia/Jakarta,"BMKG point: Dago, Coblong, Kota Bandung",22-09-2026,GFS,Open-Meteo / NOAA GFS,15:00,2026-09-22 15:00:00,26.9,53.0,0.0,11.9,0.0,1.3809,Berawan,wmo:3
dago,"Dago, Bandung",2026-09-22,32.73.02.1004,Dago,kelurahan,no,-6.889,107.61,Asia/Jakarta,"BMKG point: Dago, Coblong, Kota Bandung",22-09-2026,GFS,Open-Meteo / NOAA GFS,16:00,2026-09-22 16:00:00,26.6,53.0,0.0,17.5,0.0,1.3809,Berawan,wmo:3
dago,"Dago, Bandung",2026-09-22,32.73.02.1004,Dago,kelurahan,no,-6.889,107.61,Asia/Jakarta,"BMKG point: Dago, Coblong, Kota Bandung",22-09-2026,GFS,Open-Meteo / NOAA GFS,17:00,2026-09-22 17:00:00,25.2,59.0,0.0,11.2,0.0,1.3809,Berawan,wmo:3
dago,"Dago, Bandung",2026-09-22,32.73.02.1004,Dago,kelurahan,no,-6.889,107.61,Asia/Jakarta,"BMKG point: Dago, Coblong, Kota Bandung",22-09-2026,GFS,Open-Meteo / NOAA GFS,18:00,2026-09-22 18:00:00,24.3,63.0,0.0,5.0,0.0,1.3809,Berawan,wmo:3
dago,"Dago, Bandung",2026-09-22,32.73.02.1004,Dago,kelurahan,no,-6.889,107.61,Asia/Jakarta,"BMKG point: Dago, Coblong, Kota Bandung",22-09-2026,GFS,Open-Meteo / NOAA GFS,19:00,2026-09-22 19:00:00,24.1,64.0,0.0,4.1,0.0,1.3809,Berawan,wmo:3
dago,"Dago, Bandung",2026-09-22,32.73.02.1004,Dago,kelurahan,no,-6.889,107.61,Asia/Jakarta,"BMKG point: Dago, Coblong, Kota Bandung",22-09-2026,GFS,Open-Meteo / NOAA GFS,20:00,2026-09-22 20:00:00,23.5,66.0,0.0,4.9,0.0,1.3809,Berawan,wmo:3
dago,"Dago, Bandung",2026-09-22,32.73.02.1004,Dago,kelurahan,no,-6.889,107.61,Asia/Jakarta,"BMKG point: Dago, Coblong, Kota Bandung",22-09-2026,GFS,Open-Meteo / NOAA GFS,21:00,2026-09-22 21:00:00,21.9,74.0,0.0,3.6,0.0,1.3809,Berawan,wmo:3
dago,"Dago, Bandung",2026-09-22,32.73.02.1004,Dago,kelurahan,no,-6.889,107.61,Asia/Jakarta,"BMKG point: Dago, Coblong, Kota Bandung",22-09-2026,GFS,Open-Meteo / NOAA GFS,22:00,2026-09-22 22:00:00,21.0,78.0,0.0,2.3,0.0,1.3809,Berawan,wmo:3
dago,"Dago, Bandung",2026-09-22,32.73.02.1004,Dago,kelurahan,no,-6.889,107.61,Asia/Jakarta,"BMKG point: Dago, Coblong, Kota Bandung",22-09-2026,GFS,Open-Meteo / NOAA GFS,23:00,2026-09-22 23:00:00,20.6,79.0,0.0,1.8,0.0,1.3809,Berawan,wmo:3
dago,"Dago, Bandung",2026-09-22,32.73.02.1004,Dago,kelurahan,no,-6.889,107.61,Asia/Jakarta,"BMKG point: Dago, Coblong, Kota Bandung",22-09-2026,ICON,Open-Meteo / DWD ICON,00:00,2026-09-22 00:00:00,22.1,77.0,0.0,2.4,0.0,1.4582,Cerah Berawan,wmo:2
dago,"Dago, Bandung",2026-09-22,32.73.02.1004,Dago,kelurahan,no,-6.889,107.61,Asia/Jakarta,"BMKG point: Dago, Coblong, Kota Bandung",22-09-2026,ICON,Open-Meteo / DWD ICON,01:00,2026-09-22 01:00:00,21.9,74.0,0.0,3.3,0.0,1.4582,Berawan,wmo:3
dago,"Dago, Bandung",2026-09-22,32.73.02.1004,Dago,kelurahan,no,-6.889,107.61,Asia/Jakarta,"BMKG point: Dago, Coblong, Kota Bandung",22-09-2026,ICON,Open-Meteo / DWD ICON,02:00,2026-09-22 02:00:00,21.6,72.0,0.0,3.0,0.0,1.4582,Cerah Berawan,wmo:2
dago,"Dago, Bandung",2026-09-22,32.73.02.1004,Dago,kelurahan,no,-6.889,107.61,Asia/Jakarta,"BMKG point: Dago, Coblong, Kota Bandung",22-09-2026,ICON,Open-Meteo / DWD ICON,03:00,2026-09-22 03:00:00,21.3,72.0,0.0,2.5,0.0,1.4582,Cerah Berawan,wmo:2
dago,"Dago, Bandung",2026-09-22,32.73.02.1004,Dago,kelurahan,no,-6.889,107.61,Asia/Jakarta,"BMKG point: Dago, Coblong, Kota Bandung",22-09-2026,ICON,Open-Meteo / DWD ICON,04:00,2026-09-22 04:00:00,20.8,72.0,0.0,2.2,0.0,1.4582,Berawan,wmo:3
dago,"Dago, Bandung",2026-09-22,32.73.02.1004,Dago,kelurahan,no,-6.889,107.61,Asia/Jakarta,"BMKG point: Dago, Coblong, Kota Bandung",22-09-2026,ICON,Open-Meteo / DWD ICON,05:00,2026-09-22 05:00:00,20.5,71.0,0.0,2.3,0.0,1.4582,Berawan,wmo:3
dago,"Dago, Bandung",2026-09-22,32.73.02.1004,Dago,kelurahan,no,-6.889,107.61,Asia/Jakarta,"BMKG point: Dago, Coblong, Kota Bandung",22-09-2026,ICON,Open-Meteo / DWD ICON,06:00,2026-09-22 06:00:00,20.2,71.0,0.0,2.4,0.0,1.4582,Cerah Berawan,wmo:2
dago,"Dago, Bandung",2026-09-22,32.73.02.1004,Dago,kelurahan,no,-6.889,107.61,Asia/Jakarta,"BMKG point: Dago, Coblong, Kota Bandung",22-09-2026,ICON,Open-Meteo / DWD ICON,07:00,2026-09-22 07:00:00,21.4,64.0,0.0,2.4,0.0,1.4582,Cerah Berawan,wmo:2
dago,"Dago, Bandung",2026-09-22,32.73.02.1004,Dago,kelurahan,no,-6.889,107.61,Asia/Jakarta,"BMKG point: Dago, Coblong, Kota Bandung",22-09-2026,ICON,Open-Meteo / DWD ICON,08:00,2026-09-22 08:00:00,24.4,50.0,0.0,2.2,0.0,1.4582,Cerah Berawan,wmo:2
dago,"Dago, Bandung",2026-09-22,32.73.02.1004,Dago,kelurahan,no,-6.889,107.61,Asia/Jakarta,"BMKG point: Dago, Coblong, Kota Bandung",22-09-2026,ICON,Open-Meteo / DWD ICON,09:00,2026-09-22 09:00:00,27.0,41.0,0.0,3.1,0.0,1.4582,Cerah Berawan,wmo:1
dago,"Dago, Bandung",2026-09-22,32.73.02.1004,Dago,kelurahan,no,-6.889,107.61,Asia/Jakarta,"BMKG point: Dago, Coblong, Kota Bandung",22-09-2026,ICON,Open-Meteo / DWD ICON,10:00,2026-09-22 10:00:00,29.2,36.0,0.0,2.3,0.0,1.4582,Cerah Berawan,wmo:1
dago,"Dago, Bandung",2026-09-22,32.73.02.1004,Dago,kelurahan,no,-6.889,107.61,Asia/Jakarta,"BMKG point: Dago, Coblong, Kota Bandung",22-09-2026,ICON,Open-Meteo / DWD ICON,11:00,2026-09-22 11:00:00,30.4,33.0,0.0,0.8,0.0,1.4582,Cerah,wmo:0
dago,"Dago, Bandung",2026-09-22,32.73.02.1004,Dago,kelurahan,no,-6.889,107.61,Asia/Jakarta,"BMKG point: Dago, Coblong, Kota Bandung",22-09-2026,ICON,Open-Meteo / DWD ICON,12:00,2026-09-22 12:00:00,31.3,32.0,0.0,0.8,0.0,1.4582,Cerah,wmo:0
dago,"Dago, Bandung",2026-09-22,32.73.02.1004,Dago,kelurahan,no,-6.889,107.61,Asia/Jakarta,"BMKG point: Dago, Coblong, Kota Bandung",22-09-2026,ICON,Open-Meteo / DWD ICON,13:00,2026-09-22 13:00:00,31.9,32.0,0.0,4.1,0.0,1.4582,Cerah Berawan,wmo:2
dago,"Dago, Bandung",2026-09-22,32.73.02.1004,Dago,kelurahan,no,-6.889,107.61,Asia/Jakarta,"BMKG point: Dago, Coblong, Kota Bandung",22-09-2026,ICON,Open-Meteo / DWD ICON,14:00,2026-09-22 14:00:00,30.7,40.0,0.0,10.3,0.0,1.4582,Berawan,wmo:3
dago,"Dago, Bandung",2026-09-22,32.73.02.1004,Dago,kelurahan,no,-6.889,107.61,Asia/Jakarta,"BMKG point: Dago, Coblong, Kota Bandung",22-09-2026,ICON,Open-Meteo / DWD ICON,15:00,2026-09-22 15:00:00,28.6,47.0,0.0,12.4,0.0,1.4582,Berawan,wmo:3
dago,"Dago, Bandung",2026-09-22,32.73.02.1004,Dago,kelurahan,no,-6.889,107.61,Asia/Jakarta,"BMKG point: Dago, Coblong, Kota Bandung",22-09-2026,ICON,Open-Meteo / DWD ICON,16:00,2026-09-22 16:00:00,27.8,49.0,0.0,9.8,0.0,1.4582,Berawan,wmo:3
dago,"Dago, Bandung",2026-09-22,32.73.02.1004,Dago,kelurahan,no,-6.889,107.61,Asia/Jakarta,"BMKG point: Dago, Coblong, Kota Bandung",22-09-2026,ICON,Open-Meteo / DWD ICON,17:00,2026-09-22 17:00:00,27.1,52.0,0.0,6.3,0.0,1.4582,Cerah Berawan,wmo:2
dago,"Dago, Bandung",2026-09-22,32.73.02.1004,Dago,kelurahan,no,-6.889,107.61,Asia/Jakarta,"BMKG point: Dago, Coblong, Kota Bandung",22-09-2026,ICON,Open-Meteo / DWD ICON,18:00,2026-09-22 18:00:00,26.3,55.0,0.0,4.7,0.0,1.4582,Berawan,wmo:3
dago,"Dago, Bandung",2026-09-22,32.73.02.1004,Dago,kelurahan,no,-6.889,107.61,Asia/Jakarta,"BMKG point: Dago, Coblong, Kota Bandung",22-09-2026,ICON,Open-Meteo / DWD ICON,19:00,2026-09-22 19:00:00,25.5,61.0,0.0,3.2,0.0,1.4582,Berawan,wmo:3
dago,"Dago, Bandung",2026-09-22,32.73.02.1004,Dago,kelurahan,no,-6.889,107.61,Asia/Jakarta,"BMKG point: Dago, Coblong, Kota Bandung",22-09-2026,ICON,Open-Meteo / DWD ICON,20:00,2026-09-22 20:00:00,24.8,66.0,0.0,2.8,0.0,1.4582,Berawan,wmo:3
dago,"Dago, Bandung",2026-09-22,32.73.02.1004,Dago,kelurahan,no,-6.889,107.61,Asia/Jakarta,"BMKG point: Dago, Coblong, Kota Bandung",22-09-2026,ICON,Open-Meteo / DWD ICON,21:00,2026-09-22 21:00:00,24.0,72.0,0.0,2.4,0.0,1.4582,Cerah Berawan,wmo:2
dago,"Dago, Bandung",2026-09-22,32.73.02.1004,Dago,kelurahan,no,-6.889,107.61,Asia/Jakarta,"BMKG point: Dago, Coblong, Kota Bandung",22-09-2026,ICON,Open-Meteo / DWD ICON,22:00,2026-09-22 22:00:00,23.0,79.0,0.0,1.0,0.0,1.4582,Cerah Berawan,wmo:1
dago,"Dago, Bandung",2026-09-22,32.73.02.1004,Dago,kelurahan,no,-6.889,107.61,Asia/Jakarta,"BMKG point: Dago, Coblong, Kota Bandung",22-09-2026,ICON,Open-Meteo / DWD ICON,23:00,2026-09-22 23:00:00,22.2,82.0,0.0,0.8,0.0,1.4582,Cerah Berawan,wmo:1
dago,"Dago, Bandung",2026-09-22,32.73.02.1004,Dago,kelurahan,no,-6.889,107.61,Asia/Jakarta,"BMKG point: Dago, Coblong, Kota Bandung",22-09-2026,KMA,Open-Meteo / KMA,00:00,2026-09-22 00:00:00,,,,,0.0,0.5373,Berawan,wmo:None
dago,"Dago, Bandung",2026-09-22,32.73.02.1004,Dago,kelurahan,no,-6.889,107.61,Asia/Jakarta,"BMKG point: Dago, Coblong, Kota Bandung",22-09-2026,KMA,Open-Meteo / KMA,01:00,2026-09-22 01:00:00,,,,,0.0,0.5373,Berawan,wmo:None
dago,"Dago, Bandung",2026-09-22,32.73.02.1004,Dago,kelurahan,no,-6.889,107.61,Asia/Jakarta,"BMKG point: Dago, Coblong, Kota Bandung",22-09-2026,KMA,Open-Meteo / KMA,02:00,2026-09-22 02:00:00,,,,,0.0,0.5373,Berawan,wmo:None
dago,"Dago, Bandung",2026-09-22,32.73.02.1004,Dago,kelurahan,no,-6.889,107.61,Asia/Jakarta,"BMKG point: Dago, Coblong, Kota Bandung",22-09-2026,KMA,Open-Meteo / KMA,03:00,2026-09-22 03:00:00,,,,,0.0,0.5373,Berawan,wmo:None
dago,"Dago, Bandung",2026-09-22,32.73.02.1004,Dago,kelurahan,no,-6.889,107.61,Asia/Jakarta,"BMKG point: Dago, Coblong, Kota Bandung",22-09-2026,KMA,Open-Meteo / KMA,04:00,2026-09-22 04:00:00,,,,,0.0,0.5373,Berawan,wmo:None
dago,"Dago, Bandung",2026-09-22,32.73.02.1004,Dago,kelurahan,no,-6.889,107.61,Asia/Jakarta,"BMKG point: Dago, Coblong, Kota Bandung",22-09-2026,KMA,Open-Meteo / KMA,05:00,2026-09-22 05:00:00,,,,,0.0,0.5373,Berawan,wmo:None
dago,"Dago, Bandung",2026-09-22,32.73.02.1004,Dago,kelurahan,no,-6.889,107.61,Asia/Jakarta,"BMKG point: Dago, Coblong, Kota Bandung",22-09-2026,KMA,Open-Meteo / KMA,06:00,2026-09-22 06:00:00,,,,,0.0,0.5373,Berawan,wmo:None
dago,"Dago, Bandung",2026-09-22,32.73.02.1004,Dago,kelurahan,no,-6.889,107.61,Asia/Jakarta,"BMKG point: Dago, Coblong, Kota Bandung",22-09-2026,KMA,Open-Meteo / KMA,07:00,2026-09-22 07:00:00,,,,,0.0,0.5373,Berawan,wmo:None
dago,"Dago, Bandung",2026-09-22,32.73.02.1004,Dago,kelurahan,no,-6.889,107.61,Asia/Jakarta,"BMKG point: Dago, Coblong, Kota Bandung",22-09-2026,KMA,Open-Meteo / KMA,08:00,2026-09-22 08:00:00,,,,,0.0,0.5373,Berawan,wmo:None
dago,"Dago, Bandung",2026-09-22,32.73.02.1004,Dago,kelurahan,no,-6.889,107.61,Asia/Jakarta,"BMKG point: Dago, Coblong, Kota Bandung",22-09-2026,KMA,Open-Meteo / KMA,09:00,2026-09-22 09:00:00,,,,,0.0,0.5373,Berawan,wmo:None
dago,"Dago, Bandung",2026-09-22,32.73.02.1004,Dago,kelurahan,no,-6.889,107.61,Asia/Jakarta,"BMKG point: Dago, Coblong, Kota Bandung",22-09-2026,KMA,Open-Meteo / KMA,10:00,2026-09-22 10:00:00,,,,,0.0,0.5373,Berawan,wmo:None
dago,"Dago, Bandung",2026-09-22,32.73.02.1004,Dago,kelurahan,no,-6.889,107.61,Asia/Jakarta,"BMKG point: Dago, Coblong, Kota Bandung",22-09-2026,KMA,Open-Meteo / KMA,11:00,2026-09-22 11:00:00,,,,,0.0,0.5373,Berawan,wmo:None
dago,"Dago, Bandung",2026-09-22,32.73.02.1004,Dago,kelurahan,no,-6.889,107.61,Asia/Jakarta,"BMKG point: Dago, Coblong, Kota Bandung",22-09-2026,KMA,Open-Meteo / KMA,12:00,2026-09-22 12:00:00,,,,,0.0,0.5373,Berawan,wmo:None
dago,"Dago, Bandung",2026-09-22,32.73.02.1004,Dago,kelurahan,no,-6.889,107.61,Asia/Jakarta,"BMKG point: Dago, Coblong, Kota Bandung",22-09-2026,KMA,Open-Meteo / KMA,13:00,2026-09-22 13:00:00,,,,,0.0,0.5373,Berawan,wmo:None
dago,"Dago, Bandung",2026-09-22,32.73.02.1004,Dago,kelurahan,no,-6.889,107.61,Asia/Jakarta,"BMKG point: Dago, Coblong, Kota Bandung",22-09-2026,KMA,Open-Meteo / KMA,14:00,2026-09-22 14:00:00,,,,,0.0,0.5373,Berawan,wmo:None
dago,"Dago, Bandung",2026-09-22,32.73.02.1004,Dago,kelurahan,no,-6.889,107.61,Asia/Jakarta,"BMKG point: Dago, Coblong, Kota Bandung",22-09-2026,KMA,Open-Meteo / KMA,15:00,2026-09-22 15:00:00,,,,,0.0,0.5373,Berawan,wmo:None
dago,"Dago, Bandung",2026-09-22,32.73.02.1004,Dago,kelurahan,no,-6.889,107.61,Asia/Jakarta,"BMKG point: Dago, Coblong, Kota Bandung",22-09-2026,KMA,Open-Meteo / KMA,16:00,2026-09-22 16:00:00,,,,,0.0,0.5373,Berawan,wmo:None
dago,"Dago, Bandung",2026-09-22,32.73.02.1004,Dago,kelurahan,no,-6.889,107.61,Asia/Jakarta,"BMKG point: Dago, Coblong, Kota Bandung",22-09-2026,KMA,Open-Meteo / KMA,17:00,2026-09-22 17:00:00,,,,,0.0,0.5373,Berawan,wmo:None
dago,"Dago, Bandung",2026-09-22,32.73.02.1004,Dago,kelurahan,no,-6.889,107.61,Asia/Jakarta,"BMKG point: Dago, Coblong, Kota Bandung",22-09-2026,KMA,Open-Meteo / KMA,18:00,2026-09-22 18:00:00,,,,,0.0,0.5373,Berawan,wmo:None
dago,"Dago, Bandung",2026-09-22,32.73.02.1004,Dago,kelurahan,no,-6.889,107.61,Asia/Jakarta,"BMKG point: Dago, Coblong, Kota Bandung",22-09-2026,KMA,Open-Meteo / KMA,19:00,2026-09-22 19:00:00,,,,,0.0,0.5373,Berawan,wmo:None
dago,"Dago, Bandung",2026-09-22,32.73.02.1004,Dago,kelurahan,no,-6.889,107.61,Asia/Jakarta,"BMKG point: Dago, Coblong, Kota Bandung",22-09-2026,KMA,Open-Meteo / KMA,20:00,2026-09-22 20:00:00,,,,,0.0,0.5373,Berawan,wmo:None
dago,"Dago, Bandung",2026-09-22,32.73.02.1004,Dago,kelurahan,no,-6.889,107.61,Asia/Jakarta,"BMKG point: Dago, Coblong, Kota Bandung",22-09-2026,KMA,Open-Meteo / KMA,21:00,2026-09-22 21:00:00,,,,,0.0,0.5373,Berawan,wmo:None
dago,"Dago, Bandung",2026-09-22,32.73.02.1004,Dago,kelurahan,no,-6.889,107.61,Asia/Jakarta,"BMKG point: Dago, Coblong, Kota Bandung",22-09-2026,KMA,Open-Meteo / KMA,22:00,2026-09-22 22:00:00,,,,,0.0,0.5373,Berawan,wmo:None
dago,"Dago, Bandung",2026-09-22,32.73.02.1004,Dago,kelurahan,no,-6.889,107.61,Asia/Jakarta,"BMKG point: Dago, Coblong, Kota Bandung",22-09-2026,KMA,Open-Meteo / KMA,23:00,2026-09-22 23:00:00,,,,,0.0,0.5373,Berawan,wmo:None
dago,"Dago, Bandung",2026-09-22,32.73.02.1004,Dago,kelurahan,no,-6.889,107.61,Asia/Jakarta,"BMKG point: Dago, Coblong, Kota Bandung",22-09-2026,METEOFRANCE,Open-Meteo / Meteo-France,00:00,2026-09-22 00:00:00,26.1,92.0,0.0,1.9,0.0,1.4549,Berawan,wmo:3
dago,"Dago, Bandung",2026-09-22,32.73.02.1004,Dago,kelurahan,no,-6.889,107.61,Asia/Jakarta,"BMKG point: Dago, Coblong, Kota Bandung",22-09-2026,METEOFRANCE,Open-Meteo / Meteo-France,01:00,2026-09-22 01:00:00,25.6,93.0,0.0,2.1,0.0,1.4549,Cerah Berawan,wmo:2
dago,"Dago, Bandung",2026-09-22,32.73.02.1004,Dago,kelurahan,no,-6.889,107.61,Asia/Jakarta,"BMKG point: Dago, Coblong, Kota Bandung",22-09-2026,METEOFRANCE,Open-Meteo / Meteo-France,02:00,2026-09-22 02:00:00,25.3,93.0,0.0,1.5,0.0,1.4549,Cerah Berawan,wmo:2
dago,"Dago, Bandung",2026-09-22,32.73.02.1004,Dago,kelurahan,no,-6.889,107.61,Asia/Jakarta,"BMKG point: Dago, Coblong, Kota Bandung",22-09-2026,METEOFRANCE,Open-Meteo / Meteo-France,03:00,2026-09-22 03:00:00,25.1,93.0,0.0,1.1,0.0,1.4549,Berawan,wmo:3
dago,"Dago, Bandung",2026-09-22,32.73.02.1004,Dago,kelurahan,no,-6.889,107.61,Asia/Jakarta,"BMKG point: Dago, Coblong, Kota Bandung",22-09-2026,METEOFRANCE,Open-Meteo / Meteo-France,04:00,2026-09-22 04:00:00,24.9,92.0,0.0,1.9,0.0,1.4549,Berawan,wmo:3
dago,"Dago, Bandung",2026-09-22,32.73.02.1004,Dago,kelurahan,no,-6.889,107.61,Asia/Jakarta,"BMKG point: Dago, Coblong, Kota Bandung",22-09-2026,METEOFRANCE,Open-Meteo / Meteo-France,05:00,2026-09-22 05:00:00,24.8,89.0,0.0,2.7,0.0,1.4549,Berawan,wmo:3
dago,"Dago, Bandung",2026-09-22,32.73.02.1004,Dago,kelurahan,no,-6.889,107.61,Asia/Jakarta,"BMKG point: Dago, Coblong, Kota Bandung",22-09-2026,METEOFRANCE,Open-Meteo / Meteo-France,06:00,2026-09-22 06:00:00,24.6,85.0,0.0,3.2,0.0,1.4549,Berawan,wmo:3
dago,"Dago, Bandung",2026-09-22,32.73.02.1004,Dago,kelurahan,no,-6.889,107.61,Asia/Jakarta,"BMKG point: Dago, Coblong, Kota Bandung",22-09-2026,METEOFRANCE,Open-Meteo / Meteo-France,07:00,2026-09-22 07:00:00,26.1,73.0,0.0,3.2,0.0,1.4549,Berawan,wmo:3
dago,"Dago, Bandung",2026-09-22,32.73.02.1004,Dago,kelurahan,no,-6.889,107.61,Asia/Jakarta,"BMKG point: Dago, Coblong, Kota Bandung",22-09-2026,METEOFRANCE,Open-Meteo / Meteo-France,08:00,2026-09-22 08:00:00,27.9,59.0,0.0,1.5,0.0,1.4549,Berawan,wmo:3
dago,"Dago, Bandung",2026-09-22,32.73.02.1004,Dago,kelurahan,no,-6.889,107.61,Asia/Jakarta,"BMKG point: Dago, Coblong, Kota Bandung",22-09-2026,METEOFRANCE,Open-Meteo / Meteo-France,09:00,2026-09-22 09:00:00,29.8,54.0,0.0,4.0,0.0,1.4549,Cerah Berawan,wmo:2
dago,"Dago, Bandung",2026-09-22,32.73.02.1004,Dago,kelurahan,no,-6.889,107.61,Asia/Jakarta,"BMKG point: Dago, Coblong, Kota Bandung",22-09-2026,METEOFRANCE,Open-Meteo / Meteo-France,10:00,2026-09-22 10:00:00,31.2,54.0,0.0,7.7,0.0,1.4549,Cerah Berawan,wmo:2
dago,"Dago, Bandung",2026-09-22,32.73.02.1004,Dago,kelurahan,no,-6.889,107.61,Asia/Jakarta,"BMKG point: Dago, Coblong, Kota Bandung",22-09-2026,METEOFRANCE,Open-Meteo / Meteo-France,11:00,2026-09-22 11:00:00,32.1,55.0,0.0,9.7,0.0,1.4549,Cerah Berawan,wmo:2
dago,"Dago, Bandung",2026-09-22,32.73.02.1004,Dago,kelurahan,no,-6.889,107.61,Asia/Jakarta,"BMKG point: Dago, Coblong, Kota Bandung",22-09-2026,METEOFRANCE,Open-Meteo / Meteo-France,12:00,2026-09-22 12:00:00,32.7,56.0,0.0,10.8,0.0,1.4549,Cerah Berawan,wmo:2
dago,"Dago, Bandung",2026-09-22,32.73.02.1004,Dago,kelurahan,no,-6.889,107.61,Asia/Jakarta,"BMKG point: Dago, Coblong, Kota Bandung",22-09-2026,METEOFRANCE,Open-Meteo / Meteo-France,13:00,2026-09-22 13:00:00,32.6,58.0,0.0,11.6,0.0,1.4549,Cerah Berawan,wmo:2
dago,"Dago, Bandung",2026-09-22,32.73.02.1004,Dago,kelurahan,no,-6.889,107.61,Asia/Jakarta,"BMKG point: Dago, Coblong, Kota Bandung",22-09-2026,METEOFRANCE,Open-Meteo / Meteo-France,14:00,2026-09-22 14:00:00,32.1,61.0,0.1,10.8,0.0,1.4549,Hujan Ringan,wmo:51
dago,"Dago, Bandung",2026-09-22,32.73.02.1004,Dago,kelurahan,no,-6.889,107.61,Asia/Jakarta,"BMKG point: Dago, Coblong, Kota Bandung",22-09-2026,METEOFRANCE,Open-Meteo / Meteo-France,15:00,2026-09-22 15:00:00,30.9,67.0,0.3,9.2,0.0,1.4549,Hujan Ringan,wmo:51
dago,"Dago, Bandung",2026-09-22,32.73.02.1004,Dago,kelurahan,no,-6.889,107.61,Asia/Jakarta,"BMKG point: Dago, Coblong, Kota Bandung",22-09-2026,METEOFRANCE,Open-Meteo / Meteo-France,16:00,2026-09-22 16:00:00,30.0,71.0,0.4,7.5,0.0,1.4549,Hujan Ringan,wmo:51
dago,"Dago, Bandung",2026-09-22,32.73.02.1004,Dago,kelurahan,no,-6.889,107.61,Asia/Jakarta,"BMKG point: Dago, Coblong, Kota Bandung",22-09-2026,METEOFRANCE,Open-Meteo / Meteo-France,17:00,2026-09-22 17:00:00,28.8,79.0,0.6,5.6,0.0,1.4549,Hujan Ringan,wmo:53
dago,"Dago, Bandung",2026-09-22,32.73.02.1004,Dago,kelurahan,no,-6.889,107.61,Asia/Jakarta,"BMKG point: Dago, Coblong, Kota Bandung",22-09-2026,METEOFRANCE,Open-Meteo / Meteo-France,18:00,2026-09-22 18:00:00,27.8,87.0,1.3,4.1,0.0,1.4549,Hujan Ringan,wmo:80
dago,"Dago, Bandung",2026-09-22,32.73.02.1004,Dago,kelurahan,no,-6.889,107.61,Asia/Jakarta,"BMKG point: Dago, Coblong, Kota Bandung",22-09-2026,METEOFRANCE,Open-Meteo / Meteo-France,19:00,2026-09-22 19:00:00,27.1,90.0,1.2,5.2,0.0,1.4549,Hujan Ringan,wmo:55
dago,"Dago, Bandung",2026-09-22,32.73.02.1004,Dago,kelurahan,no,-6.889,107.61,Asia/Jakarta,"BMKG point: Dago, Coblong, Kota Bandung",22-09-2026,METEOFRANCE,Open-Meteo / Meteo-France,20:00,2026-09-22 20:00:00,26.5,92.0,0.8,4.3,0.0,1.4549,Hujan Ringan,wmo:53
dago,"Dago, Bandung",2026-09-22,32.73.02.1004,Dago,kelurahan,no,-6.889,107.61,Asia/Jakarta,"BMKG point: Dago, Coblong, Kota Bandung",22-09-2026,METEOFRANCE,Open-Meteo / Meteo-France,21:00,2026-09-22 21:00:00,26.0,95.0,0.4,3.9,0.0,1.4549,Hujan Ringan,wmo:51
dago,"Dago, Bandung",2026-09-22,32.73.02.1004,Dago,kelurahan,no,-6.889,107.61,Asia/Jakarta,"BMKG point: Dago, Coblong, Kota Bandung",22-09-2026,METEOFRANCE,Open-Meteo / Meteo-France,22:00,2026-09-22 22:00:00,25.7,97.0,0.1,3.3,0.0,1.4549,Hujan Ringan,wmo:51
dago,"Dago, Bandung",2026-09-22,32.73.02.1004,Dago,kelurahan,no,-6.889,107.61,Asia/Jakarta,"BMKG point: Dago, Coblong, Kota Bandung",22-09-2026,METEOFRANCE,Open-Meteo / Meteo-France,23:00,2026-09-22 23:00:00,25.6,98.0,0.0,2.2,0.0,1.4549,Berawan,wmo:3
dago,"Dago, Bandung",2026-09-22,32.73.02.1004,Dago,kelurahan,no,-6.889,107.61,Asia/Jakarta,"BMKG point: Dago, Coblong, Kota Bandung",22-09-2026,METNO,MET Norway,07:00,2026-09-22 09:00:00,26.8,46.2,0.0,6.12,120.0,0.7333,Cerah Berawan,partlycloudy_day
dago,"Dago, Bandung",2026-09-22,32.73.02.1004,Dago,kelurahan,no,-6.889,107.61,Asia/Jakarta,"BMKG point: Dago, Coblong, Kota Bandung",22-09-2026,METNO,MET Norway,08:00,2026-09-22 09:00:00,26.8,46.2,0.0,6.12,60.0,1.0,Cerah Berawan,partlycloudy_day
dago,"Dago, Bandung",2026-09-22,32.73.02.1004,Dago,kelurahan,no,-6.889,107.61,Asia/Jakarta,"BMKG point: Dago, Coblong, Kota Bandung",22-09-2026,METNO,MET Norway,09:00,2026-09-22 09:00:00,26.8,46.2,0.0,6.12,0.0,1.3334,Cerah Berawan,partlycloudy_day
dago,"Dago, Bandung",2026-09-22,32.73.02.1004,Dago,kelurahan,no,-6.889,107.61,Asia/Jakarta,"BMKG point: Dago, Coblong, Kota Bandung",22-09-2026,METNO,MET Norway,10:00,2026-09-22 10:00:00,28.7,39.2,0.0,6.48,0.0,1.3334,Cerah Berawan,partlycloudy_day
dago,"Dago, Bandung",2026-09-22,32.73.02.1004,Dago,kelurahan,no,-6.889,107.61,Asia/Jakarta,"BMKG point: Dago, Coblong, Kota Bandung",22-09-2026,METNO,MET Norway,11:00,2026-09-22 11:00:00,30.2,33.5,0.0,6.84,0.0,1.3334,Cerah Berawan,partlycloudy_day
dago,"Dago, Bandung",2026-09-22,32.73.02.1004,Dago,kelurahan,no,-6.889,107.61,Asia/Jakarta,"BMKG point: Dago, Coblong, Kota Bandung",22-09-2026,METNO,MET Norway,12:00,2026-09-22 12:00:00,31.0,30.8,0.0,9.36,0.0,1.3334,Cerah Berawan,partlycloudy_day
dago,"Dago, Bandung",2026-09-22,32.73.02.1004,Dago,kelurahan,no,-6.889,107.61,Asia/Jakarta,"BMKG point: Dago, Coblong, Kota Bandung",22-09-2026,METNO,MET Norway,13:00,2026-09-22 13:00:00,30.8,32.6,0.2,11.52,0.0,1.3334,Hujan Ringan,lightrain
dago,"Dago, Bandung",2026-09-22,32.73.02.1004,Dago,kelurahan,no,-6.889,107.61,Asia/Jakarta,"BMKG point: Dago, Coblong, Kota Bandung",22-09-2026,METNO,MET Norway,14:00,2026-09-22 14:00:00,29.9,39.6,0.6,11.52,0.0,1.3334,Hujan Ringan,rain
dago,"Dago, Bandung",2026-09-22,32.73.02.1004,Dago,kelurahan,no,-6.889,107.61,Asia/Jakarta,"BMKG point: Dago, Coblong, Kota Bandung",22-09-2026,METNO,MET Norway,15:00,2026-09-22 15:00:00,29.0,45.3,1.3,14.04,0.0,1.3334,Hujan Lebat,heavyrain
dago,"Dago, Bandung",2026-09-22,32.73.02.1004,Dago,kelurahan,no,-6.889,107.61,Asia/Jakarta,"BMKG point: Dago, Coblong, Kota Bandung",22-09-2026,METNO,MET Norway,16:00,2026-09-22 16:00:00,27.5,51.7,0.8,13.68,0.0,1.3334,Hujan Ringan,rain
dago,"Dago, Bandung",2026-09-22,32.73.02.1004,Dago,kelurahan,no,-6.889,107.61,Asia/Jakarta,"BMKG point: Dago, Coblong, Kota Bandung",22-09-2026,METNO,MET Norway,17:00,2026-09-22 17:00:00,26.1,58.5,0.0,7.56,0.0,1.3334,Berawan,cloudy
dago,"Dago, Bandung",2026-09-22,32.73.02.1004,Dago,kelurahan,no,-6.889,107.61,Asia/Jakarta,"BMKG point: Dago, Coblong, Kota Bandung",22-09-2026,METNO,MET Norway,18:00,2026-09-22 18:00:00,25.0,64.9,0.0,5.4,0.0,1.3334,Berawan,cloudy
dago,"Dago, Bandung",2026-09-22,32.73.02.1004,Dago,kelurahan,no,-6.889,107.61,Asia/Jakarta,"BMKG point: Dago, Coblong, Kota Bandung",22-09-2026,METNO,MET Norway,19:00,2026-09-22 19:00:00,24.7,68.3,0.0,7.2,0.0,1.3334,Cerah Berawan,partlycloudy_night
dago,"Dago, Bandung",2026-09-22,32.73.02.1004,Dago,kelurahan,no,-6.889,107.61,Asia/Jakarta,"BMKG point: Dago, Coblong, Kota Bandung",22-09-2026,METNO,MET Norway,20:00,2026-09-22 20:00:00,23.8,73.5,0.0,7.92,0.0,1.3334,Cerah Berawan,fair_night
dago,"Dago, Bandung",2026-09-22,32.73.02.1004,Dago,kelurahan,no,-6.889,107.61,Asia/Jakarta,"BMKG point: Dago, Coblong, Kota Bandung",22-09-2026,METNO,MET Norway,21:00,2026-09-22 21:00:00,23.0,77.8,0.0,6.12,0.0,1.3334,Cerah Berawan,fair_night
dago,"Dago, Bandung",2026-09-22,32.73.02.1004,Dago,kelurahan,no,-6.889,107.61,Asia/Jakarta,"BMKG point: Dago, Coblong, Kota Bandung",22-09-2026,METNO,MET Norway,22:00,2026-09-22 22:00:00,22.3,82.4,0.0,5.76,0.0,1.3334,Cerah Berawan,fair_night
dago,"Dago, Bandung",2026-09-22,32.73.02.1004,Dago,kelurahan,no,-6.889,107.61,Asia/Jakarta,"BMKG point: Dago, Coblong, Kota Bandung",22-09-2026,METNO,MET Norway,23:00,2026-09-22 23:00:00,21.6,86.7,0.0,5.04,0.0,1.3334,Berawan,fog
dago,"Dago, Bandung",2026-09-22,32.73.02.1004,Dago,kelurahan,no,-6.889,107.61,Asia/Jakarta,"BMKG point: Dago, Coblong, Kota Bandung",22-09-2026,UKMO,Open-Meteo / UK Met Office,00:00,2026-09-22 00:00:00,22.3,81.0,0.0,4.3,0.0,1.2913,Cerah,wmo:0
dago,"Dago, Bandung",2026-09-22,32.73.02.1004,Dago,kelurahan,no,-6.889,107.61,Asia/Jakarta,"BMKG point: Dago, Coblong, Kota Bandung",22-09-2026,UKMO,Open-Meteo / UK Met Office,01:00,2026-09-22 01:00:00,21.8,83.0,0.0,4.3,0.0,1.2913,Cerah,wmo:0
dago,"Dago, Bandung",2026-09-22,32.73.02.1004,Dago,kelurahan,no,-6.889,107.61,Asia/Jakarta,"BMKG point: Dago, Coblong, Kota Bandung",22-09-2026,UKMO,Open-Meteo / UK Met Office,02:00,2026-09-22 02:00:00,21.5,85.0,0.0,3.2,0.0,1.2913,Cerah,wmo:0
dago,"Dago, Bandung",2026-09-22,32.73.02.1004,Dago,kelurahan,no,-6.889,107.61,Asia/Jakarta,"BMKG point: Dago, Coblong, Kota Bandung",22-09-2026,UKMO,Open-Meteo / UK Met Office,03:00,2026-09-22 03:00:00,21.0,88.0,0.0,1.1,0.0,1.2913,Cerah Berawan,wmo:1
dago,"Dago, Bandung",2026-09-22,32.73.02.1004,Dago,kelurahan,no,-6.889,107.61,Asia/Jakarta,"BMKG point: Dago, Coblong, Kota Bandung",22-09-2026,UKMO,Open-Meteo / UK Met Office,04:00,2026-09-22 04:00:00,20.8,88.0,0.0,0.4,0.0,1.2913,Cerah Berawan,wmo:2
dago,"Dago, Bandung",2026-09-22,32.73.02.1004,Dago,kelurahan,no,-6.889,107.61,Asia/Jakarta,"BMKG point: Dago, Coblong, Kota Bandung",22-09-2026,UKMO,Open-Meteo / UK Met Office,05:00,2026-09-22 05:00:00,20.9,89.0,0.0,0.4,0.0,1.2913,Cerah Berawan,wmo:1
dago,"Dago, Bandung",2026-09-22,32.73.02.1004,Dago,kelurahan,no,-6.889,107.61,Asia/Jakarta,"BMKG point: Dago, Coblong, Kota Bandung",22-09-2026,UKMO,Open-Meteo / UK Met Office,06:00,2026-09-22 06:00:00,20.5,88.0,0.0,2.5,0.0,1.2913,Cerah Berawan,wmo:1
dago,"Dago, Bandung",2026-09-22,32.73.02.1004,Dago,kelurahan,no,-6.889,107.61,Asia/Jakarta,"BMKG point: Dago, Coblong, Kota Bandung",22-09-2026,UKMO,Open-Meteo / UK Met Office,07:00,2026-09-22 07:00:00,21.4,80.0,0.0,3.2,0.0,1.2913,Cerah Berawan,wmo:2
dago,"Dago, Bandung",2026-09-22,32.73.02.1004,Dago,kelurahan,no,-6.889,107.61,Asia/Jakarta,"BMKG point: Dago, Coblong, Kota Bandung",22-09-2026,UKMO,Open-Meteo / UK Met Office,08:00,2026-09-22 08:00:00,22.9,72.0,0.0,2.9,0.0,1.2913,Cerah,wmo:0
dago,"Dago, Bandung",2026-09-22,32.73.02.1004,Dago,kelurahan,no,-6.889,107.61,Asia/Jakarta,"BMKG point: Dago, Coblong, Kota Bandung",22-09-2026,UKMO,Open-Meteo / UK Met Office,09:00,2026-09-22 09:00:00,24.5,63.0,0.0,4.0,0.0,1.2913,Cerah,wmo:0
dago,"Dago, Bandung",2026-09-22,32.73.02.1004,Dago,kelurahan,no,-6.889,107.61,Asia/Jakarta,"BMKG point: Dago, Coblong, Kota Bandung",22-09-2026,UKMO,Open-Meteo / UK Met Office,10:00,2026-09-22 10:00:00,26.1,56.0,0.0,3.2,0.0,1.2913,Cerah,wmo:0
dago,"Dago, Bandung",2026-09-22,32.73.02.1004,Dago,kelurahan,no,-6.889,107.61,Asia/Jakarta,"BMKG point: Dago, Coblong, Kota Bandung",22-09-2026,UKMO,Open-Meteo / UK Met Office,11:00,2026-09-22 11:00:00,27.5,51.0,0.1,2.5,0.0,1.2913,Hujan Ringan,wmo:51
dago,"Dago, Bandung",2026-09-22,32.73.02.1004,Dago,kelurahan,no,-6.889,107.61,Asia/Jakarta,"BMKG point: Dago, Coblong, Kota Bandung",22-09-2026,UKMO,Open-Meteo / UK Met Office,12:00,2026-09-22 12:00:00,29.5,42.0,0.0,5.0,0.0,1.2913,Cerah Berawan,wmo:2
dago,"Dago, Bandung",2026-09-22,32.73.02.1004,Dago,kelurahan,no,-6.889,107.61,Asia/Jakarta,"BMKG point: Dago, Coblong, Kota Bandung",22-09-2026,UKMO,Open-Meteo / UK Met Office,13:00,2026-09-22 13:00:00,29.8,41.0,0.0,8.3,0.0,1.2913,Berawan,wmo:3
dago,"Dago, Bandung",2026-09-22,32.73.02.1004,Dago,kelurahan,no,-6.889,107.61,Asia/Jakarta,"BMKG point: Dago, Coblong, Kota Bandung",22-09-2026,UKMO,Open-Meteo / UK Met Office,14:00,2026-09-22 14:00:00,29.2,42.0,0.0,7.6,0.0,1.2913,Berawan,wmo:3
dago,"Dago, Bandung",2026-09-22,32.73.02.1004,Dago,kelurahan,no,-6.889,107.61,Asia/Jakarta,"BMKG point: Dago, Coblong, Kota Bandung",22-09-2026,UKMO,Open-Meteo / UK Met Office,15:00,2026-09-22 15:00:00,29.0,43.0,0.0,6.1,0.0,1.2913,Berawan,wmo:3
dago,"Dago, Bandung",2026-09-22,32.73.02.1004,Dago,kelurahan,no,-6.889,107.61,Asia/Jakarta,"BMKG point: Dago, Coblong, Kota Bandung",22-09-2026,UKMO,Open-Meteo / UK Met Office,16:00,2026-09-22 16:00:00,27.8,49.0,0.0,3.2,0.0,1.2913,Berawan,wmo:3
dago,"Dago, Bandung",2026-09-22,32.73.02.1004,Dago,kelurahan,no,-6.889,107.61,Asia/Jakarta,"BMKG point: Dago, Coblong, Kota Bandung",22-09-2026,UKMO,Open-Meteo / UK Met Office,17:00,2026-09-22 17:00:00,26.0,62.0,0.3,6.5,0.0,1.2913,Hujan Ringan,wmo:51
dago,"Dago, Bandung",2026-09-22,32.73.02.1004,Dago,kelurahan,no,-6.889,107.61,Asia/Jakarta,"BMKG point: Dago, Coblong, Kota Bandung",22-09-2026,UKMO,Open-Meteo / UK Met Office,18:00,2026-09-22 18:00:00,25.2,65.0,0.1,7.6,0.0,1.2913,Hujan Ringan,wmo:51
dago,"Dago, Bandung",2026-09-22,32.73.02.1004,Dago,kelurahan,no,-6.889,107.61,Asia/Jakarta,"BMKG point: Dago, Coblong, Kota Bandung",22-09-2026,UKMO,Open-Meteo / UK Met Office,19:00,2026-09-22 19:00:00,24.7,68.0,0.1,6.5,0.0,1.2913,Hujan Ringan,wmo:51
dago,"Dago, Bandung",2026-09-22,32.73.02.1004,Dago,kelurahan,no,-6.889,107.61,Asia/Jakarta,"BMKG point: Dago, Coblong, Kota Bandung",22-09-2026,UKMO,Open-Meteo / UK Met Office,20:00,2026-09-22 20:00:00,24.5,68.0,0.0,6.5,0.0,1.2913,Cerah,wmo:0
dago,"Dago, Bandung",2026-09-22,32.73.02.1004,Dago,kelurahan,no,-6.889,107.61,Asia/Jakarta,"BMKG point: Dago, Coblong, Kota Bandung",22-09-2026,UKMO,Open-Meteo / UK Met Office,21:00,2026-09-22 21:00:00,24.0,71.0,0.0,6.8,0.0,1.2913,Cerah,wmo:0
dago,"Dago, Bandung",2026-09-22,32.73.02.1004,Dago,kelurahan,no,-6.889,107.61,Asia/Jakarta,"BMKG point: Dago, Coblong, Kota Bandung",22-09-2026,UKMO,Open-Meteo / UK Met Office,22:00,2026-09-22 22:00:00,23.2,76.0,0.0,5.0,0.0,1.2913,Cerah,wmo:0
dago,"Dago, Bandung",2026-09-22,32.73.02.1004,Dago,kelurahan,no,-6.889,107.61,Asia/Jakarta,"BMKG point: Dago, Coblong, Kota Bandung",22-09-2026,UKMO,Open-Meteo / UK Met Office,23:00,2026-09-22 23:00:00,22.4,83.0,0.0,3.2,0.0,1.2913,Cerah,wmo:0
dago,"Dago, Bandung",2026-09-23,32.73.02.1004,Dago,kelurahan,no,-6.889,107.61,Asia/Jakarta,"BMKG point: Dago, Coblong, Kota Bandung",23-09-2026,BMKG,BMKG,00:00,2026-09-23 01:00:00,19.0,93.0,0.0,0.9,60.0,1.1026,Berawan,Berawan
dago,"Dago, Bandung",2026-09-23,32.73.02.1004,Dago,kelurahan,no,-6.889,107.61,Asia/Jakarta,"BMKG point: Dago, Coblong, Kota Bandung",23-09-2026,BMKG,BMKG,01:00,2026-09-23 01:00:00,19.0,93.0,0.0,0.9,0.0,1.4702,Berawan,Berawan
dago,"Dago, Bandung",2026-09-23,32.73.02.1004,Dago,kelurahan,no,-6.889,107.61,Asia/Jakarta,"BMKG point: Dago, Coblong, Kota Bandung",23-09-2026,BMKG,BMKG,02:00,2026-09-23 01:00:00,19.0,93.0,0.0,0.9,60.0,1.1026,Berawan,Berawan
dago,"Dago, Bandung",2026-09-23,32.73.02.1004,Dago,kelurahan,no,-6.889,107.61,Asia/Jakarta,"BMKG point: Dago, Coblong, Kota Bandung",23-09-2026,BMKG,BMKG,03:00,2026-09-23 04:00:00,18.0,96.0,0.0,2.2,60.0,1.1026,Berawan,Berawan
dago,"Dago, Bandung",2026-09-23,32.73.02.1004,Dago,kelurahan,no,-6.889,107.61,Asia/Jakarta,"BMKG point: Dago, Coblong, Kota Bandung",23-09-2026,BMKG,BMKG,04:00,2026-09-23 04:00:00,18.0,96.0,0.0,2.2,0.0,1.4702,Berawan,Berawan
dago,"Dago, Bandung",2026-09-23,32.73.02.1004,Dago,kelurahan,no,-6.889,107.61,Asia/Jakarta,"BMKG point: Dago, Coblong, Kota Bandung",23-09-2026,BMKG,BMKG,05:00,2026-09-23 04:00:00,18.0,96.0,0.0,2.2,60.0,1.1026,Berawan,Berawan
dago,"Dago, Bandung",2026-09-23,32.73.02.1004,Dago,kelurahan,no,-6.889,107.61,Asia/Jakarta,"BMKG point: Dago, Coblong, Kota Bandung",23-09-2026,BMKG,BMKG,06:00,2026-09-23 07:00:00,22.0,80.0,0.0,1.3,60.0,1.1026,Berawan,Berawan
dago,"Dago, Bandung",2026-09-23,32.73.02.1004,Dago,kelurahan,no,-6.889,107.61,Asia/Jakarta,"BMKG point: Dago, Coblong, Kota Bandung",23-09-2026,BMKG,BMKG,07:00,2026-09-23 07:00:00,22.0,80.0,0.0,1.3,0.0,1.4702,Berawan,Berawan
dago,"Dago, Bandung",2026-09-23,32.73.02.1004,Dago,kelurahan,no,-6.889,107.61,Asia/Jakarta,"BMKG point: Dago, Coblong, Kota Bandung",23-09-2026,BMKG,BMKG,08:00,2026-09-23 07:00:00,22.0,80.0,0.0,1.3,60.0,1.1026,Berawan,Berawan
dago,"Dago, Bandung",2026-09-23,32.73.02.1004,Dago,kelurahan,no,-6.889,107.61,Asia/Jakarta,"BMKG point: Dago, Coblong, Kota Bandung",23-09-2026,BMKG,BMKG,09:00,2026-09-23 10:00:00,28.0,47.0,0.0,5.7,60.0,1.1026,Cerah,Cerah
dago,"Dago, Bandung",2026-09-23,32.73.02.1004,Dago,kelurahan,no,-6.889,107.61,Asia/Jakarta,"BMKG point: Dago, Coblong, Kota Bandung",23-09-2026,BMKG,BMKG,10:00,2026-09-23 10:00:00,28.0,47.0,0.0,5.7,0.0,1.4702,Cerah,Cerah
dago,"Dago, Bandung",2026-09-23,32.73.02.1004,Dago,kelurahan,no,-6.889,107.61,Asia/Jakarta,"BMKG point: Dago, Coblong, Kota Bandung",23-09-2026,BMKG,BMKG,11:00,2026-09-23 10:00:00,28.0,47.0,0.0,5.7,60.0,1.1026,Cerah,Cerah
dago,"Dago, Bandung",2026-09-23,32.73.02.1004,Dago,kelurahan,no,-6.889,107.61,Asia/Jakarta,"BMKG point: Dago, Coblong, Kota Bandung",23-09-2026,BMKG,BMKG,12:00,2026-09-23 13:00:00,30.0,45.0,1.5,10.5,60.0,1.1026,Hujan Ringan,Hujan Ringan
dago,"Dago, Bandung",2026-09-23,32.73.02.1004,Dago,kelurahan,no,-6.889,107.61,Asia/Jakarta,"BMKG point: Dago, Coblong, Kota Bandung",23-09-2026,BMKG,BMKG,13:00,2026-09-23 13:00:00,30.0,45.0,1.5,10.5,0.0,1.4702,Hujan Ringan,Hujan Ringan
dago,"Dago, Bandung",2026-09-23,32.73.02.1004,Dago,kelurahan,no,-6.889,107.61,Asia/Jakarta,"BMKG point: Dago, Coblong, Kota Bandung",23-09-2026,BMKG,BMKG,14:00,2026-09-23 13:00:00,30.0,45.0,1.5,10.5,60.0,1.1026,Hujan Ringan,Hujan Ringan
dago,"Dago, Bandung",2026-09-23,32.73.02.1004,Dago,kelurahan,no,-6.889,107.61,Asia/Jakarta,"BMKG point: Dago, Coblong, Kota Bandung",23-09-2026,BMKG,BMKG,15:00,2026-09-23 16:00:00,26.0,66.0,1.5,5.1,60.0,1.1026,Hujan Ringan,Hujan Ringan
dago,"Dago, Bandung",2026-09-23,32.73.02.1004,Dago,kelurahan,no,-6.889,107.61,Asia/Jakarta,"BMKG point: Dago, Coblong, Kota Bandung",23-09-2026,BMKG,BMKG,16:00,2026-09-23 16:00:00,26.0,66.0,1.5,5.1,0.0,1.4702,Hujan Ringan,Hujan Ringan
dago,"Dago, Bandung",2026-09-23,32.73.02.1004,Dago,kelurahan,no,-6.889,107.61,Asia/Jakarta,"BMKG point: Dago, Coblong, Kota Bandung",23-09-2026,BMKG,BMKG,17:00,2026-09-23 16:00:00,26.0,66.0,1.5,5.1,60.0,1.1026,Hujan Ringan,Hujan Ringan
dago,"Dago, Bandung",2026-09-23,32.73.02.1004,Dago,kelurahan,no,-6.889,107.61,Asia/Jakarta,"BMKG point: Dago, Coblong, Kota Bandung",23-09-2026,BMKG,BMKG,18:00,2026-09-23 19:00:00,22.0,84.0,0.0,3.9,60.0,1.1026,Cerah,Cerah
dago,"Dago, Bandung",2026-09-23,32.73.02.1004,Dago,kelurahan,no,-6.889,107.61,Asia/Jakarta,"BMKG point: Dago, Coblong, Kota Bandung",23-09-2026,BMKG,BMKG,19:00,2026-09-23 19:00:00,22.0,84.0,0.0,3.9,0.0,1.4702,Cerah,Cerah
dago,"Dago, Bandung",2026-09-23,32.73.02.1004,Dago,kelurahan,no,-6.889,107.61,Asia/Jakarta,"BMKG point: Dago, Coblong, Kota Bandung",23-09-2026,BMKG,BMKG,20:00,2026-09-23 19:00:00,22.0,84.0,0.0,3.9,60.0,1.1026,Cerah,Cerah
dago,"Dago, Bandung",2026-09-23,32.73.02.1004,Dago,kelurahan,no,-6.889,107.61,Asia/Jakarta,"BMKG point: Dago, Coblong, Kota Bandung",23-09-2026,BMKG,BMKG,21:00,2026-09-23 22:00:00,21.0,92.0,0.0,3.3,60.0,1.1026,Cerah,Cerah
dago,"Dago, Bandung",2026-09-23,32.73.02.1004,Dago,kelurahan,no,-6.889,107.61,Asia/Jakarta,"BMKG point: Dago, Coblong, Kota Bandung",23-09-2026,BMKG,BMKG,22:00,2026-09-23 22:00:00,21.0,92.0,0.0,3.3,0.0,1.4702,Cerah,Cerah
dago,"Dago, Bandung",2026-09-23,32.73.02.1004,Dago,kelurahan,no,-6.889,107.61,Asia/Jakarta,"BMKG point: Dago, Coblong, Kota Bandung",23-09-2026,BMKG,BMKG,23:00,2026-09-23 22:00:00,21.0,92.0,0.0,3.3,60.0,1.1026,Cerah,Cerah
dago,"Dago, Bandung",2026-09-23,32.73.02.1004,Dago,kelurahan,no,-6.889,107.61,Asia/Jakarta,"BMKG point: Dago, Coblong, Kota Bandung",23-09-2026,CMA,Open-Meteo / CMA GRAPES,00:00,2026-09-23 00:00:00,22.0,89.0,0.0,5.0,0.0,1.1255,Cerah,wmo:0
dago,"Dago, Bandung",2026-09-23,32.73.02.1004,Dago,kelurahan,no,-6.889,107.61,Asia/Jakarta,"BMKG point: Dago, Coblong, Kota Bandung",23-09-2026,CMA,Open-Meteo / CMA GRAPES,01:00,2026-09-23 01:00:00,21.8,88.0,0.0,4.5,0.0,1.1255,Cerah,wmo:0
dago,"Dago, Bandung",2026-09-23,32.73.02.1004,Dago,kelurahan,no,-6.889,107.61,Asia/Jakarta,"BMKG point: Dago, Coblong, Kota Bandung",23-09-2026,CMA,Open-Meteo / CMA GRAPES,02:00,2026-09-23 02:00:00,21.4,85.0,0.0,4.3,0.0,1.1255,Cerah,wmo:0
dago,"Dago, Bandung",2026-09-23,32.73.02.1004,Dago,kelurahan,no,-6.889,107.61,Asia/Jakarta,"BMKG point: Dago, Coblong, Kota Bandung",23-09-2026,CMA,Open-Meteo / CMA GRAPES,03:00,2026-09-23 03:00:00,21.0,79.0,0.0,3.7,0.0,1.1255,Cerah,wmo:0
dago,"Dago, Bandung",2026-09-23,32.73.02.1004,Dago,kelurahan,no,-6.889,107.61,Asia/Jakarta,"BMKG point: Dago, Coblong, Kota Bandung",23-09-2026,CMA,Open-Meteo / CMA GRAPES,04:00,2026-09-23 04:00:00,20.9,74.0,0.0,3.9,0.0,1.1255,Cerah,wmo:0
dago,"Dago, Bandung",2026-09-23,32.73.02.1004,Dago,kelurahan,no,-6.889,107.61,Asia/Jakarta,"BMKG point: Dago, Coblong, Kota Bandung",23-09-2026,CMA,Open-Meteo / CMA GRAPES,05:00,2026-09-23 05:00:00,21.1,68.0,0.0,5.0,0.0,1.1255,Cerah,wmo:0
dago,"Dago, Bandung",2026-09-23,32.73.02.1004,Dago,kelurahan,no,-6.889,107.61,Asia/Jakarta,"BMKG point: Dago, Coblong, Kota Bandung",23-09-2026,CMA,Open-Meteo / CMA GRAPES,06:00,2026-09-23 06:00:00,21.7,62.0,0.0,6.0,0.0,1.1255,Cerah,wmo:0
dago,"Dago, Bandung",2026-09-23,32.73.02.1004,Dago,kelurahan,no,-6.889,107.61,Asia/Jakarta,"BMKG point: Dago, Coblong, Kota Bandung",23-09-2026,CMA,Open-Meteo / CMA GRAPES,07:00,2026-09-23 07:00:00,22.5,57.0,0.0,6.1,0.0,1.1255,Cerah,wmo:0
dago,"Dago, Bandung",2026-09-23,32.73.02.1004,Dago,kelurahan,no,-6.889,107.61,Asia/Jakarta,"BMKG point: Dago, Coblong, Kota Bandung",23-09-2026,CMA,Open-Meteo / CMA GRAPES,08:00,2026-09-23 08:00:00,23.7,52.0,0.0,4.6,0.0,1.1255,Cerah,wmo:0
dago,"Dago, Bandung",2026-09-23,32.73.02.1004,Dago,kelurahan,no,-6.889,107.61,Asia/Jakarta,"BMKG point: Dago, Coblong, Kota Bandung",23-09-2026,CMA,Open-Meteo / CMA GRAPES,09:00,2026-09-23 09:00:00,25.2,48.0,0.0,5.4,0.0,1.1255,Cerah,wmo:0
dago,"Dago, Bandung",2026-09-23,32.73.02.1004,Dago,kelurahan,no,-6.889,107.61,Asia/Jakarta,"BMKG point: Dago, Coblong, Kota Bandung",23-09-2026,CMA,Open-Meteo / CMA GRAPES,10:00,2026-09-23 10:00:00,26.6,44.0,0.0,8.2,0.0,1.1255,Cerah,wmo:0
dago,"Dago, Bandung",2026-09-23,32.73.02.1004,Dago,kelurahan,no,-6.889,107.61,Asia/Jakarta,"BMKG point: Dago, Coblong, Kota Bandung",23-09-2026,CMA,Open-Meteo / CMA GRAPES,11:00,2026-09-23 11:00:00,27.9,40.0,0.0,10.2,0.0,1.1255,Cerah,wmo:0
dago,"Dago, Bandung",2026-09-23,32.73.02.1004,Dago,kelurahan,no,-6.889,107.61,Asia/Jakarta,"BMKG point: Dago, Coblong, Kota Bandung",23-09-2026,CMA,Open-Meteo / CMA GRAPES,12:00,2026-09-23 12:00:00,29.1,36.0,0.0,11.3,0.0,1.1255,Cerah,wmo:0
dago,"Dago, Bandung",2026-09-23,32.73.02.1004,Dago,kelurahan,no,-6.889,107.61,Asia/Jakarta,"BMKG point: Dago, Coblong, Kota Bandung",23-09-2026,CMA,Open-Meteo / CMA GRAPES,13:00,2026-09-23 13:00:00,29.8,34.0,0.0,12.6,0.0,1.1255,Cerah,wmo:0
dago,"Dago, Bandung",2026-09-23,32.73.02.1004,Dago,kelurahan,no,-6.889,107.61,Asia/Jakarta,"BMKG point: Dago, Coblong, Kota Bandung",23-09-2026,CMA,Open-Meteo / CMA GRAPES,14:00,2026-09-23 14:00:00,29.8,35.0,0.0,14.0,0.0,1.1255,Cerah,wmo:0
dago,"Dago, Bandung",2026-09-23,32.73.02.1004,Dago,kelurahan,no,-6.889,107.61,Asia/Jakarta,"BMKG point: Dago, Coblong, Kota Bandung",23-09-2026,CMA,Open-Meteo / CMA GRAPES,15:00,2026-09-23 15:00:00,29.2,37.0,0.0,15.1,0.0,1.1255,Cerah Berawan,wmo:1
dago,"Dago, Bandung",2026-09-23,32.73.02.1004,Dago,kelurahan,no,-6.889,107.61,Asia/Jakarta,"BMKG point: Dago, Coblong, Kota Bandung",23-09-2026,CMA,Open-Meteo / CMA GRAPES,16:00,2026-09-23 16:00:00,28.4,42.0,0.0,15.5,0.0,1.1255,Cerah Berawan,wmo:1
dago,"Dago, Bandung",2026-09-23,32.73.02.1004,Dago,kelurahan,no,-6.889,107.61,Asia/Jakarta,"BMKG point: Dago, Coblong, Kota Bandung",23-09-2026,CMA,Open-Meteo / CMA GRAPES,17:00,2026-09-23 17:00:00,27.2,50.0,0.0,14.8,0.0,1.1255,Cerah Berawan,wmo:2
dago,"Dago, Bandung",2026-09-23,32.73.02.1004,Dago,kelurahan,no,-6.889,107.61,Asia/Jakarta,"BMKG point: Dago, Coblong, Kota Bandung",23-09-2026,CMA,Open-Meteo / CMA GRAPES,18:00,2026-09-23 18:00:00,25.6,60.0,0.0,13.9,0.0,1.1255,Cerah Berawan,wmo:2
dago,"Dago, Bandung",2026-09-23,32.73.02.1004,Dago,kelurahan,no,-6.889,107.61,Asia/Jakarta,"BMKG point: Dago, Coblong, Kota Bandung",23-09-2026,CMA,Open-Meteo / CMA GRAPES,19:00,2026-09-23 19:00:00,24.3,68.0,0.0,12.3,0.0,1.1255,Berawan,wmo:3
dago,"Dago, Bandung",2026-09-23,32.73.02.1004,Dago,kelurahan,no,-6.889,107.61,Asia/Jakarta,"BMKG point: Dago, Coblong, Kota Bandung",23-09-2026,CMA,Open-Meteo / CMA GRAPES,20:00,2026-09-23 20:00:00,23.4,74.0,0.0,9.5,0.0,1.1255,Berawan,wmo:3
dago,"Dago, Bandung",2026-09-23,32.73.02.1004,Dago,kelurahan,no,-6.889,107.61,Asia/Jakarta,"BMKG point: Dago, Coblong, Kota Bandung",23-09-2026,CMA,Open-Meteo / CMA GRAPES,21:00,2026-09-23 21:00:00,22.8,79.0,0.0,6.9,0.0,1.1255,Berawan,wmo:3
dago,"Dago, Bandung",2026-09-23,32.73.02.1004,Dago,kelurahan,no,-6.889,107.61,Asia/Jakarta,"BMKG point: Dago, Coblong, Kota Bandung",23-09-2026,CMA,Open-Meteo / CMA GRAPES,22:00,2026-09-23 22:00:00,22.3,82.0,0.0,6.6,0.0,1.1255,Berawan,wmo:3
dago,"Dago, Bandung",2026-09-23,32.73.02.1004,Dago,kelurahan,no,-6.889,107.61,Asia/Jakarta,"BMKG point: Dago, Coblong, Kota Bandung",23-09-2026,CMA,Open-Meteo / CMA GRAPES,23:00,2026-09-23 23:00:00,21.9,83.0,0.0,6.3,0.0,1.1255,Cerah Berawan,wmo:2
dago,"Dago, Bandung",2026-09-23,32.73.02.1004,Dago,kelurahan,no,-6.889,107.61,Asia/Jakarta,"BMKG point: Dago, Coblong, Kota Bandung",23-09-2026,ECMWF,Open-Meteo / ECMWF,00:00,2026-09-23 00:00:00,20.1,88.0,0.0,3.4,0.0,1.6933,Cerah Berawan,wmo:2
dago,"Dago, Bandung",2026-09-23,32.73.02.1004,Dago,kelurahan,no,-6.889,107.61,Asia/Jakarta,"BMKG point: Dago, Coblong, Kota Bandung",23-09-2026,ECMWF,Open-Meteo / ECMWF,01:00,2026-09-23 01:00:00,19.4,89.0,0.0,3.1,0.0,1.6933,Berawan,wmo:3
dago,"Dago, Bandung",2026-09-23,32.73.02.1004,Dago,kelurahan,no,-6.889,107.61,Asia/Jakarta,"BMKG point: Dago, Coblong, Kota Bandung",23-09-2026,ECMWF,Open-Meteo / ECMWF,02:00,2026-09-23 02:00:00,18.8,89.0,0.0,3.1,0.0,1.6933,Berawan,wmo:3
dago,"Dago, Bandung",2026-09-23,32.73.02.1004,Dago,kelurahan,no,-6.889,107.61,Asia/Jakarta,"BMKG point: Dago, Coblong, Kota Bandung",23-09-2026,ECMWF,Open-Meteo / ECMWF,03:00,2026-09-23 03:00:00,18.2,88.0,0.0,2.7,0.0,1.6933,Berawan,wmo:3
dago,"Dago, Bandung",2026-09-23,32.73.02.1004,Dago,kelurahan,no,-6.889,107.61,Asia/Jakarta,"BMKG point: Dago, Coblong, Kota Bandung",23-09-2026,ECMWF,Open-Meteo / ECMWF,04:00,2026-09-23 04:00:00,18.1,86.0,0.0,2.7,0.0,1.6933,Berawan,wmo:3
dago,"Dago, Bandung",2026-09-23,32.73.02.1004,Dago,kelurahan,no,-6.889,107.61,Asia/Jakarta,"BMKG point: Dago, Coblong, Kota Bandung",23-09-2026,ECMWF,Open-Meteo / ECMWF,05:00,2026-09-23 05:00:00,18.7,84.0,0.0,2.6,0.0,1.6933,Berawan,wmo:3
dago,"Dago, Bandung",2026-09-23,32.73.02.1004,Dago,kelurahan,no,-6.889,107.61,Asia/Jakarta,"BMKG point: Dago, Coblong, Kota Bandung",23-09-2026,ECMWF,Open-Meteo / ECMWF,06:00,2026-09-23 06:00:00,19.6,81.0,0.0,2.5,0.0,1.6933,Berawan,wmo:3
dago,"Dago, Bandung",2026-09-23,32.73.02.1004,Dago,kelurahan,no,-6.889,107.61,Asia/Jakarta,"BMKG point: Dago, Coblong, Kota Bandung",23-09-2026,ECMWF,Open-Meteo / ECMWF,07:00,2026-09-23 07:00:00,21.1,76.0,0.0,1.9,0.0,1.6933,Cerah Berawan,wmo:2
dago,"Dago, Bandung",2026-09-23,32.73.02.1004,Dago,kelurahan,no,-6.889,107.61,Asia/Jakarta,"BMKG point: Dago, Coblong, Kota Bandung",23-09-2026,ECMWF,Open-Meteo / ECMWF,08:00,2026-09-23 08:00:00,23.3,68.0,0.0,1.8,0.0,1.6933,Cerah Berawan,wmo:2
dago,"Dago, Bandung",2026-09-23,32.73.02.1004,Dago,kelurahan,no,-6.889,107.61,Asia/Jakarta,"BMKG point: Dago, Coblong, Kota Bandung",23-09-2026,ECMWF,Open-Meteo / ECMWF,09:00,2026-09-23 09:00:00,25.9,59.0,0.0,3.6,0.0,1.6933,Cerah Berawan,wmo:2
dago,"Dago, Bandung",2026-09-23,32.73.02.1004,Dago,kelurahan,no,-6.889,107.61,Asia/Jakarta,"BMKG point: Dago, Coblong, Kota Bandung",23-09-2026,ECMWF,Open-Meteo / ECMWF,10:00,2026-09-23 10:00:00,27.9,52.0,0.0,5.0,0.0,1.6933,Cerah Berawan,wmo:1
dago,"Dago, Bandung",2026-09-23,32.73.02.1004,Dago,kelurahan,no,-6.889,107.61,Asia/Jakarta,"BMKG point: Dago, Coblong, Kota Bandung",23-09-2026,ECMWF,Open-Meteo / ECMWF,11:00,2026-09-23 11:00:00,28.7,50.0,0.2,4.7,0.0,1.6933,Hujan Ringan,wmo:51
dago,"Dago, Bandung",2026-09-23,32.73.02.1004,Dago,kelurahan,no,-6.889,107.61,Asia/Jakarta,"BMKG point: Dago, Coblong, Kota Bandung",23-09-2026,ECMWF,Open-Meteo / ECMWF,12:00,2026-09-23 12:00:00,28.8,51.0,0.2,5.0,0.0,1.6933,Hujan Ringan,wmo:51
dago,"Dago, Bandung",2026-09-23,32.73.02.1004,Dago,kelurahan,no,-6.889,107.61,Asia/Jakarta,"BMKG point: Dago, Coblong, Kota Bandung",23-09-2026,ECMWF,Open-Meteo / ECMWF,13:00,2026-09-23 13:00:00,28.6,54.0,0.2,5.9,0.0,1.6933,Hujan Ringan,wmo:51
dago,"Dago, Bandung",2026-09-23,32.73.02.1004,Dago,kelurahan,no,-6.889,107.61,Asia/Jakarta,"BMKG point: Dago, Coblong, Kota Bandung",23-09-2026,ECMWF,Open-Meteo / ECMWF,14:00,2026-09-23 14:00:00,28.0,59.0,0.7,6.1,0.0,1.6933,Hujan Ringan,wmo:53
dago,"Dago, Bandung",2026-09-23,32.73.02.1004,Dago,kelurahan,no,-6.889,107.61,Asia/Jakarta,"BMKG point: Dago, Coblong, Kota Bandung",23-09-2026,ECMWF,Open-Meteo / ECMWF,15:00,2026-09-23 15:00:00,27.0,65.0,0.7,5.7,0.0,1.6933,Hujan Ringan,wmo:53
dago,"Dago, Bandung",2026-09-23,32.73.02.1004,Dago,kelurahan,no,-6.889,107.61,Asia/Jakarta,"BMKG point: Dago, Coblong, Kota Bandung",23-09-2026,ECMWF,Open-Meteo / ECMWF,16:00,2026-09-23 16:00:00,26.1,70.0,0.7,5.1,0.0,1.6933,Hujan Ringan,wmo:53
dago,"Dago, Bandung",2026-09-23,32.73.02.1004,Dago,kelurahan,no,-6.889,107.61,Asia/Jakarta,"BMKG point: Dago, Coblong, Kota Bandung",23-09-2026,ECMWF,Open-Meteo / ECMWF,17:00,2026-09-23 17:00:00,25.1,74.0,0.1,4.0,0.0,1.6933,Hujan Ringan,wmo:51
dago,"Dago, Bandung",2026-09-23,32.73.02.1004,Dago,kelurahan,no,-6.889,107.61,Asia/Jakarta,"BMKG point: Dago, Coblong, Kota Bandung",23-09-2026,ECMWF,Open-Meteo / ECMWF,18:00,2026-09-23 18:00:00,24.1,77.0,0.1,3.1,0.0,1.6933,Hujan Ringan,wmo:51
dago,"Dago, Bandung",2026-09-23,32.73.02.1004,Dago,kelurahan,no,-6.889,107.61,Asia/Jakarta,"BMKG point: Dago, Coblong, Kota Bandung",23-09-2026,ECMWF,Open-Meteo / ECMWF,19:00,2026-09-23 19:00:00,23.3,80.0,0.1,2.5,0.0,1.6933,Hujan Ringan,wmo:51
dago,"Dago, Bandung",2026-09-23,32.73.02.1004,Dago,kelurahan,no,-6.889,107.61,Asia/Jakarta,"BMKG point: Dago, Coblong, Kota Bandung",23-09-2026,ECMWF,Open-Meteo / ECMWF,20:00,2026-09-23 20:00:00,22.7,81.0,0.0,2.9,0.0,1.6933,Cerah Berawan,wmo:1
dago,"Dago, Bandung",2026-09-23,32.73.02.1004,Dago,kelurahan,no,-6.889,107.61,Asia/Jakarta,"BMKG point: Dago, Coblong, Kota Bandung",23-09-2026,ECMWF,Open-Meteo / ECMWF,21:00,2026-09-23 21:00:00,22.4,81.0,0.0,3.4,0.0,1.6933,Cerah Berawan,wmo:2
dago,"Dago, Bandung",2026-09-23,32.73.02.1004,Dago,kelurahan,no,-6.889,107.61,Asia/Jakarta,"BMKG point: Dago, Coblong, Kota Bandung",23-09-2026,ECMWF,Open-Meteo / ECMWF,22:00,2026-09-23 22:00:00,22.0,82.0,0.0,3.4,0.0,1.6933,Cerah Berawan,wmo:2
dago,"Dago, Bandung",2026-09-23,32.73.02.1004,Dago,kelurahan,no,-6.889,107.61,Asia/Jakarta,"BMKG point: Dago, Coblong, Kota Bandung",23-09-2026,ECMWF,Open-Meteo / ECMWF,23:00,2026-09-23 23:00:00,21.7,84.0,0.0,2.8,0.0,1.6933,Cerah Berawan,wmo:2
dago,"Dago, Bandung",2026-09-23,32.73.02.1004,Dago,kelurahan,no,-6.889,107.61,Asia/Jakarta,"BMKG point: Dago, Coblong, Kota Bandung",23-09-2026,GFS,Open-Meteo / NOAA GFS,00:00,2026-09-23 00:00:00,20.3,81.0,0.0,1.5,0.0,1.3809,Berawan,wmo:3
dago,"Dago, Bandung",2026-09-23,32.73.02.1004,Dago,kelurahan,no,-6.889,107.61,Asia/Jakarta,"BMKG point: Dago, Coblong, Kota Bandung",23-09-2026,GFS,Open-Meteo / NOAA GFS,01:00,2026-09-23 01:00:00,19.9,83.0,0.0,0.8,0.0,1.3809,Berawan,wmo:3
dago,"Dago, Bandung",2026-09-23,32.73.02.1004,Dago,kelurahan,no,-6.889,107.61,Asia/Jakarta,"BMKG point: Dago, Coblong, Kota Bandung",23-09-2026,GFS,Open-Meteo / NOAA GFS,02:00,2026-09-23 02:00:00,19.7,84.0,0.0,2.9,0.0,1.3809,Berawan,wmo:3
dago,"Dago, Bandung",2026-09-23,32.73.02.1004,Dago,kelurahan,no,-6.889,107.61,Asia/Jakarta,"BMKG point: Dago, Coblong, Kota Bandung",23-09-2026,GFS,Open-Meteo / NOAA GFS,03:00,2026-09-23 03:00:00,19.5,85.0,0.0,4.3,0.0,1.3809,Berawan,wmo:3
dago,"Dago, Bandung",2026-09-23,32.73.02.1004,Dago,kelurahan,no,-6.889,107.61,Asia/Jakarta,"BMKG point: Dago, Coblong, Kota Bandung",23-09-2026,GFS,Open-Meteo / NOAA GFS,04:00,2026-09-23 04:00:00,19.4,83.0,0.0,5.5,0.0,1.3809,Berawan,wmo:3
dago,"Dago, Bandung",2026-09-23,32.73.02.1004,Dago,kelurahan,no,-6.889,107.61,Asia/Jakarta,"BMKG point: Dago, Coblong, Kota Bandung",23-09-2026,GFS,Open-Meteo / NOAA GFS,05:00,2026-09-23 05:00:00,19.3,80.0,0.0,5.6,0.0,1.3809,Berawan,wmo:3
dago,"Dago, Bandung",2026-09-23,32.73.02.1004,Dago,kelurahan,no,-6.889,107.61,Asia/Jakarta,"BMKG point: Dago, Coblong, Kota Bandung",23-09-2026,GFS,Open-Meteo / NOAA GFS,06:00,2026-09-23 06:00:00,19.6,76.0,0.0,6.4,0.0,1.3809,Cerah,wmo:0
dago,"Dago, Bandung",2026-09-23,32.73.02.1004,Dago,kelurahan,no,-6.889,107.61,Asia/Jakarta,"BMKG point: Dago, Coblong, Kota Bandung",23-09-2026,GFS,Open-Meteo / NOAA GFS,07:00,2026-09-23 07:00:00,22.7,62.0,0.0,6.0,0.0,1.3809,Cerah Berawan,wmo:2
dago,"Dago, Bandung",2026-09-23,32.73.02.1004,Dago,kelurahan,no,-6.889,107.61,Asia/Jakarta,"BMKG point: Dago, Coblong, Kota Bandung",23-09-2026,GFS,Open-Meteo / NOAA GFS,08:00,2026-09-23 08:00:00,25.7,52.0,0.0,3.3,0.0,1.3809,Cerah,wmo:0
dago,"Dago, Bandung",2026-09-23,32.73.02.1004,Dago,kelurahan,no,-6.889,107.61,Asia/Jakarta,"BMKG point: Dago, Coblong, Kota Bandung",23-09-2026,GFS,Open-Meteo / NOAA GFS,09:00,2026-09-23 09:00:00,28.4,46.0,0.0,1.3,0.0,1.3809,Berawan,wmo:3
dago,"Dago, Bandung",2026-09-23,32.73.02.1004,Dago,kelurahan,no,-6.889,107.61,Asia/Jakarta,"BMKG point: Dago, Coblong, Kota Bandung",23-09-2026,GFS,Open-Meteo / NOAA GFS,10:00,2026-09-23 10:00:00,30.3,42.0,0.0,5.6,0.0,1.3809,Cerah Berawan,wmo:1
dago,"Dago, Bandung",2026-09-23,32.73.02.1004,Dago,kelurahan,no,-6.889,107.61,Asia/Jakarta,"BMKG point: Dago, Coblong, Kota Bandung",23-09-2026,GFS,Open-Meteo / NOAA GFS,11:00,2026-09-23 11:00:00,31.8,38.0,0.0,10.4,0.0,1.3809,Cerah,wmo:0
dago,"Dago, Bandung",2026-09-23,32.73.02.1004,Dago,kelurahan,no,-6.889,107.61,Asia/Jakarta,"BMKG point: Dago, Coblong, Kota Bandung",23-09-2026,GFS,Open-Meteo / NOAA GFS,12:00,2026-09-23 12:00:00,32.3,38.0,0.0,15.5,0.0,1.3809,Cerah Berawan,wmo:2
dago,"Dago, Bandung",2026-09-23,32.73.02.1004,Dago,kelurahan,no,-6.889,107.61,Asia/Jakarta,"BMKG point: Dago, Coblong, Kota Bandung",23-09-2026,GFS,Open-Meteo / NOAA GFS,13:00,2026-09-23 13:00:00,29.2,47.0,0.1,14.5,0.0,1.3809,Hujan Ringan,wmo:51
dago,"Dago, Bandung",2026-09-23,32.73.02.1004,Dago,kelurahan,no,-6.889,107.61,Asia/Jakarta,"BMKG point: Dago, Coblong, Kota Bandung",23-09-2026,GFS,Open-Meteo / NOAA GFS,14:00,2026-09-23 14:00:00,28.4,49.0,0.0,9.7,0.0,1.3809,Berawan,wmo:3
dago,"Dago, Bandung",2026-09-23,32.73.02.1004,Dago,kelurahan,no,-6.889,107.61,Asia/Jakarta,"BMKG point: Dago, Coblong, Kota Bandung",23-09-2026,GFS,Open-Meteo / NOAA GFS,15:00,2026-09-23 15:00:00,29.3,47.0,0.0,9.1,0.0,1.3809,Berawan,wmo:3
dago,"Dago, Bandung",2026-09-23,32.73.02.1004,Dago,kelurahan,no,-6.889,107.61,Asia/Jakarta,"BMKG point: Dago, Coblong, Kota Bandung",23-09-2026,GFS,Open-Meteo / NOAA GFS,16:00,2026-09-23 16:00:00,25.6,63.0,0.3,14.2,0.0,1.3809,Hujan Ringan,wmo:51
dago,"Dago, Bandung",2026-09-23,32.73.02.1004,Dago,kelurahan,no,-6.889,107.61,Asia/Jakarta,"BMKG point: Dago, Coblong, Kota Bandung",23-09-2026,GFS,Open-Meteo / NOAA GFS,17:00,2026-09-23 17:00:00,23.5,74.0,0.6,3.5,0.0,1.3809,Hujan Ringan,wmo:53
dago,"Dago, Bandung",2026-09-23,32.73.02.1004,Dago,kelurahan,no,-6.889,107.61,Asia/Jakarta,"BMKG point: Dago, Coblong, Kota Bandung",23-09-2026,GFS,Open-Meteo / NOAA GFS,18:00,2026-09-23 18:00:00,23.9,71.0,0.0,5.7,0.0,1.3809,Berawan,wmo:3
dago,"Dago, Bandung",2026-09-23,32.73.02.1004,Dago,kelurahan,no,-6.889,107.61,Asia/Jakarta,"BMKG point: Dago, Coblong, Kota Bandung",23-09-2026,GFS,Open-Meteo / NOAA GFS,19:00,2026-09-23 19:00:00,23.8,71.0,0.0,5.2,0.0,1.3809,Berawan,wmo:3
dago,"Dago, Bandung",2026-09-23,32.73.02.1004,Dago,kelurahan,no,-6.889,107.61,Asia/Jakarta,"BMKG point: Dago, Coblong, Kota Bandung",23-09-2026,GFS,Open-Meteo / NOAA GFS,20:00,2026-09-23 20:00:00,23.5,71.0,0.0,3.5,0.0,1.3809,Berawan,wmo:3
dago,"Dago, Bandung",2026-09-23,32.73.02.1004,Dago,kelurahan,no,-6.889,107.61,Asia/Jakarta,"BMKG point: Dago, Coblong, Kota Bandung",23-09-2026,GFS,Open-Meteo / NOAA GFS,21:00,2026-09-23 21:00:00,23.0,72.0,0.0,4.6,0.0,1.3809,Berawan,wmo:3
dago,"Dago, Bandung",2026-09-23,32.73.02.1004,Dago,kelurahan,no,-6.889,107.61,Asia/Jakarta,"BMKG point: Dago, Coblong, Kota Bandung",23-09-2026,GFS,Open-Meteo / NOAA GFS,22:00,2026-09-23 22:00:00,21.5,77.0,0.0,6.1,0.0,1.3809,Cerah Berawan,wmo:1
dago,"Dago, Bandung",2026-09-23,32.73.02.1004,Dago,kelurahan,no,-6.889,107.61,Asia/Jakarta,"BMKG point: Dago, Coblong, Kota Bandung",23-09-2026,GFS,Open-Meteo / NOAA GFS,23:00,2026-09-23 23:00:00,20.6,79.0,0.0,6.5,0.0,1.3809,Cerah,wmo:0
dago,"Dago, Bandung",2026-09-23,32.73.02.1004,Dago,kelurahan,no,-6.889,107.61,Asia/Jakarta,"BMKG point: Dago, Coblong, Kota Bandung",23-09-2026,ICON,Open-Meteo / DWD ICON,00:00,2026-09-23 00:00:00,21.2,86.0,0.0,1.0,0.0,1.4582,Cerah,wmo:0
dago,"Dago, Bandung",2026-09-23,32.73.02.1004,Dago,kelurahan,no,-6.889,107.61,Asia/Jakarta,"BMKG point: Dago, Coblong, Kota Bandung",23-09-2026,ICON,Open-Meteo / DWD ICON,01:00,2026-09-23 01:00:00,20.3,90.0,0.0,1.1,0.0,1.4582,Cerah Berawan,wmo:1
dago,"Dago, Bandung",2026-09-23,32.73.02.1004,Dago,kelurahan,no,-6.889,107.61,Asia/Jakarta,"BMKG point: Dago, Coblong, Kota Bandung",23-09-2026,ICON,Open-Meteo / DWD ICON,02:00,2026-09-23 02:00:00,19.8,92.0,0.0,1.6,0.0,1.4582,Cerah Berawan,wmo:1
dago,"Dago, Bandung",2026-09-23,32.73.02.1004,Dago,kelurahan,no,-6.889,107.61,Asia/Jakarta,"BMKG point: Dago, Coblong, Kota Bandung",23-09-2026,ICON,Open-Meteo / DWD ICON,03:00,2026-09-23 03:00:00,19.5,93.0,0.0,2.5,0.0,1.4582,Cerah Berawan,wmo:2
dago,"Dago, Bandung",2026-09-23,32.73.02.1004,Dago,kelurahan,no,-6.889,107.61,Asia/Jakarta,"BMKG point: Dago, Coblong, Kota Bandung",23-09-2026,ICON,Open-Meteo / DWD ICON,04:00,2026-09-23 04:00:00,19.1,95.0,0.0,2.4,0.0,1.4582,Cerah Berawan,wmo:2
dago,"Dago, Bandung",2026-09-23,32.73.02.1004,Dago,kelurahan,no,-6.889,107.61,Asia/Jakarta,"BMKG point: Dago, Coblong, Kota Bandung",23-09-2026,ICON,Open-Meteo / DWD ICON,05:00,2026-09-23 05:00:00,18.7,96.0,0.0,2.3,0.0,1.4582,Berawan,wmo:45
dago,"Dago, Bandung",2026-09-23,32.73.02.1004,Dago,kelurahan,no,-6.889,107.61,Asia/Jakarta,"BMKG point: Dago, Coblong, Kota Bandung",23-09-2026,ICON,Open-Meteo / DWD ICON,06:00,2026-09-23 06:00:00,18.4,95.0,0.0,2.2,0.0,1.4582,Cerah Berawan,wmo:2
dago,"Dago, Bandung",2026-09-23,32.73.02.1004,Dago,kelurahan,no,-6.889,107.61,Asia/Jakarta,"BMKG point: Dago, Coblong, Kota Bandung",23-09-2026,ICON,Open-Meteo / DWD ICON,07:00,2026-09-23 07:00:00,19.9,84.0,0.0,2.2,0.0,1.4582,Cerah Berawan,wmo:2
dago,"Dago, Bandung",2026-09-23,32.73.02.1004,Dago,kelurahan,no,-6.889,107.61,Asia/Jakarta,"BMKG point: Dago, Coblong, Kota Bandung",23-09-2026,ICON,Open-Meteo / DWD ICON,08:00,2026-09-23 08:00:00,23.3,66.0,0.0,3.3,0.0,1.4582,Cerah Berawan,wmo:1
dago,"Dago, Bandung",2026-09-23,32.73.02.1004,Dago,kelurahan,no,-6.889,107.61,Asia/Jakarta,"BMKG point: Dago, Coblong, Kota Bandung",23-09-2026,ICON,Open-Meteo / DWD ICON,09:00,2026-09-23 09:00:00,26.3,60.0,0.0,2.6,0.0,1.4582,Cerah Berawan,wmo:1
dago,"Dago, Bandung",2026-09-23,32.73.02.1004,Dago,kelurahan,no,-6.889,107.61,Asia/Jakarta,"BMKG point: Dago, Coblong, Kota Bandung",23-09-2026,ICON,Open-Meteo / DWD ICON,10:00,2026-09-23 10:00:00,28.9,52.0,0.0,2.5,0.0,1.4582,Cerah Berawan,wmo:1
dago,"Dago, Bandung",2026-09-23,32.73.02.1004,Dago,kelurahan,no,-6.889,107.61,Asia/Jakarta,"BMKG point: Dago, Coblong, Kota Bandung",23-09-2026,ICON,Open-Meteo / DWD ICON,11:00,2026-09-23 11:00:00,30.8,44.0,0.0,3.3,0.0,1.4582,Cerah Berawan,wmo:1
dago,"Dago, Bandung",2026-09-23,32.73.02.1004,Dago,kelurahan,no,-6.889,107.61,Asia/Jakarta,"BMKG point: Dago, Coblong, Kota Bandung",23-09-2026,ICON,Open-Meteo / DWD ICON,12:00,2026-09-23 12:00:00,32.2,37.0,0.0,3.1,0.0,1.4582,Cerah Berawan,wmo:1
dago,"Dago, Bandung",2026-09-23,32.73.02.1004,Dago,kelurahan,no,-6.889,107.61,Asia/Jakarta,"BMKG point: Dago, Coblong, Kota Bandung",23-09-2026,ICON,Open-Meteo / DWD ICON,13:00,2026-09-23 13:00:00,32.9,33.0,0.0,3.1,0.0,1.4582,Cerah Berawan,wmo:2
dago,"Dago, Bandung",2026-09-23,32.73.02.1004,Dago,kelurahan,no,-6.889,107.61,Asia/Jakarta,"BMKG point: Dago, Coblong, Kota Bandung",23-09-2026,ICON,Open-Meteo / DWD ICON,14:00,2026-09-23 14:00:00,32.9,34.0,0.0,4.1,0.0,1.4582,Cerah Berawan,wmo:2
dago,"Dago, Bandung",2026-09-23,32.73.02.1004,Dago,kelurahan,no,-6.889,107.61,Asia/Jakarta,"BMKG point: Dago, Coblong, Kota Bandung",23-09-2026,ICON,Open-Meteo / DWD ICON,15:00,2026-09-23 15:00:00,32.8,36.0,0.0,2.9,0.0,1.4582,Berawan,wmo:3
dago,"Dago, Bandung",2026-09-23,32.73.02.1004,Dago,kelurahan,no,-6.889,107.61,Asia/Jakarta,"BMKG point: Dago, Coblong, Kota Bandung",23-09-2026,ICON,Open-Meteo / DWD ICON,16:00,2026-09-23 16:00:00,31.7,41.0,0.0,5.2,0.0,1.4582,Berawan,wmo:3
dago,"Dago, Bandung",2026-09-23,32.73.02.1004,Dago,kelurahan,no,-6.889,107.61,Asia/Jakarta,"BMKG point: Dago, Coblong, Kota Bandung",23-09-2026,ICON,Open-Meteo / DWD ICON,17:00,2026-09-23 17:00:00,30.3,46.0,0.0,4.7,0.0,1.4582,Berawan,wmo:3
dago,"Dago, Bandung",2026-09-23,32.73.02.1004,Dago,kelurahan,no,-6.889,107.61,Asia/Jakarta,"BMKG point: Dago, Coblong, Kota Bandung",23-09-2026,ICON,Open-Meteo / DWD ICON,18:00,2026-09-23 18:00:00,29.0,51.0,0.0,2.2,0.0,1.4582,Berawan,wmo:3
dago,"Dago, Bandung",2026-09-23,32.73.02.1004,Dago,kelurahan,no,-6.889,107.61,Asia/Jakarta,"BMKG point: Dago, Coblong, Kota Bandung",23-09-2026,ICON,Open-Meteo / DWD ICON,19:00,2026-09-23 19:00:00,27.5,58.0,0.0,2.5,0.0,1.4582,Berawan,wmo:3
dago,"Dago, Bandung",2026-09-23,32.73.02.1004,Dago,kelurahan,no,-6.889,107.61,Asia/Jakarta,"BMKG point: Dago, Coblong, Kota Bandung",23-09-2026,ICON,Open-Meteo / DWD ICON,20:00,2026-09-23 20:00:00,26.1,65.0,0.0,3.0,0.0,1.4582,Berawan,wmo:3
dago,"Dago, Bandung",2026-09-23,32.73.02.1004,Dago,kelurahan,no,-6.889,107.61,Asia/Jakarta,"BMKG point: Dago, Coblong, Kota Bandung",23-09-2026,ICON,Open-Meteo / DWD ICON,21:00,2026-09-23 21:00:00,25.1,73.0,0.0,2.6,0.0,1.4582,Cerah Berawan,wmo:2
dago,"Dago, Bandung",2026-09-23,32.73.02.1004,Dago,kelurahan,no,-6.889,107.61,Asia/Jakarta,"BMKG point: Dago, Coblong, Kota Bandung",23-09-2026,ICON,Open-Meteo / DWD ICON,22:00,2026-09-23 22:00:00,24.1,78.0,0.0,2.9,0.0,1.4582,Cerah Berawan,wmo:2
dago,"Dago, Bandung",2026-09-23,32.73.02.1004,Dago,kelurahan,no,-6.889,107.61,Asia/Jakarta,"BMKG point: Dago, Coblong, Kota Bandung",23-09-2026,ICON,Open-Meteo / DWD ICON,23:00,2026-09-23 23:00:00,23.2,80.0,0.0,2.6,0.0,1.4582,Cerah Berawan,wmo:2
dago,"Dago, Bandung",2026-09-23,32.73.02.1004,Dago,kelurahan,no,-6.889,107.61,Asia/Jakarta,"BMKG point: Dago, Coblong, Kota Bandung",23-09-2026,KMA,Open-Meteo / KMA,00:00,2026-09-23 00:00:00,,,,,0.0,0.5408,Berawan,wmo:None
dago,"Dago, Bandung",2026-09-23,32.73.02.1004,Dago,kelurahan,no,-6.889,107.61,Asia/Jakarta,"BMKG point: Dago, Coblong, Kota Bandung",23-09-2026,KMA,Open-Meteo / KMA,01:00,2026-09-23 01:00:00,,,,,0.0,0.5408,Berawan,wmo:None
dago,"Dago, Bandung",2026-09-23,32.73.02.1004,Dago,kelurahan,no,-6.889,107.61,Asia/Jakarta,"BMKG point: Dago, Coblong, Kota Bandung",23-09-2026,KMA,Open-Meteo / KMA,02:00,2026-09-23 02:00:00,,,,,0.0,0.5408,Berawan,wmo:None
dago,"Dago, Bandung",2026-09-23,32.73.02.1004,Dago,kelurahan,no,-6.889,107.61,Asia/Jakarta,"BMKG point: Dago, Coblong, Kota Bandung",23-09-2026,KMA,Open-Meteo / KMA,03:00,2026-09-23 03:00:00,,,,,0.0,0.5408,Berawan,wmo:None
dago,"Dago, Bandung",2026-09-23,32.73.02.1004,Dago,kelurahan,no,-6.889,107.61,Asia/Jakarta,"BMKG point: Dago, Coblong, Kota Bandung",23-09-2026,KMA,Open-Meteo / KMA,04:00,2026-09-23 04:00:00,,,,,0.0,0.5408,Berawan,wmo:None
dago,"Dago, Bandung",2026-09-23,32.73.02.1004,Dago,kelurahan,no,-6.889,107.61,Asia/Jakarta,"BMKG point: Dago, Coblong, Kota Bandung",23-09-2026,KMA,Open-Meteo / KMA,05:00,2026-09-23 05:00:00,,,,,0.0,0.5408,Berawan,wmo:None
dago,"Dago, Bandung",2026-09-23,32.73.02.1004,Dago,kelurahan,no,-6.889,107.61,Asia/Jakarta,"BMKG point: Dago, Coblong, Kota Bandung",23-09-2026,KMA,Open-Meteo / KMA,06:00,2026-09-23 06:00:00,,,,,0.0,0.5408,Berawan,wmo:None
dago,"Dago, Bandung",2026-09-23,32.73.02.1004,Dago,kelurahan,no,-6.889,107.61,Asia/Jakarta,"BMKG point: Dago, Coblong, Kota Bandung",23-09-2026,KMA,Open-Meteo / KMA,07:00,2026-09-23 07:00:00,,,,,0.0,0.5408,Berawan,wmo:None
dago,"Dago, Bandung",2026-09-23,32.73.02.1004,Dago,kelurahan,no,-6.889,107.61,Asia/Jakarta,"BMKG point: Dago, Coblong, Kota Bandung",23-09-2026,KMA,Open-Meteo / KMA,08:00,2026-09-23 08:00:00,,,,,0.0,0.5408,Berawan,wmo:None
dago,"Dago, Bandung",2026-09-23,32.73.02.1004,Dago,kelurahan,no,-6.889,107.61,Asia/Jakarta,"BMKG point: Dago, Coblong, Kota Bandung",23-09-2026,KMA,Open-Meteo / KMA,09:00,2026-09-23 09:00:00,,,,,0.0,0.5408,Berawan,wmo:None
dago,"Dago, Bandung",2026-09-23,32.73.02.1004,Dago,kelurahan,no,-6.889,107.61,Asia/Jakarta,"BMKG point: Dago, Coblong, Kota Bandung",23-09-2026,KMA,Open-Meteo / KMA,10:00,2026-09-23 10:00:00,,,,,0.0,0.5408,Berawan,wmo:None
dago,"Dago, Bandung",2026-09-23,32.73.02.1004,Dago,kelurahan,no,-6.889,107.61,Asia/Jakarta,"BMKG point: Dago, Coblong, Kota Bandung",23-09-2026,KMA,Open-Meteo / KMA,11:00,2026-09-23 11:00:00,,,,,0.0,0.5408,Berawan,wmo:None
dago,"Dago, Bandung",2026-09-23,32.73.02.1004,Dago,kelurahan,no,-6.889,107.61,Asia/Jakarta,"BMKG point: Dago, Coblong, Kota Bandung",23-09-2026,KMA,Open-Meteo / KMA,12:00,2026-09-23 12:00:00,,,,,0.0,0.5408,Berawan,wmo:None
dago,"Dago, Bandung",2026-09-23,32.73.02.1004,Dago,kelurahan,no,-6.889,107.61,Asia/Jakarta,"BMKG point: Dago, Coblong, Kota Bandung",23-09-2026,KMA,Open-Meteo / KMA,13:00,2026-09-23 13:00:00,,,,,0.0,0.5408,Berawan,wmo:None
dago,"Dago, Bandung",2026-09-23,32.73.02.1004,Dago,kelurahan,no,-6.889,107.61,Asia/Jakarta,"BMKG point: Dago, Coblong, Kota Bandung",23-09-2026,KMA,Open-Meteo / KMA,14:00,2026-09-23 14:00:00,,,,,0.0,0.5408,Berawan,wmo:None
dago,"Dago, Bandung",2026-09-23,32.73.02.1004,Dago,kelurahan,no,-6.889,107.61,Asia/Jakarta,"BMKG point: Dago, Coblong, Kota Bandung",23-09-2026,KMA,Open-Meteo / KMA,15:00,2026-09-23 15:00:00,,,,,0.0,0.5408,Berawan,wmo:None
dago,"Dago, Bandung",2026-09-23,32.73.02.1004,Dago,kelurahan,no,-6.889,107.61,Asia/Jakarta,"BMKG point: Dago, Coblong, Kota Bandung",23-09-2026,KMA,Open-Meteo / KMA,16:00,2026-09-23 16:00:00,,,,,0.0,0.5408,Berawan,wmo:None
dago,"Dago, Bandung",2026-09-23,32.73.02.1004,Dago,kelurahan,no,-6.889,107.61,Asia/Jakarta,"BMKG point: Dago, Coblong, Kota Bandung",23-09-2026,KMA,Open-Meteo / KMA,17:00,2026-09-23 17:00:00,,,,,0.0,0.5408,Berawan,wmo:None
dago,"Dago, Bandung",2026-09-23,32.73.02.1004,Dago,kelurahan,no,-6.889,107.61,Asia/Jakarta,"BMKG point: Dago, Coblong, Kota Bandung",23-09-2026,KMA,Open-Meteo / KMA,18:00,2026-09-23 18:00:00,,,,,0.0,0.5408,Berawan,wmo:None
dago,"Dago, Bandung",2026-09-23,32.73.02.1004,Dago,kelurahan,no,-6.889,107.61,Asia/Jakarta,"BMKG point: Dago, Coblong, Kota Bandung",23-09-2026,KMA,Open-Meteo / KMA,19:00,2026-09-23 19:00:00,,,,,0.0,0.5408,Berawan,wmo:None
dago,"Dago, Bandung",2026-09-23,32.73.02.1004,Dago,kelurahan,no,-6.889,107.61,Asia/Jakarta,"BMKG point: Dago, Coblong, Kota Bandung",23-09-2026,KMA,Open-Meteo / KMA,20:00,2026-09-23 20:00:00,,,,,0.0,0.5408,Berawan,wmo:None
dago,"Dago, Bandung",2026-09-23,32.73.02.1004,Dago,kelurahan,no,-6.889,107.61,Asia/Jakarta,"BMKG point: Dago, Coblong, Kota Bandung",23-09-2026,KMA,Open-Meteo / KMA,21:00,2026-09-23 21:00:00,,,,,0.0,0.5408,Berawan,wmo:None
dago,"Dago, Bandung",2026-09-23,32.73.02.1004,Dago,kelurahan,no,-6.889,107.61,Asia/Jakarta,"BMKG point: Dago, Coblong, Kota Bandung",23-09-2026,KMA,Open-Meteo / KMA,22:00,2026-09-23 22:00:00,,,,,0.0,0.5408,Berawan,wmo:None
dago,"Dago, Bandung",2026-09-23,32.73.02.1004,Dago,kelurahan,no,-6.889,107.61,Asia/Jakarta,"BMKG point: Dago, Coblong, Kota Bandung",23-09-2026,KMA,Open-Meteo / KMA,23:00,2026-09-23 23:00:00,,,,,0.0,0.5408,Berawan,wmo:None
dago,"Dago, Bandung",2026-09-23,32.73.02.1004,Dago,kelurahan,no,-6.889,107.61,Asia/Jakarta,"BMKG point: Dago, Coblong, Kota Bandung",23-09-2026,METEOFRANCE,Open-Meteo / Meteo-France,00:00,2026-09-23 00:00:00,25.4,98.0,0.0,1.3,0.0,1.4644,Berawan,wmo:3
dago,"Dago, Bandung",2026-09-23,32.73.02.1004,Dago,kelurahan,no,-6.889,107.61,Asia/Jakarta,"BMKG point: Dago, Coblong, Kota Bandung",23-09-2026,METEOFRANCE,Open-Meteo / Meteo-France,01:00,2026-09-23 01:00:00,25.3,98.0,0.0,2.3,0.0,1.4644,Berawan,wmo:3
dago,"Dago, Bandung",2026-09-23,32.73.02.1004,Dago,kelurahan,no,-6.889,107.61,Asia/Jakarta,"BMKG point: Dago, Coblong, Kota Bandung",23-09-2026,METEOFRANCE,Open-Meteo / Meteo-France,02:00,2026-09-23 02:00:00,25.1,96.0,0.0,3.2,0.0,1.4644,Berawan,wmo:3
dago,"Dago, Bandung",2026-09-23,32.73.02.1004,Dago,kelurahan,no,-6.889,107.61,Asia/Jakarta,"BMKG point: Dago, Coblong, Kota Bandung",23-09-2026,METEOFRANCE,Open-Meteo / Meteo-France,03:00,2026-09-23 03:00:00,24.8,96.0,0.0,3.2,0.0,1.4644,Berawan,wmo:3
dago,"Dago, Bandung",2026-09-23,32.73.02.1004,Dago,kelurahan,no,-6.889,107.61,Asia/Jakarta,"BMKG point: Dago, Coblong, Kota Bandung",23-09-2026,METEOFRANCE,Open-Meteo / Meteo-France,04:00,2026-09-23 04:00:00,24.5,96.0,0.0,2.3,0.0,1.4644,Berawan,wmo:3
dago,"Dago, Bandung",2026-09-23,32.73.02.1004,Dago,kelurahan,no,-6.889,107.61,Asia/Jakarta,"BMKG point: Dago, Coblong, Kota Bandung",23-09-2026,METEOFRANCE,Open-Meteo / Meteo-France,05:00,2026-09-23 05:00:00,24.1,96.0,0.0,1.8,0.0,1.4644,Berawan,wmo:3
dago,"Dago, Bandung",2026-09-23,32.73.02.1004,Dago,kelurahan,no,-6.889,107.61,Asia/Jakarta,"BMKG point: Dago, Coblong, Kota Bandung",23-09-2026,METEOFRANCE,Open-Meteo / Meteo-France,06:00,2026-09-23 06:00:00,23.8,96.0,0.0,2.3,0.0,1.4644,Berawan,wmo:3
dago,"Dago, Bandung",2026-09-23,32.73.02.1004,Dago,kelurahan,no,-6.889,107.61,Asia/Jakarta,"BMKG point: Dago, Coblong, Kota Bandung",23-09-2026,METEOFRANCE,Open-Meteo / Meteo-France,07:00,2026-09-23 07:00:00,24.9,93.0,0.0,2.3,0.0,1.4644,Berawan,wmo:3
dago,"Dago, Bandung",2026-09-23,32.73.02.1004,Dago,kelurahan,no,-6.889,107.61,Asia/Jakarta,"BMKG point: Dago, Coblong, Kota Bandung",23-09-2026,METEOFRANCE,Open-Meteo / Meteo-France,08:00,2026-09-23 08:00:00,27.3,79.0,0.0,1.8,0.0,1.4644,Berawan,wmo:3
dago,"Dago, Bandung",2026-09-23,32.73.02.1004,Dago,kelurahan,no,-6.889,107.61,Asia/Jakarta,"BMKG point: Dago, Coblong, Kota Bandung",23-09-2026,METEOFRANCE,Open-Meteo / Meteo-France,09:00,2026-09-23 09:00:00,29.3,68.0,0.0,4.0,0.0,1.4644,Cerah Berawan,wmo:2
dago,"Dago, Bandung",2026-09-23,32.73.02.1004,Dago,kelurahan,no,-6.889,107.61,Asia/Jakarta,"BMKG point: Dago, Coblong, Kota Bandung",23-09-2026,METEOFRANCE,Open-Meteo / Meteo-France,10:00,2026-09-23 10:00:00,31.2,61.0,0.0,6.7,0.0,1.4644,Cerah Berawan,wmo:1
dago,"Dago, Bandung",2026-09-23,32.73.02.1004,Dago,kelurahan,no,-6.889,107.61,Asia/Jakarta,"BMKG point: Dago, Coblong, Kota Bandung",23-09-2026,METEOFRANCE,Open-Meteo / Meteo-France,11:00,2026-09-23 11:00:00,32.4,58.0,0.0,9.7,0.0,1.4644,Cerah Berawan,wmo:1
dago,"Dago, Bandung",2026-09-23,32.73.02.1004,Dago,kelurahan,no,-6.889,107.61,Asia/Jakarta,"BMKG point: Dago, Coblong, Kota Bandung",23-09-2026,METEOFRANCE,Open-Meteo / Meteo-France,12:00,2026-09-23 12:00:00,32.9,58.0,0.0,11.2,0.0,1.4644,Cerah Berawan,wmo:1
dago,"Dago, Bandung",2026-09-23,32.73.02.1004,Dago,kelurahan,no,-6.889,107.61,Asia/Jakarta,"BMKG point: Dago, Coblong, Kota Bandung",23-09-2026,METEOFRANCE,Open-Meteo / Meteo-France,13:00,2026-09-23 13:00:00,32.7,61.0,0.0,11.9,0.0,1.4644,Cerah Berawan,wmo:2
dago,"Dago, Bandung",2026-09-23,32.73.02.1004,Dago,kelurahan,no,-6.889,107.61,Asia/Jakarta,"BMKG point: Dago, Coblong, Kota Bandung",23-09-2026,METEOFRANCE,Open-Meteo / Meteo-France,14:00,2026-09-23 14:00:00,31.9,65.0,0.2,10.4,0.0,1.4644,Hujan Ringan,wmo:51
dago,"Dago, Bandung",2026-09-23,32.73.02.1004,Dago,kelurahan,no,-6.889,107.61,Asia/Jakarta,"BMKG point: Dago, Coblong, Kota Bandung",23-09-2026,METEOFRANCE,Open-Meteo / Meteo-France,15:00,2026-09-23 15:00:00,31.1,68.0,0.4,8.5,0.0,1.4644,Hujan Ringan,wmo:51
dago,"Dago, Bandung",2026-09-23,32.73.02.1004,Dago,kelurahan,no,-6.889,107.61,Asia/Jakarta,"BMKG point: Dago, Coblong, Kota Bandung",23-09-2026,METEOFRANCE,Open-Meteo / Meteo-France,16:00,2026-09-23 16:00:00,30.3,73.0,0.9,6.9,0.0,1.4644,Hujan Ringan,wmo:53
dago,"Dago, Bandung",2026-09-23,32.73.02.1004,Dago,kelurahan,no,-6.889,107.61,Asia/Jakarta,"BMKG point: Dago, Coblong, Kota Bandung",23-09-2026,METEOFRANCE,Open-Meteo / Meteo-France,17:00,2026-09-23 17:00:00,29.4,78.0,1.3,5.8,0.0,1.4644,Hujan Ringan,wmo:80
dago,"Dago, Bandung",2026-09-23,32.73.02.1004,Dago,kelurahan,no,-6.889,107.61,Asia/Jakarta,"BMKG point: Dago, Coblong, Kota Bandung",23-09-2026,METEOFRANCE,Open-Meteo / Meteo-France,18:00,2026-09-23 18:00:00,28.4,85.0,1.4,6.4,0.0,1.4644,Hujan Ringan,wmo:80
dago,"Dago, Bandung",2026-09-23,32.73.02.1004,Dago,kelurahan,no,-6.889,107.61,Asia/Jakarta,"BMKG point: Dago, Coblong, Kota Bandung",23-09-2026,METEOFRANCE,Open-Meteo / Meteo-France,19:00,2026-09-23 19:00:00,27.4,92.0,1.3,5.6,0.0,1.4644,Hujan Ringan,wmo:80
dago,"Dago, Bandung",2026-09-23,32.73.02.1004,Dago,kelurahan,no,-6.889,107.61,Asia/Jakarta,"BMKG point: Dago, Coblong, Kota Bandung",23-09-2026,METEOFRANCE,Open-Meteo / Meteo-France,20:00,2026-09-23 20:00:00,26.9,93.0,0.6,4.4,0.0,1.4644,Hujan Ringan,wmo:53
dago,"Dago, Bandung",2026-09-23,32.73.02.1004,Dago,kelurahan,no,-6.889,107.61,Asia/Jakarta,"BMKG point: Dago, Coblong, Kota Bandung",23-09-2026,METEOFRANCE,Open-Meteo / Meteo-France,21:00,2026-09-23 21:00:00,26.6,93.0,0.1,3.8,0.0,1.4644,Hujan Ringan,wmo:51
dago,"Dago, Bandung",2026-09-23,32.73.02.1004,Dago,kelurahan,no,-6.889,107.61,Asia/Jakarta,"BMKG point: Dago, Coblong, Kota Bandung",23-09-2026,METEOFRANCE,Open-Meteo / Meteo-France,22:00,2026-09-23 22:00:00,26.2,94.0,0.0,3.4,0.0,1.4644,Berawan,wmo:3
dago,"Dago, Bandung",2026-09-23,32.73.02.1004,Dago,kelurahan,no,-6.889,107.61,Asia/Jakarta,"BMKG point: Dago, Coblong, Kota Bandung",23-09-2026,METEOFRANCE,Open-Meteo / Meteo-France,23:00,2026-09-23 23:00:00,25.9,94.0,0.0,3.0,0.0,1.4644,Berawan,wmo:3
dago,"Dago, Bandung",2026-09-23,32.73.02.1004,Dago,kelurahan,no,-6.889,107.61,Asia/Jakarta,"BMKG point: Dago, Coblong, Kota Bandung",23-09-2026,METNO,MET Norway,00:00,2026-09-23 00:00:00,21.2,89.1,0.0,3.96,0.0,1.3239,Berawan,fog
dago,"Dago, Bandung",2026-09-23,32.73.02.1004,Dago,kelurahan,no,-6.889,107.61,Asia/Jakarta,"BMKG point: Dago, Coblong, Kota Bandung",23-09-2026,METNO,MET Norway,01:00,2026-09-23 01:00:00,20.6,92.9,0.0,2.88,0.0,1.3239,Berawan,fog
dago,"Dago, Bandung",2026-09-23,32.73.02.1004,Dago,kelurahan,no,-6.889,107.61,Asia/Jakarta,"BMKG point: Dago, Coblong, Kota Bandung",23-09-2026,METNO,MET Norway,02:00,2026-09-23 02:00:00,19.9,96.4,0.0,2.52,0.0,1.3239,Berawan,cloudy
dago,"Dago, Bandung",2026-09-23,32.73.02.1004,Dago,kelurahan,no,-6.889,107.61,Asia/Jakarta,"BMKG point: Dago, Coblong, Kota Bandung",23-09-2026,METNO,MET Norway,03:00,2026-09-23 03:00:00,19.5,97.4,0.0,2.88,0.0,1.3239,Berawan,cloudy
dago,"Dago, Bandung",2026-09-23,32.73.02.1004,Dago,kelurahan,no,-6.889,107.61,Asia/Jakarta,"BMKG point: Dago, Coblong, Kota Bandung",23-09-2026,METNO,MET Norway,04:00,2026-09-23 04:00:00,18.9,99.5,0.0,3.6,0.0,1.3239,Berawan,fog
dago,"Dago, Bandung",2026-09-23,32.73.02.1004,Dago,kelurahan,no,-6.889,107.61,Asia/Jakarta,"BMKG point: Dago, Coblong, Kota Bandung",23-09-2026,METNO,MET Norway,05:00,2026-09-23 05:00:00,18.5,99.4,0.0,4.68,0.0,1.3239,Berawan,fog
dago,"Dago, Bandung",2026-09-23,32.73.02.1004,Dago,kelurahan,no,-6.889,107.61,Asia/Jakarta,"BMKG point: Dago, Coblong, Kota Bandung",23-09-2026,METNO,MET Norway,06:00,2026-09-23 06:00:00,18.4,99.4,0.0,5.4,0.0,1.3239,Berawan,fog
dago,"Dago, Bandung",2026-09-23,32.73.02.1004,Dago,kelurahan,no,-6.889,107.61,Asia/Jakarta,"BMKG point: Dago, Coblong, Kota Bandung",23-09-2026,METNO,MET Norway,07:00,2026-09-23 07:00:00,20.5,91.7,0.0,5.04,0.0,1.3239,Cerah Berawan,partlycloudy_day
dago,"Dago, Bandung",2026-09-23,32.73.02.1004,Dago,kelurahan,no,-6.889,107.61,Asia/Jakarta,"BMKG point: Dago, Coblong, Kota Bandung",23-09-2026,METNO,MET Norway,08:00,2026-09-23 08:00:00,23.2,74.5,0.0,3.6,0.0,1.3239,Cerah Berawan,partlycloudy_day
dago,"Dago, Bandung",2026-09-23,32.73.02.1004,Dago,kelurahan,no,-6.889,107.61,Asia/Jakarta,"BMKG point: Dago, Coblong, Kota Bandung",23-09-2026,METNO,MET Norway,09:00,2026-09-23 09:00:00,25.6,60.8,0.0,4.32,0.0,1.3239,Cerah Berawan,partlycloudy_day
dago,"Dago, Bandung",2026-09-23,32.73.02.1004,Dago,kelurahan,no,-6.889,107.61,Asia/Jakarta,"BMKG point: Dago, Coblong, Kota Bandung",23-09-2026,METNO,MET Norway,10:00,2026-09-23 10:00:00,27.7,51.5,0.0,6.12,0.0,1.3239,Cerah Berawan,partlycloudy_day
dago,"Dago, Bandung",2026-09-23,32.73.02.1004,Dago,kelurahan,no,-6.889,107.61,Asia/Jakarta,"BMKG point: Dago, Coblong, Kota Bandung",23-09-2026,METNO,MET Norway,11:00,2026-09-23 11:00:00,29.3,44.2,0.0,7.92,0.0,1.3239,Cerah Berawan,fair_day
dago,"Dago, Bandung",2026-09-23,32.73.02.1004,Dago,kelurahan,no,-6.889,107.61,Asia/Jakarta,"BMKG point: Dago, Coblong, Kota Bandung",23-09-2026,METNO,MET Norway,12:00,2026-09-23 12:00:00,30.3,39.7,0.1,8.64,0.0,1.3239,Hujan Ringan,lightrainshowers_day
dago,"Dago, Bandung",2026-09-23,32.73.02.1004,Dago,kelurahan,no,-6.889,107.61,Asia/Jakarta,"BMKG point: Dago, Coblong, Kota Bandung",23-09-2026,METNO,MET Norway,13:00,2026-09-23 13:00:00,31.0,38.0,0.5,9.36,0.0,1.3239,Hujan Ringan,rainshowers_day
dago,"Dago, Bandung",2026-09-23,32.73.02.1004,Dago,kelurahan,no,-6.889,107.61,Asia/Jakarta,"BMKG point: Dago, Coblong, Kota Bandung",23-09-2026,METNO,MET Norway,14:00,2026-09-23 14:00:00,29.4,46.4,1.3,12.96,0.0,1.3239,Hujan Lebat,heavyrainshowers_day
dago,"Dago, Bandung",2026-09-23,32.73.02.1004,Dago,kelurahan,no,-6.889,107.61,Asia/Jakarta,"BMKG point: Dago, Coblong, Kota Bandung",23-09-2026,METNO,MET Norway,15:00,2026-09-23 15:00:00,28.1,52.9,0.5,8.28,0.0,1.3239,Hujan Ringan,rainshowers_day
dago,"Dago, Bandung",2026-09-23,32.73.02.1004,Dago,kelurahan,no,-6.889,107.61,Asia/Jakarta,"BMKG point: Dago, Coblong, Kota Bandung",23-09-2026,METNO,MET Norway,16:00,2026-09-23 16:00:00,27.8,53.8,0.3,7.92,0.0,1.3239,Hujan Ringan,rainshowers_day
dago,"Dago, Bandung",2026-09-23,32.73.02.1004,Dago,kelurahan,no,-6.889,107.61,Asia/Jakarta,"BMKG point: Dago, Coblong, Kota Bandung",23-09-2026,METNO,MET Norway,17:00,2026-09-23 17:00:00,26.7,58.1,0.0,9.72,0.0,1.3239,Cerah Berawan,fair_day
dago,"Dago, Bandung",2026-09-23,32.73.02.1004,Dago,kelurahan,no,-6.889,107.61,Asia/Jakarta,"BMKG point: Dago, Coblong, Kota Bandung",23-09-2026,METNO,MET Norway,18:00,2026-09-23 18:00:00,25.5,65.4,0.0,6.84,0.0,1.3239,Cerah Berawan,fair_night
dago,"Dago, Bandung",2026-09-23,32.73.02.1004,Dago,kelurahan,no,-6.889,107.61,Asia/Jakarta,"BMKG point: Dago, Coblong, Kota Bandung",23-09-2026,METNO,MET Norway,19:00,2026-09-23 19:00:00,24.6,69.5,0.0,4.68,0.0,1.3239,Cerah Berawan,fair_night
dago,"Dago, Bandung",2026-09-23,32.73.02.1004,Dago,kelurahan,no,-6.889,107.61,Asia/Jakarta,"BMKG point: Dago, Coblong, Kota Bandung",23-09-2026,METNO,MET Norway,20:00,2026-09-23 20:00:00,23.9,72.6,0.0,4.32,0.0,1.3239,Cerah Berawan,fair_night
dago,"Dago, Bandung",2026-09-23,32.73.02.1004,Dago,kelurahan,no,-6.889,107.61,Asia/Jakarta,"BMKG point: Dago, Coblong, Kota Bandung",23-09-2026,METNO,MET Norway,21:00,2026-09-23 21:00:00,23.2,75.1,0.0,4.32,0.0,1.3239,Cerah Berawan,partlycloudy_night
dago,"Dago, Bandung",2026-09-23,32.73.02.1004,Dago,kelurahan,no,-6.889,107.61,Asia/Jakarta,"BMKG point: Dago, Coblong, Kota Bandung",23-09-2026,METNO,MET Norway,22:00,2026-09-23 22:00:00,22.6,78.0,0.0,4.68,0.0,1.3239,Cerah Berawan,partlycloudy_night
dago,"Dago, Bandung",2026-09-23,32.73.02.1004,Dago,kelurahan,no,-6.889,107.61,Asia/Jakarta,"BMKG point: Dago, Coblong, Kota Bandung",23-09-2026,METNO,MET Norway,23:00,2026-09-23 23:00:00,22.0,80.3,0.0,4.32,0.0,1.3239,Cerah Berawan,partlycloudy_night
dago,"Dago, Bandung",2026-09-23,32.73.02.1004,Dago,kelurahan,no,-6.889,107.61,Asia/Jakarta,"BMKG point: Dago, Coblong, Kota Bandung",23-09-2026,UKMO,Open-Meteo / UK Met Office,00:00,2026-09-23 00:00:00,21.8,86.0,0.0,3.2,0.0,1.2997,Cerah,wmo:0
dago,"Dago, Bandung",2026-09-23,32.73.02.1004,Dago,kelurahan,no,-6.889,107.61,Asia/Jakarta,"BMKG point: Dago, Coblong, Kota Bandung",23-09-2026,UKMO,Open-Meteo / UK Met Office,01:00,2026-09-23 01:00:00,21.3,88.0,0.0,2.9,0.0,1.2997,Cerah Berawan,wmo:2
dago,"Dago, Bandung",2026-09-23,32.73.02.1004,Dago,kelurahan,no,-6.889,107.61,Asia/Jakarta,"BMKG point: Dago, Coblong, Kota Bandung",23-09-2026,UKMO,Open-Meteo / UK Met Office,02:00,2026-09-23 02:00:00,21.5,88.0,0.0,2.9,0.0,1.2997,Cerah Berawan,wmo:1
dago,"Dago, Bandung",2026-09-23,32.73.02.1004,Dago,kelurahan,no,-6.889,107.61,Asia/Jakarta,"BMKG point: Dago, Coblong, Kota Bandung",23-09-2026,UKMO,Open-Meteo / UK Met Office,03:00,2026-09-23 03:00:00,20.9,89.0,0.0,4.0,0.0,1.2997,Cerah,wmo:0
dago,"Dago, Bandung",2026-09-23,32.73.02.1004,Dago,kelurahan,no,-6.889,107.61,Asia/Jakarta,"BMKG point: Dago, Coblong, Kota Bandung",23-09-2026,UKMO,Open-Meteo / UK Met Office,04:00,2026-09-23 04:00:00,20.6,87.0,0.0,4.3,0.0,1.2997,Cerah,wmo:0
dago,"Dago, Bandung",2026-09-23,32.73.02.1004,Dago,kelurahan,no,-6.889,107.61,Asia/Jakarta,"BMKG point: Dago, Coblong, Kota Bandung",23-09-2026,UKMO,Open-Meteo / UK Met Office,05:00,2026-09-23 05:00:00,20.3,87.0,0.0,3.2,0.0,1.2997,Cerah,wmo:0
dago,"Dago, Bandung",2026-09-23,32.73.02.1004,Dago,kelurahan,no,-6.889,107.61,Asia/Jakarta,"BMKG point: Dago, Coblong, Kota Bandung",23-09-2026,UKMO,Open-Meteo / UK Met Office,06:00,2026-09-23 06:00:00,20.1,86.0,0.0,3.2,0.0,1.2997,Cerah,wmo:0
dago,"Dago, Bandung",2026-09-23,32.73.02.1004,Dago,kelurahan,no,-6.889,107.61,Asia/Jakarta,"BMKG point: Dago, Coblong, Kota Bandung",23-09-2026,UKMO,Open-Meteo / UK Met Office,07:00,2026-09-23 07:00:00,21.0,81.0,0.0,3.2,0.0,1.2997,Cerah,wmo:0
dago,"Dago, Bandung",2026-09-23,32.73.02.1004,Dago,kelurahan,no,-6.889,107.61,Asia/Jakarta,"BMKG point: Dago, Coblong, Kota Bandung",23-09-2026,UKMO,Open-Meteo / UK Met Office,08:00,2026-09-23 08:00:00,22.2,78.0,0.0,3.6,0.0,1.2997,Cerah,wmo:0
dago,"Dago, Bandung",2026-09-23,32.73.02.1004,Dago,kelurahan,no,-6.889,107.61,Asia/Jakarta,"BMKG point: Dago, Coblong, Kota Bandung",23-09-2026,UKMO,Open-Meteo / UK Met Office,09:00,2026-09-23 09:00:00,23.8,72.0,0.0,2.9,0.0,1.2997,Cerah,wmo:0
dago,"Dago, Bandung",2026-09-23,32.73.02.1004,Dago,kelurahan,no,-6.889,107.61,Asia/Jakarta,"BMKG point: Dago, Coblong, Kota Bandung",23-09-2026,UKMO,Open-Meteo / UK Met Office,10:00,2026-09-23 10:00:00,25.8,63.0,0.0,3.2,0.0,1.2997,Cerah,wmo:0
dago,"Dago, Bandung",2026-09-23,32.73.02.1004,Dago,kelurahan,no,-6.889,107.61,Asia/Jakarta,"BMKG point: Dago, Coblong, Kota Bandung",23-09-2026,UKMO,Open-Meteo / UK Met Office,11:00,2026-09-23 11:00:00,27.8,51.0,0.0,5.4,0.0,1.2997,Cerah Berawan,wmo:1
dago,"Dago, Bandung",2026-09-23,32.73.02.1004,Dago,kelurahan,no,-6.889,107.61,Asia/Jakarta,"BMKG point: Dago, Coblong, Kota Bandung",23-09-2026,UKMO,Open-Meteo / UK Met Office,12:00,2026-09-23 12:00:00,28.8,44.0,0.0,5.0,0.0,1.2997,Cerah,wmo:0
dago,"Dago, Bandung",2026-09-23,32.73.02.1004,Dago,kelurahan,no,-6.889,107.61,Asia/Jakarta,"BMKG point: Dago, Coblong, Kota Bandung",23-09-2026,UKMO,Open-Meteo / UK Met Office,13:00,2026-09-23 13:00:00,30.6,35.0,0.0,3.6,0.0,1.2997,Cerah Berawan,wmo:1
dago,"Dago, Bandung",2026-09-23,32.73.02.1004,Dago,kelurahan,no,-6.889,107.61,Asia/Jakarta,"BMKG point: Dago, Coblong, Kota Bandung",23-09-2026,UKMO,Open-Meteo / UK Met Office,14:00,2026-09-23 14:00:00,30.2,40.0,0.0,7.9,0.0,1.2997,Berawan,wmo:3
dago,"Dago, Bandung",2026-09-23,32.73.02.1004,Dago,kelurahan,no,-6.889,107.61,Asia/Jakarta,"BMKG point: Dago, Coblong, Kota Bandung",23-09-2026,UKMO,Open-Meteo / UK Met Office,15:00,2026-09-23 15:00:00,30.1,42.0,0.0,3.2,0.0,1.2997,Cerah Berawan,wmo:1
dago,"Dago, Bandung",2026-09-23,32.73.02.1004,Dago,kelurahan,no,-6.889,107.61,Asia/Jakarta,"BMKG point: Dago, Coblong, Kota Bandung",23-09-2026,UKMO,Open-Meteo / UK Met Office,16:00,2026-09-23 16:00:00,29.4,46.0,0.1,7.6,0.0,1.2997,Hujan Ringan,wmo:51
dago,"Dago, Bandung",2026-09-23,32.73.02.1004,Dago,kelurahan,no,-6.889,107.61,Asia/Jakarta,"BMKG point: Dago, Coblong, Kota Bandung",23-09-2026,UKMO,Open-Meteo / UK Met Office,17:00,2026-09-23 17:00:00,27.4,55.0,0.1,11.2,0.0,1.2997,Hujan Ringan,wmo:51
dago,"Dago, Bandung",2026-09-23,32.73.02.1004,Dago,kelurahan,no,-6.889,107.61,Asia/Jakarta,"BMKG point: Dago, Coblong, Kota Bandung",23-09-2026,UKMO,Open-Meteo / UK Met Office,18:00,2026-09-23 18:00:00,26.0,65.0,0.2,9.7,0.0,1.2997,Hujan Ringan,wmo:51
dago,"Dago, Bandung",2026-09-23,32.73.02.1004,Dago,kelurahan,no,-6.889,107.61,Asia/Jakarta,"BMKG point: Dago, Coblong, Kota Bandung",23-09-2026,UKMO,Open-Meteo / UK Met Office,19:00,2026-09-23 19:00:00,24.7,73.0,0.0,4.7,0.0,1.2997,Cerah Berawan,wmo:2
dago,"Dago, Bandung",2026-09-23,32.73.02.1004,Dago,kelurahan,no,-6.889,107.61,Asia/Jakarta,"BMKG point: Dago, Coblong, Kota Bandung",23-09-2026,UKMO,Open-Meteo / UK Met Office,20:00,2026-09-23 20:00:00,24.7,72.0,0.0,4.7,0.0,1.2997,Cerah,wmo:0
dago,"Dago, Bandung",2026-09-23,32.73.02.1004,Dago,kelurahan,no,-6.889,107.61,Asia/Jakarta,"BMKG point: Dago, Coblong, Kota Bandung",23-09-2026,UKMO,Open-Meteo / UK Met Office,21:00,2026-09-23 21:00:00,23.8,77.0,0.0,5.0,0.0,1.2997,Cerah,wmo:0
dago,"Dago, Bandung",2026-09-23,32.73.02.1004,Dago,kelurahan,no,-6.889,107.61,Asia/Jakarta,"BMKG point: Dago, Coblong, Kota Bandung",23-09-2026,UKMO,Open-Meteo / UK Met Office,22:00,2026-09-23 22:00:00,23.2,80.0,0.0,4.0,0.0,1.2997,Cerah,wmo:0
dago,"Dago, Bandung",2026-09-23,32.73.02.1004,Dago,kelurahan,no,-6.889,107.61,Asia/Jakarta,"BMKG point: Dago, Coblong, Kota Bandung",23-09-2026,UKMO,Open-Meteo / UK Met Office,23:00,2026-09-23 23:00:00,22.5,86.0,0.0,3.2,0.0,1.2997,Cerah Berawan,wmo:1
dago,"Dago, Bandung",2026-09-24,32.73.02.1004,Dago,kelurahan,no,-6.889,107.61,Asia/Jakarta,"BMKG point: Dago, Coblong, Kota Bandung",24-09-2026,BMKG,BMKG,00:00,2026-09-24 01:00:00,21.0,92.0,0.0,3.9,60.0,1.1593,Berawan,Berawan
dago,"Dago, Bandung",2026-09-24,32.73.02.1004,Dago,kelurahan,no,-6.889,107.61,Asia/Jakarta,"BMKG point: Dago, Coblong, Kota Bandung",24-09-2026,BMKG,BMKG,01:00,2026-09-24 01:00:00,21.0,92.0,0.0,3.9,0.0,1.5457,Berawan,Berawan
dago,"Dago, Bandung",2026-09-24,32.73.02.1004,Dago,kelurahan,no,-6.889,107.61,Asia/Jakarta,"BMKG point: Dago, Coblong, Kota Bandung",24-09-2026,BMKG,BMKG,02:00,2026-09-24 01:00:00,21.0,92.0,0.0,3.9,60.0,1.1593,Berawan,Berawan
dago,"Dago, Bandung",2026-09-24,32.73.02.1004,Dago,kelurahan,no,-6.889,107.61,Asia/Jakarta,"BMKG point: Dago, Coblong, Kota Bandung",24-09-2026,BMKG,BMKG,03:00,2026-09-24 04:00:00,20.0,94.0,0.0,0.3,60.0,1.1593,Cerah Berawan,Cerah Berawan
dago,"Dago, Bandung",2026-09-24,32.73.02.1004,Dago,kelurahan,no,-6.889,107.61,Asia/Jakarta,"BMKG point: Dago, Coblong, Kota Bandung",24-09-2026,BMKG,BMKG,04:00,2026-09-24 04:00:00,20.0,94.0,0.0,0.3,0.0,1.5457,Cerah Berawan,Cerah Berawan
dago,"Dago, Bandung",2026-09-24,32.73.02.1004,Dago,kelurahan,no,-6.889,107.61,Asia/Jakarta,"BMKG point: Dago, Coblong, Kota Bandung",24-09-2026,BMKG,BMKG,05:00,2026-09-24 04:00:00,20.0,94.0,0.0,0.3,60.0,1.1593,Cerah Berawan,Cerah Berawan
dago,"Dago, Bandung",2026-09-24,32.73.02.1004,Dago,kelurahan,no,-6.889,107.61,Asia/Jakarta,"BMKG point: Dago, Coblong, Kota Bandung",24-09-2026,BMKG,BMKG,06:00,2026-09-24 07:00:00,23.0,79.0,0.0,2.1,60.0,1.1593,Berawan,Berawan
dago,"Dago, Bandung",2026-09-24,32.73.02.1004,Dago,kelurahan,no,-6.889,107.61,Asia/Jakarta,"BMKG point: Dago, Coblong, Kota Bandung",24-09-2026,BMKG,BMKG,07:00,2026-09-24 07:00:00,23.0,79.0,0.0,2.1,0.0,1.5457,Berawan,Berawan
dago,"Dago, Bandung",2026-09-24,32.73.02.1004,Dago,kelurahan,no,-6.889,107.61,Asia/Jakarta,"BMKG point: Dago, Coblong, Kota Bandung",24-09-2026,BMKG,BMKG,08:00,2026-09-24 07:00:00,23.0,79.0,0.0,2.1,60.0,1.1593,Berawan,Berawan
dago,"Dago, Bandung",2026-09-24,32.73.02.1004,Dago,kelurahan,no,-6.889,107.61,Asia/Jakarta,"BMKG point: Dago, Coblong, Kota Bandung",24-09-2026,BMKG,BMKG,09:00,2026-09-24 10:00:00,28.0,55.0,0.0,5.0,60.0,1.1593,Berawan,Berawan
dago,"Dago, Bandung",2026-09-24,32.73.02.1004,Dago,kelurahan,no,-6.889,107.61,Asia/Jakarta,"BMKG point: Dago, Coblong, Kota Bandung",24-09-2026,BMKG,BMKG,10:00,2026-09-24 10:00:00,28.0,55.0,0.0,5.0,0.0,1.5457,Berawan,Berawan
dago,"Dago, Bandung",2026-09-24,32.73.02.1004,Dago,kelurahan,no,-6.889,107.61,Asia/Jakarta,"BMKG point: Dago, Coblong, Kota Bandung",24-09-2026,BMKG,BMKG,11:00,2026-09-24 10:00:00,28.0,55.0,0.0,5.0,60.0,1.1593,Berawan,Berawan
dago,"Dago, Bandung",2026-09-24,32.73.02.1004,Dago,kelurahan,no,-6.889,107.61,Asia/Jakarta,"BMKG point: Dago, Coblong, Kota Bandung",24-09-2026,BMKG,BMKG,12:00,2026-09-24 13:00:00,27.0,61.0,0.0,5.0,60.0,1.1593,Cerah Berawan,Cerah Berawan
dago,"Dago, Bandung",2026-09-24,32.73.02.1004,Dago,kelurahan,no,-6.889,107.61,Asia/Jakarta,"BMKG point: Dago, Coblong, Kota Bandung",24-09-2026,BMKG,BMKG,13:00,2026-09-24 13:00:00,27.0,61.0,0.0,5.0,0.0,1.5457,Cerah Berawan,Cerah Berawan
dago,"Dago, Bandung",2026-09-24,32.73.02.1004,Dago,kelurahan,no,-6.889,107.61,Asia/Jakarta,"BMKG point: Dago, Coblong, Kota Bandung",24-09-2026,BMKG,BMKG,14:00,2026-09-24 13:00:00,27.0,61.0,0.0,5.0,60.0,1.1593,Cerah Berawan,Cerah Berawan
dago,"Dago, Bandung",2026-09-24,32.73.02.1004,Dago,kelurahan,no,-6.889,107.61,Asia/Jakarta,"BMKG point: Dago, Coblong, Kota Bandung",24-09-2026,BMKG,BMKG,15:00,2026-09-24 16:00:00,24.0,79.0,0.0,1.8,60.0,1.1593,Cerah Berawan,Cerah Berawan
dago,"Dago, Bandung",2026-09-24,32.73.02.1004,Dago,kelurahan,no,-6.889,107.61,Asia/Jakarta,"BMKG point: Dago, Coblong, Kota Bandung",24-09-2026,BMKG,BMKG,16:00,2026-09-24 16:00:00,24.0,79.0,0.0,1.8,0.0,1.5457,Cerah Berawan,Cerah Berawan
dago,"Dago, Bandung",2026-09-24,32.73.02.1004,Dago,kelurahan,no,-6.889,107.61,Asia/Jakarta,"BMKG point: Dago, Coblong, Kota Bandung",24-09-2026,BMKG,BMKG,17:00,2026-09-24 16:00:00,24.0,79.0,0.0,1.8,60.0,1.1593,Cerah Berawan,Cerah Berawan
dago,"Dago, Bandung",2026-09-24,32.73.02.1004,Dago,kelurahan,no,-6.889,107.61,Asia/Jakarta,"BMKG point: Dago, Coblong, Kota Bandung",24-09-2026,BMKG,BMKG,18:00,2026-09-24 19:00:00,23.0,89.0,0.0,1.8,60.0,1.1593,Cerah,Cerah
dago,"Dago, Bandung",2026-09-24,32.73.02.1004,Dago,kelurahan,no,-6.889,107.61,Asia/Jakarta,"BMKG point: Dago, Coblong, Kota Bandung",24-09-2026,BMKG,BMKG,19:00,2026-09-24 19:00:00,23.0,89.0,0.0,1.8,0.0,1.5457,Cerah,Cerah
dago,"Dago, Bandung",2026-09-24,32.73.02.1004,Dago,kelurahan,no,-6.889,107.61,Asia/Jakarta,"BMKG point: Dago, Coblong, Kota Bandung",24-09-2026,BMKG,BMKG,20:00,2026-09-24 19:00:00,23.0,89.0,0.0,1.8,60.0,1.1593,Cerah,Cerah
dago,"Dago, Bandung",2026-09-24,32.73.02.1004,Dago,kelurahan,no,-6.889,107.61,Asia/Jakarta,"BMKG point: Dago, Coblong, Kota Bandung",24-09-2026,BMKG,BMKG,21:00,2026-09-24 22:00:00,20.0,95.0,0.0,2.0,60.0,1.1593,Cerah Berawan,Cerah Berawan
dago,"Dago, Bandung",2026-09-24,32.73.02.1004,Dago,kelurahan,no,-6.889,107.61,Asia/Jakarta,"BMKG point: Dago, Coblong, Kota Bandung",24-09-2026,BMKG,BMKG,22:00,2026-09-24 22:00:00,20.0,95.0,0.0,2.0,0.0,1.5457,Cerah Berawan,Cerah Berawan
dago,"Dago, Bandung",2026-09-24,32.73.02.1004,Dago,kelurahan,no,-6.889,107.61,Asia/Jakarta,"BMKG point: Dago, Coblong, Kota Bandung",24-09-2026,BMKG,BMKG,23:00,2026-09-24 22:00:00,20.0,95.0,0.0,2.0,60.0,1.1593,Cerah Berawan,Cerah Berawan
dago,"Dago, Bandung",2026-09-24,32.73.02.1004,Dago,kelurahan,no,-6.889,107.61,Asia/Jakarta,"BMKG point: Dago, Coblong, Kota Bandung",24-09-2026,CMA,Open-Meteo / CMA GRAPES,00:00,2026-09-24 00:00:00,21.7,82.0,0.0,5.2,0.0,1.1255,Cerah Berawan,wmo:2
dago,"Dago, Bandung",2026-09-24,32.73.02.1004,Dago,kelurahan,no,-6.889,107.61,Asia/Jakarta,"BMKG point: Dago, Coblong, Kota Bandung",24-09-2026,CMA,Open-Meteo / CMA GRAPES,01:00,2026-09-24 01:00:00,21.4,81.0,0.0,3.9,0.0,1.1255,Cerah Berawan,wmo:2
dago,"Dago, Bandung",2026-09-24,32.73.02.1004,Dago,kelurahan,no,-6.889,107.61,Asia/Jakarta,"BMKG point: Dago, Coblong, Kota Bandung",24-09-2026,CMA,Open-Meteo / CMA GRAPES,02:00,2026-09-24 02:00:00,21.1,81.0,0.0,2.8,0.0,1.1255,Cerah Berawan,wmo:2
dago,"Dago, Bandung",2026-09-24,32.73.02.1004,Dago,kelurahan,no,-6.889,107.61,Asia/Jakarta,"BMKG point: Dago, Coblong, Kota Bandung",24-09-2026,CMA,Open-Meteo / CMA GRAPES,03:00,2026-09-24 03:00:00,20.8,82.0,0.0,2.2,0.0,1.1255,Cerah Berawan,wmo:2
dago,"Dago, Bandung",2026-09-24,32.73.02.1004,Dago,kelurahan,no,-6.889,107.61,Asia/Jakarta,"BMKG point: Dago, Coblong, Kota Bandung",24-09-2026,CMA,Open-Meteo / CMA GRAPES,04:00,2026-09-24 04:00:00,20.7,81.0,0.0,2.4,0.0,1.1255,Berawan,wmo:3
dago,"Dago, Bandung",2026-09-24,32.73.02.1004,Dago,kelurahan,no,-6.889,107.61,Asia/Jakarta,"BMKG point: Dago, Coblong, Kota Bandung",24-09-2026,CMA,Open-Meteo / CMA GRAPES,05:00,2026-09-24 05:00:00,21.0,79.0,0.0,3.6,0.0,1.1255,Berawan,wmo:3
dago,"Dago, Bandung",2026-09-24,32.73.02.1004,Dago,kelurahan,no,-6.889,107.61,Asia/Jakarta,"BMKG point: Dago, Coblong, Kota Bandung",24-09-2026,CMA,Open-Meteo / CMA GRAPES,06:00,2026-09-24 06:00:00,21.6,76.0,0.0,5.1,0.0,1.1255,Berawan,wmo:3
dago,"Dago, Bandung",2026-09-24,32.73.02.1004,Dago,kelurahan,no,-6.889,107.61,Asia/Jakarta,"BMKG point: Dago, Coblong, Kota Bandung",24-09-2026,CMA,Open-Meteo / CMA GRAPES,07:00,2026-09-24 07:00:00,22.4,73.0,0.0,5.4,0.0,1.1255,Berawan,wmo:3
dago,"Dago, Bandung",2026-09-24,32.73.02.1004,Dago,kelurahan,no,-6.889,107.61,Asia/Jakarta,"BMKG point: Dago, Coblong, Kota Bandung",24-09-2026,CMA,Open-Meteo / CMA GRAPES,08:00,2026-09-24 08:00:00,23.4,70.0,0.0,4.7,0.0,1.1255,Berawan,wmo:3
dago,"Dago, Bandung",2026-09-24,32.73.02.1004,Dago,kelurahan,no,-6.889,107.61,Asia/Jakarta,"BMKG point: Dago, Coblong, Kota Bandung",24-09-2026,CMA,Open-Meteo / CMA GRAPES,09:00,2026-09-24 09:00:00,24.7,67.0,0.0,7.2,0.0,1.1255,Cerah Berawan,wmo:2
dago,"Dago, Bandung",2026-09-24,32.73.02.1004,Dago,kelurahan,no,-6.889,107.61,Asia/Jakarta,"BMKG point: Dago, Coblong, Kota Bandung",24-09-2026,CMA,Open-Meteo / CMA GRAPES,10:00,2026-09-24 10:00:00,26.0,62.0,0.0,10.1,0.0,1.1255,Cerah Berawan,wmo:2
dago,"Dago, Bandung",2026-09-24,32.73.02.1004,Dago,kelurahan,no,-6.889,107.61,Asia/Jakarta,"BMKG point: Dago, Coblong, Kota Bandung",24-09-2026,CMA,Open-Meteo / CMA GRAPES,11:00,2026-09-24 11:00:00,27.3,54.0,0.0,11.9,0.0,1.1255,Cerah Berawan,wmo:1
dago,"Dago, Bandung",2026-09-24,32.73.02.1004,Dago,kelurahan,no,-6.889,107.61,Asia/Jakarta,"BMKG point: Dago, Coblong, Kota Bandung",24-09-2026,CMA,Open-Meteo / CMA GRAPES,12:00,2026-09-24 12:00:00,28.5,45.0,0.0,13.1,0.0,1.1255,Cerah Berawan,wmo:1
dago,"Dago, Bandung",2026-09-24,32.73.02.1004,Dago,kelurahan,no,-6.889,107.61,Asia/Jakarta,"BMKG point: Dago, Coblong, Kota Bandung",24-09-2026,CMA,Open-Meteo / CMA GRAPES,13:00,2026-09-24 13:00:00,29.3,39.0,0.0,14.2,0.0,1.1255,Cerah,wmo:0
dago,"Dago, Bandung",2026-09-24,32.73.02.1004,Dago,kelurahan,no,-6.889,107.61,Asia/Jakarta,"BMKG point: Dago, Coblong, Kota Bandung",24-09-2026,CMA,Open-Meteo / CMA GRAPES,14:00,2026-09-24 14:00:00,29.3,39.0,0.0,15.2,0.0,1.1255,Cerah Berawan,wmo:1
dago,"Dago, Bandung",2026-09-24,32.73.02.1004,Dago,kelurahan,no,-6.889,107.61,Asia/Jakarta,"BMKG point: Dago, Coblong, Kota Bandung",24-09-2026,CMA,Open-Meteo / CMA GRAPES,15:00,2026-09-24 15:00:00,28.7,42.0,0.0,15.8,0.0,1.1255,Cerah Berawan,wmo:2
dago,"Dago, Bandung",2026-09-24,32.73.02.1004,Dago,kelurahan,no,-6.889,107.61,Asia/Jakarta,"BMKG point: Dago, Coblong, Kota Bandung",24-09-2026,CMA,Open-Meteo / CMA GRAPES,16:00,2026-09-24 16:00:00,27.9,48.0,0.0,15.8,0.0,1.1255,Berawan,wmo:3
dago,"Dago, Bandung",2026-09-24,32.73.02.1004,Dago,kelurahan,no,-6.889,107.61,Asia/Jakarta,"BMKG point: Dago, Coblong, Kota Bandung",24-09-2026,CMA,Open-Meteo / CMA GRAPES,17:00,2026-09-24 17:00:00,26.8,57.0,0.0,15.3,0.0,1.1255,Berawan,wmo:3
dago,"Dago, Bandung",2026-09-24,32.73.02.1004,Dago,kelurahan,no,-6.889,107.61,Asia/Jakarta,"BMKG point: Dago, Coblong, Kota Bandung",24-09-2026,CMA,Open-Meteo / CMA GRAPES,18:00,2026-09-24 18:00:00,25.4,69.0,0.0,14.4,0.0,1.1255,Berawan,wmo:3
dago,"Dago, Bandung",2026-09-24,32.73.02.1004,Dago,kelurahan,no,-6.889,107.61,Asia/Jakarta,"BMKG point: Dago, Coblong, Kota Bandung",24-09-2026,CMA,Open-Meteo / CMA GRAPES,19:00,2026-09-24 19:00:00,24.2,79.0,0.0,13.3,0.0,1.1255,Berawan,wmo:3
dago,"Dago, Bandung",2026-09-24,32.73.02.1004,Dago,kelurahan,no,-6.889,107.61,Asia/Jakarta,"BMKG point: Dago, Coblong, Kota Bandung",24-09-2026,CMA,Open-Meteo / CMA GRAPES,20:00,2026-09-24 20:00:00,23.4,85.0,0.0,9.8,0.0,1.1255,Berawan,wmo:3
dago,"Dago, Bandung",2026-09-24,32.73.02.1004,Dago,kelurahan,no,-6.889,107.61,Asia/Jakarta,"BMKG point: Dago, Coblong, Kota Bandung",24-09-2026,CMA,Open-Meteo / CMA GRAPES,21:00,2026-09-24 21:00:00,22.9,89.0,0.0,4.9,0.0,1.1255,Berawan,wmo:3
dago,"Dago, Bandung",2026-09-24,32.73.02.1004,Dago,kelurahan,no,-6.889,107.61,Asia/Jakarta,"BMKG point: Dago, Coblong, Kota Bandung",24-09-2026,CMA,Open-Meteo / CMA GRAPES,22:00,2026-09-24 22:00:00,22.5,92.0,0.0,1.1,0.0,1.1255,Cerah Berawan,wmo:2
dago,"Dago, Bandung",2026-09-24,32.73.02.1004,Dago,kelurahan,no,-6.889,107.61,Asia/Jakarta,"BMKG point: Dago, Coblong, Kota Bandung",24-09-2026,CMA,Open-Meteo / CMA GRAPES,23:00,2026-09-24 23:00:00,22.1,94.0,0.0,0.7,0.0,1.1255,Cerah Berawan,wmo:2
dago,"Dago, Bandung",2026-09-24,32.73.02.1004,Dago,kelurahan,no,-6.889,107.61,Asia/Jakarta,"BMKG point: Dago, Coblong, Kota Bandung",24-09-2026,ECMWF,Open-Meteo / ECMWF,00:00,2026-09-24 00:00:00,21.4,87.0,0.0,1.8,0.0,1.6933,Cerah Berawan,wmo:1
dago,"Dago, Bandung",2026-09-24,32.73.02.1004,Dago,kelurahan,no,-6.889,107.61,Asia/Jakarta,"BMKG point: Dago, Coblong, Kota Bandung",24-09-2026,ECMWF,Open-Meteo / ECMWF,01:00,2026-09-24 01:00:00,21.2,88.0,0.0,1.1,0.0,1.6933,Cerah Berawan,wmo:1
dago,"Dago, Bandung",2026-09-24,32.73.02.1004,Dago,kelurahan,no,-6.889,107.61,Asia/Jakarta,"BMKG point: Dago, Coblong, Kota Bandung",24-09-2026,ECMWF,Open-Meteo / ECMWF,02:00,2026-09-24 02:00:00,21.1,88.0,0.0,0.5,0.0,1.6933,Cerah Berawan,wmo:1
dago,"Dago, Bandung",2026-09-24,32.73.02.1004,Dago,kelurahan,no,-6.889,107.61,Asia/Jakarta,"BMKG point: Dago, Coblong, Kota Bandung",24-09-2026,ECMWF,Open-Meteo / ECMWF,03:00,2026-09-24 03:00:00,21.2,87.0,0.0,0.5,0.0,1.6933,Cerah Berawan,wmo:2
dago,"Dago, Bandung",2026-09-24,32.73.02.1004,Dago,kelurahan,no,-6.889,107.61,Asia/Jakarta,"BMKG point: Dago, Coblong, Kota Bandung",24-09-2026,ECMWF,Open-Meteo / ECMWF,04:00,2026-09-24 04:00:00,21.2,85.0,0.0,1.5,0.0,1.6933,Cerah Berawan,wmo:2
dago,"Dago, Bandung",2026-09-24,32.73.02.1004,Dago,kelurahan,no,-6.889,107.61,Asia/Jakarta,"BMKG point: Dago, Coblong, Kota Bandung",24-09-2026,ECMWF,Open-Meteo / ECMWF,05:00,2026-09-24 05:00:00,21.2,84.0,0.0,2.9,0.0,1.6933,Berawan,wmo:3
dago,"Dago, Bandung",2026-09-24,32.73.02.1004,Dago,kelurahan,no,-6.889,107.61,Asia/Jakarta,"BMKG point: Dago, Coblong, Kota Bandung",24-09-2026,ECMWF,Open-Meteo / ECMWF,06:00,2026-09-24 06:00:00,21.1,83.0,0.0,4.8,0.0,1.6933,Berawan,wmo:3
dago,"Dago, Bandung",2026-09-24,32.73.02.1004,Dago,kelurahan,no,-6.889,107.61,Asia/Jakarta,"BMKG point: Dago, Coblong, Kota Bandung",24-09-2026,ECMWF,Open-Meteo / ECMWF,07:00,2026-09-24 07:00:00,21.7,79.0,0.0,5.6,0.0,1.6933,Berawan,wmo:3
dago,"Dago, Bandung",2026-09-24,32.73.02.1004,Dago,kelurahan,no,-6.889,107.61,Asia/Jakarta,"BMKG point: Dago, Coblong, Kota Bandung",24-09-2026,ECMWF,Open-Meteo / ECMWF,08:00,2026-09-24 08:00:00,23.2,72.0,0.0,5.6,0.0,1.6933,Cerah Berawan,wmo:2
dago,"Dago, Bandung",2026-09-24,32.73.02.1004,Dago,kelurahan,no,-6.889,107.61,Asia/Jakarta,"BMKG point: Dago, Coblong, Kota Bandung",24-09-2026,ECMWF,Open-Meteo / ECMWF,09:00,2026-09-24 09:00:00,25.4,62.0,0.0,4.8,0.0,1.6933,Cerah Berawan,wmo:1
dago,"Dago, Bandung",2026-09-24,32.73.02.1004,Dago,kelurahan,no,-6.889,107.61,Asia/Jakarta,"BMKG point: Dago, Coblong, Kota Bandung",24-09-2026,ECMWF,Open-Meteo / ECMWF,10:00,2026-09-24 10:00:00,27.2,54.0,0.0,4.3,0.0,1.6933,Cerah Berawan,wmo:1
dago,"Dago, Bandung",2026-09-24,32.73.02.1004,Dago,kelurahan,no,-6.889,107.61,Asia/Jakarta,"BMKG point: Dago, Coblong, Kota Bandung",24-09-2026,ECMWF,Open-Meteo / ECMWF,11:00,2026-09-24 11:00:00,28.6,47.0,0.0,3.7,0.0,1.6933,Cerah Berawan,wmo:1
dago,"Dago, Bandung",2026-09-24,32.73.02.1004,Dago,kelurahan,no,-6.889,107.61,Asia/Jakarta,"BMKG point: Dago, Coblong, Kota Bandung",24-09-2026,ECMWF,Open-Meteo / ECMWF,12:00,2026-09-24 12:00:00,29.7,42.0,0.0,7.3,0.0,1.6933,Cerah Berawan,wmo:1
dago,"Dago, Bandung",2026-09-24,32.73.02.1004,Dago,kelurahan,no,-6.889,107.61,Asia/Jakarta,"BMKG point: Dago, Coblong, Kota Bandung",24-09-2026,ECMWF,Open-Meteo / ECMWF,13:00,2026-09-24 13:00:00,29.8,43.0,0.0,9.3,0.0,1.6933,Cerah Berawan,wmo:1
dago,"Dago, Bandung",2026-09-24,32.73.02.1004,Dago,kelurahan,no,-6.889,107.61,Asia/Jakarta,"BMKG point: Dago, Coblong, Kota Bandung",24-09-2026,ECMWF,Open-Meteo / ECMWF,14:00,2026-09-24 14:00:00,28.4,54.0,1.4,7.4,0.0,1.6933,Hujan Ringan,wmo:61
dago,"Dago, Bandung",2026-09-24,32.73.02.1004,Dago,kelurahan,no,-6.889,107.61,Asia/Jakarta,"BMKG point: Dago, Coblong, Kota Bandung",24-09-2026,ECMWF,Open-Meteo / ECMWF,15:00,2026-09-24 15:00:00,26.1,70.0,1.4,6.6,0.0,1.6933,Hujan Ringan,wmo:61
dago,"Dago, Bandung",2026-09-24,32.73.02.1004,Dago,kelurahan,no,-6.889,107.61,Asia/Jakarta,"BMKG point: Dago, Coblong, Kota Bandung",24-09-2026,ECMWF,Open-Meteo / ECMWF,16:00,2026-09-24 16:00:00,24.3,82.0,1.4,8.2,0.0,1.6933,Hujan Ringan,wmo:80
dago,"Dago, Bandung",2026-09-24,32.73.02.1004,Dago,kelurahan,no,-6.889,107.61,Asia/Jakarta,"BMKG point: Dago, Coblong, Kota Bandung",24-09-2026,ECMWF,Open-Meteo / ECMWF,17:00,2026-09-24 17:00:00,23.6,85.0,0.1,6.9,0.0,1.6933,Hujan Ringan,wmo:51
dago,"Dago, Bandung",2026-09-24,32.73.02.1004,Dago,kelurahan,no,-6.889,107.61,Asia/Jakarta,"BMKG point: Dago, Coblong, Kota Bandung",24-09-2026,ECMWF,Open-Meteo / ECMWF,18:00,2026-09-24 18:00:00,23.3,83.0,0.1,3.3,0.0,1.6933,Hujan Ringan,wmo:51
dago,"Dago, Bandung",2026-09-24,32.73.02.1004,Dago,kelurahan,no,-6.889,107.61,Asia/Jakarta,"BMKG point: Dago, Coblong, Kota Bandung",24-09-2026,ECMWF,Open-Meteo / ECMWF,19:00,2026-09-24 19:00:00,23.0,81.0,0.1,1.0,0.0,1.6933,Hujan Ringan,wmo:51
dago,"Dago, Bandung",2026-09-24,32.73.02.1004,Dago,kelurahan,no,-6.889,107.61,Asia/Jakarta,"BMKG point: Dago, Coblong, Kota Bandung",24-09-2026,ECMWF,Open-Meteo / ECMWF,20:00,2026-09-24 20:00:00,22.6,81.0,0.0,1.1,0.0,1.6933,Cerah Berawan,wmo:2
dago,"Dago, Bandung",2026-09-24,32.73.02.1004,Dago,kelurahan,no,-6.889,107.61,Asia/Jakarta,"BMKG point: Dago, Coblong, Kota Bandung",24-09-2026,ECMWF,Open-Meteo / ECMWF,21:00,2026-09-24 21:00:00,22.2,82.0,0.0,2.2,0.0,1.6933,Cerah Berawan,wmo:2
dago,"Dago, Bandung",2026-09-24,32.73.02.1004,Dago,kelurahan,no,-6.889,107.61,Asia/Jakarta,"BMKG point: Dago, Coblong, Kota Bandung",24-09-2026,ECMWF,Open-Meteo / ECMWF,22:00,2026-09-24 22:00:00,21.8,83.0,0.0,3.0,0.0,1.6933,Cerah Berawan,wmo:2
dago,"Dago, Bandung",2026-09-24,32.73.02.1004,Dago,kelurahan,no,-6.889,107.61,Asia/Jakarta,"BMKG point: Dago, Coblong, Kota Bandung",24-09-2026,ECMWF,Open-Meteo / ECMWF,23:00,2026-09-24 23:00:00,21.5,83.0,0.0,2.3,0.0,1.6933,Cerah Berawan,wmo:2
dago,"Dago, Bandung",2026-09-24,32.73.02.1004,Dago,kelurahan,no,-6.889,107.61,Asia/Jakarta,"BMKG point: Dago, Coblong, Kota Bandung",24-09-2026,GFS,Open-Meteo / NOAA GFS,00:00,2026-09-24 00:00:00,20.1,81.0,0.0,5.2,0.0,1.3809,Cerah Berawan,wmo:2
dago,"Dago, Bandung",2026-09-24,32.73.02.1004,Dago,kelurahan,no,-6.889,107.61,Asia/Jakarta,"BMKG point: Dago, Coblong, Kota Bandung",24-09-2026,GFS,Open-Meteo / NOAA GFS,01:00,2026-09-24 01:00:00,19.8,82.0,0.0,5.2,0.0,1.3809,Berawan,wmo:3
dago,"Dago, Bandung",2026-09-24,32.73.02.1004,Dago,kelurahan,no,-6.889,107.61,Asia/Jakarta,"BMKG point: Dago, Coblong, Kota Bandung",24-09-2026,GFS,Open-Meteo / NOAA GFS,02:00,2026-09-24 02:00:00,19.5,83.0,0.0,3.8,0.0,1.3809,Berawan,wmo:3
dago,"Dago, Bandung",2026-09-24,32.73.02.1004,Dago,kelurahan,no,-6.889,107.61,Asia/Jakarta,"BMKG point: Dago, Coblong, Kota Bandung",24-09-2026,GFS,Open-Meteo / NOAA GFS,03:00,2026-09-24 03:00:00,19.3,84.0,0.0,3.6,0.0,1.3809,Berawan,wmo:3
dago,"Dago, Bandung",2026-09-24,32.73.02.1004,Dago,kelurahan,no,-6.889,107.61,Asia/Jakarta,"BMKG point: Dago, Coblong, Kota Bandung",24-09-2026,GFS,Open-Meteo / NOAA GFS,04:00,2026-09-24 04:00:00,19.2,84.0,0.0,3.5,0.0,1.3809,Berawan,wmo:3
dago,"Dago, Bandung",2026-09-24,32.73.02.1004,Dago,kelurahan,no,-6.889,107.61,Asia/Jakarta,"BMKG point: Dago, Coblong, Kota Bandung",24-09-2026,GFS,Open-Meteo / NOAA GFS,05:00,2026-09-24 05:00:00,19.0,85.0,0.0,3.8,0.0,1.3809,Berawan,wmo:3
dago,"Dago, Bandung",2026-09-24,32.73.02.1004,Dago,kelurahan,no,-6.889,107.61,Asia/Jakarta,"BMKG point: Dago, Coblong, Kota Bandung",24-09-2026,GFS,Open-Meteo / NOAA GFS,06:00,2026-09-24 06:00:00,19.3,84.0,0.0,5.9,0.0,1.3809,Berawan,wmo:3
dago,"Dago, Bandung",2026-09-24,32.73.02.1004,Dago,kelurahan,no,-6.889,107.61,Asia/Jakarta,"BMKG point: Dago, Coblong, Kota Bandung",24-09-2026,GFS,Open-Meteo / NOAA GFS,07:00,2026-09-24 07:00:00,22.0,72.0,0.0,6.1,0.0,1.3809,Berawan,wmo:3
dago,"Dago, Bandung",2026-09-24,32.73.02.1004,Dago,kelurahan,no,-6.889,107.61,Asia/Jakarta,"BMKG point: Dago, Coblong, Kota Bandung",24-09-2026,GFS,Open-Meteo / NOAA GFS,08:00,2026-09-24 08:00:00,25.0,60.0,0.0,5.4,0.0,1.3809,Cerah Berawan,wmo:2
dago,"Dago, Bandung",2026-09-24,32.73.02.1004,Dago,kelurahan,no,-6.889,107.61,Asia/Jakarta,"BMKG point: Dago, Coblong, Kota Bandung",24-09-2026,GFS,Open-Meteo / NOAA GFS,09:00,2026-09-24 09:00:00,27.7,51.0,0.0,1.8,0.0,1.3809,Berawan,wmo:3
dago,"Dago, Bandung",2026-09-24,32.73.02.1004,Dago,kelurahan,no,-6.889,107.61,Asia/Jakarta,"BMKG point: Dago, Coblong, Kota Bandung",24-09-2026,GFS,Open-Meteo / NOAA GFS,10:00,2026-09-24 10:00:00,30.1,44.0,0.0,1.1,0.0,1.3809,Berawan,wmo:3
dago,"Dago, Bandung",2026-09-24,32.73.02.1004,Dago,kelurahan,no,-6.889,107.61,Asia/Jakarta,"BMKG point: Dago, Coblong, Kota Bandung",24-09-2026,GFS,Open-Meteo / NOAA GFS,11:00,2026-09-24 11:00:00,31.4,40.0,0.0,7.1,0.0,1.3809,Berawan,wmo:3
dago,"Dago, Bandung",2026-09-24,32.73.02.1004,Dago,kelurahan,no,-6.889,107.61,Asia/Jakarta,"BMKG point: Dago, Coblong, Kota Bandung",24-09-2026,GFS,Open-Meteo / NOAA GFS,12:00,2026-09-24 12:00:00,32.5,37.0,0.0,12.4,0.0,1.3809,Berawan,wmo:3
dago,"Dago, Bandung",2026-09-24,32.73.02.1004,Dago,kelurahan,no,-6.889,107.61,Asia/Jakarta,"BMKG point: Dago, Coblong, Kota Bandung",24-09-2026,GFS,Open-Meteo / NOAA GFS,13:00,2026-09-24 13:00:00,32.8,36.0,0.0,18.3,0.0,1.3809,Berawan,wmo:3
dago,"Dago, Bandung",2026-09-24,32.73.02.1004,Dago,kelurahan,no,-6.889,107.61,Asia/Jakarta,"BMKG point: Dago, Coblong, Kota Bandung",24-09-2026,GFS,Open-Meteo / NOAA GFS,14:00,2026-09-24 14:00:00,30.1,41.0,0.0,19.2,0.0,1.3809,Berawan,wmo:3
dago,"Dago, Bandung",2026-09-24,32.73.02.1004,Dago,kelurahan,no,-6.889,107.61,Asia/Jakarta,"BMKG point: Dago, Coblong, Kota Bandung",24-09-2026,GFS,Open-Meteo / NOAA GFS,15:00,2026-09-24 15:00:00,29.3,43.0,0.0,10.9,0.0,1.3809,Berawan,wmo:3
dago,"Dago, Bandung",2026-09-24,32.73.02.1004,Dago,kelurahan,no,-6.889,107.61,Asia/Jakarta,"BMKG point: Dago, Coblong, Kota Bandung",24-09-2026,GFS,Open-Meteo / NOAA GFS,16:00,2026-09-24 16:00:00,28.9,44.0,0.0,11.7,0.0,1.3809,Berawan,wmo:3
dago,"Dago, Bandung",2026-09-24,32.73.02.1004,Dago,kelurahan,no,-6.889,107.61,Asia/Jakarta,"BMKG point: Dago, Coblong, Kota Bandung",24-09-2026,GFS,Open-Meteo / NOAA GFS,17:00,2026-09-24 17:00:00,25.4,63.0,0.0,18.4,0.0,1.3809,Berawan,wmo:3
dago,"Dago, Bandung",2026-09-24,32.73.02.1004,Dago,kelurahan,no,-6.889,107.61,Asia/Jakarta,"BMKG point: Dago, Coblong, Kota Bandung",24-09-2026,GFS,Open-Meteo / NOAA GFS,18:00,2026-09-24 18:00:00,23.2,74.0,0.1,10.0,0.0,1.3809,Hujan Ringan,wmo:51
dago,"Dago, Bandung",2026-09-24,32.73.02.1004,Dago,kelurahan,no,-6.889,107.61,Asia/Jakarta,"BMKG point: Dago, Coblong, Kota Bandung",24-09-2026,GFS,Open-Meteo / NOAA GFS,19:00,2026-09-24 19:00:00,22.9,76.0,0.0,5.4,0.0,1.3809,Berawan,wmo:3
dago,"Dago, Bandung",2026-09-24,32.73.02.1004,Dago,kelurahan,no,-6.889,107.61,Asia/Jakarta,"BMKG point: Dago, Coblong, Kota Bandung",24-09-2026,GFS,Open-Meteo / NOAA GFS,20:00,2026-09-24 20:00:00,22.1,80.0,0.0,4.5,0.0,1.3809,Berawan,wmo:3
dago,"Dago, Bandung",2026-09-24,32.73.02.1004,Dago,kelurahan,no,-6.889,107.61,Asia/Jakarta,"BMKG point: Dago, Coblong, Kota Bandung",24-09-2026,GFS,Open-Meteo / NOAA GFS,21:00,2026-09-24 21:00:00,21.3,84.0,0.0,3.6,0.0,1.3809,Berawan,wmo:3
dago,"Dago, Bandung",2026-09-24,32.73.02.1004,Dago,kelurahan,no,-6.889,107.61,Asia/Jakarta,"BMKG point: Dago, Coblong, Kota Bandung",24-09-2026,GFS,Open-Meteo / NOAA GFS,22:00,2026-09-24 22:00:00,21.0,85.0,0.0,1.1,0.0,1.3809,Berawan,wmo:3
dago,"Dago, Bandung",2026-09-24,32.73.02.1004,Dago,kelurahan,no,-6.889,107.61,Asia/Jakarta,"BMKG point: Dago, Coblong, Kota Bandung",24-09-2026,GFS,Open-Meteo / NOAA GFS,23:00,2026-09-24 23:00:00,20.8,86.0,0.0,1.1,0.0,1.3809,Berawan,wmo:3
dago,"Dago, Bandung",2026-09-24,32.73.02.1004,Dago,kelurahan,no,-6.889,107.61,Asia/Jakarta,"BMKG point: Dago, Coblong, Kota Bandung",24-09-2026,ICON,Open-Meteo / DWD ICON,00:00,2026-09-24 00:00:00,22.5,81.0,0.0,2.7,0.0,1.4582,Cerah Berawan,wmo:2
dago,"Dago, Bandung",2026-09-24,32.73.02.1004,Dago,kelurahan,no,-6.889,107.61,Asia/Jakarta,"BMKG point: Dago, Coblong, Kota Bandung",24-09-2026,ICON,Open-Meteo / DWD ICON,01:00,2026-09-24 01:00:00,21.8,82.0,0.0,1.8,0.0,1.4582,Cerah Berawan,wmo:2
dago,"Dago, Bandung",2026-09-24,32.73.02.1004,Dago,kelurahan,no,-6.889,107.61,Asia/Jakarta,"BMKG point: Dago, Coblong, Kota Bandung",24-09-2026,ICON,Open-Meteo / DWD ICON,02:00,2026-09-24 02:00:00,21.1,84.0,0.0,1.8,0.0,1.4582,Cerah Berawan,wmo:1
dago,"Dago, Bandung",2026-09-24,32.73.02.1004,Dago,kelurahan,no,-6.889,107.61,Asia/Jakarta,"BMKG point: Dago, Coblong, Kota Bandung",24-09-2026,ICON,Open-Meteo / DWD ICON,03:00,2026-09-24 03:00:00,20.4,86.0,0.0,2.5,0.0,1.4582,Cerah Berawan,wmo:1
dago,"Dago, Bandung",2026-09-24,32.73.02.1004,Dago,kelurahan,no,-6.889,107.61,Asia/Jakarta,"BMKG point: Dago, Coblong, Kota Bandung",24-09-2026,ICON,Open-Meteo / DWD ICON,04:00,2026-09-24 04:00:00,19.9,86.0,0.0,2.5,0.0,1.4582,Cerah Berawan,wmo:2
dago,"Dago, Bandung",2026-09-24,32.73.02.1004,Dago,kelurahan,no,-6.889,107.61,Asia/Jakarta,"BMKG point: Dago, Coblong, Kota Bandung",24-09-2026,ICON,Open-Meteo / DWD ICON,05:00,2026-09-24 05:00:00,19.6,87.0,0.0,2.5,0.0,1.4582,Cerah Berawan,wmo:2
dago,"Dago, Bandung",2026-09-24,32.73.02.1004,Dago,kelurahan,no,-6.889,107.61,Asia/Jakarta,"BMKG point: Dago, Coblong, Kota Bandung",24-09-2026,ICON,Open-Meteo / DWD ICON,06:00,2026-09-24 06:00:00,19.5,87.0,0.0,1.8,0.0,1.4582,Cerah Berawan,wmo:2
dago,"Dago, Bandung",2026-09-24,32.73.02.1004,Dago,kelurahan,no,-6.889,107.61,Asia/Jakarta,"BMKG point: Dago, Coblong, Kota Bandung",24-09-2026,ICON,Open-Meteo / DWD ICON,07:00,2026-09-24 07:00:00,21.3,80.0,0.0,0.7,0.0,1.4582,Cerah Berawan,wmo:2
dago,"Dago, Bandung",2026-09-24,32.73.02.1004,Dago,kelurahan,no,-6.889,107.61,Asia/Jakarta,"BMKG point: Dago, Coblong, Kota Bandung",24-09-2026,ICON,Open-Meteo / DWD ICON,08:00,2026-09-24 08:00:00,24.1,67.0,0.0,1.1,0.0,1.4582,Cerah Berawan,wmo:2
dago,"Dago, Bandung",2026-09-24,32.73.02.1004,Dago,kelurahan,no,-6.889,107.61,Asia/Jakarta,"BMKG point: Dago, Coblong, Kota Bandung",24-09-2026,ICON,Open-Meteo / DWD ICON,09:00,2026-09-24 09:00:00,26.5,61.0,0.0,2.3,0.0,1.4582,Cerah Berawan,wmo:2
dago,"Dago, Bandung",2026-09-24,32.73.02.1004,Dago,kelurahan,no,-6.889,107.61,Asia/Jakarta,"BMKG point: Dago, Coblong, Kota Bandung",24-09-2026,ICON,Open-Meteo / DWD ICON,10:00,2026-09-24 10:00:00,28.6,53.0,0.0,2.1,0.0,1.4582,Cerah Berawan,wmo:2
dago,"Dago, Bandung",2026-09-24,32.73.02.1004,Dago,kelurahan,no,-6.889,107.61,Asia/Jakarta,"BMKG point: Dago, Coblong, Kota Bandung",24-09-2026,ICON,Open-Meteo / DWD ICON,11:00,2026-09-24 11:00:00,30.4,45.0,0.0,1.6,0.0,1.4582,Cerah Berawan,wmo:2
dago,"Dago, Bandung",2026-09-24,32.73.02.1004,Dago,kelurahan,no,-6.889,107.61,Asia/Jakarta,"BMKG point: Dago, Coblong, Kota Bandung",24-09-2026,ICON,Open-Meteo / DWD ICON,12:00,2026-09-24 12:00:00,31.6,41.0,0.0,3.4,0.0,1.4582,Cerah Berawan,wmo:2
dago,"Dago, Bandung",2026-09-24,32.73.02.1004,Dago,kelurahan,no,-6.889,107.61,Asia/Jakarta,"BMKG point: Dago, Coblong, Kota Bandung",24-09-2026,ICON,Open-Meteo / DWD ICON,13:00,2026-09-24 13:00:00,32.2,39.0,0.0,3.1,0.0,1.4582,Cerah Berawan,wmo:2
dago,"Dago, Bandung",2026-09-24,32.73.02.1004,Dago,kelurahan,no,-6.889,107.61,Asia/Jakarta,"BMKG point: Dago, Coblong, Kota Bandung",24-09-2026,ICON,Open-Meteo / DWD ICON,14:00,2026-09-24 14:00:00,32.5,37.0,0.0,5.6,0.0,1.4582,Cerah Berawan,wmo:2
dago,"Dago, Bandung",2026-09-24,32.73.02.1004,Dago,kelurahan,no,-6.889,107.61,Asia/Jakarta,"BMKG point: Dago, Coblong, Kota Bandung",24-09-2026,ICON,Open-Meteo / DWD ICON,15:00,2026-09-24 15:00:00,31.8,38.0,0.0,8.1,0.0,1.4582,Berawan,wmo:3
dago,"Dago, Bandung",2026-09-24,32.73.02.1004,Dago,kelurahan,no,-6.889,107.61,Asia/Jakarta,"BMKG point: Dago, Coblong, Kota Bandung",24-09-2026,ICON,Open-Meteo / DWD ICON,16:00,2026-09-24 16:00:00,31.0,41.0,0.0,7.8,0.0,1.4582,Berawan,wmo:3
dago,"Dago, Bandung",2026-09-24,32.73.02.1004,Dago,kelurahan,no,-6.889,107.61,Asia/Jakarta,"BMKG point: Dago, Coblong, Kota Bandung",24-09-2026,ICON,Open-Meteo / DWD ICON,17:00,2026-09-24 17:00:00,29.8,45.0,0.0,7.1,0.0,1.4582,Berawan,wmo:3
dago,"Dago, Bandung",2026-09-24,32.73.02.1004,Dago,kelurahan,no,-6.889,107.61,Asia/Jakarta,"BMKG point: Dago, Coblong, Kota Bandung",24-09-2026,ICON,Open-Meteo / DWD ICON,18:00,2026-09-24 18:00:00,27.8,49.0,0.0,9.0,0.0,1.4582,Berawan,wmo:3
dago,"Dago, Bandung",2026-09-24,32.73.02.1004,Dago,kelurahan,no,-6.889,107.61,Asia/Jakarta,"BMKG point: Dago, Coblong, Kota Bandung",24-09-2026,ICON,Open-Meteo / DWD ICON,19:00,2026-09-24 19:00:00,26.3,53.0,0.0,6.1,0.0,1.4582,Cerah Berawan,wmo:2
dago,"Dago, Bandung",2026-09-24,32.73.02.1004,Dago,kelurahan,no,-6.889,107.61,Asia/Jakarta,"BMKG point: Dago, Coblong, Kota Bandung",24-09-2026,ICON,Open-Meteo / DWD ICON,20:00,2026-09-24 20:00:00,25.2,59.0,0.0,3.4,0.0,1.4582,Cerah Berawan,wmo:2
dago,"Dago, Bandung",2026-09-24,32.73.02.1004,Dago,kelurahan,no,-6.889,107.61,Asia/Jakarta,"BMKG point: Dago, Coblong, Kota Bandung",24-09-2026,ICON,Open-Meteo / DWD ICON,21:00,2026-09-24 21:00:00,24.4,64.0,0.0,2.3,0.0,1.4582,Cerah Berawan,wmo:2
dago,"Dago, Bandung",2026-09-24,32.73.02.1004,Dago,kelurahan,no,-6.889,107.61,Asia/Jakarta,"BMKG point: Dago, Coblong, Kota Bandung",24-09-2026,ICON,Open-Meteo / DWD ICON,22:00,2026-09-24 22:00:00,23.5,69.0,0.0,2.2,0.0,1.4582,Cerah Berawan,wmo:1
dago,"Dago, Bandung",2026-09-24,32.73.02.1004,Dago,kelurahan,no,-6.889,107.61,Asia/Jakarta,"BMKG point: Dago, Coblong, Kota Bandung",24-09-2026,ICON,Open-Meteo / DWD ICON,23:00,2026-09-24 23:00:00,22.7,73.0,0.0,1.3,0.0,1.4582,Cerah,wmo:0
dago,"Dago, Bandung",2026-09-24,32.73.02.1004,Dago,kelurahan,no,-6.889,107.61,Asia/Jakarta,"BMKG point: Dago, Coblong, Kota Bandung",24-09-2026,KMA,Open-Meteo / KMA,00:00,2026-09-24 00:00:00,,,,,0.0,0.5431,Berawan,wmo:None
dago,"Dago, Bandung",2026-09-24,32.73.02.1004,Dago,kelurahan,no,-6.889,107.61,Asia/Jakarta,"BMKG point: Dago, Coblong, Kota Bandung",24-09-2026,KMA,Open-Meteo / KMA,01:00,2026-09-24 01:00:00,,,,,0.0,0.5431,Berawan,wmo:None
dago,"Dago, Bandung",2026-09-24,32.73.02.1004,Dago,kelurahan,no,-6.889,107.61,Asia/Jakarta,"BMKG point: Dago, Coblong, Kota Bandung",24-09-2026,KMA,Open-Meteo / KMA,02:00,2026-09-24 02:00:00,,,,,0.0,0.5431,Berawan,wmo:None
dago,"Dago, Bandung",2026-09-24,32.73.02.1004,Dago,kelurahan,no,-6.889,107.61,Asia/Jakarta,"BMKG point: Dago, Coblong, Kota Bandung",24-09-2026,KMA,Open-Meteo / KMA,03:00,2026-09-24 03:00:00,,,,,0.0,0.5431,Berawan,wmo:None
dago,"Dago, Bandung",2026-09-24,32.73.02.1004,Dago,kelurahan,no,-6.889,107.61,Asia/Jakarta,"BMKG point: Dago, Coblong, Kota Bandung",24-09-2026,KMA,Open-Meteo / KMA,04:00,2026-09-24 04:00:00,,,,,0.0,0.5431,Berawan,wmo:None
dago,"Dago, Bandung",2026-09-24,32.73.02.1004,Dago,kelurahan,no,-6.889,107.61,Asia/Jakarta,"BMKG point: Dago, Coblong, Kota Bandung",24-09-2026,KMA,Open-Meteo / KMA,05:00,2026-09-24 05:00:00,,,,,0.0,0.5431,Berawan,wmo:None
dago,"Dago, Bandung",2026-09-24,32.73.02.1004,Dago,kelurahan,no,-6.889,107.61,Asia/Jakarta,"BMKG point: Dago, Coblong, Kota Bandung",24-09-2026,KMA,Open-Meteo / KMA,06:00,2026-09-24 06:00:00,,,,,0.0,0.5431,Berawan,wmo:None
dago,"Dago, Bandung",2026-09-24,32.73.02.1004,Dago,kelurahan,no,-6.889,107.61,Asia/Jakarta,"BMKG point: Dago, Coblong, Kota Bandung",24-09-2026,KMA,Open-Meteo / KMA,07:00,2026-09-24 07:00:00,,,,,0.0,0.5431,Berawan,wmo:None
dago,"Dago, Bandung",2026-09-24,32.73.02.1004,Dago,kelurahan,no,-6.889,107.61,Asia/Jakarta,"BMKG point: Dago, Coblong, Kota Bandung",24-09-2026,KMA,Open-Meteo / KMA,08:00,2026-09-24 08:00:00,,,,,0.0,0.5431,Berawan,wmo:None
dago,"Dago, Bandung",2026-09-24,32.73.02.1004,Dago,kelurahan,no,-6.889,107.61,Asia/Jakarta,"BMKG point: Dago, Coblong, Kota Bandung",24-09-2026,KMA,Open-Meteo / KMA,09:00,2026-09-24 09:00:00,,,,,0.0,0.5431,Berawan,wmo:None
dago,"Dago, Bandung",2026-09-24,32.73.02.1004,Dago,kelurahan,no,-6.889,107.61,Asia/Jakarta,"BMKG point: Dago, Coblong, Kota Bandung",24-09-2026,KMA,Open-Meteo / KMA,10:00,2026-09-24 10:00:00,,,,,0.0,0.5431,Berawan,wmo:None
dago,"Dago, Bandung",2026-09-24,32.73.02.1004,Dago,kelurahan,no,-6.889,107.61,Asia/Jakarta,"BMKG point: Dago, Coblong, Kota Bandung",24-09-2026,KMA,Open-Meteo / KMA,11:00,2026-09-24 11:00:00,,,,,0.0,0.5431,Berawan,wmo:None
dago,"Dago, Bandung",2026-09-24,32.73.02.1004,Dago,kelurahan,no,-6.889,107.61,Asia/Jakarta,"BMKG point: Dago, Coblong, Kota Bandung",24-09-2026,KMA,Open-Meteo / KMA,12:00,2026-09-24 12:00:00,,,,,0.0,0.5431,Berawan,wmo:None
dago,"Dago, Bandung",2026-09-24,32.73.02.1004,Dago,kelurahan,no,-6.889,107.61,Asia/Jakarta,"BMKG point: Dago, Coblong, Kota Bandung",24-09-2026,KMA,Open-Meteo / KMA,13:00,2026-09-24 13:00:00,,,,,0.0,0.5431,Berawan,wmo:None
dago,"Dago, Bandung",2026-09-24,32.73.02.1004,Dago,kelurahan,no,-6.889,107.61,Asia/Jakarta,"BMKG point: Dago, Coblong, Kota Bandung",24-09-2026,KMA,Open-Meteo / KMA,14:00,2026-09-24 14:00:00,,,,,0.0,0.5431,Berawan,wmo:None
dago,"Dago, Bandung",2026-09-24,32.73.02.1004,Dago,kelurahan,no,-6.889,107.61,Asia/Jakarta,"BMKG point: Dago, Coblong, Kota Bandung",24-09-2026,KMA,Open-Meteo / KMA,15:00,2026-09-24 15:00:00,,,,,0.0,0.5431,Berawan,wmo:None
dago,"Dago, Bandung",2026-09-24,32.73.02.1004,Dago,kelurahan,no,-6.889,107.61,Asia/Jakarta,"BMKG point: Dago, Coblong, Kota Bandung",24-09-2026,KMA,Open-Meteo / KMA,16:00,2026-09-24 16:00:00,,,,,0.0,0.5431,Berawan,wmo:None
dago,"Dago, Bandung",2026-09-24,32.73.02.1004,Dago,kelurahan,no,-6.889,107.61,Asia/Jakarta,"BMKG point: Dago, Coblong, Kota Bandung",24-09-2026,KMA,Open-Meteo / KMA,17:00,2026-09-24 17:00:00,,,,,0.0,0.5431,Berawan,wmo:None
dago,"Dago, Bandung",2026-09-24,32.73.02.1004,Dago,kelurahan,no,-6.889,107.61,Asia/Jakarta,"BMKG point: Dago, Coblong, Kota Bandung",24-09-2026,KMA,Open-Meteo / KMA,18:00,2026-09-24 18:00:00,,,,,0.0,0.5431,Berawan,wmo:None
dago,"Dago, Bandung",2026-09-24,32.73.02.1004,Dago,kelurahan,no,-6.889,107.61,Asia/Jakarta,"BMKG point: Dago, Coblong, Kota Bandung",24-09-2026,KMA,Open-Meteo / KMA,19:00,2026-09-24 19:00:00,,,,,0.0,0.5431,Berawan,wmo:None
dago,"Dago, Bandung",2026-09-24,32.73.02.1004,Dago,kelurahan,no,-6.889,107.61,Asia/Jakarta,"BMKG point: Dago, Coblong, Kota Bandung",24-09-2026,KMA,Open-Meteo / KMA,20:00,2026-09-24 20:00:00,,,,,0.0,0.5431,Berawan,wmo:None
dago,"Dago, Bandung",2026-09-24,32.73.02.1004,Dago,kelurahan,no,-6.889,107.61,Asia/Jakarta,"BMKG point: Dago, Coblong, Kota Bandung",24-09-2026,KMA,Open-Meteo / KMA,21:00,2026-09-24 21:00:00,,,,,0.0,0.5431,Berawan,wmo:None
dago,"Dago, Bandung",2026-09-24,32.73.02.1004,Dago,kelurahan,no,-6.889,107.61,Asia/Jakarta,"BMKG point: Dago, Coblong, Kota Bandung",24-09-2026,KMA,Open-Meteo / KMA,22:00,2026-09-24 22:00:00,,,,,0.0,0.5431,Berawan,wmo:None
dago,"Dago, Bandung",2026-09-24,32.73.02.1004,Dago,kelurahan,no,-6.889,107.61,Asia/Jakarta,"BMKG point: Dago, Coblong, Kota Bandung",24-09-2026,KMA,Open-Meteo / KMA,23:00,2026-09-24 23:00:00,,,,,0.0,0.5431,Berawan,wmo:None
dago,"Dago, Bandung",2026-09-24,32.73.02.1004,Dago,kelurahan,no,-6.889,107.61,Asia/Jakarta,"BMKG point: Dago, Coblong, Kota Bandung",24-09-2026,METEOFRANCE,Open-Meteo / Meteo-France,00:00,2026-09-24 00:00:00,25.6,94.0,0.0,2.2,0.0,1.4706,Cerah Berawan,wmo:2
dago,"Dago, Bandung",2026-09-24,32.73.02.1004,Dago,kelurahan,no,-6.889,107.61,Asia/Jakarta,"BMKG point: Dago, Coblong, Kota Bandung",24-09-2026,METEOFRANCE,Open-Meteo / Meteo-France,01:00,2026-09-24 01:00:00,25.2,95.0,0.0,0.5,0.0,1.4706,Cerah Berawan,wmo:2
dago,"Dago, Bandung",2026-09-24,32.73.02.1004,Dago,kelurahan,no,-6.889,107.61,Asia/Jakarta,"BMKG point: Dago, Coblong, Kota Bandung",24-09-2026,METEOFRANCE,Open-Meteo / Meteo-France,02:00,2026-09-24 02:00:00,24.9,95.0,0.0,1.1,0.0,1.4706,Cerah Berawan,wmo:2
dago,"Dago, Bandung",2026-09-24,32.73.02.1004,Dago,kelurahan,no,-6.889,107.61,Asia/Jakarta,"BMKG point: Dago, Coblong, Kota Bandung",24-09-2026,METEOFRANCE,Open-Meteo / Meteo-France,03:00,2026-09-24 03:00:00,24.6,95.0,0.0,2.1,0.0,1.4706,Cerah Berawan,wmo:1
dago,"Dago, Bandung",2026-09-24,32.73.02.1004,Dago,kelurahan,no,-6.889,107.61,Asia/Jakarta,"BMKG point: Dago, Coblong, Kota Bandung",24-09-2026,METEOFRANCE,Open-Meteo / Meteo-France,04:00,2026-09-24 04:00:00,24.4,95.0,0.0,2.9,0.0,1.4706,Cerah Berawan,wmo:1
dago,"Dago, Bandung",2026-09-24,32.73.02.1004,Dago,kelurahan,no,-6.889,107.61,Asia/Jakarta,"BMKG point: Dago, Coblong, Kota Bandung",24-09-2026,METEOFRANCE,Open-Meteo / Meteo-France,05:00,2026-09-24 05:00:00,24.3,95.0,0.0,3.4,0.0,1.4706,Cerah Berawan,wmo:1
dago,"Dago, Bandung",2026-09-24,32.73.02.1004,Dago,kelurahan,no,-6.889,107.61,Asia/Jakarta,"BMKG point: Dago, Coblong, Kota Bandung",24-09-2026,METEOFRANCE,Open-Meteo / Meteo-France,06:00,2026-09-24 06:00:00,24.3,95.0,0.0,3.6,0.0,1.4706,Cerah Berawan,wmo:1
dago,"Dago, Bandung",2026-09-24,32.73.02.1004,Dago,kelurahan,no,-6.889,107.61,Asia/Jakarta,"BMKG point: Dago, Coblong, Kota Bandung",24-09-2026,METEOFRANCE,Open-Meteo / Meteo-France,07:00,2026-09-24 07:00:00,24.8,93.0,0.0,3.2,0.0,1.4706,Cerah Berawan,wmo:2
dago,"Dago, Bandung",2026-09-24,32.73.02.1004,Dago,kelurahan,no,-6.889,107.61,Asia/Jakarta,"BMKG point: Dago, Coblong, Kota Bandung",24-09-2026,METEOFRANCE,Open-Meteo / Meteo-France,08:00,2026-09-24 08:00:00,26.2,87.0,0.0,2.9,0.0,1.4706,Cerah Berawan,wmo:1
dago,"Dago, Bandung",2026-09-24,32.73.02.1004,Dago,kelurahan,no,-6.889,107.61,Asia/Jakarta,"BMKG point: Dago, Coblong, Kota Bandung",24-09-2026,METEOFRANCE,Open-Meteo / Meteo-France,09:00,2026-09-24 09:00:00,28.1,79.0,0.0,3.8,0.0,1.4706,Cerah Berawan,wmo:1
dago,"Dago, Bandung",2026-09-24,32.73.02.1004,Dago,kelurahan,no,-6.889,107.61,Asia/Jakarta,"BMKG point: Dago, Coblong, Kota Bandung",24-09-2026,METEOFRANCE,Open-Meteo / Meteo-France,10:00,2026-09-24 10:00:00,29.9,71.0,0.0,5.6,0.0,1.4706,Cerah Berawan,wmo:1
dago,"Dago, Bandung",2026-09-24,32.73.02.1004,Dago,kelurahan,no,-6.889,107.61,Asia/Jakarta,"BMKG point: Dago, Coblong, Kota Bandung",24-09-2026,METEOFRANCE,Open-Meteo / Meteo-France,11:00,2026-09-24 11:00:00,31.5,64.0,0.0,7.6,0.0,1.4706,Cerah Berawan,wmo:1
dago,"Dago, Bandung",2026-09-24,32.73.02.1004,Dago,kelurahan,no,-6.889,107.61,Asia/Jakarta,"BMKG point: Dago, Coblong, Kota Bandung",24-09-2026,METEOFRANCE,Open-Meteo / Meteo-France,12:00,2026-09-24 12:00:00,32.9,57.0,0.0,9.9,0.0,1.4706,Cerah Berawan,wmo:1
dago,"Dago, Bandung",2026-09-24,32.73.02.1004,Dago,kelurahan,no,-6.889,107.61,Asia/Jakarta,"BMKG point: Dago, Coblong, Kota Bandung",24-09-2026,METEOFRANCE,Open-Meteo / Meteo-France,13:00,2026-09-24 13:00:00,33.8,53.0,0.0,11.8,0.0,1.4706,Cerah Berawan,wmo:1
dago,"Dago, Bandung",2026-09-24,32.73.02.1004,Dago,kelurahan,no,-6.889,107.61,Asia/Jakarta,"BMKG point: Dago, Coblong, Kota Bandung",24-09-2026,METEOFRANCE,Open-Meteo / Meteo-France,14:00,2026-09-24 14:00:00,33.7,53.0,0.0,12.2,0.0,1.4706,Cerah Berawan,wmo:1
dago,"Dago, Bandung",2026-09-24,32.73.02.1004,Dago,kelurahan,no,-6.889,107.61,Asia/Jakarta,"BMKG point: Dago, Coblong, Kota Bandung",24-09-2026,METEOFRANCE,Open-Meteo / Meteo-France,15:00,2026-09-24 15:00:00,33.0,55.0,0.0,11.5,0.0,1.4706,Cerah Berawan,wmo:1
dago,"Dago, Bandung",2026-09-24,32.73.02.1004,Dago,kelurahan,no,-6.889,107.61,Asia/Jakarta,"BMKG point: Dago, Coblong, Kota Bandung",24-09-2026,METEOFRANCE,Open-Meteo / Meteo-France,16:00,2026-09-24 16:00:00,32.2,57.0,0.0,10.7,0.0,1.4706,Cerah Berawan,wmo:2
dago,"Dago, Bandung",2026-09-24,32.73.02.1004,Dago,kelurahan,no,-6.889,107.61,Asia/Jakarta,"BMKG point: Dago, Coblong, Kota Bandung",24-09-2026,METEOFRANCE,Open-Meteo / Meteo-France,17:00,2026-09-24 17:00:00,31.4,58.0,0.0,9.2,0.0,1.4706,Cerah Berawan,wmo:2
dago,"Dago, Bandung",2026-09-24,32.73.02.1004,Dago,kelurahan,no,-6.889,107.61,Asia/Jakarta,"BMKG point: Dago, Coblong, Kota Bandung",24-09-2026,METEOFRANCE,Open-Meteo / Meteo-France,18:00,2026-09-24 18:00:00,30.4,60.0,0.0,7.2,0.0,1.4706,Cerah Berawan,wmo:2
dago,"Dago, Bandung",2026-09-24,32.73.02.1004,Dago,kelurahan,no,-6.889,107.61,Asia/Jakarta,"BMKG point: Dago, Coblong, Kota Bandung",24-09-2026,METEOFRANCE,Open-Meteo / Meteo-France,19:00,2026-09-24 19:00:00,29.5,61.0,0.0,5.6,0.0,1.4706,Cerah Berawan,wmo:2
dago,"Dago, Bandung",2026-09-24,32.73.02.1004,Dago,kelurahan,no,-6.889,107.61,Asia/Jakarta,"BMKG point: Dago, Coblong, Kota Bandung",24-09-2026,METEOFRANCE,Open-Meteo / Meteo-France,20:00,2026-09-24 20:00:00,28.6,63.0,0.0,4.5,0.0,1.4706,Cerah Berawan,wmo:2
dago,"Dago, Bandung",2026-09-24,32.73.02.1004,Dago,kelurahan,no,-6.889,107.61,Asia/Jakarta,"BMKG point: Dago, Coblong, Kota Bandung",24-09-2026,METEOFRANCE,Open-Meteo / Meteo-France,21:00,2026-09-24 21:00:00,27.8,64.0,0.0,3.4,0.0,1.4706,Cerah Berawan,wmo:2
dago,"Dago, Bandung",2026-09-24,32.73.02.1004,Dago,kelurahan,no,-6.889,107.61,Asia/Jakarta,"BMKG point: Dago, Coblong, Kota Bandung",24-09-2026,METEOFRANCE,Open-Meteo / Meteo-France,22:00,2026-09-24 22:00:00,27.1,66.0,0.0,2.5,0.0,1.4706,Cerah Berawan,wmo:1
dago,"Dago, Bandung",2026-09-24,32.73.02.1004,Dago,kelurahan,no,-6.889,107.61,Asia/Jakarta,"BMKG point: Dago, Coblong, Kota Bandung",24-09-2026,METEOFRANCE,Open-Meteo / Meteo-France,23:00,2026-09-24 23:00:00,26.4,68.0,0.0,1.6,0.0,1.4706,Cerah Berawan,wmo:1
dago,"Dago, Bandung",2026-09-24,32.73.02.1004,Dago,kelurahan,no,-6.889,107.61,Asia/Jakarta,"BMKG point: Dago, Coblong, Kota Bandung",24-09-2026,METNO,MET Norway,00:00,2026-09-24 00:00:00,21.6,83.1,0.0,3.24,0.0,1.3387,Cerah Berawan,fair_night
dago,"Dago, Bandung",2026-09-24,32.73.02.1004,Dago,kelurahan,no,-6.889,107.61,Asia/Jakarta,"BMKG point: Dago, Coblong, Kota Bandung",24-09-2026,METNO,MET Norway,01:00,2026-09-24 01:00:00,20.9,88.1,0.0,2.88,0.0,1.3387,Cerah Berawan,fair_night
dago,"Dago, Bandung",2026-09-24,32.73.02.1004,Dago,kelurahan,no,-6.889,107.61,Asia/Jakarta,"BMKG point: Dago, Coblong, Kota Bandung",24-09-2026,METNO,MET Norway,02:00,2026-09-24 02:00:00,20.3,92.5,0.0,4.68,0.0,1.3387,Berawan,fog
dago,"Dago, Bandung",2026-09-24,32.73.02.1004,Dago,kelurahan,no,-6.889,107.61,Asia/Jakarta,"BMKG point: Dago, Coblong, Kota Bandung",24-09-2026,METNO,MET Norway,03:00,2026-09-24 03:00:00,20.5,92.5,0.0,5.04,0.0,1.3387,Berawan,fog
dago,"Dago, Bandung",2026-09-24,32.73.02.1004,Dago,kelurahan,no,-6.889,107.61,Asia/Jakarta,"BMKG point: Dago, Coblong, Kota Bandung",24-09-2026,METNO,MET Norway,04:00,2026-09-24 04:00:00,20.9,89.2,0.0,5.76,0.0,1.3387,Berawan,cloudy
dago,"Dago, Bandung",2026-09-24,32.73.02.1004,Dago,kelurahan,no,-6.889,107.61,Asia/Jakarta,"BMKG point: Dago, Coblong, Kota Bandung",24-09-2026,METNO,MET Norway,05:00,2026-09-24 05:00:00,20.6,91.1,0.0,5.04,0.0,1.3387,Berawan,cloudy
dago,"Dago, Bandung",2026-09-24,32.73.02.1004,Dago,kelurahan,no,-6.889,107.61,Asia/Jakarta,"BMKG point: Dago, Coblong, Kota Bandung",24-09-2026,METNO,MET Norway,06:00,2026-09-24 06:00:00,19.8,95.9,0.0,5.04,0.0,1.3387,Berawan,cloudy
dago,"Dago, Bandung",2026-09-24,32.73.02.1004,Dago,kelurahan,no,-6.889,107.61,Asia/Jakarta,"BMKG point: Dago, Coblong, Kota Bandung",24-09-2026,METNO,MET Norway,07:00,2026-09-24 07:00:00,21.3,87.4,0.0,5.76,0.0,1.3387,Berawan,cloudy
dago,"Dago, Bandung",2026-09-24,32.73.02.1004,Dago,kelurahan,no,-6.889,107.61,Asia/Jakarta,"BMKG point: Dago, Coblong, Kota Bandung",24-09-2026,METNO,MET Norway,08:00,2026-09-24 08:00:00,23.2,77.3,0.0,6.48,0.0,1.3387,Berawan,cloudy
dago,"Dago, Bandung",2026-09-24,32.73.02.1004,Dago,kelurahan,no,-6.889,107.61,Asia/Jakarta,"BMKG point: Dago, Coblong, Kota Bandung",24-09-2026,METNO,MET Norway,09:00,2026-09-24 09:00:00,25.6,64.4,0.0,5.4,0.0,1.3387,Berawan,cloudy
dago,"Dago, Bandung",2026-09-24,32.73.02.1004,Dago,kelurahan,no,-6.889,107.61,Asia/Jakarta,"BMKG point: Dago, Coblong, Kota Bandung",24-09-2026,METNO,MET Norway,10:00,2026-09-24 10:00:00,27.8,53.8,0.0,5.4,0.0,1.3387,Cerah Berawan,partlycloudy_day
dago,"Dago, Bandung",2026-09-24,32.73.02.1004,Dago,kelurahan,no,-6.889,107.61,Asia/Jakarta,"BMKG point: Dago, Coblong, Kota Bandung",24-09-2026,METNO,MET Norway,11:00,2026-09-24 11:00:00,29.0,49.8,0.0,7.92,0.0,1.3387,Cerah Berawan,partlycloudy_day
dago,"Dago, Bandung",2026-09-24,32.73.02.1004,Dago,kelurahan,no,-6.889,107.61,Asia/Jakarta,"BMKG point: Dago, Coblong, Kota Bandung",24-09-2026,METNO,MET Norway,12:00,2026-09-24 12:00:00,29.5,49.0,0.9,7.92,0.0,1.3387,Hujan Ringan,rainshowers_day
dago,"Dago, Bandung",2026-09-24,32.73.02.1004,Dago,kelurahan,no,-6.889,107.61,Asia/Jakarta,"BMKG point: Dago, Coblong, Kota Bandung",24-09-2026,METNO,MET Norway,13:00,2026-09-24 13:00:00,28.1,55.3,2.3,11.52,0.0,1.3387,Hujan Lebat,heavyrainshowers_day
dago,"Dago, Bandung",2026-09-24,32.73.02.1004,Dago,kelurahan,no,-6.889,107.61,Asia/Jakarta,"BMKG point: Dago, Coblong, Kota Bandung",24-09-2026,METNO,MET Norway,14:00,2026-09-24 14:00:00,25.8,66.4,0.2,14.04,0.0,1.3387,Hujan Ringan,lightrain
dago,"Dago, Bandung",2026-09-24,32.73.02.1004,Dago,kelurahan,no,-6.889,107.61,Asia/Jakarta,"BMKG point: Dago, Coblong, Kota Bandung",24-09-2026,METNO,MET Norway,15:00,2026-09-24 15:00:00,27.5,55.3,0.6,8.28,0.0,1.3387,Hujan Ringan,rain
dago,"Dago, Bandung",2026-09-24,32.73.02.1004,Dago,kelurahan,no,-6.889,107.61,Asia/Jakarta,"BMKG point: Dago, Coblong, Kota Bandung",24-09-2026,METNO,MET Norway,16:00,2026-09-24 16:00:00,26.6,59.9,0.4,9.0,0.0,1.3387,Hujan Ringan,rain
dago,"Dago, Bandung",2026-09-24,32.73.02.1004,Dago,kelurahan,no,-6.889,107.61,Asia/Jakarta,"BMKG point: Dago, Coblong, Kota Bandung",24-09-2026,METNO,MET Norway,17:00,2026-09-24 17:00:00,24.6,73.5,0.0,8.28,0.0,1.3387,Berawan,cloudy
dago,"Dago, Bandung",2026-09-24,32.73.02.1004,Dago,kelurahan,no,-6.889,107.61,Asia/Jakarta,"BMKG point: Dago, Coblong, Kota Bandung",24-09-2026,METNO,MET Norway,18:00,2026-09-24 18:00:00,23.4,79.0,0.0,6.48,0.0,1.3387,Cerah Berawan,partlycloudy_night
dago,"Dago, Bandung",2026-09-24,32.73.02.1004,Dago,kelurahan,no,-6.889,107.61,Asia/Jakarta,"BMKG point: Dago, Coblong, Kota Bandung",24-09-2026,METNO,MET Norway,19:00,2026-09-24 19:00:00,23.0,80.5,0.0,2.16,0.0,1.3387,Cerah Berawan,partlycloudy_night
dago,"Dago, Bandung",2026-09-24,32.73.02.1004,Dago,kelurahan,no,-6.889,107.61,Asia/Jakarta,"BMKG point: Dago, Coblong, Kota Bandung",24-09-2026,METNO,MET Norway,20:00,2026-09-24 20:00:00,22.9,80.6,0.0,3.24,0.0,1.3387,Cerah Berawan,fair_night
dago,"Dago, Bandung",2026-09-24,32.73.02.1004,Dago,kelurahan,no,-6.889,107.61,Asia/Jakarta,"BMKG point: Dago, Coblong, Kota Bandung",24-09-2026,METNO,MET Norway,21:00,2026-09-24 21:00:00,22.8,80.4,0.0,3.96,0.0,1.3387,Cerah Berawan,partlycloudy_night
dago,"Dago, Bandung",2026-09-24,32.73.02.1004,Dago,kelurahan,no,-6.889,107.61,Asia/Jakarta,"BMKG point: Dago, Coblong, Kota Bandung",24-09-2026,METNO,MET Norway,22:00,2026-09-24 22:00:00,22.4,81.1,0.0,3.24,0.0,1.3387,Cerah Berawan,partlycloudy_night
dago,"Dago, Bandung",2026-09-24,32.73.02.1004,Dago,kelurahan,no,-6.889,107.61,Asia/Jakarta,"BMKG point: Dago, Coblong, Kota Bandung",24-09-2026,METNO,MET Norway,23:00,2026-09-24 23:00:00,21.9,83.8,0.0,2.52,0.0,1.3387,Cerah Berawan,partlycloudy_night
dago,"Dago, Bandung",2026-09-24,32.73.02.1004,Dago,kelurahan,no,-6.889,107.61,Asia/Jakarta,"BMKG point: Dago, Coblong, Kota Bandung",24-09-2026,UKMO,Open-Meteo / UK Met Office,00:00,2026-09-24 00:00:00,22.5,84.0,0.0,3.6,0.0,1.3053,Cerah Berawan,wmo:2
dago,"Dago, Bandung",2026-09-24,32.73.02.1004,Dago,kelurahan,no,-6.889,107.61,Asia/Jakarta,"BMKG point: Dago, Coblong, Kota Bandung",24-09-2026,UKMO,Open-Meteo / UK Met Office,01:00,2026-09-24 01:00:00,22.3,85.0,0.0,2.2,0.0,1.3053,Cerah Berawan,wmo:2
dago,"Dago, Bandung",2026-09-24,32.73.02.1004,Dago,kelurahan,no,-6.889,107.61,Asia/Jakarta,"BMKG point: Dago, Coblong, Kota Bandung",24-09-2026,UKMO,Open-Meteo / UK Met Office,02:00,2026-09-24 02:00:00,21.8,86.0,0.0,1.1,0.0,1.3053,Berawan,wmo:3
dago,"Dago, Bandung",2026-09-24,32.73.02.1004,Dago,kelurahan,no,-6.889,107.61,Asia/Jakarta,"BMKG point: Dago, Coblong, Kota Bandung",24-09-2026,UKMO,Open-Meteo / UK Met Office,03:00,2026-09-24 03:00:00,21.6,85.0,0.0,1.1,0.0,1.3053,Cerah Berawan,wmo:2
dago,"Dago, Bandung",2026-09-24,32.73.02.1004,Dago,kelurahan,no,-6.889,107.61,Asia/Jakarta,"BMKG point: Dago, Coblong, Kota Bandung",24-09-2026,UKMO,Open-Meteo / UK Met Office,04:00,2026-09-24 04:00:00,21.5,83.0,0.0,3.2,0.0,1.3053,Cerah,wmo:0
dago,"Dago, Bandung",2026-09-24,32.73.02.1004,Dago,kelurahan,no,-6.889,107.61,Asia/Jakarta,"BMKG point: Dago, Coblong, Kota Bandung",24-09-2026,UKMO,Open-Meteo / UK Met Office,05:00,2026-09-24 05:00:00,20.8,83.0,0.0,4.7,0.0,1.3053,Cerah,wmo:0
dago,"Dago, Bandung",2026-09-24,32.73.02.1004,Dago,kelurahan,no,-6.889,107.61,Asia/Jakarta,"BMKG point: Dago, Coblong, Kota Bandung",24-09-2026,UKMO,Open-Meteo / UK Met Office,06:00,2026-09-24 06:00:00,20.6,82.0,0.0,4.0,0.0,1.3053,Cerah,wmo:0
dago,"Dago, Bandung",2026-09-24,32.73.02.1004,Dago,kelurahan,no,-6.889,107.61,Asia/Jakarta,"BMKG point: Dago, Coblong, Kota Bandung",24-09-2026,UKMO,Open-Meteo / UK Met Office,07:00,2026-09-24 07:00:00,21.3,77.0,0.0,3.2,0.0,1.3053,Cerah,wmo:0
dago,"Dago, Bandung",2026-09-24,32.73.02.1004,Dago,kelurahan,no,-6.889,107.61,Asia/Jakarta,"BMKG point: Dago, Coblong, Kota Bandung",24-09-2026,UKMO,Open-Meteo / UK Met Office,08:00,2026-09-24 08:00:00,22.6,70.0,0.0,3.6,0.0,1.3053,Cerah,wmo:0
dago,"Dago, Bandung",2026-09-24,32.73.02.1004,Dago,kelurahan,no,-6.889,107.61,Asia/Jakarta,"BMKG point: Dago, Coblong, Kota Bandung",24-09-2026,UKMO,Open-Meteo / UK Met Office,09:00,2026-09-24 09:00:00,24.5,62.0,0.0,4.0,0.0,1.3053,Cerah,wmo:0
dago,"Dago, Bandung",2026-09-24,32.73.02.1004,Dago,kelurahan,no,-6.889,107.61,Asia/Jakarta,"BMKG point: Dago, Coblong, Kota Bandung",24-09-2026,UKMO,Open-Meteo / UK Met Office,10:00,2026-09-24 10:00:00,26.1,55.0,0.0,4.7,0.0,1.3053,Cerah Berawan,wmo:1
dago,"Dago, Bandung",2026-09-24,32.73.02.1004,Dago,kelurahan,no,-6.889,107.61,Asia/Jakarta,"BMKG point: Dago, Coblong, Kota Bandung",24-09-2026,UKMO,Open-Meteo / UK Met Office,11:00,2026-09-24 11:00:00,27.4,51.0,0.0,6.5,0.0,1.3053,Cerah Berawan,wmo:1
dago,"Dago, Bandung",2026-09-24,32.73.02.1004,Dago,kelurahan,no,-6.889,107.61,Asia/Jakarta,"BMKG point: Dago, Coblong, Kota Bandung",24-09-2026,UKMO,Open-Meteo / UK Met Office,12:00,2026-09-24 12:00:00,28.5,49.0,0.0,8.6,0.0,1.3053,Cerah Berawan,wmo:2
dago,"Dago, Bandung",2026-09-24,32.73.02.1004,Dago,kelurahan,no,-6.889,107.61,Asia/Jakarta,"BMKG point: Dago, Coblong, Kota Bandung",24-09-2026,UKMO,Open-Meteo / UK Met Office,13:00,2026-09-24 13:00:00,29.2,47.0,0.0,10.4,0.0,1.3053,Berawan,wmo:3
dago,"Dago, Bandung",2026-09-24,32.73.02.1004,Dago,kelurahan,no,-6.889,107.61,Asia/Jakarta,"BMKG point: Dago, Coblong, Kota Bandung",24-09-2026,UKMO,Open-Meteo / UK Met Office,14:00,2026-09-24 14:00:00,29.0,46.0,0.1,6.1,0.0,1.3053,Hujan Ringan,wmo:51
dago,"Dago, Bandung",2026-09-24,32.73.02.1004,Dago,kelurahan,no,-6.889,107.61,Asia/Jakarta,"BMKG point: Dago, Coblong, Kota Bandung",24-09-2026,UKMO,Open-Meteo / UK Met Office,15:00,2026-09-24 15:00:00,28.5,48.0,0.1,12.2,0.0,1.3053,Hujan Ringan,wmo:51
dago,"Dago, Bandung",2026-09-24,32.73.02.1004,Dago,kelurahan,no,-6.889,107.61,Asia/Jakarta,"BMKG point: Dago, Coblong, Kota Bandung",24-09-2026,UKMO,Open-Meteo / UK Met Office,16:00,2026-09-24 16:00:00,27.7,50.0,0.1,15.5,0.0,1.3053,Hujan Ringan,wmo:51
dago,"Dago, Bandung",2026-09-24,32.73.02.1004,Dago,kelurahan,no,-6.889,107.61,Asia/Jakarta,"BMKG point: Dago, Coblong, Kota Bandung",24-09-2026,UKMO,Open-Meteo / UK Met Office,17:00,2026-09-24 17:00:00,26.8,53.0,0.0,14.0,0.0,1.3053,Cerah Berawan,wmo:1
dago,"Dago, Bandung",2026-09-24,32.73.02.1004,Dago,kelurahan,no,-6.889,107.61,Asia/Jakarta,"BMKG point: Dago, Coblong, Kota Bandung",24-09-2026,UKMO,Open-Meteo / UK Met Office,18:00,2026-09-24 18:00:00,25.7,56.0,0.0,10.1,0.0,1.3053,Cerah,wmo:0
dago,"Dago, Bandung",2026-09-24,32.73.02.1004,Dago,kelurahan,no,-6.889,107.61,Asia/Jakarta,"BMKG point: Dago, Coblong, Kota Bandung",24-09-2026,UKMO,Open-Meteo / UK Met Office,19:00,2026-09-24 19:00:00,24.7,60.0,0.0,6.8,0.0,1.3053,Cerah,wmo:0
dago,"Dago, Bandung",2026-09-24,32.73.02.1004,Dago,kelurahan,no,-6.889,107.61,Asia/Jakarta,"BMKG point: Dago, Coblong, Kota Bandung",24-09-2026,UKMO,Open-Meteo / UK Met Office,20:00,2026-09-24 20:00:00,24.0,64.0,0.0,5.4,0.0,1.3053,Cerah,wmo:0
dago,"Dago, Bandung",2026-09-24,32.73.02.1004,Dago,kelurahan,no,-6.889,107.61,Asia/Jakarta,"BMKG point: Dago, Coblong, Kota Bandung",24-09-2026,UKMO,Open-Meteo / UK Met Office,21:00,2026-09-24 21:00:00,23.5,69.0,0.0,4.3,0.0,1.3053,Cerah,wmo:0
dago,"Dago, Bandung",2026-09-24,32.73.02.1004,Dago,kelurahan,no,-6.889,107.61,Asia/Jakarta,"BMKG point: Dago, Coblong, Kota Bandung",24-09-2026,UKMO,Open-Meteo / UK Met Office,22:00,2026-09-24 22:00:00,23.0,73.0,0.0,3.2,0.0,1.3053,Cerah,wmo:0
dago,"Dago, Bandung",2026-09-24,32.73.02.1004,Dago,kelurahan,no,-6.889,107.61,Asia/Jakarta,"BMKG point: Dago, Coblong, Kota Bandung",24-09-2026,UKMO,Open-Meteo / UK Met Office,23:00,2026-09-24 23:00:00,22.5,77.0,0.0,2.2,0.0,1.3053,Cerah,wmo:0
jatinangor,"Jatinangor, Sumedang",2026-09-22,32.11.15.2002,Hegarmanah,kecamatan,yes,-6.938,107.7556,Asia/Jakarta,"BMKG representative point: Hegarmanah, Kecamatan Jatinangor",22-09-2026,BMKG,BMKG,07:00,2026-09-22 10:00:00,29.0,39.0,0.0,4.7,180.0,0.8277,Cerah Berawan,Cerah Berawan
jatinangor,"Jatinangor, Sumedang",2026-09-22,32.11.15.2002,Hegarmanah,kecamatan,yes,-6.938,107.7556,Asia/Jakarta,"BMKG representative point: Hegarmanah, Kecamatan Jatinangor",22-09-2026,BMKG,BMKG,08:00,2026-09-22 10:00:00,29.0,39.0,0.0,4.7,120.0,0.8277,Cerah Berawan,Cerah Berawan
jatinangor,"Jatinangor, Sumedang",2026-09-22,32.11.15.2002,Hegarmanah,kecamatan,yes,-6.938,107.7556,Asia/Jakarta,"BMKG representative point: Hegarmanah, Kecamatan Jatinangor",22-09-2026,BMKG,BMKG,09:00,2026-09-22 10:00:00,29.0,39.0,0.0,4.7,60.0,1.1287,Cerah Berawan,Cerah Berawan
jatinangor,"Jatinangor, Sumedang",2026-09-22,32.11.15.2002,Hegarmanah,kecamatan,yes,-6.938,107.7556,Asia/Jakarta,"BMKG representative point: Hegarmanah, Kecamatan Jatinangor",22-09-2026,BMKG,BMKG,10:00,2026-09-22 10:00:00,29.0,39.0,0.0,4.7,0.0,1.5049,Cerah Berawan,Cerah Berawan
jatinangor,"Jatinangor, Sumedang",2026-09-22,32.11.15.2002,Hegarmanah,kecamatan,yes,-6.938,107.7556,Asia/Jakarta,"BMKG representative point: Hegarmanah, Kecamatan Jatinangor",22-09-2026,BMKG,BMKG,11:00,2026-09-22 10:00:00,29.0,39.0,0.0,4.7,60.0,1.1287,Cerah Berawan,Cerah Berawan
jatinangor,"Jatinangor, Sumedang",2026-09-22,32.11.15.2002,Hegarmanah,kecamatan,yes,-6.938,107.7556,Asia/Jakarta,"BMKG representative point: Hegarmanah, Kecamatan Jatinangor",22-09-2026,BMKG,BMKG,12:00,2026-09-22 13:00:00,29.0,43.0,1.5,6.3,60.0,1.1287,Hujan Ringan,Hujan Ringan
jatinangor,"Jatinangor, Sumedang",2026-09-22,32.11.15.2002,Hegarmanah,kecamatan,yes,-6.938,107.7556,Asia/Jakarta,"BMKG representative point: Hegarmanah, Kecamatan Jatinangor",22-09-2026,BMKG,BMKG,13:00,2026-09-22 13:00:00,29.0,43.0,1.5,6.3,0.0,1.5049,Hujan Ringan,Hujan Ringan
jatinangor,"Jatinangor, Sumedang",2026-09-22,32.11.15.2002,Hegarmanah,kecamatan,yes,-6.938,107.7556,Asia/Jakarta,"BMKG representative point: Hegarmanah, Kecamatan Jatinangor",22-09-2026,BMKG,BMKG,14:00,2026-09-22 13:00:00,29.0,43.0,1.5,6.3,60.0,1.1287,Hujan Ringan,Hujan Ringan
jatinangor,"Jatinangor, Sumedang",2026-09-22,32.11.15.2002,Hegarmanah,kecamatan,yes,-6.938,107.7556,Asia/Jakarta,"BMKG representative point: Hegarmanah, Kecamatan Jatinangor",22-09-2026,BMKG,BMKG,15:00,2026-09-22 16:00:00,26.0,63.0,1.5,3.7,60.0,1.1287,Hujan Ringan,Hujan Ringan
jatinangor,"Jatinangor, Sumedang",2026-09-22,32.11.15.2002,Hegarmanah,kecamatan,yes,-6.938,107.7556,Asia/Jakarta,"BMKG representative point: Hegarmanah, Kecamatan Jatinangor",22-09-2026,BMKG,BMKG,16:00,2026-09-22 16:00:00,26.0,63.0,1.5,3.7,0.0,1.5049,Hujan Ringan,Hujan Ringan
jatinangor,"Jatinangor, Sumedang",2026-09-22,32.11.15.2002,Hegarmanah,kecamatan,yes,-6.938,107.7556,Asia/Jakarta,"BMKG representative point: Hegarmanah, Kecamatan Jatinangor",22-09-2026,BMKG,BMKG,17:00,2026-09-22 16:00:00,26.0,63.0,1.5,3.7,60.0,1.1287,Hujan Ringan,Hujan Ringan
jatinangor,"Jatinangor, Sumedang",2026-09-22,32.11.15.2002,Hegarmanah,kecamatan,yes,-6.938,107.7556,Asia/Jakarta,"BMKG representative point: Hegarmanah, Kecamatan Jatinangor",22-09-2026,BMKG,BMKG,18:00,2026-09-22 19:00:00,24.0,84.0,0.0,2.4,60.0,1.1287,Cerah,Cerah
jatinangor,"Jatinangor, Sumedang",2026-09-22,32.11.15.2002,Hegarmanah,kecamatan,yes,-6.938,107.7556,Asia/Jakarta,"BMKG representative point: Hegarmanah, Kecamatan Jatinangor",22-09-2026,BMKG,BMKG,19:00,2026-09-22 19:00:00,24.0,84.0,0.0,2.4,0.0,1.5049,Cerah,Cerah
jatinangor,"Jatinangor, Sumedang",2026-09-22,32.11.15.2002,Hegarmanah,kecamatan,yes,-6.938,107.7556,Asia/Jakarta,"BMKG representative point: Hegarmanah, Kecamatan Jatinangor",22-09-2026,BMKG,BMKG,20:00,2026-09-22 19:00:00,24.0,84.0,0.0,2.4,60.0,1.1287,Cerah,Cerah
jatinangor,"Jatinangor, Sumedang",2026-09-22,32.11.15.2002,Hegarmanah,kecamatan,yes,-6.938,107.7556,Asia/Jakarta,"BMKG representative point: Hegarmanah, Kecamatan Jatinangor",22-09-2026,BMKG,BMKG,21:00,2026-09-22 22:00:00,21.0,90.0,0.0,0.2,60.0,1.1287,Cerah,Cerah
jatinangor,"Jatinangor, Sumedang",2026-09-22,32.11.15.2002,Hegarmanah,kecamatan,yes,-6.938,107.7556,Asia/Jakarta,"BMKG representative point: Hegarmanah, Kecamatan Jatinangor",22-09-2026,BMKG,BMKG,22:00,2026-09-22 22:00:00,21.0,90.0,0.0,0.2,0.0,1.5049,Cerah,Cerah
jatinangor,"Jatinangor, Sumedang",2026-09-22,32.11.15.2002,Hegarmanah,kecamatan,yes,-6.938,107.7556,Asia/Jakarta,"BMKG representative point: Hegarmanah, Kecamatan Jatinangor",22-09-2026,BMKG,BMKG,23:00,2026-09-22 22:00:00,21.0,90.0,0.0,0.2,60.0,1.1287,Cerah,Cerah
jatinangor,"Jatinangor, Sumedang",2026-09-22,32.11.15.2002,Hegarmanah,kecamatan,yes,-6.938,107.7556,Asia/Jakarta,"BMKG representative point: Hegarmanah, Kecamatan Jatinangor",22-09-2026,CMA,Open-Meteo / CMA GRAPES,00:00,2026-09-22 00:00:00,22.4,84.0,0.0,5.5,0.0,1.1452,Cerah,wmo:0
jatinangor,"Jatinangor, Sumedang",2026-09-22,32.11.15.2002,Hegarmanah,kecamatan,yes,-6.938,107.7556,Asia/Jakarta,"BMKG representative point: Hegarmanah, Kecamatan Jatinangor",22-09-2026,CMA,Open-Meteo / CMA GRAPES,01:00,2026-09-22 01:00:00,22.3,80.0,0.0,5.4,0.0,1.1452,Cerah,wmo:0
jatinangor,"Jatinangor, Sumedang",2026-09-22,32.11.15.2002,Hegarmanah,kecamatan,yes,-6.938,107.7556,Asia/Jakarta,"BMKG representative point: Hegarmanah, Kecamatan Jatinangor",22-09-2026,CMA,Open-Meteo / CMA GRAPES,02:00,2026-09-22 02:00:00,22.1,78.0,0.0,5.0,0.0,1.1452,Cerah,wmo:0
jatinangor,"Jatinangor, Sumedang",2026-09-22,32.11.15.2002,Hegarmanah,kecamatan,yes,-6.938,107.7556,Asia/Jakarta,"BMKG representative point: Hegarmanah, Kecamatan Jatinangor",22-09-2026,CMA,Open-Meteo / CMA GRAPES,03:00,2026-09-22 03:00:00,21.8,76.0,0.0,4.6,0.0,1.1452,Cerah,wmo:0
jatinangor,"Jatinangor, Sumedang",2026-09-22,32.11.15.2002,Hegarmanah,kecamatan,yes,-6.938,107.7556,Asia/Jakarta,"BMKG representative point: Hegarmanah, Kecamatan Jatinangor",22-09-2026,CMA,Open-Meteo / CMA GRAPES,04:00,2026-09-22 04:00:00,21.8,74.0,0.0,4.6,0.0,1.1452,Cerah,wmo:0
jatinangor,"Jatinangor, Sumedang",2026-09-22,32.11.15.2002,Hegarmanah,kecamatan,yes,-6.938,107.7556,Asia/Jakarta,"BMKG representative point: Hegarmanah, Kecamatan Jatinangor",22-09-2026,CMA,Open-Meteo / CMA GRAPES,05:00,2026-09-22 05:00:00,21.8,70.0,0.0,5.2,0.0,1.1452,Cerah,wmo:0
jatinangor,"Jatinangor, Sumedang",2026-09-22,32.11.15.2002,Hegarmanah,kecamatan,yes,-6.938,107.7556,Asia/Jakarta,"BMKG representative point: Hegarmanah, Kecamatan Jatinangor",22-09-2026,CMA,Open-Meteo / CMA GRAPES,06:00,2026-09-22 06:00:00,22.1,64.0,0.0,6.2,0.0,1.1452,Cerah,wmo:0
jatinangor,"Jatinangor, Sumedang",2026-09-22,32.11.15.2002,Hegarmanah,kecamatan,yes,-6.938,107.7556,Asia/Jakarta,"BMKG representative point: Hegarmanah, Kecamatan Jatinangor",22-09-2026,CMA,Open-Meteo / CMA GRAPES,07:00,2026-09-22 07:00:00,22.6,59.0,0.0,5.9,0.0,1.1452,Cerah,wmo:0
jatinangor,"Jatinangor, Sumedang",2026-09-22,32.11.15.2002,Hegarmanah,kecamatan,yes,-6.938,107.7556,Asia/Jakarta,"BMKG representative point: Hegarmanah, Kecamatan Jatinangor",22-09-2026,CMA,Open-Meteo / CMA GRAPES,08:00,2026-09-22 08:00:00,23.8,54.0,0.0,4.8,0.0,1.1452,Cerah,wmo:0
jatinangor,"Jatinangor, Sumedang",2026-09-22,32.11.15.2002,Hegarmanah,kecamatan,yes,-6.938,107.7556,Asia/Jakarta,"BMKG representative point: Hegarmanah, Kecamatan Jatinangor",22-09-2026,CMA,Open-Meteo / CMA GRAPES,09:00,2026-09-22 09:00:00,25.2,48.0,0.0,6.1,0.0,1.1452,Cerah,wmo:0
jatinangor,"Jatinangor, Sumedang",2026-09-22,32.11.15.2002,Hegarmanah,kecamatan,yes,-6.938,107.7556,Asia/Jakarta,"BMKG representative point: Hegarmanah, Kecamatan Jatinangor",22-09-2026,CMA,Open-Meteo / CMA GRAPES,10:00,2026-09-22 10:00:00,26.6,44.0,0.0,8.4,0.0,1.1452,Cerah,wmo:0
jatinangor,"Jatinangor, Sumedang",2026-09-22,32.11.15.2002,Hegarmanah,kecamatan,yes,-6.938,107.7556,Asia/Jakarta,"BMKG representative point: Hegarmanah, Kecamatan Jatinangor",22-09-2026,CMA,Open-Meteo / CMA GRAPES,11:00,2026-09-22 11:00:00,27.7,40.0,0.0,9.6,0.0,1.1452,Cerah,wmo:0
jatinangor,"Jatinangor, Sumedang",2026-09-22,32.11.15.2002,Hegarmanah,kecamatan,yes,-6.938,107.7556,Asia/Jakarta,"BMKG representative point: Hegarmanah, Kecamatan Jatinangor",22-09-2026,CMA,Open-Meteo / CMA GRAPES,12:00,2026-09-22 12:00:00,28.7,38.0,0.0,10.4,0.0,1.1452,Cerah,wmo:0
jatinangor,"Jatinangor, Sumedang",2026-09-22,32.11.15.2002,Hegarmanah,kecamatan,yes,-6.938,107.7556,Asia/Jakarta,"BMKG representative point: Hegarmanah, Kecamatan Jatinangor",22-09-2026,CMA,Open-Meteo / CMA GRAPES,13:00,2026-09-22 13:00:00,29.3,37.0,0.0,11.2,0.0,1.1452,Cerah,wmo:0
jatinangor,"Jatinangor, Sumedang",2026-09-22,32.11.15.2002,Hegarmanah,kecamatan,yes,-6.938,107.7556,Asia/Jakarta,"BMKG representative point: Hegarmanah, Kecamatan Jatinangor",22-09-2026,CMA,Open-Meteo / CMA GRAPES,14:00,2026-09-22 14:00:00,29.4,38.0,0.0,11.6,0.0,1.1452,Cerah,wmo:0
jatinangor,"Jatinangor, Sumedang",2026-09-22,32.11.15.2002,Hegarmanah,kecamatan,yes,-6.938,107.7556,Asia/Jakarta,"BMKG representative point: Hegarmanah, Kecamatan Jatinangor",22-09-2026,CMA,Open-Meteo / CMA GRAPES,15:00,2026-09-22 15:00:00,29.1,42.0,0.0,11.3,0.0,1.1452,Cerah,wmo:0
jatinangor,"Jatinangor, Sumedang",2026-09-22,32.11.15.2002,Hegarmanah,kecamatan,yes,-6.938,107.7556,Asia/Jakarta,"BMKG representative point: Hegarmanah, Kecamatan Jatinangor",22-09-2026,CMA,Open-Meteo / CMA GRAPES,16:00,2026-09-22 16:00:00,28.5,47.0,0.0,10.8,0.0,1.1452,Cerah,wmo:0
jatinangor,"Jatinangor, Sumedang",2026-09-22,32.11.15.2002,Hegarmanah,kecamatan,yes,-6.938,107.7556,Asia/Jakarta,"BMKG representative point: Hegarmanah, Kecamatan Jatinangor",22-09-2026,CMA,Open-Meteo / CMA GRAPES,17:00,2026-09-22 17:00:00,27.4,55.0,0.0,10.5,0.0,1.1452,Cerah,wmo:0
jatinangor,"Jatinangor, Sumedang",2026-09-22,32.11.15.2002,Hegarmanah,kecamatan,yes,-6.938,107.7556,Asia/Jakarta,"BMKG representative point: Hegarmanah, Kecamatan Jatinangor",22-09-2026,CMA,Open-Meteo / CMA GRAPES,18:00,2026-09-22 18:00:00,25.9,65.0,0.0,10.9,0.0,1.1452,Cerah Berawan,wmo:1
jatinangor,"Jatinangor, Sumedang",2026-09-22,32.11.15.2002,Hegarmanah,kecamatan,yes,-6.938,107.7556,Asia/Jakarta,"BMKG representative point: Hegarmanah, Kecamatan Jatinangor",22-09-2026,CMA,Open-Meteo / CMA GRAPES,19:00,2026-09-22 19:00:00,24.6,74.0,0.0,10.4,0.0,1.1452,Cerah Berawan,wmo:1
jatinangor,"Jatinangor, Sumedang",2026-09-22,32.11.15.2002,Hegarmanah,kecamatan,yes,-6.938,107.7556,Asia/Jakarta,"BMKG representative point: Hegarmanah, Kecamatan Jatinangor",22-09-2026,CMA,Open-Meteo / CMA GRAPES,20:00,2026-09-22 20:00:00,23.8,81.0,0.0,7.6,0.0,1.1452,Cerah Berawan,wmo:1
jatinangor,"Jatinangor, Sumedang",2026-09-22,32.11.15.2002,Hegarmanah,kecamatan,yes,-6.938,107.7556,Asia/Jakarta,"BMKG representative point: Hegarmanah, Kecamatan Jatinangor",22-09-2026,CMA,Open-Meteo / CMA GRAPES,21:00,2026-09-22 21:00:00,23.2,87.0,0.0,3.6,0.0,1.1452,Cerah,wmo:0
jatinangor,"Jatinangor, Sumedang",2026-09-22,32.11.15.2002,Hegarmanah,kecamatan,yes,-6.938,107.7556,Asia/Jakarta,"BMKG representative point: Hegarmanah, Kecamatan Jatinangor",22-09-2026,CMA,Open-Meteo / CMA GRAPES,22:00,2026-09-22 22:00:00,22.7,90.0,0.0,2.6,0.0,1.1452,Cerah,wmo:0
jatinangor,"Jatinangor, Sumedang",2026-09-22,32.11.15.2002,Hegarmanah,kecamatan,yes,-6.938,107.7556,Asia/Jakarta,"BMKG representative point: Hegarmanah, Kecamatan Jatinangor",22-09-2026,CMA,Open-Meteo / CMA GRAPES,23:00,2026-09-22 23:00:00,22.4,90.0,0.0,3.5,0.0,1.1452,Cerah,wmo:0
jatinangor,"Jatinangor, Sumedang",2026-09-22,32.11.15.2002,Hegarmanah,kecamatan,yes,-6.938,107.7556,Asia/Jakarta,"BMKG representative point: Hegarmanah, Kecamatan Jatinangor",22-09-2026,ECMWF,Open-Meteo / ECMWF,00:00,2026-09-22 00:00:00,20.9,88.0,0.0,4.6,0.0,1.7351,Cerah Berawan,wmo:1
jatinangor,"Jatinangor, Sumedang",2026-09-22,32.11.15.2002,Hegarmanah,kecamatan,yes,-6.938,107.7556,Asia/Jakarta,"BMKG representative point: Hegarmanah, Kecamatan Jatinangor",22-09-2026,ECMWF,Open-Meteo / ECMWF,01:00,2026-09-22 01:00:00,20.3,88.0,0.0,4.5,0.0,1.7351,Cerah Berawan,wmo:2
jatinangor,"Jatinangor, Sumedang",2026-09-22,32.11.15.2002,Hegarmanah,kecamatan,yes,-6.938,107.7556,Asia/Jakarta,"BMKG representative point: Hegarmanah, Kecamatan Jatinangor",22-09-2026,ECMWF,Open-Meteo / ECMWF,02:00,2026-09-22 02:00:00,19.7,89.0,0.0,4.5,0.0,1.7351,Berawan,wmo:3
jatinangor,"Jatinangor, Sumedang",2026-09-22,32.11.15.2002,Hegarmanah,kecamatan,yes,-6.938,107.7556,Asia/Jakarta,"BMKG representative point: Hegarmanah, Kecamatan Jatinangor",22-09-2026,ECMWF,Open-Meteo / ECMWF,03:00,2026-09-22 03:00:00,19.2,90.0,0.0,4.8,0.0,1.7351,Berawan,wmo:3
jatinangor,"Jatinangor, Sumedang",2026-09-22,32.11.15.2002,Hegarmanah,kecamatan,yes,-6.938,107.7556,Asia/Jakarta,"BMKG representative point: Hegarmanah, Kecamatan Jatinangor",22-09-2026,ECMWF,Open-Meteo / ECMWF,04:00,2026-09-22 04:00:00,19.0,90.0,0.0,4.8,0.0,1.7351,Berawan,wmo:3
jatinangor,"Jatinangor, Sumedang",2026-09-22,32.11.15.2002,Hegarmanah,kecamatan,yes,-6.938,107.7556,Asia/Jakarta,"BMKG representative point: Hegarmanah, Kecamatan Jatinangor",22-09-2026,ECMWF,Open-Meteo / ECMWF,05:00,2026-09-22 05:00:00,19.2,87.0,0.0,5.1,0.0,1.7351,Berawan,wmo:3
jatinangor,"Jatinangor, Sumedang",2026-09-22,32.11.15.2002,Hegarmanah,kecamatan,yes,-6.938,107.7556,Asia/Jakarta,"BMKG representative point: Hegarmanah, Kecamatan Jatinangor",22-09-2026,ECMWF,Open-Meteo / ECMWF,06:00,2026-09-22 06:00:00,19.6,83.0,0.0,5.4,0.0,1.7351,Berawan,wmo:3
jatinangor,"Jatinangor, Sumedang",2026-09-22,32.11.15.2002,Hegarmanah,kecamatan,yes,-6.938,107.7556,Asia/Jakarta,"BMKG representative point: Hegarmanah, Kecamatan Jatinangor",22-09-2026,ECMWF,Open-Meteo / ECMWF,07:00,2026-09-22 07:00:00,20.8,76.0,0.0,5.5,0.0,1.7351,Cerah Berawan,wmo:2
jatinangor,"Jatinangor, Sumedang",2026-09-22,32.11.15.2002,Hegarmanah,kecamatan,yes,-6.938,107.7556,Asia/Jakarta,"BMKG representative point: Hegarmanah, Kecamatan Jatinangor",22-09-2026,ECMWF,Open-Meteo / ECMWF,08:00,2026-09-22 08:00:00,23.3,63.0,0.0,5.6,0.0,1.7351,Cerah Berawan,wmo:2
jatinangor,"Jatinangor, Sumedang",2026-09-22,32.11.15.2002,Hegarmanah,kecamatan,yes,-6.938,107.7556,Asia/Jakarta,"BMKG representative point: Hegarmanah, Kecamatan Jatinangor",22-09-2026,ECMWF,Open-Meteo / ECMWF,09:00,2026-09-22 09:00:00,26.6,48.0,0.0,5.6,0.0,1.7351,Cerah Berawan,wmo:2
jatinangor,"Jatinangor, Sumedang",2026-09-22,32.11.15.2002,Hegarmanah,kecamatan,yes,-6.938,107.7556,Asia/Jakarta,"BMKG representative point: Hegarmanah, Kecamatan Jatinangor",22-09-2026,ECMWF,Open-Meteo / ECMWF,10:00,2026-09-22 10:00:00,29.2,36.0,0.0,5.2,0.0,1.7351,Cerah Berawan,wmo:2
jatinangor,"Jatinangor, Sumedang",2026-09-22,32.11.15.2002,Hegarmanah,kecamatan,yes,-6.938,107.7556,Asia/Jakarta,"BMKG representative point: Hegarmanah, Kecamatan Jatinangor",22-09-2026,ECMWF,Open-Meteo / ECMWF,11:00,2026-09-22 11:00:00,30.9,31.0,0.0,4.9,0.0,1.7351,Cerah Berawan,wmo:2
jatinangor,"Jatinangor, Sumedang",2026-09-22,32.11.15.2002,Hegarmanah,kecamatan,yes,-6.938,107.7556,Asia/Jakarta,"BMKG representative point: Hegarmanah, Kecamatan Jatinangor",22-09-2026,ECMWF,Open-Meteo / ECMWF,12:00,2026-09-22 12:00:00,32.0,30.0,0.0,4.6,0.0,1.7351,Berawan,wmo:3
jatinangor,"Jatinangor, Sumedang",2026-09-22,32.11.15.2002,Hegarmanah,kecamatan,yes,-6.938,107.7556,Asia/Jakarta,"BMKG representative point: Hegarmanah, Kecamatan Jatinangor",22-09-2026,ECMWF,Open-Meteo / ECMWF,13:00,2026-09-22 13:00:00,32.2,32.0,0.0,3.7,0.0,1.7351,Berawan,wmo:3
jatinangor,"Jatinangor, Sumedang",2026-09-22,32.11.15.2002,Hegarmanah,kecamatan,yes,-6.938,107.7556,Asia/Jakarta,"BMKG representative point: Hegarmanah, Kecamatan Jatinangor",22-09-2026,ECMWF,Open-Meteo / ECMWF,14:00,2026-09-22 14:00:00,31.4,38.0,0.3,3.8,0.0,1.7351,Hujan Ringan,wmo:51
jatinangor,"Jatinangor, Sumedang",2026-09-22,32.11.15.2002,Hegarmanah,kecamatan,yes,-6.938,107.7556,Asia/Jakarta,"BMKG representative point: Hegarmanah, Kecamatan Jatinangor",22-09-2026,ECMWF,Open-Meteo / ECMWF,15:00,2026-09-22 15:00:00,29.7,46.0,0.3,6.4,0.0,1.7351,Hujan Ringan,wmo:51
jatinangor,"Jatinangor, Sumedang",2026-09-22,32.11.15.2002,Hegarmanah,kecamatan,yes,-6.938,107.7556,Asia/Jakarta,"BMKG representative point: Hegarmanah, Kecamatan Jatinangor",22-09-2026,ECMWF,Open-Meteo / ECMWF,16:00,2026-09-22 16:00:00,28.1,55.0,0.3,7.6,0.0,1.7351,Hujan Ringan,wmo:51
jatinangor,"Jatinangor, Sumedang",2026-09-22,32.11.15.2002,Hegarmanah,kecamatan,yes,-6.938,107.7556,Asia/Jakarta,"BMKG representative point: Hegarmanah, Kecamatan Jatinangor",22-09-2026,ECMWF,Open-Meteo / ECMWF,17:00,2026-09-22 17:00:00,26.8,64.0,0.2,5.5,0.0,1.7351,Hujan Ringan,wmo:51
jatinangor,"Jatinangor, Sumedang",2026-09-22,32.11.15.2002,Hegarmanah,kecamatan,yes,-6.938,107.7556,Asia/Jakarta,"BMKG representative point: Hegarmanah, Kecamatan Jatinangor",22-09-2026,ECMWF,Open-Meteo / ECMWF,18:00,2026-09-22 18:00:00,25.4,73.0,0.2,1.4,0.0,1.7351,Hujan Ringan,wmo:51
jatinangor,"Jatinangor, Sumedang",2026-09-22,32.11.15.2002,Hegarmanah,kecamatan,yes,-6.938,107.7556,Asia/Jakarta,"BMKG representative point: Hegarmanah, Kecamatan Jatinangor",22-09-2026,ECMWF,Open-Meteo / ECMWF,19:00,2026-09-22 19:00:00,24.3,80.0,0.2,1.8,0.0,1.7351,Hujan Ringan,wmo:51
jatinangor,"Jatinangor, Sumedang",2026-09-22,32.11.15.2002,Hegarmanah,kecamatan,yes,-6.938,107.7556,Asia/Jakarta,"BMKG representative point: Hegarmanah, Kecamatan Jatinangor",22-09-2026,ECMWF,Open-Meteo / ECMWF,20:00,2026-09-22 20:00:00,23.6,83.0,0.0,2.6,0.0,1.7351,Cerah Berawan,wmo:2
jatinangor,"Jatinangor, Sumedang",2026-09-22,32.11.15.2002,Hegarmanah,kecamatan,yes,-6.938,107.7556,Asia/Jakarta,"BMKG representative point: Hegarmanah, Kecamatan Jatinangor",22-09-2026,ECMWF,Open-Meteo / ECMWF,21:00,2026-09-22 21:00:00,23.1,85.0,0.0,2.7,0.0,1.7351,Cerah Berawan,wmo:1
jatinangor,"Jatinangor, Sumedang",2026-09-22,32.11.15.2002,Hegarmanah,kecamatan,yes,-6.938,107.7556,Asia/Jakarta,"BMKG representative point: Hegarmanah, Kecamatan Jatinangor",22-09-2026,ECMWF,Open-Meteo / ECMWF,22:00,2026-09-22 22:00:00,22.6,86.0,0.0,2.6,0.0,1.7351,Cerah Berawan,wmo:1
jatinangor,"Jatinangor, Sumedang",2026-09-22,32.11.15.2002,Hegarmanah,kecamatan,yes,-6.938,107.7556,Asia/Jakarta,"BMKG representative point: Hegarmanah, Kecamatan Jatinangor",22-09-2026,ECMWF,Open-Meteo / ECMWF,23:00,2026-09-22 23:00:00,22.0,88.0,0.0,2.2,0.0,1.7351,Cerah Berawan,wmo:1
jatinangor,"Jatinangor, Sumedang",2026-09-22,32.11.15.2002,Hegarmanah,kecamatan,yes,-6.938,107.7556,Asia/Jakarta,"BMKG representative point: Hegarmanah, Kecamatan Jatinangor",22-09-2026,GFS,Open-Meteo / NOAA GFS,00:00,2026-09-22 00:00:00,19.0,85.0,0.0,4.8,0.0,1.3914,Berawan,wmo:3
jatinangor,"Jatinangor, Sumedang",2026-09-22,32.11.15.2002,Hegarmanah,kecamatan,yes,-6.938,107.7556,Asia/Jakarta,"BMKG representative point: Hegarmanah, Kecamatan Jatinangor",22-09-2026,GFS,Open-Meteo / NOAA GFS,01:00,2026-09-22 01:00:00,18.7,86.0,0.0,3.7,0.0,1.3914,Cerah Berawan,wmo:2
jatinangor,"Jatinangor, Sumedang",2026-09-22,32.11.15.2002,Hegarmanah,kecamatan,yes,-6.938,107.7556,Asia/Jakarta,"BMKG representative point: Hegarmanah, Kecamatan Jatinangor",22-09-2026,GFS,Open-Meteo / NOAA GFS,02:00,2026-09-22 02:00:00,18.6,87.0,0.0,4.3,0.0,1.3914,Berawan,wmo:3
jatinangor,"Jatinangor, Sumedang",2026-09-22,32.11.15.2002,Hegarmanah,kecamatan,yes,-6.938,107.7556,Asia/Jakarta,"BMKG representative point: Hegarmanah, Kecamatan Jatinangor",22-09-2026,GFS,Open-Meteo / NOAA GFS,03:00,2026-09-22 03:00:00,18.6,86.0,0.0,4.2,0.0,1.3914,Berawan,wmo:3
jatinangor,"Jatinangor, Sumedang",2026-09-22,32.11.15.2002,Hegarmanah,kecamatan,yes,-6.938,107.7556,Asia/Jakarta,"BMKG representative point: Hegarmanah, Kecamatan Jatinangor",22-09-2026,GFS,Open-Meteo / NOAA GFS,04:00,2026-09-22 04:00:00,18.4,86.0,0.0,4.2,0.0,1.3914,Cerah Berawan,wmo:1
jatinangor,"Jatinangor, Sumedang",2026-09-22,32.11.15.2002,Hegarmanah,kecamatan,yes,-6.938,107.7556,Asia/Jakarta,"BMKG representative point: Hegarmanah, Kecamatan Jatinangor",22-09-2026,GFS,Open-Meteo / NOAA GFS,05:00,2026-09-22 05:00:00,18.3,83.0,0.0,4.8,0.0,1.3914,Cerah Berawan,wmo:2
jatinangor,"Jatinangor, Sumedang",2026-09-22,32.11.15.2002,Hegarmanah,kecamatan,yes,-6.938,107.7556,Asia/Jakarta,"BMKG representative point: Hegarmanah, Kecamatan Jatinangor",22-09-2026,GFS,Open-Meteo / NOAA GFS,06:00,2026-09-22 06:00:00,18.7,75.0,0.0,5.2,0.0,1.3914,Berawan,wmo:3
jatinangor,"Jatinangor, Sumedang",2026-09-22,32.11.15.2002,Hegarmanah,kecamatan,yes,-6.938,107.7556,Asia/Jakarta,"BMKG representative point: Hegarmanah, Kecamatan Jatinangor",22-09-2026,GFS,Open-Meteo / NOAA GFS,07:00,2026-09-22 07:00:00,22.8,52.0,0.0,4.4,0.0,1.3914,Berawan,wmo:3
jatinangor,"Jatinangor, Sumedang",2026-09-22,32.11.15.2002,Hegarmanah,kecamatan,yes,-6.938,107.7556,Asia/Jakarta,"BMKG representative point: Hegarmanah, Kecamatan Jatinangor",22-09-2026,GFS,Open-Meteo / NOAA GFS,08:00,2026-09-22 08:00:00,26.6,38.0,0.0,5.5,0.0,1.3914,Berawan,wmo:3
jatinangor,"Jatinangor, Sumedang",2026-09-22,32.11.15.2002,Hegarmanah,kecamatan,yes,-6.938,107.7556,Asia/Jakarta,"BMKG representative point: Hegarmanah, Kecamatan Jatinangor",22-09-2026,GFS,Open-Meteo / NOAA GFS,09:00,2026-09-22 09:00:00,29.5,32.0,0.0,6.2,0.0,1.3914,Berawan,wmo:3
jatinangor,"Jatinangor, Sumedang",2026-09-22,32.11.15.2002,Hegarmanah,kecamatan,yes,-6.938,107.7556,Asia/Jakarta,"BMKG representative point: Hegarmanah, Kecamatan Jatinangor",22-09-2026,GFS,Open-Meteo / NOAA GFS,10:00,2026-09-22 10:00:00,31.6,30.0,0.0,7.2,0.0,1.3914,Cerah Berawan,wmo:2
jatinangor,"Jatinangor, Sumedang",2026-09-22,32.11.15.2002,Hegarmanah,kecamatan,yes,-6.938,107.7556,Asia/Jakarta,"BMKG representative point: Hegarmanah, Kecamatan Jatinangor",22-09-2026,GFS,Open-Meteo / NOAA GFS,11:00,2026-09-22 11:00:00,33.0,28.0,0.0,8.5,0.0,1.3914,Cerah Berawan,wmo:1
jatinangor,"Jatinangor, Sumedang",2026-09-22,32.11.15.2002,Hegarmanah,kecamatan,yes,-6.938,107.7556,Asia/Jakarta,"BMKG representative point: Hegarmanah, Kecamatan Jatinangor",22-09-2026,GFS,Open-Meteo / NOAA GFS,12:00,2026-09-22 12:00:00,33.9,27.0,0.0,10.7,0.0,1.3914,Cerah,wmo:0
jatinangor,"Jatinangor, Sumedang",2026-09-22,32.11.15.2002,Hegarmanah,kecamatan,yes,-6.938,107.7556,Asia/Jakarta,"BMKG representative point: Hegarmanah, Kecamatan Jatinangor",22-09-2026,GFS,Open-Meteo / NOAA GFS,13:00,2026-09-22 13:00:00,34.6,26.0,0.0,16.1,0.0,1.3914,Berawan,wmo:3
jatinangor,"Jatinangor, Sumedang",2026-09-22,32.11.15.2002,Hegarmanah,kecamatan,yes,-6.938,107.7556,Asia/Jakarta,"BMKG representative point: Hegarmanah, Kecamatan Jatinangor",22-09-2026,GFS,Open-Meteo / NOAA GFS,14:00,2026-09-22 14:00:00,32.2,33.0,0.0,19.9,0.0,1.3914,Berawan,wmo:3
jatinangor,"Jatinangor, Sumedang",2026-09-22,32.11.15.2002,Hegarmanah,kecamatan,yes,-6.938,107.7556,Asia/Jakarta,"BMKG representative point: Hegarmanah, Kecamatan Jatinangor",22-09-2026,GFS,Open-Meteo / NOAA GFS,15:00,2026-09-22 15:00:00,30.0,39.0,0.0,10.3,0.0,1.3914,Berawan,wmo:3
jatinangor,"Jatinangor, Sumedang",2026-09-22,32.11.15.2002,Hegarmanah,kecamatan,yes,-6.938,107.7556,Asia/Jakarta,"BMKG representative point: Hegarmanah, Kecamatan Jatinangor",22-09-2026,GFS,Open-Meteo / NOAA GFS,16:00,2026-09-22 16:00:00,28.8,45.0,0.0,5.8,0.0,1.3914,Berawan,wmo:3
jatinangor,"Jatinangor, Sumedang",2026-09-22,32.11.15.2002,Hegarmanah,kecamatan,yes,-6.938,107.7556,Asia/Jakarta,"BMKG representative point: Hegarmanah, Kecamatan Jatinangor",22-09-2026,GFS,Open-Meteo / NOAA GFS,17:00,2026-09-22 17:00:00,26.5,56.0,0.2,5.8,0.0,1.3914,Hujan Ringan,wmo:51
jatinangor,"Jatinangor, Sumedang",2026-09-22,32.11.15.2002,Hegarmanah,kecamatan,yes,-6.938,107.7556,Asia/Jakarta,"BMKG representative point: Hegarmanah, Kecamatan Jatinangor",22-09-2026,GFS,Open-Meteo / NOAA GFS,18:00,2026-09-22 18:00:00,24.7,64.0,0.1,4.7,0.0,1.3914,Hujan Ringan,wmo:51
jatinangor,"Jatinangor, Sumedang",2026-09-22,32.11.15.2002,Hegarmanah,kecamatan,yes,-6.938,107.7556,Asia/Jakarta,"BMKG representative point: Hegarmanah, Kecamatan Jatinangor",22-09-2026,GFS,Open-Meteo / NOAA GFS,19:00,2026-09-22 19:00:00,24.1,66.0,0.0,1.0,0.0,1.3914,Berawan,wmo:3
jatinangor,"Jatinangor, Sumedang",2026-09-22,32.11.15.2002,Hegarmanah,kecamatan,yes,-6.938,107.7556,Asia/Jakarta,"BMKG representative point: Hegarmanah, Kecamatan Jatinangor",22-09-2026,GFS,Open-Meteo / NOAA GFS,20:00,2026-09-22 20:00:00,23.3,67.0,0.0,5.8,0.0,1.3914,Berawan,wmo:3
jatinangor,"Jatinangor, Sumedang",2026-09-22,32.11.15.2002,Hegarmanah,kecamatan,yes,-6.938,107.7556,Asia/Jakarta,"BMKG representative point: Hegarmanah, Kecamatan Jatinangor",22-09-2026,GFS,Open-Meteo / NOAA GFS,21:00,2026-09-22 21:00:00,21.0,73.0,0.0,5.5,0.0,1.3914,Berawan,wmo:3
jatinangor,"Jatinangor, Sumedang",2026-09-22,32.11.15.2002,Hegarmanah,kecamatan,yes,-6.938,107.7556,Asia/Jakarta,"BMKG representative point: Hegarmanah, Kecamatan Jatinangor",22-09-2026,GFS,Open-Meteo / NOAA GFS,22:00,2026-09-22 22:00:00,20.1,72.0,0.0,5.1,0.0,1.3914,Cerah Berawan,wmo:1
jatinangor,"Jatinangor, Sumedang",2026-09-22,32.11.15.2002,Hegarmanah,kecamatan,yes,-6.938,107.7556,Asia/Jakarta,"BMKG representative point: Hegarmanah, Kecamatan Jatinangor",22-09-2026,GFS,Open-Meteo / NOAA GFS,23:00,2026-09-22 23:00:00,19.4,73.0,0.0,4.8,0.0,1.3914,Cerah Berawan,wmo:1
jatinangor,"Jatinangor, Sumedang",2026-09-22,32.11.15.2002,Hegarmanah,kecamatan,yes,-6.938,107.7556,Asia/Jakarta,"BMKG representative point: Hegarmanah, Kecamatan Jatinangor",22-09-2026,ICON,Open-Meteo / DWD ICON,00:00,2026-09-22 00:00:00,22.1,73.0,0.0,3.6,0.0,1.4513,Cerah Berawan,wmo:2
jatinangor,"Jatinangor, Sumedang",2026-09-22,32.11.15.2002,Hegarmanah,kecamatan,yes,-6.938,107.7556,Asia/Jakarta,"BMKG representative point: Hegarmanah, Kecamatan Jatinangor",22-09-2026,ICON,Open-Meteo / DWD ICON,01:00,2026-09-22 01:00:00,21.7,71.0,0.0,4.7,0.0,1.4513,Cerah Berawan,wmo:2
jatinangor,"Jatinangor, Sumedang",2026-09-22,32.11.15.2002,Hegarmanah,kecamatan,yes,-6.938,107.7556,Asia/Jakarta,"BMKG representative point: Hegarmanah, Kecamatan Jatinangor",22-09-2026,ICON,Open-Meteo / DWD ICON,02:00,2026-09-22 02:00:00,21.3,70.0,0.0,4.5,0.0,1.4513,Cerah Berawan,wmo:2
jatinangor,"Jatinangor, Sumedang",2026-09-22,32.11.15.2002,Hegarmanah,kecamatan,yes,-6.938,107.7556,Asia/Jakarta,"BMKG representative point: Hegarmanah, Kecamatan Jatinangor",22-09-2026,ICON,Open-Meteo / DWD ICON,03:00,2026-09-22 03:00:00,20.8,69.0,0.0,5.2,0.0,1.4513,Cerah Berawan,wmo:2
jatinangor,"Jatinangor, Sumedang",2026-09-22,32.11.15.2002,Hegarmanah,kecamatan,yes,-6.938,107.7556,Asia/Jakarta,"BMKG representative point: Hegarmanah, Kecamatan Jatinangor",22-09-2026,ICON,Open-Meteo / DWD ICON,04:00,2026-09-22 04:00:00,20.4,67.0,0.0,4.9,0.0,1.4513,Cerah Berawan,wmo:2
jatinangor,"Jatinangor, Sumedang",2026-09-22,32.11.15.2002,Hegarmanah,kecamatan,yes,-6.938,107.7556,Asia/Jakarta,"BMKG representative point: Hegarmanah, Kecamatan Jatinangor",22-09-2026,ICON,Open-Meteo / DWD ICON,05:00,2026-09-22 05:00:00,20.2,66.0,0.0,4.6,0.0,1.4513,Berawan,wmo:3
jatinangor,"Jatinangor, Sumedang",2026-09-22,32.11.15.2002,Hegarmanah,kecamatan,yes,-6.938,107.7556,Asia/Jakarta,"BMKG representative point: Hegarmanah, Kecamatan Jatinangor",22-09-2026,ICON,Open-Meteo / DWD ICON,06:00,2026-09-22 06:00:00,19.9,66.0,0.0,4.7,0.0,1.4513,Cerah Berawan,wmo:2
jatinangor,"Jatinangor, Sumedang",2026-09-22,32.11.15.2002,Hegarmanah,kecamatan,yes,-6.938,107.7556,Asia/Jakarta,"BMKG representative point: Hegarmanah, Kecamatan Jatinangor",22-09-2026,ICON,Open-Meteo / DWD ICON,07:00,2026-09-22 07:00:00,22.1,67.0,0.0,3.6,0.0,1.4513,Cerah Berawan,wmo:2
jatinangor,"Jatinangor, Sumedang",2026-09-22,32.11.15.2002,Hegarmanah,kecamatan,yes,-6.938,107.7556,Asia/Jakarta,"BMKG representative point: Hegarmanah, Kecamatan Jatinangor",22-09-2026,ICON,Open-Meteo / DWD ICON,08:00,2026-09-22 08:00:00,25.5,51.0,0.0,3.9,0.0,1.4513,Cerah Berawan,wmo:2
jatinangor,"Jatinangor, Sumedang",2026-09-22,32.11.15.2002,Hegarmanah,kecamatan,yes,-6.938,107.7556,Asia/Jakarta,"BMKG representative point: Hegarmanah, Kecamatan Jatinangor",22-09-2026,ICON,Open-Meteo / DWD ICON,09:00,2026-09-22 09:00:00,28.0,41.0,0.0,5.2,0.0,1.4513,Cerah Berawan,wmo:1
jatinangor,"Jatinangor, Sumedang",2026-09-22,32.11.15.2002,Hegarmanah,kecamatan,yes,-6.938,107.7556,Asia/Jakarta,"BMKG representative point: Hegarmanah, Kecamatan Jatinangor",22-09-2026,ICON,Open-Meteo / DWD ICON,10:00,2026-09-22 10:00:00,30.3,36.0,0.0,5.4,0.0,1.4513,Cerah,wmo:0
jatinangor,"Jatinangor, Sumedang",2026-09-22,32.11.15.2002,Hegarmanah,kecamatan,yes,-6.938,107.7556,Asia/Jakarta,"BMKG representative point: Hegarmanah, Kecamatan Jatinangor",22-09-2026,ICON,Open-Meteo / DWD ICON,11:00,2026-09-22 11:00:00,32.2,33.0,0.0,6.9,0.0,1.4513,Cerah,wmo:0
jatinangor,"Jatinangor, Sumedang",2026-09-22,32.11.15.2002,Hegarmanah,kecamatan,yes,-6.938,107.7556,Asia/Jakarta,"BMKG representative point: Hegarmanah, Kecamatan Jatinangor",22-09-2026,ICON,Open-Meteo / DWD ICON,12:00,2026-09-22 12:00:00,32.5,32.0,0.0,6.9,0.0,1.4513,Cerah,wmo:0
jatinangor,"Jatinangor, Sumedang",2026-09-22,32.11.15.2002,Hegarmanah,kecamatan,yes,-6.938,107.7556,Asia/Jakarta,"BMKG representative point: Hegarmanah, Kecamatan Jatinangor",22-09-2026,ICON,Open-Meteo / DWD ICON,13:00,2026-09-22 13:00:00,33.1,32.0,0.0,7.2,0.0,1.4513,Cerah Berawan,wmo:2
jatinangor,"Jatinangor, Sumedang",2026-09-22,32.11.15.2002,Hegarmanah,kecamatan,yes,-6.938,107.7556,Asia/Jakarta,"BMKG representative point: Hegarmanah, Kecamatan Jatinangor",22-09-2026,ICON,Open-Meteo / DWD ICON,14:00,2026-09-22 14:00:00,32.7,34.0,0.0,9.7,0.0,1.4513,Berawan,wmo:3
jatinangor,"Jatinangor, Sumedang",2026-09-22,32.11.15.2002,Hegarmanah,kecamatan,yes,-6.938,107.7556,Asia/Jakarta,"BMKG representative point: Hegarmanah, Kecamatan Jatinangor",22-09-2026,ICON,Open-Meteo / DWD ICON,15:00,2026-09-22 15:00:00,30.5,42.0,0.0,15.5,0.0,1.4513,Berawan,wmo:3
jatinangor,"Jatinangor, Sumedang",2026-09-22,32.11.15.2002,Hegarmanah,kecamatan,yes,-6.938,107.7556,Asia/Jakarta,"BMKG representative point: Hegarmanah, Kecamatan Jatinangor",22-09-2026,ICON,Open-Meteo / DWD ICON,16:00,2026-09-22 16:00:00,29.0,47.0,0.0,12.2,0.0,1.4513,Berawan,wmo:3
jatinangor,"Jatinangor, Sumedang",2026-09-22,32.11.15.2002,Hegarmanah,kecamatan,yes,-6.938,107.7556,Asia/Jakarta,"BMKG representative point: Hegarmanah, Kecamatan Jatinangor",22-09-2026,ICON,Open-Meteo / DWD ICON,17:00,2026-09-22 17:00:00,28.4,49.0,0.0,5.6,0.0,1.4513,Cerah Berawan,wmo:2
jatinangor,"Jatinangor, Sumedang",2026-09-22,32.11.15.2002,Hegarmanah,kecamatan,yes,-6.938,107.7556,Asia/Jakarta,"BMKG representative point: Hegarmanah, Kecamatan Jatinangor",22-09-2026,ICON,Open-Meteo / DWD ICON,18:00,2026-09-22 18:00:00,27.3,55.0,0.0,3.1,0.0,1.4513,Cerah Berawan,wmo:2
jatinangor,"Jatinangor, Sumedang",2026-09-22,32.11.15.2002,Hegarmanah,kecamatan,yes,-6.938,107.7556,Asia/Jakarta,"BMKG representative point: Hegarmanah, Kecamatan Jatinangor",22-09-2026,ICON,Open-Meteo / DWD ICON,19:00,2026-09-22 19:00:00,26.4,59.0,0.0,4.0,0.0,1.4513,Berawan,wmo:3
jatinangor,"Jatinangor, Sumedang",2026-09-22,32.11.15.2002,Hegarmanah,kecamatan,yes,-6.938,107.7556,Asia/Jakarta,"BMKG representative point: Hegarmanah, Kecamatan Jatinangor",22-09-2026,ICON,Open-Meteo / DWD ICON,20:00,2026-09-22 20:00:00,25.0,66.0,0.0,4.6,0.0,1.4513,Cerah Berawan,wmo:2
jatinangor,"Jatinangor, Sumedang",2026-09-22,32.11.15.2002,Hegarmanah,kecamatan,yes,-6.938,107.7556,Asia/Jakarta,"BMKG representative point: Hegarmanah, Kecamatan Jatinangor",22-09-2026,ICON,Open-Meteo / DWD ICON,21:00,2026-09-22 21:00:00,23.6,73.0,0.0,4.0,0.0,1.4513,Cerah Berawan,wmo:1
jatinangor,"Jatinangor, Sumedang",2026-09-22,32.11.15.2002,Hegarmanah,kecamatan,yes,-6.938,107.7556,Asia/Jakarta,"BMKG representative point: Hegarmanah, Kecamatan Jatinangor",22-09-2026,ICON,Open-Meteo / DWD ICON,22:00,2026-09-22 22:00:00,22.2,81.0,0.0,4.2,0.0,1.4513,Cerah Berawan,wmo:1
jatinangor,"Jatinangor, Sumedang",2026-09-22,32.11.15.2002,Hegarmanah,kecamatan,yes,-6.938,107.7556,Asia/Jakarta,"BMKG representative point: Hegarmanah, Kecamatan Jatinangor",22-09-2026,ICON,Open-Meteo / DWD ICON,23:00,2026-09-22 23:00:00,21.1,87.0,0.0,4.9,0.0,1.4513,Cerah Berawan,wmo:1
jatinangor,"Jatinangor, Sumedang",2026-09-22,32.11.15.2002,Hegarmanah,kecamatan,yes,-6.938,107.7556,Asia/Jakarta,"BMKG representative point: Hegarmanah, Kecamatan Jatinangor",22-09-2026,KMA,Open-Meteo / KMA,00:00,2026-09-22 00:00:00,,,,,0.0,0.5517,Berawan,wmo:None
jatinangor,"Jatinangor, Sumedang",2026-09-22,32.11.15.2002,Hegarmanah,kecamatan,yes,-6.938,107.7556,Asia/Jakarta,"BMKG representative point: Hegarmanah, Kecamatan Jatinangor",22-09-2026,KMA,Open-Meteo / KMA,01:00,2026-09-22 01:00:00,,,,,0.0,0.5517,Berawan,wmo:None
jatinangor,"Jatinangor, Sumedang",2026-09-22,32.11.15.2002,Hegarmanah,kecamatan,yes,-6.938,107.7556,Asia/Jakarta,"BMKG representative point: Hegarmanah, Kecamatan Jatinangor",22-09-2026,KMA,Open-Meteo / KMA,02:00,2026-09-22 02:00:00,,,,,0.0,0.5517,Berawan,wmo:None
jatinangor,"Jatinangor, Sumedang",2026-09-22,32.11.15.2002,Hegarmanah,kecamatan,yes,-6.938,107.7556,Asia/Jakarta,"BMKG representative point: Hegarmanah, Kecamatan Jatinangor",22-09-2026,KMA,Open-Meteo / KMA,03:00,2026-09-22 03:00:00,,,,,0.0,0.5517,Berawan,wmo:None
jatinangor,"Jatinangor, Sumedang",2026-09-22,32.11.15.2002,Hegarmanah,kecamatan,yes,-6.938,107.7556,Asia/Jakarta,"BMKG representative point: Hegarmanah, Kecamatan Jatinangor",22-09-2026,KMA,Open-Meteo / KMA,04:00,2026-09-22 04:00:00,,,,,0.0,0.5517,Berawan,wmo:None
jatinangor,"Jatinangor, Sumedang",2026-09-22,32.11.15.2002,Hegarmanah,kecamatan,yes,-6.938,107.7556,Asia/Jakarta,"BMKG representative point: Hegarmanah, Kecamatan Jatinangor",22-09-2026,KMA,Open-Meteo / KMA,05:00,2026-09-22 05:00:00,,,,,0.0,0.5517,Berawan,wmo:None
jatinangor,"Jatinangor, Sumedang",2026-09-22,32.11.15.2002,Hegarmanah,kecamatan,yes,-6.938,107.7556,Asia/Jakarta,"BMKG representative point: Hegarmanah, Kecamatan Jatinangor",22-09-2026,KMA,Open-Meteo / KMA,06:00,2026-09-22 06:00:00,,,,,0.0,0.5517,Berawan,wmo:None
jatinangor,"Jatinangor, Sumedang",2026-09-22,32.11.15.2002,Hegarmanah,kecamatan,yes,-6.938,107.7556,Asia/Jakarta,"BMKG representative point: Hegarmanah, Kecamatan Jatinangor",22-09-2026,KMA,Open-Meteo / KMA,07:00,2026-09-22 07:00:00,,,,,0.0,0.5517,Berawan,wmo:None
jatinangor,"Jatinangor, Sumedang",2026-09-22,32.11.15.2002,Hegarmanah,kecamatan,yes,-6.938,107.7556,Asia/Jakarta,"BMKG representative point: Hegarmanah, Kecamatan Jatinangor",22-09-2026,KMA,Open-Meteo / KMA,08:00,2026-09-22 08:00:00,,,,,0.0,0.5517,Berawan,wmo:None
jatinangor,"Jatinangor, Sumedang",2026-09-22,32.11.15.2002,Hegarmanah,kecamatan,yes,-6.938,107.7556,Asia/Jakarta,"BMKG representative point: Hegarmanah, Kecamatan Jatinangor",22-09-2026,KMA,Open-Meteo / KMA,09:00,2026-09-22 09:00:00,,,,,0.0,0.5517,Berawan,wmo:None
jatinangor,"Jatinangor, Sumedang",2026-09-22,32.11.15.2002,Hegarmanah,kecamatan,yes,-6.938,107.7556,Asia/Jakarta,"BMKG representative point: Hegarmanah, Kecamatan Jatinangor",22-09-2026,KMA,Open-Meteo / KMA,10:00,2026-09-22 10:00:00,,,,,0.0,0.5517,Berawan,wmo:None
jatinangor,"Jatinangor, Sumedang",2026-09-22,32.11.15.2002,Hegarmanah,kecamatan,yes,-6.938,107.7556,Asia/Jakarta,"BMKG representative point: Hegarmanah, Kecamatan Jatinangor",22-09-2026,KMA,Open-Meteo / KMA,11:00,2026-09-22 11:00:00,,,,,0.0,0.5517,Berawan,wmo:None
jatinangor,"Jatinangor, Sumedang",2026-09-22,32.11.15.2002,Hegarmanah,kecamatan,yes,-6.938,107.7556,Asia/Jakarta,"BMKG representative point: Hegarmanah, Kecamatan Jatinangor",22-09-2026,KMA,Open-Meteo / KMA,12:00,2026-09-22 12:00:00,,,,,0.0,0.5517,Berawan,wmo:None
jatinangor,"Jatinangor, Sumedang",2026-09-22,32.11.15.2002,Hegarmanah,kecamatan,yes,-6.938,107.7556,Asia/Jakarta,"BMKG representative point: Hegarmanah, Kecamatan Jatinangor",22-09-2026,KMA,Open-Meteo / KMA,13:00,2026-09-22 13:00:00,,,,,0.0,0.5517,Berawan,wmo:None
jatinangor,"Jatinangor, Sumedang",2026-09-22,32.11.15.2002,Hegarmanah,kecamatan,yes,-6.938,107.7556,Asia/Jakarta,"BMKG representative point: Hegarmanah, Kecamatan Jatinangor",22-09-2026,KMA,Open-Meteo / KMA,14:00,2026-09-22 14:00:00,,,,,0.0,0.5517,Berawan,wmo:None
jatinangor,"Jatinangor, Sumedang",2026-09-22,32.11.15.2002,Hegarmanah,kecamatan,yes,-6.938,107.7556,Asia/Jakarta,"BMKG representative point: Hegarmanah, Kecamatan Jatinangor",22-09-2026,KMA,Open-Meteo / KMA,15:00,2026-09-22 15:00:00,,,,,0.0,0.5517,Berawan,wmo:None
jatinangor,"Jatinangor, Sumedang",2026-09-22,32.11.15.2002,Hegarmanah,kecamatan,yes,-6.938,107.7556,Asia/Jakarta,"BMKG representative point: Hegarmanah, Kecamatan Jatinangor",22-09-2026,KMA,Open-Meteo / KMA,16:00,2026-09-22 16:00:00,,,,,0.0,0.5517,Berawan,wmo:None
jatinangor,"Jatinangor, Sumedang",2026-09-22,32.11.15.2002,Hegarmanah,kecamatan,yes,-6.938,107.7556,Asia/Jakarta,"BMKG representative point: Hegarmanah, Kecamatan Jatinangor",22-09-2026,KMA,Open-Meteo / KMA,17:00,2026-09-22 17:00:00,,,,,0.0,0.5517,Berawan,wmo:None
jatinangor,"Jatinangor, Sumedang",2026-09-22,32.11.15.2002,Hegarmanah,kecamatan,yes,-6.938,107.7556,Asia/Jakarta,"BMKG representative point: Hegarmanah, Kecamatan Jatinangor",22-09-2026,KMA,Open-Meteo / KMA,18:00,2026-09-22 18:00:00,,,,,0.0,0.5517,Berawan,wmo:None
jatinangor,"Jatinangor, Sumedang",2026-09-22,32.11.15.2002,Hegarmanah,kecamatan,yes,-6.938,107.7556,Asia/Jakarta,"BMKG representative point: Hegarmanah, Kecamatan Jatinangor",22-09-2026,KMA,Open-Meteo / KMA,19:00,2026-09-22 19:00:00,,,,,0.0,0.5517,Berawan,wmo:None
jatinangor,"Jatinangor, Sumedang",2026-09-22,32.11.15.2002,Hegarmanah,kecamatan,yes,-6.938,107.7556,Asia/Jakarta,"BMKG representative point: Hegarmanah, Kecamatan Jatinangor",22-09-2026,KMA,Open-Meteo / KMA,20:00,2026-09-22 20:00:00,,,,,0.0,0.5517,Berawan,wmo:None
jatinangor,"Jatinangor, Sumedang",2026-09-22,32.11.15.2002,Hegarmanah,kecamatan,yes,-6.938,107.7556,Asia/Jakarta,"BMKG representative point: Hegarmanah, Kecamatan Jatinangor",22-09-2026,KMA,Open-Meteo / KMA,21:00,2026-09-22 21:00:00,,,,,0.0,0.5517,Berawan,wmo:None
jatinangor,"Jatinangor, Sumedang",2026-09-22,32.11.15.2002,Hegarmanah,kecamatan,yes,-6.938,107.7556,Asia/Jakarta,"BMKG representative point: Hegarmanah, Kecamatan Jatinangor",22-09-2026,KMA,Open-Meteo / KMA,22:00,2026-09-22 22:00:00,,,,,0.0,0.5517,Berawan,wmo:None
jatinangor,"Jatinangor, Sumedang",2026-09-22,32.11.15.2002,Hegarmanah,kecamatan,yes,-6.938,107.7556,Asia/Jakarta,"BMKG representative point: Hegarmanah, Kecamatan Jatinangor",22-09-2026,KMA,Open-Meteo / KMA,23:00,2026-09-22 23:00:00,,,,,0.0,0.5517,Berawan,wmo:None
jatinangor,"Jatinangor, Sumedang",2026-09-22,32.11.15.2002,Hegarmanah,kecamatan,yes,-6.938,107.7556,Asia/Jakarta,"BMKG representative point: Hegarmanah, Kecamatan Jatinangor",22-09-2026,METEOFRANCE,Open-Meteo / Meteo-France,00:00,2026-09-22 00:00:00,26.8,80.0,0.0,1.1,0.0,1.4381,Berawan,wmo:3
jatinangor,"Jatinangor, Sumedang",2026-09-22,32.11.15.2002,Hegarmanah,kecamatan,yes,-6.938,107.7556,Asia/Jakarta,"BMKG representative point: Hegarmanah, Kecamatan Jatinangor",22-09-2026,METEOFRANCE,Open-Meteo / Meteo-France,01:00,2026-09-22 01:00:00,25.9,84.0,0.0,1.0,0.0,1.4381,Cerah Berawan,wmo:2
jatinangor,"Jatinangor, Sumedang",2026-09-22,32.11.15.2002,Hegarmanah,kecamatan,yes,-6.938,107.7556,Asia/Jakarta,"BMKG representative point: Hegarmanah, Kecamatan Jatinangor",22-09-2026,METEOFRANCE,Open-Meteo / Meteo-France,02:00,2026-09-22 02:00:00,25.6,84.0,0.0,0.5,0.0,1.4381,Cerah Berawan,wmo:2
jatinangor,"Jatinangor, Sumedang",2026-09-22,32.11.15.2002,Hegarmanah,kecamatan,yes,-6.938,107.7556,Asia/Jakarta,"BMKG representative point: Hegarmanah, Kecamatan Jatinangor",22-09-2026,METEOFRANCE,Open-Meteo / Meteo-France,03:00,2026-09-22 03:00:00,25.2,84.0,0.0,0.5,0.0,1.4381,Berawan,wmo:3
jatinangor,"Jatinangor, Sumedang",2026-09-22,32.11.15.2002,Hegarmanah,kecamatan,yes,-6.938,107.7556,Asia/Jakarta,"BMKG representative point: Hegarmanah, Kecamatan Jatinangor",22-09-2026,METEOFRANCE,Open-Meteo / Meteo-France,04:00,2026-09-22 04:00:00,24.9,85.0,0.0,1.4,0.0,1.4381,Berawan,wmo:3
jatinangor,"Jatinangor, Sumedang",2026-09-22,32.11.15.2002,Hegarmanah,kecamatan,yes,-6.938,107.7556,Asia/Jakarta,"BMKG representative point: Hegarmanah, Kecamatan Jatinangor",22-09-2026,METEOFRANCE,Open-Meteo / Meteo-France,05:00,2026-09-22 05:00:00,24.6,84.0,0.0,1.8,0.0,1.4381,Berawan,wmo:3
jatinangor,"Jatinangor, Sumedang",2026-09-22,32.11.15.2002,Hegarmanah,kecamatan,yes,-6.938,107.7556,Asia/Jakarta,"BMKG representative point: Hegarmanah, Kecamatan Jatinangor",22-09-2026,METEOFRANCE,Open-Meteo / Meteo-France,06:00,2026-09-22 06:00:00,24.5,80.0,0.0,2.6,0.0,1.4381,Berawan,wmo:3
jatinangor,"Jatinangor, Sumedang",2026-09-22,32.11.15.2002,Hegarmanah,kecamatan,yes,-6.938,107.7556,Asia/Jakarta,"BMKG representative point: Hegarmanah, Kecamatan Jatinangor",22-09-2026,METEOFRANCE,Open-Meteo / Meteo-France,07:00,2026-09-22 07:00:00,25.8,71.0,0.0,3.3,0.0,1.4381,Berawan,wmo:3
jatinangor,"Jatinangor, Sumedang",2026-09-22,32.11.15.2002,Hegarmanah,kecamatan,yes,-6.938,107.7556,Asia/Jakarta,"BMKG representative point: Hegarmanah, Kecamatan Jatinangor",22-09-2026,METEOFRANCE,Open-Meteo / Meteo-France,08:00,2026-09-22 08:00:00,28.0,55.0,0.0,2.6,0.0,1.4381,Berawan,wmo:3
jatinangor,"Jatinangor, Sumedang",2026-09-22,32.11.15.2002,Hegarmanah,kecamatan,yes,-6.938,107.7556,Asia/Jakarta,"BMKG representative point: Hegarmanah, Kecamatan Jatinangor",22-09-2026,METEOFRANCE,Open-Meteo / Meteo-France,09:00,2026-09-22 09:00:00,30.2,47.0,0.0,2.3,0.0,1.4381,Cerah Berawan,wmo:2
jatinangor,"Jatinangor, Sumedang",2026-09-22,32.11.15.2002,Hegarmanah,kecamatan,yes,-6.938,107.7556,Asia/Jakarta,"BMKG representative point: Hegarmanah, Kecamatan Jatinangor",22-09-2026,METEOFRANCE,Open-Meteo / Meteo-France,10:00,2026-09-22 10:00:00,32.3,42.0,0.0,5.5,0.0,1.4381,Cerah Berawan,wmo:2
jatinangor,"Jatinangor, Sumedang",2026-09-22,32.11.15.2002,Hegarmanah,kecamatan,yes,-6.938,107.7556,Asia/Jakarta,"BMKG representative point: Hegarmanah, Kecamatan Jatinangor",22-09-2026,METEOFRANCE,Open-Meteo / Meteo-France,11:00,2026-09-22 11:00:00,33.8,40.0,0.0,7.9,0.0,1.4381,Cerah Berawan,wmo:1
jatinangor,"Jatinangor, Sumedang",2026-09-22,32.11.15.2002,Hegarmanah,kecamatan,yes,-6.938,107.7556,Asia/Jakarta,"BMKG representative point: Hegarmanah, Kecamatan Jatinangor",22-09-2026,METEOFRANCE,Open-Meteo / Meteo-France,12:00,2026-09-22 12:00:00,34.7,40.0,0.0,8.9,0.0,1.4381,Cerah Berawan,wmo:2
jatinangor,"Jatinangor, Sumedang",2026-09-22,32.11.15.2002,Hegarmanah,kecamatan,yes,-6.938,107.7556,Asia/Jakarta,"BMKG representative point: Hegarmanah, Kecamatan Jatinangor",22-09-2026,METEOFRANCE,Open-Meteo / Meteo-France,13:00,2026-09-22 13:00:00,34.8,40.0,0.0,9.4,0.0,1.4381,Cerah Berawan,wmo:2
jatinangor,"Jatinangor, Sumedang",2026-09-22,32.11.15.2002,Hegarmanah,kecamatan,yes,-6.938,107.7556,Asia/Jakarta,"BMKG representative point: Hegarmanah, Kecamatan Jatinangor",22-09-2026,METEOFRANCE,Open-Meteo / Meteo-France,14:00,2026-09-22 14:00:00,34.3,42.0,0.0,9.1,0.0,1.4381,Berawan,wmo:3
jatinangor,"Jatinangor, Sumedang",2026-09-22,32.11.15.2002,Hegarmanah,kecamatan,yes,-6.938,107.7556,Asia/Jakarta,"BMKG representative point: Hegarmanah, Kecamatan Jatinangor",22-09-2026,METEOFRANCE,Open-Meteo / Meteo-France,15:00,2026-09-22 15:00:00,33.3,46.0,0.1,6.8,0.0,1.4381,Hujan Ringan,wmo:51
jatinangor,"Jatinangor, Sumedang",2026-09-22,32.11.15.2002,Hegarmanah,kecamatan,yes,-6.938,107.7556,Asia/Jakarta,"BMKG representative point: Hegarmanah, Kecamatan Jatinangor",22-09-2026,METEOFRANCE,Open-Meteo / Meteo-France,16:00,2026-09-22 16:00:00,32.3,48.0,0.2,5.2,0.0,1.4381,Hujan Ringan,wmo:51
jatinangor,"Jatinangor, Sumedang",2026-09-22,32.11.15.2002,Hegarmanah,kecamatan,yes,-6.938,107.7556,Asia/Jakarta,"BMKG representative point: Hegarmanah, Kecamatan Jatinangor",22-09-2026,METEOFRANCE,Open-Meteo / Meteo-France,17:00,2026-09-22 17:00:00,31.4,52.0,0.1,4.5,0.0,1.4381,Hujan Ringan,wmo:51
jatinangor,"Jatinangor, Sumedang",2026-09-22,32.11.15.2002,Hegarmanah,kecamatan,yes,-6.938,107.7556,Asia/Jakarta,"BMKG representative point: Hegarmanah, Kecamatan Jatinangor",22-09-2026,METEOFRANCE,Open-Meteo / Meteo-France,18:00,2026-09-22 18:00:00,30.3,57.0,0.0,5.5,0.0,1.4381,Berawan,wmo:3
jatinangor,"Jatinangor, Sumedang",2026-09-22,32.11.15.2002,Hegarmanah,kecamatan,yes,-6.938,107.7556,Asia/Jakarta,"BMKG representative point: Hegarmanah, Kecamatan Jatinangor",22-09-2026,METEOFRANCE,Open-Meteo / Meteo-France,19:00,2026-09-22 19:00:00,29.2,63.0,0.4,6.7,0.0,1.4381,Hujan Ringan,wmo:51
jatinangor,"Jatinangor, Sumedang",2026-09-22,32.11.15.2002,Hegarmanah,kecamatan,yes,-6.938,107.7556,Asia/Jakarta,"BMKG representative point: Hegarmanah, Kecamatan Jatinangor",22-09-2026,METEOFRANCE,Open-Meteo / Meteo-France,20:00,2026-09-22 20:00:00,28.3,68.0,0.1,5.4,0.0,1.4381,Hujan Ringan,wmo:51
jatinangor,"Jatinangor, Sumedang",2026-09-22,32.11.15.2002,Hegarmanah,kecamatan,yes,-6.938,107.7556,Asia/Jakarta,"BMKG representative point: Hegarmanah, Kecamatan Jatinangor",22-09-2026,METEOFRANCE,Open-Meteo / Meteo-France,21:00,2026-09-22 21:00:00,27.7,72.0,0.3,3.8,0.0,1.4381,Hujan Ringan,wmo:51
jatinangor,"Jatinangor, Sumedang",2026-09-22,32.11.15.2002,Hegarmanah,kecamatan,yes,-6.938,107.7556,Asia/Jakarta,"BMKG representative point: Hegarmanah, Kecamatan Jatinangor",22-09-2026,METEOFRANCE,Open-Meteo / Meteo-France,22:00,2026-09-22 22:00:00,27.3,75.0,0.0,3.7,0.0,1.4381,Berawan,wmo:3
jatinangor,"Jatinangor, Sumedang",2026-09-22,32.11.15.2002,Hegarmanah,kecamatan,yes,-6.938,107.7556,Asia/Jakarta,"BMKG representative point: Hegarmanah, Kecamatan Jatinangor",22-09-2026,METEOFRANCE,Open-Meteo / Meteo-France,23:00,2026-09-22 23:00:00,26.9,78.0,0.0,3.1,0.0,1.4381,Cerah Berawan,wmo:2
jatinangor,"Jatinangor, Sumedang",2026-09-22,32.11.15.2002,Hegarmanah,kecamatan,yes,-6.938,107.7556,Asia/Jakarta,"BMKG representative point: Hegarmanah, Kecamatan Jatinangor",22-09-2026,METNO,MET Norway,07:00,2026-09-22 09:00:00,26.7,46.0,0.0,6.12,120.0,0.7449,Cerah Berawan,partlycloudy_day
jatinangor,"Jatinangor, Sumedang",2026-09-22,32.11.15.2002,Hegarmanah,kecamatan,yes,-6.938,107.7556,Asia/Jakarta,"BMKG representative point: Hegarmanah, Kecamatan Jatinangor",22-09-2026,METNO,MET Norway,08:00,2026-09-22 09:00:00,26.7,46.0,0.0,6.12,60.0,1.0158,Cerah Berawan,partlycloudy_day
jatinangor,"Jatinangor, Sumedang",2026-09-22,32.11.15.2002,Hegarmanah,kecamatan,yes,-6.938,107.7556,Asia/Jakarta,"BMKG representative point: Hegarmanah, Kecamatan Jatinangor",22-09-2026,METNO,MET Norway,09:00,2026-09-22 09:00:00,26.7,46.0,0.0,6.12,0.0,1.3543,Cerah Berawan,partlycloudy_day
jatinangor,"Jatinangor, Sumedang",2026-09-22,32.11.15.2002,Hegarmanah,kecamatan,yes,-6.938,107.7556,Asia/Jakarta,"BMKG representative point: Hegarmanah, Kecamatan Jatinangor",22-09-2026,METNO,MET Norway,10:00,2026-09-22 10:00:00,28.8,40.7,0.0,6.48,0.0,1.3543,Cerah Berawan,partlycloudy_day
jatinangor,"Jatinangor, Sumedang",2026-09-22,32.11.15.2002,Hegarmanah,kecamatan,yes,-6.938,107.7556,Asia/Jakarta,"BMKG representative point: Hegarmanah, Kecamatan Jatinangor",22-09-2026,METNO,MET Norway,11:00,2026-09-22 11:00:00,30.0,39.4,0.0,7.56,0.0,1.3543,Cerah Berawan,partlycloudy_day
jatinangor,"Jatinangor, Sumedang",2026-09-22,32.11.15.2002,Hegarmanah,kecamatan,yes,-6.938,107.7556,Asia/Jakarta,"BMKG representative point: Hegarmanah, Kecamatan Jatinangor",22-09-2026,METNO,MET Norway,12:00,2026-09-22 12:00:00,31.2,37.4,0.0,8.64,0.0,1.3543,Berawan,cloudy
jatinangor,"Jatinangor, Sumedang",2026-09-22,32.11.15.2002,Hegarmanah,kecamatan,yes,-6.938,107.7556,Asia/Jakarta,"BMKG representative point: Hegarmanah, Kecamatan Jatinangor",22-09-2026,METNO,MET Norway,13:00,2026-09-22 13:00:00,31.1,37.5,0.0,10.8,0.0,1.3543,Berawan,cloudy
jatinangor,"Jatinangor, Sumedang",2026-09-22,32.11.15.2002,Hegarmanah,kecamatan,yes,-6.938,107.7556,Asia/Jakarta,"BMKG representative point: Hegarmanah, Kecamatan Jatinangor",22-09-2026,METNO,MET Norway,14:00,2026-09-22 14:00:00,30.5,39.2,0.0,11.88,0.0,1.3543,Berawan,cloudy
jatinangor,"Jatinangor, Sumedang",2026-09-22,32.11.15.2002,Hegarmanah,kecamatan,yes,-6.938,107.7556,Asia/Jakarta,"BMKG representative point: Hegarmanah, Kecamatan Jatinangor",22-09-2026,METNO,MET Norway,15:00,2026-09-22 15:00:00,29.0,44.2,0.0,12.96,0.0,1.3543,Berawan,cloudy
jatinangor,"Jatinangor, Sumedang",2026-09-22,32.11.15.2002,Hegarmanah,kecamatan,yes,-6.938,107.7556,Asia/Jakarta,"BMKG representative point: Hegarmanah, Kecamatan Jatinangor",22-09-2026,METNO,MET Norway,16:00,2026-09-22 16:00:00,28.1,48.8,0.0,9.0,0.0,1.3543,Berawan,cloudy
jatinangor,"Jatinangor, Sumedang",2026-09-22,32.11.15.2002,Hegarmanah,kecamatan,yes,-6.938,107.7556,Asia/Jakarta,"BMKG representative point: Hegarmanah, Kecamatan Jatinangor",22-09-2026,METNO,MET Norway,17:00,2026-09-22 17:00:00,27.3,55.2,0.0,9.72,0.0,1.3543,Berawan,cloudy
jatinangor,"Jatinangor, Sumedang",2026-09-22,32.11.15.2002,Hegarmanah,kecamatan,yes,-6.938,107.7556,Asia/Jakarta,"BMKG representative point: Hegarmanah, Kecamatan Jatinangor",22-09-2026,METNO,MET Norway,18:00,2026-09-22 18:00:00,24.9,69.7,0.0,7.2,0.0,1.3543,Cerah Berawan,partlycloudy_night
jatinangor,"Jatinangor, Sumedang",2026-09-22,32.11.15.2002,Hegarmanah,kecamatan,yes,-6.938,107.7556,Asia/Jakarta,"BMKG representative point: Hegarmanah, Kecamatan Jatinangor",22-09-2026,METNO,MET Norway,19:00,2026-09-22 19:00:00,23.2,78.9,0.0,4.32,0.0,1.3543,Cerah Berawan,partlycloudy_night
jatinangor,"Jatinangor, Sumedang",2026-09-22,32.11.15.2002,Hegarmanah,kecamatan,yes,-6.938,107.7556,Asia/Jakarta,"BMKG representative point: Hegarmanah, Kecamatan Jatinangor",22-09-2026,METNO,MET Norway,20:00,2026-09-22 20:00:00,22.8,83.7,0.0,3.24,0.0,1.3543,Cerah Berawan,partlycloudy_night
jatinangor,"Jatinangor, Sumedang",2026-09-22,32.11.15.2002,Hegarmanah,kecamatan,yes,-6.938,107.7556,Asia/Jakarta,"BMKG representative point: Hegarmanah, Kecamatan Jatinangor",22-09-2026,METNO,MET Norway,21:00,2026-09-22 21:00:00,22.1,87.1,0.0,3.24,0.0,1.3543,Cerah Berawan,fair_night
jatinangor,"Jatinangor, Sumedang",2026-09-22,32.11.15.2002,Hegarmanah,kecamatan,yes,-6.938,107.7556,Asia/Jakarta,"BMKG representative point: Hegarmanah, Kecamatan Jatinangor",22-09-2026,METNO,MET Norway,22:00,2026-09-22 22:00:00,21.7,89.4,0.0,3.24,0.0,1.3543,Cerah Berawan,fair_night
jatinangor,"Jatinangor, Sumedang",2026-09-22,32.11.15.2002,Hegarmanah,kecamatan,yes,-6.938,107.7556,Asia/Jakarta,"BMKG representative point: Hegarmanah, Kecamatan Jatinangor",22-09-2026,METNO,MET Norway,23:00,2026-09-22 23:00:00,21.1,91.6,0.0,3.24,0.0,1.3543,Cerah Berawan,partlycloudy_night
jatinangor,"Jatinangor, Sumedang",2026-09-22,32.11.15.2002,Hegarmanah,kecamatan,yes,-6.938,107.7556,Asia/Jakarta,"BMKG representative point: Hegarmanah, Kecamatan Jatinangor",22-09-2026,UKMO,Open-Meteo / UK Met Office,00:00,2026-09-22 00:00:00,19.2,98.0,0.0,0.4,0.0,1.3224,Cerah,wmo:0
jatinangor,"Jatinangor, Sumedang",2026-09-22,32.11.15.2002,Hegarmanah,kecamatan,yes,-6.938,107.7556,Asia/Jakarta,"BMKG representative point: Hegarmanah, Kecamatan Jatinangor",22-09-2026,UKMO,Open-Meteo / UK Met Office,01:00,2026-09-22 01:00:00,19.0,98.0,0.0,1.1,0.0,1.3224,Cerah,wmo:0
jatinangor,"Jatinangor, Sumedang",2026-09-22,32.11.15.2002,Hegarmanah,kecamatan,yes,-6.938,107.7556,Asia/Jakarta,"BMKG representative point: Hegarmanah, Kecamatan Jatinangor",22-09-2026,UKMO,Open-Meteo / UK Met Office,02:00,2026-09-22 02:00:00,18.5,99.0,0.0,3.2,0.0,1.3224,Cerah,wmo:0
jatinangor,"Jatinangor, Sumedang",2026-09-22,32.11.15.2002,Hegarmanah,kecamatan,yes,-6.938,107.7556,Asia/Jakarta,"BMKG representative point: Hegarmanah, Kecamatan Jatinangor",22-09-2026,UKMO,Open-Meteo / UK Met Office,03:00,2026-09-22 03:00:00,18.5,98.0,0.0,4.7,0.0,1.3224,Cerah,wmo:0
jatinangor,"Jatinangor, Sumedang",2026-09-22,32.11.15.2002,Hegarmanah,kecamatan,yes,-6.938,107.7556,Asia/Jakarta,"BMKG representative point: Hegarmanah, Kecamatan Jatinangor",22-09-2026,UKMO,Open-Meteo / UK Met Office,04:00,2026-09-22 04:00:00,18.2,97.0,0.0,4.0,0.0,1.3224,Cerah Berawan,wmo:1
jatinangor,"Jatinangor, Sumedang",2026-09-22,32.11.15.2002,Hegarmanah,kecamatan,yes,-6.938,107.7556,Asia/Jakarta,"BMKG representative point: Hegarmanah, Kecamatan Jatinangor",22-09-2026,UKMO,Open-Meteo / UK Met Office,05:00,2026-09-22 05:00:00,17.5,98.0,0.0,2.2,0.0,1.3224,Cerah Berawan,wmo:1
jatinangor,"Jatinangor, Sumedang",2026-09-22,32.11.15.2002,Hegarmanah,kecamatan,yes,-6.938,107.7556,Asia/Jakarta,"BMKG representative point: Hegarmanah, Kecamatan Jatinangor",22-09-2026,UKMO,Open-Meteo / UK Met Office,06:00,2026-09-22 06:00:00,17.8,99.0,0.0,2.2,0.0,1.3224,Cerah Berawan,wmo:1
jatinangor,"Jatinangor, Sumedang",2026-09-22,32.11.15.2002,Hegarmanah,kecamatan,yes,-6.938,107.7556,Asia/Jakarta,"BMKG representative point: Hegarmanah, Kecamatan Jatinangor",22-09-2026,UKMO,Open-Meteo / UK Met Office,07:00,2026-09-22 07:00:00,20.8,89.0,0.0,1.1,0.0,1.3224,Cerah Berawan,wmo:2
jatinangor,"Jatinangor, Sumedang",2026-09-22,32.11.15.2002,Hegarmanah,kecamatan,yes,-6.938,107.7556,Asia/Jakarta,"BMKG representative point: Hegarmanah, Kecamatan Jatinangor",22-09-2026,UKMO,Open-Meteo / UK Met Office,08:00,2026-09-22 08:00:00,24.0,68.0,0.0,2.2,0.0,1.3224,Cerah,wmo:0
jatinangor,"Jatinangor, Sumedang",2026-09-22,32.11.15.2002,Hegarmanah,kecamatan,yes,-6.938,107.7556,Asia/Jakarta,"BMKG representative point: Hegarmanah, Kecamatan Jatinangor",22-09-2026,UKMO,Open-Meteo / UK Met Office,09:00,2026-09-22 09:00:00,26.5,53.0,0.0,3.2,0.0,1.3224,Cerah,wmo:0
jatinangor,"Jatinangor, Sumedang",2026-09-22,32.11.15.2002,Hegarmanah,kecamatan,yes,-6.938,107.7556,Asia/Jakarta,"BMKG representative point: Hegarmanah, Kecamatan Jatinangor",22-09-2026,UKMO,Open-Meteo / UK Met Office,10:00,2026-09-22 10:00:00,28.4,45.0,0.0,4.7,0.0,1.3224,Cerah,wmo:0
jatinangor,"Jatinangor, Sumedang",2026-09-22,32.11.15.2002,Hegarmanah,kecamatan,yes,-6.938,107.7556,Asia/Jakarta,"BMKG representative point: Hegarmanah, Kecamatan Jatinangor",22-09-2026,UKMO,Open-Meteo / UK Met Office,11:00,2026-09-22 11:00:00,29.7,39.0,0.0,4.0,0.0,1.3224,Cerah Berawan,wmo:1
jatinangor,"Jatinangor, Sumedang",2026-09-22,32.11.15.2002,Hegarmanah,kecamatan,yes,-6.938,107.7556,Asia/Jakarta,"BMKG representative point: Hegarmanah, Kecamatan Jatinangor",22-09-2026,UKMO,Open-Meteo / UK Met Office,12:00,2026-09-22 12:00:00,30.1,38.0,0.0,2.9,0.0,1.3224,Berawan,wmo:3
jatinangor,"Jatinangor, Sumedang",2026-09-22,32.11.15.2002,Hegarmanah,kecamatan,yes,-6.938,107.7556,Asia/Jakarta,"BMKG representative point: Hegarmanah, Kecamatan Jatinangor",22-09-2026,UKMO,Open-Meteo / UK Met Office,13:00,2026-09-22 13:00:00,29.6,39.0,0.0,5.8,0.0,1.3224,Berawan,wmo:3
jatinangor,"Jatinangor, Sumedang",2026-09-22,32.11.15.2002,Hegarmanah,kecamatan,yes,-6.938,107.7556,Asia/Jakarta,"BMKG representative point: Hegarmanah, Kecamatan Jatinangor",22-09-2026,UKMO,Open-Meteo / UK Met Office,14:00,2026-09-22 14:00:00,29.9,38.0,0.0,11.5,0.0,1.3224,Berawan,wmo:3
jatinangor,"Jatinangor, Sumedang",2026-09-22,32.11.15.2002,Hegarmanah,kecamatan,yes,-6.938,107.7556,Asia/Jakarta,"BMKG representative point: Hegarmanah, Kecamatan Jatinangor",22-09-2026,UKMO,Open-Meteo / UK Met Office,15:00,2026-09-22 15:00:00,30.0,39.0,0.0,9.4,0.0,1.3224,Berawan,wmo:3
jatinangor,"Jatinangor, Sumedang",2026-09-22,32.11.15.2002,Hegarmanah,kecamatan,yes,-6.938,107.7556,Asia/Jakarta,"BMKG representative point: Hegarmanah, Kecamatan Jatinangor",22-09-2026,UKMO,Open-Meteo / UK Met Office,16:00,2026-09-22 16:00:00,27.3,58.0,0.3,5.8,0.0,1.3224,Hujan Ringan,wmo:51
jatinangor,"Jatinangor, Sumedang",2026-09-22,32.11.15.2002,Hegarmanah,kecamatan,yes,-6.938,107.7556,Asia/Jakarta,"BMKG representative point: Hegarmanah, Kecamatan Jatinangor",22-09-2026,UKMO,Open-Meteo / UK Met Office,17:00,2026-09-22 17:00:00,24.6,81.0,0.6,6.5,0.0,1.3224,Hujan Ringan,wmo:53
jatinangor,"Jatinangor, Sumedang",2026-09-22,32.11.15.2002,Hegarmanah,kecamatan,yes,-6.938,107.7556,Asia/Jakarta,"BMKG representative point: Hegarmanah, Kecamatan Jatinangor",22-09-2026,UKMO,Open-Meteo / UK Met Office,18:00,2026-09-22 18:00:00,23.5,88.0,0.0,6.5,0.0,1.3224,Cerah,wmo:0
jatinangor,"Jatinangor, Sumedang",2026-09-22,32.11.15.2002,Hegarmanah,kecamatan,yes,-6.938,107.7556,Asia/Jakarta,"BMKG representative point: Hegarmanah, Kecamatan Jatinangor",22-09-2026,UKMO,Open-Meteo / UK Met Office,19:00,2026-09-22 19:00:00,22.0,94.0,0.0,4.7,0.0,1.3224,Cerah,wmo:0
jatinangor,"Jatinangor, Sumedang",2026-09-22,32.11.15.2002,Hegarmanah,kecamatan,yes,-6.938,107.7556,Asia/Jakarta,"BMKG representative point: Hegarmanah, Kecamatan Jatinangor",22-09-2026,UKMO,Open-Meteo / UK Met Office,20:00,2026-09-22 20:00:00,21.4,97.0,0.0,5.0,0.0,1.3224,Cerah,wmo:0
jatinangor,"Jatinangor, Sumedang",2026-09-22,32.11.15.2002,Hegarmanah,kecamatan,yes,-6.938,107.7556,Asia/Jakarta,"BMKG representative point: Hegarmanah, Kecamatan Jatinangor",22-09-2026,UKMO,Open-Meteo / UK Met Office,21:00,2026-09-22 21:00:00,21.3,99.0,0.0,6.8,0.0,1.3224,Cerah,wmo:0
jatinangor,"Jatinangor, Sumedang",2026-09-22,32.11.15.2002,Hegarmanah,kecamatan,yes,-6.938,107.7556,Asia/Jakarta,"BMKG representative point: Hegarmanah, Kecamatan Jatinangor",22-09-2026,UKMO,Open-Meteo / UK Met Office,22:00,2026-09-22 22:00:00,20.6,100,0.0,4.7,0.0,1.3224,Cerah,wmo:0
jatinangor,"Jatinangor, Sumedang",2026-09-22,32.11.15.2002,Hegarmanah,kecamatan,yes,-6.938,107.7556,Asia/Jakarta,"BMKG representative point: Hegarmanah, Kecamatan Jatinangor",22-09-2026,UKMO,Open-Meteo / UK Met Office,23:00,2026-09-22 23:00:00,19.8,100,0.0,2.5,0.0,1.3224,Berawan,wmo:3
jatinangor,"Jatinangor, Sumedang",2026-09-23,32.11.15.2002,Hegarmanah,kecamatan,yes,-6.938,107.7556,Asia/Jakarta,"BMKG representative point: Hegarmanah, Kecamatan Jatinangor",23-09-2026,BMKG,BMKG,00:00,2026-09-23 01:00:00,19.0,95.0,0.0,1.2,60.0,1.1907,Berawan,Berawan
jatinangor,"Jatinangor, Sumedang",2026-09-23,32.11.15.2002,Hegarmanah,kecamatan,yes,-6.938,107.7556,Asia/Jakarta,"BMKG representative point: Hegarmanah, Kecamatan Jatinangor",23-09-2026,BMKG,BMKG,01:00,2026-09-23 01:00:00,19.0,95.0,0.0,1.2,0.0,1.5876,Berawan,Berawan
jatinangor,"Jatinangor, Sumedang",2026-09-23,32.11.15.2002,Hegarmanah,kecamatan,yes,-6.938,107.7556,Asia/Jakarta,"BMKG representative point: Hegarmanah, Kecamatan Jatinangor",23-09-2026,BMKG,BMKG,02:00,2026-09-23 01:00:00,19.0,95.0,0.0,1.2,60.0,1.1907,Berawan,Berawan
jatinangor,"Jatinangor, Sumedang",2026-09-23,32.11.15.2002,Hegarmanah,kecamatan,yes,-6.938,107.7556,Asia/Jakarta,"BMKG representative point: Hegarmanah, Kecamatan Jatinangor",23-09-2026,BMKG,BMKG,03:00,2026-09-23 04:00:00,18.0,97.0,0.0,1.8,60.0,1.1907,Berawan,Berawan
jatinangor,"Jatinangor, Sumedang",2026-09-23,32.11.15.2002,Hegarmanah,kecamatan,yes,-6.938,107.7556,Asia/Jakarta,"BMKG representative point: Hegarmanah, Kecamatan Jatinangor",23-09-2026,BMKG,BMKG,04:00,2026-09-23 04:00:00,18.0,97.0,0.0,1.8,0.0,1.5876,Berawan,Berawan
jatinangor,"Jatinangor, Sumedang",2026-09-23,32.11.15.2002,Hegarmanah,kecamatan,yes,-6.938,107.7556,Asia/Jakarta,"BMKG representative point: Hegarmanah, Kecamatan Jatinangor",23-09-2026,BMKG,BMKG,05:00,2026-09-23 04:00:00,18.0,97.0,0.0,1.8,60.0,1.1907,Berawan,Berawan
jatinangor,"Jatinangor, Sumedang",2026-09-23,32.11.15.2002,Hegarmanah,kecamatan,yes,-6.938,107.7556,Asia/Jakarta,"BMKG representative point: Hegarmanah, Kecamatan Jatinangor",23-09-2026,BMKG,BMKG,06:00,2026-09-23 07:00:00,22.0,78.0,0.0,1.5,60.0,1.1907,Berawan,Berawan
jatinangor,"Jatinangor, Sumedang",2026-09-23,32.11.15.2002,Hegarmanah,kecamatan,yes,-6.938,107.7556,Asia/Jakarta,"BMKG representative point: Hegarmanah, Kecamatan Jatinangor",23-09-2026,BMKG,BMKG,07:00,2026-09-23 07:00:00,22.0,78.0,0.0,1.5,0.0,1.5876,Berawan,Berawan
jatinangor,"Jatinangor, Sumedang",2026-09-23,32.11.15.2002,Hegarmanah,kecamatan,yes,-6.938,107.7556,Asia/Jakarta,"BMKG representative point: Hegarmanah, Kecamatan Jatinangor",23-09-2026,BMKG,BMKG,08:00,2026-09-23 07:00:00,22.0,78.0,0.0,1.5,60.0,1.1907,Berawan,Berawan
jatinangor,"Jatinangor, Sumedang",2026-09-23,32.11.15.2002,Hegarmanah,kecamatan,yes,-6.938,107.7556,Asia/Jakarta,"BMKG representative point: Hegarmanah, Kecamatan Jatinangor",23-09-2026,BMKG,BMKG,09:00,2026-09-23 10:00:00,29.0,49.0,0.0,2.5,60.0,1.1907,Cerah,Cerah
jatinangor,"Jatinangor, Sumedang",2026-09-23,32.11.15.2002,Hegarmanah,kecamatan,yes,-6.938,107.7556,Asia/Jakarta,"BMKG representative point: Hegarmanah, Kecamatan Jatinangor",23-09-2026,BMKG,BMKG,10:00,2026-09-23 10:00:00,29.0,49.0,0.0,2.5,0.0,1.5876,Cerah,Cerah
jatinangor,"Jatinangor, Sumedang",2026-09-23,32.11.15.2002,Hegarmanah,kecamatan,yes,-6.938,107.7556,Asia/Jakarta,"BMKG representative point: Hegarmanah, Kecamatan Jatinangor",23-09-2026,BMKG,BMKG,11:00,2026-09-23 10:00:00,29.0,49.0,0.0,2.5,60.0,1.1907,Cerah,Cerah
jatinangor,"Jatinangor, Sumedang",2026-09-23,32.11.15.2002,Hegarmanah,kecamatan,yes,-6.938,107.7556,Asia/Jakarta,"BMKG representative point: Hegarmanah, Kecamatan Jatinangor",23-09-2026,BMKG,BMKG,12:00,2026-09-23 13:00:00,30.0,49.0,1.5,4.3,60.0,1.1907,Hujan Ringan,Hujan Ringan
jatinangor,"Jatinangor, Sumedang",2026-09-23,32.11.15.2002,Hegarmanah,kecamatan,yes,-6.938,107.7556,Asia/Jakarta,"BMKG representative point: Hegarmanah, Kecamatan Jatinangor",23-09-2026,BMKG,BMKG,13:00,2026-09-23 13:00:00,30.0,49.0,1.5,4.3,0.0,1.5876,Hujan Ringan,Hujan Ringan
jatinangor,"Jatinangor, Sumedang",2026-09-23,32.11.15.2002,Hegarmanah,kecamatan,yes,-6.938,107.7556,Asia/Jakarta,"BMKG representative point: Hegarmanah, Kecamatan Jatinangor",23-09-2026,BMKG,BMKG,14:00,2026-09-23 13:00:00,30.0,49.0,1.5,4.3,60.0,1.1907,Hujan Ringan,Hujan Ringan
jatinangor,"Jatinangor, Sumedang",2026-09-23,32.11.15.2002,Hegarmanah,kecamatan,yes,-6.938,107.7556,Asia/Jakarta,"BMKG representative point: Hegarmanah, Kecamatan Jatinangor",23-09-2026,BMKG,BMKG,15:00,2026-09-23 16:00:00,25.0,80.0,1.5,6.4,60.0,1.1907,Hujan Ringan,Hujan Ringan
jatinangor,"Jatinangor, Sumedang",2026-09-23,32.11.15.2002,Hegarmanah,kecamatan,yes,-6.938,107.7556,Asia/Jakarta,"BMKG representative point: Hegarmanah, Kecamatan Jatinangor",23-09-2026,BMKG,BMKG,16:00,2026-09-23 16:00:00,25.0,80.0,1.5,6.4,0.0,1.5876,Hujan Ringan,Hujan Ringan
jatinangor,"Jatinangor, Sumedang",2026-09-23,32.11.15.2002,Hegarmanah,kecamatan,yes,-6.938,107.7556,Asia/Jakarta,"BMKG representative point: Hegarmanah, Kecamatan Jatinangor",23-09-2026,BMKG,BMKG,17:00,2026-09-23 16:00:00,25.0,80.0,1.5,6.4,60.0,1.1907,Hujan Ringan,Hujan Ringan
jatinangor,"Jatinangor, Sumedang",2026-09-23,32.11.15.2002,Hegarmanah,kecamatan,yes,-6.938,107.7556,Asia/Jakarta,"BMKG representative point: Hegarmanah, Kecamatan Jatinangor",23-09-2026,BMKG,BMKG,18:00,2026-09-23 19:00:00,21.0,91.0,0.0,2.3,60.0,1.1907,Cerah,Cerah
jatinangor,"Jatinangor, Sumedang",2026-09-23,32.11.15.2002,Hegarmanah,kecamatan,yes,-6.938,107.7556,Asia/Jakarta,"BMKG representative point: Hegarmanah, Kecamatan Jatinangor",23-09-2026,BMKG,BMKG,19:00,2026-09-23 19:00:00,21.0,91.0,0.0,2.3,0.0,1.5876,Cerah,Cerah
jatinangor,"Jatinangor, Sumedang",2026-09-23,32.11.15.2002,Hegarmanah,kecamatan,yes,-6.938,107.7556,Asia/Jakarta,"BMKG representative point: Hegarmanah, Kecamatan Jatinangor",23-09-2026,BMKG,BMKG,20:00,2026-09-23 19:00:00,21.0,91.0,0.0,2.3,60.0,1.1907,Cerah,Cerah
jatinangor,"Jatinangor, Sumedang",2026-09-23,32.11.15.2002,Hegarmanah,kecamatan,yes,-6.938,107.7556,Asia/Jakarta,"BMKG representative point: Hegarmanah, Kecamatan Jatinangor",23-09-2026,BMKG,BMKG,21:00,2026-09-23 22:00:00,20.0,93.0,0.0,2.1,60.0,1.1907,Cerah,Cerah
jatinangor,"Jatinangor, Sumedang",2026-09-23,32.11.15.2002,Hegarmanah,kecamatan,yes,-6.938,107.7556,Asia/Jakarta,"BMKG representative point: Hegarmanah, Kecamatan Jatinangor",23-09-2026,BMKG,BMKG,22:00,2026-09-23 22:00:00,20.0,93.0,0.0,2.1,0.0,1.5876,Cerah,Cerah
jatinangor,"Jatinangor, Sumedang",2026-09-23,32.11.15.2002,Hegarmanah,kecamatan,yes,-6.938,107.7556,Asia/Jakarta,"BMKG representative point: Hegarmanah, Kecamatan Jatinangor",23-09-2026,BMKG,BMKG,23:00,2026-09-23 22:00:00,20.0,93.0,0.0,2.1,60.0,1.1907,Cerah,Cerah
jatinangor,"Jatinangor, Sumedang",2026-09-23,32.11.15.2002,Hegarmanah,kecamatan,yes,-6.938,107.7556,Asia/Jakarta,"BMKG representative point: Hegarmanah, Kecamatan Jatinangor",23-09-2026,CMA,Open-Meteo / CMA GRAPES,00:00,2026-09-23 00:00:00,22.1,87.0,0.0,4.0,0.0,1.1452,Cerah,wmo:0
jatinangor,"Jatinangor, Sumedang",2026-09-23,32.11.15.2002,Hegarmanah,kecamatan,yes,-6.938,107.7556,Asia/Jakarta,"BMKG representative point: Hegarmanah, Kecamatan Jatinangor",23-09-2026,CMA,Open-Meteo / CMA GRAPES,01:00,2026-09-23 01:00:00,21.9,83.0,0.0,4.3,0.0,1.1452,Cerah,wmo:0
jatinangor,"Jatinangor, Sumedang",2026-09-23,32.11.15.2002,Hegarmanah,kecamatan,yes,-6.938,107.7556,Asia/Jakarta,"BMKG representative point: Hegarmanah, Kecamatan Jatinangor",23-09-2026,CMA,Open-Meteo / CMA GRAPES,02:00,2026-09-23 02:00:00,21.4,78.0,0.0,4.7,0.0,1.1452,Cerah,wmo:0
jatinangor,"Jatinangor, Sumedang",2026-09-23,32.11.15.2002,Hegarmanah,kecamatan,yes,-6.938,107.7556,Asia/Jakarta,"BMKG representative point: Hegarmanah, Kecamatan Jatinangor",23-09-2026,CMA,Open-Meteo / CMA GRAPES,03:00,2026-09-23 03:00:00,20.9,73.0,0.0,4.7,0.0,1.1452,Cerah,wmo:0
jatinangor,"Jatinangor, Sumedang",2026-09-23,32.11.15.2002,Hegarmanah,kecamatan,yes,-6.938,107.7556,Asia/Jakarta,"BMKG representative point: Hegarmanah, Kecamatan Jatinangor",23-09-2026,CMA,Open-Meteo / CMA GRAPES,04:00,2026-09-23 04:00:00,20.7,68.0,0.0,4.7,0.0,1.1452,Cerah,wmo:0
jatinangor,"Jatinangor, Sumedang",2026-09-23,32.11.15.2002,Hegarmanah,kecamatan,yes,-6.938,107.7556,Asia/Jakarta,"BMKG representative point: Hegarmanah, Kecamatan Jatinangor",23-09-2026,CMA,Open-Meteo / CMA GRAPES,05:00,2026-09-23 05:00:00,21.0,64.0,0.0,5.4,0.0,1.1452,Cerah,wmo:0
jatinangor,"Jatinangor, Sumedang",2026-09-23,32.11.15.2002,Hegarmanah,kecamatan,yes,-6.938,107.7556,Asia/Jakarta,"BMKG representative point: Hegarmanah, Kecamatan Jatinangor",23-09-2026,CMA,Open-Meteo / CMA GRAPES,06:00,2026-09-23 06:00:00,21.5,61.0,0.0,6.2,0.0,1.1452,Cerah,wmo:0
jatinangor,"Jatinangor, Sumedang",2026-09-23,32.11.15.2002,Hegarmanah,kecamatan,yes,-6.938,107.7556,Asia/Jakarta,"BMKG representative point: Hegarmanah, Kecamatan Jatinangor",23-09-2026,CMA,Open-Meteo / CMA GRAPES,07:00,2026-09-23 07:00:00,22.4,58.0,0.0,6.0,0.0,1.1452,Cerah,wmo:0
jatinangor,"Jatinangor, Sumedang",2026-09-23,32.11.15.2002,Hegarmanah,kecamatan,yes,-6.938,107.7556,Asia/Jakarta,"BMKG representative point: Hegarmanah, Kecamatan Jatinangor",23-09-2026,CMA,Open-Meteo / CMA GRAPES,08:00,2026-09-23 08:00:00,23.7,54.0,0.0,4.8,0.0,1.1452,Cerah,wmo:0
jatinangor,"Jatinangor, Sumedang",2026-09-23,32.11.15.2002,Hegarmanah,kecamatan,yes,-6.938,107.7556,Asia/Jakarta,"BMKG representative point: Hegarmanah, Kecamatan Jatinangor",23-09-2026,CMA,Open-Meteo / CMA GRAPES,09:00,2026-09-23 09:00:00,25.3,50.0,0.0,5.8,0.0,1.1452,Cerah,wmo:0
jatinangor,"Jatinangor, Sumedang",2026-09-23,32.11.15.2002,Hegarmanah,kecamatan,yes,-6.938,107.7556,Asia/Jakarta,"BMKG representative point: Hegarmanah, Kecamatan Jatinangor",23-09-2026,CMA,Open-Meteo / CMA GRAPES,10:00,2026-09-23 10:00:00,26.7,46.0,0.0,8.2,0.0,1.1452,Cerah,wmo:0
jatinangor,"Jatinangor, Sumedang",2026-09-23,32.11.15.2002,Hegarmanah,kecamatan,yes,-6.938,107.7556,Asia/Jakarta,"BMKG representative point: Hegarmanah, Kecamatan Jatinangor",23-09-2026,CMA,Open-Meteo / CMA GRAPES,11:00,2026-09-23 11:00:00,28.0,41.0,0.0,9.7,0.0,1.1452,Cerah,wmo:0
jatinangor,"Jatinangor, Sumedang",2026-09-23,32.11.15.2002,Hegarmanah,kecamatan,yes,-6.938,107.7556,Asia/Jakarta,"BMKG representative point: Hegarmanah, Kecamatan Jatinangor",23-09-2026,CMA,Open-Meteo / CMA GRAPES,12:00,2026-09-23 12:00:00,29.2,37.0,0.0,10.8,0.0,1.1452,Cerah,wmo:0
jatinangor,"Jatinangor, Sumedang",2026-09-23,32.11.15.2002,Hegarmanah,kecamatan,yes,-6.938,107.7556,Asia/Jakarta,"BMKG representative point: Hegarmanah, Kecamatan Jatinangor",23-09-2026,CMA,Open-Meteo / CMA GRAPES,13:00,2026-09-23 13:00:00,29.9,35.0,0.0,12.2,0.0,1.1452,Cerah,wmo:0
jatinangor,"Jatinangor, Sumedang",2026-09-23,32.11.15.2002,Hegarmanah,kecamatan,yes,-6.938,107.7556,Asia/Jakarta,"BMKG representative point: Hegarmanah, Kecamatan Jatinangor",23-09-2026,CMA,Open-Meteo / CMA GRAPES,14:00,2026-09-23 14:00:00,30.0,37.0,0.0,14.4,0.0,1.1452,Cerah,wmo:0
jatinangor,"Jatinangor, Sumedang",2026-09-23,32.11.15.2002,Hegarmanah,kecamatan,yes,-6.938,107.7556,Asia/Jakarta,"BMKG representative point: Hegarmanah, Kecamatan Jatinangor",23-09-2026,CMA,Open-Meteo / CMA GRAPES,15:00,2026-09-23 15:00:00,29.5,42.0,0.0,16.5,0.0,1.1452,Cerah Berawan,wmo:1
jatinangor,"Jatinangor, Sumedang",2026-09-23,32.11.15.2002,Hegarmanah,kecamatan,yes,-6.938,107.7556,Asia/Jakarta,"BMKG representative point: Hegarmanah, Kecamatan Jatinangor",23-09-2026,CMA,Open-Meteo / CMA GRAPES,16:00,2026-09-23 16:00:00,28.7,48.0,0.0,17.1,0.0,1.1452,Cerah Berawan,wmo:1
jatinangor,"Jatinangor, Sumedang",2026-09-23,32.11.15.2002,Hegarmanah,kecamatan,yes,-6.938,107.7556,Asia/Jakarta,"BMKG representative point: Hegarmanah, Kecamatan Jatinangor",23-09-2026,CMA,Open-Meteo / CMA GRAPES,17:00,2026-09-23 17:00:00,27.5,57.0,0.0,15.1,0.0,1.1452,Cerah Berawan,wmo:2
jatinangor,"Jatinangor, Sumedang",2026-09-23,32.11.15.2002,Hegarmanah,kecamatan,yes,-6.938,107.7556,Asia/Jakarta,"BMKG representative point: Hegarmanah, Kecamatan Jatinangor",23-09-2026,CMA,Open-Meteo / CMA GRAPES,18:00,2026-09-23 18:00:00,26.1,68.0,0.0,11.5,0.0,1.1452,Cerah Berawan,wmo:2
jatinangor,"Jatinangor, Sumedang",2026-09-23,32.11.15.2002,Hegarmanah,kecamatan,yes,-6.938,107.7556,Asia/Jakarta,"BMKG representative point: Hegarmanah, Kecamatan Jatinangor",23-09-2026,CMA,Open-Meteo / CMA GRAPES,19:00,2026-09-23 19:00:00,24.8,77.0,0.0,8.5,0.0,1.1452,Berawan,wmo:3
jatinangor,"Jatinangor, Sumedang",2026-09-23,32.11.15.2002,Hegarmanah,kecamatan,yes,-6.938,107.7556,Asia/Jakarta,"BMKG representative point: Hegarmanah, Kecamatan Jatinangor",23-09-2026,CMA,Open-Meteo / CMA GRAPES,20:00,2026-09-23 20:00:00,23.9,83.0,0.0,6.5,0.0,1.1452,Berawan,wmo:3
jatinangor,"Jatinangor, Sumedang",2026-09-23,32.11.15.2002,Hegarmanah,kecamatan,yes,-6.938,107.7556,Asia/Jakarta,"BMKG representative point: Hegarmanah, Kecamatan Jatinangor",23-09-2026,CMA,Open-Meteo / CMA GRAPES,21:00,2026-09-23 21:00:00,23.2,87.0,0.0,4.5,0.0,1.1452,Berawan,wmo:3
jatinangor,"Jatinangor, Sumedang",2026-09-23,32.11.15.2002,Hegarmanah,kecamatan,yes,-6.938,107.7556,Asia/Jakarta,"BMKG representative point: Hegarmanah, Kecamatan Jatinangor",23-09-2026,CMA,Open-Meteo / CMA GRAPES,22:00,2026-09-23 22:00:00,22.6,90.0,0.0,3.3,0.0,1.1452,Berawan,wmo:3
jatinangor,"Jatinangor, Sumedang",2026-09-23,32.11.15.2002,Hegarmanah,kecamatan,yes,-6.938,107.7556,Asia/Jakarta,"BMKG representative point: Hegarmanah, Kecamatan Jatinangor",23-09-2026,CMA,Open-Meteo / CMA GRAPES,23:00,2026-09-23 23:00:00,22.1,90.0,0.0,2.3,0.0,1.1452,Cerah Berawan,wmo:2
jatinangor,"Jatinangor, Sumedang",2026-09-23,32.11.15.2002,Hegarmanah,kecamatan,yes,-6.938,107.7556,Asia/Jakarta,"BMKG representative point: Hegarmanah, Kecamatan Jatinangor",23-09-2026,ECMWF,Open-Meteo / ECMWF,00:00,2026-09-23 00:00:00,21.4,89.0,0.0,1.4,0.0,1.7351,Cerah Berawan,wmo:2
jatinangor,"Jatinangor, Sumedang",2026-09-23,32.11.15.2002,Hegarmanah,kecamatan,yes,-6.938,107.7556,Asia/Jakarta,"BMKG representative point: Hegarmanah, Kecamatan Jatinangor",23-09-2026,ECMWF,Open-Meteo / ECMWF,01:00,2026-09-23 01:00:00,20.8,91.0,0.0,1.1,0.0,1.7351,Berawan,wmo:3
jatinangor,"Jatinangor, Sumedang",2026-09-23,32.11.15.2002,Hegarmanah,kecamatan,yes,-6.938,107.7556,Asia/Jakarta,"BMKG representative point: Hegarmanah, Kecamatan Jatinangor",23-09-2026,ECMWF,Open-Meteo / ECMWF,02:00,2026-09-23 02:00:00,20.2,93.0,0.0,1.5,0.0,1.7351,Berawan,wmo:3
jatinangor,"Jatinangor, Sumedang",2026-09-23,32.11.15.2002,Hegarmanah,kecamatan,yes,-6.938,107.7556,Asia/Jakarta,"BMKG representative point: Hegarmanah, Kecamatan Jatinangor",23-09-2026,ECMWF,Open-Meteo / ECMWF,03:00,2026-09-23 03:00:00,19.7,95.0,0.0,3.1,0.0,1.7351,Berawan,wmo:3
jatinangor,"Jatinangor, Sumedang",2026-09-23,32.11.15.2002,Hegarmanah,kecamatan,yes,-6.938,107.7556,Asia/Jakarta,"BMKG representative point: Hegarmanah, Kecamatan Jatinangor",23-09-2026,ECMWF,Open-Meteo / ECMWF,04:00,2026-09-23 04:00:00,19.4,96.0,0.0,4.4,0.0,1.7351,Cerah Berawan,wmo:2
jatinangor,"Jatinangor, Sumedang",2026-09-23,32.11.15.2002,Hegarmanah,kecamatan,yes,-6.938,107.7556,Asia/Jakarta,"BMKG representative point: Hegarmanah, Kecamatan Jatinangor",23-09-2026,ECMWF,Open-Meteo / ECMWF,05:00,2026-09-23 05:00:00,19.3,95.0,0.0,4.7,0.0,1.7351,Cerah Berawan,wmo:2
jatinangor,"Jatinangor, Sumedang",2026-09-23,32.11.15.2002,Hegarmanah,kecamatan,yes,-6.938,107.7556,Asia/Jakarta,"BMKG representative point: Hegarmanah, Kecamatan Jatinangor",23-09-2026,ECMWF,Open-Meteo / ECMWF,06:00,2026-09-23 06:00:00,19.5,93.0,0.0,4.4,0.0,1.7351,Berawan,wmo:3
jatinangor,"Jatinangor, Sumedang",2026-09-23,32.11.15.2002,Hegarmanah,kecamatan,yes,-6.938,107.7556,Asia/Jakarta,"BMKG representative point: Hegarmanah, Kecamatan Jatinangor",23-09-2026,ECMWF,Open-Meteo / ECMWF,07:00,2026-09-23 07:00:00,20.4,88.0,0.0,4.1,0.0,1.7351,Berawan,wmo:3
jatinangor,"Jatinangor, Sumedang",2026-09-23,32.11.15.2002,Hegarmanah,kecamatan,yes,-6.938,107.7556,Asia/Jakarta,"BMKG representative point: Hegarmanah, Kecamatan Jatinangor",23-09-2026,ECMWF,Open-Meteo / ECMWF,08:00,2026-09-23 08:00:00,22.8,77.0,0.0,3.3,0.0,1.7351,Cerah Berawan,wmo:2
jatinangor,"Jatinangor, Sumedang",2026-09-23,32.11.15.2002,Hegarmanah,kecamatan,yes,-6.938,107.7556,Asia/Jakarta,"BMKG representative point: Hegarmanah, Kecamatan Jatinangor",23-09-2026,ECMWF,Open-Meteo / ECMWF,09:00,2026-09-23 09:00:00,26.1,62.0,0.0,2.5,0.0,1.7351,Cerah Berawan,wmo:2
jatinangor,"Jatinangor, Sumedang",2026-09-23,32.11.15.2002,Hegarmanah,kecamatan,yes,-6.938,107.7556,Asia/Jakarta,"BMKG representative point: Hegarmanah, Kecamatan Jatinangor",23-09-2026,ECMWF,Open-Meteo / ECMWF,10:00,2026-09-23 10:00:00,28.7,51.0,0.0,2.2,0.0,1.7351,Cerah Berawan,wmo:2
jatinangor,"Jatinangor, Sumedang",2026-09-23,32.11.15.2002,Hegarmanah,kecamatan,yes,-6.938,107.7556,Asia/Jakarta,"BMKG representative point: Hegarmanah, Kecamatan Jatinangor",23-09-2026,ECMWF,Open-Meteo / ECMWF,11:00,2026-09-23 11:00:00,30.4,45.0,0.0,2.5,0.0,1.7351,Cerah Berawan,wmo:2
jatinangor,"Jatinangor, Sumedang",2026-09-23,32.11.15.2002,Hegarmanah,kecamatan,yes,-6.938,107.7556,Asia/Jakarta,"BMKG representative point: Hegarmanah, Kecamatan Jatinangor",23-09-2026,ECMWF,Open-Meteo / ECMWF,12:00,2026-09-23 12:00:00,31.5,41.0,0.0,4.3,0.0,1.7351,Cerah Berawan,wmo:1
jatinangor,"Jatinangor, Sumedang",2026-09-23,32.11.15.2002,Hegarmanah,kecamatan,yes,-6.938,107.7556,Asia/Jakarta,"BMKG representative point: Hegarmanah, Kecamatan Jatinangor",23-09-2026,ECMWF,Open-Meteo / ECMWF,13:00,2026-09-23 13:00:00,31.7,42.0,0.0,5.2,0.0,1.7351,Cerah Berawan,wmo:1
jatinangor,"Jatinangor, Sumedang",2026-09-23,32.11.15.2002,Hegarmanah,kecamatan,yes,-6.938,107.7556,Asia/Jakarta,"BMKG representative point: Hegarmanah, Kecamatan Jatinangor",23-09-2026,ECMWF,Open-Meteo / ECMWF,14:00,2026-09-23 14:00:00,30.5,48.0,0.7,4.2,0.0,1.7351,Hujan Ringan,wmo:53
jatinangor,"Jatinangor, Sumedang",2026-09-23,32.11.15.2002,Hegarmanah,kecamatan,yes,-6.938,107.7556,Asia/Jakarta,"BMKG representative point: Hegarmanah, Kecamatan Jatinangor",23-09-2026,ECMWF,Open-Meteo / ECMWF,15:00,2026-09-23 15:00:00,28.4,59.0,0.7,6.2,0.0,1.7351,Hujan Ringan,wmo:53
jatinangor,"Jatinangor, Sumedang",2026-09-23,32.11.15.2002,Hegarmanah,kecamatan,yes,-6.938,107.7556,Asia/Jakarta,"BMKG representative point: Hegarmanah, Kecamatan Jatinangor",23-09-2026,ECMWF,Open-Meteo / ECMWF,16:00,2026-09-23 16:00:00,26.5,68.0,0.7,8.3,0.0,1.7351,Hujan Ringan,wmo:53
jatinangor,"Jatinangor, Sumedang",2026-09-23,32.11.15.2002,Hegarmanah,kecamatan,yes,-6.938,107.7556,Asia/Jakarta,"BMKG representative point: Hegarmanah, Kecamatan Jatinangor",23-09-2026,ECMWF,Open-Meteo / ECMWF,17:00,2026-09-23 17:00:00,25.1,75.0,0.1,7.7,0.0,1.7351,Hujan Ringan,wmo:51
jatinangor,"Jatinangor, Sumedang",2026-09-23,32.11.15.2002,Hegarmanah,kecamatan,yes,-6.938,107.7556,Asia/Jakarta,"BMKG representative point: Hegarmanah, Kecamatan Jatinangor",23-09-2026,ECMWF,Open-Meteo / ECMWF,18:00,2026-09-23 18:00:00,23.9,82.0,0.1,5.9,0.0,1.7351,Hujan Ringan,wmo:51
jatinangor,"Jatinangor, Sumedang",2026-09-23,32.11.15.2002,Hegarmanah,kecamatan,yes,-6.938,107.7556,Asia/Jakarta,"BMKG representative point: Hegarmanah, Kecamatan Jatinangor",23-09-2026,ECMWF,Open-Meteo / ECMWF,19:00,2026-09-23 19:00:00,23.0,87.0,0.1,5.1,0.0,1.7351,Hujan Ringan,wmo:51
jatinangor,"Jatinangor, Sumedang",2026-09-23,32.11.15.2002,Hegarmanah,kecamatan,yes,-6.938,107.7556,Asia/Jakarta,"BMKG representative point: Hegarmanah, Kecamatan Jatinangor",23-09-2026,ECMWF,Open-Meteo / ECMWF,20:00,2026-09-23 20:00:00,22.4,91.0,0.0,4.3,0.0,1.7351,Cerah Berawan,wmo:1
jatinangor,"Jatinangor, Sumedang",2026-09-23,32.11.15.2002,Hegarmanah,kecamatan,yes,-6.938,107.7556,Asia/Jakarta,"BMKG representative point: Hegarmanah, Kecamatan Jatinangor",23-09-2026,ECMWF,Open-Meteo / ECMWF,21:00,2026-09-23 21:00:00,22.0,94.0,0.0,3.8,0.0,1.7351,Cerah Berawan,wmo:2
jatinangor,"Jatinangor, Sumedang",2026-09-23,32.11.15.2002,Hegarmanah,kecamatan,yes,-6.938,107.7556,Asia/Jakarta,"BMKG representative point: Hegarmanah, Kecamatan Jatinangor",23-09-2026,ECMWF,Open-Meteo / ECMWF,22:00,2026-09-23 22:00:00,21.6,96.0,0.0,3.9,0.0,1.7351,Berawan,wmo:3
jatinangor,"Jatinangor, Sumedang",2026-09-23,32.11.15.2002,Hegarmanah,kecamatan,yes,-6.938,107.7556,Asia/Jakarta,"BMKG representative point: Hegarmanah, Kecamatan Jatinangor",23-09-2026,ECMWF,Open-Meteo / ECMWF,23:00,2026-09-23 23:00:00,21.1,98.0,0.0,4.0,0.0,1.7351,Berawan,wmo:3
jatinangor,"Jatinangor, Sumedang",2026-09-23,32.11.15.2002,Hegarmanah,kecamatan,yes,-6.938,107.7556,Asia/Jakarta,"BMKG representative point: Hegarmanah, Kecamatan Jatinangor",23-09-2026,GFS,Open-Meteo / NOAA GFS,00:00,2026-09-23 00:00:00,19.1,73.0,0.0,3.6,0.0,1.3914,Cerah,wmo:0
jatinangor,"Jatinangor, Sumedang",2026-09-23,32.11.15.2002,Hegarmanah,kecamatan,yes,-6.938,107.7556,Asia/Jakarta,"BMKG representative point: Hegarmanah, Kecamatan Jatinangor",23-09-2026,GFS,Open-Meteo / NOAA GFS,01:00,2026-09-23 01:00:00,18.9,74.0,0.0,3.3,0.0,1.3914,Berawan,wmo:3
jatinangor,"Jatinangor, Sumedang",2026-09-23,32.11.15.2002,Hegarmanah,kecamatan,yes,-6.938,107.7556,Asia/Jakarta,"BMKG representative point: Hegarmanah, Kecamatan Jatinangor",23-09-2026,GFS,Open-Meteo / NOAA GFS,02:00,2026-09-23 02:00:00,18.6,76.0,0.0,4.0,0.0,1.3914,Berawan,wmo:3
jatinangor,"Jatinangor, Sumedang",2026-09-23,32.11.15.2002,Hegarmanah,kecamatan,yes,-6.938,107.7556,Asia/Jakarta,"BMKG representative point: Hegarmanah, Kecamatan Jatinangor",23-09-2026,GFS,Open-Meteo / NOAA GFS,03:00,2026-09-23 03:00:00,18.4,76.0,0.0,4.0,0.0,1.3914,Berawan,wmo:3
jatinangor,"Jatinangor, Sumedang",2026-09-23,32.11.15.2002,Hegarmanah,kecamatan,yes,-6.938,107.7556,Asia/Jakarta,"BMKG representative point: Hegarmanah, Kecamatan Jatinangor",23-09-2026,GFS,Open-Meteo / NOAA GFS,04:00,2026-09-23 04:00:00,18.2,76.0,0.0,4.1,0.0,1.3914,Berawan,wmo:3
jatinangor,"Jatinangor, Sumedang",2026-09-23,32.11.15.2002,Hegarmanah,kecamatan,yes,-6.938,107.7556,Asia/Jakarta,"BMKG representative point: Hegarmanah, Kecamatan Jatinangor",23-09-2026,GFS,Open-Meteo / NOAA GFS,05:00,2026-09-23 05:00:00,18.1,75.0,0.0,4.2,0.0,1.3914,Cerah Berawan,wmo:1
jatinangor,"Jatinangor, Sumedang",2026-09-23,32.11.15.2002,Hegarmanah,kecamatan,yes,-6.938,107.7556,Asia/Jakarta,"BMKG representative point: Hegarmanah, Kecamatan Jatinangor",23-09-2026,GFS,Open-Meteo / NOAA GFS,06:00,2026-09-23 06:00:00,18.5,71.0,0.0,5.2,0.0,1.3914,Cerah,wmo:0
jatinangor,"Jatinangor, Sumedang",2026-09-23,32.11.15.2002,Hegarmanah,kecamatan,yes,-6.938,107.7556,Asia/Jakarta,"BMKG representative point: Hegarmanah, Kecamatan Jatinangor",23-09-2026,GFS,Open-Meteo / NOAA GFS,07:00,2026-09-23 07:00:00,22.2,55.0,0.0,5.1,0.0,1.3914,Berawan,wmo:3
jatinangor,"Jatinangor, Sumedang",2026-09-23,32.11.15.2002,Hegarmanah,kecamatan,yes,-6.938,107.7556,Asia/Jakarta,"BMKG representative point: Hegarmanah, Kecamatan Jatinangor",23-09-2026,GFS,Open-Meteo / NOAA GFS,08:00,2026-09-23 08:00:00,26.1,42.0,0.0,5.3,0.0,1.3914,Berawan,wmo:3
jatinangor,"Jatinangor, Sumedang",2026-09-23,32.11.15.2002,Hegarmanah,kecamatan,yes,-6.938,107.7556,Asia/Jakarta,"BMKG representative point: Hegarmanah, Kecamatan Jatinangor",23-09-2026,GFS,Open-Meteo / NOAA GFS,09:00,2026-09-23 09:00:00,29.3,35.0,0.0,5.4,0.0,1.3914,Berawan,wmo:3
jatinangor,"Jatinangor, Sumedang",2026-09-23,32.11.15.2002,Hegarmanah,kecamatan,yes,-6.938,107.7556,Asia/Jakarta,"BMKG representative point: Hegarmanah, Kecamatan Jatinangor",23-09-2026,GFS,Open-Meteo / NOAA GFS,10:00,2026-09-23 10:00:00,31.7,32.0,0.0,5.8,0.0,1.3914,Cerah Berawan,wmo:1
jatinangor,"Jatinangor, Sumedang",2026-09-23,32.11.15.2002,Hegarmanah,kecamatan,yes,-6.938,107.7556,Asia/Jakarta,"BMKG representative point: Hegarmanah, Kecamatan Jatinangor",23-09-2026,GFS,Open-Meteo / NOAA GFS,11:00,2026-09-23 11:00:00,33.6,29.0,0.0,6.1,0.0,1.3914,Cerah,wmo:0
jatinangor,"Jatinangor, Sumedang",2026-09-23,32.11.15.2002,Hegarmanah,kecamatan,yes,-6.938,107.7556,Asia/Jakarta,"BMKG representative point: Hegarmanah, Kecamatan Jatinangor",23-09-2026,GFS,Open-Meteo / NOAA GFS,12:00,2026-09-23 12:00:00,34.5,28.0,0.0,7.7,0.0,1.3914,Cerah,wmo:0
jatinangor,"Jatinangor, Sumedang",2026-09-23,32.11.15.2002,Hegarmanah,kecamatan,yes,-6.938,107.7556,Asia/Jakarta,"BMKG representative point: Hegarmanah, Kecamatan Jatinangor",23-09-2026,GFS,Open-Meteo / NOAA GFS,13:00,2026-09-23 13:00:00,34.3,28.0,0.0,12.0,0.0,1.3914,Cerah Berawan,wmo:2
jatinangor,"Jatinangor, Sumedang",2026-09-23,32.11.15.2002,Hegarmanah,kecamatan,yes,-6.938,107.7556,Asia/Jakarta,"BMKG representative point: Hegarmanah, Kecamatan Jatinangor",23-09-2026,GFS,Open-Meteo / NOAA GFS,14:00,2026-09-23 14:00:00,30.9,38.0,0.0,17.0,0.0,1.3914,Berawan,wmo:3
jatinangor,"Jatinangor, Sumedang",2026-09-23,32.11.15.2002,Hegarmanah,kecamatan,yes,-6.938,107.7556,Asia/Jakarta,"BMKG representative point: Hegarmanah, Kecamatan Jatinangor",23-09-2026,GFS,Open-Meteo / NOAA GFS,15:00,2026-09-23 15:00:00,29.0,45.0,0.0,6.4,0.0,1.3914,Berawan,wmo:3
jatinangor,"Jatinangor, Sumedang",2026-09-23,32.11.15.2002,Hegarmanah,kecamatan,yes,-6.938,107.7556,Asia/Jakarta,"BMKG representative point: Hegarmanah, Kecamatan Jatinangor",23-09-2026,GFS,Open-Meteo / NOAA GFS,16:00,2026-09-23 16:00:00,28.0,48.0,0.0,3.2,0.0,1.3914,Berawan,wmo:3
jatinangor,"Jatinangor, Sumedang",2026-09-23,32.11.15.2002,Hegarmanah,kecamatan,yes,-6.938,107.7556,Asia/Jakarta,"BMKG representative point: Hegarmanah, Kecamatan Jatinangor",23-09-2026,GFS,Open-Meteo / NOAA GFS,17:00,2026-09-23 17:00:00,25.2,63.0,0.4,8.3,0.0,1.3914,Hujan Ringan,wmo:51
jatinangor,"Jatinangor, Sumedang",2026-09-23,32.11.15.2002,Hegarmanah,kecamatan,yes,-6.938,107.7556,Asia/Jakarta,"BMKG representative point: Hegarmanah, Kecamatan Jatinangor",23-09-2026,GFS,Open-Meteo / NOAA GFS,18:00,2026-09-23 18:00:00,23.8,73.0,0.9,6.5,0.0,1.3914,Hujan Ringan,wmo:53
jatinangor,"Jatinangor, Sumedang",2026-09-23,32.11.15.2002,Hegarmanah,kecamatan,yes,-6.938,107.7556,Asia/Jakarta,"BMKG representative point: Hegarmanah, Kecamatan Jatinangor",23-09-2026,GFS,Open-Meteo / NOAA GFS,19:00,2026-09-23 19:00:00,23.7,74.0,0.1,1.1,0.0,1.3914,Hujan Ringan,wmo:51
jatinangor,"Jatinangor, Sumedang",2026-09-23,32.11.15.2002,Hegarmanah,kecamatan,yes,-6.938,107.7556,Asia/Jakarta,"BMKG representative point: Hegarmanah, Kecamatan Jatinangor",23-09-2026,GFS,Open-Meteo / NOAA GFS,20:00,2026-09-23 20:00:00,23.4,73.0,0.0,5.0,0.0,1.3914,Berawan,wmo:3
jatinangor,"Jatinangor, Sumedang",2026-09-23,32.11.15.2002,Hegarmanah,kecamatan,yes,-6.938,107.7556,Asia/Jakarta,"BMKG representative point: Hegarmanah, Kecamatan Jatinangor",23-09-2026,GFS,Open-Meteo / NOAA GFS,21:00,2026-09-23 21:00:00,21.6,76.0,0.0,6.6,0.0,1.3914,Cerah Berawan,wmo:1
jatinangor,"Jatinangor, Sumedang",2026-09-23,32.11.15.2002,Hegarmanah,kecamatan,yes,-6.938,107.7556,Asia/Jakarta,"BMKG representative point: Hegarmanah, Kecamatan Jatinangor",23-09-2026,GFS,Open-Meteo / NOAA GFS,22:00,2026-09-23 22:00:00,20.1,83.0,0.0,5.9,0.0,1.3914,Cerah,wmo:0
jatinangor,"Jatinangor, Sumedang",2026-09-23,32.11.15.2002,Hegarmanah,kecamatan,yes,-6.938,107.7556,Asia/Jakarta,"BMKG representative point: Hegarmanah, Kecamatan Jatinangor",23-09-2026,GFS,Open-Meteo / NOAA GFS,23:00,2026-09-23 23:00:00,19.4,86.0,0.0,4.9,0.0,1.3914,Cerah,wmo:0
jatinangor,"Jatinangor, Sumedang",2026-09-23,32.11.15.2002,Hegarmanah,kecamatan,yes,-6.938,107.7556,Asia/Jakarta,"BMKG representative point: Hegarmanah, Kecamatan Jatinangor",23-09-2026,ICON,Open-Meteo / DWD ICON,00:00,2026-09-23 00:00:00,20.4,91.0,0.0,4.9,0.0,1.4513,Cerah,wmo:0
jatinangor,"Jatinangor, Sumedang",2026-09-23,32.11.15.2002,Hegarmanah,kecamatan,yes,-6.938,107.7556,Asia/Jakarta,"BMKG representative point: Hegarmanah, Kecamatan Jatinangor",23-09-2026,ICON,Open-Meteo / DWD ICON,01:00,2026-09-23 01:00:00,20.0,93.0,0.0,4.3,0.0,1.4513,Cerah Berawan,wmo:1
jatinangor,"Jatinangor, Sumedang",2026-09-23,32.11.15.2002,Hegarmanah,kecamatan,yes,-6.938,107.7556,Asia/Jakarta,"BMKG representative point: Hegarmanah, Kecamatan Jatinangor",23-09-2026,ICON,Open-Meteo / DWD ICON,02:00,2026-09-23 02:00:00,19.7,93.0,0.0,3.9,0.0,1.4513,Cerah Berawan,wmo:1
jatinangor,"Jatinangor, Sumedang",2026-09-23,32.11.15.2002,Hegarmanah,kecamatan,yes,-6.938,107.7556,Asia/Jakarta,"BMKG representative point: Hegarmanah, Kecamatan Jatinangor",23-09-2026,ICON,Open-Meteo / DWD ICON,03:00,2026-09-23 03:00:00,19.2,94.0,0.0,4.3,0.0,1.4513,Cerah Berawan,wmo:1
jatinangor,"Jatinangor, Sumedang",2026-09-23,32.11.15.2002,Hegarmanah,kecamatan,yes,-6.938,107.7556,Asia/Jakarta,"BMKG representative point: Hegarmanah, Kecamatan Jatinangor",23-09-2026,ICON,Open-Meteo / DWD ICON,04:00,2026-09-23 04:00:00,18.7,93.0,0.0,4.8,0.0,1.4513,Cerah Berawan,wmo:2
jatinangor,"Jatinangor, Sumedang",2026-09-23,32.11.15.2002,Hegarmanah,kecamatan,yes,-6.938,107.7556,Asia/Jakarta,"BMKG representative point: Hegarmanah, Kecamatan Jatinangor",23-09-2026,ICON,Open-Meteo / DWD ICON,05:00,2026-09-23 05:00:00,18.3,91.0,0.0,5.2,0.0,1.4513,Cerah Berawan,wmo:2
jatinangor,"Jatinangor, Sumedang",2026-09-23,32.11.15.2002,Hegarmanah,kecamatan,yes,-6.938,107.7556,Asia/Jakarta,"BMKG representative point: Hegarmanah, Kecamatan Jatinangor",23-09-2026,ICON,Open-Meteo / DWD ICON,06:00,2026-09-23 06:00:00,18.1,88.0,0.0,5.1,0.0,1.4513,Cerah Berawan,wmo:2
jatinangor,"Jatinangor, Sumedang",2026-09-23,32.11.15.2002,Hegarmanah,kecamatan,yes,-6.938,107.7556,Asia/Jakarta,"BMKG representative point: Hegarmanah, Kecamatan Jatinangor",23-09-2026,ICON,Open-Meteo / DWD ICON,07:00,2026-09-23 07:00:00,21.0,77.0,0.0,3.4,0.0,1.4513,Cerah Berawan,wmo:2
jatinangor,"Jatinangor, Sumedang",2026-09-23,32.11.15.2002,Hegarmanah,kecamatan,yes,-6.938,107.7556,Asia/Jakarta,"BMKG representative point: Hegarmanah, Kecamatan Jatinangor",23-09-2026,ICON,Open-Meteo / DWD ICON,08:00,2026-09-23 08:00:00,24.9,58.0,0.0,3.7,0.0,1.4513,Cerah Berawan,wmo:2
jatinangor,"Jatinangor, Sumedang",2026-09-23,32.11.15.2002,Hegarmanah,kecamatan,yes,-6.938,107.7556,Asia/Jakarta,"BMKG representative point: Hegarmanah, Kecamatan Jatinangor",23-09-2026,ICON,Open-Meteo / DWD ICON,09:00,2026-09-23 09:00:00,27.0,58.0,0.0,4.7,0.0,1.4513,Cerah Berawan,wmo:1
jatinangor,"Jatinangor, Sumedang",2026-09-23,32.11.15.2002,Hegarmanah,kecamatan,yes,-6.938,107.7556,Asia/Jakarta,"BMKG representative point: Hegarmanah, Kecamatan Jatinangor",23-09-2026,ICON,Open-Meteo / DWD ICON,10:00,2026-09-23 10:00:00,29.7,49.0,0.0,5.2,0.0,1.4513,Cerah Berawan,wmo:1
jatinangor,"Jatinangor, Sumedang",2026-09-23,32.11.15.2002,Hegarmanah,kecamatan,yes,-6.938,107.7556,Asia/Jakarta,"BMKG representative point: Hegarmanah, Kecamatan Jatinangor",23-09-2026,ICON,Open-Meteo / DWD ICON,11:00,2026-09-23 11:00:00,32.1,40.0,0.0,5.4,0.0,1.4513,Cerah Berawan,wmo:1
jatinangor,"Jatinangor, Sumedang",2026-09-23,32.11.15.2002,Hegarmanah,kecamatan,yes,-6.938,107.7556,Asia/Jakarta,"BMKG representative point: Hegarmanah, Kecamatan Jatinangor",23-09-2026,ICON,Open-Meteo / DWD ICON,12:00,2026-09-23 12:00:00,33.7,34.0,0.0,7.4,0.0,1.4513,Cerah Berawan,wmo:1
jatinangor,"Jatinangor, Sumedang",2026-09-23,32.11.15.2002,Hegarmanah,kecamatan,yes,-6.938,107.7556,Asia/Jakarta,"BMKG representative point: Hegarmanah, Kecamatan Jatinangor",23-09-2026,ICON,Open-Meteo / DWD ICON,13:00,2026-09-23 13:00:00,34.3,33.0,0.0,7.4,0.0,1.4513,Cerah Berawan,wmo:2
jatinangor,"Jatinangor, Sumedang",2026-09-23,32.11.15.2002,Hegarmanah,kecamatan,yes,-6.938,107.7556,Asia/Jakarta,"BMKG representative point: Hegarmanah, Kecamatan Jatinangor",23-09-2026,ICON,Open-Meteo / DWD ICON,14:00,2026-09-23 14:00:00,34.1,33.0,0.0,10.7,0.0,1.4513,Cerah Berawan,wmo:2
jatinangor,"Jatinangor, Sumedang",2026-09-23,32.11.15.2002,Hegarmanah,kecamatan,yes,-6.938,107.7556,Asia/Jakarta,"BMKG representative point: Hegarmanah, Kecamatan Jatinangor",23-09-2026,ICON,Open-Meteo / DWD ICON,15:00,2026-09-23 15:00:00,33.2,35.0,0.0,13.0,0.0,1.4513,Cerah Berawan,wmo:2
jatinangor,"Jatinangor, Sumedang",2026-09-23,32.11.15.2002,Hegarmanah,kecamatan,yes,-6.938,107.7556,Asia/Jakarta,"BMKG representative point: Hegarmanah, Kecamatan Jatinangor",23-09-2026,ICON,Open-Meteo / DWD ICON,16:00,2026-09-23 16:00:00,32.2,37.0,0.0,7.2,0.0,1.4513,Berawan,wmo:3
jatinangor,"Jatinangor, Sumedang",2026-09-23,32.11.15.2002,Hegarmanah,kecamatan,yes,-6.938,107.7556,Asia/Jakarta,"BMKG representative point: Hegarmanah, Kecamatan Jatinangor",23-09-2026,ICON,Open-Meteo / DWD ICON,17:00,2026-09-23 17:00:00,31.0,41.0,0.0,11.5,0.0,1.4513,Berawan,wmo:3
jatinangor,"Jatinangor, Sumedang",2026-09-23,32.11.15.2002,Hegarmanah,kecamatan,yes,-6.938,107.7556,Asia/Jakarta,"BMKG representative point: Hegarmanah, Kecamatan Jatinangor",23-09-2026,ICON,Open-Meteo / DWD ICON,18:00,2026-09-23 18:00:00,28.4,54.0,0.0,14.1,0.0,1.4513,Berawan,wmo:3
jatinangor,"Jatinangor, Sumedang",2026-09-23,32.11.15.2002,Hegarmanah,kecamatan,yes,-6.938,107.7556,Asia/Jakarta,"BMKG representative point: Hegarmanah, Kecamatan Jatinangor",23-09-2026,ICON,Open-Meteo / DWD ICON,19:00,2026-09-23 19:00:00,26.8,62.0,0.0,9.2,0.0,1.4513,Berawan,wmo:3
jatinangor,"Jatinangor, Sumedang",2026-09-23,32.11.15.2002,Hegarmanah,kecamatan,yes,-6.938,107.7556,Asia/Jakarta,"BMKG representative point: Hegarmanah, Kecamatan Jatinangor",23-09-2026,ICON,Open-Meteo / DWD ICON,20:00,2026-09-23 20:00:00,25.7,68.0,0.0,6.2,0.0,1.4513,Berawan,wmo:3
jatinangor,"Jatinangor, Sumedang",2026-09-23,32.11.15.2002,Hegarmanah,kecamatan,yes,-6.938,107.7556,Asia/Jakarta,"BMKG representative point: Hegarmanah, Kecamatan Jatinangor",23-09-2026,ICON,Open-Meteo / DWD ICON,21:00,2026-09-23 21:00:00,24.7,72.0,0.0,5.5,0.0,1.4513,Cerah Berawan,wmo:2
jatinangor,"Jatinangor, Sumedang",2026-09-23,32.11.15.2002,Hegarmanah,kecamatan,yes,-6.938,107.7556,Asia/Jakarta,"BMKG representative point: Hegarmanah, Kecamatan Jatinangor",23-09-2026,ICON,Open-Meteo / DWD ICON,22:00,2026-09-23 22:00:00,23.6,74.0,0.0,6.1,0.0,1.4513,Cerah Berawan,wmo:1
jatinangor,"Jatinangor, Sumedang",2026-09-23,32.11.15.2002,Hegarmanah,kecamatan,yes,-6.938,107.7556,Asia/Jakarta,"BMKG representative point: Hegarmanah, Kecamatan Jatinangor",23-09-2026,ICON,Open-Meteo / DWD ICON,23:00,2026-09-23 23:00:00,22.6,75.0,0.0,6.1,0.0,1.4513,Cerah Berawan,wmo:1
jatinangor,"Jatinangor, Sumedang",2026-09-23,32.11.15.2002,Hegarmanah,kecamatan,yes,-6.938,107.7556,Asia/Jakarta,"BMKG representative point: Hegarmanah, Kecamatan Jatinangor",23-09-2026,KMA,Open-Meteo / KMA,00:00,2026-09-23 00:00:00,,,,,0.0,0.5517,Berawan,wmo:None
jatinangor,"Jatinangor, Sumedang",2026-09-23,32.11.15.2002,Hegarmanah,kecamatan,yes,-6.938,107.7556,Asia/Jakarta,"BMKG representative point: Hegarmanah, Kecamatan Jatinangor",23-09-2026,KMA,Open-Meteo / KMA,01:00,2026-09-23 01:00:00,,,,,0.0,0.5517,Berawan,wmo:None
jatinangor,"Jatinangor, Sumedang",2026-09-23,32.11.15.2002,Hegarmanah,kecamatan,yes,-6.938,107.7556,Asia/Jakarta,"BMKG representative point: Hegarmanah, Kecamatan Jatinangor",23-09-2026,KMA,Open-Meteo / KMA,02:00,2026-09-23 02:00:00,,,,,0.0,0.5517,Berawan,wmo:None
jatinangor,"Jatinangor, Sumedang",2026-09-23,32.11.15.2002,Hegarmanah,kecamatan,yes,-6.938,107.7556,Asia/Jakarta,"BMKG representative point: Hegarmanah, Kecamatan Jatinangor",23-09-2026,KMA,Open-Meteo / KMA,03:00,2026-09-23 03:00:00,,,,,0.0,0.5517,Berawan,wmo:None
jatinangor,"Jatinangor, Sumedang",2026-09-23,32.11.15.2002,Hegarmanah,kecamatan,yes,-6.938,107.7556,Asia/Jakarta,"BMKG representative point: Hegarmanah, Kecamatan Jatinangor",23-09-2026,KMA,Open-Meteo / KMA,04:00,2026-09-23 04:00:00,,,,,0.0,0.5517,Berawan,wmo:None
jatinangor,"Jatinangor, Sumedang",2026-09-23,32.11.15.2002,Hegarmanah,kecamatan,yes,-6.938,107.7556,Asia/Jakarta,"BMKG representative point: Hegarmanah, Kecamatan Jatinangor",23-09-2026,KMA,Open-Meteo / KMA,05:00,2026-09-23 05:00:00,,,,,0.0,0.5517,Berawan,wmo:None
jatinangor,"Jatinangor, Sumedang",2026-09-23,32.11.15.2002,Hegarmanah,kecamatan,yes,-6.938,107.7556,Asia/Jakarta,"BMKG representative point: Hegarmanah, Kecamatan Jatinangor",23-09-2026,KMA,Open-Meteo / KMA,06:00,2026-09-23 06:00:00,,,,,0.0,0.5517,Berawan,wmo:None
jatinangor,"Jatinangor, Sumedang",2026-09-23,32.11.15.2002,Hegarmanah,kecamatan,yes,-6.938,107.7556,Asia/Jakarta,"BMKG representative point: Hegarmanah, Kecamatan Jatinangor",23-09-2026,KMA,Open-Meteo / KMA,07:00,2026-09-23 07:00:00,,,,,0.0,0.5517,Berawan,wmo:None
jatinangor,"Jatinangor, Sumedang",2026-09-23,32.11.15.2002,Hegarmanah,kecamatan,yes,-6.938,107.7556,Asia/Jakarta,"BMKG representative point: Hegarmanah, Kecamatan Jatinangor",23-09-2026,KMA,Open-Meteo / KMA,08:00,2026-09-23 08:00:00,,,,,0.0,0.5517,Berawan,wmo:None
jatinangor,"Jatinangor, Sumedang",2026-09-23,32.11.15.2002,Hegarmanah,kecamatan,yes,-6.938,107.7556,Asia/Jakarta,"BMKG representative point: Hegarmanah, Kecamatan Jatinangor",23-09-2026,KMA,Open-Meteo / KMA,09:00,2026-09-23 09:00:00,,,,,0.0,0.5517,Berawan,wmo:None
jatinangor,"Jatinangor, Sumedang",2026-09-23,32.11.15.2002,Hegarmanah,kecamatan,yes,-6.938,107.7556,Asia/Jakarta,"BMKG representative point: Hegarmanah, Kecamatan Jatinangor",23-09-2026,KMA,Open-Meteo / KMA,10:00,2026-09-23 10:00:00,,,,,0.0,0.5517,Berawan,wmo:None
jatinangor,"Jatinangor, Sumedang",2026-09-23,32.11.15.2002,Hegarmanah,kecamatan,yes,-6.938,107.7556,Asia/Jakarta,"BMKG representative point: Hegarmanah, Kecamatan Jatinangor",23-09-2026,KMA,Open-Meteo / KMA,11:00,2026-09-23 11:00:00,,,,,0.0,0.5517,Berawan,wmo:None
jatinangor,"Jatinangor, Sumedang",2026-09-23,32.11.15.2002,Hegarmanah,kecamatan,yes,-6.938,107.7556,Asia/Jakarta,"BMKG representative point: Hegarmanah, Kecamatan Jatinangor",23-09-2026,KMA,Open-Meteo / KMA,12:00,2026-09-23 12:00:00,,,,,0.0,0.5517,Berawan,wmo:None
jatinangor,"Jatinangor, Sumedang",2026-09-23,32.11.15.2002,Hegarmanah,kecamatan,yes,-6.938,107.7556,Asia/Jakarta,"BMKG representative point: Hegarmanah, Kecamatan Jatinangor",23-09-2026,KMA,Open-Meteo / KMA,13:00,2026-09-23 13:00:00,,,,,0.0,0.5517,Berawan,wmo:None
jatinangor,"Jatinangor, Sumedang",2026-09-23,32.11.15.2002,Hegarmanah,kecamatan,yes,-6.938,107.7556,Asia/Jakarta,"BMKG representative point: Hegarmanah, Kecamatan Jatinangor",23-09-2026,KMA,Open-Meteo / KMA,14:00,2026-09-23 14:00:00,,,,,0.0,0.5517,Berawan,wmo:None
jatinangor,"Jatinangor, Sumedang",2026-09-23,32.11.15.2002,Hegarmanah,kecamatan,yes,-6.938,107.7556,Asia/Jakarta,"BMKG representative point: Hegarmanah, Kecamatan Jatinangor",23-09-2026,KMA,Open-Meteo / KMA,15:00,2026-09-23 15:00:00,,,,,0.0,0.5517,Berawan,wmo:None
jatinangor,"Jatinangor, Sumedang",2026-09-23,32.11.15.2002,Hegarmanah,kecamatan,yes,-6.938,107.7556,Asia/Jakarta,"BMKG representative point: Hegarmanah, Kecamatan Jatinangor",23-09-2026,KMA,Open-Meteo / KMA,16:00,2026-09-23 16:00:00,,,,,0.0,0.5517,Berawan,wmo:None
jatinangor,"Jatinangor, Sumedang",2026-09-23,32.11.15.2002,Hegarmanah,kecamatan,yes,-6.938,107.7556,Asia/Jakarta,"BMKG representative point: Hegarmanah, Kecamatan Jatinangor",23-09-2026,KMA,Open-Meteo / KMA,17:00,2026-09-23 17:00:00,,,,,0.0,0.5517,Berawan,wmo:None
jatinangor,"Jatinangor, Sumedang",2026-09-23,32.11.15.2002,Hegarmanah,kecamatan,yes,-6.938,107.7556,Asia/Jakarta,"BMKG representative point: Hegarmanah, Kecamatan Jatinangor",23-09-2026,KMA,Open-Meteo / KMA,18:00,2026-09-23 18:00:00,,,,,0.0,0.5517,Berawan,wmo:None
jatinangor,"Jatinangor, Sumedang",2026-09-23,32.11.15.2002,Hegarmanah,kecamatan,yes,-6.938,107.7556,Asia/Jakarta,"BMKG representative point: Hegarmanah, Kecamatan Jatinangor",23-09-2026,KMA,Open-Meteo / KMA,19:00,2026-09-23 19:00:00,,,,,0.0,0.5517,Berawan,wmo:None
jatinangor,"Jatinangor, Sumedang",2026-09-23,32.11.15.2002,Hegarmanah,kecamatan,yes,-6.938,107.7556,Asia/Jakarta,"BMKG representative point: Hegarmanah, Kecamatan Jatinangor",23-09-2026,KMA,Open-Meteo / KMA,20:00,2026-09-23 20:00:00,,,,,0.0,0.5517,Berawan,wmo:None
jatinangor,"Jatinangor, Sumedang",2026-09-23,32.11.15.2002,Hegarmanah,kecamatan,yes,-6.938,107.7556,Asia/Jakarta,"BMKG representative point: Hegarmanah, Kecamatan Jatinangor",23-09-2026,KMA,Open-Meteo / KMA,21:00,2026-09-23 21:00:00,,,,,0.0,0.5517,Berawan,wmo:None
jatinangor,"Jatinangor, Sumedang",2026-09-23,32.11.15.2002,Hegarmanah,kecamatan,yes,-6.938,107.7556,Asia/Jakarta,"BMKG representative point: Hegarmanah, Kecamatan Jatinangor",23-09-2026,KMA,Open-Meteo / KMA,22:00,2026-09-23 22:00:00,,,,,0.0,0.5517,Berawan,wmo:None
jatinangor,"Jatinangor, Sumedang",2026-09-23,32.11.15.2002,Hegarmanah,kecamatan,yes,-6.938,107.7556,Asia/Jakarta,"BMKG representative point: Hegarmanah, Kecamatan Jatinangor",23-09-2026,KMA,Open-Meteo / KMA,23:00,2026-09-23 23:00:00,,,,,0.0,0.5517,Berawan,wmo:None
jatinangor,"Jatinangor, Sumedang",2026-09-23,32.11.15.2002,Hegarmanah,kecamatan,yes,-6.938,107.7556,Asia/Jakarta,"BMKG representative point: Hegarmanah, Kecamatan Jatinangor",23-09-2026,METEOFRANCE,Open-Meteo / Meteo-France,00:00,2026-09-23 00:00:00,26.5,81.0,0.0,2.6,0.0,1.4381,Cerah Berawan,wmo:2
jatinangor,"Jatinangor, Sumedang",2026-09-23,32.11.15.2002,Hegarmanah,kecamatan,yes,-6.938,107.7556,Asia/Jakarta,"BMKG representative point: Hegarmanah, Kecamatan Jatinangor",23-09-2026,METEOFRANCE,Open-Meteo / Meteo-France,01:00,2026-09-23 01:00:00,26.1,84.0,0.0,0.8,0.0,1.4381,Berawan,wmo:3
jatinangor,"Jatinangor, Sumedang",2026-09-23,32.11.15.2002,Hegarmanah,kecamatan,yes,-6.938,107.7556,Asia/Jakarta,"BMKG representative point: Hegarmanah, Kecamatan Jatinangor",23-09-2026,METEOFRANCE,Open-Meteo / Meteo-France,02:00,2026-09-23 02:00:00,25.8,86.0,0.0,0.5,0.0,1.4381,Berawan,wmo:3
jatinangor,"Jatinangor, Sumedang",2026-09-23,32.11.15.2002,Hegarmanah,kecamatan,yes,-6.938,107.7556,Asia/Jakarta,"BMKG representative point: Hegarmanah, Kecamatan Jatinangor",23-09-2026,METEOFRANCE,Open-Meteo / Meteo-France,03:00,2026-09-23 03:00:00,25.4,88.0,0.0,0.5,0.0,1.4381,Berawan,wmo:3
jatinangor,"Jatinangor, Sumedang",2026-09-23,32.11.15.2002,Hegarmanah,kecamatan,yes,-6.938,107.7556,Asia/Jakarta,"BMKG representative point: Hegarmanah, Kecamatan Jatinangor",23-09-2026,METEOFRANCE,Open-Meteo / Meteo-France,04:00,2026-09-23 04:00:00,25.0,90.0,0.0,0.5,0.0,1.4381,Berawan,wmo:3
jatinangor,"Jatinangor, Sumedang",2026-09-23,32.11.15.2002,Hegarmanah,kecamatan,yes,-6.938,107.7556,Asia/Jakarta,"BMKG representative point: Hegarmanah, Kecamatan Jatinangor",23-09-2026,METEOFRANCE,Open-Meteo / Meteo-France,05:00,2026-09-23 05:00:00,24.7,92.0,0.0,1.0,0.0,1.4381,Berawan,wmo:3
jatinangor,"Jatinangor, Sumedang",2026-09-23,32.11.15.2002,Hegarmanah,kecamatan,yes,-6.938,107.7556,Asia/Jakarta,"BMKG representative point: Hegarmanah, Kecamatan Jatinangor",23-09-2026,METEOFRANCE,Open-Meteo / Meteo-France,06:00,2026-09-23 06:00:00,24.4,92.0,0.0,1.9,0.0,1.4381,Berawan,wmo:3
jatinangor,"Jatinangor, Sumedang",2026-09-23,32.11.15.2002,Hegarmanah,kecamatan,yes,-6.938,107.7556,Asia/Jakarta,"BMKG representative point: Hegarmanah, Kecamatan Jatinangor",23-09-2026,METEOFRANCE,Open-Meteo / Meteo-France,07:00,2026-09-23 07:00:00,25.4,88.0,0.0,1.8,0.0,1.4381,Berawan,wmo:3
jatinangor,"Jatinangor, Sumedang",2026-09-23,32.11.15.2002,Hegarmanah,kecamatan,yes,-6.938,107.7556,Asia/Jakarta,"BMKG representative point: Hegarmanah, Kecamatan Jatinangor",23-09-2026,METEOFRANCE,Open-Meteo / Meteo-France,08:00,2026-09-23 08:00:00,27.6,78.0,0.0,2.2,0.0,1.4381,Berawan,wmo:3
jatinangor,"Jatinangor, Sumedang",2026-09-23,32.11.15.2002,Hegarmanah,kecamatan,yes,-6.938,107.7556,Asia/Jakarta,"BMKG representative point: Hegarmanah, Kecamatan Jatinangor",23-09-2026,METEOFRANCE,Open-Meteo / Meteo-France,09:00,2026-09-23 09:00:00,29.9,63.0,0.0,4.7,0.0,1.4381,Cerah Berawan,wmo:2
jatinangor,"Jatinangor, Sumedang",2026-09-23,32.11.15.2002,Hegarmanah,kecamatan,yes,-6.938,107.7556,Asia/Jakarta,"BMKG representative point: Hegarmanah, Kecamatan Jatinangor",23-09-2026,METEOFRANCE,Open-Meteo / Meteo-France,10:00,2026-09-23 10:00:00,32.1,53.0,0.0,7.1,0.0,1.4381,Cerah Berawan,wmo:1
jatinangor,"Jatinangor, Sumedang",2026-09-23,32.11.15.2002,Hegarmanah,kecamatan,yes,-6.938,107.7556,Asia/Jakarta,"BMKG representative point: Hegarmanah, Kecamatan Jatinangor",23-09-2026,METEOFRANCE,Open-Meteo / Meteo-France,11:00,2026-09-23 11:00:00,33.7,47.0,0.0,9.0,0.0,1.4381,Cerah Berawan,wmo:1
jatinangor,"Jatinangor, Sumedang",2026-09-23,32.11.15.2002,Hegarmanah,kecamatan,yes,-6.938,107.7556,Asia/Jakarta,"BMKG representative point: Hegarmanah, Kecamatan Jatinangor",23-09-2026,METEOFRANCE,Open-Meteo / Meteo-France,12:00,2026-09-23 12:00:00,34.8,44.0,0.0,9.7,0.0,1.4381,Cerah Berawan,wmo:2
jatinangor,"Jatinangor, Sumedang",2026-09-23,32.11.15.2002,Hegarmanah,kecamatan,yes,-6.938,107.7556,Asia/Jakarta,"BMKG representative point: Hegarmanah, Kecamatan Jatinangor",23-09-2026,METEOFRANCE,Open-Meteo / Meteo-France,13:00,2026-09-23 13:00:00,34.6,45.0,0.0,10.2,0.0,1.4381,Cerah Berawan,wmo:2
jatinangor,"Jatinangor, Sumedang",2026-09-23,32.11.15.2002,Hegarmanah,kecamatan,yes,-6.938,107.7556,Asia/Jakarta,"BMKG representative point: Hegarmanah, Kecamatan Jatinangor",23-09-2026,METEOFRANCE,Open-Meteo / Meteo-France,14:00,2026-09-23 14:00:00,33.5,50.0,0.1,8.4,0.0,1.4381,Hujan Ringan,wmo:51
jatinangor,"Jatinangor, Sumedang",2026-09-23,32.11.15.2002,Hegarmanah,kecamatan,yes,-6.938,107.7556,Asia/Jakarta,"BMKG representative point: Hegarmanah, Kecamatan Jatinangor",23-09-2026,METEOFRANCE,Open-Meteo / Meteo-France,15:00,2026-09-23 15:00:00,32.2,55.0,0.4,5.8,0.0,1.4381,Hujan Ringan,wmo:51
jatinangor,"Jatinangor, Sumedang",2026-09-23,32.11.15.2002,Hegarmanah,kecamatan,yes,-6.938,107.7556,Asia/Jakarta,"BMKG representative point: Hegarmanah, Kecamatan Jatinangor",23-09-2026,METEOFRANCE,Open-Meteo / Meteo-France,16:00,2026-09-23 16:00:00,31.1,61.0,0.8,3.1,0.0,1.4381,Hujan Ringan,wmo:53
jatinangor,"Jatinangor, Sumedang",2026-09-23,32.11.15.2002,Hegarmanah,kecamatan,yes,-6.938,107.7556,Asia/Jakarta,"BMKG representative point: Hegarmanah, Kecamatan Jatinangor",23-09-2026,METEOFRANCE,Open-Meteo / Meteo-France,17:00,2026-09-23 17:00:00,30.1,68.0,0.9,0.7,0.0,1.4381,Hujan Ringan,wmo:53
jatinangor,"Jatinangor, Sumedang",2026-09-23,32.11.15.2002,Hegarmanah,kecamatan,yes,-6.938,107.7556,Asia/Jakarta,"BMKG representative point: Hegarmanah, Kecamatan Jatinangor",23-09-2026,METEOFRANCE,Open-Meteo / Meteo-France,18:00,2026-09-23 18:00:00,29.2,76.0,1.0,1.8,0.0,1.4381,Hujan Ringan,wmo:55
jatinangor,"Jatinangor, Sumedang",2026-09-23,32.11.15.2002,Hegarmanah,kecamatan,yes,-6.938,107.7556,Asia/Jakarta,"BMKG representative point: Hegarmanah, Kecamatan Jatinangor",23-09-2026,METEOFRANCE,Open-Meteo / Meteo-France,19:00,2026-09-23 19:00:00,28.4,82.0,0.6,3.8,0.0,1.4381,Hujan Ringan,wmo:53
jatinangor,"Jatinangor, Sumedang",2026-09-23,32.11.15.2002,Hegarmanah,kecamatan,yes,-6.938,107.7556,Asia/Jakarta,"BMKG representative point: Hegarmanah, Kecamatan Jatinangor",23-09-2026,METEOFRANCE,Open-Meteo / Meteo-France,20:00,2026-09-23 20:00:00,27.8,81.0,0.4,4.2,0.0,1.4381,Hujan Ringan,wmo:51
jatinangor,"Jatinangor, Sumedang",2026-09-23,32.11.15.2002,Hegarmanah,kecamatan,yes,-6.938,107.7556,Asia/Jakarta,"BMKG representative point: Hegarmanah, Kecamatan Jatinangor",23-09-2026,METEOFRANCE,Open-Meteo / Meteo-France,21:00,2026-09-23 21:00:00,27.2,83.0,0.2,4.0,0.0,1.4381,Hujan Ringan,wmo:51
jatinangor,"Jatinangor, Sumedang",2026-09-23,32.11.15.2002,Hegarmanah,kecamatan,yes,-6.938,107.7556,Asia/Jakarta,"BMKG representative point: Hegarmanah, Kecamatan Jatinangor",23-09-2026,METEOFRANCE,Open-Meteo / Meteo-France,22:00,2026-09-23 22:00:00,26.7,84.0,0.0,3.2,0.0,1.4381,Cerah Berawan,wmo:2
jatinangor,"Jatinangor, Sumedang",2026-09-23,32.11.15.2002,Hegarmanah,kecamatan,yes,-6.938,107.7556,Asia/Jakarta,"BMKG representative point: Hegarmanah, Kecamatan Jatinangor",23-09-2026,METEOFRANCE,Open-Meteo / Meteo-France,23:00,2026-09-23 23:00:00,26.4,85.0,0.0,2.3,0.0,1.4381,Cerah Berawan,wmo:2
jatinangor,"Jatinangor, Sumedang",2026-09-23,32.11.15.2002,Hegarmanah,kecamatan,yes,-6.938,107.7556,Asia/Jakarta,"BMKG representative point: Hegarmanah, Kecamatan Jatinangor",23-09-2026,METNO,MET Norway,00:00,2026-09-23 00:00:00,20.5,93.2,0.0,3.6,0.0,1.3448,Cerah Berawan,partlycloudy_night
jatinangor,"Jatinangor, Sumedang",2026-09-23,32.11.15.2002,Hegarmanah,kecamatan,yes,-6.938,107.7556,Asia/Jakarta,"BMKG representative point: Hegarmanah, Kecamatan Jatinangor",23-09-2026,METNO,MET Norway,01:00,2026-09-23 01:00:00,20.0,95.8,0.0,2.52,0.0,1.3448,Berawan,cloudy
jatinangor,"Jatinangor, Sumedang",2026-09-23,32.11.15.2002,Hegarmanah,kecamatan,yes,-6.938,107.7556,Asia/Jakarta,"BMKG representative point: Hegarmanah, Kecamatan Jatinangor",23-09-2026,METNO,MET Norway,02:00,2026-09-23 02:00:00,19.6,97.7,0.0,2.88,0.0,1.3448,Berawan,fog
jatinangor,"Jatinangor, Sumedang",2026-09-23,32.11.15.2002,Hegarmanah,kecamatan,yes,-6.938,107.7556,Asia/Jakarta,"BMKG representative point: Hegarmanah, Kecamatan Jatinangor",23-09-2026,METNO,MET Norway,03:00,2026-09-23 03:00:00,19.1,98.8,0.0,3.24,0.0,1.3448,Berawan,fog
jatinangor,"Jatinangor, Sumedang",2026-09-23,32.11.15.2002,Hegarmanah,kecamatan,yes,-6.938,107.7556,Asia/Jakarta,"BMKG representative point: Hegarmanah, Kecamatan Jatinangor",23-09-2026,METNO,MET Norway,04:00,2026-09-23 04:00:00,18.7,99.6,0.0,3.96,0.0,1.3448,Berawan,fog
jatinangor,"Jatinangor, Sumedang",2026-09-23,32.11.15.2002,Hegarmanah,kecamatan,yes,-6.938,107.7556,Asia/Jakarta,"BMKG representative point: Hegarmanah, Kecamatan Jatinangor",23-09-2026,METNO,MET Norway,05:00,2026-09-23 05:00:00,18.6,99.4,0.0,5.04,0.0,1.3448,Berawan,fog
jatinangor,"Jatinangor, Sumedang",2026-09-23,32.11.15.2002,Hegarmanah,kecamatan,yes,-6.938,107.7556,Asia/Jakarta,"BMKG representative point: Hegarmanah, Kecamatan Jatinangor",23-09-2026,METNO,MET Norway,06:00,2026-09-23 06:00:00,18.6,99.2,0.0,5.76,0.0,1.3448,Berawan,fog
jatinangor,"Jatinangor, Sumedang",2026-09-23,32.11.15.2002,Hegarmanah,kecamatan,yes,-6.938,107.7556,Asia/Jakarta,"BMKG representative point: Hegarmanah, Kecamatan Jatinangor",23-09-2026,METNO,MET Norway,07:00,2026-09-23 07:00:00,20.4,94.6,0.0,5.04,0.0,1.3448,Berawan,fog
jatinangor,"Jatinangor, Sumedang",2026-09-23,32.11.15.2002,Hegarmanah,kecamatan,yes,-6.938,107.7556,Asia/Jakarta,"BMKG representative point: Hegarmanah, Kecamatan Jatinangor",23-09-2026,METNO,MET Norway,08:00,2026-09-23 08:00:00,23.7,75.0,0.0,3.6,0.0,1.3448,Cerah Berawan,partlycloudy_day
jatinangor,"Jatinangor, Sumedang",2026-09-23,32.11.15.2002,Hegarmanah,kecamatan,yes,-6.938,107.7556,Asia/Jakarta,"BMKG representative point: Hegarmanah, Kecamatan Jatinangor",23-09-2026,METNO,MET Norway,09:00,2026-09-23 09:00:00,26.3,64.9,0.0,5.04,0.0,1.3448,Cerah Berawan,partlycloudy_day
jatinangor,"Jatinangor, Sumedang",2026-09-23,32.11.15.2002,Hegarmanah,kecamatan,yes,-6.938,107.7556,Asia/Jakarta,"BMKG representative point: Hegarmanah, Kecamatan Jatinangor",23-09-2026,METNO,MET Norway,10:00,2026-09-23 10:00:00,28.3,57.6,0.2,7.92,0.0,1.3448,Hujan Ringan,lightrainshowers_day
jatinangor,"Jatinangor, Sumedang",2026-09-23,32.11.15.2002,Hegarmanah,kecamatan,yes,-6.938,107.7556,Asia/Jakarta,"BMKG representative point: Hegarmanah, Kecamatan Jatinangor",23-09-2026,METNO,MET Norway,11:00,2026-09-23 11:00:00,29.1,55.0,0.5,7.92,0.0,1.3448,Hujan Ringan,rainshowers_day
jatinangor,"Jatinangor, Sumedang",2026-09-23,32.11.15.2002,Hegarmanah,kecamatan,yes,-6.938,107.7556,Asia/Jakarta,"BMKG representative point: Hegarmanah, Kecamatan Jatinangor",23-09-2026,METNO,MET Norway,12:00,2026-09-23 12:00:00,29.2,56.3,0.7,7.56,0.0,1.3448,Hujan Ringan,rainshowers_day
jatinangor,"Jatinangor, Sumedang",2026-09-23,32.11.15.2002,Hegarmanah,kecamatan,yes,-6.938,107.7556,Asia/Jakarta,"BMKG representative point: Hegarmanah, Kecamatan Jatinangor",23-09-2026,METNO,MET Norway,13:00,2026-09-23 13:00:00,28.7,59.4,0.8,9.36,0.0,1.3448,Hujan Ringan,rainshowers_day
jatinangor,"Jatinangor, Sumedang",2026-09-23,32.11.15.2002,Hegarmanah,kecamatan,yes,-6.938,107.7556,Asia/Jakarta,"BMKG representative point: Hegarmanah, Kecamatan Jatinangor",23-09-2026,METNO,MET Norway,14:00,2026-09-23 14:00:00,28.0,63.1,0.6,9.0,0.0,1.3448,Hujan Ringan,rainshowers_day
jatinangor,"Jatinangor, Sumedang",2026-09-23,32.11.15.2002,Hegarmanah,kecamatan,yes,-6.938,107.7556,Asia/Jakarta,"BMKG representative point: Hegarmanah, Kecamatan Jatinangor",23-09-2026,METNO,MET Norway,15:00,2026-09-23 15:00:00,27.7,60.0,0.5,9.72,0.0,1.3448,Hujan Ringan,rainshowers_day
jatinangor,"Jatinangor, Sumedang",2026-09-23,32.11.15.2002,Hegarmanah,kecamatan,yes,-6.938,107.7556,Asia/Jakarta,"BMKG representative point: Hegarmanah, Kecamatan Jatinangor",23-09-2026,METNO,MET Norway,16:00,2026-09-23 16:00:00,25.8,73.7,0.0,7.92,0.0,1.3448,Cerah Berawan,partlycloudy_day
jatinangor,"Jatinangor, Sumedang",2026-09-23,32.11.15.2002,Hegarmanah,kecamatan,yes,-6.938,107.7556,Asia/Jakarta,"BMKG representative point: Hegarmanah, Kecamatan Jatinangor",23-09-2026,METNO,MET Norway,17:00,2026-09-23 17:00:00,24.7,79.3,0.0,9.72,0.0,1.3448,Cerah Berawan,fair_day
jatinangor,"Jatinangor, Sumedang",2026-09-23,32.11.15.2002,Hegarmanah,kecamatan,yes,-6.938,107.7556,Asia/Jakarta,"BMKG representative point: Hegarmanah, Kecamatan Jatinangor",23-09-2026,METNO,MET Norway,18:00,2026-09-23 18:00:00,23.0,90.8,0.0,6.84,0.0,1.3448,Cerah Berawan,fair_night
jatinangor,"Jatinangor, Sumedang",2026-09-23,32.11.15.2002,Hegarmanah,kecamatan,yes,-6.938,107.7556,Asia/Jakarta,"BMKG representative point: Hegarmanah, Kecamatan Jatinangor",23-09-2026,METNO,MET Norway,19:00,2026-09-23 19:00:00,22.3,94.4,0.0,4.68,0.0,1.3448,Cerah Berawan,fair_night
jatinangor,"Jatinangor, Sumedang",2026-09-23,32.11.15.2002,Hegarmanah,kecamatan,yes,-6.938,107.7556,Asia/Jakarta,"BMKG representative point: Hegarmanah, Kecamatan Jatinangor",23-09-2026,METNO,MET Norway,20:00,2026-09-23 20:00:00,21.8,96.1,0.0,3.24,0.0,1.3448,Cerah Berawan,partlycloudy_night
jatinangor,"Jatinangor, Sumedang",2026-09-23,32.11.15.2002,Hegarmanah,kecamatan,yes,-6.938,107.7556,Asia/Jakarta,"BMKG representative point: Hegarmanah, Kecamatan Jatinangor",23-09-2026,METNO,MET Norway,21:00,2026-09-23 21:00:00,21.5,96.8,0.0,3.6,0.0,1.3448,Cerah Berawan,partlycloudy_night
jatinangor,"Jatinangor, Sumedang",2026-09-23,32.11.15.2002,Hegarmanah,kecamatan,yes,-6.938,107.7556,Asia/Jakarta,"BMKG representative point: Hegarmanah, Kecamatan Jatinangor",23-09-2026,METNO,MET Norway,22:00,2026-09-23 22:00:00,21.0,97.8,0.0,3.96,0.0,1.3448,Berawan,cloudy
jatinangor,"Jatinangor, Sumedang",2026-09-23,32.11.15.2002,Hegarmanah,kecamatan,yes,-6.938,107.7556,Asia/Jakarta,"BMKG representative point: Hegarmanah, Kecamatan Jatinangor",23-09-2026,METNO,MET Norway,23:00,2026-09-23 23:00:00,20.6,98.2,0.0,3.96,0.0,1.3448,Berawan,fog
jatinangor,"Jatinangor, Sumedang",2026-09-23,32.11.15.2002,Hegarmanah,kecamatan,yes,-6.938,107.7556,Asia/Jakarta,"BMKG representative point: Hegarmanah, Kecamatan Jatinangor",23-09-2026,UKMO,Open-Meteo / UK Met Office,00:00,2026-09-23 00:00:00,20.1,100,0.0,2.2,0.0,1.3224,Berawan,wmo:45
jatinangor,"Jatinangor, Sumedang",2026-09-23,32.11.15.2002,Hegarmanah,kecamatan,yes,-6.938,107.7556,Asia/Jakarta,"BMKG representative point: Hegarmanah, Kecamatan Jatinangor",23-09-2026,UKMO,Open-Meteo / UK Met Office,01:00,2026-09-23 01:00:00,20.1,100,0.0,2.2,0.0,1.3224,Berawan,wmo:45
jatinangor,"Jatinangor, Sumedang",2026-09-23,32.11.15.2002,Hegarmanah,kecamatan,yes,-6.938,107.7556,Asia/Jakarta,"BMKG representative point: Hegarmanah, Kecamatan Jatinangor",23-09-2026,UKMO,Open-Meteo / UK Met Office,02:00,2026-09-23 02:00:00,19.5,99.0,0.0,1.8,0.0,1.3224,Berawan,wmo:3
jatinangor,"Jatinangor, Sumedang",2026-09-23,32.11.15.2002,Hegarmanah,kecamatan,yes,-6.938,107.7556,Asia/Jakarta,"BMKG representative point: Hegarmanah, Kecamatan Jatinangor",23-09-2026,UKMO,Open-Meteo / UK Met Office,03:00,2026-09-23 03:00:00,19.4,98.0,0.0,1.4,0.0,1.3224,Berawan,wmo:3
jatinangor,"Jatinangor, Sumedang",2026-09-23,32.11.15.2002,Hegarmanah,kecamatan,yes,-6.938,107.7556,Asia/Jakarta,"BMKG representative point: Hegarmanah, Kecamatan Jatinangor",23-09-2026,UKMO,Open-Meteo / UK Met Office,04:00,2026-09-23 04:00:00,19.3,93.0,0.0,2.2,0.0,1.3224,Cerah,wmo:0
jatinangor,"Jatinangor, Sumedang",2026-09-23,32.11.15.2002,Hegarmanah,kecamatan,yes,-6.938,107.7556,Asia/Jakarta,"BMKG representative point: Hegarmanah, Kecamatan Jatinangor",23-09-2026,UKMO,Open-Meteo / UK Met Office,05:00,2026-09-23 05:00:00,17.6,97.0,0.0,1.8,0.0,1.3224,Cerah,wmo:0
jatinangor,"Jatinangor, Sumedang",2026-09-23,32.11.15.2002,Hegarmanah,kecamatan,yes,-6.938,107.7556,Asia/Jakarta,"BMKG representative point: Hegarmanah, Kecamatan Jatinangor",23-09-2026,UKMO,Open-Meteo / UK Met Office,06:00,2026-09-23 06:00:00,17.9,97.0,0.0,1.8,0.0,1.3224,Cerah,wmo:0
jatinangor,"Jatinangor, Sumedang",2026-09-23,32.11.15.2002,Hegarmanah,kecamatan,yes,-6.938,107.7556,Asia/Jakarta,"BMKG representative point: Hegarmanah, Kecamatan Jatinangor",23-09-2026,UKMO,Open-Meteo / UK Met Office,07:00,2026-09-23 07:00:00,20.6,89.0,0.0,1.1,0.0,1.3224,Cerah,wmo:0
jatinangor,"Jatinangor, Sumedang",2026-09-23,32.11.15.2002,Hegarmanah,kecamatan,yes,-6.938,107.7556,Asia/Jakarta,"BMKG representative point: Hegarmanah, Kecamatan Jatinangor",23-09-2026,UKMO,Open-Meteo / UK Met Office,08:00,2026-09-23 08:00:00,22.9,80.0,0.0,2.5,0.0,1.3224,Cerah,wmo:0
jatinangor,"Jatinangor, Sumedang",2026-09-23,32.11.15.2002,Hegarmanah,kecamatan,yes,-6.938,107.7556,Asia/Jakarta,"BMKG representative point: Hegarmanah, Kecamatan Jatinangor",23-09-2026,UKMO,Open-Meteo / UK Met Office,09:00,2026-09-23 09:00:00,25.4,68.0,0.0,2.5,0.0,1.3224,Cerah,wmo:0
jatinangor,"Jatinangor, Sumedang",2026-09-23,32.11.15.2002,Hegarmanah,kecamatan,yes,-6.938,107.7556,Asia/Jakarta,"BMKG representative point: Hegarmanah, Kecamatan Jatinangor",23-09-2026,UKMO,Open-Meteo / UK Met Office,10:00,2026-09-23 10:00:00,27.7,55.0,0.0,2.5,0.0,1.3224,Cerah Berawan,wmo:1
jatinangor,"Jatinangor, Sumedang",2026-09-23,32.11.15.2002,Hegarmanah,kecamatan,yes,-6.938,107.7556,Asia/Jakarta,"BMKG representative point: Hegarmanah, Kecamatan Jatinangor",23-09-2026,UKMO,Open-Meteo / UK Met Office,11:00,2026-09-23 11:00:00,29.5,45.0,0.0,2.9,0.0,1.3224,Cerah Berawan,wmo:1
jatinangor,"Jatinangor, Sumedang",2026-09-23,32.11.15.2002,Hegarmanah,kecamatan,yes,-6.938,107.7556,Asia/Jakarta,"BMKG representative point: Hegarmanah, Kecamatan Jatinangor",23-09-2026,UKMO,Open-Meteo / UK Met Office,12:00,2026-09-23 12:00:00,30.6,40.0,0.0,3.6,0.0,1.3224,Cerah Berawan,wmo:1
jatinangor,"Jatinangor, Sumedang",2026-09-23,32.11.15.2002,Hegarmanah,kecamatan,yes,-6.938,107.7556,Asia/Jakarta,"BMKG representative point: Hegarmanah, Kecamatan Jatinangor",23-09-2026,UKMO,Open-Meteo / UK Met Office,13:00,2026-09-23 13:00:00,31.7,37.0,0.0,6.8,0.0,1.3224,Berawan,wmo:3
jatinangor,"Jatinangor, Sumedang",2026-09-23,32.11.15.2002,Hegarmanah,kecamatan,yes,-6.938,107.7556,Asia/Jakarta,"BMKG representative point: Hegarmanah, Kecamatan Jatinangor",23-09-2026,UKMO,Open-Meteo / UK Met Office,14:00,2026-09-23 14:00:00,30.1,42.0,0.0,8.6,0.0,1.3224,Berawan,wmo:3
jatinangor,"Jatinangor, Sumedang",2026-09-23,32.11.15.2002,Hegarmanah,kecamatan,yes,-6.938,107.7556,Asia/Jakarta,"BMKG representative point: Hegarmanah, Kecamatan Jatinangor",23-09-2026,UKMO,Open-Meteo / UK Met Office,15:00,2026-09-23 15:00:00,30.5,42.0,0.0,7.6,0.0,1.3224,Cerah Berawan,wmo:2
jatinangor,"Jatinangor, Sumedang",2026-09-23,32.11.15.2002,Hegarmanah,kecamatan,yes,-6.938,107.7556,Asia/Jakarta,"BMKG representative point: Hegarmanah, Kecamatan Jatinangor",23-09-2026,UKMO,Open-Meteo / UK Met Office,16:00,2026-09-23 16:00:00,27.2,60.0,0.3,14.4,0.0,1.3224,Hujan Ringan,wmo:51
jatinangor,"Jatinangor, Sumedang",2026-09-23,32.11.15.2002,Hegarmanah,kecamatan,yes,-6.938,107.7556,Asia/Jakarta,"BMKG representative point: Hegarmanah, Kecamatan Jatinangor",23-09-2026,UKMO,Open-Meteo / UK Met Office,17:00,2026-09-23 17:00:00,27.0,60.0,0.0,11.2,0.0,1.3224,Cerah,wmo:0
jatinangor,"Jatinangor, Sumedang",2026-09-23,32.11.15.2002,Hegarmanah,kecamatan,yes,-6.938,107.7556,Asia/Jakarta,"BMKG representative point: Hegarmanah, Kecamatan Jatinangor",23-09-2026,UKMO,Open-Meteo / UK Met Office,18:00,2026-09-23 18:00:00,24.9,75.0,0.0,13.0,0.0,1.3224,Cerah,wmo:0
jatinangor,"Jatinangor, Sumedang",2026-09-23,32.11.15.2002,Hegarmanah,kecamatan,yes,-6.938,107.7556,Asia/Jakarta,"BMKG representative point: Hegarmanah, Kecamatan Jatinangor",23-09-2026,UKMO,Open-Meteo / UK Met Office,19:00,2026-09-23 19:00:00,23.3,86.0,0.0,7.2,0.0,1.3224,Cerah Berawan,wmo:1
jatinangor,"Jatinangor, Sumedang",2026-09-23,32.11.15.2002,Hegarmanah,kecamatan,yes,-6.938,107.7556,Asia/Jakarta,"BMKG representative point: Hegarmanah, Kecamatan Jatinangor",23-09-2026,UKMO,Open-Meteo / UK Met Office,20:00,2026-09-23 20:00:00,22.6,91.0,0.0,6.5,0.0,1.3224,Cerah,wmo:0
jatinangor,"Jatinangor, Sumedang",2026-09-23,32.11.15.2002,Hegarmanah,kecamatan,yes,-6.938,107.7556,Asia/Jakarta,"BMKG representative point: Hegarmanah, Kecamatan Jatinangor",23-09-2026,UKMO,Open-Meteo / UK Met Office,21:00,2026-09-23 21:00:00,21.8,97.0,0.0,6.1,0.0,1.3224,Cerah Berawan,wmo:2
jatinangor,"Jatinangor, Sumedang",2026-09-23,32.11.15.2002,Hegarmanah,kecamatan,yes,-6.938,107.7556,Asia/Jakarta,"BMKG representative point: Hegarmanah, Kecamatan Jatinangor",23-09-2026,UKMO,Open-Meteo / UK Met Office,22:00,2026-09-23 22:00:00,21.6,98.0,0.0,5.0,0.0,1.3224,Berawan,wmo:3
jatinangor,"Jatinangor, Sumedang",2026-09-23,32.11.15.2002,Hegarmanah,kecamatan,yes,-6.938,107.7556,Asia/Jakarta,"BMKG representative point: Hegarmanah, Kecamatan Jatinangor",23-09-2026,UKMO,Open-Meteo / UK Met Office,23:00,2026-09-23 23:00:00,20.9,100,0.0,4.0,0.0,1.3224,Berawan,wmo:3
jatinangor,"Jatinangor, Sumedang",2026-09-24,32.11.15.2002,Hegarmanah,kecamatan,yes,-6.938,107.7556,Asia/Jakarta,"BMKG representative point: Hegarmanah, Kecamatan Jatinangor",24-09-2026,BMKG,BMKG,00:00,2026-09-24 01:00:00,21.0,96.0,0.0,0.8,60.0,1.2518,Berawan,Berawan
jatinangor,"Jatinangor, Sumedang",2026-09-24,32.11.15.2002,Hegarmanah,kecamatan,yes,-6.938,107.7556,Asia/Jakarta,"BMKG representative point: Hegarmanah, Kecamatan Jatinangor",24-09-2026,BMKG,BMKG,01:00,2026-09-24 01:00:00,21.0,96.0,0.0,0.8,0.0,1.6691,Berawan,Berawan
jatinangor,"Jatinangor, Sumedang",2026-09-24,32.11.15.2002,Hegarmanah,kecamatan,yes,-6.938,107.7556,Asia/Jakarta,"BMKG representative point: Hegarmanah, Kecamatan Jatinangor",24-09-2026,BMKG,BMKG,02:00,2026-09-24 01:00:00,21.0,96.0,0.0,0.8,60.0,1.2518,Berawan,Berawan
jatinangor,"Jatinangor, Sumedang",2026-09-24,32.11.15.2002,Hegarmanah,kecamatan,yes,-6.938,107.7556,Asia/Jakarta,"BMKG representative point: Hegarmanah, Kecamatan Jatinangor",24-09-2026,BMKG,BMKG,03:00,2026-09-24 04:00:00,20.0,96.0,0.0,1.5,60.0,1.2518,Cerah Berawan,Cerah Berawan
jatinangor,"Jatinangor, Sumedang",2026-09-24,32.11.15.2002,Hegarmanah,kecamatan,yes,-6.938,107.7556,Asia/Jakarta,"BMKG representative point: Hegarmanah, Kecamatan Jatinangor",24-09-2026,BMKG,BMKG,04:00,2026-09-24 04:00:00,20.0,96.0,0.0,1.5,0.0,1.6691,Cerah Berawan,Cerah Berawan
jatinangor,"Jatinangor, Sumedang",2026-09-24,32.11.15.2002,Hegarmanah,kecamatan,yes,-6.938,107.7556,Asia/Jakarta,"BMKG representative point: Hegarmanah, Kecamatan Jatinangor",24-09-2026,BMKG,BMKG,05:00,2026-09-24 04:00:00,20.0,96.0,0.0,1.5,60.0,1.2518,Cerah Berawan,Cerah Berawan
jatinangor,"Jatinangor, Sumedang",2026-09-24,32.11.15.2002,Hegarmanah,kecamatan,yes,-6.938,107.7556,Asia/Jakarta,"BMKG representative point: Hegarmanah, Kecamatan Jatinangor",24-09-2026,BMKG,BMKG,06:00,2026-09-24 07:00:00,23.0,78.0,0.0,1.7,60.0,1.2518,Berawan,Berawan
jatinangor,"Jatinangor, Sumedang",2026-09-24,32.11.15.2002,Hegarmanah,kecamatan,yes,-6.938,107.7556,Asia/Jakarta,"BMKG representative point: Hegarmanah, Kecamatan Jatinangor",24-09-2026,BMKG,BMKG,07:00,2026-09-24 07:00:00,23.0,78.0,0.0,1.7,0.0,1.6691,Berawan,Berawan
jatinangor,"Jatinangor, Sumedang",2026-09-24,32.11.15.2002,Hegarmanah,kecamatan,yes,-6.938,107.7556,Asia/Jakarta,"BMKG representative point: Hegarmanah, Kecamatan Jatinangor",24-09-2026,BMKG,BMKG,08:00,2026-09-24 07:00:00,23.0,78.0,0.0,1.7,60.0,1.2518,Berawan,Berawan
jatinangor,"Jatinangor, Sumedang",2026-09-24,32.11.15.2002,Hegarmanah,kecamatan,yes,-6.938,107.7556,Asia/Jakarta,"BMKG representative point: Hegarmanah, Kecamatan Jatinangor",24-09-2026,BMKG,BMKG,09:00,2026-09-24 10:00:00,28.0,51.0,0.0,8.2,60.0,1.2518,Berawan,Berawan
jatinangor,"Jatinangor, Sumedang",2026-09-24,32.11.15.2002,Hegarmanah,kecamatan,yes,-6.938,107.7556,Asia/Jakarta,"BMKG representative point: Hegarmanah, Kecamatan Jatinangor",24-09-2026,BMKG,BMKG,10:00,2026-09-24 10:00:00,28.0,51.0,0.0,8.2,0.0,1.6691,Berawan,Berawan
jatinangor,"Jatinangor, Sumedang",2026-09-24,32.11.15.2002,Hegarmanah,kecamatan,yes,-6.938,107.7556,Asia/Jakarta,"BMKG representative point: Hegarmanah, Kecamatan Jatinangor",24-09-2026,BMKG,BMKG,11:00,2026-09-24 10:00:00,28.0,51.0,0.0,8.2,60.0,1.2518,Berawan,Berawan
jatinangor,"Jatinangor, Sumedang",2026-09-24,32.11.15.2002,Hegarmanah,kecamatan,yes,-6.938,107.7556,Asia/Jakarta,"BMKG representative point: Hegarmanah, Kecamatan Jatinangor",24-09-2026,BMKG,BMKG,12:00,2026-09-24 13:00:00,28.0,57.0,0.0,8.2,60.0,1.2518,Cerah Berawan,Cerah Berawan
jatinangor,"Jatinangor, Sumedang",2026-09-24,32.11.15.2002,Hegarmanah,kecamatan,yes,-6.938,107.7556,Asia/Jakarta,"BMKG representative point: Hegarmanah, Kecamatan Jatinangor",24-09-2026,BMKG,BMKG,13:00,2026-09-24 13:00:00,28.0,57.0,0.0,8.2,0.0,1.6691,Cerah Berawan,Cerah Berawan
jatinangor,"Jatinangor, Sumedang",2026-09-24,32.11.15.2002,Hegarmanah,kecamatan,yes,-6.938,107.7556,Asia/Jakarta,"BMKG representative point: Hegarmanah, Kecamatan Jatinangor",24-09-2026,BMKG,BMKG,14:00,2026-09-24 13:00:00,28.0,57.0,0.0,8.2,60.0,1.2518,Cerah Berawan,Cerah Berawan
jatinangor,"Jatinangor, Sumedang",2026-09-24,32.11.15.2002,Hegarmanah,kecamatan,yes,-6.938,107.7556,Asia/Jakarta,"BMKG representative point: Hegarmanah, Kecamatan Jatinangor",24-09-2026,BMKG,BMKG,15:00,2026-09-24 16:00:00,28.0,56.0,0.0,0.5,60.0,1.2518,Cerah,Cerah
jatinangor,"Jatinangor, Sumedang",2026-09-24,32.11.15.2002,Hegarmanah,kecamatan,yes,-6.938,107.7556,Asia/Jakarta,"BMKG representative point: Hegarmanah, Kecamatan Jatinangor",24-09-2026,BMKG,BMKG,16:00,2026-09-24 16:00:00,28.0,56.0,0.0,0.5,0.0,1.6691,Cerah,Cerah
jatinangor,"Jatinangor, Sumedang",2026-09-24,32.11.15.2002,Hegarmanah,kecamatan,yes,-6.938,107.7556,Asia/Jakarta,"BMKG representative point: Hegarmanah, Kecamatan Jatinangor",24-09-2026,BMKG,BMKG,17:00,2026-09-24 16:00:00,28.0,56.0,0.0,0.5,60.0,1.2518,Cerah,Cerah
jatinangor,"Jatinangor, Sumedang",2026-09-24,32.11.15.2002,Hegarmanah,kecamatan,yes,-6.938,107.7556,Asia/Jakarta,"BMKG representative point: Hegarmanah, Kecamatan Jatinangor",24-09-2026,BMKG,BMKG,18:00,2026-09-24 19:00:00,24.0,77.0,0.0,0.5,60.0,1.2518,Cerah,Cerah
jatinangor,"Jatinangor, Sumedang",2026-09-24,32.11.15.2002,Hegarmanah,kecamatan,yes,-6.938,107.7556,Asia/Jakarta,"BMKG representative point: Hegarmanah, Kecamatan Jatinangor",24-09-2026,BMKG,BMKG,19:00,2026-09-24 19:00:00,24.0,77.0,0.0,0.5,0.0,1.6691,Cerah,Cerah
jatinangor,"Jatinangor, Sumedang",2026-09-24,32.11.15.2002,Hegarmanah,kecamatan,yes,-6.938,107.7556,Asia/Jakarta,"BMKG representative point: Hegarmanah, Kecamatan Jatinangor",24-09-2026,BMKG,BMKG,20:00,2026-09-24 19:00:00,24.0,77.0,0.0,0.5,60.0,1.2518,Cerah,Cerah
jatinangor,"Jatinangor, Sumedang",2026-09-24,32.11.15.2002,Hegarmanah,kecamatan,yes,-6.938,107.7556,Asia/Jakarta,"BMKG representative point: Hegarmanah, Kecamatan Jatinangor",24-09-2026,BMKG,BMKG,21:00,2026-09-24 22:00:00,21.0,89.0,0.0,2.1,60.0,1.2518,Cerah,Cerah
jatinangor,"Jatinangor, Sumedang",2026-09-24,32.11.15.2002,Hegarmanah,kecamatan,yes,-6.938,107.7556,Asia/Jakarta,"BMKG representative point: Hegarmanah, Kecamatan Jatinangor",24-09-2026,BMKG,BMKG,22:00,2026-09-24 22:00:00,21.0,89.0,0.0,2.1,0.0,1.6691,Cerah,Cerah
jatinangor,"Jatinangor, Sumedang",2026-09-24,32.11.15.2002,Hegarmanah,kecamatan,yes,-6.938,107.7556,Asia/Jakarta,"BMKG representative point: Hegarmanah, Kecamatan Jatinangor",24-09-2026,BMKG,BMKG,23:00,2026-09-24 22:00:00,21.0,89.0,0.0,2.1,60.0,1.2518,Cerah,Cerah
jatinangor,"Jatinangor, Sumedang",2026-09-24,32.11.15.2002,Hegarmanah,kecamatan,yes,-6.938,107.7556,Asia/Jakarta,"BMKG representative point: Hegarmanah, Kecamatan Jatinangor",24-09-2026,CMA,Open-Meteo / CMA GRAPES,00:00,2026-09-24 00:00:00,21.8,89.0,0.0,1.6,0.0,1.1452,Cerah Berawan,wmo:2
jatinangor,"Jatinangor, Sumedang",2026-09-24,32.11.15.2002,Hegarmanah,kecamatan,yes,-6.938,107.7556,Asia/Jakarta,"BMKG representative point: Hegarmanah, Kecamatan Jatinangor",24-09-2026,CMA,Open-Meteo / CMA GRAPES,01:00,2026-09-24 01:00:00,21.5,88.0,0.0,1.1,0.0,1.1452,Cerah Berawan,wmo:2
jatinangor,"Jatinangor, Sumedang",2026-09-24,32.11.15.2002,Hegarmanah,kecamatan,yes,-6.938,107.7556,Asia/Jakarta,"BMKG representative point: Hegarmanah, Kecamatan Jatinangor",24-09-2026,CMA,Open-Meteo / CMA GRAPES,02:00,2026-09-24 02:00:00,21.2,88.0,0.0,0.8,0.0,1.1452,Cerah Berawan,wmo:2
jatinangor,"Jatinangor, Sumedang",2026-09-24,32.11.15.2002,Hegarmanah,kecamatan,yes,-6.938,107.7556,Asia/Jakarta,"BMKG representative point: Hegarmanah, Kecamatan Jatinangor",24-09-2026,CMA,Open-Meteo / CMA GRAPES,03:00,2026-09-24 03:00:00,21.0,88.0,0.0,1.8,0.0,1.1452,Cerah Berawan,wmo:2
jatinangor,"Jatinangor, Sumedang",2026-09-24,32.11.15.2002,Hegarmanah,kecamatan,yes,-6.938,107.7556,Asia/Jakarta,"BMKG representative point: Hegarmanah, Kecamatan Jatinangor",24-09-2026,CMA,Open-Meteo / CMA GRAPES,04:00,2026-09-24 04:00:00,21.0,87.0,0.0,2.7,0.0,1.1452,Cerah Berawan,wmo:2
jatinangor,"Jatinangor, Sumedang",2026-09-24,32.11.15.2002,Hegarmanah,kecamatan,yes,-6.938,107.7556,Asia/Jakarta,"BMKG representative point: Hegarmanah, Kecamatan Jatinangor",24-09-2026,CMA,Open-Meteo / CMA GRAPES,05:00,2026-09-24 05:00:00,21.2,85.0,0.0,4.2,0.0,1.1452,Cerah Berawan,wmo:2
jatinangor,"Jatinangor, Sumedang",2026-09-24,32.11.15.2002,Hegarmanah,kecamatan,yes,-6.938,107.7556,Asia/Jakarta,"BMKG representative point: Hegarmanah, Kecamatan Jatinangor",24-09-2026,CMA,Open-Meteo / CMA GRAPES,06:00,2026-09-24 06:00:00,21.7,82.0,0.0,5.2,0.0,1.1452,Berawan,wmo:3
jatinangor,"Jatinangor, Sumedang",2026-09-24,32.11.15.2002,Hegarmanah,kecamatan,yes,-6.938,107.7556,Asia/Jakarta,"BMKG representative point: Hegarmanah, Kecamatan Jatinangor",24-09-2026,CMA,Open-Meteo / CMA GRAPES,07:00,2026-09-24 07:00:00,22.4,77.0,0.0,5.5,0.0,1.1452,Berawan,wmo:3
jatinangor,"Jatinangor, Sumedang",2026-09-24,32.11.15.2002,Hegarmanah,kecamatan,yes,-6.938,107.7556,Asia/Jakarta,"BMKG representative point: Hegarmanah, Kecamatan Jatinangor",24-09-2026,CMA,Open-Meteo / CMA GRAPES,08:00,2026-09-24 08:00:00,23.6,69.0,0.0,5.2,0.0,1.1452,Cerah Berawan,wmo:2
jatinangor,"Jatinangor, Sumedang",2026-09-24,32.11.15.2002,Hegarmanah,kecamatan,yes,-6.938,107.7556,Asia/Jakarta,"BMKG representative point: Hegarmanah, Kecamatan Jatinangor",24-09-2026,CMA,Open-Meteo / CMA GRAPES,09:00,2026-09-24 09:00:00,25.0,58.0,0.0,7.2,0.0,1.1452,Cerah Berawan,wmo:1
jatinangor,"Jatinangor, Sumedang",2026-09-24,32.11.15.2002,Hegarmanah,kecamatan,yes,-6.938,107.7556,Asia/Jakarta,"BMKG representative point: Hegarmanah, Kecamatan Jatinangor",24-09-2026,CMA,Open-Meteo / CMA GRAPES,10:00,2026-09-24 10:00:00,26.4,50.0,0.0,9.8,0.0,1.1452,Cerah Berawan,wmo:1
jatinangor,"Jatinangor, Sumedang",2026-09-24,32.11.15.2002,Hegarmanah,kecamatan,yes,-6.938,107.7556,Asia/Jakarta,"BMKG representative point: Hegarmanah, Kecamatan Jatinangor",24-09-2026,CMA,Open-Meteo / CMA GRAPES,11:00,2026-09-24 11:00:00,27.7,44.0,0.0,10.8,0.0,1.1452,Cerah,wmo:0
jatinangor,"Jatinangor, Sumedang",2026-09-24,32.11.15.2002,Hegarmanah,kecamatan,yes,-6.938,107.7556,Asia/Jakarta,"BMKG representative point: Hegarmanah, Kecamatan Jatinangor",24-09-2026,CMA,Open-Meteo / CMA GRAPES,12:00,2026-09-24 12:00:00,28.9,40.0,0.0,11.8,0.0,1.1452,Cerah,wmo:0
jatinangor,"Jatinangor, Sumedang",2026-09-24,32.11.15.2002,Hegarmanah,kecamatan,yes,-6.938,107.7556,Asia/Jakarta,"BMKG representative point: Hegarmanah, Kecamatan Jatinangor",24-09-2026,CMA,Open-Meteo / CMA GRAPES,13:00,2026-09-24 13:00:00,29.6,39.0,0.0,12.9,0.0,1.1452,Cerah,wmo:0
jatinangor,"Jatinangor, Sumedang",2026-09-24,32.11.15.2002,Hegarmanah,kecamatan,yes,-6.938,107.7556,Asia/Jakarta,"BMKG representative point: Hegarmanah, Kecamatan Jatinangor",24-09-2026,CMA,Open-Meteo / CMA GRAPES,14:00,2026-09-24 14:00:00,29.6,42.0,0.0,14.0,0.0,1.1452,Cerah Berawan,wmo:1
jatinangor,"Jatinangor, Sumedang",2026-09-24,32.11.15.2002,Hegarmanah,kecamatan,yes,-6.938,107.7556,Asia/Jakarta,"BMKG representative point: Hegarmanah, Kecamatan Jatinangor",24-09-2026,CMA,Open-Meteo / CMA GRAPES,15:00,2026-09-24 15:00:00,29.0,47.0,0.0,14.8,0.0,1.1452,Cerah Berawan,wmo:2
jatinangor,"Jatinangor, Sumedang",2026-09-24,32.11.15.2002,Hegarmanah,kecamatan,yes,-6.938,107.7556,Asia/Jakarta,"BMKG representative point: Hegarmanah, Kecamatan Jatinangor",24-09-2026,CMA,Open-Meteo / CMA GRAPES,16:00,2026-09-24 16:00:00,28.1,54.0,0.0,15.0,0.0,1.1452,Berawan,wmo:3
jatinangor,"Jatinangor, Sumedang",2026-09-24,32.11.15.2002,Hegarmanah,kecamatan,yes,-6.938,107.7556,Asia/Jakarta,"BMKG representative point: Hegarmanah, Kecamatan Jatinangor",24-09-2026,CMA,Open-Meteo / CMA GRAPES,17:00,2026-09-24 17:00:00,26.9,63.0,0.0,14.4,0.0,1.1452,Berawan,wmo:3
jatinangor,"Jatinangor, Sumedang",2026-09-24,32.11.15.2002,Hegarmanah,kecamatan,yes,-6.938,107.7556,Asia/Jakarta,"BMKG representative point: Hegarmanah, Kecamatan Jatinangor",24-09-2026,CMA,Open-Meteo / CMA GRAPES,18:00,2026-09-24 18:00:00,25.4,73.0,0.0,12.9,0.0,1.1452,Berawan,wmo:3
jatinangor,"Jatinangor, Sumedang",2026-09-24,32.11.15.2002,Hegarmanah,kecamatan,yes,-6.938,107.7556,Asia/Jakarta,"BMKG representative point: Hegarmanah, Kecamatan Jatinangor",24-09-2026,CMA,Open-Meteo / CMA GRAPES,19:00,2026-09-24 19:00:00,24.1,82.0,0.0,10.8,0.0,1.1452,Berawan,wmo:3
jatinangor,"Jatinangor, Sumedang",2026-09-24,32.11.15.2002,Hegarmanah,kecamatan,yes,-6.938,107.7556,Asia/Jakarta,"BMKG representative point: Hegarmanah, Kecamatan Jatinangor",24-09-2026,CMA,Open-Meteo / CMA GRAPES,20:00,2026-09-24 20:00:00,23.2,88.0,0.0,7.1,0.0,1.1452,Berawan,wmo:3
jatinangor,"Jatinangor, Sumedang",2026-09-24,32.11.15.2002,Hegarmanah,kecamatan,yes,-6.938,107.7556,Asia/Jakarta,"BMKG representative point: Hegarmanah, Kecamatan Jatinangor",24-09-2026,CMA,Open-Meteo / CMA GRAPES,21:00,2026-09-24 21:00:00,22.4,92.0,0.0,2.7,0.0,1.1452,Cerah Berawan,wmo:2
jatinangor,"Jatinangor, Sumedang",2026-09-24,32.11.15.2002,Hegarmanah,kecamatan,yes,-6.938,107.7556,Asia/Jakarta,"BMKG representative point: Hegarmanah, Kecamatan Jatinangor",24-09-2026,CMA,Open-Meteo / CMA GRAPES,22:00,2026-09-24 22:00:00,21.9,94.0,0.0,0.8,0.0,1.1452,Cerah Berawan,wmo:2
jatinangor,"Jatinangor, Sumedang",2026-09-24,32.11.15.2002,Hegarmanah,kecamatan,yes,-6.938,107.7556,Asia/Jakarta,"BMKG representative point: Hegarmanah, Kecamatan Jatinangor",24-09-2026,CMA,Open-Meteo / CMA GRAPES,23:00,2026-09-24 23:00:00,21.7,94.0,0.0,1.5,0.0,1.1452,Cerah Berawan,wmo:2
jatinangor,"Jatinangor, Sumedang",2026-09-24,32.11.15.2002,Hegarmanah,kecamatan,yes,-6.938,107.7556,Asia/Jakarta,"BMKG representative point: Hegarmanah, Kecamatan Jatinangor",24-09-2026,ECMWF,Open-Meteo / ECMWF,00:00,2026-09-24 00:00:00,20.7,99.0,0.0,4.1,0.0,1.7351,Berawan,wmo:3
jatinangor,"Jatinangor, Sumedang",2026-09-24,32.11.15.2002,Hegarmanah,kecamatan,yes,-6.938,107.7556,Asia/Jakarta,"BMKG representative point: Hegarmanah, Kecamatan Jatinangor",24-09-2026,ECMWF,Open-Meteo / ECMWF,01:00,2026-09-24 01:00:00,20.3,99.0,0.0,4.4,0.0,1.7351,Berawan,wmo:3
jatinangor,"Jatinangor, Sumedang",2026-09-24,32.11.15.2002,Hegarmanah,kecamatan,yes,-6.938,107.7556,Asia/Jakarta,"BMKG representative point: Hegarmanah, Kecamatan Jatinangor",24-09-2026,ECMWF,Open-Meteo / ECMWF,02:00,2026-09-24 02:00:00,20.0,98.0,0.0,4.4,0.0,1.7351,Berawan,wmo:3
jatinangor,"Jatinangor, Sumedang",2026-09-24,32.11.15.2002,Hegarmanah,kecamatan,yes,-6.938,107.7556,Asia/Jakarta,"BMKG representative point: Hegarmanah, Kecamatan Jatinangor",24-09-2026,ECMWF,Open-Meteo / ECMWF,03:00,2026-09-24 03:00:00,19.8,96.0,0.0,4.4,0.0,1.7351,Berawan,wmo:3
jatinangor,"Jatinangor, Sumedang",2026-09-24,32.11.15.2002,Hegarmanah,kecamatan,yes,-6.938,107.7556,Asia/Jakarta,"BMKG representative point: Hegarmanah, Kecamatan Jatinangor",24-09-2026,ECMWF,Open-Meteo / ECMWF,04:00,2026-09-24 04:00:00,19.8,93.0,0.0,4.4,0.0,1.7351,Berawan,wmo:3
jatinangor,"Jatinangor, Sumedang",2026-09-24,32.11.15.2002,Hegarmanah,kecamatan,yes,-6.938,107.7556,Asia/Jakarta,"BMKG representative point: Hegarmanah, Kecamatan Jatinangor",24-09-2026,ECMWF,Open-Meteo / ECMWF,05:00,2026-09-24 05:00:00,19.9,91.0,0.0,4.0,0.0,1.7351,Berawan,wmo:3
jatinangor,"Jatinangor, Sumedang",2026-09-24,32.11.15.2002,Hegarmanah,kecamatan,yes,-6.938,107.7556,Asia/Jakarta,"BMKG representative point: Hegarmanah, Kecamatan Jatinangor",24-09-2026,ECMWF,Open-Meteo / ECMWF,06:00,2026-09-24 06:00:00,20.3,89.0,0.0,3.7,0.0,1.7351,Berawan,wmo:3
jatinangor,"Jatinangor, Sumedang",2026-09-24,32.11.15.2002,Hegarmanah,kecamatan,yes,-6.938,107.7556,Asia/Jakarta,"BMKG representative point: Hegarmanah, Kecamatan Jatinangor",24-09-2026,ECMWF,Open-Meteo / ECMWF,07:00,2026-09-24 07:00:00,21.2,84.0,0.0,3.3,0.0,1.7351,Berawan,wmo:3
jatinangor,"Jatinangor, Sumedang",2026-09-24,32.11.15.2002,Hegarmanah,kecamatan,yes,-6.938,107.7556,Asia/Jakarta,"BMKG representative point: Hegarmanah, Kecamatan Jatinangor",24-09-2026,ECMWF,Open-Meteo / ECMWF,08:00,2026-09-24 08:00:00,23.3,75.0,0.0,3.6,0.0,1.7351,Berawan,wmo:3
jatinangor,"Jatinangor, Sumedang",2026-09-24,32.11.15.2002,Hegarmanah,kecamatan,yes,-6.938,107.7556,Asia/Jakarta,"BMKG representative point: Hegarmanah, Kecamatan Jatinangor",24-09-2026,ECMWF,Open-Meteo / ECMWF,09:00,2026-09-24 09:00:00,26.0,64.0,0.0,4.0,0.0,1.7351,Cerah Berawan,wmo:2
jatinangor,"Jatinangor, Sumedang",2026-09-24,32.11.15.2002,Hegarmanah,kecamatan,yes,-6.938,107.7556,Asia/Jakarta,"BMKG representative point: Hegarmanah, Kecamatan Jatinangor",24-09-2026,ECMWF,Open-Meteo / ECMWF,10:00,2026-09-24 10:00:00,28.4,55.0,0.0,4.5,0.0,1.7351,Cerah Berawan,wmo:1
jatinangor,"Jatinangor, Sumedang",2026-09-24,32.11.15.2002,Hegarmanah,kecamatan,yes,-6.938,107.7556,Asia/Jakarta,"BMKG representative point: Hegarmanah, Kecamatan Jatinangor",24-09-2026,ECMWF,Open-Meteo / ECMWF,11:00,2026-09-24 11:00:00,30.1,48.0,0.0,4.3,0.0,1.7351,Cerah Berawan,wmo:1
jatinangor,"Jatinangor, Sumedang",2026-09-24,32.11.15.2002,Hegarmanah,kecamatan,yes,-6.938,107.7556,Asia/Jakarta,"BMKG representative point: Hegarmanah, Kecamatan Jatinangor",24-09-2026,ECMWF,Open-Meteo / ECMWF,12:00,2026-09-24 12:00:00,31.5,44.0,0.0,4.4,0.0,1.7351,Cerah Berawan,wmo:1
jatinangor,"Jatinangor, Sumedang",2026-09-24,32.11.15.2002,Hegarmanah,kecamatan,yes,-6.938,107.7556,Asia/Jakarta,"BMKG representative point: Hegarmanah, Kecamatan Jatinangor",24-09-2026,ECMWF,Open-Meteo / ECMWF,13:00,2026-09-24 13:00:00,32.2,41.0,0.0,4.3,0.0,1.7351,Cerah Berawan,wmo:1
jatinangor,"Jatinangor, Sumedang",2026-09-24,32.11.15.2002,Hegarmanah,kecamatan,yes,-6.938,107.7556,Asia/Jakarta,"BMKG representative point: Hegarmanah, Kecamatan Jatinangor",24-09-2026,ECMWF,Open-Meteo / ECMWF,14:00,2026-09-24 14:00:00,31.7,41.0,0.6,4.2,0.0,1.7351,Hujan Ringan,wmo:53
jatinangor,"Jatinangor, Sumedang",2026-09-24,32.11.15.2002,Hegarmanah,kecamatan,yes,-6.938,107.7556,Asia/Jakarta,"BMKG representative point: Hegarmanah, Kecamatan Jatinangor",24-09-2026,ECMWF,Open-Meteo / ECMWF,15:00,2026-09-24 15:00:00,30.4,43.0,0.6,3.8,0.0,1.7351,Hujan Ringan,wmo:53
jatinangor,"Jatinangor, Sumedang",2026-09-24,32.11.15.2002,Hegarmanah,kecamatan,yes,-6.938,107.7556,Asia/Jakarta,"BMKG representative point: Hegarmanah, Kecamatan Jatinangor",24-09-2026,ECMWF,Open-Meteo / ECMWF,16:00,2026-09-24 16:00:00,29.0,47.0,0.6,3.3,0.0,1.7351,Hujan Ringan,wmo:53
jatinangor,"Jatinangor, Sumedang",2026-09-24,32.11.15.2002,Hegarmanah,kecamatan,yes,-6.938,107.7556,Asia/Jakarta,"BMKG representative point: Hegarmanah, Kecamatan Jatinangor",24-09-2026,ECMWF,Open-Meteo / ECMWF,17:00,2026-09-24 17:00:00,27.7,53.0,0.0,2.5,0.0,1.7351,Cerah Berawan,wmo:1
jatinangor,"Jatinangor, Sumedang",2026-09-24,32.11.15.2002,Hegarmanah,kecamatan,yes,-6.938,107.7556,Asia/Jakarta,"BMKG representative point: Hegarmanah, Kecamatan Jatinangor",24-09-2026,ECMWF,Open-Meteo / ECMWF,18:00,2026-09-24 18:00:00,26.4,60.0,0.0,1.5,0.0,1.7351,Cerah Berawan,wmo:1
jatinangor,"Jatinangor, Sumedang",2026-09-24,32.11.15.2002,Hegarmanah,kecamatan,yes,-6.938,107.7556,Asia/Jakarta,"BMKG representative point: Hegarmanah, Kecamatan Jatinangor",24-09-2026,ECMWF,Open-Meteo / ECMWF,19:00,2026-09-24 19:00:00,25.1,67.0,0.0,0.8,0.0,1.7351,Cerah,wmo:0
jatinangor,"Jatinangor, Sumedang",2026-09-24,32.11.15.2002,Hegarmanah,kecamatan,yes,-6.938,107.7556,Asia/Jakarta,"BMKG representative point: Hegarmanah, Kecamatan Jatinangor",24-09-2026,ECMWF,Open-Meteo / ECMWF,20:00,2026-09-24 20:00:00,24.1,74.0,0.0,1.3,0.0,1.7351,Cerah Berawan,wmo:1
jatinangor,"Jatinangor, Sumedang",2026-09-24,32.11.15.2002,Hegarmanah,kecamatan,yes,-6.938,107.7556,Asia/Jakarta,"BMKG representative point: Hegarmanah, Kecamatan Jatinangor",24-09-2026,ECMWF,Open-Meteo / ECMWF,21:00,2026-09-24 21:00:00,23.1,81.0,0.0,2.5,0.0,1.7351,Cerah Berawan,wmo:2
jatinangor,"Jatinangor, Sumedang",2026-09-24,32.11.15.2002,Hegarmanah,kecamatan,yes,-6.938,107.7556,Asia/Jakarta,"BMKG representative point: Hegarmanah, Kecamatan Jatinangor",24-09-2026,ECMWF,Open-Meteo / ECMWF,22:00,2026-09-24 22:00:00,22.3,86.0,0.0,3.3,0.0,1.7351,Berawan,wmo:3
jatinangor,"Jatinangor, Sumedang",2026-09-24,32.11.15.2002,Hegarmanah,kecamatan,yes,-6.938,107.7556,Asia/Jakarta,"BMKG representative point: Hegarmanah, Kecamatan Jatinangor",24-09-2026,ECMWF,Open-Meteo / ECMWF,23:00,2026-09-24 23:00:00,21.7,90.0,0.0,3.6,0.0,1.7351,Berawan,wmo:3
jatinangor,"Jatinangor, Sumedang",2026-09-24,32.11.15.2002,Hegarmanah,kecamatan,yes,-6.938,107.7556,Asia/Jakarta,"BMKG representative point: Hegarmanah, Kecamatan Jatinangor",24-09-2026,GFS,Open-Meteo / NOAA GFS,00:00,2026-09-24 00:00:00,18.9,89.0,0.0,4.5,0.0,1.3914,Cerah,wmo:0
jatinangor,"Jatinangor, Sumedang",2026-09-24,32.11.15.2002,Hegarmanah,kecamatan,yes,-6.938,107.7556,Asia/Jakarta,"BMKG representative point: Hegarmanah, Kecamatan Jatinangor",24-09-2026,GFS,Open-Meteo / NOAA GFS,01:00,2026-09-24 01:00:00,18.6,90.0,0.0,3.9,0.0,1.3914,Berawan,wmo:3
jatinangor,"Jatinangor, Sumedang",2026-09-24,32.11.15.2002,Hegarmanah,kecamatan,yes,-6.938,107.7556,Asia/Jakarta,"BMKG representative point: Hegarmanah, Kecamatan Jatinangor",24-09-2026,GFS,Open-Meteo / NOAA GFS,02:00,2026-09-24 02:00:00,18.5,90.0,0.0,3.4,0.0,1.3914,Berawan,wmo:3
jatinangor,"Jatinangor, Sumedang",2026-09-24,32.11.15.2002,Hegarmanah,kecamatan,yes,-6.938,107.7556,Asia/Jakarta,"BMKG representative point: Hegarmanah, Kecamatan Jatinangor",24-09-2026,GFS,Open-Meteo / NOAA GFS,03:00,2026-09-24 03:00:00,18.4,91.0,0.0,3.7,0.0,1.3914,Berawan,wmo:3
jatinangor,"Jatinangor, Sumedang",2026-09-24,32.11.15.2002,Hegarmanah,kecamatan,yes,-6.938,107.7556,Asia/Jakarta,"BMKG representative point: Hegarmanah, Kecamatan Jatinangor",24-09-2026,GFS,Open-Meteo / NOAA GFS,04:00,2026-09-24 04:00:00,18.3,91.0,0.0,3.5,0.0,1.3914,Berawan,wmo:3
jatinangor,"Jatinangor, Sumedang",2026-09-24,32.11.15.2002,Hegarmanah,kecamatan,yes,-6.938,107.7556,Asia/Jakarta,"BMKG representative point: Hegarmanah, Kecamatan Jatinangor",24-09-2026,GFS,Open-Meteo / NOAA GFS,05:00,2026-09-24 05:00:00,18.2,91.0,0.0,3.8,0.0,1.3914,Berawan,wmo:3
jatinangor,"Jatinangor, Sumedang",2026-09-24,32.11.15.2002,Hegarmanah,kecamatan,yes,-6.938,107.7556,Asia/Jakarta,"BMKG representative point: Hegarmanah, Kecamatan Jatinangor",24-09-2026,GFS,Open-Meteo / NOAA GFS,06:00,2026-09-24 06:00:00,18.7,87.0,0.0,4.5,0.0,1.3914,Berawan,wmo:3
jatinangor,"Jatinangor, Sumedang",2026-09-24,32.11.15.2002,Hegarmanah,kecamatan,yes,-6.938,107.7556,Asia/Jakarta,"BMKG representative point: Hegarmanah, Kecamatan Jatinangor",24-09-2026,GFS,Open-Meteo / NOAA GFS,07:00,2026-09-24 07:00:00,21.8,72.0,0.0,4.2,0.0,1.3914,Cerah Berawan,wmo:2
jatinangor,"Jatinangor, Sumedang",2026-09-24,32.11.15.2002,Hegarmanah,kecamatan,yes,-6.938,107.7556,Asia/Jakarta,"BMKG representative point: Hegarmanah, Kecamatan Jatinangor",24-09-2026,GFS,Open-Meteo / NOAA GFS,08:00,2026-09-24 08:00:00,25.2,59.0,0.0,4.3,0.0,1.3914,Berawan,wmo:3
jatinangor,"Jatinangor, Sumedang",2026-09-24,32.11.15.2002,Hegarmanah,kecamatan,yes,-6.938,107.7556,Asia/Jakarta,"BMKG representative point: Hegarmanah, Kecamatan Jatinangor",24-09-2026,GFS,Open-Meteo / NOAA GFS,09:00,2026-09-24 09:00:00,28.4,48.0,0.0,4.9,0.0,1.3914,Berawan,wmo:3
jatinangor,"Jatinangor, Sumedang",2026-09-24,32.11.15.2002,Hegarmanah,kecamatan,yes,-6.938,107.7556,Asia/Jakarta,"BMKG representative point: Hegarmanah, Kecamatan Jatinangor",24-09-2026,GFS,Open-Meteo / NOAA GFS,10:00,2026-09-24 10:00:00,30.8,41.0,0.0,5.8,0.0,1.3914,Berawan,wmo:3
jatinangor,"Jatinangor, Sumedang",2026-09-24,32.11.15.2002,Hegarmanah,kecamatan,yes,-6.938,107.7556,Asia/Jakarta,"BMKG representative point: Hegarmanah, Kecamatan Jatinangor",24-09-2026,GFS,Open-Meteo / NOAA GFS,11:00,2026-09-24 11:00:00,32.3,36.0,0.0,7.9,0.0,1.3914,Berawan,wmo:3
jatinangor,"Jatinangor, Sumedang",2026-09-24,32.11.15.2002,Hegarmanah,kecamatan,yes,-6.938,107.7556,Asia/Jakarta,"BMKG representative point: Hegarmanah, Kecamatan Jatinangor",24-09-2026,GFS,Open-Meteo / NOAA GFS,12:00,2026-09-24 12:00:00,33.3,32.0,0.0,9.5,0.0,1.3914,Berawan,wmo:3
jatinangor,"Jatinangor, Sumedang",2026-09-24,32.11.15.2002,Hegarmanah,kecamatan,yes,-6.938,107.7556,Asia/Jakarta,"BMKG representative point: Hegarmanah, Kecamatan Jatinangor",24-09-2026,GFS,Open-Meteo / NOAA GFS,13:00,2026-09-24 13:00:00,34.2,30.0,0.0,12.1,0.0,1.3914,Berawan,wmo:3
jatinangor,"Jatinangor, Sumedang",2026-09-24,32.11.15.2002,Hegarmanah,kecamatan,yes,-6.938,107.7556,Asia/Jakarta,"BMKG representative point: Hegarmanah, Kecamatan Jatinangor",24-09-2026,GFS,Open-Meteo / NOAA GFS,14:00,2026-09-24 14:00:00,32.5,33.0,0.0,15.5,0.0,1.3914,Berawan,wmo:3
jatinangor,"Jatinangor, Sumedang",2026-09-24,32.11.15.2002,Hegarmanah,kecamatan,yes,-6.938,107.7556,Asia/Jakarta,"BMKG representative point: Hegarmanah, Kecamatan Jatinangor",24-09-2026,GFS,Open-Meteo / NOAA GFS,15:00,2026-09-24 15:00:00,29.3,40.0,0.0,12.2,0.0,1.3914,Berawan,wmo:3
jatinangor,"Jatinangor, Sumedang",2026-09-24,32.11.15.2002,Hegarmanah,kecamatan,yes,-6.938,107.7556,Asia/Jakarta,"BMKG representative point: Hegarmanah, Kecamatan Jatinangor",24-09-2026,GFS,Open-Meteo / NOAA GFS,16:00,2026-09-24 16:00:00,28.2,44.0,0.0,5.7,0.0,1.3914,Berawan,wmo:3
jatinangor,"Jatinangor, Sumedang",2026-09-24,32.11.15.2002,Hegarmanah,kecamatan,yes,-6.938,107.7556,Asia/Jakarta,"BMKG representative point: Hegarmanah, Kecamatan Jatinangor",24-09-2026,GFS,Open-Meteo / NOAA GFS,17:00,2026-09-24 17:00:00,27.0,49.0,0.0,6.6,0.0,1.3914,Berawan,wmo:3
jatinangor,"Jatinangor, Sumedang",2026-09-24,32.11.15.2002,Hegarmanah,kecamatan,yes,-6.938,107.7556,Asia/Jakarta,"BMKG representative point: Hegarmanah, Kecamatan Jatinangor",24-09-2026,GFS,Open-Meteo / NOAA GFS,18:00,2026-09-24 18:00:00,25.4,58.0,0.0,5.4,0.0,1.3914,Berawan,wmo:3
jatinangor,"Jatinangor, Sumedang",2026-09-24,32.11.15.2002,Hegarmanah,kecamatan,yes,-6.938,107.7556,Asia/Jakarta,"BMKG representative point: Hegarmanah, Kecamatan Jatinangor",24-09-2026,GFS,Open-Meteo / NOAA GFS,19:00,2026-09-24 19:00:00,24.5,64.0,0.0,4.4,0.0,1.3914,Berawan,wmo:3
jatinangor,"Jatinangor, Sumedang",2026-09-24,32.11.15.2002,Hegarmanah,kecamatan,yes,-6.938,107.7556,Asia/Jakarta,"BMKG representative point: Hegarmanah, Kecamatan Jatinangor",24-09-2026,GFS,Open-Meteo / NOAA GFS,20:00,2026-09-24 20:00:00,22.1,76.0,0.0,5.2,0.0,1.3914,Berawan,wmo:3
jatinangor,"Jatinangor, Sumedang",2026-09-24,32.11.15.2002,Hegarmanah,kecamatan,yes,-6.938,107.7556,Asia/Jakarta,"BMKG representative point: Hegarmanah, Kecamatan Jatinangor",24-09-2026,GFS,Open-Meteo / NOAA GFS,21:00,2026-09-24 21:00:00,20.8,83.0,0.0,4.7,0.0,1.3914,Cerah Berawan,wmo:1
jatinangor,"Jatinangor, Sumedang",2026-09-24,32.11.15.2002,Hegarmanah,kecamatan,yes,-6.938,107.7556,Asia/Jakarta,"BMKG representative point: Hegarmanah, Kecamatan Jatinangor",24-09-2026,GFS,Open-Meteo / NOAA GFS,22:00,2026-09-24 22:00:00,20.0,87.0,0.0,4.8,0.0,1.3914,Cerah Berawan,wmo:2
jatinangor,"Jatinangor, Sumedang",2026-09-24,32.11.15.2002,Hegarmanah,kecamatan,yes,-6.938,107.7556,Asia/Jakarta,"BMKG representative point: Hegarmanah, Kecamatan Jatinangor",24-09-2026,GFS,Open-Meteo / NOAA GFS,23:00,2026-09-24 23:00:00,20.1,85.0,0.0,4.3,0.0,1.3914,Berawan,wmo:3
jatinangor,"Jatinangor, Sumedang",2026-09-24,32.11.15.2002,Hegarmanah,kecamatan,yes,-6.938,107.7556,Asia/Jakarta,"BMKG representative point: Hegarmanah, Kecamatan Jatinangor",24-09-2026,ICON,Open-Meteo / DWD ICON,00:00,2026-09-24 00:00:00,21.8,78.0,0.0,5.6,0.0,1.4513,Cerah Berawan,wmo:1
jatinangor,"Jatinangor, Sumedang",2026-09-24,32.11.15.2002,Hegarmanah,kecamatan,yes,-6.938,107.7556,Asia/Jakarta,"BMKG representative point: Hegarmanah, Kecamatan Jatinangor",24-09-2026,ICON,Open-Meteo / DWD ICON,01:00,2026-09-24 01:00:00,21.1,82.0,0.0,5.1,0.0,1.4513,Cerah Berawan,wmo:1
jatinangor,"Jatinangor, Sumedang",2026-09-24,32.11.15.2002,Hegarmanah,kecamatan,yes,-6.938,107.7556,Asia/Jakarta,"BMKG representative point: Hegarmanah, Kecamatan Jatinangor",24-09-2026,ICON,Open-Meteo / DWD ICON,02:00,2026-09-24 02:00:00,20.3,86.0,0.0,5.1,0.0,1.4513,Cerah Berawan,wmo:2
jatinangor,"Jatinangor, Sumedang",2026-09-24,32.11.15.2002,Hegarmanah,kecamatan,yes,-6.938,107.7556,Asia/Jakarta,"BMKG representative point: Hegarmanah, Kecamatan Jatinangor",24-09-2026,ICON,Open-Meteo / DWD ICON,03:00,2026-09-24 03:00:00,19.8,88.0,0.0,5.4,0.0,1.4513,Cerah Berawan,wmo:2
jatinangor,"Jatinangor, Sumedang",2026-09-24,32.11.15.2002,Hegarmanah,kecamatan,yes,-6.938,107.7556,Asia/Jakarta,"BMKG representative point: Hegarmanah, Kecamatan Jatinangor",24-09-2026,ICON,Open-Meteo / DWD ICON,04:00,2026-09-24 04:00:00,19.5,89.0,0.0,4.8,0.0,1.4513,Cerah Berawan,wmo:2
jatinangor,"Jatinangor, Sumedang",2026-09-24,32.11.15.2002,Hegarmanah,kecamatan,yes,-6.938,107.7556,Asia/Jakarta,"BMKG representative point: Hegarmanah, Kecamatan Jatinangor",24-09-2026,ICON,Open-Meteo / DWD ICON,05:00,2026-09-24 05:00:00,19.5,89.0,0.0,4.6,0.0,1.4513,Cerah Berawan,wmo:2
jatinangor,"Jatinangor, Sumedang",2026-09-24,32.11.15.2002,Hegarmanah,kecamatan,yes,-6.938,107.7556,Asia/Jakarta,"BMKG representative point: Hegarmanah, Kecamatan Jatinangor",24-09-2026,ICON,Open-Meteo / DWD ICON,06:00,2026-09-24 06:00:00,19.4,89.0,0.0,4.1,0.0,1.4513,Cerah Berawan,wmo:2
jatinangor,"Jatinangor, Sumedang",2026-09-24,32.11.15.2002,Hegarmanah,kecamatan,yes,-6.938,107.7556,Asia/Jakarta,"BMKG representative point: Hegarmanah, Kecamatan Jatinangor",24-09-2026,ICON,Open-Meteo / DWD ICON,07:00,2026-09-24 07:00:00,21.8,83.0,0.0,1.3,0.0,1.4513,Cerah Berawan,wmo:2
jatinangor,"Jatinangor, Sumedang",2026-09-24,32.11.15.2002,Hegarmanah,kecamatan,yes,-6.938,107.7556,Asia/Jakarta,"BMKG representative point: Hegarmanah, Kecamatan Jatinangor",24-09-2026,ICON,Open-Meteo / DWD ICON,08:00,2026-09-24 08:00:00,25.2,67.0,0.0,3.1,0.0,1.4513,Cerah Berawan,wmo:2
jatinangor,"Jatinangor, Sumedang",2026-09-24,32.11.15.2002,Hegarmanah,kecamatan,yes,-6.938,107.7556,Asia/Jakarta,"BMKG representative point: Hegarmanah, Kecamatan Jatinangor",24-09-2026,ICON,Open-Meteo / DWD ICON,09:00,2026-09-24 09:00:00,27.2,62.0,0.0,3.1,0.0,1.4513,Cerah Berawan,wmo:1
jatinangor,"Jatinangor, Sumedang",2026-09-24,32.11.15.2002,Hegarmanah,kecamatan,yes,-6.938,107.7556,Asia/Jakarta,"BMKG representative point: Hegarmanah, Kecamatan Jatinangor",24-09-2026,ICON,Open-Meteo / DWD ICON,10:00,2026-09-24 10:00:00,29.8,53.0,0.0,3.8,0.0,1.4513,Cerah Berawan,wmo:2
jatinangor,"Jatinangor, Sumedang",2026-09-24,32.11.15.2002,Hegarmanah,kecamatan,yes,-6.938,107.7556,Asia/Jakarta,"BMKG representative point: Hegarmanah, Kecamatan Jatinangor",24-09-2026,ICON,Open-Meteo / DWD ICON,11:00,2026-09-24 11:00:00,31.6,45.0,0.0,4.8,0.0,1.4513,Cerah Berawan,wmo:2
jatinangor,"Jatinangor, Sumedang",2026-09-24,32.11.15.2002,Hegarmanah,kecamatan,yes,-6.938,107.7556,Asia/Jakarta,"BMKG representative point: Hegarmanah, Kecamatan Jatinangor",24-09-2026,ICON,Open-Meteo / DWD ICON,12:00,2026-09-24 12:00:00,32.9,40.0,0.0,5.5,0.0,1.4513,Cerah Berawan,wmo:2
jatinangor,"Jatinangor, Sumedang",2026-09-24,32.11.15.2002,Hegarmanah,kecamatan,yes,-6.938,107.7556,Asia/Jakarta,"BMKG representative point: Hegarmanah, Kecamatan Jatinangor",24-09-2026,ICON,Open-Meteo / DWD ICON,13:00,2026-09-24 13:00:00,33.3,38.0,0.0,7.1,0.0,1.4513,Cerah Berawan,wmo:2
jatinangor,"Jatinangor, Sumedang",2026-09-24,32.11.15.2002,Hegarmanah,kecamatan,yes,-6.938,107.7556,Asia/Jakarta,"BMKG representative point: Hegarmanah, Kecamatan Jatinangor",24-09-2026,ICON,Open-Meteo / DWD ICON,14:00,2026-09-24 14:00:00,33.4,36.0,0.0,10.3,0.0,1.4513,Cerah Berawan,wmo:2
jatinangor,"Jatinangor, Sumedang",2026-09-24,32.11.15.2002,Hegarmanah,kecamatan,yes,-6.938,107.7556,Asia/Jakarta,"BMKG representative point: Hegarmanah, Kecamatan Jatinangor",24-09-2026,ICON,Open-Meteo / DWD ICON,15:00,2026-09-24 15:00:00,32.8,38.0,0.0,13.2,0.0,1.4513,Berawan,wmo:3
jatinangor,"Jatinangor, Sumedang",2026-09-24,32.11.15.2002,Hegarmanah,kecamatan,yes,-6.938,107.7556,Asia/Jakarta,"BMKG representative point: Hegarmanah, Kecamatan Jatinangor",24-09-2026,ICON,Open-Meteo / DWD ICON,16:00,2026-09-24 16:00:00,31.0,43.0,0.0,16.6,0.0,1.4513,Berawan,wmo:3
jatinangor,"Jatinangor, Sumedang",2026-09-24,32.11.15.2002,Hegarmanah,kecamatan,yes,-6.938,107.7556,Asia/Jakarta,"BMKG representative point: Hegarmanah, Kecamatan Jatinangor",24-09-2026,ICON,Open-Meteo / DWD ICON,17:00,2026-09-24 17:00:00,29.1,46.0,0.0,16.1,0.0,1.4513,Berawan,wmo:3
jatinangor,"Jatinangor, Sumedang",2026-09-24,32.11.15.2002,Hegarmanah,kecamatan,yes,-6.938,107.7556,Asia/Jakarta,"BMKG representative point: Hegarmanah, Kecamatan Jatinangor",24-09-2026,ICON,Open-Meteo / DWD ICON,18:00,2026-09-24 18:00:00,27.4,51.0,0.0,11.8,0.0,1.4513,Cerah Berawan,wmo:2
jatinangor,"Jatinangor, Sumedang",2026-09-24,32.11.15.2002,Hegarmanah,kecamatan,yes,-6.938,107.7556,Asia/Jakarta,"BMKG representative point: Hegarmanah, Kecamatan Jatinangor",24-09-2026,ICON,Open-Meteo / DWD ICON,19:00,2026-09-24 19:00:00,26.2,57.0,0.0,7.4,0.0,1.4513,Berawan,wmo:3
jatinangor,"Jatinangor, Sumedang",2026-09-24,32.11.15.2002,Hegarmanah,kecamatan,yes,-6.938,107.7556,Asia/Jakarta,"BMKG representative point: Hegarmanah, Kecamatan Jatinangor",24-09-2026,ICON,Open-Meteo / DWD ICON,20:00,2026-09-24 20:00:00,25.3,62.0,0.0,4.6,0.0,1.4513,Cerah Berawan,wmo:2
jatinangor,"Jatinangor, Sumedang",2026-09-24,32.11.15.2002,Hegarmanah,kecamatan,yes,-6.938,107.7556,Asia/Jakarta,"BMKG representative point: Hegarmanah, Kecamatan Jatinangor",24-09-2026,ICON,Open-Meteo / DWD ICON,21:00,2026-09-24 21:00:00,23.9,69.0,0.0,3.8,0.0,1.4513,Cerah Berawan,wmo:1
jatinangor,"Jatinangor, Sumedang",2026-09-24,32.11.15.2002,Hegarmanah,kecamatan,yes,-6.938,107.7556,Asia/Jakarta,"BMKG representative point: Hegarmanah, Kecamatan Jatinangor",24-09-2026,ICON,Open-Meteo / DWD ICON,22:00,2026-09-24 22:00:00,22.2,78.0,0.0,5.4,0.0,1.4513,Cerah Berawan,wmo:2
jatinangor,"Jatinangor, Sumedang",2026-09-24,32.11.15.2002,Hegarmanah,kecamatan,yes,-6.938,107.7556,Asia/Jakarta,"BMKG representative point: Hegarmanah, Kecamatan Jatinangor",24-09-2026,ICON,Open-Meteo / DWD ICON,23:00,2026-09-24 23:00:00,21.3,84.0,0.0,5.6,0.0,1.4513,Cerah Berawan,wmo:1
jatinangor,"Jatinangor, Sumedang",2026-09-24,32.11.15.2002,Hegarmanah,kecamatan,yes,-6.938,107.7556,Asia/Jakarta,"BMKG representative point: Hegarmanah, Kecamatan Jatinangor",24-09-2026,KMA,Open-Meteo / KMA,00:00,2026-09-24 00:00:00,,,,,0.0,0.5517,Berawan,wmo:None
jatinangor,"Jatinangor, Sumedang",2026-09-24,32.11.15.2002,Hegarmanah,kecamatan,yes,-6.938,107.7556,Asia/Jakarta,"BMKG representative point: Hegarmanah, Kecamatan Jatinangor",24-09-2026,KMA,Open-Meteo / KMA,01:00,2026-09-24 01:00:00,,,,,0.0,0.5517,Berawan,wmo:None
jatinangor,"Jatinangor, Sumedang",2026-09-24,32.11.15.2002,Hegarmanah,kecamatan,yes,-6.938,107.7556,Asia/Jakarta,"BMKG representative point: Hegarmanah, Kecamatan Jatinangor",24-09-2026,KMA,Open-Meteo / KMA,02:00,2026-09-24 02:00:00,,,,,0.0,0.5517,Berawan,wmo:None
jatinangor,"Jatinangor, Sumedang",2026-09-24,32.11.15.2002,Hegarmanah,kecamatan,yes,-6.938,107.7556,Asia/Jakarta,"BMKG representative point: Hegarmanah, Kecamatan Jatinangor",24-09-2026,KMA,Open-Meteo / KMA,03:00,2026-09-24 03:00:00,,,,,0.0,0.5517,Berawan,wmo:None
jatinangor,"Jatinangor, Sumedang",2026-09-24,32.11.15.2002,Hegarmanah,kecamatan,yes,-6.938,107.7556,Asia/Jakarta,"BMKG representative point: Hegarmanah, Kecamatan Jatinangor",24-09-2026,KMA,Open-Meteo / KMA,04:00,2026-09-24 04:00:00,,,,,0.0,0.5517,Berawan,wmo:None
jatinangor,"Jatinangor, Sumedang",2026-09-24,32.11.15.2002,Hegarmanah,kecamatan,yes,-6.938,107.7556,Asia/Jakarta,"BMKG representative point: Hegarmanah, Kecamatan Jatinangor",24-09-2026,KMA,Open-Meteo / KMA,05:00,2026-09-24 05:00:00,,,,,0.0,0.5517,Berawan,wmo:None
jatinangor,"Jatinangor, Sumedang",2026-09-24,32.11.15.2002,Hegarmanah,kecamatan,yes,-6.938,107.7556,Asia/Jakarta,"BMKG representative point: Hegarmanah, Kecamatan Jatinangor",24-09-2026,KMA,Open-Meteo / KMA,06:00,2026-09-24 06:00:00,,,,,0.0,0.5517,Berawan,wmo:None
jatinangor,"Jatinangor, Sumedang",2026-09-24,32.11.15.2002,Hegarmanah,kecamatan,yes,-6.938,107.7556,Asia/Jakarta,"BMKG representative point: Hegarmanah, Kecamatan Jatinangor",24-09-2026,KMA,Open-Meteo / KMA,07:00,2026-09-24 07:00:00,,,,,0.0,0.5517,Berawan,wmo:None
jatinangor,"Jatinangor, Sumedang",2026-09-24,32.11.15.2002,Hegarmanah,kecamatan,yes,-6.938,107.7556,Asia/Jakarta,"BMKG representative point: Hegarmanah, Kecamatan Jatinangor",24-09-2026,KMA,Open-Meteo / KMA,08:00,2026-09-24 08:00:00,,,,,0.0,0.5517,Berawan,wmo:None
jatinangor,"Jatinangor, Sumedang",2026-09-24,32.11.15.2002,Hegarmanah,kecamatan,yes,-6.938,107.7556,Asia/Jakarta,"BMKG representative point: Hegarmanah, Kecamatan Jatinangor",24-09-2026,KMA,Open-Meteo / KMA,09:00,2026-09-24 09:00:00,,,,,0.0,0.5517,Berawan,wmo:None
jatinangor,"Jatinangor, Sumedang",2026-09-24,32.11.15.2002,Hegarmanah,kecamatan,yes,-6.938,107.7556,Asia/Jakarta,"BMKG representative point: Hegarmanah, Kecamatan Jatinangor",24-09-2026,KMA,Open-Meteo / KMA,10:00,2026-09-24 10:00:00,,,,,0.0,0.5517,Berawan,wmo:None
jatinangor,"Jatinangor, Sumedang",2026-09-24,32.11.15.2002,Hegarmanah,kecamatan,yes,-6.938,107.7556,Asia/Jakarta,"BMKG representative point: Hegarmanah, Kecamatan Jatinangor",24-09-2026,KMA,Open-Meteo / KMA,11:00,2026-09-24 11:00:00,,,,,0.0,0.5517,Berawan,wmo:None
jatinangor,"Jatinangor, Sumedang",2026-09-24,32.11.15.2002,Hegarmanah,kecamatan,yes,-6.938,107.7556,Asia/Jakarta,"BMKG representative point: Hegarmanah, Kecamatan Jatinangor",24-09-2026,KMA,Open-Meteo / KMA,12:00,2026-09-24 12:00:00,,,,,0.0,0.5517,Berawan,wmo:None
jatinangor,"Jatinangor, Sumedang",2026-09-24,32.11.15.2002,Hegarmanah,kecamatan,yes,-6.938,107.7556,Asia/Jakarta,"BMKG representative point: Hegarmanah, Kecamatan Jatinangor",24-09-2026,KMA,Open-Meteo / KMA,13:00,2026-09-24 13:00:00,,,,,0.0,0.5517,Berawan,wmo:None
jatinangor,"Jatinangor, Sumedang",2026-09-24,32.11.15.2002,Hegarmanah,kecamatan,yes,-6.938,107.7556,Asia/Jakarta,"BMKG representative point: Hegarmanah, Kecamatan Jatinangor",24-09-2026,KMA,Open-Meteo / KMA,14:00,2026-09-24 14:00:00,,,,,0.0,0.5517,Berawan,wmo:None
jatinangor,"Jatinangor, Sumedang",2026-09-24,32.11.15.2002,Hegarmanah,kecamatan,yes,-6.938,107.7556,Asia/Jakarta,"BMKG representative point: Hegarmanah, Kecamatan Jatinangor",24-09-2026,KMA,Open-Meteo / KMA,15:00,2026-09-24 15:00:00,,,,,0.0,0.5517,Berawan,wmo:None
jatinangor,"Jatinangor, Sumedang",2026-09-24,32.11.15.2002,Hegarmanah,kecamatan,yes,-6.938,107.7556,Asia/Jakarta,"BMKG representative point: Hegarmanah, Kecamatan Jatinangor",24-09-2026,KMA,Open-Meteo / KMA,16:00,2026-09-24 16:00:00,,,,,0.0,0.5517,Berawan,wmo:None
jatinangor,"Jatinangor, Sumedang",2026-09-24,32.11.15.2002,Hegarmanah,kecamatan,yes,-6.938,107.7556,Asia/Jakarta,"BMKG representative point: Hegarmanah, Kecamatan Jatinangor",24-09-2026,KMA,Open-Meteo / KMA,17:00,2026-09-24 17:00:00,,,,,0.0,0.5517,Berawan,wmo:None
jatinangor,"Jatinangor, Sumedang",2026-09-24,32.11.15.2002,Hegarmanah,kecamatan,yes,-6.938,107.7556,Asia/Jakarta,"BMKG representative point: Hegarmanah, Kecamatan Jatinangor",24-09-2026,KMA,Open-Meteo / KMA,18:00,2026-09-24 18:00:00,,,,,0.0,0.5517,Berawan,wmo:None
jatinangor,"Jatinangor, Sumedang",2026-09-24,32.11.15.2002,Hegarmanah,kecamatan,yes,-6.938,107.7556,Asia/Jakarta,"BMKG representative point: Hegarmanah, Kecamatan Jatinangor",24-09-2026,KMA,Open-Meteo / KMA,19:00,2026-09-24 19:00:00,,,,,0.0,0.5517,Berawan,wmo:None
jatinangor,"Jatinangor, Sumedang",2026-09-24,32.11.15.2002,Hegarmanah,kecamatan,yes,-6.938,107.7556,Asia/Jakarta,"BMKG representative point: Hegarmanah, Kecamatan Jatinangor",24-09-2026,KMA,Open-Meteo / KMA,20:00,2026-09-24 20:00:00,,,,,0.0,0.5517,Berawan,wmo:None
jatinangor,"Jatinangor, Sumedang",2026-09-24,32.11.15.2002,Hegarmanah,kecamatan,yes,-6.938,107.7556,Asia/Jakarta,"BMKG representative point: Hegarmanah, Kecamatan Jatinangor",24-09-2026,KMA,Open-Meteo / KMA,21:00,2026-09-24 21:00:00,,,,,0.0,0.5517,Berawan,wmo:None
jatinangor,"Jatinangor, Sumedang",2026-09-24,32.11.15.2002,Hegarmanah,kecamatan,yes,-6.938,107.7556,Asia/Jakarta,"BMKG representative point: Hegarmanah, Kecamatan Jatinangor",24-09-2026,KMA,Open-Meteo / KMA,22:00,2026-09-24 22:00:00,,,,,0.0,0.5517,Berawan,wmo:None
jatinangor,"Jatinangor, Sumedang",2026-09-24,32.11.15.2002,Hegarmanah,kecamatan,yes,-6.938,107.7556,Asia/Jakarta,"BMKG representative point: Hegarmanah, Kecamatan Jatinangor",24-09-2026,KMA,Open-Meteo / KMA,23:00,2026-09-24 23:00:00,,,,,0.0,0.5517,Berawan,wmo:None
jatinangor,"Jatinangor, Sumedang",2026-09-24,32.11.15.2002,Hegarmanah,kecamatan,yes,-6.938,107.7556,Asia/Jakarta,"BMKG representative point: Hegarmanah, Kecamatan Jatinangor",24-09-2026,METEOFRANCE,Open-Meteo / Meteo-France,00:00,2026-09-24 00:00:00,26.0,87.0,0.0,1.8,0.0,1.4381,Cerah Berawan,wmo:2
jatinangor,"Jatinangor, Sumedang",2026-09-24,32.11.15.2002,Hegarmanah,kecamatan,yes,-6.938,107.7556,Asia/Jakarta,"BMKG representative point: Hegarmanah, Kecamatan Jatinangor",24-09-2026,METEOFRANCE,Open-Meteo / Meteo-France,01:00,2026-09-24 01:00:00,25.7,89.0,0.0,0.5,0.0,1.4381,Cerah Berawan,wmo:2
jatinangor,"Jatinangor, Sumedang",2026-09-24,32.11.15.2002,Hegarmanah,kecamatan,yes,-6.938,107.7556,Asia/Jakarta,"BMKG representative point: Hegarmanah, Kecamatan Jatinangor",24-09-2026,METEOFRANCE,Open-Meteo / Meteo-France,02:00,2026-09-24 02:00:00,25.3,91.0,0.0,0.4,0.0,1.4381,Cerah Berawan,wmo:2
jatinangor,"Jatinangor, Sumedang",2026-09-24,32.11.15.2002,Hegarmanah,kecamatan,yes,-6.938,107.7556,Asia/Jakarta,"BMKG representative point: Hegarmanah, Kecamatan Jatinangor",24-09-2026,METEOFRANCE,Open-Meteo / Meteo-France,03:00,2026-09-24 03:00:00,25.0,92.0,0.0,0.8,0.0,1.4381,Cerah Berawan,wmo:1
jatinangor,"Jatinangor, Sumedang",2026-09-24,32.11.15.2002,Hegarmanah,kecamatan,yes,-6.938,107.7556,Asia/Jakarta,"BMKG representative point: Hegarmanah, Kecamatan Jatinangor",24-09-2026,METEOFRANCE,Open-Meteo / Meteo-France,04:00,2026-09-24 04:00:00,24.8,93.0,0.0,1.3,0.0,1.4381,Cerah Berawan,wmo:1
jatinangor,"Jatinangor, Sumedang",2026-09-24,32.11.15.2002,Hegarmanah,kecamatan,yes,-6.938,107.7556,Asia/Jakarta,"BMKG representative point: Hegarmanah, Kecamatan Jatinangor",24-09-2026,METEOFRANCE,Open-Meteo / Meteo-France,05:00,2026-09-24 05:00:00,24.6,94.0,0.0,1.5,0.0,1.4381,Cerah Berawan,wmo:2
jatinangor,"Jatinangor, Sumedang",2026-09-24,32.11.15.2002,Hegarmanah,kecamatan,yes,-6.938,107.7556,Asia/Jakarta,"BMKG representative point: Hegarmanah, Kecamatan Jatinangor",24-09-2026,METEOFRANCE,Open-Meteo / Meteo-France,06:00,2026-09-24 06:00:00,24.5,94.0,0.0,2.3,0.0,1.4381,Cerah Berawan,wmo:2
jatinangor,"Jatinangor, Sumedang",2026-09-24,32.11.15.2002,Hegarmanah,kecamatan,yes,-6.938,107.7556,Asia/Jakarta,"BMKG representative point: Hegarmanah, Kecamatan Jatinangor",24-09-2026,METEOFRANCE,Open-Meteo / Meteo-France,07:00,2026-09-24 07:00:00,25.0,91.0,0.0,2.3,0.0,1.4381,Cerah Berawan,wmo:2
jatinangor,"Jatinangor, Sumedang",2026-09-24,32.11.15.2002,Hegarmanah,kecamatan,yes,-6.938,107.7556,Asia/Jakarta,"BMKG representative point: Hegarmanah, Kecamatan Jatinangor",24-09-2026,METEOFRANCE,Open-Meteo / Meteo-France,08:00,2026-09-24 08:00:00,26.5,84.0,0.0,2.9,0.0,1.4381,Cerah Berawan,wmo:2
jatinangor,"Jatinangor, Sumedang",2026-09-24,32.11.15.2002,Hegarmanah,kecamatan,yes,-6.938,107.7556,Asia/Jakarta,"BMKG representative point: Hegarmanah, Kecamatan Jatinangor",24-09-2026,METEOFRANCE,Open-Meteo / Meteo-France,09:00,2026-09-24 09:00:00,28.6,73.0,0.0,4.3,0.0,1.4381,Cerah Berawan,wmo:1
jatinangor,"Jatinangor, Sumedang",2026-09-24,32.11.15.2002,Hegarmanah,kecamatan,yes,-6.938,107.7556,Asia/Jakarta,"BMKG representative point: Hegarmanah, Kecamatan Jatinangor",24-09-2026,METEOFRANCE,Open-Meteo / Meteo-France,10:00,2026-09-24 10:00:00,30.6,64.0,0.0,5.9,0.0,1.4381,Cerah Berawan,wmo:1
jatinangor,"Jatinangor, Sumedang",2026-09-24,32.11.15.2002,Hegarmanah,kecamatan,yes,-6.938,107.7556,Asia/Jakarta,"BMKG representative point: Hegarmanah, Kecamatan Jatinangor",24-09-2026,METEOFRANCE,Open-Meteo / Meteo-France,11:00,2026-09-24 11:00:00,32.4,56.0,0.0,7.4,0.0,1.4381,Cerah Berawan,wmo:1
jatinangor,"Jatinangor, Sumedang",2026-09-24,32.11.15.2002,Hegarmanah,kecamatan,yes,-6.938,107.7556,Asia/Jakarta,"BMKG representative point: Hegarmanah, Kecamatan Jatinangor",24-09-2026,METEOFRANCE,Open-Meteo / Meteo-France,12:00,2026-09-24 12:00:00,34.1,49.0,0.0,8.8,0.0,1.4381,Cerah Berawan,wmo:1
jatinangor,"Jatinangor, Sumedang",2026-09-24,32.11.15.2002,Hegarmanah,kecamatan,yes,-6.938,107.7556,Asia/Jakarta,"BMKG representative point: Hegarmanah, Kecamatan Jatinangor",24-09-2026,METEOFRANCE,Open-Meteo / Meteo-France,13:00,2026-09-24 13:00:00,35.0,45.0,0.0,9.5,0.0,1.4381,Cerah Berawan,wmo:1
jatinangor,"Jatinangor, Sumedang",2026-09-24,32.11.15.2002,Hegarmanah,kecamatan,yes,-6.938,107.7556,Asia/Jakarta,"BMKG representative point: Hegarmanah, Kecamatan Jatinangor",24-09-2026,METEOFRANCE,Open-Meteo / Meteo-France,14:00,2026-09-24 14:00:00,34.9,45.0,0.1,9.2,0.0,1.4381,Hujan Ringan,wmo:51
jatinangor,"Jatinangor, Sumedang",2026-09-24,32.11.15.2002,Hegarmanah,kecamatan,yes,-6.938,107.7556,Asia/Jakarta,"BMKG representative point: Hegarmanah, Kecamatan Jatinangor",24-09-2026,METEOFRANCE,Open-Meteo / Meteo-France,15:00,2026-09-24 15:00:00,34.0,47.0,0.1,8.2,0.0,1.4381,Hujan Ringan,wmo:51
jatinangor,"Jatinangor, Sumedang",2026-09-24,32.11.15.2002,Hegarmanah,kecamatan,yes,-6.938,107.7556,Asia/Jakarta,"BMKG representative point: Hegarmanah, Kecamatan Jatinangor",24-09-2026,METEOFRANCE,Open-Meteo / Meteo-France,16:00,2026-09-24 16:00:00,33.0,50.0,0.1,7.6,0.0,1.4381,Hujan Ringan,wmo:51
jatinangor,"Jatinangor, Sumedang",2026-09-24,32.11.15.2002,Hegarmanah,kecamatan,yes,-6.938,107.7556,Asia/Jakarta,"BMKG representative point: Hegarmanah, Kecamatan Jatinangor",24-09-2026,METEOFRANCE,Open-Meteo / Meteo-France,17:00,2026-09-24 17:00:00,31.8,52.0,0.1,7.2,0.0,1.4381,Hujan Ringan,wmo:51
jatinangor,"Jatinangor, Sumedang",2026-09-24,32.11.15.2002,Hegarmanah,kecamatan,yes,-6.938,107.7556,Asia/Jakarta,"BMKG representative point: Hegarmanah, Kecamatan Jatinangor",24-09-2026,METEOFRANCE,Open-Meteo / Meteo-France,18:00,2026-09-24 18:00:00,30.4,55.0,0.1,8.0,0.0,1.4381,Hujan Ringan,wmo:51
jatinangor,"Jatinangor, Sumedang",2026-09-24,32.11.15.2002,Hegarmanah,kecamatan,yes,-6.938,107.7556,Asia/Jakarta,"BMKG representative point: Hegarmanah, Kecamatan Jatinangor",24-09-2026,METEOFRANCE,Open-Meteo / Meteo-France,19:00,2026-09-24 19:00:00,29.2,58.0,0.1,7.9,0.0,1.4381,Hujan Ringan,wmo:51
jatinangor,"Jatinangor, Sumedang",2026-09-24,32.11.15.2002,Hegarmanah,kecamatan,yes,-6.938,107.7556,Asia/Jakarta,"BMKG representative point: Hegarmanah, Kecamatan Jatinangor",24-09-2026,METEOFRANCE,Open-Meteo / Meteo-France,20:00,2026-09-24 20:00:00,28.3,61.0,0.0,6.4,0.0,1.4381,Cerah Berawan,wmo:2
jatinangor,"Jatinangor, Sumedang",2026-09-24,32.11.15.2002,Hegarmanah,kecamatan,yes,-6.938,107.7556,Asia/Jakarta,"BMKG representative point: Hegarmanah, Kecamatan Jatinangor",24-09-2026,METEOFRANCE,Open-Meteo / Meteo-France,21:00,2026-09-24 21:00:00,27.6,63.0,0.0,4.4,0.0,1.4381,Cerah Berawan,wmo:1
jatinangor,"Jatinangor, Sumedang",2026-09-24,32.11.15.2002,Hegarmanah,kecamatan,yes,-6.938,107.7556,Asia/Jakarta,"BMKG representative point: Hegarmanah, Kecamatan Jatinangor",24-09-2026,METEOFRANCE,Open-Meteo / Meteo-France,22:00,2026-09-24 22:00:00,27.0,66.0,0.0,2.5,0.0,1.4381,Cerah Berawan,wmo:1
jatinangor,"Jatinangor, Sumedang",2026-09-24,32.11.15.2002,Hegarmanah,kecamatan,yes,-6.938,107.7556,Asia/Jakarta,"BMKG representative point: Hegarmanah, Kecamatan Jatinangor",24-09-2026,METEOFRANCE,Open-Meteo / Meteo-France,23:00,2026-09-24 23:00:00,26.4,68.0,0.0,1.5,0.0,1.4381,Cerah,wmo:0
jatinangor,"Jatinangor, Sumedang",2026-09-24,32.11.15.2002,Hegarmanah,kecamatan,yes,-6.938,107.7556,Asia/Jakarta,"BMKG representative point: Hegarmanah, Kecamatan Jatinangor",24-09-2026,METNO,MET Norway,00:00,2026-09-24 00:00:00,20.2,99.3,0.0,3.96,0.0,1.3598,Berawan,fog
jatinangor,"Jatinangor, Sumedang",2026-09-24,32.11.15.2002,Hegarmanah,kecamatan,yes,-6.938,107.7556,Asia/Jakarta,"BMKG representative point: Hegarmanah, Kecamatan Jatinangor",24-09-2026,METNO,MET Norway,01:00,2026-09-24 01:00:00,19.8,99.8,0.0,4.32,0.0,1.3598,Berawan,fog
jatinangor,"Jatinangor, Sumedang",2026-09-24,32.11.15.2002,Hegarmanah,kecamatan,yes,-6.938,107.7556,Asia/Jakarta,"BMKG representative point: Hegarmanah, Kecamatan Jatinangor",24-09-2026,METNO,MET Norway,02:00,2026-09-24 02:00:00,20.1,99.5,0.0,4.68,0.0,1.3598,Berawan,fog
jatinangor,"Jatinangor, Sumedang",2026-09-24,32.11.15.2002,Hegarmanah,kecamatan,yes,-6.938,107.7556,Asia/Jakarta,"BMKG representative point: Hegarmanah, Kecamatan Jatinangor",24-09-2026,METNO,MET Norway,03:00,2026-09-24 03:00:00,19.8,99.6,0.0,4.68,0.0,1.3598,Berawan,fog
jatinangor,"Jatinangor, Sumedang",2026-09-24,32.11.15.2002,Hegarmanah,kecamatan,yes,-6.938,107.7556,Asia/Jakarta,"BMKG representative point: Hegarmanah, Kecamatan Jatinangor",24-09-2026,METNO,MET Norway,04:00,2026-09-24 04:00:00,19.8,98.5,0.0,4.32,0.0,1.3598,Berawan,fog
jatinangor,"Jatinangor, Sumedang",2026-09-24,32.11.15.2002,Hegarmanah,kecamatan,yes,-6.938,107.7556,Asia/Jakarta,"BMKG representative point: Hegarmanah, Kecamatan Jatinangor",24-09-2026,METNO,MET Norway,05:00,2026-09-24 05:00:00,19.8,98.5,0.0,5.04,0.0,1.3598,Berawan,fog
jatinangor,"Jatinangor, Sumedang",2026-09-24,32.11.15.2002,Hegarmanah,kecamatan,yes,-6.938,107.7556,Asia/Jakarta,"BMKG representative point: Hegarmanah, Kecamatan Jatinangor",24-09-2026,METNO,MET Norway,06:00,2026-09-24 06:00:00,19.7,99.3,0.0,5.04,0.0,1.3598,Berawan,fog
jatinangor,"Jatinangor, Sumedang",2026-09-24,32.11.15.2002,Hegarmanah,kecamatan,yes,-6.938,107.7556,Asia/Jakarta,"BMKG representative point: Hegarmanah, Kecamatan Jatinangor",24-09-2026,METNO,MET Norway,07:00,2026-09-24 07:00:00,21.0,95.8,0.0,3.96,0.0,1.3598,Berawan,fog
jatinangor,"Jatinangor, Sumedang",2026-09-24,32.11.15.2002,Hegarmanah,kecamatan,yes,-6.938,107.7556,Asia/Jakarta,"BMKG representative point: Hegarmanah, Kecamatan Jatinangor",24-09-2026,METNO,MET Norway,08:00,2026-09-24 08:00:00,23.6,80.0,0.0,3.6,0.0,1.3598,Berawan,cloudy
jatinangor,"Jatinangor, Sumedang",2026-09-24,32.11.15.2002,Hegarmanah,kecamatan,yes,-6.938,107.7556,Asia/Jakarta,"BMKG representative point: Hegarmanah, Kecamatan Jatinangor",24-09-2026,METNO,MET Norway,09:00,2026-09-24 09:00:00,26.1,66.5,0.0,6.48,0.0,1.3598,Berawan,cloudy
jatinangor,"Jatinangor, Sumedang",2026-09-24,32.11.15.2002,Hegarmanah,kecamatan,yes,-6.938,107.7556,Asia/Jakarta,"BMKG representative point: Hegarmanah, Kecamatan Jatinangor",24-09-2026,METNO,MET Norway,10:00,2026-09-24 10:00:00,27.9,58.0,0.0,7.92,0.0,1.3598,Cerah Berawan,partlycloudy_day
jatinangor,"Jatinangor, Sumedang",2026-09-24,32.11.15.2002,Hegarmanah,kecamatan,yes,-6.938,107.7556,Asia/Jakarta,"BMKG representative point: Hegarmanah, Kecamatan Jatinangor",24-09-2026,METNO,MET Norway,11:00,2026-09-24 11:00:00,29.6,49.3,0.0,8.64,0.0,1.3598,Cerah Berawan,partlycloudy_day
jatinangor,"Jatinangor, Sumedang",2026-09-24,32.11.15.2002,Hegarmanah,kecamatan,yes,-6.938,107.7556,Asia/Jakarta,"BMKG representative point: Hegarmanah, Kecamatan Jatinangor",24-09-2026,METNO,MET Norway,12:00,2026-09-24 12:00:00,30.8,46.5,0.4,10.8,0.0,1.3598,Hujan Ringan,rainshowers_day
jatinangor,"Jatinangor, Sumedang",2026-09-24,32.11.15.2002,Hegarmanah,kecamatan,yes,-6.938,107.7556,Asia/Jakarta,"BMKG representative point: Hegarmanah, Kecamatan Jatinangor",24-09-2026,METNO,MET Norway,13:00,2026-09-24 13:00:00,29.5,53.5,1.1,13.32,0.0,1.3598,Hujan Lebat,heavyrainshowers_day
jatinangor,"Jatinangor, Sumedang",2026-09-24,32.11.15.2002,Hegarmanah,kecamatan,yes,-6.938,107.7556,Asia/Jakarta,"BMKG representative point: Hegarmanah, Kecamatan Jatinangor",24-09-2026,METNO,MET Norway,14:00,2026-09-24 14:00:00,26.9,66.0,0.3,12.6,0.0,1.3598,Hujan Ringan,rain
jatinangor,"Jatinangor, Sumedang",2026-09-24,32.11.15.2002,Hegarmanah,kecamatan,yes,-6.938,107.7556,Asia/Jakarta,"BMKG representative point: Hegarmanah, Kecamatan Jatinangor",24-09-2026,METNO,MET Norway,15:00,2026-09-24 15:00:00,28.0,52.2,0.0,11.88,0.0,1.3598,Cerah Berawan,partlycloudy_day
jatinangor,"Jatinangor, Sumedang",2026-09-24,32.11.15.2002,Hegarmanah,kecamatan,yes,-6.938,107.7556,Asia/Jakarta,"BMKG representative point: Hegarmanah, Kecamatan Jatinangor",24-09-2026,METNO,MET Norway,16:00,2026-09-24 16:00:00,28.1,49.3,0.0,10.44,0.0,1.3598,Cerah Berawan,partlycloudy_day
jatinangor,"Jatinangor, Sumedang",2026-09-24,32.11.15.2002,Hegarmanah,kecamatan,yes,-6.938,107.7556,Asia/Jakarta,"BMKG representative point: Hegarmanah, Kecamatan Jatinangor",24-09-2026,METNO,MET Norway,17:00,2026-09-24 17:00:00,26.9,54.6,0.0,9.0,0.0,1.3598,Cerah Berawan,fair_day
jatinangor,"Jatinangor, Sumedang",2026-09-24,32.11.15.2002,Hegarmanah,kecamatan,yes,-6.938,107.7556,Asia/Jakarta,"BMKG representative point: Hegarmanah, Kecamatan Jatinangor",24-09-2026,METNO,MET Norway,18:00,2026-09-24 18:00:00,24.4,66.7,0.0,5.76,0.0,1.3598,Cerah Berawan,fair_night
jatinangor,"Jatinangor, Sumedang",2026-09-24,32.11.15.2002,Hegarmanah,kecamatan,yes,-6.938,107.7556,Asia/Jakarta,"BMKG representative point: Hegarmanah, Kecamatan Jatinangor",24-09-2026,METNO,MET Norway,19:00,2026-09-24 19:00:00,23.5,71.1,0.0,3.6,0.0,1.3598,Cerah Berawan,fair_night
jatinangor,"Jatinangor, Sumedang",2026-09-24,32.11.15.2002,Hegarmanah,kecamatan,yes,-6.938,107.7556,Asia/Jakarta,"BMKG representative point: Hegarmanah, Kecamatan Jatinangor",24-09-2026,METNO,MET Norway,20:00,2026-09-24 20:00:00,22.5,75.1,0.0,3.96,0.0,1.3598,Cerah Berawan,fair_night
jatinangor,"Jatinangor, Sumedang",2026-09-24,32.11.15.2002,Hegarmanah,kecamatan,yes,-6.938,107.7556,Asia/Jakarta,"BMKG representative point: Hegarmanah, Kecamatan Jatinangor",24-09-2026,METNO,MET Norway,21:00,2026-09-24 21:00:00,21.9,77.6,0.0,4.32,0.0,1.3598,Cerah Berawan,partlycloudy_night
jatinangor,"Jatinangor, Sumedang",2026-09-24,32.11.15.2002,Hegarmanah,kecamatan,yes,-6.938,107.7556,Asia/Jakarta,"BMKG representative point: Hegarmanah, Kecamatan Jatinangor",24-09-2026,METNO,MET Norway,22:00,2026-09-24 22:00:00,21.0,83.2,0.0,4.32,0.0,1.3598,Cerah Berawan,partlycloudy_night
jatinangor,"Jatinangor, Sumedang",2026-09-24,32.11.15.2002,Hegarmanah,kecamatan,yes,-6.938,107.7556,Asia/Jakarta,"BMKG representative point: Hegarmanah, Kecamatan Jatinangor",24-09-2026,METNO,MET Norway,23:00,2026-09-24 23:00:00,20.5,88.2,0.0,4.32,0.0,1.3598,Cerah Berawan,partlycloudy_night
jatinangor,"Jatinangor, Sumedang",2026-09-24,32.11.15.2002,Hegarmanah,kecamatan,yes,-6.938,107.7556,Asia/Jakarta,"BMKG representative point: Hegarmanah, Kecamatan Jatinangor",24-09-2026,UKMO,Open-Meteo / UK Met Office,00:00,2026-09-24 00:00:00,20.5,100,0.0,2.9,0.0,1.3224,Cerah Berawan,wmo:1
jatinangor,"Jatinangor, Sumedang",2026-09-24,32.11.15.2002,Hegarmanah,kecamatan,yes,-6.938,107.7556,Asia/Jakarta,"BMKG representative point: Hegarmanah, Kecamatan Jatinangor",24-09-2026,UKMO,Open-Meteo / UK Met Office,01:00,2026-09-24 01:00:00,19.3,100,0.0,2.5,0.0,1.3224,Cerah,wmo:0
jatinangor,"Jatinangor, Sumedang",2026-09-24,32.11.15.2002,Hegarmanah,kecamatan,yes,-6.938,107.7556,Asia/Jakarta,"BMKG representative point: Hegarmanah, Kecamatan Jatinangor",24-09-2026,UKMO,Open-Meteo / UK Met Office,02:00,2026-09-24 02:00:00,19.0,100,0.0,2.5,0.0,1.3224,Berawan,wmo:3
jatinangor,"Jatinangor, Sumedang",2026-09-24,32.11.15.2002,Hegarmanah,kecamatan,yes,-6.938,107.7556,Asia/Jakarta,"BMKG representative point: Hegarmanah, Kecamatan Jatinangor",24-09-2026,UKMO,Open-Meteo / UK Met Office,03:00,2026-09-24 03:00:00,19.6,100,0.0,2.2,0.0,1.3224,Berawan,wmo:45
jatinangor,"Jatinangor, Sumedang",2026-09-24,32.11.15.2002,Hegarmanah,kecamatan,yes,-6.938,107.7556,Asia/Jakarta,"BMKG representative point: Hegarmanah, Kecamatan Jatinangor",24-09-2026,UKMO,Open-Meteo / UK Met Office,04:00,2026-09-24 04:00:00,18.5,99.0,0.0,1.8,0.0,1.3224,Cerah,wmo:0
jatinangor,"Jatinangor, Sumedang",2026-09-24,32.11.15.2002,Hegarmanah,kecamatan,yes,-6.938,107.7556,Asia/Jakarta,"BMKG representative point: Hegarmanah, Kecamatan Jatinangor",24-09-2026,UKMO,Open-Meteo / UK Met Office,05:00,2026-09-24 05:00:00,17.9,99.0,0.0,2.9,0.0,1.3224,Cerah,wmo:0
jatinangor,"Jatinangor, Sumedang",2026-09-24,32.11.15.2002,Hegarmanah,kecamatan,yes,-6.938,107.7556,Asia/Jakarta,"BMKG representative point: Hegarmanah, Kecamatan Jatinangor",24-09-2026,UKMO,Open-Meteo / UK Met Office,06:00,2026-09-24 06:00:00,18.0,96.0,0.0,3.2,0.0,1.3224,Cerah,wmo:0
jatinangor,"Jatinangor, Sumedang",2026-09-24,32.11.15.2002,Hegarmanah,kecamatan,yes,-6.938,107.7556,Asia/Jakarta,"BMKG representative point: Hegarmanah, Kecamatan Jatinangor",24-09-2026,UKMO,Open-Meteo / UK Met Office,07:00,2026-09-24 07:00:00,20.7,86.0,0.0,1.4,0.0,1.3224,Cerah,wmo:0
jatinangor,"Jatinangor, Sumedang",2026-09-24,32.11.15.2002,Hegarmanah,kecamatan,yes,-6.938,107.7556,Asia/Jakarta,"BMKG representative point: Hegarmanah, Kecamatan Jatinangor",24-09-2026,UKMO,Open-Meteo / UK Met Office,08:00,2026-09-24 08:00:00,23.0,75.0,0.0,2.5,0.0,1.3224,Cerah,wmo:0
jatinangor,"Jatinangor, Sumedang",2026-09-24,32.11.15.2002,Hegarmanah,kecamatan,yes,-6.938,107.7556,Asia/Jakarta,"BMKG representative point: Hegarmanah, Kecamatan Jatinangor",24-09-2026,UKMO,Open-Meteo / UK Met Office,09:00,2026-09-24 09:00:00,25.9,61.0,0.0,4.0,0.0,1.3224,Cerah,wmo:0
jatinangor,"Jatinangor, Sumedang",2026-09-24,32.11.15.2002,Hegarmanah,kecamatan,yes,-6.938,107.7556,Asia/Jakarta,"BMKG representative point: Hegarmanah, Kecamatan Jatinangor",24-09-2026,UKMO,Open-Meteo / UK Met Office,10:00,2026-09-24 10:00:00,28.0,52.0,0.0,6.1,0.0,1.3224,Cerah Berawan,wmo:1
jatinangor,"Jatinangor, Sumedang",2026-09-24,32.11.15.2002,Hegarmanah,kecamatan,yes,-6.938,107.7556,Asia/Jakarta,"BMKG representative point: Hegarmanah, Kecamatan Jatinangor",24-09-2026,UKMO,Open-Meteo / UK Met Office,11:00,2026-09-24 11:00:00,28.6,50.0,0.0,8.6,0.0,1.3224,Cerah Berawan,wmo:1
jatinangor,"Jatinangor, Sumedang",2026-09-24,32.11.15.2002,Hegarmanah,kecamatan,yes,-6.938,107.7556,Asia/Jakarta,"BMKG representative point: Hegarmanah, Kecamatan Jatinangor",24-09-2026,UKMO,Open-Meteo / UK Met Office,12:00,2026-09-24 12:00:00,28.3,52.0,0.0,11.9,0.0,1.3224,Cerah Berawan,wmo:2
jatinangor,"Jatinangor, Sumedang",2026-09-24,32.11.15.2002,Hegarmanah,kecamatan,yes,-6.938,107.7556,Asia/Jakarta,"BMKG representative point: Hegarmanah, Kecamatan Jatinangor",24-09-2026,UKMO,Open-Meteo / UK Met Office,13:00,2026-09-24 13:00:00,28.1,54.0,0.0,14.0,0.0,1.3224,Berawan,wmo:3
jatinangor,"Jatinangor, Sumedang",2026-09-24,32.11.15.2002,Hegarmanah,kecamatan,yes,-6.938,107.7556,Asia/Jakarta,"BMKG representative point: Hegarmanah, Kecamatan Jatinangor",24-09-2026,UKMO,Open-Meteo / UK Met Office,14:00,2026-09-24 14:00:00,29.8,46.0,0.1,13.0,0.0,1.3224,Hujan Ringan,wmo:51
jatinangor,"Jatinangor, Sumedang",2026-09-24,32.11.15.2002,Hegarmanah,kecamatan,yes,-6.938,107.7556,Asia/Jakarta,"BMKG representative point: Hegarmanah, Kecamatan Jatinangor",24-09-2026,UKMO,Open-Meteo / UK Met Office,15:00,2026-09-24 15:00:00,28.7,48.0,0.1,15.5,0.0,1.3224,Hujan Ringan,wmo:51
jatinangor,"Jatinangor, Sumedang",2026-09-24,32.11.15.2002,Hegarmanah,kecamatan,yes,-6.938,107.7556,Asia/Jakarta,"BMKG representative point: Hegarmanah, Kecamatan Jatinangor",24-09-2026,UKMO,Open-Meteo / UK Met Office,16:00,2026-09-24 16:00:00,27.5,51.0,0.1,16.6,0.0,1.3224,Hujan Ringan,wmo:51
jatinangor,"Jatinangor, Sumedang",2026-09-24,32.11.15.2002,Hegarmanah,kecamatan,yes,-6.938,107.7556,Asia/Jakarta,"BMKG representative point: Hegarmanah, Kecamatan Jatinangor",24-09-2026,UKMO,Open-Meteo / UK Met Office,17:00,2026-09-24 17:00:00,26.1,56.0,0.0,14.0,0.0,1.3224,Cerah Berawan,wmo:1
jatinangor,"Jatinangor, Sumedang",2026-09-24,32.11.15.2002,Hegarmanah,kecamatan,yes,-6.938,107.7556,Asia/Jakarta,"BMKG representative point: Hegarmanah, Kecamatan Jatinangor",24-09-2026,UKMO,Open-Meteo / UK Met Office,18:00,2026-09-24 18:00:00,24.6,62.0,0.0,10.1,0.0,1.3224,Cerah,wmo:0
jatinangor,"Jatinangor, Sumedang",2026-09-24,32.11.15.2002,Hegarmanah,kecamatan,yes,-6.938,107.7556,Asia/Jakarta,"BMKG representative point: Hegarmanah, Kecamatan Jatinangor",24-09-2026,UKMO,Open-Meteo / UK Met Office,19:00,2026-09-24 19:00:00,23.2,69.0,0.0,6.5,0.0,1.3224,Cerah,wmo:0
jatinangor,"Jatinangor, Sumedang",2026-09-24,32.11.15.2002,Hegarmanah,kecamatan,yes,-6.938,107.7556,Asia/Jakarta,"BMKG representative point: Hegarmanah, Kecamatan Jatinangor",24-09-2026,UKMO,Open-Meteo / UK Met Office,20:00,2026-09-24 20:00:00,22.1,76.0,0.0,5.0,0.0,1.3224,Cerah,wmo:0
jatinangor,"Jatinangor, Sumedang",2026-09-24,32.11.15.2002,Hegarmanah,kecamatan,yes,-6.938,107.7556,Asia/Jakarta,"BMKG representative point: Hegarmanah, Kecamatan Jatinangor",24-09-2026,UKMO,Open-Meteo / UK Met Office,21:00,2026-09-24 21:00:00,21.2,82.0,0.0,4.0,0.0,1.3224,Cerah,wmo:0
jatinangor,"Jatinangor, Sumedang",2026-09-24,32.11.15.2002,Hegarmanah,kecamatan,yes,-6.938,107.7556,Asia/Jakarta,"BMKG representative point: Hegarmanah, Kecamatan Jatinangor",24-09-2026,UKMO,Open-Meteo / UK Met Office,22:00,2026-09-24 22:00:00,20.4,88.0,0.0,3.2,0.0,1.3224,Cerah,wmo:0
jatinangor,"Jatinangor, Sumedang",2026-09-24,32.11.15.2002,Hegarmanah,kecamatan,yes,-6.938,107.7556,Asia/Jakarta,"BMKG representative point: Hegarmanah, Kecamatan Jatinangor",24-09-2026,UKMO,Open-Meteo / UK Met Office,23:00,2026-09-24 23:00:00,19.7,92.0,0.0,2.2,0.0,1.3224,Cerah,wmo:0
arjawinangun,"Arjawinangun, Cirebon",2026-09-22,32.09.24.2004,Arjawinangun,kecamatan,no,-6.6453,108.4103,Asia/Jakarta,"BMKG point: Arjawinangun, Kecamatan Arjawinangun",22-09-2026,BMKG,BMKG,07:00,2026-09-22 10:00:00,35.0,34.0,0.0,8.1,180.0,0.8311,Cerah Berawan,Cerah Berawan
arjawinangun,"Arjawinangun, Cirebon",2026-09-22,32.09.24.2004,Arjawinangun,kecamatan,no,-6.6453,108.4103,Asia/Jakarta,"BMKG point: Arjawinangun, Kecamatan Arjawinangun",22-09-2026,BMKG,BMKG,08:00,2026-09-22 10:00:00,35.0,34.0,0.0,8.1,120.0,0.8311,Cerah Berawan,Cerah Berawan
arjawinangun,"Arjawinangun, Cirebon",2026-09-22,32.09.24.2004,Arjawinangun,kecamatan,no,-6.6453,108.4103,Asia/Jakarta,"BMKG point: Arjawinangun, Kecamatan Arjawinangun",22-09-2026,BMKG,BMKG,09:00,2026-09-22 10:00:00,35.0,34.0,0.0,8.1,60.0,1.1333,Cerah Berawan,Cerah Berawan
arjawinangun,"Arjawinangun, Cirebon",2026-09-22,32.09.24.2004,Arjawinangun,kecamatan,no,-6.6453,108.4103,Asia/Jakarta,"BMKG point: Arjawinangun, Kecamatan Arjawinangun",22-09-2026,BMKG,BMKG,10:00,2026-09-22 10:00:00,35.0,34.0,0.0,8.1,0.0,1.511,Cerah Berawan,Cerah Berawan
arjawinangun,"Arjawinangun, Cirebon",2026-09-22,32.09.24.2004,Arjawinangun,kecamatan,no,-6.6453,108.4103,Asia/Jakarta,"BMKG point: Arjawinangun, Kecamatan Arjawinangun",22-09-2026,BMKG,BMKG,11:00,2026-09-22 10:00:00,35.0,34.0,0.0,8.1,60.0,1.1333,Cerah Berawan,Cerah Berawan
arjawinangun,"Arjawinangun, Cirebon",2026-09-22,32.09.24.2004,Arjawinangun,kecamatan,no,-6.6453,108.4103,Asia/Jakarta,"BMKG point: Arjawinangun, Kecamatan Arjawinangun",22-09-2026,BMKG,BMKG,12:00,2026-09-22 13:00:00,35.0,37.0,0.0,15.8,60.0,1.1333,Cerah Berawan,Cerah Berawan
arjawinangun,"Arjawinangun, Cirebon",2026-09-22,32.09.24.2004,Arjawinangun,kecamatan,no,-6.6453,108.4103,Asia/Jakarta,"BMKG point: Arjawinangun, Kecamatan Arjawinangun",22-09-2026,BMKG,BMKG,13:00,2026-09-22 13:00:00,35.0,37.0,0.0,15.8,0.0,1.511,Cerah Berawan,Cerah Berawan
arjawinangun,"Arjawinangun, Cirebon",2026-09-22,32.09.24.2004,Arjawinangun,kecamatan,no,-6.6453,108.4103,Asia/Jakarta,"BMKG point: Arjawinangun, Kecamatan Arjawinangun",22-09-2026,BMKG,BMKG,14:00,2026-09-22 13:00:00,35.0,37.0,0.0,15.8,60.0,1.1333,Cerah Berawan,Cerah Berawan
arjawinangun,"Arjawinangun, Cirebon",2026-09-22,32.09.24.2004,Arjawinangun,kecamatan,no,-6.6453,108.4103,Asia/Jakarta,"BMKG point: Arjawinangun, Kecamatan Arjawinangun",22-09-2026,BMKG,BMKG,15:00,2026-09-22 16:00:00,31.0,50.0,0.0,14.2,60.0,1.1333,Cerah,Cerah
arjawinangun,"Arjawinangun, Cirebon",2026-09-22,32.09.24.2004,Arjawinangun,kecamatan,no,-6.6453,108.4103,Asia/Jakarta,"BMKG point: Arjawinangun, Kecamatan Arjawinangun",22-09-2026,BMKG,BMKG,16:00,2026-09-22 16:00:00,31.0,50.0,0.0,14.2,0.0,1.511,Cerah,Cerah
arjawinangun,"Arjawinangun, Cirebon",2026-09-22,32.09.24.2004,Arjawinangun,kecamatan,no,-6.6453,108.4103,Asia/Jakarta,"BMKG point: Arjawinangun, Kecamatan Arjawinangun",22-09-2026,BMKG,BMKG,17:00,2026-09-22 16:00:00,31.0,50.0,0.0,14.2,60.0,1.1333,Cerah,Cerah
arjawinangun,"Arjawinangun, Cirebon",2026-09-22,32.09.24.2004,Arjawinangun,kecamatan,no,-6.6453,108.4103,Asia/Jakarta,"BMKG point: Arjawinangun, Kecamatan Arjawinangun",22-09-2026,BMKG,BMKG,18:00,2026-09-22 19:00:00,29.0,65.0,0.0,7.1,60.0,1.1333,Cerah,Cerah
arjawinangun,"Arjawinangun, Cirebon",2026-09-22,32.09.24.2004,Arjawinangun,kecamatan,no,-6.6453,108.4103,Asia/Jakarta,"BMKG point: Arjawinangun, Kecamatan Arjawinangun",22-09-2026,BMKG,BMKG,19:00,2026-09-22 19:00:00,29.0,65.0,0.0,7.1,0.0,1.511,Cerah,Cerah
arjawinangun,"Arjawinangun, Cirebon",2026-09-22,32.09.24.2004,Arjawinangun,kecamatan,no,-6.6453,108.4103,Asia/Jakarta,"BMKG point: Arjawinangun, Kecamatan Arjawinangun",22-09-2026,BMKG,BMKG,20:00,2026-09-22 19:00:00,29.0,65.0,0.0,7.1,60.0,1.1333,Cerah,Cerah
arjawinangun,"Arjawinangun, Cirebon",2026-09-22,32.09.24.2004,Arjawinangun,kecamatan,no,-6.6453,108.4103,Asia/Jakarta,"BMKG point: Arjawinangun, Kecamatan Arjawinangun",22-09-2026,BMKG,BMKG,21:00,2026-09-22 22:00:00,28.0,70.0,0.0,3.5,60.0,1.1333,Cerah,Cerah
arjawinangun,"Arjawinangun, Cirebon",2026-09-22,32.09.24.2004,Arjawinangun,kecamatan,no,-6.6453,108.4103,Asia/Jakarta,"BMKG point: Arjawinangun, Kecamatan Arjawinangun",22-09-2026,BMKG,BMKG,22:00,2026-09-22 22:00:00,28.0,70.0,0.0,3.5,0.0,1.511,Cerah,Cerah
arjawinangun,"Arjawinangun, Cirebon",2026-09-22,32.09.24.2004,Arjawinangun,kecamatan,no,-6.6453,108.4103,Asia/Jakarta,"BMKG point: Arjawinangun, Kecamatan Arjawinangun",22-09-2026,BMKG,BMKG,23:00,2026-09-22 22:00:00,28.0,70.0,0.0,3.5,60.0,1.1333,Cerah,Cerah
arjawinangun,"Arjawinangun, Cirebon",2026-09-22,32.09.24.2004,Arjawinangun,kecamatan,no,-6.6453,108.4103,Asia/Jakarta,"BMKG point: Arjawinangun, Kecamatan Arjawinangun",22-09-2026,CMA,Open-Meteo / CMA GRAPES,00:00,2026-09-22 00:00:00,24.5,79.0,0.0,11.0,0.0,1.1437,Cerah,wmo:0
arjawinangun,"Arjawinangun, Cirebon",2026-09-22,32.09.24.2004,Arjawinangun,kecamatan,no,-6.6453,108.4103,Asia/Jakarta,"BMKG point: Arjawinangun, Kecamatan Arjawinangun",22-09-2026,CMA,Open-Meteo / CMA GRAPES,01:00,2026-09-22 01:00:00,24.3,80.0,0.0,10.8,0.0,1.1437,Cerah,wmo:0
arjawinangun,"Arjawinangun, Cirebon",2026-09-22,32.09.24.2004,Arjawinangun,kecamatan,no,-6.6453,108.4103,Asia/Jakarta,"BMKG point: Arjawinangun, Kecamatan Arjawinangun",22-09-2026,CMA,Open-Meteo / CMA GRAPES,02:00,2026-09-22 02:00:00,24.2,81.0,0.0,10.5,0.0,1.1437,Cerah,wmo:0
arjawinangun,"Arjawinangun, Cirebon",2026-09-22,32.09.24.2004,Arjawinangun,kecamatan,no,-6.6453,108.4103,Asia/Jakarta,"BMKG point: Arjawinangun, Kecamatan Arjawinangun",22-09-2026,CMA,Open-Meteo / CMA GRAPES,03:00,2026-09-22 03:00:00,24.1,81.0,0.0,10.2,0.0,1.1437,Cerah,wmo:0
arjawinangun,"Arjawinangun, Cirebon",2026-09-22,32.09.24.2004,Arjawinangun,kecamatan,no,-6.6453,108.4103,Asia/Jakarta,"BMKG point: Arjawinangun, Kecamatan Arjawinangun",22-09-2026,CMA,Open-Meteo / CMA GRAPES,04:00,2026-09-22 04:00:00,24.1,81.0,0.0,10.2,0.0,1.1437,Cerah,wmo:0
arjawinangun,"Arjawinangun, Cirebon",2026-09-22,32.09.24.2004,Arjawinangun,kecamatan,no,-6.6453,108.4103,Asia/Jakarta,"BMKG point: Arjawinangun, Kecamatan Arjawinangun",22-09-2026,CMA,Open-Meteo / CMA GRAPES,05:00,2026-09-22 05:00:00,24.2,81.0,0.0,10.6,0.0,1.1437,Cerah,wmo:0
arjawinangun,"Arjawinangun, Cirebon",2026-09-22,32.09.24.2004,Arjawinangun,kecamatan,no,-6.6453,108.4103,Asia/Jakarta,"BMKG point: Arjawinangun, Kecamatan Arjawinangun",22-09-2026,CMA,Open-Meteo / CMA GRAPES,06:00,2026-09-22 06:00:00,24.4,80.0,0.0,11.3,0.0,1.1437,Cerah,wmo:0
arjawinangun,"Arjawinangun, Cirebon",2026-09-22,32.09.24.2004,Arjawinangun,kecamatan,no,-6.6453,108.4103,Asia/Jakarta,"BMKG point: Arjawinangun, Kecamatan Arjawinangun",22-09-2026,CMA,Open-Meteo / CMA GRAPES,07:00,2026-09-22 07:00:00,25.1,77.0,0.0,11.3,0.0,1.1437,Cerah,wmo:0
arjawinangun,"Arjawinangun, Cirebon",2026-09-22,32.09.24.2004,Arjawinangun,kecamatan,no,-6.6453,108.4103,Asia/Jakarta,"BMKG point: Arjawinangun, Kecamatan Arjawinangun",22-09-2026,CMA,Open-Meteo / CMA GRAPES,08:00,2026-09-22 08:00:00,26.4,69.0,0.0,10.7,0.0,1.1437,Cerah,wmo:0
arjawinangun,"Arjawinangun, Cirebon",2026-09-22,32.09.24.2004,Arjawinangun,kecamatan,no,-6.6453,108.4103,Asia/Jakarta,"BMKG point: Arjawinangun, Kecamatan Arjawinangun",22-09-2026,CMA,Open-Meteo / CMA GRAPES,09:00,2026-09-22 09:00:00,28.2,58.0,0.0,10.1,0.0,1.1437,Cerah,wmo:0
arjawinangun,"Arjawinangun, Cirebon",2026-09-22,32.09.24.2004,Arjawinangun,kecamatan,no,-6.6453,108.4103,Asia/Jakarta,"BMKG point: Arjawinangun, Kecamatan Arjawinangun",22-09-2026,CMA,Open-Meteo / CMA GRAPES,10:00,2026-09-22 10:00:00,29.8,49.0,0.0,9.6,0.0,1.1437,Cerah,wmo:0
arjawinangun,"Arjawinangun, Cirebon",2026-09-22,32.09.24.2004,Arjawinangun,kecamatan,no,-6.6453,108.4103,Asia/Jakarta,"BMKG point: Arjawinangun, Kecamatan Arjawinangun",22-09-2026,CMA,Open-Meteo / CMA GRAPES,11:00,2026-09-22 11:00:00,31.1,43.0,0.0,9.7,0.0,1.1437,Cerah,wmo:0
arjawinangun,"Arjawinangun, Cirebon",2026-09-22,32.09.24.2004,Arjawinangun,kecamatan,no,-6.6453,108.4103,Asia/Jakarta,"BMKG point: Arjawinangun, Kecamatan Arjawinangun",22-09-2026,CMA,Open-Meteo / CMA GRAPES,12:00,2026-09-22 12:00:00,32.3,39.0,0.0,10.2,0.0,1.1437,Cerah,wmo:0
arjawinangun,"Arjawinangun, Cirebon",2026-09-22,32.09.24.2004,Arjawinangun,kecamatan,no,-6.6453,108.4103,Asia/Jakarta,"BMKG point: Arjawinangun, Kecamatan Arjawinangun",22-09-2026,CMA,Open-Meteo / CMA GRAPES,13:00,2026-09-22 13:00:00,32.9,37.0,0.0,10.6,0.0,1.1437,Cerah,wmo:0
arjawinangun,"Arjawinangun, Cirebon",2026-09-22,32.09.24.2004,Arjawinangun,kecamatan,no,-6.6453,108.4103,Asia/Jakarta,"BMKG point: Arjawinangun, Kecamatan Arjawinangun",22-09-2026,CMA,Open-Meteo / CMA GRAPES,14:00,2026-09-22 14:00:00,33.0,39.0,0.0,11.0,0.0,1.1437,Cerah,wmo:0
arjawinangun,"Arjawinangun, Cirebon",2026-09-22,32.09.24.2004,Arjawinangun,kecamatan,no,-6.6453,108.4103,Asia/Jakarta,"BMKG point: Arjawinangun, Kecamatan Arjawinangun",22-09-2026,CMA,Open-Meteo / CMA GRAPES,15:00,2026-09-22 15:00:00,32.5,44.0,0.0,11.5,0.0,1.1437,Cerah,wmo:0
arjawinangun,"Arjawinangun, Cirebon",2026-09-22,32.09.24.2004,Arjawinangun,kecamatan,no,-6.6453,108.4103,Asia/Jakarta,"BMKG point: Arjawinangun, Kecamatan Arjawinangun",22-09-2026,CMA,Open-Meteo / CMA GRAPES,16:00,2026-09-22 16:00:00,31.7,50.0,0.0,11.8,0.0,1.1437,Cerah,wmo:0
arjawinangun,"Arjawinangun, Cirebon",2026-09-22,32.09.24.2004,Arjawinangun,kecamatan,no,-6.6453,108.4103,Asia/Jakarta,"BMKG point: Arjawinangun, Kecamatan Arjawinangun",22-09-2026,CMA,Open-Meteo / CMA GRAPES,17:00,2026-09-22 17:00:00,30.4,57.0,0.0,11.7,0.0,1.1437,Cerah,wmo:0
arjawinangun,"Arjawinangun, Cirebon",2026-09-22,32.09.24.2004,Arjawinangun,kecamatan,no,-6.6453,108.4103,Asia/Jakarta,"BMKG point: Arjawinangun, Kecamatan Arjawinangun",22-09-2026,CMA,Open-Meteo / CMA GRAPES,18:00,2026-09-22 18:00:00,28.7,65.0,0.0,11.5,0.0,1.1437,Cerah,wmo:0
arjawinangun,"Arjawinangun, Cirebon",2026-09-22,32.09.24.2004,Arjawinangun,kecamatan,no,-6.6453,108.4103,Asia/Jakarta,"BMKG point: Arjawinangun, Kecamatan Arjawinangun",22-09-2026,CMA,Open-Meteo / CMA GRAPES,19:00,2026-09-22 19:00:00,27.3,71.0,0.0,11.3,0.0,1.1437,Cerah,wmo:0
arjawinangun,"Arjawinangun, Cirebon",2026-09-22,32.09.24.2004,Arjawinangun,kecamatan,no,-6.6453,108.4103,Asia/Jakarta,"BMKG point: Arjawinangun, Kecamatan Arjawinangun",22-09-2026,CMA,Open-Meteo / CMA GRAPES,20:00,2026-09-22 20:00:00,26.2,75.0,0.0,10.7,0.0,1.1437,Cerah,wmo:0
arjawinangun,"Arjawinangun, Cirebon",2026-09-22,32.09.24.2004,Arjawinangun,kecamatan,no,-6.6453,108.4103,Asia/Jakarta,"BMKG point: Arjawinangun, Kecamatan Arjawinangun",22-09-2026,CMA,Open-Meteo / CMA GRAPES,21:00,2026-09-22 21:00:00,25.4,79.0,0.0,10.8,0.0,1.1437,Cerah,wmo:0
arjawinangun,"Arjawinangun, Cirebon",2026-09-22,32.09.24.2004,Arjawinangun,kecamatan,no,-6.6453,108.4103,Asia/Jakarta,"BMKG point: Arjawinangun, Kecamatan Arjawinangun",22-09-2026,CMA,Open-Meteo / CMA GRAPES,22:00,2026-09-22 22:00:00,24.8,81.0,0.0,11.4,0.0,1.1437,Cerah,wmo:0
arjawinangun,"Arjawinangun, Cirebon",2026-09-22,32.09.24.2004,Arjawinangun,kecamatan,no,-6.6453,108.4103,Asia/Jakarta,"BMKG point: Arjawinangun, Kecamatan Arjawinangun",22-09-2026,CMA,Open-Meteo / CMA GRAPES,23:00,2026-09-22 23:00:00,24.4,82.0,0.0,11.7,0.0,1.1437,Cerah,wmo:0
arjawinangun,"Arjawinangun, Cirebon",2026-09-22,32.09.24.2004,Arjawinangun,kecamatan,no,-6.6453,108.4103,Asia/Jakarta,"BMKG point: Arjawinangun, Kecamatan Arjawinangun",22-09-2026,ECMWF,Open-Meteo / ECMWF,00:00,2026-09-22 00:00:00,25.6,69.0,0.0,3.6,0.0,1.7062,Cerah Berawan,wmo:1
arjawinangun,"Arjawinangun, Cirebon",2026-09-22,32.09.24.2004,Arjawinangun,kecamatan,no,-6.6453,108.4103,Asia/Jakarta,"BMKG point: Arjawinangun, Kecamatan Arjawinangun",22-09-2026,ECMWF,Open-Meteo / ECMWF,01:00,2026-09-22 01:00:00,25.1,70.0,0.0,2.9,0.0,1.7062,Cerah Berawan,wmo:2
arjawinangun,"Arjawinangun, Cirebon",2026-09-22,32.09.24.2004,Arjawinangun,kecamatan,no,-6.6453,108.4103,Asia/Jakarta,"BMKG point: Arjawinangun, Kecamatan Arjawinangun",22-09-2026,ECMWF,Open-Meteo / ECMWF,02:00,2026-09-22 02:00:00,24.6,70.0,0.0,2.5,0.0,1.7062,Berawan,wmo:3
arjawinangun,"Arjawinangun, Cirebon",2026-09-22,32.09.24.2004,Arjawinangun,kecamatan,no,-6.6453,108.4103,Asia/Jakarta,"BMKG point: Arjawinangun, Kecamatan Arjawinangun",22-09-2026,ECMWF,Open-Meteo / ECMWF,03:00,2026-09-22 03:00:00,24.2,69.0,0.0,2.9,0.0,1.7062,Berawan,wmo:3
arjawinangun,"Arjawinangun, Cirebon",2026-09-22,32.09.24.2004,Arjawinangun,kecamatan,no,-6.6453,108.4103,Asia/Jakarta,"BMKG point: Arjawinangun, Kecamatan Arjawinangun",22-09-2026,ECMWF,Open-Meteo / ECMWF,04:00,2026-09-22 04:00:00,24.3,67.0,0.0,2.9,0.0,1.7062,Berawan,wmo:3
arjawinangun,"Arjawinangun, Cirebon",2026-09-22,32.09.24.2004,Arjawinangun,kecamatan,no,-6.6453,108.4103,Asia/Jakarta,"BMKG point: Arjawinangun, Kecamatan Arjawinangun",22-09-2026,ECMWF,Open-Meteo / ECMWF,05:00,2026-09-22 05:00:00,24.9,63.0,0.0,3.3,0.0,1.7062,Berawan,wmo:3
arjawinangun,"Arjawinangun, Cirebon",2026-09-22,32.09.24.2004,Arjawinangun,kecamatan,no,-6.6453,108.4103,Asia/Jakarta,"BMKG point: Arjawinangun, Kecamatan Arjawinangun",22-09-2026,ECMWF,Open-Meteo / ECMWF,06:00,2026-09-22 06:00:00,26.0,58.0,0.0,3.7,0.0,1.7062,Berawan,wmo:3
arjawinangun,"Arjawinangun, Cirebon",2026-09-22,32.09.24.2004,Arjawinangun,kecamatan,no,-6.6453,108.4103,Asia/Jakarta,"BMKG point: Arjawinangun, Kecamatan Arjawinangun",22-09-2026,ECMWF,Open-Meteo / ECMWF,07:00,2026-09-22 07:00:00,27.5,52.0,0.0,4.0,0.0,1.7062,Berawan,wmo:3
arjawinangun,"Arjawinangun, Cirebon",2026-09-22,32.09.24.2004,Arjawinangun,kecamatan,no,-6.6453,108.4103,Asia/Jakarta,"BMKG point: Arjawinangun, Kecamatan Arjawinangun",22-09-2026,ECMWF,Open-Meteo / ECMWF,08:00,2026-09-22 08:00:00,29.5,45.0,0.0,5.4,0.0,1.7062,Berawan,wmo:3
arjawinangun,"Arjawinangun, Cirebon",2026-09-22,32.09.24.2004,Arjawinangun,kecamatan,no,-6.6453,108.4103,Asia/Jakarta,"BMKG point: Arjawinangun, Kecamatan Arjawinangun",22-09-2026,ECMWF,Open-Meteo / ECMWF,09:00,2026-09-22 09:00:00,31.9,38.0,0.0,8.9,0.0,1.7062,Berawan,wmo:3
arjawinangun,"Arjawinangun, Cirebon",2026-09-22,32.09.24.2004,Arjawinangun,kecamatan,no,-6.6453,108.4103,Asia/Jakarta,"BMKG point: Arjawinangun, Kecamatan Arjawinangun",22-09-2026,ECMWF,Open-Meteo / ECMWF,10:00,2026-09-22 10:00:00,33.6,33.0,0.0,12.0,0.0,1.7062,Berawan,wmo:3
arjawinangun,"Arjawinangun, Cirebon",2026-09-22,32.09.24.2004,Arjawinangun,kecamatan,no,-6.6453,108.4103,Asia/Jakarta,"BMKG point: Arjawinangun, Kecamatan Arjawinangun",22-09-2026,ECMWF,Open-Meteo / ECMWF,11:00,2026-09-22 11:00:00,34.5,33.0,0.0,13.1,0.0,1.7062,Berawan,wmo:3
arjawinangun,"Arjawinangun, Cirebon",2026-09-22,32.09.24.2004,Arjawinangun,kecamatan,no,-6.6453,108.4103,Asia/Jakarta,"BMKG point: Arjawinangun, Kecamatan Arjawinangun",22-09-2026,ECMWF,Open-Meteo / ECMWF,12:00,2026-09-22 12:00:00,34.7,36.0,0.0,14.1,0.0,1.7062,Berawan,wmo:3
arjawinangun,"Arjawinangun, Cirebon",2026-09-22,32.09.24.2004,Arjawinangun,kecamatan,no,-6.6453,108.4103,Asia/Jakarta,"BMKG point: Arjawinangun, Kecamatan Arjawinangun",22-09-2026,ECMWF,Open-Meteo / ECMWF,13:00,2026-09-22 13:00:00,34.6,40.0,0.0,14.8,0.0,1.7062,Berawan,wmo:3
arjawinangun,"Arjawinangun, Cirebon",2026-09-22,32.09.24.2004,Arjawinangun,kecamatan,no,-6.6453,108.4103,Asia/Jakarta,"BMKG point: Arjawinangun, Kecamatan Arjawinangun",22-09-2026,ECMWF,Open-Meteo / ECMWF,14:00,2026-09-22 14:00:00,33.9,45.0,0.1,15.4,0.0,1.7062,Hujan Ringan,wmo:51
arjawinangun,"Arjawinangun, Cirebon",2026-09-22,32.09.24.2004,Arjawinangun,kecamatan,no,-6.6453,108.4103,Asia/Jakarta,"BMKG point: Arjawinangun, Kecamatan Arjawinangun",22-09-2026,ECMWF,Open-Meteo / ECMWF,15:00,2026-09-22 15:00:00,32.9,50.0,0.1,15.4,0.0,1.7062,Hujan Ringan,wmo:51
arjawinangun,"Arjawinangun, Cirebon",2026-09-22,32.09.24.2004,Arjawinangun,kecamatan,no,-6.6453,108.4103,Asia/Jakarta,"BMKG point: Arjawinangun, Kecamatan Arjawinangun",22-09-2026,ECMWF,Open-Meteo / ECMWF,16:00,2026-09-22 16:00:00,31.8,54.0,0.1,14.5,0.0,1.7062,Hujan Ringan,wmo:51
arjawinangun,"Arjawinangun, Cirebon",2026-09-22,32.09.24.2004,Arjawinangun,kecamatan,no,-6.6453,108.4103,Asia/Jakarta,"BMKG point: Arjawinangun, Kecamatan Arjawinangun",22-09-2026,ECMWF,Open-Meteo / ECMWF,17:00,2026-09-22 17:00:00,30.8,56.0,0.0,12.4,0.0,1.7062,Cerah Berawan,wmo:2
arjawinangun,"Arjawinangun, Cirebon",2026-09-22,32.09.24.2004,Arjawinangun,kecamatan,no,-6.6453,108.4103,Asia/Jakarta,"BMKG point: Arjawinangun, Kecamatan Arjawinangun",22-09-2026,ECMWF,Open-Meteo / ECMWF,18:00,2026-09-22 18:00:00,29.8,56.0,0.0,9.7,0.0,1.7062,Cerah Berawan,wmo:2
arjawinangun,"Arjawinangun, Cirebon",2026-09-22,32.09.24.2004,Arjawinangun,kecamatan,no,-6.6453,108.4103,Asia/Jakarta,"BMKG point: Arjawinangun, Kecamatan Arjawinangun",22-09-2026,ECMWF,Open-Meteo / ECMWF,19:00,2026-09-22 19:00:00,28.9,57.0,0.0,7.3,0.0,1.7062,Cerah Berawan,wmo:1
arjawinangun,"Arjawinangun, Cirebon",2026-09-22,32.09.24.2004,Arjawinangun,kecamatan,no,-6.6453,108.4103,Asia/Jakarta,"BMKG point: Arjawinangun, Kecamatan Arjawinangun",22-09-2026,ECMWF,Open-Meteo / ECMWF,20:00,2026-09-22 20:00:00,28.1,60.0,0.0,4.7,0.0,1.7062,Cerah Berawan,wmo:1
arjawinangun,"Arjawinangun, Cirebon",2026-09-22,32.09.24.2004,Arjawinangun,kecamatan,no,-6.6453,108.4103,Asia/Jakarta,"BMKG point: Arjawinangun, Kecamatan Arjawinangun",22-09-2026,ECMWF,Open-Meteo / ECMWF,21:00,2026-09-22 21:00:00,27.4,63.0,0.0,2.4,0.0,1.7062,Cerah Berawan,wmo:1
arjawinangun,"Arjawinangun, Cirebon",2026-09-22,32.09.24.2004,Arjawinangun,kecamatan,no,-6.6453,108.4103,Asia/Jakarta,"BMKG point: Arjawinangun, Kecamatan Arjawinangun",22-09-2026,ECMWF,Open-Meteo / ECMWF,22:00,2026-09-22 22:00:00,26.8,66.0,0.0,2.4,0.0,1.7062,Cerah Berawan,wmo:1
arjawinangun,"Arjawinangun, Cirebon",2026-09-22,32.09.24.2004,Arjawinangun,kecamatan,no,-6.6453,108.4103,Asia/Jakarta,"BMKG point: Arjawinangun, Kecamatan Arjawinangun",22-09-2026,ECMWF,Open-Meteo / ECMWF,23:00,2026-09-22 23:00:00,26.2,68.0,0.0,2.6,0.0,1.7062,Cerah Berawan,wmo:2
arjawinangun,"Arjawinangun, Cirebon",2026-09-22,32.09.24.2004,Arjawinangun,kecamatan,no,-6.6453,108.4103,Asia/Jakarta,"BMKG point: Arjawinangun, Kecamatan Arjawinangun",22-09-2026,GFS,Open-Meteo / NOAA GFS,00:00,2026-09-22 00:00:00,25.2,61.0,0.0,5.4,0.0,1.4035,Cerah,wmo:0
arjawinangun,"Arjawinangun, Cirebon",2026-09-22,32.09.24.2004,Arjawinangun,kecamatan,no,-6.6453,108.4103,Asia/Jakarta,"BMKG point: Arjawinangun, Kecamatan Arjawinangun",22-09-2026,GFS,Open-Meteo / NOAA GFS,01:00,2026-09-22 01:00:00,24.7,61.0,0.0,4.4,0.0,1.4035,Berawan,wmo:3
arjawinangun,"Arjawinangun, Cirebon",2026-09-22,32.09.24.2004,Arjawinangun,kecamatan,no,-6.6453,108.4103,Asia/Jakarta,"BMKG point: Arjawinangun, Kecamatan Arjawinangun",22-09-2026,GFS,Open-Meteo / NOAA GFS,02:00,2026-09-22 02:00:00,24.3,61.0,0.0,3.2,0.0,1.4035,Berawan,wmo:3
arjawinangun,"Arjawinangun, Cirebon",2026-09-22,32.09.24.2004,Arjawinangun,kecamatan,no,-6.6453,108.4103,Asia/Jakarta,"BMKG point: Arjawinangun, Kecamatan Arjawinangun",22-09-2026,GFS,Open-Meteo / NOAA GFS,03:00,2026-09-22 03:00:00,23.9,61.0,0.0,2.9,0.0,1.4035,Cerah Berawan,wmo:2
arjawinangun,"Arjawinangun, Cirebon",2026-09-22,32.09.24.2004,Arjawinangun,kecamatan,no,-6.6453,108.4103,Asia/Jakarta,"BMKG point: Arjawinangun, Kecamatan Arjawinangun",22-09-2026,GFS,Open-Meteo / NOAA GFS,04:00,2026-09-22 04:00:00,23.6,61.0,0.0,3.6,0.0,1.4035,Cerah,wmo:0
arjawinangun,"Arjawinangun, Cirebon",2026-09-22,32.09.24.2004,Arjawinangun,kecamatan,no,-6.6453,108.4103,Asia/Jakarta,"BMKG point: Arjawinangun, Kecamatan Arjawinangun",22-09-2026,GFS,Open-Meteo / NOAA GFS,05:00,2026-09-22 05:00:00,23.3,60.0,0.0,2.2,0.0,1.4035,Berawan,wmo:3
arjawinangun,"Arjawinangun, Cirebon",2026-09-22,32.09.24.2004,Arjawinangun,kecamatan,no,-6.6453,108.4103,Asia/Jakarta,"BMKG point: Arjawinangun, Kecamatan Arjawinangun",22-09-2026,GFS,Open-Meteo / NOAA GFS,06:00,2026-09-22 06:00:00,23.7,59.0,0.0,2.3,0.0,1.4035,Berawan,wmo:3
arjawinangun,"Arjawinangun, Cirebon",2026-09-22,32.09.24.2004,Arjawinangun,kecamatan,no,-6.6453,108.4103,Asia/Jakarta,"BMKG point: Arjawinangun, Kecamatan Arjawinangun",22-09-2026,GFS,Open-Meteo / NOAA GFS,07:00,2026-09-22 07:00:00,26.3,49.0,0.0,3.4,0.0,1.4035,Berawan,wmo:3
arjawinangun,"Arjawinangun, Cirebon",2026-09-22,32.09.24.2004,Arjawinangun,kecamatan,no,-6.6453,108.4103,Asia/Jakarta,"BMKG point: Arjawinangun, Kecamatan Arjawinangun",22-09-2026,GFS,Open-Meteo / NOAA GFS,08:00,2026-09-22 08:00:00,29.5,38.0,0.0,3.7,0.0,1.4035,Berawan,wmo:3
arjawinangun,"Arjawinangun, Cirebon",2026-09-22,32.09.24.2004,Arjawinangun,kecamatan,no,-6.6453,108.4103,Asia/Jakarta,"BMKG point: Arjawinangun, Kecamatan Arjawinangun",22-09-2026,GFS,Open-Meteo / NOAA GFS,09:00,2026-09-22 09:00:00,32.3,30.0,0.0,8.0,0.0,1.4035,Cerah Berawan,wmo:2
arjawinangun,"Arjawinangun, Cirebon",2026-09-22,32.09.24.2004,Arjawinangun,kecamatan,no,-6.6453,108.4103,Asia/Jakarta,"BMKG point: Arjawinangun, Kecamatan Arjawinangun",22-09-2026,GFS,Open-Meteo / NOAA GFS,10:00,2026-09-22 10:00:00,34.4,26.0,0.0,13.3,0.0,1.4035,Cerah,wmo:0
arjawinangun,"Arjawinangun, Cirebon",2026-09-22,32.09.24.2004,Arjawinangun,kecamatan,no,-6.6453,108.4103,Asia/Jakarta,"BMKG point: Arjawinangun, Kecamatan Arjawinangun",22-09-2026,GFS,Open-Meteo / NOAA GFS,11:00,2026-09-22 11:00:00,36.0,24.0,0.0,19.7,0.0,1.4035,Cerah,wmo:0
arjawinangun,"Arjawinangun, Cirebon",2026-09-22,32.09.24.2004,Arjawinangun,kecamatan,no,-6.6453,108.4103,Asia/Jakarta,"BMKG point: Arjawinangun, Kecamatan Arjawinangun",22-09-2026,GFS,Open-Meteo / NOAA GFS,12:00,2026-09-22 12:00:00,35.8,26.0,0.0,27.7,0.0,1.4035,Cerah,wmo:0
arjawinangun,"Arjawinangun, Cirebon",2026-09-22,32.09.24.2004,Arjawinangun,kecamatan,no,-6.6453,108.4103,Asia/Jakarta,"BMKG point: Arjawinangun, Kecamatan Arjawinangun",22-09-2026,GFS,Open-Meteo / NOAA GFS,13:00,2026-09-22 13:00:00,35.1,29.0,0.0,28.6,0.0,1.4035,Cerah,wmo:0
arjawinangun,"Arjawinangun, Cirebon",2026-09-22,32.09.24.2004,Arjawinangun,kecamatan,no,-6.6453,108.4103,Asia/Jakarta,"BMKG point: Arjawinangun, Kecamatan Arjawinangun",22-09-2026,GFS,Open-Meteo / NOAA GFS,14:00,2026-09-22 14:00:00,34.3,33.0,0.0,24.7,0.0,1.4035,Cerah,wmo:0
arjawinangun,"Arjawinangun, Cirebon",2026-09-22,32.09.24.2004,Arjawinangun,kecamatan,no,-6.6453,108.4103,Asia/Jakarta,"BMKG point: Arjawinangun, Kecamatan Arjawinangun",22-09-2026,GFS,Open-Meteo / NOAA GFS,15:00,2026-09-22 15:00:00,33.0,38.0,0.0,22.1,0.0,1.4035,Berawan,wmo:3
arjawinangun,"Arjawinangun, Cirebon",2026-09-22,32.09.24.2004,Arjawinangun,kecamatan,no,-6.6453,108.4103,Asia/Jakarta,"BMKG point: Arjawinangun, Kecamatan Arjawinangun",22-09-2026,GFS,Open-Meteo / NOAA GFS,16:00,2026-09-22 16:00:00,31.5,45.0,0.0,20.6,0.0,1.4035,Cerah Berawan,wmo:2
arjawinangun,"Arjawinangun, Cirebon",2026-09-22,32.09.24.2004,Arjawinangun,kecamatan,no,-6.6453,108.4103,Asia/Jakarta,"BMKG point: Arjawinangun, Kecamatan Arjawinangun",22-09-2026,GFS,Open-Meteo / NOAA GFS,17:00,2026-09-22 17:00:00,29.7,54.0,0.0,15.8,0.0,1.4035,Berawan,wmo:3
arjawinangun,"Arjawinangun, Cirebon",2026-09-22,32.09.24.2004,Arjawinangun,kecamatan,no,-6.6453,108.4103,Asia/Jakarta,"BMKG point: Arjawinangun, Kecamatan Arjawinangun",22-09-2026,GFS,Open-Meteo / NOAA GFS,18:00,2026-09-22 18:00:00,27.5,66.0,0.0,10.4,0.0,1.4035,Berawan,wmo:3
arjawinangun,"Arjawinangun, Cirebon",2026-09-22,32.09.24.2004,Arjawinangun,kecamatan,no,-6.6453,108.4103,Asia/Jakarta,"BMKG point: Arjawinangun, Kecamatan Arjawinangun",22-09-2026,GFS,Open-Meteo / NOAA GFS,19:00,2026-09-22 19:00:00,26.8,71.0,0.0,6.7,0.0,1.4035,Cerah Berawan,wmo:2
arjawinangun,"Arjawinangun, Cirebon",2026-09-22,32.09.24.2004,Arjawinangun,kecamatan,no,-6.6453,108.4103,Asia/Jakarta,"BMKG point: Arjawinangun, Kecamatan Arjawinangun",22-09-2026,GFS,Open-Meteo / NOAA GFS,20:00,2026-09-22 20:00:00,26.6,70.0,0.0,6.0,0.0,1.4035,Berawan,wmo:3
arjawinangun,"Arjawinangun, Cirebon",2026-09-22,32.09.24.2004,Arjawinangun,kecamatan,no,-6.6453,108.4103,Asia/Jakarta,"BMKG point: Arjawinangun, Kecamatan Arjawinangun",22-09-2026,GFS,Open-Meteo / NOAA GFS,21:00,2026-09-22 21:00:00,26.4,66.0,0.0,6.5,0.0,1.4035,Berawan,wmo:3
arjawinangun,"Arjawinangun, Cirebon",2026-09-22,32.09.24.2004,Arjawinangun,kecamatan,no,-6.6453,108.4103,Asia/Jakarta,"BMKG point: Arjawinangun, Kecamatan Arjawinangun",22-09-2026,GFS,Open-Meteo / NOAA GFS,22:00,2026-09-22 22:00:00,26.0,63.0,0.0,5.6,0.0,1.4035,Berawan,wmo:3
arjawinangun,"Arjawinangun, Cirebon",2026-09-22,32.09.24.2004,Arjawinangun,kecamatan,no,-6.6453,108.4103,Asia/Jakarta,"BMKG point: Arjawinangun, Kecamatan Arjawinangun",22-09-2026,GFS,Open-Meteo / NOAA GFS,23:00,2026-09-22 23:00:00,25.4,60.0,0.0,5.8,0.0,1.4035,Cerah,wmo:0
arjawinangun,"Arjawinangun, Cirebon",2026-09-22,32.09.24.2004,Arjawinangun,kecamatan,no,-6.6453,108.4103,Asia/Jakarta,"BMKG point: Arjawinangun, Kecamatan Arjawinangun",22-09-2026,ICON,Open-Meteo / DWD ICON,00:00,2026-09-22 00:00:00,25.3,66.0,0.0,3.6,0.0,1.4768,Cerah Berawan,wmo:1
arjawinangun,"Arjawinangun, Cirebon",2026-09-22,32.09.24.2004,Arjawinangun,kecamatan,no,-6.6453,108.4103,Asia/Jakarta,"BMKG point: Arjawinangun, Kecamatan Arjawinangun",22-09-2026,ICON,Open-Meteo / DWD ICON,01:00,2026-09-22 01:00:00,25.0,65.0,0.0,3.4,0.0,1.4768,Cerah Berawan,wmo:2
arjawinangun,"Arjawinangun, Cirebon",2026-09-22,32.09.24.2004,Arjawinangun,kecamatan,no,-6.6453,108.4103,Asia/Jakarta,"BMKG point: Arjawinangun, Kecamatan Arjawinangun",22-09-2026,ICON,Open-Meteo / DWD ICON,02:00,2026-09-22 02:00:00,24.8,66.0,0.0,2.3,0.0,1.4768,Cerah Berawan,wmo:2
arjawinangun,"Arjawinangun, Cirebon",2026-09-22,32.09.24.2004,Arjawinangun,kecamatan,no,-6.6453,108.4103,Asia/Jakarta,"BMKG point: Arjawinangun, Kecamatan Arjawinangun",22-09-2026,ICON,Open-Meteo / DWD ICON,03:00,2026-09-22 03:00:00,24.5,66.0,0.0,2.0,0.0,1.4768,Cerah Berawan,wmo:2
arjawinangun,"Arjawinangun, Cirebon",2026-09-22,32.09.24.2004,Arjawinangun,kecamatan,no,-6.6453,108.4103,Asia/Jakarta,"BMKG point: Arjawinangun, Kecamatan Arjawinangun",22-09-2026,ICON,Open-Meteo / DWD ICON,04:00,2026-09-22 04:00:00,24.2,67.0,0.0,2.5,0.0,1.4768,Cerah Berawan,wmo:2
arjawinangun,"Arjawinangun, Cirebon",2026-09-22,32.09.24.2004,Arjawinangun,kecamatan,no,-6.6453,108.4103,Asia/Jakarta,"BMKG point: Arjawinangun, Kecamatan Arjawinangun",22-09-2026,ICON,Open-Meteo / DWD ICON,05:00,2026-09-22 05:00:00,23.9,67.0,0.0,3.1,0.0,1.4768,Cerah Berawan,wmo:2
arjawinangun,"Arjawinangun, Cirebon",2026-09-22,32.09.24.2004,Arjawinangun,kecamatan,no,-6.6453,108.4103,Asia/Jakarta,"BMKG point: Arjawinangun, Kecamatan Arjawinangun",22-09-2026,ICON,Open-Meteo / DWD ICON,06:00,2026-09-22 06:00:00,23.9,67.0,0.0,3.8,0.0,1.4768,Cerah Berawan,wmo:2
arjawinangun,"Arjawinangun, Cirebon",2026-09-22,32.09.24.2004,Arjawinangun,kecamatan,no,-6.6453,108.4103,Asia/Jakarta,"BMKG point: Arjawinangun, Kecamatan Arjawinangun",22-09-2026,ICON,Open-Meteo / DWD ICON,07:00,2026-09-22 07:00:00,25.2,67.0,0.0,4.1,0.0,1.4768,Cerah Berawan,wmo:2
arjawinangun,"Arjawinangun, Cirebon",2026-09-22,32.09.24.2004,Arjawinangun,kecamatan,no,-6.6453,108.4103,Asia/Jakarta,"BMKG point: Arjawinangun, Kecamatan Arjawinangun",22-09-2026,ICON,Open-Meteo / DWD ICON,08:00,2026-09-22 08:00:00,27.9,58.0,0.0,6.4,0.0,1.4768,Cerah Berawan,wmo:2
arjawinangun,"Arjawinangun, Cirebon",2026-09-22,32.09.24.2004,Arjawinangun,kecamatan,no,-6.6453,108.4103,Asia/Jakarta,"BMKG point: Arjawinangun, Kecamatan Arjawinangun",22-09-2026,ICON,Open-Meteo / DWD ICON,09:00,2026-09-22 09:00:00,30.5,47.0,0.0,8.4,0.0,1.4768,Cerah Berawan,wmo:2
arjawinangun,"Arjawinangun, Cirebon",2026-09-22,32.09.24.2004,Arjawinangun,kecamatan,no,-6.6453,108.4103,Asia/Jakarta,"BMKG point: Arjawinangun, Kecamatan Arjawinangun",22-09-2026,ICON,Open-Meteo / DWD ICON,10:00,2026-09-22 10:00:00,32.5,40.0,0.0,11.3,0.0,1.4768,Cerah Berawan,wmo:2
arjawinangun,"Arjawinangun, Cirebon",2026-09-22,32.09.24.2004,Arjawinangun,kecamatan,no,-6.6453,108.4103,Asia/Jakarta,"BMKG point: Arjawinangun, Kecamatan Arjawinangun",22-09-2026,ICON,Open-Meteo / DWD ICON,11:00,2026-09-22 11:00:00,33.7,38.0,0.0,13.3,0.0,1.4768,Cerah Berawan,wmo:1
arjawinangun,"Arjawinangun, Cirebon",2026-09-22,32.09.24.2004,Arjawinangun,kecamatan,no,-6.6453,108.4103,Asia/Jakarta,"BMKG point: Arjawinangun, Kecamatan Arjawinangun",22-09-2026,ICON,Open-Meteo / DWD ICON,12:00,2026-09-22 12:00:00,34.6,37.0,0.0,14.6,0.0,1.4768,Cerah Berawan,wmo:1
arjawinangun,"Arjawinangun, Cirebon",2026-09-22,32.09.24.2004,Arjawinangun,kecamatan,no,-6.6453,108.4103,Asia/Jakarta,"BMKG point: Arjawinangun, Kecamatan Arjawinangun",22-09-2026,ICON,Open-Meteo / DWD ICON,13:00,2026-09-22 13:00:00,34.7,38.0,0.0,17.1,0.0,1.4768,Cerah,wmo:0
arjawinangun,"Arjawinangun, Cirebon",2026-09-22,32.09.24.2004,Arjawinangun,kecamatan,no,-6.6453,108.4103,Asia/Jakarta,"BMKG point: Arjawinangun, Kecamatan Arjawinangun",22-09-2026,ICON,Open-Meteo / DWD ICON,14:00,2026-09-22 14:00:00,33.9,43.0,0.0,19.2,0.0,1.4768,Cerah,wmo:0
arjawinangun,"Arjawinangun, Cirebon",2026-09-22,32.09.24.2004,Arjawinangun,kecamatan,no,-6.6453,108.4103,Asia/Jakarta,"BMKG point: Arjawinangun, Kecamatan Arjawinangun",22-09-2026,ICON,Open-Meteo / DWD ICON,15:00,2026-09-22 15:00:00,33.3,42.0,0.0,18.8,0.0,1.4768,Cerah,wmo:0
arjawinangun,"Arjawinangun, Cirebon",2026-09-22,32.09.24.2004,Arjawinangun,kecamatan,no,-6.6453,108.4103,Asia/Jakarta,"BMKG point: Arjawinangun, Kecamatan Arjawinangun",22-09-2026,ICON,Open-Meteo / DWD ICON,16:00,2026-09-22 16:00:00,32.2,47.0,0.0,16.6,0.0,1.4768,Cerah Berawan,wmo:1
arjawinangun,"Arjawinangun, Cirebon",2026-09-22,32.09.24.2004,Arjawinangun,kecamatan,no,-6.6453,108.4103,Asia/Jakarta,"BMKG point: Arjawinangun, Kecamatan Arjawinangun",22-09-2026,ICON,Open-Meteo / DWD ICON,17:00,2026-09-22 17:00:00,30.6,55.0,0.0,14.0,0.0,1.4768,Cerah Berawan,wmo:1
arjawinangun,"Arjawinangun, Cirebon",2026-09-22,32.09.24.2004,Arjawinangun,kecamatan,no,-6.6453,108.4103,Asia/Jakarta,"BMKG point: Arjawinangun, Kecamatan Arjawinangun",22-09-2026,ICON,Open-Meteo / DWD ICON,18:00,2026-09-22 18:00:00,28.8,68.0,0.0,11.2,0.0,1.4768,Cerah Berawan,wmo:1
arjawinangun,"Arjawinangun, Cirebon",2026-09-22,32.09.24.2004,Arjawinangun,kecamatan,no,-6.6453,108.4103,Asia/Jakarta,"BMKG point: Arjawinangun, Kecamatan Arjawinangun",22-09-2026,ICON,Open-Meteo / DWD ICON,19:00,2026-09-22 19:00:00,27.9,74.0,0.0,7.9,0.0,1.4768,Cerah Berawan,wmo:1
arjawinangun,"Arjawinangun, Cirebon",2026-09-22,32.09.24.2004,Arjawinangun,kecamatan,no,-6.6453,108.4103,Asia/Jakarta,"BMKG point: Arjawinangun, Kecamatan Arjawinangun",22-09-2026,ICON,Open-Meteo / DWD ICON,20:00,2026-09-22 20:00:00,27.3,78.0,0.0,5.8,0.0,1.4768,Cerah Berawan,wmo:1
arjawinangun,"Arjawinangun, Cirebon",2026-09-22,32.09.24.2004,Arjawinangun,kecamatan,no,-6.6453,108.4103,Asia/Jakarta,"BMKG point: Arjawinangun, Kecamatan Arjawinangun",22-09-2026,ICON,Open-Meteo / DWD ICON,21:00,2026-09-22 21:00:00,26.9,81.0,0.0,4.6,0.0,1.4768,Cerah Berawan,wmo:1
arjawinangun,"Arjawinangun, Cirebon",2026-09-22,32.09.24.2004,Arjawinangun,kecamatan,no,-6.6453,108.4103,Asia/Jakarta,"BMKG point: Arjawinangun, Kecamatan Arjawinangun",22-09-2026,ICON,Open-Meteo / DWD ICON,22:00,2026-09-22 22:00:00,26.5,80.0,0.0,4.2,0.0,1.4768,Cerah Berawan,wmo:1
arjawinangun,"Arjawinangun, Cirebon",2026-09-22,32.09.24.2004,Arjawinangun,kecamatan,no,-6.6453,108.4103,Asia/Jakarta,"BMKG point: Arjawinangun, Kecamatan Arjawinangun",22-09-2026,ICON,Open-Meteo / DWD ICON,23:00,2026-09-22 23:00:00,26.0,76.0,0.0,3.4,0.0,1.4768,Cerah Berawan,wmo:1
arjawinangun,"Arjawinangun, Cirebon",2026-09-22,32.09.24.2004,Arjawinangun,kecamatan,no,-6.6453,108.4103,Asia/Jakarta,"BMKG point: Arjawinangun, Kecamatan Arjawinangun",22-09-2026,KMA,Open-Meteo / KMA,00:00,2026-09-22 00:00:00,,,,,0.0,0.5396,Berawan,wmo:None
arjawinangun,"Arjawinangun, Cirebon",2026-09-22,32.09.24.2004,Arjawinangun,kecamatan,no,-6.6453,108.4103,Asia/Jakarta,"BMKG point: Arjawinangun, Kecamatan Arjawinangun",22-09-2026,KMA,Open-Meteo / KMA,01:00,2026-09-22 01:00:00,,,,,0.0,0.5396,Berawan,wmo:None
arjawinangun,"Arjawinangun, Cirebon",2026-09-22,32.09.24.2004,Arjawinangun,kecamatan,no,-6.6453,108.4103,Asia/Jakarta,"BMKG point: Arjawinangun, Kecamatan Arjawinangun",22-09-2026,KMA,Open-Meteo / KMA,02:00,2026-09-22 02:00:00,,,,,0.0,0.5396,Berawan,wmo:None
arjawinangun,"Arjawinangun, Cirebon",2026-09-22,32.09.24.2004,Arjawinangun,kecamatan,no,-6.6453,108.4103,Asia/Jakarta,"BMKG point: Arjawinangun, Kecamatan Arjawinangun",22-09-2026,KMA,Open-Meteo / KMA,03:00,2026-09-22 03:00:00,,,,,0.0,0.5396,Berawan,wmo:None
arjawinangun,"Arjawinangun, Cirebon",2026-09-22,32.09.24.2004,Arjawinangun,kecamatan,no,-6.6453,108.4103,Asia/Jakarta,"BMKG point: Arjawinangun, Kecamatan Arjawinangun",22-09-2026,KMA,Open-Meteo / KMA,04:00,2026-09-22 04:00:00,,,,,0.0,0.5396,Berawan,wmo:None
arjawinangun,"Arjawinangun, Cirebon",2026-09-22,32.09.24.2004,Arjawinangun,kecamatan,no,-6.6453,108.4103,Asia/Jakarta,"BMKG point: Arjawinangun, Kecamatan Arjawinangun",22-09-2026,KMA,Open-Meteo / KMA,05:00,2026-09-22 05:00:00,,,,,0.0,0.5396,Berawan,wmo:None
arjawinangun,"Arjawinangun, Cirebon",2026-09-22,32.09.24.2004,Arjawinangun,kecamatan,no,-6.6453,108.4103,Asia/Jakarta,"BMKG point: Arjawinangun, Kecamatan Arjawinangun",22-09-2026,KMA,Open-Meteo / KMA,06:00,2026-09-22 06:00:00,,,,,0.0,0.5396,Berawan,wmo:None
arjawinangun,"Arjawinangun, Cirebon",2026-09-22,32.09.24.2004,Arjawinangun,kecamatan,no,-6.6453,108.4103,Asia/Jakarta,"BMKG point: Arjawinangun, Kecamatan Arjawinangun",22-09-2026,KMA,Open-Meteo / KMA,07:00,2026-09-22 07:00:00,,,,,0.0,0.5396,Berawan,wmo:None
arjawinangun,"Arjawinangun, Cirebon",2026-09-22,32.09.24.2004,Arjawinangun,kecamatan,no,-6.6453,108.4103,Asia/Jakarta,"BMKG point: Arjawinangun, Kecamatan Arjawinangun",22-09-2026,KMA,Open-Meteo / KMA,08:00,2026-09-22 08:00:00,,,,,0.0,0.5396,Berawan,wmo:None
arjawinangun,"Arjawinangun, Cirebon",2026-09-22,32.09.24.2004,Arjawinangun,kecamatan,no,-6.6453,108.4103,Asia/Jakarta,"BMKG point: Arjawinangun, Kecamatan Arjawinangun",22-09-2026,KMA,Open-Meteo / KMA,09:00,2026-09-22 09:00:00,,,,,0.0,0.5396,Berawan,wmo:None
arjawinangun,"Arjawinangun, Cirebon",2026-09-22,32.09.24.2004,Arjawinangun,kecamatan,no,-6.6453,108.4103,Asia/Jakarta,"BMKG point: Arjawinangun, Kecamatan Arjawinangun",22-09-2026,KMA,Open-Meteo / KMA,10:00,2026-09-22 10:00:00,,,,,0.0,0.5396,Berawan,wmo:None
arjawinangun,"Arjawinangun, Cirebon",2026-09-22,32.09.24.2004,Arjawinangun,kecamatan,no,-6.6453,108.4103,Asia/Jakarta,"BMKG point: Arjawinangun, Kecamatan Arjawinangun",22-09-2026,KMA,Open-Meteo / KMA,11:00,2026-09-22 11:00:00,,,,,0.0,0.5396,Berawan,wmo:None
arjawinangun,"Arjawinangun, Cirebon",2026-09-22,32.09.24.2004,Arjawinangun,kecamatan,no,-6.6453,108.4103,Asia/Jakarta,"BMKG point: Arjawinangun, Kecamatan Arjawinangun",22-09-2026,KMA,Open-Meteo / KMA,12:00,2026-09-22 12:00:00,,,,,0.0,0.5396,Berawan,wmo:None
arjawinangun,"Arjawinangun, Cirebon",2026-09-22,32.09.24.2004,Arjawinangun,kecamatan,no,-6.6453,108.4103,Asia/Jakarta,"BMKG point: Arjawinangun, Kecamatan Arjawinangun",22-09-2026,KMA,Open-Meteo / KMA,13:00,2026-09-22 13:00:00,,,,,0.0,0.5396,Berawan,wmo:None
arjawinangun,"Arjawinangun, Cirebon",2026-09-22,32.09.24.2004,Arjawinangun,kecamatan,no,-6.6453,108.4103,Asia/Jakarta,"BMKG point: Arjawinangun, Kecamatan Arjawinangun",22-09-2026,KMA,Open-Meteo / KMA,14:00,2026-09-22 14:00:00,,,,,0.0,0.5396,Berawan,wmo:None
arjawinangun,"Arjawinangun, Cirebon",2026-09-22,32.09.24.2004,Arjawinangun,kecamatan,no,-6.6453,108.4103,Asia/Jakarta,"BMKG point: Arjawinangun, Kecamatan Arjawinangun",22-09-2026,KMA,Open-Meteo / KMA,15:00,2026-09-22 15:00:00,,,,,0.0,0.5396,Berawan,wmo:None
arjawinangun,"Arjawinangun, Cirebon",2026-09-22,32.09.24.2004,Arjawinangun,kecamatan,no,-6.6453,108.4103,Asia/Jakarta,"BMKG point: Arjawinangun, Kecamatan Arjawinangun",22-09-2026,KMA,Open-Meteo / KMA,16:00,2026-09-22 16:00:00,,,,,0.0,0.5396,Berawan,wmo:None
arjawinangun,"Arjawinangun, Cirebon",2026-09-22,32.09.24.2004,Arjawinangun,kecamatan,no,-6.6453,108.4103,Asia/Jakarta,"BMKG point: Arjawinangun, Kecamatan Arjawinangun",22-09-2026,KMA,Open-Meteo / KMA,17:00,2026-09-22 17:00:00,,,,,0.0,0.5396,Berawan,wmo:None
arjawinangun,"Arjawinangun, Cirebon",2026-09-22,32.09.24.2004,Arjawinangun,kecamatan,no,-6.6453,108.4103,Asia/Jakarta,"BMKG point: Arjawinangun, Kecamatan Arjawinangun",22-09-2026,KMA,Open-Meteo / KMA,18:00,2026-09-22 18:00:00,,,,,0.0,0.5396,Berawan,wmo:None
arjawinangun,"Arjawinangun, Cirebon",2026-09-22,32.09.24.2004,Arjawinangun,kecamatan,no,-6.6453,108.4103,Asia/Jakarta,"BMKG point: Arjawinangun, Kecamatan Arjawinangun",22-09-2026,KMA,Open-Meteo / KMA,19:00,2026-09-22 19:00:00,,,,,0.0,0.5396,Berawan,wmo:None
arjawinangun,"Arjawinangun, Cirebon",2026-09-22,32.09.24.2004,Arjawinangun,kecamatan,no,-6.6453,108.4103,Asia/Jakarta,"BMKG point: Arjawinangun, Kecamatan Arjawinangun",22-09-2026,KMA,Open-Meteo / KMA,20:00,2026-09-22 20:00:00,,,,,0.0,0.5396,Berawan,wmo:None
arjawinangun,"Arjawinangun, Cirebon",2026-09-22,32.09.24.2004,Arjawinangun,kecamatan,no,-6.6453,108.4103,Asia/Jakarta,"BMKG point: Arjawinangun, Kecamatan Arjawinangun",22-09-2026,KMA,Open-Meteo / KMA,21:00,2026-09-22 21:00:00,,,,,0.0,0.5396,Berawan,wmo:None
arjawinangun,"Arjawinangun, Cirebon",2026-09-22,32.09.24.2004,Arjawinangun,kecamatan,no,-6.6453,108.4103,Asia/Jakarta,"BMKG point: Arjawinangun, Kecamatan Arjawinangun",22-09-2026,KMA,Open-Meteo / KMA,22:00,2026-09-22 22:00:00,,,,,0.0,0.5396,Berawan,wmo:None
arjawinangun,"Arjawinangun, Cirebon",2026-09-22,32.09.24.2004,Arjawinangun,kecamatan,no,-6.6453,108.4103,Asia/Jakarta,"BMKG point: Arjawinangun, Kecamatan Arjawinangun",22-09-2026,KMA,Open-Meteo / KMA,23:00,2026-09-22 23:00:00,,,,,0.0,0.5396,Berawan,wmo:None
arjawinangun,"Arjawinangun, Cirebon",2026-09-22,32.09.24.2004,Arjawinangun,kecamatan,no,-6.6453,108.4103,Asia/Jakarta,"BMKG point: Arjawinangun, Kecamatan Arjawinangun",22-09-2026,METEOFRANCE,Open-Meteo / Meteo-France,00:00,2026-09-22 00:00:00,27.9,60.0,0.0,12.2,0.0,1.5427,Cerah Berawan,wmo:1
arjawinangun,"Arjawinangun, Cirebon",2026-09-22,32.09.24.2004,Arjawinangun,kecamatan,no,-6.6453,108.4103,Asia/Jakarta,"BMKG point: Arjawinangun, Kecamatan Arjawinangun",22-09-2026,METEOFRANCE,Open-Meteo / Meteo-France,01:00,2026-09-22 01:00:00,27.5,61.0,0.0,10.9,0.0,1.5427,Cerah Berawan,wmo:2
arjawinangun,"Arjawinangun, Cirebon",2026-09-22,32.09.24.2004,Arjawinangun,kecamatan,no,-6.6453,108.4103,Asia/Jakarta,"BMKG point: Arjawinangun, Kecamatan Arjawinangun",22-09-2026,METEOFRANCE,Open-Meteo / Meteo-France,02:00,2026-09-22 02:00:00,27.4,60.0,0.0,10.5,0.0,1.5427,Cerah Berawan,wmo:2
arjawinangun,"Arjawinangun, Cirebon",2026-09-22,32.09.24.2004,Arjawinangun,kecamatan,no,-6.6453,108.4103,Asia/Jakarta,"BMKG point: Arjawinangun, Kecamatan Arjawinangun",22-09-2026,METEOFRANCE,Open-Meteo / Meteo-France,03:00,2026-09-22 03:00:00,27.2,59.0,0.0,10.4,0.0,1.5427,Berawan,wmo:3
arjawinangun,"Arjawinangun, Cirebon",2026-09-22,32.09.24.2004,Arjawinangun,kecamatan,no,-6.6453,108.4103,Asia/Jakarta,"BMKG point: Arjawinangun, Kecamatan Arjawinangun",22-09-2026,METEOFRANCE,Open-Meteo / Meteo-France,04:00,2026-09-22 04:00:00,27.1,58.0,0.0,11.1,0.0,1.5427,Berawan,wmo:3
arjawinangun,"Arjawinangun, Cirebon",2026-09-22,32.09.24.2004,Arjawinangun,kecamatan,no,-6.6453,108.4103,Asia/Jakarta,"BMKG point: Arjawinangun, Kecamatan Arjawinangun",22-09-2026,METEOFRANCE,Open-Meteo / Meteo-France,05:00,2026-09-22 05:00:00,26.9,57.0,0.0,12.2,0.0,1.5427,Berawan,wmo:3
arjawinangun,"Arjawinangun, Cirebon",2026-09-22,32.09.24.2004,Arjawinangun,kecamatan,no,-6.6453,108.4103,Asia/Jakarta,"BMKG point: Arjawinangun, Kecamatan Arjawinangun",22-09-2026,METEOFRANCE,Open-Meteo / Meteo-France,06:00,2026-09-22 06:00:00,26.8,56.0,0.0,13.3,0.0,1.5427,Berawan,wmo:3
arjawinangun,"Arjawinangun, Cirebon",2026-09-22,32.09.24.2004,Arjawinangun,kecamatan,no,-6.6453,108.4103,Asia/Jakarta,"BMKG point: Arjawinangun, Kecamatan Arjawinangun",22-09-2026,METEOFRANCE,Open-Meteo / Meteo-France,07:00,2026-09-22 07:00:00,27.7,52.0,0.0,14.4,0.0,1.5427,Berawan,wmo:3
arjawinangun,"Arjawinangun, Cirebon",2026-09-22,32.09.24.2004,Arjawinangun,kecamatan,no,-6.6453,108.4103,Asia/Jakarta,"BMKG point: Arjawinangun, Kecamatan Arjawinangun",22-09-2026,METEOFRANCE,Open-Meteo / Meteo-France,08:00,2026-09-22 08:00:00,29.5,46.0,0.0,15.2,0.0,1.5427,Cerah Berawan,wmo:2
arjawinangun,"Arjawinangun, Cirebon",2026-09-22,32.09.24.2004,Arjawinangun,kecamatan,no,-6.6453,108.4103,Asia/Jakarta,"BMKG point: Arjawinangun, Kecamatan Arjawinangun",22-09-2026,METEOFRANCE,Open-Meteo / Meteo-France,09:00,2026-09-22 09:00:00,31.3,41.0,0.0,15.0,0.0,1.5427,Cerah Berawan,wmo:2
arjawinangun,"Arjawinangun, Cirebon",2026-09-22,32.09.24.2004,Arjawinangun,kecamatan,no,-6.6453,108.4103,Asia/Jakarta,"BMKG point: Arjawinangun, Kecamatan Arjawinangun",22-09-2026,METEOFRANCE,Open-Meteo / Meteo-France,10:00,2026-09-22 10:00:00,32.9,37.0,0.0,15.3,0.0,1.5427,Cerah Berawan,wmo:2
arjawinangun,"Arjawinangun, Cirebon",2026-09-22,32.09.24.2004,Arjawinangun,kecamatan,no,-6.6453,108.4103,Asia/Jakarta,"BMKG point: Arjawinangun, Kecamatan Arjawinangun",22-09-2026,METEOFRANCE,Open-Meteo / Meteo-France,11:00,2026-09-22 11:00:00,34.2,34.0,0.0,15.0,0.0,1.5427,Cerah Berawan,wmo:1
arjawinangun,"Arjawinangun, Cirebon",2026-09-22,32.09.24.2004,Arjawinangun,kecamatan,no,-6.6453,108.4103,Asia/Jakarta,"BMKG point: Arjawinangun, Kecamatan Arjawinangun",22-09-2026,METEOFRANCE,Open-Meteo / Meteo-France,12:00,2026-09-22 12:00:00,35.2,33.0,0.0,15.2,0.0,1.5427,Cerah Berawan,wmo:1
arjawinangun,"Arjawinangun, Cirebon",2026-09-22,32.09.24.2004,Arjawinangun,kecamatan,no,-6.6453,108.4103,Asia/Jakarta,"BMKG point: Arjawinangun, Kecamatan Arjawinangun",22-09-2026,METEOFRANCE,Open-Meteo / Meteo-France,13:00,2026-09-22 13:00:00,35.8,33.0,0.0,16.3,0.0,1.5427,Cerah Berawan,wmo:2
arjawinangun,"Arjawinangun, Cirebon",2026-09-22,32.09.24.2004,Arjawinangun,kecamatan,no,-6.6453,108.4103,Asia/Jakarta,"BMKG point: Arjawinangun, Kecamatan Arjawinangun",22-09-2026,METEOFRANCE,Open-Meteo / Meteo-France,14:00,2026-09-22 14:00:00,35.6,37.0,0.0,18.6,0.0,1.5427,Berawan,wmo:3
arjawinangun,"Arjawinangun, Cirebon",2026-09-22,32.09.24.2004,Arjawinangun,kecamatan,no,-6.6453,108.4103,Asia/Jakarta,"BMKG point: Arjawinangun, Kecamatan Arjawinangun",22-09-2026,METEOFRANCE,Open-Meteo / Meteo-France,15:00,2026-09-22 15:00:00,34.4,44.0,0.0,20.3,0.0,1.5427,Berawan,wmo:3
arjawinangun,"Arjawinangun, Cirebon",2026-09-22,32.09.24.2004,Arjawinangun,kecamatan,no,-6.6453,108.4103,Asia/Jakarta,"BMKG point: Arjawinangun, Kecamatan Arjawinangun",22-09-2026,METEOFRANCE,Open-Meteo / Meteo-France,16:00,2026-09-22 16:00:00,32.7,53.0,0.0,18.7,0.0,1.5427,Berawan,wmo:3
arjawinangun,"Arjawinangun, Cirebon",2026-09-22,32.09.24.2004,Arjawinangun,kecamatan,no,-6.6453,108.4103,Asia/Jakarta,"BMKG point: Arjawinangun, Kecamatan Arjawinangun",22-09-2026,METEOFRANCE,Open-Meteo / Meteo-France,17:00,2026-09-22 17:00:00,31.1,60.0,0.0,15.8,0.0,1.5427,Berawan,wmo:3
arjawinangun,"Arjawinangun, Cirebon",2026-09-22,32.09.24.2004,Arjawinangun,kecamatan,no,-6.6453,108.4103,Asia/Jakarta,"BMKG point: Arjawinangun, Kecamatan Arjawinangun",22-09-2026,METEOFRANCE,Open-Meteo / Meteo-France,18:00,2026-09-22 18:00:00,29.9,64.0,0.0,12.1,0.0,1.5427,Berawan,wmo:3
arjawinangun,"Arjawinangun, Cirebon",2026-09-22,32.09.24.2004,Arjawinangun,kecamatan,no,-6.6453,108.4103,Asia/Jakarta,"BMKG point: Arjawinangun, Kecamatan Arjawinangun",22-09-2026,METEOFRANCE,Open-Meteo / Meteo-France,19:00,2026-09-22 19:00:00,29.3,66.0,0.0,9.4,0.0,1.5427,Cerah Berawan,wmo:2
arjawinangun,"Arjawinangun, Cirebon",2026-09-22,32.09.24.2004,Arjawinangun,kecamatan,no,-6.6453,108.4103,Asia/Jakarta,"BMKG point: Arjawinangun, Kecamatan Arjawinangun",22-09-2026,METEOFRANCE,Open-Meteo / Meteo-France,20:00,2026-09-22 20:00:00,29.0,66.0,0.0,8.0,0.0,1.5427,Cerah Berawan,wmo:2
arjawinangun,"Arjawinangun, Cirebon",2026-09-22,32.09.24.2004,Arjawinangun,kecamatan,no,-6.6453,108.4103,Asia/Jakarta,"BMKG point: Arjawinangun, Kecamatan Arjawinangun",22-09-2026,METEOFRANCE,Open-Meteo / Meteo-France,21:00,2026-09-22 21:00:00,28.8,64.0,0.0,8.2,0.0,1.5427,Cerah Berawan,wmo:1
arjawinangun,"Arjawinangun, Cirebon",2026-09-22,32.09.24.2004,Arjawinangun,kecamatan,no,-6.6453,108.4103,Asia/Jakarta,"BMKG point: Arjawinangun, Kecamatan Arjawinangun",22-09-2026,METEOFRANCE,Open-Meteo / Meteo-France,22:00,2026-09-22 22:00:00,28.5,60.0,0.0,9.6,0.0,1.5427,Cerah Berawan,wmo:1
arjawinangun,"Arjawinangun, Cirebon",2026-09-22,32.09.24.2004,Arjawinangun,kecamatan,no,-6.6453,108.4103,Asia/Jakarta,"BMKG point: Arjawinangun, Kecamatan Arjawinangun",22-09-2026,METEOFRANCE,Open-Meteo / Meteo-France,23:00,2026-09-22 23:00:00,28.2,57.0,0.0,10.5,0.0,1.5427,Cerah Berawan,wmo:2
arjawinangun,"Arjawinangun, Cirebon",2026-09-22,32.09.24.2004,Arjawinangun,kecamatan,no,-6.6453,108.4103,Asia/Jakarta,"BMKG point: Arjawinangun, Kecamatan Arjawinangun",22-09-2026,METNO,MET Norway,07:00,2026-09-22 09:00:00,32.1,35.7,0.0,19.44,120.0,0.755,Cerah Berawan,partlycloudy_day
arjawinangun,"Arjawinangun, Cirebon",2026-09-22,32.09.24.2004,Arjawinangun,kecamatan,no,-6.6453,108.4103,Asia/Jakarta,"BMKG point: Arjawinangun, Kecamatan Arjawinangun",22-09-2026,METNO,MET Norway,08:00,2026-09-22 09:00:00,32.1,35.7,0.0,19.44,60.0,1.0295,Cerah Berawan,partlycloudy_day
arjawinangun,"Arjawinangun, Cirebon",2026-09-22,32.09.24.2004,Arjawinangun,kecamatan,no,-6.6453,108.4103,Asia/Jakarta,"BMKG point: Arjawinangun, Kecamatan Arjawinangun",22-09-2026,METNO,MET Norway,09:00,2026-09-22 09:00:00,32.1,35.7,0.0,19.44,0.0,1.3727,Cerah Berawan,partlycloudy_day
arjawinangun,"Arjawinangun, Cirebon",2026-09-22,32.09.24.2004,Arjawinangun,kecamatan,no,-6.6453,108.4103,Asia/Jakarta,"BMKG point: Arjawinangun, Kecamatan Arjawinangun",22-09-2026,METNO,MET Norway,10:00,2026-09-22 10:00:00,34.0,34.2,0.0,18.72,0.0,1.3727,Cerah Berawan,partlycloudy_day
arjawinangun,"Arjawinangun, Cirebon",2026-09-22,32.09.24.2004,Arjawinangun,kecamatan,no,-6.6453,108.4103,Asia/Jakarta,"BMKG point: Arjawinangun, Kecamatan Arjawinangun",22-09-2026,METNO,MET Norway,11:00,2026-09-22 11:00:00,34.8,34.3,0.0,18.0,0.0,1.3727,Cerah Berawan,partlycloudy_day
arjawinangun,"Arjawinangun, Cirebon",2026-09-22,32.09.24.2004,Arjawinangun,kecamatan,no,-6.6453,108.4103,Asia/Jakarta,"BMKG point: Arjawinangun, Kecamatan Arjawinangun",22-09-2026,METNO,MET Norway,12:00,2026-09-22 12:00:00,35.4,34.4,0.0,18.36,0.0,1.3727,Cerah Berawan,partlycloudy_day
arjawinangun,"Arjawinangun, Cirebon",2026-09-22,32.09.24.2004,Arjawinangun,kecamatan,no,-6.6453,108.4103,Asia/Jakarta,"BMKG point: Arjawinangun, Kecamatan Arjawinangun",22-09-2026,METNO,MET Norway,13:00,2026-09-22 13:00:00,35.7,34.7,0.0,19.8,0.0,1.3727,Cerah Berawan,partlycloudy_day
arjawinangun,"Arjawinangun, Cirebon",2026-09-22,32.09.24.2004,Arjawinangun,kecamatan,no,-6.6453,108.4103,Asia/Jakarta,"BMKG point: Arjawinangun, Kecamatan Arjawinangun",22-09-2026,METNO,MET Norway,14:00,2026-09-22 14:00:00,35.3,38.2,0.0,19.8,0.0,1.3727,Cerah Berawan,partlycloudy_day
arjawinangun,"Arjawinangun, Cirebon",2026-09-22,32.09.24.2004,Arjawinangun,kecamatan,no,-6.6453,108.4103,Asia/Jakarta,"BMKG point: Arjawinangun, Kecamatan Arjawinangun",22-09-2026,METNO,MET Norway,15:00,2026-09-22 15:00:00,34.4,40.1,0.0,18.0,0.0,1.3727,Cerah Berawan,partlycloudy_day
arjawinangun,"Arjawinangun, Cirebon",2026-09-22,32.09.24.2004,Arjawinangun,kecamatan,no,-6.6453,108.4103,Asia/Jakarta,"BMKG point: Arjawinangun, Kecamatan Arjawinangun",22-09-2026,METNO,MET Norway,16:00,2026-09-22 16:00:00,33.1,44.8,0.0,17.28,0.0,1.3727,Cerah Berawan,partlycloudy_day
arjawinangun,"Arjawinangun, Cirebon",2026-09-22,32.09.24.2004,Arjawinangun,kecamatan,no,-6.6453,108.4103,Asia/Jakarta,"BMKG point: Arjawinangun, Kecamatan Arjawinangun",22-09-2026,METNO,MET Norway,17:00,2026-09-22 17:00:00,31.0,54.0,0.0,18.72,0.0,1.3727,Cerah Berawan,partlycloudy_day
arjawinangun,"Arjawinangun, Cirebon",2026-09-22,32.09.24.2004,Arjawinangun,kecamatan,no,-6.6453,108.4103,Asia/Jakarta,"BMKG point: Arjawinangun, Kecamatan Arjawinangun",22-09-2026,METNO,MET Norway,18:00,2026-09-22 18:00:00,29.6,61.5,0.0,14.04,0.0,1.3727,Cerah Berawan,partlycloudy_night
arjawinangun,"Arjawinangun, Cirebon",2026-09-22,32.09.24.2004,Arjawinangun,kecamatan,no,-6.6453,108.4103,Asia/Jakarta,"BMKG point: Arjawinangun, Kecamatan Arjawinangun",22-09-2026,METNO,MET Norway,19:00,2026-09-22 19:00:00,29.3,64.1,0.0,10.8,0.0,1.3727,Cerah Berawan,fair_night
arjawinangun,"Arjawinangun, Cirebon",2026-09-22,32.09.24.2004,Arjawinangun,kecamatan,no,-6.6453,108.4103,Asia/Jakarta,"BMKG point: Arjawinangun, Kecamatan Arjawinangun",22-09-2026,METNO,MET Norway,20:00,2026-09-22 20:00:00,29.0,65.5,0.0,9.72,0.0,1.3727,Cerah Berawan,fair_night
arjawinangun,"Arjawinangun, Cirebon",2026-09-22,32.09.24.2004,Arjawinangun,kecamatan,no,-6.6453,108.4103,Asia/Jakarta,"BMKG point: Arjawinangun, Kecamatan Arjawinangun",22-09-2026,METNO,MET Norway,21:00,2026-09-22 21:00:00,28.7,66.5,0.0,9.36,0.0,1.3727,Cerah Berawan,fair_night
arjawinangun,"Arjawinangun, Cirebon",2026-09-22,32.09.24.2004,Arjawinangun,kecamatan,no,-6.6453,108.4103,Asia/Jakarta,"BMKG point: Arjawinangun, Kecamatan Arjawinangun",22-09-2026,METNO,MET Norway,22:00,2026-09-22 22:00:00,28.2,65.5,0.0,10.08,0.0,1.3727,Cerah Berawan,fair_night
arjawinangun,"Arjawinangun, Cirebon",2026-09-22,32.09.24.2004,Arjawinangun,kecamatan,no,-6.6453,108.4103,Asia/Jakarta,"BMKG point: Arjawinangun, Kecamatan Arjawinangun",22-09-2026,METNO,MET Norway,23:00,2026-09-22 23:00:00,27.7,64.5,0.0,11.52,0.0,1.3727,Cerah Berawan,partlycloudy_night
arjawinangun,"Arjawinangun, Cirebon",2026-09-22,32.09.24.2004,Arjawinangun,kecamatan,no,-6.6453,108.4103,Asia/Jakarta,"BMKG point: Arjawinangun, Kecamatan Arjawinangun",22-09-2026,UKMO,Open-Meteo / UK Met Office,00:00,2026-09-22 00:00:00,26.1,63.0,0.0,7.9,0.0,1.3071,Cerah,wmo:0
arjawinangun,"Arjawinangun, Cirebon",2026-09-22,32.09.24.2004,Arjawinangun,kecamatan,no,-6.6453,108.4103,Asia/Jakarta,"BMKG point: Arjawinangun, Kecamatan Arjawinangun",22-09-2026,UKMO,Open-Meteo / UK Met Office,01:00,2026-09-22 01:00:00,25.2,73.0,0.0,6.1,0.0,1.3071,Cerah,wmo:0
arjawinangun,"Arjawinangun, Cirebon",2026-09-22,32.09.24.2004,Arjawinangun,kecamatan,no,-6.6453,108.4103,Asia/Jakarta,"BMKG point: Arjawinangun, Kecamatan Arjawinangun",22-09-2026,UKMO,Open-Meteo / UK Met Office,02:00,2026-09-22 02:00:00,24.9,74.0,0.0,6.5,0.0,1.3071,Cerah,wmo:0
arjawinangun,"Arjawinangun, Cirebon",2026-09-22,32.09.24.2004,Arjawinangun,kecamatan,no,-6.6453,108.4103,Asia/Jakarta,"BMKG point: Arjawinangun, Kecamatan Arjawinangun",22-09-2026,UKMO,Open-Meteo / UK Met Office,03:00,2026-09-22 03:00:00,24.6,74.0,0.0,6.5,0.0,1.3071,Cerah,wmo:0
arjawinangun,"Arjawinangun, Cirebon",2026-09-22,32.09.24.2004,Arjawinangun,kecamatan,no,-6.6453,108.4103,Asia/Jakarta,"BMKG point: Arjawinangun, Kecamatan Arjawinangun",22-09-2026,UKMO,Open-Meteo / UK Met Office,04:00,2026-09-22 04:00:00,24.3,75.0,0.0,5.8,0.0,1.3071,Cerah Berawan,wmo:1
arjawinangun,"Arjawinangun, Cirebon",2026-09-22,32.09.24.2004,Arjawinangun,kecamatan,no,-6.6453,108.4103,Asia/Jakarta,"BMKG point: Arjawinangun, Kecamatan Arjawinangun",22-09-2026,UKMO,Open-Meteo / UK Met Office,05:00,2026-09-22 05:00:00,23.8,79.0,0.0,5.0,0.0,1.3071,Cerah Berawan,wmo:1
arjawinangun,"Arjawinangun, Cirebon",2026-09-22,32.09.24.2004,Arjawinangun,kecamatan,no,-6.6453,108.4103,Asia/Jakarta,"BMKG point: Arjawinangun, Kecamatan Arjawinangun",22-09-2026,UKMO,Open-Meteo / UK Met Office,06:00,2026-09-22 06:00:00,24.2,76.0,0.0,5.4,0.0,1.3071,Cerah Berawan,wmo:1
arjawinangun,"Arjawinangun, Cirebon",2026-09-22,32.09.24.2004,Arjawinangun,kecamatan,no,-6.6453,108.4103,Asia/Jakarta,"BMKG point: Arjawinangun, Kecamatan Arjawinangun",22-09-2026,UKMO,Open-Meteo / UK Met Office,07:00,2026-09-22 07:00:00,26.0,65.0,0.0,5.8,0.0,1.3071,Cerah Berawan,wmo:1
arjawinangun,"Arjawinangun, Cirebon",2026-09-22,32.09.24.2004,Arjawinangun,kecamatan,no,-6.6453,108.4103,Asia/Jakarta,"BMKG point: Arjawinangun, Kecamatan Arjawinangun",22-09-2026,UKMO,Open-Meteo / UK Met Office,08:00,2026-09-22 08:00:00,28.0,56.0,0.0,10.1,0.0,1.3071,Cerah Berawan,wmo:1
arjawinangun,"Arjawinangun, Cirebon",2026-09-22,32.09.24.2004,Arjawinangun,kecamatan,no,-6.6453,108.4103,Asia/Jakarta,"BMKG point: Arjawinangun, Kecamatan Arjawinangun",22-09-2026,UKMO,Open-Meteo / UK Met Office,09:00,2026-09-22 09:00:00,30.3,48.0,0.0,13.3,0.0,1.3071,Cerah Berawan,wmo:1
arjawinangun,"Arjawinangun, Cirebon",2026-09-22,32.09.24.2004,Arjawinangun,kecamatan,no,-6.6453,108.4103,Asia/Jakarta,"BMKG point: Arjawinangun, Kecamatan Arjawinangun",22-09-2026,UKMO,Open-Meteo / UK Met Office,10:00,2026-09-22 10:00:00,31.5,46.0,0.0,15.8,0.0,1.3071,Cerah,wmo:0
arjawinangun,"Arjawinangun, Cirebon",2026-09-22,32.09.24.2004,Arjawinangun,kecamatan,no,-6.6453,108.4103,Asia/Jakarta,"BMKG point: Arjawinangun, Kecamatan Arjawinangun",22-09-2026,UKMO,Open-Meteo / UK Met Office,11:00,2026-09-22 11:00:00,32.2,46.0,0.0,17.6,0.0,1.3071,Cerah Berawan,wmo:1
arjawinangun,"Arjawinangun, Cirebon",2026-09-22,32.09.24.2004,Arjawinangun,kecamatan,no,-6.6453,108.4103,Asia/Jakarta,"BMKG point: Arjawinangun, Kecamatan Arjawinangun",22-09-2026,UKMO,Open-Meteo / UK Met Office,12:00,2026-09-22 12:00:00,32.6,45.0,0.0,17.6,0.0,1.3071,Cerah Berawan,wmo:1
arjawinangun,"Arjawinangun, Cirebon",2026-09-22,32.09.24.2004,Arjawinangun,kecamatan,no,-6.6453,108.4103,Asia/Jakarta,"BMKG point: Arjawinangun, Kecamatan Arjawinangun",22-09-2026,UKMO,Open-Meteo / UK Met Office,13:00,2026-09-22 13:00:00,32.6,45.0,0.0,17.6,0.0,1.3071,Cerah,wmo:0
arjawinangun,"Arjawinangun, Cirebon",2026-09-22,32.09.24.2004,Arjawinangun,kecamatan,no,-6.6453,108.4103,Asia/Jakarta,"BMKG point: Arjawinangun, Kecamatan Arjawinangun",22-09-2026,UKMO,Open-Meteo / UK Met Office,14:00,2026-09-22 14:00:00,33.2,43.0,0.0,17.6,0.0,1.3071,Cerah,wmo:0
arjawinangun,"Arjawinangun, Cirebon",2026-09-22,32.09.24.2004,Arjawinangun,kecamatan,no,-6.6453,108.4103,Asia/Jakarta,"BMKG point: Arjawinangun, Kecamatan Arjawinangun",22-09-2026,UKMO,Open-Meteo / UK Met Office,15:00,2026-09-22 15:00:00,32.9,44.0,0.0,17.3,0.0,1.3071,Cerah,wmo:0
arjawinangun,"Arjawinangun, Cirebon",2026-09-22,32.09.24.2004,Arjawinangun,kecamatan,no,-6.6453,108.4103,Asia/Jakarta,"BMKG point: Arjawinangun, Kecamatan Arjawinangun",22-09-2026,UKMO,Open-Meteo / UK Met Office,16:00,2026-09-22 16:00:00,31.7,50.0,0.0,14.8,0.0,1.3071,Cerah,wmo:0
arjawinangun,"Arjawinangun, Cirebon",2026-09-22,32.09.24.2004,Arjawinangun,kecamatan,no,-6.6453,108.4103,Asia/Jakarta,"BMKG point: Arjawinangun, Kecamatan Arjawinangun",22-09-2026,UKMO,Open-Meteo / UK Met Office,17:00,2026-09-22 17:00:00,30.2,59.0,0.0,12.2,0.0,1.3071,Cerah,wmo:0
arjawinangun,"Arjawinangun, Cirebon",2026-09-22,32.09.24.2004,Arjawinangun,kecamatan,no,-6.6453,108.4103,Asia/Jakarta,"BMKG point: Arjawinangun, Kecamatan Arjawinangun",22-09-2026,UKMO,Open-Meteo / UK Met Office,18:00,2026-09-22 18:00:00,29.0,67.0,0.0,11.9,0.0,1.3071,Cerah,wmo:0
arjawinangun,"Arjawinangun, Cirebon",2026-09-22,32.09.24.2004,Arjawinangun,kecamatan,no,-6.6453,108.4103,Asia/Jakarta,"BMKG point: Arjawinangun, Kecamatan Arjawinangun",22-09-2026,UKMO,Open-Meteo / UK Met Office,19:00,2026-09-22 19:00:00,28.5,71.0,0.0,9.7,0.0,1.3071,Cerah,wmo:0
arjawinangun,"Arjawinangun, Cirebon",2026-09-22,32.09.24.2004,Arjawinangun,kecamatan,no,-6.6453,108.4103,Asia/Jakarta,"BMKG point: Arjawinangun, Kecamatan Arjawinangun",22-09-2026,UKMO,Open-Meteo / UK Met Office,20:00,2026-09-22 20:00:00,28.3,72.0,0.0,8.6,0.0,1.3071,Cerah,wmo:0
arjawinangun,"Arjawinangun, Cirebon",2026-09-22,32.09.24.2004,Arjawinangun,kecamatan,no,-6.6453,108.4103,Asia/Jakarta,"BMKG point: Arjawinangun, Kecamatan Arjawinangun",22-09-2026,UKMO,Open-Meteo / UK Met Office,21:00,2026-09-22 21:00:00,28.0,67.0,0.0,10.1,0.0,1.3071,Cerah,wmo:0
arjawinangun,"Arjawinangun, Cirebon",2026-09-22,32.09.24.2004,Arjawinangun,kecamatan,no,-6.6453,108.4103,Asia/Jakarta,"BMKG point: Arjawinangun, Kecamatan Arjawinangun",22-09-2026,UKMO,Open-Meteo / UK Met Office,22:00,2026-09-22 22:00:00,27.1,62.0,0.0,10.1,0.0,1.3071,Cerah,wmo:0
arjawinangun,"Arjawinangun, Cirebon",2026-09-22,32.09.24.2004,Arjawinangun,kecamatan,no,-6.6453,108.4103,Asia/Jakarta,"BMKG point: Arjawinangun, Kecamatan Arjawinangun",22-09-2026,UKMO,Open-Meteo / UK Met Office,23:00,2026-09-22 23:00:00,26.2,64.0,0.0,7.6,0.0,1.3071,Cerah,wmo:0
arjawinangun,"Arjawinangun, Cirebon",2026-09-23,32.09.24.2004,Arjawinangun,kecamatan,no,-6.6453,108.4103,Asia/Jakarta,"BMKG point: Arjawinangun, Kecamatan Arjawinangun",23-09-2026,BMKG,BMKG,00:00,2026-09-23 01:00:00,26.0,70.0,0.0,2.0,60.0,1.1955,Berawan,Berawan
arjawinangun,"Arjawinangun, Cirebon",2026-09-23,32.09.24.2004,Arjawinangun,kecamatan,no,-6.6453,108.4103,Asia/Jakarta,"BMKG point: Arjawinangun, Kecamatan Arjawinangun",23-09-2026,BMKG,BMKG,01:00,2026-09-23 01:00:00,26.0,70.0,0.0,2.0,0.0,1.594,Berawan,Berawan
arjawinangun,"Arjawinangun, Cirebon",2026-09-23,32.09.24.2004,Arjawinangun,kecamatan,no,-6.6453,108.4103,Asia/Jakarta,"BMKG point: Arjawinangun, Kecamatan Arjawinangun",23-09-2026,BMKG,BMKG,02:00,2026-09-23 01:00:00,26.0,70.0,0.0,2.0,60.0,1.1955,Berawan,Berawan
arjawinangun,"Arjawinangun, Cirebon",2026-09-23,32.09.24.2004,Arjawinangun,kecamatan,no,-6.6453,108.4103,Asia/Jakarta,"BMKG point: Arjawinangun, Kecamatan Arjawinangun",23-09-2026,BMKG,BMKG,03:00,2026-09-23 04:00:00,25.0,69.0,0.0,1.4,60.0,1.1955,Berawan,Berawan
arjawinangun,"Arjawinangun, Cirebon",2026-09-23,32.09.24.2004,Arjawinangun,kecamatan,no,-6.6453,108.4103,Asia/Jakarta,"BMKG point: Arjawinangun, Kecamatan Arjawinangun",23-09-2026,BMKG,BMKG,04:00,2026-09-23 04:00:00,25.0,69.0,0.0,1.4,0.0,1.594,Berawan,Berawan
arjawinangun,"Arjawinangun, Cirebon",2026-09-23,32.09.24.2004,Arjawinangun,kecamatan,no,-6.6453,108.4103,Asia/Jakarta,"BMKG point: Arjawinangun, Kecamatan Arjawinangun",23-09-2026,BMKG,BMKG,05:00,2026-09-23 04:00:00,25.0,69.0,0.0,1.4,60.0,1.1955,Berawan,Berawan
arjawinangun,"Arjawinangun, Cirebon",2026-09-23,32.09.24.2004,Arjawinangun,kecamatan,no,-6.6453,108.4103,Asia/Jakarta,"BMKG point: Arjawinangun, Kecamatan Arjawinangun",23-09-2026,BMKG,BMKG,06:00,2026-09-23 07:00:00,29.0,51.0,0.0,4.5,60.0,1.1955,Berawan,Berawan
arjawinangun,"Arjawinangun, Cirebon",2026-09-23,32.09.24.2004,Arjawinangun,kecamatan,no,-6.6453,108.4103,Asia/Jakarta,"BMKG point: Arjawinangun, Kecamatan Arjawinangun",23-09-2026,BMKG,BMKG,07:00,2026-09-23 07:00:00,29.0,51.0,0.0,4.5,0.0,1.594,Berawan,Berawan
arjawinangun,"Arjawinangun, Cirebon",2026-09-23,32.09.24.2004,Arjawinangun,kecamatan,no,-6.6453,108.4103,Asia/Jakarta,"BMKG point: Arjawinangun, Kecamatan Arjawinangun",23-09-2026,BMKG,BMKG,08:00,2026-09-23 07:00:00,29.0,51.0,0.0,4.5,60.0,1.1955,Berawan,Berawan
arjawinangun,"Arjawinangun, Cirebon",2026-09-23,32.09.24.2004,Arjawinangun,kecamatan,no,-6.6453,108.4103,Asia/Jakarta,"BMKG point: Arjawinangun, Kecamatan Arjawinangun",23-09-2026,BMKG,BMKG,09:00,2026-09-23 10:00:00,35.0,30.0,0.0,5.3,60.0,1.1955,Cerah,Cerah
arjawinangun,"Arjawinangun, Cirebon",2026-09-23,32.09.24.2004,Arjawinangun,kecamatan,no,-6.6453,108.4103,Asia/Jakarta,"BMKG point: Arjawinangun, Kecamatan Arjawinangun",23-09-2026,BMKG,BMKG,10:00,2026-09-23 10:00:00,35.0,30.0,0.0,5.3,0.0,1.594,Cerah,Cerah
arjawinangun,"Arjawinangun, Cirebon",2026-09-23,32.09.24.2004,Arjawinangun,kecamatan,no,-6.6453,108.4103,Asia/Jakarta,"BMKG point: Arjawinangun, Kecamatan Arjawinangun",23-09-2026,BMKG,BMKG,11:00,2026-09-23 10:00:00,35.0,30.0,0.0,5.3,60.0,1.1955,Cerah,Cerah
arjawinangun,"Arjawinangun, Cirebon",2026-09-23,32.09.24.2004,Arjawinangun,kecamatan,no,-6.6453,108.4103,Asia/Jakarta,"BMKG point: Arjawinangun, Kecamatan Arjawinangun",23-09-2026,BMKG,BMKG,12:00,2026-09-23 13:00:00,35.0,36.0,0.0,15.9,60.0,1.1955,Cerah,Cerah
arjawinangun,"Arjawinangun, Cirebon",2026-09-23,32.09.24.2004,Arjawinangun,kecamatan,no,-6.6453,108.4103,Asia/Jakarta,"BMKG point: Arjawinangun, Kecamatan Arjawinangun",23-09-2026,BMKG,BMKG,13:00,2026-09-23 13:00:00,35.0,36.0,0.0,15.9,0.0,1.594,Cerah,Cerah
arjawinangun,"Arjawinangun, Cirebon",2026-09-23,32.09.24.2004,Arjawinangun,kecamatan,no,-6.6453,108.4103,Asia/Jakarta,"BMKG point: Arjawinangun, Kecamatan Arjawinangun",23-09-2026,BMKG,BMKG,14:00,2026-09-23 13:00:00,35.0,36.0,0.0,15.9,60.0,1.1955,Cerah,Cerah
arjawinangun,"Arjawinangun, Cirebon",2026-09-23,32.09.24.2004,Arjawinangun,kecamatan,no,-6.6453,108.4103,Asia/Jakarta,"BMKG point: Arjawinangun, Kecamatan Arjawinangun",23-09-2026,BMKG,BMKG,15:00,2026-09-23 16:00:00,30.0,61.0,0.0,17.6,60.0,1.1955,Cerah,Cerah
arjawinangun,"Arjawinangun, Cirebon",2026-09-23,32.09.24.2004,Arjawinangun,kecamatan,no,-6.6453,108.4103,Asia/Jakarta,"BMKG point: Arjawinangun, Kecamatan Arjawinangun",23-09-2026,BMKG,BMKG,16:00,2026-09-23 16:00:00,30.0,61.0,0.0,17.6,0.0,1.594,Cerah,Cerah
arjawinangun,"Arjawinangun, Cirebon",2026-09-23,32.09.24.2004,Arjawinangun,kecamatan,no,-6.6453,108.4103,Asia/Jakarta,"BMKG point: Arjawinangun, Kecamatan Arjawinangun",23-09-2026,BMKG,BMKG,17:00,2026-09-23 16:00:00,30.0,61.0,0.0,17.6,60.0,1.1955,Cerah,Cerah
arjawinangun,"Arjawinangun, Cirebon",2026-09-23,32.09.24.2004,Arjawinangun,kecamatan,no,-6.6453,108.4103,Asia/Jakarta,"BMKG point: Arjawinangun, Kecamatan Arjawinangun",23-09-2026,BMKG,BMKG,18:00,2026-09-23 19:00:00,29.0,68.0,0.0,10.4,60.0,1.1955,Cerah,Cerah
arjawinangun,"Arjawinangun, Cirebon",2026-09-23,32.09.24.2004,Arjawinangun,kecamatan,no,-6.6453,108.4103,Asia/Jakarta,"BMKG point: Arjawinangun, Kecamatan Arjawinangun",23-09-2026,BMKG,BMKG,19:00,2026-09-23 19:00:00,29.0,68.0,0.0,10.4,0.0,1.594,Cerah,Cerah
arjawinangun,"Arjawinangun, Cirebon",2026-09-23,32.09.24.2004,Arjawinangun,kecamatan,no,-6.6453,108.4103,Asia/Jakarta,"BMKG point: Arjawinangun, Kecamatan Arjawinangun",23-09-2026,BMKG,BMKG,20:00,2026-09-23 19:00:00,29.0,68.0,0.0,10.4,60.0,1.1955,Cerah,Cerah
arjawinangun,"Arjawinangun, Cirebon",2026-09-23,32.09.24.2004,Arjawinangun,kecamatan,no,-6.6453,108.4103,Asia/Jakarta,"BMKG point: Arjawinangun, Kecamatan Arjawinangun",23-09-2026,BMKG,BMKG,21:00,2026-09-23 22:00:00,27.0,70.0,0.0,1.5,60.0,1.1955,Cerah,Cerah
arjawinangun,"Arjawinangun, Cirebon",2026-09-23,32.09.24.2004,Arjawinangun,kecamatan,no,-6.6453,108.4103,Asia/Jakarta,"BMKG point: Arjawinangun, Kecamatan Arjawinangun",23-09-2026,BMKG,BMKG,22:00,2026-09-23 22:00:00,27.0,70.0,0.0,1.5,0.0,1.594,Cerah,Cerah
arjawinangun,"Arjawinangun, Cirebon",2026-09-23,32.09.24.2004,Arjawinangun,kecamatan,no,-6.6453,108.4103,Asia/Jakarta,"BMKG point: Arjawinangun, Kecamatan Arjawinangun",23-09-2026,BMKG,BMKG,23:00,2026-09-23 22:00:00,27.0,70.0,0.0,1.5,60.0,1.1955,Cerah,Cerah
arjawinangun,"Arjawinangun, Cirebon",2026-09-23,32.09.24.2004,Arjawinangun,kecamatan,no,-6.6453,108.4103,Asia/Jakarta,"BMKG point: Arjawinangun, Kecamatan Arjawinangun",23-09-2026,CMA,Open-Meteo / CMA GRAPES,00:00,2026-09-23 00:00:00,24.2,83.0,0.0,11.3,0.0,1.1437,Cerah,wmo:0
arjawinangun,"Arjawinangun, Cirebon",2026-09-23,32.09.24.2004,Arjawinangun,kecamatan,no,-6.6453,108.4103,Asia/Jakarta,"BMKG point: Arjawinangun, Kecamatan Arjawinangun",23-09-2026,CMA,Open-Meteo / CMA GRAPES,01:00,2026-09-23 01:00:00,24.1,83.0,0.0,10.9,0.0,1.1437,Cerah,wmo:0
arjawinangun,"Arjawinangun, Cirebon",2026-09-23,32.09.24.2004,Arjawinangun,kecamatan,no,-6.6453,108.4103,Asia/Jakarta,"BMKG point: Arjawinangun, Kecamatan Arjawinangun",23-09-2026,CMA,Open-Meteo / CMA GRAPES,02:00,2026-09-23 02:00:00,23.8,84.0,0.0,10.6,0.0,1.1437,Cerah,wmo:0
arjawinangun,"Arjawinangun, Cirebon",2026-09-23,32.09.24.2004,Arjawinangun,kecamatan,no,-6.6453,108.4103,Asia/Jakarta,"BMKG point: Arjawinangun, Kecamatan Arjawinangun",23-09-2026,CMA,Open-Meteo / CMA GRAPES,03:00,2026-09-23 03:00:00,23.6,84.0,0.0,10.3,0.0,1.1437,Cerah,wmo:0
arjawinangun,"Arjawinangun, Cirebon",2026-09-23,32.09.24.2004,Arjawinangun,kecamatan,no,-6.6453,108.4103,Asia/Jakarta,"BMKG point: Arjawinangun, Kecamatan Arjawinangun",23-09-2026,CMA,Open-Meteo / CMA GRAPES,04:00,2026-09-23 04:00:00,23.6,84.0,0.0,10.4,0.0,1.1437,Cerah,wmo:0
arjawinangun,"Arjawinangun, Cirebon",2026-09-23,32.09.24.2004,Arjawinangun,kecamatan,no,-6.6453,108.4103,Asia/Jakarta,"BMKG point: Arjawinangun, Kecamatan Arjawinangun",23-09-2026,CMA,Open-Meteo / CMA GRAPES,05:00,2026-09-23 05:00:00,23.8,84.0,0.0,11.2,0.0,1.1437,Cerah,wmo:0
arjawinangun,"Arjawinangun, Cirebon",2026-09-23,32.09.24.2004,Arjawinangun,kecamatan,no,-6.6453,108.4103,Asia/Jakarta,"BMKG point: Arjawinangun, Kecamatan Arjawinangun",23-09-2026,CMA,Open-Meteo / CMA GRAPES,06:00,2026-09-23 06:00:00,24.3,83.0,0.0,12.0,0.0,1.1437,Cerah,wmo:0
arjawinangun,"Arjawinangun, Cirebon",2026-09-23,32.09.24.2004,Arjawinangun,kecamatan,no,-6.6453,108.4103,Asia/Jakarta,"BMKG point: Arjawinangun, Kecamatan Arjawinangun",23-09-2026,CMA,Open-Meteo / CMA GRAPES,07:00,2026-09-23 07:00:00,25.0,80.0,0.0,12.4,0.0,1.1437,Cerah,wmo:0
arjawinangun,"Arjawinangun, Cirebon",2026-09-23,32.09.24.2004,Arjawinangun,kecamatan,no,-6.6453,108.4103,Asia/Jakarta,"BMKG point: Arjawinangun, Kecamatan Arjawinangun",23-09-2026,CMA,Open-Meteo / CMA GRAPES,08:00,2026-09-23 08:00:00,26.3,74.0,0.0,11.7,0.0,1.1437,Cerah,wmo:0
arjawinangun,"Arjawinangun, Cirebon",2026-09-23,32.09.24.2004,Arjawinangun,kecamatan,no,-6.6453,108.4103,Asia/Jakarta,"BMKG point: Arjawinangun, Kecamatan Arjawinangun",23-09-2026,CMA,Open-Meteo / CMA GRAPES,09:00,2026-09-23 09:00:00,27.8,66.0,0.0,10.8,0.0,1.1437,Cerah,wmo:0
arjawinangun,"Arjawinangun, Cirebon",2026-09-23,32.09.24.2004,Arjawinangun,kecamatan,no,-6.6453,108.4103,Asia/Jakarta,"BMKG point: Arjawinangun, Kecamatan Arjawinangun",23-09-2026,CMA,Open-Meteo / CMA GRAPES,10:00,2026-09-23 10:00:00,29.3,59.0,0.0,10.0,0.0,1.1437,Cerah,wmo:0
arjawinangun,"Arjawinangun, Cirebon",2026-09-23,32.09.24.2004,Arjawinangun,kecamatan,no,-6.6453,108.4103,Asia/Jakarta,"BMKG point: Arjawinangun, Kecamatan Arjawinangun",23-09-2026,CMA,Open-Meteo / CMA GRAPES,11:00,2026-09-23 11:00:00,30.7,53.0,0.0,10.2,0.0,1.1437,Cerah,wmo:0
arjawinangun,"Arjawinangun, Cirebon",2026-09-23,32.09.24.2004,Arjawinangun,kecamatan,no,-6.6453,108.4103,Asia/Jakarta,"BMKG point: Arjawinangun, Kecamatan Arjawinangun",23-09-2026,CMA,Open-Meteo / CMA GRAPES,12:00,2026-09-23 12:00:00,32.0,47.0,0.0,10.8,0.0,1.1437,Cerah,wmo:0
arjawinangun,"Arjawinangun, Cirebon",2026-09-23,32.09.24.2004,Arjawinangun,kecamatan,no,-6.6453,108.4103,Asia/Jakarta,"BMKG point: Arjawinangun, Kecamatan Arjawinangun",23-09-2026,CMA,Open-Meteo / CMA GRAPES,13:00,2026-09-23 13:00:00,32.8,44.0,0.0,11.5,0.0,1.1437,Cerah,wmo:0
arjawinangun,"Arjawinangun, Cirebon",2026-09-23,32.09.24.2004,Arjawinangun,kecamatan,no,-6.6453,108.4103,Asia/Jakarta,"BMKG point: Arjawinangun, Kecamatan Arjawinangun",23-09-2026,CMA,Open-Meteo / CMA GRAPES,14:00,2026-09-23 14:00:00,32.8,46.0,0.0,12.5,0.0,1.1437,Cerah,wmo:0
arjawinangun,"Arjawinangun, Cirebon",2026-09-23,32.09.24.2004,Arjawinangun,kecamatan,no,-6.6453,108.4103,Asia/Jakarta,"BMKG point: Arjawinangun, Kecamatan Arjawinangun",23-09-2026,CMA,Open-Meteo / CMA GRAPES,15:00,2026-09-23 15:00:00,32.3,51.0,0.0,13.0,0.0,1.1437,Cerah,wmo:0
arjawinangun,"Arjawinangun, Cirebon",2026-09-23,32.09.24.2004,Arjawinangun,kecamatan,no,-6.6453,108.4103,Asia/Jakarta,"BMKG point: Arjawinangun, Kecamatan Arjawinangun",23-09-2026,CMA,Open-Meteo / CMA GRAPES,16:00,2026-09-23 16:00:00,31.5,56.0,0.0,13.6,0.0,1.1437,Cerah Berawan,wmo:1
arjawinangun,"Arjawinangun, Cirebon",2026-09-23,32.09.24.2004,Arjawinangun,kecamatan,no,-6.6453,108.4103,Asia/Jakarta,"BMKG point: Arjawinangun, Kecamatan Arjawinangun",23-09-2026,CMA,Open-Meteo / CMA GRAPES,17:00,2026-09-23 17:00:00,30.3,61.0,0.0,13.5,0.0,1.1437,Cerah Berawan,wmo:1
arjawinangun,"Arjawinangun, Cirebon",2026-09-23,32.09.24.2004,Arjawinangun,kecamatan,no,-6.6453,108.4103,Asia/Jakarta,"BMKG point: Arjawinangun, Kecamatan Arjawinangun",23-09-2026,CMA,Open-Meteo / CMA GRAPES,18:00,2026-09-23 18:00:00,28.8,66.0,0.0,12.7,0.0,1.1437,Cerah Berawan,wmo:2
arjawinangun,"Arjawinangun, Cirebon",2026-09-23,32.09.24.2004,Arjawinangun,kecamatan,no,-6.6453,108.4103,Asia/Jakarta,"BMKG point: Arjawinangun, Kecamatan Arjawinangun",23-09-2026,CMA,Open-Meteo / CMA GRAPES,19:00,2026-09-23 19:00:00,27.5,71.0,0.0,12.2,0.0,1.1437,Berawan,wmo:3
arjawinangun,"Arjawinangun, Cirebon",2026-09-23,32.09.24.2004,Arjawinangun,kecamatan,no,-6.6453,108.4103,Asia/Jakarta,"BMKG point: Arjawinangun, Kecamatan Arjawinangun",23-09-2026,CMA,Open-Meteo / CMA GRAPES,20:00,2026-09-23 20:00:00,26.5,74.0,0.0,11.8,0.0,1.1437,Berawan,wmo:3
arjawinangun,"Arjawinangun, Cirebon",2026-09-23,32.09.24.2004,Arjawinangun,kecamatan,no,-6.6453,108.4103,Asia/Jakarta,"BMKG point: Arjawinangun, Kecamatan Arjawinangun",23-09-2026,CMA,Open-Meteo / CMA GRAPES,21:00,2026-09-23 21:00:00,25.8,76.0,0.0,11.6,0.0,1.1437,Berawan,wmo:3
arjawinangun,"Arjawinangun, Cirebon",2026-09-23,32.09.24.2004,Arjawinangun,kecamatan,no,-6.6453,108.4103,Asia/Jakarta,"BMKG point: Arjawinangun, Kecamatan Arjawinangun",23-09-2026,CMA,Open-Meteo / CMA GRAPES,22:00,2026-09-23 22:00:00,25.2,78.0,0.0,11.1,0.0,1.1437,Berawan,wmo:3
arjawinangun,"Arjawinangun, Cirebon",2026-09-23,32.09.24.2004,Arjawinangun,kecamatan,no,-6.6453,108.4103,Asia/Jakarta,"BMKG point: Arjawinangun, Kecamatan Arjawinangun",23-09-2026,CMA,Open-Meteo / CMA GRAPES,23:00,2026-09-23 23:00:00,24.8,80.0,0.0,10.7,0.0,1.1437,Cerah Berawan,wmo:2
arjawinangun,"Arjawinangun, Cirebon",2026-09-23,32.09.24.2004,Arjawinangun,kecamatan,no,-6.6453,108.4103,Asia/Jakarta,"BMKG point: Arjawinangun, Kecamatan Arjawinangun",23-09-2026,ECMWF,Open-Meteo / ECMWF,00:00,2026-09-23 00:00:00,25.7,69.0,0.0,1.9,0.0,1.7062,Cerah Berawan,wmo:2
arjawinangun,"Arjawinangun, Cirebon",2026-09-23,32.09.24.2004,Arjawinangun,kecamatan,no,-6.6453,108.4103,Asia/Jakarta,"BMKG point: Arjawinangun, Kecamatan Arjawinangun",23-09-2026,ECMWF,Open-Meteo / ECMWF,01:00,2026-09-23 01:00:00,25.3,70.0,0.0,1.8,0.0,1.7062,Berawan,wmo:3
arjawinangun,"Arjawinangun, Cirebon",2026-09-23,32.09.24.2004,Arjawinangun,kecamatan,no,-6.6453,108.4103,Asia/Jakarta,"BMKG point: Arjawinangun, Kecamatan Arjawinangun",23-09-2026,ECMWF,Open-Meteo / ECMWF,02:00,2026-09-23 02:00:00,24.9,71.0,0.0,1.8,0.0,1.7062,Berawan,wmo:3
arjawinangun,"Arjawinangun, Cirebon",2026-09-23,32.09.24.2004,Arjawinangun,kecamatan,no,-6.6453,108.4103,Asia/Jakarta,"BMKG point: Arjawinangun, Kecamatan Arjawinangun",23-09-2026,ECMWF,Open-Meteo / ECMWF,03:00,2026-09-23 03:00:00,24.7,71.0,0.0,1.9,0.0,1.7062,Berawan,wmo:3
arjawinangun,"Arjawinangun, Cirebon",2026-09-23,32.09.24.2004,Arjawinangun,kecamatan,no,-6.6453,108.4103,Asia/Jakarta,"BMKG point: Arjawinangun, Kecamatan Arjawinangun",23-09-2026,ECMWF,Open-Meteo / ECMWF,04:00,2026-09-23 04:00:00,24.8,70.0,0.0,1.9,0.0,1.7062,Berawan,wmo:3
arjawinangun,"Arjawinangun, Cirebon",2026-09-23,32.09.24.2004,Arjawinangun,kecamatan,no,-6.6453,108.4103,Asia/Jakarta,"BMKG point: Arjawinangun, Kecamatan Arjawinangun",23-09-2026,ECMWF,Open-Meteo / ECMWF,05:00,2026-09-23 05:00:00,25.3,69.0,0.0,1.5,0.0,1.7062,Berawan,wmo:3
arjawinangun,"Arjawinangun, Cirebon",2026-09-23,32.09.24.2004,Arjawinangun,kecamatan,no,-6.6453,108.4103,Asia/Jakarta,"BMKG point: Arjawinangun, Kecamatan Arjawinangun",23-09-2026,ECMWF,Open-Meteo / ECMWF,06:00,2026-09-23 06:00:00,26.0,66.0,0.0,1.1,0.0,1.7062,Berawan,wmo:3
arjawinangun,"Arjawinangun, Cirebon",2026-09-23,32.09.24.2004,Arjawinangun,kecamatan,no,-6.6453,108.4103,Asia/Jakarta,"BMKG point: Arjawinangun, Kecamatan Arjawinangun",23-09-2026,ECMWF,Open-Meteo / ECMWF,07:00,2026-09-23 07:00:00,27.2,62.0,0.0,0.7,0.0,1.7062,Berawan,wmo:3
arjawinangun,"Arjawinangun, Cirebon",2026-09-23,32.09.24.2004,Arjawinangun,kecamatan,no,-6.6453,108.4103,Asia/Jakarta,"BMKG point: Arjawinangun, Kecamatan Arjawinangun",23-09-2026,ECMWF,Open-Meteo / ECMWF,08:00,2026-09-23 08:00:00,29.2,54.0,0.0,2.3,0.0,1.7062,Cerah Berawan,wmo:2
arjawinangun,"Arjawinangun, Cirebon",2026-09-23,32.09.24.2004,Arjawinangun,kecamatan,no,-6.6453,108.4103,Asia/Jakarta,"BMKG point: Arjawinangun, Kecamatan Arjawinangun",23-09-2026,ECMWF,Open-Meteo / ECMWF,09:00,2026-09-23 09:00:00,31.6,44.0,0.0,5.4,0.0,1.7062,Cerah Berawan,wmo:2
arjawinangun,"Arjawinangun, Cirebon",2026-09-23,32.09.24.2004,Arjawinangun,kecamatan,no,-6.6453,108.4103,Asia/Jakarta,"BMKG point: Arjawinangun, Kecamatan Arjawinangun",23-09-2026,ECMWF,Open-Meteo / ECMWF,10:00,2026-09-23 10:00:00,33.4,37.0,0.0,8.6,0.0,1.7062,Cerah Berawan,wmo:1
arjawinangun,"Arjawinangun, Cirebon",2026-09-23,32.09.24.2004,Arjawinangun,kecamatan,no,-6.6453,108.4103,Asia/Jakarta,"BMKG point: Arjawinangun, Kecamatan Arjawinangun",23-09-2026,ECMWF,Open-Meteo / ECMWF,11:00,2026-09-23 11:00:00,34.1,36.0,0.0,11.9,0.0,1.7062,Cerah Berawan,wmo:1
arjawinangun,"Arjawinangun, Cirebon",2026-09-23,32.09.24.2004,Arjawinangun,kecamatan,no,-6.6453,108.4103,Asia/Jakarta,"BMKG point: Arjawinangun, Kecamatan Arjawinangun",23-09-2026,ECMWF,Open-Meteo / ECMWF,12:00,2026-09-23 12:00:00,34.2,38.0,0.0,15.6,0.0,1.7062,Cerah Berawan,wmo:1
arjawinangun,"Arjawinangun, Cirebon",2026-09-23,32.09.24.2004,Arjawinangun,kecamatan,no,-6.6453,108.4103,Asia/Jakarta,"BMKG point: Arjawinangun, Kecamatan Arjawinangun",23-09-2026,ECMWF,Open-Meteo / ECMWF,13:00,2026-09-23 13:00:00,33.9,42.0,0.0,17.7,0.0,1.7062,Cerah Berawan,wmo:1
arjawinangun,"Arjawinangun, Cirebon",2026-09-23,32.09.24.2004,Arjawinangun,kecamatan,no,-6.6453,108.4103,Asia/Jakarta,"BMKG point: Arjawinangun, Kecamatan Arjawinangun",23-09-2026,ECMWF,Open-Meteo / ECMWF,14:00,2026-09-23 14:00:00,33.1,47.0,0.0,17.4,0.0,1.7062,Cerah Berawan,wmo:1
arjawinangun,"Arjawinangun, Cirebon",2026-09-23,32.09.24.2004,Arjawinangun,kecamatan,no,-6.6453,108.4103,Asia/Jakarta,"BMKG point: Arjawinangun, Kecamatan Arjawinangun",23-09-2026,ECMWF,Open-Meteo / ECMWF,15:00,2026-09-23 15:00:00,31.9,54.0,0.0,15.1,0.0,1.7062,Cerah Berawan,wmo:1
arjawinangun,"Arjawinangun, Cirebon",2026-09-23,32.09.24.2004,Arjawinangun,kecamatan,no,-6.6453,108.4103,Asia/Jakarta,"BMKG point: Arjawinangun, Kecamatan Arjawinangun",23-09-2026,ECMWF,Open-Meteo / ECMWF,16:00,2026-09-23 16:00:00,30.8,59.0,0.0,13.1,0.0,1.7062,Cerah Berawan,wmo:1
arjawinangun,"Arjawinangun, Cirebon",2026-09-23,32.09.24.2004,Arjawinangun,kecamatan,no,-6.6453,108.4103,Asia/Jakarta,"BMKG point: Arjawinangun, Kecamatan Arjawinangun",23-09-2026,ECMWF,Open-Meteo / ECMWF,17:00,2026-09-23 17:00:00,30.0,62.0,0.0,11.7,0.0,1.7062,Cerah Berawan,wmo:1
arjawinangun,"Arjawinangun, Cirebon",2026-09-23,32.09.24.2004,Arjawinangun,kecamatan,no,-6.6453,108.4103,Asia/Jakarta,"BMKG point: Arjawinangun, Kecamatan Arjawinangun",23-09-2026,ECMWF,Open-Meteo / ECMWF,18:00,2026-09-23 18:00:00,29.4,64.0,0.0,10.9,0.0,1.7062,Cerah Berawan,wmo:1
arjawinangun,"Arjawinangun, Cirebon",2026-09-23,32.09.24.2004,Arjawinangun,kecamatan,no,-6.6453,108.4103,Asia/Jakarta,"BMKG point: Arjawinangun, Kecamatan Arjawinangun",23-09-2026,ECMWF,Open-Meteo / ECMWF,19:00,2026-09-23 19:00:00,28.7,65.0,0.0,10.4,0.0,1.7062,Cerah Berawan,wmo:2
arjawinangun,"Arjawinangun, Cirebon",2026-09-23,32.09.24.2004,Arjawinangun,kecamatan,no,-6.6453,108.4103,Asia/Jakarta,"BMKG point: Arjawinangun, Kecamatan Arjawinangun",23-09-2026,ECMWF,Open-Meteo / ECMWF,20:00,2026-09-23 20:00:00,28.1,65.0,0.0,8.2,0.0,1.7062,Cerah Berawan,wmo:2
arjawinangun,"Arjawinangun, Cirebon",2026-09-23,32.09.24.2004,Arjawinangun,kecamatan,no,-6.6453,108.4103,Asia/Jakarta,"BMKG point: Arjawinangun, Kecamatan Arjawinangun",23-09-2026,ECMWF,Open-Meteo / ECMWF,21:00,2026-09-23 21:00:00,27.5,64.0,0.0,5.1,0.0,1.7062,Cerah Berawan,wmo:2
arjawinangun,"Arjawinangun, Cirebon",2026-09-23,32.09.24.2004,Arjawinangun,kecamatan,no,-6.6453,108.4103,Asia/Jakarta,"BMKG point: Arjawinangun, Kecamatan Arjawinangun",23-09-2026,ECMWF,Open-Meteo / ECMWF,22:00,2026-09-23 22:00:00,27.0,64.0,0.0,3.4,0.0,1.7062,Cerah Berawan,wmo:2
arjawinangun,"Arjawinangun, Cirebon",2026-09-23,32.09.24.2004,Arjawinangun,kecamatan,no,-6.6453,108.4103,Asia/Jakarta,"BMKG point: Arjawinangun, Kecamatan Arjawinangun",23-09-2026,ECMWF,Open-Meteo / ECMWF,23:00,2026-09-23 23:00:00,26.4,66.0,0.0,2.9,0.0,1.7062,Cerah Berawan,wmo:2
arjawinangun,"Arjawinangun, Cirebon",2026-09-23,32.09.24.2004,Arjawinangun,kecamatan,no,-6.6453,108.4103,Asia/Jakarta,"BMKG point: Arjawinangun, Kecamatan Arjawinangun",23-09-2026,GFS,Open-Meteo / NOAA GFS,00:00,2026-09-23 00:00:00,24.8,59.0,0.0,5.5,0.0,1.4035,Berawan,wmo:3
arjawinangun,"Arjawinangun, Cirebon",2026-09-23,32.09.24.2004,Arjawinangun,kecamatan,no,-6.6453,108.4103,Asia/Jakarta,"BMKG point: Arjawinangun, Kecamatan Arjawinangun",23-09-2026,GFS,Open-Meteo / NOAA GFS,01:00,2026-09-23 01:00:00,24.5,58.0,0.0,4.9,0.0,1.4035,Berawan,wmo:3
arjawinangun,"Arjawinangun, Cirebon",2026-09-23,32.09.24.2004,Arjawinangun,kecamatan,no,-6.6453,108.4103,Asia/Jakarta,"BMKG point: Arjawinangun, Kecamatan Arjawinangun",23-09-2026,GFS,Open-Meteo / NOAA GFS,02:00,2026-09-23 02:00:00,24.2,57.0,0.0,4.5,0.0,1.4035,Berawan,wmo:3
arjawinangun,"Arjawinangun, Cirebon",2026-09-23,32.09.24.2004,Arjawinangun,kecamatan,no,-6.6453,108.4103,Asia/Jakarta,"BMKG point: Arjawinangun, Kecamatan Arjawinangun",23-09-2026,GFS,Open-Meteo / NOAA GFS,03:00,2026-09-23 03:00:00,23.9,56.0,0.0,4.0,0.0,1.4035,Berawan,wmo:3
arjawinangun,"Arjawinangun, Cirebon",2026-09-23,32.09.24.2004,Arjawinangun,kecamatan,no,-6.6453,108.4103,Asia/Jakarta,"BMKG point: Arjawinangun, Kecamatan Arjawinangun",23-09-2026,GFS,Open-Meteo / NOAA GFS,04:00,2026-09-23 04:00:00,23.6,57.0,0.0,4.2,0.0,1.4035,Berawan,wmo:3
arjawinangun,"Arjawinangun, Cirebon",2026-09-23,32.09.24.2004,Arjawinangun,kecamatan,no,-6.6453,108.4103,Asia/Jakarta,"BMKG point: Arjawinangun, Kecamatan Arjawinangun",23-09-2026,GFS,Open-Meteo / NOAA GFS,05:00,2026-09-23 05:00:00,23.3,58.0,0.0,4.7,0.0,1.4035,Berawan,wmo:3
arjawinangun,"Arjawinangun, Cirebon",2026-09-23,32.09.24.2004,Arjawinangun,kecamatan,no,-6.6453,108.4103,Asia/Jakarta,"BMKG point: Arjawinangun, Kecamatan Arjawinangun",23-09-2026,GFS,Open-Meteo / NOAA GFS,06:00,2026-09-23 06:00:00,23.8,57.0,0.0,2.9,0.0,1.4035,Berawan,wmo:3
arjawinangun,"Arjawinangun, Cirebon",2026-09-23,32.09.24.2004,Arjawinangun,kecamatan,no,-6.6453,108.4103,Asia/Jakarta,"BMKG point: Arjawinangun, Kecamatan Arjawinangun",23-09-2026,GFS,Open-Meteo / NOAA GFS,07:00,2026-09-23 07:00:00,26.6,49.0,0.0,1.9,0.0,1.4035,Cerah Berawan,wmo:2
arjawinangun,"Arjawinangun, Cirebon",2026-09-23,32.09.24.2004,Arjawinangun,kecamatan,no,-6.6453,108.4103,Asia/Jakarta,"BMKG point: Arjawinangun, Kecamatan Arjawinangun",23-09-2026,GFS,Open-Meteo / NOAA GFS,08:00,2026-09-23 08:00:00,29.6,40.0,0.0,0.8,0.0,1.4035,Cerah,wmo:0
arjawinangun,"Arjawinangun, Cirebon",2026-09-23,32.09.24.2004,Arjawinangun,kecamatan,no,-6.6453,108.4103,Asia/Jakarta,"BMKG point: Arjawinangun, Kecamatan Arjawinangun",23-09-2026,GFS,Open-Meteo / NOAA GFS,09:00,2026-09-23 09:00:00,32.3,33.0,0.0,3.7,0.0,1.4035,Cerah,wmo:0
arjawinangun,"Arjawinangun, Cirebon",2026-09-23,32.09.24.2004,Arjawinangun,kecamatan,no,-6.6453,108.4103,Asia/Jakarta,"BMKG point: Arjawinangun, Kecamatan Arjawinangun",23-09-2026,GFS,Open-Meteo / NOAA GFS,10:00,2026-09-23 10:00:00,34.3,30.0,0.0,9.7,0.0,1.4035,Cerah,wmo:0
arjawinangun,"Arjawinangun, Cirebon",2026-09-23,32.09.24.2004,Arjawinangun,kecamatan,no,-6.6453,108.4103,Asia/Jakarta,"BMKG point: Arjawinangun, Kecamatan Arjawinangun",23-09-2026,GFS,Open-Meteo / NOAA GFS,11:00,2026-09-23 11:00:00,35.7,28.0,0.0,15.3,0.0,1.4035,Cerah,wmo:0
arjawinangun,"Arjawinangun, Cirebon",2026-09-23,32.09.24.2004,Arjawinangun,kecamatan,no,-6.6453,108.4103,Asia/Jakarta,"BMKG point: Arjawinangun, Kecamatan Arjawinangun",23-09-2026,GFS,Open-Meteo / NOAA GFS,12:00,2026-09-23 12:00:00,36.5,28.0,0.0,20.5,0.0,1.4035,Cerah,wmo:0
arjawinangun,"Arjawinangun, Cirebon",2026-09-23,32.09.24.2004,Arjawinangun,kecamatan,no,-6.6453,108.4103,Asia/Jakarta,"BMKG point: Arjawinangun, Kecamatan Arjawinangun",23-09-2026,GFS,Open-Meteo / NOAA GFS,13:00,2026-09-23 13:00:00,36.1,30.0,0.0,22.7,0.0,1.4035,Cerah,wmo:0
arjawinangun,"Arjawinangun, Cirebon",2026-09-23,32.09.24.2004,Arjawinangun,kecamatan,no,-6.6453,108.4103,Asia/Jakarta,"BMKG point: Arjawinangun, Kecamatan Arjawinangun",23-09-2026,GFS,Open-Meteo / NOAA GFS,14:00,2026-09-23 14:00:00,35.2,33.0,0.0,23.8,0.0,1.4035,Cerah,wmo:0
arjawinangun,"Arjawinangun, Cirebon",2026-09-23,32.09.24.2004,Arjawinangun,kecamatan,no,-6.6453,108.4103,Asia/Jakarta,"BMKG point: Arjawinangun, Kecamatan Arjawinangun",23-09-2026,GFS,Open-Meteo / NOAA GFS,15:00,2026-09-23 15:00:00,33.8,36.0,0.0,22.4,0.0,1.4035,Cerah,wmo:0
arjawinangun,"Arjawinangun, Cirebon",2026-09-23,32.09.24.2004,Arjawinangun,kecamatan,no,-6.6453,108.4103,Asia/Jakarta,"BMKG point: Arjawinangun, Kecamatan Arjawinangun",23-09-2026,GFS,Open-Meteo / NOAA GFS,16:00,2026-09-23 16:00:00,32.0,41.0,0.0,19.5,0.0,1.4035,Cerah,wmo:0
arjawinangun,"Arjawinangun, Cirebon",2026-09-23,32.09.24.2004,Arjawinangun,kecamatan,no,-6.6453,108.4103,Asia/Jakarta,"BMKG point: Arjawinangun, Kecamatan Arjawinangun",23-09-2026,GFS,Open-Meteo / NOAA GFS,17:00,2026-09-23 17:00:00,30.2,46.0,0.0,14.3,0.0,1.4035,Cerah,wmo:0
arjawinangun,"Arjawinangun, Cirebon",2026-09-23,32.09.24.2004,Arjawinangun,kecamatan,no,-6.6453,108.4103,Asia/Jakarta,"BMKG point: Arjawinangun, Kecamatan Arjawinangun",23-09-2026,GFS,Open-Meteo / NOAA GFS,18:00,2026-09-23 18:00:00,28.0,58.0,0.0,9.2,0.0,1.4035,Cerah,wmo:0
arjawinangun,"Arjawinangun, Cirebon",2026-09-23,32.09.24.2004,Arjawinangun,kecamatan,no,-6.6453,108.4103,Asia/Jakarta,"BMKG point: Arjawinangun, Kecamatan Arjawinangun",23-09-2026,GFS,Open-Meteo / NOAA GFS,19:00,2026-09-23 19:00:00,27.0,66.0,0.0,7.9,0.0,1.4035,Cerah Berawan,wmo:1
arjawinangun,"Arjawinangun, Cirebon",2026-09-23,32.09.24.2004,Arjawinangun,kecamatan,no,-6.6453,108.4103,Asia/Jakarta,"BMKG point: Arjawinangun, Kecamatan Arjawinangun",23-09-2026,GFS,Open-Meteo / NOAA GFS,20:00,2026-09-23 20:00:00,26.7,69.0,0.0,6.2,0.0,1.4035,Cerah,wmo:0
arjawinangun,"Arjawinangun, Cirebon",2026-09-23,32.09.24.2004,Arjawinangun,kecamatan,no,-6.6453,108.4103,Asia/Jakarta,"BMKG point: Arjawinangun, Kecamatan Arjawinangun",23-09-2026,GFS,Open-Meteo / NOAA GFS,21:00,2026-09-23 21:00:00,26.6,69.0,0.0,6.9,0.0,1.4035,Cerah,wmo:0
arjawinangun,"Arjawinangun, Cirebon",2026-09-23,32.09.24.2004,Arjawinangun,kecamatan,no,-6.6453,108.4103,Asia/Jakarta,"BMKG point: Arjawinangun, Kecamatan Arjawinangun",23-09-2026,GFS,Open-Meteo / NOAA GFS,22:00,2026-09-23 22:00:00,26.4,68.0,0.0,5.9,0.0,1.4035,Cerah,wmo:0
arjawinangun,"Arjawinangun, Cirebon",2026-09-23,32.09.24.2004,Arjawinangun,kecamatan,no,-6.6453,108.4103,Asia/Jakarta,"BMKG point: Arjawinangun, Kecamatan Arjawinangun",23-09-2026,GFS,Open-Meteo / NOAA GFS,23:00,2026-09-23 23:00:00,26.0,66.0,0.0,5.1,0.0,1.4035,Cerah Berawan,wmo:1
arjawinangun,"Arjawinangun, Cirebon",2026-09-23,32.09.24.2004,Arjawinangun,kecamatan,no,-6.6453,108.4103,Asia/Jakarta,"BMKG point: Arjawinangun, Kecamatan Arjawinangun",23-09-2026,ICON,Open-Meteo / DWD ICON,00:00,2026-09-23 00:00:00,25.2,75.0,0.0,3.6,0.0,1.4768,Cerah Berawan,wmo:1
arjawinangun,"Arjawinangun, Cirebon",2026-09-23,32.09.24.2004,Arjawinangun,kecamatan,no,-6.6453,108.4103,Asia/Jakarta,"BMKG point: Arjawinangun, Kecamatan Arjawinangun",23-09-2026,ICON,Open-Meteo / DWD ICON,01:00,2026-09-23 01:00:00,24.5,74.0,0.0,3.7,0.0,1.4768,Cerah Berawan,wmo:1
arjawinangun,"Arjawinangun, Cirebon",2026-09-23,32.09.24.2004,Arjawinangun,kecamatan,no,-6.6453,108.4103,Asia/Jakarta,"BMKG point: Arjawinangun, Kecamatan Arjawinangun",23-09-2026,ICON,Open-Meteo / DWD ICON,02:00,2026-09-23 02:00:00,23.9,74.0,0.0,3.6,0.0,1.4768,Cerah Berawan,wmo:1
arjawinangun,"Arjawinangun, Cirebon",2026-09-23,32.09.24.2004,Arjawinangun,kecamatan,no,-6.6453,108.4103,Asia/Jakarta,"BMKG point: Arjawinangun, Kecamatan Arjawinangun",23-09-2026,ICON,Open-Meteo / DWD ICON,03:00,2026-09-23 03:00:00,23.6,73.0,0.0,3.3,0.0,1.4768,Cerah Berawan,wmo:1
arjawinangun,"Arjawinangun, Cirebon",2026-09-23,32.09.24.2004,Arjawinangun,kecamatan,no,-6.6453,108.4103,Asia/Jakarta,"BMKG point: Arjawinangun, Kecamatan Arjawinangun",23-09-2026,ICON,Open-Meteo / DWD ICON,04:00,2026-09-23 04:00:00,23.2,73.0,0.0,3.2,0.0,1.4768,Cerah Berawan,wmo:1
arjawinangun,"Arjawinangun, Cirebon",2026-09-23,32.09.24.2004,Arjawinangun,kecamatan,no,-6.6453,108.4103,Asia/Jakarta,"BMKG point: Arjawinangun, Kecamatan Arjawinangun",23-09-2026,ICON,Open-Meteo / DWD ICON,05:00,2026-09-23 05:00:00,23.0,73.0,0.0,2.5,0.0,1.4768,Cerah Berawan,wmo:1
arjawinangun,"Arjawinangun, Cirebon",2026-09-23,32.09.24.2004,Arjawinangun,kecamatan,no,-6.6453,108.4103,Asia/Jakarta,"BMKG point: Arjawinangun, Kecamatan Arjawinangun",23-09-2026,ICON,Open-Meteo / DWD ICON,06:00,2026-09-23 06:00:00,22.8,74.0,0.0,2.2,0.0,1.4768,Cerah Berawan,wmo:1
arjawinangun,"Arjawinangun, Cirebon",2026-09-23,32.09.24.2004,Arjawinangun,kecamatan,no,-6.6453,108.4103,Asia/Jakarta,"BMKG point: Arjawinangun, Kecamatan Arjawinangun",23-09-2026,ICON,Open-Meteo / DWD ICON,07:00,2026-09-23 07:00:00,24.6,74.0,0.0,2.2,0.0,1.4768,Cerah Berawan,wmo:1
arjawinangun,"Arjawinangun, Cirebon",2026-09-23,32.09.24.2004,Arjawinangun,kecamatan,no,-6.6453,108.4103,Asia/Jakarta,"BMKG point: Arjawinangun, Kecamatan Arjawinangun",23-09-2026,ICON,Open-Meteo / DWD ICON,08:00,2026-09-23 08:00:00,27.9,61.0,0.0,3.3,0.0,1.4768,Cerah Berawan,wmo:1
arjawinangun,"Arjawinangun, Cirebon",2026-09-23,32.09.24.2004,Arjawinangun,kecamatan,no,-6.6453,108.4103,Asia/Jakarta,"BMKG point: Arjawinangun, Kecamatan Arjawinangun",23-09-2026,ICON,Open-Meteo / DWD ICON,09:00,2026-09-23 09:00:00,30.7,49.0,0.0,5.8,0.0,1.4768,Cerah,wmo:0
arjawinangun,"Arjawinangun, Cirebon",2026-09-23,32.09.24.2004,Arjawinangun,kecamatan,no,-6.6453,108.4103,Asia/Jakarta,"BMKG point: Arjawinangun, Kecamatan Arjawinangun",23-09-2026,ICON,Open-Meteo / DWD ICON,10:00,2026-09-23 10:00:00,33.0,39.0,0.0,10.0,0.0,1.4768,Cerah,wmo:0
arjawinangun,"Arjawinangun, Cirebon",2026-09-23,32.09.24.2004,Arjawinangun,kecamatan,no,-6.6453,108.4103,Asia/Jakarta,"BMKG point: Arjawinangun, Kecamatan Arjawinangun",23-09-2026,ICON,Open-Meteo / DWD ICON,11:00,2026-09-23 11:00:00,34.3,38.0,0.0,13.3,0.0,1.4768,Cerah,wmo:0
arjawinangun,"Arjawinangun, Cirebon",2026-09-23,32.09.24.2004,Arjawinangun,kecamatan,no,-6.6453,108.4103,Asia/Jakarta,"BMKG point: Arjawinangun, Kecamatan Arjawinangun",23-09-2026,ICON,Open-Meteo / DWD ICON,12:00,2026-09-23 12:00:00,34.9,39.0,0.0,16.8,0.0,1.4768,Cerah,wmo:0
arjawinangun,"Arjawinangun, Cirebon",2026-09-23,32.09.24.2004,Arjawinangun,kecamatan,no,-6.6453,108.4103,Asia/Jakarta,"BMKG point: Arjawinangun, Kecamatan Arjawinangun",23-09-2026,ICON,Open-Meteo / DWD ICON,13:00,2026-09-23 13:00:00,34.6,42.0,0.0,19.9,0.0,1.4768,Cerah,wmo:0
arjawinangun,"Arjawinangun, Cirebon",2026-09-23,32.09.24.2004,Arjawinangun,kecamatan,no,-6.6453,108.4103,Asia/Jakarta,"BMKG point: Arjawinangun, Kecamatan Arjawinangun",23-09-2026,ICON,Open-Meteo / DWD ICON,14:00,2026-09-23 14:00:00,33.9,45.0,0.0,22.2,0.0,1.4768,Cerah Berawan,wmo:1
arjawinangun,"Arjawinangun, Cirebon",2026-09-23,32.09.24.2004,Arjawinangun,kecamatan,no,-6.6453,108.4103,Asia/Jakarta,"BMKG point: Arjawinangun, Kecamatan Arjawinangun",23-09-2026,ICON,Open-Meteo / DWD ICON,15:00,2026-09-23 15:00:00,33.2,48.0,0.0,22.1,0.0,1.4768,Cerah Berawan,wmo:1
arjawinangun,"Arjawinangun, Cirebon",2026-09-23,32.09.24.2004,Arjawinangun,kecamatan,no,-6.6453,108.4103,Asia/Jakarta,"BMKG point: Arjawinangun, Kecamatan Arjawinangun",23-09-2026,ICON,Open-Meteo / DWD ICON,16:00,2026-09-23 16:00:00,31.7,57.0,0.0,18.8,0.0,1.4768,Cerah Berawan,wmo:1
arjawinangun,"Arjawinangun, Cirebon",2026-09-23,32.09.24.2004,Arjawinangun,kecamatan,no,-6.6453,108.4103,Asia/Jakarta,"BMKG point: Arjawinangun, Kecamatan Arjawinangun",23-09-2026,ICON,Open-Meteo / DWD ICON,17:00,2026-09-23 17:00:00,30.1,66.0,0.0,16.9,0.0,1.4768,Cerah Berawan,wmo:1
arjawinangun,"Arjawinangun, Cirebon",2026-09-23,32.09.24.2004,Arjawinangun,kecamatan,no,-6.6453,108.4103,Asia/Jakarta,"BMKG point: Arjawinangun, Kecamatan Arjawinangun",23-09-2026,ICON,Open-Meteo / DWD ICON,18:00,2026-09-23 18:00:00,28.6,76.0,0.0,14.1,0.0,1.4768,Cerah Berawan,wmo:1
arjawinangun,"Arjawinangun, Cirebon",2026-09-23,32.09.24.2004,Arjawinangun,kecamatan,no,-6.6453,108.4103,Asia/Jakarta,"BMKG point: Arjawinangun, Kecamatan Arjawinangun",23-09-2026,ICON,Open-Meteo / DWD ICON,19:00,2026-09-23 19:00:00,27.9,81.0,0.0,11.2,0.0,1.4768,Cerah Berawan,wmo:2
arjawinangun,"Arjawinangun, Cirebon",2026-09-23,32.09.24.2004,Arjawinangun,kecamatan,no,-6.6453,108.4103,Asia/Jakarta,"BMKG point: Arjawinangun, Kecamatan Arjawinangun",23-09-2026,ICON,Open-Meteo / DWD ICON,20:00,2026-09-23 20:00:00,27.6,84.0,0.0,8.3,0.0,1.4768,Cerah Berawan,wmo:2
arjawinangun,"Arjawinangun, Cirebon",2026-09-23,32.09.24.2004,Arjawinangun,kecamatan,no,-6.6453,108.4103,Asia/Jakarta,"BMKG point: Arjawinangun, Kecamatan Arjawinangun",23-09-2026,ICON,Open-Meteo / DWD ICON,21:00,2026-09-23 21:00:00,27.3,85.0,0.0,5.1,0.0,1.4768,Cerah Berawan,wmo:2
arjawinangun,"Arjawinangun, Cirebon",2026-09-23,32.09.24.2004,Arjawinangun,kecamatan,no,-6.6453,108.4103,Asia/Jakarta,"BMKG point: Arjawinangun, Kecamatan Arjawinangun",23-09-2026,ICON,Open-Meteo / DWD ICON,22:00,2026-09-23 22:00:00,27.0,86.0,0.0,4.1,0.0,1.4768,Cerah Berawan,wmo:2
arjawinangun,"Arjawinangun, Cirebon",2026-09-23,32.09.24.2004,Arjawinangun,kecamatan,no,-6.6453,108.4103,Asia/Jakarta,"BMKG point: Arjawinangun, Kecamatan Arjawinangun",23-09-2026,ICON,Open-Meteo / DWD ICON,23:00,2026-09-23 23:00:00,26.6,80.0,0.0,4.3,0.0,1.4768,Cerah Berawan,wmo:2
arjawinangun,"Arjawinangun, Cirebon",2026-09-23,32.09.24.2004,Arjawinangun,kecamatan,no,-6.6453,108.4103,Asia/Jakarta,"BMKG point: Arjawinangun, Kecamatan Arjawinangun",23-09-2026,KMA,Open-Meteo / KMA,00:00,2026-09-23 00:00:00,,,,,0.0,0.5411,Berawan,wmo:None
arjawinangun,"Arjawinangun, Cirebon",2026-09-23,32.09.24.2004,Arjawinangun,kecamatan,no,-6.6453,108.4103,Asia/Jakarta,"BMKG point: Arjawinangun, Kecamatan Arjawinangun",23-09-2026,KMA,Open-Meteo / KMA,01:00,2026-09-23 01:00:00,,,,,0.0,0.5411,Berawan,wmo:None
arjawinangun,"Arjawinangun, Cirebon",2026-09-23,32.09.24.2004,Arjawinangun,kecamatan,no,-6.6453,108.4103,Asia/Jakarta,"BMKG point: Arjawinangun, Kecamatan Arjawinangun",23-09-2026,KMA,Open-Meteo / KMA,02:00,2026-09-23 02:00:00,,,,,0.0,0.5411,Berawan,wmo:None
arjawinangun,"Arjawinangun, Cirebon",2026-09-23,32.09.24.2004,Arjawinangun,kecamatan,no,-6.6453,108.4103,Asia/Jakarta,"BMKG point: Arjawinangun, Kecamatan Arjawinangun",23-09-2026,KMA,Open-Meteo / KMA,03:00,2026-09-23 03:00:00,,,,,0.0,0.5411,Berawan,wmo:None
arjawinangun,"Arjawinangun, Cirebon",2026-09-23,32.09.24.2004,Arjawinangun,kecamatan,no,-6.6453,108.4103,Asia/Jakarta,"BMKG point: Arjawinangun, Kecamatan Arjawinangun",23-09-2026,KMA,Open-Meteo / KMA,04:00,2026-09-23 04:00:00,,,,,0.0,0.5411,Berawan,wmo:None
arjawinangun,"Arjawinangun, Cirebon",2026-09-23,32.09.24.2004,Arjawinangun,kecamatan,no,-6.6453,108.4103,Asia/Jakarta,"BMKG point: Arjawinangun, Kecamatan Arjawinangun",23-09-2026,KMA,Open-Meteo / KMA,05:00,2026-09-23 05:00:00,,,,,0.0,0.5411,Berawan,wmo:None
arjawinangun,"Arjawinangun, Cirebon",2026-09-23,32.09.24.2004,Arjawinangun,kecamatan,no,-6.6453,108.4103,Asia/Jakarta,"BMKG point: Arjawinangun, Kecamatan Arjawinangun",23-09-2026,KMA,Open-Meteo / KMA,06:00,2026-09-23 06:00:00,,,,,0.0,0.5411,Berawan,wmo:None
arjawinangun,"Arjawinangun, Cirebon",2026-09-23,32.09.24.2004,Arjawinangun,kecamatan,no,-6.6453,108.4103,Asia/Jakarta,"BMKG point: Arjawinangun, Kecamatan Arjawinangun",23-09-2026,KMA,Open-Meteo / KMA,07:00,2026-09-23 07:00:00,,,,,0.0,0.5411,Berawan,wmo:None
arjawinangun,"Arjawinangun, Cirebon",2026-09-23,32.09.24.2004,Arjawinangun,kecamatan,no,-6.6453,108.4103,Asia/Jakarta,"BMKG point: Arjawinangun, Kecamatan Arjawinangun",23-09-2026,KMA,Open-Meteo / KMA,08:00,2026-09-23 08:00:00,,,,,0.0,0.5411,Berawan,wmo:None
arjawinangun,"Arjawinangun, Cirebon",2026-09-23,32.09.24.2004,Arjawinangun,kecamatan,no,-6.6453,108.4103,Asia/Jakarta,"BMKG point: Arjawinangun, Kecamatan Arjawinangun",23-09-2026,KMA,Open-Meteo / KMA,09:00,2026-09-23 09:00:00,,,,,0.0,0.5411,Berawan,wmo:None
arjawinangun,"Arjawinangun, Cirebon",2026-09-23,32.09.24.2004,Arjawinangun,kecamatan,no,-6.6453,108.4103,Asia/Jakarta,"BMKG point: Arjawinangun, Kecamatan Arjawinangun",23-09-2026,KMA,Open-Meteo / KMA,10:00,2026-09-23 10:00:00,,,,,0.0,0.5411,Berawan,wmo:None
arjawinangun,"Arjawinangun, Cirebon",2026-09-23,32.09.24.2004,Arjawinangun,kecamatan,no,-6.6453,108.4103,Asia/Jakarta,"BMKG point: Arjawinangun, Kecamatan Arjawinangun",23-09-2026,KMA,Open-Meteo / KMA,11:00,2026-09-23 11:00:00,,,,,0.0,0.5411,Berawan,wmo:None
arjawinangun,"Arjawinangun, Cirebon",2026-09-23,32.09.24.2004,Arjawinangun,kecamatan,no,-6.6453,108.4103,Asia/Jakarta,"BMKG point: Arjawinangun, Kecamatan Arjawinangun",23-09-2026,KMA,Open-Meteo / KMA,12:00,2026-09-23 12:00:00,,,,,0.0,0.5411,Berawan,wmo:None
arjawinangun,"Arjawinangun, Cirebon",2026-09-23,32.09.24.2004,Arjawinangun,kecamatan,no,-6.6453,108.4103,Asia/Jakarta,"BMKG point: Arjawinangun, Kecamatan Arjawinangun",23-09-2026,KMA,Open-Meteo / KMA,13:00,2026-09-23 13:00:00,,,,,0.0,0.5411,Berawan,wmo:None
arjawinangun,"Arjawinangun, Cirebon",2026-09-23,32.09.24.2004,Arjawinangun,kecamatan,no,-6.6453,108.4103,Asia/Jakarta,"BMKG point: Arjawinangun, Kecamatan Arjawinangun",23-09-2026,KMA,Open-Meteo / KMA,14:00,2026-09-23 14:00:00,,,,,0.0,0.5411,Berawan,wmo:None
arjawinangun,"Arjawinangun, Cirebon",2026-09-23,32.09.24.2004,Arjawinangun,kecamatan,no,-6.6453,108.4103,Asia/Jakarta,"BMKG point: Arjawinangun, Kecamatan Arjawinangun",23-09-2026,KMA,Open-Meteo / KMA,15:00,2026-09-23 15:00:00,,,,,0.0,0.5411,Berawan,wmo:None
arjawinangun,"Arjawinangun, Cirebon",2026-09-23,32.09.24.2004,Arjawinangun,kecamatan,no,-6.6453,108.4103,Asia/Jakarta,"BMKG point: Arjawinangun, Kecamatan Arjawinangun",23-09-2026,KMA,Open-Meteo / KMA,16:00,2026-09-23 16:00:00,,,,,0.0,0.5411,Berawan,wmo:None
arjawinangun,"Arjawinangun, Cirebon",2026-09-23,32.09.24.2004,Arjawinangun,kecamatan,no,-6.6453,108.4103,Asia/Jakarta,"BMKG point: Arjawinangun, Kecamatan Arjawinangun",23-09-2026,KMA,Open-Meteo / KMA,17:00,2026-09-23 17:00:00,,,,,0.0,0.5411,Berawan,wmo:None
arjawinangun,"Arjawinangun, Cirebon",2026-09-23,32.09.24.2004,Arjawinangun,kecamatan,no,-6.6453,108.4103,Asia/Jakarta,"BMKG point: Arjawinangun, Kecamatan Arjawinangun",23-09-2026,KMA,Open-Meteo / KMA,18:00,2026-09-23 18:00:00,,,,,0.0,0.5411,Berawan,wmo:None
arjawinangun,"Arjawinangun, Cirebon",2026-09-23,32.09.24.2004,Arjawinangun,kecamatan,no,-6.6453,108.4103,Asia/Jakarta,"BMKG point: Arjawinangun, Kecamatan Arjawinangun",23-09-2026,KMA,Open-Meteo / KMA,19:00,2026-09-23 19:00:00,,,,,0.0,0.5411,Berawan,wmo:None
arjawinangun,"Arjawinangun, Cirebon",2026-09-23,32.09.24.2004,Arjawinangun,kecamatan,no,-6.6453,108.4103,Asia/Jakarta,"BMKG point: Arjawinangun, Kecamatan Arjawinangun",23-09-2026,KMA,Open-Meteo / KMA,20:00,2026-09-23 20:00:00,,,,,0.0,0.5411,Berawan,wmo:None
arjawinangun,"Arjawinangun, Cirebon",2026-09-23,32.09.24.2004,Arjawinangun,kecamatan,no,-6.6453,108.4103,Asia/Jakarta,"BMKG point: Arjawinangun, Kecamatan Arjawinangun",23-09-2026,KMA,Open-Meteo / KMA,21:00,2026-09-23 21:00:00,,,,,0.0,0.5411,Berawan,wmo:None
arjawinangun,"Arjawinangun, Cirebon",2026-09-23,32.09.24.2004,Arjawinangun,kecamatan,no,-6.6453,108.4103,Asia/Jakarta,"BMKG point: Arjawinangun, Kecamatan Arjawinangun",23-09-2026,KMA,Open-Meteo / KMA,22:00,2026-09-23 22:00:00,,,,,0.0,0.5411,Berawan,wmo:None
arjawinangun,"Arjawinangun, Cirebon",2026-09-23,32.09.24.2004,Arjawinangun,kecamatan,no,-6.6453,108.4103,Asia/Jakarta,"BMKG point: Arjawinangun, Kecamatan Arjawinangun",23-09-2026,KMA,Open-Meteo / KMA,23:00,2026-09-23 23:00:00,,,,,0.0,0.5411,Berawan,wmo:None
arjawinangun,"Arjawinangun, Cirebon",2026-09-23,32.09.24.2004,Arjawinangun,kecamatan,no,-6.6453,108.4103,Asia/Jakarta,"BMKG point: Arjawinangun, Kecamatan Arjawinangun",23-09-2026,METEOFRANCE,Open-Meteo / Meteo-France,00:00,2026-09-23 00:00:00,28.0,57.0,0.0,10.7,0.0,1.5427,Berawan,wmo:3
arjawinangun,"Arjawinangun, Cirebon",2026-09-23,32.09.24.2004,Arjawinangun,kecamatan,no,-6.6453,108.4103,Asia/Jakarta,"BMKG point: Arjawinangun, Kecamatan Arjawinangun",23-09-2026,METEOFRANCE,Open-Meteo / Meteo-France,01:00,2026-09-23 01:00:00,27.8,58.0,0.0,10.9,0.0,1.5427,Berawan,wmo:3
arjawinangun,"Arjawinangun, Cirebon",2026-09-23,32.09.24.2004,Arjawinangun,kecamatan,no,-6.6453,108.4103,Asia/Jakarta,"BMKG point: Arjawinangun, Kecamatan Arjawinangun",23-09-2026,METEOFRANCE,Open-Meteo / Meteo-France,02:00,2026-09-23 02:00:00,27.5,60.0,0.0,11.7,0.0,1.5427,Berawan,wmo:3
arjawinangun,"Arjawinangun, Cirebon",2026-09-23,32.09.24.2004,Arjawinangun,kecamatan,no,-6.6453,108.4103,Asia/Jakarta,"BMKG point: Arjawinangun, Kecamatan Arjawinangun",23-09-2026,METEOFRANCE,Open-Meteo / Meteo-France,03:00,2026-09-23 03:00:00,27.3,62.0,0.0,12.0,0.0,1.5427,Berawan,wmo:3
arjawinangun,"Arjawinangun, Cirebon",2026-09-23,32.09.24.2004,Arjawinangun,kecamatan,no,-6.6453,108.4103,Asia/Jakarta,"BMKG point: Arjawinangun, Kecamatan Arjawinangun",23-09-2026,METEOFRANCE,Open-Meteo / Meteo-France,04:00,2026-09-23 04:00:00,27.0,62.0,0.0,12.3,0.0,1.5427,Berawan,wmo:3
arjawinangun,"Arjawinangun, Cirebon",2026-09-23,32.09.24.2004,Arjawinangun,kecamatan,no,-6.6453,108.4103,Asia/Jakarta,"BMKG point: Arjawinangun, Kecamatan Arjawinangun",23-09-2026,METEOFRANCE,Open-Meteo / Meteo-France,05:00,2026-09-23 05:00:00,26.8,63.0,0.0,12.4,0.0,1.5427,Berawan,wmo:3
arjawinangun,"Arjawinangun, Cirebon",2026-09-23,32.09.24.2004,Arjawinangun,kecamatan,no,-6.6453,108.4103,Asia/Jakarta,"BMKG point: Arjawinangun, Kecamatan Arjawinangun",23-09-2026,METEOFRANCE,Open-Meteo / Meteo-France,06:00,2026-09-23 06:00:00,26.7,64.0,0.0,12.7,0.0,1.5427,Berawan,wmo:3
arjawinangun,"Arjawinangun, Cirebon",2026-09-23,32.09.24.2004,Arjawinangun,kecamatan,no,-6.6453,108.4103,Asia/Jakarta,"BMKG point: Arjawinangun, Kecamatan Arjawinangun",23-09-2026,METEOFRANCE,Open-Meteo / Meteo-France,07:00,2026-09-23 07:00:00,27.5,61.0,0.0,13.1,0.0,1.5427,Berawan,wmo:3
arjawinangun,"Arjawinangun, Cirebon",2026-09-23,32.09.24.2004,Arjawinangun,kecamatan,no,-6.6453,108.4103,Asia/Jakarta,"BMKG point: Arjawinangun, Kecamatan Arjawinangun",23-09-2026,METEOFRANCE,Open-Meteo / Meteo-France,08:00,2026-09-23 08:00:00,29.5,53.0,0.0,13.2,0.0,1.5427,Berawan,wmo:3
arjawinangun,"Arjawinangun, Cirebon",2026-09-23,32.09.24.2004,Arjawinangun,kecamatan,no,-6.6453,108.4103,Asia/Jakarta,"BMKG point: Arjawinangun, Kecamatan Arjawinangun",23-09-2026,METEOFRANCE,Open-Meteo / Meteo-France,09:00,2026-09-23 09:00:00,31.3,49.0,0.0,13.0,0.0,1.5427,Cerah Berawan,wmo:2
arjawinangun,"Arjawinangun, Cirebon",2026-09-23,32.09.24.2004,Arjawinangun,kecamatan,no,-6.6453,108.4103,Asia/Jakarta,"BMKG point: Arjawinangun, Kecamatan Arjawinangun",23-09-2026,METEOFRANCE,Open-Meteo / Meteo-France,10:00,2026-09-23 10:00:00,32.7,46.0,0.0,13.5,0.0,1.5427,Cerah Berawan,wmo:1
arjawinangun,"Arjawinangun, Cirebon",2026-09-23,32.09.24.2004,Arjawinangun,kecamatan,no,-6.6453,108.4103,Asia/Jakarta,"BMKG point: Arjawinangun, Kecamatan Arjawinangun",23-09-2026,METEOFRANCE,Open-Meteo / Meteo-France,11:00,2026-09-23 11:00:00,33.9,43.0,0.0,14.5,0.0,1.5427,Cerah Berawan,wmo:1
arjawinangun,"Arjawinangun, Cirebon",2026-09-23,32.09.24.2004,Arjawinangun,kecamatan,no,-6.6453,108.4103,Asia/Jakarta,"BMKG point: Arjawinangun, Kecamatan Arjawinangun",23-09-2026,METEOFRANCE,Open-Meteo / Meteo-France,12:00,2026-09-23 12:00:00,34.6,42.0,0.0,16.5,0.0,1.5427,Cerah Berawan,wmo:1
arjawinangun,"Arjawinangun, Cirebon",2026-09-23,32.09.24.2004,Arjawinangun,kecamatan,no,-6.6453,108.4103,Asia/Jakarta,"BMKG point: Arjawinangun, Kecamatan Arjawinangun",23-09-2026,METEOFRANCE,Open-Meteo / Meteo-France,13:00,2026-09-23 13:00:00,34.9,43.0,0.0,19.0,0.0,1.5427,Cerah Berawan,wmo:1
arjawinangun,"Arjawinangun, Cirebon",2026-09-23,32.09.24.2004,Arjawinangun,kecamatan,no,-6.6453,108.4103,Asia/Jakarta,"BMKG point: Arjawinangun, Kecamatan Arjawinangun",23-09-2026,METEOFRANCE,Open-Meteo / Meteo-France,14:00,2026-09-23 14:00:00,34.4,46.0,0.0,20.9,0.0,1.5427,Cerah Berawan,wmo:1
arjawinangun,"Arjawinangun, Cirebon",2026-09-23,32.09.24.2004,Arjawinangun,kecamatan,no,-6.6453,108.4103,Asia/Jakarta,"BMKG point: Arjawinangun, Kecamatan Arjawinangun",23-09-2026,METEOFRANCE,Open-Meteo / Meteo-France,15:00,2026-09-23 15:00:00,33.4,50.0,0.0,20.6,0.0,1.5427,Cerah Berawan,wmo:1
arjawinangun,"Arjawinangun, Cirebon",2026-09-23,32.09.24.2004,Arjawinangun,kecamatan,no,-6.6453,108.4103,Asia/Jakarta,"BMKG point: Arjawinangun, Kecamatan Arjawinangun",23-09-2026,METEOFRANCE,Open-Meteo / Meteo-France,16:00,2026-09-23 16:00:00,32.3,52.0,0.0,18.0,0.0,1.5427,Cerah Berawan,wmo:1
arjawinangun,"Arjawinangun, Cirebon",2026-09-23,32.09.24.2004,Arjawinangun,kecamatan,no,-6.6453,108.4103,Asia/Jakarta,"BMKG point: Arjawinangun, Kecamatan Arjawinangun",23-09-2026,METEOFRANCE,Open-Meteo / Meteo-France,17:00,2026-09-23 17:00:00,31.0,56.0,0.0,14.6,0.0,1.5427,Cerah Berawan,wmo:1
arjawinangun,"Arjawinangun, Cirebon",2026-09-23,32.09.24.2004,Arjawinangun,kecamatan,no,-6.6453,108.4103,Asia/Jakarta,"BMKG point: Arjawinangun, Kecamatan Arjawinangun",23-09-2026,METEOFRANCE,Open-Meteo / Meteo-France,18:00,2026-09-23 18:00:00,29.8,61.0,0.0,11.3,0.0,1.5427,Cerah Berawan,wmo:1
arjawinangun,"Arjawinangun, Cirebon",2026-09-23,32.09.24.2004,Arjawinangun,kecamatan,no,-6.6453,108.4103,Asia/Jakarta,"BMKG point: Arjawinangun, Kecamatan Arjawinangun",23-09-2026,METEOFRANCE,Open-Meteo / Meteo-France,19:00,2026-09-23 19:00:00,29.1,67.0,0.0,9.4,0.0,1.5427,Cerah Berawan,wmo:1
arjawinangun,"Arjawinangun, Cirebon",2026-09-23,32.09.24.2004,Arjawinangun,kecamatan,no,-6.6453,108.4103,Asia/Jakarta,"BMKG point: Arjawinangun, Kecamatan Arjawinangun",23-09-2026,METEOFRANCE,Open-Meteo / Meteo-France,20:00,2026-09-23 20:00:00,28.9,69.0,0.0,9.1,0.0,1.5427,Cerah Berawan,wmo:2
arjawinangun,"Arjawinangun, Cirebon",2026-09-23,32.09.24.2004,Arjawinangun,kecamatan,no,-6.6453,108.4103,Asia/Jakarta,"BMKG point: Arjawinangun, Kecamatan Arjawinangun",23-09-2026,METEOFRANCE,Open-Meteo / Meteo-France,21:00,2026-09-23 21:00:00,28.8,70.0,0.0,9.4,0.0,1.5427,Cerah Berawan,wmo:2
arjawinangun,"Arjawinangun, Cirebon",2026-09-23,32.09.24.2004,Arjawinangun,kecamatan,no,-6.6453,108.4103,Asia/Jakarta,"BMKG point: Arjawinangun, Kecamatan Arjawinangun",23-09-2026,METEOFRANCE,Open-Meteo / Meteo-France,22:00,2026-09-23 22:00:00,28.7,68.0,0.0,9.3,0.0,1.5427,Cerah Berawan,wmo:1
arjawinangun,"Arjawinangun, Cirebon",2026-09-23,32.09.24.2004,Arjawinangun,kecamatan,no,-6.6453,108.4103,Asia/Jakarta,"BMKG point: Arjawinangun, Kecamatan Arjawinangun",23-09-2026,METEOFRANCE,Open-Meteo / Meteo-France,23:00,2026-09-23 23:00:00,28.6,65.0,0.0,8.4,0.0,1.5427,Cerah Berawan,wmo:1
arjawinangun,"Arjawinangun, Cirebon",2026-09-23,32.09.24.2004,Arjawinangun,kecamatan,no,-6.6453,108.4103,Asia/Jakarta,"BMKG point: Arjawinangun, Kecamatan Arjawinangun",23-09-2026,METNO,MET Norway,00:00,2026-09-23 00:00:00,27.2,67.5,0.0,10.08,0.0,1.363,Cerah Berawan,partlycloudy_night
arjawinangun,"Arjawinangun, Cirebon",2026-09-23,32.09.24.2004,Arjawinangun,kecamatan,no,-6.6453,108.4103,Asia/Jakarta,"BMKG point: Arjawinangun, Kecamatan Arjawinangun",23-09-2026,METNO,MET Norway,01:00,2026-09-23 01:00:00,26.7,68.6,0.0,8.64,0.0,1.363,Cerah Berawan,partlycloudy_night
arjawinangun,"Arjawinangun, Cirebon",2026-09-23,32.09.24.2004,Arjawinangun,kecamatan,no,-6.6453,108.4103,Asia/Jakarta,"BMKG point: Arjawinangun, Kecamatan Arjawinangun",23-09-2026,METNO,MET Norway,02:00,2026-09-23 02:00:00,26.4,65.5,0.0,7.56,0.0,1.363,Cerah Berawan,partlycloudy_night
arjawinangun,"Arjawinangun, Cirebon",2026-09-23,32.09.24.2004,Arjawinangun,kecamatan,no,-6.6453,108.4103,Asia/Jakarta,"BMKG point: Arjawinangun, Kecamatan Arjawinangun",23-09-2026,METNO,MET Norway,03:00,2026-09-23 03:00:00,26.3,60.3,0.0,7.56,0.0,1.363,Cerah Berawan,partlycloudy_night
arjawinangun,"Arjawinangun, Cirebon",2026-09-23,32.09.24.2004,Arjawinangun,kecamatan,no,-6.6453,108.4103,Asia/Jakarta,"BMKG point: Arjawinangun, Kecamatan Arjawinangun",23-09-2026,METNO,MET Norway,04:00,2026-09-23 04:00:00,25.9,59.4,0.0,7.56,0.0,1.363,Cerah Berawan,partlycloudy_night
arjawinangun,"Arjawinangun, Cirebon",2026-09-23,32.09.24.2004,Arjawinangun,kecamatan,no,-6.6453,108.4103,Asia/Jakarta,"BMKG point: Arjawinangun, Kecamatan Arjawinangun",23-09-2026,METNO,MET Norway,05:00,2026-09-23 05:00:00,25.6,60.5,0.0,7.56,0.0,1.363,Cerah Berawan,partlycloudy_night
arjawinangun,"Arjawinangun, Cirebon",2026-09-23,32.09.24.2004,Arjawinangun,kecamatan,no,-6.6453,108.4103,Asia/Jakarta,"BMKG point: Arjawinangun, Kecamatan Arjawinangun",23-09-2026,METNO,MET Norway,06:00,2026-09-23 06:00:00,25.5,62.2,0.0,6.84,0.0,1.363,Cerah Berawan,partlycloudy_day
arjawinangun,"Arjawinangun, Cirebon",2026-09-23,32.09.24.2004,Arjawinangun,kecamatan,no,-6.6453,108.4103,Asia/Jakarta,"BMKG point: Arjawinangun, Kecamatan Arjawinangun",23-09-2026,METNO,MET Norway,07:00,2026-09-23 07:00:00,27.1,55.2,0.0,5.76,0.0,1.363,Cerah Berawan,partlycloudy_day
arjawinangun,"Arjawinangun, Cirebon",2026-09-23,32.09.24.2004,Arjawinangun,kecamatan,no,-6.6453,108.4103,Asia/Jakarta,"BMKG point: Arjawinangun, Kecamatan Arjawinangun",23-09-2026,METNO,MET Norway,08:00,2026-09-23 08:00:00,29.7,50.3,0.0,6.84,0.0,1.363,Cerah Berawan,partlycloudy_day
arjawinangun,"Arjawinangun, Cirebon",2026-09-23,32.09.24.2004,Arjawinangun,kecamatan,no,-6.6453,108.4103,Asia/Jakarta,"BMKG point: Arjawinangun, Kecamatan Arjawinangun",23-09-2026,METNO,MET Norway,09:00,2026-09-23 09:00:00,32.1,40.9,0.0,9.72,0.0,1.363,Cerah Berawan,partlycloudy_day
arjawinangun,"Arjawinangun, Cirebon",2026-09-23,32.09.24.2004,Arjawinangun,kecamatan,no,-6.6453,108.4103,Asia/Jakarta,"BMKG point: Arjawinangun, Kecamatan Arjawinangun",23-09-2026,METNO,MET Norway,10:00,2026-09-23 10:00:00,33.9,36.3,0.0,12.96,0.0,1.363,Cerah Berawan,partlycloudy_day
arjawinangun,"Arjawinangun, Cirebon",2026-09-23,32.09.24.2004,Arjawinangun,kecamatan,no,-6.6453,108.4103,Asia/Jakarta,"BMKG point: Arjawinangun, Kecamatan Arjawinangun",23-09-2026,METNO,MET Norway,11:00,2026-09-23 11:00:00,35.2,33.6,0.0,14.76,0.0,1.363,Cerah Berawan,fair_day
arjawinangun,"Arjawinangun, Cirebon",2026-09-23,32.09.24.2004,Arjawinangun,kecamatan,no,-6.6453,108.4103,Asia/Jakarta,"BMKG point: Arjawinangun, Kecamatan Arjawinangun",23-09-2026,METNO,MET Norway,12:00,2026-09-23 12:00:00,35.7,32.7,0.0,15.84,0.0,1.363,Cerah Berawan,fair_day
arjawinangun,"Arjawinangun, Cirebon",2026-09-23,32.09.24.2004,Arjawinangun,kecamatan,no,-6.6453,108.4103,Asia/Jakarta,"BMKG point: Arjawinangun, Kecamatan Arjawinangun",23-09-2026,METNO,MET Norway,13:00,2026-09-23 13:00:00,35.9,31.8,0.0,19.8,0.0,1.363,Cerah Berawan,fair_day
arjawinangun,"Arjawinangun, Cirebon",2026-09-23,32.09.24.2004,Arjawinangun,kecamatan,no,-6.6453,108.4103,Asia/Jakarta,"BMKG point: Arjawinangun, Kecamatan Arjawinangun",23-09-2026,METNO,MET Norway,14:00,2026-09-23 14:00:00,35.0,37.0,0.0,21.24,0.0,1.363,Cerah,clearsky_day
arjawinangun,"Arjawinangun, Cirebon",2026-09-23,32.09.24.2004,Arjawinangun,kecamatan,no,-6.6453,108.4103,Asia/Jakarta,"BMKG point: Arjawinangun, Kecamatan Arjawinangun",23-09-2026,METNO,MET Norway,15:00,2026-09-23 15:00:00,34.0,39.9,0.0,19.44,0.0,1.363,Cerah,clearsky_day
arjawinangun,"Arjawinangun, Cirebon",2026-09-23,32.09.24.2004,Arjawinangun,kecamatan,no,-6.6453,108.4103,Asia/Jakarta,"BMKG point: Arjawinangun, Kecamatan Arjawinangun",23-09-2026,METNO,MET Norway,16:00,2026-09-23 16:00:00,32.2,50.2,0.0,19.8,0.0,1.363,Cerah Berawan,fair_day
arjawinangun,"Arjawinangun, Cirebon",2026-09-23,32.09.24.2004,Arjawinangun,kecamatan,no,-6.6453,108.4103,Asia/Jakarta,"BMKG point: Arjawinangun, Kecamatan Arjawinangun",23-09-2026,METNO,MET Norway,17:00,2026-09-23 17:00:00,30.4,60.7,0.0,18.0,0.0,1.363,Cerah Berawan,fair_day
arjawinangun,"Arjawinangun, Cirebon",2026-09-23,32.09.24.2004,Arjawinangun,kecamatan,no,-6.6453,108.4103,Asia/Jakarta,"BMKG point: Arjawinangun, Kecamatan Arjawinangun",23-09-2026,METNO,MET Norway,18:00,2026-09-23 18:00:00,29.2,66.3,0.0,14.4,0.0,1.363,Cerah Berawan,partlycloudy_night
arjawinangun,"Arjawinangun, Cirebon",2026-09-23,32.09.24.2004,Arjawinangun,kecamatan,no,-6.6453,108.4103,Asia/Jakarta,"BMKG point: Arjawinangun, Kecamatan Arjawinangun",23-09-2026,METNO,MET Norway,19:00,2026-09-23 19:00:00,29.0,66.9,0.0,11.88,0.0,1.363,Cerah Berawan,partlycloudy_night
arjawinangun,"Arjawinangun, Cirebon",2026-09-23,32.09.24.2004,Arjawinangun,kecamatan,no,-6.6453,108.4103,Asia/Jakarta,"BMKG point: Arjawinangun, Kecamatan Arjawinangun",23-09-2026,METNO,MET Norway,20:00,2026-09-23 20:00:00,28.8,67.6,0.0,12.6,0.0,1.363,Cerah Berawan,partlycloudy_night
arjawinangun,"Arjawinangun, Cirebon",2026-09-23,32.09.24.2004,Arjawinangun,kecamatan,no,-6.6453,108.4103,Asia/Jakarta,"BMKG point: Arjawinangun, Kecamatan Arjawinangun",23-09-2026,METNO,MET Norway,21:00,2026-09-23 21:00:00,28.6,70.2,0.0,11.52,0.0,1.363,Cerah Berawan,partlycloudy_night
arjawinangun,"Arjawinangun, Cirebon",2026-09-23,32.09.24.2004,Arjawinangun,kecamatan,no,-6.6453,108.4103,Asia/Jakarta,"BMKG point: Arjawinangun, Kecamatan Arjawinangun",23-09-2026,METNO,MET Norway,22:00,2026-09-23 22:00:00,28.4,69.4,0.0,14.04,0.0,1.363,Cerah Berawan,partlycloudy_night
arjawinangun,"Arjawinangun, Cirebon",2026-09-23,32.09.24.2004,Arjawinangun,kecamatan,no,-6.6453,108.4103,Asia/Jakarta,"BMKG point: Arjawinangun, Kecamatan Arjawinangun",23-09-2026,METNO,MET Norway,23:00,2026-09-23 23:00:00,27.9,65.9,0.0,13.32,0.0,1.363,Cerah Berawan,fair_night
arjawinangun,"Arjawinangun, Cirebon",2026-09-23,32.09.24.2004,Arjawinangun,kecamatan,no,-6.6453,108.4103,Asia/Jakarta,"BMKG point: Arjawinangun, Kecamatan Arjawinangun",23-09-2026,UKMO,Open-Meteo / UK Met Office,00:00,2026-09-23 00:00:00,25.5,71.0,0.0,5.8,0.0,1.3106,Cerah,wmo:0
arjawinangun,"Arjawinangun, Cirebon",2026-09-23,32.09.24.2004,Arjawinangun,kecamatan,no,-6.6453,108.4103,Asia/Jakarta,"BMKG point: Arjawinangun, Kecamatan Arjawinangun",23-09-2026,UKMO,Open-Meteo / UK Met Office,01:00,2026-09-23 01:00:00,24.9,76.0,0.0,4.7,0.0,1.3106,Cerah,wmo:0
arjawinangun,"Arjawinangun, Cirebon",2026-09-23,32.09.24.2004,Arjawinangun,kecamatan,no,-6.6453,108.4103,Asia/Jakarta,"BMKG point: Arjawinangun, Kecamatan Arjawinangun",23-09-2026,UKMO,Open-Meteo / UK Met Office,02:00,2026-09-23 02:00:00,24.6,79.0,0.0,4.3,0.0,1.3106,Cerah,wmo:0
arjawinangun,"Arjawinangun, Cirebon",2026-09-23,32.09.24.2004,Arjawinangun,kecamatan,no,-6.6453,108.4103,Asia/Jakarta,"BMKG point: Arjawinangun, Kecamatan Arjawinangun",23-09-2026,UKMO,Open-Meteo / UK Met Office,03:00,2026-09-23 03:00:00,24.3,78.0,0.0,5.0,0.0,1.3106,Cerah,wmo:0
arjawinangun,"Arjawinangun, Cirebon",2026-09-23,32.09.24.2004,Arjawinangun,kecamatan,no,-6.6453,108.4103,Asia/Jakarta,"BMKG point: Arjawinangun, Kecamatan Arjawinangun",23-09-2026,UKMO,Open-Meteo / UK Met Office,04:00,2026-09-23 04:00:00,23.7,81.0,0.0,4.7,0.0,1.3106,Cerah,wmo:0
arjawinangun,"Arjawinangun, Cirebon",2026-09-23,32.09.24.2004,Arjawinangun,kecamatan,no,-6.6453,108.4103,Asia/Jakarta,"BMKG point: Arjawinangun, Kecamatan Arjawinangun",23-09-2026,UKMO,Open-Meteo / UK Met Office,05:00,2026-09-23 05:00:00,23.0,89.0,0.0,1.8,0.0,1.3106,Cerah,wmo:0
arjawinangun,"Arjawinangun, Cirebon",2026-09-23,32.09.24.2004,Arjawinangun,kecamatan,no,-6.6453,108.4103,Asia/Jakarta,"BMKG point: Arjawinangun, Kecamatan Arjawinangun",23-09-2026,UKMO,Open-Meteo / UK Met Office,06:00,2026-09-23 06:00:00,23.7,89.0,0.0,1.4,0.0,1.3106,Cerah,wmo:0
arjawinangun,"Arjawinangun, Cirebon",2026-09-23,32.09.24.2004,Arjawinangun,kecamatan,no,-6.6453,108.4103,Asia/Jakarta,"BMKG point: Arjawinangun, Kecamatan Arjawinangun",23-09-2026,UKMO,Open-Meteo / UK Met Office,07:00,2026-09-23 07:00:00,25.2,70.0,0.0,0.7,0.0,1.3106,Cerah,wmo:0
arjawinangun,"Arjawinangun, Cirebon",2026-09-23,32.09.24.2004,Arjawinangun,kecamatan,no,-6.6453,108.4103,Asia/Jakarta,"BMKG point: Arjawinangun, Kecamatan Arjawinangun",23-09-2026,UKMO,Open-Meteo / UK Met Office,08:00,2026-09-23 08:00:00,27.1,62.0,0.0,4.0,0.0,1.3106,Cerah,wmo:0
arjawinangun,"Arjawinangun, Cirebon",2026-09-23,32.09.24.2004,Arjawinangun,kecamatan,no,-6.6453,108.4103,Asia/Jakarta,"BMKG point: Arjawinangun, Kecamatan Arjawinangun",23-09-2026,UKMO,Open-Meteo / UK Met Office,09:00,2026-09-23 09:00:00,29.4,51.0,0.0,6.8,0.0,1.3106,Cerah,wmo:0
arjawinangun,"Arjawinangun, Cirebon",2026-09-23,32.09.24.2004,Arjawinangun,kecamatan,no,-6.6453,108.4103,Asia/Jakarta,"BMKG point: Arjawinangun, Kecamatan Arjawinangun",23-09-2026,UKMO,Open-Meteo / UK Met Office,10:00,2026-09-23 10:00:00,31.3,46.0,0.0,10.4,0.0,1.3106,Cerah,wmo:0
arjawinangun,"Arjawinangun, Cirebon",2026-09-23,32.09.24.2004,Arjawinangun,kecamatan,no,-6.6453,108.4103,Asia/Jakarta,"BMKG point: Arjawinangun, Kecamatan Arjawinangun",23-09-2026,UKMO,Open-Meteo / UK Met Office,11:00,2026-09-23 11:00:00,32.6,42.0,0.0,12.6,0.0,1.3106,Cerah,wmo:0
arjawinangun,"Arjawinangun, Cirebon",2026-09-23,32.09.24.2004,Arjawinangun,kecamatan,no,-6.6453,108.4103,Asia/Jakarta,"BMKG point: Arjawinangun, Kecamatan Arjawinangun",23-09-2026,UKMO,Open-Meteo / UK Met Office,12:00,2026-09-23 12:00:00,33.5,39.0,0.0,14.8,0.0,1.3106,Cerah,wmo:0
arjawinangun,"Arjawinangun, Cirebon",2026-09-23,32.09.24.2004,Arjawinangun,kecamatan,no,-6.6453,108.4103,Asia/Jakarta,"BMKG point: Arjawinangun, Kecamatan Arjawinangun",23-09-2026,UKMO,Open-Meteo / UK Met Office,13:00,2026-09-23 13:00:00,33.9,38.0,0.0,15.8,0.0,1.3106,Cerah,wmo:0
arjawinangun,"Arjawinangun, Cirebon",2026-09-23,32.09.24.2004,Arjawinangun,kecamatan,no,-6.6453,108.4103,Asia/Jakarta,"BMKG point: Arjawinangun, Kecamatan Arjawinangun",23-09-2026,UKMO,Open-Meteo / UK Met Office,14:00,2026-09-23 14:00:00,34.0,37.0,0.0,16.2,0.0,1.3106,Cerah,wmo:0
arjawinangun,"Arjawinangun, Cirebon",2026-09-23,32.09.24.2004,Arjawinangun,kecamatan,no,-6.6453,108.4103,Asia/Jakarta,"BMKG point: Arjawinangun, Kecamatan Arjawinangun",23-09-2026,UKMO,Open-Meteo / UK Met Office,15:00,2026-09-23 15:00:00,33.4,40.0,0.0,15.8,0.0,1.3106,Cerah,wmo:0
arjawinangun,"Arjawinangun, Cirebon",2026-09-23,32.09.24.2004,Arjawinangun,kecamatan,no,-6.6453,108.4103,Asia/Jakarta,"BMKG point: Arjawinangun, Kecamatan Arjawinangun",23-09-2026,UKMO,Open-Meteo / UK Met Office,16:00,2026-09-23 16:00:00,31.9,49.0,0.0,15.8,0.0,1.3106,Cerah,wmo:0
arjawinangun,"Arjawinangun, Cirebon",2026-09-23,32.09.24.2004,Arjawinangun,kecamatan,no,-6.6453,108.4103,Asia/Jakarta,"BMKG point: Arjawinangun, Kecamatan Arjawinangun",23-09-2026,UKMO,Open-Meteo / UK Met Office,17:00,2026-09-23 17:00:00,30.2,60.0,0.0,14.4,0.0,1.3106,Cerah,wmo:0
arjawinangun,"Arjawinangun, Cirebon",2026-09-23,32.09.24.2004,Arjawinangun,kecamatan,no,-6.6453,108.4103,Asia/Jakarta,"BMKG point: Arjawinangun, Kecamatan Arjawinangun",23-09-2026,UKMO,Open-Meteo / UK Met Office,18:00,2026-09-23 18:00:00,29.2,65.0,0.0,11.5,0.0,1.3106,Cerah,wmo:0
arjawinangun,"Arjawinangun, Cirebon",2026-09-23,32.09.24.2004,Arjawinangun,kecamatan,no,-6.6453,108.4103,Asia/Jakarta,"BMKG point: Arjawinangun, Kecamatan Arjawinangun",23-09-2026,UKMO,Open-Meteo / UK Met Office,19:00,2026-09-23 19:00:00,28.8,68.0,0.0,9.7,0.0,1.3106,Cerah,wmo:0
arjawinangun,"Arjawinangun, Cirebon",2026-09-23,32.09.24.2004,Arjawinangun,kecamatan,no,-6.6453,108.4103,Asia/Jakarta,"BMKG point: Arjawinangun, Kecamatan Arjawinangun",23-09-2026,UKMO,Open-Meteo / UK Met Office,20:00,2026-09-23 20:00:00,28.6,70.0,0.0,9.4,0.0,1.3106,Cerah,wmo:0
arjawinangun,"Arjawinangun, Cirebon",2026-09-23,32.09.24.2004,Arjawinangun,kecamatan,no,-6.6453,108.4103,Asia/Jakarta,"BMKG point: Arjawinangun, Kecamatan Arjawinangun",23-09-2026,UKMO,Open-Meteo / UK Met Office,21:00,2026-09-23 21:00:00,28.3,69.0,0.0,9.7,0.0,1.3106,Cerah,wmo:0
arjawinangun,"Arjawinangun, Cirebon",2026-09-23,32.09.24.2004,Arjawinangun,kecamatan,no,-6.6453,108.4103,Asia/Jakarta,"BMKG point: Arjawinangun, Kecamatan Arjawinangun",23-09-2026,UKMO,Open-Meteo / UK Met Office,22:00,2026-09-23 22:00:00,27.7,63.0,0.0,9.7,0.0,1.3106,Cerah,wmo:0
arjawinangun,"Arjawinangun, Cirebon",2026-09-23,32.09.24.2004,Arjawinangun,kecamatan,no,-6.6453,108.4103,Asia/Jakarta,"BMKG point: Arjawinangun, Kecamatan Arjawinangun",23-09-2026,UKMO,Open-Meteo / UK Met Office,23:00,2026-09-23 23:00:00,26.9,62.0,0.0,7.6,0.0,1.3106,Cerah,wmo:0
arjawinangun,"Arjawinangun, Cirebon",2026-09-24,32.09.24.2004,Arjawinangun,kecamatan,no,-6.6453,108.4103,Asia/Jakarta,"BMKG point: Arjawinangun, Kecamatan Arjawinangun",24-09-2026,BMKG,BMKG,00:00,2026-09-24 01:00:00,26.0,64.0,0.0,3.8,60.0,1.2569,Cerah,Cerah
arjawinangun,"Arjawinangun, Cirebon",2026-09-24,32.09.24.2004,Arjawinangun,kecamatan,no,-6.6453,108.4103,Asia/Jakarta,"BMKG point: Arjawinangun, Kecamatan Arjawinangun",24-09-2026,BMKG,BMKG,01:00,2026-09-24 01:00:00,26.0,64.0,0.0,3.8,0.0,1.6759,Cerah,Cerah
arjawinangun,"Arjawinangun, Cirebon",2026-09-24,32.09.24.2004,Arjawinangun,kecamatan,no,-6.6453,108.4103,Asia/Jakarta,"BMKG point: Arjawinangun, Kecamatan Arjawinangun",24-09-2026,BMKG,BMKG,02:00,2026-09-24 01:00:00,26.0,64.0,0.0,3.8,60.0,1.2569,Cerah,Cerah
arjawinangun,"Arjawinangun, Cirebon",2026-09-24,32.09.24.2004,Arjawinangun,kecamatan,no,-6.6453,108.4103,Asia/Jakarta,"BMKG point: Arjawinangun, Kecamatan Arjawinangun",24-09-2026,BMKG,BMKG,03:00,2026-09-24 04:00:00,25.0,66.0,0.0,2.2,60.0,1.2569,Cerah Berawan,Cerah Berawan
arjawinangun,"Arjawinangun, Cirebon",2026-09-24,32.09.24.2004,Arjawinangun,kecamatan,no,-6.6453,108.4103,Asia/Jakarta,"BMKG point: Arjawinangun, Kecamatan Arjawinangun",24-09-2026,BMKG,BMKG,04:00,2026-09-24 04:00:00,25.0,66.0,0.0,2.2,0.0,1.6759,Cerah Berawan,Cerah Berawan
arjawinangun,"Arjawinangun, Cirebon",2026-09-24,32.09.24.2004,Arjawinangun,kecamatan,no,-6.6453,108.4103,Asia/Jakarta,"BMKG point: Arjawinangun, Kecamatan Arjawinangun",24-09-2026,BMKG,BMKG,05:00,2026-09-24 04:00:00,25.0,66.0,0.0,2.2,60.0,1.2569,Cerah Berawan,Cerah Berawan
arjawinangun,"Arjawinangun, Cirebon",2026-09-24,32.09.24.2004,Arjawinangun,kecamatan,no,-6.6453,108.4103,Asia/Jakarta,"BMKG point: Arjawinangun, Kecamatan Arjawinangun",24-09-2026,BMKG,BMKG,06:00,2026-09-24 07:00:00,30.0,49.0,0.0,2.3,60.0,1.2569,Berawan,Berawan
arjawinangun,"Arjawinangun, Cirebon",2026-09-24,32.09.24.2004,Arjawinangun,kecamatan,no,-6.6453,108.4103,Asia/Jakarta,"BMKG point: Arjawinangun, Kecamatan Arjawinangun",24-09-2026,BMKG,BMKG,07:00,2026-09-24 07:00:00,30.0,49.0,0.0,2.3,0.0,1.6759,Berawan,Berawan
arjawinangun,"Arjawinangun, Cirebon",2026-09-24,32.09.24.2004,Arjawinangun,kecamatan,no,-6.6453,108.4103,Asia/Jakarta,"BMKG point: Arjawinangun, Kecamatan Arjawinangun",24-09-2026,BMKG,BMKG,08:00,2026-09-24 07:00:00,30.0,49.0,0.0,2.3,60.0,1.2569,Berawan,Berawan
arjawinangun,"Arjawinangun, Cirebon",2026-09-24,32.09.24.2004,Arjawinangun,kecamatan,no,-6.6453,108.4103,Asia/Jakarta,"BMKG point: Arjawinangun, Kecamatan Arjawinangun",24-09-2026,BMKG,BMKG,09:00,2026-09-24 10:00:00,34.0,37.0,0.0,21.7,60.0,1.2569,Berawan,Berawan
arjawinangun,"Arjawinangun, Cirebon",2026-09-24,32.09.24.2004,Arjawinangun,kecamatan,no,-6.6453,108.4103,Asia/Jakarta,"BMKG point: Arjawinangun, Kecamatan Arjawinangun",24-09-2026,BMKG,BMKG,10:00,2026-09-24 10:00:00,34.0,37.0,0.0,21.7,0.0,1.6759,Berawan,Berawan
arjawinangun,"Arjawinangun, Cirebon",2026-09-24,32.09.24.2004,Arjawinangun,kecamatan,no,-6.6453,108.4103,Asia/Jakarta,"BMKG point: Arjawinangun, Kecamatan Arjawinangun",24-09-2026,BMKG,BMKG,11:00,2026-09-24 10:00:00,34.0,37.0,0.0,21.7,60.0,1.2569,Berawan,Berawan
arjawinangun,"Arjawinangun, Cirebon",2026-09-24,32.09.24.2004,Arjawinangun,kecamatan,no,-6.6453,108.4103,Asia/Jakarta,"BMKG point: Arjawinangun, Kecamatan Arjawinangun",24-09-2026,BMKG,BMKG,12:00,2026-09-24 13:00:00,35.0,38.0,0.0,21.7,60.0,1.2569,Cerah,Cerah
arjawinangun,"Arjawinangun, Cirebon",2026-09-24,32.09.24.2004,Arjawinangun,kecamatan,no,-6.6453,108.4103,Asia/Jakarta,"BMKG point: Arjawinangun, Kecamatan Arjawinangun",24-09-2026,BMKG,BMKG,13:00,2026-09-24 13:00:00,35.0,38.0,0.0,21.7,0.0,1.6759,Cerah,Cerah
arjawinangun,"Arjawinangun, Cirebon",2026-09-24,32.09.24.2004,Arjawinangun,kecamatan,no,-6.6453,108.4103,Asia/Jakarta,"BMKG point: Arjawinangun, Kecamatan Arjawinangun",24-09-2026,BMKG,BMKG,14:00,2026-09-24 13:00:00,35.0,38.0,0.0,21.7,60.0,1.2569,Cerah,Cerah
arjawinangun,"Arjawinangun, Cirebon",2026-09-24,32.09.24.2004,Arjawinangun,kecamatan,no,-6.6453,108.4103,Asia/Jakarta,"BMKG point: Arjawinangun, Kecamatan Arjawinangun",24-09-2026,BMKG,BMKG,15:00,2026-09-24 16:00:00,31.0,55.0,0.0,11.4,60.0,1.2569,Berawan,Berawan
arjawinangun,"Arjawinangun, Cirebon",2026-09-24,32.09.24.2004,Arjawinangun,kecamatan,no,-6.6453,108.4103,Asia/Jakarta,"BMKG point: Arjawinangun, Kecamatan Arjawinangun",24-09-2026,BMKG,BMKG,16:00,2026-09-24 16:00:00,31.0,55.0,0.0,11.4,0.0,1.6759,Berawan,Berawan
arjawinangun,"Arjawinangun, Cirebon",2026-09-24,32.09.24.2004,Arjawinangun,kecamatan,no,-6.6453,108.4103,Asia/Jakarta,"BMKG point: Arjawinangun, Kecamatan Arjawinangun",24-09-2026,BMKG,BMKG,17:00,2026-09-24 16:00:00,31.0,55.0,0.0,11.4,60.0,1.2569,Berawan,Berawan
arjawinangun,"Arjawinangun, Cirebon",2026-09-24,32.09.24.2004,Arjawinangun,kecamatan,no,-6.6453,108.4103,Asia/Jakarta,"BMKG point: Arjawinangun, Kecamatan Arjawinangun",24-09-2026,BMKG,BMKG,18:00,2026-09-24 19:00:00,29.0,73.0,0.0,11.4,60.0,1.2569,Cerah,Cerah
arjawinangun,"Arjawinangun, Cirebon",2026-09-24,32.09.24.2004,Arjawinangun,kecamatan,no,-6.6453,108.4103,Asia/Jakarta,"BMKG point: Arjawinangun, Kecamatan Arjawinangun",24-09-2026,BMKG,BMKG,19:00,2026-09-24 19:00:00,29.0,73.0,0.0,11.4,0.0,1.6759,Cerah,Cerah
arjawinangun,"Arjawinangun, Cirebon",2026-09-24,32.09.24.2004,Arjawinangun,kecamatan,no,-6.6453,108.4103,Asia/Jakarta,"BMKG point: Arjawinangun, Kecamatan Arjawinangun",24-09-2026,BMKG,BMKG,20:00,2026-09-24 19:00:00,29.0,73.0,0.0,11.4,60.0,1.2569,Cerah,Cerah
arjawinangun,"Arjawinangun, Cirebon",2026-09-24,32.09.24.2004,Arjawinangun,kecamatan,no,-6.6453,108.4103,Asia/Jakarta,"BMKG point: Arjawinangun, Kecamatan Arjawinangun",24-09-2026,BMKG,BMKG,21:00,2026-09-24 22:00:00,28.0,75.0,0.0,4.4,60.0,1.2569,Cerah,Cerah
arjawinangun,"Arjawinangun, Cirebon",2026-09-24,32.09.24.2004,Arjawinangun,kecamatan,no,-6.6453,108.4103,Asia/Jakarta,"BMKG point: Arjawinangun, Kecamatan Arjawinangun",24-09-2026,BMKG,BMKG,22:00,2026-09-24 22:00:00,28.0,75.0,0.0,4.4,0.0,1.6759,Cerah,Cerah
arjawinangun,"Arjawinangun, Cirebon",2026-09-24,32.09.24.2004,Arjawinangun,kecamatan,no,-6.6453,108.4103,Asia/Jakarta,"BMKG point: Arjawinangun, Kecamatan Arjawinangun",24-09-2026,BMKG,BMKG,23:00,2026-09-24 22:00:00,28.0,75.0,0.0,4.4,60.0,1.2569,Cerah,Cerah
arjawinangun,"Arjawinangun, Cirebon",2026-09-24,32.09.24.2004,Arjawinangun,kecamatan,no,-6.6453,108.4103,Asia/Jakarta,"BMKG point: Arjawinangun, Kecamatan Arjawinangun",24-09-2026,CMA,Open-Meteo / CMA GRAPES,00:00,2026-09-24 00:00:00,24.6,81.0,0.0,10.4,0.0,1.1437,Cerah Berawan,wmo:2
arjawinangun,"Arjawinangun, Cirebon",2026-09-24,32.09.24.2004,Arjawinangun,kecamatan,no,-6.6453,108.4103,Asia/Jakarta,"BMKG point: Arjawinangun, Kecamatan Arjawinangun",24-09-2026,CMA,Open-Meteo / CMA GRAPES,01:00,2026-09-24 01:00:00,24.4,82.0,0.0,10.1,0.0,1.1437,Cerah Berawan,wmo:2
arjawinangun,"Arjawinangun, Cirebon",2026-09-24,32.09.24.2004,Arjawinangun,kecamatan,no,-6.6453,108.4103,Asia/Jakarta,"BMKG point: Arjawinangun, Kecamatan Arjawinangun",24-09-2026,CMA,Open-Meteo / CMA GRAPES,02:00,2026-09-24 02:00:00,24.1,82.0,0.0,9.8,0.0,1.1437,Cerah Berawan,wmo:2
arjawinangun,"Arjawinangun, Cirebon",2026-09-24,32.09.24.2004,Arjawinangun,kecamatan,no,-6.6453,108.4103,Asia/Jakarta,"BMKG point: Arjawinangun, Kecamatan Arjawinangun",24-09-2026,CMA,Open-Meteo / CMA GRAPES,03:00,2026-09-24 03:00:00,23.9,81.0,0.0,9.8,0.0,1.1437,Berawan,wmo:3
arjawinangun,"Arjawinangun, Cirebon",2026-09-24,32.09.24.2004,Arjawinangun,kecamatan,no,-6.6453,108.4103,Asia/Jakarta,"BMKG point: Arjawinangun, Kecamatan Arjawinangun",24-09-2026,CMA,Open-Meteo / CMA GRAPES,04:00,2026-09-24 04:00:00,23.8,80.0,0.0,9.8,0.0,1.1437,Berawan,wmo:3
arjawinangun,"Arjawinangun, Cirebon",2026-09-24,32.09.24.2004,Arjawinangun,kecamatan,no,-6.6453,108.4103,Asia/Jakarta,"BMKG point: Arjawinangun, Kecamatan Arjawinangun",24-09-2026,CMA,Open-Meteo / CMA GRAPES,05:00,2026-09-24 05:00:00,24.0,79.0,0.0,10.0,0.0,1.1437,Berawan,wmo:3
arjawinangun,"Arjawinangun, Cirebon",2026-09-24,32.09.24.2004,Arjawinangun,kecamatan,no,-6.6453,108.4103,Asia/Jakarta,"BMKG point: Arjawinangun, Kecamatan Arjawinangun",24-09-2026,CMA,Open-Meteo / CMA GRAPES,06:00,2026-09-24 06:00:00,24.4,78.0,0.0,10.7,0.0,1.1437,Cerah Berawan,wmo:2
arjawinangun,"Arjawinangun, Cirebon",2026-09-24,32.09.24.2004,Arjawinangun,kecamatan,no,-6.6453,108.4103,Asia/Jakarta,"BMKG point: Arjawinangun, Kecamatan Arjawinangun",24-09-2026,CMA,Open-Meteo / CMA GRAPES,07:00,2026-09-24 07:00:00,25.2,75.0,0.0,10.7,0.0,1.1437,Cerah Berawan,wmo:2
arjawinangun,"Arjawinangun, Cirebon",2026-09-24,32.09.24.2004,Arjawinangun,kecamatan,no,-6.6453,108.4103,Asia/Jakarta,"BMKG point: Arjawinangun, Kecamatan Arjawinangun",24-09-2026,CMA,Open-Meteo / CMA GRAPES,08:00,2026-09-24 08:00:00,26.7,69.0,0.0,9.9,0.0,1.1437,Cerah Berawan,wmo:1
arjawinangun,"Arjawinangun, Cirebon",2026-09-24,32.09.24.2004,Arjawinangun,kecamatan,no,-6.6453,108.4103,Asia/Jakarta,"BMKG point: Arjawinangun, Kecamatan Arjawinangun",24-09-2026,CMA,Open-Meteo / CMA GRAPES,09:00,2026-09-24 09:00:00,28.5,61.0,0.0,9.2,0.0,1.1437,Cerah Berawan,wmo:1
arjawinangun,"Arjawinangun, Cirebon",2026-09-24,32.09.24.2004,Arjawinangun,kecamatan,no,-6.6453,108.4103,Asia/Jakarta,"BMKG point: Arjawinangun, Kecamatan Arjawinangun",24-09-2026,CMA,Open-Meteo / CMA GRAPES,10:00,2026-09-24 10:00:00,30.2,55.0,0.0,8.9,0.0,1.1437,Cerah,wmo:0
arjawinangun,"Arjawinangun, Cirebon",2026-09-24,32.09.24.2004,Arjawinangun,kecamatan,no,-6.6453,108.4103,Asia/Jakarta,"BMKG point: Arjawinangun, Kecamatan Arjawinangun",24-09-2026,CMA,Open-Meteo / CMA GRAPES,11:00,2026-09-24 11:00:00,31.4,51.0,0.0,9.3,0.0,1.1437,Cerah Berawan,wmo:1
arjawinangun,"Arjawinangun, Cirebon",2026-09-24,32.09.24.2004,Arjawinangun,kecamatan,no,-6.6453,108.4103,Asia/Jakarta,"BMKG point: Arjawinangun, Kecamatan Arjawinangun",24-09-2026,CMA,Open-Meteo / CMA GRAPES,12:00,2026-09-24 12:00:00,32.4,49.0,0.0,9.7,0.0,1.1437,Cerah Berawan,wmo:2
arjawinangun,"Arjawinangun, Cirebon",2026-09-24,32.09.24.2004,Arjawinangun,kecamatan,no,-6.6453,108.4103,Asia/Jakarta,"BMKG point: Arjawinangun, Kecamatan Arjawinangun",24-09-2026,CMA,Open-Meteo / CMA GRAPES,13:00,2026-09-24 13:00:00,33.0,48.0,0.0,10.6,0.0,1.1437,Berawan,wmo:3
arjawinangun,"Arjawinangun, Cirebon",2026-09-24,32.09.24.2004,Arjawinangun,kecamatan,no,-6.6453,108.4103,Asia/Jakarta,"BMKG point: Arjawinangun, Kecamatan Arjawinangun",24-09-2026,CMA,Open-Meteo / CMA GRAPES,14:00,2026-09-24 14:00:00,33.1,50.0,0.0,12.0,0.0,1.1437,Berawan,wmo:3
arjawinangun,"Arjawinangun, Cirebon",2026-09-24,32.09.24.2004,Arjawinangun,kecamatan,no,-6.6453,108.4103,Asia/Jakarta,"BMKG point: Arjawinangun, Kecamatan Arjawinangun",24-09-2026,CMA,Open-Meteo / CMA GRAPES,15:00,2026-09-24 15:00:00,32.7,53.0,0.0,14.1,0.0,1.1437,Berawan,wmo:3
arjawinangun,"Arjawinangun, Cirebon",2026-09-24,32.09.24.2004,Arjawinangun,kecamatan,no,-6.6453,108.4103,Asia/Jakarta,"BMKG point: Arjawinangun, Kecamatan Arjawinangun",24-09-2026,CMA,Open-Meteo / CMA GRAPES,16:00,2026-09-24 16:00:00,32.0,57.0,0.0,14.8,0.0,1.1437,Berawan,wmo:3
arjawinangun,"Arjawinangun, Cirebon",2026-09-24,32.09.24.2004,Arjawinangun,kecamatan,no,-6.6453,108.4103,Asia/Jakarta,"BMKG point: Arjawinangun, Kecamatan Arjawinangun",24-09-2026,CMA,Open-Meteo / CMA GRAPES,17:00,2026-09-24 17:00:00,30.9,62.0,0.0,13.7,0.0,1.1437,Berawan,wmo:3
arjawinangun,"Arjawinangun, Cirebon",2026-09-24,32.09.24.2004,Arjawinangun,kecamatan,no,-6.6453,108.4103,Asia/Jakarta,"BMKG point: Arjawinangun, Kecamatan Arjawinangun",24-09-2026,CMA,Open-Meteo / CMA GRAPES,18:00,2026-09-24 18:00:00,29.4,69.0,0.0,11.7,0.0,1.1437,Berawan,wmo:3
arjawinangun,"Arjawinangun, Cirebon",2026-09-24,32.09.24.2004,Arjawinangun,kecamatan,no,-6.6453,108.4103,Asia/Jakarta,"BMKG point: Arjawinangun, Kecamatan Arjawinangun",24-09-2026,CMA,Open-Meteo / CMA GRAPES,19:00,2026-09-24 19:00:00,28.1,74.0,0.0,9.8,0.0,1.1437,Berawan,wmo:3
arjawinangun,"Arjawinangun, Cirebon",2026-09-24,32.09.24.2004,Arjawinangun,kecamatan,no,-6.6453,108.4103,Asia/Jakarta,"BMKG point: Arjawinangun, Kecamatan Arjawinangun",24-09-2026,CMA,Open-Meteo / CMA GRAPES,20:00,2026-09-24 20:00:00,27.3,77.0,0.0,8.7,0.0,1.1437,Berawan,wmo:3
arjawinangun,"Arjawinangun, Cirebon",2026-09-24,32.09.24.2004,Arjawinangun,kecamatan,no,-6.6453,108.4103,Asia/Jakarta,"BMKG point: Arjawinangun, Kecamatan Arjawinangun",24-09-2026,CMA,Open-Meteo / CMA GRAPES,21:00,2026-09-24 21:00:00,26.6,80.0,0.0,8.5,0.0,1.1437,Berawan,wmo:3
arjawinangun,"Arjawinangun, Cirebon",2026-09-24,32.09.24.2004,Arjawinangun,kecamatan,no,-6.6453,108.4103,Asia/Jakarta,"BMKG point: Arjawinangun, Kecamatan Arjawinangun",24-09-2026,CMA,Open-Meteo / CMA GRAPES,22:00,2026-09-24 22:00:00,26.1,81.0,0.0,9.3,0.0,1.1437,Berawan,wmo:3
arjawinangun,"Arjawinangun, Cirebon",2026-09-24,32.09.24.2004,Arjawinangun,kecamatan,no,-6.6453,108.4103,Asia/Jakarta,"BMKG point: Arjawinangun, Kecamatan Arjawinangun",24-09-2026,CMA,Open-Meteo / CMA GRAPES,23:00,2026-09-24 23:00:00,25.7,80.0,0.0,9.5,0.0,1.1437,Berawan,wmo:3
arjawinangun,"Arjawinangun, Cirebon",2026-09-24,32.09.24.2004,Arjawinangun,kecamatan,no,-6.6453,108.4103,Asia/Jakarta,"BMKG point: Arjawinangun, Kecamatan Arjawinangun",24-09-2026,ECMWF,Open-Meteo / ECMWF,00:00,2026-09-24 00:00:00,25.7,70.0,0.0,2.9,0.0,1.7062,Cerah Berawan,wmo:1
arjawinangun,"Arjawinangun, Cirebon",2026-09-24,32.09.24.2004,Arjawinangun,kecamatan,no,-6.6453,108.4103,Asia/Jakarta,"BMKG point: Arjawinangun, Kecamatan Arjawinangun",24-09-2026,ECMWF,Open-Meteo / ECMWF,01:00,2026-09-24 01:00:00,25.3,72.0,0.0,2.5,0.0,1.7062,Cerah Berawan,wmo:1
arjawinangun,"Arjawinangun, Cirebon",2026-09-24,32.09.24.2004,Arjawinangun,kecamatan,no,-6.6453,108.4103,Asia/Jakarta,"BMKG point: Arjawinangun, Kecamatan Arjawinangun",24-09-2026,ECMWF,Open-Meteo / ECMWF,02:00,2026-09-24 02:00:00,24.9,73.0,0.0,2.2,0.0,1.7062,Cerah Berawan,wmo:1
arjawinangun,"Arjawinangun, Cirebon",2026-09-24,32.09.24.2004,Arjawinangun,kecamatan,no,-6.6453,108.4103,Asia/Jakarta,"BMKG point: Arjawinangun, Kecamatan Arjawinangun",24-09-2026,ECMWF,Open-Meteo / ECMWF,03:00,2026-09-24 03:00:00,24.7,73.0,0.0,1.5,0.0,1.7062,Cerah Berawan,wmo:2
arjawinangun,"Arjawinangun, Cirebon",2026-09-24,32.09.24.2004,Arjawinangun,kecamatan,no,-6.6453,108.4103,Asia/Jakarta,"BMKG point: Arjawinangun, Kecamatan Arjawinangun",24-09-2026,ECMWF,Open-Meteo / ECMWF,04:00,2026-09-24 04:00:00,24.9,71.0,0.0,1.4,0.0,1.7062,Cerah Berawan,wmo:2
arjawinangun,"Arjawinangun, Cirebon",2026-09-24,32.09.24.2004,Arjawinangun,kecamatan,no,-6.6453,108.4103,Asia/Jakarta,"BMKG point: Arjawinangun, Kecamatan Arjawinangun",24-09-2026,ECMWF,Open-Meteo / ECMWF,05:00,2026-09-24 05:00:00,25.6,67.0,0.0,2.3,0.0,1.7062,Cerah Berawan,wmo:2
arjawinangun,"Arjawinangun, Cirebon",2026-09-24,32.09.24.2004,Arjawinangun,kecamatan,no,-6.6453,108.4103,Asia/Jakarta,"BMKG point: Arjawinangun, Kecamatan Arjawinangun",24-09-2026,ECMWF,Open-Meteo / ECMWF,06:00,2026-09-24 06:00:00,26.7,62.0,0.0,3.9,0.0,1.7062,Cerah Berawan,wmo:2
arjawinangun,"Arjawinangun, Cirebon",2026-09-24,32.09.24.2004,Arjawinangun,kecamatan,no,-6.6453,108.4103,Asia/Jakarta,"BMKG point: Arjawinangun, Kecamatan Arjawinangun",24-09-2026,ECMWF,Open-Meteo / ECMWF,07:00,2026-09-24 07:00:00,28.0,57.0,0.0,5.4,0.0,1.7062,Cerah Berawan,wmo:2
arjawinangun,"Arjawinangun, Cirebon",2026-09-24,32.09.24.2004,Arjawinangun,kecamatan,no,-6.6453,108.4103,Asia/Jakarta,"BMKG point: Arjawinangun, Kecamatan Arjawinangun",24-09-2026,ECMWF,Open-Meteo / ECMWF,08:00,2026-09-24 08:00:00,29.6,51.0,0.0,8.1,0.0,1.7062,Cerah Berawan,wmo:2
arjawinangun,"Arjawinangun, Cirebon",2026-09-24,32.09.24.2004,Arjawinangun,kecamatan,no,-6.6453,108.4103,Asia/Jakarta,"BMKG point: Arjawinangun, Kecamatan Arjawinangun",24-09-2026,ECMWF,Open-Meteo / ECMWF,09:00,2026-09-24 09:00:00,31.3,46.0,0.0,11.7,0.0,1.7062,Cerah Berawan,wmo:2
arjawinangun,"Arjawinangun, Cirebon",2026-09-24,32.09.24.2004,Arjawinangun,kecamatan,no,-6.6453,108.4103,Asia/Jakarta,"BMKG point: Arjawinangun, Kecamatan Arjawinangun",24-09-2026,ECMWF,Open-Meteo / ECMWF,10:00,2026-09-24 10:00:00,32.6,42.0,0.0,14.6,0.0,1.7062,Cerah Berawan,wmo:1
arjawinangun,"Arjawinangun, Cirebon",2026-09-24,32.09.24.2004,Arjawinangun,kecamatan,no,-6.6453,108.4103,Asia/Jakarta,"BMKG point: Arjawinangun, Kecamatan Arjawinangun",24-09-2026,ECMWF,Open-Meteo / ECMWF,11:00,2026-09-24 11:00:00,33.1,41.0,0.0,16.2,0.0,1.7062,Cerah Berawan,wmo:1
arjawinangun,"Arjawinangun, Cirebon",2026-09-24,32.09.24.2004,Arjawinangun,kecamatan,no,-6.6453,108.4103,Asia/Jakarta,"BMKG point: Arjawinangun, Kecamatan Arjawinangun",24-09-2026,ECMWF,Open-Meteo / ECMWF,12:00,2026-09-24 12:00:00,33.2,42.0,0.0,17.6,0.0,1.7062,Cerah,wmo:0
arjawinangun,"Arjawinangun, Cirebon",2026-09-24,32.09.24.2004,Arjawinangun,kecamatan,no,-6.6453,108.4103,Asia/Jakarta,"BMKG point: Arjawinangun, Kecamatan Arjawinangun",24-09-2026,ECMWF,Open-Meteo / ECMWF,13:00,2026-09-24 13:00:00,32.9,44.0,0.0,17.9,0.0,1.7062,Cerah,wmo:0
arjawinangun,"Arjawinangun, Cirebon",2026-09-24,32.09.24.2004,Arjawinangun,kecamatan,no,-6.6453,108.4103,Asia/Jakarta,"BMKG point: Arjawinangun, Kecamatan Arjawinangun",24-09-2026,ECMWF,Open-Meteo / ECMWF,14:00,2026-09-24 14:00:00,32.4,46.0,0.0,16.5,0.0,1.7062,Cerah,wmo:0
arjawinangun,"Arjawinangun, Cirebon",2026-09-24,32.09.24.2004,Arjawinangun,kecamatan,no,-6.6453,108.4103,Asia/Jakarta,"BMKG point: Arjawinangun, Kecamatan Arjawinangun",24-09-2026,ECMWF,Open-Meteo / ECMWF,15:00,2026-09-24 15:00:00,31.5,49.0,0.0,13.6,0.0,1.7062,Cerah Berawan,wmo:1
arjawinangun,"Arjawinangun, Cirebon",2026-09-24,32.09.24.2004,Arjawinangun,kecamatan,no,-6.6453,108.4103,Asia/Jakarta,"BMKG point: Arjawinangun, Kecamatan Arjawinangun",24-09-2026,ECMWF,Open-Meteo / ECMWF,16:00,2026-09-24 16:00:00,30.6,53.0,0.0,10.9,0.0,1.7062,Cerah Berawan,wmo:1
arjawinangun,"Arjawinangun, Cirebon",2026-09-24,32.09.24.2004,Arjawinangun,kecamatan,no,-6.6453,108.4103,Asia/Jakarta,"BMKG point: Arjawinangun, Kecamatan Arjawinangun",24-09-2026,ECMWF,Open-Meteo / ECMWF,17:00,2026-09-24 17:00:00,29.8,59.0,0.0,9.8,0.0,1.7062,Cerah Berawan,wmo:1
arjawinangun,"Arjawinangun, Cirebon",2026-09-24,32.09.24.2004,Arjawinangun,kecamatan,no,-6.6453,108.4103,Asia/Jakarta,"BMKG point: Arjawinangun, Kecamatan Arjawinangun",24-09-2026,ECMWF,Open-Meteo / ECMWF,18:00,2026-09-24 18:00:00,29.0,67.0,0.0,9.4,0.0,1.7062,Cerah Berawan,wmo:1
arjawinangun,"Arjawinangun, Cirebon",2026-09-24,32.09.24.2004,Arjawinangun,kecamatan,no,-6.6453,108.4103,Asia/Jakarta,"BMKG point: Arjawinangun, Kecamatan Arjawinangun",24-09-2026,ECMWF,Open-Meteo / ECMWF,19:00,2026-09-24 19:00:00,28.3,72.0,0.0,8.8,0.0,1.7062,Cerah Berawan,wmo:1
arjawinangun,"Arjawinangun, Cirebon",2026-09-24,32.09.24.2004,Arjawinangun,kecamatan,no,-6.6453,108.4103,Asia/Jakarta,"BMKG point: Arjawinangun, Kecamatan Arjawinangun",24-09-2026,ECMWF,Open-Meteo / ECMWF,20:00,2026-09-24 20:00:00,27.9,73.0,0.0,6.5,0.0,1.7062,Cerah,wmo:0
arjawinangun,"Arjawinangun, Cirebon",2026-09-24,32.09.24.2004,Arjawinangun,kecamatan,no,-6.6453,108.4103,Asia/Jakarta,"BMKG point: Arjawinangun, Kecamatan Arjawinangun",24-09-2026,ECMWF,Open-Meteo / ECMWF,21:00,2026-09-24 21:00:00,27.5,71.0,0.0,3.9,0.0,1.7062,Cerah,wmo:0
arjawinangun,"Arjawinangun, Cirebon",2026-09-24,32.09.24.2004,Arjawinangun,kecamatan,no,-6.6453,108.4103,Asia/Jakarta,"BMKG point: Arjawinangun, Kecamatan Arjawinangun",24-09-2026,ECMWF,Open-Meteo / ECMWF,22:00,2026-09-24 22:00:00,27.1,71.0,0.0,2.4,0.0,1.7062,Cerah,wmo:0
arjawinangun,"Arjawinangun, Cirebon",2026-09-24,32.09.24.2004,Arjawinangun,kecamatan,no,-6.6453,108.4103,Asia/Jakarta,"BMKG point: Arjawinangun, Kecamatan Arjawinangun",24-09-2026,ECMWF,Open-Meteo / ECMWF,23:00,2026-09-24 23:00:00,26.6,73.0,0.0,1.8,0.0,1.7062,Cerah,wmo:0
arjawinangun,"Arjawinangun, Cirebon",2026-09-24,32.09.24.2004,Arjawinangun,kecamatan,no,-6.6453,108.4103,Asia/Jakarta,"BMKG point: Arjawinangun, Kecamatan Arjawinangun",24-09-2026,GFS,Open-Meteo / NOAA GFS,00:00,2026-09-24 00:00:00,25.5,65.0,0.0,5.6,0.0,1.4035,Cerah Berawan,wmo:2
arjawinangun,"Arjawinangun, Cirebon",2026-09-24,32.09.24.2004,Arjawinangun,kecamatan,no,-6.6453,108.4103,Asia/Jakarta,"BMKG point: Arjawinangun, Kecamatan Arjawinangun",24-09-2026,GFS,Open-Meteo / NOAA GFS,01:00,2026-09-24 01:00:00,25.0,65.0,0.0,5.2,0.0,1.4035,Cerah Berawan,wmo:2
arjawinangun,"Arjawinangun, Cirebon",2026-09-24,32.09.24.2004,Arjawinangun,kecamatan,no,-6.6453,108.4103,Asia/Jakarta,"BMKG point: Arjawinangun, Kecamatan Arjawinangun",24-09-2026,GFS,Open-Meteo / NOAA GFS,02:00,2026-09-24 02:00:00,24.7,64.0,0.0,4.0,0.0,1.4035,Cerah Berawan,wmo:2
arjawinangun,"Arjawinangun, Cirebon",2026-09-24,32.09.24.2004,Arjawinangun,kecamatan,no,-6.6453,108.4103,Asia/Jakarta,"BMKG point: Arjawinangun, Kecamatan Arjawinangun",24-09-2026,GFS,Open-Meteo / NOAA GFS,03:00,2026-09-24 03:00:00,24.3,65.0,0.0,3.1,0.0,1.4035,Berawan,wmo:3
arjawinangun,"Arjawinangun, Cirebon",2026-09-24,32.09.24.2004,Arjawinangun,kecamatan,no,-6.6453,108.4103,Asia/Jakarta,"BMKG point: Arjawinangun, Kecamatan Arjawinangun",24-09-2026,GFS,Open-Meteo / NOAA GFS,04:00,2026-09-24 04:00:00,24.1,64.0,0.0,4.7,0.0,1.4035,Berawan,wmo:3
arjawinangun,"Arjawinangun, Cirebon",2026-09-24,32.09.24.2004,Arjawinangun,kecamatan,no,-6.6453,108.4103,Asia/Jakarta,"BMKG point: Arjawinangun, Kecamatan Arjawinangun",24-09-2026,GFS,Open-Meteo / NOAA GFS,05:00,2026-09-24 05:00:00,23.9,64.0,0.0,4.0,0.0,1.4035,Berawan,wmo:3
arjawinangun,"Arjawinangun, Cirebon",2026-09-24,32.09.24.2004,Arjawinangun,kecamatan,no,-6.6453,108.4103,Asia/Jakarta,"BMKG point: Arjawinangun, Kecamatan Arjawinangun",24-09-2026,GFS,Open-Meteo / NOAA GFS,06:00,2026-09-24 06:00:00,24.5,60.0,0.0,4.7,0.0,1.4035,Berawan,wmo:3
arjawinangun,"Arjawinangun, Cirebon",2026-09-24,32.09.24.2004,Arjawinangun,kecamatan,no,-6.6453,108.4103,Asia/Jakarta,"BMKG point: Arjawinangun, Kecamatan Arjawinangun",24-09-2026,GFS,Open-Meteo / NOAA GFS,07:00,2026-09-24 07:00:00,26.8,52.0,0.0,4.5,0.0,1.4035,Berawan,wmo:3
arjawinangun,"Arjawinangun, Cirebon",2026-09-24,32.09.24.2004,Arjawinangun,kecamatan,no,-6.6453,108.4103,Asia/Jakarta,"BMKG point: Arjawinangun, Kecamatan Arjawinangun",24-09-2026,GFS,Open-Meteo / NOAA GFS,08:00,2026-09-24 08:00:00,29.9,41.0,0.0,1.3,0.0,1.4035,Berawan,wmo:3
arjawinangun,"Arjawinangun, Cirebon",2026-09-24,32.09.24.2004,Arjawinangun,kecamatan,no,-6.6453,108.4103,Asia/Jakarta,"BMKG point: Arjawinangun, Kecamatan Arjawinangun",24-09-2026,GFS,Open-Meteo / NOAA GFS,09:00,2026-09-24 09:00:00,32.2,34.0,0.0,8.1,0.0,1.4035,Berawan,wmo:3
arjawinangun,"Arjawinangun, Cirebon",2026-09-24,32.09.24.2004,Arjawinangun,kecamatan,no,-6.6453,108.4103,Asia/Jakarta,"BMKG point: Arjawinangun, Kecamatan Arjawinangun",24-09-2026,GFS,Open-Meteo / NOAA GFS,10:00,2026-09-24 10:00:00,34.3,31.0,0.0,13.2,0.0,1.4035,Berawan,wmo:3
arjawinangun,"Arjawinangun, Cirebon",2026-09-24,32.09.24.2004,Arjawinangun,kecamatan,no,-6.6453,108.4103,Asia/Jakarta,"BMKG point: Arjawinangun, Kecamatan Arjawinangun",24-09-2026,GFS,Open-Meteo / NOAA GFS,11:00,2026-09-24 11:00:00,35.7,30.0,0.0,20.3,0.0,1.4035,Berawan,wmo:3
arjawinangun,"Arjawinangun, Cirebon",2026-09-24,32.09.24.2004,Arjawinangun,kecamatan,no,-6.6453,108.4103,Asia/Jakarta,"BMKG point: Arjawinangun, Kecamatan Arjawinangun",24-09-2026,GFS,Open-Meteo / NOAA GFS,12:00,2026-09-24 12:00:00,35.2,32.0,0.0,23.2,0.0,1.4035,Berawan,wmo:3
arjawinangun,"Arjawinangun, Cirebon",2026-09-24,32.09.24.2004,Arjawinangun,kecamatan,no,-6.6453,108.4103,Asia/Jakarta,"BMKG point: Arjawinangun, Kecamatan Arjawinangun",24-09-2026,GFS,Open-Meteo / NOAA GFS,13:00,2026-09-24 13:00:00,34.6,35.0,0.0,22.1,0.0,1.4035,Berawan,wmo:3
arjawinangun,"Arjawinangun, Cirebon",2026-09-24,32.09.24.2004,Arjawinangun,kecamatan,no,-6.6453,108.4103,Asia/Jakarta,"BMKG point: Arjawinangun, Kecamatan Arjawinangun",24-09-2026,GFS,Open-Meteo / NOAA GFS,14:00,2026-09-24 14:00:00,33.7,38.0,0.0,20.6,0.0,1.4035,Berawan,wmo:3
arjawinangun,"Arjawinangun, Cirebon",2026-09-24,32.09.24.2004,Arjawinangun,kecamatan,no,-6.6453,108.4103,Asia/Jakarta,"BMKG point: Arjawinangun, Kecamatan Arjawinangun",24-09-2026,GFS,Open-Meteo / NOAA GFS,15:00,2026-09-24 15:00:00,32.3,45.0,0.0,21.0,0.0,1.4035,Berawan,wmo:3
arjawinangun,"Arjawinangun, Cirebon",2026-09-24,32.09.24.2004,Arjawinangun,kecamatan,no,-6.6453,108.4103,Asia/Jakarta,"BMKG point: Arjawinangun, Kecamatan Arjawinangun",24-09-2026,GFS,Open-Meteo / NOAA GFS,16:00,2026-09-24 16:00:00,30.8,53.0,0.0,18.4,0.0,1.4035,Berawan,wmo:3
arjawinangun,"Arjawinangun, Cirebon",2026-09-24,32.09.24.2004,Arjawinangun,kecamatan,no,-6.6453,108.4103,Asia/Jakarta,"BMKG point: Arjawinangun, Kecamatan Arjawinangun",24-09-2026,GFS,Open-Meteo / NOAA GFS,17:00,2026-09-24 17:00:00,29.0,63.0,0.0,17.2,0.0,1.4035,Berawan,wmo:3
arjawinangun,"Arjawinangun, Cirebon",2026-09-24,32.09.24.2004,Arjawinangun,kecamatan,no,-6.6453,108.4103,Asia/Jakarta,"BMKG point: Arjawinangun, Kecamatan Arjawinangun",24-09-2026,GFS,Open-Meteo / NOAA GFS,18:00,2026-09-24 18:00:00,27.5,71.0,0.0,12.2,0.0,1.4035,Berawan,wmo:3
arjawinangun,"Arjawinangun, Cirebon",2026-09-24,32.09.24.2004,Arjawinangun,kecamatan,no,-6.6453,108.4103,Asia/Jakarta,"BMKG point: Arjawinangun, Kecamatan Arjawinangun",24-09-2026,GFS,Open-Meteo / NOAA GFS,19:00,2026-09-24 19:00:00,27.1,73.0,0.0,7.6,0.0,1.4035,Berawan,wmo:3
arjawinangun,"Arjawinangun, Cirebon",2026-09-24,32.09.24.2004,Arjawinangun,kecamatan,no,-6.6453,108.4103,Asia/Jakarta,"BMKG point: Arjawinangun, Kecamatan Arjawinangun",24-09-2026,GFS,Open-Meteo / NOAA GFS,20:00,2026-09-24 20:00:00,26.9,73.0,0.0,8.0,0.0,1.4035,Berawan,wmo:3
arjawinangun,"Arjawinangun, Cirebon",2026-09-24,32.09.24.2004,Arjawinangun,kecamatan,no,-6.6453,108.4103,Asia/Jakarta,"BMKG point: Arjawinangun, Kecamatan Arjawinangun",24-09-2026,GFS,Open-Meteo / NOAA GFS,21:00,2026-09-24 21:00:00,26.6,73.0,0.0,7.1,0.0,1.4035,Berawan,wmo:3
arjawinangun,"Arjawinangun, Cirebon",2026-09-24,32.09.24.2004,Arjawinangun,kecamatan,no,-6.6453,108.4103,Asia/Jakarta,"BMKG point: Arjawinangun, Kecamatan Arjawinangun",24-09-2026,GFS,Open-Meteo / NOAA GFS,22:00,2026-09-24 22:00:00,26.4,70.0,0.0,6.7,0.0,1.4035,Berawan,wmo:3
arjawinangun,"Arjawinangun, Cirebon",2026-09-24,32.09.24.2004,Arjawinangun,kecamatan,no,-6.6453,108.4103,Asia/Jakarta,"BMKG point: Arjawinangun, Kecamatan Arjawinangun",24-09-2026,GFS,Open-Meteo / NOAA GFS,23:00,2026-09-24 23:00:00,26.0,68.0,0.0,6.8,0.0,1.4035,Berawan,wmo:3
arjawinangun,"Arjawinangun, Cirebon",2026-09-24,32.09.24.2004,Arjawinangun,kecamatan,no,-6.6453,108.4103,Asia/Jakarta,"BMKG point: Arjawinangun, Kecamatan Arjawinangun",24-09-2026,ICON,Open-Meteo / DWD ICON,00:00,2026-09-24 00:00:00,26.0,73.0,0.0,4.0,0.0,1.4768,Cerah Berawan,wmo:2
arjawinangun,"Arjawinangun, Cirebon",2026-09-24,32.09.24.2004,Arjawinangun,kecamatan,no,-6.6453,108.4103,Asia/Jakarta,"BMKG point: Arjawinangun, Kecamatan Arjawinangun",24-09-2026,ICON,Open-Meteo / DWD ICON,01:00,2026-09-24 01:00:00,25.2,69.0,0.0,3.6,0.0,1.4768,Cerah Berawan,wmo:2
arjawinangun,"Arjawinangun, Cirebon",2026-09-24,32.09.24.2004,Arjawinangun,kecamatan,no,-6.6453,108.4103,Asia/Jakarta,"BMKG point: Arjawinangun, Kecamatan Arjawinangun",24-09-2026,ICON,Open-Meteo / DWD ICON,02:00,2026-09-24 02:00:00,24.5,70.0,0.0,3.2,0.0,1.4768,Cerah Berawan,wmo:2
arjawinangun,"Arjawinangun, Cirebon",2026-09-24,32.09.24.2004,Arjawinangun,kecamatan,no,-6.6453,108.4103,Asia/Jakarta,"BMKG point: Arjawinangun, Kecamatan Arjawinangun",24-09-2026,ICON,Open-Meteo / DWD ICON,03:00,2026-09-24 03:00:00,24.0,72.0,0.0,3.6,0.0,1.4768,Cerah Berawan,wmo:1
arjawinangun,"Arjawinangun, Cirebon",2026-09-24,32.09.24.2004,Arjawinangun,kecamatan,no,-6.6453,108.4103,Asia/Jakarta,"BMKG point: Arjawinangun, Kecamatan Arjawinangun",24-09-2026,ICON,Open-Meteo / DWD ICON,04:00,2026-09-24 04:00:00,23.7,72.0,0.0,4.0,0.0,1.4768,Cerah Berawan,wmo:2
arjawinangun,"Arjawinangun, Cirebon",2026-09-24,32.09.24.2004,Arjawinangun,kecamatan,no,-6.6453,108.4103,Asia/Jakarta,"BMKG point: Arjawinangun, Kecamatan Arjawinangun",24-09-2026,ICON,Open-Meteo / DWD ICON,05:00,2026-09-24 05:00:00,23.7,70.0,0.0,4.5,0.0,1.4768,Cerah Berawan,wmo:2
arjawinangun,"Arjawinangun, Cirebon",2026-09-24,32.09.24.2004,Arjawinangun,kecamatan,no,-6.6453,108.4103,Asia/Jakarta,"BMKG point: Arjawinangun, Kecamatan Arjawinangun",24-09-2026,ICON,Open-Meteo / DWD ICON,06:00,2026-09-24 06:00:00,23.9,68.0,0.0,4.0,0.0,1.4768,Cerah Berawan,wmo:2
arjawinangun,"Arjawinangun, Cirebon",2026-09-24,32.09.24.2004,Arjawinangun,kecamatan,no,-6.6453,108.4103,Asia/Jakarta,"BMKG point: Arjawinangun, Kecamatan Arjawinangun",24-09-2026,ICON,Open-Meteo / DWD ICON,07:00,2026-09-24 07:00:00,25.7,68.0,0.0,4.8,0.0,1.4768,Cerah Berawan,wmo:2
arjawinangun,"Arjawinangun, Cirebon",2026-09-24,32.09.24.2004,Arjawinangun,kecamatan,no,-6.6453,108.4103,Asia/Jakarta,"BMKG point: Arjawinangun, Kecamatan Arjawinangun",24-09-2026,ICON,Open-Meteo / DWD ICON,08:00,2026-09-24 08:00:00,28.5,60.0,0.0,7.1,0.0,1.4768,Cerah Berawan,wmo:2
arjawinangun,"Arjawinangun, Cirebon",2026-09-24,32.09.24.2004,Arjawinangun,kecamatan,no,-6.6453,108.4103,Asia/Jakarta,"BMKG point: Arjawinangun, Kecamatan Arjawinangun",24-09-2026,ICON,Open-Meteo / DWD ICON,09:00,2026-09-24 09:00:00,30.6,58.0,0.0,10.5,0.0,1.4768,Cerah Berawan,wmo:2
arjawinangun,"Arjawinangun, Cirebon",2026-09-24,32.09.24.2004,Arjawinangun,kecamatan,no,-6.6453,108.4103,Asia/Jakarta,"BMKG point: Arjawinangun, Kecamatan Arjawinangun",24-09-2026,ICON,Open-Meteo / DWD ICON,10:00,2026-09-24 10:00:00,32.5,48.0,0.0,16.3,0.0,1.4768,Cerah Berawan,wmo:2
arjawinangun,"Arjawinangun, Cirebon",2026-09-24,32.09.24.2004,Arjawinangun,kecamatan,no,-6.6453,108.4103,Asia/Jakarta,"BMKG point: Arjawinangun, Kecamatan Arjawinangun",24-09-2026,ICON,Open-Meteo / DWD ICON,11:00,2026-09-24 11:00:00,33.7,41.0,0.0,19.5,0.0,1.4768,Cerah Berawan,wmo:2
arjawinangun,"Arjawinangun, Cirebon",2026-09-24,32.09.24.2004,Arjawinangun,kecamatan,no,-6.6453,108.4103,Asia/Jakarta,"BMKG point: Arjawinangun, Kecamatan Arjawinangun",24-09-2026,ICON,Open-Meteo / DWD ICON,12:00,2026-09-24 12:00:00,34.4,38.0,0.0,21.7,0.0,1.4768,Cerah Berawan,wmo:1
arjawinangun,"Arjawinangun, Cirebon",2026-09-24,32.09.24.2004,Arjawinangun,kecamatan,no,-6.6453,108.4103,Asia/Jakarta,"BMKG point: Arjawinangun, Kecamatan Arjawinangun",24-09-2026,ICON,Open-Meteo / DWD ICON,13:00,2026-09-24 13:00:00,34.5,36.0,0.0,23.2,0.0,1.4768,Cerah Berawan,wmo:1
arjawinangun,"Arjawinangun, Cirebon",2026-09-24,32.09.24.2004,Arjawinangun,kecamatan,no,-6.6453,108.4103,Asia/Jakarta,"BMKG point: Arjawinangun, Kecamatan Arjawinangun",24-09-2026,ICON,Open-Meteo / DWD ICON,14:00,2026-09-24 14:00:00,34.0,38.0,0.0,24.9,0.0,1.4768,Cerah Berawan,wmo:1
arjawinangun,"Arjawinangun, Cirebon",2026-09-24,32.09.24.2004,Arjawinangun,kecamatan,no,-6.6453,108.4103,Asia/Jakarta,"BMKG point: Arjawinangun, Kecamatan Arjawinangun",24-09-2026,ICON,Open-Meteo / DWD ICON,15:00,2026-09-24 15:00:00,33.1,44.0,0.0,24.5,0.0,1.4768,Cerah Berawan,wmo:1
arjawinangun,"Arjawinangun, Cirebon",2026-09-24,32.09.24.2004,Arjawinangun,kecamatan,no,-6.6453,108.4103,Asia/Jakarta,"BMKG point: Arjawinangun, Kecamatan Arjawinangun",24-09-2026,ICON,Open-Meteo / DWD ICON,16:00,2026-09-24 16:00:00,31.7,52.0,0.0,21.3,0.0,1.4768,Cerah Berawan,wmo:1
arjawinangun,"Arjawinangun, Cirebon",2026-09-24,32.09.24.2004,Arjawinangun,kecamatan,no,-6.6453,108.4103,Asia/Jakarta,"BMKG point: Arjawinangun, Kecamatan Arjawinangun",24-09-2026,ICON,Open-Meteo / DWD ICON,17:00,2026-09-24 17:00:00,30.4,53.0,0.0,17.7,0.0,1.4768,Cerah Berawan,wmo:1
arjawinangun,"Arjawinangun, Cirebon",2026-09-24,32.09.24.2004,Arjawinangun,kecamatan,no,-6.6453,108.4103,Asia/Jakarta,"BMKG point: Arjawinangun, Kecamatan Arjawinangun",24-09-2026,ICON,Open-Meteo / DWD ICON,18:00,2026-09-24 18:00:00,28.8,64.0,0.0,12.8,0.0,1.4768,Cerah Berawan,wmo:2
arjawinangun,"Arjawinangun, Cirebon",2026-09-24,32.09.24.2004,Arjawinangun,kecamatan,no,-6.6453,108.4103,Asia/Jakarta,"BMKG point: Arjawinangun, Kecamatan Arjawinangun",24-09-2026,ICON,Open-Meteo / DWD ICON,19:00,2026-09-24 19:00:00,28.0,70.0,0.0,10.1,0.0,1.4768,Cerah Berawan,wmo:1
arjawinangun,"Arjawinangun, Cirebon",2026-09-24,32.09.24.2004,Arjawinangun,kecamatan,no,-6.6453,108.4103,Asia/Jakarta,"BMKG point: Arjawinangun, Kecamatan Arjawinangun",24-09-2026,ICON,Open-Meteo / DWD ICON,20:00,2026-09-24 20:00:00,27.4,74.0,0.0,8.8,0.0,1.4768,Cerah Berawan,wmo:1
arjawinangun,"Arjawinangun, Cirebon",2026-09-24,32.09.24.2004,Arjawinangun,kecamatan,no,-6.6453,108.4103,Asia/Jakarta,"BMKG point: Arjawinangun, Kecamatan Arjawinangun",24-09-2026,ICON,Open-Meteo / DWD ICON,21:00,2026-09-24 21:00:00,27.0,77.0,0.0,7.3,0.0,1.4768,Cerah Berawan,wmo:1
arjawinangun,"Arjawinangun, Cirebon",2026-09-24,32.09.24.2004,Arjawinangun,kecamatan,no,-6.6453,108.4103,Asia/Jakarta,"BMKG point: Arjawinangun, Kecamatan Arjawinangun",24-09-2026,ICON,Open-Meteo / DWD ICON,22:00,2026-09-24 22:00:00,26.6,79.0,0.0,5.4,0.0,1.4768,Cerah Berawan,wmo:1
arjawinangun,"Arjawinangun, Cirebon",2026-09-24,32.09.24.2004,Arjawinangun,kecamatan,no,-6.6453,108.4103,Asia/Jakarta,"BMKG point: Arjawinangun, Kecamatan Arjawinangun",24-09-2026,ICON,Open-Meteo / DWD ICON,23:00,2026-09-24 23:00:00,26.3,79.0,0.0,3.1,0.0,1.4768,Cerah Berawan,wmo:1
arjawinangun,"Arjawinangun, Cirebon",2026-09-24,32.09.24.2004,Arjawinangun,kecamatan,no,-6.6453,108.4103,Asia/Jakarta,"BMKG point: Arjawinangun, Kecamatan Arjawinangun",24-09-2026,KMA,Open-Meteo / KMA,00:00,2026-09-24 00:00:00,,,,,0.0,0.542,Berawan,wmo:None
arjawinangun,"Arjawinangun, Cirebon",2026-09-24,32.09.24.2004,Arjawinangun,kecamatan,no,-6.6453,108.4103,Asia/Jakarta,"BMKG point: Arjawinangun, Kecamatan Arjawinangun",24-09-2026,KMA,Open-Meteo / KMA,01:00,2026-09-24 01:00:00,,,,,0.0,0.542,Berawan,wmo:None
arjawinangun,"Arjawinangun, Cirebon",2026-09-24,32.09.24.2004,Arjawinangun,kecamatan,no,-6.6453,108.4103,Asia/Jakarta,"BMKG point: Arjawinangun, Kecamatan Arjawinangun",24-09-2026,KMA,Open-Meteo / KMA,02:00,2026-09-24 02:00:00,,,,,0.0,0.542,Berawan,wmo:None
arjawinangun,"Arjawinangun, Cirebon",2026-09-24,32.09.24.2004,Arjawinangun,kecamatan,no,-6.6453,108.4103,Asia/Jakarta,"BMKG point: Arjawinangun, Kecamatan Arjawinangun",24-09-2026,KMA,Open-Meteo / KMA,03:00,2026-09-24 03:00:00,,,,,0.0,0.542,Berawan,wmo:None
arjawinangun,"Arjawinangun, Cirebon",2026-09-24,32.09.24.2004,Arjawinangun,kecamatan,no,-6.6453,108.4103,Asia/Jakarta,"BMKG point: Arjawinangun, Kecamatan Arjawinangun",24-09-2026,KMA,Open-Meteo / KMA,04:00,2026-09-24 04:00:00,,,,,0.0,0.542,Berawan,wmo:None
arjawinangun,"Arjawinangun, Cirebon",2026-09-24,32.09.24.2004,Arjawinangun,kecamatan,no,-6.6453,108.4103,Asia/Jakarta,"BMKG point: Arjawinangun, Kecamatan Arjawinangun",24-09-2026,KMA,Open-Meteo / KMA,05:00,2026-09-24 05:00:00,,,,,0.0,0.542,Berawan,wmo:None
arjawinangun,"Arjawinangun, Cirebon",2026-09-24,32.09.24.2004,Arjawinangun,kecamatan,no,-6.6453,108.4103,Asia/Jakarta,"BMKG point: Arjawinangun, Kecamatan Arjawinangun",24-09-2026,KMA,Open-Meteo / KMA,06:00,2026-09-24 06:00:00,,,,,0.0,0.542,Berawan,wmo:None
arjawinangun,"Arjawinangun, Cirebon",2026-09-24,32.09.24.2004,Arjawinangun,kecamatan,no,-6.6453,108.4103,Asia/Jakarta,"BMKG point: Arjawinangun, Kecamatan Arjawinangun",24-09-2026,KMA,Open-Meteo / KMA,07:00,2026-09-24 07:00:00,,,,,0.0,0.542,Berawan,wmo:None
arjawinangun,"Arjawinangun, Cirebon",2026-09-24,32.09.24.2004,Arjawinangun,kecamatan,no,-6.6453,108.4103,Asia/Jakarta,"BMKG point: Arjawinangun, Kecamatan Arjawinangun",24-09-2026,KMA,Open-Meteo / KMA,08:00,2026-09-24 08:00:00,,,,,0.0,0.542,Berawan,wmo:None
arjawinangun,"Arjawinangun, Cirebon",2026-09-24,32.09.24.2004,Arjawinangun,kecamatan,no,-6.6453,108.4103,Asia/Jakarta,"BMKG point: Arjawinangun, Kecamatan Arjawinangun",24-09-2026,KMA,Open-Meteo / KMA,09:00,2026-09-24 09:00:00,,,,,0.0,0.542,Berawan,wmo:None
arjawinangun,"Arjawinangun, Cirebon",2026-09-24,32.09.24.2004,Arjawinangun,kecamatan,no,-6.6453,108.4103,Asia/Jakarta,"BMKG point: Arjawinangun, Kecamatan Arjawinangun",24-09-2026,KMA,Open-Meteo / KMA,10:00,2026-09-24 10:00:00,,,,,0.0,0.542,Berawan,wmo:None
arjawinangun,"Arjawinangun, Cirebon",2026-09-24,32.09.24.2004,Arjawinangun,kecamatan,no,-6.6453,108.4103,Asia/Jakarta,"BMKG point: Arjawinangun, Kecamatan Arjawinangun",24-09-2026,KMA,Open-Meteo / KMA,11:00,2026-09-24 11:00:00,,,,,0.0,0.542,Berawan,wmo:None
arjawinangun,"Arjawinangun, Cirebon",2026-09-24,32.09.24.2004,Arjawinangun,kecamatan,no,-6.6453,108.4103,Asia/Jakarta,"BMKG point: Arjawinangun, Kecamatan Arjawinangun",24-09-2026,KMA,Open-Meteo / KMA,12:00,2026-09-24 12:00:00,,,,,0.0,0.542,Berawan,wmo:None
arjawinangun,"Arjawinangun, Cirebon",2026-09-24,32.09.24.2004,Arjawinangun,kecamatan,no,-6.6453,108.4103,Asia/Jakarta,"BMKG point: Arjawinangun, Kecamatan Arjawinangun",24-09-2026,KMA,Open-Meteo / KMA,13:00,2026-09-24 13:00:00,,,,,0.0,0.542,Berawan,wmo:None
arjawinangun,"Arjawinangun, Cirebon",2026-09-24,32.09.24.2004,Arjawinangun,kecamatan,no,-6.6453,108.4103,Asia/Jakarta,"BMKG point: Arjawinangun, Kecamatan Arjawinangun",24-09-2026,KMA,Open-Meteo / KMA,14:00,2026-09-24 14:00:00,,,,,0.0,0.542,Berawan,wmo:None
arjawinangun,"Arjawinangun, Cirebon",2026-09-24,32.09.24.2004,Arjawinangun,kecamatan,no,-6.6453,108.4103,Asia/Jakarta,"BMKG point: Arjawinangun, Kecamatan Arjawinangun",24-09-2026,KMA,Open-Meteo / KMA,15:00,2026-09-24 15:00:00,,,,,0.0,0.542,Berawan,wmo:None
arjawinangun,"Arjawinangun, Cirebon",2026-09-24,32.09.24.2004,Arjawinangun,kecamatan,no,-6.6453,108.4103,Asia/Jakarta,"BMKG point: Arjawinangun, Kecamatan Arjawinangun",24-09-2026,KMA,Open-Meteo / KMA,16:00,2026-09-24 16:00:00,,,,,0.0,0.542,Berawan,wmo:None
arjawinangun,"Arjawinangun, Cirebon",2026-09-24,32.09.24.2004,Arjawinangun,kecamatan,no,-6.6453,108.4103,Asia/Jakarta,"BMKG point: Arjawinangun, Kecamatan Arjawinangun",24-09-2026,KMA,Open-Meteo / KMA,17:00,2026-09-24 17:00:00,,,,,0.0,0.542,Berawan,wmo:None
arjawinangun,"Arjawinangun, Cirebon",2026-09-24,32.09.24.2004,Arjawinangun,kecamatan,no,-6.6453,108.4103,Asia/Jakarta,"BMKG point: Arjawinangun, Kecamatan Arjawinangun",24-09-2026,KMA,Open-Meteo / KMA,18:00,2026-09-24 18:00:00,,,,,0.0,0.542,Berawan,wmo:None
arjawinangun,"Arjawinangun, Cirebon",2026-09-24,32.09.24.2004,Arjawinangun,kecamatan,no,-6.6453,108.4103,Asia/Jakarta,"BMKG point: Arjawinangun, Kecamatan Arjawinangun",24-09-2026,KMA,Open-Meteo / KMA,19:00,2026-09-24 19:00:00,,,,,0.0,0.542,Berawan,wmo:None
arjawinangun,"Arjawinangun, Cirebon",2026-09-24,32.09.24.2004,Arjawinangun,kecamatan,no,-6.6453,108.4103,Asia/Jakarta,"BMKG point: Arjawinangun, Kecamatan Arjawinangun",24-09-2026,KMA,Open-Meteo / KMA,20:00,2026-09-24 20:00:00,,,,,0.0,0.542,Berawan,wmo:None
arjawinangun,"Arjawinangun, Cirebon",2026-09-24,32.09.24.2004,Arjawinangun,kecamatan,no,-6.6453,108.4103,Asia/Jakarta,"BMKG point: Arjawinangun, Kecamatan Arjawinangun",24-09-2026,KMA,Open-Meteo / KMA,21:00,2026-09-24 21:00:00,,,,,0.0,0.542,Berawan,wmo:None
arjawinangun,"Arjawinangun, Cirebon",2026-09-24,32.09.24.2004,Arjawinangun,kecamatan,no,-6.6453,108.4103,Asia/Jakarta,"BMKG point: Arjawinangun, Kecamatan Arjawinangun",24-09-2026,KMA,Open-Meteo / KMA,22:00,2026-09-24 22:00:00,,,,,0.0,0.542,Berawan,wmo:None
arjawinangun,"Arjawinangun, Cirebon",2026-09-24,32.09.24.2004,Arjawinangun,kecamatan,no,-6.6453,108.4103,Asia/Jakarta,"BMKG point: Arjawinangun, Kecamatan Arjawinangun",24-09-2026,KMA,Open-Meteo / KMA,23:00,2026-09-24 23:00:00,,,,,0.0,0.542,Berawan,wmo:None
arjawinangun,"Arjawinangun, Cirebon",2026-09-24,32.09.24.2004,Arjawinangun,kecamatan,no,-6.6453,108.4103,Asia/Jakarta,"BMKG point: Arjawinangun, Kecamatan Arjawinangun",24-09-2026,METEOFRANCE,Open-Meteo / Meteo-France,00:00,2026-09-24 00:00:00,28.4,61.0,0.0,7.2,0.0,1.5427,Cerah Berawan,wmo:1
arjawinangun,"Arjawinangun, Cirebon",2026-09-24,32.09.24.2004,Arjawinangun,kecamatan,no,-6.6453,108.4103,Asia/Jakarta,"BMKG point: Arjawinangun, Kecamatan Arjawinangun",24-09-2026,METEOFRANCE,Open-Meteo / Meteo-France,01:00,2026-09-24 01:00:00,28.3,59.0,0.0,6.4,0.0,1.5427,Cerah Berawan,wmo:1
arjawinangun,"Arjawinangun, Cirebon",2026-09-24,32.09.24.2004,Arjawinangun,kecamatan,no,-6.6453,108.4103,Asia/Jakarta,"BMKG point: Arjawinangun, Kecamatan Arjawinangun",24-09-2026,METEOFRANCE,Open-Meteo / Meteo-France,02:00,2026-09-24 02:00:00,28.1,59.0,0.0,6.0,0.0,1.5427,Cerah Berawan,wmo:1
arjawinangun,"Arjawinangun, Cirebon",2026-09-24,32.09.24.2004,Arjawinangun,kecamatan,no,-6.6453,108.4103,Asia/Jakarta,"BMKG point: Arjawinangun, Kecamatan Arjawinangun",24-09-2026,METEOFRANCE,Open-Meteo / Meteo-France,03:00,2026-09-24 03:00:00,28.0,61.0,0.0,5.5,0.0,1.5427,Cerah Berawan,wmo:1
arjawinangun,"Arjawinangun, Cirebon",2026-09-24,32.09.24.2004,Arjawinangun,kecamatan,no,-6.6453,108.4103,Asia/Jakarta,"BMKG point: Arjawinangun, Kecamatan Arjawinangun",24-09-2026,METEOFRANCE,Open-Meteo / Meteo-France,04:00,2026-09-24 04:00:00,28.0,63.0,0.0,5.8,0.0,1.5427,Cerah Berawan,wmo:1
arjawinangun,"Arjawinangun, Cirebon",2026-09-24,32.09.24.2004,Arjawinangun,kecamatan,no,-6.6453,108.4103,Asia/Jakarta,"BMKG point: Arjawinangun, Kecamatan Arjawinangun",24-09-2026,METEOFRANCE,Open-Meteo / Meteo-France,05:00,2026-09-24 05:00:00,27.9,64.0,0.0,6.6,0.0,1.5427,Cerah Berawan,wmo:2
arjawinangun,"Arjawinangun, Cirebon",2026-09-24,32.09.24.2004,Arjawinangun,kecamatan,no,-6.6453,108.4103,Asia/Jakarta,"BMKG point: Arjawinangun, Kecamatan Arjawinangun",24-09-2026,METEOFRANCE,Open-Meteo / Meteo-France,06:00,2026-09-24 06:00:00,28.0,66.0,0.0,8.3,0.0,1.5427,Cerah Berawan,wmo:2
arjawinangun,"Arjawinangun, Cirebon",2026-09-24,32.09.24.2004,Arjawinangun,kecamatan,no,-6.6453,108.4103,Asia/Jakarta,"BMKG point: Arjawinangun, Kecamatan Arjawinangun",24-09-2026,METEOFRANCE,Open-Meteo / Meteo-France,07:00,2026-09-24 07:00:00,28.5,65.0,0.0,9.2,0.0,1.5427,Cerah Berawan,wmo:1
arjawinangun,"Arjawinangun, Cirebon",2026-09-24,32.09.24.2004,Arjawinangun,kecamatan,no,-6.6453,108.4103,Asia/Jakarta,"BMKG point: Arjawinangun, Kecamatan Arjawinangun",24-09-2026,METEOFRANCE,Open-Meteo / Meteo-France,08:00,2026-09-24 08:00:00,29.7,61.0,0.0,10.2,0.0,1.5427,Cerah Berawan,wmo:1
arjawinangun,"Arjawinangun, Cirebon",2026-09-24,32.09.24.2004,Arjawinangun,kecamatan,no,-6.6453,108.4103,Asia/Jakarta,"BMKG point: Arjawinangun, Kecamatan Arjawinangun",24-09-2026,METEOFRANCE,Open-Meteo / Meteo-France,09:00,2026-09-24 09:00:00,31.3,54.0,0.0,12.1,0.0,1.5427,Cerah Berawan,wmo:1
arjawinangun,"Arjawinangun, Cirebon",2026-09-24,32.09.24.2004,Arjawinangun,kecamatan,no,-6.6453,108.4103,Asia/Jakarta,"BMKG point: Arjawinangun, Kecamatan Arjawinangun",24-09-2026,METEOFRANCE,Open-Meteo / Meteo-France,10:00,2026-09-24 10:00:00,32.7,49.0,0.0,14.6,0.0,1.5427,Cerah,wmo:0
arjawinangun,"Arjawinangun, Cirebon",2026-09-24,32.09.24.2004,Arjawinangun,kecamatan,no,-6.6453,108.4103,Asia/Jakarta,"BMKG point: Arjawinangun, Kecamatan Arjawinangun",24-09-2026,METEOFRANCE,Open-Meteo / Meteo-France,11:00,2026-09-24 11:00:00,33.7,45.0,0.0,15.9,0.0,1.5427,Cerah,wmo:0
arjawinangun,"Arjawinangun, Cirebon",2026-09-24,32.09.24.2004,Arjawinangun,kecamatan,no,-6.6453,108.4103,Asia/Jakarta,"BMKG point: Arjawinangun, Kecamatan Arjawinangun",24-09-2026,METEOFRANCE,Open-Meteo / Meteo-France,12:00,2026-09-24 12:00:00,34.5,42.0,0.0,17.3,0.0,1.5427,Cerah,wmo:0
arjawinangun,"Arjawinangun, Cirebon",2026-09-24,32.09.24.2004,Arjawinangun,kecamatan,no,-6.6453,108.4103,Asia/Jakarta,"BMKG point: Arjawinangun, Kecamatan Arjawinangun",24-09-2026,METEOFRANCE,Open-Meteo / Meteo-France,13:00,2026-09-24 13:00:00,34.8,40.0,0.0,18.5,0.0,1.5427,Cerah,wmo:0
arjawinangun,"Arjawinangun, Cirebon",2026-09-24,32.09.24.2004,Arjawinangun,kecamatan,no,-6.6453,108.4103,Asia/Jakarta,"BMKG point: Arjawinangun, Kecamatan Arjawinangun",24-09-2026,METEOFRANCE,Open-Meteo / Meteo-France,14:00,2026-09-24 14:00:00,34.5,40.0,0.0,18.4,0.0,1.5427,Cerah,wmo:0
arjawinangun,"Arjawinangun, Cirebon",2026-09-24,32.09.24.2004,Arjawinangun,kecamatan,no,-6.6453,108.4103,Asia/Jakarta,"BMKG point: Arjawinangun, Kecamatan Arjawinangun",24-09-2026,METEOFRANCE,Open-Meteo / Meteo-France,15:00,2026-09-24 15:00:00,33.7,41.0,0.0,16.9,0.0,1.5427,Cerah,wmo:0
arjawinangun,"Arjawinangun, Cirebon",2026-09-24,32.09.24.2004,Arjawinangun,kecamatan,no,-6.6453,108.4103,Asia/Jakarta,"BMKG point: Arjawinangun, Kecamatan Arjawinangun",24-09-2026,METEOFRANCE,Open-Meteo / Meteo-France,16:00,2026-09-24 16:00:00,32.8,44.0,0.0,15.2,0.0,1.5427,Cerah Berawan,wmo:1
arjawinangun,"Arjawinangun, Cirebon",2026-09-24,32.09.24.2004,Arjawinangun,kecamatan,no,-6.6453,108.4103,Asia/Jakarta,"BMKG point: Arjawinangun, Kecamatan Arjawinangun",24-09-2026,METEOFRANCE,Open-Meteo / Meteo-France,17:00,2026-09-24 17:00:00,31.7,50.0,0.0,13.0,0.0,1.5427,Cerah Berawan,wmo:1
arjawinangun,"Arjawinangun, Cirebon",2026-09-24,32.09.24.2004,Arjawinangun,kecamatan,no,-6.6453,108.4103,Asia/Jakarta,"BMKG point: Arjawinangun, Kecamatan Arjawinangun",24-09-2026,METEOFRANCE,Open-Meteo / Meteo-France,18:00,2026-09-24 18:00:00,30.4,58.0,0.0,10.5,0.0,1.5427,Cerah Berawan,wmo:1
arjawinangun,"Arjawinangun, Cirebon",2026-09-24,32.09.24.2004,Arjawinangun,kecamatan,no,-6.6453,108.4103,Asia/Jakarta,"BMKG point: Arjawinangun, Kecamatan Arjawinangun",24-09-2026,METEOFRANCE,Open-Meteo / Meteo-France,19:00,2026-09-24 19:00:00,29.4,65.0,0.0,9.0,0.0,1.5427,Cerah Berawan,wmo:1
arjawinangun,"Arjawinangun, Cirebon",2026-09-24,32.09.24.2004,Arjawinangun,kecamatan,no,-6.6453,108.4103,Asia/Jakarta,"BMKG point: Arjawinangun, Kecamatan Arjawinangun",24-09-2026,METEOFRANCE,Open-Meteo / Meteo-France,20:00,2026-09-24 20:00:00,29.0,69.0,0.0,8.8,0.0,1.5427,Cerah Berawan,wmo:1
arjawinangun,"Arjawinangun, Cirebon",2026-09-24,32.09.24.2004,Arjawinangun,kecamatan,no,-6.6453,108.4103,Asia/Jakarta,"BMKG point: Arjawinangun, Kecamatan Arjawinangun",24-09-2026,METEOFRANCE,Open-Meteo / Meteo-France,21:00,2026-09-24 21:00:00,28.8,71.0,0.0,9.1,0.0,1.5427,Cerah Berawan,wmo:1
arjawinangun,"Arjawinangun, Cirebon",2026-09-24,32.09.24.2004,Arjawinangun,kecamatan,no,-6.6453,108.4103,Asia/Jakarta,"BMKG point: Arjawinangun, Kecamatan Arjawinangun",24-09-2026,METEOFRANCE,Open-Meteo / Meteo-France,22:00,2026-09-24 22:00:00,28.7,72.0,0.0,9.3,0.0,1.5427,Cerah,wmo:0
arjawinangun,"Arjawinangun, Cirebon",2026-09-24,32.09.24.2004,Arjawinangun,kecamatan,no,-6.6453,108.4103,Asia/Jakarta,"BMKG point: Arjawinangun, Kecamatan Arjawinangun",24-09-2026,METEOFRANCE,Open-Meteo / Meteo-France,23:00,2026-09-24 23:00:00,28.5,71.0,0.0,8.7,0.0,1.5427,Cerah,wmo:0
arjawinangun,"Arjawinangun, Cirebon",2026-09-24,32.09.24.2004,Arjawinangun,kecamatan,no,-6.6453,108.4103,Asia/Jakarta,"BMKG point: Arjawinangun, Kecamatan Arjawinangun",24-09-2026,METNO,MET Norway,00:00,2026-09-24 00:00:00,27.2,66.3,0.0,12.24,0.0,1.3782,Cerah Berawan,partlycloudy_night
arjawinangun,"Arjawinangun, Cirebon",2026-09-24,32.09.24.2004,Arjawinangun,kecamatan,no,-6.6453,108.4103,Asia/Jakarta,"BMKG point: Arjawinangun, Kecamatan Arjawinangun",24-09-2026,METNO,MET Norway,01:00,2026-09-24 01:00:00,26.7,67.0,0.0,9.72,0.0,1.3782,Cerah Berawan,partlycloudy_night
arjawinangun,"Arjawinangun, Cirebon",2026-09-24,32.09.24.2004,Arjawinangun,kecamatan,no,-6.6453,108.4103,Asia/Jakarta,"BMKG point: Arjawinangun, Kecamatan Arjawinangun",24-09-2026,METNO,MET Norway,02:00,2026-09-24 02:00:00,26.3,66.2,0.0,9.0,0.0,1.3782,Cerah Berawan,partlycloudy_night
arjawinangun,"Arjawinangun, Cirebon",2026-09-24,32.09.24.2004,Arjawinangun,kecamatan,no,-6.6453,108.4103,Asia/Jakarta,"BMKG point: Arjawinangun, Kecamatan Arjawinangun",24-09-2026,METNO,MET Norway,03:00,2026-09-24 03:00:00,25.9,67.0,0.0,7.56,0.0,1.3782,Cerah Berawan,partlycloudy_night
arjawinangun,"Arjawinangun, Cirebon",2026-09-24,32.09.24.2004,Arjawinangun,kecamatan,no,-6.6453,108.4103,Asia/Jakarta,"BMKG point: Arjawinangun, Kecamatan Arjawinangun",24-09-2026,METNO,MET Norway,04:00,2026-09-24 04:00:00,25.7,66.9,0.0,7.2,0.0,1.3782,Cerah Berawan,partlycloudy_night
arjawinangun,"Arjawinangun, Cirebon",2026-09-24,32.09.24.2004,Arjawinangun,kecamatan,no,-6.6453,108.4103,Asia/Jakarta,"BMKG point: Arjawinangun, Kecamatan Arjawinangun",24-09-2026,METNO,MET Norway,05:00,2026-09-24 05:00:00,25.5,67.3,0.0,10.08,0.0,1.3782,Cerah Berawan,fair_night
arjawinangun,"Arjawinangun, Cirebon",2026-09-24,32.09.24.2004,Arjawinangun,kecamatan,no,-6.6453,108.4103,Asia/Jakarta,"BMKG point: Arjawinangun, Kecamatan Arjawinangun",24-09-2026,METNO,MET Norway,06:00,2026-09-24 06:00:00,25.4,66.7,0.0,11.16,0.0,1.3782,Cerah Berawan,fair_day
arjawinangun,"Arjawinangun, Cirebon",2026-09-24,32.09.24.2004,Arjawinangun,kecamatan,no,-6.6453,108.4103,Asia/Jakarta,"BMKG point: Arjawinangun, Kecamatan Arjawinangun",24-09-2026,METNO,MET Norway,07:00,2026-09-24 07:00:00,27.3,58.1,0.0,10.44,0.0,1.3782,Cerah Berawan,partlycloudy_day
arjawinangun,"Arjawinangun, Cirebon",2026-09-24,32.09.24.2004,Arjawinangun,kecamatan,no,-6.6453,108.4103,Asia/Jakarta,"BMKG point: Arjawinangun, Kecamatan Arjawinangun",24-09-2026,METNO,MET Norway,08:00,2026-09-24 08:00:00,30.2,51.2,0.0,14.04,0.0,1.3782,Cerah Berawan,partlycloudy_day
arjawinangun,"Arjawinangun, Cirebon",2026-09-24,32.09.24.2004,Arjawinangun,kecamatan,no,-6.6453,108.4103,Asia/Jakarta,"BMKG point: Arjawinangun, Kecamatan Arjawinangun",24-09-2026,METNO,MET Norway,09:00,2026-09-24 09:00:00,32.3,42.5,0.0,17.28,0.0,1.3782,Cerah Berawan,partlycloudy_day
arjawinangun,"Arjawinangun, Cirebon",2026-09-24,32.09.24.2004,Arjawinangun,kecamatan,no,-6.6453,108.4103,Asia/Jakarta,"BMKG point: Arjawinangun, Kecamatan Arjawinangun",24-09-2026,METNO,MET Norway,10:00,2026-09-24 10:00:00,33.0,40.2,0.0,20.88,0.0,1.3782,Cerah Berawan,partlycloudy_day
arjawinangun,"Arjawinangun, Cirebon",2026-09-24,32.09.24.2004,Arjawinangun,kecamatan,no,-6.6453,108.4103,Asia/Jakarta,"BMKG point: Arjawinangun, Kecamatan Arjawinangun",24-09-2026,METNO,MET Norway,11:00,2026-09-24 11:00:00,33.7,38.9,0.0,21.96,0.0,1.3782,Cerah,clearsky_day
arjawinangun,"Arjawinangun, Cirebon",2026-09-24,32.09.24.2004,Arjawinangun,kecamatan,no,-6.6453,108.4103,Asia/Jakarta,"BMKG point: Arjawinangun, Kecamatan Arjawinangun",24-09-2026,METNO,MET Norway,12:00,2026-09-24 12:00:00,34.1,38.0,0.0,25.56,0.0,1.3782,Cerah,clearsky_day
arjawinangun,"Arjawinangun, Cirebon",2026-09-24,32.09.24.2004,Arjawinangun,kecamatan,no,-6.6453,108.4103,Asia/Jakarta,"BMKG point: Arjawinangun, Kecamatan Arjawinangun",24-09-2026,METNO,MET Norway,13:00,2026-09-24 13:00:00,34.4,39.5,0.0,25.56,0.0,1.3782,Cerah,clearsky_day
arjawinangun,"Arjawinangun, Cirebon",2026-09-24,32.09.24.2004,Arjawinangun,kecamatan,no,-6.6453,108.4103,Asia/Jakarta,"BMKG point: Arjawinangun, Kecamatan Arjawinangun",24-09-2026,METNO,MET Norway,14:00,2026-09-24 14:00:00,34.4,36.6,0.0,23.04,0.0,1.3782,Cerah Berawan,fair_day
arjawinangun,"Arjawinangun, Cirebon",2026-09-24,32.09.24.2004,Arjawinangun,kecamatan,no,-6.6453,108.4103,Asia/Jakarta,"BMKG point: Arjawinangun, Kecamatan Arjawinangun",24-09-2026,METNO,MET Norway,15:00,2026-09-24 15:00:00,33.4,40.1,0.0,22.32,0.0,1.3782,Cerah Berawan,fair_day
arjawinangun,"Arjawinangun, Cirebon",2026-09-24,32.09.24.2004,Arjawinangun,kecamatan,no,-6.6453,108.4103,Asia/Jakarta,"BMKG point: Arjawinangun, Kecamatan Arjawinangun",24-09-2026,METNO,MET Norway,16:00,2026-09-24 16:00:00,31.8,51.4,0.0,20.88,0.0,1.3782,Cerah Berawan,partlycloudy_day
arjawinangun,"Arjawinangun, Cirebon",2026-09-24,32.09.24.2004,Arjawinangun,kecamatan,no,-6.6453,108.4103,Asia/Jakarta,"BMKG point: Arjawinangun, Kecamatan Arjawinangun",24-09-2026,METNO,MET Norway,17:00,2026-09-24 17:00:00,30.3,58.2,0.0,17.64,0.0,1.3782,Cerah Berawan,partlycloudy_day
arjawinangun,"Arjawinangun, Cirebon",2026-09-24,32.09.24.2004,Arjawinangun,kecamatan,no,-6.6453,108.4103,Asia/Jakarta,"BMKG point: Arjawinangun, Kecamatan Arjawinangun",24-09-2026,METNO,MET Norway,18:00,2026-09-24 18:00:00,29.1,64.3,0.0,16.92,0.0,1.3782,Cerah Berawan,partlycloudy_night
arjawinangun,"Arjawinangun, Cirebon",2026-09-24,32.09.24.2004,Arjawinangun,kecamatan,no,-6.6453,108.4103,Asia/Jakarta,"BMKG point: Arjawinangun, Kecamatan Arjawinangun",24-09-2026,METNO,MET Norway,19:00,2026-09-24 19:00:00,28.7,67.0,0.0,15.12,0.0,1.3782,Cerah Berawan,partlycloudy_night
arjawinangun,"Arjawinangun, Cirebon",2026-09-24,32.09.24.2004,Arjawinangun,kecamatan,no,-6.6453,108.4103,Asia/Jakarta,"BMKG point: Arjawinangun, Kecamatan Arjawinangun",24-09-2026,METNO,MET Norway,20:00,2026-09-24 20:00:00,28.5,71.6,0.0,13.68,0.0,1.3782,Cerah Berawan,fair_night
arjawinangun,"Arjawinangun, Cirebon",2026-09-24,32.09.24.2004,Arjawinangun,kecamatan,no,-6.6453,108.4103,Asia/Jakarta,"BMKG point: Arjawinangun, Kecamatan Arjawinangun",24-09-2026,METNO,MET Norway,21:00,2026-09-24 21:00:00,28.5,72.6,0.0,13.68,0.0,1.3782,Cerah,clearsky_night
arjawinangun,"Arjawinangun, Cirebon",2026-09-24,32.09.24.2004,Arjawinangun,kecamatan,no,-6.6453,108.4103,Asia/Jakarta,"BMKG point: Arjawinangun, Kecamatan Arjawinangun",24-09-2026,METNO,MET Norway,22:00,2026-09-24 22:00:00,28.3,70.5,0.0,14.76,0.0,1.3782,Cerah,clearsky_night
arjawinangun,"Arjawinangun, Cirebon",2026-09-24,32.09.24.2004,Arjawinangun,kecamatan,no,-6.6453,108.4103,Asia/Jakarta,"BMKG point: Arjawinangun, Kecamatan Arjawinangun",24-09-2026,METNO,MET Norway,23:00,2026-09-24 23:00:00,27.9,69.3,0.0,11.88,0.0,1.3782,Cerah,clearsky_night
arjawinangun,"Arjawinangun, Cirebon",2026-09-24,32.09.24.2004,Arjawinangun,kecamatan,no,-6.6453,108.4103,Asia/Jakarta,"BMKG point: Arjawinangun, Kecamatan Arjawinangun",24-09-2026,UKMO,Open-Meteo / UK Met Office,00:00,2026-09-24 00:00:00,26.2,66.0,0.0,6.8,0.0,1.3129,Cerah,wmo:0
arjawinangun,"Arjawinangun, Cirebon",2026-09-24,32.09.24.2004,Arjawinangun,kecamatan,no,-6.6453,108.4103,Asia/Jakarta,"BMKG point: Arjawinangun, Kecamatan Arjawinangun",24-09-2026,UKMO,Open-Meteo / UK Met Office,01:00,2026-09-24 01:00:00,25.6,72.0,0.0,5.4,0.0,1.3129,Cerah,wmo:0
arjawinangun,"Arjawinangun, Cirebon",2026-09-24,32.09.24.2004,Arjawinangun,kecamatan,no,-6.6453,108.4103,Asia/Jakarta,"BMKG point: Arjawinangun, Kecamatan Arjawinangun",24-09-2026,UKMO,Open-Meteo / UK Met Office,02:00,2026-09-24 02:00:00,25.1,82.0,0.0,3.2,0.0,1.3129,Cerah,wmo:0
arjawinangun,"Arjawinangun, Cirebon",2026-09-24,32.09.24.2004,Arjawinangun,kecamatan,no,-6.6453,108.4103,Asia/Jakarta,"BMKG point: Arjawinangun, Kecamatan Arjawinangun",24-09-2026,UKMO,Open-Meteo / UK Met Office,03:00,2026-09-24 03:00:00,24.9,85.0,0.0,2.9,0.0,1.3129,Cerah,wmo:0
arjawinangun,"Arjawinangun, Cirebon",2026-09-24,32.09.24.2004,Arjawinangun,kecamatan,no,-6.6453,108.4103,Asia/Jakarta,"BMKG point: Arjawinangun, Kecamatan Arjawinangun",24-09-2026,UKMO,Open-Meteo / UK Met Office,04:00,2026-09-24 04:00:00,24.7,86.0,0.0,2.5,0.0,1.3129,Cerah,wmo:0
arjawinangun,"Arjawinangun, Cirebon",2026-09-24,32.09.24.2004,Arjawinangun,kecamatan,no,-6.6453,108.4103,Asia/Jakarta,"BMKG point: Arjawinangun, Kecamatan Arjawinangun",24-09-2026,UKMO,Open-Meteo / UK Met Office,05:00,2026-09-24 05:00:00,24.5,86.0,0.0,2.2,0.0,1.3129,Cerah,wmo:0
arjawinangun,"Arjawinangun, Cirebon",2026-09-24,32.09.24.2004,Arjawinangun,kecamatan,no,-6.6453,108.4103,Asia/Jakarta,"BMKG point: Arjawinangun, Kecamatan Arjawinangun",24-09-2026,UKMO,Open-Meteo / UK Met Office,06:00,2026-09-24 06:00:00,25.1,81.0,0.0,2.2,0.0,1.3129,Cerah,wmo:0
arjawinangun,"Arjawinangun, Cirebon",2026-09-24,32.09.24.2004,Arjawinangun,kecamatan,no,-6.6453,108.4103,Asia/Jakarta,"BMKG point: Arjawinangun, Kecamatan Arjawinangun",24-09-2026,UKMO,Open-Meteo / UK Met Office,07:00,2026-09-24 07:00:00,26.1,70.0,0.0,2.2,0.0,1.3129,Cerah,wmo:0
arjawinangun,"Arjawinangun, Cirebon",2026-09-24,32.09.24.2004,Arjawinangun,kecamatan,no,-6.6453,108.4103,Asia/Jakarta,"BMKG point: Arjawinangun, Kecamatan Arjawinangun",24-09-2026,UKMO,Open-Meteo / UK Met Office,08:00,2026-09-24 08:00:00,27.6,63.0,0.0,7.2,0.0,1.3129,Cerah Berawan,wmo:1
arjawinangun,"Arjawinangun, Cirebon",2026-09-24,32.09.24.2004,Arjawinangun,kecamatan,no,-6.6453,108.4103,Asia/Jakarta,"BMKG point: Arjawinangun, Kecamatan Arjawinangun",24-09-2026,UKMO,Open-Meteo / UK Met Office,09:00,2026-09-24 09:00:00,29.5,55.0,0.0,13.7,0.0,1.3129,Cerah Berawan,wmo:1
arjawinangun,"Arjawinangun, Cirebon",2026-09-24,32.09.24.2004,Arjawinangun,kecamatan,no,-6.6453,108.4103,Asia/Jakarta,"BMKG point: Arjawinangun, Kecamatan Arjawinangun",24-09-2026,UKMO,Open-Meteo / UK Met Office,10:00,2026-09-24 10:00:00,31.0,49.0,0.0,18.7,0.0,1.3129,Cerah Berawan,wmo:2
arjawinangun,"Arjawinangun, Cirebon",2026-09-24,32.09.24.2004,Arjawinangun,kecamatan,no,-6.6453,108.4103,Asia/Jakarta,"BMKG point: Arjawinangun, Kecamatan Arjawinangun",24-09-2026,UKMO,Open-Meteo / UK Met Office,11:00,2026-09-24 11:00:00,31.8,46.0,0.0,19.8,0.0,1.3129,Cerah Berawan,wmo:1
arjawinangun,"Arjawinangun, Cirebon",2026-09-24,32.09.24.2004,Arjawinangun,kecamatan,no,-6.6453,108.4103,Asia/Jakarta,"BMKG point: Arjawinangun, Kecamatan Arjawinangun",24-09-2026,UKMO,Open-Meteo / UK Met Office,12:00,2026-09-24 12:00:00,32.2,45.0,0.0,19.1,0.0,1.3129,Cerah Berawan,wmo:1
arjawinangun,"Arjawinangun, Cirebon",2026-09-24,32.09.24.2004,Arjawinangun,kecamatan,no,-6.6453,108.4103,Asia/Jakarta,"BMKG point: Arjawinangun, Kecamatan Arjawinangun",24-09-2026,UKMO,Open-Meteo / UK Met Office,13:00,2026-09-24 13:00:00,32.4,45.0,0.0,18.4,0.0,1.3129,Cerah,wmo:0
arjawinangun,"Arjawinangun, Cirebon",2026-09-24,32.09.24.2004,Arjawinangun,kecamatan,no,-6.6453,108.4103,Asia/Jakarta,"BMKG point: Arjawinangun, Kecamatan Arjawinangun",24-09-2026,UKMO,Open-Meteo / UK Met Office,14:00,2026-09-24 14:00:00,32.4,43.0,0.0,16.9,0.0,1.3129,Cerah,wmo:0
arjawinangun,"Arjawinangun, Cirebon",2026-09-24,32.09.24.2004,Arjawinangun,kecamatan,no,-6.6453,108.4103,Asia/Jakarta,"BMKG point: Arjawinangun, Kecamatan Arjawinangun",24-09-2026,UKMO,Open-Meteo / UK Met Office,15:00,2026-09-24 15:00:00,31.9,46.0,0.0,16.6,0.0,1.3129,Cerah,wmo:0
arjawinangun,"Arjawinangun, Cirebon",2026-09-24,32.09.24.2004,Arjawinangun,kecamatan,no,-6.6453,108.4103,Asia/Jakarta,"BMKG point: Arjawinangun, Kecamatan Arjawinangun",24-09-2026,UKMO,Open-Meteo / UK Met Office,16:00,2026-09-24 16:00:00,31.2,50.0,0.0,15.8,0.0,1.3129,Cerah,wmo:0
arjawinangun,"Arjawinangun, Cirebon",2026-09-24,32.09.24.2004,Arjawinangun,kecamatan,no,-6.6453,108.4103,Asia/Jakarta,"BMKG point: Arjawinangun, Kecamatan Arjawinangun",24-09-2026,UKMO,Open-Meteo / UK Met Office,17:00,2026-09-24 17:00:00,30.3,57.0,0.0,14.0,0.0,1.3129,Cerah,wmo:0
arjawinangun,"Arjawinangun, Cirebon",2026-09-24,32.09.24.2004,Arjawinangun,kecamatan,no,-6.6453,108.4103,Asia/Jakarta,"BMKG point: Arjawinangun, Kecamatan Arjawinangun",24-09-2026,UKMO,Open-Meteo / UK Met Office,18:00,2026-09-24 18:00:00,29.1,67.0,0.0,11.9,0.0,1.3129,Cerah,wmo:0
arjawinangun,"Arjawinangun, Cirebon",2026-09-24,32.09.24.2004,Arjawinangun,kecamatan,no,-6.6453,108.4103,Asia/Jakarta,"BMKG point: Arjawinangun, Kecamatan Arjawinangun",24-09-2026,UKMO,Open-Meteo / UK Met Office,19:00,2026-09-24 19:00:00,28.2,73.0,0.0,10.1,0.0,1.3129,Cerah,wmo:0
arjawinangun,"Arjawinangun, Cirebon",2026-09-24,32.09.24.2004,Arjawinangun,kecamatan,no,-6.6453,108.4103,Asia/Jakarta,"BMKG point: Arjawinangun, Kecamatan Arjawinangun",24-09-2026,UKMO,Open-Meteo / UK Met Office,20:00,2026-09-24 20:00:00,27.9,74.0,0.0,10.1,0.0,1.3129,Cerah,wmo:0
arjawinangun,"Arjawinangun, Cirebon",2026-09-24,32.09.24.2004,Arjawinangun,kecamatan,no,-6.6453,108.4103,Asia/Jakarta,"BMKG point: Arjawinangun, Kecamatan Arjawinangun",24-09-2026,UKMO,Open-Meteo / UK Met Office,21:00,2026-09-24 21:00:00,27.9,73.0,0.0,10.4,0.0,1.3129,Cerah,wmo:0
arjawinangun,"Arjawinangun, Cirebon",2026-09-24,32.09.24.2004,Arjawinangun,kecamatan,no,-6.6453,108.4103,Asia/Jakarta,"BMKG point: Arjawinangun, Kecamatan Arjawinangun",24-09-2026,UKMO,Open-Meteo / UK Met Office,22:00,2026-09-24 22:00:00,27.7,72.0,0.0,10.4,0.0,1.3129,Cerah,wmo:0
arjawinangun,"Arjawinangun, Cirebon",2026-09-24,32.09.24.2004,Arjawinangun,kecamatan,no,-6.6453,108.4103,Asia/Jakarta,"BMKG point: Arjawinangun, Kecamatan Arjawinangun",24-09-2026,UKMO,Open-Meteo / UK Met Office,23:00,2026-09-24 23:00:00,27.1,74.0,0.0,9.0,0.0,1.3129,Cerah,wmo:0
