location_slug,location_name,target_date,adm4,bmkg_point_name,area_level,is_proxy_bmkg,latitude,longitude,timezone,location_note,tanggal,source_id,provider,target_jam,source_datetime,suhu_C,RH_%,rain_mm,wind_kmh,gap_minutes,point_weight,kategori,raw_condition
dago,"Dago, Bandung",2026-08-15,32.73.02.1004,Dago,kelurahan,no,-6.889,107.61,Asia/Jakarta,"BMKG point: Dago, Coblong, Kota Bandung",15-08-2026,BMKG,BMKG,09:00,2026-08-15 12:00:00,28.0,48.0,0.0,8.0,180.0,0.9207,Cerah Berawan,Cerah Berawan
dago,"Dago, Bandung",2026-08-15,32.73.02.1004,Dago,kelurahan,no,-6.889,107.61,Asia/Jakarta,"BMKG point: Dago, Coblong, Kota Bandung",15-08-2026,BMKG,BMKG,10:00,2026-08-15 12:00:00,28.0,48.0,0.0,8.0,120.0,0.9207,Cerah Berawan,Cerah Berawan
dago,"Dago, Bandung",2026-08-15,32.73.02.1004,Dago,kelurahan,no,-6.889,107.61,Asia/Jakarta,"BMKG point: Dago, Coblong, Kota Bandung",15-08-2026,BMKG,BMKG,11:00,2026-08-15 12:00:00,28.0,48.0,0.0,8.0,60.0,1.2555,Cerah Berawan,Cerah Berawan
dago,"Dago, Bandung",2026-08-15,32.73.02.1004,Dago,kelurahan,no,-6.889,107.61,Asia/Jakarta,"BMKG point: Dago, Coblong, Kota Bandung",15-08-2026,BMKG,BMKG,12:00,2026-08-15 12:00:00,28.0,48.0,0.0,8.0,0.0,1.674,Cerah Berawan,Cerah Berawan
dago,"Dago, Bandung",2026-08-15,32.73.02.1004,Dago,kelurahan,no,-6.889,107.61,Asia/Jakarta,"BMKG point: Dago, Coblong, Kota Bandung",15-08-2026,BMKG,BMKG,13:00,2026-08-15 12:00:00,28.0,48.0,0.0,8.0,60.0,1.2555,Cerah Berawan,Cerah Berawan
dago,"Dago, Bandung",2026-08-15,32.73.02.1004,Dago,kelurahan,no,-6.889,107.61,Asia/Jakarta,"BMKG point: Dago, Coblong, Kota Bandung",15-08-2026,BMKG,BMKG,14:00,2026-08-15 15:00:00,27.0,52.0,0.0,6.7,60.0,1.2555,Cerah Berawan,Cerah Berawan
dago,"Dago, Bandung",2026-08-15,32.73.02.1004,Dago,kelurahan,no,-6.889,107.61,Asia/Jakarta,"BMKG point: Dago, Coblong, Kota Bandung",15-08-2026,BMKG,BMKG,15:00,2026-08-15 15:00:00,27.0,52.0,0.0,6.7,0.0,1.674,Cerah Berawan,Cerah Berawan
dago,"Dago, Bandung",2026-08-15,32.73.02.1004,Dago,kelurahan,no,-6.889,107.61,Asia/Jakarta,"BMKG point: Dago, Coblong, Kota Bandung",15-08-2026,BMKG,BMKG,16:00,2026-08-15 15:00:00,27.0,52.0,0.0,6.7,60.0,1.2555,Cerah Berawan,Cerah Berawan
dago,"Dago, Bandung",2026-08-15,32.73.02.1004,Dago,kelurahan,no,-6.889,107.61,Asia/Jakarta,"BMKG point: Dago, Coblong, Kota Bandung",15-08-2026,BMKG,BMKG,17:00,2026-08-15 18:00:00,23.0,75.0,0.0,3.2,60.0,1.2555,Cerah Berawan,Cerah Berawan
dago,"Dago, Bandung",2026-08-15,32.73.02.1004,Dago,kelurahan,no,-6.889,107.61,Asia/Jakarta,"BMKG point: Dago, Coblong, Kota Bandung",15-08-2026,BMKG,BMKG,18:00,2026-08-15 18:00:00,23.0,75.0,0.0,3.2,0.0,1.674,Cerah Berawan,Cerah Berawan
dago,"Dago, Bandung",2026-08-15,32.73.02.1004,Dago,kelurahan,no,-6.889,107.61,Asia/Jakarta,"BMKG point: Dago, Coblong, Kota Bandung",15-08-2026,BMKG,BMKG,19:00,2026-08-15 18:00:00,23.0,75.0,0.0,3.2,60.0,1.2555,Cerah Berawan,Cerah Berawan
dago,"Dago, Bandung",2026-08-15,32.73.02.1004,Dago,kelurahan,no,-6.889,107.61,Asia/Jakarta,"BMKG point: Dago, Coblong, Kota Bandung",15-08-2026,BMKG,BMKG,20:00,2026-08-15 21:00:00,21.0,85.0,0.0,3.2,60.0,1.2555,Berawan,Berawan
dago,"Dago, Bandung",2026-08-15,32.73.02.1004,Dago,kelurahan,no,-6.889,107.61,Asia/Jakarta,"BMKG point: Dago, Coblong, Kota Bandung",15-08-2026,BMKG,BMKG,21:00,2026-08-15 21:00:00,21.0,85.0,0.0,3.2,0.0,1.674,Berawan,Berawan
dago,"Dago, Bandung",2026-08-15,32.73.02.1004,Dago,kelurahan,no,-6.889,107.61,Asia/Jakarta,"BMKG point: Dago, Coblong, Kota Bandung",15-08-2026,BMKG,BMKG,22:00,2026-08-15 21:00:00,21.0,85.0,0.0,3.2,60.0,1.2555,Berawan,Berawan
dago,"Dago, Bandung",2026-08-15,32.73.02.1004,Dago,kelurahan,no,-6.889,107.61,Asia/Jakarta,"BMKG point: Dago, Coblong, Kota Bandung",15-08-2026,BMKG,BMKG,23:00,2026-08-15 21:00:00,21.0,85.0,0.0,3.2,120.0,0.9207,Berawan,Berawan
dago,"Dago, Bandung",2026-08-15,32.73.02.1004,Dago,kelurahan,no,-6.889,107.61,Asia/Jakarta,"BMKG point: Dago, Coblong, Kota Bandung",15-08-2026,CMA,Open-Meteo / CMA GRAPES,00:00,2026-08-15 00:00:00,21.2,94.0,0.0,1.8,0.0,1.1253,Cerah,wmo:0
dago,"Dago, Bandung",2026-08-15,32.73.02.1004,Dago,kelurahan,no,-6.889,107.61,Asia/Jakarta,"BMKG point: Dago, Coblong, Kota Bandung",15-08-2026,CMA,Open-Meteo / CMA GRAPES,01:00,2026-08-15 01:00:00,21.2,94.0,0.0,1.1,0.0,1.1253,Cerah,wmo:0
dago,"Dago, Bandung",2026-08-15,32.73.02.1004,Dago,kelurahan,no,-6.889,107.61,Asia/Jakarta,"BMKG point: Dago, Coblong, Kota Bandung",15-08-2026,CMA,Open-Meteo / CMA GRAPES,02:00,2026-08-15 02:00:00,21.1,94.0,0.0,0.8,0.0,1.1253,Cerah,wmo:0
dago,"Dago, Bandung",2026-08-15,32.73.02.1004,Dago,kelurahan,no,-6.889,107.61,Asia/Jakarta,"BMKG point: Dago, Coblong, Kota Bandung",15-08-2026,CMA,Open-Meteo / CMA GRAPES,03:00,2026-08-15 03:00:00,21.0,95.0,0.0,1.9,0.0,1.1253,Cerah Berawan,wmo:1
dago,"Dago, Bandung",2026-08-15,32.73.02.1004,Dago,kelurahan,no,-6.889,107.61,Asia/Jakarta,"BMKG point: Dago, Coblong, Kota Bandung",15-08-2026,CMA,Open-Meteo / CMA GRAPES,04:00,2026-08-15 04:00:00,21.0,95.0,0.0,2.1,0.0,1.1253,Cerah Berawan,wmo:2
dago,"Dago, Bandung",2026-08-15,32.73.02.1004,Dago,kelurahan,no,-6.889,107.61,Asia/Jakarta,"BMKG point: Dago, Coblong, Kota Bandung",15-08-2026,CMA,Open-Meteo / CMA GRAPES,05:00,2026-08-15 05:00:00,21.0,95.0,0.0,0.4,0.0,1.1253,Cerah Berawan,wmo:2
dago,"Dago, Bandung",2026-08-15,32.73.02.1004,Dago,kelurahan,no,-6.889,107.61,Asia/Jakarta,"BMKG point: Dago, Coblong, Kota Bandung",15-08-2026,CMA,Open-Meteo / CMA GRAPES,06:00,2026-08-15 06:00:00,21.1,94.0,0.0,2.0,0.0,1.1253,Cerah Berawan,wmo:2
dago,"Dago, Bandung",2026-08-15,32.73.02.1004,Dago,kelurahan,no,-6.889,107.61,Asia/Jakarta,"BMKG point: Dago, Coblong, Kota Bandung",15-08-2026,CMA,Open-Meteo / CMA GRAPES,07:00,2026-08-15 07:00:00,21.5,91.0,0.0,3.4,0.0,1.1253,Cerah Berawan,wmo:2
dago,"Dago, Bandung",2026-08-15,32.73.02.1004,Dago,kelurahan,no,-6.889,107.61,Asia/Jakarta,"BMKG point: Dago, Coblong, Kota Bandung",15-08-2026,CMA,Open-Meteo / CMA GRAPES,08:00,2026-08-15 08:00:00,22.4,86.0,0.0,2.9,0.0,1.1253,Cerah Berawan,wmo:1
dago,"Dago, Bandung",2026-08-15,32.73.02.1004,Dago,kelurahan,no,-6.889,107.61,Asia/Jakarta,"BMKG point: Dago, Coblong, Kota Bandung",15-08-2026,CMA,Open-Meteo / CMA GRAPES,09:00,2026-08-15 09:00:00,23.5,78.0,0.0,4.4,0.0,1.1253,Cerah,wmo:0
dago,"Dago, Bandung",2026-08-15,32.73.02.1004,Dago,kelurahan,no,-6.889,107.61,Asia/Jakarta,"BMKG point: Dago, Coblong, Kota Bandung",15-08-2026,CMA,Open-Meteo / CMA GRAPES,10:00,2026-08-15 10:00:00,24.6,72.0,0.0,7.2,0.0,1.1253,Cerah,wmo:0
dago,"Dago, Bandung",2026-08-15,32.73.02.1004,Dago,kelurahan,no,-6.889,107.61,Asia/Jakarta,"BMKG point: Dago, Coblong, Kota Bandung",15-08-2026,CMA,Open-Meteo / CMA GRAPES,11:00,2026-08-15 11:00:00,25.6,67.0,0.0,9.3,0.0,1.1253,Cerah,wmo:0
dago,"Dago, Bandung",2026-08-15,32.73.02.1004,Dago,kelurahan,no,-6.889,107.61,Asia/Jakarta,"BMKG point: Dago, Coblong, Kota Bandung",15-08-2026,CMA,Open-Meteo / CMA GRAPES,12:00,2026-08-15 12:00:00,26.5,62.0,0.0,11.0,0.0,1.1253,Cerah,wmo:0
dago,"Dago, Bandung",2026-08-15,32.73.02.1004,Dago,kelurahan,no,-6.889,107.61,Asia/Jakarta,"BMKG point: Dago, Coblong, Kota Bandung",15-08-2026,CMA,Open-Meteo / CMA GRAPES,13:00,2026-08-15 13:00:00,27.0,60.0,0.0,12.7,0.0,1.1253,Cerah,wmo:0
dago,"Dago, Bandung",2026-08-15,32.73.02.1004,Dago,kelurahan,no,-6.889,107.61,Asia/Jakarta,"BMKG point: Dago, Coblong, Kota Bandung",15-08-2026,CMA,Open-Meteo / CMA GRAPES,14:00,2026-08-15 14:00:00,27.1,60.0,0.0,14.4,0.0,1.1253,Cerah,wmo:0
dago,"Dago, Bandung",2026-08-15,32.73.02.1004,Dago,kelurahan,no,-6.889,107.61,Asia/Jakarta,"BMKG point: Dago, Coblong, Kota Bandung",15-08-2026,CMA,Open-Meteo / CMA GRAPES,15:00,2026-08-15 15:00:00,26.8,62.0,0.0,15.8,0.0,1.1253,Cerah,wmo:0
dago,"Dago, Bandung",2026-08-15,32.73.02.1004,Dago,kelurahan,no,-6.889,107.61,Asia/Jakarta,"BMKG point: Dago, Coblong, Kota Bandung",15-08-2026,CMA,Open-Meteo / CMA GRAPES,16:00,2026-08-15 16:00:00,26.3,66.0,0.0,16.2,0.0,1.1253,Cerah,wmo:0
dago,"Dago, Bandung",2026-08-15,32.73.02.1004,Dago,kelurahan,no,-6.889,107.61,Asia/Jakarta,"BMKG point: Dago, Coblong, Kota Bandung",15-08-2026,CMA,Open-Meteo / CMA GRAPES,17:00,2026-08-15 17:00:00,25.5,71.0,0.0,14.4,0.0,1.1253,Cerah,wmo:0
dago,"Dago, Bandung",2026-08-15,32.73.02.1004,Dago,kelurahan,no,-6.889,107.61,Asia/Jakarta,"BMKG point: Dago, Coblong, Kota Bandung",15-08-2026,CMA,Open-Meteo / CMA GRAPES,18:00,2026-08-15 18:00:00,24.4,78.0,0.0,11.2,0.0,1.1253,Cerah,wmo:0
dago,"Dago, Bandung",2026-08-15,32.73.02.1004,Dago,kelurahan,no,-6.889,107.61,Asia/Jakarta,"BMKG point: Dago, Coblong, Kota Bandung",15-08-2026,CMA,Open-Meteo / CMA GRAPES,19:00,2026-08-15 19:00:00,23.5,84.0,0.0,8.0,0.0,1.1253,Cerah,wmo:0
dago,"Dago, Bandung",2026-08-15,32.73.02.1004,Dago,kelurahan,no,-6.889,107.61,Asia/Jakarta,"BMKG point: Dago, Coblong, Kota Bandung",15-08-2026,CMA,Open-Meteo / CMA GRAPES,20:00,2026-08-15 20:00:00,22.8,88.0,0.0,4.9,0.0,1.1253,Cerah,wmo:0
dago,"Dago, Bandung",2026-08-15,32.73.02.1004,Dago,kelurahan,no,-6.889,107.61,Asia/Jakarta,"BMKG point: Dago, Coblong, Kota Bandung",15-08-2026,CMA,Open-Meteo / CMA GRAPES,21:00,2026-08-15 21:00:00,22.3,92.0,0.0,3.1,0.0,1.1253,Cerah,wmo:0
dago,"Dago, Bandung",2026-08-15,32.73.02.1004,Dago,kelurahan,no,-6.889,107.61,Asia/Jakarta,"BMKG point: Dago, Coblong, Kota Bandung",15-08-2026,CMA,Open-Meteo / CMA GRAPES,22:00,2026-08-15 22:00:00,21.8,94.0,0.0,3.0,0.0,1.1253,Cerah,wmo:0
dago,"Dago, Bandung",2026-08-15,32.73.02.1004,Dago,kelurahan,no,-6.889,107.61,Asia/Jakarta,"BMKG point: Dago, Coblong, Kota Bandung",15-08-2026,CMA,Open-Meteo / CMA GRAPES,23:00,2026-08-15 23:00:00,21.6,94.0,0.0,3.1,0.0,1.1253,Cerah,wmo:0
dago,"Dago, Bandung",2026-08-15,32.73.02.1004,Dago,kelurahan,no,-6.889,107.61,Asia/Jakarta,"BMKG point: Dago, Coblong, Kota Bandung",15-08-2026,ECMWF,Open-Meteo / ECMWF,00:00,2026-08-15 00:00:00,19.7,81.0,0.0,1.3,0.0,1.6658,Cerah Berawan,wmo:1
dago,"Dago, Bandung",2026-08-15,32.73.02.1004,Dago,kelurahan,no,-6.889,107.61,Asia/Jakarta,"BMKG point: Dago, Coblong, Kota Bandung",15-08-2026,ECMWF,Open-Meteo / ECMWF,01:00,2026-08-15 01:00:00,19.1,83.0,0.0,0.8,0.0,1.6658,Cerah Berawan,wmo:2
dago,"Dago, Bandung",2026-08-15,32.73.02.1004,Dago,kelurahan,no,-6.889,107.61,Asia/Jakarta,"BMKG point: Dago, Coblong, Kota Bandung",15-08-2026,ECMWF,Open-Meteo / ECMWF,02:00,2026-08-15 02:00:00,18.4,84.0,0.0,1.1,0.0,1.6658,Cerah Berawan,wmo:2
dago,"Dago, Bandung",2026-08-15,32.73.02.1004,Dago,kelurahan,no,-6.889,107.61,Asia/Jakarta,"BMKG point: Dago, Coblong, Kota Bandung",15-08-2026,ECMWF,Open-Meteo / ECMWF,03:00,2026-08-15 03:00:00,17.7,83.0,0.0,2.3,0.0,1.6658,Cerah Berawan,wmo:2
dago,"Dago, Bandung",2026-08-15,32.73.02.1004,Dago,kelurahan,no,-6.889,107.61,Asia/Jakarta,"BMKG point: Dago, Coblong, Kota Bandung",15-08-2026,ECMWF,Open-Meteo / ECMWF,04:00,2026-08-15 04:00:00,17.3,83.0,0.0,3.0,0.0,1.6658,Berawan,wmo:3
dago,"Dago, Bandung",2026-08-15,32.73.02.1004,Dago,kelurahan,no,-6.889,107.61,Asia/Jakarta,"BMKG point: Dago, Coblong, Kota Bandung",15-08-2026,ECMWF,Open-Meteo / ECMWF,05:00,2026-08-15 05:00:00,17.0,84.0,0.0,3.3,0.0,1.6658,Berawan,wmo:3
dago,"Dago, Bandung",2026-08-15,32.73.02.1004,Dago,kelurahan,no,-6.889,107.61,Asia/Jakarta,"BMKG point: Dago, Coblong, Kota Bandung",15-08-2026,ECMWF,Open-Meteo / ECMWF,06:00,2026-08-15 06:00:00,16.9,85.0,0.0,3.8,0.0,1.6658,Berawan,wmo:3
dago,"Dago, Bandung",2026-08-15,32.73.02.1004,Dago,kelurahan,no,-6.889,107.61,Asia/Jakarta,"BMKG point: Dago, Coblong, Kota Bandung",15-08-2026,ECMWF,Open-Meteo / ECMWF,07:00,2026-08-15 07:00:00,17.7,83.0,0.0,3.6,0.0,1.6658,Berawan,wmo:3
dago,"Dago, Bandung",2026-08-15,32.73.02.1004,Dago,kelurahan,no,-6.889,107.61,Asia/Jakarta,"BMKG point: Dago, Coblong, Kota Bandung",15-08-2026,ECMWF,Open-Meteo / ECMWF,08:00,2026-08-15 08:00:00,20.2,75.0,0.0,3.7,0.0,1.6658,Berawan,wmo:3
dago,"Dago, Bandung",2026-08-15,32.73.02.1004,Dago,kelurahan,no,-6.889,107.61,Asia/Jakarta,"BMKG point: Dago, Coblong, Kota Bandung",15-08-2026,ECMWF,Open-Meteo / ECMWF,09:00,2026-08-15 09:00:00,23.6,63.0,0.0,4.8,0.0,1.6658,Berawan,wmo:3
dago,"Dago, Bandung",2026-08-15,32.73.02.1004,Dago,kelurahan,no,-6.889,107.61,Asia/Jakarta,"BMKG point: Dago, Coblong, Kota Bandung",15-08-2026,ECMWF,Open-Meteo / ECMWF,10:00,2026-08-15 10:00:00,26.4,54.0,0.0,5.4,0.0,1.6658,Berawan,wmo:3
dago,"Dago, Bandung",2026-08-15,32.73.02.1004,Dago,kelurahan,no,-6.889,107.61,Asia/Jakarta,"BMKG point: Dago, Coblong, Kota Bandung",15-08-2026,ECMWF,Open-Meteo / ECMWF,11:00,2026-08-15 11:00:00,28.0,48.0,0.0,4.6,0.0,1.6658,Berawan,wmo:3
dago,"Dago, Bandung",2026-08-15,32.73.02.1004,Dago,kelurahan,no,-6.889,107.61,Asia/Jakarta,"BMKG point: Dago, Coblong, Kota Bandung",15-08-2026,ECMWF,Open-Meteo / ECMWF,12:00,2026-08-15 12:00:00,29.0,44.0,0.0,6.9,0.0,1.6658,Berawan,wmo:3
dago,"Dago, Bandung",2026-08-15,32.73.02.1004,Dago,kelurahan,no,-6.889,107.61,Asia/Jakarta,"BMKG point: Dago, Coblong, Kota Bandung",15-08-2026,ECMWF,Open-Meteo / ECMWF,13:00,2026-08-15 13:00:00,29.5,42.0,0.0,10.0,0.0,1.6658,Berawan,wmo:3
dago,"Dago, Bandung",2026-08-15,32.73.02.1004,Dago,kelurahan,no,-6.889,107.61,Asia/Jakarta,"BMKG point: Dago, Coblong, Kota Bandung",15-08-2026,ECMWF,Open-Meteo / ECMWF,14:00,2026-08-15 14:00:00,29.5,42.0,0.0,11.6,0.0,1.6658,Berawan,wmo:3
dago,"Dago, Bandung",2026-08-15,32.73.02.1004,Dago,kelurahan,no,-6.889,107.61,Asia/Jakarta,"BMKG point: Dago, Coblong, Kota Bandung",15-08-2026,ECMWF,Open-Meteo / ECMWF,15:00,2026-08-15 15:00:00,29.0,43.0,0.0,12.4,0.0,1.6658,Cerah Berawan,wmo:2
dago,"Dago, Bandung",2026-08-15,32.73.02.1004,Dago,kelurahan,no,-6.889,107.61,Asia/Jakarta,"BMKG point: Dago, Coblong, Kota Bandung",15-08-2026,ECMWF,Open-Meteo / ECMWF,16:00,2026-08-15 16:00:00,28.1,47.0,0.0,11.8,0.0,1.6658,Cerah Berawan,wmo:2
dago,"Dago, Bandung",2026-08-15,32.73.02.1004,Dago,kelurahan,no,-6.889,107.61,Asia/Jakarta,"BMKG point: Dago, Coblong, Kota Bandung",15-08-2026,ECMWF,Open-Meteo / ECMWF,17:00,2026-08-15 17:00:00,26.6,54.0,0.0,9.1,0.0,1.6658,Cerah Berawan,wmo:2
dago,"Dago, Bandung",2026-08-15,32.73.02.1004,Dago,kelurahan,no,-6.889,107.61,Asia/Jakarta,"BMKG point: Dago, Coblong, Kota Bandung",15-08-2026,ECMWF,Open-Meteo / ECMWF,18:00,2026-08-15 18:00:00,24.7,62.0,0.0,7.6,0.0,1.6658,Cerah Berawan,wmo:2
dago,"Dago, Bandung",2026-08-15,32.73.02.1004,Dago,kelurahan,no,-6.889,107.61,Asia/Jakarta,"BMKG point: Dago, Coblong, Kota Bandung",15-08-2026,ECMWF,Open-Meteo / ECMWF,19:00,2026-08-15 19:00:00,23.1,69.0,0.0,8.3,0.0,1.6658,Berawan,wmo:3
dago,"Dago, Bandung",2026-08-15,32.73.02.1004,Dago,kelurahan,no,-6.889,107.61,Asia/Jakarta,"BMKG point: Dago, Coblong, Kota Bandung",15-08-2026,ECMWF,Open-Meteo / ECMWF,20:00,2026-08-15 20:00:00,22.2,73.0,0.0,7.9,0.0,1.6658,Berawan,wmo:3
dago,"Dago, Bandung",2026-08-15,32.73.02.1004,Dago,kelurahan,no,-6.889,107.61,Asia/Jakarta,"BMKG point: Dago, Coblong, Kota Bandung",15-08-2026,ECMWF,Open-Meteo / ECMWF,21:00,2026-08-15 21:00:00,21.7,74.0,0.0,5.9,0.0,1.6658,Berawan,wmo:3
dago,"Dago, Bandung",2026-08-15,32.73.02.1004,Dago,kelurahan,no,-6.889,107.61,Asia/Jakarta,"BMKG point: Dago, Coblong, Kota Bandung",15-08-2026,ECMWF,Open-Meteo / ECMWF,22:00,2026-08-15 22:00:00,21.1,76.0,0.0,4.1,0.0,1.6658,Berawan,wmo:3
dago,"Dago, Bandung",2026-08-15,32.73.02.1004,Dago,kelurahan,no,-6.889,107.61,Asia/Jakarta,"BMKG point: Dago, Coblong, Kota Bandung",15-08-2026,ECMWF,Open-Meteo / ECMWF,23:00,2026-08-15 23:00:00,20.4,78.0,0.0,3.1,0.0,1.6658,Berawan,wmo:3
dago,"Dago, Bandung",2026-08-15,32.73.02.1004,Dago,kelurahan,no,-6.889,107.61,Asia/Jakarta,"BMKG point: Dago, Coblong, Kota Bandung",15-08-2026,GFS,Open-Meteo / NOAA GFS,00:00,2026-08-15 00:00:00,19.5,89.0,0.0,2.2,0.0,1.3627,Cerah,wmo:0
dago,"Dago, Bandung",2026-08-15,32.73.02.1004,Dago,kelurahan,no,-6.889,107.61,Asia/Jakarta,"BMKG point: Dago, Coblong, Kota Bandung",15-08-2026,GFS,Open-Meteo / NOAA GFS,01:00,2026-08-15 01:00:00,19.2,90.0,0.0,2.5,0.0,1.3627,Cerah Berawan,wmo:2
dago,"Dago, Bandung",2026-08-15,32.73.02.1004,Dago,kelurahan,no,-6.889,107.61,Asia/Jakarta,"BMKG point: Dago, Coblong, Kota Bandung",15-08-2026,GFS,Open-Meteo / NOAA GFS,02:00,2026-08-15 02:00:00,19.0,91.0,0.0,2.4,0.0,1.3627,Cerah,wmo:0
dago,"Dago, Bandung",2026-08-15,32.73.02.1004,Dago,kelurahan,no,-6.889,107.61,Asia/Jakarta,"BMKG point: Dago, Coblong, Kota Bandung",15-08-2026,GFS,Open-Meteo / NOAA GFS,03:00,2026-08-15 03:00:00,18.9,91.0,0.0,4.6,0.0,1.3627,Cerah Berawan,wmo:2
dago,"Dago, Bandung",2026-08-15,32.73.02.1004,Dago,kelurahan,no,-6.889,107.61,Asia/Jakarta,"BMKG point: Dago, Coblong, Kota Bandung",15-08-2026,GFS,Open-Meteo / NOAA GFS,04:00,2026-08-15 04:00:00,18.7,91.0,0.0,5.9,0.0,1.3627,Cerah,wmo:0
dago,"Dago, Bandung",2026-08-15,32.73.02.1004,Dago,kelurahan,no,-6.889,107.61,Asia/Jakarta,"BMKG point: Dago, Coblong, Kota Bandung",15-08-2026,GFS,Open-Meteo / NOAA GFS,05:00,2026-08-15 05:00:00,18.4,91.0,0.0,7.4,0.0,1.3627,Cerah,wmo:0
dago,"Dago, Bandung",2026-08-15,32.73.02.1004,Dago,kelurahan,no,-6.889,107.61,Asia/Jakarta,"BMKG point: Dago, Coblong, Kota Bandung",15-08-2026,GFS,Open-Meteo / NOAA GFS,06:00,2026-08-15 06:00:00,18.1,91.0,0.0,8.4,0.0,1.3627,Cerah,wmo:0
dago,"Dago, Bandung",2026-08-15,32.73.02.1004,Dago,kelurahan,no,-6.889,107.61,Asia/Jakarta,"BMKG point: Dago, Coblong, Kota Bandung",15-08-2026,GFS,Open-Meteo / NOAA GFS,07:00,2026-08-15 07:00:00,19.9,82.0,0.0,7.7,0.0,1.3627,Cerah,wmo:0
dago,"Dago, Bandung",2026-08-15,32.73.02.1004,Dago,kelurahan,no,-6.889,107.61,Asia/Jakarta,"BMKG point: Dago, Coblong, Kota Bandung",15-08-2026,GFS,Open-Meteo / NOAA GFS,08:00,2026-08-15 08:00:00,22.7,71.0,0.0,6.9,0.0,1.3627,Cerah,wmo:0
dago,"Dago, Bandung",2026-08-15,32.73.02.1004,Dago,kelurahan,no,-6.889,107.61,Asia/Jakarta,"BMKG point: Dago, Coblong, Kota Bandung",15-08-2026,GFS,Open-Meteo / NOAA GFS,09:00,2026-08-15 09:00:00,25.5,61.0,0.0,3.9,0.0,1.3627,Cerah Berawan,wmo:1
dago,"Dago, Bandung",2026-08-15,32.73.02.1004,Dago,kelurahan,no,-6.889,107.61,Asia/Jakarta,"BMKG point: Dago, Coblong, Kota Bandung",15-08-2026,GFS,Open-Meteo / NOAA GFS,10:00,2026-08-15 10:00:00,28.0,53.0,0.0,2.6,0.0,1.3627,Berawan,wmo:3
dago,"Dago, Bandung",2026-08-15,32.73.02.1004,Dago,kelurahan,no,-6.889,107.61,Asia/Jakarta,"BMKG point: Dago, Coblong, Kota Bandung",15-08-2026,GFS,Open-Meteo / NOAA GFS,11:00,2026-08-15 11:00:00,29.4,47.0,0.0,7.7,0.0,1.3627,Cerah Berawan,wmo:1
dago,"Dago, Bandung",2026-08-15,32.73.02.1004,Dago,kelurahan,no,-6.889,107.61,Asia/Jakarta,"BMKG point: Dago, Coblong, Kota Bandung",15-08-2026,GFS,Open-Meteo / NOAA GFS,12:00,2026-08-15 12:00:00,30.8,42.0,0.0,12.6,0.0,1.3627,Cerah Berawan,wmo:1
dago,"Dago, Bandung",2026-08-15,32.73.02.1004,Dago,kelurahan,no,-6.889,107.61,Asia/Jakarta,"BMKG point: Dago, Coblong, Kota Bandung",15-08-2026,GFS,Open-Meteo / NOAA GFS,13:00,2026-08-15 13:00:00,31.2,40.0,0.0,18.6,0.0,1.3627,Cerah Berawan,wmo:2
dago,"Dago, Bandung",2026-08-15,32.73.02.1004,Dago,kelurahan,no,-6.889,107.61,Asia/Jakarta,"BMKG point: Dago, Coblong, Kota Bandung",15-08-2026,GFS,Open-Meteo / NOAA GFS,14:00,2026-08-15 14:00:00,29.2,43.0,0.0,19.5,0.0,1.3627,Berawan,wmo:3
dago,"Dago, Bandung",2026-08-15,32.73.02.1004,Dago,kelurahan,no,-6.889,107.61,Asia/Jakarta,"BMKG point: Dago, Coblong, Kota Bandung",15-08-2026,GFS,Open-Meteo / NOAA GFS,15:00,2026-08-15 15:00:00,27.6,49.0,0.0,11.4,0.0,1.3627,Berawan,wmo:3
dago,"Dago, Bandung",2026-08-15,32.73.02.1004,Dago,kelurahan,no,-6.889,107.61,Asia/Jakarta,"BMKG point: Dago, Coblong, Kota Bandung",15-08-2026,GFS,Open-Meteo / NOAA GFS,16:00,2026-08-15 16:00:00,26.2,56.0,0.0,12.7,0.0,1.3627,Berawan,wmo:3
dago,"Dago, Bandung",2026-08-15,32.73.02.1004,Dago,kelurahan,no,-6.889,107.61,Asia/Jakarta,"BMKG point: Dago, Coblong, Kota Bandung",15-08-2026,GFS,Open-Meteo / NOAA GFS,17:00,2026-08-15 17:00:00,24.4,67.0,0.1,10.2,0.0,1.3627,Hujan Ringan,wmo:51
dago,"Dago, Bandung",2026-08-15,32.73.02.1004,Dago,kelurahan,no,-6.889,107.61,Asia/Jakarta,"BMKG point: Dago, Coblong, Kota Bandung",15-08-2026,GFS,Open-Meteo / NOAA GFS,18:00,2026-08-15 18:00:00,23.0,75.0,0.3,8.0,0.0,1.3627,Hujan Ringan,wmo:51
dago,"Dago, Bandung",2026-08-15,32.73.02.1004,Dago,kelurahan,no,-6.889,107.61,Asia/Jakarta,"BMKG point: Dago, Coblong, Kota Bandung",15-08-2026,GFS,Open-Meteo / NOAA GFS,19:00,2026-08-15 19:00:00,22.3,79.0,0.1,6.5,0.0,1.3627,Hujan Ringan,wmo:51
dago,"Dago, Bandung",2026-08-15,32.73.02.1004,Dago,kelurahan,no,-6.889,107.61,Asia/Jakarta,"BMKG point: Dago, Coblong, Kota Bandung",15-08-2026,GFS,Open-Meteo / NOAA GFS,20:00,2026-08-15 20:00:00,21.9,83.0,0.2,3.7,0.0,1.3627,Hujan Ringan,wmo:51
dago,"Dago, Bandung",2026-08-15,32.73.02.1004,Dago,kelurahan,no,-6.889,107.61,Asia/Jakarta,"BMKG point: Dago, Coblong, Kota Bandung",15-08-2026,GFS,Open-Meteo / NOAA GFS,21:00,2026-08-15 21:00:00,21.9,83.0,0.0,1.4,0.0,1.3627,Berawan,wmo:3
dago,"Dago, Bandung",2026-08-15,32.73.02.1004,Dago,kelurahan,no,-6.889,107.61,Asia/Jakarta,"BMKG point: Dago, Coblong, Kota Bandung",15-08-2026,GFS,Open-Meteo / NOAA GFS,22:00,2026-08-15 22:00:00,21.8,84.0,0.0,2.5,0.0,1.3627,Berawan,wmo:3
dago,"Dago, Bandung",2026-08-15,32.73.02.1004,Dago,kelurahan,no,-6.889,107.61,Asia/Jakarta,"BMKG point: Dago, Coblong, Kota Bandung",15-08-2026,GFS,Open-Meteo / NOAA GFS,23:00,2026-08-15 23:00:00,20.3,89.0,0.0,1.8,0.0,1.3627,Berawan,wmo:3
dago,"Dago, Bandung",2026-08-15,32.73.02.1004,Dago,kelurahan,no,-6.889,107.61,Asia/Jakarta,"BMKG point: Dago, Coblong, Kota Bandung",15-08-2026,ICON,Open-Meteo / DWD ICON,00:00,2026-08-15 00:00:00,21.9,82.0,0.0,2.6,0.0,1.4666,Cerah Berawan,wmo:2
dago,"Dago, Bandung",2026-08-15,32.73.02.1004,Dago,kelurahan,no,-6.889,107.61,Asia/Jakarta,"BMKG point: Dago, Coblong, Kota Bandung",15-08-2026,ICON,Open-Meteo / DWD ICON,01:00,2026-08-15 01:00:00,21.5,85.0,0.0,2.9,0.0,1.4666,Cerah Berawan,wmo:2
dago,"Dago, Bandung",2026-08-15,32.73.02.1004,Dago,kelurahan,no,-6.889,107.61,Asia/Jakarta,"BMKG point: Dago, Coblong, Kota Bandung",15-08-2026,ICON,Open-Meteo / DWD ICON,02:00,2026-08-15 02:00:00,20.9,87.0,0.0,2.6,0.0,1.4666,Cerah Berawan,wmo:2
dago,"Dago, Bandung",2026-08-15,32.73.02.1004,Dago,kelurahan,no,-6.889,107.61,Asia/Jakarta,"BMKG point: Dago, Coblong, Kota Bandung",15-08-2026,ICON,Open-Meteo / DWD ICON,03:00,2026-08-15 03:00:00,20.3,88.0,0.0,2.3,0.0,1.4666,Cerah Berawan,wmo:2
dago,"Dago, Bandung",2026-08-15,32.73.02.1004,Dago,kelurahan,no,-6.889,107.61,Asia/Jakarta,"BMKG point: Dago, Coblong, Kota Bandung",15-08-2026,ICON,Open-Meteo / DWD ICON,04:00,2026-08-15 04:00:00,19.6,91.0,0.0,2.5,0.0,1.4666,Cerah Berawan,wmo:2
dago,"Dago, Bandung",2026-08-15,32.73.02.1004,Dago,kelurahan,no,-6.889,107.61,Asia/Jakarta,"BMKG point: Dago, Coblong, Kota Bandung",15-08-2026,ICON,Open-Meteo / DWD ICON,05:00,2026-08-15 05:00:00,18.9,93.0,0.0,2.5,0.0,1.4666,Cerah Berawan,wmo:2
dago,"Dago, Bandung",2026-08-15,32.73.02.1004,Dago,kelurahan,no,-6.889,107.61,Asia/Jakarta,"BMKG point: Dago, Coblong, Kota Bandung",15-08-2026,ICON,Open-Meteo / DWD ICON,06:00,2026-08-15 06:00:00,18.3,94.0,0.0,2.6,0.0,1.4666,Cerah Berawan,wmo:2
dago,"Dago, Bandung",2026-08-15,32.73.02.1004,Dago,kelurahan,no,-6.889,107.61,Asia/Jakarta,"BMKG point: Dago, Coblong, Kota Bandung",15-08-2026,ICON,Open-Meteo / DWD ICON,07:00,2026-08-15 07:00:00,19.2,88.0,0.0,2.8,0.0,1.4666,Cerah Berawan,wmo:2
dago,"Dago, Bandung",2026-08-15,32.73.02.1004,Dago,kelurahan,no,-6.889,107.61,Asia/Jakarta,"BMKG point: Dago, Coblong, Kota Bandung",15-08-2026,ICON,Open-Meteo / DWD ICON,08:00,2026-08-15 08:00:00,22.5,72.0,0.0,3.7,0.0,1.4666,Cerah Berawan,wmo:1
dago,"Dago, Bandung",2026-08-15,32.73.02.1004,Dago,kelurahan,no,-6.889,107.61,Asia/Jakarta,"BMKG point: Dago, Coblong, Kota Bandung",15-08-2026,ICON,Open-Meteo / DWD ICON,09:00,2026-08-15 09:00:00,24.7,65.0,0.0,3.4,0.0,1.4666,Cerah Berawan,wmo:1
dago,"Dago, Bandung",2026-08-15,32.73.02.1004,Dago,kelurahan,no,-6.889,107.61,Asia/Jakarta,"BMKG point: Dago, Coblong, Kota Bandung",15-08-2026,ICON,Open-Meteo / DWD ICON,10:00,2026-08-15 10:00:00,26.8,57.0,0.0,1.6,0.0,1.4666,Cerah Berawan,wmo:1
dago,"Dago, Bandung",2026-08-15,32.73.02.1004,Dago,kelurahan,no,-6.889,107.61,Asia/Jakarta,"BMKG point: Dago, Coblong, Kota Bandung",15-08-2026,ICON,Open-Meteo / DWD ICON,11:00,2026-08-15 11:00:00,28.7,47.0,0.0,0.8,0.0,1.4666,Cerah Berawan,wmo:2
dago,"Dago, Bandung",2026-08-15,32.73.02.1004,Dago,kelurahan,no,-6.889,107.61,Asia/Jakarta,"BMKG point: Dago, Coblong, Kota Bandung",15-08-2026,ICON,Open-Meteo / DWD ICON,12:00,2026-08-15 12:00:00,29.8,43.0,0.0,2.4,0.0,1.4666,Cerah Berawan,wmo:2
dago,"Dago, Bandung",2026-08-15,32.73.02.1004,Dago,kelurahan,no,-6.889,107.61,Asia/Jakarta,"BMKG point: Dago, Coblong, Kota Bandung",15-08-2026,ICON,Open-Meteo / DWD ICON,13:00,2026-08-15 13:00:00,30.5,40.0,0.0,3.6,0.0,1.4666,Cerah Berawan,wmo:2
dago,"Dago, Bandung",2026-08-15,32.73.02.1004,Dago,kelurahan,no,-6.889,107.61,Asia/Jakarta,"BMKG point: Dago, Coblong, Kota Bandung",15-08-2026,ICON,Open-Meteo / DWD ICON,14:00,2026-08-15 14:00:00,30.5,40.0,0.0,4.3,0.0,1.4666,Cerah Berawan,wmo:2
dago,"Dago, Bandung",2026-08-15,32.73.02.1004,Dago,kelurahan,no,-6.889,107.61,Asia/Jakarta,"BMKG point: Dago, Coblong, Kota Bandung",15-08-2026,ICON,Open-Meteo / DWD ICON,15:00,2026-08-15 15:00:00,30.6,39.0,0.0,4.5,0.0,1.4666,Cerah Berawan,wmo:2
dago,"Dago, Bandung",2026-08-15,32.73.02.1004,Dago,kelurahan,no,-6.889,107.61,Asia/Jakarta,"BMKG point: Dago, Coblong, Kota Bandung",15-08-2026,ICON,Open-Meteo / DWD ICON,16:00,2026-08-15 16:00:00,30.2,40.0,0.0,5.8,0.0,1.4666,Berawan,wmo:3
dago,"Dago, Bandung",2026-08-15,32.73.02.1004,Dago,kelurahan,no,-6.889,107.61,Asia/Jakarta,"BMKG point: Dago, Coblong, Kota Bandung",15-08-2026,ICON,Open-Meteo / DWD ICON,17:00,2026-08-15 17:00:00,29.5,42.0,0.0,4.7,0.0,1.4666,Cerah Berawan,wmo:2
dago,"Dago, Bandung",2026-08-15,32.73.02.1004,Dago,kelurahan,no,-6.889,107.61,Asia/Jakarta,"BMKG point: Dago, Coblong, Kota Bandung",15-08-2026,ICON,Open-Meteo / DWD ICON,18:00,2026-08-15 18:00:00,28.2,47.0,0.0,4.8,0.0,1.4666,Cerah Berawan,wmo:2
dago,"Dago, Bandung",2026-08-15,32.73.02.1004,Dago,kelurahan,no,-6.889,107.61,Asia/Jakarta,"BMKG point: Dago, Coblong, Kota Bandung",15-08-2026,ICON,Open-Meteo / DWD ICON,19:00,2026-08-15 19:00:00,26.4,58.0,0.0,2.4,0.0,1.4666,Cerah Berawan,wmo:2
dago,"Dago, Bandung",2026-08-15,32.73.02.1004,Dago,kelurahan,no,-6.889,107.61,Asia/Jakarta,"BMKG point: Dago, Coblong, Kota Bandung",15-08-2026,ICON,Open-Meteo / DWD ICON,20:00,2026-08-15 20:00:00,25.5,65.0,0.0,1.4,0.0,1.4666,Cerah Berawan,wmo:2
dago,"Dago, Bandung",2026-08-15,32.73.02.1004,Dago,kelurahan,no,-6.889,107.61,Asia/Jakarta,"BMKG point: Dago, Coblong, Kota Bandung",15-08-2026,ICON,Open-Meteo / DWD ICON,21:00,2026-08-15 21:00:00,24.2,72.0,0.0,2.6,0.0,1.4666,Cerah Berawan,wmo:2
dago,"Dago, Bandung",2026-08-15,32.73.02.1004,Dago,kelurahan,no,-6.889,107.61,Asia/Jakarta,"BMKG point: Dago, Coblong, Kota Bandung",15-08-2026,ICON,Open-Meteo / DWD ICON,22:00,2026-08-15 22:00:00,23.0,79.0,0.0,2.3,0.0,1.4666,Cerah Berawan,wmo:2
dago,"Dago, Bandung",2026-08-15,32.73.02.1004,Dago,kelurahan,no,-6.889,107.61,Asia/Jakarta,"BMKG point: Dago, Coblong, Kota Bandung",15-08-2026,ICON,Open-Meteo / DWD ICON,23:00,2026-08-15 23:00:00,22.2,83.0,0.0,2.4,0.0,1.4666,Cerah Berawan,wmo:2
dago,"Dago, Bandung",2026-08-15,32.73.02.1004,Dago,kelurahan,no,-6.889,107.61,Asia/Jakarta,"BMKG point: Dago, Coblong, Kota Bandung",15-08-2026,KMA,Open-Meteo / KMA,00:00,2026-08-15 00:00:00,,,,,0.0,0.5439,Berawan,wmo:None
dago,"Dago, Bandung",2026-08-15,32.73.02.1004,Dago,kelurahan,no,-6.889,107.61,Asia/Jakarta,"BMKG point: Dago, Coblong, Kota Bandung",15-08-2026,KMA,Open-Meteo / KMA,01:00,2026-08-15 01:00:00,,,,,0.0,0.5439,Berawan,wmo:None
dago,"Dago, Bandung",2026-08-15,32.73.02.1004,Dago,kelurahan,no,-6.889,107.61,Asia/Jakarta,"BMKG point: Dago, Coblong, Kota Bandung",15-08-2026,KMA,Open-Meteo / KMA,02:00,2026-08-15 02:00:00,,,,,0.0,0.5439,Berawan,wmo:None
dago,"Dago, Bandung",2026-08-15,32.73.02.1004,Dago,kelurahan,no,-6.889,107.61,Asia/Jakarta,"BMKG point: Dago, Coblong, Kota Bandung",15-08-2026,KMA,Open-Meteo / KMA,03:00,2026-08-15 03:00:00,,,,,0.0,0.5439,Berawan,wmo:None
dago,"Dago, Bandung",2026-08-15,32.73.02.1004,Dago,kelurahan,no,-6.889,107.61,Asia/Jakarta,"BMKG point: Dago, Coblong, Kota Bandung",15-08-2026,KMA,Open-Meteo / KMA,04:00,2026-08-15 04:00:00,,,,,0.0,0.5439,Berawan,wmo:None
dago,"Dago, Bandung",2026-08-15,32.73.02.1004,Dago,kelurahan,no,-6.889,107.61,Asia/Jakarta,"BMKG point: Dago, Coblong, Kota Bandung",15-08-2026,KMA,Open-Meteo / KMA,05:00,2026-08-15 05:00:00,,,,,0.0,0.5439,Berawan,wmo:None
dago,"Dago, Bandung",2026-08-15,32.73.02.1004,Dago,kelurahan,no,-6.889,107.61,Asia/Jakarta,"BMKG point: Dago, Coblong, Kota Bandung",15-08-2026,KMA,Open-Meteo / KMA,06:00,2026-08-15 06:00:00,,,,,0.0,0.5439,Berawan,wmo:None
dago,"Dago, Bandung",2026-08-15,32.73.02.1004,Dago,kelurahan,no,-6.889,107.61,Asia/Jakarta,"BMKG point: Dago, Coblong, Kota Bandung",15-08-2026,KMA,Open-Meteo / KMA,07:00,2026-08-15 07:00:00,,,,,0.0,0.5439,Berawan,wmo:None
dago,"Dago, Bandung",2026-08-15,32.73.02.1004,Dago,kelurahan,no,-6.889,107.61,Asia/Jakarta,"BMKG point: Dago, Coblong, Kota Bandung",15-08-2026,KMA,Open-Meteo / KMA,08:00,2026-08-15 08:00:00,,,,,0.0,0.5439,Berawan,wmo:None
dago,"Dago, Bandung",2026-08-15,32.73.02.1004,Dago,kelurahan,no,-6.889,107.61,Asia/Jakarta,"BMKG point: Dago, Coblong, Kota Bandung",15-08-2026,KMA,Open-Meteo / KMA,09:00,2026-08-15 09:00:00,,,,,0.0,0.5439,Berawan,wmo:None
dago,"Dago, Bandung",2026-08-15,32.73.02.1004,Dago,kelurahan,no,-6.889,107.61,Asia/Jakarta,"BMKG point: Dago, Coblong, Kota Bandung",15-08-2026,KMA,Open-Meteo / KMA,10:00,2026-08-15 10:00:00,,,,,0.0,0.5439,Berawan,wmo:None
dago,"Dago, Bandung",2026-08-15,32.73.02.1004,Dago,kelurahan,no,-6.889,107.61,Asia/Jakarta,"BMKG point: Dago, Coblong, Kota Bandung",15-08-2026,KMA,Open-Meteo / KMA,11:00,2026-08-15 11:00:00,,,,,0.0,0.5439,Berawan,wmo:None
dago,"Dago, Bandung",2026-08-15,32.73.02.1004,Dago,kelurahan,no,-6.889,107.61,Asia/Jakarta,"BMKG point: Dago, Coblong, Kota Bandung",15-08-2026,KMA,Open-Meteo / KMA,12:00,2026-08-15 12:00:00,,,,,0.0,0.5439,Berawan,wmo:None
dago,"Dago, Bandung",2026-08-15,32.73.02.1004,Dago,kelurahan,no,-6.889,107.61,Asia/Jakarta,"BMKG point: Dago, Coblong, Kota Bandung",15-08-2026,KMA,Open-Meteo / KMA,13:00,2026-08-15 13:00:00,,,,,0.0,0.5439,Berawan,wmo:None
dago,"Dago, Bandung",2026-08-15,32.73.02.1004,Dago,kelurahan,no,-6.889,107.61,Asia/Jakarta,"BMKG point: Dago, Coblong, Kota Bandung",15-08-2026,KMA,Open-Meteo / KMA,14:00,2026-08-15 14:00:00,,,,,0.0,0.5439,Berawan,wmo:None
dago,"Dago, Bandung",2026-08-15,32.73.02.1004,Dago,kelurahan,no,-6.889,107.61,Asia/Jakarta,"BMKG point: Dago, Coblong, Kota Bandung",15-08-2026,KMA,Open-Meteo / KMA,15:00,2026-08-15 15:00:00,,,,,0.0,0.5439,Berawan,wmo:None
dago,"Dago, Bandung",2026-08-15,32.73.02.1004,Dago,kelurahan,no,-6.889,107.61,Asia/Jakarta,"BMKG point: Dago, Coblong, Kota Bandung",15-08-2026,KMA,Open-Meteo / KMA,16:00,2026-08-15 16:00:00,,,,,0.0,0.5439,Berawan,wmo:None
dago,"Dago, Bandung",2026-08-15,32.73.02.1004,Dago,kelurahan,no,-6.889,107.61,Asia/Jakarta,"BMKG point: Dago, Coblong, Kota Bandung",15-08-2026,KMA,Open-Meteo / KMA,17:00,2026-08-15 17:00:00,,,,,0.0,0.5439,Berawan,wmo:None
dago,"Dago, Bandung",2026-08-15,32.73.02.1004,Dago,kelurahan,no,-6.889,107.61,Asia/Jakarta,"BMKG point: Dago, Coblong, Kota Bandung",15-08-2026,KMA,Open-Meteo / KMA,18:00,2026-08-15 18:00:00,,,,,0.0,0.5439,Berawan,wmo:None
dago,"Dago, Bandung",2026-08-15,32.73.02.1004,Dago,kelurahan,no,-6.889,107.61,Asia/Jakarta,"BMKG point: Dago, Coblong, Kota Bandung",15-08-2026,KMA,Open-Meteo / KMA,19:00,2026-08-15 19:00:00,,,,,0.0,0.5439,Berawan,wmo:None
dago,"Dago, Bandung",2026-08-15,32.73.02.1004,Dago,kelurahan,no,-6.889,107.61,Asia/Jakarta,"BMKG point: Dago, Coblong, Kota Bandung",15-08-2026,KMA,Open-Meteo / KMA,20:00,2026-08-15 20:00:00,,,,,0.0,0.5439,Berawan,wmo:None
dago,"Dago, Bandung",2026-08-15,32.73.02.1004,Dago,kelurahan,no,-6.889,107.61,Asia/Jakarta,"BMKG point: Dago, Coblong, Kota Bandung",15-08-2026,KMA,Open-Meteo / KMA,21:00,2026-08-15 21:00:00,,,,,0.0,0.5439,Berawan,wmo:None
dago,"Dago, Bandung",2026-08-15,32.73.02.1004,Dago,kelurahan,no,-6.889,107.61,Asia/Jakarta,"BMKG point: Dago, Coblong, Kota Bandung",15-08-2026,KMA,Open-Meteo / KMA,22:00,2026-08-15 22:00:00,,,,,0.0,0.5439,Berawan,wmo:None
dago,"Dago, Bandung",2026-08-15,32.73.02.1004,Dago,kelurahan,no,-6.889,107.61,Asia/Jakarta,"BMKG point: Dago, Coblong, Kota Bandung",15-08-2026,KMA,Open-Meteo / KMA,23:00,2026-08-15 23:00:00,,,,,0.0,0.5439,Berawan,wmo:None
dago,"Dago, Bandung",2026-08-15,32.73.02.1004,Dago,kelurahan,no,-6.889,107.61,Asia/Jakarta,"BMKG point: Dago, Coblong, Kota Bandung",15-08-2026,METEOFRANCE,Open-Meteo / Meteo-France,00:00,2026-08-15 00:00:00,25.4,93.0,0.0,1.6,0.0,1.4897,Berawan,wmo:3
dago,"Dago, Bandung",2026-08-15,32.73.02.1004,Dago,kelurahan,no,-6.889,107.61,Asia/Jakarta,"BMKG point: Dago, Coblong, Kota Bandung",15-08-2026,METEOFRANCE,Open-Meteo / Meteo-France,01:00,2026-08-15 01:00:00,25.4,92.0,0.0,1.8,0.0,1.4897,Cerah Berawan,wmo:2
dago,"Dago, Bandung",2026-08-15,32.73.02.1004,Dago,kelurahan,no,-6.889,107.61,Asia/Jakarta,"BMKG point: Dago, Coblong, Kota Bandung",15-08-2026,METEOFRANCE,Open-Meteo / Meteo-France,02:00,2026-08-15 02:00:00,25.3,90.0,0.0,2.8,0.0,1.4897,Cerah Berawan,wmo:2
dago,"Dago, Bandung",2026-08-15,32.73.02.1004,Dago,kelurahan,no,-6.889,107.61,Asia/Jakarta,"BMKG point: Dago, Coblong, Kota Bandung",15-08-2026,METEOFRANCE,Open-Meteo / Meteo-France,03:00,2026-08-15 03:00:00,25.1,89.0,0.0,3.4,0.0,1.4897,Cerah Berawan,wmo:2
dago,"Dago, Bandung",2026-08-15,32.73.02.1004,Dago,kelurahan,no,-6.889,107.61,Asia/Jakarta,"BMKG point: Dago, Coblong, Kota Bandung",15-08-2026,METEOFRANCE,Open-Meteo / Meteo-France,04:00,2026-08-15 04:00:00,24.9,89.0,0.0,3.0,0.0,1.4897,Cerah Berawan,wmo:2
dago,"Dago, Bandung",2026-08-15,32.73.02.1004,Dago,kelurahan,no,-6.889,107.61,Asia/Jakarta,"BMKG point: Dago, Coblong, Kota Bandung",15-08-2026,METEOFRANCE,Open-Meteo / Meteo-France,05:00,2026-08-15 05:00:00,24.5,89.0,0.0,1.8,0.0,1.4897,Cerah Berawan,wmo:2
dago,"Dago, Bandung",2026-08-15,32.73.02.1004,Dago,kelurahan,no,-6.889,107.61,Asia/Jakarta,"BMKG point: Dago, Coblong, Kota Bandung",15-08-2026,METEOFRANCE,Open-Meteo / Meteo-France,06:00,2026-08-15 06:00:00,24.1,91.0,0.0,1.8,0.0,1.4897,Cerah Berawan,wmo:2
dago,"Dago, Bandung",2026-08-15,32.73.02.1004,Dago,kelurahan,no,-6.889,107.61,Asia/Jakarta,"BMKG point: Dago, Coblong, Kota Bandung",15-08-2026,METEOFRANCE,Open-Meteo / Meteo-France,07:00,2026-08-15 07:00:00,24.5,91.0,0.0,1.8,0.0,1.4897,Cerah Berawan,wmo:2
dago,"Dago, Bandung",2026-08-15,32.73.02.1004,Dago,kelurahan,no,-6.889,107.61,Asia/Jakarta,"BMKG point: Dago, Coblong, Kota Bandung",15-08-2026,METEOFRANCE,Open-Meteo / Meteo-France,08:00,2026-08-15 08:00:00,26.2,82.0,0.0,1.5,0.0,1.4897,Cerah Berawan,wmo:2
dago,"Dago, Bandung",2026-08-15,32.73.02.1004,Dago,kelurahan,no,-6.889,107.61,Asia/Jakarta,"BMKG point: Dago, Coblong, Kota Bandung",15-08-2026,METEOFRANCE,Open-Meteo / Meteo-France,09:00,2026-08-15 09:00:00,27.7,74.0,0.0,3.6,0.0,1.4897,Cerah Berawan,wmo:2
dago,"Dago, Bandung",2026-08-15,32.73.02.1004,Dago,kelurahan,no,-6.889,107.61,Asia/Jakarta,"BMKG point: Dago, Coblong, Kota Bandung",15-08-2026,METEOFRANCE,Open-Meteo / Meteo-France,10:00,2026-08-15 10:00:00,29.5,64.0,0.0,5.4,0.0,1.4897,Cerah Berawan,wmo:2
dago,"Dago, Bandung",2026-08-15,32.73.02.1004,Dago,kelurahan,no,-6.889,107.61,Asia/Jakarta,"BMKG point: Dago, Coblong, Kota Bandung",15-08-2026,METEOFRANCE,Open-Meteo / Meteo-France,11:00,2026-08-15 11:00:00,31.3,55.0,0.0,8.4,0.0,1.4897,Cerah Berawan,wmo:2
dago,"Dago, Bandung",2026-08-15,32.73.02.1004,Dago,kelurahan,no,-6.889,107.61,Asia/Jakarta,"BMKG point: Dago, Coblong, Kota Bandung",15-08-2026,METEOFRANCE,Open-Meteo / Meteo-France,12:00,2026-08-15 12:00:00,32.4,51.0,0.0,10.7,0.0,1.4897,Cerah Berawan,wmo:2
dago,"Dago, Bandung",2026-08-15,32.73.02.1004,Dago,kelurahan,no,-6.889,107.61,Asia/Jakarta,"BMKG point: Dago, Coblong, Kota Bandung",15-08-2026,METEOFRANCE,Open-Meteo / Meteo-France,13:00,2026-08-15 13:00:00,32.9,50.0,0.0,12.3,0.0,1.4897,Cerah Berawan,wmo:2
dago,"Dago, Bandung",2026-08-15,32.73.02.1004,Dago,kelurahan,no,-6.889,107.61,Asia/Jakarta,"BMKG point: Dago, Coblong, Kota Bandung",15-08-2026,METEOFRANCE,Open-Meteo / Meteo-France,14:00,2026-08-15 14:00:00,32.9,51.0,0.0,13.1,0.0,1.4897,Berawan,wmo:3
dago,"Dago, Bandung",2026-08-15,32.73.02.1004,Dago,kelurahan,no,-6.889,107.61,Asia/Jakarta,"BMKG point: Dago, Coblong, Kota Bandung",15-08-2026,METEOFRANCE,Open-Meteo / Meteo-France,15:00,2026-08-15 15:00:00,31.9,54.0,0.0,13.0,0.0,1.4897,Cerah Berawan,wmo:2
dago,"Dago, Bandung",2026-08-15,32.73.02.1004,Dago,kelurahan,no,-6.889,107.61,Asia/Jakarta,"BMKG point: Dago, Coblong, Kota Bandung",15-08-2026,METEOFRANCE,Open-Meteo / Meteo-France,16:00,2026-08-15 16:00:00,31.4,57.0,0.0,11.4,0.0,1.4897,Cerah Berawan,wmo:2
dago,"Dago, Bandung",2026-08-15,32.73.02.1004,Dago,kelurahan,no,-6.889,107.61,Asia/Jakarta,"BMKG point: Dago, Coblong, Kota Bandung",15-08-2026,METEOFRANCE,Open-Meteo / Meteo-France,17:00,2026-08-15 17:00:00,30.4,59.0,0.0,9.9,0.0,1.4897,Cerah Berawan,wmo:2
dago,"Dago, Bandung",2026-08-15,32.73.02.1004,Dago,kelurahan,no,-6.889,107.61,Asia/Jakarta,"BMKG point: Dago, Coblong, Kota Bandung",15-08-2026,METEOFRANCE,Open-Meteo / Meteo-France,18:00,2026-08-15 18:00:00,29.4,62.0,0.0,8.6,0.0,1.4897,Cerah Berawan,wmo:2
dago,"Dago, Bandung",2026-08-15,32.73.02.1004,Dago,kelurahan,no,-6.889,107.61,Asia/Jakarta,"BMKG point: Dago, Coblong, Kota Bandung",15-08-2026,METEOFRANCE,Open-Meteo / Meteo-France,19:00,2026-08-15 19:00:00,28.4,67.0,0.0,7.4,0.0,1.4897,Cerah Berawan,wmo:2
dago,"Dago, Bandung",2026-08-15,32.73.02.1004,Dago,kelurahan,no,-6.889,107.61,Asia/Jakarta,"BMKG point: Dago, Coblong, Kota Bandung",15-08-2026,METEOFRANCE,Open-Meteo / Meteo-France,20:00,2026-08-15 20:00:00,27.5,76.0,0.0,6.2,0.0,1.4897,Berawan,wmo:3
dago,"Dago, Bandung",2026-08-15,32.73.02.1004,Dago,kelurahan,no,-6.889,107.61,Asia/Jakarta,"BMKG point: Dago, Coblong, Kota Bandung",15-08-2026,METEOFRANCE,Open-Meteo / Meteo-France,21:00,2026-08-15 21:00:00,26.7,83.0,0.0,3.7,0.0,1.4897,Berawan,wmo:3
dago,"Dago, Bandung",2026-08-15,32.73.02.1004,Dago,kelurahan,no,-6.889,107.61,Asia/Jakarta,"BMKG point: Dago, Coblong, Kota Bandung",15-08-2026,METEOFRANCE,Open-Meteo / Meteo-France,22:00,2026-08-15 22:00:00,26.4,86.0,0.0,2.8,0.0,1.4897,Berawan,wmo:3
dago,"Dago, Bandung",2026-08-15,32.73.02.1004,Dago,kelurahan,no,-6.889,107.61,Asia/Jakarta,"BMKG point: Dago, Coblong, Kota Bandung",15-08-2026,METEOFRANCE,Open-Meteo / Meteo-France,23:00,2026-08-15 23:00:00,26.1,88.0,0.0,2.1,0.0,1.4897,Berawan,wmo:3
dago,"Dago, Bandung",2026-08-15,32.73.02.1004,Dago,kelurahan,no,-6.889,107.61,Asia/Jakarta,"BMKG point: Dago, Coblong, Kota Bandung",15-08-2026,METNO,MET Norway,09:00,2026-08-15 11:00:00,27.9,49.6,0.3,7.92,120.0,0.7528,Hujan Ringan,rain
dago,"Dago, Bandung",2026-08-15,32.73.02.1004,Dago,kelurahan,no,-6.889,107.61,Asia/Jakarta,"BMKG point: Dago, Coblong, Kota Bandung",15-08-2026,METNO,MET Norway,10:00,2026-08-15 11:00:00,27.9,49.6,0.3,7.92,60.0,1.0266,Hujan Ringan,rain
dago,"Dago, Bandung",2026-08-15,32.73.02.1004,Dago,kelurahan,no,-6.889,107.61,Asia/Jakarta,"BMKG point: Dago, Coblong, Kota Bandung",15-08-2026,METNO,MET Norway,11:00,2026-08-15 11:00:00,27.9,49.6,0.3,7.92,0.0,1.3688,Hujan Ringan,rain
dago,"Dago, Bandung",2026-08-15,32.73.02.1004,Dago,kelurahan,no,-6.889,107.61,Asia/Jakarta,"BMKG point: Dago, Coblong, Kota Bandung",15-08-2026,METNO,MET Norway,12:00,2026-08-15 12:00:00,28.4,46.5,0.5,9.72,0.0,1.3688,Hujan Ringan,rain
dago,"Dago, Bandung",2026-08-15,32.73.02.1004,Dago,kelurahan,no,-6.889,107.61,Asia/Jakarta,"BMKG point: Dago, Coblong, Kota Bandung",15-08-2026,METNO,MET Norway,13:00,2026-08-15 13:00:00,29.1,44.3,0.6,11.52,0.0,1.3688,Hujan Ringan,rain
dago,"Dago, Bandung",2026-08-15,32.73.02.1004,Dago,kelurahan,no,-6.889,107.61,Asia/Jakarta,"BMKG point: Dago, Coblong, Kota Bandung",15-08-2026,METNO,MET Norway,14:00,2026-08-15 14:00:00,29.4,41.6,0.5,12.24,0.0,1.3688,Hujan Ringan,rain
dago,"Dago, Bandung",2026-08-15,32.73.02.1004,Dago,kelurahan,no,-6.889,107.61,Asia/Jakarta,"BMKG point: Dago, Coblong, Kota Bandung",15-08-2026,METNO,MET Norway,15:00,2026-08-15 15:00:00,28.8,43.1,0.3,12.24,0.0,1.3688,Hujan Ringan,rainshowers_day
dago,"Dago, Bandung",2026-08-15,32.73.02.1004,Dago,kelurahan,no,-6.889,107.61,Asia/Jakarta,"BMKG point: Dago, Coblong, Kota Bandung",15-08-2026,METNO,MET Norway,16:00,2026-08-15 16:00:00,27.6,48.4,0.0,11.88,0.0,1.3688,Cerah Berawan,partlycloudy_day
dago,"Dago, Bandung",2026-08-15,32.73.02.1004,Dago,kelurahan,no,-6.889,107.61,Asia/Jakarta,"BMKG point: Dago, Coblong, Kota Bandung",15-08-2026,METNO,MET Norway,17:00,2026-08-15 17:00:00,26.8,52.4,0.0,10.44,0.0,1.3688,Cerah Berawan,partlycloudy_day
dago,"Dago, Bandung",2026-08-15,32.73.02.1004,Dago,kelurahan,no,-6.889,107.61,Asia/Jakarta,"BMKG point: Dago, Coblong, Kota Bandung",15-08-2026,METNO,MET Norway,18:00,2026-08-15 18:00:00,25.3,62.2,0.0,7.2,0.0,1.3688,Cerah Berawan,partlycloudy_night
dago,"Dago, Bandung",2026-08-15,32.73.02.1004,Dago,kelurahan,no,-6.889,107.61,Asia/Jakarta,"BMKG point: Dago, Coblong, Kota Bandung",15-08-2026,METNO,MET Norway,19:00,2026-08-15 19:00:00,24.2,69.4,0.0,8.28,0.0,1.3688,Cerah Berawan,partlycloudy_night
dago,"Dago, Bandung",2026-08-15,32.73.02.1004,Dago,kelurahan,no,-6.889,107.61,Asia/Jakarta,"BMKG point: Dago, Coblong, Kota Bandung",15-08-2026,METNO,MET Norway,20:00,2026-08-15 20:00:00,23.3,73.3,0.0,7.2,0.0,1.3688,Berawan,cloudy
dago,"Dago, Bandung",2026-08-15,32.73.02.1004,Dago,kelurahan,no,-6.889,107.61,Asia/Jakarta,"BMKG point: Dago, Coblong, Kota Bandung",15-08-2026,METNO,MET Norway,21:00,2026-08-15 21:00:00,22.8,75.5,0.0,4.32,0.0,1.3688,Cerah Berawan,partlycloudy_night
dago,"Dago, Bandung",2026-08-15,32.73.02.1004,Dago,kelurahan,no,-6.889,107.61,Asia/Jakarta,"BMKG point: Dago, Coblong, Kota Bandung",15-08-2026,METNO,MET Norway,22:00,2026-08-15 22:00:00,22.2,78.2,0.0,3.96,0.0,1.3688,Cerah Berawan,partlycloudy_night
dago,"Dago, Bandung",2026-08-15,32.73.02.1004,Dago,kelurahan,no,-6.889,107.61,Asia/Jakarta,"BMKG point: Dago, Coblong, Kota Bandung",15-08-2026,METNO,MET Norway,23:00,2026-08-15 23:00:00,21.7,81.0,0.0,3.6,0.0,1.3688,Cerah Berawan,partlycloudy_night
dago,"Dago, Bandung",2026-08-15,32.73.02.1004,Dago,kelurahan,no,-6.889,107.61,Asia/Jakarta,"BMKG point: Dago, Coblong, Kota Bandung",15-08-2026,UKMO,Open-Meteo / UK Met Office,00:00,2026-08-15 00:00:00,21.8,86.0,0.0,1.1,0.0,1.3131,Berawan,wmo:3
dago,"Dago, Bandung",2026-08-15,32.73.02.1004,Dago,kelurahan,no,-6.889,107.61,Asia/Jakarta,"BMKG point: Dago, Coblong, Kota Bandung",15-08-2026,UKMO,Open-Meteo / UK Met Office,01:00,2026-08-15 01:00:00,21.6,86.0,0.1,2.9,0.0,1.3131,Hujan Ringan,wmo:51
dago,"Dago, Bandung",2026-08-15,32.73.02.1004,Dago,kelurahan,no,-6.889,107.61,Asia/Jakarta,"BMKG point: Dago, Coblong, Kota Bandung",15-08-2026,UKMO,Open-Meteo / UK Met Office,02:00,2026-08-15 02:00:00,21.0,88.0,0.0,4.0,0.0,1.3131,Cerah,wmo:0
dago,"Dago, Bandung",2026-08-15,32.73.02.1004,Dago,kelurahan,no,-6.889,107.61,Asia/Jakarta,"BMKG point: Dago, Coblong, Kota Bandung",15-08-2026,UKMO,Open-Meteo / UK Met Office,03:00,2026-08-15 03:00:00,20.4,89.0,0.0,5.4,0.0,1.3131,Cerah,wmo:0
dago,"Dago, Bandung",2026-08-15,32.73.02.1004,Dago,kelurahan,no,-6.889,107.61,Asia/Jakarta,"BMKG point: Dago, Coblong, Kota Bandung",15-08-2026,UKMO,Open-Meteo / UK Met Office,04:00,2026-08-15 04:00:00,20.0,89.0,0.0,5.0,0.0,1.3131,Cerah,wmo:0
dago,"Dago, Bandung",2026-08-15,32.73.02.1004,Dago,kelurahan,no,-6.889,107.61,Asia/Jakarta,"BMKG point: Dago, Coblong, Kota Bandung",15-08-2026,UKMO,Open-Meteo / UK Met Office,05:00,2026-08-15 05:00:00,19.5,90.0,0.0,4.7,0.0,1.3131,Cerah,wmo:0
dago,"Dago, Bandung",2026-08-15,32.73.02.1004,Dago,kelurahan,no,-6.889,107.61,Asia/Jakarta,"BMKG point: Dago, Coblong, Kota Bandung",15-08-2026,UKMO,Open-Meteo / UK Met Office,06:00,2026-08-15 06:00:00,19.2,90.0,0.0,4.7,0.0,1.3131,Cerah,wmo:0
dago,"Dago, Bandung",2026-08-15,32.73.02.1004,Dago,kelurahan,no,-6.889,107.61,Asia/Jakarta,"BMKG point: Dago, Coblong, Kota Bandung",15-08-2026,UKMO,Open-Meteo / UK Met Office,07:00,2026-08-15 07:00:00,19.9,87.0,0.0,4.7,0.0,1.3131,Cerah,wmo:0
dago,"Dago, Bandung",2026-08-15,32.73.02.1004,Dago,kelurahan,no,-6.889,107.61,Asia/Jakarta,"BMKG point: Dago, Coblong, Kota Bandung",15-08-2026,UKMO,Open-Meteo / UK Met Office,08:00,2026-08-15 08:00:00,21.1,81.0,0.0,5.8,0.0,1.3131,Cerah,wmo:0
dago,"Dago, Bandung",2026-08-15,32.73.02.1004,Dago,kelurahan,no,-6.889,107.61,Asia/Jakarta,"BMKG point: Dago, Coblong, Kota Bandung",15-08-2026,UKMO,Open-Meteo / UK Met Office,09:00,2026-08-15 09:00:00,22.6,73.0,0.0,4.7,0.0,1.3131,Cerah,wmo:0
dago,"Dago, Bandung",2026-08-15,32.73.02.1004,Dago,kelurahan,no,-6.889,107.61,Asia/Jakarta,"BMKG point: Dago, Coblong, Kota Bandung",15-08-2026,UKMO,Open-Meteo / UK Met Office,10:00,2026-08-15 10:00:00,24.3,66.0,0.0,2.9,0.0,1.3131,Cerah,wmo:0
dago,"Dago, Bandung",2026-08-15,32.73.02.1004,Dago,kelurahan,no,-6.889,107.61,Asia/Jakarta,"BMKG point: Dago, Coblong, Kota Bandung",15-08-2026,UKMO,Open-Meteo / UK Met Office,11:00,2026-08-15 11:00:00,26.2,58.0,0.0,4.3,0.0,1.3131,Cerah,wmo:0
dago,"Dago, Bandung",2026-08-15,32.73.02.1004,Dago,kelurahan,no,-6.889,107.61,Asia/Jakarta,"BMKG point: Dago, Coblong, Kota Bandung",15-08-2026,UKMO,Open-Meteo / UK Met Office,12:00,2026-08-15 12:00:00,28.1,47.0,0.0,4.7,0.0,1.3131,Cerah Berawan,wmo:2
dago,"Dago, Bandung",2026-08-15,32.73.02.1004,Dago,kelurahan,no,-6.889,107.61,Asia/Jakarta,"BMKG point: Dago, Coblong, Kota Bandung",15-08-2026,UKMO,Open-Meteo / UK Met Office,13:00,2026-08-15 13:00:00,28.4,49.0,0.2,5.4,0.0,1.3131,Hujan Ringan,wmo:51
dago,"Dago, Bandung",2026-08-15,32.73.02.1004,Dago,kelurahan,no,-6.889,107.61,Asia/Jakarta,"BMKG point: Dago, Coblong, Kota Bandung",15-08-2026,UKMO,Open-Meteo / UK Met Office,14:00,2026-08-15 14:00:00,27.3,57.0,0.3,8.3,0.0,1.3131,Hujan Ringan,wmo:51
dago,"Dago, Bandung",2026-08-15,32.73.02.1004,Dago,kelurahan,no,-6.889,107.61,Asia/Jakarta,"BMKG point: Dago, Coblong, Kota Bandung",15-08-2026,UKMO,Open-Meteo / UK Met Office,15:00,2026-08-15 15:00:00,28.0,53.0,0.3,10.8,0.0,1.3131,Hujan Ringan,wmo:51
dago,"Dago, Bandung",2026-08-15,32.73.02.1004,Dago,kelurahan,no,-6.889,107.61,Asia/Jakarta,"BMKG point: Dago, Coblong, Kota Bandung",15-08-2026,UKMO,Open-Meteo / UK Met Office,16:00,2026-08-15 16:00:00,27.6,53.0,0.1,11.2,0.0,1.3131,Hujan Ringan,wmo:51
dago,"Dago, Bandung",2026-08-15,32.73.02.1004,Dago,kelurahan,no,-6.889,107.61,Asia/Jakarta,"BMKG point: Dago, Coblong, Kota Bandung",15-08-2026,UKMO,Open-Meteo / UK Met Office,17:00,2026-08-15 17:00:00,26.8,57.0,0.1,9.0,0.0,1.3131,Hujan Ringan,wmo:51
dago,"Dago, Bandung",2026-08-15,32.73.02.1004,Dago,kelurahan,no,-6.889,107.61,Asia/Jakarta,"BMKG point: Dago, Coblong, Kota Bandung",15-08-2026,UKMO,Open-Meteo / UK Met Office,18:00,2026-08-15 18:00:00,25.7,63.0,0.2,6.5,0.0,1.3131,Hujan Ringan,wmo:51
dago,"Dago, Bandung",2026-08-15,32.73.02.1004,Dago,kelurahan,no,-6.889,107.61,Asia/Jakarta,"BMKG point: Dago, Coblong, Kota Bandung",15-08-2026,UKMO,Open-Meteo / UK Met Office,19:00,2026-08-15 19:00:00,24.7,68.0,0.0,5.4,0.0,1.3131,Cerah,wmo:0
dago,"Dago, Bandung",2026-08-15,32.73.02.1004,Dago,kelurahan,no,-6.889,107.61,Asia/Jakarta,"BMKG point: Dago, Coblong, Kota Bandung",15-08-2026,UKMO,Open-Meteo / UK Met Office,20:00,2026-08-15 20:00:00,24.0,70.0,0.0,7.6,0.0,1.3131,Cerah,wmo:0
dago,"Dago, Bandung",2026-08-15,32.73.02.1004,Dago,kelurahan,no,-6.889,107.61,Asia/Jakarta,"BMKG point: Dago, Coblong, Kota Bandung",15-08-2026,UKMO,Open-Meteo / UK Met Office,21:00,2026-08-15 21:00:00,23.4,74.0,0.0,9.0,0.0,1.3131,Cerah,wmo:0
dago,"Dago, Bandung",2026-08-15,32.73.02.1004,Dago,kelurahan,no,-6.889,107.61,Asia/Jakarta,"BMKG point: Dago, Coblong, Kota Bandung",15-08-2026,UKMO,Open-Meteo / UK Met Office,22:00,2026-08-15 22:00:00,22.7,78.0,0.0,6.8,0.0,1.3131,Cerah,wmo:0
dago,"Dago, Bandung",2026-08-15,32.73.02.1004,Dago,kelurahan,no,-6.889,107.61,Asia/Jakarta,"BMKG point: Dago, Coblong, Kota Bandung",15-08-2026,UKMO,Open-Meteo / UK Met Office,23:00,2026-08-15 23:00:00,22.0,82.0,0.0,4.3,0.0,1.3131,Cerah,wmo:0
dago,"Dago, Bandung",2026-08-16,32.73.02.1004,Dago,kelurahan,no,-6.889,107.61,Asia/Jakarta,"BMKG point: Dago, Coblong, Kota Bandung",16-08-2026,BMKG,BMKG,00:00,2026-08-16 00:00:00,20.0,90.0,0.0,0.5,0.0,1.6463,Berawan,Berawan
dago,"Dago, Bandung",2026-08-16,32.73.02.1004,Dago,kelurahan,no,-6.889,107.61,Asia/Jakarta,"BMKG point: Dago, Coblong, Kota Bandung",16-08-2026,BMKG,BMKG,01:00,2026-08-16 00:00:00,20.0,90.0,0.0,0.5,60.0,1.2347,Berawan,Berawan
dago,"Dago, Bandung",2026-08-16,32.73.02.1004,Dago,kelurahan,no,-6.889,107.61,Asia/Jakarta,"BMKG point: Dago, Coblong, Kota Bandung",16-08-2026,BMKG,BMKG,02:00,2026-08-16 03:00:00,18.0,98.0,0.0,2.0,60.0,1.2347,Berawan,Berawan
dago,"Dago, Bandung",2026-08-16,32.73.02.1004,Dago,kelurahan,no,-6.889,107.61,Asia/Jakarta,"BMKG point: Dago, Coblong, Kota Bandung",16-08-2026,BMKG,BMKG,03:00,2026-08-16 03:00:00,18.0,98.0,0.0,2.0,0.0,1.6463,Berawan,Berawan
dago,"Dago, Bandung",2026-08-16,32.73.02.1004,Dago,kelurahan,no,-6.889,107.61,Asia/Jakarta,"BMKG point: Dago, Coblong, Kota Bandung",16-08-2026,BMKG,BMKG,04:00,2026-08-16 03:00:00,18.0,98.0,0.0,2.0,60.0,1.2347,Berawan,Berawan
dago,"Dago, Bandung",2026-08-16,32.73.02.1004,Dago,kelurahan,no,-6.889,107.61,Asia/Jakarta,"BMKG point: Dago, Coblong, Kota Bandung",16-08-2026,BMKG,BMKG,05:00,2026-08-16 06:00:00,19.0,90.0,0.0,1.9,60.0,1.2347,Cerah Berawan,Cerah Berawan
dago,"Dago, Bandung",2026-08-16,32.73.02.1004,Dago,kelurahan,no,-6.889,107.61,Asia/Jakarta,"BMKG point: Dago, Coblong, Kota Bandung",16-08-2026,BMKG,BMKG,06:00,2026-08-16 06:00:00,19.0,90.0,0.0,1.9,0.0,1.6463,Cerah Berawan,Cerah Berawan
dago,"Dago, Bandung",2026-08-16,32.73.02.1004,Dago,kelurahan,no,-6.889,107.61,Asia/Jakarta,"BMKG point: Dago, Coblong, Kota Bandung",16-08-2026,BMKG,BMKG,07:00,2026-08-16 06:00:00,19.0,90.0,0.0,1.9,60.0,1.2347,Cerah Berawan,Cerah Berawan
dago,"Dago, Bandung",2026-08-16,32.73.02.1004,Dago,kelurahan,no,-6.889,107.61,Asia/Jakarta,"BMKG point: Dago, Coblong, Kota Bandung",16-08-2026,BMKG,BMKG,08:00,2026-08-16 09:00:00,26.0,58.0,0.0,4.2,60.0,1.2347,Cerah Berawan,Cerah Berawan
dago,"Dago, Bandung",2026-08-16,32.73.02.1004,Dago,kelurahan,no,-6.889,107.61,Asia/Jakarta,"BMKG point: Dago, Coblong, Kota Bandung",16-08-2026,BMKG,BMKG,09:00,2026-08-16 09:00:00,26.0,58.0,0.0,4.2,0.0,1.6463,Cerah Berawan,Cerah Berawan
dago,"Dago, Bandung",2026-08-16,32.73.02.1004,Dago,kelurahan,no,-6.889,107.61,Asia/Jakarta,"BMKG point: Dago, Coblong, Kota Bandung",16-08-2026,BMKG,BMKG,10:00,2026-08-16 09:00:00,26.0,58.0,0.0,4.2,60.0,1.2347,Cerah Berawan,Cerah Berawan
dago,"Dago, Bandung",2026-08-16,32.73.02.1004,Dago,kelurahan,no,-6.889,107.61,Asia/Jakarta,"BMKG point: Dago, Coblong, Kota Bandung",16-08-2026,BMKG,BMKG,11:00,2026-08-16 12:00:00,28.0,48.0,0.0,10.3,60.0,1.2347,Cerah Berawan,Cerah Berawan
dago,"Dago, Bandung",2026-08-16,32.73.02.1004,Dago,kelurahan,no,-6.889,107.61,Asia/Jakarta,"BMKG point: Dago, Coblong, Kota Bandung",16-08-2026,BMKG,BMKG,12:00,2026-08-16 12:00:00,28.0,48.0,0.0,10.3,0.0,1.6463,Cerah Berawan,Cerah Berawan
dago,"Dago, Bandung",2026-08-16,32.73.02.1004,Dago,kelurahan,no,-6.889,107.61,Asia/Jakarta,"BMKG point: Dago, Coblong, Kota Bandung",16-08-2026,BMKG,BMKG,13:00,2026-08-16 12:00:00,28.0,48.0,0.0,10.3,60.0,1.2347,Cerah Berawan,Cerah Berawan
dago,"Dago, Bandung",2026-08-16,32.73.02.1004,Dago,kelurahan,no,-6.889,107.61,Asia/Jakarta,"BMKG point: Dago, Coblong, Kota Bandung",16-08-2026,BMKG,BMKG,14:00,2026-08-16 15:00:00,27.0,54.0,0.0,9.1,60.0,1.2347,Cerah Berawan,Cerah Berawan
dago,"Dago, Bandung",2026-08-16,32.73.02.1004,Dago,kelurahan,no,-6.889,107.61,Asia/Jakarta,"BMKG point: Dago, Coblong, Kota Bandung",16-08-2026,BMKG,BMKG,15:00,2026-08-16 15:00:00,27.0,54.0,0.0,9.1,0.0,1.6463,Cerah Berawan,Cerah Berawan
dago,"Dago, Bandung",2026-08-16,32.73.02.1004,Dago,kelurahan,no,-6.889,107.61,Asia/Jakarta,"BMKG point: Dago, Coblong, Kota Bandung",16-08-2026,BMKG,BMKG,16:00,2026-08-16 15:00:00,27.0,54.0,0.0,9.1,60.0,1.2347,Cerah Berawan,Cerah Berawan
dago,"Dago, Bandung",2026-08-16,32.73.02.1004,Dago,kelurahan,no,-6.889,107.61,Asia/Jakarta,"BMKG point: Dago, Coblong, Kota Bandung",16-08-2026,BMKG,BMKG,17:00,2026-08-16 18:00:00,23.0,74.0,0.0,3.0,60.0,1.2347,Cerah,Cerah
dago,"Dago, Bandung",2026-08-16,32.73.02.1004,Dago,kelurahan,no,-6.889,107.61,Asia/Jakarta,"BMKG point: Dago, Coblong, Kota Bandung",16-08-2026,BMKG,BMKG,18:00,2026-08-16 18:00:00,23.0,74.0,0.0,3.0,0.0,1.6463,Cerah,Cerah
dago,"Dago, Bandung",2026-08-16,32.73.02.1004,Dago,kelurahan,no,-6.889,107.61,Asia/Jakarta,"BMKG point: Dago, Coblong, Kota Bandung",16-08-2026,BMKG,BMKG,19:00,2026-08-16 18:00:00,23.0,74.0,0.0,3.0,60.0,1.2347,Cerah,Cerah
dago,"Dago, Bandung",2026-08-16,32.73.02.1004,Dago,kelurahan,no,-6.889,107.61,Asia/Jakarta,"BMKG point: Dago, Coblong, Kota Bandung",16-08-2026,BMKG,BMKG,20:00,2026-08-16 21:00:00,21.0,89.0,0.0,3.7,60.0,1.2347,Cerah,Cerah
dago,"Dago, Bandung",2026-08-16,32.73.02.1004,Dago,kelurahan,no,-6.889,107.61,Asia/Jakarta,"BMKG point: Dago, Coblong, Kota Bandung",16-08-2026,BMKG,BMKG,21:00,2026-08-16 21:00:00,21.0,89.0,0.0,3.7,0.0,1.6463,Cerah,Cerah
dago,"Dago, Bandung",2026-08-16,32.73.02.1004,Dago,kelurahan,no,-6.889,107.61,Asia/Jakarta,"BMKG point: Dago, Coblong, Kota Bandung",16-08-2026,BMKG,BMKG,22:00,2026-08-16 21:00:00,21.0,89.0,0.0,3.7,60.0,1.2347,Cerah,Cerah
dago,"Dago, Bandung",2026-08-16,32.73.02.1004,Dago,kelurahan,no,-6.889,107.61,Asia/Jakarta,"BMKG point: Dago, Coblong, Kota Bandung",16-08-2026,BMKG,BMKG,23:00,2026-08-16 21:00:00,21.0,89.0,0.0,3.7,120.0,0.9055,Cerah,Cerah
dago,"Dago, Bandung",2026-08-16,32.73.02.1004,Dago,kelurahan,no,-6.889,107.61,Asia/Jakarta,"BMKG point: Dago, Coblong, Kota Bandung",16-08-2026,CMA,Open-Meteo / CMA GRAPES,00:00,2026-08-16 00:00:00,21.4,92.0,0.0,3.1,0.0,1.1253,Cerah,wmo:0
dago,"Dago, Bandung",2026-08-16,32.73.02.1004,Dago,kelurahan,no,-6.889,107.61,Asia/Jakarta,"BMKG point: Dago, Coblong, Kota Bandung",16-08-2026,CMA,Open-Meteo / CMA GRAPES,01:00,2026-08-16 01:00:00,21.3,91.0,0.0,3.3,0.0,1.1253,Cerah Berawan,wmo:1
dago,"Dago, Bandung",2026-08-16,32.73.02.1004,Dago,kelurahan,no,-6.889,107.61,Asia/Jakarta,"BMKG point: Dago, Coblong, Kota Bandung",16-08-2026,CMA,Open-Meteo / CMA GRAPES,02:00,2026-08-16 02:00:00,21.1,90.0,0.0,3.2,0.0,1.1253,Cerah Berawan,wmo:1
dago,"Dago, Bandung",2026-08-16,32.73.02.1004,Dago,kelurahan,no,-6.889,107.61,Asia/Jakarta,"BMKG point: Dago, Coblong, Kota Bandung",16-08-2026,CMA,Open-Meteo / CMA GRAPES,03:00,2026-08-16 03:00:00,20.9,89.0,0.0,3.2,0.0,1.1253,Cerah Berawan,wmo:2
dago,"Dago, Bandung",2026-08-16,32.73.02.1004,Dago,kelurahan,no,-6.889,107.61,Asia/Jakarta,"BMKG point: Dago, Coblong, Kota Bandung",16-08-2026,CMA,Open-Meteo / CMA GRAPES,04:00,2026-08-16 04:00:00,20.8,88.0,0.0,2.5,0.0,1.1253,Berawan,wmo:3
dago,"Dago, Bandung",2026-08-16,32.73.02.1004,Dago,kelurahan,no,-6.889,107.61,Asia/Jakarta,"BMKG point: Dago, Coblong, Kota Bandung",16-08-2026,CMA,Open-Meteo / CMA GRAPES,05:00,2026-08-16 05:00:00,20.8,88.0,0.0,1.3,0.0,1.1253,Berawan,wmo:3
dago,"Dago, Bandung",2026-08-16,32.73.02.1004,Dago,kelurahan,no,-6.889,107.61,Asia/Jakarta,"BMKG point: Dago, Coblong, Kota Bandung",16-08-2026,CMA,Open-Meteo / CMA GRAPES,06:00,2026-08-16 06:00:00,21.0,89.0,0.0,1.5,0.0,1.1253,Berawan,wmo:3
dago,"Dago, Bandung",2026-08-16,32.73.02.1004,Dago,kelurahan,no,-6.889,107.61,Asia/Jakarta,"BMKG point: Dago, Coblong, Kota Bandung",16-08-2026,CMA,Open-Meteo / CMA GRAPES,07:00,2026-08-16 07:00:00,21.4,88.0,0.0,2.8,0.0,1.1253,Berawan,wmo:3
dago,"Dago, Bandung",2026-08-16,32.73.02.1004,Dago,kelurahan,no,-6.889,107.61,Asia/Jakarta,"BMKG point: Dago, Coblong, Kota Bandung",16-08-2026,CMA,Open-Meteo / CMA GRAPES,08:00,2026-08-16 08:00:00,22.4,85.0,0.0,4.2,0.0,1.1253,Berawan,wmo:3
dago,"Dago, Bandung",2026-08-16,32.73.02.1004,Dago,kelurahan,no,-6.889,107.61,Asia/Jakarta,"BMKG point: Dago, Coblong, Kota Bandung",16-08-2026,CMA,Open-Meteo / CMA GRAPES,09:00,2026-08-16 09:00:00,23.8,80.0,0.0,5.5,0.0,1.1253,Berawan,wmo:3
dago,"Dago, Bandung",2026-08-16,32.73.02.1004,Dago,kelurahan,no,-6.889,107.61,Asia/Jakarta,"BMKG point: Dago, Coblong, Kota Bandung",16-08-2026,CMA,Open-Meteo / CMA GRAPES,10:00,2026-08-16 10:00:00,25.0,75.0,0.0,7.1,0.0,1.1253,Cerah Berawan,wmo:2
dago,"Dago, Bandung",2026-08-16,32.73.02.1004,Dago,kelurahan,no,-6.889,107.61,Asia/Jakarta,"BMKG point: Dago, Coblong, Kota Bandung",16-08-2026,CMA,Open-Meteo / CMA GRAPES,11:00,2026-08-16 11:00:00,25.9,71.0,0.0,9.7,0.0,1.1253,Cerah Berawan,wmo:2
dago,"Dago, Bandung",2026-08-16,32.73.02.1004,Dago,kelurahan,no,-6.889,107.61,Asia/Jakarta,"BMKG point: Dago, Coblong, Kota Bandung",16-08-2026,CMA,Open-Meteo / CMA GRAPES,12:00,2026-08-16 12:00:00,26.6,68.0,0.0,12.7,0.0,1.1253,Cerah Berawan,wmo:2
dago,"Dago, Bandung",2026-08-16,32.73.02.1004,Dago,kelurahan,no,-6.889,107.61,Asia/Jakarta,"BMKG point: Dago, Coblong, Kota Bandung",16-08-2026,CMA,Open-Meteo / CMA GRAPES,13:00,2026-08-16 13:00:00,27.1,65.0,0.0,14.1,0.0,1.1253,Cerah Berawan,wmo:1
dago,"Dago, Bandung",2026-08-16,32.73.02.1004,Dago,kelurahan,no,-6.889,107.61,Asia/Jakarta,"BMKG point: Dago, Coblong, Kota Bandung",16-08-2026,CMA,Open-Meteo / CMA GRAPES,14:00,2026-08-16 14:00:00,27.4,62.0,0.0,12.6,0.0,1.1253,Cerah Berawan,wmo:2
dago,"Dago, Bandung",2026-08-16,32.73.02.1004,Dago,kelurahan,no,-6.889,107.61,Asia/Jakarta,"BMKG point: Dago, Coblong, Kota Bandung",16-08-2026,CMA,Open-Meteo / CMA GRAPES,15:00,2026-08-16 15:00:00,27.5,60.0,0.0,9.4,0.0,1.1253,Cerah Berawan,wmo:2
dago,"Dago, Bandung",2026-08-16,32.73.02.1004,Dago,kelurahan,no,-6.889,107.61,Asia/Jakarta,"BMKG point: Dago, Coblong, Kota Bandung",16-08-2026,CMA,Open-Meteo / CMA GRAPES,16:00,2026-08-16 16:00:00,27.2,60.0,0.0,7.2,0.0,1.1253,Berawan,wmo:3
dago,"Dago, Bandung",2026-08-16,32.73.02.1004,Dago,kelurahan,no,-6.889,107.61,Asia/Jakarta,"BMKG point: Dago, Coblong, Kota Bandung",16-08-2026,CMA,Open-Meteo / CMA GRAPES,17:00,2026-08-16 17:00:00,26.3,64.0,0.0,7.3,0.0,1.1253,Cerah Berawan,wmo:2
dago,"Dago, Bandung",2026-08-16,32.73.02.1004,Dago,kelurahan,no,-6.889,107.61,Asia/Jakarta,"BMKG point: Dago, Coblong, Kota Bandung",16-08-2026,CMA,Open-Meteo / CMA GRAPES,18:00,2026-08-16 18:00:00,25.1,71.0,0.0,8.2,0.0,1.1253,Cerah Berawan,wmo:2
dago,"Dago, Bandung",2026-08-16,32.73.02.1004,Dago,kelurahan,no,-6.889,107.61,Asia/Jakarta,"BMKG point: Dago, Coblong, Kota Bandung",16-08-2026,CMA,Open-Meteo / CMA GRAPES,19:00,2026-08-16 19:00:00,23.9,77.0,0.0,8.3,0.0,1.1253,Cerah Berawan,wmo:1
dago,"Dago, Bandung",2026-08-16,32.73.02.1004,Dago,kelurahan,no,-6.889,107.61,Asia/Jakarta,"BMKG point: Dago, Coblong, Kota Bandung",16-08-2026,CMA,Open-Meteo / CMA GRAPES,20:00,2026-08-16 20:00:00,23.0,83.0,0.0,6.2,0.0,1.1253,Cerah Berawan,wmo:1
dago,"Dago, Bandung",2026-08-16,32.73.02.1004,Dago,kelurahan,no,-6.889,107.61,Asia/Jakarta,"BMKG point: Dago, Coblong, Kota Bandung",16-08-2026,CMA,Open-Meteo / CMA GRAPES,21:00,2026-08-16 21:00:00,22.1,89.0,0.0,3.1,0.0,1.1253,Cerah Berawan,wmo:1
dago,"Dago, Bandung",2026-08-16,32.73.02.1004,Dago,kelurahan,no,-6.889,107.61,Asia/Jakarta,"BMKG point: Dago, Coblong, Kota Bandung",16-08-2026,CMA,Open-Meteo / CMA GRAPES,22:00,2026-08-16 22:00:00,21.5,93.0,0.0,0.7,0.0,1.1253,Cerah,wmo:0
dago,"Dago, Bandung",2026-08-16,32.73.02.1004,Dago,kelurahan,no,-6.889,107.61,Asia/Jakarta,"BMKG point: Dago, Coblong, Kota Bandung",16-08-2026,CMA,Open-Meteo / CMA GRAPES,23:00,2026-08-16 23:00:00,21.3,95.0,0.0,1.1,0.0,1.1253,Cerah,wmo:0
dago,"Dago, Bandung",2026-08-16,32.73.02.1004,Dago,kelurahan,no,-6.889,107.61,Asia/Jakarta,"BMKG point: Dago, Coblong, Kota Bandung",16-08-2026,ECMWF,Open-Meteo / ECMWF,00:00,2026-08-16 00:00:00,19.7,80.0,0.0,2.1,0.0,1.6658,Berawan,wmo:3
dago,"Dago, Bandung",2026-08-16,32.73.02.1004,Dago,kelurahan,no,-6.889,107.61,Asia/Jakarta,"BMKG point: Dago, Coblong, Kota Bandung",16-08-2026,ECMWF,Open-Meteo / ECMWF,01:00,2026-08-16 01:00:00,19.0,81.0,0.0,1.6,0.0,1.6658,Berawan,wmo:3
dago,"Dago, Bandung",2026-08-16,32.73.02.1004,Dago,kelurahan,no,-6.889,107.61,Asia/Jakarta,"BMKG point: Dago, Coblong, Kota Bandung",16-08-2026,ECMWF,Open-Meteo / ECMWF,02:00,2026-08-16 02:00:00,18.4,82.0,0.0,1.6,0.0,1.6658,Berawan,wmo:3
dago,"Dago, Bandung",2026-08-16,32.73.02.1004,Dago,kelurahan,no,-6.889,107.61,Asia/Jakarta,"BMKG point: Dago, Coblong, Kota Bandung",16-08-2026,ECMWF,Open-Meteo / ECMWF,03:00,2026-08-16 03:00:00,17.8,83.0,0.0,2.3,0.0,1.6658,Berawan,wmo:3
dago,"Dago, Bandung",2026-08-16,32.73.02.1004,Dago,kelurahan,no,-6.889,107.61,Asia/Jakarta,"BMKG point: Dago, Coblong, Kota Bandung",16-08-2026,ECMWF,Open-Meteo / ECMWF,04:00,2026-08-16 04:00:00,17.6,83.0,0.0,2.6,0.0,1.6658,Berawan,wmo:3
dago,"Dago, Bandung",2026-08-16,32.73.02.1004,Dago,kelurahan,no,-6.889,107.61,Asia/Jakarta,"BMKG point: Dago, Coblong, Kota Bandung",16-08-2026,ECMWF,Open-Meteo / ECMWF,05:00,2026-08-16 05:00:00,17.9,81.0,0.0,3.3,0.0,1.6658,Berawan,wmo:3
dago,"Dago, Bandung",2026-08-16,32.73.02.1004,Dago,kelurahan,no,-6.889,107.61,Asia/Jakarta,"BMKG point: Dago, Coblong, Kota Bandung",16-08-2026,ECMWF,Open-Meteo / ECMWF,06:00,2026-08-16 06:00:00,18.5,78.0,0.0,4.4,0.0,1.6658,Berawan,wmo:3
dago,"Dago, Bandung",2026-08-16,32.73.02.1004,Dago,kelurahan,no,-6.889,107.61,Asia/Jakarta,"BMKG point: Dago, Coblong, Kota Bandung",16-08-2026,ECMWF,Open-Meteo / ECMWF,07:00,2026-08-16 07:00:00,19.7,74.0,0.0,4.3,0.0,1.6658,Berawan,wmo:3
dago,"Dago, Bandung",2026-08-16,32.73.02.1004,Dago,kelurahan,no,-6.889,107.61,Asia/Jakarta,"BMKG point: Dago, Coblong, Kota Bandung",16-08-2026,ECMWF,Open-Meteo / ECMWF,08:00,2026-08-16 08:00:00,21.8,68.0,0.0,3.1,0.0,1.6658,Berawan,wmo:3
dago,"Dago, Bandung",2026-08-16,32.73.02.1004,Dago,kelurahan,no,-6.889,107.61,Asia/Jakarta,"BMKG point: Dago, Coblong, Kota Bandung",16-08-2026,ECMWF,Open-Meteo / ECMWF,09:00,2026-08-16 09:00:00,24.4,62.0,0.0,2.6,0.0,1.6658,Berawan,wmo:3
dago,"Dago, Bandung",2026-08-16,32.73.02.1004,Dago,kelurahan,no,-6.889,107.61,Asia/Jakarta,"BMKG point: Dago, Coblong, Kota Bandung",16-08-2026,ECMWF,Open-Meteo / ECMWF,10:00,2026-08-16 10:00:00,26.5,56.0,0.0,3.2,0.0,1.6658,Cerah Berawan,wmo:2
dago,"Dago, Bandung",2026-08-16,32.73.02.1004,Dago,kelurahan,no,-6.889,107.61,Asia/Jakarta,"BMKG point: Dago, Coblong, Kota Bandung",16-08-2026,ECMWF,Open-Meteo / ECMWF,11:00,2026-08-16 11:00:00,27.9,52.0,0.0,4.4,0.0,1.6658,Cerah Berawan,wmo:2
dago,"Dago, Bandung",2026-08-16,32.73.02.1004,Dago,kelurahan,no,-6.889,107.61,Asia/Jakarta,"BMKG point: Dago, Coblong, Kota Bandung",16-08-2026,ECMWF,Open-Meteo / ECMWF,12:00,2026-08-16 12:00:00,28.8,49.0,0.0,7.8,0.0,1.6658,Cerah Berawan,wmo:2
dago,"Dago, Bandung",2026-08-16,32.73.02.1004,Dago,kelurahan,no,-6.889,107.61,Asia/Jakarta,"BMKG point: Dago, Coblong, Kota Bandung",16-08-2026,ECMWF,Open-Meteo / ECMWF,13:00,2026-08-16 13:00:00,29.2,48.0,0.0,10.7,0.0,1.6658,Cerah Berawan,wmo:2
dago,"Dago, Bandung",2026-08-16,32.73.02.1004,Dago,kelurahan,no,-6.889,107.61,Asia/Jakarta,"BMKG point: Dago, Coblong, Kota Bandung",16-08-2026,ECMWF,Open-Meteo / ECMWF,14:00,2026-08-16 14:00:00,29.0,49.0,0.5,11.0,0.0,1.6658,Hujan Ringan,wmo:53
dago,"Dago, Bandung",2026-08-16,32.73.02.1004,Dago,kelurahan,no,-6.889,107.61,Asia/Jakarta,"BMKG point: Dago, Coblong, Kota Bandung",16-08-2026,ECMWF,Open-Meteo / ECMWF,15:00,2026-08-16 15:00:00,28.4,52.0,0.5,9.7,0.0,1.6658,Hujan Ringan,wmo:53
dago,"Dago, Bandung",2026-08-16,32.73.02.1004,Dago,kelurahan,no,-6.889,107.61,Asia/Jakarta,"BMKG point: Dago, Coblong, Kota Bandung",16-08-2026,ECMWF,Open-Meteo / ECMWF,16:00,2026-08-16 16:00:00,27.4,57.0,0.5,8.3,0.0,1.6658,Hujan Ringan,wmo:53
dago,"Dago, Bandung",2026-08-16,32.73.02.1004,Dago,kelurahan,no,-6.889,107.61,Asia/Jakarta,"BMKG point: Dago, Coblong, Kota Bandung",16-08-2026,ECMWF,Open-Meteo / ECMWF,17:00,2026-08-16 17:00:00,26.0,64.0,0.2,7.6,0.0,1.6658,Hujan Ringan,wmo:51
dago,"Dago, Bandung",2026-08-16,32.73.02.1004,Dago,kelurahan,no,-6.889,107.61,Asia/Jakarta,"BMKG point: Dago, Coblong, Kota Bandung",16-08-2026,ECMWF,Open-Meteo / ECMWF,18:00,2026-08-16 18:00:00,24.2,73.0,0.2,7.2,0.0,1.6658,Hujan Ringan,wmo:51
dago,"Dago, Bandung",2026-08-16,32.73.02.1004,Dago,kelurahan,no,-6.889,107.61,Asia/Jakarta,"BMKG point: Dago, Coblong, Kota Bandung",16-08-2026,ECMWF,Open-Meteo / ECMWF,19:00,2026-08-16 19:00:00,22.7,80.0,0.2,7.1,0.0,1.6658,Hujan Ringan,wmo:51
dago,"Dago, Bandung",2026-08-16,32.73.02.1004,Dago,kelurahan,no,-6.889,107.61,Asia/Jakarta,"BMKG point: Dago, Coblong, Kota Bandung",16-08-2026,ECMWF,Open-Meteo / ECMWF,20:00,2026-08-16 20:00:00,21.8,83.0,0.0,5.8,0.0,1.6658,Cerah,wmo:0
dago,"Dago, Bandung",2026-08-16,32.73.02.1004,Dago,kelurahan,no,-6.889,107.61,Asia/Jakarta,"BMKG point: Dago, Coblong, Kota Bandung",16-08-2026,ECMWF,Open-Meteo / ECMWF,21:00,2026-08-16 21:00:00,21.2,84.0,0.0,4.0,0.0,1.6658,Cerah Berawan,wmo:1
dago,"Dago, Bandung",2026-08-16,32.73.02.1004,Dago,kelurahan,no,-6.889,107.61,Asia/Jakarta,"BMKG point: Dago, Coblong, Kota Bandung",16-08-2026,ECMWF,Open-Meteo / ECMWF,22:00,2026-08-16 22:00:00,20.5,85.0,0.0,2.6,0.0,1.6658,Cerah Berawan,wmo:1
dago,"Dago, Bandung",2026-08-16,32.73.02.1004,Dago,kelurahan,no,-6.889,107.61,Asia/Jakarta,"BMKG point: Dago, Coblong, Kota Bandung",16-08-2026,ECMWF,Open-Meteo / ECMWF,23:00,2026-08-16 23:00:00,19.4,89.0,0.0,1.5,0.0,1.6658,Cerah Berawan,wmo:1
dago,"Dago, Bandung",2026-08-16,32.73.02.1004,Dago,kelurahan,no,-6.889,107.61,Asia/Jakarta,"BMKG point: Dago, Coblong, Kota Bandung",16-08-2026,GFS,Open-Meteo / NOAA GFS,00:00,2026-08-16 00:00:00,19.7,91.0,0.0,0.7,0.0,1.3627,Berawan,wmo:3
dago,"Dago, Bandung",2026-08-16,32.73.02.1004,Dago,kelurahan,no,-6.889,107.61,Asia/Jakarta,"BMKG point: Dago, Coblong, Kota Bandung",16-08-2026,GFS,Open-Meteo / NOAA GFS,01:00,2026-08-16 01:00:00,19.5,91.0,0.0,2.4,0.0,1.3627,Berawan,wmo:3
dago,"Dago, Bandung",2026-08-16,32.73.02.1004,Dago,kelurahan,no,-6.889,107.61,Asia/Jakarta,"BMKG point: Dago, Coblong, Kota Bandung",16-08-2026,GFS,Open-Meteo / NOAA GFS,02:00,2026-08-16 02:00:00,19.3,92.0,0.0,3.1,0.0,1.3627,Berawan,wmo:3
dago,"Dago, Bandung",2026-08-16,32.73.02.1004,Dago,kelurahan,no,-6.889,107.61,Asia/Jakarta,"BMKG point: Dago, Coblong, Kota Bandung",16-08-2026,GFS,Open-Meteo / NOAA GFS,03:00,2026-08-16 03:00:00,19.2,92.0,0.0,4.5,0.0,1.3627,Berawan,wmo:3
dago,"Dago, Bandung",2026-08-16,32.73.02.1004,Dago,kelurahan,no,-6.889,107.61,Asia/Jakarta,"BMKG point: Dago, Coblong, Kota Bandung",16-08-2026,GFS,Open-Meteo / NOAA GFS,04:00,2026-08-16 04:00:00,19.1,92.0,0.0,5.5,0.0,1.3627,Berawan,wmo:3
dago,"Dago, Bandung",2026-08-16,32.73.02.1004,Dago,kelurahan,no,-6.889,107.61,Asia/Jakarta,"BMKG point: Dago, Coblong, Kota Bandung",16-08-2026,GFS,Open-Meteo / NOAA GFS,05:00,2026-08-16 05:00:00,18.9,92.0,0.0,5.2,0.0,1.3627,Cerah Berawan,wmo:2
dago,"Dago, Bandung",2026-08-16,32.73.02.1004,Dago,kelurahan,no,-6.889,107.61,Asia/Jakarta,"BMKG point: Dago, Coblong, Kota Bandung",16-08-2026,GFS,Open-Meteo / NOAA GFS,06:00,2026-08-16 06:00:00,18.7,92.0,0.0,5.7,0.0,1.3627,Cerah Berawan,wmo:2
dago,"Dago, Bandung",2026-08-16,32.73.02.1004,Dago,kelurahan,no,-6.889,107.61,Asia/Jakarta,"BMKG point: Dago, Coblong, Kota Bandung",16-08-2026,GFS,Open-Meteo / NOAA GFS,07:00,2026-08-16 07:00:00,20.6,86.0,0.0,4.2,0.0,1.3627,Cerah,wmo:0
dago,"Dago, Bandung",2026-08-16,32.73.02.1004,Dago,kelurahan,no,-6.889,107.61,Asia/Jakarta,"BMKG point: Dago, Coblong, Kota Bandung",16-08-2026,GFS,Open-Meteo / NOAA GFS,08:00,2026-08-16 08:00:00,23.2,75.0,0.0,3.9,0.0,1.3627,Berawan,wmo:3
dago,"Dago, Bandung",2026-08-16,32.73.02.1004,Dago,kelurahan,no,-6.889,107.61,Asia/Jakarta,"BMKG point: Dago, Coblong, Kota Bandung",16-08-2026,GFS,Open-Meteo / NOAA GFS,09:00,2026-08-16 09:00:00,25.7,65.0,0.0,2.4,0.0,1.3627,Cerah Berawan,wmo:2
dago,"Dago, Bandung",2026-08-16,32.73.02.1004,Dago,kelurahan,no,-6.889,107.61,Asia/Jakarta,"BMKG point: Dago, Coblong, Kota Bandung",16-08-2026,GFS,Open-Meteo / NOAA GFS,10:00,2026-08-16 10:00:00,28.3,55.0,0.0,0.5,0.0,1.3627,Cerah Berawan,wmo:2
dago,"Dago, Bandung",2026-08-16,32.73.02.1004,Dago,kelurahan,no,-6.889,107.61,Asia/Jakarta,"BMKG point: Dago, Coblong, Kota Bandung",16-08-2026,GFS,Open-Meteo / NOAA GFS,11:00,2026-08-16 11:00:00,30.0,46.0,0.0,5.9,0.0,1.3627,Cerah,wmo:0
dago,"Dago, Bandung",2026-08-16,32.73.02.1004,Dago,kelurahan,no,-6.889,107.61,Asia/Jakarta,"BMKG point: Dago, Coblong, Kota Bandung",16-08-2026,GFS,Open-Meteo / NOAA GFS,12:00,2026-08-16 12:00:00,31.2,40.0,0.0,12.2,0.0,1.3627,Cerah,wmo:0
dago,"Dago, Bandung",2026-08-16,32.73.02.1004,Dago,kelurahan,no,-6.889,107.61,Asia/Jakarta,"BMKG point: Dago, Coblong, Kota Bandung",16-08-2026,GFS,Open-Meteo / NOAA GFS,13:00,2026-08-16 13:00:00,31.6,38.0,0.0,18.7,0.0,1.3627,Cerah Berawan,wmo:1
dago,"Dago, Bandung",2026-08-16,32.73.02.1004,Dago,kelurahan,no,-6.889,107.61,Asia/Jakarta,"BMKG point: Dago, Coblong, Kota Bandung",16-08-2026,GFS,Open-Meteo / NOAA GFS,14:00,2026-08-16 14:00:00,31.3,36.0,0.0,19.4,0.0,1.3627,Cerah Berawan,wmo:1
dago,"Dago, Bandung",2026-08-16,32.73.02.1004,Dago,kelurahan,no,-6.889,107.61,Asia/Jakarta,"BMKG point: Dago, Coblong, Kota Bandung",16-08-2026,GFS,Open-Meteo / NOAA GFS,15:00,2026-08-16 15:00:00,30.4,37.0,0.0,13.2,0.0,1.3627,Berawan,wmo:3
dago,"Dago, Bandung",2026-08-16,32.73.02.1004,Dago,kelurahan,no,-6.889,107.61,Asia/Jakarta,"BMKG point: Dago, Coblong, Kota Bandung",16-08-2026,GFS,Open-Meteo / NOAA GFS,16:00,2026-08-16 16:00:00,29.0,46.0,0.0,15.9,0.0,1.3627,Berawan,wmo:3
dago,"Dago, Bandung",2026-08-16,32.73.02.1004,Dago,kelurahan,no,-6.889,107.61,Asia/Jakarta,"BMKG point: Dago, Coblong, Kota Bandung",16-08-2026,GFS,Open-Meteo / NOAA GFS,17:00,2026-08-16 17:00:00,26.0,63.0,0.6,9.7,0.0,1.3627,Hujan Ringan,wmo:53
dago,"Dago, Bandung",2026-08-16,32.73.02.1004,Dago,kelurahan,no,-6.889,107.61,Asia/Jakarta,"BMKG point: Dago, Coblong, Kota Bandung",16-08-2026,GFS,Open-Meteo / NOAA GFS,18:00,2026-08-16 18:00:00,23.1,75.0,0.9,7.1,0.0,1.3627,Hujan Ringan,wmo:53
dago,"Dago, Bandung",2026-08-16,32.73.02.1004,Dago,kelurahan,no,-6.889,107.61,Asia/Jakarta,"BMKG point: Dago, Coblong, Kota Bandung",16-08-2026,GFS,Open-Meteo / NOAA GFS,19:00,2026-08-16 19:00:00,21.9,82.0,0.5,7.0,0.0,1.3627,Hujan Ringan,wmo:53
dago,"Dago, Bandung",2026-08-16,32.73.02.1004,Dago,kelurahan,no,-6.889,107.61,Asia/Jakarta,"BMKG point: Dago, Coblong, Kota Bandung",16-08-2026,GFS,Open-Meteo / NOAA GFS,20:00,2026-08-16 20:00:00,21.4,85.0,0.4,5.8,0.0,1.3627,Hujan Ringan,wmo:51
dago,"Dago, Bandung",2026-08-16,32.73.02.1004,Dago,kelurahan,no,-6.889,107.61,Asia/Jakarta,"BMKG point: Dago, Coblong, Kota Bandung",16-08-2026,GFS,Open-Meteo / NOAA GFS,21:00,2026-08-16 21:00:00,21.1,86.0,0.0,2.9,0.0,1.3627,Cerah Berawan,wmo:1
dago,"Dago, Bandung",2026-08-16,32.73.02.1004,Dago,kelurahan,no,-6.889,107.61,Asia/Jakarta,"BMKG point: Dago, Coblong, Kota Bandung",16-08-2026,GFS,Open-Meteo / NOAA GFS,22:00,2026-08-16 22:00:00,20.7,87.0,0.0,2.2,0.0,1.3627,Cerah,wmo:0
dago,"Dago, Bandung",2026-08-16,32.73.02.1004,Dago,kelurahan,no,-6.889,107.61,Asia/Jakarta,"BMKG point: Dago, Coblong, Kota Bandung",16-08-2026,GFS,Open-Meteo / NOAA GFS,23:00,2026-08-16 23:00:00,20.3,89.0,0.0,1.3,0.0,1.3627,Cerah,wmo:0
dago,"Dago, Bandung",2026-08-16,32.73.02.1004,Dago,kelurahan,no,-6.889,107.61,Asia/Jakarta,"BMKG point: Dago, Coblong, Kota Bandung",16-08-2026,ICON,Open-Meteo / DWD ICON,00:00,2026-08-16 00:00:00,21.5,86.0,0.0,1.9,0.0,1.4666,Berawan,wmo:3
dago,"Dago, Bandung",2026-08-16,32.73.02.1004,Dago,kelurahan,no,-6.889,107.61,Asia/Jakarta,"BMKG point: Dago, Coblong, Kota Bandung",16-08-2026,ICON,Open-Meteo / DWD ICON,01:00,2026-08-16 01:00:00,21.0,89.0,0.0,2.1,0.0,1.4666,Berawan,wmo:3
dago,"Dago, Bandung",2026-08-16,32.73.02.1004,Dago,kelurahan,no,-6.889,107.61,Asia/Jakarta,"BMKG point: Dago, Coblong, Kota Bandung",16-08-2026,ICON,Open-Meteo / DWD ICON,02:00,2026-08-16 02:00:00,20.6,91.0,0.0,1.8,0.0,1.4666,Berawan,wmo:3
dago,"Dago, Bandung",2026-08-16,32.73.02.1004,Dago,kelurahan,no,-6.889,107.61,Asia/Jakarta,"BMKG point: Dago, Coblong, Kota Bandung",16-08-2026,ICON,Open-Meteo / DWD ICON,03:00,2026-08-16 03:00:00,20.0,94.0,0.0,2.3,0.0,1.4666,Cerah Berawan,wmo:2
dago,"Dago, Bandung",2026-08-16,32.73.02.1004,Dago,kelurahan,no,-6.889,107.61,Asia/Jakarta,"BMKG point: Dago, Coblong, Kota Bandung",16-08-2026,ICON,Open-Meteo / DWD ICON,04:00,2026-08-16 04:00:00,19.4,96.0,0.0,2.3,0.0,1.4666,Berawan,wmo:45
dago,"Dago, Bandung",2026-08-16,32.73.02.1004,Dago,kelurahan,no,-6.889,107.61,Asia/Jakarta,"BMKG point: Dago, Coblong, Kota Bandung",16-08-2026,ICON,Open-Meteo / DWD ICON,05:00,2026-08-16 05:00:00,18.8,98.0,0.0,2.9,0.0,1.4666,Berawan,wmo:45
dago,"Dago, Bandung",2026-08-16,32.73.02.1004,Dago,kelurahan,no,-6.889,107.61,Asia/Jakarta,"BMKG point: Dago, Coblong, Kota Bandung",16-08-2026,ICON,Open-Meteo / DWD ICON,06:00,2026-08-16 06:00:00,18.4,97.0,0.0,2.8,0.0,1.4666,Berawan,wmo:45
dago,"Dago, Bandung",2026-08-16,32.73.02.1004,Dago,kelurahan,no,-6.889,107.61,Asia/Jakarta,"BMKG point: Dago, Coblong, Kota Bandung",16-08-2026,ICON,Open-Meteo / DWD ICON,07:00,2026-08-16 07:00:00,19.2,94.0,0.0,1.8,0.0,1.4666,Cerah Berawan,wmo:1
dago,"Dago, Bandung",2026-08-16,32.73.02.1004,Dago,kelurahan,no,-6.889,107.61,Asia/Jakarta,"BMKG point: Dago, Coblong, Kota Bandung",16-08-2026,ICON,Open-Meteo / DWD ICON,08:00,2026-08-16 08:00:00,22.6,77.0,0.0,1.0,0.0,1.4666,Cerah Berawan,wmo:1
dago,"Dago, Bandung",2026-08-16,32.73.02.1004,Dago,kelurahan,no,-6.889,107.61,Asia/Jakarta,"BMKG point: Dago, Coblong, Kota Bandung",16-08-2026,ICON,Open-Meteo / DWD ICON,09:00,2026-08-16 09:00:00,24.9,68.0,0.0,1.3,0.0,1.4666,Cerah Berawan,wmo:1
dago,"Dago, Bandung",2026-08-16,32.73.02.1004,Dago,kelurahan,no,-6.889,107.61,Asia/Jakarta,"BMKG point: Dago, Coblong, Kota Bandung",16-08-2026,ICON,Open-Meteo / DWD ICON,10:00,2026-08-16 10:00:00,27.5,58.0,0.0,1.8,0.0,1.4666,Cerah Berawan,wmo:1
dago,"Dago, Bandung",2026-08-16,32.73.02.1004,Dago,kelurahan,no,-6.889,107.61,Asia/Jakarta,"BMKG point: Dago, Coblong, Kota Bandung",16-08-2026,ICON,Open-Meteo / DWD ICON,11:00,2026-08-16 11:00:00,29.6,49.0,0.0,2.3,0.0,1.4666,Cerah Berawan,wmo:2
dago,"Dago, Bandung",2026-08-16,32.73.02.1004,Dago,kelurahan,no,-6.889,107.61,Asia/Jakarta,"BMKG point: Dago, Coblong, Kota Bandung",16-08-2026,ICON,Open-Meteo / DWD ICON,12:00,2026-08-16 12:00:00,31.0,42.0,0.0,5.1,0.0,1.4666,Cerah Berawan,wmo:2
dago,"Dago, Bandung",2026-08-16,32.73.02.1004,Dago,kelurahan,no,-6.889,107.61,Asia/Jakarta,"BMKG point: Dago, Coblong, Kota Bandung",16-08-2026,ICON,Open-Meteo / DWD ICON,13:00,2026-08-16 13:00:00,31.6,39.0,0.0,7.4,0.0,1.4666,Cerah Berawan,wmo:2
dago,"Dago, Bandung",2026-08-16,32.73.02.1004,Dago,kelurahan,no,-6.889,107.61,Asia/Jakarta,"BMKG point: Dago, Coblong, Kota Bandung",16-08-2026,ICON,Open-Meteo / DWD ICON,14:00,2026-08-16 14:00:00,31.7,37.0,0.0,10.2,0.0,1.4666,Berawan,wmo:3
dago,"Dago, Bandung",2026-08-16,32.73.02.1004,Dago,kelurahan,no,-6.889,107.61,Asia/Jakarta,"BMKG point: Dago, Coblong, Kota Bandung",16-08-2026,ICON,Open-Meteo / DWD ICON,15:00,2026-08-16 15:00:00,31.2,39.0,0.0,11.0,0.0,1.4666,Berawan,wmo:3
dago,"Dago, Bandung",2026-08-16,32.73.02.1004,Dago,kelurahan,no,-6.889,107.61,Asia/Jakarta,"BMKG point: Dago, Coblong, Kota Bandung",16-08-2026,ICON,Open-Meteo / DWD ICON,16:00,2026-08-16 16:00:00,30.6,42.0,0.0,11.5,0.0,1.4666,Cerah Berawan,wmo:1
dago,"Dago, Bandung",2026-08-16,32.73.02.1004,Dago,kelurahan,no,-6.889,107.61,Asia/Jakarta,"BMKG point: Dago, Coblong, Kota Bandung",16-08-2026,ICON,Open-Meteo / DWD ICON,17:00,2026-08-16 17:00:00,29.5,47.0,0.0,10.8,0.0,1.4666,Cerah Berawan,wmo:1
dago,"Dago, Bandung",2026-08-16,32.73.02.1004,Dago,kelurahan,no,-6.889,107.61,Asia/Jakarta,"BMKG point: Dago, Coblong, Kota Bandung",16-08-2026,ICON,Open-Meteo / DWD ICON,18:00,2026-08-16 18:00:00,27.7,55.0,0.0,7.1,0.0,1.4666,Cerah Berawan,wmo:2
dago,"Dago, Bandung",2026-08-16,32.73.02.1004,Dago,kelurahan,no,-6.889,107.61,Asia/Jakarta,"BMKG point: Dago, Coblong, Kota Bandung",16-08-2026,ICON,Open-Meteo / DWD ICON,19:00,2026-08-16 19:00:00,26.2,64.0,0.0,4.5,0.0,1.4666,Cerah Berawan,wmo:2
dago,"Dago, Bandung",2026-08-16,32.73.02.1004,Dago,kelurahan,no,-6.889,107.61,Asia/Jakarta,"BMKG point: Dago, Coblong, Kota Bandung",16-08-2026,ICON,Open-Meteo / DWD ICON,20:00,2026-08-16 20:00:00,25.3,71.0,0.0,2.6,0.0,1.4666,Cerah Berawan,wmo:2
dago,"Dago, Bandung",2026-08-16,32.73.02.1004,Dago,kelurahan,no,-6.889,107.61,Asia/Jakarta,"BMKG point: Dago, Coblong, Kota Bandung",16-08-2026,ICON,Open-Meteo / DWD ICON,21:00,2026-08-16 21:00:00,24.6,75.0,0.0,2.3,0.0,1.4666,Cerah Berawan,wmo:1
dago,"Dago, Bandung",2026-08-16,32.73.02.1004,Dago,kelurahan,no,-6.889,107.61,Asia/Jakarta,"BMKG point: Dago, Coblong, Kota Bandung",16-08-2026,ICON,Open-Meteo / DWD ICON,22:00,2026-08-16 22:00:00,24.1,79.0,0.0,1.8,0.0,1.4666,Cerah Berawan,wmo:2
dago,"Dago, Bandung",2026-08-16,32.73.02.1004,Dago,kelurahan,no,-6.889,107.61,Asia/Jakarta,"BMKG point: Dago, Coblong, Kota Bandung",16-08-2026,ICON,Open-Meteo / DWD ICON,23:00,2026-08-16 23:00:00,23.3,85.0,0.1,2.5,0.0,1.4666,Cerah Berawan,wmo:2
dago,"Dago, Bandung",2026-08-16,32.73.02.1004,Dago,kelurahan,no,-6.889,107.61,Asia/Jakarta,"BMKG point: Dago, Coblong, Kota Bandung",16-08-2026,KMA,Open-Meteo / KMA,00:00,2026-08-16 00:00:00,,,,,0.0,0.5439,Berawan,wmo:None
dago,"Dago, Bandung",2026-08-16,32.73.02.1004,Dago,kelurahan,no,-6.889,107.61,Asia/Jakarta,"BMKG point: Dago, Coblong, Kota Bandung",16-08-2026,KMA,Open-Meteo / KMA,01:00,2026-08-16 01:00:00,,,,,0.0,0.5439,Berawan,wmo:None
dago,"Dago, Bandung",2026-08-16,32.73.02.1004,Dago,kelurahan,no,-6.889,107.61,Asia/Jakarta,"BMKG point: Dago, Coblong, Kota Bandung",16-08-2026,KMA,Open-Meteo / KMA,02:00,2026-08-16 02:00:00,,,,,0.0,0.5439,Berawan,wmo:None
dago,"Dago, Bandung",2026-08-16,32.73.02.1004,Dago,kelurahan,no,-6.889,107.61,Asia/Jakarta,"BMKG point: Dago, Coblong, Kota Bandung",16-08-2026,KMA,Open-Meteo / KMA,03:00,2026-08-16 03:00:00,,,,,0.0,0.5439,Berawan,wmo:None
dago,"Dago, Bandung",2026-08-16,32.73.02.1004,Dago,kelurahan,no,-6.889,107.61,Asia/Jakarta,"BMKG point: Dago, Coblong, Kota Bandung",16-08-2026,KMA,Open-Meteo / KMA,04:00,2026-08-16 04:00:00,,,,,0.0,0.5439,Berawan,wmo:None
dago,"Dago, Bandung",2026-08-16,32.73.02.1004,Dago,kelurahan,no,-6.889,107.61,Asia/Jakarta,"BMKG point: Dago, Coblong, Kota Bandung",16-08-2026,KMA,Open-Meteo / KMA,05:00,2026-08-16 05:00:00,,,,,0.0,0.5439,Berawan,wmo:None
dago,"Dago, Bandung",2026-08-16,32.73.02.1004,Dago,kelurahan,no,-6.889,107.61,Asia/Jakarta,"BMKG point: Dago, Coblong, Kota Bandung",16-08-2026,KMA,Open-Meteo / KMA,06:00,2026-08-16 06:00:00,,,,,0.0,0.5439,Berawan,wmo:None
dago,"Dago, Bandung",2026-08-16,32.73.02.1004,Dago,kelurahan,no,-6.889,107.61,Asia/Jakarta,"BMKG point: Dago, Coblong, Kota Bandung",16-08-2026,KMA,Open-Meteo / KMA,07:00,2026-08-16 07:00:00,,,,,0.0,0.5439,Berawan,wmo:None
dago,"Dago, Bandung",2026-08-16,32.73.02.1004,Dago,kelurahan,no,-6.889,107.61,Asia/Jakarta,"BMKG point: Dago, Coblong, Kota Bandung",16-08-2026,KMA,Open-Meteo / KMA,08:00,2026-08-16 08:00:00,,,,,0.0,0.5439,Berawan,wmo:None
dago,"Dago, Bandung",2026-08-16,32.73.02.1004,Dago,kelurahan,no,-6.889,107.61,Asia/Jakarta,"BMKG point: Dago, Coblong, Kota Bandung",16-08-2026,KMA,Open-Meteo / KMA,09:00,2026-08-16 09:00:00,,,,,0.0,0.5439,Berawan,wmo:None
dago,"Dago, Bandung",2026-08-16,32.73.02.1004,Dago,kelurahan,no,-6.889,107.61,Asia/Jakarta,"BMKG point: Dago, Coblong, Kota Bandung",16-08-2026,KMA,Open-Meteo / KMA,10:00,2026-08-16 10:00:00,,,,,0.0,0.5439,Berawan,wmo:None
dago,"Dago, Bandung",2026-08-16,32.73.02.1004,Dago,kelurahan,no,-6.889,107.61,Asia/Jakarta,"BMKG point: Dago, Coblong, Kota Bandung",16-08-2026,KMA,Open-Meteo / KMA,11:00,2026-08-16 11:00:00,,,,,0.0,0.5439,Berawan,wmo:None
dago,"Dago, Bandung",2026-08-16,32.73.02.1004,Dago,kelurahan,no,-6.889,107.61,Asia/Jakarta,"BMKG point: Dago, Coblong, Kota Bandung",16-08-2026,KMA,Open-Meteo / KMA,12:00,2026-08-16 12:00:00,,,,,0.0,0.5439,Berawan,wmo:None
dago,"Dago, Bandung",2026-08-16,32.73.02.1004,Dago,kelurahan,no,-6.889,107.61,Asia/Jakarta,"BMKG point: Dago, Coblong, Kota Bandung",16-08-2026,KMA,Open-Meteo / KMA,13:00,2026-08-16 13:00:00,,,,,0.0,0.5439,Berawan,wmo:None
dago,"Dago, Bandung",2026-08-16,32.73.02.1004,Dago,kelurahan,no,-6.889,107.61,Asia/Jakarta,"BMKG point: Dago, Coblong, Kota Bandung",16-08-2026,KMA,Open-Meteo / KMA,14:00,2026-08-16 14:00:00,,,,,0.0,0.5439,Berawan,wmo:None
dago,"Dago, Bandung",2026-08-16,32.73.02.1004,Dago,kelurahan,no,-6.889,107.61,Asia/Jakarta,"BMKG point: Dago, Coblong, Kota Bandung",16-08-2026,KMA,Open-Meteo / KMA,15:00,2026-08-16 15:00:00,,,,,0.0,0.5439,Berawan,wmo:None
dago,"Dago, Bandung",2026-08-16,32.73.02.1004,Dago,kelurahan,no,-6.889,107.61,Asia/Jakarta,"BMKG point: Dago, Coblong, Kota Bandung",16-08-2026,KMA,Open-Meteo / KMA,16:00,2026-08-16 16:00:00,,,,,0.0,0.5439,Berawan,wmo:None
dago,"Dago, Bandung",2026-08-16,32.73.02.1004,Dago,kelurahan,no,-6.889,107.61,Asia/Jakarta,"BMKG point: Dago, Coblong, Kota Bandung",16-08-2026,KMA,Open-Meteo / KMA,17:00,2026-08-16 17:00:00,,,,,0.0,0.5439,Berawan,wmo:None
dago,"Dago, Bandung",2026-08-16,32.73.02.1004,Dago,kelurahan,no,-6.889,107.61,Asia/Jakarta,"BMKG point: Dago, Coblong, Kota Bandung",16-08-2026,KMA,Open-Meteo / KMA,18:00,2026-08-16 18:00:00,,,,,0.0,0.5439,Berawan,wmo:None
dago,"Dago, Bandung",2026-08-16,32.73.02.1004,Dago,kelurahan,no,-6.889,107.61,Asia/Jakarta,"BMKG point: Dago, Coblong, Kota Bandung",16-08-2026,KMA,Open-Meteo / KMA,19:00,2026-08-16 19:00:00,,,,,0.0,0.5439,Berawan,wmo:None
dago,"Dago, Bandung",2026-08-16,32.73.02.1004,Dago,kelurahan,no,-6.889,107.61,Asia/Jakarta,"BMKG point: Dago, Coblong, Kota Bandung",16-08-2026,KMA,Open-Meteo / KMA,20:00,2026-08-16 20:00:00,,,,,0.0,0.5439,Berawan,wmo:None
dago,"Dago, Bandung",2026-08-16,32.73.02.1004,Dago,kelurahan,no,-6.889,107.61,Asia/Jakarta,"BMKG point: Dago, Coblong, Kota Bandung",16-08-2026,KMA,Open-Meteo / KMA,21:00,2026-08-16 21:00:00,,,,,0.0,0.5439,Berawan,wmo:None
dago,"Dago, Bandung",2026-08-16,32.73.02.1004,Dago,kelurahan,no,-6.889,107.61,Asia/Jakarta,"BMKG point: Dago, Coblong, Kota Bandung",16-08-2026,KMA,Open-Meteo / KMA,22:00,2026-08-16 22:00:00,,,,,0.0,0.5439,Berawan,wmo:None
dago,"Dago, Bandung",2026-08-16,32.73.02.1004,Dago,kelurahan,no,-6.889,107.61,Asia/Jakarta,"BMKG point: Dago, Coblong, Kota Bandung",16-08-2026,KMA,Open-Meteo / KMA,23:00,2026-08-16 23:00:00,,,,,0.0,0.5439,Berawan,wmo:None
dago,"Dago, Bandung",2026-08-16,32.73.02.1004,Dago,kelurahan,no,-6.889,107.61,Asia/Jakarta,"BMKG point: Dago, Coblong, Kota Bandung",16-08-2026,METEOFRANCE,Open-Meteo / Meteo-France,00:00,2026-08-16 00:00:00,25.9,90.0,0.0,1.5,0.0,1.4897,Berawan,wmo:3
dago,"Dago, Bandung",2026-08-16,32.73.02.1004,Dago,kelurahan,no,-6.889,107.61,Asia/Jakarta,"BMKG point: Dago, Coblong, Kota Bandung",16-08-2026,METEOFRANCE,Open-Meteo / Meteo-France,01:00,2026-08-16 01:00:00,25.7,90.0,0.0,0.4,0.0,1.4897,Berawan,wmo:3
dago,"Dago, Bandung",2026-08-16,32.73.02.1004,Dago,kelurahan,no,-6.889,107.61,Asia/Jakarta,"BMKG point: Dago, Coblong, Kota Bandung",16-08-2026,METEOFRANCE,Open-Meteo / Meteo-France,02:00,2026-08-16 02:00:00,25.6,89.0,0.0,0.7,0.0,1.4897,Berawan,wmo:3
dago,"Dago, Bandung",2026-08-16,32.73.02.1004,Dago,kelurahan,no,-6.889,107.61,Asia/Jakarta,"BMKG point: Dago, Coblong, Kota Bandung",16-08-2026,METEOFRANCE,Open-Meteo / Meteo-France,03:00,2026-08-16 03:00:00,25.2,91.0,0.0,0.4,0.0,1.4897,Berawan,wmo:3
dago,"Dago, Bandung",2026-08-16,32.73.02.1004,Dago,kelurahan,no,-6.889,107.61,Asia/Jakarta,"BMKG point: Dago, Coblong, Kota Bandung",16-08-2026,METEOFRANCE,Open-Meteo / Meteo-France,04:00,2026-08-16 04:00:00,24.7,94.0,0.0,1.0,0.0,1.4897,Berawan,wmo:3
dago,"Dago, Bandung",2026-08-16,32.73.02.1004,Dago,kelurahan,no,-6.889,107.61,Asia/Jakarta,"BMKG point: Dago, Coblong, Kota Bandung",16-08-2026,METEOFRANCE,Open-Meteo / Meteo-France,05:00,2026-08-16 05:00:00,24.3,95.0,0.0,2.1,0.0,1.4897,Berawan,wmo:3
dago,"Dago, Bandung",2026-08-16,32.73.02.1004,Dago,kelurahan,no,-6.889,107.61,Asia/Jakarta,"BMKG point: Dago, Coblong, Kota Bandung",16-08-2026,METEOFRANCE,Open-Meteo / Meteo-France,06:00,2026-08-16 06:00:00,24.0,96.0,0.0,2.3,0.0,1.4897,Berawan,wmo:3
dago,"Dago, Bandung",2026-08-16,32.73.02.1004,Dago,kelurahan,no,-6.889,107.61,Asia/Jakarta,"BMKG point: Dago, Coblong, Kota Bandung",16-08-2026,METEOFRANCE,Open-Meteo / Meteo-France,07:00,2026-08-16 07:00:00,24.5,94.0,0.0,2.0,0.0,1.4897,Berawan,wmo:3
dago,"Dago, Bandung",2026-08-16,32.73.02.1004,Dago,kelurahan,no,-6.889,107.61,Asia/Jakarta,"BMKG point: Dago, Coblong, Kota Bandung",16-08-2026,METEOFRANCE,Open-Meteo / Meteo-France,08:00,2026-08-16 08:00:00,26.1,87.0,0.0,1.9,0.0,1.4897,Berawan,wmo:3
dago,"Dago, Bandung",2026-08-16,32.73.02.1004,Dago,kelurahan,no,-6.889,107.61,Asia/Jakarta,"BMKG point: Dago, Coblong, Kota Bandung",16-08-2026,METEOFRANCE,Open-Meteo / Meteo-France,09:00,2026-08-16 09:00:00,27.6,79.0,0.0,4.4,0.0,1.4897,Cerah Berawan,wmo:2
dago,"Dago, Bandung",2026-08-16,32.73.02.1004,Dago,kelurahan,no,-6.889,107.61,Asia/Jakarta,"BMKG point: Dago, Coblong, Kota Bandung",16-08-2026,METEOFRANCE,Open-Meteo / Meteo-France,10:00,2026-08-16 10:00:00,29.4,70.0,0.0,5.1,0.0,1.4897,Cerah Berawan,wmo:2
dago,"Dago, Bandung",2026-08-16,32.73.02.1004,Dago,kelurahan,no,-6.889,107.61,Asia/Jakarta,"BMKG point: Dago, Coblong, Kota Bandung",16-08-2026,METEOFRANCE,Open-Meteo / Meteo-France,11:00,2026-08-16 11:00:00,31.4,60.0,0.0,7.0,0.0,1.4897,Cerah Berawan,wmo:2
dago,"Dago, Bandung",2026-08-16,32.73.02.1004,Dago,kelurahan,no,-6.889,107.61,Asia/Jakarta,"BMKG point: Dago, Coblong, Kota Bandung",16-08-2026,METEOFRANCE,Open-Meteo / Meteo-France,12:00,2026-08-16 12:00:00,32.9,52.0,0.0,9.9,0.0,1.4897,Cerah Berawan,wmo:2
dago,"Dago, Bandung",2026-08-16,32.73.02.1004,Dago,kelurahan,no,-6.889,107.61,Asia/Jakarta,"BMKG point: Dago, Coblong, Kota Bandung",16-08-2026,METEOFRANCE,Open-Meteo / Meteo-France,13:00,2026-08-16 13:00:00,33.5,50.0,0.0,11.8,0.0,1.4897,Cerah Berawan,wmo:2
dago,"Dago, Bandung",2026-08-16,32.73.02.1004,Dago,kelurahan,no,-6.889,107.61,Asia/Jakarta,"BMKG point: Dago, Coblong, Kota Bandung",16-08-2026,METEOFRANCE,Open-Meteo / Meteo-France,14:00,2026-08-16 14:00:00,33.1,51.0,0.0,12.5,0.0,1.4897,Cerah Berawan,wmo:2
dago,"Dago, Bandung",2026-08-16,32.73.02.1004,Dago,kelurahan,no,-6.889,107.61,Asia/Jakarta,"BMKG point: Dago, Coblong, Kota Bandung",16-08-2026,METEOFRANCE,Open-Meteo / Meteo-France,15:00,2026-08-16 15:00:00,32.2,55.0,0.1,10.8,0.0,1.4897,Hujan Ringan,wmo:51
dago,"Dago, Bandung",2026-08-16,32.73.02.1004,Dago,kelurahan,no,-6.889,107.61,Asia/Jakarta,"BMKG point: Dago, Coblong, Kota Bandung",16-08-2026,METEOFRANCE,Open-Meteo / Meteo-France,16:00,2026-08-16 16:00:00,31.2,58.0,0.3,9.3,0.0,1.4897,Hujan Ringan,wmo:51
dago,"Dago, Bandung",2026-08-16,32.73.02.1004,Dago,kelurahan,no,-6.889,107.61,Asia/Jakarta,"BMKG point: Dago, Coblong, Kota Bandung",16-08-2026,METEOFRANCE,Open-Meteo / Meteo-France,17:00,2026-08-16 17:00:00,29.9,65.0,0.5,8.6,0.0,1.4897,Hujan Ringan,wmo:53
dago,"Dago, Bandung",2026-08-16,32.73.02.1004,Dago,kelurahan,no,-6.889,107.61,Asia/Jakarta,"BMKG point: Dago, Coblong, Kota Bandung",16-08-2026,METEOFRANCE,Open-Meteo / Meteo-France,18:00,2026-08-16 18:00:00,28.5,77.0,0.6,7.4,0.0,1.4897,Hujan Ringan,wmo:53
dago,"Dago, Bandung",2026-08-16,32.73.02.1004,Dago,kelurahan,no,-6.889,107.61,Asia/Jakarta,"BMKG point: Dago, Coblong, Kota Bandung",16-08-2026,METEOFRANCE,Open-Meteo / Meteo-France,19:00,2026-08-16 19:00:00,27.5,84.0,0.8,6.0,0.0,1.4897,Hujan Ringan,wmo:53
dago,"Dago, Bandung",2026-08-16,32.73.02.1004,Dago,kelurahan,no,-6.889,107.61,Asia/Jakarta,"BMKG point: Dago, Coblong, Kota Bandung",16-08-2026,METEOFRANCE,Open-Meteo / Meteo-France,20:00,2026-08-16 20:00:00,26.9,88.0,0.7,4.9,0.0,1.4897,Hujan Ringan,wmo:53
dago,"Dago, Bandung",2026-08-16,32.73.02.1004,Dago,kelurahan,no,-6.889,107.61,Asia/Jakarta,"BMKG point: Dago, Coblong, Kota Bandung",16-08-2026,METEOFRANCE,Open-Meteo / Meteo-France,21:00,2026-08-16 21:00:00,26.3,93.0,0.3,4.1,0.0,1.4897,Hujan Ringan,wmo:51
dago,"Dago, Bandung",2026-08-16,32.73.02.1004,Dago,kelurahan,no,-6.889,107.61,Asia/Jakarta,"BMKG point: Dago, Coblong, Kota Bandung",16-08-2026,METEOFRANCE,Open-Meteo / Meteo-France,22:00,2026-08-16 22:00:00,25.9,96.0,0.0,3.0,0.0,1.4897,Berawan,wmo:3
dago,"Dago, Bandung",2026-08-16,32.73.02.1004,Dago,kelurahan,no,-6.889,107.61,Asia/Jakarta,"BMKG point: Dago, Coblong, Kota Bandung",16-08-2026,METEOFRANCE,Open-Meteo / Meteo-France,23:00,2026-08-16 23:00:00,25.7,98.0,0.0,1.9,0.0,1.4897,Cerah Berawan,wmo:2
dago,"Dago, Bandung",2026-08-16,32.73.02.1004,Dago,kelurahan,no,-6.889,107.61,Asia/Jakarta,"BMKG point: Dago, Coblong, Kota Bandung",16-08-2026,METNO,MET Norway,00:00,2026-08-16 00:00:00,21.0,84.8,0.0,3.24,0.0,1.3466,Cerah Berawan,partlycloudy_night
dago,"Dago, Bandung",2026-08-16,32.73.02.1004,Dago,kelurahan,no,-6.889,107.61,Asia/Jakarta,"BMKG point: Dago, Coblong, Kota Bandung",16-08-2026,METNO,MET Norway,01:00,2026-08-16 01:00:00,20.1,90.6,0.0,3.24,0.0,1.3466,Berawan,cloudy
dago,"Dago, Bandung",2026-08-16,32.73.02.1004,Dago,kelurahan,no,-6.889,107.61,Asia/Jakarta,"BMKG point: Dago, Coblong, Kota Bandung",16-08-2026,METNO,MET Norway,02:00,2026-08-16 02:00:00,19.1,95.7,0.0,5.04,0.0,1.3466,Berawan,fog
dago,"Dago, Bandung",2026-08-16,32.73.02.1004,Dago,kelurahan,no,-6.889,107.61,Asia/Jakarta,"BMKG point: Dago, Coblong, Kota Bandung",16-08-2026,METNO,MET Norway,03:00,2026-08-16 03:00:00,18.4,98.5,0.0,5.76,0.0,1.3466,Berawan,fog
dago,"Dago, Bandung",2026-08-16,32.73.02.1004,Dago,kelurahan,no,-6.889,107.61,Asia/Jakarta,"BMKG point: Dago, Coblong, Kota Bandung",16-08-2026,METNO,MET Norway,04:00,2026-08-16 04:00:00,17.8,99.2,0.0,5.4,0.0,1.3466,Berawan,fog
dago,"Dago, Bandung",2026-08-16,32.73.02.1004,Dago,kelurahan,no,-6.889,107.61,Asia/Jakarta,"BMKG point: Dago, Coblong, Kota Bandung",16-08-2026,METNO,MET Norway,05:00,2026-08-16 05:00:00,17.3,99.8,0.0,5.4,0.0,1.3466,Berawan,fog
dago,"Dago, Bandung",2026-08-16,32.73.02.1004,Dago,kelurahan,no,-6.889,107.61,Asia/Jakarta,"BMKG point: Dago, Coblong, Kota Bandung",16-08-2026,METNO,MET Norway,06:00,2026-08-16 06:00:00,17.1,99.6,0.0,5.04,0.0,1.3466,Berawan,fog
dago,"Dago, Bandung",2026-08-16,32.73.02.1004,Dago,kelurahan,no,-6.889,107.61,Asia/Jakarta,"BMKG point: Dago, Coblong, Kota Bandung",16-08-2026,METNO,MET Norway,07:00,2026-08-16 07:00:00,18.7,96.2,0.0,5.04,0.0,1.3466,Berawan,fog
dago,"Dago, Bandung",2026-08-16,32.73.02.1004,Dago,kelurahan,no,-6.889,107.61,Asia/Jakarta,"BMKG point: Dago, Coblong, Kota Bandung",16-08-2026,METNO,MET Norway,08:00,2026-08-16 08:00:00,22.3,77.5,0.0,3.96,0.0,1.3466,Cerah Berawan,partlycloudy_day
dago,"Dago, Bandung",2026-08-16,32.73.02.1004,Dago,kelurahan,no,-6.889,107.61,Asia/Jakarta,"BMKG point: Dago, Coblong, Kota Bandung",16-08-2026,METNO,MET Norway,09:00,2026-08-16 09:00:00,24.7,66.5,0.0,4.68,0.0,1.3466,Cerah Berawan,partlycloudy_day
dago,"Dago, Bandung",2026-08-16,32.73.02.1004,Dago,kelurahan,no,-6.889,107.61,Asia/Jakarta,"BMKG point: Dago, Coblong, Kota Bandung",16-08-2026,METNO,MET Norway,10:00,2026-08-16 10:00:00,26.3,59.7,0.2,5.76,0.0,1.3466,Hujan Ringan,lightrainshowers_day
dago,"Dago, Bandung",2026-08-16,32.73.02.1004,Dago,kelurahan,no,-6.889,107.61,Asia/Jakarta,"BMKG point: Dago, Coblong, Kota Bandung",16-08-2026,METNO,MET Norway,11:00,2026-08-16 11:00:00,27.5,54.6,0.2,6.84,0.0,1.3466,Hujan Ringan,lightrain
dago,"Dago, Bandung",2026-08-16,32.73.02.1004,Dago,kelurahan,no,-6.889,107.61,Asia/Jakarta,"BMKG point: Dago, Coblong, Kota Bandung",16-08-2026,METNO,MET Norway,12:00,2026-08-16 12:00:00,28.5,50.6,0.2,7.56,0.0,1.3466,Hujan Ringan,lightrain
dago,"Dago, Bandung",2026-08-16,32.73.02.1004,Dago,kelurahan,no,-6.889,107.61,Asia/Jakarta,"BMKG point: Dago, Coblong, Kota Bandung",16-08-2026,METNO,MET Norway,13:00,2026-08-16 13:00:00,29.0,47.9,0.2,10.8,0.0,1.3466,Hujan Ringan,lightrainshowers_day
dago,"Dago, Bandung",2026-08-16,32.73.02.1004,Dago,kelurahan,no,-6.889,107.61,Asia/Jakarta,"BMKG point: Dago, Coblong, Kota Bandung",16-08-2026,METNO,MET Norway,14:00,2026-08-16 14:00:00,29.2,47.1,0.2,12.24,0.0,1.3466,Hujan Ringan,lightrainshowers_day
dago,"Dago, Bandung",2026-08-16,32.73.02.1004,Dago,kelurahan,no,-6.889,107.61,Asia/Jakarta,"BMKG point: Dago, Coblong, Kota Bandung",16-08-2026,METNO,MET Norway,15:00,2026-08-16 15:00:00,28.8,47.6,0.3,11.52,0.0,1.3466,Hujan Ringan,rainshowers_day
dago,"Dago, Bandung",2026-08-16,32.73.02.1004,Dago,kelurahan,no,-6.889,107.61,Asia/Jakarta,"BMKG point: Dago, Coblong, Kota Bandung",16-08-2026,METNO,MET Norway,16:00,2026-08-16 16:00:00,27.3,51.9,0.8,10.8,0.0,1.3466,Hujan Ringan,rainshowers_day
dago,"Dago, Bandung",2026-08-16,32.73.02.1004,Dago,kelurahan,no,-6.889,107.61,Asia/Jakarta,"BMKG point: Dago, Coblong, Kota Bandung",16-08-2026,METNO,MET Norway,17:00,2026-08-16 17:00:00,25.9,60.1,0.5,7.92,0.0,1.3466,Hujan Ringan,rainshowers_day
dago,"Dago, Bandung",2026-08-16,32.73.02.1004,Dago,kelurahan,no,-6.889,107.61,Asia/Jakarta,"BMKG point: Dago, Coblong, Kota Bandung",16-08-2026,METNO,MET Norway,18:00,2026-08-16 18:00:00,24.7,70.8,0.0,4.68,0.0,1.3466,Cerah Berawan,fair_night
dago,"Dago, Bandung",2026-08-16,32.73.02.1004,Dago,kelurahan,no,-6.889,107.61,Asia/Jakarta,"BMKG point: Dago, Coblong, Kota Bandung",16-08-2026,METNO,MET Norway,19:00,2026-08-16 19:00:00,24.1,74.6,0.0,6.84,0.0,1.3466,Cerah Berawan,fair_night
dago,"Dago, Bandung",2026-08-16,32.73.02.1004,Dago,kelurahan,no,-6.889,107.61,Asia/Jakarta,"BMKG point: Dago, Coblong, Kota Bandung",16-08-2026,METNO,MET Norway,20:00,2026-08-16 20:00:00,23.3,79.2,0.0,6.84,0.0,1.3466,Cerah Berawan,fair_night
dago,"Dago, Bandung",2026-08-16,32.73.02.1004,Dago,kelurahan,no,-6.889,107.61,Asia/Jakarta,"BMKG point: Dago, Coblong, Kota Bandung",16-08-2026,METNO,MET Norway,21:00,2026-08-16 21:00:00,22.3,84.3,0.0,5.04,0.0,1.3466,Cerah Berawan,fair_night
dago,"Dago, Bandung",2026-08-16,32.73.02.1004,Dago,kelurahan,no,-6.889,107.61,Asia/Jakarta,"BMKG point: Dago, Coblong, Kota Bandung",16-08-2026,METNO,MET Norway,22:00,2026-08-16 22:00:00,21.6,88.0,0.0,4.32,0.0,1.3466,Berawan,fog
dago,"Dago, Bandung",2026-08-16,32.73.02.1004,Dago,kelurahan,no,-6.889,107.61,Asia/Jakarta,"BMKG point: Dago, Coblong, Kota Bandung",16-08-2026,METNO,MET Norway,23:00,2026-08-16 23:00:00,21.0,91.7,0.0,4.32,0.0,1.3466,Berawan,fog
dago,"Dago, Bandung",2026-08-16,32.73.02.1004,Dago,kelurahan,no,-6.889,107.61,Asia/Jakarta,"BMKG point: Dago, Coblong, Kota Bandung",16-08-2026,UKMO,Open-Meteo / UK Met Office,00:00,2026-08-16 00:00:00,21.4,86.0,0.0,4.7,0.0,1.3131,Cerah,wmo:0
dago,"Dago, Bandung",2026-08-16,32.73.02.1004,Dago,kelurahan,no,-6.889,107.61,Asia/Jakarta,"BMKG point: Dago, Coblong, Kota Bandung",16-08-2026,UKMO,Open-Meteo / UK Met Office,01:00,2026-08-16 01:00:00,20.7,88.0,0.0,4.7,0.0,1.3131,Cerah,wmo:0
dago,"Dago, Bandung",2026-08-16,32.73.02.1004,Dago,kelurahan,no,-6.889,107.61,Asia/Jakarta,"BMKG point: Dago, Coblong, Kota Bandung",16-08-2026,UKMO,Open-Meteo / UK Met Office,02:00,2026-08-16 02:00:00,20.3,90.0,0.0,4.3,0.0,1.3131,Cerah,wmo:0
dago,"Dago, Bandung",2026-08-16,32.73.02.1004,Dago,kelurahan,no,-6.889,107.61,Asia/Jakarta,"BMKG point: Dago, Coblong, Kota Bandung",16-08-2026,UKMO,Open-Meteo / UK Met Office,03:00,2026-08-16 03:00:00,20.0,90.0,0.0,5.0,0.0,1.3131,Cerah Berawan,wmo:2
dago,"Dago, Bandung",2026-08-16,32.73.02.1004,Dago,kelurahan,no,-6.889,107.61,Asia/Jakarta,"BMKG point: Dago, Coblong, Kota Bandung",16-08-2026,UKMO,Open-Meteo / UK Met Office,04:00,2026-08-16 04:00:00,19.7,90.0,0.0,4.3,0.0,1.3131,Berawan,wmo:3
dago,"Dago, Bandung",2026-08-16,32.73.02.1004,Dago,kelurahan,no,-6.889,107.61,Asia/Jakarta,"BMKG point: Dago, Coblong, Kota Bandung",16-08-2026,UKMO,Open-Meteo / UK Met Office,05:00,2026-08-16 05:00:00,19.2,90.0,0.0,2.9,0.0,1.3131,Berawan,wmo:3
dago,"Dago, Bandung",2026-08-16,32.73.02.1004,Dago,kelurahan,no,-6.889,107.61,Asia/Jakarta,"BMKG point: Dago, Coblong, Kota Bandung",16-08-2026,UKMO,Open-Meteo / UK Met Office,06:00,2026-08-16 06:00:00,19.0,88.0,0.0,3.2,0.0,1.3131,Berawan,wmo:3
dago,"Dago, Bandung",2026-08-16,32.73.02.1004,Dago,kelurahan,no,-6.889,107.61,Asia/Jakarta,"BMKG point: Dago, Coblong, Kota Bandung",16-08-2026,UKMO,Open-Meteo / UK Met Office,07:00,2026-08-16 07:00:00,20.1,84.0,0.0,4.0,0.0,1.3131,Cerah Berawan,wmo:2
dago,"Dago, Bandung",2026-08-16,32.73.02.1004,Dago,kelurahan,no,-6.889,107.61,Asia/Jakarta,"BMKG point: Dago, Coblong, Kota Bandung",16-08-2026,UKMO,Open-Meteo / UK Met Office,08:00,2026-08-16 08:00:00,21.8,77.0,0.0,1.1,0.0,1.3131,Berawan,wmo:3
dago,"Dago, Bandung",2026-08-16,32.73.02.1004,Dago,kelurahan,no,-6.889,107.61,Asia/Jakarta,"BMKG point: Dago, Coblong, Kota Bandung",16-08-2026,UKMO,Open-Meteo / UK Met Office,09:00,2026-08-16 09:00:00,23.3,71.0,0.0,1.4,0.0,1.3131,Cerah,wmo:0
dago,"Dago, Bandung",2026-08-16,32.73.02.1004,Dago,kelurahan,no,-6.889,107.61,Asia/Jakarta,"BMKG point: Dago, Coblong, Kota Bandung",16-08-2026,UKMO,Open-Meteo / UK Met Office,10:00,2026-08-16 10:00:00,24.8,65.0,0.0,2.9,0.0,1.3131,Cerah,wmo:0
dago,"Dago, Bandung",2026-08-16,32.73.02.1004,Dago,kelurahan,no,-6.889,107.61,Asia/Jakarta,"BMKG point: Dago, Coblong, Kota Bandung",16-08-2026,UKMO,Open-Meteo / UK Met Office,11:00,2026-08-16 11:00:00,26.5,58.0,0.0,4.0,0.0,1.3131,Cerah,wmo:0
dago,"Dago, Bandung",2026-08-16,32.73.02.1004,Dago,kelurahan,no,-6.889,107.61,Asia/Jakarta,"BMKG point: Dago, Coblong, Kota Bandung",16-08-2026,UKMO,Open-Meteo / UK Met Office,12:00,2026-08-16 12:00:00,28.6,43.0,0.0,6.5,0.0,1.3131,Cerah Berawan,wmo:1
dago,"Dago, Bandung",2026-08-16,32.73.02.1004,Dago,kelurahan,no,-6.889,107.61,Asia/Jakarta,"BMKG point: Dago, Coblong, Kota Bandung",16-08-2026,UKMO,Open-Meteo / UK Met Office,13:00,2026-08-16 13:00:00,29.6,37.0,0.0,7.2,0.0,1.3131,Cerah Berawan,wmo:1
dago,"Dago, Bandung",2026-08-16,32.73.02.1004,Dago,kelurahan,no,-6.889,107.61,Asia/Jakarta,"BMKG point: Dago, Coblong, Kota Bandung",16-08-2026,UKMO,Open-Meteo / UK Met Office,14:00,2026-08-16 14:00:00,30.3,34.0,0.0,7.6,0.0,1.3131,Cerah Berawan,wmo:1
dago,"Dago, Bandung",2026-08-16,32.73.02.1004,Dago,kelurahan,no,-6.889,107.61,Asia/Jakarta,"BMKG point: Dago, Coblong, Kota Bandung",16-08-2026,UKMO,Open-Meteo / UK Met Office,15:00,2026-08-16 15:00:00,30.0,37.0,0.0,7.6,0.0,1.3131,Berawan,wmo:3
dago,"Dago, Bandung",2026-08-16,32.73.02.1004,Dago,kelurahan,no,-6.889,107.61,Asia/Jakarta,"BMKG point: Dago, Coblong, Kota Bandung",16-08-2026,UKMO,Open-Meteo / UK Met Office,16:00,2026-08-16 16:00:00,29.2,41.0,0.0,3.6,0.0,1.3131,Cerah Berawan,wmo:2
dago,"Dago, Bandung",2026-08-16,32.73.02.1004,Dago,kelurahan,no,-6.889,107.61,Asia/Jakarta,"BMKG point: Dago, Coblong, Kota Bandung",16-08-2026,UKMO,Open-Meteo / UK Met Office,17:00,2026-08-16 17:00:00,27.7,54.0,0.1,11.2,0.0,1.3131,Hujan Ringan,wmo:51
dago,"Dago, Bandung",2026-08-16,32.73.02.1004,Dago,kelurahan,no,-6.889,107.61,Asia/Jakarta,"BMKG point: Dago, Coblong, Kota Bandung",16-08-2026,UKMO,Open-Meteo / UK Met Office,18:00,2026-08-16 18:00:00,25.7,67.0,0.0,11.5,0.0,1.3131,Cerah,wmo:0
dago,"Dago, Bandung",2026-08-16,32.73.02.1004,Dago,kelurahan,no,-6.889,107.61,Asia/Jakarta,"BMKG point: Dago, Coblong, Kota Bandung",16-08-2026,UKMO,Open-Meteo / UK Met Office,19:00,2026-08-16 19:00:00,24.4,73.0,0.0,5.8,0.0,1.3131,Cerah,wmo:0
dago,"Dago, Bandung",2026-08-16,32.73.02.1004,Dago,kelurahan,no,-6.889,107.61,Asia/Jakarta,"BMKG point: Dago, Coblong, Kota Bandung",16-08-2026,UKMO,Open-Meteo / UK Met Office,20:00,2026-08-16 20:00:00,23.8,79.0,0.0,3.2,0.0,1.3131,Cerah,wmo:0
dago,"Dago, Bandung",2026-08-16,32.73.02.1004,Dago,kelurahan,no,-6.889,107.61,Asia/Jakarta,"BMKG point: Dago, Coblong, Kota Bandung",16-08-2026,UKMO,Open-Meteo / UK Met Office,21:00,2026-08-16 21:00:00,23.0,82.0,0.0,4.0,0.0,1.3131,Cerah Berawan,wmo:2
dago,"Dago, Bandung",2026-08-16,32.73.02.1004,Dago,kelurahan,no,-6.889,107.61,Asia/Jakarta,"BMKG point: Dago, Coblong, Kota Bandung",16-08-2026,UKMO,Open-Meteo / UK Met Office,22:00,2026-08-16 22:00:00,22.6,85.0,0.0,4.0,0.0,1.3131,Berawan,wmo:3
dago,"Dago, Bandung",2026-08-16,32.73.02.1004,Dago,kelurahan,no,-6.889,107.61,Asia/Jakarta,"BMKG point: Dago, Coblong, Kota Bandung",16-08-2026,UKMO,Open-Meteo / UK Met Office,23:00,2026-08-16 23:00:00,22.2,87.0,0.0,3.2,0.0,1.3131,Berawan,wmo:3
dago,"Dago, Bandung",2026-08-17,32.73.02.1004,Dago,kelurahan,no,-6.889,107.61,Asia/Jakarta,"BMKG point: Dago, Coblong, Kota Bandung",17-08-2026,BMKG,BMKG,00:00,2026-08-17 00:00:00,19.0,98.0,0.0,0.8,0.0,1.6615,Cerah Berawan,Cerah Berawan
dago,"Dago, Bandung",2026-08-17,32.73.02.1004,Dago,kelurahan,no,-6.889,107.61,Asia/Jakarta,"BMKG point: Dago, Coblong, Kota Bandung",17-08-2026,BMKG,BMKG,01:00,2026-08-17 00:00:00,19.0,98.0,0.0,0.8,60.0,1.2461,Cerah Berawan,Cerah Berawan
dago,"Dago, Bandung",2026-08-17,32.73.02.1004,Dago,kelurahan,no,-6.889,107.61,Asia/Jakarta,"BMKG point: Dago, Coblong, Kota Bandung",17-08-2026,BMKG,BMKG,02:00,2026-08-17 03:00:00,18.0,98.0,0.0,2.9,60.0,1.2461,Berawan,Berawan
dago,"Dago, Bandung",2026-08-17,32.73.02.1004,Dago,kelurahan,no,-6.889,107.61,Asia/Jakarta,"BMKG point: Dago, Coblong, Kota Bandung",17-08-2026,BMKG,BMKG,03:00,2026-08-17 03:00:00,18.0,98.0,0.0,2.9,0.0,1.6615,Berawan,Berawan
dago,"Dago, Bandung",2026-08-17,32.73.02.1004,Dago,kelurahan,no,-6.889,107.61,Asia/Jakarta,"BMKG point: Dago, Coblong, Kota Bandung",17-08-2026,BMKG,BMKG,04:00,2026-08-17 03:00:00,18.0,98.0,0.0,2.9,60.0,1.2461,Berawan,Berawan
dago,"Dago, Bandung",2026-08-17,32.73.02.1004,Dago,kelurahan,no,-6.889,107.61,Asia/Jakarta,"BMKG point: Dago, Coblong, Kota Bandung",17-08-2026,BMKG,BMKG,05:00,2026-08-17 06:00:00,19.0,94.0,0.0,1.8,60.0,1.2461,Berawan,Berawan
dago,"Dago, Bandung",2026-08-17,32.73.02.1004,Dago,kelurahan,no,-6.889,107.61,Asia/Jakarta,"BMKG point: Dago, Coblong, Kota Bandung",17-08-2026,BMKG,BMKG,06:00,2026-08-17 06:00:00,19.0,94.0,0.0,1.8,0.0,1.6615,Berawan,Berawan
dago,"Dago, Bandung",2026-08-17,32.73.02.1004,Dago,kelurahan,no,-6.889,107.61,Asia/Jakarta,"BMKG point: Dago, Coblong, Kota Bandung",17-08-2026,BMKG,BMKG,07:00,2026-08-17 06:00:00,19.0,94.0,0.0,1.8,60.0,1.2461,Berawan,Berawan
dago,"Dago, Bandung",2026-08-17,32.73.02.1004,Dago,kelurahan,no,-6.889,107.61,Asia/Jakarta,"BMKG point: Dago, Coblong, Kota Bandung",17-08-2026,BMKG,BMKG,08:00,2026-08-17 09:00:00,26.0,59.0,0.0,1.8,60.0,1.2461,Cerah,Cerah
dago,"Dago, Bandung",2026-08-17,32.73.02.1004,Dago,kelurahan,no,-6.889,107.61,Asia/Jakarta,"BMKG point: Dago, Coblong, Kota Bandung",17-08-2026,BMKG,BMKG,09:00,2026-08-17 09:00:00,26.0,59.0,0.0,1.8,0.0,1.6615,Cerah,Cerah
dago,"Dago, Bandung",2026-08-17,32.73.02.1004,Dago,kelurahan,no,-6.889,107.61,Asia/Jakarta,"BMKG point: Dago, Coblong, Kota Bandung",17-08-2026,BMKG,BMKG,10:00,2026-08-17 09:00:00,26.0,59.0,0.0,1.8,60.0,1.2461,Cerah,Cerah
dago,"Dago, Bandung",2026-08-17,32.73.02.1004,Dago,kelurahan,no,-6.889,107.61,Asia/Jakarta,"BMKG point: Dago, Coblong, Kota Bandung",17-08-2026,BMKG,BMKG,11:00,2026-08-17 12:00:00,28.0,49.0,0.0,8.5,60.0,1.2461,Cerah,Cerah
dago,"Dago, Bandung",2026-08-17,32.73.02.1004,Dago,kelurahan,no,-6.889,107.61,Asia/Jakarta,"BMKG point: Dago, Coblong, Kota Bandung",17-08-2026,BMKG,BMKG,12:00,2026-08-17 12:00:00,28.0,49.0,0.0,8.5,0.0,1.6615,Cerah,Cerah
dago,"Dago, Bandung",2026-08-17,32.73.02.1004,Dago,kelurahan,no,-6.889,107.61,Asia/Jakarta,"BMKG point: Dago, Coblong, Kota Bandung",17-08-2026,BMKG,BMKG,13:00,2026-08-17 12:00:00,28.0,49.0,0.0,8.5,60.0,1.2461,Cerah,Cerah
dago,"Dago, Bandung",2026-08-17,32.73.02.1004,Dago,kelurahan,no,-6.889,107.61,Asia/Jakarta,"BMKG point: Dago, Coblong, Kota Bandung",17-08-2026,BMKG,BMKG,14:00,2026-08-17 15:00:00,27.0,52.0,0.0,8.5,60.0,1.2461,Cerah,Cerah
dago,"Dago, Bandung",2026-08-17,32.73.02.1004,Dago,kelurahan,no,-6.889,107.61,Asia/Jakarta,"BMKG point: Dago, Coblong, Kota Bandung",17-08-2026,BMKG,BMKG,15:00,2026-08-17 15:00:00,27.0,52.0,0.0,8.5,0.0,1.6615,Cerah,Cerah
dago,"Dago, Bandung",2026-08-17,32.73.02.1004,Dago,kelurahan,no,-6.889,107.61,Asia/Jakarta,"BMKG point: Dago, Coblong, Kota Bandung",17-08-2026,BMKG,BMKG,16:00,2026-08-17 15:00:00,27.0,52.0,0.0,8.5,60.0,1.2461,Cerah,Cerah
dago,"Dago, Bandung",2026-08-17,32.73.02.1004,Dago,kelurahan,no,-6.889,107.61,Asia/Jakarta,"BMKG point: Dago, Coblong, Kota Bandung",17-08-2026,BMKG,BMKG,17:00,2026-08-17 18:00:00,22.0,79.0,0.0,3.9,60.0,1.2461,Cerah,Cerah
dago,"Dago, Bandung",2026-08-17,32.73.02.1004,Dago,kelurahan,no,-6.889,107.61,Asia/Jakarta,"BMKG point: Dago, Coblong, Kota Bandung",17-08-2026,BMKG,BMKG,18:00,2026-08-17 18:00:00,22.0,79.0,0.0,3.9,0.0,1.6615,Cerah,Cerah
dago,"Dago, Bandung",2026-08-17,32.73.02.1004,Dago,kelurahan,no,-6.889,107.61,Asia/Jakarta,"BMKG point: Dago, Coblong, Kota Bandung",17-08-2026,BMKG,BMKG,19:00,2026-08-17 18:00:00,22.0,79.0,0.0,3.9,60.0,1.2461,Cerah,Cerah
dago,"Dago, Bandung",2026-08-17,32.73.02.1004,Dago,kelurahan,no,-6.889,107.61,Asia/Jakarta,"BMKG point: Dago, Coblong, Kota Bandung",17-08-2026,BMKG,BMKG,20:00,2026-08-17 21:00:00,21.0,89.0,0.0,3.9,60.0,1.2461,Cerah,Cerah
dago,"Dago, Bandung",2026-08-17,32.73.02.1004,Dago,kelurahan,no,-6.889,107.61,Asia/Jakarta,"BMKG point: Dago, Coblong, Kota Bandung",17-08-2026,BMKG,BMKG,21:00,2026-08-17 21:00:00,21.0,89.0,0.0,3.9,0.0,1.6615,Cerah,Cerah
dago,"Dago, Bandung",2026-08-17,32.73.02.1004,Dago,kelurahan,no,-6.889,107.61,Asia/Jakarta,"BMKG point: Dago, Coblong, Kota Bandung",17-08-2026,BMKG,BMKG,22:00,2026-08-17 21:00:00,21.0,89.0,0.0,3.9,60.0,1.2461,Cerah,Cerah
dago,"Dago, Bandung",2026-08-17,32.73.02.1004,Dago,kelurahan,no,-6.889,107.61,Asia/Jakarta,"BMKG point: Dago, Coblong, Kota Bandung",17-08-2026,BMKG,BMKG,23:00,2026-08-17 21:00:00,21.0,89.0,0.0,3.9,120.0,0.9138,Cerah,Cerah
dago,"Dago, Bandung",2026-08-17,32.73.02.1004,Dago,kelurahan,no,-6.889,107.61,Asia/Jakarta,"BMKG point: Dago, Coblong, Kota Bandung",17-08-2026,CMA,Open-Meteo / CMA GRAPES,00:00,2026-08-17 00:00:00,21.4,96.0,0.0,2.4,0.0,1.1253,Cerah,wmo:0
dago,"Dago, Bandung",2026-08-17,32.73.02.1004,Dago,kelurahan,no,-6.889,107.61,Asia/Jakarta,"BMKG point: Dago, Coblong, Kota Bandung",17-08-2026,CMA,Open-Meteo / CMA GRAPES,01:00,2026-08-17 01:00:00,21.4,96.0,0.0,3.2,0.0,1.1253,Berawan,wmo:45
dago,"Dago, Bandung",2026-08-17,32.73.02.1004,Dago,kelurahan,no,-6.889,107.61,Asia/Jakarta,"BMKG point: Dago, Coblong, Kota Bandung",17-08-2026,CMA,Open-Meteo / CMA GRAPES,02:00,2026-08-17 02:00:00,21.1,96.0,0.0,3.4,0.0,1.1253,Cerah,wmo:0
dago,"Dago, Bandung",2026-08-17,32.73.02.1004,Dago,kelurahan,no,-6.889,107.61,Asia/Jakarta,"BMKG point: Dago, Coblong, Kota Bandung",17-08-2026,CMA,Open-Meteo / CMA GRAPES,03:00,2026-08-17 03:00:00,20.7,95.0,0.0,2.8,0.0,1.1253,Cerah,wmo:0
dago,"Dago, Bandung",2026-08-17,32.73.02.1004,Dago,kelurahan,no,-6.889,107.61,Asia/Jakarta,"BMKG point: Dago, Coblong, Kota Bandung",17-08-2026,CMA,Open-Meteo / CMA GRAPES,04:00,2026-08-17 04:00:00,20.6,93.0,0.0,2.6,0.0,1.1253,Cerah,wmo:0
dago,"Dago, Bandung",2026-08-17,32.73.02.1004,Dago,kelurahan,no,-6.889,107.61,Asia/Jakarta,"BMKG point: Dago, Coblong, Kota Bandung",17-08-2026,CMA,Open-Meteo / CMA GRAPES,05:00,2026-08-17 05:00:00,20.8,91.0,0.0,3.0,0.0,1.1253,Cerah,wmo:0
dago,"Dago, Bandung",2026-08-17,32.73.02.1004,Dago,kelurahan,no,-6.889,107.61,Asia/Jakarta,"BMKG point: Dago, Coblong, Kota Bandung",17-08-2026,CMA,Open-Meteo / CMA GRAPES,06:00,2026-08-17 06:00:00,21.3,89.0,0.0,3.6,0.0,1.1253,Cerah,wmo:0
dago,"Dago, Bandung",2026-08-17,32.73.02.1004,Dago,kelurahan,no,-6.889,107.61,Asia/Jakarta,"BMKG point: Dago, Coblong, Kota Bandung",17-08-2026,CMA,Open-Meteo / CMA GRAPES,07:00,2026-08-17 07:00:00,22.0,86.0,0.0,3.4,0.0,1.1253,Cerah,wmo:0
dago,"Dago, Bandung",2026-08-17,32.73.02.1004,Dago,kelurahan,no,-6.889,107.61,Asia/Jakarta,"BMKG point: Dago, Coblong, Kota Bandung",17-08-2026,CMA,Open-Meteo / CMA GRAPES,08:00,2026-08-17 08:00:00,23.0,83.0,0.0,1.5,0.0,1.1253,Cerah,wmo:0
dago,"Dago, Bandung",2026-08-17,32.73.02.1004,Dago,kelurahan,no,-6.889,107.61,Asia/Jakarta,"BMKG point: Dago, Coblong, Kota Bandung",17-08-2026,CMA,Open-Meteo / CMA GRAPES,09:00,2026-08-17 09:00:00,24.1,80.0,0.0,4.3,0.0,1.1253,Cerah,wmo:0
dago,"Dago, Bandung",2026-08-17,32.73.02.1004,Dago,kelurahan,no,-6.889,107.61,Asia/Jakarta,"BMKG point: Dago, Coblong, Kota Bandung",17-08-2026,CMA,Open-Meteo / CMA GRAPES,10:00,2026-08-17 10:00:00,25.2,76.0,0.0,7.8,0.0,1.1253,Cerah,wmo:0
dago,"Dago, Bandung",2026-08-17,32.73.02.1004,Dago,kelurahan,no,-6.889,107.61,Asia/Jakarta,"BMKG point: Dago, Coblong, Kota Bandung",17-08-2026,CMA,Open-Meteo / CMA GRAPES,11:00,2026-08-17 11:00:00,26.1,71.0,0.0,9.4,0.0,1.1253,Cerah,wmo:0
dago,"Dago, Bandung",2026-08-17,32.73.02.1004,Dago,kelurahan,no,-6.889,107.61,Asia/Jakarta,"BMKG point: Dago, Coblong, Kota Bandung",17-08-2026,CMA,Open-Meteo / CMA GRAPES,12:00,2026-08-17 12:00:00,27.0,66.0,0.0,10.4,0.0,1.1253,Cerah,wmo:0
dago,"Dago, Bandung",2026-08-17,32.73.02.1004,Dago,kelurahan,no,-6.889,107.61,Asia/Jakarta,"BMKG point: Dago, Coblong, Kota Bandung",17-08-2026,CMA,Open-Meteo / CMA GRAPES,13:00,2026-08-17 13:00:00,27.5,63.0,0.0,11.9,0.0,1.1253,Cerah,wmo:0
dago,"Dago, Bandung",2026-08-17,32.73.02.1004,Dago,kelurahan,no,-6.889,107.61,Asia/Jakarta,"BMKG point: Dago, Coblong, Kota Bandung",17-08-2026,CMA,Open-Meteo / CMA GRAPES,14:00,2026-08-17 14:00:00,27.5,63.0,0.0,14.8,0.0,1.1253,Cerah,wmo:0
dago,"Dago, Bandung",2026-08-17,32.73.02.1004,Dago,kelurahan,no,-6.889,107.61,Asia/Jakarta,"BMKG point: Dago, Coblong, Kota Bandung",17-08-2026,CMA,Open-Meteo / CMA GRAPES,15:00,2026-08-17 15:00:00,27.1,64.0,0.0,18.0,0.0,1.1253,Cerah,wmo:0
dago,"Dago, Bandung",2026-08-17,32.73.02.1004,Dago,kelurahan,no,-6.889,107.61,Asia/Jakarta,"BMKG point: Dago, Coblong, Kota Bandung",17-08-2026,CMA,Open-Meteo / CMA GRAPES,16:00,2026-08-17 16:00:00,26.5,67.0,0.0,19.1,0.0,1.1253,Cerah,wmo:0
dago,"Dago, Bandung",2026-08-17,32.73.02.1004,Dago,kelurahan,no,-6.889,107.61,Asia/Jakarta,"BMKG point: Dago, Coblong, Kota Bandung",17-08-2026,CMA,Open-Meteo / CMA GRAPES,17:00,2026-08-17 17:00:00,25.5,72.0,0.0,16.9,0.0,1.1253,Cerah,wmo:0
dago,"Dago, Bandung",2026-08-17,32.73.02.1004,Dago,kelurahan,no,-6.889,107.61,Asia/Jakarta,"BMKG point: Dago, Coblong, Kota Bandung",17-08-2026,CMA,Open-Meteo / CMA GRAPES,18:00,2026-08-17 18:00:00,24.3,78.0,0.0,13.0,0.0,1.1253,Cerah,wmo:0
dago,"Dago, Bandung",2026-08-17,32.73.02.1004,Dago,kelurahan,no,-6.889,107.61,Asia/Jakarta,"BMKG point: Dago, Coblong, Kota Bandung",17-08-2026,CMA,Open-Meteo / CMA GRAPES,19:00,2026-08-17 19:00:00,23.3,83.0,0.0,9.4,0.0,1.1253,Cerah,wmo:0
dago,"Dago, Bandung",2026-08-17,32.73.02.1004,Dago,kelurahan,no,-6.889,107.61,Asia/Jakarta,"BMKG point: Dago, Coblong, Kota Bandung",17-08-2026,CMA,Open-Meteo / CMA GRAPES,20:00,2026-08-17 20:00:00,22.7,87.0,0.0,6.5,0.0,1.1253,Cerah,wmo:0
dago,"Dago, Bandung",2026-08-17,32.73.02.1004,Dago,kelurahan,no,-6.889,107.61,Asia/Jakarta,"BMKG point: Dago, Coblong, Kota Bandung",17-08-2026,CMA,Open-Meteo / CMA GRAPES,21:00,2026-08-17 21:00:00,22.3,90.0,0.0,3.8,0.0,1.1253,Cerah,wmo:0
dago,"Dago, Bandung",2026-08-17,32.73.02.1004,Dago,kelurahan,no,-6.889,107.61,Asia/Jakarta,"BMKG point: Dago, Coblong, Kota Bandung",17-08-2026,CMA,Open-Meteo / CMA GRAPES,22:00,2026-08-17 22:00:00,21.9,93.0,0.0,2.3,0.0,1.1253,Cerah Berawan,wmo:1
dago,"Dago, Bandung",2026-08-17,32.73.02.1004,Dago,kelurahan,no,-6.889,107.61,Asia/Jakarta,"BMKG point: Dago, Coblong, Kota Bandung",17-08-2026,CMA,Open-Meteo / CMA GRAPES,23:00,2026-08-17 23:00:00,21.6,94.0,0.0,2.2,0.0,1.1253,Cerah,wmo:0
dago,"Dago, Bandung",2026-08-17,32.73.02.1004,Dago,kelurahan,no,-6.889,107.61,Asia/Jakarta,"BMKG point: Dago, Coblong, Kota Bandung",17-08-2026,ECMWF,Open-Meteo / ECMWF,00:00,2026-08-17 00:00:00,18.2,93.0,0.0,1.0,0.0,1.6658,Cerah Berawan,wmo:1
dago,"Dago, Bandung",2026-08-17,32.73.02.1004,Dago,kelurahan,no,-6.889,107.61,Asia/Jakarta,"BMKG point: Dago, Coblong, Kota Bandung",17-08-2026,ECMWF,Open-Meteo / ECMWF,01:00,2026-08-17 01:00:00,17.4,96.0,0.0,0.8,0.0,1.6658,Cerah Berawan,wmo:1
dago,"Dago, Bandung",2026-08-17,32.73.02.1004,Dago,kelurahan,no,-6.889,107.61,Asia/Jakarta,"BMKG point: Dago, Coblong, Kota Bandung",17-08-2026,ECMWF,Open-Meteo / ECMWF,02:00,2026-08-17 02:00:00,17.1,95.0,0.0,1.5,0.0,1.6658,Cerah Berawan,wmo:2
dago,"Dago, Bandung",2026-08-17,32.73.02.1004,Dago,kelurahan,no,-6.889,107.61,Asia/Jakarta,"BMKG point: Dago, Coblong, Kota Bandung",17-08-2026,ECMWF,Open-Meteo / ECMWF,03:00,2026-08-17 03:00:00,17.2,92.0,0.0,2.4,0.0,1.6658,Berawan,wmo:3
dago,"Dago, Bandung",2026-08-17,32.73.02.1004,Dago,kelurahan,no,-6.889,107.61,Asia/Jakarta,"BMKG point: Dago, Coblong, Kota Bandung",17-08-2026,ECMWF,Open-Meteo / ECMWF,04:00,2026-08-17 04:00:00,17.4,90.0,0.0,3.1,0.0,1.6658,Berawan,wmo:3
dago,"Dago, Bandung",2026-08-17,32.73.02.1004,Dago,kelurahan,no,-6.889,107.61,Asia/Jakarta,"BMKG point: Dago, Coblong, Kota Bandung",17-08-2026,ECMWF,Open-Meteo / ECMWF,05:00,2026-08-17 05:00:00,17.6,89.0,0.1,3.3,0.0,1.6658,Hujan Ringan,wmo:51
dago,"Dago, Bandung",2026-08-17,32.73.02.1004,Dago,kelurahan,no,-6.889,107.61,Asia/Jakarta,"BMKG point: Dago, Coblong, Kota Bandung",17-08-2026,ECMWF,Open-Meteo / ECMWF,06:00,2026-08-17 06:00:00,18.0,89.0,0.1,3.2,0.0,1.6658,Hujan Ringan,wmo:51
dago,"Dago, Bandung",2026-08-17,32.73.02.1004,Dago,kelurahan,no,-6.889,107.61,Asia/Jakarta,"BMKG point: Dago, Coblong, Kota Bandung",17-08-2026,ECMWF,Open-Meteo / ECMWF,07:00,2026-08-17 07:00:00,19.0,86.0,0.1,2.7,0.0,1.6658,Hujan Ringan,wmo:51
dago,"Dago, Bandung",2026-08-17,32.73.02.1004,Dago,kelurahan,no,-6.889,107.61,Asia/Jakarta,"BMKG point: Dago, Coblong, Kota Bandung",17-08-2026,ECMWF,Open-Meteo / ECMWF,08:00,2026-08-17 08:00:00,21.1,78.0,0.0,2.6,0.0,1.6658,Cerah Berawan,wmo:2
dago,"Dago, Bandung",2026-08-17,32.73.02.1004,Dago,kelurahan,no,-6.889,107.61,Asia/Jakarta,"BMKG point: Dago, Coblong, Kota Bandung",17-08-2026,ECMWF,Open-Meteo / ECMWF,09:00,2026-08-17 09:00:00,23.8,68.0,0.0,4.2,0.0,1.6658,Cerah Berawan,wmo:1
dago,"Dago, Bandung",2026-08-17,32.73.02.1004,Dago,kelurahan,no,-6.889,107.61,Asia/Jakarta,"BMKG point: Dago, Coblong, Kota Bandung",17-08-2026,ECMWF,Open-Meteo / ECMWF,10:00,2026-08-17 10:00:00,26.1,58.0,0.0,5.6,0.0,1.6658,Cerah,wmo:0
dago,"Dago, Bandung",2026-08-17,32.73.02.1004,Dago,kelurahan,no,-6.889,107.61,Asia/Jakarta,"BMKG point: Dago, Coblong, Kota Bandung",17-08-2026,ECMWF,Open-Meteo / ECMWF,11:00,2026-08-17 11:00:00,27.6,49.0,0.0,5.2,0.0,1.6658,Cerah,wmo:0
dago,"Dago, Bandung",2026-08-17,32.73.02.1004,Dago,kelurahan,no,-6.889,107.61,Asia/Jakarta,"BMKG point: Dago, Coblong, Kota Bandung",17-08-2026,ECMWF,Open-Meteo / ECMWF,12:00,2026-08-17 12:00:00,28.7,41.0,0.0,5.6,0.0,1.6658,Cerah,wmo:0
dago,"Dago, Bandung",2026-08-17,32.73.02.1004,Dago,kelurahan,no,-6.889,107.61,Asia/Jakarta,"BMKG point: Dago, Coblong, Kota Bandung",17-08-2026,ECMWF,Open-Meteo / ECMWF,13:00,2026-08-17 13:00:00,29.4,36.0,0.0,7.5,0.0,1.6658,Cerah,wmo:0
dago,"Dago, Bandung",2026-08-17,32.73.02.1004,Dago,kelurahan,no,-6.889,107.61,Asia/Jakarta,"BMKG point: Dago, Coblong, Kota Bandung",17-08-2026,ECMWF,Open-Meteo / ECMWF,14:00,2026-08-17 14:00:00,29.5,36.0,0.0,9.8,0.0,1.6658,Cerah,wmo:0
dago,"Dago, Bandung",2026-08-17,32.73.02.1004,Dago,kelurahan,no,-6.889,107.61,Asia/Jakarta,"BMKG point: Dago, Coblong, Kota Bandung",17-08-2026,ECMWF,Open-Meteo / ECMWF,15:00,2026-08-17 15:00:00,29.2,39.0,0.0,12.0,0.0,1.6658,Cerah,wmo:0
dago,"Dago, Bandung",2026-08-17,32.73.02.1004,Dago,kelurahan,no,-6.889,107.61,Asia/Jakarta,"BMKG point: Dago, Coblong, Kota Bandung",17-08-2026,ECMWF,Open-Meteo / ECMWF,16:00,2026-08-17 16:00:00,28.3,45.0,0.0,12.2,0.0,1.6658,Cerah,wmo:0
dago,"Dago, Bandung",2026-08-17,32.73.02.1004,Dago,kelurahan,no,-6.889,107.61,Asia/Jakarta,"BMKG point: Dago, Coblong, Kota Bandung",17-08-2026,ECMWF,Open-Meteo / ECMWF,17:00,2026-08-17 17:00:00,26.6,55.0,0.0,9.7,0.0,1.6658,Cerah,wmo:0
dago,"Dago, Bandung",2026-08-17,32.73.02.1004,Dago,kelurahan,no,-6.889,107.61,Asia/Jakarta,"BMKG point: Dago, Coblong, Kota Bandung",17-08-2026,ECMWF,Open-Meteo / ECMWF,18:00,2026-08-17 18:00:00,24.4,67.0,0.0,8.0,0.0,1.6658,Cerah,wmo:0
dago,"Dago, Bandung",2026-08-17,32.73.02.1004,Dago,kelurahan,no,-6.889,107.61,Asia/Jakarta,"BMKG point: Dago, Coblong, Kota Bandung",17-08-2026,ECMWF,Open-Meteo / ECMWF,19:00,2026-08-17 19:00:00,22.5,76.0,0.0,8.4,0.0,1.6658,Cerah,wmo:0
dago,"Dago, Bandung",2026-08-17,32.73.02.1004,Dago,kelurahan,no,-6.889,107.61,Asia/Jakarta,"BMKG point: Dago, Coblong, Kota Bandung",17-08-2026,ECMWF,Open-Meteo / ECMWF,20:00,2026-08-17 20:00:00,21.3,80.0,0.0,7.2,0.0,1.6658,Cerah,wmo:0
dago,"Dago, Bandung",2026-08-17,32.73.02.1004,Dago,kelurahan,no,-6.889,107.61,Asia/Jakarta,"BMKG point: Dago, Coblong, Kota Bandung",17-08-2026,ECMWF,Open-Meteo / ECMWF,21:00,2026-08-17 21:00:00,20.5,80.0,0.0,5.1,0.0,1.6658,Cerah,wmo:0
dago,"Dago, Bandung",2026-08-17,32.73.02.1004,Dago,kelurahan,no,-6.889,107.61,Asia/Jakarta,"BMKG point: Dago, Coblong, Kota Bandung",17-08-2026,ECMWF,Open-Meteo / ECMWF,22:00,2026-08-17 22:00:00,19.9,81.0,0.0,3.4,0.0,1.6658,Cerah Berawan,wmo:1
dago,"Dago, Bandung",2026-08-17,32.73.02.1004,Dago,kelurahan,no,-6.889,107.61,Asia/Jakarta,"BMKG point: Dago, Coblong, Kota Bandung",17-08-2026,ECMWF,Open-Meteo / ECMWF,23:00,2026-08-17 23:00:00,19.3,83.0,0.0,2.7,0.0,1.6658,Cerah Berawan,wmo:1
dago,"Dago, Bandung",2026-08-17,32.73.02.1004,Dago,kelurahan,no,-6.889,107.61,Asia/Jakarta,"BMKG point: Dago, Coblong, Kota Bandung",17-08-2026,GFS,Open-Meteo / NOAA GFS,00:00,2026-08-17 00:00:00,19.9,90.0,0.0,0.8,0.0,1.3627,Cerah,wmo:0
dago,"Dago, Bandung",2026-08-17,32.73.02.1004,Dago,kelurahan,no,-6.889,107.61,Asia/Jakarta,"BMKG point: Dago, Coblong, Kota Bandung",17-08-2026,GFS,Open-Meteo / NOAA GFS,01:00,2026-08-17 01:00:00,19.5,91.0,0.0,1.5,0.0,1.3627,Cerah,wmo:0
dago,"Dago, Bandung",2026-08-17,32.73.02.1004,Dago,kelurahan,no,-6.889,107.61,Asia/Jakarta,"BMKG point: Dago, Coblong, Kota Bandung",17-08-2026,GFS,Open-Meteo / NOAA GFS,02:00,2026-08-17 02:00:00,19.3,91.0,0.0,2.5,0.0,1.3627,Cerah,wmo:0
dago,"Dago, Bandung",2026-08-17,32.73.02.1004,Dago,kelurahan,no,-6.889,107.61,Asia/Jakarta,"BMKG point: Dago, Coblong, Kota Bandung",17-08-2026,GFS,Open-Meteo / NOAA GFS,03:00,2026-08-17 03:00:00,19.1,91.0,0.0,3.1,0.0,1.3627,Cerah,wmo:0
dago,"Dago, Bandung",2026-08-17,32.73.02.1004,Dago,kelurahan,no,-6.889,107.61,Asia/Jakarta,"BMKG point: Dago, Coblong, Kota Bandung",17-08-2026,GFS,Open-Meteo / NOAA GFS,04:00,2026-08-17 04:00:00,18.9,92.0,0.0,4.2,0.0,1.3627,Cerah,wmo:0
dago,"Dago, Bandung",2026-08-17,32.73.02.1004,Dago,kelurahan,no,-6.889,107.61,Asia/Jakarta,"BMKG point: Dago, Coblong, Kota Bandung",17-08-2026,GFS,Open-Meteo / NOAA GFS,05:00,2026-08-17 05:00:00,18.7,91.0,0.0,4.8,0.0,1.3627,Cerah,wmo:0
dago,"Dago, Bandung",2026-08-17,32.73.02.1004,Dago,kelurahan,no,-6.889,107.61,Asia/Jakarta,"BMKG point: Dago, Coblong, Kota Bandung",17-08-2026,GFS,Open-Meteo / NOAA GFS,06:00,2026-08-17 06:00:00,18.4,92.0,0.0,5.1,0.0,1.3627,Cerah,wmo:0
dago,"Dago, Bandung",2026-08-17,32.73.02.1004,Dago,kelurahan,no,-6.889,107.61,Asia/Jakarta,"BMKG point: Dago, Coblong, Kota Bandung",17-08-2026,GFS,Open-Meteo / NOAA GFS,07:00,2026-08-17 07:00:00,20.3,85.0,0.0,5.1,0.0,1.3627,Cerah,wmo:0
dago,"Dago, Bandung",2026-08-17,32.73.02.1004,Dago,kelurahan,no,-6.889,107.61,Asia/Jakarta,"BMKG point: Dago, Coblong, Kota Bandung",17-08-2026,GFS,Open-Meteo / NOAA GFS,08:00,2026-08-17 08:00:00,23.0,74.0,0.0,4.8,0.0,1.3627,Cerah,wmo:0
dago,"Dago, Bandung",2026-08-17,32.73.02.1004,Dago,kelurahan,no,-6.889,107.61,Asia/Jakarta,"BMKG point: Dago, Coblong, Kota Bandung",17-08-2026,GFS,Open-Meteo / NOAA GFS,09:00,2026-08-17 09:00:00,26.1,59.0,0.0,2.5,0.0,1.3627,Cerah,wmo:0
dago,"Dago, Bandung",2026-08-17,32.73.02.1004,Dago,kelurahan,no,-6.889,107.61,Asia/Jakarta,"BMKG point: Dago, Coblong, Kota Bandung",17-08-2026,GFS,Open-Meteo / NOAA GFS,10:00,2026-08-17 10:00:00,28.6,44.0,0.0,4.9,0.0,1.3627,Cerah,wmo:0
dago,"Dago, Bandung",2026-08-17,32.73.02.1004,Dago,kelurahan,no,-6.889,107.61,Asia/Jakarta,"BMKG point: Dago, Coblong, Kota Bandung",17-08-2026,GFS,Open-Meteo / NOAA GFS,11:00,2026-08-17 11:00:00,30.2,35.0,0.0,9.3,0.0,1.3627,Cerah,wmo:0
dago,"Dago, Bandung",2026-08-17,32.73.02.1004,Dago,kelurahan,no,-6.889,107.61,Asia/Jakarta,"BMKG point: Dago, Coblong, Kota Bandung",17-08-2026,GFS,Open-Meteo / NOAA GFS,12:00,2026-08-17 12:00:00,31.3,32.0,0.0,12.1,0.0,1.3627,Cerah,wmo:0
dago,"Dago, Bandung",2026-08-17,32.73.02.1004,Dago,kelurahan,no,-6.889,107.61,Asia/Jakarta,"BMKG point: Dago, Coblong, Kota Bandung",17-08-2026,GFS,Open-Meteo / NOAA GFS,13:00,2026-08-17 13:00:00,31.8,31.0,0.0,14.5,0.0,1.3627,Cerah,wmo:0
dago,"Dago, Bandung",2026-08-17,32.73.02.1004,Dago,kelurahan,no,-6.889,107.61,Asia/Jakarta,"BMKG point: Dago, Coblong, Kota Bandung",17-08-2026,GFS,Open-Meteo / NOAA GFS,14:00,2026-08-17 14:00:00,31.9,32.0,0.0,14.6,0.0,1.3627,Cerah,wmo:0
dago,"Dago, Bandung",2026-08-17,32.73.02.1004,Dago,kelurahan,no,-6.889,107.61,Asia/Jakarta,"BMKG point: Dago, Coblong, Kota Bandung",17-08-2026,GFS,Open-Meteo / NOAA GFS,15:00,2026-08-17 15:00:00,30.9,36.0,0.0,14.1,0.0,1.3627,Cerah,wmo:0
dago,"Dago, Bandung",2026-08-17,32.73.02.1004,Dago,kelurahan,no,-6.889,107.61,Asia/Jakarta,"BMKG point: Dago, Coblong, Kota Bandung",17-08-2026,GFS,Open-Meteo / NOAA GFS,16:00,2026-08-17 16:00:00,28.1,53.0,0.0,14.6,0.0,1.3627,Cerah Berawan,wmo:2
dago,"Dago, Bandung",2026-08-17,32.73.02.1004,Dago,kelurahan,no,-6.889,107.61,Asia/Jakarta,"BMKG point: Dago, Coblong, Kota Bandung",17-08-2026,GFS,Open-Meteo / NOAA GFS,17:00,2026-08-17 17:00:00,25.1,71.0,0.2,12.6,0.0,1.3627,Hujan Ringan,wmo:51
dago,"Dago, Bandung",2026-08-17,32.73.02.1004,Dago,kelurahan,no,-6.889,107.61,Asia/Jakarta,"BMKG point: Dago, Coblong, Kota Bandung",17-08-2026,GFS,Open-Meteo / NOAA GFS,18:00,2026-08-17 18:00:00,22.7,84.0,0.6,8.5,0.0,1.3627,Hujan Ringan,wmo:53
dago,"Dago, Bandung",2026-08-17,32.73.02.1004,Dago,kelurahan,no,-6.889,107.61,Asia/Jakarta,"BMKG point: Dago, Coblong, Kota Bandung",17-08-2026,GFS,Open-Meteo / NOAA GFS,19:00,2026-08-17 19:00:00,21.6,89.0,0.9,4.9,0.0,1.3627,Hujan Ringan,wmo:53
dago,"Dago, Bandung",2026-08-17,32.73.02.1004,Dago,kelurahan,no,-6.889,107.61,Asia/Jakarta,"BMKG point: Dago, Coblong, Kota Bandung",17-08-2026,GFS,Open-Meteo / NOAA GFS,20:00,2026-08-17 20:00:00,21.9,88.0,0.7,2.6,0.0,1.3627,Hujan Ringan,wmo:53
dago,"Dago, Bandung",2026-08-17,32.73.02.1004,Dago,kelurahan,no,-6.889,107.61,Asia/Jakarta,"BMKG point: Dago, Coblong, Kota Bandung",17-08-2026,GFS,Open-Meteo / NOAA GFS,21:00,2026-08-17 21:00:00,21.4,89.0,0.2,0.4,0.0,1.3627,Hujan Ringan,wmo:51
dago,"Dago, Bandung",2026-08-17,32.73.02.1004,Dago,kelurahan,no,-6.889,107.61,Asia/Jakarta,"BMKG point: Dago, Coblong, Kota Bandung",17-08-2026,GFS,Open-Meteo / NOAA GFS,22:00,2026-08-17 22:00:00,21.6,89.0,0.0,0.5,0.0,1.3627,Cerah Berawan,wmo:2
dago,"Dago, Bandung",2026-08-17,32.73.02.1004,Dago,kelurahan,no,-6.889,107.61,Asia/Jakarta,"BMKG point: Dago, Coblong, Kota Bandung",17-08-2026,GFS,Open-Meteo / NOAA GFS,23:00,2026-08-17 23:00:00,20.6,91.0,0.0,1.4,0.0,1.3627,Cerah,wmo:0
dago,"Dago, Bandung",2026-08-17,32.73.02.1004,Dago,kelurahan,no,-6.889,107.61,Asia/Jakarta,"BMKG point: Dago, Coblong, Kota Bandung",17-08-2026,ICON,Open-Meteo / DWD ICON,00:00,2026-08-17 00:00:00,22.6,91.0,0.1,3.1,0.0,1.4666,Cerah Berawan,wmo:2
dago,"Dago, Bandung",2026-08-17,32.73.02.1004,Dago,kelurahan,no,-6.889,107.61,Asia/Jakarta,"BMKG point: Dago, Coblong, Kota Bandung",17-08-2026,ICON,Open-Meteo / DWD ICON,01:00,2026-08-17 01:00:00,22.1,94.0,0.1,2.5,0.0,1.4666,Cerah Berawan,wmo:2
dago,"Dago, Bandung",2026-08-17,32.73.02.1004,Dago,kelurahan,no,-6.889,107.61,Asia/Jakarta,"BMKG point: Dago, Coblong, Kota Bandung",17-08-2026,ICON,Open-Meteo / DWD ICON,02:00,2026-08-17 02:00:00,21.7,94.0,0.1,2.0,0.0,1.4666,Cerah Berawan,wmo:2
dago,"Dago, Bandung",2026-08-17,32.73.02.1004,Dago,kelurahan,no,-6.889,107.61,Asia/Jakarta,"BMKG point: Dago, Coblong, Kota Bandung",17-08-2026,ICON,Open-Meteo / DWD ICON,03:00,2026-08-17 03:00:00,21.5,93.0,0.0,2.4,0.0,1.4666,Cerah Berawan,wmo:2
dago,"Dago, Bandung",2026-08-17,32.73.02.1004,Dago,kelurahan,no,-6.889,107.61,Asia/Jakarta,"BMKG point: Dago, Coblong, Kota Bandung",17-08-2026,ICON,Open-Meteo / DWD ICON,04:00,2026-08-17 04:00:00,21.2,91.0,0.0,2.5,0.0,1.4666,Cerah Berawan,wmo:2
dago,"Dago, Bandung",2026-08-17,32.73.02.1004,Dago,kelurahan,no,-6.889,107.61,Asia/Jakarta,"BMKG point: Dago, Coblong, Kota Bandung",17-08-2026,ICON,Open-Meteo / DWD ICON,05:00,2026-08-17 05:00:00,20.8,90.0,0.0,2.2,0.0,1.4666,Cerah Berawan,wmo:1
dago,"Dago, Bandung",2026-08-17,32.73.02.1004,Dago,kelurahan,no,-6.889,107.61,Asia/Jakarta,"BMKG point: Dago, Coblong, Kota Bandung",17-08-2026,ICON,Open-Meteo / DWD ICON,06:00,2026-08-17 06:00:00,20.2,90.0,0.0,1.5,0.0,1.4666,Cerah Berawan,wmo:1
dago,"Dago, Bandung",2026-08-17,32.73.02.1004,Dago,kelurahan,no,-6.889,107.61,Asia/Jakarta,"BMKG point: Dago, Coblong, Kota Bandung",17-08-2026,ICON,Open-Meteo / DWD ICON,07:00,2026-08-17 07:00:00,20.5,89.0,0.0,0.4,0.0,1.4666,Cerah,wmo:0
dago,"Dago, Bandung",2026-08-17,32.73.02.1004,Dago,kelurahan,no,-6.889,107.61,Asia/Jakarta,"BMKG point: Dago, Coblong, Kota Bandung",17-08-2026,ICON,Open-Meteo / DWD ICON,08:00,2026-08-17 08:00:00,23.0,75.0,0.0,1.4,0.0,1.4666,Cerah,wmo:0
dago,"Dago, Bandung",2026-08-17,32.73.02.1004,Dago,kelurahan,no,-6.889,107.61,Asia/Jakarta,"BMKG point: Dago, Coblong, Kota Bandung",17-08-2026,ICON,Open-Meteo / DWD ICON,09:00,2026-08-17 09:00:00,25.0,67.0,0.0,1.4,0.0,1.4666,Cerah,wmo:0
dago,"Dago, Bandung",2026-08-17,32.73.02.1004,Dago,kelurahan,no,-6.889,107.61,Asia/Jakarta,"BMKG point: Dago, Coblong, Kota Bandung",17-08-2026,ICON,Open-Meteo / DWD ICON,10:00,2026-08-17 10:00:00,27.2,56.0,0.0,1.4,0.0,1.4666,Cerah Berawan,wmo:1
dago,"Dago, Bandung",2026-08-17,32.73.02.1004,Dago,kelurahan,no,-6.889,107.61,Asia/Jakarta,"BMKG point: Dago, Coblong, Kota Bandung",17-08-2026,ICON,Open-Meteo / DWD ICON,11:00,2026-08-17 11:00:00,29.0,48.0,0.0,1.5,0.0,1.4666,Cerah Berawan,wmo:2
dago,"Dago, Bandung",2026-08-17,32.73.02.1004,Dago,kelurahan,no,-6.889,107.61,Asia/Jakarta,"BMKG point: Dago, Coblong, Kota Bandung",17-08-2026,ICON,Open-Meteo / DWD ICON,12:00,2026-08-17 12:00:00,30.4,41.0,0.0,1.1,0.0,1.4666,Cerah Berawan,wmo:2
dago,"Dago, Bandung",2026-08-17,32.73.02.1004,Dago,kelurahan,no,-6.889,107.61,Asia/Jakarta,"BMKG point: Dago, Coblong, Kota Bandung",17-08-2026,ICON,Open-Meteo / DWD ICON,13:00,2026-08-17 13:00:00,31.2,37.0,0.0,1.3,0.0,1.4666,Cerah Berawan,wmo:2
dago,"Dago, Bandung",2026-08-17,32.73.02.1004,Dago,kelurahan,no,-6.889,107.61,Asia/Jakarta,"BMKG point: Dago, Coblong, Kota Bandung",17-08-2026,ICON,Open-Meteo / DWD ICON,14:00,2026-08-17 14:00:00,31.7,34.0,0.0,1.5,0.0,1.4666,Cerah Berawan,wmo:2
dago,"Dago, Bandung",2026-08-17,32.73.02.1004,Dago,kelurahan,no,-6.889,107.61,Asia/Jakarta,"BMKG point: Dago, Coblong, Kota Bandung",17-08-2026,ICON,Open-Meteo / DWD ICON,15:00,2026-08-17 15:00:00,31.8,34.0,0.0,1.5,0.0,1.4666,Cerah Berawan,wmo:2
dago,"Dago, Bandung",2026-08-17,32.73.02.1004,Dago,kelurahan,no,-6.889,107.61,Asia/Jakarta,"BMKG point: Dago, Coblong, Kota Bandung",17-08-2026,ICON,Open-Meteo / DWD ICON,16:00,2026-08-17 16:00:00,31.6,34.0,0.0,0.8,0.0,1.4666,Cerah Berawan,wmo:2
dago,"Dago, Bandung",2026-08-17,32.73.02.1004,Dago,kelurahan,no,-6.889,107.61,Asia/Jakarta,"BMKG point: Dago, Coblong, Kota Bandung",17-08-2026,ICON,Open-Meteo / DWD ICON,17:00,2026-08-17 17:00:00,30.7,37.0,0.0,5.1,0.0,1.4666,Cerah Berawan,wmo:2
dago,"Dago, Bandung",2026-08-17,32.73.02.1004,Dago,kelurahan,no,-6.889,107.61,Asia/Jakarta,"BMKG point: Dago, Coblong, Kota Bandung",17-08-2026,ICON,Open-Meteo / DWD ICON,18:00,2026-08-17 18:00:00,28.7,46.0,0.0,5.4,0.0,1.4666,Cerah Berawan,wmo:2
dago,"Dago, Bandung",2026-08-17,32.73.02.1004,Dago,kelurahan,no,-6.889,107.61,Asia/Jakarta,"BMKG point: Dago, Coblong, Kota Bandung",17-08-2026,ICON,Open-Meteo / DWD ICON,19:00,2026-08-17 19:00:00,26.8,58.0,0.0,3.8,0.0,1.4666,Cerah Berawan,wmo:2
dago,"Dago, Bandung",2026-08-17,32.73.02.1004,Dago,kelurahan,no,-6.889,107.61,Asia/Jakarta,"BMKG point: Dago, Coblong, Kota Bandung",17-08-2026,ICON,Open-Meteo / DWD ICON,20:00,2026-08-17 20:00:00,25.5,68.0,0.0,2.9,0.0,1.4666,Cerah Berawan,wmo:1
dago,"Dago, Bandung",2026-08-17,32.73.02.1004,Dago,kelurahan,no,-6.889,107.61,Asia/Jakarta,"BMKG point: Dago, Coblong, Kota Bandung",17-08-2026,ICON,Open-Meteo / DWD ICON,21:00,2026-08-17 21:00:00,24.5,75.0,0.0,2.3,0.0,1.4666,Cerah Berawan,wmo:2
dago,"Dago, Bandung",2026-08-17,32.73.02.1004,Dago,kelurahan,no,-6.889,107.61,Asia/Jakarta,"BMKG point: Dago, Coblong, Kota Bandung",17-08-2026,ICON,Open-Meteo / DWD ICON,22:00,2026-08-17 22:00:00,23.7,79.0,0.0,2.3,0.0,1.4666,Cerah Berawan,wmo:2
dago,"Dago, Bandung",2026-08-17,32.73.02.1004,Dago,kelurahan,no,-6.889,107.61,Asia/Jakarta,"BMKG point: Dago, Coblong, Kota Bandung",17-08-2026,ICON,Open-Meteo / DWD ICON,23:00,2026-08-17 23:00:00,23.0,83.0,0.0,2.1,0.0,1.4666,Cerah Berawan,wmo:2
dago,"Dago, Bandung",2026-08-17,32.73.02.1004,Dago,kelurahan,no,-6.889,107.61,Asia/Jakarta,"BMKG point: Dago, Coblong, Kota Bandung",17-08-2026,KMA,Open-Meteo / KMA,00:00,2026-08-17 00:00:00,,,,,0.0,0.5439,Berawan,wmo:None
dago,"Dago, Bandung",2026-08-17,32.73.02.1004,Dago,kelurahan,no,-6.889,107.61,Asia/Jakarta,"BMKG point: Dago, Coblong, Kota Bandung",17-08-2026,KMA,Open-Meteo / KMA,01:00,2026-08-17 01:00:00,,,,,0.0,0.5439,Berawan,wmo:None
dago,"Dago, Bandung",2026-08-17,32.73.02.1004,Dago,kelurahan,no,-6.889,107.61,Asia/Jakarta,"BMKG point: Dago, Coblong, Kota Bandung",17-08-2026,KMA,Open-Meteo / KMA,02:00,2026-08-17 02:00:00,,,,,0.0,0.5439,Berawan,wmo:None
dago,"Dago, Bandung",2026-08-17,32.73.02.1004,Dago,kelurahan,no,-6.889,107.61,Asia/Jakarta,"BMKG point: Dago, Coblong, Kota Bandung",17-08-2026,KMA,Open-Meteo / KMA,03:00,2026-08-17 03:00:00,,,,,0.0,0.5439,Berawan,wmo:None
dago,"Dago, Bandung",2026-08-17,32.73.02.1004,Dago,kelurahan,no,-6.889,107.61,Asia/Jakarta,"BMKG point: Dago, Coblong, Kota Bandung",17-08-2026,KMA,Open-Meteo / KMA,04:00,2026-08-17 04:00:00,,,,,0.0,0.5439,Berawan,wmo:None
dago,"Dago, Bandung",2026-08-17,32.73.02.1004,Dago,kelurahan,no,-6.889,107.61,Asia/Jakarta,"BMKG point: Dago, Coblong, Kota Bandung",17-08-2026,KMA,Open-Meteo / KMA,05:00,2026-08-17 05:00:00,,,,,0.0,0.5439,Berawan,wmo:None
dago,"Dago, Bandung",2026-08-17,32.73.02.1004,Dago,kelurahan,no,-6.889,107.61,Asia/Jakarta,"BMKG point: Dago, Coblong, Kota Bandung",17-08-2026,KMA,Open-Meteo / KMA,06:00,2026-08-17 06:00:00,,,,,0.0,0.5439,Berawan,wmo:None
dago,"Dago, Bandung",2026-08-17,32.73.02.1004,Dago,kelurahan,no,-6.889,107.61,Asia/Jakarta,"BMKG point: Dago, Coblong, Kota Bandung",17-08-2026,KMA,Open-Meteo / KMA,07:00,2026-08-17 07:00:00,,,,,0.0,0.5439,Berawan,wmo:None
dago,"Dago, Bandung",2026-08-17,32.73.02.1004,Dago,kelurahan,no,-6.889,107.61,Asia/Jakarta,"BMKG point: Dago, Coblong, Kota Bandung",17-08-2026,KMA,Open-Meteo / KMA,08:00,2026-08-17 08:00:00,,,,,0.0,0.5439,Berawan,wmo:None
dago,"Dago, Bandung",2026-08-17,32.73.02.1004,Dago,kelurahan,no,-6.889,107.61,Asia/Jakarta,"BMKG point: Dago, Coblong, Kota Bandung",17-08-2026,KMA,Open-Meteo / KMA,09:00,2026-08-17 09:00:00,,,,,0.0,0.5439,Berawan,wmo:None
dago,"Dago, Bandung",2026-08-17,32.73.02.1004,Dago,kelurahan,no,-6.889,107.61,Asia/Jakarta,"BMKG point: Dago, Coblong, Kota Bandung",17-08-2026,KMA,Open-Meteo / KMA,10:00,2026-08-17 10:00:00,,,,,0.0,0.5439,Berawan,wmo:None
dago,"Dago, Bandung",2026-08-17,32.73.02.1004,Dago,kelurahan,no,-6.889,107.61,Asia/Jakarta,"BMKG point: Dago, Coblong, Kota Bandung",17-08-2026,KMA,Open-Meteo / KMA,11:00,2026-08-17 11:00:00,,,,,0.0,0.5439,Berawan,wmo:None
dago,"Dago, Bandung",2026-08-17,32.73.02.1004,Dago,kelurahan,no,-6.889,107.61,Asia/Jakarta,"BMKG point: Dago, Coblong, Kota Bandung",17-08-2026,KMA,Open-Meteo / KMA,12:00,2026-08-17 12:00:00,,,,,0.0,0.5439,Berawan,wmo:None
dago,"Dago, Bandung",2026-08-17,32.73.02.1004,Dago,kelurahan,no,-6.889,107.61,Asia/Jakarta,"BMKG point: Dago, Coblong, Kota Bandung",17-08-2026,KMA,Open-Meteo / KMA,13:00,2026-08-17 13:00:00,,,,,0.0,0.5439,Berawan,wmo:None
dago,"Dago, Bandung",2026-08-17,32.73.02.1004,Dago,kelurahan,no,-6.889,107.61,Asia/Jakarta,"BMKG point: Dago, Coblong, Kota Bandung",17-08-2026,KMA,Open-Meteo / KMA,14:00,2026-08-17 14:00:00,,,,,0.0,0.5439,Berawan,wmo:None
dago,"Dago, Bandung",2026-08-17,32.73.02.1004,Dago,kelurahan,no,-6.889,107.61,Asia/Jakarta,"BMKG point: Dago, Coblong, Kota Bandung",17-08-2026,KMA,Open-Meteo / KMA,15:00,2026-08-17 15:00:00,,,,,0.0,0.5439,Berawan,wmo:None
dago,"Dago, Bandung",2026-08-17,32.73.02.1004,Dago,kelurahan,no,-6.889,107.61,Asia/Jakarta,"BMKG point: Dago, Coblong, Kota Bandung",17-08-2026,KMA,Open-Meteo / KMA,16:00,2026-08-17 16:00:00,,,,,0.0,0.5439,Berawan,wmo:None
dago,"Dago, Bandung",2026-08-17,32.73.02.1004,Dago,kelurahan,no,-6.889,107.61,Asia/Jakarta,"BMKG point: Dago, Coblong, Kota Bandung",17-08-2026,KMA,Open-Meteo / KMA,17:00,2026-08-17 17:00:00,,,,,0.0,0.5439,Berawan,wmo:None
dago,"Dago, Bandung",2026-08-17,32.73.02.1004,Dago,kelurahan,no,-6.889,107.61,Asia/Jakarta,"BMKG point: Dago, Coblong, Kota Bandung",17-08-2026,KMA,Open-Meteo / KMA,18:00,2026-08-17 18:00:00,,,,,0.0,0.5439,Berawan,wmo:None
dago,"Dago, Bandung",2026-08-17,32.73.02.1004,Dago,kelurahan,no,-6.889,107.61,Asia/Jakarta,"BMKG point: Dago, Coblong, Kota Bandung",17-08-2026,KMA,Open-Meteo / KMA,19:00,2026-08-17 19:00:00,,,,,0.0,0.5439,Berawan,wmo:None
dago,"Dago, Bandung",2026-08-17,32.73.02.1004,Dago,kelurahan,no,-6.889,107.61,Asia/Jakarta,"BMKG point: Dago, Coblong, Kota Bandung",17-08-2026,KMA,Open-Meteo / KMA,20:00,2026-08-17 20:00:00,,,,,0.0,0.5439,Berawan,wmo:None
dago,"Dago, Bandung",2026-08-17,32.73.02.1004,Dago,kelurahan,no,-6.889,107.61,Asia/Jakarta,"BMKG point: Dago, Coblong, Kota Bandung",17-08-2026,KMA,Open-Meteo / KMA,21:00,2026-08-17 21:00:00,,,,,0.0,0.5439,Berawan,wmo:None
dago,"Dago, Bandung",2026-08-17,32.73.02.1004,Dago,kelurahan,no,-6.889,107.61,Asia/Jakarta,"BMKG point: Dago, Coblong, Kota Bandung",17-08-2026,KMA,Open-Meteo / KMA,22:00,2026-08-17 22:00:00,,,,,0.0,0.5439,Berawan,wmo:None
dago,"Dago, Bandung",2026-08-17,32.73.02.1004,Dago,kelurahan,no,-6.889,107.61,Asia/Jakarta,"BMKG point: Dago, Coblong, Kota Bandung",17-08-2026,KMA,Open-Meteo / KMA,23:00,2026-08-17 23:00:00,,,,,0.0,0.5439,Berawan,wmo:None
dago,"Dago, Bandung",2026-08-17,32.73.02.1004,Dago,kelurahan,no,-6.889,107.61,Asia/Jakarta,"BMKG point: Dago, Coblong, Kota Bandung",17-08-2026,METEOFRANCE,Open-Meteo / Meteo-France,00:00,2026-08-17 00:00:00,25.4,98.0,0.0,1.1,0.0,1.4897,Berawan,wmo:3
dago,"Dago, Bandung",2026-08-17,32.73.02.1004,Dago,kelurahan,no,-6.889,107.61,Asia/Jakarta,"BMKG point: Dago, Coblong, Kota Bandung",17-08-2026,METEOFRANCE,Open-Meteo / Meteo-France,01:00,2026-08-17 01:00:00,25.2,98.0,0.0,1.3,0.0,1.4897,Berawan,wmo:3
dago,"Dago, Bandung",2026-08-17,32.73.02.1004,Dago,kelurahan,no,-6.889,107.61,Asia/Jakarta,"BMKG point: Dago, Coblong, Kota Bandung",17-08-2026,METEOFRANCE,Open-Meteo / Meteo-France,02:00,2026-08-17 02:00:00,25.1,95.0,0.0,1.6,0.0,1.4897,Cerah Berawan,wmo:2
dago,"Dago, Bandung",2026-08-17,32.73.02.1004,Dago,kelurahan,no,-6.889,107.61,Asia/Jakarta,"BMKG point: Dago, Coblong, Kota Bandung",17-08-2026,METEOFRANCE,Open-Meteo / Meteo-France,03:00,2026-08-17 03:00:00,25.0,94.0,0.0,1.0,0.0,1.4897,Cerah Berawan,wmo:2
dago,"Dago, Bandung",2026-08-17,32.73.02.1004,Dago,kelurahan,no,-6.889,107.61,Asia/Jakarta,"BMKG point: Dago, Coblong, Kota Bandung",17-08-2026,METEOFRANCE,Open-Meteo / Meteo-France,04:00,2026-08-17 04:00:00,24.7,95.0,0.0,1.1,0.0,1.4897,Cerah Berawan,wmo:2
dago,"Dago, Bandung",2026-08-17,32.73.02.1004,Dago,kelurahan,no,-6.889,107.61,Asia/Jakarta,"BMKG point: Dago, Coblong, Kota Bandung",17-08-2026,METEOFRANCE,Open-Meteo / Meteo-France,05:00,2026-08-17 05:00:00,24.3,96.0,0.0,1.3,0.0,1.4897,Cerah Berawan,wmo:1
dago,"Dago, Bandung",2026-08-17,32.73.02.1004,Dago,kelurahan,no,-6.889,107.61,Asia/Jakarta,"BMKG point: Dago, Coblong, Kota Bandung",17-08-2026,METEOFRANCE,Open-Meteo / Meteo-France,06:00,2026-08-17 06:00:00,23.8,97.0,0.0,1.9,0.0,1.4897,Cerah Berawan,wmo:1
dago,"Dago, Bandung",2026-08-17,32.73.02.1004,Dago,kelurahan,no,-6.889,107.61,Asia/Jakarta,"BMKG point: Dago, Coblong, Kota Bandung",17-08-2026,METEOFRANCE,Open-Meteo / Meteo-France,07:00,2026-08-17 07:00:00,24.1,95.0,0.0,2.9,0.0,1.4897,Cerah Berawan,wmo:1
dago,"Dago, Bandung",2026-08-17,32.73.02.1004,Dago,kelurahan,no,-6.889,107.61,Asia/Jakarta,"BMKG point: Dago, Coblong, Kota Bandung",17-08-2026,METEOFRANCE,Open-Meteo / Meteo-France,08:00,2026-08-17 08:00:00,25.4,88.0,0.0,1.3,0.0,1.4897,Cerah,wmo:0
dago,"Dago, Bandung",2026-08-17,32.73.02.1004,Dago,kelurahan,no,-6.889,107.61,Asia/Jakarta,"BMKG point: Dago, Coblong, Kota Bandung",17-08-2026,METEOFRANCE,Open-Meteo / Meteo-France,09:00,2026-08-17 09:00:00,27.2,78.0,0.0,2.5,0.0,1.4897,Cerah,wmo:0
dago,"Dago, Bandung",2026-08-17,32.73.02.1004,Dago,kelurahan,no,-6.889,107.61,Asia/Jakarta,"BMKG point: Dago, Coblong, Kota Bandung",17-08-2026,METEOFRANCE,Open-Meteo / Meteo-France,10:00,2026-08-17 10:00:00,29.0,69.0,0.0,5.1,0.0,1.4897,Cerah,wmo:0
dago,"Dago, Bandung",2026-08-17,32.73.02.1004,Dago,kelurahan,no,-6.889,107.61,Asia/Jakarta,"BMKG point: Dago, Coblong, Kota Bandung",17-08-2026,METEOFRANCE,Open-Meteo / Meteo-France,11:00,2026-08-17 11:00:00,30.5,61.0,0.0,7.2,0.0,1.4897,Cerah,wmo:0
dago,"Dago, Bandung",2026-08-17,32.73.02.1004,Dago,kelurahan,no,-6.889,107.61,Asia/Jakarta,"BMKG point: Dago, Coblong, Kota Bandung",17-08-2026,METEOFRANCE,Open-Meteo / Meteo-France,12:00,2026-08-17 12:00:00,31.8,54.0,0.0,9.4,0.0,1.4897,Cerah,wmo:0
dago,"Dago, Bandung",2026-08-17,32.73.02.1004,Dago,kelurahan,no,-6.889,107.61,Asia/Jakarta,"BMKG point: Dago, Coblong, Kota Bandung",17-08-2026,METEOFRANCE,Open-Meteo / Meteo-France,13:00,2026-08-17 13:00:00,32.7,49.0,0.0,10.8,0.0,1.4897,Cerah,wmo:0
dago,"Dago, Bandung",2026-08-17,32.73.02.1004,Dago,kelurahan,no,-6.889,107.61,Asia/Jakarta,"BMKG point: Dago, Coblong, Kota Bandung",17-08-2026,METEOFRANCE,Open-Meteo / Meteo-France,14:00,2026-08-17 14:00:00,32.9,48.0,0.0,11.4,0.0,1.4897,Cerah,wmo:0
dago,"Dago, Bandung",2026-08-17,32.73.02.1004,Dago,kelurahan,no,-6.889,107.61,Asia/Jakarta,"BMKG point: Dago, Coblong, Kota Bandung",17-08-2026,METEOFRANCE,Open-Meteo / Meteo-France,15:00,2026-08-17 15:00:00,32.7,49.0,0.0,11.6,0.0,1.4897,Cerah,wmo:0
dago,"Dago, Bandung",2026-08-17,32.73.02.1004,Dago,kelurahan,no,-6.889,107.61,Asia/Jakarta,"BMKG point: Dago, Coblong, Kota Bandung",17-08-2026,METEOFRANCE,Open-Meteo / Meteo-France,16:00,2026-08-17 16:00:00,32.0,53.0,0.0,11.0,0.0,1.4897,Cerah,wmo:0
dago,"Dago, Bandung",2026-08-17,32.73.02.1004,Dago,kelurahan,no,-6.889,107.61,Asia/Jakarta,"BMKG point: Dago, Coblong, Kota Bandung",17-08-2026,METEOFRANCE,Open-Meteo / Meteo-France,17:00,2026-08-17 17:00:00,30.9,59.0,0.0,9.8,0.0,1.4897,Cerah,wmo:0
dago,"Dago, Bandung",2026-08-17,32.73.02.1004,Dago,kelurahan,no,-6.889,107.61,Asia/Jakarta,"BMKG point: Dago, Coblong, Kota Bandung",17-08-2026,METEOFRANCE,Open-Meteo / Meteo-France,18:00,2026-08-17 18:00:00,29.5,67.0,0.0,8.5,0.0,1.4897,Cerah Berawan,wmo:1
dago,"Dago, Bandung",2026-08-17,32.73.02.1004,Dago,kelurahan,no,-6.889,107.61,Asia/Jakarta,"BMKG point: Dago, Coblong, Kota Bandung",17-08-2026,METEOFRANCE,Open-Meteo / Meteo-France,19:00,2026-08-17 19:00:00,28.2,75.0,0.0,6.9,0.0,1.4897,Cerah Berawan,wmo:1
dago,"Dago, Bandung",2026-08-17,32.73.02.1004,Dago,kelurahan,no,-6.889,107.61,Asia/Jakarta,"BMKG point: Dago, Coblong, Kota Bandung",17-08-2026,METEOFRANCE,Open-Meteo / Meteo-France,20:00,2026-08-17 20:00:00,27.4,81.0,0.0,5.8,0.0,1.4897,Cerah Berawan,wmo:1
dago,"Dago, Bandung",2026-08-17,32.73.02.1004,Dago,kelurahan,no,-6.889,107.61,Asia/Jakarta,"BMKG point: Dago, Coblong, Kota Bandung",17-08-2026,METEOFRANCE,Open-Meteo / Meteo-France,21:00,2026-08-17 21:00:00,26.8,87.0,0.0,4.7,0.0,1.4897,Cerah Berawan,wmo:2
dago,"Dago, Bandung",2026-08-17,32.73.02.1004,Dago,kelurahan,no,-6.889,107.61,Asia/Jakarta,"BMKG point: Dago, Coblong, Kota Bandung",17-08-2026,METEOFRANCE,Open-Meteo / Meteo-France,22:00,2026-08-17 22:00:00,26.4,91.0,0.0,4.0,0.0,1.4897,Berawan,wmo:3
dago,"Dago, Bandung",2026-08-17,32.73.02.1004,Dago,kelurahan,no,-6.889,107.61,Asia/Jakarta,"BMKG point: Dago, Coblong, Kota Bandung",17-08-2026,METEOFRANCE,Open-Meteo / Meteo-France,23:00,2026-08-17 23:00:00,26.1,93.0,0.0,3.3,0.0,1.4897,Berawan,wmo:3
dago,"Dago, Bandung",2026-08-17,32.73.02.1004,Dago,kelurahan,no,-6.889,107.61,Asia/Jakarta,"BMKG point: Dago, Coblong, Kota Bandung",17-08-2026,METNO,MET Norway,00:00,2026-08-17 00:00:00,20.0,98.1,0.0,3.6,0.0,1.3595,Berawan,fog
dago,"Dago, Bandung",2026-08-17,32.73.02.1004,Dago,kelurahan,no,-6.889,107.61,Asia/Jakarta,"BMKG point: Dago, Coblong, Kota Bandung",17-08-2026,METNO,MET Norway,01:00,2026-08-17 01:00:00,19.0,99.8,0.0,2.88,0.0,1.3595,Berawan,fog
dago,"Dago, Bandung",2026-08-17,32.73.02.1004,Dago,kelurahan,no,-6.889,107.61,Asia/Jakarta,"BMKG point: Dago, Coblong, Kota Bandung",17-08-2026,METNO,MET Norway,02:00,2026-08-17 02:00:00,18.5,99.6,0.0,2.88,0.0,1.3595,Berawan,fog
dago,"Dago, Bandung",2026-08-17,32.73.02.1004,Dago,kelurahan,no,-6.889,107.61,Asia/Jakarta,"BMKG point: Dago, Coblong, Kota Bandung",17-08-2026,METNO,MET Norway,03:00,2026-08-17 03:00:00,18.1,99.6,0.0,5.04,0.0,1.3595,Berawan,fog
dago,"Dago, Bandung",2026-08-17,32.73.02.1004,Dago,kelurahan,no,-6.889,107.61,Asia/Jakarta,"BMKG point: Dago, Coblong, Kota Bandung",17-08-2026,METNO,MET Norway,04:00,2026-08-17 04:00:00,17.9,99.8,0.0,5.76,0.0,1.3595,Berawan,fog
dago,"Dago, Bandung",2026-08-17,32.73.02.1004,Dago,kelurahan,no,-6.889,107.61,Asia/Jakarta,"BMKG point: Dago, Coblong, Kota Bandung",17-08-2026,METNO,MET Norway,05:00,2026-08-17 05:00:00,17.7,99.4,0.0,4.32,0.0,1.3595,Berawan,fog
dago,"Dago, Bandung",2026-08-17,32.73.02.1004,Dago,kelurahan,no,-6.889,107.61,Asia/Jakarta,"BMKG point: Dago, Coblong, Kota Bandung",17-08-2026,METNO,MET Norway,06:00,2026-08-17 06:00:00,18.6,97.4,0.0,2.88,0.0,1.3595,Berawan,cloudy
dago,"Dago, Bandung",2026-08-17,32.73.02.1004,Dago,kelurahan,no,-6.889,107.61,Asia/Jakarta,"BMKG point: Dago, Coblong, Kota Bandung",17-08-2026,METNO,MET Norway,07:00,2026-08-17 07:00:00,19.5,93.2,0.0,5.4,0.0,1.3595,Cerah Berawan,partlycloudy_day
dago,"Dago, Bandung",2026-08-17,32.73.02.1004,Dago,kelurahan,no,-6.889,107.61,Asia/Jakarta,"BMKG point: Dago, Coblong, Kota Bandung",17-08-2026,METNO,MET Norway,08:00,2026-08-17 08:00:00,21.4,81.5,0.0,5.4,0.0,1.3595,Cerah,clearsky_day
dago,"Dago, Bandung",2026-08-17,32.73.02.1004,Dago,kelurahan,no,-6.889,107.61,Asia/Jakarta,"BMKG point: Dago, Coblong, Kota Bandung",17-08-2026,METNO,MET Norway,09:00,2026-08-17 09:00:00,23.8,64.5,0.0,4.32,0.0,1.3595,Cerah,clearsky_day
dago,"Dago, Bandung",2026-08-17,32.73.02.1004,Dago,kelurahan,no,-6.889,107.61,Asia/Jakarta,"BMKG point: Dago, Coblong, Kota Bandung",17-08-2026,METNO,MET Norway,10:00,2026-08-17 10:00:00,26.1,49.9,0.0,5.76,0.0,1.3595,Cerah,clearsky_day
dago,"Dago, Bandung",2026-08-17,32.73.02.1004,Dago,kelurahan,no,-6.889,107.61,Asia/Jakarta,"BMKG point: Dago, Coblong, Kota Bandung",17-08-2026,METNO,MET Norway,11:00,2026-08-17 11:00:00,27.8,43.0,0.0,8.28,0.0,1.3595,Cerah,clearsky_day
dago,"Dago, Bandung",2026-08-17,32.73.02.1004,Dago,kelurahan,no,-6.889,107.61,Asia/Jakarta,"BMKG point: Dago, Coblong, Kota Bandung",17-08-2026,METNO,MET Norway,12:00,2026-08-17 12:00:00,29.4,36.6,0.0,10.44,0.0,1.3595,Cerah,clearsky_day
dago,"Dago, Bandung",2026-08-17,32.73.02.1004,Dago,kelurahan,no,-6.889,107.61,Asia/Jakarta,"BMKG point: Dago, Coblong, Kota Bandung",17-08-2026,METNO,MET Norway,13:00,2026-08-17 13:00:00,29.8,36.0,0.0,10.8,0.0,1.3595,Cerah,clearsky_day
dago,"Dago, Bandung",2026-08-17,32.73.02.1004,Dago,kelurahan,no,-6.889,107.61,Asia/Jakarta,"BMKG point: Dago, Coblong, Kota Bandung",17-08-2026,METNO,MET Norway,14:00,2026-08-17 14:00:00,29.9,36.1,0.0,11.52,0.0,1.3595,Cerah,clearsky_day
dago,"Dago, Bandung",2026-08-17,32.73.02.1004,Dago,kelurahan,no,-6.889,107.61,Asia/Jakarta,"BMKG point: Dago, Coblong, Kota Bandung",17-08-2026,METNO,MET Norway,15:00,2026-08-17 15:00:00,29.5,39.4,0.0,12.6,0.0,1.3595,Cerah Berawan,fair_day
dago,"Dago, Bandung",2026-08-17,32.73.02.1004,Dago,kelurahan,no,-6.889,107.61,Asia/Jakarta,"BMKG point: Dago, Coblong, Kota Bandung",17-08-2026,METNO,MET Norway,16:00,2026-08-17 16:00:00,28.7,44.6,0.0,12.6,0.0,1.3595,Cerah Berawan,fair_day
dago,"Dago, Bandung",2026-08-17,32.73.02.1004,Dago,kelurahan,no,-6.889,107.61,Asia/Jakarta,"BMKG point: Dago, Coblong, Kota Bandung",17-08-2026,METNO,MET Norway,17:00,2026-08-17 17:00:00,27.3,50.8,0.0,12.24,0.0,1.3595,Cerah,clearsky_day
dago,"Dago, Bandung",2026-08-17,32.73.02.1004,Dago,kelurahan,no,-6.889,107.61,Asia/Jakarta,"BMKG point: Dago, Coblong, Kota Bandung",17-08-2026,METNO,MET Norway,18:00,2026-08-17 18:00:00,25.2,62.6,0.0,9.72,0.0,1.3595,Cerah,clearsky_night
dago,"Dago, Bandung",2026-08-17,32.73.02.1004,Dago,kelurahan,no,-6.889,107.61,Asia/Jakarta,"BMKG point: Dago, Coblong, Kota Bandung",17-08-2026,METNO,MET Norway,19:00,2026-08-17 19:00:00,23.7,72.4,0.0,8.28,0.0,1.3595,Cerah,clearsky_night
dago,"Dago, Bandung",2026-08-17,32.73.02.1004,Dago,kelurahan,no,-6.889,107.61,Asia/Jakarta,"BMKG point: Dago, Coblong, Kota Bandung",17-08-2026,METNO,MET Norway,20:00,2026-08-17 20:00:00,22.7,78.1,0.0,6.12,0.0,1.3595,Cerah,clearsky_night
dago,"Dago, Bandung",2026-08-17,32.73.02.1004,Dago,kelurahan,no,-6.889,107.61,Asia/Jakarta,"BMKG point: Dago, Coblong, Kota Bandung",17-08-2026,METNO,MET Norway,21:00,2026-08-17 21:00:00,22.2,81.3,0.0,3.6,0.0,1.3595,Cerah,clearsky_night
dago,"Dago, Bandung",2026-08-17,32.73.02.1004,Dago,kelurahan,no,-6.889,107.61,Asia/Jakarta,"BMKG point: Dago, Coblong, Kota Bandung",17-08-2026,METNO,MET Norway,22:00,2026-08-17 22:00:00,21.7,84.0,0.0,3.24,0.0,1.3595,Cerah Berawan,fair_night
dago,"Dago, Bandung",2026-08-17,32.73.02.1004,Dago,kelurahan,no,-6.889,107.61,Asia/Jakarta,"BMKG point: Dago, Coblong, Kota Bandung",17-08-2026,METNO,MET Norway,23:00,2026-08-17 23:00:00,21.2,86.9,0.0,3.6,0.0,1.3595,Cerah Berawan,fair_night
dago,"Dago, Bandung",2026-08-17,32.73.02.1004,Dago,kelurahan,no,-6.889,107.61,Asia/Jakarta,"BMKG point: Dago, Coblong, Kota Bandung",17-08-2026,UKMO,Open-Meteo / UK Met Office,00:00,2026-08-17 00:00:00,22.0,90.0,0.1,2.2,0.0,1.3131,Hujan Ringan,wmo:51
dago,"Dago, Bandung",2026-08-17,32.73.02.1004,Dago,kelurahan,no,-6.889,107.61,Asia/Jakarta,"BMKG point: Dago, Coblong, Kota Bandung",17-08-2026,UKMO,Open-Meteo / UK Met Office,01:00,2026-08-17 01:00:00,21.7,93.0,0.1,3.2,0.0,1.3131,Hujan Ringan,wmo:51
dago,"Dago, Bandung",2026-08-17,32.73.02.1004,Dago,kelurahan,no,-6.889,107.61,Asia/Jakarta,"BMKG point: Dago, Coblong, Kota Bandung",17-08-2026,UKMO,Open-Meteo / UK Met Office,02:00,2026-08-17 02:00:00,21.5,95.0,0.2,2.2,0.0,1.3131,Hujan Ringan,wmo:51
dago,"Dago, Bandung",2026-08-17,32.73.02.1004,Dago,kelurahan,no,-6.889,107.61,Asia/Jakarta,"BMKG point: Dago, Coblong, Kota Bandung",17-08-2026,UKMO,Open-Meteo / UK Met Office,03:00,2026-08-17 03:00:00,21.1,95.0,0.2,1.4,0.0,1.3131,Hujan Ringan,wmo:51
dago,"Dago, Bandung",2026-08-17,32.73.02.1004,Dago,kelurahan,no,-6.889,107.61,Asia/Jakarta,"BMKG point: Dago, Coblong, Kota Bandung",17-08-2026,UKMO,Open-Meteo / UK Met Office,04:00,2026-08-17 04:00:00,20.8,94.0,0.4,1.1,0.0,1.3131,Hujan Ringan,wmo:51
dago,"Dago, Bandung",2026-08-17,32.73.02.1004,Dago,kelurahan,no,-6.889,107.61,Asia/Jakarta,"BMKG point: Dago, Coblong, Kota Bandung",17-08-2026,UKMO,Open-Meteo / UK Met Office,05:00,2026-08-17 05:00:00,20.7,94.0,0.0,2.2,0.0,1.3131,Berawan,wmo:3
dago,"Dago, Bandung",2026-08-17,32.73.02.1004,Dago,kelurahan,no,-6.889,107.61,Asia/Jakarta,"BMKG point: Dago, Coblong, Kota Bandung",17-08-2026,UKMO,Open-Meteo / UK Met Office,06:00,2026-08-17 06:00:00,20.5,94.0,0.0,3.6,0.0,1.3131,Cerah Berawan,wmo:2
dago,"Dago, Bandung",2026-08-17,32.73.02.1004,Dago,kelurahan,no,-6.889,107.61,Asia/Jakarta,"BMKG point: Dago, Coblong, Kota Bandung",17-08-2026,UKMO,Open-Meteo / UK Met Office,07:00,2026-08-17 07:00:00,20.7,92.0,0.0,1.8,0.0,1.3131,Cerah,wmo:0
dago,"Dago, Bandung",2026-08-17,32.73.02.1004,Dago,kelurahan,no,-6.889,107.61,Asia/Jakarta,"BMKG point: Dago, Coblong, Kota Bandung",17-08-2026,UKMO,Open-Meteo / UK Met Office,08:00,2026-08-17 08:00:00,21.6,86.0,0.0,2.2,0.0,1.3131,Cerah,wmo:0
dago,"Dago, Bandung",2026-08-17,32.73.02.1004,Dago,kelurahan,no,-6.889,107.61,Asia/Jakarta,"BMKG point: Dago, Coblong, Kota Bandung",17-08-2026,UKMO,Open-Meteo / UK Met Office,09:00,2026-08-17 09:00:00,23.0,78.0,0.0,2.5,0.0,1.3131,Cerah,wmo:0
dago,"Dago, Bandung",2026-08-17,32.73.02.1004,Dago,kelurahan,no,-6.889,107.61,Asia/Jakarta,"BMKG point: Dago, Coblong, Kota Bandung",17-08-2026,UKMO,Open-Meteo / UK Met Office,10:00,2026-08-17 10:00:00,24.4,69.0,0.0,2.9,0.0,1.3131,Cerah Berawan,wmo:1
dago,"Dago, Bandung",2026-08-17,32.73.02.1004,Dago,kelurahan,no,-6.889,107.61,Asia/Jakarta,"BMKG point: Dago, Coblong, Kota Bandung",17-08-2026,UKMO,Open-Meteo / UK Met Office,11:00,2026-08-17 11:00:00,26.0,58.0,0.0,3.2,0.0,1.3131,Cerah,wmo:0
dago,"Dago, Bandung",2026-08-17,32.73.02.1004,Dago,kelurahan,no,-6.889,107.61,Asia/Jakarta,"BMKG point: Dago, Coblong, Kota Bandung",17-08-2026,UKMO,Open-Meteo / UK Met Office,12:00,2026-08-17 12:00:00,27.7,46.0,0.0,3.2,0.0,1.3131,Cerah,wmo:0
dago,"Dago, Bandung",2026-08-17,32.73.02.1004,Dago,kelurahan,no,-6.889,107.61,Asia/Jakarta,"BMKG point: Dago, Coblong, Kota Bandung",17-08-2026,UKMO,Open-Meteo / UK Met Office,13:00,2026-08-17 13:00:00,28.9,37.0,0.0,3.2,0.0,1.3131,Cerah,wmo:0
dago,"Dago, Bandung",2026-08-17,32.73.02.1004,Dago,kelurahan,no,-6.889,107.61,Asia/Jakarta,"BMKG point: Dago, Coblong, Kota Bandung",17-08-2026,UKMO,Open-Meteo / UK Met Office,14:00,2026-08-17 14:00:00,30.1,33.0,0.0,3.2,0.0,1.3131,Cerah Berawan,wmo:1
dago,"Dago, Bandung",2026-08-17,32.73.02.1004,Dago,kelurahan,no,-6.889,107.61,Asia/Jakarta,"BMKG point: Dago, Coblong, Kota Bandung",17-08-2026,UKMO,Open-Meteo / UK Met Office,15:00,2026-08-17 15:00:00,30.1,35.0,0.0,5.0,0.0,1.3131,Cerah Berawan,wmo:2
dago,"Dago, Bandung",2026-08-17,32.73.02.1004,Dago,kelurahan,no,-6.889,107.61,Asia/Jakarta,"BMKG point: Dago, Coblong, Kota Bandung",17-08-2026,UKMO,Open-Meteo / UK Met Office,16:00,2026-08-17 16:00:00,29.6,40.0,0.0,6.1,0.0,1.3131,Berawan,wmo:3
dago,"Dago, Bandung",2026-08-17,32.73.02.1004,Dago,kelurahan,no,-6.889,107.61,Asia/Jakarta,"BMKG point: Dago, Coblong, Kota Bandung",17-08-2026,UKMO,Open-Meteo / UK Met Office,17:00,2026-08-17 17:00:00,28.4,47.0,0.1,6.5,0.0,1.3131,Hujan Ringan,wmo:51
dago,"Dago, Bandung",2026-08-17,32.73.02.1004,Dago,kelurahan,no,-6.889,107.61,Asia/Jakarta,"BMKG point: Dago, Coblong, Kota Bandung",17-08-2026,UKMO,Open-Meteo / UK Met Office,18:00,2026-08-17 18:00:00,26.8,57.0,0.1,6.1,0.0,1.3131,Hujan Ringan,wmo:51
dago,"Dago, Bandung",2026-08-17,32.73.02.1004,Dago,kelurahan,no,-6.889,107.61,Asia/Jakarta,"BMKG point: Dago, Coblong, Kota Bandung",17-08-2026,UKMO,Open-Meteo / UK Met Office,19:00,2026-08-17 19:00:00,25.4,65.0,0.1,5.8,0.0,1.3131,Hujan Ringan,wmo:51
dago,"Dago, Bandung",2026-08-17,32.73.02.1004,Dago,kelurahan,no,-6.889,107.61,Asia/Jakarta,"BMKG point: Dago, Coblong, Kota Bandung",17-08-2026,UKMO,Open-Meteo / UK Met Office,20:00,2026-08-17 20:00:00,24.4,71.0,0.0,5.0,0.0,1.3131,Cerah Berawan,wmo:1
dago,"Dago, Bandung",2026-08-17,32.73.02.1004,Dago,kelurahan,no,-6.889,107.61,Asia/Jakarta,"BMKG point: Dago, Coblong, Kota Bandung",17-08-2026,UKMO,Open-Meteo / UK Met Office,21:00,2026-08-17 21:00:00,23.6,76.0,0.0,3.6,0.0,1.3131,Cerah Berawan,wmo:1
dago,"Dago, Bandung",2026-08-17,32.73.02.1004,Dago,kelurahan,no,-6.889,107.61,Asia/Jakarta,"BMKG point: Dago, Coblong, Kota Bandung",17-08-2026,UKMO,Open-Meteo / UK Met Office,22:00,2026-08-17 22:00:00,23.0,80.0,0.0,3.2,0.0,1.3131,Cerah Berawan,wmo:1
dago,"Dago, Bandung",2026-08-17,32.73.02.1004,Dago,kelurahan,no,-6.889,107.61,Asia/Jakarta,"BMKG point: Dago, Coblong, Kota Bandung",17-08-2026,UKMO,Open-Meteo / UK Met Office,23:00,2026-08-17 23:00:00,22.6,83.0,0.0,4.0,0.0,1.3131,Cerah Berawan,wmo:2
jatinangor,"Jatinangor, Sumedang",2026-08-15,32.11.15.2002,Hegarmanah,kecamatan,yes,-6.938,107.7556,Asia/Jakarta,"BMKG representative point: Hegarmanah, Kecamatan Jatinangor",15-08-2026,BMKG,BMKG,09:00,2026-08-15 12:00:00,29.0,46.0,0.0,4.7,180.0,0.9904,Cerah Berawan,Cerah Berawan
jatinangor,"Jatinangor, Sumedang",2026-08-15,32.11.15.2002,Hegarmanah,kecamatan,yes,-6.938,107.7556,Asia/Jakarta,"BMKG representative point: Hegarmanah, Kecamatan Jatinangor",15-08-2026,BMKG,BMKG,10:00,2026-08-15 12:00:00,29.0,46.0,0.0,4.7,120.0,0.9904,Cerah Berawan,Cerah Berawan
jatinangor,"Jatinangor, Sumedang",2026-08-15,32.11.15.2002,Hegarmanah,kecamatan,yes,-6.938,107.7556,Asia/Jakarta,"BMKG representative point: Hegarmanah, Kecamatan Jatinangor",15-08-2026,BMKG,BMKG,11:00,2026-08-15 12:00:00,29.0,46.0,0.0,4.7,60.0,1.3505,Cerah Berawan,Cerah Berawan
jatinangor,"Jatinangor, Sumedang",2026-08-15,32.11.15.2002,Hegarmanah,kecamatan,yes,-6.938,107.7556,Asia/Jakarta,"BMKG representative point: Hegarmanah, Kecamatan Jatinangor",15-08-2026,BMKG,BMKG,12:00,2026-08-15 12:00:00,29.0,46.0,0.0,4.7,0.0,1.8007,Cerah Berawan,Cerah Berawan
jatinangor,"Jatinangor, Sumedang",2026-08-15,32.11.15.2002,Hegarmanah,kecamatan,yes,-6.938,107.7556,Asia/Jakarta,"BMKG representative point: Hegarmanah, Kecamatan Jatinangor",15-08-2026,BMKG,BMKG,13:00,2026-08-15 12:00:00,29.0,46.0,0.0,4.7,60.0,1.3505,Cerah Berawan,Cerah Berawan
jatinangor,"Jatinangor, Sumedang",2026-08-15,32.11.15.2002,Hegarmanah,kecamatan,yes,-6.938,107.7556,Asia/Jakarta,"BMKG representative point: Hegarmanah, Kecamatan Jatinangor",15-08-2026,BMKG,BMKG,14:00,2026-08-15 15:00:00,26.0,56.0,0.0,5.7,60.0,1.3505,Cerah Berawan,Cerah Berawan
jatinangor,"Jatinangor, Sumedang",2026-08-15,32.11.15.2002,Hegarmanah,kecamatan,yes,-6.938,107.7556,Asia/Jakarta,"BMKG representative point: Hegarmanah, Kecamatan Jatinangor",15-08-2026,BMKG,BMKG,15:00,2026-08-15 15:00:00,26.0,56.0,0.0,5.7,0.0,1.8007,Cerah Berawan,Cerah Berawan
jatinangor,"Jatinangor, Sumedang",2026-08-15,32.11.15.2002,Hegarmanah,kecamatan,yes,-6.938,107.7556,Asia/Jakarta,"BMKG representative point: Hegarmanah, Kecamatan Jatinangor",15-08-2026,BMKG,BMKG,16:00,2026-08-15 15:00:00,26.0,56.0,0.0,5.7,60.0,1.3505,Cerah Berawan,Cerah Berawan
jatinangor,"Jatinangor, Sumedang",2026-08-15,32.11.15.2002,Hegarmanah,kecamatan,yes,-6.938,107.7556,Asia/Jakarta,"BMKG representative point: Hegarmanah, Kecamatan Jatinangor",15-08-2026,BMKG,BMKG,17:00,2026-08-15 18:00:00,23.0,76.0,0.0,2.1,60.0,1.3505,Cerah Berawan,Cerah Berawan
jatinangor,"Jatinangor, Sumedang",2026-08-15,32.11.15.2002,Hegarmanah,kecamatan,yes,-6.938,107.7556,Asia/Jakarta,"BMKG representative point: Hegarmanah, Kecamatan Jatinangor",15-08-2026,BMKG,BMKG,18:00,2026-08-15 18:00:00,23.0,76.0,0.0,2.1,0.0,1.8007,Cerah Berawan,Cerah Berawan
jatinangor,"Jatinangor, Sumedang",2026-08-15,32.11.15.2002,Hegarmanah,kecamatan,yes,-6.938,107.7556,Asia/Jakarta,"BMKG representative point: Hegarmanah, Kecamatan Jatinangor",15-08-2026,BMKG,BMKG,19:00,2026-08-15 18:00:00,23.0,76.0,0.0,2.1,60.0,1.3505,Cerah Berawan,Cerah Berawan
jatinangor,"Jatinangor, Sumedang",2026-08-15,32.11.15.2002,Hegarmanah,kecamatan,yes,-6.938,107.7556,Asia/Jakarta,"BMKG representative point: Hegarmanah, Kecamatan Jatinangor",15-08-2026,BMKG,BMKG,20:00,2026-08-15 21:00:00,21.0,86.0,0.0,1.7,60.0,1.3505,Berawan,Berawan
jatinangor,"Jatinangor, Sumedang",2026-08-15,32.11.15.2002,Hegarmanah,kecamatan,yes,-6.938,107.7556,Asia/Jakarta,"BMKG representative point: Hegarmanah, Kecamatan Jatinangor",15-08-2026,BMKG,BMKG,21:00,2026-08-15 21:00:00,21.0,86.0,0.0,1.7,0.0,1.8007,Berawan,Berawan
jatinangor,"Jatinangor, Sumedang",2026-08-15,32.11.15.2002,Hegarmanah,kecamatan,yes,-6.938,107.7556,Asia/Jakarta,"BMKG representative point: Hegarmanah, Kecamatan Jatinangor",15-08-2026,BMKG,BMKG,22:00,2026-08-15 21:00:00,21.0,86.0,0.0,1.7,60.0,1.3505,Berawan,Berawan
jatinangor,"Jatinangor, Sumedang",2026-08-15,32.11.15.2002,Hegarmanah,kecamatan,yes,-6.938,107.7556,Asia/Jakarta,"BMKG representative point: Hegarmanah, Kecamatan Jatinangor",15-08-2026,BMKG,BMKG,23:00,2026-08-15 21:00:00,21.0,86.0,0.0,1.7,120.0,0.9904,Berawan,Berawan
jatinangor,"Jatinangor, Sumedang",2026-08-15,32.11.15.2002,Hegarmanah,kecamatan,yes,-6.938,107.7556,Asia/Jakarta,"BMKG representative point: Hegarmanah, Kecamatan Jatinangor",15-08-2026,CMA,Open-Meteo / CMA GRAPES,00:00,2026-08-15 00:00:00,21.6,96.0,0.0,4.0,0.0,1.1465,Cerah,wmo:0
jatinangor,"Jatinangor, Sumedang",2026-08-15,32.11.15.2002,Hegarmanah,kecamatan,yes,-6.938,107.7556,Asia/Jakarta,"BMKG representative point: Hegarmanah, Kecamatan Jatinangor",15-08-2026,CMA,Open-Meteo / CMA GRAPES,01:00,2026-08-15 01:00:00,21.6,95.0,0.0,4.4,0.0,1.1465,Cerah,wmo:0
jatinangor,"Jatinangor, Sumedang",2026-08-15,32.11.15.2002,Hegarmanah,kecamatan,yes,-6.938,107.7556,Asia/Jakarta,"BMKG representative point: Hegarmanah, Kecamatan Jatinangor",15-08-2026,CMA,Open-Meteo / CMA GRAPES,02:00,2026-08-15 02:00:00,21.5,95.0,0.0,4.5,0.0,1.1465,Cerah,wmo:0
jatinangor,"Jatinangor, Sumedang",2026-08-15,32.11.15.2002,Hegarmanah,kecamatan,yes,-6.938,107.7556,Asia/Jakarta,"BMKG representative point: Hegarmanah, Kecamatan Jatinangor",15-08-2026,CMA,Open-Meteo / CMA GRAPES,03:00,2026-08-15 03:00:00,21.2,94.0,0.0,3.8,0.0,1.1465,Cerah,wmo:0
jatinangor,"Jatinangor, Sumedang",2026-08-15,32.11.15.2002,Hegarmanah,kecamatan,yes,-6.938,107.7556,Asia/Jakarta,"BMKG representative point: Hegarmanah, Kecamatan Jatinangor",15-08-2026,CMA,Open-Meteo / CMA GRAPES,04:00,2026-08-15 04:00:00,21.1,93.0,0.0,3.9,0.0,1.1465,Cerah,wmo:0
jatinangor,"Jatinangor, Sumedang",2026-08-15,32.11.15.2002,Hegarmanah,kecamatan,yes,-6.938,107.7556,Asia/Jakarta,"BMKG representative point: Hegarmanah, Kecamatan Jatinangor",15-08-2026,CMA,Open-Meteo / CMA GRAPES,05:00,2026-08-15 05:00:00,21.0,91.0,0.0,5.0,0.0,1.1465,Cerah,wmo:0
jatinangor,"Jatinangor, Sumedang",2026-08-15,32.11.15.2002,Hegarmanah,kecamatan,yes,-6.938,107.7556,Asia/Jakarta,"BMKG representative point: Hegarmanah, Kecamatan Jatinangor",15-08-2026,CMA,Open-Meteo / CMA GRAPES,06:00,2026-08-15 06:00:00,21.0,87.0,0.0,6.5,0.0,1.1465,Cerah,wmo:0
jatinangor,"Jatinangor, Sumedang",2026-08-15,32.11.15.2002,Hegarmanah,kecamatan,yes,-6.938,107.7556,Asia/Jakarta,"BMKG representative point: Hegarmanah, Kecamatan Jatinangor",15-08-2026,CMA,Open-Meteo / CMA GRAPES,07:00,2026-08-15 07:00:00,21.4,84.0,0.0,6.6,0.0,1.1465,Cerah,wmo:0
jatinangor,"Jatinangor, Sumedang",2026-08-15,32.11.15.2002,Hegarmanah,kecamatan,yes,-6.938,107.7556,Asia/Jakarta,"BMKG representative point: Hegarmanah, Kecamatan Jatinangor",15-08-2026,CMA,Open-Meteo / CMA GRAPES,08:00,2026-08-15 08:00:00,22.4,81.0,0.0,5.4,0.0,1.1465,Cerah,wmo:0
jatinangor,"Jatinangor, Sumedang",2026-08-15,32.11.15.2002,Hegarmanah,kecamatan,yes,-6.938,107.7556,Asia/Jakarta,"BMKG representative point: Hegarmanah, Kecamatan Jatinangor",15-08-2026,CMA,Open-Meteo / CMA GRAPES,09:00,2026-08-15 09:00:00,23.7,77.0,0.0,4.7,0.0,1.1465,Cerah,wmo:0
jatinangor,"Jatinangor, Sumedang",2026-08-15,32.11.15.2002,Hegarmanah,kecamatan,yes,-6.938,107.7556,Asia/Jakarta,"BMKG representative point: Hegarmanah, Kecamatan Jatinangor",15-08-2026,CMA,Open-Meteo / CMA GRAPES,10:00,2026-08-15 10:00:00,24.9,73.0,0.0,6.3,0.0,1.1465,Cerah,wmo:0
jatinangor,"Jatinangor, Sumedang",2026-08-15,32.11.15.2002,Hegarmanah,kecamatan,yes,-6.938,107.7556,Asia/Jakarta,"BMKG representative point: Hegarmanah, Kecamatan Jatinangor",15-08-2026,CMA,Open-Meteo / CMA GRAPES,11:00,2026-08-15 11:00:00,26.0,67.0,0.0,7.7,0.0,1.1465,Cerah,wmo:0
jatinangor,"Jatinangor, Sumedang",2026-08-15,32.11.15.2002,Hegarmanah,kecamatan,yes,-6.938,107.7556,Asia/Jakarta,"BMKG representative point: Hegarmanah, Kecamatan Jatinangor",15-08-2026,CMA,Open-Meteo / CMA GRAPES,12:00,2026-08-15 12:00:00,27.0,61.0,0.0,8.7,0.0,1.1465,Cerah,wmo:0
jatinangor,"Jatinangor, Sumedang",2026-08-15,32.11.15.2002,Hegarmanah,kecamatan,yes,-6.938,107.7556,Asia/Jakarta,"BMKG representative point: Hegarmanah, Kecamatan Jatinangor",15-08-2026,CMA,Open-Meteo / CMA GRAPES,13:00,2026-08-15 13:00:00,27.6,57.0,0.0,10.4,0.0,1.1465,Cerah,wmo:0
jatinangor,"Jatinangor, Sumedang",2026-08-15,32.11.15.2002,Hegarmanah,kecamatan,yes,-6.938,107.7556,Asia/Jakarta,"BMKG representative point: Hegarmanah, Kecamatan Jatinangor",15-08-2026,CMA,Open-Meteo / CMA GRAPES,14:00,2026-08-15 14:00:00,27.6,57.0,0.0,13.0,0.0,1.1465,Cerah Berawan,wmo:1
jatinangor,"Jatinangor, Sumedang",2026-08-15,32.11.15.2002,Hegarmanah,kecamatan,yes,-6.938,107.7556,Asia/Jakarta,"BMKG representative point: Hegarmanah, Kecamatan Jatinangor",15-08-2026,CMA,Open-Meteo / CMA GRAPES,15:00,2026-08-15 15:00:00,27.3,60.0,0.0,15.5,0.0,1.1465,Cerah Berawan,wmo:1
jatinangor,"Jatinangor, Sumedang",2026-08-15,32.11.15.2002,Hegarmanah,kecamatan,yes,-6.938,107.7556,Asia/Jakarta,"BMKG representative point: Hegarmanah, Kecamatan Jatinangor",15-08-2026,CMA,Open-Meteo / CMA GRAPES,16:00,2026-08-15 16:00:00,26.7,64.0,0.0,16.6,0.0,1.1465,Cerah Berawan,wmo:2
jatinangor,"Jatinangor, Sumedang",2026-08-15,32.11.15.2002,Hegarmanah,kecamatan,yes,-6.938,107.7556,Asia/Jakarta,"BMKG representative point: Hegarmanah, Kecamatan Jatinangor",15-08-2026,CMA,Open-Meteo / CMA GRAPES,17:00,2026-08-15 17:00:00,25.8,70.0,0.0,14.8,0.0,1.1465,Cerah Berawan,wmo:2
jatinangor,"Jatinangor, Sumedang",2026-08-15,32.11.15.2002,Hegarmanah,kecamatan,yes,-6.938,107.7556,Asia/Jakarta,"BMKG representative point: Hegarmanah, Kecamatan Jatinangor",15-08-2026,CMA,Open-Meteo / CMA GRAPES,18:00,2026-08-15 18:00:00,24.7,78.0,0.0,11.7,0.0,1.1465,Cerah Berawan,wmo:2
jatinangor,"Jatinangor, Sumedang",2026-08-15,32.11.15.2002,Hegarmanah,kecamatan,yes,-6.938,107.7556,Asia/Jakarta,"BMKG representative point: Hegarmanah, Kecamatan Jatinangor",15-08-2026,CMA,Open-Meteo / CMA GRAPES,19:00,2026-08-15 19:00:00,23.7,84.0,0.0,8.7,0.0,1.1465,Cerah Berawan,wmo:2
jatinangor,"Jatinangor, Sumedang",2026-08-15,32.11.15.2002,Hegarmanah,kecamatan,yes,-6.938,107.7556,Asia/Jakarta,"BMKG representative point: Hegarmanah, Kecamatan Jatinangor",15-08-2026,CMA,Open-Meteo / CMA GRAPES,20:00,2026-08-15 20:00:00,23.2,88.0,0.1,5.2,0.0,1.1465,Hujan Ringan,wmo:51
jatinangor,"Jatinangor, Sumedang",2026-08-15,32.11.15.2002,Hegarmanah,kecamatan,yes,-6.938,107.7556,Asia/Jakarta,"BMKG representative point: Hegarmanah, Kecamatan Jatinangor",15-08-2026,CMA,Open-Meteo / CMA GRAPES,21:00,2026-08-15 21:00:00,22.8,91.0,0.1,2.3,0.0,1.1465,Hujan Ringan,wmo:51
jatinangor,"Jatinangor, Sumedang",2026-08-15,32.11.15.2002,Hegarmanah,kecamatan,yes,-6.938,107.7556,Asia/Jakarta,"BMKG representative point: Hegarmanah, Kecamatan Jatinangor",15-08-2026,CMA,Open-Meteo / CMA GRAPES,22:00,2026-08-15 22:00:00,22.5,93.0,0.1,1.8,0.0,1.1465,Hujan Ringan,wmo:51
jatinangor,"Jatinangor, Sumedang",2026-08-15,32.11.15.2002,Hegarmanah,kecamatan,yes,-6.938,107.7556,Asia/Jakarta,"BMKG representative point: Hegarmanah, Kecamatan Jatinangor",15-08-2026,CMA,Open-Meteo / CMA GRAPES,23:00,2026-08-15 23:00:00,22.2,94.0,0.0,2.3,0.0,1.1465,Cerah Berawan,wmo:1
jatinangor,"Jatinangor, Sumedang",2026-08-15,32.11.15.2002,Hegarmanah,kecamatan,yes,-6.938,107.7556,Asia/Jakarta,"BMKG representative point: Hegarmanah, Kecamatan Jatinangor",15-08-2026,ECMWF,Open-Meteo / ECMWF,00:00,2026-08-15 00:00:00,21.2,89.0,0.0,2.8,0.0,1.7343,Cerah Berawan,wmo:1
jatinangor,"Jatinangor, Sumedang",2026-08-15,32.11.15.2002,Hegarmanah,kecamatan,yes,-6.938,107.7556,Asia/Jakarta,"BMKG representative point: Hegarmanah, Kecamatan Jatinangor",15-08-2026,ECMWF,Open-Meteo / ECMWF,01:00,2026-08-15 01:00:00,20.8,90.0,0.0,2.0,0.0,1.7343,Cerah Berawan,wmo:2
jatinangor,"Jatinangor, Sumedang",2026-08-15,32.11.15.2002,Hegarmanah,kecamatan,yes,-6.938,107.7556,Asia/Jakarta,"BMKG representative point: Hegarmanah, Kecamatan Jatinangor",15-08-2026,ECMWF,Open-Meteo / ECMWF,02:00,2026-08-15 02:00:00,20.2,92.0,0.0,3.1,0.0,1.7343,Cerah Berawan,wmo:2
jatinangor,"Jatinangor, Sumedang",2026-08-15,32.11.15.2002,Hegarmanah,kecamatan,yes,-6.938,107.7556,Asia/Jakarta,"BMKG representative point: Hegarmanah, Kecamatan Jatinangor",15-08-2026,ECMWF,Open-Meteo / ECMWF,03:00,2026-08-15 03:00:00,19.5,95.0,0.0,5.2,0.0,1.7343,Cerah Berawan,wmo:2
jatinangor,"Jatinangor, Sumedang",2026-08-15,32.11.15.2002,Hegarmanah,kecamatan,yes,-6.938,107.7556,Asia/Jakarta,"BMKG representative point: Hegarmanah, Kecamatan Jatinangor",15-08-2026,ECMWF,Open-Meteo / ECMWF,04:00,2026-08-15 04:00:00,19.2,96.0,0.0,6.5,0.0,1.7343,Berawan,wmo:3
jatinangor,"Jatinangor, Sumedang",2026-08-15,32.11.15.2002,Hegarmanah,kecamatan,yes,-6.938,107.7556,Asia/Jakarta,"BMKG representative point: Hegarmanah, Kecamatan Jatinangor",15-08-2026,ECMWF,Open-Meteo / ECMWF,05:00,2026-08-15 05:00:00,19.0,96.0,0.0,7.1,0.0,1.7343,Berawan,wmo:3
jatinangor,"Jatinangor, Sumedang",2026-08-15,32.11.15.2002,Hegarmanah,kecamatan,yes,-6.938,107.7556,Asia/Jakarta,"BMKG representative point: Hegarmanah, Kecamatan Jatinangor",15-08-2026,ECMWF,Open-Meteo / ECMWF,06:00,2026-08-15 06:00:00,19.2,94.0,0.0,7.0,0.0,1.7343,Berawan,wmo:3
jatinangor,"Jatinangor, Sumedang",2026-08-15,32.11.15.2002,Hegarmanah,kecamatan,yes,-6.938,107.7556,Asia/Jakarta,"BMKG representative point: Hegarmanah, Kecamatan Jatinangor",15-08-2026,ECMWF,Open-Meteo / ECMWF,07:00,2026-08-15 07:00:00,20.0,89.0,0.0,6.6,0.0,1.7343,Berawan,wmo:3
jatinangor,"Jatinangor, Sumedang",2026-08-15,32.11.15.2002,Hegarmanah,kecamatan,yes,-6.938,107.7556,Asia/Jakarta,"BMKG representative point: Hegarmanah, Kecamatan Jatinangor",15-08-2026,ECMWF,Open-Meteo / ECMWF,08:00,2026-08-15 08:00:00,22.1,79.0,0.0,5.9,0.0,1.7343,Berawan,wmo:3
jatinangor,"Jatinangor, Sumedang",2026-08-15,32.11.15.2002,Hegarmanah,kecamatan,yes,-6.938,107.7556,Asia/Jakarta,"BMKG representative point: Hegarmanah, Kecamatan Jatinangor",15-08-2026,ECMWF,Open-Meteo / ECMWF,09:00,2026-08-15 09:00:00,24.8,66.0,0.0,4.8,0.0,1.7343,Berawan,wmo:3
jatinangor,"Jatinangor, Sumedang",2026-08-15,32.11.15.2002,Hegarmanah,kecamatan,yes,-6.938,107.7556,Asia/Jakarta,"BMKG representative point: Hegarmanah, Kecamatan Jatinangor",15-08-2026,ECMWF,Open-Meteo / ECMWF,10:00,2026-08-15 10:00:00,27.2,55.0,0.0,3.3,0.0,1.7343,Berawan,wmo:3
jatinangor,"Jatinangor, Sumedang",2026-08-15,32.11.15.2002,Hegarmanah,kecamatan,yes,-6.938,107.7556,Asia/Jakarta,"BMKG representative point: Hegarmanah, Kecamatan Jatinangor",15-08-2026,ECMWF,Open-Meteo / ECMWF,11:00,2026-08-15 11:00:00,29.0,47.0,0.0,0.8,0.0,1.7343,Berawan,wmo:3
jatinangor,"Jatinangor, Sumedang",2026-08-15,32.11.15.2002,Hegarmanah,kecamatan,yes,-6.938,107.7556,Asia/Jakarta,"BMKG representative point: Hegarmanah, Kecamatan Jatinangor",15-08-2026,ECMWF,Open-Meteo / ECMWF,12:00,2026-08-15 12:00:00,30.5,41.0,0.0,2.5,0.0,1.7343,Berawan,wmo:3
jatinangor,"Jatinangor, Sumedang",2026-08-15,32.11.15.2002,Hegarmanah,kecamatan,yes,-6.938,107.7556,Asia/Jakarta,"BMKG representative point: Hegarmanah, Kecamatan Jatinangor",15-08-2026,ECMWF,Open-Meteo / ECMWF,13:00,2026-08-15 13:00:00,31.3,38.0,0.0,4.5,0.0,1.7343,Berawan,wmo:3
jatinangor,"Jatinangor, Sumedang",2026-08-15,32.11.15.2002,Hegarmanah,kecamatan,yes,-6.938,107.7556,Asia/Jakarta,"BMKG representative point: Hegarmanah, Kecamatan Jatinangor",15-08-2026,ECMWF,Open-Meteo / ECMWF,14:00,2026-08-15 14:00:00,31.1,38.0,0.1,4.9,0.0,1.7343,Hujan Ringan,wmo:51
jatinangor,"Jatinangor, Sumedang",2026-08-15,32.11.15.2002,Hegarmanah,kecamatan,yes,-6.938,107.7556,Asia/Jakarta,"BMKG representative point: Hegarmanah, Kecamatan Jatinangor",15-08-2026,ECMWF,Open-Meteo / ECMWF,15:00,2026-08-15 15:00:00,30.2,40.0,0.1,5.8,0.0,1.7343,Hujan Ringan,wmo:51
jatinangor,"Jatinangor, Sumedang",2026-08-15,32.11.15.2002,Hegarmanah,kecamatan,yes,-6.938,107.7556,Asia/Jakarta,"BMKG representative point: Hegarmanah, Kecamatan Jatinangor",15-08-2026,ECMWF,Open-Meteo / ECMWF,16:00,2026-08-15 16:00:00,29.1,44.0,0.1,6.5,0.0,1.7343,Hujan Ringan,wmo:51
jatinangor,"Jatinangor, Sumedang",2026-08-15,32.11.15.2002,Hegarmanah,kecamatan,yes,-6.938,107.7556,Asia/Jakarta,"BMKG representative point: Hegarmanah, Kecamatan Jatinangor",15-08-2026,ECMWF,Open-Meteo / ECMWF,17:00,2026-08-15 17:00:00,27.9,51.0,0.0,5.6,0.0,1.7343,Berawan,wmo:3
jatinangor,"Jatinangor, Sumedang",2026-08-15,32.11.15.2002,Hegarmanah,kecamatan,yes,-6.938,107.7556,Asia/Jakarta,"BMKG representative point: Hegarmanah, Kecamatan Jatinangor",15-08-2026,ECMWF,Open-Meteo / ECMWF,18:00,2026-08-15 18:00:00,26.5,59.0,0.0,4.8,0.0,1.7343,Berawan,wmo:3
jatinangor,"Jatinangor, Sumedang",2026-08-15,32.11.15.2002,Hegarmanah,kecamatan,yes,-6.938,107.7556,Asia/Jakarta,"BMKG representative point: Hegarmanah, Kecamatan Jatinangor",15-08-2026,ECMWF,Open-Meteo / ECMWF,19:00,2026-08-15 19:00:00,25.2,67.0,0.0,5.2,0.0,1.7343,Berawan,wmo:3
jatinangor,"Jatinangor, Sumedang",2026-08-15,32.11.15.2002,Hegarmanah,kecamatan,yes,-6.938,107.7556,Asia/Jakarta,"BMKG representative point: Hegarmanah, Kecamatan Jatinangor",15-08-2026,ECMWF,Open-Meteo / ECMWF,20:00,2026-08-15 20:00:00,24.2,73.0,0.0,5.8,0.0,1.7343,Berawan,wmo:3
jatinangor,"Jatinangor, Sumedang",2026-08-15,32.11.15.2002,Hegarmanah,kecamatan,yes,-6.938,107.7556,Asia/Jakarta,"BMKG representative point: Hegarmanah, Kecamatan Jatinangor",15-08-2026,ECMWF,Open-Meteo / ECMWF,21:00,2026-08-15 21:00:00,23.2,78.0,0.0,5.9,0.0,1.7343,Berawan,wmo:3
jatinangor,"Jatinangor, Sumedang",2026-08-15,32.11.15.2002,Hegarmanah,kecamatan,yes,-6.938,107.7556,Asia/Jakarta,"BMKG representative point: Hegarmanah, Kecamatan Jatinangor",15-08-2026,ECMWF,Open-Meteo / ECMWF,22:00,2026-08-15 22:00:00,22.4,82.0,0.0,5.7,0.0,1.7343,Berawan,wmo:3
jatinangor,"Jatinangor, Sumedang",2026-08-15,32.11.15.2002,Hegarmanah,kecamatan,yes,-6.938,107.7556,Asia/Jakarta,"BMKG representative point: Hegarmanah, Kecamatan Jatinangor",15-08-2026,ECMWF,Open-Meteo / ECMWF,23:00,2026-08-15 23:00:00,21.8,86.0,0.0,5.5,0.0,1.7343,Berawan,wmo:3
jatinangor,"Jatinangor, Sumedang",2026-08-15,32.11.15.2002,Hegarmanah,kecamatan,yes,-6.938,107.7556,Asia/Jakarta,"BMKG representative point: Hegarmanah, Kecamatan Jatinangor",15-08-2026,GFS,Open-Meteo / NOAA GFS,00:00,2026-08-15 00:00:00,18.6,92.0,0.0,3.3,0.0,1.3868,Cerah,wmo:0
jatinangor,"Jatinangor, Sumedang",2026-08-15,32.11.15.2002,Hegarmanah,kecamatan,yes,-6.938,107.7556,Asia/Jakarta,"BMKG representative point: Hegarmanah, Kecamatan Jatinangor",15-08-2026,GFS,Open-Meteo / NOAA GFS,01:00,2026-08-15 01:00:00,18.3,93.0,0.0,3.6,0.0,1.3868,Cerah Berawan,wmo:1
jatinangor,"Jatinangor, Sumedang",2026-08-15,32.11.15.2002,Hegarmanah,kecamatan,yes,-6.938,107.7556,Asia/Jakarta,"BMKG representative point: Hegarmanah, Kecamatan Jatinangor",15-08-2026,GFS,Open-Meteo / NOAA GFS,02:00,2026-08-15 02:00:00,18.0,93.0,0.0,3.7,0.0,1.3868,Berawan,wmo:3
jatinangor,"Jatinangor, Sumedang",2026-08-15,32.11.15.2002,Hegarmanah,kecamatan,yes,-6.938,107.7556,Asia/Jakarta,"BMKG representative point: Hegarmanah, Kecamatan Jatinangor",15-08-2026,GFS,Open-Meteo / NOAA GFS,03:00,2026-08-15 03:00:00,17.7,94.0,0.0,5.0,0.0,1.3868,Cerah Berawan,wmo:2
jatinangor,"Jatinangor, Sumedang",2026-08-15,32.11.15.2002,Hegarmanah,kecamatan,yes,-6.938,107.7556,Asia/Jakarta,"BMKG representative point: Hegarmanah, Kecamatan Jatinangor",15-08-2026,GFS,Open-Meteo / NOAA GFS,04:00,2026-08-15 04:00:00,17.3,96.0,0.0,5.8,0.0,1.3868,Cerah,wmo:0
jatinangor,"Jatinangor, Sumedang",2026-08-15,32.11.15.2002,Hegarmanah,kecamatan,yes,-6.938,107.7556,Asia/Jakarta,"BMKG representative point: Hegarmanah, Kecamatan Jatinangor",15-08-2026,GFS,Open-Meteo / NOAA GFS,05:00,2026-08-15 05:00:00,17.0,96.0,0.0,6.1,0.0,1.3868,Cerah,wmo:0
jatinangor,"Jatinangor, Sumedang",2026-08-15,32.11.15.2002,Hegarmanah,kecamatan,yes,-6.938,107.7556,Asia/Jakarta,"BMKG representative point: Hegarmanah, Kecamatan Jatinangor",15-08-2026,GFS,Open-Meteo / NOAA GFS,06:00,2026-08-15 06:00:00,16.7,97.0,0.0,6.0,0.0,1.3868,Cerah,wmo:0
jatinangor,"Jatinangor, Sumedang",2026-08-15,32.11.15.2002,Hegarmanah,kecamatan,yes,-6.938,107.7556,Asia/Jakarta,"BMKG representative point: Hegarmanah, Kecamatan Jatinangor",15-08-2026,GFS,Open-Meteo / NOAA GFS,07:00,2026-08-15 07:00:00,19.0,86.0,0.0,5.3,0.0,1.3868,Cerah,wmo:0
jatinangor,"Jatinangor, Sumedang",2026-08-15,32.11.15.2002,Hegarmanah,kecamatan,yes,-6.938,107.7556,Asia/Jakarta,"BMKG representative point: Hegarmanah, Kecamatan Jatinangor",15-08-2026,GFS,Open-Meteo / NOAA GFS,08:00,2026-08-15 08:00:00,22.6,70.0,0.0,5.6,0.0,1.3868,Cerah,wmo:0
jatinangor,"Jatinangor, Sumedang",2026-08-15,32.11.15.2002,Hegarmanah,kecamatan,yes,-6.938,107.7556,Asia/Jakarta,"BMKG representative point: Hegarmanah, Kecamatan Jatinangor",15-08-2026,GFS,Open-Meteo / NOAA GFS,09:00,2026-08-15 09:00:00,26.0,57.0,0.0,5.0,0.0,1.3868,Berawan,wmo:3
jatinangor,"Jatinangor, Sumedang",2026-08-15,32.11.15.2002,Hegarmanah,kecamatan,yes,-6.938,107.7556,Asia/Jakarta,"BMKG representative point: Hegarmanah, Kecamatan Jatinangor",15-08-2026,GFS,Open-Meteo / NOAA GFS,10:00,2026-08-15 10:00:00,28.8,49.0,0.0,4.5,0.0,1.3868,Berawan,wmo:3
jatinangor,"Jatinangor, Sumedang",2026-08-15,32.11.15.2002,Hegarmanah,kecamatan,yes,-6.938,107.7556,Asia/Jakarta,"BMKG representative point: Hegarmanah, Kecamatan Jatinangor",15-08-2026,GFS,Open-Meteo / NOAA GFS,11:00,2026-08-15 11:00:00,30.8,43.0,0.0,5.5,0.0,1.3868,Cerah Berawan,wmo:1
jatinangor,"Jatinangor, Sumedang",2026-08-15,32.11.15.2002,Hegarmanah,kecamatan,yes,-6.938,107.7556,Asia/Jakarta,"BMKG representative point: Hegarmanah, Kecamatan Jatinangor",15-08-2026,GFS,Open-Meteo / NOAA GFS,12:00,2026-08-15 12:00:00,32.2,37.0,0.0,6.4,0.0,1.3868,Cerah,wmo:0
jatinangor,"Jatinangor, Sumedang",2026-08-15,32.11.15.2002,Hegarmanah,kecamatan,yes,-6.938,107.7556,Asia/Jakarta,"BMKG representative point: Hegarmanah, Kecamatan Jatinangor",15-08-2026,GFS,Open-Meteo / NOAA GFS,13:00,2026-08-15 13:00:00,32.7,34.0,0.0,9.9,0.0,1.3868,Cerah Berawan,wmo:1
jatinangor,"Jatinangor, Sumedang",2026-08-15,32.11.15.2002,Hegarmanah,kecamatan,yes,-6.938,107.7556,Asia/Jakarta,"BMKG representative point: Hegarmanah, Kecamatan Jatinangor",15-08-2026,GFS,Open-Meteo / NOAA GFS,14:00,2026-08-15 14:00:00,31.8,36.0,0.0,15.4,0.0,1.3868,Berawan,wmo:3
jatinangor,"Jatinangor, Sumedang",2026-08-15,32.11.15.2002,Hegarmanah,kecamatan,yes,-6.938,107.7556,Asia/Jakarta,"BMKG representative point: Hegarmanah, Kecamatan Jatinangor",15-08-2026,GFS,Open-Meteo / NOAA GFS,15:00,2026-08-15 15:00:00,28.4,45.0,0.0,15.8,0.0,1.3868,Berawan,wmo:3
jatinangor,"Jatinangor, Sumedang",2026-08-15,32.11.15.2002,Hegarmanah,kecamatan,yes,-6.938,107.7556,Asia/Jakarta,"BMKG representative point: Hegarmanah, Kecamatan Jatinangor",15-08-2026,GFS,Open-Meteo / NOAA GFS,16:00,2026-08-15 16:00:00,26.6,52.0,0.0,6.6,0.0,1.3868,Berawan,wmo:3
jatinangor,"Jatinangor, Sumedang",2026-08-15,32.11.15.2002,Hegarmanah,kecamatan,yes,-6.938,107.7556,Asia/Jakarta,"BMKG representative point: Hegarmanah, Kecamatan Jatinangor",15-08-2026,GFS,Open-Meteo / NOAA GFS,17:00,2026-08-15 17:00:00,25.5,58.0,0.0,5.6,0.0,1.3868,Berawan,wmo:3
jatinangor,"Jatinangor, Sumedang",2026-08-15,32.11.15.2002,Hegarmanah,kecamatan,yes,-6.938,107.7556,Asia/Jakarta,"BMKG representative point: Hegarmanah, Kecamatan Jatinangor",15-08-2026,GFS,Open-Meteo / NOAA GFS,18:00,2026-08-15 18:00:00,23.5,72.0,0.2,8.0,0.0,1.3868,Hujan Ringan,wmo:51
jatinangor,"Jatinangor, Sumedang",2026-08-15,32.11.15.2002,Hegarmanah,kecamatan,yes,-6.938,107.7556,Asia/Jakarta,"BMKG representative point: Hegarmanah, Kecamatan Jatinangor",15-08-2026,GFS,Open-Meteo / NOAA GFS,19:00,2026-08-15 19:00:00,21.7,85.0,0.3,7.0,0.0,1.3868,Hujan Ringan,wmo:51
jatinangor,"Jatinangor, Sumedang",2026-08-15,32.11.15.2002,Hegarmanah,kecamatan,yes,-6.938,107.7556,Asia/Jakarta,"BMKG representative point: Hegarmanah, Kecamatan Jatinangor",15-08-2026,GFS,Open-Meteo / NOAA GFS,20:00,2026-08-15 20:00:00,20.3,92.0,0.1,5.3,0.0,1.3868,Hujan Ringan,wmo:51
jatinangor,"Jatinangor, Sumedang",2026-08-15,32.11.15.2002,Hegarmanah,kecamatan,yes,-6.938,107.7556,Asia/Jakarta,"BMKG representative point: Hegarmanah, Kecamatan Jatinangor",15-08-2026,GFS,Open-Meteo / NOAA GFS,21:00,2026-08-15 21:00:00,20.5,92.0,0.0,4.8,0.0,1.3868,Berawan,wmo:3
jatinangor,"Jatinangor, Sumedang",2026-08-15,32.11.15.2002,Hegarmanah,kecamatan,yes,-6.938,107.7556,Asia/Jakarta,"BMKG representative point: Hegarmanah, Kecamatan Jatinangor",15-08-2026,GFS,Open-Meteo / NOAA GFS,22:00,2026-08-15 22:00:00,19.5,96.0,0.0,4.7,0.0,1.3868,Cerah Berawan,wmo:2
jatinangor,"Jatinangor, Sumedang",2026-08-15,32.11.15.2002,Hegarmanah,kecamatan,yes,-6.938,107.7556,Asia/Jakarta,"BMKG representative point: Hegarmanah, Kecamatan Jatinangor",15-08-2026,GFS,Open-Meteo / NOAA GFS,23:00,2026-08-15 23:00:00,18.9,96.0,0.0,4.7,0.0,1.3868,Berawan,wmo:3
jatinangor,"Jatinangor, Sumedang",2026-08-15,32.11.15.2002,Hegarmanah,kecamatan,yes,-6.938,107.7556,Asia/Jakarta,"BMKG representative point: Hegarmanah, Kecamatan Jatinangor",15-08-2026,ICON,Open-Meteo / DWD ICON,00:00,2026-08-15 00:00:00,21.3,86.0,0.0,5.1,0.0,1.4736,Cerah Berawan,wmo:2
jatinangor,"Jatinangor, Sumedang",2026-08-15,32.11.15.2002,Hegarmanah,kecamatan,yes,-6.938,107.7556,Asia/Jakarta,"BMKG representative point: Hegarmanah, Kecamatan Jatinangor",15-08-2026,ICON,Open-Meteo / DWD ICON,01:00,2026-08-15 01:00:00,20.9,87.0,0.0,4.5,0.0,1.4736,Cerah Berawan,wmo:1
jatinangor,"Jatinangor, Sumedang",2026-08-15,32.11.15.2002,Hegarmanah,kecamatan,yes,-6.938,107.7556,Asia/Jakarta,"BMKG representative point: Hegarmanah, Kecamatan Jatinangor",15-08-2026,ICON,Open-Meteo / DWD ICON,02:00,2026-08-15 02:00:00,20.4,88.0,0.0,4.5,0.0,1.4736,Cerah Berawan,wmo:2
jatinangor,"Jatinangor, Sumedang",2026-08-15,32.11.15.2002,Hegarmanah,kecamatan,yes,-6.938,107.7556,Asia/Jakarta,"BMKG representative point: Hegarmanah, Kecamatan Jatinangor",15-08-2026,ICON,Open-Meteo / DWD ICON,03:00,2026-08-15 03:00:00,19.8,89.0,0.0,4.6,0.0,1.4736,Cerah Berawan,wmo:1
jatinangor,"Jatinangor, Sumedang",2026-08-15,32.11.15.2002,Hegarmanah,kecamatan,yes,-6.938,107.7556,Asia/Jakarta,"BMKG representative point: Hegarmanah, Kecamatan Jatinangor",15-08-2026,ICON,Open-Meteo / DWD ICON,04:00,2026-08-15 04:00:00,19.1,91.0,0.0,4.8,0.0,1.4736,Cerah Berawan,wmo:1
jatinangor,"Jatinangor, Sumedang",2026-08-15,32.11.15.2002,Hegarmanah,kecamatan,yes,-6.938,107.7556,Asia/Jakarta,"BMKG representative point: Hegarmanah, Kecamatan Jatinangor",15-08-2026,ICON,Open-Meteo / DWD ICON,05:00,2026-08-15 05:00:00,18.4,92.0,0.0,5.1,0.0,1.4736,Cerah Berawan,wmo:1
jatinangor,"Jatinangor, Sumedang",2026-08-15,32.11.15.2002,Hegarmanah,kecamatan,yes,-6.938,107.7556,Asia/Jakarta,"BMKG representative point: Hegarmanah, Kecamatan Jatinangor",15-08-2026,ICON,Open-Meteo / DWD ICON,06:00,2026-08-15 06:00:00,18.0,92.0,0.0,4.9,0.0,1.4736,Cerah Berawan,wmo:1
jatinangor,"Jatinangor, Sumedang",2026-08-15,32.11.15.2002,Hegarmanah,kecamatan,yes,-6.938,107.7556,Asia/Jakarta,"BMKG representative point: Hegarmanah, Kecamatan Jatinangor",15-08-2026,ICON,Open-Meteo / DWD ICON,07:00,2026-08-15 07:00:00,19.8,85.0,0.0,5.2,0.0,1.4736,Cerah Berawan,wmo:1
jatinangor,"Jatinangor, Sumedang",2026-08-15,32.11.15.2002,Hegarmanah,kecamatan,yes,-6.938,107.7556,Asia/Jakarta,"BMKG representative point: Hegarmanah, Kecamatan Jatinangor",15-08-2026,ICON,Open-Meteo / DWD ICON,08:00,2026-08-15 08:00:00,24.3,67.0,0.0,4.2,0.0,1.4736,Cerah Berawan,wmo:1
jatinangor,"Jatinangor, Sumedang",2026-08-15,32.11.15.2002,Hegarmanah,kecamatan,yes,-6.938,107.7556,Asia/Jakarta,"BMKG representative point: Hegarmanah, Kecamatan Jatinangor",15-08-2026,ICON,Open-Meteo / DWD ICON,09:00,2026-08-15 09:00:00,26.2,62.0,0.0,3.9,0.0,1.4736,Cerah,wmo:0
jatinangor,"Jatinangor, Sumedang",2026-08-15,32.11.15.2002,Hegarmanah,kecamatan,yes,-6.938,107.7556,Asia/Jakarta,"BMKG representative point: Hegarmanah, Kecamatan Jatinangor",15-08-2026,ICON,Open-Meteo / DWD ICON,10:00,2026-08-15 10:00:00,28.0,56.0,0.0,3.9,0.0,1.4736,Cerah,wmo:0
jatinangor,"Jatinangor, Sumedang",2026-08-15,32.11.15.2002,Hegarmanah,kecamatan,yes,-6.938,107.7556,Asia/Jakarta,"BMKG representative point: Hegarmanah, Kecamatan Jatinangor",15-08-2026,ICON,Open-Meteo / DWD ICON,11:00,2026-08-15 11:00:00,29.6,49.0,0.0,3.7,0.0,1.4736,Cerah Berawan,wmo:1
jatinangor,"Jatinangor, Sumedang",2026-08-15,32.11.15.2002,Hegarmanah,kecamatan,yes,-6.938,107.7556,Asia/Jakarta,"BMKG representative point: Hegarmanah, Kecamatan Jatinangor",15-08-2026,ICON,Open-Meteo / DWD ICON,12:00,2026-08-15 12:00:00,31.0,43.0,0.0,4.8,0.0,1.4736,Cerah Berawan,wmo:2
jatinangor,"Jatinangor, Sumedang",2026-08-15,32.11.15.2002,Hegarmanah,kecamatan,yes,-6.938,107.7556,Asia/Jakarta,"BMKG representative point: Hegarmanah, Kecamatan Jatinangor",15-08-2026,ICON,Open-Meteo / DWD ICON,13:00,2026-08-15 13:00:00,31.8,39.0,0.0,6.9,0.0,1.4736,Cerah Berawan,wmo:2
jatinangor,"Jatinangor, Sumedang",2026-08-15,32.11.15.2002,Hegarmanah,kecamatan,yes,-6.938,107.7556,Asia/Jakarta,"BMKG representative point: Hegarmanah, Kecamatan Jatinangor",15-08-2026,ICON,Open-Meteo / DWD ICON,14:00,2026-08-15 14:00:00,31.6,40.0,0.0,8.3,0.0,1.4736,Cerah Berawan,wmo:2
jatinangor,"Jatinangor, Sumedang",2026-08-15,32.11.15.2002,Hegarmanah,kecamatan,yes,-6.938,107.7556,Asia/Jakarta,"BMKG representative point: Hegarmanah, Kecamatan Jatinangor",15-08-2026,ICON,Open-Meteo / DWD ICON,15:00,2026-08-15 15:00:00,31.5,40.0,0.0,10.2,0.0,1.4736,Cerah Berawan,wmo:2
jatinangor,"Jatinangor, Sumedang",2026-08-15,32.11.15.2002,Hegarmanah,kecamatan,yes,-6.938,107.7556,Asia/Jakarta,"BMKG representative point: Hegarmanah, Kecamatan Jatinangor",15-08-2026,ICON,Open-Meteo / DWD ICON,16:00,2026-08-15 16:00:00,30.9,41.0,0.0,11.5,0.0,1.4736,Cerah Berawan,wmo:2
jatinangor,"Jatinangor, Sumedang",2026-08-15,32.11.15.2002,Hegarmanah,kecamatan,yes,-6.938,107.7556,Asia/Jakarta,"BMKG representative point: Hegarmanah, Kecamatan Jatinangor",15-08-2026,ICON,Open-Meteo / DWD ICON,17:00,2026-08-15 17:00:00,29.6,45.0,0.0,11.2,0.0,1.4736,Cerah Berawan,wmo:2
jatinangor,"Jatinangor, Sumedang",2026-08-15,32.11.15.2002,Hegarmanah,kecamatan,yes,-6.938,107.7556,Asia/Jakarta,"BMKG representative point: Hegarmanah, Kecamatan Jatinangor",15-08-2026,ICON,Open-Meteo / DWD ICON,18:00,2026-08-15 18:00:00,27.4,55.0,0.0,11.0,0.0,1.4736,Cerah Berawan,wmo:2
jatinangor,"Jatinangor, Sumedang",2026-08-15,32.11.15.2002,Hegarmanah,kecamatan,yes,-6.938,107.7556,Asia/Jakarta,"BMKG representative point: Hegarmanah, Kecamatan Jatinangor",15-08-2026,ICON,Open-Meteo / DWD ICON,19:00,2026-08-15 19:00:00,25.3,68.0,0.0,7.8,0.0,1.4736,Cerah Berawan,wmo:2
jatinangor,"Jatinangor, Sumedang",2026-08-15,32.11.15.2002,Hegarmanah,kecamatan,yes,-6.938,107.7556,Asia/Jakarta,"BMKG representative point: Hegarmanah, Kecamatan Jatinangor",15-08-2026,ICON,Open-Meteo / DWD ICON,20:00,2026-08-15 20:00:00,24.2,75.0,0.0,6.5,0.0,1.4736,Cerah Berawan,wmo:2
jatinangor,"Jatinangor, Sumedang",2026-08-15,32.11.15.2002,Hegarmanah,kecamatan,yes,-6.938,107.7556,Asia/Jakarta,"BMKG representative point: Hegarmanah, Kecamatan Jatinangor",15-08-2026,ICON,Open-Meteo / DWD ICON,21:00,2026-08-15 21:00:00,23.2,80.0,0.0,6.0,0.0,1.4736,Cerah Berawan,wmo:2
jatinangor,"Jatinangor, Sumedang",2026-08-15,32.11.15.2002,Hegarmanah,kecamatan,yes,-6.938,107.7556,Asia/Jakarta,"BMKG representative point: Hegarmanah, Kecamatan Jatinangor",15-08-2026,ICON,Open-Meteo / DWD ICON,22:00,2026-08-15 22:00:00,22.6,82.0,0.0,5.2,0.0,1.4736,Cerah Berawan,wmo:2
jatinangor,"Jatinangor, Sumedang",2026-08-15,32.11.15.2002,Hegarmanah,kecamatan,yes,-6.938,107.7556,Asia/Jakarta,"BMKG representative point: Hegarmanah, Kecamatan Jatinangor",15-08-2026,ICON,Open-Meteo / DWD ICON,23:00,2026-08-15 23:00:00,21.8,87.0,0.0,4.8,0.0,1.4736,Cerah Berawan,wmo:2
jatinangor,"Jatinangor, Sumedang",2026-08-15,32.11.15.2002,Hegarmanah,kecamatan,yes,-6.938,107.7556,Asia/Jakarta,"BMKG representative point: Hegarmanah, Kecamatan Jatinangor",15-08-2026,KMA,Open-Meteo / KMA,00:00,2026-08-15 00:00:00,,,,,0.0,0.5518,Berawan,wmo:None
jatinangor,"Jatinangor, Sumedang",2026-08-15,32.11.15.2002,Hegarmanah,kecamatan,yes,-6.938,107.7556,Asia/Jakarta,"BMKG representative point: Hegarmanah, Kecamatan Jatinangor",15-08-2026,KMA,Open-Meteo / KMA,01:00,2026-08-15 01:00:00,,,,,0.0,0.5518,Berawan,wmo:None
jatinangor,"Jatinangor, Sumedang",2026-08-15,32.11.15.2002,Hegarmanah,kecamatan,yes,-6.938,107.7556,Asia/Jakarta,"BMKG representative point: Hegarmanah, Kecamatan Jatinangor",15-08-2026,KMA,Open-Meteo / KMA,02:00,2026-08-15 02:00:00,,,,,0.0,0.5518,Berawan,wmo:None
jatinangor,"Jatinangor, Sumedang",2026-08-15,32.11.15.2002,Hegarmanah,kecamatan,yes,-6.938,107.7556,Asia/Jakarta,"BMKG representative point: Hegarmanah, Kecamatan Jatinangor",15-08-2026,KMA,Open-Meteo / KMA,03:00,2026-08-15 03:00:00,,,,,0.0,0.5518,Berawan,wmo:None
jatinangor,"Jatinangor, Sumedang",2026-08-15,32.11.15.2002,Hegarmanah,kecamatan,yes,-6.938,107.7556,Asia/Jakarta,"BMKG representative point: Hegarmanah, Kecamatan Jatinangor",15-08-2026,KMA,Open-Meteo / KMA,04:00,2026-08-15 04:00:00,,,,,0.0,0.5518,Berawan,wmo:None
jatinangor,"Jatinangor, Sumedang",2026-08-15,32.11.15.2002,Hegarmanah,kecamatan,yes,-6.938,107.7556,Asia/Jakarta,"BMKG representative point: Hegarmanah, Kecamatan Jatinangor",15-08-2026,KMA,Open-Meteo / KMA,05:00,2026-08-15 05:00:00,,,,,0.0,0.5518,Berawan,wmo:None
jatinangor,"Jatinangor, Sumedang",2026-08-15,32.11.15.2002,Hegarmanah,kecamatan,yes,-6.938,107.7556,Asia/Jakarta,"BMKG representative point: Hegarmanah, Kecamatan Jatinangor",15-08-2026,KMA,Open-Meteo / KMA,06:00,2026-08-15 06:00:00,,,,,0.0,0.5518,Berawan,wmo:None
jatinangor,"Jatinangor, Sumedang",2026-08-15,32.11.15.2002,Hegarmanah,kecamatan,yes,-6.938,107.7556,Asia/Jakarta,"BMKG representative point: Hegarmanah, Kecamatan Jatinangor",15-08-2026,KMA,Open-Meteo / KMA,07:00,2026-08-15 07:00:00,,,,,0.0,0.5518,Berawan,wmo:None
jatinangor,"Jatinangor, Sumedang",2026-08-15,32.11.15.2002,Hegarmanah,kecamatan,yes,-6.938,107.7556,Asia/Jakarta,"BMKG representative point: Hegarmanah, Kecamatan Jatinangor",15-08-2026,KMA,Open-Meteo / KMA,08:00,2026-08-15 08:00:00,,,,,0.0,0.5518,Berawan,wmo:None
jatinangor,"Jatinangor, Sumedang",2026-08-15,32.11.15.2002,Hegarmanah,kecamatan,yes,-6.938,107.7556,Asia/Jakarta,"BMKG representative point: Hegarmanah, Kecamatan Jatinangor",15-08-2026,KMA,Open-Meteo / KMA,09:00,2026-08-15 09:00:00,,,,,0.0,0.5518,Berawan,wmo:None
jatinangor,"Jatinangor, Sumedang",2026-08-15,32.11.15.2002,Hegarmanah,kecamatan,yes,-6.938,107.7556,Asia/Jakarta,"BMKG representative point: Hegarmanah, Kecamatan Jatinangor",15-08-2026,KMA,Open-Meteo / KMA,10:00,2026-08-15 10:00:00,,,,,0.0,0.5518,Berawan,wmo:None
jatinangor,"Jatinangor, Sumedang",2026-08-15,32.11.15.2002,Hegarmanah,kecamatan,yes,-6.938,107.7556,Asia/Jakarta,"BMKG representative point: Hegarmanah, Kecamatan Jatinangor",15-08-2026,KMA,Open-Meteo / KMA,11:00,2026-08-15 11:00:00,,,,,0.0,0.5518,Berawan,wmo:None
jatinangor,"Jatinangor, Sumedang",2026-08-15,32.11.15.2002,Hegarmanah,kecamatan,yes,-6.938,107.7556,Asia/Jakarta,"BMKG representative point: Hegarmanah, Kecamatan Jatinangor",15-08-2026,KMA,Open-Meteo / KMA,12:00,2026-08-15 12:00:00,,,,,0.0,0.5518,Berawan,wmo:None
jatinangor,"Jatinangor, Sumedang",2026-08-15,32.11.15.2002,Hegarmanah,kecamatan,yes,-6.938,107.7556,Asia/Jakarta,"BMKG representative point: Hegarmanah, Kecamatan Jatinangor",15-08-2026,KMA,Open-Meteo / KMA,13:00,2026-08-15 13:00:00,,,,,0.0,0.5518,Berawan,wmo:None
jatinangor,"Jatinangor, Sumedang",2026-08-15,32.11.15.2002,Hegarmanah,kecamatan,yes,-6.938,107.7556,Asia/Jakarta,"BMKG representative point: Hegarmanah, Kecamatan Jatinangor",15-08-2026,KMA,Open-Meteo / KMA,14:00,2026-08-15 14:00:00,,,,,0.0,0.5518,Berawan,wmo:None
jatinangor,"Jatinangor, Sumedang",2026-08-15,32.11.15.2002,Hegarmanah,kecamatan,yes,-6.938,107.7556,Asia/Jakarta,"BMKG representative point: Hegarmanah, Kecamatan Jatinangor",15-08-2026,KMA,Open-Meteo / KMA,15:00,2026-08-15 15:00:00,,,,,0.0,0.5518,Berawan,wmo:None
jatinangor,"Jatinangor, Sumedang",2026-08-15,32.11.15.2002,Hegarmanah,kecamatan,yes,-6.938,107.7556,Asia/Jakarta,"BMKG representative point: Hegarmanah, Kecamatan Jatinangor",15-08-2026,KMA,Open-Meteo / KMA,16:00,2026-08-15 16:00:00,,,,,0.0,0.5518,Berawan,wmo:None
jatinangor,"Jatinangor, Sumedang",2026-08-15,32.11.15.2002,Hegarmanah,kecamatan,yes,-6.938,107.7556,Asia/Jakarta,"BMKG representative point: Hegarmanah, Kecamatan Jatinangor",15-08-2026,KMA,Open-Meteo / KMA,17:00,2026-08-15 17:00:00,,,,,0.0,0.5518,Berawan,wmo:None
jatinangor,"Jatinangor, Sumedang",2026-08-15,32.11.15.2002,Hegarmanah,kecamatan,yes,-6.938,107.7556,Asia/Jakarta,"BMKG representative point: Hegarmanah, Kecamatan Jatinangor",15-08-2026,KMA,Open-Meteo / KMA,18:00,2026-08-15 18:00:00,,,,,0.0,0.5518,Berawan,wmo:None
jatinangor,"Jatinangor, Sumedang",2026-08-15,32.11.15.2002,Hegarmanah,kecamatan,yes,-6.938,107.7556,Asia/Jakarta,"BMKG representative point: Hegarmanah, Kecamatan Jatinangor",15-08-2026,KMA,Open-Meteo / KMA,19:00,2026-08-15 19:00:00,,,,,0.0,0.5518,Berawan,wmo:None
jatinangor,"Jatinangor, Sumedang",2026-08-15,32.11.15.2002,Hegarmanah,kecamatan,yes,-6.938,107.7556,Asia/Jakarta,"BMKG representative point: Hegarmanah, Kecamatan Jatinangor",15-08-2026,KMA,Open-Meteo / KMA,20:00,2026-08-15 20:00:00,,,,,0.0,0.5518,Berawan,wmo:None
jatinangor,"Jatinangor, Sumedang",2026-08-15,32.11.15.2002,Hegarmanah,kecamatan,yes,-6.938,107.7556,Asia/Jakarta,"BMKG representative point: Hegarmanah, Kecamatan Jatinangor",15-08-2026,KMA,Open-Meteo / KMA,21:00,2026-08-15 21:00:00,,,,,0.0,0.5518,Berawan,wmo:None
jatinangor,"Jatinangor, Sumedang",2026-08-15,32.11.15.2002,Hegarmanah,kecamatan,yes,-6.938,107.7556,Asia/Jakarta,"BMKG representative point: Hegarmanah, Kecamatan Jatinangor",15-08-2026,KMA,Open-Meteo / KMA,22:00,2026-08-15 22:00:00,,,,,0.0,0.5518,Berawan,wmo:None
jatinangor,"Jatinangor, Sumedang",2026-08-15,32.11.15.2002,Hegarmanah,kecamatan,yes,-6.938,107.7556,Asia/Jakarta,"BMKG representative point: Hegarmanah, Kecamatan Jatinangor",15-08-2026,KMA,Open-Meteo / KMA,23:00,2026-08-15 23:00:00,,,,,0.0,0.5518,Berawan,wmo:None
jatinangor,"Jatinangor, Sumedang",2026-08-15,32.11.15.2002,Hegarmanah,kecamatan,yes,-6.938,107.7556,Asia/Jakarta,"BMKG representative point: Hegarmanah, Kecamatan Jatinangor",15-08-2026,METEOFRANCE,Open-Meteo / Meteo-France,00:00,2026-08-15 00:00:00,25.2,87.0,0.0,1.3,0.0,1.4723,Cerah Berawan,wmo:1
jatinangor,"Jatinangor, Sumedang",2026-08-15,32.11.15.2002,Hegarmanah,kecamatan,yes,-6.938,107.7556,Asia/Jakarta,"BMKG representative point: Hegarmanah, Kecamatan Jatinangor",15-08-2026,METEOFRANCE,Open-Meteo / Meteo-France,01:00,2026-08-15 01:00:00,25.0,87.0,0.0,2.6,0.0,1.4723,Cerah Berawan,wmo:1
jatinangor,"Jatinangor, Sumedang",2026-08-15,32.11.15.2002,Hegarmanah,kecamatan,yes,-6.938,107.7556,Asia/Jakarta,"BMKG representative point: Hegarmanah, Kecamatan Jatinangor",15-08-2026,METEOFRANCE,Open-Meteo / Meteo-France,02:00,2026-08-15 02:00:00,24.6,89.0,0.0,2.9,0.0,1.4723,Cerah Berawan,wmo:1
jatinangor,"Jatinangor, Sumedang",2026-08-15,32.11.15.2002,Hegarmanah,kecamatan,yes,-6.938,107.7556,Asia/Jakarta,"BMKG representative point: Hegarmanah, Kecamatan Jatinangor",15-08-2026,METEOFRANCE,Open-Meteo / Meteo-France,03:00,2026-08-15 03:00:00,24.3,91.0,0.0,3.1,0.0,1.4723,Cerah Berawan,wmo:1
jatinangor,"Jatinangor, Sumedang",2026-08-15,32.11.15.2002,Hegarmanah,kecamatan,yes,-6.938,107.7556,Asia/Jakarta,"BMKG representative point: Hegarmanah, Kecamatan Jatinangor",15-08-2026,METEOFRANCE,Open-Meteo / Meteo-France,04:00,2026-08-15 04:00:00,23.9,93.0,0.0,2.4,0.0,1.4723,Cerah Berawan,wmo:2
jatinangor,"Jatinangor, Sumedang",2026-08-15,32.11.15.2002,Hegarmanah,kecamatan,yes,-6.938,107.7556,Asia/Jakarta,"BMKG representative point: Hegarmanah, Kecamatan Jatinangor",15-08-2026,METEOFRANCE,Open-Meteo / Meteo-France,05:00,2026-08-15 05:00:00,23.6,95.0,0.0,2.6,0.0,1.4723,Cerah Berawan,wmo:2
jatinangor,"Jatinangor, Sumedang",2026-08-15,32.11.15.2002,Hegarmanah,kecamatan,yes,-6.938,107.7556,Asia/Jakarta,"BMKG representative point: Hegarmanah, Kecamatan Jatinangor",15-08-2026,METEOFRANCE,Open-Meteo / Meteo-France,06:00,2026-08-15 06:00:00,23.3,95.0,0.0,3.0,0.0,1.4723,Cerah Berawan,wmo:2
jatinangor,"Jatinangor, Sumedang",2026-08-15,32.11.15.2002,Hegarmanah,kecamatan,yes,-6.938,107.7556,Asia/Jakarta,"BMKG representative point: Hegarmanah, Kecamatan Jatinangor",15-08-2026,METEOFRANCE,Open-Meteo / Meteo-France,07:00,2026-08-15 07:00:00,23.8,94.0,0.0,3.0,0.0,1.4723,Berawan,wmo:3
jatinangor,"Jatinangor, Sumedang",2026-08-15,32.11.15.2002,Hegarmanah,kecamatan,yes,-6.938,107.7556,Asia/Jakarta,"BMKG representative point: Hegarmanah, Kecamatan Jatinangor",15-08-2026,METEOFRANCE,Open-Meteo / Meteo-France,08:00,2026-08-15 08:00:00,26.0,82.0,0.0,3.4,0.0,1.4723,Cerah Berawan,wmo:2
jatinangor,"Jatinangor, Sumedang",2026-08-15,32.11.15.2002,Hegarmanah,kecamatan,yes,-6.938,107.7556,Asia/Jakarta,"BMKG representative point: Hegarmanah, Kecamatan Jatinangor",15-08-2026,METEOFRANCE,Open-Meteo / Meteo-France,09:00,2026-08-15 09:00:00,28.0,69.0,0.0,2.5,0.0,1.4723,Cerah Berawan,wmo:2
jatinangor,"Jatinangor, Sumedang",2026-08-15,32.11.15.2002,Hegarmanah,kecamatan,yes,-6.938,107.7556,Asia/Jakarta,"BMKG representative point: Hegarmanah, Kecamatan Jatinangor",15-08-2026,METEOFRANCE,Open-Meteo / Meteo-France,10:00,2026-08-15 10:00:00,29.9,57.0,0.0,4.3,0.0,1.4723,Berawan,wmo:3
jatinangor,"Jatinangor, Sumedang",2026-08-15,32.11.15.2002,Hegarmanah,kecamatan,yes,-6.938,107.7556,Asia/Jakarta,"BMKG representative point: Hegarmanah, Kecamatan Jatinangor",15-08-2026,METEOFRANCE,Open-Meteo / Meteo-France,11:00,2026-08-15 11:00:00,31.8,50.0,0.0,7.0,0.0,1.4723,Berawan,wmo:3
jatinangor,"Jatinangor, Sumedang",2026-08-15,32.11.15.2002,Hegarmanah,kecamatan,yes,-6.938,107.7556,Asia/Jakarta,"BMKG representative point: Hegarmanah, Kecamatan Jatinangor",15-08-2026,METEOFRANCE,Open-Meteo / Meteo-France,12:00,2026-08-15 12:00:00,32.9,46.0,0.0,9.2,0.0,1.4723,Cerah Berawan,wmo:2
jatinangor,"Jatinangor, Sumedang",2026-08-15,32.11.15.2002,Hegarmanah,kecamatan,yes,-6.938,107.7556,Asia/Jakarta,"BMKG representative point: Hegarmanah, Kecamatan Jatinangor",15-08-2026,METEOFRANCE,Open-Meteo / Meteo-France,13:00,2026-08-15 13:00:00,33.4,46.0,0.0,10.1,0.0,1.4723,Berawan,wmo:3
jatinangor,"Jatinangor, Sumedang",2026-08-15,32.11.15.2002,Hegarmanah,kecamatan,yes,-6.938,107.7556,Asia/Jakarta,"BMKG representative point: Hegarmanah, Kecamatan Jatinangor",15-08-2026,METEOFRANCE,Open-Meteo / Meteo-France,14:00,2026-08-15 14:00:00,33.4,47.0,0.0,10.8,0.0,1.4723,Berawan,wmo:3
jatinangor,"Jatinangor, Sumedang",2026-08-15,32.11.15.2002,Hegarmanah,kecamatan,yes,-6.938,107.7556,Asia/Jakarta,"BMKG representative point: Hegarmanah, Kecamatan Jatinangor",15-08-2026,METEOFRANCE,Open-Meteo / Meteo-France,15:00,2026-08-15 15:00:00,32.9,49.0,0.0,10.8,0.0,1.4723,Berawan,wmo:3
jatinangor,"Jatinangor, Sumedang",2026-08-15,32.11.15.2002,Hegarmanah,kecamatan,yes,-6.938,107.7556,Asia/Jakarta,"BMKG representative point: Hegarmanah, Kecamatan Jatinangor",15-08-2026,METEOFRANCE,Open-Meteo / Meteo-France,16:00,2026-08-15 16:00:00,32.0,52.0,0.0,9.7,0.0,1.4723,Berawan,wmo:3
jatinangor,"Jatinangor, Sumedang",2026-08-15,32.11.15.2002,Hegarmanah,kecamatan,yes,-6.938,107.7556,Asia/Jakarta,"BMKG representative point: Hegarmanah, Kecamatan Jatinangor",15-08-2026,METEOFRANCE,Open-Meteo / Meteo-France,17:00,2026-08-15 17:00:00,31.0,54.0,0.0,8.8,0.0,1.4723,Berawan,wmo:3
jatinangor,"Jatinangor, Sumedang",2026-08-15,32.11.15.2002,Hegarmanah,kecamatan,yes,-6.938,107.7556,Asia/Jakarta,"BMKG representative point: Hegarmanah, Kecamatan Jatinangor",15-08-2026,METEOFRANCE,Open-Meteo / Meteo-France,18:00,2026-08-15 18:00:00,29.7,59.0,0.0,8.0,0.0,1.4723,Berawan,wmo:3
jatinangor,"Jatinangor, Sumedang",2026-08-15,32.11.15.2002,Hegarmanah,kecamatan,yes,-6.938,107.7556,Asia/Jakarta,"BMKG representative point: Hegarmanah, Kecamatan Jatinangor",15-08-2026,METEOFRANCE,Open-Meteo / Meteo-France,19:00,2026-08-15 19:00:00,28.4,67.0,0.0,7.7,0.0,1.4723,Berawan,wmo:3
jatinangor,"Jatinangor, Sumedang",2026-08-15,32.11.15.2002,Hegarmanah,kecamatan,yes,-6.938,107.7556,Asia/Jakarta,"BMKG representative point: Hegarmanah, Kecamatan Jatinangor",15-08-2026,METEOFRANCE,Open-Meteo / Meteo-France,20:00,2026-08-15 20:00:00,27.3,78.0,0.0,6.1,0.0,1.4723,Berawan,wmo:3
jatinangor,"Jatinangor, Sumedang",2026-08-15,32.11.15.2002,Hegarmanah,kecamatan,yes,-6.938,107.7556,Asia/Jakarta,"BMKG representative point: Hegarmanah, Kecamatan Jatinangor",15-08-2026,METEOFRANCE,Open-Meteo / Meteo-France,21:00,2026-08-15 21:00:00,26.4,85.0,0.0,3.9,0.0,1.4723,Berawan,wmo:3
jatinangor,"Jatinangor, Sumedang",2026-08-15,32.11.15.2002,Hegarmanah,kecamatan,yes,-6.938,107.7556,Asia/Jakarta,"BMKG representative point: Hegarmanah, Kecamatan Jatinangor",15-08-2026,METEOFRANCE,Open-Meteo / Meteo-France,22:00,2026-08-15 22:00:00,26.1,88.0,0.0,3.2,0.0,1.4723,Berawan,wmo:3
jatinangor,"Jatinangor, Sumedang",2026-08-15,32.11.15.2002,Hegarmanah,kecamatan,yes,-6.938,107.7556,Asia/Jakarta,"BMKG representative point: Hegarmanah, Kecamatan Jatinangor",15-08-2026,METEOFRANCE,Open-Meteo / Meteo-France,23:00,2026-08-15 23:00:00,26.0,88.0,0.0,3.0,0.0,1.4723,Berawan,wmo:3
jatinangor,"Jatinangor, Sumedang",2026-08-15,32.11.15.2002,Hegarmanah,kecamatan,yes,-6.938,107.7556,Asia/Jakarta,"BMKG representative point: Hegarmanah, Kecamatan Jatinangor",15-08-2026,METNO,MET Norway,09:00,2026-08-15 11:00:00,28.8,50.3,0.0,5.76,120.0,0.7698,Berawan,cloudy
jatinangor,"Jatinangor, Sumedang",2026-08-15,32.11.15.2002,Hegarmanah,kecamatan,yes,-6.938,107.7556,Asia/Jakarta,"BMKG representative point: Hegarmanah, Kecamatan Jatinangor",15-08-2026,METNO,MET Norway,10:00,2026-08-15 11:00:00,28.8,50.3,0.0,5.76,60.0,1.0497,Berawan,cloudy
jatinangor,"Jatinangor, Sumedang",2026-08-15,32.11.15.2002,Hegarmanah,kecamatan,yes,-6.938,107.7556,Asia/Jakarta,"BMKG representative point: Hegarmanah, Kecamatan Jatinangor",15-08-2026,METNO,MET Norway,11:00,2026-08-15 11:00:00,28.8,50.3,0.0,5.76,0.0,1.3995,Berawan,cloudy
jatinangor,"Jatinangor, Sumedang",2026-08-15,32.11.15.2002,Hegarmanah,kecamatan,yes,-6.938,107.7556,Asia/Jakarta,"BMKG representative point: Hegarmanah, Kecamatan Jatinangor",15-08-2026,METNO,MET Norway,12:00,2026-08-15 12:00:00,29.6,45.7,0.4,7.2,0.0,1.3995,Hujan Ringan,rain
jatinangor,"Jatinangor, Sumedang",2026-08-15,32.11.15.2002,Hegarmanah,kecamatan,yes,-6.938,107.7556,Asia/Jakarta,"BMKG representative point: Hegarmanah, Kecamatan Jatinangor",15-08-2026,METNO,MET Norway,13:00,2026-08-15 13:00:00,29.0,49.8,0.6,8.28,0.0,1.3995,Hujan Ringan,rain
jatinangor,"Jatinangor, Sumedang",2026-08-15,32.11.15.2002,Hegarmanah,kecamatan,yes,-6.938,107.7556,Asia/Jakarta,"BMKG representative point: Hegarmanah, Kecamatan Jatinangor",15-08-2026,METNO,MET Norway,14:00,2026-08-15 14:00:00,28.7,51.4,0.7,8.28,0.0,1.3995,Hujan Ringan,rain
jatinangor,"Jatinangor, Sumedang",2026-08-15,32.11.15.2002,Hegarmanah,kecamatan,yes,-6.938,107.7556,Asia/Jakarta,"BMKG representative point: Hegarmanah, Kecamatan Jatinangor",15-08-2026,METNO,MET Norway,15:00,2026-08-15 15:00:00,28.1,54.9,0.4,7.92,0.0,1.3995,Hujan Ringan,rainshowers_day
jatinangor,"Jatinangor, Sumedang",2026-08-15,32.11.15.2002,Hegarmanah,kecamatan,yes,-6.938,107.7556,Asia/Jakarta,"BMKG representative point: Hegarmanah, Kecamatan Jatinangor",15-08-2026,METNO,MET Norway,16:00,2026-08-15 16:00:00,26.4,67.0,0.0,9.0,0.0,1.3995,Cerah Berawan,partlycloudy_day
jatinangor,"Jatinangor, Sumedang",2026-08-15,32.11.15.2002,Hegarmanah,kecamatan,yes,-6.938,107.7556,Asia/Jakarta,"BMKG representative point: Hegarmanah, Kecamatan Jatinangor",15-08-2026,METNO,MET Norway,17:00,2026-08-15 17:00:00,25.3,71.1,0.0,9.36,0.0,1.3995,Cerah Berawan,partlycloudy_day
jatinangor,"Jatinangor, Sumedang",2026-08-15,32.11.15.2002,Hegarmanah,kecamatan,yes,-6.938,107.7556,Asia/Jakarta,"BMKG representative point: Hegarmanah, Kecamatan Jatinangor",15-08-2026,METNO,MET Norway,18:00,2026-08-15 18:00:00,23.4,82.1,0.0,6.84,0.0,1.3995,Berawan,cloudy
jatinangor,"Jatinangor, Sumedang",2026-08-15,32.11.15.2002,Hegarmanah,kecamatan,yes,-6.938,107.7556,Asia/Jakarta,"BMKG representative point: Hegarmanah, Kecamatan Jatinangor",15-08-2026,METNO,MET Norway,19:00,2026-08-15 19:00:00,22.6,85.5,0.0,5.76,0.0,1.3995,Cerah Berawan,partlycloudy_night
jatinangor,"Jatinangor, Sumedang",2026-08-15,32.11.15.2002,Hegarmanah,kecamatan,yes,-6.938,107.7556,Asia/Jakarta,"BMKG representative point: Hegarmanah, Kecamatan Jatinangor",15-08-2026,METNO,MET Norway,20:00,2026-08-15 20:00:00,22.0,88.6,0.0,5.04,0.0,1.3995,Berawan,cloudy
jatinangor,"Jatinangor, Sumedang",2026-08-15,32.11.15.2002,Hegarmanah,kecamatan,yes,-6.938,107.7556,Asia/Jakarta,"BMKG representative point: Hegarmanah, Kecamatan Jatinangor",15-08-2026,METNO,MET Norway,21:00,2026-08-15 21:00:00,21.7,91.1,0.0,6.12,0.0,1.3995,Berawan,cloudy
jatinangor,"Jatinangor, Sumedang",2026-08-15,32.11.15.2002,Hegarmanah,kecamatan,yes,-6.938,107.7556,Asia/Jakarta,"BMKG representative point: Hegarmanah, Kecamatan Jatinangor",15-08-2026,METNO,MET Norway,22:00,2026-08-15 22:00:00,20.8,94.2,0.0,6.12,0.0,1.3995,Cerah Berawan,partlycloudy_night
jatinangor,"Jatinangor, Sumedang",2026-08-15,32.11.15.2002,Hegarmanah,kecamatan,yes,-6.938,107.7556,Asia/Jakarta,"BMKG representative point: Hegarmanah, Kecamatan Jatinangor",15-08-2026,METNO,MET Norway,23:00,2026-08-15 23:00:00,20.3,95.5,0.0,4.68,0.0,1.3995,Cerah Berawan,partlycloudy_night
jatinangor,"Jatinangor, Sumedang",2026-08-15,32.11.15.2002,Hegarmanah,kecamatan,yes,-6.938,107.7556,Asia/Jakarta,"BMKG representative point: Hegarmanah, Kecamatan Jatinangor",15-08-2026,UKMO,Open-Meteo / UK Met Office,00:00,2026-08-15 00:00:00,19.8,99.0,0.0,0.7,0.0,1.3253,Cerah,wmo:0
jatinangor,"Jatinangor, Sumedang",2026-08-15,32.11.15.2002,Hegarmanah,kecamatan,yes,-6.938,107.7556,Asia/Jakarta,"BMKG representative point: Hegarmanah, Kecamatan Jatinangor",15-08-2026,UKMO,Open-Meteo / UK Met Office,01:00,2026-08-15 01:00:00,17.2,99.0,0.0,1.1,0.0,1.3253,Cerah,wmo:0
jatinangor,"Jatinangor, Sumedang",2026-08-15,32.11.15.2002,Hegarmanah,kecamatan,yes,-6.938,107.7556,Asia/Jakarta,"BMKG representative point: Hegarmanah, Kecamatan Jatinangor",15-08-2026,UKMO,Open-Meteo / UK Met Office,02:00,2026-08-15 02:00:00,16.8,99.0,0.0,1.8,0.0,1.3253,Cerah,wmo:0
jatinangor,"Jatinangor, Sumedang",2026-08-15,32.11.15.2002,Hegarmanah,kecamatan,yes,-6.938,107.7556,Asia/Jakarta,"BMKG representative point: Hegarmanah, Kecamatan Jatinangor",15-08-2026,UKMO,Open-Meteo / UK Met Office,03:00,2026-08-15 03:00:00,16.3,99.0,0.0,1.8,0.0,1.3253,Cerah,wmo:0
jatinangor,"Jatinangor, Sumedang",2026-08-15,32.11.15.2002,Hegarmanah,kecamatan,yes,-6.938,107.7556,Asia/Jakarta,"BMKG representative point: Hegarmanah, Kecamatan Jatinangor",15-08-2026,UKMO,Open-Meteo / UK Met Office,04:00,2026-08-15 04:00:00,15.8,99.0,0.0,1.1,0.0,1.3253,Cerah,wmo:0
jatinangor,"Jatinangor, Sumedang",2026-08-15,32.11.15.2002,Hegarmanah,kecamatan,yes,-6.938,107.7556,Asia/Jakarta,"BMKG representative point: Hegarmanah, Kecamatan Jatinangor",15-08-2026,UKMO,Open-Meteo / UK Met Office,05:00,2026-08-15 05:00:00,15.5,99.0,0.0,0.4,0.0,1.3253,Cerah,wmo:0
jatinangor,"Jatinangor, Sumedang",2026-08-15,32.11.15.2002,Hegarmanah,kecamatan,yes,-6.938,107.7556,Asia/Jakarta,"BMKG representative point: Hegarmanah, Kecamatan Jatinangor",15-08-2026,UKMO,Open-Meteo / UK Met Office,06:00,2026-08-15 06:00:00,15.2,99.0,0.0,0.4,0.0,1.3253,Cerah,wmo:0
jatinangor,"Jatinangor, Sumedang",2026-08-15,32.11.15.2002,Hegarmanah,kecamatan,yes,-6.938,107.7556,Asia/Jakarta,"BMKG representative point: Hegarmanah, Kecamatan Jatinangor",15-08-2026,UKMO,Open-Meteo / UK Met Office,07:00,2026-08-15 07:00:00,18.1,96.0,0.0,0.4,0.0,1.3253,Cerah,wmo:0
jatinangor,"Jatinangor, Sumedang",2026-08-15,32.11.15.2002,Hegarmanah,kecamatan,yes,-6.938,107.7556,Asia/Jakarta,"BMKG representative point: Hegarmanah, Kecamatan Jatinangor",15-08-2026,UKMO,Open-Meteo / UK Met Office,08:00,2026-08-15 08:00:00,21.5,83.0,0.0,2.9,0.0,1.3253,Cerah,wmo:0
jatinangor,"Jatinangor, Sumedang",2026-08-15,32.11.15.2002,Hegarmanah,kecamatan,yes,-6.938,107.7556,Asia/Jakarta,"BMKG representative point: Hegarmanah, Kecamatan Jatinangor",15-08-2026,UKMO,Open-Meteo / UK Met Office,09:00,2026-08-15 09:00:00,23.9,71.0,0.0,3.6,0.0,1.3253,Cerah,wmo:0
jatinangor,"Jatinangor, Sumedang",2026-08-15,32.11.15.2002,Hegarmanah,kecamatan,yes,-6.938,107.7556,Asia/Jakarta,"BMKG representative point: Hegarmanah, Kecamatan Jatinangor",15-08-2026,UKMO,Open-Meteo / UK Met Office,10:00,2026-08-15 10:00:00,26.0,62.0,0.0,2.5,0.0,1.3253,Cerah Berawan,wmo:1
jatinangor,"Jatinangor, Sumedang",2026-08-15,32.11.15.2002,Hegarmanah,kecamatan,yes,-6.938,107.7556,Asia/Jakarta,"BMKG representative point: Hegarmanah, Kecamatan Jatinangor",15-08-2026,UKMO,Open-Meteo / UK Met Office,11:00,2026-08-15 11:00:00,27.9,50.0,0.0,0.7,0.0,1.3253,Cerah Berawan,wmo:1
jatinangor,"Jatinangor, Sumedang",2026-08-15,32.11.15.2002,Hegarmanah,kecamatan,yes,-6.938,107.7556,Asia/Jakarta,"BMKG representative point: Hegarmanah, Kecamatan Jatinangor",15-08-2026,UKMO,Open-Meteo / UK Met Office,12:00,2026-08-15 12:00:00,28.7,48.0,0.0,3.6,0.0,1.3253,Berawan,wmo:3
jatinangor,"Jatinangor, Sumedang",2026-08-15,32.11.15.2002,Hegarmanah,kecamatan,yes,-6.938,107.7556,Asia/Jakarta,"BMKG representative point: Hegarmanah, Kecamatan Jatinangor",15-08-2026,UKMO,Open-Meteo / UK Met Office,13:00,2026-08-15 13:00:00,26.9,59.0,0.1,7.9,0.0,1.3253,Hujan Ringan,wmo:51
jatinangor,"Jatinangor, Sumedang",2026-08-15,32.11.15.2002,Hegarmanah,kecamatan,yes,-6.938,107.7556,Asia/Jakarta,"BMKG representative point: Hegarmanah, Kecamatan Jatinangor",15-08-2026,UKMO,Open-Meteo / UK Met Office,14:00,2026-08-15 14:00:00,28.6,53.0,0.1,6.5,0.0,1.3253,Hujan Ringan,wmo:51
jatinangor,"Jatinangor, Sumedang",2026-08-15,32.11.15.2002,Hegarmanah,kecamatan,yes,-6.938,107.7556,Asia/Jakarta,"BMKG representative point: Hegarmanah, Kecamatan Jatinangor",15-08-2026,UKMO,Open-Meteo / UK Met Office,15:00,2026-08-15 15:00:00,28.0,57.0,0.3,11.2,0.0,1.3253,Hujan Ringan,wmo:51
jatinangor,"Jatinangor, Sumedang",2026-08-15,32.11.15.2002,Hegarmanah,kecamatan,yes,-6.938,107.7556,Asia/Jakarta,"BMKG representative point: Hegarmanah, Kecamatan Jatinangor",15-08-2026,UKMO,Open-Meteo / UK Met Office,16:00,2026-08-15 16:00:00,25.9,65.0,0.1,8.6,0.0,1.3253,Hujan Ringan,wmo:51
jatinangor,"Jatinangor, Sumedang",2026-08-15,32.11.15.2002,Hegarmanah,kecamatan,yes,-6.938,107.7556,Asia/Jakarta,"BMKG representative point: Hegarmanah, Kecamatan Jatinangor",15-08-2026,UKMO,Open-Meteo / UK Met Office,17:00,2026-08-15 17:00:00,25.7,65.0,0.0,9.4,0.0,1.3253,Cerah,wmo:0
jatinangor,"Jatinangor, Sumedang",2026-08-15,32.11.15.2002,Hegarmanah,kecamatan,yes,-6.938,107.7556,Asia/Jakarta,"BMKG representative point: Hegarmanah, Kecamatan Jatinangor",15-08-2026,UKMO,Open-Meteo / UK Met Office,18:00,2026-08-15 18:00:00,24.2,73.0,0.0,7.6,0.0,1.3253,Cerah,wmo:0
jatinangor,"Jatinangor, Sumedang",2026-08-15,32.11.15.2002,Hegarmanah,kecamatan,yes,-6.938,107.7556,Asia/Jakarta,"BMKG representative point: Hegarmanah, Kecamatan Jatinangor",15-08-2026,UKMO,Open-Meteo / UK Met Office,19:00,2026-08-15 19:00:00,22.4,83.0,0.0,6.5,0.0,1.3253,Cerah,wmo:0
jatinangor,"Jatinangor, Sumedang",2026-08-15,32.11.15.2002,Hegarmanah,kecamatan,yes,-6.938,107.7556,Asia/Jakarta,"BMKG representative point: Hegarmanah, Kecamatan Jatinangor",15-08-2026,UKMO,Open-Meteo / UK Met Office,20:00,2026-08-15 20:00:00,21.4,88.0,0.0,6.5,0.0,1.3253,Cerah Berawan,wmo:2
jatinangor,"Jatinangor, Sumedang",2026-08-15,32.11.15.2002,Hegarmanah,kecamatan,yes,-6.938,107.7556,Asia/Jakarta,"BMKG representative point: Hegarmanah, Kecamatan Jatinangor",15-08-2026,UKMO,Open-Meteo / UK Met Office,21:00,2026-08-15 21:00:00,21.0,92.0,0.0,4.0,0.0,1.3253,Cerah,wmo:0
jatinangor,"Jatinangor, Sumedang",2026-08-15,32.11.15.2002,Hegarmanah,kecamatan,yes,-6.938,107.7556,Asia/Jakarta,"BMKG representative point: Hegarmanah, Kecamatan Jatinangor",15-08-2026,UKMO,Open-Meteo / UK Met Office,22:00,2026-08-15 22:00:00,19.4,97.0,0.0,2.9,0.0,1.3253,Cerah,wmo:0
jatinangor,"Jatinangor, Sumedang",2026-08-15,32.11.15.2002,Hegarmanah,kecamatan,yes,-6.938,107.7556,Asia/Jakarta,"BMKG representative point: Hegarmanah, Kecamatan Jatinangor",15-08-2026,UKMO,Open-Meteo / UK Met Office,23:00,2026-08-15 23:00:00,18.7,99.0,0.0,2.9,0.0,1.3253,Cerah,wmo:0
jatinangor,"Jatinangor, Sumedang",2026-08-16,32.11.15.2002,Hegarmanah,kecamatan,yes,-6.938,107.7556,Asia/Jakarta,"BMKG representative point: Hegarmanah, Kecamatan Jatinangor",16-08-2026,BMKG,BMKG,00:00,2026-08-16 00:00:00,19.0,94.0,0.0,2.1,0.0,1.7709,Berawan,Berawan
jatinangor,"Jatinangor, Sumedang",2026-08-16,32.11.15.2002,Hegarmanah,kecamatan,yes,-6.938,107.7556,Asia/Jakarta,"BMKG representative point: Hegarmanah, Kecamatan Jatinangor",16-08-2026,BMKG,BMKG,01:00,2026-08-16 00:00:00,19.0,94.0,0.0,2.1,60.0,1.3282,Berawan,Berawan
jatinangor,"Jatinangor, Sumedang",2026-08-16,32.11.15.2002,Hegarmanah,kecamatan,yes,-6.938,107.7556,Asia/Jakarta,"BMKG representative point: Hegarmanah, Kecamatan Jatinangor",16-08-2026,BMKG,BMKG,02:00,2026-08-16 03:00:00,18.0,99.0,0.0,1.0,60.0,1.3282,Berawan,Berawan
jatinangor,"Jatinangor, Sumedang",2026-08-16,32.11.15.2002,Hegarmanah,kecamatan,yes,-6.938,107.7556,Asia/Jakarta,"BMKG representative point: Hegarmanah, Kecamatan Jatinangor",16-08-2026,BMKG,BMKG,03:00,2026-08-16 03:00:00,18.0,99.0,0.0,1.0,0.0,1.7709,Berawan,Berawan
jatinangor,"Jatinangor, Sumedang",2026-08-16,32.11.15.2002,Hegarmanah,kecamatan,yes,-6.938,107.7556,Asia/Jakarta,"BMKG representative point: Hegarmanah, Kecamatan Jatinangor",16-08-2026,BMKG,BMKG,04:00,2026-08-16 03:00:00,18.0,99.0,0.0,1.0,60.0,1.3282,Berawan,Berawan
jatinangor,"Jatinangor, Sumedang",2026-08-16,32.11.15.2002,Hegarmanah,kecamatan,yes,-6.938,107.7556,Asia/Jakarta,"BMKG representative point: Hegarmanah, Kecamatan Jatinangor",16-08-2026,BMKG,BMKG,05:00,2026-08-16 06:00:00,19.0,94.0,0.0,1.8,60.0,1.3282,Cerah Berawan,Cerah Berawan
jatinangor,"Jatinangor, Sumedang",2026-08-16,32.11.15.2002,Hegarmanah,kecamatan,yes,-6.938,107.7556,Asia/Jakarta,"BMKG representative point: Hegarmanah, Kecamatan Jatinangor",16-08-2026,BMKG,BMKG,06:00,2026-08-16 06:00:00,19.0,94.0,0.0,1.8,0.0,1.7709,Cerah Berawan,Cerah Berawan
jatinangor,"Jatinangor, Sumedang",2026-08-16,32.11.15.2002,Hegarmanah,kecamatan,yes,-6.938,107.7556,Asia/Jakarta,"BMKG representative point: Hegarmanah, Kecamatan Jatinangor",16-08-2026,BMKG,BMKG,07:00,2026-08-16 06:00:00,19.0,94.0,0.0,1.8,60.0,1.3282,Cerah Berawan,Cerah Berawan
jatinangor,"Jatinangor, Sumedang",2026-08-16,32.11.15.2002,Hegarmanah,kecamatan,yes,-6.938,107.7556,Asia/Jakarta,"BMKG representative point: Hegarmanah, Kecamatan Jatinangor",16-08-2026,BMKG,BMKG,08:00,2026-08-16 09:00:00,26.0,56.0,0.0,3.4,60.0,1.3282,Cerah Berawan,Cerah Berawan
jatinangor,"Jatinangor, Sumedang",2026-08-16,32.11.15.2002,Hegarmanah,kecamatan,yes,-6.938,107.7556,Asia/Jakarta,"BMKG representative point: Hegarmanah, Kecamatan Jatinangor",16-08-2026,BMKG,BMKG,09:00,2026-08-16 09:00:00,26.0,56.0,0.0,3.4,0.0,1.7709,Cerah Berawan,Cerah Berawan
jatinangor,"Jatinangor, Sumedang",2026-08-16,32.11.15.2002,Hegarmanah,kecamatan,yes,-6.938,107.7556,Asia/Jakarta,"BMKG representative point: Hegarmanah, Kecamatan Jatinangor",16-08-2026,BMKG,BMKG,10:00,2026-08-16 09:00:00,26.0,56.0,0.0,3.4,60.0,1.3282,Cerah Berawan,Cerah Berawan
jatinangor,"Jatinangor, Sumedang",2026-08-16,32.11.15.2002,Hegarmanah,kecamatan,yes,-6.938,107.7556,Asia/Jakarta,"BMKG representative point: Hegarmanah, Kecamatan Jatinangor",16-08-2026,BMKG,BMKG,11:00,2026-08-16 12:00:00,29.0,47.0,0.0,5.8,60.0,1.3282,Cerah Berawan,Cerah Berawan
jatinangor,"Jatinangor, Sumedang",2026-08-16,32.11.15.2002,Hegarmanah,kecamatan,yes,-6.938,107.7556,Asia/Jakarta,"BMKG representative point: Hegarmanah, Kecamatan Jatinangor",16-08-2026,BMKG,BMKG,12:00,2026-08-16 12:00:00,29.0,47.0,0.0,5.8,0.0,1.7709,Cerah Berawan,Cerah Berawan
jatinangor,"Jatinangor, Sumedang",2026-08-16,32.11.15.2002,Hegarmanah,kecamatan,yes,-6.938,107.7556,Asia/Jakarta,"BMKG representative point: Hegarmanah, Kecamatan Jatinangor",16-08-2026,BMKG,BMKG,13:00,2026-08-16 12:00:00,29.0,47.0,0.0,5.8,60.0,1.3282,Cerah Berawan,Cerah Berawan
jatinangor,"Jatinangor, Sumedang",2026-08-16,32.11.15.2002,Hegarmanah,kecamatan,yes,-6.938,107.7556,Asia/Jakarta,"BMKG representative point: Hegarmanah, Kecamatan Jatinangor",16-08-2026,BMKG,BMKG,14:00,2026-08-16 15:00:00,27.0,54.0,0.0,5.5,60.0,1.3282,Cerah Berawan,Cerah Berawan
jatinangor,"Jatinangor, Sumedang",2026-08-16,32.11.15.2002,Hegarmanah,kecamatan,yes,-6.938,107.7556,Asia/Jakarta,"BMKG representative point: Hegarmanah, Kecamatan Jatinangor",16-08-2026,BMKG,BMKG,15:00,2026-08-16 15:00:00,27.0,54.0,0.0,5.5,0.0,1.7709,Cerah Berawan,Cerah Berawan
jatinangor,"Jatinangor, Sumedang",2026-08-16,32.11.15.2002,Hegarmanah,kecamatan,yes,-6.938,107.7556,Asia/Jakarta,"BMKG representative point: Hegarmanah, Kecamatan Jatinangor",16-08-2026,BMKG,BMKG,16:00,2026-08-16 15:00:00,27.0,54.0,0.0,5.5,60.0,1.3282,Cerah Berawan,Cerah Berawan
jatinangor,"Jatinangor, Sumedang",2026-08-16,32.11.15.2002,Hegarmanah,kecamatan,yes,-6.938,107.7556,Asia/Jakarta,"BMKG representative point: Hegarmanah, Kecamatan Jatinangor",16-08-2026,BMKG,BMKG,17:00,2026-08-16 18:00:00,22.0,81.0,0.0,1.9,60.0,1.3282,Cerah,Cerah
jatinangor,"Jatinangor, Sumedang",2026-08-16,32.11.15.2002,Hegarmanah,kecamatan,yes,-6.938,107.7556,Asia/Jakarta,"BMKG representative point: Hegarmanah, Kecamatan Jatinangor",16-08-2026,BMKG,BMKG,18:00,2026-08-16 18:00:00,22.0,81.0,0.0,1.9,0.0,1.7709,Cerah,Cerah
jatinangor,"Jatinangor, Sumedang",2026-08-16,32.11.15.2002,Hegarmanah,kecamatan,yes,-6.938,107.7556,Asia/Jakarta,"BMKG representative point: Hegarmanah, Kecamatan Jatinangor",16-08-2026,BMKG,BMKG,19:00,2026-08-16 18:00:00,22.0,81.0,0.0,1.9,60.0,1.3282,Cerah,Cerah
jatinangor,"Jatinangor, Sumedang",2026-08-16,32.11.15.2002,Hegarmanah,kecamatan,yes,-6.938,107.7556,Asia/Jakarta,"BMKG representative point: Hegarmanah, Kecamatan Jatinangor",16-08-2026,BMKG,BMKG,20:00,2026-08-16 21:00:00,21.0,89.0,0.0,0.8,60.0,1.3282,Cerah,Cerah
jatinangor,"Jatinangor, Sumedang",2026-08-16,32.11.15.2002,Hegarmanah,kecamatan,yes,-6.938,107.7556,Asia/Jakarta,"BMKG representative point: Hegarmanah, Kecamatan Jatinangor",16-08-2026,BMKG,BMKG,21:00,2026-08-16 21:00:00,21.0,89.0,0.0,0.8,0.0,1.7709,Cerah,Cerah
jatinangor,"Jatinangor, Sumedang",2026-08-16,32.11.15.2002,Hegarmanah,kecamatan,yes,-6.938,107.7556,Asia/Jakarta,"BMKG representative point: Hegarmanah, Kecamatan Jatinangor",16-08-2026,BMKG,BMKG,22:00,2026-08-16 21:00:00,21.0,89.0,0.0,0.8,60.0,1.3282,Cerah,Cerah
jatinangor,"Jatinangor, Sumedang",2026-08-16,32.11.15.2002,Hegarmanah,kecamatan,yes,-6.938,107.7556,Asia/Jakarta,"BMKG representative point: Hegarmanah, Kecamatan Jatinangor",16-08-2026,BMKG,BMKG,23:00,2026-08-16 21:00:00,21.0,89.0,0.0,0.8,120.0,0.974,Cerah,Cerah
jatinangor,"Jatinangor, Sumedang",2026-08-16,32.11.15.2002,Hegarmanah,kecamatan,yes,-6.938,107.7556,Asia/Jakarta,"BMKG representative point: Hegarmanah, Kecamatan Jatinangor",16-08-2026,CMA,Open-Meteo / CMA GRAPES,00:00,2026-08-16 00:00:00,21.9,94.0,0.0,2.2,0.0,1.1465,Cerah Berawan,wmo:1
jatinangor,"Jatinangor, Sumedang",2026-08-16,32.11.15.2002,Hegarmanah,kecamatan,yes,-6.938,107.7556,Asia/Jakarta,"BMKG representative point: Hegarmanah, Kecamatan Jatinangor",16-08-2026,CMA,Open-Meteo / CMA GRAPES,01:00,2026-08-16 01:00:00,21.6,94.0,0.0,2.5,0.0,1.1465,Cerah Berawan,wmo:1
jatinangor,"Jatinangor, Sumedang",2026-08-16,32.11.15.2002,Hegarmanah,kecamatan,yes,-6.938,107.7556,Asia/Jakarta,"BMKG representative point: Hegarmanah, Kecamatan Jatinangor",16-08-2026,CMA,Open-Meteo / CMA GRAPES,02:00,2026-08-16 02:00:00,21.3,95.0,0.0,2.6,0.0,1.1465,Cerah Berawan,wmo:2
jatinangor,"Jatinangor, Sumedang",2026-08-16,32.11.15.2002,Hegarmanah,kecamatan,yes,-6.938,107.7556,Asia/Jakarta,"BMKG representative point: Hegarmanah, Kecamatan Jatinangor",16-08-2026,CMA,Open-Meteo / CMA GRAPES,03:00,2026-08-16 03:00:00,21.0,96.0,0.0,2.6,0.0,1.1465,Cerah Berawan,wmo:2
jatinangor,"Jatinangor, Sumedang",2026-08-16,32.11.15.2002,Hegarmanah,kecamatan,yes,-6.938,107.7556,Asia/Jakarta,"BMKG representative point: Hegarmanah, Kecamatan Jatinangor",16-08-2026,CMA,Open-Meteo / CMA GRAPES,04:00,2026-08-16 04:00:00,20.8,96.0,0.0,2.2,0.0,1.1465,Berawan,wmo:3
jatinangor,"Jatinangor, Sumedang",2026-08-16,32.11.15.2002,Hegarmanah,kecamatan,yes,-6.938,107.7556,Asia/Jakarta,"BMKG representative point: Hegarmanah, Kecamatan Jatinangor",16-08-2026,CMA,Open-Meteo / CMA GRAPES,05:00,2026-08-16 05:00:00,20.9,96.0,0.0,1.6,0.0,1.1465,Berawan,wmo:45
jatinangor,"Jatinangor, Sumedang",2026-08-16,32.11.15.2002,Hegarmanah,kecamatan,yes,-6.938,107.7556,Asia/Jakarta,"BMKG representative point: Hegarmanah, Kecamatan Jatinangor",16-08-2026,CMA,Open-Meteo / CMA GRAPES,06:00,2026-08-16 06:00:00,21.2,96.0,0.0,2.3,0.0,1.1465,Berawan,wmo:45
jatinangor,"Jatinangor, Sumedang",2026-08-16,32.11.15.2002,Hegarmanah,kecamatan,yes,-6.938,107.7556,Asia/Jakarta,"BMKG representative point: Hegarmanah, Kecamatan Jatinangor",16-08-2026,CMA,Open-Meteo / CMA GRAPES,07:00,2026-08-16 07:00:00,21.7,94.0,0.0,2.6,0.0,1.1465,Berawan,wmo:45
jatinangor,"Jatinangor, Sumedang",2026-08-16,32.11.15.2002,Hegarmanah,kecamatan,yes,-6.938,107.7556,Asia/Jakarta,"BMKG representative point: Hegarmanah, Kecamatan Jatinangor",16-08-2026,CMA,Open-Meteo / CMA GRAPES,08:00,2026-08-16 08:00:00,22.8,89.0,0.0,2.5,0.0,1.1465,Berawan,wmo:3
jatinangor,"Jatinangor, Sumedang",2026-08-16,32.11.15.2002,Hegarmanah,kecamatan,yes,-6.938,107.7556,Asia/Jakarta,"BMKG representative point: Hegarmanah, Kecamatan Jatinangor",16-08-2026,CMA,Open-Meteo / CMA GRAPES,09:00,2026-08-16 09:00:00,24.1,82.0,0.0,5.0,0.0,1.1465,Cerah Berawan,wmo:2
jatinangor,"Jatinangor, Sumedang",2026-08-16,32.11.15.2002,Hegarmanah,kecamatan,yes,-6.938,107.7556,Asia/Jakarta,"BMKG representative point: Hegarmanah, Kecamatan Jatinangor",16-08-2026,CMA,Open-Meteo / CMA GRAPES,10:00,2026-08-16 10:00:00,25.3,75.0,0.0,8.0,0.0,1.1465,Cerah Berawan,wmo:2
jatinangor,"Jatinangor, Sumedang",2026-08-16,32.11.15.2002,Hegarmanah,kecamatan,yes,-6.938,107.7556,Asia/Jakarta,"BMKG representative point: Hegarmanah, Kecamatan Jatinangor",16-08-2026,CMA,Open-Meteo / CMA GRAPES,11:00,2026-08-16 11:00:00,26.4,69.0,0.0,9.7,0.0,1.1465,Cerah Berawan,wmo:2
jatinangor,"Jatinangor, Sumedang",2026-08-16,32.11.15.2002,Hegarmanah,kecamatan,yes,-6.938,107.7556,Asia/Jakarta,"BMKG representative point: Hegarmanah, Kecamatan Jatinangor",16-08-2026,CMA,Open-Meteo / CMA GRAPES,12:00,2026-08-16 12:00:00,27.3,62.0,0.0,11.1,0.0,1.1465,Cerah Berawan,wmo:1
jatinangor,"Jatinangor, Sumedang",2026-08-16,32.11.15.2002,Hegarmanah,kecamatan,yes,-6.938,107.7556,Asia/Jakarta,"BMKG representative point: Hegarmanah, Kecamatan Jatinangor",16-08-2026,CMA,Open-Meteo / CMA GRAPES,13:00,2026-08-16 13:00:00,27.9,58.0,0.0,12.3,0.0,1.1465,Cerah Berawan,wmo:1
jatinangor,"Jatinangor, Sumedang",2026-08-16,32.11.15.2002,Hegarmanah,kecamatan,yes,-6.938,107.7556,Asia/Jakarta,"BMKG representative point: Hegarmanah, Kecamatan Jatinangor",16-08-2026,CMA,Open-Meteo / CMA GRAPES,14:00,2026-08-16 14:00:00,28.1,56.0,0.0,13.4,0.0,1.1465,Cerah Berawan,wmo:2
jatinangor,"Jatinangor, Sumedang",2026-08-16,32.11.15.2002,Hegarmanah,kecamatan,yes,-6.938,107.7556,Asia/Jakarta,"BMKG representative point: Hegarmanah, Kecamatan Jatinangor",16-08-2026,CMA,Open-Meteo / CMA GRAPES,15:00,2026-08-16 15:00:00,28.0,56.0,0.0,13.9,0.0,1.1465,Cerah Berawan,wmo:2
jatinangor,"Jatinangor, Sumedang",2026-08-16,32.11.15.2002,Hegarmanah,kecamatan,yes,-6.938,107.7556,Asia/Jakarta,"BMKG representative point: Hegarmanah, Kecamatan Jatinangor",16-08-2026,CMA,Open-Meteo / CMA GRAPES,16:00,2026-08-16 16:00:00,27.5,58.0,0.0,13.7,0.0,1.1465,Cerah Berawan,wmo:2
jatinangor,"Jatinangor, Sumedang",2026-08-16,32.11.15.2002,Hegarmanah,kecamatan,yes,-6.938,107.7556,Asia/Jakarta,"BMKG representative point: Hegarmanah, Kecamatan Jatinangor",16-08-2026,CMA,Open-Meteo / CMA GRAPES,17:00,2026-08-16 17:00:00,26.4,65.0,0.0,12.3,0.0,1.1465,Cerah Berawan,wmo:2
jatinangor,"Jatinangor, Sumedang",2026-08-16,32.11.15.2002,Hegarmanah,kecamatan,yes,-6.938,107.7556,Asia/Jakarta,"BMKG representative point: Hegarmanah, Kecamatan Jatinangor",16-08-2026,CMA,Open-Meteo / CMA GRAPES,18:00,2026-08-16 18:00:00,25.0,75.0,0.0,10.4,0.0,1.1465,Cerah Berawan,wmo:1
jatinangor,"Jatinangor, Sumedang",2026-08-16,32.11.15.2002,Hegarmanah,kecamatan,yes,-6.938,107.7556,Asia/Jakarta,"BMKG representative point: Hegarmanah, Kecamatan Jatinangor",16-08-2026,CMA,Open-Meteo / CMA GRAPES,19:00,2026-08-16 19:00:00,23.7,83.0,0.0,8.4,0.0,1.1465,Cerah,wmo:0
jatinangor,"Jatinangor, Sumedang",2026-08-16,32.11.15.2002,Hegarmanah,kecamatan,yes,-6.938,107.7556,Asia/Jakarta,"BMKG representative point: Hegarmanah, Kecamatan Jatinangor",16-08-2026,CMA,Open-Meteo / CMA GRAPES,20:00,2026-08-16 20:00:00,22.7,88.0,0.0,5.7,0.0,1.1465,Cerah,wmo:0
jatinangor,"Jatinangor, Sumedang",2026-08-16,32.11.15.2002,Hegarmanah,kecamatan,yes,-6.938,107.7556,Asia/Jakarta,"BMKG representative point: Hegarmanah, Kecamatan Jatinangor",16-08-2026,CMA,Open-Meteo / CMA GRAPES,21:00,2026-08-16 21:00:00,22.0,90.0,0.0,2.6,0.0,1.1465,Cerah,wmo:0
jatinangor,"Jatinangor, Sumedang",2026-08-16,32.11.15.2002,Hegarmanah,kecamatan,yes,-6.938,107.7556,Asia/Jakarta,"BMKG representative point: Hegarmanah, Kecamatan Jatinangor",16-08-2026,CMA,Open-Meteo / CMA GRAPES,22:00,2026-08-16 22:00:00,21.5,92.0,0.0,1.3,0.0,1.1465,Cerah,wmo:0
jatinangor,"Jatinangor, Sumedang",2026-08-16,32.11.15.2002,Hegarmanah,kecamatan,yes,-6.938,107.7556,Asia/Jakarta,"BMKG representative point: Hegarmanah, Kecamatan Jatinangor",16-08-2026,CMA,Open-Meteo / CMA GRAPES,23:00,2026-08-16 23:00:00,21.3,93.0,0.0,1.9,0.0,1.1465,Cerah,wmo:0
jatinangor,"Jatinangor, Sumedang",2026-08-16,32.11.15.2002,Hegarmanah,kecamatan,yes,-6.938,107.7556,Asia/Jakarta,"BMKG representative point: Hegarmanah, Kecamatan Jatinangor",16-08-2026,ECMWF,Open-Meteo / ECMWF,00:00,2026-08-16 00:00:00,21.2,89.0,0.0,4.5,0.0,1.7343,Berawan,wmo:3
jatinangor,"Jatinangor, Sumedang",2026-08-16,32.11.15.2002,Hegarmanah,kecamatan,yes,-6.938,107.7556,Asia/Jakarta,"BMKG representative point: Hegarmanah, Kecamatan Jatinangor",16-08-2026,ECMWF,Open-Meteo / ECMWF,01:00,2026-08-16 01:00:00,20.7,92.0,0.0,4.2,0.0,1.7343,Berawan,wmo:3
jatinangor,"Jatinangor, Sumedang",2026-08-16,32.11.15.2002,Hegarmanah,kecamatan,yes,-6.938,107.7556,Asia/Jakarta,"BMKG representative point: Hegarmanah, Kecamatan Jatinangor",16-08-2026,ECMWF,Open-Meteo / ECMWF,02:00,2026-08-16 02:00:00,20.1,95.0,0.0,3.9,0.0,1.7343,Berawan,wmo:3
jatinangor,"Jatinangor, Sumedang",2026-08-16,32.11.15.2002,Hegarmanah,kecamatan,yes,-6.938,107.7556,Asia/Jakarta,"BMKG representative point: Hegarmanah, Kecamatan Jatinangor",16-08-2026,ECMWF,Open-Meteo / ECMWF,03:00,2026-08-16 03:00:00,19.5,97.0,0.0,4.0,0.0,1.7343,Berawan,wmo:3
jatinangor,"Jatinangor, Sumedang",2026-08-16,32.11.15.2002,Hegarmanah,kecamatan,yes,-6.938,107.7556,Asia/Jakarta,"BMKG representative point: Hegarmanah, Kecamatan Jatinangor",16-08-2026,ECMWF,Open-Meteo / ECMWF,04:00,2026-08-16 04:00:00,19.2,98.0,0.0,4.3,0.0,1.7343,Berawan,wmo:3
jatinangor,"Jatinangor, Sumedang",2026-08-16,32.11.15.2002,Hegarmanah,kecamatan,yes,-6.938,107.7556,Asia/Jakarta,"BMKG representative point: Hegarmanah, Kecamatan Jatinangor",16-08-2026,ECMWF,Open-Meteo / ECMWF,05:00,2026-08-16 05:00:00,19.0,98.0,0.0,4.0,0.0,1.7343,Berawan,wmo:3
jatinangor,"Jatinangor, Sumedang",2026-08-16,32.11.15.2002,Hegarmanah,kecamatan,yes,-6.938,107.7556,Asia/Jakarta,"BMKG representative point: Hegarmanah, Kecamatan Jatinangor",16-08-2026,ECMWF,Open-Meteo / ECMWF,06:00,2026-08-16 06:00:00,19.0,97.0,0.0,3.8,0.0,1.7343,Berawan,wmo:3
jatinangor,"Jatinangor, Sumedang",2026-08-16,32.11.15.2002,Hegarmanah,kecamatan,yes,-6.938,107.7556,Asia/Jakarta,"BMKG representative point: Hegarmanah, Kecamatan Jatinangor",16-08-2026,ECMWF,Open-Meteo / ECMWF,07:00,2026-08-16 07:00:00,19.8,92.0,0.0,3.5,0.0,1.7343,Berawan,wmo:3
jatinangor,"Jatinangor, Sumedang",2026-08-16,32.11.15.2002,Hegarmanah,kecamatan,yes,-6.938,107.7556,Asia/Jakarta,"BMKG representative point: Hegarmanah, Kecamatan Jatinangor",16-08-2026,ECMWF,Open-Meteo / ECMWF,08:00,2026-08-16 08:00:00,22.2,80.0,0.0,3.3,0.0,1.7343,Berawan,wmo:3
jatinangor,"Jatinangor, Sumedang",2026-08-16,32.11.15.2002,Hegarmanah,kecamatan,yes,-6.938,107.7556,Asia/Jakarta,"BMKG representative point: Hegarmanah, Kecamatan Jatinangor",16-08-2026,ECMWF,Open-Meteo / ECMWF,09:00,2026-08-16 09:00:00,25.4,65.0,0.0,3.3,0.0,1.7343,Berawan,wmo:3
jatinangor,"Jatinangor, Sumedang",2026-08-16,32.11.15.2002,Hegarmanah,kecamatan,yes,-6.938,107.7556,Asia/Jakarta,"BMKG representative point: Hegarmanah, Kecamatan Jatinangor",16-08-2026,ECMWF,Open-Meteo / ECMWF,10:00,2026-08-16 10:00:00,28.0,52.0,0.0,3.4,0.0,1.7343,Cerah Berawan,wmo:2
jatinangor,"Jatinangor, Sumedang",2026-08-16,32.11.15.2002,Hegarmanah,kecamatan,yes,-6.938,107.7556,Asia/Jakarta,"BMKG representative point: Hegarmanah, Kecamatan Jatinangor",16-08-2026,ECMWF,Open-Meteo / ECMWF,11:00,2026-08-16 11:00:00,29.7,45.0,0.1,3.3,0.0,1.7343,Hujan Ringan,wmo:51
jatinangor,"Jatinangor, Sumedang",2026-08-16,32.11.15.2002,Hegarmanah,kecamatan,yes,-6.938,107.7556,Asia/Jakarta,"BMKG representative point: Hegarmanah, Kecamatan Jatinangor",16-08-2026,ECMWF,Open-Meteo / ECMWF,12:00,2026-08-16 12:00:00,30.9,41.0,0.1,3.5,0.0,1.7343,Hujan Ringan,wmo:51
jatinangor,"Jatinangor, Sumedang",2026-08-16,32.11.15.2002,Hegarmanah,kecamatan,yes,-6.938,107.7556,Asia/Jakarta,"BMKG representative point: Hegarmanah, Kecamatan Jatinangor",16-08-2026,ECMWF,Open-Meteo / ECMWF,13:00,2026-08-16 13:00:00,31.5,39.0,0.1,3.3,0.0,1.7343,Hujan Ringan,wmo:51
jatinangor,"Jatinangor, Sumedang",2026-08-16,32.11.15.2002,Hegarmanah,kecamatan,yes,-6.938,107.7556,Asia/Jakarta,"BMKG representative point: Hegarmanah, Kecamatan Jatinangor",16-08-2026,ECMWF,Open-Meteo / ECMWF,14:00,2026-08-16 14:00:00,31.4,38.0,0.1,3.1,0.0,1.7343,Hujan Ringan,wmo:51
jatinangor,"Jatinangor, Sumedang",2026-08-16,32.11.15.2002,Hegarmanah,kecamatan,yes,-6.938,107.7556,Asia/Jakarta,"BMKG representative point: Hegarmanah, Kecamatan Jatinangor",16-08-2026,ECMWF,Open-Meteo / ECMWF,15:00,2026-08-16 15:00:00,30.8,39.0,0.1,3.4,0.0,1.7343,Hujan Ringan,wmo:51
jatinangor,"Jatinangor, Sumedang",2026-08-16,32.11.15.2002,Hegarmanah,kecamatan,yes,-6.938,107.7556,Asia/Jakarta,"BMKG representative point: Hegarmanah, Kecamatan Jatinangor",16-08-2026,ECMWF,Open-Meteo / ECMWF,16:00,2026-08-16 16:00:00,29.9,43.0,0.1,3.5,0.0,1.7343,Hujan Ringan,wmo:51
jatinangor,"Jatinangor, Sumedang",2026-08-16,32.11.15.2002,Hegarmanah,kecamatan,yes,-6.938,107.7556,Asia/Jakarta,"BMKG representative point: Hegarmanah, Kecamatan Jatinangor",16-08-2026,ECMWF,Open-Meteo / ECMWF,17:00,2026-08-16 17:00:00,28.4,52.0,0.1,2.3,0.0,1.7343,Hujan Ringan,wmo:51
jatinangor,"Jatinangor, Sumedang",2026-08-16,32.11.15.2002,Hegarmanah,kecamatan,yes,-6.938,107.7556,Asia/Jakarta,"BMKG representative point: Hegarmanah, Kecamatan Jatinangor",16-08-2026,ECMWF,Open-Meteo / ECMWF,18:00,2026-08-16 18:00:00,26.4,63.0,0.1,2.7,0.0,1.7343,Hujan Ringan,wmo:51
jatinangor,"Jatinangor, Sumedang",2026-08-16,32.11.15.2002,Hegarmanah,kecamatan,yes,-6.938,107.7556,Asia/Jakarta,"BMKG representative point: Hegarmanah, Kecamatan Jatinangor",16-08-2026,ECMWF,Open-Meteo / ECMWF,19:00,2026-08-16 19:00:00,24.9,73.0,0.1,4.1,0.0,1.7343,Hujan Ringan,wmo:51
jatinangor,"Jatinangor, Sumedang",2026-08-16,32.11.15.2002,Hegarmanah,kecamatan,yes,-6.938,107.7556,Asia/Jakarta,"BMKG representative point: Hegarmanah, Kecamatan Jatinangor",16-08-2026,ECMWF,Open-Meteo / ECMWF,20:00,2026-08-16 20:00:00,24.0,79.0,0.0,3.3,0.0,1.7343,Cerah,wmo:0
jatinangor,"Jatinangor, Sumedang",2026-08-16,32.11.15.2002,Hegarmanah,kecamatan,yes,-6.938,107.7556,Asia/Jakarta,"BMKG representative point: Hegarmanah, Kecamatan Jatinangor",16-08-2026,ECMWF,Open-Meteo / ECMWF,21:00,2026-08-16 21:00:00,23.4,83.0,0.0,1.6,0.0,1.7343,Cerah,wmo:0
jatinangor,"Jatinangor, Sumedang",2026-08-16,32.11.15.2002,Hegarmanah,kecamatan,yes,-6.938,107.7556,Asia/Jakarta,"BMKG representative point: Hegarmanah, Kecamatan Jatinangor",16-08-2026,ECMWF,Open-Meteo / ECMWF,22:00,2026-08-16 22:00:00,22.8,87.0,0.0,0.5,0.0,1.7343,Cerah,wmo:0
jatinangor,"Jatinangor, Sumedang",2026-08-16,32.11.15.2002,Hegarmanah,kecamatan,yes,-6.938,107.7556,Asia/Jakarta,"BMKG representative point: Hegarmanah, Kecamatan Jatinangor",16-08-2026,ECMWF,Open-Meteo / ECMWF,23:00,2026-08-16 23:00:00,22.0,90.0,0.0,0.8,0.0,1.7343,Cerah,wmo:0
jatinangor,"Jatinangor, Sumedang",2026-08-16,32.11.15.2002,Hegarmanah,kecamatan,yes,-6.938,107.7556,Asia/Jakarta,"BMKG representative point: Hegarmanah, Kecamatan Jatinangor",16-08-2026,GFS,Open-Meteo / NOAA GFS,00:00,2026-08-16 00:00:00,18.7,96.0,0.0,3.6,0.0,1.3868,Berawan,wmo:3
jatinangor,"Jatinangor, Sumedang",2026-08-16,32.11.15.2002,Hegarmanah,kecamatan,yes,-6.938,107.7556,Asia/Jakarta,"BMKG representative point: Hegarmanah, Kecamatan Jatinangor",16-08-2026,GFS,Open-Meteo / NOAA GFS,01:00,2026-08-16 01:00:00,18.6,95.0,0.0,2.9,0.0,1.3868,Berawan,wmo:3
jatinangor,"Jatinangor, Sumedang",2026-08-16,32.11.15.2002,Hegarmanah,kecamatan,yes,-6.938,107.7556,Asia/Jakarta,"BMKG representative point: Hegarmanah, Kecamatan Jatinangor",16-08-2026,GFS,Open-Meteo / NOAA GFS,02:00,2026-08-16 02:00:00,18.5,95.0,0.0,2.9,0.0,1.3868,Berawan,wmo:3
jatinangor,"Jatinangor, Sumedang",2026-08-16,32.11.15.2002,Hegarmanah,kecamatan,yes,-6.938,107.7556,Asia/Jakarta,"BMKG representative point: Hegarmanah, Kecamatan Jatinangor",16-08-2026,GFS,Open-Meteo / NOAA GFS,03:00,2026-08-16 03:00:00,18.4,95.0,0.0,3.7,0.0,1.3868,Cerah Berawan,wmo:2
jatinangor,"Jatinangor, Sumedang",2026-08-16,32.11.15.2002,Hegarmanah,kecamatan,yes,-6.938,107.7556,Asia/Jakarta,"BMKG representative point: Hegarmanah, Kecamatan Jatinangor",16-08-2026,GFS,Open-Meteo / NOAA GFS,04:00,2026-08-16 04:00:00,18.2,95.0,0.0,4.2,0.0,1.3868,Cerah,wmo:0
jatinangor,"Jatinangor, Sumedang",2026-08-16,32.11.15.2002,Hegarmanah,kecamatan,yes,-6.938,107.7556,Asia/Jakarta,"BMKG representative point: Hegarmanah, Kecamatan Jatinangor",16-08-2026,GFS,Open-Meteo / NOAA GFS,05:00,2026-08-16 05:00:00,18.0,96.0,0.0,4.3,0.0,1.3868,Berawan,wmo:3
jatinangor,"Jatinangor, Sumedang",2026-08-16,32.11.15.2002,Hegarmanah,kecamatan,yes,-6.938,107.7556,Asia/Jakarta,"BMKG representative point: Hegarmanah, Kecamatan Jatinangor",16-08-2026,GFS,Open-Meteo / NOAA GFS,06:00,2026-08-16 06:00:00,17.9,95.0,0.0,3.8,0.0,1.3868,Berawan,wmo:3
jatinangor,"Jatinangor, Sumedang",2026-08-16,32.11.15.2002,Hegarmanah,kecamatan,yes,-6.938,107.7556,Asia/Jakarta,"BMKG representative point: Hegarmanah, Kecamatan Jatinangor",16-08-2026,GFS,Open-Meteo / NOAA GFS,07:00,2026-08-16 07:00:00,20.1,88.0,0.0,2.7,0.0,1.3868,Cerah Berawan,wmo:1
jatinangor,"Jatinangor, Sumedang",2026-08-16,32.11.15.2002,Hegarmanah,kecamatan,yes,-6.938,107.7556,Asia/Jakarta,"BMKG representative point: Hegarmanah, Kecamatan Jatinangor",16-08-2026,GFS,Open-Meteo / NOAA GFS,08:00,2026-08-16 08:00:00,23.5,74.0,0.0,2.5,0.0,1.3868,Berawan,wmo:3
jatinangor,"Jatinangor, Sumedang",2026-08-16,32.11.15.2002,Hegarmanah,kecamatan,yes,-6.938,107.7556,Asia/Jakarta,"BMKG representative point: Hegarmanah, Kecamatan Jatinangor",16-08-2026,GFS,Open-Meteo / NOAA GFS,09:00,2026-08-16 09:00:00,26.5,62.0,0.0,3.6,0.0,1.3868,Berawan,wmo:3
jatinangor,"Jatinangor, Sumedang",2026-08-16,32.11.15.2002,Hegarmanah,kecamatan,yes,-6.938,107.7556,Asia/Jakarta,"BMKG representative point: Hegarmanah, Kecamatan Jatinangor",16-08-2026,GFS,Open-Meteo / NOAA GFS,10:00,2026-08-16 10:00:00,29.2,51.0,0.0,4.3,0.0,1.3868,Cerah,wmo:0
jatinangor,"Jatinangor, Sumedang",2026-08-16,32.11.15.2002,Hegarmanah,kecamatan,yes,-6.938,107.7556,Asia/Jakarta,"BMKG representative point: Hegarmanah, Kecamatan Jatinangor",16-08-2026,GFS,Open-Meteo / NOAA GFS,11:00,2026-08-16 11:00:00,31.3,43.0,0.0,4.9,0.0,1.3868,Cerah,wmo:0
jatinangor,"Jatinangor, Sumedang",2026-08-16,32.11.15.2002,Hegarmanah,kecamatan,yes,-6.938,107.7556,Asia/Jakarta,"BMKG representative point: Hegarmanah, Kecamatan Jatinangor",16-08-2026,GFS,Open-Meteo / NOAA GFS,12:00,2026-08-16 12:00:00,33.0,36.0,0.0,5.1,0.0,1.3868,Cerah,wmo:0
jatinangor,"Jatinangor, Sumedang",2026-08-16,32.11.15.2002,Hegarmanah,kecamatan,yes,-6.938,107.7556,Asia/Jakarta,"BMKG representative point: Hegarmanah, Kecamatan Jatinangor",16-08-2026,GFS,Open-Meteo / NOAA GFS,13:00,2026-08-16 13:00:00,33.5,32.0,0.0,8.0,0.0,1.3868,Cerah Berawan,wmo:1
jatinangor,"Jatinangor, Sumedang",2026-08-16,32.11.15.2002,Hegarmanah,kecamatan,yes,-6.938,107.7556,Asia/Jakarta,"BMKG representative point: Hegarmanah, Kecamatan Jatinangor",16-08-2026,GFS,Open-Meteo / NOAA GFS,14:00,2026-08-16 14:00:00,33.1,33.0,0.0,13.7,0.0,1.3868,Berawan,wmo:3
jatinangor,"Jatinangor, Sumedang",2026-08-16,32.11.15.2002,Hegarmanah,kecamatan,yes,-6.938,107.7556,Asia/Jakarta,"BMKG representative point: Hegarmanah, Kecamatan Jatinangor",16-08-2026,GFS,Open-Meteo / NOAA GFS,15:00,2026-08-16 15:00:00,28.3,48.0,0.0,16.0,0.0,1.3868,Berawan,wmo:3
jatinangor,"Jatinangor, Sumedang",2026-08-16,32.11.15.2002,Hegarmanah,kecamatan,yes,-6.938,107.7556,Asia/Jakarta,"BMKG representative point: Hegarmanah, Kecamatan Jatinangor",16-08-2026,GFS,Open-Meteo / NOAA GFS,16:00,2026-08-16 16:00:00,25.6,60.0,0.0,11.0,0.0,1.3868,Berawan,wmo:3
jatinangor,"Jatinangor, Sumedang",2026-08-16,32.11.15.2002,Hegarmanah,kecamatan,yes,-6.938,107.7556,Asia/Jakarta,"BMKG representative point: Hegarmanah, Kecamatan Jatinangor",16-08-2026,GFS,Open-Meteo / NOAA GFS,17:00,2026-08-16 17:00:00,25.2,64.0,0.0,9.0,0.0,1.3868,Cerah,wmo:0
jatinangor,"Jatinangor, Sumedang",2026-08-16,32.11.15.2002,Hegarmanah,kecamatan,yes,-6.938,107.7556,Asia/Jakarta,"BMKG representative point: Hegarmanah, Kecamatan Jatinangor",16-08-2026,GFS,Open-Meteo / NOAA GFS,18:00,2026-08-16 18:00:00,22.4,78.0,0.0,6.5,0.0,1.3868,Cerah,wmo:0
jatinangor,"Jatinangor, Sumedang",2026-08-16,32.11.15.2002,Hegarmanah,kecamatan,yes,-6.938,107.7556,Asia/Jakarta,"BMKG representative point: Hegarmanah, Kecamatan Jatinangor",16-08-2026,GFS,Open-Meteo / NOAA GFS,19:00,2026-08-16 19:00:00,21.8,82.0,0.0,4.8,0.0,1.3868,Cerah Berawan,wmo:1
jatinangor,"Jatinangor, Sumedang",2026-08-16,32.11.15.2002,Hegarmanah,kecamatan,yes,-6.938,107.7556,Asia/Jakarta,"BMKG representative point: Hegarmanah, Kecamatan Jatinangor",16-08-2026,GFS,Open-Meteo / NOAA GFS,20:00,2026-08-16 20:00:00,22.0,82.0,0.0,4.0,0.0,1.3868,Berawan,wmo:3
jatinangor,"Jatinangor, Sumedang",2026-08-16,32.11.15.2002,Hegarmanah,kecamatan,yes,-6.938,107.7556,Asia/Jakarta,"BMKG representative point: Hegarmanah, Kecamatan Jatinangor",16-08-2026,GFS,Open-Meteo / NOAA GFS,21:00,2026-08-16 21:00:00,22.2,81.0,0.0,3.6,0.0,1.3868,Berawan,wmo:3
jatinangor,"Jatinangor, Sumedang",2026-08-16,32.11.15.2002,Hegarmanah,kecamatan,yes,-6.938,107.7556,Asia/Jakarta,"BMKG representative point: Hegarmanah, Kecamatan Jatinangor",16-08-2026,GFS,Open-Meteo / NOAA GFS,22:00,2026-08-16 22:00:00,21.9,83.0,0.0,2.9,0.0,1.3868,Berawan,wmo:3
jatinangor,"Jatinangor, Sumedang",2026-08-16,32.11.15.2002,Hegarmanah,kecamatan,yes,-6.938,107.7556,Asia/Jakarta,"BMKG representative point: Hegarmanah, Kecamatan Jatinangor",16-08-2026,GFS,Open-Meteo / NOAA GFS,23:00,2026-08-16 23:00:00,20.4,90.0,0.0,2.2,0.0,1.3868,Cerah,wmo:0
jatinangor,"Jatinangor, Sumedang",2026-08-16,32.11.15.2002,Hegarmanah,kecamatan,yes,-6.938,107.7556,Asia/Jakarta,"BMKG representative point: Hegarmanah, Kecamatan Jatinangor",16-08-2026,ICON,Open-Meteo / DWD ICON,00:00,2026-08-16 00:00:00,21.0,91.0,0.0,4.5,0.0,1.4736,Berawan,wmo:3
jatinangor,"Jatinangor, Sumedang",2026-08-16,32.11.15.2002,Hegarmanah,kecamatan,yes,-6.938,107.7556,Asia/Jakarta,"BMKG representative point: Hegarmanah, Kecamatan Jatinangor",16-08-2026,ICON,Open-Meteo / DWD ICON,01:00,2026-08-16 01:00:00,20.6,93.0,0.0,4.3,0.0,1.4736,Berawan,wmo:3
jatinangor,"Jatinangor, Sumedang",2026-08-16,32.11.15.2002,Hegarmanah,kecamatan,yes,-6.938,107.7556,Asia/Jakarta,"BMKG representative point: Hegarmanah, Kecamatan Jatinangor",16-08-2026,ICON,Open-Meteo / DWD ICON,02:00,2026-08-16 02:00:00,20.2,93.0,0.0,3.2,0.0,1.4736,Berawan,wmo:3
jatinangor,"Jatinangor, Sumedang",2026-08-16,32.11.15.2002,Hegarmanah,kecamatan,yes,-6.938,107.7556,Asia/Jakarta,"BMKG representative point: Hegarmanah, Kecamatan Jatinangor",16-08-2026,ICON,Open-Meteo / DWD ICON,03:00,2026-08-16 03:00:00,19.4,94.0,0.0,3.7,0.0,1.4736,Berawan,wmo:3
jatinangor,"Jatinangor, Sumedang",2026-08-16,32.11.15.2002,Hegarmanah,kecamatan,yes,-6.938,107.7556,Asia/Jakarta,"BMKG representative point: Hegarmanah, Kecamatan Jatinangor",16-08-2026,ICON,Open-Meteo / DWD ICON,04:00,2026-08-16 04:00:00,18.8,94.0,0.0,3.8,0.0,1.4736,Cerah Berawan,wmo:2
jatinangor,"Jatinangor, Sumedang",2026-08-16,32.11.15.2002,Hegarmanah,kecamatan,yes,-6.938,107.7556,Asia/Jakarta,"BMKG representative point: Hegarmanah, Kecamatan Jatinangor",16-08-2026,ICON,Open-Meteo / DWD ICON,05:00,2026-08-16 05:00:00,18.2,93.0,0.0,3.9,0.0,1.4736,Cerah Berawan,wmo:1
jatinangor,"Jatinangor, Sumedang",2026-08-16,32.11.15.2002,Hegarmanah,kecamatan,yes,-6.938,107.7556,Asia/Jakarta,"BMKG representative point: Hegarmanah, Kecamatan Jatinangor",16-08-2026,ICON,Open-Meteo / DWD ICON,06:00,2026-08-16 06:00:00,17.8,93.0,0.0,4.1,0.0,1.4736,Cerah Berawan,wmo:1
jatinangor,"Jatinangor, Sumedang",2026-08-16,32.11.15.2002,Hegarmanah,kecamatan,yes,-6.938,107.7556,Asia/Jakarta,"BMKG representative point: Hegarmanah, Kecamatan Jatinangor",16-08-2026,ICON,Open-Meteo / DWD ICON,07:00,2026-08-16 07:00:00,19.1,88.0,0.0,3.3,0.0,1.4736,Cerah Berawan,wmo:2
jatinangor,"Jatinangor, Sumedang",2026-08-16,32.11.15.2002,Hegarmanah,kecamatan,yes,-6.938,107.7556,Asia/Jakarta,"BMKG representative point: Hegarmanah, Kecamatan Jatinangor",16-08-2026,ICON,Open-Meteo / DWD ICON,08:00,2026-08-16 08:00:00,24.2,70.0,0.0,1.3,0.0,1.4736,Cerah Berawan,wmo:1
jatinangor,"Jatinangor, Sumedang",2026-08-16,32.11.15.2002,Hegarmanah,kecamatan,yes,-6.938,107.7556,Asia/Jakarta,"BMKG representative point: Hegarmanah, Kecamatan Jatinangor",16-08-2026,ICON,Open-Meteo / DWD ICON,09:00,2026-08-16 09:00:00,26.4,64.0,0.0,2.3,0.0,1.4736,Cerah Berawan,wmo:1
jatinangor,"Jatinangor, Sumedang",2026-08-16,32.11.15.2002,Hegarmanah,kecamatan,yes,-6.938,107.7556,Asia/Jakarta,"BMKG representative point: Hegarmanah, Kecamatan Jatinangor",16-08-2026,ICON,Open-Meteo / DWD ICON,10:00,2026-08-16 10:00:00,28.7,56.0,0.0,2.5,0.0,1.4736,Cerah Berawan,wmo:1
jatinangor,"Jatinangor, Sumedang",2026-08-16,32.11.15.2002,Hegarmanah,kecamatan,yes,-6.938,107.7556,Asia/Jakarta,"BMKG representative point: Hegarmanah, Kecamatan Jatinangor",16-08-2026,ICON,Open-Meteo / DWD ICON,11:00,2026-08-16 11:00:00,30.8,47.0,0.0,3.4,0.0,1.4736,Cerah Berawan,wmo:2
jatinangor,"Jatinangor, Sumedang",2026-08-16,32.11.15.2002,Hegarmanah,kecamatan,yes,-6.938,107.7556,Asia/Jakarta,"BMKG representative point: Hegarmanah, Kecamatan Jatinangor",16-08-2026,ICON,Open-Meteo / DWD ICON,12:00,2026-08-16 12:00:00,32.4,38.0,0.0,5.1,0.0,1.4736,Cerah Berawan,wmo:2
jatinangor,"Jatinangor, Sumedang",2026-08-16,32.11.15.2002,Hegarmanah,kecamatan,yes,-6.938,107.7556,Asia/Jakarta,"BMKG representative point: Hegarmanah, Kecamatan Jatinangor",16-08-2026,ICON,Open-Meteo / DWD ICON,13:00,2026-08-16 13:00:00,33.4,33.0,0.0,8.0,0.0,1.4736,Cerah Berawan,wmo:2
jatinangor,"Jatinangor, Sumedang",2026-08-16,32.11.15.2002,Hegarmanah,kecamatan,yes,-6.938,107.7556,Asia/Jakarta,"BMKG representative point: Hegarmanah, Kecamatan Jatinangor",16-08-2026,ICON,Open-Meteo / DWD ICON,14:00,2026-08-16 14:00:00,33.4,32.0,0.0,10.2,0.0,1.4736,Berawan,wmo:3
jatinangor,"Jatinangor, Sumedang",2026-08-16,32.11.15.2002,Hegarmanah,kecamatan,yes,-6.938,107.7556,Asia/Jakarta,"BMKG representative point: Hegarmanah, Kecamatan Jatinangor",16-08-2026,ICON,Open-Meteo / DWD ICON,15:00,2026-08-16 15:00:00,32.7,34.0,0.0,11.8,0.0,1.4736,Berawan,wmo:3
jatinangor,"Jatinangor, Sumedang",2026-08-16,32.11.15.2002,Hegarmanah,kecamatan,yes,-6.938,107.7556,Asia/Jakarta,"BMKG representative point: Hegarmanah, Kecamatan Jatinangor",16-08-2026,ICON,Open-Meteo / DWD ICON,16:00,2026-08-16 16:00:00,32.1,37.0,0.0,13.3,0.0,1.4736,Cerah Berawan,wmo:2
jatinangor,"Jatinangor, Sumedang",2026-08-16,32.11.15.2002,Hegarmanah,kecamatan,yes,-6.938,107.7556,Asia/Jakarta,"BMKG representative point: Hegarmanah, Kecamatan Jatinangor",16-08-2026,ICON,Open-Meteo / DWD ICON,17:00,2026-08-16 17:00:00,30.6,43.0,0.0,15.4,0.0,1.4736,Berawan,wmo:3
jatinangor,"Jatinangor, Sumedang",2026-08-16,32.11.15.2002,Hegarmanah,kecamatan,yes,-6.938,107.7556,Asia/Jakarta,"BMKG representative point: Hegarmanah, Kecamatan Jatinangor",16-08-2026,ICON,Open-Meteo / DWD ICON,18:00,2026-08-16 18:00:00,27.7,58.0,0.0,12.5,0.0,1.4736,Cerah Berawan,wmo:2
jatinangor,"Jatinangor, Sumedang",2026-08-16,32.11.15.2002,Hegarmanah,kecamatan,yes,-6.938,107.7556,Asia/Jakarta,"BMKG representative point: Hegarmanah, Kecamatan Jatinangor",16-08-2026,ICON,Open-Meteo / DWD ICON,19:00,2026-08-16 19:00:00,26.1,67.0,0.0,7.7,0.0,1.4736,Cerah Berawan,wmo:2
jatinangor,"Jatinangor, Sumedang",2026-08-16,32.11.15.2002,Hegarmanah,kecamatan,yes,-6.938,107.7556,Asia/Jakarta,"BMKG representative point: Hegarmanah, Kecamatan Jatinangor",16-08-2026,ICON,Open-Meteo / DWD ICON,20:00,2026-08-16 20:00:00,25.1,74.0,0.0,6.2,0.0,1.4736,Cerah Berawan,wmo:2
jatinangor,"Jatinangor, Sumedang",2026-08-16,32.11.15.2002,Hegarmanah,kecamatan,yes,-6.938,107.7556,Asia/Jakarta,"BMKG representative point: Hegarmanah, Kecamatan Jatinangor",16-08-2026,ICON,Open-Meteo / DWD ICON,21:00,2026-08-16 21:00:00,24.4,79.0,0.0,4.8,0.0,1.4736,Berawan,wmo:3
jatinangor,"Jatinangor, Sumedang",2026-08-16,32.11.15.2002,Hegarmanah,kecamatan,yes,-6.938,107.7556,Asia/Jakarta,"BMKG representative point: Hegarmanah, Kecamatan Jatinangor",16-08-2026,ICON,Open-Meteo / DWD ICON,22:00,2026-08-16 22:00:00,23.8,83.0,0.1,4.1,0.0,1.4736,Cerah Berawan,wmo:2
jatinangor,"Jatinangor, Sumedang",2026-08-16,32.11.15.2002,Hegarmanah,kecamatan,yes,-6.938,107.7556,Asia/Jakarta,"BMKG representative point: Hegarmanah, Kecamatan Jatinangor",16-08-2026,ICON,Open-Meteo / DWD ICON,23:00,2026-08-16 23:00:00,23.3,87.0,0.2,2.9,0.0,1.4736,Cerah Berawan,wmo:2
jatinangor,"Jatinangor, Sumedang",2026-08-16,32.11.15.2002,Hegarmanah,kecamatan,yes,-6.938,107.7556,Asia/Jakarta,"BMKG representative point: Hegarmanah, Kecamatan Jatinangor",16-08-2026,KMA,Open-Meteo / KMA,00:00,2026-08-16 00:00:00,,,,,0.0,0.5518,Berawan,wmo:None
jatinangor,"Jatinangor, Sumedang",2026-08-16,32.11.15.2002,Hegarmanah,kecamatan,yes,-6.938,107.7556,Asia/Jakarta,"BMKG representative point: Hegarmanah, Kecamatan Jatinangor",16-08-2026,KMA,Open-Meteo / KMA,01:00,2026-08-16 01:00:00,,,,,0.0,0.5518,Berawan,wmo:None
jatinangor,"Jatinangor, Sumedang",2026-08-16,32.11.15.2002,Hegarmanah,kecamatan,yes,-6.938,107.7556,Asia/Jakarta,"BMKG representative point: Hegarmanah, Kecamatan Jatinangor",16-08-2026,KMA,Open-Meteo / KMA,02:00,2026-08-16 02:00:00,,,,,0.0,0.5518,Berawan,wmo:None
jatinangor,"Jatinangor, Sumedang",2026-08-16,32.11.15.2002,Hegarmanah,kecamatan,yes,-6.938,107.7556,Asia/Jakarta,"BMKG representative point: Hegarmanah, Kecamatan Jatinangor",16-08-2026,KMA,Open-Meteo / KMA,03:00,2026-08-16 03:00:00,,,,,0.0,0.5518,Berawan,wmo:None
jatinangor,"Jatinangor, Sumedang",2026-08-16,32.11.15.2002,Hegarmanah,kecamatan,yes,-6.938,107.7556,Asia/Jakarta,"BMKG representative point: Hegarmanah, Kecamatan Jatinangor",16-08-2026,KMA,Open-Meteo / KMA,04:00,2026-08-16 04:00:00,,,,,0.0,0.5518,Berawan,wmo:None
jatinangor,"Jatinangor, Sumedang",2026-08-16,32.11.15.2002,Hegarmanah,kecamatan,yes,-6.938,107.7556,Asia/Jakarta,"BMKG representative point: Hegarmanah, Kecamatan Jatinangor",16-08-2026,KMA,Open-Meteo / KMA,05:00,2026-08-16 05:00:00,,,,,0.0,0.5518,Berawan,wmo:None
jatinangor,"Jatinangor, Sumedang",2026-08-16,32.11.15.2002,Hegarmanah,kecamatan,yes,-6.938,107.7556,Asia/Jakarta,"BMKG representative point: Hegarmanah, Kecamatan Jatinangor",16-08-2026,KMA,Open-Meteo / KMA,06:00,2026-08-16 06:00:00,,,,,0.0,0.5518,Berawan,wmo:None
jatinangor,"Jatinangor, Sumedang",2026-08-16,32.11.15.2002,Hegarmanah,kecamatan,yes,-6.938,107.7556,Asia/Jakarta,"BMKG representative point: Hegarmanah, Kecamatan Jatinangor",16-08-2026,KMA,Open-Meteo / KMA,07:00,2026-08-16 07:00:00,,,,,0.0,0.5518,Berawan,wmo:None
jatinangor,"Jatinangor, Sumedang",2026-08-16,32.11.15.2002,Hegarmanah,kecamatan,yes,-6.938,107.7556,Asia/Jakarta,"BMKG representative point: Hegarmanah, Kecamatan Jatinangor",16-08-2026,KMA,Open-Meteo / KMA,08:00,2026-08-16 08:00:00,,,,,0.0,0.5518,Berawan,wmo:None
jatinangor,"Jatinangor, Sumedang",2026-08-16,32.11.15.2002,Hegarmanah,kecamatan,yes,-6.938,107.7556,Asia/Jakarta,"BMKG representative point: Hegarmanah, Kecamatan Jatinangor",16-08-2026,KMA,Open-Meteo / KMA,09:00,2026-08-16 09:00:00,,,,,0.0,0.5518,Berawan,wmo:None
jatinangor,"Jatinangor, Sumedang",2026-08-16,32.11.15.2002,Hegarmanah,kecamatan,yes,-6.938,107.7556,Asia/Jakarta,"BMKG representative point: Hegarmanah, Kecamatan Jatinangor",16-08-2026,KMA,Open-Meteo / KMA,10:00,2026-08-16 10:00:00,,,,,0.0,0.5518,Berawan,wmo:None
jatinangor,"Jatinangor, Sumedang",2026-08-16,32.11.15.2002,Hegarmanah,kecamatan,yes,-6.938,107.7556,Asia/Jakarta,"BMKG representative point: Hegarmanah, Kecamatan Jatinangor",16-08-2026,KMA,Open-Meteo / KMA,11:00,2026-08-16 11:00:00,,,,,0.0,0.5518,Berawan,wmo:None
jatinangor,"Jatinangor, Sumedang",2026-08-16,32.11.15.2002,Hegarmanah,kecamatan,yes,-6.938,107.7556,Asia/Jakarta,"BMKG representative point: Hegarmanah, Kecamatan Jatinangor",16-08-2026,KMA,Open-Meteo / KMA,12:00,2026-08-16 12:00:00,,,,,0.0,0.5518,Berawan,wmo:None
jatinangor,"Jatinangor, Sumedang",2026-08-16,32.11.15.2002,Hegarmanah,kecamatan,yes,-6.938,107.7556,Asia/Jakarta,"BMKG representative point: Hegarmanah, Kecamatan Jatinangor",16-08-2026,KMA,Open-Meteo / KMA,13:00,2026-08-16 13:00:00,,,,,0.0,0.5518,Berawan,wmo:None
jatinangor,"Jatinangor, Sumedang",2026-08-16,32.11.15.2002,Hegarmanah,kecamatan,yes,-6.938,107.7556,Asia/Jakarta,"BMKG representative point: Hegarmanah, Kecamatan Jatinangor",16-08-2026,KMA,Open-Meteo / KMA,14:00,2026-08-16 14:00:00,,,,,0.0,0.5518,Berawan,wmo:None
jatinangor,"Jatinangor, Sumedang",2026-08-16,32.11.15.2002,Hegarmanah,kecamatan,yes,-6.938,107.7556,Asia/Jakarta,"BMKG representative point: Hegarmanah, Kecamatan Jatinangor",16-08-2026,KMA,Open-Meteo / KMA,15:00,2026-08-16 15:00:00,,,,,0.0,0.5518,Berawan,wmo:None
jatinangor,"Jatinangor, Sumedang",2026-08-16,32.11.15.2002,Hegarmanah,kecamatan,yes,-6.938,107.7556,Asia/Jakarta,"BMKG representative point: Hegarmanah, Kecamatan Jatinangor",16-08-2026,KMA,Open-Meteo / KMA,16:00,2026-08-16 16:00:00,,,,,0.0,0.5518,Berawan,wmo:None
jatinangor,"Jatinangor, Sumedang",2026-08-16,32.11.15.2002,Hegarmanah,kecamatan,yes,-6.938,107.7556,Asia/Jakarta,"BMKG representative point: Hegarmanah, Kecamatan Jatinangor",16-08-2026,KMA,Open-Meteo / KMA,17:00,2026-08-16 17:00:00,,,,,0.0,0.5518,Berawan,wmo:None
jatinangor,"Jatinangor, Sumedang",2026-08-16,32.11.15.2002,Hegarmanah,kecamatan,yes,-6.938,107.7556,Asia/Jakarta,"BMKG representative point: Hegarmanah, Kecamatan Jatinangor",16-08-2026,KMA,Open-Meteo / KMA,18:00,2026-08-16 18:00:00,,,,,0.0,0.5518,Berawan,wmo:None
jatinangor,"Jatinangor, Sumedang",2026-08-16,32.11.15.2002,Hegarmanah,kecamatan,yes,-6.938,107.7556,Asia/Jakarta,"BMKG representative point: Hegarmanah, Kecamatan Jatinangor",16-08-2026,KMA,Open-Meteo / KMA,19:00,2026-08-16 19:00:00,,,,,0.0,0.5518,Berawan,wmo:None
jatinangor,"Jatinangor, Sumedang",2026-08-16,32.11.15.2002,Hegarmanah,kecamatan,yes,-6.938,107.7556,Asia/Jakarta,"BMKG representative point: Hegarmanah, Kecamatan Jatinangor",16-08-2026,KMA,Open-Meteo / KMA,20:00,2026-08-16 20:00:00,,,,,0.0,0.5518,Berawan,wmo:None
jatinangor,"Jatinangor, Sumedang",2026-08-16,32.11.15.2002,Hegarmanah,kecamatan,yes,-6.938,107.7556,Asia/Jakarta,"BMKG representative point: Hegarmanah, Kecamatan Jatinangor",16-08-2026,KMA,Open-Meteo / KMA,21:00,2026-08-16 21:00:00,,,,,0.0,0.5518,Berawan,wmo:None
jatinangor,"Jatinangor, Sumedang",2026-08-16,32.11.15.2002,Hegarmanah,kecamatan,yes,-6.938,107.7556,Asia/Jakarta,"BMKG representative point: Hegarmanah, Kecamatan Jatinangor",16-08-2026,KMA,Open-Meteo / KMA,22:00,2026-08-16 22:00:00,,,,,0.0,0.5518,Berawan,wmo:None
jatinangor,"Jatinangor, Sumedang",2026-08-16,32.11.15.2002,Hegarmanah,kecamatan,yes,-6.938,107.7556,Asia/Jakarta,"BMKG representative point: Hegarmanah, Kecamatan Jatinangor",16-08-2026,KMA,Open-Meteo / KMA,23:00,2026-08-16 23:00:00,,,,,0.0,0.5518,Berawan,wmo:None
jatinangor,"Jatinangor, Sumedang",2026-08-16,32.11.15.2002,Hegarmanah,kecamatan,yes,-6.938,107.7556,Asia/Jakarta,"BMKG representative point: Hegarmanah, Kecamatan Jatinangor",16-08-2026,METEOFRANCE,Open-Meteo / Meteo-France,00:00,2026-08-16 00:00:00,25.8,88.0,0.0,2.3,0.0,1.4723,Berawan,wmo:3
jatinangor,"Jatinangor, Sumedang",2026-08-16,32.11.15.2002,Hegarmanah,kecamatan,yes,-6.938,107.7556,Asia/Jakarta,"BMKG representative point: Hegarmanah, Kecamatan Jatinangor",16-08-2026,METEOFRANCE,Open-Meteo / Meteo-France,01:00,2026-08-16 01:00:00,25.2,91.0,0.0,1.5,0.0,1.4723,Berawan,wmo:3
jatinangor,"Jatinangor, Sumedang",2026-08-16,32.11.15.2002,Hegarmanah,kecamatan,yes,-6.938,107.7556,Asia/Jakarta,"BMKG representative point: Hegarmanah, Kecamatan Jatinangor",16-08-2026,METEOFRANCE,Open-Meteo / Meteo-France,02:00,2026-08-16 02:00:00,24.7,93.0,0.0,1.8,0.0,1.4723,Berawan,wmo:3
jatinangor,"Jatinangor, Sumedang",2026-08-16,32.11.15.2002,Hegarmanah,kecamatan,yes,-6.938,107.7556,Asia/Jakarta,"BMKG representative point: Hegarmanah, Kecamatan Jatinangor",16-08-2026,METEOFRANCE,Open-Meteo / Meteo-France,03:00,2026-08-16 03:00:00,24.5,94.0,0.0,1.8,0.0,1.4723,Berawan,wmo:3
jatinangor,"Jatinangor, Sumedang",2026-08-16,32.11.15.2002,Hegarmanah,kecamatan,yes,-6.938,107.7556,Asia/Jakarta,"BMKG representative point: Hegarmanah, Kecamatan Jatinangor",16-08-2026,METEOFRANCE,Open-Meteo / Meteo-France,04:00,2026-08-16 04:00:00,24.2,94.0,0.0,2.2,0.0,1.4723,Berawan,wmo:3
jatinangor,"Jatinangor, Sumedang",2026-08-16,32.11.15.2002,Hegarmanah,kecamatan,yes,-6.938,107.7556,Asia/Jakarta,"BMKG representative point: Hegarmanah, Kecamatan Jatinangor",16-08-2026,METEOFRANCE,Open-Meteo / Meteo-France,05:00,2026-08-16 05:00:00,24.0,95.0,0.0,2.7,0.0,1.4723,Berawan,wmo:3
jatinangor,"Jatinangor, Sumedang",2026-08-16,32.11.15.2002,Hegarmanah,kecamatan,yes,-6.938,107.7556,Asia/Jakarta,"BMKG representative point: Hegarmanah, Kecamatan Jatinangor",16-08-2026,METEOFRANCE,Open-Meteo / Meteo-France,06:00,2026-08-16 06:00:00,23.9,94.0,0.0,2.7,0.0,1.4723,Berawan,wmo:3
jatinangor,"Jatinangor, Sumedang",2026-08-16,32.11.15.2002,Hegarmanah,kecamatan,yes,-6.938,107.7556,Asia/Jakarta,"BMKG representative point: Hegarmanah, Kecamatan Jatinangor",16-08-2026,METEOFRANCE,Open-Meteo / Meteo-France,07:00,2026-08-16 07:00:00,24.6,91.0,0.0,2.3,0.0,1.4723,Berawan,wmo:3
jatinangor,"Jatinangor, Sumedang",2026-08-16,32.11.15.2002,Hegarmanah,kecamatan,yes,-6.938,107.7556,Asia/Jakarta,"BMKG representative point: Hegarmanah, Kecamatan Jatinangor",16-08-2026,METEOFRANCE,Open-Meteo / Meteo-France,08:00,2026-08-16 08:00:00,26.6,78.0,0.0,0.8,0.0,1.4723,Berawan,wmo:3
jatinangor,"Jatinangor, Sumedang",2026-08-16,32.11.15.2002,Hegarmanah,kecamatan,yes,-6.938,107.7556,Asia/Jakarta,"BMKG representative point: Hegarmanah, Kecamatan Jatinangor",16-08-2026,METEOFRANCE,Open-Meteo / Meteo-France,09:00,2026-08-16 09:00:00,28.3,67.0,0.0,4.0,0.0,1.4723,Cerah Berawan,wmo:2
jatinangor,"Jatinangor, Sumedang",2026-08-16,32.11.15.2002,Hegarmanah,kecamatan,yes,-6.938,107.7556,Asia/Jakarta,"BMKG representative point: Hegarmanah, Kecamatan Jatinangor",16-08-2026,METEOFRANCE,Open-Meteo / Meteo-France,10:00,2026-08-16 10:00:00,29.9,61.0,0.0,5.3,0.0,1.4723,Cerah Berawan,wmo:2
jatinangor,"Jatinangor, Sumedang",2026-08-16,32.11.15.2002,Hegarmanah,kecamatan,yes,-6.938,107.7556,Asia/Jakarta,"BMKG representative point: Hegarmanah, Kecamatan Jatinangor",16-08-2026,METEOFRANCE,Open-Meteo / Meteo-France,11:00,2026-08-16 11:00:00,31.6,55.0,0.0,6.6,0.0,1.4723,Cerah Berawan,wmo:2
jatinangor,"Jatinangor, Sumedang",2026-08-16,32.11.15.2002,Hegarmanah,kecamatan,yes,-6.938,107.7556,Asia/Jakarta,"BMKG representative point: Hegarmanah, Kecamatan Jatinangor",16-08-2026,METEOFRANCE,Open-Meteo / Meteo-France,12:00,2026-08-16 12:00:00,33.1,49.0,0.0,8.5,0.0,1.4723,Cerah Berawan,wmo:2
jatinangor,"Jatinangor, Sumedang",2026-08-16,32.11.15.2002,Hegarmanah,kecamatan,yes,-6.938,107.7556,Asia/Jakarta,"BMKG representative point: Hegarmanah, Kecamatan Jatinangor",16-08-2026,METEOFRANCE,Open-Meteo / Meteo-France,13:00,2026-08-16 13:00:00,34.0,46.0,0.0,10.0,0.0,1.4723,Cerah Berawan,wmo:2
jatinangor,"Jatinangor, Sumedang",2026-08-16,32.11.15.2002,Hegarmanah,kecamatan,yes,-6.938,107.7556,Asia/Jakarta,"BMKG representative point: Hegarmanah, Kecamatan Jatinangor",16-08-2026,METEOFRANCE,Open-Meteo / Meteo-France,14:00,2026-08-16 14:00:00,33.6,47.0,0.0,10.5,0.0,1.4723,Berawan,wmo:3
jatinangor,"Jatinangor, Sumedang",2026-08-16,32.11.15.2002,Hegarmanah,kecamatan,yes,-6.938,107.7556,Asia/Jakarta,"BMKG representative point: Hegarmanah, Kecamatan Jatinangor",16-08-2026,METEOFRANCE,Open-Meteo / Meteo-France,15:00,2026-08-16 15:00:00,32.1,55.0,0.1,8.7,0.0,1.4723,Hujan Ringan,wmo:51
jatinangor,"Jatinangor, Sumedang",2026-08-16,32.11.15.2002,Hegarmanah,kecamatan,yes,-6.938,107.7556,Asia/Jakarta,"BMKG representative point: Hegarmanah, Kecamatan Jatinangor",16-08-2026,METEOFRANCE,Open-Meteo / Meteo-France,16:00,2026-08-16 16:00:00,30.6,62.0,0.5,6.5,0.0,1.4723,Hujan Ringan,wmo:53
jatinangor,"Jatinangor, Sumedang",2026-08-16,32.11.15.2002,Hegarmanah,kecamatan,yes,-6.938,107.7556,Asia/Jakarta,"BMKG representative point: Hegarmanah, Kecamatan Jatinangor",16-08-2026,METEOFRANCE,Open-Meteo / Meteo-France,17:00,2026-08-16 17:00:00,29.4,69.0,0.8,4.7,0.0,1.4723,Hujan Ringan,wmo:53
jatinangor,"Jatinangor, Sumedang",2026-08-16,32.11.15.2002,Hegarmanah,kecamatan,yes,-6.938,107.7556,Asia/Jakarta,"BMKG representative point: Hegarmanah, Kecamatan Jatinangor",16-08-2026,METEOFRANCE,Open-Meteo / Meteo-France,18:00,2026-08-16 18:00:00,28.3,78.0,1.3,3.5,0.0,1.4723,Hujan Ringan,wmo:80
jatinangor,"Jatinangor, Sumedang",2026-08-16,32.11.15.2002,Hegarmanah,kecamatan,yes,-6.938,107.7556,Asia/Jakarta,"BMKG representative point: Hegarmanah, Kecamatan Jatinangor",16-08-2026,METEOFRANCE,Open-Meteo / Meteo-France,19:00,2026-08-16 19:00:00,27.5,82.0,1.3,3.9,0.0,1.4723,Hujan Ringan,wmo:80
jatinangor,"Jatinangor, Sumedang",2026-08-16,32.11.15.2002,Hegarmanah,kecamatan,yes,-6.938,107.7556,Asia/Jakarta,"BMKG representative point: Hegarmanah, Kecamatan Jatinangor",16-08-2026,METEOFRANCE,Open-Meteo / Meteo-France,20:00,2026-08-16 20:00:00,26.9,87.0,1.0,3.2,0.0,1.4723,Hujan Ringan,wmo:55
jatinangor,"Jatinangor, Sumedang",2026-08-16,32.11.15.2002,Hegarmanah,kecamatan,yes,-6.938,107.7556,Asia/Jakarta,"BMKG representative point: Hegarmanah, Kecamatan Jatinangor",16-08-2026,METEOFRANCE,Open-Meteo / Meteo-France,21:00,2026-08-16 21:00:00,26.4,90.0,0.5,2.2,0.0,1.4723,Hujan Ringan,wmo:53
jatinangor,"Jatinangor, Sumedang",2026-08-16,32.11.15.2002,Hegarmanah,kecamatan,yes,-6.938,107.7556,Asia/Jakarta,"BMKG representative point: Hegarmanah, Kecamatan Jatinangor",16-08-2026,METEOFRANCE,Open-Meteo / Meteo-France,22:00,2026-08-16 22:00:00,26.3,93.0,0.2,0.4,0.0,1.4723,Hujan Ringan,wmo:51
jatinangor,"Jatinangor, Sumedang",2026-08-16,32.11.15.2002,Hegarmanah,kecamatan,yes,-6.938,107.7556,Asia/Jakarta,"BMKG representative point: Hegarmanah, Kecamatan Jatinangor",16-08-2026,METEOFRANCE,Open-Meteo / Meteo-France,23:00,2026-08-16 23:00:00,26.3,93.0,0.0,2.1,0.0,1.4723,Berawan,wmo:3
jatinangor,"Jatinangor, Sumedang",2026-08-16,32.11.15.2002,Hegarmanah,kecamatan,yes,-6.938,107.7556,Asia/Jakarta,"BMKG representative point: Hegarmanah, Kecamatan Jatinangor",16-08-2026,METNO,MET Norway,00:00,2026-08-16 00:00:00,20.0,96.3,0.0,4.32,0.0,1.3769,Berawan,fog
jatinangor,"Jatinangor, Sumedang",2026-08-16,32.11.15.2002,Hegarmanah,kecamatan,yes,-6.938,107.7556,Asia/Jakarta,"BMKG representative point: Hegarmanah, Kecamatan Jatinangor",16-08-2026,METNO,MET Norway,01:00,2026-08-16 01:00:00,19.7,98.3,0.0,5.76,0.0,1.3769,Berawan,fog
jatinangor,"Jatinangor, Sumedang",2026-08-16,32.11.15.2002,Hegarmanah,kecamatan,yes,-6.938,107.7556,Asia/Jakarta,"BMKG representative point: Hegarmanah, Kecamatan Jatinangor",16-08-2026,METNO,MET Norway,02:00,2026-08-16 02:00:00,19.3,99.4,0.0,6.48,0.0,1.3769,Berawan,fog
jatinangor,"Jatinangor, Sumedang",2026-08-16,32.11.15.2002,Hegarmanah,kecamatan,yes,-6.938,107.7556,Asia/Jakarta,"BMKG representative point: Hegarmanah, Kecamatan Jatinangor",16-08-2026,METNO,MET Norway,03:00,2026-08-16 03:00:00,18.8,99.2,0.0,6.48,0.0,1.3769,Berawan,fog
jatinangor,"Jatinangor, Sumedang",2026-08-16,32.11.15.2002,Hegarmanah,kecamatan,yes,-6.938,107.7556,Asia/Jakarta,"BMKG representative point: Hegarmanah, Kecamatan Jatinangor",16-08-2026,METNO,MET Norway,04:00,2026-08-16 04:00:00,18.2,99.6,0.0,5.04,0.0,1.3769,Berawan,fog
jatinangor,"Jatinangor, Sumedang",2026-08-16,32.11.15.2002,Hegarmanah,kecamatan,yes,-6.938,107.7556,Asia/Jakarta,"BMKG representative point: Hegarmanah, Kecamatan Jatinangor",16-08-2026,METNO,MET Norway,05:00,2026-08-16 05:00:00,17.6,99.8,0.0,5.4,0.0,1.3769,Berawan,fog
jatinangor,"Jatinangor, Sumedang",2026-08-16,32.11.15.2002,Hegarmanah,kecamatan,yes,-6.938,107.7556,Asia/Jakarta,"BMKG representative point: Hegarmanah, Kecamatan Jatinangor",16-08-2026,METNO,MET Norway,06:00,2026-08-16 06:00:00,17.5,99.4,0.0,5.04,0.0,1.3769,Berawan,fog
jatinangor,"Jatinangor, Sumedang",2026-08-16,32.11.15.2002,Hegarmanah,kecamatan,yes,-6.938,107.7556,Asia/Jakarta,"BMKG representative point: Hegarmanah, Kecamatan Jatinangor",16-08-2026,METNO,MET Norway,07:00,2026-08-16 07:00:00,18.9,98.6,0.0,4.32,0.0,1.3769,Berawan,fog
jatinangor,"Jatinangor, Sumedang",2026-08-16,32.11.15.2002,Hegarmanah,kecamatan,yes,-6.938,107.7556,Asia/Jakarta,"BMKG representative point: Hegarmanah, Kecamatan Jatinangor",16-08-2026,METNO,MET Norway,08:00,2026-08-16 08:00:00,22.7,83.0,0.0,3.96,0.0,1.3769,Cerah Berawan,partlycloudy_day
jatinangor,"Jatinangor, Sumedang",2026-08-16,32.11.15.2002,Hegarmanah,kecamatan,yes,-6.938,107.7556,Asia/Jakarta,"BMKG representative point: Hegarmanah, Kecamatan Jatinangor",16-08-2026,METNO,MET Norway,09:00,2026-08-16 09:00:00,25.3,69.4,0.0,5.04,0.0,1.3769,Cerah Berawan,partlycloudy_day
jatinangor,"Jatinangor, Sumedang",2026-08-16,32.11.15.2002,Hegarmanah,kecamatan,yes,-6.938,107.7556,Asia/Jakarta,"BMKG representative point: Hegarmanah, Kecamatan Jatinangor",16-08-2026,METNO,MET Norway,10:00,2026-08-16 10:00:00,27.2,60.5,0.1,6.12,0.0,1.3769,Hujan Ringan,lightrainshowers_day
jatinangor,"Jatinangor, Sumedang",2026-08-16,32.11.15.2002,Hegarmanah,kecamatan,yes,-6.938,107.7556,Asia/Jakarta,"BMKG representative point: Hegarmanah, Kecamatan Jatinangor",16-08-2026,METNO,MET Norway,11:00,2026-08-16 11:00:00,28.5,53.6,0.4,8.28,0.0,1.3769,Hujan Ringan,rain
jatinangor,"Jatinangor, Sumedang",2026-08-16,32.11.15.2002,Hegarmanah,kecamatan,yes,-6.938,107.7556,Asia/Jakarta,"BMKG representative point: Hegarmanah, Kecamatan Jatinangor",16-08-2026,METNO,MET Norway,12:00,2026-08-16 12:00:00,29.3,50.0,0.4,8.28,0.0,1.3769,Hujan Ringan,rain
jatinangor,"Jatinangor, Sumedang",2026-08-16,32.11.15.2002,Hegarmanah,kecamatan,yes,-6.938,107.7556,Asia/Jakarta,"BMKG representative point: Hegarmanah, Kecamatan Jatinangor",16-08-2026,METNO,MET Norway,13:00,2026-08-16 13:00:00,28.9,53.3,0.6,7.56,0.0,1.3769,Hujan Ringan,rainshowers_day
jatinangor,"Jatinangor, Sumedang",2026-08-16,32.11.15.2002,Hegarmanah,kecamatan,yes,-6.938,107.7556,Asia/Jakarta,"BMKG representative point: Hegarmanah, Kecamatan Jatinangor",16-08-2026,METNO,MET Norway,14:00,2026-08-16 14:00:00,28.4,56.2,0.6,8.28,0.0,1.3769,Hujan Ringan,rainshowers_day
jatinangor,"Jatinangor, Sumedang",2026-08-16,32.11.15.2002,Hegarmanah,kecamatan,yes,-6.938,107.7556,Asia/Jakarta,"BMKG representative point: Hegarmanah, Kecamatan Jatinangor",16-08-2026,METNO,MET Norway,15:00,2026-08-16 15:00:00,28.1,58.8,0.5,7.92,0.0,1.3769,Hujan Ringan,rainshowers_day
jatinangor,"Jatinangor, Sumedang",2026-08-16,32.11.15.2002,Hegarmanah,kecamatan,yes,-6.938,107.7556,Asia/Jakarta,"BMKG representative point: Hegarmanah, Kecamatan Jatinangor",16-08-2026,METNO,MET Norway,16:00,2026-08-16 16:00:00,27.0,64.8,0.2,8.28,0.0,1.3769,Hujan Ringan,lightrainshowers_day
jatinangor,"Jatinangor, Sumedang",2026-08-16,32.11.15.2002,Hegarmanah,kecamatan,yes,-6.938,107.7556,Asia/Jakarta,"BMKG representative point: Hegarmanah, Kecamatan Jatinangor",16-08-2026,METNO,MET Norway,17:00,2026-08-16 17:00:00,25.0,74.4,0.1,6.12,0.0,1.3769,Hujan Ringan,lightrainshowers_day
jatinangor,"Jatinangor, Sumedang",2026-08-16,32.11.15.2002,Hegarmanah,kecamatan,yes,-6.938,107.7556,Asia/Jakarta,"BMKG representative point: Hegarmanah, Kecamatan Jatinangor",16-08-2026,METNO,MET Norway,18:00,2026-08-16 18:00:00,23.1,86.9,0.0,6.84,0.0,1.3769,Cerah Berawan,fair_night
jatinangor,"Jatinangor, Sumedang",2026-08-16,32.11.15.2002,Hegarmanah,kecamatan,yes,-6.938,107.7556,Asia/Jakarta,"BMKG representative point: Hegarmanah, Kecamatan Jatinangor",16-08-2026,METNO,MET Norway,19:00,2026-08-16 19:00:00,22.4,91.8,0.0,5.4,0.0,1.3769,Cerah,clearsky_night
jatinangor,"Jatinangor, Sumedang",2026-08-16,32.11.15.2002,Hegarmanah,kecamatan,yes,-6.938,107.7556,Asia/Jakarta,"BMKG representative point: Hegarmanah, Kecamatan Jatinangor",16-08-2026,METNO,MET Norway,20:00,2026-08-16 20:00:00,21.9,93.4,0.0,2.52,0.0,1.3769,Cerah Berawan,fair_night
jatinangor,"Jatinangor, Sumedang",2026-08-16,32.11.15.2002,Hegarmanah,kecamatan,yes,-6.938,107.7556,Asia/Jakarta,"BMKG representative point: Hegarmanah, Kecamatan Jatinangor",16-08-2026,METNO,MET Norway,21:00,2026-08-16 21:00:00,21.7,93.3,0.0,2.88,0.0,1.3769,Cerah,clearsky_night
jatinangor,"Jatinangor, Sumedang",2026-08-16,32.11.15.2002,Hegarmanah,kecamatan,yes,-6.938,107.7556,Asia/Jakarta,"BMKG representative point: Hegarmanah, Kecamatan Jatinangor",16-08-2026,METNO,MET Norway,22:00,2026-08-16 22:00:00,21.2,94.0,0.0,4.32,0.0,1.3769,Cerah,clearsky_night
jatinangor,"Jatinangor, Sumedang",2026-08-16,32.11.15.2002,Hegarmanah,kecamatan,yes,-6.938,107.7556,Asia/Jakarta,"BMKG representative point: Hegarmanah, Kecamatan Jatinangor",16-08-2026,METNO,MET Norway,23:00,2026-08-16 23:00:00,20.4,96.1,0.0,4.32,0.0,1.3769,Cerah,clearsky_night
jatinangor,"Jatinangor, Sumedang",2026-08-16,32.11.15.2002,Hegarmanah,kecamatan,yes,-6.938,107.7556,Asia/Jakarta,"BMKG representative point: Hegarmanah, Kecamatan Jatinangor",16-08-2026,UKMO,Open-Meteo / UK Met Office,00:00,2026-08-16 00:00:00,18.1,100,0.0,2.9,0.0,1.3253,Cerah,wmo:0
jatinangor,"Jatinangor, Sumedang",2026-08-16,32.11.15.2002,Hegarmanah,kecamatan,yes,-6.938,107.7556,Asia/Jakarta,"BMKG representative point: Hegarmanah, Kecamatan Jatinangor",16-08-2026,UKMO,Open-Meteo / UK Met Office,01:00,2026-08-16 01:00:00,17.2,99.0,0.0,1.4,0.0,1.3253,Cerah,wmo:0
jatinangor,"Jatinangor, Sumedang",2026-08-16,32.11.15.2002,Hegarmanah,kecamatan,yes,-6.938,107.7556,Asia/Jakarta,"BMKG representative point: Hegarmanah, Kecamatan Jatinangor",16-08-2026,UKMO,Open-Meteo / UK Met Office,02:00,2026-08-16 02:00:00,17.1,99.0,0.0,1.4,0.0,1.3253,Cerah,wmo:0
jatinangor,"Jatinangor, Sumedang",2026-08-16,32.11.15.2002,Hegarmanah,kecamatan,yes,-6.938,107.7556,Asia/Jakarta,"BMKG representative point: Hegarmanah, Kecamatan Jatinangor",16-08-2026,UKMO,Open-Meteo / UK Met Office,03:00,2026-08-16 03:00:00,16.7,99.0,0.0,1.8,0.0,1.3253,Berawan,wmo:3
jatinangor,"Jatinangor, Sumedang",2026-08-16,32.11.15.2002,Hegarmanah,kecamatan,yes,-6.938,107.7556,Asia/Jakarta,"BMKG representative point: Hegarmanah, Kecamatan Jatinangor",16-08-2026,UKMO,Open-Meteo / UK Met Office,04:00,2026-08-16 04:00:00,16.6,99.0,0.0,4.3,0.0,1.3253,Berawan,wmo:3
jatinangor,"Jatinangor, Sumedang",2026-08-16,32.11.15.2002,Hegarmanah,kecamatan,yes,-6.938,107.7556,Asia/Jakarta,"BMKG representative point: Hegarmanah, Kecamatan Jatinangor",16-08-2026,UKMO,Open-Meteo / UK Met Office,05:00,2026-08-16 05:00:00,16.0,99.0,0.0,2.9,0.0,1.3253,Berawan,wmo:3
jatinangor,"Jatinangor, Sumedang",2026-08-16,32.11.15.2002,Hegarmanah,kecamatan,yes,-6.938,107.7556,Asia/Jakarta,"BMKG representative point: Hegarmanah, Kecamatan Jatinangor",16-08-2026,UKMO,Open-Meteo / UK Met Office,06:00,2026-08-16 06:00:00,15.7,98.0,0.0,4.0,0.0,1.3253,Cerah Berawan,wmo:2
jatinangor,"Jatinangor, Sumedang",2026-08-16,32.11.15.2002,Hegarmanah,kecamatan,yes,-6.938,107.7556,Asia/Jakarta,"BMKG representative point: Hegarmanah, Kecamatan Jatinangor",16-08-2026,UKMO,Open-Meteo / UK Met Office,07:00,2026-08-16 07:00:00,19.2,91.0,0.0,5.0,0.0,1.3253,Cerah Berawan,wmo:2
jatinangor,"Jatinangor, Sumedang",2026-08-16,32.11.15.2002,Hegarmanah,kecamatan,yes,-6.938,107.7556,Asia/Jakarta,"BMKG representative point: Hegarmanah, Kecamatan Jatinangor",16-08-2026,UKMO,Open-Meteo / UK Met Office,08:00,2026-08-16 08:00:00,22.9,83.0,0.0,2.2,0.0,1.3253,Cerah,wmo:0
jatinangor,"Jatinangor, Sumedang",2026-08-16,32.11.15.2002,Hegarmanah,kecamatan,yes,-6.938,107.7556,Asia/Jakarta,"BMKG representative point: Hegarmanah, Kecamatan Jatinangor",16-08-2026,UKMO,Open-Meteo / UK Met Office,09:00,2026-08-16 09:00:00,25.1,68.0,0.0,2.2,0.0,1.3253,Cerah,wmo:0
jatinangor,"Jatinangor, Sumedang",2026-08-16,32.11.15.2002,Hegarmanah,kecamatan,yes,-6.938,107.7556,Asia/Jakarta,"BMKG representative point: Hegarmanah, Kecamatan Jatinangor",16-08-2026,UKMO,Open-Meteo / UK Met Office,10:00,2026-08-16 10:00:00,26.6,61.0,0.0,2.9,0.0,1.3253,Cerah Berawan,wmo:1
jatinangor,"Jatinangor, Sumedang",2026-08-16,32.11.15.2002,Hegarmanah,kecamatan,yes,-6.938,107.7556,Asia/Jakarta,"BMKG representative point: Hegarmanah, Kecamatan Jatinangor",16-08-2026,UKMO,Open-Meteo / UK Met Office,11:00,2026-08-16 11:00:00,28.4,49.0,0.0,3.6,0.0,1.3253,Cerah,wmo:0
jatinangor,"Jatinangor, Sumedang",2026-08-16,32.11.15.2002,Hegarmanah,kecamatan,yes,-6.938,107.7556,Asia/Jakarta,"BMKG representative point: Hegarmanah, Kecamatan Jatinangor",16-08-2026,UKMO,Open-Meteo / UK Met Office,12:00,2026-08-16 12:00:00,29.4,42.0,0.0,1.4,0.0,1.3253,Cerah Berawan,wmo:1
jatinangor,"Jatinangor, Sumedang",2026-08-16,32.11.15.2002,Hegarmanah,kecamatan,yes,-6.938,107.7556,Asia/Jakarta,"BMKG representative point: Hegarmanah, Kecamatan Jatinangor",16-08-2026,UKMO,Open-Meteo / UK Met Office,13:00,2026-08-16 13:00:00,29.5,41.0,0.0,1.8,0.0,1.3253,Cerah Berawan,wmo:1
jatinangor,"Jatinangor, Sumedang",2026-08-16,32.11.15.2002,Hegarmanah,kecamatan,yes,-6.938,107.7556,Asia/Jakarta,"BMKG representative point: Hegarmanah, Kecamatan Jatinangor",16-08-2026,UKMO,Open-Meteo / UK Met Office,14:00,2026-08-16 14:00:00,30.2,39.0,0.0,2.9,0.0,1.3253,Cerah Berawan,wmo:1
jatinangor,"Jatinangor, Sumedang",2026-08-16,32.11.15.2002,Hegarmanah,kecamatan,yes,-6.938,107.7556,Asia/Jakarta,"BMKG representative point: Hegarmanah, Kecamatan Jatinangor",16-08-2026,UKMO,Open-Meteo / UK Met Office,15:00,2026-08-16 15:00:00,29.7,42.0,0.0,5.8,0.0,1.3253,Cerah Berawan,wmo:1
jatinangor,"Jatinangor, Sumedang",2026-08-16,32.11.15.2002,Hegarmanah,kecamatan,yes,-6.938,107.7556,Asia/Jakarta,"BMKG representative point: Hegarmanah, Kecamatan Jatinangor",16-08-2026,UKMO,Open-Meteo / UK Met Office,16:00,2026-08-16 16:00:00,28.0,55.0,0.0,12.2,0.0,1.3253,Cerah Berawan,wmo:2
jatinangor,"Jatinangor, Sumedang",2026-08-16,32.11.15.2002,Hegarmanah,kecamatan,yes,-6.938,107.7556,Asia/Jakarta,"BMKG representative point: Hegarmanah, Kecamatan Jatinangor",16-08-2026,UKMO,Open-Meteo / UK Met Office,17:00,2026-08-16 17:00:00,25.5,73.0,0.0,15.5,0.0,1.3253,Cerah,wmo:0
jatinangor,"Jatinangor, Sumedang",2026-08-16,32.11.15.2002,Hegarmanah,kecamatan,yes,-6.938,107.7556,Asia/Jakarta,"BMKG representative point: Hegarmanah, Kecamatan Jatinangor",16-08-2026,UKMO,Open-Meteo / UK Met Office,18:00,2026-08-16 18:00:00,23.8,84.0,0.0,12.2,0.0,1.3253,Cerah Berawan,wmo:1
jatinangor,"Jatinangor, Sumedang",2026-08-16,32.11.15.2002,Hegarmanah,kecamatan,yes,-6.938,107.7556,Asia/Jakarta,"BMKG representative point: Hegarmanah, Kecamatan Jatinangor",16-08-2026,UKMO,Open-Meteo / UK Met Office,19:00,2026-08-16 19:00:00,23.0,90.0,0.0,9.0,0.0,1.3253,Cerah,wmo:0
jatinangor,"Jatinangor, Sumedang",2026-08-16,32.11.15.2002,Hegarmanah,kecamatan,yes,-6.938,107.7556,Asia/Jakarta,"BMKG representative point: Hegarmanah, Kecamatan Jatinangor",16-08-2026,UKMO,Open-Meteo / UK Met Office,20:00,2026-08-16 20:00:00,22.1,95.0,0.0,7.2,0.0,1.3253,Cerah Berawan,wmo:1
jatinangor,"Jatinangor, Sumedang",2026-08-16,32.11.15.2002,Hegarmanah,kecamatan,yes,-6.938,107.7556,Asia/Jakarta,"BMKG representative point: Hegarmanah, Kecamatan Jatinangor",16-08-2026,UKMO,Open-Meteo / UK Met Office,21:00,2026-08-16 21:00:00,21.9,96.0,0.0,6.8,0.0,1.3253,Cerah Berawan,wmo:2
jatinangor,"Jatinangor, Sumedang",2026-08-16,32.11.15.2002,Hegarmanah,kecamatan,yes,-6.938,107.7556,Asia/Jakarta,"BMKG representative point: Hegarmanah, Kecamatan Jatinangor",16-08-2026,UKMO,Open-Meteo / UK Met Office,22:00,2026-08-16 22:00:00,21.5,97.0,0.0,5.8,0.0,1.3253,Berawan,wmo:3
jatinangor,"Jatinangor, Sumedang",2026-08-16,32.11.15.2002,Hegarmanah,kecamatan,yes,-6.938,107.7556,Asia/Jakarta,"BMKG representative point: Hegarmanah, Kecamatan Jatinangor",16-08-2026,UKMO,Open-Meteo / UK Met Office,23:00,2026-08-16 23:00:00,20.2,99.0,0.0,3.6,0.0,1.3253,Cerah Berawan,wmo:1
jatinangor,"Jatinangor, Sumedang",2026-08-17,32.11.15.2002,Hegarmanah,kecamatan,yes,-6.938,107.7556,Asia/Jakarta,"BMKG representative point: Hegarmanah, Kecamatan Jatinangor",17-08-2026,BMKG,BMKG,00:00,2026-08-17 00:00:00,19.0,95.0,0.0,2.6,0.0,1.7872,Cerah,Cerah
jatinangor,"Jatinangor, Sumedang",2026-08-17,32.11.15.2002,Hegarmanah,kecamatan,yes,-6.938,107.7556,Asia/Jakarta,"BMKG representative point: Hegarmanah, Kecamatan Jatinangor",17-08-2026,BMKG,BMKG,01:00,2026-08-17 00:00:00,19.0,95.0,0.0,2.6,60.0,1.3404,Cerah,Cerah
jatinangor,"Jatinangor, Sumedang",2026-08-17,32.11.15.2002,Hegarmanah,kecamatan,yes,-6.938,107.7556,Asia/Jakarta,"BMKG representative point: Hegarmanah, Kecamatan Jatinangor",17-08-2026,BMKG,BMKG,02:00,2026-08-17 03:00:00,18.0,98.0,0.0,0.8,60.0,1.3404,Berawan,Berawan
jatinangor,"Jatinangor, Sumedang",2026-08-17,32.11.15.2002,Hegarmanah,kecamatan,yes,-6.938,107.7556,Asia/Jakarta,"BMKG representative point: Hegarmanah, Kecamatan Jatinangor",17-08-2026,BMKG,BMKG,03:00,2026-08-17 03:00:00,18.0,98.0,0.0,0.8,0.0,1.7872,Berawan,Berawan
jatinangor,"Jatinangor, Sumedang",2026-08-17,32.11.15.2002,Hegarmanah,kecamatan,yes,-6.938,107.7556,Asia/Jakarta,"BMKG representative point: Hegarmanah, Kecamatan Jatinangor",17-08-2026,BMKG,BMKG,04:00,2026-08-17 03:00:00,18.0,98.0,0.0,0.8,60.0,1.3404,Berawan,Berawan
jatinangor,"Jatinangor, Sumedang",2026-08-17,32.11.15.2002,Hegarmanah,kecamatan,yes,-6.938,107.7556,Asia/Jakarta,"BMKG representative point: Hegarmanah, Kecamatan Jatinangor",17-08-2026,BMKG,BMKG,05:00,2026-08-17 06:00:00,19.0,95.0,0.0,2.5,60.0,1.3404,Berawan,Berawan
jatinangor,"Jatinangor, Sumedang",2026-08-17,32.11.15.2002,Hegarmanah,kecamatan,yes,-6.938,107.7556,Asia/Jakarta,"BMKG representative point: Hegarmanah, Kecamatan Jatinangor",17-08-2026,BMKG,BMKG,06:00,2026-08-17 06:00:00,19.0,95.0,0.0,2.5,0.0,1.7872,Berawan,Berawan
jatinangor,"Jatinangor, Sumedang",2026-08-17,32.11.15.2002,Hegarmanah,kecamatan,yes,-6.938,107.7556,Asia/Jakarta,"BMKG representative point: Hegarmanah, Kecamatan Jatinangor",17-08-2026,BMKG,BMKG,07:00,2026-08-17 06:00:00,19.0,95.0,0.0,2.5,60.0,1.3404,Berawan,Berawan
jatinangor,"Jatinangor, Sumedang",2026-08-17,32.11.15.2002,Hegarmanah,kecamatan,yes,-6.938,107.7556,Asia/Jakarta,"BMKG representative point: Hegarmanah, Kecamatan Jatinangor",17-08-2026,BMKG,BMKG,08:00,2026-08-17 09:00:00,26.0,59.0,0.0,2.5,60.0,1.3404,Cerah,Cerah
jatinangor,"Jatinangor, Sumedang",2026-08-17,32.11.15.2002,Hegarmanah,kecamatan,yes,-6.938,107.7556,Asia/Jakarta,"BMKG representative point: Hegarmanah, Kecamatan Jatinangor",17-08-2026,BMKG,BMKG,09:00,2026-08-17 09:00:00,26.0,59.0,0.0,2.5,0.0,1.7872,Cerah,Cerah
jatinangor,"Jatinangor, Sumedang",2026-08-17,32.11.15.2002,Hegarmanah,kecamatan,yes,-6.938,107.7556,Asia/Jakarta,"BMKG representative point: Hegarmanah, Kecamatan Jatinangor",17-08-2026,BMKG,BMKG,10:00,2026-08-17 09:00:00,26.0,59.0,0.0,2.5,60.0,1.3404,Cerah,Cerah
jatinangor,"Jatinangor, Sumedang",2026-08-17,32.11.15.2002,Hegarmanah,kecamatan,yes,-6.938,107.7556,Asia/Jakarta,"BMKG representative point: Hegarmanah, Kecamatan Jatinangor",17-08-2026,BMKG,BMKG,11:00,2026-08-17 12:00:00,28.0,51.0,0.0,4.1,60.0,1.3404,Cerah,Cerah
jatinangor,"Jatinangor, Sumedang",2026-08-17,32.11.15.2002,Hegarmanah,kecamatan,yes,-6.938,107.7556,Asia/Jakarta,"BMKG representative point: Hegarmanah, Kecamatan Jatinangor",17-08-2026,BMKG,BMKG,12:00,2026-08-17 12:00:00,28.0,51.0,0.0,4.1,0.0,1.7872,Cerah,Cerah
jatinangor,"Jatinangor, Sumedang",2026-08-17,32.11.15.2002,Hegarmanah,kecamatan,yes,-6.938,107.7556,Asia/Jakarta,"BMKG representative point: Hegarmanah, Kecamatan Jatinangor",17-08-2026,BMKG,BMKG,13:00,2026-08-17 12:00:00,28.0,51.0,0.0,4.1,60.0,1.3404,Cerah,Cerah
jatinangor,"Jatinangor, Sumedang",2026-08-17,32.11.15.2002,Hegarmanah,kecamatan,yes,-6.938,107.7556,Asia/Jakarta,"BMKG representative point: Hegarmanah, Kecamatan Jatinangor",17-08-2026,BMKG,BMKG,14:00,2026-08-17 15:00:00,26.0,60.0,0.0,4.1,60.0,1.3404,Cerah,Cerah
jatinangor,"Jatinangor, Sumedang",2026-08-17,32.11.15.2002,Hegarmanah,kecamatan,yes,-6.938,107.7556,Asia/Jakarta,"BMKG representative point: Hegarmanah, Kecamatan Jatinangor",17-08-2026,BMKG,BMKG,15:00,2026-08-17 15:00:00,26.0,60.0,0.0,4.1,0.0,1.7872,Cerah,Cerah
jatinangor,"Jatinangor, Sumedang",2026-08-17,32.11.15.2002,Hegarmanah,kecamatan,yes,-6.938,107.7556,Asia/Jakarta,"BMKG representative point: Hegarmanah, Kecamatan Jatinangor",17-08-2026,BMKG,BMKG,16:00,2026-08-17 15:00:00,26.0,60.0,0.0,4.1,60.0,1.3404,Cerah,Cerah
jatinangor,"Jatinangor, Sumedang",2026-08-17,32.11.15.2002,Hegarmanah,kecamatan,yes,-6.938,107.7556,Asia/Jakarta,"BMKG representative point: Hegarmanah, Kecamatan Jatinangor",17-08-2026,BMKG,BMKG,17:00,2026-08-17 18:00:00,22.0,83.0,0.0,2.7,60.0,1.3404,Cerah,Cerah
jatinangor,"Jatinangor, Sumedang",2026-08-17,32.11.15.2002,Hegarmanah,kecamatan,yes,-6.938,107.7556,Asia/Jakarta,"BMKG representative point: Hegarmanah, Kecamatan Jatinangor",17-08-2026,BMKG,BMKG,18:00,2026-08-17 18:00:00,22.0,83.0,0.0,2.7,0.0,1.7872,Cerah,Cerah
jatinangor,"Jatinangor, Sumedang",2026-08-17,32.11.15.2002,Hegarmanah,kecamatan,yes,-6.938,107.7556,Asia/Jakarta,"BMKG representative point: Hegarmanah, Kecamatan Jatinangor",17-08-2026,BMKG,BMKG,19:00,2026-08-17 18:00:00,22.0,83.0,0.0,2.7,60.0,1.3404,Cerah,Cerah
jatinangor,"Jatinangor, Sumedang",2026-08-17,32.11.15.2002,Hegarmanah,kecamatan,yes,-6.938,107.7556,Asia/Jakarta,"BMKG representative point: Hegarmanah, Kecamatan Jatinangor",17-08-2026,BMKG,BMKG,20:00,2026-08-17 21:00:00,20.0,92.0,0.0,2.7,60.0,1.3404,Cerah Berawan,Cerah Berawan
jatinangor,"Jatinangor, Sumedang",2026-08-17,32.11.15.2002,Hegarmanah,kecamatan,yes,-6.938,107.7556,Asia/Jakarta,"BMKG representative point: Hegarmanah, Kecamatan Jatinangor",17-08-2026,BMKG,BMKG,21:00,2026-08-17 21:00:00,20.0,92.0,0.0,2.7,0.0,1.7872,Cerah Berawan,Cerah Berawan
jatinangor,"Jatinangor, Sumedang",2026-08-17,32.11.15.2002,Hegarmanah,kecamatan,yes,-6.938,107.7556,Asia/Jakarta,"BMKG representative point: Hegarmanah, Kecamatan Jatinangor",17-08-2026,BMKG,BMKG,22:00,2026-08-17 21:00:00,20.0,92.0,0.0,2.7,60.0,1.3404,Cerah Berawan,Cerah Berawan
jatinangor,"Jatinangor, Sumedang",2026-08-17,32.11.15.2002,Hegarmanah,kecamatan,yes,-6.938,107.7556,Asia/Jakarta,"BMKG representative point: Hegarmanah, Kecamatan Jatinangor",17-08-2026,BMKG,BMKG,23:00,2026-08-17 21:00:00,20.0,92.0,0.0,2.7,120.0,0.983,Cerah Berawan,Cerah Berawan
jatinangor,"Jatinangor, Sumedang",2026-08-17,32.11.15.2002,Hegarmanah,kecamatan,yes,-6.938,107.7556,Asia/Jakarta,"BMKG representative point: Hegarmanah, Kecamatan Jatinangor",17-08-2026,CMA,Open-Meteo / CMA GRAPES,00:00,2026-08-17 00:00:00,21.3,92.0,0.0,2.3,0.0,1.1465,Cerah,wmo:0
jatinangor,"Jatinangor, Sumedang",2026-08-17,32.11.15.2002,Hegarmanah,kecamatan,yes,-6.938,107.7556,Asia/Jakarta,"BMKG representative point: Hegarmanah, Kecamatan Jatinangor",17-08-2026,CMA,Open-Meteo / CMA GRAPES,01:00,2026-08-17 01:00:00,21.3,92.0,0.0,2.6,0.0,1.1465,Cerah,wmo:0
jatinangor,"Jatinangor, Sumedang",2026-08-17,32.11.15.2002,Hegarmanah,kecamatan,yes,-6.938,107.7556,Asia/Jakarta,"BMKG representative point: Hegarmanah, Kecamatan Jatinangor",17-08-2026,CMA,Open-Meteo / CMA GRAPES,02:00,2026-08-17 02:00:00,21.0,92.0,0.0,2.4,0.0,1.1465,Cerah,wmo:0
jatinangor,"Jatinangor, Sumedang",2026-08-17,32.11.15.2002,Hegarmanah,kecamatan,yes,-6.938,107.7556,Asia/Jakarta,"BMKG representative point: Hegarmanah, Kecamatan Jatinangor",17-08-2026,CMA,Open-Meteo / CMA GRAPES,03:00,2026-08-17 03:00:00,20.7,92.0,0.0,1.9,0.0,1.1465,Cerah,wmo:0
jatinangor,"Jatinangor, Sumedang",2026-08-17,32.11.15.2002,Hegarmanah,kecamatan,yes,-6.938,107.7556,Asia/Jakarta,"BMKG representative point: Hegarmanah, Kecamatan Jatinangor",17-08-2026,CMA,Open-Meteo / CMA GRAPES,04:00,2026-08-17 04:00:00,20.6,91.0,0.0,1.3,0.0,1.1465,Cerah,wmo:0
jatinangor,"Jatinangor, Sumedang",2026-08-17,32.11.15.2002,Hegarmanah,kecamatan,yes,-6.938,107.7556,Asia/Jakarta,"BMKG representative point: Hegarmanah, Kecamatan Jatinangor",17-08-2026,CMA,Open-Meteo / CMA GRAPES,05:00,2026-08-17 05:00:00,20.9,90.0,0.0,1.8,0.0,1.1465,Cerah,wmo:0
jatinangor,"Jatinangor, Sumedang",2026-08-17,32.11.15.2002,Hegarmanah,kecamatan,yes,-6.938,107.7556,Asia/Jakarta,"BMKG representative point: Hegarmanah, Kecamatan Jatinangor",17-08-2026,CMA,Open-Meteo / CMA GRAPES,06:00,2026-08-17 06:00:00,21.5,88.0,0.0,3.3,0.0,1.1465,Cerah,wmo:0
jatinangor,"Jatinangor, Sumedang",2026-08-17,32.11.15.2002,Hegarmanah,kecamatan,yes,-6.938,107.7556,Asia/Jakarta,"BMKG representative point: Hegarmanah, Kecamatan Jatinangor",17-08-2026,CMA,Open-Meteo / CMA GRAPES,07:00,2026-08-17 07:00:00,22.3,86.0,0.0,3.5,0.0,1.1465,Cerah,wmo:0
jatinangor,"Jatinangor, Sumedang",2026-08-17,32.11.15.2002,Hegarmanah,kecamatan,yes,-6.938,107.7556,Asia/Jakarta,"BMKG representative point: Hegarmanah, Kecamatan Jatinangor",17-08-2026,CMA,Open-Meteo / CMA GRAPES,08:00,2026-08-17 08:00:00,23.3,84.0,0.0,2.9,0.0,1.1465,Cerah,wmo:0
jatinangor,"Jatinangor, Sumedang",2026-08-17,32.11.15.2002,Hegarmanah,kecamatan,yes,-6.938,107.7556,Asia/Jakarta,"BMKG representative point: Hegarmanah, Kecamatan Jatinangor",17-08-2026,CMA,Open-Meteo / CMA GRAPES,09:00,2026-08-17 09:00:00,24.4,81.0,0.0,5.9,0.0,1.1465,Cerah,wmo:0
jatinangor,"Jatinangor, Sumedang",2026-08-17,32.11.15.2002,Hegarmanah,kecamatan,yes,-6.938,107.7556,Asia/Jakarta,"BMKG representative point: Hegarmanah, Kecamatan Jatinangor",17-08-2026,CMA,Open-Meteo / CMA GRAPES,10:00,2026-08-17 10:00:00,25.5,77.0,0.0,8.7,0.0,1.1465,Cerah,wmo:0
jatinangor,"Jatinangor, Sumedang",2026-08-17,32.11.15.2002,Hegarmanah,kecamatan,yes,-6.938,107.7556,Asia/Jakarta,"BMKG representative point: Hegarmanah, Kecamatan Jatinangor",17-08-2026,CMA,Open-Meteo / CMA GRAPES,11:00,2026-08-17 11:00:00,26.4,72.0,0.0,8.4,0.0,1.1465,Cerah,wmo:0
jatinangor,"Jatinangor, Sumedang",2026-08-17,32.11.15.2002,Hegarmanah,kecamatan,yes,-6.938,107.7556,Asia/Jakarta,"BMKG representative point: Hegarmanah, Kecamatan Jatinangor",17-08-2026,CMA,Open-Meteo / CMA GRAPES,12:00,2026-08-17 12:00:00,27.3,66.0,0.0,7.0,0.0,1.1465,Cerah,wmo:0
jatinangor,"Jatinangor, Sumedang",2026-08-17,32.11.15.2002,Hegarmanah,kecamatan,yes,-6.938,107.7556,Asia/Jakarta,"BMKG representative point: Hegarmanah, Kecamatan Jatinangor",17-08-2026,CMA,Open-Meteo / CMA GRAPES,13:00,2026-08-17 13:00:00,27.8,62.0,0.0,7.3,0.0,1.1465,Cerah,wmo:0
jatinangor,"Jatinangor, Sumedang",2026-08-17,32.11.15.2002,Hegarmanah,kecamatan,yes,-6.938,107.7556,Asia/Jakarta,"BMKG representative point: Hegarmanah, Kecamatan Jatinangor",17-08-2026,CMA,Open-Meteo / CMA GRAPES,14:00,2026-08-17 14:00:00,27.6,62.0,0.0,11.4,0.0,1.1465,Cerah Berawan,wmo:1
jatinangor,"Jatinangor, Sumedang",2026-08-17,32.11.15.2002,Hegarmanah,kecamatan,yes,-6.938,107.7556,Asia/Jakarta,"BMKG representative point: Hegarmanah, Kecamatan Jatinangor",17-08-2026,CMA,Open-Meteo / CMA GRAPES,15:00,2026-08-17 15:00:00,27.1,64.0,0.0,16.8,0.0,1.1465,Cerah Berawan,wmo:1
jatinangor,"Jatinangor, Sumedang",2026-08-17,32.11.15.2002,Hegarmanah,kecamatan,yes,-6.938,107.7556,Asia/Jakarta,"BMKG representative point: Hegarmanah, Kecamatan Jatinangor",17-08-2026,CMA,Open-Meteo / CMA GRAPES,16:00,2026-08-17 16:00:00,26.3,68.0,0.0,19.4,0.0,1.1465,Cerah Berawan,wmo:1
jatinangor,"Jatinangor, Sumedang",2026-08-17,32.11.15.2002,Hegarmanah,kecamatan,yes,-6.938,107.7556,Asia/Jakarta,"BMKG representative point: Hegarmanah, Kecamatan Jatinangor",17-08-2026,CMA,Open-Meteo / CMA GRAPES,17:00,2026-08-17 17:00:00,25.4,75.0,0.0,16.3,0.0,1.1465,Cerah Berawan,wmo:1
jatinangor,"Jatinangor, Sumedang",2026-08-17,32.11.15.2002,Hegarmanah,kecamatan,yes,-6.938,107.7556,Asia/Jakarta,"BMKG representative point: Hegarmanah, Kecamatan Jatinangor",17-08-2026,CMA,Open-Meteo / CMA GRAPES,18:00,2026-08-17 18:00:00,24.2,84.0,0.0,10.2,0.0,1.1465,Cerah,wmo:0
jatinangor,"Jatinangor, Sumedang",2026-08-17,32.11.15.2002,Hegarmanah,kecamatan,yes,-6.938,107.7556,Asia/Jakarta,"BMKG representative point: Hegarmanah, Kecamatan Jatinangor",17-08-2026,CMA,Open-Meteo / CMA GRAPES,19:00,2026-08-17 19:00:00,23.2,91.0,0.0,5.4,0.0,1.1465,Cerah,wmo:0
jatinangor,"Jatinangor, Sumedang",2026-08-17,32.11.15.2002,Hegarmanah,kecamatan,yes,-6.938,107.7556,Asia/Jakarta,"BMKG representative point: Hegarmanah, Kecamatan Jatinangor",17-08-2026,CMA,Open-Meteo / CMA GRAPES,20:00,2026-08-17 20:00:00,22.5,94.0,0.0,3.0,0.0,1.1465,Cerah,wmo:0
jatinangor,"Jatinangor, Sumedang",2026-08-17,32.11.15.2002,Hegarmanah,kecamatan,yes,-6.938,107.7556,Asia/Jakarta,"BMKG representative point: Hegarmanah, Kecamatan Jatinangor",17-08-2026,CMA,Open-Meteo / CMA GRAPES,21:00,2026-08-17 21:00:00,22.0,95.0,0.0,1.8,0.0,1.1465,Cerah,wmo:0
jatinangor,"Jatinangor, Sumedang",2026-08-17,32.11.15.2002,Hegarmanah,kecamatan,yes,-6.938,107.7556,Asia/Jakarta,"BMKG representative point: Hegarmanah, Kecamatan Jatinangor",17-08-2026,CMA,Open-Meteo / CMA GRAPES,22:00,2026-08-17 22:00:00,21.6,95.0,0.0,1.5,0.0,1.1465,Cerah,wmo:0
jatinangor,"Jatinangor, Sumedang",2026-08-17,32.11.15.2002,Hegarmanah,kecamatan,yes,-6.938,107.7556,Asia/Jakarta,"BMKG representative point: Hegarmanah, Kecamatan Jatinangor",17-08-2026,CMA,Open-Meteo / CMA GRAPES,23:00,2026-08-17 23:00:00,21.4,95.0,0.0,1.5,0.0,1.1465,Cerah,wmo:0
jatinangor,"Jatinangor, Sumedang",2026-08-17,32.11.15.2002,Hegarmanah,kecamatan,yes,-6.938,107.7556,Asia/Jakarta,"BMKG representative point: Hegarmanah, Kecamatan Jatinangor",17-08-2026,ECMWF,Open-Meteo / ECMWF,00:00,2026-08-17 00:00:00,21.1,92.0,0.0,1.0,0.0,1.7343,Cerah,wmo:0
jatinangor,"Jatinangor, Sumedang",2026-08-17,32.11.15.2002,Hegarmanah,kecamatan,yes,-6.938,107.7556,Asia/Jakarta,"BMKG representative point: Hegarmanah, Kecamatan Jatinangor",17-08-2026,ECMWF,Open-Meteo / ECMWF,01:00,2026-08-17 01:00:00,20.4,94.0,0.0,0.8,0.0,1.7343,Cerah,wmo:0
jatinangor,"Jatinangor, Sumedang",2026-08-17,32.11.15.2002,Hegarmanah,kecamatan,yes,-6.938,107.7556,Asia/Jakarta,"BMKG representative point: Hegarmanah, Kecamatan Jatinangor",17-08-2026,ECMWF,Open-Meteo / ECMWF,02:00,2026-08-17 02:00:00,19.9,96.0,0.0,1.5,0.0,1.7343,Cerah Berawan,wmo:1
jatinangor,"Jatinangor, Sumedang",2026-08-17,32.11.15.2002,Hegarmanah,kecamatan,yes,-6.938,107.7556,Asia/Jakarta,"BMKG representative point: Hegarmanah, Kecamatan Jatinangor",17-08-2026,ECMWF,Open-Meteo / ECMWF,03:00,2026-08-17 03:00:00,19.5,99.0,0.0,4.0,0.0,1.7343,Cerah Berawan,wmo:2
jatinangor,"Jatinangor, Sumedang",2026-08-17,32.11.15.2002,Hegarmanah,kecamatan,yes,-6.938,107.7556,Asia/Jakarta,"BMKG representative point: Hegarmanah, Kecamatan Jatinangor",17-08-2026,ECMWF,Open-Meteo / ECMWF,04:00,2026-08-17 04:00:00,19.4,99.0,0.0,5.5,0.0,1.7343,Berawan,wmo:3
jatinangor,"Jatinangor, Sumedang",2026-08-17,32.11.15.2002,Hegarmanah,kecamatan,yes,-6.938,107.7556,Asia/Jakarta,"BMKG representative point: Hegarmanah, Kecamatan Jatinangor",17-08-2026,ECMWF,Open-Meteo / ECMWF,05:00,2026-08-17 05:00:00,19.5,98.0,0.0,5.4,0.0,1.7343,Berawan,wmo:3
jatinangor,"Jatinangor, Sumedang",2026-08-17,32.11.15.2002,Hegarmanah,kecamatan,yes,-6.938,107.7556,Asia/Jakarta,"BMKG representative point: Hegarmanah, Kecamatan Jatinangor",17-08-2026,ECMWF,Open-Meteo / ECMWF,06:00,2026-08-17 06:00:00,19.8,94.0,0.0,4.1,0.0,1.7343,Berawan,wmo:3
jatinangor,"Jatinangor, Sumedang",2026-08-17,32.11.15.2002,Hegarmanah,kecamatan,yes,-6.938,107.7556,Asia/Jakarta,"BMKG representative point: Hegarmanah, Kecamatan Jatinangor",17-08-2026,ECMWF,Open-Meteo / ECMWF,07:00,2026-08-17 07:00:00,20.7,89.0,0.0,3.3,0.0,1.7343,Berawan,wmo:3
jatinangor,"Jatinangor, Sumedang",2026-08-17,32.11.15.2002,Hegarmanah,kecamatan,yes,-6.938,107.7556,Asia/Jakarta,"BMKG representative point: Hegarmanah, Kecamatan Jatinangor",17-08-2026,ECMWF,Open-Meteo / ECMWF,08:00,2026-08-17 08:00:00,22.4,80.0,0.0,2.9,0.0,1.7343,Cerah Berawan,wmo:2
jatinangor,"Jatinangor, Sumedang",2026-08-17,32.11.15.2002,Hegarmanah,kecamatan,yes,-6.938,107.7556,Asia/Jakarta,"BMKG representative point: Hegarmanah, Kecamatan Jatinangor",17-08-2026,ECMWF,Open-Meteo / ECMWF,09:00,2026-08-17 09:00:00,24.7,70.0,0.0,2.6,0.0,1.7343,Cerah Berawan,wmo:1
jatinangor,"Jatinangor, Sumedang",2026-08-17,32.11.15.2002,Hegarmanah,kecamatan,yes,-6.938,107.7556,Asia/Jakarta,"BMKG representative point: Hegarmanah, Kecamatan Jatinangor",17-08-2026,ECMWF,Open-Meteo / ECMWF,10:00,2026-08-17 10:00:00,26.9,59.0,0.0,1.6,0.0,1.7343,Cerah Berawan,wmo:1
jatinangor,"Jatinangor, Sumedang",2026-08-17,32.11.15.2002,Hegarmanah,kecamatan,yes,-6.938,107.7556,Asia/Jakarta,"BMKG representative point: Hegarmanah, Kecamatan Jatinangor",17-08-2026,ECMWF,Open-Meteo / ECMWF,11:00,2026-08-17 11:00:00,28.8,48.0,0.0,0.8,0.0,1.7343,Cerah,wmo:0
jatinangor,"Jatinangor, Sumedang",2026-08-17,32.11.15.2002,Hegarmanah,kecamatan,yes,-6.938,107.7556,Asia/Jakarta,"BMKG representative point: Hegarmanah, Kecamatan Jatinangor",17-08-2026,ECMWF,Open-Meteo / ECMWF,12:00,2026-08-17 12:00:00,30.6,37.0,0.0,4.0,0.0,1.7343,Cerah,wmo:0
jatinangor,"Jatinangor, Sumedang",2026-08-17,32.11.15.2002,Hegarmanah,kecamatan,yes,-6.938,107.7556,Asia/Jakarta,"BMKG representative point: Hegarmanah, Kecamatan Jatinangor",17-08-2026,ECMWF,Open-Meteo / ECMWF,13:00,2026-08-17 13:00:00,31.7,30.0,0.0,5.8,0.0,1.7343,Cerah,wmo:0
jatinangor,"Jatinangor, Sumedang",2026-08-17,32.11.15.2002,Hegarmanah,kecamatan,yes,-6.938,107.7556,Asia/Jakarta,"BMKG representative point: Hegarmanah, Kecamatan Jatinangor",17-08-2026,ECMWF,Open-Meteo / ECMWF,14:00,2026-08-17 14:00:00,32.0,28.0,0.0,5.8,0.0,1.7343,Cerah,wmo:0
jatinangor,"Jatinangor, Sumedang",2026-08-17,32.11.15.2002,Hegarmanah,kecamatan,yes,-6.938,107.7556,Asia/Jakarta,"BMKG representative point: Hegarmanah, Kecamatan Jatinangor",17-08-2026,ECMWF,Open-Meteo / ECMWF,15:00,2026-08-17 15:00:00,31.6,29.0,0.0,5.2,0.0,1.7343,Cerah,wmo:0
jatinangor,"Jatinangor, Sumedang",2026-08-17,32.11.15.2002,Hegarmanah,kecamatan,yes,-6.938,107.7556,Asia/Jakarta,"BMKG representative point: Hegarmanah, Kecamatan Jatinangor",17-08-2026,ECMWF,Open-Meteo / ECMWF,16:00,2026-08-17 16:00:00,30.7,33.0,0.0,5.4,0.0,1.7343,Cerah,wmo:0
jatinangor,"Jatinangor, Sumedang",2026-08-17,32.11.15.2002,Hegarmanah,kecamatan,yes,-6.938,107.7556,Asia/Jakarta,"BMKG representative point: Hegarmanah, Kecamatan Jatinangor",17-08-2026,ECMWF,Open-Meteo / ECMWF,17:00,2026-08-17 17:00:00,29.2,43.0,0.0,4.0,0.0,1.7343,Cerah,wmo:0
jatinangor,"Jatinangor, Sumedang",2026-08-17,32.11.15.2002,Hegarmanah,kecamatan,yes,-6.938,107.7556,Asia/Jakarta,"BMKG representative point: Hegarmanah, Kecamatan Jatinangor",17-08-2026,ECMWF,Open-Meteo / ECMWF,18:00,2026-08-17 18:00:00,27.1,55.0,0.0,2.2,0.0,1.7343,Cerah,wmo:0
jatinangor,"Jatinangor, Sumedang",2026-08-17,32.11.15.2002,Hegarmanah,kecamatan,yes,-6.938,107.7556,Asia/Jakarta,"BMKG representative point: Hegarmanah, Kecamatan Jatinangor",17-08-2026,ECMWF,Open-Meteo / ECMWF,19:00,2026-08-17 19:00:00,25.4,66.0,0.0,2.4,0.0,1.7343,Cerah,wmo:0
jatinangor,"Jatinangor, Sumedang",2026-08-17,32.11.15.2002,Hegarmanah,kecamatan,yes,-6.938,107.7556,Asia/Jakarta,"BMKG representative point: Hegarmanah, Kecamatan Jatinangor",17-08-2026,ECMWF,Open-Meteo / ECMWF,20:00,2026-08-17 20:00:00,24.4,72.0,0.0,3.0,0.0,1.7343,Cerah Berawan,wmo:1
jatinangor,"Jatinangor, Sumedang",2026-08-17,32.11.15.2002,Hegarmanah,kecamatan,yes,-6.938,107.7556,Asia/Jakarta,"BMKG representative point: Hegarmanah, Kecamatan Jatinangor",17-08-2026,ECMWF,Open-Meteo / ECMWF,21:00,2026-08-17 21:00:00,23.7,75.0,0.0,3.0,0.0,1.7343,Cerah Berawan,wmo:1
jatinangor,"Jatinangor, Sumedang",2026-08-17,32.11.15.2002,Hegarmanah,kecamatan,yes,-6.938,107.7556,Asia/Jakarta,"BMKG representative point: Hegarmanah, Kecamatan Jatinangor",17-08-2026,ECMWF,Open-Meteo / ECMWF,22:00,2026-08-17 22:00:00,23.1,78.0,0.0,2.9,0.0,1.7343,Cerah Berawan,wmo:1
jatinangor,"Jatinangor, Sumedang",2026-08-17,32.11.15.2002,Hegarmanah,kecamatan,yes,-6.938,107.7556,Asia/Jakarta,"BMKG representative point: Hegarmanah, Kecamatan Jatinangor",17-08-2026,ECMWF,Open-Meteo / ECMWF,23:00,2026-08-17 23:00:00,22.5,80.0,0.0,2.6,0.0,1.7343,Cerah Berawan,wmo:1
jatinangor,"Jatinangor, Sumedang",2026-08-17,32.11.15.2002,Hegarmanah,kecamatan,yes,-6.938,107.7556,Asia/Jakarta,"BMKG representative point: Hegarmanah, Kecamatan Jatinangor",17-08-2026,GFS,Open-Meteo / NOAA GFS,00:00,2026-08-17 00:00:00,19.6,92.0,0.0,1.5,0.0,1.3868,Cerah,wmo:0
jatinangor,"Jatinangor, Sumedang",2026-08-17,32.11.15.2002,Hegarmanah,kecamatan,yes,-6.938,107.7556,Asia/Jakarta,"BMKG representative point: Hegarmanah, Kecamatan Jatinangor",17-08-2026,GFS,Open-Meteo / NOAA GFS,01:00,2026-08-17 01:00:00,19.2,93.0,0.0,2.6,0.0,1.3868,Cerah,wmo:0
jatinangor,"Jatinangor, Sumedang",2026-08-17,32.11.15.2002,Hegarmanah,kecamatan,yes,-6.938,107.7556,Asia/Jakarta,"BMKG representative point: Hegarmanah, Kecamatan Jatinangor",17-08-2026,GFS,Open-Meteo / NOAA GFS,02:00,2026-08-17 02:00:00,18.8,93.0,0.0,3.5,0.0,1.3868,Cerah,wmo:0
jatinangor,"Jatinangor, Sumedang",2026-08-17,32.11.15.2002,Hegarmanah,kecamatan,yes,-6.938,107.7556,Asia/Jakarta,"BMKG representative point: Hegarmanah, Kecamatan Jatinangor",17-08-2026,GFS,Open-Meteo / NOAA GFS,03:00,2026-08-17 03:00:00,18.5,94.0,0.0,2.9,0.0,1.3868,Cerah,wmo:0
jatinangor,"Jatinangor, Sumedang",2026-08-17,32.11.15.2002,Hegarmanah,kecamatan,yes,-6.938,107.7556,Asia/Jakarta,"BMKG representative point: Hegarmanah, Kecamatan Jatinangor",17-08-2026,GFS,Open-Meteo / NOAA GFS,04:00,2026-08-17 04:00:00,18.2,94.0,0.0,3.2,0.0,1.3868,Cerah,wmo:0
jatinangor,"Jatinangor, Sumedang",2026-08-17,32.11.15.2002,Hegarmanah,kecamatan,yes,-6.938,107.7556,Asia/Jakarta,"BMKG representative point: Hegarmanah, Kecamatan Jatinangor",17-08-2026,GFS,Open-Meteo / NOAA GFS,05:00,2026-08-17 05:00:00,18.0,94.0,0.0,4.0,0.0,1.3868,Cerah,wmo:0
jatinangor,"Jatinangor, Sumedang",2026-08-17,32.11.15.2002,Hegarmanah,kecamatan,yes,-6.938,107.7556,Asia/Jakarta,"BMKG representative point: Hegarmanah, Kecamatan Jatinangor",17-08-2026,GFS,Open-Meteo / NOAA GFS,06:00,2026-08-17 06:00:00,17.7,94.0,0.0,4.0,0.0,1.3868,Cerah,wmo:0
jatinangor,"Jatinangor, Sumedang",2026-08-17,32.11.15.2002,Hegarmanah,kecamatan,yes,-6.938,107.7556,Asia/Jakarta,"BMKG representative point: Hegarmanah, Kecamatan Jatinangor",17-08-2026,GFS,Open-Meteo / NOAA GFS,07:00,2026-08-17 07:00:00,20.4,84.0,0.0,4.0,0.0,1.3868,Cerah,wmo:0
jatinangor,"Jatinangor, Sumedang",2026-08-17,32.11.15.2002,Hegarmanah,kecamatan,yes,-6.938,107.7556,Asia/Jakarta,"BMKG representative point: Hegarmanah, Kecamatan Jatinangor",17-08-2026,GFS,Open-Meteo / NOAA GFS,08:00,2026-08-17 08:00:00,24.3,67.0,0.0,3.2,0.0,1.3868,Cerah,wmo:0
jatinangor,"Jatinangor, Sumedang",2026-08-17,32.11.15.2002,Hegarmanah,kecamatan,yes,-6.938,107.7556,Asia/Jakarta,"BMKG representative point: Hegarmanah, Kecamatan Jatinangor",17-08-2026,GFS,Open-Meteo / NOAA GFS,09:00,2026-08-17 09:00:00,27.8,52.0,0.0,4.3,0.0,1.3868,Cerah,wmo:0
jatinangor,"Jatinangor, Sumedang",2026-08-17,32.11.15.2002,Hegarmanah,kecamatan,yes,-6.938,107.7556,Asia/Jakarta,"BMKG representative point: Hegarmanah, Kecamatan Jatinangor",17-08-2026,GFS,Open-Meteo / NOAA GFS,10:00,2026-08-17 10:00:00,30.1,41.0,0.0,5.9,0.0,1.3868,Cerah,wmo:0
jatinangor,"Jatinangor, Sumedang",2026-08-17,32.11.15.2002,Hegarmanah,kecamatan,yes,-6.938,107.7556,Asia/Jakarta,"BMKG representative point: Hegarmanah, Kecamatan Jatinangor",17-08-2026,GFS,Open-Meteo / NOAA GFS,11:00,2026-08-17 11:00:00,31.5,33.0,0.0,8.7,0.0,1.3868,Cerah,wmo:0
jatinangor,"Jatinangor, Sumedang",2026-08-17,32.11.15.2002,Hegarmanah,kecamatan,yes,-6.938,107.7556,Asia/Jakarta,"BMKG representative point: Hegarmanah, Kecamatan Jatinangor",17-08-2026,GFS,Open-Meteo / NOAA GFS,12:00,2026-08-17 12:00:00,32.6,30.0,0.0,11.5,0.0,1.3868,Cerah,wmo:0
jatinangor,"Jatinangor, Sumedang",2026-08-17,32.11.15.2002,Hegarmanah,kecamatan,yes,-6.938,107.7556,Asia/Jakarta,"BMKG representative point: Hegarmanah, Kecamatan Jatinangor",17-08-2026,GFS,Open-Meteo / NOAA GFS,13:00,2026-08-17 13:00:00,33.4,28.0,0.0,13.2,0.0,1.3868,Cerah,wmo:0
jatinangor,"Jatinangor, Sumedang",2026-08-17,32.11.15.2002,Hegarmanah,kecamatan,yes,-6.938,107.7556,Asia/Jakarta,"BMKG representative point: Hegarmanah, Kecamatan Jatinangor",17-08-2026,GFS,Open-Meteo / NOAA GFS,14:00,2026-08-17 14:00:00,33.7,28.0,0.0,13.3,0.0,1.3868,Cerah,wmo:0
jatinangor,"Jatinangor, Sumedang",2026-08-17,32.11.15.2002,Hegarmanah,kecamatan,yes,-6.938,107.7556,Asia/Jakarta,"BMKG representative point: Hegarmanah, Kecamatan Jatinangor",17-08-2026,GFS,Open-Meteo / NOAA GFS,15:00,2026-08-17 15:00:00,33.1,30.0,0.0,15.5,0.0,1.3868,Cerah Berawan,wmo:2
jatinangor,"Jatinangor, Sumedang",2026-08-17,32.11.15.2002,Hegarmanah,kecamatan,yes,-6.938,107.7556,Asia/Jakarta,"BMKG representative point: Hegarmanah, Kecamatan Jatinangor",17-08-2026,GFS,Open-Meteo / NOAA GFS,16:00,2026-08-17 16:00:00,29.2,47.0,0.0,17.4,0.0,1.3868,Berawan,wmo:3
jatinangor,"Jatinangor, Sumedang",2026-08-17,32.11.15.2002,Hegarmanah,kecamatan,yes,-6.938,107.7556,Asia/Jakarta,"BMKG representative point: Hegarmanah, Kecamatan Jatinangor",17-08-2026,GFS,Open-Meteo / NOAA GFS,17:00,2026-08-17 17:00:00,25.3,69.0,0.3,11.1,0.0,1.3868,Hujan Ringan,wmo:51
jatinangor,"Jatinangor, Sumedang",2026-08-17,32.11.15.2002,Hegarmanah,kecamatan,yes,-6.938,107.7556,Asia/Jakarta,"BMKG representative point: Hegarmanah, Kecamatan Jatinangor",17-08-2026,GFS,Open-Meteo / NOAA GFS,18:00,2026-08-17 18:00:00,23.1,81.0,1.0,8.6,0.0,1.3868,Hujan Ringan,wmo:55
jatinangor,"Jatinangor, Sumedang",2026-08-17,32.11.15.2002,Hegarmanah,kecamatan,yes,-6.938,107.7556,Asia/Jakarta,"BMKG representative point: Hegarmanah, Kecamatan Jatinangor",17-08-2026,GFS,Open-Meteo / NOAA GFS,19:00,2026-08-17 19:00:00,22.1,87.0,0.5,7.9,0.0,1.3868,Hujan Ringan,wmo:53
jatinangor,"Jatinangor, Sumedang",2026-08-17,32.11.15.2002,Hegarmanah,kecamatan,yes,-6.938,107.7556,Asia/Jakarta,"BMKG representative point: Hegarmanah, Kecamatan Jatinangor",17-08-2026,GFS,Open-Meteo / NOAA GFS,20:00,2026-08-17 20:00:00,21.1,92.0,0.1,6.5,0.0,1.3868,Hujan Ringan,wmo:51
jatinangor,"Jatinangor, Sumedang",2026-08-17,32.11.15.2002,Hegarmanah,kecamatan,yes,-6.938,107.7556,Asia/Jakarta,"BMKG representative point: Hegarmanah, Kecamatan Jatinangor",17-08-2026,GFS,Open-Meteo / NOAA GFS,21:00,2026-08-17 21:00:00,20.0,94.0,0.0,5.1,0.0,1.3868,Cerah,wmo:0
jatinangor,"Jatinangor, Sumedang",2026-08-17,32.11.15.2002,Hegarmanah,kecamatan,yes,-6.938,107.7556,Asia/Jakarta,"BMKG representative point: Hegarmanah, Kecamatan Jatinangor",17-08-2026,GFS,Open-Meteo / NOAA GFS,22:00,2026-08-17 22:00:00,19.5,95.0,0.0,4.4,0.0,1.3868,Cerah,wmo:0
jatinangor,"Jatinangor, Sumedang",2026-08-17,32.11.15.2002,Hegarmanah,kecamatan,yes,-6.938,107.7556,Asia/Jakarta,"BMKG representative point: Hegarmanah, Kecamatan Jatinangor",17-08-2026,GFS,Open-Meteo / NOAA GFS,23:00,2026-08-17 23:00:00,19.1,95.0,0.0,4.6,0.0,1.3868,Cerah,wmo:0
jatinangor,"Jatinangor, Sumedang",2026-08-17,32.11.15.2002,Hegarmanah,kecamatan,yes,-6.938,107.7556,Asia/Jakarta,"BMKG representative point: Hegarmanah, Kecamatan Jatinangor",17-08-2026,ICON,Open-Meteo / DWD ICON,00:00,2026-08-17 00:00:00,22.7,91.0,0.3,2.2,0.0,1.4736,Hujan Ringan,wmo:80
jatinangor,"Jatinangor, Sumedang",2026-08-17,32.11.15.2002,Hegarmanah,kecamatan,yes,-6.938,107.7556,Asia/Jakarta,"BMKG representative point: Hegarmanah, Kecamatan Jatinangor",17-08-2026,ICON,Open-Meteo / DWD ICON,01:00,2026-08-17 01:00:00,22.3,93.0,0.3,1.5,0.0,1.4736,Hujan Ringan,wmo:80
jatinangor,"Jatinangor, Sumedang",2026-08-17,32.11.15.2002,Hegarmanah,kecamatan,yes,-6.938,107.7556,Asia/Jakarta,"BMKG representative point: Hegarmanah, Kecamatan Jatinangor",17-08-2026,ICON,Open-Meteo / DWD ICON,02:00,2026-08-17 02:00:00,22.2,93.0,0.2,1.6,0.0,1.4736,Hujan Ringan,wmo:80
jatinangor,"Jatinangor, Sumedang",2026-08-17,32.11.15.2002,Hegarmanah,kecamatan,yes,-6.938,107.7556,Asia/Jakarta,"BMKG representative point: Hegarmanah, Kecamatan Jatinangor",17-08-2026,ICON,Open-Meteo / DWD ICON,03:00,2026-08-17 03:00:00,21.9,93.0,0.1,2.9,0.0,1.4736,Cerah Berawan,wmo:2
jatinangor,"Jatinangor, Sumedang",2026-08-17,32.11.15.2002,Hegarmanah,kecamatan,yes,-6.938,107.7556,Asia/Jakarta,"BMKG representative point: Hegarmanah, Kecamatan Jatinangor",17-08-2026,ICON,Open-Meteo / DWD ICON,04:00,2026-08-17 04:00:00,21.7,91.0,0.1,4.0,0.0,1.4736,Cerah Berawan,wmo:2
jatinangor,"Jatinangor, Sumedang",2026-08-17,32.11.15.2002,Hegarmanah,kecamatan,yes,-6.938,107.7556,Asia/Jakarta,"BMKG representative point: Hegarmanah, Kecamatan Jatinangor",17-08-2026,ICON,Open-Meteo / DWD ICON,05:00,2026-08-17 05:00:00,21.2,90.0,0.0,4.3,0.0,1.4736,Cerah Berawan,wmo:2
jatinangor,"Jatinangor, Sumedang",2026-08-17,32.11.15.2002,Hegarmanah,kecamatan,yes,-6.938,107.7556,Asia/Jakarta,"BMKG representative point: Hegarmanah, Kecamatan Jatinangor",17-08-2026,ICON,Open-Meteo / DWD ICON,06:00,2026-08-17 06:00:00,20.7,88.0,0.0,5.4,0.0,1.4736,Cerah Berawan,wmo:2
jatinangor,"Jatinangor, Sumedang",2026-08-17,32.11.15.2002,Hegarmanah,kecamatan,yes,-6.938,107.7556,Asia/Jakarta,"BMKG representative point: Hegarmanah, Kecamatan Jatinangor",17-08-2026,ICON,Open-Meteo / DWD ICON,07:00,2026-08-17 07:00:00,21.4,85.0,0.0,3.3,0.0,1.4736,Cerah Berawan,wmo:2
jatinangor,"Jatinangor, Sumedang",2026-08-17,32.11.15.2002,Hegarmanah,kecamatan,yes,-6.938,107.7556,Asia/Jakarta,"BMKG representative point: Hegarmanah, Kecamatan Jatinangor",17-08-2026,ICON,Open-Meteo / DWD ICON,08:00,2026-08-17 08:00:00,24.4,73.0,0.0,1.3,0.0,1.4736,Cerah Berawan,wmo:1
jatinangor,"Jatinangor, Sumedang",2026-08-17,32.11.15.2002,Hegarmanah,kecamatan,yes,-6.938,107.7556,Asia/Jakarta,"BMKG representative point: Hegarmanah, Kecamatan Jatinangor",17-08-2026,ICON,Open-Meteo / DWD ICON,09:00,2026-08-17 09:00:00,25.8,68.0,0.0,1.6,0.0,1.4736,Cerah,wmo:0
jatinangor,"Jatinangor, Sumedang",2026-08-17,32.11.15.2002,Hegarmanah,kecamatan,yes,-6.938,107.7556,Asia/Jakarta,"BMKG representative point: Hegarmanah, Kecamatan Jatinangor",17-08-2026,ICON,Open-Meteo / DWD ICON,10:00,2026-08-17 10:00:00,27.7,59.0,0.0,2.1,0.0,1.4736,Cerah Berawan,wmo:2
jatinangor,"Jatinangor, Sumedang",2026-08-17,32.11.15.2002,Hegarmanah,kecamatan,yes,-6.938,107.7556,Asia/Jakarta,"BMKG representative point: Hegarmanah, Kecamatan Jatinangor",17-08-2026,ICON,Open-Meteo / DWD ICON,11:00,2026-08-17 11:00:00,29.5,52.0,0.0,1.9,0.0,1.4736,Cerah Berawan,wmo:1
jatinangor,"Jatinangor, Sumedang",2026-08-17,32.11.15.2002,Hegarmanah,kecamatan,yes,-6.938,107.7556,Asia/Jakarta,"BMKG representative point: Hegarmanah, Kecamatan Jatinangor",17-08-2026,ICON,Open-Meteo / DWD ICON,12:00,2026-08-17 12:00:00,31.0,45.0,0.0,2.9,0.0,1.4736,Cerah Berawan,wmo:2
jatinangor,"Jatinangor, Sumedang",2026-08-17,32.11.15.2002,Hegarmanah,kecamatan,yes,-6.938,107.7556,Asia/Jakarta,"BMKG representative point: Hegarmanah, Kecamatan Jatinangor",17-08-2026,ICON,Open-Meteo / DWD ICON,13:00,2026-08-17 13:00:00,32.1,40.0,0.0,3.7,0.0,1.4736,Cerah Berawan,wmo:1
jatinangor,"Jatinangor, Sumedang",2026-08-17,32.11.15.2002,Hegarmanah,kecamatan,yes,-6.938,107.7556,Asia/Jakarta,"BMKG representative point: Hegarmanah, Kecamatan Jatinangor",17-08-2026,ICON,Open-Meteo / DWD ICON,14:00,2026-08-17 14:00:00,32.5,38.0,0.0,5.1,0.0,1.4736,Cerah Berawan,wmo:1
jatinangor,"Jatinangor, Sumedang",2026-08-17,32.11.15.2002,Hegarmanah,kecamatan,yes,-6.938,107.7556,Asia/Jakarta,"BMKG representative point: Hegarmanah, Kecamatan Jatinangor",17-08-2026,ICON,Open-Meteo / DWD ICON,15:00,2026-08-17 15:00:00,32.4,37.0,0.0,8.1,0.0,1.4736,Cerah Berawan,wmo:2
jatinangor,"Jatinangor, Sumedang",2026-08-17,32.11.15.2002,Hegarmanah,kecamatan,yes,-6.938,107.7556,Asia/Jakarta,"BMKG representative point: Hegarmanah, Kecamatan Jatinangor",17-08-2026,ICON,Open-Meteo / DWD ICON,16:00,2026-08-17 16:00:00,31.7,39.0,0.0,13.2,0.0,1.4736,Cerah Berawan,wmo:2
jatinangor,"Jatinangor, Sumedang",2026-08-17,32.11.15.2002,Hegarmanah,kecamatan,yes,-6.938,107.7556,Asia/Jakarta,"BMKG representative point: Hegarmanah, Kecamatan Jatinangor",17-08-2026,ICON,Open-Meteo / DWD ICON,17:00,2026-08-17 17:00:00,30.0,47.0,0.0,17.0,0.0,1.4736,Cerah Berawan,wmo:2
jatinangor,"Jatinangor, Sumedang",2026-08-17,32.11.15.2002,Hegarmanah,kecamatan,yes,-6.938,107.7556,Asia/Jakarta,"BMKG representative point: Hegarmanah, Kecamatan Jatinangor",17-08-2026,ICON,Open-Meteo / DWD ICON,18:00,2026-08-17 18:00:00,27.5,59.0,0.0,14.3,0.0,1.4736,Cerah Berawan,wmo:2
jatinangor,"Jatinangor, Sumedang",2026-08-17,32.11.15.2002,Hegarmanah,kecamatan,yes,-6.938,107.7556,Asia/Jakarta,"BMKG representative point: Hegarmanah, Kecamatan Jatinangor",17-08-2026,ICON,Open-Meteo / DWD ICON,19:00,2026-08-17 19:00:00,25.8,70.0,0.0,8.7,0.0,1.4736,Cerah Berawan,wmo:2
jatinangor,"Jatinangor, Sumedang",2026-08-17,32.11.15.2002,Hegarmanah,kecamatan,yes,-6.938,107.7556,Asia/Jakarta,"BMKG representative point: Hegarmanah, Kecamatan Jatinangor",17-08-2026,ICON,Open-Meteo / DWD ICON,20:00,2026-08-17 20:00:00,24.7,77.0,0.0,6.5,0.0,1.4736,Cerah Berawan,wmo:1
jatinangor,"Jatinangor, Sumedang",2026-08-17,32.11.15.2002,Hegarmanah,kecamatan,yes,-6.938,107.7556,Asia/Jakarta,"BMKG representative point: Hegarmanah, Kecamatan Jatinangor",17-08-2026,ICON,Open-Meteo / DWD ICON,21:00,2026-08-17 21:00:00,23.8,81.0,0.0,5.6,0.0,1.4736,Cerah Berawan,wmo:1
jatinangor,"Jatinangor, Sumedang",2026-08-17,32.11.15.2002,Hegarmanah,kecamatan,yes,-6.938,107.7556,Asia/Jakarta,"BMKG representative point: Hegarmanah, Kecamatan Jatinangor",17-08-2026,ICON,Open-Meteo / DWD ICON,22:00,2026-08-17 22:00:00,23.3,84.0,0.0,5.4,0.0,1.4736,Cerah Berawan,wmo:2
jatinangor,"Jatinangor, Sumedang",2026-08-17,32.11.15.2002,Hegarmanah,kecamatan,yes,-6.938,107.7556,Asia/Jakarta,"BMKG representative point: Hegarmanah, Kecamatan Jatinangor",17-08-2026,ICON,Open-Meteo / DWD ICON,23:00,2026-08-17 23:00:00,22.6,87.0,0.0,4.8,0.0,1.4736,Cerah Berawan,wmo:2
jatinangor,"Jatinangor, Sumedang",2026-08-17,32.11.15.2002,Hegarmanah,kecamatan,yes,-6.938,107.7556,Asia/Jakarta,"BMKG representative point: Hegarmanah, Kecamatan Jatinangor",17-08-2026,KMA,Open-Meteo / KMA,00:00,2026-08-17 00:00:00,,,,,0.0,0.5518,Berawan,wmo:None
jatinangor,"Jatinangor, Sumedang",2026-08-17,32.11.15.2002,Hegarmanah,kecamatan,yes,-6.938,107.7556,Asia/Jakarta,"BMKG representative point: Hegarmanah, Kecamatan Jatinangor",17-08-2026,KMA,Open-Meteo / KMA,01:00,2026-08-17 01:00:00,,,,,0.0,0.5518,Berawan,wmo:None
jatinangor,"Jatinangor, Sumedang",2026-08-17,32.11.15.2002,Hegarmanah,kecamatan,yes,-6.938,107.7556,Asia/Jakarta,"BMKG representative point: Hegarmanah, Kecamatan Jatinangor",17-08-2026,KMA,Open-Meteo / KMA,02:00,2026-08-17 02:00:00,,,,,0.0,0.5518,Berawan,wmo:None
jatinangor,"Jatinangor, Sumedang",2026-08-17,32.11.15.2002,Hegarmanah,kecamatan,yes,-6.938,107.7556,Asia/Jakarta,"BMKG representative point: Hegarmanah, Kecamatan Jatinangor",17-08-2026,KMA,Open-Meteo / KMA,03:00,2026-08-17 03:00:00,,,,,0.0,0.5518,Berawan,wmo:None
jatinangor,"Jatinangor, Sumedang",2026-08-17,32.11.15.2002,Hegarmanah,kecamatan,yes,-6.938,107.7556,Asia/Jakarta,"BMKG representative point: Hegarmanah, Kecamatan Jatinangor",17-08-2026,KMA,Open-Meteo / KMA,04:00,2026-08-17 04:00:00,,,,,0.0,0.5518,Berawan,wmo:None
jatinangor,"Jatinangor, Sumedang",2026-08-17,32.11.15.2002,Hegarmanah,kecamatan,yes,-6.938,107.7556,Asia/Jakarta,"BMKG representative point: Hegarmanah, Kecamatan Jatinangor",17-08-2026,KMA,Open-Meteo / KMA,05:00,2026-08-17 05:00:00,,,,,0.0,0.5518,Berawan,wmo:None
jatinangor,"Jatinangor, Sumedang",2026-08-17,32.11.15.2002,Hegarmanah,kecamatan,yes,-6.938,107.7556,Asia/Jakarta,"BMKG representative point: Hegarmanah, Kecamatan Jatinangor",17-08-2026,KMA,Open-Meteo / KMA,06:00,2026-08-17 06:00:00,,,,,0.0,0.5518,Berawan,wmo:None
jatinangor,"Jatinangor, Sumedang",2026-08-17,32.11.15.2002,Hegarmanah,kecamatan,yes,-6.938,107.7556,Asia/Jakarta,"BMKG representative point: Hegarmanah, Kecamatan Jatinangor",17-08-2026,KMA,Open-Meteo / KMA,07:00,2026-08-17 07:00:00,,,,,0.0,0.5518,Berawan,wmo:None
jatinangor,"Jatinangor, Sumedang",2026-08-17,32.11.15.2002,Hegarmanah,kecamatan,yes,-6.938,107.7556,Asia/Jakarta,"BMKG representative point: Hegarmanah, Kecamatan Jatinangor",17-08-2026,KMA,Open-Meteo / KMA,08:00,2026-08-17 08:00:00,,,,,0.0,0.5518,Berawan,wmo:None
jatinangor,"Jatinangor, Sumedang",2026-08-17,32.11.15.2002,Hegarmanah,kecamatan,yes,-6.938,107.7556,Asia/Jakarta,"BMKG representative point: Hegarmanah, Kecamatan Jatinangor",17-08-2026,KMA,Open-Meteo / KMA,09:00,2026-08-17 09:00:00,,,,,0.0,0.5518,Berawan,wmo:None
jatinangor,"Jatinangor, Sumedang",2026-08-17,32.11.15.2002,Hegarmanah,kecamatan,yes,-6.938,107.7556,Asia/Jakarta,"BMKG representative point: Hegarmanah, Kecamatan Jatinangor",17-08-2026,KMA,Open-Meteo / KMA,10:00,2026-08-17 10:00:00,,,,,0.0,0.5518,Berawan,wmo:None
jatinangor,"Jatinangor, Sumedang",2026-08-17,32.11.15.2002,Hegarmanah,kecamatan,yes,-6.938,107.7556,Asia/Jakarta,"BMKG representative point: Hegarmanah, Kecamatan Jatinangor",17-08-2026,KMA,Open-Meteo / KMA,11:00,2026-08-17 11:00:00,,,,,0.0,0.5518,Berawan,wmo:None
jatinangor,"Jatinangor, Sumedang",2026-08-17,32.11.15.2002,Hegarmanah,kecamatan,yes,-6.938,107.7556,Asia/Jakarta,"BMKG representative point: Hegarmanah, Kecamatan Jatinangor",17-08-2026,KMA,Open-Meteo / KMA,12:00,2026-08-17 12:00:00,,,,,0.0,0.5518,Berawan,wmo:None
jatinangor,"Jatinangor, Sumedang",2026-08-17,32.11.15.2002,Hegarmanah,kecamatan,yes,-6.938,107.7556,Asia/Jakarta,"BMKG representative point: Hegarmanah, Kecamatan Jatinangor",17-08-2026,KMA,Open-Meteo / KMA,13:00,2026-08-17 13:00:00,,,,,0.0,0.5518,Berawan,wmo:None
jatinangor,"Jatinangor, Sumedang",2026-08-17,32.11.15.2002,Hegarmanah,kecamatan,yes,-6.938,107.7556,Asia/Jakarta,"BMKG representative point: Hegarmanah, Kecamatan Jatinangor",17-08-2026,KMA,Open-Meteo / KMA,14:00,2026-08-17 14:00:00,,,,,0.0,0.5518,Berawan,wmo:None
jatinangor,"Jatinangor, Sumedang",2026-08-17,32.11.15.2002,Hegarmanah,kecamatan,yes,-6.938,107.7556,Asia/Jakarta,"BMKG representative point: Hegarmanah, Kecamatan Jatinangor",17-08-2026,KMA,Open-Meteo / KMA,15:00,2026-08-17 15:00:00,,,,,0.0,0.5518,Berawan,wmo:None
jatinangor,"Jatinangor, Sumedang",2026-08-17,32.11.15.2002,Hegarmanah,kecamatan,yes,-6.938,107.7556,Asia/Jakarta,"BMKG representative point: Hegarmanah, Kecamatan Jatinangor",17-08-2026,KMA,Open-Meteo / KMA,16:00,2026-08-17 16:00:00,,,,,0.0,0.5518,Berawan,wmo:None
jatinangor,"Jatinangor, Sumedang",2026-08-17,32.11.15.2002,Hegarmanah,kecamatan,yes,-6.938,107.7556,Asia/Jakarta,"BMKG representative point: Hegarmanah, Kecamatan Jatinangor",17-08-2026,KMA,Open-Meteo / KMA,17:00,2026-08-17 17:00:00,,,,,0.0,0.5518,Berawan,wmo:None
jatinangor,"Jatinangor, Sumedang",2026-08-17,32.11.15.2002,Hegarmanah,kecamatan,yes,-6.938,107.7556,Asia/Jakarta,"BMKG representative point: Hegarmanah, Kecamatan Jatinangor",17-08-2026,KMA,Open-Meteo / KMA,18:00,2026-08-17 18:00:00,,,,,0.0,0.5518,Berawan,wmo:None
jatinangor,"Jatinangor, Sumedang",2026-08-17,32.11.15.2002,Hegarmanah,kecamatan,yes,-6.938,107.7556,Asia/Jakarta,"BMKG representative point: Hegarmanah, Kecamatan Jatinangor",17-08-2026,KMA,Open-Meteo / KMA,19:00,2026-08-17 19:00:00,,,,,0.0,0.5518,Berawan,wmo:None
jatinangor,"Jatinangor, Sumedang",2026-08-17,32.11.15.2002,Hegarmanah,kecamatan,yes,-6.938,107.7556,Asia/Jakarta,"BMKG representative point: Hegarmanah, Kecamatan Jatinangor",17-08-2026,KMA,Open-Meteo / KMA,20:00,2026-08-17 20:00:00,,,,,0.0,0.5518,Berawan,wmo:None
jatinangor,"Jatinangor, Sumedang",2026-08-17,32.11.15.2002,Hegarmanah,kecamatan,yes,-6.938,107.7556,Asia/Jakarta,"BMKG representative point: Hegarmanah, Kecamatan Jatinangor",17-08-2026,KMA,Open-Meteo / KMA,21:00,2026-08-17 21:00:00,,,,,0.0,0.5518,Berawan,wmo:None
jatinangor,"Jatinangor, Sumedang",2026-08-17,32.11.15.2002,Hegarmanah,kecamatan,yes,-6.938,107.7556,Asia/Jakarta,"BMKG representative point: Hegarmanah, Kecamatan Jatinangor",17-08-2026,KMA,Open-Meteo / KMA,22:00,2026-08-17 22:00:00,,,,,0.0,0.5518,Berawan,wmo:None
jatinangor,"Jatinangor, Sumedang",2026-08-17,32.11.15.2002,Hegarmanah,kecamatan,yes,-6.938,107.7556,Asia/Jakarta,"BMKG representative point: Hegarmanah, Kecamatan Jatinangor",17-08-2026,KMA,Open-Meteo / KMA,23:00,2026-08-17 23:00:00,,,,,0.0,0.5518,Berawan,wmo:None
jatinangor,"Jatinangor, Sumedang",2026-08-17,32.11.15.2002,Hegarmanah,kecamatan,yes,-6.938,107.7556,Asia/Jakarta,"BMKG representative point: Hegarmanah, Kecamatan Jatinangor",17-08-2026,METEOFRANCE,Open-Meteo / Meteo-France,00:00,2026-08-17 00:00:00,26.2,93.0,0.0,2.3,0.0,1.4723,Cerah Berawan,wmo:2
jatinangor,"Jatinangor, Sumedang",2026-08-17,32.11.15.2002,Hegarmanah,kecamatan,yes,-6.938,107.7556,Asia/Jakarta,"BMKG representative point: Hegarmanah, Kecamatan Jatinangor",17-08-2026,METEOFRANCE,Open-Meteo / Meteo-France,01:00,2026-08-17 01:00:00,25.9,95.0,0.0,1.9,0.0,1.4723,Cerah Berawan,wmo:2
jatinangor,"Jatinangor, Sumedang",2026-08-17,32.11.15.2002,Hegarmanah,kecamatan,yes,-6.938,107.7556,Asia/Jakarta,"BMKG representative point: Hegarmanah, Kecamatan Jatinangor",17-08-2026,METEOFRANCE,Open-Meteo / Meteo-France,02:00,2026-08-17 02:00:00,25.7,96.0,0.0,1.6,0.0,1.4723,Cerah Berawan,wmo:2
jatinangor,"Jatinangor, Sumedang",2026-08-17,32.11.15.2002,Hegarmanah,kecamatan,yes,-6.938,107.7556,Asia/Jakarta,"BMKG representative point: Hegarmanah, Kecamatan Jatinangor",17-08-2026,METEOFRANCE,Open-Meteo / Meteo-France,03:00,2026-08-17 03:00:00,25.5,96.0,0.0,1.6,0.0,1.4723,Berawan,wmo:3
jatinangor,"Jatinangor, Sumedang",2026-08-17,32.11.15.2002,Hegarmanah,kecamatan,yes,-6.938,107.7556,Asia/Jakarta,"BMKG representative point: Hegarmanah, Kecamatan Jatinangor",17-08-2026,METEOFRANCE,Open-Meteo / Meteo-France,04:00,2026-08-17 04:00:00,25.4,96.0,0.0,1.4,0.0,1.4723,Berawan,wmo:3
jatinangor,"Jatinangor, Sumedang",2026-08-17,32.11.15.2002,Hegarmanah,kecamatan,yes,-6.938,107.7556,Asia/Jakarta,"BMKG representative point: Hegarmanah, Kecamatan Jatinangor",17-08-2026,METEOFRANCE,Open-Meteo / Meteo-France,05:00,2026-08-17 05:00:00,25.4,96.0,0.0,1.4,0.0,1.4723,Berawan,wmo:3
jatinangor,"Jatinangor, Sumedang",2026-08-17,32.11.15.2002,Hegarmanah,kecamatan,yes,-6.938,107.7556,Asia/Jakarta,"BMKG representative point: Hegarmanah, Kecamatan Jatinangor",17-08-2026,METEOFRANCE,Open-Meteo / Meteo-France,06:00,2026-08-17 06:00:00,25.3,95.0,0.0,0.8,0.0,1.4723,Berawan,wmo:3
jatinangor,"Jatinangor, Sumedang",2026-08-17,32.11.15.2002,Hegarmanah,kecamatan,yes,-6.938,107.7556,Asia/Jakarta,"BMKG representative point: Hegarmanah, Kecamatan Jatinangor",17-08-2026,METEOFRANCE,Open-Meteo / Meteo-France,07:00,2026-08-17 07:00:00,25.4,94.0,0.0,0.5,0.0,1.4723,Berawan,wmo:3
jatinangor,"Jatinangor, Sumedang",2026-08-17,32.11.15.2002,Hegarmanah,kecamatan,yes,-6.938,107.7556,Asia/Jakarta,"BMKG representative point: Hegarmanah, Kecamatan Jatinangor",17-08-2026,METEOFRANCE,Open-Meteo / Meteo-France,08:00,2026-08-17 08:00:00,26.3,88.0,0.0,0.8,0.0,1.4723,Cerah Berawan,wmo:2
jatinangor,"Jatinangor, Sumedang",2026-08-17,32.11.15.2002,Hegarmanah,kecamatan,yes,-6.938,107.7556,Asia/Jakarta,"BMKG representative point: Hegarmanah, Kecamatan Jatinangor",17-08-2026,METEOFRANCE,Open-Meteo / Meteo-France,09:00,2026-08-17 09:00:00,27.7,80.0,0.0,2.7,0.0,1.4723,Cerah Berawan,wmo:1
jatinangor,"Jatinangor, Sumedang",2026-08-17,32.11.15.2002,Hegarmanah,kecamatan,yes,-6.938,107.7556,Asia/Jakarta,"BMKG representative point: Hegarmanah, Kecamatan Jatinangor",17-08-2026,METEOFRANCE,Open-Meteo / Meteo-France,10:00,2026-08-17 10:00:00,29.1,72.0,0.0,4.3,0.0,1.4723,Cerah,wmo:0
jatinangor,"Jatinangor, Sumedang",2026-08-17,32.11.15.2002,Hegarmanah,kecamatan,yes,-6.938,107.7556,Asia/Jakarta,"BMKG representative point: Hegarmanah, Kecamatan Jatinangor",17-08-2026,METEOFRANCE,Open-Meteo / Meteo-France,11:00,2026-08-17 11:00:00,30.6,64.0,0.0,5.8,0.0,1.4723,Cerah,wmo:0
jatinangor,"Jatinangor, Sumedang",2026-08-17,32.11.15.2002,Hegarmanah,kecamatan,yes,-6.938,107.7556,Asia/Jakarta,"BMKG representative point: Hegarmanah, Kecamatan Jatinangor",17-08-2026,METEOFRANCE,Open-Meteo / Meteo-France,12:00,2026-08-17 12:00:00,32.2,55.0,0.0,7.5,0.0,1.4723,Cerah,wmo:0
jatinangor,"Jatinangor, Sumedang",2026-08-17,32.11.15.2002,Hegarmanah,kecamatan,yes,-6.938,107.7556,Asia/Jakarta,"BMKG representative point: Hegarmanah, Kecamatan Jatinangor",17-08-2026,METEOFRANCE,Open-Meteo / Meteo-France,13:00,2026-08-17 13:00:00,33.3,50.0,0.0,8.6,0.0,1.4723,Cerah,wmo:0
jatinangor,"Jatinangor, Sumedang",2026-08-17,32.11.15.2002,Hegarmanah,kecamatan,yes,-6.938,107.7556,Asia/Jakarta,"BMKG representative point: Hegarmanah, Kecamatan Jatinangor",17-08-2026,METEOFRANCE,Open-Meteo / Meteo-France,14:00,2026-08-17 14:00:00,33.4,49.0,0.0,9.3,0.0,1.4723,Cerah,wmo:0
jatinangor,"Jatinangor, Sumedang",2026-08-17,32.11.15.2002,Hegarmanah,kecamatan,yes,-6.938,107.7556,Asia/Jakarta,"BMKG representative point: Hegarmanah, Kecamatan Jatinangor",17-08-2026,METEOFRANCE,Open-Meteo / Meteo-France,15:00,2026-08-17 15:00:00,32.9,52.0,0.0,9.6,0.0,1.4723,Cerah,wmo:0
jatinangor,"Jatinangor, Sumedang",2026-08-17,32.11.15.2002,Hegarmanah,kecamatan,yes,-6.938,107.7556,Asia/Jakarta,"BMKG representative point: Hegarmanah, Kecamatan Jatinangor",17-08-2026,METEOFRANCE,Open-Meteo / Meteo-France,16:00,2026-08-17 16:00:00,32.2,56.0,0.0,9.7,0.0,1.4723,Cerah Berawan,wmo:1
jatinangor,"Jatinangor, Sumedang",2026-08-17,32.11.15.2002,Hegarmanah,kecamatan,yes,-6.938,107.7556,Asia/Jakarta,"BMKG representative point: Hegarmanah, Kecamatan Jatinangor",17-08-2026,METEOFRANCE,Open-Meteo / Meteo-France,17:00,2026-08-17 17:00:00,31.0,62.0,0.0,9.0,0.0,1.4723,Cerah Berawan,wmo:1
jatinangor,"Jatinangor, Sumedang",2026-08-17,32.11.15.2002,Hegarmanah,kecamatan,yes,-6.938,107.7556,Asia/Jakarta,"BMKG representative point: Hegarmanah, Kecamatan Jatinangor",17-08-2026,METEOFRANCE,Open-Meteo / Meteo-France,18:00,2026-08-17 18:00:00,29.5,69.0,0.0,8.3,0.0,1.4723,Cerah Berawan,wmo:2
jatinangor,"Jatinangor, Sumedang",2026-08-17,32.11.15.2002,Hegarmanah,kecamatan,yes,-6.938,107.7556,Asia/Jakarta,"BMKG representative point: Hegarmanah, Kecamatan Jatinangor",17-08-2026,METEOFRANCE,Open-Meteo / Meteo-France,19:00,2026-08-17 19:00:00,28.2,76.0,0.0,7.4,0.0,1.4723,Cerah Berawan,wmo:2
jatinangor,"Jatinangor, Sumedang",2026-08-17,32.11.15.2002,Hegarmanah,kecamatan,yes,-6.938,107.7556,Asia/Jakarta,"BMKG representative point: Hegarmanah, Kecamatan Jatinangor",17-08-2026,METEOFRANCE,Open-Meteo / Meteo-France,20:00,2026-08-17 20:00:00,27.4,82.0,0.0,6.5,0.0,1.4723,Cerah Berawan,wmo:2
jatinangor,"Jatinangor, Sumedang",2026-08-17,32.11.15.2002,Hegarmanah,kecamatan,yes,-6.938,107.7556,Asia/Jakarta,"BMKG representative point: Hegarmanah, Kecamatan Jatinangor",17-08-2026,METEOFRANCE,Open-Meteo / Meteo-France,21:00,2026-08-17 21:00:00,26.8,86.0,0.0,5.4,0.0,1.4723,Berawan,wmo:3
jatinangor,"Jatinangor, Sumedang",2026-08-17,32.11.15.2002,Hegarmanah,kecamatan,yes,-6.938,107.7556,Asia/Jakarta,"BMKG representative point: Hegarmanah, Kecamatan Jatinangor",17-08-2026,METEOFRANCE,Open-Meteo / Meteo-France,22:00,2026-08-17 22:00:00,26.3,90.0,0.0,4.4,0.0,1.4723,Berawan,wmo:3
jatinangor,"Jatinangor, Sumedang",2026-08-17,32.11.15.2002,Hegarmanah,kecamatan,yes,-6.938,107.7556,Asia/Jakarta,"BMKG representative point: Hegarmanah, Kecamatan Jatinangor",17-08-2026,METEOFRANCE,Open-Meteo / Meteo-France,23:00,2026-08-17 23:00:00,26.0,92.0,0.0,3.6,0.0,1.4723,Berawan,wmo:3
jatinangor,"Jatinangor, Sumedang",2026-08-17,32.11.15.2002,Hegarmanah,kecamatan,yes,-6.938,107.7556,Asia/Jakarta,"BMKG representative point: Hegarmanah, Kecamatan Jatinangor",17-08-2026,METNO,MET Norway,00:00,2026-08-17 00:00:00,19.9,97.8,0.0,4.32,0.0,1.3901,Cerah,clearsky_night
jatinangor,"Jatinangor, Sumedang",2026-08-17,32.11.15.2002,Hegarmanah,kecamatan,yes,-6.938,107.7556,Asia/Jakarta,"BMKG representative point: Hegarmanah, Kecamatan Jatinangor",17-08-2026,METNO,MET Norway,01:00,2026-08-17 01:00:00,19.4,99.2,0.0,4.32,0.0,1.3901,Berawan,fog
jatinangor,"Jatinangor, Sumedang",2026-08-17,32.11.15.2002,Hegarmanah,kecamatan,yes,-6.938,107.7556,Asia/Jakarta,"BMKG representative point: Hegarmanah, Kecamatan Jatinangor",17-08-2026,METNO,MET Norway,02:00,2026-08-17 02:00:00,19.1,99.2,0.0,4.32,0.0,1.3901,Berawan,fog
jatinangor,"Jatinangor, Sumedang",2026-08-17,32.11.15.2002,Hegarmanah,kecamatan,yes,-6.938,107.7556,Asia/Jakarta,"BMKG representative point: Hegarmanah, Kecamatan Jatinangor",17-08-2026,METNO,MET Norway,03:00,2026-08-17 03:00:00,18.9,99.2,0.0,5.04,0.0,1.3901,Berawan,fog
jatinangor,"Jatinangor, Sumedang",2026-08-17,32.11.15.2002,Hegarmanah,kecamatan,yes,-6.938,107.7556,Asia/Jakarta,"BMKG representative point: Hegarmanah, Kecamatan Jatinangor",17-08-2026,METNO,MET Norway,04:00,2026-08-17 04:00:00,18.6,100,0.0,5.76,0.0,1.3901,Berawan,fog
jatinangor,"Jatinangor, Sumedang",2026-08-17,32.11.15.2002,Hegarmanah,kecamatan,yes,-6.938,107.7556,Asia/Jakarta,"BMKG representative point: Hegarmanah, Kecamatan Jatinangor",17-08-2026,METNO,MET Norway,05:00,2026-08-17 05:00:00,18.8,100,0.0,5.76,0.0,1.3901,Berawan,fog
jatinangor,"Jatinangor, Sumedang",2026-08-17,32.11.15.2002,Hegarmanah,kecamatan,yes,-6.938,107.7556,Asia/Jakarta,"BMKG representative point: Hegarmanah, Kecamatan Jatinangor",17-08-2026,METNO,MET Norway,06:00,2026-08-17 06:00:00,18.9,99.6,0.0,6.48,0.0,1.3901,Berawan,fog
jatinangor,"Jatinangor, Sumedang",2026-08-17,32.11.15.2002,Hegarmanah,kecamatan,yes,-6.938,107.7556,Asia/Jakarta,"BMKG representative point: Hegarmanah, Kecamatan Jatinangor",17-08-2026,METNO,MET Norway,07:00,2026-08-17 07:00:00,19.7,98.5,0.0,7.2,0.0,1.3901,Berawan,fog
jatinangor,"Jatinangor, Sumedang",2026-08-17,32.11.15.2002,Hegarmanah,kecamatan,yes,-6.938,107.7556,Asia/Jakarta,"BMKG representative point: Hegarmanah, Kecamatan Jatinangor",17-08-2026,METNO,MET Norway,08:00,2026-08-17 08:00:00,21.7,90.1,0.0,4.68,0.0,1.3901,Cerah Berawan,partlycloudy_day
jatinangor,"Jatinangor, Sumedang",2026-08-17,32.11.15.2002,Hegarmanah,kecamatan,yes,-6.938,107.7556,Asia/Jakarta,"BMKG representative point: Hegarmanah, Kecamatan Jatinangor",17-08-2026,METNO,MET Norway,09:00,2026-08-17 09:00:00,23.9,78.6,0.0,3.24,0.0,1.3901,Cerah Berawan,fair_day
jatinangor,"Jatinangor, Sumedang",2026-08-17,32.11.15.2002,Hegarmanah,kecamatan,yes,-6.938,107.7556,Asia/Jakarta,"BMKG representative point: Hegarmanah, Kecamatan Jatinangor",17-08-2026,METNO,MET Norway,10:00,2026-08-17 10:00:00,26.7,61.9,0.0,2.16,0.0,1.3901,Cerah,clearsky_day
jatinangor,"Jatinangor, Sumedang",2026-08-17,32.11.15.2002,Hegarmanah,kecamatan,yes,-6.938,107.7556,Asia/Jakarta,"BMKG representative point: Hegarmanah, Kecamatan Jatinangor",17-08-2026,METNO,MET Norway,11:00,2026-08-17 11:00:00,28.6,50.2,0.0,5.4,0.0,1.3901,Cerah Berawan,fair_day
jatinangor,"Jatinangor, Sumedang",2026-08-17,32.11.15.2002,Hegarmanah,kecamatan,yes,-6.938,107.7556,Asia/Jakarta,"BMKG representative point: Hegarmanah, Kecamatan Jatinangor",17-08-2026,METNO,MET Norway,12:00,2026-08-17 12:00:00,29.8,44.3,0.3,6.84,0.0,1.3901,Hujan Ringan,rainshowers_day
jatinangor,"Jatinangor, Sumedang",2026-08-17,32.11.15.2002,Hegarmanah,kecamatan,yes,-6.938,107.7556,Asia/Jakarta,"BMKG representative point: Hegarmanah, Kecamatan Jatinangor",17-08-2026,METNO,MET Norway,13:00,2026-08-17 13:00:00,30.1,43.6,0.5,8.64,0.0,1.3901,Hujan Ringan,rainshowers_day
jatinangor,"Jatinangor, Sumedang",2026-08-17,32.11.15.2002,Hegarmanah,kecamatan,yes,-6.938,107.7556,Asia/Jakarta,"BMKG representative point: Hegarmanah, Kecamatan Jatinangor",17-08-2026,METNO,MET Norway,14:00,2026-08-17 14:00:00,29.0,48.8,0.5,10.08,0.0,1.3901,Hujan Ringan,rainshowers_day
jatinangor,"Jatinangor, Sumedang",2026-08-17,32.11.15.2002,Hegarmanah,kecamatan,yes,-6.938,107.7556,Asia/Jakarta,"BMKG representative point: Hegarmanah, Kecamatan Jatinangor",17-08-2026,METNO,MET Norway,15:00,2026-08-17 15:00:00,28.3,53.2,0.2,10.44,0.0,1.3901,Hujan Ringan,lightrainshowers_day
jatinangor,"Jatinangor, Sumedang",2026-08-17,32.11.15.2002,Hegarmanah,kecamatan,yes,-6.938,107.7556,Asia/Jakarta,"BMKG representative point: Hegarmanah, Kecamatan Jatinangor",17-08-2026,METNO,MET Norway,16:00,2026-08-17 16:00:00,27.3,59.0,0.0,10.08,0.0,1.3901,Cerah Berawan,fair_day
jatinangor,"Jatinangor, Sumedang",2026-08-17,32.11.15.2002,Hegarmanah,kecamatan,yes,-6.938,107.7556,Asia/Jakarta,"BMKG representative point: Hegarmanah, Kecamatan Jatinangor",17-08-2026,METNO,MET Norway,17:00,2026-08-17 17:00:00,25.7,70.1,0.0,9.72,0.0,1.3901,Cerah,clearsky_day
jatinangor,"Jatinangor, Sumedang",2026-08-17,32.11.15.2002,Hegarmanah,kecamatan,yes,-6.938,107.7556,Asia/Jakarta,"BMKG representative point: Hegarmanah, Kecamatan Jatinangor",17-08-2026,METNO,MET Norway,18:00,2026-08-17 18:00:00,23.6,82.0,0.0,6.12,0.0,1.3901,Cerah Berawan,fair_night
jatinangor,"Jatinangor, Sumedang",2026-08-17,32.11.15.2002,Hegarmanah,kecamatan,yes,-6.938,107.7556,Asia/Jakarta,"BMKG representative point: Hegarmanah, Kecamatan Jatinangor",17-08-2026,METNO,MET Norway,19:00,2026-08-17 19:00:00,22.7,86.8,0.0,4.32,0.0,1.3901,Cerah Berawan,partlycloudy_night
jatinangor,"Jatinangor, Sumedang",2026-08-17,32.11.15.2002,Hegarmanah,kecamatan,yes,-6.938,107.7556,Asia/Jakarta,"BMKG representative point: Hegarmanah, Kecamatan Jatinangor",17-08-2026,METNO,MET Norway,20:00,2026-08-17 20:00:00,22.2,90.1,0.0,3.96,0.0,1.3901,Cerah Berawan,partlycloudy_night
jatinangor,"Jatinangor, Sumedang",2026-08-17,32.11.15.2002,Hegarmanah,kecamatan,yes,-6.938,107.7556,Asia/Jakarta,"BMKG representative point: Hegarmanah, Kecamatan Jatinangor",17-08-2026,METNO,MET Norway,21:00,2026-08-17 21:00:00,21.8,92.5,0.0,4.68,0.0,1.3901,Cerah Berawan,partlycloudy_night
jatinangor,"Jatinangor, Sumedang",2026-08-17,32.11.15.2002,Hegarmanah,kecamatan,yes,-6.938,107.7556,Asia/Jakarta,"BMKG representative point: Hegarmanah, Kecamatan Jatinangor",17-08-2026,METNO,MET Norway,22:00,2026-08-17 22:00:00,21.1,95.4,0.0,3.96,0.0,1.3901,Cerah Berawan,partlycloudy_night
jatinangor,"Jatinangor, Sumedang",2026-08-17,32.11.15.2002,Hegarmanah,kecamatan,yes,-6.938,107.7556,Asia/Jakarta,"BMKG representative point: Hegarmanah, Kecamatan Jatinangor",17-08-2026,METNO,MET Norway,23:00,2026-08-17 23:00:00,21.1,96.2,0.0,3.24,0.0,1.3901,Berawan,cloudy
jatinangor,"Jatinangor, Sumedang",2026-08-17,32.11.15.2002,Hegarmanah,kecamatan,yes,-6.938,107.7556,Asia/Jakarta,"BMKG representative point: Hegarmanah, Kecamatan Jatinangor",17-08-2026,UKMO,Open-Meteo / UK Met Office,00:00,2026-08-17 00:00:00,19.0,99.0,0.0,1.4,0.0,1.3253,Cerah Berawan,wmo:2
jatinangor,"Jatinangor, Sumedang",2026-08-17,32.11.15.2002,Hegarmanah,kecamatan,yes,-6.938,107.7556,Asia/Jakarta,"BMKG representative point: Hegarmanah, Kecamatan Jatinangor",17-08-2026,UKMO,Open-Meteo / UK Met Office,01:00,2026-08-17 01:00:00,18.5,98.0,0.0,0.4,0.0,1.3253,Berawan,wmo:3
jatinangor,"Jatinangor, Sumedang",2026-08-17,32.11.15.2002,Hegarmanah,kecamatan,yes,-6.938,107.7556,Asia/Jakarta,"BMKG representative point: Hegarmanah, Kecamatan Jatinangor",17-08-2026,UKMO,Open-Meteo / UK Met Office,02:00,2026-08-17 02:00:00,19.7,100,0.0,2.2,0.0,1.3253,Berawan,wmo:45
jatinangor,"Jatinangor, Sumedang",2026-08-17,32.11.15.2002,Hegarmanah,kecamatan,yes,-6.938,107.7556,Asia/Jakarta,"BMKG representative point: Hegarmanah, Kecamatan Jatinangor",17-08-2026,UKMO,Open-Meteo / UK Met Office,03:00,2026-08-17 03:00:00,19.2,100,0.0,1.1,0.0,1.3253,Berawan,wmo:45
jatinangor,"Jatinangor, Sumedang",2026-08-17,32.11.15.2002,Hegarmanah,kecamatan,yes,-6.938,107.7556,Asia/Jakarta,"BMKG representative point: Hegarmanah, Kecamatan Jatinangor",17-08-2026,UKMO,Open-Meteo / UK Met Office,04:00,2026-08-17 04:00:00,19.4,100,0.0,1.8,0.0,1.3253,Berawan,wmo:45
jatinangor,"Jatinangor, Sumedang",2026-08-17,32.11.15.2002,Hegarmanah,kecamatan,yes,-6.938,107.7556,Asia/Jakarta,"BMKG representative point: Hegarmanah, Kecamatan Jatinangor",17-08-2026,UKMO,Open-Meteo / UK Met Office,05:00,2026-08-17 05:00:00,18.9,100,0.0,3.2,0.0,1.3253,Berawan,wmo:45
jatinangor,"Jatinangor, Sumedang",2026-08-17,32.11.15.2002,Hegarmanah,kecamatan,yes,-6.938,107.7556,Asia/Jakarta,"BMKG representative point: Hegarmanah, Kecamatan Jatinangor",17-08-2026,UKMO,Open-Meteo / UK Met Office,06:00,2026-08-17 06:00:00,18.8,100,0.0,4.0,0.0,1.3253,Berawan,wmo:45
jatinangor,"Jatinangor, Sumedang",2026-08-17,32.11.15.2002,Hegarmanah,kecamatan,yes,-6.938,107.7556,Asia/Jakarta,"BMKG representative point: Hegarmanah, Kecamatan Jatinangor",17-08-2026,UKMO,Open-Meteo / UK Met Office,07:00,2026-08-17 07:00:00,19.5,100,0.0,3.2,0.0,1.3253,Berawan,wmo:45
jatinangor,"Jatinangor, Sumedang",2026-08-17,32.11.15.2002,Hegarmanah,kecamatan,yes,-6.938,107.7556,Asia/Jakarta,"BMKG representative point: Hegarmanah, Kecamatan Jatinangor",17-08-2026,UKMO,Open-Meteo / UK Met Office,08:00,2026-08-17 08:00:00,21.3,89.0,0.0,2.5,0.0,1.3253,Cerah Berawan,wmo:1
jatinangor,"Jatinangor, Sumedang",2026-08-17,32.11.15.2002,Hegarmanah,kecamatan,yes,-6.938,107.7556,Asia/Jakarta,"BMKG representative point: Hegarmanah, Kecamatan Jatinangor",17-08-2026,UKMO,Open-Meteo / UK Met Office,09:00,2026-08-17 09:00:00,23.9,73.0,0.0,1.8,0.0,1.3253,Cerah Berawan,wmo:1
jatinangor,"Jatinangor, Sumedang",2026-08-17,32.11.15.2002,Hegarmanah,kecamatan,yes,-6.938,107.7556,Asia/Jakarta,"BMKG representative point: Hegarmanah, Kecamatan Jatinangor",17-08-2026,UKMO,Open-Meteo / UK Met Office,10:00,2026-08-17 10:00:00,26.1,60.0,0.0,1.1,0.0,1.3253,Cerah Berawan,wmo:1
jatinangor,"Jatinangor, Sumedang",2026-08-17,32.11.15.2002,Hegarmanah,kecamatan,yes,-6.938,107.7556,Asia/Jakarta,"BMKG representative point: Hegarmanah, Kecamatan Jatinangor",17-08-2026,UKMO,Open-Meteo / UK Met Office,11:00,2026-08-17 11:00:00,27.5,52.0,0.0,1.1,0.0,1.3253,Cerah Berawan,wmo:1
jatinangor,"Jatinangor, Sumedang",2026-08-17,32.11.15.2002,Hegarmanah,kecamatan,yes,-6.938,107.7556,Asia/Jakarta,"BMKG representative point: Hegarmanah, Kecamatan Jatinangor",17-08-2026,UKMO,Open-Meteo / UK Met Office,12:00,2026-08-17 12:00:00,28.6,46.0,0.0,1.1,0.0,1.3253,Cerah Berawan,wmo:2
jatinangor,"Jatinangor, Sumedang",2026-08-17,32.11.15.2002,Hegarmanah,kecamatan,yes,-6.938,107.7556,Asia/Jakarta,"BMKG representative point: Hegarmanah, Kecamatan Jatinangor",17-08-2026,UKMO,Open-Meteo / UK Met Office,13:00,2026-08-17 13:00:00,29.3,42.0,0.0,1.4,0.0,1.3253,Cerah Berawan,wmo:2
jatinangor,"Jatinangor, Sumedang",2026-08-17,32.11.15.2002,Hegarmanah,kecamatan,yes,-6.938,107.7556,Asia/Jakarta,"BMKG representative point: Hegarmanah, Kecamatan Jatinangor",17-08-2026,UKMO,Open-Meteo / UK Met Office,14:00,2026-08-17 14:00:00,30.3,38.0,0.0,6.1,0.0,1.3253,Cerah Berawan,wmo:1
jatinangor,"Jatinangor, Sumedang",2026-08-17,32.11.15.2002,Hegarmanah,kecamatan,yes,-6.938,107.7556,Asia/Jakarta,"BMKG representative point: Hegarmanah, Kecamatan Jatinangor",17-08-2026,UKMO,Open-Meteo / UK Met Office,15:00,2026-08-17 15:00:00,29.3,47.0,0.0,9.7,0.0,1.3253,Cerah,wmo:0
jatinangor,"Jatinangor, Sumedang",2026-08-17,32.11.15.2002,Hegarmanah,kecamatan,yes,-6.938,107.7556,Asia/Jakarta,"BMKG representative point: Hegarmanah, Kecamatan Jatinangor",17-08-2026,UKMO,Open-Meteo / UK Met Office,16:00,2026-08-17 16:00:00,28.0,56.0,0.0,12.2,0.0,1.3253,Cerah,wmo:0
jatinangor,"Jatinangor, Sumedang",2026-08-17,32.11.15.2002,Hegarmanah,kecamatan,yes,-6.938,107.7556,Asia/Jakarta,"BMKG representative point: Hegarmanah, Kecamatan Jatinangor",17-08-2026,UKMO,Open-Meteo / UK Met Office,17:00,2026-08-17 17:00:00,26.3,66.0,0.0,11.9,0.0,1.3253,Cerah,wmo:0
jatinangor,"Jatinangor, Sumedang",2026-08-17,32.11.15.2002,Hegarmanah,kecamatan,yes,-6.938,107.7556,Asia/Jakarta,"BMKG representative point: Hegarmanah, Kecamatan Jatinangor",17-08-2026,UKMO,Open-Meteo / UK Met Office,18:00,2026-08-17 18:00:00,24.4,77.0,0.0,9.7,0.0,1.3253,Cerah,wmo:0
jatinangor,"Jatinangor, Sumedang",2026-08-17,32.11.15.2002,Hegarmanah,kecamatan,yes,-6.938,107.7556,Asia/Jakarta,"BMKG representative point: Hegarmanah, Kecamatan Jatinangor",17-08-2026,UKMO,Open-Meteo / UK Met Office,19:00,2026-08-17 19:00:00,22.7,86.0,0.0,7.9,0.0,1.3253,Cerah,wmo:0
jatinangor,"Jatinangor, Sumedang",2026-08-17,32.11.15.2002,Hegarmanah,kecamatan,yes,-6.938,107.7556,Asia/Jakarta,"BMKG representative point: Hegarmanah, Kecamatan Jatinangor",17-08-2026,UKMO,Open-Meteo / UK Met Office,20:00,2026-08-17 20:00:00,21.6,92.0,0.0,6.8,0.0,1.3253,Cerah,wmo:0
jatinangor,"Jatinangor, Sumedang",2026-08-17,32.11.15.2002,Hegarmanah,kecamatan,yes,-6.938,107.7556,Asia/Jakarta,"BMKG representative point: Hegarmanah, Kecamatan Jatinangor",17-08-2026,UKMO,Open-Meteo / UK Met Office,21:00,2026-08-17 21:00:00,20.7,95.0,0.0,5.8,0.0,1.3253,Cerah,wmo:0
jatinangor,"Jatinangor, Sumedang",2026-08-17,32.11.15.2002,Hegarmanah,kecamatan,yes,-6.938,107.7556,Asia/Jakarta,"BMKG representative point: Hegarmanah, Kecamatan Jatinangor",17-08-2026,UKMO,Open-Meteo / UK Met Office,22:00,2026-08-17 22:00:00,19.9,98.0,0.0,5.0,0.0,1.3253,Cerah,wmo:0
jatinangor,"Jatinangor, Sumedang",2026-08-17,32.11.15.2002,Hegarmanah,kecamatan,yes,-6.938,107.7556,Asia/Jakarta,"BMKG representative point: Hegarmanah, Kecamatan Jatinangor",17-08-2026,UKMO,Open-Meteo / UK Met Office,23:00,2026-08-17 23:00:00,19.1,99.0,0.0,4.7,0.0,1.3253,Cerah Berawan,wmo:1
arjawinangun,"Arjawinangun, Cirebon",2026-08-15,32.09.24.2004,Arjawinangun,kecamatan,no,-6.6453,108.4103,Asia/Jakarta,"BMKG point: Arjawinangun, Kecamatan Arjawinangun",15-08-2026,BMKG,BMKG,09:00,2026-08-15 12:00:00,35.0,37.0,0.0,7.7,180.0,1.0043,Berawan,Berawan
arjawinangun,"Arjawinangun, Cirebon",2026-08-15,32.09.24.2004,Arjawinangun,kecamatan,no,-6.6453,108.4103,Asia/Jakarta,"BMKG point: Arjawinangun, Kecamatan Arjawinangun",15-08-2026,BMKG,BMKG,10:00,2026-08-15 12:00:00,35.0,37.0,0.0,7.7,120.0,1.0043,Berawan,Berawan
arjawinangun,"Arjawinangun, Cirebon",2026-08-15,32.09.24.2004,Arjawinangun,kecamatan,no,-6.6453,108.4103,Asia/Jakarta,"BMKG point: Arjawinangun, Kecamatan Arjawinangun",15-08-2026,BMKG,BMKG,11:00,2026-08-15 12:00:00,35.0,37.0,0.0,7.7,60.0,1.3695,Berawan,Berawan
arjawinangun,"Arjawinangun, Cirebon",2026-08-15,32.09.24.2004,Arjawinangun,kecamatan,no,-6.6453,108.4103,Asia/Jakarta,"BMKG point: Arjawinangun, Kecamatan Arjawinangun",15-08-2026,BMKG,BMKG,12:00,2026-08-15 12:00:00,35.0,37.0,0.0,7.7,0.0,1.8261,Berawan,Berawan
arjawinangun,"Arjawinangun, Cirebon",2026-08-15,32.09.24.2004,Arjawinangun,kecamatan,no,-6.6453,108.4103,Asia/Jakarta,"BMKG point: Arjawinangun, Kecamatan Arjawinangun",15-08-2026,BMKG,BMKG,13:00,2026-08-15 12:00:00,35.0,37.0,0.0,7.7,60.0,1.3695,Berawan,Berawan
arjawinangun,"Arjawinangun, Cirebon",2026-08-15,32.09.24.2004,Arjawinangun,kecamatan,no,-6.6453,108.4103,Asia/Jakarta,"BMKG point: Arjawinangun, Kecamatan Arjawinangun",15-08-2026,BMKG,BMKG,14:00,2026-08-15 15:00:00,32.0,50.0,0.0,13.5,60.0,1.3695,Cerah Berawan,Cerah Berawan
arjawinangun,"Arjawinangun, Cirebon",2026-08-15,32.09.24.2004,Arjawinangun,kecamatan,no,-6.6453,108.4103,Asia/Jakarta,"BMKG point: Arjawinangun, Kecamatan Arjawinangun",15-08-2026,BMKG,BMKG,15:00,2026-08-15 15:00:00,32.0,50.0,0.0,13.5,0.0,1.8261,Cerah Berawan,Cerah Berawan
arjawinangun,"Arjawinangun, Cirebon",2026-08-15,32.09.24.2004,Arjawinangun,kecamatan,no,-6.6453,108.4103,Asia/Jakarta,"BMKG point: Arjawinangun, Kecamatan Arjawinangun",15-08-2026,BMKG,BMKG,16:00,2026-08-15 15:00:00,32.0,50.0,0.0,13.5,60.0,1.3695,Cerah Berawan,Cerah Berawan
arjawinangun,"Arjawinangun, Cirebon",2026-08-15,32.09.24.2004,Arjawinangun,kecamatan,no,-6.6453,108.4103,Asia/Jakarta,"BMKG point: Arjawinangun, Kecamatan Arjawinangun",15-08-2026,BMKG,BMKG,17:00,2026-08-15 18:00:00,28.0,72.0,0.0,12.8,60.0,1.3695,Berawan,Berawan
arjawinangun,"Arjawinangun, Cirebon",2026-08-15,32.09.24.2004,Arjawinangun,kecamatan,no,-6.6453,108.4103,Asia/Jakarta,"BMKG point: Arjawinangun, Kecamatan Arjawinangun",15-08-2026,BMKG,BMKG,18:00,2026-08-15 18:00:00,28.0,72.0,0.0,12.8,0.0,1.8261,Berawan,Berawan
arjawinangun,"Arjawinangun, Cirebon",2026-08-15,32.09.24.2004,Arjawinangun,kecamatan,no,-6.6453,108.4103,Asia/Jakarta,"BMKG point: Arjawinangun, Kecamatan Arjawinangun",15-08-2026,BMKG,BMKG,19:00,2026-08-15 18:00:00,28.0,72.0,0.0,12.8,60.0,1.3695,Berawan,Berawan
arjawinangun,"Arjawinangun, Cirebon",2026-08-15,32.09.24.2004,Arjawinangun,kecamatan,no,-6.6453,108.4103,Asia/Jakarta,"BMKG point: Arjawinangun, Kecamatan Arjawinangun",15-08-2026,BMKG,BMKG,20:00,2026-08-15 21:00:00,27.0,70.0,0.0,7.4,60.0,1.3695,Berawan,Berawan
arjawinangun,"Arjawinangun, Cirebon",2026-08-15,32.09.24.2004,Arjawinangun,kecamatan,no,-6.6453,108.4103,Asia/Jakarta,"BMKG point: Arjawinangun, Kecamatan Arjawinangun",15-08-2026,BMKG,BMKG,21:00,2026-08-15 21:00:00,27.0,70.0,0.0,7.4,0.0,1.8261,Berawan,Berawan
arjawinangun,"Arjawinangun, Cirebon",2026-08-15,32.09.24.2004,Arjawinangun,kecamatan,no,-6.6453,108.4103,Asia/Jakarta,"BMKG point: Arjawinangun, Kecamatan Arjawinangun",15-08-2026,BMKG,BMKG,22:00,2026-08-15 21:00:00,27.0,70.0,0.0,7.4,60.0,1.3695,Berawan,Berawan
arjawinangun,"Arjawinangun, Cirebon",2026-08-15,32.09.24.2004,Arjawinangun,kecamatan,no,-6.6453,108.4103,Asia/Jakarta,"BMKG point: Arjawinangun, Kecamatan Arjawinangun",15-08-2026,BMKG,BMKG,23:00,2026-08-15 21:00:00,27.0,70.0,0.0,7.4,120.0,1.0043,Berawan,Berawan
arjawinangun,"Arjawinangun, Cirebon",2026-08-15,32.09.24.2004,Arjawinangun,kecamatan,no,-6.6453,108.4103,Asia/Jakarta,"BMKG point: Arjawinangun, Kecamatan Arjawinangun",15-08-2026,CMA,Open-Meteo / CMA GRAPES,00:00,2026-08-15 00:00:00,24.5,84.0,0.0,11.0,0.0,1.1723,Cerah,wmo:0
arjawinangun,"Arjawinangun, Cirebon",2026-08-15,32.09.24.2004,Arjawinangun,kecamatan,no,-6.6453,108.4103,Asia/Jakarta,"BMKG point: Arjawinangun, Kecamatan Arjawinangun",15-08-2026,CMA,Open-Meteo / CMA GRAPES,01:00,2026-08-15 01:00:00,24.5,85.0,0.0,10.6,0.0,1.1723,Cerah,wmo:0
arjawinangun,"Arjawinangun, Cirebon",2026-08-15,32.09.24.2004,Arjawinangun,kecamatan,no,-6.6453,108.4103,Asia/Jakarta,"BMKG point: Arjawinangun, Kecamatan Arjawinangun",15-08-2026,CMA,Open-Meteo / CMA GRAPES,02:00,2026-08-15 02:00:00,24.4,85.0,0.0,10.2,0.0,1.1723,Cerah,wmo:0
arjawinangun,"Arjawinangun, Cirebon",2026-08-15,32.09.24.2004,Arjawinangun,kecamatan,no,-6.6453,108.4103,Asia/Jakarta,"BMKG point: Arjawinangun, Kecamatan Arjawinangun",15-08-2026,CMA,Open-Meteo / CMA GRAPES,03:00,2026-08-15 03:00:00,24.3,86.0,0.0,10.3,0.0,1.1723,Cerah,wmo:0
arjawinangun,"Arjawinangun, Cirebon",2026-08-15,32.09.24.2004,Arjawinangun,kecamatan,no,-6.6453,108.4103,Asia/Jakarta,"BMKG point: Arjawinangun, Kecamatan Arjawinangun",15-08-2026,CMA,Open-Meteo / CMA GRAPES,04:00,2026-08-15 04:00:00,24.4,85.0,0.0,10.3,0.0,1.1723,Cerah,wmo:0
arjawinangun,"Arjawinangun, Cirebon",2026-08-15,32.09.24.2004,Arjawinangun,kecamatan,no,-6.6453,108.4103,Asia/Jakarta,"BMKG point: Arjawinangun, Kecamatan Arjawinangun",15-08-2026,CMA,Open-Meteo / CMA GRAPES,05:00,2026-08-15 05:00:00,24.5,83.0,0.0,11.0,0.0,1.1723,Cerah,wmo:0
arjawinangun,"Arjawinangun, Cirebon",2026-08-15,32.09.24.2004,Arjawinangun,kecamatan,no,-6.6453,108.4103,Asia/Jakarta,"BMKG point: Arjawinangun, Kecamatan Arjawinangun",15-08-2026,CMA,Open-Meteo / CMA GRAPES,06:00,2026-08-15 06:00:00,24.7,81.0,0.0,11.7,0.0,1.1723,Cerah,wmo:0
arjawinangun,"Arjawinangun, Cirebon",2026-08-15,32.09.24.2004,Arjawinangun,kecamatan,no,-6.6453,108.4103,Asia/Jakarta,"BMKG point: Arjawinangun, Kecamatan Arjawinangun",15-08-2026,CMA,Open-Meteo / CMA GRAPES,07:00,2026-08-15 07:00:00,25.2,78.0,0.0,11.7,0.0,1.1723,Cerah,wmo:0
arjawinangun,"Arjawinangun, Cirebon",2026-08-15,32.09.24.2004,Arjawinangun,kecamatan,no,-6.6453,108.4103,Asia/Jakarta,"BMKG point: Arjawinangun, Kecamatan Arjawinangun",15-08-2026,CMA,Open-Meteo / CMA GRAPES,08:00,2026-08-15 08:00:00,26.1,74.0,0.0,10.7,0.0,1.1723,Cerah,wmo:0
arjawinangun,"Arjawinangun, Cirebon",2026-08-15,32.09.24.2004,Arjawinangun,kecamatan,no,-6.6453,108.4103,Asia/Jakarta,"BMKG point: Arjawinangun, Kecamatan Arjawinangun",15-08-2026,CMA,Open-Meteo / CMA GRAPES,09:00,2026-08-15 09:00:00,27.2,70.0,0.0,9.0,0.0,1.1723,Cerah,wmo:0
arjawinangun,"Arjawinangun, Cirebon",2026-08-15,32.09.24.2004,Arjawinangun,kecamatan,no,-6.6453,108.4103,Asia/Jakarta,"BMKG point: Arjawinangun, Kecamatan Arjawinangun",15-08-2026,CMA,Open-Meteo / CMA GRAPES,10:00,2026-08-15 10:00:00,28.4,65.0,0.0,8.2,0.0,1.1723,Cerah,wmo:0
arjawinangun,"Arjawinangun, Cirebon",2026-08-15,32.09.24.2004,Arjawinangun,kecamatan,no,-6.6453,108.4103,Asia/Jakarta,"BMKG point: Arjawinangun, Kecamatan Arjawinangun",15-08-2026,CMA,Open-Meteo / CMA GRAPES,11:00,2026-08-15 11:00:00,29.8,60.0,0.0,8.6,0.0,1.1723,Cerah,wmo:0
arjawinangun,"Arjawinangun, Cirebon",2026-08-15,32.09.24.2004,Arjawinangun,kecamatan,no,-6.6453,108.4103,Asia/Jakarta,"BMKG point: Arjawinangun, Kecamatan Arjawinangun",15-08-2026,CMA,Open-Meteo / CMA GRAPES,12:00,2026-08-15 12:00:00,31.2,54.0,0.0,9.4,0.0,1.1723,Cerah,wmo:0
arjawinangun,"Arjawinangun, Cirebon",2026-08-15,32.09.24.2004,Arjawinangun,kecamatan,no,-6.6453,108.4103,Asia/Jakarta,"BMKG point: Arjawinangun, Kecamatan Arjawinangun",15-08-2026,CMA,Open-Meteo / CMA GRAPES,13:00,2026-08-15 13:00:00,32.1,51.0,0.0,10.4,0.0,1.1723,Cerah,wmo:0
arjawinangun,"Arjawinangun, Cirebon",2026-08-15,32.09.24.2004,Arjawinangun,kecamatan,no,-6.6453,108.4103,Asia/Jakarta,"BMKG point: Arjawinangun, Kecamatan Arjawinangun",15-08-2026,CMA,Open-Meteo / CMA GRAPES,14:00,2026-08-15 14:00:00,32.0,52.0,0.0,11.5,0.0,1.1723,Cerah,wmo:0
arjawinangun,"Arjawinangun, Cirebon",2026-08-15,32.09.24.2004,Arjawinangun,kecamatan,no,-6.6453,108.4103,Asia/Jakarta,"BMKG point: Arjawinangun, Kecamatan Arjawinangun",15-08-2026,CMA,Open-Meteo / CMA GRAPES,15:00,2026-08-15 15:00:00,31.5,56.0,0.0,12.5,0.0,1.1723,Cerah,wmo:0
arjawinangun,"Arjawinangun, Cirebon",2026-08-15,32.09.24.2004,Arjawinangun,kecamatan,no,-6.6453,108.4103,Asia/Jakarta,"BMKG point: Arjawinangun, Kecamatan Arjawinangun",15-08-2026,CMA,Open-Meteo / CMA GRAPES,16:00,2026-08-15 16:00:00,30.6,61.0,0.0,13.2,0.0,1.1723,Cerah,wmo:0
arjawinangun,"Arjawinangun, Cirebon",2026-08-15,32.09.24.2004,Arjawinangun,kecamatan,no,-6.6453,108.4103,Asia/Jakarta,"BMKG point: Arjawinangun, Kecamatan Arjawinangun",15-08-2026,CMA,Open-Meteo / CMA GRAPES,17:00,2026-08-15 17:00:00,29.5,66.0,0.0,13.0,0.0,1.1723,Cerah,wmo:0
arjawinangun,"Arjawinangun, Cirebon",2026-08-15,32.09.24.2004,Arjawinangun,kecamatan,no,-6.6453,108.4103,Asia/Jakarta,"BMKG point: Arjawinangun, Kecamatan Arjawinangun",15-08-2026,CMA,Open-Meteo / CMA GRAPES,18:00,2026-08-15 18:00:00,28.2,71.0,0.0,12.3,0.0,1.1723,Cerah,wmo:0
arjawinangun,"Arjawinangun, Cirebon",2026-08-15,32.09.24.2004,Arjawinangun,kecamatan,no,-6.6453,108.4103,Asia/Jakarta,"BMKG point: Arjawinangun, Kecamatan Arjawinangun",15-08-2026,CMA,Open-Meteo / CMA GRAPES,19:00,2026-08-15 19:00:00,27.0,75.0,0.0,11.8,0.0,1.1723,Cerah,wmo:0
arjawinangun,"Arjawinangun, Cirebon",2026-08-15,32.09.24.2004,Arjawinangun,kecamatan,no,-6.6453,108.4103,Asia/Jakarta,"BMKG point: Arjawinangun, Kecamatan Arjawinangun",15-08-2026,CMA,Open-Meteo / CMA GRAPES,20:00,2026-08-15 20:00:00,26.1,77.0,0.0,11.3,0.0,1.1723,Cerah,wmo:0
arjawinangun,"Arjawinangun, Cirebon",2026-08-15,32.09.24.2004,Arjawinangun,kecamatan,no,-6.6453,108.4103,Asia/Jakarta,"BMKG point: Arjawinangun, Kecamatan Arjawinangun",15-08-2026,CMA,Open-Meteo / CMA GRAPES,21:00,2026-08-15 21:00:00,25.4,78.0,0.0,11.3,0.0,1.1723,Cerah,wmo:0
arjawinangun,"Arjawinangun, Cirebon",2026-08-15,32.09.24.2004,Arjawinangun,kecamatan,no,-6.6453,108.4103,Asia/Jakarta,"BMKG point: Arjawinangun, Kecamatan Arjawinangun",15-08-2026,CMA,Open-Meteo / CMA GRAPES,22:00,2026-08-15 22:00:00,24.8,79.0,0.0,11.0,0.0,1.1723,Cerah,wmo:0
arjawinangun,"Arjawinangun, Cirebon",2026-08-15,32.09.24.2004,Arjawinangun,kecamatan,no,-6.6453,108.4103,Asia/Jakarta,"BMKG point: Arjawinangun, Kecamatan Arjawinangun",15-08-2026,CMA,Open-Meteo / CMA GRAPES,23:00,2026-08-15 23:00:00,24.4,79.0,0.0,10.8,0.0,1.1723,Cerah,wmo:0
arjawinangun,"Arjawinangun, Cirebon",2026-08-15,32.09.24.2004,Arjawinangun,kecamatan,no,-6.6453,108.4103,Asia/Jakarta,"BMKG point: Arjawinangun, Kecamatan Arjawinangun",15-08-2026,ECMWF,Open-Meteo / ECMWF,00:00,2026-08-15 00:00:00,24.8,79.0,0.0,2.9,0.0,1.7143,Cerah Berawan,wmo:1
arjawinangun,"Arjawinangun, Cirebon",2026-08-15,32.09.24.2004,Arjawinangun,kecamatan,no,-6.6453,108.4103,Asia/Jakarta,"BMKG point: Arjawinangun, Kecamatan Arjawinangun",15-08-2026,ECMWF,Open-Meteo / ECMWF,01:00,2026-08-15 01:00:00,24.5,80.0,0.0,3.4,0.0,1.7143,Cerah Berawan,wmo:1
arjawinangun,"Arjawinangun, Cirebon",2026-08-15,32.09.24.2004,Arjawinangun,kecamatan,no,-6.6453,108.4103,Asia/Jakarta,"BMKG point: Arjawinangun, Kecamatan Arjawinangun",15-08-2026,ECMWF,Open-Meteo / ECMWF,02:00,2026-08-15 02:00:00,24.0,82.0,0.0,3.4,0.0,1.7143,Cerah Berawan,wmo:2
arjawinangun,"Arjawinangun, Cirebon",2026-08-15,32.09.24.2004,Arjawinangun,kecamatan,no,-6.6453,108.4103,Asia/Jakarta,"BMKG point: Arjawinangun, Kecamatan Arjawinangun",15-08-2026,ECMWF,Open-Meteo / ECMWF,03:00,2026-08-15 03:00:00,23.5,84.0,0.0,2.9,0.0,1.7143,Cerah Berawan,wmo:2
arjawinangun,"Arjawinangun, Cirebon",2026-08-15,32.09.24.2004,Arjawinangun,kecamatan,no,-6.6453,108.4103,Asia/Jakarta,"BMKG point: Arjawinangun, Kecamatan Arjawinangun",15-08-2026,ECMWF,Open-Meteo / ECMWF,04:00,2026-08-15 04:00:00,23.3,84.0,0.0,2.5,0.0,1.7143,Cerah Berawan,wmo:2
arjawinangun,"Arjawinangun, Cirebon",2026-08-15,32.09.24.2004,Arjawinangun,kecamatan,no,-6.6453,108.4103,Asia/Jakarta,"BMKG point: Arjawinangun, Kecamatan Arjawinangun",15-08-2026,ECMWF,Open-Meteo / ECMWF,05:00,2026-08-15 05:00:00,23.5,82.0,0.0,2.9,0.0,1.7143,Cerah Berawan,wmo:2
arjawinangun,"Arjawinangun, Cirebon",2026-08-15,32.09.24.2004,Arjawinangun,kecamatan,no,-6.6453,108.4103,Asia/Jakarta,"BMKG point: Arjawinangun, Kecamatan Arjawinangun",15-08-2026,ECMWF,Open-Meteo / ECMWF,06:00,2026-08-15 06:00:00,24.0,79.0,0.0,3.1,0.0,1.7143,Berawan,wmo:3
arjawinangun,"Arjawinangun, Cirebon",2026-08-15,32.09.24.2004,Arjawinangun,kecamatan,no,-6.6453,108.4103,Asia/Jakarta,"BMKG point: Arjawinangun, Kecamatan Arjawinangun",15-08-2026,ECMWF,Open-Meteo / ECMWF,07:00,2026-08-15 07:00:00,25.1,74.0,0.0,3.1,0.0,1.7143,Berawan,wmo:3
arjawinangun,"Arjawinangun, Cirebon",2026-08-15,32.09.24.2004,Arjawinangun,kecamatan,no,-6.6453,108.4103,Asia/Jakarta,"BMKG point: Arjawinangun, Kecamatan Arjawinangun",15-08-2026,ECMWF,Open-Meteo / ECMWF,08:00,2026-08-15 08:00:00,27.2,66.0,0.0,1.8,0.0,1.7143,Berawan,wmo:3
arjawinangun,"Arjawinangun, Cirebon",2026-08-15,32.09.24.2004,Arjawinangun,kecamatan,no,-6.6453,108.4103,Asia/Jakarta,"BMKG point: Arjawinangun, Kecamatan Arjawinangun",15-08-2026,ECMWF,Open-Meteo / ECMWF,09:00,2026-08-15 09:00:00,29.8,56.0,0.0,0.8,0.0,1.7143,Cerah Berawan,wmo:2
arjawinangun,"Arjawinangun, Cirebon",2026-08-15,32.09.24.2004,Arjawinangun,kecamatan,no,-6.6453,108.4103,Asia/Jakarta,"BMKG point: Arjawinangun, Kecamatan Arjawinangun",15-08-2026,ECMWF,Open-Meteo / ECMWF,10:00,2026-08-15 10:00:00,31.9,49.0,0.0,2.6,0.0,1.7143,Cerah Berawan,wmo:2
arjawinangun,"Arjawinangun, Cirebon",2026-08-15,32.09.24.2004,Arjawinangun,kecamatan,no,-6.6453,108.4103,Asia/Jakarta,"BMKG point: Arjawinangun, Kecamatan Arjawinangun",15-08-2026,ECMWF,Open-Meteo / ECMWF,11:00,2026-08-15 11:00:00,33.1,45.0,0.0,5.2,0.0,1.7143,Cerah Berawan,wmo:2
arjawinangun,"Arjawinangun, Cirebon",2026-08-15,32.09.24.2004,Arjawinangun,kecamatan,no,-6.6453,108.4103,Asia/Jakarta,"BMKG point: Arjawinangun, Kecamatan Arjawinangun",15-08-2026,ECMWF,Open-Meteo / ECMWF,12:00,2026-08-15 12:00:00,33.9,43.0,0.0,8.0,0.0,1.7143,Berawan,wmo:3
arjawinangun,"Arjawinangun, Cirebon",2026-08-15,32.09.24.2004,Arjawinangun,kecamatan,no,-6.6453,108.4103,Asia/Jakarta,"BMKG point: Arjawinangun, Kecamatan Arjawinangun",15-08-2026,ECMWF,Open-Meteo / ECMWF,13:00,2026-08-15 13:00:00,34.1,43.0,0.0,10.1,0.0,1.7143,Berawan,wmo:3
arjawinangun,"Arjawinangun, Cirebon",2026-08-15,32.09.24.2004,Arjawinangun,kecamatan,no,-6.6453,108.4103,Asia/Jakarta,"BMKG point: Arjawinangun, Kecamatan Arjawinangun",15-08-2026,ECMWF,Open-Meteo / ECMWF,14:00,2026-08-15 14:00:00,33.4,47.0,0.3,11.6,0.0,1.7143,Hujan Ringan,wmo:51
arjawinangun,"Arjawinangun, Cirebon",2026-08-15,32.09.24.2004,Arjawinangun,kecamatan,no,-6.6453,108.4103,Asia/Jakarta,"BMKG point: Arjawinangun, Kecamatan Arjawinangun",15-08-2026,ECMWF,Open-Meteo / ECMWF,15:00,2026-08-15 15:00:00,32.2,53.0,0.3,12.1,0.0,1.7143,Hujan Ringan,wmo:51
arjawinangun,"Arjawinangun, Cirebon",2026-08-15,32.09.24.2004,Arjawinangun,kecamatan,no,-6.6453,108.4103,Asia/Jakarta,"BMKG point: Arjawinangun, Kecamatan Arjawinangun",15-08-2026,ECMWF,Open-Meteo / ECMWF,16:00,2026-08-15 16:00:00,30.9,59.0,0.3,12.4,0.0,1.7143,Hujan Ringan,wmo:51
arjawinangun,"Arjawinangun, Cirebon",2026-08-15,32.09.24.2004,Arjawinangun,kecamatan,no,-6.6453,108.4103,Asia/Jakarta,"BMKG point: Arjawinangun, Kecamatan Arjawinangun",15-08-2026,ECMWF,Open-Meteo / ECMWF,17:00,2026-08-15 17:00:00,29.7,65.0,0.0,12.3,0.0,1.7143,Berawan,wmo:3
arjawinangun,"Arjawinangun, Cirebon",2026-08-15,32.09.24.2004,Arjawinangun,kecamatan,no,-6.6453,108.4103,Asia/Jakarta,"BMKG point: Arjawinangun, Kecamatan Arjawinangun",15-08-2026,ECMWF,Open-Meteo / ECMWF,18:00,2026-08-15 18:00:00,28.5,72.0,0.0,11.5,0.0,1.7143,Berawan,wmo:3
arjawinangun,"Arjawinangun, Cirebon",2026-08-15,32.09.24.2004,Arjawinangun,kecamatan,no,-6.6453,108.4103,Asia/Jakarta,"BMKG point: Arjawinangun, Kecamatan Arjawinangun",15-08-2026,ECMWF,Open-Meteo / ECMWF,19:00,2026-08-15 19:00:00,27.5,77.0,0.0,10.5,0.0,1.7143,Berawan,wmo:3
arjawinangun,"Arjawinangun, Cirebon",2026-08-15,32.09.24.2004,Arjawinangun,kecamatan,no,-6.6453,108.4103,Asia/Jakarta,"BMKG point: Arjawinangun, Kecamatan Arjawinangun",15-08-2026,ECMWF,Open-Meteo / ECMWF,20:00,2026-08-15 20:00:00,26.9,79.0,0.0,8.1,0.0,1.7143,Berawan,wmo:3
arjawinangun,"Arjawinangun, Cirebon",2026-08-15,32.09.24.2004,Arjawinangun,kecamatan,no,-6.6453,108.4103,Asia/Jakarta,"BMKG point: Arjawinangun, Kecamatan Arjawinangun",15-08-2026,ECMWF,Open-Meteo / ECMWF,21:00,2026-08-15 21:00:00,26.6,79.0,0.0,5.2,0.0,1.7143,Berawan,wmo:3
arjawinangun,"Arjawinangun, Cirebon",2026-08-15,32.09.24.2004,Arjawinangun,kecamatan,no,-6.6453,108.4103,Asia/Jakarta,"BMKG point: Arjawinangun, Kecamatan Arjawinangun",15-08-2026,ECMWF,Open-Meteo / ECMWF,22:00,2026-08-15 22:00:00,26.2,79.0,0.0,3.7,0.0,1.7143,Berawan,wmo:3
arjawinangun,"Arjawinangun, Cirebon",2026-08-15,32.09.24.2004,Arjawinangun,kecamatan,no,-6.6453,108.4103,Asia/Jakarta,"BMKG point: Arjawinangun, Kecamatan Arjawinangun",15-08-2026,ECMWF,Open-Meteo / ECMWF,23:00,2026-08-15 23:00:00,25.6,81.0,0.0,3.3,0.0,1.7143,Berawan,wmo:3
arjawinangun,"Arjawinangun, Cirebon",2026-08-15,32.09.24.2004,Arjawinangun,kecamatan,no,-6.6453,108.4103,Asia/Jakarta,"BMKG point: Arjawinangun, Kecamatan Arjawinangun",15-08-2026,GFS,Open-Meteo / NOAA GFS,00:00,2026-08-15 00:00:00,24.1,71.0,0.0,2.2,0.0,1.3947,Cerah,wmo:0
arjawinangun,"Arjawinangun, Cirebon",2026-08-15,32.09.24.2004,Arjawinangun,kecamatan,no,-6.6453,108.4103,Asia/Jakarta,"BMKG point: Arjawinangun, Kecamatan Arjawinangun",15-08-2026,GFS,Open-Meteo / NOAA GFS,01:00,2026-08-15 01:00:00,23.6,73.0,0.0,1.4,0.0,1.3947,Cerah Berawan,wmo:1
arjawinangun,"Arjawinangun, Cirebon",2026-08-15,32.09.24.2004,Arjawinangun,kecamatan,no,-6.6453,108.4103,Asia/Jakarta,"BMKG point: Arjawinangun, Kecamatan Arjawinangun",15-08-2026,GFS,Open-Meteo / NOAA GFS,02:00,2026-08-15 02:00:00,23.2,75.0,0.0,3.6,0.0,1.3947,Berawan,wmo:3
arjawinangun,"Arjawinangun, Cirebon",2026-08-15,32.09.24.2004,Arjawinangun,kecamatan,no,-6.6453,108.4103,Asia/Jakarta,"BMKG point: Arjawinangun, Kecamatan Arjawinangun",15-08-2026,GFS,Open-Meteo / NOAA GFS,03:00,2026-08-15 03:00:00,22.8,75.0,0.0,7.1,0.0,1.3947,Cerah,wmo:0
arjawinangun,"Arjawinangun, Cirebon",2026-08-15,32.09.24.2004,Arjawinangun,kecamatan,no,-6.6453,108.4103,Asia/Jakarta,"BMKG point: Arjawinangun, Kecamatan Arjawinangun",15-08-2026,GFS,Open-Meteo / NOAA GFS,04:00,2026-08-15 04:00:00,22.5,76.0,0.0,6.2,0.0,1.3947,Cerah,wmo:0
arjawinangun,"Arjawinangun, Cirebon",2026-08-15,32.09.24.2004,Arjawinangun,kecamatan,no,-6.6453,108.4103,Asia/Jakarta,"BMKG point: Arjawinangun, Kecamatan Arjawinangun",15-08-2026,GFS,Open-Meteo / NOAA GFS,05:00,2026-08-15 05:00:00,22.2,76.0,0.0,5.1,0.0,1.3947,Cerah,wmo:0
arjawinangun,"Arjawinangun, Cirebon",2026-08-15,32.09.24.2004,Arjawinangun,kecamatan,no,-6.6453,108.4103,Asia/Jakarta,"BMKG point: Arjawinangun, Kecamatan Arjawinangun",15-08-2026,GFS,Open-Meteo / NOAA GFS,06:00,2026-08-15 06:00:00,22.1,77.0,0.0,5.6,0.0,1.3947,Cerah,wmo:0
arjawinangun,"Arjawinangun, Cirebon",2026-08-15,32.09.24.2004,Arjawinangun,kecamatan,no,-6.6453,108.4103,Asia/Jakarta,"BMKG point: Arjawinangun, Kecamatan Arjawinangun",15-08-2026,GFS,Open-Meteo / NOAA GFS,07:00,2026-08-15 07:00:00,24.6,66.0,0.0,5.4,0.0,1.3947,Cerah,wmo:0
arjawinangun,"Arjawinangun, Cirebon",2026-08-15,32.09.24.2004,Arjawinangun,kecamatan,no,-6.6453,108.4103,Asia/Jakarta,"BMKG point: Arjawinangun, Kecamatan Arjawinangun",15-08-2026,GFS,Open-Meteo / NOAA GFS,08:00,2026-08-15 08:00:00,27.8,55.0,0.0,1.6,0.0,1.3947,Cerah,wmo:0
arjawinangun,"Arjawinangun, Cirebon",2026-08-15,32.09.24.2004,Arjawinangun,kecamatan,no,-6.6453,108.4103,Asia/Jakarta,"BMKG point: Arjawinangun, Kecamatan Arjawinangun",15-08-2026,GFS,Open-Meteo / NOAA GFS,09:00,2026-08-15 09:00:00,30.2,47.0,0.0,5.4,0.0,1.3947,Cerah Berawan,wmo:2
arjawinangun,"Arjawinangun, Cirebon",2026-08-15,32.09.24.2004,Arjawinangun,kecamatan,no,-6.6453,108.4103,Asia/Jakarta,"BMKG point: Arjawinangun, Kecamatan Arjawinangun",15-08-2026,GFS,Open-Meteo / NOAA GFS,10:00,2026-08-15 10:00:00,32.2,42.0,0.0,9.7,0.0,1.3947,Cerah,wmo:0
arjawinangun,"Arjawinangun, Cirebon",2026-08-15,32.09.24.2004,Arjawinangun,kecamatan,no,-6.6453,108.4103,Asia/Jakarta,"BMKG point: Arjawinangun, Kecamatan Arjawinangun",15-08-2026,GFS,Open-Meteo / NOAA GFS,11:00,2026-08-15 11:00:00,33.8,39.0,0.0,14.6,0.0,1.3947,Cerah,wmo:0
arjawinangun,"Arjawinangun, Cirebon",2026-08-15,32.09.24.2004,Arjawinangun,kecamatan,no,-6.6453,108.4103,Asia/Jakarta,"BMKG point: Arjawinangun, Kecamatan Arjawinangun",15-08-2026,GFS,Open-Meteo / NOAA GFS,12:00,2026-08-15 12:00:00,34.5,38.0,0.0,19.7,0.0,1.3947,Cerah,wmo:0
arjawinangun,"Arjawinangun, Cirebon",2026-08-15,32.09.24.2004,Arjawinangun,kecamatan,no,-6.6453,108.4103,Asia/Jakarta,"BMKG point: Arjawinangun, Kecamatan Arjawinangun",15-08-2026,GFS,Open-Meteo / NOAA GFS,13:00,2026-08-15 13:00:00,34.2,39.0,0.0,22.9,0.0,1.3947,Berawan,wmo:3
arjawinangun,"Arjawinangun, Cirebon",2026-08-15,32.09.24.2004,Arjawinangun,kecamatan,no,-6.6453,108.4103,Asia/Jakarta,"BMKG point: Arjawinangun, Kecamatan Arjawinangun",15-08-2026,GFS,Open-Meteo / NOAA GFS,14:00,2026-08-15 14:00:00,33.3,42.0,0.0,24.1,0.0,1.3947,Cerah Berawan,wmo:1
arjawinangun,"Arjawinangun, Cirebon",2026-08-15,32.09.24.2004,Arjawinangun,kecamatan,no,-6.6453,108.4103,Asia/Jakarta,"BMKG point: Arjawinangun, Kecamatan Arjawinangun",15-08-2026,GFS,Open-Meteo / NOAA GFS,15:00,2026-08-15 15:00:00,32.0,48.0,0.0,21.6,0.0,1.3947,Cerah Berawan,wmo:2
arjawinangun,"Arjawinangun, Cirebon",2026-08-15,32.09.24.2004,Arjawinangun,kecamatan,no,-6.6453,108.4103,Asia/Jakarta,"BMKG point: Arjawinangun, Kecamatan Arjawinangun",15-08-2026,GFS,Open-Meteo / NOAA GFS,16:00,2026-08-15 16:00:00,30.5,54.0,0.0,20.0,0.0,1.3947,Cerah Berawan,wmo:2
arjawinangun,"Arjawinangun, Cirebon",2026-08-15,32.09.24.2004,Arjawinangun,kecamatan,no,-6.6453,108.4103,Asia/Jakarta,"BMKG point: Arjawinangun, Kecamatan Arjawinangun",15-08-2026,GFS,Open-Meteo / NOAA GFS,17:00,2026-08-15 17:00:00,28.9,62.0,0.0,14.5,0.0,1.3947,Cerah Berawan,wmo:1
arjawinangun,"Arjawinangun, Cirebon",2026-08-15,32.09.24.2004,Arjawinangun,kecamatan,no,-6.6453,108.4103,Asia/Jakarta,"BMKG point: Arjawinangun, Kecamatan Arjawinangun",15-08-2026,GFS,Open-Meteo / NOAA GFS,18:00,2026-08-15 18:00:00,26.7,73.0,0.0,10.1,0.0,1.3947,Cerah Berawan,wmo:2
arjawinangun,"Arjawinangun, Cirebon",2026-08-15,32.09.24.2004,Arjawinangun,kecamatan,no,-6.6453,108.4103,Asia/Jakarta,"BMKG point: Arjawinangun, Kecamatan Arjawinangun",15-08-2026,GFS,Open-Meteo / NOAA GFS,19:00,2026-08-15 19:00:00,25.7,78.0,0.1,9.2,0.0,1.3947,Hujan Ringan,wmo:51
arjawinangun,"Arjawinangun, Cirebon",2026-08-15,32.09.24.2004,Arjawinangun,kecamatan,no,-6.6453,108.4103,Asia/Jakarta,"BMKG point: Arjawinangun, Kecamatan Arjawinangun",15-08-2026,GFS,Open-Meteo / NOAA GFS,20:00,2026-08-15 20:00:00,25.4,78.0,0.0,7.6,0.0,1.3947,Cerah,wmo:0
arjawinangun,"Arjawinangun, Cirebon",2026-08-15,32.09.24.2004,Arjawinangun,kecamatan,no,-6.6453,108.4103,Asia/Jakarta,"BMKG point: Arjawinangun, Kecamatan Arjawinangun",15-08-2026,GFS,Open-Meteo / NOAA GFS,21:00,2026-08-15 21:00:00,25.1,77.0,0.0,7.9,0.0,1.3947,Cerah,wmo:0
arjawinangun,"Arjawinangun, Cirebon",2026-08-15,32.09.24.2004,Arjawinangun,kecamatan,no,-6.6453,108.4103,Asia/Jakarta,"BMKG point: Arjawinangun, Kecamatan Arjawinangun",15-08-2026,GFS,Open-Meteo / NOAA GFS,22:00,2026-08-15 22:00:00,24.7,75.0,0.0,6.6,0.0,1.3947,Berawan,wmo:3
arjawinangun,"Arjawinangun, Cirebon",2026-08-15,32.09.24.2004,Arjawinangun,kecamatan,no,-6.6453,108.4103,Asia/Jakarta,"BMKG point: Arjawinangun, Kecamatan Arjawinangun",15-08-2026,GFS,Open-Meteo / NOAA GFS,23:00,2026-08-15 23:00:00,24.2,75.0,0.0,5.4,0.0,1.3947,Cerah Berawan,wmo:1
arjawinangun,"Arjawinangun, Cirebon",2026-08-15,32.09.24.2004,Arjawinangun,kecamatan,no,-6.6453,108.4103,Asia/Jakarta,"BMKG point: Arjawinangun, Kecamatan Arjawinangun",15-08-2026,ICON,Open-Meteo / DWD ICON,00:00,2026-08-15 00:00:00,24.7,76.0,0.0,2.4,0.0,1.4739,Cerah,wmo:0
arjawinangun,"Arjawinangun, Cirebon",2026-08-15,32.09.24.2004,Arjawinangun,kecamatan,no,-6.6453,108.4103,Asia/Jakarta,"BMKG point: Arjawinangun, Kecamatan Arjawinangun",15-08-2026,ICON,Open-Meteo / DWD ICON,01:00,2026-08-15 01:00:00,24.5,75.0,0.0,2.9,0.0,1.4739,Cerah,wmo:0
arjawinangun,"Arjawinangun, Cirebon",2026-08-15,32.09.24.2004,Arjawinangun,kecamatan,no,-6.6453,108.4103,Asia/Jakarta,"BMKG point: Arjawinangun, Kecamatan Arjawinangun",15-08-2026,ICON,Open-Meteo / DWD ICON,02:00,2026-08-15 02:00:00,24.4,75.0,0.0,1.8,0.0,1.4739,Cerah,wmo:0
arjawinangun,"Arjawinangun, Cirebon",2026-08-15,32.09.24.2004,Arjawinangun,kecamatan,no,-6.6453,108.4103,Asia/Jakarta,"BMKG point: Arjawinangun, Kecamatan Arjawinangun",15-08-2026,ICON,Open-Meteo / DWD ICON,03:00,2026-08-15 03:00:00,24.3,75.0,0.0,1.1,0.0,1.4739,Cerah Berawan,wmo:1
arjawinangun,"Arjawinangun, Cirebon",2026-08-15,32.09.24.2004,Arjawinangun,kecamatan,no,-6.6453,108.4103,Asia/Jakarta,"BMKG point: Arjawinangun, Kecamatan Arjawinangun",15-08-2026,ICON,Open-Meteo / DWD ICON,04:00,2026-08-15 04:00:00,24.1,75.0,0.0,1.3,0.0,1.4739,Cerah Berawan,wmo:1
arjawinangun,"Arjawinangun, Cirebon",2026-08-15,32.09.24.2004,Arjawinangun,kecamatan,no,-6.6453,108.4103,Asia/Jakarta,"BMKG point: Arjawinangun, Kecamatan Arjawinangun",15-08-2026,ICON,Open-Meteo / DWD ICON,05:00,2026-08-15 05:00:00,23.8,75.0,0.0,1.6,0.0,1.4739,Cerah Berawan,wmo:1
arjawinangun,"Arjawinangun, Cirebon",2026-08-15,32.09.24.2004,Arjawinangun,kecamatan,no,-6.6453,108.4103,Asia/Jakarta,"BMKG point: Arjawinangun, Kecamatan Arjawinangun",15-08-2026,ICON,Open-Meteo / DWD ICON,06:00,2026-08-15 06:00:00,23.6,76.0,0.0,1.5,0.0,1.4739,Cerah Berawan,wmo:1
arjawinangun,"Arjawinangun, Cirebon",2026-08-15,32.09.24.2004,Arjawinangun,kecamatan,no,-6.6453,108.4103,Asia/Jakarta,"BMKG point: Arjawinangun, Kecamatan Arjawinangun",15-08-2026,ICON,Open-Meteo / DWD ICON,07:00,2026-08-15 07:00:00,24.3,75.0,0.0,2.2,0.0,1.4739,Cerah Berawan,wmo:1
arjawinangun,"Arjawinangun, Cirebon",2026-08-15,32.09.24.2004,Arjawinangun,kecamatan,no,-6.6453,108.4103,Asia/Jakarta,"BMKG point: Arjawinangun, Kecamatan Arjawinangun",15-08-2026,ICON,Open-Meteo / DWD ICON,08:00,2026-08-15 08:00:00,27.3,65.0,0.0,2.9,0.0,1.4739,Cerah Berawan,wmo:1
arjawinangun,"Arjawinangun, Cirebon",2026-08-15,32.09.24.2004,Arjawinangun,kecamatan,no,-6.6453,108.4103,Asia/Jakarta,"BMKG point: Arjawinangun, Kecamatan Arjawinangun",15-08-2026,ICON,Open-Meteo / DWD ICON,09:00,2026-08-15 09:00:00,30.0,55.0,0.0,2.7,0.0,1.4739,Cerah,wmo:0
arjawinangun,"Arjawinangun, Cirebon",2026-08-15,32.09.24.2004,Arjawinangun,kecamatan,no,-6.6453,108.4103,Asia/Jakarta,"BMKG point: Arjawinangun, Kecamatan Arjawinangun",15-08-2026,ICON,Open-Meteo / DWD ICON,10:00,2026-08-15 10:00:00,32.1,48.0,0.0,5.5,0.0,1.4739,Cerah Berawan,wmo:1
arjawinangun,"Arjawinangun, Cirebon",2026-08-15,32.09.24.2004,Arjawinangun,kecamatan,no,-6.6453,108.4103,Asia/Jakarta,"BMKG point: Arjawinangun, Kecamatan Arjawinangun",15-08-2026,ICON,Open-Meteo / DWD ICON,11:00,2026-08-15 11:00:00,33.6,44.0,0.0,9.4,0.0,1.4739,Cerah Berawan,wmo:1
arjawinangun,"Arjawinangun, Cirebon",2026-08-15,32.09.24.2004,Arjawinangun,kecamatan,no,-6.6453,108.4103,Asia/Jakarta,"BMKG point: Arjawinangun, Kecamatan Arjawinangun",15-08-2026,ICON,Open-Meteo / DWD ICON,12:00,2026-08-15 12:00:00,34.5,42.0,0.0,12.6,0.0,1.4739,Cerah Berawan,wmo:1
arjawinangun,"Arjawinangun, Cirebon",2026-08-15,32.09.24.2004,Arjawinangun,kecamatan,no,-6.6453,108.4103,Asia/Jakarta,"BMKG point: Arjawinangun, Kecamatan Arjawinangun",15-08-2026,ICON,Open-Meteo / DWD ICON,13:00,2026-08-15 13:00:00,34.6,42.0,0.0,15.3,0.0,1.4739,Cerah Berawan,wmo:1
arjawinangun,"Arjawinangun, Cirebon",2026-08-15,32.09.24.2004,Arjawinangun,kecamatan,no,-6.6453,108.4103,Asia/Jakarta,"BMKG point: Arjawinangun, Kecamatan Arjawinangun",15-08-2026,ICON,Open-Meteo / DWD ICON,14:00,2026-08-15 14:00:00,33.9,44.0,0.0,18.0,0.0,1.4739,Cerah Berawan,wmo:1
arjawinangun,"Arjawinangun, Cirebon",2026-08-15,32.09.24.2004,Arjawinangun,kecamatan,no,-6.6453,108.4103,Asia/Jakarta,"BMKG point: Arjawinangun, Kecamatan Arjawinangun",15-08-2026,ICON,Open-Meteo / DWD ICON,15:00,2026-08-15 15:00:00,33.0,46.0,0.0,18.7,0.0,1.4739,Cerah Berawan,wmo:1
arjawinangun,"Arjawinangun, Cirebon",2026-08-15,32.09.24.2004,Arjawinangun,kecamatan,no,-6.6453,108.4103,Asia/Jakarta,"BMKG point: Arjawinangun, Kecamatan Arjawinangun",15-08-2026,ICON,Open-Meteo / DWD ICON,16:00,2026-08-15 16:00:00,31.6,54.0,0.0,18.4,0.0,1.4739,Cerah Berawan,wmo:1
arjawinangun,"Arjawinangun, Cirebon",2026-08-15,32.09.24.2004,Arjawinangun,kecamatan,no,-6.6453,108.4103,Asia/Jakarta,"BMKG point: Arjawinangun, Kecamatan Arjawinangun",15-08-2026,ICON,Open-Meteo / DWD ICON,17:00,2026-08-15 17:00:00,29.9,60.0,0.0,16.3,0.0,1.4739,Cerah Berawan,wmo:1
arjawinangun,"Arjawinangun, Cirebon",2026-08-15,32.09.24.2004,Arjawinangun,kecamatan,no,-6.6453,108.4103,Asia/Jakarta,"BMKG point: Arjawinangun, Kecamatan Arjawinangun",15-08-2026,ICON,Open-Meteo / DWD ICON,18:00,2026-08-15 18:00:00,28.2,70.0,0.0,12.0,0.0,1.4739,Cerah Berawan,wmo:1
arjawinangun,"Arjawinangun, Cirebon",2026-08-15,32.09.24.2004,Arjawinangun,kecamatan,no,-6.6453,108.4103,Asia/Jakarta,"BMKG point: Arjawinangun, Kecamatan Arjawinangun",15-08-2026,ICON,Open-Meteo / DWD ICON,19:00,2026-08-15 19:00:00,27.3,77.0,0.0,8.6,0.0,1.4739,Cerah Berawan,wmo:2
arjawinangun,"Arjawinangun, Cirebon",2026-08-15,32.09.24.2004,Arjawinangun,kecamatan,no,-6.6453,108.4103,Asia/Jakarta,"BMKG point: Arjawinangun, Kecamatan Arjawinangun",15-08-2026,ICON,Open-Meteo / DWD ICON,20:00,2026-08-15 20:00:00,26.8,81.0,0.0,7.6,0.0,1.4739,Cerah Berawan,wmo:2
arjawinangun,"Arjawinangun, Cirebon",2026-08-15,32.09.24.2004,Arjawinangun,kecamatan,no,-6.6453,108.4103,Asia/Jakarta,"BMKG point: Arjawinangun, Kecamatan Arjawinangun",15-08-2026,ICON,Open-Meteo / DWD ICON,21:00,2026-08-15 21:00:00,26.6,83.0,0.0,6.6,0.0,1.4739,Cerah Berawan,wmo:2
arjawinangun,"Arjawinangun, Cirebon",2026-08-15,32.09.24.2004,Arjawinangun,kecamatan,no,-6.6453,108.4103,Asia/Jakarta,"BMKG point: Arjawinangun, Kecamatan Arjawinangun",15-08-2026,ICON,Open-Meteo / DWD ICON,22:00,2026-08-15 22:00:00,26.4,81.0,0.0,6.5,0.0,1.4739,Berawan,wmo:3
arjawinangun,"Arjawinangun, Cirebon",2026-08-15,32.09.24.2004,Arjawinangun,kecamatan,no,-6.6453,108.4103,Asia/Jakarta,"BMKG point: Arjawinangun, Kecamatan Arjawinangun",15-08-2026,ICON,Open-Meteo / DWD ICON,23:00,2026-08-15 23:00:00,25.9,77.0,0.0,5.2,0.0,1.4739,Berawan,wmo:3
arjawinangun,"Arjawinangun, Cirebon",2026-08-15,32.09.24.2004,Arjawinangun,kecamatan,no,-6.6453,108.4103,Asia/Jakarta,"BMKG point: Arjawinangun, Kecamatan Arjawinangun",15-08-2026,KMA,Open-Meteo / KMA,00:00,2026-08-15 00:00:00,,,,,0.0,0.547,Berawan,wmo:None
arjawinangun,"Arjawinangun, Cirebon",2026-08-15,32.09.24.2004,Arjawinangun,kecamatan,no,-6.6453,108.4103,Asia/Jakarta,"BMKG point: Arjawinangun, Kecamatan Arjawinangun",15-08-2026,KMA,Open-Meteo / KMA,01:00,2026-08-15 01:00:00,,,,,0.0,0.547,Berawan,wmo:None
arjawinangun,"Arjawinangun, Cirebon",2026-08-15,32.09.24.2004,Arjawinangun,kecamatan,no,-6.6453,108.4103,Asia/Jakarta,"BMKG point: Arjawinangun, Kecamatan Arjawinangun",15-08-2026,KMA,Open-Meteo / KMA,02:00,2026-08-15 02:00:00,,,,,0.0,0.547,Berawan,wmo:None
arjawinangun,"Arjawinangun, Cirebon",2026-08-15,32.09.24.2004,Arjawinangun,kecamatan,no,-6.6453,108.4103,Asia/Jakarta,"BMKG point: Arjawinangun, Kecamatan Arjawinangun",15-08-2026,KMA,Open-Meteo / KMA,03:00,2026-08-15 03:00:00,,,,,0.0,0.547,Berawan,wmo:None
arjawinangun,"Arjawinangun, Cirebon",2026-08-15,32.09.24.2004,Arjawinangun,kecamatan,no,-6.6453,108.4103,Asia/Jakarta,"BMKG point: Arjawinangun, Kecamatan Arjawinangun",15-08-2026,KMA,Open-Meteo / KMA,04:00,2026-08-15 04:00:00,,,,,0.0,0.547,Berawan,wmo:None
arjawinangun,"Arjawinangun, Cirebon",2026-08-15,32.09.24.2004,Arjawinangun,kecamatan,no,-6.6453,108.4103,Asia/Jakarta,"BMKG point: Arjawinangun, Kecamatan Arjawinangun",15-08-2026,KMA,Open-Meteo / KMA,05:00,2026-08-15 05:00:00,,,,,0.0,0.547,Berawan,wmo:None
arjawinangun,"Arjawinangun, Cirebon",2026-08-15,32.09.24.2004,Arjawinangun,kecamatan,no,-6.6453,108.4103,Asia/Jakarta,"BMKG point: Arjawinangun, Kecamatan Arjawinangun",15-08-2026,KMA,Open-Meteo / KMA,06:00,2026-08-15 06:00:00,,,,,0.0,0.547,Berawan,wmo:None
arjawinangun,"Arjawinangun, Cirebon",2026-08-15,32.09.24.2004,Arjawinangun,kecamatan,no,-6.6453,108.4103,Asia/Jakarta,"BMKG point: Arjawinangun, Kecamatan Arjawinangun",15-08-2026,KMA,Open-Meteo / KMA,07:00,2026-08-15 07:00:00,,,,,0.0,0.547,Berawan,wmo:None
arjawinangun,"Arjawinangun, Cirebon",2026-08-15,32.09.24.2004,Arjawinangun,kecamatan,no,-6.6453,108.4103,Asia/Jakarta,"BMKG point: Arjawinangun, Kecamatan Arjawinangun",15-08-2026,KMA,Open-Meteo / KMA,08:00,2026-08-15 08:00:00,,,,,0.0,0.547,Berawan,wmo:None
arjawinangun,"Arjawinangun, Cirebon",2026-08-15,32.09.24.2004,Arjawinangun,kecamatan,no,-6.6453,108.4103,Asia/Jakarta,"BMKG point: Arjawinangun, Kecamatan Arjawinangun",15-08-2026,KMA,Open-Meteo / KMA,09:00,2026-08-15 09:00:00,,,,,0.0,0.547,Berawan,wmo:None
arjawinangun,"Arjawinangun, Cirebon",2026-08-15,32.09.24.2004,Arjawinangun,kecamatan,no,-6.6453,108.4103,Asia/Jakarta,"BMKG point: Arjawinangun, Kecamatan Arjawinangun",15-08-2026,KMA,Open-Meteo / KMA,10:00,2026-08-15 10:00:00,,,,,0.0,0.547,Berawan,wmo:None
arjawinangun,"Arjawinangun, Cirebon",2026-08-15,32.09.24.2004,Arjawinangun,kecamatan,no,-6.6453,108.4103,Asia/Jakarta,"BMKG point: Arjawinangun, Kecamatan Arjawinangun",15-08-2026,KMA,Open-Meteo / KMA,11:00,2026-08-15 11:00:00,,,,,0.0,0.547,Berawan,wmo:None
arjawinangun,"Arjawinangun, Cirebon",2026-08-15,32.09.24.2004,Arjawinangun,kecamatan,no,-6.6453,108.4103,Asia/Jakarta,"BMKG point: Arjawinangun, Kecamatan Arjawinangun",15-08-2026,KMA,Open-Meteo / KMA,12:00,2026-08-15 12:00:00,,,,,0.0,0.547,Berawan,wmo:None
arjawinangun,"Arjawinangun, Cirebon",2026-08-15,32.09.24.2004,Arjawinangun,kecamatan,no,-6.6453,108.4103,Asia/Jakarta,"BMKG point: Arjawinangun, Kecamatan Arjawinangun",15-08-2026,KMA,Open-Meteo / KMA,13:00,2026-08-15 13:00:00,,,,,0.0,0.547,Berawan,wmo:None
arjawinangun,"Arjawinangun, Cirebon",2026-08-15,32.09.24.2004,Arjawinangun,kecamatan,no,-6.6453,108.4103,Asia/Jakarta,"BMKG point: Arjawinangun, Kecamatan Arjawinangun",15-08-2026,KMA,Open-Meteo / KMA,14:00,2026-08-15 14:00:00,,,,,0.0,0.547,Berawan,wmo:None
arjawinangun,"Arjawinangun, Cirebon",2026-08-15,32.09.24.2004,Arjawinangun,kecamatan,no,-6.6453,108.4103,Asia/Jakarta,"BMKG point: Arjawinangun, Kecamatan Arjawinangun",15-08-2026,KMA,Open-Meteo / KMA,15:00,2026-08-15 15:00:00,,,,,0.0,0.547,Berawan,wmo:None
arjawinangun,"Arjawinangun, Cirebon",2026-08-15,32.09.24.2004,Arjawinangun,kecamatan,no,-6.6453,108.4103,Asia/Jakarta,"BMKG point: Arjawinangun, Kecamatan Arjawinangun",15-08-2026,KMA,Open-Meteo / KMA,16:00,2026-08-15 16:00:00,,,,,0.0,0.547,Berawan,wmo:None
arjawinangun,"Arjawinangun, Cirebon",2026-08-15,32.09.24.2004,Arjawinangun,kecamatan,no,-6.6453,108.4103,Asia/Jakarta,"BMKG point: Arjawinangun, Kecamatan Arjawinangun",15-08-2026,KMA,Open-Meteo / KMA,17:00,2026-08-15 17:00:00,,,,,0.0,0.547,Berawan,wmo:None
arjawinangun,"Arjawinangun, Cirebon",2026-08-15,32.09.24.2004,Arjawinangun,kecamatan,no,-6.6453,108.4103,Asia/Jakarta,"BMKG point: Arjawinangun, Kecamatan Arjawinangun",15-08-2026,KMA,Open-Meteo / KMA,18:00,2026-08-15 18:00:00,,,,,0.0,0.547,Berawan,wmo:None
arjawinangun,"Arjawinangun, Cirebon",2026-08-15,32.09.24.2004,Arjawinangun,kecamatan,no,-6.6453,108.4103,Asia/Jakarta,"BMKG point: Arjawinangun, Kecamatan Arjawinangun",15-08-2026,KMA,Open-Meteo / KMA,19:00,2026-08-15 19:00:00,,,,,0.0,0.547,Berawan,wmo:None
arjawinangun,"Arjawinangun, Cirebon",2026-08-15,32.09.24.2004,Arjawinangun,kecamatan,no,-6.6453,108.4103,Asia/Jakarta,"BMKG point: Arjawinangun, Kecamatan Arjawinangun",15-08-2026,KMA,Open-Meteo / KMA,20:00,2026-08-15 20:00:00,,,,,0.0,0.547,Berawan,wmo:None
arjawinangun,"Arjawinangun, Cirebon",2026-08-15,32.09.24.2004,Arjawinangun,kecamatan,no,-6.6453,108.4103,Asia/Jakarta,"BMKG point: Arjawinangun, Kecamatan Arjawinangun",15-08-2026,KMA,Open-Meteo / KMA,21:00,2026-08-15 21:00:00,,,,,0.0,0.547,Berawan,wmo:None
arjawinangun,"Arjawinangun, Cirebon",2026-08-15,32.09.24.2004,Arjawinangun,kecamatan,no,-6.6453,108.4103,Asia/Jakarta,"BMKG point: Arjawinangun, Kecamatan Arjawinangun",15-08-2026,KMA,Open-Meteo / KMA,22:00,2026-08-15 22:00:00,,,,,0.0,0.547,Berawan,wmo:None
arjawinangun,"Arjawinangun, Cirebon",2026-08-15,32.09.24.2004,Arjawinangun,kecamatan,no,-6.6453,108.4103,Asia/Jakarta,"BMKG point: Arjawinangun, Kecamatan Arjawinangun",15-08-2026,KMA,Open-Meteo / KMA,23:00,2026-08-15 23:00:00,,,,,0.0,0.547,Berawan,wmo:None
arjawinangun,"Arjawinangun, Cirebon",2026-08-15,32.09.24.2004,Arjawinangun,kecamatan,no,-6.6453,108.4103,Asia/Jakarta,"BMKG point: Arjawinangun, Kecamatan Arjawinangun",15-08-2026,METEOFRANCE,Open-Meteo / Meteo-France,00:00,2026-08-15 00:00:00,26.8,66.0,0.0,12.6,0.0,1.5465,Cerah Berawan,wmo:2
arjawinangun,"Arjawinangun, Cirebon",2026-08-15,32.09.24.2004,Arjawinangun,kecamatan,no,-6.6453,108.4103,Asia/Jakarta,"BMKG point: Arjawinangun, Kecamatan Arjawinangun",15-08-2026,METEOFRANCE,Open-Meteo / Meteo-France,01:00,2026-08-15 01:00:00,26.6,65.0,0.0,12.6,0.0,1.5465,Cerah Berawan,wmo:2
arjawinangun,"Arjawinangun, Cirebon",2026-08-15,32.09.24.2004,Arjawinangun,kecamatan,no,-6.6453,108.4103,Asia/Jakarta,"BMKG point: Arjawinangun, Kecamatan Arjawinangun",15-08-2026,METEOFRANCE,Open-Meteo / Meteo-France,02:00,2026-08-15 02:00:00,26.4,65.0,0.0,12.6,0.0,1.5465,Cerah Berawan,wmo:2
arjawinangun,"Arjawinangun, Cirebon",2026-08-15,32.09.24.2004,Arjawinangun,kecamatan,no,-6.6453,108.4103,Asia/Jakarta,"BMKG point: Arjawinangun, Kecamatan Arjawinangun",15-08-2026,METEOFRANCE,Open-Meteo / Meteo-France,03:00,2026-08-15 03:00:00,26.2,66.0,0.0,13.8,0.0,1.5465,Berawan,wmo:3
arjawinangun,"Arjawinangun, Cirebon",2026-08-15,32.09.24.2004,Arjawinangun,kecamatan,no,-6.6453,108.4103,Asia/Jakarta,"BMKG point: Arjawinangun, Kecamatan Arjawinangun",15-08-2026,METEOFRANCE,Open-Meteo / Meteo-France,04:00,2026-08-15 04:00:00,25.9,67.0,0.0,15.6,0.0,1.5465,Berawan,wmo:3
arjawinangun,"Arjawinangun, Cirebon",2026-08-15,32.09.24.2004,Arjawinangun,kecamatan,no,-6.6453,108.4103,Asia/Jakarta,"BMKG point: Arjawinangun, Kecamatan Arjawinangun",15-08-2026,METEOFRANCE,Open-Meteo / Meteo-France,05:00,2026-08-15 05:00:00,25.7,69.0,0.0,16.3,0.0,1.5465,Berawan,wmo:3
arjawinangun,"Arjawinangun, Cirebon",2026-08-15,32.09.24.2004,Arjawinangun,kecamatan,no,-6.6453,108.4103,Asia/Jakarta,"BMKG point: Arjawinangun, Kecamatan Arjawinangun",15-08-2026,METEOFRANCE,Open-Meteo / Meteo-France,06:00,2026-08-15 06:00:00,25.5,70.0,0.0,16.2,0.0,1.5465,Berawan,wmo:3
arjawinangun,"Arjawinangun, Cirebon",2026-08-15,32.09.24.2004,Arjawinangun,kecamatan,no,-6.6453,108.4103,Asia/Jakarta,"BMKG point: Arjawinangun, Kecamatan Arjawinangun",15-08-2026,METEOFRANCE,Open-Meteo / Meteo-France,07:00,2026-08-15 07:00:00,25.9,67.0,0.0,15.1,0.0,1.5465,Berawan,wmo:3
arjawinangun,"Arjawinangun, Cirebon",2026-08-15,32.09.24.2004,Arjawinangun,kecamatan,no,-6.6453,108.4103,Asia/Jakarta,"BMKG point: Arjawinangun, Kecamatan Arjawinangun",15-08-2026,METEOFRANCE,Open-Meteo / Meteo-France,08:00,2026-08-15 08:00:00,27.7,60.0,0.0,13.7,0.0,1.5465,Cerah Berawan,wmo:2
arjawinangun,"Arjawinangun, Cirebon",2026-08-15,32.09.24.2004,Arjawinangun,kecamatan,no,-6.6453,108.4103,Asia/Jakarta,"BMKG point: Arjawinangun, Kecamatan Arjawinangun",15-08-2026,METEOFRANCE,Open-Meteo / Meteo-France,09:00,2026-08-15 09:00:00,29.8,52.0,0.0,12.3,0.0,1.5465,Berawan,wmo:3
arjawinangun,"Arjawinangun, Cirebon",2026-08-15,32.09.24.2004,Arjawinangun,kecamatan,no,-6.6453,108.4103,Asia/Jakarta,"BMKG point: Arjawinangun, Kecamatan Arjawinangun",15-08-2026,METEOFRANCE,Open-Meteo / Meteo-France,10:00,2026-08-15 10:00:00,31.6,47.0,0.0,11.3,0.0,1.5465,Cerah Berawan,wmo:2
arjawinangun,"Arjawinangun, Cirebon",2026-08-15,32.09.24.2004,Arjawinangun,kecamatan,no,-6.6453,108.4103,Asia/Jakarta,"BMKG point: Arjawinangun, Kecamatan Arjawinangun",15-08-2026,METEOFRANCE,Open-Meteo / Meteo-France,11:00,2026-08-15 11:00:00,33.1,43.0,0.0,11.6,0.0,1.5465,Cerah Berawan,wmo:2
arjawinangun,"Arjawinangun, Cirebon",2026-08-15,32.09.24.2004,Arjawinangun,kecamatan,no,-6.6453,108.4103,Asia/Jakarta,"BMKG point: Arjawinangun, Kecamatan Arjawinangun",15-08-2026,METEOFRANCE,Open-Meteo / Meteo-France,12:00,2026-08-15 12:00:00,34.1,42.0,0.0,12.4,0.0,1.5465,Berawan,wmo:3
arjawinangun,"Arjawinangun, Cirebon",2026-08-15,32.09.24.2004,Arjawinangun,kecamatan,no,-6.6453,108.4103,Asia/Jakarta,"BMKG point: Arjawinangun, Kecamatan Arjawinangun",15-08-2026,METEOFRANCE,Open-Meteo / Meteo-France,13:00,2026-08-15 13:00:00,34.7,41.0,0.0,13.8,0.0,1.5465,Berawan,wmo:3
arjawinangun,"Arjawinangun, Cirebon",2026-08-15,32.09.24.2004,Arjawinangun,kecamatan,no,-6.6453,108.4103,Asia/Jakarta,"BMKG point: Arjawinangun, Kecamatan Arjawinangun",15-08-2026,METEOFRANCE,Open-Meteo / Meteo-France,14:00,2026-08-15 14:00:00,34.8,41.0,0.0,15.4,0.0,1.5465,Cerah Berawan,wmo:2
arjawinangun,"Arjawinangun, Cirebon",2026-08-15,32.09.24.2004,Arjawinangun,kecamatan,no,-6.6453,108.4103,Asia/Jakarta,"BMKG point: Arjawinangun, Kecamatan Arjawinangun",15-08-2026,METEOFRANCE,Open-Meteo / Meteo-France,15:00,2026-08-15 15:00:00,34.2,44.0,0.0,17.1,0.0,1.5465,Cerah Berawan,wmo:2
arjawinangun,"Arjawinangun, Cirebon",2026-08-15,32.09.24.2004,Arjawinangun,kecamatan,no,-6.6453,108.4103,Asia/Jakarta,"BMKG point: Arjawinangun, Kecamatan Arjawinangun",15-08-2026,METEOFRANCE,Open-Meteo / Meteo-France,16:00,2026-08-15 16:00:00,32.8,51.0,0.0,17.6,0.0,1.5465,Cerah Berawan,wmo:2
arjawinangun,"Arjawinangun, Cirebon",2026-08-15,32.09.24.2004,Arjawinangun,kecamatan,no,-6.6453,108.4103,Asia/Jakarta,"BMKG point: Arjawinangun, Kecamatan Arjawinangun",15-08-2026,METEOFRANCE,Open-Meteo / Meteo-France,17:00,2026-08-15 17:00:00,30.8,61.0,0.0,15.5,0.0,1.5465,Cerah Berawan,wmo:2
arjawinangun,"Arjawinangun, Cirebon",2026-08-15,32.09.24.2004,Arjawinangun,kecamatan,no,-6.6453,108.4103,Asia/Jakarta,"BMKG point: Arjawinangun, Kecamatan Arjawinangun",15-08-2026,METEOFRANCE,Open-Meteo / Meteo-France,18:00,2026-08-15 18:00:00,29.1,72.0,0.0,11.9,0.0,1.5465,Cerah Berawan,wmo:2
arjawinangun,"Arjawinangun, Cirebon",2026-08-15,32.09.24.2004,Arjawinangun,kecamatan,no,-6.6453,108.4103,Asia/Jakarta,"BMKG point: Arjawinangun, Kecamatan Arjawinangun",15-08-2026,METEOFRANCE,Open-Meteo / Meteo-France,19:00,2026-08-15 19:00:00,28.2,77.0,0.0,10.3,0.0,1.5465,Berawan,wmo:3
arjawinangun,"Arjawinangun, Cirebon",2026-08-15,32.09.24.2004,Arjawinangun,kecamatan,no,-6.6453,108.4103,Asia/Jakarta,"BMKG point: Arjawinangun, Kecamatan Arjawinangun",15-08-2026,METEOFRANCE,Open-Meteo / Meteo-France,20:00,2026-08-15 20:00:00,28.0,77.0,0.0,9.1,0.0,1.5465,Berawan,wmo:3
arjawinangun,"Arjawinangun, Cirebon",2026-08-15,32.09.24.2004,Arjawinangun,kecamatan,no,-6.6453,108.4103,Asia/Jakarta,"BMKG point: Arjawinangun, Kecamatan Arjawinangun",15-08-2026,METEOFRANCE,Open-Meteo / Meteo-France,21:00,2026-08-15 21:00:00,27.9,75.0,0.0,8.5,0.0,1.5465,Berawan,wmo:3
arjawinangun,"Arjawinangun, Cirebon",2026-08-15,32.09.24.2004,Arjawinangun,kecamatan,no,-6.6453,108.4103,Asia/Jakarta,"BMKG point: Arjawinangun, Kecamatan Arjawinangun",15-08-2026,METEOFRANCE,Open-Meteo / Meteo-France,22:00,2026-08-15 22:00:00,27.7,73.0,0.0,9.7,0.0,1.5465,Berawan,wmo:3
arjawinangun,"Arjawinangun, Cirebon",2026-08-15,32.09.24.2004,Arjawinangun,kecamatan,no,-6.6453,108.4103,Asia/Jakarta,"BMKG point: Arjawinangun, Kecamatan Arjawinangun",15-08-2026,METEOFRANCE,Open-Meteo / Meteo-France,23:00,2026-08-15 23:00:00,27.4,69.0,0.0,10.6,0.0,1.5465,Berawan,wmo:3
arjawinangun,"Arjawinangun, Cirebon",2026-08-15,32.09.24.2004,Arjawinangun,kecamatan,no,-6.6453,108.4103,Asia/Jakarta,"BMKG point: Arjawinangun, Kecamatan Arjawinangun",15-08-2026,METNO,MET Norway,09:00,2026-08-15 11:00:00,33.5,41.3,0.0,12.24,120.0,0.7776,Cerah Berawan,partlycloudy_day
arjawinangun,"Arjawinangun, Cirebon",2026-08-15,32.09.24.2004,Arjawinangun,kecamatan,no,-6.6453,108.4103,Asia/Jakarta,"BMKG point: Arjawinangun, Kecamatan Arjawinangun",15-08-2026,METNO,MET Norway,10:00,2026-08-15 11:00:00,33.5,41.3,0.0,12.24,60.0,1.0603,Cerah Berawan,partlycloudy_day
arjawinangun,"Arjawinangun, Cirebon",2026-08-15,32.09.24.2004,Arjawinangun,kecamatan,no,-6.6453,108.4103,Asia/Jakarta,"BMKG point: Arjawinangun, Kecamatan Arjawinangun",15-08-2026,METNO,MET Norway,11:00,2026-08-15 11:00:00,33.5,41.3,0.0,12.24,0.0,1.4138,Cerah Berawan,partlycloudy_day
arjawinangun,"Arjawinangun, Cirebon",2026-08-15,32.09.24.2004,Arjawinangun,kecamatan,no,-6.6453,108.4103,Asia/Jakarta,"BMKG point: Arjawinangun, Kecamatan Arjawinangun",15-08-2026,METNO,MET Norway,12:00,2026-08-15 12:00:00,34.7,39.2,0.0,18.0,0.0,1.4138,Cerah Berawan,partlycloudy_day
arjawinangun,"Arjawinangun, Cirebon",2026-08-15,32.09.24.2004,Arjawinangun,kecamatan,no,-6.6453,108.4103,Asia/Jakarta,"BMKG point: Arjawinangun, Kecamatan Arjawinangun",15-08-2026,METNO,MET Norway,13:00,2026-08-15 13:00:00,34.9,40.2,0.0,19.44,0.0,1.4138,Berawan,cloudy
arjawinangun,"Arjawinangun, Cirebon",2026-08-15,32.09.24.2004,Arjawinangun,kecamatan,no,-6.6453,108.4103,Asia/Jakarta,"BMKG point: Arjawinangun, Kecamatan Arjawinangun",15-08-2026,METNO,MET Norway,14:00,2026-08-15 14:00:00,34.0,43.0,0.0,18.36,0.0,1.4138,Cerah Berawan,partlycloudy_day
arjawinangun,"Arjawinangun, Cirebon",2026-08-15,32.09.24.2004,Arjawinangun,kecamatan,no,-6.6453,108.4103,Asia/Jakarta,"BMKG point: Arjawinangun, Kecamatan Arjawinangun",15-08-2026,METNO,MET Norway,15:00,2026-08-15 15:00:00,33.5,45.4,0.0,17.64,0.0,1.4138,Cerah Berawan,partlycloudy_day
arjawinangun,"Arjawinangun, Cirebon",2026-08-15,32.09.24.2004,Arjawinangun,kecamatan,no,-6.6453,108.4103,Asia/Jakarta,"BMKG point: Arjawinangun, Kecamatan Arjawinangun",15-08-2026,METNO,MET Norway,16:00,2026-08-15 16:00:00,32.1,49.7,0.0,16.56,0.0,1.4138,Cerah Berawan,partlycloudy_day
arjawinangun,"Arjawinangun, Cirebon",2026-08-15,32.09.24.2004,Arjawinangun,kecamatan,no,-6.6453,108.4103,Asia/Jakarta,"BMKG point: Arjawinangun, Kecamatan Arjawinangun",15-08-2026,METNO,MET Norway,17:00,2026-08-15 17:00:00,30.5,57.7,0.0,15.12,0.0,1.4138,Cerah Berawan,partlycloudy_day
arjawinangun,"Arjawinangun, Cirebon",2026-08-15,32.09.24.2004,Arjawinangun,kecamatan,no,-6.6453,108.4103,Asia/Jakarta,"BMKG point: Arjawinangun, Kecamatan Arjawinangun",15-08-2026,METNO,MET Norway,18:00,2026-08-15 18:00:00,28.9,67.0,0.0,15.12,0.0,1.4138,Cerah Berawan,partlycloudy_night
arjawinangun,"Arjawinangun, Cirebon",2026-08-15,32.09.24.2004,Arjawinangun,kecamatan,no,-6.6453,108.4103,Asia/Jakarta,"BMKG point: Arjawinangun, Kecamatan Arjawinangun",15-08-2026,METNO,MET Norway,19:00,2026-08-15 19:00:00,28.3,70.7,0.0,15.48,0.0,1.4138,Cerah Berawan,partlycloudy_night
arjawinangun,"Arjawinangun, Cirebon",2026-08-15,32.09.24.2004,Arjawinangun,kecamatan,no,-6.6453,108.4103,Asia/Jakarta,"BMKG point: Arjawinangun, Kecamatan Arjawinangun",15-08-2026,METNO,MET Norway,20:00,2026-08-15 20:00:00,28.0,73.0,0.0,14.04,0.0,1.4138,Cerah Berawan,partlycloudy_night
arjawinangun,"Arjawinangun, Cirebon",2026-08-15,32.09.24.2004,Arjawinangun,kecamatan,no,-6.6453,108.4103,Asia/Jakarta,"BMKG point: Arjawinangun, Kecamatan Arjawinangun",15-08-2026,METNO,MET Norway,21:00,2026-08-15 21:00:00,28.0,72.6,0.0,17.64,0.0,1.4138,Cerah Berawan,partlycloudy_night
arjawinangun,"Arjawinangun, Cirebon",2026-08-15,32.09.24.2004,Arjawinangun,kecamatan,no,-6.6453,108.4103,Asia/Jakarta,"BMKG point: Arjawinangun, Kecamatan Arjawinangun",15-08-2026,METNO,MET Norway,22:00,2026-08-15 22:00:00,27.4,72.4,0.0,17.28,0.0,1.4138,Cerah Berawan,partlycloudy_night
arjawinangun,"Arjawinangun, Cirebon",2026-08-15,32.09.24.2004,Arjawinangun,kecamatan,no,-6.6453,108.4103,Asia/Jakarta,"BMKG point: Arjawinangun, Kecamatan Arjawinangun",15-08-2026,METNO,MET Norway,23:00,2026-08-15 23:00:00,26.9,72.3,0.0,17.28,0.0,1.4138,Cerah Berawan,partlycloudy_night
arjawinangun,"Arjawinangun, Cirebon",2026-08-15,32.09.24.2004,Arjawinangun,kecamatan,no,-6.6453,108.4103,Asia/Jakarta,"BMKG point: Arjawinangun, Kecamatan Arjawinangun",15-08-2026,UKMO,Open-Meteo / UK Met Office,00:00,2026-08-15 00:00:00,25.1,75.0,0.0,6.8,0.0,1.3199,Cerah,wmo:0
arjawinangun,"Arjawinangun, Cirebon",2026-08-15,32.09.24.2004,Arjawinangun,kecamatan,no,-6.6453,108.4103,Asia/Jakarta,"BMKG point: Arjawinangun, Kecamatan Arjawinangun",15-08-2026,UKMO,Open-Meteo / UK Met Office,01:00,2026-08-15 01:00:00,24.2,79.0,0.0,6.5,0.0,1.3199,Cerah,wmo:0
arjawinangun,"Arjawinangun, Cirebon",2026-08-15,32.09.24.2004,Arjawinangun,kecamatan,no,-6.6453,108.4103,Asia/Jakarta,"BMKG point: Arjawinangun, Kecamatan Arjawinangun",15-08-2026,UKMO,Open-Meteo / UK Met Office,02:00,2026-08-15 02:00:00,23.6,82.0,0.0,5.0,0.0,1.3199,Cerah,wmo:0
arjawinangun,"Arjawinangun, Cirebon",2026-08-15,32.09.24.2004,Arjawinangun,kecamatan,no,-6.6453,108.4103,Asia/Jakarta,"BMKG point: Arjawinangun, Kecamatan Arjawinangun",15-08-2026,UKMO,Open-Meteo / UK Met Office,03:00,2026-08-15 03:00:00,23.2,83.0,0.0,5.0,0.0,1.3199,Cerah,wmo:0
arjawinangun,"Arjawinangun, Cirebon",2026-08-15,32.09.24.2004,Arjawinangun,kecamatan,no,-6.6453,108.4103,Asia/Jakarta,"BMKG point: Arjawinangun, Kecamatan Arjawinangun",15-08-2026,UKMO,Open-Meteo / UK Met Office,04:00,2026-08-15 04:00:00,22.4,89.0,0.0,3.2,0.0,1.3199,Cerah,wmo:0
arjawinangun,"Arjawinangun, Cirebon",2026-08-15,32.09.24.2004,Arjawinangun,kecamatan,no,-6.6453,108.4103,Asia/Jakarta,"BMKG point: Arjawinangun, Kecamatan Arjawinangun",15-08-2026,UKMO,Open-Meteo / UK Met Office,05:00,2026-08-15 05:00:00,21.8,92.0,0.0,2.2,0.0,1.3199,Cerah,wmo:0
arjawinangun,"Arjawinangun, Cirebon",2026-08-15,32.09.24.2004,Arjawinangun,kecamatan,no,-6.6453,108.4103,Asia/Jakarta,"BMKG point: Arjawinangun, Kecamatan Arjawinangun",15-08-2026,UKMO,Open-Meteo / UK Met Office,06:00,2026-08-15 06:00:00,21.4,94.0,0.0,1.1,0.0,1.3199,Cerah,wmo:0
arjawinangun,"Arjawinangun, Cirebon",2026-08-15,32.09.24.2004,Arjawinangun,kecamatan,no,-6.6453,108.4103,Asia/Jakarta,"BMKG point: Arjawinangun, Kecamatan Arjawinangun",15-08-2026,UKMO,Open-Meteo / UK Met Office,07:00,2026-08-15 07:00:00,24.2,79.0,0.0,3.2,0.0,1.3199,Cerah,wmo:0
arjawinangun,"Arjawinangun, Cirebon",2026-08-15,32.09.24.2004,Arjawinangun,kecamatan,no,-6.6453,108.4103,Asia/Jakarta,"BMKG point: Arjawinangun, Kecamatan Arjawinangun",15-08-2026,UKMO,Open-Meteo / UK Met Office,08:00,2026-08-15 08:00:00,25.8,72.0,0.0,4.7,0.0,1.3199,Cerah Berawan,wmo:1
arjawinangun,"Arjawinangun, Cirebon",2026-08-15,32.09.24.2004,Arjawinangun,kecamatan,no,-6.6453,108.4103,Asia/Jakarta,"BMKG point: Arjawinangun, Kecamatan Arjawinangun",15-08-2026,UKMO,Open-Meteo / UK Met Office,09:00,2026-08-15 09:00:00,27.4,65.0,0.0,3.2,0.0,1.3199,Cerah,wmo:0
arjawinangun,"Arjawinangun, Cirebon",2026-08-15,32.09.24.2004,Arjawinangun,kecamatan,no,-6.6453,108.4103,Asia/Jakarta,"BMKG point: Arjawinangun, Kecamatan Arjawinangun",15-08-2026,UKMO,Open-Meteo / UK Met Office,10:00,2026-08-15 10:00:00,29.2,56.0,0.0,4.0,0.0,1.3199,Cerah,wmo:0
arjawinangun,"Arjawinangun, Cirebon",2026-08-15,32.09.24.2004,Arjawinangun,kecamatan,no,-6.6453,108.4103,Asia/Jakarta,"BMKG point: Arjawinangun, Kecamatan Arjawinangun",15-08-2026,UKMO,Open-Meteo / UK Met Office,11:00,2026-08-15 11:00:00,31.1,48.0,0.0,5.8,0.0,1.3199,Cerah,wmo:0
arjawinangun,"Arjawinangun, Cirebon",2026-08-15,32.09.24.2004,Arjawinangun,kecamatan,no,-6.6453,108.4103,Asia/Jakarta,"BMKG point: Arjawinangun, Kecamatan Arjawinangun",15-08-2026,UKMO,Open-Meteo / UK Met Office,12:00,2026-08-15 12:00:00,32.6,43.0,0.0,9.4,0.0,1.3199,Cerah Berawan,wmo:1
arjawinangun,"Arjawinangun, Cirebon",2026-08-15,32.09.24.2004,Arjawinangun,kecamatan,no,-6.6453,108.4103,Asia/Jakarta,"BMKG point: Arjawinangun, Kecamatan Arjawinangun",15-08-2026,UKMO,Open-Meteo / UK Met Office,13:00,2026-08-15 13:00:00,32.9,42.0,0.0,13.0,0.0,1.3199,Berawan,wmo:3
arjawinangun,"Arjawinangun, Cirebon",2026-08-15,32.09.24.2004,Arjawinangun,kecamatan,no,-6.6453,108.4103,Asia/Jakarta,"BMKG point: Arjawinangun, Kecamatan Arjawinangun",15-08-2026,UKMO,Open-Meteo / UK Met Office,14:00,2026-08-15 14:00:00,33.3,41.0,0.0,13.7,0.0,1.3199,Cerah,wmo:0
arjawinangun,"Arjawinangun, Cirebon",2026-08-15,32.09.24.2004,Arjawinangun,kecamatan,no,-6.6453,108.4103,Asia/Jakarta,"BMKG point: Arjawinangun, Kecamatan Arjawinangun",15-08-2026,UKMO,Open-Meteo / UK Met Office,15:00,2026-08-15 15:00:00,32.8,43.0,0.0,14.0,0.0,1.3199,Cerah,wmo:0
arjawinangun,"Arjawinangun, Cirebon",2026-08-15,32.09.24.2004,Arjawinangun,kecamatan,no,-6.6453,108.4103,Asia/Jakarta,"BMKG point: Arjawinangun, Kecamatan Arjawinangun",15-08-2026,UKMO,Open-Meteo / UK Met Office,16:00,2026-08-15 16:00:00,31.3,50.0,0.0,14.4,0.0,1.3199,Cerah,wmo:0
arjawinangun,"Arjawinangun, Cirebon",2026-08-15,32.09.24.2004,Arjawinangun,kecamatan,no,-6.6453,108.4103,Asia/Jakarta,"BMKG point: Arjawinangun, Kecamatan Arjawinangun",15-08-2026,UKMO,Open-Meteo / UK Met Office,17:00,2026-08-15 17:00:00,29.5,61.0,0.0,13.7,0.0,1.3199,Cerah,wmo:0
arjawinangun,"Arjawinangun, Cirebon",2026-08-15,32.09.24.2004,Arjawinangun,kecamatan,no,-6.6453,108.4103,Asia/Jakarta,"BMKG point: Arjawinangun, Kecamatan Arjawinangun",15-08-2026,UKMO,Open-Meteo / UK Met Office,18:00,2026-08-15 18:00:00,28.4,69.0,0.0,11.2,0.0,1.3199,Cerah,wmo:0
arjawinangun,"Arjawinangun, Cirebon",2026-08-15,32.09.24.2004,Arjawinangun,kecamatan,no,-6.6453,108.4103,Asia/Jakarta,"BMKG point: Arjawinangun, Kecamatan Arjawinangun",15-08-2026,UKMO,Open-Meteo / UK Met Office,19:00,2026-08-15 19:00:00,28.1,73.0,0.0,10.4,0.0,1.3199,Cerah,wmo:0
arjawinangun,"Arjawinangun, Cirebon",2026-08-15,32.09.24.2004,Arjawinangun,kecamatan,no,-6.6453,108.4103,Asia/Jakarta,"BMKG point: Arjawinangun, Kecamatan Arjawinangun",15-08-2026,UKMO,Open-Meteo / UK Met Office,20:00,2026-08-15 20:00:00,28.0,73.0,0.0,11.9,0.0,1.3199,Cerah,wmo:0
arjawinangun,"Arjawinangun, Cirebon",2026-08-15,32.09.24.2004,Arjawinangun,kecamatan,no,-6.6453,108.4103,Asia/Jakarta,"BMKG point: Arjawinangun, Kecamatan Arjawinangun",15-08-2026,UKMO,Open-Meteo / UK Met Office,21:00,2026-08-15 21:00:00,27.6,71.0,0.0,12.6,0.0,1.3199,Cerah,wmo:0
arjawinangun,"Arjawinangun, Cirebon",2026-08-15,32.09.24.2004,Arjawinangun,kecamatan,no,-6.6453,108.4103,Asia/Jakarta,"BMKG point: Arjawinangun, Kecamatan Arjawinangun",15-08-2026,UKMO,Open-Meteo / UK Met Office,22:00,2026-08-15 22:00:00,26.6,69.0,0.0,12.2,0.0,1.3199,Cerah,wmo:0
arjawinangun,"Arjawinangun, Cirebon",2026-08-15,32.09.24.2004,Arjawinangun,kecamatan,no,-6.6453,108.4103,Asia/Jakarta,"BMKG point: Arjawinangun, Kecamatan Arjawinangun",15-08-2026,UKMO,Open-Meteo / UK Met Office,23:00,2026-08-15 23:00:00,26.0,69.0,0.0,11.9,0.0,1.3199,Cerah,wmo:0
arjawinangun,"Arjawinangun, Cirebon",2026-08-16,32.09.24.2004,Arjawinangun,kecamatan,no,-6.6453,108.4103,Asia/Jakarta,"BMKG point: Arjawinangun, Kecamatan Arjawinangun",16-08-2026,BMKG,BMKG,00:00,2026-08-16 00:00:00,25.0,76.0,0.0,1.8,0.0,1.7958,Berawan,Berawan
arjawinangun,"Arjawinangun, Cirebon",2026-08-16,32.09.24.2004,Arjawinangun,kecamatan,no,-6.6453,108.4103,Asia/Jakarta,"BMKG point: Arjawinangun, Kecamatan Arjawinangun",16-08-2026,BMKG,BMKG,01:00,2026-08-16 00:00:00,25.0,76.0,0.0,1.8,60.0,1.3469,Berawan,Berawan
arjawinangun,"Arjawinangun, Cirebon",2026-08-16,32.09.24.2004,Arjawinangun,kecamatan,no,-6.6453,108.4103,Asia/Jakarta,"BMKG point: Arjawinangun, Kecamatan Arjawinangun",16-08-2026,BMKG,BMKG,02:00,2026-08-16 03:00:00,24.0,78.0,0.0,1.3,60.0,1.3469,Berawan,Berawan
arjawinangun,"Arjawinangun, Cirebon",2026-08-16,32.09.24.2004,Arjawinangun,kecamatan,no,-6.6453,108.4103,Asia/Jakarta,"BMKG point: Arjawinangun, Kecamatan Arjawinangun",16-08-2026,BMKG,BMKG,03:00,2026-08-16 03:00:00,24.0,78.0,0.0,1.3,0.0,1.7958,Berawan,Berawan
arjawinangun,"Arjawinangun, Cirebon",2026-08-16,32.09.24.2004,Arjawinangun,kecamatan,no,-6.6453,108.4103,Asia/Jakarta,"BMKG point: Arjawinangun, Kecamatan Arjawinangun",16-08-2026,BMKG,BMKG,04:00,2026-08-16 03:00:00,24.0,78.0,0.0,1.3,60.0,1.3469,Berawan,Berawan
arjawinangun,"Arjawinangun, Cirebon",2026-08-16,32.09.24.2004,Arjawinangun,kecamatan,no,-6.6453,108.4103,Asia/Jakarta,"BMKG point: Arjawinangun, Kecamatan Arjawinangun",16-08-2026,BMKG,BMKG,05:00,2026-08-16 06:00:00,25.0,74.0,0.0,2.9,60.0,1.3469,Cerah Berawan,Cerah Berawan
arjawinangun,"Arjawinangun, Cirebon",2026-08-16,32.09.24.2004,Arjawinangun,kecamatan,no,-6.6453,108.4103,Asia/Jakarta,"BMKG point: Arjawinangun, Kecamatan Arjawinangun",16-08-2026,BMKG,BMKG,06:00,2026-08-16 06:00:00,25.0,74.0,0.0,2.9,0.0,1.7958,Cerah Berawan,Cerah Berawan
arjawinangun,"Arjawinangun, Cirebon",2026-08-16,32.09.24.2004,Arjawinangun,kecamatan,no,-6.6453,108.4103,Asia/Jakarta,"BMKG point: Arjawinangun, Kecamatan Arjawinangun",16-08-2026,BMKG,BMKG,07:00,2026-08-16 06:00:00,25.0,74.0,0.0,2.9,60.0,1.3469,Cerah Berawan,Cerah Berawan
arjawinangun,"Arjawinangun, Cirebon",2026-08-16,32.09.24.2004,Arjawinangun,kecamatan,no,-6.6453,108.4103,Asia/Jakarta,"BMKG point: Arjawinangun, Kecamatan Arjawinangun",16-08-2026,BMKG,BMKG,08:00,2026-08-16 09:00:00,32.0,51.0,0.0,12.6,60.0,1.3469,Cerah Berawan,Cerah Berawan
arjawinangun,"Arjawinangun, Cirebon",2026-08-16,32.09.24.2004,Arjawinangun,kecamatan,no,-6.6453,108.4103,Asia/Jakarta,"BMKG point: Arjawinangun, Kecamatan Arjawinangun",16-08-2026,BMKG,BMKG,09:00,2026-08-16 09:00:00,32.0,51.0,0.0,12.6,0.0,1.7958,Cerah Berawan,Cerah Berawan
arjawinangun,"Arjawinangun, Cirebon",2026-08-16,32.09.24.2004,Arjawinangun,kecamatan,no,-6.6453,108.4103,Asia/Jakarta,"BMKG point: Arjawinangun, Kecamatan Arjawinangun",16-08-2026,BMKG,BMKG,10:00,2026-08-16 09:00:00,32.0,51.0,0.0,12.6,60.0,1.3469,Cerah Berawan,Cerah Berawan
arjawinangun,"Arjawinangun, Cirebon",2026-08-16,32.09.24.2004,Arjawinangun,kecamatan,no,-6.6453,108.4103,Asia/Jakarta,"BMKG point: Arjawinangun, Kecamatan Arjawinangun",16-08-2026,BMKG,BMKG,11:00,2026-08-16 12:00:00,33.0,45.0,0.0,15.7,60.0,1.3469,Cerah Berawan,Cerah Berawan
arjawinangun,"Arjawinangun, Cirebon",2026-08-16,32.09.24.2004,Arjawinangun,kecamatan,no,-6.6453,108.4103,Asia/Jakarta,"BMKG point: Arjawinangun, Kecamatan Arjawinangun",16-08-2026,BMKG,BMKG,12:00,2026-08-16 12:00:00,33.0,45.0,0.0,15.7,0.0,1.7958,Cerah Berawan,Cerah Berawan
arjawinangun,"Arjawinangun, Cirebon",2026-08-16,32.09.24.2004,Arjawinangun,kecamatan,no,-6.6453,108.4103,Asia/Jakarta,"BMKG point: Arjawinangun, Kecamatan Arjawinangun",16-08-2026,BMKG,BMKG,13:00,2026-08-16 12:00:00,33.0,45.0,0.0,15.7,60.0,1.3469,Cerah Berawan,Cerah Berawan
arjawinangun,"Arjawinangun, Cirebon",2026-08-16,32.09.24.2004,Arjawinangun,kecamatan,no,-6.6453,108.4103,Asia/Jakarta,"BMKG point: Arjawinangun, Kecamatan Arjawinangun",16-08-2026,BMKG,BMKG,14:00,2026-08-16 15:00:00,31.0,55.0,0.0,15.7,60.0,1.3469,Berawan,Berawan
arjawinangun,"Arjawinangun, Cirebon",2026-08-16,32.09.24.2004,Arjawinangun,kecamatan,no,-6.6453,108.4103,Asia/Jakarta,"BMKG point: Arjawinangun, Kecamatan Arjawinangun",16-08-2026,BMKG,BMKG,15:00,2026-08-16 15:00:00,31.0,55.0,0.0,15.7,0.0,1.7958,Berawan,Berawan
arjawinangun,"Arjawinangun, Cirebon",2026-08-16,32.09.24.2004,Arjawinangun,kecamatan,no,-6.6453,108.4103,Asia/Jakarta,"BMKG point: Arjawinangun, Kecamatan Arjawinangun",16-08-2026,BMKG,BMKG,16:00,2026-08-16 15:00:00,31.0,55.0,0.0,15.7,60.0,1.3469,Berawan,Berawan
arjawinangun,"Arjawinangun, Cirebon",2026-08-16,32.09.24.2004,Arjawinangun,kecamatan,no,-6.6453,108.4103,Asia/Jakarta,"BMKG point: Arjawinangun, Kecamatan Arjawinangun",16-08-2026,BMKG,BMKG,17:00,2026-08-16 18:00:00,28.0,69.0,0.0,9.4,60.0,1.3469,Cerah,Cerah
arjawinangun,"Arjawinangun, Cirebon",2026-08-16,32.09.24.2004,Arjawinangun,kecamatan,no,-6.6453,108.4103,Asia/Jakarta,"BMKG point: Arjawinangun, Kecamatan Arjawinangun",16-08-2026,BMKG,BMKG,18:00,2026-08-16 18:00:00,28.0,69.0,0.0,9.4,0.0,1.7958,Cerah,Cerah
arjawinangun,"Arjawinangun, Cirebon",2026-08-16,32.09.24.2004,Arjawinangun,kecamatan,no,-6.6453,108.4103,Asia/Jakarta,"BMKG point: Arjawinangun, Kecamatan Arjawinangun",16-08-2026,BMKG,BMKG,19:00,2026-08-16 18:00:00,28.0,69.0,0.0,9.4,60.0,1.3469,Cerah,Cerah
arjawinangun,"Arjawinangun, Cirebon",2026-08-16,32.09.24.2004,Arjawinangun,kecamatan,no,-6.6453,108.4103,Asia/Jakarta,"BMKG point: Arjawinangun, Kecamatan Arjawinangun",16-08-2026,BMKG,BMKG,20:00,2026-08-16 21:00:00,27.0,80.0,0.0,2.7,60.0,1.3469,Cerah,Cerah
arjawinangun,"Arjawinangun, Cirebon",2026-08-16,32.09.24.2004,Arjawinangun,kecamatan,no,-6.6453,108.4103,Asia/Jakarta,"BMKG point: Arjawinangun, Kecamatan Arjawinangun",16-08-2026,BMKG,BMKG,21:00,2026-08-16 21:00:00,27.0,80.0,0.0,2.7,0.0,1.7958,Cerah,Cerah
arjawinangun,"Arjawinangun, Cirebon",2026-08-16,32.09.24.2004,Arjawinangun,kecamatan,no,-6.6453,108.4103,Asia/Jakarta,"BMKG point: Arjawinangun, Kecamatan Arjawinangun",16-08-2026,BMKG,BMKG,22:00,2026-08-16 21:00:00,27.0,80.0,0.0,2.7,60.0,1.3469,Cerah,Cerah
arjawinangun,"Arjawinangun, Cirebon",2026-08-16,32.09.24.2004,Arjawinangun,kecamatan,no,-6.6453,108.4103,Asia/Jakarta,"BMKG point: Arjawinangun, Kecamatan Arjawinangun",16-08-2026,BMKG,BMKG,23:00,2026-08-16 21:00:00,27.0,80.0,0.0,2.7,120.0,0.9877,Cerah,Cerah
arjawinangun,"Arjawinangun, Cirebon",2026-08-16,32.09.24.2004,Arjawinangun,kecamatan,no,-6.6453,108.4103,Asia/Jakarta,"BMKG point: Arjawinangun, Kecamatan Arjawinangun",16-08-2026,CMA,Open-Meteo / CMA GRAPES,00:00,2026-08-16 00:00:00,24.1,79.0,0.0,11.1,0.0,1.1723,Cerah Berawan,wmo:1
arjawinangun,"Arjawinangun, Cirebon",2026-08-16,32.09.24.2004,Arjawinangun,kecamatan,no,-6.6453,108.4103,Asia/Jakarta,"BMKG point: Arjawinangun, Kecamatan Arjawinangun",16-08-2026,CMA,Open-Meteo / CMA GRAPES,01:00,2026-08-16 01:00:00,23.9,79.0,0.0,11.0,0.0,1.1723,Cerah Berawan,wmo:1
arjawinangun,"Arjawinangun, Cirebon",2026-08-16,32.09.24.2004,Arjawinangun,kecamatan,no,-6.6453,108.4103,Asia/Jakarta,"BMKG point: Arjawinangun, Kecamatan Arjawinangun",16-08-2026,CMA,Open-Meteo / CMA GRAPES,02:00,2026-08-16 02:00:00,23.6,80.0,0.0,11.0,0.0,1.1723,Cerah Berawan,wmo:2
arjawinangun,"Arjawinangun, Cirebon",2026-08-16,32.09.24.2004,Arjawinangun,kecamatan,no,-6.6453,108.4103,Asia/Jakarta,"BMKG point: Arjawinangun, Kecamatan Arjawinangun",16-08-2026,CMA,Open-Meteo / CMA GRAPES,03:00,2026-08-16 03:00:00,23.3,81.0,0.0,10.7,0.0,1.1723,Cerah Berawan,wmo:2
arjawinangun,"Arjawinangun, Cirebon",2026-08-16,32.09.24.2004,Arjawinangun,kecamatan,no,-6.6453,108.4103,Asia/Jakarta,"BMKG point: Arjawinangun, Kecamatan Arjawinangun",16-08-2026,CMA,Open-Meteo / CMA GRAPES,04:00,2026-08-16 04:00:00,23.2,81.0,0.0,10.5,0.0,1.1723,Berawan,wmo:3
arjawinangun,"Arjawinangun, Cirebon",2026-08-16,32.09.24.2004,Arjawinangun,kecamatan,no,-6.6453,108.4103,Asia/Jakarta,"BMKG point: Arjawinangun, Kecamatan Arjawinangun",16-08-2026,CMA,Open-Meteo / CMA GRAPES,05:00,2026-08-16 05:00:00,23.2,81.0,0.0,10.4,0.0,1.1723,Berawan,wmo:3
arjawinangun,"Arjawinangun, Cirebon",2026-08-16,32.09.24.2004,Arjawinangun,kecamatan,no,-6.6453,108.4103,Asia/Jakarta,"BMKG point: Arjawinangun, Kecamatan Arjawinangun",16-08-2026,CMA,Open-Meteo / CMA GRAPES,06:00,2026-08-16 06:00:00,23.5,81.0,0.0,10.2,0.0,1.1723,Berawan,wmo:3
arjawinangun,"Arjawinangun, Cirebon",2026-08-16,32.09.24.2004,Arjawinangun,kecamatan,no,-6.6453,108.4103,Asia/Jakarta,"BMKG point: Arjawinangun, Kecamatan Arjawinangun",16-08-2026,CMA,Open-Meteo / CMA GRAPES,07:00,2026-08-16 07:00:00,24.2,78.0,0.0,9.9,0.0,1.1723,Berawan,wmo:3
arjawinangun,"Arjawinangun, Cirebon",2026-08-16,32.09.24.2004,Arjawinangun,kecamatan,no,-6.6453,108.4103,Asia/Jakarta,"BMKG point: Arjawinangun, Kecamatan Arjawinangun",16-08-2026,CMA,Open-Meteo / CMA GRAPES,08:00,2026-08-16 08:00:00,25.7,71.0,0.0,8.7,0.0,1.1723,Berawan,wmo:3
arjawinangun,"Arjawinangun, Cirebon",2026-08-16,32.09.24.2004,Arjawinangun,kecamatan,no,-6.6453,108.4103,Asia/Jakarta,"BMKG point: Arjawinangun, Kecamatan Arjawinangun",16-08-2026,CMA,Open-Meteo / CMA GRAPES,09:00,2026-08-16 09:00:00,27.6,63.0,0.0,7.3,0.0,1.1723,Cerah Berawan,wmo:2
arjawinangun,"Arjawinangun, Cirebon",2026-08-16,32.09.24.2004,Arjawinangun,kecamatan,no,-6.6453,108.4103,Asia/Jakarta,"BMKG point: Arjawinangun, Kecamatan Arjawinangun",16-08-2026,CMA,Open-Meteo / CMA GRAPES,10:00,2026-08-16 10:00:00,29.3,56.0,0.0,6.5,0.0,1.1723,Cerah Berawan,wmo:2
arjawinangun,"Arjawinangun, Cirebon",2026-08-16,32.09.24.2004,Arjawinangun,kecamatan,no,-6.6453,108.4103,Asia/Jakarta,"BMKG point: Arjawinangun, Kecamatan Arjawinangun",16-08-2026,CMA,Open-Meteo / CMA GRAPES,11:00,2026-08-16 11:00:00,30.7,52.0,0.0,6.9,0.0,1.1723,Cerah Berawan,wmo:2
arjawinangun,"Arjawinangun, Cirebon",2026-08-16,32.09.24.2004,Arjawinangun,kecamatan,no,-6.6453,108.4103,Asia/Jakarta,"BMKG point: Arjawinangun, Kecamatan Arjawinangun",16-08-2026,CMA,Open-Meteo / CMA GRAPES,12:00,2026-08-16 12:00:00,31.9,51.0,0.0,8.8,0.0,1.1723,Berawan,wmo:3
arjawinangun,"Arjawinangun, Cirebon",2026-08-16,32.09.24.2004,Arjawinangun,kecamatan,no,-6.6453,108.4103,Asia/Jakarta,"BMKG point: Arjawinangun, Kecamatan Arjawinangun",16-08-2026,CMA,Open-Meteo / CMA GRAPES,13:00,2026-08-16 13:00:00,32.5,51.0,0.0,11.0,0.0,1.1723,Berawan,wmo:3
arjawinangun,"Arjawinangun, Cirebon",2026-08-16,32.09.24.2004,Arjawinangun,kecamatan,no,-6.6453,108.4103,Asia/Jakarta,"BMKG point: Arjawinangun, Kecamatan Arjawinangun",16-08-2026,CMA,Open-Meteo / CMA GRAPES,14:00,2026-08-16 14:00:00,32.1,54.0,0.0,13.0,0.0,1.1723,Berawan,wmo:3
arjawinangun,"Arjawinangun, Cirebon",2026-08-16,32.09.24.2004,Arjawinangun,kecamatan,no,-6.6453,108.4103,Asia/Jakarta,"BMKG point: Arjawinangun, Kecamatan Arjawinangun",16-08-2026,CMA,Open-Meteo / CMA GRAPES,15:00,2026-08-16 15:00:00,31.1,59.0,0.0,15.0,0.0,1.1723,Berawan,wmo:3
arjawinangun,"Arjawinangun, Cirebon",2026-08-16,32.09.24.2004,Arjawinangun,kecamatan,no,-6.6453,108.4103,Asia/Jakarta,"BMKG point: Arjawinangun, Kecamatan Arjawinangun",16-08-2026,CMA,Open-Meteo / CMA GRAPES,16:00,2026-08-16 16:00:00,30.0,65.0,0.0,15.3,0.0,1.1723,Berawan,wmo:3
arjawinangun,"Arjawinangun, Cirebon",2026-08-16,32.09.24.2004,Arjawinangun,kecamatan,no,-6.6453,108.4103,Asia/Jakarta,"BMKG point: Arjawinangun, Kecamatan Arjawinangun",16-08-2026,CMA,Open-Meteo / CMA GRAPES,17:00,2026-08-16 17:00:00,28.9,71.0,0.0,13.4,0.0,1.1723,Cerah Berawan,wmo:2
arjawinangun,"Arjawinangun, Cirebon",2026-08-16,32.09.24.2004,Arjawinangun,kecamatan,no,-6.6453,108.4103,Asia/Jakarta,"BMKG point: Arjawinangun, Kecamatan Arjawinangun",16-08-2026,CMA,Open-Meteo / CMA GRAPES,18:00,2026-08-16 18:00:00,27.6,77.0,0.0,11.2,0.0,1.1723,Cerah Berawan,wmo:1
arjawinangun,"Arjawinangun, Cirebon",2026-08-16,32.09.24.2004,Arjawinangun,kecamatan,no,-6.6453,108.4103,Asia/Jakarta,"BMKG point: Arjawinangun, Kecamatan Arjawinangun",16-08-2026,CMA,Open-Meteo / CMA GRAPES,19:00,2026-08-16 19:00:00,26.7,82.0,0.0,10.0,0.0,1.1723,Cerah,wmo:0
arjawinangun,"Arjawinangun, Cirebon",2026-08-16,32.09.24.2004,Arjawinangun,kecamatan,no,-6.6453,108.4103,Asia/Jakarta,"BMKG point: Arjawinangun, Kecamatan Arjawinangun",16-08-2026,CMA,Open-Meteo / CMA GRAPES,20:00,2026-08-16 20:00:00,26.1,85.0,0.0,8.7,0.0,1.1723,Cerah,wmo:0
arjawinangun,"Arjawinangun, Cirebon",2026-08-16,32.09.24.2004,Arjawinangun,kecamatan,no,-6.6453,108.4103,Asia/Jakarta,"BMKG point: Arjawinangun, Kecamatan Arjawinangun",16-08-2026,CMA,Open-Meteo / CMA GRAPES,21:00,2026-08-16 21:00:00,25.8,86.0,0.0,8.1,0.0,1.1723,Cerah,wmo:0
arjawinangun,"Arjawinangun, Cirebon",2026-08-16,32.09.24.2004,Arjawinangun,kecamatan,no,-6.6453,108.4103,Asia/Jakarta,"BMKG point: Arjawinangun, Kecamatan Arjawinangun",16-08-2026,CMA,Open-Meteo / CMA GRAPES,22:00,2026-08-16 22:00:00,25.5,86.0,0.0,7.9,0.0,1.1723,Cerah,wmo:0
arjawinangun,"Arjawinangun, Cirebon",2026-08-16,32.09.24.2004,Arjawinangun,kecamatan,no,-6.6453,108.4103,Asia/Jakarta,"BMKG point: Arjawinangun, Kecamatan Arjawinangun",16-08-2026,CMA,Open-Meteo / CMA GRAPES,23:00,2026-08-16 23:00:00,25.1,85.0,0.0,8.0,0.0,1.1723,Cerah,wmo:0
arjawinangun,"Arjawinangun, Cirebon",2026-08-16,32.09.24.2004,Arjawinangun,kecamatan,no,-6.6453,108.4103,Asia/Jakarta,"BMKG point: Arjawinangun, Kecamatan Arjawinangun",16-08-2026,ECMWF,Open-Meteo / ECMWF,00:00,2026-08-16 00:00:00,24.9,83.0,0.0,3.3,0.0,1.7143,Berawan,wmo:3
arjawinangun,"Arjawinangun, Cirebon",2026-08-16,32.09.24.2004,Arjawinangun,kecamatan,no,-6.6453,108.4103,Asia/Jakarta,"BMKG point: Arjawinangun, Kecamatan Arjawinangun",16-08-2026,ECMWF,Open-Meteo / ECMWF,01:00,2026-08-16 01:00:00,24.3,85.0,0.0,2.9,0.0,1.7143,Berawan,wmo:3
arjawinangun,"Arjawinangun, Cirebon",2026-08-16,32.09.24.2004,Arjawinangun,kecamatan,no,-6.6453,108.4103,Asia/Jakarta,"BMKG point: Arjawinangun, Kecamatan Arjawinangun",16-08-2026,ECMWF,Open-Meteo / ECMWF,02:00,2026-08-16 02:00:00,23.9,86.0,0.0,2.5,0.0,1.7143,Berawan,wmo:3
arjawinangun,"Arjawinangun, Cirebon",2026-08-16,32.09.24.2004,Arjawinangun,kecamatan,no,-6.6453,108.4103,Asia/Jakarta,"BMKG point: Arjawinangun, Kecamatan Arjawinangun",16-08-2026,ECMWF,Open-Meteo / ECMWF,03:00,2026-08-16 03:00:00,23.5,87.0,0.0,2.4,0.0,1.7143,Berawan,wmo:3
arjawinangun,"Arjawinangun, Cirebon",2026-08-16,32.09.24.2004,Arjawinangun,kecamatan,no,-6.6453,108.4103,Asia/Jakarta,"BMKG point: Arjawinangun, Kecamatan Arjawinangun",16-08-2026,ECMWF,Open-Meteo / ECMWF,04:00,2026-08-16 04:00:00,23.4,87.0,0.0,2.4,0.0,1.7143,Berawan,wmo:3
arjawinangun,"Arjawinangun, Cirebon",2026-08-16,32.09.24.2004,Arjawinangun,kecamatan,no,-6.6453,108.4103,Asia/Jakarta,"BMKG point: Arjawinangun, Kecamatan Arjawinangun",16-08-2026,ECMWF,Open-Meteo / ECMWF,05:00,2026-08-16 05:00:00,23.7,85.0,0.0,3.1,0.0,1.7143,Berawan,wmo:3
arjawinangun,"Arjawinangun, Cirebon",2026-08-16,32.09.24.2004,Arjawinangun,kecamatan,no,-6.6453,108.4103,Asia/Jakarta,"BMKG point: Arjawinangun, Kecamatan Arjawinangun",16-08-2026,ECMWF,Open-Meteo / ECMWF,06:00,2026-08-16 06:00:00,24.3,82.0,0.0,3.8,0.0,1.7143,Berawan,wmo:3
arjawinangun,"Arjawinangun, Cirebon",2026-08-16,32.09.24.2004,Arjawinangun,kecamatan,no,-6.6453,108.4103,Asia/Jakarta,"BMKG point: Arjawinangun, Kecamatan Arjawinangun",16-08-2026,ECMWF,Open-Meteo / ECMWF,07:00,2026-08-16 07:00:00,25.3,77.0,0.0,4.0,0.0,1.7143,Berawan,wmo:3
arjawinangun,"Arjawinangun, Cirebon",2026-08-16,32.09.24.2004,Arjawinangun,kecamatan,no,-6.6453,108.4103,Asia/Jakarta,"BMKG point: Arjawinangun, Kecamatan Arjawinangun",16-08-2026,ECMWF,Open-Meteo / ECMWF,08:00,2026-08-16 08:00:00,27.1,70.0,0.0,4.8,0.0,1.7143,Berawan,wmo:3
arjawinangun,"Arjawinangun, Cirebon",2026-08-16,32.09.24.2004,Arjawinangun,kecamatan,no,-6.6453,108.4103,Asia/Jakarta,"BMKG point: Arjawinangun, Kecamatan Arjawinangun",16-08-2026,ECMWF,Open-Meteo / ECMWF,09:00,2026-08-16 09:00:00,29.3,61.0,0.0,8.5,0.0,1.7143,Berawan,wmo:3
arjawinangun,"Arjawinangun, Cirebon",2026-08-16,32.09.24.2004,Arjawinangun,kecamatan,no,-6.6453,108.4103,Asia/Jakarta,"BMKG point: Arjawinangun, Kecamatan Arjawinangun",16-08-2026,ECMWF,Open-Meteo / ECMWF,10:00,2026-08-16 10:00:00,31.0,55.0,0.0,11.5,0.0,1.7143,Berawan,wmo:3
arjawinangun,"Arjawinangun, Cirebon",2026-08-16,32.09.24.2004,Arjawinangun,kecamatan,no,-6.6453,108.4103,Asia/Jakarta,"BMKG point: Arjawinangun, Kecamatan Arjawinangun",16-08-2026,ECMWF,Open-Meteo / ECMWF,11:00,2026-08-16 11:00:00,31.7,52.0,0.0,13.3,0.0,1.7143,Berawan,wmo:3
arjawinangun,"Arjawinangun, Cirebon",2026-08-16,32.09.24.2004,Arjawinangun,kecamatan,no,-6.6453,108.4103,Asia/Jakarta,"BMKG point: Arjawinangun, Kecamatan Arjawinangun",16-08-2026,ECMWF,Open-Meteo / ECMWF,12:00,2026-08-16 12:00:00,31.8,52.0,0.0,15.1,0.0,1.7143,Berawan,wmo:3
arjawinangun,"Arjawinangun, Cirebon",2026-08-16,32.09.24.2004,Arjawinangun,kecamatan,no,-6.6453,108.4103,Asia/Jakarta,"BMKG point: Arjawinangun, Kecamatan Arjawinangun",16-08-2026,ECMWF,Open-Meteo / ECMWF,13:00,2026-08-16 13:00:00,31.6,53.0,0.0,16.2,0.0,1.7143,Cerah Berawan,wmo:2
arjawinangun,"Arjawinangun, Cirebon",2026-08-16,32.09.24.2004,Arjawinangun,kecamatan,no,-6.6453,108.4103,Asia/Jakarta,"BMKG point: Arjawinangun, Kecamatan Arjawinangun",16-08-2026,ECMWF,Open-Meteo / ECMWF,14:00,2026-08-16 14:00:00,31.3,55.0,0.0,15.5,0.0,1.7143,Cerah Berawan,wmo:2
arjawinangun,"Arjawinangun, Cirebon",2026-08-16,32.09.24.2004,Arjawinangun,kecamatan,no,-6.6453,108.4103,Asia/Jakarta,"BMKG point: Arjawinangun, Kecamatan Arjawinangun",16-08-2026,ECMWF,Open-Meteo / ECMWF,15:00,2026-08-16 15:00:00,30.7,58.0,0.0,13.5,0.0,1.7143,Cerah Berawan,wmo:1
arjawinangun,"Arjawinangun, Cirebon",2026-08-16,32.09.24.2004,Arjawinangun,kecamatan,no,-6.6453,108.4103,Asia/Jakarta,"BMKG point: Arjawinangun, Kecamatan Arjawinangun",16-08-2026,ECMWF,Open-Meteo / ECMWF,16:00,2026-08-16 16:00:00,30.0,62.0,0.0,11.5,0.0,1.7143,Cerah Berawan,wmo:1
arjawinangun,"Arjawinangun, Cirebon",2026-08-16,32.09.24.2004,Arjawinangun,kecamatan,no,-6.6453,108.4103,Asia/Jakarta,"BMKG point: Arjawinangun, Kecamatan Arjawinangun",16-08-2026,ECMWF,Open-Meteo / ECMWF,17:00,2026-08-16 17:00:00,29.1,67.0,0.0,9.3,0.0,1.7143,Cerah,wmo:0
arjawinangun,"Arjawinangun, Cirebon",2026-08-16,32.09.24.2004,Arjawinangun,kecamatan,no,-6.6453,108.4103,Asia/Jakarta,"BMKG point: Arjawinangun, Kecamatan Arjawinangun",16-08-2026,ECMWF,Open-Meteo / ECMWF,18:00,2026-08-16 18:00:00,28.2,73.0,0.0,7.0,0.0,1.7143,Cerah,wmo:0
arjawinangun,"Arjawinangun, Cirebon",2026-08-16,32.09.24.2004,Arjawinangun,kecamatan,no,-6.6453,108.4103,Asia/Jakarta,"BMKG point: Arjawinangun, Kecamatan Arjawinangun",16-08-2026,ECMWF,Open-Meteo / ECMWF,19:00,2026-08-16 19:00:00,27.5,77.0,0.0,5.4,0.0,1.7143,Cerah,wmo:0
arjawinangun,"Arjawinangun, Cirebon",2026-08-16,32.09.24.2004,Arjawinangun,kecamatan,no,-6.6453,108.4103,Asia/Jakarta,"BMKG point: Arjawinangun, Kecamatan Arjawinangun",16-08-2026,ECMWF,Open-Meteo / ECMWF,20:00,2026-08-16 20:00:00,27.2,79.0,0.0,5.1,0.0,1.7143,Cerah,wmo:0
arjawinangun,"Arjawinangun, Cirebon",2026-08-16,32.09.24.2004,Arjawinangun,kecamatan,no,-6.6453,108.4103,Asia/Jakarta,"BMKG point: Arjawinangun, Kecamatan Arjawinangun",16-08-2026,ECMWF,Open-Meteo / ECMWF,21:00,2026-08-16 21:00:00,27.2,79.0,0.0,5.2,0.0,1.7143,Cerah,wmo:0
arjawinangun,"Arjawinangun, Cirebon",2026-08-16,32.09.24.2004,Arjawinangun,kecamatan,no,-6.6453,108.4103,Asia/Jakarta,"BMKG point: Arjawinangun, Kecamatan Arjawinangun",16-08-2026,ECMWF,Open-Meteo / ECMWF,22:00,2026-08-16 22:00:00,27.1,80.0,0.0,5.0,0.0,1.7143,Cerah,wmo:0
arjawinangun,"Arjawinangun, Cirebon",2026-08-16,32.09.24.2004,Arjawinangun,kecamatan,no,-6.6453,108.4103,Asia/Jakarta,"BMKG point: Arjawinangun, Kecamatan Arjawinangun",16-08-2026,ECMWF,Open-Meteo / ECMWF,23:00,2026-08-16 23:00:00,26.5,82.0,0.0,3.3,0.0,1.7143,Cerah,wmo:0
arjawinangun,"Arjawinangun, Cirebon",2026-08-16,32.09.24.2004,Arjawinangun,kecamatan,no,-6.6453,108.4103,Asia/Jakarta,"BMKG point: Arjawinangun, Kecamatan Arjawinangun",16-08-2026,GFS,Open-Meteo / NOAA GFS,00:00,2026-08-16 00:00:00,23.9,75.0,0.0,4.5,0.0,1.3947,Berawan,wmo:3
arjawinangun,"Arjawinangun, Cirebon",2026-08-16,32.09.24.2004,Arjawinangun,kecamatan,no,-6.6453,108.4103,Asia/Jakarta,"BMKG point: Arjawinangun, Kecamatan Arjawinangun",16-08-2026,GFS,Open-Meteo / NOAA GFS,01:00,2026-08-16 01:00:00,23.6,76.0,0.0,4.5,0.0,1.3947,Berawan,wmo:3
arjawinangun,"Arjawinangun, Cirebon",2026-08-16,32.09.24.2004,Arjawinangun,kecamatan,no,-6.6453,108.4103,Asia/Jakarta,"BMKG point: Arjawinangun, Kecamatan Arjawinangun",16-08-2026,GFS,Open-Meteo / NOAA GFS,02:00,2026-08-16 02:00:00,23.3,77.0,0.0,3.5,0.0,1.3947,Berawan,wmo:3
arjawinangun,"Arjawinangun, Cirebon",2026-08-16,32.09.24.2004,Arjawinangun,kecamatan,no,-6.6453,108.4103,Asia/Jakarta,"BMKG point: Arjawinangun, Kecamatan Arjawinangun",16-08-2026,GFS,Open-Meteo / NOAA GFS,03:00,2026-08-16 03:00:00,23.1,77.0,0.0,4.2,0.0,1.3947,Cerah Berawan,wmo:2
arjawinangun,"Arjawinangun, Cirebon",2026-08-16,32.09.24.2004,Arjawinangun,kecamatan,no,-6.6453,108.4103,Asia/Jakarta,"BMKG point: Arjawinangun, Kecamatan Arjawinangun",16-08-2026,GFS,Open-Meteo / NOAA GFS,04:00,2026-08-16 04:00:00,22.9,78.0,0.0,3.8,0.0,1.3947,Berawan,wmo:3
arjawinangun,"Arjawinangun, Cirebon",2026-08-16,32.09.24.2004,Arjawinangun,kecamatan,no,-6.6453,108.4103,Asia/Jakarta,"BMKG point: Arjawinangun, Kecamatan Arjawinangun",16-08-2026,GFS,Open-Meteo / NOAA GFS,05:00,2026-08-16 05:00:00,22.8,78.0,0.0,4.1,0.0,1.3947,Berawan,wmo:3
arjawinangun,"Arjawinangun, Cirebon",2026-08-16,32.09.24.2004,Arjawinangun,kecamatan,no,-6.6453,108.4103,Asia/Jakarta,"BMKG point: Arjawinangun, Kecamatan Arjawinangun",16-08-2026,GFS,Open-Meteo / NOAA GFS,06:00,2026-08-16 06:00:00,22.6,79.0,0.0,3.5,0.0,1.3947,Cerah Berawan,wmo:1
arjawinangun,"Arjawinangun, Cirebon",2026-08-16,32.09.24.2004,Arjawinangun,kecamatan,no,-6.6453,108.4103,Asia/Jakarta,"BMKG point: Arjawinangun, Kecamatan Arjawinangun",16-08-2026,GFS,Open-Meteo / NOAA GFS,07:00,2026-08-16 07:00:00,24.9,69.0,0.0,2.9,0.0,1.3947,Cerah Berawan,wmo:1
arjawinangun,"Arjawinangun, Cirebon",2026-08-16,32.09.24.2004,Arjawinangun,kecamatan,no,-6.6453,108.4103,Asia/Jakarta,"BMKG point: Arjawinangun, Kecamatan Arjawinangun",16-08-2026,GFS,Open-Meteo / NOAA GFS,08:00,2026-08-16 08:00:00,27.8,58.0,0.0,2.1,0.0,1.3947,Berawan,wmo:3
arjawinangun,"Arjawinangun, Cirebon",2026-08-16,32.09.24.2004,Arjawinangun,kecamatan,no,-6.6453,108.4103,Asia/Jakarta,"BMKG point: Arjawinangun, Kecamatan Arjawinangun",16-08-2026,GFS,Open-Meteo / NOAA GFS,09:00,2026-08-16 09:00:00,30.4,48.0,0.0,7.2,0.0,1.3947,Berawan,wmo:3
arjawinangun,"Arjawinangun, Cirebon",2026-08-16,32.09.24.2004,Arjawinangun,kecamatan,no,-6.6453,108.4103,Asia/Jakarta,"BMKG point: Arjawinangun, Kecamatan Arjawinangun",16-08-2026,GFS,Open-Meteo / NOAA GFS,10:00,2026-08-16 10:00:00,32.5,42.0,0.0,11.3,0.0,1.3947,Cerah,wmo:0
arjawinangun,"Arjawinangun, Cirebon",2026-08-16,32.09.24.2004,Arjawinangun,kecamatan,no,-6.6453,108.4103,Asia/Jakarta,"BMKG point: Arjawinangun, Kecamatan Arjawinangun",16-08-2026,GFS,Open-Meteo / NOAA GFS,11:00,2026-08-16 11:00:00,34.0,39.0,0.0,16.9,0.0,1.3947,Berawan,wmo:3
arjawinangun,"Arjawinangun, Cirebon",2026-08-16,32.09.24.2004,Arjawinangun,kecamatan,no,-6.6453,108.4103,Asia/Jakarta,"BMKG point: Arjawinangun, Kecamatan Arjawinangun",16-08-2026,GFS,Open-Meteo / NOAA GFS,12:00,2026-08-16 12:00:00,34.7,37.0,0.0,19.7,0.0,1.3947,Cerah,wmo:0
arjawinangun,"Arjawinangun, Cirebon",2026-08-16,32.09.24.2004,Arjawinangun,kecamatan,no,-6.6453,108.4103,Asia/Jakarta,"BMKG point: Arjawinangun, Kecamatan Arjawinangun",16-08-2026,GFS,Open-Meteo / NOAA GFS,13:00,2026-08-16 13:00:00,34.4,38.0,0.0,21.7,0.0,1.3947,Cerah Berawan,wmo:1
arjawinangun,"Arjawinangun, Cirebon",2026-08-16,32.09.24.2004,Arjawinangun,kecamatan,no,-6.6453,108.4103,Asia/Jakarta,"BMKG point: Arjawinangun, Kecamatan Arjawinangun",16-08-2026,GFS,Open-Meteo / NOAA GFS,14:00,2026-08-16 14:00:00,33.7,41.0,0.0,22.0,0.0,1.3947,Berawan,wmo:3
arjawinangun,"Arjawinangun, Cirebon",2026-08-16,32.09.24.2004,Arjawinangun,kecamatan,no,-6.6453,108.4103,Asia/Jakarta,"BMKG point: Arjawinangun, Kecamatan Arjawinangun",16-08-2026,GFS,Open-Meteo / NOAA GFS,15:00,2026-08-16 15:00:00,32.7,45.0,0.0,21.8,0.0,1.3947,Cerah,wmo:0
arjawinangun,"Arjawinangun, Cirebon",2026-08-16,32.09.24.2004,Arjawinangun,kecamatan,no,-6.6453,108.4103,Asia/Jakarta,"BMKG point: Arjawinangun, Kecamatan Arjawinangun",16-08-2026,GFS,Open-Meteo / NOAA GFS,16:00,2026-08-16 16:00:00,30.8,52.0,0.0,20.1,0.0,1.3947,Cerah,wmo:0
arjawinangun,"Arjawinangun, Cirebon",2026-08-16,32.09.24.2004,Arjawinangun,kecamatan,no,-6.6453,108.4103,Asia/Jakarta,"BMKG point: Arjawinangun, Kecamatan Arjawinangun",16-08-2026,GFS,Open-Meteo / NOAA GFS,17:00,2026-08-16 17:00:00,29.0,62.0,0.0,14.9,0.0,1.3947,Cerah,wmo:0
arjawinangun,"Arjawinangun, Cirebon",2026-08-16,32.09.24.2004,Arjawinangun,kecamatan,no,-6.6453,108.4103,Asia/Jakarta,"BMKG point: Arjawinangun, Kecamatan Arjawinangun",16-08-2026,GFS,Open-Meteo / NOAA GFS,18:00,2026-08-16 18:00:00,26.9,74.0,0.0,8.9,0.0,1.3947,Cerah Berawan,wmo:1
arjawinangun,"Arjawinangun, Cirebon",2026-08-16,32.09.24.2004,Arjawinangun,kecamatan,no,-6.6453,108.4103,Asia/Jakarta,"BMKG point: Arjawinangun, Kecamatan Arjawinangun",16-08-2026,GFS,Open-Meteo / NOAA GFS,19:00,2026-08-16 19:00:00,25.5,82.0,1.4,8.7,0.0,1.3947,Hujan Ringan,wmo:80
arjawinangun,"Arjawinangun, Cirebon",2026-08-16,32.09.24.2004,Arjawinangun,kecamatan,no,-6.6453,108.4103,Asia/Jakarta,"BMKG point: Arjawinangun, Kecamatan Arjawinangun",16-08-2026,GFS,Open-Meteo / NOAA GFS,20:00,2026-08-16 20:00:00,25.5,83.0,0.0,8.1,0.0,1.3947,Berawan,wmo:3
arjawinangun,"Arjawinangun, Cirebon",2026-08-16,32.09.24.2004,Arjawinangun,kecamatan,no,-6.6453,108.4103,Asia/Jakarta,"BMKG point: Arjawinangun, Kecamatan Arjawinangun",16-08-2026,GFS,Open-Meteo / NOAA GFS,21:00,2026-08-16 21:00:00,25.3,83.0,0.0,7.6,0.0,1.3947,Cerah,wmo:0
arjawinangun,"Arjawinangun, Cirebon",2026-08-16,32.09.24.2004,Arjawinangun,kecamatan,no,-6.6453,108.4103,Asia/Jakarta,"BMKG point: Arjawinangun, Kecamatan Arjawinangun",16-08-2026,GFS,Open-Meteo / NOAA GFS,22:00,2026-08-16 22:00:00,25.0,83.0,0.0,6.9,0.0,1.3947,Cerah,wmo:0
arjawinangun,"Arjawinangun, Cirebon",2026-08-16,32.09.24.2004,Arjawinangun,kecamatan,no,-6.6453,108.4103,Asia/Jakarta,"BMKG point: Arjawinangun, Kecamatan Arjawinangun",16-08-2026,GFS,Open-Meteo / NOAA GFS,23:00,2026-08-16 23:00:00,24.7,83.0,0.0,5.9,0.0,1.3947,Cerah,wmo:0
arjawinangun,"Arjawinangun, Cirebon",2026-08-16,32.09.24.2004,Arjawinangun,kecamatan,no,-6.6453,108.4103,Asia/Jakarta,"BMKG point: Arjawinangun, Kecamatan Arjawinangun",16-08-2026,ICON,Open-Meteo / DWD ICON,00:00,2026-08-16 00:00:00,25.3,75.0,0.0,4.1,0.0,1.4739,Berawan,wmo:3
arjawinangun,"Arjawinangun, Cirebon",2026-08-16,32.09.24.2004,Arjawinangun,kecamatan,no,-6.6453,108.4103,Asia/Jakarta,"BMKG point: Arjawinangun, Kecamatan Arjawinangun",16-08-2026,ICON,Open-Meteo / DWD ICON,01:00,2026-08-16 01:00:00,24.8,76.0,0.0,3.7,0.0,1.4739,Berawan,wmo:3
arjawinangun,"Arjawinangun, Cirebon",2026-08-16,32.09.24.2004,Arjawinangun,kecamatan,no,-6.6453,108.4103,Asia/Jakarta,"BMKG point: Arjawinangun, Kecamatan Arjawinangun",16-08-2026,ICON,Open-Meteo / DWD ICON,02:00,2026-08-16 02:00:00,24.3,76.0,0.0,3.2,0.0,1.4739,Cerah Berawan,wmo:2
arjawinangun,"Arjawinangun, Cirebon",2026-08-16,32.09.24.2004,Arjawinangun,kecamatan,no,-6.6453,108.4103,Asia/Jakarta,"BMKG point: Arjawinangun, Kecamatan Arjawinangun",16-08-2026,ICON,Open-Meteo / DWD ICON,03:00,2026-08-16 03:00:00,24.0,77.0,0.0,2.5,0.0,1.4739,Cerah Berawan,wmo:2
arjawinangun,"Arjawinangun, Cirebon",2026-08-16,32.09.24.2004,Arjawinangun,kecamatan,no,-6.6453,108.4103,Asia/Jakarta,"BMKG point: Arjawinangun, Kecamatan Arjawinangun",16-08-2026,ICON,Open-Meteo / DWD ICON,04:00,2026-08-16 04:00:00,23.8,78.0,0.0,1.1,0.0,1.4739,Cerah Berawan,wmo:2
arjawinangun,"Arjawinangun, Cirebon",2026-08-16,32.09.24.2004,Arjawinangun,kecamatan,no,-6.6453,108.4103,Asia/Jakarta,"BMKG point: Arjawinangun, Kecamatan Arjawinangun",16-08-2026,ICON,Open-Meteo / DWD ICON,05:00,2026-08-16 05:00:00,23.8,78.0,0.0,1.9,0.0,1.4739,Cerah Berawan,wmo:1
arjawinangun,"Arjawinangun, Cirebon",2026-08-16,32.09.24.2004,Arjawinangun,kecamatan,no,-6.6453,108.4103,Asia/Jakarta,"BMKG point: Arjawinangun, Kecamatan Arjawinangun",16-08-2026,ICON,Open-Meteo / DWD ICON,06:00,2026-08-16 06:00:00,23.2,80.0,0.0,2.9,0.0,1.4739,Cerah Berawan,wmo:1
arjawinangun,"Arjawinangun, Cirebon",2026-08-16,32.09.24.2004,Arjawinangun,kecamatan,no,-6.6453,108.4103,Asia/Jakarta,"BMKG point: Arjawinangun, Kecamatan Arjawinangun",16-08-2026,ICON,Open-Meteo / DWD ICON,07:00,2026-08-16 07:00:00,24.2,78.0,0.0,3.7,0.0,1.4739,Cerah Berawan,wmo:1
arjawinangun,"Arjawinangun, Cirebon",2026-08-16,32.09.24.2004,Arjawinangun,kecamatan,no,-6.6453,108.4103,Asia/Jakarta,"BMKG point: Arjawinangun, Kecamatan Arjawinangun",16-08-2026,ICON,Open-Meteo / DWD ICON,08:00,2026-08-16 08:00:00,27.4,64.0,0.0,4.9,0.0,1.4739,Cerah,wmo:0
arjawinangun,"Arjawinangun, Cirebon",2026-08-16,32.09.24.2004,Arjawinangun,kecamatan,no,-6.6453,108.4103,Asia/Jakarta,"BMKG point: Arjawinangun, Kecamatan Arjawinangun",16-08-2026,ICON,Open-Meteo / DWD ICON,09:00,2026-08-16 09:00:00,30.0,54.0,0.0,5.1,0.0,1.4739,Cerah Berawan,wmo:1
arjawinangun,"Arjawinangun, Cirebon",2026-08-16,32.09.24.2004,Arjawinangun,kecamatan,no,-6.6453,108.4103,Asia/Jakarta,"BMKG point: Arjawinangun, Kecamatan Arjawinangun",16-08-2026,ICON,Open-Meteo / DWD ICON,10:00,2026-08-16 10:00:00,32.2,48.0,0.0,7.3,0.0,1.4739,Cerah Berawan,wmo:1
arjawinangun,"Arjawinangun, Cirebon",2026-08-16,32.09.24.2004,Arjawinangun,kecamatan,no,-6.6453,108.4103,Asia/Jakarta,"BMKG point: Arjawinangun, Kecamatan Arjawinangun",16-08-2026,ICON,Open-Meteo / DWD ICON,11:00,2026-08-16 11:00:00,33.6,46.0,0.0,12.5,0.0,1.4739,Cerah Berawan,wmo:1
arjawinangun,"Arjawinangun, Cirebon",2026-08-16,32.09.24.2004,Arjawinangun,kecamatan,no,-6.6453,108.4103,Asia/Jakarta,"BMKG point: Arjawinangun, Kecamatan Arjawinangun",16-08-2026,ICON,Open-Meteo / DWD ICON,12:00,2026-08-16 12:00:00,33.8,47.0,0.0,17.7,0.0,1.4739,Cerah Berawan,wmo:1
arjawinangun,"Arjawinangun, Cirebon",2026-08-16,32.09.24.2004,Arjawinangun,kecamatan,no,-6.6453,108.4103,Asia/Jakarta,"BMKG point: Arjawinangun, Kecamatan Arjawinangun",16-08-2026,ICON,Open-Meteo / DWD ICON,13:00,2026-08-16 13:00:00,33.4,49.0,0.0,19.8,0.0,1.4739,Cerah Berawan,wmo:1
arjawinangun,"Arjawinangun, Cirebon",2026-08-16,32.09.24.2004,Arjawinangun,kecamatan,no,-6.6453,108.4103,Asia/Jakarta,"BMKG point: Arjawinangun, Kecamatan Arjawinangun",16-08-2026,ICON,Open-Meteo / DWD ICON,14:00,2026-08-16 14:00:00,33.2,50.0,0.0,19.6,0.0,1.4739,Cerah Berawan,wmo:1
arjawinangun,"Arjawinangun, Cirebon",2026-08-16,32.09.24.2004,Arjawinangun,kecamatan,no,-6.6453,108.4103,Asia/Jakarta,"BMKG point: Arjawinangun, Kecamatan Arjawinangun",16-08-2026,ICON,Open-Meteo / DWD ICON,15:00,2026-08-16 15:00:00,32.4,54.0,0.0,20.1,0.0,1.4739,Cerah Berawan,wmo:1
arjawinangun,"Arjawinangun, Cirebon",2026-08-16,32.09.24.2004,Arjawinangun,kecamatan,no,-6.6453,108.4103,Asia/Jakarta,"BMKG point: Arjawinangun, Kecamatan Arjawinangun",16-08-2026,ICON,Open-Meteo / DWD ICON,16:00,2026-08-16 16:00:00,31.1,61.0,0.0,19.1,0.0,1.4739,Cerah Berawan,wmo:2
arjawinangun,"Arjawinangun, Cirebon",2026-08-16,32.09.24.2004,Arjawinangun,kecamatan,no,-6.6453,108.4103,Asia/Jakarta,"BMKG point: Arjawinangun, Kecamatan Arjawinangun",16-08-2026,ICON,Open-Meteo / DWD ICON,17:00,2026-08-16 17:00:00,29.7,68.0,0.0,15.4,0.0,1.4739,Cerah Berawan,wmo:1
arjawinangun,"Arjawinangun, Cirebon",2026-08-16,32.09.24.2004,Arjawinangun,kecamatan,no,-6.6453,108.4103,Asia/Jakarta,"BMKG point: Arjawinangun, Kecamatan Arjawinangun",16-08-2026,ICON,Open-Meteo / DWD ICON,18:00,2026-08-16 18:00:00,28.2,73.0,0.0,10.8,0.0,1.4739,Cerah Berawan,wmo:1
arjawinangun,"Arjawinangun, Cirebon",2026-08-16,32.09.24.2004,Arjawinangun,kecamatan,no,-6.6453,108.4103,Asia/Jakarta,"BMKG point: Arjawinangun, Kecamatan Arjawinangun",16-08-2026,ICON,Open-Meteo / DWD ICON,19:00,2026-08-16 19:00:00,27.4,76.0,0.0,8.0,0.0,1.4739,Cerah Berawan,wmo:2
arjawinangun,"Arjawinangun, Cirebon",2026-08-16,32.09.24.2004,Arjawinangun,kecamatan,no,-6.6453,108.4103,Asia/Jakarta,"BMKG point: Arjawinangun, Kecamatan Arjawinangun",16-08-2026,ICON,Open-Meteo / DWD ICON,20:00,2026-08-16 20:00:00,26.9,79.0,0.0,6.8,0.0,1.4739,Cerah Berawan,wmo:2
arjawinangun,"Arjawinangun, Cirebon",2026-08-16,32.09.24.2004,Arjawinangun,kecamatan,no,-6.6453,108.4103,Asia/Jakarta,"BMKG point: Arjawinangun, Kecamatan Arjawinangun",16-08-2026,ICON,Open-Meteo / DWD ICON,21:00,2026-08-16 21:00:00,26.6,83.0,0.0,6.3,0.0,1.4739,Cerah Berawan,wmo:2
arjawinangun,"Arjawinangun, Cirebon",2026-08-16,32.09.24.2004,Arjawinangun,kecamatan,no,-6.6453,108.4103,Asia/Jakarta,"BMKG point: Arjawinangun, Kecamatan Arjawinangun",16-08-2026,ICON,Open-Meteo / DWD ICON,22:00,2026-08-16 22:00:00,26.2,85.0,0.0,5.2,0.0,1.4739,Cerah Berawan,wmo:2
arjawinangun,"Arjawinangun, Cirebon",2026-08-16,32.09.24.2004,Arjawinangun,kecamatan,no,-6.6453,108.4103,Asia/Jakarta,"BMKG point: Arjawinangun, Kecamatan Arjawinangun",16-08-2026,ICON,Open-Meteo / DWD ICON,23:00,2026-08-16 23:00:00,25.8,86.0,0.0,3.5,0.0,1.4739,Cerah Berawan,wmo:1
arjawinangun,"Arjawinangun, Cirebon",2026-08-16,32.09.24.2004,Arjawinangun,kecamatan,no,-6.6453,108.4103,Asia/Jakarta,"BMKG point: Arjawinangun, Kecamatan Arjawinangun",16-08-2026,KMA,Open-Meteo / KMA,00:00,2026-08-16 00:00:00,,,,,0.0,0.547,Berawan,wmo:None
arjawinangun,"Arjawinangun, Cirebon",2026-08-16,32.09.24.2004,Arjawinangun,kecamatan,no,-6.6453,108.4103,Asia/Jakarta,"BMKG point: Arjawinangun, Kecamatan Arjawinangun",16-08-2026,KMA,Open-Meteo / KMA,01:00,2026-08-16 01:00:00,,,,,0.0,0.547,Berawan,wmo:None
arjawinangun,"Arjawinangun, Cirebon",2026-08-16,32.09.24.2004,Arjawinangun,kecamatan,no,-6.6453,108.4103,Asia/Jakarta,"BMKG point: Arjawinangun, Kecamatan Arjawinangun",16-08-2026,KMA,Open-Meteo / KMA,02:00,2026-08-16 02:00:00,,,,,0.0,0.547,Berawan,wmo:None
arjawinangun,"Arjawinangun, Cirebon",2026-08-16,32.09.24.2004,Arjawinangun,kecamatan,no,-6.6453,108.4103,Asia/Jakarta,"BMKG point: Arjawinangun, Kecamatan Arjawinangun",16-08-2026,KMA,Open-Meteo / KMA,03:00,2026-08-16 03:00:00,,,,,0.0,0.547,Berawan,wmo:None
arjawinangun,"Arjawinangun, Cirebon",2026-08-16,32.09.24.2004,Arjawinangun,kecamatan,no,-6.6453,108.4103,Asia/Jakarta,"BMKG point: Arjawinangun, Kecamatan Arjawinangun",16-08-2026,KMA,Open-Meteo / KMA,04:00,2026-08-16 04:00:00,,,,,0.0,0.547,Berawan,wmo:None
arjawinangun,"Arjawinangun, Cirebon",2026-08-16,32.09.24.2004,Arjawinangun,kecamatan,no,-6.6453,108.4103,Asia/Jakarta,"BMKG point: Arjawinangun, Kecamatan Arjawinangun",16-08-2026,KMA,Open-Meteo / KMA,05:00,2026-08-16 05:00:00,,,,,0.0,0.547,Berawan,wmo:None
arjawinangun,"Arjawinangun, Cirebon",2026-08-16,32.09.24.2004,Arjawinangun,kecamatan,no,-6.6453,108.4103,Asia/Jakarta,"BMKG point: Arjawinangun, Kecamatan Arjawinangun",16-08-2026,KMA,Open-Meteo / KMA,06:00,2026-08-16 06:00:00,,,,,0.0,0.547,Berawan,wmo:None
arjawinangun,"Arjawinangun, Cirebon",2026-08-16,32.09.24.2004,Arjawinangun,kecamatan,no,-6.6453,108.4103,Asia/Jakarta,"BMKG point: Arjawinangun, Kecamatan Arjawinangun",16-08-2026,KMA,Open-Meteo / KMA,07:00,2026-08-16 07:00:00,,,,,0.0,0.547,Berawan,wmo:None
arjawinangun,"Arjawinangun, Cirebon",2026-08-16,32.09.24.2004,Arjawinangun,kecamatan,no,-6.6453,108.4103,Asia/Jakarta,"BMKG point: Arjawinangun, Kecamatan Arjawinangun",16-08-2026,KMA,Open-Meteo / KMA,08:00,2026-08-16 08:00:00,,,,,0.0,0.547,Berawan,wmo:None
arjawinangun,"Arjawinangun, Cirebon",2026-08-16,32.09.24.2004,Arjawinangun,kecamatan,no,-6.6453,108.4103,Asia/Jakarta,"BMKG point: Arjawinangun, Kecamatan Arjawinangun",16-08-2026,KMA,Open-Meteo / KMA,09:00,2026-08-16 09:00:00,,,,,0.0,0.547,Berawan,wmo:None
arjawinangun,"Arjawinangun, Cirebon",2026-08-16,32.09.24.2004,Arjawinangun,kecamatan,no,-6.6453,108.4103,Asia/Jakarta,"BMKG point: Arjawinangun, Kecamatan Arjawinangun",16-08-2026,KMA,Open-Meteo / KMA,10:00,2026-08-16 10:00:00,,,,,0.0,0.547,Berawan,wmo:None
arjawinangun,"Arjawinangun, Cirebon",2026-08-16,32.09.24.2004,Arjawinangun,kecamatan,no,-6.6453,108.4103,Asia/Jakarta,"BMKG point: Arjawinangun, Kecamatan Arjawinangun",16-08-2026,KMA,Open-Meteo / KMA,11:00,2026-08-16 11:00:00,,,,,0.0,0.547,Berawan,wmo:None
arjawinangun,"Arjawinangun, Cirebon",2026-08-16,32.09.24.2004,Arjawinangun,kecamatan,no,-6.6453,108.4103,Asia/Jakarta,"BMKG point: Arjawinangun, Kecamatan Arjawinangun",16-08-2026,KMA,Open-Meteo / KMA,12:00,2026-08-16 12:00:00,,,,,0.0,0.547,Berawan,wmo:None
arjawinangun,"Arjawinangun, Cirebon",2026-08-16,32.09.24.2004,Arjawinangun,kecamatan,no,-6.6453,108.4103,Asia/Jakarta,"BMKG point: Arjawinangun, Kecamatan Arjawinangun",16-08-2026,KMA,Open-Meteo / KMA,13:00,2026-08-16 13:00:00,,,,,0.0,0.547,Berawan,wmo:None
arjawinangun,"Arjawinangun, Cirebon",2026-08-16,32.09.24.2004,Arjawinangun,kecamatan,no,-6.6453,108.4103,Asia/Jakarta,"BMKG point: Arjawinangun, Kecamatan Arjawinangun",16-08-2026,KMA,Open-Meteo / KMA,14:00,2026-08-16 14:00:00,,,,,0.0,0.547,Berawan,wmo:None
arjawinangun,"Arjawinangun, Cirebon",2026-08-16,32.09.24.2004,Arjawinangun,kecamatan,no,-6.6453,108.4103,Asia/Jakarta,"BMKG point: Arjawinangun, Kecamatan Arjawinangun",16-08-2026,KMA,Open-Meteo / KMA,15:00,2026-08-16 15:00:00,,,,,0.0,0.547,Berawan,wmo:None
arjawinangun,"Arjawinangun, Cirebon",2026-08-16,32.09.24.2004,Arjawinangun,kecamatan,no,-6.6453,108.4103,Asia/Jakarta,"BMKG point: Arjawinangun, Kecamatan Arjawinangun",16-08-2026,KMA,Open-Meteo / KMA,16:00,2026-08-16 16:00:00,,,,,0.0,0.547,Berawan,wmo:None
arjawinangun,"Arjawinangun, Cirebon",2026-08-16,32.09.24.2004,Arjawinangun,kecamatan,no,-6.6453,108.4103,Asia/Jakarta,"BMKG point: Arjawinangun, Kecamatan Arjawinangun",16-08-2026,KMA,Open-Meteo / KMA,17:00,2026-08-16 17:00:00,,,,,0.0,0.547,Berawan,wmo:None
arjawinangun,"Arjawinangun, Cirebon",2026-08-16,32.09.24.2004,Arjawinangun,kecamatan,no,-6.6453,108.4103,Asia/Jakarta,"BMKG point: Arjawinangun, Kecamatan Arjawinangun",16-08-2026,KMA,Open-Meteo / KMA,18:00,2026-08-16 18:00:00,,,,,0.0,0.547,Berawan,wmo:None
arjawinangun,"Arjawinangun, Cirebon",2026-08-16,32.09.24.2004,Arjawinangun,kecamatan,no,-6.6453,108.4103,Asia/Jakarta,"BMKG point: Arjawinangun, Kecamatan Arjawinangun",16-08-2026,KMA,Open-Meteo / KMA,19:00,2026-08-16 19:00:00,,,,,0.0,0.547,Berawan,wmo:None
arjawinangun,"Arjawinangun, Cirebon",2026-08-16,32.09.24.2004,Arjawinangun,kecamatan,no,-6.6453,108.4103,Asia/Jakarta,"BMKG point: Arjawinangun, Kecamatan Arjawinangun",16-08-2026,KMA,Open-Meteo / KMA,20:00,2026-08-16 20:00:00,,,,,0.0,0.547,Berawan,wmo:None
arjawinangun,"Arjawinangun, Cirebon",2026-08-16,32.09.24.2004,Arjawinangun,kecamatan,no,-6.6453,108.4103,Asia/Jakarta,"BMKG point: Arjawinangun, Kecamatan Arjawinangun",16-08-2026,KMA,Open-Meteo / KMA,21:00,2026-08-16 21:00:00,,,,,0.0,0.547,Berawan,wmo:None
arjawinangun,"Arjawinangun, Cirebon",2026-08-16,32.09.24.2004,Arjawinangun,kecamatan,no,-6.6453,108.4103,Asia/Jakarta,"BMKG point: Arjawinangun, Kecamatan Arjawinangun",16-08-2026,KMA,Open-Meteo / KMA,22:00,2026-08-16 22:00:00,,,,,0.0,0.547,Berawan,wmo:None
arjawinangun,"Arjawinangun, Cirebon",2026-08-16,32.09.24.2004,Arjawinangun,kecamatan,no,-6.6453,108.4103,Asia/Jakarta,"BMKG point: Arjawinangun, Kecamatan Arjawinangun",16-08-2026,KMA,Open-Meteo / KMA,23:00,2026-08-16 23:00:00,,,,,0.0,0.547,Berawan,wmo:None
arjawinangun,"Arjawinangun, Cirebon",2026-08-16,32.09.24.2004,Arjawinangun,kecamatan,no,-6.6453,108.4103,Asia/Jakarta,"BMKG point: Arjawinangun, Kecamatan Arjawinangun",16-08-2026,METEOFRANCE,Open-Meteo / Meteo-France,00:00,2026-08-16 00:00:00,27.2,68.0,0.0,10.6,0.0,1.5465,Berawan,wmo:3
arjawinangun,"Arjawinangun, Cirebon",2026-08-16,32.09.24.2004,Arjawinangun,kecamatan,no,-6.6453,108.4103,Asia/Jakarta,"BMKG point: Arjawinangun, Kecamatan Arjawinangun",16-08-2026,METEOFRANCE,Open-Meteo / Meteo-France,01:00,2026-08-16 01:00:00,26.9,68.0,0.0,10.7,0.0,1.5465,Berawan,wmo:3
arjawinangun,"Arjawinangun, Cirebon",2026-08-16,32.09.24.2004,Arjawinangun,kecamatan,no,-6.6453,108.4103,Asia/Jakarta,"BMKG point: Arjawinangun, Kecamatan Arjawinangun",16-08-2026,METEOFRANCE,Open-Meteo / Meteo-France,02:00,2026-08-16 02:00:00,26.7,68.0,0.0,10.9,0.0,1.5465,Berawan,wmo:3
arjawinangun,"Arjawinangun, Cirebon",2026-08-16,32.09.24.2004,Arjawinangun,kecamatan,no,-6.6453,108.4103,Asia/Jakarta,"BMKG point: Arjawinangun, Kecamatan Arjawinangun",16-08-2026,METEOFRANCE,Open-Meteo / Meteo-France,03:00,2026-08-16 03:00:00,26.5,67.0,0.0,11.7,0.0,1.5465,Berawan,wmo:3
arjawinangun,"Arjawinangun, Cirebon",2026-08-16,32.09.24.2004,Arjawinangun,kecamatan,no,-6.6453,108.4103,Asia/Jakarta,"BMKG point: Arjawinangun, Kecamatan Arjawinangun",16-08-2026,METEOFRANCE,Open-Meteo / Meteo-France,04:00,2026-08-16 04:00:00,26.2,67.0,0.0,12.4,0.0,1.5465,Berawan,wmo:3
arjawinangun,"Arjawinangun, Cirebon",2026-08-16,32.09.24.2004,Arjawinangun,kecamatan,no,-6.6453,108.4103,Asia/Jakarta,"BMKG point: Arjawinangun, Kecamatan Arjawinangun",16-08-2026,METEOFRANCE,Open-Meteo / Meteo-France,05:00,2026-08-16 05:00:00,26.0,67.0,0.0,12.8,0.0,1.5465,Berawan,wmo:3
arjawinangun,"Arjawinangun, Cirebon",2026-08-16,32.09.24.2004,Arjawinangun,kecamatan,no,-6.6453,108.4103,Asia/Jakarta,"BMKG point: Arjawinangun, Kecamatan Arjawinangun",16-08-2026,METEOFRANCE,Open-Meteo / Meteo-France,06:00,2026-08-16 06:00:00,25.8,68.0,0.0,12.8,0.0,1.5465,Berawan,wmo:3
arjawinangun,"Arjawinangun, Cirebon",2026-08-16,32.09.24.2004,Arjawinangun,kecamatan,no,-6.6453,108.4103,Asia/Jakarta,"BMKG point: Arjawinangun, Kecamatan Arjawinangun",16-08-2026,METEOFRANCE,Open-Meteo / Meteo-France,07:00,2026-08-16 07:00:00,26.3,66.0,0.0,11.7,0.0,1.5465,Cerah Berawan,wmo:2
arjawinangun,"Arjawinangun, Cirebon",2026-08-16,32.09.24.2004,Arjawinangun,kecamatan,no,-6.6453,108.4103,Asia/Jakarta,"BMKG point: Arjawinangun, Kecamatan Arjawinangun",16-08-2026,METEOFRANCE,Open-Meteo / Meteo-France,08:00,2026-08-16 08:00:00,28.0,58.0,0.0,12.3,0.0,1.5465,Cerah Berawan,wmo:2
arjawinangun,"Arjawinangun, Cirebon",2026-08-16,32.09.24.2004,Arjawinangun,kecamatan,no,-6.6453,108.4103,Asia/Jakarta,"BMKG point: Arjawinangun, Kecamatan Arjawinangun",16-08-2026,METEOFRANCE,Open-Meteo / Meteo-France,09:00,2026-08-16 09:00:00,30.0,52.0,0.0,12.1,0.0,1.5465,Cerah Berawan,wmo:1
arjawinangun,"Arjawinangun, Cirebon",2026-08-16,32.09.24.2004,Arjawinangun,kecamatan,no,-6.6453,108.4103,Asia/Jakarta,"BMKG point: Arjawinangun, Kecamatan Arjawinangun",16-08-2026,METEOFRANCE,Open-Meteo / Meteo-France,10:00,2026-08-16 10:00:00,31.5,48.0,0.0,11.6,0.0,1.5465,Cerah Berawan,wmo:1
arjawinangun,"Arjawinangun, Cirebon",2026-08-16,32.09.24.2004,Arjawinangun,kecamatan,no,-6.6453,108.4103,Asia/Jakarta,"BMKG point: Arjawinangun, Kecamatan Arjawinangun",16-08-2026,METEOFRANCE,Open-Meteo / Meteo-France,11:00,2026-08-16 11:00:00,32.9,45.0,0.0,12.0,0.0,1.5465,Cerah Berawan,wmo:2
arjawinangun,"Arjawinangun, Cirebon",2026-08-16,32.09.24.2004,Arjawinangun,kecamatan,no,-6.6453,108.4103,Asia/Jakarta,"BMKG point: Arjawinangun, Kecamatan Arjawinangun",16-08-2026,METEOFRANCE,Open-Meteo / Meteo-France,12:00,2026-08-16 12:00:00,33.9,43.0,0.0,13.7,0.0,1.5465,Cerah Berawan,wmo:2
arjawinangun,"Arjawinangun, Cirebon",2026-08-16,32.09.24.2004,Arjawinangun,kecamatan,no,-6.6453,108.4103,Asia/Jakarta,"BMKG point: Arjawinangun, Kecamatan Arjawinangun",16-08-2026,METEOFRANCE,Open-Meteo / Meteo-France,13:00,2026-08-16 13:00:00,34.3,43.0,0.0,15.6,0.0,1.5465,Cerah Berawan,wmo:2
arjawinangun,"Arjawinangun, Cirebon",2026-08-16,32.09.24.2004,Arjawinangun,kecamatan,no,-6.6453,108.4103,Asia/Jakarta,"BMKG point: Arjawinangun, Kecamatan Arjawinangun",16-08-2026,METEOFRANCE,Open-Meteo / Meteo-France,14:00,2026-08-16 14:00:00,34.1,45.0,0.0,17.2,0.0,1.5465,Cerah Berawan,wmo:2
arjawinangun,"Arjawinangun, Cirebon",2026-08-16,32.09.24.2004,Arjawinangun,kecamatan,no,-6.6453,108.4103,Asia/Jakarta,"BMKG point: Arjawinangun, Kecamatan Arjawinangun",16-08-2026,METEOFRANCE,Open-Meteo / Meteo-France,15:00,2026-08-16 15:00:00,33.3,51.0,0.0,17.8,0.0,1.5465,Cerah Berawan,wmo:2
arjawinangun,"Arjawinangun, Cirebon",2026-08-16,32.09.24.2004,Arjawinangun,kecamatan,no,-6.6453,108.4103,Asia/Jakarta,"BMKG point: Arjawinangun, Kecamatan Arjawinangun",16-08-2026,METEOFRANCE,Open-Meteo / Meteo-France,16:00,2026-08-16 16:00:00,32.0,58.0,0.0,16.3,0.0,1.5465,Cerah Berawan,wmo:2
arjawinangun,"Arjawinangun, Cirebon",2026-08-16,32.09.24.2004,Arjawinangun,kecamatan,no,-6.6453,108.4103,Asia/Jakarta,"BMKG point: Arjawinangun, Kecamatan Arjawinangun",16-08-2026,METEOFRANCE,Open-Meteo / Meteo-France,17:00,2026-08-16 17:00:00,30.5,66.0,0.0,13.2,0.0,1.5465,Cerah Berawan,wmo:1
arjawinangun,"Arjawinangun, Cirebon",2026-08-16,32.09.24.2004,Arjawinangun,kecamatan,no,-6.6453,108.4103,Asia/Jakarta,"BMKG point: Arjawinangun, Kecamatan Arjawinangun",16-08-2026,METEOFRANCE,Open-Meteo / Meteo-France,18:00,2026-08-16 18:00:00,29.1,74.0,0.0,10.0,0.0,1.5465,Cerah Berawan,wmo:1
arjawinangun,"Arjawinangun, Cirebon",2026-08-16,32.09.24.2004,Arjawinangun,kecamatan,no,-6.6453,108.4103,Asia/Jakarta,"BMKG point: Arjawinangun, Kecamatan Arjawinangun",16-08-2026,METEOFRANCE,Open-Meteo / Meteo-France,19:00,2026-08-16 19:00:00,28.3,78.0,0.0,7.1,0.0,1.5465,Cerah,wmo:0
arjawinangun,"Arjawinangun, Cirebon",2026-08-16,32.09.24.2004,Arjawinangun,kecamatan,no,-6.6453,108.4103,Asia/Jakarta,"BMKG point: Arjawinangun, Kecamatan Arjawinangun",16-08-2026,METEOFRANCE,Open-Meteo / Meteo-France,20:00,2026-08-16 20:00:00,28.0,80.0,0.0,7.0,0.0,1.5465,Cerah Berawan,wmo:1
arjawinangun,"Arjawinangun, Cirebon",2026-08-16,32.09.24.2004,Arjawinangun,kecamatan,no,-6.6453,108.4103,Asia/Jakarta,"BMKG point: Arjawinangun, Kecamatan Arjawinangun",16-08-2026,METEOFRANCE,Open-Meteo / Meteo-France,21:00,2026-08-16 21:00:00,27.9,80.0,0.0,7.4,0.0,1.5465,Cerah Berawan,wmo:1
arjawinangun,"Arjawinangun, Cirebon",2026-08-16,32.09.24.2004,Arjawinangun,kecamatan,no,-6.6453,108.4103,Asia/Jakarta,"BMKG point: Arjawinangun, Kecamatan Arjawinangun",16-08-2026,METEOFRANCE,Open-Meteo / Meteo-France,22:00,2026-08-16 22:00:00,27.7,77.0,0.0,8.2,0.0,1.5465,Cerah,wmo:0
arjawinangun,"Arjawinangun, Cirebon",2026-08-16,32.09.24.2004,Arjawinangun,kecamatan,no,-6.6453,108.4103,Asia/Jakarta,"BMKG point: Arjawinangun, Kecamatan Arjawinangun",16-08-2026,METEOFRANCE,Open-Meteo / Meteo-France,23:00,2026-08-16 23:00:00,27.5,73.0,0.0,7.5,0.0,1.5465,Cerah,wmo:0
arjawinangun,"Arjawinangun, Cirebon",2026-08-16,32.09.24.2004,Arjawinangun,kecamatan,no,-6.6453,108.4103,Asia/Jakarta,"BMKG point: Arjawinangun, Kecamatan Arjawinangun",16-08-2026,METNO,MET Norway,00:00,2026-08-16 00:00:00,26.3,74.5,0.0,15.48,0.0,1.3909,Cerah Berawan,partlycloudy_night
arjawinangun,"Arjawinangun, Cirebon",2026-08-16,32.09.24.2004,Arjawinangun,kecamatan,no,-6.6453,108.4103,Asia/Jakarta,"BMKG point: Arjawinangun, Kecamatan Arjawinangun",16-08-2026,METNO,MET Norway,01:00,2026-08-16 01:00:00,25.9,76.1,0.0,13.68,0.0,1.3909,Cerah Berawan,partlycloudy_night
arjawinangun,"Arjawinangun, Cirebon",2026-08-16,32.09.24.2004,Arjawinangun,kecamatan,no,-6.6453,108.4103,Asia/Jakarta,"BMKG point: Arjawinangun, Kecamatan Arjawinangun",16-08-2026,METNO,MET Norway,02:00,2026-08-16 02:00:00,25.4,77.2,0.0,11.52,0.0,1.3909,Cerah Berawan,partlycloudy_night
arjawinangun,"Arjawinangun, Cirebon",2026-08-16,32.09.24.2004,Arjawinangun,kecamatan,no,-6.6453,108.4103,Asia/Jakarta,"BMKG point: Arjawinangun, Kecamatan Arjawinangun",16-08-2026,METNO,MET Norway,03:00,2026-08-16 03:00:00,24.9,78.6,0.0,11.16,0.0,1.3909,Cerah Berawan,partlycloudy_night
arjawinangun,"Arjawinangun, Cirebon",2026-08-16,32.09.24.2004,Arjawinangun,kecamatan,no,-6.6453,108.4103,Asia/Jakarta,"BMKG point: Arjawinangun, Kecamatan Arjawinangun",16-08-2026,METNO,MET Norway,04:00,2026-08-16 04:00:00,24.5,80.5,0.0,10.44,0.0,1.3909,Cerah Berawan,partlycloudy_night
arjawinangun,"Arjawinangun, Cirebon",2026-08-16,32.09.24.2004,Arjawinangun,kecamatan,no,-6.6453,108.4103,Asia/Jakarta,"BMKG point: Arjawinangun, Kecamatan Arjawinangun",16-08-2026,METNO,MET Norway,05:00,2026-08-16 05:00:00,24.0,82.0,0.0,10.44,0.0,1.3909,Cerah Berawan,partlycloudy_night
arjawinangun,"Arjawinangun, Cirebon",2026-08-16,32.09.24.2004,Arjawinangun,kecamatan,no,-6.6453,108.4103,Asia/Jakarta,"BMKG point: Arjawinangun, Kecamatan Arjawinangun",16-08-2026,METNO,MET Norway,06:00,2026-08-16 06:00:00,23.6,82.9,0.0,9.72,0.0,1.3909,Cerah Berawan,partlycloudy_day
arjawinangun,"Arjawinangun, Cirebon",2026-08-16,32.09.24.2004,Arjawinangun,kecamatan,no,-6.6453,108.4103,Asia/Jakarta,"BMKG point: Arjawinangun, Kecamatan Arjawinangun",16-08-2026,METNO,MET Norway,07:00,2026-08-16 07:00:00,24.8,75.7,0.0,10.44,0.0,1.3909,Cerah Berawan,partlycloudy_day
arjawinangun,"Arjawinangun, Cirebon",2026-08-16,32.09.24.2004,Arjawinangun,kecamatan,no,-6.6453,108.4103,Asia/Jakarta,"BMKG point: Arjawinangun, Kecamatan Arjawinangun",16-08-2026,METNO,MET Norway,08:00,2026-08-16 08:00:00,27.4,63.7,0.0,11.52,0.0,1.3909,Cerah Berawan,partlycloudy_day
arjawinangun,"Arjawinangun, Cirebon",2026-08-16,32.09.24.2004,Arjawinangun,kecamatan,no,-6.6453,108.4103,Asia/Jakarta,"BMKG point: Arjawinangun, Kecamatan Arjawinangun",16-08-2026,METNO,MET Norway,09:00,2026-08-16 09:00:00,30.1,56.6,0.0,13.32,0.0,1.3909,Cerah Berawan,partlycloudy_day
arjawinangun,"Arjawinangun, Cirebon",2026-08-16,32.09.24.2004,Arjawinangun,kecamatan,no,-6.6453,108.4103,Asia/Jakarta,"BMKG point: Arjawinangun, Kecamatan Arjawinangun",16-08-2026,METNO,MET Norway,10:00,2026-08-16 10:00:00,32.1,50.7,0.0,14.04,0.0,1.3909,Berawan,cloudy
arjawinangun,"Arjawinangun, Cirebon",2026-08-16,32.09.24.2004,Arjawinangun,kecamatan,no,-6.6453,108.4103,Asia/Jakarta,"BMKG point: Arjawinangun, Kecamatan Arjawinangun",16-08-2026,METNO,MET Norway,11:00,2026-08-16 11:00:00,32.4,50.4,0.0,15.48,0.0,1.3909,Cerah Berawan,partlycloudy_day
arjawinangun,"Arjawinangun, Cirebon",2026-08-16,32.09.24.2004,Arjawinangun,kecamatan,no,-6.6453,108.4103,Asia/Jakarta,"BMKG point: Arjawinangun, Kecamatan Arjawinangun",16-08-2026,METNO,MET Norway,12:00,2026-08-16 12:00:00,32.5,49.5,0.0,17.28,0.0,1.3909,Cerah Berawan,partlycloudy_day
arjawinangun,"Arjawinangun, Cirebon",2026-08-16,32.09.24.2004,Arjawinangun,kecamatan,no,-6.6453,108.4103,Asia/Jakarta,"BMKG point: Arjawinangun, Kecamatan Arjawinangun",16-08-2026,METNO,MET Norway,13:00,2026-08-16 13:00:00,32.8,47.8,0.0,17.64,0.0,1.3909,Cerah Berawan,partlycloudy_day
arjawinangun,"Arjawinangun, Cirebon",2026-08-16,32.09.24.2004,Arjawinangun,kecamatan,no,-6.6453,108.4103,Asia/Jakarta,"BMKG point: Arjawinangun, Kecamatan Arjawinangun",16-08-2026,METNO,MET Norway,14:00,2026-08-16 14:00:00,32.8,48.7,0.0,18.0,0.0,1.3909,Cerah Berawan,partlycloudy_day
arjawinangun,"Arjawinangun, Cirebon",2026-08-16,32.09.24.2004,Arjawinangun,kecamatan,no,-6.6453,108.4103,Asia/Jakarta,"BMKG point: Arjawinangun, Kecamatan Arjawinangun",16-08-2026,METNO,MET Norway,15:00,2026-08-16 15:00:00,32.3,51.3,0.0,16.92,0.0,1.3909,Cerah Berawan,fair_day
arjawinangun,"Arjawinangun, Cirebon",2026-08-16,32.09.24.2004,Arjawinangun,kecamatan,no,-6.6453,108.4103,Asia/Jakarta,"BMKG point: Arjawinangun, Kecamatan Arjawinangun",16-08-2026,METNO,MET Norway,16:00,2026-08-16 16:00:00,31.2,56.3,0.0,16.2,0.0,1.3909,Cerah Berawan,fair_day
arjawinangun,"Arjawinangun, Cirebon",2026-08-16,32.09.24.2004,Arjawinangun,kecamatan,no,-6.6453,108.4103,Asia/Jakarta,"BMKG point: Arjawinangun, Kecamatan Arjawinangun",16-08-2026,METNO,MET Norway,17:00,2026-08-16 17:00:00,29.8,63.8,0.0,15.12,0.0,1.3909,Cerah,clearsky_day
arjawinangun,"Arjawinangun, Cirebon",2026-08-16,32.09.24.2004,Arjawinangun,kecamatan,no,-6.6453,108.4103,Asia/Jakarta,"BMKG point: Arjawinangun, Kecamatan Arjawinangun",16-08-2026,METNO,MET Norway,18:00,2026-08-16 18:00:00,28.6,69.3,0.0,14.4,0.0,1.3909,Cerah,clearsky_night
arjawinangun,"Arjawinangun, Cirebon",2026-08-16,32.09.24.2004,Arjawinangun,kecamatan,no,-6.6453,108.4103,Asia/Jakarta,"BMKG point: Arjawinangun, Kecamatan Arjawinangun",16-08-2026,METNO,MET Norway,19:00,2026-08-16 19:00:00,28.3,70.9,0.0,12.6,0.0,1.3909,Cerah,clearsky_night
arjawinangun,"Arjawinangun, Cirebon",2026-08-16,32.09.24.2004,Arjawinangun,kecamatan,no,-6.6453,108.4103,Asia/Jakarta,"BMKG point: Arjawinangun, Kecamatan Arjawinangun",16-08-2026,METNO,MET Norway,20:00,2026-08-16 20:00:00,28.0,72.6,0.0,11.52,0.0,1.3909,Cerah,clearsky_night
arjawinangun,"Arjawinangun, Cirebon",2026-08-16,32.09.24.2004,Arjawinangun,kecamatan,no,-6.6453,108.4103,Asia/Jakarta,"BMKG point: Arjawinangun, Kecamatan Arjawinangun",16-08-2026,METNO,MET Norway,21:00,2026-08-16 21:00:00,27.8,75.2,0.0,10.44,0.0,1.3909,Cerah,clearsky_night
arjawinangun,"Arjawinangun, Cirebon",2026-08-16,32.09.24.2004,Arjawinangun,kecamatan,no,-6.6453,108.4103,Asia/Jakarta,"BMKG point: Arjawinangun, Kecamatan Arjawinangun",16-08-2026,METNO,MET Norway,22:00,2026-08-16 22:00:00,27.6,76.7,0.0,10.44,0.0,1.3909,Cerah,clearsky_night
arjawinangun,"Arjawinangun, Cirebon",2026-08-16,32.09.24.2004,Arjawinangun,kecamatan,no,-6.6453,108.4103,Asia/Jakarta,"BMKG point: Arjawinangun, Kecamatan Arjawinangun",16-08-2026,METNO,MET Norway,23:00,2026-08-16 23:00:00,27.3,77.9,0.0,12.24,0.0,1.3909,Cerah,clearsky_night
arjawinangun,"Arjawinangun, Cirebon",2026-08-16,32.09.24.2004,Arjawinangun,kecamatan,no,-6.6453,108.4103,Asia/Jakarta,"BMKG point: Arjawinangun, Kecamatan Arjawinangun",16-08-2026,UKMO,Open-Meteo / UK Met Office,00:00,2026-08-16 00:00:00,25.6,71.0,0.0,10.1,0.0,1.3199,Cerah,wmo:0
arjawinangun,"Arjawinangun, Cirebon",2026-08-16,32.09.24.2004,Arjawinangun,kecamatan,no,-6.6453,108.4103,Asia/Jakarta,"BMKG point: Arjawinangun, Kecamatan Arjawinangun",16-08-2026,UKMO,Open-Meteo / UK Met Office,01:00,2026-08-16 01:00:00,25.0,73.0,0.0,8.3,0.0,1.3199,Cerah,wmo:0
arjawinangun,"Arjawinangun, Cirebon",2026-08-16,32.09.24.2004,Arjawinangun,kecamatan,no,-6.6453,108.4103,Asia/Jakarta,"BMKG point: Arjawinangun, Kecamatan Arjawinangun",16-08-2026,UKMO,Open-Meteo / UK Met Office,02:00,2026-08-16 02:00:00,24.5,76.0,0.0,7.6,0.0,1.3199,Cerah,wmo:0
arjawinangun,"Arjawinangun, Cirebon",2026-08-16,32.09.24.2004,Arjawinangun,kecamatan,no,-6.6453,108.4103,Asia/Jakarta,"BMKG point: Arjawinangun, Kecamatan Arjawinangun",16-08-2026,UKMO,Open-Meteo / UK Met Office,03:00,2026-08-16 03:00:00,24.3,77.0,0.0,7.6,0.0,1.3199,Cerah,wmo:0
arjawinangun,"Arjawinangun, Cirebon",2026-08-16,32.09.24.2004,Arjawinangun,kecamatan,no,-6.6453,108.4103,Asia/Jakarta,"BMKG point: Arjawinangun, Kecamatan Arjawinangun",16-08-2026,UKMO,Open-Meteo / UK Met Office,04:00,2026-08-16 04:00:00,24.0,78.0,0.0,6.8,0.0,1.3199,Cerah,wmo:0
arjawinangun,"Arjawinangun, Cirebon",2026-08-16,32.09.24.2004,Arjawinangun,kecamatan,no,-6.6453,108.4103,Asia/Jakarta,"BMKG point: Arjawinangun, Kecamatan Arjawinangun",16-08-2026,UKMO,Open-Meteo / UK Met Office,05:00,2026-08-16 05:00:00,23.2,84.0,0.0,5.0,0.0,1.3199,Berawan,wmo:3
arjawinangun,"Arjawinangun, Cirebon",2026-08-16,32.09.24.2004,Arjawinangun,kecamatan,no,-6.6453,108.4103,Asia/Jakarta,"BMKG point: Arjawinangun, Kecamatan Arjawinangun",16-08-2026,UKMO,Open-Meteo / UK Met Office,06:00,2026-08-16 06:00:00,22.6,88.0,0.0,3.6,0.0,1.3199,Cerah Berawan,wmo:2
arjawinangun,"Arjawinangun, Cirebon",2026-08-16,32.09.24.2004,Arjawinangun,kecamatan,no,-6.6453,108.4103,Asia/Jakarta,"BMKG point: Arjawinangun, Kecamatan Arjawinangun",16-08-2026,UKMO,Open-Meteo / UK Met Office,07:00,2026-08-16 07:00:00,24.7,77.0,0.0,2.9,0.0,1.3199,Berawan,wmo:3
arjawinangun,"Arjawinangun, Cirebon",2026-08-16,32.09.24.2004,Arjawinangun,kecamatan,no,-6.6453,108.4103,Asia/Jakarta,"BMKG point: Arjawinangun, Kecamatan Arjawinangun",16-08-2026,UKMO,Open-Meteo / UK Met Office,08:00,2026-08-16 08:00:00,26.3,70.0,0.0,4.7,0.0,1.3199,Berawan,wmo:3
arjawinangun,"Arjawinangun, Cirebon",2026-08-16,32.09.24.2004,Arjawinangun,kecamatan,no,-6.6453,108.4103,Asia/Jakarta,"BMKG point: Arjawinangun, Kecamatan Arjawinangun",16-08-2026,UKMO,Open-Meteo / UK Met Office,09:00,2026-08-16 09:00:00,28.0,63.0,0.0,5.8,0.0,1.3199,Berawan,wmo:3
arjawinangun,"Arjawinangun, Cirebon",2026-08-16,32.09.24.2004,Arjawinangun,kecamatan,no,-6.6453,108.4103,Asia/Jakarta,"BMKG point: Arjawinangun, Kecamatan Arjawinangun",16-08-2026,UKMO,Open-Meteo / UK Met Office,10:00,2026-08-16 10:00:00,29.3,60.0,0.0,8.6,0.0,1.3199,Cerah,wmo:0
arjawinangun,"Arjawinangun, Cirebon",2026-08-16,32.09.24.2004,Arjawinangun,kecamatan,no,-6.6453,108.4103,Asia/Jakarta,"BMKG point: Arjawinangun, Kecamatan Arjawinangun",16-08-2026,UKMO,Open-Meteo / UK Met Office,11:00,2026-08-16 11:00:00,30.7,56.0,0.0,11.2,0.0,1.3199,Cerah Berawan,wmo:1
arjawinangun,"Arjawinangun, Cirebon",2026-08-16,32.09.24.2004,Arjawinangun,kecamatan,no,-6.6453,108.4103,Asia/Jakarta,"BMKG point: Arjawinangun, Kecamatan Arjawinangun",16-08-2026,UKMO,Open-Meteo / UK Met Office,12:00,2026-08-16 12:00:00,31.0,55.0,0.0,13.0,0.0,1.3199,Cerah Berawan,wmo:1
arjawinangun,"Arjawinangun, Cirebon",2026-08-16,32.09.24.2004,Arjawinangun,kecamatan,no,-6.6453,108.4103,Asia/Jakarta,"BMKG point: Arjawinangun, Kecamatan Arjawinangun",16-08-2026,UKMO,Open-Meteo / UK Met Office,13:00,2026-08-16 13:00:00,30.9,56.0,0.0,13.7,0.0,1.3199,Cerah Berawan,wmo:1
arjawinangun,"Arjawinangun, Cirebon",2026-08-16,32.09.24.2004,Arjawinangun,kecamatan,no,-6.6453,108.4103,Asia/Jakarta,"BMKG point: Arjawinangun, Kecamatan Arjawinangun",16-08-2026,UKMO,Open-Meteo / UK Met Office,14:00,2026-08-16 14:00:00,31.1,55.0,0.0,14.0,0.0,1.3199,Cerah,wmo:0
arjawinangun,"Arjawinangun, Cirebon",2026-08-16,32.09.24.2004,Arjawinangun,kecamatan,no,-6.6453,108.4103,Asia/Jakarta,"BMKG point: Arjawinangun, Kecamatan Arjawinangun",16-08-2026,UKMO,Open-Meteo / UK Met Office,15:00,2026-08-16 15:00:00,31.0,55.0,0.0,14.0,0.0,1.3199,Cerah,wmo:0
arjawinangun,"Arjawinangun, Cirebon",2026-08-16,32.09.24.2004,Arjawinangun,kecamatan,no,-6.6453,108.4103,Asia/Jakarta,"BMKG point: Arjawinangun, Kecamatan Arjawinangun",16-08-2026,UKMO,Open-Meteo / UK Met Office,16:00,2026-08-16 16:00:00,30.2,59.0,0.0,14.8,0.0,1.3199,Cerah,wmo:0
arjawinangun,"Arjawinangun, Cirebon",2026-08-16,32.09.24.2004,Arjawinangun,kecamatan,no,-6.6453,108.4103,Asia/Jakarta,"BMKG point: Arjawinangun, Kecamatan Arjawinangun",16-08-2026,UKMO,Open-Meteo / UK Met Office,17:00,2026-08-16 17:00:00,29.1,64.0,0.0,12.2,0.0,1.3199,Cerah,wmo:0
arjawinangun,"Arjawinangun, Cirebon",2026-08-16,32.09.24.2004,Arjawinangun,kecamatan,no,-6.6453,108.4103,Asia/Jakarta,"BMKG point: Arjawinangun, Kecamatan Arjawinangun",16-08-2026,UKMO,Open-Meteo / UK Met Office,18:00,2026-08-16 18:00:00,28.2,68.0,0.0,10.4,0.0,1.3199,Cerah,wmo:0
arjawinangun,"Arjawinangun, Cirebon",2026-08-16,32.09.24.2004,Arjawinangun,kecamatan,no,-6.6453,108.4103,Asia/Jakarta,"BMKG point: Arjawinangun, Kecamatan Arjawinangun",16-08-2026,UKMO,Open-Meteo / UK Met Office,19:00,2026-08-16 19:00:00,27.7,72.0,0.0,8.6,0.0,1.3199,Cerah,wmo:0
arjawinangun,"Arjawinangun, Cirebon",2026-08-16,32.09.24.2004,Arjawinangun,kecamatan,no,-6.6453,108.4103,Asia/Jakarta,"BMKG point: Arjawinangun, Kecamatan Arjawinangun",16-08-2026,UKMO,Open-Meteo / UK Met Office,20:00,2026-08-16 20:00:00,27.3,75.0,0.0,7.9,0.0,1.3199,Cerah,wmo:0
arjawinangun,"Arjawinangun, Cirebon",2026-08-16,32.09.24.2004,Arjawinangun,kecamatan,no,-6.6453,108.4103,Asia/Jakarta,"BMKG point: Arjawinangun, Kecamatan Arjawinangun",16-08-2026,UKMO,Open-Meteo / UK Met Office,21:00,2026-08-16 21:00:00,27.2,75.0,0.0,9.0,0.0,1.3199,Cerah Berawan,wmo:1
arjawinangun,"Arjawinangun, Cirebon",2026-08-16,32.09.24.2004,Arjawinangun,kecamatan,no,-6.6453,108.4103,Asia/Jakarta,"BMKG point: Arjawinangun, Kecamatan Arjawinangun",16-08-2026,UKMO,Open-Meteo / UK Met Office,22:00,2026-08-16 22:00:00,26.9,72.0,0.0,10.8,0.0,1.3199,Cerah,wmo:0
arjawinangun,"Arjawinangun, Cirebon",2026-08-16,32.09.24.2004,Arjawinangun,kecamatan,no,-6.6453,108.4103,Asia/Jakarta,"BMKG point: Arjawinangun, Kecamatan Arjawinangun",16-08-2026,UKMO,Open-Meteo / UK Met Office,23:00,2026-08-16 23:00:00,26.3,73.0,0.0,8.3,0.0,1.3199,Cerah,wmo:0
arjawinangun,"Arjawinangun, Cirebon",2026-08-17,32.09.24.2004,Arjawinangun,kecamatan,no,-6.6453,108.4103,Asia/Jakarta,"BMKG point: Arjawinangun, Kecamatan Arjawinangun",17-08-2026,BMKG,BMKG,00:00,2026-08-17 00:00:00,26.0,81.0,0.0,5.0,0.0,1.8124,Cerah,Cerah
arjawinangun,"Arjawinangun, Cirebon",2026-08-17,32.09.24.2004,Arjawinangun,kecamatan,no,-6.6453,108.4103,Asia/Jakarta,"BMKG point: Arjawinangun, Kecamatan Arjawinangun",17-08-2026,BMKG,BMKG,01:00,2026-08-17 00:00:00,26.0,81.0,0.0,5.0,60.0,1.3593,Cerah,Cerah
arjawinangun,"Arjawinangun, Cirebon",2026-08-17,32.09.24.2004,Arjawinangun,kecamatan,no,-6.6453,108.4103,Asia/Jakarta,"BMKG point: Arjawinangun, Kecamatan Arjawinangun",17-08-2026,BMKG,BMKG,02:00,2026-08-17 03:00:00,25.0,81.0,0.0,2.3,60.0,1.3593,Cerah,Cerah
arjawinangun,"Arjawinangun, Cirebon",2026-08-17,32.09.24.2004,Arjawinangun,kecamatan,no,-6.6453,108.4103,Asia/Jakarta,"BMKG point: Arjawinangun, Kecamatan Arjawinangun",17-08-2026,BMKG,BMKG,03:00,2026-08-17 03:00:00,25.0,81.0,0.0,2.3,0.0,1.8124,Cerah,Cerah
arjawinangun,"Arjawinangun, Cirebon",2026-08-17,32.09.24.2004,Arjawinangun,kecamatan,no,-6.6453,108.4103,Asia/Jakarta,"BMKG point: Arjawinangun, Kecamatan Arjawinangun",17-08-2026,BMKG,BMKG,04:00,2026-08-17 03:00:00,25.0,81.0,0.0,2.3,60.0,1.3593,Cerah,Cerah
arjawinangun,"Arjawinangun, Cirebon",2026-08-17,32.09.24.2004,Arjawinangun,kecamatan,no,-6.6453,108.4103,Asia/Jakarta,"BMKG point: Arjawinangun, Kecamatan Arjawinangun",17-08-2026,BMKG,BMKG,05:00,2026-08-17 06:00:00,26.0,74.0,0.0,0.7,60.0,1.3593,Cerah,Cerah
arjawinangun,"Arjawinangun, Cirebon",2026-08-17,32.09.24.2004,Arjawinangun,kecamatan,no,-6.6453,108.4103,Asia/Jakarta,"BMKG point: Arjawinangun, Kecamatan Arjawinangun",17-08-2026,BMKG,BMKG,06:00,2026-08-17 06:00:00,26.0,74.0,0.0,0.7,0.0,1.8124,Cerah,Cerah
arjawinangun,"Arjawinangun, Cirebon",2026-08-17,32.09.24.2004,Arjawinangun,kecamatan,no,-6.6453,108.4103,Asia/Jakarta,"BMKG point: Arjawinangun, Kecamatan Arjawinangun",17-08-2026,BMKG,BMKG,07:00,2026-08-17 06:00:00,26.0,74.0,0.0,0.7,60.0,1.3593,Cerah,Cerah
arjawinangun,"Arjawinangun, Cirebon",2026-08-17,32.09.24.2004,Arjawinangun,kecamatan,no,-6.6453,108.4103,Asia/Jakarta,"BMKG point: Arjawinangun, Kecamatan Arjawinangun",17-08-2026,BMKG,BMKG,08:00,2026-08-17 09:00:00,32.0,50.0,0.0,0.7,60.0,1.3593,Cerah,Cerah
arjawinangun,"Arjawinangun, Cirebon",2026-08-17,32.09.24.2004,Arjawinangun,kecamatan,no,-6.6453,108.4103,Asia/Jakarta,"BMKG point: Arjawinangun, Kecamatan Arjawinangun",17-08-2026,BMKG,BMKG,09:00,2026-08-17 09:00:00,32.0,50.0,0.0,0.7,0.0,1.8124,Cerah,Cerah
arjawinangun,"Arjawinangun, Cirebon",2026-08-17,32.09.24.2004,Arjawinangun,kecamatan,no,-6.6453,108.4103,Asia/Jakarta,"BMKG point: Arjawinangun, Kecamatan Arjawinangun",17-08-2026,BMKG,BMKG,10:00,2026-08-17 09:00:00,32.0,50.0,0.0,0.7,60.0,1.3593,Cerah,Cerah
arjawinangun,"Arjawinangun, Cirebon",2026-08-17,32.09.24.2004,Arjawinangun,kecamatan,no,-6.6453,108.4103,Asia/Jakarta,"BMKG point: Arjawinangun, Kecamatan Arjawinangun",17-08-2026,BMKG,BMKG,11:00,2026-08-17 12:00:00,34.0,46.0,0.0,8.2,60.0,1.3593,Cerah,Cerah
arjawinangun,"Arjawinangun, Cirebon",2026-08-17,32.09.24.2004,Arjawinangun,kecamatan,no,-6.6453,108.4103,Asia/Jakarta,"BMKG point: Arjawinangun, Kecamatan Arjawinangun",17-08-2026,BMKG,BMKG,12:00,2026-08-17 12:00:00,34.0,46.0,0.0,8.2,0.0,1.8124,Cerah,Cerah
arjawinangun,"Arjawinangun, Cirebon",2026-08-17,32.09.24.2004,Arjawinangun,kecamatan,no,-6.6453,108.4103,Asia/Jakarta,"BMKG point: Arjawinangun, Kecamatan Arjawinangun",17-08-2026,BMKG,BMKG,13:00,2026-08-17 12:00:00,34.0,46.0,0.0,8.2,60.0,1.3593,Cerah,Cerah
arjawinangun,"Arjawinangun, Cirebon",2026-08-17,32.09.24.2004,Arjawinangun,kecamatan,no,-6.6453,108.4103,Asia/Jakarta,"BMKG point: Arjawinangun, Kecamatan Arjawinangun",17-08-2026,BMKG,BMKG,14:00,2026-08-17 15:00:00,31.0,55.0,0.0,8.2,60.0,1.3593,Cerah,Cerah
arjawinangun,"Arjawinangun, Cirebon",2026-08-17,32.09.24.2004,Arjawinangun,kecamatan,no,-6.6453,108.4103,Asia/Jakarta,"BMKG point: Arjawinangun, Kecamatan Arjawinangun",17-08-2026,BMKG,BMKG,15:00,2026-08-17 15:00:00,31.0,55.0,0.0,8.2,0.0,1.8124,Cerah,Cerah
arjawinangun,"Arjawinangun, Cirebon",2026-08-17,32.09.24.2004,Arjawinangun,kecamatan,no,-6.6453,108.4103,Asia/Jakarta,"BMKG point: Arjawinangun, Kecamatan Arjawinangun",17-08-2026,BMKG,BMKG,16:00,2026-08-17 15:00:00,31.0,55.0,0.0,8.2,60.0,1.3593,Cerah,Cerah
arjawinangun,"Arjawinangun, Cirebon",2026-08-17,32.09.24.2004,Arjawinangun,kecamatan,no,-6.6453,108.4103,Asia/Jakarta,"BMKG point: Arjawinangun, Kecamatan Arjawinangun",17-08-2026,BMKG,BMKG,17:00,2026-08-17 18:00:00,28.0,70.0,0.0,10.9,60.0,1.3593,Cerah,Cerah
arjawinangun,"Arjawinangun, Cirebon",2026-08-17,32.09.24.2004,Arjawinangun,kecamatan,no,-6.6453,108.4103,Asia/Jakarta,"BMKG point: Arjawinangun, Kecamatan Arjawinangun",17-08-2026,BMKG,BMKG,18:00,2026-08-17 18:00:00,28.0,70.0,0.0,10.9,0.0,1.8124,Cerah,Cerah
arjawinangun,"Arjawinangun, Cirebon",2026-08-17,32.09.24.2004,Arjawinangun,kecamatan,no,-6.6453,108.4103,Asia/Jakarta,"BMKG point: Arjawinangun, Kecamatan Arjawinangun",17-08-2026,BMKG,BMKG,19:00,2026-08-17 18:00:00,28.0,70.0,0.0,10.9,60.0,1.3593,Cerah,Cerah
arjawinangun,"Arjawinangun, Cirebon",2026-08-17,32.09.24.2004,Arjawinangun,kecamatan,no,-6.6453,108.4103,Asia/Jakarta,"BMKG point: Arjawinangun, Kecamatan Arjawinangun",17-08-2026,BMKG,BMKG,20:00,2026-08-17 21:00:00,27.0,74.0,0.0,10.9,60.0,1.3593,Cerah,Cerah
arjawinangun,"Arjawinangun, Cirebon",2026-08-17,32.09.24.2004,Arjawinangun,kecamatan,no,-6.6453,108.4103,Asia/Jakarta,"BMKG point: Arjawinangun, Kecamatan Arjawinangun",17-08-2026,BMKG,BMKG,21:00,2026-08-17 21:00:00,27.0,74.0,0.0,10.9,0.0,1.8124,Cerah,Cerah
arjawinangun,"Arjawinangun, Cirebon",2026-08-17,32.09.24.2004,Arjawinangun,kecamatan,no,-6.6453,108.4103,Asia/Jakarta,"BMKG point: Arjawinangun, Kecamatan Arjawinangun",17-08-2026,BMKG,BMKG,22:00,2026-08-17 21:00:00,27.0,74.0,0.0,10.9,60.0,1.3593,Cerah,Cerah
arjawinangun,"Arjawinangun, Cirebon",2026-08-17,32.09.24.2004,Arjawinangun,kecamatan,no,-6.6453,108.4103,Asia/Jakarta,"BMKG point: Arjawinangun, Kecamatan Arjawinangun",17-08-2026,BMKG,BMKG,23:00,2026-08-17 21:00:00,27.0,74.0,0.0,10.9,120.0,0.9968,Cerah,Cerah
arjawinangun,"Arjawinangun, Cirebon",2026-08-17,32.09.24.2004,Arjawinangun,kecamatan,no,-6.6453,108.4103,Asia/Jakarta,"BMKG point: Arjawinangun, Kecamatan Arjawinangun",17-08-2026,CMA,Open-Meteo / CMA GRAPES,00:00,2026-08-17 00:00:00,24.7,83.0,0.0,8.4,0.0,1.1723,Cerah,wmo:0
arjawinangun,"Arjawinangun, Cirebon",2026-08-17,32.09.24.2004,Arjawinangun,kecamatan,no,-6.6453,108.4103,Asia/Jakarta,"BMKG point: Arjawinangun, Kecamatan Arjawinangun",17-08-2026,CMA,Open-Meteo / CMA GRAPES,01:00,2026-08-17 01:00:00,24.4,82.0,0.0,8.5,0.0,1.1723,Cerah,wmo:0
arjawinangun,"Arjawinangun, Cirebon",2026-08-17,32.09.24.2004,Arjawinangun,kecamatan,no,-6.6453,108.4103,Asia/Jakarta,"BMKG point: Arjawinangun, Kecamatan Arjawinangun",17-08-2026,CMA,Open-Meteo / CMA GRAPES,02:00,2026-08-17 02:00:00,24.1,82.0,0.0,8.1,0.0,1.1723,Cerah,wmo:0
arjawinangun,"Arjawinangun, Cirebon",2026-08-17,32.09.24.2004,Arjawinangun,kecamatan,no,-6.6453,108.4103,Asia/Jakarta,"BMKG point: Arjawinangun, Kecamatan Arjawinangun",17-08-2026,CMA,Open-Meteo / CMA GRAPES,03:00,2026-08-17 03:00:00,23.9,83.0,0.0,7.9,0.0,1.1723,Cerah,wmo:0
arjawinangun,"Arjawinangun, Cirebon",2026-08-17,32.09.24.2004,Arjawinangun,kecamatan,no,-6.6453,108.4103,Asia/Jakarta,"BMKG point: Arjawinangun, Kecamatan Arjawinangun",17-08-2026,CMA,Open-Meteo / CMA GRAPES,04:00,2026-08-17 04:00:00,23.9,83.0,0.0,7.9,0.0,1.1723,Cerah,wmo:0
arjawinangun,"Arjawinangun, Cirebon",2026-08-17,32.09.24.2004,Arjawinangun,kecamatan,no,-6.6453,108.4103,Asia/Jakarta,"BMKG point: Arjawinangun, Kecamatan Arjawinangun",17-08-2026,CMA,Open-Meteo / CMA GRAPES,05:00,2026-08-17 05:00:00,24.1,82.0,0.0,8.6,0.0,1.1723,Cerah,wmo:0
arjawinangun,"Arjawinangun, Cirebon",2026-08-17,32.09.24.2004,Arjawinangun,kecamatan,no,-6.6453,108.4103,Asia/Jakarta,"BMKG point: Arjawinangun, Kecamatan Arjawinangun",17-08-2026,CMA,Open-Meteo / CMA GRAPES,06:00,2026-08-17 06:00:00,24.6,81.0,0.0,9.3,0.0,1.1723,Cerah,wmo:0
arjawinangun,"Arjawinangun, Cirebon",2026-08-17,32.09.24.2004,Arjawinangun,kecamatan,no,-6.6453,108.4103,Asia/Jakarta,"BMKG point: Arjawinangun, Kecamatan Arjawinangun",17-08-2026,CMA,Open-Meteo / CMA GRAPES,07:00,2026-08-17 07:00:00,25.3,78.0,0.0,9.6,0.0,1.1723,Cerah,wmo:0
arjawinangun,"Arjawinangun, Cirebon",2026-08-17,32.09.24.2004,Arjawinangun,kecamatan,no,-6.6453,108.4103,Asia/Jakarta,"BMKG point: Arjawinangun, Kecamatan Arjawinangun",17-08-2026,CMA,Open-Meteo / CMA GRAPES,08:00,2026-08-17 08:00:00,26.6,72.0,0.0,9.0,0.0,1.1723,Cerah,wmo:0
arjawinangun,"Arjawinangun, Cirebon",2026-08-17,32.09.24.2004,Arjawinangun,kecamatan,no,-6.6453,108.4103,Asia/Jakarta,"BMKG point: Arjawinangun, Kecamatan Arjawinangun",17-08-2026,CMA,Open-Meteo / CMA GRAPES,09:00,2026-08-17 09:00:00,28.3,65.0,0.0,8.2,0.0,1.1723,Cerah,wmo:0
arjawinangun,"Arjawinangun, Cirebon",2026-08-17,32.09.24.2004,Arjawinangun,kecamatan,no,-6.6453,108.4103,Asia/Jakarta,"BMKG point: Arjawinangun, Kecamatan Arjawinangun",17-08-2026,CMA,Open-Meteo / CMA GRAPES,10:00,2026-08-17 10:00:00,29.7,59.0,0.0,8.1,0.0,1.1723,Cerah,wmo:0
arjawinangun,"Arjawinangun, Cirebon",2026-08-17,32.09.24.2004,Arjawinangun,kecamatan,no,-6.6453,108.4103,Asia/Jakarta,"BMKG point: Arjawinangun, Kecamatan Arjawinangun",17-08-2026,CMA,Open-Meteo / CMA GRAPES,11:00,2026-08-17 11:00:00,31.0,54.0,0.0,8.4,0.0,1.1723,Cerah,wmo:0
arjawinangun,"Arjawinangun, Cirebon",2026-08-17,32.09.24.2004,Arjawinangun,kecamatan,no,-6.6453,108.4103,Asia/Jakarta,"BMKG point: Arjawinangun, Kecamatan Arjawinangun",17-08-2026,CMA,Open-Meteo / CMA GRAPES,12:00,2026-08-17 12:00:00,32.1,50.0,0.0,9.2,0.0,1.1723,Cerah,wmo:0
arjawinangun,"Arjawinangun, Cirebon",2026-08-17,32.09.24.2004,Arjawinangun,kecamatan,no,-6.6453,108.4103,Asia/Jakarta,"BMKG point: Arjawinangun, Kecamatan Arjawinangun",17-08-2026,CMA,Open-Meteo / CMA GRAPES,13:00,2026-08-17 13:00:00,32.7,49.0,0.0,10.3,0.0,1.1723,Cerah,wmo:0
arjawinangun,"Arjawinangun, Cirebon",2026-08-17,32.09.24.2004,Arjawinangun,kecamatan,no,-6.6453,108.4103,Asia/Jakarta,"BMKG point: Arjawinangun, Kecamatan Arjawinangun",17-08-2026,CMA,Open-Meteo / CMA GRAPES,14:00,2026-08-17 14:00:00,32.7,51.0,0.0,11.8,0.0,1.1723,Cerah,wmo:0
arjawinangun,"Arjawinangun, Cirebon",2026-08-17,32.09.24.2004,Arjawinangun,kecamatan,no,-6.6453,108.4103,Asia/Jakarta,"BMKG point: Arjawinangun, Kecamatan Arjawinangun",17-08-2026,CMA,Open-Meteo / CMA GRAPES,15:00,2026-08-17 15:00:00,32.2,55.0,0.0,13.6,0.0,1.1723,Cerah,wmo:0
arjawinangun,"Arjawinangun, Cirebon",2026-08-17,32.09.24.2004,Arjawinangun,kecamatan,no,-6.6453,108.4103,Asia/Jakarta,"BMKG point: Arjawinangun, Kecamatan Arjawinangun",17-08-2026,CMA,Open-Meteo / CMA GRAPES,16:00,2026-08-17 16:00:00,31.4,60.0,0.0,14.5,0.0,1.1723,Cerah,wmo:0
arjawinangun,"Arjawinangun, Cirebon",2026-08-17,32.09.24.2004,Arjawinangun,kecamatan,no,-6.6453,108.4103,Asia/Jakarta,"BMKG point: Arjawinangun, Kecamatan Arjawinangun",17-08-2026,CMA,Open-Meteo / CMA GRAPES,17:00,2026-08-17 17:00:00,30.3,65.0,0.0,13.7,0.0,1.1723,Cerah,wmo:0
arjawinangun,"Arjawinangun, Cirebon",2026-08-17,32.09.24.2004,Arjawinangun,kecamatan,no,-6.6453,108.4103,Asia/Jakarta,"BMKG point: Arjawinangun, Kecamatan Arjawinangun",17-08-2026,CMA,Open-Meteo / CMA GRAPES,18:00,2026-08-17 18:00:00,29.0,70.0,0.0,12.3,0.0,1.1723,Cerah,wmo:0
arjawinangun,"Arjawinangun, Cirebon",2026-08-17,32.09.24.2004,Arjawinangun,kecamatan,no,-6.6453,108.4103,Asia/Jakarta,"BMKG point: Arjawinangun, Kecamatan Arjawinangun",17-08-2026,CMA,Open-Meteo / CMA GRAPES,19:00,2026-08-17 19:00:00,27.8,74.0,0.0,11.4,0.0,1.1723,Cerah,wmo:0
arjawinangun,"Arjawinangun, Cirebon",2026-08-17,32.09.24.2004,Arjawinangun,kecamatan,no,-6.6453,108.4103,Asia/Jakarta,"BMKG point: Arjawinangun, Kecamatan Arjawinangun",17-08-2026,CMA,Open-Meteo / CMA GRAPES,20:00,2026-08-17 20:00:00,26.9,77.0,0.0,11.1,0.0,1.1723,Cerah,wmo:0
arjawinangun,"Arjawinangun, Cirebon",2026-08-17,32.09.24.2004,Arjawinangun,kecamatan,no,-6.6453,108.4103,Asia/Jakarta,"BMKG point: Arjawinangun, Kecamatan Arjawinangun",17-08-2026,CMA,Open-Meteo / CMA GRAPES,21:00,2026-08-17 21:00:00,26.1,79.0,0.0,10.8,0.0,1.1723,Cerah,wmo:0
arjawinangun,"Arjawinangun, Cirebon",2026-08-17,32.09.24.2004,Arjawinangun,kecamatan,no,-6.6453,108.4103,Asia/Jakarta,"BMKG point: Arjawinangun, Kecamatan Arjawinangun",17-08-2026,CMA,Open-Meteo / CMA GRAPES,22:00,2026-08-17 22:00:00,25.5,81.0,0.0,10.9,0.0,1.1723,Cerah,wmo:0
arjawinangun,"Arjawinangun, Cirebon",2026-08-17,32.09.24.2004,Arjawinangun,kecamatan,no,-6.6453,108.4103,Asia/Jakarta,"BMKG point: Arjawinangun, Kecamatan Arjawinangun",17-08-2026,CMA,Open-Meteo / CMA GRAPES,23:00,2026-08-17 23:00:00,25.1,82.0,0.0,10.8,0.0,1.1723,Cerah,wmo:0
arjawinangun,"Arjawinangun, Cirebon",2026-08-17,32.09.24.2004,Arjawinangun,kecamatan,no,-6.6453,108.4103,Asia/Jakarta,"BMKG point: Arjawinangun, Kecamatan Arjawinangun",17-08-2026,ECMWF,Open-Meteo / ECMWF,00:00,2026-08-17 00:00:00,25.8,84.0,0.0,2.2,0.0,1.7143,Cerah,wmo:0
arjawinangun,"Arjawinangun, Cirebon",2026-08-17,32.09.24.2004,Arjawinangun,kecamatan,no,-6.6453,108.4103,Asia/Jakarta,"BMKG point: Arjawinangun, Kecamatan Arjawinangun",17-08-2026,ECMWF,Open-Meteo / ECMWF,01:00,2026-08-17 01:00:00,25.3,86.0,0.0,2.8,0.0,1.7143,Cerah,wmo:0
arjawinangun,"Arjawinangun, Cirebon",2026-08-17,32.09.24.2004,Arjawinangun,kecamatan,no,-6.6453,108.4103,Asia/Jakarta,"BMKG point: Arjawinangun, Kecamatan Arjawinangun",17-08-2026,ECMWF,Open-Meteo / ECMWF,02:00,2026-08-17 02:00:00,25.0,87.0,0.0,3.1,0.0,1.7143,Cerah,wmo:0
arjawinangun,"Arjawinangun, Cirebon",2026-08-17,32.09.24.2004,Arjawinangun,kecamatan,no,-6.6453,108.4103,Asia/Jakarta,"BMKG point: Arjawinangun, Kecamatan Arjawinangun",17-08-2026,ECMWF,Open-Meteo / ECMWF,03:00,2026-08-17 03:00:00,24.8,87.0,0.0,3.5,0.0,1.7143,Cerah,wmo:0
arjawinangun,"Arjawinangun, Cirebon",2026-08-17,32.09.24.2004,Arjawinangun,kecamatan,no,-6.6453,108.4103,Asia/Jakarta,"BMKG point: Arjawinangun, Kecamatan Arjawinangun",17-08-2026,ECMWF,Open-Meteo / ECMWF,04:00,2026-08-17 04:00:00,24.8,86.0,0.0,3.3,0.0,1.7143,Cerah,wmo:0
arjawinangun,"Arjawinangun, Cirebon",2026-08-17,32.09.24.2004,Arjawinangun,kecamatan,no,-6.6453,108.4103,Asia/Jakarta,"BMKG point: Arjawinangun, Kecamatan Arjawinangun",17-08-2026,ECMWF,Open-Meteo / ECMWF,05:00,2026-08-17 05:00:00,25.0,85.0,0.0,3.0,0.0,1.7143,Cerah,wmo:0
arjawinangun,"Arjawinangun, Cirebon",2026-08-17,32.09.24.2004,Arjawinangun,kecamatan,no,-6.6453,108.4103,Asia/Jakarta,"BMKG point: Arjawinangun, Kecamatan Arjawinangun",17-08-2026,ECMWF,Open-Meteo / ECMWF,06:00,2026-08-17 06:00:00,25.5,82.0,0.0,1.9,0.0,1.7143,Cerah,wmo:0
arjawinangun,"Arjawinangun, Cirebon",2026-08-17,32.09.24.2004,Arjawinangun,kecamatan,no,-6.6453,108.4103,Asia/Jakarta,"BMKG point: Arjawinangun, Kecamatan Arjawinangun",17-08-2026,ECMWF,Open-Meteo / ECMWF,07:00,2026-08-17 07:00:00,26.3,78.0,0.0,1.1,0.0,1.7143,Cerah,wmo:0
arjawinangun,"Arjawinangun, Cirebon",2026-08-17,32.09.24.2004,Arjawinangun,kecamatan,no,-6.6453,108.4103,Asia/Jakarta,"BMKG point: Arjawinangun, Kecamatan Arjawinangun",17-08-2026,ECMWF,Open-Meteo / ECMWF,08:00,2026-08-17 08:00:00,28.0,70.0,0.0,1.3,0.0,1.7143,Cerah,wmo:0
arjawinangun,"Arjawinangun, Cirebon",2026-08-17,32.09.24.2004,Arjawinangun,kecamatan,no,-6.6453,108.4103,Asia/Jakarta,"BMKG point: Arjawinangun, Kecamatan Arjawinangun",17-08-2026,ECMWF,Open-Meteo / ECMWF,09:00,2026-08-17 09:00:00,30.1,60.0,0.0,3.3,0.0,1.7143,Cerah,wmo:0
arjawinangun,"Arjawinangun, Cirebon",2026-08-17,32.09.24.2004,Arjawinangun,kecamatan,no,-6.6453,108.4103,Asia/Jakarta,"BMKG point: Arjawinangun, Kecamatan Arjawinangun",17-08-2026,ECMWF,Open-Meteo / ECMWF,10:00,2026-08-17 10:00:00,31.7,53.0,0.0,5.1,0.0,1.7143,Cerah,wmo:0
arjawinangun,"Arjawinangun, Cirebon",2026-08-17,32.09.24.2004,Arjawinangun,kecamatan,no,-6.6453,108.4103,Asia/Jakarta,"BMKG point: Arjawinangun, Kecamatan Arjawinangun",17-08-2026,ECMWF,Open-Meteo / ECMWF,11:00,2026-08-17 11:00:00,32.7,49.0,0.1,6.7,0.0,1.7143,Hujan Ringan,wmo:51
arjawinangun,"Arjawinangun, Cirebon",2026-08-17,32.09.24.2004,Arjawinangun,kecamatan,no,-6.6453,108.4103,Asia/Jakarta,"BMKG point: Arjawinangun, Kecamatan Arjawinangun",17-08-2026,ECMWF,Open-Meteo / ECMWF,12:00,2026-08-17 12:00:00,33.4,48.0,0.1,8.5,0.0,1.7143,Hujan Ringan,wmo:51
arjawinangun,"Arjawinangun, Cirebon",2026-08-17,32.09.24.2004,Arjawinangun,kecamatan,no,-6.6453,108.4103,Asia/Jakarta,"BMKG point: Arjawinangun, Kecamatan Arjawinangun",17-08-2026,ECMWF,Open-Meteo / ECMWF,13:00,2026-08-17 13:00:00,33.5,48.0,0.1,9.9,0.0,1.7143,Hujan Ringan,wmo:51
arjawinangun,"Arjawinangun, Cirebon",2026-08-17,32.09.24.2004,Arjawinangun,kecamatan,no,-6.6453,108.4103,Asia/Jakarta,"BMKG point: Arjawinangun, Kecamatan Arjawinangun",17-08-2026,ECMWF,Open-Meteo / ECMWF,14:00,2026-08-17 14:00:00,32.9,51.0,0.3,10.3,0.0,1.7143,Hujan Ringan,wmo:51
arjawinangun,"Arjawinangun, Cirebon",2026-08-17,32.09.24.2004,Arjawinangun,kecamatan,no,-6.6453,108.4103,Asia/Jakarta,"BMKG point: Arjawinangun, Kecamatan Arjawinangun",17-08-2026,ECMWF,Open-Meteo / ECMWF,15:00,2026-08-17 15:00:00,31.7,56.0,0.3,10.2,0.0,1.7143,Hujan Ringan,wmo:51
arjawinangun,"Arjawinangun, Cirebon",2026-08-17,32.09.24.2004,Arjawinangun,kecamatan,no,-6.6453,108.4103,Asia/Jakarta,"BMKG point: Arjawinangun, Kecamatan Arjawinangun",17-08-2026,ECMWF,Open-Meteo / ECMWF,16:00,2026-08-17 16:00:00,30.6,61.0,0.3,9.8,0.0,1.7143,Hujan Ringan,wmo:51
arjawinangun,"Arjawinangun, Cirebon",2026-08-17,32.09.24.2004,Arjawinangun,kecamatan,no,-6.6453,108.4103,Asia/Jakarta,"BMKG point: Arjawinangun, Kecamatan Arjawinangun",17-08-2026,ECMWF,Open-Meteo / ECMWF,17:00,2026-08-17 17:00:00,29.7,67.0,0.0,9.5,0.0,1.7143,Cerah,wmo:0
arjawinangun,"Arjawinangun, Cirebon",2026-08-17,32.09.24.2004,Arjawinangun,kecamatan,no,-6.6453,108.4103,Asia/Jakarta,"BMKG point: Arjawinangun, Kecamatan Arjawinangun",17-08-2026,ECMWF,Open-Meteo / ECMWF,18:00,2026-08-17 18:00:00,28.7,73.0,0.0,9.4,0.0,1.7143,Cerah,wmo:0
arjawinangun,"Arjawinangun, Cirebon",2026-08-17,32.09.24.2004,Arjawinangun,kecamatan,no,-6.6453,108.4103,Asia/Jakarta,"BMKG point: Arjawinangun, Kecamatan Arjawinangun",17-08-2026,ECMWF,Open-Meteo / ECMWF,19:00,2026-08-17 19:00:00,27.9,77.0,0.0,9.1,0.0,1.7143,Cerah,wmo:0
arjawinangun,"Arjawinangun, Cirebon",2026-08-17,32.09.24.2004,Arjawinangun,kecamatan,no,-6.6453,108.4103,Asia/Jakarta,"BMKG point: Arjawinangun, Kecamatan Arjawinangun",17-08-2026,ECMWF,Open-Meteo / ECMWF,20:00,2026-08-17 20:00:00,27.2,79.0,0.0,7.2,0.0,1.7143,Cerah,wmo:0
arjawinangun,"Arjawinangun, Cirebon",2026-08-17,32.09.24.2004,Arjawinangun,kecamatan,no,-6.6453,108.4103,Asia/Jakarta,"BMKG point: Arjawinangun, Kecamatan Arjawinangun",17-08-2026,ECMWF,Open-Meteo / ECMWF,21:00,2026-08-17 21:00:00,26.7,78.0,0.0,4.7,0.0,1.7143,Cerah,wmo:0
arjawinangun,"Arjawinangun, Cirebon",2026-08-17,32.09.24.2004,Arjawinangun,kecamatan,no,-6.6453,108.4103,Asia/Jakarta,"BMKG point: Arjawinangun, Kecamatan Arjawinangun",17-08-2026,ECMWF,Open-Meteo / ECMWF,22:00,2026-08-17 22:00:00,26.2,79.0,0.0,3.1,0.0,1.7143,Cerah,wmo:0
arjawinangun,"Arjawinangun, Cirebon",2026-08-17,32.09.24.2004,Arjawinangun,kecamatan,no,-6.6453,108.4103,Asia/Jakarta,"BMKG point: Arjawinangun, Kecamatan Arjawinangun",17-08-2026,ECMWF,Open-Meteo / ECMWF,23:00,2026-08-17 23:00:00,25.6,81.0,0.0,2.6,0.0,1.7143,Cerah,wmo:0
arjawinangun,"Arjawinangun, Cirebon",2026-08-17,32.09.24.2004,Arjawinangun,kecamatan,no,-6.6453,108.4103,Asia/Jakarta,"BMKG point: Arjawinangun, Kecamatan Arjawinangun",17-08-2026,GFS,Open-Meteo / NOAA GFS,00:00,2026-08-17 00:00:00,24.4,82.0,0.0,5.3,0.0,1.3947,Cerah,wmo:0
arjawinangun,"Arjawinangun, Cirebon",2026-08-17,32.09.24.2004,Arjawinangun,kecamatan,no,-6.6453,108.4103,Asia/Jakarta,"BMKG point: Arjawinangun, Kecamatan Arjawinangun",17-08-2026,GFS,Open-Meteo / NOAA GFS,01:00,2026-08-17 01:00:00,24.1,81.0,0.0,5.4,0.0,1.3947,Cerah,wmo:0
arjawinangun,"Arjawinangun, Cirebon",2026-08-17,32.09.24.2004,Arjawinangun,kecamatan,no,-6.6453,108.4103,Asia/Jakarta,"BMKG point: Arjawinangun, Kecamatan Arjawinangun",17-08-2026,GFS,Open-Meteo / NOAA GFS,02:00,2026-08-17 02:00:00,23.8,80.0,0.0,4.5,0.0,1.3947,Cerah,wmo:0
arjawinangun,"Arjawinangun, Cirebon",2026-08-17,32.09.24.2004,Arjawinangun,kecamatan,no,-6.6453,108.4103,Asia/Jakarta,"BMKG point: Arjawinangun, Kecamatan Arjawinangun",17-08-2026,GFS,Open-Meteo / NOAA GFS,03:00,2026-08-17 03:00:00,23.5,80.0,0.0,4.8,0.0,1.3947,Cerah,wmo:0
arjawinangun,"Arjawinangun, Cirebon",2026-08-17,32.09.24.2004,Arjawinangun,kecamatan,no,-6.6453,108.4103,Asia/Jakarta,"BMKG point: Arjawinangun, Kecamatan Arjawinangun",17-08-2026,GFS,Open-Meteo / NOAA GFS,04:00,2026-08-17 04:00:00,23.2,81.0,0.0,3.9,0.0,1.3947,Cerah,wmo:0
arjawinangun,"Arjawinangun, Cirebon",2026-08-17,32.09.24.2004,Arjawinangun,kecamatan,no,-6.6453,108.4103,Asia/Jakarta,"BMKG point: Arjawinangun, Kecamatan Arjawinangun",17-08-2026,GFS,Open-Meteo / NOAA GFS,05:00,2026-08-17 05:00:00,23.1,81.0,0.0,4.6,0.0,1.3947,Cerah,wmo:0
arjawinangun,"Arjawinangun, Cirebon",2026-08-17,32.09.24.2004,Arjawinangun,kecamatan,no,-6.6453,108.4103,Asia/Jakarta,"BMKG point: Arjawinangun, Kecamatan Arjawinangun",17-08-2026,GFS,Open-Meteo / NOAA GFS,06:00,2026-08-17 06:00:00,23.0,81.0,0.0,5.0,0.0,1.3947,Cerah,wmo:0
arjawinangun,"Arjawinangun, Cirebon",2026-08-17,32.09.24.2004,Arjawinangun,kecamatan,no,-6.6453,108.4103,Asia/Jakarta,"BMKG point: Arjawinangun, Kecamatan Arjawinangun",17-08-2026,GFS,Open-Meteo / NOAA GFS,07:00,2026-08-17 07:00:00,25.1,72.0,0.0,4.5,0.0,1.3947,Cerah,wmo:0
arjawinangun,"Arjawinangun, Cirebon",2026-08-17,32.09.24.2004,Arjawinangun,kecamatan,no,-6.6453,108.4103,Asia/Jakarta,"BMKG point: Arjawinangun, Kecamatan Arjawinangun",17-08-2026,GFS,Open-Meteo / NOAA GFS,08:00,2026-08-17 08:00:00,27.7,62.0,0.0,5.3,0.0,1.3947,Cerah,wmo:0
arjawinangun,"Arjawinangun, Cirebon",2026-08-17,32.09.24.2004,Arjawinangun,kecamatan,no,-6.6453,108.4103,Asia/Jakarta,"BMKG point: Arjawinangun, Kecamatan Arjawinangun",17-08-2026,GFS,Open-Meteo / NOAA GFS,09:00,2026-08-17 09:00:00,29.6,55.0,0.0,9.7,0.0,1.3947,Cerah,wmo:0
arjawinangun,"Arjawinangun, Cirebon",2026-08-17,32.09.24.2004,Arjawinangun,kecamatan,no,-6.6453,108.4103,Asia/Jakarta,"BMKG point: Arjawinangun, Kecamatan Arjawinangun",17-08-2026,GFS,Open-Meteo / NOAA GFS,10:00,2026-08-17 10:00:00,31.6,48.0,0.0,12.5,0.0,1.3947,Cerah,wmo:0
arjawinangun,"Arjawinangun, Cirebon",2026-08-17,32.09.24.2004,Arjawinangun,kecamatan,no,-6.6453,108.4103,Asia/Jakarta,"BMKG point: Arjawinangun, Kecamatan Arjawinangun",17-08-2026,GFS,Open-Meteo / NOAA GFS,11:00,2026-08-17 11:00:00,33.2,43.0,0.0,13.9,0.0,1.3947,Cerah,wmo:0
arjawinangun,"Arjawinangun, Cirebon",2026-08-17,32.09.24.2004,Arjawinangun,kecamatan,no,-6.6453,108.4103,Asia/Jakarta,"BMKG point: Arjawinangun, Kecamatan Arjawinangun",17-08-2026,GFS,Open-Meteo / NOAA GFS,12:00,2026-08-17 12:00:00,34.5,40.0,0.0,17.5,0.0,1.3947,Cerah,wmo:0
arjawinangun,"Arjawinangun, Cirebon",2026-08-17,32.09.24.2004,Arjawinangun,kecamatan,no,-6.6453,108.4103,Asia/Jakarta,"BMKG point: Arjawinangun, Kecamatan Arjawinangun",17-08-2026,GFS,Open-Meteo / NOAA GFS,13:00,2026-08-17 13:00:00,34.7,39.0,0.0,20.5,0.0,1.3947,Cerah Berawan,wmo:1
arjawinangun,"Arjawinangun, Cirebon",2026-08-17,32.09.24.2004,Arjawinangun,kecamatan,no,-6.6453,108.4103,Asia/Jakarta,"BMKG point: Arjawinangun, Kecamatan Arjawinangun",17-08-2026,GFS,Open-Meteo / NOAA GFS,14:00,2026-08-17 14:00:00,34.0,42.0,0.0,24.5,0.0,1.3947,Cerah Berawan,wmo:1
arjawinangun,"Arjawinangun, Cirebon",2026-08-17,32.09.24.2004,Arjawinangun,kecamatan,no,-6.6453,108.4103,Asia/Jakarta,"BMKG point: Arjawinangun, Kecamatan Arjawinangun",17-08-2026,GFS,Open-Meteo / NOAA GFS,15:00,2026-08-17 15:00:00,32.3,48.0,0.0,23.3,0.0,1.3947,Cerah,wmo:0
arjawinangun,"Arjawinangun, Cirebon",2026-08-17,32.09.24.2004,Arjawinangun,kecamatan,no,-6.6453,108.4103,Asia/Jakarta,"BMKG point: Arjawinangun, Kecamatan Arjawinangun",17-08-2026,GFS,Open-Meteo / NOAA GFS,16:00,2026-08-17 16:00:00,30.6,56.0,0.0,20.1,0.0,1.3947,Cerah,wmo:0
arjawinangun,"Arjawinangun, Cirebon",2026-08-17,32.09.24.2004,Arjawinangun,kecamatan,no,-6.6453,108.4103,Asia/Jakarta,"BMKG point: Arjawinangun, Kecamatan Arjawinangun",17-08-2026,GFS,Open-Meteo / NOAA GFS,17:00,2026-08-17 17:00:00,29.1,64.0,0.0,14.4,0.0,1.3947,Cerah,wmo:0
arjawinangun,"Arjawinangun, Cirebon",2026-08-17,32.09.24.2004,Arjawinangun,kecamatan,no,-6.6453,108.4103,Asia/Jakarta,"BMKG point: Arjawinangun, Kecamatan Arjawinangun",17-08-2026,GFS,Open-Meteo / NOAA GFS,18:00,2026-08-17 18:00:00,27.3,75.0,0.0,9.3,0.0,1.3947,Cerah Berawan,wmo:2
arjawinangun,"Arjawinangun, Cirebon",2026-08-17,32.09.24.2004,Arjawinangun,kecamatan,no,-6.6453,108.4103,Asia/Jakarta,"BMKG point: Arjawinangun, Kecamatan Arjawinangun",17-08-2026,GFS,Open-Meteo / NOAA GFS,19:00,2026-08-17 19:00:00,25.7,84.0,0.3,8.4,0.0,1.3947,Hujan Ringan,wmo:51
arjawinangun,"Arjawinangun, Cirebon",2026-08-17,32.09.24.2004,Arjawinangun,kecamatan,no,-6.6453,108.4103,Asia/Jakarta,"BMKG point: Arjawinangun, Kecamatan Arjawinangun",17-08-2026,GFS,Open-Meteo / NOAA GFS,20:00,2026-08-17 20:00:00,25.5,84.0,0.0,7.6,0.0,1.3947,Cerah,wmo:0
arjawinangun,"Arjawinangun, Cirebon",2026-08-17,32.09.24.2004,Arjawinangun,kecamatan,no,-6.6453,108.4103,Asia/Jakarta,"BMKG point: Arjawinangun, Kecamatan Arjawinangun",17-08-2026,GFS,Open-Meteo / NOAA GFS,21:00,2026-08-17 21:00:00,25.3,82.0,0.0,7.7,0.0,1.3947,Cerah,wmo:0
arjawinangun,"Arjawinangun, Cirebon",2026-08-17,32.09.24.2004,Arjawinangun,kecamatan,no,-6.6453,108.4103,Asia/Jakarta,"BMKG point: Arjawinangun, Kecamatan Arjawinangun",17-08-2026,GFS,Open-Meteo / NOAA GFS,22:00,2026-08-17 22:00:00,24.8,79.0,0.0,7.5,0.0,1.3947,Cerah,wmo:0
arjawinangun,"Arjawinangun, Cirebon",2026-08-17,32.09.24.2004,Arjawinangun,kecamatan,no,-6.6453,108.4103,Asia/Jakarta,"BMKG point: Arjawinangun, Kecamatan Arjawinangun",17-08-2026,GFS,Open-Meteo / NOAA GFS,23:00,2026-08-17 23:00:00,24.3,76.0,0.0,6.3,0.0,1.3947,Cerah,wmo:0
arjawinangun,"Arjawinangun, Cirebon",2026-08-17,32.09.24.2004,Arjawinangun,kecamatan,no,-6.6453,108.4103,Asia/Jakarta,"BMKG point: Arjawinangun, Kecamatan Arjawinangun",17-08-2026,ICON,Open-Meteo / DWD ICON,00:00,2026-08-17 00:00:00,25.4,89.0,0.0,2.8,0.0,1.4739,Cerah Berawan,wmo:2
arjawinangun,"Arjawinangun, Cirebon",2026-08-17,32.09.24.2004,Arjawinangun,kecamatan,no,-6.6453,108.4103,Asia/Jakarta,"BMKG point: Arjawinangun, Kecamatan Arjawinangun",17-08-2026,ICON,Open-Meteo / DWD ICON,01:00,2026-08-17 01:00:00,24.9,90.0,0.0,3.0,0.0,1.4739,Cerah Berawan,wmo:2
arjawinangun,"Arjawinangun, Cirebon",2026-08-17,32.09.24.2004,Arjawinangun,kecamatan,no,-6.6453,108.4103,Asia/Jakarta,"BMKG point: Arjawinangun, Kecamatan Arjawinangun",17-08-2026,ICON,Open-Meteo / DWD ICON,02:00,2026-08-17 02:00:00,24.5,90.0,0.0,3.3,0.0,1.4739,Cerah Berawan,wmo:2
arjawinangun,"Arjawinangun, Cirebon",2026-08-17,32.09.24.2004,Arjawinangun,kecamatan,no,-6.6453,108.4103,Asia/Jakarta,"BMKG point: Arjawinangun, Kecamatan Arjawinangun",17-08-2026,ICON,Open-Meteo / DWD ICON,03:00,2026-08-17 03:00:00,24.3,89.0,0.0,2.5,0.0,1.4739,Cerah Berawan,wmo:2
arjawinangun,"Arjawinangun, Cirebon",2026-08-17,32.09.24.2004,Arjawinangun,kecamatan,no,-6.6453,108.4103,Asia/Jakarta,"BMKG point: Arjawinangun, Kecamatan Arjawinangun",17-08-2026,ICON,Open-Meteo / DWD ICON,04:00,2026-08-17 04:00:00,24.1,88.0,0.0,1.9,0.0,1.4739,Cerah Berawan,wmo:2
arjawinangun,"Arjawinangun, Cirebon",2026-08-17,32.09.24.2004,Arjawinangun,kecamatan,no,-6.6453,108.4103,Asia/Jakarta,"BMKG point: Arjawinangun, Kecamatan Arjawinangun",17-08-2026,ICON,Open-Meteo / DWD ICON,05:00,2026-08-17 05:00:00,24.2,86.0,0.0,1.8,0.0,1.4739,Cerah Berawan,wmo:2
arjawinangun,"Arjawinangun, Cirebon",2026-08-17,32.09.24.2004,Arjawinangun,kecamatan,no,-6.6453,108.4103,Asia/Jakarta,"BMKG point: Arjawinangun, Kecamatan Arjawinangun",17-08-2026,ICON,Open-Meteo / DWD ICON,06:00,2026-08-17 06:00:00,24.2,85.0,0.0,1.8,0.0,1.4739,Cerah Berawan,wmo:2
arjawinangun,"Arjawinangun, Cirebon",2026-08-17,32.09.24.2004,Arjawinangun,kecamatan,no,-6.6453,108.4103,Asia/Jakarta,"BMKG point: Arjawinangun, Kecamatan Arjawinangun",17-08-2026,ICON,Open-Meteo / DWD ICON,07:00,2026-08-17 07:00:00,25.2,83.0,0.0,1.6,0.0,1.4739,Cerah Berawan,wmo:2
arjawinangun,"Arjawinangun, Cirebon",2026-08-17,32.09.24.2004,Arjawinangun,kecamatan,no,-6.6453,108.4103,Asia/Jakarta,"BMKG point: Arjawinangun, Kecamatan Arjawinangun",17-08-2026,ICON,Open-Meteo / DWD ICON,08:00,2026-08-17 08:00:00,27.5,72.0,0.0,2.0,0.0,1.4739,Cerah Berawan,wmo:2
arjawinangun,"Arjawinangun, Cirebon",2026-08-17,32.09.24.2004,Arjawinangun,kecamatan,no,-6.6453,108.4103,Asia/Jakarta,"BMKG point: Arjawinangun, Kecamatan Arjawinangun",17-08-2026,ICON,Open-Meteo / DWD ICON,09:00,2026-08-17 09:00:00,29.6,63.0,0.0,3.3,0.0,1.4739,Cerah Berawan,wmo:2
arjawinangun,"Arjawinangun, Cirebon",2026-08-17,32.09.24.2004,Arjawinangun,kecamatan,no,-6.6453,108.4103,Asia/Jakarta,"BMKG point: Arjawinangun, Kecamatan Arjawinangun",17-08-2026,ICON,Open-Meteo / DWD ICON,10:00,2026-08-17 10:00:00,31.7,54.0,0.0,5.8,0.0,1.4739,Cerah Berawan,wmo:2
arjawinangun,"Arjawinangun, Cirebon",2026-08-17,32.09.24.2004,Arjawinangun,kecamatan,no,-6.6453,108.4103,Asia/Jakarta,"BMKG point: Arjawinangun, Kecamatan Arjawinangun",17-08-2026,ICON,Open-Meteo / DWD ICON,11:00,2026-08-17 11:00:00,33.1,49.0,0.0,8.7,0.0,1.4739,Berawan,wmo:3
arjawinangun,"Arjawinangun, Cirebon",2026-08-17,32.09.24.2004,Arjawinangun,kecamatan,no,-6.6453,108.4103,Asia/Jakarta,"BMKG point: Arjawinangun, Kecamatan Arjawinangun",17-08-2026,ICON,Open-Meteo / DWD ICON,12:00,2026-08-17 12:00:00,33.8,48.0,0.0,12.8,0.0,1.4739,Cerah Berawan,wmo:2
arjawinangun,"Arjawinangun, Cirebon",2026-08-17,32.09.24.2004,Arjawinangun,kecamatan,no,-6.6453,108.4103,Asia/Jakarta,"BMKG point: Arjawinangun, Kecamatan Arjawinangun",17-08-2026,ICON,Open-Meteo / DWD ICON,13:00,2026-08-17 13:00:00,34.1,47.0,0.0,15.2,0.0,1.4739,Cerah Berawan,wmo:2
arjawinangun,"Arjawinangun, Cirebon",2026-08-17,32.09.24.2004,Arjawinangun,kecamatan,no,-6.6453,108.4103,Asia/Jakarta,"BMKG point: Arjawinangun, Kecamatan Arjawinangun",17-08-2026,ICON,Open-Meteo / DWD ICON,14:00,2026-08-17 14:00:00,33.9,46.0,0.0,17.1,0.0,1.4739,Cerah Berawan,wmo:1
arjawinangun,"Arjawinangun, Cirebon",2026-08-17,32.09.24.2004,Arjawinangun,kecamatan,no,-6.6453,108.4103,Asia/Jakarta,"BMKG point: Arjawinangun, Kecamatan Arjawinangun",17-08-2026,ICON,Open-Meteo / DWD ICON,15:00,2026-08-17 15:00:00,33.0,51.0,0.0,18.7,0.0,1.4739,Cerah Berawan,wmo:1
arjawinangun,"Arjawinangun, Cirebon",2026-08-17,32.09.24.2004,Arjawinangun,kecamatan,no,-6.6453,108.4103,Asia/Jakarta,"BMKG point: Arjawinangun, Kecamatan Arjawinangun",17-08-2026,ICON,Open-Meteo / DWD ICON,16:00,2026-08-17 16:00:00,31.3,60.0,0.0,18.2,0.0,1.4739,Cerah Berawan,wmo:1
arjawinangun,"Arjawinangun, Cirebon",2026-08-17,32.09.24.2004,Arjawinangun,kecamatan,no,-6.6453,108.4103,Asia/Jakarta,"BMKG point: Arjawinangun, Kecamatan Arjawinangun",17-08-2026,ICON,Open-Meteo / DWD ICON,17:00,2026-08-17 17:00:00,29.7,67.0,0.0,16.3,0.0,1.4739,Cerah Berawan,wmo:2
arjawinangun,"Arjawinangun, Cirebon",2026-08-17,32.09.24.2004,Arjawinangun,kecamatan,no,-6.6453,108.4103,Asia/Jakarta,"BMKG point: Arjawinangun, Kecamatan Arjawinangun",17-08-2026,ICON,Open-Meteo / DWD ICON,18:00,2026-08-17 18:00:00,28.3,73.0,0.0,13.4,0.0,1.4739,Cerah Berawan,wmo:2
arjawinangun,"Arjawinangun, Cirebon",2026-08-17,32.09.24.2004,Arjawinangun,kecamatan,no,-6.6453,108.4103,Asia/Jakarta,"BMKG point: Arjawinangun, Kecamatan Arjawinangun",17-08-2026,ICON,Open-Meteo / DWD ICON,19:00,2026-08-17 19:00:00,27.6,79.0,0.0,10.1,0.0,1.4739,Cerah Berawan,wmo:2
arjawinangun,"Arjawinangun, Cirebon",2026-08-17,32.09.24.2004,Arjawinangun,kecamatan,no,-6.6453,108.4103,Asia/Jakarta,"BMKG point: Arjawinangun, Kecamatan Arjawinangun",17-08-2026,ICON,Open-Meteo / DWD ICON,20:00,2026-08-17 20:00:00,27.2,82.0,0.0,8.4,0.0,1.4739,Cerah Berawan,wmo:2
arjawinangun,"Arjawinangun, Cirebon",2026-08-17,32.09.24.2004,Arjawinangun,kecamatan,no,-6.6453,108.4103,Asia/Jakarta,"BMKG point: Arjawinangun, Kecamatan Arjawinangun",17-08-2026,ICON,Open-Meteo / DWD ICON,21:00,2026-08-17 21:00:00,27.0,84.0,0.0,8.0,0.0,1.4739,Cerah Berawan,wmo:2
arjawinangun,"Arjawinangun, Cirebon",2026-08-17,32.09.24.2004,Arjawinangun,kecamatan,no,-6.6453,108.4103,Asia/Jakarta,"BMKG point: Arjawinangun, Kecamatan Arjawinangun",17-08-2026,ICON,Open-Meteo / DWD ICON,22:00,2026-08-17 22:00:00,26.7,85.0,0.0,6.1,0.0,1.4739,Cerah Berawan,wmo:1
arjawinangun,"Arjawinangun, Cirebon",2026-08-17,32.09.24.2004,Arjawinangun,kecamatan,no,-6.6453,108.4103,Asia/Jakarta,"BMKG point: Arjawinangun, Kecamatan Arjawinangun",17-08-2026,ICON,Open-Meteo / DWD ICON,23:00,2026-08-17 23:00:00,26.3,85.0,0.0,4.7,0.0,1.4739,Cerah Berawan,wmo:2
arjawinangun,"Arjawinangun, Cirebon",2026-08-17,32.09.24.2004,Arjawinangun,kecamatan,no,-6.6453,108.4103,Asia/Jakarta,"BMKG point: Arjawinangun, Kecamatan Arjawinangun",17-08-2026,KMA,Open-Meteo / KMA,00:00,2026-08-17 00:00:00,,,,,0.0,0.547,Berawan,wmo:None
arjawinangun,"Arjawinangun, Cirebon",2026-08-17,32.09.24.2004,Arjawinangun,kecamatan,no,-6.6453,108.4103,Asia/Jakarta,"BMKG point: Arjawinangun, Kecamatan Arjawinangun",17-08-2026,KMA,Open-Meteo / KMA,01:00,2026-08-17 01:00:00,,,,,0.0,0.547,Berawan,wmo:None
arjawinangun,"Arjawinangun, Cirebon",2026-08-17,32.09.24.2004,Arjawinangun,kecamatan,no,-6.6453,108.4103,Asia/Jakarta,"BMKG point: Arjawinangun, Kecamatan Arjawinangun",17-08-2026,KMA,Open-Meteo / KMA,02:00,2026-08-17 02:00:00,,,,,0.0,0.547,Berawan,wmo:None
arjawinangun,"Arjawinangun, Cirebon",2026-08-17,32.09.24.2004,Arjawinangun,kecamatan,no,-6.6453,108.4103,Asia/Jakarta,"BMKG point: Arjawinangun, Kecamatan Arjawinangun",17-08-2026,KMA,Open-Meteo / KMA,03:00,2026-08-17 03:00:00,,,,,0.0,0.547,Berawan,wmo:None
arjawinangun,"Arjawinangun, Cirebon",2026-08-17,32.09.24.2004,Arjawinangun,kecamatan,no,-6.6453,108.4103,Asia/Jakarta,"BMKG point: Arjawinangun, Kecamatan Arjawinangun",17-08-2026,KMA,Open-Meteo / KMA,04:00,2026-08-17 04:00:00,,,,,0.0,0.547,Berawan,wmo:None
arjawinangun,"Arjawinangun, Cirebon",2026-08-17,32.09.24.2004,Arjawinangun,kecamatan,no,-6.6453,108.4103,Asia/Jakarta,"BMKG point: Arjawinangun, Kecamatan Arjawinangun",17-08-2026,KMA,Open-Meteo / KMA,05:00,2026-08-17 05:00:00,,,,,0.0,0.547,Berawan,wmo:None
arjawinangun,"Arjawinangun, Cirebon",2026-08-17,32.09.24.2004,Arjawinangun,kecamatan,no,-6.6453,108.4103,Asia/Jakarta,"BMKG point: Arjawinangun, Kecamatan Arjawinangun",17-08-2026,KMA,Open-Meteo / KMA,06:00,2026-08-17 06:00:00,,,,,0.0,0.547,Berawan,wmo:None
arjawinangun,"Arjawinangun, Cirebon",2026-08-17,32.09.24.2004,Arjawinangun,kecamatan,no,-6.6453,108.4103,Asia/Jakarta,"BMKG point: Arjawinangun, Kecamatan Arjawinangun",17-08-2026,KMA,Open-Meteo / KMA,07:00,2026-08-17 07:00:00,,,,,0.0,0.547,Berawan,wmo:None
arjawinangun,"Arjawinangun, Cirebon",2026-08-17,32.09.24.2004,Arjawinangun,kecamatan,no,-6.6453,108.4103,Asia/Jakarta,"BMKG point: Arjawinangun, Kecamatan Arjawinangun",17-08-2026,KMA,Open-Meteo / KMA,08:00,2026-08-17 08:00:00,,,,,0.0,0.547,Berawan,wmo:None
arjawinangun,"Arjawinangun, Cirebon",2026-08-17,32.09.24.2004,Arjawinangun,kecamatan,no,-6.6453,108.4103,Asia/Jakarta,"BMKG point: Arjawinangun, Kecamatan Arjawinangun",17-08-2026,KMA,Open-Meteo / KMA,09:00,2026-08-17 09:00:00,,,,,0.0,0.547,Berawan,wmo:None
arjawinangun,"Arjawinangun, Cirebon",2026-08-17,32.09.24.2004,Arjawinangun,kecamatan,no,-6.6453,108.4103,Asia/Jakarta,"BMKG point: Arjawinangun, Kecamatan Arjawinangun",17-08-2026,KMA,Open-Meteo / KMA,10:00,2026-08-17 10:00:00,,,,,0.0,0.547,Berawan,wmo:None
arjawinangun,"Arjawinangun, Cirebon",2026-08-17,32.09.24.2004,Arjawinangun,kecamatan,no,-6.6453,108.4103,Asia/Jakarta,"BMKG point: Arjawinangun, Kecamatan Arjawinangun",17-08-2026,KMA,Open-Meteo / KMA,11:00,2026-08-17 11:00:00,,,,,0.0,0.547,Berawan,wmo:None
arjawinangun,"Arjawinangun, Cirebon",2026-08-17,32.09.24.2004,Arjawinangun,kecamatan,no,-6.6453,108.4103,Asia/Jakarta,"BMKG point: Arjawinangun, Kecamatan Arjawinangun",17-08-2026,KMA,Open-Meteo / KMA,12:00,2026-08-17 12:00:00,,,,,0.0,0.547,Berawan,wmo:None
arjawinangun,"Arjawinangun, Cirebon",2026-08-17,32.09.24.2004,Arjawinangun,kecamatan,no,-6.6453,108.4103,Asia/Jakarta,"BMKG point: Arjawinangun, Kecamatan Arjawinangun",17-08-2026,KMA,Open-Meteo / KMA,13:00,2026-08-17 13:00:00,,,,,0.0,0.547,Berawan,wmo:None
arjawinangun,"Arjawinangun, Cirebon",2026-08-17,32.09.24.2004,Arjawinangun,kecamatan,no,-6.6453,108.4103,Asia/Jakarta,"BMKG point: Arjawinangun, Kecamatan Arjawinangun",17-08-2026,KMA,Open-Meteo / KMA,14:00,2026-08-17 14:00:00,,,,,0.0,0.547,Berawan,wmo:None
arjawinangun,"Arjawinangun, Cirebon",2026-08-17,32.09.24.2004,Arjawinangun,kecamatan,no,-6.6453,108.4103,Asia/Jakarta,"BMKG point: Arjawinangun, Kecamatan Arjawinangun",17-08-2026,KMA,Open-Meteo / KMA,15:00,2026-08-17 15:00:00,,,,,0.0,0.547,Berawan,wmo:None
arjawinangun,"Arjawinangun, Cirebon",2026-08-17,32.09.24.2004,Arjawinangun,kecamatan,no,-6.6453,108.4103,Asia/Jakarta,"BMKG point: Arjawinangun, Kecamatan Arjawinangun",17-08-2026,KMA,Open-Meteo / KMA,16:00,2026-08-17 16:00:00,,,,,0.0,0.547,Berawan,wmo:None
arjawinangun,"Arjawinangun, Cirebon",2026-08-17,32.09.24.2004,Arjawinangun,kecamatan,no,-6.6453,108.4103,Asia/Jakarta,"BMKG point: Arjawinangun, Kecamatan Arjawinangun",17-08-2026,KMA,Open-Meteo / KMA,17:00,2026-08-17 17:00:00,,,,,0.0,0.547,Berawan,wmo:None
arjawinangun,"Arjawinangun, Cirebon",2026-08-17,32.09.24.2004,Arjawinangun,kecamatan,no,-6.6453,108.4103,Asia/Jakarta,"BMKG point: Arjawinangun, Kecamatan Arjawinangun",17-08-2026,KMA,Open-Meteo / KMA,18:00,2026-08-17 18:00:00,,,,,0.0,0.547,Berawan,wmo:None
arjawinangun,"Arjawinangun, Cirebon",2026-08-17,32.09.24.2004,Arjawinangun,kecamatan,no,-6.6453,108.4103,Asia/Jakarta,"BMKG point: Arjawinangun, Kecamatan Arjawinangun",17-08-2026,KMA,Open-Meteo / KMA,19:00,2026-08-17 19:00:00,,,,,0.0,0.547,Berawan,wmo:None
arjawinangun,"Arjawinangun, Cirebon",2026-08-17,32.09.24.2004,Arjawinangun,kecamatan,no,-6.6453,108.4103,Asia/Jakarta,"BMKG point: Arjawinangun, Kecamatan Arjawinangun",17-08-2026,KMA,Open-Meteo / KMA,20:00,2026-08-17 20:00:00,,,,,0.0,0.547,Berawan,wmo:None
arjawinangun,"Arjawinangun, Cirebon",2026-08-17,32.09.24.2004,Arjawinangun,kecamatan,no,-6.6453,108.4103,Asia/Jakarta,"BMKG point: Arjawinangun, Kecamatan Arjawinangun",17-08-2026,KMA,Open-Meteo / KMA,21:00,2026-08-17 21:00:00,,,,,0.0,0.547,Berawan,wmo:None
arjawinangun,"Arjawinangun, Cirebon",2026-08-17,32.09.24.2004,Arjawinangun,kecamatan,no,-6.6453,108.4103,Asia/Jakarta,"BMKG point: Arjawinangun, Kecamatan Arjawinangun",17-08-2026,KMA,Open-Meteo / KMA,22:00,2026-08-17 22:00:00,,,,,0.0,0.547,Berawan,wmo:None
arjawinangun,"Arjawinangun, Cirebon",2026-08-17,32.09.24.2004,Arjawinangun,kecamatan,no,-6.6453,108.4103,Asia/Jakarta,"BMKG point: Arjawinangun, Kecamatan Arjawinangun",17-08-2026,KMA,Open-Meteo / KMA,23:00,2026-08-17 23:00:00,,,,,0.0,0.547,Berawan,wmo:None
arjawinangun,"Arjawinangun, Cirebon",2026-08-17,32.09.24.2004,Arjawinangun,kecamatan,no,-6.6453,108.4103,Asia/Jakarta,"BMKG point: Arjawinangun, Kecamatan Arjawinangun",17-08-2026,METEOFRANCE,Open-Meteo / Meteo-France,00:00,2026-08-17 00:00:00,27.2,72.0,0.0,7.0,0.0,1.5465,Cerah,wmo:0
arjawinangun,"Arjawinangun, Cirebon",2026-08-17,32.09.24.2004,Arjawinangun,kecamatan,no,-6.6453,108.4103,Asia/Jakarta,"BMKG point: Arjawinangun, Kecamatan Arjawinangun",17-08-2026,METEOFRANCE,Open-Meteo / Meteo-France,01:00,2026-08-17 01:00:00,27.0,72.0,0.0,6.1,0.0,1.5465,Cerah,wmo:0
arjawinangun,"Arjawinangun, Cirebon",2026-08-17,32.09.24.2004,Arjawinangun,kecamatan,no,-6.6453,108.4103,Asia/Jakarta,"BMKG point: Arjawinangun, Kecamatan Arjawinangun",17-08-2026,METEOFRANCE,Open-Meteo / Meteo-France,02:00,2026-08-17 02:00:00,26.8,74.0,0.0,5.8,0.0,1.5465,Cerah Berawan,wmo:1
arjawinangun,"Arjawinangun, Cirebon",2026-08-17,32.09.24.2004,Arjawinangun,kecamatan,no,-6.6453,108.4103,Asia/Jakarta,"BMKG point: Arjawinangun, Kecamatan Arjawinangun",17-08-2026,METEOFRANCE,Open-Meteo / Meteo-France,03:00,2026-08-17 03:00:00,26.6,76.0,0.0,5.8,0.0,1.5465,Cerah Berawan,wmo:1
arjawinangun,"Arjawinangun, Cirebon",2026-08-17,32.09.24.2004,Arjawinangun,kecamatan,no,-6.6453,108.4103,Asia/Jakarta,"BMKG point: Arjawinangun, Kecamatan Arjawinangun",17-08-2026,METEOFRANCE,Open-Meteo / Meteo-France,04:00,2026-08-17 04:00:00,26.5,77.0,0.0,6.1,0.0,1.5465,Cerah Berawan,wmo:1
arjawinangun,"Arjawinangun, Cirebon",2026-08-17,32.09.24.2004,Arjawinangun,kecamatan,no,-6.6453,108.4103,Asia/Jakarta,"BMKG point: Arjawinangun, Kecamatan Arjawinangun",17-08-2026,METEOFRANCE,Open-Meteo / Meteo-France,05:00,2026-08-17 05:00:00,26.5,77.0,0.0,6.9,0.0,1.5465,Cerah Berawan,wmo:1
arjawinangun,"Arjawinangun, Cirebon",2026-08-17,32.09.24.2004,Arjawinangun,kecamatan,no,-6.6453,108.4103,Asia/Jakarta,"BMKG point: Arjawinangun, Kecamatan Arjawinangun",17-08-2026,METEOFRANCE,Open-Meteo / Meteo-France,06:00,2026-08-17 06:00:00,26.5,76.0,0.0,7.9,0.0,1.5465,Cerah Berawan,wmo:1
arjawinangun,"Arjawinangun, Cirebon",2026-08-17,32.09.24.2004,Arjawinangun,kecamatan,no,-6.6453,108.4103,Asia/Jakarta,"BMKG point: Arjawinangun, Kecamatan Arjawinangun",17-08-2026,METEOFRANCE,Open-Meteo / Meteo-France,07:00,2026-08-17 07:00:00,27.0,73.0,0.0,8.7,0.0,1.5465,Cerah,wmo:0
arjawinangun,"Arjawinangun, Cirebon",2026-08-17,32.09.24.2004,Arjawinangun,kecamatan,no,-6.6453,108.4103,Asia/Jakarta,"BMKG point: Arjawinangun, Kecamatan Arjawinangun",17-08-2026,METEOFRANCE,Open-Meteo / Meteo-France,08:00,2026-08-17 08:00:00,28.3,68.0,0.0,8.1,0.0,1.5465,Cerah,wmo:0
arjawinangun,"Arjawinangun, Cirebon",2026-08-17,32.09.24.2004,Arjawinangun,kecamatan,no,-6.6453,108.4103,Asia/Jakarta,"BMKG point: Arjawinangun, Kecamatan Arjawinangun",17-08-2026,METEOFRANCE,Open-Meteo / Meteo-France,09:00,2026-08-17 09:00:00,30.1,61.0,0.0,7.9,0.0,1.5465,Cerah,wmo:0
arjawinangun,"Arjawinangun, Cirebon",2026-08-17,32.09.24.2004,Arjawinangun,kecamatan,no,-6.6453,108.4103,Asia/Jakarta,"BMKG point: Arjawinangun, Kecamatan Arjawinangun",17-08-2026,METEOFRANCE,Open-Meteo / Meteo-France,10:00,2026-08-17 10:00:00,31.6,56.0,0.0,9.3,0.0,1.5465,Cerah,wmo:0
arjawinangun,"Arjawinangun, Cirebon",2026-08-17,32.09.24.2004,Arjawinangun,kecamatan,no,-6.6453,108.4103,Asia/Jakarta,"BMKG point: Arjawinangun, Kecamatan Arjawinangun",17-08-2026,METEOFRANCE,Open-Meteo / Meteo-France,11:00,2026-08-17 11:00:00,32.7,52.0,0.0,11.6,0.0,1.5465,Cerah,wmo:0
arjawinangun,"Arjawinangun, Cirebon",2026-08-17,32.09.24.2004,Arjawinangun,kecamatan,no,-6.6453,108.4103,Asia/Jakarta,"BMKG point: Arjawinangun, Kecamatan Arjawinangun",17-08-2026,METEOFRANCE,Open-Meteo / Meteo-France,12:00,2026-08-17 12:00:00,33.6,50.0,0.0,14.5,0.0,1.5465,Cerah,wmo:0
arjawinangun,"Arjawinangun, Cirebon",2026-08-17,32.09.24.2004,Arjawinangun,kecamatan,no,-6.6453,108.4103,Asia/Jakarta,"BMKG point: Arjawinangun, Kecamatan Arjawinangun",17-08-2026,METEOFRANCE,Open-Meteo / Meteo-France,13:00,2026-08-17 13:00:00,33.9,49.0,0.0,16.8,0.0,1.5465,Cerah,wmo:0
arjawinangun,"Arjawinangun, Cirebon",2026-08-17,32.09.24.2004,Arjawinangun,kecamatan,no,-6.6453,108.4103,Asia/Jakarta,"BMKG point: Arjawinangun, Kecamatan Arjawinangun",17-08-2026,METEOFRANCE,Open-Meteo / Meteo-France,14:00,2026-08-17 14:00:00,33.5,51.0,0.0,17.6,0.0,1.5465,Cerah,wmo:0
arjawinangun,"Arjawinangun, Cirebon",2026-08-17,32.09.24.2004,Arjawinangun,kecamatan,no,-6.6453,108.4103,Asia/Jakarta,"BMKG point: Arjawinangun, Kecamatan Arjawinangun",17-08-2026,METEOFRANCE,Open-Meteo / Meteo-France,15:00,2026-08-17 15:00:00,32.6,56.0,0.0,17.4,0.0,1.5465,Cerah,wmo:0
arjawinangun,"Arjawinangun, Cirebon",2026-08-17,32.09.24.2004,Arjawinangun,kecamatan,no,-6.6453,108.4103,Asia/Jakarta,"BMKG point: Arjawinangun, Kecamatan Arjawinangun",17-08-2026,METEOFRANCE,Open-Meteo / Meteo-France,16:00,2026-08-17 16:00:00,31.6,61.0,0.0,16.1,0.0,1.5465,Cerah,wmo:0
arjawinangun,"Arjawinangun, Cirebon",2026-08-17,32.09.24.2004,Arjawinangun,kecamatan,no,-6.6453,108.4103,Asia/Jakarta,"BMKG point: Arjawinangun, Kecamatan Arjawinangun",17-08-2026,METEOFRANCE,Open-Meteo / Meteo-France,17:00,2026-08-17 17:00:00,30.5,67.0,0.0,13.6,0.0,1.5465,Cerah,wmo:0
arjawinangun,"Arjawinangun, Cirebon",2026-08-17,32.09.24.2004,Arjawinangun,kecamatan,no,-6.6453,108.4103,Asia/Jakarta,"BMKG point: Arjawinangun, Kecamatan Arjawinangun",17-08-2026,METEOFRANCE,Open-Meteo / Meteo-France,18:00,2026-08-17 18:00:00,29.2,75.0,0.0,11.1,0.0,1.5465,Cerah Berawan,wmo:1
arjawinangun,"Arjawinangun, Cirebon",2026-08-17,32.09.24.2004,Arjawinangun,kecamatan,no,-6.6453,108.4103,Asia/Jakarta,"BMKG point: Arjawinangun, Kecamatan Arjawinangun",17-08-2026,METEOFRANCE,Open-Meteo / Meteo-France,19:00,2026-08-17 19:00:00,28.3,79.0,0.0,9.0,0.0,1.5465,Cerah Berawan,wmo:1
arjawinangun,"Arjawinangun, Cirebon",2026-08-17,32.09.24.2004,Arjawinangun,kecamatan,no,-6.6453,108.4103,Asia/Jakarta,"BMKG point: Arjawinangun, Kecamatan Arjawinangun",17-08-2026,METEOFRANCE,Open-Meteo / Meteo-France,20:00,2026-08-17 20:00:00,28.0,79.0,0.0,8.4,0.0,1.5465,Cerah Berawan,wmo:1
arjawinangun,"Arjawinangun, Cirebon",2026-08-17,32.09.24.2004,Arjawinangun,kecamatan,no,-6.6453,108.4103,Asia/Jakarta,"BMKG point: Arjawinangun, Kecamatan Arjawinangun",17-08-2026,METEOFRANCE,Open-Meteo / Meteo-France,21:00,2026-08-17 21:00:00,28.0,76.0,0.0,9.7,0.0,1.5465,Cerah Berawan,wmo:2
arjawinangun,"Arjawinangun, Cirebon",2026-08-17,32.09.24.2004,Arjawinangun,kecamatan,no,-6.6453,108.4103,Asia/Jakarta,"BMKG point: Arjawinangun, Kecamatan Arjawinangun",17-08-2026,METEOFRANCE,Open-Meteo / Meteo-France,22:00,2026-08-17 22:00:00,28.0,73.0,0.0,11.0,0.0,1.5465,Cerah Berawan,wmo:2
arjawinangun,"Arjawinangun, Cirebon",2026-08-17,32.09.24.2004,Arjawinangun,kecamatan,no,-6.6453,108.4103,Asia/Jakarta,"BMKG point: Arjawinangun, Kecamatan Arjawinangun",17-08-2026,METEOFRANCE,Open-Meteo / Meteo-France,23:00,2026-08-17 23:00:00,27.8,72.0,0.0,11.4,0.0,1.5465,Cerah Berawan,wmo:2
arjawinangun,"Arjawinangun, Cirebon",2026-08-17,32.09.24.2004,Arjawinangun,kecamatan,no,-6.6453,108.4103,Asia/Jakarta,"BMKG point: Arjawinangun, Kecamatan Arjawinangun",17-08-2026,METNO,MET Norway,00:00,2026-08-17 00:00:00,26.8,79.3,0.0,12.24,0.0,1.4042,Cerah,clearsky_night
arjawinangun,"Arjawinangun, Cirebon",2026-08-17,32.09.24.2004,Arjawinangun,kecamatan,no,-6.6453,108.4103,Asia/Jakarta,"BMKG point: Arjawinangun, Kecamatan Arjawinangun",17-08-2026,METNO,MET Norway,01:00,2026-08-17 01:00:00,26.3,81.0,0.0,10.44,0.0,1.4042,Cerah,clearsky_night
arjawinangun,"Arjawinangun, Cirebon",2026-08-17,32.09.24.2004,Arjawinangun,kecamatan,no,-6.6453,108.4103,Asia/Jakarta,"BMKG point: Arjawinangun, Kecamatan Arjawinangun",17-08-2026,METNO,MET Norway,02:00,2026-08-17 02:00:00,25.9,82.2,0.0,8.64,0.0,1.4042,Cerah,clearsky_night
arjawinangun,"Arjawinangun, Cirebon",2026-08-17,32.09.24.2004,Arjawinangun,kecamatan,no,-6.6453,108.4103,Asia/Jakarta,"BMKG point: Arjawinangun, Kecamatan Arjawinangun",17-08-2026,METNO,MET Norway,03:00,2026-08-17 03:00:00,25.6,83.2,0.0,8.28,0.0,1.4042,Cerah Berawan,fair_night
arjawinangun,"Arjawinangun, Cirebon",2026-08-17,32.09.24.2004,Arjawinangun,kecamatan,no,-6.6453,108.4103,Asia/Jakarta,"BMKG point: Arjawinangun, Kecamatan Arjawinangun",17-08-2026,METNO,MET Norway,04:00,2026-08-17 04:00:00,25.3,83.8,0.0,8.28,0.0,1.4042,Cerah Berawan,fair_night
arjawinangun,"Arjawinangun, Cirebon",2026-08-17,32.09.24.2004,Arjawinangun,kecamatan,no,-6.6453,108.4103,Asia/Jakarta,"BMKG point: Arjawinangun, Kecamatan Arjawinangun",17-08-2026,METNO,MET Norway,05:00,2026-08-17 05:00:00,25.1,84.1,0.0,7.92,0.0,1.4042,Cerah Berawan,fair_night
arjawinangun,"Arjawinangun, Cirebon",2026-08-17,32.09.24.2004,Arjawinangun,kecamatan,no,-6.6453,108.4103,Asia/Jakarta,"BMKG point: Arjawinangun, Kecamatan Arjawinangun",17-08-2026,METNO,MET Norway,06:00,2026-08-17 06:00:00,24.9,85.0,0.0,6.48,0.0,1.4042,Cerah Berawan,partlycloudy_day
arjawinangun,"Arjawinangun, Cirebon",2026-08-17,32.09.24.2004,Arjawinangun,kecamatan,no,-6.6453,108.4103,Asia/Jakarta,"BMKG point: Arjawinangun, Kecamatan Arjawinangun",17-08-2026,METNO,MET Norway,07:00,2026-08-17 07:00:00,26.3,74.8,0.0,5.4,0.0,1.4042,Cerah Berawan,fair_day
arjawinangun,"Arjawinangun, Cirebon",2026-08-17,32.09.24.2004,Arjawinangun,kecamatan,no,-6.6453,108.4103,Asia/Jakarta,"BMKG point: Arjawinangun, Kecamatan Arjawinangun",17-08-2026,METNO,MET Norway,08:00,2026-08-17 08:00:00,28.3,64.0,0.0,7.2,0.0,1.4042,Cerah,clearsky_day
arjawinangun,"Arjawinangun, Cirebon",2026-08-17,32.09.24.2004,Arjawinangun,kecamatan,no,-6.6453,108.4103,Asia/Jakarta,"BMKG point: Arjawinangun, Kecamatan Arjawinangun",17-08-2026,METNO,MET Norway,09:00,2026-08-17 09:00:00,30.4,55.0,0.0,9.72,0.0,1.4042,Cerah,clearsky_day
arjawinangun,"Arjawinangun, Cirebon",2026-08-17,32.09.24.2004,Arjawinangun,kecamatan,no,-6.6453,108.4103,Asia/Jakarta,"BMKG point: Arjawinangun, Kecamatan Arjawinangun",17-08-2026,METNO,MET Norway,10:00,2026-08-17 10:00:00,32.3,48.5,0.0,11.52,0.0,1.4042,Cerah,clearsky_day
arjawinangun,"Arjawinangun, Cirebon",2026-08-17,32.09.24.2004,Arjawinangun,kecamatan,no,-6.6453,108.4103,Asia/Jakarta,"BMKG point: Arjawinangun, Kecamatan Arjawinangun",17-08-2026,METNO,MET Norway,11:00,2026-08-17 11:00:00,33.6,45.5,0.2,14.04,0.0,1.4042,Hujan Ringan,lightrainshowers_day
arjawinangun,"Arjawinangun, Cirebon",2026-08-17,32.09.24.2004,Arjawinangun,kecamatan,no,-6.6453,108.4103,Asia/Jakarta,"BMKG point: Arjawinangun, Kecamatan Arjawinangun",17-08-2026,METNO,MET Norway,12:00,2026-08-17 12:00:00,34.1,44.6,0.2,15.48,0.0,1.4042,Hujan Ringan,lightrainshowers_day
arjawinangun,"Arjawinangun, Cirebon",2026-08-17,32.09.24.2004,Arjawinangun,kecamatan,no,-6.6453,108.4103,Asia/Jakarta,"BMKG point: Arjawinangun, Kecamatan Arjawinangun",17-08-2026,METNO,MET Norway,13:00,2026-08-17 13:00:00,34.1,44.7,0.0,16.56,0.0,1.4042,Cerah Berawan,fair_day
arjawinangun,"Arjawinangun, Cirebon",2026-08-17,32.09.24.2004,Arjawinangun,kecamatan,no,-6.6453,108.4103,Asia/Jakarta,"BMKG point: Arjawinangun, Kecamatan Arjawinangun",17-08-2026,METNO,MET Norway,14:00,2026-08-17 14:00:00,33.9,45.1,0.0,18.72,0.0,1.4042,Cerah Berawan,fair_day
arjawinangun,"Arjawinangun, Cirebon",2026-08-17,32.09.24.2004,Arjawinangun,kecamatan,no,-6.6453,108.4103,Asia/Jakarta,"BMKG point: Arjawinangun, Kecamatan Arjawinangun",17-08-2026,METNO,MET Norway,15:00,2026-08-17 15:00:00,33.0,48.9,0.0,15.84,0.0,1.4042,Cerah Berawan,fair_day
arjawinangun,"Arjawinangun, Cirebon",2026-08-17,32.09.24.2004,Arjawinangun,kecamatan,no,-6.6453,108.4103,Asia/Jakarta,"BMKG point: Arjawinangun, Kecamatan Arjawinangun",17-08-2026,METNO,MET Norway,16:00,2026-08-17 16:00:00,31.9,52.6,0.0,13.68,0.0,1.4042,Cerah,clearsky_day
arjawinangun,"Arjawinangun, Cirebon",2026-08-17,32.09.24.2004,Arjawinangun,kecamatan,no,-6.6453,108.4103,Asia/Jakarta,"BMKG point: Arjawinangun, Kecamatan Arjawinangun",17-08-2026,METNO,MET Norway,17:00,2026-08-17 17:00:00,30.5,60.2,0.0,11.52,0.0,1.4042,Cerah,clearsky_day
arjawinangun,"Arjawinangun, Cirebon",2026-08-17,32.09.24.2004,Arjawinangun,kecamatan,no,-6.6453,108.4103,Asia/Jakarta,"BMKG point: Arjawinangun, Kecamatan Arjawinangun",17-08-2026,METNO,MET Norway,18:00,2026-08-17 18:00:00,29.1,69.1,0.0,12.6,0.0,1.4042,Cerah,clearsky_night
arjawinangun,"Arjawinangun, Cirebon",2026-08-17,32.09.24.2004,Arjawinangun,kecamatan,no,-6.6453,108.4103,Asia/Jakarta,"BMKG point: Arjawinangun, Kecamatan Arjawinangun",17-08-2026,METNO,MET Norway,19:00,2026-08-17 19:00:00,28.5,72.8,0.0,12.96,0.0,1.4042,Cerah Berawan,fair_night
arjawinangun,"Arjawinangun, Cirebon",2026-08-17,32.09.24.2004,Arjawinangun,kecamatan,no,-6.6453,108.4103,Asia/Jakarta,"BMKG point: Arjawinangun, Kecamatan Arjawinangun",17-08-2026,METNO,MET Norway,20:00,2026-08-17 20:00:00,28.4,72.1,0.0,12.24,0.0,1.4042,Cerah Berawan,fair_night
arjawinangun,"Arjawinangun, Cirebon",2026-08-17,32.09.24.2004,Arjawinangun,kecamatan,no,-6.6453,108.4103,Asia/Jakarta,"BMKG point: Arjawinangun, Kecamatan Arjawinangun",17-08-2026,METNO,MET Norway,21:00,2026-08-17 21:00:00,28.0,72.9,0.0,11.16,0.0,1.4042,Cerah,clearsky_night
arjawinangun,"Arjawinangun, Cirebon",2026-08-17,32.09.24.2004,Arjawinangun,kecamatan,no,-6.6453,108.4103,Asia/Jakarta,"BMKG point: Arjawinangun, Kecamatan Arjawinangun",17-08-2026,METNO,MET Norway,22:00,2026-08-17 22:00:00,27.7,73.9,0.0,12.6,0.0,1.4042,Cerah,clearsky_night
arjawinangun,"Arjawinangun, Cirebon",2026-08-17,32.09.24.2004,Arjawinangun,kecamatan,no,-6.6453,108.4103,Asia/Jakarta,"BMKG point: Arjawinangun, Kecamatan Arjawinangun",17-08-2026,METNO,MET Norway,23:00,2026-08-17 23:00:00,27.1,74.8,0.0,13.68,0.0,1.4042,Cerah,clearsky_night
arjawinangun,"Arjawinangun, Cirebon",2026-08-17,32.09.24.2004,Arjawinangun,kecamatan,no,-6.6453,108.4103,Asia/Jakarta,"BMKG point: Arjawinangun, Kecamatan Arjawinangun",17-08-2026,UKMO,Open-Meteo / UK Met Office,00:00,2026-08-17 00:00:00,25.5,76.0,0.0,5.8,0.0,1.3199,Cerah,wmo:0
arjawinangun,"Arjawinangun, Cirebon",2026-08-17,32.09.24.2004,Arjawinangun,kecamatan,no,-6.6453,108.4103,Asia/Jakarta,"BMKG point: Arjawinangun, Kecamatan Arjawinangun",17-08-2026,UKMO,Open-Meteo / UK Met Office,01:00,2026-08-17 01:00:00,24.7,81.0,0.0,5.0,0.0,1.3199,Cerah,wmo:0
arjawinangun,"Arjawinangun, Cirebon",2026-08-17,32.09.24.2004,Arjawinangun,kecamatan,no,-6.6453,108.4103,Asia/Jakarta,"BMKG point: Arjawinangun, Kecamatan Arjawinangun",17-08-2026,UKMO,Open-Meteo / UK Met Office,02:00,2026-08-17 02:00:00,24.2,85.0,0.0,4.0,0.0,1.3199,Cerah,wmo:0
arjawinangun,"Arjawinangun, Cirebon",2026-08-17,32.09.24.2004,Arjawinangun,kecamatan,no,-6.6453,108.4103,Asia/Jakarta,"BMKG point: Arjawinangun, Kecamatan Arjawinangun",17-08-2026,UKMO,Open-Meteo / UK Met Office,03:00,2026-08-17 03:00:00,23.7,87.0,0.0,3.6,0.0,1.3199,Cerah,wmo:0
arjawinangun,"Arjawinangun, Cirebon",2026-08-17,32.09.24.2004,Arjawinangun,kecamatan,no,-6.6453,108.4103,Asia/Jakarta,"BMKG point: Arjawinangun, Kecamatan Arjawinangun",17-08-2026,UKMO,Open-Meteo / UK Met Office,04:00,2026-08-17 04:00:00,23.5,87.0,0.0,4.0,0.0,1.3199,Cerah,wmo:0
arjawinangun,"Arjawinangun, Cirebon",2026-08-17,32.09.24.2004,Arjawinangun,kecamatan,no,-6.6453,108.4103,Asia/Jakarta,"BMKG point: Arjawinangun, Kecamatan Arjawinangun",17-08-2026,UKMO,Open-Meteo / UK Met Office,05:00,2026-08-17 05:00:00,23.0,89.0,0.0,3.2,0.0,1.3199,Cerah,wmo:0
arjawinangun,"Arjawinangun, Cirebon",2026-08-17,32.09.24.2004,Arjawinangun,kecamatan,no,-6.6453,108.4103,Asia/Jakarta,"BMKG point: Arjawinangun, Kecamatan Arjawinangun",17-08-2026,UKMO,Open-Meteo / UK Met Office,06:00,2026-08-17 06:00:00,22.7,91.0,0.0,2.9,0.0,1.3199,Cerah,wmo:0
arjawinangun,"Arjawinangun, Cirebon",2026-08-17,32.09.24.2004,Arjawinangun,kecamatan,no,-6.6453,108.4103,Asia/Jakarta,"BMKG point: Arjawinangun, Kecamatan Arjawinangun",17-08-2026,UKMO,Open-Meteo / UK Met Office,07:00,2026-08-17 07:00:00,24.8,78.0,0.0,2.5,0.0,1.3199,Cerah,wmo:0
arjawinangun,"Arjawinangun, Cirebon",2026-08-17,32.09.24.2004,Arjawinangun,kecamatan,no,-6.6453,108.4103,Asia/Jakarta,"BMKG point: Arjawinangun, Kecamatan Arjawinangun",17-08-2026,UKMO,Open-Meteo / UK Met Office,08:00,2026-08-17 08:00:00,26.3,71.0,0.0,4.0,0.0,1.3199,Cerah,wmo:0
arjawinangun,"Arjawinangun, Cirebon",2026-08-17,32.09.24.2004,Arjawinangun,kecamatan,no,-6.6453,108.4103,Asia/Jakarta,"BMKG point: Arjawinangun, Kecamatan Arjawinangun",17-08-2026,UKMO,Open-Meteo / UK Met Office,09:00,2026-08-17 09:00:00,28.3,63.0,0.0,5.8,0.0,1.3199,Cerah,wmo:0
arjawinangun,"Arjawinangun, Cirebon",2026-08-17,32.09.24.2004,Arjawinangun,kecamatan,no,-6.6453,108.4103,Asia/Jakarta,"BMKG point: Arjawinangun, Kecamatan Arjawinangun",17-08-2026,UKMO,Open-Meteo / UK Met Office,10:00,2026-08-17 10:00:00,29.9,57.0,0.0,7.9,0.0,1.3199,Cerah Berawan,wmo:1
arjawinangun,"Arjawinangun, Cirebon",2026-08-17,32.09.24.2004,Arjawinangun,kecamatan,no,-6.6453,108.4103,Asia/Jakarta,"BMKG point: Arjawinangun, Kecamatan Arjawinangun",17-08-2026,UKMO,Open-Meteo / UK Met Office,11:00,2026-08-17 11:00:00,30.8,54.0,0.0,10.1,0.0,1.3199,Cerah Berawan,wmo:1
arjawinangun,"Arjawinangun, Cirebon",2026-08-17,32.09.24.2004,Arjawinangun,kecamatan,no,-6.6453,108.4103,Asia/Jakarta,"BMKG point: Arjawinangun, Kecamatan Arjawinangun",17-08-2026,UKMO,Open-Meteo / UK Met Office,12:00,2026-08-17 12:00:00,31.4,52.0,0.0,12.2,0.0,1.3199,Cerah Berawan,wmo:1
arjawinangun,"Arjawinangun, Cirebon",2026-08-17,32.09.24.2004,Arjawinangun,kecamatan,no,-6.6453,108.4103,Asia/Jakarta,"BMKG point: Arjawinangun, Kecamatan Arjawinangun",17-08-2026,UKMO,Open-Meteo / UK Met Office,13:00,2026-08-17 13:00:00,31.8,51.0,0.0,13.7,0.0,1.3199,Cerah Berawan,wmo:1
arjawinangun,"Arjawinangun, Cirebon",2026-08-17,32.09.24.2004,Arjawinangun,kecamatan,no,-6.6453,108.4103,Asia/Jakarta,"BMKG point: Arjawinangun, Kecamatan Arjawinangun",17-08-2026,UKMO,Open-Meteo / UK Met Office,14:00,2026-08-17 14:00:00,32.5,46.0,0.0,14.4,0.0,1.3199,Cerah Berawan,wmo:1
arjawinangun,"Arjawinangun, Cirebon",2026-08-17,32.09.24.2004,Arjawinangun,kecamatan,no,-6.6453,108.4103,Asia/Jakarta,"BMKG point: Arjawinangun, Kecamatan Arjawinangun",17-08-2026,UKMO,Open-Meteo / UK Met Office,15:00,2026-08-17 15:00:00,31.7,49.0,0.0,14.8,0.0,1.3199,Cerah,wmo:0
arjawinangun,"Arjawinangun, Cirebon",2026-08-17,32.09.24.2004,Arjawinangun,kecamatan,no,-6.6453,108.4103,Asia/Jakarta,"BMKG point: Arjawinangun, Kecamatan Arjawinangun",17-08-2026,UKMO,Open-Meteo / UK Met Office,16:00,2026-08-17 16:00:00,30.8,54.0,0.0,14.0,0.0,1.3199,Cerah,wmo:0
arjawinangun,"Arjawinangun, Cirebon",2026-08-17,32.09.24.2004,Arjawinangun,kecamatan,no,-6.6453,108.4103,Asia/Jakarta,"BMKG point: Arjawinangun, Kecamatan Arjawinangun",17-08-2026,UKMO,Open-Meteo / UK Met Office,17:00,2026-08-17 17:00:00,29.8,60.0,0.0,12.2,0.0,1.3199,Cerah,wmo:0
arjawinangun,"Arjawinangun, Cirebon",2026-08-17,32.09.24.2004,Arjawinangun,kecamatan,no,-6.6453,108.4103,Asia/Jakarta,"BMKG point: Arjawinangun, Kecamatan Arjawinangun",17-08-2026,UKMO,Open-Meteo / UK Met Office,18:00,2026-08-17 18:00:00,28.8,66.0,0.0,9.7,0.0,1.3199,Cerah,wmo:0
arjawinangun,"Arjawinangun, Cirebon",2026-08-17,32.09.24.2004,Arjawinangun,kecamatan,no,-6.6453,108.4103,Asia/Jakarta,"BMKG point: Arjawinangun, Kecamatan Arjawinangun",17-08-2026,UKMO,Open-Meteo / UK Met Office,19:00,2026-08-17 19:00:00,28.0,71.0,0.0,8.3,0.0,1.3199,Cerah,wmo:0
arjawinangun,"Arjawinangun, Cirebon",2026-08-17,32.09.24.2004,Arjawinangun,kecamatan,no,-6.6453,108.4103,Asia/Jakarta,"BMKG point: Arjawinangun, Kecamatan Arjawinangun",17-08-2026,UKMO,Open-Meteo / UK Met Office,20:00,2026-08-17 20:00:00,27.6,71.0,0.0,8.6,0.0,1.3199,Cerah,wmo:0
arjawinangun,"Arjawinangun, Cirebon",2026-08-17,32.09.24.2004,Arjawinangun,kecamatan,no,-6.6453,108.4103,Asia/Jakarta,"BMKG point: Arjawinangun, Kecamatan Arjawinangun",17-08-2026,UKMO,Open-Meteo / UK Met Office,21:00,2026-08-17 21:00:00,27.4,70.0,0.0,9.7,0.0,1.3199,Cerah,wmo:0
arjawinangun,"Arjawinangun, Cirebon",2026-08-17,32.09.24.2004,Arjawinangun,kecamatan,no,-6.6453,108.4103,Asia/Jakarta,"BMKG point: Arjawinangun, Kecamatan Arjawinangun",17-08-2026,UKMO,Open-Meteo / UK Met Office,22:00,2026-08-17 22:00:00,27.0,69.0,0.0,10.1,0.0,1.3199,Cerah,wmo:0
arjawinangun,"Arjawinangun, Cirebon",2026-08-17,32.09.24.2004,Arjawinangun,kecamatan,no,-6.6453,108.4103,Asia/Jakarta,"BMKG point: Arjawinangun, Kecamatan Arjawinangun",17-08-2026,UKMO,Open-Meteo / UK Met Office,23:00,2026-08-17 23:00:00,26.2,71.0,0.0,9.4,0.0,1.3199,Cerah Berawan,wmo:1
