location_slug,location_name,target_date,adm4,bmkg_point_name,area_level,is_proxy_bmkg,latitude,longitude,timezone,location_note,tanggal,source_id,provider,target_jam,source_datetime,suhu_C,RH_%,rain_mm,wind_kmh,gap_minutes,point_weight,kategori,raw_condition
dago,"Dago, Bandung",2026-10-03,32.73.02.1004,Dago,kelurahan,no,-6.889,107.61,Asia/Jakarta,"BMKG point: Dago, Coblong, Kota Bandung",03-10-2026,BMKG,BMKG,19:00,2026-10-03 22:00:00,20.0,80.0,0.0,4.8,180.0,0.8961,Cerah,Cerah
dago,"Dago, Bandung",2026-10-03,32.73.02.1004,Dago,kelurahan,no,-6.889,107.61,Asia/Jakarta,"BMKG point: Dago, Coblong, Kota Bandung",03-10-2026,BMKG,BMKG,20:00,2026-10-03 22:00:00,20.0,80.0,0.0,4.8,120.0,0.8961,Cerah,Cerah
dago,"Dago, Bandung",2026-10-03,32.73.02.1004,Dago,kelurahan,no,-6.889,107.61,Asia/Jakarta,"BMKG point: Dago, Coblong, Kota Bandung",03-10-2026,BMKG,BMKG,21:00,2026-10-03 22:00:00,20.0,80.0,0.0,4.8,60.0,1.222,Cerah,Cerah
dago,"Dago, Bandung",2026-10-03,32.73.02.1004,Dago,kelurahan,no,-6.889,107.61,Asia/Jakarta,"BMKG point: Dago, Coblong, Kota Bandung",03-10-2026,BMKG,BMKG,22:00,2026-10-03 22:00:00,20.0,80.0,0.0,4.8,0.0,1.6293,Cerah,Cerah
dago,"Dago, Bandung",2026-10-03,32.73.02.1004,Dago,kelurahan,no,-6.889,107.61,Asia/Jakarta,"BMKG point: Dago, Coblong, Kota Bandung",03-10-2026,BMKG,BMKG,23:00,2026-10-03 22:00:00,20.0,80.0,0.0,4.8,60.0,1.222,Cerah,Cerah
dago,"Dago, Bandung",2026-10-03,32.73.02.1004,Dago,kelurahan,no,-6.889,107.61,Asia/Jakarta,"BMKG point: Dago, Coblong, Kota Bandung",03-10-2026,CMA,Open-Meteo / CMA GRAPES,00:00,2026-10-03 00:00:00,22.9,90.0,0.7,1.1,0.0,1.1385,Hujan Ringan,wmo:53
dago,"Dago, Bandung",2026-10-03,32.73.02.1004,Dago,kelurahan,no,-6.889,107.61,Asia/Jakarta,"BMKG point: Dago, Coblong, Kota Bandung",03-10-2026,CMA,Open-Meteo / CMA GRAPES,01:00,2026-10-03 01:00:00,22.6,91.0,0.7,2.0,0.0,1.1385,Hujan Ringan,wmo:53
dago,"Dago, Bandung",2026-10-03,32.73.02.1004,Dago,kelurahan,no,-6.889,107.61,Asia/Jakarta,"BMKG point: Dago, Coblong, Kota Bandung",03-10-2026,CMA,Open-Meteo / CMA GRAPES,02:00,2026-10-03 02:00:00,22.3,92.0,1.0,1.6,0.0,1.1385,Hujan Ringan,wmo:55
dago,"Dago, Bandung",2026-10-03,32.73.02.1004,Dago,kelurahan,no,-6.889,107.61,Asia/Jakarta,"BMKG point: Dago, Coblong, Kota Bandung",03-10-2026,CMA,Open-Meteo / CMA GRAPES,03:00,2026-10-03 03:00:00,22.1,92.0,1.0,1.1,0.0,1.1385,Hujan Ringan,wmo:55
dago,"Dago, Bandung",2026-10-03,32.73.02.1004,Dago,kelurahan,no,-6.889,107.61,Asia/Jakarta,"BMKG point: Dago, Coblong, Kota Bandung",03-10-2026,CMA,Open-Meteo / CMA GRAPES,04:00,2026-10-03 04:00:00,22.0,91.0,1.0,1.8,0.0,1.1385,Hujan Ringan,wmo:55
dago,"Dago, Bandung",2026-10-03,32.73.02.1004,Dago,kelurahan,no,-6.889,107.61,Asia/Jakarta,"BMKG point: Dago, Coblong, Kota Bandung",03-10-2026,CMA,Open-Meteo / CMA GRAPES,05:00,2026-10-03 05:00:00,22.1,87.0,0.0,3.3,0.0,1.1385,Cerah,wmo:0
dago,"Dago, Bandung",2026-10-03,32.73.02.1004,Dago,kelurahan,no,-6.889,107.61,Asia/Jakarta,"BMKG point: Dago, Coblong, Kota Bandung",03-10-2026,CMA,Open-Meteo / CMA GRAPES,06:00,2026-10-03 06:00:00,22.3,82.0,0.0,5.0,0.0,1.1385,Cerah,wmo:0
dago,"Dago, Bandung",2026-10-03,32.73.02.1004,Dago,kelurahan,no,-6.889,107.61,Asia/Jakarta,"BMKG point: Dago, Coblong, Kota Bandung",03-10-2026,CMA,Open-Meteo / CMA GRAPES,07:00,2026-10-03 07:00:00,22.8,76.0,0.0,6.0,0.0,1.1385,Cerah,wmo:0
dago,"Dago, Bandung",2026-10-03,32.73.02.1004,Dago,kelurahan,no,-6.889,107.61,Asia/Jakarta,"BMKG point: Dago, Coblong, Kota Bandung",03-10-2026,CMA,Open-Meteo / CMA GRAPES,08:00,2026-10-03 08:00:00,23.8,70.0,0.0,5.8,0.0,1.1385,Cerah,wmo:0
dago,"Dago, Bandung",2026-10-03,32.73.02.1004,Dago,kelurahan,no,-6.889,107.61,Asia/Jakarta,"BMKG point: Dago, Coblong, Kota Bandung",03-10-2026,CMA,Open-Meteo / CMA GRAPES,09:00,2026-10-03 09:00:00,25.0,65.0,0.0,7.4,0.0,1.1385,Cerah,wmo:0
dago,"Dago, Bandung",2026-10-03,32.73.02.1004,Dago,kelurahan,no,-6.889,107.61,Asia/Jakarta,"BMKG point: Dago, Coblong, Kota Bandung",03-10-2026,CMA,Open-Meteo / CMA GRAPES,10:00,2026-10-03 10:00:00,26.1,60.0,0.0,9.8,0.0,1.1385,Cerah,wmo:0
dago,"Dago, Bandung",2026-10-03,32.73.02.1004,Dago,kelurahan,no,-6.889,107.61,Asia/Jakarta,"BMKG point: Dago, Coblong, Kota Bandung",03-10-2026,CMA,Open-Meteo / CMA GRAPES,11:00,2026-10-03 11:00:00,26.9,57.0,0.0,11.3,0.0,1.1385,Cerah,wmo:0
dago,"Dago, Bandung",2026-10-03,32.73.02.1004,Dago,kelurahan,no,-6.889,107.61,Asia/Jakarta,"BMKG point: Dago, Coblong, Kota Bandung",03-10-2026,CMA,Open-Meteo / CMA GRAPES,12:00,2026-10-03 12:00:00,27.5,55.0,0.0,13.0,0.0,1.1385,Cerah,wmo:0
dago,"Dago, Bandung",2026-10-03,32.73.02.1004,Dago,kelurahan,no,-6.889,107.61,Asia/Jakarta,"BMKG point: Dago, Coblong, Kota Bandung",03-10-2026,CMA,Open-Meteo / CMA GRAPES,13:00,2026-10-03 13:00:00,27.8,54.0,0.0,13.7,0.0,1.1385,Cerah,wmo:0
dago,"Dago, Bandung",2026-10-03,32.73.02.1004,Dago,kelurahan,no,-6.889,107.61,Asia/Jakarta,"BMKG point: Dago, Coblong, Kota Bandung",03-10-2026,CMA,Open-Meteo / CMA GRAPES,14:00,2026-10-03 14:00:00,27.9,55.0,0.0,14.0,0.0,1.1385,Cerah,wmo:0
dago,"Dago, Bandung",2026-10-03,32.73.02.1004,Dago,kelurahan,no,-6.889,107.61,Asia/Jakarta,"BMKG point: Dago, Coblong, Kota Bandung",03-10-2026,CMA,Open-Meteo / CMA GRAPES,15:00,2026-10-03 15:00:00,27.7,57.0,0.0,13.5,0.0,1.1385,Cerah,wmo:0
dago,"Dago, Bandung",2026-10-03,32.73.02.1004,Dago,kelurahan,no,-6.889,107.61,Asia/Jakarta,"BMKG point: Dago, Coblong, Kota Bandung",03-10-2026,CMA,Open-Meteo / CMA GRAPES,16:00,2026-10-03 16:00:00,27.2,61.0,0.0,12.3,0.0,1.1385,Cerah,wmo:0
dago,"Dago, Bandung",2026-10-03,32.73.02.1004,Dago,kelurahan,no,-6.889,107.61,Asia/Jakarta,"BMKG point: Dago, Coblong, Kota Bandung",03-10-2026,CMA,Open-Meteo / CMA GRAPES,17:00,2026-10-03 17:00:00,26.2,69.0,0.0,9.8,0.0,1.1385,Cerah Berawan,wmo:1
dago,"Dago, Bandung",2026-10-03,32.73.02.1004,Dago,kelurahan,no,-6.889,107.61,Asia/Jakarta,"BMKG point: Dago, Coblong, Kota Bandung",03-10-2026,CMA,Open-Meteo / CMA GRAPES,18:00,2026-10-03 18:00:00,24.9,79.0,0.0,6.9,0.0,1.1385,Cerah Berawan,wmo:2
dago,"Dago, Bandung",2026-10-03,32.73.02.1004,Dago,kelurahan,no,-6.889,107.61,Asia/Jakarta,"BMKG point: Dago, Coblong, Kota Bandung",03-10-2026,CMA,Open-Meteo / CMA GRAPES,19:00,2026-10-03 19:00:00,23.8,87.0,0.0,6.0,0.0,1.1385,Cerah Berawan,wmo:2
dago,"Dago, Bandung",2026-10-03,32.73.02.1004,Dago,kelurahan,no,-6.889,107.61,Asia/Jakarta,"BMKG point: Dago, Coblong, Kota Bandung",03-10-2026,CMA,Open-Meteo / CMA GRAPES,20:00,2026-10-03 20:00:00,23.2,91.0,3.8,6.6,0.0,1.1385,Hujan Sedang,wmo:63
dago,"Dago, Bandung",2026-10-03,32.73.02.1004,Dago,kelurahan,no,-6.889,107.61,Asia/Jakarta,"BMKG point: Dago, Coblong, Kota Bandung",03-10-2026,CMA,Open-Meteo / CMA GRAPES,21:00,2026-10-03 21:00:00,22.8,92.0,3.8,7.6,0.0,1.1385,Hujan Sedang,wmo:63
dago,"Dago, Bandung",2026-10-03,32.73.02.1004,Dago,kelurahan,no,-6.889,107.61,Asia/Jakarta,"BMKG point: Dago, Coblong, Kota Bandung",03-10-2026,CMA,Open-Meteo / CMA GRAPES,22:00,2026-10-03 22:00:00,22.5,93.0,3.8,8.0,0.0,1.1385,Hujan Sedang,wmo:63
dago,"Dago, Bandung",2026-10-03,32.73.02.1004,Dago,kelurahan,no,-6.889,107.61,Asia/Jakarta,"BMKG point: Dago, Coblong, Kota Bandung",03-10-2026,CMA,Open-Meteo / CMA GRAPES,23:00,2026-10-03 23:00:00,22.4,93.0,2.8,6.8,0.0,1.1385,Hujan Sedang,wmo:81
dago,"Dago, Bandung",2026-10-03,32.73.02.1004,Dago,kelurahan,no,-6.889,107.61,Asia/Jakarta,"BMKG point: Dago, Coblong, Kota Bandung",03-10-2026,ECMWF,Open-Meteo / ECMWF,00:00,2026-10-03 00:00:00,21.4,89.0,0.0,2.1,0.0,1.676,Berawan,wmo:3
dago,"Dago, Bandung",2026-10-03,32.73.02.1004,Dago,kelurahan,no,-6.889,107.61,Asia/Jakarta,"BMKG point: Dago, Coblong, Kota Bandung",03-10-2026,ECMWF,Open-Meteo / ECMWF,01:00,2026-10-03 01:00:00,20.9,90.0,0.0,2.7,0.0,1.676,Berawan,wmo:3
dago,"Dago, Bandung",2026-10-03,32.73.02.1004,Dago,kelurahan,no,-6.889,107.61,Asia/Jakarta,"BMKG point: Dago, Coblong, Kota Bandung",03-10-2026,ECMWF,Open-Meteo / ECMWF,02:00,2026-10-03 02:00:00,20.2,92.0,0.0,2.2,0.0,1.676,Berawan,wmo:3
dago,"Dago, Bandung",2026-10-03,32.73.02.1004,Dago,kelurahan,no,-6.889,107.61,Asia/Jakarta,"BMKG point: Dago, Coblong, Kota Bandung",03-10-2026,ECMWF,Open-Meteo / ECMWF,03:00,2026-10-03 03:00:00,19.5,94.0,0.0,2.3,0.0,1.676,Berawan,wmo:3
dago,"Dago, Bandung",2026-10-03,32.73.02.1004,Dago,kelurahan,no,-6.889,107.61,Asia/Jakarta,"BMKG point: Dago, Coblong, Kota Bandung",03-10-2026,ECMWF,Open-Meteo / ECMWF,04:00,2026-10-03 04:00:00,19.3,94.0,0.0,3.1,0.0,1.676,Berawan,wmo:3
dago,"Dago, Bandung",2026-10-03,32.73.02.1004,Dago,kelurahan,no,-6.889,107.61,Asia/Jakarta,"BMKG point: Dago, Coblong, Kota Bandung",03-10-2026,ECMWF,Open-Meteo / ECMWF,05:00,2026-10-03 05:00:00,19.7,90.0,0.0,3.1,0.0,1.676,Berawan,wmo:3
dago,"Dago, Bandung",2026-10-03,32.73.02.1004,Dago,kelurahan,no,-6.889,107.61,Asia/Jakarta,"BMKG point: Dago, Coblong, Kota Bandung",03-10-2026,ECMWF,Open-Meteo / ECMWF,06:00,2026-10-03 06:00:00,20.6,84.0,0.0,2.7,0.0,1.676,Berawan,wmo:3
dago,"Dago, Bandung",2026-10-03,32.73.02.1004,Dago,kelurahan,no,-6.889,107.61,Asia/Jakarta,"BMKG point: Dago, Coblong, Kota Bandung",03-10-2026,ECMWF,Open-Meteo / ECMWF,07:00,2026-10-03 07:00:00,21.9,77.0,0.0,2.3,0.0,1.676,Berawan,wmo:3
dago,"Dago, Bandung",2026-10-03,32.73.02.1004,Dago,kelurahan,no,-6.889,107.61,Asia/Jakarta,"BMKG point: Dago, Coblong, Kota Bandung",03-10-2026,ECMWF,Open-Meteo / ECMWF,08:00,2026-10-03 08:00:00,23.7,67.0,0.0,3.7,0.0,1.676,Berawan,wmo:3
dago,"Dago, Bandung",2026-10-03,32.73.02.1004,Dago,kelurahan,no,-6.889,107.61,Asia/Jakarta,"BMKG point: Dago, Coblong, Kota Bandung",03-10-2026,ECMWF,Open-Meteo / ECMWF,09:00,2026-10-03 09:00:00,26.0,56.0,0.0,5.6,0.0,1.676,Berawan,wmo:3
dago,"Dago, Bandung",2026-10-03,32.73.02.1004,Dago,kelurahan,no,-6.889,107.61,Asia/Jakarta,"BMKG point: Dago, Coblong, Kota Bandung",03-10-2026,ECMWF,Open-Meteo / ECMWF,10:00,2026-10-03 10:00:00,27.8,47.0,0.0,6.2,0.0,1.676,Cerah Berawan,wmo:2
dago,"Dago, Bandung",2026-10-03,32.73.02.1004,Dago,kelurahan,no,-6.889,107.61,Asia/Jakarta,"BMKG point: Dago, Coblong, Kota Bandung",03-10-2026,ECMWF,Open-Meteo / ECMWF,11:00,2026-10-03 11:00:00,29.0,42.0,0.0,4.7,0.0,1.676,Cerah Berawan,wmo:2
dago,"Dago, Bandung",2026-10-03,32.73.02.1004,Dago,kelurahan,no,-6.889,107.61,Asia/Jakarta,"BMKG point: Dago, Coblong, Kota Bandung",03-10-2026,ECMWF,Open-Meteo / ECMWF,12:00,2026-10-03 12:00:00,29.8,40.0,0.0,5.5,0.0,1.676,Cerah Berawan,wmo:2
dago,"Dago, Bandung",2026-10-03,32.73.02.1004,Dago,kelurahan,no,-6.889,107.61,Asia/Jakarta,"BMKG point: Dago, Coblong, Kota Bandung",03-10-2026,ECMWF,Open-Meteo / ECMWF,13:00,2026-10-03 13:00:00,30.2,39.0,0.0,7.7,0.0,1.676,Cerah Berawan,wmo:2
dago,"Dago, Bandung",2026-10-03,32.73.02.1004,Dago,kelurahan,no,-6.889,107.61,Asia/Jakarta,"BMKG point: Dago, Coblong, Kota Bandung",03-10-2026,ECMWF,Open-Meteo / ECMWF,14:00,2026-10-03 14:00:00,30.0,40.0,0.0,7.4,0.0,1.676,Cerah Berawan,wmo:1
dago,"Dago, Bandung",2026-10-03,32.73.02.1004,Dago,kelurahan,no,-6.889,107.61,Asia/Jakarta,"BMKG point: Dago, Coblong, Kota Bandung",03-10-2026,ECMWF,Open-Meteo / ECMWF,15:00,2026-10-03 15:00:00,29.3,42.0,0.0,5.4,0.0,1.676,Cerah Berawan,wmo:1
dago,"Dago, Bandung",2026-10-03,32.73.02.1004,Dago,kelurahan,no,-6.889,107.61,Asia/Jakarta,"BMKG point: Dago, Coblong, Kota Bandung",03-10-2026,ECMWF,Open-Meteo / ECMWF,16:00,2026-10-03 16:00:00,28.5,45.0,0.0,3.7,0.0,1.676,Cerah,wmo:0
dago,"Dago, Bandung",2026-10-03,32.73.02.1004,Dago,kelurahan,no,-6.889,107.61,Asia/Jakarta,"BMKG point: Dago, Coblong, Kota Bandung",03-10-2026,ECMWF,Open-Meteo / ECMWF,17:00,2026-10-03 17:00:00,27.7,48.0,0.0,3.3,0.0,1.676,Cerah Berawan,wmo:1
dago,"Dago, Bandung",2026-10-03,32.73.02.1004,Dago,kelurahan,no,-6.889,107.61,Asia/Jakarta,"BMKG point: Dago, Coblong, Kota Bandung",03-10-2026,ECMWF,Open-Meteo / ECMWF,18:00,2026-10-03 18:00:00,26.8,50.0,0.0,4.2,0.0,1.676,Cerah Berawan,wmo:1
dago,"Dago, Bandung",2026-10-03,32.73.02.1004,Dago,kelurahan,no,-6.889,107.61,Asia/Jakarta,"BMKG point: Dago, Coblong, Kota Bandung",03-10-2026,ECMWF,Open-Meteo / ECMWF,19:00,2026-10-03 19:00:00,25.8,54.0,0.0,5.1,0.0,1.676,Cerah Berawan,wmo:1
dago,"Dago, Bandung",2026-10-03,32.73.02.1004,Dago,kelurahan,no,-6.889,107.61,Asia/Jakarta,"BMKG point: Dago, Coblong, Kota Bandung",03-10-2026,ECMWF,Open-Meteo / ECMWF,20:00,2026-10-03 20:00:00,24.7,59.0,0.0,5.2,0.0,1.676,Cerah Berawan,wmo:1
dago,"Dago, Bandung",2026-10-03,32.73.02.1004,Dago,kelurahan,no,-6.889,107.61,Asia/Jakarta,"BMKG point: Dago, Coblong, Kota Bandung",03-10-2026,ECMWF,Open-Meteo / ECMWF,21:00,2026-10-03 21:00:00,23.5,64.0,0.0,5.5,0.0,1.676,Cerah Berawan,wmo:1
dago,"Dago, Bandung",2026-10-03,32.73.02.1004,Dago,kelurahan,no,-6.889,107.61,Asia/Jakarta,"BMKG point: Dago, Coblong, Kota Bandung",03-10-2026,ECMWF,Open-Meteo / ECMWF,22:00,2026-10-03 22:00:00,22.5,69.0,0.0,5.4,0.0,1.676,Cerah Berawan,wmo:1
dago,"Dago, Bandung",2026-10-03,32.73.02.1004,Dago,kelurahan,no,-6.889,107.61,Asia/Jakarta,"BMKG point: Dago, Coblong, Kota Bandung",03-10-2026,ECMWF,Open-Meteo / ECMWF,23:00,2026-10-03 23:00:00,21.7,72.0,0.0,4.1,0.0,1.676,Cerah Berawan,wmo:1
dago,"Dago, Bandung",2026-10-03,32.73.02.1004,Dago,kelurahan,no,-6.889,107.61,Asia/Jakarta,"BMKG point: Dago, Coblong, Kota Bandung",03-10-2026,GFS,Open-Meteo / NOAA GFS,00:00,2026-10-03 00:00:00,22.1,87.0,1.2,2.2,0.0,1.3588,Hujan Ringan,wmo:55
dago,"Dago, Bandung",2026-10-03,32.73.02.1004,Dago,kelurahan,no,-6.889,107.61,Asia/Jakarta,"BMKG point: Dago, Coblong, Kota Bandung",03-10-2026,GFS,Open-Meteo / NOAA GFS,01:00,2026-10-03 01:00:00,22.0,85.0,0.5,1.5,0.0,1.3588,Hujan Ringan,wmo:53
dago,"Dago, Bandung",2026-10-03,32.73.02.1004,Dago,kelurahan,no,-6.889,107.61,Asia/Jakarta,"BMKG point: Dago, Coblong, Kota Bandung",03-10-2026,GFS,Open-Meteo / NOAA GFS,02:00,2026-10-03 02:00:00,21.8,87.0,1.3,3.5,0.0,1.3588,Hujan Ringan,wmo:80
dago,"Dago, Bandung",2026-10-03,32.73.02.1004,Dago,kelurahan,no,-6.889,107.61,Asia/Jakarta,"BMKG point: Dago, Coblong, Kota Bandung",03-10-2026,GFS,Open-Meteo / NOAA GFS,03:00,2026-10-03 03:00:00,21.7,88.0,0.0,3.8,0.0,1.3588,Berawan,wmo:3
dago,"Dago, Bandung",2026-10-03,32.73.02.1004,Dago,kelurahan,no,-6.889,107.61,Asia/Jakarta,"BMKG point: Dago, Coblong, Kota Bandung",03-10-2026,GFS,Open-Meteo / NOAA GFS,04:00,2026-10-03 04:00:00,21.4,88.0,1.2,6.1,0.0,1.3588,Hujan Ringan,wmo:55
dago,"Dago, Bandung",2026-10-03,32.73.02.1004,Dago,kelurahan,no,-6.889,107.61,Asia/Jakarta,"BMKG point: Dago, Coblong, Kota Bandung",03-10-2026,GFS,Open-Meteo / NOAA GFS,05:00,2026-10-03 05:00:00,21.3,87.0,1.2,5.2,0.0,1.3588,Hujan Ringan,wmo:55
dago,"Dago, Bandung",2026-10-03,32.73.02.1004,Dago,kelurahan,no,-6.889,107.61,Asia/Jakarta,"BMKG point: Dago, Coblong, Kota Bandung",03-10-2026,GFS,Open-Meteo / NOAA GFS,06:00,2026-10-03 06:00:00,21.0,88.0,0.1,6.6,0.0,1.3588,Hujan Ringan,wmo:51
dago,"Dago, Bandung",2026-10-03,32.73.02.1004,Dago,kelurahan,no,-6.889,107.61,Asia/Jakarta,"BMKG point: Dago, Coblong, Kota Bandung",03-10-2026,GFS,Open-Meteo / NOAA GFS,07:00,2026-10-03 07:00:00,20.9,88.0,0.8,6.6,0.0,1.3588,Hujan Ringan,wmo:53
dago,"Dago, Bandung",2026-10-03,32.73.02.1004,Dago,kelurahan,no,-6.889,107.61,Asia/Jakarta,"BMKG point: Dago, Coblong, Kota Bandung",03-10-2026,GFS,Open-Meteo / NOAA GFS,08:00,2026-10-03 08:00:00,22.1,80.0,0.0,7.1,0.0,1.3588,Berawan,wmo:3
dago,"Dago, Bandung",2026-10-03,32.73.02.1004,Dago,kelurahan,no,-6.889,107.61,Asia/Jakarta,"BMKG point: Dago, Coblong, Kota Bandung",03-10-2026,GFS,Open-Meteo / NOAA GFS,09:00,2026-10-03 09:00:00,23.3,74.0,0.0,7.2,0.0,1.3588,Berawan,wmo:3
dago,"Dago, Bandung",2026-10-03,32.73.02.1004,Dago,kelurahan,no,-6.889,107.61,Asia/Jakarta,"BMKG point: Dago, Coblong, Kota Bandung",03-10-2026,GFS,Open-Meteo / NOAA GFS,10:00,2026-10-03 10:00:00,24.3,70.0,0.0,6.6,0.0,1.3588,Berawan,wmo:3
dago,"Dago, Bandung",2026-10-03,32.73.02.1004,Dago,kelurahan,no,-6.889,107.61,Asia/Jakarta,"BMKG point: Dago, Coblong, Kota Bandung",03-10-2026,GFS,Open-Meteo / NOAA GFS,11:00,2026-10-03 11:00:00,26.1,62.0,0.0,6.9,0.0,1.3588,Berawan,wmo:3
dago,"Dago, Bandung",2026-10-03,32.73.02.1004,Dago,kelurahan,no,-6.889,107.61,Asia/Jakarta,"BMKG point: Dago, Coblong, Kota Bandung",03-10-2026,GFS,Open-Meteo / NOAA GFS,12:00,2026-10-03 12:00:00,28.6,52.0,0.0,7.0,0.0,1.3588,Cerah Berawan,wmo:2
dago,"Dago, Bandung",2026-10-03,32.73.02.1004,Dago,kelurahan,no,-6.889,107.61,Asia/Jakarta,"BMKG point: Dago, Coblong, Kota Bandung",03-10-2026,GFS,Open-Meteo / NOAA GFS,13:00,2026-10-03 13:00:00,28.7,51.0,0.0,9.6,0.0,1.3588,Cerah Berawan,wmo:1
dago,"Dago, Bandung",2026-10-03,32.73.02.1004,Dago,kelurahan,no,-6.889,107.61,Asia/Jakarta,"BMKG point: Dago, Coblong, Kota Bandung",03-10-2026,GFS,Open-Meteo / NOAA GFS,14:00,2026-10-03 14:00:00,27.1,56.0,0.0,7.0,0.0,1.3588,Berawan,wmo:3
dago,"Dago, Bandung",2026-10-03,32.73.02.1004,Dago,kelurahan,no,-6.889,107.61,Asia/Jakarta,"BMKG point: Dago, Coblong, Kota Bandung",03-10-2026,GFS,Open-Meteo / NOAA GFS,15:00,2026-10-03 15:00:00,24.8,68.0,0.1,9.0,0.0,1.3588,Hujan Ringan,wmo:51
dago,"Dago, Bandung",2026-10-03,32.73.02.1004,Dago,kelurahan,no,-6.889,107.61,Asia/Jakarta,"BMKG point: Dago, Coblong, Kota Bandung",03-10-2026,GFS,Open-Meteo / NOAA GFS,16:00,2026-10-03 16:00:00,23.6,75.0,0.1,8.0,0.0,1.3588,Hujan Ringan,wmo:51
dago,"Dago, Bandung",2026-10-03,32.73.02.1004,Dago,kelurahan,no,-6.889,107.61,Asia/Jakarta,"BMKG point: Dago, Coblong, Kota Bandung",03-10-2026,GFS,Open-Meteo / NOAA GFS,17:00,2026-10-03 17:00:00,22.9,79.0,0.2,7.5,0.0,1.3588,Hujan Ringan,wmo:51
dago,"Dago, Bandung",2026-10-03,32.73.02.1004,Dago,kelurahan,no,-6.889,107.61,Asia/Jakarta,"BMKG point: Dago, Coblong, Kota Bandung",03-10-2026,GFS,Open-Meteo / NOAA GFS,18:00,2026-10-03 18:00:00,22.6,81.0,0.1,5.1,0.0,1.3588,Hujan Ringan,wmo:51
dago,"Dago, Bandung",2026-10-03,32.73.02.1004,Dago,kelurahan,no,-6.889,107.61,Asia/Jakarta,"BMKG point: Dago, Coblong, Kota Bandung",03-10-2026,GFS,Open-Meteo / NOAA GFS,19:00,2026-10-03 19:00:00,22.6,81.0,0.0,3.6,0.0,1.3588,Berawan,wmo:3
dago,"Dago, Bandung",2026-10-03,32.73.02.1004,Dago,kelurahan,no,-6.889,107.61,Asia/Jakarta,"BMKG point: Dago, Coblong, Kota Bandung",03-10-2026,GFS,Open-Meteo / NOAA GFS,20:00,2026-10-03 20:00:00,22.6,80.0,0.0,1.5,0.0,1.3588,Berawan,wmo:3
dago,"Dago, Bandung",2026-10-03,32.73.02.1004,Dago,kelurahan,no,-6.889,107.61,Asia/Jakarta,"BMKG point: Dago, Coblong, Kota Bandung",03-10-2026,GFS,Open-Meteo / NOAA GFS,21:00,2026-10-03 21:00:00,22.4,81.0,0.0,1.6,0.0,1.3588,Berawan,wmo:3
dago,"Dago, Bandung",2026-10-03,32.73.02.1004,Dago,kelurahan,no,-6.889,107.61,Asia/Jakarta,"BMKG point: Dago, Coblong, Kota Bandung",03-10-2026,GFS,Open-Meteo / NOAA GFS,22:00,2026-10-03 22:00:00,22.1,82.0,0.0,1.6,0.0,1.3588,Berawan,wmo:3
dago,"Dago, Bandung",2026-10-03,32.73.02.1004,Dago,kelurahan,no,-6.889,107.61,Asia/Jakarta,"BMKG point: Dago, Coblong, Kota Bandung",03-10-2026,GFS,Open-Meteo / NOAA GFS,23:00,2026-10-03 23:00:00,21.6,84.0,0.0,2.3,0.0,1.3588,Berawan,wmo:3
dago,"Dago, Bandung",2026-10-03,32.73.02.1004,Dago,kelurahan,no,-6.889,107.61,Asia/Jakarta,"BMKG point: Dago, Coblong, Kota Bandung",03-10-2026,ICON,Open-Meteo / DWD ICON,00:00,2026-10-03 00:00:00,23.2,82.0,0.0,4.1,0.0,1.4267,Cerah Berawan,wmo:2
dago,"Dago, Bandung",2026-10-03,32.73.02.1004,Dago,kelurahan,no,-6.889,107.61,Asia/Jakarta,"BMKG point: Dago, Coblong, Kota Bandung",03-10-2026,ICON,Open-Meteo / DWD ICON,01:00,2026-10-03 01:00:00,22.5,84.0,0.0,3.7,0.0,1.4267,Cerah Berawan,wmo:2
dago,"Dago, Bandung",2026-10-03,32.73.02.1004,Dago,kelurahan,no,-6.889,107.61,Asia/Jakarta,"BMKG point: Dago, Coblong, Kota Bandung",03-10-2026,ICON,Open-Meteo / DWD ICON,02:00,2026-10-03 02:00:00,21.9,83.0,0.0,3.6,0.0,1.4267,Cerah Berawan,wmo:2
dago,"Dago, Bandung",2026-10-03,32.73.02.1004,Dago,kelurahan,no,-6.889,107.61,Asia/Jakarta,"BMKG point: Dago, Coblong, Kota Bandung",03-10-2026,ICON,Open-Meteo / DWD ICON,03:00,2026-10-03 03:00:00,21.3,82.0,0.0,4.0,0.0,1.4267,Cerah Berawan,wmo:2
dago,"Dago, Bandung",2026-10-03,32.73.02.1004,Dago,kelurahan,no,-6.889,107.61,Asia/Jakarta,"BMKG point: Dago, Coblong, Kota Bandung",03-10-2026,ICON,Open-Meteo / DWD ICON,04:00,2026-10-03 04:00:00,20.7,83.0,0.0,3.6,0.0,1.4267,Cerah Berawan,wmo:2
dago,"Dago, Bandung",2026-10-03,32.73.02.1004,Dago,kelurahan,no,-6.889,107.61,Asia/Jakarta,"BMKG point: Dago, Coblong, Kota Bandung",03-10-2026,ICON,Open-Meteo / DWD ICON,05:00,2026-10-03 05:00:00,20.1,84.0,0.0,3.6,0.0,1.4267,Cerah Berawan,wmo:2
dago,"Dago, Bandung",2026-10-03,32.73.02.1004,Dago,kelurahan,no,-6.889,107.61,Asia/Jakarta,"BMKG point: Dago, Coblong, Kota Bandung",03-10-2026,ICON,Open-Meteo / DWD ICON,06:00,2026-10-03 06:00:00,19.7,86.0,0.0,3.1,0.0,1.4267,Cerah Berawan,wmo:2
dago,"Dago, Bandung",2026-10-03,32.73.02.1004,Dago,kelurahan,no,-6.889,107.61,Asia/Jakarta,"BMKG point: Dago, Coblong, Kota Bandung",03-10-2026,ICON,Open-Meteo / DWD ICON,07:00,2026-10-03 07:00:00,21.5,80.0,0.0,3.5,0.0,1.4267,Cerah Berawan,wmo:1
dago,"Dago, Bandung",2026-10-03,32.73.02.1004,Dago,kelurahan,no,-6.889,107.61,Asia/Jakarta,"BMKG point: Dago, Coblong, Kota Bandung",03-10-2026,ICON,Open-Meteo / DWD ICON,08:00,2026-10-03 08:00:00,23.8,71.0,0.0,5.6,0.0,1.4267,Cerah Berawan,wmo:1
dago,"Dago, Bandung",2026-10-03,32.73.02.1004,Dago,kelurahan,no,-6.889,107.61,Asia/Jakarta,"BMKG point: Dago, Coblong, Kota Bandung",03-10-2026,ICON,Open-Meteo / DWD ICON,09:00,2026-10-03 09:00:00,26.1,61.0,0.0,7.1,0.0,1.4267,Cerah Berawan,wmo:2
dago,"Dago, Bandung",2026-10-03,32.73.02.1004,Dago,kelurahan,no,-6.889,107.61,Asia/Jakarta,"BMKG point: Dago, Coblong, Kota Bandung",03-10-2026,ICON,Open-Meteo / DWD ICON,10:00,2026-10-03 10:00:00,28.2,52.0,0.0,6.8,0.0,1.4267,Cerah Berawan,wmo:1
dago,"Dago, Bandung",2026-10-03,32.73.02.1004,Dago,kelurahan,no,-6.889,107.61,Asia/Jakarta,"BMKG point: Dago, Coblong, Kota Bandung",03-10-2026,ICON,Open-Meteo / DWD ICON,11:00,2026-10-03 11:00:00,29.5,45.0,0.0,6.7,0.0,1.4267,Cerah Berawan,wmo:2
dago,"Dago, Bandung",2026-10-03,32.73.02.1004,Dago,kelurahan,no,-6.889,107.61,Asia/Jakarta,"BMKG point: Dago, Coblong, Kota Bandung",03-10-2026,ICON,Open-Meteo / DWD ICON,12:00,2026-10-03 12:00:00,30.2,41.0,0.0,5.7,0.0,1.4267,Cerah Berawan,wmo:2
dago,"Dago, Bandung",2026-10-03,32.73.02.1004,Dago,kelurahan,no,-6.889,107.61,Asia/Jakarta,"BMKG point: Dago, Coblong, Kota Bandung",03-10-2026,ICON,Open-Meteo / DWD ICON,13:00,2026-10-03 13:00:00,31.2,37.0,0.0,5.4,0.0,1.4267,Cerah Berawan,wmo:2
dago,"Dago, Bandung",2026-10-03,32.73.02.1004,Dago,kelurahan,no,-6.889,107.61,Asia/Jakarta,"BMKG point: Dago, Coblong, Kota Bandung",03-10-2026,ICON,Open-Meteo / DWD ICON,14:00,2026-10-03 14:00:00,31.3,37.0,0.0,5.7,0.0,1.4267,Cerah Berawan,wmo:2
dago,"Dago, Bandung",2026-10-03,32.73.02.1004,Dago,kelurahan,no,-6.889,107.61,Asia/Jakarta,"BMKG point: Dago, Coblong, Kota Bandung",03-10-2026,ICON,Open-Meteo / DWD ICON,15:00,2026-10-03 15:00:00,31.2,37.0,0.0,6.9,0.0,1.4267,Berawan,wmo:3
dago,"Dago, Bandung",2026-10-03,32.73.02.1004,Dago,kelurahan,no,-6.889,107.61,Asia/Jakarta,"BMKG point: Dago, Coblong, Kota Bandung",03-10-2026,ICON,Open-Meteo / DWD ICON,16:00,2026-10-03 16:00:00,30.4,39.0,0.0,8.7,0.0,1.4267,Berawan,wmo:3
dago,"Dago, Bandung",2026-10-03,32.73.02.1004,Dago,kelurahan,no,-6.889,107.61,Asia/Jakarta,"BMKG point: Dago, Coblong, Kota Bandung",03-10-2026,ICON,Open-Meteo / DWD ICON,17:00,2026-10-03 17:00:00,29.2,43.0,0.0,8.8,0.0,1.4267,Cerah Berawan,wmo:2
dago,"Dago, Bandung",2026-10-03,32.73.02.1004,Dago,kelurahan,no,-6.889,107.61,Asia/Jakarta,"BMKG point: Dago, Coblong, Kota Bandung",03-10-2026,ICON,Open-Meteo / DWD ICON,18:00,2026-10-03 18:00:00,27.6,47.0,0.0,6.2,0.0,1.4267,Berawan,wmo:3
dago,"Dago, Bandung",2026-10-03,32.73.02.1004,Dago,kelurahan,no,-6.889,107.61,Asia/Jakarta,"BMKG point: Dago, Coblong, Kota Bandung",03-10-2026,ICON,Open-Meteo / DWD ICON,19:00,2026-10-03 19:00:00,26.2,54.0,0.0,3.5,0.0,1.4267,Cerah Berawan,wmo:2
dago,"Dago, Bandung",2026-10-03,32.73.02.1004,Dago,kelurahan,no,-6.889,107.61,Asia/Jakarta,"BMKG point: Dago, Coblong, Kota Bandung",03-10-2026,ICON,Open-Meteo / DWD ICON,20:00,2026-10-03 20:00:00,25.0,59.0,0.0,2.6,0.0,1.4267,Cerah Berawan,wmo:1
dago,"Dago, Bandung",2026-10-03,32.73.02.1004,Dago,kelurahan,no,-6.889,107.61,Asia/Jakarta,"BMKG point: Dago, Coblong, Kota Bandung",03-10-2026,ICON,Open-Meteo / DWD ICON,21:00,2026-10-03 21:00:00,24.0,63.0,0.0,2.2,0.0,1.4267,Cerah Berawan,wmo:1
dago,"Dago, Bandung",2026-10-03,32.73.02.1004,Dago,kelurahan,no,-6.889,107.61,Asia/Jakarta,"BMKG point: Dago, Coblong, Kota Bandung",03-10-2026,ICON,Open-Meteo / DWD ICON,22:00,2026-10-03 22:00:00,23.1,67.0,0.0,2.5,0.0,1.4267,Cerah Berawan,wmo:1
dago,"Dago, Bandung",2026-10-03,32.73.02.1004,Dago,kelurahan,no,-6.889,107.61,Asia/Jakarta,"BMKG point: Dago, Coblong, Kota Bandung",03-10-2026,ICON,Open-Meteo / DWD ICON,23:00,2026-10-03 23:00:00,22.1,75.0,0.0,3.3,0.0,1.4267,Cerah Berawan,wmo:1
dago,"Dago, Bandung",2026-10-03,32.73.02.1004,Dago,kelurahan,no,-6.889,107.61,Asia/Jakarta,"BMKG point: Dago, Coblong, Kota Bandung",03-10-2026,KMA,Open-Meteo / KMA,00:00,2026-10-03 00:00:00,,,,,0.0,0.5241,Berawan,wmo:None
dago,"Dago, Bandung",2026-10-03,32.73.02.1004,Dago,kelurahan,no,-6.889,107.61,Asia/Jakarta,"BMKG point: Dago, Coblong, Kota Bandung",03-10-2026,KMA,Open-Meteo / KMA,01:00,2026-10-03 01:00:00,,,,,0.0,0.5241,Berawan,wmo:None
dago,"Dago, Bandung",2026-10-03,32.73.02.1004,Dago,kelurahan,no,-6.889,107.61,Asia/Jakarta,"BMKG point: Dago, Coblong, Kota Bandung",03-10-2026,KMA,Open-Meteo / KMA,02:00,2026-10-03 02:00:00,,,,,0.0,0.5241,Berawan,wmo:None
dago,"Dago, Bandung",2026-10-03,32.73.02.1004,Dago,kelurahan,no,-6.889,107.61,Asia/Jakarta,"BMKG point: Dago, Coblong, Kota Bandung",03-10-2026,KMA,Open-Meteo / KMA,03:00,2026-10-03 03:00:00,,,,,0.0,0.5241,Berawan,wmo:None
dago,"Dago, Bandung",2026-10-03,32.73.02.1004,Dago,kelurahan,no,-6.889,107.61,Asia/Jakarta,"BMKG point: Dago, Coblong, Kota Bandung",03-10-2026,KMA,Open-Meteo / KMA,04:00,2026-10-03 04:00:00,,,,,0.0,0.5241,Berawan,wmo:None
dago,"Dago, Bandung",2026-10-03,32.73.02.1004,Dago,kelurahan,no,-6.889,107.61,Asia/Jakarta,"BMKG point: Dago, Coblong, Kota Bandung",03-10-2026,KMA,Open-Meteo / KMA,05:00,2026-10-03 05:00:00,,,,,0.0,0.5241,Berawan,wmo:None
dago,"Dago, Bandung",2026-10-03,32.73.02.1004,Dago,kelurahan,no,-6.889,107.61,Asia/Jakarta,"BMKG point: Dago, Coblong, Kota Bandung",03-10-2026,KMA,Open-Meteo / KMA,06:00,2026-10-03 06:00:00,,,,,0.0,0.5241,Berawan,wmo:None
dago,"Dago, Bandung",2026-10-03,32.73.02.1004,Dago,kelurahan,no,-6.889,107.61,Asia/Jakarta,"BMKG point: Dago, Coblong, Kota Bandung",03-10-2026,KMA,Open-Meteo / KMA,07:00,2026-10-03 07:00:00,,,,,0.0,0.5241,Berawan,wmo:None
dago,"Dago, Bandung",2026-10-03,32.73.02.1004,Dago,kelurahan,no,-6.889,107.61,Asia/Jakarta,"BMKG point: Dago, Coblong, Kota Bandung",03-10-2026,KMA,Open-Meteo / KMA,08:00,2026-10-03 08:00:00,,,,,0.0,0.5241,Berawan,wmo:None
dago,"Dago, Bandung",2026-10-03,32.73.02.1004,Dago,kelurahan,no,-6.889,107.61,Asia/Jakarta,"BMKG point: Dago, Coblong, Kota Bandung",03-10-2026,KMA,Open-Meteo / KMA,09:00,2026-10-03 09:00:00,,,,,0.0,0.5241,Berawan,wmo:None
dago,"Dago, Bandung",2026-10-03,32.73.02.1004,Dago,kelurahan,no,-6.889,107.61,Asia/Jakarta,"BMKG point: Dago, Coblong, Kota Bandung",03-10-2026,KMA,Open-Meteo / KMA,10:00,2026-10-03 10:00:00,,,,,0.0,0.5241,Berawan,wmo:None
dago,"Dago, Bandung",2026-10-03,32.73.02.1004,Dago,kelurahan,no,-6.889,107.61,Asia/Jakarta,"BMKG point: Dago, Coblong, Kota Bandung",03-10-2026,KMA,Open-Meteo / KMA,11:00,2026-10-03 11:00:00,,,,,0.0,0.5241,Berawan,wmo:None
dago,"Dago, Bandung",2026-10-03,32.73.02.1004,Dago,kelurahan,no,-6.889,107.61,Asia/Jakarta,"BMKG point: Dago, Coblong, Kota Bandung",03-10-2026,KMA,Open-Meteo / KMA,12:00,2026-10-03 12:00:00,,,,,0.0,0.5241,Berawan,wmo:None
dago,"Dago, Bandung",2026-10-03,32.73.02.1004,Dago,kelurahan,no,-6.889,107.61,Asia/Jakarta,"BMKG point: Dago, Coblong, Kota Bandung",03-10-2026,KMA,Open-Meteo / KMA,13:00,2026-10-03 13:00:00,,,,,0.0,0.5241,Berawan,wmo:None
dago,"Dago, Bandung",2026-10-03,32.73.02.1004,Dago,kelurahan,no,-6.889,107.61,Asia/Jakarta,"BMKG point: Dago, Coblong, Kota Bandung",03-10-2026,KMA,Open-Meteo / KMA,14:00,2026-10-03 14:00:00,,,,,0.0,0.5241,Berawan,wmo:None
dago,"Dago, Bandung",2026-10-03,32.73.02.1004,Dago,kelurahan,no,-6.889,107.61,Asia/Jakarta,"BMKG point: Dago, Coblong, Kota Bandung",03-10-2026,KMA,Open-Meteo / KMA,15:00,2026-10-03 15:00:00,,,,,0.0,0.5241,Berawan,wmo:None
dago,"Dago, Bandung",2026-10-03,32.73.02.1004,Dago,kelurahan,no,-6.889,107.61,Asia/Jakarta,"BMKG point: Dago, Coblong, Kota Bandung",03-10-2026,KMA,Open-Meteo / KMA,16:00,2026-10-03 16:00:00,,,,,0.0,0.5241,Berawan,wmo:None
dago,"Dago, Bandung",2026-10-03,32.73.02.1004,Dago,kelurahan,no,-6.889,107.61,Asia/Jakarta,"BMKG point: Dago, Coblong, Kota Bandung",03-10-2026,KMA,Open-Meteo / KMA,17:00,2026-10-03 17:00:00,,,,,0.0,0.5241,Berawan,wmo:None
dago,"Dago, Bandung",2026-10-03,32.73.02.1004,Dago,kelurahan,no,-6.889,107.61,Asia/Jakarta,"BMKG point: Dago, Coblong, Kota Bandung",03-10-2026,KMA,Open-Meteo / KMA,18:00,2026-10-03 18:00:00,,,,,0.0,0.5241,Berawan,wmo:None
dago,"Dago, Bandung",2026-10-03,32.73.02.1004,Dago,kelurahan,no,-6.889,107.61,Asia/Jakarta,"BMKG point: Dago, Coblong, Kota Bandung",03-10-2026,KMA,Open-Meteo / KMA,19:00,2026-10-03 19:00:00,,,,,0.0,0.5241,Berawan,wmo:None
dago,"Dago, Bandung",2026-10-03,32.73.02.1004,Dago,kelurahan,no,-6.889,107.61,Asia/Jakarta,"BMKG point: Dago, Coblong, Kota Bandung",03-10-2026,KMA,Open-Meteo / KMA,20:00,2026-10-03 20:00:00,,,,,0.0,0.5241,Berawan,wmo:None
dago,"Dago, Bandung",2026-10-03,32.73.02.1004,Dago,kelurahan,no,-6.889,107.61,Asia/Jakarta,"BMKG point: Dago, Coblong, Kota Bandung",03-10-2026,KMA,Open-Meteo / KMA,21:00,2026-10-03 21:00:00,,,,,0.0,0.5241,Berawan,wmo:None
dago,"Dago, Bandung",2026-10-03,32.73.02.1004,Dago,kelurahan,no,-6.889,107.61,Asia/Jakarta,"BMKG point: Dago, Coblong, Kota Bandung",03-10-2026,KMA,Open-Meteo / KMA,22:00,2026-10-03 22:00:00,,,,,0.0,0.5241,Berawan,wmo:None
dago,"Dago, Bandung",2026-10-03,32.73.02.1004,Dago,kelurahan,no,-6.889,107.61,Asia/Jakarta,"BMKG point: Dago, Coblong, Kota Bandung",03-10-2026,KMA,Open-Meteo / KMA,23:00,2026-10-03 23:00:00,,,,,0.0,0.5241,Berawan,wmo:None
dago,"Dago, Bandung",2026-10-03,32.73.02.1004,Dago,kelurahan,no,-6.889,107.61,Asia/Jakarta,"BMKG point: Dago, Coblong, Kota Bandung",03-10-2026,METEOFRANCE,Open-Meteo / Meteo-France,00:00,2026-10-03 00:00:00,25.7,84.0,0.0,3.1,0.0,1.4178,Berawan,wmo:3
dago,"Dago, Bandung",2026-10-03,32.73.02.1004,Dago,kelurahan,no,-6.889,107.61,Asia/Jakarta,"BMKG point: Dago, Coblong, Kota Bandung",03-10-2026,METEOFRANCE,Open-Meteo / Meteo-France,01:00,2026-10-03 01:00:00,25.3,84.0,0.0,2.9,0.0,1.4178,Berawan,wmo:3
dago,"Dago, Bandung",2026-10-03,32.73.02.1004,Dago,kelurahan,no,-6.889,107.61,Asia/Jakarta,"BMKG point: Dago, Coblong, Kota Bandung",03-10-2026,METEOFRANCE,Open-Meteo / Meteo-France,02:00,2026-10-03 02:00:00,25.0,86.0,0.0,1.6,0.0,1.4178,Berawan,wmo:3
dago,"Dago, Bandung",2026-10-03,32.73.02.1004,Dago,kelurahan,no,-6.889,107.61,Asia/Jakarta,"BMKG point: Dago, Coblong, Kota Bandung",03-10-2026,METEOFRANCE,Open-Meteo / Meteo-France,03:00,2026-10-03 03:00:00,24.8,87.0,0.0,1.1,0.0,1.4178,Berawan,wmo:3
dago,"Dago, Bandung",2026-10-03,32.73.02.1004,Dago,kelurahan,no,-6.889,107.61,Asia/Jakarta,"BMKG point: Dago, Coblong, Kota Bandung",03-10-2026,METEOFRANCE,Open-Meteo / Meteo-France,04:00,2026-10-03 04:00:00,24.7,87.0,0.0,1.9,0.0,1.4178,Berawan,wmo:3
dago,"Dago, Bandung",2026-10-03,32.73.02.1004,Dago,kelurahan,no,-6.889,107.61,Asia/Jakarta,"BMKG point: Dago, Coblong, Kota Bandung",03-10-2026,METEOFRANCE,Open-Meteo / Meteo-France,05:00,2026-10-03 05:00:00,24.5,88.0,0.0,2.1,0.0,1.4178,Berawan,wmo:3
dago,"Dago, Bandung",2026-10-03,32.73.02.1004,Dago,kelurahan,no,-6.889,107.61,Asia/Jakarta,"BMKG point: Dago, Coblong, Kota Bandung",03-10-2026,METEOFRANCE,Open-Meteo / Meteo-France,06:00,2026-10-03 06:00:00,24.4,89.0,0.0,2.3,0.0,1.4178,Berawan,wmo:3
dago,"Dago, Bandung",2026-10-03,32.73.02.1004,Dago,kelurahan,no,-6.889,107.61,Asia/Jakarta,"BMKG point: Dago, Coblong, Kota Bandung",03-10-2026,METEOFRANCE,Open-Meteo / Meteo-France,07:00,2026-10-03 07:00:00,25.6,82.0,0.0,1.8,0.0,1.4178,Berawan,wmo:3
dago,"Dago, Bandung",2026-10-03,32.73.02.1004,Dago,kelurahan,no,-6.889,107.61,Asia/Jakarta,"BMKG point: Dago, Coblong, Kota Bandung",03-10-2026,METEOFRANCE,Open-Meteo / Meteo-France,08:00,2026-10-03 08:00:00,27.0,72.0,0.0,3.4,0.0,1.4178,Berawan,wmo:3
dago,"Dago, Bandung",2026-10-03,32.73.02.1004,Dago,kelurahan,no,-6.889,107.61,Asia/Jakarta,"BMKG point: Dago, Coblong, Kota Bandung",03-10-2026,METEOFRANCE,Open-Meteo / Meteo-France,09:00,2026-10-03 09:00:00,28.7,61.0,0.0,5.6,0.0,1.4178,Berawan,wmo:3
dago,"Dago, Bandung",2026-10-03,32.73.02.1004,Dago,kelurahan,no,-6.889,107.61,Asia/Jakarta,"BMKG point: Dago, Coblong, Kota Bandung",03-10-2026,METEOFRANCE,Open-Meteo / Meteo-France,10:00,2026-10-03 10:00:00,30.2,56.0,0.0,6.9,0.0,1.4178,Berawan,wmo:3
dago,"Dago, Bandung",2026-10-03,32.73.02.1004,Dago,kelurahan,no,-6.889,107.61,Asia/Jakarta,"BMKG point: Dago, Coblong, Kota Bandung",03-10-2026,METEOFRANCE,Open-Meteo / Meteo-France,11:00,2026-10-03 11:00:00,31.5,53.0,0.0,8.0,0.0,1.4178,Berawan,wmo:3
dago,"Dago, Bandung",2026-10-03,32.73.02.1004,Dago,kelurahan,no,-6.889,107.61,Asia/Jakarta,"BMKG point: Dago, Coblong, Kota Bandung",03-10-2026,METEOFRANCE,Open-Meteo / Meteo-France,12:00,2026-10-03 12:00:00,32.5,50.0,0.0,9.2,0.0,1.4178,Berawan,wmo:3
dago,"Dago, Bandung",2026-10-03,32.73.02.1004,Dago,kelurahan,no,-6.889,107.61,Asia/Jakarta,"BMKG point: Dago, Coblong, Kota Bandung",03-10-2026,METEOFRANCE,Open-Meteo / Meteo-France,13:00,2026-10-03 13:00:00,32.5,51.0,0.0,9.7,0.0,1.4178,Berawan,wmo:3
dago,"Dago, Bandung",2026-10-03,32.73.02.1004,Dago,kelurahan,no,-6.889,107.61,Asia/Jakarta,"BMKG point: Dago, Coblong, Kota Bandung",03-10-2026,METEOFRANCE,Open-Meteo / Meteo-France,14:00,2026-10-03 14:00:00,32.4,51.0,0.0,9.8,0.0,1.4178,Berawan,wmo:3
dago,"Dago, Bandung",2026-10-03,32.73.02.1004,Dago,kelurahan,no,-6.889,107.61,Asia/Jakarta,"BMKG point: Dago, Coblong, Kota Bandung",03-10-2026,METEOFRANCE,Open-Meteo / Meteo-France,15:00,2026-10-03 15:00:00,32.0,52.0,0.0,10.0,0.0,1.4178,Berawan,wmo:3
dago,"Dago, Bandung",2026-10-03,32.73.02.1004,Dago,kelurahan,no,-6.889,107.61,Asia/Jakarta,"BMKG point: Dago, Coblong, Kota Bandung",03-10-2026,METEOFRANCE,Open-Meteo / Meteo-France,16:00,2026-10-03 16:00:00,31.2,54.0,0.0,9.6,0.0,1.4178,Berawan,wmo:3
dago,"Dago, Bandung",2026-10-03,32.73.02.1004,Dago,kelurahan,no,-6.889,107.61,Asia/Jakarta,"BMKG point: Dago, Coblong, Kota Bandung",03-10-2026,METEOFRANCE,Open-Meteo / Meteo-France,17:00,2026-10-03 17:00:00,30.5,54.0,0.0,8.7,0.0,1.4178,Berawan,wmo:3
dago,"Dago, Bandung",2026-10-03,32.73.02.1004,Dago,kelurahan,no,-6.889,107.61,Asia/Jakarta,"BMKG point: Dago, Coblong, Kota Bandung",03-10-2026,METEOFRANCE,Open-Meteo / Meteo-France,18:00,2026-10-03 18:00:00,29.8,52.0,0.0,7.1,0.0,1.4178,Berawan,wmo:3
dago,"Dago, Bandung",2026-10-03,32.73.02.1004,Dago,kelurahan,no,-6.889,107.61,Asia/Jakarta,"BMKG point: Dago, Coblong, Kota Bandung",03-10-2026,METEOFRANCE,Open-Meteo / Meteo-France,19:00,2026-10-03 19:00:00,29.3,49.0,0.0,6.1,0.0,1.4178,Berawan,wmo:3
dago,"Dago, Bandung",2026-10-03,32.73.02.1004,Dago,kelurahan,no,-6.889,107.61,Asia/Jakarta,"BMKG point: Dago, Coblong, Kota Bandung",03-10-2026,METEOFRANCE,Open-Meteo / Meteo-France,20:00,2026-10-03 20:00:00,28.7,47.0,0.0,5.6,0.0,1.4178,Berawan,wmo:3
dago,"Dago, Bandung",2026-10-03,32.73.02.1004,Dago,kelurahan,no,-6.889,107.61,Asia/Jakarta,"BMKG point: Dago, Coblong, Kota Bandung",03-10-2026,METEOFRANCE,Open-Meteo / Meteo-France,21:00,2026-10-03 21:00:00,27.6,49.0,0.0,3.8,0.0,1.4178,Berawan,wmo:3
dago,"Dago, Bandung",2026-10-03,32.73.02.1004,Dago,kelurahan,no,-6.889,107.61,Asia/Jakarta,"BMKG point: Dago, Coblong, Kota Bandung",03-10-2026,METEOFRANCE,Open-Meteo / Meteo-France,22:00,2026-10-03 22:00:00,26.5,53.0,0.0,2.0,0.0,1.4178,Cerah Berawan,wmo:2
dago,"Dago, Bandung",2026-10-03,32.73.02.1004,Dago,kelurahan,no,-6.889,107.61,Asia/Jakarta,"BMKG point: Dago, Coblong, Kota Bandung",03-10-2026,METEOFRANCE,Open-Meteo / Meteo-France,23:00,2026-10-03 23:00:00,25.6,55.0,0.0,1.1,0.0,1.4178,Cerah Berawan,wmo:2
dago,"Dago, Bandung",2026-10-03,32.73.02.1004,Dago,kelurahan,no,-6.889,107.61,Asia/Jakarta,"BMKG point: Dago, Coblong, Kota Bandung",03-10-2026,METNO,MET Norway,19:00,2026-10-03 21:00:00,23.9,62.1,0.0,7.56,120.0,0.7399,Cerah Berawan,partlycloudy_night
dago,"Dago, Bandung",2026-10-03,32.73.02.1004,Dago,kelurahan,no,-6.889,107.61,Asia/Jakarta,"BMKG point: Dago, Coblong, Kota Bandung",03-10-2026,METNO,MET Norway,20:00,2026-10-03 21:00:00,23.9,62.1,0.0,7.56,60.0,1.009,Cerah Berawan,partlycloudy_night
dago,"Dago, Bandung",2026-10-03,32.73.02.1004,Dago,kelurahan,no,-6.889,107.61,Asia/Jakarta,"BMKG point: Dago, Coblong, Kota Bandung",03-10-2026,METNO,MET Norway,21:00,2026-10-03 21:00:00,23.9,62.1,0.0,7.56,0.0,1.3454,Cerah Berawan,partlycloudy_night
dago,"Dago, Bandung",2026-10-03,32.73.02.1004,Dago,kelurahan,no,-6.889,107.61,Asia/Jakarta,"BMKG point: Dago, Coblong, Kota Bandung",03-10-2026,METNO,MET Norway,22:00,2026-10-03 22:00:00,23.2,68.0,0.0,6.84,0.0,1.3454,Cerah Berawan,partlycloudy_night
dago,"Dago, Bandung",2026-10-03,32.73.02.1004,Dago,kelurahan,no,-6.889,107.61,Asia/Jakarta,"BMKG point: Dago, Coblong, Kota Bandung",03-10-2026,METNO,MET Norway,23:00,2026-10-03 23:00:00,22.2,74.3,0.0,6.84,0.0,1.3454,Cerah Berawan,partlycloudy_night
dago,"Dago, Bandung",2026-10-03,32.73.02.1004,Dago,kelurahan,no,-6.889,107.61,Asia/Jakarta,"BMKG point: Dago, Coblong, Kota Bandung",03-10-2026,UKMO,Open-Meteo / UK Met Office,00:00,2026-10-03 00:00:00,21.9,91.0,0.3,2.2,0.0,1.3083,Hujan Ringan,wmo:51
dago,"Dago, Bandung",2026-10-03,32.73.02.1004,Dago,kelurahan,no,-6.889,107.61,Asia/Jakarta,"BMKG point: Dago, Coblong, Kota Bandung",03-10-2026,UKMO,Open-Meteo / UK Met Office,01:00,2026-10-03 01:00:00,21.7,89.0,0.0,2.9,0.0,1.3083,Cerah Berawan,wmo:1
dago,"Dago, Bandung",2026-10-03,32.73.02.1004,Dago,kelurahan,no,-6.889,107.61,Asia/Jakarta,"BMKG point: Dago, Coblong, Kota Bandung",03-10-2026,UKMO,Open-Meteo / UK Met Office,02:00,2026-10-03 02:00:00,21.6,89.0,0.0,3.2,0.0,1.3083,Cerah Berawan,wmo:2
dago,"Dago, Bandung",2026-10-03,32.73.02.1004,Dago,kelurahan,no,-6.889,107.61,Asia/Jakarta,"BMKG point: Dago, Coblong, Kota Bandung",03-10-2026,UKMO,Open-Meteo / UK Met Office,03:00,2026-10-03 03:00:00,21.4,88.0,0.0,4.7,0.0,1.3083,Berawan,wmo:3
dago,"Dago, Bandung",2026-10-03,32.73.02.1004,Dago,kelurahan,no,-6.889,107.61,Asia/Jakarta,"BMKG point: Dago, Coblong, Kota Bandung",03-10-2026,UKMO,Open-Meteo / UK Met Office,04:00,2026-10-03 04:00:00,21.3,88.0,0.0,4.7,0.0,1.3083,Cerah,wmo:0
dago,"Dago, Bandung",2026-10-03,32.73.02.1004,Dago,kelurahan,no,-6.889,107.61,Asia/Jakarta,"BMKG point: Dago, Coblong, Kota Bandung",03-10-2026,UKMO,Open-Meteo / UK Met Office,05:00,2026-10-03 05:00:00,20.8,89.0,0.0,4.0,0.0,1.3083,Cerah,wmo:0
dago,"Dago, Bandung",2026-10-03,32.73.02.1004,Dago,kelurahan,no,-6.889,107.61,Asia/Jakarta,"BMKG point: Dago, Coblong, Kota Bandung",03-10-2026,UKMO,Open-Meteo / UK Met Office,06:00,2026-10-03 06:00:00,20.7,88.0,0.0,3.2,0.0,1.3083,Berawan,wmo:3
dago,"Dago, Bandung",2026-10-03,32.73.02.1004,Dago,kelurahan,no,-6.889,107.61,Asia/Jakarta,"BMKG point: Dago, Coblong, Kota Bandung",03-10-2026,UKMO,Open-Meteo / UK Met Office,07:00,2026-10-03 07:00:00,21.5,84.0,0.0,3.2,0.0,1.3083,Cerah,wmo:0
dago,"Dago, Bandung",2026-10-03,32.73.02.1004,Dago,kelurahan,no,-6.889,107.61,Asia/Jakarta,"BMKG point: Dago, Coblong, Kota Bandung",03-10-2026,UKMO,Open-Meteo / UK Met Office,08:00,2026-10-03 08:00:00,22.7,74.0,0.0,5.8,0.0,1.3083,Cerah,wmo:0
dago,"Dago, Bandung",2026-10-03,32.73.02.1004,Dago,kelurahan,no,-6.889,107.61,Asia/Jakarta,"BMKG point: Dago, Coblong, Kota Bandung",03-10-2026,UKMO,Open-Meteo / UK Met Office,09:00,2026-10-03 09:00:00,24.3,64.0,0.0,5.4,0.0,1.3083,Cerah,wmo:0
dago,"Dago, Bandung",2026-10-03,32.73.02.1004,Dago,kelurahan,no,-6.889,107.61,Asia/Jakarta,"BMKG point: Dago, Coblong, Kota Bandung",03-10-2026,UKMO,Open-Meteo / UK Met Office,10:00,2026-10-03 10:00:00,25.9,58.0,0.0,4.7,0.0,1.3083,Cerah,wmo:0
dago,"Dago, Bandung",2026-10-03,32.73.02.1004,Dago,kelurahan,no,-6.889,107.61,Asia/Jakarta,"BMKG point: Dago, Coblong, Kota Bandung",03-10-2026,UKMO,Open-Meteo / UK Met Office,11:00,2026-10-03 11:00:00,27.5,52.0,0.1,3.6,0.0,1.3083,Hujan Ringan,wmo:51
dago,"Dago, Bandung",2026-10-03,32.73.02.1004,Dago,kelurahan,no,-6.889,107.61,Asia/Jakarta,"BMKG point: Dago, Coblong, Kota Bandung",03-10-2026,UKMO,Open-Meteo / UK Met Office,12:00,2026-10-03 12:00:00,28.1,49.0,0.1,2.2,0.0,1.3083,Hujan Ringan,wmo:51
dago,"Dago, Bandung",2026-10-03,32.73.02.1004,Dago,kelurahan,no,-6.889,107.61,Asia/Jakarta,"BMKG point: Dago, Coblong, Kota Bandung",03-10-2026,UKMO,Open-Meteo / UK Met Office,13:00,2026-10-03 13:00:00,28.8,42.0,0.2,2.2,0.0,1.3083,Hujan Ringan,wmo:51
dago,"Dago, Bandung",2026-10-03,32.73.02.1004,Dago,kelurahan,no,-6.889,107.61,Asia/Jakarta,"BMKG point: Dago, Coblong, Kota Bandung",03-10-2026,UKMO,Open-Meteo / UK Met Office,14:00,2026-10-03 14:00:00,28.8,43.0,0.0,3.2,0.0,1.3083,Berawan,wmo:3
dago,"Dago, Bandung",2026-10-03,32.73.02.1004,Dago,kelurahan,no,-6.889,107.61,Asia/Jakarta,"BMKG point: Dago, Coblong, Kota Bandung",03-10-2026,UKMO,Open-Meteo / UK Met Office,15:00,2026-10-03 15:00:00,28.7,44.0,0.0,10.4,0.0,1.3083,Cerah Berawan,wmo:2
dago,"Dago, Bandung",2026-10-03,32.73.02.1004,Dago,kelurahan,no,-6.889,107.61,Asia/Jakarta,"BMKG point: Dago, Coblong, Kota Bandung",03-10-2026,UKMO,Open-Meteo / UK Met Office,16:00,2026-10-03 16:00:00,28.4,46.0,0.0,13.7,0.0,1.3083,Cerah Berawan,wmo:1
dago,"Dago, Bandung",2026-10-03,32.73.02.1004,Dago,kelurahan,no,-6.889,107.61,Asia/Jakarta,"BMKG point: Dago, Coblong, Kota Bandung",03-10-2026,UKMO,Open-Meteo / UK Met Office,17:00,2026-10-03 17:00:00,27.4,48.0,0.0,13.7,0.0,1.3083,Cerah Berawan,wmo:1
dago,"Dago, Bandung",2026-10-03,32.73.02.1004,Dago,kelurahan,no,-6.889,107.61,Asia/Jakarta,"BMKG point: Dago, Coblong, Kota Bandung",03-10-2026,UKMO,Open-Meteo / UK Met Office,18:00,2026-10-03 18:00:00,26.1,53.0,0.0,13.0,0.0,1.3083,Cerah,wmo:0
dago,"Dago, Bandung",2026-10-03,32.73.02.1004,Dago,kelurahan,no,-6.889,107.61,Asia/Jakarta,"BMKG point: Dago, Coblong, Kota Bandung",03-10-2026,UKMO,Open-Meteo / UK Met Office,19:00,2026-10-03 19:00:00,24.5,62.0,0.0,9.7,0.0,1.3083,Cerah,wmo:0
dago,"Dago, Bandung",2026-10-03,32.73.02.1004,Dago,kelurahan,no,-6.889,107.61,Asia/Jakarta,"BMKG point: Dago, Coblong, Kota Bandung",03-10-2026,UKMO,Open-Meteo / UK Met Office,20:00,2026-10-03 20:00:00,23.7,68.0,0.0,10.8,0.0,1.3083,Cerah Berawan,wmo:1
dago,"Dago, Bandung",2026-10-03,32.73.02.1004,Dago,kelurahan,no,-6.889,107.61,Asia/Jakarta,"BMKG point: Dago, Coblong, Kota Bandung",03-10-2026,UKMO,Open-Meteo / UK Met Office,21:00,2026-10-03 21:00:00,23.0,76.0,0.0,7.9,0.0,1.3083,Cerah,wmo:0
dago,"Dago, Bandung",2026-10-03,32.73.02.1004,Dago,kelurahan,no,-6.889,107.61,Asia/Jakarta,"BMKG point: Dago, Coblong, Kota Bandung",03-10-2026,UKMO,Open-Meteo / UK Met Office,22:00,2026-10-03 22:00:00,22.6,81.0,0.0,4.0,0.0,1.3083,Cerah,wmo:0
dago,"Dago, Bandung",2026-10-03,32.73.02.1004,Dago,kelurahan,no,-6.889,107.61,Asia/Jakarta,"BMKG point: Dago, Coblong, Kota Bandung",03-10-2026,UKMO,Open-Meteo / UK Met Office,23:00,2026-10-03 23:00:00,22.3,80.0,0.0,5.8,0.0,1.3083,Cerah,wmo:0
dago,"Dago, Bandung",2026-10-04,32.73.02.1004,Dago,kelurahan,no,-6.889,107.61,Asia/Jakarta,"BMKG point: Dago, Coblong, Kota Bandung",04-10-2026,BMKG,BMKG,00:00,2026-10-04 01:00:00,20.0,85.0,0.0,5.1,60.0,1.1775,Cerah Berawan,Cerah Berawan
dago,"Dago, Bandung",2026-10-04,32.73.02.1004,Dago,kelurahan,no,-6.889,107.61,Asia/Jakarta,"BMKG point: Dago, Coblong, Kota Bandung",04-10-2026,BMKG,BMKG,01:00,2026-10-04 01:00:00,20.0,85.0,0.0,5.1,0.0,1.57,Cerah Berawan,Cerah Berawan
dago,"Dago, Bandung",2026-10-04,32.73.02.1004,Dago,kelurahan,no,-6.889,107.61,Asia/Jakarta,"BMKG point: Dago, Coblong, Kota Bandung",04-10-2026,BMKG,BMKG,02:00,2026-10-04 01:00:00,20.0,85.0,0.0,5.1,60.0,1.1775,Cerah Berawan,Cerah Berawan
dago,"Dago, Bandung",2026-10-04,32.73.02.1004,Dago,kelurahan,no,-6.889,107.61,Asia/Jakarta,"BMKG point: Dago, Coblong, Kota Bandung",04-10-2026,BMKG,BMKG,03:00,2026-10-04 04:00:00,20.0,82.0,0.0,5.8,60.0,1.1775,Berawan,Berawan
dago,"Dago, Bandung",2026-10-04,32.73.02.1004,Dago,kelurahan,no,-6.889,107.61,Asia/Jakarta,"BMKG point: Dago, Coblong, Kota Bandung",04-10-2026,BMKG,BMKG,04:00,2026-10-04 04:00:00,20.0,82.0,0.0,5.8,0.0,1.57,Berawan,Berawan
dago,"Dago, Bandung",2026-10-04,32.73.02.1004,Dago,kelurahan,no,-6.889,107.61,Asia/Jakarta,"BMKG point: Dago, Coblong, Kota Bandung",04-10-2026,BMKG,BMKG,05:00,2026-10-04 04:00:00,20.0,82.0,0.0,5.8,60.0,1.1775,Berawan,Berawan
dago,"Dago, Bandung",2026-10-04,32.73.02.1004,Dago,kelurahan,no,-6.889,107.61,Asia/Jakarta,"BMKG point: Dago, Coblong, Kota Bandung",04-10-2026,BMKG,BMKG,06:00,2026-10-04 07:00:00,24.0,66.0,0.0,4.5,60.0,1.1775,Cerah Berawan,Cerah Berawan
dago,"Dago, Bandung",2026-10-04,32.73.02.1004,Dago,kelurahan,no,-6.889,107.61,Asia/Jakarta,"BMKG point: Dago, Coblong, Kota Bandung",04-10-2026,BMKG,BMKG,07:00,2026-10-04 07:00:00,24.0,66.0,0.0,4.5,0.0,1.57,Cerah Berawan,Cerah Berawan
dago,"Dago, Bandung",2026-10-04,32.73.02.1004,Dago,kelurahan,no,-6.889,107.61,Asia/Jakarta,"BMKG point: Dago, Coblong, Kota Bandung",04-10-2026,BMKG,BMKG,08:00,2026-10-04 07:00:00,24.0,66.0,0.0,4.5,60.0,1.1775,Cerah Berawan,Cerah Berawan
dago,"Dago, Bandung",2026-10-04,32.73.02.1004,Dago,kelurahan,no,-6.889,107.61,Asia/Jakarta,"BMKG point: Dago, Coblong, Kota Bandung",04-10-2026,BMKG,BMKG,09:00,2026-10-04 10:00:00,29.0,53.0,0.0,4.6,60.0,1.1775,Berawan,Berawan
dago,"Dago, Bandung",2026-10-04,32.73.02.1004,Dago,kelurahan,no,-6.889,107.61,Asia/Jakarta,"BMKG point: Dago, Coblong, Kota Bandung",04-10-2026,BMKG,BMKG,10:00,2026-10-04 10:00:00,29.0,53.0,0.0,4.6,0.0,1.57,Berawan,Berawan
dago,"Dago, Bandung",2026-10-04,32.73.02.1004,Dago,kelurahan,no,-6.889,107.61,Asia/Jakarta,"BMKG point: Dago, Coblong, Kota Bandung",04-10-2026,BMKG,BMKG,11:00,2026-10-04 10:00:00,29.0,53.0,0.0,4.6,60.0,1.1775,Berawan,Berawan
dago,"Dago, Bandung",2026-10-04,32.73.02.1004,Dago,kelurahan,no,-6.889,107.61,Asia/Jakarta,"BMKG point: Dago, Coblong, Kota Bandung",04-10-2026,BMKG,BMKG,12:00,2026-10-04 13:00:00,28.0,71.0,1.5,1.2,60.0,1.1775,Hujan Ringan,Hujan Ringan
dago,"Dago, Bandung",2026-10-04,32.73.02.1004,Dago,kelurahan,no,-6.889,107.61,Asia/Jakarta,"BMKG point: Dago, Coblong, Kota Bandung",04-10-2026,BMKG,BMKG,13:00,2026-10-04 13:00:00,28.0,71.0,1.5,1.2,0.0,1.57,Hujan Ringan,Hujan Ringan
dago,"Dago, Bandung",2026-10-04,32.73.02.1004,Dago,kelurahan,no,-6.889,107.61,Asia/Jakarta,"BMKG point: Dago, Coblong, Kota Bandung",04-10-2026,BMKG,BMKG,14:00,2026-10-04 13:00:00,28.0,71.0,1.5,1.2,60.0,1.1775,Hujan Ringan,Hujan Ringan
dago,"Dago, Bandung",2026-10-04,32.73.02.1004,Dago,kelurahan,no,-6.889,107.61,Asia/Jakarta,"BMKG point: Dago, Coblong, Kota Bandung",04-10-2026,BMKG,BMKG,15:00,2026-10-04 16:00:00,22.0,81.0,1.5,1.3,60.0,1.1775,Hujan Ringan,Hujan Ringan
dago,"Dago, Bandung",2026-10-04,32.73.02.1004,Dago,kelurahan,no,-6.889,107.61,Asia/Jakarta,"BMKG point: Dago, Coblong, Kota Bandung",04-10-2026,BMKG,BMKG,16:00,2026-10-04 16:00:00,22.0,81.0,1.5,1.3,0.0,1.57,Hujan Ringan,Hujan Ringan
dago,"Dago, Bandung",2026-10-04,32.73.02.1004,Dago,kelurahan,no,-6.889,107.61,Asia/Jakarta,"BMKG point: Dago, Coblong, Kota Bandung",04-10-2026,BMKG,BMKG,17:00,2026-10-04 16:00:00,22.0,81.0,1.5,1.3,60.0,1.1775,Hujan Ringan,Hujan Ringan
dago,"Dago, Bandung",2026-10-04,32.73.02.1004,Dago,kelurahan,no,-6.889,107.61,Asia/Jakarta,"BMKG point: Dago, Coblong, Kota Bandung",04-10-2026,BMKG,BMKG,18:00,2026-10-04 19:00:00,21.0,89.0,0.0,0.8,60.0,1.1775,Berawan,Berawan
dago,"Dago, Bandung",2026-10-04,32.73.02.1004,Dago,kelurahan,no,-6.889,107.61,Asia/Jakarta,"BMKG point: Dago, Coblong, Kota Bandung",04-10-2026,BMKG,BMKG,19:00,2026-10-04 19:00:00,21.0,89.0,0.0,0.8,0.0,1.57,Berawan,Berawan
dago,"Dago, Bandung",2026-10-04,32.73.02.1004,Dago,kelurahan,no,-6.889,107.61,Asia/Jakarta,"BMKG point: Dago, Coblong, Kota Bandung",04-10-2026,BMKG,BMKG,20:00,2026-10-04 19:00:00,21.0,89.0,0.0,0.8,60.0,1.1775,Berawan,Berawan
dago,"Dago, Bandung",2026-10-04,32.73.02.1004,Dago,kelurahan,no,-6.889,107.61,Asia/Jakarta,"BMKG point: Dago, Coblong, Kota Bandung",04-10-2026,BMKG,BMKG,21:00,2026-10-04 22:00:00,20.0,90.0,0.0,1.8,60.0,1.1775,Berawan,Berawan
dago,"Dago, Bandung",2026-10-04,32.73.02.1004,Dago,kelurahan,no,-6.889,107.61,Asia/Jakarta,"BMKG point: Dago, Coblong, Kota Bandung",04-10-2026,BMKG,BMKG,22:00,2026-10-04 22:00:00,20.0,90.0,0.0,1.8,0.0,1.57,Berawan,Berawan
dago,"Dago, Bandung",2026-10-04,32.73.02.1004,Dago,kelurahan,no,-6.889,107.61,Asia/Jakarta,"BMKG point: Dago, Coblong, Kota Bandung",04-10-2026,BMKG,BMKG,23:00,2026-10-04 22:00:00,20.0,90.0,0.0,1.8,60.0,1.1775,Berawan,Berawan
dago,"Dago, Bandung",2026-10-04,32.73.02.1004,Dago,kelurahan,no,-6.889,107.61,Asia/Jakarta,"BMKG point: Dago, Coblong, Kota Bandung",04-10-2026,CMA,Open-Meteo / CMA GRAPES,00:00,2026-10-04 00:00:00,22.4,91.0,2.8,4.3,0.0,1.1385,Hujan Sedang,wmo:81
dago,"Dago, Bandung",2026-10-04,32.73.02.1004,Dago,kelurahan,no,-6.889,107.61,Asia/Jakarta,"BMKG point: Dago, Coblong, Kota Bandung",04-10-2026,CMA,Open-Meteo / CMA GRAPES,01:00,2026-10-04 01:00:00,22.3,90.0,2.8,2.1,0.0,1.1385,Hujan Sedang,wmo:81
dago,"Dago, Bandung",2026-10-04,32.73.02.1004,Dago,kelurahan,no,-6.889,107.61,Asia/Jakarta,"BMKG point: Dago, Coblong, Kota Bandung",04-10-2026,CMA,Open-Meteo / CMA GRAPES,02:00,2026-10-04 02:00:00,22.1,90.0,0.7,0.8,0.0,1.1385,Hujan Ringan,wmo:53
dago,"Dago, Bandung",2026-10-04,32.73.02.1004,Dago,kelurahan,no,-6.889,107.61,Asia/Jakarta,"BMKG point: Dago, Coblong, Kota Bandung",04-10-2026,CMA,Open-Meteo / CMA GRAPES,03:00,2026-10-04 03:00:00,21.8,90.0,0.7,3.3,0.0,1.1385,Hujan Ringan,wmo:53
dago,"Dago, Bandung",2026-10-04,32.73.02.1004,Dago,kelurahan,no,-6.889,107.61,Asia/Jakarta,"BMKG point: Dago, Coblong, Kota Bandung",04-10-2026,CMA,Open-Meteo / CMA GRAPES,04:00,2026-10-04 04:00:00,21.5,89.0,0.7,5.7,0.0,1.1385,Hujan Ringan,wmo:53
dago,"Dago, Bandung",2026-10-04,32.73.02.1004,Dago,kelurahan,no,-6.889,107.61,Asia/Jakarta,"BMKG point: Dago, Coblong, Kota Bandung",04-10-2026,CMA,Open-Meteo / CMA GRAPES,05:00,2026-10-04 05:00:00,21.1,87.0,0.1,7.9,0.0,1.1385,Hujan Ringan,wmo:51
dago,"Dago, Bandung",2026-10-04,32.73.02.1004,Dago,kelurahan,no,-6.889,107.61,Asia/Jakarta,"BMKG point: Dago, Coblong, Kota Bandung",04-10-2026,CMA,Open-Meteo / CMA GRAPES,06:00,2026-10-04 06:00:00,20.9,83.0,0.1,9.8,0.0,1.1385,Hujan Ringan,wmo:51
dago,"Dago, Bandung",2026-10-04,32.73.02.1004,Dago,kelurahan,no,-6.889,107.61,Asia/Jakarta,"BMKG point: Dago, Coblong, Kota Bandung",04-10-2026,CMA,Open-Meteo / CMA GRAPES,07:00,2026-10-04 07:00:00,21.1,79.0,0.1,10.4,0.0,1.1385,Hujan Ringan,wmo:51
dago,"Dago, Bandung",2026-10-04,32.73.02.1004,Dago,kelurahan,no,-6.889,107.61,Asia/Jakarta,"BMKG point: Dago, Coblong, Kota Bandung",04-10-2026,CMA,Open-Meteo / CMA GRAPES,08:00,2026-10-04 08:00:00,22.2,73.0,0.0,8.9,0.0,1.1385,Cerah Berawan,wmo:1
dago,"Dago, Bandung",2026-10-04,32.73.02.1004,Dago,kelurahan,no,-6.889,107.61,Asia/Jakarta,"BMKG point: Dago, Coblong, Kota Bandung",04-10-2026,CMA,Open-Meteo / CMA GRAPES,09:00,2026-10-04 09:00:00,23.8,67.0,0.0,7.5,0.0,1.1385,Cerah Berawan,wmo:1
dago,"Dago, Bandung",2026-10-04,32.73.02.1004,Dago,kelurahan,no,-6.889,107.61,Asia/Jakarta,"BMKG point: Dago, Coblong, Kota Bandung",04-10-2026,CMA,Open-Meteo / CMA GRAPES,10:00,2026-10-04 10:00:00,25.3,62.0,0.0,7.8,0.0,1.1385,Cerah Berawan,wmo:1
dago,"Dago, Bandung",2026-10-04,32.73.02.1004,Dago,kelurahan,no,-6.889,107.61,Asia/Jakarta,"BMKG point: Dago, Coblong, Kota Bandung",04-10-2026,CMA,Open-Meteo / CMA GRAPES,11:00,2026-10-04 11:00:00,26.3,60.0,0.0,9.4,0.0,1.1385,Cerah Berawan,wmo:1
dago,"Dago, Bandung",2026-10-04,32.73.02.1004,Dago,kelurahan,no,-6.889,107.61,Asia/Jakarta,"BMKG point: Dago, Coblong, Kota Bandung",04-10-2026,CMA,Open-Meteo / CMA GRAPES,12:00,2026-10-04 12:00:00,27.0,59.0,0.0,10.7,0.0,1.1385,Cerah Berawan,wmo:1
dago,"Dago, Bandung",2026-10-04,32.73.02.1004,Dago,kelurahan,no,-6.889,107.61,Asia/Jakarta,"BMKG point: Dago, Coblong, Kota Bandung",04-10-2026,CMA,Open-Meteo / CMA GRAPES,13:00,2026-10-04 13:00:00,27.5,59.0,0.0,12.1,0.0,1.1385,Cerah Berawan,wmo:1
dago,"Dago, Bandung",2026-10-04,32.73.02.1004,Dago,kelurahan,no,-6.889,107.61,Asia/Jakarta,"BMKG point: Dago, Coblong, Kota Bandung",04-10-2026,CMA,Open-Meteo / CMA GRAPES,14:00,2026-10-04 14:00:00,27.7,59.0,0.0,12.4,0.0,1.1385,Cerah Berawan,wmo:1
dago,"Dago, Bandung",2026-10-04,32.73.02.1004,Dago,kelurahan,no,-6.889,107.61,Asia/Jakarta,"BMKG point: Dago, Coblong, Kota Bandung",04-10-2026,CMA,Open-Meteo / CMA GRAPES,15:00,2026-10-04 15:00:00,27.7,60.0,0.0,12.1,0.0,1.1385,Cerah Berawan,wmo:1
dago,"Dago, Bandung",2026-10-04,32.73.02.1004,Dago,kelurahan,no,-6.889,107.61,Asia/Jakarta,"BMKG point: Dago, Coblong, Kota Bandung",04-10-2026,CMA,Open-Meteo / CMA GRAPES,16:00,2026-10-04 16:00:00,27.4,62.0,0.0,10.5,0.0,1.1385,Cerah Berawan,wmo:1
dago,"Dago, Bandung",2026-10-04,32.73.02.1004,Dago,kelurahan,no,-6.889,107.61,Asia/Jakarta,"BMKG point: Dago, Coblong, Kota Bandung",04-10-2026,CMA,Open-Meteo / CMA GRAPES,17:00,2026-10-04 17:00:00,26.7,67.0,0.1,7.3,0.0,1.1385,Hujan Ringan,wmo:51
dago,"Dago, Bandung",2026-10-04,32.73.02.1004,Dago,kelurahan,no,-6.889,107.61,Asia/Jakarta,"BMKG point: Dago, Coblong, Kota Bandung",04-10-2026,CMA,Open-Meteo / CMA GRAPES,18:00,2026-10-04 18:00:00,25.7,74.0,0.1,3.4,0.0,1.1385,Hujan Ringan,wmo:51
dago,"Dago, Bandung",2026-10-04,32.73.02.1004,Dago,kelurahan,no,-6.889,107.61,Asia/Jakarta,"BMKG point: Dago, Coblong, Kota Bandung",04-10-2026,CMA,Open-Meteo / CMA GRAPES,19:00,2026-10-04 19:00:00,24.7,80.0,0.1,2.5,0.0,1.1385,Hujan Ringan,wmo:51
dago,"Dago, Bandung",2026-10-04,32.73.02.1004,Dago,kelurahan,no,-6.889,107.61,Asia/Jakarta,"BMKG point: Dago, Coblong, Kota Bandung",04-10-2026,CMA,Open-Meteo / CMA GRAPES,20:00,2026-10-04 20:00:00,23.8,85.0,0.3,3.7,0.0,1.1385,Hujan Ringan,wmo:51
dago,"Dago, Bandung",2026-10-04,32.73.02.1004,Dago,kelurahan,no,-6.889,107.61,Asia/Jakarta,"BMKG point: Dago, Coblong, Kota Bandung",04-10-2026,CMA,Open-Meteo / CMA GRAPES,21:00,2026-10-04 21:00:00,22.9,90.0,0.3,5.2,0.0,1.1385,Hujan Ringan,wmo:51
dago,"Dago, Bandung",2026-10-04,32.73.02.1004,Dago,kelurahan,no,-6.889,107.61,Asia/Jakarta,"BMKG point: Dago, Coblong, Kota Bandung",04-10-2026,CMA,Open-Meteo / CMA GRAPES,22:00,2026-10-04 22:00:00,22.2,92.0,0.3,5.3,0.0,1.1385,Hujan Ringan,wmo:51
dago,"Dago, Bandung",2026-10-04,32.73.02.1004,Dago,kelurahan,no,-6.889,107.61,Asia/Jakarta,"BMKG point: Dago, Coblong, Kota Bandung",04-10-2026,CMA,Open-Meteo / CMA GRAPES,23:00,2026-10-04 23:00:00,22.0,91.0,0.1,3.6,0.0,1.1385,Hujan Ringan,wmo:51
dago,"Dago, Bandung",2026-10-04,32.73.02.1004,Dago,kelurahan,no,-6.889,107.61,Asia/Jakarta,"BMKG point: Dago, Coblong, Kota Bandung",04-10-2026,ECMWF,Open-Meteo / ECMWF,00:00,2026-10-04 00:00:00,21.1,75.0,0.0,2.3,0.0,1.676,Cerah Berawan,wmo:1
dago,"Dago, Bandung",2026-10-04,32.73.02.1004,Dago,kelurahan,no,-6.889,107.61,Asia/Jakarta,"BMKG point: Dago, Coblong, Kota Bandung",04-10-2026,ECMWF,Open-Meteo / ECMWF,01:00,2026-10-04 01:00:00,20.6,77.0,0.0,1.6,0.0,1.676,Cerah Berawan,wmo:1
dago,"Dago, Bandung",2026-10-04,32.73.02.1004,Dago,kelurahan,no,-6.889,107.61,Asia/Jakarta,"BMKG point: Dago, Coblong, Kota Bandung",04-10-2026,ECMWF,Open-Meteo / ECMWF,02:00,2026-10-04 02:00:00,20.0,80.0,0.0,2.1,0.0,1.676,Cerah Berawan,wmo:2
dago,"Dago, Bandung",2026-10-04,32.73.02.1004,Dago,kelurahan,no,-6.889,107.61,Asia/Jakarta,"BMKG point: Dago, Coblong, Kota Bandung",04-10-2026,ECMWF,Open-Meteo / ECMWF,03:00,2026-10-04 03:00:00,19.4,83.0,0.0,2.3,0.0,1.676,Cerah Berawan,wmo:2
dago,"Dago, Bandung",2026-10-04,32.73.02.1004,Dago,kelurahan,no,-6.889,107.61,Asia/Jakarta,"BMKG point: Dago, Coblong, Kota Bandung",04-10-2026,ECMWF,Open-Meteo / ECMWF,04:00,2026-10-04 04:00:00,19.3,84.0,0.0,2.6,0.0,1.676,Cerah Berawan,wmo:2
dago,"Dago, Bandung",2026-10-04,32.73.02.1004,Dago,kelurahan,no,-6.889,107.61,Asia/Jakarta,"BMKG point: Dago, Coblong, Kota Bandung",04-10-2026,ECMWF,Open-Meteo / ECMWF,05:00,2026-10-04 05:00:00,19.6,82.0,0.0,3.1,0.0,1.676,Berawan,wmo:3
dago,"Dago, Bandung",2026-10-04,32.73.02.1004,Dago,kelurahan,no,-6.889,107.61,Asia/Jakarta,"BMKG point: Dago, Coblong, Kota Bandung",04-10-2026,ECMWF,Open-Meteo / ECMWF,06:00,2026-10-04 06:00:00,20.4,79.0,0.0,3.6,0.0,1.676,Berawan,wmo:3
dago,"Dago, Bandung",2026-10-04,32.73.02.1004,Dago,kelurahan,no,-6.889,107.61,Asia/Jakarta,"BMKG point: Dago, Coblong, Kota Bandung",04-10-2026,ECMWF,Open-Meteo / ECMWF,07:00,2026-10-04 07:00:00,21.7,73.0,0.0,4.3,0.0,1.676,Berawan,wmo:3
dago,"Dago, Bandung",2026-10-04,32.73.02.1004,Dago,kelurahan,no,-6.889,107.61,Asia/Jakarta,"BMKG point: Dago, Coblong, Kota Bandung",04-10-2026,ECMWF,Open-Meteo / ECMWF,08:00,2026-10-04 08:00:00,23.8,63.0,0.0,5.2,0.0,1.676,Berawan,wmo:3
dago,"Dago, Bandung",2026-10-04,32.73.02.1004,Dago,kelurahan,no,-6.889,107.61,Asia/Jakarta,"BMKG point: Dago, Coblong, Kota Bandung",04-10-2026,ECMWF,Open-Meteo / ECMWF,09:00,2026-10-04 09:00:00,26.4,51.0,0.0,5.8,0.0,1.676,Cerah Berawan,wmo:2
dago,"Dago, Bandung",2026-10-04,32.73.02.1004,Dago,kelurahan,no,-6.889,107.61,Asia/Jakarta,"BMKG point: Dago, Coblong, Kota Bandung",04-10-2026,ECMWF,Open-Meteo / ECMWF,10:00,2026-10-04 10:00:00,28.4,43.0,0.0,5.5,0.0,1.676,Cerah Berawan,wmo:2
dago,"Dago, Bandung",2026-10-04,32.73.02.1004,Dago,kelurahan,no,-6.889,107.61,Asia/Jakarta,"BMKG point: Dago, Coblong, Kota Bandung",04-10-2026,ECMWF,Open-Meteo / ECMWF,11:00,2026-10-04 11:00:00,29.1,42.0,0.3,4.1,0.0,1.676,Hujan Ringan,wmo:51
dago,"Dago, Bandung",2026-10-04,32.73.02.1004,Dago,kelurahan,no,-6.889,107.61,Asia/Jakarta,"BMKG point: Dago, Coblong, Kota Bandung",04-10-2026,ECMWF,Open-Meteo / ECMWF,12:00,2026-10-04 12:00:00,29.2,45.0,0.3,5.5,0.0,1.676,Hujan Ringan,wmo:51
dago,"Dago, Bandung",2026-10-04,32.73.02.1004,Dago,kelurahan,no,-6.889,107.61,Asia/Jakarta,"BMKG point: Dago, Coblong, Kota Bandung",04-10-2026,ECMWF,Open-Meteo / ECMWF,13:00,2026-10-04 13:00:00,28.8,50.0,0.3,7.6,0.0,1.676,Hujan Ringan,wmo:51
dago,"Dago, Bandung",2026-10-04,32.73.02.1004,Dago,kelurahan,no,-6.889,107.61,Asia/Jakarta,"BMKG point: Dago, Coblong, Kota Bandung",04-10-2026,ECMWF,Open-Meteo / ECMWF,14:00,2026-10-04 14:00:00,27.8,57.0,1.0,6.6,0.0,1.676,Hujan Ringan,wmo:55
dago,"Dago, Bandung",2026-10-04,32.73.02.1004,Dago,kelurahan,no,-6.889,107.61,Asia/Jakarta,"BMKG point: Dago, Coblong, Kota Bandung",04-10-2026,ECMWF,Open-Meteo / ECMWF,15:00,2026-10-04 15:00:00,26.4,66.0,1.0,8.1,0.0,1.676,Hujan Ringan,wmo:55
dago,"Dago, Bandung",2026-10-04,32.73.02.1004,Dago,kelurahan,no,-6.889,107.61,Asia/Jakarta,"BMKG point: Dago, Coblong, Kota Bandung",04-10-2026,ECMWF,Open-Meteo / ECMWF,16:00,2026-10-04 16:00:00,25.1,73.0,1.0,10.5,0.0,1.676,Hujan Ringan,wmo:55
dago,"Dago, Bandung",2026-10-04,32.73.02.1004,Dago,kelurahan,no,-6.889,107.61,Asia/Jakarta,"BMKG point: Dago, Coblong, Kota Bandung",04-10-2026,ECMWF,Open-Meteo / ECMWF,17:00,2026-10-04 17:00:00,24.0,77.0,0.1,9.4,0.0,1.676,Hujan Ringan,wmo:51
dago,"Dago, Bandung",2026-10-04,32.73.02.1004,Dago,kelurahan,no,-6.889,107.61,Asia/Jakarta,"BMKG point: Dago, Coblong, Kota Bandung",04-10-2026,ECMWF,Open-Meteo / ECMWF,18:00,2026-10-04 18:00:00,23.2,79.0,0.1,7.6,0.0,1.676,Hujan Ringan,wmo:51
dago,"Dago, Bandung",2026-10-04,32.73.02.1004,Dago,kelurahan,no,-6.889,107.61,Asia/Jakarta,"BMKG point: Dago, Coblong, Kota Bandung",04-10-2026,ECMWF,Open-Meteo / ECMWF,19:00,2026-10-04 19:00:00,22.5,81.0,0.1,6.5,0.0,1.676,Hujan Ringan,wmo:51
dago,"Dago, Bandung",2026-10-04,32.73.02.1004,Dago,kelurahan,no,-6.889,107.61,Asia/Jakarta,"BMKG point: Dago, Coblong, Kota Bandung",04-10-2026,ECMWF,Open-Meteo / ECMWF,20:00,2026-10-04 20:00:00,22.2,82.0,0.0,5.8,0.0,1.676,Cerah Berawan,wmo:2
dago,"Dago, Bandung",2026-10-04,32.73.02.1004,Dago,kelurahan,no,-6.889,107.61,Asia/Jakarta,"BMKG point: Dago, Coblong, Kota Bandung",04-10-2026,ECMWF,Open-Meteo / ECMWF,21:00,2026-10-04 21:00:00,22.1,82.0,0.0,5.1,0.0,1.676,Cerah Berawan,wmo:2
dago,"Dago, Bandung",2026-10-04,32.73.02.1004,Dago,kelurahan,no,-6.889,107.61,Asia/Jakarta,"BMKG point: Dago, Coblong, Kota Bandung",04-10-2026,ECMWF,Open-Meteo / ECMWF,22:00,2026-10-04 22:00:00,21.9,82.0,0.0,4.0,0.0,1.676,Cerah Berawan,wmo:1
dago,"Dago, Bandung",2026-10-04,32.73.02.1004,Dago,kelurahan,no,-6.889,107.61,Asia/Jakarta,"BMKG point: Dago, Coblong, Kota Bandung",04-10-2026,ECMWF,Open-Meteo / ECMWF,23:00,2026-10-04 23:00:00,21.5,83.0,0.0,2.7,0.0,1.676,Cerah Berawan,wmo:1
dago,"Dago, Bandung",2026-10-04,32.73.02.1004,Dago,kelurahan,no,-6.889,107.61,Asia/Jakarta,"BMKG point: Dago, Coblong, Kota Bandung",04-10-2026,GFS,Open-Meteo / NOAA GFS,00:00,2026-10-04 00:00:00,21.5,84.0,0.0,3.1,0.0,1.3588,Berawan,wmo:3
dago,"Dago, Bandung",2026-10-04,32.73.02.1004,Dago,kelurahan,no,-6.889,107.61,Asia/Jakarta,"BMKG point: Dago, Coblong, Kota Bandung",04-10-2026,GFS,Open-Meteo / NOAA GFS,01:00,2026-10-04 01:00:00,21.3,85.0,0.0,3.1,0.0,1.3588,Berawan,wmo:3
dago,"Dago, Bandung",2026-10-04,32.73.02.1004,Dago,kelurahan,no,-6.889,107.61,Asia/Jakarta,"BMKG point: Dago, Coblong, Kota Bandung",04-10-2026,GFS,Open-Meteo / NOAA GFS,02:00,2026-10-04 02:00:00,21.0,86.0,0.0,4.1,0.0,1.3588,Berawan,wmo:3
dago,"Dago, Bandung",2026-10-04,32.73.02.1004,Dago,kelurahan,no,-6.889,107.61,Asia/Jakarta,"BMKG point: Dago, Coblong, Kota Bandung",04-10-2026,GFS,Open-Meteo / NOAA GFS,03:00,2026-10-04 03:00:00,20.6,87.0,0.0,5.1,0.0,1.3588,Berawan,wmo:3
dago,"Dago, Bandung",2026-10-04,32.73.02.1004,Dago,kelurahan,no,-6.889,107.61,Asia/Jakarta,"BMKG point: Dago, Coblong, Kota Bandung",04-10-2026,GFS,Open-Meteo / NOAA GFS,04:00,2026-10-04 04:00:00,20.0,88.0,0.0,6.6,0.0,1.3588,Berawan,wmo:3
dago,"Dago, Bandung",2026-10-04,32.73.02.1004,Dago,kelurahan,no,-6.889,107.61,Asia/Jakarta,"BMKG point: Dago, Coblong, Kota Bandung",04-10-2026,GFS,Open-Meteo / NOAA GFS,05:00,2026-10-04 05:00:00,19.4,89.0,0.0,7.7,0.0,1.3588,Berawan,wmo:3
dago,"Dago, Bandung",2026-10-04,32.73.02.1004,Dago,kelurahan,no,-6.889,107.61,Asia/Jakarta,"BMKG point: Dago, Coblong, Kota Bandung",04-10-2026,GFS,Open-Meteo / NOAA GFS,06:00,2026-10-04 06:00:00,19.6,87.0,0.0,7.2,0.0,1.3588,Berawan,wmo:3
dago,"Dago, Bandung",2026-10-04,32.73.02.1004,Dago,kelurahan,no,-6.889,107.61,Asia/Jakarta,"BMKG point: Dago, Coblong, Kota Bandung",04-10-2026,GFS,Open-Meteo / NOAA GFS,07:00,2026-10-04 07:00:00,22.1,75.0,0.0,7.4,0.0,1.3588,Berawan,wmo:3
dago,"Dago, Bandung",2026-10-04,32.73.02.1004,Dago,kelurahan,no,-6.889,107.61,Asia/Jakarta,"BMKG point: Dago, Coblong, Kota Bandung",04-10-2026,GFS,Open-Meteo / NOAA GFS,08:00,2026-10-04 08:00:00,24.8,63.0,0.0,7.2,0.0,1.3588,Berawan,wmo:3
dago,"Dago, Bandung",2026-10-04,32.73.02.1004,Dago,kelurahan,no,-6.889,107.61,Asia/Jakarta,"BMKG point: Dago, Coblong, Kota Bandung",04-10-2026,GFS,Open-Meteo / NOAA GFS,09:00,2026-10-04 09:00:00,27.6,54.0,0.0,2.8,0.0,1.3588,Berawan,wmo:3
dago,"Dago, Bandung",2026-10-04,32.73.02.1004,Dago,kelurahan,no,-6.889,107.61,Asia/Jakarta,"BMKG point: Dago, Coblong, Kota Bandung",04-10-2026,GFS,Open-Meteo / NOAA GFS,10:00,2026-10-04 10:00:00,29.6,48.0,0.0,1.8,0.0,1.3588,Cerah Berawan,wmo:1
dago,"Dago, Bandung",2026-10-04,32.73.02.1004,Dago,kelurahan,no,-6.889,107.61,Asia/Jakarta,"BMKG point: Dago, Coblong, Kota Bandung",04-10-2026,GFS,Open-Meteo / NOAA GFS,11:00,2026-10-04 11:00:00,30.9,43.0,0.0,6.0,0.0,1.3588,Berawan,wmo:3
dago,"Dago, Bandung",2026-10-04,32.73.02.1004,Dago,kelurahan,no,-6.889,107.61,Asia/Jakarta,"BMKG point: Dago, Coblong, Kota Bandung",04-10-2026,GFS,Open-Meteo / NOAA GFS,12:00,2026-10-04 12:00:00,31.7,40.0,0.0,10.9,0.0,1.3588,Berawan,wmo:3
dago,"Dago, Bandung",2026-10-04,32.73.02.1004,Dago,kelurahan,no,-6.889,107.61,Asia/Jakarta,"BMKG point: Dago, Coblong, Kota Bandung",04-10-2026,GFS,Open-Meteo / NOAA GFS,13:00,2026-10-04 13:00:00,29.8,46.0,0.0,19.8,0.0,1.3588,Berawan,wmo:3
dago,"Dago, Bandung",2026-10-04,32.73.02.1004,Dago,kelurahan,no,-6.889,107.61,Asia/Jakarta,"BMKG point: Dago, Coblong, Kota Bandung",04-10-2026,GFS,Open-Meteo / NOAA GFS,14:00,2026-10-04 14:00:00,27.5,55.0,0.0,10.4,0.0,1.3588,Berawan,wmo:3
dago,"Dago, Bandung",2026-10-04,32.73.02.1004,Dago,kelurahan,no,-6.889,107.61,Asia/Jakarta,"BMKG point: Dago, Coblong, Kota Bandung",04-10-2026,GFS,Open-Meteo / NOAA GFS,15:00,2026-10-04 15:00:00,25.8,65.0,0.0,12.3,0.0,1.3588,Berawan,wmo:3
dago,"Dago, Bandung",2026-10-04,32.73.02.1004,Dago,kelurahan,no,-6.889,107.61,Asia/Jakarta,"BMKG point: Dago, Coblong, Kota Bandung",04-10-2026,GFS,Open-Meteo / NOAA GFS,16:00,2026-10-04 16:00:00,23.7,77.0,0.3,12.1,0.0,1.3588,Hujan Ringan,wmo:51
dago,"Dago, Bandung",2026-10-04,32.73.02.1004,Dago,kelurahan,no,-6.889,107.61,Asia/Jakarta,"BMKG point: Dago, Coblong, Kota Bandung",04-10-2026,GFS,Open-Meteo / NOAA GFS,17:00,2026-10-04 17:00:00,22.2,86.0,0.5,9.2,0.0,1.3588,Hujan Ringan,wmo:53
dago,"Dago, Bandung",2026-10-04,32.73.02.1004,Dago,kelurahan,no,-6.889,107.61,Asia/Jakarta,"BMKG point: Dago, Coblong, Kota Bandung",04-10-2026,GFS,Open-Meteo / NOAA GFS,18:00,2026-10-04 18:00:00,22.0,88.0,0.5,4.1,0.0,1.3588,Hujan Ringan,wmo:53
dago,"Dago, Bandung",2026-10-04,32.73.02.1004,Dago,kelurahan,no,-6.889,107.61,Asia/Jakarta,"BMKG point: Dago, Coblong, Kota Bandung",04-10-2026,GFS,Open-Meteo / NOAA GFS,19:00,2026-10-04 19:00:00,21.9,90.0,2.2,3.4,0.0,1.3588,Hujan Ringan,wmo:80
dago,"Dago, Bandung",2026-10-04,32.73.02.1004,Dago,kelurahan,no,-6.889,107.61,Asia/Jakarta,"BMKG point: Dago, Coblong, Kota Bandung",04-10-2026,GFS,Open-Meteo / NOAA GFS,20:00,2026-10-04 20:00:00,21.8,92.0,3.2,1.9,0.0,1.3588,Hujan Sedang,wmo:81
dago,"Dago, Bandung",2026-10-04,32.73.02.1004,Dago,kelurahan,no,-6.889,107.61,Asia/Jakarta,"BMKG point: Dago, Coblong, Kota Bandung",04-10-2026,GFS,Open-Meteo / NOAA GFS,21:00,2026-10-04 21:00:00,21.7,93.0,2.5,4.7,0.0,1.3588,Hujan Sedang,wmo:81
dago,"Dago, Bandung",2026-10-04,32.73.02.1004,Dago,kelurahan,no,-6.889,107.61,Asia/Jakarta,"BMKG point: Dago, Coblong, Kota Bandung",04-10-2026,GFS,Open-Meteo / NOAA GFS,22:00,2026-10-04 22:00:00,21.5,94.0,2.4,6.6,0.0,1.3588,Hujan Ringan,wmo:80
dago,"Dago, Bandung",2026-10-04,32.73.02.1004,Dago,kelurahan,no,-6.889,107.61,Asia/Jakarta,"BMKG point: Dago, Coblong, Kota Bandung",04-10-2026,GFS,Open-Meteo / NOAA GFS,23:00,2026-10-04 23:00:00,21.4,94.0,1.2,6.2,0.0,1.3588,Hujan Ringan,wmo:55
dago,"Dago, Bandung",2026-10-04,32.73.02.1004,Dago,kelurahan,no,-6.889,107.61,Asia/Jakarta,"BMKG point: Dago, Coblong, Kota Bandung",04-10-2026,ICON,Open-Meteo / DWD ICON,00:00,2026-10-04 00:00:00,21.4,84.0,0.0,2.9,0.0,1.4267,Cerah Berawan,wmo:2
dago,"Dago, Bandung",2026-10-04,32.73.02.1004,Dago,kelurahan,no,-6.889,107.61,Asia/Jakarta,"BMKG point: Dago, Coblong, Kota Bandung",04-10-2026,ICON,Open-Meteo / DWD ICON,01:00,2026-10-04 01:00:00,21.2,88.0,0.0,3.0,0.0,1.4267,Cerah Berawan,wmo:2
dago,"Dago, Bandung",2026-10-04,32.73.02.1004,Dago,kelurahan,no,-6.889,107.61,Asia/Jakarta,"BMKG point: Dago, Coblong, Kota Bandung",04-10-2026,ICON,Open-Meteo / DWD ICON,02:00,2026-10-04 02:00:00,21.0,87.0,0.0,2.9,0.0,1.4267,Cerah Berawan,wmo:1
dago,"Dago, Bandung",2026-10-04,32.73.02.1004,Dago,kelurahan,no,-6.889,107.61,Asia/Jakarta,"BMKG point: Dago, Coblong, Kota Bandung",04-10-2026,ICON,Open-Meteo / DWD ICON,03:00,2026-10-04 03:00:00,20.8,86.0,0.0,2.9,0.0,1.4267,Cerah,wmo:0
dago,"Dago, Bandung",2026-10-04,32.73.02.1004,Dago,kelurahan,no,-6.889,107.61,Asia/Jakarta,"BMKG point: Dago, Coblong, Kota Bandung",04-10-2026,ICON,Open-Meteo / DWD ICON,04:00,2026-10-04 04:00:00,20.2,88.0,0.0,3.1,0.0,1.4267,Cerah Berawan,wmo:1
dago,"Dago, Bandung",2026-10-04,32.73.02.1004,Dago,kelurahan,no,-6.889,107.61,Asia/Jakarta,"BMKG point: Dago, Coblong, Kota Bandung",04-10-2026,ICON,Open-Meteo / DWD ICON,05:00,2026-10-04 05:00:00,19.7,90.0,0.0,3.4,0.0,1.4267,Cerah Berawan,wmo:1
dago,"Dago, Bandung",2026-10-04,32.73.02.1004,Dago,kelurahan,no,-6.889,107.61,Asia/Jakarta,"BMKG point: Dago, Coblong, Kota Bandung",04-10-2026,ICON,Open-Meteo / DWD ICON,06:00,2026-10-04 06:00:00,19.5,91.0,0.0,3.5,0.0,1.4267,Cerah Berawan,wmo:2
dago,"Dago, Bandung",2026-10-04,32.73.02.1004,Dago,kelurahan,no,-6.889,107.61,Asia/Jakarta,"BMKG point: Dago, Coblong, Kota Bandung",04-10-2026,ICON,Open-Meteo / DWD ICON,07:00,2026-10-04 07:00:00,21.2,83.0,0.0,3.3,0.0,1.4267,Berawan,wmo:3
dago,"Dago, Bandung",2026-10-04,32.73.02.1004,Dago,kelurahan,no,-6.889,107.61,Asia/Jakarta,"BMKG point: Dago, Coblong, Kota Bandung",04-10-2026,ICON,Open-Meteo / DWD ICON,08:00,2026-10-04 08:00:00,23.9,69.0,0.0,6.6,0.0,1.4267,Berawan,wmo:3
dago,"Dago, Bandung",2026-10-04,32.73.02.1004,Dago,kelurahan,no,-6.889,107.61,Asia/Jakarta,"BMKG point: Dago, Coblong, Kota Bandung",04-10-2026,ICON,Open-Meteo / DWD ICON,09:00,2026-10-04 09:00:00,26.5,59.0,0.0,6.9,0.0,1.4267,Berawan,wmo:3
dago,"Dago, Bandung",2026-10-04,32.73.02.1004,Dago,kelurahan,no,-6.889,107.61,Asia/Jakarta,"BMKG point: Dago, Coblong, Kota Bandung",04-10-2026,ICON,Open-Meteo / DWD ICON,10:00,2026-10-04 10:00:00,28.3,50.0,0.0,6.9,0.0,1.4267,Berawan,wmo:3
dago,"Dago, Bandung",2026-10-04,32.73.02.1004,Dago,kelurahan,no,-6.889,107.61,Asia/Jakarta,"BMKG point: Dago, Coblong, Kota Bandung",04-10-2026,ICON,Open-Meteo / DWD ICON,11:00,2026-10-04 11:00:00,29.7,45.0,0.0,5.5,0.0,1.4267,Berawan,wmo:3
dago,"Dago, Bandung",2026-10-04,32.73.02.1004,Dago,kelurahan,no,-6.889,107.61,Asia/Jakarta,"BMKG point: Dago, Coblong, Kota Bandung",04-10-2026,ICON,Open-Meteo / DWD ICON,12:00,2026-10-04 12:00:00,30.5,41.0,0.0,3.1,0.0,1.4267,Berawan,wmo:3
dago,"Dago, Bandung",2026-10-04,32.73.02.1004,Dago,kelurahan,no,-6.889,107.61,Asia/Jakarta,"BMKG point: Dago, Coblong, Kota Bandung",04-10-2026,ICON,Open-Meteo / DWD ICON,13:00,2026-10-04 13:00:00,30.9,40.0,0.0,1.9,0.0,1.4267,Berawan,wmo:3
dago,"Dago, Bandung",2026-10-04,32.73.02.1004,Dago,kelurahan,no,-6.889,107.61,Asia/Jakarta,"BMKG point: Dago, Coblong, Kota Bandung",04-10-2026,ICON,Open-Meteo / DWD ICON,14:00,2026-10-04 14:00:00,30.7,40.0,0.0,6.6,0.0,1.4267,Berawan,wmo:3
dago,"Dago, Bandung",2026-10-04,32.73.02.1004,Dago,kelurahan,no,-6.889,107.61,Asia/Jakarta,"BMKG point: Dago, Coblong, Kota Bandung",04-10-2026,ICON,Open-Meteo / DWD ICON,15:00,2026-10-04 15:00:00,30.4,42.0,0.0,7.6,0.0,1.4267,Berawan,wmo:3
dago,"Dago, Bandung",2026-10-04,32.73.02.1004,Dago,kelurahan,no,-6.889,107.61,Asia/Jakarta,"BMKG point: Dago, Coblong, Kota Bandung",04-10-2026,ICON,Open-Meteo / DWD ICON,16:00,2026-10-04 16:00:00,29.8,45.0,0.0,7.0,0.0,1.4267,Berawan,wmo:3
dago,"Dago, Bandung",2026-10-04,32.73.02.1004,Dago,kelurahan,no,-6.889,107.61,Asia/Jakarta,"BMKG point: Dago, Coblong, Kota Bandung",04-10-2026,ICON,Open-Meteo / DWD ICON,17:00,2026-10-04 17:00:00,28.9,48.0,0.0,7.5,0.0,1.4267,Berawan,wmo:3
dago,"Dago, Bandung",2026-10-04,32.73.02.1004,Dago,kelurahan,no,-6.889,107.61,Asia/Jakarta,"BMKG point: Dago, Coblong, Kota Bandung",04-10-2026,ICON,Open-Meteo / DWD ICON,18:00,2026-10-04 18:00:00,27.5,55.0,0.0,5.9,0.0,1.4267,Berawan,wmo:3
dago,"Dago, Bandung",2026-10-04,32.73.02.1004,Dago,kelurahan,no,-6.889,107.61,Asia/Jakarta,"BMKG point: Dago, Coblong, Kota Bandung",04-10-2026,ICON,Open-Meteo / DWD ICON,19:00,2026-10-04 19:00:00,26.3,59.0,0.0,7.2,0.0,1.4267,Berawan,wmo:3
dago,"Dago, Bandung",2026-10-04,32.73.02.1004,Dago,kelurahan,no,-6.889,107.61,Asia/Jakarta,"BMKG point: Dago, Coblong, Kota Bandung",04-10-2026,ICON,Open-Meteo / DWD ICON,20:00,2026-10-04 20:00:00,25.3,63.0,0.0,6.3,0.0,1.4267,Berawan,wmo:3
dago,"Dago, Bandung",2026-10-04,32.73.02.1004,Dago,kelurahan,no,-6.889,107.61,Asia/Jakarta,"BMKG point: Dago, Coblong, Kota Bandung",04-10-2026,ICON,Open-Meteo / DWD ICON,21:00,2026-10-04 21:00:00,24.6,67.0,0.0,4.5,0.0,1.4267,Berawan,wmo:3
dago,"Dago, Bandung",2026-10-04,32.73.02.1004,Dago,kelurahan,no,-6.889,107.61,Asia/Jakarta,"BMKG point: Dago, Coblong, Kota Bandung",04-10-2026,ICON,Open-Meteo / DWD ICON,22:00,2026-10-04 22:00:00,24.0,69.0,0.0,3.8,0.0,1.4267,Berawan,wmo:3
dago,"Dago, Bandung",2026-10-04,32.73.02.1004,Dago,kelurahan,no,-6.889,107.61,Asia/Jakarta,"BMKG point: Dago, Coblong, Kota Bandung",04-10-2026,ICON,Open-Meteo / DWD ICON,23:00,2026-10-04 23:00:00,23.2,70.0,0.0,3.7,0.0,1.4267,Berawan,wmo:3
dago,"Dago, Bandung",2026-10-04,32.73.02.1004,Dago,kelurahan,no,-6.889,107.61,Asia/Jakarta,"BMKG point: Dago, Coblong, Kota Bandung",04-10-2026,KMA,Open-Meteo / KMA,00:00,2026-10-04 00:00:00,,,,,0.0,0.5241,Berawan,wmo:None
dago,"Dago, Bandung",2026-10-04,32.73.02.1004,Dago,kelurahan,no,-6.889,107.61,Asia/Jakarta,"BMKG point: Dago, Coblong, Kota Bandung",04-10-2026,KMA,Open-Meteo / KMA,01:00,2026-10-04 01:00:00,,,,,0.0,0.5241,Berawan,wmo:None
dago,"Dago, Bandung",2026-10-04,32.73.02.1004,Dago,kelurahan,no,-6.889,107.61,Asia/Jakarta,"BMKG point: Dago, Coblong, Kota Bandung",04-10-2026,KMA,Open-Meteo / KMA,02:00,2026-10-04 02:00:00,,,,,0.0,0.5241,Berawan,wmo:None
dago,"Dago, Bandung",2026-10-04,32.73.02.1004,Dago,kelurahan,no,-6.889,107.61,Asia/Jakarta,"BMKG point: Dago, Coblong, Kota Bandung",04-10-2026,KMA,Open-Meteo / KMA,03:00,2026-10-04 03:00:00,,,,,0.0,0.5241,Berawan,wmo:None
dago,"Dago, Bandung",2026-10-04,32.73.02.1004,Dago,kelurahan,no,-6.889,107.61,Asia/Jakarta,"BMKG point: Dago, Coblong, Kota Bandung",04-10-2026,KMA,Open-Meteo / KMA,04:00,2026-10-04 04:00:00,,,,,0.0,0.5241,Berawan,wmo:None
dago,"Dago, Bandung",2026-10-04,32.73.02.1004,Dago,kelurahan,no,-6.889,107.61,Asia/Jakarta,"BMKG point: Dago, Coblong, Kota Bandung",04-10-2026,KMA,Open-Meteo / KMA,05:00,2026-10-04 05:00:00,,,,,0.0,0.5241,Berawan,wmo:None
dago,"Dago, Bandung",2026-10-04,32.73.02.1004,Dago,kelurahan,no,-6.889,107.61,Asia/Jakarta,"BMKG point: Dago, Coblong, Kota Bandung",04-10-2026,KMA,Open-Meteo / KMA,06:00,2026-10-04 06:00:00,,,,,0.0,0.5241,Berawan,wmo:None
dago,"Dago, Bandung",2026-10-04,32.73.02.1004,Dago,kelurahan,no,-6.889,107.61,Asia/Jakarta,"BMKG point: Dago, Coblong, Kota Bandung",04-10-2026,KMA,Open-Meteo / KMA,07:00,2026-10-04 07:00:00,,,,,0.0,0.5241,Berawan,wmo:None
dago,"Dago, Bandung",2026-10-04,32.73.02.1004,Dago,kelurahan,no,-6.889,107.61,Asia/Jakarta,"BMKG point: Dago, Coblong, Kota Bandung",04-10-2026,KMA,Open-Meteo / KMA,08:00,2026-10-04 08:00:00,,,,,0.0,0.5241,Berawan,wmo:None
dago,"Dago, Bandung",2026-10-04,32.73.02.1004,Dago,kelurahan,no,-6.889,107.61,Asia/Jakarta,"BMKG point: Dago, Coblong, Kota Bandung",04-10-2026,KMA,Open-Meteo / KMA,09:00,2026-10-04 09:00:00,,,,,0.0,0.5241,Berawan,wmo:None
dago,"Dago, Bandung",2026-10-04,32.73.02.1004,Dago,kelurahan,no,-6.889,107.61,Asia/Jakarta,"BMKG point: Dago, Coblong, Kota Bandung",04-10-2026,KMA,Open-Meteo / KMA,10:00,2026-10-04 10:00:00,,,,,0.0,0.5241,Berawan,wmo:None
dago,"Dago, Bandung",2026-10-04,32.73.02.1004,Dago,kelurahan,no,-6.889,107.61,Asia/Jakarta,"BMKG point: Dago, Coblong, Kota Bandung",04-10-2026,KMA,Open-Meteo / KMA,11:00,2026-10-04 11:00:00,,,,,0.0,0.5241,Berawan,wmo:None
dago,"Dago, Bandung",2026-10-04,32.73.02.1004,Dago,kelurahan,no,-6.889,107.61,Asia/Jakarta,"BMKG point: Dago, Coblong, Kota Bandung",04-10-2026,KMA,Open-Meteo / KMA,12:00,2026-10-04 12:00:00,,,,,0.0,0.5241,Berawan,wmo:None
dago,"Dago, Bandung",2026-10-04,32.73.02.1004,Dago,kelurahan,no,-6.889,107.61,Asia/Jakarta,"BMKG point: Dago, Coblong, Kota Bandung",04-10-2026,KMA,Open-Meteo / KMA,13:00,2026-10-04 13:00:00,,,,,0.0,0.5241,Berawan,wmo:None
dago,"Dago, Bandung",2026-10-04,32.73.02.1004,Dago,kelurahan,no,-6.889,107.61,Asia/Jakarta,"BMKG point: Dago, Coblong, Kota Bandung",04-10-2026,KMA,Open-Meteo / KMA,14:00,2026-10-04 14:00:00,,,,,0.0,0.5241,Berawan,wmo:None
dago,"Dago, Bandung",2026-10-04,32.73.02.1004,Dago,kelurahan,no,-6.889,107.61,Asia/Jakarta,"BMKG point: Dago, Coblong, Kota Bandung",04-10-2026,KMA,Open-Meteo / KMA,15:00,2026-10-04 15:00:00,,,,,0.0,0.5241,Berawan,wmo:None
dago,"Dago, Bandung",2026-10-04,32.73.02.1004,Dago,kelurahan,no,-6.889,107.61,Asia/Jakarta,"BMKG point: Dago, Coblong, Kota Bandung",04-10-2026,KMA,Open-Meteo / KMA,16:00,2026-10-04 16:00:00,,,,,0.0,0.5241,Berawan,wmo:None
dago,"Dago, Bandung",2026-10-04,32.73.02.1004,Dago,kelurahan,no,-6.889,107.61,Asia/Jakarta,"BMKG point: Dago, Coblong, Kota Bandung",04-10-2026,KMA,Open-Meteo / KMA,17:00,2026-10-04 17:00:00,,,,,0.0,0.5241,Berawan,wmo:None
dago,"Dago, Bandung",2026-10-04,32.73.02.1004,Dago,kelurahan,no,-6.889,107.61,Asia/Jakarta,"BMKG point: Dago, Coblong, Kota Bandung",04-10-2026,KMA,Open-Meteo / KMA,18:00,2026-10-04 18:00:00,,,,,0.0,0.5241,Berawan,wmo:None
dago,"Dago, Bandung",2026-10-04,32.73.02.1004,Dago,kelurahan,no,-6.889,107.61,Asia/Jakarta,"BMKG point: Dago, Coblong, Kota Bandung",04-10-2026,KMA,Open-Meteo / KMA,19:00,2026-10-04 19:00:00,,,,,0.0,0.5241,Berawan,wmo:None
dago,"Dago, Bandung",2026-10-04,32.73.02.1004,Dago,kelurahan,no,-6.889,107.61,Asia/Jakarta,"BMKG point: Dago, Coblong, Kota Bandung",04-10-2026,KMA,Open-Meteo / KMA,20:00,2026-10-04 20:00:00,,,,,0.0,0.5241,Berawan,wmo:None
dago,"Dago, Bandung",2026-10-04,32.73.02.1004,Dago,kelurahan,no,-6.889,107.61,Asia/Jakarta,"BMKG point: Dago, Coblong, Kota Bandung",04-10-2026,KMA,Open-Meteo / KMA,21:00,2026-10-04 21:00:00,,,,,0.0,0.5241,Berawan,wmo:None
dago,"Dago, Bandung",2026-10-04,32.73.02.1004,Dago,kelurahan,no,-6.889,107.61,Asia/Jakarta,"BMKG point: Dago, Coblong, Kota Bandung",04-10-2026,KMA,Open-Meteo / KMA,22:00,2026-10-04 22:00:00,,,,,0.0,0.5241,Berawan,wmo:None
dago,"Dago, Bandung",2026-10-04,32.73.02.1004,Dago,kelurahan,no,-6.889,107.61,Asia/Jakarta,"BMKG point: Dago, Coblong, Kota Bandung",04-10-2026,KMA,Open-Meteo / KMA,23:00,2026-10-04 23:00:00,,,,,0.0,0.5241,Berawan,wmo:None
dago,"Dago, Bandung",2026-10-04,32.73.02.1004,Dago,kelurahan,no,-6.889,107.61,Asia/Jakarta,"BMKG point: Dago, Coblong, Kota Bandung",04-10-2026,METEOFRANCE,Open-Meteo / Meteo-France,00:00,2026-10-04 00:00:00,25.0,58.0,0.0,1.1,0.0,1.4178,Cerah Berawan,wmo:2
dago,"Dago, Bandung",2026-10-04,32.73.02.1004,Dago,kelurahan,no,-6.889,107.61,Asia/Jakarta,"BMKG point: Dago, Coblong, Kota Bandung",04-10-2026,METEOFRANCE,Open-Meteo / Meteo-France,01:00,2026-10-04 01:00:00,24.5,61.0,0.0,1.9,0.0,1.4178,Cerah Berawan,wmo:2
dago,"Dago, Bandung",2026-10-04,32.73.02.1004,Dago,kelurahan,no,-6.889,107.61,Asia/Jakarta,"BMKG point: Dago, Coblong, Kota Bandung",04-10-2026,METEOFRANCE,Open-Meteo / Meteo-France,02:00,2026-10-04 02:00:00,24.0,65.0,0.0,2.9,0.0,1.4178,Berawan,wmo:3
dago,"Dago, Bandung",2026-10-04,32.73.02.1004,Dago,kelurahan,no,-6.889,107.61,Asia/Jakarta,"BMKG point: Dago, Coblong, Kota Bandung",04-10-2026,METEOFRANCE,Open-Meteo / Meteo-France,03:00,2026-10-04 03:00:00,23.7,69.0,0.0,3.4,0.0,1.4178,Berawan,wmo:3
dago,"Dago, Bandung",2026-10-04,32.73.02.1004,Dago,kelurahan,no,-6.889,107.61,Asia/Jakarta,"BMKG point: Dago, Coblong, Kota Bandung",04-10-2026,METEOFRANCE,Open-Meteo / Meteo-France,04:00,2026-10-04 04:00:00,23.5,73.0,0.0,3.6,0.0,1.4178,Berawan,wmo:3
dago,"Dago, Bandung",2026-10-04,32.73.02.1004,Dago,kelurahan,no,-6.889,107.61,Asia/Jakarta,"BMKG point: Dago, Coblong, Kota Bandung",04-10-2026,METEOFRANCE,Open-Meteo / Meteo-France,05:00,2026-10-04 05:00:00,23.4,78.0,0.0,4.4,0.0,1.4178,Berawan,wmo:3
dago,"Dago, Bandung",2026-10-04,32.73.02.1004,Dago,kelurahan,no,-6.889,107.61,Asia/Jakarta,"BMKG point: Dago, Coblong, Kota Bandung",04-10-2026,METEOFRANCE,Open-Meteo / Meteo-France,06:00,2026-10-04 06:00:00,23.4,84.0,0.0,4.9,0.0,1.4178,Berawan,wmo:3
dago,"Dago, Bandung",2026-10-04,32.73.02.1004,Dago,kelurahan,no,-6.889,107.61,Asia/Jakarta,"BMKG point: Dago, Coblong, Kota Bandung",04-10-2026,METEOFRANCE,Open-Meteo / Meteo-France,07:00,2026-10-04 07:00:00,25.0,80.0,0.0,4.1,0.0,1.4178,Berawan,wmo:3
dago,"Dago, Bandung",2026-10-04,32.73.02.1004,Dago,kelurahan,no,-6.889,107.61,Asia/Jakarta,"BMKG point: Dago, Coblong, Kota Bandung",04-10-2026,METEOFRANCE,Open-Meteo / Meteo-France,08:00,2026-10-04 08:00:00,27.4,68.0,0.0,3.6,0.0,1.4178,Berawan,wmo:3
dago,"Dago, Bandung",2026-10-04,32.73.02.1004,Dago,kelurahan,no,-6.889,107.61,Asia/Jakarta,"BMKG point: Dago, Coblong, Kota Bandung",04-10-2026,METEOFRANCE,Open-Meteo / Meteo-France,09:00,2026-10-04 09:00:00,29.3,61.0,0.0,3.8,0.0,1.4178,Berawan,wmo:3
dago,"Dago, Bandung",2026-10-04,32.73.02.1004,Dago,kelurahan,no,-6.889,107.61,Asia/Jakarta,"BMKG point: Dago, Coblong, Kota Bandung",04-10-2026,METEOFRANCE,Open-Meteo / Meteo-France,10:00,2026-10-04 10:00:00,31.1,56.0,0.0,5.9,0.0,1.4178,Berawan,wmo:3
dago,"Dago, Bandung",2026-10-04,32.73.02.1004,Dago,kelurahan,no,-6.889,107.61,Asia/Jakarta,"BMKG point: Dago, Coblong, Kota Bandung",04-10-2026,METEOFRANCE,Open-Meteo / Meteo-France,11:00,2026-10-04 11:00:00,32.5,52.0,0.0,8.0,0.0,1.4178,Berawan,wmo:3
dago,"Dago, Bandung",2026-10-04,32.73.02.1004,Dago,kelurahan,no,-6.889,107.61,Asia/Jakarta,"BMKG point: Dago, Coblong, Kota Bandung",04-10-2026,METEOFRANCE,Open-Meteo / Meteo-France,12:00,2026-10-04 12:00:00,33.4,50.0,0.0,10.1,0.0,1.4178,Berawan,wmo:3
dago,"Dago, Bandung",2026-10-04,32.73.02.1004,Dago,kelurahan,no,-6.889,107.61,Asia/Jakarta,"BMKG point: Dago, Coblong, Kota Bandung",04-10-2026,METEOFRANCE,Open-Meteo / Meteo-France,13:00,2026-10-04 13:00:00,33.6,49.0,0.0,11.6,0.0,1.4178,Berawan,wmo:3
dago,"Dago, Bandung",2026-10-04,32.73.02.1004,Dago,kelurahan,no,-6.889,107.61,Asia/Jakarta,"BMKG point: Dago, Coblong, Kota Bandung",04-10-2026,METEOFRANCE,Open-Meteo / Meteo-France,14:00,2026-10-04 14:00:00,32.9,50.0,0.0,11.7,0.0,1.4178,Berawan,wmo:3
dago,"Dago, Bandung",2026-10-04,32.73.02.1004,Dago,kelurahan,no,-6.889,107.61,Asia/Jakarta,"BMKG point: Dago, Coblong, Kota Bandung",04-10-2026,METEOFRANCE,Open-Meteo / Meteo-France,15:00,2026-10-04 15:00:00,32.3,53.0,0.0,11.6,0.0,1.4178,Berawan,wmo:3
dago,"Dago, Bandung",2026-10-04,32.73.02.1004,Dago,kelurahan,no,-6.889,107.61,Asia/Jakarta,"BMKG point: Dago, Coblong, Kota Bandung",04-10-2026,METEOFRANCE,Open-Meteo / Meteo-France,16:00,2026-10-04 16:00:00,31.3,57.0,0.0,11.3,0.0,1.4178,Berawan,wmo:3
dago,"Dago, Bandung",2026-10-04,32.73.02.1004,Dago,kelurahan,no,-6.889,107.61,Asia/Jakarta,"BMKG point: Dago, Coblong, Kota Bandung",04-10-2026,METEOFRANCE,Open-Meteo / Meteo-France,17:00,2026-10-04 17:00:00,30.0,64.0,0.0,9.9,0.0,1.4178,Berawan,wmo:3
dago,"Dago, Bandung",2026-10-04,32.73.02.1004,Dago,kelurahan,no,-6.889,107.61,Asia/Jakarta,"BMKG point: Dago, Coblong, Kota Bandung",04-10-2026,METEOFRANCE,Open-Meteo / Meteo-France,18:00,2026-10-04 18:00:00,28.8,72.0,0.0,8.7,0.0,1.4178,Berawan,wmo:3
dago,"Dago, Bandung",2026-10-04,32.73.02.1004,Dago,kelurahan,no,-6.889,107.61,Asia/Jakarta,"BMKG point: Dago, Coblong, Kota Bandung",04-10-2026,METEOFRANCE,Open-Meteo / Meteo-France,19:00,2026-10-04 19:00:00,27.7,80.0,0.0,7.2,0.0,1.4178,Berawan,wmo:3
dago,"Dago, Bandung",2026-10-04,32.73.02.1004,Dago,kelurahan,no,-6.889,107.61,Asia/Jakarta,"BMKG point: Dago, Coblong, Kota Bandung",04-10-2026,METEOFRANCE,Open-Meteo / Meteo-France,20:00,2026-10-04 20:00:00,27.0,85.0,0.3,5.6,0.0,1.4178,Hujan Ringan,wmo:51
dago,"Dago, Bandung",2026-10-04,32.73.02.1004,Dago,kelurahan,no,-6.889,107.61,Asia/Jakarta,"BMKG point: Dago, Coblong, Kota Bandung",04-10-2026,METEOFRANCE,Open-Meteo / Meteo-France,21:00,2026-10-04 21:00:00,26.5,90.0,0.2,5.2,0.0,1.4178,Hujan Ringan,wmo:51
dago,"Dago, Bandung",2026-10-04,32.73.02.1004,Dago,kelurahan,no,-6.889,107.61,Asia/Jakarta,"BMKG point: Dago, Coblong, Kota Bandung",04-10-2026,METEOFRANCE,Open-Meteo / Meteo-France,22:00,2026-10-04 22:00:00,26.1,93.0,0.2,4.1,0.0,1.4178,Hujan Ringan,wmo:51
dago,"Dago, Bandung",2026-10-04,32.73.02.1004,Dago,kelurahan,no,-6.889,107.61,Asia/Jakarta,"BMKG point: Dago, Coblong, Kota Bandung",04-10-2026,METEOFRANCE,Open-Meteo / Meteo-France,23:00,2026-10-04 23:00:00,25.8,96.0,0.2,3.6,0.0,1.4178,Hujan Ringan,wmo:51
dago,"Dago, Bandung",2026-10-04,32.73.02.1004,Dago,kelurahan,no,-6.889,107.61,Asia/Jakarta,"BMKG point: Dago, Coblong, Kota Bandung",04-10-2026,METNO,MET Norway,00:00,2026-10-04 00:00:00,21.5,77.7,0.0,6.12,0.0,1.2961,Cerah Berawan,fair_night
dago,"Dago, Bandung",2026-10-04,32.73.02.1004,Dago,kelurahan,no,-6.889,107.61,Asia/Jakarta,"BMKG point: Dago, Coblong, Kota Bandung",04-10-2026,METNO,MET Norway,01:00,2026-10-04 01:00:00,21.2,78.3,0.0,6.48,0.0,1.2961,Cerah Berawan,fair_night
dago,"Dago, Bandung",2026-10-04,32.73.02.1004,Dago,kelurahan,no,-6.889,107.61,Asia/Jakarta,"BMKG point: Dago, Coblong, Kota Bandung",04-10-2026,METNO,MET Norway,02:00,2026-10-04 02:00:00,20.9,78.2,0.0,6.84,0.0,1.2961,Cerah Berawan,fair_night
dago,"Dago, Bandung",2026-10-04,32.73.02.1004,Dago,kelurahan,no,-6.889,107.61,Asia/Jakarta,"BMKG point: Dago, Coblong, Kota Bandung",04-10-2026,METNO,MET Norway,03:00,2026-10-04 03:00:00,20.7,77.6,0.0,6.84,0.0,1.2961,Cerah Berawan,fair_night
dago,"Dago, Bandung",2026-10-04,32.73.02.1004,Dago,kelurahan,no,-6.889,107.61,Asia/Jakarta,"BMKG point: Dago, Coblong, Kota Bandung",04-10-2026,METNO,MET Norway,04:00,2026-10-04 04:00:00,20.4,77.1,0.0,6.48,0.0,1.2961,Cerah Berawan,partlycloudy_night
dago,"Dago, Bandung",2026-10-04,32.73.02.1004,Dago,kelurahan,no,-6.889,107.61,Asia/Jakarta,"BMKG point: Dago, Coblong, Kota Bandung",04-10-2026,METNO,MET Norway,05:00,2026-10-04 05:00:00,20.1,76.6,0.0,5.76,0.0,1.2961,Cerah Berawan,partlycloudy_night
dago,"Dago, Bandung",2026-10-04,32.73.02.1004,Dago,kelurahan,no,-6.889,107.61,Asia/Jakarta,"BMKG point: Dago, Coblong, Kota Bandung",04-10-2026,METNO,MET Norway,06:00,2026-10-04 06:00:00,20.0,76.8,0.0,6.48,0.0,1.2961,Cerah Berawan,partlycloudy_day
dago,"Dago, Bandung",2026-10-04,32.73.02.1004,Dago,kelurahan,no,-6.889,107.61,Asia/Jakarta,"BMKG point: Dago, Coblong, Kota Bandung",04-10-2026,METNO,MET Norway,07:00,2026-10-04 07:00:00,21.8,69.7,0.0,6.12,0.0,1.2961,Cerah Berawan,partlycloudy_day
dago,"Dago, Bandung",2026-10-04,32.73.02.1004,Dago,kelurahan,no,-6.889,107.61,Asia/Jakarta,"BMKG point: Dago, Coblong, Kota Bandung",04-10-2026,METNO,MET Norway,08:00,2026-10-04 08:00:00,24.1,61.2,0.0,5.76,0.0,1.2961,Cerah Berawan,partlycloudy_day
dago,"Dago, Bandung",2026-10-04,32.73.02.1004,Dago,kelurahan,no,-6.889,107.61,Asia/Jakarta,"BMKG point: Dago, Coblong, Kota Bandung",04-10-2026,METNO,MET Norway,09:00,2026-10-04 09:00:00,26.4,52.4,0.0,6.12,0.0,1.2961,Cerah Berawan,partlycloudy_day
dago,"Dago, Bandung",2026-10-04,32.73.02.1004,Dago,kelurahan,no,-6.889,107.61,Asia/Jakarta,"BMKG point: Dago, Coblong, Kota Bandung",04-10-2026,METNO,MET Norway,10:00,2026-10-04 10:00:00,28.3,46.5,0.1,6.84,0.0,1.2961,Hujan Ringan,lightrainshowers_day
dago,"Dago, Bandung",2026-10-04,32.73.02.1004,Dago,kelurahan,no,-6.889,107.61,Asia/Jakarta,"BMKG point: Dago, Coblong, Kota Bandung",04-10-2026,METNO,MET Norway,11:00,2026-10-04 11:00:00,29.0,44.2,0.4,6.48,0.0,1.2961,Hujan Ringan,rainshowers_day
dago,"Dago, Bandung",2026-10-04,32.73.02.1004,Dago,kelurahan,no,-6.889,107.61,Asia/Jakarta,"BMKG point: Dago, Coblong, Kota Bandung",04-10-2026,METNO,MET Norway,12:00,2026-10-04 12:00:00,29.5,42.5,0.7,8.28,0.0,1.2961,Hujan Ringan,rainshowers_day
dago,"Dago, Bandung",2026-10-04,32.73.02.1004,Dago,kelurahan,no,-6.889,107.61,Asia/Jakarta,"BMKG point: Dago, Coblong, Kota Bandung",04-10-2026,METNO,MET Norway,13:00,2026-10-04 13:00:00,29.6,43.7,0.2,9.36,0.0,1.2961,Hujan Ringan,lightrainshowers_day
dago,"Dago, Bandung",2026-10-04,32.73.02.1004,Dago,kelurahan,no,-6.889,107.61,Asia/Jakarta,"BMKG point: Dago, Coblong, Kota Bandung",04-10-2026,METNO,MET Norway,14:00,2026-10-04 14:00:00,27.8,49.8,0.6,9.0,0.0,1.2961,Hujan Ringan,rain
dago,"Dago, Bandung",2026-10-04,32.73.02.1004,Dago,kelurahan,no,-6.889,107.61,Asia/Jakarta,"BMKG point: Dago, Coblong, Kota Bandung",04-10-2026,METNO,MET Norway,15:00,2026-10-04 15:00:00,26.9,57.6,0.0,8.64,0.0,1.2961,Berawan,cloudy
dago,"Dago, Bandung",2026-10-04,32.73.02.1004,Dago,kelurahan,no,-6.889,107.61,Asia/Jakarta,"BMKG point: Dago, Coblong, Kota Bandung",04-10-2026,METNO,MET Norway,16:00,2026-10-04 16:00:00,27.7,52.0,0.3,10.44,0.0,1.2961,Hujan Ringan,rain
dago,"Dago, Bandung",2026-10-04,32.73.02.1004,Dago,kelurahan,no,-6.889,107.61,Asia/Jakarta,"BMKG point: Dago, Coblong, Kota Bandung",04-10-2026,METNO,MET Norway,17:00,2026-10-04 17:00:00,25.4,61.8,0.1,11.52,0.0,1.2961,Hujan Ringan,lightrain
dago,"Dago, Bandung",2026-10-04,32.73.02.1004,Dago,kelurahan,no,-6.889,107.61,Asia/Jakarta,"BMKG point: Dago, Coblong, Kota Bandung",04-10-2026,METNO,MET Norway,18:00,2026-10-04 18:00:00,24.2,68.1,0.5,9.0,0.0,1.2961,Hujan Ringan,rain
dago,"Dago, Bandung",2026-10-04,32.73.02.1004,Dago,kelurahan,no,-6.889,107.61,Asia/Jakarta,"BMKG point: Dago, Coblong, Kota Bandung",04-10-2026,METNO,MET Norway,19:00,2026-10-04 19:00:00,23.4,75.2,0.0,6.48,0.0,1.2961,Berawan,cloudy
dago,"Dago, Bandung",2026-10-04,32.73.02.1004,Dago,kelurahan,no,-6.889,107.61,Asia/Jakarta,"BMKG point: Dago, Coblong, Kota Bandung",04-10-2026,METNO,MET Norway,20:00,2026-10-04 20:00:00,23.2,77.5,0.0,6.12,0.0,1.2961,Berawan,fog
dago,"Dago, Bandung",2026-10-04,32.73.02.1004,Dago,kelurahan,no,-6.889,107.61,Asia/Jakarta,"BMKG point: Dago, Coblong, Kota Bandung",04-10-2026,METNO,MET Norway,21:00,2026-10-04 21:00:00,23.1,77.3,0.0,4.68,0.0,1.2961,Berawan,cloudy
dago,"Dago, Bandung",2026-10-04,32.73.02.1004,Dago,kelurahan,no,-6.889,107.61,Asia/Jakarta,"BMKG point: Dago, Coblong, Kota Bandung",04-10-2026,METNO,MET Norway,22:00,2026-10-04 22:00:00,22.6,77.6,0.0,4.32,0.0,1.2961,Cerah Berawan,partlycloudy_night
dago,"Dago, Bandung",2026-10-04,32.73.02.1004,Dago,kelurahan,no,-6.889,107.61,Asia/Jakarta,"BMKG point: Dago, Coblong, Kota Bandung",04-10-2026,METNO,MET Norway,23:00,2026-10-04 23:00:00,22.4,78.2,0.0,5.4,0.0,1.2961,Cerah Berawan,partlycloudy_night
dago,"Dago, Bandung",2026-10-04,32.73.02.1004,Dago,kelurahan,no,-6.889,107.61,Asia/Jakarta,"BMKG point: Dago, Coblong, Kota Bandung",04-10-2026,UKMO,Open-Meteo / UK Met Office,00:00,2026-10-04 00:00:00,21.9,81.0,0.0,5.8,0.0,1.3083,Cerah Berawan,wmo:1
dago,"Dago, Bandung",2026-10-04,32.73.02.1004,Dago,kelurahan,no,-6.889,107.61,Asia/Jakarta,"BMKG point: Dago, Coblong, Kota Bandung",04-10-2026,UKMO,Open-Meteo / UK Met Office,01:00,2026-10-04 01:00:00,21.5,82.0,0.0,6.1,0.0,1.3083,Cerah,wmo:0
dago,"Dago, Bandung",2026-10-04,32.73.02.1004,Dago,kelurahan,no,-6.889,107.61,Asia/Jakarta,"BMKG point: Dago, Coblong, Kota Bandung",04-10-2026,UKMO,Open-Meteo / UK Met Office,02:00,2026-10-04 02:00:00,21.0,84.0,0.0,5.8,0.0,1.3083,Cerah,wmo:0
dago,"Dago, Bandung",2026-10-04,32.73.02.1004,Dago,kelurahan,no,-6.889,107.61,Asia/Jakarta,"BMKG point: Dago, Coblong, Kota Bandung",04-10-2026,UKMO,Open-Meteo / UK Met Office,03:00,2026-10-04 03:00:00,20.6,86.0,0.0,4.7,0.0,1.3083,Cerah,wmo:0
dago,"Dago, Bandung",2026-10-04,32.73.02.1004,Dago,kelurahan,no,-6.889,107.61,Asia/Jakarta,"BMKG point: Dago, Coblong, Kota Bandung",04-10-2026,UKMO,Open-Meteo / UK Met Office,04:00,2026-10-04 04:00:00,20.3,87.0,0.0,5.0,0.0,1.3083,Cerah,wmo:0
dago,"Dago, Bandung",2026-10-04,32.73.02.1004,Dago,kelurahan,no,-6.889,107.61,Asia/Jakarta,"BMKG point: Dago, Coblong, Kota Bandung",04-10-2026,UKMO,Open-Meteo / UK Met Office,05:00,2026-10-04 05:00:00,20.0,87.0,0.0,5.0,0.0,1.3083,Cerah,wmo:0
dago,"Dago, Bandung",2026-10-04,32.73.02.1004,Dago,kelurahan,no,-6.889,107.61,Asia/Jakarta,"BMKG point: Dago, Coblong, Kota Bandung",04-10-2026,UKMO,Open-Meteo / UK Met Office,06:00,2026-10-04 06:00:00,20.0,87.0,0.0,4.3,0.0,1.3083,Berawan,wmo:3
dago,"Dago, Bandung",2026-10-04,32.73.02.1004,Dago,kelurahan,no,-6.889,107.61,Asia/Jakarta,"BMKG point: Dago, Coblong, Kota Bandung",04-10-2026,UKMO,Open-Meteo / UK Met Office,07:00,2026-10-04 07:00:00,20.9,82.0,0.0,5.0,0.0,1.3083,Berawan,wmo:3
dago,"Dago, Bandung",2026-10-04,32.73.02.1004,Dago,kelurahan,no,-6.889,107.61,Asia/Jakarta,"BMKG point: Dago, Coblong, Kota Bandung",04-10-2026,UKMO,Open-Meteo / UK Met Office,08:00,2026-10-04 08:00:00,22.5,73.0,0.0,5.0,0.0,1.3083,Berawan,wmo:3
dago,"Dago, Bandung",2026-10-04,32.73.02.1004,Dago,kelurahan,no,-6.889,107.61,Asia/Jakarta,"BMKG point: Dago, Coblong, Kota Bandung",04-10-2026,UKMO,Open-Meteo / UK Met Office,09:00,2026-10-04 09:00:00,24.2,66.0,0.0,5.4,0.0,1.3083,Berawan,wmo:3
dago,"Dago, Bandung",2026-10-04,32.73.02.1004,Dago,kelurahan,no,-6.889,107.61,Asia/Jakarta,"BMKG point: Dago, Coblong, Kota Bandung",04-10-2026,UKMO,Open-Meteo / UK Met Office,10:00,2026-10-04 10:00:00,25.8,59.0,0.0,5.8,0.0,1.3083,Berawan,wmo:3
dago,"Dago, Bandung",2026-10-04,32.73.02.1004,Dago,kelurahan,no,-6.889,107.61,Asia/Jakarta,"BMKG point: Dago, Coblong, Kota Bandung",04-10-2026,UKMO,Open-Meteo / UK Met Office,11:00,2026-10-04 11:00:00,27.0,56.0,0.2,5.0,0.0,1.3083,Hujan Ringan,wmo:51
dago,"Dago, Bandung",2026-10-04,32.73.02.1004,Dago,kelurahan,no,-6.889,107.61,Asia/Jakarta,"BMKG point: Dago, Coblong, Kota Bandung",04-10-2026,UKMO,Open-Meteo / UK Met Office,12:00,2026-10-04 12:00:00,28.3,48.0,0.1,3.2,0.0,1.3083,Hujan Ringan,wmo:51
dago,"Dago, Bandung",2026-10-04,32.73.02.1004,Dago,kelurahan,no,-6.889,107.61,Asia/Jakarta,"BMKG point: Dago, Coblong, Kota Bandung",04-10-2026,UKMO,Open-Meteo / UK Met Office,13:00,2026-10-04 13:00:00,28.5,50.0,0.2,7.2,0.0,1.3083,Hujan Ringan,wmo:51
dago,"Dago, Bandung",2026-10-04,32.73.02.1004,Dago,kelurahan,no,-6.889,107.61,Asia/Jakarta,"BMKG point: Dago, Coblong, Kota Bandung",04-10-2026,UKMO,Open-Meteo / UK Met Office,14:00,2026-10-04 14:00:00,28.2,49.0,0.1,8.3,0.0,1.3083,Hujan Ringan,wmo:51
dago,"Dago, Bandung",2026-10-04,32.73.02.1004,Dago,kelurahan,no,-6.889,107.61,Asia/Jakarta,"BMKG point: Dago, Coblong, Kota Bandung",04-10-2026,UKMO,Open-Meteo / UK Met Office,15:00,2026-10-04 15:00:00,28.7,46.0,0.1,10.1,0.0,1.3083,Hujan Ringan,wmo:51
dago,"Dago, Bandung",2026-10-04,32.73.02.1004,Dago,kelurahan,no,-6.889,107.61,Asia/Jakarta,"BMKG point: Dago, Coblong, Kota Bandung",04-10-2026,UKMO,Open-Meteo / UK Met Office,16:00,2026-10-04 16:00:00,27.4,54.0,0.1,14.0,0.0,1.3083,Hujan Ringan,wmo:51
dago,"Dago, Bandung",2026-10-04,32.73.02.1004,Dago,kelurahan,no,-6.889,107.61,Asia/Jakarta,"BMKG point: Dago, Coblong, Kota Bandung",04-10-2026,UKMO,Open-Meteo / UK Met Office,17:00,2026-10-04 17:00:00,26.2,59.0,0.0,10.1,0.0,1.3083,Berawan,wmo:3
dago,"Dago, Bandung",2026-10-04,32.73.02.1004,Dago,kelurahan,no,-6.889,107.61,Asia/Jakarta,"BMKG point: Dago, Coblong, Kota Bandung",04-10-2026,UKMO,Open-Meteo / UK Met Office,18:00,2026-10-04 18:00:00,25.5,65.0,0.1,8.6,0.0,1.3083,Hujan Ringan,wmo:51
dago,"Dago, Bandung",2026-10-04,32.73.02.1004,Dago,kelurahan,no,-6.889,107.61,Asia/Jakarta,"BMKG point: Dago, Coblong, Kota Bandung",04-10-2026,UKMO,Open-Meteo / UK Met Office,19:00,2026-10-04 19:00:00,24.5,74.0,0.2,7.9,0.0,1.3083,Hujan Ringan,wmo:51
dago,"Dago, Bandung",2026-10-04,32.73.02.1004,Dago,kelurahan,no,-6.889,107.61,Asia/Jakarta,"BMKG point: Dago, Coblong, Kota Bandung",04-10-2026,UKMO,Open-Meteo / UK Met Office,20:00,2026-10-04 20:00:00,23.4,81.0,0.2,8.6,0.0,1.3083,Hujan Ringan,wmo:51
dago,"Dago, Bandung",2026-10-04,32.73.02.1004,Dago,kelurahan,no,-6.889,107.61,Asia/Jakarta,"BMKG point: Dago, Coblong, Kota Bandung",04-10-2026,UKMO,Open-Meteo / UK Met Office,21:00,2026-10-04 21:00:00,22.8,83.0,0.0,7.2,0.0,1.3083,Cerah Berawan,wmo:2
dago,"Dago, Bandung",2026-10-04,32.73.02.1004,Dago,kelurahan,no,-6.889,107.61,Asia/Jakarta,"BMKG point: Dago, Coblong, Kota Bandung",04-10-2026,UKMO,Open-Meteo / UK Met Office,22:00,2026-10-04 22:00:00,22.3,83.0,0.0,5.0,0.0,1.3083,Cerah,wmo:0
dago,"Dago, Bandung",2026-10-04,32.73.02.1004,Dago,kelurahan,no,-6.889,107.61,Asia/Jakarta,"BMKG point: Dago, Coblong, Kota Bandung",04-10-2026,UKMO,Open-Meteo / UK Met Office,23:00,2026-10-04 23:00:00,21.9,84.0,0.0,5.8,0.0,1.3083,Cerah,wmo:0
dago,"Dago, Bandung",2026-10-05,32.73.02.1004,Dago,kelurahan,no,-6.889,107.61,Asia/Jakarta,"BMKG point: Dago, Coblong, Kota Bandung",05-10-2026,BMKG,BMKG,00:00,2026-10-05 01:00:00,19.0,87.0,0.0,4.4,60.0,1.2001,Berawan,Berawan
dago,"Dago, Bandung",2026-10-05,32.73.02.1004,Dago,kelurahan,no,-6.889,107.61,Asia/Jakarta,"BMKG point: Dago, Coblong, Kota Bandung",05-10-2026,BMKG,BMKG,01:00,2026-10-05 01:00:00,19.0,87.0,0.0,4.4,0.0,1.6002,Berawan,Berawan
dago,"Dago, Bandung",2026-10-05,32.73.02.1004,Dago,kelurahan,no,-6.889,107.61,Asia/Jakarta,"BMKG point: Dago, Coblong, Kota Bandung",05-10-2026,BMKG,BMKG,02:00,2026-10-05 01:00:00,19.0,87.0,0.0,4.4,60.0,1.2001,Berawan,Berawan
dago,"Dago, Bandung",2026-10-05,32.73.02.1004,Dago,kelurahan,no,-6.889,107.61,Asia/Jakarta,"BMKG point: Dago, Coblong, Kota Bandung",05-10-2026,BMKG,BMKG,03:00,2026-10-05 04:00:00,19.0,85.0,0.0,4.7,60.0,1.2001,Cerah Berawan,Cerah Berawan
dago,"Dago, Bandung",2026-10-05,32.73.02.1004,Dago,kelurahan,no,-6.889,107.61,Asia/Jakarta,"BMKG point: Dago, Coblong, Kota Bandung",05-10-2026,BMKG,BMKG,04:00,2026-10-05 04:00:00,19.0,85.0,0.0,4.7,0.0,1.6002,Cerah Berawan,Cerah Berawan
dago,"Dago, Bandung",2026-10-05,32.73.02.1004,Dago,kelurahan,no,-6.889,107.61,Asia/Jakarta,"BMKG point: Dago, Coblong, Kota Bandung",05-10-2026,BMKG,BMKG,05:00,2026-10-05 04:00:00,19.0,85.0,0.0,4.7,60.0,1.2001,Cerah Berawan,Cerah Berawan
dago,"Dago, Bandung",2026-10-05,32.73.02.1004,Dago,kelurahan,no,-6.889,107.61,Asia/Jakarta,"BMKG point: Dago, Coblong, Kota Bandung",05-10-2026,BMKG,BMKG,06:00,2026-10-05 07:00:00,23.0,72.0,0.0,3.4,60.0,1.2001,Cerah Berawan,Cerah Berawan
dago,"Dago, Bandung",2026-10-05,32.73.02.1004,Dago,kelurahan,no,-6.889,107.61,Asia/Jakarta,"BMKG point: Dago, Coblong, Kota Bandung",05-10-2026,BMKG,BMKG,07:00,2026-10-05 07:00:00,23.0,72.0,0.0,3.4,0.0,1.6002,Cerah Berawan,Cerah Berawan
dago,"Dago, Bandung",2026-10-05,32.73.02.1004,Dago,kelurahan,no,-6.889,107.61,Asia/Jakarta,"BMKG point: Dago, Coblong, Kota Bandung",05-10-2026,BMKG,BMKG,08:00,2026-10-05 07:00:00,23.0,72.0,0.0,3.4,60.0,1.2001,Cerah Berawan,Cerah Berawan
dago,"Dago, Bandung",2026-10-05,32.73.02.1004,Dago,kelurahan,no,-6.889,107.61,Asia/Jakarta,"BMKG point: Dago, Coblong, Kota Bandung",05-10-2026,BMKG,BMKG,09:00,2026-10-05 10:00:00,30.0,54.0,1.5,4.9,60.0,1.2001,Hujan Ringan,Hujan Ringan
dago,"Dago, Bandung",2026-10-05,32.73.02.1004,Dago,kelurahan,no,-6.889,107.61,Asia/Jakarta,"BMKG point: Dago, Coblong, Kota Bandung",05-10-2026,BMKG,BMKG,10:00,2026-10-05 10:00:00,30.0,54.0,1.5,4.9,0.0,1.6002,Hujan Ringan,Hujan Ringan
dago,"Dago, Bandung",2026-10-05,32.73.02.1004,Dago,kelurahan,no,-6.889,107.61,Asia/Jakarta,"BMKG point: Dago, Coblong, Kota Bandung",05-10-2026,BMKG,BMKG,11:00,2026-10-05 10:00:00,30.0,54.0,1.5,4.9,60.0,1.2001,Hujan Ringan,Hujan Ringan
dago,"Dago, Bandung",2026-10-05,32.73.02.1004,Dago,kelurahan,no,-6.889,107.61,Asia/Jakarta,"BMKG point: Dago, Coblong, Kota Bandung",05-10-2026,BMKG,BMKG,12:00,2026-10-05 13:00:00,28.0,81.0,1.5,7.8,60.0,1.2001,Hujan Ringan,Hujan Ringan
dago,"Dago, Bandung",2026-10-05,32.73.02.1004,Dago,kelurahan,no,-6.889,107.61,Asia/Jakarta,"BMKG point: Dago, Coblong, Kota Bandung",05-10-2026,BMKG,BMKG,13:00,2026-10-05 13:00:00,28.0,81.0,1.5,7.8,0.0,1.6002,Hujan Ringan,Hujan Ringan
dago,"Dago, Bandung",2026-10-05,32.73.02.1004,Dago,kelurahan,no,-6.889,107.61,Asia/Jakarta,"BMKG point: Dago, Coblong, Kota Bandung",05-10-2026,BMKG,BMKG,14:00,2026-10-05 13:00:00,28.0,81.0,1.5,7.8,60.0,1.2001,Hujan Ringan,Hujan Ringan
dago,"Dago, Bandung",2026-10-05,32.73.02.1004,Dago,kelurahan,no,-6.889,107.61,Asia/Jakarta,"BMKG point: Dago, Coblong, Kota Bandung",05-10-2026,BMKG,BMKG,15:00,2026-10-05 16:00:00,23.0,77.0,0.0,5.1,60.0,1.2001,Berawan,Berawan
dago,"Dago, Bandung",2026-10-05,32.73.02.1004,Dago,kelurahan,no,-6.889,107.61,Asia/Jakarta,"BMKG point: Dago, Coblong, Kota Bandung",05-10-2026,BMKG,BMKG,16:00,2026-10-05 16:00:00,23.0,77.0,0.0,5.1,0.0,1.6002,Berawan,Berawan
dago,"Dago, Bandung",2026-10-05,32.73.02.1004,Dago,kelurahan,no,-6.889,107.61,Asia/Jakarta,"BMKG point: Dago, Coblong, Kota Bandung",05-10-2026,BMKG,BMKG,17:00,2026-10-05 16:00:00,23.0,77.0,0.0,5.1,60.0,1.2001,Berawan,Berawan
dago,"Dago, Bandung",2026-10-05,32.73.02.1004,Dago,kelurahan,no,-6.889,107.61,Asia/Jakarta,"BMKG point: Dago, Coblong, Kota Bandung",05-10-2026,BMKG,BMKG,18:00,2026-10-05 19:00:00,21.0,90.0,0.0,3.8,60.0,1.2001,Berawan,Berawan
dago,"Dago, Bandung",2026-10-05,32.73.02.1004,Dago,kelurahan,no,-6.889,107.61,Asia/Jakarta,"BMKG point: Dago, Coblong, Kota Bandung",05-10-2026,BMKG,BMKG,19:00,2026-10-05 19:00:00,21.0,90.0,0.0,3.8,0.0,1.6002,Berawan,Berawan
dago,"Dago, Bandung",2026-10-05,32.73.02.1004,Dago,kelurahan,no,-6.889,107.61,Asia/Jakarta,"BMKG point: Dago, Coblong, Kota Bandung",05-10-2026,BMKG,BMKG,20:00,2026-10-05 19:00:00,21.0,90.0,0.0,3.8,60.0,1.2001,Berawan,Berawan
dago,"Dago, Bandung",2026-10-05,32.73.02.1004,Dago,kelurahan,no,-6.889,107.61,Asia/Jakarta,"BMKG point: Dago, Coblong, Kota Bandung",05-10-2026,BMKG,BMKG,21:00,2026-10-05 22:00:00,20.0,93.0,0.0,1.2,60.0,1.2001,Cerah Berawan,Cerah Berawan
dago,"Dago, Bandung",2026-10-05,32.73.02.1004,Dago,kelurahan,no,-6.889,107.61,Asia/Jakarta,"BMKG point: Dago, Coblong, Kota Bandung",05-10-2026,BMKG,BMKG,22:00,2026-10-05 22:00:00,20.0,93.0,0.0,1.2,0.0,1.6002,Cerah Berawan,Cerah Berawan
dago,"Dago, Bandung",2026-10-05,32.73.02.1004,Dago,kelurahan,no,-6.889,107.61,Asia/Jakarta,"BMKG point: Dago, Coblong, Kota Bandung",05-10-2026,BMKG,BMKG,23:00,2026-10-05 22:00:00,20.0,93.0,0.0,1.2,60.0,1.2001,Cerah Berawan,Cerah Berawan
dago,"Dago, Bandung",2026-10-05,32.73.02.1004,Dago,kelurahan,no,-6.889,107.61,Asia/Jakarta,"BMKG point: Dago, Coblong, Kota Bandung",05-10-2026,CMA,Open-Meteo / CMA GRAPES,00:00,2026-10-05 00:00:00,22.1,88.0,0.1,3.7,0.0,1.1385,Hujan Ringan,wmo:51
dago,"Dago, Bandung",2026-10-05,32.73.02.1004,Dago,kelurahan,no,-6.889,107.61,Asia/Jakarta,"BMKG point: Dago, Coblong, Kota Bandung",05-10-2026,CMA,Open-Meteo / CMA GRAPES,01:00,2026-10-05 01:00:00,22.1,86.0,0.1,5.8,0.0,1.1385,Hujan Ringan,wmo:51
dago,"Dago, Bandung",2026-10-05,32.73.02.1004,Dago,kelurahan,no,-6.889,107.61,Asia/Jakarta,"BMKG point: Dago, Coblong, Kota Bandung",05-10-2026,CMA,Open-Meteo / CMA GRAPES,02:00,2026-10-05 02:00:00,21.9,85.0,0.0,6.1,0.0,1.1385,Cerah Berawan,wmo:1
dago,"Dago, Bandung",2026-10-05,32.73.02.1004,Dago,kelurahan,no,-6.889,107.61,Asia/Jakarta,"BMKG point: Dago, Coblong, Kota Bandung",05-10-2026,CMA,Open-Meteo / CMA GRAPES,03:00,2026-10-05 03:00:00,21.6,85.0,0.0,5.5,0.0,1.1385,Cerah Berawan,wmo:1
dago,"Dago, Bandung",2026-10-05,32.73.02.1004,Dago,kelurahan,no,-6.889,107.61,Asia/Jakarta,"BMKG point: Dago, Coblong, Kota Bandung",05-10-2026,CMA,Open-Meteo / CMA GRAPES,04:00,2026-10-05 04:00:00,21.5,83.0,0.0,4.9,0.0,1.1385,Cerah,wmo:0
dago,"Dago, Bandung",2026-10-05,32.73.02.1004,Dago,kelurahan,no,-6.889,107.61,Asia/Jakarta,"BMKG point: Dago, Coblong, Kota Bandung",05-10-2026,CMA,Open-Meteo / CMA GRAPES,05:00,2026-10-05 05:00:00,21.6,79.0,0.0,5.5,0.0,1.1385,Cerah,wmo:0
dago,"Dago, Bandung",2026-10-05,32.73.02.1004,Dago,kelurahan,no,-6.889,107.61,Asia/Jakarta,"BMKG point: Dago, Coblong, Kota Bandung",05-10-2026,CMA,Open-Meteo / CMA GRAPES,06:00,2026-10-05 06:00:00,22.0,75.0,0.0,6.3,0.0,1.1385,Cerah,wmo:0
dago,"Dago, Bandung",2026-10-05,32.73.02.1004,Dago,kelurahan,no,-6.889,107.61,Asia/Jakarta,"BMKG point: Dago, Coblong, Kota Bandung",05-10-2026,CMA,Open-Meteo / CMA GRAPES,07:00,2026-10-05 07:00:00,22.5,71.0,0.0,6.0,0.0,1.1385,Cerah,wmo:0
dago,"Dago, Bandung",2026-10-05,32.73.02.1004,Dago,kelurahan,no,-6.889,107.61,Asia/Jakarta,"BMKG point: Dago, Coblong, Kota Bandung",05-10-2026,CMA,Open-Meteo / CMA GRAPES,08:00,2026-10-05 08:00:00,23.5,68.0,0.0,4.2,0.0,1.1385,Cerah,wmo:0
dago,"Dago, Bandung",2026-10-05,32.73.02.1004,Dago,kelurahan,no,-6.889,107.61,Asia/Jakarta,"BMKG point: Dago, Coblong, Kota Bandung",05-10-2026,CMA,Open-Meteo / CMA GRAPES,09:00,2026-10-05 09:00:00,24.6,66.0,0.0,5.7,0.0,1.1385,Cerah,wmo:0
dago,"Dago, Bandung",2026-10-05,32.73.02.1004,Dago,kelurahan,no,-6.889,107.61,Asia/Jakarta,"BMKG point: Dago, Coblong, Kota Bandung",05-10-2026,CMA,Open-Meteo / CMA GRAPES,10:00,2026-10-05 10:00:00,25.7,64.0,0.0,8.8,0.0,1.1385,Cerah,wmo:0
dago,"Dago, Bandung",2026-10-05,32.73.02.1004,Dago,kelurahan,no,-6.889,107.61,Asia/Jakarta,"BMKG point: Dago, Coblong, Kota Bandung",05-10-2026,CMA,Open-Meteo / CMA GRAPES,11:00,2026-10-05 11:00:00,26.6,61.0,0.0,10.3,0.0,1.1385,Cerah,wmo:0
dago,"Dago, Bandung",2026-10-05,32.73.02.1004,Dago,kelurahan,no,-6.889,107.61,Asia/Jakarta,"BMKG point: Dago, Coblong, Kota Bandung",05-10-2026,CMA,Open-Meteo / CMA GRAPES,12:00,2026-10-05 12:00:00,27.4,58.0,0.0,11.3,0.0,1.1385,Cerah,wmo:0
dago,"Dago, Bandung",2026-10-05,32.73.02.1004,Dago,kelurahan,no,-6.889,107.61,Asia/Jakarta,"BMKG point: Dago, Coblong, Kota Bandung",05-10-2026,CMA,Open-Meteo / CMA GRAPES,13:00,2026-10-05 13:00:00,27.9,56.0,0.0,12.3,0.0,1.1385,Cerah,wmo:0
dago,"Dago, Bandung",2026-10-05,32.73.02.1004,Dago,kelurahan,no,-6.889,107.61,Asia/Jakarta,"BMKG point: Dago, Coblong, Kota Bandung",05-10-2026,CMA,Open-Meteo / CMA GRAPES,14:00,2026-10-05 14:00:00,28.0,56.0,0.0,14.3,0.0,1.1385,Cerah,wmo:0
dago,"Dago, Bandung",2026-10-05,32.73.02.1004,Dago,kelurahan,no,-6.889,107.61,Asia/Jakarta,"BMKG point: Dago, Coblong, Kota Bandung",05-10-2026,CMA,Open-Meteo / CMA GRAPES,15:00,2026-10-05 15:00:00,27.8,57.0,0.0,16.9,0.0,1.1385,Cerah Berawan,wmo:1
dago,"Dago, Bandung",2026-10-05,32.73.02.1004,Dago,kelurahan,no,-6.889,107.61,Asia/Jakarta,"BMKG point: Dago, Coblong, Kota Bandung",05-10-2026,CMA,Open-Meteo / CMA GRAPES,16:00,2026-10-05 16:00:00,27.3,61.0,0.0,18.2,0.0,1.1385,Cerah Berawan,wmo:1
dago,"Dago, Bandung",2026-10-05,32.73.02.1004,Dago,kelurahan,no,-6.889,107.61,Asia/Jakarta,"BMKG point: Dago, Coblong, Kota Bandung",05-10-2026,CMA,Open-Meteo / CMA GRAPES,17:00,2026-10-05 17:00:00,26.2,69.0,0.7,16.0,0.0,1.1385,Hujan Ringan,wmo:53
dago,"Dago, Bandung",2026-10-05,32.73.02.1004,Dago,kelurahan,no,-6.889,107.61,Asia/Jakarta,"BMKG point: Dago, Coblong, Kota Bandung",05-10-2026,CMA,Open-Meteo / CMA GRAPES,18:00,2026-10-05 18:00:00,24.9,80.0,0.7,12.4,0.0,1.1385,Hujan Ringan,wmo:53
dago,"Dago, Bandung",2026-10-05,32.73.02.1004,Dago,kelurahan,no,-6.889,107.61,Asia/Jakarta,"BMKG point: Dago, Coblong, Kota Bandung",05-10-2026,CMA,Open-Meteo / CMA GRAPES,19:00,2026-10-05 19:00:00,23.8,88.0,0.7,9.3,0.0,1.1385,Hujan Ringan,wmo:53
dago,"Dago, Bandung",2026-10-05,32.73.02.1004,Dago,kelurahan,no,-6.889,107.61,Asia/Jakarta,"BMKG point: Dago, Coblong, Kota Bandung",05-10-2026,CMA,Open-Meteo / CMA GRAPES,20:00,2026-10-05 20:00:00,23.3,91.0,0.0,7.7,0.0,1.1385,Cerah Berawan,wmo:2
dago,"Dago, Bandung",2026-10-05,32.73.02.1004,Dago,kelurahan,no,-6.889,107.61,Asia/Jakarta,"BMKG point: Dago, Coblong, Kota Bandung",05-10-2026,CMA,Open-Meteo / CMA GRAPES,21:00,2026-10-05 21:00:00,23.1,91.0,0.0,6.4,0.0,1.1385,Cerah Berawan,wmo:1
dago,"Dago, Bandung",2026-10-05,32.73.02.1004,Dago,kelurahan,no,-6.889,107.61,Asia/Jakarta,"BMKG point: Dago, Coblong, Kota Bandung",05-10-2026,CMA,Open-Meteo / CMA GRAPES,22:00,2026-10-05 22:00:00,22.9,91.0,0.0,5.5,0.0,1.1385,Cerah,wmo:0
dago,"Dago, Bandung",2026-10-05,32.73.02.1004,Dago,kelurahan,no,-6.889,107.61,Asia/Jakarta,"BMKG point: Dago, Coblong, Kota Bandung",05-10-2026,CMA,Open-Meteo / CMA GRAPES,23:00,2026-10-05 23:00:00,22.7,91.0,0.0,5.1,0.0,1.1385,Cerah,wmo:0
dago,"Dago, Bandung",2026-10-05,32.73.02.1004,Dago,kelurahan,no,-6.889,107.61,Asia/Jakarta,"BMKG point: Dago, Coblong, Kota Bandung",05-10-2026,ECMWF,Open-Meteo / ECMWF,00:00,2026-10-05 00:00:00,20.9,84.0,0.0,1.6,0.0,1.676,Cerah Berawan,wmo:1
dago,"Dago, Bandung",2026-10-05,32.73.02.1004,Dago,kelurahan,no,-6.889,107.61,Asia/Jakarta,"BMKG point: Dago, Coblong, Kota Bandung",05-10-2026,ECMWF,Open-Meteo / ECMWF,01:00,2026-10-05 01:00:00,20.5,85.0,0.0,1.5,0.0,1.676,Cerah Berawan,wmo:1
dago,"Dago, Bandung",2026-10-05,32.73.02.1004,Dago,kelurahan,no,-6.889,107.61,Asia/Jakarta,"BMKG point: Dago, Coblong, Kota Bandung",05-10-2026,ECMWF,Open-Meteo / ECMWF,02:00,2026-10-05 02:00:00,20.0,86.0,0.0,1.5,0.0,1.676,Cerah Berawan,wmo:2
dago,"Dago, Bandung",2026-10-05,32.73.02.1004,Dago,kelurahan,no,-6.889,107.61,Asia/Jakarta,"BMKG point: Dago, Coblong, Kota Bandung",05-10-2026,ECMWF,Open-Meteo / ECMWF,03:00,2026-10-05 03:00:00,19.5,88.0,0.0,1.4,0.0,1.676,Cerah Berawan,wmo:2
dago,"Dago, Bandung",2026-10-05,32.73.02.1004,Dago,kelurahan,no,-6.889,107.61,Asia/Jakarta,"BMKG point: Dago, Coblong, Kota Bandung",05-10-2026,ECMWF,Open-Meteo / ECMWF,04:00,2026-10-05 04:00:00,19.4,88.0,0.0,1.1,0.0,1.676,Cerah Berawan,wmo:2
dago,"Dago, Bandung",2026-10-05,32.73.02.1004,Dago,kelurahan,no,-6.889,107.61,Asia/Jakarta,"BMKG point: Dago, Coblong, Kota Bandung",05-10-2026,ECMWF,Open-Meteo / ECMWF,05:00,2026-10-05 05:00:00,19.8,87.0,0.0,1.1,0.0,1.676,Cerah Berawan,wmo:2
dago,"Dago, Bandung",2026-10-05,32.73.02.1004,Dago,kelurahan,no,-6.889,107.61,Asia/Jakarta,"BMKG point: Dago, Coblong, Kota Bandung",05-10-2026,ECMWF,Open-Meteo / ECMWF,06:00,2026-10-05 06:00:00,20.5,85.0,0.0,1.6,0.0,1.676,Cerah Berawan,wmo:2
dago,"Dago, Bandung",2026-10-05,32.73.02.1004,Dago,kelurahan,no,-6.889,107.61,Asia/Jakarta,"BMKG point: Dago, Coblong, Kota Bandung",05-10-2026,ECMWF,Open-Meteo / ECMWF,07:00,2026-10-05 07:00:00,21.6,81.0,0.0,1.8,0.0,1.676,Cerah Berawan,wmo:2
dago,"Dago, Bandung",2026-10-05,32.73.02.1004,Dago,kelurahan,no,-6.889,107.61,Asia/Jakarta,"BMKG point: Dago, Coblong, Kota Bandung",05-10-2026,ECMWF,Open-Meteo / ECMWF,08:00,2026-10-05 08:00:00,23.3,72.0,0.0,1.8,0.0,1.676,Cerah Berawan,wmo:2
dago,"Dago, Bandung",2026-10-05,32.73.02.1004,Dago,kelurahan,no,-6.889,107.61,Asia/Jakarta,"BMKG point: Dago, Coblong, Kota Bandung",05-10-2026,ECMWF,Open-Meteo / ECMWF,09:00,2026-10-05 09:00:00,25.3,61.0,0.0,2.0,0.0,1.676,Berawan,wmo:3
dago,"Dago, Bandung",2026-10-05,32.73.02.1004,Dago,kelurahan,no,-6.889,107.61,Asia/Jakarta,"BMKG point: Dago, Coblong, Kota Bandung",05-10-2026,ECMWF,Open-Meteo / ECMWF,10:00,2026-10-05 10:00:00,26.9,53.0,0.0,3.1,0.0,1.676,Berawan,wmo:3
dago,"Dago, Bandung",2026-10-05,32.73.02.1004,Dago,kelurahan,no,-6.889,107.61,Asia/Jakarta,"BMKG point: Dago, Coblong, Kota Bandung",05-10-2026,ECMWF,Open-Meteo / ECMWF,11:00,2026-10-05 11:00:00,27.5,52.0,0.1,5.1,0.0,1.676,Hujan Ringan,wmo:51
dago,"Dago, Bandung",2026-10-05,32.73.02.1004,Dago,kelurahan,no,-6.889,107.61,Asia/Jakarta,"BMKG point: Dago, Coblong, Kota Bandung",05-10-2026,ECMWF,Open-Meteo / ECMWF,12:00,2026-10-05 12:00:00,27.7,54.0,0.1,7.2,0.0,1.676,Hujan Ringan,wmo:51
dago,"Dago, Bandung",2026-10-05,32.73.02.1004,Dago,kelurahan,no,-6.889,107.61,Asia/Jakarta,"BMKG point: Dago, Coblong, Kota Bandung",05-10-2026,ECMWF,Open-Meteo / ECMWF,13:00,2026-10-05 13:00:00,27.5,57.0,0.1,8.4,0.0,1.676,Hujan Ringan,wmo:51
dago,"Dago, Bandung",2026-10-05,32.73.02.1004,Dago,kelurahan,no,-6.889,107.61,Asia/Jakarta,"BMKG point: Dago, Coblong, Kota Bandung",05-10-2026,ECMWF,Open-Meteo / ECMWF,14:00,2026-10-05 14:00:00,27.1,59.0,0.5,7.1,0.0,1.676,Hujan Ringan,wmo:53
dago,"Dago, Bandung",2026-10-05,32.73.02.1004,Dago,kelurahan,no,-6.889,107.61,Asia/Jakarta,"BMKG point: Dago, Coblong, Kota Bandung",05-10-2026,ECMWF,Open-Meteo / ECMWF,15:00,2026-10-05 15:00:00,26.5,61.0,0.5,4.3,0.0,1.676,Hujan Ringan,wmo:53
dago,"Dago, Bandung",2026-10-05,32.73.02.1004,Dago,kelurahan,no,-6.889,107.61,Asia/Jakarta,"BMKG point: Dago, Coblong, Kota Bandung",05-10-2026,ECMWF,Open-Meteo / ECMWF,16:00,2026-10-05 16:00:00,25.7,64.0,0.5,2.3,0.0,1.676,Hujan Ringan,wmo:53
dago,"Dago, Bandung",2026-10-05,32.73.02.1004,Dago,kelurahan,no,-6.889,107.61,Asia/Jakarta,"BMKG point: Dago, Coblong, Kota Bandung",05-10-2026,ECMWF,Open-Meteo / ECMWF,17:00,2026-10-05 17:00:00,24.7,70.0,0.1,1.8,0.0,1.676,Hujan Ringan,wmo:51
dago,"Dago, Bandung",2026-10-05,32.73.02.1004,Dago,kelurahan,no,-6.889,107.61,Asia/Jakarta,"BMKG point: Dago, Coblong, Kota Bandung",05-10-2026,ECMWF,Open-Meteo / ECMWF,18:00,2026-10-05 18:00:00,23.6,77.0,0.1,1.4,0.0,1.676,Hujan Ringan,wmo:51
dago,"Dago, Bandung",2026-10-05,32.73.02.1004,Dago,kelurahan,no,-6.889,107.61,Asia/Jakarta,"BMKG point: Dago, Coblong, Kota Bandung",05-10-2026,ECMWF,Open-Meteo / ECMWF,19:00,2026-10-05 19:00:00,22.7,82.0,0.1,1.1,0.0,1.676,Hujan Ringan,wmo:51
dago,"Dago, Bandung",2026-10-05,32.73.02.1004,Dago,kelurahan,no,-6.889,107.61,Asia/Jakarta,"BMKG point: Dago, Coblong, Kota Bandung",05-10-2026,ECMWF,Open-Meteo / ECMWF,20:00,2026-10-05 20:00:00,22.2,84.0,0.0,1.5,0.0,1.676,Berawan,wmo:3
dago,"Dago, Bandung",2026-10-05,32.73.02.1004,Dago,kelurahan,no,-6.889,107.61,Asia/Jakarta,"BMKG point: Dago, Coblong, Kota Bandung",05-10-2026,ECMWF,Open-Meteo / ECMWF,21:00,2026-10-05 21:00:00,21.8,84.0,0.0,1.9,0.0,1.676,Berawan,wmo:3
dago,"Dago, Bandung",2026-10-05,32.73.02.1004,Dago,kelurahan,no,-6.889,107.61,Asia/Jakarta,"BMKG point: Dago, Coblong, Kota Bandung",05-10-2026,ECMWF,Open-Meteo / ECMWF,22:00,2026-10-05 22:00:00,21.4,84.0,0.0,2.6,0.0,1.676,Berawan,wmo:3
dago,"Dago, Bandung",2026-10-05,32.73.02.1004,Dago,kelurahan,no,-6.889,107.61,Asia/Jakarta,"BMKG point: Dago, Coblong, Kota Bandung",05-10-2026,ECMWF,Open-Meteo / ECMWF,23:00,2026-10-05 23:00:00,20.7,85.0,0.0,2.6,0.0,1.676,Berawan,wmo:3
dago,"Dago, Bandung",2026-10-05,32.73.02.1004,Dago,kelurahan,no,-6.889,107.61,Asia/Jakarta,"BMKG point: Dago, Coblong, Kota Bandung",05-10-2026,GFS,Open-Meteo / NOAA GFS,00:00,2026-10-05 00:00:00,21.4,93.0,0.2,4.9,0.0,1.3588,Hujan Ringan,wmo:51
dago,"Dago, Bandung",2026-10-05,32.73.02.1004,Dago,kelurahan,no,-6.889,107.61,Asia/Jakarta,"BMKG point: Dago, Coblong, Kota Bandung",05-10-2026,GFS,Open-Meteo / NOAA GFS,01:00,2026-10-05 01:00:00,21.3,92.0,0.3,4.8,0.0,1.3588,Hujan Ringan,wmo:51
dago,"Dago, Bandung",2026-10-05,32.73.02.1004,Dago,kelurahan,no,-6.889,107.61,Asia/Jakarta,"BMKG point: Dago, Coblong, Kota Bandung",05-10-2026,GFS,Open-Meteo / NOAA GFS,02:00,2026-10-05 02:00:00,21.3,91.0,0.2,5.1,0.0,1.3588,Hujan Ringan,wmo:51
dago,"Dago, Bandung",2026-10-05,32.73.02.1004,Dago,kelurahan,no,-6.889,107.61,Asia/Jakarta,"BMKG point: Dago, Coblong, Kota Bandung",05-10-2026,GFS,Open-Meteo / NOAA GFS,03:00,2026-10-05 03:00:00,21.3,89.0,0.3,6.0,0.0,1.3588,Hujan Ringan,wmo:51
dago,"Dago, Bandung",2026-10-05,32.73.02.1004,Dago,kelurahan,no,-6.889,107.61,Asia/Jakarta,"BMKG point: Dago, Coblong, Kota Bandung",05-10-2026,GFS,Open-Meteo / NOAA GFS,04:00,2026-10-05 04:00:00,21.3,87.0,0.0,6.0,0.0,1.3588,Berawan,wmo:3
dago,"Dago, Bandung",2026-10-05,32.73.02.1004,Dago,kelurahan,no,-6.889,107.61,Asia/Jakarta,"BMKG point: Dago, Coblong, Kota Bandung",05-10-2026,GFS,Open-Meteo / NOAA GFS,05:00,2026-10-05 05:00:00,21.2,86.0,0.0,6.4,0.0,1.3588,Berawan,wmo:3
dago,"Dago, Bandung",2026-10-05,32.73.02.1004,Dago,kelurahan,no,-6.889,107.61,Asia/Jakarta,"BMKG point: Dago, Coblong, Kota Bandung",05-10-2026,GFS,Open-Meteo / NOAA GFS,06:00,2026-10-05 06:00:00,21.1,86.0,0.0,6.8,0.0,1.3588,Berawan,wmo:3
dago,"Dago, Bandung",2026-10-05,32.73.02.1004,Dago,kelurahan,no,-6.889,107.61,Asia/Jakarta,"BMKG point: Dago, Coblong, Kota Bandung",05-10-2026,GFS,Open-Meteo / NOAA GFS,07:00,2026-10-05 07:00:00,21.8,81.0,0.0,6.8,0.0,1.3588,Berawan,wmo:3
dago,"Dago, Bandung",2026-10-05,32.73.02.1004,Dago,kelurahan,no,-6.889,107.61,Asia/Jakarta,"BMKG point: Dago, Coblong, Kota Bandung",05-10-2026,GFS,Open-Meteo / NOAA GFS,08:00,2026-10-05 08:00:00,23.4,73.0,0.0,7.2,0.0,1.3588,Berawan,wmo:3
dago,"Dago, Bandung",2026-10-05,32.73.02.1004,Dago,kelurahan,no,-6.889,107.61,Asia/Jakarta,"BMKG point: Dago, Coblong, Kota Bandung",05-10-2026,GFS,Open-Meteo / NOAA GFS,09:00,2026-10-05 09:00:00,24.9,66.0,0.0,7.2,0.0,1.3588,Berawan,wmo:3
dago,"Dago, Bandung",2026-10-05,32.73.02.1004,Dago,kelurahan,no,-6.889,107.61,Asia/Jakarta,"BMKG point: Dago, Coblong, Kota Bandung",05-10-2026,GFS,Open-Meteo / NOAA GFS,10:00,2026-10-05 10:00:00,27.0,58.0,0.0,6.1,0.0,1.3588,Berawan,wmo:3
dago,"Dago, Bandung",2026-10-05,32.73.02.1004,Dago,kelurahan,no,-6.889,107.61,Asia/Jakarta,"BMKG point: Dago, Coblong, Kota Bandung",05-10-2026,GFS,Open-Meteo / NOAA GFS,11:00,2026-10-05 11:00:00,28.8,53.0,0.4,0.8,0.0,1.3588,Hujan Ringan,wmo:51
dago,"Dago, Bandung",2026-10-05,32.73.02.1004,Dago,kelurahan,no,-6.889,107.61,Asia/Jakarta,"BMKG point: Dago, Coblong, Kota Bandung",05-10-2026,GFS,Open-Meteo / NOAA GFS,12:00,2026-10-05 12:00:00,28.0,57.0,2.4,1.8,0.0,1.3588,Hujan Ringan,wmo:80
dago,"Dago, Bandung",2026-10-05,32.73.02.1004,Dago,kelurahan,no,-6.889,107.61,Asia/Jakarta,"BMKG point: Dago, Coblong, Kota Bandung",05-10-2026,GFS,Open-Meteo / NOAA GFS,13:00,2026-10-05 13:00:00,28.0,58.0,3.1,3.1,0.0,1.3588,Hujan Sedang,wmo:81
dago,"Dago, Bandung",2026-10-05,32.73.02.1004,Dago,kelurahan,no,-6.889,107.61,Asia/Jakarta,"BMKG point: Dago, Coblong, Kota Bandung",05-10-2026,GFS,Open-Meteo / NOAA GFS,14:00,2026-10-05 14:00:00,28.1,57.0,2.8,2.6,0.0,1.3588,Hujan Sedang,wmo:81
dago,"Dago, Bandung",2026-10-05,32.73.02.1004,Dago,kelurahan,no,-6.889,107.61,Asia/Jakarta,"BMKG point: Dago, Coblong, Kota Bandung",05-10-2026,GFS,Open-Meteo / NOAA GFS,15:00,2026-10-05 15:00:00,25.4,68.0,1.8,8.3,0.0,1.3588,Hujan Ringan,wmo:80
dago,"Dago, Bandung",2026-10-05,32.73.02.1004,Dago,kelurahan,no,-6.889,107.61,Asia/Jakarta,"BMKG point: Dago, Coblong, Kota Bandung",05-10-2026,GFS,Open-Meteo / NOAA GFS,16:00,2026-10-05 16:00:00,21.8,88.0,1.4,10.1,0.0,1.3588,Hujan Ringan,wmo:80
dago,"Dago, Bandung",2026-10-05,32.73.02.1004,Dago,kelurahan,no,-6.889,107.61,Asia/Jakarta,"BMKG point: Dago, Coblong, Kota Bandung",05-10-2026,GFS,Open-Meteo / NOAA GFS,17:00,2026-10-05 17:00:00,21.9,87.0,2.1,6.0,0.0,1.3588,Hujan Ringan,wmo:80
dago,"Dago, Bandung",2026-10-05,32.73.02.1004,Dago,kelurahan,no,-6.889,107.61,Asia/Jakarta,"BMKG point: Dago, Coblong, Kota Bandung",05-10-2026,GFS,Open-Meteo / NOAA GFS,18:00,2026-10-05 18:00:00,22.0,85.0,1.1,3.9,0.0,1.3588,Hujan Ringan,wmo:55
dago,"Dago, Bandung",2026-10-05,32.73.02.1004,Dago,kelurahan,no,-6.889,107.61,Asia/Jakarta,"BMKG point: Dago, Coblong, Kota Bandung",05-10-2026,GFS,Open-Meteo / NOAA GFS,19:00,2026-10-05 19:00:00,22.5,84.0,0.3,4.8,0.0,1.3588,Hujan Ringan,wmo:51
dago,"Dago, Bandung",2026-10-05,32.73.02.1004,Dago,kelurahan,no,-6.889,107.61,Asia/Jakarta,"BMKG point: Dago, Coblong, Kota Bandung",05-10-2026,GFS,Open-Meteo / NOAA GFS,20:00,2026-10-05 20:00:00,22.9,83.0,0.1,5.4,0.0,1.3588,Hujan Ringan,wmo:51
dago,"Dago, Bandung",2026-10-05,32.73.02.1004,Dago,kelurahan,no,-6.889,107.61,Asia/Jakarta,"BMKG point: Dago, Coblong, Kota Bandung",05-10-2026,GFS,Open-Meteo / NOAA GFS,21:00,2026-10-05 21:00:00,22.7,84.0,0.0,5.1,0.0,1.3588,Berawan,wmo:3
dago,"Dago, Bandung",2026-10-05,32.73.02.1004,Dago,kelurahan,no,-6.889,107.61,Asia/Jakarta,"BMKG point: Dago, Coblong, Kota Bandung",05-10-2026,GFS,Open-Meteo / NOAA GFS,22:00,2026-10-05 22:00:00,22.4,84.0,0.0,5.0,0.0,1.3588,Berawan,wmo:3
dago,"Dago, Bandung",2026-10-05,32.73.02.1004,Dago,kelurahan,no,-6.889,107.61,Asia/Jakarta,"BMKG point: Dago, Coblong, Kota Bandung",05-10-2026,GFS,Open-Meteo / NOAA GFS,23:00,2026-10-05 23:00:00,21.9,86.0,0.0,3.6,0.0,1.3588,Berawan,wmo:3
dago,"Dago, Bandung",2026-10-05,32.73.02.1004,Dago,kelurahan,no,-6.889,107.61,Asia/Jakarta,"BMKG point: Dago, Coblong, Kota Bandung",05-10-2026,ICON,Open-Meteo / DWD ICON,00:00,2026-10-05 00:00:00,22.3,71.0,0.0,3.4,0.0,1.4267,Berawan,wmo:3
dago,"Dago, Bandung",2026-10-05,32.73.02.1004,Dago,kelurahan,no,-6.889,107.61,Asia/Jakarta,"BMKG point: Dago, Coblong, Kota Bandung",05-10-2026,ICON,Open-Meteo / DWD ICON,01:00,2026-10-05 01:00:00,21.5,73.0,0.0,3.6,0.0,1.4267,Berawan,wmo:3
dago,"Dago, Bandung",2026-10-05,32.73.02.1004,Dago,kelurahan,no,-6.889,107.61,Asia/Jakarta,"BMKG point: Dago, Coblong, Kota Bandung",05-10-2026,ICON,Open-Meteo / DWD ICON,02:00,2026-10-05 02:00:00,20.8,76.0,0.0,2.9,0.0,1.4267,Berawan,wmo:3
dago,"Dago, Bandung",2026-10-05,32.73.02.1004,Dago,kelurahan,no,-6.889,107.61,Asia/Jakarta,"BMKG point: Dago, Coblong, Kota Bandung",05-10-2026,ICON,Open-Meteo / DWD ICON,03:00,2026-10-05 03:00:00,20.2,81.0,0.0,3.2,0.0,1.4267,Cerah Berawan,wmo:2
dago,"Dago, Bandung",2026-10-05,32.73.02.1004,Dago,kelurahan,no,-6.889,107.61,Asia/Jakarta,"BMKG point: Dago, Coblong, Kota Bandung",05-10-2026,ICON,Open-Meteo / DWD ICON,04:00,2026-10-05 04:00:00,19.7,85.0,0.0,3.7,0.0,1.4267,Cerah Berawan,wmo:2
dago,"Dago, Bandung",2026-10-05,32.73.02.1004,Dago,kelurahan,no,-6.889,107.61,Asia/Jakarta,"BMKG point: Dago, Coblong, Kota Bandung",05-10-2026,ICON,Open-Meteo / DWD ICON,05:00,2026-10-05 05:00:00,19.5,87.0,0.0,3.2,0.0,1.4267,Cerah Berawan,wmo:2
dago,"Dago, Bandung",2026-10-05,32.73.02.1004,Dago,kelurahan,no,-6.889,107.61,Asia/Jakarta,"BMKG point: Dago, Coblong, Kota Bandung",05-10-2026,ICON,Open-Meteo / DWD ICON,06:00,2026-10-05 06:00:00,19.4,89.0,0.0,3.6,0.0,1.4267,Cerah Berawan,wmo:2
dago,"Dago, Bandung",2026-10-05,32.73.02.1004,Dago,kelurahan,no,-6.889,107.61,Asia/Jakarta,"BMKG point: Dago, Coblong, Kota Bandung",05-10-2026,ICON,Open-Meteo / DWD ICON,07:00,2026-10-05 07:00:00,21.2,80.0,0.0,2.9,0.0,1.4267,Cerah Berawan,wmo:2
dago,"Dago, Bandung",2026-10-05,32.73.02.1004,Dago,kelurahan,no,-6.889,107.61,Asia/Jakarta,"BMKG point: Dago, Coblong, Kota Bandung",05-10-2026,ICON,Open-Meteo / DWD ICON,08:00,2026-10-05 08:00:00,23.8,69.0,0.0,5.0,0.0,1.4267,Cerah Berawan,wmo:2
dago,"Dago, Bandung",2026-10-05,32.73.02.1004,Dago,kelurahan,no,-6.889,107.61,Asia/Jakarta,"BMKG point: Dago, Coblong, Kota Bandung",05-10-2026,ICON,Open-Meteo / DWD ICON,09:00,2026-10-05 09:00:00,26.3,60.0,0.0,5.9,0.0,1.4267,Cerah Berawan,wmo:2
dago,"Dago, Bandung",2026-10-05,32.73.02.1004,Dago,kelurahan,no,-6.889,107.61,Asia/Jakarta,"BMKG point: Dago, Coblong, Kota Bandung",05-10-2026,ICON,Open-Meteo / DWD ICON,10:00,2026-10-05 10:00:00,28.2,51.0,0.0,5.4,0.0,1.4267,Cerah Berawan,wmo:2
dago,"Dago, Bandung",2026-10-05,32.73.02.1004,Dago,kelurahan,no,-6.889,107.61,Asia/Jakarta,"BMKG point: Dago, Coblong, Kota Bandung",05-10-2026,ICON,Open-Meteo / DWD ICON,11:00,2026-10-05 11:00:00,29.3,46.0,0.0,4.8,0.0,1.4267,Berawan,wmo:3
dago,"Dago, Bandung",2026-10-05,32.73.02.1004,Dago,kelurahan,no,-6.889,107.61,Asia/Jakarta,"BMKG point: Dago, Coblong, Kota Bandung",05-10-2026,ICON,Open-Meteo / DWD ICON,12:00,2026-10-05 12:00:00,30.2,43.0,0.0,2.4,0.0,1.4267,Berawan,wmo:3
dago,"Dago, Bandung",2026-10-05,32.73.02.1004,Dago,kelurahan,no,-6.889,107.61,Asia/Jakarta,"BMKG point: Dago, Coblong, Kota Bandung",05-10-2026,ICON,Open-Meteo / DWD ICON,13:00,2026-10-05 13:00:00,30.5,41.0,0.0,3.9,0.0,1.4267,Berawan,wmo:3
dago,"Dago, Bandung",2026-10-05,32.73.02.1004,Dago,kelurahan,no,-6.889,107.61,Asia/Jakarta,"BMKG point: Dago, Coblong, Kota Bandung",05-10-2026,ICON,Open-Meteo / DWD ICON,14:00,2026-10-05 14:00:00,31.0,41.0,0.0,6.8,0.0,1.4267,Berawan,wmo:3
dago,"Dago, Bandung",2026-10-05,32.73.02.1004,Dago,kelurahan,no,-6.889,107.61,Asia/Jakarta,"BMKG point: Dago, Coblong, Kota Bandung",05-10-2026,ICON,Open-Meteo / DWD ICON,15:00,2026-10-05 15:00:00,30.6,43.0,0.0,6.5,0.0,1.4267,Berawan,wmo:3
dago,"Dago, Bandung",2026-10-05,32.73.02.1004,Dago,kelurahan,no,-6.889,107.61,Asia/Jakarta,"BMKG point: Dago, Coblong, Kota Bandung",05-10-2026,ICON,Open-Meteo / DWD ICON,16:00,2026-10-05 16:00:00,29.9,46.0,0.0,5.0,0.0,1.4267,Berawan,wmo:3
dago,"Dago, Bandung",2026-10-05,32.73.02.1004,Dago,kelurahan,no,-6.889,107.61,Asia/Jakarta,"BMKG point: Dago, Coblong, Kota Bandung",05-10-2026,ICON,Open-Meteo / DWD ICON,17:00,2026-10-05 17:00:00,29.0,51.0,0.0,4.5,0.0,1.4267,Berawan,wmo:3
dago,"Dago, Bandung",2026-10-05,32.73.02.1004,Dago,kelurahan,no,-6.889,107.61,Asia/Jakarta,"BMKG point: Dago, Coblong, Kota Bandung",05-10-2026,ICON,Open-Meteo / DWD ICON,18:00,2026-10-05 18:00:00,27.6,59.0,0.0,6.0,0.0,1.4267,Cerah Berawan,wmo:2
dago,"Dago, Bandung",2026-10-05,32.73.02.1004,Dago,kelurahan,no,-6.889,107.61,Asia/Jakarta,"BMKG point: Dago, Coblong, Kota Bandung",05-10-2026,ICON,Open-Meteo / DWD ICON,19:00,2026-10-05 19:00:00,26.1,67.0,0.0,3.9,0.0,1.4267,Berawan,wmo:3
dago,"Dago, Bandung",2026-10-05,32.73.02.1004,Dago,kelurahan,no,-6.889,107.61,Asia/Jakarta,"BMKG point: Dago, Coblong, Kota Bandung",05-10-2026,ICON,Open-Meteo / DWD ICON,20:00,2026-10-05 20:00:00,25.3,73.0,0.0,2.7,0.0,1.4267,Berawan,wmo:3
dago,"Dago, Bandung",2026-10-05,32.73.02.1004,Dago,kelurahan,no,-6.889,107.61,Asia/Jakarta,"BMKG point: Dago, Coblong, Kota Bandung",05-10-2026,ICON,Open-Meteo / DWD ICON,21:00,2026-10-05 21:00:00,24.3,79.0,0.0,2.6,0.0,1.4267,Cerah Berawan,wmo:2
dago,"Dago, Bandung",2026-10-05,32.73.02.1004,Dago,kelurahan,no,-6.889,107.61,Asia/Jakarta,"BMKG point: Dago, Coblong, Kota Bandung",05-10-2026,ICON,Open-Meteo / DWD ICON,22:00,2026-10-05 22:00:00,23.7,82.0,0.0,2.6,0.0,1.4267,Berawan,wmo:3
dago,"Dago, Bandung",2026-10-05,32.73.02.1004,Dago,kelurahan,no,-6.889,107.61,Asia/Jakarta,"BMKG point: Dago, Coblong, Kota Bandung",05-10-2026,ICON,Open-Meteo / DWD ICON,23:00,2026-10-05 23:00:00,23.2,82.0,0.0,3.7,0.0,1.4267,Berawan,wmo:3
dago,"Dago, Bandung",2026-10-05,32.73.02.1004,Dago,kelurahan,no,-6.889,107.61,Asia/Jakarta,"BMKG point: Dago, Coblong, Kota Bandung",05-10-2026,KMA,Open-Meteo / KMA,00:00,2026-10-05 00:00:00,,,,,0.0,0.5241,Berawan,wmo:None
dago,"Dago, Bandung",2026-10-05,32.73.02.1004,Dago,kelurahan,no,-6.889,107.61,Asia/Jakarta,"BMKG point: Dago, Coblong, Kota Bandung",05-10-2026,KMA,Open-Meteo / KMA,01:00,2026-10-05 01:00:00,,,,,0.0,0.5241,Berawan,wmo:None
dago,"Dago, Bandung",2026-10-05,32.73.02.1004,Dago,kelurahan,no,-6.889,107.61,Asia/Jakarta,"BMKG point: Dago, Coblong, Kota Bandung",05-10-2026,KMA,Open-Meteo / KMA,02:00,2026-10-05 02:00:00,,,,,0.0,0.5241,Berawan,wmo:None
dago,"Dago, Bandung",2026-10-05,32.73.02.1004,Dago,kelurahan,no,-6.889,107.61,Asia/Jakarta,"BMKG point: Dago, Coblong, Kota Bandung",05-10-2026,KMA,Open-Meteo / KMA,03:00,2026-10-05 03:00:00,,,,,0.0,0.5241,Berawan,wmo:None
dago,"Dago, Bandung",2026-10-05,32.73.02.1004,Dago,kelurahan,no,-6.889,107.61,Asia/Jakarta,"BMKG point: Dago, Coblong, Kota Bandung",05-10-2026,KMA,Open-Meteo / KMA,04:00,2026-10-05 04:00:00,,,,,0.0,0.5241,Berawan,wmo:None
dago,"Dago, Bandung",2026-10-05,32.73.02.1004,Dago,kelurahan,no,-6.889,107.61,Asia/Jakarta,"BMKG point: Dago, Coblong, Kota Bandung",05-10-2026,KMA,Open-Meteo / KMA,05:00,2026-10-05 05:00:00,,,,,0.0,0.5241,Berawan,wmo:None
dago,"Dago, Bandung",2026-10-05,32.73.02.1004,Dago,kelurahan,no,-6.889,107.61,Asia/Jakarta,"BMKG point: Dago, Coblong, Kota Bandung",05-10-2026,KMA,Open-Meteo / KMA,06:00,2026-10-05 06:00:00,,,,,0.0,0.5241,Berawan,wmo:None
dago,"Dago, Bandung",2026-10-05,32.73.02.1004,Dago,kelurahan,no,-6.889,107.61,Asia/Jakarta,"BMKG point: Dago, Coblong, Kota Bandung",05-10-2026,KMA,Open-Meteo / KMA,07:00,2026-10-05 07:00:00,,,,,0.0,0.5241,Berawan,wmo:None
dago,"Dago, Bandung",2026-10-05,32.73.02.1004,Dago,kelurahan,no,-6.889,107.61,Asia/Jakarta,"BMKG point: Dago, Coblong, Kota Bandung",05-10-2026,KMA,Open-Meteo / KMA,08:00,2026-10-05 08:00:00,,,,,0.0,0.5241,Berawan,wmo:None
dago,"Dago, Bandung",2026-10-05,32.73.02.1004,Dago,kelurahan,no,-6.889,107.61,Asia/Jakarta,"BMKG point: Dago, Coblong, Kota Bandung",05-10-2026,KMA,Open-Meteo / KMA,09:00,2026-10-05 09:00:00,,,,,0.0,0.5241,Berawan,wmo:None
dago,"Dago, Bandung",2026-10-05,32.73.02.1004,Dago,kelurahan,no,-6.889,107.61,Asia/Jakarta,"BMKG point: Dago, Coblong, Kota Bandung",05-10-2026,KMA,Open-Meteo / KMA,10:00,2026-10-05 10:00:00,,,,,0.0,0.5241,Berawan,wmo:None
dago,"Dago, Bandung",2026-10-05,32.73.02.1004,Dago,kelurahan,no,-6.889,107.61,Asia/Jakarta,"BMKG point: Dago, Coblong, Kota Bandung",05-10-2026,KMA,Open-Meteo / KMA,11:00,2026-10-05 11:00:00,,,,,0.0,0.5241,Berawan,wmo:None
dago,"Dago, Bandung",2026-10-05,32.73.02.1004,Dago,kelurahan,no,-6.889,107.61,Asia/Jakarta,"BMKG point: Dago, Coblong, Kota Bandung",05-10-2026,KMA,Open-Meteo / KMA,12:00,2026-10-05 12:00:00,,,,,0.0,0.5241,Berawan,wmo:None
dago,"Dago, Bandung",2026-10-05,32.73.02.1004,Dago,kelurahan,no,-6.889,107.61,Asia/Jakarta,"BMKG point: Dago, Coblong, Kota Bandung",05-10-2026,KMA,Open-Meteo / KMA,13:00,2026-10-05 13:00:00,,,,,0.0,0.5241,Berawan,wmo:None
dago,"Dago, Bandung",2026-10-05,32.73.02.1004,Dago,kelurahan,no,-6.889,107.61,Asia/Jakarta,"BMKG point: Dago, Coblong, Kota Bandung",05-10-2026,KMA,Open-Meteo / KMA,14:00,2026-10-05 14:00:00,,,,,0.0,0.5241,Berawan,wmo:None
dago,"Dago, Bandung",2026-10-05,32.73.02.1004,Dago,kelurahan,no,-6.889,107.61,Asia/Jakarta,"BMKG point: Dago, Coblong, Kota Bandung",05-10-2026,KMA,Open-Meteo / KMA,15:00,2026-10-05 15:00:00,,,,,0.0,0.5241,Berawan,wmo:None
dago,"Dago, Bandung",2026-10-05,32.73.02.1004,Dago,kelurahan,no,-6.889,107.61,Asia/Jakarta,"BMKG point: Dago, Coblong, Kota Bandung",05-10-2026,KMA,Open-Meteo / KMA,16:00,2026-10-05 16:00:00,,,,,0.0,0.5241,Berawan,wmo:None
dago,"Dago, Bandung",2026-10-05,32.73.02.1004,Dago,kelurahan,no,-6.889,107.61,Asia/Jakarta,"BMKG point: Dago, Coblong, Kota Bandung",05-10-2026,KMA,Open-Meteo / KMA,17:00,2026-10-05 17:00:00,,,,,0.0,0.5241,Berawan,wmo:None
dago,"Dago, Bandung",2026-10-05,32.73.02.1004,Dago,kelurahan,no,-6.889,107.61,Asia/Jakarta,"BMKG point: Dago, Coblong, Kota Bandung",05-10-2026,KMA,Open-Meteo / KMA,18:00,2026-10-05 18:00:00,,,,,0.0,0.5241,Berawan,wmo:None
dago,"Dago, Bandung",2026-10-05,32.73.02.1004,Dago,kelurahan,no,-6.889,107.61,Asia/Jakarta,"BMKG point: Dago, Coblong, Kota Bandung",05-10-2026,KMA,Open-Meteo / KMA,19:00,2026-10-05 19:00:00,,,,,0.0,0.5241,Berawan,wmo:None
dago,"Dago, Bandung",2026-10-05,32.73.02.1004,Dago,kelurahan,no,-6.889,107.61,Asia/Jakarta,"BMKG point: Dago, Coblong, Kota Bandung",05-10-2026,KMA,Open-Meteo / KMA,20:00,2026-10-05 20:00:00,,,,,0.0,0.5241,Berawan,wmo:None
dago,"Dago, Bandung",2026-10-05,32.73.02.1004,Dago,kelurahan,no,-6.889,107.61,Asia/Jakarta,"BMKG point: Dago, Coblong, Kota Bandung",05-10-2026,KMA,Open-Meteo / KMA,21:00,2026-10-05 21:00:00,,,,,0.0,0.5241,Berawan,wmo:None
dago,"Dago, Bandung",2026-10-05,32.73.02.1004,Dago,kelurahan,no,-6.889,107.61,Asia/Jakarta,"BMKG point: Dago, Coblong, Kota Bandung",05-10-2026,KMA,Open-Meteo / KMA,22:00,2026-10-05 22:00:00,,,,,0.0,0.5241,Berawan,wmo:None
dago,"Dago, Bandung",2026-10-05,32.73.02.1004,Dago,kelurahan,no,-6.889,107.61,Asia/Jakarta,"BMKG point: Dago, Coblong, Kota Bandung",05-10-2026,KMA,Open-Meteo / KMA,23:00,2026-10-05 23:00:00,,,,,0.0,0.5241,Berawan,wmo:None
dago,"Dago, Bandung",2026-10-05,32.73.02.1004,Dago,kelurahan,no,-6.889,107.61,Asia/Jakarta,"BMKG point: Dago, Coblong, Kota Bandung",05-10-2026,METEOFRANCE,Open-Meteo / Meteo-France,00:00,2026-10-05 00:00:00,25.6,98.0,0.2,3.4,0.0,1.4178,Hujan Ringan,wmo:51
dago,"Dago, Bandung",2026-10-05,32.73.02.1004,Dago,kelurahan,no,-6.889,107.61,Asia/Jakarta,"BMKG point: Dago, Coblong, Kota Bandung",05-10-2026,METEOFRANCE,Open-Meteo / Meteo-France,01:00,2026-10-05 01:00:00,25.5,98.0,0.3,3.2,0.0,1.4178,Hujan Ringan,wmo:51
dago,"Dago, Bandung",2026-10-05,32.73.02.1004,Dago,kelurahan,no,-6.889,107.61,Asia/Jakarta,"BMKG point: Dago, Coblong, Kota Bandung",05-10-2026,METEOFRANCE,Open-Meteo / Meteo-France,02:00,2026-10-05 02:00:00,25.4,97.0,0.2,3.1,0.0,1.4178,Hujan Ringan,wmo:51
dago,"Dago, Bandung",2026-10-05,32.73.02.1004,Dago,kelurahan,no,-6.889,107.61,Asia/Jakarta,"BMKG point: Dago, Coblong, Kota Bandung",05-10-2026,METEOFRANCE,Open-Meteo / Meteo-France,03:00,2026-10-05 03:00:00,25.4,94.0,0.1,2.4,0.0,1.4178,Hujan Ringan,wmo:51
dago,"Dago, Bandung",2026-10-05,32.73.02.1004,Dago,kelurahan,no,-6.889,107.61,Asia/Jakarta,"BMKG point: Dago, Coblong, Kota Bandung",05-10-2026,METEOFRANCE,Open-Meteo / Meteo-France,04:00,2026-10-05 04:00:00,25.5,94.0,0.0,0.7,0.0,1.4178,Berawan,wmo:3
dago,"Dago, Bandung",2026-10-05,32.73.02.1004,Dago,kelurahan,no,-6.889,107.61,Asia/Jakarta,"BMKG point: Dago, Coblong, Kota Bandung",05-10-2026,METEOFRANCE,Open-Meteo / Meteo-France,05:00,2026-10-05 05:00:00,25.4,95.0,0.0,1.0,0.0,1.4178,Berawan,wmo:3
dago,"Dago, Bandung",2026-10-05,32.73.02.1004,Dago,kelurahan,no,-6.889,107.61,Asia/Jakarta,"BMKG point: Dago, Coblong, Kota Bandung",05-10-2026,METEOFRANCE,Open-Meteo / Meteo-France,06:00,2026-10-05 06:00:00,25.5,95.0,0.0,1.8,0.0,1.4178,Cerah Berawan,wmo:2
dago,"Dago, Bandung",2026-10-05,32.73.02.1004,Dago,kelurahan,no,-6.889,107.61,Asia/Jakarta,"BMKG point: Dago, Coblong, Kota Bandung",05-10-2026,METEOFRANCE,Open-Meteo / Meteo-France,07:00,2026-10-05 07:00:00,26.1,93.0,0.0,2.6,0.0,1.4178,Cerah Berawan,wmo:1
dago,"Dago, Bandung",2026-10-05,32.73.02.1004,Dago,kelurahan,no,-6.889,107.61,Asia/Jakarta,"BMKG point: Dago, Coblong, Kota Bandung",05-10-2026,METEOFRANCE,Open-Meteo / Meteo-France,08:00,2026-10-05 08:00:00,27.3,86.0,0.0,2.6,0.0,1.4178,Cerah Berawan,wmo:1
dago,"Dago, Bandung",2026-10-05,32.73.02.1004,Dago,kelurahan,no,-6.889,107.61,Asia/Jakarta,"BMKG point: Dago, Coblong, Kota Bandung",05-10-2026,METEOFRANCE,Open-Meteo / Meteo-France,09:00,2026-10-05 09:00:00,29.2,72.0,0.0,4.6,0.0,1.4178,Cerah Berawan,wmo:1
dago,"Dago, Bandung",2026-10-05,32.73.02.1004,Dago,kelurahan,no,-6.889,107.61,Asia/Jakarta,"BMKG point: Dago, Coblong, Kota Bandung",05-10-2026,METEOFRANCE,Open-Meteo / Meteo-France,10:00,2026-10-05 10:00:00,30.7,64.0,0.0,6.5,0.0,1.4178,Cerah Berawan,wmo:2
dago,"Dago, Bandung",2026-10-05,32.73.02.1004,Dago,kelurahan,no,-6.889,107.61,Asia/Jakarta,"BMKG point: Dago, Coblong, Kota Bandung",05-10-2026,METEOFRANCE,Open-Meteo / Meteo-France,11:00,2026-10-05 11:00:00,31.9,59.0,0.0,8.6,0.0,1.4178,Cerah Berawan,wmo:2
dago,"Dago, Bandung",2026-10-05,32.73.02.1004,Dago,kelurahan,no,-6.889,107.61,Asia/Jakarta,"BMKG point: Dago, Coblong, Kota Bandung",05-10-2026,METEOFRANCE,Open-Meteo / Meteo-France,12:00,2026-10-05 12:00:00,32.5,58.0,0.0,9.9,0.0,1.4178,Cerah Berawan,wmo:2
dago,"Dago, Bandung",2026-10-05,32.73.02.1004,Dago,kelurahan,no,-6.889,107.61,Asia/Jakarta,"BMKG point: Dago, Coblong, Kota Bandung",05-10-2026,METEOFRANCE,Open-Meteo / Meteo-France,13:00,2026-10-05 13:00:00,32.5,59.0,0.1,10.8,0.0,1.4178,Hujan Ringan,wmo:51
dago,"Dago, Bandung",2026-10-05,32.73.02.1004,Dago,kelurahan,no,-6.889,107.61,Asia/Jakarta,"BMKG point: Dago, Coblong, Kota Bandung",05-10-2026,METEOFRANCE,Open-Meteo / Meteo-France,14:00,2026-10-05 14:00:00,32.2,59.0,0.2,10.3,0.0,1.4178,Hujan Ringan,wmo:51
dago,"Dago, Bandung",2026-10-05,32.73.02.1004,Dago,kelurahan,no,-6.889,107.61,Asia/Jakarta,"BMKG point: Dago, Coblong, Kota Bandung",05-10-2026,METEOFRANCE,Open-Meteo / Meteo-France,15:00,2026-10-05 15:00:00,31.5,60.0,0.2,8.9,0.0,1.4178,Hujan Ringan,wmo:51
dago,"Dago, Bandung",2026-10-05,32.73.02.1004,Dago,kelurahan,no,-6.889,107.61,Asia/Jakarta,"BMKG point: Dago, Coblong, Kota Bandung",05-10-2026,METEOFRANCE,Open-Meteo / Meteo-France,16:00,2026-10-05 16:00:00,30.8,63.0,0.2,7.7,0.0,1.4178,Hujan Ringan,wmo:51
dago,"Dago, Bandung",2026-10-05,32.73.02.1004,Dago,kelurahan,no,-6.889,107.61,Asia/Jakarta,"BMKG point: Dago, Coblong, Kota Bandung",05-10-2026,METEOFRANCE,Open-Meteo / Meteo-France,17:00,2026-10-05 17:00:00,29.9,67.0,0.1,7.1,0.0,1.4178,Hujan Ringan,wmo:51
dago,"Dago, Bandung",2026-10-05,32.73.02.1004,Dago,kelurahan,no,-6.889,107.61,Asia/Jakarta,"BMKG point: Dago, Coblong, Kota Bandung",05-10-2026,METEOFRANCE,Open-Meteo / Meteo-France,18:00,2026-10-05 18:00:00,29.0,73.0,0.1,6.5,0.0,1.4178,Hujan Ringan,wmo:51
dago,"Dago, Bandung",2026-10-05,32.73.02.1004,Dago,kelurahan,no,-6.889,107.61,Asia/Jakarta,"BMKG point: Dago, Coblong, Kota Bandung",05-10-2026,METEOFRANCE,Open-Meteo / Meteo-France,19:00,2026-10-05 19:00:00,28.2,79.0,0.1,5.9,0.0,1.4178,Hujan Ringan,wmo:51
dago,"Dago, Bandung",2026-10-05,32.73.02.1004,Dago,kelurahan,no,-6.889,107.61,Asia/Jakarta,"BMKG point: Dago, Coblong, Kota Bandung",05-10-2026,METEOFRANCE,Open-Meteo / Meteo-France,20:00,2026-10-05 20:00:00,27.5,85.0,0.2,5.5,0.0,1.4178,Hujan Ringan,wmo:51
dago,"Dago, Bandung",2026-10-05,32.73.02.1004,Dago,kelurahan,no,-6.889,107.61,Asia/Jakarta,"BMKG point: Dago, Coblong, Kota Bandung",05-10-2026,METEOFRANCE,Open-Meteo / Meteo-France,21:00,2026-10-05 21:00:00,26.9,91.0,0.2,4.7,0.0,1.4178,Hujan Ringan,wmo:51
dago,"Dago, Bandung",2026-10-05,32.73.02.1004,Dago,kelurahan,no,-6.889,107.61,Asia/Jakarta,"BMKG point: Dago, Coblong, Kota Bandung",05-10-2026,METEOFRANCE,Open-Meteo / Meteo-France,22:00,2026-10-05 22:00:00,26.5,95.0,0.2,4.0,0.0,1.4178,Hujan Ringan,wmo:51
dago,"Dago, Bandung",2026-10-05,32.73.02.1004,Dago,kelurahan,no,-6.889,107.61,Asia/Jakarta,"BMKG point: Dago, Coblong, Kota Bandung",05-10-2026,METEOFRANCE,Open-Meteo / Meteo-France,23:00,2026-10-05 23:00:00,26.1,97.0,0.3,3.3,0.0,1.4178,Hujan Ringan,wmo:51
dago,"Dago, Bandung",2026-10-05,32.73.02.1004,Dago,kelurahan,no,-6.889,107.61,Asia/Jakarta,"BMKG point: Dago, Coblong, Kota Bandung",05-10-2026,METNO,MET Norway,00:00,2026-10-05 00:00:00,22.0,79.7,0.0,5.4,0.0,1.321,Cerah Berawan,partlycloudy_night
dago,"Dago, Bandung",2026-10-05,32.73.02.1004,Dago,kelurahan,no,-6.889,107.61,Asia/Jakarta,"BMKG point: Dago, Coblong, Kota Bandung",05-10-2026,METNO,MET Norway,01:00,2026-10-05 01:00:00,21.5,81.4,0.0,4.68,0.0,1.321,Cerah Berawan,partlycloudy_night
dago,"Dago, Bandung",2026-10-05,32.73.02.1004,Dago,kelurahan,no,-6.889,107.61,Asia/Jakarta,"BMKG point: Dago, Coblong, Kota Bandung",05-10-2026,METNO,MET Norway,02:00,2026-10-05 02:00:00,21.0,83.4,0.0,4.68,0.0,1.321,Cerah Berawan,partlycloudy_night
dago,"Dago, Bandung",2026-10-05,32.73.02.1004,Dago,kelurahan,no,-6.889,107.61,Asia/Jakarta,"BMKG point: Dago, Coblong, Kota Bandung",05-10-2026,METNO,MET Norway,03:00,2026-10-05 03:00:00,20.8,83.2,0.0,5.04,0.0,1.321,Cerah Berawan,fair_night
dago,"Dago, Bandung",2026-10-05,32.73.02.1004,Dago,kelurahan,no,-6.889,107.61,Asia/Jakarta,"BMKG point: Dago, Coblong, Kota Bandung",05-10-2026,METNO,MET Norway,04:00,2026-10-05 04:00:00,20.6,82.5,0.0,4.68,0.0,1.321,Cerah Berawan,fair_night
dago,"Dago, Bandung",2026-10-05,32.73.02.1004,Dago,kelurahan,no,-6.889,107.61,Asia/Jakarta,"BMKG point: Dago, Coblong, Kota Bandung",05-10-2026,METNO,MET Norway,05:00,2026-10-05 05:00:00,20.6,80.7,0.0,5.04,0.0,1.321,Cerah Berawan,fair_night
dago,"Dago, Bandung",2026-10-05,32.73.02.1004,Dago,kelurahan,no,-6.889,107.61,Asia/Jakarta,"BMKG point: Dago, Coblong, Kota Bandung",05-10-2026,METNO,MET Norway,06:00,2026-10-05 06:00:00,20.5,79.1,0.0,6.48,0.0,1.321,Cerah Berawan,fair_day
dago,"Dago, Bandung",2026-10-05,32.73.02.1004,Dago,kelurahan,no,-6.889,107.61,Asia/Jakarta,"BMKG point: Dago, Coblong, Kota Bandung",05-10-2026,METNO,MET Norway,07:00,2026-10-05 07:00:00,22.0,71.3,0.0,5.76,0.0,1.321,Cerah Berawan,partlycloudy_day
dago,"Dago, Bandung",2026-10-05,32.73.02.1004,Dago,kelurahan,no,-6.889,107.61,Asia/Jakarta,"BMKG point: Dago, Coblong, Kota Bandung",05-10-2026,METNO,MET Norway,08:00,2026-10-05 08:00:00,23.9,60.6,0.0,4.68,0.0,1.321,Berawan,cloudy
dago,"Dago, Bandung",2026-10-05,32.73.02.1004,Dago,kelurahan,no,-6.889,107.61,Asia/Jakarta,"BMKG point: Dago, Coblong, Kota Bandung",05-10-2026,METNO,MET Norway,09:00,2026-10-05 09:00:00,25.6,52.1,0.0,3.6,0.0,1.321,Berawan,cloudy
dago,"Dago, Bandung",2026-10-05,32.73.02.1004,Dago,kelurahan,no,-6.889,107.61,Asia/Jakarta,"BMKG point: Dago, Coblong, Kota Bandung",05-10-2026,METNO,MET Norway,10:00,2026-10-05 10:00:00,27.6,45.8,0.0,4.32,0.0,1.321,Berawan,cloudy
dago,"Dago, Bandung",2026-10-05,32.73.02.1004,Dago,kelurahan,no,-6.889,107.61,Asia/Jakarta,"BMKG point: Dago, Coblong, Kota Bandung",05-10-2026,METNO,MET Norway,11:00,2026-10-05 11:00:00,28.7,44.9,0.5,7.56,0.0,1.321,Hujan Ringan,rain
dago,"Dago, Bandung",2026-10-05,32.73.02.1004,Dago,kelurahan,no,-6.889,107.61,Asia/Jakarta,"BMKG point: Dago, Coblong, Kota Bandung",05-10-2026,METNO,MET Norway,12:00,2026-10-05 12:00:00,28.0,50.3,2.2,9.36,0.0,1.321,Hujan Lebat,heavyrain
dago,"Dago, Bandung",2026-10-05,32.73.02.1004,Dago,kelurahan,no,-6.889,107.61,Asia/Jakarta,"BMKG point: Dago, Coblong, Kota Bandung",05-10-2026,METNO,MET Norway,13:00,2026-10-05 13:00:00,25.0,66.8,1.3,12.6,0.0,1.321,Hujan Lebat,heavyrain
dago,"Dago, Bandung",2026-10-05,32.73.02.1004,Dago,kelurahan,no,-6.889,107.61,Asia/Jakarta,"BMKG point: Dago, Coblong, Kota Bandung",05-10-2026,METNO,MET Norway,14:00,2026-10-05 14:00:00,25.9,66.6,0.4,14.4,0.0,1.321,Hujan Ringan,rain
dago,"Dago, Bandung",2026-10-05,32.73.02.1004,Dago,kelurahan,no,-6.889,107.61,Asia/Jakarta,"BMKG point: Dago, Coblong, Kota Bandung",05-10-2026,METNO,MET Norway,15:00,2026-10-05 15:00:00,27.6,56.2,0.7,10.08,0.0,1.321,Hujan Ringan,rainshowers_day
dago,"Dago, Bandung",2026-10-05,32.73.02.1004,Dago,kelurahan,no,-6.889,107.61,Asia/Jakarta,"BMKG point: Dago, Coblong, Kota Bandung",05-10-2026,METNO,MET Norway,16:00,2026-10-05 16:00:00,25.9,62.0,0.4,9.72,0.0,1.321,Hujan Ringan,rainshowers_day
dago,"Dago, Bandung",2026-10-05,32.73.02.1004,Dago,kelurahan,no,-6.889,107.61,Asia/Jakarta,"BMKG point: Dago, Coblong, Kota Bandung",05-10-2026,METNO,MET Norway,17:00,2026-10-05 17:00:00,24.7,67.3,0.2,3.96,0.0,1.321,Hujan Ringan,lightrainshowers_day
dago,"Dago, Bandung",2026-10-05,32.73.02.1004,Dago,kelurahan,no,-6.889,107.61,Asia/Jakarta,"BMKG point: Dago, Coblong, Kota Bandung",05-10-2026,METNO,MET Norway,18:00,2026-10-05 18:00:00,23.8,71.8,0.0,3.6,0.0,1.321,Cerah Berawan,partlycloudy_night
dago,"Dago, Bandung",2026-10-05,32.73.02.1004,Dago,kelurahan,no,-6.889,107.61,Asia/Jakarta,"BMKG point: Dago, Coblong, Kota Bandung",05-10-2026,METNO,MET Norway,19:00,2026-10-05 19:00:00,23.4,72.8,0.0,2.52,0.0,1.321,Berawan,cloudy
dago,"Dago, Bandung",2026-10-05,32.73.02.1004,Dago,kelurahan,no,-6.889,107.61,Asia/Jakarta,"BMKG point: Dago, Coblong, Kota Bandung",05-10-2026,METNO,MET Norway,20:00,2026-10-05 20:00:00,22.9,76.2,0.0,5.04,0.0,1.321,Cerah Berawan,partlycloudy_night
dago,"Dago, Bandung",2026-10-05,32.73.02.1004,Dago,kelurahan,no,-6.889,107.61,Asia/Jakarta,"BMKG point: Dago, Coblong, Kota Bandung",05-10-2026,METNO,MET Norway,21:00,2026-10-05 21:00:00,22.6,80.1,0.0,4.68,0.0,1.321,Berawan,cloudy
dago,"Dago, Bandung",2026-10-05,32.73.02.1004,Dago,kelurahan,no,-6.889,107.61,Asia/Jakarta,"BMKG point: Dago, Coblong, Kota Bandung",05-10-2026,METNO,MET Norway,22:00,2026-10-05 22:00:00,22.1,83.2,0.0,5.4,0.0,1.321,Berawan,cloudy
dago,"Dago, Bandung",2026-10-05,32.73.02.1004,Dago,kelurahan,no,-6.889,107.61,Asia/Jakarta,"BMKG point: Dago, Coblong, Kota Bandung",05-10-2026,METNO,MET Norway,23:00,2026-10-05 23:00:00,21.6,86.5,0.0,6.12,0.0,1.321,Cerah Berawan,partlycloudy_night
dago,"Dago, Bandung",2026-10-05,32.73.02.1004,Dago,kelurahan,no,-6.889,107.61,Asia/Jakarta,"BMKG point: Dago, Coblong, Kota Bandung",05-10-2026,UKMO,Open-Meteo / UK Met Office,00:00,2026-10-05 00:00:00,21.4,85.0,0.0,5.0,0.0,1.3083,Cerah Berawan,wmo:1
dago,"Dago, Bandung",2026-10-05,32.73.02.1004,Dago,kelurahan,no,-6.889,107.61,Asia/Jakarta,"BMKG point: Dago, Coblong, Kota Bandung",05-10-2026,UKMO,Open-Meteo / UK Met Office,01:00,2026-10-05 01:00:00,21.0,86.0,0.0,5.0,0.0,1.3083,Berawan,wmo:3
dago,"Dago, Bandung",2026-10-05,32.73.02.1004,Dago,kelurahan,no,-6.889,107.61,Asia/Jakarta,"BMKG point: Dago, Coblong, Kota Bandung",05-10-2026,UKMO,Open-Meteo / UK Met Office,02:00,2026-10-05 02:00:00,20.7,87.0,0.0,5.4,0.0,1.3083,Cerah Berawan,wmo:1
dago,"Dago, Bandung",2026-10-05,32.73.02.1004,Dago,kelurahan,no,-6.889,107.61,Asia/Jakarta,"BMKG point: Dago, Coblong, Kota Bandung",05-10-2026,UKMO,Open-Meteo / UK Met Office,03:00,2026-10-05 03:00:00,20.4,88.0,0.0,5.0,0.0,1.3083,Cerah Berawan,wmo:1
dago,"Dago, Bandung",2026-10-05,32.73.02.1004,Dago,kelurahan,no,-6.889,107.61,Asia/Jakarta,"BMKG point: Dago, Coblong, Kota Bandung",05-10-2026,UKMO,Open-Meteo / UK Met Office,04:00,2026-10-05 04:00:00,20.1,88.0,0.0,5.0,0.0,1.3083,Cerah,wmo:0
dago,"Dago, Bandung",2026-10-05,32.73.02.1004,Dago,kelurahan,no,-6.889,107.61,Asia/Jakarta,"BMKG point: Dago, Coblong, Kota Bandung",05-10-2026,UKMO,Open-Meteo / UK Met Office,05:00,2026-10-05 05:00:00,20.0,88.0,0.0,4.7,0.0,1.3083,Cerah,wmo:0
dago,"Dago, Bandung",2026-10-05,32.73.02.1004,Dago,kelurahan,no,-6.889,107.61,Asia/Jakarta,"BMKG point: Dago, Coblong, Kota Bandung",05-10-2026,UKMO,Open-Meteo / UK Met Office,06:00,2026-10-05 06:00:00,20.0,88.0,0.0,4.3,0.0,1.3083,Cerah,wmo:0
dago,"Dago, Bandung",2026-10-05,32.73.02.1004,Dago,kelurahan,no,-6.889,107.61,Asia/Jakarta,"BMKG point: Dago, Coblong, Kota Bandung",05-10-2026,UKMO,Open-Meteo / UK Met Office,07:00,2026-10-05 07:00:00,21.0,83.0,0.0,4.3,0.0,1.3083,Cerah,wmo:0
dago,"Dago, Bandung",2026-10-05,32.73.02.1004,Dago,kelurahan,no,-6.889,107.61,Asia/Jakarta,"BMKG point: Dago, Coblong, Kota Bandung",05-10-2026,UKMO,Open-Meteo / UK Met Office,08:00,2026-10-05 08:00:00,22.5,75.0,0.0,5.4,0.0,1.3083,Berawan,wmo:3
dago,"Dago, Bandung",2026-10-05,32.73.02.1004,Dago,kelurahan,no,-6.889,107.61,Asia/Jakarta,"BMKG point: Dago, Coblong, Kota Bandung",05-10-2026,UKMO,Open-Meteo / UK Met Office,09:00,2026-10-05 09:00:00,24.1,67.0,0.0,5.4,0.0,1.3083,Cerah,wmo:0
dago,"Dago, Bandung",2026-10-05,32.73.02.1004,Dago,kelurahan,no,-6.889,107.61,Asia/Jakarta,"BMKG point: Dago, Coblong, Kota Bandung",05-10-2026,UKMO,Open-Meteo / UK Met Office,10:00,2026-10-05 10:00:00,25.8,59.0,0.0,4.7,0.0,1.3083,Cerah,wmo:0
dago,"Dago, Bandung",2026-10-05,32.73.02.1004,Dago,kelurahan,no,-6.889,107.61,Asia/Jakarta,"BMKG point: Dago, Coblong, Kota Bandung",05-10-2026,UKMO,Open-Meteo / UK Met Office,11:00,2026-10-05 11:00:00,27.6,52.0,0.0,5.4,0.0,1.3083,Cerah,wmo:0
dago,"Dago, Bandung",2026-10-05,32.73.02.1004,Dago,kelurahan,no,-6.889,107.61,Asia/Jakarta,"BMKG point: Dago, Coblong, Kota Bandung",05-10-2026,UKMO,Open-Meteo / UK Met Office,12:00,2026-10-05 12:00:00,29.0,46.0,0.0,4.7,0.0,1.3083,Cerah Berawan,wmo:1
dago,"Dago, Bandung",2026-10-05,32.73.02.1004,Dago,kelurahan,no,-6.889,107.61,Asia/Jakarta,"BMKG point: Dago, Coblong, Kota Bandung",05-10-2026,UKMO,Open-Meteo / UK Met Office,13:00,2026-10-05 13:00:00,29.7,44.0,0.0,8.3,0.0,1.3083,Cerah Berawan,wmo:1
dago,"Dago, Bandung",2026-10-05,32.73.02.1004,Dago,kelurahan,no,-6.889,107.61,Asia/Jakarta,"BMKG point: Dago, Coblong, Kota Bandung",05-10-2026,UKMO,Open-Meteo / UK Met Office,14:00,2026-10-05 14:00:00,30.0,43.0,0.0,6.8,0.0,1.3083,Cerah Berawan,wmo:2
dago,"Dago, Bandung",2026-10-05,32.73.02.1004,Dago,kelurahan,no,-6.889,107.61,Asia/Jakarta,"BMKG point: Dago, Coblong, Kota Bandung",05-10-2026,UKMO,Open-Meteo / UK Met Office,15:00,2026-10-05 15:00:00,29.0,49.0,0.1,6.1,0.0,1.3083,Hujan Ringan,wmo:51
dago,"Dago, Bandung",2026-10-05,32.73.02.1004,Dago,kelurahan,no,-6.889,107.61,Asia/Jakarta,"BMKG point: Dago, Coblong, Kota Bandung",05-10-2026,UKMO,Open-Meteo / UK Met Office,16:00,2026-10-05 16:00:00,28.1,53.0,0.2,2.9,0.0,1.3083,Hujan Ringan,wmo:51
dago,"Dago, Bandung",2026-10-05,32.73.02.1004,Dago,kelurahan,no,-6.889,107.61,Asia/Jakarta,"BMKG point: Dago, Coblong, Kota Bandung",05-10-2026,UKMO,Open-Meteo / UK Met Office,17:00,2026-10-05 17:00:00,27.2,59.0,0.2,4.7,0.0,1.3083,Hujan Ringan,wmo:51
dago,"Dago, Bandung",2026-10-05,32.73.02.1004,Dago,kelurahan,no,-6.889,107.61,Asia/Jakarta,"BMKG point: Dago, Coblong, Kota Bandung",05-10-2026,UKMO,Open-Meteo / UK Met Office,18:00,2026-10-05 18:00:00,26.0,66.0,0.2,5.8,0.0,1.3083,Hujan Ringan,wmo:51
dago,"Dago, Bandung",2026-10-05,32.73.02.1004,Dago,kelurahan,no,-6.889,107.61,Asia/Jakarta,"BMKG point: Dago, Coblong, Kota Bandung",05-10-2026,UKMO,Open-Meteo / UK Met Office,19:00,2026-10-05 19:00:00,25.4,68.0,0.0,7.9,0.0,1.3083,Berawan,wmo:3
dago,"Dago, Bandung",2026-10-05,32.73.02.1004,Dago,kelurahan,no,-6.889,107.61,Asia/Jakarta,"BMKG point: Dago, Coblong, Kota Bandung",05-10-2026,UKMO,Open-Meteo / UK Met Office,20:00,2026-10-05 20:00:00,24.6,73.0,0.0,6.5,0.0,1.3083,Berawan,wmo:3
dago,"Dago, Bandung",2026-10-05,32.73.02.1004,Dago,kelurahan,no,-6.889,107.61,Asia/Jakarta,"BMKG point: Dago, Coblong, Kota Bandung",05-10-2026,UKMO,Open-Meteo / UK Met Office,21:00,2026-10-05 21:00:00,23.8,79.0,0.0,4.0,0.0,1.3083,Cerah Berawan,wmo:2
dago,"Dago, Bandung",2026-10-05,32.73.02.1004,Dago,kelurahan,no,-6.889,107.61,Asia/Jakarta,"BMKG point: Dago, Coblong, Kota Bandung",05-10-2026,UKMO,Open-Meteo / UK Met Office,22:00,2026-10-05 22:00:00,23.2,82.0,0.0,2.2,0.0,1.3083,Cerah Berawan,wmo:2
dago,"Dago, Bandung",2026-10-05,32.73.02.1004,Dago,kelurahan,no,-6.889,107.61,Asia/Jakarta,"BMKG point: Dago, Coblong, Kota Bandung",05-10-2026,UKMO,Open-Meteo / UK Met Office,23:00,2026-10-05 23:00:00,22.7,82.0,0.0,2.5,0.0,1.3083,Cerah Berawan,wmo:2
jatinangor,"Jatinangor, Sumedang",2026-10-03,32.11.15.2002,Hegarmanah,kecamatan,yes,-6.938,107.7556,Asia/Jakarta,"BMKG representative point: Hegarmanah, Kecamatan Jatinangor",03-10-2026,BMKG,BMKG,19:00,2026-10-03 22:00:00,20.0,92.0,0.0,4.1,180.0,0.9744,Cerah,Cerah
jatinangor,"Jatinangor, Sumedang",2026-10-03,32.11.15.2002,Hegarmanah,kecamatan,yes,-6.938,107.7556,Asia/Jakarta,"BMKG representative point: Hegarmanah, Kecamatan Jatinangor",03-10-2026,BMKG,BMKG,20:00,2026-10-03 22:00:00,20.0,92.0,0.0,4.1,120.0,0.9744,Cerah,Cerah
jatinangor,"Jatinangor, Sumedang",2026-10-03,32.11.15.2002,Hegarmanah,kecamatan,yes,-6.938,107.7556,Asia/Jakarta,"BMKG representative point: Hegarmanah, Kecamatan Jatinangor",03-10-2026,BMKG,BMKG,21:00,2026-10-03 22:00:00,20.0,92.0,0.0,4.1,60.0,1.3287,Cerah,Cerah
jatinangor,"Jatinangor, Sumedang",2026-10-03,32.11.15.2002,Hegarmanah,kecamatan,yes,-6.938,107.7556,Asia/Jakarta,"BMKG representative point: Hegarmanah, Kecamatan Jatinangor",03-10-2026,BMKG,BMKG,22:00,2026-10-03 22:00:00,20.0,92.0,0.0,4.1,0.0,1.7716,Cerah,Cerah
jatinangor,"Jatinangor, Sumedang",2026-10-03,32.11.15.2002,Hegarmanah,kecamatan,yes,-6.938,107.7556,Asia/Jakarta,"BMKG representative point: Hegarmanah, Kecamatan Jatinangor",03-10-2026,BMKG,BMKG,23:00,2026-10-03 22:00:00,20.0,92.0,0.0,4.1,60.0,1.3287,Cerah,Cerah
jatinangor,"Jatinangor, Sumedang",2026-10-03,32.11.15.2002,Hegarmanah,kecamatan,yes,-6.938,107.7556,Asia/Jakarta,"BMKG representative point: Hegarmanah, Kecamatan Jatinangor",03-10-2026,CMA,Open-Meteo / CMA GRAPES,00:00,2026-10-03 00:00:00,22.9,88.0,0.0,8.5,0.0,1.1588,Cerah,wmo:0
jatinangor,"Jatinangor, Sumedang",2026-10-03,32.11.15.2002,Hegarmanah,kecamatan,yes,-6.938,107.7556,Asia/Jakarta,"BMKG representative point: Hegarmanah, Kecamatan Jatinangor",03-10-2026,CMA,Open-Meteo / CMA GRAPES,01:00,2026-10-03 01:00:00,22.7,88.0,0.0,6.3,0.0,1.1588,Cerah,wmo:0
jatinangor,"Jatinangor, Sumedang",2026-10-03,32.11.15.2002,Hegarmanah,kecamatan,yes,-6.938,107.7556,Asia/Jakarta,"BMKG representative point: Hegarmanah, Kecamatan Jatinangor",03-10-2026,CMA,Open-Meteo / CMA GRAPES,02:00,2026-10-03 02:00:00,22.3,87.0,0.0,5.8,0.0,1.1588,Cerah,wmo:0
jatinangor,"Jatinangor, Sumedang",2026-10-03,32.11.15.2002,Hegarmanah,kecamatan,yes,-6.938,107.7556,Asia/Jakarta,"BMKG representative point: Hegarmanah, Kecamatan Jatinangor",03-10-2026,CMA,Open-Meteo / CMA GRAPES,03:00,2026-10-03 03:00:00,22.0,85.0,0.0,6.0,0.0,1.1588,Cerah,wmo:0
jatinangor,"Jatinangor, Sumedang",2026-10-03,32.11.15.2002,Hegarmanah,kecamatan,yes,-6.938,107.7556,Asia/Jakarta,"BMKG representative point: Hegarmanah, Kecamatan Jatinangor",03-10-2026,CMA,Open-Meteo / CMA GRAPES,04:00,2026-10-03 04:00:00,21.8,83.0,0.0,6.2,0.0,1.1588,Cerah,wmo:0
jatinangor,"Jatinangor, Sumedang",2026-10-03,32.11.15.2002,Hegarmanah,kecamatan,yes,-6.938,107.7556,Asia/Jakarta,"BMKG representative point: Hegarmanah, Kecamatan Jatinangor",03-10-2026,CMA,Open-Meteo / CMA GRAPES,05:00,2026-10-03 05:00:00,21.8,81.0,0.0,6.8,0.0,1.1588,Cerah,wmo:0
jatinangor,"Jatinangor, Sumedang",2026-10-03,32.11.15.2002,Hegarmanah,kecamatan,yes,-6.938,107.7556,Asia/Jakarta,"BMKG representative point: Hegarmanah, Kecamatan Jatinangor",03-10-2026,CMA,Open-Meteo / CMA GRAPES,06:00,2026-10-03 06:00:00,22.0,80.0,0.0,7.1,0.0,1.1588,Cerah,wmo:0
jatinangor,"Jatinangor, Sumedang",2026-10-03,32.11.15.2002,Hegarmanah,kecamatan,yes,-6.938,107.7556,Asia/Jakarta,"BMKG representative point: Hegarmanah, Kecamatan Jatinangor",03-10-2026,CMA,Open-Meteo / CMA GRAPES,07:00,2026-10-03 07:00:00,22.6,77.0,0.0,7.1,0.0,1.1588,Cerah,wmo:0
jatinangor,"Jatinangor, Sumedang",2026-10-03,32.11.15.2002,Hegarmanah,kecamatan,yes,-6.938,107.7556,Asia/Jakarta,"BMKG representative point: Hegarmanah, Kecamatan Jatinangor",03-10-2026,CMA,Open-Meteo / CMA GRAPES,08:00,2026-10-03 08:00:00,23.6,73.0,0.0,6.8,0.0,1.1588,Cerah,wmo:0
jatinangor,"Jatinangor, Sumedang",2026-10-03,32.11.15.2002,Hegarmanah,kecamatan,yes,-6.938,107.7556,Asia/Jakarta,"BMKG representative point: Hegarmanah, Kecamatan Jatinangor",03-10-2026,CMA,Open-Meteo / CMA GRAPES,09:00,2026-10-03 09:00:00,25.0,67.0,0.0,7.9,0.0,1.1588,Cerah,wmo:0
jatinangor,"Jatinangor, Sumedang",2026-10-03,32.11.15.2002,Hegarmanah,kecamatan,yes,-6.938,107.7556,Asia/Jakarta,"BMKG representative point: Hegarmanah, Kecamatan Jatinangor",03-10-2026,CMA,Open-Meteo / CMA GRAPES,10:00,2026-10-03 10:00:00,26.3,62.0,0.0,9.9,0.0,1.1588,Cerah,wmo:0
jatinangor,"Jatinangor, Sumedang",2026-10-03,32.11.15.2002,Hegarmanah,kecamatan,yes,-6.938,107.7556,Asia/Jakarta,"BMKG representative point: Hegarmanah, Kecamatan Jatinangor",03-10-2026,CMA,Open-Meteo / CMA GRAPES,11:00,2026-10-03 11:00:00,27.2,57.0,0.0,11.1,0.0,1.1588,Cerah,wmo:0
jatinangor,"Jatinangor, Sumedang",2026-10-03,32.11.15.2002,Hegarmanah,kecamatan,yes,-6.938,107.7556,Asia/Jakarta,"BMKG representative point: Hegarmanah, Kecamatan Jatinangor",03-10-2026,CMA,Open-Meteo / CMA GRAPES,12:00,2026-10-03 12:00:00,28.0,53.0,0.0,12.1,0.0,1.1588,Cerah,wmo:0
jatinangor,"Jatinangor, Sumedang",2026-10-03,32.11.15.2002,Hegarmanah,kecamatan,yes,-6.938,107.7556,Asia/Jakarta,"BMKG representative point: Hegarmanah, Kecamatan Jatinangor",03-10-2026,CMA,Open-Meteo / CMA GRAPES,13:00,2026-10-03 13:00:00,28.5,51.0,0.0,12.6,0.0,1.1588,Cerah,wmo:0
jatinangor,"Jatinangor, Sumedang",2026-10-03,32.11.15.2002,Hegarmanah,kecamatan,yes,-6.938,107.7556,Asia/Jakarta,"BMKG representative point: Hegarmanah, Kecamatan Jatinangor",03-10-2026,CMA,Open-Meteo / CMA GRAPES,14:00,2026-10-03 14:00:00,28.4,53.0,0.0,13.0,0.0,1.1588,Cerah,wmo:0
jatinangor,"Jatinangor, Sumedang",2026-10-03,32.11.15.2002,Hegarmanah,kecamatan,yes,-6.938,107.7556,Asia/Jakarta,"BMKG representative point: Hegarmanah, Kecamatan Jatinangor",03-10-2026,CMA,Open-Meteo / CMA GRAPES,15:00,2026-10-03 15:00:00,28.0,59.0,0.0,13.8,0.0,1.1588,Cerah,wmo:0
jatinangor,"Jatinangor, Sumedang",2026-10-03,32.11.15.2002,Hegarmanah,kecamatan,yes,-6.938,107.7556,Asia/Jakarta,"BMKG representative point: Hegarmanah, Kecamatan Jatinangor",03-10-2026,CMA,Open-Meteo / CMA GRAPES,16:00,2026-10-03 16:00:00,27.3,65.0,0.0,13.2,0.0,1.1588,Cerah,wmo:0
jatinangor,"Jatinangor, Sumedang",2026-10-03,32.11.15.2002,Hegarmanah,kecamatan,yes,-6.938,107.7556,Asia/Jakarta,"BMKG representative point: Hegarmanah, Kecamatan Jatinangor",03-10-2026,CMA,Open-Meteo / CMA GRAPES,17:00,2026-10-03 17:00:00,26.3,73.0,0.0,10.7,0.0,1.1588,Cerah,wmo:0
jatinangor,"Jatinangor, Sumedang",2026-10-03,32.11.15.2002,Hegarmanah,kecamatan,yes,-6.938,107.7556,Asia/Jakarta,"BMKG representative point: Hegarmanah, Kecamatan Jatinangor",03-10-2026,CMA,Open-Meteo / CMA GRAPES,18:00,2026-10-03 18:00:00,25.0,83.0,0.0,7.6,0.0,1.1588,Cerah,wmo:0
jatinangor,"Jatinangor, Sumedang",2026-10-03,32.11.15.2002,Hegarmanah,kecamatan,yes,-6.938,107.7556,Asia/Jakarta,"BMKG representative point: Hegarmanah, Kecamatan Jatinangor",03-10-2026,CMA,Open-Meteo / CMA GRAPES,19:00,2026-10-03 19:00:00,23.9,90.0,0.0,4.7,0.0,1.1588,Cerah,wmo:0
jatinangor,"Jatinangor, Sumedang",2026-10-03,32.11.15.2002,Hegarmanah,kecamatan,yes,-6.938,107.7556,Asia/Jakarta,"BMKG representative point: Hegarmanah, Kecamatan Jatinangor",03-10-2026,CMA,Open-Meteo / CMA GRAPES,20:00,2026-10-03 20:00:00,23.4,93.0,0.1,2.4,0.0,1.1588,Hujan Ringan,wmo:51
jatinangor,"Jatinangor, Sumedang",2026-10-03,32.11.15.2002,Hegarmanah,kecamatan,yes,-6.938,107.7556,Asia/Jakarta,"BMKG representative point: Hegarmanah, Kecamatan Jatinangor",03-10-2026,CMA,Open-Meteo / CMA GRAPES,21:00,2026-10-03 21:00:00,23.2,92.0,0.1,2.5,0.0,1.1588,Hujan Ringan,wmo:51
jatinangor,"Jatinangor, Sumedang",2026-10-03,32.11.15.2002,Hegarmanah,kecamatan,yes,-6.938,107.7556,Asia/Jakarta,"BMKG representative point: Hegarmanah, Kecamatan Jatinangor",03-10-2026,CMA,Open-Meteo / CMA GRAPES,22:00,2026-10-03 22:00:00,22.9,92.0,0.1,2.7,0.0,1.1588,Hujan Ringan,wmo:51
jatinangor,"Jatinangor, Sumedang",2026-10-03,32.11.15.2002,Hegarmanah,kecamatan,yes,-6.938,107.7556,Asia/Jakarta,"BMKG representative point: Hegarmanah, Kecamatan Jatinangor",03-10-2026,CMA,Open-Meteo / CMA GRAPES,23:00,2026-10-03 23:00:00,22.7,92.0,0.6,0.0,0.0,1.1588,Hujan Ringan,wmo:53
jatinangor,"Jatinangor, Sumedang",2026-10-03,32.11.15.2002,Hegarmanah,kecamatan,yes,-6.938,107.7556,Asia/Jakarta,"BMKG representative point: Hegarmanah, Kecamatan Jatinangor",03-10-2026,ECMWF,Open-Meteo / ECMWF,00:00,2026-10-03 00:00:00,21.1,94.0,0.0,3.6,0.0,1.7077,Berawan,wmo:3
jatinangor,"Jatinangor, Sumedang",2026-10-03,32.11.15.2002,Hegarmanah,kecamatan,yes,-6.938,107.7556,Asia/Jakarta,"BMKG representative point: Hegarmanah, Kecamatan Jatinangor",03-10-2026,ECMWF,Open-Meteo / ECMWF,01:00,2026-10-03 01:00:00,20.3,96.0,0.0,4.3,0.0,1.7077,Berawan,wmo:3
jatinangor,"Jatinangor, Sumedang",2026-10-03,32.11.15.2002,Hegarmanah,kecamatan,yes,-6.938,107.7556,Asia/Jakarta,"BMKG representative point: Hegarmanah, Kecamatan Jatinangor",03-10-2026,ECMWF,Open-Meteo / ECMWF,02:00,2026-10-03 02:00:00,19.5,98.0,0.0,5.0,0.0,1.7077,Berawan,wmo:3
jatinangor,"Jatinangor, Sumedang",2026-10-03,32.11.15.2002,Hegarmanah,kecamatan,yes,-6.938,107.7556,Asia/Jakarta,"BMKG representative point: Hegarmanah, Kecamatan Jatinangor",03-10-2026,ECMWF,Open-Meteo / ECMWF,03:00,2026-10-03 03:00:00,18.7,99.0,0.0,5.8,0.0,1.7077,Berawan,wmo:3
jatinangor,"Jatinangor, Sumedang",2026-10-03,32.11.15.2002,Hegarmanah,kecamatan,yes,-6.938,107.7556,Asia/Jakarta,"BMKG representative point: Hegarmanah, Kecamatan Jatinangor",03-10-2026,ECMWF,Open-Meteo / ECMWF,04:00,2026-10-03 04:00:00,18.5,98.0,0.0,6.1,0.0,1.7077,Berawan,wmo:3
jatinangor,"Jatinangor, Sumedang",2026-10-03,32.11.15.2002,Hegarmanah,kecamatan,yes,-6.938,107.7556,Asia/Jakarta,"BMKG representative point: Hegarmanah, Kecamatan Jatinangor",03-10-2026,ECMWF,Open-Meteo / ECMWF,05:00,2026-10-03 05:00:00,19.0,95.0,0.0,5.8,0.0,1.7077,Berawan,wmo:3
jatinangor,"Jatinangor, Sumedang",2026-10-03,32.11.15.2002,Hegarmanah,kecamatan,yes,-6.938,107.7556,Asia/Jakarta,"BMKG representative point: Hegarmanah, Kecamatan Jatinangor",03-10-2026,ECMWF,Open-Meteo / ECMWF,06:00,2026-10-03 06:00:00,20.0,91.0,0.0,5.4,0.0,1.7077,Berawan,wmo:3
jatinangor,"Jatinangor, Sumedang",2026-10-03,32.11.15.2002,Hegarmanah,kecamatan,yes,-6.938,107.7556,Asia/Jakarta,"BMKG representative point: Hegarmanah, Kecamatan Jatinangor",03-10-2026,ECMWF,Open-Meteo / ECMWF,07:00,2026-10-03 07:00:00,21.4,84.0,0.0,5.1,0.0,1.7077,Berawan,wmo:3
jatinangor,"Jatinangor, Sumedang",2026-10-03,32.11.15.2002,Hegarmanah,kecamatan,yes,-6.938,107.7556,Asia/Jakarta,"BMKG representative point: Hegarmanah, Kecamatan Jatinangor",03-10-2026,ECMWF,Open-Meteo / ECMWF,08:00,2026-10-03 08:00:00,23.7,73.0,0.0,5.4,0.0,1.7077,Berawan,wmo:3
jatinangor,"Jatinangor, Sumedang",2026-10-03,32.11.15.2002,Hegarmanah,kecamatan,yes,-6.938,107.7556,Asia/Jakarta,"BMKG representative point: Hegarmanah, Kecamatan Jatinangor",03-10-2026,ECMWF,Open-Meteo / ECMWF,09:00,2026-10-03 09:00:00,26.5,60.0,0.0,6.2,0.0,1.7077,Berawan,wmo:3
jatinangor,"Jatinangor, Sumedang",2026-10-03,32.11.15.2002,Hegarmanah,kecamatan,yes,-6.938,107.7556,Asia/Jakarta,"BMKG representative point: Hegarmanah, Kecamatan Jatinangor",03-10-2026,ECMWF,Open-Meteo / ECMWF,10:00,2026-10-03 10:00:00,28.7,49.0,0.0,6.9,0.0,1.7077,Cerah Berawan,wmo:2
jatinangor,"Jatinangor, Sumedang",2026-10-03,32.11.15.2002,Hegarmanah,kecamatan,yes,-6.938,107.7556,Asia/Jakarta,"BMKG representative point: Hegarmanah, Kecamatan Jatinangor",03-10-2026,ECMWF,Open-Meteo / ECMWF,11:00,2026-10-03 11:00:00,30.0,44.0,0.0,7.6,0.0,1.7077,Cerah Berawan,wmo:2
jatinangor,"Jatinangor, Sumedang",2026-10-03,32.11.15.2002,Hegarmanah,kecamatan,yes,-6.938,107.7556,Asia/Jakarta,"BMKG representative point: Hegarmanah, Kecamatan Jatinangor",03-10-2026,ECMWF,Open-Meteo / ECMWF,12:00,2026-10-03 12:00:00,30.7,41.0,0.0,9.4,0.0,1.7077,Cerah Berawan,wmo:2
jatinangor,"Jatinangor, Sumedang",2026-10-03,32.11.15.2002,Hegarmanah,kecamatan,yes,-6.938,107.7556,Asia/Jakarta,"BMKG representative point: Hegarmanah, Kecamatan Jatinangor",03-10-2026,ECMWF,Open-Meteo / ECMWF,13:00,2026-10-03 13:00:00,30.9,40.0,0.0,10.5,0.0,1.7077,Cerah Berawan,wmo:2
jatinangor,"Jatinangor, Sumedang",2026-10-03,32.11.15.2002,Hegarmanah,kecamatan,yes,-6.938,107.7556,Asia/Jakarta,"BMKG representative point: Hegarmanah, Kecamatan Jatinangor",03-10-2026,ECMWF,Open-Meteo / ECMWF,14:00,2026-10-03 14:00:00,30.7,40.0,0.1,10.5,0.0,1.7077,Hujan Ringan,wmo:51
jatinangor,"Jatinangor, Sumedang",2026-10-03,32.11.15.2002,Hegarmanah,kecamatan,yes,-6.938,107.7556,Asia/Jakarta,"BMKG representative point: Hegarmanah, Kecamatan Jatinangor",03-10-2026,ECMWF,Open-Meteo / ECMWF,15:00,2026-10-03 15:00:00,30.0,42.0,0.1,10.0,0.0,1.7077,Hujan Ringan,wmo:51
jatinangor,"Jatinangor, Sumedang",2026-10-03,32.11.15.2002,Hegarmanah,kecamatan,yes,-6.938,107.7556,Asia/Jakarta,"BMKG representative point: Hegarmanah, Kecamatan Jatinangor",03-10-2026,ECMWF,Open-Meteo / ECMWF,16:00,2026-10-03 16:00:00,29.1,46.0,0.1,9.3,0.0,1.7077,Hujan Ringan,wmo:51
jatinangor,"Jatinangor, Sumedang",2026-10-03,32.11.15.2002,Hegarmanah,kecamatan,yes,-6.938,107.7556,Asia/Jakarta,"BMKG representative point: Hegarmanah, Kecamatan Jatinangor",03-10-2026,ECMWF,Open-Meteo / ECMWF,17:00,2026-10-03 17:00:00,27.8,51.0,0.0,9.3,0.0,1.7077,Cerah,wmo:0
jatinangor,"Jatinangor, Sumedang",2026-10-03,32.11.15.2002,Hegarmanah,kecamatan,yes,-6.938,107.7556,Asia/Jakarta,"BMKG representative point: Hegarmanah, Kecamatan Jatinangor",03-10-2026,ECMWF,Open-Meteo / ECMWF,18:00,2026-10-03 18:00:00,26.2,58.0,0.0,9.2,0.0,1.7077,Cerah,wmo:0
jatinangor,"Jatinangor, Sumedang",2026-10-03,32.11.15.2002,Hegarmanah,kecamatan,yes,-6.938,107.7556,Asia/Jakarta,"BMKG representative point: Hegarmanah, Kecamatan Jatinangor",03-10-2026,ECMWF,Open-Meteo / ECMWF,19:00,2026-10-03 19:00:00,24.8,65.0,0.0,9.0,0.0,1.7077,Cerah,wmo:0
jatinangor,"Jatinangor, Sumedang",2026-10-03,32.11.15.2002,Hegarmanah,kecamatan,yes,-6.938,107.7556,Asia/Jakarta,"BMKG representative point: Hegarmanah, Kecamatan Jatinangor",03-10-2026,ECMWF,Open-Meteo / ECMWF,20:00,2026-10-03 20:00:00,23.8,72.0,0.0,8.2,0.0,1.7077,Cerah Berawan,wmo:1
jatinangor,"Jatinangor, Sumedang",2026-10-03,32.11.15.2002,Hegarmanah,kecamatan,yes,-6.938,107.7556,Asia/Jakarta,"BMKG representative point: Hegarmanah, Kecamatan Jatinangor",03-10-2026,ECMWF,Open-Meteo / ECMWF,21:00,2026-10-03 21:00:00,22.9,79.0,0.0,7.3,0.0,1.7077,Cerah Berawan,wmo:1
jatinangor,"Jatinangor, Sumedang",2026-10-03,32.11.15.2002,Hegarmanah,kecamatan,yes,-6.938,107.7556,Asia/Jakarta,"BMKG representative point: Hegarmanah, Kecamatan Jatinangor",03-10-2026,ECMWF,Open-Meteo / ECMWF,22:00,2026-10-03 22:00:00,22.1,85.0,0.0,6.8,0.0,1.7077,Cerah Berawan,wmo:1
jatinangor,"Jatinangor, Sumedang",2026-10-03,32.11.15.2002,Hegarmanah,kecamatan,yes,-6.938,107.7556,Asia/Jakarta,"BMKG representative point: Hegarmanah, Kecamatan Jatinangor",03-10-2026,ECMWF,Open-Meteo / ECMWF,23:00,2026-10-03 23:00:00,21.3,89.0,0.0,6.1,0.0,1.7077,Cerah Berawan,wmo:1
jatinangor,"Jatinangor, Sumedang",2026-10-03,32.11.15.2002,Hegarmanah,kecamatan,yes,-6.938,107.7556,Asia/Jakarta,"BMKG representative point: Hegarmanah, Kecamatan Jatinangor",03-10-2026,GFS,Open-Meteo / NOAA GFS,00:00,2026-10-03 00:00:00,21.1,94.0,0.4,5.4,0.0,1.3691,Hujan Ringan,wmo:51
jatinangor,"Jatinangor, Sumedang",2026-10-03,32.11.15.2002,Hegarmanah,kecamatan,yes,-6.938,107.7556,Asia/Jakarta,"BMKG representative point: Hegarmanah, Kecamatan Jatinangor",03-10-2026,GFS,Open-Meteo / NOAA GFS,01:00,2026-10-03 01:00:00,21.0,94.0,0.1,6.9,0.0,1.3691,Hujan Ringan,wmo:51
jatinangor,"Jatinangor, Sumedang",2026-10-03,32.11.15.2002,Hegarmanah,kecamatan,yes,-6.938,107.7556,Asia/Jakarta,"BMKG representative point: Hegarmanah, Kecamatan Jatinangor",03-10-2026,GFS,Open-Meteo / NOAA GFS,02:00,2026-10-03 02:00:00,20.8,93.0,0.5,6.4,0.0,1.3691,Hujan Ringan,wmo:53
jatinangor,"Jatinangor, Sumedang",2026-10-03,32.11.15.2002,Hegarmanah,kecamatan,yes,-6.938,107.7556,Asia/Jakarta,"BMKG representative point: Hegarmanah, Kecamatan Jatinangor",03-10-2026,GFS,Open-Meteo / NOAA GFS,03:00,2026-10-03 03:00:00,20.6,92.0,0.2,5.6,0.0,1.3691,Hujan Ringan,wmo:51
jatinangor,"Jatinangor, Sumedang",2026-10-03,32.11.15.2002,Hegarmanah,kecamatan,yes,-6.938,107.7556,Asia/Jakarta,"BMKG representative point: Hegarmanah, Kecamatan Jatinangor",03-10-2026,GFS,Open-Meteo / NOAA GFS,04:00,2026-10-03 04:00:00,20.4,91.0,0.2,5.9,0.0,1.3691,Hujan Ringan,wmo:51
jatinangor,"Jatinangor, Sumedang",2026-10-03,32.11.15.2002,Hegarmanah,kecamatan,yes,-6.938,107.7556,Asia/Jakarta,"BMKG representative point: Hegarmanah, Kecamatan Jatinangor",03-10-2026,GFS,Open-Meteo / NOAA GFS,05:00,2026-10-03 05:00:00,20.1,90.0,0.0,5.9,0.0,1.3691,Berawan,wmo:3
jatinangor,"Jatinangor, Sumedang",2026-10-03,32.11.15.2002,Hegarmanah,kecamatan,yes,-6.938,107.7556,Asia/Jakarta,"BMKG representative point: Hegarmanah, Kecamatan Jatinangor",03-10-2026,GFS,Open-Meteo / NOAA GFS,06:00,2026-10-03 06:00:00,20.2,89.0,0.0,5.6,0.0,1.3691,Berawan,wmo:3
jatinangor,"Jatinangor, Sumedang",2026-10-03,32.11.15.2002,Hegarmanah,kecamatan,yes,-6.938,107.7556,Asia/Jakarta,"BMKG representative point: Hegarmanah, Kecamatan Jatinangor",03-10-2026,GFS,Open-Meteo / NOAA GFS,07:00,2026-10-03 07:00:00,21.0,84.0,0.0,5.9,0.0,1.3691,Berawan,wmo:3
jatinangor,"Jatinangor, Sumedang",2026-10-03,32.11.15.2002,Hegarmanah,kecamatan,yes,-6.938,107.7556,Asia/Jakarta,"BMKG representative point: Hegarmanah, Kecamatan Jatinangor",03-10-2026,GFS,Open-Meteo / NOAA GFS,08:00,2026-10-03 08:00:00,23.9,71.0,0.0,5.4,0.0,1.3691,Berawan,wmo:3
jatinangor,"Jatinangor, Sumedang",2026-10-03,32.11.15.2002,Hegarmanah,kecamatan,yes,-6.938,107.7556,Asia/Jakarta,"BMKG representative point: Hegarmanah, Kecamatan Jatinangor",03-10-2026,GFS,Open-Meteo / NOAA GFS,09:00,2026-10-03 09:00:00,26.9,58.0,0.0,6.1,0.0,1.3691,Berawan,wmo:3
jatinangor,"Jatinangor, Sumedang",2026-10-03,32.11.15.2002,Hegarmanah,kecamatan,yes,-6.938,107.7556,Asia/Jakarta,"BMKG representative point: Hegarmanah, Kecamatan Jatinangor",03-10-2026,GFS,Open-Meteo / NOAA GFS,10:00,2026-10-03 10:00:00,29.0,50.0,0.0,8.0,0.0,1.3691,Cerah Berawan,wmo:2
jatinangor,"Jatinangor, Sumedang",2026-10-03,32.11.15.2002,Hegarmanah,kecamatan,yes,-6.938,107.7556,Asia/Jakarta,"BMKG representative point: Hegarmanah, Kecamatan Jatinangor",03-10-2026,GFS,Open-Meteo / NOAA GFS,11:00,2026-10-03 11:00:00,30.5,44.0,0.0,9.9,0.0,1.3691,Cerah Berawan,wmo:2
jatinangor,"Jatinangor, Sumedang",2026-10-03,32.11.15.2002,Hegarmanah,kecamatan,yes,-6.938,107.7556,Asia/Jakarta,"BMKG representative point: Hegarmanah, Kecamatan Jatinangor",03-10-2026,GFS,Open-Meteo / NOAA GFS,12:00,2026-10-03 12:00:00,30.9,43.0,0.0,11.8,0.0,1.3691,Berawan,wmo:3
jatinangor,"Jatinangor, Sumedang",2026-10-03,32.11.15.2002,Hegarmanah,kecamatan,yes,-6.938,107.7556,Asia/Jakarta,"BMKG representative point: Hegarmanah, Kecamatan Jatinangor",03-10-2026,GFS,Open-Meteo / NOAA GFS,13:00,2026-10-03 13:00:00,28.9,46.0,0.0,8.0,0.0,1.3691,Berawan,wmo:3
jatinangor,"Jatinangor, Sumedang",2026-10-03,32.11.15.2002,Hegarmanah,kecamatan,yes,-6.938,107.7556,Asia/Jakarta,"BMKG representative point: Hegarmanah, Kecamatan Jatinangor",03-10-2026,GFS,Open-Meteo / NOAA GFS,14:00,2026-10-03 14:00:00,28.4,48.0,0.0,5.5,0.0,1.3691,Berawan,wmo:3
jatinangor,"Jatinangor, Sumedang",2026-10-03,32.11.15.2002,Hegarmanah,kecamatan,yes,-6.938,107.7556,Asia/Jakarta,"BMKG representative point: Hegarmanah, Kecamatan Jatinangor",03-10-2026,GFS,Open-Meteo / NOAA GFS,15:00,2026-10-03 15:00:00,27.1,55.0,0.0,2.7,0.0,1.3691,Berawan,wmo:3
jatinangor,"Jatinangor, Sumedang",2026-10-03,32.11.15.2002,Hegarmanah,kecamatan,yes,-6.938,107.7556,Asia/Jakarta,"BMKG representative point: Hegarmanah, Kecamatan Jatinangor",03-10-2026,GFS,Open-Meteo / NOAA GFS,16:00,2026-10-03 16:00:00,26.1,60.0,0.0,6.8,0.0,1.3691,Berawan,wmo:3
jatinangor,"Jatinangor, Sumedang",2026-10-03,32.11.15.2002,Hegarmanah,kecamatan,yes,-6.938,107.7556,Asia/Jakarta,"BMKG representative point: Hegarmanah, Kecamatan Jatinangor",03-10-2026,GFS,Open-Meteo / NOAA GFS,17:00,2026-10-03 17:00:00,25.1,66.0,0.0,7.3,0.0,1.3691,Berawan,wmo:3
jatinangor,"Jatinangor, Sumedang",2026-10-03,32.11.15.2002,Hegarmanah,kecamatan,yes,-6.938,107.7556,Asia/Jakarta,"BMKG representative point: Hegarmanah, Kecamatan Jatinangor",03-10-2026,GFS,Open-Meteo / NOAA GFS,18:00,2026-10-03 18:00:00,24.2,71.0,0.0,5.9,0.0,1.3691,Berawan,wmo:3
jatinangor,"Jatinangor, Sumedang",2026-10-03,32.11.15.2002,Hegarmanah,kecamatan,yes,-6.938,107.7556,Asia/Jakarta,"BMKG representative point: Hegarmanah, Kecamatan Jatinangor",03-10-2026,GFS,Open-Meteo / NOAA GFS,19:00,2026-10-03 19:00:00,23.6,75.0,0.0,5.6,0.0,1.3691,Berawan,wmo:3
jatinangor,"Jatinangor, Sumedang",2026-10-03,32.11.15.2002,Hegarmanah,kecamatan,yes,-6.938,107.7556,Asia/Jakarta,"BMKG representative point: Hegarmanah, Kecamatan Jatinangor",03-10-2026,GFS,Open-Meteo / NOAA GFS,20:00,2026-10-03 20:00:00,22.8,79.0,0.0,5.2,0.0,1.3691,Berawan,wmo:3
jatinangor,"Jatinangor, Sumedang",2026-10-03,32.11.15.2002,Hegarmanah,kecamatan,yes,-6.938,107.7556,Asia/Jakarta,"BMKG representative point: Hegarmanah, Kecamatan Jatinangor",03-10-2026,GFS,Open-Meteo / NOAA GFS,21:00,2026-10-03 21:00:00,21.2,87.0,0.0,6.1,0.0,1.3691,Cerah Berawan,wmo:2
jatinangor,"Jatinangor, Sumedang",2026-10-03,32.11.15.2002,Hegarmanah,kecamatan,yes,-6.938,107.7556,Asia/Jakarta,"BMKG representative point: Hegarmanah, Kecamatan Jatinangor",03-10-2026,GFS,Open-Meteo / NOAA GFS,22:00,2026-10-03 22:00:00,20.4,91.0,0.0,5.9,0.0,1.3691,Cerah Berawan,wmo:2
jatinangor,"Jatinangor, Sumedang",2026-10-03,32.11.15.2002,Hegarmanah,kecamatan,yes,-6.938,107.7556,Asia/Jakarta,"BMKG representative point: Hegarmanah, Kecamatan Jatinangor",03-10-2026,GFS,Open-Meteo / NOAA GFS,23:00,2026-10-03 23:00:00,19.8,93.0,0.0,5.9,0.0,1.3691,Berawan,wmo:3
jatinangor,"Jatinangor, Sumedang",2026-10-03,32.11.15.2002,Hegarmanah,kecamatan,yes,-6.938,107.7556,Asia/Jakarta,"BMKG representative point: Hegarmanah, Kecamatan Jatinangor",03-10-2026,ICON,Open-Meteo / DWD ICON,00:00,2026-10-03 00:00:00,22.8,83.0,0.0,6.3,0.0,1.401,Cerah Berawan,wmo:2
jatinangor,"Jatinangor, Sumedang",2026-10-03,32.11.15.2002,Hegarmanah,kecamatan,yes,-6.938,107.7556,Asia/Jakarta,"BMKG representative point: Hegarmanah, Kecamatan Jatinangor",03-10-2026,ICON,Open-Meteo / DWD ICON,01:00,2026-10-03 01:00:00,21.8,85.0,0.0,5.7,0.0,1.401,Cerah Berawan,wmo:2
jatinangor,"Jatinangor, Sumedang",2026-10-03,32.11.15.2002,Hegarmanah,kecamatan,yes,-6.938,107.7556,Asia/Jakarta,"BMKG representative point: Hegarmanah, Kecamatan Jatinangor",03-10-2026,ICON,Open-Meteo / DWD ICON,02:00,2026-10-03 02:00:00,21.1,85.0,0.0,5.5,0.0,1.401,Cerah Berawan,wmo:2
jatinangor,"Jatinangor, Sumedang",2026-10-03,32.11.15.2002,Hegarmanah,kecamatan,yes,-6.938,107.7556,Asia/Jakarta,"BMKG representative point: Hegarmanah, Kecamatan Jatinangor",03-10-2026,ICON,Open-Meteo / DWD ICON,03:00,2026-10-03 03:00:00,20.4,86.0,0.0,5.6,0.0,1.401,Cerah Berawan,wmo:1
jatinangor,"Jatinangor, Sumedang",2026-10-03,32.11.15.2002,Hegarmanah,kecamatan,yes,-6.938,107.7556,Asia/Jakarta,"BMKG representative point: Hegarmanah, Kecamatan Jatinangor",03-10-2026,ICON,Open-Meteo / DWD ICON,04:00,2026-10-03 04:00:00,19.9,88.0,0.0,5.5,0.0,1.401,Cerah Berawan,wmo:1
jatinangor,"Jatinangor, Sumedang",2026-10-03,32.11.15.2002,Hegarmanah,kecamatan,yes,-6.938,107.7556,Asia/Jakarta,"BMKG representative point: Hegarmanah, Kecamatan Jatinangor",03-10-2026,ICON,Open-Meteo / DWD ICON,05:00,2026-10-03 05:00:00,19.4,90.0,0.0,5.4,0.0,1.401,Cerah Berawan,wmo:1
jatinangor,"Jatinangor, Sumedang",2026-10-03,32.11.15.2002,Hegarmanah,kecamatan,yes,-6.938,107.7556,Asia/Jakarta,"BMKG representative point: Hegarmanah, Kecamatan Jatinangor",03-10-2026,ICON,Open-Meteo / DWD ICON,06:00,2026-10-03 06:00:00,19.4,91.0,0.0,4.7,0.0,1.401,Cerah Berawan,wmo:1
jatinangor,"Jatinangor, Sumedang",2026-10-03,32.11.15.2002,Hegarmanah,kecamatan,yes,-6.938,107.7556,Asia/Jakarta,"BMKG representative point: Hegarmanah, Kecamatan Jatinangor",03-10-2026,ICON,Open-Meteo / DWD ICON,07:00,2026-10-03 07:00:00,22.4,84.0,0.0,5.1,0.0,1.401,Cerah Berawan,wmo:1
jatinangor,"Jatinangor, Sumedang",2026-10-03,32.11.15.2002,Hegarmanah,kecamatan,yes,-6.938,107.7556,Asia/Jakarta,"BMKG representative point: Hegarmanah, Kecamatan Jatinangor",03-10-2026,ICON,Open-Meteo / DWD ICON,08:00,2026-10-03 08:00:00,24.9,71.0,0.0,6.3,0.0,1.401,Cerah Berawan,wmo:1
jatinangor,"Jatinangor, Sumedang",2026-10-03,32.11.15.2002,Hegarmanah,kecamatan,yes,-6.938,107.7556,Asia/Jakarta,"BMKG representative point: Hegarmanah, Kecamatan Jatinangor",03-10-2026,ICON,Open-Meteo / DWD ICON,09:00,2026-10-03 09:00:00,27.2,61.0,0.0,6.8,0.0,1.401,Cerah Berawan,wmo:1
jatinangor,"Jatinangor, Sumedang",2026-10-03,32.11.15.2002,Hegarmanah,kecamatan,yes,-6.938,107.7556,Asia/Jakarta,"BMKG representative point: Hegarmanah, Kecamatan Jatinangor",03-10-2026,ICON,Open-Meteo / DWD ICON,10:00,2026-10-03 10:00:00,29.2,53.0,0.0,6.8,0.0,1.401,Cerah Berawan,wmo:1
jatinangor,"Jatinangor, Sumedang",2026-10-03,32.11.15.2002,Hegarmanah,kecamatan,yes,-6.938,107.7556,Asia/Jakarta,"BMKG representative point: Hegarmanah, Kecamatan Jatinangor",03-10-2026,ICON,Open-Meteo / DWD ICON,11:00,2026-10-03 11:00:00,30.7,45.0,0.0,6.8,0.0,1.401,Cerah Berawan,wmo:1
jatinangor,"Jatinangor, Sumedang",2026-10-03,32.11.15.2002,Hegarmanah,kecamatan,yes,-6.938,107.7556,Asia/Jakarta,"BMKG representative point: Hegarmanah, Kecamatan Jatinangor",03-10-2026,ICON,Open-Meteo / DWD ICON,12:00,2026-10-03 12:00:00,31.4,41.0,0.0,6.5,0.0,1.401,Cerah Berawan,wmo:1
jatinangor,"Jatinangor, Sumedang",2026-10-03,32.11.15.2002,Hegarmanah,kecamatan,yes,-6.938,107.7556,Asia/Jakarta,"BMKG representative point: Hegarmanah, Kecamatan Jatinangor",03-10-2026,ICON,Open-Meteo / DWD ICON,13:00,2026-10-03 13:00:00,32.2,38.0,0.0,9.5,0.0,1.401,Berawan,wmo:3
jatinangor,"Jatinangor, Sumedang",2026-10-03,32.11.15.2002,Hegarmanah,kecamatan,yes,-6.938,107.7556,Asia/Jakarta,"BMKG representative point: Hegarmanah, Kecamatan Jatinangor",03-10-2026,ICON,Open-Meteo / DWD ICON,14:00,2026-10-03 14:00:00,32.4,38.0,0.0,11.0,0.0,1.401,Cerah Berawan,wmo:2
jatinangor,"Jatinangor, Sumedang",2026-10-03,32.11.15.2002,Hegarmanah,kecamatan,yes,-6.938,107.7556,Asia/Jakarta,"BMKG representative point: Hegarmanah, Kecamatan Jatinangor",03-10-2026,ICON,Open-Meteo / DWD ICON,15:00,2026-10-03 15:00:00,31.9,38.0,0.0,12.8,0.0,1.401,Cerah Berawan,wmo:2
jatinangor,"Jatinangor, Sumedang",2026-10-03,32.11.15.2002,Hegarmanah,kecamatan,yes,-6.938,107.7556,Asia/Jakarta,"BMKG representative point: Hegarmanah, Kecamatan Jatinangor",03-10-2026,ICON,Open-Meteo / DWD ICON,16:00,2026-10-03 16:00:00,30.7,43.0,0.0,17.1,0.0,1.401,Berawan,wmo:3
jatinangor,"Jatinangor, Sumedang",2026-10-03,32.11.15.2002,Hegarmanah,kecamatan,yes,-6.938,107.7556,Asia/Jakarta,"BMKG representative point: Hegarmanah, Kecamatan Jatinangor",03-10-2026,ICON,Open-Meteo / DWD ICON,17:00,2026-10-03 17:00:00,29.1,44.0,0.0,17.1,0.0,1.401,Cerah Berawan,wmo:2
jatinangor,"Jatinangor, Sumedang",2026-10-03,32.11.15.2002,Hegarmanah,kecamatan,yes,-6.938,107.7556,Asia/Jakarta,"BMKG representative point: Hegarmanah, Kecamatan Jatinangor",03-10-2026,ICON,Open-Meteo / DWD ICON,18:00,2026-10-03 18:00:00,26.9,52.0,0.0,12.1,0.0,1.401,Cerah Berawan,wmo:2
jatinangor,"Jatinangor, Sumedang",2026-10-03,32.11.15.2002,Hegarmanah,kecamatan,yes,-6.938,107.7556,Asia/Jakarta,"BMKG representative point: Hegarmanah, Kecamatan Jatinangor",03-10-2026,ICON,Open-Meteo / DWD ICON,19:00,2026-10-03 19:00:00,25.4,58.0,0.0,7.0,0.0,1.401,Cerah Berawan,wmo:2
jatinangor,"Jatinangor, Sumedang",2026-10-03,32.11.15.2002,Hegarmanah,kecamatan,yes,-6.938,107.7556,Asia/Jakarta,"BMKG representative point: Hegarmanah, Kecamatan Jatinangor",03-10-2026,ICON,Open-Meteo / DWD ICON,20:00,2026-10-03 20:00:00,23.9,65.0,0.0,5.8,0.0,1.401,Cerah Berawan,wmo:1
jatinangor,"Jatinangor, Sumedang",2026-10-03,32.11.15.2002,Hegarmanah,kecamatan,yes,-6.938,107.7556,Asia/Jakarta,"BMKG representative point: Hegarmanah, Kecamatan Jatinangor",03-10-2026,ICON,Open-Meteo / DWD ICON,21:00,2026-10-03 21:00:00,22.9,72.0,0.0,5.4,0.0,1.401,Cerah Berawan,wmo:1
jatinangor,"Jatinangor, Sumedang",2026-10-03,32.11.15.2002,Hegarmanah,kecamatan,yes,-6.938,107.7556,Asia/Jakarta,"BMKG representative point: Hegarmanah, Kecamatan Jatinangor",03-10-2026,ICON,Open-Meteo / DWD ICON,22:00,2026-10-03 22:00:00,22.4,80.0,0.0,5.0,0.0,1.401,Cerah Berawan,wmo:1
jatinangor,"Jatinangor, Sumedang",2026-10-03,32.11.15.2002,Hegarmanah,kecamatan,yes,-6.938,107.7556,Asia/Jakarta,"BMKG representative point: Hegarmanah, Kecamatan Jatinangor",03-10-2026,ICON,Open-Meteo / DWD ICON,23:00,2026-10-03 23:00:00,22.4,86.0,0.0,5.3,0.0,1.401,Cerah Berawan,wmo:2
jatinangor,"Jatinangor, Sumedang",2026-10-03,32.11.15.2002,Hegarmanah,kecamatan,yes,-6.938,107.7556,Asia/Jakarta,"BMKG representative point: Hegarmanah, Kecamatan Jatinangor",03-10-2026,KMA,Open-Meteo / KMA,00:00,2026-10-03 00:00:00,,,,,0.0,0.5291,Berawan,wmo:None
jatinangor,"Jatinangor, Sumedang",2026-10-03,32.11.15.2002,Hegarmanah,kecamatan,yes,-6.938,107.7556,Asia/Jakarta,"BMKG representative point: Hegarmanah, Kecamatan Jatinangor",03-10-2026,KMA,Open-Meteo / KMA,01:00,2026-10-03 01:00:00,,,,,0.0,0.5291,Berawan,wmo:None
jatinangor,"Jatinangor, Sumedang",2026-10-03,32.11.15.2002,Hegarmanah,kecamatan,yes,-6.938,107.7556,Asia/Jakarta,"BMKG representative point: Hegarmanah, Kecamatan Jatinangor",03-10-2026,KMA,Open-Meteo / KMA,02:00,2026-10-03 02:00:00,,,,,0.0,0.5291,Berawan,wmo:None
jatinangor,"Jatinangor, Sumedang",2026-10-03,32.11.15.2002,Hegarmanah,kecamatan,yes,-6.938,107.7556,Asia/Jakarta,"BMKG representative point: Hegarmanah, Kecamatan Jatinangor",03-10-2026,KMA,Open-Meteo / KMA,03:00,2026-10-03 03:00:00,,,,,0.0,0.5291,Berawan,wmo:None
jatinangor,"Jatinangor, Sumedang",2026-10-03,32.11.15.2002,Hegarmanah,kecamatan,yes,-6.938,107.7556,Asia/Jakarta,"BMKG representative point: Hegarmanah, Kecamatan Jatinangor",03-10-2026,KMA,Open-Meteo / KMA,04:00,2026-10-03 04:00:00,,,,,0.0,0.5291,Berawan,wmo:None
jatinangor,"Jatinangor, Sumedang",2026-10-03,32.11.15.2002,Hegarmanah,kecamatan,yes,-6.938,107.7556,Asia/Jakarta,"BMKG representative point: Hegarmanah, Kecamatan Jatinangor",03-10-2026,KMA,Open-Meteo / KMA,05:00,2026-10-03 05:00:00,,,,,0.0,0.5291,Berawan,wmo:None
jatinangor,"Jatinangor, Sumedang",2026-10-03,32.11.15.2002,Hegarmanah,kecamatan,yes,-6.938,107.7556,Asia/Jakarta,"BMKG representative point: Hegarmanah, Kecamatan Jatinangor",03-10-2026,KMA,Open-Meteo / KMA,06:00,2026-10-03 06:00:00,,,,,0.0,0.5291,Berawan,wmo:None
jatinangor,"Jatinangor, Sumedang",2026-10-03,32.11.15.2002,Hegarmanah,kecamatan,yes,-6.938,107.7556,Asia/Jakarta,"BMKG representative point: Hegarmanah, Kecamatan Jatinangor",03-10-2026,KMA,Open-Meteo / KMA,07:00,2026-10-03 07:00:00,,,,,0.0,0.5291,Berawan,wmo:None
jatinangor,"Jatinangor, Sumedang",2026-10-03,32.11.15.2002,Hegarmanah,kecamatan,yes,-6.938,107.7556,Asia/Jakarta,"BMKG representative point: Hegarmanah, Kecamatan Jatinangor",03-10-2026,KMA,Open-Meteo / KMA,08:00,2026-10-03 08:00:00,,,,,0.0,0.5291,Berawan,wmo:None
jatinangor,"Jatinangor, Sumedang",2026-10-03,32.11.15.2002,Hegarmanah,kecamatan,yes,-6.938,107.7556,Asia/Jakarta,"BMKG representative point: Hegarmanah, Kecamatan Jatinangor",03-10-2026,KMA,Open-Meteo / KMA,09:00,2026-10-03 09:00:00,,,,,0.0,0.5291,Berawan,wmo:None
jatinangor,"Jatinangor, Sumedang",2026-10-03,32.11.15.2002,Hegarmanah,kecamatan,yes,-6.938,107.7556,Asia/Jakarta,"BMKG representative point: Hegarmanah, Kecamatan Jatinangor",03-10-2026,KMA,Open-Meteo / KMA,10:00,2026-10-03 10:00:00,,,,,0.0,0.5291,Berawan,wmo:None
jatinangor,"Jatinangor, Sumedang",2026-10-03,32.11.15.2002,Hegarmanah,kecamatan,yes,-6.938,107.7556,Asia/Jakarta,"BMKG representative point: Hegarmanah, Kecamatan Jatinangor",03-10-2026,KMA,Open-Meteo / KMA,11:00,2026-10-03 11:00:00,,,,,0.0,0.5291,Berawan,wmo:None
jatinangor,"Jatinangor, Sumedang",2026-10-03,32.11.15.2002,Hegarmanah,kecamatan,yes,-6.938,107.7556,Asia/Jakarta,"BMKG representative point: Hegarmanah, Kecamatan Jatinangor",03-10-2026,KMA,Open-Meteo / KMA,12:00,2026-10-03 12:00:00,,,,,0.0,0.5291,Berawan,wmo:None
jatinangor,"Jatinangor, Sumedang",2026-10-03,32.11.15.2002,Hegarmanah,kecamatan,yes,-6.938,107.7556,Asia/Jakarta,"BMKG representative point: Hegarmanah, Kecamatan Jatinangor",03-10-2026,KMA,Open-Meteo / KMA,13:00,2026-10-03 13:00:00,,,,,0.0,0.5291,Berawan,wmo:None
jatinangor,"Jatinangor, Sumedang",2026-10-03,32.11.15.2002,Hegarmanah,kecamatan,yes,-6.938,107.7556,Asia/Jakarta,"BMKG representative point: Hegarmanah, Kecamatan Jatinangor",03-10-2026,KMA,Open-Meteo / KMA,14:00,2026-10-03 14:00:00,,,,,0.0,0.5291,Berawan,wmo:None
jatinangor,"Jatinangor, Sumedang",2026-10-03,32.11.15.2002,Hegarmanah,kecamatan,yes,-6.938,107.7556,Asia/Jakarta,"BMKG representative point: Hegarmanah, Kecamatan Jatinangor",03-10-2026,KMA,Open-Meteo / KMA,15:00,2026-10-03 15:00:00,,,,,0.0,0.5291,Berawan,wmo:None
jatinangor,"Jatinangor, Sumedang",2026-10-03,32.11.15.2002,Hegarmanah,kecamatan,yes,-6.938,107.7556,Asia/Jakarta,"BMKG representative point: Hegarmanah, Kecamatan Jatinangor",03-10-2026,KMA,Open-Meteo / KMA,16:00,2026-10-03 16:00:00,,,,,0.0,0.5291,Berawan,wmo:None
jatinangor,"Jatinangor, Sumedang",2026-10-03,32.11.15.2002,Hegarmanah,kecamatan,yes,-6.938,107.7556,Asia/Jakarta,"BMKG representative point: Hegarmanah, Kecamatan Jatinangor",03-10-2026,KMA,Open-Meteo / KMA,17:00,2026-10-03 17:00:00,,,,,0.0,0.5291,Berawan,wmo:None
jatinangor,"Jatinangor, Sumedang",2026-10-03,32.11.15.2002,Hegarmanah,kecamatan,yes,-6.938,107.7556,Asia/Jakarta,"BMKG representative point: Hegarmanah, Kecamatan Jatinangor",03-10-2026,KMA,Open-Meteo / KMA,18:00,2026-10-03 18:00:00,,,,,0.0,0.5291,Berawan,wmo:None
jatinangor,"Jatinangor, Sumedang",2026-10-03,32.11.15.2002,Hegarmanah,kecamatan,yes,-6.938,107.7556,Asia/Jakarta,"BMKG representative point: Hegarmanah, Kecamatan Jatinangor",03-10-2026,KMA,Open-Meteo / KMA,19:00,2026-10-03 19:00:00,,,,,0.0,0.5291,Berawan,wmo:None
jatinangor,"Jatinangor, Sumedang",2026-10-03,32.11.15.2002,Hegarmanah,kecamatan,yes,-6.938,107.7556,Asia/Jakarta,"BMKG representative point: Hegarmanah, Kecamatan Jatinangor",03-10-2026,KMA,Open-Meteo / KMA,20:00,2026-10-03 20:00:00,,,,,0.0,0.5291,Berawan,wmo:None
jatinangor,"Jatinangor, Sumedang",2026-10-03,32.11.15.2002,Hegarmanah,kecamatan,yes,-6.938,107.7556,Asia/Jakarta,"BMKG representative point: Hegarmanah, Kecamatan Jatinangor",03-10-2026,KMA,Open-Meteo / KMA,21:00,2026-10-03 21:00:00,,,,,0.0,0.5291,Berawan,wmo:None
jatinangor,"Jatinangor, Sumedang",2026-10-03,32.11.15.2002,Hegarmanah,kecamatan,yes,-6.938,107.7556,Asia/Jakarta,"BMKG representative point: Hegarmanah, Kecamatan Jatinangor",03-10-2026,KMA,Open-Meteo / KMA,22:00,2026-10-03 22:00:00,,,,,0.0,0.5291,Berawan,wmo:None
jatinangor,"Jatinangor, Sumedang",2026-10-03,32.11.15.2002,Hegarmanah,kecamatan,yes,-6.938,107.7556,Asia/Jakarta,"BMKG representative point: Hegarmanah, Kecamatan Jatinangor",03-10-2026,KMA,Open-Meteo / KMA,23:00,2026-10-03 23:00:00,,,,,0.0,0.5291,Berawan,wmo:None
jatinangor,"Jatinangor, Sumedang",2026-10-03,32.11.15.2002,Hegarmanah,kecamatan,yes,-6.938,107.7556,Asia/Jakarta,"BMKG representative point: Hegarmanah, Kecamatan Jatinangor",03-10-2026,METEOFRANCE,Open-Meteo / Meteo-France,00:00,2026-10-03 00:00:00,26.1,80.0,0.0,1.3,0.0,1.4239,Berawan,wmo:3
jatinangor,"Jatinangor, Sumedang",2026-10-03,32.11.15.2002,Hegarmanah,kecamatan,yes,-6.938,107.7556,Asia/Jakarta,"BMKG representative point: Hegarmanah, Kecamatan Jatinangor",03-10-2026,METEOFRANCE,Open-Meteo / Meteo-France,01:00,2026-10-03 01:00:00,25.6,82.0,0.0,0.5,0.0,1.4239,Berawan,wmo:3
jatinangor,"Jatinangor, Sumedang",2026-10-03,32.11.15.2002,Hegarmanah,kecamatan,yes,-6.938,107.7556,Asia/Jakarta,"BMKG representative point: Hegarmanah, Kecamatan Jatinangor",03-10-2026,METEOFRANCE,Open-Meteo / Meteo-France,02:00,2026-10-03 02:00:00,25.3,83.0,0.0,0.4,0.0,1.4239,Berawan,wmo:3
jatinangor,"Jatinangor, Sumedang",2026-10-03,32.11.15.2002,Hegarmanah,kecamatan,yes,-6.938,107.7556,Asia/Jakarta,"BMKG representative point: Hegarmanah, Kecamatan Jatinangor",03-10-2026,METEOFRANCE,Open-Meteo / Meteo-France,03:00,2026-10-03 03:00:00,25.0,84.0,0.0,1.5,0.0,1.4239,Berawan,wmo:3
jatinangor,"Jatinangor, Sumedang",2026-10-03,32.11.15.2002,Hegarmanah,kecamatan,yes,-6.938,107.7556,Asia/Jakarta,"BMKG representative point: Hegarmanah, Kecamatan Jatinangor",03-10-2026,METEOFRANCE,Open-Meteo / Meteo-France,04:00,2026-10-03 04:00:00,24.6,86.0,0.0,2.3,0.0,1.4239,Berawan,wmo:3
jatinangor,"Jatinangor, Sumedang",2026-10-03,32.11.15.2002,Hegarmanah,kecamatan,yes,-6.938,107.7556,Asia/Jakarta,"BMKG representative point: Hegarmanah, Kecamatan Jatinangor",03-10-2026,METEOFRANCE,Open-Meteo / Meteo-France,05:00,2026-10-03 05:00:00,24.3,85.0,0.0,3.3,0.0,1.4239,Berawan,wmo:3
jatinangor,"Jatinangor, Sumedang",2026-10-03,32.11.15.2002,Hegarmanah,kecamatan,yes,-6.938,107.7556,Asia/Jakarta,"BMKG representative point: Hegarmanah, Kecamatan Jatinangor",03-10-2026,METEOFRANCE,Open-Meteo / Meteo-France,06:00,2026-10-03 06:00:00,24.2,85.0,0.0,4.4,0.0,1.4239,Berawan,wmo:3
jatinangor,"Jatinangor, Sumedang",2026-10-03,32.11.15.2002,Hegarmanah,kecamatan,yes,-6.938,107.7556,Asia/Jakarta,"BMKG representative point: Hegarmanah, Kecamatan Jatinangor",03-10-2026,METEOFRANCE,Open-Meteo / Meteo-France,07:00,2026-10-03 07:00:00,25.2,76.0,0.0,4.7,0.0,1.4239,Berawan,wmo:3
jatinangor,"Jatinangor, Sumedang",2026-10-03,32.11.15.2002,Hegarmanah,kecamatan,yes,-6.938,107.7556,Asia/Jakarta,"BMKG representative point: Hegarmanah, Kecamatan Jatinangor",03-10-2026,METEOFRANCE,Open-Meteo / Meteo-France,08:00,2026-10-03 08:00:00,27.2,65.0,0.0,5.8,0.0,1.4239,Berawan,wmo:3
jatinangor,"Jatinangor, Sumedang",2026-10-03,32.11.15.2002,Hegarmanah,kecamatan,yes,-6.938,107.7556,Asia/Jakarta,"BMKG representative point: Hegarmanah, Kecamatan Jatinangor",03-10-2026,METEOFRANCE,Open-Meteo / Meteo-France,09:00,2026-10-03 09:00:00,28.8,58.0,0.0,6.9,0.0,1.4239,Berawan,wmo:3
jatinangor,"Jatinangor, Sumedang",2026-10-03,32.11.15.2002,Hegarmanah,kecamatan,yes,-6.938,107.7556,Asia/Jakarta,"BMKG representative point: Hegarmanah, Kecamatan Jatinangor",03-10-2026,METEOFRANCE,Open-Meteo / Meteo-France,10:00,2026-10-03 10:00:00,30.4,54.0,0.0,7.6,0.0,1.4239,Berawan,wmo:3
jatinangor,"Jatinangor, Sumedang",2026-10-03,32.11.15.2002,Hegarmanah,kecamatan,yes,-6.938,107.7556,Asia/Jakarta,"BMKG representative point: Hegarmanah, Kecamatan Jatinangor",03-10-2026,METEOFRANCE,Open-Meteo / Meteo-France,11:00,2026-10-03 11:00:00,31.8,51.0,0.0,8.7,0.0,1.4239,Berawan,wmo:3
jatinangor,"Jatinangor, Sumedang",2026-10-03,32.11.15.2002,Hegarmanah,kecamatan,yes,-6.938,107.7556,Asia/Jakarta,"BMKG representative point: Hegarmanah, Kecamatan Jatinangor",03-10-2026,METEOFRANCE,Open-Meteo / Meteo-France,12:00,2026-10-03 12:00:00,32.8,49.0,0.0,9.0,0.0,1.4239,Berawan,wmo:3
jatinangor,"Jatinangor, Sumedang",2026-10-03,32.11.15.2002,Hegarmanah,kecamatan,yes,-6.938,107.7556,Asia/Jakarta,"BMKG representative point: Hegarmanah, Kecamatan Jatinangor",03-10-2026,METEOFRANCE,Open-Meteo / Meteo-France,13:00,2026-10-03 13:00:00,33.0,48.0,0.0,8.7,0.0,1.4239,Berawan,wmo:3
jatinangor,"Jatinangor, Sumedang",2026-10-03,32.11.15.2002,Hegarmanah,kecamatan,yes,-6.938,107.7556,Asia/Jakarta,"BMKG representative point: Hegarmanah, Kecamatan Jatinangor",03-10-2026,METEOFRANCE,Open-Meteo / Meteo-France,14:00,2026-10-03 14:00:00,33.2,47.0,0.0,9.2,0.0,1.4239,Berawan,wmo:3
jatinangor,"Jatinangor, Sumedang",2026-10-03,32.11.15.2002,Hegarmanah,kecamatan,yes,-6.938,107.7556,Asia/Jakarta,"BMKG representative point: Hegarmanah, Kecamatan Jatinangor",03-10-2026,METEOFRANCE,Open-Meteo / Meteo-France,15:00,2026-10-03 15:00:00,32.7,47.0,0.0,9.0,0.0,1.4239,Berawan,wmo:3
jatinangor,"Jatinangor, Sumedang",2026-10-03,32.11.15.2002,Hegarmanah,kecamatan,yes,-6.938,107.7556,Asia/Jakarta,"BMKG representative point: Hegarmanah, Kecamatan Jatinangor",03-10-2026,METEOFRANCE,Open-Meteo / Meteo-France,16:00,2026-10-03 16:00:00,32.0,47.0,0.0,8.2,0.0,1.4239,Berawan,wmo:3
jatinangor,"Jatinangor, Sumedang",2026-10-03,32.11.15.2002,Hegarmanah,kecamatan,yes,-6.938,107.7556,Asia/Jakarta,"BMKG representative point: Hegarmanah, Kecamatan Jatinangor",03-10-2026,METEOFRANCE,Open-Meteo / Meteo-France,17:00,2026-10-03 17:00:00,31.4,47.0,0.0,7.4,0.0,1.4239,Berawan,wmo:3
jatinangor,"Jatinangor, Sumedang",2026-10-03,32.11.15.2002,Hegarmanah,kecamatan,yes,-6.938,107.7556,Asia/Jakarta,"BMKG representative point: Hegarmanah, Kecamatan Jatinangor",03-10-2026,METEOFRANCE,Open-Meteo / Meteo-France,18:00,2026-10-03 18:00:00,30.5,46.0,0.0,6.5,0.0,1.4239,Berawan,wmo:3
jatinangor,"Jatinangor, Sumedang",2026-10-03,32.11.15.2002,Hegarmanah,kecamatan,yes,-6.938,107.7556,Asia/Jakarta,"BMKG representative point: Hegarmanah, Kecamatan Jatinangor",03-10-2026,METEOFRANCE,Open-Meteo / Meteo-France,19:00,2026-10-03 19:00:00,29.8,46.0,0.0,6.8,0.0,1.4239,Berawan,wmo:3
jatinangor,"Jatinangor, Sumedang",2026-10-03,32.11.15.2002,Hegarmanah,kecamatan,yes,-6.938,107.7556,Asia/Jakarta,"BMKG representative point: Hegarmanah, Kecamatan Jatinangor",03-10-2026,METEOFRANCE,Open-Meteo / Meteo-France,20:00,2026-10-03 20:00:00,28.8,47.0,0.0,7.1,0.0,1.4239,Berawan,wmo:3
jatinangor,"Jatinangor, Sumedang",2026-10-03,32.11.15.2002,Hegarmanah,kecamatan,yes,-6.938,107.7556,Asia/Jakarta,"BMKG representative point: Hegarmanah, Kecamatan Jatinangor",03-10-2026,METEOFRANCE,Open-Meteo / Meteo-France,21:00,2026-10-03 21:00:00,27.6,54.0,0.0,6.0,0.0,1.4239,Berawan,wmo:3
jatinangor,"Jatinangor, Sumedang",2026-10-03,32.11.15.2002,Hegarmanah,kecamatan,yes,-6.938,107.7556,Asia/Jakarta,"BMKG representative point: Hegarmanah, Kecamatan Jatinangor",03-10-2026,METEOFRANCE,Open-Meteo / Meteo-France,22:00,2026-10-03 22:00:00,26.6,63.0,0.0,4.3,0.0,1.4239,Cerah Berawan,wmo:2
jatinangor,"Jatinangor, Sumedang",2026-10-03,32.11.15.2002,Hegarmanah,kecamatan,yes,-6.938,107.7556,Asia/Jakarta,"BMKG representative point: Hegarmanah, Kecamatan Jatinangor",03-10-2026,METEOFRANCE,Open-Meteo / Meteo-France,23:00,2026-10-03 23:00:00,25.8,72.0,0.0,3.7,0.0,1.4239,Cerah Berawan,wmo:2
jatinangor,"Jatinangor, Sumedang",2026-10-03,32.11.15.2002,Hegarmanah,kecamatan,yes,-6.938,107.7556,Asia/Jakarta,"BMKG representative point: Hegarmanah, Kecamatan Jatinangor",03-10-2026,METNO,MET Norway,19:00,2026-10-03 21:00:00,21.7,80.8,0.0,7.2,120.0,0.756,Cerah Berawan,partlycloudy_night
jatinangor,"Jatinangor, Sumedang",2026-10-03,32.11.15.2002,Hegarmanah,kecamatan,yes,-6.938,107.7556,Asia/Jakarta,"BMKG representative point: Hegarmanah, Kecamatan Jatinangor",03-10-2026,METNO,MET Norway,20:00,2026-10-03 21:00:00,21.7,80.8,0.0,7.2,60.0,1.0309,Cerah Berawan,partlycloudy_night
jatinangor,"Jatinangor, Sumedang",2026-10-03,32.11.15.2002,Hegarmanah,kecamatan,yes,-6.938,107.7556,Asia/Jakarta,"BMKG representative point: Hegarmanah, Kecamatan Jatinangor",03-10-2026,METNO,MET Norway,21:00,2026-10-03 21:00:00,21.7,80.8,0.0,7.2,0.0,1.3745,Cerah Berawan,partlycloudy_night
jatinangor,"Jatinangor, Sumedang",2026-10-03,32.11.15.2002,Hegarmanah,kecamatan,yes,-6.938,107.7556,Asia/Jakarta,"BMKG representative point: Hegarmanah, Kecamatan Jatinangor",03-10-2026,METNO,MET Norway,22:00,2026-10-03 22:00:00,20.8,92.0,0.0,6.84,0.0,1.3745,Cerah Berawan,partlycloudy_night
jatinangor,"Jatinangor, Sumedang",2026-10-03,32.11.15.2002,Hegarmanah,kecamatan,yes,-6.938,107.7556,Asia/Jakarta,"BMKG representative point: Hegarmanah, Kecamatan Jatinangor",03-10-2026,METNO,MET Norway,23:00,2026-10-03 23:00:00,20.1,95.4,0.0,7.92,0.0,1.3745,Cerah Berawan,partlycloudy_night
jatinangor,"Jatinangor, Sumedang",2026-10-03,32.11.15.2002,Hegarmanah,kecamatan,yes,-6.938,107.7556,Asia/Jakarta,"BMKG representative point: Hegarmanah, Kecamatan Jatinangor",03-10-2026,UKMO,Open-Meteo / UK Met Office,00:00,2026-10-03 00:00:00,20.3,99.0,0.0,1.1,0.0,1.3273,Cerah,wmo:0
jatinangor,"Jatinangor, Sumedang",2026-10-03,32.11.15.2002,Hegarmanah,kecamatan,yes,-6.938,107.7556,Asia/Jakarta,"BMKG representative point: Hegarmanah, Kecamatan Jatinangor",03-10-2026,UKMO,Open-Meteo / UK Met Office,01:00,2026-10-03 01:00:00,19.7,99.0,0.0,1.4,0.0,1.3273,Cerah,wmo:0
jatinangor,"Jatinangor, Sumedang",2026-10-03,32.11.15.2002,Hegarmanah,kecamatan,yes,-6.938,107.7556,Asia/Jakarta,"BMKG representative point: Hegarmanah, Kecamatan Jatinangor",03-10-2026,UKMO,Open-Meteo / UK Met Office,02:00,2026-10-03 02:00:00,19.3,98.0,0.0,0.4,0.0,1.3273,Cerah,wmo:0
jatinangor,"Jatinangor, Sumedang",2026-10-03,32.11.15.2002,Hegarmanah,kecamatan,yes,-6.938,107.7556,Asia/Jakarta,"BMKG representative point: Hegarmanah, Kecamatan Jatinangor",03-10-2026,UKMO,Open-Meteo / UK Met Office,03:00,2026-10-03 03:00:00,19.3,99.0,0.0,1.1,0.0,1.3273,Cerah,wmo:0
jatinangor,"Jatinangor, Sumedang",2026-10-03,32.11.15.2002,Hegarmanah,kecamatan,yes,-6.938,107.7556,Asia/Jakarta,"BMKG representative point: Hegarmanah, Kecamatan Jatinangor",03-10-2026,UKMO,Open-Meteo / UK Met Office,04:00,2026-10-03 04:00:00,18.6,99.0,0.0,1.4,0.0,1.3273,Cerah,wmo:0
jatinangor,"Jatinangor, Sumedang",2026-10-03,32.11.15.2002,Hegarmanah,kecamatan,yes,-6.938,107.7556,Asia/Jakarta,"BMKG representative point: Hegarmanah, Kecamatan Jatinangor",03-10-2026,UKMO,Open-Meteo / UK Met Office,05:00,2026-10-03 05:00:00,18.2,99.0,0.0,1.1,0.0,1.3273,Cerah,wmo:0
jatinangor,"Jatinangor, Sumedang",2026-10-03,32.11.15.2002,Hegarmanah,kecamatan,yes,-6.938,107.7556,Asia/Jakarta,"BMKG representative point: Hegarmanah, Kecamatan Jatinangor",03-10-2026,UKMO,Open-Meteo / UK Met Office,06:00,2026-10-03 06:00:00,19.0,98.0,0.0,1.1,0.0,1.3273,Cerah,wmo:0
jatinangor,"Jatinangor, Sumedang",2026-10-03,32.11.15.2002,Hegarmanah,kecamatan,yes,-6.938,107.7556,Asia/Jakarta,"BMKG representative point: Hegarmanah, Kecamatan Jatinangor",03-10-2026,UKMO,Open-Meteo / UK Met Office,07:00,2026-10-03 07:00:00,21.5,90.0,0.0,1.8,0.0,1.3273,Cerah,wmo:0
jatinangor,"Jatinangor, Sumedang",2026-10-03,32.11.15.2002,Hegarmanah,kecamatan,yes,-6.938,107.7556,Asia/Jakarta,"BMKG representative point: Hegarmanah, Kecamatan Jatinangor",03-10-2026,UKMO,Open-Meteo / UK Met Office,08:00,2026-10-03 08:00:00,23.9,68.0,0.0,3.2,0.0,1.3273,Cerah,wmo:0
jatinangor,"Jatinangor, Sumedang",2026-10-03,32.11.15.2002,Hegarmanah,kecamatan,yes,-6.938,107.7556,Asia/Jakarta,"BMKG representative point: Hegarmanah, Kecamatan Jatinangor",03-10-2026,UKMO,Open-Meteo / UK Met Office,09:00,2026-10-03 09:00:00,26.0,59.0,0.0,3.6,0.0,1.3273,Cerah,wmo:0
jatinangor,"Jatinangor, Sumedang",2026-10-03,32.11.15.2002,Hegarmanah,kecamatan,yes,-6.938,107.7556,Asia/Jakarta,"BMKG representative point: Hegarmanah, Kecamatan Jatinangor",03-10-2026,UKMO,Open-Meteo / UK Met Office,10:00,2026-10-03 10:00:00,27.7,52.0,0.0,4.0,0.0,1.3273,Cerah Berawan,wmo:1
jatinangor,"Jatinangor, Sumedang",2026-10-03,32.11.15.2002,Hegarmanah,kecamatan,yes,-6.938,107.7556,Asia/Jakarta,"BMKG representative point: Hegarmanah, Kecamatan Jatinangor",03-10-2026,UKMO,Open-Meteo / UK Met Office,11:00,2026-10-03 11:00:00,29.1,47.0,0.0,4.7,0.0,1.3273,Cerah,wmo:0
jatinangor,"Jatinangor, Sumedang",2026-10-03,32.11.15.2002,Hegarmanah,kecamatan,yes,-6.938,107.7556,Asia/Jakarta,"BMKG representative point: Hegarmanah, Kecamatan Jatinangor",03-10-2026,UKMO,Open-Meteo / UK Met Office,12:00,2026-10-03 12:00:00,29.6,45.0,0.0,5.0,0.0,1.3273,Berawan,wmo:3
jatinangor,"Jatinangor, Sumedang",2026-10-03,32.11.15.2002,Hegarmanah,kecamatan,yes,-6.938,107.7556,Asia/Jakarta,"BMKG representative point: Hegarmanah, Kecamatan Jatinangor",03-10-2026,UKMO,Open-Meteo / UK Met Office,13:00,2026-10-03 13:00:00,29.9,42.0,0.0,8.6,0.0,1.3273,Berawan,wmo:3
jatinangor,"Jatinangor, Sumedang",2026-10-03,32.11.15.2002,Hegarmanah,kecamatan,yes,-6.938,107.7556,Asia/Jakarta,"BMKG representative point: Hegarmanah, Kecamatan Jatinangor",03-10-2026,UKMO,Open-Meteo / UK Met Office,14:00,2026-10-03 14:00:00,29.2,44.0,0.0,12.2,0.0,1.3273,Berawan,wmo:3
jatinangor,"Jatinangor, Sumedang",2026-10-03,32.11.15.2002,Hegarmanah,kecamatan,yes,-6.938,107.7556,Asia/Jakarta,"BMKG representative point: Hegarmanah, Kecamatan Jatinangor",03-10-2026,UKMO,Open-Meteo / UK Met Office,15:00,2026-10-03 15:00:00,28.9,46.0,0.0,12.2,0.0,1.3273,Berawan,wmo:3
jatinangor,"Jatinangor, Sumedang",2026-10-03,32.11.15.2002,Hegarmanah,kecamatan,yes,-6.938,107.7556,Asia/Jakarta,"BMKG representative point: Hegarmanah, Kecamatan Jatinangor",03-10-2026,UKMO,Open-Meteo / UK Met Office,16:00,2026-10-03 16:00:00,27.6,51.0,0.0,13.3,0.0,1.3273,Cerah,wmo:0
jatinangor,"Jatinangor, Sumedang",2026-10-03,32.11.15.2002,Hegarmanah,kecamatan,yes,-6.938,107.7556,Asia/Jakarta,"BMKG representative point: Hegarmanah, Kecamatan Jatinangor",03-10-2026,UKMO,Open-Meteo / UK Met Office,17:00,2026-10-03 17:00:00,26.8,53.0,0.0,13.3,0.0,1.3273,Cerah Berawan,wmo:1
jatinangor,"Jatinangor, Sumedang",2026-10-03,32.11.15.2002,Hegarmanah,kecamatan,yes,-6.938,107.7556,Asia/Jakarta,"BMKG representative point: Hegarmanah, Kecamatan Jatinangor",03-10-2026,UKMO,Open-Meteo / UK Met Office,18:00,2026-10-03 18:00:00,25.1,61.0,0.0,12.2,0.0,1.3273,Cerah,wmo:0
jatinangor,"Jatinangor, Sumedang",2026-10-03,32.11.15.2002,Hegarmanah,kecamatan,yes,-6.938,107.7556,Asia/Jakarta,"BMKG representative point: Hegarmanah, Kecamatan Jatinangor",03-10-2026,UKMO,Open-Meteo / UK Met Office,19:00,2026-10-03 19:00:00,23.5,72.0,0.0,10.8,0.0,1.3273,Cerah Berawan,wmo:2
jatinangor,"Jatinangor, Sumedang",2026-10-03,32.11.15.2002,Hegarmanah,kecamatan,yes,-6.938,107.7556,Asia/Jakarta,"BMKG representative point: Hegarmanah, Kecamatan Jatinangor",03-10-2026,UKMO,Open-Meteo / UK Met Office,20:00,2026-10-03 20:00:00,22.5,86.0,0.0,8.6,0.0,1.3273,Berawan,wmo:3
jatinangor,"Jatinangor, Sumedang",2026-10-03,32.11.15.2002,Hegarmanah,kecamatan,yes,-6.938,107.7556,Asia/Jakarta,"BMKG representative point: Hegarmanah, Kecamatan Jatinangor",03-10-2026,UKMO,Open-Meteo / UK Met Office,21:00,2026-10-03 21:00:00,22.2,92.0,0.1,3.6,0.0,1.3273,Hujan Ringan,wmo:51
jatinangor,"Jatinangor, Sumedang",2026-10-03,32.11.15.2002,Hegarmanah,kecamatan,yes,-6.938,107.7556,Asia/Jakarta,"BMKG representative point: Hegarmanah, Kecamatan Jatinangor",03-10-2026,UKMO,Open-Meteo / UK Met Office,22:00,2026-10-03 22:00:00,20.9,98.0,0.0,2.2,0.0,1.3273,Cerah,wmo:0
jatinangor,"Jatinangor, Sumedang",2026-10-03,32.11.15.2002,Hegarmanah,kecamatan,yes,-6.938,107.7556,Asia/Jakarta,"BMKG representative point: Hegarmanah, Kecamatan Jatinangor",03-10-2026,UKMO,Open-Meteo / UK Met Office,23:00,2026-10-03 23:00:00,20.0,98.0,0.0,2.2,0.0,1.3273,Cerah,wmo:0
jatinangor,"Jatinangor, Sumedang",2026-10-04,32.11.15.2002,Hegarmanah,kecamatan,yes,-6.938,107.7556,Asia/Jakarta,"BMKG representative point: Hegarmanah, Kecamatan Jatinangor",04-10-2026,BMKG,BMKG,00:00,2026-10-04 01:00:00,21.0,92.0,0.0,1.9,60.0,1.2804,Berawan,Berawan
jatinangor,"Jatinangor, Sumedang",2026-10-04,32.11.15.2002,Hegarmanah,kecamatan,yes,-6.938,107.7556,Asia/Jakarta,"BMKG representative point: Hegarmanah, Kecamatan Jatinangor",04-10-2026,BMKG,BMKG,01:00,2026-10-04 01:00:00,21.0,92.0,0.0,1.9,0.0,1.7072,Berawan,Berawan
jatinangor,"Jatinangor, Sumedang",2026-10-04,32.11.15.2002,Hegarmanah,kecamatan,yes,-6.938,107.7556,Asia/Jakarta,"BMKG representative point: Hegarmanah, Kecamatan Jatinangor",04-10-2026,BMKG,BMKG,02:00,2026-10-04 01:00:00,21.0,92.0,0.0,1.9,60.0,1.2804,Berawan,Berawan
jatinangor,"Jatinangor, Sumedang",2026-10-04,32.11.15.2002,Hegarmanah,kecamatan,yes,-6.938,107.7556,Asia/Jakarta,"BMKG representative point: Hegarmanah, Kecamatan Jatinangor",04-10-2026,BMKG,BMKG,03:00,2026-10-04 04:00:00,20.0,94.0,0.0,0.9,60.0,1.2804,Berawan,Berawan
jatinangor,"Jatinangor, Sumedang",2026-10-04,32.11.15.2002,Hegarmanah,kecamatan,yes,-6.938,107.7556,Asia/Jakarta,"BMKG representative point: Hegarmanah, Kecamatan Jatinangor",04-10-2026,BMKG,BMKG,04:00,2026-10-04 04:00:00,20.0,94.0,0.0,0.9,0.0,1.7072,Berawan,Berawan
jatinangor,"Jatinangor, Sumedang",2026-10-04,32.11.15.2002,Hegarmanah,kecamatan,yes,-6.938,107.7556,Asia/Jakarta,"BMKG representative point: Hegarmanah, Kecamatan Jatinangor",04-10-2026,BMKG,BMKG,05:00,2026-10-04 04:00:00,20.0,94.0,0.0,0.9,60.0,1.2804,Berawan,Berawan
jatinangor,"Jatinangor, Sumedang",2026-10-04,32.11.15.2002,Hegarmanah,kecamatan,yes,-6.938,107.7556,Asia/Jakarta,"BMKG representative point: Hegarmanah, Kecamatan Jatinangor",04-10-2026,BMKG,BMKG,06:00,2026-10-04 07:00:00,23.0,70.0,0.0,3.4,60.0,1.2804,Cerah Berawan,Cerah Berawan
jatinangor,"Jatinangor, Sumedang",2026-10-04,32.11.15.2002,Hegarmanah,kecamatan,yes,-6.938,107.7556,Asia/Jakarta,"BMKG representative point: Hegarmanah, Kecamatan Jatinangor",04-10-2026,BMKG,BMKG,07:00,2026-10-04 07:00:00,23.0,70.0,0.0,3.4,0.0,1.7072,Cerah Berawan,Cerah Berawan
jatinangor,"Jatinangor, Sumedang",2026-10-04,32.11.15.2002,Hegarmanah,kecamatan,yes,-6.938,107.7556,Asia/Jakarta,"BMKG representative point: Hegarmanah, Kecamatan Jatinangor",04-10-2026,BMKG,BMKG,08:00,2026-10-04 07:00:00,23.0,70.0,0.0,3.4,60.0,1.2804,Cerah Berawan,Cerah Berawan
jatinangor,"Jatinangor, Sumedang",2026-10-04,32.11.15.2002,Hegarmanah,kecamatan,yes,-6.938,107.7556,Asia/Jakarta,"BMKG representative point: Hegarmanah, Kecamatan Jatinangor",04-10-2026,BMKG,BMKG,09:00,2026-10-04 10:00:00,29.0,55.0,0.0,6.3,60.0,1.2804,Cerah Berawan,Cerah Berawan
jatinangor,"Jatinangor, Sumedang",2026-10-04,32.11.15.2002,Hegarmanah,kecamatan,yes,-6.938,107.7556,Asia/Jakarta,"BMKG representative point: Hegarmanah, Kecamatan Jatinangor",04-10-2026,BMKG,BMKG,10:00,2026-10-04 10:00:00,29.0,55.0,0.0,6.3,0.0,1.7072,Cerah Berawan,Cerah Berawan
jatinangor,"Jatinangor, Sumedang",2026-10-04,32.11.15.2002,Hegarmanah,kecamatan,yes,-6.938,107.7556,Asia/Jakarta,"BMKG representative point: Hegarmanah, Kecamatan Jatinangor",04-10-2026,BMKG,BMKG,11:00,2026-10-04 10:00:00,29.0,55.0,0.0,6.3,60.0,1.2804,Cerah Berawan,Cerah Berawan
jatinangor,"Jatinangor, Sumedang",2026-10-04,32.11.15.2002,Hegarmanah,kecamatan,yes,-6.938,107.7556,Asia/Jakarta,"BMKG representative point: Hegarmanah, Kecamatan Jatinangor",04-10-2026,BMKG,BMKG,12:00,2026-10-04 13:00:00,29.0,65.0,1.5,8.3,60.0,1.2804,Hujan Ringan,Hujan Ringan
jatinangor,"Jatinangor, Sumedang",2026-10-04,32.11.15.2002,Hegarmanah,kecamatan,yes,-6.938,107.7556,Asia/Jakarta,"BMKG representative point: Hegarmanah, Kecamatan Jatinangor",04-10-2026,BMKG,BMKG,13:00,2026-10-04 13:00:00,29.0,65.0,1.5,8.3,0.0,1.7072,Hujan Ringan,Hujan Ringan
jatinangor,"Jatinangor, Sumedang",2026-10-04,32.11.15.2002,Hegarmanah,kecamatan,yes,-6.938,107.7556,Asia/Jakarta,"BMKG representative point: Hegarmanah, Kecamatan Jatinangor",04-10-2026,BMKG,BMKG,14:00,2026-10-04 13:00:00,29.0,65.0,1.5,8.3,60.0,1.2804,Hujan Ringan,Hujan Ringan
jatinangor,"Jatinangor, Sumedang",2026-10-04,32.11.15.2002,Hegarmanah,kecamatan,yes,-6.938,107.7556,Asia/Jakarta,"BMKG representative point: Hegarmanah, Kecamatan Jatinangor",04-10-2026,BMKG,BMKG,15:00,2026-10-04 16:00:00,22.0,90.0,0.0,3.6,60.0,1.2804,Berawan,Berawan
jatinangor,"Jatinangor, Sumedang",2026-10-04,32.11.15.2002,Hegarmanah,kecamatan,yes,-6.938,107.7556,Asia/Jakarta,"BMKG representative point: Hegarmanah, Kecamatan Jatinangor",04-10-2026,BMKG,BMKG,16:00,2026-10-04 16:00:00,22.0,90.0,0.0,3.6,0.0,1.7072,Berawan,Berawan
jatinangor,"Jatinangor, Sumedang",2026-10-04,32.11.15.2002,Hegarmanah,kecamatan,yes,-6.938,107.7556,Asia/Jakarta,"BMKG representative point: Hegarmanah, Kecamatan Jatinangor",04-10-2026,BMKG,BMKG,17:00,2026-10-04 16:00:00,22.0,90.0,0.0,3.6,60.0,1.2804,Berawan,Berawan
jatinangor,"Jatinangor, Sumedang",2026-10-04,32.11.15.2002,Hegarmanah,kecamatan,yes,-6.938,107.7556,Asia/Jakarta,"BMKG representative point: Hegarmanah, Kecamatan Jatinangor",04-10-2026,BMKG,BMKG,18:00,2026-10-04 19:00:00,21.0,94.0,0.0,1.3,60.0,1.2804,Berawan,Berawan
jatinangor,"Jatinangor, Sumedang",2026-10-04,32.11.15.2002,Hegarmanah,kecamatan,yes,-6.938,107.7556,Asia/Jakarta,"BMKG representative point: Hegarmanah, Kecamatan Jatinangor",04-10-2026,BMKG,BMKG,19:00,2026-10-04 19:00:00,21.0,94.0,0.0,1.3,0.0,1.7072,Berawan,Berawan
jatinangor,"Jatinangor, Sumedang",2026-10-04,32.11.15.2002,Hegarmanah,kecamatan,yes,-6.938,107.7556,Asia/Jakarta,"BMKG representative point: Hegarmanah, Kecamatan Jatinangor",04-10-2026,BMKG,BMKG,20:00,2026-10-04 19:00:00,21.0,94.0,0.0,1.3,60.0,1.2804,Berawan,Berawan
jatinangor,"Jatinangor, Sumedang",2026-10-04,32.11.15.2002,Hegarmanah,kecamatan,yes,-6.938,107.7556,Asia/Jakarta,"BMKG representative point: Hegarmanah, Kecamatan Jatinangor",04-10-2026,BMKG,BMKG,21:00,2026-10-04 22:00:00,21.0,95.0,0.0,2.8,60.0,1.2804,Berawan,Berawan
jatinangor,"Jatinangor, Sumedang",2026-10-04,32.11.15.2002,Hegarmanah,kecamatan,yes,-6.938,107.7556,Asia/Jakarta,"BMKG representative point: Hegarmanah, Kecamatan Jatinangor",04-10-2026,BMKG,BMKG,22:00,2026-10-04 22:00:00,21.0,95.0,0.0,2.8,0.0,1.7072,Berawan,Berawan
jatinangor,"Jatinangor, Sumedang",2026-10-04,32.11.15.2002,Hegarmanah,kecamatan,yes,-6.938,107.7556,Asia/Jakarta,"BMKG representative point: Hegarmanah, Kecamatan Jatinangor",04-10-2026,BMKG,BMKG,23:00,2026-10-04 22:00:00,21.0,95.0,0.0,2.8,60.0,1.2804,Berawan,Berawan
jatinangor,"Jatinangor, Sumedang",2026-10-04,32.11.15.2002,Hegarmanah,kecamatan,yes,-6.938,107.7556,Asia/Jakarta,"BMKG representative point: Hegarmanah, Kecamatan Jatinangor",04-10-2026,CMA,Open-Meteo / CMA GRAPES,00:00,2026-10-04 00:00:00,22.4,91.0,0.6,4.3,0.0,1.1588,Hujan Ringan,wmo:53
jatinangor,"Jatinangor, Sumedang",2026-10-04,32.11.15.2002,Hegarmanah,kecamatan,yes,-6.938,107.7556,Asia/Jakarta,"BMKG representative point: Hegarmanah, Kecamatan Jatinangor",04-10-2026,CMA,Open-Meteo / CMA GRAPES,01:00,2026-10-04 01:00:00,22.0,90.0,0.6,7.6,0.0,1.1588,Hujan Ringan,wmo:53
jatinangor,"Jatinangor, Sumedang",2026-10-04,32.11.15.2002,Hegarmanah,kecamatan,yes,-6.938,107.7556,Asia/Jakarta,"BMKG representative point: Hegarmanah, Kecamatan Jatinangor",04-10-2026,CMA,Open-Meteo / CMA GRAPES,02:00,2026-10-04 02:00:00,21.4,88.0,0.0,8.1,0.0,1.1588,Cerah Berawan,wmo:1
jatinangor,"Jatinangor, Sumedang",2026-10-04,32.11.15.2002,Hegarmanah,kecamatan,yes,-6.938,107.7556,Asia/Jakarta,"BMKG representative point: Hegarmanah, Kecamatan Jatinangor",04-10-2026,CMA,Open-Meteo / CMA GRAPES,03:00,2026-10-04 03:00:00,20.7,85.0,0.0,7.5,0.0,1.1588,Cerah Berawan,wmo:1
jatinangor,"Jatinangor, Sumedang",2026-10-04,32.11.15.2002,Hegarmanah,kecamatan,yes,-6.938,107.7556,Asia/Jakarta,"BMKG representative point: Hegarmanah, Kecamatan Jatinangor",04-10-2026,CMA,Open-Meteo / CMA GRAPES,04:00,2026-10-04 04:00:00,20.2,83.0,0.0,7.4,0.0,1.1588,Cerah,wmo:0
jatinangor,"Jatinangor, Sumedang",2026-10-04,32.11.15.2002,Hegarmanah,kecamatan,yes,-6.938,107.7556,Asia/Jakarta,"BMKG representative point: Hegarmanah, Kecamatan Jatinangor",04-10-2026,CMA,Open-Meteo / CMA GRAPES,05:00,2026-10-04 05:00:00,20.2,84.0,0.0,8.2,0.0,1.1588,Cerah,wmo:0
jatinangor,"Jatinangor, Sumedang",2026-10-04,32.11.15.2002,Hegarmanah,kecamatan,yes,-6.938,107.7556,Asia/Jakarta,"BMKG representative point: Hegarmanah, Kecamatan Jatinangor",04-10-2026,CMA,Open-Meteo / CMA GRAPES,06:00,2026-10-04 06:00:00,20.4,86.0,0.0,9.4,0.0,1.1588,Cerah Berawan,wmo:1
jatinangor,"Jatinangor, Sumedang",2026-10-04,32.11.15.2002,Hegarmanah,kecamatan,yes,-6.938,107.7556,Asia/Jakarta,"BMKG representative point: Hegarmanah, Kecamatan Jatinangor",04-10-2026,CMA,Open-Meteo / CMA GRAPES,07:00,2026-10-04 07:00:00,21.0,85.0,0.0,9.8,0.0,1.1588,Cerah Berawan,wmo:1
jatinangor,"Jatinangor, Sumedang",2026-10-04,32.11.15.2002,Hegarmanah,kecamatan,yes,-6.938,107.7556,Asia/Jakarta,"BMKG representative point: Hegarmanah, Kecamatan Jatinangor",04-10-2026,CMA,Open-Meteo / CMA GRAPES,08:00,2026-10-04 08:00:00,22.4,79.0,0.0,10.0,0.0,1.1588,Cerah Berawan,wmo:1
jatinangor,"Jatinangor, Sumedang",2026-10-04,32.11.15.2002,Hegarmanah,kecamatan,yes,-6.938,107.7556,Asia/Jakarta,"BMKG representative point: Hegarmanah, Kecamatan Jatinangor",04-10-2026,CMA,Open-Meteo / CMA GRAPES,09:00,2026-10-04 09:00:00,24.3,71.0,0.0,10.9,0.0,1.1588,Cerah Berawan,wmo:1
jatinangor,"Jatinangor, Sumedang",2026-10-04,32.11.15.2002,Hegarmanah,kecamatan,yes,-6.938,107.7556,Asia/Jakarta,"BMKG representative point: Hegarmanah, Kecamatan Jatinangor",04-10-2026,CMA,Open-Meteo / CMA GRAPES,10:00,2026-10-04 10:00:00,25.8,65.0,0.0,11.8,0.0,1.1588,Cerah Berawan,wmo:1
jatinangor,"Jatinangor, Sumedang",2026-10-04,32.11.15.2002,Hegarmanah,kecamatan,yes,-6.938,107.7556,Asia/Jakarta,"BMKG representative point: Hegarmanah, Kecamatan Jatinangor",04-10-2026,CMA,Open-Meteo / CMA GRAPES,11:00,2026-10-04 11:00:00,26.7,62.0,0.0,12.3,0.0,1.1588,Cerah Berawan,wmo:1
jatinangor,"Jatinangor, Sumedang",2026-10-04,32.11.15.2002,Hegarmanah,kecamatan,yes,-6.938,107.7556,Asia/Jakarta,"BMKG representative point: Hegarmanah, Kecamatan Jatinangor",04-10-2026,CMA,Open-Meteo / CMA GRAPES,12:00,2026-10-04 12:00:00,27.2,62.0,0.0,12.3,0.0,1.1588,Cerah Berawan,wmo:1
jatinangor,"Jatinangor, Sumedang",2026-10-04,32.11.15.2002,Hegarmanah,kecamatan,yes,-6.938,107.7556,Asia/Jakarta,"BMKG representative point: Hegarmanah, Kecamatan Jatinangor",04-10-2026,CMA,Open-Meteo / CMA GRAPES,13:00,2026-10-04 13:00:00,27.5,62.0,0.0,12.9,0.0,1.1588,Cerah Berawan,wmo:1
jatinangor,"Jatinangor, Sumedang",2026-10-04,32.11.15.2002,Hegarmanah,kecamatan,yes,-6.938,107.7556,Asia/Jakarta,"BMKG representative point: Hegarmanah, Kecamatan Jatinangor",04-10-2026,CMA,Open-Meteo / CMA GRAPES,14:00,2026-10-04 14:00:00,27.6,64.0,0.0,13.0,0.0,1.1588,Cerah Berawan,wmo:1
jatinangor,"Jatinangor, Sumedang",2026-10-04,32.11.15.2002,Hegarmanah,kecamatan,yes,-6.938,107.7556,Asia/Jakarta,"BMKG representative point: Hegarmanah, Kecamatan Jatinangor",04-10-2026,CMA,Open-Meteo / CMA GRAPES,15:00,2026-10-04 15:00:00,27.3,66.0,0.0,13.8,0.0,1.1588,Cerah Berawan,wmo:1
jatinangor,"Jatinangor, Sumedang",2026-10-04,32.11.15.2002,Hegarmanah,kecamatan,yes,-6.938,107.7556,Asia/Jakarta,"BMKG representative point: Hegarmanah, Kecamatan Jatinangor",04-10-2026,CMA,Open-Meteo / CMA GRAPES,16:00,2026-10-04 16:00:00,26.8,70.0,0.0,14.0,0.0,1.1588,Cerah,wmo:0
jatinangor,"Jatinangor, Sumedang",2026-10-04,32.11.15.2002,Hegarmanah,kecamatan,yes,-6.938,107.7556,Asia/Jakarta,"BMKG representative point: Hegarmanah, Kecamatan Jatinangor",04-10-2026,CMA,Open-Meteo / CMA GRAPES,17:00,2026-10-04 17:00:00,25.9,75.0,0.0,13.5,0.0,1.1588,Cerah Berawan,wmo:1
jatinangor,"Jatinangor, Sumedang",2026-10-04,32.11.15.2002,Hegarmanah,kecamatan,yes,-6.938,107.7556,Asia/Jakarta,"BMKG representative point: Hegarmanah, Kecamatan Jatinangor",04-10-2026,CMA,Open-Meteo / CMA GRAPES,18:00,2026-10-04 18:00:00,24.8,82.0,0.0,12.5,0.0,1.1588,Cerah Berawan,wmo:1
jatinangor,"Jatinangor, Sumedang",2026-10-04,32.11.15.2002,Hegarmanah,kecamatan,yes,-6.938,107.7556,Asia/Jakarta,"BMKG representative point: Hegarmanah, Kecamatan Jatinangor",04-10-2026,CMA,Open-Meteo / CMA GRAPES,19:00,2026-10-04 19:00:00,23.8,87.0,0.0,11.0,0.0,1.1588,Cerah Berawan,wmo:1
jatinangor,"Jatinangor, Sumedang",2026-10-04,32.11.15.2002,Hegarmanah,kecamatan,yes,-6.938,107.7556,Asia/Jakarta,"BMKG representative point: Hegarmanah, Kecamatan Jatinangor",04-10-2026,CMA,Open-Meteo / CMA GRAPES,20:00,2026-10-04 20:00:00,23.2,90.0,0.0,8.5,0.0,1.1588,Cerah Berawan,wmo:1
jatinangor,"Jatinangor, Sumedang",2026-10-04,32.11.15.2002,Hegarmanah,kecamatan,yes,-6.938,107.7556,Asia/Jakarta,"BMKG representative point: Hegarmanah, Kecamatan Jatinangor",04-10-2026,CMA,Open-Meteo / CMA GRAPES,21:00,2026-10-04 21:00:00,22.8,92.0,0.0,6.4,0.0,1.1588,Cerah Berawan,wmo:1
jatinangor,"Jatinangor, Sumedang",2026-10-04,32.11.15.2002,Hegarmanah,kecamatan,yes,-6.938,107.7556,Asia/Jakarta,"BMKG representative point: Hegarmanah, Kecamatan Jatinangor",04-10-2026,CMA,Open-Meteo / CMA GRAPES,22:00,2026-10-04 22:00:00,22.4,91.0,0.0,5.8,0.0,1.1588,Cerah Berawan,wmo:1
jatinangor,"Jatinangor, Sumedang",2026-10-04,32.11.15.2002,Hegarmanah,kecamatan,yes,-6.938,107.7556,Asia/Jakarta,"BMKG representative point: Hegarmanah, Kecamatan Jatinangor",04-10-2026,CMA,Open-Meteo / CMA GRAPES,23:00,2026-10-04 23:00:00,22.1,86.0,0.0,6.2,0.0,1.1588,Cerah Berawan,wmo:1
jatinangor,"Jatinangor, Sumedang",2026-10-04,32.11.15.2002,Hegarmanah,kecamatan,yes,-6.938,107.7556,Asia/Jakarta,"BMKG representative point: Hegarmanah, Kecamatan Jatinangor",04-10-2026,ECMWF,Open-Meteo / ECMWF,00:00,2026-10-04 00:00:00,20.6,91.0,0.0,5.4,0.0,1.7077,Cerah Berawan,wmo:1
jatinangor,"Jatinangor, Sumedang",2026-10-04,32.11.15.2002,Hegarmanah,kecamatan,yes,-6.938,107.7556,Asia/Jakarta,"BMKG representative point: Hegarmanah, Kecamatan Jatinangor",04-10-2026,ECMWF,Open-Meteo / ECMWF,01:00,2026-10-04 01:00:00,19.9,93.0,0.0,5.1,0.0,1.7077,Cerah Berawan,wmo:1
jatinangor,"Jatinangor, Sumedang",2026-10-04,32.11.15.2002,Hegarmanah,kecamatan,yes,-6.938,107.7556,Asia/Jakarta,"BMKG representative point: Hegarmanah, Kecamatan Jatinangor",04-10-2026,ECMWF,Open-Meteo / ECMWF,02:00,2026-10-04 02:00:00,19.3,95.0,0.0,5.1,0.0,1.7077,Cerah Berawan,wmo:1
jatinangor,"Jatinangor, Sumedang",2026-10-04,32.11.15.2002,Hegarmanah,kecamatan,yes,-6.938,107.7556,Asia/Jakarta,"BMKG representative point: Hegarmanah, Kecamatan Jatinangor",04-10-2026,ECMWF,Open-Meteo / ECMWF,03:00,2026-10-04 03:00:00,18.7,96.0,0.0,5.4,0.0,1.7077,Cerah Berawan,wmo:2
jatinangor,"Jatinangor, Sumedang",2026-10-04,32.11.15.2002,Hegarmanah,kecamatan,yes,-6.938,107.7556,Asia/Jakarta,"BMKG representative point: Hegarmanah, Kecamatan Jatinangor",04-10-2026,ECMWF,Open-Meteo / ECMWF,04:00,2026-10-04 04:00:00,18.6,95.0,0.0,5.8,0.0,1.7077,Berawan,wmo:3
jatinangor,"Jatinangor, Sumedang",2026-10-04,32.11.15.2002,Hegarmanah,kecamatan,yes,-6.938,107.7556,Asia/Jakarta,"BMKG representative point: Hegarmanah, Kecamatan Jatinangor",04-10-2026,ECMWF,Open-Meteo / ECMWF,05:00,2026-10-04 05:00:00,19.0,92.0,0.0,5.8,0.0,1.7077,Berawan,wmo:3
jatinangor,"Jatinangor, Sumedang",2026-10-04,32.11.15.2002,Hegarmanah,kecamatan,yes,-6.938,107.7556,Asia/Jakarta,"BMKG representative point: Hegarmanah, Kecamatan Jatinangor",04-10-2026,ECMWF,Open-Meteo / ECMWF,06:00,2026-10-04 06:00:00,19.9,88.0,0.0,5.4,0.0,1.7077,Berawan,wmo:3
jatinangor,"Jatinangor, Sumedang",2026-10-04,32.11.15.2002,Hegarmanah,kecamatan,yes,-6.938,107.7556,Asia/Jakarta,"BMKG representative point: Hegarmanah, Kecamatan Jatinangor",04-10-2026,ECMWF,Open-Meteo / ECMWF,07:00,2026-10-04 07:00:00,21.3,81.0,0.0,5.4,0.0,1.7077,Berawan,wmo:3
jatinangor,"Jatinangor, Sumedang",2026-10-04,32.11.15.2002,Hegarmanah,kecamatan,yes,-6.938,107.7556,Asia/Jakarta,"BMKG representative point: Hegarmanah, Kecamatan Jatinangor",04-10-2026,ECMWF,Open-Meteo / ECMWF,08:00,2026-10-04 08:00:00,23.7,70.0,0.0,5.8,0.0,1.7077,Cerah Berawan,wmo:2
jatinangor,"Jatinangor, Sumedang",2026-10-04,32.11.15.2002,Hegarmanah,kecamatan,yes,-6.938,107.7556,Asia/Jakarta,"BMKG representative point: Hegarmanah, Kecamatan Jatinangor",04-10-2026,ECMWF,Open-Meteo / ECMWF,09:00,2026-10-04 09:00:00,26.6,58.0,0.0,6.7,0.0,1.7077,Cerah Berawan,wmo:1
jatinangor,"Jatinangor, Sumedang",2026-10-04,32.11.15.2002,Hegarmanah,kecamatan,yes,-6.938,107.7556,Asia/Jakarta,"BMKG representative point: Hegarmanah, Kecamatan Jatinangor",04-10-2026,ECMWF,Open-Meteo / ECMWF,10:00,2026-10-04 10:00:00,28.9,48.0,0.0,7.2,0.0,1.7077,Cerah Berawan,wmo:1
jatinangor,"Jatinangor, Sumedang",2026-10-04,32.11.15.2002,Hegarmanah,kecamatan,yes,-6.938,107.7556,Asia/Jakarta,"BMKG representative point: Hegarmanah, Kecamatan Jatinangor",04-10-2026,ECMWF,Open-Meteo / ECMWF,11:00,2026-10-04 11:00:00,30.3,43.0,0.2,6.5,0.0,1.7077,Hujan Ringan,wmo:51
jatinangor,"Jatinangor, Sumedang",2026-10-04,32.11.15.2002,Hegarmanah,kecamatan,yes,-6.938,107.7556,Asia/Jakarta,"BMKG representative point: Hegarmanah, Kecamatan Jatinangor",04-10-2026,ECMWF,Open-Meteo / ECMWF,12:00,2026-10-04 12:00:00,31.1,41.0,0.2,6.6,0.0,1.7077,Hujan Ringan,wmo:51
jatinangor,"Jatinangor, Sumedang",2026-10-04,32.11.15.2002,Hegarmanah,kecamatan,yes,-6.938,107.7556,Asia/Jakarta,"BMKG representative point: Hegarmanah, Kecamatan Jatinangor",04-10-2026,ECMWF,Open-Meteo / ECMWF,13:00,2026-10-04 13:00:00,31.1,42.0,0.2,7.7,0.0,1.7077,Hujan Ringan,wmo:51
jatinangor,"Jatinangor, Sumedang",2026-10-04,32.11.15.2002,Hegarmanah,kecamatan,yes,-6.938,107.7556,Asia/Jakarta,"BMKG representative point: Hegarmanah, Kecamatan Jatinangor",04-10-2026,ECMWF,Open-Meteo / ECMWF,14:00,2026-10-04 14:00:00,29.9,47.0,0.7,8.3,0.0,1.7077,Hujan Ringan,wmo:53
jatinangor,"Jatinangor, Sumedang",2026-10-04,32.11.15.2002,Hegarmanah,kecamatan,yes,-6.938,107.7556,Asia/Jakarta,"BMKG representative point: Hegarmanah, Kecamatan Jatinangor",04-10-2026,ECMWF,Open-Meteo / ECMWF,15:00,2026-10-04 15:00:00,28.0,56.0,0.7,9.1,0.0,1.7077,Hujan Ringan,wmo:53
jatinangor,"Jatinangor, Sumedang",2026-10-04,32.11.15.2002,Hegarmanah,kecamatan,yes,-6.938,107.7556,Asia/Jakarta,"BMKG representative point: Hegarmanah, Kecamatan Jatinangor",04-10-2026,ECMWF,Open-Meteo / ECMWF,16:00,2026-10-04 16:00:00,26.3,63.0,0.7,9.5,0.0,1.7077,Hujan Ringan,wmo:53
jatinangor,"Jatinangor, Sumedang",2026-10-04,32.11.15.2002,Hegarmanah,kecamatan,yes,-6.938,107.7556,Asia/Jakarta,"BMKG representative point: Hegarmanah, Kecamatan Jatinangor",04-10-2026,ECMWF,Open-Meteo / ECMWF,17:00,2026-10-04 17:00:00,25.3,68.0,0.1,8.4,0.0,1.7077,Hujan Ringan,wmo:51
jatinangor,"Jatinangor, Sumedang",2026-10-04,32.11.15.2002,Hegarmanah,kecamatan,yes,-6.938,107.7556,Asia/Jakarta,"BMKG representative point: Hegarmanah, Kecamatan Jatinangor",04-10-2026,ECMWF,Open-Meteo / ECMWF,18:00,2026-10-04 18:00:00,24.7,73.0,0.1,6.6,0.0,1.7077,Hujan Ringan,wmo:51
jatinangor,"Jatinangor, Sumedang",2026-10-04,32.11.15.2002,Hegarmanah,kecamatan,yes,-6.938,107.7556,Asia/Jakarta,"BMKG representative point: Hegarmanah, Kecamatan Jatinangor",04-10-2026,ECMWF,Open-Meteo / ECMWF,19:00,2026-10-04 19:00:00,24.0,77.0,0.1,5.2,0.0,1.7077,Hujan Ringan,wmo:51
jatinangor,"Jatinangor, Sumedang",2026-10-04,32.11.15.2002,Hegarmanah,kecamatan,yes,-6.938,107.7556,Asia/Jakarta,"BMKG representative point: Hegarmanah, Kecamatan Jatinangor",04-10-2026,ECMWF,Open-Meteo / ECMWF,20:00,2026-10-04 20:00:00,23.4,81.0,0.0,4.8,0.0,1.7077,Cerah Berawan,wmo:1
jatinangor,"Jatinangor, Sumedang",2026-10-04,32.11.15.2002,Hegarmanah,kecamatan,yes,-6.938,107.7556,Asia/Jakarta,"BMKG representative point: Hegarmanah, Kecamatan Jatinangor",04-10-2026,ECMWF,Open-Meteo / ECMWF,21:00,2026-10-04 21:00:00,22.7,84.0,0.0,4.7,0.0,1.7077,Cerah Berawan,wmo:2
jatinangor,"Jatinangor, Sumedang",2026-10-04,32.11.15.2002,Hegarmanah,kecamatan,yes,-6.938,107.7556,Asia/Jakarta,"BMKG representative point: Hegarmanah, Kecamatan Jatinangor",04-10-2026,ECMWF,Open-Meteo / ECMWF,22:00,2026-10-04 22:00:00,22.1,87.0,0.0,5.1,0.0,1.7077,Berawan,wmo:3
jatinangor,"Jatinangor, Sumedang",2026-10-04,32.11.15.2002,Hegarmanah,kecamatan,yes,-6.938,107.7556,Asia/Jakarta,"BMKG representative point: Hegarmanah, Kecamatan Jatinangor",04-10-2026,ECMWF,Open-Meteo / ECMWF,23:00,2026-10-04 23:00:00,21.5,90.0,0.0,5.0,0.0,1.7077,Berawan,wmo:3
jatinangor,"Jatinangor, Sumedang",2026-10-04,32.11.15.2002,Hegarmanah,kecamatan,yes,-6.938,107.7556,Asia/Jakarta,"BMKG representative point: Hegarmanah, Kecamatan Jatinangor",04-10-2026,GFS,Open-Meteo / NOAA GFS,00:00,2026-10-04 00:00:00,19.4,95.0,0.0,5.7,0.0,1.3691,Cerah Berawan,wmo:2
jatinangor,"Jatinangor, Sumedang",2026-10-04,32.11.15.2002,Hegarmanah,kecamatan,yes,-6.938,107.7556,Asia/Jakarta,"BMKG representative point: Hegarmanah, Kecamatan Jatinangor",04-10-2026,GFS,Open-Meteo / NOAA GFS,01:00,2026-10-04 01:00:00,19.1,96.0,0.0,5.2,0.0,1.3691,Cerah Berawan,wmo:2
jatinangor,"Jatinangor, Sumedang",2026-10-04,32.11.15.2002,Hegarmanah,kecamatan,yes,-6.938,107.7556,Asia/Jakarta,"BMKG representative point: Hegarmanah, Kecamatan Jatinangor",04-10-2026,GFS,Open-Meteo / NOAA GFS,02:00,2026-10-04 02:00:00,18.8,96.0,0.0,5.8,0.0,1.3691,Cerah Berawan,wmo:1
jatinangor,"Jatinangor, Sumedang",2026-10-04,32.11.15.2002,Hegarmanah,kecamatan,yes,-6.938,107.7556,Asia/Jakarta,"BMKG representative point: Hegarmanah, Kecamatan Jatinangor",04-10-2026,GFS,Open-Meteo / NOAA GFS,03:00,2026-10-04 03:00:00,18.6,95.0,0.0,6.0,0.0,1.3691,Cerah Berawan,wmo:2
jatinangor,"Jatinangor, Sumedang",2026-10-04,32.11.15.2002,Hegarmanah,kecamatan,yes,-6.938,107.7556,Asia/Jakarta,"BMKG representative point: Hegarmanah, Kecamatan Jatinangor",04-10-2026,GFS,Open-Meteo / NOAA GFS,04:00,2026-10-04 04:00:00,18.4,94.0,0.0,6.2,0.0,1.3691,Berawan,wmo:3
jatinangor,"Jatinangor, Sumedang",2026-10-04,32.11.15.2002,Hegarmanah,kecamatan,yes,-6.938,107.7556,Asia/Jakarta,"BMKG representative point: Hegarmanah, Kecamatan Jatinangor",04-10-2026,GFS,Open-Meteo / NOAA GFS,05:00,2026-10-04 05:00:00,18.2,93.0,0.0,6.0,0.0,1.3691,Berawan,wmo:3
jatinangor,"Jatinangor, Sumedang",2026-10-04,32.11.15.2002,Hegarmanah,kecamatan,yes,-6.938,107.7556,Asia/Jakarta,"BMKG representative point: Hegarmanah, Kecamatan Jatinangor",04-10-2026,GFS,Open-Meteo / NOAA GFS,06:00,2026-10-04 06:00:00,18.8,90.0,0.0,5.7,0.0,1.3691,Berawan,wmo:3
jatinangor,"Jatinangor, Sumedang",2026-10-04,32.11.15.2002,Hegarmanah,kecamatan,yes,-6.938,107.7556,Asia/Jakarta,"BMKG representative point: Hegarmanah, Kecamatan Jatinangor",04-10-2026,GFS,Open-Meteo / NOAA GFS,07:00,2026-10-04 07:00:00,21.9,76.0,0.0,6.6,0.0,1.3691,Berawan,wmo:3
jatinangor,"Jatinangor, Sumedang",2026-10-04,32.11.15.2002,Hegarmanah,kecamatan,yes,-6.938,107.7556,Asia/Jakarta,"BMKG representative point: Hegarmanah, Kecamatan Jatinangor",04-10-2026,GFS,Open-Meteo / NOAA GFS,08:00,2026-10-04 08:00:00,25.2,61.0,0.0,7.2,0.0,1.3691,Berawan,wmo:3
jatinangor,"Jatinangor, Sumedang",2026-10-04,32.11.15.2002,Hegarmanah,kecamatan,yes,-6.938,107.7556,Asia/Jakarta,"BMKG representative point: Hegarmanah, Kecamatan Jatinangor",04-10-2026,GFS,Open-Meteo / NOAA GFS,09:00,2026-10-04 09:00:00,28.1,50.0,0.0,6.8,0.0,1.3691,Berawan,wmo:3
jatinangor,"Jatinangor, Sumedang",2026-10-04,32.11.15.2002,Hegarmanah,kecamatan,yes,-6.938,107.7556,Asia/Jakarta,"BMKG representative point: Hegarmanah, Kecamatan Jatinangor",04-10-2026,GFS,Open-Meteo / NOAA GFS,10:00,2026-10-04 10:00:00,30.4,43.0,0.0,7.6,0.0,1.3691,Berawan,wmo:3
jatinangor,"Jatinangor, Sumedang",2026-10-04,32.11.15.2002,Hegarmanah,kecamatan,yes,-6.938,107.7556,Asia/Jakarta,"BMKG representative point: Hegarmanah, Kecamatan Jatinangor",04-10-2026,GFS,Open-Meteo / NOAA GFS,11:00,2026-10-04 11:00:00,31.9,38.0,0.0,8.9,0.0,1.3691,Berawan,wmo:3
jatinangor,"Jatinangor, Sumedang",2026-10-04,32.11.15.2002,Hegarmanah,kecamatan,yes,-6.938,107.7556,Asia/Jakarta,"BMKG representative point: Hegarmanah, Kecamatan Jatinangor",04-10-2026,GFS,Open-Meteo / NOAA GFS,12:00,2026-10-04 12:00:00,33.0,35.0,0.0,12.8,0.0,1.3691,Berawan,wmo:3
jatinangor,"Jatinangor, Sumedang",2026-10-04,32.11.15.2002,Hegarmanah,kecamatan,yes,-6.938,107.7556,Asia/Jakarta,"BMKG representative point: Hegarmanah, Kecamatan Jatinangor",04-10-2026,GFS,Open-Meteo / NOAA GFS,13:00,2026-10-04 13:00:00,33.3,33.0,0.0,17.8,0.0,1.3691,Cerah Berawan,wmo:2
jatinangor,"Jatinangor, Sumedang",2026-10-04,32.11.15.2002,Hegarmanah,kecamatan,yes,-6.938,107.7556,Asia/Jakarta,"BMKG representative point: Hegarmanah, Kecamatan Jatinangor",04-10-2026,GFS,Open-Meteo / NOAA GFS,14:00,2026-10-04 14:00:00,30.2,42.0,0.0,17.4,0.0,1.3691,Berawan,wmo:3
jatinangor,"Jatinangor, Sumedang",2026-10-04,32.11.15.2002,Hegarmanah,kecamatan,yes,-6.938,107.7556,Asia/Jakarta,"BMKG representative point: Hegarmanah, Kecamatan Jatinangor",04-10-2026,GFS,Open-Meteo / NOAA GFS,15:00,2026-10-04 15:00:00,26.2,63.0,0.2,15.0,0.0,1.3691,Hujan Ringan,wmo:51
jatinangor,"Jatinangor, Sumedang",2026-10-04,32.11.15.2002,Hegarmanah,kecamatan,yes,-6.938,107.7556,Asia/Jakarta,"BMKG representative point: Hegarmanah, Kecamatan Jatinangor",04-10-2026,GFS,Open-Meteo / NOAA GFS,16:00,2026-10-04 16:00:00,24.2,76.0,0.9,10.2,0.0,1.3691,Hujan Ringan,wmo:53
jatinangor,"Jatinangor, Sumedang",2026-10-04,32.11.15.2002,Hegarmanah,kecamatan,yes,-6.938,107.7556,Asia/Jakarta,"BMKG representative point: Hegarmanah, Kecamatan Jatinangor",04-10-2026,GFS,Open-Meteo / NOAA GFS,17:00,2026-10-04 17:00:00,22.5,89.0,1.9,9.5,0.0,1.3691,Hujan Ringan,wmo:80
jatinangor,"Jatinangor, Sumedang",2026-10-04,32.11.15.2002,Hegarmanah,kecamatan,yes,-6.938,107.7556,Asia/Jakarta,"BMKG representative point: Hegarmanah, Kecamatan Jatinangor",04-10-2026,GFS,Open-Meteo / NOAA GFS,18:00,2026-10-04 18:00:00,22.1,92.0,1.8,5.2,0.0,1.3691,Hujan Ringan,wmo:80
jatinangor,"Jatinangor, Sumedang",2026-10-04,32.11.15.2002,Hegarmanah,kecamatan,yes,-6.938,107.7556,Asia/Jakarta,"BMKG representative point: Hegarmanah, Kecamatan Jatinangor",04-10-2026,GFS,Open-Meteo / NOAA GFS,19:00,2026-10-04 19:00:00,21.9,93.0,2.4,4.2,0.0,1.3691,Hujan Ringan,wmo:80
jatinangor,"Jatinangor, Sumedang",2026-10-04,32.11.15.2002,Hegarmanah,kecamatan,yes,-6.938,107.7556,Asia/Jakarta,"BMKG representative point: Hegarmanah, Kecamatan Jatinangor",04-10-2026,GFS,Open-Meteo / NOAA GFS,20:00,2026-10-04 20:00:00,21.8,94.0,2.1,4.4,0.0,1.3691,Hujan Ringan,wmo:80
jatinangor,"Jatinangor, Sumedang",2026-10-04,32.11.15.2002,Hegarmanah,kecamatan,yes,-6.938,107.7556,Asia/Jakarta,"BMKG representative point: Hegarmanah, Kecamatan Jatinangor",04-10-2026,GFS,Open-Meteo / NOAA GFS,21:00,2026-10-04 21:00:00,21.7,94.0,1.2,5.1,0.0,1.3691,Hujan Ringan,wmo:55
jatinangor,"Jatinangor, Sumedang",2026-10-04,32.11.15.2002,Hegarmanah,kecamatan,yes,-6.938,107.7556,Asia/Jakarta,"BMKG representative point: Hegarmanah, Kecamatan Jatinangor",04-10-2026,GFS,Open-Meteo / NOAA GFS,22:00,2026-10-04 22:00:00,21.4,93.0,0.6,6.6,0.0,1.3691,Hujan Ringan,wmo:53
jatinangor,"Jatinangor, Sumedang",2026-10-04,32.11.15.2002,Hegarmanah,kecamatan,yes,-6.938,107.7556,Asia/Jakarta,"BMKG representative point: Hegarmanah, Kecamatan Jatinangor",04-10-2026,GFS,Open-Meteo / NOAA GFS,23:00,2026-10-04 23:00:00,21.1,92.0,0.1,5.4,0.0,1.3691,Hujan Ringan,wmo:51
jatinangor,"Jatinangor, Sumedang",2026-10-04,32.11.15.2002,Hegarmanah,kecamatan,yes,-6.938,107.7556,Asia/Jakarta,"BMKG representative point: Hegarmanah, Kecamatan Jatinangor",04-10-2026,ICON,Open-Meteo / DWD ICON,00:00,2026-10-04 00:00:00,22.4,85.0,0.0,4.8,0.0,1.401,Cerah Berawan,wmo:1
jatinangor,"Jatinangor, Sumedang",2026-10-04,32.11.15.2002,Hegarmanah,kecamatan,yes,-6.938,107.7556,Asia/Jakarta,"BMKG representative point: Hegarmanah, Kecamatan Jatinangor",04-10-2026,ICON,Open-Meteo / DWD ICON,01:00,2026-10-04 01:00:00,22.2,83.0,0.0,4.3,0.0,1.401,Cerah,wmo:0
jatinangor,"Jatinangor, Sumedang",2026-10-04,32.11.15.2002,Hegarmanah,kecamatan,yes,-6.938,107.7556,Asia/Jakarta,"BMKG representative point: Hegarmanah, Kecamatan Jatinangor",04-10-2026,ICON,Open-Meteo / DWD ICON,02:00,2026-10-04 02:00:00,21.6,83.0,0.0,4.3,0.0,1.401,Cerah Berawan,wmo:1
jatinangor,"Jatinangor, Sumedang",2026-10-04,32.11.15.2002,Hegarmanah,kecamatan,yes,-6.938,107.7556,Asia/Jakarta,"BMKG representative point: Hegarmanah, Kecamatan Jatinangor",04-10-2026,ICON,Open-Meteo / DWD ICON,03:00,2026-10-04 03:00:00,20.9,86.0,0.0,4.4,0.0,1.401,Cerah,wmo:0
jatinangor,"Jatinangor, Sumedang",2026-10-04,32.11.15.2002,Hegarmanah,kecamatan,yes,-6.938,107.7556,Asia/Jakarta,"BMKG representative point: Hegarmanah, Kecamatan Jatinangor",04-10-2026,ICON,Open-Meteo / DWD ICON,04:00,2026-10-04 04:00:00,20.4,88.0,0.0,4.0,0.0,1.401,Cerah Berawan,wmo:1
jatinangor,"Jatinangor, Sumedang",2026-10-04,32.11.15.2002,Hegarmanah,kecamatan,yes,-6.938,107.7556,Asia/Jakarta,"BMKG representative point: Hegarmanah, Kecamatan Jatinangor",04-10-2026,ICON,Open-Meteo / DWD ICON,05:00,2026-10-04 05:00:00,20.2,90.0,0.0,4.5,0.0,1.401,Cerah Berawan,wmo:1
jatinangor,"Jatinangor, Sumedang",2026-10-04,32.11.15.2002,Hegarmanah,kecamatan,yes,-6.938,107.7556,Asia/Jakarta,"BMKG representative point: Hegarmanah, Kecamatan Jatinangor",04-10-2026,ICON,Open-Meteo / DWD ICON,06:00,2026-10-04 06:00:00,20.1,89.0,0.0,4.5,0.0,1.401,Cerah Berawan,wmo:2
jatinangor,"Jatinangor, Sumedang",2026-10-04,32.11.15.2002,Hegarmanah,kecamatan,yes,-6.938,107.7556,Asia/Jakarta,"BMKG representative point: Hegarmanah, Kecamatan Jatinangor",04-10-2026,ICON,Open-Meteo / DWD ICON,07:00,2026-10-04 07:00:00,22.6,82.0,0.0,3.9,0.0,1.401,Cerah Berawan,wmo:2
jatinangor,"Jatinangor, Sumedang",2026-10-04,32.11.15.2002,Hegarmanah,kecamatan,yes,-6.938,107.7556,Asia/Jakarta,"BMKG representative point: Hegarmanah, Kecamatan Jatinangor",04-10-2026,ICON,Open-Meteo / DWD ICON,08:00,2026-10-04 08:00:00,25.4,67.0,0.0,6.8,0.0,1.401,Berawan,wmo:3
jatinangor,"Jatinangor, Sumedang",2026-10-04,32.11.15.2002,Hegarmanah,kecamatan,yes,-6.938,107.7556,Asia/Jakarta,"BMKG representative point: Hegarmanah, Kecamatan Jatinangor",04-10-2026,ICON,Open-Meteo / DWD ICON,09:00,2026-10-04 09:00:00,27.7,58.0,0.0,7.4,0.0,1.401,Berawan,wmo:3
jatinangor,"Jatinangor, Sumedang",2026-10-04,32.11.15.2002,Hegarmanah,kecamatan,yes,-6.938,107.7556,Asia/Jakarta,"BMKG representative point: Hegarmanah, Kecamatan Jatinangor",04-10-2026,ICON,Open-Meteo / DWD ICON,10:00,2026-10-04 10:00:00,29.5,51.0,0.0,7.4,0.0,1.401,Berawan,wmo:3
jatinangor,"Jatinangor, Sumedang",2026-10-04,32.11.15.2002,Hegarmanah,kecamatan,yes,-6.938,107.7556,Asia/Jakarta,"BMKG representative point: Hegarmanah, Kecamatan Jatinangor",04-10-2026,ICON,Open-Meteo / DWD ICON,11:00,2026-10-04 11:00:00,30.8,46.0,0.0,6.2,0.0,1.401,Berawan,wmo:3
jatinangor,"Jatinangor, Sumedang",2026-10-04,32.11.15.2002,Hegarmanah,kecamatan,yes,-6.938,107.7556,Asia/Jakarta,"BMKG representative point: Hegarmanah, Kecamatan Jatinangor",04-10-2026,ICON,Open-Meteo / DWD ICON,12:00,2026-10-04 12:00:00,31.7,41.0,0.0,6.0,0.0,1.401,Berawan,wmo:3
jatinangor,"Jatinangor, Sumedang",2026-10-04,32.11.15.2002,Hegarmanah,kecamatan,yes,-6.938,107.7556,Asia/Jakarta,"BMKG representative point: Hegarmanah, Kecamatan Jatinangor",04-10-2026,ICON,Open-Meteo / DWD ICON,13:00,2026-10-04 13:00:00,32.6,38.0,0.0,4.8,0.0,1.401,Berawan,wmo:3
jatinangor,"Jatinangor, Sumedang",2026-10-04,32.11.15.2002,Hegarmanah,kecamatan,yes,-6.938,107.7556,Asia/Jakarta,"BMKG representative point: Hegarmanah, Kecamatan Jatinangor",04-10-2026,ICON,Open-Meteo / DWD ICON,14:00,2026-10-04 14:00:00,32.3,38.0,0.0,8.0,0.0,1.401,Cerah Berawan,wmo:2
jatinangor,"Jatinangor, Sumedang",2026-10-04,32.11.15.2002,Hegarmanah,kecamatan,yes,-6.938,107.7556,Asia/Jakarta,"BMKG representative point: Hegarmanah, Kecamatan Jatinangor",04-10-2026,ICON,Open-Meteo / DWD ICON,15:00,2026-10-04 15:00:00,32.0,39.0,0.0,10.8,0.0,1.401,Cerah Berawan,wmo:2
jatinangor,"Jatinangor, Sumedang",2026-10-04,32.11.15.2002,Hegarmanah,kecamatan,yes,-6.938,107.7556,Asia/Jakarta,"BMKG representative point: Hegarmanah, Kecamatan Jatinangor",04-10-2026,ICON,Open-Meteo / DWD ICON,16:00,2026-10-04 16:00:00,31.1,41.0,0.0,11.5,0.0,1.401,Berawan,wmo:3
jatinangor,"Jatinangor, Sumedang",2026-10-04,32.11.15.2002,Hegarmanah,kecamatan,yes,-6.938,107.7556,Asia/Jakarta,"BMKG representative point: Hegarmanah, Kecamatan Jatinangor",04-10-2026,ICON,Open-Meteo / DWD ICON,17:00,2026-10-04 17:00:00,29.4,50.0,0.0,17.0,0.0,1.401,Berawan,wmo:3
jatinangor,"Jatinangor, Sumedang",2026-10-04,32.11.15.2002,Hegarmanah,kecamatan,yes,-6.938,107.7556,Asia/Jakarta,"BMKG representative point: Hegarmanah, Kecamatan Jatinangor",04-10-2026,ICON,Open-Meteo / DWD ICON,18:00,2026-10-04 18:00:00,27.1,59.0,0.0,14.8,0.0,1.401,Berawan,wmo:3
jatinangor,"Jatinangor, Sumedang",2026-10-04,32.11.15.2002,Hegarmanah,kecamatan,yes,-6.938,107.7556,Asia/Jakarta,"BMKG representative point: Hegarmanah, Kecamatan Jatinangor",04-10-2026,ICON,Open-Meteo / DWD ICON,19:00,2026-10-04 19:00:00,26.0,64.0,0.0,11.9,0.0,1.401,Berawan,wmo:3
jatinangor,"Jatinangor, Sumedang",2026-10-04,32.11.15.2002,Hegarmanah,kecamatan,yes,-6.938,107.7556,Asia/Jakarta,"BMKG representative point: Hegarmanah, Kecamatan Jatinangor",04-10-2026,ICON,Open-Meteo / DWD ICON,20:00,2026-10-04 20:00:00,25.2,68.0,0.0,9.6,0.0,1.401,Berawan,wmo:3
jatinangor,"Jatinangor, Sumedang",2026-10-04,32.11.15.2002,Hegarmanah,kecamatan,yes,-6.938,107.7556,Asia/Jakarta,"BMKG representative point: Hegarmanah, Kecamatan Jatinangor",04-10-2026,ICON,Open-Meteo / DWD ICON,21:00,2026-10-04 21:00:00,24.5,70.0,0.0,7.6,0.0,1.401,Berawan,wmo:3
jatinangor,"Jatinangor, Sumedang",2026-10-04,32.11.15.2002,Hegarmanah,kecamatan,yes,-6.938,107.7556,Asia/Jakarta,"BMKG representative point: Hegarmanah, Kecamatan Jatinangor",04-10-2026,ICON,Open-Meteo / DWD ICON,22:00,2026-10-04 22:00:00,23.4,71.0,0.0,6.6,0.0,1.401,Berawan,wmo:3
jatinangor,"Jatinangor, Sumedang",2026-10-04,32.11.15.2002,Hegarmanah,kecamatan,yes,-6.938,107.7556,Asia/Jakarta,"BMKG representative point: Hegarmanah, Kecamatan Jatinangor",04-10-2026,ICON,Open-Meteo / DWD ICON,23:00,2026-10-04 23:00:00,22.3,74.0,0.0,6.4,0.0,1.401,Cerah Berawan,wmo:2
jatinangor,"Jatinangor, Sumedang",2026-10-04,32.11.15.2002,Hegarmanah,kecamatan,yes,-6.938,107.7556,Asia/Jakarta,"BMKG representative point: Hegarmanah, Kecamatan Jatinangor",04-10-2026,KMA,Open-Meteo / KMA,00:00,2026-10-04 00:00:00,,,,,0.0,0.5291,Berawan,wmo:None
jatinangor,"Jatinangor, Sumedang",2026-10-04,32.11.15.2002,Hegarmanah,kecamatan,yes,-6.938,107.7556,Asia/Jakarta,"BMKG representative point: Hegarmanah, Kecamatan Jatinangor",04-10-2026,KMA,Open-Meteo / KMA,01:00,2026-10-04 01:00:00,,,,,0.0,0.5291,Berawan,wmo:None
jatinangor,"Jatinangor, Sumedang",2026-10-04,32.11.15.2002,Hegarmanah,kecamatan,yes,-6.938,107.7556,Asia/Jakarta,"BMKG representative point: Hegarmanah, Kecamatan Jatinangor",04-10-2026,KMA,Open-Meteo / KMA,02:00,2026-10-04 02:00:00,,,,,0.0,0.5291,Berawan,wmo:None
jatinangor,"Jatinangor, Sumedang",2026-10-04,32.11.15.2002,Hegarmanah,kecamatan,yes,-6.938,107.7556,Asia/Jakarta,"BMKG representative point: Hegarmanah, Kecamatan Jatinangor",04-10-2026,KMA,Open-Meteo / KMA,03:00,2026-10-04 03:00:00,,,,,0.0,0.5291,Berawan,wmo:None
jatinangor,"Jatinangor, Sumedang",2026-10-04,32.11.15.2002,Hegarmanah,kecamatan,yes,-6.938,107.7556,Asia/Jakarta,"BMKG representative point: Hegarmanah, Kecamatan Jatinangor",04-10-2026,KMA,Open-Meteo / KMA,04:00,2026-10-04 04:00:00,,,,,0.0,0.5291,Berawan,wmo:None
jatinangor,"Jatinangor, Sumedang",2026-10-04,32.11.15.2002,Hegarmanah,kecamatan,yes,-6.938,107.7556,Asia/Jakarta,"BMKG representative point: Hegarmanah, Kecamatan Jatinangor",04-10-2026,KMA,Open-Meteo / KMA,05:00,2026-10-04 05:00:00,,,,,0.0,0.5291,Berawan,wmo:None
jatinangor,"Jatinangor, Sumedang",2026-10-04,32.11.15.2002,Hegarmanah,kecamatan,yes,-6.938,107.7556,Asia/Jakarta,"BMKG representative point: Hegarmanah, Kecamatan Jatinangor",04-10-2026,KMA,Open-Meteo / KMA,06:00,2026-10-04 06:00:00,,,,,0.0,0.5291,Berawan,wmo:None
jatinangor,"Jatinangor, Sumedang",2026-10-04,32.11.15.2002,Hegarmanah,kecamatan,yes,-6.938,107.7556,Asia/Jakarta,"BMKG representative point: Hegarmanah, Kecamatan Jatinangor",04-10-2026,KMA,Open-Meteo / KMA,07:00,2026-10-04 07:00:00,,,,,0.0,0.5291,Berawan,wmo:None
jatinangor,"Jatinangor, Sumedang",2026-10-04,32.11.15.2002,Hegarmanah,kecamatan,yes,-6.938,107.7556,Asia/Jakarta,"BMKG representative point: Hegarmanah, Kecamatan Jatinangor",04-10-2026,KMA,Open-Meteo / KMA,08:00,2026-10-04 08:00:00,,,,,0.0,0.5291,Berawan,wmo:None
jatinangor,"Jatinangor, Sumedang",2026-10-04,32.11.15.2002,Hegarmanah,kecamatan,yes,-6.938,107.7556,Asia/Jakarta,"BMKG representative point: Hegarmanah, Kecamatan Jatinangor",04-10-2026,KMA,Open-Meteo / KMA,09:00,2026-10-04 09:00:00,,,,,0.0,0.5291,Berawan,wmo:None
jatinangor,"Jatinangor, Sumedang",2026-10-04,32.11.15.2002,Hegarmanah,kecamatan,yes,-6.938,107.7556,Asia/Jakarta,"BMKG representative point: Hegarmanah, Kecamatan Jatinangor",04-10-2026,KMA,Open-Meteo / KMA,10:00,2026-10-04 10:00:00,,,,,0.0,0.5291,Berawan,wmo:None
jatinangor,"Jatinangor, Sumedang",2026-10-04,32.11.15.2002,Hegarmanah,kecamatan,yes,-6.938,107.7556,Asia/Jakarta,"BMKG representative point: Hegarmanah, Kecamatan Jatinangor",04-10-2026,KMA,Open-Meteo / KMA,11:00,2026-10-04 11:00:00,,,,,0.0,0.5291,Berawan,wmo:None
jatinangor,"Jatinangor, Sumedang",2026-10-04,32.11.15.2002,Hegarmanah,kecamatan,yes,-6.938,107.7556,Asia/Jakarta,"BMKG representative point: Hegarmanah, Kecamatan Jatinangor",04-10-2026,KMA,Open-Meteo / KMA,12:00,2026-10-04 12:00:00,,,,,0.0,0.5291,Berawan,wmo:None
jatinangor,"Jatinangor, Sumedang",2026-10-04,32.11.15.2002,Hegarmanah,kecamatan,yes,-6.938,107.7556,Asia/Jakarta,"BMKG representative point: Hegarmanah, Kecamatan Jatinangor",04-10-2026,KMA,Open-Meteo / KMA,13:00,2026-10-04 13:00:00,,,,,0.0,0.5291,Berawan,wmo:None
jatinangor,"Jatinangor, Sumedang",2026-10-04,32.11.15.2002,Hegarmanah,kecamatan,yes,-6.938,107.7556,Asia/Jakarta,"BMKG representative point: Hegarmanah, Kecamatan Jatinangor",04-10-2026,KMA,Open-Meteo / KMA,14:00,2026-10-04 14:00:00,,,,,0.0,0.5291,Berawan,wmo:None
jatinangor,"Jatinangor, Sumedang",2026-10-04,32.11.15.2002,Hegarmanah,kecamatan,yes,-6.938,107.7556,Asia/Jakarta,"BMKG representative point: Hegarmanah, Kecamatan Jatinangor",04-10-2026,KMA,Open-Meteo / KMA,15:00,2026-10-04 15:00:00,,,,,0.0,0.5291,Berawan,wmo:None
jatinangor,"Jatinangor, Sumedang",2026-10-04,32.11.15.2002,Hegarmanah,kecamatan,yes,-6.938,107.7556,Asia/Jakarta,"BMKG representative point: Hegarmanah, Kecamatan Jatinangor",04-10-2026,KMA,Open-Meteo / KMA,16:00,2026-10-04 16:00:00,,,,,0.0,0.5291,Berawan,wmo:None
jatinangor,"Jatinangor, Sumedang",2026-10-04,32.11.15.2002,Hegarmanah,kecamatan,yes,-6.938,107.7556,Asia/Jakarta,"BMKG representative point: Hegarmanah, Kecamatan Jatinangor",04-10-2026,KMA,Open-Meteo / KMA,17:00,2026-10-04 17:00:00,,,,,0.0,0.5291,Berawan,wmo:None
jatinangor,"Jatinangor, Sumedang",2026-10-04,32.11.15.2002,Hegarmanah,kecamatan,yes,-6.938,107.7556,Asia/Jakarta,"BMKG representative point: Hegarmanah, Kecamatan Jatinangor",04-10-2026,KMA,Open-Meteo / KMA,18:00,2026-10-04 18:00:00,,,,,0.0,0.5291,Berawan,wmo:None
jatinangor,"Jatinangor, Sumedang",2026-10-04,32.11.15.2002,Hegarmanah,kecamatan,yes,-6.938,107.7556,Asia/Jakarta,"BMKG representative point: Hegarmanah, Kecamatan Jatinangor",04-10-2026,KMA,Open-Meteo / KMA,19:00,2026-10-04 19:00:00,,,,,0.0,0.5291,Berawan,wmo:None
jatinangor,"Jatinangor, Sumedang",2026-10-04,32.11.15.2002,Hegarmanah,kecamatan,yes,-6.938,107.7556,Asia/Jakarta,"BMKG representative point: Hegarmanah, Kecamatan Jatinangor",04-10-2026,KMA,Open-Meteo / KMA,20:00,2026-10-04 20:00:00,,,,,0.0,0.5291,Berawan,wmo:None
jatinangor,"Jatinangor, Sumedang",2026-10-04,32.11.15.2002,Hegarmanah,kecamatan,yes,-6.938,107.7556,Asia/Jakarta,"BMKG representative point: Hegarmanah, Kecamatan Jatinangor",04-10-2026,KMA,Open-Meteo / KMA,21:00,2026-10-04 21:00:00,,,,,0.0,0.5291,Berawan,wmo:None
jatinangor,"Jatinangor, Sumedang",2026-10-04,32.11.15.2002,Hegarmanah,kecamatan,yes,-6.938,107.7556,Asia/Jakarta,"BMKG representative point: Hegarmanah, Kecamatan Jatinangor",04-10-2026,KMA,Open-Meteo / KMA,22:00,2026-10-04 22:00:00,,,,,0.0,0.5291,Berawan,wmo:None
jatinangor,"Jatinangor, Sumedang",2026-10-04,32.11.15.2002,Hegarmanah,kecamatan,yes,-6.938,107.7556,Asia/Jakarta,"BMKG representative point: Hegarmanah, Kecamatan Jatinangor",04-10-2026,KMA,Open-Meteo / KMA,23:00,2026-10-04 23:00:00,,,,,0.0,0.5291,Berawan,wmo:None
jatinangor,"Jatinangor, Sumedang",2026-10-04,32.11.15.2002,Hegarmanah,kecamatan,yes,-6.938,107.7556,Asia/Jakarta,"BMKG representative point: Hegarmanah, Kecamatan Jatinangor",04-10-2026,METEOFRANCE,Open-Meteo / Meteo-France,00:00,2026-10-04 00:00:00,25.3,79.0,0.0,3.6,0.0,1.4239,Cerah Berawan,wmo:2
jatinangor,"Jatinangor, Sumedang",2026-10-04,32.11.15.2002,Hegarmanah,kecamatan,yes,-6.938,107.7556,Asia/Jakarta,"BMKG representative point: Hegarmanah, Kecamatan Jatinangor",04-10-2026,METEOFRANCE,Open-Meteo / Meteo-France,01:00,2026-10-04 01:00:00,24.9,83.0,0.0,3.9,0.0,1.4239,Cerah Berawan,wmo:2
jatinangor,"Jatinangor, Sumedang",2026-10-04,32.11.15.2002,Hegarmanah,kecamatan,yes,-6.938,107.7556,Asia/Jakarta,"BMKG representative point: Hegarmanah, Kecamatan Jatinangor",04-10-2026,METEOFRANCE,Open-Meteo / Meteo-France,02:00,2026-10-04 02:00:00,24.6,85.0,0.0,4.0,0.0,1.4239,Berawan,wmo:3
jatinangor,"Jatinangor, Sumedang",2026-10-04,32.11.15.2002,Hegarmanah,kecamatan,yes,-6.938,107.7556,Asia/Jakarta,"BMKG representative point: Hegarmanah, Kecamatan Jatinangor",04-10-2026,METEOFRANCE,Open-Meteo / Meteo-France,03:00,2026-10-04 03:00:00,24.4,85.0,0.0,3.8,0.0,1.4239,Berawan,wmo:3
jatinangor,"Jatinangor, Sumedang",2026-10-04,32.11.15.2002,Hegarmanah,kecamatan,yes,-6.938,107.7556,Asia/Jakarta,"BMKG representative point: Hegarmanah, Kecamatan Jatinangor",04-10-2026,METEOFRANCE,Open-Meteo / Meteo-France,04:00,2026-10-04 04:00:00,24.1,86.0,0.0,4.1,0.0,1.4239,Berawan,wmo:3
jatinangor,"Jatinangor, Sumedang",2026-10-04,32.11.15.2002,Hegarmanah,kecamatan,yes,-6.938,107.7556,Asia/Jakarta,"BMKG representative point: Hegarmanah, Kecamatan Jatinangor",04-10-2026,METEOFRANCE,Open-Meteo / Meteo-France,05:00,2026-10-04 05:00:00,23.9,87.0,0.0,4.5,0.0,1.4239,Berawan,wmo:3
jatinangor,"Jatinangor, Sumedang",2026-10-04,32.11.15.2002,Hegarmanah,kecamatan,yes,-6.938,107.7556,Asia/Jakarta,"BMKG representative point: Hegarmanah, Kecamatan Jatinangor",04-10-2026,METEOFRANCE,Open-Meteo / Meteo-France,06:00,2026-10-04 06:00:00,23.8,87.0,0.0,5.2,0.0,1.4239,Berawan,wmo:3
jatinangor,"Jatinangor, Sumedang",2026-10-04,32.11.15.2002,Hegarmanah,kecamatan,yes,-6.938,107.7556,Asia/Jakarta,"BMKG representative point: Hegarmanah, Kecamatan Jatinangor",04-10-2026,METEOFRANCE,Open-Meteo / Meteo-France,07:00,2026-10-04 07:00:00,25.0,79.0,0.0,4.6,0.0,1.4239,Berawan,wmo:3
jatinangor,"Jatinangor, Sumedang",2026-10-04,32.11.15.2002,Hegarmanah,kecamatan,yes,-6.938,107.7556,Asia/Jakarta,"BMKG representative point: Hegarmanah, Kecamatan Jatinangor",04-10-2026,METEOFRANCE,Open-Meteo / Meteo-France,08:00,2026-10-04 08:00:00,27.3,68.0,0.0,5.4,0.0,1.4239,Berawan,wmo:3
jatinangor,"Jatinangor, Sumedang",2026-10-04,32.11.15.2002,Hegarmanah,kecamatan,yes,-6.938,107.7556,Asia/Jakarta,"BMKG representative point: Hegarmanah, Kecamatan Jatinangor",04-10-2026,METEOFRANCE,Open-Meteo / Meteo-France,09:00,2026-10-04 09:00:00,29.4,60.0,0.0,5.9,0.0,1.4239,Berawan,wmo:3
jatinangor,"Jatinangor, Sumedang",2026-10-04,32.11.15.2002,Hegarmanah,kecamatan,yes,-6.938,107.7556,Asia/Jakarta,"BMKG representative point: Hegarmanah, Kecamatan Jatinangor",04-10-2026,METEOFRANCE,Open-Meteo / Meteo-France,10:00,2026-10-04 10:00:00,31.2,54.0,0.0,6.9,0.0,1.4239,Berawan,wmo:3
jatinangor,"Jatinangor, Sumedang",2026-10-04,32.11.15.2002,Hegarmanah,kecamatan,yes,-6.938,107.7556,Asia/Jakarta,"BMKG representative point: Hegarmanah, Kecamatan Jatinangor",04-10-2026,METEOFRANCE,Open-Meteo / Meteo-France,11:00,2026-10-04 11:00:00,32.8,50.0,0.0,7.6,0.0,1.4239,Berawan,wmo:3
jatinangor,"Jatinangor, Sumedang",2026-10-04,32.11.15.2002,Hegarmanah,kecamatan,yes,-6.938,107.7556,Asia/Jakarta,"BMKG representative point: Hegarmanah, Kecamatan Jatinangor",04-10-2026,METEOFRANCE,Open-Meteo / Meteo-France,12:00,2026-10-04 12:00:00,33.9,46.0,0.0,8.9,0.0,1.4239,Berawan,wmo:3
jatinangor,"Jatinangor, Sumedang",2026-10-04,32.11.15.2002,Hegarmanah,kecamatan,yes,-6.938,107.7556,Asia/Jakarta,"BMKG representative point: Hegarmanah, Kecamatan Jatinangor",04-10-2026,METEOFRANCE,Open-Meteo / Meteo-France,13:00,2026-10-04 13:00:00,34.4,44.0,0.0,9.4,0.0,1.4239,Berawan,wmo:3
jatinangor,"Jatinangor, Sumedang",2026-10-04,32.11.15.2002,Hegarmanah,kecamatan,yes,-6.938,107.7556,Asia/Jakarta,"BMKG representative point: Hegarmanah, Kecamatan Jatinangor",04-10-2026,METEOFRANCE,Open-Meteo / Meteo-France,14:00,2026-10-04 14:00:00,34.5,43.0,0.0,8.9,0.0,1.4239,Berawan,wmo:3
jatinangor,"Jatinangor, Sumedang",2026-10-04,32.11.15.2002,Hegarmanah,kecamatan,yes,-6.938,107.7556,Asia/Jakarta,"BMKG representative point: Hegarmanah, Kecamatan Jatinangor",04-10-2026,METEOFRANCE,Open-Meteo / Meteo-France,15:00,2026-10-04 15:00:00,34.1,44.0,0.0,7.7,0.0,1.4239,Berawan,wmo:3
jatinangor,"Jatinangor, Sumedang",2026-10-04,32.11.15.2002,Hegarmanah,kecamatan,yes,-6.938,107.7556,Asia/Jakarta,"BMKG representative point: Hegarmanah, Kecamatan Jatinangor",04-10-2026,METEOFRANCE,Open-Meteo / Meteo-France,16:00,2026-10-04 16:00:00,33.0,47.0,0.0,7.6,0.0,1.4239,Berawan,wmo:3
jatinangor,"Jatinangor, Sumedang",2026-10-04,32.11.15.2002,Hegarmanah,kecamatan,yes,-6.938,107.7556,Asia/Jakarta,"BMKG representative point: Hegarmanah, Kecamatan Jatinangor",04-10-2026,METEOFRANCE,Open-Meteo / Meteo-France,17:00,2026-10-04 17:00:00,31.2,58.0,0.1,8.4,0.0,1.4239,Hujan Ringan,wmo:51
jatinangor,"Jatinangor, Sumedang",2026-10-04,32.11.15.2002,Hegarmanah,kecamatan,yes,-6.938,107.7556,Asia/Jakarta,"BMKG representative point: Hegarmanah, Kecamatan Jatinangor",04-10-2026,METEOFRANCE,Open-Meteo / Meteo-France,18:00,2026-10-04 18:00:00,29.1,74.0,0.2,7.9,0.0,1.4239,Hujan Ringan,wmo:51
jatinangor,"Jatinangor, Sumedang",2026-10-04,32.11.15.2002,Hegarmanah,kecamatan,yes,-6.938,107.7556,Asia/Jakarta,"BMKG representative point: Hegarmanah, Kecamatan Jatinangor",04-10-2026,METEOFRANCE,Open-Meteo / Meteo-France,19:00,2026-10-04 19:00:00,27.5,86.0,0.4,6.6,0.0,1.4239,Hujan Ringan,wmo:51
jatinangor,"Jatinangor, Sumedang",2026-10-04,32.11.15.2002,Hegarmanah,kecamatan,yes,-6.938,107.7556,Asia/Jakarta,"BMKG representative point: Hegarmanah, Kecamatan Jatinangor",04-10-2026,METEOFRANCE,Open-Meteo / Meteo-France,20:00,2026-10-04 20:00:00,26.7,92.0,0.5,5.3,0.0,1.4239,Hujan Ringan,wmo:53
jatinangor,"Jatinangor, Sumedang",2026-10-04,32.11.15.2002,Hegarmanah,kecamatan,yes,-6.938,107.7556,Asia/Jakarta,"BMKG representative point: Hegarmanah, Kecamatan Jatinangor",04-10-2026,METEOFRANCE,Open-Meteo / Meteo-France,21:00,2026-10-04 21:00:00,26.2,96.0,0.6,4.0,0.0,1.4239,Hujan Ringan,wmo:53
jatinangor,"Jatinangor, Sumedang",2026-10-04,32.11.15.2002,Hegarmanah,kecamatan,yes,-6.938,107.7556,Asia/Jakarta,"BMKG representative point: Hegarmanah, Kecamatan Jatinangor",04-10-2026,METEOFRANCE,Open-Meteo / Meteo-France,22:00,2026-10-04 22:00:00,26.1,96.0,0.3,3.0,0.0,1.4239,Hujan Ringan,wmo:51
jatinangor,"Jatinangor, Sumedang",2026-10-04,32.11.15.2002,Hegarmanah,kecamatan,yes,-6.938,107.7556,Asia/Jakarta,"BMKG representative point: Hegarmanah, Kecamatan Jatinangor",04-10-2026,METEOFRANCE,Open-Meteo / Meteo-France,23:00,2026-10-04 23:00:00,25.9,95.0,0.2,3.2,0.0,1.4239,Hujan Ringan,wmo:51
jatinangor,"Jatinangor, Sumedang",2026-10-04,32.11.15.2002,Hegarmanah,kecamatan,yes,-6.938,107.7556,Asia/Jakarta,"BMKG representative point: Hegarmanah, Kecamatan Jatinangor",04-10-2026,METNO,MET Norway,00:00,2026-10-04 00:00:00,19.5,95.8,0.0,8.64,0.0,1.3242,Cerah Berawan,fair_night
jatinangor,"Jatinangor, Sumedang",2026-10-04,32.11.15.2002,Hegarmanah,kecamatan,yes,-6.938,107.7556,Asia/Jakarta,"BMKG representative point: Hegarmanah, Kecamatan Jatinangor",04-10-2026,METNO,MET Norway,01:00,2026-10-04 01:00:00,19.2,95.0,0.0,8.28,0.0,1.3242,Cerah Berawan,fair_night
jatinangor,"Jatinangor, Sumedang",2026-10-04,32.11.15.2002,Hegarmanah,kecamatan,yes,-6.938,107.7556,Asia/Jakarta,"BMKG representative point: Hegarmanah, Kecamatan Jatinangor",04-10-2026,METNO,MET Norway,02:00,2026-10-04 02:00:00,18.9,94.3,0.0,8.28,0.0,1.3242,Cerah Berawan,fair_night
jatinangor,"Jatinangor, Sumedang",2026-10-04,32.11.15.2002,Hegarmanah,kecamatan,yes,-6.938,107.7556,Asia/Jakarta,"BMKG representative point: Hegarmanah, Kecamatan Jatinangor",04-10-2026,METNO,MET Norway,03:00,2026-10-04 03:00:00,18.7,93.7,0.0,8.28,0.0,1.3242,Cerah Berawan,partlycloudy_night
jatinangor,"Jatinangor, Sumedang",2026-10-04,32.11.15.2002,Hegarmanah,kecamatan,yes,-6.938,107.7556,Asia/Jakarta,"BMKG representative point: Hegarmanah, Kecamatan Jatinangor",04-10-2026,METNO,MET Norway,04:00,2026-10-04 04:00:00,18.4,93.7,0.0,7.92,0.0,1.3242,Cerah Berawan,partlycloudy_night
jatinangor,"Jatinangor, Sumedang",2026-10-04,32.11.15.2002,Hegarmanah,kecamatan,yes,-6.938,107.7556,Asia/Jakarta,"BMKG representative point: Hegarmanah, Kecamatan Jatinangor",04-10-2026,METNO,MET Norway,05:00,2026-10-04 05:00:00,18.1,95.3,0.0,7.56,0.0,1.3242,Berawan,cloudy
jatinangor,"Jatinangor, Sumedang",2026-10-04,32.11.15.2002,Hegarmanah,kecamatan,yes,-6.938,107.7556,Asia/Jakarta,"BMKG representative point: Hegarmanah, Kecamatan Jatinangor",04-10-2026,METNO,MET Norway,06:00,2026-10-04 06:00:00,18.5,96.0,0.0,7.92,0.0,1.3242,Berawan,fog
jatinangor,"Jatinangor, Sumedang",2026-10-04,32.11.15.2002,Hegarmanah,kecamatan,yes,-6.938,107.7556,Asia/Jakarta,"BMKG representative point: Hegarmanah, Kecamatan Jatinangor",04-10-2026,METNO,MET Norway,07:00,2026-10-04 07:00:00,21.4,85.9,0.0,5.76,0.0,1.3242,Cerah Berawan,partlycloudy_day
jatinangor,"Jatinangor, Sumedang",2026-10-04,32.11.15.2002,Hegarmanah,kecamatan,yes,-6.938,107.7556,Asia/Jakarta,"BMKG representative point: Hegarmanah, Kecamatan Jatinangor",04-10-2026,METNO,MET Norway,08:00,2026-10-04 08:00:00,24.2,70.4,0.0,5.4,0.0,1.3242,Cerah Berawan,partlycloudy_day
jatinangor,"Jatinangor, Sumedang",2026-10-04,32.11.15.2002,Hegarmanah,kecamatan,yes,-6.938,107.7556,Asia/Jakarta,"BMKG representative point: Hegarmanah, Kecamatan Jatinangor",04-10-2026,METNO,MET Norway,09:00,2026-10-04 09:00:00,26.5,60.6,0.0,6.48,0.0,1.3242,Cerah Berawan,partlycloudy_day
jatinangor,"Jatinangor, Sumedang",2026-10-04,32.11.15.2002,Hegarmanah,kecamatan,yes,-6.938,107.7556,Asia/Jakarta,"BMKG representative point: Hegarmanah, Kecamatan Jatinangor",04-10-2026,METNO,MET Norway,10:00,2026-10-04 10:00:00,28.4,52.8,0.5,7.2,0.0,1.3242,Hujan Ringan,rainshowers_day
jatinangor,"Jatinangor, Sumedang",2026-10-04,32.11.15.2002,Hegarmanah,kecamatan,yes,-6.938,107.7556,Asia/Jakarta,"BMKG representative point: Hegarmanah, Kecamatan Jatinangor",04-10-2026,METNO,MET Norway,11:00,2026-10-04 11:00:00,28.5,54.1,0.5,8.28,0.0,1.3242,Hujan Ringan,rainshowers_day
jatinangor,"Jatinangor, Sumedang",2026-10-04,32.11.15.2002,Hegarmanah,kecamatan,yes,-6.938,107.7556,Asia/Jakarta,"BMKG representative point: Hegarmanah, Kecamatan Jatinangor",04-10-2026,METNO,MET Norway,12:00,2026-10-04 12:00:00,28.8,52.9,0.5,8.28,0.0,1.3242,Hujan Ringan,rainshowers_day
jatinangor,"Jatinangor, Sumedang",2026-10-04,32.11.15.2002,Hegarmanah,kecamatan,yes,-6.938,107.7556,Asia/Jakarta,"BMKG representative point: Hegarmanah, Kecamatan Jatinangor",04-10-2026,METNO,MET Norway,13:00,2026-10-04 13:00:00,29.1,52.1,0.6,8.28,0.0,1.3242,Hujan Ringan,rainshowers_day
jatinangor,"Jatinangor, Sumedang",2026-10-04,32.11.15.2002,Hegarmanah,kecamatan,yes,-6.938,107.7556,Asia/Jakarta,"BMKG representative point: Hegarmanah, Kecamatan Jatinangor",04-10-2026,METNO,MET Norway,14:00,2026-10-04 14:00:00,28.7,56.4,0.9,10.08,0.0,1.3242,Hujan Ringan,rain
jatinangor,"Jatinangor, Sumedang",2026-10-04,32.11.15.2002,Hegarmanah,kecamatan,yes,-6.938,107.7556,Asia/Jakarta,"BMKG representative point: Hegarmanah, Kecamatan Jatinangor",04-10-2026,METNO,MET Norway,15:00,2026-10-04 15:00:00,26.1,73.0,3.1,10.44,0.0,1.3242,Hujan Lebat,heavyrain
jatinangor,"Jatinangor, Sumedang",2026-10-04,32.11.15.2002,Hegarmanah,kecamatan,yes,-6.938,107.7556,Asia/Jakarta,"BMKG representative point: Hegarmanah, Kecamatan Jatinangor",04-10-2026,METNO,MET Norway,16:00,2026-10-04 16:00:00,23.8,89.9,0.9,10.08,0.0,1.3242,Hujan Ringan,rain
jatinangor,"Jatinangor, Sumedang",2026-10-04,32.11.15.2002,Hegarmanah,kecamatan,yes,-6.938,107.7556,Asia/Jakarta,"BMKG representative point: Hegarmanah, Kecamatan Jatinangor",04-10-2026,METNO,MET Norway,17:00,2026-10-04 17:00:00,22.8,95.4,0.0,11.52,0.0,1.3242,Berawan,cloudy
jatinangor,"Jatinangor, Sumedang",2026-10-04,32.11.15.2002,Hegarmanah,kecamatan,yes,-6.938,107.7556,Asia/Jakarta,"BMKG representative point: Hegarmanah, Kecamatan Jatinangor",04-10-2026,METNO,MET Norway,18:00,2026-10-04 18:00:00,22.5,94.6,0.0,8.64,0.0,1.3242,Berawan,cloudy
jatinangor,"Jatinangor, Sumedang",2026-10-04,32.11.15.2002,Hegarmanah,kecamatan,yes,-6.938,107.7556,Asia/Jakarta,"BMKG representative point: Hegarmanah, Kecamatan Jatinangor",04-10-2026,METNO,MET Norway,19:00,2026-10-04 19:00:00,22.5,93.8,0.0,7.2,0.0,1.3242,Berawan,cloudy
jatinangor,"Jatinangor, Sumedang",2026-10-04,32.11.15.2002,Hegarmanah,kecamatan,yes,-6.938,107.7556,Asia/Jakarta,"BMKG representative point: Hegarmanah, Kecamatan Jatinangor",04-10-2026,METNO,MET Norway,20:00,2026-10-04 20:00:00,22.0,95.6,0.0,6.12,0.0,1.3242,Berawan,cloudy
jatinangor,"Jatinangor, Sumedang",2026-10-04,32.11.15.2002,Hegarmanah,kecamatan,yes,-6.938,107.7556,Asia/Jakarta,"BMKG representative point: Hegarmanah, Kecamatan Jatinangor",04-10-2026,METNO,MET Norway,21:00,2026-10-04 21:00:00,21.7,95.7,0.0,6.12,0.0,1.3242,Berawan,cloudy
jatinangor,"Jatinangor, Sumedang",2026-10-04,32.11.15.2002,Hegarmanah,kecamatan,yes,-6.938,107.7556,Asia/Jakarta,"BMKG representative point: Hegarmanah, Kecamatan Jatinangor",04-10-2026,METNO,MET Norway,22:00,2026-10-04 22:00:00,21.3,96.2,0.0,6.48,0.0,1.3242,Cerah Berawan,partlycloudy_night
jatinangor,"Jatinangor, Sumedang",2026-10-04,32.11.15.2002,Hegarmanah,kecamatan,yes,-6.938,107.7556,Asia/Jakarta,"BMKG representative point: Hegarmanah, Kecamatan Jatinangor",04-10-2026,METNO,MET Norway,23:00,2026-10-04 23:00:00,20.5,97.5,0.0,5.76,0.0,1.3242,Berawan,fog
jatinangor,"Jatinangor, Sumedang",2026-10-04,32.11.15.2002,Hegarmanah,kecamatan,yes,-6.938,107.7556,Asia/Jakarta,"BMKG representative point: Hegarmanah, Kecamatan Jatinangor",04-10-2026,UKMO,Open-Meteo / UK Met Office,00:00,2026-10-04 00:00:00,19.4,99.0,0.0,2.2,0.0,1.3273,Cerah,wmo:0
jatinangor,"Jatinangor, Sumedang",2026-10-04,32.11.15.2002,Hegarmanah,kecamatan,yes,-6.938,107.7556,Asia/Jakarta,"BMKG representative point: Hegarmanah, Kecamatan Jatinangor",04-10-2026,UKMO,Open-Meteo / UK Met Office,01:00,2026-10-04 01:00:00,18.9,99.0,0.0,2.9,0.0,1.3273,Cerah,wmo:0
jatinangor,"Jatinangor, Sumedang",2026-10-04,32.11.15.2002,Hegarmanah,kecamatan,yes,-6.938,107.7556,Asia/Jakarta,"BMKG representative point: Hegarmanah, Kecamatan Jatinangor",04-10-2026,UKMO,Open-Meteo / UK Met Office,02:00,2026-10-04 02:00:00,18.2,99.0,0.0,1.4,0.0,1.3273,Cerah,wmo:0
jatinangor,"Jatinangor, Sumedang",2026-10-04,32.11.15.2002,Hegarmanah,kecamatan,yes,-6.938,107.7556,Asia/Jakarta,"BMKG representative point: Hegarmanah, Kecamatan Jatinangor",04-10-2026,UKMO,Open-Meteo / UK Met Office,03:00,2026-10-04 03:00:00,17.7,99.0,0.0,0.4,0.0,1.3273,Cerah,wmo:0
jatinangor,"Jatinangor, Sumedang",2026-10-04,32.11.15.2002,Hegarmanah,kecamatan,yes,-6.938,107.7556,Asia/Jakarta,"BMKG representative point: Hegarmanah, Kecamatan Jatinangor",04-10-2026,UKMO,Open-Meteo / UK Met Office,04:00,2026-10-04 04:00:00,17.3,98.0,0.0,0.4,0.0,1.3273,Cerah,wmo:0
jatinangor,"Jatinangor, Sumedang",2026-10-04,32.11.15.2002,Hegarmanah,kecamatan,yes,-6.938,107.7556,Asia/Jakarta,"BMKG representative point: Hegarmanah, Kecamatan Jatinangor",04-10-2026,UKMO,Open-Meteo / UK Met Office,05:00,2026-10-04 05:00:00,16.9,99.0,0.0,1.1,0.0,1.3273,Cerah Berawan,wmo:1
jatinangor,"Jatinangor, Sumedang",2026-10-04,32.11.15.2002,Hegarmanah,kecamatan,yes,-6.938,107.7556,Asia/Jakarta,"BMKG representative point: Hegarmanah, Kecamatan Jatinangor",04-10-2026,UKMO,Open-Meteo / UK Met Office,06:00,2026-10-04 06:00:00,17.6,99.0,0.0,1.1,0.0,1.3273,Berawan,wmo:3
jatinangor,"Jatinangor, Sumedang",2026-10-04,32.11.15.2002,Hegarmanah,kecamatan,yes,-6.938,107.7556,Asia/Jakarta,"BMKG representative point: Hegarmanah, Kecamatan Jatinangor",04-10-2026,UKMO,Open-Meteo / UK Met Office,07:00,2026-10-04 07:00:00,20.3,93.0,0.0,1.4,0.0,1.3273,Berawan,wmo:3
jatinangor,"Jatinangor, Sumedang",2026-10-04,32.11.15.2002,Hegarmanah,kecamatan,yes,-6.938,107.7556,Asia/Jakarta,"BMKG representative point: Hegarmanah, Kecamatan Jatinangor",04-10-2026,UKMO,Open-Meteo / UK Met Office,08:00,2026-10-04 08:00:00,23.6,72.0,0.0,2.9,0.0,1.3273,Berawan,wmo:3
jatinangor,"Jatinangor, Sumedang",2026-10-04,32.11.15.2002,Hegarmanah,kecamatan,yes,-6.938,107.7556,Asia/Jakarta,"BMKG representative point: Hegarmanah, Kecamatan Jatinangor",04-10-2026,UKMO,Open-Meteo / UK Met Office,09:00,2026-10-04 09:00:00,26.0,59.0,0.0,4.0,0.0,1.3273,Berawan,wmo:3
jatinangor,"Jatinangor, Sumedang",2026-10-04,32.11.15.2002,Hegarmanah,kecamatan,yes,-6.938,107.7556,Asia/Jakarta,"BMKG representative point: Hegarmanah, Kecamatan Jatinangor",04-10-2026,UKMO,Open-Meteo / UK Met Office,10:00,2026-10-04 10:00:00,27.7,53.0,0.0,6.5,0.0,1.3273,Berawan,wmo:3
jatinangor,"Jatinangor, Sumedang",2026-10-04,32.11.15.2002,Hegarmanah,kecamatan,yes,-6.938,107.7556,Asia/Jakarta,"BMKG representative point: Hegarmanah, Kecamatan Jatinangor",04-10-2026,UKMO,Open-Meteo / UK Met Office,11:00,2026-10-04 11:00:00,29.1,47.0,0.0,5.8,0.0,1.3273,Berawan,wmo:3
jatinangor,"Jatinangor, Sumedang",2026-10-04,32.11.15.2002,Hegarmanah,kecamatan,yes,-6.938,107.7556,Asia/Jakarta,"BMKG representative point: Hegarmanah, Kecamatan Jatinangor",04-10-2026,UKMO,Open-Meteo / UK Met Office,12:00,2026-10-04 12:00:00,30.2,42.0,0.0,4.0,0.0,1.3273,Berawan,wmo:3
jatinangor,"Jatinangor, Sumedang",2026-10-04,32.11.15.2002,Hegarmanah,kecamatan,yes,-6.938,107.7556,Asia/Jakarta,"BMKG representative point: Hegarmanah, Kecamatan Jatinangor",04-10-2026,UKMO,Open-Meteo / UK Met Office,13:00,2026-10-04 13:00:00,28.4,48.0,0.0,2.5,0.0,1.3273,Berawan,wmo:3
jatinangor,"Jatinangor, Sumedang",2026-10-04,32.11.15.2002,Hegarmanah,kecamatan,yes,-6.938,107.7556,Asia/Jakarta,"BMKG representative point: Hegarmanah, Kecamatan Jatinangor",04-10-2026,UKMO,Open-Meteo / UK Met Office,14:00,2026-10-04 14:00:00,27.8,51.0,0.0,9.7,0.0,1.3273,Cerah Berawan,wmo:2
jatinangor,"Jatinangor, Sumedang",2026-10-04,32.11.15.2002,Hegarmanah,kecamatan,yes,-6.938,107.7556,Asia/Jakarta,"BMKG representative point: Hegarmanah, Kecamatan Jatinangor",04-10-2026,UKMO,Open-Meteo / UK Met Office,15:00,2026-10-04 15:00:00,28.3,51.0,0.1,12.2,0.0,1.3273,Hujan Ringan,wmo:51
jatinangor,"Jatinangor, Sumedang",2026-10-04,32.11.15.2002,Hegarmanah,kecamatan,yes,-6.938,107.7556,Asia/Jakarta,"BMKG representative point: Hegarmanah, Kecamatan Jatinangor",04-10-2026,UKMO,Open-Meteo / UK Met Office,16:00,2026-10-04 16:00:00,27.0,61.0,0.2,14.0,0.0,1.3273,Hujan Ringan,wmo:51
jatinangor,"Jatinangor, Sumedang",2026-10-04,32.11.15.2002,Hegarmanah,kecamatan,yes,-6.938,107.7556,Asia/Jakarta,"BMKG representative point: Hegarmanah, Kecamatan Jatinangor",04-10-2026,UKMO,Open-Meteo / UK Met Office,17:00,2026-10-04 17:00:00,25.7,67.0,0.0,10.4,0.0,1.3273,Berawan,wmo:3
jatinangor,"Jatinangor, Sumedang",2026-10-04,32.11.15.2002,Hegarmanah,kecamatan,yes,-6.938,107.7556,Asia/Jakarta,"BMKG representative point: Hegarmanah, Kecamatan Jatinangor",04-10-2026,UKMO,Open-Meteo / UK Met Office,18:00,2026-10-04 18:00:00,24.5,75.0,0.0,8.6,0.0,1.3273,Berawan,wmo:3
jatinangor,"Jatinangor, Sumedang",2026-10-04,32.11.15.2002,Hegarmanah,kecamatan,yes,-6.938,107.7556,Asia/Jakarta,"BMKG representative point: Hegarmanah, Kecamatan Jatinangor",04-10-2026,UKMO,Open-Meteo / UK Met Office,19:00,2026-10-04 19:00:00,22.9,89.0,0.2,8.6,0.0,1.3273,Hujan Ringan,wmo:51
jatinangor,"Jatinangor, Sumedang",2026-10-04,32.11.15.2002,Hegarmanah,kecamatan,yes,-6.938,107.7556,Asia/Jakarta,"BMKG representative point: Hegarmanah, Kecamatan Jatinangor",04-10-2026,UKMO,Open-Meteo / UK Met Office,20:00,2026-10-04 20:00:00,22.0,97.0,0.5,7.9,0.0,1.3273,Hujan Ringan,wmo:53
jatinangor,"Jatinangor, Sumedang",2026-10-04,32.11.15.2002,Hegarmanah,kecamatan,yes,-6.938,107.7556,Asia/Jakarta,"BMKG representative point: Hegarmanah, Kecamatan Jatinangor",04-10-2026,UKMO,Open-Meteo / UK Met Office,21:00,2026-10-04 21:00:00,21.2,98.0,0.0,3.2,0.0,1.3273,Cerah Berawan,wmo:1
jatinangor,"Jatinangor, Sumedang",2026-10-04,32.11.15.2002,Hegarmanah,kecamatan,yes,-6.938,107.7556,Asia/Jakarta,"BMKG representative point: Hegarmanah, Kecamatan Jatinangor",04-10-2026,UKMO,Open-Meteo / UK Met Office,22:00,2026-10-04 22:00:00,20.3,99.0,0.0,3.2,0.0,1.3273,Cerah,wmo:0
jatinangor,"Jatinangor, Sumedang",2026-10-04,32.11.15.2002,Hegarmanah,kecamatan,yes,-6.938,107.7556,Asia/Jakarta,"BMKG representative point: Hegarmanah, Kecamatan Jatinangor",04-10-2026,UKMO,Open-Meteo / UK Met Office,23:00,2026-10-04 23:00:00,19.6,99.0,0.0,2.2,0.0,1.3273,Cerah,wmo:0
jatinangor,"Jatinangor, Sumedang",2026-10-05,32.11.15.2002,Hegarmanah,kecamatan,yes,-6.938,107.7556,Asia/Jakarta,"BMKG representative point: Hegarmanah, Kecamatan Jatinangor",05-10-2026,BMKG,BMKG,00:00,2026-10-05 01:00:00,21.0,94.0,0.0,1.3,60.0,1.305,Berawan,Berawan
jatinangor,"Jatinangor, Sumedang",2026-10-05,32.11.15.2002,Hegarmanah,kecamatan,yes,-6.938,107.7556,Asia/Jakarta,"BMKG representative point: Hegarmanah, Kecamatan Jatinangor",05-10-2026,BMKG,BMKG,01:00,2026-10-05 01:00:00,21.0,94.0,0.0,1.3,0.0,1.7399,Berawan,Berawan
jatinangor,"Jatinangor, Sumedang",2026-10-05,32.11.15.2002,Hegarmanah,kecamatan,yes,-6.938,107.7556,Asia/Jakarta,"BMKG representative point: Hegarmanah, Kecamatan Jatinangor",05-10-2026,BMKG,BMKG,02:00,2026-10-05 01:00:00,21.0,94.0,0.0,1.3,60.0,1.305,Berawan,Berawan
jatinangor,"Jatinangor, Sumedang",2026-10-05,32.11.15.2002,Hegarmanah,kecamatan,yes,-6.938,107.7556,Asia/Jakarta,"BMKG representative point: Hegarmanah, Kecamatan Jatinangor",05-10-2026,BMKG,BMKG,03:00,2026-10-05 04:00:00,20.0,93.0,0.0,0.2,60.0,1.305,Cerah Berawan,Cerah Berawan
jatinangor,"Jatinangor, Sumedang",2026-10-05,32.11.15.2002,Hegarmanah,kecamatan,yes,-6.938,107.7556,Asia/Jakarta,"BMKG representative point: Hegarmanah, Kecamatan Jatinangor",05-10-2026,BMKG,BMKG,04:00,2026-10-05 04:00:00,20.0,93.0,0.0,0.2,0.0,1.7399,Cerah Berawan,Cerah Berawan
jatinangor,"Jatinangor, Sumedang",2026-10-05,32.11.15.2002,Hegarmanah,kecamatan,yes,-6.938,107.7556,Asia/Jakarta,"BMKG representative point: Hegarmanah, Kecamatan Jatinangor",05-10-2026,BMKG,BMKG,05:00,2026-10-05 04:00:00,20.0,93.0,0.0,0.2,60.0,1.305,Cerah Berawan,Cerah Berawan
jatinangor,"Jatinangor, Sumedang",2026-10-05,32.11.15.2002,Hegarmanah,kecamatan,yes,-6.938,107.7556,Asia/Jakarta,"BMKG representative point: Hegarmanah, Kecamatan Jatinangor",05-10-2026,BMKG,BMKG,06:00,2026-10-05 07:00:00,23.0,75.0,0.0,2.4,60.0,1.305,Cerah Berawan,Cerah Berawan
jatinangor,"Jatinangor, Sumedang",2026-10-05,32.11.15.2002,Hegarmanah,kecamatan,yes,-6.938,107.7556,Asia/Jakarta,"BMKG representative point: Hegarmanah, Kecamatan Jatinangor",05-10-2026,BMKG,BMKG,07:00,2026-10-05 07:00:00,23.0,75.0,0.0,2.4,0.0,1.7399,Cerah Berawan,Cerah Berawan
jatinangor,"Jatinangor, Sumedang",2026-10-05,32.11.15.2002,Hegarmanah,kecamatan,yes,-6.938,107.7556,Asia/Jakarta,"BMKG representative point: Hegarmanah, Kecamatan Jatinangor",05-10-2026,BMKG,BMKG,08:00,2026-10-05 07:00:00,23.0,75.0,0.0,2.4,60.0,1.305,Cerah Berawan,Cerah Berawan
jatinangor,"Jatinangor, Sumedang",2026-10-05,32.11.15.2002,Hegarmanah,kecamatan,yes,-6.938,107.7556,Asia/Jakarta,"BMKG representative point: Hegarmanah, Kecamatan Jatinangor",05-10-2026,BMKG,BMKG,09:00,2026-10-05 10:00:00,29.0,51.0,0.0,4.3,60.0,1.305,Berawan,Berawan
jatinangor,"Jatinangor, Sumedang",2026-10-05,32.11.15.2002,Hegarmanah,kecamatan,yes,-6.938,107.7556,Asia/Jakarta,"BMKG representative point: Hegarmanah, Kecamatan Jatinangor",05-10-2026,BMKG,BMKG,10:00,2026-10-05 10:00:00,29.0,51.0,0.0,4.3,0.0,1.7399,Berawan,Berawan
jatinangor,"Jatinangor, Sumedang",2026-10-05,32.11.15.2002,Hegarmanah,kecamatan,yes,-6.938,107.7556,Asia/Jakarta,"BMKG representative point: Hegarmanah, Kecamatan Jatinangor",05-10-2026,BMKG,BMKG,11:00,2026-10-05 10:00:00,29.0,51.0,0.0,4.3,60.0,1.305,Berawan,Berawan
jatinangor,"Jatinangor, Sumedang",2026-10-05,32.11.15.2002,Hegarmanah,kecamatan,yes,-6.938,107.7556,Asia/Jakarta,"BMKG representative point: Hegarmanah, Kecamatan Jatinangor",05-10-2026,BMKG,BMKG,12:00,2026-10-05 13:00:00,27.0,75.0,0.0,5.2,60.0,1.305,Cerah Berawan,Cerah Berawan
jatinangor,"Jatinangor, Sumedang",2026-10-05,32.11.15.2002,Hegarmanah,kecamatan,yes,-6.938,107.7556,Asia/Jakarta,"BMKG representative point: Hegarmanah, Kecamatan Jatinangor",05-10-2026,BMKG,BMKG,13:00,2026-10-05 13:00:00,27.0,75.0,0.0,5.2,0.0,1.7399,Cerah Berawan,Cerah Berawan
jatinangor,"Jatinangor, Sumedang",2026-10-05,32.11.15.2002,Hegarmanah,kecamatan,yes,-6.938,107.7556,Asia/Jakarta,"BMKG representative point: Hegarmanah, Kecamatan Jatinangor",05-10-2026,BMKG,BMKG,14:00,2026-10-05 13:00:00,27.0,75.0,0.0,5.2,60.0,1.305,Cerah Berawan,Cerah Berawan
jatinangor,"Jatinangor, Sumedang",2026-10-05,32.11.15.2002,Hegarmanah,kecamatan,yes,-6.938,107.7556,Asia/Jakarta,"BMKG representative point: Hegarmanah, Kecamatan Jatinangor",05-10-2026,BMKG,BMKG,15:00,2026-10-05 16:00:00,24.0,75.0,1.5,2.5,60.0,1.305,Hujan Ringan,Hujan Ringan
jatinangor,"Jatinangor, Sumedang",2026-10-05,32.11.15.2002,Hegarmanah,kecamatan,yes,-6.938,107.7556,Asia/Jakarta,"BMKG representative point: Hegarmanah, Kecamatan Jatinangor",05-10-2026,BMKG,BMKG,16:00,2026-10-05 16:00:00,24.0,75.0,1.5,2.5,0.0,1.7399,Hujan Ringan,Hujan Ringan
jatinangor,"Jatinangor, Sumedang",2026-10-05,32.11.15.2002,Hegarmanah,kecamatan,yes,-6.938,107.7556,Asia/Jakarta,"BMKG representative point: Hegarmanah, Kecamatan Jatinangor",05-10-2026,BMKG,BMKG,17:00,2026-10-05 16:00:00,24.0,75.0,1.5,2.5,60.0,1.305,Hujan Ringan,Hujan Ringan
jatinangor,"Jatinangor, Sumedang",2026-10-05,32.11.15.2002,Hegarmanah,kecamatan,yes,-6.938,107.7556,Asia/Jakarta,"BMKG representative point: Hegarmanah, Kecamatan Jatinangor",05-10-2026,BMKG,BMKG,18:00,2026-10-05 19:00:00,21.0,91.0,0.0,1.7,60.0,1.305,Berawan,Berawan
jatinangor,"Jatinangor, Sumedang",2026-10-05,32.11.15.2002,Hegarmanah,kecamatan,yes,-6.938,107.7556,Asia/Jakarta,"BMKG representative point: Hegarmanah, Kecamatan Jatinangor",05-10-2026,BMKG,BMKG,19:00,2026-10-05 19:00:00,21.0,91.0,0.0,1.7,0.0,1.7399,Berawan,Berawan
jatinangor,"Jatinangor, Sumedang",2026-10-05,32.11.15.2002,Hegarmanah,kecamatan,yes,-6.938,107.7556,Asia/Jakarta,"BMKG representative point: Hegarmanah, Kecamatan Jatinangor",05-10-2026,BMKG,BMKG,20:00,2026-10-05 19:00:00,21.0,91.0,0.0,1.7,60.0,1.305,Berawan,Berawan
jatinangor,"Jatinangor, Sumedang",2026-10-05,32.11.15.2002,Hegarmanah,kecamatan,yes,-6.938,107.7556,Asia/Jakarta,"BMKG representative point: Hegarmanah, Kecamatan Jatinangor",05-10-2026,BMKG,BMKG,21:00,2026-10-05 22:00:00,21.0,97.0,0.0,1.2,60.0,1.305,Berawan,Berawan
jatinangor,"Jatinangor, Sumedang",2026-10-05,32.11.15.2002,Hegarmanah,kecamatan,yes,-6.938,107.7556,Asia/Jakarta,"BMKG representative point: Hegarmanah, Kecamatan Jatinangor",05-10-2026,BMKG,BMKG,22:00,2026-10-05 22:00:00,21.0,97.0,0.0,1.2,0.0,1.7399,Berawan,Berawan
jatinangor,"Jatinangor, Sumedang",2026-10-05,32.11.15.2002,Hegarmanah,kecamatan,yes,-6.938,107.7556,Asia/Jakarta,"BMKG representative point: Hegarmanah, Kecamatan Jatinangor",05-10-2026,BMKG,BMKG,23:00,2026-10-05 22:00:00,21.0,97.0,0.0,1.2,60.0,1.305,Berawan,Berawan
jatinangor,"Jatinangor, Sumedang",2026-10-05,32.11.15.2002,Hegarmanah,kecamatan,yes,-6.938,107.7556,Asia/Jakarta,"BMKG representative point: Hegarmanah, Kecamatan Jatinangor",05-10-2026,CMA,Open-Meteo / CMA GRAPES,00:00,2026-10-05 00:00:00,21.7,78.0,0.0,7.2,0.0,1.1588,Cerah Berawan,wmo:1
jatinangor,"Jatinangor, Sumedang",2026-10-05,32.11.15.2002,Hegarmanah,kecamatan,yes,-6.938,107.7556,Asia/Jakarta,"BMKG representative point: Hegarmanah, Kecamatan Jatinangor",05-10-2026,CMA,Open-Meteo / CMA GRAPES,01:00,2026-10-05 01:00:00,21.4,73.0,0.0,7.6,0.0,1.1588,Cerah Berawan,wmo:2
jatinangor,"Jatinangor, Sumedang",2026-10-05,32.11.15.2002,Hegarmanah,kecamatan,yes,-6.938,107.7556,Asia/Jakarta,"BMKG representative point: Hegarmanah, Kecamatan Jatinangor",05-10-2026,CMA,Open-Meteo / CMA GRAPES,02:00,2026-10-05 02:00:00,21.1,76.0,0.0,7.2,0.0,1.1588,Cerah Berawan,wmo:1
jatinangor,"Jatinangor, Sumedang",2026-10-05,32.11.15.2002,Hegarmanah,kecamatan,yes,-6.938,107.7556,Asia/Jakarta,"BMKG representative point: Hegarmanah, Kecamatan Jatinangor",05-10-2026,CMA,Open-Meteo / CMA GRAPES,03:00,2026-10-05 03:00:00,20.8,81.0,0.0,6.5,0.0,1.1588,Cerah Berawan,wmo:1
jatinangor,"Jatinangor, Sumedang",2026-10-05,32.11.15.2002,Hegarmanah,kecamatan,yes,-6.938,107.7556,Asia/Jakarta,"BMKG representative point: Hegarmanah, Kecamatan Jatinangor",05-10-2026,CMA,Open-Meteo / CMA GRAPES,04:00,2026-10-05 04:00:00,20.7,85.0,0.0,5.8,0.0,1.1588,Cerah,wmo:0
jatinangor,"Jatinangor, Sumedang",2026-10-05,32.11.15.2002,Hegarmanah,kecamatan,yes,-6.938,107.7556,Asia/Jakarta,"BMKG representative point: Hegarmanah, Kecamatan Jatinangor",05-10-2026,CMA,Open-Meteo / CMA GRAPES,05:00,2026-10-05 05:00:00,20.9,84.0,0.0,6.3,0.0,1.1588,Cerah,wmo:0
jatinangor,"Jatinangor, Sumedang",2026-10-05,32.11.15.2002,Hegarmanah,kecamatan,yes,-6.938,107.7556,Asia/Jakarta,"BMKG representative point: Hegarmanah, Kecamatan Jatinangor",05-10-2026,CMA,Open-Meteo / CMA GRAPES,06:00,2026-10-05 06:00:00,21.3,80.0,0.0,7.2,0.0,1.1588,Cerah,wmo:0
jatinangor,"Jatinangor, Sumedang",2026-10-05,32.11.15.2002,Hegarmanah,kecamatan,yes,-6.938,107.7556,Asia/Jakarta,"BMKG representative point: Hegarmanah, Kecamatan Jatinangor",05-10-2026,CMA,Open-Meteo / CMA GRAPES,07:00,2026-10-05 07:00:00,22.0,76.0,0.0,7.2,0.0,1.1588,Cerah,wmo:0
jatinangor,"Jatinangor, Sumedang",2026-10-05,32.11.15.2002,Hegarmanah,kecamatan,yes,-6.938,107.7556,Asia/Jakarta,"BMKG representative point: Hegarmanah, Kecamatan Jatinangor",05-10-2026,CMA,Open-Meteo / CMA GRAPES,08:00,2026-10-05 08:00:00,23.2,72.0,0.0,6.4,0.0,1.1588,Cerah,wmo:0
jatinangor,"Jatinangor, Sumedang",2026-10-05,32.11.15.2002,Hegarmanah,kecamatan,yes,-6.938,107.7556,Asia/Jakarta,"BMKG representative point: Hegarmanah, Kecamatan Jatinangor",05-10-2026,CMA,Open-Meteo / CMA GRAPES,09:00,2026-10-05 09:00:00,24.6,66.0,0.0,7.2,0.0,1.1588,Cerah,wmo:0
jatinangor,"Jatinangor, Sumedang",2026-10-05,32.11.15.2002,Hegarmanah,kecamatan,yes,-6.938,107.7556,Asia/Jakarta,"BMKG representative point: Hegarmanah, Kecamatan Jatinangor",05-10-2026,CMA,Open-Meteo / CMA GRAPES,10:00,2026-10-05 10:00:00,26.0,62.0,0.0,9.2,0.0,1.1588,Cerah,wmo:0
jatinangor,"Jatinangor, Sumedang",2026-10-05,32.11.15.2002,Hegarmanah,kecamatan,yes,-6.938,107.7556,Asia/Jakarta,"BMKG representative point: Hegarmanah, Kecamatan Jatinangor",05-10-2026,CMA,Open-Meteo / CMA GRAPES,11:00,2026-10-05 11:00:00,27.1,58.0,0.0,10.2,0.0,1.1588,Cerah,wmo:0
jatinangor,"Jatinangor, Sumedang",2026-10-05,32.11.15.2002,Hegarmanah,kecamatan,yes,-6.938,107.7556,Asia/Jakarta,"BMKG representative point: Hegarmanah, Kecamatan Jatinangor",05-10-2026,CMA,Open-Meteo / CMA GRAPES,12:00,2026-10-05 12:00:00,28.2,54.0,0.0,10.5,0.0,1.1588,Cerah Berawan,wmo:1
jatinangor,"Jatinangor, Sumedang",2026-10-05,32.11.15.2002,Hegarmanah,kecamatan,yes,-6.938,107.7556,Asia/Jakarta,"BMKG representative point: Hegarmanah, Kecamatan Jatinangor",05-10-2026,CMA,Open-Meteo / CMA GRAPES,13:00,2026-10-05 13:00:00,28.7,53.0,0.0,11.0,0.0,1.1588,Cerah Berawan,wmo:1
jatinangor,"Jatinangor, Sumedang",2026-10-05,32.11.15.2002,Hegarmanah,kecamatan,yes,-6.938,107.7556,Asia/Jakarta,"BMKG representative point: Hegarmanah, Kecamatan Jatinangor",05-10-2026,CMA,Open-Meteo / CMA GRAPES,14:00,2026-10-05 14:00:00,28.6,56.0,0.0,11.4,0.0,1.1588,Cerah Berawan,wmo:1
jatinangor,"Jatinangor, Sumedang",2026-10-05,32.11.15.2002,Hegarmanah,kecamatan,yes,-6.938,107.7556,Asia/Jakarta,"BMKG representative point: Hegarmanah, Kecamatan Jatinangor",05-10-2026,CMA,Open-Meteo / CMA GRAPES,15:00,2026-10-05 15:00:00,28.1,62.0,0.0,11.6,0.0,1.1588,Cerah Berawan,wmo:1
jatinangor,"Jatinangor, Sumedang",2026-10-05,32.11.15.2002,Hegarmanah,kecamatan,yes,-6.938,107.7556,Asia/Jakarta,"BMKG representative point: Hegarmanah, Kecamatan Jatinangor",05-10-2026,CMA,Open-Meteo / CMA GRAPES,16:00,2026-10-05 16:00:00,27.3,68.0,0.0,11.1,0.0,1.1588,Cerah Berawan,wmo:1
jatinangor,"Jatinangor, Sumedang",2026-10-05,32.11.15.2002,Hegarmanah,kecamatan,yes,-6.938,107.7556,Asia/Jakarta,"BMKG representative point: Hegarmanah, Kecamatan Jatinangor",05-10-2026,CMA,Open-Meteo / CMA GRAPES,17:00,2026-10-05 17:00:00,26.3,74.0,0.4,9.4,0.0,1.1588,Hujan Ringan,wmo:51
jatinangor,"Jatinangor, Sumedang",2026-10-05,32.11.15.2002,Hegarmanah,kecamatan,yes,-6.938,107.7556,Asia/Jakarta,"BMKG representative point: Hegarmanah, Kecamatan Jatinangor",05-10-2026,CMA,Open-Meteo / CMA GRAPES,18:00,2026-10-05 18:00:00,25.1,81.0,0.4,6.9,0.0,1.1588,Hujan Ringan,wmo:51
jatinangor,"Jatinangor, Sumedang",2026-10-05,32.11.15.2002,Hegarmanah,kecamatan,yes,-6.938,107.7556,Asia/Jakarta,"BMKG representative point: Hegarmanah, Kecamatan Jatinangor",05-10-2026,CMA,Open-Meteo / CMA GRAPES,19:00,2026-10-05 19:00:00,24.1,86.0,0.4,4.7,0.0,1.1588,Hujan Ringan,wmo:51
jatinangor,"Jatinangor, Sumedang",2026-10-05,32.11.15.2002,Hegarmanah,kecamatan,yes,-6.938,107.7556,Asia/Jakarta,"BMKG representative point: Hegarmanah, Kecamatan Jatinangor",05-10-2026,CMA,Open-Meteo / CMA GRAPES,20:00,2026-10-05 20:00:00,23.7,88.0,0.2,2.6,0.0,1.1588,Hujan Ringan,wmo:51
jatinangor,"Jatinangor, Sumedang",2026-10-05,32.11.15.2002,Hegarmanah,kecamatan,yes,-6.938,107.7556,Asia/Jakarta,"BMKG representative point: Hegarmanah, Kecamatan Jatinangor",05-10-2026,CMA,Open-Meteo / CMA GRAPES,21:00,2026-10-05 21:00:00,23.7,89.0,0.2,0.7,0.0,1.1588,Hujan Ringan,wmo:51
jatinangor,"Jatinangor, Sumedang",2026-10-05,32.11.15.2002,Hegarmanah,kecamatan,yes,-6.938,107.7556,Asia/Jakarta,"BMKG representative point: Hegarmanah, Kecamatan Jatinangor",05-10-2026,CMA,Open-Meteo / CMA GRAPES,22:00,2026-10-05 22:00:00,23.5,90.0,0.2,1.9,0.0,1.1588,Hujan Ringan,wmo:51
jatinangor,"Jatinangor, Sumedang",2026-10-05,32.11.15.2002,Hegarmanah,kecamatan,yes,-6.938,107.7556,Asia/Jakarta,"BMKG representative point: Hegarmanah, Kecamatan Jatinangor",05-10-2026,CMA,Open-Meteo / CMA GRAPES,23:00,2026-10-05 23:00:00,23.2,91.0,0.0,2.6,0.0,1.1588,Cerah Berawan,wmo:2
jatinangor,"Jatinangor, Sumedang",2026-10-05,32.11.15.2002,Hegarmanah,kecamatan,yes,-6.938,107.7556,Asia/Jakarta,"BMKG representative point: Hegarmanah, Kecamatan Jatinangor",05-10-2026,ECMWF,Open-Meteo / ECMWF,00:00,2026-10-05 00:00:00,20.9,92.0,0.0,5.4,0.0,1.7077,Berawan,wmo:3
jatinangor,"Jatinangor, Sumedang",2026-10-05,32.11.15.2002,Hegarmanah,kecamatan,yes,-6.938,107.7556,Asia/Jakarta,"BMKG representative point: Hegarmanah, Kecamatan Jatinangor",05-10-2026,ECMWF,Open-Meteo / ECMWF,01:00,2026-10-05 01:00:00,20.4,94.0,0.0,5.4,0.0,1.7077,Berawan,wmo:3
jatinangor,"Jatinangor, Sumedang",2026-10-05,32.11.15.2002,Hegarmanah,kecamatan,yes,-6.938,107.7556,Asia/Jakarta,"BMKG representative point: Hegarmanah, Kecamatan Jatinangor",05-10-2026,ECMWF,Open-Meteo / ECMWF,02:00,2026-10-05 02:00:00,19.9,95.0,0.0,5.4,0.0,1.7077,Cerah Berawan,wmo:2
jatinangor,"Jatinangor, Sumedang",2026-10-05,32.11.15.2002,Hegarmanah,kecamatan,yes,-6.938,107.7556,Asia/Jakarta,"BMKG representative point: Hegarmanah, Kecamatan Jatinangor",05-10-2026,ECMWF,Open-Meteo / ECMWF,03:00,2026-10-05 03:00:00,19.5,94.0,0.0,5.1,0.0,1.7077,Cerah Berawan,wmo:1
jatinangor,"Jatinangor, Sumedang",2026-10-05,32.11.15.2002,Hegarmanah,kecamatan,yes,-6.938,107.7556,Asia/Jakarta,"BMKG representative point: Hegarmanah, Kecamatan Jatinangor",05-10-2026,ECMWF,Open-Meteo / ECMWF,04:00,2026-10-05 04:00:00,19.5,93.0,0.0,4.7,0.0,1.7077,Cerah Berawan,wmo:1
jatinangor,"Jatinangor, Sumedang",2026-10-05,32.11.15.2002,Hegarmanah,kecamatan,yes,-6.938,107.7556,Asia/Jakarta,"BMKG representative point: Hegarmanah, Kecamatan Jatinangor",05-10-2026,ECMWF,Open-Meteo / ECMWF,05:00,2026-10-05 05:00:00,19.7,91.0,0.0,4.7,0.0,1.7077,Cerah,wmo:0
jatinangor,"Jatinangor, Sumedang",2026-10-05,32.11.15.2002,Hegarmanah,kecamatan,yes,-6.938,107.7556,Asia/Jakarta,"BMKG representative point: Hegarmanah, Kecamatan Jatinangor",05-10-2026,ECMWF,Open-Meteo / ECMWF,06:00,2026-10-05 06:00:00,20.2,88.0,0.0,4.4,0.0,1.7077,Cerah,wmo:0
jatinangor,"Jatinangor, Sumedang",2026-10-05,32.11.15.2002,Hegarmanah,kecamatan,yes,-6.938,107.7556,Asia/Jakarta,"BMKG representative point: Hegarmanah, Kecamatan Jatinangor",05-10-2026,ECMWF,Open-Meteo / ECMWF,07:00,2026-10-05 07:00:00,21.4,82.0,0.0,4.5,0.0,1.7077,Cerah Berawan,wmo:1
jatinangor,"Jatinangor, Sumedang",2026-10-05,32.11.15.2002,Hegarmanah,kecamatan,yes,-6.938,107.7556,Asia/Jakarta,"BMKG representative point: Hegarmanah, Kecamatan Jatinangor",05-10-2026,ECMWF,Open-Meteo / ECMWF,08:00,2026-10-05 08:00:00,23.7,71.0,0.0,4.6,0.0,1.7077,Cerah Berawan,wmo:1
jatinangor,"Jatinangor, Sumedang",2026-10-05,32.11.15.2002,Hegarmanah,kecamatan,yes,-6.938,107.7556,Asia/Jakarta,"BMKG representative point: Hegarmanah, Kecamatan Jatinangor",05-10-2026,ECMWF,Open-Meteo / ECMWF,09:00,2026-10-05 09:00:00,26.7,57.0,0.0,4.2,0.0,1.7077,Cerah Berawan,wmo:2
jatinangor,"Jatinangor, Sumedang",2026-10-05,32.11.15.2002,Hegarmanah,kecamatan,yes,-6.938,107.7556,Asia/Jakarta,"BMKG representative point: Hegarmanah, Kecamatan Jatinangor",05-10-2026,ECMWF,Open-Meteo / ECMWF,10:00,2026-10-05 10:00:00,29.0,47.0,0.0,3.4,0.0,1.7077,Berawan,wmo:3
jatinangor,"Jatinangor, Sumedang",2026-10-05,32.11.15.2002,Hegarmanah,kecamatan,yes,-6.938,107.7556,Asia/Jakarta,"BMKG representative point: Hegarmanah, Kecamatan Jatinangor",05-10-2026,ECMWF,Open-Meteo / ECMWF,11:00,2026-10-05 11:00:00,30.6,41.0,0.0,1.1,0.0,1.7077,Berawan,wmo:3
jatinangor,"Jatinangor, Sumedang",2026-10-05,32.11.15.2002,Hegarmanah,kecamatan,yes,-6.938,107.7556,Asia/Jakarta,"BMKG representative point: Hegarmanah, Kecamatan Jatinangor",05-10-2026,ECMWF,Open-Meteo / ECMWF,12:00,2026-10-05 12:00:00,31.5,39.0,0.0,1.5,0.0,1.7077,Berawan,wmo:3
jatinangor,"Jatinangor, Sumedang",2026-10-05,32.11.15.2002,Hegarmanah,kecamatan,yes,-6.938,107.7556,Asia/Jakarta,"BMKG representative point: Hegarmanah, Kecamatan Jatinangor",05-10-2026,ECMWF,Open-Meteo / ECMWF,13:00,2026-10-05 13:00:00,31.2,43.0,0.0,3.1,0.0,1.7077,Cerah Berawan,wmo:2
jatinangor,"Jatinangor, Sumedang",2026-10-05,32.11.15.2002,Hegarmanah,kecamatan,yes,-6.938,107.7556,Asia/Jakarta,"BMKG representative point: Hegarmanah, Kecamatan Jatinangor",05-10-2026,ECMWF,Open-Meteo / ECMWF,14:00,2026-10-05 14:00:00,28.8,57.0,2.7,3.6,0.0,1.7077,Hujan Sedang,wmo:63
jatinangor,"Jatinangor, Sumedang",2026-10-05,32.11.15.2002,Hegarmanah,kecamatan,yes,-6.938,107.7556,Asia/Jakarta,"BMKG representative point: Hegarmanah, Kecamatan Jatinangor",05-10-2026,ECMWF,Open-Meteo / ECMWF,15:00,2026-10-05 15:00:00,25.3,76.0,2.7,6.4,0.0,1.7077,Hujan Sedang,wmo:63
jatinangor,"Jatinangor, Sumedang",2026-10-05,32.11.15.2002,Hegarmanah,kecamatan,yes,-6.938,107.7556,Asia/Jakarta,"BMKG representative point: Hegarmanah, Kecamatan Jatinangor",05-10-2026,ECMWF,Open-Meteo / ECMWF,16:00,2026-10-05 16:00:00,22.6,90.0,2.7,8.4,0.0,1.7077,Hujan Sedang,wmo:63
jatinangor,"Jatinangor, Sumedang",2026-10-05,32.11.15.2002,Hegarmanah,kecamatan,yes,-6.938,107.7556,Asia/Jakarta,"BMKG representative point: Hegarmanah, Kecamatan Jatinangor",05-10-2026,ECMWF,Open-Meteo / ECMWF,17:00,2026-10-05 17:00:00,22.0,94.0,0.1,7.3,0.0,1.7077,Hujan Ringan,wmo:51
jatinangor,"Jatinangor, Sumedang",2026-10-05,32.11.15.2002,Hegarmanah,kecamatan,yes,-6.938,107.7556,Asia/Jakarta,"BMKG representative point: Hegarmanah, Kecamatan Jatinangor",05-10-2026,ECMWF,Open-Meteo / ECMWF,18:00,2026-10-05 18:00:00,22.4,93.0,0.1,5.4,0.0,1.7077,Hujan Ringan,wmo:51
jatinangor,"Jatinangor, Sumedang",2026-10-05,32.11.15.2002,Hegarmanah,kecamatan,yes,-6.938,107.7556,Asia/Jakarta,"BMKG representative point: Hegarmanah, Kecamatan Jatinangor",05-10-2026,ECMWF,Open-Meteo / ECMWF,19:00,2026-10-05 19:00:00,22.5,92.0,0.1,4.0,0.0,1.7077,Hujan Ringan,wmo:51
jatinangor,"Jatinangor, Sumedang",2026-10-05,32.11.15.2002,Hegarmanah,kecamatan,yes,-6.938,107.7556,Asia/Jakarta,"BMKG representative point: Hegarmanah, Kecamatan Jatinangor",05-10-2026,ECMWF,Open-Meteo / ECMWF,20:00,2026-10-05 20:00:00,22.1,94.0,0.0,4.3,0.0,1.7077,Berawan,wmo:3
jatinangor,"Jatinangor, Sumedang",2026-10-05,32.11.15.2002,Hegarmanah,kecamatan,yes,-6.938,107.7556,Asia/Jakarta,"BMKG representative point: Hegarmanah, Kecamatan Jatinangor",05-10-2026,ECMWF,Open-Meteo / ECMWF,21:00,2026-10-05 21:00:00,21.5,97.0,0.0,5.5,0.0,1.7077,Berawan,wmo:3
jatinangor,"Jatinangor, Sumedang",2026-10-05,32.11.15.2002,Hegarmanah,kecamatan,yes,-6.938,107.7556,Asia/Jakarta,"BMKG representative point: Hegarmanah, Kecamatan Jatinangor",05-10-2026,ECMWF,Open-Meteo / ECMWF,22:00,2026-10-05 22:00:00,21.0,99.0,0.0,6.3,0.0,1.7077,Berawan,wmo:3
jatinangor,"Jatinangor, Sumedang",2026-10-05,32.11.15.2002,Hegarmanah,kecamatan,yes,-6.938,107.7556,Asia/Jakarta,"BMKG representative point: Hegarmanah, Kecamatan Jatinangor",05-10-2026,ECMWF,Open-Meteo / ECMWF,23:00,2026-10-05 23:00:00,20.5,99.0,0.0,6.0,0.0,1.7077,Berawan,wmo:3
jatinangor,"Jatinangor, Sumedang",2026-10-05,32.11.15.2002,Hegarmanah,kecamatan,yes,-6.938,107.7556,Asia/Jakarta,"BMKG representative point: Hegarmanah, Kecamatan Jatinangor",05-10-2026,GFS,Open-Meteo / NOAA GFS,00:00,2026-10-05 00:00:00,21.0,91.0,0.0,4.6,0.0,1.3691,Berawan,wmo:3
jatinangor,"Jatinangor, Sumedang",2026-10-05,32.11.15.2002,Hegarmanah,kecamatan,yes,-6.938,107.7556,Asia/Jakarta,"BMKG representative point: Hegarmanah, Kecamatan Jatinangor",05-10-2026,GFS,Open-Meteo / NOAA GFS,01:00,2026-10-05 01:00:00,20.9,90.0,0.0,3.7,0.0,1.3691,Berawan,wmo:3
jatinangor,"Jatinangor, Sumedang",2026-10-05,32.11.15.2002,Hegarmanah,kecamatan,yes,-6.938,107.7556,Asia/Jakarta,"BMKG representative point: Hegarmanah, Kecamatan Jatinangor",05-10-2026,GFS,Open-Meteo / NOAA GFS,02:00,2026-10-05 02:00:00,20.7,90.0,0.0,4.5,0.0,1.3691,Berawan,wmo:3
jatinangor,"Jatinangor, Sumedang",2026-10-05,32.11.15.2002,Hegarmanah,kecamatan,yes,-6.938,107.7556,Asia/Jakarta,"BMKG representative point: Hegarmanah, Kecamatan Jatinangor",05-10-2026,GFS,Open-Meteo / NOAA GFS,03:00,2026-10-05 03:00:00,19.9,92.0,0.0,4.9,0.0,1.3691,Berawan,wmo:3
jatinangor,"Jatinangor, Sumedang",2026-10-05,32.11.15.2002,Hegarmanah,kecamatan,yes,-6.938,107.7556,Asia/Jakarta,"BMKG representative point: Hegarmanah, Kecamatan Jatinangor",05-10-2026,GFS,Open-Meteo / NOAA GFS,04:00,2026-10-05 04:00:00,19.7,92.0,0.0,4.8,0.0,1.3691,Berawan,wmo:3
jatinangor,"Jatinangor, Sumedang",2026-10-05,32.11.15.2002,Hegarmanah,kecamatan,yes,-6.938,107.7556,Asia/Jakarta,"BMKG representative point: Hegarmanah, Kecamatan Jatinangor",05-10-2026,GFS,Open-Meteo / NOAA GFS,05:00,2026-10-05 05:00:00,19.9,91.0,0.0,5.4,0.0,1.3691,Berawan,wmo:3
jatinangor,"Jatinangor, Sumedang",2026-10-05,32.11.15.2002,Hegarmanah,kecamatan,yes,-6.938,107.7556,Asia/Jakarta,"BMKG representative point: Hegarmanah, Kecamatan Jatinangor",05-10-2026,GFS,Open-Meteo / NOAA GFS,06:00,2026-10-05 06:00:00,20.2,89.0,0.0,5.9,0.0,1.3691,Berawan,wmo:3
jatinangor,"Jatinangor, Sumedang",2026-10-05,32.11.15.2002,Hegarmanah,kecamatan,yes,-6.938,107.7556,Asia/Jakarta,"BMKG representative point: Hegarmanah, Kecamatan Jatinangor",05-10-2026,GFS,Open-Meteo / NOAA GFS,07:00,2026-10-05 07:00:00,21.9,81.0,0.0,6.2,0.0,1.3691,Berawan,wmo:3
jatinangor,"Jatinangor, Sumedang",2026-10-05,32.11.15.2002,Hegarmanah,kecamatan,yes,-6.938,107.7556,Asia/Jakarta,"BMKG representative point: Hegarmanah, Kecamatan Jatinangor",05-10-2026,GFS,Open-Meteo / NOAA GFS,08:00,2026-10-05 08:00:00,22.3,80.0,0.0,5.9,0.0,1.3691,Berawan,wmo:3
jatinangor,"Jatinangor, Sumedang",2026-10-05,32.11.15.2002,Hegarmanah,kecamatan,yes,-6.938,107.7556,Asia/Jakarta,"BMKG representative point: Hegarmanah, Kecamatan Jatinangor",05-10-2026,GFS,Open-Meteo / NOAA GFS,09:00,2026-10-05 09:00:00,22.9,77.0,0.0,5.9,0.0,1.3691,Berawan,wmo:3
jatinangor,"Jatinangor, Sumedang",2026-10-05,32.11.15.2002,Hegarmanah,kecamatan,yes,-6.938,107.7556,Asia/Jakarta,"BMKG representative point: Hegarmanah, Kecamatan Jatinangor",05-10-2026,GFS,Open-Meteo / NOAA GFS,10:00,2026-10-05 10:00:00,24.3,70.0,0.0,6.1,0.0,1.3691,Berawan,wmo:3
jatinangor,"Jatinangor, Sumedang",2026-10-05,32.11.15.2002,Hegarmanah,kecamatan,yes,-6.938,107.7556,Asia/Jakarta,"BMKG representative point: Hegarmanah, Kecamatan Jatinangor",05-10-2026,GFS,Open-Meteo / NOAA GFS,11:00,2026-10-05 11:00:00,25.7,63.0,0.0,6.6,0.0,1.3691,Berawan,wmo:3
jatinangor,"Jatinangor, Sumedang",2026-10-05,32.11.15.2002,Hegarmanah,kecamatan,yes,-6.938,107.7556,Asia/Jakarta,"BMKG representative point: Hegarmanah, Kecamatan Jatinangor",05-10-2026,GFS,Open-Meteo / NOAA GFS,12:00,2026-10-05 12:00:00,26.8,58.0,0.0,7.4,0.0,1.3691,Berawan,wmo:3
jatinangor,"Jatinangor, Sumedang",2026-10-05,32.11.15.2002,Hegarmanah,kecamatan,yes,-6.938,107.7556,Asia/Jakarta,"BMKG representative point: Hegarmanah, Kecamatan Jatinangor",05-10-2026,GFS,Open-Meteo / NOAA GFS,13:00,2026-10-05 13:00:00,29.0,50.0,0.0,7.1,0.0,1.3691,Berawan,wmo:3
jatinangor,"Jatinangor, Sumedang",2026-10-05,32.11.15.2002,Hegarmanah,kecamatan,yes,-6.938,107.7556,Asia/Jakarta,"BMKG representative point: Hegarmanah, Kecamatan Jatinangor",05-10-2026,GFS,Open-Meteo / NOAA GFS,14:00,2026-10-05 14:00:00,31.3,43.0,0.0,4.6,0.0,1.3691,Cerah Berawan,wmo:2
jatinangor,"Jatinangor, Sumedang",2026-10-05,32.11.15.2002,Hegarmanah,kecamatan,yes,-6.938,107.7556,Asia/Jakarta,"BMKG representative point: Hegarmanah, Kecamatan Jatinangor",05-10-2026,GFS,Open-Meteo / NOAA GFS,15:00,2026-10-05 15:00:00,30.9,43.0,0.0,9.4,0.0,1.3691,Cerah Berawan,wmo:1
jatinangor,"Jatinangor, Sumedang",2026-10-05,32.11.15.2002,Hegarmanah,kecamatan,yes,-6.938,107.7556,Asia/Jakarta,"BMKG representative point: Hegarmanah, Kecamatan Jatinangor",05-10-2026,GFS,Open-Meteo / NOAA GFS,16:00,2026-10-05 16:00:00,26.0,65.0,0.2,15.8,0.0,1.3691,Hujan Ringan,wmo:51
jatinangor,"Jatinangor, Sumedang",2026-10-05,32.11.15.2002,Hegarmanah,kecamatan,yes,-6.938,107.7556,Asia/Jakarta,"BMKG representative point: Hegarmanah, Kecamatan Jatinangor",05-10-2026,GFS,Open-Meteo / NOAA GFS,17:00,2026-10-05 17:00:00,23.1,82.0,0.6,7.6,0.0,1.3691,Hujan Ringan,wmo:53
jatinangor,"Jatinangor, Sumedang",2026-10-05,32.11.15.2002,Hegarmanah,kecamatan,yes,-6.938,107.7556,Asia/Jakarta,"BMKG representative point: Hegarmanah, Kecamatan Jatinangor",05-10-2026,GFS,Open-Meteo / NOAA GFS,18:00,2026-10-05 18:00:00,22.9,83.0,0.5,5.9,0.0,1.3691,Hujan Ringan,wmo:53
jatinangor,"Jatinangor, Sumedang",2026-10-05,32.11.15.2002,Hegarmanah,kecamatan,yes,-6.938,107.7556,Asia/Jakarta,"BMKG representative point: Hegarmanah, Kecamatan Jatinangor",05-10-2026,GFS,Open-Meteo / NOAA GFS,19:00,2026-10-05 19:00:00,23.0,83.0,0.0,4.3,0.0,1.3691,Berawan,wmo:3
jatinangor,"Jatinangor, Sumedang",2026-10-05,32.11.15.2002,Hegarmanah,kecamatan,yes,-6.938,107.7556,Asia/Jakarta,"BMKG representative point: Hegarmanah, Kecamatan Jatinangor",05-10-2026,GFS,Open-Meteo / NOAA GFS,20:00,2026-10-05 20:00:00,22.8,83.0,0.0,3.8,0.0,1.3691,Berawan,wmo:3
jatinangor,"Jatinangor, Sumedang",2026-10-05,32.11.15.2002,Hegarmanah,kecamatan,yes,-6.938,107.7556,Asia/Jakarta,"BMKG representative point: Hegarmanah, Kecamatan Jatinangor",05-10-2026,GFS,Open-Meteo / NOAA GFS,21:00,2026-10-05 21:00:00,21.9,86.0,0.0,5.1,0.0,1.3691,Berawan,wmo:3
jatinangor,"Jatinangor, Sumedang",2026-10-05,32.11.15.2002,Hegarmanah,kecamatan,yes,-6.938,107.7556,Asia/Jakarta,"BMKG representative point: Hegarmanah, Kecamatan Jatinangor",05-10-2026,GFS,Open-Meteo / NOAA GFS,22:00,2026-10-05 22:00:00,21.3,87.0,0.0,4.8,0.0,1.3691,Berawan,wmo:3
jatinangor,"Jatinangor, Sumedang",2026-10-05,32.11.15.2002,Hegarmanah,kecamatan,yes,-6.938,107.7556,Asia/Jakarta,"BMKG representative point: Hegarmanah, Kecamatan Jatinangor",05-10-2026,GFS,Open-Meteo / NOAA GFS,23:00,2026-10-05 23:00:00,20.7,89.0,0.0,5.2,0.0,1.3691,Berawan,wmo:3
jatinangor,"Jatinangor, Sumedang",2026-10-05,32.11.15.2002,Hegarmanah,kecamatan,yes,-6.938,107.7556,Asia/Jakarta,"BMKG representative point: Hegarmanah, Kecamatan Jatinangor",05-10-2026,ICON,Open-Meteo / DWD ICON,00:00,2026-10-05 00:00:00,21.6,76.0,0.0,5.5,0.0,1.401,Cerah Berawan,wmo:2
jatinangor,"Jatinangor, Sumedang",2026-10-05,32.11.15.2002,Hegarmanah,kecamatan,yes,-6.938,107.7556,Asia/Jakarta,"BMKG representative point: Hegarmanah, Kecamatan Jatinangor",05-10-2026,ICON,Open-Meteo / DWD ICON,01:00,2026-10-05 01:00:00,20.9,81.0,0.0,5.5,0.0,1.401,Berawan,wmo:3
jatinangor,"Jatinangor, Sumedang",2026-10-05,32.11.15.2002,Hegarmanah,kecamatan,yes,-6.938,107.7556,Asia/Jakarta,"BMKG representative point: Hegarmanah, Kecamatan Jatinangor",05-10-2026,ICON,Open-Meteo / DWD ICON,02:00,2026-10-05 02:00:00,20.4,85.0,0.0,5.0,0.0,1.401,Cerah Berawan,wmo:2
jatinangor,"Jatinangor, Sumedang",2026-10-05,32.11.15.2002,Hegarmanah,kecamatan,yes,-6.938,107.7556,Asia/Jakarta,"BMKG representative point: Hegarmanah, Kecamatan Jatinangor",05-10-2026,ICON,Open-Meteo / DWD ICON,03:00,2026-10-05 03:00:00,20.1,88.0,0.0,4.2,0.0,1.401,Cerah,wmo:0
jatinangor,"Jatinangor, Sumedang",2026-10-05,32.11.15.2002,Hegarmanah,kecamatan,yes,-6.938,107.7556,Asia/Jakarta,"BMKG representative point: Hegarmanah, Kecamatan Jatinangor",05-10-2026,ICON,Open-Meteo / DWD ICON,04:00,2026-10-05 04:00:00,19.8,90.0,0.0,4.2,0.0,1.401,Cerah Berawan,wmo:1
jatinangor,"Jatinangor, Sumedang",2026-10-05,32.11.15.2002,Hegarmanah,kecamatan,yes,-6.938,107.7556,Asia/Jakarta,"BMKG representative point: Hegarmanah, Kecamatan Jatinangor",05-10-2026,ICON,Open-Meteo / DWD ICON,05:00,2026-10-05 05:00:00,19.5,91.0,0.0,4.5,0.0,1.401,Cerah Berawan,wmo:1
jatinangor,"Jatinangor, Sumedang",2026-10-05,32.11.15.2002,Hegarmanah,kecamatan,yes,-6.938,107.7556,Asia/Jakarta,"BMKG representative point: Hegarmanah, Kecamatan Jatinangor",05-10-2026,ICON,Open-Meteo / DWD ICON,06:00,2026-10-05 06:00:00,19.6,91.0,0.0,4.6,0.0,1.401,Cerah Berawan,wmo:1
jatinangor,"Jatinangor, Sumedang",2026-10-05,32.11.15.2002,Hegarmanah,kecamatan,yes,-6.938,107.7556,Asia/Jakarta,"BMKG representative point: Hegarmanah, Kecamatan Jatinangor",05-10-2026,ICON,Open-Meteo / DWD ICON,07:00,2026-10-05 07:00:00,22.4,82.0,0.0,3.2,0.0,1.401,Cerah Berawan,wmo:1
jatinangor,"Jatinangor, Sumedang",2026-10-05,32.11.15.2002,Hegarmanah,kecamatan,yes,-6.938,107.7556,Asia/Jakarta,"BMKG representative point: Hegarmanah, Kecamatan Jatinangor",05-10-2026,ICON,Open-Meteo / DWD ICON,08:00,2026-10-05 08:00:00,25.3,68.0,0.0,6.0,0.0,1.401,Cerah Berawan,wmo:2
jatinangor,"Jatinangor, Sumedang",2026-10-05,32.11.15.2002,Hegarmanah,kecamatan,yes,-6.938,107.7556,Asia/Jakarta,"BMKG representative point: Hegarmanah, Kecamatan Jatinangor",05-10-2026,ICON,Open-Meteo / DWD ICON,09:00,2026-10-05 09:00:00,27.7,58.0,0.0,6.4,0.0,1.401,Cerah Berawan,wmo:2
jatinangor,"Jatinangor, Sumedang",2026-10-05,32.11.15.2002,Hegarmanah,kecamatan,yes,-6.938,107.7556,Asia/Jakarta,"BMKG representative point: Hegarmanah, Kecamatan Jatinangor",05-10-2026,ICON,Open-Meteo / DWD ICON,10:00,2026-10-05 10:00:00,29.5,51.0,0.0,6.2,0.0,1.401,Cerah Berawan,wmo:2
jatinangor,"Jatinangor, Sumedang",2026-10-05,32.11.15.2002,Hegarmanah,kecamatan,yes,-6.938,107.7556,Asia/Jakarta,"BMKG representative point: Hegarmanah, Kecamatan Jatinangor",05-10-2026,ICON,Open-Meteo / DWD ICON,11:00,2026-10-05 11:00:00,30.4,46.0,0.0,6.2,0.0,1.401,Berawan,wmo:3
jatinangor,"Jatinangor, Sumedang",2026-10-05,32.11.15.2002,Hegarmanah,kecamatan,yes,-6.938,107.7556,Asia/Jakarta,"BMKG representative point: Hegarmanah, Kecamatan Jatinangor",05-10-2026,ICON,Open-Meteo / DWD ICON,12:00,2026-10-05 12:00:00,31.4,42.0,0.0,6.2,0.0,1.401,Berawan,wmo:3
jatinangor,"Jatinangor, Sumedang",2026-10-05,32.11.15.2002,Hegarmanah,kecamatan,yes,-6.938,107.7556,Asia/Jakarta,"BMKG representative point: Hegarmanah, Kecamatan Jatinangor",05-10-2026,ICON,Open-Meteo / DWD ICON,13:00,2026-10-05 13:00:00,32.4,39.0,0.0,7.6,0.0,1.401,Berawan,wmo:3
jatinangor,"Jatinangor, Sumedang",2026-10-05,32.11.15.2002,Hegarmanah,kecamatan,yes,-6.938,107.7556,Asia/Jakarta,"BMKG representative point: Hegarmanah, Kecamatan Jatinangor",05-10-2026,ICON,Open-Meteo / DWD ICON,14:00,2026-10-05 14:00:00,32.1,40.0,0.0,10.7,0.0,1.401,Berawan,wmo:3
jatinangor,"Jatinangor, Sumedang",2026-10-05,32.11.15.2002,Hegarmanah,kecamatan,yes,-6.938,107.7556,Asia/Jakarta,"BMKG representative point: Hegarmanah, Kecamatan Jatinangor",05-10-2026,ICON,Open-Meteo / DWD ICON,15:00,2026-10-05 15:00:00,31.8,41.0,0.0,11.7,0.0,1.401,Cerah Berawan,wmo:2
jatinangor,"Jatinangor, Sumedang",2026-10-05,32.11.15.2002,Hegarmanah,kecamatan,yes,-6.938,107.7556,Asia/Jakarta,"BMKG representative point: Hegarmanah, Kecamatan Jatinangor",05-10-2026,ICON,Open-Meteo / DWD ICON,16:00,2026-10-05 16:00:00,31.3,41.0,0.0,9.1,0.0,1.401,Berawan,wmo:3
jatinangor,"Jatinangor, Sumedang",2026-10-05,32.11.15.2002,Hegarmanah,kecamatan,yes,-6.938,107.7556,Asia/Jakarta,"BMKG representative point: Hegarmanah, Kecamatan Jatinangor",05-10-2026,ICON,Open-Meteo / DWD ICON,17:00,2026-10-05 17:00:00,30.4,44.0,0.0,8.7,0.0,1.401,Berawan,wmo:3
jatinangor,"Jatinangor, Sumedang",2026-10-05,32.11.15.2002,Hegarmanah,kecamatan,yes,-6.938,107.7556,Asia/Jakarta,"BMKG representative point: Hegarmanah, Kecamatan Jatinangor",05-10-2026,ICON,Open-Meteo / DWD ICON,18:00,2026-10-05 18:00:00,28.3,54.0,0.0,5.9,0.0,1.401,Cerah Berawan,wmo:2
jatinangor,"Jatinangor, Sumedang",2026-10-05,32.11.15.2002,Hegarmanah,kecamatan,yes,-6.938,107.7556,Asia/Jakarta,"BMKG representative point: Hegarmanah, Kecamatan Jatinangor",05-10-2026,ICON,Open-Meteo / DWD ICON,19:00,2026-10-05 19:00:00,26.7,63.0,0.0,4.7,0.0,1.401,Cerah Berawan,wmo:2
jatinangor,"Jatinangor, Sumedang",2026-10-05,32.11.15.2002,Hegarmanah,kecamatan,yes,-6.938,107.7556,Asia/Jakarta,"BMKG representative point: Hegarmanah, Kecamatan Jatinangor",05-10-2026,ICON,Open-Meteo / DWD ICON,20:00,2026-10-05 20:00:00,25.5,70.0,0.0,3.4,0.0,1.401,Cerah Berawan,wmo:2
jatinangor,"Jatinangor, Sumedang",2026-10-05,32.11.15.2002,Hegarmanah,kecamatan,yes,-6.938,107.7556,Asia/Jakarta,"BMKG representative point: Hegarmanah, Kecamatan Jatinangor",05-10-2026,ICON,Open-Meteo / DWD ICON,21:00,2026-10-05 21:00:00,24.2,76.0,0.0,5.1,0.0,1.401,Berawan,wmo:3
jatinangor,"Jatinangor, Sumedang",2026-10-05,32.11.15.2002,Hegarmanah,kecamatan,yes,-6.938,107.7556,Asia/Jakarta,"BMKG representative point: Hegarmanah, Kecamatan Jatinangor",05-10-2026,ICON,Open-Meteo / DWD ICON,22:00,2026-10-05 22:00:00,23.7,79.0,0.0,5.9,0.0,1.401,Cerah Berawan,wmo:2
jatinangor,"Jatinangor, Sumedang",2026-10-05,32.11.15.2002,Hegarmanah,kecamatan,yes,-6.938,107.7556,Asia/Jakarta,"BMKG representative point: Hegarmanah, Kecamatan Jatinangor",05-10-2026,ICON,Open-Meteo / DWD ICON,23:00,2026-10-05 23:00:00,23.1,81.0,0.0,7.3,0.0,1.401,Cerah Berawan,wmo:2
jatinangor,"Jatinangor, Sumedang",2026-10-05,32.11.15.2002,Hegarmanah,kecamatan,yes,-6.938,107.7556,Asia/Jakarta,"BMKG representative point: Hegarmanah, Kecamatan Jatinangor",05-10-2026,KMA,Open-Meteo / KMA,00:00,2026-10-05 00:00:00,,,,,0.0,0.5291,Berawan,wmo:None
jatinangor,"Jatinangor, Sumedang",2026-10-05,32.11.15.2002,Hegarmanah,kecamatan,yes,-6.938,107.7556,Asia/Jakarta,"BMKG representative point: Hegarmanah, Kecamatan Jatinangor",05-10-2026,KMA,Open-Meteo / KMA,01:00,2026-10-05 01:00:00,,,,,0.0,0.5291,Berawan,wmo:None
jatinangor,"Jatinangor, Sumedang",2026-10-05,32.11.15.2002,Hegarmanah,kecamatan,yes,-6.938,107.7556,Asia/Jakarta,"BMKG representative point: Hegarmanah, Kecamatan Jatinangor",05-10-2026,KMA,Open-Meteo / KMA,02:00,2026-10-05 02:00:00,,,,,0.0,0.5291,Berawan,wmo:None
jatinangor,"Jatinangor, Sumedang",2026-10-05,32.11.15.2002,Hegarmanah,kecamatan,yes,-6.938,107.7556,Asia/Jakarta,"BMKG representative point: Hegarmanah, Kecamatan Jatinangor",05-10-2026,KMA,Open-Meteo / KMA,03:00,2026-10-05 03:00:00,,,,,0.0,0.5291,Berawan,wmo:None
jatinangor,"Jatinangor, Sumedang",2026-10-05,32.11.15.2002,Hegarmanah,kecamatan,yes,-6.938,107.7556,Asia/Jakarta,"BMKG representative point: Hegarmanah, Kecamatan Jatinangor",05-10-2026,KMA,Open-Meteo / KMA,04:00,2026-10-05 04:00:00,,,,,0.0,0.5291,Berawan,wmo:None
jatinangor,"Jatinangor, Sumedang",2026-10-05,32.11.15.2002,Hegarmanah,kecamatan,yes,-6.938,107.7556,Asia/Jakarta,"BMKG representative point: Hegarmanah, Kecamatan Jatinangor",05-10-2026,KMA,Open-Meteo / KMA,05:00,2026-10-05 05:00:00,,,,,0.0,0.5291,Berawan,wmo:None
jatinangor,"Jatinangor, Sumedang",2026-10-05,32.11.15.2002,Hegarmanah,kecamatan,yes,-6.938,107.7556,Asia/Jakarta,"BMKG representative point: Hegarmanah, Kecamatan Jatinangor",05-10-2026,KMA,Open-Meteo / KMA,06:00,2026-10-05 06:00:00,,,,,0.0,0.5291,Berawan,wmo:None
jatinangor,"Jatinangor, Sumedang",2026-10-05,32.11.15.2002,Hegarmanah,kecamatan,yes,-6.938,107.7556,Asia/Jakarta,"BMKG representative point: Hegarmanah, Kecamatan Jatinangor",05-10-2026,KMA,Open-Meteo / KMA,07:00,2026-10-05 07:00:00,,,,,0.0,0.5291,Berawan,wmo:None
jatinangor,"Jatinangor, Sumedang",2026-10-05,32.11.15.2002,Hegarmanah,kecamatan,yes,-6.938,107.7556,Asia/Jakarta,"BMKG representative point: Hegarmanah, Kecamatan Jatinangor",05-10-2026,KMA,Open-Meteo / KMA,08:00,2026-10-05 08:00:00,,,,,0.0,0.5291,Berawan,wmo:None
jatinangor,"Jatinangor, Sumedang",2026-10-05,32.11.15.2002,Hegarmanah,kecamatan,yes,-6.938,107.7556,Asia/Jakarta,"BMKG representative point: Hegarmanah, Kecamatan Jatinangor",05-10-2026,KMA,Open-Meteo / KMA,09:00,2026-10-05 09:00:00,,,,,0.0,0.5291,Berawan,wmo:None
jatinangor,"Jatinangor, Sumedang",2026-10-05,32.11.15.2002,Hegarmanah,kecamatan,yes,-6.938,107.7556,Asia/Jakarta,"BMKG representative point: Hegarmanah, Kecamatan Jatinangor",05-10-2026,KMA,Open-Meteo / KMA,10:00,2026-10-05 10:00:00,,,,,0.0,0.5291,Berawan,wmo:None
jatinangor,"Jatinangor, Sumedang",2026-10-05,32.11.15.2002,Hegarmanah,kecamatan,yes,-6.938,107.7556,Asia/Jakarta,"BMKG representative point: Hegarmanah, Kecamatan Jatinangor",05-10-2026,KMA,Open-Meteo / KMA,11:00,2026-10-05 11:00:00,,,,,0.0,0.5291,Berawan,wmo:None
jatinangor,"Jatinangor, Sumedang",2026-10-05,32.11.15.2002,Hegarmanah,kecamatan,yes,-6.938,107.7556,Asia/Jakarta,"BMKG representative point: Hegarmanah, Kecamatan Jatinangor",05-10-2026,KMA,Open-Meteo / KMA,12:00,2026-10-05 12:00:00,,,,,0.0,0.5291,Berawan,wmo:None
jatinangor,"Jatinangor, Sumedang",2026-10-05,32.11.15.2002,Hegarmanah,kecamatan,yes,-6.938,107.7556,Asia/Jakarta,"BMKG representative point: Hegarmanah, Kecamatan Jatinangor",05-10-2026,KMA,Open-Meteo / KMA,13:00,2026-10-05 13:00:00,,,,,0.0,0.5291,Berawan,wmo:None
jatinangor,"Jatinangor, Sumedang",2026-10-05,32.11.15.2002,Hegarmanah,kecamatan,yes,-6.938,107.7556,Asia/Jakarta,"BMKG representative point: Hegarmanah, Kecamatan Jatinangor",05-10-2026,KMA,Open-Meteo / KMA,14:00,2026-10-05 14:00:00,,,,,0.0,0.5291,Berawan,wmo:None
jatinangor,"Jatinangor, Sumedang",2026-10-05,32.11.15.2002,Hegarmanah,kecamatan,yes,-6.938,107.7556,Asia/Jakarta,"BMKG representative point: Hegarmanah, Kecamatan Jatinangor",05-10-2026,KMA,Open-Meteo / KMA,15:00,2026-10-05 15:00:00,,,,,0.0,0.5291,Berawan,wmo:None
jatinangor,"Jatinangor, Sumedang",2026-10-05,32.11.15.2002,Hegarmanah,kecamatan,yes,-6.938,107.7556,Asia/Jakarta,"BMKG representative point: Hegarmanah, Kecamatan Jatinangor",05-10-2026,KMA,Open-Meteo / KMA,16:00,2026-10-05 16:00:00,,,,,0.0,0.5291,Berawan,wmo:None
jatinangor,"Jatinangor, Sumedang",2026-10-05,32.11.15.2002,Hegarmanah,kecamatan,yes,-6.938,107.7556,Asia/Jakarta,"BMKG representative point: Hegarmanah, Kecamatan Jatinangor",05-10-2026,KMA,Open-Meteo / KMA,17:00,2026-10-05 17:00:00,,,,,0.0,0.5291,Berawan,wmo:None
jatinangor,"Jatinangor, Sumedang",2026-10-05,32.11.15.2002,Hegarmanah,kecamatan,yes,-6.938,107.7556,Asia/Jakarta,"BMKG representative point: Hegarmanah, Kecamatan Jatinangor",05-10-2026,KMA,Open-Meteo / KMA,18:00,2026-10-05 18:00:00,,,,,0.0,0.5291,Berawan,wmo:None
jatinangor,"Jatinangor, Sumedang",2026-10-05,32.11.15.2002,Hegarmanah,kecamatan,yes,-6.938,107.7556,Asia/Jakarta,"BMKG representative point: Hegarmanah, Kecamatan Jatinangor",05-10-2026,KMA,Open-Meteo / KMA,19:00,2026-10-05 19:00:00,,,,,0.0,0.5291,Berawan,wmo:None
jatinangor,"Jatinangor, Sumedang",2026-10-05,32.11.15.2002,Hegarmanah,kecamatan,yes,-6.938,107.7556,Asia/Jakarta,"BMKG representative point: Hegarmanah, Kecamatan Jatinangor",05-10-2026,KMA,Open-Meteo / KMA,20:00,2026-10-05 20:00:00,,,,,0.0,0.5291,Berawan,wmo:None
jatinangor,"Jatinangor, Sumedang",2026-10-05,32.11.15.2002,Hegarmanah,kecamatan,yes,-6.938,107.7556,Asia/Jakarta,"BMKG representative point: Hegarmanah, Kecamatan Jatinangor",05-10-2026,KMA,Open-Meteo / KMA,21:00,2026-10-05 21:00:00,,,,,0.0,0.5291,Berawan,wmo:None
jatinangor,"Jatinangor, Sumedang",2026-10-05,32.11.15.2002,Hegarmanah,kecamatan,yes,-6.938,107.7556,Asia/Jakarta,"BMKG representative point: Hegarmanah, Kecamatan Jatinangor",05-10-2026,KMA,Open-Meteo / KMA,22:00,2026-10-05 22:00:00,,,,,0.0,0.5291,Berawan,wmo:None
jatinangor,"Jatinangor, Sumedang",2026-10-05,32.11.15.2002,Hegarmanah,kecamatan,yes,-6.938,107.7556,Asia/Jakarta,"BMKG representative point: Hegarmanah, Kecamatan Jatinangor",05-10-2026,KMA,Open-Meteo / KMA,23:00,2026-10-05 23:00:00,,,,,0.0,0.5291,Berawan,wmo:None
jatinangor,"Jatinangor, Sumedang",2026-10-05,32.11.15.2002,Hegarmanah,kecamatan,yes,-6.938,107.7556,Asia/Jakarta,"BMKG representative point: Hegarmanah, Kecamatan Jatinangor",05-10-2026,METEOFRANCE,Open-Meteo / Meteo-France,00:00,2026-10-05 00:00:00,25.8,92.0,0.1,3.3,0.0,1.4239,Hujan Ringan,wmo:51
jatinangor,"Jatinangor, Sumedang",2026-10-05,32.11.15.2002,Hegarmanah,kecamatan,yes,-6.938,107.7556,Asia/Jakarta,"BMKG representative point: Hegarmanah, Kecamatan Jatinangor",05-10-2026,METEOFRANCE,Open-Meteo / Meteo-France,01:00,2026-10-05 01:00:00,25.7,91.0,0.1,3.4,0.0,1.4239,Hujan Ringan,wmo:51
jatinangor,"Jatinangor, Sumedang",2026-10-05,32.11.15.2002,Hegarmanah,kecamatan,yes,-6.938,107.7556,Asia/Jakarta,"BMKG representative point: Hegarmanah, Kecamatan Jatinangor",05-10-2026,METEOFRANCE,Open-Meteo / Meteo-France,02:00,2026-10-05 02:00:00,25.7,91.0,0.1,2.5,0.0,1.4239,Hujan Ringan,wmo:51
jatinangor,"Jatinangor, Sumedang",2026-10-05,32.11.15.2002,Hegarmanah,kecamatan,yes,-6.938,107.7556,Asia/Jakarta,"BMKG representative point: Hegarmanah, Kecamatan Jatinangor",05-10-2026,METEOFRANCE,Open-Meteo / Meteo-France,03:00,2026-10-05 03:00:00,25.8,90.0,0.0,1.5,0.0,1.4239,Berawan,wmo:3
jatinangor,"Jatinangor, Sumedang",2026-10-05,32.11.15.2002,Hegarmanah,kecamatan,yes,-6.938,107.7556,Asia/Jakarta,"BMKG representative point: Hegarmanah, Kecamatan Jatinangor",05-10-2026,METEOFRANCE,Open-Meteo / Meteo-France,04:00,2026-10-05 04:00:00,25.7,91.0,0.0,2.2,0.0,1.4239,Berawan,wmo:3
jatinangor,"Jatinangor, Sumedang",2026-10-05,32.11.15.2002,Hegarmanah,kecamatan,yes,-6.938,107.7556,Asia/Jakarta,"BMKG representative point: Hegarmanah, Kecamatan Jatinangor",05-10-2026,METEOFRANCE,Open-Meteo / Meteo-France,05:00,2026-10-05 05:00:00,25.4,91.0,0.0,2.9,0.0,1.4239,Cerah Berawan,wmo:2
jatinangor,"Jatinangor, Sumedang",2026-10-05,32.11.15.2002,Hegarmanah,kecamatan,yes,-6.938,107.7556,Asia/Jakarta,"BMKG representative point: Hegarmanah, Kecamatan Jatinangor",05-10-2026,METEOFRANCE,Open-Meteo / Meteo-France,06:00,2026-10-05 06:00:00,25.0,92.0,0.0,4.1,0.0,1.4239,Cerah Berawan,wmo:2
jatinangor,"Jatinangor, Sumedang",2026-10-05,32.11.15.2002,Hegarmanah,kecamatan,yes,-6.938,107.7556,Asia/Jakarta,"BMKG representative point: Hegarmanah, Kecamatan Jatinangor",05-10-2026,METEOFRANCE,Open-Meteo / Meteo-France,07:00,2026-10-05 07:00:00,25.5,87.0,0.0,5.0,0.0,1.4239,Cerah Berawan,wmo:1
jatinangor,"Jatinangor, Sumedang",2026-10-05,32.11.15.2002,Hegarmanah,kecamatan,yes,-6.938,107.7556,Asia/Jakarta,"BMKG representative point: Hegarmanah, Kecamatan Jatinangor",05-10-2026,METEOFRANCE,Open-Meteo / Meteo-France,08:00,2026-10-05 08:00:00,27.1,76.0,0.0,5.6,0.0,1.4239,Cerah Berawan,wmo:1
jatinangor,"Jatinangor, Sumedang",2026-10-05,32.11.15.2002,Hegarmanah,kecamatan,yes,-6.938,107.7556,Asia/Jakarta,"BMKG representative point: Hegarmanah, Kecamatan Jatinangor",05-10-2026,METEOFRANCE,Open-Meteo / Meteo-France,09:00,2026-10-05 09:00:00,29.1,64.0,0.0,6.4,0.0,1.4239,Cerah Berawan,wmo:1
jatinangor,"Jatinangor, Sumedang",2026-10-05,32.11.15.2002,Hegarmanah,kecamatan,yes,-6.938,107.7556,Asia/Jakarta,"BMKG representative point: Hegarmanah, Kecamatan Jatinangor",05-10-2026,METEOFRANCE,Open-Meteo / Meteo-France,10:00,2026-10-05 10:00:00,30.8,57.0,0.0,7.2,0.0,1.4239,Cerah Berawan,wmo:1
jatinangor,"Jatinangor, Sumedang",2026-10-05,32.11.15.2002,Hegarmanah,kecamatan,yes,-6.938,107.7556,Asia/Jakarta,"BMKG representative point: Hegarmanah, Kecamatan Jatinangor",05-10-2026,METEOFRANCE,Open-Meteo / Meteo-France,11:00,2026-10-05 11:00:00,32.2,53.0,0.0,8.1,0.0,1.4239,Cerah Berawan,wmo:2
jatinangor,"Jatinangor, Sumedang",2026-10-05,32.11.15.2002,Hegarmanah,kecamatan,yes,-6.938,107.7556,Asia/Jakarta,"BMKG representative point: Hegarmanah, Kecamatan Jatinangor",05-10-2026,METEOFRANCE,Open-Meteo / Meteo-France,12:00,2026-10-05 12:00:00,33.2,51.0,0.0,9.2,0.0,1.4239,Cerah Berawan,wmo:2
jatinangor,"Jatinangor, Sumedang",2026-10-05,32.11.15.2002,Hegarmanah,kecamatan,yes,-6.938,107.7556,Asia/Jakarta,"BMKG representative point: Hegarmanah, Kecamatan Jatinangor",05-10-2026,METEOFRANCE,Open-Meteo / Meteo-France,13:00,2026-10-05 13:00:00,33.7,49.0,0.0,9.7,0.0,1.4239,Cerah Berawan,wmo:2
jatinangor,"Jatinangor, Sumedang",2026-10-05,32.11.15.2002,Hegarmanah,kecamatan,yes,-6.938,107.7556,Asia/Jakarta,"BMKG representative point: Hegarmanah, Kecamatan Jatinangor",05-10-2026,METEOFRANCE,Open-Meteo / Meteo-France,14:00,2026-10-05 14:00:00,33.8,48.0,0.0,9.0,0.0,1.4239,Berawan,wmo:3
jatinangor,"Jatinangor, Sumedang",2026-10-05,32.11.15.2002,Hegarmanah,kecamatan,yes,-6.938,107.7556,Asia/Jakarta,"BMKG representative point: Hegarmanah, Kecamatan Jatinangor",05-10-2026,METEOFRANCE,Open-Meteo / Meteo-France,15:00,2026-10-05 15:00:00,33.3,48.0,0.0,7.6,0.0,1.4239,Berawan,wmo:3
jatinangor,"Jatinangor, Sumedang",2026-10-05,32.11.15.2002,Hegarmanah,kecamatan,yes,-6.938,107.7556,Asia/Jakarta,"BMKG representative point: Hegarmanah, Kecamatan Jatinangor",05-10-2026,METEOFRANCE,Open-Meteo / Meteo-France,16:00,2026-10-05 16:00:00,32.6,51.0,0.0,6.9,0.0,1.4239,Berawan,wmo:3
jatinangor,"Jatinangor, Sumedang",2026-10-05,32.11.15.2002,Hegarmanah,kecamatan,yes,-6.938,107.7556,Asia/Jakarta,"BMKG representative point: Hegarmanah, Kecamatan Jatinangor",05-10-2026,METEOFRANCE,Open-Meteo / Meteo-France,17:00,2026-10-05 17:00:00,31.5,57.0,0.1,7.1,0.0,1.4239,Hujan Ringan,wmo:51
jatinangor,"Jatinangor, Sumedang",2026-10-05,32.11.15.2002,Hegarmanah,kecamatan,yes,-6.938,107.7556,Asia/Jakarta,"BMKG representative point: Hegarmanah, Kecamatan Jatinangor",05-10-2026,METEOFRANCE,Open-Meteo / Meteo-France,18:00,2026-10-05 18:00:00,30.1,66.0,0.1,7.9,0.0,1.4239,Hujan Ringan,wmo:51
jatinangor,"Jatinangor, Sumedang",2026-10-05,32.11.15.2002,Hegarmanah,kecamatan,yes,-6.938,107.7556,Asia/Jakarta,"BMKG representative point: Hegarmanah, Kecamatan Jatinangor",05-10-2026,METEOFRANCE,Open-Meteo / Meteo-France,19:00,2026-10-05 19:00:00,28.9,74.0,0.1,8.0,0.0,1.4239,Hujan Ringan,wmo:51
jatinangor,"Jatinangor, Sumedang",2026-10-05,32.11.15.2002,Hegarmanah,kecamatan,yes,-6.938,107.7556,Asia/Jakarta,"BMKG representative point: Hegarmanah, Kecamatan Jatinangor",05-10-2026,METEOFRANCE,Open-Meteo / Meteo-France,20:00,2026-10-05 20:00:00,28.0,80.0,0.1,7.1,0.0,1.4239,Hujan Ringan,wmo:51
jatinangor,"Jatinangor, Sumedang",2026-10-05,32.11.15.2002,Hegarmanah,kecamatan,yes,-6.938,107.7556,Asia/Jakarta,"BMKG representative point: Hegarmanah, Kecamatan Jatinangor",05-10-2026,METEOFRANCE,Open-Meteo / Meteo-France,21:00,2026-10-05 21:00:00,27.2,85.0,0.1,5.7,0.0,1.4239,Hujan Ringan,wmo:51
jatinangor,"Jatinangor, Sumedang",2026-10-05,32.11.15.2002,Hegarmanah,kecamatan,yes,-6.938,107.7556,Asia/Jakarta,"BMKG representative point: Hegarmanah, Kecamatan Jatinangor",05-10-2026,METEOFRANCE,Open-Meteo / Meteo-France,22:00,2026-10-05 22:00:00,26.7,89.0,0.1,4.7,0.0,1.4239,Hujan Ringan,wmo:51
jatinangor,"Jatinangor, Sumedang",2026-10-05,32.11.15.2002,Hegarmanah,kecamatan,yes,-6.938,107.7556,Asia/Jakarta,"BMKG representative point: Hegarmanah, Kecamatan Jatinangor",05-10-2026,METEOFRANCE,Open-Meteo / Meteo-France,23:00,2026-10-05 23:00:00,26.3,90.0,0.0,3.7,0.0,1.4239,Berawan,wmo:3
jatinangor,"Jatinangor, Sumedang",2026-10-05,32.11.15.2002,Hegarmanah,kecamatan,yes,-6.938,107.7556,Asia/Jakarta,"BMKG representative point: Hegarmanah, Kecamatan Jatinangor",05-10-2026,METNO,MET Norway,00:00,2026-10-05 00:00:00,20.0,97.8,0.0,5.76,0.0,1.3496,Berawan,fog
jatinangor,"Jatinangor, Sumedang",2026-10-05,32.11.15.2002,Hegarmanah,kecamatan,yes,-6.938,107.7556,Asia/Jakarta,"BMKG representative point: Hegarmanah, Kecamatan Jatinangor",05-10-2026,METNO,MET Norway,01:00,2026-10-05 01:00:00,19.6,97.6,0.0,6.48,0.0,1.3496,Cerah Berawan,partlycloudy_night
jatinangor,"Jatinangor, Sumedang",2026-10-05,32.11.15.2002,Hegarmanah,kecamatan,yes,-6.938,107.7556,Asia/Jakarta,"BMKG representative point: Hegarmanah, Kecamatan Jatinangor",05-10-2026,METNO,MET Norway,02:00,2026-10-05 02:00:00,19.3,96.7,0.0,6.84,0.0,1.3496,Cerah Berawan,partlycloudy_night
jatinangor,"Jatinangor, Sumedang",2026-10-05,32.11.15.2002,Hegarmanah,kecamatan,yes,-6.938,107.7556,Asia/Jakarta,"BMKG representative point: Hegarmanah, Kecamatan Jatinangor",05-10-2026,METNO,MET Norway,03:00,2026-10-05 03:00:00,19.0,96.1,0.0,6.84,0.0,1.3496,Cerah Berawan,partlycloudy_night
jatinangor,"Jatinangor, Sumedang",2026-10-05,32.11.15.2002,Hegarmanah,kecamatan,yes,-6.938,107.7556,Asia/Jakarta,"BMKG representative point: Hegarmanah, Kecamatan Jatinangor",05-10-2026,METNO,MET Norway,04:00,2026-10-05 04:00:00,18.6,95.8,0.0,5.76,0.0,1.3496,Cerah Berawan,fair_night
jatinangor,"Jatinangor, Sumedang",2026-10-05,32.11.15.2002,Hegarmanah,kecamatan,yes,-6.938,107.7556,Asia/Jakarta,"BMKG representative point: Hegarmanah, Kecamatan Jatinangor",05-10-2026,METNO,MET Norway,05:00,2026-10-05 05:00:00,18.5,95.6,0.0,4.68,0.0,1.3496,Cerah Berawan,fair_night
jatinangor,"Jatinangor, Sumedang",2026-10-05,32.11.15.2002,Hegarmanah,kecamatan,yes,-6.938,107.7556,Asia/Jakarta,"BMKG representative point: Hegarmanah, Kecamatan Jatinangor",05-10-2026,METNO,MET Norway,06:00,2026-10-05 06:00:00,18.8,95.5,0.0,5.04,0.0,1.3496,Cerah Berawan,fair_day
jatinangor,"Jatinangor, Sumedang",2026-10-05,32.11.15.2002,Hegarmanah,kecamatan,yes,-6.938,107.7556,Asia/Jakarta,"BMKG representative point: Hegarmanah, Kecamatan Jatinangor",05-10-2026,METNO,MET Norway,07:00,2026-10-05 07:00:00,20.9,90.6,0.0,5.4,0.0,1.3496,Cerah Berawan,fair_day
jatinangor,"Jatinangor, Sumedang",2026-10-05,32.11.15.2002,Hegarmanah,kecamatan,yes,-6.938,107.7556,Asia/Jakarta,"BMKG representative point: Hegarmanah, Kecamatan Jatinangor",05-10-2026,METNO,MET Norway,08:00,2026-10-05 08:00:00,23.6,74.3,0.0,3.6,0.0,1.3496,Cerah Berawan,partlycloudy_day
jatinangor,"Jatinangor, Sumedang",2026-10-05,32.11.15.2002,Hegarmanah,kecamatan,yes,-6.938,107.7556,Asia/Jakarta,"BMKG representative point: Hegarmanah, Kecamatan Jatinangor",05-10-2026,METNO,MET Norway,09:00,2026-10-05 09:00:00,26.2,61.4,0.0,3.6,0.0,1.3496,Cerah Berawan,partlycloudy_day
jatinangor,"Jatinangor, Sumedang",2026-10-05,32.11.15.2002,Hegarmanah,kecamatan,yes,-6.938,107.7556,Asia/Jakarta,"BMKG representative point: Hegarmanah, Kecamatan Jatinangor",05-10-2026,METNO,MET Norway,10:00,2026-10-05 10:00:00,28.2,53.4,0.0,5.76,0.0,1.3496,Cerah Berawan,partlycloudy_day
jatinangor,"Jatinangor, Sumedang",2026-10-05,32.11.15.2002,Hegarmanah,kecamatan,yes,-6.938,107.7556,Asia/Jakarta,"BMKG representative point: Hegarmanah, Kecamatan Jatinangor",05-10-2026,METNO,MET Norway,11:00,2026-10-05 11:00:00,29.7,51.2,0.0,8.28,0.0,1.3496,Cerah Berawan,partlycloudy_day
jatinangor,"Jatinangor, Sumedang",2026-10-05,32.11.15.2002,Hegarmanah,kecamatan,yes,-6.938,107.7556,Asia/Jakarta,"BMKG representative point: Hegarmanah, Kecamatan Jatinangor",05-10-2026,METNO,MET Norway,12:00,2026-10-05 12:00:00,30.6,49.7,0.5,10.08,0.0,1.3496,Hujan Ringan,rainshowers_day
jatinangor,"Jatinangor, Sumedang",2026-10-05,32.11.15.2002,Hegarmanah,kecamatan,yes,-6.938,107.7556,Asia/Jakarta,"BMKG representative point: Hegarmanah, Kecamatan Jatinangor",05-10-2026,METNO,MET Norway,13:00,2026-10-05 13:00:00,28.0,60.5,9.2,9.0,0.0,1.3496,Hujan Lebat,heavyrain
jatinangor,"Jatinangor, Sumedang",2026-10-05,32.11.15.2002,Hegarmanah,kecamatan,yes,-6.938,107.7556,Asia/Jakarta,"BMKG representative point: Hegarmanah, Kecamatan Jatinangor",05-10-2026,METNO,MET Norway,14:00,2026-10-05 14:00:00,22.9,93.6,3.7,14.4,0.0,1.3496,Hujan Lebat,heavyrain
jatinangor,"Jatinangor, Sumedang",2026-10-05,32.11.15.2002,Hegarmanah,kecamatan,yes,-6.938,107.7556,Asia/Jakarta,"BMKG representative point: Hegarmanah, Kecamatan Jatinangor",05-10-2026,METNO,MET Norway,15:00,2026-10-05 15:00:00,22.6,96.9,0.8,10.08,0.0,1.3496,Hujan Ringan,rain
jatinangor,"Jatinangor, Sumedang",2026-10-05,32.11.15.2002,Hegarmanah,kecamatan,yes,-6.938,107.7556,Asia/Jakarta,"BMKG representative point: Hegarmanah, Kecamatan Jatinangor",05-10-2026,METNO,MET Norway,16:00,2026-10-05 16:00:00,23.0,92.6,0.2,9.72,0.0,1.3496,Hujan Ringan,lightrainshowers_day
jatinangor,"Jatinangor, Sumedang",2026-10-05,32.11.15.2002,Hegarmanah,kecamatan,yes,-6.938,107.7556,Asia/Jakarta,"BMKG representative point: Hegarmanah, Kecamatan Jatinangor",05-10-2026,METNO,MET Norway,17:00,2026-10-05 17:00:00,23.1,93.1,0.2,3.96,0.0,1.3496,Hujan Ringan,lightrainshowers_day
jatinangor,"Jatinangor, Sumedang",2026-10-05,32.11.15.2002,Hegarmanah,kecamatan,yes,-6.938,107.7556,Asia/Jakarta,"BMKG representative point: Hegarmanah, Kecamatan Jatinangor",05-10-2026,METNO,MET Norway,18:00,2026-10-05 18:00:00,22.5,97.0,0.0,3.6,0.0,1.3496,Berawan,cloudy
jatinangor,"Jatinangor, Sumedang",2026-10-05,32.11.15.2002,Hegarmanah,kecamatan,yes,-6.938,107.7556,Asia/Jakarta,"BMKG representative point: Hegarmanah, Kecamatan Jatinangor",05-10-2026,METNO,MET Norway,19:00,2026-10-05 19:00:00,21.9,98.2,0.0,3.96,0.0,1.3496,Berawan,fog
jatinangor,"Jatinangor, Sumedang",2026-10-05,32.11.15.2002,Hegarmanah,kecamatan,yes,-6.938,107.7556,Asia/Jakarta,"BMKG representative point: Hegarmanah, Kecamatan Jatinangor",05-10-2026,METNO,MET Norway,20:00,2026-10-05 20:00:00,21.5,99.4,0.0,5.04,0.0,1.3496,Berawan,fog
jatinangor,"Jatinangor, Sumedang",2026-10-05,32.11.15.2002,Hegarmanah,kecamatan,yes,-6.938,107.7556,Asia/Jakarta,"BMKG representative point: Hegarmanah, Kecamatan Jatinangor",05-10-2026,METNO,MET Norway,21:00,2026-10-05 21:00:00,21.2,99.4,0.0,5.04,0.0,1.3496,Berawan,fog
jatinangor,"Jatinangor, Sumedang",2026-10-05,32.11.15.2002,Hegarmanah,kecamatan,yes,-6.938,107.7556,Asia/Jakarta,"BMKG representative point: Hegarmanah, Kecamatan Jatinangor",05-10-2026,METNO,MET Norway,22:00,2026-10-05 22:00:00,20.7,99.1,0.0,5.76,0.0,1.3496,Berawan,fog
jatinangor,"Jatinangor, Sumedang",2026-10-05,32.11.15.2002,Hegarmanah,kecamatan,yes,-6.938,107.7556,Asia/Jakarta,"BMKG representative point: Hegarmanah, Kecamatan Jatinangor",05-10-2026,METNO,MET Norway,23:00,2026-10-05 23:00:00,20.2,99.5,0.0,6.12,0.0,1.3496,Berawan,fog
jatinangor,"Jatinangor, Sumedang",2026-10-05,32.11.15.2002,Hegarmanah,kecamatan,yes,-6.938,107.7556,Asia/Jakarta,"BMKG representative point: Hegarmanah, Kecamatan Jatinangor",05-10-2026,UKMO,Open-Meteo / UK Met Office,00:00,2026-10-05 00:00:00,19.1,99.0,0.0,2.2,0.0,1.3273,Cerah Berawan,wmo:1
jatinangor,"Jatinangor, Sumedang",2026-10-05,32.11.15.2002,Hegarmanah,kecamatan,yes,-6.938,107.7556,Asia/Jakarta,"BMKG representative point: Hegarmanah, Kecamatan Jatinangor",05-10-2026,UKMO,Open-Meteo / UK Met Office,01:00,2026-10-05 01:00:00,18.7,99.0,0.0,2.2,0.0,1.3273,Cerah,wmo:0
jatinangor,"Jatinangor, Sumedang",2026-10-05,32.11.15.2002,Hegarmanah,kecamatan,yes,-6.938,107.7556,Asia/Jakarta,"BMKG representative point: Hegarmanah, Kecamatan Jatinangor",05-10-2026,UKMO,Open-Meteo / UK Met Office,02:00,2026-10-05 02:00:00,18.1,99.0,0.0,1.4,0.0,1.3273,Cerah,wmo:0
jatinangor,"Jatinangor, Sumedang",2026-10-05,32.11.15.2002,Hegarmanah,kecamatan,yes,-6.938,107.7556,Asia/Jakarta,"BMKG representative point: Hegarmanah, Kecamatan Jatinangor",05-10-2026,UKMO,Open-Meteo / UK Met Office,03:00,2026-10-05 03:00:00,17.7,99.0,0.0,0.7,0.0,1.3273,Cerah,wmo:0
jatinangor,"Jatinangor, Sumedang",2026-10-05,32.11.15.2002,Hegarmanah,kecamatan,yes,-6.938,107.7556,Asia/Jakarta,"BMKG representative point: Hegarmanah, Kecamatan Jatinangor",05-10-2026,UKMO,Open-Meteo / UK Met Office,04:00,2026-10-05 04:00:00,17.4,99.0,0.0,0.4,0.0,1.3273,Cerah,wmo:0
jatinangor,"Jatinangor, Sumedang",2026-10-05,32.11.15.2002,Hegarmanah,kecamatan,yes,-6.938,107.7556,Asia/Jakarta,"BMKG representative point: Hegarmanah, Kecamatan Jatinangor",05-10-2026,UKMO,Open-Meteo / UK Met Office,05:00,2026-10-05 05:00:00,17.0,99.0,0.0,0.4,0.0,1.3273,Cerah,wmo:0
jatinangor,"Jatinangor, Sumedang",2026-10-05,32.11.15.2002,Hegarmanah,kecamatan,yes,-6.938,107.7556,Asia/Jakarta,"BMKG representative point: Hegarmanah, Kecamatan Jatinangor",05-10-2026,UKMO,Open-Meteo / UK Met Office,06:00,2026-10-05 06:00:00,17.9,99.0,0.0,0.7,0.0,1.3273,Cerah,wmo:0
jatinangor,"Jatinangor, Sumedang",2026-10-05,32.11.15.2002,Hegarmanah,kecamatan,yes,-6.938,107.7556,Asia/Jakarta,"BMKG representative point: Hegarmanah, Kecamatan Jatinangor",05-10-2026,UKMO,Open-Meteo / UK Met Office,07:00,2026-10-05 07:00:00,20.5,93.0,0.0,1.1,0.0,1.3273,Cerah,wmo:0
jatinangor,"Jatinangor, Sumedang",2026-10-05,32.11.15.2002,Hegarmanah,kecamatan,yes,-6.938,107.7556,Asia/Jakarta,"BMKG representative point: Hegarmanah, Kecamatan Jatinangor",05-10-2026,UKMO,Open-Meteo / UK Met Office,08:00,2026-10-05 08:00:00,23.1,81.0,0.0,3.6,0.0,1.3273,Berawan,wmo:3
jatinangor,"Jatinangor, Sumedang",2026-10-05,32.11.15.2002,Hegarmanah,kecamatan,yes,-6.938,107.7556,Asia/Jakarta,"BMKG representative point: Hegarmanah, Kecamatan Jatinangor",05-10-2026,UKMO,Open-Meteo / UK Met Office,09:00,2026-10-05 09:00:00,25.6,65.0,0.0,4.0,0.0,1.3273,Cerah,wmo:0
jatinangor,"Jatinangor, Sumedang",2026-10-05,32.11.15.2002,Hegarmanah,kecamatan,yes,-6.938,107.7556,Asia/Jakarta,"BMKG representative point: Hegarmanah, Kecamatan Jatinangor",05-10-2026,UKMO,Open-Meteo / UK Met Office,10:00,2026-10-05 10:00:00,27.7,54.0,0.0,4.7,0.0,1.3273,Cerah Berawan,wmo:1
jatinangor,"Jatinangor, Sumedang",2026-10-05,32.11.15.2002,Hegarmanah,kecamatan,yes,-6.938,107.7556,Asia/Jakarta,"BMKG representative point: Hegarmanah, Kecamatan Jatinangor",05-10-2026,UKMO,Open-Meteo / UK Met Office,11:00,2026-10-05 11:00:00,29.7,45.0,0.0,5.0,0.0,1.3273,Berawan,wmo:3
jatinangor,"Jatinangor, Sumedang",2026-10-05,32.11.15.2002,Hegarmanah,kecamatan,yes,-6.938,107.7556,Asia/Jakarta,"BMKG representative point: Hegarmanah, Kecamatan Jatinangor",05-10-2026,UKMO,Open-Meteo / UK Met Office,12:00,2026-10-05 12:00:00,29.3,46.0,0.0,2.5,0.0,1.3273,Cerah Berawan,wmo:1
jatinangor,"Jatinangor, Sumedang",2026-10-05,32.11.15.2002,Hegarmanah,kecamatan,yes,-6.938,107.7556,Asia/Jakarta,"BMKG representative point: Hegarmanah, Kecamatan Jatinangor",05-10-2026,UKMO,Open-Meteo / UK Met Office,13:00,2026-10-05 13:00:00,31.8,38.0,0.0,9.7,0.0,1.3273,Berawan,wmo:3
jatinangor,"Jatinangor, Sumedang",2026-10-05,32.11.15.2002,Hegarmanah,kecamatan,yes,-6.938,107.7556,Asia/Jakarta,"BMKG representative point: Hegarmanah, Kecamatan Jatinangor",05-10-2026,UKMO,Open-Meteo / UK Met Office,14:00,2026-10-05 14:00:00,29.3,47.0,0.0,9.4,0.0,1.3273,Berawan,wmo:3
jatinangor,"Jatinangor, Sumedang",2026-10-05,32.11.15.2002,Hegarmanah,kecamatan,yes,-6.938,107.7556,Asia/Jakarta,"BMKG representative point: Hegarmanah, Kecamatan Jatinangor",05-10-2026,UKMO,Open-Meteo / UK Met Office,15:00,2026-10-05 15:00:00,30.3,43.0,0.1,6.1,0.0,1.3273,Hujan Ringan,wmo:51
jatinangor,"Jatinangor, Sumedang",2026-10-05,32.11.15.2002,Hegarmanah,kecamatan,yes,-6.938,107.7556,Asia/Jakarta,"BMKG representative point: Hegarmanah, Kecamatan Jatinangor",05-10-2026,UKMO,Open-Meteo / UK Met Office,16:00,2026-10-05 16:00:00,27.3,61.0,0.2,8.6,0.0,1.3273,Hujan Ringan,wmo:51
jatinangor,"Jatinangor, Sumedang",2026-10-05,32.11.15.2002,Hegarmanah,kecamatan,yes,-6.938,107.7556,Asia/Jakarta,"BMKG representative point: Hegarmanah, Kecamatan Jatinangor",05-10-2026,UKMO,Open-Meteo / UK Met Office,17:00,2026-10-05 17:00:00,26.6,64.0,0.0,10.1,0.0,1.3273,Berawan,wmo:3
jatinangor,"Jatinangor, Sumedang",2026-10-05,32.11.15.2002,Hegarmanah,kecamatan,yes,-6.938,107.7556,Asia/Jakarta,"BMKG representative point: Hegarmanah, Kecamatan Jatinangor",05-10-2026,UKMO,Open-Meteo / UK Met Office,18:00,2026-10-05 18:00:00,24.9,76.0,0.0,8.6,0.0,1.3273,Berawan,wmo:3
jatinangor,"Jatinangor, Sumedang",2026-10-05,32.11.15.2002,Hegarmanah,kecamatan,yes,-6.938,107.7556,Asia/Jakarta,"BMKG representative point: Hegarmanah, Kecamatan Jatinangor",05-10-2026,UKMO,Open-Meteo / UK Met Office,19:00,2026-10-05 19:00:00,23.7,85.0,0.0,9.4,0.0,1.3273,Cerah Berawan,wmo:2
jatinangor,"Jatinangor, Sumedang",2026-10-05,32.11.15.2002,Hegarmanah,kecamatan,yes,-6.938,107.7556,Asia/Jakarta,"BMKG representative point: Hegarmanah, Kecamatan Jatinangor",05-10-2026,UKMO,Open-Meteo / UK Met Office,20:00,2026-10-05 20:00:00,22.7,90.0,0.0,7.6,0.0,1.3273,Cerah Berawan,wmo:1
jatinangor,"Jatinangor, Sumedang",2026-10-05,32.11.15.2002,Hegarmanah,kecamatan,yes,-6.938,107.7556,Asia/Jakarta,"BMKG representative point: Hegarmanah, Kecamatan Jatinangor",05-10-2026,UKMO,Open-Meteo / UK Met Office,21:00,2026-10-05 21:00:00,21.7,93.0,0.0,5.0,0.0,1.3273,Cerah,wmo:0
jatinangor,"Jatinangor, Sumedang",2026-10-05,32.11.15.2002,Hegarmanah,kecamatan,yes,-6.938,107.7556,Asia/Jakarta,"BMKG representative point: Hegarmanah, Kecamatan Jatinangor",05-10-2026,UKMO,Open-Meteo / UK Met Office,22:00,2026-10-05 22:00:00,20.8,95.0,0.0,3.2,0.0,1.3273,Cerah,wmo:0
jatinangor,"Jatinangor, Sumedang",2026-10-05,32.11.15.2002,Hegarmanah,kecamatan,yes,-6.938,107.7556,Asia/Jakarta,"BMKG representative point: Hegarmanah, Kecamatan Jatinangor",05-10-2026,UKMO,Open-Meteo / UK Met Office,23:00,2026-10-05 23:00:00,20.0,97.0,0.0,2.5,0.0,1.3273,Cerah,wmo:0
arjawinangun,"Arjawinangun, Cirebon",2026-10-03,32.09.24.2004,Arjawinangun,kecamatan,no,-6.6453,108.4103,Asia/Jakarta,"BMKG point: Arjawinangun, Kecamatan Arjawinangun",03-10-2026,BMKG,BMKG,19:00,2026-10-03 22:00:00,26.0,68.0,0.0,4.1,180.0,0.9884,Berawan,Berawan
arjawinangun,"Arjawinangun, Cirebon",2026-10-03,32.09.24.2004,Arjawinangun,kecamatan,no,-6.6453,108.4103,Asia/Jakarta,"BMKG point: Arjawinangun, Kecamatan Arjawinangun",03-10-2026,BMKG,BMKG,20:00,2026-10-03 22:00:00,26.0,68.0,0.0,4.1,120.0,0.9884,Berawan,Berawan
arjawinangun,"Arjawinangun, Cirebon",2026-10-03,32.09.24.2004,Arjawinangun,kecamatan,no,-6.6453,108.4103,Asia/Jakarta,"BMKG point: Arjawinangun, Kecamatan Arjawinangun",03-10-2026,BMKG,BMKG,21:00,2026-10-03 22:00:00,26.0,68.0,0.0,4.1,60.0,1.3478,Berawan,Berawan
arjawinangun,"Arjawinangun, Cirebon",2026-10-03,32.09.24.2004,Arjawinangun,kecamatan,no,-6.6453,108.4103,Asia/Jakarta,"BMKG point: Arjawinangun, Kecamatan Arjawinangun",03-10-2026,BMKG,BMKG,22:00,2026-10-03 22:00:00,26.0,68.0,0.0,4.1,0.0,1.7971,Berawan,Berawan
arjawinangun,"Arjawinangun, Cirebon",2026-10-03,32.09.24.2004,Arjawinangun,kecamatan,no,-6.6453,108.4103,Asia/Jakarta,"BMKG point: Arjawinangun, Kecamatan Arjawinangun",03-10-2026,BMKG,BMKG,23:00,2026-10-03 22:00:00,26.0,68.0,0.0,4.1,60.0,1.3478,Berawan,Berawan
arjawinangun,"Arjawinangun, Cirebon",2026-10-03,32.09.24.2004,Arjawinangun,kecamatan,no,-6.6453,108.4103,Asia/Jakarta,"BMKG point: Arjawinangun, Kecamatan Arjawinangun",03-10-2026,CMA,Open-Meteo / CMA GRAPES,00:00,2026-10-03 00:00:00,25.7,83.0,0.0,11.5,0.0,1.1588,Cerah,wmo:0
arjawinangun,"Arjawinangun, Cirebon",2026-10-03,32.09.24.2004,Arjawinangun,kecamatan,no,-6.6453,108.4103,Asia/Jakarta,"BMKG point: Arjawinangun, Kecamatan Arjawinangun",03-10-2026,CMA,Open-Meteo / CMA GRAPES,01:00,2026-10-03 01:00:00,25.6,83.0,0.0,11.3,0.0,1.1588,Cerah,wmo:0
arjawinangun,"Arjawinangun, Cirebon",2026-10-03,32.09.24.2004,Arjawinangun,kecamatan,no,-6.6453,108.4103,Asia/Jakarta,"BMKG point: Arjawinangun, Kecamatan Arjawinangun",03-10-2026,CMA,Open-Meteo / CMA GRAPES,02:00,2026-10-03 02:00:00,25.3,83.0,0.0,10.9,0.0,1.1588,Cerah,wmo:0
arjawinangun,"Arjawinangun, Cirebon",2026-10-03,32.09.24.2004,Arjawinangun,kecamatan,no,-6.6453,108.4103,Asia/Jakarta,"BMKG point: Arjawinangun, Kecamatan Arjawinangun",03-10-2026,CMA,Open-Meteo / CMA GRAPES,03:00,2026-10-03 03:00:00,25.1,83.0,0.0,10.6,0.0,1.1588,Cerah,wmo:0
arjawinangun,"Arjawinangun, Cirebon",2026-10-03,32.09.24.2004,Arjawinangun,kecamatan,no,-6.6453,108.4103,Asia/Jakarta,"BMKG point: Arjawinangun, Kecamatan Arjawinangun",03-10-2026,CMA,Open-Meteo / CMA GRAPES,04:00,2026-10-03 04:00:00,25.1,82.0,0.0,10.6,0.0,1.1588,Cerah,wmo:0
arjawinangun,"Arjawinangun, Cirebon",2026-10-03,32.09.24.2004,Arjawinangun,kecamatan,no,-6.6453,108.4103,Asia/Jakarta,"BMKG point: Arjawinangun, Kecamatan Arjawinangun",03-10-2026,CMA,Open-Meteo / CMA GRAPES,05:00,2026-10-03 05:00:00,25.4,80.0,0.0,10.9,0.0,1.1588,Cerah,wmo:0
arjawinangun,"Arjawinangun, Cirebon",2026-10-03,32.09.24.2004,Arjawinangun,kecamatan,no,-6.6453,108.4103,Asia/Jakarta,"BMKG point: Arjawinangun, Kecamatan Arjawinangun",03-10-2026,CMA,Open-Meteo / CMA GRAPES,06:00,2026-10-03 06:00:00,25.9,77.0,0.0,11.6,0.0,1.1588,Cerah,wmo:0
arjawinangun,"Arjawinangun, Cirebon",2026-10-03,32.09.24.2004,Arjawinangun,kecamatan,no,-6.6453,108.4103,Asia/Jakarta,"BMKG point: Arjawinangun, Kecamatan Arjawinangun",03-10-2026,CMA,Open-Meteo / CMA GRAPES,07:00,2026-10-03 07:00:00,26.6,73.0,0.0,11.7,0.0,1.1588,Cerah,wmo:0
arjawinangun,"Arjawinangun, Cirebon",2026-10-03,32.09.24.2004,Arjawinangun,kecamatan,no,-6.6453,108.4103,Asia/Jakarta,"BMKG point: Arjawinangun, Kecamatan Arjawinangun",03-10-2026,CMA,Open-Meteo / CMA GRAPES,08:00,2026-10-03 08:00:00,27.9,67.0,0.0,11.0,0.0,1.1588,Cerah,wmo:0
arjawinangun,"Arjawinangun, Cirebon",2026-10-03,32.09.24.2004,Arjawinangun,kecamatan,no,-6.6453,108.4103,Asia/Jakarta,"BMKG point: Arjawinangun, Kecamatan Arjawinangun",03-10-2026,CMA,Open-Meteo / CMA GRAPES,09:00,2026-10-03 09:00:00,29.4,59.0,0.0,9.9,0.0,1.1588,Cerah,wmo:0
arjawinangun,"Arjawinangun, Cirebon",2026-10-03,32.09.24.2004,Arjawinangun,kecamatan,no,-6.6453,108.4103,Asia/Jakarta,"BMKG point: Arjawinangun, Kecamatan Arjawinangun",03-10-2026,CMA,Open-Meteo / CMA GRAPES,10:00,2026-10-03 10:00:00,30.7,53.0,0.0,9.2,0.0,1.1588,Cerah,wmo:0
arjawinangun,"Arjawinangun, Cirebon",2026-10-03,32.09.24.2004,Arjawinangun,kecamatan,no,-6.6453,108.4103,Asia/Jakarta,"BMKG point: Arjawinangun, Kecamatan Arjawinangun",03-10-2026,CMA,Open-Meteo / CMA GRAPES,11:00,2026-10-03 11:00:00,31.9,49.0,0.0,9.2,0.0,1.1588,Cerah,wmo:0
arjawinangun,"Arjawinangun, Cirebon",2026-10-03,32.09.24.2004,Arjawinangun,kecamatan,no,-6.6453,108.4103,Asia/Jakarta,"BMKG point: Arjawinangun, Kecamatan Arjawinangun",03-10-2026,CMA,Open-Meteo / CMA GRAPES,12:00,2026-10-03 12:00:00,32.8,47.0,0.0,9.9,0.0,1.1588,Cerah,wmo:0
arjawinangun,"Arjawinangun, Cirebon",2026-10-03,32.09.24.2004,Arjawinangun,kecamatan,no,-6.6453,108.4103,Asia/Jakarta,"BMKG point: Arjawinangun, Kecamatan Arjawinangun",03-10-2026,CMA,Open-Meteo / CMA GRAPES,13:00,2026-10-03 13:00:00,33.1,48.0,0.0,10.9,0.0,1.1588,Cerah,wmo:0
arjawinangun,"Arjawinangun, Cirebon",2026-10-03,32.09.24.2004,Arjawinangun,kecamatan,no,-6.6453,108.4103,Asia/Jakarta,"BMKG point: Arjawinangun, Kecamatan Arjawinangun",03-10-2026,CMA,Open-Meteo / CMA GRAPES,14:00,2026-10-03 14:00:00,32.3,53.0,0.0,12.4,0.0,1.1588,Cerah,wmo:0
arjawinangun,"Arjawinangun, Cirebon",2026-10-03,32.09.24.2004,Arjawinangun,kecamatan,no,-6.6453,108.4103,Asia/Jakarta,"BMKG point: Arjawinangun, Kecamatan Arjawinangun",03-10-2026,CMA,Open-Meteo / CMA GRAPES,15:00,2026-10-03 15:00:00,30.9,60.0,0.0,14.8,0.0,1.1588,Cerah,wmo:0
arjawinangun,"Arjawinangun, Cirebon",2026-10-03,32.09.24.2004,Arjawinangun,kecamatan,no,-6.6453,108.4103,Asia/Jakarta,"BMKG point: Arjawinangun, Kecamatan Arjawinangun",03-10-2026,CMA,Open-Meteo / CMA GRAPES,16:00,2026-10-03 16:00:00,29.6,67.0,0.0,15.9,0.0,1.1588,Cerah,wmo:0
arjawinangun,"Arjawinangun, Cirebon",2026-10-03,32.09.24.2004,Arjawinangun,kecamatan,no,-6.6453,108.4103,Asia/Jakarta,"BMKG point: Arjawinangun, Kecamatan Arjawinangun",03-10-2026,CMA,Open-Meteo / CMA GRAPES,17:00,2026-10-03 17:00:00,28.6,72.0,0.0,14.4,0.0,1.1588,Cerah,wmo:0
arjawinangun,"Arjawinangun, Cirebon",2026-10-03,32.09.24.2004,Arjawinangun,kecamatan,no,-6.6453,108.4103,Asia/Jakarta,"BMKG point: Arjawinangun, Kecamatan Arjawinangun",03-10-2026,CMA,Open-Meteo / CMA GRAPES,18:00,2026-10-03 18:00:00,27.8,77.0,0.0,13.2,0.0,1.1588,Cerah,wmo:0
arjawinangun,"Arjawinangun, Cirebon",2026-10-03,32.09.24.2004,Arjawinangun,kecamatan,no,-6.6453,108.4103,Asia/Jakarta,"BMKG point: Arjawinangun, Kecamatan Arjawinangun",03-10-2026,CMA,Open-Meteo / CMA GRAPES,19:00,2026-10-03 19:00:00,27.1,80.0,0.0,13.3,0.0,1.1588,Cerah,wmo:0
arjawinangun,"Arjawinangun, Cirebon",2026-10-03,32.09.24.2004,Arjawinangun,kecamatan,no,-6.6453,108.4103,Asia/Jakarta,"BMKG point: Arjawinangun, Kecamatan Arjawinangun",03-10-2026,CMA,Open-Meteo / CMA GRAPES,20:00,2026-10-03 20:00:00,26.6,82.0,0.0,12.5,0.0,1.1588,Cerah,wmo:0
arjawinangun,"Arjawinangun, Cirebon",2026-10-03,32.09.24.2004,Arjawinangun,kecamatan,no,-6.6453,108.4103,Asia/Jakarta,"BMKG point: Arjawinangun, Kecamatan Arjawinangun",03-10-2026,CMA,Open-Meteo / CMA GRAPES,21:00,2026-10-03 21:00:00,26.2,83.0,0.0,10.8,0.0,1.1588,Cerah,wmo:0
arjawinangun,"Arjawinangun, Cirebon",2026-10-03,32.09.24.2004,Arjawinangun,kecamatan,no,-6.6453,108.4103,Asia/Jakarta,"BMKG point: Arjawinangun, Kecamatan Arjawinangun",03-10-2026,CMA,Open-Meteo / CMA GRAPES,22:00,2026-10-03 22:00:00,25.8,83.0,0.0,10.2,0.0,1.1588,Cerah,wmo:0
arjawinangun,"Arjawinangun, Cirebon",2026-10-03,32.09.24.2004,Arjawinangun,kecamatan,no,-6.6453,108.4103,Asia/Jakarta,"BMKG point: Arjawinangun, Kecamatan Arjawinangun",03-10-2026,CMA,Open-Meteo / CMA GRAPES,23:00,2026-10-03 23:00:00,25.5,83.0,0.0,10.4,0.0,1.1588,Cerah,wmo:0
arjawinangun,"Arjawinangun, Cirebon",2026-10-03,32.09.24.2004,Arjawinangun,kecamatan,no,-6.6453,108.4103,Asia/Jakarta,"BMKG point: Arjawinangun, Kecamatan Arjawinangun",03-10-2026,ECMWF,Open-Meteo / ECMWF,00:00,2026-10-03 00:00:00,26.4,74.0,0.0,4.3,0.0,1.6882,Berawan,wmo:3
arjawinangun,"Arjawinangun, Cirebon",2026-10-03,32.09.24.2004,Arjawinangun,kecamatan,no,-6.6453,108.4103,Asia/Jakarta,"BMKG point: Arjawinangun, Kecamatan Arjawinangun",03-10-2026,ECMWF,Open-Meteo / ECMWF,01:00,2026-10-03 01:00:00,26.0,75.0,0.0,4.5,0.0,1.6882,Berawan,wmo:3
arjawinangun,"Arjawinangun, Cirebon",2026-10-03,32.09.24.2004,Arjawinangun,kecamatan,no,-6.6453,108.4103,Asia/Jakarta,"BMKG point: Arjawinangun, Kecamatan Arjawinangun",03-10-2026,ECMWF,Open-Meteo / ECMWF,02:00,2026-10-03 02:00:00,25.4,77.0,0.0,4.7,0.0,1.6882,Berawan,wmo:3
arjawinangun,"Arjawinangun, Cirebon",2026-10-03,32.09.24.2004,Arjawinangun,kecamatan,no,-6.6453,108.4103,Asia/Jakarta,"BMKG point: Arjawinangun, Kecamatan Arjawinangun",03-10-2026,ECMWF,Open-Meteo / ECMWF,03:00,2026-10-03 03:00:00,24.8,79.0,0.0,5.0,0.0,1.6882,Berawan,wmo:3
arjawinangun,"Arjawinangun, Cirebon",2026-10-03,32.09.24.2004,Arjawinangun,kecamatan,no,-6.6453,108.4103,Asia/Jakarta,"BMKG point: Arjawinangun, Kecamatan Arjawinangun",03-10-2026,ECMWF,Open-Meteo / ECMWF,04:00,2026-10-03 04:00:00,24.8,78.0,0.0,5.1,0.0,1.6882,Berawan,wmo:3
arjawinangun,"Arjawinangun, Cirebon",2026-10-03,32.09.24.2004,Arjawinangun,kecamatan,no,-6.6453,108.4103,Asia/Jakarta,"BMKG point: Arjawinangun, Kecamatan Arjawinangun",03-10-2026,ECMWF,Open-Meteo / ECMWF,05:00,2026-10-03 05:00:00,25.7,73.0,0.0,4.8,0.0,1.6882,Berawan,wmo:3
arjawinangun,"Arjawinangun, Cirebon",2026-10-03,32.09.24.2004,Arjawinangun,kecamatan,no,-6.6453,108.4103,Asia/Jakarta,"BMKG point: Arjawinangun, Kecamatan Arjawinangun",03-10-2026,ECMWF,Open-Meteo / ECMWF,06:00,2026-10-03 06:00:00,27.1,66.0,0.0,3.9,0.0,1.6882,Berawan,wmo:3
arjawinangun,"Arjawinangun, Cirebon",2026-10-03,32.09.24.2004,Arjawinangun,kecamatan,no,-6.6453,108.4103,Asia/Jakarta,"BMKG point: Arjawinangun, Kecamatan Arjawinangun",03-10-2026,ECMWF,Open-Meteo / ECMWF,07:00,2026-10-03 07:00:00,28.7,59.0,0.0,2.9,0.0,1.6882,Berawan,wmo:3
arjawinangun,"Arjawinangun, Cirebon",2026-10-03,32.09.24.2004,Arjawinangun,kecamatan,no,-6.6453,108.4103,Asia/Jakarta,"BMKG point: Arjawinangun, Kecamatan Arjawinangun",03-10-2026,ECMWF,Open-Meteo / ECMWF,08:00,2026-10-03 08:00:00,30.4,53.0,0.0,4.1,0.0,1.6882,Berawan,wmo:3
arjawinangun,"Arjawinangun, Cirebon",2026-10-03,32.09.24.2004,Arjawinangun,kecamatan,no,-6.6453,108.4103,Asia/Jakarta,"BMKG point: Arjawinangun, Kecamatan Arjawinangun",03-10-2026,ECMWF,Open-Meteo / ECMWF,09:00,2026-10-03 09:00:00,32.2,48.0,0.0,8.9,0.0,1.6882,Berawan,wmo:3
arjawinangun,"Arjawinangun, Cirebon",2026-10-03,32.09.24.2004,Arjawinangun,kecamatan,no,-6.6453,108.4103,Asia/Jakarta,"BMKG point: Arjawinangun, Kecamatan Arjawinangun",03-10-2026,ECMWF,Open-Meteo / ECMWF,10:00,2026-10-03 10:00:00,33.5,44.0,0.0,12.3,0.0,1.6882,Berawan,wmo:3
arjawinangun,"Arjawinangun, Cirebon",2026-10-03,32.09.24.2004,Arjawinangun,kecamatan,no,-6.6453,108.4103,Asia/Jakarta,"BMKG point: Arjawinangun, Kecamatan Arjawinangun",03-10-2026,ECMWF,Open-Meteo / ECMWF,11:00,2026-10-03 11:00:00,34.0,43.0,0.0,13.5,0.0,1.6882,Berawan,wmo:3
arjawinangun,"Arjawinangun, Cirebon",2026-10-03,32.09.24.2004,Arjawinangun,kecamatan,no,-6.6453,108.4103,Asia/Jakarta,"BMKG point: Arjawinangun, Kecamatan Arjawinangun",03-10-2026,ECMWF,Open-Meteo / ECMWF,12:00,2026-10-03 12:00:00,34.1,43.0,0.0,14.8,0.0,1.6882,Berawan,wmo:3
arjawinangun,"Arjawinangun, Cirebon",2026-10-03,32.09.24.2004,Arjawinangun,kecamatan,no,-6.6453,108.4103,Asia/Jakarta,"BMKG point: Arjawinangun, Kecamatan Arjawinangun",03-10-2026,ECMWF,Open-Meteo / ECMWF,13:00,2026-10-03 13:00:00,33.9,44.0,0.0,15.8,0.0,1.6882,Cerah Berawan,wmo:2
arjawinangun,"Arjawinangun, Cirebon",2026-10-03,32.09.24.2004,Arjawinangun,kecamatan,no,-6.6453,108.4103,Asia/Jakarta,"BMKG point: Arjawinangun, Kecamatan Arjawinangun",03-10-2026,ECMWF,Open-Meteo / ECMWF,14:00,2026-10-03 14:00:00,33.4,44.0,0.0,14.8,0.0,1.6882,Cerah Berawan,wmo:2
arjawinangun,"Arjawinangun, Cirebon",2026-10-03,32.09.24.2004,Arjawinangun,kecamatan,no,-6.6453,108.4103,Asia/Jakarta,"BMKG point: Arjawinangun, Kecamatan Arjawinangun",03-10-2026,ECMWF,Open-Meteo / ECMWF,15:00,2026-10-03 15:00:00,32.6,44.0,0.0,12.9,0.0,1.6882,Cerah Berawan,wmo:1
arjawinangun,"Arjawinangun, Cirebon",2026-10-03,32.09.24.2004,Arjawinangun,kecamatan,no,-6.6453,108.4103,Asia/Jakarta,"BMKG point: Arjawinangun, Kecamatan Arjawinangun",03-10-2026,ECMWF,Open-Meteo / ECMWF,16:00,2026-10-03 16:00:00,31.7,46.0,0.0,10.9,0.0,1.6882,Cerah,wmo:0
arjawinangun,"Arjawinangun, Cirebon",2026-10-03,32.09.24.2004,Arjawinangun,kecamatan,no,-6.6453,108.4103,Asia/Jakarta,"BMKG point: Arjawinangun, Kecamatan Arjawinangun",03-10-2026,ECMWF,Open-Meteo / ECMWF,17:00,2026-10-03 17:00:00,30.8,52.0,0.0,10.1,0.0,1.6882,Cerah,wmo:0
arjawinangun,"Arjawinangun, Cirebon",2026-10-03,32.09.24.2004,Arjawinangun,kecamatan,no,-6.6453,108.4103,Asia/Jakarta,"BMKG point: Arjawinangun, Kecamatan Arjawinangun",03-10-2026,ECMWF,Open-Meteo / ECMWF,18:00,2026-10-03 18:00:00,29.8,59.0,0.0,9.5,0.0,1.6882,Cerah Berawan,wmo:1
arjawinangun,"Arjawinangun, Cirebon",2026-10-03,32.09.24.2004,Arjawinangun,kecamatan,no,-6.6453,108.4103,Asia/Jakarta,"BMKG point: Arjawinangun, Kecamatan Arjawinangun",03-10-2026,ECMWF,Open-Meteo / ECMWF,19:00,2026-10-03 19:00:00,29.0,65.0,0.0,8.8,0.0,1.6882,Cerah Berawan,wmo:1
arjawinangun,"Arjawinangun, Cirebon",2026-10-03,32.09.24.2004,Arjawinangun,kecamatan,no,-6.6453,108.4103,Asia/Jakarta,"BMKG point: Arjawinangun, Kecamatan Arjawinangun",03-10-2026,ECMWF,Open-Meteo / ECMWF,20:00,2026-10-03 20:00:00,28.5,67.0,0.0,6.6,0.0,1.6882,Cerah Berawan,wmo:2
arjawinangun,"Arjawinangun, Cirebon",2026-10-03,32.09.24.2004,Arjawinangun,kecamatan,no,-6.6453,108.4103,Asia/Jakarta,"BMKG point: Arjawinangun, Kecamatan Arjawinangun",03-10-2026,ECMWF,Open-Meteo / ECMWF,21:00,2026-10-03 21:00:00,28.2,67.0,0.0,4.1,0.0,1.6882,Berawan,wmo:3
arjawinangun,"Arjawinangun, Cirebon",2026-10-03,32.09.24.2004,Arjawinangun,kecamatan,no,-6.6453,108.4103,Asia/Jakarta,"BMKG point: Arjawinangun, Kecamatan Arjawinangun",03-10-2026,ECMWF,Open-Meteo / ECMWF,22:00,2026-10-03 22:00:00,27.8,67.0,0.0,2.9,0.0,1.6882,Berawan,wmo:3
arjawinangun,"Arjawinangun, Cirebon",2026-10-03,32.09.24.2004,Arjawinangun,kecamatan,no,-6.6453,108.4103,Asia/Jakarta,"BMKG point: Arjawinangun, Kecamatan Arjawinangun",03-10-2026,ECMWF,Open-Meteo / ECMWF,23:00,2026-10-03 23:00:00,27.2,69.0,0.0,3.0,0.0,1.6882,Cerah Berawan,wmo:2
arjawinangun,"Arjawinangun, Cirebon",2026-10-03,32.09.24.2004,Arjawinangun,kecamatan,no,-6.6453,108.4103,Asia/Jakarta,"BMKG point: Arjawinangun, Kecamatan Arjawinangun",03-10-2026,GFS,Open-Meteo / NOAA GFS,00:00,2026-10-03 00:00:00,26.1,71.0,0.0,5.6,0.0,1.4066,Berawan,wmo:3
arjawinangun,"Arjawinangun, Cirebon",2026-10-03,32.09.24.2004,Arjawinangun,kecamatan,no,-6.6453,108.4103,Asia/Jakarta,"BMKG point: Arjawinangun, Kecamatan Arjawinangun",03-10-2026,GFS,Open-Meteo / NOAA GFS,01:00,2026-10-03 01:00:00,25.6,70.0,0.0,6.0,0.0,1.4066,Cerah Berawan,wmo:1
arjawinangun,"Arjawinangun, Cirebon",2026-10-03,32.09.24.2004,Arjawinangun,kecamatan,no,-6.6453,108.4103,Asia/Jakarta,"BMKG point: Arjawinangun, Kecamatan Arjawinangun",03-10-2026,GFS,Open-Meteo / NOAA GFS,02:00,2026-10-03 02:00:00,25.3,69.0,0.0,4.1,0.0,1.4066,Berawan,wmo:3
arjawinangun,"Arjawinangun, Cirebon",2026-10-03,32.09.24.2004,Arjawinangun,kecamatan,no,-6.6453,108.4103,Asia/Jakarta,"BMKG point: Arjawinangun, Kecamatan Arjawinangun",03-10-2026,GFS,Open-Meteo / NOAA GFS,03:00,2026-10-03 03:00:00,25.0,69.0,0.0,4.7,0.0,1.4066,Berawan,wmo:3
arjawinangun,"Arjawinangun, Cirebon",2026-10-03,32.09.24.2004,Arjawinangun,kecamatan,no,-6.6453,108.4103,Asia/Jakarta,"BMKG point: Arjawinangun, Kecamatan Arjawinangun",03-10-2026,GFS,Open-Meteo / NOAA GFS,04:00,2026-10-03 04:00:00,24.8,69.0,0.0,5.4,0.0,1.4066,Berawan,wmo:3
arjawinangun,"Arjawinangun, Cirebon",2026-10-03,32.09.24.2004,Arjawinangun,kecamatan,no,-6.6453,108.4103,Asia/Jakarta,"BMKG point: Arjawinangun, Kecamatan Arjawinangun",03-10-2026,GFS,Open-Meteo / NOAA GFS,05:00,2026-10-03 05:00:00,24.7,69.0,0.0,5.4,0.0,1.4066,Berawan,wmo:3
arjawinangun,"Arjawinangun, Cirebon",2026-10-03,32.09.24.2004,Arjawinangun,kecamatan,no,-6.6453,108.4103,Asia/Jakarta,"BMKG point: Arjawinangun, Kecamatan Arjawinangun",03-10-2026,GFS,Open-Meteo / NOAA GFS,06:00,2026-10-03 06:00:00,25.3,66.0,0.0,4.6,0.0,1.4066,Berawan,wmo:3
arjawinangun,"Arjawinangun, Cirebon",2026-10-03,32.09.24.2004,Arjawinangun,kecamatan,no,-6.6453,108.4103,Asia/Jakarta,"BMKG point: Arjawinangun, Kecamatan Arjawinangun",03-10-2026,GFS,Open-Meteo / NOAA GFS,07:00,2026-10-03 07:00:00,27.9,56.0,0.0,1.8,0.0,1.4066,Cerah Berawan,wmo:2
arjawinangun,"Arjawinangun, Cirebon",2026-10-03,32.09.24.2004,Arjawinangun,kecamatan,no,-6.6453,108.4103,Asia/Jakarta,"BMKG point: Arjawinangun, Kecamatan Arjawinangun",03-10-2026,GFS,Open-Meteo / NOAA GFS,08:00,2026-10-03 08:00:00,30.7,47.0,0.0,3.8,0.0,1.4066,Cerah,wmo:0
arjawinangun,"Arjawinangun, Cirebon",2026-10-03,32.09.24.2004,Arjawinangun,kecamatan,no,-6.6453,108.4103,Asia/Jakarta,"BMKG point: Arjawinangun, Kecamatan Arjawinangun",03-10-2026,GFS,Open-Meteo / NOAA GFS,09:00,2026-10-03 09:00:00,32.9,40.0,0.0,12.1,0.0,1.4066,Cerah,wmo:0
arjawinangun,"Arjawinangun, Cirebon",2026-10-03,32.09.24.2004,Arjawinangun,kecamatan,no,-6.6453,108.4103,Asia/Jakarta,"BMKG point: Arjawinangun, Kecamatan Arjawinangun",03-10-2026,GFS,Open-Meteo / NOAA GFS,10:00,2026-10-03 10:00:00,34.3,37.0,0.0,19.4,0.0,1.4066,Berawan,wmo:3
arjawinangun,"Arjawinangun, Cirebon",2026-10-03,32.09.24.2004,Arjawinangun,kecamatan,no,-6.6453,108.4103,Asia/Jakarta,"BMKG point: Arjawinangun, Kecamatan Arjawinangun",03-10-2026,GFS,Open-Meteo / NOAA GFS,11:00,2026-10-03 11:00:00,34.6,37.0,0.0,25.4,0.0,1.4066,Berawan,wmo:3
arjawinangun,"Arjawinangun, Cirebon",2026-10-03,32.09.24.2004,Arjawinangun,kecamatan,no,-6.6453,108.4103,Asia/Jakarta,"BMKG point: Arjawinangun, Kecamatan Arjawinangun",03-10-2026,GFS,Open-Meteo / NOAA GFS,12:00,2026-10-03 12:00:00,34.7,38.0,0.0,25.5,0.0,1.4066,Berawan,wmo:3
arjawinangun,"Arjawinangun, Cirebon",2026-10-03,32.09.24.2004,Arjawinangun,kecamatan,no,-6.6453,108.4103,Asia/Jakarta,"BMKG point: Arjawinangun, Kecamatan Arjawinangun",03-10-2026,GFS,Open-Meteo / NOAA GFS,13:00,2026-10-03 13:00:00,34.4,40.0,0.0,24.0,0.0,1.4066,Cerah,wmo:0
arjawinangun,"Arjawinangun, Cirebon",2026-10-03,32.09.24.2004,Arjawinangun,kecamatan,no,-6.6453,108.4103,Asia/Jakarta,"BMKG point: Arjawinangun, Kecamatan Arjawinangun",03-10-2026,GFS,Open-Meteo / NOAA GFS,14:00,2026-10-03 14:00:00,33.8,42.0,0.0,22.1,0.0,1.4066,Cerah,wmo:0
arjawinangun,"Arjawinangun, Cirebon",2026-10-03,32.09.24.2004,Arjawinangun,kecamatan,no,-6.6453,108.4103,Asia/Jakarta,"BMKG point: Arjawinangun, Kecamatan Arjawinangun",03-10-2026,GFS,Open-Meteo / NOAA GFS,15:00,2026-10-03 15:00:00,32.9,43.0,0.0,19.9,0.0,1.4066,Cerah,wmo:0
arjawinangun,"Arjawinangun, Cirebon",2026-10-03,32.09.24.2004,Arjawinangun,kecamatan,no,-6.6453,108.4103,Asia/Jakarta,"BMKG point: Arjawinangun, Kecamatan Arjawinangun",03-10-2026,GFS,Open-Meteo / NOAA GFS,16:00,2026-10-03 16:00:00,31.4,47.0,0.0,19.1,0.0,1.4066,Berawan,wmo:3
arjawinangun,"Arjawinangun, Cirebon",2026-10-03,32.09.24.2004,Arjawinangun,kecamatan,no,-6.6453,108.4103,Asia/Jakarta,"BMKG point: Arjawinangun, Kecamatan Arjawinangun",03-10-2026,GFS,Open-Meteo / NOAA GFS,17:00,2026-10-03 17:00:00,29.9,52.0,0.0,14.8,0.0,1.4066,Berawan,wmo:3
arjawinangun,"Arjawinangun, Cirebon",2026-10-03,32.09.24.2004,Arjawinangun,kecamatan,no,-6.6453,108.4103,Asia/Jakarta,"BMKG point: Arjawinangun, Kecamatan Arjawinangun",03-10-2026,GFS,Open-Meteo / NOAA GFS,18:00,2026-10-03 18:00:00,28.9,58.0,0.0,11.2,0.0,1.4066,Berawan,wmo:3
arjawinangun,"Arjawinangun, Cirebon",2026-10-03,32.09.24.2004,Arjawinangun,kecamatan,no,-6.6453,108.4103,Asia/Jakarta,"BMKG point: Arjawinangun, Kecamatan Arjawinangun",03-10-2026,GFS,Open-Meteo / NOAA GFS,19:00,2026-10-03 19:00:00,28.4,63.0,0.0,10.9,0.0,1.4066,Cerah Berawan,wmo:2
arjawinangun,"Arjawinangun, Cirebon",2026-10-03,32.09.24.2004,Arjawinangun,kecamatan,no,-6.6453,108.4103,Asia/Jakarta,"BMKG point: Arjawinangun, Kecamatan Arjawinangun",03-10-2026,GFS,Open-Meteo / NOAA GFS,20:00,2026-10-03 20:00:00,27.8,67.0,0.0,11.2,0.0,1.4066,Cerah Berawan,wmo:1
arjawinangun,"Arjawinangun, Cirebon",2026-10-03,32.09.24.2004,Arjawinangun,kecamatan,no,-6.6453,108.4103,Asia/Jakarta,"BMKG point: Arjawinangun, Kecamatan Arjawinangun",03-10-2026,GFS,Open-Meteo / NOAA GFS,21:00,2026-10-03 21:00:00,27.4,69.0,0.0,9.9,0.0,1.4066,Cerah Berawan,wmo:2
arjawinangun,"Arjawinangun, Cirebon",2026-10-03,32.09.24.2004,Arjawinangun,kecamatan,no,-6.6453,108.4103,Asia/Jakarta,"BMKG point: Arjawinangun, Kecamatan Arjawinangun",03-10-2026,GFS,Open-Meteo / NOAA GFS,22:00,2026-10-03 22:00:00,27.1,69.0,0.0,7.4,0.0,1.4066,Cerah Berawan,wmo:1
arjawinangun,"Arjawinangun, Cirebon",2026-10-03,32.09.24.2004,Arjawinangun,kecamatan,no,-6.6453,108.4103,Asia/Jakarta,"BMKG point: Arjawinangun, Kecamatan Arjawinangun",03-10-2026,GFS,Open-Meteo / NOAA GFS,23:00,2026-10-03 23:00:00,26.5,68.0,0.0,6.8,0.0,1.4066,Cerah,wmo:0
arjawinangun,"Arjawinangun, Cirebon",2026-10-03,32.09.24.2004,Arjawinangun,kecamatan,no,-6.6453,108.4103,Asia/Jakarta,"BMKG point: Arjawinangun, Kecamatan Arjawinangun",03-10-2026,ICON,Open-Meteo / DWD ICON,00:00,2026-10-03 00:00:00,26.9,75.0,0.0,3.3,0.0,1.463,Cerah Berawan,wmo:2
arjawinangun,"Arjawinangun, Cirebon",2026-10-03,32.09.24.2004,Arjawinangun,kecamatan,no,-6.6453,108.4103,Asia/Jakarta,"BMKG point: Arjawinangun, Kecamatan Arjawinangun",03-10-2026,ICON,Open-Meteo / DWD ICON,01:00,2026-10-03 01:00:00,26.5,73.0,0.0,3.1,0.0,1.463,Cerah Berawan,wmo:2
arjawinangun,"Arjawinangun, Cirebon",2026-10-03,32.09.24.2004,Arjawinangun,kecamatan,no,-6.6453,108.4103,Asia/Jakarta,"BMKG point: Arjawinangun, Kecamatan Arjawinangun",03-10-2026,ICON,Open-Meteo / DWD ICON,02:00,2026-10-03 02:00:00,26.0,74.0,0.0,2.4,0.0,1.463,Cerah Berawan,wmo:2
arjawinangun,"Arjawinangun, Cirebon",2026-10-03,32.09.24.2004,Arjawinangun,kecamatan,no,-6.6453,108.4103,Asia/Jakarta,"BMKG point: Arjawinangun, Kecamatan Arjawinangun",03-10-2026,ICON,Open-Meteo / DWD ICON,03:00,2026-10-03 03:00:00,25.7,75.0,0.0,1.9,0.0,1.463,Cerah Berawan,wmo:2
arjawinangun,"Arjawinangun, Cirebon",2026-10-03,32.09.24.2004,Arjawinangun,kecamatan,no,-6.6453,108.4103,Asia/Jakarta,"BMKG point: Arjawinangun, Kecamatan Arjawinangun",03-10-2026,ICON,Open-Meteo / DWD ICON,04:00,2026-10-03 04:00:00,25.4,77.0,0.0,2.4,0.0,1.463,Cerah Berawan,wmo:2
arjawinangun,"Arjawinangun, Cirebon",2026-10-03,32.09.24.2004,Arjawinangun,kecamatan,no,-6.6453,108.4103,Asia/Jakarta,"BMKG point: Arjawinangun, Kecamatan Arjawinangun",03-10-2026,ICON,Open-Meteo / DWD ICON,05:00,2026-10-03 05:00:00,25.1,78.0,0.0,2.9,0.0,1.463,Cerah Berawan,wmo:2
arjawinangun,"Arjawinangun, Cirebon",2026-10-03,32.09.24.2004,Arjawinangun,kecamatan,no,-6.6453,108.4103,Asia/Jakarta,"BMKG point: Arjawinangun, Kecamatan Arjawinangun",03-10-2026,ICON,Open-Meteo / DWD ICON,06:00,2026-10-03 06:00:00,25.1,78.0,0.0,2.8,0.0,1.463,Cerah Berawan,wmo:2
arjawinangun,"Arjawinangun, Cirebon",2026-10-03,32.09.24.2004,Arjawinangun,kecamatan,no,-6.6453,108.4103,Asia/Jakarta,"BMKG point: Arjawinangun, Kecamatan Arjawinangun",03-10-2026,ICON,Open-Meteo / DWD ICON,07:00,2026-10-03 07:00:00,27.1,70.0,0.0,4.3,0.0,1.463,Cerah Berawan,wmo:2
arjawinangun,"Arjawinangun, Cirebon",2026-10-03,32.09.24.2004,Arjawinangun,kecamatan,no,-6.6453,108.4103,Asia/Jakarta,"BMKG point: Arjawinangun, Kecamatan Arjawinangun",03-10-2026,ICON,Open-Meteo / DWD ICON,08:00,2026-10-03 08:00:00,29.8,59.0,0.0,6.4,0.0,1.463,Cerah Berawan,wmo:2
arjawinangun,"Arjawinangun, Cirebon",2026-10-03,32.09.24.2004,Arjawinangun,kecamatan,no,-6.6453,108.4103,Asia/Jakarta,"BMKG point: Arjawinangun, Kecamatan Arjawinangun",03-10-2026,ICON,Open-Meteo / DWD ICON,09:00,2026-10-03 09:00:00,32.1,50.0,0.0,8.2,0.0,1.463,Cerah Berawan,wmo:1
arjawinangun,"Arjawinangun, Cirebon",2026-10-03,32.09.24.2004,Arjawinangun,kecamatan,no,-6.6453,108.4103,Asia/Jakarta,"BMKG point: Arjawinangun, Kecamatan Arjawinangun",03-10-2026,ICON,Open-Meteo / DWD ICON,10:00,2026-10-03 10:00:00,33.8,46.0,0.0,12.0,0.0,1.463,Cerah Berawan,wmo:2
arjawinangun,"Arjawinangun, Cirebon",2026-10-03,32.09.24.2004,Arjawinangun,kecamatan,no,-6.6453,108.4103,Asia/Jakarta,"BMKG point: Arjawinangun, Kecamatan Arjawinangun",03-10-2026,ICON,Open-Meteo / DWD ICON,11:00,2026-10-03 11:00:00,35.2,40.0,0.0,16.0,0.0,1.463,Cerah Berawan,wmo:1
arjawinangun,"Arjawinangun, Cirebon",2026-10-03,32.09.24.2004,Arjawinangun,kecamatan,no,-6.6453,108.4103,Asia/Jakarta,"BMKG point: Arjawinangun, Kecamatan Arjawinangun",03-10-2026,ICON,Open-Meteo / DWD ICON,12:00,2026-10-03 12:00:00,35.9,35.0,0.0,18.5,0.0,1.463,Cerah Berawan,wmo:1
arjawinangun,"Arjawinangun, Cirebon",2026-10-03,32.09.24.2004,Arjawinangun,kecamatan,no,-6.6453,108.4103,Asia/Jakarta,"BMKG point: Arjawinangun, Kecamatan Arjawinangun",03-10-2026,ICON,Open-Meteo / DWD ICON,13:00,2026-10-03 13:00:00,35.7,31.0,0.0,22.3,0.0,1.463,Cerah Berawan,wmo:1
arjawinangun,"Arjawinangun, Cirebon",2026-10-03,32.09.24.2004,Arjawinangun,kecamatan,no,-6.6453,108.4103,Asia/Jakarta,"BMKG point: Arjawinangun, Kecamatan Arjawinangun",03-10-2026,ICON,Open-Meteo / DWD ICON,14:00,2026-10-03 14:00:00,35.0,33.0,0.0,24.7,0.0,1.463,Cerah,wmo:0
arjawinangun,"Arjawinangun, Cirebon",2026-10-03,32.09.24.2004,Arjawinangun,kecamatan,no,-6.6453,108.4103,Asia/Jakarta,"BMKG point: Arjawinangun, Kecamatan Arjawinangun",03-10-2026,ICON,Open-Meteo / DWD ICON,15:00,2026-10-03 15:00:00,33.7,40.0,0.0,24.4,0.0,1.463,Cerah,wmo:0
arjawinangun,"Arjawinangun, Cirebon",2026-10-03,32.09.24.2004,Arjawinangun,kecamatan,no,-6.6453,108.4103,Asia/Jakarta,"BMKG point: Arjawinangun, Kecamatan Arjawinangun",03-10-2026,ICON,Open-Meteo / DWD ICON,16:00,2026-10-03 16:00:00,32.3,47.0,0.0,22.0,0.0,1.463,Cerah,wmo:0
arjawinangun,"Arjawinangun, Cirebon",2026-10-03,32.09.24.2004,Arjawinangun,kecamatan,no,-6.6453,108.4103,Asia/Jakarta,"BMKG point: Arjawinangun, Kecamatan Arjawinangun",03-10-2026,ICON,Open-Meteo / DWD ICON,17:00,2026-10-03 17:00:00,30.6,57.0,0.0,17.6,0.0,1.463,Cerah,wmo:0
arjawinangun,"Arjawinangun, Cirebon",2026-10-03,32.09.24.2004,Arjawinangun,kecamatan,no,-6.6453,108.4103,Asia/Jakarta,"BMKG point: Arjawinangun, Kecamatan Arjawinangun",03-10-2026,ICON,Open-Meteo / DWD ICON,18:00,2026-10-03 18:00:00,29.1,67.0,0.0,12.1,0.0,1.463,Cerah Berawan,wmo:1
arjawinangun,"Arjawinangun, Cirebon",2026-10-03,32.09.24.2004,Arjawinangun,kecamatan,no,-6.6453,108.4103,Asia/Jakarta,"BMKG point: Arjawinangun, Kecamatan Arjawinangun",03-10-2026,ICON,Open-Meteo / DWD ICON,19:00,2026-10-03 19:00:00,28.3,73.0,0.0,9.4,0.0,1.463,Cerah Berawan,wmo:1
arjawinangun,"Arjawinangun, Cirebon",2026-10-03,32.09.24.2004,Arjawinangun,kecamatan,no,-6.6453,108.4103,Asia/Jakarta,"BMKG point: Arjawinangun, Kecamatan Arjawinangun",03-10-2026,ICON,Open-Meteo / DWD ICON,20:00,2026-10-03 20:00:00,27.8,76.0,0.0,7.6,0.0,1.463,Cerah Berawan,wmo:1
arjawinangun,"Arjawinangun, Cirebon",2026-10-03,32.09.24.2004,Arjawinangun,kecamatan,no,-6.6453,108.4103,Asia/Jakarta,"BMKG point: Arjawinangun, Kecamatan Arjawinangun",03-10-2026,ICON,Open-Meteo / DWD ICON,21:00,2026-10-03 21:00:00,27.4,78.0,0.0,4.6,0.0,1.463,Cerah Berawan,wmo:1
arjawinangun,"Arjawinangun, Cirebon",2026-10-03,32.09.24.2004,Arjawinangun,kecamatan,no,-6.6453,108.4103,Asia/Jakarta,"BMKG point: Arjawinangun, Kecamatan Arjawinangun",03-10-2026,ICON,Open-Meteo / DWD ICON,22:00,2026-10-03 22:00:00,27.1,79.0,0.0,3.2,0.0,1.463,Cerah Berawan,wmo:1
arjawinangun,"Arjawinangun, Cirebon",2026-10-03,32.09.24.2004,Arjawinangun,kecamatan,no,-6.6453,108.4103,Asia/Jakarta,"BMKG point: Arjawinangun, Kecamatan Arjawinangun",03-10-2026,ICON,Open-Meteo / DWD ICON,23:00,2026-10-03 23:00:00,26.7,78.0,0.0,3.0,0.0,1.463,Cerah Berawan,wmo:1
arjawinangun,"Arjawinangun, Cirebon",2026-10-03,32.09.24.2004,Arjawinangun,kecamatan,no,-6.6453,108.4103,Asia/Jakarta,"BMKG point: Arjawinangun, Kecamatan Arjawinangun",03-10-2026,KMA,Open-Meteo / KMA,00:00,2026-10-03 00:00:00,,,,,0.0,0.5476,Berawan,wmo:None
arjawinangun,"Arjawinangun, Cirebon",2026-10-03,32.09.24.2004,Arjawinangun,kecamatan,no,-6.6453,108.4103,Asia/Jakarta,"BMKG point: Arjawinangun, Kecamatan Arjawinangun",03-10-2026,KMA,Open-Meteo / KMA,01:00,2026-10-03 01:00:00,,,,,0.0,0.5476,Berawan,wmo:None
arjawinangun,"Arjawinangun, Cirebon",2026-10-03,32.09.24.2004,Arjawinangun,kecamatan,no,-6.6453,108.4103,Asia/Jakarta,"BMKG point: Arjawinangun, Kecamatan Arjawinangun",03-10-2026,KMA,Open-Meteo / KMA,02:00,2026-10-03 02:00:00,,,,,0.0,0.5476,Berawan,wmo:None
arjawinangun,"Arjawinangun, Cirebon",2026-10-03,32.09.24.2004,Arjawinangun,kecamatan,no,-6.6453,108.4103,Asia/Jakarta,"BMKG point: Arjawinangun, Kecamatan Arjawinangun",03-10-2026,KMA,Open-Meteo / KMA,03:00,2026-10-03 03:00:00,,,,,0.0,0.5476,Berawan,wmo:None
arjawinangun,"Arjawinangun, Cirebon",2026-10-03,32.09.24.2004,Arjawinangun,kecamatan,no,-6.6453,108.4103,Asia/Jakarta,"BMKG point: Arjawinangun, Kecamatan Arjawinangun",03-10-2026,KMA,Open-Meteo / KMA,04:00,2026-10-03 04:00:00,,,,,0.0,0.5476,Berawan,wmo:None
arjawinangun,"Arjawinangun, Cirebon",2026-10-03,32.09.24.2004,Arjawinangun,kecamatan,no,-6.6453,108.4103,Asia/Jakarta,"BMKG point: Arjawinangun, Kecamatan Arjawinangun",03-10-2026,KMA,Open-Meteo / KMA,05:00,2026-10-03 05:00:00,,,,,0.0,0.5476,Berawan,wmo:None
arjawinangun,"Arjawinangun, Cirebon",2026-10-03,32.09.24.2004,Arjawinangun,kecamatan,no,-6.6453,108.4103,Asia/Jakarta,"BMKG point: Arjawinangun, Kecamatan Arjawinangun",03-10-2026,KMA,Open-Meteo / KMA,06:00,2026-10-03 06:00:00,,,,,0.0,0.5476,Berawan,wmo:None
arjawinangun,"Arjawinangun, Cirebon",2026-10-03,32.09.24.2004,Arjawinangun,kecamatan,no,-6.6453,108.4103,Asia/Jakarta,"BMKG point: Arjawinangun, Kecamatan Arjawinangun",03-10-2026,KMA,Open-Meteo / KMA,07:00,2026-10-03 07:00:00,,,,,0.0,0.5476,Berawan,wmo:None
arjawinangun,"Arjawinangun, Cirebon",2026-10-03,32.09.24.2004,Arjawinangun,kecamatan,no,-6.6453,108.4103,Asia/Jakarta,"BMKG point: Arjawinangun, Kecamatan Arjawinangun",03-10-2026,KMA,Open-Meteo / KMA,08:00,2026-10-03 08:00:00,,,,,0.0,0.5476,Berawan,wmo:None
arjawinangun,"Arjawinangun, Cirebon",2026-10-03,32.09.24.2004,Arjawinangun,kecamatan,no,-6.6453,108.4103,Asia/Jakarta,"BMKG point: Arjawinangun, Kecamatan Arjawinangun",03-10-2026,KMA,Open-Meteo / KMA,09:00,2026-10-03 09:00:00,,,,,0.0,0.5476,Berawan,wmo:None
arjawinangun,"Arjawinangun, Cirebon",2026-10-03,32.09.24.2004,Arjawinangun,kecamatan,no,-6.6453,108.4103,Asia/Jakarta,"BMKG point: Arjawinangun, Kecamatan Arjawinangun",03-10-2026,KMA,Open-Meteo / KMA,10:00,2026-10-03 10:00:00,,,,,0.0,0.5476,Berawan,wmo:None
arjawinangun,"Arjawinangun, Cirebon",2026-10-03,32.09.24.2004,Arjawinangun,kecamatan,no,-6.6453,108.4103,Asia/Jakarta,"BMKG point: Arjawinangun, Kecamatan Arjawinangun",03-10-2026,KMA,Open-Meteo / KMA,11:00,2026-10-03 11:00:00,,,,,0.0,0.5476,Berawan,wmo:None
arjawinangun,"Arjawinangun, Cirebon",2026-10-03,32.09.24.2004,Arjawinangun,kecamatan,no,-6.6453,108.4103,Asia/Jakarta,"BMKG point: Arjawinangun, Kecamatan Arjawinangun",03-10-2026,KMA,Open-Meteo / KMA,12:00,2026-10-03 12:00:00,,,,,0.0,0.5476,Berawan,wmo:None
arjawinangun,"Arjawinangun, Cirebon",2026-10-03,32.09.24.2004,Arjawinangun,kecamatan,no,-6.6453,108.4103,Asia/Jakarta,"BMKG point: Arjawinangun, Kecamatan Arjawinangun",03-10-2026,KMA,Open-Meteo / KMA,13:00,2026-10-03 13:00:00,,,,,0.0,0.5476,Berawan,wmo:None
arjawinangun,"Arjawinangun, Cirebon",2026-10-03,32.09.24.2004,Arjawinangun,kecamatan,no,-6.6453,108.4103,Asia/Jakarta,"BMKG point: Arjawinangun, Kecamatan Arjawinangun",03-10-2026,KMA,Open-Meteo / KMA,14:00,2026-10-03 14:00:00,,,,,0.0,0.5476,Berawan,wmo:None
arjawinangun,"Arjawinangun, Cirebon",2026-10-03,32.09.24.2004,Arjawinangun,kecamatan,no,-6.6453,108.4103,Asia/Jakarta,"BMKG point: Arjawinangun, Kecamatan Arjawinangun",03-10-2026,KMA,Open-Meteo / KMA,15:00,2026-10-03 15:00:00,,,,,0.0,0.5476,Berawan,wmo:None
arjawinangun,"Arjawinangun, Cirebon",2026-10-03,32.09.24.2004,Arjawinangun,kecamatan,no,-6.6453,108.4103,Asia/Jakarta,"BMKG point: Arjawinangun, Kecamatan Arjawinangun",03-10-2026,KMA,Open-Meteo / KMA,16:00,2026-10-03 16:00:00,,,,,0.0,0.5476,Berawan,wmo:None
arjawinangun,"Arjawinangun, Cirebon",2026-10-03,32.09.24.2004,Arjawinangun,kecamatan,no,-6.6453,108.4103,Asia/Jakarta,"BMKG point: Arjawinangun, Kecamatan Arjawinangun",03-10-2026,KMA,Open-Meteo / KMA,17:00,2026-10-03 17:00:00,,,,,0.0,0.5476,Berawan,wmo:None
arjawinangun,"Arjawinangun, Cirebon",2026-10-03,32.09.24.2004,Arjawinangun,kecamatan,no,-6.6453,108.4103,Asia/Jakarta,"BMKG point: Arjawinangun, Kecamatan Arjawinangun",03-10-2026,KMA,Open-Meteo / KMA,18:00,2026-10-03 18:00:00,,,,,0.0,0.5476,Berawan,wmo:None
arjawinangun,"Arjawinangun, Cirebon",2026-10-03,32.09.24.2004,Arjawinangun,kecamatan,no,-6.6453,108.4103,Asia/Jakarta,"BMKG point: Arjawinangun, Kecamatan Arjawinangun",03-10-2026,KMA,Open-Meteo / KMA,19:00,2026-10-03 19:00:00,,,,,0.0,0.5476,Berawan,wmo:None
arjawinangun,"Arjawinangun, Cirebon",2026-10-03,32.09.24.2004,Arjawinangun,kecamatan,no,-6.6453,108.4103,Asia/Jakarta,"BMKG point: Arjawinangun, Kecamatan Arjawinangun",03-10-2026,KMA,Open-Meteo / KMA,20:00,2026-10-03 20:00:00,,,,,0.0,0.5476,Berawan,wmo:None
arjawinangun,"Arjawinangun, Cirebon",2026-10-03,32.09.24.2004,Arjawinangun,kecamatan,no,-6.6453,108.4103,Asia/Jakarta,"BMKG point: Arjawinangun, Kecamatan Arjawinangun",03-10-2026,KMA,Open-Meteo / KMA,21:00,2026-10-03 21:00:00,,,,,0.0,0.5476,Berawan,wmo:None
arjawinangun,"Arjawinangun, Cirebon",2026-10-03,32.09.24.2004,Arjawinangun,kecamatan,no,-6.6453,108.4103,Asia/Jakarta,"BMKG point: Arjawinangun, Kecamatan Arjawinangun",03-10-2026,KMA,Open-Meteo / KMA,22:00,2026-10-03 22:00:00,,,,,0.0,0.5476,Berawan,wmo:None
arjawinangun,"Arjawinangun, Cirebon",2026-10-03,32.09.24.2004,Arjawinangun,kecamatan,no,-6.6453,108.4103,Asia/Jakarta,"BMKG point: Arjawinangun, Kecamatan Arjawinangun",03-10-2026,KMA,Open-Meteo / KMA,23:00,2026-10-03 23:00:00,,,,,0.0,0.5476,Berawan,wmo:None
arjawinangun,"Arjawinangun, Cirebon",2026-10-03,32.09.24.2004,Arjawinangun,kecamatan,no,-6.6453,108.4103,Asia/Jakarta,"BMKG point: Arjawinangun, Kecamatan Arjawinangun",03-10-2026,METEOFRANCE,Open-Meteo / Meteo-France,00:00,2026-10-03 00:00:00,28.3,64.0,0.0,14.1,0.0,1.5468,Cerah Berawan,wmo:2
arjawinangun,"Arjawinangun, Cirebon",2026-10-03,32.09.24.2004,Arjawinangun,kecamatan,no,-6.6453,108.4103,Asia/Jakarta,"BMKG point: Arjawinangun, Kecamatan Arjawinangun",03-10-2026,METEOFRANCE,Open-Meteo / Meteo-France,01:00,2026-10-03 01:00:00,28.0,64.0,0.0,14.5,0.0,1.5468,Berawan,wmo:3
arjawinangun,"Arjawinangun, Cirebon",2026-10-03,32.09.24.2004,Arjawinangun,kecamatan,no,-6.6453,108.4103,Asia/Jakarta,"BMKG point: Arjawinangun, Kecamatan Arjawinangun",03-10-2026,METEOFRANCE,Open-Meteo / Meteo-France,02:00,2026-10-03 02:00:00,27.7,64.0,0.0,15.2,0.0,1.5468,Berawan,wmo:3
arjawinangun,"Arjawinangun, Cirebon",2026-10-03,32.09.24.2004,Arjawinangun,kecamatan,no,-6.6453,108.4103,Asia/Jakarta,"BMKG point: Arjawinangun, Kecamatan Arjawinangun",03-10-2026,METEOFRANCE,Open-Meteo / Meteo-France,03:00,2026-10-03 03:00:00,27.6,64.0,0.0,14.9,0.0,1.5468,Berawan,wmo:3
arjawinangun,"Arjawinangun, Cirebon",2026-10-03,32.09.24.2004,Arjawinangun,kecamatan,no,-6.6453,108.4103,Asia/Jakarta,"BMKG point: Arjawinangun, Kecamatan Arjawinangun",03-10-2026,METEOFRANCE,Open-Meteo / Meteo-France,04:00,2026-10-03 04:00:00,27.4,64.0,0.0,14.6,0.0,1.5468,Berawan,wmo:3
arjawinangun,"Arjawinangun, Cirebon",2026-10-03,32.09.24.2004,Arjawinangun,kecamatan,no,-6.6453,108.4103,Asia/Jakarta,"BMKG point: Arjawinangun, Kecamatan Arjawinangun",03-10-2026,METEOFRANCE,Open-Meteo / Meteo-France,05:00,2026-10-03 05:00:00,27.4,64.0,0.0,14.1,0.0,1.5468,Berawan,wmo:3
arjawinangun,"Arjawinangun, Cirebon",2026-10-03,32.09.24.2004,Arjawinangun,kecamatan,no,-6.6453,108.4103,Asia/Jakarta,"BMKG point: Arjawinangun, Kecamatan Arjawinangun",03-10-2026,METEOFRANCE,Open-Meteo / Meteo-France,06:00,2026-10-03 06:00:00,27.4,63.0,0.0,14.6,0.0,1.5468,Berawan,wmo:3
arjawinangun,"Arjawinangun, Cirebon",2026-10-03,32.09.24.2004,Arjawinangun,kecamatan,no,-6.6453,108.4103,Asia/Jakarta,"BMKG point: Arjawinangun, Kecamatan Arjawinangun",03-10-2026,METEOFRANCE,Open-Meteo / Meteo-France,07:00,2026-10-03 07:00:00,28.4,58.0,0.0,14.8,0.0,1.5468,Berawan,wmo:3
arjawinangun,"Arjawinangun, Cirebon",2026-10-03,32.09.24.2004,Arjawinangun,kecamatan,no,-6.6453,108.4103,Asia/Jakarta,"BMKG point: Arjawinangun, Kecamatan Arjawinangun",03-10-2026,METEOFRANCE,Open-Meteo / Meteo-France,08:00,2026-10-03 08:00:00,30.4,50.0,0.0,14.0,0.0,1.5468,Cerah Berawan,wmo:2
arjawinangun,"Arjawinangun, Cirebon",2026-10-03,32.09.24.2004,Arjawinangun,kecamatan,no,-6.6453,108.4103,Asia/Jakarta,"BMKG point: Arjawinangun, Kecamatan Arjawinangun",03-10-2026,METEOFRANCE,Open-Meteo / Meteo-France,09:00,2026-10-03 09:00:00,32.2,46.0,0.0,11.2,0.0,1.5468,Berawan,wmo:3
arjawinangun,"Arjawinangun, Cirebon",2026-10-03,32.09.24.2004,Arjawinangun,kecamatan,no,-6.6453,108.4103,Asia/Jakarta,"BMKG point: Arjawinangun, Kecamatan Arjawinangun",03-10-2026,METEOFRANCE,Open-Meteo / Meteo-France,10:00,2026-10-03 10:00:00,33.8,43.0,0.0,9.7,0.0,1.5468,Berawan,wmo:3
arjawinangun,"Arjawinangun, Cirebon",2026-10-03,32.09.24.2004,Arjawinangun,kecamatan,no,-6.6453,108.4103,Asia/Jakarta,"BMKG point: Arjawinangun, Kecamatan Arjawinangun",03-10-2026,METEOFRANCE,Open-Meteo / Meteo-France,11:00,2026-10-03 11:00:00,35.3,36.0,0.0,11.5,0.0,1.5468,Berawan,wmo:3
arjawinangun,"Arjawinangun, Cirebon",2026-10-03,32.09.24.2004,Arjawinangun,kecamatan,no,-6.6453,108.4103,Asia/Jakarta,"BMKG point: Arjawinangun, Kecamatan Arjawinangun",03-10-2026,METEOFRANCE,Open-Meteo / Meteo-France,12:00,2026-10-03 12:00:00,36.0,32.0,0.0,13.0,0.0,1.5468,Berawan,wmo:3
arjawinangun,"Arjawinangun, Cirebon",2026-10-03,32.09.24.2004,Arjawinangun,kecamatan,no,-6.6453,108.4103,Asia/Jakarta,"BMKG point: Arjawinangun, Kecamatan Arjawinangun",03-10-2026,METEOFRANCE,Open-Meteo / Meteo-France,13:00,2026-10-03 13:00:00,35.9,32.0,0.0,13.5,0.0,1.5468,Berawan,wmo:3
arjawinangun,"Arjawinangun, Cirebon",2026-10-03,32.09.24.2004,Arjawinangun,kecamatan,no,-6.6453,108.4103,Asia/Jakarta,"BMKG point: Arjawinangun, Kecamatan Arjawinangun",03-10-2026,METEOFRANCE,Open-Meteo / Meteo-France,14:00,2026-10-03 14:00:00,35.8,31.0,0.0,15.0,0.0,1.5468,Berawan,wmo:3
arjawinangun,"Arjawinangun, Cirebon",2026-10-03,32.09.24.2004,Arjawinangun,kecamatan,no,-6.6453,108.4103,Asia/Jakarta,"BMKG point: Arjawinangun, Kecamatan Arjawinangun",03-10-2026,METEOFRANCE,Open-Meteo / Meteo-France,15:00,2026-10-03 15:00:00,35.4,31.0,0.0,16.1,0.0,1.5468,Cerah Berawan,wmo:2
arjawinangun,"Arjawinangun, Cirebon",2026-10-03,32.09.24.2004,Arjawinangun,kecamatan,no,-6.6453,108.4103,Asia/Jakarta,"BMKG point: Arjawinangun, Kecamatan Arjawinangun",03-10-2026,METEOFRANCE,Open-Meteo / Meteo-France,16:00,2026-10-03 16:00:00,34.3,33.0,0.0,15.8,0.0,1.5468,Cerah Berawan,wmo:2
arjawinangun,"Arjawinangun, Cirebon",2026-10-03,32.09.24.2004,Arjawinangun,kecamatan,no,-6.6453,108.4103,Asia/Jakarta,"BMKG point: Arjawinangun, Kecamatan Arjawinangun",03-10-2026,METEOFRANCE,Open-Meteo / Meteo-France,17:00,2026-10-03 17:00:00,32.7,37.0,0.0,12.5,0.0,1.5468,Berawan,wmo:3
arjawinangun,"Arjawinangun, Cirebon",2026-10-03,32.09.24.2004,Arjawinangun,kecamatan,no,-6.6453,108.4103,Asia/Jakarta,"BMKG point: Arjawinangun, Kecamatan Arjawinangun",03-10-2026,METEOFRANCE,Open-Meteo / Meteo-France,18:00,2026-10-03 18:00:00,31.1,44.0,0.0,9.5,0.0,1.5468,Berawan,wmo:3
arjawinangun,"Arjawinangun, Cirebon",2026-10-03,32.09.24.2004,Arjawinangun,kecamatan,no,-6.6453,108.4103,Asia/Jakarta,"BMKG point: Arjawinangun, Kecamatan Arjawinangun",03-10-2026,METEOFRANCE,Open-Meteo / Meteo-France,19:00,2026-10-03 19:00:00,30.1,54.0,0.0,9.0,0.0,1.5468,Berawan,wmo:3
arjawinangun,"Arjawinangun, Cirebon",2026-10-03,32.09.24.2004,Arjawinangun,kecamatan,no,-6.6453,108.4103,Asia/Jakarta,"BMKG point: Arjawinangun, Kecamatan Arjawinangun",03-10-2026,METEOFRANCE,Open-Meteo / Meteo-France,20:00,2026-10-03 20:00:00,29.7,61.0,0.0,9.2,0.0,1.5468,Berawan,wmo:3
arjawinangun,"Arjawinangun, Cirebon",2026-10-03,32.09.24.2004,Arjawinangun,kecamatan,no,-6.6453,108.4103,Asia/Jakarta,"BMKG point: Arjawinangun, Kecamatan Arjawinangun",03-10-2026,METEOFRANCE,Open-Meteo / Meteo-France,21:00,2026-10-03 21:00:00,29.4,64.0,0.0,9.8,0.0,1.5468,Berawan,wmo:3
arjawinangun,"Arjawinangun, Cirebon",2026-10-03,32.09.24.2004,Arjawinangun,kecamatan,no,-6.6453,108.4103,Asia/Jakarta,"BMKG point: Arjawinangun, Kecamatan Arjawinangun",03-10-2026,METEOFRANCE,Open-Meteo / Meteo-France,22:00,2026-10-03 22:00:00,29.2,64.0,0.0,10.4,0.0,1.5468,Berawan,wmo:3
arjawinangun,"Arjawinangun, Cirebon",2026-10-03,32.09.24.2004,Arjawinangun,kecamatan,no,-6.6453,108.4103,Asia/Jakarta,"BMKG point: Arjawinangun, Kecamatan Arjawinangun",03-10-2026,METEOFRANCE,Open-Meteo / Meteo-France,23:00,2026-10-03 23:00:00,29.0,64.0,0.0,11.4,0.0,1.5468,Berawan,wmo:3
arjawinangun,"Arjawinangun, Cirebon",2026-10-03,32.09.24.2004,Arjawinangun,kecamatan,no,-6.6453,108.4103,Asia/Jakarta,"BMKG point: Arjawinangun, Kecamatan Arjawinangun",03-10-2026,METNO,MET Norway,19:00,2026-10-03 21:00:00,29.2,64.6,0.0,13.32,120.0,0.7685,Cerah Berawan,partlycloudy_night
arjawinangun,"Arjawinangun, Cirebon",2026-10-03,32.09.24.2004,Arjawinangun,kecamatan,no,-6.6453,108.4103,Asia/Jakarta,"BMKG point: Arjawinangun, Kecamatan Arjawinangun",03-10-2026,METNO,MET Norway,20:00,2026-10-03 21:00:00,29.2,64.6,0.0,13.32,60.0,1.0479,Cerah Berawan,partlycloudy_night
arjawinangun,"Arjawinangun, Cirebon",2026-10-03,32.09.24.2004,Arjawinangun,kecamatan,no,-6.6453,108.4103,Asia/Jakarta,"BMKG point: Arjawinangun, Kecamatan Arjawinangun",03-10-2026,METNO,MET Norway,21:00,2026-10-03 21:00:00,29.2,64.6,0.0,13.32,0.0,1.3972,Cerah Berawan,partlycloudy_night
arjawinangun,"Arjawinangun, Cirebon",2026-10-03,32.09.24.2004,Arjawinangun,kecamatan,no,-6.6453,108.4103,Asia/Jakarta,"BMKG point: Arjawinangun, Kecamatan Arjawinangun",03-10-2026,METNO,MET Norway,22:00,2026-10-03 22:00:00,28.9,63.1,0.0,11.52,0.0,1.3972,Cerah Berawan,partlycloudy_night
arjawinangun,"Arjawinangun, Cirebon",2026-10-03,32.09.24.2004,Arjawinangun,kecamatan,no,-6.6453,108.4103,Asia/Jakarta,"BMKG point: Arjawinangun, Kecamatan Arjawinangun",03-10-2026,METNO,MET Norway,23:00,2026-10-03 23:00:00,28.4,63.3,0.0,9.72,0.0,1.3972,Cerah Berawan,partlycloudy_night
arjawinangun,"Arjawinangun, Cirebon",2026-10-03,32.09.24.2004,Arjawinangun,kecamatan,no,-6.6453,108.4103,Asia/Jakarta,"BMKG point: Arjawinangun, Kecamatan Arjawinangun",03-10-2026,UKMO,Open-Meteo / UK Met Office,00:00,2026-10-03 00:00:00,26.5,73.0,0.0,6.5,0.0,1.3255,Cerah,wmo:0
arjawinangun,"Arjawinangun, Cirebon",2026-10-03,32.09.24.2004,Arjawinangun,kecamatan,no,-6.6453,108.4103,Asia/Jakarta,"BMKG point: Arjawinangun, Kecamatan Arjawinangun",03-10-2026,UKMO,Open-Meteo / UK Met Office,01:00,2026-10-03 01:00:00,25.8,73.0,0.0,6.8,0.0,1.3255,Cerah,wmo:0
arjawinangun,"Arjawinangun, Cirebon",2026-10-03,32.09.24.2004,Arjawinangun,kecamatan,no,-6.6453,108.4103,Asia/Jakarta,"BMKG point: Arjawinangun, Kecamatan Arjawinangun",03-10-2026,UKMO,Open-Meteo / UK Met Office,02:00,2026-10-03 02:00:00,25.5,74.0,0.0,6.8,0.0,1.3255,Cerah,wmo:0
arjawinangun,"Arjawinangun, Cirebon",2026-10-03,32.09.24.2004,Arjawinangun,kecamatan,no,-6.6453,108.4103,Asia/Jakarta,"BMKG point: Arjawinangun, Kecamatan Arjawinangun",03-10-2026,UKMO,Open-Meteo / UK Met Office,03:00,2026-10-03 03:00:00,25.2,74.0,0.0,7.6,0.0,1.3255,Cerah,wmo:0
arjawinangun,"Arjawinangun, Cirebon",2026-10-03,32.09.24.2004,Arjawinangun,kecamatan,no,-6.6453,108.4103,Asia/Jakarta,"BMKG point: Arjawinangun, Kecamatan Arjawinangun",03-10-2026,UKMO,Open-Meteo / UK Met Office,04:00,2026-10-03 04:00:00,25.1,73.0,0.0,8.3,0.0,1.3255,Cerah,wmo:0
arjawinangun,"Arjawinangun, Cirebon",2026-10-03,32.09.24.2004,Arjawinangun,kecamatan,no,-6.6453,108.4103,Asia/Jakarta,"BMKG point: Arjawinangun, Kecamatan Arjawinangun",03-10-2026,UKMO,Open-Meteo / UK Met Office,05:00,2026-10-03 05:00:00,24.7,74.0,0.0,7.9,0.0,1.3255,Cerah,wmo:0
arjawinangun,"Arjawinangun, Cirebon",2026-10-03,32.09.24.2004,Arjawinangun,kecamatan,no,-6.6453,108.4103,Asia/Jakarta,"BMKG point: Arjawinangun, Kecamatan Arjawinangun",03-10-2026,UKMO,Open-Meteo / UK Met Office,06:00,2026-10-03 06:00:00,25.0,75.0,0.0,5.8,0.0,1.3255,Cerah,wmo:0
arjawinangun,"Arjawinangun, Cirebon",2026-10-03,32.09.24.2004,Arjawinangun,kecamatan,no,-6.6453,108.4103,Asia/Jakarta,"BMKG point: Arjawinangun, Kecamatan Arjawinangun",03-10-2026,UKMO,Open-Meteo / UK Met Office,07:00,2026-10-03 07:00:00,27.1,65.0,0.0,8.3,0.0,1.3255,Cerah,wmo:0
arjawinangun,"Arjawinangun, Cirebon",2026-10-03,32.09.24.2004,Arjawinangun,kecamatan,no,-6.6453,108.4103,Asia/Jakarta,"BMKG point: Arjawinangun, Kecamatan Arjawinangun",03-10-2026,UKMO,Open-Meteo / UK Met Office,08:00,2026-10-03 08:00:00,29.2,57.0,0.0,10.1,0.0,1.3255,Cerah,wmo:0
arjawinangun,"Arjawinangun, Cirebon",2026-10-03,32.09.24.2004,Arjawinangun,kecamatan,no,-6.6453,108.4103,Asia/Jakarta,"BMKG point: Arjawinangun, Kecamatan Arjawinangun",03-10-2026,UKMO,Open-Meteo / UK Met Office,09:00,2026-10-03 09:00:00,31.4,49.0,0.0,11.5,0.0,1.3255,Cerah Berawan,wmo:1
arjawinangun,"Arjawinangun, Cirebon",2026-10-03,32.09.24.2004,Arjawinangun,kecamatan,no,-6.6453,108.4103,Asia/Jakarta,"BMKG point: Arjawinangun, Kecamatan Arjawinangun",03-10-2026,UKMO,Open-Meteo / UK Met Office,10:00,2026-10-03 10:00:00,32.2,46.0,0.0,13.7,0.0,1.3255,Cerah Berawan,wmo:1
arjawinangun,"Arjawinangun, Cirebon",2026-10-03,32.09.24.2004,Arjawinangun,kecamatan,no,-6.6453,108.4103,Asia/Jakarta,"BMKG point: Arjawinangun, Kecamatan Arjawinangun",03-10-2026,UKMO,Open-Meteo / UK Met Office,11:00,2026-10-03 11:00:00,33.2,41.0,0.0,15.5,0.0,1.3255,Cerah Berawan,wmo:1
arjawinangun,"Arjawinangun, Cirebon",2026-10-03,32.09.24.2004,Arjawinangun,kecamatan,no,-6.6453,108.4103,Asia/Jakarta,"BMKG point: Arjawinangun, Kecamatan Arjawinangun",03-10-2026,UKMO,Open-Meteo / UK Met Office,12:00,2026-10-03 12:00:00,33.6,38.0,0.0,16.6,0.0,1.3255,Cerah Berawan,wmo:1
arjawinangun,"Arjawinangun, Cirebon",2026-10-03,32.09.24.2004,Arjawinangun,kecamatan,no,-6.6453,108.4103,Asia/Jakarta,"BMKG point: Arjawinangun, Kecamatan Arjawinangun",03-10-2026,UKMO,Open-Meteo / UK Met Office,13:00,2026-10-03 13:00:00,31.9,44.0,0.0,17.6,0.0,1.3255,Cerah,wmo:0
arjawinangun,"Arjawinangun, Cirebon",2026-10-03,32.09.24.2004,Arjawinangun,kecamatan,no,-6.6453,108.4103,Asia/Jakarta,"BMKG point: Arjawinangun, Kecamatan Arjawinangun",03-10-2026,UKMO,Open-Meteo / UK Met Office,14:00,2026-10-03 14:00:00,33.2,39.0,0.0,18.7,0.0,1.3255,Cerah,wmo:0
arjawinangun,"Arjawinangun, Cirebon",2026-10-03,32.09.24.2004,Arjawinangun,kecamatan,no,-6.6453,108.4103,Asia/Jakarta,"BMKG point: Arjawinangun, Kecamatan Arjawinangun",03-10-2026,UKMO,Open-Meteo / UK Met Office,15:00,2026-10-03 15:00:00,32.5,44.0,0.0,18.4,0.0,1.3255,Cerah,wmo:0
arjawinangun,"Arjawinangun, Cirebon",2026-10-03,32.09.24.2004,Arjawinangun,kecamatan,no,-6.6453,108.4103,Asia/Jakarta,"BMKG point: Arjawinangun, Kecamatan Arjawinangun",03-10-2026,UKMO,Open-Meteo / UK Met Office,16:00,2026-10-03 16:00:00,31.2,52.0,0.0,15.5,0.0,1.3255,Cerah,wmo:0
arjawinangun,"Arjawinangun, Cirebon",2026-10-03,32.09.24.2004,Arjawinangun,kecamatan,no,-6.6453,108.4103,Asia/Jakarta,"BMKG point: Arjawinangun, Kecamatan Arjawinangun",03-10-2026,UKMO,Open-Meteo / UK Met Office,17:00,2026-10-03 17:00:00,29.9,59.0,0.0,13.0,0.0,1.3255,Cerah,wmo:0
arjawinangun,"Arjawinangun, Cirebon",2026-10-03,32.09.24.2004,Arjawinangun,kecamatan,no,-6.6453,108.4103,Asia/Jakarta,"BMKG point: Arjawinangun, Kecamatan Arjawinangun",03-10-2026,UKMO,Open-Meteo / UK Met Office,18:00,2026-10-03 18:00:00,29.0,63.0,0.0,10.4,0.0,1.3255,Cerah,wmo:0
arjawinangun,"Arjawinangun, Cirebon",2026-10-03,32.09.24.2004,Arjawinangun,kecamatan,no,-6.6453,108.4103,Asia/Jakarta,"BMKG point: Arjawinangun, Kecamatan Arjawinangun",03-10-2026,UKMO,Open-Meteo / UK Met Office,19:00,2026-10-03 19:00:00,28.6,67.0,0.0,9.0,0.0,1.3255,Cerah,wmo:0
arjawinangun,"Arjawinangun, Cirebon",2026-10-03,32.09.24.2004,Arjawinangun,kecamatan,no,-6.6453,108.4103,Asia/Jakarta,"BMKG point: Arjawinangun, Kecamatan Arjawinangun",03-10-2026,UKMO,Open-Meteo / UK Met Office,20:00,2026-10-03 20:00:00,28.4,69.0,0.0,10.1,0.0,1.3255,Cerah,wmo:0
arjawinangun,"Arjawinangun, Cirebon",2026-10-03,32.09.24.2004,Arjawinangun,kecamatan,no,-6.6453,108.4103,Asia/Jakarta,"BMKG point: Arjawinangun, Kecamatan Arjawinangun",03-10-2026,UKMO,Open-Meteo / UK Met Office,21:00,2026-10-03 21:00:00,28.2,69.0,0.0,12.2,0.0,1.3255,Cerah Berawan,wmo:1
arjawinangun,"Arjawinangun, Cirebon",2026-10-03,32.09.24.2004,Arjawinangun,kecamatan,no,-6.6453,108.4103,Asia/Jakarta,"BMKG point: Arjawinangun, Kecamatan Arjawinangun",03-10-2026,UKMO,Open-Meteo / UK Met Office,22:00,2026-10-03 22:00:00,27.5,66.0,0.0,11.9,0.0,1.3255,Cerah,wmo:0
arjawinangun,"Arjawinangun, Cirebon",2026-10-03,32.09.24.2004,Arjawinangun,kecamatan,no,-6.6453,108.4103,Asia/Jakarta,"BMKG point: Arjawinangun, Kecamatan Arjawinangun",03-10-2026,UKMO,Open-Meteo / UK Met Office,23:00,2026-10-03 23:00:00,26.9,67.0,0.0,10.1,0.0,1.3255,Cerah Berawan,wmo:1
arjawinangun,"Arjawinangun, Cirebon",2026-10-04,32.09.24.2004,Arjawinangun,kecamatan,no,-6.6453,108.4103,Asia/Jakarta,"BMKG point: Arjawinangun, Kecamatan Arjawinangun",04-10-2026,BMKG,BMKG,00:00,2026-10-04 01:00:00,22.0,74.0,0.0,1.1,60.0,1.2988,Cerah Berawan,Cerah Berawan
arjawinangun,"Arjawinangun, Cirebon",2026-10-04,32.09.24.2004,Arjawinangun,kecamatan,no,-6.6453,108.4103,Asia/Jakarta,"BMKG point: Arjawinangun, Kecamatan Arjawinangun",04-10-2026,BMKG,BMKG,01:00,2026-10-04 01:00:00,22.0,74.0,0.0,1.1,0.0,1.7317,Cerah Berawan,Cerah Berawan
arjawinangun,"Arjawinangun, Cirebon",2026-10-04,32.09.24.2004,Arjawinangun,kecamatan,no,-6.6453,108.4103,Asia/Jakarta,"BMKG point: Arjawinangun, Kecamatan Arjawinangun",04-10-2026,BMKG,BMKG,02:00,2026-10-04 01:00:00,22.0,74.0,0.0,1.1,60.0,1.2988,Cerah Berawan,Cerah Berawan
arjawinangun,"Arjawinangun, Cirebon",2026-10-04,32.09.24.2004,Arjawinangun,kecamatan,no,-6.6453,108.4103,Asia/Jakarta,"BMKG point: Arjawinangun, Kecamatan Arjawinangun",04-10-2026,BMKG,BMKG,03:00,2026-10-04 04:00:00,23.0,77.0,0.0,3.7,60.0,1.2988,Berawan,Berawan
arjawinangun,"Arjawinangun, Cirebon",2026-10-04,32.09.24.2004,Arjawinangun,kecamatan,no,-6.6453,108.4103,Asia/Jakarta,"BMKG point: Arjawinangun, Kecamatan Arjawinangun",04-10-2026,BMKG,BMKG,04:00,2026-10-04 04:00:00,23.0,77.0,0.0,3.7,0.0,1.7317,Berawan,Berawan
arjawinangun,"Arjawinangun, Cirebon",2026-10-04,32.09.24.2004,Arjawinangun,kecamatan,no,-6.6453,108.4103,Asia/Jakarta,"BMKG point: Arjawinangun, Kecamatan Arjawinangun",04-10-2026,BMKG,BMKG,05:00,2026-10-04 04:00:00,23.0,77.0,0.0,3.7,60.0,1.2988,Berawan,Berawan
arjawinangun,"Arjawinangun, Cirebon",2026-10-04,32.09.24.2004,Arjawinangun,kecamatan,no,-6.6453,108.4103,Asia/Jakarta,"BMKG point: Arjawinangun, Kecamatan Arjawinangun",04-10-2026,BMKG,BMKG,06:00,2026-10-04 07:00:00,30.0,50.0,0.0,4.6,60.0,1.2988,Cerah Berawan,Cerah Berawan
arjawinangun,"Arjawinangun, Cirebon",2026-10-04,32.09.24.2004,Arjawinangun,kecamatan,no,-6.6453,108.4103,Asia/Jakarta,"BMKG point: Arjawinangun, Kecamatan Arjawinangun",04-10-2026,BMKG,BMKG,07:00,2026-10-04 07:00:00,30.0,50.0,0.0,4.6,0.0,1.7317,Cerah Berawan,Cerah Berawan
arjawinangun,"Arjawinangun, Cirebon",2026-10-04,32.09.24.2004,Arjawinangun,kecamatan,no,-6.6453,108.4103,Asia/Jakarta,"BMKG point: Arjawinangun, Kecamatan Arjawinangun",04-10-2026,BMKG,BMKG,08:00,2026-10-04 07:00:00,30.0,50.0,0.0,4.6,60.0,1.2988,Cerah Berawan,Cerah Berawan
arjawinangun,"Arjawinangun, Cirebon",2026-10-04,32.09.24.2004,Arjawinangun,kecamatan,no,-6.6453,108.4103,Asia/Jakarta,"BMKG point: Arjawinangun, Kecamatan Arjawinangun",04-10-2026,BMKG,BMKG,09:00,2026-10-04 10:00:00,36.0,35.0,0.0,5.8,60.0,1.2988,Berawan,Berawan
arjawinangun,"Arjawinangun, Cirebon",2026-10-04,32.09.24.2004,Arjawinangun,kecamatan,no,-6.6453,108.4103,Asia/Jakarta,"BMKG point: Arjawinangun, Kecamatan Arjawinangun",04-10-2026,BMKG,BMKG,10:00,2026-10-04 10:00:00,36.0,35.0,0.0,5.8,0.0,1.7317,Berawan,Berawan
arjawinangun,"Arjawinangun, Cirebon",2026-10-04,32.09.24.2004,Arjawinangun,kecamatan,no,-6.6453,108.4103,Asia/Jakarta,"BMKG point: Arjawinangun, Kecamatan Arjawinangun",04-10-2026,BMKG,BMKG,11:00,2026-10-04 10:00:00,36.0,35.0,0.0,5.8,60.0,1.2988,Berawan,Berawan
arjawinangun,"Arjawinangun, Cirebon",2026-10-04,32.09.24.2004,Arjawinangun,kecamatan,no,-6.6453,108.4103,Asia/Jakarta,"BMKG point: Arjawinangun, Kecamatan Arjawinangun",04-10-2026,BMKG,BMKG,12:00,2026-10-04 13:00:00,35.0,36.0,0.0,13.7,60.0,1.2988,Berawan,Berawan
arjawinangun,"Arjawinangun, Cirebon",2026-10-04,32.09.24.2004,Arjawinangun,kecamatan,no,-6.6453,108.4103,Asia/Jakarta,"BMKG point: Arjawinangun, Kecamatan Arjawinangun",04-10-2026,BMKG,BMKG,13:00,2026-10-04 13:00:00,35.0,36.0,0.0,13.7,0.0,1.7317,Berawan,Berawan
arjawinangun,"Arjawinangun, Cirebon",2026-10-04,32.09.24.2004,Arjawinangun,kecamatan,no,-6.6453,108.4103,Asia/Jakarta,"BMKG point: Arjawinangun, Kecamatan Arjawinangun",04-10-2026,BMKG,BMKG,14:00,2026-10-04 13:00:00,35.0,36.0,0.0,13.7,60.0,1.2988,Berawan,Berawan
arjawinangun,"Arjawinangun, Cirebon",2026-10-04,32.09.24.2004,Arjawinangun,kecamatan,no,-6.6453,108.4103,Asia/Jakarta,"BMKG point: Arjawinangun, Kecamatan Arjawinangun",04-10-2026,BMKG,BMKG,15:00,2026-10-04 16:00:00,30.0,55.0,0.0,14.7,60.0,1.2988,Berawan,Berawan
arjawinangun,"Arjawinangun, Cirebon",2026-10-04,32.09.24.2004,Arjawinangun,kecamatan,no,-6.6453,108.4103,Asia/Jakarta,"BMKG point: Arjawinangun, Kecamatan Arjawinangun",04-10-2026,BMKG,BMKG,16:00,2026-10-04 16:00:00,30.0,55.0,0.0,14.7,0.0,1.7317,Berawan,Berawan
arjawinangun,"Arjawinangun, Cirebon",2026-10-04,32.09.24.2004,Arjawinangun,kecamatan,no,-6.6453,108.4103,Asia/Jakarta,"BMKG point: Arjawinangun, Kecamatan Arjawinangun",04-10-2026,BMKG,BMKG,17:00,2026-10-04 16:00:00,30.0,55.0,0.0,14.7,60.0,1.2988,Berawan,Berawan
arjawinangun,"Arjawinangun, Cirebon",2026-10-04,32.09.24.2004,Arjawinangun,kecamatan,no,-6.6453,108.4103,Asia/Jakarta,"BMKG point: Arjawinangun, Kecamatan Arjawinangun",04-10-2026,BMKG,BMKG,18:00,2026-10-04 19:00:00,27.0,81.0,0.0,4.3,60.0,1.2988,Berawan,Berawan
arjawinangun,"Arjawinangun, Cirebon",2026-10-04,32.09.24.2004,Arjawinangun,kecamatan,no,-6.6453,108.4103,Asia/Jakarta,"BMKG point: Arjawinangun, Kecamatan Arjawinangun",04-10-2026,BMKG,BMKG,19:00,2026-10-04 19:00:00,27.0,81.0,0.0,4.3,0.0,1.7317,Berawan,Berawan
arjawinangun,"Arjawinangun, Cirebon",2026-10-04,32.09.24.2004,Arjawinangun,kecamatan,no,-6.6453,108.4103,Asia/Jakarta,"BMKG point: Arjawinangun, Kecamatan Arjawinangun",04-10-2026,BMKG,BMKG,20:00,2026-10-04 19:00:00,27.0,81.0,0.0,4.3,60.0,1.2988,Berawan,Berawan
arjawinangun,"Arjawinangun, Cirebon",2026-10-04,32.09.24.2004,Arjawinangun,kecamatan,no,-6.6453,108.4103,Asia/Jakarta,"BMKG point: Arjawinangun, Kecamatan Arjawinangun",04-10-2026,BMKG,BMKG,21:00,2026-10-04 22:00:00,25.0,82.0,0.0,1.7,60.0,1.2988,Berawan,Berawan
arjawinangun,"Arjawinangun, Cirebon",2026-10-04,32.09.24.2004,Arjawinangun,kecamatan,no,-6.6453,108.4103,Asia/Jakarta,"BMKG point: Arjawinangun, Kecamatan Arjawinangun",04-10-2026,BMKG,BMKG,22:00,2026-10-04 22:00:00,25.0,82.0,0.0,1.7,0.0,1.7317,Berawan,Berawan
arjawinangun,"Arjawinangun, Cirebon",2026-10-04,32.09.24.2004,Arjawinangun,kecamatan,no,-6.6453,108.4103,Asia/Jakarta,"BMKG point: Arjawinangun, Kecamatan Arjawinangun",04-10-2026,BMKG,BMKG,23:00,2026-10-04 22:00:00,25.0,82.0,0.0,1.7,60.0,1.2988,Berawan,Berawan
arjawinangun,"Arjawinangun, Cirebon",2026-10-04,32.09.24.2004,Arjawinangun,kecamatan,no,-6.6453,108.4103,Asia/Jakarta,"BMKG point: Arjawinangun, Kecamatan Arjawinangun",04-10-2026,CMA,Open-Meteo / CMA GRAPES,00:00,2026-10-04 00:00:00,25.1,83.0,0.0,10.7,0.0,1.1588,Cerah,wmo:0
arjawinangun,"Arjawinangun, Cirebon",2026-10-04,32.09.24.2004,Arjawinangun,kecamatan,no,-6.6453,108.4103,Asia/Jakarta,"BMKG point: Arjawinangun, Kecamatan Arjawinangun",04-10-2026,CMA,Open-Meteo / CMA GRAPES,01:00,2026-10-04 01:00:00,24.8,83.0,0.0,10.8,0.0,1.1588,Cerah,wmo:0
arjawinangun,"Arjawinangun, Cirebon",2026-10-04,32.09.24.2004,Arjawinangun,kecamatan,no,-6.6453,108.4103,Asia/Jakarta,"BMKG point: Arjawinangun, Kecamatan Arjawinangun",04-10-2026,CMA,Open-Meteo / CMA GRAPES,02:00,2026-10-04 02:00:00,24.6,84.0,0.0,10.8,0.0,1.1588,Cerah,wmo:0
arjawinangun,"Arjawinangun, Cirebon",2026-10-04,32.09.24.2004,Arjawinangun,kecamatan,no,-6.6453,108.4103,Asia/Jakarta,"BMKG point: Arjawinangun, Kecamatan Arjawinangun",04-10-2026,CMA,Open-Meteo / CMA GRAPES,03:00,2026-10-04 03:00:00,24.4,84.0,0.0,11.2,0.0,1.1588,Cerah,wmo:0
arjawinangun,"Arjawinangun, Cirebon",2026-10-04,32.09.24.2004,Arjawinangun,kecamatan,no,-6.6453,108.4103,Asia/Jakarta,"BMKG point: Arjawinangun, Kecamatan Arjawinangun",04-10-2026,CMA,Open-Meteo / CMA GRAPES,04:00,2026-10-04 04:00:00,24.4,84.0,0.0,11.2,0.0,1.1588,Cerah,wmo:0
arjawinangun,"Arjawinangun, Cirebon",2026-10-04,32.09.24.2004,Arjawinangun,kecamatan,no,-6.6453,108.4103,Asia/Jakarta,"BMKG point: Arjawinangun, Kecamatan Arjawinangun",04-10-2026,CMA,Open-Meteo / CMA GRAPES,05:00,2026-10-04 05:00:00,24.6,83.0,0.0,11.6,0.0,1.1588,Cerah,wmo:0
arjawinangun,"Arjawinangun, Cirebon",2026-10-04,32.09.24.2004,Arjawinangun,kecamatan,no,-6.6453,108.4103,Asia/Jakarta,"BMKG point: Arjawinangun, Kecamatan Arjawinangun",04-10-2026,CMA,Open-Meteo / CMA GRAPES,06:00,2026-10-04 06:00:00,25.1,81.0,0.0,12.2,0.0,1.1588,Cerah,wmo:0
arjawinangun,"Arjawinangun, Cirebon",2026-10-04,32.09.24.2004,Arjawinangun,kecamatan,no,-6.6453,108.4103,Asia/Jakarta,"BMKG point: Arjawinangun, Kecamatan Arjawinangun",04-10-2026,CMA,Open-Meteo / CMA GRAPES,07:00,2026-10-04 07:00:00,25.9,78.0,0.0,12.4,0.0,1.1588,Cerah,wmo:0
arjawinangun,"Arjawinangun, Cirebon",2026-10-04,32.09.24.2004,Arjawinangun,kecamatan,no,-6.6453,108.4103,Asia/Jakarta,"BMKG point: Arjawinangun, Kecamatan Arjawinangun",04-10-2026,CMA,Open-Meteo / CMA GRAPES,08:00,2026-10-04 08:00:00,27.1,73.0,0.0,12.9,0.0,1.1588,Cerah,wmo:0
arjawinangun,"Arjawinangun, Cirebon",2026-10-04,32.09.24.2004,Arjawinangun,kecamatan,no,-6.6453,108.4103,Asia/Jakarta,"BMKG point: Arjawinangun, Kecamatan Arjawinangun",04-10-2026,CMA,Open-Meteo / CMA GRAPES,09:00,2026-10-04 09:00:00,28.5,67.0,0.0,13.1,0.0,1.1588,Cerah,wmo:0
arjawinangun,"Arjawinangun, Cirebon",2026-10-04,32.09.24.2004,Arjawinangun,kecamatan,no,-6.6453,108.4103,Asia/Jakarta,"BMKG point: Arjawinangun, Kecamatan Arjawinangun",04-10-2026,CMA,Open-Meteo / CMA GRAPES,10:00,2026-10-04 10:00:00,29.9,61.0,0.0,13.4,0.0,1.1588,Cerah,wmo:0
arjawinangun,"Arjawinangun, Cirebon",2026-10-04,32.09.24.2004,Arjawinangun,kecamatan,no,-6.6453,108.4103,Asia/Jakarta,"BMKG point: Arjawinangun, Kecamatan Arjawinangun",04-10-2026,CMA,Open-Meteo / CMA GRAPES,11:00,2026-10-04 11:00:00,31.1,56.0,0.0,13.3,0.0,1.1588,Cerah,wmo:0
arjawinangun,"Arjawinangun, Cirebon",2026-10-04,32.09.24.2004,Arjawinangun,kecamatan,no,-6.6453,108.4103,Asia/Jakarta,"BMKG point: Arjawinangun, Kecamatan Arjawinangun",04-10-2026,CMA,Open-Meteo / CMA GRAPES,12:00,2026-10-04 12:00:00,32.1,51.0,0.0,13.5,0.0,1.1588,Cerah,wmo:0
arjawinangun,"Arjawinangun, Cirebon",2026-10-04,32.09.24.2004,Arjawinangun,kecamatan,no,-6.6453,108.4103,Asia/Jakarta,"BMKG point: Arjawinangun, Kecamatan Arjawinangun",04-10-2026,CMA,Open-Meteo / CMA GRAPES,13:00,2026-10-04 13:00:00,32.7,49.0,0.0,13.5,0.0,1.1588,Cerah,wmo:0
arjawinangun,"Arjawinangun, Cirebon",2026-10-04,32.09.24.2004,Arjawinangun,kecamatan,no,-6.6453,108.4103,Asia/Jakarta,"BMKG point: Arjawinangun, Kecamatan Arjawinangun",04-10-2026,CMA,Open-Meteo / CMA GRAPES,14:00,2026-10-04 14:00:00,32.6,51.0,0.0,14.1,0.0,1.1588,Cerah,wmo:0
arjawinangun,"Arjawinangun, Cirebon",2026-10-04,32.09.24.2004,Arjawinangun,kecamatan,no,-6.6453,108.4103,Asia/Jakarta,"BMKG point: Arjawinangun, Kecamatan Arjawinangun",04-10-2026,CMA,Open-Meteo / CMA GRAPES,15:00,2026-10-04 15:00:00,32.1,55.0,0.0,14.8,0.0,1.1588,Cerah,wmo:0
arjawinangun,"Arjawinangun, Cirebon",2026-10-04,32.09.24.2004,Arjawinangun,kecamatan,no,-6.6453,108.4103,Asia/Jakarta,"BMKG point: Arjawinangun, Kecamatan Arjawinangun",04-10-2026,CMA,Open-Meteo / CMA GRAPES,16:00,2026-10-04 16:00:00,31.3,60.0,0.0,15.1,0.0,1.1588,Cerah,wmo:0
arjawinangun,"Arjawinangun, Cirebon",2026-10-04,32.09.24.2004,Arjawinangun,kecamatan,no,-6.6453,108.4103,Asia/Jakarta,"BMKG point: Arjawinangun, Kecamatan Arjawinangun",04-10-2026,CMA,Open-Meteo / CMA GRAPES,17:00,2026-10-04 17:00:00,30.4,64.0,0.0,14.2,0.0,1.1588,Cerah,wmo:0
arjawinangun,"Arjawinangun, Cirebon",2026-10-04,32.09.24.2004,Arjawinangun,kecamatan,no,-6.6453,108.4103,Asia/Jakarta,"BMKG point: Arjawinangun, Kecamatan Arjawinangun",04-10-2026,CMA,Open-Meteo / CMA GRAPES,18:00,2026-10-04 18:00:00,29.2,69.0,0.0,12.8,0.0,1.1588,Cerah,wmo:0
arjawinangun,"Arjawinangun, Cirebon",2026-10-04,32.09.24.2004,Arjawinangun,kecamatan,no,-6.6453,108.4103,Asia/Jakarta,"BMKG point: Arjawinangun, Kecamatan Arjawinangun",04-10-2026,CMA,Open-Meteo / CMA GRAPES,19:00,2026-10-04 19:00:00,28.1,73.0,0.0,11.7,0.0,1.1588,Cerah,wmo:0
arjawinangun,"Arjawinangun, Cirebon",2026-10-04,32.09.24.2004,Arjawinangun,kecamatan,no,-6.6453,108.4103,Asia/Jakarta,"BMKG point: Arjawinangun, Kecamatan Arjawinangun",04-10-2026,CMA,Open-Meteo / CMA GRAPES,20:00,2026-10-04 20:00:00,27.2,76.0,0.0,11.0,0.0,1.1588,Cerah,wmo:0
arjawinangun,"Arjawinangun, Cirebon",2026-10-04,32.09.24.2004,Arjawinangun,kecamatan,no,-6.6453,108.4103,Asia/Jakarta,"BMKG point: Arjawinangun, Kecamatan Arjawinangun",04-10-2026,CMA,Open-Meteo / CMA GRAPES,21:00,2026-10-04 21:00:00,26.4,79.0,0.0,10.7,0.0,1.1588,Cerah,wmo:0
arjawinangun,"Arjawinangun, Cirebon",2026-10-04,32.09.24.2004,Arjawinangun,kecamatan,no,-6.6453,108.4103,Asia/Jakarta,"BMKG point: Arjawinangun, Kecamatan Arjawinangun",04-10-2026,CMA,Open-Meteo / CMA GRAPES,22:00,2026-10-04 22:00:00,25.8,81.0,0.0,10.6,0.0,1.1588,Cerah,wmo:0
arjawinangun,"Arjawinangun, Cirebon",2026-10-04,32.09.24.2004,Arjawinangun,kecamatan,no,-6.6453,108.4103,Asia/Jakarta,"BMKG point: Arjawinangun, Kecamatan Arjawinangun",04-10-2026,CMA,Open-Meteo / CMA GRAPES,23:00,2026-10-04 23:00:00,25.5,83.0,0.0,10.1,0.0,1.1588,Cerah,wmo:0
arjawinangun,"Arjawinangun, Cirebon",2026-10-04,32.09.24.2004,Arjawinangun,kecamatan,no,-6.6453,108.4103,Asia/Jakarta,"BMKG point: Arjawinangun, Kecamatan Arjawinangun",04-10-2026,ECMWF,Open-Meteo / ECMWF,00:00,2026-10-04 00:00:00,26.6,70.0,0.0,2.9,0.0,1.6882,Cerah Berawan,wmo:2
arjawinangun,"Arjawinangun, Cirebon",2026-10-04,32.09.24.2004,Arjawinangun,kecamatan,no,-6.6453,108.4103,Asia/Jakarta,"BMKG point: Arjawinangun, Kecamatan Arjawinangun",04-10-2026,ECMWF,Open-Meteo / ECMWF,01:00,2026-10-04 01:00:00,26.1,72.0,0.0,2.9,0.0,1.6882,Cerah Berawan,wmo:1
arjawinangun,"Arjawinangun, Cirebon",2026-10-04,32.09.24.2004,Arjawinangun,kecamatan,no,-6.6453,108.4103,Asia/Jakarta,"BMKG point: Arjawinangun, Kecamatan Arjawinangun",04-10-2026,ECMWF,Open-Meteo / ECMWF,02:00,2026-10-04 02:00:00,25.6,74.0,0.0,3.3,0.0,1.6882,Cerah Berawan,wmo:1
arjawinangun,"Arjawinangun, Cirebon",2026-10-04,32.09.24.2004,Arjawinangun,kecamatan,no,-6.6453,108.4103,Asia/Jakarta,"BMKG point: Arjawinangun, Kecamatan Arjawinangun",04-10-2026,ECMWF,Open-Meteo / ECMWF,03:00,2026-10-04 03:00:00,25.1,75.0,0.0,3.6,0.0,1.6882,Cerah Berawan,wmo:2
arjawinangun,"Arjawinangun, Cirebon",2026-10-04,32.09.24.2004,Arjawinangun,kecamatan,no,-6.6453,108.4103,Asia/Jakarta,"BMKG point: Arjawinangun, Kecamatan Arjawinangun",04-10-2026,ECMWF,Open-Meteo / ECMWF,04:00,2026-10-04 04:00:00,25.2,74.0,0.0,4.0,0.0,1.6882,Berawan,wmo:3
arjawinangun,"Arjawinangun, Cirebon",2026-10-04,32.09.24.2004,Arjawinangun,kecamatan,no,-6.6453,108.4103,Asia/Jakarta,"BMKG point: Arjawinangun, Kecamatan Arjawinangun",04-10-2026,ECMWF,Open-Meteo / ECMWF,05:00,2026-10-04 05:00:00,25.9,70.0,0.0,4.1,0.0,1.6882,Berawan,wmo:3
arjawinangun,"Arjawinangun, Cirebon",2026-10-04,32.09.24.2004,Arjawinangun,kecamatan,no,-6.6453,108.4103,Asia/Jakarta,"BMKG point: Arjawinangun, Kecamatan Arjawinangun",04-10-2026,ECMWF,Open-Meteo / ECMWF,06:00,2026-10-04 06:00:00,27.0,64.0,0.0,3.5,0.0,1.6882,Cerah Berawan,wmo:2
arjawinangun,"Arjawinangun, Cirebon",2026-10-04,32.09.24.2004,Arjawinangun,kecamatan,no,-6.6453,108.4103,Asia/Jakarta,"BMKG point: Arjawinangun, Kecamatan Arjawinangun",04-10-2026,ECMWF,Open-Meteo / ECMWF,07:00,2026-10-04 07:00:00,28.4,58.0,0.0,3.0,0.0,1.6882,Cerah Berawan,wmo:2
arjawinangun,"Arjawinangun, Cirebon",2026-10-04,32.09.24.2004,Arjawinangun,kecamatan,no,-6.6453,108.4103,Asia/Jakarta,"BMKG point: Arjawinangun, Kecamatan Arjawinangun",04-10-2026,ECMWF,Open-Meteo / ECMWF,08:00,2026-10-04 08:00:00,30.4,51.0,0.0,2.7,0.0,1.6882,Cerah Berawan,wmo:2
arjawinangun,"Arjawinangun, Cirebon",2026-10-04,32.09.24.2004,Arjawinangun,kecamatan,no,-6.6453,108.4103,Asia/Jakarta,"BMKG point: Arjawinangun, Kecamatan Arjawinangun",04-10-2026,ECMWF,Open-Meteo / ECMWF,09:00,2026-10-04 09:00:00,32.6,44.0,0.0,4.5,0.0,1.6882,Cerah Berawan,wmo:2
arjawinangun,"Arjawinangun, Cirebon",2026-10-04,32.09.24.2004,Arjawinangun,kecamatan,no,-6.6453,108.4103,Asia/Jakarta,"BMKG point: Arjawinangun, Kecamatan Arjawinangun",04-10-2026,ECMWF,Open-Meteo / ECMWF,10:00,2026-10-04 10:00:00,34.1,40.0,0.0,6.9,0.0,1.6882,Cerah Berawan,wmo:2
arjawinangun,"Arjawinangun, Cirebon",2026-10-04,32.09.24.2004,Arjawinangun,kecamatan,no,-6.6453,108.4103,Asia/Jakarta,"BMKG point: Arjawinangun, Kecamatan Arjawinangun",04-10-2026,ECMWF,Open-Meteo / ECMWF,11:00,2026-10-04 11:00:00,34.4,40.0,0.1,9.9,0.0,1.6882,Hujan Ringan,wmo:51
arjawinangun,"Arjawinangun, Cirebon",2026-10-04,32.09.24.2004,Arjawinangun,kecamatan,no,-6.6453,108.4103,Asia/Jakarta,"BMKG point: Arjawinangun, Kecamatan Arjawinangun",04-10-2026,ECMWF,Open-Meteo / ECMWF,12:00,2026-10-04 12:00:00,34.0,44.0,0.1,13.7,0.0,1.6882,Hujan Ringan,wmo:51
arjawinangun,"Arjawinangun, Cirebon",2026-10-04,32.09.24.2004,Arjawinangun,kecamatan,no,-6.6453,108.4103,Asia/Jakarta,"BMKG point: Arjawinangun, Kecamatan Arjawinangun",04-10-2026,ECMWF,Open-Meteo / ECMWF,13:00,2026-10-04 13:00:00,33.4,47.0,0.1,16.1,0.0,1.6882,Hujan Ringan,wmo:51
arjawinangun,"Arjawinangun, Cirebon",2026-10-04,32.09.24.2004,Arjawinangun,kecamatan,no,-6.6453,108.4103,Asia/Jakarta,"BMKG point: Arjawinangun, Kecamatan Arjawinangun",04-10-2026,ECMWF,Open-Meteo / ECMWF,14:00,2026-10-04 14:00:00,32.7,49.0,0.3,15.3,0.0,1.6882,Hujan Ringan,wmo:51
arjawinangun,"Arjawinangun, Cirebon",2026-10-04,32.09.24.2004,Arjawinangun,kecamatan,no,-6.6453,108.4103,Asia/Jakarta,"BMKG point: Arjawinangun, Kecamatan Arjawinangun",04-10-2026,ECMWF,Open-Meteo / ECMWF,15:00,2026-10-04 15:00:00,31.8,51.0,0.3,12.9,0.0,1.6882,Hujan Ringan,wmo:51
arjawinangun,"Arjawinangun, Cirebon",2026-10-04,32.09.24.2004,Arjawinangun,kecamatan,no,-6.6453,108.4103,Asia/Jakarta,"BMKG point: Arjawinangun, Kecamatan Arjawinangun",04-10-2026,ECMWF,Open-Meteo / ECMWF,16:00,2026-10-04 16:00:00,30.9,54.0,0.3,10.5,0.0,1.6882,Hujan Ringan,wmo:51
arjawinangun,"Arjawinangun, Cirebon",2026-10-04,32.09.24.2004,Arjawinangun,kecamatan,no,-6.6453,108.4103,Asia/Jakarta,"BMKG point: Arjawinangun, Kecamatan Arjawinangun",04-10-2026,ECMWF,Open-Meteo / ECMWF,17:00,2026-10-04 17:00:00,29.9,58.0,0.1,8.5,0.0,1.6882,Hujan Ringan,wmo:51
arjawinangun,"Arjawinangun, Cirebon",2026-10-04,32.09.24.2004,Arjawinangun,kecamatan,no,-6.6453,108.4103,Asia/Jakarta,"BMKG point: Arjawinangun, Kecamatan Arjawinangun",04-10-2026,ECMWF,Open-Meteo / ECMWF,18:00,2026-10-04 18:00:00,28.9,64.0,0.1,7.7,0.0,1.6882,Hujan Ringan,wmo:51
arjawinangun,"Arjawinangun, Cirebon",2026-10-04,32.09.24.2004,Arjawinangun,kecamatan,no,-6.6453,108.4103,Asia/Jakarta,"BMKG point: Arjawinangun, Kecamatan Arjawinangun",04-10-2026,ECMWF,Open-Meteo / ECMWF,19:00,2026-10-04 19:00:00,28.1,68.0,0.1,7.7,0.0,1.6882,Hujan Ringan,wmo:51
arjawinangun,"Arjawinangun, Cirebon",2026-10-04,32.09.24.2004,Arjawinangun,kecamatan,no,-6.6453,108.4103,Asia/Jakarta,"BMKG point: Arjawinangun, Kecamatan Arjawinangun",04-10-2026,ECMWF,Open-Meteo / ECMWF,20:00,2026-10-04 20:00:00,27.7,70.0,0.0,6.8,0.0,1.6882,Berawan,wmo:3
arjawinangun,"Arjawinangun, Cirebon",2026-10-04,32.09.24.2004,Arjawinangun,kecamatan,no,-6.6453,108.4103,Asia/Jakarta,"BMKG point: Arjawinangun, Kecamatan Arjawinangun",04-10-2026,ECMWF,Open-Meteo / ECMWF,21:00,2026-10-04 21:00:00,27.6,72.0,0.0,5.1,0.0,1.6882,Berawan,wmo:3
arjawinangun,"Arjawinangun, Cirebon",2026-10-04,32.09.24.2004,Arjawinangun,kecamatan,no,-6.6453,108.4103,Asia/Jakarta,"BMKG point: Arjawinangun, Kecamatan Arjawinangun",04-10-2026,ECMWF,Open-Meteo / ECMWF,22:00,2026-10-04 22:00:00,27.3,73.0,0.0,3.6,0.0,1.6882,Berawan,wmo:3
arjawinangun,"Arjawinangun, Cirebon",2026-10-04,32.09.24.2004,Arjawinangun,kecamatan,no,-6.6453,108.4103,Asia/Jakarta,"BMKG point: Arjawinangun, Kecamatan Arjawinangun",04-10-2026,ECMWF,Open-Meteo / ECMWF,23:00,2026-10-04 23:00:00,26.9,74.0,0.0,2.5,0.0,1.6882,Berawan,wmo:3
arjawinangun,"Arjawinangun, Cirebon",2026-10-04,32.09.24.2004,Arjawinangun,kecamatan,no,-6.6453,108.4103,Asia/Jakarta,"BMKG point: Arjawinangun, Kecamatan Arjawinangun",04-10-2026,GFS,Open-Meteo / NOAA GFS,00:00,2026-10-04 00:00:00,25.9,68.0,0.0,5.5,0.0,1.4066,Cerah Berawan,wmo:1
arjawinangun,"Arjawinangun, Cirebon",2026-10-04,32.09.24.2004,Arjawinangun,kecamatan,no,-6.6453,108.4103,Asia/Jakarta,"BMKG point: Arjawinangun, Kecamatan Arjawinangun",04-10-2026,GFS,Open-Meteo / NOAA GFS,01:00,2026-10-04 01:00:00,25.5,68.0,0.0,5.1,0.0,1.4066,Cerah Berawan,wmo:1
arjawinangun,"Arjawinangun, Cirebon",2026-10-04,32.09.24.2004,Arjawinangun,kecamatan,no,-6.6453,108.4103,Asia/Jakarta,"BMKG point: Arjawinangun, Kecamatan Arjawinangun",04-10-2026,GFS,Open-Meteo / NOAA GFS,02:00,2026-10-04 02:00:00,25.2,68.0,0.0,6.0,0.0,1.4066,Cerah,wmo:0
arjawinangun,"Arjawinangun, Cirebon",2026-10-04,32.09.24.2004,Arjawinangun,kecamatan,no,-6.6453,108.4103,Asia/Jakarta,"BMKG point: Arjawinangun, Kecamatan Arjawinangun",04-10-2026,GFS,Open-Meteo / NOAA GFS,03:00,2026-10-04 03:00:00,25.0,68.0,0.0,6.1,0.0,1.4066,Cerah Berawan,wmo:2
arjawinangun,"Arjawinangun, Cirebon",2026-10-04,32.09.24.2004,Arjawinangun,kecamatan,no,-6.6453,108.4103,Asia/Jakarta,"BMKG point: Arjawinangun, Kecamatan Arjawinangun",04-10-2026,GFS,Open-Meteo / NOAA GFS,04:00,2026-10-04 04:00:00,24.8,69.0,0.0,4.8,0.0,1.4066,Cerah Berawan,wmo:1
arjawinangun,"Arjawinangun, Cirebon",2026-10-04,32.09.24.2004,Arjawinangun,kecamatan,no,-6.6453,108.4103,Asia/Jakarta,"BMKG point: Arjawinangun, Kecamatan Arjawinangun",04-10-2026,GFS,Open-Meteo / NOAA GFS,05:00,2026-10-04 05:00:00,24.6,70.0,0.0,5.1,0.0,1.4066,Berawan,wmo:3
arjawinangun,"Arjawinangun, Cirebon",2026-10-04,32.09.24.2004,Arjawinangun,kecamatan,no,-6.6453,108.4103,Asia/Jakarta,"BMKG point: Arjawinangun, Kecamatan Arjawinangun",04-10-2026,GFS,Open-Meteo / NOAA GFS,06:00,2026-10-04 06:00:00,25.2,67.0,0.0,5.2,0.0,1.4066,Berawan,wmo:3
arjawinangun,"Arjawinangun, Cirebon",2026-10-04,32.09.24.2004,Arjawinangun,kecamatan,no,-6.6453,108.4103,Asia/Jakarta,"BMKG point: Arjawinangun, Kecamatan Arjawinangun",04-10-2026,GFS,Open-Meteo / NOAA GFS,07:00,2026-10-04 07:00:00,27.8,57.0,0.0,4.8,0.0,1.4066,Berawan,wmo:3
arjawinangun,"Arjawinangun, Cirebon",2026-10-04,32.09.24.2004,Arjawinangun,kecamatan,no,-6.6453,108.4103,Asia/Jakarta,"BMKG point: Arjawinangun, Kecamatan Arjawinangun",04-10-2026,GFS,Open-Meteo / NOAA GFS,08:00,2026-10-04 08:00:00,30.7,47.0,0.0,1.4,0.0,1.4066,Berawan,wmo:3
arjawinangun,"Arjawinangun, Cirebon",2026-10-04,32.09.24.2004,Arjawinangun,kecamatan,no,-6.6453,108.4103,Asia/Jakarta,"BMKG point: Arjawinangun, Kecamatan Arjawinangun",04-10-2026,GFS,Open-Meteo / NOAA GFS,09:00,2026-10-04 09:00:00,33.2,40.0,0.0,4.0,0.0,1.4066,Berawan,wmo:3
arjawinangun,"Arjawinangun, Cirebon",2026-10-04,32.09.24.2004,Arjawinangun,kecamatan,no,-6.6453,108.4103,Asia/Jakarta,"BMKG point: Arjawinangun, Kecamatan Arjawinangun",04-10-2026,GFS,Open-Meteo / NOAA GFS,10:00,2026-10-04 10:00:00,35.0,36.0,0.0,9.8,0.0,1.4066,Berawan,wmo:3
arjawinangun,"Arjawinangun, Cirebon",2026-10-04,32.09.24.2004,Arjawinangun,kecamatan,no,-6.6453,108.4103,Asia/Jakarta,"BMKG point: Arjawinangun, Kecamatan Arjawinangun",04-10-2026,GFS,Open-Meteo / NOAA GFS,11:00,2026-10-04 11:00:00,36.6,34.0,0.0,18.2,0.0,1.4066,Berawan,wmo:3
arjawinangun,"Arjawinangun, Cirebon",2026-10-04,32.09.24.2004,Arjawinangun,kecamatan,no,-6.6453,108.4103,Asia/Jakarta,"BMKG point: Arjawinangun, Kecamatan Arjawinangun",04-10-2026,GFS,Open-Meteo / NOAA GFS,12:00,2026-10-04 12:00:00,36.5,36.0,0.0,29.1,0.0,1.4066,Cerah Berawan,wmo:2
arjawinangun,"Arjawinangun, Cirebon",2026-10-04,32.09.24.2004,Arjawinangun,kecamatan,no,-6.6453,108.4103,Asia/Jakarta,"BMKG point: Arjawinangun, Kecamatan Arjawinangun",04-10-2026,GFS,Open-Meteo / NOAA GFS,13:00,2026-10-04 13:00:00,34.8,41.0,0.0,27.9,0.0,1.4066,Berawan,wmo:3
arjawinangun,"Arjawinangun, Cirebon",2026-10-04,32.09.24.2004,Arjawinangun,kecamatan,no,-6.6453,108.4103,Asia/Jakarta,"BMKG point: Arjawinangun, Kecamatan Arjawinangun",04-10-2026,GFS,Open-Meteo / NOAA GFS,14:00,2026-10-04 14:00:00,34.1,43.0,0.0,21.3,0.0,1.4066,Berawan,wmo:3
arjawinangun,"Arjawinangun, Cirebon",2026-10-04,32.09.24.2004,Arjawinangun,kecamatan,no,-6.6453,108.4103,Asia/Jakarta,"BMKG point: Arjawinangun, Kecamatan Arjawinangun",04-10-2026,GFS,Open-Meteo / NOAA GFS,15:00,2026-10-04 15:00:00,32.7,49.0,0.0,20.9,0.0,1.4066,Berawan,wmo:3
arjawinangun,"Arjawinangun, Cirebon",2026-10-04,32.09.24.2004,Arjawinangun,kecamatan,no,-6.6453,108.4103,Asia/Jakarta,"BMKG point: Arjawinangun, Kecamatan Arjawinangun",04-10-2026,GFS,Open-Meteo / NOAA GFS,16:00,2026-10-04 16:00:00,31.3,54.0,0.0,16.0,0.0,1.4066,Berawan,wmo:3
arjawinangun,"Arjawinangun, Cirebon",2026-10-04,32.09.24.2004,Arjawinangun,kecamatan,no,-6.6453,108.4103,Asia/Jakarta,"BMKG point: Arjawinangun, Kecamatan Arjawinangun",04-10-2026,GFS,Open-Meteo / NOAA GFS,17:00,2026-10-04 17:00:00,30.2,59.0,0.1,13.0,0.0,1.4066,Hujan Ringan,wmo:51
arjawinangun,"Arjawinangun, Cirebon",2026-10-04,32.09.24.2004,Arjawinangun,kecamatan,no,-6.6453,108.4103,Asia/Jakarta,"BMKG point: Arjawinangun, Kecamatan Arjawinangun",04-10-2026,GFS,Open-Meteo / NOAA GFS,18:00,2026-10-04 18:00:00,27.7,71.0,1.0,8.8,0.0,1.4066,Hujan Ringan,wmo:55
arjawinangun,"Arjawinangun, Cirebon",2026-10-04,32.09.24.2004,Arjawinangun,kecamatan,no,-6.6453,108.4103,Asia/Jakarta,"BMKG point: Arjawinangun, Kecamatan Arjawinangun",04-10-2026,GFS,Open-Meteo / NOAA GFS,19:00,2026-10-04 19:00:00,28.4,66.0,0.7,7.6,0.0,1.4066,Hujan Ringan,wmo:53
arjawinangun,"Arjawinangun, Cirebon",2026-10-04,32.09.24.2004,Arjawinangun,kecamatan,no,-6.6453,108.4103,Asia/Jakarta,"BMKG point: Arjawinangun, Kecamatan Arjawinangun",04-10-2026,GFS,Open-Meteo / NOAA GFS,20:00,2026-10-04 20:00:00,28.1,66.0,0.0,7.7,0.0,1.4066,Berawan,wmo:3
arjawinangun,"Arjawinangun, Cirebon",2026-10-04,32.09.24.2004,Arjawinangun,kecamatan,no,-6.6453,108.4103,Asia/Jakarta,"BMKG point: Arjawinangun, Kecamatan Arjawinangun",04-10-2026,GFS,Open-Meteo / NOAA GFS,21:00,2026-10-04 21:00:00,27.7,68.0,0.0,5.4,0.0,1.4066,Berawan,wmo:3
arjawinangun,"Arjawinangun, Cirebon",2026-10-04,32.09.24.2004,Arjawinangun,kecamatan,no,-6.6453,108.4103,Asia/Jakarta,"BMKG point: Arjawinangun, Kecamatan Arjawinangun",04-10-2026,GFS,Open-Meteo / NOAA GFS,22:00,2026-10-04 22:00:00,27.2,69.0,0.0,6.5,0.0,1.4066,Berawan,wmo:3
arjawinangun,"Arjawinangun, Cirebon",2026-10-04,32.09.24.2004,Arjawinangun,kecamatan,no,-6.6453,108.4103,Asia/Jakarta,"BMKG point: Arjawinangun, Kecamatan Arjawinangun",04-10-2026,GFS,Open-Meteo / NOAA GFS,23:00,2026-10-04 23:00:00,26.6,70.0,0.0,5.8,0.0,1.4066,Berawan,wmo:3
arjawinangun,"Arjawinangun, Cirebon",2026-10-04,32.09.24.2004,Arjawinangun,kecamatan,no,-6.6453,108.4103,Asia/Jakarta,"BMKG point: Arjawinangun, Kecamatan Arjawinangun",04-10-2026,ICON,Open-Meteo / DWD ICON,00:00,2026-10-04 00:00:00,26.3,78.0,0.0,3.2,0.0,1.463,Cerah Berawan,wmo:1
arjawinangun,"Arjawinangun, Cirebon",2026-10-04,32.09.24.2004,Arjawinangun,kecamatan,no,-6.6453,108.4103,Asia/Jakarta,"BMKG point: Arjawinangun, Kecamatan Arjawinangun",04-10-2026,ICON,Open-Meteo / DWD ICON,01:00,2026-10-04 01:00:00,26.0,76.0,0.0,2.8,0.0,1.463,Cerah Berawan,wmo:2
arjawinangun,"Arjawinangun, Cirebon",2026-10-04,32.09.24.2004,Arjawinangun,kecamatan,no,-6.6453,108.4103,Asia/Jakarta,"BMKG point: Arjawinangun, Kecamatan Arjawinangun",04-10-2026,ICON,Open-Meteo / DWD ICON,02:00,2026-10-04 02:00:00,25.7,76.0,0.0,2.6,0.0,1.463,Cerah Berawan,wmo:2
arjawinangun,"Arjawinangun, Cirebon",2026-10-04,32.09.24.2004,Arjawinangun,kecamatan,no,-6.6453,108.4103,Asia/Jakarta,"BMKG point: Arjawinangun, Kecamatan Arjawinangun",04-10-2026,ICON,Open-Meteo / DWD ICON,03:00,2026-10-04 03:00:00,25.4,76.0,0.0,2.6,0.0,1.463,Cerah Berawan,wmo:1
arjawinangun,"Arjawinangun, Cirebon",2026-10-04,32.09.24.2004,Arjawinangun,kecamatan,no,-6.6453,108.4103,Asia/Jakarta,"BMKG point: Arjawinangun, Kecamatan Arjawinangun",04-10-2026,ICON,Open-Meteo / DWD ICON,04:00,2026-10-04 04:00:00,25.2,77.0,0.0,2.6,0.0,1.463,Cerah Berawan,wmo:2
arjawinangun,"Arjawinangun, Cirebon",2026-10-04,32.09.24.2004,Arjawinangun,kecamatan,no,-6.6453,108.4103,Asia/Jakarta,"BMKG point: Arjawinangun, Kecamatan Arjawinangun",04-10-2026,ICON,Open-Meteo / DWD ICON,05:00,2026-10-04 05:00:00,25.1,77.0,0.0,2.1,0.0,1.463,Berawan,wmo:3
arjawinangun,"Arjawinangun, Cirebon",2026-10-04,32.09.24.2004,Arjawinangun,kecamatan,no,-6.6453,108.4103,Asia/Jakarta,"BMKG point: Arjawinangun, Kecamatan Arjawinangun",04-10-2026,ICON,Open-Meteo / DWD ICON,06:00,2026-10-04 06:00:00,25.1,76.0,0.0,2.2,0.0,1.463,Cerah Berawan,wmo:2
arjawinangun,"Arjawinangun, Cirebon",2026-10-04,32.09.24.2004,Arjawinangun,kecamatan,no,-6.6453,108.4103,Asia/Jakarta,"BMKG point: Arjawinangun, Kecamatan Arjawinangun",04-10-2026,ICON,Open-Meteo / DWD ICON,07:00,2026-10-04 07:00:00,26.9,69.0,0.0,2.5,0.0,1.463,Cerah Berawan,wmo:2
arjawinangun,"Arjawinangun, Cirebon",2026-10-04,32.09.24.2004,Arjawinangun,kecamatan,no,-6.6453,108.4103,Asia/Jakarta,"BMKG point: Arjawinangun, Kecamatan Arjawinangun",04-10-2026,ICON,Open-Meteo / DWD ICON,08:00,2026-10-04 08:00:00,29.9,57.0,0.0,3.0,0.0,1.463,Cerah Berawan,wmo:2
arjawinangun,"Arjawinangun, Cirebon",2026-10-04,32.09.24.2004,Arjawinangun,kecamatan,no,-6.6453,108.4103,Asia/Jakarta,"BMKG point: Arjawinangun, Kecamatan Arjawinangun",04-10-2026,ICON,Open-Meteo / DWD ICON,09:00,2026-10-04 09:00:00,32.3,49.0,0.0,5.6,0.0,1.463,Berawan,wmo:3
arjawinangun,"Arjawinangun, Cirebon",2026-10-04,32.09.24.2004,Arjawinangun,kecamatan,no,-6.6453,108.4103,Asia/Jakarta,"BMKG point: Arjawinangun, Kecamatan Arjawinangun",04-10-2026,ICON,Open-Meteo / DWD ICON,10:00,2026-10-04 10:00:00,34.3,42.0,0.0,9.8,0.0,1.463,Berawan,wmo:3
arjawinangun,"Arjawinangun, Cirebon",2026-10-04,32.09.24.2004,Arjawinangun,kecamatan,no,-6.6453,108.4103,Asia/Jakarta,"BMKG point: Arjawinangun, Kecamatan Arjawinangun",04-10-2026,ICON,Open-Meteo / DWD ICON,11:00,2026-10-04 11:00:00,35.7,38.0,0.0,12.2,0.0,1.463,Berawan,wmo:3
arjawinangun,"Arjawinangun, Cirebon",2026-10-04,32.09.24.2004,Arjawinangun,kecamatan,no,-6.6453,108.4103,Asia/Jakarta,"BMKG point: Arjawinangun, Kecamatan Arjawinangun",04-10-2026,ICON,Open-Meteo / DWD ICON,12:00,2026-10-04 12:00:00,36.1,37.0,0.0,14.1,0.0,1.463,Cerah Berawan,wmo:2
arjawinangun,"Arjawinangun, Cirebon",2026-10-04,32.09.24.2004,Arjawinangun,kecamatan,no,-6.6453,108.4103,Asia/Jakarta,"BMKG point: Arjawinangun, Kecamatan Arjawinangun",04-10-2026,ICON,Open-Meteo / DWD ICON,13:00,2026-10-04 13:00:00,36.4,37.0,0.0,15.9,0.0,1.463,Cerah Berawan,wmo:2
arjawinangun,"Arjawinangun, Cirebon",2026-10-04,32.09.24.2004,Arjawinangun,kecamatan,no,-6.6453,108.4103,Asia/Jakarta,"BMKG point: Arjawinangun, Kecamatan Arjawinangun",04-10-2026,ICON,Open-Meteo / DWD ICON,14:00,2026-10-04 14:00:00,35.3,42.0,0.0,20.7,0.0,1.463,Berawan,wmo:3
arjawinangun,"Arjawinangun, Cirebon",2026-10-04,32.09.24.2004,Arjawinangun,kecamatan,no,-6.6453,108.4103,Asia/Jakarta,"BMKG point: Arjawinangun, Kecamatan Arjawinangun",04-10-2026,ICON,Open-Meteo / DWD ICON,15:00,2026-10-04 15:00:00,34.5,43.0,0.0,22.4,0.0,1.463,Berawan,wmo:3
arjawinangun,"Arjawinangun, Cirebon",2026-10-04,32.09.24.2004,Arjawinangun,kecamatan,no,-6.6453,108.4103,Asia/Jakarta,"BMKG point: Arjawinangun, Kecamatan Arjawinangun",04-10-2026,ICON,Open-Meteo / DWD ICON,16:00,2026-10-04 16:00:00,32.4,50.0,0.0,19.7,0.0,1.463,Berawan,wmo:3
arjawinangun,"Arjawinangun, Cirebon",2026-10-04,32.09.24.2004,Arjawinangun,kecamatan,no,-6.6453,108.4103,Asia/Jakarta,"BMKG point: Arjawinangun, Kecamatan Arjawinangun",04-10-2026,ICON,Open-Meteo / DWD ICON,17:00,2026-10-04 17:00:00,30.9,55.0,0.0,16.2,0.0,1.463,Berawan,wmo:3
arjawinangun,"Arjawinangun, Cirebon",2026-10-04,32.09.24.2004,Arjawinangun,kecamatan,no,-6.6453,108.4103,Asia/Jakarta,"BMKG point: Arjawinangun, Kecamatan Arjawinangun",04-10-2026,ICON,Open-Meteo / DWD ICON,18:00,2026-10-04 18:00:00,29.6,64.0,0.0,10.0,0.0,1.463,Berawan,wmo:3
arjawinangun,"Arjawinangun, Cirebon",2026-10-04,32.09.24.2004,Arjawinangun,kecamatan,no,-6.6453,108.4103,Asia/Jakarta,"BMKG point: Arjawinangun, Kecamatan Arjawinangun",04-10-2026,ICON,Open-Meteo / DWD ICON,19:00,2026-10-04 19:00:00,28.8,71.0,0.0,5.2,0.0,1.463,Cerah Berawan,wmo:2
arjawinangun,"Arjawinangun, Cirebon",2026-10-04,32.09.24.2004,Arjawinangun,kecamatan,no,-6.6453,108.4103,Asia/Jakarta,"BMKG point: Arjawinangun, Kecamatan Arjawinangun",04-10-2026,ICON,Open-Meteo / DWD ICON,20:00,2026-10-04 20:00:00,28.2,73.0,0.0,4.0,0.0,1.463,Cerah Berawan,wmo:2
arjawinangun,"Arjawinangun, Cirebon",2026-10-04,32.09.24.2004,Arjawinangun,kecamatan,no,-6.6453,108.4103,Asia/Jakarta,"BMKG point: Arjawinangun, Kecamatan Arjawinangun",04-10-2026,ICON,Open-Meteo / DWD ICON,21:00,2026-10-04 21:00:00,27.6,74.0,0.0,2.9,0.0,1.463,Cerah Berawan,wmo:2
arjawinangun,"Arjawinangun, Cirebon",2026-10-04,32.09.24.2004,Arjawinangun,kecamatan,no,-6.6453,108.4103,Asia/Jakarta,"BMKG point: Arjawinangun, Kecamatan Arjawinangun",04-10-2026,ICON,Open-Meteo / DWD ICON,22:00,2026-10-04 22:00:00,27.0,74.0,0.0,2.8,0.0,1.463,Cerah Berawan,wmo:1
arjawinangun,"Arjawinangun, Cirebon",2026-10-04,32.09.24.2004,Arjawinangun,kecamatan,no,-6.6453,108.4103,Asia/Jakarta,"BMKG point: Arjawinangun, Kecamatan Arjawinangun",04-10-2026,ICON,Open-Meteo / DWD ICON,23:00,2026-10-04 23:00:00,26.5,73.0,0.0,1.8,0.0,1.463,Cerah Berawan,wmo:1
arjawinangun,"Arjawinangun, Cirebon",2026-10-04,32.09.24.2004,Arjawinangun,kecamatan,no,-6.6453,108.4103,Asia/Jakarta,"BMKG point: Arjawinangun, Kecamatan Arjawinangun",04-10-2026,KMA,Open-Meteo / KMA,00:00,2026-10-04 00:00:00,,,,,0.0,0.5476,Berawan,wmo:None
arjawinangun,"Arjawinangun, Cirebon",2026-10-04,32.09.24.2004,Arjawinangun,kecamatan,no,-6.6453,108.4103,Asia/Jakarta,"BMKG point: Arjawinangun, Kecamatan Arjawinangun",04-10-2026,KMA,Open-Meteo / KMA,01:00,2026-10-04 01:00:00,,,,,0.0,0.5476,Berawan,wmo:None
arjawinangun,"Arjawinangun, Cirebon",2026-10-04,32.09.24.2004,Arjawinangun,kecamatan,no,-6.6453,108.4103,Asia/Jakarta,"BMKG point: Arjawinangun, Kecamatan Arjawinangun",04-10-2026,KMA,Open-Meteo / KMA,02:00,2026-10-04 02:00:00,,,,,0.0,0.5476,Berawan,wmo:None
arjawinangun,"Arjawinangun, Cirebon",2026-10-04,32.09.24.2004,Arjawinangun,kecamatan,no,-6.6453,108.4103,Asia/Jakarta,"BMKG point: Arjawinangun, Kecamatan Arjawinangun",04-10-2026,KMA,Open-Meteo / KMA,03:00,2026-10-04 03:00:00,,,,,0.0,0.5476,Berawan,wmo:None
arjawinangun,"Arjawinangun, Cirebon",2026-10-04,32.09.24.2004,Arjawinangun,kecamatan,no,-6.6453,108.4103,Asia/Jakarta,"BMKG point: Arjawinangun, Kecamatan Arjawinangun",04-10-2026,KMA,Open-Meteo / KMA,04:00,2026-10-04 04:00:00,,,,,0.0,0.5476,Berawan,wmo:None
arjawinangun,"Arjawinangun, Cirebon",2026-10-04,32.09.24.2004,Arjawinangun,kecamatan,no,-6.6453,108.4103,Asia/Jakarta,"BMKG point: Arjawinangun, Kecamatan Arjawinangun",04-10-2026,KMA,Open-Meteo / KMA,05:00,2026-10-04 05:00:00,,,,,0.0,0.5476,Berawan,wmo:None
arjawinangun,"Arjawinangun, Cirebon",2026-10-04,32.09.24.2004,Arjawinangun,kecamatan,no,-6.6453,108.4103,Asia/Jakarta,"BMKG point: Arjawinangun, Kecamatan Arjawinangun",04-10-2026,KMA,Open-Meteo / KMA,06:00,2026-10-04 06:00:00,,,,,0.0,0.5476,Berawan,wmo:None
arjawinangun,"Arjawinangun, Cirebon",2026-10-04,32.09.24.2004,Arjawinangun,kecamatan,no,-6.6453,108.4103,Asia/Jakarta,"BMKG point: Arjawinangun, Kecamatan Arjawinangun",04-10-2026,KMA,Open-Meteo / KMA,07:00,2026-10-04 07:00:00,,,,,0.0,0.5476,Berawan,wmo:None
arjawinangun,"Arjawinangun, Cirebon",2026-10-04,32.09.24.2004,Arjawinangun,kecamatan,no,-6.6453,108.4103,Asia/Jakarta,"BMKG point: Arjawinangun, Kecamatan Arjawinangun",04-10-2026,KMA,Open-Meteo / KMA,08:00,2026-10-04 08:00:00,,,,,0.0,0.5476,Berawan,wmo:None
arjawinangun,"Arjawinangun, Cirebon",2026-10-04,32.09.24.2004,Arjawinangun,kecamatan,no,-6.6453,108.4103,Asia/Jakarta,"BMKG point: Arjawinangun, Kecamatan Arjawinangun",04-10-2026,KMA,Open-Meteo / KMA,09:00,2026-10-04 09:00:00,,,,,0.0,0.5476,Berawan,wmo:None
arjawinangun,"Arjawinangun, Cirebon",2026-10-04,32.09.24.2004,Arjawinangun,kecamatan,no,-6.6453,108.4103,Asia/Jakarta,"BMKG point: Arjawinangun, Kecamatan Arjawinangun",04-10-2026,KMA,Open-Meteo / KMA,10:00,2026-10-04 10:00:00,,,,,0.0,0.5476,Berawan,wmo:None
arjawinangun,"Arjawinangun, Cirebon",2026-10-04,32.09.24.2004,Arjawinangun,kecamatan,no,-6.6453,108.4103,Asia/Jakarta,"BMKG point: Arjawinangun, Kecamatan Arjawinangun",04-10-2026,KMA,Open-Meteo / KMA,11:00,2026-10-04 11:00:00,,,,,0.0,0.5476,Berawan,wmo:None
arjawinangun,"Arjawinangun, Cirebon",2026-10-04,32.09.24.2004,Arjawinangun,kecamatan,no,-6.6453,108.4103,Asia/Jakarta,"BMKG point: Arjawinangun, Kecamatan Arjawinangun",04-10-2026,KMA,Open-Meteo / KMA,12:00,2026-10-04 12:00:00,,,,,0.0,0.5476,Berawan,wmo:None
arjawinangun,"Arjawinangun, Cirebon",2026-10-04,32.09.24.2004,Arjawinangun,kecamatan,no,-6.6453,108.4103,Asia/Jakarta,"BMKG point: Arjawinangun, Kecamatan Arjawinangun",04-10-2026,KMA,Open-Meteo / KMA,13:00,2026-10-04 13:00:00,,,,,0.0,0.5476,Berawan,wmo:None
arjawinangun,"Arjawinangun, Cirebon",2026-10-04,32.09.24.2004,Arjawinangun,kecamatan,no,-6.6453,108.4103,Asia/Jakarta,"BMKG point: Arjawinangun, Kecamatan Arjawinangun",04-10-2026,KMA,Open-Meteo / KMA,14:00,2026-10-04 14:00:00,,,,,0.0,0.5476,Berawan,wmo:None
arjawinangun,"Arjawinangun, Cirebon",2026-10-04,32.09.24.2004,Arjawinangun,kecamatan,no,-6.6453,108.4103,Asia/Jakarta,"BMKG point: Arjawinangun, Kecamatan Arjawinangun",04-10-2026,KMA,Open-Meteo / KMA,15:00,2026-10-04 15:00:00,,,,,0.0,0.5476,Berawan,wmo:None
arjawinangun,"Arjawinangun, Cirebon",2026-10-04,32.09.24.2004,Arjawinangun,kecamatan,no,-6.6453,108.4103,Asia/Jakarta,"BMKG point: Arjawinangun, Kecamatan Arjawinangun",04-10-2026,KMA,Open-Meteo / KMA,16:00,2026-10-04 16:00:00,,,,,0.0,0.5476,Berawan,wmo:None
arjawinangun,"Arjawinangun, Cirebon",2026-10-04,32.09.24.2004,Arjawinangun,kecamatan,no,-6.6453,108.4103,Asia/Jakarta,"BMKG point: Arjawinangun, Kecamatan Arjawinangun",04-10-2026,KMA,Open-Meteo / KMA,17:00,2026-10-04 17:00:00,,,,,0.0,0.5476,Berawan,wmo:None
arjawinangun,"Arjawinangun, Cirebon",2026-10-04,32.09.24.2004,Arjawinangun,kecamatan,no,-6.6453,108.4103,Asia/Jakarta,"BMKG point: Arjawinangun, Kecamatan Arjawinangun",04-10-2026,KMA,Open-Meteo / KMA,18:00,2026-10-04 18:00:00,,,,,0.0,0.5476,Berawan,wmo:None
arjawinangun,"Arjawinangun, Cirebon",2026-10-04,32.09.24.2004,Arjawinangun,kecamatan,no,-6.6453,108.4103,Asia/Jakarta,"BMKG point: Arjawinangun, Kecamatan Arjawinangun",04-10-2026,KMA,Open-Meteo / KMA,19:00,2026-10-04 19:00:00,,,,,0.0,0.5476,Berawan,wmo:None
arjawinangun,"Arjawinangun, Cirebon",2026-10-04,32.09.24.2004,Arjawinangun,kecamatan,no,-6.6453,108.4103,Asia/Jakarta,"BMKG point: Arjawinangun, Kecamatan Arjawinangun",04-10-2026,KMA,Open-Meteo / KMA,20:00,2026-10-04 20:00:00,,,,,0.0,0.5476,Berawan,wmo:None
arjawinangun,"Arjawinangun, Cirebon",2026-10-04,32.09.24.2004,Arjawinangun,kecamatan,no,-6.6453,108.4103,Asia/Jakarta,"BMKG point: Arjawinangun, Kecamatan Arjawinangun",04-10-2026,KMA,Open-Meteo / KMA,21:00,2026-10-04 21:00:00,,,,,0.0,0.5476,Berawan,wmo:None
arjawinangun,"Arjawinangun, Cirebon",2026-10-04,32.09.24.2004,Arjawinangun,kecamatan,no,-6.6453,108.4103,Asia/Jakarta,"BMKG point: Arjawinangun, Kecamatan Arjawinangun",04-10-2026,KMA,Open-Meteo / KMA,22:00,2026-10-04 22:00:00,,,,,0.0,0.5476,Berawan,wmo:None
arjawinangun,"Arjawinangun, Cirebon",2026-10-04,32.09.24.2004,Arjawinangun,kecamatan,no,-6.6453,108.4103,Asia/Jakarta,"BMKG point: Arjawinangun, Kecamatan Arjawinangun",04-10-2026,KMA,Open-Meteo / KMA,23:00,2026-10-04 23:00:00,,,,,0.0,0.5476,Berawan,wmo:None
arjawinangun,"Arjawinangun, Cirebon",2026-10-04,32.09.24.2004,Arjawinangun,kecamatan,no,-6.6453,108.4103,Asia/Jakarta,"BMKG point: Arjawinangun, Kecamatan Arjawinangun",04-10-2026,METEOFRANCE,Open-Meteo / Meteo-France,00:00,2026-10-04 00:00:00,28.7,64.0,0.0,12.6,0.0,1.5468,Berawan,wmo:3
arjawinangun,"Arjawinangun, Cirebon",2026-10-04,32.09.24.2004,Arjawinangun,kecamatan,no,-6.6453,108.4103,Asia/Jakarta,"BMKG point: Arjawinangun, Kecamatan Arjawinangun",04-10-2026,METEOFRANCE,Open-Meteo / Meteo-France,01:00,2026-10-04 01:00:00,28.3,66.0,0.0,12.6,0.0,1.5468,Cerah Berawan,wmo:2
arjawinangun,"Arjawinangun, Cirebon",2026-10-04,32.09.24.2004,Arjawinangun,kecamatan,no,-6.6453,108.4103,Asia/Jakarta,"BMKG point: Arjawinangun, Kecamatan Arjawinangun",04-10-2026,METEOFRANCE,Open-Meteo / Meteo-France,02:00,2026-10-04 02:00:00,28.1,67.0,0.0,13.8,0.0,1.5468,Berawan,wmo:3
arjawinangun,"Arjawinangun, Cirebon",2026-10-04,32.09.24.2004,Arjawinangun,kecamatan,no,-6.6453,108.4103,Asia/Jakarta,"BMKG point: Arjawinangun, Kecamatan Arjawinangun",04-10-2026,METEOFRANCE,Open-Meteo / Meteo-France,03:00,2026-10-04 03:00:00,28.1,67.0,0.0,15.1,0.0,1.5468,Berawan,wmo:3
arjawinangun,"Arjawinangun, Cirebon",2026-10-04,32.09.24.2004,Arjawinangun,kecamatan,no,-6.6453,108.4103,Asia/Jakarta,"BMKG point: Arjawinangun, Kecamatan Arjawinangun",04-10-2026,METEOFRANCE,Open-Meteo / Meteo-France,04:00,2026-10-04 04:00:00,28.0,66.0,0.0,14.8,0.0,1.5468,Berawan,wmo:3
arjawinangun,"Arjawinangun, Cirebon",2026-10-04,32.09.24.2004,Arjawinangun,kecamatan,no,-6.6453,108.4103,Asia/Jakarta,"BMKG point: Arjawinangun, Kecamatan Arjawinangun",04-10-2026,METEOFRANCE,Open-Meteo / Meteo-France,05:00,2026-10-04 05:00:00,28.0,65.0,0.0,14.5,0.0,1.5468,Berawan,wmo:3
arjawinangun,"Arjawinangun, Cirebon",2026-10-04,32.09.24.2004,Arjawinangun,kecamatan,no,-6.6453,108.4103,Asia/Jakarta,"BMKG point: Arjawinangun, Kecamatan Arjawinangun",04-10-2026,METEOFRANCE,Open-Meteo / Meteo-France,06:00,2026-10-04 06:00:00,28.0,65.0,0.0,14.5,0.0,1.5468,Berawan,wmo:3
arjawinangun,"Arjawinangun, Cirebon",2026-10-04,32.09.24.2004,Arjawinangun,kecamatan,no,-6.6453,108.4103,Asia/Jakarta,"BMKG point: Arjawinangun, Kecamatan Arjawinangun",04-10-2026,METEOFRANCE,Open-Meteo / Meteo-France,07:00,2026-10-04 07:00:00,29.0,61.0,0.0,14.0,0.0,1.5468,Berawan,wmo:3
arjawinangun,"Arjawinangun, Cirebon",2026-10-04,32.09.24.2004,Arjawinangun,kecamatan,no,-6.6453,108.4103,Asia/Jakarta,"BMKG point: Arjawinangun, Kecamatan Arjawinangun",04-10-2026,METEOFRANCE,Open-Meteo / Meteo-France,08:00,2026-10-04 08:00:00,30.9,54.0,0.0,13.6,0.0,1.5468,Berawan,wmo:3
arjawinangun,"Arjawinangun, Cirebon",2026-10-04,32.09.24.2004,Arjawinangun,kecamatan,no,-6.6453,108.4103,Asia/Jakarta,"BMKG point: Arjawinangun, Kecamatan Arjawinangun",04-10-2026,METEOFRANCE,Open-Meteo / Meteo-France,09:00,2026-10-04 09:00:00,32.8,48.0,0.0,12.9,0.0,1.5468,Berawan,wmo:3
arjawinangun,"Arjawinangun, Cirebon",2026-10-04,32.09.24.2004,Arjawinangun,kecamatan,no,-6.6453,108.4103,Asia/Jakarta,"BMKG point: Arjawinangun, Kecamatan Arjawinangun",04-10-2026,METEOFRANCE,Open-Meteo / Meteo-France,10:00,2026-10-04 10:00:00,34.3,44.0,0.0,12.0,0.0,1.5468,Berawan,wmo:3
arjawinangun,"Arjawinangun, Cirebon",2026-10-04,32.09.24.2004,Arjawinangun,kecamatan,no,-6.6453,108.4103,Asia/Jakarta,"BMKG point: Arjawinangun, Kecamatan Arjawinangun",04-10-2026,METEOFRANCE,Open-Meteo / Meteo-France,11:00,2026-10-04 11:00:00,35.6,41.0,0.0,12.1,0.0,1.5468,Berawan,wmo:3
arjawinangun,"Arjawinangun, Cirebon",2026-10-04,32.09.24.2004,Arjawinangun,kecamatan,no,-6.6453,108.4103,Asia/Jakarta,"BMKG point: Arjawinangun, Kecamatan Arjawinangun",04-10-2026,METEOFRANCE,Open-Meteo / Meteo-France,12:00,2026-10-04 12:00:00,36.6,39.0,0.0,13.5,0.0,1.5468,Berawan,wmo:3
arjawinangun,"Arjawinangun, Cirebon",2026-10-04,32.09.24.2004,Arjawinangun,kecamatan,no,-6.6453,108.4103,Asia/Jakarta,"BMKG point: Arjawinangun, Kecamatan Arjawinangun",04-10-2026,METEOFRANCE,Open-Meteo / Meteo-France,13:00,2026-10-04 13:00:00,36.7,39.0,0.0,17.0,0.0,1.5468,Berawan,wmo:3
arjawinangun,"Arjawinangun, Cirebon",2026-10-04,32.09.24.2004,Arjawinangun,kecamatan,no,-6.6453,108.4103,Asia/Jakarta,"BMKG point: Arjawinangun, Kecamatan Arjawinangun",04-10-2026,METEOFRANCE,Open-Meteo / Meteo-France,14:00,2026-10-04 14:00:00,35.9,43.0,0.0,20.5,0.0,1.5468,Cerah Berawan,wmo:2
arjawinangun,"Arjawinangun, Cirebon",2026-10-04,32.09.24.2004,Arjawinangun,kecamatan,no,-6.6453,108.4103,Asia/Jakarta,"BMKG point: Arjawinangun, Kecamatan Arjawinangun",04-10-2026,METEOFRANCE,Open-Meteo / Meteo-France,15:00,2026-10-04 15:00:00,34.4,50.0,0.0,19.4,0.0,1.5468,Cerah Berawan,wmo:2
arjawinangun,"Arjawinangun, Cirebon",2026-10-04,32.09.24.2004,Arjawinangun,kecamatan,no,-6.6453,108.4103,Asia/Jakarta,"BMKG point: Arjawinangun, Kecamatan Arjawinangun",04-10-2026,METEOFRANCE,Open-Meteo / Meteo-France,16:00,2026-10-04 16:00:00,33.1,56.0,0.0,16.2,0.0,1.5468,Cerah Berawan,wmo:2
arjawinangun,"Arjawinangun, Cirebon",2026-10-04,32.09.24.2004,Arjawinangun,kecamatan,no,-6.6453,108.4103,Asia/Jakarta,"BMKG point: Arjawinangun, Kecamatan Arjawinangun",04-10-2026,METEOFRANCE,Open-Meteo / Meteo-France,17:00,2026-10-04 17:00:00,31.8,62.0,0.0,14.2,0.0,1.5468,Berawan,wmo:3
arjawinangun,"Arjawinangun, Cirebon",2026-10-04,32.09.24.2004,Arjawinangun,kecamatan,no,-6.6453,108.4103,Asia/Jakarta,"BMKG point: Arjawinangun, Kecamatan Arjawinangun",04-10-2026,METEOFRANCE,Open-Meteo / Meteo-France,18:00,2026-10-04 18:00:00,30.9,65.0,0.0,13.4,0.0,1.5468,Berawan,wmo:3
arjawinangun,"Arjawinangun, Cirebon",2026-10-04,32.09.24.2004,Arjawinangun,kecamatan,no,-6.6453,108.4103,Asia/Jakarta,"BMKG point: Arjawinangun, Kecamatan Arjawinangun",04-10-2026,METEOFRANCE,Open-Meteo / Meteo-France,19:00,2026-10-04 19:00:00,30.6,63.0,0.0,13.5,0.0,1.5468,Berawan,wmo:3
arjawinangun,"Arjawinangun, Cirebon",2026-10-04,32.09.24.2004,Arjawinangun,kecamatan,no,-6.6453,108.4103,Asia/Jakarta,"BMKG point: Arjawinangun, Kecamatan Arjawinangun",04-10-2026,METEOFRANCE,Open-Meteo / Meteo-France,20:00,2026-10-04 20:00:00,30.2,60.0,0.0,15.3,0.0,1.5468,Berawan,wmo:3
arjawinangun,"Arjawinangun, Cirebon",2026-10-04,32.09.24.2004,Arjawinangun,kecamatan,no,-6.6453,108.4103,Asia/Jakarta,"BMKG point: Arjawinangun, Kecamatan Arjawinangun",04-10-2026,METEOFRANCE,Open-Meteo / Meteo-France,21:00,2026-10-04 21:00:00,29.7,61.0,0.0,16.7,0.0,1.5468,Berawan,wmo:3
arjawinangun,"Arjawinangun, Cirebon",2026-10-04,32.09.24.2004,Arjawinangun,kecamatan,no,-6.6453,108.4103,Asia/Jakarta,"BMKG point: Arjawinangun, Kecamatan Arjawinangun",04-10-2026,METEOFRANCE,Open-Meteo / Meteo-France,22:00,2026-10-04 22:00:00,29.1,63.0,0.0,16.7,0.0,1.5468,Berawan,wmo:3
arjawinangun,"Arjawinangun, Cirebon",2026-10-04,32.09.24.2004,Arjawinangun,kecamatan,no,-6.6453,108.4103,Asia/Jakarta,"BMKG point: Arjawinangun, Kecamatan Arjawinangun",04-10-2026,METEOFRANCE,Open-Meteo / Meteo-France,23:00,2026-10-04 23:00:00,28.7,66.0,0.0,15.0,0.0,1.5468,Berawan,wmo:3
arjawinangun,"Arjawinangun, Cirebon",2026-10-04,32.09.24.2004,Arjawinangun,kecamatan,no,-6.6453,108.4103,Asia/Jakarta,"BMKG point: Arjawinangun, Kecamatan Arjawinangun",04-10-2026,METNO,MET Norway,00:00,2026-10-04 00:00:00,28.0,64.1,0.0,7.2,0.0,1.346,Cerah Berawan,partlycloudy_night
arjawinangun,"Arjawinangun, Cirebon",2026-10-04,32.09.24.2004,Arjawinangun,kecamatan,no,-6.6453,108.4103,Asia/Jakarta,"BMKG point: Arjawinangun, Kecamatan Arjawinangun",04-10-2026,METNO,MET Norway,01:00,2026-10-04 01:00:00,27.5,66.3,0.0,6.48,0.0,1.346,Cerah Berawan,partlycloudy_night
arjawinangun,"Arjawinangun, Cirebon",2026-10-04,32.09.24.2004,Arjawinangun,kecamatan,no,-6.6453,108.4103,Asia/Jakarta,"BMKG point: Arjawinangun, Kecamatan Arjawinangun",04-10-2026,METNO,MET Norway,02:00,2026-10-04 02:00:00,27.0,67.4,0.0,6.48,0.0,1.346,Cerah Berawan,partlycloudy_night
arjawinangun,"Arjawinangun, Cirebon",2026-10-04,32.09.24.2004,Arjawinangun,kecamatan,no,-6.6453,108.4103,Asia/Jakarta,"BMKG point: Arjawinangun, Kecamatan Arjawinangun",04-10-2026,METNO,MET Norway,03:00,2026-10-04 03:00:00,26.7,68.4,0.0,5.4,0.0,1.346,Cerah Berawan,partlycloudy_night
arjawinangun,"Arjawinangun, Cirebon",2026-10-04,32.09.24.2004,Arjawinangun,kecamatan,no,-6.6453,108.4103,Asia/Jakarta,"BMKG point: Arjawinangun, Kecamatan Arjawinangun",04-10-2026,METNO,MET Norway,04:00,2026-10-04 04:00:00,26.3,70.1,0.0,6.48,0.0,1.346,Cerah Berawan,partlycloudy_night
arjawinangun,"Arjawinangun, Cirebon",2026-10-04,32.09.24.2004,Arjawinangun,kecamatan,no,-6.6453,108.4103,Asia/Jakarta,"BMKG point: Arjawinangun, Kecamatan Arjawinangun",04-10-2026,METNO,MET Norway,05:00,2026-10-04 05:00:00,26.0,70.8,0.0,11.16,0.0,1.346,Cerah Berawan,partlycloudy_day
arjawinangun,"Arjawinangun, Cirebon",2026-10-04,32.09.24.2004,Arjawinangun,kecamatan,no,-6.6453,108.4103,Asia/Jakarta,"BMKG point: Arjawinangun, Kecamatan Arjawinangun",04-10-2026,METNO,MET Norway,06:00,2026-10-04 06:00:00,26.1,69.4,0.0,10.44,0.0,1.346,Cerah Berawan,partlycloudy_day
arjawinangun,"Arjawinangun, Cirebon",2026-10-04,32.09.24.2004,Arjawinangun,kecamatan,no,-6.6453,108.4103,Asia/Jakarta,"BMKG point: Arjawinangun, Kecamatan Arjawinangun",04-10-2026,METNO,MET Norway,07:00,2026-10-04 07:00:00,27.9,59.6,0.0,8.64,0.0,1.346,Cerah Berawan,partlycloudy_day
arjawinangun,"Arjawinangun, Cirebon",2026-10-04,32.09.24.2004,Arjawinangun,kecamatan,no,-6.6453,108.4103,Asia/Jakarta,"BMKG point: Arjawinangun, Kecamatan Arjawinangun",04-10-2026,METNO,MET Norway,08:00,2026-10-04 08:00:00,30.4,49.2,0.0,10.08,0.0,1.346,Cerah Berawan,partlycloudy_day
arjawinangun,"Arjawinangun, Cirebon",2026-10-04,32.09.24.2004,Arjawinangun,kecamatan,no,-6.6453,108.4103,Asia/Jakarta,"BMKG point: Arjawinangun, Kecamatan Arjawinangun",04-10-2026,METNO,MET Norway,09:00,2026-10-04 09:00:00,32.8,41.9,0.0,13.32,0.0,1.346,Cerah Berawan,partlycloudy_day
arjawinangun,"Arjawinangun, Cirebon",2026-10-04,32.09.24.2004,Arjawinangun,kecamatan,no,-6.6453,108.4103,Asia/Jakarta,"BMKG point: Arjawinangun, Kecamatan Arjawinangun",04-10-2026,METNO,MET Norway,10:00,2026-10-04 10:00:00,34.7,38.1,0.0,16.2,0.0,1.346,Cerah Berawan,partlycloudy_day
arjawinangun,"Arjawinangun, Cirebon",2026-10-04,32.09.24.2004,Arjawinangun,kecamatan,no,-6.6453,108.4103,Asia/Jakarta,"BMKG point: Arjawinangun, Kecamatan Arjawinangun",04-10-2026,METNO,MET Norway,11:00,2026-10-04 11:00:00,36.1,35.7,0.0,17.28,0.0,1.346,Cerah Berawan,partlycloudy_day
arjawinangun,"Arjawinangun, Cirebon",2026-10-04,32.09.24.2004,Arjawinangun,kecamatan,no,-6.6453,108.4103,Asia/Jakarta,"BMKG point: Arjawinangun, Kecamatan Arjawinangun",04-10-2026,METNO,MET Norway,12:00,2026-10-04 12:00:00,36.1,34.2,0.0,18.72,0.0,1.346,Cerah Berawan,partlycloudy_day
arjawinangun,"Arjawinangun, Cirebon",2026-10-04,32.09.24.2004,Arjawinangun,kecamatan,no,-6.6453,108.4103,Asia/Jakarta,"BMKG point: Arjawinangun, Kecamatan Arjawinangun",04-10-2026,METNO,MET Norway,13:00,2026-10-04 13:00:00,36.0,32.8,0.0,19.8,0.0,1.346,Cerah Berawan,partlycloudy_day
arjawinangun,"Arjawinangun, Cirebon",2026-10-04,32.09.24.2004,Arjawinangun,kecamatan,no,-6.6453,108.4103,Asia/Jakarta,"BMKG point: Arjawinangun, Kecamatan Arjawinangun",04-10-2026,METNO,MET Norway,14:00,2026-10-04 14:00:00,34.9,37.9,0.0,20.52,0.0,1.346,Cerah Berawan,partlycloudy_day
arjawinangun,"Arjawinangun, Cirebon",2026-10-04,32.09.24.2004,Arjawinangun,kecamatan,no,-6.6453,108.4103,Asia/Jakarta,"BMKG point: Arjawinangun, Kecamatan Arjawinangun",04-10-2026,METNO,MET Norway,15:00,2026-10-04 15:00:00,33.9,41.2,0.0,20.16,0.0,1.346,Cerah Berawan,partlycloudy_day
arjawinangun,"Arjawinangun, Cirebon",2026-10-04,32.09.24.2004,Arjawinangun,kecamatan,no,-6.6453,108.4103,Asia/Jakarta,"BMKG point: Arjawinangun, Kecamatan Arjawinangun",04-10-2026,METNO,MET Norway,16:00,2026-10-04 16:00:00,32.5,45.1,0.0,17.64,0.0,1.346,Cerah Berawan,partlycloudy_day
arjawinangun,"Arjawinangun, Cirebon",2026-10-04,32.09.24.2004,Arjawinangun,kecamatan,no,-6.6453,108.4103,Asia/Jakarta,"BMKG point: Arjawinangun, Kecamatan Arjawinangun",04-10-2026,METNO,MET Norway,17:00,2026-10-04 17:00:00,31.0,50.8,0.0,15.12,0.0,1.346,Cerah Berawan,fair_day
arjawinangun,"Arjawinangun, Cirebon",2026-10-04,32.09.24.2004,Arjawinangun,kecamatan,no,-6.6453,108.4103,Asia/Jakarta,"BMKG point: Arjawinangun, Kecamatan Arjawinangun",04-10-2026,METNO,MET Norway,18:00,2026-10-04 18:00:00,29.8,59.3,0.0,12.24,0.0,1.346,Cerah Berawan,partlycloudy_night
arjawinangun,"Arjawinangun, Cirebon",2026-10-04,32.09.24.2004,Arjawinangun,kecamatan,no,-6.6453,108.4103,Asia/Jakarta,"BMKG point: Arjawinangun, Kecamatan Arjawinangun",04-10-2026,METNO,MET Norway,19:00,2026-10-04 19:00:00,29.6,61.5,0.0,11.88,0.0,1.346,Cerah Berawan,partlycloudy_night
arjawinangun,"Arjawinangun, Cirebon",2026-10-04,32.09.24.2004,Arjawinangun,kecamatan,no,-6.6453,108.4103,Asia/Jakarta,"BMKG point: Arjawinangun, Kecamatan Arjawinangun",04-10-2026,METNO,MET Norway,20:00,2026-10-04 20:00:00,29.4,60.8,0.0,13.32,0.0,1.346,Cerah Berawan,partlycloudy_night
arjawinangun,"Arjawinangun, Cirebon",2026-10-04,32.09.24.2004,Arjawinangun,kecamatan,no,-6.6453,108.4103,Asia/Jakarta,"BMKG point: Arjawinangun, Kecamatan Arjawinangun",04-10-2026,METNO,MET Norway,21:00,2026-10-04 21:00:00,29.2,60.0,0.0,13.32,0.0,1.346,Cerah Berawan,partlycloudy_night
arjawinangun,"Arjawinangun, Cirebon",2026-10-04,32.09.24.2004,Arjawinangun,kecamatan,no,-6.6453,108.4103,Asia/Jakarta,"BMKG point: Arjawinangun, Kecamatan Arjawinangun",04-10-2026,METNO,MET Norway,22:00,2026-10-04 22:00:00,29.0,60.3,0.0,10.8,0.0,1.346,Cerah Berawan,partlycloudy_night
arjawinangun,"Arjawinangun, Cirebon",2026-10-04,32.09.24.2004,Arjawinangun,kecamatan,no,-6.6453,108.4103,Asia/Jakarta,"BMKG point: Arjawinangun, Kecamatan Arjawinangun",04-10-2026,METNO,MET Norway,23:00,2026-10-04 23:00:00,28.6,61.1,0.0,7.56,0.0,1.346,Cerah Berawan,fair_night
arjawinangun,"Arjawinangun, Cirebon",2026-10-04,32.09.24.2004,Arjawinangun,kecamatan,no,-6.6453,108.4103,Asia/Jakarta,"BMKG point: Arjawinangun, Kecamatan Arjawinangun",04-10-2026,UKMO,Open-Meteo / UK Met Office,00:00,2026-10-04 00:00:00,26.5,68.0,0.0,8.6,0.0,1.3255,Cerah,wmo:0
arjawinangun,"Arjawinangun, Cirebon",2026-10-04,32.09.24.2004,Arjawinangun,kecamatan,no,-6.6453,108.4103,Asia/Jakarta,"BMKG point: Arjawinangun, Kecamatan Arjawinangun",04-10-2026,UKMO,Open-Meteo / UK Met Office,01:00,2026-10-04 01:00:00,26.0,70.0,0.0,6.8,0.0,1.3255,Cerah,wmo:0
arjawinangun,"Arjawinangun, Cirebon",2026-10-04,32.09.24.2004,Arjawinangun,kecamatan,no,-6.6453,108.4103,Asia/Jakarta,"BMKG point: Arjawinangun, Kecamatan Arjawinangun",04-10-2026,UKMO,Open-Meteo / UK Met Office,02:00,2026-10-04 02:00:00,25.5,74.0,0.0,5.8,0.0,1.3255,Berawan,wmo:3
arjawinangun,"Arjawinangun, Cirebon",2026-10-04,32.09.24.2004,Arjawinangun,kecamatan,no,-6.6453,108.4103,Asia/Jakarta,"BMKG point: Arjawinangun, Kecamatan Arjawinangun",04-10-2026,UKMO,Open-Meteo / UK Met Office,03:00,2026-10-04 03:00:00,25.2,75.0,0.0,5.8,0.0,1.3255,Berawan,wmo:3
arjawinangun,"Arjawinangun, Cirebon",2026-10-04,32.09.24.2004,Arjawinangun,kecamatan,no,-6.6453,108.4103,Asia/Jakarta,"BMKG point: Arjawinangun, Kecamatan Arjawinangun",04-10-2026,UKMO,Open-Meteo / UK Met Office,04:00,2026-10-04 04:00:00,24.9,76.0,0.0,5.4,0.0,1.3255,Berawan,wmo:3
arjawinangun,"Arjawinangun, Cirebon",2026-10-04,32.09.24.2004,Arjawinangun,kecamatan,no,-6.6453,108.4103,Asia/Jakarta,"BMKG point: Arjawinangun, Kecamatan Arjawinangun",04-10-2026,UKMO,Open-Meteo / UK Met Office,05:00,2026-10-04 05:00:00,24.5,80.0,0.0,4.7,0.0,1.3255,Berawan,wmo:3
arjawinangun,"Arjawinangun, Cirebon",2026-10-04,32.09.24.2004,Arjawinangun,kecamatan,no,-6.6453,108.4103,Asia/Jakarta,"BMKG point: Arjawinangun, Kecamatan Arjawinangun",04-10-2026,UKMO,Open-Meteo / UK Met Office,06:00,2026-10-04 06:00:00,25.3,76.0,0.0,4.0,0.0,1.3255,Berawan,wmo:3
arjawinangun,"Arjawinangun, Cirebon",2026-10-04,32.09.24.2004,Arjawinangun,kecamatan,no,-6.6453,108.4103,Asia/Jakarta,"BMKG point: Arjawinangun, Kecamatan Arjawinangun",04-10-2026,UKMO,Open-Meteo / UK Met Office,07:00,2026-10-04 07:00:00,26.7,66.0,0.0,3.6,0.0,1.3255,Berawan,wmo:3
arjawinangun,"Arjawinangun, Cirebon",2026-10-04,32.09.24.2004,Arjawinangun,kecamatan,no,-6.6453,108.4103,Asia/Jakarta,"BMKG point: Arjawinangun, Kecamatan Arjawinangun",04-10-2026,UKMO,Open-Meteo / UK Met Office,08:00,2026-10-04 08:00:00,28.5,59.0,0.0,8.3,0.0,1.3255,Berawan,wmo:3
arjawinangun,"Arjawinangun, Cirebon",2026-10-04,32.09.24.2004,Arjawinangun,kecamatan,no,-6.6453,108.4103,Asia/Jakarta,"BMKG point: Arjawinangun, Kecamatan Arjawinangun",04-10-2026,UKMO,Open-Meteo / UK Met Office,09:00,2026-10-04 09:00:00,30.9,49.0,0.0,11.9,0.0,1.3255,Berawan,wmo:3
arjawinangun,"Arjawinangun, Cirebon",2026-10-04,32.09.24.2004,Arjawinangun,kecamatan,no,-6.6453,108.4103,Asia/Jakarta,"BMKG point: Arjawinangun, Kecamatan Arjawinangun",04-10-2026,UKMO,Open-Meteo / UK Met Office,10:00,2026-10-04 10:00:00,32.4,45.0,0.0,14.4,0.0,1.3255,Berawan,wmo:3
arjawinangun,"Arjawinangun, Cirebon",2026-10-04,32.09.24.2004,Arjawinangun,kecamatan,no,-6.6453,108.4103,Asia/Jakarta,"BMKG point: Arjawinangun, Kecamatan Arjawinangun",04-10-2026,UKMO,Open-Meteo / UK Met Office,11:00,2026-10-04 11:00:00,32.9,44.0,0.0,15.5,0.0,1.3255,Cerah Berawan,wmo:1
arjawinangun,"Arjawinangun, Cirebon",2026-10-04,32.09.24.2004,Arjawinangun,kecamatan,no,-6.6453,108.4103,Asia/Jakarta,"BMKG point: Arjawinangun, Kecamatan Arjawinangun",04-10-2026,UKMO,Open-Meteo / UK Met Office,12:00,2026-10-04 12:00:00,33.6,41.0,0.0,15.1,0.0,1.3255,Cerah Berawan,wmo:1
arjawinangun,"Arjawinangun, Cirebon",2026-10-04,32.09.24.2004,Arjawinangun,kecamatan,no,-6.6453,108.4103,Asia/Jakarta,"BMKG point: Arjawinangun, Kecamatan Arjawinangun",04-10-2026,UKMO,Open-Meteo / UK Met Office,13:00,2026-10-04 13:00:00,33.8,42.0,0.3,15.5,0.0,1.3255,Hujan Ringan,wmo:51
arjawinangun,"Arjawinangun, Cirebon",2026-10-04,32.09.24.2004,Arjawinangun,kecamatan,no,-6.6453,108.4103,Asia/Jakarta,"BMKG point: Arjawinangun, Kecamatan Arjawinangun",04-10-2026,UKMO,Open-Meteo / UK Met Office,14:00,2026-10-04 14:00:00,33.5,42.0,0.1,16.9,0.0,1.3255,Hujan Ringan,wmo:51
arjawinangun,"Arjawinangun, Cirebon",2026-10-04,32.09.24.2004,Arjawinangun,kecamatan,no,-6.6453,108.4103,Asia/Jakarta,"BMKG point: Arjawinangun, Kecamatan Arjawinangun",04-10-2026,UKMO,Open-Meteo / UK Met Office,15:00,2026-10-04 15:00:00,33.7,42.0,0.0,15.5,0.0,1.3255,Cerah,wmo:0
arjawinangun,"Arjawinangun, Cirebon",2026-10-04,32.09.24.2004,Arjawinangun,kecamatan,no,-6.6453,108.4103,Asia/Jakarta,"BMKG point: Arjawinangun, Kecamatan Arjawinangun",04-10-2026,UKMO,Open-Meteo / UK Met Office,16:00,2026-10-04 16:00:00,32.6,47.0,0.0,14.0,0.0,1.3255,Cerah,wmo:0
arjawinangun,"Arjawinangun, Cirebon",2026-10-04,32.09.24.2004,Arjawinangun,kecamatan,no,-6.6453,108.4103,Asia/Jakarta,"BMKG point: Arjawinangun, Kecamatan Arjawinangun",04-10-2026,UKMO,Open-Meteo / UK Met Office,17:00,2026-10-04 17:00:00,30.9,55.0,0.0,13.7,0.0,1.3255,Berawan,wmo:3
arjawinangun,"Arjawinangun, Cirebon",2026-10-04,32.09.24.2004,Arjawinangun,kecamatan,no,-6.6453,108.4103,Asia/Jakarta,"BMKG point: Arjawinangun, Kecamatan Arjawinangun",04-10-2026,UKMO,Open-Meteo / UK Met Office,18:00,2026-10-04 18:00:00,29.7,62.0,0.0,9.4,0.0,1.3255,Cerah,wmo:0
arjawinangun,"Arjawinangun, Cirebon",2026-10-04,32.09.24.2004,Arjawinangun,kecamatan,no,-6.6453,108.4103,Asia/Jakarta,"BMKG point: Arjawinangun, Kecamatan Arjawinangun",04-10-2026,UKMO,Open-Meteo / UK Met Office,19:00,2026-10-04 19:00:00,29.2,66.0,0.0,7.6,0.0,1.3255,Cerah,wmo:0
arjawinangun,"Arjawinangun, Cirebon",2026-10-04,32.09.24.2004,Arjawinangun,kecamatan,no,-6.6453,108.4103,Asia/Jakarta,"BMKG point: Arjawinangun, Kecamatan Arjawinangun",04-10-2026,UKMO,Open-Meteo / UK Met Office,20:00,2026-10-04 20:00:00,28.7,70.0,0.1,9.0,0.0,1.3255,Hujan Ringan,wmo:51
arjawinangun,"Arjawinangun, Cirebon",2026-10-04,32.09.24.2004,Arjawinangun,kecamatan,no,-6.6453,108.4103,Asia/Jakarta,"BMKG point: Arjawinangun, Kecamatan Arjawinangun",04-10-2026,UKMO,Open-Meteo / UK Met Office,21:00,2026-10-04 21:00:00,28.1,67.0,0.1,10.4,0.0,1.3255,Hujan Ringan,wmo:51
arjawinangun,"Arjawinangun, Cirebon",2026-10-04,32.09.24.2004,Arjawinangun,kecamatan,no,-6.6453,108.4103,Asia/Jakarta,"BMKG point: Arjawinangun, Kecamatan Arjawinangun",04-10-2026,UKMO,Open-Meteo / UK Met Office,22:00,2026-10-04 22:00:00,27.8,66.0,0.0,8.6,0.0,1.3255,Cerah Berawan,wmo:2
arjawinangun,"Arjawinangun, Cirebon",2026-10-04,32.09.24.2004,Arjawinangun,kecamatan,no,-6.6453,108.4103,Asia/Jakarta,"BMKG point: Arjawinangun, Kecamatan Arjawinangun",04-10-2026,UKMO,Open-Meteo / UK Met Office,23:00,2026-10-04 23:00:00,27.0,70.0,0.0,7.2,0.0,1.3255,Berawan,wmo:3
arjawinangun,"Arjawinangun, Cirebon",2026-10-05,32.09.24.2004,Arjawinangun,kecamatan,no,-6.6453,108.4103,Asia/Jakarta,"BMKG point: Arjawinangun, Kecamatan Arjawinangun",05-10-2026,BMKG,BMKG,00:00,2026-10-05 01:00:00,22.0,83.0,0.0,0.2,60.0,1.3237,Cerah Berawan,Cerah Berawan
arjawinangun,"Arjawinangun, Cirebon",2026-10-05,32.09.24.2004,Arjawinangun,kecamatan,no,-6.6453,108.4103,Asia/Jakarta,"BMKG point: Arjawinangun, Kecamatan Arjawinangun",05-10-2026,BMKG,BMKG,01:00,2026-10-05 01:00:00,22.0,83.0,0.0,0.2,0.0,1.765,Cerah Berawan,Cerah Berawan
arjawinangun,"Arjawinangun, Cirebon",2026-10-05,32.09.24.2004,Arjawinangun,kecamatan,no,-6.6453,108.4103,Asia/Jakarta,"BMKG point: Arjawinangun, Kecamatan Arjawinangun",05-10-2026,BMKG,BMKG,02:00,2026-10-05 01:00:00,22.0,83.0,0.0,0.2,60.0,1.3237,Cerah Berawan,Cerah Berawan
arjawinangun,"Arjawinangun, Cirebon",2026-10-05,32.09.24.2004,Arjawinangun,kecamatan,no,-6.6453,108.4103,Asia/Jakarta,"BMKG point: Arjawinangun, Kecamatan Arjawinangun",05-10-2026,BMKG,BMKG,03:00,2026-10-05 04:00:00,23.0,82.0,0.0,0.7,60.0,1.3237,Cerah Berawan,Cerah Berawan
arjawinangun,"Arjawinangun, Cirebon",2026-10-05,32.09.24.2004,Arjawinangun,kecamatan,no,-6.6453,108.4103,Asia/Jakarta,"BMKG point: Arjawinangun, Kecamatan Arjawinangun",05-10-2026,BMKG,BMKG,04:00,2026-10-05 04:00:00,23.0,82.0,0.0,0.7,0.0,1.765,Cerah Berawan,Cerah Berawan
arjawinangun,"Arjawinangun, Cirebon",2026-10-05,32.09.24.2004,Arjawinangun,kecamatan,no,-6.6453,108.4103,Asia/Jakarta,"BMKG point: Arjawinangun, Kecamatan Arjawinangun",05-10-2026,BMKG,BMKG,05:00,2026-10-05 04:00:00,23.0,82.0,0.0,0.7,60.0,1.3237,Cerah Berawan,Cerah Berawan
arjawinangun,"Arjawinangun, Cirebon",2026-10-05,32.09.24.2004,Arjawinangun,kecamatan,no,-6.6453,108.4103,Asia/Jakarta,"BMKG point: Arjawinangun, Kecamatan Arjawinangun",05-10-2026,BMKG,BMKG,06:00,2026-10-05 07:00:00,29.0,58.0,0.0,2.8,60.0,1.3237,Cerah Berawan,Cerah Berawan
arjawinangun,"Arjawinangun, Cirebon",2026-10-05,32.09.24.2004,Arjawinangun,kecamatan,no,-6.6453,108.4103,Asia/Jakarta,"BMKG point: Arjawinangun, Kecamatan Arjawinangun",05-10-2026,BMKG,BMKG,07:00,2026-10-05 07:00:00,29.0,58.0,0.0,2.8,0.0,1.765,Cerah Berawan,Cerah Berawan
arjawinangun,"Arjawinangun, Cirebon",2026-10-05,32.09.24.2004,Arjawinangun,kecamatan,no,-6.6453,108.4103,Asia/Jakarta,"BMKG point: Arjawinangun, Kecamatan Arjawinangun",05-10-2026,BMKG,BMKG,08:00,2026-10-05 07:00:00,29.0,58.0,0.0,2.8,60.0,1.3237,Cerah Berawan,Cerah Berawan
arjawinangun,"Arjawinangun, Cirebon",2026-10-05,32.09.24.2004,Arjawinangun,kecamatan,no,-6.6453,108.4103,Asia/Jakarta,"BMKG point: Arjawinangun, Kecamatan Arjawinangun",05-10-2026,BMKG,BMKG,09:00,2026-10-05 10:00:00,34.0,38.0,0.0,4.3,60.0,1.3237,Cerah Berawan,Cerah Berawan
arjawinangun,"Arjawinangun, Cirebon",2026-10-05,32.09.24.2004,Arjawinangun,kecamatan,no,-6.6453,108.4103,Asia/Jakarta,"BMKG point: Arjawinangun, Kecamatan Arjawinangun",05-10-2026,BMKG,BMKG,10:00,2026-10-05 10:00:00,34.0,38.0,0.0,4.3,0.0,1.765,Cerah Berawan,Cerah Berawan
arjawinangun,"Arjawinangun, Cirebon",2026-10-05,32.09.24.2004,Arjawinangun,kecamatan,no,-6.6453,108.4103,Asia/Jakarta,"BMKG point: Arjawinangun, Kecamatan Arjawinangun",05-10-2026,BMKG,BMKG,11:00,2026-10-05 10:00:00,34.0,38.0,0.0,4.3,60.0,1.3237,Cerah Berawan,Cerah Berawan
arjawinangun,"Arjawinangun, Cirebon",2026-10-05,32.09.24.2004,Arjawinangun,kecamatan,no,-6.6453,108.4103,Asia/Jakarta,"BMKG point: Arjawinangun, Kecamatan Arjawinangun",05-10-2026,BMKG,BMKG,12:00,2026-10-05 13:00:00,34.0,40.0,0.0,13.3,60.0,1.3237,Berawan,Berawan
arjawinangun,"Arjawinangun, Cirebon",2026-10-05,32.09.24.2004,Arjawinangun,kecamatan,no,-6.6453,108.4103,Asia/Jakarta,"BMKG point: Arjawinangun, Kecamatan Arjawinangun",05-10-2026,BMKG,BMKG,13:00,2026-10-05 13:00:00,34.0,40.0,0.0,13.3,0.0,1.765,Berawan,Berawan
arjawinangun,"Arjawinangun, Cirebon",2026-10-05,32.09.24.2004,Arjawinangun,kecamatan,no,-6.6453,108.4103,Asia/Jakarta,"BMKG point: Arjawinangun, Kecamatan Arjawinangun",05-10-2026,BMKG,BMKG,14:00,2026-10-05 13:00:00,34.0,40.0,0.0,13.3,60.0,1.3237,Berawan,Berawan
arjawinangun,"Arjawinangun, Cirebon",2026-10-05,32.09.24.2004,Arjawinangun,kecamatan,no,-6.6453,108.4103,Asia/Jakarta,"BMKG point: Arjawinangun, Kecamatan Arjawinangun",05-10-2026,BMKG,BMKG,15:00,2026-10-05 16:00:00,29.0,69.0,0.0,12.0,60.0,1.3237,Berawan,Berawan
arjawinangun,"Arjawinangun, Cirebon",2026-10-05,32.09.24.2004,Arjawinangun,kecamatan,no,-6.6453,108.4103,Asia/Jakarta,"BMKG point: Arjawinangun, Kecamatan Arjawinangun",05-10-2026,BMKG,BMKG,16:00,2026-10-05 16:00:00,29.0,69.0,0.0,12.0,0.0,1.765,Berawan,Berawan
arjawinangun,"Arjawinangun, Cirebon",2026-10-05,32.09.24.2004,Arjawinangun,kecamatan,no,-6.6453,108.4103,Asia/Jakarta,"BMKG point: Arjawinangun, Kecamatan Arjawinangun",05-10-2026,BMKG,BMKG,17:00,2026-10-05 16:00:00,29.0,69.0,0.0,12.0,60.0,1.3237,Berawan,Berawan
arjawinangun,"Arjawinangun, Cirebon",2026-10-05,32.09.24.2004,Arjawinangun,kecamatan,no,-6.6453,108.4103,Asia/Jakarta,"BMKG point: Arjawinangun, Kecamatan Arjawinangun",05-10-2026,BMKG,BMKG,18:00,2026-10-05 19:00:00,26.0,91.0,0.0,6.8,60.0,1.3237,Berawan,Berawan
arjawinangun,"Arjawinangun, Cirebon",2026-10-05,32.09.24.2004,Arjawinangun,kecamatan,no,-6.6453,108.4103,Asia/Jakarta,"BMKG point: Arjawinangun, Kecamatan Arjawinangun",05-10-2026,BMKG,BMKG,19:00,2026-10-05 19:00:00,26.0,91.0,0.0,6.8,0.0,1.765,Berawan,Berawan
arjawinangun,"Arjawinangun, Cirebon",2026-10-05,32.09.24.2004,Arjawinangun,kecamatan,no,-6.6453,108.4103,Asia/Jakarta,"BMKG point: Arjawinangun, Kecamatan Arjawinangun",05-10-2026,BMKG,BMKG,20:00,2026-10-05 19:00:00,26.0,91.0,0.0,6.8,60.0,1.3237,Berawan,Berawan
arjawinangun,"Arjawinangun, Cirebon",2026-10-05,32.09.24.2004,Arjawinangun,kecamatan,no,-6.6453,108.4103,Asia/Jakarta,"BMKG point: Arjawinangun, Kecamatan Arjawinangun",05-10-2026,BMKG,BMKG,21:00,2026-10-05 22:00:00,25.0,91.0,0.0,1.1,60.0,1.3237,Cerah Berawan,Cerah Berawan
arjawinangun,"Arjawinangun, Cirebon",2026-10-05,32.09.24.2004,Arjawinangun,kecamatan,no,-6.6453,108.4103,Asia/Jakarta,"BMKG point: Arjawinangun, Kecamatan Arjawinangun",05-10-2026,BMKG,BMKG,22:00,2026-10-05 22:00:00,25.0,91.0,0.0,1.1,0.0,1.765,Cerah Berawan,Cerah Berawan
arjawinangun,"Arjawinangun, Cirebon",2026-10-05,32.09.24.2004,Arjawinangun,kecamatan,no,-6.6453,108.4103,Asia/Jakarta,"BMKG point: Arjawinangun, Kecamatan Arjawinangun",05-10-2026,BMKG,BMKG,23:00,2026-10-05 22:00:00,25.0,91.0,0.0,1.1,60.0,1.3237,Cerah Berawan,Cerah Berawan
arjawinangun,"Arjawinangun, Cirebon",2026-10-05,32.09.24.2004,Arjawinangun,kecamatan,no,-6.6453,108.4103,Asia/Jakarta,"BMKG point: Arjawinangun, Kecamatan Arjawinangun",05-10-2026,CMA,Open-Meteo / CMA GRAPES,00:00,2026-10-05 00:00:00,25.3,84.0,0.0,9.4,0.0,1.1588,Cerah,wmo:0
arjawinangun,"Arjawinangun, Cirebon",2026-10-05,32.09.24.2004,Arjawinangun,kecamatan,no,-6.6453,108.4103,Asia/Jakarta,"BMKG point: Arjawinangun, Kecamatan Arjawinangun",05-10-2026,CMA,Open-Meteo / CMA GRAPES,01:00,2026-10-05 01:00:00,25.1,85.0,0.0,9.1,0.0,1.1588,Cerah,wmo:0
arjawinangun,"Arjawinangun, Cirebon",2026-10-05,32.09.24.2004,Arjawinangun,kecamatan,no,-6.6453,108.4103,Asia/Jakarta,"BMKG point: Arjawinangun, Kecamatan Arjawinangun",05-10-2026,CMA,Open-Meteo / CMA GRAPES,02:00,2026-10-05 02:00:00,24.9,85.0,0.0,9.1,0.0,1.1588,Cerah,wmo:0
arjawinangun,"Arjawinangun, Cirebon",2026-10-05,32.09.24.2004,Arjawinangun,kecamatan,no,-6.6453,108.4103,Asia/Jakarta,"BMKG point: Arjawinangun, Kecamatan Arjawinangun",05-10-2026,CMA,Open-Meteo / CMA GRAPES,03:00,2026-10-05 03:00:00,24.6,86.0,0.0,9.5,0.0,1.1588,Cerah,wmo:0
arjawinangun,"Arjawinangun, Cirebon",2026-10-05,32.09.24.2004,Arjawinangun,kecamatan,no,-6.6453,108.4103,Asia/Jakarta,"BMKG point: Arjawinangun, Kecamatan Arjawinangun",05-10-2026,CMA,Open-Meteo / CMA GRAPES,04:00,2026-10-05 04:00:00,24.6,85.0,0.0,9.9,0.0,1.1588,Cerah,wmo:0
arjawinangun,"Arjawinangun, Cirebon",2026-10-05,32.09.24.2004,Arjawinangun,kecamatan,no,-6.6453,108.4103,Asia/Jakarta,"BMKG point: Arjawinangun, Kecamatan Arjawinangun",05-10-2026,CMA,Open-Meteo / CMA GRAPES,05:00,2026-10-05 05:00:00,24.8,84.0,0.0,10.3,0.0,1.1588,Cerah,wmo:0
arjawinangun,"Arjawinangun, Cirebon",2026-10-05,32.09.24.2004,Arjawinangun,kecamatan,no,-6.6453,108.4103,Asia/Jakarta,"BMKG point: Arjawinangun, Kecamatan Arjawinangun",05-10-2026,CMA,Open-Meteo / CMA GRAPES,06:00,2026-10-05 06:00:00,25.2,83.0,0.0,11.1,0.0,1.1588,Cerah,wmo:0
arjawinangun,"Arjawinangun, Cirebon",2026-10-05,32.09.24.2004,Arjawinangun,kecamatan,no,-6.6453,108.4103,Asia/Jakarta,"BMKG point: Arjawinangun, Kecamatan Arjawinangun",05-10-2026,CMA,Open-Meteo / CMA GRAPES,07:00,2026-10-05 07:00:00,26.0,80.0,0.0,11.3,0.0,1.1588,Cerah,wmo:0
arjawinangun,"Arjawinangun, Cirebon",2026-10-05,32.09.24.2004,Arjawinangun,kecamatan,no,-6.6453,108.4103,Asia/Jakarta,"BMKG point: Arjawinangun, Kecamatan Arjawinangun",05-10-2026,CMA,Open-Meteo / CMA GRAPES,08:00,2026-10-05 08:00:00,27.3,73.0,0.0,11.0,0.0,1.1588,Cerah,wmo:0
arjawinangun,"Arjawinangun, Cirebon",2026-10-05,32.09.24.2004,Arjawinangun,kecamatan,no,-6.6453,108.4103,Asia/Jakarta,"BMKG point: Arjawinangun, Kecamatan Arjawinangun",05-10-2026,CMA,Open-Meteo / CMA GRAPES,09:00,2026-10-05 09:00:00,29.0,64.0,0.0,10.5,0.0,1.1588,Cerah,wmo:0
arjawinangun,"Arjawinangun, Cirebon",2026-10-05,32.09.24.2004,Arjawinangun,kecamatan,no,-6.6453,108.4103,Asia/Jakarta,"BMKG point: Arjawinangun, Kecamatan Arjawinangun",05-10-2026,CMA,Open-Meteo / CMA GRAPES,10:00,2026-10-05 10:00:00,30.5,57.0,0.0,10.2,0.0,1.1588,Cerah,wmo:0
arjawinangun,"Arjawinangun, Cirebon",2026-10-05,32.09.24.2004,Arjawinangun,kecamatan,no,-6.6453,108.4103,Asia/Jakarta,"BMKG point: Arjawinangun, Kecamatan Arjawinangun",05-10-2026,CMA,Open-Meteo / CMA GRAPES,11:00,2026-10-05 11:00:00,31.7,52.0,0.0,9.9,0.0,1.1588,Cerah,wmo:0
arjawinangun,"Arjawinangun, Cirebon",2026-10-05,32.09.24.2004,Arjawinangun,kecamatan,no,-6.6453,108.4103,Asia/Jakarta,"BMKG point: Arjawinangun, Kecamatan Arjawinangun",05-10-2026,CMA,Open-Meteo / CMA GRAPES,12:00,2026-10-05 12:00:00,32.8,50.0,0.0,9.7,0.0,1.1588,Cerah,wmo:0
arjawinangun,"Arjawinangun, Cirebon",2026-10-05,32.09.24.2004,Arjawinangun,kecamatan,no,-6.6453,108.4103,Asia/Jakarta,"BMKG point: Arjawinangun, Kecamatan Arjawinangun",05-10-2026,CMA,Open-Meteo / CMA GRAPES,13:00,2026-10-05 13:00:00,33.3,49.0,0.0,9.9,0.0,1.1588,Cerah,wmo:0
arjawinangun,"Arjawinangun, Cirebon",2026-10-05,32.09.24.2004,Arjawinangun,kecamatan,no,-6.6453,108.4103,Asia/Jakarta,"BMKG point: Arjawinangun, Kecamatan Arjawinangun",05-10-2026,CMA,Open-Meteo / CMA GRAPES,14:00,2026-10-05 14:00:00,33.1,52.0,0.0,11.2,0.0,1.1588,Cerah,wmo:0
arjawinangun,"Arjawinangun, Cirebon",2026-10-05,32.09.24.2004,Arjawinangun,kecamatan,no,-6.6453,108.4103,Asia/Jakarta,"BMKG point: Arjawinangun, Kecamatan Arjawinangun",05-10-2026,CMA,Open-Meteo / CMA GRAPES,15:00,2026-10-05 15:00:00,32.3,56.0,0.0,13.7,0.0,1.1588,Cerah,wmo:0
arjawinangun,"Arjawinangun, Cirebon",2026-10-05,32.09.24.2004,Arjawinangun,kecamatan,no,-6.6453,108.4103,Asia/Jakarta,"BMKG point: Arjawinangun, Kecamatan Arjawinangun",05-10-2026,CMA,Open-Meteo / CMA GRAPES,16:00,2026-10-05 16:00:00,31.4,61.0,0.0,15.2,0.0,1.1588,Cerah,wmo:0
arjawinangun,"Arjawinangun, Cirebon",2026-10-05,32.09.24.2004,Arjawinangun,kecamatan,no,-6.6453,108.4103,Asia/Jakarta,"BMKG point: Arjawinangun, Kecamatan Arjawinangun",05-10-2026,CMA,Open-Meteo / CMA GRAPES,17:00,2026-10-05 17:00:00,30.4,65.0,0.0,13.7,0.0,1.1588,Cerah,wmo:0
arjawinangun,"Arjawinangun, Cirebon",2026-10-05,32.09.24.2004,Arjawinangun,kecamatan,no,-6.6453,108.4103,Asia/Jakarta,"BMKG point: Arjawinangun, Kecamatan Arjawinangun",05-10-2026,CMA,Open-Meteo / CMA GRAPES,18:00,2026-10-05 18:00:00,29.2,69.0,0.0,10.9,0.0,1.1588,Cerah,wmo:0
arjawinangun,"Arjawinangun, Cirebon",2026-10-05,32.09.24.2004,Arjawinangun,kecamatan,no,-6.6453,108.4103,Asia/Jakarta,"BMKG point: Arjawinangun, Kecamatan Arjawinangun",05-10-2026,CMA,Open-Meteo / CMA GRAPES,19:00,2026-10-05 19:00:00,28.1,73.0,0.0,9.7,0.0,1.1588,Cerah,wmo:0
arjawinangun,"Arjawinangun, Cirebon",2026-10-05,32.09.24.2004,Arjawinangun,kecamatan,no,-6.6453,108.4103,Asia/Jakarta,"BMKG point: Arjawinangun, Kecamatan Arjawinangun",05-10-2026,CMA,Open-Meteo / CMA GRAPES,20:00,2026-10-05 20:00:00,27.3,76.0,0.0,10.1,0.0,1.1588,Cerah,wmo:0
arjawinangun,"Arjawinangun, Cirebon",2026-10-05,32.09.24.2004,Arjawinangun,kecamatan,no,-6.6453,108.4103,Asia/Jakarta,"BMKG point: Arjawinangun, Kecamatan Arjawinangun",05-10-2026,CMA,Open-Meteo / CMA GRAPES,21:00,2026-10-05 21:00:00,26.7,80.0,0.0,11.4,0.0,1.1588,Cerah,wmo:0
arjawinangun,"Arjawinangun, Cirebon",2026-10-05,32.09.24.2004,Arjawinangun,kecamatan,no,-6.6453,108.4103,Asia/Jakarta,"BMKG point: Arjawinangun, Kecamatan Arjawinangun",05-10-2026,CMA,Open-Meteo / CMA GRAPES,22:00,2026-10-05 22:00:00,26.2,82.0,0.0,12.1,0.0,1.1588,Cerah,wmo:0
arjawinangun,"Arjawinangun, Cirebon",2026-10-05,32.09.24.2004,Arjawinangun,kecamatan,no,-6.6453,108.4103,Asia/Jakarta,"BMKG point: Arjawinangun, Kecamatan Arjawinangun",05-10-2026,CMA,Open-Meteo / CMA GRAPES,23:00,2026-10-05 23:00:00,25.8,83.0,0.0,11.9,0.0,1.1588,Cerah,wmo:0
arjawinangun,"Arjawinangun, Cirebon",2026-10-05,32.09.24.2004,Arjawinangun,kecamatan,no,-6.6453,108.4103,Asia/Jakarta,"BMKG point: Arjawinangun, Kecamatan Arjawinangun",05-10-2026,ECMWF,Open-Meteo / ECMWF,00:00,2026-10-05 00:00:00,26.4,76.0,0.0,1.5,0.0,1.6882,Cerah Berawan,wmo:2
arjawinangun,"Arjawinangun, Cirebon",2026-10-05,32.09.24.2004,Arjawinangun,kecamatan,no,-6.6453,108.4103,Asia/Jakarta,"BMKG point: Arjawinangun, Kecamatan Arjawinangun",05-10-2026,ECMWF,Open-Meteo / ECMWF,01:00,2026-10-05 01:00:00,25.9,77.0,0.0,1.1,0.0,1.6882,Cerah Berawan,wmo:1
arjawinangun,"Arjawinangun, Cirebon",2026-10-05,32.09.24.2004,Arjawinangun,kecamatan,no,-6.6453,108.4103,Asia/Jakarta,"BMKG point: Arjawinangun, Kecamatan Arjawinangun",05-10-2026,ECMWF,Open-Meteo / ECMWF,02:00,2026-10-05 02:00:00,25.4,79.0,0.0,1.4,0.0,1.6882,Cerah Berawan,wmo:1
arjawinangun,"Arjawinangun, Cirebon",2026-10-05,32.09.24.2004,Arjawinangun,kecamatan,no,-6.6453,108.4103,Asia/Jakarta,"BMKG point: Arjawinangun, Kecamatan Arjawinangun",05-10-2026,ECMWF,Open-Meteo / ECMWF,03:00,2026-10-05 03:00:00,24.8,80.0,0.0,2.2,0.0,1.6882,Cerah Berawan,wmo:1
arjawinangun,"Arjawinangun, Cirebon",2026-10-05,32.09.24.2004,Arjawinangun,kecamatan,no,-6.6453,108.4103,Asia/Jakarta,"BMKG point: Arjawinangun, Kecamatan Arjawinangun",05-10-2026,ECMWF,Open-Meteo / ECMWF,04:00,2026-10-05 04:00:00,24.7,80.0,0.0,2.6,0.0,1.6882,Cerah Berawan,wmo:1
arjawinangun,"Arjawinangun, Cirebon",2026-10-05,32.09.24.2004,Arjawinangun,kecamatan,no,-6.6453,108.4103,Asia/Jakarta,"BMKG point: Arjawinangun, Kecamatan Arjawinangun",05-10-2026,ECMWF,Open-Meteo / ECMWF,05:00,2026-10-05 05:00:00,25.3,77.0,0.0,2.1,0.0,1.6882,Cerah Berawan,wmo:1
arjawinangun,"Arjawinangun, Cirebon",2026-10-05,32.09.24.2004,Arjawinangun,kecamatan,no,-6.6453,108.4103,Asia/Jakarta,"BMKG point: Arjawinangun, Kecamatan Arjawinangun",05-10-2026,ECMWF,Open-Meteo / ECMWF,06:00,2026-10-05 06:00:00,26.3,73.0,0.0,1.6,0.0,1.6882,Cerah Berawan,wmo:1
arjawinangun,"Arjawinangun, Cirebon",2026-10-05,32.09.24.2004,Arjawinangun,kecamatan,no,-6.6453,108.4103,Asia/Jakarta,"BMKG point: Arjawinangun, Kecamatan Arjawinangun",05-10-2026,ECMWF,Open-Meteo / ECMWF,07:00,2026-10-05 07:00:00,27.6,67.0,0.0,0.7,0.0,1.6882,Cerah Berawan,wmo:1
arjawinangun,"Arjawinangun, Cirebon",2026-10-05,32.09.24.2004,Arjawinangun,kecamatan,no,-6.6453,108.4103,Asia/Jakarta,"BMKG point: Arjawinangun, Kecamatan Arjawinangun",05-10-2026,ECMWF,Open-Meteo / ECMWF,08:00,2026-10-05 08:00:00,29.6,59.0,0.0,1.1,0.0,1.6882,Cerah Berawan,wmo:1
arjawinangun,"Arjawinangun, Cirebon",2026-10-05,32.09.24.2004,Arjawinangun,kecamatan,no,-6.6453,108.4103,Asia/Jakarta,"BMKG point: Arjawinangun, Kecamatan Arjawinangun",05-10-2026,ECMWF,Open-Meteo / ECMWF,09:00,2026-10-05 09:00:00,31.8,50.0,0.0,4.0,0.0,1.6882,Cerah,wmo:0
arjawinangun,"Arjawinangun, Cirebon",2026-10-05,32.09.24.2004,Arjawinangun,kecamatan,no,-6.6453,108.4103,Asia/Jakarta,"BMKG point: Arjawinangun, Kecamatan Arjawinangun",05-10-2026,ECMWF,Open-Meteo / ECMWF,10:00,2026-10-05 10:00:00,33.6,44.0,0.0,6.5,0.0,1.6882,Cerah,wmo:0
arjawinangun,"Arjawinangun, Cirebon",2026-10-05,32.09.24.2004,Arjawinangun,kecamatan,no,-6.6453,108.4103,Asia/Jakarta,"BMKG point: Arjawinangun, Kecamatan Arjawinangun",05-10-2026,ECMWF,Open-Meteo / ECMWF,11:00,2026-10-05 11:00:00,34.4,42.0,0.0,9.8,0.0,1.6882,Cerah Berawan,wmo:1
arjawinangun,"Arjawinangun, Cirebon",2026-10-05,32.09.24.2004,Arjawinangun,kecamatan,no,-6.6453,108.4103,Asia/Jakarta,"BMKG point: Arjawinangun, Kecamatan Arjawinangun",05-10-2026,ECMWF,Open-Meteo / ECMWF,12:00,2026-10-05 12:00:00,34.8,42.0,0.0,13.5,0.0,1.6882,Cerah Berawan,wmo:2
arjawinangun,"Arjawinangun, Cirebon",2026-10-05,32.09.24.2004,Arjawinangun,kecamatan,no,-6.6453,108.4103,Asia/Jakarta,"BMKG point: Arjawinangun, Kecamatan Arjawinangun",05-10-2026,ECMWF,Open-Meteo / ECMWF,13:00,2026-10-05 13:00:00,34.5,44.0,0.0,16.2,0.0,1.6882,Berawan,wmo:3
arjawinangun,"Arjawinangun, Cirebon",2026-10-05,32.09.24.2004,Arjawinangun,kecamatan,no,-6.6453,108.4103,Asia/Jakarta,"BMKG point: Arjawinangun, Kecamatan Arjawinangun",05-10-2026,ECMWF,Open-Meteo / ECMWF,14:00,2026-10-05 14:00:00,33.5,49.0,0.5,15.9,0.0,1.6882,Hujan Ringan,wmo:53
arjawinangun,"Arjawinangun, Cirebon",2026-10-05,32.09.24.2004,Arjawinangun,kecamatan,no,-6.6453,108.4103,Asia/Jakarta,"BMKG point: Arjawinangun, Kecamatan Arjawinangun",05-10-2026,ECMWF,Open-Meteo / ECMWF,15:00,2026-10-05 15:00:00,31.9,57.0,0.5,14.4,0.0,1.6882,Hujan Ringan,wmo:53
arjawinangun,"Arjawinangun, Cirebon",2026-10-05,32.09.24.2004,Arjawinangun,kecamatan,no,-6.6453,108.4103,Asia/Jakarta,"BMKG point: Arjawinangun, Kecamatan Arjawinangun",05-10-2026,ECMWF,Open-Meteo / ECMWF,16:00,2026-10-05 16:00:00,30.4,65.0,0.5,11.9,0.0,1.6882,Hujan Ringan,wmo:53
arjawinangun,"Arjawinangun, Cirebon",2026-10-05,32.09.24.2004,Arjawinangun,kecamatan,no,-6.6453,108.4103,Asia/Jakarta,"BMKG point: Arjawinangun, Kecamatan Arjawinangun",05-10-2026,ECMWF,Open-Meteo / ECMWF,17:00,2026-10-05 17:00:00,29.3,72.0,0.5,9.4,0.0,1.6882,Hujan Ringan,wmo:53
arjawinangun,"Arjawinangun, Cirebon",2026-10-05,32.09.24.2004,Arjawinangun,kecamatan,no,-6.6453,108.4103,Asia/Jakarta,"BMKG point: Arjawinangun, Kecamatan Arjawinangun",05-10-2026,ECMWF,Open-Meteo / ECMWF,18:00,2026-10-05 18:00:00,28.3,80.0,0.5,6.5,0.0,1.6882,Hujan Ringan,wmo:53
arjawinangun,"Arjawinangun, Cirebon",2026-10-05,32.09.24.2004,Arjawinangun,kecamatan,no,-6.6453,108.4103,Asia/Jakarta,"BMKG point: Arjawinangun, Kecamatan Arjawinangun",05-10-2026,ECMWF,Open-Meteo / ECMWF,19:00,2026-10-05 19:00:00,27.5,85.0,0.5,4.9,0.0,1.6882,Hujan Ringan,wmo:53
arjawinangun,"Arjawinangun, Cirebon",2026-10-05,32.09.24.2004,Arjawinangun,kecamatan,no,-6.6453,108.4103,Asia/Jakarta,"BMKG point: Arjawinangun, Kecamatan Arjawinangun",05-10-2026,ECMWF,Open-Meteo / ECMWF,20:00,2026-10-05 20:00:00,27.0,86.0,0.0,3.9,0.0,1.6882,Berawan,wmo:3
arjawinangun,"Arjawinangun, Cirebon",2026-10-05,32.09.24.2004,Arjawinangun,kecamatan,no,-6.6453,108.4103,Asia/Jakarta,"BMKG point: Arjawinangun, Kecamatan Arjawinangun",05-10-2026,ECMWF,Open-Meteo / ECMWF,21:00,2026-10-05 21:00:00,26.7,85.0,0.0,2.8,0.0,1.6882,Cerah Berawan,wmo:2
arjawinangun,"Arjawinangun, Cirebon",2026-10-05,32.09.24.2004,Arjawinangun,kecamatan,no,-6.6453,108.4103,Asia/Jakarta,"BMKG point: Arjawinangun, Kecamatan Arjawinangun",05-10-2026,ECMWF,Open-Meteo / ECMWF,22:00,2026-10-05 22:00:00,26.4,85.0,0.0,2.3,0.0,1.6882,Cerah Berawan,wmo:2
arjawinangun,"Arjawinangun, Cirebon",2026-10-05,32.09.24.2004,Arjawinangun,kecamatan,no,-6.6453,108.4103,Asia/Jakarta,"BMKG point: Arjawinangun, Kecamatan Arjawinangun",05-10-2026,ECMWF,Open-Meteo / ECMWF,23:00,2026-10-05 23:00:00,25.9,86.0,0.0,2.5,0.0,1.6882,Cerah Berawan,wmo:2
arjawinangun,"Arjawinangun, Cirebon",2026-10-05,32.09.24.2004,Arjawinangun,kecamatan,no,-6.6453,108.4103,Asia/Jakarta,"BMKG point: Arjawinangun, Kecamatan Arjawinangun",05-10-2026,GFS,Open-Meteo / NOAA GFS,00:00,2026-10-05 00:00:00,26.0,72.0,0.0,4.9,0.0,1.4066,Berawan,wmo:3
arjawinangun,"Arjawinangun, Cirebon",2026-10-05,32.09.24.2004,Arjawinangun,kecamatan,no,-6.6453,108.4103,Asia/Jakarta,"BMKG point: Arjawinangun, Kecamatan Arjawinangun",05-10-2026,GFS,Open-Meteo / NOAA GFS,01:00,2026-10-05 01:00:00,25.7,72.0,0.0,4.3,0.0,1.4066,Berawan,wmo:3
arjawinangun,"Arjawinangun, Cirebon",2026-10-05,32.09.24.2004,Arjawinangun,kecamatan,no,-6.6453,108.4103,Asia/Jakarta,"BMKG point: Arjawinangun, Kecamatan Arjawinangun",05-10-2026,GFS,Open-Meteo / NOAA GFS,02:00,2026-10-05 02:00:00,25.5,72.0,0.0,5.3,0.0,1.4066,Berawan,wmo:3
arjawinangun,"Arjawinangun, Cirebon",2026-10-05,32.09.24.2004,Arjawinangun,kecamatan,no,-6.6453,108.4103,Asia/Jakarta,"BMKG point: Arjawinangun, Kecamatan Arjawinangun",05-10-2026,GFS,Open-Meteo / NOAA GFS,03:00,2026-10-05 03:00:00,25.3,73.0,0.0,6.0,0.0,1.4066,Berawan,wmo:3
arjawinangun,"Arjawinangun, Cirebon",2026-10-05,32.09.24.2004,Arjawinangun,kecamatan,no,-6.6453,108.4103,Asia/Jakarta,"BMKG point: Arjawinangun, Kecamatan Arjawinangun",05-10-2026,GFS,Open-Meteo / NOAA GFS,04:00,2026-10-05 04:00:00,25.0,74.0,0.0,5.5,0.0,1.4066,Berawan,wmo:3
arjawinangun,"Arjawinangun, Cirebon",2026-10-05,32.09.24.2004,Arjawinangun,kecamatan,no,-6.6453,108.4103,Asia/Jakarta,"BMKG point: Arjawinangun, Kecamatan Arjawinangun",05-10-2026,GFS,Open-Meteo / NOAA GFS,05:00,2026-10-05 05:00:00,24.7,74.0,0.0,5.1,0.0,1.4066,Berawan,wmo:3
arjawinangun,"Arjawinangun, Cirebon",2026-10-05,32.09.24.2004,Arjawinangun,kecamatan,no,-6.6453,108.4103,Asia/Jakarta,"BMKG point: Arjawinangun, Kecamatan Arjawinangun",05-10-2026,GFS,Open-Meteo / NOAA GFS,06:00,2026-10-05 06:00:00,25.4,71.0,0.0,4.0,0.0,1.4066,Berawan,wmo:3
arjawinangun,"Arjawinangun, Cirebon",2026-10-05,32.09.24.2004,Arjawinangun,kecamatan,no,-6.6453,108.4103,Asia/Jakarta,"BMKG point: Arjawinangun, Kecamatan Arjawinangun",05-10-2026,GFS,Open-Meteo / NOAA GFS,07:00,2026-10-05 07:00:00,27.3,62.0,0.0,2.9,0.0,1.4066,Berawan,wmo:3
arjawinangun,"Arjawinangun, Cirebon",2026-10-05,32.09.24.2004,Arjawinangun,kecamatan,no,-6.6453,108.4103,Asia/Jakarta,"BMKG point: Arjawinangun, Kecamatan Arjawinangun",05-10-2026,GFS,Open-Meteo / NOAA GFS,08:00,2026-10-05 08:00:00,30.0,52.0,0.0,0.8,0.0,1.4066,Berawan,wmo:3
arjawinangun,"Arjawinangun, Cirebon",2026-10-05,32.09.24.2004,Arjawinangun,kecamatan,no,-6.6453,108.4103,Asia/Jakarta,"BMKG point: Arjawinangun, Kecamatan Arjawinangun",05-10-2026,GFS,Open-Meteo / NOAA GFS,09:00,2026-10-05 09:00:00,32.5,43.0,0.0,3.6,0.0,1.4066,Berawan,wmo:3
arjawinangun,"Arjawinangun, Cirebon",2026-10-05,32.09.24.2004,Arjawinangun,kecamatan,no,-6.6453,108.4103,Asia/Jakarta,"BMKG point: Arjawinangun, Kecamatan Arjawinangun",05-10-2026,GFS,Open-Meteo / NOAA GFS,10:00,2026-10-05 10:00:00,34.1,38.0,0.0,10.2,0.0,1.4066,Berawan,wmo:3
arjawinangun,"Arjawinangun, Cirebon",2026-10-05,32.09.24.2004,Arjawinangun,kecamatan,no,-6.6453,108.4103,Asia/Jakarta,"BMKG point: Arjawinangun, Kecamatan Arjawinangun",05-10-2026,GFS,Open-Meteo / NOAA GFS,11:00,2026-10-05 11:00:00,35.8,34.0,0.0,16.1,0.0,1.4066,Berawan,wmo:3
arjawinangun,"Arjawinangun, Cirebon",2026-10-05,32.09.24.2004,Arjawinangun,kecamatan,no,-6.6453,108.4103,Asia/Jakarta,"BMKG point: Arjawinangun, Kecamatan Arjawinangun",05-10-2026,GFS,Open-Meteo / NOAA GFS,12:00,2026-10-05 12:00:00,36.5,33.0,0.0,22.4,0.0,1.4066,Cerah Berawan,wmo:1
arjawinangun,"Arjawinangun, Cirebon",2026-10-05,32.09.24.2004,Arjawinangun,kecamatan,no,-6.6453,108.4103,Asia/Jakarta,"BMKG point: Arjawinangun, Kecamatan Arjawinangun",05-10-2026,GFS,Open-Meteo / NOAA GFS,13:00,2026-10-05 13:00:00,35.7,37.0,0.0,27.6,0.0,1.4066,Cerah Berawan,wmo:1
arjawinangun,"Arjawinangun, Cirebon",2026-10-05,32.09.24.2004,Arjawinangun,kecamatan,no,-6.6453,108.4103,Asia/Jakarta,"BMKG point: Arjawinangun, Kecamatan Arjawinangun",05-10-2026,GFS,Open-Meteo / NOAA GFS,14:00,2026-10-05 14:00:00,34.4,41.0,0.0,25.4,0.0,1.4066,Cerah Berawan,wmo:1
arjawinangun,"Arjawinangun, Cirebon",2026-10-05,32.09.24.2004,Arjawinangun,kecamatan,no,-6.6453,108.4103,Asia/Jakarta,"BMKG point: Arjawinangun, Kecamatan Arjawinangun",05-10-2026,GFS,Open-Meteo / NOAA GFS,15:00,2026-10-05 15:00:00,32.3,48.0,0.0,17.0,0.0,1.4066,Berawan,wmo:3
arjawinangun,"Arjawinangun, Cirebon",2026-10-05,32.09.24.2004,Arjawinangun,kecamatan,no,-6.6453,108.4103,Asia/Jakarta,"BMKG point: Arjawinangun, Kecamatan Arjawinangun",05-10-2026,GFS,Open-Meteo / NOAA GFS,16:00,2026-10-05 16:00:00,30.6,56.0,0.0,14.8,0.0,1.4066,Berawan,wmo:3
arjawinangun,"Arjawinangun, Cirebon",2026-10-05,32.09.24.2004,Arjawinangun,kecamatan,no,-6.6453,108.4103,Asia/Jakarta,"BMKG point: Arjawinangun, Kecamatan Arjawinangun",05-10-2026,GFS,Open-Meteo / NOAA GFS,17:00,2026-10-05 17:00:00,29.3,63.0,0.0,11.3,0.0,1.4066,Berawan,wmo:3
arjawinangun,"Arjawinangun, Cirebon",2026-10-05,32.09.24.2004,Arjawinangun,kecamatan,no,-6.6453,108.4103,Asia/Jakarta,"BMKG point: Arjawinangun, Kecamatan Arjawinangun",05-10-2026,GFS,Open-Meteo / NOAA GFS,18:00,2026-10-05 18:00:00,27.9,70.0,0.5,5.7,0.0,1.4066,Hujan Ringan,wmo:53
arjawinangun,"Arjawinangun, Cirebon",2026-10-05,32.09.24.2004,Arjawinangun,kecamatan,no,-6.6453,108.4103,Asia/Jakarta,"BMKG point: Arjawinangun, Kecamatan Arjawinangun",05-10-2026,GFS,Open-Meteo / NOAA GFS,19:00,2026-10-05 19:00:00,28.5,67.0,0.4,4.2,0.0,1.4066,Hujan Ringan,wmo:51
arjawinangun,"Arjawinangun, Cirebon",2026-10-05,32.09.24.2004,Arjawinangun,kecamatan,no,-6.6453,108.4103,Asia/Jakarta,"BMKG point: Arjawinangun, Kecamatan Arjawinangun",05-10-2026,GFS,Open-Meteo / NOAA GFS,20:00,2026-10-05 20:00:00,28.2,68.0,0.0,4.0,0.0,1.4066,Berawan,wmo:3
arjawinangun,"Arjawinangun, Cirebon",2026-10-05,32.09.24.2004,Arjawinangun,kecamatan,no,-6.6453,108.4103,Asia/Jakarta,"BMKG point: Arjawinangun, Kecamatan Arjawinangun",05-10-2026,GFS,Open-Meteo / NOAA GFS,21:00,2026-10-05 21:00:00,27.7,69.0,0.0,3.9,0.0,1.4066,Berawan,wmo:3
arjawinangun,"Arjawinangun, Cirebon",2026-10-05,32.09.24.2004,Arjawinangun,kecamatan,no,-6.6453,108.4103,Asia/Jakarta,"BMKG point: Arjawinangun, Kecamatan Arjawinangun",05-10-2026,GFS,Open-Meteo / NOAA GFS,22:00,2026-10-05 22:00:00,27.2,70.0,0.0,3.3,0.0,1.4066,Berawan,wmo:3
arjawinangun,"Arjawinangun, Cirebon",2026-10-05,32.09.24.2004,Arjawinangun,kecamatan,no,-6.6453,108.4103,Asia/Jakarta,"BMKG point: Arjawinangun, Kecamatan Arjawinangun",05-10-2026,GFS,Open-Meteo / NOAA GFS,23:00,2026-10-05 23:00:00,26.8,70.0,0.0,4.9,0.0,1.4066,Berawan,wmo:3
arjawinangun,"Arjawinangun, Cirebon",2026-10-05,32.09.24.2004,Arjawinangun,kecamatan,no,-6.6453,108.4103,Asia/Jakarta,"BMKG point: Arjawinangun, Kecamatan Arjawinangun",05-10-2026,ICON,Open-Meteo / DWD ICON,00:00,2026-10-05 00:00:00,26.1,74.0,0.0,1.8,0.0,1.463,Cerah Berawan,wmo:2
arjawinangun,"Arjawinangun, Cirebon",2026-10-05,32.09.24.2004,Arjawinangun,kecamatan,no,-6.6453,108.4103,Asia/Jakarta,"BMKG point: Arjawinangun, Kecamatan Arjawinangun",05-10-2026,ICON,Open-Meteo / DWD ICON,01:00,2026-10-05 01:00:00,25.3,77.0,0.0,2.3,0.0,1.463,Cerah,wmo:0
arjawinangun,"Arjawinangun, Cirebon",2026-10-05,32.09.24.2004,Arjawinangun,kecamatan,no,-6.6453,108.4103,Asia/Jakarta,"BMKG point: Arjawinangun, Kecamatan Arjawinangun",05-10-2026,ICON,Open-Meteo / DWD ICON,02:00,2026-10-05 02:00:00,24.9,78.0,0.0,1.8,0.0,1.463,Cerah Berawan,wmo:1
arjawinangun,"Arjawinangun, Cirebon",2026-10-05,32.09.24.2004,Arjawinangun,kecamatan,no,-6.6453,108.4103,Asia/Jakarta,"BMKG point: Arjawinangun, Kecamatan Arjawinangun",05-10-2026,ICON,Open-Meteo / DWD ICON,03:00,2026-10-05 03:00:00,24.6,77.0,0.0,2.4,0.0,1.463,Cerah Berawan,wmo:1
arjawinangun,"Arjawinangun, Cirebon",2026-10-05,32.09.24.2004,Arjawinangun,kecamatan,no,-6.6453,108.4103,Asia/Jakarta,"BMKG point: Arjawinangun, Kecamatan Arjawinangun",05-10-2026,ICON,Open-Meteo / DWD ICON,04:00,2026-10-05 04:00:00,24.2,77.0,0.0,2.6,0.0,1.463,Cerah Berawan,wmo:1
arjawinangun,"Arjawinangun, Cirebon",2026-10-05,32.09.24.2004,Arjawinangun,kecamatan,no,-6.6453,108.4103,Asia/Jakarta,"BMKG point: Arjawinangun, Kecamatan Arjawinangun",05-10-2026,ICON,Open-Meteo / DWD ICON,05:00,2026-10-05 05:00:00,24.0,77.0,0.0,2.9,0.0,1.463,Cerah,wmo:0
arjawinangun,"Arjawinangun, Cirebon",2026-10-05,32.09.24.2004,Arjawinangun,kecamatan,no,-6.6453,108.4103,Asia/Jakarta,"BMKG point: Arjawinangun, Kecamatan Arjawinangun",05-10-2026,ICON,Open-Meteo / DWD ICON,06:00,2026-10-05 06:00:00,24.1,77.0,0.0,2.9,0.0,1.463,Cerah,wmo:0
arjawinangun,"Arjawinangun, Cirebon",2026-10-05,32.09.24.2004,Arjawinangun,kecamatan,no,-6.6453,108.4103,Asia/Jakarta,"BMKG point: Arjawinangun, Kecamatan Arjawinangun",05-10-2026,ICON,Open-Meteo / DWD ICON,07:00,2026-10-05 07:00:00,26.6,69.0,0.0,3.2,0.0,1.463,Cerah,wmo:0
arjawinangun,"Arjawinangun, Cirebon",2026-10-05,32.09.24.2004,Arjawinangun,kecamatan,no,-6.6453,108.4103,Asia/Jakarta,"BMKG point: Arjawinangun, Kecamatan Arjawinangun",05-10-2026,ICON,Open-Meteo / DWD ICON,08:00,2026-10-05 08:00:00,30.0,55.0,0.0,5.6,0.0,1.463,Cerah,wmo:0
arjawinangun,"Arjawinangun, Cirebon",2026-10-05,32.09.24.2004,Arjawinangun,kecamatan,no,-6.6453,108.4103,Asia/Jakarta,"BMKG point: Arjawinangun, Kecamatan Arjawinangun",05-10-2026,ICON,Open-Meteo / DWD ICON,09:00,2026-10-05 09:00:00,32.4,46.0,0.0,8.4,0.0,1.463,Cerah,wmo:0
arjawinangun,"Arjawinangun, Cirebon",2026-10-05,32.09.24.2004,Arjawinangun,kecamatan,no,-6.6453,108.4103,Asia/Jakarta,"BMKG point: Arjawinangun, Kecamatan Arjawinangun",05-10-2026,ICON,Open-Meteo / DWD ICON,10:00,2026-10-05 10:00:00,34.3,41.0,0.0,13.7,0.0,1.463,Cerah,wmo:0
arjawinangun,"Arjawinangun, Cirebon",2026-10-05,32.09.24.2004,Arjawinangun,kecamatan,no,-6.6453,108.4103,Asia/Jakarta,"BMKG point: Arjawinangun, Kecamatan Arjawinangun",05-10-2026,ICON,Open-Meteo / DWD ICON,11:00,2026-10-05 11:00:00,35.3,39.0,0.0,17.1,0.0,1.463,Cerah,wmo:0
arjawinangun,"Arjawinangun, Cirebon",2026-10-05,32.09.24.2004,Arjawinangun,kecamatan,no,-6.6453,108.4103,Asia/Jakarta,"BMKG point: Arjawinangun, Kecamatan Arjawinangun",05-10-2026,ICON,Open-Meteo / DWD ICON,12:00,2026-10-05 12:00:00,35.5,41.0,0.0,18.9,0.0,1.463,Cerah,wmo:0
arjawinangun,"Arjawinangun, Cirebon",2026-10-05,32.09.24.2004,Arjawinangun,kecamatan,no,-6.6453,108.4103,Asia/Jakarta,"BMKG point: Arjawinangun, Kecamatan Arjawinangun",05-10-2026,ICON,Open-Meteo / DWD ICON,13:00,2026-10-05 13:00:00,35.0,41.0,0.0,21.1,0.0,1.463,Cerah,wmo:0
arjawinangun,"Arjawinangun, Cirebon",2026-10-05,32.09.24.2004,Arjawinangun,kecamatan,no,-6.6453,108.4103,Asia/Jakarta,"BMKG point: Arjawinangun, Kecamatan Arjawinangun",05-10-2026,ICON,Open-Meteo / DWD ICON,14:00,2026-10-05 14:00:00,34.8,43.0,0.0,21.8,0.0,1.463,Cerah,wmo:0
arjawinangun,"Arjawinangun, Cirebon",2026-10-05,32.09.24.2004,Arjawinangun,kecamatan,no,-6.6453,108.4103,Asia/Jakarta,"BMKG point: Arjawinangun, Kecamatan Arjawinangun",05-10-2026,ICON,Open-Meteo / DWD ICON,15:00,2026-10-05 15:00:00,33.8,49.0,0.0,20.4,0.0,1.463,Cerah,wmo:0
arjawinangun,"Arjawinangun, Cirebon",2026-10-05,32.09.24.2004,Arjawinangun,kecamatan,no,-6.6453,108.4103,Asia/Jakarta,"BMKG point: Arjawinangun, Kecamatan Arjawinangun",05-10-2026,ICON,Open-Meteo / DWD ICON,16:00,2026-10-05 16:00:00,32.6,54.0,0.0,17.8,0.0,1.463,Cerah,wmo:0
arjawinangun,"Arjawinangun, Cirebon",2026-10-05,32.09.24.2004,Arjawinangun,kecamatan,no,-6.6453,108.4103,Asia/Jakarta,"BMKG point: Arjawinangun, Kecamatan Arjawinangun",05-10-2026,ICON,Open-Meteo / DWD ICON,17:00,2026-10-05 17:00:00,31.0,61.0,0.0,15.6,0.0,1.463,Cerah,wmo:0
arjawinangun,"Arjawinangun, Cirebon",2026-10-05,32.09.24.2004,Arjawinangun,kecamatan,no,-6.6453,108.4103,Asia/Jakarta,"BMKG point: Arjawinangun, Kecamatan Arjawinangun",05-10-2026,ICON,Open-Meteo / DWD ICON,18:00,2026-10-05 18:00:00,29.5,67.0,0.0,11.5,0.0,1.463,Cerah Berawan,wmo:1
arjawinangun,"Arjawinangun, Cirebon",2026-10-05,32.09.24.2004,Arjawinangun,kecamatan,no,-6.6453,108.4103,Asia/Jakarta,"BMKG point: Arjawinangun, Kecamatan Arjawinangun",05-10-2026,ICON,Open-Meteo / DWD ICON,19:00,2026-10-05 19:00:00,28.7,74.0,0.0,7.3,0.0,1.463,Cerah Berawan,wmo:2
arjawinangun,"Arjawinangun, Cirebon",2026-10-05,32.09.24.2004,Arjawinangun,kecamatan,no,-6.6453,108.4103,Asia/Jakarta,"BMKG point: Arjawinangun, Kecamatan Arjawinangun",05-10-2026,ICON,Open-Meteo / DWD ICON,20:00,2026-10-05 20:00:00,28.4,77.0,0.0,5.8,0.0,1.463,Berawan,wmo:3
arjawinangun,"Arjawinangun, Cirebon",2026-10-05,32.09.24.2004,Arjawinangun,kecamatan,no,-6.6453,108.4103,Asia/Jakarta,"BMKG point: Arjawinangun, Kecamatan Arjawinangun",05-10-2026,ICON,Open-Meteo / DWD ICON,21:00,2026-10-05 21:00:00,28.2,75.0,0.0,5.7,0.0,1.463,Cerah Berawan,wmo:2
arjawinangun,"Arjawinangun, Cirebon",2026-10-05,32.09.24.2004,Arjawinangun,kecamatan,no,-6.6453,108.4103,Asia/Jakarta,"BMKG point: Arjawinangun, Kecamatan Arjawinangun",05-10-2026,ICON,Open-Meteo / DWD ICON,22:00,2026-10-05 22:00:00,27.8,73.0,0.0,4.1,0.0,1.463,Berawan,wmo:3
arjawinangun,"Arjawinangun, Cirebon",2026-10-05,32.09.24.2004,Arjawinangun,kecamatan,no,-6.6453,108.4103,Asia/Jakarta,"BMKG point: Arjawinangun, Kecamatan Arjawinangun",05-10-2026,ICON,Open-Meteo / DWD ICON,23:00,2026-10-05 23:00:00,27.1,72.0,0.0,3.2,0.0,1.463,Cerah Berawan,wmo:2
arjawinangun,"Arjawinangun, Cirebon",2026-10-05,32.09.24.2004,Arjawinangun,kecamatan,no,-6.6453,108.4103,Asia/Jakarta,"BMKG point: Arjawinangun, Kecamatan Arjawinangun",05-10-2026,KMA,Open-Meteo / KMA,00:00,2026-10-05 00:00:00,,,,,0.0,0.5476,Berawan,wmo:None
arjawinangun,"Arjawinangun, Cirebon",2026-10-05,32.09.24.2004,Arjawinangun,kecamatan,no,-6.6453,108.4103,Asia/Jakarta,"BMKG point: Arjawinangun, Kecamatan Arjawinangun",05-10-2026,KMA,Open-Meteo / KMA,01:00,2026-10-05 01:00:00,,,,,0.0,0.5476,Berawan,wmo:None
arjawinangun,"Arjawinangun, Cirebon",2026-10-05,32.09.24.2004,Arjawinangun,kecamatan,no,-6.6453,108.4103,Asia/Jakarta,"BMKG point: Arjawinangun, Kecamatan Arjawinangun",05-10-2026,KMA,Open-Meteo / KMA,02:00,2026-10-05 02:00:00,,,,,0.0,0.5476,Berawan,wmo:None
arjawinangun,"Arjawinangun, Cirebon",2026-10-05,32.09.24.2004,Arjawinangun,kecamatan,no,-6.6453,108.4103,Asia/Jakarta,"BMKG point: Arjawinangun, Kecamatan Arjawinangun",05-10-2026,KMA,Open-Meteo / KMA,03:00,2026-10-05 03:00:00,,,,,0.0,0.5476,Berawan,wmo:None
arjawinangun,"Arjawinangun, Cirebon",2026-10-05,32.09.24.2004,Arjawinangun,kecamatan,no,-6.6453,108.4103,Asia/Jakarta,"BMKG point: Arjawinangun, Kecamatan Arjawinangun",05-10-2026,KMA,Open-Meteo / KMA,04:00,2026-10-05 04:00:00,,,,,0.0,0.5476,Berawan,wmo:None
arjawinangun,"Arjawinangun, Cirebon",2026-10-05,32.09.24.2004,Arjawinangun,kecamatan,no,-6.6453,108.4103,Asia/Jakarta,"BMKG point: Arjawinangun, Kecamatan Arjawinangun",05-10-2026,KMA,Open-Meteo / KMA,05:00,2026-10-05 05:00:00,,,,,0.0,0.5476,Berawan,wmo:None
arjawinangun,"Arjawinangun, Cirebon",2026-10-05,32.09.24.2004,Arjawinangun,kecamatan,no,-6.6453,108.4103,Asia/Jakarta,"BMKG point: Arjawinangun, Kecamatan Arjawinangun",05-10-2026,KMA,Open-Meteo / KMA,06:00,2026-10-05 06:00:00,,,,,0.0,0.5476,Berawan,wmo:None
arjawinangun,"Arjawinangun, Cirebon",2026-10-05,32.09.24.2004,Arjawinangun,kecamatan,no,-6.6453,108.4103,Asia/Jakarta,"BMKG point: Arjawinangun, Kecamatan Arjawinangun",05-10-2026,KMA,Open-Meteo / KMA,07:00,2026-10-05 07:00:00,,,,,0.0,0.5476,Berawan,wmo:None
arjawinangun,"Arjawinangun, Cirebon",2026-10-05,32.09.24.2004,Arjawinangun,kecamatan,no,-6.6453,108.4103,Asia/Jakarta,"BMKG point: Arjawinangun, Kecamatan Arjawinangun",05-10-2026,KMA,Open-Meteo / KMA,08:00,2026-10-05 08:00:00,,,,,0.0,0.5476,Berawan,wmo:None
arjawinangun,"Arjawinangun, Cirebon",2026-10-05,32.09.24.2004,Arjawinangun,kecamatan,no,-6.6453,108.4103,Asia/Jakarta,"BMKG point: Arjawinangun, Kecamatan Arjawinangun",05-10-2026,KMA,Open-Meteo / KMA,09:00,2026-10-05 09:00:00,,,,,0.0,0.5476,Berawan,wmo:None
arjawinangun,"Arjawinangun, Cirebon",2026-10-05,32.09.24.2004,Arjawinangun,kecamatan,no,-6.6453,108.4103,Asia/Jakarta,"BMKG point: Arjawinangun, Kecamatan Arjawinangun",05-10-2026,KMA,Open-Meteo / KMA,10:00,2026-10-05 10:00:00,,,,,0.0,0.5476,Berawan,wmo:None
arjawinangun,"Arjawinangun, Cirebon",2026-10-05,32.09.24.2004,Arjawinangun,kecamatan,no,-6.6453,108.4103,Asia/Jakarta,"BMKG point: Arjawinangun, Kecamatan Arjawinangun",05-10-2026,KMA,Open-Meteo / KMA,11:00,2026-10-05 11:00:00,,,,,0.0,0.5476,Berawan,wmo:None
arjawinangun,"Arjawinangun, Cirebon",2026-10-05,32.09.24.2004,Arjawinangun,kecamatan,no,-6.6453,108.4103,Asia/Jakarta,"BMKG point: Arjawinangun, Kecamatan Arjawinangun",05-10-2026,KMA,Open-Meteo / KMA,12:00,2026-10-05 12:00:00,,,,,0.0,0.5476,Berawan,wmo:None
arjawinangun,"Arjawinangun, Cirebon",2026-10-05,32.09.24.2004,Arjawinangun,kecamatan,no,-6.6453,108.4103,Asia/Jakarta,"BMKG point: Arjawinangun, Kecamatan Arjawinangun",05-10-2026,KMA,Open-Meteo / KMA,13:00,2026-10-05 13:00:00,,,,,0.0,0.5476,Berawan,wmo:None
arjawinangun,"Arjawinangun, Cirebon",2026-10-05,32.09.24.2004,Arjawinangun,kecamatan,no,-6.6453,108.4103,Asia/Jakarta,"BMKG point: Arjawinangun, Kecamatan Arjawinangun",05-10-2026,KMA,Open-Meteo / KMA,14:00,2026-10-05 14:00:00,,,,,0.0,0.5476,Berawan,wmo:None
arjawinangun,"Arjawinangun, Cirebon",2026-10-05,32.09.24.2004,Arjawinangun,kecamatan,no,-6.6453,108.4103,Asia/Jakarta,"BMKG point: Arjawinangun, Kecamatan Arjawinangun",05-10-2026,KMA,Open-Meteo / KMA,15:00,2026-10-05 15:00:00,,,,,0.0,0.5476,Berawan,wmo:None
arjawinangun,"Arjawinangun, Cirebon",2026-10-05,32.09.24.2004,Arjawinangun,kecamatan,no,-6.6453,108.4103,Asia/Jakarta,"BMKG point: Arjawinangun, Kecamatan Arjawinangun",05-10-2026,KMA,Open-Meteo / KMA,16:00,2026-10-05 16:00:00,,,,,0.0,0.5476,Berawan,wmo:None
arjawinangun,"Arjawinangun, Cirebon",2026-10-05,32.09.24.2004,Arjawinangun,kecamatan,no,-6.6453,108.4103,Asia/Jakarta,"BMKG point: Arjawinangun, Kecamatan Arjawinangun",05-10-2026,KMA,Open-Meteo / KMA,17:00,2026-10-05 17:00:00,,,,,0.0,0.5476,Berawan,wmo:None
arjawinangun,"Arjawinangun, Cirebon",2026-10-05,32.09.24.2004,Arjawinangun,kecamatan,no,-6.6453,108.4103,Asia/Jakarta,"BMKG point: Arjawinangun, Kecamatan Arjawinangun",05-10-2026,KMA,Open-Meteo / KMA,18:00,2026-10-05 18:00:00,,,,,0.0,0.5476,Berawan,wmo:None
arjawinangun,"Arjawinangun, Cirebon",2026-10-05,32.09.24.2004,Arjawinangun,kecamatan,no,-6.6453,108.4103,Asia/Jakarta,"BMKG point: Arjawinangun, Kecamatan Arjawinangun",05-10-2026,KMA,Open-Meteo / KMA,19:00,2026-10-05 19:00:00,,,,,0.0,0.5476,Berawan,wmo:None
arjawinangun,"Arjawinangun, Cirebon",2026-10-05,32.09.24.2004,Arjawinangun,kecamatan,no,-6.6453,108.4103,Asia/Jakarta,"BMKG point: Arjawinangun, Kecamatan Arjawinangun",05-10-2026,KMA,Open-Meteo / KMA,20:00,2026-10-05 20:00:00,,,,,0.0,0.5476,Berawan,wmo:None
arjawinangun,"Arjawinangun, Cirebon",2026-10-05,32.09.24.2004,Arjawinangun,kecamatan,no,-6.6453,108.4103,Asia/Jakarta,"BMKG point: Arjawinangun, Kecamatan Arjawinangun",05-10-2026,KMA,Open-Meteo / KMA,21:00,2026-10-05 21:00:00,,,,,0.0,0.5476,Berawan,wmo:None
arjawinangun,"Arjawinangun, Cirebon",2026-10-05,32.09.24.2004,Arjawinangun,kecamatan,no,-6.6453,108.4103,Asia/Jakarta,"BMKG point: Arjawinangun, Kecamatan Arjawinangun",05-10-2026,KMA,Open-Meteo / KMA,22:00,2026-10-05 22:00:00,,,,,0.0,0.5476,Berawan,wmo:None
arjawinangun,"Arjawinangun, Cirebon",2026-10-05,32.09.24.2004,Arjawinangun,kecamatan,no,-6.6453,108.4103,Asia/Jakarta,"BMKG point: Arjawinangun, Kecamatan Arjawinangun",05-10-2026,KMA,Open-Meteo / KMA,23:00,2026-10-05 23:00:00,,,,,0.0,0.5476,Berawan,wmo:None
arjawinangun,"Arjawinangun, Cirebon",2026-10-05,32.09.24.2004,Arjawinangun,kecamatan,no,-6.6453,108.4103,Asia/Jakarta,"BMKG point: Arjawinangun, Kecamatan Arjawinangun",05-10-2026,METEOFRANCE,Open-Meteo / Meteo-France,00:00,2026-10-05 00:00:00,28.4,67.0,0.0,14.4,0.0,1.5468,Berawan,wmo:3
arjawinangun,"Arjawinangun, Cirebon",2026-10-05,32.09.24.2004,Arjawinangun,kecamatan,no,-6.6453,108.4103,Asia/Jakarta,"BMKG point: Arjawinangun, Kecamatan Arjawinangun",05-10-2026,METEOFRANCE,Open-Meteo / Meteo-France,01:00,2026-10-05 01:00:00,28.1,68.0,0.0,14.1,0.0,1.5468,Berawan,wmo:3
arjawinangun,"Arjawinangun, Cirebon",2026-10-05,32.09.24.2004,Arjawinangun,kecamatan,no,-6.6453,108.4103,Asia/Jakarta,"BMKG point: Arjawinangun, Kecamatan Arjawinangun",05-10-2026,METEOFRANCE,Open-Meteo / Meteo-France,02:00,2026-10-05 02:00:00,27.9,69.0,0.0,14.2,0.0,1.5468,Berawan,wmo:3
arjawinangun,"Arjawinangun, Cirebon",2026-10-05,32.09.24.2004,Arjawinangun,kecamatan,no,-6.6453,108.4103,Asia/Jakarta,"BMKG point: Arjawinangun, Kecamatan Arjawinangun",05-10-2026,METEOFRANCE,Open-Meteo / Meteo-France,03:00,2026-10-05 03:00:00,27.8,68.0,0.0,14.2,0.0,1.5468,Berawan,wmo:3
arjawinangun,"Arjawinangun, Cirebon",2026-10-05,32.09.24.2004,Arjawinangun,kecamatan,no,-6.6453,108.4103,Asia/Jakarta,"BMKG point: Arjawinangun, Kecamatan Arjawinangun",05-10-2026,METEOFRANCE,Open-Meteo / Meteo-France,04:00,2026-10-05 04:00:00,27.7,67.0,0.0,14.3,0.0,1.5468,Cerah Berawan,wmo:2
arjawinangun,"Arjawinangun, Cirebon",2026-10-05,32.09.24.2004,Arjawinangun,kecamatan,no,-6.6453,108.4103,Asia/Jakarta,"BMKG point: Arjawinangun, Kecamatan Arjawinangun",05-10-2026,METEOFRANCE,Open-Meteo / Meteo-France,05:00,2026-10-05 05:00:00,27.6,66.0,0.0,14.6,0.0,1.5468,Berawan,wmo:3
arjawinangun,"Arjawinangun, Cirebon",2026-10-05,32.09.24.2004,Arjawinangun,kecamatan,no,-6.6453,108.4103,Asia/Jakarta,"BMKG point: Arjawinangun, Kecamatan Arjawinangun",05-10-2026,METEOFRANCE,Open-Meteo / Meteo-France,06:00,2026-10-05 06:00:00,27.6,66.0,0.0,14.2,0.0,1.5468,Cerah Berawan,wmo:2
arjawinangun,"Arjawinangun, Cirebon",2026-10-05,32.09.24.2004,Arjawinangun,kecamatan,no,-6.6453,108.4103,Asia/Jakarta,"BMKG point: Arjawinangun, Kecamatan Arjawinangun",05-10-2026,METEOFRANCE,Open-Meteo / Meteo-France,07:00,2026-10-05 07:00:00,28.5,63.0,0.0,14.3,0.0,1.5468,Cerah Berawan,wmo:2
arjawinangun,"Arjawinangun, Cirebon",2026-10-05,32.09.24.2004,Arjawinangun,kecamatan,no,-6.6453,108.4103,Asia/Jakarta,"BMKG point: Arjawinangun, Kecamatan Arjawinangun",05-10-2026,METEOFRANCE,Open-Meteo / Meteo-France,08:00,2026-10-05 08:00:00,30.4,55.0,0.0,14.0,0.0,1.5468,Cerah Berawan,wmo:1
arjawinangun,"Arjawinangun, Cirebon",2026-10-05,32.09.24.2004,Arjawinangun,kecamatan,no,-6.6453,108.4103,Asia/Jakarta,"BMKG point: Arjawinangun, Kecamatan Arjawinangun",05-10-2026,METEOFRANCE,Open-Meteo / Meteo-France,09:00,2026-10-05 09:00:00,32.2,50.0,0.0,12.8,0.0,1.5468,Cerah Berawan,wmo:1
arjawinangun,"Arjawinangun, Cirebon",2026-10-05,32.09.24.2004,Arjawinangun,kecamatan,no,-6.6453,108.4103,Asia/Jakarta,"BMKG point: Arjawinangun, Kecamatan Arjawinangun",05-10-2026,METEOFRANCE,Open-Meteo / Meteo-France,10:00,2026-10-05 10:00:00,33.6,45.0,0.0,12.0,0.0,1.5468,Cerah Berawan,wmo:1
arjawinangun,"Arjawinangun, Cirebon",2026-10-05,32.09.24.2004,Arjawinangun,kecamatan,no,-6.6453,108.4103,Asia/Jakarta,"BMKG point: Arjawinangun, Kecamatan Arjawinangun",05-10-2026,METEOFRANCE,Open-Meteo / Meteo-France,11:00,2026-10-05 11:00:00,34.9,42.0,0.0,12.8,0.0,1.5468,Cerah Berawan,wmo:1
arjawinangun,"Arjawinangun, Cirebon",2026-10-05,32.09.24.2004,Arjawinangun,kecamatan,no,-6.6453,108.4103,Asia/Jakarta,"BMKG point: Arjawinangun, Kecamatan Arjawinangun",05-10-2026,METEOFRANCE,Open-Meteo / Meteo-France,12:00,2026-10-05 12:00:00,35.8,40.0,0.0,15.0,0.0,1.5468,Cerah Berawan,wmo:2
arjawinangun,"Arjawinangun, Cirebon",2026-10-05,32.09.24.2004,Arjawinangun,kecamatan,no,-6.6453,108.4103,Asia/Jakarta,"BMKG point: Arjawinangun, Kecamatan Arjawinangun",05-10-2026,METEOFRANCE,Open-Meteo / Meteo-France,13:00,2026-10-05 13:00:00,36.1,41.0,0.0,17.7,0.0,1.5468,Cerah Berawan,wmo:2
arjawinangun,"Arjawinangun, Cirebon",2026-10-05,32.09.24.2004,Arjawinangun,kecamatan,no,-6.6453,108.4103,Asia/Jakarta,"BMKG point: Arjawinangun, Kecamatan Arjawinangun",05-10-2026,METEOFRANCE,Open-Meteo / Meteo-France,14:00,2026-10-05 14:00:00,35.6,44.0,0.0,18.6,0.0,1.5468,Cerah Berawan,wmo:2
arjawinangun,"Arjawinangun, Cirebon",2026-10-05,32.09.24.2004,Arjawinangun,kecamatan,no,-6.6453,108.4103,Asia/Jakarta,"BMKG point: Arjawinangun, Kecamatan Arjawinangun",05-10-2026,METEOFRANCE,Open-Meteo / Meteo-France,15:00,2026-10-05 15:00:00,34.5,48.0,0.0,18.3,0.0,1.5468,Berawan,wmo:3
arjawinangun,"Arjawinangun, Cirebon",2026-10-05,32.09.24.2004,Arjawinangun,kecamatan,no,-6.6453,108.4103,Asia/Jakarta,"BMKG point: Arjawinangun, Kecamatan Arjawinangun",05-10-2026,METEOFRANCE,Open-Meteo / Meteo-France,16:00,2026-10-05 16:00:00,33.3,53.0,0.0,16.8,0.0,1.5468,Berawan,wmo:3
arjawinangun,"Arjawinangun, Cirebon",2026-10-05,32.09.24.2004,Arjawinangun,kecamatan,no,-6.6453,108.4103,Asia/Jakarta,"BMKG point: Arjawinangun, Kecamatan Arjawinangun",05-10-2026,METEOFRANCE,Open-Meteo / Meteo-France,17:00,2026-10-05 17:00:00,32.2,58.0,0.0,13.4,0.0,1.5468,Berawan,wmo:3
arjawinangun,"Arjawinangun, Cirebon",2026-10-05,32.09.24.2004,Arjawinangun,kecamatan,no,-6.6453,108.4103,Asia/Jakarta,"BMKG point: Arjawinangun, Kecamatan Arjawinangun",05-10-2026,METEOFRANCE,Open-Meteo / Meteo-France,18:00,2026-10-05 18:00:00,31.1,64.0,0.0,10.9,0.0,1.5468,Berawan,wmo:3
arjawinangun,"Arjawinangun, Cirebon",2026-10-05,32.09.24.2004,Arjawinangun,kecamatan,no,-6.6453,108.4103,Asia/Jakarta,"BMKG point: Arjawinangun, Kecamatan Arjawinangun",05-10-2026,METEOFRANCE,Open-Meteo / Meteo-France,19:00,2026-10-05 19:00:00,30.2,67.0,0.0,10.9,0.0,1.5468,Berawan,wmo:3
arjawinangun,"Arjawinangun, Cirebon",2026-10-05,32.09.24.2004,Arjawinangun,kecamatan,no,-6.6453,108.4103,Asia/Jakarta,"BMKG point: Arjawinangun, Kecamatan Arjawinangun",05-10-2026,METEOFRANCE,Open-Meteo / Meteo-France,20:00,2026-10-05 20:00:00,29.7,66.0,0.0,12.3,0.0,1.5468,Berawan,wmo:3
arjawinangun,"Arjawinangun, Cirebon",2026-10-05,32.09.24.2004,Arjawinangun,kecamatan,no,-6.6453,108.4103,Asia/Jakarta,"BMKG point: Arjawinangun, Kecamatan Arjawinangun",05-10-2026,METEOFRANCE,Open-Meteo / Meteo-France,21:00,2026-10-05 21:00:00,29.3,64.0,0.0,14.3,0.0,1.5468,Cerah Berawan,wmo:2
arjawinangun,"Arjawinangun, Cirebon",2026-10-05,32.09.24.2004,Arjawinangun,kecamatan,no,-6.6453,108.4103,Asia/Jakarta,"BMKG point: Arjawinangun, Kecamatan Arjawinangun",05-10-2026,METEOFRANCE,Open-Meteo / Meteo-France,22:00,2026-10-05 22:00:00,29.0,62.0,0.0,16.4,0.0,1.5468,Cerah Berawan,wmo:1
arjawinangun,"Arjawinangun, Cirebon",2026-10-05,32.09.24.2004,Arjawinangun,kecamatan,no,-6.6453,108.4103,Asia/Jakarta,"BMKG point: Arjawinangun, Kecamatan Arjawinangun",05-10-2026,METEOFRANCE,Open-Meteo / Meteo-France,23:00,2026-10-05 23:00:00,28.6,63.0,0.0,17.1,0.0,1.5468,Cerah Berawan,wmo:1
arjawinangun,"Arjawinangun, Cirebon",2026-10-05,32.09.24.2004,Arjawinangun,kecamatan,no,-6.6453,108.4103,Asia/Jakarta,"BMKG point: Arjawinangun, Kecamatan Arjawinangun",05-10-2026,METNO,MET Norway,00:00,2026-10-05 00:00:00,28.2,62.0,0.0,8.28,0.0,1.3718,Cerah Berawan,fair_night
arjawinangun,"Arjawinangun, Cirebon",2026-10-05,32.09.24.2004,Arjawinangun,kecamatan,no,-6.6453,108.4103,Asia/Jakarta,"BMKG point: Arjawinangun, Kecamatan Arjawinangun",05-10-2026,METNO,MET Norway,01:00,2026-10-05 01:00:00,27.7,63.8,0.0,6.84,0.0,1.3718,Cerah Berawan,fair_night
arjawinangun,"Arjawinangun, Cirebon",2026-10-05,32.09.24.2004,Arjawinangun,kecamatan,no,-6.6453,108.4103,Asia/Jakarta,"BMKG point: Arjawinangun, Kecamatan Arjawinangun",05-10-2026,METNO,MET Norway,02:00,2026-10-05 02:00:00,27.2,65.5,0.0,5.4,0.0,1.3718,Cerah Berawan,fair_night
arjawinangun,"Arjawinangun, Cirebon",2026-10-05,32.09.24.2004,Arjawinangun,kecamatan,no,-6.6453,108.4103,Asia/Jakarta,"BMKG point: Arjawinangun, Kecamatan Arjawinangun",05-10-2026,METNO,MET Norway,03:00,2026-10-05 03:00:00,26.8,65.8,0.0,4.32,0.0,1.3718,Cerah Berawan,fair_night
arjawinangun,"Arjawinangun, Cirebon",2026-10-05,32.09.24.2004,Arjawinangun,kecamatan,no,-6.6453,108.4103,Asia/Jakarta,"BMKG point: Arjawinangun, Kecamatan Arjawinangun",05-10-2026,METNO,MET Norway,04:00,2026-10-05 04:00:00,26.5,67.4,0.0,3.96,0.0,1.3718,Cerah Berawan,fair_night
arjawinangun,"Arjawinangun, Cirebon",2026-10-05,32.09.24.2004,Arjawinangun,kecamatan,no,-6.6453,108.4103,Asia/Jakarta,"BMKG point: Arjawinangun, Kecamatan Arjawinangun",05-10-2026,METNO,MET Norway,05:00,2026-10-05 05:00:00,26.2,68.8,0.0,6.12,0.0,1.3718,Cerah Berawan,partlycloudy_day
arjawinangun,"Arjawinangun, Cirebon",2026-10-05,32.09.24.2004,Arjawinangun,kecamatan,no,-6.6453,108.4103,Asia/Jakarta,"BMKG point: Arjawinangun, Kecamatan Arjawinangun",05-10-2026,METNO,MET Norway,06:00,2026-10-05 06:00:00,26.1,69.2,0.0,8.64,0.0,1.3718,Cerah Berawan,partlycloudy_day
arjawinangun,"Arjawinangun, Cirebon",2026-10-05,32.09.24.2004,Arjawinangun,kecamatan,no,-6.6453,108.4103,Asia/Jakarta,"BMKG point: Arjawinangun, Kecamatan Arjawinangun",05-10-2026,METNO,MET Norway,07:00,2026-10-05 07:00:00,27.7,61.2,0.0,7.2,0.0,1.3718,Cerah Berawan,partlycloudy_day
arjawinangun,"Arjawinangun, Cirebon",2026-10-05,32.09.24.2004,Arjawinangun,kecamatan,no,-6.6453,108.4103,Asia/Jakarta,"BMKG point: Arjawinangun, Kecamatan Arjawinangun",05-10-2026,METNO,MET Norway,08:00,2026-10-05 08:00:00,29.9,52.8,0.0,6.48,0.0,1.3718,Cerah Berawan,partlycloudy_day
arjawinangun,"Arjawinangun, Cirebon",2026-10-05,32.09.24.2004,Arjawinangun,kecamatan,no,-6.6453,108.4103,Asia/Jakarta,"BMKG point: Arjawinangun, Kecamatan Arjawinangun",05-10-2026,METNO,MET Norway,09:00,2026-10-05 09:00:00,32.1,44.5,0.0,10.08,0.0,1.3718,Cerah Berawan,fair_day
arjawinangun,"Arjawinangun, Cirebon",2026-10-05,32.09.24.2004,Arjawinangun,kecamatan,no,-6.6453,108.4103,Asia/Jakarta,"BMKG point: Arjawinangun, Kecamatan Arjawinangun",05-10-2026,METNO,MET Norway,10:00,2026-10-05 10:00:00,34.1,40.2,0.0,14.76,0.0,1.3718,Cerah,clearsky_day
arjawinangun,"Arjawinangun, Cirebon",2026-10-05,32.09.24.2004,Arjawinangun,kecamatan,no,-6.6453,108.4103,Asia/Jakarta,"BMKG point: Arjawinangun, Kecamatan Arjawinangun",05-10-2026,METNO,MET Norway,11:00,2026-10-05 11:00:00,35.5,37.4,0.0,18.0,0.0,1.3718,Cerah,clearsky_day
arjawinangun,"Arjawinangun, Cirebon",2026-10-05,32.09.24.2004,Arjawinangun,kecamatan,no,-6.6453,108.4103,Asia/Jakarta,"BMKG point: Arjawinangun, Kecamatan Arjawinangun",05-10-2026,METNO,MET Norway,12:00,2026-10-05 12:00:00,36.0,36.7,0.0,17.28,0.0,1.3718,Cerah Berawan,fair_day
arjawinangun,"Arjawinangun, Cirebon",2026-10-05,32.09.24.2004,Arjawinangun,kecamatan,no,-6.6453,108.4103,Asia/Jakarta,"BMKG point: Arjawinangun, Kecamatan Arjawinangun",05-10-2026,METNO,MET Norway,13:00,2026-10-05 13:00:00,35.9,37.3,0.0,19.08,0.0,1.3718,Cerah Berawan,partlycloudy_day
arjawinangun,"Arjawinangun, Cirebon",2026-10-05,32.09.24.2004,Arjawinangun,kecamatan,no,-6.6453,108.4103,Asia/Jakarta,"BMKG point: Arjawinangun, Kecamatan Arjawinangun",05-10-2026,METNO,MET Norway,14:00,2026-10-05 14:00:00,35.3,40.7,0.4,20.16,0.0,1.3718,Hujan Ringan,rainshowers_day
arjawinangun,"Arjawinangun, Cirebon",2026-10-05,32.09.24.2004,Arjawinangun,kecamatan,no,-6.6453,108.4103,Asia/Jakarta,"BMKG point: Arjawinangun, Kecamatan Arjawinangun",05-10-2026,METNO,MET Norway,15:00,2026-10-05 15:00:00,33.3,48.0,0.2,19.08,0.0,1.3718,Hujan Ringan,lightrainshowers_day
arjawinangun,"Arjawinangun, Cirebon",2026-10-05,32.09.24.2004,Arjawinangun,kecamatan,no,-6.6453,108.4103,Asia/Jakarta,"BMKG point: Arjawinangun, Kecamatan Arjawinangun",05-10-2026,METNO,MET Norway,16:00,2026-10-05 16:00:00,32.4,53.0,0.0,16.2,0.0,1.3718,Cerah Berawan,partlycloudy_day
arjawinangun,"Arjawinangun, Cirebon",2026-10-05,32.09.24.2004,Arjawinangun,kecamatan,no,-6.6453,108.4103,Asia/Jakarta,"BMKG point: Arjawinangun, Kecamatan Arjawinangun",05-10-2026,METNO,MET Norway,17:00,2026-10-05 17:00:00,30.8,59.8,0.0,13.68,0.0,1.3718,Berawan,cloudy
arjawinangun,"Arjawinangun, Cirebon",2026-10-05,32.09.24.2004,Arjawinangun,kecamatan,no,-6.6453,108.4103,Asia/Jakarta,"BMKG point: Arjawinangun, Kecamatan Arjawinangun",05-10-2026,METNO,MET Norway,18:00,2026-10-05 18:00:00,29.9,64.6,0.2,7.92,0.0,1.3718,Hujan Ringan,lightrain
arjawinangun,"Arjawinangun, Cirebon",2026-10-05,32.09.24.2004,Arjawinangun,kecamatan,no,-6.6453,108.4103,Asia/Jakarta,"BMKG point: Arjawinangun, Kecamatan Arjawinangun",05-10-2026,METNO,MET Norway,19:00,2026-10-05 19:00:00,29.0,68.0,0.2,6.48,0.0,1.3718,Hujan Ringan,lightrain
arjawinangun,"Arjawinangun, Cirebon",2026-10-05,32.09.24.2004,Arjawinangun,kecamatan,no,-6.6453,108.4103,Asia/Jakarta,"BMKG point: Arjawinangun, Kecamatan Arjawinangun",05-10-2026,METNO,MET Norway,20:00,2026-10-05 20:00:00,28.5,71.2,0.0,7.2,0.0,1.3718,Berawan,cloudy
arjawinangun,"Arjawinangun, Cirebon",2026-10-05,32.09.24.2004,Arjawinangun,kecamatan,no,-6.6453,108.4103,Asia/Jakarta,"BMKG point: Arjawinangun, Kecamatan Arjawinangun",05-10-2026,METNO,MET Norway,21:00,2026-10-05 21:00:00,28.3,72.3,0.0,8.64,0.0,1.3718,Berawan,cloudy
arjawinangun,"Arjawinangun, Cirebon",2026-10-05,32.09.24.2004,Arjawinangun,kecamatan,no,-6.6453,108.4103,Asia/Jakarta,"BMKG point: Arjawinangun, Kecamatan Arjawinangun",05-10-2026,METNO,MET Norway,22:00,2026-10-05 22:00:00,28.2,72.6,0.0,11.52,0.0,1.3718,Cerah Berawan,partlycloudy_night
arjawinangun,"Arjawinangun, Cirebon",2026-10-05,32.09.24.2004,Arjawinangun,kecamatan,no,-6.6453,108.4103,Asia/Jakarta,"BMKG point: Arjawinangun, Kecamatan Arjawinangun",05-10-2026,METNO,MET Norway,23:00,2026-10-05 23:00:00,27.9,70.8,0.0,11.88,0.0,1.3718,Cerah Berawan,partlycloudy_night
arjawinangun,"Arjawinangun, Cirebon",2026-10-05,32.09.24.2004,Arjawinangun,kecamatan,no,-6.6453,108.4103,Asia/Jakarta,"BMKG point: Arjawinangun, Kecamatan Arjawinangun",05-10-2026,UKMO,Open-Meteo / UK Met Office,00:00,2026-10-05 00:00:00,26.3,73.0,0.0,5.8,0.0,1.3255,Cerah,wmo:0
arjawinangun,"Arjawinangun, Cirebon",2026-10-05,32.09.24.2004,Arjawinangun,kecamatan,no,-6.6453,108.4103,Asia/Jakarta,"BMKG point: Arjawinangun, Kecamatan Arjawinangun",05-10-2026,UKMO,Open-Meteo / UK Met Office,01:00,2026-10-05 01:00:00,25.7,78.0,0.0,5.0,0.0,1.3255,Cerah,wmo:0
arjawinangun,"Arjawinangun, Cirebon",2026-10-05,32.09.24.2004,Arjawinangun,kecamatan,no,-6.6453,108.4103,Asia/Jakarta,"BMKG point: Arjawinangun, Kecamatan Arjawinangun",05-10-2026,UKMO,Open-Meteo / UK Met Office,02:00,2026-10-05 02:00:00,25.2,81.0,0.0,4.0,0.0,1.3255,Cerah,wmo:0
arjawinangun,"Arjawinangun, Cirebon",2026-10-05,32.09.24.2004,Arjawinangun,kecamatan,no,-6.6453,108.4103,Asia/Jakarta,"BMKG point: Arjawinangun, Kecamatan Arjawinangun",05-10-2026,UKMO,Open-Meteo / UK Met Office,03:00,2026-10-05 03:00:00,24.8,84.0,0.0,4.0,0.0,1.3255,Cerah,wmo:0
arjawinangun,"Arjawinangun, Cirebon",2026-10-05,32.09.24.2004,Arjawinangun,kecamatan,no,-6.6453,108.4103,Asia/Jakarta,"BMKG point: Arjawinangun, Kecamatan Arjawinangun",05-10-2026,UKMO,Open-Meteo / UK Met Office,04:00,2026-10-05 04:00:00,24.5,84.0,0.0,4.0,0.0,1.3255,Cerah,wmo:0
arjawinangun,"Arjawinangun, Cirebon",2026-10-05,32.09.24.2004,Arjawinangun,kecamatan,no,-6.6453,108.4103,Asia/Jakarta,"BMKG point: Arjawinangun, Kecamatan Arjawinangun",05-10-2026,UKMO,Open-Meteo / UK Met Office,05:00,2026-10-05 05:00:00,24.2,84.0,0.0,4.3,0.0,1.3255,Cerah,wmo:0
arjawinangun,"Arjawinangun, Cirebon",2026-10-05,32.09.24.2004,Arjawinangun,kecamatan,no,-6.6453,108.4103,Asia/Jakarta,"BMKG point: Arjawinangun, Kecamatan Arjawinangun",05-10-2026,UKMO,Open-Meteo / UK Met Office,06:00,2026-10-05 06:00:00,25.2,80.0,0.0,3.6,0.0,1.3255,Berawan,wmo:3
arjawinangun,"Arjawinangun, Cirebon",2026-10-05,32.09.24.2004,Arjawinangun,kecamatan,no,-6.6453,108.4103,Asia/Jakarta,"BMKG point: Arjawinangun, Kecamatan Arjawinangun",05-10-2026,UKMO,Open-Meteo / UK Met Office,07:00,2026-10-05 07:00:00,26.9,68.0,0.0,4.7,0.0,1.3255,Cerah,wmo:0
arjawinangun,"Arjawinangun, Cirebon",2026-10-05,32.09.24.2004,Arjawinangun,kecamatan,no,-6.6453,108.4103,Asia/Jakarta,"BMKG point: Arjawinangun, Kecamatan Arjawinangun",05-10-2026,UKMO,Open-Meteo / UK Met Office,08:00,2026-10-05 08:00:00,28.9,58.0,0.0,8.6,0.0,1.3255,Cerah,wmo:0
arjawinangun,"Arjawinangun, Cirebon",2026-10-05,32.09.24.2004,Arjawinangun,kecamatan,no,-6.6453,108.4103,Asia/Jakarta,"BMKG point: Arjawinangun, Kecamatan Arjawinangun",05-10-2026,UKMO,Open-Meteo / UK Met Office,09:00,2026-10-05 09:00:00,31.2,48.0,0.0,12.2,0.0,1.3255,Cerah Berawan,wmo:1
arjawinangun,"Arjawinangun, Cirebon",2026-10-05,32.09.24.2004,Arjawinangun,kecamatan,no,-6.6453,108.4103,Asia/Jakarta,"BMKG point: Arjawinangun, Kecamatan Arjawinangun",05-10-2026,UKMO,Open-Meteo / UK Met Office,10:00,2026-10-05 10:00:00,32.7,43.0,0.0,14.0,0.0,1.3255,Cerah Berawan,wmo:1
arjawinangun,"Arjawinangun, Cirebon",2026-10-05,32.09.24.2004,Arjawinangun,kecamatan,no,-6.6453,108.4103,Asia/Jakarta,"BMKG point: Arjawinangun, Kecamatan Arjawinangun",05-10-2026,UKMO,Open-Meteo / UK Met Office,11:00,2026-10-05 11:00:00,33.6,40.0,0.0,14.4,0.0,1.3255,Cerah Berawan,wmo:1
arjawinangun,"Arjawinangun, Cirebon",2026-10-05,32.09.24.2004,Arjawinangun,kecamatan,no,-6.6453,108.4103,Asia/Jakarta,"BMKG point: Arjawinangun, Kecamatan Arjawinangun",05-10-2026,UKMO,Open-Meteo / UK Met Office,12:00,2026-10-05 12:00:00,34.3,39.0,0.0,13.7,0.0,1.3255,Cerah Berawan,wmo:1
arjawinangun,"Arjawinangun, Cirebon",2026-10-05,32.09.24.2004,Arjawinangun,kecamatan,no,-6.6453,108.4103,Asia/Jakarta,"BMKG point: Arjawinangun, Kecamatan Arjawinangun",05-10-2026,UKMO,Open-Meteo / UK Met Office,13:00,2026-10-05 13:00:00,34.3,39.0,0.0,14.8,0.0,1.3255,Berawan,wmo:3
arjawinangun,"Arjawinangun, Cirebon",2026-10-05,32.09.24.2004,Arjawinangun,kecamatan,no,-6.6453,108.4103,Asia/Jakarta,"BMKG point: Arjawinangun, Kecamatan Arjawinangun",05-10-2026,UKMO,Open-Meteo / UK Met Office,14:00,2026-10-05 14:00:00,34.8,38.0,0.0,16.6,0.0,1.3255,Berawan,wmo:3
arjawinangun,"Arjawinangun, Cirebon",2026-10-05,32.09.24.2004,Arjawinangun,kecamatan,no,-6.6453,108.4103,Asia/Jakarta,"BMKG point: Arjawinangun, Kecamatan Arjawinangun",05-10-2026,UKMO,Open-Meteo / UK Met Office,15:00,2026-10-05 15:00:00,34.1,41.0,0.0,17.3,0.0,1.3255,Berawan,wmo:3
arjawinangun,"Arjawinangun, Cirebon",2026-10-05,32.09.24.2004,Arjawinangun,kecamatan,no,-6.6453,108.4103,Asia/Jakarta,"BMKG point: Arjawinangun, Kecamatan Arjawinangun",05-10-2026,UKMO,Open-Meteo / UK Met Office,16:00,2026-10-05 16:00:00,32.8,46.0,0.0,14.4,0.0,1.3255,Cerah Berawan,wmo:2
arjawinangun,"Arjawinangun, Cirebon",2026-10-05,32.09.24.2004,Arjawinangun,kecamatan,no,-6.6453,108.4103,Asia/Jakarta,"BMKG point: Arjawinangun, Kecamatan Arjawinangun",05-10-2026,UKMO,Open-Meteo / UK Met Office,17:00,2026-10-05 17:00:00,31.2,54.0,0.0,11.5,0.0,1.3255,Cerah,wmo:0
arjawinangun,"Arjawinangun, Cirebon",2026-10-05,32.09.24.2004,Arjawinangun,kecamatan,no,-6.6453,108.4103,Asia/Jakarta,"BMKG point: Arjawinangun, Kecamatan Arjawinangun",05-10-2026,UKMO,Open-Meteo / UK Met Office,18:00,2026-10-05 18:00:00,30.2,61.0,0.0,9.4,0.0,1.3255,Cerah,wmo:0
arjawinangun,"Arjawinangun, Cirebon",2026-10-05,32.09.24.2004,Arjawinangun,kecamatan,no,-6.6453,108.4103,Asia/Jakarta,"BMKG point: Arjawinangun, Kecamatan Arjawinangun",05-10-2026,UKMO,Open-Meteo / UK Met Office,19:00,2026-10-05 19:00:00,29.6,66.0,0.0,7.2,0.0,1.3255,Cerah,wmo:0
arjawinangun,"Arjawinangun, Cirebon",2026-10-05,32.09.24.2004,Arjawinangun,kecamatan,no,-6.6453,108.4103,Asia/Jakarta,"BMKG point: Arjawinangun, Kecamatan Arjawinangun",05-10-2026,UKMO,Open-Meteo / UK Met Office,20:00,2026-10-05 20:00:00,28.9,65.0,0.0,7.6,0.0,1.3255,Cerah,wmo:0
arjawinangun,"Arjawinangun, Cirebon",2026-10-05,32.09.24.2004,Arjawinangun,kecamatan,no,-6.6453,108.4103,Asia/Jakarta,"BMKG point: Arjawinangun, Kecamatan Arjawinangun",05-10-2026,UKMO,Open-Meteo / UK Met Office,21:00,2026-10-05 21:00:00,28.3,62.0,0.0,9.0,0.0,1.3255,Cerah,wmo:0
arjawinangun,"Arjawinangun, Cirebon",2026-10-05,32.09.24.2004,Arjawinangun,kecamatan,no,-6.6453,108.4103,Asia/Jakarta,"BMKG point: Arjawinangun, Kecamatan Arjawinangun",05-10-2026,UKMO,Open-Meteo / UK Met Office,22:00,2026-10-05 22:00:00,27.8,61.0,0.0,9.7,0.0,1.3255,Cerah,wmo:0
arjawinangun,"Arjawinangun, Cirebon",2026-10-05,32.09.24.2004,Arjawinangun,kecamatan,no,-6.6453,108.4103,Asia/Jakarta,"BMKG point: Arjawinangun, Kecamatan Arjawinangun",05-10-2026,UKMO,Open-Meteo / UK Met Office,23:00,2026-10-05 23:00:00,27.0,66.0,0.0,8.3,0.0,1.3255,Cerah,wmo:0
