location_slug,location_name,target_date,adm4,bmkg_point_name,area_level,is_proxy_bmkg,latitude,longitude,timezone,location_note,tanggal,source_id,provider,target_jam,source_datetime,suhu_C,RH_%,rain_mm,wind_kmh,gap_minutes,point_weight,kategori,raw_condition
dago,"Dago, Bandung",2026-08-02,32.73.02.1004,Dago,kelurahan,no,-6.889,107.61,Asia/Jakarta,"BMKG point: Dago, Coblong, Kota Bandung",02-08-2026,BMKG,BMKG,07:00,2026-08-02 10:00:00,28.0,53.0,0.0,2.5,180.0,0.9189,Cerah,Cerah
dago,"Dago, Bandung",2026-08-02,32.73.02.1004,Dago,kelurahan,no,-6.889,107.61,Asia/Jakarta,"BMKG point: Dago, Coblong, Kota Bandung",02-08-2026,BMKG,BMKG,08:00,2026-08-02 10:00:00,28.0,53.0,0.0,2.5,120.0,0.9189,Cerah,Cerah
dago,"Dago, Bandung",2026-08-02,32.73.02.1004,Dago,kelurahan,no,-6.889,107.61,Asia/Jakarta,"BMKG point: Dago, Coblong, Kota Bandung",02-08-2026,BMKG,BMKG,09:00,2026-08-02 10:00:00,28.0,53.0,0.0,2.5,60.0,1.253,Cerah,Cerah
dago,"Dago, Bandung",2026-08-02,32.73.02.1004,Dago,kelurahan,no,-6.889,107.61,Asia/Jakarta,"BMKG point: Dago, Coblong, Kota Bandung",02-08-2026,BMKG,BMKG,10:00,2026-08-02 10:00:00,28.0,53.0,0.0,2.5,0.0,1.6707,Cerah,Cerah
dago,"Dago, Bandung",2026-08-02,32.73.02.1004,Dago,kelurahan,no,-6.889,107.61,Asia/Jakarta,"BMKG point: Dago, Coblong, Kota Bandung",02-08-2026,BMKG,BMKG,11:00,2026-08-02 10:00:00,28.0,53.0,0.0,2.5,60.0,1.253,Cerah,Cerah
dago,"Dago, Bandung",2026-08-02,32.73.02.1004,Dago,kelurahan,no,-6.889,107.61,Asia/Jakarta,"BMKG point: Dago, Coblong, Kota Bandung",02-08-2026,BMKG,BMKG,12:00,2026-08-02 13:00:00,29.0,54.0,0.0,5.4,60.0,1.253,Cerah,Cerah
dago,"Dago, Bandung",2026-08-02,32.73.02.1004,Dago,kelurahan,no,-6.889,107.61,Asia/Jakarta,"BMKG point: Dago, Coblong, Kota Bandung",02-08-2026,BMKG,BMKG,13:00,2026-08-02 13:00:00,29.0,54.0,0.0,5.4,0.0,1.6707,Cerah,Cerah
dago,"Dago, Bandung",2026-08-02,32.73.02.1004,Dago,kelurahan,no,-6.889,107.61,Asia/Jakarta,"BMKG point: Dago, Coblong, Kota Bandung",02-08-2026,BMKG,BMKG,14:00,2026-08-02 13:00:00,29.0,54.0,0.0,5.4,60.0,1.253,Cerah,Cerah
dago,"Dago, Bandung",2026-08-02,32.73.02.1004,Dago,kelurahan,no,-6.889,107.61,Asia/Jakarta,"BMKG point: Dago, Coblong, Kota Bandung",02-08-2026,BMKG,BMKG,15:00,2026-08-02 16:00:00,25.0,64.0,0.0,4.5,60.0,1.253,Cerah,Cerah
dago,"Dago, Bandung",2026-08-02,32.73.02.1004,Dago,kelurahan,no,-6.889,107.61,Asia/Jakarta,"BMKG point: Dago, Coblong, Kota Bandung",02-08-2026,BMKG,BMKG,16:00,2026-08-02 16:00:00,25.0,64.0,0.0,4.5,0.0,1.6707,Cerah,Cerah
dago,"Dago, Bandung",2026-08-02,32.73.02.1004,Dago,kelurahan,no,-6.889,107.61,Asia/Jakarta,"BMKG point: Dago, Coblong, Kota Bandung",02-08-2026,BMKG,BMKG,17:00,2026-08-02 16:00:00,25.0,64.0,0.0,4.5,60.0,1.253,Cerah,Cerah
dago,"Dago, Bandung",2026-08-02,32.73.02.1004,Dago,kelurahan,no,-6.889,107.61,Asia/Jakarta,"BMKG point: Dago, Coblong, Kota Bandung",02-08-2026,BMKG,BMKG,18:00,2026-08-02 19:00:00,21.0,78.0,0.0,3.8,60.0,1.253,Cerah,Cerah
dago,"Dago, Bandung",2026-08-02,32.73.02.1004,Dago,kelurahan,no,-6.889,107.61,Asia/Jakarta,"BMKG point: Dago, Coblong, Kota Bandung",02-08-2026,BMKG,BMKG,19:00,2026-08-02 19:00:00,21.0,78.0,0.0,3.8,0.0,1.6707,Cerah,Cerah
dago,"Dago, Bandung",2026-08-02,32.73.02.1004,Dago,kelurahan,no,-6.889,107.61,Asia/Jakarta,"BMKG point: Dago, Coblong, Kota Bandung",02-08-2026,BMKG,BMKG,20:00,2026-08-02 19:00:00,21.0,78.0,0.0,3.8,60.0,1.253,Cerah,Cerah
dago,"Dago, Bandung",2026-08-02,32.73.02.1004,Dago,kelurahan,no,-6.889,107.61,Asia/Jakarta,"BMKG point: Dago, Coblong, Kota Bandung",02-08-2026,BMKG,BMKG,21:00,2026-08-02 22:00:00,20.0,87.0,0.0,4.1,60.0,1.253,Cerah,Cerah
dago,"Dago, Bandung",2026-08-02,32.73.02.1004,Dago,kelurahan,no,-6.889,107.61,Asia/Jakarta,"BMKG point: Dago, Coblong, Kota Bandung",02-08-2026,BMKG,BMKG,22:00,2026-08-02 22:00:00,20.0,87.0,0.0,4.1,0.0,1.6707,Cerah,Cerah
dago,"Dago, Bandung",2026-08-02,32.73.02.1004,Dago,kelurahan,no,-6.889,107.61,Asia/Jakarta,"BMKG point: Dago, Coblong, Kota Bandung",02-08-2026,BMKG,BMKG,23:00,2026-08-02 22:00:00,20.0,87.0,0.0,4.1,60.0,1.253,Cerah,Cerah
dago,"Dago, Bandung",2026-08-02,32.73.02.1004,Dago,kelurahan,no,-6.889,107.61,Asia/Jakarta,"BMKG point: Dago, Coblong, Kota Bandung",02-08-2026,CMA,Open-Meteo / CMA GRAPES,00:00,2026-08-02 00:00:00,22.3,93.0,0.0,4.3,0.0,1.1426,Cerah,wmo:0
dago,"Dago, Bandung",2026-08-02,32.73.02.1004,Dago,kelurahan,no,-6.889,107.61,Asia/Jakarta,"BMKG point: Dago, Coblong, Kota Bandung",02-08-2026,CMA,Open-Meteo / CMA GRAPES,01:00,2026-08-02 01:00:00,22.3,92.0,0.0,6.5,0.0,1.1426,Cerah,wmo:0
dago,"Dago, Bandung",2026-08-02,32.73.02.1004,Dago,kelurahan,no,-6.889,107.61,Asia/Jakarta,"BMKG point: Dago, Coblong, Kota Bandung",02-08-2026,CMA,Open-Meteo / CMA GRAPES,02:00,2026-08-02 02:00:00,22.0,93.0,0.0,6.1,0.0,1.1426,Cerah,wmo:0
dago,"Dago, Bandung",2026-08-02,32.73.02.1004,Dago,kelurahan,no,-6.889,107.61,Asia/Jakarta,"BMKG point: Dago, Coblong, Kota Bandung",02-08-2026,CMA,Open-Meteo / CMA GRAPES,03:00,2026-08-02 03:00:00,21.5,95.0,0.0,4.4,0.0,1.1426,Cerah,wmo:0
dago,"Dago, Bandung",2026-08-02,32.73.02.1004,Dago,kelurahan,no,-6.889,107.61,Asia/Jakarta,"BMKG point: Dago, Coblong, Kota Bandung",02-08-2026,CMA,Open-Meteo / CMA GRAPES,04:00,2026-08-02 04:00:00,21.3,94.0,0.0,2.9,0.0,1.1426,Cerah Berawan,wmo:1
dago,"Dago, Bandung",2026-08-02,32.73.02.1004,Dago,kelurahan,no,-6.889,107.61,Asia/Jakarta,"BMKG point: Dago, Coblong, Kota Bandung",02-08-2026,CMA,Open-Meteo / CMA GRAPES,05:00,2026-08-02 05:00:00,21.4,88.0,0.0,2.6,0.0,1.1426,Cerah,wmo:0
dago,"Dago, Bandung",2026-08-02,32.73.02.1004,Dago,kelurahan,no,-6.889,107.61,Asia/Jakarta,"BMKG point: Dago, Coblong, Kota Bandung",02-08-2026,CMA,Open-Meteo / CMA GRAPES,06:00,2026-08-02 06:00:00,21.6,80.0,0.0,4.2,0.0,1.1426,Cerah,wmo:0
dago,"Dago, Bandung",2026-08-02,32.73.02.1004,Dago,kelurahan,no,-6.889,107.61,Asia/Jakarta,"BMKG point: Dago, Coblong, Kota Bandung",02-08-2026,CMA,Open-Meteo / CMA GRAPES,07:00,2026-08-02 07:00:00,22.2,74.0,0.0,5.8,0.0,1.1426,Cerah,wmo:0
dago,"Dago, Bandung",2026-08-02,32.73.02.1004,Dago,kelurahan,no,-6.889,107.61,Asia/Jakarta,"BMKG point: Dago, Coblong, Kota Bandung",02-08-2026,CMA,Open-Meteo / CMA GRAPES,08:00,2026-08-02 08:00:00,23.1,71.0,0.0,6.8,0.0,1.1426,Cerah,wmo:0
dago,"Dago, Bandung",2026-08-02,32.73.02.1004,Dago,kelurahan,no,-6.889,107.61,Asia/Jakarta,"BMKG point: Dago, Coblong, Kota Bandung",02-08-2026,CMA,Open-Meteo / CMA GRAPES,09:00,2026-08-02 09:00:00,24.2,71.0,0.0,8.8,0.0,1.1426,Cerah,wmo:0
dago,"Dago, Bandung",2026-08-02,32.73.02.1004,Dago,kelurahan,no,-6.889,107.61,Asia/Jakarta,"BMKG point: Dago, Coblong, Kota Bandung",02-08-2026,CMA,Open-Meteo / CMA GRAPES,10:00,2026-08-02 10:00:00,25.2,70.0,0.0,10.7,0.0,1.1426,Cerah,wmo:0
dago,"Dago, Bandung",2026-08-02,32.73.02.1004,Dago,kelurahan,no,-6.889,107.61,Asia/Jakarta,"BMKG point: Dago, Coblong, Kota Bandung",02-08-2026,CMA,Open-Meteo / CMA GRAPES,11:00,2026-08-02 11:00:00,25.9,68.0,0.0,11.5,0.0,1.1426,Cerah,wmo:0
dago,"Dago, Bandung",2026-08-02,32.73.02.1004,Dago,kelurahan,no,-6.889,107.61,Asia/Jakarta,"BMKG point: Dago, Coblong, Kota Bandung",02-08-2026,CMA,Open-Meteo / CMA GRAPES,12:00,2026-08-02 12:00:00,26.5,67.0,0.0,11.7,0.0,1.1426,Cerah,wmo:0
dago,"Dago, Bandung",2026-08-02,32.73.02.1004,Dago,kelurahan,no,-6.889,107.61,Asia/Jakarta,"BMKG point: Dago, Coblong, Kota Bandung",02-08-2026,CMA,Open-Meteo / CMA GRAPES,13:00,2026-08-02 13:00:00,26.9,66.0,0.0,12.0,0.0,1.1426,Cerah,wmo:0
dago,"Dago, Bandung",2026-08-02,32.73.02.1004,Dago,kelurahan,no,-6.889,107.61,Asia/Jakarta,"BMKG point: Dago, Coblong, Kota Bandung",02-08-2026,CMA,Open-Meteo / CMA GRAPES,14:00,2026-08-02 14:00:00,26.9,66.0,0.0,12.8,0.0,1.1426,Cerah,wmo:0
dago,"Dago, Bandung",2026-08-02,32.73.02.1004,Dago,kelurahan,no,-6.889,107.61,Asia/Jakarta,"BMKG point: Dago, Coblong, Kota Bandung",02-08-2026,CMA,Open-Meteo / CMA GRAPES,15:00,2026-08-02 15:00:00,26.7,66.0,0.0,14.0,0.0,1.1426,Cerah,wmo:0
dago,"Dago, Bandung",2026-08-02,32.73.02.1004,Dago,kelurahan,no,-6.889,107.61,Asia/Jakarta,"BMKG point: Dago, Coblong, Kota Bandung",02-08-2026,CMA,Open-Meteo / CMA GRAPES,16:00,2026-08-02 16:00:00,26.3,68.0,0.0,13.9,0.0,1.1426,Cerah,wmo:0
dago,"Dago, Bandung",2026-08-02,32.73.02.1004,Dago,kelurahan,no,-6.889,107.61,Asia/Jakarta,"BMKG point: Dago, Coblong, Kota Bandung",02-08-2026,CMA,Open-Meteo / CMA GRAPES,17:00,2026-08-02 17:00:00,25.4,72.0,0.0,12.0,0.0,1.1426,Cerah,wmo:0
dago,"Dago, Bandung",2026-08-02,32.73.02.1004,Dago,kelurahan,no,-6.889,107.61,Asia/Jakarta,"BMKG point: Dago, Coblong, Kota Bandung",02-08-2026,CMA,Open-Meteo / CMA GRAPES,18:00,2026-08-02 18:00:00,24.2,78.0,0.0,10.0,0.0,1.1426,Cerah,wmo:0
dago,"Dago, Bandung",2026-08-02,32.73.02.1004,Dago,kelurahan,no,-6.889,107.61,Asia/Jakarta,"BMKG point: Dago, Coblong, Kota Bandung",02-08-2026,CMA,Open-Meteo / CMA GRAPES,19:00,2026-08-02 19:00:00,23.3,83.0,0.0,8.8,0.0,1.1426,Cerah,wmo:0
dago,"Dago, Bandung",2026-08-02,32.73.02.1004,Dago,kelurahan,no,-6.889,107.61,Asia/Jakarta,"BMKG point: Dago, Coblong, Kota Bandung",02-08-2026,CMA,Open-Meteo / CMA GRAPES,20:00,2026-08-02 20:00:00,23.0,86.0,0.0,6.9,0.0,1.1426,Cerah Berawan,wmo:1
dago,"Dago, Bandung",2026-08-02,32.73.02.1004,Dago,kelurahan,no,-6.889,107.61,Asia/Jakarta,"BMKG point: Dago, Coblong, Kota Bandung",02-08-2026,CMA,Open-Meteo / CMA GRAPES,21:00,2026-08-02 21:00:00,23.1,89.0,0.0,4.7,0.0,1.1426,Cerah Berawan,wmo:1
dago,"Dago, Bandung",2026-08-02,32.73.02.1004,Dago,kelurahan,no,-6.889,107.61,Asia/Jakarta,"BMKG point: Dago, Coblong, Kota Bandung",02-08-2026,CMA,Open-Meteo / CMA GRAPES,22:00,2026-08-02 22:00:00,23.0,91.0,0.0,3.1,0.0,1.1426,Cerah Berawan,wmo:1
dago,"Dago, Bandung",2026-08-02,32.73.02.1004,Dago,kelurahan,no,-6.889,107.61,Asia/Jakarta,"BMKG point: Dago, Coblong, Kota Bandung",02-08-2026,CMA,Open-Meteo / CMA GRAPES,23:00,2026-08-02 23:00:00,22.8,92.0,0.2,1.8,0.0,1.1426,Hujan Ringan,wmo:51
dago,"Dago, Bandung",2026-08-02,32.73.02.1004,Dago,kelurahan,no,-6.889,107.61,Asia/Jakarta,"BMKG point: Dago, Coblong, Kota Bandung",02-08-2026,ECMWF,Open-Meteo / ECMWF,00:00,2026-08-02 00:00:00,20.1,89.0,0.0,1.5,0.0,1.6816,Cerah Berawan,wmo:1
dago,"Dago, Bandung",2026-08-02,32.73.02.1004,Dago,kelurahan,no,-6.889,107.61,Asia/Jakarta,"BMKG point: Dago, Coblong, Kota Bandung",02-08-2026,ECMWF,Open-Meteo / ECMWF,01:00,2026-08-02 01:00:00,19.8,89.0,0.0,0.8,0.0,1.6816,Cerah Berawan,wmo:2
dago,"Dago, Bandung",2026-08-02,32.73.02.1004,Dago,kelurahan,no,-6.889,107.61,Asia/Jakarta,"BMKG point: Dago, Coblong, Kota Bandung",02-08-2026,ECMWF,Open-Meteo / ECMWF,02:00,2026-08-02 02:00:00,19.4,89.0,0.0,1.1,0.0,1.6816,Cerah Berawan,wmo:2
dago,"Dago, Bandung",2026-08-02,32.73.02.1004,Dago,kelurahan,no,-6.889,107.61,Asia/Jakarta,"BMKG point: Dago, Coblong, Kota Bandung",02-08-2026,ECMWF,Open-Meteo / ECMWF,03:00,2026-08-02 03:00:00,19.1,88.0,0.0,1.8,0.0,1.6816,Cerah Berawan,wmo:2
dago,"Dago, Bandung",2026-08-02,32.73.02.1004,Dago,kelurahan,no,-6.889,107.61,Asia/Jakarta,"BMKG point: Dago, Coblong, Kota Bandung",02-08-2026,ECMWF,Open-Meteo / ECMWF,04:00,2026-08-02 04:00:00,18.9,87.0,0.0,2.5,0.0,1.6816,Cerah Berawan,wmo:2
dago,"Dago, Bandung",2026-08-02,32.73.02.1004,Dago,kelurahan,no,-6.889,107.61,Asia/Jakarta,"BMKG point: Dago, Coblong, Kota Bandung",02-08-2026,ECMWF,Open-Meteo / ECMWF,05:00,2026-08-02 05:00:00,18.6,87.0,0.0,4.0,0.0,1.6816,Cerah Berawan,wmo:2
dago,"Dago, Bandung",2026-08-02,32.73.02.1004,Dago,kelurahan,no,-6.889,107.61,Asia/Jakarta,"BMKG point: Dago, Coblong, Kota Bandung",02-08-2026,ECMWF,Open-Meteo / ECMWF,06:00,2026-08-02 06:00:00,18.5,87.0,0.0,5.2,0.0,1.6816,Cerah Berawan,wmo:2
dago,"Dago, Bandung",2026-08-02,32.73.02.1004,Dago,kelurahan,no,-6.889,107.61,Asia/Jakarta,"BMKG point: Dago, Coblong, Kota Bandung",02-08-2026,ECMWF,Open-Meteo / ECMWF,07:00,2026-08-02 07:00:00,19.1,84.0,0.0,5.9,0.0,1.6816,Berawan,wmo:3
dago,"Dago, Bandung",2026-08-02,32.73.02.1004,Dago,kelurahan,no,-6.889,107.61,Asia/Jakarta,"BMKG point: Dago, Coblong, Kota Bandung",02-08-2026,ECMWF,Open-Meteo / ECMWF,08:00,2026-08-02 08:00:00,21.1,77.0,0.0,4.7,0.0,1.6816,Cerah Berawan,wmo:2
dago,"Dago, Bandung",2026-08-02,32.73.02.1004,Dago,kelurahan,no,-6.889,107.61,Asia/Jakarta,"BMKG point: Dago, Coblong, Kota Bandung",02-08-2026,ECMWF,Open-Meteo / ECMWF,09:00,2026-08-02 09:00:00,23.9,68.0,0.0,3.6,0.0,1.6816,Cerah Berawan,wmo:2
dago,"Dago, Bandung",2026-08-02,32.73.02.1004,Dago,kelurahan,no,-6.889,107.61,Asia/Jakarta,"BMKG point: Dago, Coblong, Kota Bandung",02-08-2026,ECMWF,Open-Meteo / ECMWF,10:00,2026-08-02 10:00:00,26.2,60.0,0.0,3.1,0.0,1.6816,Cerah Berawan,wmo:1
dago,"Dago, Bandung",2026-08-02,32.73.02.1004,Dago,kelurahan,no,-6.889,107.61,Asia/Jakarta,"BMKG point: Dago, Coblong, Kota Bandung",02-08-2026,ECMWF,Open-Meteo / ECMWF,11:00,2026-08-02 11:00:00,27.6,55.0,0.0,1.6,0.0,1.6816,Cerah Berawan,wmo:1
dago,"Dago, Bandung",2026-08-02,32.73.02.1004,Dago,kelurahan,no,-6.889,107.61,Asia/Jakarta,"BMKG point: Dago, Coblong, Kota Bandung",02-08-2026,ECMWF,Open-Meteo / ECMWF,12:00,2026-08-02 12:00:00,28.5,52.0,0.0,2.9,0.0,1.6816,Cerah Berawan,wmo:1
dago,"Dago, Bandung",2026-08-02,32.73.02.1004,Dago,kelurahan,no,-6.889,107.61,Asia/Jakarta,"BMKG point: Dago, Coblong, Kota Bandung",02-08-2026,ECMWF,Open-Meteo / ECMWF,13:00,2026-08-02 13:00:00,29.0,51.0,0.0,5.6,0.0,1.6816,Cerah Berawan,wmo:1
dago,"Dago, Bandung",2026-08-02,32.73.02.1004,Dago,kelurahan,no,-6.889,107.61,Asia/Jakarta,"BMKG point: Dago, Coblong, Kota Bandung",02-08-2026,ECMWF,Open-Meteo / ECMWF,14:00,2026-08-02 14:00:00,28.9,51.0,0.0,7.5,0.0,1.6816,Cerah,wmo:0
dago,"Dago, Bandung",2026-08-02,32.73.02.1004,Dago,kelurahan,no,-6.889,107.61,Asia/Jakarta,"BMKG point: Dago, Coblong, Kota Bandung",02-08-2026,ECMWF,Open-Meteo / ECMWF,15:00,2026-08-02 15:00:00,28.4,53.0,0.0,9.0,0.0,1.6816,Cerah,wmo:0
dago,"Dago, Bandung",2026-08-02,32.73.02.1004,Dago,kelurahan,no,-6.889,107.61,Asia/Jakarta,"BMKG point: Dago, Coblong, Kota Bandung",02-08-2026,ECMWF,Open-Meteo / ECMWF,16:00,2026-08-02 16:00:00,27.6,57.0,0.0,9.7,0.0,1.6816,Cerah,wmo:0
dago,"Dago, Bandung",2026-08-02,32.73.02.1004,Dago,kelurahan,no,-6.889,107.61,Asia/Jakarta,"BMKG point: Dago, Coblong, Kota Bandung",02-08-2026,ECMWF,Open-Meteo / ECMWF,17:00,2026-08-02 17:00:00,26.3,63.0,0.1,8.8,0.0,1.6816,Hujan Ringan,wmo:51
dago,"Dago, Bandung",2026-08-02,32.73.02.1004,Dago,kelurahan,no,-6.889,107.61,Asia/Jakarta,"BMKG point: Dago, Coblong, Kota Bandung",02-08-2026,ECMWF,Open-Meteo / ECMWF,18:00,2026-08-02 18:00:00,24.7,70.0,0.1,7.8,0.0,1.6816,Hujan Ringan,wmo:51
dago,"Dago, Bandung",2026-08-02,32.73.02.1004,Dago,kelurahan,no,-6.889,107.61,Asia/Jakarta,"BMKG point: Dago, Coblong, Kota Bandung",02-08-2026,ECMWF,Open-Meteo / ECMWF,19:00,2026-08-02 19:00:00,23.4,76.0,0.1,7.4,0.0,1.6816,Hujan Ringan,wmo:51
dago,"Dago, Bandung",2026-08-02,32.73.02.1004,Dago,kelurahan,no,-6.889,107.61,Asia/Jakarta,"BMKG point: Dago, Coblong, Kota Bandung",02-08-2026,ECMWF,Open-Meteo / ECMWF,20:00,2026-08-02 20:00:00,22.5,81.0,0.0,6.0,0.0,1.6816,Cerah,wmo:0
dago,"Dago, Bandung",2026-08-02,32.73.02.1004,Dago,kelurahan,no,-6.889,107.61,Asia/Jakarta,"BMKG point: Dago, Coblong, Kota Bandung",02-08-2026,ECMWF,Open-Meteo / ECMWF,21:00,2026-08-02 21:00:00,21.8,84.0,0.0,4.0,0.0,1.6816,Cerah,wmo:0
dago,"Dago, Bandung",2026-08-02,32.73.02.1004,Dago,kelurahan,no,-6.889,107.61,Asia/Jakarta,"BMKG point: Dago, Coblong, Kota Bandung",02-08-2026,ECMWF,Open-Meteo / ECMWF,22:00,2026-08-02 22:00:00,21.1,87.0,0.0,2.3,0.0,1.6816,Cerah,wmo:0
dago,"Dago, Bandung",2026-08-02,32.73.02.1004,Dago,kelurahan,no,-6.889,107.61,Asia/Jakarta,"BMKG point: Dago, Coblong, Kota Bandung",02-08-2026,ECMWF,Open-Meteo / ECMWF,23:00,2026-08-02 23:00:00,20.4,89.0,0.0,1.6,0.0,1.6816,Cerah,wmo:0
dago,"Dago, Bandung",2026-08-02,32.73.02.1004,Dago,kelurahan,no,-6.889,107.61,Asia/Jakarta,"BMKG point: Dago, Coblong, Kota Bandung",02-08-2026,GFS,Open-Meteo / NOAA GFS,00:00,2026-08-02 00:00:00,20.2,91.0,0.0,3.3,0.0,1.3737,Cerah,wmo:0
dago,"Dago, Bandung",2026-08-02,32.73.02.1004,Dago,kelurahan,no,-6.889,107.61,Asia/Jakarta,"BMKG point: Dago, Coblong, Kota Bandung",02-08-2026,GFS,Open-Meteo / NOAA GFS,01:00,2026-08-02 01:00:00,19.4,91.0,0.0,3.7,0.0,1.3737,Cerah,wmo:0
dago,"Dago, Bandung",2026-08-02,32.73.02.1004,Dago,kelurahan,no,-6.889,107.61,Asia/Jakarta,"BMKG point: Dago, Coblong, Kota Bandung",02-08-2026,GFS,Open-Meteo / NOAA GFS,02:00,2026-08-02 02:00:00,19.1,92.0,0.0,4.2,0.0,1.3737,Cerah Berawan,wmo:1
dago,"Dago, Bandung",2026-08-02,32.73.02.1004,Dago,kelurahan,no,-6.889,107.61,Asia/Jakarta,"BMKG point: Dago, Coblong, Kota Bandung",02-08-2026,GFS,Open-Meteo / NOAA GFS,03:00,2026-08-02 03:00:00,19.0,92.0,0.0,5.9,0.0,1.3737,Berawan,wmo:3
dago,"Dago, Bandung",2026-08-02,32.73.02.1004,Dago,kelurahan,no,-6.889,107.61,Asia/Jakarta,"BMKG point: Dago, Coblong, Kota Bandung",02-08-2026,GFS,Open-Meteo / NOAA GFS,04:00,2026-08-02 04:00:00,18.7,92.0,0.0,6.6,0.0,1.3737,Cerah Berawan,wmo:1
dago,"Dago, Bandung",2026-08-02,32.73.02.1004,Dago,kelurahan,no,-6.889,107.61,Asia/Jakarta,"BMKG point: Dago, Coblong, Kota Bandung",02-08-2026,GFS,Open-Meteo / NOAA GFS,05:00,2026-08-02 05:00:00,18.5,92.0,0.0,7.4,0.0,1.3737,Cerah,wmo:0
dago,"Dago, Bandung",2026-08-02,32.73.02.1004,Dago,kelurahan,no,-6.889,107.61,Asia/Jakarta,"BMKG point: Dago, Coblong, Kota Bandung",02-08-2026,GFS,Open-Meteo / NOAA GFS,06:00,2026-08-02 06:00:00,18.3,91.0,0.0,7.5,0.0,1.3737,Berawan,wmo:3
dago,"Dago, Bandung",2026-08-02,32.73.02.1004,Dago,kelurahan,no,-6.889,107.61,Asia/Jakarta,"BMKG point: Dago, Coblong, Kota Bandung",02-08-2026,GFS,Open-Meteo / NOAA GFS,07:00,2026-08-02 07:00:00,20.2,83.0,0.0,6.5,0.0,1.3737,Cerah Berawan,wmo:2
dago,"Dago, Bandung",2026-08-02,32.73.02.1004,Dago,kelurahan,no,-6.889,107.61,Asia/Jakarta,"BMKG point: Dago, Coblong, Kota Bandung",02-08-2026,GFS,Open-Meteo / NOAA GFS,08:00,2026-08-02 08:00:00,23.1,71.0,0.0,5.8,0.0,1.3737,Cerah,wmo:0
dago,"Dago, Bandung",2026-08-02,32.73.02.1004,Dago,kelurahan,no,-6.889,107.61,Asia/Jakarta,"BMKG point: Dago, Coblong, Kota Bandung",02-08-2026,GFS,Open-Meteo / NOAA GFS,09:00,2026-08-02 09:00:00,25.9,61.0,0.0,3.1,0.0,1.3737,Cerah Berawan,wmo:1
dago,"Dago, Bandung",2026-08-02,32.73.02.1004,Dago,kelurahan,no,-6.889,107.61,Asia/Jakarta,"BMKG point: Dago, Coblong, Kota Bandung",02-08-2026,GFS,Open-Meteo / NOAA GFS,10:00,2026-08-02 10:00:00,27.9,54.0,0.0,4.6,0.0,1.3737,Cerah,wmo:0
dago,"Dago, Bandung",2026-08-02,32.73.02.1004,Dago,kelurahan,no,-6.889,107.61,Asia/Jakarta,"BMKG point: Dago, Coblong, Kota Bandung",02-08-2026,GFS,Open-Meteo / NOAA GFS,11:00,2026-08-02 11:00:00,29.1,49.0,0.0,7.1,0.0,1.3737,Cerah Berawan,wmo:1
dago,"Dago, Bandung",2026-08-02,32.73.02.1004,Dago,kelurahan,no,-6.889,107.61,Asia/Jakarta,"BMKG point: Dago, Coblong, Kota Bandung",02-08-2026,GFS,Open-Meteo / NOAA GFS,12:00,2026-08-02 12:00:00,30.3,46.0,0.0,10.0,0.0,1.3737,Cerah,wmo:0
dago,"Dago, Bandung",2026-08-02,32.73.02.1004,Dago,kelurahan,no,-6.889,107.61,Asia/Jakarta,"BMKG point: Dago, Coblong, Kota Bandung",02-08-2026,GFS,Open-Meteo / NOAA GFS,13:00,2026-08-02 13:00:00,30.9,44.0,0.0,13.2,0.0,1.3737,Cerah Berawan,wmo:1
dago,"Dago, Bandung",2026-08-02,32.73.02.1004,Dago,kelurahan,no,-6.889,107.61,Asia/Jakarta,"BMKG point: Dago, Coblong, Kota Bandung",02-08-2026,GFS,Open-Meteo / NOAA GFS,14:00,2026-08-02 14:00:00,30.0,45.0,0.0,16.4,0.0,1.3737,Berawan,wmo:3
dago,"Dago, Bandung",2026-08-02,32.73.02.1004,Dago,kelurahan,no,-6.889,107.61,Asia/Jakarta,"BMKG point: Dago, Coblong, Kota Bandung",02-08-2026,GFS,Open-Meteo / NOAA GFS,15:00,2026-08-02 15:00:00,27.8,53.0,0.0,13.7,0.0,1.3737,Berawan,wmo:3
dago,"Dago, Bandung",2026-08-02,32.73.02.1004,Dago,kelurahan,no,-6.889,107.61,Asia/Jakarta,"BMKG point: Dago, Coblong, Kota Bandung",02-08-2026,GFS,Open-Meteo / NOAA GFS,16:00,2026-08-02 16:00:00,27.0,56.0,0.0,10.2,0.0,1.3737,Berawan,wmo:3
dago,"Dago, Bandung",2026-08-02,32.73.02.1004,Dago,kelurahan,no,-6.889,107.61,Asia/Jakarta,"BMKG point: Dago, Coblong, Kota Bandung",02-08-2026,GFS,Open-Meteo / NOAA GFS,17:00,2026-08-02 17:00:00,26.5,59.0,0.0,8.4,0.0,1.3737,Cerah Berawan,wmo:1
dago,"Dago, Bandung",2026-08-02,32.73.02.1004,Dago,kelurahan,no,-6.889,107.61,Asia/Jakarta,"BMKG point: Dago, Coblong, Kota Bandung",02-08-2026,GFS,Open-Meteo / NOAA GFS,18:00,2026-08-02 18:00:00,23.1,74.0,0.0,6.2,0.0,1.3737,Cerah,wmo:0
dago,"Dago, Bandung",2026-08-02,32.73.02.1004,Dago,kelurahan,no,-6.889,107.61,Asia/Jakarta,"BMKG point: Dago, Coblong, Kota Bandung",02-08-2026,GFS,Open-Meteo / NOAA GFS,19:00,2026-08-02 19:00:00,21.5,82.0,0.0,3.9,0.0,1.3737,Cerah,wmo:0
dago,"Dago, Bandung",2026-08-02,32.73.02.1004,Dago,kelurahan,no,-6.889,107.61,Asia/Jakarta,"BMKG point: Dago, Coblong, Kota Bandung",02-08-2026,GFS,Open-Meteo / NOAA GFS,20:00,2026-08-02 20:00:00,21.1,85.0,0.0,2.5,0.0,1.3737,Cerah Berawan,wmo:2
dago,"Dago, Bandung",2026-08-02,32.73.02.1004,Dago,kelurahan,no,-6.889,107.61,Asia/Jakarta,"BMKG point: Dago, Coblong, Kota Bandung",02-08-2026,GFS,Open-Meteo / NOAA GFS,21:00,2026-08-02 21:00:00,21.7,83.0,0.0,1.3,0.0,1.3737,Cerah Berawan,wmo:2
dago,"Dago, Bandung",2026-08-02,32.73.02.1004,Dago,kelurahan,no,-6.889,107.61,Asia/Jakarta,"BMKG point: Dago, Coblong, Kota Bandung",02-08-2026,GFS,Open-Meteo / NOAA GFS,22:00,2026-08-02 22:00:00,21.0,87.0,0.0,3.1,0.0,1.3737,Cerah Berawan,wmo:1
dago,"Dago, Bandung",2026-08-02,32.73.02.1004,Dago,kelurahan,no,-6.889,107.61,Asia/Jakarta,"BMKG point: Dago, Coblong, Kota Bandung",02-08-2026,GFS,Open-Meteo / NOAA GFS,23:00,2026-08-02 23:00:00,20.3,90.0,0.0,2.5,0.0,1.3737,Cerah,wmo:0
dago,"Dago, Bandung",2026-08-02,32.73.02.1004,Dago,kelurahan,no,-6.889,107.61,Asia/Jakarta,"BMKG point: Dago, Coblong, Kota Bandung",02-08-2026,ICON,Open-Meteo / DWD ICON,00:00,2026-08-02 00:00:00,20.3,86.0,0.0,2.5,0.0,1.4769,Cerah,wmo:0
dago,"Dago, Bandung",2026-08-02,32.73.02.1004,Dago,kelurahan,no,-6.889,107.61,Asia/Jakarta,"BMKG point: Dago, Coblong, Kota Bandung",02-08-2026,ICON,Open-Meteo / DWD ICON,01:00,2026-08-02 01:00:00,20.1,87.0,0.0,2.7,0.0,1.4769,Cerah Berawan,wmo:1
dago,"Dago, Bandung",2026-08-02,32.73.02.1004,Dago,kelurahan,no,-6.889,107.61,Asia/Jakarta,"BMKG point: Dago, Coblong, Kota Bandung",02-08-2026,ICON,Open-Meteo / DWD ICON,02:00,2026-08-02 02:00:00,19.9,88.0,0.0,2.4,0.0,1.4769,Cerah Berawan,wmo:2
dago,"Dago, Bandung",2026-08-02,32.73.02.1004,Dago,kelurahan,no,-6.889,107.61,Asia/Jakarta,"BMKG point: Dago, Coblong, Kota Bandung",02-08-2026,ICON,Open-Meteo / DWD ICON,03:00,2026-08-02 03:00:00,19.9,88.0,0.0,2.2,0.0,1.4769,Cerah Berawan,wmo:2
dago,"Dago, Bandung",2026-08-02,32.73.02.1004,Dago,kelurahan,no,-6.889,107.61,Asia/Jakarta,"BMKG point: Dago, Coblong, Kota Bandung",02-08-2026,ICON,Open-Meteo / DWD ICON,04:00,2026-08-02 04:00:00,19.7,89.0,0.0,2.5,0.0,1.4769,Cerah Berawan,wmo:2
dago,"Dago, Bandung",2026-08-02,32.73.02.1004,Dago,kelurahan,no,-6.889,107.61,Asia/Jakarta,"BMKG point: Dago, Coblong, Kota Bandung",02-08-2026,ICON,Open-Meteo / DWD ICON,05:00,2026-08-02 05:00:00,19.4,90.0,0.0,2.5,0.0,1.4769,Cerah Berawan,wmo:1
dago,"Dago, Bandung",2026-08-02,32.73.02.1004,Dago,kelurahan,no,-6.889,107.61,Asia/Jakarta,"BMKG point: Dago, Coblong, Kota Bandung",02-08-2026,ICON,Open-Meteo / DWD ICON,06:00,2026-08-02 06:00:00,18.9,92.0,0.0,2.3,0.0,1.4769,Cerah Berawan,wmo:1
dago,"Dago, Bandung",2026-08-02,32.73.02.1004,Dago,kelurahan,no,-6.889,107.61,Asia/Jakarta,"BMKG point: Dago, Coblong, Kota Bandung",02-08-2026,ICON,Open-Meteo / DWD ICON,07:00,2026-08-02 07:00:00,19.5,90.0,0.0,2.0,0.0,1.4769,Cerah,wmo:0
dago,"Dago, Bandung",2026-08-02,32.73.02.1004,Dago,kelurahan,no,-6.889,107.61,Asia/Jakarta,"BMKG point: Dago, Coblong, Kota Bandung",02-08-2026,ICON,Open-Meteo / DWD ICON,08:00,2026-08-02 08:00:00,22.3,76.0,0.0,2.2,0.0,1.4769,Cerah,wmo:0
dago,"Dago, Bandung",2026-08-02,32.73.02.1004,Dago,kelurahan,no,-6.889,107.61,Asia/Jakarta,"BMKG point: Dago, Coblong, Kota Bandung",02-08-2026,ICON,Open-Meteo / DWD ICON,09:00,2026-08-02 09:00:00,24.7,66.0,0.0,2.2,0.0,1.4769,Cerah,wmo:0
dago,"Dago, Bandung",2026-08-02,32.73.02.1004,Dago,kelurahan,no,-6.889,107.61,Asia/Jakarta,"BMKG point: Dago, Coblong, Kota Bandung",02-08-2026,ICON,Open-Meteo / DWD ICON,10:00,2026-08-02 10:00:00,26.8,58.0,0.0,1.9,0.0,1.4769,Cerah,wmo:0
dago,"Dago, Bandung",2026-08-02,32.73.02.1004,Dago,kelurahan,no,-6.889,107.61,Asia/Jakarta,"BMKG point: Dago, Coblong, Kota Bandung",02-08-2026,ICON,Open-Meteo / DWD ICON,11:00,2026-08-02 11:00:00,28.6,50.0,0.0,1.3,0.0,1.4769,Cerah Berawan,wmo:1
dago,"Dago, Bandung",2026-08-02,32.73.02.1004,Dago,kelurahan,no,-6.889,107.61,Asia/Jakarta,"BMKG point: Dago, Coblong, Kota Bandung",02-08-2026,ICON,Open-Meteo / DWD ICON,12:00,2026-08-02 12:00:00,29.7,45.0,0.0,0.4,0.0,1.4769,Cerah Berawan,wmo:2
dago,"Dago, Bandung",2026-08-02,32.73.02.1004,Dago,kelurahan,no,-6.889,107.61,Asia/Jakarta,"BMKG point: Dago, Coblong, Kota Bandung",02-08-2026,ICON,Open-Meteo / DWD ICON,13:00,2026-08-02 13:00:00,30.5,42.0,0.0,1.1,0.0,1.4769,Cerah Berawan,wmo:2
dago,"Dago, Bandung",2026-08-02,32.73.02.1004,Dago,kelurahan,no,-6.889,107.61,Asia/Jakarta,"BMKG point: Dago, Coblong, Kota Bandung",02-08-2026,ICON,Open-Meteo / DWD ICON,14:00,2026-08-02 14:00:00,30.6,42.0,0.0,0.8,0.0,1.4769,Cerah Berawan,wmo:2
dago,"Dago, Bandung",2026-08-02,32.73.02.1004,Dago,kelurahan,no,-6.889,107.61,Asia/Jakarta,"BMKG point: Dago, Coblong, Kota Bandung",02-08-2026,ICON,Open-Meteo / DWD ICON,15:00,2026-08-02 15:00:00,30.8,41.0,0.0,2.3,0.0,1.4769,Cerah Berawan,wmo:2
dago,"Dago, Bandung",2026-08-02,32.73.02.1004,Dago,kelurahan,no,-6.889,107.61,Asia/Jakarta,"BMKG point: Dago, Coblong, Kota Bandung",02-08-2026,ICON,Open-Meteo / DWD ICON,16:00,2026-08-02 16:00:00,30.5,42.0,0.0,4.9,0.0,1.4769,Cerah Berawan,wmo:2
dago,"Dago, Bandung",2026-08-02,32.73.02.1004,Dago,kelurahan,no,-6.889,107.61,Asia/Jakarta,"BMKG point: Dago, Coblong, Kota Bandung",02-08-2026,ICON,Open-Meteo / DWD ICON,17:00,2026-08-02 17:00:00,29.2,46.0,0.0,7.4,0.0,1.4769,Cerah Berawan,wmo:2
dago,"Dago, Bandung",2026-08-02,32.73.02.1004,Dago,kelurahan,no,-6.889,107.61,Asia/Jakarta,"BMKG point: Dago, Coblong, Kota Bandung",02-08-2026,ICON,Open-Meteo / DWD ICON,18:00,2026-08-02 18:00:00,27.1,53.0,0.0,7.1,0.0,1.4769,Cerah Berawan,wmo:2
dago,"Dago, Bandung",2026-08-02,32.73.02.1004,Dago,kelurahan,no,-6.889,107.61,Asia/Jakarta,"BMKG point: Dago, Coblong, Kota Bandung",02-08-2026,ICON,Open-Meteo / DWD ICON,19:00,2026-08-02 19:00:00,25.4,62.0,0.0,5.3,0.0,1.4769,Cerah Berawan,wmo:2
dago,"Dago, Bandung",2026-08-02,32.73.02.1004,Dago,kelurahan,no,-6.889,107.61,Asia/Jakarta,"BMKG point: Dago, Coblong, Kota Bandung",02-08-2026,ICON,Open-Meteo / DWD ICON,20:00,2026-08-02 20:00:00,24.3,67.0,0.0,3.4,0.0,1.4769,Cerah Berawan,wmo:2
dago,"Dago, Bandung",2026-08-02,32.73.02.1004,Dago,kelurahan,no,-6.889,107.61,Asia/Jakarta,"BMKG point: Dago, Coblong, Kota Bandung",02-08-2026,ICON,Open-Meteo / DWD ICON,21:00,2026-08-02 21:00:00,23.6,72.0,0.0,2.1,0.0,1.4769,Cerah Berawan,wmo:2
dago,"Dago, Bandung",2026-08-02,32.73.02.1004,Dago,kelurahan,no,-6.889,107.61,Asia/Jakarta,"BMKG point: Dago, Coblong, Kota Bandung",02-08-2026,ICON,Open-Meteo / DWD ICON,22:00,2026-08-02 22:00:00,23.0,75.0,0.0,2.0,0.0,1.4769,Cerah Berawan,wmo:2
dago,"Dago, Bandung",2026-08-02,32.73.02.1004,Dago,kelurahan,no,-6.889,107.61,Asia/Jakarta,"BMKG point: Dago, Coblong, Kota Bandung",02-08-2026,ICON,Open-Meteo / DWD ICON,23:00,2026-08-02 23:00:00,22.2,79.0,0.0,2.3,0.0,1.4769,Cerah Berawan,wmo:2
dago,"Dago, Bandung",2026-08-02,32.73.02.1004,Dago,kelurahan,no,-6.889,107.61,Asia/Jakarta,"BMKG point: Dago, Coblong, Kota Bandung",02-08-2026,KMA,Open-Meteo / KMA,00:00,2026-08-02 00:00:00,,,,,0.0,0.5384,Berawan,wmo:None
dago,"Dago, Bandung",2026-08-02,32.73.02.1004,Dago,kelurahan,no,-6.889,107.61,Asia/Jakarta,"BMKG point: Dago, Coblong, Kota Bandung",02-08-2026,KMA,Open-Meteo / KMA,01:00,2026-08-02 01:00:00,,,,,0.0,0.5384,Berawan,wmo:None
dago,"Dago, Bandung",2026-08-02,32.73.02.1004,Dago,kelurahan,no,-6.889,107.61,Asia/Jakarta,"BMKG point: Dago, Coblong, Kota Bandung",02-08-2026,KMA,Open-Meteo / KMA,02:00,2026-08-02 02:00:00,,,,,0.0,0.5384,Berawan,wmo:None
dago,"Dago, Bandung",2026-08-02,32.73.02.1004,Dago,kelurahan,no,-6.889,107.61,Asia/Jakarta,"BMKG point: Dago, Coblong, Kota Bandung",02-08-2026,KMA,Open-Meteo / KMA,03:00,2026-08-02 03:00:00,,,,,0.0,0.5384,Berawan,wmo:None
dago,"Dago, Bandung",2026-08-02,32.73.02.1004,Dago,kelurahan,no,-6.889,107.61,Asia/Jakarta,"BMKG point: Dago, Coblong, Kota Bandung",02-08-2026,KMA,Open-Meteo / KMA,04:00,2026-08-02 04:00:00,,,,,0.0,0.5384,Berawan,wmo:None
dago,"Dago, Bandung",2026-08-02,32.73.02.1004,Dago,kelurahan,no,-6.889,107.61,Asia/Jakarta,"BMKG point: Dago, Coblong, Kota Bandung",02-08-2026,KMA,Open-Meteo / KMA,05:00,2026-08-02 05:00:00,,,,,0.0,0.5384,Berawan,wmo:None
dago,"Dago, Bandung",2026-08-02,32.73.02.1004,Dago,kelurahan,no,-6.889,107.61,Asia/Jakarta,"BMKG point: Dago, Coblong, Kota Bandung",02-08-2026,KMA,Open-Meteo / KMA,06:00,2026-08-02 06:00:00,,,,,0.0,0.5384,Berawan,wmo:None
dago,"Dago, Bandung",2026-08-02,32.73.02.1004,Dago,kelurahan,no,-6.889,107.61,Asia/Jakarta,"BMKG point: Dago, Coblong, Kota Bandung",02-08-2026,KMA,Open-Meteo / KMA,07:00,2026-08-02 07:00:00,,,,,0.0,0.5384,Berawan,wmo:None
dago,"Dago, Bandung",2026-08-02,32.73.02.1004,Dago,kelurahan,no,-6.889,107.61,Asia/Jakarta,"BMKG point: Dago, Coblong, Kota Bandung",02-08-2026,KMA,Open-Meteo / KMA,08:00,2026-08-02 08:00:00,,,,,0.0,0.5384,Berawan,wmo:None
dago,"Dago, Bandung",2026-08-02,32.73.02.1004,Dago,kelurahan,no,-6.889,107.61,Asia/Jakarta,"BMKG point: Dago, Coblong, Kota Bandung",02-08-2026,KMA,Open-Meteo / KMA,09:00,2026-08-02 09:00:00,,,,,0.0,0.5384,Berawan,wmo:None
dago,"Dago, Bandung",2026-08-02,32.73.02.1004,Dago,kelurahan,no,-6.889,107.61,Asia/Jakarta,"BMKG point: Dago, Coblong, Kota Bandung",02-08-2026,KMA,Open-Meteo / KMA,10:00,2026-08-02 10:00:00,,,,,0.0,0.5384,Berawan,wmo:None
dago,"Dago, Bandung",2026-08-02,32.73.02.1004,Dago,kelurahan,no,-6.889,107.61,Asia/Jakarta,"BMKG point: Dago, Coblong, Kota Bandung",02-08-2026,KMA,Open-Meteo / KMA,11:00,2026-08-02 11:00:00,,,,,0.0,0.5384,Berawan,wmo:None
dago,"Dago, Bandung",2026-08-02,32.73.02.1004,Dago,kelurahan,no,-6.889,107.61,Asia/Jakarta,"BMKG point: Dago, Coblong, Kota Bandung",02-08-2026,KMA,Open-Meteo / KMA,12:00,2026-08-02 12:00:00,,,,,0.0,0.5384,Berawan,wmo:None
dago,"Dago, Bandung",2026-08-02,32.73.02.1004,Dago,kelurahan,no,-6.889,107.61,Asia/Jakarta,"BMKG point: Dago, Coblong, Kota Bandung",02-08-2026,KMA,Open-Meteo / KMA,13:00,2026-08-02 13:00:00,,,,,0.0,0.5384,Berawan,wmo:None
dago,"Dago, Bandung",2026-08-02,32.73.02.1004,Dago,kelurahan,no,-6.889,107.61,Asia/Jakarta,"BMKG point: Dago, Coblong, Kota Bandung",02-08-2026,KMA,Open-Meteo / KMA,14:00,2026-08-02 14:00:00,,,,,0.0,0.5384,Berawan,wmo:None
dago,"Dago, Bandung",2026-08-02,32.73.02.1004,Dago,kelurahan,no,-6.889,107.61,Asia/Jakarta,"BMKG point: Dago, Coblong, Kota Bandung",02-08-2026,KMA,Open-Meteo / KMA,15:00,2026-08-02 15:00:00,,,,,0.0,0.5384,Berawan,wmo:None
dago,"Dago, Bandung",2026-08-02,32.73.02.1004,Dago,kelurahan,no,-6.889,107.61,Asia/Jakarta,"BMKG point: Dago, Coblong, Kota Bandung",02-08-2026,KMA,Open-Meteo / KMA,16:00,2026-08-02 16:00:00,,,,,0.0,0.5384,Berawan,wmo:None
dago,"Dago, Bandung",2026-08-02,32.73.02.1004,Dago,kelurahan,no,-6.889,107.61,Asia/Jakarta,"BMKG point: Dago, Coblong, Kota Bandung",02-08-2026,KMA,Open-Meteo / KMA,17:00,2026-08-02 17:00:00,,,,,0.0,0.5384,Berawan,wmo:None
dago,"Dago, Bandung",2026-08-02,32.73.02.1004,Dago,kelurahan,no,-6.889,107.61,Asia/Jakarta,"BMKG point: Dago, Coblong, Kota Bandung",02-08-2026,KMA,Open-Meteo / KMA,18:00,2026-08-02 18:00:00,,,,,0.0,0.5384,Berawan,wmo:None
dago,"Dago, Bandung",2026-08-02,32.73.02.1004,Dago,kelurahan,no,-6.889,107.61,Asia/Jakarta,"BMKG point: Dago, Coblong, Kota Bandung",02-08-2026,KMA,Open-Meteo / KMA,19:00,2026-08-02 19:00:00,,,,,0.0,0.5384,Berawan,wmo:None
dago,"Dago, Bandung",2026-08-02,32.73.02.1004,Dago,kelurahan,no,-6.889,107.61,Asia/Jakarta,"BMKG point: Dago, Coblong, Kota Bandung",02-08-2026,KMA,Open-Meteo / KMA,20:00,2026-08-02 20:00:00,,,,,0.0,0.5384,Berawan,wmo:None
dago,"Dago, Bandung",2026-08-02,32.73.02.1004,Dago,kelurahan,no,-6.889,107.61,Asia/Jakarta,"BMKG point: Dago, Coblong, Kota Bandung",02-08-2026,KMA,Open-Meteo / KMA,21:00,2026-08-02 21:00:00,,,,,0.0,0.5384,Berawan,wmo:None
dago,"Dago, Bandung",2026-08-02,32.73.02.1004,Dago,kelurahan,no,-6.889,107.61,Asia/Jakarta,"BMKG point: Dago, Coblong, Kota Bandung",02-08-2026,KMA,Open-Meteo / KMA,22:00,2026-08-02 22:00:00,,,,,0.0,0.5384,Berawan,wmo:None
dago,"Dago, Bandung",2026-08-02,32.73.02.1004,Dago,kelurahan,no,-6.889,107.61,Asia/Jakarta,"BMKG point: Dago, Coblong, Kota Bandung",02-08-2026,KMA,Open-Meteo / KMA,23:00,2026-08-02 23:00:00,,,,,0.0,0.5384,Berawan,wmo:None
dago,"Dago, Bandung",2026-08-02,32.73.02.1004,Dago,kelurahan,no,-6.889,107.61,Asia/Jakarta,"BMKG point: Dago, Coblong, Kota Bandung",02-08-2026,METEOFRANCE,Open-Meteo / Meteo-France,00:00,2026-08-02 00:00:00,25.3,88.0,0.0,0.0,0.0,1.4812,Cerah Berawan,wmo:1
dago,"Dago, Bandung",2026-08-02,32.73.02.1004,Dago,kelurahan,no,-6.889,107.61,Asia/Jakarta,"BMKG point: Dago, Coblong, Kota Bandung",02-08-2026,METEOFRANCE,Open-Meteo / Meteo-France,01:00,2026-08-02 01:00:00,24.9,88.0,0.0,1.5,0.0,1.4812,Berawan,wmo:3
dago,"Dago, Bandung",2026-08-02,32.73.02.1004,Dago,kelurahan,no,-6.889,107.61,Asia/Jakarta,"BMKG point: Dago, Coblong, Kota Bandung",02-08-2026,METEOFRANCE,Open-Meteo / Meteo-France,02:00,2026-08-02 02:00:00,25.0,88.0,0.0,1.6,0.0,1.4812,Berawan,wmo:3
dago,"Dago, Bandung",2026-08-02,32.73.02.1004,Dago,kelurahan,no,-6.889,107.61,Asia/Jakarta,"BMKG point: Dago, Coblong, Kota Bandung",02-08-2026,METEOFRANCE,Open-Meteo / Meteo-France,03:00,2026-08-02 03:00:00,25.1,88.0,0.0,1.8,0.0,1.4812,Berawan,wmo:3
dago,"Dago, Bandung",2026-08-02,32.73.02.1004,Dago,kelurahan,no,-6.889,107.61,Asia/Jakarta,"BMKG point: Dago, Coblong, Kota Bandung",02-08-2026,METEOFRANCE,Open-Meteo / Meteo-France,04:00,2026-08-02 04:00:00,25.2,87.0,0.0,1.3,0.0,1.4812,Cerah Berawan,wmo:2
dago,"Dago, Bandung",2026-08-02,32.73.02.1004,Dago,kelurahan,no,-6.889,107.61,Asia/Jakarta,"BMKG point: Dago, Coblong, Kota Bandung",02-08-2026,METEOFRANCE,Open-Meteo / Meteo-France,05:00,2026-08-02 05:00:00,25.1,87.0,0.0,1.3,0.0,1.4812,Cerah Berawan,wmo:2
dago,"Dago, Bandung",2026-08-02,32.73.02.1004,Dago,kelurahan,no,-6.889,107.61,Asia/Jakarta,"BMKG point: Dago, Coblong, Kota Bandung",02-08-2026,METEOFRANCE,Open-Meteo / Meteo-France,06:00,2026-08-02 06:00:00,24.8,88.0,0.0,2.1,0.0,1.4812,Cerah Berawan,wmo:1
dago,"Dago, Bandung",2026-08-02,32.73.02.1004,Dago,kelurahan,no,-6.889,107.61,Asia/Jakarta,"BMKG point: Dago, Coblong, Kota Bandung",02-08-2026,METEOFRANCE,Open-Meteo / Meteo-France,07:00,2026-08-02 07:00:00,25.0,89.0,0.0,2.4,0.0,1.4812,Cerah Berawan,wmo:2
dago,"Dago, Bandung",2026-08-02,32.73.02.1004,Dago,kelurahan,no,-6.889,107.61,Asia/Jakarta,"BMKG point: Dago, Coblong, Kota Bandung",02-08-2026,METEOFRANCE,Open-Meteo / Meteo-France,08:00,2026-08-02 08:00:00,26.4,81.0,0.0,3.2,0.0,1.4812,Cerah Berawan,wmo:2
dago,"Dago, Bandung",2026-08-02,32.73.02.1004,Dago,kelurahan,no,-6.889,107.61,Asia/Jakarta,"BMKG point: Dago, Coblong, Kota Bandung",02-08-2026,METEOFRANCE,Open-Meteo / Meteo-France,09:00,2026-08-02 09:00:00,28.0,74.0,0.0,5.0,0.0,1.4812,Cerah Berawan,wmo:2
dago,"Dago, Bandung",2026-08-02,32.73.02.1004,Dago,kelurahan,no,-6.889,107.61,Asia/Jakarta,"BMKG point: Dago, Coblong, Kota Bandung",02-08-2026,METEOFRANCE,Open-Meteo / Meteo-France,10:00,2026-08-02 10:00:00,29.6,68.0,0.0,7.1,0.0,1.4812,Cerah Berawan,wmo:2
dago,"Dago, Bandung",2026-08-02,32.73.02.1004,Dago,kelurahan,no,-6.889,107.61,Asia/Jakarta,"BMKG point: Dago, Coblong, Kota Bandung",02-08-2026,METEOFRANCE,Open-Meteo / Meteo-France,11:00,2026-08-02 11:00:00,30.8,64.0,0.0,8.7,0.0,1.4812,Cerah Berawan,wmo:2
dago,"Dago, Bandung",2026-08-02,32.73.02.1004,Dago,kelurahan,no,-6.889,107.61,Asia/Jakarta,"BMKG point: Dago, Coblong, Kota Bandung",02-08-2026,METEOFRANCE,Open-Meteo / Meteo-France,12:00,2026-08-02 12:00:00,31.7,62.0,0.0,9.7,0.0,1.4812,Cerah Berawan,wmo:1
dago,"Dago, Bandung",2026-08-02,32.73.02.1004,Dago,kelurahan,no,-6.889,107.61,Asia/Jakarta,"BMKG point: Dago, Coblong, Kota Bandung",02-08-2026,METEOFRANCE,Open-Meteo / Meteo-France,13:00,2026-08-02 13:00:00,32.2,60.0,0.0,10.9,0.0,1.4812,Cerah Berawan,wmo:1
dago,"Dago, Bandung",2026-08-02,32.73.02.1004,Dago,kelurahan,no,-6.889,107.61,Asia/Jakarta,"BMKG point: Dago, Coblong, Kota Bandung",02-08-2026,METEOFRANCE,Open-Meteo / Meteo-France,14:00,2026-08-02 14:00:00,32.4,59.0,0.0,11.6,0.0,1.4812,Cerah Berawan,wmo:1
dago,"Dago, Bandung",2026-08-02,32.73.02.1004,Dago,kelurahan,no,-6.889,107.61,Asia/Jakarta,"BMKG point: Dago, Coblong, Kota Bandung",02-08-2026,METEOFRANCE,Open-Meteo / Meteo-France,15:00,2026-08-02 15:00:00,32.0,59.0,0.0,11.8,0.0,1.4812,Cerah Berawan,wmo:1
dago,"Dago, Bandung",2026-08-02,32.73.02.1004,Dago,kelurahan,no,-6.889,107.61,Asia/Jakarta,"BMKG point: Dago, Coblong, Kota Bandung",02-08-2026,METEOFRANCE,Open-Meteo / Meteo-France,16:00,2026-08-02 16:00:00,31.2,62.0,0.0,10.8,0.0,1.4812,Cerah Berawan,wmo:1
dago,"Dago, Bandung",2026-08-02,32.73.02.1004,Dago,kelurahan,no,-6.889,107.61,Asia/Jakarta,"BMKG point: Dago, Coblong, Kota Bandung",02-08-2026,METEOFRANCE,Open-Meteo / Meteo-France,17:00,2026-08-02 17:00:00,30.3,65.0,0.0,9.5,0.0,1.4812,Cerah Berawan,wmo:1
dago,"Dago, Bandung",2026-08-02,32.73.02.1004,Dago,kelurahan,no,-6.889,107.61,Asia/Jakarta,"BMKG point: Dago, Coblong, Kota Bandung",02-08-2026,METEOFRANCE,Open-Meteo / Meteo-France,18:00,2026-08-02 18:00:00,29.1,69.0,0.0,8.4,0.0,1.4812,Cerah Berawan,wmo:2
dago,"Dago, Bandung",2026-08-02,32.73.02.1004,Dago,kelurahan,no,-6.889,107.61,Asia/Jakarta,"BMKG point: Dago, Coblong, Kota Bandung",02-08-2026,METEOFRANCE,Open-Meteo / Meteo-France,19:00,2026-08-02 19:00:00,28.2,74.0,0.0,6.6,0.0,1.4812,Cerah Berawan,wmo:2
dago,"Dago, Bandung",2026-08-02,32.73.02.1004,Dago,kelurahan,no,-6.889,107.61,Asia/Jakarta,"BMKG point: Dago, Coblong, Kota Bandung",02-08-2026,METEOFRANCE,Open-Meteo / Meteo-France,20:00,2026-08-02 20:00:00,27.5,78.0,0.0,4.9,0.0,1.4812,Berawan,wmo:3
dago,"Dago, Bandung",2026-08-02,32.73.02.1004,Dago,kelurahan,no,-6.889,107.61,Asia/Jakarta,"BMKG point: Dago, Coblong, Kota Bandung",02-08-2026,METEOFRANCE,Open-Meteo / Meteo-France,21:00,2026-08-02 21:00:00,27.1,81.0,0.0,3.6,0.0,1.4812,Cerah Berawan,wmo:2
dago,"Dago, Bandung",2026-08-02,32.73.02.1004,Dago,kelurahan,no,-6.889,107.61,Asia/Jakarta,"BMKG point: Dago, Coblong, Kota Bandung",02-08-2026,METEOFRANCE,Open-Meteo / Meteo-France,22:00,2026-08-02 22:00:00,26.7,83.0,0.0,2.3,0.0,1.4812,Cerah Berawan,wmo:1
dago,"Dago, Bandung",2026-08-02,32.73.02.1004,Dago,kelurahan,no,-6.889,107.61,Asia/Jakarta,"BMKG point: Dago, Coblong, Kota Bandung",02-08-2026,METEOFRANCE,Open-Meteo / Meteo-France,23:00,2026-08-02 23:00:00,26.4,85.0,0.0,1.1,0.0,1.4812,Cerah Berawan,wmo:1
dago,"Dago, Bandung",2026-08-02,32.73.02.1004,Dago,kelurahan,no,-6.889,107.61,Asia/Jakarta,"BMKG point: Dago, Coblong, Kota Bandung",02-08-2026,METNO,MET Norway,07:00,2026-08-02 09:00:00,24.6,68.0,0.0,5.4,120.0,0.7436,Cerah Berawan,partlycloudy_day
dago,"Dago, Bandung",2026-08-02,32.73.02.1004,Dago,kelurahan,no,-6.889,107.61,Asia/Jakarta,"BMKG point: Dago, Coblong, Kota Bandung",02-08-2026,METNO,MET Norway,08:00,2026-08-02 09:00:00,24.6,68.0,0.0,5.4,60.0,1.014,Cerah Berawan,partlycloudy_day
dago,"Dago, Bandung",2026-08-02,32.73.02.1004,Dago,kelurahan,no,-6.889,107.61,Asia/Jakarta,"BMKG point: Dago, Coblong, Kota Bandung",02-08-2026,METNO,MET Norway,09:00,2026-08-02 09:00:00,24.6,68.0,0.0,5.4,0.0,1.352,Cerah Berawan,partlycloudy_day
dago,"Dago, Bandung",2026-08-02,32.73.02.1004,Dago,kelurahan,no,-6.889,107.61,Asia/Jakarta,"BMKG point: Dago, Coblong, Kota Bandung",02-08-2026,METNO,MET Norway,10:00,2026-08-02 10:00:00,26.8,57.6,0.0,5.04,0.0,1.352,Cerah Berawan,partlycloudy_day
dago,"Dago, Bandung",2026-08-02,32.73.02.1004,Dago,kelurahan,no,-6.889,107.61,Asia/Jakarta,"BMKG point: Dago, Coblong, Kota Bandung",02-08-2026,METNO,MET Norway,11:00,2026-08-02 11:00:00,28.4,51.5,0.4,5.76,0.0,1.352,Hujan Ringan,rainshowers_day
dago,"Dago, Bandung",2026-08-02,32.73.02.1004,Dago,kelurahan,no,-6.889,107.61,Asia/Jakarta,"BMKG point: Dago, Coblong, Kota Bandung",02-08-2026,METNO,MET Norway,12:00,2026-08-02 12:00:00,29.3,47.0,0.8,7.2,0.0,1.352,Hujan Ringan,rainshowers_day
dago,"Dago, Bandung",2026-08-02,32.73.02.1004,Dago,kelurahan,no,-6.889,107.61,Asia/Jakarta,"BMKG point: Dago, Coblong, Kota Bandung",02-08-2026,METNO,MET Norway,13:00,2026-08-02 13:00:00,29.1,48.4,0.7,7.56,0.0,1.352,Hujan Ringan,rainshowers_day
dago,"Dago, Bandung",2026-08-02,32.73.02.1004,Dago,kelurahan,no,-6.889,107.61,Asia/Jakarta,"BMKG point: Dago, Coblong, Kota Bandung",02-08-2026,METNO,MET Norway,14:00,2026-08-02 14:00:00,28.8,49.9,0.5,8.64,0.0,1.352,Hujan Ringan,rainshowers_day
dago,"Dago, Bandung",2026-08-02,32.73.02.1004,Dago,kelurahan,no,-6.889,107.61,Asia/Jakarta,"BMKG point: Dago, Coblong, Kota Bandung",02-08-2026,METNO,MET Norway,15:00,2026-08-02 15:00:00,28.4,51.4,0.3,9.72,0.0,1.352,Hujan Ringan,rainshowers_day
dago,"Dago, Bandung",2026-08-02,32.73.02.1004,Dago,kelurahan,no,-6.889,107.61,Asia/Jakarta,"BMKG point: Dago, Coblong, Kota Bandung",02-08-2026,METNO,MET Norway,16:00,2026-08-02 16:00:00,27.9,53.5,0.3,9.72,0.0,1.352,Hujan Ringan,rainshowers_day
dago,"Dago, Bandung",2026-08-02,32.73.02.1004,Dago,kelurahan,no,-6.889,107.61,Asia/Jakarta,"BMKG point: Dago, Coblong, Kota Bandung",02-08-2026,METNO,MET Norway,17:00,2026-08-02 17:00:00,26.6,59.6,0.1,10.08,0.0,1.352,Hujan Ringan,lightrainshowers_day
dago,"Dago, Bandung",2026-08-02,32.73.02.1004,Dago,kelurahan,no,-6.889,107.61,Asia/Jakarta,"BMKG point: Dago, Coblong, Kota Bandung",02-08-2026,METNO,MET Norway,18:00,2026-08-02 18:00:00,25.0,70.2,0.0,7.92,0.0,1.352,Cerah Berawan,partlycloudy_night
dago,"Dago, Bandung",2026-08-02,32.73.02.1004,Dago,kelurahan,no,-6.889,107.61,Asia/Jakarta,"BMKG point: Dago, Coblong, Kota Bandung",02-08-2026,METNO,MET Norway,19:00,2026-08-02 19:00:00,24.3,72.4,0.0,7.2,0.0,1.352,Cerah Berawan,fair_night
dago,"Dago, Bandung",2026-08-02,32.73.02.1004,Dago,kelurahan,no,-6.889,107.61,Asia/Jakarta,"BMKG point: Dago, Coblong, Kota Bandung",02-08-2026,METNO,MET Norway,20:00,2026-08-02 20:00:00,23.6,74.0,0.0,6.48,0.0,1.352,Cerah,clearsky_night
dago,"Dago, Bandung",2026-08-02,32.73.02.1004,Dago,kelurahan,no,-6.889,107.61,Asia/Jakarta,"BMKG point: Dago, Coblong, Kota Bandung",02-08-2026,METNO,MET Norway,21:00,2026-08-02 21:00:00,22.8,77.6,0.0,6.48,0.0,1.352,Cerah,clearsky_night
dago,"Dago, Bandung",2026-08-02,32.73.02.1004,Dago,kelurahan,no,-6.889,107.61,Asia/Jakarta,"BMKG point: Dago, Coblong, Kota Bandung",02-08-2026,METNO,MET Norway,22:00,2026-08-02 22:00:00,22.0,81.3,0.0,4.68,0.0,1.352,Cerah,clearsky_night
dago,"Dago, Bandung",2026-08-02,32.73.02.1004,Dago,kelurahan,no,-6.889,107.61,Asia/Jakarta,"BMKG point: Dago, Coblong, Kota Bandung",02-08-2026,METNO,MET Norway,23:00,2026-08-02 23:00:00,21.5,85.7,0.0,3.6,0.0,1.352,Cerah,clearsky_night
dago,"Dago, Bandung",2026-08-02,32.73.02.1004,Dago,kelurahan,no,-6.889,107.61,Asia/Jakarta,"BMKG point: Dago, Coblong, Kota Bandung",02-08-2026,UKMO,Open-Meteo / UK Met Office,00:00,2026-08-02 00:00:00,21.2,89.0,0.0,1.1,0.0,1.3298,Cerah,wmo:0
dago,"Dago, Bandung",2026-08-02,32.73.02.1004,Dago,kelurahan,no,-6.889,107.61,Asia/Jakarta,"BMKG point: Dago, Coblong, Kota Bandung",02-08-2026,UKMO,Open-Meteo / UK Met Office,01:00,2026-08-02 01:00:00,20.7,90.0,0.0,3.2,0.0,1.3298,Cerah,wmo:0
dago,"Dago, Bandung",2026-08-02,32.73.02.1004,Dago,kelurahan,no,-6.889,107.61,Asia/Jakarta,"BMKG point: Dago, Coblong, Kota Bandung",02-08-2026,UKMO,Open-Meteo / UK Met Office,02:00,2026-08-02 02:00:00,20.1,92.0,0.0,1.4,0.0,1.3298,Cerah,wmo:0
dago,"Dago, Bandung",2026-08-02,32.73.02.1004,Dago,kelurahan,no,-6.889,107.61,Asia/Jakarta,"BMKG point: Dago, Coblong, Kota Bandung",02-08-2026,UKMO,Open-Meteo / UK Met Office,03:00,2026-08-02 03:00:00,19.8,92.0,0.0,1.8,0.0,1.3298,Cerah,wmo:0
dago,"Dago, Bandung",2026-08-02,32.73.02.1004,Dago,kelurahan,no,-6.889,107.61,Asia/Jakarta,"BMKG point: Dago, Coblong, Kota Bandung",02-08-2026,UKMO,Open-Meteo / UK Met Office,04:00,2026-08-02 04:00:00,19.7,92.0,0.0,3.2,0.0,1.3298,Cerah,wmo:0
dago,"Dago, Bandung",2026-08-02,32.73.02.1004,Dago,kelurahan,no,-6.889,107.61,Asia/Jakarta,"BMKG point: Dago, Coblong, Kota Bandung",02-08-2026,UKMO,Open-Meteo / UK Met Office,05:00,2026-08-02 05:00:00,19.3,92.0,0.0,2.9,0.0,1.3298,Cerah,wmo:0
dago,"Dago, Bandung",2026-08-02,32.73.02.1004,Dago,kelurahan,no,-6.889,107.61,Asia/Jakarta,"BMKG point: Dago, Coblong, Kota Bandung",02-08-2026,UKMO,Open-Meteo / UK Met Office,06:00,2026-08-02 06:00:00,18.9,92.0,0.0,2.5,0.0,1.3298,Cerah,wmo:0
dago,"Dago, Bandung",2026-08-02,32.73.02.1004,Dago,kelurahan,no,-6.889,107.61,Asia/Jakarta,"BMKG point: Dago, Coblong, Kota Bandung",02-08-2026,UKMO,Open-Meteo / UK Met Office,07:00,2026-08-02 07:00:00,20.0,87.0,0.0,3.2,0.0,1.3298,Cerah,wmo:0
dago,"Dago, Bandung",2026-08-02,32.73.02.1004,Dago,kelurahan,no,-6.889,107.61,Asia/Jakarta,"BMKG point: Dago, Coblong, Kota Bandung",02-08-2026,UKMO,Open-Meteo / UK Met Office,08:00,2026-08-02 08:00:00,21.6,81.0,0.0,1.8,0.0,1.3298,Cerah,wmo:0
dago,"Dago, Bandung",2026-08-02,32.73.02.1004,Dago,kelurahan,no,-6.889,107.61,Asia/Jakarta,"BMKG point: Dago, Coblong, Kota Bandung",02-08-2026,UKMO,Open-Meteo / UK Met Office,09:00,2026-08-02 09:00:00,23.1,74.0,0.0,3.2,0.0,1.3298,Cerah,wmo:0
dago,"Dago, Bandung",2026-08-02,32.73.02.1004,Dago,kelurahan,no,-6.889,107.61,Asia/Jakarta,"BMKG point: Dago, Coblong, Kota Bandung",02-08-2026,UKMO,Open-Meteo / UK Met Office,10:00,2026-08-02 10:00:00,24.5,67.0,0.0,2.9,0.0,1.3298,Cerah,wmo:0
dago,"Dago, Bandung",2026-08-02,32.73.02.1004,Dago,kelurahan,no,-6.889,107.61,Asia/Jakarta,"BMKG point: Dago, Coblong, Kota Bandung",02-08-2026,UKMO,Open-Meteo / UK Met Office,11:00,2026-08-02 11:00:00,26.1,59.0,0.0,1.4,0.0,1.3298,Cerah Berawan,wmo:1
dago,"Dago, Bandung",2026-08-02,32.73.02.1004,Dago,kelurahan,no,-6.889,107.61,Asia/Jakarta,"BMKG point: Dago, Coblong, Kota Bandung",02-08-2026,UKMO,Open-Meteo / UK Met Office,12:00,2026-08-02 12:00:00,26.9,56.0,0.1,0.4,0.0,1.3298,Hujan Ringan,wmo:51
dago,"Dago, Bandung",2026-08-02,32.73.02.1004,Dago,kelurahan,no,-6.889,107.61,Asia/Jakarta,"BMKG point: Dago, Coblong, Kota Bandung",02-08-2026,UKMO,Open-Meteo / UK Met Office,13:00,2026-08-02 13:00:00,27.7,53.0,0.1,1.8,0.0,1.3298,Hujan Ringan,wmo:51
dago,"Dago, Bandung",2026-08-02,32.73.02.1004,Dago,kelurahan,no,-6.889,107.61,Asia/Jakarta,"BMKG point: Dago, Coblong, Kota Bandung",02-08-2026,UKMO,Open-Meteo / UK Met Office,14:00,2026-08-02 14:00:00,28.5,48.0,0.0,1.4,0.0,1.3298,Cerah,wmo:0
dago,"Dago, Bandung",2026-08-02,32.73.02.1004,Dago,kelurahan,no,-6.889,107.61,Asia/Jakarta,"BMKG point: Dago, Coblong, Kota Bandung",02-08-2026,UKMO,Open-Meteo / UK Met Office,15:00,2026-08-02 15:00:00,28.6,49.0,0.1,2.2,0.0,1.3298,Hujan Ringan,wmo:51
dago,"Dago, Bandung",2026-08-02,32.73.02.1004,Dago,kelurahan,no,-6.889,107.61,Asia/Jakarta,"BMKG point: Dago, Coblong, Kota Bandung",02-08-2026,UKMO,Open-Meteo / UK Met Office,16:00,2026-08-02 16:00:00,28.0,52.0,0.0,3.6,0.0,1.3298,Berawan,wmo:3
dago,"Dago, Bandung",2026-08-02,32.73.02.1004,Dago,kelurahan,no,-6.889,107.61,Asia/Jakarta,"BMKG point: Dago, Coblong, Kota Bandung",02-08-2026,UKMO,Open-Meteo / UK Met Office,17:00,2026-08-02 17:00:00,27.2,61.0,0.2,6.8,0.0,1.3298,Hujan Ringan,wmo:51
dago,"Dago, Bandung",2026-08-02,32.73.02.1004,Dago,kelurahan,no,-6.889,107.61,Asia/Jakarta,"BMKG point: Dago, Coblong, Kota Bandung",02-08-2026,UKMO,Open-Meteo / UK Met Office,18:00,2026-08-02 18:00:00,25.8,65.0,0.0,7.9,0.0,1.3298,Berawan,wmo:3
dago,"Dago, Bandung",2026-08-02,32.73.02.1004,Dago,kelurahan,no,-6.889,107.61,Asia/Jakarta,"BMKG point: Dago, Coblong, Kota Bandung",02-08-2026,UKMO,Open-Meteo / UK Met Office,19:00,2026-08-02 19:00:00,24.7,71.0,0.0,6.5,0.0,1.3298,Cerah Berawan,wmo:2
dago,"Dago, Bandung",2026-08-02,32.73.02.1004,Dago,kelurahan,no,-6.889,107.61,Asia/Jakarta,"BMKG point: Dago, Coblong, Kota Bandung",02-08-2026,UKMO,Open-Meteo / UK Met Office,20:00,2026-08-02 20:00:00,24.1,74.0,0.0,5.8,0.0,1.3298,Cerah Berawan,wmo:1
dago,"Dago, Bandung",2026-08-02,32.73.02.1004,Dago,kelurahan,no,-6.889,107.61,Asia/Jakarta,"BMKG point: Dago, Coblong, Kota Bandung",02-08-2026,UKMO,Open-Meteo / UK Met Office,21:00,2026-08-02 21:00:00,23.3,79.0,0.0,3.6,0.0,1.3298,Cerah,wmo:0
dago,"Dago, Bandung",2026-08-02,32.73.02.1004,Dago,kelurahan,no,-6.889,107.61,Asia/Jakarta,"BMKG point: Dago, Coblong, Kota Bandung",02-08-2026,UKMO,Open-Meteo / UK Met Office,22:00,2026-08-02 22:00:00,22.7,83.0,0.0,4.0,0.0,1.3298,Cerah Berawan,wmo:1
dago,"Dago, Bandung",2026-08-02,32.73.02.1004,Dago,kelurahan,no,-6.889,107.61,Asia/Jakarta,"BMKG point: Dago, Coblong, Kota Bandung",02-08-2026,UKMO,Open-Meteo / UK Met Office,23:00,2026-08-02 23:00:00,22.2,87.0,0.0,2.9,0.0,1.3298,Cerah,wmo:0
dago,"Dago, Bandung",2026-08-03,32.73.02.1004,Dago,kelurahan,no,-6.889,107.61,Asia/Jakarta,"BMKG point: Dago, Coblong, Kota Bandung",03-08-2026,BMKG,BMKG,00:00,2026-08-03 01:00:00,19.0,94.0,0.0,1.1,60.0,1.2433,Cerah,Cerah
dago,"Dago, Bandung",2026-08-03,32.73.02.1004,Dago,kelurahan,no,-6.889,107.61,Asia/Jakarta,"BMKG point: Dago, Coblong, Kota Bandung",03-08-2026,BMKG,BMKG,01:00,2026-08-03 01:00:00,19.0,94.0,0.0,1.1,0.0,1.6577,Cerah,Cerah
dago,"Dago, Bandung",2026-08-03,32.73.02.1004,Dago,kelurahan,no,-6.889,107.61,Asia/Jakarta,"BMKG point: Dago, Coblong, Kota Bandung",03-08-2026,BMKG,BMKG,02:00,2026-08-03 01:00:00,19.0,94.0,0.0,1.1,60.0,1.2433,Cerah,Cerah
dago,"Dago, Bandung",2026-08-03,32.73.02.1004,Dago,kelurahan,no,-6.889,107.61,Asia/Jakarta,"BMKG point: Dago, Coblong, Kota Bandung",03-08-2026,BMKG,BMKG,03:00,2026-08-03 04:00:00,18.0,95.0,0.0,2.0,60.0,1.2433,Cerah,Cerah
dago,"Dago, Bandung",2026-08-03,32.73.02.1004,Dago,kelurahan,no,-6.889,107.61,Asia/Jakarta,"BMKG point: Dago, Coblong, Kota Bandung",03-08-2026,BMKG,BMKG,04:00,2026-08-03 04:00:00,18.0,95.0,0.0,2.0,0.0,1.6577,Cerah,Cerah
dago,"Dago, Bandung",2026-08-03,32.73.02.1004,Dago,kelurahan,no,-6.889,107.61,Asia/Jakarta,"BMKG point: Dago, Coblong, Kota Bandung",03-08-2026,BMKG,BMKG,05:00,2026-08-03 04:00:00,18.0,95.0,0.0,2.0,60.0,1.2433,Cerah,Cerah
dago,"Dago, Bandung",2026-08-03,32.73.02.1004,Dago,kelurahan,no,-6.889,107.61,Asia/Jakarta,"BMKG point: Dago, Coblong, Kota Bandung",03-08-2026,BMKG,BMKG,06:00,2026-08-03 07:00:00,22.0,80.0,0.0,2.4,60.0,1.2433,Cerah,Cerah
dago,"Dago, Bandung",2026-08-03,32.73.02.1004,Dago,kelurahan,no,-6.889,107.61,Asia/Jakarta,"BMKG point: Dago, Coblong, Kota Bandung",03-08-2026,BMKG,BMKG,07:00,2026-08-03 07:00:00,22.0,80.0,0.0,2.4,0.0,1.6577,Cerah,Cerah
dago,"Dago, Bandung",2026-08-03,32.73.02.1004,Dago,kelurahan,no,-6.889,107.61,Asia/Jakarta,"BMKG point: Dago, Coblong, Kota Bandung",03-08-2026,BMKG,BMKG,08:00,2026-08-03 07:00:00,22.0,80.0,0.0,2.4,60.0,1.2433,Cerah,Cerah
dago,"Dago, Bandung",2026-08-03,32.73.02.1004,Dago,kelurahan,no,-6.889,107.61,Asia/Jakarta,"BMKG point: Dago, Coblong, Kota Bandung",03-08-2026,BMKG,BMKG,09:00,2026-08-03 10:00:00,28.0,53.0,0.0,4.9,60.0,1.2433,Cerah,Cerah
dago,"Dago, Bandung",2026-08-03,32.73.02.1004,Dago,kelurahan,no,-6.889,107.61,Asia/Jakarta,"BMKG point: Dago, Coblong, Kota Bandung",03-08-2026,BMKG,BMKG,10:00,2026-08-03 10:00:00,28.0,53.0,0.0,4.9,0.0,1.6577,Cerah,Cerah
dago,"Dago, Bandung",2026-08-03,32.73.02.1004,Dago,kelurahan,no,-6.889,107.61,Asia/Jakarta,"BMKG point: Dago, Coblong, Kota Bandung",03-08-2026,BMKG,BMKG,11:00,2026-08-03 10:00:00,28.0,53.0,0.0,4.9,60.0,1.2433,Cerah,Cerah
dago,"Dago, Bandung",2026-08-03,32.73.02.1004,Dago,kelurahan,no,-6.889,107.61,Asia/Jakarta,"BMKG point: Dago, Coblong, Kota Bandung",03-08-2026,BMKG,BMKG,12:00,2026-08-03 13:00:00,30.0,52.0,0.0,11.4,60.0,1.2433,Cerah,Cerah
dago,"Dago, Bandung",2026-08-03,32.73.02.1004,Dago,kelurahan,no,-6.889,107.61,Asia/Jakarta,"BMKG point: Dago, Coblong, Kota Bandung",03-08-2026,BMKG,BMKG,13:00,2026-08-03 13:00:00,30.0,52.0,0.0,11.4,0.0,1.6577,Cerah,Cerah
dago,"Dago, Bandung",2026-08-03,32.73.02.1004,Dago,kelurahan,no,-6.889,107.61,Asia/Jakarta,"BMKG point: Dago, Coblong, Kota Bandung",03-08-2026,BMKG,BMKG,14:00,2026-08-03 13:00:00,30.0,52.0,0.0,11.4,60.0,1.2433,Cerah,Cerah
dago,"Dago, Bandung",2026-08-03,32.73.02.1004,Dago,kelurahan,no,-6.889,107.61,Asia/Jakarta,"BMKG point: Dago, Coblong, Kota Bandung",03-08-2026,BMKG,BMKG,15:00,2026-08-03 16:00:00,24.0,72.0,0.0,6.5,60.0,1.2433,Cerah,Cerah
dago,"Dago, Bandung",2026-08-03,32.73.02.1004,Dago,kelurahan,no,-6.889,107.61,Asia/Jakarta,"BMKG point: Dago, Coblong, Kota Bandung",03-08-2026,BMKG,BMKG,16:00,2026-08-03 16:00:00,24.0,72.0,0.0,6.5,0.0,1.6577,Cerah,Cerah
dago,"Dago, Bandung",2026-08-03,32.73.02.1004,Dago,kelurahan,no,-6.889,107.61,Asia/Jakarta,"BMKG point: Dago, Coblong, Kota Bandung",03-08-2026,BMKG,BMKG,17:00,2026-08-03 16:00:00,24.0,72.0,0.0,6.5,60.0,1.2433,Cerah,Cerah
dago,"Dago, Bandung",2026-08-03,32.73.02.1004,Dago,kelurahan,no,-6.889,107.61,Asia/Jakarta,"BMKG point: Dago, Coblong, Kota Bandung",03-08-2026,BMKG,BMKG,18:00,2026-08-03 19:00:00,21.0,89.0,0.0,3.2,60.0,1.2433,Cerah,Cerah
dago,"Dago, Bandung",2026-08-03,32.73.02.1004,Dago,kelurahan,no,-6.889,107.61,Asia/Jakarta,"BMKG point: Dago, Coblong, Kota Bandung",03-08-2026,BMKG,BMKG,19:00,2026-08-03 19:00:00,21.0,89.0,0.0,3.2,0.0,1.6577,Cerah,Cerah
dago,"Dago, Bandung",2026-08-03,32.73.02.1004,Dago,kelurahan,no,-6.889,107.61,Asia/Jakarta,"BMKG point: Dago, Coblong, Kota Bandung",03-08-2026,BMKG,BMKG,20:00,2026-08-03 19:00:00,21.0,89.0,0.0,3.2,60.0,1.2433,Cerah,Cerah
dago,"Dago, Bandung",2026-08-03,32.73.02.1004,Dago,kelurahan,no,-6.889,107.61,Asia/Jakarta,"BMKG point: Dago, Coblong, Kota Bandung",03-08-2026,BMKG,BMKG,21:00,2026-08-03 22:00:00,20.0,93.0,0.0,2.7,60.0,1.2433,Cerah Berawan,Cerah Berawan
dago,"Dago, Bandung",2026-08-03,32.73.02.1004,Dago,kelurahan,no,-6.889,107.61,Asia/Jakarta,"BMKG point: Dago, Coblong, Kota Bandung",03-08-2026,BMKG,BMKG,22:00,2026-08-03 22:00:00,20.0,93.0,0.0,2.7,0.0,1.6577,Cerah Berawan,Cerah Berawan
dago,"Dago, Bandung",2026-08-03,32.73.02.1004,Dago,kelurahan,no,-6.889,107.61,Asia/Jakarta,"BMKG point: Dago, Coblong, Kota Bandung",03-08-2026,BMKG,BMKG,23:00,2026-08-03 22:00:00,20.0,93.0,0.0,2.7,60.0,1.2433,Cerah Berawan,Cerah Berawan
dago,"Dago, Bandung",2026-08-03,32.73.02.1004,Dago,kelurahan,no,-6.889,107.61,Asia/Jakarta,"BMKG point: Dago, Coblong, Kota Bandung",03-08-2026,CMA,Open-Meteo / CMA GRAPES,00:00,2026-08-03 00:00:00,22.6,91.0,0.2,1.8,0.0,1.1426,Hujan Ringan,wmo:51
dago,"Dago, Bandung",2026-08-03,32.73.02.1004,Dago,kelurahan,no,-6.889,107.61,Asia/Jakarta,"BMKG point: Dago, Coblong, Kota Bandung",03-08-2026,CMA,Open-Meteo / CMA GRAPES,01:00,2026-08-03 01:00:00,22.3,91.0,0.2,2.6,0.0,1.1426,Hujan Ringan,wmo:51
dago,"Dago, Bandung",2026-08-03,32.73.02.1004,Dago,kelurahan,no,-6.889,107.61,Asia/Jakarta,"BMKG point: Dago, Coblong, Kota Bandung",03-08-2026,CMA,Open-Meteo / CMA GRAPES,02:00,2026-08-03 02:00:00,21.8,92.0,0.0,2.3,0.0,1.1426,Cerah Berawan,wmo:1
dago,"Dago, Bandung",2026-08-03,32.73.02.1004,Dago,kelurahan,no,-6.889,107.61,Asia/Jakarta,"BMKG point: Dago, Coblong, Kota Bandung",03-08-2026,CMA,Open-Meteo / CMA GRAPES,03:00,2026-08-03 03:00:00,21.2,93.0,0.0,1.3,0.0,1.1426,Cerah Berawan,wmo:1
dago,"Dago, Bandung",2026-08-03,32.73.02.1004,Dago,kelurahan,no,-6.889,107.61,Asia/Jakarta,"BMKG point: Dago, Coblong, Kota Bandung",03-08-2026,CMA,Open-Meteo / CMA GRAPES,04:00,2026-08-03 04:00:00,20.9,93.0,0.0,0.7,0.0,1.1426,Cerah,wmo:0
dago,"Dago, Bandung",2026-08-03,32.73.02.1004,Dago,kelurahan,no,-6.889,107.61,Asia/Jakarta,"BMKG point: Dago, Coblong, Kota Bandung",03-08-2026,CMA,Open-Meteo / CMA GRAPES,05:00,2026-08-03 05:00:00,21.1,92.0,0.0,1.8,0.0,1.1426,Cerah,wmo:0
dago,"Dago, Bandung",2026-08-03,32.73.02.1004,Dago,kelurahan,no,-6.889,107.61,Asia/Jakarta,"BMKG point: Dago, Coblong, Kota Bandung",03-08-2026,CMA,Open-Meteo / CMA GRAPES,06:00,2026-08-03 06:00:00,21.5,91.0,0.0,3.4,0.0,1.1426,Cerah,wmo:0
dago,"Dago, Bandung",2026-08-03,32.73.02.1004,Dago,kelurahan,no,-6.889,107.61,Asia/Jakarta,"BMKG point: Dago, Coblong, Kota Bandung",03-08-2026,CMA,Open-Meteo / CMA GRAPES,07:00,2026-08-03 07:00:00,22.2,88.0,0.0,4.6,0.0,1.1426,Cerah,wmo:0
dago,"Dago, Bandung",2026-08-03,32.73.02.1004,Dago,kelurahan,no,-6.889,107.61,Asia/Jakarta,"BMKG point: Dago, Coblong, Kota Bandung",03-08-2026,CMA,Open-Meteo / CMA GRAPES,08:00,2026-08-03 08:00:00,23.2,84.0,0.0,5.8,0.0,1.1426,Cerah,wmo:0
dago,"Dago, Bandung",2026-08-03,32.73.02.1004,Dago,kelurahan,no,-6.889,107.61,Asia/Jakarta,"BMKG point: Dago, Coblong, Kota Bandung",03-08-2026,CMA,Open-Meteo / CMA GRAPES,09:00,2026-08-03 09:00:00,24.3,78.0,0.0,7.7,0.0,1.1426,Cerah,wmo:0
dago,"Dago, Bandung",2026-08-03,32.73.02.1004,Dago,kelurahan,no,-6.889,107.61,Asia/Jakarta,"BMKG point: Dago, Coblong, Kota Bandung",03-08-2026,CMA,Open-Meteo / CMA GRAPES,10:00,2026-08-03 10:00:00,25.3,73.0,0.0,9.7,0.0,1.1426,Cerah,wmo:0
dago,"Dago, Bandung",2026-08-03,32.73.02.1004,Dago,kelurahan,no,-6.889,107.61,Asia/Jakarta,"BMKG point: Dago, Coblong, Kota Bandung",03-08-2026,CMA,Open-Meteo / CMA GRAPES,11:00,2026-08-03 11:00:00,26.1,67.0,0.0,10.5,0.0,1.1426,Cerah,wmo:0
dago,"Dago, Bandung",2026-08-03,32.73.02.1004,Dago,kelurahan,no,-6.889,107.61,Asia/Jakarta,"BMKG point: Dago, Coblong, Kota Bandung",03-08-2026,CMA,Open-Meteo / CMA GRAPES,12:00,2026-08-03 12:00:00,26.9,62.0,0.0,10.7,0.0,1.1426,Cerah,wmo:0
dago,"Dago, Bandung",2026-08-03,32.73.02.1004,Dago,kelurahan,no,-6.889,107.61,Asia/Jakarta,"BMKG point: Dago, Coblong, Kota Bandung",03-08-2026,CMA,Open-Meteo / CMA GRAPES,13:00,2026-08-03 13:00:00,27.3,58.0,0.0,11.0,0.0,1.1426,Cerah,wmo:0
dago,"Dago, Bandung",2026-08-03,32.73.02.1004,Dago,kelurahan,no,-6.889,107.61,Asia/Jakarta,"BMKG point: Dago, Coblong, Kota Bandung",03-08-2026,CMA,Open-Meteo / CMA GRAPES,14:00,2026-08-03 14:00:00,27.5,57.0,0.0,11.9,0.0,1.1426,Cerah,wmo:0
dago,"Dago, Bandung",2026-08-03,32.73.02.1004,Dago,kelurahan,no,-6.889,107.61,Asia/Jakarta,"BMKG point: Dago, Coblong, Kota Bandung",03-08-2026,CMA,Open-Meteo / CMA GRAPES,15:00,2026-08-03 15:00:00,27.4,57.0,0.0,12.7,0.0,1.1426,Cerah,wmo:0
dago,"Dago, Bandung",2026-08-03,32.73.02.1004,Dago,kelurahan,no,-6.889,107.61,Asia/Jakarta,"BMKG point: Dago, Coblong, Kota Bandung",03-08-2026,CMA,Open-Meteo / CMA GRAPES,16:00,2026-08-03 16:00:00,26.9,61.0,0.0,13.0,0.0,1.1426,Cerah,wmo:0
dago,"Dago, Bandung",2026-08-03,32.73.02.1004,Dago,kelurahan,no,-6.889,107.61,Asia/Jakarta,"BMKG point: Dago, Coblong, Kota Bandung",03-08-2026,CMA,Open-Meteo / CMA GRAPES,17:00,2026-08-03 17:00:00,25.8,70.0,0.0,11.5,0.0,1.1426,Cerah,wmo:0
dago,"Dago, Bandung",2026-08-03,32.73.02.1004,Dago,kelurahan,no,-6.889,107.61,Asia/Jakarta,"BMKG point: Dago, Coblong, Kota Bandung",03-08-2026,CMA,Open-Meteo / CMA GRAPES,18:00,2026-08-03 18:00:00,24.3,83.0,0.0,10.6,0.0,1.1426,Cerah,wmo:0
dago,"Dago, Bandung",2026-08-03,32.73.02.1004,Dago,kelurahan,no,-6.889,107.61,Asia/Jakarta,"BMKG point: Dago, Coblong, Kota Bandung",03-08-2026,CMA,Open-Meteo / CMA GRAPES,19:00,2026-08-03 19:00:00,23.2,92.0,0.0,10.0,0.0,1.1426,Berawan,wmo:45
dago,"Dago, Bandung",2026-08-03,32.73.02.1004,Dago,kelurahan,no,-6.889,107.61,Asia/Jakarta,"BMKG point: Dago, Coblong, Kota Bandung",03-08-2026,CMA,Open-Meteo / CMA GRAPES,20:00,2026-08-03 20:00:00,22.8,95.0,0.0,8.6,0.0,1.1426,Berawan,wmo:45
dago,"Dago, Bandung",2026-08-03,32.73.02.1004,Dago,kelurahan,no,-6.889,107.61,Asia/Jakarta,"BMKG point: Dago, Coblong, Kota Bandung",03-08-2026,CMA,Open-Meteo / CMA GRAPES,21:00,2026-08-03 21:00:00,22.8,94.0,0.0,6.8,0.0,1.1426,Berawan,wmo:45
dago,"Dago, Bandung",2026-08-03,32.73.02.1004,Dago,kelurahan,no,-6.889,107.61,Asia/Jakarta,"BMKG point: Dago, Coblong, Kota Bandung",03-08-2026,CMA,Open-Meteo / CMA GRAPES,22:00,2026-08-03 22:00:00,22.8,94.0,0.0,5.2,0.0,1.1426,Berawan,wmo:45
dago,"Dago, Bandung",2026-08-03,32.73.02.1004,Dago,kelurahan,no,-6.889,107.61,Asia/Jakarta,"BMKG point: Dago, Coblong, Kota Bandung",03-08-2026,CMA,Open-Meteo / CMA GRAPES,23:00,2026-08-03 23:00:00,22.7,94.0,0.1,5.0,0.0,1.1426,Hujan Ringan,wmo:51
dago,"Dago, Bandung",2026-08-03,32.73.02.1004,Dago,kelurahan,no,-6.889,107.61,Asia/Jakarta,"BMKG point: Dago, Coblong, Kota Bandung",03-08-2026,ECMWF,Open-Meteo / ECMWF,00:00,2026-08-03 00:00:00,19.6,89.0,0.0,1.5,0.0,1.6816,Cerah,wmo:0
dago,"Dago, Bandung",2026-08-03,32.73.02.1004,Dago,kelurahan,no,-6.889,107.61,Asia/Jakarta,"BMKG point: Dago, Coblong, Kota Bandung",03-08-2026,ECMWF,Open-Meteo / ECMWF,01:00,2026-08-03 01:00:00,18.8,90.0,0.0,1.8,0.0,1.6816,Cerah,wmo:0
dago,"Dago, Bandung",2026-08-03,32.73.02.1004,Dago,kelurahan,no,-6.889,107.61,Asia/Jakarta,"BMKG point: Dago, Coblong, Kota Bandung",03-08-2026,ECMWF,Open-Meteo / ECMWF,02:00,2026-08-03 02:00:00,18.0,91.0,0.0,1.8,0.0,1.6816,Cerah Berawan,wmo:1
dago,"Dago, Bandung",2026-08-03,32.73.02.1004,Dago,kelurahan,no,-6.889,107.61,Asia/Jakarta,"BMKG point: Dago, Coblong, Kota Bandung",03-08-2026,ECMWF,Open-Meteo / ECMWF,03:00,2026-08-03 03:00:00,17.1,92.0,0.0,2.1,0.0,1.6816,Cerah Berawan,wmo:1
dago,"Dago, Bandung",2026-08-03,32.73.02.1004,Dago,kelurahan,no,-6.889,107.61,Asia/Jakarta,"BMKG point: Dago, Coblong, Kota Bandung",03-08-2026,ECMWF,Open-Meteo / ECMWF,04:00,2026-08-03 04:00:00,16.8,91.0,0.0,2.1,0.0,1.6816,Cerah Berawan,wmo:1
dago,"Dago, Bandung",2026-08-03,32.73.02.1004,Dago,kelurahan,no,-6.889,107.61,Asia/Jakarta,"BMKG point: Dago, Coblong, Kota Bandung",03-08-2026,ECMWF,Open-Meteo / ECMWF,05:00,2026-08-03 05:00:00,17.0,88.0,0.0,2.4,0.0,1.6816,Cerah Berawan,wmo:1
dago,"Dago, Bandung",2026-08-03,32.73.02.1004,Dago,kelurahan,no,-6.889,107.61,Asia/Jakarta,"BMKG point: Dago, Coblong, Kota Bandung",03-08-2026,ECMWF,Open-Meteo / ECMWF,06:00,2026-08-03 06:00:00,17.6,83.0,0.0,3.2,0.0,1.6816,Cerah Berawan,wmo:1
dago,"Dago, Bandung",2026-08-03,32.73.02.1004,Dago,kelurahan,no,-6.889,107.61,Asia/Jakarta,"BMKG point: Dago, Coblong, Kota Bandung",03-08-2026,ECMWF,Open-Meteo / ECMWF,07:00,2026-08-03 07:00:00,18.8,78.0,0.0,2.7,0.0,1.6816,Cerah,wmo:0
dago,"Dago, Bandung",2026-08-03,32.73.02.1004,Dago,kelurahan,no,-6.889,107.61,Asia/Jakarta,"BMKG point: Dago, Coblong, Kota Bandung",03-08-2026,ECMWF,Open-Meteo / ECMWF,08:00,2026-08-03 08:00:00,21.1,72.0,0.0,1.1,0.0,1.6816,Cerah,wmo:0
dago,"Dago, Bandung",2026-08-03,32.73.02.1004,Dago,kelurahan,no,-6.889,107.61,Asia/Jakarta,"BMKG point: Dago, Coblong, Kota Bandung",03-08-2026,ECMWF,Open-Meteo / ECMWF,09:00,2026-08-03 09:00:00,24.0,66.0,0.0,2.7,0.0,1.6816,Cerah,wmo:0
dago,"Dago, Bandung",2026-08-03,32.73.02.1004,Dago,kelurahan,no,-6.889,107.61,Asia/Jakarta,"BMKG point: Dago, Coblong, Kota Bandung",03-08-2026,ECMWF,Open-Meteo / ECMWF,10:00,2026-08-03 10:00:00,26.3,61.0,0.0,4.3,0.0,1.6816,Cerah,wmo:0
dago,"Dago, Bandung",2026-08-03,32.73.02.1004,Dago,kelurahan,no,-6.889,107.61,Asia/Jakarta,"BMKG point: Dago, Coblong, Kota Bandung",03-08-2026,ECMWF,Open-Meteo / ECMWF,11:00,2026-08-03 11:00:00,27.4,58.0,0.1,5.8,0.0,1.6816,Hujan Ringan,wmo:51
dago,"Dago, Bandung",2026-08-03,32.73.02.1004,Dago,kelurahan,no,-6.889,107.61,Asia/Jakarta,"BMKG point: Dago, Coblong, Kota Bandung",03-08-2026,ECMWF,Open-Meteo / ECMWF,12:00,2026-08-03 12:00:00,28.0,56.0,0.1,9.7,0.0,1.6816,Hujan Ringan,wmo:51
dago,"Dago, Bandung",2026-08-03,32.73.02.1004,Dago,kelurahan,no,-6.889,107.61,Asia/Jakarta,"BMKG point: Dago, Coblong, Kota Bandung",03-08-2026,ECMWF,Open-Meteo / ECMWF,13:00,2026-08-03 13:00:00,28.1,56.0,0.1,13.0,0.0,1.6816,Hujan Ringan,wmo:51
dago,"Dago, Bandung",2026-08-03,32.73.02.1004,Dago,kelurahan,no,-6.889,107.61,Asia/Jakarta,"BMKG point: Dago, Coblong, Kota Bandung",03-08-2026,ECMWF,Open-Meteo / ECMWF,14:00,2026-08-03 14:00:00,28.0,57.0,0.2,13.8,0.0,1.6816,Hujan Ringan,wmo:51
dago,"Dago, Bandung",2026-08-03,32.73.02.1004,Dago,kelurahan,no,-6.889,107.61,Asia/Jakarta,"BMKG point: Dago, Coblong, Kota Bandung",03-08-2026,ECMWF,Open-Meteo / ECMWF,15:00,2026-08-03 15:00:00,27.5,58.0,0.2,12.8,0.0,1.6816,Hujan Ringan,wmo:51
dago,"Dago, Bandung",2026-08-03,32.73.02.1004,Dago,kelurahan,no,-6.889,107.61,Asia/Jakarta,"BMKG point: Dago, Coblong, Kota Bandung",03-08-2026,ECMWF,Open-Meteo / ECMWF,16:00,2026-08-03 16:00:00,26.7,62.0,0.2,11.5,0.0,1.6816,Hujan Ringan,wmo:51
dago,"Dago, Bandung",2026-08-03,32.73.02.1004,Dago,kelurahan,no,-6.889,107.61,Asia/Jakarta,"BMKG point: Dago, Coblong, Kota Bandung",03-08-2026,ECMWF,Open-Meteo / ECMWF,17:00,2026-08-03 17:00:00,25.3,69.0,0.0,9.0,0.0,1.6816,Cerah Berawan,wmo:1
dago,"Dago, Bandung",2026-08-03,32.73.02.1004,Dago,kelurahan,no,-6.889,107.61,Asia/Jakarta,"BMKG point: Dago, Coblong, Kota Bandung",03-08-2026,ECMWF,Open-Meteo / ECMWF,18:00,2026-08-03 18:00:00,23.6,78.0,0.0,6.5,0.0,1.6816,Cerah Berawan,wmo:1
dago,"Dago, Bandung",2026-08-03,32.73.02.1004,Dago,kelurahan,no,-6.889,107.61,Asia/Jakarta,"BMKG point: Dago, Coblong, Kota Bandung",03-08-2026,ECMWF,Open-Meteo / ECMWF,19:00,2026-08-03 19:00:00,22.1,85.0,0.0,4.9,0.0,1.6816,Cerah Berawan,wmo:1
dago,"Dago, Bandung",2026-08-03,32.73.02.1004,Dago,kelurahan,no,-6.889,107.61,Asia/Jakarta,"BMKG point: Dago, Coblong, Kota Bandung",03-08-2026,ECMWF,Open-Meteo / ECMWF,20:00,2026-08-03 20:00:00,21.3,88.0,0.0,4.2,0.0,1.6816,Cerah Berawan,wmo:1
dago,"Dago, Bandung",2026-08-03,32.73.02.1004,Dago,kelurahan,no,-6.889,107.61,Asia/Jakarta,"BMKG point: Dago, Coblong, Kota Bandung",03-08-2026,ECMWF,Open-Meteo / ECMWF,21:00,2026-08-03 21:00:00,20.7,90.0,0.0,3.9,0.0,1.6816,Cerah Berawan,wmo:2
dago,"Dago, Bandung",2026-08-03,32.73.02.1004,Dago,kelurahan,no,-6.889,107.61,Asia/Jakarta,"BMKG point: Dago, Coblong, Kota Bandung",03-08-2026,ECMWF,Open-Meteo / ECMWF,22:00,2026-08-03 22:00:00,20.2,90.0,0.0,3.1,0.0,1.6816,Cerah Berawan,wmo:2
dago,"Dago, Bandung",2026-08-03,32.73.02.1004,Dago,kelurahan,no,-6.889,107.61,Asia/Jakarta,"BMKG point: Dago, Coblong, Kota Bandung",03-08-2026,ECMWF,Open-Meteo / ECMWF,23:00,2026-08-03 23:00:00,19.8,90.0,0.0,2.5,0.0,1.6816,Berawan,wmo:3
dago,"Dago, Bandung",2026-08-03,32.73.02.1004,Dago,kelurahan,no,-6.889,107.61,Asia/Jakarta,"BMKG point: Dago, Coblong, Kota Bandung",03-08-2026,GFS,Open-Meteo / NOAA GFS,00:00,2026-08-03 00:00:00,20.0,92.0,0.0,2.2,0.0,1.3737,Cerah,wmo:0
dago,"Dago, Bandung",2026-08-03,32.73.02.1004,Dago,kelurahan,no,-6.889,107.61,Asia/Jakarta,"BMKG point: Dago, Coblong, Kota Bandung",03-08-2026,GFS,Open-Meteo / NOAA GFS,01:00,2026-08-03 01:00:00,19.9,92.0,0.0,3.1,0.0,1.3737,Cerah,wmo:0
dago,"Dago, Bandung",2026-08-03,32.73.02.1004,Dago,kelurahan,no,-6.889,107.61,Asia/Jakarta,"BMKG point: Dago, Coblong, Kota Bandung",03-08-2026,GFS,Open-Meteo / NOAA GFS,02:00,2026-08-03 02:00:00,19.7,92.0,0.0,4.0,0.0,1.3737,Cerah,wmo:0
dago,"Dago, Bandung",2026-08-03,32.73.02.1004,Dago,kelurahan,no,-6.889,107.61,Asia/Jakarta,"BMKG point: Dago, Coblong, Kota Bandung",03-08-2026,GFS,Open-Meteo / NOAA GFS,03:00,2026-08-03 03:00:00,19.5,91.0,0.0,3.7,0.0,1.3737,Cerah,wmo:0
dago,"Dago, Bandung",2026-08-03,32.73.02.1004,Dago,kelurahan,no,-6.889,107.61,Asia/Jakarta,"BMKG point: Dago, Coblong, Kota Bandung",03-08-2026,GFS,Open-Meteo / NOAA GFS,04:00,2026-08-03 04:00:00,19.4,92.0,0.0,4.7,0.0,1.3737,Cerah,wmo:0
dago,"Dago, Bandung",2026-08-03,32.73.02.1004,Dago,kelurahan,no,-6.889,107.61,Asia/Jakarta,"BMKG point: Dago, Coblong, Kota Bandung",03-08-2026,GFS,Open-Meteo / NOAA GFS,05:00,2026-08-03 05:00:00,19.2,92.0,0.0,4.4,0.0,1.3737,Cerah,wmo:0
dago,"Dago, Bandung",2026-08-03,32.73.02.1004,Dago,kelurahan,no,-6.889,107.61,Asia/Jakarta,"BMKG point: Dago, Coblong, Kota Bandung",03-08-2026,GFS,Open-Meteo / NOAA GFS,06:00,2026-08-03 06:00:00,19.2,91.0,0.0,5.1,0.0,1.3737,Cerah,wmo:0
dago,"Dago, Bandung",2026-08-03,32.73.02.1004,Dago,kelurahan,no,-6.889,107.61,Asia/Jakarta,"BMKG point: Dago, Coblong, Kota Bandung",03-08-2026,GFS,Open-Meteo / NOAA GFS,07:00,2026-08-03 07:00:00,21.0,85.0,0.0,4.5,0.0,1.3737,Cerah,wmo:0
dago,"Dago, Bandung",2026-08-03,32.73.02.1004,Dago,kelurahan,no,-6.889,107.61,Asia/Jakarta,"BMKG point: Dago, Coblong, Kota Bandung",03-08-2026,GFS,Open-Meteo / NOAA GFS,08:00,2026-08-03 08:00:00,23.7,74.0,0.0,4.1,0.0,1.3737,Cerah,wmo:0
dago,"Dago, Bandung",2026-08-03,32.73.02.1004,Dago,kelurahan,no,-6.889,107.61,Asia/Jakarta,"BMKG point: Dago, Coblong, Kota Bandung",03-08-2026,GFS,Open-Meteo / NOAA GFS,09:00,2026-08-03 09:00:00,26.3,64.0,0.0,0.5,0.0,1.3737,Cerah,wmo:0
dago,"Dago, Bandung",2026-08-03,32.73.02.1004,Dago,kelurahan,no,-6.889,107.61,Asia/Jakarta,"BMKG point: Dago, Coblong, Kota Bandung",03-08-2026,GFS,Open-Meteo / NOAA GFS,10:00,2026-08-03 10:00:00,28.4,55.0,0.0,3.8,0.0,1.3737,Cerah,wmo:0
dago,"Dago, Bandung",2026-08-03,32.73.02.1004,Dago,kelurahan,no,-6.889,107.61,Asia/Jakarta,"BMKG point: Dago, Coblong, Kota Bandung",03-08-2026,GFS,Open-Meteo / NOAA GFS,11:00,2026-08-03 11:00:00,29.8,48.0,0.0,8.7,0.0,1.3737,Cerah,wmo:0
dago,"Dago, Bandung",2026-08-03,32.73.02.1004,Dago,kelurahan,no,-6.889,107.61,Asia/Jakarta,"BMKG point: Dago, Coblong, Kota Bandung",03-08-2026,GFS,Open-Meteo / NOAA GFS,12:00,2026-08-03 12:00:00,30.7,45.0,0.0,13.1,0.0,1.3737,Cerah Berawan,wmo:1
dago,"Dago, Bandung",2026-08-03,32.73.02.1004,Dago,kelurahan,no,-6.889,107.61,Asia/Jakarta,"BMKG point: Dago, Coblong, Kota Bandung",03-08-2026,GFS,Open-Meteo / NOAA GFS,13:00,2026-08-03 13:00:00,30.1,45.0,0.0,16.6,0.0,1.3737,Cerah Berawan,wmo:2
dago,"Dago, Bandung",2026-08-03,32.73.02.1004,Dago,kelurahan,no,-6.889,107.61,Asia/Jakarta,"BMKG point: Dago, Coblong, Kota Bandung",03-08-2026,GFS,Open-Meteo / NOAA GFS,14:00,2026-08-03 14:00:00,27.7,55.0,0.0,13.7,0.0,1.3737,Berawan,wmo:3
dago,"Dago, Bandung",2026-08-03,32.73.02.1004,Dago,kelurahan,no,-6.889,107.61,Asia/Jakarta,"BMKG point: Dago, Coblong, Kota Bandung",03-08-2026,GFS,Open-Meteo / NOAA GFS,15:00,2026-08-03 15:00:00,27.5,59.0,0.0,12.6,0.0,1.3737,Cerah,wmo:0
dago,"Dago, Bandung",2026-08-03,32.73.02.1004,Dago,kelurahan,no,-6.889,107.61,Asia/Jakarta,"BMKG point: Dago, Coblong, Kota Bandung",03-08-2026,GFS,Open-Meteo / NOAA GFS,16:00,2026-08-03 16:00:00,26.6,62.0,1.2,7.9,0.0,1.3737,Hujan Ringan,wmo:55
dago,"Dago, Bandung",2026-08-03,32.73.02.1004,Dago,kelurahan,no,-6.889,107.61,Asia/Jakarta,"BMKG point: Dago, Coblong, Kota Bandung",03-08-2026,GFS,Open-Meteo / NOAA GFS,17:00,2026-08-03 17:00:00,25.1,69.0,1.2,6.9,0.0,1.3737,Hujan Ringan,wmo:55
dago,"Dago, Bandung",2026-08-03,32.73.02.1004,Dago,kelurahan,no,-6.889,107.61,Asia/Jakarta,"BMKG point: Dago, Coblong, Kota Bandung",03-08-2026,GFS,Open-Meteo / NOAA GFS,18:00,2026-08-03 18:00:00,22.4,82.0,0.4,4.8,0.0,1.3737,Hujan Ringan,wmo:51
dago,"Dago, Bandung",2026-08-03,32.73.02.1004,Dago,kelurahan,no,-6.889,107.61,Asia/Jakarta,"BMKG point: Dago, Coblong, Kota Bandung",03-08-2026,GFS,Open-Meteo / NOAA GFS,19:00,2026-08-03 19:00:00,22.4,84.0,0.2,2.3,0.0,1.3737,Hujan Ringan,wmo:51
dago,"Dago, Bandung",2026-08-03,32.73.02.1004,Dago,kelurahan,no,-6.889,107.61,Asia/Jakarta,"BMKG point: Dago, Coblong, Kota Bandung",03-08-2026,GFS,Open-Meteo / NOAA GFS,20:00,2026-08-03 20:00:00,22.5,84.0,0.0,1.5,0.0,1.3737,Berawan,wmo:3
dago,"Dago, Bandung",2026-08-03,32.73.02.1004,Dago,kelurahan,no,-6.889,107.61,Asia/Jakarta,"BMKG point: Dago, Coblong, Kota Bandung",03-08-2026,GFS,Open-Meteo / NOAA GFS,21:00,2026-08-03 21:00:00,21.6,87.0,0.0,1.9,0.0,1.3737,Cerah Berawan,wmo:2
dago,"Dago, Bandung",2026-08-03,32.73.02.1004,Dago,kelurahan,no,-6.889,107.61,Asia/Jakarta,"BMKG point: Dago, Coblong, Kota Bandung",03-08-2026,GFS,Open-Meteo / NOAA GFS,22:00,2026-08-03 22:00:00,21.0,89.0,0.0,3.2,0.0,1.3737,Cerah,wmo:0
dago,"Dago, Bandung",2026-08-03,32.73.02.1004,Dago,kelurahan,no,-6.889,107.61,Asia/Jakarta,"BMKG point: Dago, Coblong, Kota Bandung",03-08-2026,GFS,Open-Meteo / NOAA GFS,23:00,2026-08-03 23:00:00,20.6,91.0,0.0,2.3,0.0,1.3737,Cerah,wmo:0
dago,"Dago, Bandung",2026-08-03,32.73.02.1004,Dago,kelurahan,no,-6.889,107.61,Asia/Jakarta,"BMKG point: Dago, Coblong, Kota Bandung",03-08-2026,ICON,Open-Meteo / DWD ICON,00:00,2026-08-03 00:00:00,21.6,83.0,0.0,1.6,0.0,1.4769,Cerah Berawan,wmo:2
dago,"Dago, Bandung",2026-08-03,32.73.02.1004,Dago,kelurahan,no,-6.889,107.61,Asia/Jakarta,"BMKG point: Dago, Coblong, Kota Bandung",03-08-2026,ICON,Open-Meteo / DWD ICON,01:00,2026-08-03 01:00:00,21.2,85.0,0.0,2.1,0.0,1.4769,Cerah Berawan,wmo:1
dago,"Dago, Bandung",2026-08-03,32.73.02.1004,Dago,kelurahan,no,-6.889,107.61,Asia/Jakarta,"BMKG point: Dago, Coblong, Kota Bandung",03-08-2026,ICON,Open-Meteo / DWD ICON,02:00,2026-08-03 02:00:00,20.4,90.0,0.0,2.5,0.0,1.4769,Cerah Berawan,wmo:1
dago,"Dago, Bandung",2026-08-03,32.73.02.1004,Dago,kelurahan,no,-6.889,107.61,Asia/Jakarta,"BMKG point: Dago, Coblong, Kota Bandung",03-08-2026,ICON,Open-Meteo / DWD ICON,03:00,2026-08-03 03:00:00,19.7,94.0,0.0,2.5,0.0,1.4769,Cerah,wmo:0
dago,"Dago, Bandung",2026-08-03,32.73.02.1004,Dago,kelurahan,no,-6.889,107.61,Asia/Jakarta,"BMKG point: Dago, Coblong, Kota Bandung",03-08-2026,ICON,Open-Meteo / DWD ICON,04:00,2026-08-03 04:00:00,19.3,96.0,0.0,2.0,0.0,1.4769,Cerah,wmo:0
dago,"Dago, Bandung",2026-08-03,32.73.02.1004,Dago,kelurahan,no,-6.889,107.61,Asia/Jakarta,"BMKG point: Dago, Coblong, Kota Bandung",03-08-2026,ICON,Open-Meteo / DWD ICON,05:00,2026-08-03 05:00:00,19.1,96.0,0.0,1.6,0.0,1.4769,Berawan,wmo:45
dago,"Dago, Bandung",2026-08-03,32.73.02.1004,Dago,kelurahan,no,-6.889,107.61,Asia/Jakarta,"BMKG point: Dago, Coblong, Kota Bandung",03-08-2026,ICON,Open-Meteo / DWD ICON,06:00,2026-08-03 06:00:00,18.9,96.0,0.0,2.2,0.0,1.4769,Berawan,wmo:45
dago,"Dago, Bandung",2026-08-03,32.73.02.1004,Dago,kelurahan,no,-6.889,107.61,Asia/Jakarta,"BMKG point: Dago, Coblong, Kota Bandung",03-08-2026,ICON,Open-Meteo / DWD ICON,07:00,2026-08-03 07:00:00,19.3,94.0,0.0,1.8,0.0,1.4769,Cerah,wmo:0
dago,"Dago, Bandung",2026-08-03,32.73.02.1004,Dago,kelurahan,no,-6.889,107.61,Asia/Jakarta,"BMKG point: Dago, Coblong, Kota Bandung",03-08-2026,ICON,Open-Meteo / DWD ICON,08:00,2026-08-03 08:00:00,22.3,81.0,0.0,0.8,0.0,1.4769,Cerah,wmo:0
dago,"Dago, Bandung",2026-08-03,32.73.02.1004,Dago,kelurahan,no,-6.889,107.61,Asia/Jakarta,"BMKG point: Dago, Coblong, Kota Bandung",03-08-2026,ICON,Open-Meteo / DWD ICON,09:00,2026-08-03 09:00:00,24.8,68.0,0.0,1.0,0.0,1.4769,Cerah Berawan,wmo:1
dago,"Dago, Bandung",2026-08-03,32.73.02.1004,Dago,kelurahan,no,-6.889,107.61,Asia/Jakarta,"BMKG point: Dago, Coblong, Kota Bandung",03-08-2026,ICON,Open-Meteo / DWD ICON,10:00,2026-08-03 10:00:00,26.3,63.0,0.0,2.5,0.0,1.4769,Cerah Berawan,wmo:1
dago,"Dago, Bandung",2026-08-03,32.73.02.1004,Dago,kelurahan,no,-6.889,107.61,Asia/Jakarta,"BMKG point: Dago, Coblong, Kota Bandung",03-08-2026,ICON,Open-Meteo / DWD ICON,11:00,2026-08-03 11:00:00,28.2,55.0,0.0,1.6,0.0,1.4769,Cerah Berawan,wmo:1
dago,"Dago, Bandung",2026-08-03,32.73.02.1004,Dago,kelurahan,no,-6.889,107.61,Asia/Jakarta,"BMKG point: Dago, Coblong, Kota Bandung",03-08-2026,ICON,Open-Meteo / DWD ICON,12:00,2026-08-03 12:00:00,29.7,50.0,0.0,2.5,0.0,1.4769,Cerah Berawan,wmo:1
dago,"Dago, Bandung",2026-08-03,32.73.02.1004,Dago,kelurahan,no,-6.889,107.61,Asia/Jakarta,"BMKG point: Dago, Coblong, Kota Bandung",03-08-2026,ICON,Open-Meteo / DWD ICON,13:00,2026-08-03 13:00:00,30.4,45.0,0.0,4.7,0.0,1.4769,Cerah Berawan,wmo:2
dago,"Dago, Bandung",2026-08-03,32.73.02.1004,Dago,kelurahan,no,-6.889,107.61,Asia/Jakarta,"BMKG point: Dago, Coblong, Kota Bandung",03-08-2026,ICON,Open-Meteo / DWD ICON,14:00,2026-08-03 14:00:00,30.8,43.0,0.0,5.4,0.0,1.4769,Cerah Berawan,wmo:1
dago,"Dago, Bandung",2026-08-03,32.73.02.1004,Dago,kelurahan,no,-6.889,107.61,Asia/Jakarta,"BMKG point: Dago, Coblong, Kota Bandung",03-08-2026,ICON,Open-Meteo / DWD ICON,15:00,2026-08-03 15:00:00,30.9,41.0,0.0,6.2,0.0,1.4769,Cerah Berawan,wmo:1
dago,"Dago, Bandung",2026-08-03,32.73.02.1004,Dago,kelurahan,no,-6.889,107.61,Asia/Jakarta,"BMKG point: Dago, Coblong, Kota Bandung",03-08-2026,ICON,Open-Meteo / DWD ICON,16:00,2026-08-03 16:00:00,30.1,43.0,0.0,5.2,0.0,1.4769,Berawan,wmo:3
dago,"Dago, Bandung",2026-08-03,32.73.02.1004,Dago,kelurahan,no,-6.889,107.61,Asia/Jakarta,"BMKG point: Dago, Coblong, Kota Bandung",03-08-2026,ICON,Open-Meteo / DWD ICON,17:00,2026-08-03 17:00:00,28.8,49.0,0.0,0.7,0.0,1.4769,Berawan,wmo:3
dago,"Dago, Bandung",2026-08-03,32.73.02.1004,Dago,kelurahan,no,-6.889,107.61,Asia/Jakarta,"BMKG point: Dago, Coblong, Kota Bandung",03-08-2026,ICON,Open-Meteo / DWD ICON,18:00,2026-08-03 18:00:00,27.1,56.0,0.0,4.6,0.0,1.4769,Cerah Berawan,wmo:2
dago,"Dago, Bandung",2026-08-03,32.73.02.1004,Dago,kelurahan,no,-6.889,107.61,Asia/Jakarta,"BMKG point: Dago, Coblong, Kota Bandung",03-08-2026,ICON,Open-Meteo / DWD ICON,19:00,2026-08-03 19:00:00,25.7,63.0,0.0,3.8,0.0,1.4769,Berawan,wmo:3
dago,"Dago, Bandung",2026-08-03,32.73.02.1004,Dago,kelurahan,no,-6.889,107.61,Asia/Jakarta,"BMKG point: Dago, Coblong, Kota Bandung",03-08-2026,ICON,Open-Meteo / DWD ICON,20:00,2026-08-03 20:00:00,24.8,69.0,0.0,2.4,0.0,1.4769,Berawan,wmo:3
dago,"Dago, Bandung",2026-08-03,32.73.02.1004,Dago,kelurahan,no,-6.889,107.61,Asia/Jakarta,"BMKG point: Dago, Coblong, Kota Bandung",03-08-2026,ICON,Open-Meteo / DWD ICON,21:00,2026-08-03 21:00:00,24.1,73.0,0.0,0.7,0.0,1.4769,Cerah Berawan,wmo:2
dago,"Dago, Bandung",2026-08-03,32.73.02.1004,Dago,kelurahan,no,-6.889,107.61,Asia/Jakarta,"BMKG point: Dago, Coblong, Kota Bandung",03-08-2026,ICON,Open-Meteo / DWD ICON,22:00,2026-08-03 22:00:00,23.2,78.0,0.0,1.0,0.0,1.4769,Cerah Berawan,wmo:2
dago,"Dago, Bandung",2026-08-03,32.73.02.1004,Dago,kelurahan,no,-6.889,107.61,Asia/Jakarta,"BMKG point: Dago, Coblong, Kota Bandung",03-08-2026,ICON,Open-Meteo / DWD ICON,23:00,2026-08-03 23:00:00,22.3,84.0,0.0,0.8,0.0,1.4769,Cerah Berawan,wmo:2
dago,"Dago, Bandung",2026-08-03,32.73.02.1004,Dago,kelurahan,no,-6.889,107.61,Asia/Jakarta,"BMKG point: Dago, Coblong, Kota Bandung",03-08-2026,KMA,Open-Meteo / KMA,00:00,2026-08-03 00:00:00,,,,,0.0,0.5384,Berawan,wmo:None
dago,"Dago, Bandung",2026-08-03,32.73.02.1004,Dago,kelurahan,no,-6.889,107.61,Asia/Jakarta,"BMKG point: Dago, Coblong, Kota Bandung",03-08-2026,KMA,Open-Meteo / KMA,01:00,2026-08-03 01:00:00,,,,,0.0,0.5384,Berawan,wmo:None
dago,"Dago, Bandung",2026-08-03,32.73.02.1004,Dago,kelurahan,no,-6.889,107.61,Asia/Jakarta,"BMKG point: Dago, Coblong, Kota Bandung",03-08-2026,KMA,Open-Meteo / KMA,02:00,2026-08-03 02:00:00,,,,,0.0,0.5384,Berawan,wmo:None
dago,"Dago, Bandung",2026-08-03,32.73.02.1004,Dago,kelurahan,no,-6.889,107.61,Asia/Jakarta,"BMKG point: Dago, Coblong, Kota Bandung",03-08-2026,KMA,Open-Meteo / KMA,03:00,2026-08-03 03:00:00,,,,,0.0,0.5384,Berawan,wmo:None
dago,"Dago, Bandung",2026-08-03,32.73.02.1004,Dago,kelurahan,no,-6.889,107.61,Asia/Jakarta,"BMKG point: Dago, Coblong, Kota Bandung",03-08-2026,KMA,Open-Meteo / KMA,04:00,2026-08-03 04:00:00,,,,,0.0,0.5384,Berawan,wmo:None
dago,"Dago, Bandung",2026-08-03,32.73.02.1004,Dago,kelurahan,no,-6.889,107.61,Asia/Jakarta,"BMKG point: Dago, Coblong, Kota Bandung",03-08-2026,KMA,Open-Meteo / KMA,05:00,2026-08-03 05:00:00,,,,,0.0,0.5384,Berawan,wmo:None
dago,"Dago, Bandung",2026-08-03,32.73.02.1004,Dago,kelurahan,no,-6.889,107.61,Asia/Jakarta,"BMKG point: Dago, Coblong, Kota Bandung",03-08-2026,KMA,Open-Meteo / KMA,06:00,2026-08-03 06:00:00,,,,,0.0,0.5384,Berawan,wmo:None
dago,"Dago, Bandung",2026-08-03,32.73.02.1004,Dago,kelurahan,no,-6.889,107.61,Asia/Jakarta,"BMKG point: Dago, Coblong, Kota Bandung",03-08-2026,KMA,Open-Meteo / KMA,07:00,2026-08-03 07:00:00,,,,,0.0,0.5384,Berawan,wmo:None
dago,"Dago, Bandung",2026-08-03,32.73.02.1004,Dago,kelurahan,no,-6.889,107.61,Asia/Jakarta,"BMKG point: Dago, Coblong, Kota Bandung",03-08-2026,KMA,Open-Meteo / KMA,08:00,2026-08-03 08:00:00,,,,,0.0,0.5384,Berawan,wmo:None
dago,"Dago, Bandung",2026-08-03,32.73.02.1004,Dago,kelurahan,no,-6.889,107.61,Asia/Jakarta,"BMKG point: Dago, Coblong, Kota Bandung",03-08-2026,KMA,Open-Meteo / KMA,09:00,2026-08-03 09:00:00,,,,,0.0,0.5384,Berawan,wmo:None
dago,"Dago, Bandung",2026-08-03,32.73.02.1004,Dago,kelurahan,no,-6.889,107.61,Asia/Jakarta,"BMKG point: Dago, Coblong, Kota Bandung",03-08-2026,KMA,Open-Meteo / KMA,10:00,2026-08-03 10:00:00,,,,,0.0,0.5384,Berawan,wmo:None
dago,"Dago, Bandung",2026-08-03,32.73.02.1004,Dago,kelurahan,no,-6.889,107.61,Asia/Jakarta,"BMKG point: Dago, Coblong, Kota Bandung",03-08-2026,KMA,Open-Meteo / KMA,11:00,2026-08-03 11:00:00,,,,,0.0,0.5384,Berawan,wmo:None
dago,"Dago, Bandung",2026-08-03,32.73.02.1004,Dago,kelurahan,no,-6.889,107.61,Asia/Jakarta,"BMKG point: Dago, Coblong, Kota Bandung",03-08-2026,KMA,Open-Meteo / KMA,12:00,2026-08-03 12:00:00,,,,,0.0,0.5384,Berawan,wmo:None
dago,"Dago, Bandung",2026-08-03,32.73.02.1004,Dago,kelurahan,no,-6.889,107.61,Asia/Jakarta,"BMKG point: Dago, Coblong, Kota Bandung",03-08-2026,KMA,Open-Meteo / KMA,13:00,2026-08-03 13:00:00,,,,,0.0,0.5384,Berawan,wmo:None
dago,"Dago, Bandung",2026-08-03,32.73.02.1004,Dago,kelurahan,no,-6.889,107.61,Asia/Jakarta,"BMKG point: Dago, Coblong, Kota Bandung",03-08-2026,KMA,Open-Meteo / KMA,14:00,2026-08-03 14:00:00,,,,,0.0,0.5384,Berawan,wmo:None
dago,"Dago, Bandung",2026-08-03,32.73.02.1004,Dago,kelurahan,no,-6.889,107.61,Asia/Jakarta,"BMKG point: Dago, Coblong, Kota Bandung",03-08-2026,KMA,Open-Meteo / KMA,15:00,2026-08-03 15:00:00,,,,,0.0,0.5384,Berawan,wmo:None
dago,"Dago, Bandung",2026-08-03,32.73.02.1004,Dago,kelurahan,no,-6.889,107.61,Asia/Jakarta,"BMKG point: Dago, Coblong, Kota Bandung",03-08-2026,KMA,Open-Meteo / KMA,16:00,2026-08-03 16:00:00,,,,,0.0,0.5384,Berawan,wmo:None
dago,"Dago, Bandung",2026-08-03,32.73.02.1004,Dago,kelurahan,no,-6.889,107.61,Asia/Jakarta,"BMKG point: Dago, Coblong, Kota Bandung",03-08-2026,KMA,Open-Meteo / KMA,17:00,2026-08-03 17:00:00,,,,,0.0,0.5384,Berawan,wmo:None
dago,"Dago, Bandung",2026-08-03,32.73.02.1004,Dago,kelurahan,no,-6.889,107.61,Asia/Jakarta,"BMKG point: Dago, Coblong, Kota Bandung",03-08-2026,KMA,Open-Meteo / KMA,18:00,2026-08-03 18:00:00,,,,,0.0,0.5384,Berawan,wmo:None
dago,"Dago, Bandung",2026-08-03,32.73.02.1004,Dago,kelurahan,no,-6.889,107.61,Asia/Jakarta,"BMKG point: Dago, Coblong, Kota Bandung",03-08-2026,KMA,Open-Meteo / KMA,19:00,2026-08-03 19:00:00,,,,,0.0,0.5384,Berawan,wmo:None
dago,"Dago, Bandung",2026-08-03,32.73.02.1004,Dago,kelurahan,no,-6.889,107.61,Asia/Jakarta,"BMKG point: Dago, Coblong, Kota Bandung",03-08-2026,KMA,Open-Meteo / KMA,20:00,2026-08-03 20:00:00,,,,,0.0,0.5384,Berawan,wmo:None
dago,"Dago, Bandung",2026-08-03,32.73.02.1004,Dago,kelurahan,no,-6.889,107.61,Asia/Jakarta,"BMKG point: Dago, Coblong, Kota Bandung",03-08-2026,KMA,Open-Meteo / KMA,21:00,2026-08-03 21:00:00,,,,,0.0,0.5384,Berawan,wmo:None
dago,"Dago, Bandung",2026-08-03,32.73.02.1004,Dago,kelurahan,no,-6.889,107.61,Asia/Jakarta,"BMKG point: Dago, Coblong, Kota Bandung",03-08-2026,KMA,Open-Meteo / KMA,22:00,2026-08-03 22:00:00,,,,,0.0,0.5384,Berawan,wmo:None
dago,"Dago, Bandung",2026-08-03,32.73.02.1004,Dago,kelurahan,no,-6.889,107.61,Asia/Jakarta,"BMKG point: Dago, Coblong, Kota Bandung",03-08-2026,KMA,Open-Meteo / KMA,23:00,2026-08-03 23:00:00,,,,,0.0,0.5384,Berawan,wmo:None
dago,"Dago, Bandung",2026-08-03,32.73.02.1004,Dago,kelurahan,no,-6.889,107.61,Asia/Jakarta,"BMKG point: Dago, Coblong, Kota Bandung",03-08-2026,METEOFRANCE,Open-Meteo / Meteo-France,00:00,2026-08-03 00:00:00,25.9,88.0,0.0,0.8,0.0,1.4812,Cerah Berawan,wmo:1
dago,"Dago, Bandung",2026-08-03,32.73.02.1004,Dago,kelurahan,no,-6.889,107.61,Asia/Jakarta,"BMKG point: Dago, Coblong, Kota Bandung",03-08-2026,METEOFRANCE,Open-Meteo / Meteo-France,01:00,2026-08-03 01:00:00,25.4,90.0,0.0,1.3,0.0,1.4812,Cerah Berawan,wmo:1
dago,"Dago, Bandung",2026-08-03,32.73.02.1004,Dago,kelurahan,no,-6.889,107.61,Asia/Jakarta,"BMKG point: Dago, Coblong, Kota Bandung",03-08-2026,METEOFRANCE,Open-Meteo / Meteo-France,02:00,2026-08-03 02:00:00,24.9,92.0,0.0,1.3,0.0,1.4812,Cerah Berawan,wmo:1
dago,"Dago, Bandung",2026-08-03,32.73.02.1004,Dago,kelurahan,no,-6.889,107.61,Asia/Jakarta,"BMKG point: Dago, Coblong, Kota Bandung",03-08-2026,METEOFRANCE,Open-Meteo / Meteo-France,03:00,2026-08-03 03:00:00,24.5,95.0,0.0,1.6,0.0,1.4812,Cerah Berawan,wmo:1
dago,"Dago, Bandung",2026-08-03,32.73.02.1004,Dago,kelurahan,no,-6.889,107.61,Asia/Jakarta,"BMKG point: Dago, Coblong, Kota Bandung",03-08-2026,METEOFRANCE,Open-Meteo / Meteo-France,04:00,2026-08-03 04:00:00,24.1,96.0,0.0,1.9,0.0,1.4812,Cerah Berawan,wmo:1
dago,"Dago, Bandung",2026-08-03,32.73.02.1004,Dago,kelurahan,no,-6.889,107.61,Asia/Jakarta,"BMKG point: Dago, Coblong, Kota Bandung",03-08-2026,METEOFRANCE,Open-Meteo / Meteo-France,05:00,2026-08-03 05:00:00,23.8,97.0,0.0,2.4,0.0,1.4812,Cerah Berawan,wmo:1
dago,"Dago, Bandung",2026-08-03,32.73.02.1004,Dago,kelurahan,no,-6.889,107.61,Asia/Jakarta,"BMKG point: Dago, Coblong, Kota Bandung",03-08-2026,METEOFRANCE,Open-Meteo / Meteo-France,06:00,2026-08-03 06:00:00,23.5,98.0,0.0,2.7,0.0,1.4812,Cerah Berawan,wmo:1
dago,"Dago, Bandung",2026-08-03,32.73.02.1004,Dago,kelurahan,no,-6.889,107.61,Asia/Jakarta,"BMKG point: Dago, Coblong, Kota Bandung",03-08-2026,METEOFRANCE,Open-Meteo / Meteo-France,07:00,2026-08-03 07:00:00,23.9,97.0,0.0,3.1,0.0,1.4812,Cerah Berawan,wmo:1
dago,"Dago, Bandung",2026-08-03,32.73.02.1004,Dago,kelurahan,no,-6.889,107.61,Asia/Jakarta,"BMKG point: Dago, Coblong, Kota Bandung",03-08-2026,METEOFRANCE,Open-Meteo / Meteo-France,08:00,2026-08-03 08:00:00,25.7,90.0,0.0,0.5,0.0,1.4812,Cerah Berawan,wmo:1
dago,"Dago, Bandung",2026-08-03,32.73.02.1004,Dago,kelurahan,no,-6.889,107.61,Asia/Jakarta,"BMKG point: Dago, Coblong, Kota Bandung",03-08-2026,METEOFRANCE,Open-Meteo / Meteo-France,09:00,2026-08-03 09:00:00,27.4,83.0,0.0,2.9,0.0,1.4812,Cerah,wmo:0
dago,"Dago, Bandung",2026-08-03,32.73.02.1004,Dago,kelurahan,no,-6.889,107.61,Asia/Jakarta,"BMKG point: Dago, Coblong, Kota Bandung",03-08-2026,METEOFRANCE,Open-Meteo / Meteo-France,10:00,2026-08-03 10:00:00,29.3,70.0,0.0,4.6,0.0,1.4812,Cerah,wmo:0
dago,"Dago, Bandung",2026-08-03,32.73.02.1004,Dago,kelurahan,no,-6.889,107.61,Asia/Jakarta,"BMKG point: Dago, Coblong, Kota Bandung",03-08-2026,METEOFRANCE,Open-Meteo / Meteo-France,11:00,2026-08-03 11:00:00,31.1,61.0,0.0,7.4,0.0,1.4812,Cerah,wmo:0
dago,"Dago, Bandung",2026-08-03,32.73.02.1004,Dago,kelurahan,no,-6.889,107.61,Asia/Jakarta,"BMKG point: Dago, Coblong, Kota Bandung",03-08-2026,METEOFRANCE,Open-Meteo / Meteo-France,12:00,2026-08-03 12:00:00,32.2,55.0,0.0,9.2,0.0,1.4812,Cerah,wmo:0
dago,"Dago, Bandung",2026-08-03,32.73.02.1004,Dago,kelurahan,no,-6.889,107.61,Asia/Jakarta,"BMKG point: Dago, Coblong, Kota Bandung",03-08-2026,METEOFRANCE,Open-Meteo / Meteo-France,13:00,2026-08-03 13:00:00,32.7,52.0,0.0,10.2,0.0,1.4812,Cerah Berawan,wmo:1
dago,"Dago, Bandung",2026-08-03,32.73.02.1004,Dago,kelurahan,no,-6.889,107.61,Asia/Jakarta,"BMKG point: Dago, Coblong, Kota Bandung",03-08-2026,METEOFRANCE,Open-Meteo / Meteo-France,14:00,2026-08-03 14:00:00,32.9,52.0,0.0,10.7,0.0,1.4812,Cerah Berawan,wmo:1
dago,"Dago, Bandung",2026-08-03,32.73.02.1004,Dago,kelurahan,no,-6.889,107.61,Asia/Jakarta,"BMKG point: Dago, Coblong, Kota Bandung",03-08-2026,METEOFRANCE,Open-Meteo / Meteo-France,15:00,2026-08-03 15:00:00,32.2,55.0,0.0,10.5,0.0,1.4812,Cerah Berawan,wmo:2
dago,"Dago, Bandung",2026-08-03,32.73.02.1004,Dago,kelurahan,no,-6.889,107.61,Asia/Jakarta,"BMKG point: Dago, Coblong, Kota Bandung",03-08-2026,METEOFRANCE,Open-Meteo / Meteo-France,16:00,2026-08-03 16:00:00,31.2,60.0,0.1,10.1,0.0,1.4812,Hujan Ringan,wmo:51
dago,"Dago, Bandung",2026-08-03,32.73.02.1004,Dago,kelurahan,no,-6.889,107.61,Asia/Jakarta,"BMKG point: Dago, Coblong, Kota Bandung",03-08-2026,METEOFRANCE,Open-Meteo / Meteo-France,17:00,2026-08-03 17:00:00,30.0,69.0,0.1,9.1,0.0,1.4812,Hujan Ringan,wmo:51
dago,"Dago, Bandung",2026-08-03,32.73.02.1004,Dago,kelurahan,no,-6.889,107.61,Asia/Jakarta,"BMKG point: Dago, Coblong, Kota Bandung",03-08-2026,METEOFRANCE,Open-Meteo / Meteo-France,18:00,2026-08-03 18:00:00,28.5,78.0,0.2,7.3,0.0,1.4812,Hujan Ringan,wmo:51
dago,"Dago, Bandung",2026-08-03,32.73.02.1004,Dago,kelurahan,no,-6.889,107.61,Asia/Jakarta,"BMKG point: Dago, Coblong, Kota Bandung",03-08-2026,METEOFRANCE,Open-Meteo / Meteo-France,19:00,2026-08-03 19:00:00,27.4,85.0,0.3,5.8,0.0,1.4812,Hujan Ringan,wmo:51
dago,"Dago, Bandung",2026-08-03,32.73.02.1004,Dago,kelurahan,no,-6.889,107.61,Asia/Jakarta,"BMKG point: Dago, Coblong, Kota Bandung",03-08-2026,METEOFRANCE,Open-Meteo / Meteo-France,20:00,2026-08-03 20:00:00,26.5,90.0,0.1,4.5,0.0,1.4812,Hujan Ringan,wmo:51
dago,"Dago, Bandung",2026-08-03,32.73.02.1004,Dago,kelurahan,no,-6.889,107.61,Asia/Jakarta,"BMKG point: Dago, Coblong, Kota Bandung",03-08-2026,METEOFRANCE,Open-Meteo / Meteo-France,21:00,2026-08-03 21:00:00,25.9,94.0,0.0,4.0,0.0,1.4812,Cerah Berawan,wmo:2
dago,"Dago, Bandung",2026-08-03,32.73.02.1004,Dago,kelurahan,no,-6.889,107.61,Asia/Jakarta,"BMKG point: Dago, Coblong, Kota Bandung",03-08-2026,METEOFRANCE,Open-Meteo / Meteo-France,22:00,2026-08-03 22:00:00,25.4,97.0,0.0,3.7,0.0,1.4812,Berawan,wmo:3
dago,"Dago, Bandung",2026-08-03,32.73.02.1004,Dago,kelurahan,no,-6.889,107.61,Asia/Jakarta,"BMKG point: Dago, Coblong, Kota Bandung",03-08-2026,METEOFRANCE,Open-Meteo / Meteo-France,23:00,2026-08-03 23:00:00,25.3,98.0,0.0,2.6,0.0,1.4812,Berawan,wmo:3
dago,"Dago, Bandung",2026-08-03,32.73.02.1004,Dago,kelurahan,no,-6.889,107.61,Asia/Jakarta,"BMKG point: Dago, Coblong, Kota Bandung",03-08-2026,METNO,MET Norway,00:00,2026-08-03 00:00:00,21.0,88.3,0.0,3.6,0.0,1.3415,Cerah Berawan,fair_night
dago,"Dago, Bandung",2026-08-03,32.73.02.1004,Dago,kelurahan,no,-6.889,107.61,Asia/Jakarta,"BMKG point: Dago, Coblong, Kota Bandung",03-08-2026,METNO,MET Norway,01:00,2026-08-03 01:00:00,20.2,92.8,0.0,3.24,0.0,1.3415,Cerah Berawan,fair_night
dago,"Dago, Bandung",2026-08-03,32.73.02.1004,Dago,kelurahan,no,-6.889,107.61,Asia/Jakarta,"BMKG point: Dago, Coblong, Kota Bandung",03-08-2026,METNO,MET Norway,02:00,2026-08-03 02:00:00,19.4,96.8,0.0,3.6,0.0,1.3415,Berawan,fog
dago,"Dago, Bandung",2026-08-03,32.73.02.1004,Dago,kelurahan,no,-6.889,107.61,Asia/Jakarta,"BMKG point: Dago, Coblong, Kota Bandung",03-08-2026,METNO,MET Norway,03:00,2026-08-03 03:00:00,18.6,99.1,0.0,3.24,0.0,1.3415,Berawan,fog
dago,"Dago, Bandung",2026-08-03,32.73.02.1004,Dago,kelurahan,no,-6.889,107.61,Asia/Jakarta,"BMKG point: Dago, Coblong, Kota Bandung",03-08-2026,METNO,MET Norway,04:00,2026-08-03 04:00:00,18.3,99.1,0.0,3.24,0.0,1.3415,Berawan,fog
dago,"Dago, Bandung",2026-08-03,32.73.02.1004,Dago,kelurahan,no,-6.889,107.61,Asia/Jakarta,"BMKG point: Dago, Coblong, Kota Bandung",03-08-2026,METNO,MET Norway,05:00,2026-08-03 05:00:00,18.2,98.1,0.0,2.88,0.0,1.3415,Berawan,fog
dago,"Dago, Bandung",2026-08-03,32.73.02.1004,Dago,kelurahan,no,-6.889,107.61,Asia/Jakarta,"BMKG point: Dago, Coblong, Kota Bandung",03-08-2026,METNO,MET Norway,06:00,2026-08-03 06:00:00,18.0,97.5,0.0,2.52,0.0,1.3415,Berawan,fog
dago,"Dago, Bandung",2026-08-03,32.73.02.1004,Dago,kelurahan,no,-6.889,107.61,Asia/Jakarta,"BMKG point: Dago, Coblong, Kota Bandung",03-08-2026,METNO,MET Norway,07:00,2026-08-03 07:00:00,19.5,92.9,0.0,3.96,0.0,1.3415,Cerah,clearsky_day
dago,"Dago, Bandung",2026-08-03,32.73.02.1004,Dago,kelurahan,no,-6.889,107.61,Asia/Jakarta,"BMKG point: Dago, Coblong, Kota Bandung",03-08-2026,METNO,MET Norway,08:00,2026-08-03 08:00:00,21.9,81.5,0.0,3.24,0.0,1.3415,Cerah,clearsky_day
dago,"Dago, Bandung",2026-08-03,32.73.02.1004,Dago,kelurahan,no,-6.889,107.61,Asia/Jakarta,"BMKG point: Dago, Coblong, Kota Bandung",03-08-2026,METNO,MET Norway,09:00,2026-08-03 09:00:00,24.4,70.9,0.0,3.6,0.0,1.3415,Cerah,clearsky_day
dago,"Dago, Bandung",2026-08-03,32.73.02.1004,Dago,kelurahan,no,-6.889,107.61,Asia/Jakarta,"BMKG point: Dago, Coblong, Kota Bandung",03-08-2026,METNO,MET Norway,10:00,2026-08-03 10:00:00,26.4,61.0,0.0,5.04,0.0,1.3415,Cerah,clearsky_day
dago,"Dago, Bandung",2026-08-03,32.73.02.1004,Dago,kelurahan,no,-6.889,107.61,Asia/Jakarta,"BMKG point: Dago, Coblong, Kota Bandung",03-08-2026,METNO,MET Norway,11:00,2026-08-03 11:00:00,28.0,51.8,0.0,7.2,0.0,1.3415,Cerah,clearsky_day
dago,"Dago, Bandung",2026-08-03,32.73.02.1004,Dago,kelurahan,no,-6.889,107.61,Asia/Jakarta,"BMKG point: Dago, Coblong, Kota Bandung",03-08-2026,METNO,MET Norway,12:00,2026-08-03 12:00:00,29.1,45.7,0.0,9.36,0.0,1.3415,Cerah,clearsky_day
dago,"Dago, Bandung",2026-08-03,32.73.02.1004,Dago,kelurahan,no,-6.889,107.61,Asia/Jakarta,"BMKG point: Dago, Coblong, Kota Bandung",03-08-2026,METNO,MET Norway,13:00,2026-08-03 13:00:00,29.5,44.7,1.2,12.96,0.0,1.3415,Hujan Lebat,heavyrainshowers_day
dago,"Dago, Bandung",2026-08-03,32.73.02.1004,Dago,kelurahan,no,-6.889,107.61,Asia/Jakarta,"BMKG point: Dago, Coblong, Kota Bandung",03-08-2026,METNO,MET Norway,14:00,2026-08-03 14:00:00,28.7,48.7,1.4,14.4,0.0,1.3415,Hujan Lebat,heavyrainshowers_day
dago,"Dago, Bandung",2026-08-03,32.73.02.1004,Dago,kelurahan,no,-6.889,107.61,Asia/Jakarta,"BMKG point: Dago, Coblong, Kota Bandung",03-08-2026,METNO,MET Norway,15:00,2026-08-03 15:00:00,28.0,51.3,1.1,13.68,0.0,1.3415,Hujan Lebat,heavyrainshowers_day
dago,"Dago, Bandung",2026-08-03,32.73.02.1004,Dago,kelurahan,no,-6.889,107.61,Asia/Jakarta,"BMKG point: Dago, Coblong, Kota Bandung",03-08-2026,METNO,MET Norway,16:00,2026-08-03 16:00:00,27.1,56.8,0.6,11.52,0.0,1.3415,Hujan Ringan,rainshowers_day
dago,"Dago, Bandung",2026-08-03,32.73.02.1004,Dago,kelurahan,no,-6.889,107.61,Asia/Jakarta,"BMKG point: Dago, Coblong, Kota Bandung",03-08-2026,METNO,MET Norway,17:00,2026-08-03 17:00:00,25.7,65.0,0.2,10.44,0.0,1.3415,Hujan Ringan,lightrainshowers_day
dago,"Dago, Bandung",2026-08-03,32.73.02.1004,Dago,kelurahan,no,-6.889,107.61,Asia/Jakarta,"BMKG point: Dago, Coblong, Kota Bandung",03-08-2026,METNO,MET Norway,18:00,2026-08-03 18:00:00,24.1,75.1,0.2,6.12,0.0,1.3415,Hujan Ringan,lightrainshowers_night
dago,"Dago, Bandung",2026-08-03,32.73.02.1004,Dago,kelurahan,no,-6.889,107.61,Asia/Jakarta,"BMKG point: Dago, Coblong, Kota Bandung",03-08-2026,METNO,MET Norway,19:00,2026-08-03 19:00:00,22.9,83.1,0.2,5.4,0.0,1.3415,Hujan Ringan,lightrainshowers_night
dago,"Dago, Bandung",2026-08-03,32.73.02.1004,Dago,kelurahan,no,-6.889,107.61,Asia/Jakarta,"BMKG point: Dago, Coblong, Kota Bandung",03-08-2026,METNO,MET Norway,20:00,2026-08-03 20:00:00,22.4,87.5,0.0,4.68,0.0,1.3415,Berawan,fog
dago,"Dago, Bandung",2026-08-03,32.73.02.1004,Dago,kelurahan,no,-6.889,107.61,Asia/Jakarta,"BMKG point: Dago, Coblong, Kota Bandung",03-08-2026,METNO,MET Norway,21:00,2026-08-03 21:00:00,22.1,89.6,0.0,3.96,0.0,1.3415,Berawan,fog
dago,"Dago, Bandung",2026-08-03,32.73.02.1004,Dago,kelurahan,no,-6.889,107.61,Asia/Jakarta,"BMKG point: Dago, Coblong, Kota Bandung",03-08-2026,METNO,MET Norway,22:00,2026-08-03 22:00:00,21.5,92.6,0.0,3.6,0.0,1.3415,Berawan,fog
dago,"Dago, Bandung",2026-08-03,32.73.02.1004,Dago,kelurahan,no,-6.889,107.61,Asia/Jakarta,"BMKG point: Dago, Coblong, Kota Bandung",03-08-2026,METNO,MET Norway,23:00,2026-08-03 23:00:00,20.8,95.8,0.0,3.6,0.0,1.3415,Berawan,fog
dago,"Dago, Bandung",2026-08-03,32.73.02.1004,Dago,kelurahan,no,-6.889,107.61,Asia/Jakarta,"BMKG point: Dago, Coblong, Kota Bandung",03-08-2026,UKMO,Open-Meteo / UK Met Office,00:00,2026-08-03 00:00:00,21.6,90.0,0.0,3.6,0.0,1.3298,Cerah Berawan,wmo:2
dago,"Dago, Bandung",2026-08-03,32.73.02.1004,Dago,kelurahan,no,-6.889,107.61,Asia/Jakarta,"BMKG point: Dago, Coblong, Kota Bandung",03-08-2026,UKMO,Open-Meteo / UK Met Office,01:00,2026-08-03 01:00:00,21.6,92.0,0.0,2.9,0.0,1.3298,Cerah Berawan,wmo:2
dago,"Dago, Bandung",2026-08-03,32.73.02.1004,Dago,kelurahan,no,-6.889,107.61,Asia/Jakarta,"BMKG point: Dago, Coblong, Kota Bandung",03-08-2026,UKMO,Open-Meteo / UK Met Office,02:00,2026-08-03 02:00:00,21.3,93.0,0.0,1.8,0.0,1.3298,Cerah Berawan,wmo:1
dago,"Dago, Bandung",2026-08-03,32.73.02.1004,Dago,kelurahan,no,-6.889,107.61,Asia/Jakarta,"BMKG point: Dago, Coblong, Kota Bandung",03-08-2026,UKMO,Open-Meteo / UK Met Office,03:00,2026-08-03 03:00:00,20.7,95.0,0.0,1.1,0.0,1.3298,Cerah Berawan,wmo:1
dago,"Dago, Bandung",2026-08-03,32.73.02.1004,Dago,kelurahan,no,-6.889,107.61,Asia/Jakarta,"BMKG point: Dago, Coblong, Kota Bandung",03-08-2026,UKMO,Open-Meteo / UK Met Office,04:00,2026-08-03 04:00:00,20.5,95.0,0.0,1.1,0.0,1.3298,Berawan,wmo:3
dago,"Dago, Bandung",2026-08-03,32.73.02.1004,Dago,kelurahan,no,-6.889,107.61,Asia/Jakarta,"BMKG point: Dago, Coblong, Kota Bandung",03-08-2026,UKMO,Open-Meteo / UK Met Office,05:00,2026-08-03 05:00:00,20.8,93.0,0.0,1.1,0.0,1.3298,Berawan,wmo:3
dago,"Dago, Bandung",2026-08-03,32.73.02.1004,Dago,kelurahan,no,-6.889,107.61,Asia/Jakarta,"BMKG point: Dago, Coblong, Kota Bandung",03-08-2026,UKMO,Open-Meteo / UK Met Office,06:00,2026-08-03 06:00:00,20.7,94.0,0.0,1.1,0.0,1.3298,Berawan,wmo:3
dago,"Dago, Bandung",2026-08-03,32.73.02.1004,Dago,kelurahan,no,-6.889,107.61,Asia/Jakarta,"BMKG point: Dago, Coblong, Kota Bandung",03-08-2026,UKMO,Open-Meteo / UK Met Office,07:00,2026-08-03 07:00:00,20.9,90.0,0.0,2.2,0.0,1.3298,Cerah Berawan,wmo:2
dago,"Dago, Bandung",2026-08-03,32.73.02.1004,Dago,kelurahan,no,-6.889,107.61,Asia/Jakarta,"BMKG point: Dago, Coblong, Kota Bandung",03-08-2026,UKMO,Open-Meteo / UK Met Office,08:00,2026-08-03 08:00:00,21.7,85.0,0.0,1.1,0.0,1.3298,Cerah,wmo:0
dago,"Dago, Bandung",2026-08-03,32.73.02.1004,Dago,kelurahan,no,-6.889,107.61,Asia/Jakarta,"BMKG point: Dago, Coblong, Kota Bandung",03-08-2026,UKMO,Open-Meteo / UK Met Office,09:00,2026-08-03 09:00:00,23.0,79.0,0.0,2.5,0.0,1.3298,Cerah,wmo:0
dago,"Dago, Bandung",2026-08-03,32.73.02.1004,Dago,kelurahan,no,-6.889,107.61,Asia/Jakarta,"BMKG point: Dago, Coblong, Kota Bandung",03-08-2026,UKMO,Open-Meteo / UK Met Office,10:00,2026-08-03 10:00:00,24.4,73.0,0.0,3.2,0.0,1.3298,Cerah Berawan,wmo:1
dago,"Dago, Bandung",2026-08-03,32.73.02.1004,Dago,kelurahan,no,-6.889,107.61,Asia/Jakarta,"BMKG point: Dago, Coblong, Kota Bandung",03-08-2026,UKMO,Open-Meteo / UK Met Office,11:00,2026-08-03 11:00:00,25.8,66.0,0.0,4.7,0.0,1.3298,Cerah,wmo:0
dago,"Dago, Bandung",2026-08-03,32.73.02.1004,Dago,kelurahan,no,-6.889,107.61,Asia/Jakarta,"BMKG point: Dago, Coblong, Kota Bandung",03-08-2026,UKMO,Open-Meteo / UK Met Office,12:00,2026-08-03 12:00:00,27.4,58.0,0.0,4.0,0.0,1.3298,Cerah,wmo:0
dago,"Dago, Bandung",2026-08-03,32.73.02.1004,Dago,kelurahan,no,-6.889,107.61,Asia/Jakarta,"BMKG point: Dago, Coblong, Kota Bandung",03-08-2026,UKMO,Open-Meteo / UK Met Office,13:00,2026-08-03 13:00:00,28.7,49.0,0.0,5.0,0.0,1.3298,Cerah Berawan,wmo:1
dago,"Dago, Bandung",2026-08-03,32.73.02.1004,Dago,kelurahan,no,-6.889,107.61,Asia/Jakarta,"BMKG point: Dago, Coblong, Kota Bandung",03-08-2026,UKMO,Open-Meteo / UK Met Office,14:00,2026-08-03 14:00:00,29.0,48.0,0.0,6.8,0.0,1.3298,Cerah Berawan,wmo:2
dago,"Dago, Bandung",2026-08-03,32.73.02.1004,Dago,kelurahan,no,-6.889,107.61,Asia/Jakarta,"BMKG point: Dago, Coblong, Kota Bandung",03-08-2026,UKMO,Open-Meteo / UK Met Office,15:00,2026-08-03 15:00:00,28.4,53.0,0.0,10.1,0.0,1.3298,Cerah Berawan,wmo:2
dago,"Dago, Bandung",2026-08-03,32.73.02.1004,Dago,kelurahan,no,-6.889,107.61,Asia/Jakarta,"BMKG point: Dago, Coblong, Kota Bandung",03-08-2026,UKMO,Open-Meteo / UK Met Office,16:00,2026-08-03 16:00:00,26.5,64.0,0.2,12.6,0.0,1.3298,Hujan Ringan,wmo:51
dago,"Dago, Bandung",2026-08-03,32.73.02.1004,Dago,kelurahan,no,-6.889,107.61,Asia/Jakarta,"BMKG point: Dago, Coblong, Kota Bandung",03-08-2026,UKMO,Open-Meteo / UK Met Office,17:00,2026-08-03 17:00:00,25.5,66.0,0.2,11.5,0.0,1.3298,Hujan Ringan,wmo:51
dago,"Dago, Bandung",2026-08-03,32.73.02.1004,Dago,kelurahan,no,-6.889,107.61,Asia/Jakarta,"BMKG point: Dago, Coblong, Kota Bandung",03-08-2026,UKMO,Open-Meteo / UK Met Office,18:00,2026-08-03 18:00:00,24.3,68.0,0.1,9.4,0.0,1.3298,Hujan Ringan,wmo:51
dago,"Dago, Bandung",2026-08-03,32.73.02.1004,Dago,kelurahan,no,-6.889,107.61,Asia/Jakarta,"BMKG point: Dago, Coblong, Kota Bandung",03-08-2026,UKMO,Open-Meteo / UK Met Office,19:00,2026-08-03 19:00:00,23.4,71.0,0.0,6.1,0.0,1.3298,Cerah,wmo:0
dago,"Dago, Bandung",2026-08-03,32.73.02.1004,Dago,kelurahan,no,-6.889,107.61,Asia/Jakarta,"BMKG point: Dago, Coblong, Kota Bandung",03-08-2026,UKMO,Open-Meteo / UK Met Office,20:00,2026-08-03 20:00:00,22.7,75.0,0.0,4.3,0.0,1.3298,Cerah,wmo:0
dago,"Dago, Bandung",2026-08-03,32.73.02.1004,Dago,kelurahan,no,-6.889,107.61,Asia/Jakarta,"BMKG point: Dago, Coblong, Kota Bandung",03-08-2026,UKMO,Open-Meteo / UK Met Office,21:00,2026-08-03 21:00:00,22.0,81.0,0.0,2.9,0.0,1.3298,Cerah,wmo:0
dago,"Dago, Bandung",2026-08-03,32.73.02.1004,Dago,kelurahan,no,-6.889,107.61,Asia/Jakarta,"BMKG point: Dago, Coblong, Kota Bandung",03-08-2026,UKMO,Open-Meteo / UK Met Office,22:00,2026-08-03 22:00:00,21.3,85.0,0.0,2.5,0.0,1.3298,Cerah,wmo:0
dago,"Dago, Bandung",2026-08-03,32.73.02.1004,Dago,kelurahan,no,-6.889,107.61,Asia/Jakarta,"BMKG point: Dago, Coblong, Kota Bandung",03-08-2026,UKMO,Open-Meteo / UK Met Office,23:00,2026-08-03 23:00:00,20.8,88.0,0.0,2.2,0.0,1.3298,Cerah,wmo:0
dago,"Dago, Bandung",2026-08-04,32.73.02.1004,Dago,kelurahan,no,-6.889,107.61,Asia/Jakarta,"BMKG point: Dago, Coblong, Kota Bandung",04-08-2026,BMKG,BMKG,00:00,2026-08-04 01:00:00,19.0,93.0,0.0,1.3,60.0,1.2566,Cerah,Cerah
dago,"Dago, Bandung",2026-08-04,32.73.02.1004,Dago,kelurahan,no,-6.889,107.61,Asia/Jakarta,"BMKG point: Dago, Coblong, Kota Bandung",04-08-2026,BMKG,BMKG,01:00,2026-08-04 01:00:00,19.0,93.0,0.0,1.3,0.0,1.6755,Cerah,Cerah
dago,"Dago, Bandung",2026-08-04,32.73.02.1004,Dago,kelurahan,no,-6.889,107.61,Asia/Jakarta,"BMKG point: Dago, Coblong, Kota Bandung",04-08-2026,BMKG,BMKG,02:00,2026-08-04 01:00:00,19.0,93.0,0.0,1.3,60.0,1.2566,Cerah,Cerah
dago,"Dago, Bandung",2026-08-04,32.73.02.1004,Dago,kelurahan,no,-6.889,107.61,Asia/Jakarta,"BMKG point: Dago, Coblong, Kota Bandung",04-08-2026,BMKG,BMKG,03:00,2026-08-04 04:00:00,18.0,99.0,0.0,1.7,60.0,1.2566,Berawan,Berawan
dago,"Dago, Bandung",2026-08-04,32.73.02.1004,Dago,kelurahan,no,-6.889,107.61,Asia/Jakarta,"BMKG point: Dago, Coblong, Kota Bandung",04-08-2026,BMKG,BMKG,04:00,2026-08-04 04:00:00,18.0,99.0,0.0,1.7,0.0,1.6755,Berawan,Berawan
dago,"Dago, Bandung",2026-08-04,32.73.02.1004,Dago,kelurahan,no,-6.889,107.61,Asia/Jakarta,"BMKG point: Dago, Coblong, Kota Bandung",04-08-2026,BMKG,BMKG,05:00,2026-08-04 04:00:00,18.0,99.0,0.0,1.7,60.0,1.2566,Berawan,Berawan
dago,"Dago, Bandung",2026-08-04,32.73.02.1004,Dago,kelurahan,no,-6.889,107.61,Asia/Jakarta,"BMKG point: Dago, Coblong, Kota Bandung",04-08-2026,BMKG,BMKG,06:00,2026-08-04 07:00:00,23.0,81.0,0.0,2.8,60.0,1.2566,Cerah,Cerah
dago,"Dago, Bandung",2026-08-04,32.73.02.1004,Dago,kelurahan,no,-6.889,107.61,Asia/Jakarta,"BMKG point: Dago, Coblong, Kota Bandung",04-08-2026,BMKG,BMKG,07:00,2026-08-04 07:00:00,23.0,81.0,0.0,2.8,0.0,1.6755,Cerah,Cerah
dago,"Dago, Bandung",2026-08-04,32.73.02.1004,Dago,kelurahan,no,-6.889,107.61,Asia/Jakarta,"BMKG point: Dago, Coblong, Kota Bandung",04-08-2026,BMKG,BMKG,08:00,2026-08-04 07:00:00,23.0,81.0,0.0,2.8,60.0,1.2566,Cerah,Cerah
dago,"Dago, Bandung",2026-08-04,32.73.02.1004,Dago,kelurahan,no,-6.889,107.61,Asia/Jakarta,"BMKG point: Dago, Coblong, Kota Bandung",04-08-2026,BMKG,BMKG,09:00,2026-08-04 10:00:00,30.0,46.0,0.0,9.0,60.0,1.2566,Cerah,Cerah
dago,"Dago, Bandung",2026-08-04,32.73.02.1004,Dago,kelurahan,no,-6.889,107.61,Asia/Jakarta,"BMKG point: Dago, Coblong, Kota Bandung",04-08-2026,BMKG,BMKG,10:00,2026-08-04 10:00:00,30.0,46.0,0.0,9.0,0.0,1.6755,Cerah,Cerah
dago,"Dago, Bandung",2026-08-04,32.73.02.1004,Dago,kelurahan,no,-6.889,107.61,Asia/Jakarta,"BMKG point: Dago, Coblong, Kota Bandung",04-08-2026,BMKG,BMKG,11:00,2026-08-04 10:00:00,30.0,46.0,0.0,9.0,60.0,1.2566,Cerah,Cerah
dago,"Dago, Bandung",2026-08-04,32.73.02.1004,Dago,kelurahan,no,-6.889,107.61,Asia/Jakarta,"BMKG point: Dago, Coblong, Kota Bandung",04-08-2026,BMKG,BMKG,12:00,2026-08-04 13:00:00,31.0,44.0,0.0,9.0,60.0,1.2566,Cerah,Cerah
dago,"Dago, Bandung",2026-08-04,32.73.02.1004,Dago,kelurahan,no,-6.889,107.61,Asia/Jakarta,"BMKG point: Dago, Coblong, Kota Bandung",04-08-2026,BMKG,BMKG,13:00,2026-08-04 13:00:00,31.0,44.0,0.0,9.0,0.0,1.6755,Cerah,Cerah
dago,"Dago, Bandung",2026-08-04,32.73.02.1004,Dago,kelurahan,no,-6.889,107.61,Asia/Jakarta,"BMKG point: Dago, Coblong, Kota Bandung",04-08-2026,BMKG,BMKG,14:00,2026-08-04 13:00:00,31.0,44.0,0.0,9.0,60.0,1.2566,Cerah,Cerah
dago,"Dago, Bandung",2026-08-04,32.73.02.1004,Dago,kelurahan,no,-6.889,107.61,Asia/Jakarta,"BMKG point: Dago, Coblong, Kota Bandung",04-08-2026,BMKG,BMKG,15:00,2026-08-04 16:00:00,26.0,62.0,0.0,4.3,60.0,1.2566,Berawan,Berawan
dago,"Dago, Bandung",2026-08-04,32.73.02.1004,Dago,kelurahan,no,-6.889,107.61,Asia/Jakarta,"BMKG point: Dago, Coblong, Kota Bandung",04-08-2026,BMKG,BMKG,16:00,2026-08-04 16:00:00,26.0,62.0,0.0,4.3,0.0,1.6755,Berawan,Berawan
dago,"Dago, Bandung",2026-08-04,32.73.02.1004,Dago,kelurahan,no,-6.889,107.61,Asia/Jakarta,"BMKG point: Dago, Coblong, Kota Bandung",04-08-2026,BMKG,BMKG,17:00,2026-08-04 16:00:00,26.0,62.0,0.0,4.3,60.0,1.2566,Berawan,Berawan
dago,"Dago, Bandung",2026-08-04,32.73.02.1004,Dago,kelurahan,no,-6.889,107.61,Asia/Jakarta,"BMKG point: Dago, Coblong, Kota Bandung",04-08-2026,BMKG,BMKG,18:00,2026-08-04 19:00:00,22.0,80.0,0.0,4.3,60.0,1.2566,Cerah Berawan,Cerah Berawan
dago,"Dago, Bandung",2026-08-04,32.73.02.1004,Dago,kelurahan,no,-6.889,107.61,Asia/Jakarta,"BMKG point: Dago, Coblong, Kota Bandung",04-08-2026,BMKG,BMKG,19:00,2026-08-04 19:00:00,22.0,80.0,0.0,4.3,0.0,1.6755,Cerah Berawan,Cerah Berawan
dago,"Dago, Bandung",2026-08-04,32.73.02.1004,Dago,kelurahan,no,-6.889,107.61,Asia/Jakarta,"BMKG point: Dago, Coblong, Kota Bandung",04-08-2026,BMKG,BMKG,20:00,2026-08-04 19:00:00,22.0,80.0,0.0,4.3,60.0,1.2566,Cerah Berawan,Cerah Berawan
dago,"Dago, Bandung",2026-08-04,32.73.02.1004,Dago,kelurahan,no,-6.889,107.61,Asia/Jakarta,"BMKG point: Dago, Coblong, Kota Bandung",04-08-2026,BMKG,BMKG,21:00,2026-08-04 22:00:00,20.0,90.0,0.0,0.7,60.0,1.2566,Cerah Berawan,Cerah Berawan
dago,"Dago, Bandung",2026-08-04,32.73.02.1004,Dago,kelurahan,no,-6.889,107.61,Asia/Jakarta,"BMKG point: Dago, Coblong, Kota Bandung",04-08-2026,BMKG,BMKG,22:00,2026-08-04 22:00:00,20.0,90.0,0.0,0.7,0.0,1.6755,Cerah Berawan,Cerah Berawan
dago,"Dago, Bandung",2026-08-04,32.73.02.1004,Dago,kelurahan,no,-6.889,107.61,Asia/Jakarta,"BMKG point: Dago, Coblong, Kota Bandung",04-08-2026,BMKG,BMKG,23:00,2026-08-04 22:00:00,20.0,90.0,0.0,0.7,60.0,1.2566,Cerah Berawan,Cerah Berawan
dago,"Dago, Bandung",2026-08-04,32.73.02.1004,Dago,kelurahan,no,-6.889,107.61,Asia/Jakarta,"BMKG point: Dago, Coblong, Kota Bandung",04-08-2026,CMA,Open-Meteo / CMA GRAPES,00:00,2026-08-04 00:00:00,22.6,95.0,0.1,5.6,0.0,1.1426,Hujan Ringan,wmo:51
dago,"Dago, Bandung",2026-08-04,32.73.02.1004,Dago,kelurahan,no,-6.889,107.61,Asia/Jakarta,"BMKG point: Dago, Coblong, Kota Bandung",04-08-2026,CMA,Open-Meteo / CMA GRAPES,01:00,2026-08-04 01:00:00,22.4,95.0,0.1,5.6,0.0,1.1426,Hujan Ringan,wmo:51
dago,"Dago, Bandung",2026-08-04,32.73.02.1004,Dago,kelurahan,no,-6.889,107.61,Asia/Jakarta,"BMKG point: Dago, Coblong, Kota Bandung",04-08-2026,CMA,Open-Meteo / CMA GRAPES,02:00,2026-08-04 02:00:00,21.9,96.0,0.0,4.7,0.0,1.1426,Berawan,wmo:45
dago,"Dago, Bandung",2026-08-04,32.73.02.1004,Dago,kelurahan,no,-6.889,107.61,Asia/Jakarta,"BMKG point: Dago, Coblong, Kota Bandung",04-08-2026,CMA,Open-Meteo / CMA GRAPES,03:00,2026-08-04 03:00:00,21.4,97.0,0.0,3.4,0.0,1.1426,Berawan,wmo:45
dago,"Dago, Bandung",2026-08-04,32.73.02.1004,Dago,kelurahan,no,-6.889,107.61,Asia/Jakarta,"BMKG point: Dago, Coblong, Kota Bandung",04-08-2026,CMA,Open-Meteo / CMA GRAPES,04:00,2026-08-04 04:00:00,21.1,97.0,0.0,2.3,0.0,1.1426,Berawan,wmo:45
dago,"Dago, Bandung",2026-08-04,32.73.02.1004,Dago,kelurahan,no,-6.889,107.61,Asia/Jakarta,"BMKG point: Dago, Coblong, Kota Bandung",04-08-2026,CMA,Open-Meteo / CMA GRAPES,05:00,2026-08-04 05:00:00,21.1,96.0,0.0,1.3,0.0,1.1426,Berawan,wmo:45
dago,"Dago, Bandung",2026-08-04,32.73.02.1004,Dago,kelurahan,no,-6.889,107.61,Asia/Jakarta,"BMKG point: Dago, Coblong, Kota Bandung",04-08-2026,CMA,Open-Meteo / CMA GRAPES,06:00,2026-08-04 06:00:00,21.3,95.0,0.0,1.5,0.0,1.1426,Berawan,wmo:45
dago,"Dago, Bandung",2026-08-04,32.73.02.1004,Dago,kelurahan,no,-6.889,107.61,Asia/Jakarta,"BMKG point: Dago, Coblong, Kota Bandung",04-08-2026,CMA,Open-Meteo / CMA GRAPES,07:00,2026-08-04 07:00:00,21.8,93.0,0.0,2.2,0.0,1.1426,Cerah Berawan,wmo:2
dago,"Dago, Bandung",2026-08-04,32.73.02.1004,Dago,kelurahan,no,-6.889,107.61,Asia/Jakarta,"BMKG point: Dago, Coblong, Kota Bandung",04-08-2026,CMA,Open-Meteo / CMA GRAPES,08:00,2026-08-04 08:00:00,22.7,90.0,0.0,3.6,0.0,1.1426,Berawan,wmo:45
dago,"Dago, Bandung",2026-08-04,32.73.02.1004,Dago,kelurahan,no,-6.889,107.61,Asia/Jakarta,"BMKG point: Dago, Coblong, Kota Bandung",04-08-2026,CMA,Open-Meteo / CMA GRAPES,09:00,2026-08-04 09:00:00,23.9,86.0,0.0,5.8,0.0,1.1426,Berawan,wmo:45
dago,"Dago, Bandung",2026-08-04,32.73.02.1004,Dago,kelurahan,no,-6.889,107.61,Asia/Jakarta,"BMKG point: Dago, Coblong, Kota Bandung",04-08-2026,CMA,Open-Meteo / CMA GRAPES,10:00,2026-08-04 10:00:00,24.8,83.0,0.0,7.6,0.0,1.1426,Berawan,wmo:45
dago,"Dago, Bandung",2026-08-04,32.73.02.1004,Dago,kelurahan,no,-6.889,107.61,Asia/Jakarta,"BMKG point: Dago, Coblong, Kota Bandung",04-08-2026,CMA,Open-Meteo / CMA GRAPES,11:00,2026-08-04 11:00:00,25.4,81.0,0.9,9.1,0.0,1.1426,Hujan Ringan,wmo:53
dago,"Dago, Bandung",2026-08-04,32.73.02.1004,Dago,kelurahan,no,-6.889,107.61,Asia/Jakarta,"BMKG point: Dago, Coblong, Kota Bandung",04-08-2026,CMA,Open-Meteo / CMA GRAPES,12:00,2026-08-04 12:00:00,25.8,78.0,0.9,10.9,0.0,1.1426,Hujan Ringan,wmo:53
dago,"Dago, Bandung",2026-08-04,32.73.02.1004,Dago,kelurahan,no,-6.889,107.61,Asia/Jakarta,"BMKG point: Dago, Coblong, Kota Bandung",04-08-2026,CMA,Open-Meteo / CMA GRAPES,13:00,2026-08-04 13:00:00,26.2,75.0,0.9,11.6,0.0,1.1426,Hujan Ringan,wmo:53
dago,"Dago, Bandung",2026-08-04,32.73.02.1004,Dago,kelurahan,no,-6.889,107.61,Asia/Jakarta,"BMKG point: Dago, Coblong, Kota Bandung",04-08-2026,CMA,Open-Meteo / CMA GRAPES,14:00,2026-08-04 14:00:00,26.6,68.0,0.2,11.5,0.0,1.1426,Hujan Ringan,wmo:51
dago,"Dago, Bandung",2026-08-04,32.73.02.1004,Dago,kelurahan,no,-6.889,107.61,Asia/Jakarta,"BMKG point: Dago, Coblong, Kota Bandung",04-08-2026,CMA,Open-Meteo / CMA GRAPES,15:00,2026-08-04 15:00:00,27.0,60.0,0.2,11.3,0.0,1.1426,Hujan Ringan,wmo:51
dago,"Dago, Bandung",2026-08-04,32.73.02.1004,Dago,kelurahan,no,-6.889,107.61,Asia/Jakarta,"BMKG point: Dago, Coblong, Kota Bandung",04-08-2026,CMA,Open-Meteo / CMA GRAPES,16:00,2026-08-04 16:00:00,26.9,57.0,0.2,10.8,0.0,1.1426,Hujan Ringan,wmo:51
dago,"Dago, Bandung",2026-08-04,32.73.02.1004,Dago,kelurahan,no,-6.889,107.61,Asia/Jakarta,"BMKG point: Dago, Coblong, Kota Bandung",04-08-2026,CMA,Open-Meteo / CMA GRAPES,17:00,2026-08-04 17:00:00,25.9,66.0,0.0,9.4,0.0,1.1426,Cerah Berawan,wmo:1
dago,"Dago, Bandung",2026-08-04,32.73.02.1004,Dago,kelurahan,no,-6.889,107.61,Asia/Jakarta,"BMKG point: Dago, Coblong, Kota Bandung",04-08-2026,CMA,Open-Meteo / CMA GRAPES,18:00,2026-08-04 18:00:00,24.4,80.0,0.0,8.0,0.0,1.1426,Cerah Berawan,wmo:1
dago,"Dago, Bandung",2026-08-04,32.73.02.1004,Dago,kelurahan,no,-6.889,107.61,Asia/Jakarta,"BMKG point: Dago, Coblong, Kota Bandung",04-08-2026,CMA,Open-Meteo / CMA GRAPES,19:00,2026-08-04 19:00:00,23.2,91.0,0.0,6.2,0.0,1.1426,Cerah Berawan,wmo:1
dago,"Dago, Bandung",2026-08-04,32.73.02.1004,Dago,kelurahan,no,-6.889,107.61,Asia/Jakarta,"BMKG point: Dago, Coblong, Kota Bandung",04-08-2026,CMA,Open-Meteo / CMA GRAPES,20:00,2026-08-04 20:00:00,22.7,94.0,0.0,5.2,0.0,1.1426,Cerah Berawan,wmo:1
dago,"Dago, Bandung",2026-08-04,32.73.02.1004,Dago,kelurahan,no,-6.889,107.61,Asia/Jakarta,"BMKG point: Dago, Coblong, Kota Bandung",04-08-2026,CMA,Open-Meteo / CMA GRAPES,21:00,2026-08-04 21:00:00,22.5,92.0,0.0,4.6,0.0,1.1426,Cerah Berawan,wmo:1
dago,"Dago, Bandung",2026-08-04,32.73.02.1004,Dago,kelurahan,no,-6.889,107.61,Asia/Jakarta,"BMKG point: Dago, Coblong, Kota Bandung",04-08-2026,CMA,Open-Meteo / CMA GRAPES,22:00,2026-08-04 22:00:00,22.4,91.0,0.0,4.7,0.0,1.1426,Cerah Berawan,wmo:1
dago,"Dago, Bandung",2026-08-04,32.73.02.1004,Dago,kelurahan,no,-6.889,107.61,Asia/Jakarta,"BMKG point: Dago, Coblong, Kota Bandung",04-08-2026,CMA,Open-Meteo / CMA GRAPES,23:00,2026-08-04 23:00:00,22.2,90.0,0.0,4.7,0.0,1.1426,Cerah Berawan,wmo:1
dago,"Dago, Bandung",2026-08-04,32.73.02.1004,Dago,kelurahan,no,-6.889,107.61,Asia/Jakarta,"BMKG point: Dago, Coblong, Kota Bandung",04-08-2026,ECMWF,Open-Meteo / ECMWF,00:00,2026-08-04 00:00:00,19.4,88.0,0.0,1.8,0.0,1.6816,Berawan,wmo:3
dago,"Dago, Bandung",2026-08-04,32.73.02.1004,Dago,kelurahan,no,-6.889,107.61,Asia/Jakarta,"BMKG point: Dago, Coblong, Kota Bandung",04-08-2026,ECMWF,Open-Meteo / ECMWF,01:00,2026-08-04 01:00:00,19.0,88.0,0.0,1.1,0.0,1.6816,Berawan,wmo:3
dago,"Dago, Bandung",2026-08-04,32.73.02.1004,Dago,kelurahan,no,-6.889,107.61,Asia/Jakarta,"BMKG point: Dago, Coblong, Kota Bandung",04-08-2026,ECMWF,Open-Meteo / ECMWF,02:00,2026-08-04 02:00:00,18.5,89.0,0.1,0.8,0.0,1.6816,Hujan Ringan,wmo:51
dago,"Dago, Bandung",2026-08-04,32.73.02.1004,Dago,kelurahan,no,-6.889,107.61,Asia/Jakarta,"BMKG point: Dago, Coblong, Kota Bandung",04-08-2026,ECMWF,Open-Meteo / ECMWF,03:00,2026-08-04 03:00:00,18.0,91.0,0.1,0.8,0.0,1.6816,Hujan Ringan,wmo:51
dago,"Dago, Bandung",2026-08-04,32.73.02.1004,Dago,kelurahan,no,-6.889,107.61,Asia/Jakarta,"BMKG point: Dago, Coblong, Kota Bandung",04-08-2026,ECMWF,Open-Meteo / ECMWF,04:00,2026-08-04 04:00:00,17.7,92.0,0.1,0.8,0.0,1.6816,Hujan Ringan,wmo:51
dago,"Dago, Bandung",2026-08-04,32.73.02.1004,Dago,kelurahan,no,-6.889,107.61,Asia/Jakarta,"BMKG point: Dago, Coblong, Kota Bandung",04-08-2026,ECMWF,Open-Meteo / ECMWF,05:00,2026-08-04 05:00:00,17.6,92.0,0.0,1.3,0.0,1.6816,Cerah Berawan,wmo:2
dago,"Dago, Bandung",2026-08-04,32.73.02.1004,Dago,kelurahan,no,-6.889,107.61,Asia/Jakarta,"BMKG point: Dago, Coblong, Kota Bandung",04-08-2026,ECMWF,Open-Meteo / ECMWF,06:00,2026-08-04 06:00:00,17.8,91.0,0.0,2.1,0.0,1.6816,Cerah Berawan,wmo:2
dago,"Dago, Bandung",2026-08-04,32.73.02.1004,Dago,kelurahan,no,-6.889,107.61,Asia/Jakarta,"BMKG point: Dago, Coblong, Kota Bandung",04-08-2026,ECMWF,Open-Meteo / ECMWF,07:00,2026-08-04 07:00:00,18.7,87.0,0.0,1.6,0.0,1.6816,Cerah Berawan,wmo:1
dago,"Dago, Bandung",2026-08-04,32.73.02.1004,Dago,kelurahan,no,-6.889,107.61,Asia/Jakarta,"BMKG point: Dago, Coblong, Kota Bandung",04-08-2026,ECMWF,Open-Meteo / ECMWF,08:00,2026-08-04 08:00:00,20.9,79.0,0.0,0.8,0.0,1.6816,Cerah Berawan,wmo:1
dago,"Dago, Bandung",2026-08-04,32.73.02.1004,Dago,kelurahan,no,-6.889,107.61,Asia/Jakarta,"BMKG point: Dago, Coblong, Kota Bandung",04-08-2026,ECMWF,Open-Meteo / ECMWF,09:00,2026-08-04 09:00:00,23.8,68.0,0.0,3.8,0.0,1.6816,Cerah,wmo:0
dago,"Dago, Bandung",2026-08-04,32.73.02.1004,Dago,kelurahan,no,-6.889,107.61,Asia/Jakarta,"BMKG point: Dago, Coblong, Kota Bandung",04-08-2026,ECMWF,Open-Meteo / ECMWF,10:00,2026-08-04 10:00:00,26.1,59.0,0.0,6.5,0.0,1.6816,Cerah,wmo:0
dago,"Dago, Bandung",2026-08-04,32.73.02.1004,Dago,kelurahan,no,-6.889,107.61,Asia/Jakarta,"BMKG point: Dago, Coblong, Kota Bandung",04-08-2026,ECMWF,Open-Meteo / ECMWF,11:00,2026-08-04 11:00:00,27.4,54.0,0.0,7.8,0.0,1.6816,Cerah,wmo:0
dago,"Dago, Bandung",2026-08-04,32.73.02.1004,Dago,kelurahan,no,-6.889,107.61,Asia/Jakarta,"BMKG point: Dago, Coblong, Kota Bandung",04-08-2026,ECMWF,Open-Meteo / ECMWF,12:00,2026-08-04 12:00:00,28.2,50.0,0.0,8.7,0.0,1.6816,Cerah,wmo:0
dago,"Dago, Bandung",2026-08-04,32.73.02.1004,Dago,kelurahan,no,-6.889,107.61,Asia/Jakarta,"BMKG point: Dago, Coblong, Kota Bandung",04-08-2026,ECMWF,Open-Meteo / ECMWF,13:00,2026-08-04 13:00:00,28.6,48.0,0.0,9.8,0.0,1.6816,Cerah Berawan,wmo:1
dago,"Dago, Bandung",2026-08-04,32.73.02.1004,Dago,kelurahan,no,-6.889,107.61,Asia/Jakarta,"BMKG point: Dago, Coblong, Kota Bandung",04-08-2026,ECMWF,Open-Meteo / ECMWF,14:00,2026-08-04 14:00:00,28.7,47.0,0.1,10.7,0.0,1.6816,Hujan Ringan,wmo:51
dago,"Dago, Bandung",2026-08-04,32.73.02.1004,Dago,kelurahan,no,-6.889,107.61,Asia/Jakarta,"BMKG point: Dago, Coblong, Kota Bandung",04-08-2026,ECMWF,Open-Meteo / ECMWF,15:00,2026-08-04 15:00:00,28.5,47.0,0.1,12.0,0.0,1.6816,Hujan Ringan,wmo:51
dago,"Dago, Bandung",2026-08-04,32.73.02.1004,Dago,kelurahan,no,-6.889,107.61,Asia/Jakarta,"BMKG point: Dago, Coblong, Kota Bandung",04-08-2026,ECMWF,Open-Meteo / ECMWF,16:00,2026-08-04 16:00:00,27.8,50.0,0.1,12.2,0.0,1.6816,Hujan Ringan,wmo:51
dago,"Dago, Bandung",2026-08-04,32.73.02.1004,Dago,kelurahan,no,-6.889,107.61,Asia/Jakarta,"BMKG point: Dago, Coblong, Kota Bandung",04-08-2026,ECMWF,Open-Meteo / ECMWF,17:00,2026-08-04 17:00:00,26.5,56.0,0.1,10.5,0.0,1.6816,Hujan Ringan,wmo:51
dago,"Dago, Bandung",2026-08-04,32.73.02.1004,Dago,kelurahan,no,-6.889,107.61,Asia/Jakarta,"BMKG point: Dago, Coblong, Kota Bandung",04-08-2026,ECMWF,Open-Meteo / ECMWF,18:00,2026-08-04 18:00:00,24.8,65.0,0.1,8.7,0.0,1.6816,Hujan Ringan,wmo:51
dago,"Dago, Bandung",2026-08-04,32.73.02.1004,Dago,kelurahan,no,-6.889,107.61,Asia/Jakarta,"BMKG point: Dago, Coblong, Kota Bandung",04-08-2026,ECMWF,Open-Meteo / ECMWF,19:00,2026-08-04 19:00:00,23.3,73.0,0.1,8.3,0.0,1.6816,Hujan Ringan,wmo:51
dago,"Dago, Bandung",2026-08-04,32.73.02.1004,Dago,kelurahan,no,-6.889,107.61,Asia/Jakarta,"BMKG point: Dago, Coblong, Kota Bandung",04-08-2026,ECMWF,Open-Meteo / ECMWF,20:00,2026-08-04 20:00:00,22.2,79.0,0.0,6.8,0.0,1.6816,Cerah Berawan,wmo:2
dago,"Dago, Bandung",2026-08-04,32.73.02.1004,Dago,kelurahan,no,-6.889,107.61,Asia/Jakarta,"BMKG point: Dago, Coblong, Kota Bandung",04-08-2026,ECMWF,Open-Meteo / ECMWF,21:00,2026-08-04 21:00:00,21.4,83.0,0.0,4.3,0.0,1.6816,Cerah Berawan,wmo:2
dago,"Dago, Bandung",2026-08-04,32.73.02.1004,Dago,kelurahan,no,-6.889,107.61,Asia/Jakarta,"BMKG point: Dago, Coblong, Kota Bandung",04-08-2026,ECMWF,Open-Meteo / ECMWF,22:00,2026-08-04 22:00:00,20.8,86.0,0.0,2.4,0.0,1.6816,Cerah Berawan,wmo:2
dago,"Dago, Bandung",2026-08-04,32.73.02.1004,Dago,kelurahan,no,-6.889,107.61,Asia/Jakarta,"BMKG point: Dago, Coblong, Kota Bandung",04-08-2026,ECMWF,Open-Meteo / ECMWF,23:00,2026-08-04 23:00:00,20.3,87.0,0.0,1.3,0.0,1.6816,Cerah Berawan,wmo:2
dago,"Dago, Bandung",2026-08-04,32.73.02.1004,Dago,kelurahan,no,-6.889,107.61,Asia/Jakarta,"BMKG point: Dago, Coblong, Kota Bandung",04-08-2026,GFS,Open-Meteo / NOAA GFS,00:00,2026-08-04 00:00:00,20.2,93.0,0.0,1.6,0.0,1.3737,Cerah,wmo:0
dago,"Dago, Bandung",2026-08-04,32.73.02.1004,Dago,kelurahan,no,-6.889,107.61,Asia/Jakarta,"BMKG point: Dago, Coblong, Kota Bandung",04-08-2026,GFS,Open-Meteo / NOAA GFS,01:00,2026-08-04 01:00:00,19.9,94.0,0.0,0.7,0.0,1.3737,Cerah,wmo:0
dago,"Dago, Bandung",2026-08-04,32.73.02.1004,Dago,kelurahan,no,-6.889,107.61,Asia/Jakarta,"BMKG point: Dago, Coblong, Kota Bandung",04-08-2026,GFS,Open-Meteo / NOAA GFS,02:00,2026-08-04 02:00:00,19.7,94.0,0.0,1.5,0.0,1.3737,Cerah Berawan,wmo:1
dago,"Dago, Bandung",2026-08-04,32.73.02.1004,Dago,kelurahan,no,-6.889,107.61,Asia/Jakarta,"BMKG point: Dago, Coblong, Kota Bandung",04-08-2026,GFS,Open-Meteo / NOAA GFS,03:00,2026-08-04 03:00:00,19.5,94.0,0.0,2.9,0.0,1.3737,Cerah Berawan,wmo:2
dago,"Dago, Bandung",2026-08-04,32.73.02.1004,Dago,kelurahan,no,-6.889,107.61,Asia/Jakarta,"BMKG point: Dago, Coblong, Kota Bandung",04-08-2026,GFS,Open-Meteo / NOAA GFS,04:00,2026-08-04 04:00:00,19.4,94.0,0.0,4.6,0.0,1.3737,Cerah Berawan,wmo:1
dago,"Dago, Bandung",2026-08-04,32.73.02.1004,Dago,kelurahan,no,-6.889,107.61,Asia/Jakarta,"BMKG point: Dago, Coblong, Kota Bandung",04-08-2026,GFS,Open-Meteo / NOAA GFS,05:00,2026-08-04 05:00:00,19.2,93.0,0.0,4.7,0.0,1.3737,Cerah Berawan,wmo:1
dago,"Dago, Bandung",2026-08-04,32.73.02.1004,Dago,kelurahan,no,-6.889,107.61,Asia/Jakarta,"BMKG point: Dago, Coblong, Kota Bandung",04-08-2026,GFS,Open-Meteo / NOAA GFS,06:00,2026-08-04 06:00:00,19.1,93.0,0.0,5.7,0.0,1.3737,Cerah Berawan,wmo:2
dago,"Dago, Bandung",2026-08-04,32.73.02.1004,Dago,kelurahan,no,-6.889,107.61,Asia/Jakarta,"BMKG point: Dago, Coblong, Kota Bandung",04-08-2026,GFS,Open-Meteo / NOAA GFS,07:00,2026-08-04 07:00:00,20.6,88.0,0.0,5.5,0.0,1.3737,Cerah,wmo:0
dago,"Dago, Bandung",2026-08-04,32.73.02.1004,Dago,kelurahan,no,-6.889,107.61,Asia/Jakarta,"BMKG point: Dago, Coblong, Kota Bandung",04-08-2026,GFS,Open-Meteo / NOAA GFS,08:00,2026-08-04 08:00:00,22.8,78.0,0.0,6.1,0.0,1.3737,Berawan,wmo:3
dago,"Dago, Bandung",2026-08-04,32.73.02.1004,Dago,kelurahan,no,-6.889,107.61,Asia/Jakarta,"BMKG point: Dago, Coblong, Kota Bandung",04-08-2026,GFS,Open-Meteo / NOAA GFS,09:00,2026-08-04 09:00:00,25.1,69.0,0.0,3.6,0.0,1.3737,Berawan,wmo:3
dago,"Dago, Bandung",2026-08-04,32.73.02.1004,Dago,kelurahan,no,-6.889,107.61,Asia/Jakarta,"BMKG point: Dago, Coblong, Kota Bandung",04-08-2026,GFS,Open-Meteo / NOAA GFS,10:00,2026-08-04 10:00:00,27.3,60.0,0.0,1.8,0.0,1.3737,Berawan,wmo:3
dago,"Dago, Bandung",2026-08-04,32.73.02.1004,Dago,kelurahan,no,-6.889,107.61,Asia/Jakarta,"BMKG point: Dago, Coblong, Kota Bandung",04-08-2026,GFS,Open-Meteo / NOAA GFS,11:00,2026-08-04 11:00:00,28.6,55.0,0.1,6.7,0.0,1.3737,Hujan Ringan,wmo:51
dago,"Dago, Bandung",2026-08-04,32.73.02.1004,Dago,kelurahan,no,-6.889,107.61,Asia/Jakarta,"BMKG point: Dago, Coblong, Kota Bandung",04-08-2026,GFS,Open-Meteo / NOAA GFS,12:00,2026-08-04 12:00:00,28.4,54.0,0.1,10.1,0.0,1.3737,Hujan Ringan,wmo:51
dago,"Dago, Bandung",2026-08-04,32.73.02.1004,Dago,kelurahan,no,-6.889,107.61,Asia/Jakarta,"BMKG point: Dago, Coblong, Kota Bandung",04-08-2026,GFS,Open-Meteo / NOAA GFS,13:00,2026-08-04 13:00:00,25.2,70.0,0.1,12.6,0.0,1.3737,Hujan Ringan,wmo:51
dago,"Dago, Bandung",2026-08-04,32.73.02.1004,Dago,kelurahan,no,-6.889,107.61,Asia/Jakarta,"BMKG point: Dago, Coblong, Kota Bandung",04-08-2026,GFS,Open-Meteo / NOAA GFS,14:00,2026-08-04 14:00:00,24.1,75.0,0.0,12.1,0.0,1.3737,Berawan,wmo:3
dago,"Dago, Bandung",2026-08-04,32.73.02.1004,Dago,kelurahan,no,-6.889,107.61,Asia/Jakarta,"BMKG point: Dago, Coblong, Kota Bandung",04-08-2026,GFS,Open-Meteo / NOAA GFS,15:00,2026-08-04 15:00:00,25.8,67.0,0.0,10.2,0.0,1.3737,Berawan,wmo:3
dago,"Dago, Bandung",2026-08-04,32.73.02.1004,Dago,kelurahan,no,-6.889,107.61,Asia/Jakarta,"BMKG point: Dago, Coblong, Kota Bandung",04-08-2026,GFS,Open-Meteo / NOAA GFS,16:00,2026-08-04 16:00:00,27.1,61.0,0.1,8.3,0.0,1.3737,Hujan Ringan,wmo:51
dago,"Dago, Bandung",2026-08-04,32.73.02.1004,Dago,kelurahan,no,-6.889,107.61,Asia/Jakarta,"BMKG point: Dago, Coblong, Kota Bandung",04-08-2026,GFS,Open-Meteo / NOAA GFS,17:00,2026-08-04 17:00:00,25.2,71.0,0.3,9.8,0.0,1.3737,Hujan Ringan,wmo:51
dago,"Dago, Bandung",2026-08-04,32.73.02.1004,Dago,kelurahan,no,-6.889,107.61,Asia/Jakarta,"BMKG point: Dago, Coblong, Kota Bandung",04-08-2026,GFS,Open-Meteo / NOAA GFS,18:00,2026-08-04 18:00:00,22.7,84.0,0.4,7.6,0.0,1.3737,Hujan Ringan,wmo:51
dago,"Dago, Bandung",2026-08-04,32.73.02.1004,Dago,kelurahan,no,-6.889,107.61,Asia/Jakarta,"BMKG point: Dago, Coblong, Kota Bandung",04-08-2026,GFS,Open-Meteo / NOAA GFS,19:00,2026-08-04 19:00:00,21.4,89.0,0.2,4.8,0.0,1.3737,Hujan Ringan,wmo:51
dago,"Dago, Bandung",2026-08-04,32.73.02.1004,Dago,kelurahan,no,-6.889,107.61,Asia/Jakarta,"BMKG point: Dago, Coblong, Kota Bandung",04-08-2026,GFS,Open-Meteo / NOAA GFS,20:00,2026-08-04 20:00:00,21.3,88.0,0.2,3.2,0.0,1.3737,Hujan Ringan,wmo:51
dago,"Dago, Bandung",2026-08-04,32.73.02.1004,Dago,kelurahan,no,-6.889,107.61,Asia/Jakarta,"BMKG point: Dago, Coblong, Kota Bandung",04-08-2026,GFS,Open-Meteo / NOAA GFS,21:00,2026-08-04 21:00:00,21.9,87.0,0.2,1.1,0.0,1.3737,Hujan Ringan,wmo:51
dago,"Dago, Bandung",2026-08-04,32.73.02.1004,Dago,kelurahan,no,-6.889,107.61,Asia/Jakarta,"BMKG point: Dago, Coblong, Kota Bandung",04-08-2026,GFS,Open-Meteo / NOAA GFS,22:00,2026-08-04 22:00:00,21.7,88.0,0.1,1.8,0.0,1.3737,Hujan Ringan,wmo:51
dago,"Dago, Bandung",2026-08-04,32.73.02.1004,Dago,kelurahan,no,-6.889,107.61,Asia/Jakarta,"BMKG point: Dago, Coblong, Kota Bandung",04-08-2026,GFS,Open-Meteo / NOAA GFS,23:00,2026-08-04 23:00:00,21.6,89.0,0.1,3.3,0.0,1.3737,Hujan Ringan,wmo:51
dago,"Dago, Bandung",2026-08-04,32.73.02.1004,Dago,kelurahan,no,-6.889,107.61,Asia/Jakarta,"BMKG point: Dago, Coblong, Kota Bandung",04-08-2026,ICON,Open-Meteo / DWD ICON,00:00,2026-08-04 00:00:00,21.5,88.0,0.0,0.7,0.0,1.4769,Cerah Berawan,wmo:2
dago,"Dago, Bandung",2026-08-04,32.73.02.1004,Dago,kelurahan,no,-6.889,107.61,Asia/Jakarta,"BMKG point: Dago, Coblong, Kota Bandung",04-08-2026,ICON,Open-Meteo / DWD ICON,01:00,2026-08-04 01:00:00,20.8,92.0,0.0,0.7,0.0,1.4769,Cerah Berawan,wmo:2
dago,"Dago, Bandung",2026-08-04,32.73.02.1004,Dago,kelurahan,no,-6.889,107.61,Asia/Jakarta,"BMKG point: Dago, Coblong, Kota Bandung",04-08-2026,ICON,Open-Meteo / DWD ICON,02:00,2026-08-04 02:00:00,20.4,94.0,0.0,0.4,0.0,1.4769,Cerah Berawan,wmo:2
dago,"Dago, Bandung",2026-08-04,32.73.02.1004,Dago,kelurahan,no,-6.889,107.61,Asia/Jakarta,"BMKG point: Dago, Coblong, Kota Bandung",04-08-2026,ICON,Open-Meteo / DWD ICON,03:00,2026-08-04 03:00:00,20.2,94.0,0.0,0.8,0.0,1.4769,Cerah Berawan,wmo:2
dago,"Dago, Bandung",2026-08-04,32.73.02.1004,Dago,kelurahan,no,-6.889,107.61,Asia/Jakarta,"BMKG point: Dago, Coblong, Kota Bandung",04-08-2026,ICON,Open-Meteo / DWD ICON,04:00,2026-08-04 04:00:00,20.0,94.0,0.0,1.1,0.0,1.4769,Cerah Berawan,wmo:2
dago,"Dago, Bandung",2026-08-04,32.73.02.1004,Dago,kelurahan,no,-6.889,107.61,Asia/Jakarta,"BMKG point: Dago, Coblong, Kota Bandung",04-08-2026,ICON,Open-Meteo / DWD ICON,05:00,2026-08-04 05:00:00,19.5,95.0,0.0,1.1,0.0,1.4769,Berawan,wmo:45
dago,"Dago, Bandung",2026-08-04,32.73.02.1004,Dago,kelurahan,no,-6.889,107.61,Asia/Jakarta,"BMKG point: Dago, Coblong, Kota Bandung",04-08-2026,ICON,Open-Meteo / DWD ICON,06:00,2026-08-04 06:00:00,19.3,95.0,0.0,1.6,0.0,1.4769,Cerah Berawan,wmo:2
dago,"Dago, Bandung",2026-08-04,32.73.02.1004,Dago,kelurahan,no,-6.889,107.61,Asia/Jakarta,"BMKG point: Dago, Coblong, Kota Bandung",04-08-2026,ICON,Open-Meteo / DWD ICON,07:00,2026-08-04 07:00:00,19.7,93.0,0.0,1.5,0.0,1.4769,Cerah Berawan,wmo:2
dago,"Dago, Bandung",2026-08-04,32.73.02.1004,Dago,kelurahan,no,-6.889,107.61,Asia/Jakarta,"BMKG point: Dago, Coblong, Kota Bandung",04-08-2026,ICON,Open-Meteo / DWD ICON,08:00,2026-08-04 08:00:00,22.2,81.0,0.0,1.1,0.0,1.4769,Cerah Berawan,wmo:1
dago,"Dago, Bandung",2026-08-04,32.73.02.1004,Dago,kelurahan,no,-6.889,107.61,Asia/Jakarta,"BMKG point: Dago, Coblong, Kota Bandung",04-08-2026,ICON,Open-Meteo / DWD ICON,09:00,2026-08-04 09:00:00,24.3,72.0,0.0,1.6,0.0,1.4769,Cerah Berawan,wmo:1
dago,"Dago, Bandung",2026-08-04,32.73.02.1004,Dago,kelurahan,no,-6.889,107.61,Asia/Jakarta,"BMKG point: Dago, Coblong, Kota Bandung",04-08-2026,ICON,Open-Meteo / DWD ICON,10:00,2026-08-04 10:00:00,26.6,61.0,0.0,2.3,0.0,1.4769,Cerah Berawan,wmo:1
dago,"Dago, Bandung",2026-08-04,32.73.02.1004,Dago,kelurahan,no,-6.889,107.61,Asia/Jakarta,"BMKG point: Dago, Coblong, Kota Bandung",04-08-2026,ICON,Open-Meteo / DWD ICON,11:00,2026-08-04 11:00:00,28.1,53.0,0.0,3.3,0.0,1.4769,Cerah Berawan,wmo:1
dago,"Dago, Bandung",2026-08-04,32.73.02.1004,Dago,kelurahan,no,-6.889,107.61,Asia/Jakarta,"BMKG point: Dago, Coblong, Kota Bandung",04-08-2026,ICON,Open-Meteo / DWD ICON,12:00,2026-08-04 12:00:00,29.2,48.0,0.0,4.4,0.0,1.4769,Cerah Berawan,wmo:1
dago,"Dago, Bandung",2026-08-04,32.73.02.1004,Dago,kelurahan,no,-6.889,107.61,Asia/Jakarta,"BMKG point: Dago, Coblong, Kota Bandung",04-08-2026,ICON,Open-Meteo / DWD ICON,13:00,2026-08-04 13:00:00,30.1,43.0,0.0,4.6,0.0,1.4769,Cerah Berawan,wmo:1
dago,"Dago, Bandung",2026-08-04,32.73.02.1004,Dago,kelurahan,no,-6.889,107.61,Asia/Jakarta,"BMKG point: Dago, Coblong, Kota Bandung",04-08-2026,ICON,Open-Meteo / DWD ICON,14:00,2026-08-04 14:00:00,30.6,39.0,0.0,5.2,0.0,1.4769,Cerah Berawan,wmo:1
dago,"Dago, Bandung",2026-08-04,32.73.02.1004,Dago,kelurahan,no,-6.889,107.61,Asia/Jakarta,"BMKG point: Dago, Coblong, Kota Bandung",04-08-2026,ICON,Open-Meteo / DWD ICON,15:00,2026-08-04 15:00:00,30.8,38.0,0.0,6.5,0.0,1.4769,Cerah,wmo:0
dago,"Dago, Bandung",2026-08-04,32.73.02.1004,Dago,kelurahan,no,-6.889,107.61,Asia/Jakarta,"BMKG point: Dago, Coblong, Kota Bandung",04-08-2026,ICON,Open-Meteo / DWD ICON,16:00,2026-08-04 16:00:00,30.6,37.0,0.0,7.4,0.0,1.4769,Cerah,wmo:0
dago,"Dago, Bandung",2026-08-04,32.73.02.1004,Dago,kelurahan,no,-6.889,107.61,Asia/Jakarta,"BMKG point: Dago, Coblong, Kota Bandung",04-08-2026,ICON,Open-Meteo / DWD ICON,17:00,2026-08-04 17:00:00,29.6,42.0,0.0,7.7,0.0,1.4769,Cerah Berawan,wmo:1
dago,"Dago, Bandung",2026-08-04,32.73.02.1004,Dago,kelurahan,no,-6.889,107.61,Asia/Jakarta,"BMKG point: Dago, Coblong, Kota Bandung",04-08-2026,ICON,Open-Meteo / DWD ICON,18:00,2026-08-04 18:00:00,28.0,50.0,0.0,5.4,0.0,1.4769,Cerah Berawan,wmo:2
dago,"Dago, Bandung",2026-08-04,32.73.02.1004,Dago,kelurahan,no,-6.889,107.61,Asia/Jakarta,"BMKG point: Dago, Coblong, Kota Bandung",04-08-2026,ICON,Open-Meteo / DWD ICON,19:00,2026-08-04 19:00:00,26.5,62.0,0.0,0.7,0.0,1.4769,Cerah Berawan,wmo:2
dago,"Dago, Bandung",2026-08-04,32.73.02.1004,Dago,kelurahan,no,-6.889,107.61,Asia/Jakarta,"BMKG point: Dago, Coblong, Kota Bandung",04-08-2026,ICON,Open-Meteo / DWD ICON,20:00,2026-08-04 20:00:00,25.2,68.0,0.0,3.1,0.0,1.4769,Berawan,wmo:3
dago,"Dago, Bandung",2026-08-04,32.73.02.1004,Dago,kelurahan,no,-6.889,107.61,Asia/Jakarta,"BMKG point: Dago, Coblong, Kota Bandung",04-08-2026,ICON,Open-Meteo / DWD ICON,21:00,2026-08-04 21:00:00,24.1,75.0,0.0,2.8,0.0,1.4769,Berawan,wmo:3
dago,"Dago, Bandung",2026-08-04,32.73.02.1004,Dago,kelurahan,no,-6.889,107.61,Asia/Jakarta,"BMKG point: Dago, Coblong, Kota Bandung",04-08-2026,ICON,Open-Meteo / DWD ICON,22:00,2026-08-04 22:00:00,23.5,78.0,0.0,1.9,0.0,1.4769,Berawan,wmo:3
dago,"Dago, Bandung",2026-08-04,32.73.02.1004,Dago,kelurahan,no,-6.889,107.61,Asia/Jakarta,"BMKG point: Dago, Coblong, Kota Bandung",04-08-2026,ICON,Open-Meteo / DWD ICON,23:00,2026-08-04 23:00:00,22.9,83.0,0.0,1.8,0.0,1.4769,Cerah Berawan,wmo:2
dago,"Dago, Bandung",2026-08-04,32.73.02.1004,Dago,kelurahan,no,-6.889,107.61,Asia/Jakarta,"BMKG point: Dago, Coblong, Kota Bandung",04-08-2026,KMA,Open-Meteo / KMA,00:00,2026-08-04 00:00:00,,,,,0.0,0.5384,Berawan,wmo:None
dago,"Dago, Bandung",2026-08-04,32.73.02.1004,Dago,kelurahan,no,-6.889,107.61,Asia/Jakarta,"BMKG point: Dago, Coblong, Kota Bandung",04-08-2026,KMA,Open-Meteo / KMA,01:00,2026-08-04 01:00:00,,,,,0.0,0.5384,Berawan,wmo:None
dago,"Dago, Bandung",2026-08-04,32.73.02.1004,Dago,kelurahan,no,-6.889,107.61,Asia/Jakarta,"BMKG point: Dago, Coblong, Kota Bandung",04-08-2026,KMA,Open-Meteo / KMA,02:00,2026-08-04 02:00:00,,,,,0.0,0.5384,Berawan,wmo:None
dago,"Dago, Bandung",2026-08-04,32.73.02.1004,Dago,kelurahan,no,-6.889,107.61,Asia/Jakarta,"BMKG point: Dago, Coblong, Kota Bandung",04-08-2026,KMA,Open-Meteo / KMA,03:00,2026-08-04 03:00:00,,,,,0.0,0.5384,Berawan,wmo:None
dago,"Dago, Bandung",2026-08-04,32.73.02.1004,Dago,kelurahan,no,-6.889,107.61,Asia/Jakarta,"BMKG point: Dago, Coblong, Kota Bandung",04-08-2026,KMA,Open-Meteo / KMA,04:00,2026-08-04 04:00:00,,,,,0.0,0.5384,Berawan,wmo:None
dago,"Dago, Bandung",2026-08-04,32.73.02.1004,Dago,kelurahan,no,-6.889,107.61,Asia/Jakarta,"BMKG point: Dago, Coblong, Kota Bandung",04-08-2026,KMA,Open-Meteo / KMA,05:00,2026-08-04 05:00:00,,,,,0.0,0.5384,Berawan,wmo:None
dago,"Dago, Bandung",2026-08-04,32.73.02.1004,Dago,kelurahan,no,-6.889,107.61,Asia/Jakarta,"BMKG point: Dago, Coblong, Kota Bandung",04-08-2026,KMA,Open-Meteo / KMA,06:00,2026-08-04 06:00:00,,,,,0.0,0.5384,Berawan,wmo:None
dago,"Dago, Bandung",2026-08-04,32.73.02.1004,Dago,kelurahan,no,-6.889,107.61,Asia/Jakarta,"BMKG point: Dago, Coblong, Kota Bandung",04-08-2026,KMA,Open-Meteo / KMA,07:00,2026-08-04 07:00:00,,,,,0.0,0.5384,Berawan,wmo:None
dago,"Dago, Bandung",2026-08-04,32.73.02.1004,Dago,kelurahan,no,-6.889,107.61,Asia/Jakarta,"BMKG point: Dago, Coblong, Kota Bandung",04-08-2026,KMA,Open-Meteo / KMA,08:00,2026-08-04 08:00:00,,,,,0.0,0.5384,Berawan,wmo:None
dago,"Dago, Bandung",2026-08-04,32.73.02.1004,Dago,kelurahan,no,-6.889,107.61,Asia/Jakarta,"BMKG point: Dago, Coblong, Kota Bandung",04-08-2026,KMA,Open-Meteo / KMA,09:00,2026-08-04 09:00:00,,,,,0.0,0.5384,Berawan,wmo:None
dago,"Dago, Bandung",2026-08-04,32.73.02.1004,Dago,kelurahan,no,-6.889,107.61,Asia/Jakarta,"BMKG point: Dago, Coblong, Kota Bandung",04-08-2026,KMA,Open-Meteo / KMA,10:00,2026-08-04 10:00:00,,,,,0.0,0.5384,Berawan,wmo:None
dago,"Dago, Bandung",2026-08-04,32.73.02.1004,Dago,kelurahan,no,-6.889,107.61,Asia/Jakarta,"BMKG point: Dago, Coblong, Kota Bandung",04-08-2026,KMA,Open-Meteo / KMA,11:00,2026-08-04 11:00:00,,,,,0.0,0.5384,Berawan,wmo:None
dago,"Dago, Bandung",2026-08-04,32.73.02.1004,Dago,kelurahan,no,-6.889,107.61,Asia/Jakarta,"BMKG point: Dago, Coblong, Kota Bandung",04-08-2026,KMA,Open-Meteo / KMA,12:00,2026-08-04 12:00:00,,,,,0.0,0.5384,Berawan,wmo:None
dago,"Dago, Bandung",2026-08-04,32.73.02.1004,Dago,kelurahan,no,-6.889,107.61,Asia/Jakarta,"BMKG point: Dago, Coblong, Kota Bandung",04-08-2026,KMA,Open-Meteo / KMA,13:00,2026-08-04 13:00:00,,,,,0.0,0.5384,Berawan,wmo:None
dago,"Dago, Bandung",2026-08-04,32.73.02.1004,Dago,kelurahan,no,-6.889,107.61,Asia/Jakarta,"BMKG point: Dago, Coblong, Kota Bandung",04-08-2026,KMA,Open-Meteo / KMA,14:00,2026-08-04 14:00:00,,,,,0.0,0.5384,Berawan,wmo:None
dago,"Dago, Bandung",2026-08-04,32.73.02.1004,Dago,kelurahan,no,-6.889,107.61,Asia/Jakarta,"BMKG point: Dago, Coblong, Kota Bandung",04-08-2026,KMA,Open-Meteo / KMA,15:00,2026-08-04 15:00:00,,,,,0.0,0.5384,Berawan,wmo:None
dago,"Dago, Bandung",2026-08-04,32.73.02.1004,Dago,kelurahan,no,-6.889,107.61,Asia/Jakarta,"BMKG point: Dago, Coblong, Kota Bandung",04-08-2026,KMA,Open-Meteo / KMA,16:00,2026-08-04 16:00:00,,,,,0.0,0.5384,Berawan,wmo:None
dago,"Dago, Bandung",2026-08-04,32.73.02.1004,Dago,kelurahan,no,-6.889,107.61,Asia/Jakarta,"BMKG point: Dago, Coblong, Kota Bandung",04-08-2026,KMA,Open-Meteo / KMA,17:00,2026-08-04 17:00:00,,,,,0.0,0.5384,Berawan,wmo:None
dago,"Dago, Bandung",2026-08-04,32.73.02.1004,Dago,kelurahan,no,-6.889,107.61,Asia/Jakarta,"BMKG point: Dago, Coblong, Kota Bandung",04-08-2026,KMA,Open-Meteo / KMA,18:00,2026-08-04 18:00:00,,,,,0.0,0.5384,Berawan,wmo:None
dago,"Dago, Bandung",2026-08-04,32.73.02.1004,Dago,kelurahan,no,-6.889,107.61,Asia/Jakarta,"BMKG point: Dago, Coblong, Kota Bandung",04-08-2026,KMA,Open-Meteo / KMA,19:00,2026-08-04 19:00:00,,,,,0.0,0.5384,Berawan,wmo:None
dago,"Dago, Bandung",2026-08-04,32.73.02.1004,Dago,kelurahan,no,-6.889,107.61,Asia/Jakarta,"BMKG point: Dago, Coblong, Kota Bandung",04-08-2026,KMA,Open-Meteo / KMA,20:00,2026-08-04 20:00:00,,,,,0.0,0.5384,Berawan,wmo:None
dago,"Dago, Bandung",2026-08-04,32.73.02.1004,Dago,kelurahan,no,-6.889,107.61,Asia/Jakarta,"BMKG point: Dago, Coblong, Kota Bandung",04-08-2026,KMA,Open-Meteo / KMA,21:00,2026-08-04 21:00:00,,,,,0.0,0.5384,Berawan,wmo:None
dago,"Dago, Bandung",2026-08-04,32.73.02.1004,Dago,kelurahan,no,-6.889,107.61,Asia/Jakarta,"BMKG point: Dago, Coblong, Kota Bandung",04-08-2026,KMA,Open-Meteo / KMA,22:00,2026-08-04 22:00:00,,,,,0.0,0.5384,Berawan,wmo:None
dago,"Dago, Bandung",2026-08-04,32.73.02.1004,Dago,kelurahan,no,-6.889,107.61,Asia/Jakarta,"BMKG point: Dago, Coblong, Kota Bandung",04-08-2026,KMA,Open-Meteo / KMA,23:00,2026-08-04 23:00:00,,,,,0.0,0.5384,Berawan,wmo:None
dago,"Dago, Bandung",2026-08-04,32.73.02.1004,Dago,kelurahan,no,-6.889,107.61,Asia/Jakarta,"BMKG point: Dago, Coblong, Kota Bandung",04-08-2026,METEOFRANCE,Open-Meteo / Meteo-France,00:00,2026-08-04 00:00:00,25.1,97.0,0.0,0.8,0.0,1.4812,Berawan,wmo:3
dago,"Dago, Bandung",2026-08-04,32.73.02.1004,Dago,kelurahan,no,-6.889,107.61,Asia/Jakarta,"BMKG point: Dago, Coblong, Kota Bandung",04-08-2026,METEOFRANCE,Open-Meteo / Meteo-France,01:00,2026-08-04 01:00:00,25.1,93.0,0.0,3.3,0.0,1.4812,Berawan,wmo:3
dago,"Dago, Bandung",2026-08-04,32.73.02.1004,Dago,kelurahan,no,-6.889,107.61,Asia/Jakarta,"BMKG point: Dago, Coblong, Kota Bandung",04-08-2026,METEOFRANCE,Open-Meteo / Meteo-France,02:00,2026-08-04 02:00:00,24.7,93.0,0.0,3.1,0.0,1.4812,Cerah Berawan,wmo:2
dago,"Dago, Bandung",2026-08-04,32.73.02.1004,Dago,kelurahan,no,-6.889,107.61,Asia/Jakarta,"BMKG point: Dago, Coblong, Kota Bandung",04-08-2026,METEOFRANCE,Open-Meteo / Meteo-France,03:00,2026-08-04 03:00:00,24.2,94.0,0.0,2.0,0.0,1.4812,Cerah Berawan,wmo:1
dago,"Dago, Bandung",2026-08-04,32.73.02.1004,Dago,kelurahan,no,-6.889,107.61,Asia/Jakarta,"BMKG point: Dago, Coblong, Kota Bandung",04-08-2026,METEOFRANCE,Open-Meteo / Meteo-France,04:00,2026-08-04 04:00:00,23.7,94.0,0.0,1.5,0.0,1.4812,Cerah Berawan,wmo:1
dago,"Dago, Bandung",2026-08-04,32.73.02.1004,Dago,kelurahan,no,-6.889,107.61,Asia/Jakarta,"BMKG point: Dago, Coblong, Kota Bandung",04-08-2026,METEOFRANCE,Open-Meteo / Meteo-France,05:00,2026-08-04 05:00:00,23.2,94.0,0.0,2.6,0.0,1.4812,Cerah Berawan,wmo:1
dago,"Dago, Bandung",2026-08-04,32.73.02.1004,Dago,kelurahan,no,-6.889,107.61,Asia/Jakarta,"BMKG point: Dago, Coblong, Kota Bandung",04-08-2026,METEOFRANCE,Open-Meteo / Meteo-France,06:00,2026-08-04 06:00:00,22.8,94.0,0.0,3.7,0.0,1.4812,Cerah Berawan,wmo:1
dago,"Dago, Bandung",2026-08-04,32.73.02.1004,Dago,kelurahan,no,-6.889,107.61,Asia/Jakarta,"BMKG point: Dago, Coblong, Kota Bandung",04-08-2026,METEOFRANCE,Open-Meteo / Meteo-France,07:00,2026-08-04 07:00:00,23.2,91.0,0.0,4.0,0.0,1.4812,Cerah Berawan,wmo:1
dago,"Dago, Bandung",2026-08-04,32.73.02.1004,Dago,kelurahan,no,-6.889,107.61,Asia/Jakarta,"BMKG point: Dago, Coblong, Kota Bandung",04-08-2026,METEOFRANCE,Open-Meteo / Meteo-France,08:00,2026-08-04 08:00:00,24.8,81.0,0.0,2.1,0.0,1.4812,Cerah Berawan,wmo:1
dago,"Dago, Bandung",2026-08-04,32.73.02.1004,Dago,kelurahan,no,-6.889,107.61,Asia/Jakarta,"BMKG point: Dago, Coblong, Kota Bandung",04-08-2026,METEOFRANCE,Open-Meteo / Meteo-France,09:00,2026-08-04 09:00:00,27.2,68.0,0.0,1.4,0.0,1.4812,Cerah Berawan,wmo:1
dago,"Dago, Bandung",2026-08-04,32.73.02.1004,Dago,kelurahan,no,-6.889,107.61,Asia/Jakarta,"BMKG point: Dago, Coblong, Kota Bandung",04-08-2026,METEOFRANCE,Open-Meteo / Meteo-France,10:00,2026-08-04 10:00:00,29.2,57.0,0.0,4.2,0.0,1.4812,Cerah Berawan,wmo:1
dago,"Dago, Bandung",2026-08-04,32.73.02.1004,Dago,kelurahan,no,-6.889,107.61,Asia/Jakarta,"BMKG point: Dago, Coblong, Kota Bandung",04-08-2026,METEOFRANCE,Open-Meteo / Meteo-France,11:00,2026-08-04 11:00:00,30.7,52.0,0.0,6.1,0.0,1.4812,Cerah Berawan,wmo:1
dago,"Dago, Bandung",2026-08-04,32.73.02.1004,Dago,kelurahan,no,-6.889,107.61,Asia/Jakarta,"BMKG point: Dago, Coblong, Kota Bandung",04-08-2026,METEOFRANCE,Open-Meteo / Meteo-France,12:00,2026-08-04 12:00:00,31.9,50.0,0.0,7.8,0.0,1.4812,Cerah Berawan,wmo:2
dago,"Dago, Bandung",2026-08-04,32.73.02.1004,Dago,kelurahan,no,-6.889,107.61,Asia/Jakarta,"BMKG point: Dago, Coblong, Kota Bandung",04-08-2026,METEOFRANCE,Open-Meteo / Meteo-France,13:00,2026-08-04 13:00:00,32.5,49.0,0.0,9.0,0.0,1.4812,Cerah Berawan,wmo:2
dago,"Dago, Bandung",2026-08-04,32.73.02.1004,Dago,kelurahan,no,-6.889,107.61,Asia/Jakarta,"BMKG point: Dago, Coblong, Kota Bandung",04-08-2026,METEOFRANCE,Open-Meteo / Meteo-France,14:00,2026-08-04 14:00:00,32.6,50.0,0.0,10.1,0.0,1.4812,Cerah Berawan,wmo:2
dago,"Dago, Bandung",2026-08-04,32.73.02.1004,Dago,kelurahan,no,-6.889,107.61,Asia/Jakarta,"BMKG point: Dago, Coblong, Kota Bandung",04-08-2026,METEOFRANCE,Open-Meteo / Meteo-France,15:00,2026-08-04 15:00:00,32.1,52.0,0.0,10.7,0.0,1.4812,Berawan,wmo:3
dago,"Dago, Bandung",2026-08-04,32.73.02.1004,Dago,kelurahan,no,-6.889,107.61,Asia/Jakarta,"BMKG point: Dago, Coblong, Kota Bandung",04-08-2026,METEOFRANCE,Open-Meteo / Meteo-France,16:00,2026-08-04 16:00:00,31.4,56.0,0.0,10.8,0.0,1.4812,Berawan,wmo:3
dago,"Dago, Bandung",2026-08-04,32.73.02.1004,Dago,kelurahan,no,-6.889,107.61,Asia/Jakarta,"BMKG point: Dago, Coblong, Kota Bandung",04-08-2026,METEOFRANCE,Open-Meteo / Meteo-France,17:00,2026-08-04 17:00:00,30.4,61.0,0.0,9.8,0.0,1.4812,Berawan,wmo:3
dago,"Dago, Bandung",2026-08-04,32.73.02.1004,Dago,kelurahan,no,-6.889,107.61,Asia/Jakarta,"BMKG point: Dago, Coblong, Kota Bandung",04-08-2026,METEOFRANCE,Open-Meteo / Meteo-France,18:00,2026-08-04 18:00:00,29.2,67.0,0.0,8.2,0.0,1.4812,Berawan,wmo:3
dago,"Dago, Bandung",2026-08-04,32.73.02.1004,Dago,kelurahan,no,-6.889,107.61,Asia/Jakarta,"BMKG point: Dago, Coblong, Kota Bandung",04-08-2026,METEOFRANCE,Open-Meteo / Meteo-France,19:00,2026-08-04 19:00:00,28.1,73.0,0.0,6.6,0.0,1.4812,Berawan,wmo:3
dago,"Dago, Bandung",2026-08-04,32.73.02.1004,Dago,kelurahan,no,-6.889,107.61,Asia/Jakarta,"BMKG point: Dago, Coblong, Kota Bandung",04-08-2026,METEOFRANCE,Open-Meteo / Meteo-France,20:00,2026-08-04 20:00:00,27.2,81.0,0.0,5.3,0.0,1.4812,Berawan,wmo:3
dago,"Dago, Bandung",2026-08-04,32.73.02.1004,Dago,kelurahan,no,-6.889,107.61,Asia/Jakarta,"BMKG point: Dago, Coblong, Kota Bandung",04-08-2026,METEOFRANCE,Open-Meteo / Meteo-France,21:00,2026-08-04 21:00:00,26.5,89.0,0.0,4.0,0.0,1.4812,Berawan,wmo:3
dago,"Dago, Bandung",2026-08-04,32.73.02.1004,Dago,kelurahan,no,-6.889,107.61,Asia/Jakarta,"BMKG point: Dago, Coblong, Kota Bandung",04-08-2026,METEOFRANCE,Open-Meteo / Meteo-France,22:00,2026-08-04 22:00:00,25.9,95.0,0.0,2.7,0.0,1.4812,Berawan,wmo:3
dago,"Dago, Bandung",2026-08-04,32.73.02.1004,Dago,kelurahan,no,-6.889,107.61,Asia/Jakarta,"BMKG point: Dago, Coblong, Kota Bandung",04-08-2026,METEOFRANCE,Open-Meteo / Meteo-France,23:00,2026-08-04 23:00:00,25.8,96.0,0.0,1.3,0.0,1.4812,Berawan,wmo:3
dago,"Dago, Bandung",2026-08-04,32.73.02.1004,Dago,kelurahan,no,-6.889,107.61,Asia/Jakarta,"BMKG point: Dago, Coblong, Kota Bandung",04-08-2026,METNO,MET Norway,00:00,2026-08-04 00:00:00,20.2,97.7,0.0,3.6,0.0,1.3559,Berawan,fog
dago,"Dago, Bandung",2026-08-04,32.73.02.1004,Dago,kelurahan,no,-6.889,107.61,Asia/Jakarta,"BMKG point: Dago, Coblong, Kota Bandung",04-08-2026,METNO,MET Norway,01:00,2026-08-04 01:00:00,20.1,96.6,0.0,4.32,0.0,1.3559,Berawan,fog
dago,"Dago, Bandung",2026-08-04,32.73.02.1004,Dago,kelurahan,no,-6.889,107.61,Asia/Jakarta,"BMKG point: Dago, Coblong, Kota Bandung",04-08-2026,METNO,MET Norway,02:00,2026-08-04 02:00:00,19.9,96.6,0.0,3.6,0.0,1.3559,Berawan,fog
dago,"Dago, Bandung",2026-08-04,32.73.02.1004,Dago,kelurahan,no,-6.889,107.61,Asia/Jakarta,"BMKG point: Dago, Coblong, Kota Bandung",04-08-2026,METNO,MET Norway,03:00,2026-08-04 03:00:00,19.2,98.8,0.0,3.6,0.0,1.3559,Berawan,fog
dago,"Dago, Bandung",2026-08-04,32.73.02.1004,Dago,kelurahan,no,-6.889,107.61,Asia/Jakarta,"BMKG point: Dago, Coblong, Kota Bandung",04-08-2026,METNO,MET Norway,04:00,2026-08-04 04:00:00,19.0,98.0,0.0,3.24,0.0,1.3559,Berawan,fog
dago,"Dago, Bandung",2026-08-04,32.73.02.1004,Dago,kelurahan,no,-6.889,107.61,Asia/Jakarta,"BMKG point: Dago, Coblong, Kota Bandung",04-08-2026,METNO,MET Norway,05:00,2026-08-04 05:00:00,18.5,97.1,0.0,4.68,0.0,1.3559,Berawan,fog
dago,"Dago, Bandung",2026-08-04,32.73.02.1004,Dago,kelurahan,no,-6.889,107.61,Asia/Jakarta,"BMKG point: Dago, Coblong, Kota Bandung",04-08-2026,METNO,MET Norway,06:00,2026-08-04 06:00:00,18.0,98.5,0.0,5.4,0.0,1.3559,Berawan,fog
dago,"Dago, Bandung",2026-08-04,32.73.02.1004,Dago,kelurahan,no,-6.889,107.61,Asia/Jakarta,"BMKG point: Dago, Coblong, Kota Bandung",04-08-2026,METNO,MET Norway,07:00,2026-08-04 07:00:00,18.7,97.4,0.0,5.04,0.0,1.3559,Berawan,fog
dago,"Dago, Bandung",2026-08-04,32.73.02.1004,Dago,kelurahan,no,-6.889,107.61,Asia/Jakarta,"BMKG point: Dago, Coblong, Kota Bandung",04-08-2026,METNO,MET Norway,08:00,2026-08-04 08:00:00,21.1,84.0,0.0,4.32,0.0,1.3559,Cerah,clearsky_day
dago,"Dago, Bandung",2026-08-04,32.73.02.1004,Dago,kelurahan,no,-6.889,107.61,Asia/Jakarta,"BMKG point: Dago, Coblong, Kota Bandung",04-08-2026,METNO,MET Norway,09:00,2026-08-04 09:00:00,23.7,66.9,0.0,4.32,0.0,1.3559,Cerah,clearsky_day
dago,"Dago, Bandung",2026-08-04,32.73.02.1004,Dago,kelurahan,no,-6.889,107.61,Asia/Jakarta,"BMKG point: Dago, Coblong, Kota Bandung",04-08-2026,METNO,MET Norway,10:00,2026-08-04 10:00:00,25.6,56.2,0.0,6.48,0.0,1.3559,Cerah,clearsky_day
dago,"Dago, Bandung",2026-08-04,32.73.02.1004,Dago,kelurahan,no,-6.889,107.61,Asia/Jakarta,"BMKG point: Dago, Coblong, Kota Bandung",04-08-2026,METNO,MET Norway,11:00,2026-08-04 11:00:00,27.5,44.6,0.0,7.92,0.0,1.3559,Cerah,clearsky_day
dago,"Dago, Bandung",2026-08-04,32.73.02.1004,Dago,kelurahan,no,-6.889,107.61,Asia/Jakarta,"BMKG point: Dago, Coblong, Kota Bandung",04-08-2026,METNO,MET Norway,12:00,2026-08-04 12:00:00,28.8,40.3,0.0,10.08,0.0,1.3559,Cerah,clearsky_day
dago,"Dago, Bandung",2026-08-04,32.73.02.1004,Dago,kelurahan,no,-6.889,107.61,Asia/Jakarta,"BMKG point: Dago, Coblong, Kota Bandung",04-08-2026,METNO,MET Norway,13:00,2026-08-04 13:00:00,29.3,41.6,0.0,9.72,0.0,1.3559,Cerah,clearsky_day
dago,"Dago, Bandung",2026-08-04,32.73.02.1004,Dago,kelurahan,no,-6.889,107.61,Asia/Jakarta,"BMKG point: Dago, Coblong, Kota Bandung",04-08-2026,METNO,MET Norway,14:00,2026-08-04 14:00:00,29.4,41.1,0.2,10.8,0.0,1.3559,Hujan Ringan,lightrainshowers_day
dago,"Dago, Bandung",2026-08-04,32.73.02.1004,Dago,kelurahan,no,-6.889,107.61,Asia/Jakarta,"BMKG point: Dago, Coblong, Kota Bandung",04-08-2026,METNO,MET Norway,15:00,2026-08-04 15:00:00,28.7,43.9,0.3,10.08,0.0,1.3559,Hujan Ringan,rainshowers_day
dago,"Dago, Bandung",2026-08-04,32.73.02.1004,Dago,kelurahan,no,-6.889,107.61,Asia/Jakarta,"BMKG point: Dago, Coblong, Kota Bandung",04-08-2026,METNO,MET Norway,16:00,2026-08-04 16:00:00,28.3,46.5,0.3,12.24,0.0,1.3559,Hujan Ringan,rainshowers_day
dago,"Dago, Bandung",2026-08-04,32.73.02.1004,Dago,kelurahan,no,-6.889,107.61,Asia/Jakarta,"BMKG point: Dago, Coblong, Kota Bandung",04-08-2026,METNO,MET Norway,17:00,2026-08-04 17:00:00,27.0,51.9,0.0,10.08,0.0,1.3559,Berawan,cloudy
dago,"Dago, Bandung",2026-08-04,32.73.02.1004,Dago,kelurahan,no,-6.889,107.61,Asia/Jakarta,"BMKG point: Dago, Coblong, Kota Bandung",04-08-2026,METNO,MET Norway,18:00,2026-08-04 18:00:00,24.9,63.4,0.0,7.92,0.0,1.3559,Berawan,cloudy
dago,"Dago, Bandung",2026-08-04,32.73.02.1004,Dago,kelurahan,no,-6.889,107.61,Asia/Jakarta,"BMKG point: Dago, Coblong, Kota Bandung",04-08-2026,METNO,MET Norway,19:00,2026-08-04 19:00:00,24.0,70.0,0.0,8.28,0.0,1.3559,Cerah Berawan,partlycloudy_night
dago,"Dago, Bandung",2026-08-04,32.73.02.1004,Dago,kelurahan,no,-6.889,107.61,Asia/Jakarta,"BMKG point: Dago, Coblong, Kota Bandung",04-08-2026,METNO,MET Norway,20:00,2026-08-04 20:00:00,23.1,76.0,0.0,7.2,0.0,1.3559,Cerah Berawan,partlycloudy_night
dago,"Dago, Bandung",2026-08-04,32.73.02.1004,Dago,kelurahan,no,-6.889,107.61,Asia/Jakarta,"BMKG point: Dago, Coblong, Kota Bandung",04-08-2026,METNO,MET Norway,21:00,2026-08-04 21:00:00,22.3,81.5,0.0,5.4,0.0,1.3559,Cerah Berawan,fair_night
dago,"Dago, Bandung",2026-08-04,32.73.02.1004,Dago,kelurahan,no,-6.889,107.61,Asia/Jakarta,"BMKG point: Dago, Coblong, Kota Bandung",04-08-2026,METNO,MET Norway,22:00,2026-08-04 22:00:00,21.6,87.1,0.0,2.88,0.0,1.3559,Cerah Berawan,fair_night
dago,"Dago, Bandung",2026-08-04,32.73.02.1004,Dago,kelurahan,no,-6.889,107.61,Asia/Jakarta,"BMKG point: Dago, Coblong, Kota Bandung",04-08-2026,METNO,MET Norway,23:00,2026-08-04 23:00:00,21.1,91.7,0.0,3.24,0.0,1.3559,Cerah Berawan,fair_night
dago,"Dago, Bandung",2026-08-04,32.73.02.1004,Dago,kelurahan,no,-6.889,107.61,Asia/Jakarta,"BMKG point: Dago, Coblong, Kota Bandung",04-08-2026,UKMO,Open-Meteo / UK Met Office,00:00,2026-08-04 00:00:00,20.3,90.0,0.0,2.2,0.0,1.3298,Cerah,wmo:0
dago,"Dago, Bandung",2026-08-04,32.73.02.1004,Dago,kelurahan,no,-6.889,107.61,Asia/Jakarta,"BMKG point: Dago, Coblong, Kota Bandung",04-08-2026,UKMO,Open-Meteo / UK Met Office,01:00,2026-08-04 01:00:00,19.9,92.0,0.0,2.9,0.0,1.3298,Cerah Berawan,wmo:1
dago,"Dago, Bandung",2026-08-04,32.73.02.1004,Dago,kelurahan,no,-6.889,107.61,Asia/Jakarta,"BMKG point: Dago, Coblong, Kota Bandung",04-08-2026,UKMO,Open-Meteo / UK Met Office,02:00,2026-08-04 02:00:00,19.6,93.0,0.0,3.6,0.0,1.3298,Cerah,wmo:0
dago,"Dago, Bandung",2026-08-04,32.73.02.1004,Dago,kelurahan,no,-6.889,107.61,Asia/Jakarta,"BMKG point: Dago, Coblong, Kota Bandung",04-08-2026,UKMO,Open-Meteo / UK Met Office,03:00,2026-08-04 03:00:00,19.2,94.0,0.0,5.4,0.0,1.3298,Cerah,wmo:0
dago,"Dago, Bandung",2026-08-04,32.73.02.1004,Dago,kelurahan,no,-6.889,107.61,Asia/Jakarta,"BMKG point: Dago, Coblong, Kota Bandung",04-08-2026,UKMO,Open-Meteo / UK Met Office,04:00,2026-08-04 04:00:00,18.7,97.0,0.0,5.0,0.0,1.3298,Cerah,wmo:0
dago,"Dago, Bandung",2026-08-04,32.73.02.1004,Dago,kelurahan,no,-6.889,107.61,Asia/Jakarta,"BMKG point: Dago, Coblong, Kota Bandung",04-08-2026,UKMO,Open-Meteo / UK Met Office,05:00,2026-08-04 05:00:00,18.2,97.0,0.0,4.7,0.0,1.3298,Cerah,wmo:0
dago,"Dago, Bandung",2026-08-04,32.73.02.1004,Dago,kelurahan,no,-6.889,107.61,Asia/Jakarta,"BMKG point: Dago, Coblong, Kota Bandung",04-08-2026,UKMO,Open-Meteo / UK Met Office,06:00,2026-08-04 06:00:00,17.9,100,0.0,5.0,0.0,1.3298,Cerah Berawan,wmo:1
dago,"Dago, Bandung",2026-08-04,32.73.02.1004,Dago,kelurahan,no,-6.889,107.61,Asia/Jakarta,"BMKG point: Dago, Coblong, Kota Bandung",04-08-2026,UKMO,Open-Meteo / UK Met Office,07:00,2026-08-04 07:00:00,18.7,98.0,0.0,4.7,0.0,1.3298,Cerah,wmo:0
dago,"Dago, Bandung",2026-08-04,32.73.02.1004,Dago,kelurahan,no,-6.889,107.61,Asia/Jakarta,"BMKG point: Dago, Coblong, Kota Bandung",04-08-2026,UKMO,Open-Meteo / UK Met Office,08:00,2026-08-04 08:00:00,20.2,90.0,0.0,4.3,0.0,1.3298,Cerah,wmo:0
dago,"Dago, Bandung",2026-08-04,32.73.02.1004,Dago,kelurahan,no,-6.889,107.61,Asia/Jakarta,"BMKG point: Dago, Coblong, Kota Bandung",04-08-2026,UKMO,Open-Meteo / UK Met Office,09:00,2026-08-04 09:00:00,22.3,79.0,0.0,3.6,0.0,1.3298,Cerah,wmo:0
dago,"Dago, Bandung",2026-08-04,32.73.02.1004,Dago,kelurahan,no,-6.889,107.61,Asia/Jakarta,"BMKG point: Dago, Coblong, Kota Bandung",04-08-2026,UKMO,Open-Meteo / UK Met Office,10:00,2026-08-04 10:00:00,24.2,68.0,0.0,2.9,0.0,1.3298,Cerah,wmo:0
dago,"Dago, Bandung",2026-08-04,32.73.02.1004,Dago,kelurahan,no,-6.889,107.61,Asia/Jakarta,"BMKG point: Dago, Coblong, Kota Bandung",04-08-2026,UKMO,Open-Meteo / UK Met Office,11:00,2026-08-04 11:00:00,25.8,58.0,0.0,2.5,0.0,1.3298,Cerah,wmo:0
dago,"Dago, Bandung",2026-08-04,32.73.02.1004,Dago,kelurahan,no,-6.889,107.61,Asia/Jakarta,"BMKG point: Dago, Coblong, Kota Bandung",04-08-2026,UKMO,Open-Meteo / UK Met Office,12:00,2026-08-04 12:00:00,27.2,48.0,0.0,2.2,0.0,1.3298,Cerah,wmo:0
dago,"Dago, Bandung",2026-08-04,32.73.02.1004,Dago,kelurahan,no,-6.889,107.61,Asia/Jakarta,"BMKG point: Dago, Coblong, Kota Bandung",04-08-2026,UKMO,Open-Meteo / UK Met Office,13:00,2026-08-04 13:00:00,28.1,41.0,0.0,1.8,0.0,1.3298,Cerah,wmo:0
dago,"Dago, Bandung",2026-08-04,32.73.02.1004,Dago,kelurahan,no,-6.889,107.61,Asia/Jakarta,"BMKG point: Dago, Coblong, Kota Bandung",04-08-2026,UKMO,Open-Meteo / UK Met Office,14:00,2026-08-04 14:00:00,29.1,35.0,0.0,3.6,0.0,1.3298,Cerah Berawan,wmo:1
dago,"Dago, Bandung",2026-08-04,32.73.02.1004,Dago,kelurahan,no,-6.889,107.61,Asia/Jakarta,"BMKG point: Dago, Coblong, Kota Bandung",04-08-2026,UKMO,Open-Meteo / UK Met Office,15:00,2026-08-04 15:00:00,29.3,36.0,0.0,4.7,0.0,1.3298,Cerah Berawan,wmo:1
dago,"Dago, Bandung",2026-08-04,32.73.02.1004,Dago,kelurahan,no,-6.889,107.61,Asia/Jakarta,"BMKG point: Dago, Coblong, Kota Bandung",04-08-2026,UKMO,Open-Meteo / UK Met Office,16:00,2026-08-04 16:00:00,29.0,41.0,0.0,5.8,0.0,1.3298,Cerah Berawan,wmo:1
dago,"Dago, Bandung",2026-08-04,32.73.02.1004,Dago,kelurahan,no,-6.889,107.61,Asia/Jakarta,"BMKG point: Dago, Coblong, Kota Bandung",04-08-2026,UKMO,Open-Meteo / UK Met Office,17:00,2026-08-04 17:00:00,27.7,51.0,0.1,6.5,0.0,1.3298,Hujan Ringan,wmo:51
dago,"Dago, Bandung",2026-08-04,32.73.02.1004,Dago,kelurahan,no,-6.889,107.61,Asia/Jakarta,"BMKG point: Dago, Coblong, Kota Bandung",04-08-2026,UKMO,Open-Meteo / UK Met Office,18:00,2026-08-04 18:00:00,25.8,65.0,0.1,6.8,0.0,1.3298,Hujan Ringan,wmo:51
dago,"Dago, Bandung",2026-08-04,32.73.02.1004,Dago,kelurahan,no,-6.889,107.61,Asia/Jakarta,"BMKG point: Dago, Coblong, Kota Bandung",04-08-2026,UKMO,Open-Meteo / UK Met Office,19:00,2026-08-04 19:00:00,24.2,75.0,0.1,6.8,0.0,1.3298,Hujan Ringan,wmo:51
dago,"Dago, Bandung",2026-08-04,32.73.02.1004,Dago,kelurahan,no,-6.889,107.61,Asia/Jakarta,"BMKG point: Dago, Coblong, Kota Bandung",04-08-2026,UKMO,Open-Meteo / UK Met Office,20:00,2026-08-04 20:00:00,23.4,79.0,0.0,5.8,0.0,1.3298,Cerah,wmo:0
dago,"Dago, Bandung",2026-08-04,32.73.02.1004,Dago,kelurahan,no,-6.889,107.61,Asia/Jakarta,"BMKG point: Dago, Coblong, Kota Bandung",04-08-2026,UKMO,Open-Meteo / UK Met Office,21:00,2026-08-04 21:00:00,22.9,80.0,0.0,4.3,0.0,1.3298,Cerah,wmo:0
dago,"Dago, Bandung",2026-08-04,32.73.02.1004,Dago,kelurahan,no,-6.889,107.61,Asia/Jakarta,"BMKG point: Dago, Coblong, Kota Bandung",04-08-2026,UKMO,Open-Meteo / UK Met Office,22:00,2026-08-04 22:00:00,22.4,81.0,0.0,3.2,0.0,1.3298,Cerah,wmo:0
dago,"Dago, Bandung",2026-08-04,32.73.02.1004,Dago,kelurahan,no,-6.889,107.61,Asia/Jakarta,"BMKG point: Dago, Coblong, Kota Bandung",04-08-2026,UKMO,Open-Meteo / UK Met Office,23:00,2026-08-04 23:00:00,21.9,83.0,0.0,2.5,0.0,1.3298,Cerah Berawan,wmo:1
jatinangor,"Jatinangor, Sumedang",2026-08-02,32.11.15.2002,Hegarmanah,kecamatan,yes,-6.938,107.7556,Asia/Jakarta,"BMKG representative point: Hegarmanah, Kecamatan Jatinangor",02-08-2026,BMKG,BMKG,07:00,2026-08-02 10:00:00,28.0,54.0,0.0,5.0,180.0,0.9872,Cerah,Cerah
jatinangor,"Jatinangor, Sumedang",2026-08-02,32.11.15.2002,Hegarmanah,kecamatan,yes,-6.938,107.7556,Asia/Jakarta,"BMKG representative point: Hegarmanah, Kecamatan Jatinangor",02-08-2026,BMKG,BMKG,08:00,2026-08-02 10:00:00,28.0,54.0,0.0,5.0,120.0,0.9872,Cerah,Cerah
jatinangor,"Jatinangor, Sumedang",2026-08-02,32.11.15.2002,Hegarmanah,kecamatan,yes,-6.938,107.7556,Asia/Jakarta,"BMKG representative point: Hegarmanah, Kecamatan Jatinangor",02-08-2026,BMKG,BMKG,09:00,2026-08-02 10:00:00,28.0,54.0,0.0,5.0,60.0,1.3462,Cerah,Cerah
jatinangor,"Jatinangor, Sumedang",2026-08-02,32.11.15.2002,Hegarmanah,kecamatan,yes,-6.938,107.7556,Asia/Jakarta,"BMKG representative point: Hegarmanah, Kecamatan Jatinangor",02-08-2026,BMKG,BMKG,10:00,2026-08-02 10:00:00,28.0,54.0,0.0,5.0,0.0,1.7949,Cerah,Cerah
jatinangor,"Jatinangor, Sumedang",2026-08-02,32.11.15.2002,Hegarmanah,kecamatan,yes,-6.938,107.7556,Asia/Jakarta,"BMKG representative point: Hegarmanah, Kecamatan Jatinangor",02-08-2026,BMKG,BMKG,11:00,2026-08-02 10:00:00,28.0,54.0,0.0,5.0,60.0,1.3462,Cerah,Cerah
jatinangor,"Jatinangor, Sumedang",2026-08-02,32.11.15.2002,Hegarmanah,kecamatan,yes,-6.938,107.7556,Asia/Jakarta,"BMKG representative point: Hegarmanah, Kecamatan Jatinangor",02-08-2026,BMKG,BMKG,12:00,2026-08-02 13:00:00,30.0,53.0,0.0,11.1,60.0,1.3462,Cerah,Cerah
jatinangor,"Jatinangor, Sumedang",2026-08-02,32.11.15.2002,Hegarmanah,kecamatan,yes,-6.938,107.7556,Asia/Jakarta,"BMKG representative point: Hegarmanah, Kecamatan Jatinangor",02-08-2026,BMKG,BMKG,13:00,2026-08-02 13:00:00,30.0,53.0,0.0,11.1,0.0,1.7949,Cerah,Cerah
jatinangor,"Jatinangor, Sumedang",2026-08-02,32.11.15.2002,Hegarmanah,kecamatan,yes,-6.938,107.7556,Asia/Jakarta,"BMKG representative point: Hegarmanah, Kecamatan Jatinangor",02-08-2026,BMKG,BMKG,14:00,2026-08-02 13:00:00,30.0,53.0,0.0,11.1,60.0,1.3462,Cerah,Cerah
jatinangor,"Jatinangor, Sumedang",2026-08-02,32.11.15.2002,Hegarmanah,kecamatan,yes,-6.938,107.7556,Asia/Jakarta,"BMKG representative point: Hegarmanah, Kecamatan Jatinangor",02-08-2026,BMKG,BMKG,15:00,2026-08-02 16:00:00,24.0,65.0,0.0,11.5,60.0,1.3462,Cerah,Cerah
jatinangor,"Jatinangor, Sumedang",2026-08-02,32.11.15.2002,Hegarmanah,kecamatan,yes,-6.938,107.7556,Asia/Jakarta,"BMKG representative point: Hegarmanah, Kecamatan Jatinangor",02-08-2026,BMKG,BMKG,16:00,2026-08-02 16:00:00,24.0,65.0,0.0,11.5,0.0,1.7949,Cerah,Cerah
jatinangor,"Jatinangor, Sumedang",2026-08-02,32.11.15.2002,Hegarmanah,kecamatan,yes,-6.938,107.7556,Asia/Jakarta,"BMKG representative point: Hegarmanah, Kecamatan Jatinangor",02-08-2026,BMKG,BMKG,17:00,2026-08-02 16:00:00,24.0,65.0,0.0,11.5,60.0,1.3462,Cerah,Cerah
jatinangor,"Jatinangor, Sumedang",2026-08-02,32.11.15.2002,Hegarmanah,kecamatan,yes,-6.938,107.7556,Asia/Jakarta,"BMKG representative point: Hegarmanah, Kecamatan Jatinangor",02-08-2026,BMKG,BMKG,18:00,2026-08-02 19:00:00,21.0,84.0,0.0,3.6,60.0,1.3462,Cerah,Cerah
jatinangor,"Jatinangor, Sumedang",2026-08-02,32.11.15.2002,Hegarmanah,kecamatan,yes,-6.938,107.7556,Asia/Jakarta,"BMKG representative point: Hegarmanah, Kecamatan Jatinangor",02-08-2026,BMKG,BMKG,19:00,2026-08-02 19:00:00,21.0,84.0,0.0,3.6,0.0,1.7949,Cerah,Cerah
jatinangor,"Jatinangor, Sumedang",2026-08-02,32.11.15.2002,Hegarmanah,kecamatan,yes,-6.938,107.7556,Asia/Jakarta,"BMKG representative point: Hegarmanah, Kecamatan Jatinangor",02-08-2026,BMKG,BMKG,20:00,2026-08-02 19:00:00,21.0,84.0,0.0,3.6,60.0,1.3462,Cerah,Cerah
jatinangor,"Jatinangor, Sumedang",2026-08-02,32.11.15.2002,Hegarmanah,kecamatan,yes,-6.938,107.7556,Asia/Jakarta,"BMKG representative point: Hegarmanah, Kecamatan Jatinangor",02-08-2026,BMKG,BMKG,21:00,2026-08-02 22:00:00,20.0,90.0,0.0,0.7,60.0,1.3462,Cerah,Cerah
jatinangor,"Jatinangor, Sumedang",2026-08-02,32.11.15.2002,Hegarmanah,kecamatan,yes,-6.938,107.7556,Asia/Jakarta,"BMKG representative point: Hegarmanah, Kecamatan Jatinangor",02-08-2026,BMKG,BMKG,22:00,2026-08-02 22:00:00,20.0,90.0,0.0,0.7,0.0,1.7949,Cerah,Cerah
jatinangor,"Jatinangor, Sumedang",2026-08-02,32.11.15.2002,Hegarmanah,kecamatan,yes,-6.938,107.7556,Asia/Jakarta,"BMKG representative point: Hegarmanah, Kecamatan Jatinangor",02-08-2026,BMKG,BMKG,23:00,2026-08-02 22:00:00,20.0,90.0,0.0,0.7,60.0,1.3462,Cerah,Cerah
jatinangor,"Jatinangor, Sumedang",2026-08-02,32.11.15.2002,Hegarmanah,kecamatan,yes,-6.938,107.7556,Asia/Jakarta,"BMKG representative point: Hegarmanah, Kecamatan Jatinangor",02-08-2026,CMA,Open-Meteo / CMA GRAPES,00:00,2026-08-02 00:00:00,22.1,91.0,0.0,3.1,0.0,1.1673,Cerah,wmo:0
jatinangor,"Jatinangor, Sumedang",2026-08-02,32.11.15.2002,Hegarmanah,kecamatan,yes,-6.938,107.7556,Asia/Jakarta,"BMKG representative point: Hegarmanah, Kecamatan Jatinangor",02-08-2026,CMA,Open-Meteo / CMA GRAPES,01:00,2026-08-02 01:00:00,21.9,89.0,0.0,2.8,0.0,1.1673,Cerah,wmo:0
jatinangor,"Jatinangor, Sumedang",2026-08-02,32.11.15.2002,Hegarmanah,kecamatan,yes,-6.938,107.7556,Asia/Jakarta,"BMKG representative point: Hegarmanah, Kecamatan Jatinangor",02-08-2026,CMA,Open-Meteo / CMA GRAPES,02:00,2026-08-02 02:00:00,21.7,88.0,0.0,2.3,0.0,1.1673,Cerah,wmo:0
jatinangor,"Jatinangor, Sumedang",2026-08-02,32.11.15.2002,Hegarmanah,kecamatan,yes,-6.938,107.7556,Asia/Jakarta,"BMKG representative point: Hegarmanah, Kecamatan Jatinangor",02-08-2026,CMA,Open-Meteo / CMA GRAPES,03:00,2026-08-02 03:00:00,21.5,87.0,0.0,2.0,0.0,1.1673,Cerah,wmo:0
jatinangor,"Jatinangor, Sumedang",2026-08-02,32.11.15.2002,Hegarmanah,kecamatan,yes,-6.938,107.7556,Asia/Jakarta,"BMKG representative point: Hegarmanah, Kecamatan Jatinangor",02-08-2026,CMA,Open-Meteo / CMA GRAPES,04:00,2026-08-02 04:00:00,21.5,85.0,0.0,2.3,0.0,1.1673,Cerah,wmo:0
jatinangor,"Jatinangor, Sumedang",2026-08-02,32.11.15.2002,Hegarmanah,kecamatan,yes,-6.938,107.7556,Asia/Jakarta,"BMKG representative point: Hegarmanah, Kecamatan Jatinangor",02-08-2026,CMA,Open-Meteo / CMA GRAPES,05:00,2026-08-02 05:00:00,21.6,80.0,0.0,3.2,0.0,1.1673,Cerah,wmo:0
jatinangor,"Jatinangor, Sumedang",2026-08-02,32.11.15.2002,Hegarmanah,kecamatan,yes,-6.938,107.7556,Asia/Jakarta,"BMKG representative point: Hegarmanah, Kecamatan Jatinangor",02-08-2026,CMA,Open-Meteo / CMA GRAPES,06:00,2026-08-02 06:00:00,21.9,75.0,0.0,4.7,0.0,1.1673,Cerah,wmo:0
jatinangor,"Jatinangor, Sumedang",2026-08-02,32.11.15.2002,Hegarmanah,kecamatan,yes,-6.938,107.7556,Asia/Jakarta,"BMKG representative point: Hegarmanah, Kecamatan Jatinangor",02-08-2026,CMA,Open-Meteo / CMA GRAPES,07:00,2026-08-02 07:00:00,22.4,71.0,0.0,5.5,0.0,1.1673,Cerah,wmo:0
jatinangor,"Jatinangor, Sumedang",2026-08-02,32.11.15.2002,Hegarmanah,kecamatan,yes,-6.938,107.7556,Asia/Jakarta,"BMKG representative point: Hegarmanah, Kecamatan Jatinangor",02-08-2026,CMA,Open-Meteo / CMA GRAPES,08:00,2026-08-02 08:00:00,23.2,71.0,0.0,5.6,0.0,1.1673,Cerah,wmo:0
jatinangor,"Jatinangor, Sumedang",2026-08-02,32.11.15.2002,Hegarmanah,kecamatan,yes,-6.938,107.7556,Asia/Jakarta,"BMKG representative point: Hegarmanah, Kecamatan Jatinangor",02-08-2026,CMA,Open-Meteo / CMA GRAPES,09:00,2026-08-02 09:00:00,24.3,73.0,0.0,7.2,0.0,1.1673,Cerah,wmo:0
jatinangor,"Jatinangor, Sumedang",2026-08-02,32.11.15.2002,Hegarmanah,kecamatan,yes,-6.938,107.7556,Asia/Jakarta,"BMKG representative point: Hegarmanah, Kecamatan Jatinangor",02-08-2026,CMA,Open-Meteo / CMA GRAPES,10:00,2026-08-02 10:00:00,25.3,73.0,0.0,9.8,0.0,1.1673,Cerah,wmo:0
jatinangor,"Jatinangor, Sumedang",2026-08-02,32.11.15.2002,Hegarmanah,kecamatan,yes,-6.938,107.7556,Asia/Jakarta,"BMKG representative point: Hegarmanah, Kecamatan Jatinangor",02-08-2026,CMA,Open-Meteo / CMA GRAPES,11:00,2026-08-02 11:00:00,26.1,70.0,0.0,10.9,0.0,1.1673,Cerah,wmo:0
jatinangor,"Jatinangor, Sumedang",2026-08-02,32.11.15.2002,Hegarmanah,kecamatan,yes,-6.938,107.7556,Asia/Jakarta,"BMKG representative point: Hegarmanah, Kecamatan Jatinangor",02-08-2026,CMA,Open-Meteo / CMA GRAPES,12:00,2026-08-02 12:00:00,26.9,66.0,0.0,11.2,0.0,1.1673,Cerah,wmo:0
jatinangor,"Jatinangor, Sumedang",2026-08-02,32.11.15.2002,Hegarmanah,kecamatan,yes,-6.938,107.7556,Asia/Jakarta,"BMKG representative point: Hegarmanah, Kecamatan Jatinangor",02-08-2026,CMA,Open-Meteo / CMA GRAPES,13:00,2026-08-02 13:00:00,27.3,64.0,0.0,11.8,0.0,1.1673,Cerah,wmo:0
jatinangor,"Jatinangor, Sumedang",2026-08-02,32.11.15.2002,Hegarmanah,kecamatan,yes,-6.938,107.7556,Asia/Jakarta,"BMKG representative point: Hegarmanah, Kecamatan Jatinangor",02-08-2026,CMA,Open-Meteo / CMA GRAPES,14:00,2026-08-02 14:00:00,27.3,65.0,0.0,13.2,0.0,1.1673,Cerah,wmo:0
jatinangor,"Jatinangor, Sumedang",2026-08-02,32.11.15.2002,Hegarmanah,kecamatan,yes,-6.938,107.7556,Asia/Jakarta,"BMKG representative point: Hegarmanah, Kecamatan Jatinangor",02-08-2026,CMA,Open-Meteo / CMA GRAPES,15:00,2026-08-02 15:00:00,26.9,68.0,0.0,14.7,0.0,1.1673,Cerah,wmo:0
jatinangor,"Jatinangor, Sumedang",2026-08-02,32.11.15.2002,Hegarmanah,kecamatan,yes,-6.938,107.7556,Asia/Jakarta,"BMKG representative point: Hegarmanah, Kecamatan Jatinangor",02-08-2026,CMA,Open-Meteo / CMA GRAPES,16:00,2026-08-02 16:00:00,26.3,72.0,0.0,14.9,0.0,1.1673,Cerah,wmo:0
jatinangor,"Jatinangor, Sumedang",2026-08-02,32.11.15.2002,Hegarmanah,kecamatan,yes,-6.938,107.7556,Asia/Jakarta,"BMKG representative point: Hegarmanah, Kecamatan Jatinangor",02-08-2026,CMA,Open-Meteo / CMA GRAPES,17:00,2026-08-02 17:00:00,25.3,77.0,0.0,12.5,0.0,1.1673,Cerah,wmo:0
jatinangor,"Jatinangor, Sumedang",2026-08-02,32.11.15.2002,Hegarmanah,kecamatan,yes,-6.938,107.7556,Asia/Jakarta,"BMKG representative point: Hegarmanah, Kecamatan Jatinangor",02-08-2026,CMA,Open-Meteo / CMA GRAPES,18:00,2026-08-02 18:00:00,24.1,84.0,0.0,9.0,0.0,1.1673,Cerah,wmo:0
jatinangor,"Jatinangor, Sumedang",2026-08-02,32.11.15.2002,Hegarmanah,kecamatan,yes,-6.938,107.7556,Asia/Jakarta,"BMKG representative point: Hegarmanah, Kecamatan Jatinangor",02-08-2026,CMA,Open-Meteo / CMA GRAPES,19:00,2026-08-02 19:00:00,23.2,89.0,0.0,6.5,0.0,1.1673,Cerah Berawan,wmo:1
jatinangor,"Jatinangor, Sumedang",2026-08-02,32.11.15.2002,Hegarmanah,kecamatan,yes,-6.938,107.7556,Asia/Jakarta,"BMKG representative point: Hegarmanah, Kecamatan Jatinangor",02-08-2026,CMA,Open-Meteo / CMA GRAPES,20:00,2026-08-02 20:00:00,23.0,92.0,0.0,5.8,0.0,1.1673,Cerah Berawan,wmo:1
jatinangor,"Jatinangor, Sumedang",2026-08-02,32.11.15.2002,Hegarmanah,kecamatan,yes,-6.938,107.7556,Asia/Jakarta,"BMKG representative point: Hegarmanah, Kecamatan Jatinangor",02-08-2026,CMA,Open-Meteo / CMA GRAPES,21:00,2026-08-02 21:00:00,23.1,93.0,0.0,5.8,0.0,1.1673,Cerah Berawan,wmo:1
jatinangor,"Jatinangor, Sumedang",2026-08-02,32.11.15.2002,Hegarmanah,kecamatan,yes,-6.938,107.7556,Asia/Jakarta,"BMKG representative point: Hegarmanah, Kecamatan Jatinangor",02-08-2026,CMA,Open-Meteo / CMA GRAPES,22:00,2026-08-02 22:00:00,23.1,94.0,0.0,5.7,0.0,1.1673,Berawan,wmo:45
jatinangor,"Jatinangor, Sumedang",2026-08-02,32.11.15.2002,Hegarmanah,kecamatan,yes,-6.938,107.7556,Asia/Jakarta,"BMKG representative point: Hegarmanah, Kecamatan Jatinangor",02-08-2026,CMA,Open-Meteo / CMA GRAPES,23:00,2026-08-02 23:00:00,22.8,94.0,0.3,3.8,0.0,1.1673,Hujan Ringan,wmo:51
jatinangor,"Jatinangor, Sumedang",2026-08-02,32.11.15.2002,Hegarmanah,kecamatan,yes,-6.938,107.7556,Asia/Jakarta,"BMKG representative point: Hegarmanah, Kecamatan Jatinangor",02-08-2026,ECMWF,Open-Meteo / ECMWF,00:00,2026-08-02 00:00:00,21.5,84.0,0.0,4.0,0.0,1.7366,Cerah,wmo:0
jatinangor,"Jatinangor, Sumedang",2026-08-02,32.11.15.2002,Hegarmanah,kecamatan,yes,-6.938,107.7556,Asia/Jakarta,"BMKG representative point: Hegarmanah, Kecamatan Jatinangor",02-08-2026,ECMWF,Open-Meteo / ECMWF,01:00,2026-08-02 01:00:00,21.2,85.0,0.0,3.3,0.0,1.7366,Cerah Berawan,wmo:1
jatinangor,"Jatinangor, Sumedang",2026-08-02,32.11.15.2002,Hegarmanah,kecamatan,yes,-6.938,107.7556,Asia/Jakarta,"BMKG representative point: Hegarmanah, Kecamatan Jatinangor",02-08-2026,ECMWF,Open-Meteo / ECMWF,02:00,2026-08-02 02:00:00,20.6,88.0,0.0,3.3,0.0,1.7366,Cerah Berawan,wmo:1
jatinangor,"Jatinangor, Sumedang",2026-08-02,32.11.15.2002,Hegarmanah,kecamatan,yes,-6.938,107.7556,Asia/Jakarta,"BMKG representative point: Hegarmanah, Kecamatan Jatinangor",02-08-2026,ECMWF,Open-Meteo / ECMWF,03:00,2026-08-02 03:00:00,19.9,92.0,0.0,3.6,0.0,1.7366,Cerah Berawan,wmo:2
jatinangor,"Jatinangor, Sumedang",2026-08-02,32.11.15.2002,Hegarmanah,kecamatan,yes,-6.938,107.7556,Asia/Jakarta,"BMKG representative point: Hegarmanah, Kecamatan Jatinangor",02-08-2026,ECMWF,Open-Meteo / ECMWF,04:00,2026-08-02 04:00:00,19.4,94.0,0.0,4.0,0.0,1.7366,Cerah Berawan,wmo:2
jatinangor,"Jatinangor, Sumedang",2026-08-02,32.11.15.2002,Hegarmanah,kecamatan,yes,-6.938,107.7556,Asia/Jakarta,"BMKG representative point: Hegarmanah, Kecamatan Jatinangor",02-08-2026,ECMWF,Open-Meteo / ECMWF,05:00,2026-08-02 05:00:00,19.0,95.0,0.0,4.0,0.0,1.7366,Cerah Berawan,wmo:2
jatinangor,"Jatinangor, Sumedang",2026-08-02,32.11.15.2002,Hegarmanah,kecamatan,yes,-6.938,107.7556,Asia/Jakarta,"BMKG representative point: Hegarmanah, Kecamatan Jatinangor",02-08-2026,ECMWF,Open-Meteo / ECMWF,06:00,2026-08-02 06:00:00,18.8,95.0,0.0,4.0,0.0,1.7366,Berawan,wmo:3
jatinangor,"Jatinangor, Sumedang",2026-08-02,32.11.15.2002,Hegarmanah,kecamatan,yes,-6.938,107.7556,Asia/Jakarta,"BMKG representative point: Hegarmanah, Kecamatan Jatinangor",02-08-2026,ECMWF,Open-Meteo / ECMWF,07:00,2026-08-02 07:00:00,19.5,91.0,0.0,3.6,0.0,1.7366,Berawan,wmo:3
jatinangor,"Jatinangor, Sumedang",2026-08-02,32.11.15.2002,Hegarmanah,kecamatan,yes,-6.938,107.7556,Asia/Jakarta,"BMKG representative point: Hegarmanah, Kecamatan Jatinangor",02-08-2026,ECMWF,Open-Meteo / ECMWF,08:00,2026-08-02 08:00:00,21.9,80.0,0.0,3.4,0.0,1.7366,Cerah Berawan,wmo:2
jatinangor,"Jatinangor, Sumedang",2026-08-02,32.11.15.2002,Hegarmanah,kecamatan,yes,-6.938,107.7556,Asia/Jakarta,"BMKG representative point: Hegarmanah, Kecamatan Jatinangor",02-08-2026,ECMWF,Open-Meteo / ECMWF,09:00,2026-08-02 09:00:00,25.2,66.0,0.0,3.6,0.0,1.7366,Cerah Berawan,wmo:2
jatinangor,"Jatinangor, Sumedang",2026-08-02,32.11.15.2002,Hegarmanah,kecamatan,yes,-6.938,107.7556,Asia/Jakarta,"BMKG representative point: Hegarmanah, Kecamatan Jatinangor",02-08-2026,ECMWF,Open-Meteo / ECMWF,10:00,2026-08-02 10:00:00,27.9,55.0,0.0,4.3,0.0,1.7366,Cerah Berawan,wmo:1
jatinangor,"Jatinangor, Sumedang",2026-08-02,32.11.15.2002,Hegarmanah,kecamatan,yes,-6.938,107.7556,Asia/Jakarta,"BMKG representative point: Hegarmanah, Kecamatan Jatinangor",02-08-2026,ECMWF,Open-Meteo / ECMWF,11:00,2026-08-02 11:00:00,29.3,49.0,0.3,5.4,0.0,1.7366,Hujan Ringan,wmo:51
jatinangor,"Jatinangor, Sumedang",2026-08-02,32.11.15.2002,Hegarmanah,kecamatan,yes,-6.938,107.7556,Asia/Jakarta,"BMKG representative point: Hegarmanah, Kecamatan Jatinangor",02-08-2026,ECMWF,Open-Meteo / ECMWF,12:00,2026-08-02 12:00:00,30.0,47.0,0.3,6.7,0.0,1.7366,Hujan Ringan,wmo:51
jatinangor,"Jatinangor, Sumedang",2026-08-02,32.11.15.2002,Hegarmanah,kecamatan,yes,-6.938,107.7556,Asia/Jakarta,"BMKG representative point: Hegarmanah, Kecamatan Jatinangor",02-08-2026,ECMWF,Open-Meteo / ECMWF,13:00,2026-08-02 13:00:00,30.3,46.0,0.3,7.4,0.0,1.7366,Hujan Ringan,wmo:51
jatinangor,"Jatinangor, Sumedang",2026-08-02,32.11.15.2002,Hegarmanah,kecamatan,yes,-6.938,107.7556,Asia/Jakarta,"BMKG representative point: Hegarmanah, Kecamatan Jatinangor",02-08-2026,ECMWF,Open-Meteo / ECMWF,14:00,2026-08-02 14:00:00,30.1,47.0,0.5,7.4,0.0,1.7366,Hujan Ringan,wmo:53
jatinangor,"Jatinangor, Sumedang",2026-08-02,32.11.15.2002,Hegarmanah,kecamatan,yes,-6.938,107.7556,Asia/Jakarta,"BMKG representative point: Hegarmanah, Kecamatan Jatinangor",02-08-2026,ECMWF,Open-Meteo / ECMWF,15:00,2026-08-02 15:00:00,29.4,51.0,0.5,7.6,0.0,1.7366,Hujan Ringan,wmo:53
jatinangor,"Jatinangor, Sumedang",2026-08-02,32.11.15.2002,Hegarmanah,kecamatan,yes,-6.938,107.7556,Asia/Jakarta,"BMKG representative point: Hegarmanah, Kecamatan Jatinangor",02-08-2026,ECMWF,Open-Meteo / ECMWF,16:00,2026-08-02 16:00:00,28.5,55.0,0.5,7.4,0.0,1.7366,Hujan Ringan,wmo:53
jatinangor,"Jatinangor, Sumedang",2026-08-02,32.11.15.2002,Hegarmanah,kecamatan,yes,-6.938,107.7556,Asia/Jakarta,"BMKG representative point: Hegarmanah, Kecamatan Jatinangor",02-08-2026,ECMWF,Open-Meteo / ECMWF,17:00,2026-08-02 17:00:00,27.2,60.0,0.0,6.8,0.0,1.7366,Cerah Berawan,wmo:1
jatinangor,"Jatinangor, Sumedang",2026-08-02,32.11.15.2002,Hegarmanah,kecamatan,yes,-6.938,107.7556,Asia/Jakarta,"BMKG representative point: Hegarmanah, Kecamatan Jatinangor",02-08-2026,ECMWF,Open-Meteo / ECMWF,18:00,2026-08-02 18:00:00,25.6,67.0,0.0,5.7,0.0,1.7366,Cerah Berawan,wmo:1
jatinangor,"Jatinangor, Sumedang",2026-08-02,32.11.15.2002,Hegarmanah,kecamatan,yes,-6.938,107.7556,Asia/Jakarta,"BMKG representative point: Hegarmanah, Kecamatan Jatinangor",02-08-2026,ECMWF,Open-Meteo / ECMWF,19:00,2026-08-02 19:00:00,24.2,73.0,0.0,4.9,0.0,1.7366,Cerah Berawan,wmo:1
jatinangor,"Jatinangor, Sumedang",2026-08-02,32.11.15.2002,Hegarmanah,kecamatan,yes,-6.938,107.7556,Asia/Jakarta,"BMKG representative point: Hegarmanah, Kecamatan Jatinangor",02-08-2026,ECMWF,Open-Meteo / ECMWF,20:00,2026-08-02 20:00:00,23.2,78.0,0.0,4.6,0.0,1.7366,Cerah,wmo:0
jatinangor,"Jatinangor, Sumedang",2026-08-02,32.11.15.2002,Hegarmanah,kecamatan,yes,-6.938,107.7556,Asia/Jakarta,"BMKG representative point: Hegarmanah, Kecamatan Jatinangor",02-08-2026,ECMWF,Open-Meteo / ECMWF,21:00,2026-08-02 21:00:00,22.5,83.0,0.0,4.2,0.0,1.7366,Cerah,wmo:0
jatinangor,"Jatinangor, Sumedang",2026-08-02,32.11.15.2002,Hegarmanah,kecamatan,yes,-6.938,107.7556,Asia/Jakarta,"BMKG representative point: Hegarmanah, Kecamatan Jatinangor",02-08-2026,ECMWF,Open-Meteo / ECMWF,22:00,2026-08-02 22:00:00,21.8,87.0,0.0,3.9,0.0,1.7366,Cerah,wmo:0
jatinangor,"Jatinangor, Sumedang",2026-08-02,32.11.15.2002,Hegarmanah,kecamatan,yes,-6.938,107.7556,Asia/Jakarta,"BMKG representative point: Hegarmanah, Kecamatan Jatinangor",02-08-2026,ECMWF,Open-Meteo / ECMWF,23:00,2026-08-02 23:00:00,21.3,90.0,0.0,2.7,0.0,1.7366,Cerah,wmo:0
jatinangor,"Jatinangor, Sumedang",2026-08-02,32.11.15.2002,Hegarmanah,kecamatan,yes,-6.938,107.7556,Asia/Jakarta,"BMKG representative point: Hegarmanah, Kecamatan Jatinangor",02-08-2026,GFS,Open-Meteo / NOAA GFS,00:00,2026-08-02 00:00:00,18.7,94.0,0.0,4.0,0.0,1.4087,Cerah,wmo:0
jatinangor,"Jatinangor, Sumedang",2026-08-02,32.11.15.2002,Hegarmanah,kecamatan,yes,-6.938,107.7556,Asia/Jakarta,"BMKG representative point: Hegarmanah, Kecamatan Jatinangor",02-08-2026,GFS,Open-Meteo / NOAA GFS,01:00,2026-08-02 01:00:00,18.3,92.0,0.0,3.7,0.0,1.4087,Cerah,wmo:0
jatinangor,"Jatinangor, Sumedang",2026-08-02,32.11.15.2002,Hegarmanah,kecamatan,yes,-6.938,107.7556,Asia/Jakarta,"BMKG representative point: Hegarmanah, Kecamatan Jatinangor",02-08-2026,GFS,Open-Meteo / NOAA GFS,02:00,2026-08-02 02:00:00,18.1,93.0,0.0,3.4,0.0,1.4087,Cerah Berawan,wmo:1
jatinangor,"Jatinangor, Sumedang",2026-08-02,32.11.15.2002,Hegarmanah,kecamatan,yes,-6.938,107.7556,Asia/Jakarta,"BMKG representative point: Hegarmanah, Kecamatan Jatinangor",02-08-2026,GFS,Open-Meteo / NOAA GFS,03:00,2026-08-02 03:00:00,17.9,94.0,0.0,4.7,0.0,1.4087,Berawan,wmo:3
jatinangor,"Jatinangor, Sumedang",2026-08-02,32.11.15.2002,Hegarmanah,kecamatan,yes,-6.938,107.7556,Asia/Jakarta,"BMKG representative point: Hegarmanah, Kecamatan Jatinangor",02-08-2026,GFS,Open-Meteo / NOAA GFS,04:00,2026-08-02 04:00:00,17.6,95.0,0.0,4.8,0.0,1.4087,Berawan,wmo:3
jatinangor,"Jatinangor, Sumedang",2026-08-02,32.11.15.2002,Hegarmanah,kecamatan,yes,-6.938,107.7556,Asia/Jakarta,"BMKG representative point: Hegarmanah, Kecamatan Jatinangor",02-08-2026,GFS,Open-Meteo / NOAA GFS,05:00,2026-08-02 05:00:00,17.5,94.0,0.0,3.7,0.0,1.4087,Cerah Berawan,wmo:2
jatinangor,"Jatinangor, Sumedang",2026-08-02,32.11.15.2002,Hegarmanah,kecamatan,yes,-6.938,107.7556,Asia/Jakarta,"BMKG representative point: Hegarmanah, Kecamatan Jatinangor",02-08-2026,GFS,Open-Meteo / NOAA GFS,06:00,2026-08-02 06:00:00,17.4,94.0,0.0,3.4,0.0,1.4087,Berawan,wmo:3
jatinangor,"Jatinangor, Sumedang",2026-08-02,32.11.15.2002,Hegarmanah,kecamatan,yes,-6.938,107.7556,Asia/Jakarta,"BMKG representative point: Hegarmanah, Kecamatan Jatinangor",02-08-2026,GFS,Open-Meteo / NOAA GFS,07:00,2026-08-02 07:00:00,19.9,83.0,0.0,2.5,0.0,1.4087,Cerah Berawan,wmo:1
jatinangor,"Jatinangor, Sumedang",2026-08-02,32.11.15.2002,Hegarmanah,kecamatan,yes,-6.938,107.7556,Asia/Jakarta,"BMKG representative point: Hegarmanah, Kecamatan Jatinangor",02-08-2026,GFS,Open-Meteo / NOAA GFS,08:00,2026-08-02 08:00:00,23.6,68.0,0.0,3.5,0.0,1.4087,Cerah,wmo:0
jatinangor,"Jatinangor, Sumedang",2026-08-02,32.11.15.2002,Hegarmanah,kecamatan,yes,-6.938,107.7556,Asia/Jakarta,"BMKG representative point: Hegarmanah, Kecamatan Jatinangor",02-08-2026,GFS,Open-Meteo / NOAA GFS,09:00,2026-08-02 09:00:00,26.5,58.0,0.0,4.9,0.0,1.4087,Cerah Berawan,wmo:2
jatinangor,"Jatinangor, Sumedang",2026-08-02,32.11.15.2002,Hegarmanah,kecamatan,yes,-6.938,107.7556,Asia/Jakarta,"BMKG representative point: Hegarmanah, Kecamatan Jatinangor",02-08-2026,GFS,Open-Meteo / NOAA GFS,10:00,2026-08-02 10:00:00,28.5,50.0,0.0,7.1,0.0,1.4087,Cerah,wmo:0
jatinangor,"Jatinangor, Sumedang",2026-08-02,32.11.15.2002,Hegarmanah,kecamatan,yes,-6.938,107.7556,Asia/Jakarta,"BMKG representative point: Hegarmanah, Kecamatan Jatinangor",02-08-2026,GFS,Open-Meteo / NOAA GFS,11:00,2026-08-02 11:00:00,29.9,46.0,0.0,8.2,0.0,1.4087,Cerah,wmo:0
jatinangor,"Jatinangor, Sumedang",2026-08-02,32.11.15.2002,Hegarmanah,kecamatan,yes,-6.938,107.7556,Asia/Jakarta,"BMKG representative point: Hegarmanah, Kecamatan Jatinangor",02-08-2026,GFS,Open-Meteo / NOAA GFS,12:00,2026-08-02 12:00:00,30.9,42.0,0.0,10.2,0.0,1.4087,Cerah,wmo:0
jatinangor,"Jatinangor, Sumedang",2026-08-02,32.11.15.2002,Hegarmanah,kecamatan,yes,-6.938,107.7556,Asia/Jakarta,"BMKG representative point: Hegarmanah, Kecamatan Jatinangor",02-08-2026,GFS,Open-Meteo / NOAA GFS,13:00,2026-08-02 13:00:00,31.7,40.0,0.0,12.3,0.0,1.4087,Cerah,wmo:0
jatinangor,"Jatinangor, Sumedang",2026-08-02,32.11.15.2002,Hegarmanah,kecamatan,yes,-6.938,107.7556,Asia/Jakarta,"BMKG representative point: Hegarmanah, Kecamatan Jatinangor",02-08-2026,GFS,Open-Meteo / NOAA GFS,14:00,2026-08-02 14:00:00,31.7,40.0,0.0,14.6,0.0,1.4087,Cerah Berawan,wmo:2
jatinangor,"Jatinangor, Sumedang",2026-08-02,32.11.15.2002,Hegarmanah,kecamatan,yes,-6.938,107.7556,Asia/Jakarta,"BMKG representative point: Hegarmanah, Kecamatan Jatinangor",02-08-2026,GFS,Open-Meteo / NOAA GFS,15:00,2026-08-02 15:00:00,30.7,44.0,0.0,17.2,0.0,1.4087,Cerah Berawan,wmo:2
jatinangor,"Jatinangor, Sumedang",2026-08-02,32.11.15.2002,Hegarmanah,kecamatan,yes,-6.938,107.7556,Asia/Jakarta,"BMKG representative point: Hegarmanah, Kecamatan Jatinangor",02-08-2026,GFS,Open-Meteo / NOAA GFS,16:00,2026-08-02 16:00:00,28.3,52.0,0.0,13.8,0.0,1.4087,Berawan,wmo:3
jatinangor,"Jatinangor, Sumedang",2026-08-02,32.11.15.2002,Hegarmanah,kecamatan,yes,-6.938,107.7556,Asia/Jakarta,"BMKG representative point: Hegarmanah, Kecamatan Jatinangor",02-08-2026,GFS,Open-Meteo / NOAA GFS,17:00,2026-08-02 17:00:00,26.1,62.0,0.0,11.8,0.0,1.4087,Berawan,wmo:3
jatinangor,"Jatinangor, Sumedang",2026-08-02,32.11.15.2002,Hegarmanah,kecamatan,yes,-6.938,107.7556,Asia/Jakarta,"BMKG representative point: Hegarmanah, Kecamatan Jatinangor",02-08-2026,GFS,Open-Meteo / NOAA GFS,18:00,2026-08-02 18:00:00,24.3,69.0,0.0,8.4,0.0,1.4087,Berawan,wmo:3
jatinangor,"Jatinangor, Sumedang",2026-08-02,32.11.15.2002,Hegarmanah,kecamatan,yes,-6.938,107.7556,Asia/Jakarta,"BMKG representative point: Hegarmanah, Kecamatan Jatinangor",02-08-2026,GFS,Open-Meteo / NOAA GFS,19:00,2026-08-02 19:00:00,23.1,76.0,0.0,6.4,0.0,1.4087,Berawan,wmo:3
jatinangor,"Jatinangor, Sumedang",2026-08-02,32.11.15.2002,Hegarmanah,kecamatan,yes,-6.938,107.7556,Asia/Jakarta,"BMKG representative point: Hegarmanah, Kecamatan Jatinangor",02-08-2026,GFS,Open-Meteo / NOAA GFS,20:00,2026-08-02 20:00:00,22.3,81.0,0.0,5.9,0.0,1.4087,Berawan,wmo:3
jatinangor,"Jatinangor, Sumedang",2026-08-02,32.11.15.2002,Hegarmanah,kecamatan,yes,-6.938,107.7556,Asia/Jakarta,"BMKG representative point: Hegarmanah, Kecamatan Jatinangor",02-08-2026,GFS,Open-Meteo / NOAA GFS,21:00,2026-08-02 21:00:00,21.7,85.0,0.0,4.0,0.0,1.4087,Berawan,wmo:3
jatinangor,"Jatinangor, Sumedang",2026-08-02,32.11.15.2002,Hegarmanah,kecamatan,yes,-6.938,107.7556,Asia/Jakarta,"BMKG representative point: Hegarmanah, Kecamatan Jatinangor",02-08-2026,GFS,Open-Meteo / NOAA GFS,22:00,2026-08-02 22:00:00,21.9,85.0,0.0,2.1,0.0,1.4087,Berawan,wmo:3
jatinangor,"Jatinangor, Sumedang",2026-08-02,32.11.15.2002,Hegarmanah,kecamatan,yes,-6.938,107.7556,Asia/Jakarta,"BMKG representative point: Hegarmanah, Kecamatan Jatinangor",02-08-2026,GFS,Open-Meteo / NOAA GFS,23:00,2026-08-02 23:00:00,21.9,86.0,0.0,0.7,0.0,1.4087,Berawan,wmo:3
jatinangor,"Jatinangor, Sumedang",2026-08-02,32.11.15.2002,Hegarmanah,kecamatan,yes,-6.938,107.7556,Asia/Jakarta,"BMKG representative point: Hegarmanah, Kecamatan Jatinangor",02-08-2026,ICON,Open-Meteo / DWD ICON,00:00,2026-08-02 00:00:00,19.9,90.0,0.0,5.6,0.0,1.4508,Cerah Berawan,wmo:1
jatinangor,"Jatinangor, Sumedang",2026-08-02,32.11.15.2002,Hegarmanah,kecamatan,yes,-6.938,107.7556,Asia/Jakarta,"BMKG representative point: Hegarmanah, Kecamatan Jatinangor",02-08-2026,ICON,Open-Meteo / DWD ICON,01:00,2026-08-02 01:00:00,19.9,90.0,0.0,5.4,0.0,1.4508,Cerah Berawan,wmo:1
jatinangor,"Jatinangor, Sumedang",2026-08-02,32.11.15.2002,Hegarmanah,kecamatan,yes,-6.938,107.7556,Asia/Jakarta,"BMKG representative point: Hegarmanah, Kecamatan Jatinangor",02-08-2026,ICON,Open-Meteo / DWD ICON,02:00,2026-08-02 02:00:00,19.7,89.0,0.0,5.4,0.0,1.4508,Cerah Berawan,wmo:2
jatinangor,"Jatinangor, Sumedang",2026-08-02,32.11.15.2002,Hegarmanah,kecamatan,yes,-6.938,107.7556,Asia/Jakarta,"BMKG representative point: Hegarmanah, Kecamatan Jatinangor",02-08-2026,ICON,Open-Meteo / DWD ICON,03:00,2026-08-02 03:00:00,19.6,89.0,0.0,5.2,0.0,1.4508,Cerah Berawan,wmo:2
jatinangor,"Jatinangor, Sumedang",2026-08-02,32.11.15.2002,Hegarmanah,kecamatan,yes,-6.938,107.7556,Asia/Jakarta,"BMKG representative point: Hegarmanah, Kecamatan Jatinangor",02-08-2026,ICON,Open-Meteo / DWD ICON,04:00,2026-08-02 04:00:00,19.4,90.0,0.0,5.4,0.0,1.4508,Cerah Berawan,wmo:1
jatinangor,"Jatinangor, Sumedang",2026-08-02,32.11.15.2002,Hegarmanah,kecamatan,yes,-6.938,107.7556,Asia/Jakarta,"BMKG representative point: Hegarmanah, Kecamatan Jatinangor",02-08-2026,ICON,Open-Meteo / DWD ICON,05:00,2026-08-02 05:00:00,18.9,91.0,0.0,5.4,0.0,1.4508,Cerah Berawan,wmo:1
jatinangor,"Jatinangor, Sumedang",2026-08-02,32.11.15.2002,Hegarmanah,kecamatan,yes,-6.938,107.7556,Asia/Jakarta,"BMKG representative point: Hegarmanah, Kecamatan Jatinangor",02-08-2026,ICON,Open-Meteo / DWD ICON,06:00,2026-08-02 06:00:00,18.5,93.0,0.0,4.8,0.0,1.4508,Cerah Berawan,wmo:1
jatinangor,"Jatinangor, Sumedang",2026-08-02,32.11.15.2002,Hegarmanah,kecamatan,yes,-6.938,107.7556,Asia/Jakarta,"BMKG representative point: Hegarmanah, Kecamatan Jatinangor",02-08-2026,ICON,Open-Meteo / DWD ICON,07:00,2026-08-02 07:00:00,19.4,90.0,0.0,3.8,0.0,1.4508,Cerah Berawan,wmo:1
jatinangor,"Jatinangor, Sumedang",2026-08-02,32.11.15.2002,Hegarmanah,kecamatan,yes,-6.938,107.7556,Asia/Jakarta,"BMKG representative point: Hegarmanah, Kecamatan Jatinangor",02-08-2026,ICON,Open-Meteo / DWD ICON,08:00,2026-08-02 08:00:00,23.4,75.0,0.0,2.3,0.0,1.4508,Cerah,wmo:0
jatinangor,"Jatinangor, Sumedang",2026-08-02,32.11.15.2002,Hegarmanah,kecamatan,yes,-6.938,107.7556,Asia/Jakarta,"BMKG representative point: Hegarmanah, Kecamatan Jatinangor",02-08-2026,ICON,Open-Meteo / DWD ICON,09:00,2026-08-02 09:00:00,25.4,67.0,0.0,3.1,0.0,1.4508,Cerah,wmo:0
jatinangor,"Jatinangor, Sumedang",2026-08-02,32.11.15.2002,Hegarmanah,kecamatan,yes,-6.938,107.7556,Asia/Jakarta,"BMKG representative point: Hegarmanah, Kecamatan Jatinangor",02-08-2026,ICON,Open-Meteo / DWD ICON,10:00,2026-08-02 10:00:00,27.5,60.0,0.0,3.6,0.0,1.4508,Cerah,wmo:0
jatinangor,"Jatinangor, Sumedang",2026-08-02,32.11.15.2002,Hegarmanah,kecamatan,yes,-6.938,107.7556,Asia/Jakarta,"BMKG representative point: Hegarmanah, Kecamatan Jatinangor",02-08-2026,ICON,Open-Meteo / DWD ICON,11:00,2026-08-02 11:00:00,29.3,52.0,0.0,4.5,0.0,1.4508,Cerah Berawan,wmo:1
jatinangor,"Jatinangor, Sumedang",2026-08-02,32.11.15.2002,Hegarmanah,kecamatan,yes,-6.938,107.7556,Asia/Jakarta,"BMKG representative point: Hegarmanah, Kecamatan Jatinangor",02-08-2026,ICON,Open-Meteo / DWD ICON,12:00,2026-08-02 12:00:00,30.4,47.0,0.0,5.8,0.0,1.4508,Cerah Berawan,wmo:1
jatinangor,"Jatinangor, Sumedang",2026-08-02,32.11.15.2002,Hegarmanah,kecamatan,yes,-6.938,107.7556,Asia/Jakarta,"BMKG representative point: Hegarmanah, Kecamatan Jatinangor",02-08-2026,ICON,Open-Meteo / DWD ICON,13:00,2026-08-02 13:00:00,31.3,45.0,0.0,7.6,0.0,1.4508,Cerah Berawan,wmo:1
jatinangor,"Jatinangor, Sumedang",2026-08-02,32.11.15.2002,Hegarmanah,kecamatan,yes,-6.938,107.7556,Asia/Jakarta,"BMKG representative point: Hegarmanah, Kecamatan Jatinangor",02-08-2026,ICON,Open-Meteo / DWD ICON,14:00,2026-08-02 14:00:00,31.2,45.0,0.0,8.8,0.0,1.4508,Cerah Berawan,wmo:1
jatinangor,"Jatinangor, Sumedang",2026-08-02,32.11.15.2002,Hegarmanah,kecamatan,yes,-6.938,107.7556,Asia/Jakarta,"BMKG representative point: Hegarmanah, Kecamatan Jatinangor",02-08-2026,ICON,Open-Meteo / DWD ICON,15:00,2026-08-02 15:00:00,30.8,47.0,0.0,11.7,0.0,1.4508,Cerah Berawan,wmo:2
jatinangor,"Jatinangor, Sumedang",2026-08-02,32.11.15.2002,Hegarmanah,kecamatan,yes,-6.938,107.7556,Asia/Jakarta,"BMKG representative point: Hegarmanah, Kecamatan Jatinangor",02-08-2026,ICON,Open-Meteo / DWD ICON,16:00,2026-08-02 16:00:00,29.5,52.0,0.0,15.9,0.0,1.4508,Cerah Berawan,wmo:2
jatinangor,"Jatinangor, Sumedang",2026-08-02,32.11.15.2002,Hegarmanah,kecamatan,yes,-6.938,107.7556,Asia/Jakarta,"BMKG representative point: Hegarmanah, Kecamatan Jatinangor",02-08-2026,ICON,Open-Meteo / DWD ICON,17:00,2026-08-02 17:00:00,27.9,54.0,0.0,15.5,0.0,1.4508,Cerah Berawan,wmo:2
jatinangor,"Jatinangor, Sumedang",2026-08-02,32.11.15.2002,Hegarmanah,kecamatan,yes,-6.938,107.7556,Asia/Jakarta,"BMKG representative point: Hegarmanah, Kecamatan Jatinangor",02-08-2026,ICON,Open-Meteo / DWD ICON,18:00,2026-08-02 18:00:00,26.0,62.0,0.0,9.6,0.0,1.4508,Cerah Berawan,wmo:2
jatinangor,"Jatinangor, Sumedang",2026-08-02,32.11.15.2002,Hegarmanah,kecamatan,yes,-6.938,107.7556,Asia/Jakarta,"BMKG representative point: Hegarmanah, Kecamatan Jatinangor",02-08-2026,ICON,Open-Meteo / DWD ICON,19:00,2026-08-02 19:00:00,24.9,67.0,0.0,7.3,0.0,1.4508,Cerah Berawan,wmo:2
jatinangor,"Jatinangor, Sumedang",2026-08-02,32.11.15.2002,Hegarmanah,kecamatan,yes,-6.938,107.7556,Asia/Jakarta,"BMKG representative point: Hegarmanah, Kecamatan Jatinangor",02-08-2026,ICON,Open-Meteo / DWD ICON,20:00,2026-08-02 20:00:00,24.2,70.0,0.0,5.4,0.0,1.4508,Cerah Berawan,wmo:2
jatinangor,"Jatinangor, Sumedang",2026-08-02,32.11.15.2002,Hegarmanah,kecamatan,yes,-6.938,107.7556,Asia/Jakarta,"BMKG representative point: Hegarmanah, Kecamatan Jatinangor",02-08-2026,ICON,Open-Meteo / DWD ICON,21:00,2026-08-02 21:00:00,23.4,75.0,0.0,3.6,0.0,1.4508,Cerah Berawan,wmo:2
jatinangor,"Jatinangor, Sumedang",2026-08-02,32.11.15.2002,Hegarmanah,kecamatan,yes,-6.938,107.7556,Asia/Jakarta,"BMKG representative point: Hegarmanah, Kecamatan Jatinangor",02-08-2026,ICON,Open-Meteo / DWD ICON,22:00,2026-08-02 22:00:00,22.8,80.0,0.0,3.0,0.0,1.4508,Cerah Berawan,wmo:2
jatinangor,"Jatinangor, Sumedang",2026-08-02,32.11.15.2002,Hegarmanah,kecamatan,yes,-6.938,107.7556,Asia/Jakarta,"BMKG representative point: Hegarmanah, Kecamatan Jatinangor",02-08-2026,ICON,Open-Meteo / DWD ICON,23:00,2026-08-02 23:00:00,21.9,85.0,0.0,3.5,0.0,1.4508,Cerah Berawan,wmo:1
jatinangor,"Jatinangor, Sumedang",2026-08-02,32.11.15.2002,Hegarmanah,kecamatan,yes,-6.938,107.7556,Asia/Jakarta,"BMKG representative point: Hegarmanah, Kecamatan Jatinangor",02-08-2026,KMA,Open-Meteo / KMA,00:00,2026-08-02 00:00:00,,,,,0.0,0.5415,Berawan,wmo:None
jatinangor,"Jatinangor, Sumedang",2026-08-02,32.11.15.2002,Hegarmanah,kecamatan,yes,-6.938,107.7556,Asia/Jakarta,"BMKG representative point: Hegarmanah, Kecamatan Jatinangor",02-08-2026,KMA,Open-Meteo / KMA,01:00,2026-08-02 01:00:00,,,,,0.0,0.5415,Berawan,wmo:None
jatinangor,"Jatinangor, Sumedang",2026-08-02,32.11.15.2002,Hegarmanah,kecamatan,yes,-6.938,107.7556,Asia/Jakarta,"BMKG representative point: Hegarmanah, Kecamatan Jatinangor",02-08-2026,KMA,Open-Meteo / KMA,02:00,2026-08-02 02:00:00,,,,,0.0,0.5415,Berawan,wmo:None
jatinangor,"Jatinangor, Sumedang",2026-08-02,32.11.15.2002,Hegarmanah,kecamatan,yes,-6.938,107.7556,Asia/Jakarta,"BMKG representative point: Hegarmanah, Kecamatan Jatinangor",02-08-2026,KMA,Open-Meteo / KMA,03:00,2026-08-02 03:00:00,,,,,0.0,0.5415,Berawan,wmo:None
jatinangor,"Jatinangor, Sumedang",2026-08-02,32.11.15.2002,Hegarmanah,kecamatan,yes,-6.938,107.7556,Asia/Jakarta,"BMKG representative point: Hegarmanah, Kecamatan Jatinangor",02-08-2026,KMA,Open-Meteo / KMA,04:00,2026-08-02 04:00:00,,,,,0.0,0.5415,Berawan,wmo:None
jatinangor,"Jatinangor, Sumedang",2026-08-02,32.11.15.2002,Hegarmanah,kecamatan,yes,-6.938,107.7556,Asia/Jakarta,"BMKG representative point: Hegarmanah, Kecamatan Jatinangor",02-08-2026,KMA,Open-Meteo / KMA,05:00,2026-08-02 05:00:00,,,,,0.0,0.5415,Berawan,wmo:None
jatinangor,"Jatinangor, Sumedang",2026-08-02,32.11.15.2002,Hegarmanah,kecamatan,yes,-6.938,107.7556,Asia/Jakarta,"BMKG representative point: Hegarmanah, Kecamatan Jatinangor",02-08-2026,KMA,Open-Meteo / KMA,06:00,2026-08-02 06:00:00,,,,,0.0,0.5415,Berawan,wmo:None
jatinangor,"Jatinangor, Sumedang",2026-08-02,32.11.15.2002,Hegarmanah,kecamatan,yes,-6.938,107.7556,Asia/Jakarta,"BMKG representative point: Hegarmanah, Kecamatan Jatinangor",02-08-2026,KMA,Open-Meteo / KMA,07:00,2026-08-02 07:00:00,,,,,0.0,0.5415,Berawan,wmo:None
jatinangor,"Jatinangor, Sumedang",2026-08-02,32.11.15.2002,Hegarmanah,kecamatan,yes,-6.938,107.7556,Asia/Jakarta,"BMKG representative point: Hegarmanah, Kecamatan Jatinangor",02-08-2026,KMA,Open-Meteo / KMA,08:00,2026-08-02 08:00:00,,,,,0.0,0.5415,Berawan,wmo:None
jatinangor,"Jatinangor, Sumedang",2026-08-02,32.11.15.2002,Hegarmanah,kecamatan,yes,-6.938,107.7556,Asia/Jakarta,"BMKG representative point: Hegarmanah, Kecamatan Jatinangor",02-08-2026,KMA,Open-Meteo / KMA,09:00,2026-08-02 09:00:00,,,,,0.0,0.5415,Berawan,wmo:None
jatinangor,"Jatinangor, Sumedang",2026-08-02,32.11.15.2002,Hegarmanah,kecamatan,yes,-6.938,107.7556,Asia/Jakarta,"BMKG representative point: Hegarmanah, Kecamatan Jatinangor",02-08-2026,KMA,Open-Meteo / KMA,10:00,2026-08-02 10:00:00,,,,,0.0,0.5415,Berawan,wmo:None
jatinangor,"Jatinangor, Sumedang",2026-08-02,32.11.15.2002,Hegarmanah,kecamatan,yes,-6.938,107.7556,Asia/Jakarta,"BMKG representative point: Hegarmanah, Kecamatan Jatinangor",02-08-2026,KMA,Open-Meteo / KMA,11:00,2026-08-02 11:00:00,,,,,0.0,0.5415,Berawan,wmo:None
jatinangor,"Jatinangor, Sumedang",2026-08-02,32.11.15.2002,Hegarmanah,kecamatan,yes,-6.938,107.7556,Asia/Jakarta,"BMKG representative point: Hegarmanah, Kecamatan Jatinangor",02-08-2026,KMA,Open-Meteo / KMA,12:00,2026-08-02 12:00:00,,,,,0.0,0.5415,Berawan,wmo:None
jatinangor,"Jatinangor, Sumedang",2026-08-02,32.11.15.2002,Hegarmanah,kecamatan,yes,-6.938,107.7556,Asia/Jakarta,"BMKG representative point: Hegarmanah, Kecamatan Jatinangor",02-08-2026,KMA,Open-Meteo / KMA,13:00,2026-08-02 13:00:00,,,,,0.0,0.5415,Berawan,wmo:None
jatinangor,"Jatinangor, Sumedang",2026-08-02,32.11.15.2002,Hegarmanah,kecamatan,yes,-6.938,107.7556,Asia/Jakarta,"BMKG representative point: Hegarmanah, Kecamatan Jatinangor",02-08-2026,KMA,Open-Meteo / KMA,14:00,2026-08-02 14:00:00,,,,,0.0,0.5415,Berawan,wmo:None
jatinangor,"Jatinangor, Sumedang",2026-08-02,32.11.15.2002,Hegarmanah,kecamatan,yes,-6.938,107.7556,Asia/Jakarta,"BMKG representative point: Hegarmanah, Kecamatan Jatinangor",02-08-2026,KMA,Open-Meteo / KMA,15:00,2026-08-02 15:00:00,,,,,0.0,0.5415,Berawan,wmo:None
jatinangor,"Jatinangor, Sumedang",2026-08-02,32.11.15.2002,Hegarmanah,kecamatan,yes,-6.938,107.7556,Asia/Jakarta,"BMKG representative point: Hegarmanah, Kecamatan Jatinangor",02-08-2026,KMA,Open-Meteo / KMA,16:00,2026-08-02 16:00:00,,,,,0.0,0.5415,Berawan,wmo:None
jatinangor,"Jatinangor, Sumedang",2026-08-02,32.11.15.2002,Hegarmanah,kecamatan,yes,-6.938,107.7556,Asia/Jakarta,"BMKG representative point: Hegarmanah, Kecamatan Jatinangor",02-08-2026,KMA,Open-Meteo / KMA,17:00,2026-08-02 17:00:00,,,,,0.0,0.5415,Berawan,wmo:None
jatinangor,"Jatinangor, Sumedang",2026-08-02,32.11.15.2002,Hegarmanah,kecamatan,yes,-6.938,107.7556,Asia/Jakarta,"BMKG representative point: Hegarmanah, Kecamatan Jatinangor",02-08-2026,KMA,Open-Meteo / KMA,18:00,2026-08-02 18:00:00,,,,,0.0,0.5415,Berawan,wmo:None
jatinangor,"Jatinangor, Sumedang",2026-08-02,32.11.15.2002,Hegarmanah,kecamatan,yes,-6.938,107.7556,Asia/Jakarta,"BMKG representative point: Hegarmanah, Kecamatan Jatinangor",02-08-2026,KMA,Open-Meteo / KMA,19:00,2026-08-02 19:00:00,,,,,0.0,0.5415,Berawan,wmo:None
jatinangor,"Jatinangor, Sumedang",2026-08-02,32.11.15.2002,Hegarmanah,kecamatan,yes,-6.938,107.7556,Asia/Jakarta,"BMKG representative point: Hegarmanah, Kecamatan Jatinangor",02-08-2026,KMA,Open-Meteo / KMA,20:00,2026-08-02 20:00:00,,,,,0.0,0.5415,Berawan,wmo:None
jatinangor,"Jatinangor, Sumedang",2026-08-02,32.11.15.2002,Hegarmanah,kecamatan,yes,-6.938,107.7556,Asia/Jakarta,"BMKG representative point: Hegarmanah, Kecamatan Jatinangor",02-08-2026,KMA,Open-Meteo / KMA,21:00,2026-08-02 21:00:00,,,,,0.0,0.5415,Berawan,wmo:None
jatinangor,"Jatinangor, Sumedang",2026-08-02,32.11.15.2002,Hegarmanah,kecamatan,yes,-6.938,107.7556,Asia/Jakarta,"BMKG representative point: Hegarmanah, Kecamatan Jatinangor",02-08-2026,KMA,Open-Meteo / KMA,22:00,2026-08-02 22:00:00,,,,,0.0,0.5415,Berawan,wmo:None
jatinangor,"Jatinangor, Sumedang",2026-08-02,32.11.15.2002,Hegarmanah,kecamatan,yes,-6.938,107.7556,Asia/Jakarta,"BMKG representative point: Hegarmanah, Kecamatan Jatinangor",02-08-2026,KMA,Open-Meteo / KMA,23:00,2026-08-02 23:00:00,,,,,0.0,0.5415,Berawan,wmo:None
jatinangor,"Jatinangor, Sumedang",2026-08-02,32.11.15.2002,Hegarmanah,kecamatan,yes,-6.938,107.7556,Asia/Jakarta,"BMKG representative point: Hegarmanah, Kecamatan Jatinangor",02-08-2026,METEOFRANCE,Open-Meteo / Meteo-France,00:00,2026-08-02 00:00:00,25.4,87.0,0.0,0.7,0.0,1.465,Cerah Berawan,wmo:1
jatinangor,"Jatinangor, Sumedang",2026-08-02,32.11.15.2002,Hegarmanah,kecamatan,yes,-6.938,107.7556,Asia/Jakarta,"BMKG representative point: Hegarmanah, Kecamatan Jatinangor",02-08-2026,METEOFRANCE,Open-Meteo / Meteo-France,01:00,2026-08-02 01:00:00,24.9,86.0,0.0,2.0,0.0,1.465,Cerah Berawan,wmo:2
jatinangor,"Jatinangor, Sumedang",2026-08-02,32.11.15.2002,Hegarmanah,kecamatan,yes,-6.938,107.7556,Asia/Jakarta,"BMKG representative point: Hegarmanah, Kecamatan Jatinangor",02-08-2026,METEOFRANCE,Open-Meteo / Meteo-France,02:00,2026-08-02 02:00:00,25.0,86.0,0.0,2.3,0.0,1.465,Berawan,wmo:3
jatinangor,"Jatinangor, Sumedang",2026-08-02,32.11.15.2002,Hegarmanah,kecamatan,yes,-6.938,107.7556,Asia/Jakarta,"BMKG representative point: Hegarmanah, Kecamatan Jatinangor",02-08-2026,METEOFRANCE,Open-Meteo / Meteo-France,03:00,2026-08-02 03:00:00,25.1,85.0,0.0,2.3,0.0,1.465,Cerah Berawan,wmo:2
jatinangor,"Jatinangor, Sumedang",2026-08-02,32.11.15.2002,Hegarmanah,kecamatan,yes,-6.938,107.7556,Asia/Jakarta,"BMKG representative point: Hegarmanah, Kecamatan Jatinangor",02-08-2026,METEOFRANCE,Open-Meteo / Meteo-France,04:00,2026-08-02 04:00:00,25.3,84.0,0.0,1.5,0.0,1.465,Cerah Berawan,wmo:1
jatinangor,"Jatinangor, Sumedang",2026-08-02,32.11.15.2002,Hegarmanah,kecamatan,yes,-6.938,107.7556,Asia/Jakarta,"BMKG representative point: Hegarmanah, Kecamatan Jatinangor",02-08-2026,METEOFRANCE,Open-Meteo / Meteo-France,05:00,2026-08-02 05:00:00,25.1,85.0,0.0,1.4,0.0,1.465,Cerah Berawan,wmo:1
jatinangor,"Jatinangor, Sumedang",2026-08-02,32.11.15.2002,Hegarmanah,kecamatan,yes,-6.938,107.7556,Asia/Jakarta,"BMKG representative point: Hegarmanah, Kecamatan Jatinangor",02-08-2026,METEOFRANCE,Open-Meteo / Meteo-France,06:00,2026-08-02 06:00:00,24.6,86.0,0.0,1.1,0.0,1.465,Cerah Berawan,wmo:1
jatinangor,"Jatinangor, Sumedang",2026-08-02,32.11.15.2002,Hegarmanah,kecamatan,yes,-6.938,107.7556,Asia/Jakarta,"BMKG representative point: Hegarmanah, Kecamatan Jatinangor",02-08-2026,METEOFRANCE,Open-Meteo / Meteo-France,07:00,2026-08-02 07:00:00,24.9,88.0,0.0,1.1,0.0,1.465,Cerah Berawan,wmo:2
jatinangor,"Jatinangor, Sumedang",2026-08-02,32.11.15.2002,Hegarmanah,kecamatan,yes,-6.938,107.7556,Asia/Jakarta,"BMKG representative point: Hegarmanah, Kecamatan Jatinangor",02-08-2026,METEOFRANCE,Open-Meteo / Meteo-France,08:00,2026-08-02 08:00:00,26.5,78.0,0.0,2.2,0.0,1.465,Cerah Berawan,wmo:2
jatinangor,"Jatinangor, Sumedang",2026-08-02,32.11.15.2002,Hegarmanah,kecamatan,yes,-6.938,107.7556,Asia/Jakarta,"BMKG representative point: Hegarmanah, Kecamatan Jatinangor",02-08-2026,METEOFRANCE,Open-Meteo / Meteo-France,09:00,2026-08-02 09:00:00,28.1,70.0,0.0,4.4,0.0,1.465,Cerah Berawan,wmo:2
jatinangor,"Jatinangor, Sumedang",2026-08-02,32.11.15.2002,Hegarmanah,kecamatan,yes,-6.938,107.7556,Asia/Jakarta,"BMKG representative point: Hegarmanah, Kecamatan Jatinangor",02-08-2026,METEOFRANCE,Open-Meteo / Meteo-France,10:00,2026-08-02 10:00:00,29.7,64.0,0.0,6.9,0.0,1.465,Cerah Berawan,wmo:2
jatinangor,"Jatinangor, Sumedang",2026-08-02,32.11.15.2002,Hegarmanah,kecamatan,yes,-6.938,107.7556,Asia/Jakarta,"BMKG representative point: Hegarmanah, Kecamatan Jatinangor",02-08-2026,METEOFRANCE,Open-Meteo / Meteo-France,11:00,2026-08-02 11:00:00,30.9,61.0,0.0,8.2,0.0,1.465,Cerah Berawan,wmo:2
jatinangor,"Jatinangor, Sumedang",2026-08-02,32.11.15.2002,Hegarmanah,kecamatan,yes,-6.938,107.7556,Asia/Jakarta,"BMKG representative point: Hegarmanah, Kecamatan Jatinangor",02-08-2026,METEOFRANCE,Open-Meteo / Meteo-France,12:00,2026-08-02 12:00:00,31.7,59.0,0.0,8.7,0.0,1.465,Cerah Berawan,wmo:1
jatinangor,"Jatinangor, Sumedang",2026-08-02,32.11.15.2002,Hegarmanah,kecamatan,yes,-6.938,107.7556,Asia/Jakarta,"BMKG representative point: Hegarmanah, Kecamatan Jatinangor",02-08-2026,METEOFRANCE,Open-Meteo / Meteo-France,13:00,2026-08-02 13:00:00,32.2,57.0,0.0,9.4,0.0,1.465,Cerah Berawan,wmo:1
jatinangor,"Jatinangor, Sumedang",2026-08-02,32.11.15.2002,Hegarmanah,kecamatan,yes,-6.938,107.7556,Asia/Jakarta,"BMKG representative point: Hegarmanah, Kecamatan Jatinangor",02-08-2026,METEOFRANCE,Open-Meteo / Meteo-France,14:00,2026-08-02 14:00:00,32.5,56.0,0.0,10.3,0.0,1.465,Cerah,wmo:0
jatinangor,"Jatinangor, Sumedang",2026-08-02,32.11.15.2002,Hegarmanah,kecamatan,yes,-6.938,107.7556,Asia/Jakarta,"BMKG representative point: Hegarmanah, Kecamatan Jatinangor",02-08-2026,METEOFRANCE,Open-Meteo / Meteo-France,15:00,2026-08-02 15:00:00,32.2,57.0,0.0,10.6,0.0,1.465,Cerah Berawan,wmo:1
jatinangor,"Jatinangor, Sumedang",2026-08-02,32.11.15.2002,Hegarmanah,kecamatan,yes,-6.938,107.7556,Asia/Jakarta,"BMKG representative point: Hegarmanah, Kecamatan Jatinangor",02-08-2026,METEOFRANCE,Open-Meteo / Meteo-France,16:00,2026-08-02 16:00:00,31.4,60.0,0.0,9.8,0.0,1.465,Cerah Berawan,wmo:1
jatinangor,"Jatinangor, Sumedang",2026-08-02,32.11.15.2002,Hegarmanah,kecamatan,yes,-6.938,107.7556,Asia/Jakarta,"BMKG representative point: Hegarmanah, Kecamatan Jatinangor",02-08-2026,METEOFRANCE,Open-Meteo / Meteo-France,17:00,2026-08-02 17:00:00,30.2,65.0,0.0,8.7,0.0,1.465,Cerah Berawan,wmo:1
jatinangor,"Jatinangor, Sumedang",2026-08-02,32.11.15.2002,Hegarmanah,kecamatan,yes,-6.938,107.7556,Asia/Jakarta,"BMKG representative point: Hegarmanah, Kecamatan Jatinangor",02-08-2026,METEOFRANCE,Open-Meteo / Meteo-France,18:00,2026-08-02 18:00:00,28.7,70.0,0.0,7.4,0.0,1.465,Cerah Berawan,wmo:2
jatinangor,"Jatinangor, Sumedang",2026-08-02,32.11.15.2002,Hegarmanah,kecamatan,yes,-6.938,107.7556,Asia/Jakarta,"BMKG representative point: Hegarmanah, Kecamatan Jatinangor",02-08-2026,METEOFRANCE,Open-Meteo / Meteo-France,19:00,2026-08-02 19:00:00,27.7,75.0,0.0,5.8,0.0,1.465,Cerah Berawan,wmo:2
jatinangor,"Jatinangor, Sumedang",2026-08-02,32.11.15.2002,Hegarmanah,kecamatan,yes,-6.938,107.7556,Asia/Jakarta,"BMKG representative point: Hegarmanah, Kecamatan Jatinangor",02-08-2026,METEOFRANCE,Open-Meteo / Meteo-France,20:00,2026-08-02 20:00:00,27.0,79.0,0.0,4.6,0.0,1.465,Cerah Berawan,wmo:2
jatinangor,"Jatinangor, Sumedang",2026-08-02,32.11.15.2002,Hegarmanah,kecamatan,yes,-6.938,107.7556,Asia/Jakarta,"BMKG representative point: Hegarmanah, Kecamatan Jatinangor",02-08-2026,METEOFRANCE,Open-Meteo / Meteo-France,21:00,2026-08-02 21:00:00,26.6,81.0,0.0,3.3,0.0,1.465,Cerah Berawan,wmo:2
jatinangor,"Jatinangor, Sumedang",2026-08-02,32.11.15.2002,Hegarmanah,kecamatan,yes,-6.938,107.7556,Asia/Jakarta,"BMKG representative point: Hegarmanah, Kecamatan Jatinangor",02-08-2026,METEOFRANCE,Open-Meteo / Meteo-France,22:00,2026-08-02 22:00:00,26.4,82.0,0.0,2.2,0.0,1.465,Cerah Berawan,wmo:2
jatinangor,"Jatinangor, Sumedang",2026-08-02,32.11.15.2002,Hegarmanah,kecamatan,yes,-6.938,107.7556,Asia/Jakarta,"BMKG representative point: Hegarmanah, Kecamatan Jatinangor",02-08-2026,METEOFRANCE,Open-Meteo / Meteo-France,23:00,2026-08-02 23:00:00,26.4,82.0,0.0,1.5,0.0,1.465,Cerah Berawan,wmo:2
jatinangor,"Jatinangor, Sumedang",2026-08-02,32.11.15.2002,Hegarmanah,kecamatan,yes,-6.938,107.7556,Asia/Jakarta,"BMKG representative point: Hegarmanah, Kecamatan Jatinangor",02-08-2026,METNO,MET Norway,07:00,2026-08-02 09:00:00,25.2,70.8,0.0,5.76,120.0,0.758,Cerah Berawan,partlycloudy_day
jatinangor,"Jatinangor, Sumedang",2026-08-02,32.11.15.2002,Hegarmanah,kecamatan,yes,-6.938,107.7556,Asia/Jakarta,"BMKG representative point: Hegarmanah, Kecamatan Jatinangor",02-08-2026,METNO,MET Norway,08:00,2026-08-02 09:00:00,25.2,70.8,0.0,5.76,60.0,1.0336,Cerah Berawan,partlycloudy_day
jatinangor,"Jatinangor, Sumedang",2026-08-02,32.11.15.2002,Hegarmanah,kecamatan,yes,-6.938,107.7556,Asia/Jakarta,"BMKG representative point: Hegarmanah, Kecamatan Jatinangor",02-08-2026,METNO,MET Norway,09:00,2026-08-02 09:00:00,25.2,70.8,0.0,5.76,0.0,1.3782,Cerah Berawan,partlycloudy_day
jatinangor,"Jatinangor, Sumedang",2026-08-02,32.11.15.2002,Hegarmanah,kecamatan,yes,-6.938,107.7556,Asia/Jakarta,"BMKG representative point: Hegarmanah, Kecamatan Jatinangor",02-08-2026,METNO,MET Norway,10:00,2026-08-02 10:00:00,26.8,64.2,0.0,6.84,0.0,1.3782,Cerah Berawan,partlycloudy_day
jatinangor,"Jatinangor, Sumedang",2026-08-02,32.11.15.2002,Hegarmanah,kecamatan,yes,-6.938,107.7556,Asia/Jakarta,"BMKG representative point: Hegarmanah, Kecamatan Jatinangor",02-08-2026,METNO,MET Norway,11:00,2026-08-02 11:00:00,28.1,58.7,0.0,9.0,0.0,1.3782,Cerah Berawan,fair_day
jatinangor,"Jatinangor, Sumedang",2026-08-02,32.11.15.2002,Hegarmanah,kecamatan,yes,-6.938,107.7556,Asia/Jakarta,"BMKG representative point: Hegarmanah, Kecamatan Jatinangor",02-08-2026,METNO,MET Norway,12:00,2026-08-02 12:00:00,28.5,57.4,0.3,11.16,0.0,1.3782,Hujan Ringan,rainshowers_day
jatinangor,"Jatinangor, Sumedang",2026-08-02,32.11.15.2002,Hegarmanah,kecamatan,yes,-6.938,107.7556,Asia/Jakarta,"BMKG representative point: Hegarmanah, Kecamatan Jatinangor",02-08-2026,METNO,MET Norway,13:00,2026-08-02 13:00:00,28.2,59.4,0.2,10.8,0.0,1.3782,Hujan Ringan,lightrainshowers_day
jatinangor,"Jatinangor, Sumedang",2026-08-02,32.11.15.2002,Hegarmanah,kecamatan,yes,-6.938,107.7556,Asia/Jakarta,"BMKG representative point: Hegarmanah, Kecamatan Jatinangor",02-08-2026,METNO,MET Norway,14:00,2026-08-02 14:00:00,28.6,57.3,0.3,10.44,0.0,1.3782,Hujan Ringan,rainshowers_day
jatinangor,"Jatinangor, Sumedang",2026-08-02,32.11.15.2002,Hegarmanah,kecamatan,yes,-6.938,107.7556,Asia/Jakarta,"BMKG representative point: Hegarmanah, Kecamatan Jatinangor",02-08-2026,METNO,MET Norway,15:00,2026-08-02 15:00:00,27.9,61.1,0.2,10.8,0.0,1.3782,Hujan Ringan,lightrainshowers_day
jatinangor,"Jatinangor, Sumedang",2026-08-02,32.11.15.2002,Hegarmanah,kecamatan,yes,-6.938,107.7556,Asia/Jakarta,"BMKG representative point: Hegarmanah, Kecamatan Jatinangor",02-08-2026,METNO,MET Norway,16:00,2026-08-02 16:00:00,26.6,66.3,0.0,10.44,0.0,1.3782,Cerah Berawan,fair_day
jatinangor,"Jatinangor, Sumedang",2026-08-02,32.11.15.2002,Hegarmanah,kecamatan,yes,-6.938,107.7556,Asia/Jakarta,"BMKG representative point: Hegarmanah, Kecamatan Jatinangor",02-08-2026,METNO,MET Norway,17:00,2026-08-02 17:00:00,25.2,70.7,0.0,10.44,0.0,1.3782,Cerah Berawan,fair_day
jatinangor,"Jatinangor, Sumedang",2026-08-02,32.11.15.2002,Hegarmanah,kecamatan,yes,-6.938,107.7556,Asia/Jakarta,"BMKG representative point: Hegarmanah, Kecamatan Jatinangor",02-08-2026,METNO,MET Norway,18:00,2026-08-02 18:00:00,23.2,79.4,0.0,7.92,0.0,1.3782,Cerah Berawan,fair_night
jatinangor,"Jatinangor, Sumedang",2026-08-02,32.11.15.2002,Hegarmanah,kecamatan,yes,-6.938,107.7556,Asia/Jakarta,"BMKG representative point: Hegarmanah, Kecamatan Jatinangor",02-08-2026,METNO,MET Norway,19:00,2026-08-02 19:00:00,22.4,85.2,0.0,5.04,0.0,1.3782,Cerah Berawan,fair_night
jatinangor,"Jatinangor, Sumedang",2026-08-02,32.11.15.2002,Hegarmanah,kecamatan,yes,-6.938,107.7556,Asia/Jakarta,"BMKG representative point: Hegarmanah, Kecamatan Jatinangor",02-08-2026,METNO,MET Norway,20:00,2026-08-02 20:00:00,21.7,89.2,0.0,5.4,0.0,1.3782,Cerah Berawan,fair_night
jatinangor,"Jatinangor, Sumedang",2026-08-02,32.11.15.2002,Hegarmanah,kecamatan,yes,-6.938,107.7556,Asia/Jakarta,"BMKG representative point: Hegarmanah, Kecamatan Jatinangor",02-08-2026,METNO,MET Norway,21:00,2026-08-02 21:00:00,21.0,92.0,0.0,5.04,0.0,1.3782,Cerah,clearsky_night
jatinangor,"Jatinangor, Sumedang",2026-08-02,32.11.15.2002,Hegarmanah,kecamatan,yes,-6.938,107.7556,Asia/Jakarta,"BMKG representative point: Hegarmanah, Kecamatan Jatinangor",02-08-2026,METNO,MET Norway,22:00,2026-08-02 22:00:00,20.4,93.4,0.0,3.24,0.0,1.3782,Cerah,clearsky_night
jatinangor,"Jatinangor, Sumedang",2026-08-02,32.11.15.2002,Hegarmanah,kecamatan,yes,-6.938,107.7556,Asia/Jakarta,"BMKG representative point: Hegarmanah, Kecamatan Jatinangor",02-08-2026,METNO,MET Norway,23:00,2026-08-02 23:00:00,20.2,93.3,0.0,1.44,0.0,1.3782,Cerah,clearsky_night
jatinangor,"Jatinangor, Sumedang",2026-08-02,32.11.15.2002,Hegarmanah,kecamatan,yes,-6.938,107.7556,Asia/Jakarta,"BMKG representative point: Hegarmanah, Kecamatan Jatinangor",02-08-2026,UKMO,Open-Meteo / UK Met Office,00:00,2026-08-02 00:00:00,18.3,98.0,0.0,1.1,0.0,1.3288,Cerah,wmo:0
jatinangor,"Jatinangor, Sumedang",2026-08-02,32.11.15.2002,Hegarmanah,kecamatan,yes,-6.938,107.7556,Asia/Jakarta,"BMKG representative point: Hegarmanah, Kecamatan Jatinangor",02-08-2026,UKMO,Open-Meteo / UK Met Office,01:00,2026-08-02 01:00:00,17.7,99.0,0.0,2.9,0.0,1.3288,Cerah,wmo:0
jatinangor,"Jatinangor, Sumedang",2026-08-02,32.11.15.2002,Hegarmanah,kecamatan,yes,-6.938,107.7556,Asia/Jakarta,"BMKG representative point: Hegarmanah, Kecamatan Jatinangor",02-08-2026,UKMO,Open-Meteo / UK Met Office,02:00,2026-08-02 02:00:00,17.1,99.0,0.0,1.4,0.0,1.3288,Cerah,wmo:0
jatinangor,"Jatinangor, Sumedang",2026-08-02,32.11.15.2002,Hegarmanah,kecamatan,yes,-6.938,107.7556,Asia/Jakarta,"BMKG representative point: Hegarmanah, Kecamatan Jatinangor",02-08-2026,UKMO,Open-Meteo / UK Met Office,03:00,2026-08-02 03:00:00,16.9,99.0,0.0,2.5,0.0,1.3288,Cerah,wmo:0
jatinangor,"Jatinangor, Sumedang",2026-08-02,32.11.15.2002,Hegarmanah,kecamatan,yes,-6.938,107.7556,Asia/Jakarta,"BMKG representative point: Hegarmanah, Kecamatan Jatinangor",02-08-2026,UKMO,Open-Meteo / UK Met Office,04:00,2026-08-02 04:00:00,16.7,99.0,0.0,2.9,0.0,1.3288,Cerah,wmo:0
jatinangor,"Jatinangor, Sumedang",2026-08-02,32.11.15.2002,Hegarmanah,kecamatan,yes,-6.938,107.7556,Asia/Jakarta,"BMKG representative point: Hegarmanah, Kecamatan Jatinangor",02-08-2026,UKMO,Open-Meteo / UK Met Office,05:00,2026-08-02 05:00:00,16.6,99.0,0.0,3.6,0.0,1.3288,Cerah,wmo:0
jatinangor,"Jatinangor, Sumedang",2026-08-02,32.11.15.2002,Hegarmanah,kecamatan,yes,-6.938,107.7556,Asia/Jakarta,"BMKG representative point: Hegarmanah, Kecamatan Jatinangor",02-08-2026,UKMO,Open-Meteo / UK Met Office,06:00,2026-08-02 06:00:00,16.1,99.0,0.0,2.9,0.0,1.3288,Cerah,wmo:0
jatinangor,"Jatinangor, Sumedang",2026-08-02,32.11.15.2002,Hegarmanah,kecamatan,yes,-6.938,107.7556,Asia/Jakarta,"BMKG representative point: Hegarmanah, Kecamatan Jatinangor",02-08-2026,UKMO,Open-Meteo / UK Met Office,07:00,2026-08-02 07:00:00,18.9,96.0,0.0,2.9,0.0,1.3288,Cerah,wmo:0
jatinangor,"Jatinangor, Sumedang",2026-08-02,32.11.15.2002,Hegarmanah,kecamatan,yes,-6.938,107.7556,Asia/Jakarta,"BMKG representative point: Hegarmanah, Kecamatan Jatinangor",02-08-2026,UKMO,Open-Meteo / UK Met Office,08:00,2026-08-02 08:00:00,22.2,89.0,0.0,1.8,0.0,1.3288,Cerah,wmo:0
jatinangor,"Jatinangor, Sumedang",2026-08-02,32.11.15.2002,Hegarmanah,kecamatan,yes,-6.938,107.7556,Asia/Jakarta,"BMKG representative point: Hegarmanah, Kecamatan Jatinangor",02-08-2026,UKMO,Open-Meteo / UK Met Office,09:00,2026-08-02 09:00:00,24.5,72.0,0.0,2.5,0.0,1.3288,Cerah,wmo:0
jatinangor,"Jatinangor, Sumedang",2026-08-02,32.11.15.2002,Hegarmanah,kecamatan,yes,-6.938,107.7556,Asia/Jakarta,"BMKG representative point: Hegarmanah, Kecamatan Jatinangor",02-08-2026,UKMO,Open-Meteo / UK Met Office,10:00,2026-08-02 10:00:00,26.1,64.0,0.0,4.7,0.0,1.3288,Cerah Berawan,wmo:1
jatinangor,"Jatinangor, Sumedang",2026-08-02,32.11.15.2002,Hegarmanah,kecamatan,yes,-6.938,107.7556,Asia/Jakarta,"BMKG representative point: Hegarmanah, Kecamatan Jatinangor",02-08-2026,UKMO,Open-Meteo / UK Met Office,11:00,2026-08-02 11:00:00,27.4,58.0,0.0,6.8,0.0,1.3288,Cerah Berawan,wmo:1
jatinangor,"Jatinangor, Sumedang",2026-08-02,32.11.15.2002,Hegarmanah,kecamatan,yes,-6.938,107.7556,Asia/Jakarta,"BMKG representative point: Hegarmanah, Kecamatan Jatinangor",02-08-2026,UKMO,Open-Meteo / UK Met Office,12:00,2026-08-02 12:00:00,27.9,56.0,0.0,7.6,0.0,1.3288,Cerah,wmo:0
jatinangor,"Jatinangor, Sumedang",2026-08-02,32.11.15.2002,Hegarmanah,kecamatan,yes,-6.938,107.7556,Asia/Jakarta,"BMKG representative point: Hegarmanah, Kecamatan Jatinangor",02-08-2026,UKMO,Open-Meteo / UK Met Office,13:00,2026-08-02 13:00:00,28.6,53.0,0.0,7.9,0.0,1.3288,Cerah Berawan,wmo:1
jatinangor,"Jatinangor, Sumedang",2026-08-02,32.11.15.2002,Hegarmanah,kecamatan,yes,-6.938,107.7556,Asia/Jakarta,"BMKG representative point: Hegarmanah, Kecamatan Jatinangor",02-08-2026,UKMO,Open-Meteo / UK Met Office,14:00,2026-08-02 14:00:00,29.0,52.0,0.0,7.6,0.0,1.3288,Berawan,wmo:3
jatinangor,"Jatinangor, Sumedang",2026-08-02,32.11.15.2002,Hegarmanah,kecamatan,yes,-6.938,107.7556,Asia/Jakarta,"BMKG representative point: Hegarmanah, Kecamatan Jatinangor",02-08-2026,UKMO,Open-Meteo / UK Met Office,15:00,2026-08-02 15:00:00,27.5,62.0,0.1,9.4,0.0,1.3288,Hujan Ringan,wmo:51
jatinangor,"Jatinangor, Sumedang",2026-08-02,32.11.15.2002,Hegarmanah,kecamatan,yes,-6.938,107.7556,Asia/Jakarta,"BMKG representative point: Hegarmanah, Kecamatan Jatinangor",02-08-2026,UKMO,Open-Meteo / UK Met Office,16:00,2026-08-02 16:00:00,27.4,63.0,0.0,9.0,0.0,1.3288,Cerah Berawan,wmo:2
jatinangor,"Jatinangor, Sumedang",2026-08-02,32.11.15.2002,Hegarmanah,kecamatan,yes,-6.938,107.7556,Asia/Jakarta,"BMKG representative point: Hegarmanah, Kecamatan Jatinangor",02-08-2026,UKMO,Open-Meteo / UK Met Office,17:00,2026-08-02 17:00:00,25.8,71.0,0.0,12.2,0.0,1.3288,Cerah Berawan,wmo:1
jatinangor,"Jatinangor, Sumedang",2026-08-02,32.11.15.2002,Hegarmanah,kecamatan,yes,-6.938,107.7556,Asia/Jakarta,"BMKG representative point: Hegarmanah, Kecamatan Jatinangor",02-08-2026,UKMO,Open-Meteo / UK Met Office,18:00,2026-08-02 18:00:00,23.7,80.0,0.0,10.1,0.0,1.3288,Cerah,wmo:0
jatinangor,"Jatinangor, Sumedang",2026-08-02,32.11.15.2002,Hegarmanah,kecamatan,yes,-6.938,107.7556,Asia/Jakarta,"BMKG representative point: Hegarmanah, Kecamatan Jatinangor",02-08-2026,UKMO,Open-Meteo / UK Met Office,19:00,2026-08-02 19:00:00,22.2,87.0,0.0,6.8,0.0,1.3288,Cerah,wmo:0
jatinangor,"Jatinangor, Sumedang",2026-08-02,32.11.15.2002,Hegarmanah,kecamatan,yes,-6.938,107.7556,Asia/Jakarta,"BMKG representative point: Hegarmanah, Kecamatan Jatinangor",02-08-2026,UKMO,Open-Meteo / UK Met Office,20:00,2026-08-02 20:00:00,21.1,92.0,0.0,5.8,0.0,1.3288,Cerah,wmo:0
jatinangor,"Jatinangor, Sumedang",2026-08-02,32.11.15.2002,Hegarmanah,kecamatan,yes,-6.938,107.7556,Asia/Jakarta,"BMKG representative point: Hegarmanah, Kecamatan Jatinangor",02-08-2026,UKMO,Open-Meteo / UK Met Office,21:00,2026-08-02 21:00:00,20.7,94.0,0.0,6.1,0.0,1.3288,Cerah,wmo:0
jatinangor,"Jatinangor, Sumedang",2026-08-02,32.11.15.2002,Hegarmanah,kecamatan,yes,-6.938,107.7556,Asia/Jakarta,"BMKG representative point: Hegarmanah, Kecamatan Jatinangor",02-08-2026,UKMO,Open-Meteo / UK Met Office,22:00,2026-08-02 22:00:00,19.8,97.0,0.0,5.4,0.0,1.3288,Cerah Berawan,wmo:2
jatinangor,"Jatinangor, Sumedang",2026-08-02,32.11.15.2002,Hegarmanah,kecamatan,yes,-6.938,107.7556,Asia/Jakarta,"BMKG representative point: Hegarmanah, Kecamatan Jatinangor",02-08-2026,UKMO,Open-Meteo / UK Met Office,23:00,2026-08-02 23:00:00,20.4,96.0,0.0,5.0,0.0,1.3288,Cerah,wmo:0
jatinangor,"Jatinangor, Sumedang",2026-08-03,32.11.15.2002,Hegarmanah,kecamatan,yes,-6.938,107.7556,Asia/Jakarta,"BMKG representative point: Hegarmanah, Kecamatan Jatinangor",03-08-2026,BMKG,BMKG,00:00,2026-08-03 01:00:00,19.0,91.0,0.0,0.3,60.0,1.3357,Cerah,Cerah
jatinangor,"Jatinangor, Sumedang",2026-08-03,32.11.15.2002,Hegarmanah,kecamatan,yes,-6.938,107.7556,Asia/Jakarta,"BMKG representative point: Hegarmanah, Kecamatan Jatinangor",03-08-2026,BMKG,BMKG,01:00,2026-08-03 01:00:00,19.0,91.0,0.0,0.3,0.0,1.781,Cerah,Cerah
jatinangor,"Jatinangor, Sumedang",2026-08-03,32.11.15.2002,Hegarmanah,kecamatan,yes,-6.938,107.7556,Asia/Jakarta,"BMKG representative point: Hegarmanah, Kecamatan Jatinangor",03-08-2026,BMKG,BMKG,02:00,2026-08-03 01:00:00,19.0,91.0,0.0,0.3,60.0,1.3357,Cerah,Cerah
jatinangor,"Jatinangor, Sumedang",2026-08-03,32.11.15.2002,Hegarmanah,kecamatan,yes,-6.938,107.7556,Asia/Jakarta,"BMKG representative point: Hegarmanah, Kecamatan Jatinangor",03-08-2026,BMKG,BMKG,03:00,2026-08-03 04:00:00,18.0,92.0,0.0,0.7,60.0,1.3357,Cerah,Cerah
jatinangor,"Jatinangor, Sumedang",2026-08-03,32.11.15.2002,Hegarmanah,kecamatan,yes,-6.938,107.7556,Asia/Jakarta,"BMKG representative point: Hegarmanah, Kecamatan Jatinangor",03-08-2026,BMKG,BMKG,04:00,2026-08-03 04:00:00,18.0,92.0,0.0,0.7,0.0,1.781,Cerah,Cerah
jatinangor,"Jatinangor, Sumedang",2026-08-03,32.11.15.2002,Hegarmanah,kecamatan,yes,-6.938,107.7556,Asia/Jakarta,"BMKG representative point: Hegarmanah, Kecamatan Jatinangor",03-08-2026,BMKG,BMKG,05:00,2026-08-03 04:00:00,18.0,92.0,0.0,0.7,60.0,1.3357,Cerah,Cerah
jatinangor,"Jatinangor, Sumedang",2026-08-03,32.11.15.2002,Hegarmanah,kecamatan,yes,-6.938,107.7556,Asia/Jakarta,"BMKG representative point: Hegarmanah, Kecamatan Jatinangor",03-08-2026,BMKG,BMKG,06:00,2026-08-03 07:00:00,23.0,76.0,0.0,1.0,60.0,1.3357,Cerah,Cerah
jatinangor,"Jatinangor, Sumedang",2026-08-03,32.11.15.2002,Hegarmanah,kecamatan,yes,-6.938,107.7556,Asia/Jakarta,"BMKG representative point: Hegarmanah, Kecamatan Jatinangor",03-08-2026,BMKG,BMKG,07:00,2026-08-03 07:00:00,23.0,76.0,0.0,1.0,0.0,1.781,Cerah,Cerah
jatinangor,"Jatinangor, Sumedang",2026-08-03,32.11.15.2002,Hegarmanah,kecamatan,yes,-6.938,107.7556,Asia/Jakarta,"BMKG representative point: Hegarmanah, Kecamatan Jatinangor",03-08-2026,BMKG,BMKG,08:00,2026-08-03 07:00:00,23.0,76.0,0.0,1.0,60.0,1.3357,Cerah,Cerah
jatinangor,"Jatinangor, Sumedang",2026-08-03,32.11.15.2002,Hegarmanah,kecamatan,yes,-6.938,107.7556,Asia/Jakarta,"BMKG representative point: Hegarmanah, Kecamatan Jatinangor",03-08-2026,BMKG,BMKG,09:00,2026-08-03 10:00:00,29.0,51.0,0.0,2.7,60.0,1.3357,Cerah,Cerah
jatinangor,"Jatinangor, Sumedang",2026-08-03,32.11.15.2002,Hegarmanah,kecamatan,yes,-6.938,107.7556,Asia/Jakarta,"BMKG representative point: Hegarmanah, Kecamatan Jatinangor",03-08-2026,BMKG,BMKG,10:00,2026-08-03 10:00:00,29.0,51.0,0.0,2.7,0.0,1.781,Cerah,Cerah
jatinangor,"Jatinangor, Sumedang",2026-08-03,32.11.15.2002,Hegarmanah,kecamatan,yes,-6.938,107.7556,Asia/Jakarta,"BMKG representative point: Hegarmanah, Kecamatan Jatinangor",03-08-2026,BMKG,BMKG,11:00,2026-08-03 10:00:00,29.0,51.0,0.0,2.7,60.0,1.3357,Cerah,Cerah
jatinangor,"Jatinangor, Sumedang",2026-08-03,32.11.15.2002,Hegarmanah,kecamatan,yes,-6.938,107.7556,Asia/Jakarta,"BMKG representative point: Hegarmanah, Kecamatan Jatinangor",03-08-2026,BMKG,BMKG,12:00,2026-08-03 13:00:00,29.0,53.0,0.0,5.3,60.0,1.3357,Cerah,Cerah
jatinangor,"Jatinangor, Sumedang",2026-08-03,32.11.15.2002,Hegarmanah,kecamatan,yes,-6.938,107.7556,Asia/Jakarta,"BMKG representative point: Hegarmanah, Kecamatan Jatinangor",03-08-2026,BMKG,BMKG,13:00,2026-08-03 13:00:00,29.0,53.0,0.0,5.3,0.0,1.781,Cerah,Cerah
jatinangor,"Jatinangor, Sumedang",2026-08-03,32.11.15.2002,Hegarmanah,kecamatan,yes,-6.938,107.7556,Asia/Jakarta,"BMKG representative point: Hegarmanah, Kecamatan Jatinangor",03-08-2026,BMKG,BMKG,14:00,2026-08-03 13:00:00,29.0,53.0,0.0,5.3,60.0,1.3357,Cerah,Cerah
jatinangor,"Jatinangor, Sumedang",2026-08-03,32.11.15.2002,Hegarmanah,kecamatan,yes,-6.938,107.7556,Asia/Jakarta,"BMKG representative point: Hegarmanah, Kecamatan Jatinangor",03-08-2026,BMKG,BMKG,15:00,2026-08-03 16:00:00,24.0,74.0,0.0,8.8,60.0,1.3357,Cerah,Cerah
jatinangor,"Jatinangor, Sumedang",2026-08-03,32.11.15.2002,Hegarmanah,kecamatan,yes,-6.938,107.7556,Asia/Jakarta,"BMKG representative point: Hegarmanah, Kecamatan Jatinangor",03-08-2026,BMKG,BMKG,16:00,2026-08-03 16:00:00,24.0,74.0,0.0,8.8,0.0,1.781,Cerah,Cerah
jatinangor,"Jatinangor, Sumedang",2026-08-03,32.11.15.2002,Hegarmanah,kecamatan,yes,-6.938,107.7556,Asia/Jakarta,"BMKG representative point: Hegarmanah, Kecamatan Jatinangor",03-08-2026,BMKG,BMKG,17:00,2026-08-03 16:00:00,24.0,74.0,0.0,8.8,60.0,1.3357,Cerah,Cerah
jatinangor,"Jatinangor, Sumedang",2026-08-03,32.11.15.2002,Hegarmanah,kecamatan,yes,-6.938,107.7556,Asia/Jakarta,"BMKG representative point: Hegarmanah, Kecamatan Jatinangor",03-08-2026,BMKG,BMKG,18:00,2026-08-03 19:00:00,21.0,88.0,0.0,1.3,60.0,1.3357,Cerah,Cerah
jatinangor,"Jatinangor, Sumedang",2026-08-03,32.11.15.2002,Hegarmanah,kecamatan,yes,-6.938,107.7556,Asia/Jakarta,"BMKG representative point: Hegarmanah, Kecamatan Jatinangor",03-08-2026,BMKG,BMKG,19:00,2026-08-03 19:00:00,21.0,88.0,0.0,1.3,0.0,1.781,Cerah,Cerah
jatinangor,"Jatinangor, Sumedang",2026-08-03,32.11.15.2002,Hegarmanah,kecamatan,yes,-6.938,107.7556,Asia/Jakarta,"BMKG representative point: Hegarmanah, Kecamatan Jatinangor",03-08-2026,BMKG,BMKG,20:00,2026-08-03 19:00:00,21.0,88.0,0.0,1.3,60.0,1.3357,Cerah,Cerah
jatinangor,"Jatinangor, Sumedang",2026-08-03,32.11.15.2002,Hegarmanah,kecamatan,yes,-6.938,107.7556,Asia/Jakarta,"BMKG representative point: Hegarmanah, Kecamatan Jatinangor",03-08-2026,BMKG,BMKG,21:00,2026-08-03 22:00:00,20.0,94.0,0.0,0.7,60.0,1.3357,Cerah Berawan,Cerah Berawan
jatinangor,"Jatinangor, Sumedang",2026-08-03,32.11.15.2002,Hegarmanah,kecamatan,yes,-6.938,107.7556,Asia/Jakarta,"BMKG representative point: Hegarmanah, Kecamatan Jatinangor",03-08-2026,BMKG,BMKG,22:00,2026-08-03 22:00:00,20.0,94.0,0.0,0.7,0.0,1.781,Cerah Berawan,Cerah Berawan
jatinangor,"Jatinangor, Sumedang",2026-08-03,32.11.15.2002,Hegarmanah,kecamatan,yes,-6.938,107.7556,Asia/Jakarta,"BMKG representative point: Hegarmanah, Kecamatan Jatinangor",03-08-2026,BMKG,BMKG,23:00,2026-08-03 22:00:00,20.0,94.0,0.0,0.7,60.0,1.3357,Cerah Berawan,Cerah Berawan
jatinangor,"Jatinangor, Sumedang",2026-08-03,32.11.15.2002,Hegarmanah,kecamatan,yes,-6.938,107.7556,Asia/Jakarta,"BMKG representative point: Hegarmanah, Kecamatan Jatinangor",03-08-2026,CMA,Open-Meteo / CMA GRAPES,00:00,2026-08-03 00:00:00,22.4,94.0,0.3,1.0,0.0,1.1673,Hujan Ringan,wmo:51
jatinangor,"Jatinangor, Sumedang",2026-08-03,32.11.15.2002,Hegarmanah,kecamatan,yes,-6.938,107.7556,Asia/Jakarta,"BMKG representative point: Hegarmanah, Kecamatan Jatinangor",03-08-2026,CMA,Open-Meteo / CMA GRAPES,01:00,2026-08-03 01:00:00,22.0,94.0,0.3,0.8,0.0,1.1673,Hujan Ringan,wmo:51
jatinangor,"Jatinangor, Sumedang",2026-08-03,32.11.15.2002,Hegarmanah,kecamatan,yes,-6.938,107.7556,Asia/Jakarta,"BMKG representative point: Hegarmanah, Kecamatan Jatinangor",03-08-2026,CMA,Open-Meteo / CMA GRAPES,02:00,2026-08-03 02:00:00,21.7,95.0,0.0,1.3,0.0,1.1673,Cerah Berawan,wmo:1
jatinangor,"Jatinangor, Sumedang",2026-08-03,32.11.15.2002,Hegarmanah,kecamatan,yes,-6.938,107.7556,Asia/Jakarta,"BMKG representative point: Hegarmanah, Kecamatan Jatinangor",03-08-2026,CMA,Open-Meteo / CMA GRAPES,03:00,2026-08-03 03:00:00,21.4,95.0,0.0,1.1,0.0,1.1673,Cerah,wmo:0
jatinangor,"Jatinangor, Sumedang",2026-08-03,32.11.15.2002,Hegarmanah,kecamatan,yes,-6.938,107.7556,Asia/Jakarta,"BMKG representative point: Hegarmanah, Kecamatan Jatinangor",03-08-2026,CMA,Open-Meteo / CMA GRAPES,04:00,2026-08-03 04:00:00,21.3,95.0,0.0,0.4,0.0,1.1673,Cerah,wmo:0
jatinangor,"Jatinangor, Sumedang",2026-08-03,32.11.15.2002,Hegarmanah,kecamatan,yes,-6.938,107.7556,Asia/Jakarta,"BMKG representative point: Hegarmanah, Kecamatan Jatinangor",03-08-2026,CMA,Open-Meteo / CMA GRAPES,05:00,2026-08-03 05:00:00,21.5,94.0,0.0,1.0,0.0,1.1673,Cerah,wmo:0
jatinangor,"Jatinangor, Sumedang",2026-08-03,32.11.15.2002,Hegarmanah,kecamatan,yes,-6.938,107.7556,Asia/Jakarta,"BMKG representative point: Hegarmanah, Kecamatan Jatinangor",03-08-2026,CMA,Open-Meteo / CMA GRAPES,06:00,2026-08-03 06:00:00,21.9,92.0,0.0,3.1,0.0,1.1673,Cerah,wmo:0
jatinangor,"Jatinangor, Sumedang",2026-08-03,32.11.15.2002,Hegarmanah,kecamatan,yes,-6.938,107.7556,Asia/Jakarta,"BMKG representative point: Hegarmanah, Kecamatan Jatinangor",03-08-2026,CMA,Open-Meteo / CMA GRAPES,07:00,2026-08-03 07:00:00,22.6,89.0,0.0,4.3,0.0,1.1673,Cerah,wmo:0
jatinangor,"Jatinangor, Sumedang",2026-08-03,32.11.15.2002,Hegarmanah,kecamatan,yes,-6.938,107.7556,Asia/Jakarta,"BMKG representative point: Hegarmanah, Kecamatan Jatinangor",03-08-2026,CMA,Open-Meteo / CMA GRAPES,08:00,2026-08-03 08:00:00,23.5,83.0,0.0,5.8,0.0,1.1673,Cerah,wmo:0
jatinangor,"Jatinangor, Sumedang",2026-08-03,32.11.15.2002,Hegarmanah,kecamatan,yes,-6.938,107.7556,Asia/Jakarta,"BMKG representative point: Hegarmanah, Kecamatan Jatinangor",03-08-2026,CMA,Open-Meteo / CMA GRAPES,09:00,2026-08-03 09:00:00,24.5,76.0,0.0,7.7,0.0,1.1673,Cerah,wmo:0
jatinangor,"Jatinangor, Sumedang",2026-08-03,32.11.15.2002,Hegarmanah,kecamatan,yes,-6.938,107.7556,Asia/Jakarta,"BMKG representative point: Hegarmanah, Kecamatan Jatinangor",03-08-2026,CMA,Open-Meteo / CMA GRAPES,10:00,2026-08-03 10:00:00,25.5,70.0,0.0,9.2,0.0,1.1673,Cerah Berawan,wmo:1
jatinangor,"Jatinangor, Sumedang",2026-08-03,32.11.15.2002,Hegarmanah,kecamatan,yes,-6.938,107.7556,Asia/Jakarta,"BMKG representative point: Hegarmanah, Kecamatan Jatinangor",03-08-2026,CMA,Open-Meteo / CMA GRAPES,11:00,2026-08-03 11:00:00,26.5,64.0,0.0,9.6,0.0,1.1673,Cerah Berawan,wmo:1
jatinangor,"Jatinangor, Sumedang",2026-08-03,32.11.15.2002,Hegarmanah,kecamatan,yes,-6.938,107.7556,Asia/Jakarta,"BMKG representative point: Hegarmanah, Kecamatan Jatinangor",03-08-2026,CMA,Open-Meteo / CMA GRAPES,12:00,2026-08-03 12:00:00,27.4,59.0,0.0,9.4,0.0,1.1673,Cerah Berawan,wmo:1
jatinangor,"Jatinangor, Sumedang",2026-08-03,32.11.15.2002,Hegarmanah,kecamatan,yes,-6.938,107.7556,Asia/Jakarta,"BMKG representative point: Hegarmanah, Kecamatan Jatinangor",03-08-2026,CMA,Open-Meteo / CMA GRAPES,13:00,2026-08-03 13:00:00,27.9,58.0,0.0,10.0,0.0,1.1673,Cerah,wmo:0
jatinangor,"Jatinangor, Sumedang",2026-08-03,32.11.15.2002,Hegarmanah,kecamatan,yes,-6.938,107.7556,Asia/Jakarta,"BMKG representative point: Hegarmanah, Kecamatan Jatinangor",03-08-2026,CMA,Open-Meteo / CMA GRAPES,14:00,2026-08-03 14:00:00,27.5,63.0,0.3,10.7,0.0,1.1673,Hujan Ringan,wmo:51
jatinangor,"Jatinangor, Sumedang",2026-08-03,32.11.15.2002,Hegarmanah,kecamatan,yes,-6.938,107.7556,Asia/Jakarta,"BMKG representative point: Hegarmanah, Kecamatan Jatinangor",03-08-2026,CMA,Open-Meteo / CMA GRAPES,15:00,2026-08-03 15:00:00,26.6,71.0,0.3,11.5,0.0,1.1673,Hujan Ringan,wmo:51
jatinangor,"Jatinangor, Sumedang",2026-08-03,32.11.15.2002,Hegarmanah,kecamatan,yes,-6.938,107.7556,Asia/Jakarta,"BMKG representative point: Hegarmanah, Kecamatan Jatinangor",03-08-2026,CMA,Open-Meteo / CMA GRAPES,16:00,2026-08-03 16:00:00,25.7,79.0,0.3,11.5,0.0,1.1673,Hujan Ringan,wmo:51
jatinangor,"Jatinangor, Sumedang",2026-08-03,32.11.15.2002,Hegarmanah,kecamatan,yes,-6.938,107.7556,Asia/Jakarta,"BMKG representative point: Hegarmanah, Kecamatan Jatinangor",03-08-2026,CMA,Open-Meteo / CMA GRAPES,17:00,2026-08-03 17:00:00,24.8,86.0,0.2,10.9,0.0,1.1673,Hujan Ringan,wmo:51
jatinangor,"Jatinangor, Sumedang",2026-08-03,32.11.15.2002,Hegarmanah,kecamatan,yes,-6.938,107.7556,Asia/Jakarta,"BMKG representative point: Hegarmanah, Kecamatan Jatinangor",03-08-2026,CMA,Open-Meteo / CMA GRAPES,18:00,2026-08-03 18:00:00,23.8,92.0,0.2,9.7,0.0,1.1673,Hujan Ringan,wmo:51
jatinangor,"Jatinangor, Sumedang",2026-08-03,32.11.15.2002,Hegarmanah,kecamatan,yes,-6.938,107.7556,Asia/Jakarta,"BMKG representative point: Hegarmanah, Kecamatan Jatinangor",03-08-2026,CMA,Open-Meteo / CMA GRAPES,19:00,2026-08-03 19:00:00,23.1,96.0,0.2,8.2,0.0,1.1673,Hujan Ringan,wmo:51
jatinangor,"Jatinangor, Sumedang",2026-08-03,32.11.15.2002,Hegarmanah,kecamatan,yes,-6.938,107.7556,Asia/Jakarta,"BMKG representative point: Hegarmanah, Kecamatan Jatinangor",03-08-2026,CMA,Open-Meteo / CMA GRAPES,20:00,2026-08-03 20:00:00,22.9,97.0,0.0,6.8,0.0,1.1673,Berawan,wmo:45
jatinangor,"Jatinangor, Sumedang",2026-08-03,32.11.15.2002,Hegarmanah,kecamatan,yes,-6.938,107.7556,Asia/Jakarta,"BMKG representative point: Hegarmanah, Kecamatan Jatinangor",03-08-2026,CMA,Open-Meteo / CMA GRAPES,21:00,2026-08-03 21:00:00,23.0,96.0,0.0,5.4,0.0,1.1673,Berawan,wmo:45
jatinangor,"Jatinangor, Sumedang",2026-08-03,32.11.15.2002,Hegarmanah,kecamatan,yes,-6.938,107.7556,Asia/Jakarta,"BMKG representative point: Hegarmanah, Kecamatan Jatinangor",03-08-2026,CMA,Open-Meteo / CMA GRAPES,22:00,2026-08-03 22:00:00,23.1,95.0,0.0,4.7,0.0,1.1673,Berawan,wmo:45
jatinangor,"Jatinangor, Sumedang",2026-08-03,32.11.15.2002,Hegarmanah,kecamatan,yes,-6.938,107.7556,Asia/Jakarta,"BMKG representative point: Hegarmanah, Kecamatan Jatinangor",03-08-2026,CMA,Open-Meteo / CMA GRAPES,23:00,2026-08-03 23:00:00,23.0,95.0,0.1,5.0,0.0,1.1673,Hujan Ringan,wmo:51
jatinangor,"Jatinangor, Sumedang",2026-08-03,32.11.15.2002,Hegarmanah,kecamatan,yes,-6.938,107.7556,Asia/Jakarta,"BMKG representative point: Hegarmanah, Kecamatan Jatinangor",03-08-2026,ECMWF,Open-Meteo / ECMWF,00:00,2026-08-03 00:00:00,21.0,91.0,0.0,1.1,0.0,1.7366,Cerah,wmo:0
jatinangor,"Jatinangor, Sumedang",2026-08-03,32.11.15.2002,Hegarmanah,kecamatan,yes,-6.938,107.7556,Asia/Jakarta,"BMKG representative point: Hegarmanah, Kecamatan Jatinangor",03-08-2026,ECMWF,Open-Meteo / ECMWF,01:00,2026-08-03 01:00:00,20.6,93.0,0.0,0.4,0.0,1.7366,Cerah,wmo:0
jatinangor,"Jatinangor, Sumedang",2026-08-03,32.11.15.2002,Hegarmanah,kecamatan,yes,-6.938,107.7556,Asia/Jakarta,"BMKG representative point: Hegarmanah, Kecamatan Jatinangor",03-08-2026,ECMWF,Open-Meteo / ECMWF,02:00,2026-08-03 02:00:00,20.0,95.0,0.0,0.5,0.0,1.7366,Cerah Berawan,wmo:1
jatinangor,"Jatinangor, Sumedang",2026-08-03,32.11.15.2002,Hegarmanah,kecamatan,yes,-6.938,107.7556,Asia/Jakarta,"BMKG representative point: Hegarmanah, Kecamatan Jatinangor",03-08-2026,ECMWF,Open-Meteo / ECMWF,03:00,2026-08-03 03:00:00,19.4,96.0,0.0,0.8,0.0,1.7366,Cerah Berawan,wmo:1
jatinangor,"Jatinangor, Sumedang",2026-08-03,32.11.15.2002,Hegarmanah,kecamatan,yes,-6.938,107.7556,Asia/Jakarta,"BMKG representative point: Hegarmanah, Kecamatan Jatinangor",03-08-2026,ECMWF,Open-Meteo / ECMWF,04:00,2026-08-03 04:00:00,19.1,97.0,0.0,1.1,0.0,1.7366,Cerah Berawan,wmo:1
jatinangor,"Jatinangor, Sumedang",2026-08-03,32.11.15.2002,Hegarmanah,kecamatan,yes,-6.938,107.7556,Asia/Jakarta,"BMKG representative point: Hegarmanah, Kecamatan Jatinangor",03-08-2026,ECMWF,Open-Meteo / ECMWF,05:00,2026-08-03 05:00:00,19.1,97.0,0.0,1.5,0.0,1.7366,Cerah Berawan,wmo:1
jatinangor,"Jatinangor, Sumedang",2026-08-03,32.11.15.2002,Hegarmanah,kecamatan,yes,-6.938,107.7556,Asia/Jakarta,"BMKG representative point: Hegarmanah, Kecamatan Jatinangor",03-08-2026,ECMWF,Open-Meteo / ECMWF,06:00,2026-08-03 06:00:00,19.4,95.0,0.0,1.8,0.0,1.7366,Cerah Berawan,wmo:1
jatinangor,"Jatinangor, Sumedang",2026-08-03,32.11.15.2002,Hegarmanah,kecamatan,yes,-6.938,107.7556,Asia/Jakarta,"BMKG representative point: Hegarmanah, Kecamatan Jatinangor",03-08-2026,ECMWF,Open-Meteo / ECMWF,07:00,2026-08-03 07:00:00,20.4,91.0,0.0,2.2,0.0,1.7366,Cerah Berawan,wmo:1
jatinangor,"Jatinangor, Sumedang",2026-08-03,32.11.15.2002,Hegarmanah,kecamatan,yes,-6.938,107.7556,Asia/Jakarta,"BMKG representative point: Hegarmanah, Kecamatan Jatinangor",03-08-2026,ECMWF,Open-Meteo / ECMWF,08:00,2026-08-03 08:00:00,22.5,82.0,0.0,2.2,0.0,1.7366,Cerah,wmo:0
jatinangor,"Jatinangor, Sumedang",2026-08-03,32.11.15.2002,Hegarmanah,kecamatan,yes,-6.938,107.7556,Asia/Jakarta,"BMKG representative point: Hegarmanah, Kecamatan Jatinangor",03-08-2026,ECMWF,Open-Meteo / ECMWF,09:00,2026-08-03 09:00:00,25.3,70.0,0.0,2.2,0.0,1.7366,Cerah,wmo:0
jatinangor,"Jatinangor, Sumedang",2026-08-03,32.11.15.2002,Hegarmanah,kecamatan,yes,-6.938,107.7556,Asia/Jakarta,"BMKG representative point: Hegarmanah, Kecamatan Jatinangor",03-08-2026,ECMWF,Open-Meteo / ECMWF,10:00,2026-08-03 10:00:00,27.6,60.0,0.0,2.4,0.0,1.7366,Cerah,wmo:0
jatinangor,"Jatinangor, Sumedang",2026-08-03,32.11.15.2002,Hegarmanah,kecamatan,yes,-6.938,107.7556,Asia/Jakarta,"BMKG representative point: Hegarmanah, Kecamatan Jatinangor",03-08-2026,ECMWF,Open-Meteo / ECMWF,11:00,2026-08-03 11:00:00,29.3,51.0,0.0,2.3,0.0,1.7366,Cerah,wmo:0
jatinangor,"Jatinangor, Sumedang",2026-08-03,32.11.15.2002,Hegarmanah,kecamatan,yes,-6.938,107.7556,Asia/Jakarta,"BMKG representative point: Hegarmanah, Kecamatan Jatinangor",03-08-2026,ECMWF,Open-Meteo / ECMWF,12:00,2026-08-03 12:00:00,30.6,43.0,0.0,3.0,0.0,1.7366,Cerah Berawan,wmo:1
jatinangor,"Jatinangor, Sumedang",2026-08-03,32.11.15.2002,Hegarmanah,kecamatan,yes,-6.938,107.7556,Asia/Jakarta,"BMKG representative point: Hegarmanah, Kecamatan Jatinangor",03-08-2026,ECMWF,Open-Meteo / ECMWF,13:00,2026-08-03 13:00:00,31.0,40.0,0.0,3.3,0.0,1.7366,Cerah Berawan,wmo:1
jatinangor,"Jatinangor, Sumedang",2026-08-03,32.11.15.2002,Hegarmanah,kecamatan,yes,-6.938,107.7556,Asia/Jakarta,"BMKG representative point: Hegarmanah, Kecamatan Jatinangor",03-08-2026,ECMWF,Open-Meteo / ECMWF,14:00,2026-08-03 14:00:00,30.3,43.0,0.4,3.7,0.0,1.7366,Hujan Ringan,wmo:51
jatinangor,"Jatinangor, Sumedang",2026-08-03,32.11.15.2002,Hegarmanah,kecamatan,yes,-6.938,107.7556,Asia/Jakarta,"BMKG representative point: Hegarmanah, Kecamatan Jatinangor",03-08-2026,ECMWF,Open-Meteo / ECMWF,15:00,2026-08-03 15:00:00,28.8,50.0,0.4,4.6,0.0,1.7366,Hujan Ringan,wmo:51
jatinangor,"Jatinangor, Sumedang",2026-08-03,32.11.15.2002,Hegarmanah,kecamatan,yes,-6.938,107.7556,Asia/Jakarta,"BMKG representative point: Hegarmanah, Kecamatan Jatinangor",03-08-2026,ECMWF,Open-Meteo / ECMWF,16:00,2026-08-03 16:00:00,27.4,58.0,0.4,5.3,0.0,1.7366,Hujan Ringan,wmo:51
jatinangor,"Jatinangor, Sumedang",2026-08-03,32.11.15.2002,Hegarmanah,kecamatan,yes,-6.938,107.7556,Asia/Jakarta,"BMKG representative point: Hegarmanah, Kecamatan Jatinangor",03-08-2026,ECMWF,Open-Meteo / ECMWF,17:00,2026-08-03 17:00:00,26.2,65.0,0.0,5.0,0.0,1.7366,Cerah,wmo:0
jatinangor,"Jatinangor, Sumedang",2026-08-03,32.11.15.2002,Hegarmanah,kecamatan,yes,-6.938,107.7556,Asia/Jakarta,"BMKG representative point: Hegarmanah, Kecamatan Jatinangor",03-08-2026,ECMWF,Open-Meteo / ECMWF,18:00,2026-08-03 18:00:00,25.1,72.0,0.0,4.5,0.0,1.7366,Cerah,wmo:0
jatinangor,"Jatinangor, Sumedang",2026-08-03,32.11.15.2002,Hegarmanah,kecamatan,yes,-6.938,107.7556,Asia/Jakarta,"BMKG representative point: Hegarmanah, Kecamatan Jatinangor",03-08-2026,ECMWF,Open-Meteo / ECMWF,19:00,2026-08-03 19:00:00,24.1,78.0,0.0,3.6,0.0,1.7366,Cerah,wmo:0
jatinangor,"Jatinangor, Sumedang",2026-08-03,32.11.15.2002,Hegarmanah,kecamatan,yes,-6.938,107.7556,Asia/Jakarta,"BMKG representative point: Hegarmanah, Kecamatan Jatinangor",03-08-2026,ECMWF,Open-Meteo / ECMWF,20:00,2026-08-03 20:00:00,23.3,83.0,0.0,2.5,0.0,1.7366,Cerah,wmo:0
jatinangor,"Jatinangor, Sumedang",2026-08-03,32.11.15.2002,Hegarmanah,kecamatan,yes,-6.938,107.7556,Asia/Jakarta,"BMKG representative point: Hegarmanah, Kecamatan Jatinangor",03-08-2026,ECMWF,Open-Meteo / ECMWF,21:00,2026-08-03 21:00:00,22.6,86.0,0.0,1.6,0.0,1.7366,Cerah,wmo:0
jatinangor,"Jatinangor, Sumedang",2026-08-03,32.11.15.2002,Hegarmanah,kecamatan,yes,-6.938,107.7556,Asia/Jakarta,"BMKG representative point: Hegarmanah, Kecamatan Jatinangor",03-08-2026,ECMWF,Open-Meteo / ECMWF,22:00,2026-08-03 22:00:00,22.1,89.0,0.0,0.8,0.0,1.7366,Cerah,wmo:0
jatinangor,"Jatinangor, Sumedang",2026-08-03,32.11.15.2002,Hegarmanah,kecamatan,yes,-6.938,107.7556,Asia/Jakarta,"BMKG representative point: Hegarmanah, Kecamatan Jatinangor",03-08-2026,ECMWF,Open-Meteo / ECMWF,23:00,2026-08-03 23:00:00,21.6,91.0,0.0,0.7,0.0,1.7366,Cerah,wmo:0
jatinangor,"Jatinangor, Sumedang",2026-08-03,32.11.15.2002,Hegarmanah,kecamatan,yes,-6.938,107.7556,Asia/Jakarta,"BMKG representative point: Hegarmanah, Kecamatan Jatinangor",03-08-2026,GFS,Open-Meteo / NOAA GFS,00:00,2026-08-03 00:00:00,21.8,86.0,0.0,0.8,0.0,1.4087,Berawan,wmo:3
jatinangor,"Jatinangor, Sumedang",2026-08-03,32.11.15.2002,Hegarmanah,kecamatan,yes,-6.938,107.7556,Asia/Jakarta,"BMKG representative point: Hegarmanah, Kecamatan Jatinangor",03-08-2026,GFS,Open-Meteo / NOAA GFS,01:00,2026-08-03 01:00:00,21.1,90.0,0.0,1.8,0.0,1.4087,Cerah Berawan,wmo:2
jatinangor,"Jatinangor, Sumedang",2026-08-03,32.11.15.2002,Hegarmanah,kecamatan,yes,-6.938,107.7556,Asia/Jakarta,"BMKG representative point: Hegarmanah, Kecamatan Jatinangor",03-08-2026,GFS,Open-Meteo / NOAA GFS,02:00,2026-08-03 02:00:00,20.3,93.0,0.0,1.8,0.0,1.4087,Cerah Berawan,wmo:1
jatinangor,"Jatinangor, Sumedang",2026-08-03,32.11.15.2002,Hegarmanah,kecamatan,yes,-6.938,107.7556,Asia/Jakarta,"BMKG representative point: Hegarmanah, Kecamatan Jatinangor",03-08-2026,GFS,Open-Meteo / NOAA GFS,03:00,2026-08-03 03:00:00,19.8,95.0,0.0,3.3,0.0,1.4087,Cerah,wmo:0
jatinangor,"Jatinangor, Sumedang",2026-08-03,32.11.15.2002,Hegarmanah,kecamatan,yes,-6.938,107.7556,Asia/Jakarta,"BMKG representative point: Hegarmanah, Kecamatan Jatinangor",03-08-2026,GFS,Open-Meteo / NOAA GFS,04:00,2026-08-03 04:00:00,19.5,96.0,0.0,2.6,0.0,1.4087,Cerah,wmo:0
jatinangor,"Jatinangor, Sumedang",2026-08-03,32.11.15.2002,Hegarmanah,kecamatan,yes,-6.938,107.7556,Asia/Jakarta,"BMKG representative point: Hegarmanah, Kecamatan Jatinangor",03-08-2026,GFS,Open-Meteo / NOAA GFS,05:00,2026-08-03 05:00:00,19.3,96.0,0.0,2.4,0.0,1.4087,Cerah,wmo:0
jatinangor,"Jatinangor, Sumedang",2026-08-03,32.11.15.2002,Hegarmanah,kecamatan,yes,-6.938,107.7556,Asia/Jakarta,"BMKG representative point: Hegarmanah, Kecamatan Jatinangor",03-08-2026,GFS,Open-Meteo / NOAA GFS,06:00,2026-08-03 06:00:00,19.1,97.0,0.0,2.0,0.0,1.4087,Cerah,wmo:0
jatinangor,"Jatinangor, Sumedang",2026-08-03,32.11.15.2002,Hegarmanah,kecamatan,yes,-6.938,107.7556,Asia/Jakarta,"BMKG representative point: Hegarmanah, Kecamatan Jatinangor",03-08-2026,GFS,Open-Meteo / NOAA GFS,07:00,2026-08-03 07:00:00,21.1,90.0,0.0,2.1,0.0,1.4087,Cerah,wmo:0
jatinangor,"Jatinangor, Sumedang",2026-08-03,32.11.15.2002,Hegarmanah,kecamatan,yes,-6.938,107.7556,Asia/Jakarta,"BMKG representative point: Hegarmanah, Kecamatan Jatinangor",03-08-2026,GFS,Open-Meteo / NOAA GFS,08:00,2026-08-03 08:00:00,24.2,77.0,0.0,3.6,0.0,1.4087,Cerah,wmo:0
jatinangor,"Jatinangor, Sumedang",2026-08-03,32.11.15.2002,Hegarmanah,kecamatan,yes,-6.938,107.7556,Asia/Jakarta,"BMKG representative point: Hegarmanah, Kecamatan Jatinangor",03-08-2026,GFS,Open-Meteo / NOAA GFS,09:00,2026-08-03 09:00:00,27.1,63.0,0.0,4.7,0.0,1.4087,Cerah,wmo:0
jatinangor,"Jatinangor, Sumedang",2026-08-03,32.11.15.2002,Hegarmanah,kecamatan,yes,-6.938,107.7556,Asia/Jakarta,"BMKG representative point: Hegarmanah, Kecamatan Jatinangor",03-08-2026,GFS,Open-Meteo / NOAA GFS,10:00,2026-08-03 10:00:00,29.1,53.0,0.0,6.6,0.0,1.4087,Cerah,wmo:0
jatinangor,"Jatinangor, Sumedang",2026-08-03,32.11.15.2002,Hegarmanah,kecamatan,yes,-6.938,107.7556,Asia/Jakarta,"BMKG representative point: Hegarmanah, Kecamatan Jatinangor",03-08-2026,GFS,Open-Meteo / NOAA GFS,11:00,2026-08-03 11:00:00,30.9,45.0,0.0,7.0,0.0,1.4087,Cerah,wmo:0
jatinangor,"Jatinangor, Sumedang",2026-08-03,32.11.15.2002,Hegarmanah,kecamatan,yes,-6.938,107.7556,Asia/Jakarta,"BMKG representative point: Hegarmanah, Kecamatan Jatinangor",03-08-2026,GFS,Open-Meteo / NOAA GFS,12:00,2026-08-03 12:00:00,32.2,39.0,0.0,7.9,0.0,1.4087,Cerah Berawan,wmo:1
jatinangor,"Jatinangor, Sumedang",2026-08-03,32.11.15.2002,Hegarmanah,kecamatan,yes,-6.938,107.7556,Asia/Jakarta,"BMKG representative point: Hegarmanah, Kecamatan Jatinangor",03-08-2026,GFS,Open-Meteo / NOAA GFS,13:00,2026-08-03 13:00:00,32.9,36.0,0.0,10.9,0.0,1.4087,Cerah Berawan,wmo:2
jatinangor,"Jatinangor, Sumedang",2026-08-03,32.11.15.2002,Hegarmanah,kecamatan,yes,-6.938,107.7556,Asia/Jakarta,"BMKG representative point: Hegarmanah, Kecamatan Jatinangor",03-08-2026,GFS,Open-Meteo / NOAA GFS,14:00,2026-08-03 14:00:00,30.5,45.0,0.0,18.8,0.0,1.4087,Berawan,wmo:3
jatinangor,"Jatinangor, Sumedang",2026-08-03,32.11.15.2002,Hegarmanah,kecamatan,yes,-6.938,107.7556,Asia/Jakarta,"BMKG representative point: Hegarmanah, Kecamatan Jatinangor",03-08-2026,GFS,Open-Meteo / NOAA GFS,15:00,2026-08-03 15:00:00,26.2,65.0,0.2,10.4,0.0,1.4087,Hujan Ringan,wmo:51
jatinangor,"Jatinangor, Sumedang",2026-08-03,32.11.15.2002,Hegarmanah,kecamatan,yes,-6.938,107.7556,Asia/Jakarta,"BMKG representative point: Hegarmanah, Kecamatan Jatinangor",03-08-2026,GFS,Open-Meteo / NOAA GFS,16:00,2026-08-03 16:00:00,24.4,76.0,1.8,5.2,0.0,1.4087,Hujan Ringan,wmo:80
jatinangor,"Jatinangor, Sumedang",2026-08-03,32.11.15.2002,Hegarmanah,kecamatan,yes,-6.938,107.7556,Asia/Jakarta,"BMKG representative point: Hegarmanah, Kecamatan Jatinangor",03-08-2026,GFS,Open-Meteo / NOAA GFS,17:00,2026-08-03 17:00:00,24.1,77.0,1.5,5.8,0.0,1.4087,Hujan Ringan,wmo:80
jatinangor,"Jatinangor, Sumedang",2026-08-03,32.11.15.2002,Hegarmanah,kecamatan,yes,-6.938,107.7556,Asia/Jakarta,"BMKG representative point: Hegarmanah, Kecamatan Jatinangor",03-08-2026,GFS,Open-Meteo / NOAA GFS,18:00,2026-08-03 18:00:00,22.5,83.0,1.2,4.7,0.0,1.4087,Hujan Ringan,wmo:55
jatinangor,"Jatinangor, Sumedang",2026-08-03,32.11.15.2002,Hegarmanah,kecamatan,yes,-6.938,107.7556,Asia/Jakarta,"BMKG representative point: Hegarmanah, Kecamatan Jatinangor",03-08-2026,GFS,Open-Meteo / NOAA GFS,19:00,2026-08-03 19:00:00,21.8,88.0,0.1,5.1,0.0,1.4087,Hujan Ringan,wmo:51
jatinangor,"Jatinangor, Sumedang",2026-08-03,32.11.15.2002,Hegarmanah,kecamatan,yes,-6.938,107.7556,Asia/Jakarta,"BMKG representative point: Hegarmanah, Kecamatan Jatinangor",03-08-2026,GFS,Open-Meteo / NOAA GFS,20:00,2026-08-03 20:00:00,21.2,92.0,0.0,4.0,0.0,1.4087,Cerah,wmo:0
jatinangor,"Jatinangor, Sumedang",2026-08-03,32.11.15.2002,Hegarmanah,kecamatan,yes,-6.938,107.7556,Asia/Jakarta,"BMKG representative point: Hegarmanah, Kecamatan Jatinangor",03-08-2026,GFS,Open-Meteo / NOAA GFS,21:00,2026-08-03 21:00:00,21.1,93.0,0.0,2.6,0.0,1.4087,Cerah Berawan,wmo:1
jatinangor,"Jatinangor, Sumedang",2026-08-03,32.11.15.2002,Hegarmanah,kecamatan,yes,-6.938,107.7556,Asia/Jakarta,"BMKG representative point: Hegarmanah, Kecamatan Jatinangor",03-08-2026,GFS,Open-Meteo / NOAA GFS,22:00,2026-08-03 22:00:00,20.8,94.0,0.0,2.6,0.0,1.4087,Cerah Berawan,wmo:2
jatinangor,"Jatinangor, Sumedang",2026-08-03,32.11.15.2002,Hegarmanah,kecamatan,yes,-6.938,107.7556,Asia/Jakarta,"BMKG representative point: Hegarmanah, Kecamatan Jatinangor",03-08-2026,GFS,Open-Meteo / NOAA GFS,23:00,2026-08-03 23:00:00,20.5,95.0,0.0,1.5,0.0,1.4087,Cerah,wmo:0
jatinangor,"Jatinangor, Sumedang",2026-08-03,32.11.15.2002,Hegarmanah,kecamatan,yes,-6.938,107.7556,Asia/Jakarta,"BMKG representative point: Hegarmanah, Kecamatan Jatinangor",03-08-2026,ICON,Open-Meteo / DWD ICON,00:00,2026-08-03 00:00:00,21.4,88.0,0.0,3.4,0.0,1.4508,Cerah Berawan,wmo:1
jatinangor,"Jatinangor, Sumedang",2026-08-03,32.11.15.2002,Hegarmanah,kecamatan,yes,-6.938,107.7556,Asia/Jakarta,"BMKG representative point: Hegarmanah, Kecamatan Jatinangor",03-08-2026,ICON,Open-Meteo / DWD ICON,01:00,2026-08-03 01:00:00,20.9,91.0,0.0,3.1,0.0,1.4508,Cerah Berawan,wmo:1
jatinangor,"Jatinangor, Sumedang",2026-08-03,32.11.15.2002,Hegarmanah,kecamatan,yes,-6.938,107.7556,Asia/Jakarta,"BMKG representative point: Hegarmanah, Kecamatan Jatinangor",03-08-2026,ICON,Open-Meteo / DWD ICON,02:00,2026-08-03 02:00:00,20.4,93.0,0.0,2.7,0.0,1.4508,Cerah Berawan,wmo:1
jatinangor,"Jatinangor, Sumedang",2026-08-03,32.11.15.2002,Hegarmanah,kecamatan,yes,-6.938,107.7556,Asia/Jakarta,"BMKG representative point: Hegarmanah, Kecamatan Jatinangor",03-08-2026,ICON,Open-Meteo / DWD ICON,03:00,2026-08-03 03:00:00,19.8,94.0,0.0,2.8,0.0,1.4508,Cerah Berawan,wmo:1
jatinangor,"Jatinangor, Sumedang",2026-08-03,32.11.15.2002,Hegarmanah,kecamatan,yes,-6.938,107.7556,Asia/Jakarta,"BMKG representative point: Hegarmanah, Kecamatan Jatinangor",03-08-2026,ICON,Open-Meteo / DWD ICON,04:00,2026-08-03 04:00:00,19.0,95.0,0.0,3.1,0.0,1.4508,Cerah Berawan,wmo:1
jatinangor,"Jatinangor, Sumedang",2026-08-03,32.11.15.2002,Hegarmanah,kecamatan,yes,-6.938,107.7556,Asia/Jakarta,"BMKG representative point: Hegarmanah, Kecamatan Jatinangor",03-08-2026,ICON,Open-Meteo / DWD ICON,05:00,2026-08-03 05:00:00,18.1,98.0,0.0,3.3,0.0,1.4508,Berawan,wmo:45
jatinangor,"Jatinangor, Sumedang",2026-08-03,32.11.15.2002,Hegarmanah,kecamatan,yes,-6.938,107.7556,Asia/Jakarta,"BMKG representative point: Hegarmanah, Kecamatan Jatinangor",03-08-2026,ICON,Open-Meteo / DWD ICON,06:00,2026-08-03 06:00:00,17.4,99.0,0.0,3.0,0.0,1.4508,Berawan,wmo:45
jatinangor,"Jatinangor, Sumedang",2026-08-03,32.11.15.2002,Hegarmanah,kecamatan,yes,-6.938,107.7556,Asia/Jakarta,"BMKG representative point: Hegarmanah, Kecamatan Jatinangor",03-08-2026,ICON,Open-Meteo / DWD ICON,07:00,2026-08-03 07:00:00,18.2,97.0,0.0,2.3,0.0,1.4508,Berawan,wmo:45
jatinangor,"Jatinangor, Sumedang",2026-08-03,32.11.15.2002,Hegarmanah,kecamatan,yes,-6.938,107.7556,Asia/Jakarta,"BMKG representative point: Hegarmanah, Kecamatan Jatinangor",03-08-2026,ICON,Open-Meteo / DWD ICON,08:00,2026-08-03 08:00:00,23.1,80.0,0.0,2.5,0.0,1.4508,Cerah Berawan,wmo:1
jatinangor,"Jatinangor, Sumedang",2026-08-03,32.11.15.2002,Hegarmanah,kecamatan,yes,-6.938,107.7556,Asia/Jakarta,"BMKG representative point: Hegarmanah, Kecamatan Jatinangor",03-08-2026,ICON,Open-Meteo / DWD ICON,09:00,2026-08-03 09:00:00,25.4,71.0,0.0,2.6,0.0,1.4508,Cerah Berawan,wmo:2
jatinangor,"Jatinangor, Sumedang",2026-08-03,32.11.15.2002,Hegarmanah,kecamatan,yes,-6.938,107.7556,Asia/Jakarta,"BMKG representative point: Hegarmanah, Kecamatan Jatinangor",03-08-2026,ICON,Open-Meteo / DWD ICON,10:00,2026-08-03 10:00:00,27.4,64.0,0.0,2.6,0.0,1.4508,Cerah Berawan,wmo:1
jatinangor,"Jatinangor, Sumedang",2026-08-03,32.11.15.2002,Hegarmanah,kecamatan,yes,-6.938,107.7556,Asia/Jakarta,"BMKG representative point: Hegarmanah, Kecamatan Jatinangor",03-08-2026,ICON,Open-Meteo / DWD ICON,11:00,2026-08-03 11:00:00,29.3,56.0,0.0,3.6,0.0,1.4508,Cerah Berawan,wmo:1
jatinangor,"Jatinangor, Sumedang",2026-08-03,32.11.15.2002,Hegarmanah,kecamatan,yes,-6.938,107.7556,Asia/Jakarta,"BMKG representative point: Hegarmanah, Kecamatan Jatinangor",03-08-2026,ICON,Open-Meteo / DWD ICON,12:00,2026-08-03 12:00:00,30.7,50.0,0.0,5.4,0.0,1.4508,Cerah Berawan,wmo:2
jatinangor,"Jatinangor, Sumedang",2026-08-03,32.11.15.2002,Hegarmanah,kecamatan,yes,-6.938,107.7556,Asia/Jakarta,"BMKG representative point: Hegarmanah, Kecamatan Jatinangor",03-08-2026,ICON,Open-Meteo / DWD ICON,13:00,2026-08-03 13:00:00,31.4,45.0,0.0,7.6,0.0,1.4508,Cerah Berawan,wmo:2
jatinangor,"Jatinangor, Sumedang",2026-08-03,32.11.15.2002,Hegarmanah,kecamatan,yes,-6.938,107.7556,Asia/Jakarta,"BMKG representative point: Hegarmanah, Kecamatan Jatinangor",03-08-2026,ICON,Open-Meteo / DWD ICON,14:00,2026-08-03 14:00:00,31.6,43.0,0.0,11.7,0.0,1.4508,Cerah Berawan,wmo:2
jatinangor,"Jatinangor, Sumedang",2026-08-03,32.11.15.2002,Hegarmanah,kecamatan,yes,-6.938,107.7556,Asia/Jakarta,"BMKG representative point: Hegarmanah, Kecamatan Jatinangor",03-08-2026,ICON,Open-Meteo / DWD ICON,15:00,2026-08-03 15:00:00,30.9,44.0,0.0,14.1,0.0,1.4508,Berawan,wmo:3
jatinangor,"Jatinangor, Sumedang",2026-08-03,32.11.15.2002,Hegarmanah,kecamatan,yes,-6.938,107.7556,Asia/Jakarta,"BMKG representative point: Hegarmanah, Kecamatan Jatinangor",03-08-2026,ICON,Open-Meteo / DWD ICON,16:00,2026-08-03 16:00:00,29.4,50.0,0.0,16.8,0.0,1.4508,Berawan,wmo:3
jatinangor,"Jatinangor, Sumedang",2026-08-03,32.11.15.2002,Hegarmanah,kecamatan,yes,-6.938,107.7556,Asia/Jakarta,"BMKG representative point: Hegarmanah, Kecamatan Jatinangor",03-08-2026,ICON,Open-Meteo / DWD ICON,17:00,2026-08-03 17:00:00,27.4,57.0,0.1,12.9,0.0,1.4508,Berawan,wmo:3
jatinangor,"Jatinangor, Sumedang",2026-08-03,32.11.15.2002,Hegarmanah,kecamatan,yes,-6.938,107.7556,Asia/Jakarta,"BMKG representative point: Hegarmanah, Kecamatan Jatinangor",03-08-2026,ICON,Open-Meteo / DWD ICON,18:00,2026-08-03 18:00:00,25.8,64.0,0.0,8.8,0.0,1.4508,Berawan,wmo:3
jatinangor,"Jatinangor, Sumedang",2026-08-03,32.11.15.2002,Hegarmanah,kecamatan,yes,-6.938,107.7556,Asia/Jakarta,"BMKG representative point: Hegarmanah, Kecamatan Jatinangor",03-08-2026,ICON,Open-Meteo / DWD ICON,19:00,2026-08-03 19:00:00,24.8,69.0,0.0,6.2,0.0,1.4508,Berawan,wmo:3
jatinangor,"Jatinangor, Sumedang",2026-08-03,32.11.15.2002,Hegarmanah,kecamatan,yes,-6.938,107.7556,Asia/Jakarta,"BMKG representative point: Hegarmanah, Kecamatan Jatinangor",03-08-2026,ICON,Open-Meteo / DWD ICON,20:00,2026-08-03 20:00:00,24.2,73.0,0.0,5.2,0.0,1.4508,Berawan,wmo:3
jatinangor,"Jatinangor, Sumedang",2026-08-03,32.11.15.2002,Hegarmanah,kecamatan,yes,-6.938,107.7556,Asia/Jakarta,"BMKG representative point: Hegarmanah, Kecamatan Jatinangor",03-08-2026,ICON,Open-Meteo / DWD ICON,21:00,2026-08-03 21:00:00,23.4,78.0,0.0,3.7,0.0,1.4508,Berawan,wmo:3
jatinangor,"Jatinangor, Sumedang",2026-08-03,32.11.15.2002,Hegarmanah,kecamatan,yes,-6.938,107.7556,Asia/Jakarta,"BMKG representative point: Hegarmanah, Kecamatan Jatinangor",03-08-2026,ICON,Open-Meteo / DWD ICON,22:00,2026-08-03 22:00:00,22.7,82.0,0.0,3.0,0.0,1.4508,Berawan,wmo:3
jatinangor,"Jatinangor, Sumedang",2026-08-03,32.11.15.2002,Hegarmanah,kecamatan,yes,-6.938,107.7556,Asia/Jakarta,"BMKG representative point: Hegarmanah, Kecamatan Jatinangor",03-08-2026,ICON,Open-Meteo / DWD ICON,23:00,2026-08-03 23:00:00,21.9,87.0,0.0,2.7,0.0,1.4508,Cerah Berawan,wmo:2
jatinangor,"Jatinangor, Sumedang",2026-08-03,32.11.15.2002,Hegarmanah,kecamatan,yes,-6.938,107.7556,Asia/Jakarta,"BMKG representative point: Hegarmanah, Kecamatan Jatinangor",03-08-2026,KMA,Open-Meteo / KMA,00:00,2026-08-03 00:00:00,,,,,0.0,0.5415,Berawan,wmo:None
jatinangor,"Jatinangor, Sumedang",2026-08-03,32.11.15.2002,Hegarmanah,kecamatan,yes,-6.938,107.7556,Asia/Jakarta,"BMKG representative point: Hegarmanah, Kecamatan Jatinangor",03-08-2026,KMA,Open-Meteo / KMA,01:00,2026-08-03 01:00:00,,,,,0.0,0.5415,Berawan,wmo:None
jatinangor,"Jatinangor, Sumedang",2026-08-03,32.11.15.2002,Hegarmanah,kecamatan,yes,-6.938,107.7556,Asia/Jakarta,"BMKG representative point: Hegarmanah, Kecamatan Jatinangor",03-08-2026,KMA,Open-Meteo / KMA,02:00,2026-08-03 02:00:00,,,,,0.0,0.5415,Berawan,wmo:None
jatinangor,"Jatinangor, Sumedang",2026-08-03,32.11.15.2002,Hegarmanah,kecamatan,yes,-6.938,107.7556,Asia/Jakarta,"BMKG representative point: Hegarmanah, Kecamatan Jatinangor",03-08-2026,KMA,Open-Meteo / KMA,03:00,2026-08-03 03:00:00,,,,,0.0,0.5415,Berawan,wmo:None
jatinangor,"Jatinangor, Sumedang",2026-08-03,32.11.15.2002,Hegarmanah,kecamatan,yes,-6.938,107.7556,Asia/Jakarta,"BMKG representative point: Hegarmanah, Kecamatan Jatinangor",03-08-2026,KMA,Open-Meteo / KMA,04:00,2026-08-03 04:00:00,,,,,0.0,0.5415,Berawan,wmo:None
jatinangor,"Jatinangor, Sumedang",2026-08-03,32.11.15.2002,Hegarmanah,kecamatan,yes,-6.938,107.7556,Asia/Jakarta,"BMKG representative point: Hegarmanah, Kecamatan Jatinangor",03-08-2026,KMA,Open-Meteo / KMA,05:00,2026-08-03 05:00:00,,,,,0.0,0.5415,Berawan,wmo:None
jatinangor,"Jatinangor, Sumedang",2026-08-03,32.11.15.2002,Hegarmanah,kecamatan,yes,-6.938,107.7556,Asia/Jakarta,"BMKG representative point: Hegarmanah, Kecamatan Jatinangor",03-08-2026,KMA,Open-Meteo / KMA,06:00,2026-08-03 06:00:00,,,,,0.0,0.5415,Berawan,wmo:None
jatinangor,"Jatinangor, Sumedang",2026-08-03,32.11.15.2002,Hegarmanah,kecamatan,yes,-6.938,107.7556,Asia/Jakarta,"BMKG representative point: Hegarmanah, Kecamatan Jatinangor",03-08-2026,KMA,Open-Meteo / KMA,07:00,2026-08-03 07:00:00,,,,,0.0,0.5415,Berawan,wmo:None
jatinangor,"Jatinangor, Sumedang",2026-08-03,32.11.15.2002,Hegarmanah,kecamatan,yes,-6.938,107.7556,Asia/Jakarta,"BMKG representative point: Hegarmanah, Kecamatan Jatinangor",03-08-2026,KMA,Open-Meteo / KMA,08:00,2026-08-03 08:00:00,,,,,0.0,0.5415,Berawan,wmo:None
jatinangor,"Jatinangor, Sumedang",2026-08-03,32.11.15.2002,Hegarmanah,kecamatan,yes,-6.938,107.7556,Asia/Jakarta,"BMKG representative point: Hegarmanah, Kecamatan Jatinangor",03-08-2026,KMA,Open-Meteo / KMA,09:00,2026-08-03 09:00:00,,,,,0.0,0.5415,Berawan,wmo:None
jatinangor,"Jatinangor, Sumedang",2026-08-03,32.11.15.2002,Hegarmanah,kecamatan,yes,-6.938,107.7556,Asia/Jakarta,"BMKG representative point: Hegarmanah, Kecamatan Jatinangor",03-08-2026,KMA,Open-Meteo / KMA,10:00,2026-08-03 10:00:00,,,,,0.0,0.5415,Berawan,wmo:None
jatinangor,"Jatinangor, Sumedang",2026-08-03,32.11.15.2002,Hegarmanah,kecamatan,yes,-6.938,107.7556,Asia/Jakarta,"BMKG representative point: Hegarmanah, Kecamatan Jatinangor",03-08-2026,KMA,Open-Meteo / KMA,11:00,2026-08-03 11:00:00,,,,,0.0,0.5415,Berawan,wmo:None
jatinangor,"Jatinangor, Sumedang",2026-08-03,32.11.15.2002,Hegarmanah,kecamatan,yes,-6.938,107.7556,Asia/Jakarta,"BMKG representative point: Hegarmanah, Kecamatan Jatinangor",03-08-2026,KMA,Open-Meteo / KMA,12:00,2026-08-03 12:00:00,,,,,0.0,0.5415,Berawan,wmo:None
jatinangor,"Jatinangor, Sumedang",2026-08-03,32.11.15.2002,Hegarmanah,kecamatan,yes,-6.938,107.7556,Asia/Jakarta,"BMKG representative point: Hegarmanah, Kecamatan Jatinangor",03-08-2026,KMA,Open-Meteo / KMA,13:00,2026-08-03 13:00:00,,,,,0.0,0.5415,Berawan,wmo:None
jatinangor,"Jatinangor, Sumedang",2026-08-03,32.11.15.2002,Hegarmanah,kecamatan,yes,-6.938,107.7556,Asia/Jakarta,"BMKG representative point: Hegarmanah, Kecamatan Jatinangor",03-08-2026,KMA,Open-Meteo / KMA,14:00,2026-08-03 14:00:00,,,,,0.0,0.5415,Berawan,wmo:None
jatinangor,"Jatinangor, Sumedang",2026-08-03,32.11.15.2002,Hegarmanah,kecamatan,yes,-6.938,107.7556,Asia/Jakarta,"BMKG representative point: Hegarmanah, Kecamatan Jatinangor",03-08-2026,KMA,Open-Meteo / KMA,15:00,2026-08-03 15:00:00,,,,,0.0,0.5415,Berawan,wmo:None
jatinangor,"Jatinangor, Sumedang",2026-08-03,32.11.15.2002,Hegarmanah,kecamatan,yes,-6.938,107.7556,Asia/Jakarta,"BMKG representative point: Hegarmanah, Kecamatan Jatinangor",03-08-2026,KMA,Open-Meteo / KMA,16:00,2026-08-03 16:00:00,,,,,0.0,0.5415,Berawan,wmo:None
jatinangor,"Jatinangor, Sumedang",2026-08-03,32.11.15.2002,Hegarmanah,kecamatan,yes,-6.938,107.7556,Asia/Jakarta,"BMKG representative point: Hegarmanah, Kecamatan Jatinangor",03-08-2026,KMA,Open-Meteo / KMA,17:00,2026-08-03 17:00:00,,,,,0.0,0.5415,Berawan,wmo:None
jatinangor,"Jatinangor, Sumedang",2026-08-03,32.11.15.2002,Hegarmanah,kecamatan,yes,-6.938,107.7556,Asia/Jakarta,"BMKG representative point: Hegarmanah, Kecamatan Jatinangor",03-08-2026,KMA,Open-Meteo / KMA,18:00,2026-08-03 18:00:00,,,,,0.0,0.5415,Berawan,wmo:None
jatinangor,"Jatinangor, Sumedang",2026-08-03,32.11.15.2002,Hegarmanah,kecamatan,yes,-6.938,107.7556,Asia/Jakarta,"BMKG representative point: Hegarmanah, Kecamatan Jatinangor",03-08-2026,KMA,Open-Meteo / KMA,19:00,2026-08-03 19:00:00,,,,,0.0,0.5415,Berawan,wmo:None
jatinangor,"Jatinangor, Sumedang",2026-08-03,32.11.15.2002,Hegarmanah,kecamatan,yes,-6.938,107.7556,Asia/Jakarta,"BMKG representative point: Hegarmanah, Kecamatan Jatinangor",03-08-2026,KMA,Open-Meteo / KMA,20:00,2026-08-03 20:00:00,,,,,0.0,0.5415,Berawan,wmo:None
jatinangor,"Jatinangor, Sumedang",2026-08-03,32.11.15.2002,Hegarmanah,kecamatan,yes,-6.938,107.7556,Asia/Jakarta,"BMKG representative point: Hegarmanah, Kecamatan Jatinangor",03-08-2026,KMA,Open-Meteo / KMA,21:00,2026-08-03 21:00:00,,,,,0.0,0.5415,Berawan,wmo:None
jatinangor,"Jatinangor, Sumedang",2026-08-03,32.11.15.2002,Hegarmanah,kecamatan,yes,-6.938,107.7556,Asia/Jakarta,"BMKG representative point: Hegarmanah, Kecamatan Jatinangor",03-08-2026,KMA,Open-Meteo / KMA,22:00,2026-08-03 22:00:00,,,,,0.0,0.5415,Berawan,wmo:None
jatinangor,"Jatinangor, Sumedang",2026-08-03,32.11.15.2002,Hegarmanah,kecamatan,yes,-6.938,107.7556,Asia/Jakarta,"BMKG representative point: Hegarmanah, Kecamatan Jatinangor",03-08-2026,KMA,Open-Meteo / KMA,23:00,2026-08-03 23:00:00,,,,,0.0,0.5415,Berawan,wmo:None
jatinangor,"Jatinangor, Sumedang",2026-08-03,32.11.15.2002,Hegarmanah,kecamatan,yes,-6.938,107.7556,Asia/Jakarta,"BMKG representative point: Hegarmanah, Kecamatan Jatinangor",03-08-2026,METEOFRANCE,Open-Meteo / Meteo-France,00:00,2026-08-03 00:00:00,26.2,83.0,0.0,1.1,0.0,1.465,Cerah Berawan,wmo:1
jatinangor,"Jatinangor, Sumedang",2026-08-03,32.11.15.2002,Hegarmanah,kecamatan,yes,-6.938,107.7556,Asia/Jakarta,"BMKG representative point: Hegarmanah, Kecamatan Jatinangor",03-08-2026,METEOFRANCE,Open-Meteo / Meteo-France,01:00,2026-08-03 01:00:00,25.8,85.0,0.0,0.5,0.0,1.465,Cerah Berawan,wmo:1
jatinangor,"Jatinangor, Sumedang",2026-08-03,32.11.15.2002,Hegarmanah,kecamatan,yes,-6.938,107.7556,Asia/Jakarta,"BMKG representative point: Hegarmanah, Kecamatan Jatinangor",03-08-2026,METEOFRANCE,Open-Meteo / Meteo-France,02:00,2026-08-03 02:00:00,25.2,88.0,0.0,1.1,0.0,1.465,Cerah Berawan,wmo:1
jatinangor,"Jatinangor, Sumedang",2026-08-03,32.11.15.2002,Hegarmanah,kecamatan,yes,-6.938,107.7556,Asia/Jakarta,"BMKG representative point: Hegarmanah, Kecamatan Jatinangor",03-08-2026,METEOFRANCE,Open-Meteo / Meteo-France,03:00,2026-08-03 03:00:00,24.9,90.0,0.0,1.5,0.0,1.465,Cerah Berawan,wmo:1
jatinangor,"Jatinangor, Sumedang",2026-08-03,32.11.15.2002,Hegarmanah,kecamatan,yes,-6.938,107.7556,Asia/Jakarta,"BMKG representative point: Hegarmanah, Kecamatan Jatinangor",03-08-2026,METEOFRANCE,Open-Meteo / Meteo-France,04:00,2026-08-03 04:00:00,24.4,92.0,0.0,1.5,0.0,1.465,Cerah Berawan,wmo:1
jatinangor,"Jatinangor, Sumedang",2026-08-03,32.11.15.2002,Hegarmanah,kecamatan,yes,-6.938,107.7556,Asia/Jakarta,"BMKG representative point: Hegarmanah, Kecamatan Jatinangor",03-08-2026,METEOFRANCE,Open-Meteo / Meteo-France,05:00,2026-08-03 05:00:00,24.0,94.0,0.0,2.0,0.0,1.465,Cerah Berawan,wmo:1
jatinangor,"Jatinangor, Sumedang",2026-08-03,32.11.15.2002,Hegarmanah,kecamatan,yes,-6.938,107.7556,Asia/Jakarta,"BMKG representative point: Hegarmanah, Kecamatan Jatinangor",03-08-2026,METEOFRANCE,Open-Meteo / Meteo-France,06:00,2026-08-03 06:00:00,23.6,95.0,0.0,2.3,0.0,1.465,Cerah Berawan,wmo:1
jatinangor,"Jatinangor, Sumedang",2026-08-03,32.11.15.2002,Hegarmanah,kecamatan,yes,-6.938,107.7556,Asia/Jakarta,"BMKG representative point: Hegarmanah, Kecamatan Jatinangor",03-08-2026,METEOFRANCE,Open-Meteo / Meteo-France,07:00,2026-08-03 07:00:00,24.0,93.0,0.0,2.9,0.0,1.465,Cerah Berawan,wmo:1
jatinangor,"Jatinangor, Sumedang",2026-08-03,32.11.15.2002,Hegarmanah,kecamatan,yes,-6.938,107.7556,Asia/Jakarta,"BMKG representative point: Hegarmanah, Kecamatan Jatinangor",03-08-2026,METEOFRANCE,Open-Meteo / Meteo-France,08:00,2026-08-03 08:00:00,26.2,85.0,0.0,0.8,0.0,1.465,Cerah Berawan,wmo:1
jatinangor,"Jatinangor, Sumedang",2026-08-03,32.11.15.2002,Hegarmanah,kecamatan,yes,-6.938,107.7556,Asia/Jakarta,"BMKG representative point: Hegarmanah, Kecamatan Jatinangor",03-08-2026,METEOFRANCE,Open-Meteo / Meteo-France,09:00,2026-08-03 09:00:00,28.1,78.0,0.0,2.3,0.0,1.465,Cerah,wmo:0
jatinangor,"Jatinangor, Sumedang",2026-08-03,32.11.15.2002,Hegarmanah,kecamatan,yes,-6.938,107.7556,Asia/Jakarta,"BMKG representative point: Hegarmanah, Kecamatan Jatinangor",03-08-2026,METEOFRANCE,Open-Meteo / Meteo-France,10:00,2026-08-03 10:00:00,30.0,68.0,0.0,4.8,0.0,1.465,Cerah,wmo:0
jatinangor,"Jatinangor, Sumedang",2026-08-03,32.11.15.2002,Hegarmanah,kecamatan,yes,-6.938,107.7556,Asia/Jakarta,"BMKG representative point: Hegarmanah, Kecamatan Jatinangor",03-08-2026,METEOFRANCE,Open-Meteo / Meteo-France,11:00,2026-08-03 11:00:00,31.7,59.0,0.0,6.6,0.0,1.465,Cerah,wmo:0
jatinangor,"Jatinangor, Sumedang",2026-08-03,32.11.15.2002,Hegarmanah,kecamatan,yes,-6.938,107.7556,Asia/Jakarta,"BMKG representative point: Hegarmanah, Kecamatan Jatinangor",03-08-2026,METEOFRANCE,Open-Meteo / Meteo-France,12:00,2026-08-03 12:00:00,32.9,52.0,0.0,7.4,0.0,1.465,Cerah Berawan,wmo:1
jatinangor,"Jatinangor, Sumedang",2026-08-03,32.11.15.2002,Hegarmanah,kecamatan,yes,-6.938,107.7556,Asia/Jakarta,"BMKG representative point: Hegarmanah, Kecamatan Jatinangor",03-08-2026,METEOFRANCE,Open-Meteo / Meteo-France,13:00,2026-08-03 13:00:00,33.2,51.0,0.0,8.7,0.0,1.465,Cerah Berawan,wmo:1
jatinangor,"Jatinangor, Sumedang",2026-08-03,32.11.15.2002,Hegarmanah,kecamatan,yes,-6.938,107.7556,Asia/Jakarta,"BMKG representative point: Hegarmanah, Kecamatan Jatinangor",03-08-2026,METEOFRANCE,Open-Meteo / Meteo-France,14:00,2026-08-03 14:00:00,32.7,56.0,0.0,9.1,0.0,1.465,Cerah Berawan,wmo:2
jatinangor,"Jatinangor, Sumedang",2026-08-03,32.11.15.2002,Hegarmanah,kecamatan,yes,-6.938,107.7556,Asia/Jakarta,"BMKG representative point: Hegarmanah, Kecamatan Jatinangor",03-08-2026,METEOFRANCE,Open-Meteo / Meteo-France,15:00,2026-08-03 15:00:00,31.3,67.0,0.2,10.0,0.0,1.465,Hujan Ringan,wmo:51
jatinangor,"Jatinangor, Sumedang",2026-08-03,32.11.15.2002,Hegarmanah,kecamatan,yes,-6.938,107.7556,Asia/Jakarta,"BMKG representative point: Hegarmanah, Kecamatan Jatinangor",03-08-2026,METEOFRANCE,Open-Meteo / Meteo-France,16:00,2026-08-03 16:00:00,29.7,77.0,0.3,8.8,0.0,1.465,Hujan Ringan,wmo:51
jatinangor,"Jatinangor, Sumedang",2026-08-03,32.11.15.2002,Hegarmanah,kecamatan,yes,-6.938,107.7556,Asia/Jakarta,"BMKG representative point: Hegarmanah, Kecamatan Jatinangor",03-08-2026,METEOFRANCE,Open-Meteo / Meteo-France,17:00,2026-08-03 17:00:00,27.9,89.0,2.4,6.0,0.0,1.465,Hujan Ringan,wmo:80
jatinangor,"Jatinangor, Sumedang",2026-08-03,32.11.15.2002,Hegarmanah,kecamatan,yes,-6.938,107.7556,Asia/Jakarta,"BMKG representative point: Hegarmanah, Kecamatan Jatinangor",03-08-2026,METEOFRANCE,Open-Meteo / Meteo-France,18:00,2026-08-03 18:00:00,26.7,95.0,4.9,4.3,0.0,1.465,Hujan Sedang,wmo:81
jatinangor,"Jatinangor, Sumedang",2026-08-03,32.11.15.2002,Hegarmanah,kecamatan,yes,-6.938,107.7556,Asia/Jakarta,"BMKG representative point: Hegarmanah, Kecamatan Jatinangor",03-08-2026,METEOFRANCE,Open-Meteo / Meteo-France,19:00,2026-08-03 19:00:00,26.1,98.0,4.7,4.8,0.0,1.465,Hujan Sedang,wmo:81
jatinangor,"Jatinangor, Sumedang",2026-08-03,32.11.15.2002,Hegarmanah,kecamatan,yes,-6.938,107.7556,Asia/Jakarta,"BMKG representative point: Hegarmanah, Kecamatan Jatinangor",03-08-2026,METEOFRANCE,Open-Meteo / Meteo-France,20:00,2026-08-03 20:00:00,25.8,99.0,1.7,3.8,0.0,1.465,Hujan Ringan,wmo:80
jatinangor,"Jatinangor, Sumedang",2026-08-03,32.11.15.2002,Hegarmanah,kecamatan,yes,-6.938,107.7556,Asia/Jakarta,"BMKG representative point: Hegarmanah, Kecamatan Jatinangor",03-08-2026,METEOFRANCE,Open-Meteo / Meteo-France,21:00,2026-08-03 21:00:00,25.7,100,0.1,2.6,0.0,1.465,Hujan Ringan,wmo:51
jatinangor,"Jatinangor, Sumedang",2026-08-03,32.11.15.2002,Hegarmanah,kecamatan,yes,-6.938,107.7556,Asia/Jakarta,"BMKG representative point: Hegarmanah, Kecamatan Jatinangor",03-08-2026,METEOFRANCE,Open-Meteo / Meteo-France,22:00,2026-08-03 22:00:00,25.7,100,0.0,2.1,0.0,1.465,Berawan,wmo:3
jatinangor,"Jatinangor, Sumedang",2026-08-03,32.11.15.2002,Hegarmanah,kecamatan,yes,-6.938,107.7556,Asia/Jakarta,"BMKG representative point: Hegarmanah, Kecamatan Jatinangor",03-08-2026,METEOFRANCE,Open-Meteo / Meteo-France,23:00,2026-08-03 23:00:00,25.6,100,0.0,1.5,0.0,1.465,Berawan,wmo:3
jatinangor,"Jatinangor, Sumedang",2026-08-03,32.11.15.2002,Hegarmanah,kecamatan,yes,-6.938,107.7556,Asia/Jakarta,"BMKG representative point: Hegarmanah, Kecamatan Jatinangor",03-08-2026,METNO,MET Norway,00:00,2026-08-03 00:00:00,20.0,92.9,0.0,1.44,0.0,1.3675,Cerah,clearsky_night
jatinangor,"Jatinangor, Sumedang",2026-08-03,32.11.15.2002,Hegarmanah,kecamatan,yes,-6.938,107.7556,Asia/Jakarta,"BMKG representative point: Hegarmanah, Kecamatan Jatinangor",03-08-2026,METNO,MET Norway,01:00,2026-08-03 01:00:00,20.0,92.3,0.0,1.8,0.0,1.3675,Cerah Berawan,fair_night
jatinangor,"Jatinangor, Sumedang",2026-08-03,32.11.15.2002,Hegarmanah,kecamatan,yes,-6.938,107.7556,Asia/Jakarta,"BMKG representative point: Hegarmanah, Kecamatan Jatinangor",03-08-2026,METNO,MET Norway,02:00,2026-08-03 02:00:00,19.7,92.9,0.0,1.8,0.0,1.3675,Cerah Berawan,partlycloudy_night
jatinangor,"Jatinangor, Sumedang",2026-08-03,32.11.15.2002,Hegarmanah,kecamatan,yes,-6.938,107.7556,Asia/Jakarta,"BMKG representative point: Hegarmanah, Kecamatan Jatinangor",03-08-2026,METNO,MET Norway,03:00,2026-08-03 03:00:00,19.0,95.1,0.0,1.8,0.0,1.3675,Cerah Berawan,partlycloudy_night
jatinangor,"Jatinangor, Sumedang",2026-08-03,32.11.15.2002,Hegarmanah,kecamatan,yes,-6.938,107.7556,Asia/Jakarta,"BMKG representative point: Hegarmanah, Kecamatan Jatinangor",03-08-2026,METNO,MET Norway,04:00,2026-08-03 04:00:00,18.8,94.9,0.0,2.16,0.0,1.3675,Cerah Berawan,fair_night
jatinangor,"Jatinangor, Sumedang",2026-08-03,32.11.15.2002,Hegarmanah,kecamatan,yes,-6.938,107.7556,Asia/Jakarta,"BMKG representative point: Hegarmanah, Kecamatan Jatinangor",03-08-2026,METNO,MET Norway,05:00,2026-08-03 05:00:00,18.6,95.2,0.0,2.52,0.0,1.3675,Cerah Berawan,fair_night
jatinangor,"Jatinangor, Sumedang",2026-08-03,32.11.15.2002,Hegarmanah,kecamatan,yes,-6.938,107.7556,Asia/Jakarta,"BMKG representative point: Hegarmanah, Kecamatan Jatinangor",03-08-2026,METNO,MET Norway,06:00,2026-08-03 06:00:00,18.4,95.1,0.0,2.16,0.0,1.3675,Cerah Berawan,fair_day
jatinangor,"Jatinangor, Sumedang",2026-08-03,32.11.15.2002,Hegarmanah,kecamatan,yes,-6.938,107.7556,Asia/Jakarta,"BMKG representative point: Hegarmanah, Kecamatan Jatinangor",03-08-2026,METNO,MET Norway,07:00,2026-08-03 07:00:00,20.4,90.7,0.0,2.52,0.0,1.3675,Cerah,clearsky_day
jatinangor,"Jatinangor, Sumedang",2026-08-03,32.11.15.2002,Hegarmanah,kecamatan,yes,-6.938,107.7556,Asia/Jakarta,"BMKG representative point: Hegarmanah, Kecamatan Jatinangor",03-08-2026,METNO,MET Norway,08:00,2026-08-03 08:00:00,23.3,80.3,0.0,3.24,0.0,1.3675,Cerah,clearsky_day
jatinangor,"Jatinangor, Sumedang",2026-08-03,32.11.15.2002,Hegarmanah,kecamatan,yes,-6.938,107.7556,Asia/Jakarta,"BMKG representative point: Hegarmanah, Kecamatan Jatinangor",03-08-2026,METNO,MET Norway,09:00,2026-08-03 09:00:00,25.6,71.0,0.0,5.04,0.0,1.3675,Cerah Berawan,fair_day
jatinangor,"Jatinangor, Sumedang",2026-08-03,32.11.15.2002,Hegarmanah,kecamatan,yes,-6.938,107.7556,Asia/Jakarta,"BMKG representative point: Hegarmanah, Kecamatan Jatinangor",03-08-2026,METNO,MET Norway,10:00,2026-08-03 10:00:00,27.2,64.3,0.1,6.48,0.0,1.3675,Hujan Ringan,lightrainshowers_day
jatinangor,"Jatinangor, Sumedang",2026-08-03,32.11.15.2002,Hegarmanah,kecamatan,yes,-6.938,107.7556,Asia/Jakarta,"BMKG representative point: Hegarmanah, Kecamatan Jatinangor",03-08-2026,METNO,MET Norway,11:00,2026-08-03 11:00:00,28.4,57.8,0.2,7.56,0.0,1.3675,Hujan Ringan,lightrainshowers_day
jatinangor,"Jatinangor, Sumedang",2026-08-03,32.11.15.2002,Hegarmanah,kecamatan,yes,-6.938,107.7556,Asia/Jakarta,"BMKG representative point: Hegarmanah, Kecamatan Jatinangor",03-08-2026,METNO,MET Norway,12:00,2026-08-03 12:00:00,28.7,55.5,0.4,9.72,0.0,1.3675,Hujan Ringan,rainshowers_day
jatinangor,"Jatinangor, Sumedang",2026-08-03,32.11.15.2002,Hegarmanah,kecamatan,yes,-6.938,107.7556,Asia/Jakarta,"BMKG representative point: Hegarmanah, Kecamatan Jatinangor",03-08-2026,METNO,MET Norway,13:00,2026-08-03 13:00:00,28.1,57.6,0.7,10.44,0.0,1.3675,Hujan Ringan,rainshowers_day
jatinangor,"Jatinangor, Sumedang",2026-08-03,32.11.15.2002,Hegarmanah,kecamatan,yes,-6.938,107.7556,Asia/Jakarta,"BMKG representative point: Hegarmanah, Kecamatan Jatinangor",03-08-2026,METNO,MET Norway,14:00,2026-08-03 14:00:00,27.0,65.6,1.0,10.44,0.0,1.3675,Hujan Lebat,heavyrainshowers_day
jatinangor,"Jatinangor, Sumedang",2026-08-03,32.11.15.2002,Hegarmanah,kecamatan,yes,-6.938,107.7556,Asia/Jakarta,"BMKG representative point: Hegarmanah, Kecamatan Jatinangor",03-08-2026,METNO,MET Norway,15:00,2026-08-03 15:00:00,25.9,72.1,0.4,9.0,0.0,1.3675,Hujan Ringan,rainshowers_day
jatinangor,"Jatinangor, Sumedang",2026-08-03,32.11.15.2002,Hegarmanah,kecamatan,yes,-6.938,107.7556,Asia/Jakarta,"BMKG representative point: Hegarmanah, Kecamatan Jatinangor",03-08-2026,METNO,MET Norway,16:00,2026-08-03 16:00:00,25.5,74.3,0.1,8.64,0.0,1.3675,Hujan Ringan,lightrainshowers_day
jatinangor,"Jatinangor, Sumedang",2026-08-03,32.11.15.2002,Hegarmanah,kecamatan,yes,-6.938,107.7556,Asia/Jakarta,"BMKG representative point: Hegarmanah, Kecamatan Jatinangor",03-08-2026,METNO,MET Norway,17:00,2026-08-03 17:00:00,24.9,75.2,0.0,7.92,0.0,1.3675,Cerah Berawan,fair_day
jatinangor,"Jatinangor, Sumedang",2026-08-03,32.11.15.2002,Hegarmanah,kecamatan,yes,-6.938,107.7556,Asia/Jakarta,"BMKG representative point: Hegarmanah, Kecamatan Jatinangor",03-08-2026,METNO,MET Norway,18:00,2026-08-03 18:00:00,23.0,85.2,0.0,5.4,0.0,1.3675,Cerah Berawan,fair_night
jatinangor,"Jatinangor, Sumedang",2026-08-03,32.11.15.2002,Hegarmanah,kecamatan,yes,-6.938,107.7556,Asia/Jakarta,"BMKG representative point: Hegarmanah, Kecamatan Jatinangor",03-08-2026,METNO,MET Norway,19:00,2026-08-03 19:00:00,22.1,90.8,0.0,5.04,0.0,1.3675,Cerah Berawan,fair_night
jatinangor,"Jatinangor, Sumedang",2026-08-03,32.11.15.2002,Hegarmanah,kecamatan,yes,-6.938,107.7556,Asia/Jakarta,"BMKG representative point: Hegarmanah, Kecamatan Jatinangor",03-08-2026,METNO,MET Norway,20:00,2026-08-03 20:00:00,21.5,93.5,0.0,3.24,0.0,1.3675,Cerah,clearsky_night
jatinangor,"Jatinangor, Sumedang",2026-08-03,32.11.15.2002,Hegarmanah,kecamatan,yes,-6.938,107.7556,Asia/Jakarta,"BMKG representative point: Hegarmanah, Kecamatan Jatinangor",03-08-2026,METNO,MET Norway,21:00,2026-08-03 21:00:00,21.0,94.8,0.0,2.52,0.0,1.3675,Cerah,clearsky_night
jatinangor,"Jatinangor, Sumedang",2026-08-03,32.11.15.2002,Hegarmanah,kecamatan,yes,-6.938,107.7556,Asia/Jakarta,"BMKG representative point: Hegarmanah, Kecamatan Jatinangor",03-08-2026,METNO,MET Norway,22:00,2026-08-03 22:00:00,20.5,96.1,0.0,2.52,0.0,1.3675,Cerah,clearsky_night
jatinangor,"Jatinangor, Sumedang",2026-08-03,32.11.15.2002,Hegarmanah,kecamatan,yes,-6.938,107.7556,Asia/Jakarta,"BMKG representative point: Hegarmanah, Kecamatan Jatinangor",03-08-2026,METNO,MET Norway,23:00,2026-08-03 23:00:00,20.1,96.7,0.0,3.6,0.0,1.3675,Cerah Berawan,fair_night
jatinangor,"Jatinangor, Sumedang",2026-08-03,32.11.15.2002,Hegarmanah,kecamatan,yes,-6.938,107.7556,Asia/Jakarta,"BMKG representative point: Hegarmanah, Kecamatan Jatinangor",03-08-2026,UKMO,Open-Meteo / UK Met Office,00:00,2026-08-03 00:00:00,19.2,98.0,0.0,5.0,0.0,1.3288,Cerah,wmo:0
jatinangor,"Jatinangor, Sumedang",2026-08-03,32.11.15.2002,Hegarmanah,kecamatan,yes,-6.938,107.7556,Asia/Jakarta,"BMKG representative point: Hegarmanah, Kecamatan Jatinangor",03-08-2026,UKMO,Open-Meteo / UK Met Office,01:00,2026-08-03 01:00:00,18.9,98.0,0.0,5.0,0.0,1.3288,Cerah,wmo:0
jatinangor,"Jatinangor, Sumedang",2026-08-03,32.11.15.2002,Hegarmanah,kecamatan,yes,-6.938,107.7556,Asia/Jakarta,"BMKG representative point: Hegarmanah, Kecamatan Jatinangor",03-08-2026,UKMO,Open-Meteo / UK Met Office,02:00,2026-08-03 02:00:00,18.6,99.0,0.0,5.4,0.0,1.3288,Cerah,wmo:0
jatinangor,"Jatinangor, Sumedang",2026-08-03,32.11.15.2002,Hegarmanah,kecamatan,yes,-6.938,107.7556,Asia/Jakarta,"BMKG representative point: Hegarmanah, Kecamatan Jatinangor",03-08-2026,UKMO,Open-Meteo / UK Met Office,03:00,2026-08-03 03:00:00,18.2,99.0,0.0,5.0,0.0,1.3288,Cerah,wmo:0
jatinangor,"Jatinangor, Sumedang",2026-08-03,32.11.15.2002,Hegarmanah,kecamatan,yes,-6.938,107.7556,Asia/Jakarta,"BMKG representative point: Hegarmanah, Kecamatan Jatinangor",03-08-2026,UKMO,Open-Meteo / UK Met Office,04:00,2026-08-03 04:00:00,17.6,99.0,0.0,4.0,0.0,1.3288,Cerah,wmo:0
jatinangor,"Jatinangor, Sumedang",2026-08-03,32.11.15.2002,Hegarmanah,kecamatan,yes,-6.938,107.7556,Asia/Jakarta,"BMKG representative point: Hegarmanah, Kecamatan Jatinangor",03-08-2026,UKMO,Open-Meteo / UK Met Office,05:00,2026-08-03 05:00:00,17.7,100,0.0,5.8,0.0,1.3288,Cerah,wmo:0
jatinangor,"Jatinangor, Sumedang",2026-08-03,32.11.15.2002,Hegarmanah,kecamatan,yes,-6.938,107.7556,Asia/Jakarta,"BMKG representative point: Hegarmanah, Kecamatan Jatinangor",03-08-2026,UKMO,Open-Meteo / UK Met Office,06:00,2026-08-03 06:00:00,17.8,100,0.0,5.8,0.0,1.3288,Cerah,wmo:0
jatinangor,"Jatinangor, Sumedang",2026-08-03,32.11.15.2002,Hegarmanah,kecamatan,yes,-6.938,107.7556,Asia/Jakarta,"BMKG representative point: Hegarmanah, Kecamatan Jatinangor",03-08-2026,UKMO,Open-Meteo / UK Met Office,07:00,2026-08-03 07:00:00,19.6,98.0,0.0,3.2,0.0,1.3288,Cerah,wmo:0
jatinangor,"Jatinangor, Sumedang",2026-08-03,32.11.15.2002,Hegarmanah,kecamatan,yes,-6.938,107.7556,Asia/Jakarta,"BMKG representative point: Hegarmanah, Kecamatan Jatinangor",03-08-2026,UKMO,Open-Meteo / UK Met Office,08:00,2026-08-03 08:00:00,22.2,91.0,0.0,0.7,0.0,1.3288,Cerah,wmo:0
jatinangor,"Jatinangor, Sumedang",2026-08-03,32.11.15.2002,Hegarmanah,kecamatan,yes,-6.938,107.7556,Asia/Jakarta,"BMKG representative point: Hegarmanah, Kecamatan Jatinangor",03-08-2026,UKMO,Open-Meteo / UK Met Office,09:00,2026-08-03 09:00:00,24.1,82.0,0.0,1.4,0.0,1.3288,Cerah Berawan,wmo:1
jatinangor,"Jatinangor, Sumedang",2026-08-03,32.11.15.2002,Hegarmanah,kecamatan,yes,-6.938,107.7556,Asia/Jakarta,"BMKG representative point: Hegarmanah, Kecamatan Jatinangor",03-08-2026,UKMO,Open-Meteo / UK Met Office,10:00,2026-08-03 10:00:00,25.4,75.0,0.0,0.7,0.0,1.3288,Cerah Berawan,wmo:1
jatinangor,"Jatinangor, Sumedang",2026-08-03,32.11.15.2002,Hegarmanah,kecamatan,yes,-6.938,107.7556,Asia/Jakarta,"BMKG representative point: Hegarmanah, Kecamatan Jatinangor",03-08-2026,UKMO,Open-Meteo / UK Met Office,11:00,2026-08-03 11:00:00,26.6,67.0,0.0,1.1,0.0,1.3288,Cerah Berawan,wmo:1
jatinangor,"Jatinangor, Sumedang",2026-08-03,32.11.15.2002,Hegarmanah,kecamatan,yes,-6.938,107.7556,Asia/Jakarta,"BMKG representative point: Hegarmanah, Kecamatan Jatinangor",03-08-2026,UKMO,Open-Meteo / UK Met Office,12:00,2026-08-03 12:00:00,27.7,61.0,0.0,5.8,0.0,1.3288,Cerah Berawan,wmo:1
jatinangor,"Jatinangor, Sumedang",2026-08-03,32.11.15.2002,Hegarmanah,kecamatan,yes,-6.938,107.7556,Asia/Jakarta,"BMKG representative point: Hegarmanah, Kecamatan Jatinangor",03-08-2026,UKMO,Open-Meteo / UK Met Office,13:00,2026-08-03 13:00:00,28.7,55.0,0.0,6.1,0.0,1.3288,Cerah Berawan,wmo:1
jatinangor,"Jatinangor, Sumedang",2026-08-03,32.11.15.2002,Hegarmanah,kecamatan,yes,-6.938,107.7556,Asia/Jakarta,"BMKG representative point: Hegarmanah, Kecamatan Jatinangor",03-08-2026,UKMO,Open-Meteo / UK Met Office,14:00,2026-08-03 14:00:00,27.3,64.0,0.1,9.0,0.0,1.3288,Hujan Ringan,wmo:51
jatinangor,"Jatinangor, Sumedang",2026-08-03,32.11.15.2002,Hegarmanah,kecamatan,yes,-6.938,107.7556,Asia/Jakarta,"BMKG representative point: Hegarmanah, Kecamatan Jatinangor",03-08-2026,UKMO,Open-Meteo / UK Met Office,15:00,2026-08-03 15:00:00,27.2,64.0,0.1,11.5,0.0,1.3288,Hujan Ringan,wmo:51
jatinangor,"Jatinangor, Sumedang",2026-08-03,32.11.15.2002,Hegarmanah,kecamatan,yes,-6.938,107.7556,Asia/Jakarta,"BMKG representative point: Hegarmanah, Kecamatan Jatinangor",03-08-2026,UKMO,Open-Meteo / UK Met Office,16:00,2026-08-03 16:00:00,25.7,70.0,0.2,13.3,0.0,1.3288,Hujan Ringan,wmo:51
jatinangor,"Jatinangor, Sumedang",2026-08-03,32.11.15.2002,Hegarmanah,kecamatan,yes,-6.938,107.7556,Asia/Jakarta,"BMKG representative point: Hegarmanah, Kecamatan Jatinangor",03-08-2026,UKMO,Open-Meteo / UK Met Office,17:00,2026-08-03 17:00:00,24.4,72.0,0.0,12.2,0.0,1.3288,Cerah,wmo:0
jatinangor,"Jatinangor, Sumedang",2026-08-03,32.11.15.2002,Hegarmanah,kecamatan,yes,-6.938,107.7556,Asia/Jakarta,"BMKG representative point: Hegarmanah, Kecamatan Jatinangor",03-08-2026,UKMO,Open-Meteo / UK Met Office,18:00,2026-08-03 18:00:00,23.0,76.0,0.0,10.4,0.0,1.3288,Cerah,wmo:0
jatinangor,"Jatinangor, Sumedang",2026-08-03,32.11.15.2002,Hegarmanah,kecamatan,yes,-6.938,107.7556,Asia/Jakarta,"BMKG representative point: Hegarmanah, Kecamatan Jatinangor",03-08-2026,UKMO,Open-Meteo / UK Met Office,19:00,2026-08-03 19:00:00,21.8,83.0,0.0,7.6,0.0,1.3288,Cerah,wmo:0
jatinangor,"Jatinangor, Sumedang",2026-08-03,32.11.15.2002,Hegarmanah,kecamatan,yes,-6.938,107.7556,Asia/Jakarta,"BMKG representative point: Hegarmanah, Kecamatan Jatinangor",03-08-2026,UKMO,Open-Meteo / UK Met Office,20:00,2026-08-03 20:00:00,20.7,90.0,0.0,6.5,0.0,1.3288,Cerah,wmo:0
jatinangor,"Jatinangor, Sumedang",2026-08-03,32.11.15.2002,Hegarmanah,kecamatan,yes,-6.938,107.7556,Asia/Jakarta,"BMKG representative point: Hegarmanah, Kecamatan Jatinangor",03-08-2026,UKMO,Open-Meteo / UK Met Office,21:00,2026-08-03 21:00:00,20.0,94.0,0.0,5.8,0.0,1.3288,Cerah,wmo:0
jatinangor,"Jatinangor, Sumedang",2026-08-03,32.11.15.2002,Hegarmanah,kecamatan,yes,-6.938,107.7556,Asia/Jakarta,"BMKG representative point: Hegarmanah, Kecamatan Jatinangor",03-08-2026,UKMO,Open-Meteo / UK Met Office,22:00,2026-08-03 22:00:00,19.3,98.0,0.0,5.8,0.0,1.3288,Cerah Berawan,wmo:2
jatinangor,"Jatinangor, Sumedang",2026-08-03,32.11.15.2002,Hegarmanah,kecamatan,yes,-6.938,107.7556,Asia/Jakarta,"BMKG representative point: Hegarmanah, Kecamatan Jatinangor",03-08-2026,UKMO,Open-Meteo / UK Met Office,23:00,2026-08-03 23:00:00,19.8,100,0.0,5.4,0.0,1.3288,Cerah Berawan,wmo:1
jatinangor,"Jatinangor, Sumedang",2026-08-04,32.11.15.2002,Hegarmanah,kecamatan,yes,-6.938,107.7556,Asia/Jakarta,"BMKG representative point: Hegarmanah, Kecamatan Jatinangor",04-08-2026,BMKG,BMKG,00:00,2026-08-04 01:00:00,19.0,95.0,0.0,1.4,60.0,1.35,Cerah,Cerah
jatinangor,"Jatinangor, Sumedang",2026-08-04,32.11.15.2002,Hegarmanah,kecamatan,yes,-6.938,107.7556,Asia/Jakarta,"BMKG representative point: Hegarmanah, Kecamatan Jatinangor",04-08-2026,BMKG,BMKG,01:00,2026-08-04 01:00:00,19.0,95.0,0.0,1.4,0.0,1.8001,Cerah,Cerah
jatinangor,"Jatinangor, Sumedang",2026-08-04,32.11.15.2002,Hegarmanah,kecamatan,yes,-6.938,107.7556,Asia/Jakarta,"BMKG representative point: Hegarmanah, Kecamatan Jatinangor",04-08-2026,BMKG,BMKG,02:00,2026-08-04 01:00:00,19.0,95.0,0.0,1.4,60.0,1.35,Cerah,Cerah
jatinangor,"Jatinangor, Sumedang",2026-08-04,32.11.15.2002,Hegarmanah,kecamatan,yes,-6.938,107.7556,Asia/Jakarta,"BMKG representative point: Hegarmanah, Kecamatan Jatinangor",04-08-2026,BMKG,BMKG,03:00,2026-08-04 04:00:00,18.0,99.0,0.0,2.1,60.0,1.35,Berawan,Berawan
jatinangor,"Jatinangor, Sumedang",2026-08-04,32.11.15.2002,Hegarmanah,kecamatan,yes,-6.938,107.7556,Asia/Jakarta,"BMKG representative point: Hegarmanah, Kecamatan Jatinangor",04-08-2026,BMKG,BMKG,04:00,2026-08-04 04:00:00,18.0,99.0,0.0,2.1,0.0,1.8001,Berawan,Berawan
jatinangor,"Jatinangor, Sumedang",2026-08-04,32.11.15.2002,Hegarmanah,kecamatan,yes,-6.938,107.7556,Asia/Jakarta,"BMKG representative point: Hegarmanah, Kecamatan Jatinangor",04-08-2026,BMKG,BMKG,05:00,2026-08-04 04:00:00,18.0,99.0,0.0,2.1,60.0,1.35,Berawan,Berawan
jatinangor,"Jatinangor, Sumedang",2026-08-04,32.11.15.2002,Hegarmanah,kecamatan,yes,-6.938,107.7556,Asia/Jakarta,"BMKG representative point: Hegarmanah, Kecamatan Jatinangor",04-08-2026,BMKG,BMKG,06:00,2026-08-04 07:00:00,23.0,85.0,0.0,2.6,60.0,1.35,Cerah,Cerah
jatinangor,"Jatinangor, Sumedang",2026-08-04,32.11.15.2002,Hegarmanah,kecamatan,yes,-6.938,107.7556,Asia/Jakarta,"BMKG representative point: Hegarmanah, Kecamatan Jatinangor",04-08-2026,BMKG,BMKG,07:00,2026-08-04 07:00:00,23.0,85.0,0.0,2.6,0.0,1.8001,Cerah,Cerah
jatinangor,"Jatinangor, Sumedang",2026-08-04,32.11.15.2002,Hegarmanah,kecamatan,yes,-6.938,107.7556,Asia/Jakarta,"BMKG representative point: Hegarmanah, Kecamatan Jatinangor",04-08-2026,BMKG,BMKG,08:00,2026-08-04 07:00:00,23.0,85.0,0.0,2.6,60.0,1.35,Cerah,Cerah
jatinangor,"Jatinangor, Sumedang",2026-08-04,32.11.15.2002,Hegarmanah,kecamatan,yes,-6.938,107.7556,Asia/Jakarta,"BMKG representative point: Hegarmanah, Kecamatan Jatinangor",04-08-2026,BMKG,BMKG,09:00,2026-08-04 10:00:00,29.0,48.0,0.0,4.0,60.0,1.35,Cerah,Cerah
jatinangor,"Jatinangor, Sumedang",2026-08-04,32.11.15.2002,Hegarmanah,kecamatan,yes,-6.938,107.7556,Asia/Jakarta,"BMKG representative point: Hegarmanah, Kecamatan Jatinangor",04-08-2026,BMKG,BMKG,10:00,2026-08-04 10:00:00,29.0,48.0,0.0,4.0,0.0,1.8001,Cerah,Cerah
jatinangor,"Jatinangor, Sumedang",2026-08-04,32.11.15.2002,Hegarmanah,kecamatan,yes,-6.938,107.7556,Asia/Jakarta,"BMKG representative point: Hegarmanah, Kecamatan Jatinangor",04-08-2026,BMKG,BMKG,11:00,2026-08-04 10:00:00,29.0,48.0,0.0,4.0,60.0,1.35,Cerah,Cerah
jatinangor,"Jatinangor, Sumedang",2026-08-04,32.11.15.2002,Hegarmanah,kecamatan,yes,-6.938,107.7556,Asia/Jakarta,"BMKG representative point: Hegarmanah, Kecamatan Jatinangor",04-08-2026,BMKG,BMKG,12:00,2026-08-04 13:00:00,31.0,41.0,0.0,4.0,60.0,1.35,Cerah,Cerah
jatinangor,"Jatinangor, Sumedang",2026-08-04,32.11.15.2002,Hegarmanah,kecamatan,yes,-6.938,107.7556,Asia/Jakarta,"BMKG representative point: Hegarmanah, Kecamatan Jatinangor",04-08-2026,BMKG,BMKG,13:00,2026-08-04 13:00:00,31.0,41.0,0.0,4.0,0.0,1.8001,Cerah,Cerah
jatinangor,"Jatinangor, Sumedang",2026-08-04,32.11.15.2002,Hegarmanah,kecamatan,yes,-6.938,107.7556,Asia/Jakarta,"BMKG representative point: Hegarmanah, Kecamatan Jatinangor",04-08-2026,BMKG,BMKG,14:00,2026-08-04 13:00:00,31.0,41.0,0.0,4.0,60.0,1.35,Cerah,Cerah
jatinangor,"Jatinangor, Sumedang",2026-08-04,32.11.15.2002,Hegarmanah,kecamatan,yes,-6.938,107.7556,Asia/Jakarta,"BMKG representative point: Hegarmanah, Kecamatan Jatinangor",04-08-2026,BMKG,BMKG,15:00,2026-08-04 16:00:00,25.0,70.0,0.0,2.0,60.0,1.35,Berawan,Berawan
jatinangor,"Jatinangor, Sumedang",2026-08-04,32.11.15.2002,Hegarmanah,kecamatan,yes,-6.938,107.7556,Asia/Jakarta,"BMKG representative point: Hegarmanah, Kecamatan Jatinangor",04-08-2026,BMKG,BMKG,16:00,2026-08-04 16:00:00,25.0,70.0,0.0,2.0,0.0,1.8001,Berawan,Berawan
jatinangor,"Jatinangor, Sumedang",2026-08-04,32.11.15.2002,Hegarmanah,kecamatan,yes,-6.938,107.7556,Asia/Jakarta,"BMKG representative point: Hegarmanah, Kecamatan Jatinangor",04-08-2026,BMKG,BMKG,17:00,2026-08-04 16:00:00,25.0,70.0,0.0,2.0,60.0,1.35,Berawan,Berawan
jatinangor,"Jatinangor, Sumedang",2026-08-04,32.11.15.2002,Hegarmanah,kecamatan,yes,-6.938,107.7556,Asia/Jakarta,"BMKG representative point: Hegarmanah, Kecamatan Jatinangor",04-08-2026,BMKG,BMKG,18:00,2026-08-04 19:00:00,21.0,85.0,0.0,2.0,60.0,1.35,Cerah,Cerah
jatinangor,"Jatinangor, Sumedang",2026-08-04,32.11.15.2002,Hegarmanah,kecamatan,yes,-6.938,107.7556,Asia/Jakarta,"BMKG representative point: Hegarmanah, Kecamatan Jatinangor",04-08-2026,BMKG,BMKG,19:00,2026-08-04 19:00:00,21.0,85.0,0.0,2.0,0.0,1.8001,Cerah,Cerah
jatinangor,"Jatinangor, Sumedang",2026-08-04,32.11.15.2002,Hegarmanah,kecamatan,yes,-6.938,107.7556,Asia/Jakarta,"BMKG representative point: Hegarmanah, Kecamatan Jatinangor",04-08-2026,BMKG,BMKG,20:00,2026-08-04 19:00:00,21.0,85.0,0.0,2.0,60.0,1.35,Cerah,Cerah
jatinangor,"Jatinangor, Sumedang",2026-08-04,32.11.15.2002,Hegarmanah,kecamatan,yes,-6.938,107.7556,Asia/Jakarta,"BMKG representative point: Hegarmanah, Kecamatan Jatinangor",04-08-2026,BMKG,BMKG,21:00,2026-08-04 22:00:00,20.0,90.0,0.0,0.9,60.0,1.35,Cerah Berawan,Cerah Berawan
jatinangor,"Jatinangor, Sumedang",2026-08-04,32.11.15.2002,Hegarmanah,kecamatan,yes,-6.938,107.7556,Asia/Jakarta,"BMKG representative point: Hegarmanah, Kecamatan Jatinangor",04-08-2026,BMKG,BMKG,22:00,2026-08-04 22:00:00,20.0,90.0,0.0,0.9,0.0,1.8001,Cerah Berawan,Cerah Berawan
jatinangor,"Jatinangor, Sumedang",2026-08-04,32.11.15.2002,Hegarmanah,kecamatan,yes,-6.938,107.7556,Asia/Jakarta,"BMKG representative point: Hegarmanah, Kecamatan Jatinangor",04-08-2026,BMKG,BMKG,23:00,2026-08-04 22:00:00,20.0,90.0,0.0,0.9,60.0,1.35,Cerah Berawan,Cerah Berawan
jatinangor,"Jatinangor, Sumedang",2026-08-04,32.11.15.2002,Hegarmanah,kecamatan,yes,-6.938,107.7556,Asia/Jakarta,"BMKG representative point: Hegarmanah, Kecamatan Jatinangor",04-08-2026,CMA,Open-Meteo / CMA GRAPES,00:00,2026-08-04 00:00:00,22.8,96.0,0.1,5.8,0.0,1.1673,Hujan Ringan,wmo:51
jatinangor,"Jatinangor, Sumedang",2026-08-04,32.11.15.2002,Hegarmanah,kecamatan,yes,-6.938,107.7556,Asia/Jakarta,"BMKG representative point: Hegarmanah, Kecamatan Jatinangor",04-08-2026,CMA,Open-Meteo / CMA GRAPES,01:00,2026-08-04 01:00:00,22.5,96.0,0.1,6.1,0.0,1.1673,Hujan Ringan,wmo:51
jatinangor,"Jatinangor, Sumedang",2026-08-04,32.11.15.2002,Hegarmanah,kecamatan,yes,-6.938,107.7556,Asia/Jakarta,"BMKG representative point: Hegarmanah, Kecamatan Jatinangor",04-08-2026,CMA,Open-Meteo / CMA GRAPES,02:00,2026-08-04 02:00:00,21.9,96.0,0.0,5.5,0.0,1.1673,Cerah Berawan,wmo:1
jatinangor,"Jatinangor, Sumedang",2026-08-04,32.11.15.2002,Hegarmanah,kecamatan,yes,-6.938,107.7556,Asia/Jakarta,"BMKG representative point: Hegarmanah, Kecamatan Jatinangor",04-08-2026,CMA,Open-Meteo / CMA GRAPES,03:00,2026-08-04 03:00:00,21.2,95.0,0.0,4.5,0.0,1.1673,Cerah Berawan,wmo:1
jatinangor,"Jatinangor, Sumedang",2026-08-04,32.11.15.2002,Hegarmanah,kecamatan,yes,-6.938,107.7556,Asia/Jakarta,"BMKG representative point: Hegarmanah, Kecamatan Jatinangor",04-08-2026,CMA,Open-Meteo / CMA GRAPES,04:00,2026-08-04 04:00:00,20.9,94.0,0.0,3.8,0.0,1.1673,Cerah,wmo:0
jatinangor,"Jatinangor, Sumedang",2026-08-04,32.11.15.2002,Hegarmanah,kecamatan,yes,-6.938,107.7556,Asia/Jakarta,"BMKG representative point: Hegarmanah, Kecamatan Jatinangor",04-08-2026,CMA,Open-Meteo / CMA GRAPES,05:00,2026-08-04 05:00:00,21.1,91.0,0.0,3.8,0.0,1.1673,Cerah,wmo:0
jatinangor,"Jatinangor, Sumedang",2026-08-04,32.11.15.2002,Hegarmanah,kecamatan,yes,-6.938,107.7556,Asia/Jakarta,"BMKG representative point: Hegarmanah, Kecamatan Jatinangor",04-08-2026,CMA,Open-Meteo / CMA GRAPES,06:00,2026-08-04 06:00:00,21.6,87.0,0.0,4.3,0.0,1.1673,Cerah,wmo:0
jatinangor,"Jatinangor, Sumedang",2026-08-04,32.11.15.2002,Hegarmanah,kecamatan,yes,-6.938,107.7556,Asia/Jakarta,"BMKG representative point: Hegarmanah, Kecamatan Jatinangor",04-08-2026,CMA,Open-Meteo / CMA GRAPES,07:00,2026-08-04 07:00:00,22.4,83.0,0.0,3.6,0.0,1.1673,Cerah,wmo:0
jatinangor,"Jatinangor, Sumedang",2026-08-04,32.11.15.2002,Hegarmanah,kecamatan,yes,-6.938,107.7556,Asia/Jakarta,"BMKG representative point: Hegarmanah, Kecamatan Jatinangor",04-08-2026,CMA,Open-Meteo / CMA GRAPES,08:00,2026-08-04 08:00:00,23.3,79.0,0.0,1.3,0.0,1.1673,Cerah,wmo:0
jatinangor,"Jatinangor, Sumedang",2026-08-04,32.11.15.2002,Hegarmanah,kecamatan,yes,-6.938,107.7556,Asia/Jakarta,"BMKG representative point: Hegarmanah, Kecamatan Jatinangor",04-08-2026,CMA,Open-Meteo / CMA GRAPES,09:00,2026-08-04 09:00:00,24.5,75.0,0.0,4.3,0.0,1.1673,Cerah,wmo:0
jatinangor,"Jatinangor, Sumedang",2026-08-04,32.11.15.2002,Hegarmanah,kecamatan,yes,-6.938,107.7556,Asia/Jakarta,"BMKG representative point: Hegarmanah, Kecamatan Jatinangor",04-08-2026,CMA,Open-Meteo / CMA GRAPES,10:00,2026-08-04 10:00:00,25.5,70.0,0.0,7.7,0.0,1.1673,Cerah,wmo:0
jatinangor,"Jatinangor, Sumedang",2026-08-04,32.11.15.2002,Hegarmanah,kecamatan,yes,-6.938,107.7556,Asia/Jakarta,"BMKG representative point: Hegarmanah, Kecamatan Jatinangor",04-08-2026,CMA,Open-Meteo / CMA GRAPES,11:00,2026-08-04 11:00:00,26.4,63.0,0.0,8.4,0.0,1.1673,Cerah,wmo:0
jatinangor,"Jatinangor, Sumedang",2026-08-04,32.11.15.2002,Hegarmanah,kecamatan,yes,-6.938,107.7556,Asia/Jakarta,"BMKG representative point: Hegarmanah, Kecamatan Jatinangor",04-08-2026,CMA,Open-Meteo / CMA GRAPES,12:00,2026-08-04 12:00:00,27.2,55.0,0.0,8.4,0.0,1.1673,Cerah,wmo:0
jatinangor,"Jatinangor, Sumedang",2026-08-04,32.11.15.2002,Hegarmanah,kecamatan,yes,-6.938,107.7556,Asia/Jakarta,"BMKG representative point: Hegarmanah, Kecamatan Jatinangor",04-08-2026,CMA,Open-Meteo / CMA GRAPES,13:00,2026-08-04 13:00:00,27.7,51.0,0.0,8.8,0.0,1.1673,Cerah,wmo:0
jatinangor,"Jatinangor, Sumedang",2026-08-04,32.11.15.2002,Hegarmanah,kecamatan,yes,-6.938,107.7556,Asia/Jakarta,"BMKG representative point: Hegarmanah, Kecamatan Jatinangor",04-08-2026,CMA,Open-Meteo / CMA GRAPES,14:00,2026-08-04 14:00:00,27.9,52.0,0.0,11.2,0.0,1.1673,Cerah,wmo:0
jatinangor,"Jatinangor, Sumedang",2026-08-04,32.11.15.2002,Hegarmanah,kecamatan,yes,-6.938,107.7556,Asia/Jakarta,"BMKG representative point: Hegarmanah, Kecamatan Jatinangor",04-08-2026,CMA,Open-Meteo / CMA GRAPES,15:00,2026-08-04 15:00:00,27.9,55.0,0.0,14.0,0.0,1.1673,Cerah Berawan,wmo:1
jatinangor,"Jatinangor, Sumedang",2026-08-04,32.11.15.2002,Hegarmanah,kecamatan,yes,-6.938,107.7556,Asia/Jakarta,"BMKG representative point: Hegarmanah, Kecamatan Jatinangor",04-08-2026,CMA,Open-Meteo / CMA GRAPES,16:00,2026-08-04 16:00:00,27.5,61.0,0.0,14.8,0.0,1.1673,Cerah Berawan,wmo:1
jatinangor,"Jatinangor, Sumedang",2026-08-04,32.11.15.2002,Hegarmanah,kecamatan,yes,-6.938,107.7556,Asia/Jakarta,"BMKG representative point: Hegarmanah, Kecamatan Jatinangor",04-08-2026,CMA,Open-Meteo / CMA GRAPES,17:00,2026-08-04 17:00:00,26.1,69.0,0.1,12.1,0.0,1.1673,Hujan Ringan,wmo:51
jatinangor,"Jatinangor, Sumedang",2026-08-04,32.11.15.2002,Hegarmanah,kecamatan,yes,-6.938,107.7556,Asia/Jakarta,"BMKG representative point: Hegarmanah, Kecamatan Jatinangor",04-08-2026,CMA,Open-Meteo / CMA GRAPES,18:00,2026-08-04 18:00:00,24.4,79.0,0.1,7.7,0.0,1.1673,Hujan Ringan,wmo:51
jatinangor,"Jatinangor, Sumedang",2026-08-04,32.11.15.2002,Hegarmanah,kecamatan,yes,-6.938,107.7556,Asia/Jakarta,"BMKG representative point: Hegarmanah, Kecamatan Jatinangor",04-08-2026,CMA,Open-Meteo / CMA GRAPES,19:00,2026-08-04 19:00:00,23.0,87.0,0.1,5.2,0.0,1.1673,Hujan Ringan,wmo:51
jatinangor,"Jatinangor, Sumedang",2026-08-04,32.11.15.2002,Hegarmanah,kecamatan,yes,-6.938,107.7556,Asia/Jakarta,"BMKG representative point: Hegarmanah, Kecamatan Jatinangor",04-08-2026,CMA,Open-Meteo / CMA GRAPES,20:00,2026-08-04 20:00:00,22.6,90.0,0.0,3.3,0.0,1.1673,Cerah Berawan,wmo:1
jatinangor,"Jatinangor, Sumedang",2026-08-04,32.11.15.2002,Hegarmanah,kecamatan,yes,-6.938,107.7556,Asia/Jakarta,"BMKG representative point: Hegarmanah, Kecamatan Jatinangor",04-08-2026,CMA,Open-Meteo / CMA GRAPES,21:00,2026-08-04 21:00:00,22.7,92.0,0.0,1.8,0.0,1.1673,Cerah Berawan,wmo:1
jatinangor,"Jatinangor, Sumedang",2026-08-04,32.11.15.2002,Hegarmanah,kecamatan,yes,-6.938,107.7556,Asia/Jakarta,"BMKG representative point: Hegarmanah, Kecamatan Jatinangor",04-08-2026,CMA,Open-Meteo / CMA GRAPES,22:00,2026-08-04 22:00:00,22.8,92.0,0.0,1.3,0.0,1.1673,Cerah Berawan,wmo:2
jatinangor,"Jatinangor, Sumedang",2026-08-04,32.11.15.2002,Hegarmanah,kecamatan,yes,-6.938,107.7556,Asia/Jakarta,"BMKG representative point: Hegarmanah, Kecamatan Jatinangor",04-08-2026,CMA,Open-Meteo / CMA GRAPES,23:00,2026-08-04 23:00:00,22.8,92.0,0.0,1.6,0.0,1.1673,Cerah Berawan,wmo:2
jatinangor,"Jatinangor, Sumedang",2026-08-04,32.11.15.2002,Hegarmanah,kecamatan,yes,-6.938,107.7556,Asia/Jakarta,"BMKG representative point: Hegarmanah, Kecamatan Jatinangor",04-08-2026,ECMWF,Open-Meteo / ECMWF,00:00,2026-08-04 00:00:00,21.1,93.0,0.0,0.5,0.0,1.7366,Cerah,wmo:0
jatinangor,"Jatinangor, Sumedang",2026-08-04,32.11.15.2002,Hegarmanah,kecamatan,yes,-6.938,107.7556,Asia/Jakarta,"BMKG representative point: Hegarmanah, Kecamatan Jatinangor",04-08-2026,ECMWF,Open-Meteo / ECMWF,01:00,2026-08-04 01:00:00,20.7,94.0,0.0,0.5,0.0,1.7366,Cerah,wmo:0
jatinangor,"Jatinangor, Sumedang",2026-08-04,32.11.15.2002,Hegarmanah,kecamatan,yes,-6.938,107.7556,Asia/Jakarta,"BMKG representative point: Hegarmanah, Kecamatan Jatinangor",04-08-2026,ECMWF,Open-Meteo / ECMWF,02:00,2026-08-04 02:00:00,20.4,95.0,0.0,0.4,0.0,1.7366,Cerah Berawan,wmo:1
jatinangor,"Jatinangor, Sumedang",2026-08-04,32.11.15.2002,Hegarmanah,kecamatan,yes,-6.938,107.7556,Asia/Jakarta,"BMKG representative point: Hegarmanah, Kecamatan Jatinangor",04-08-2026,ECMWF,Open-Meteo / ECMWF,03:00,2026-08-04 03:00:00,20.1,97.0,0.0,1.3,0.0,1.7366,Cerah Berawan,wmo:2
jatinangor,"Jatinangor, Sumedang",2026-08-04,32.11.15.2002,Hegarmanah,kecamatan,yes,-6.938,107.7556,Asia/Jakarta,"BMKG representative point: Hegarmanah, Kecamatan Jatinangor",04-08-2026,ECMWF,Open-Meteo / ECMWF,04:00,2026-08-04 04:00:00,20.0,97.0,0.0,1.9,0.0,1.7366,Berawan,wmo:3
jatinangor,"Jatinangor, Sumedang",2026-08-04,32.11.15.2002,Hegarmanah,kecamatan,yes,-6.938,107.7556,Asia/Jakarta,"BMKG representative point: Hegarmanah, Kecamatan Jatinangor",04-08-2026,ECMWF,Open-Meteo / ECMWF,05:00,2026-08-04 05:00:00,19.7,97.0,0.0,2.6,0.0,1.7366,Berawan,wmo:3
jatinangor,"Jatinangor, Sumedang",2026-08-04,32.11.15.2002,Hegarmanah,kecamatan,yes,-6.938,107.7556,Asia/Jakarta,"BMKG representative point: Hegarmanah, Kecamatan Jatinangor",04-08-2026,ECMWF,Open-Meteo / ECMWF,06:00,2026-08-04 06:00:00,19.6,97.0,0.0,3.4,0.0,1.7366,Berawan,wmo:3
jatinangor,"Jatinangor, Sumedang",2026-08-04,32.11.15.2002,Hegarmanah,kecamatan,yes,-6.938,107.7556,Asia/Jakarta,"BMKG representative point: Hegarmanah, Kecamatan Jatinangor",04-08-2026,ECMWF,Open-Meteo / ECMWF,07:00,2026-08-04 07:00:00,20.1,93.0,0.0,3.9,0.0,1.7366,Berawan,wmo:3
jatinangor,"Jatinangor, Sumedang",2026-08-04,32.11.15.2002,Hegarmanah,kecamatan,yes,-6.938,107.7556,Asia/Jakarta,"BMKG representative point: Hegarmanah, Kecamatan Jatinangor",04-08-2026,ECMWF,Open-Meteo / ECMWF,08:00,2026-08-04 08:00:00,21.9,83.0,0.0,3.6,0.0,1.7366,Cerah Berawan,wmo:2
jatinangor,"Jatinangor, Sumedang",2026-08-04,32.11.15.2002,Hegarmanah,kecamatan,yes,-6.938,107.7556,Asia/Jakarta,"BMKG representative point: Hegarmanah, Kecamatan Jatinangor",04-08-2026,ECMWF,Open-Meteo / ECMWF,09:00,2026-08-04 09:00:00,24.3,70.0,0.0,3.6,0.0,1.7366,Cerah Berawan,wmo:1
jatinangor,"Jatinangor, Sumedang",2026-08-04,32.11.15.2002,Hegarmanah,kecamatan,yes,-6.938,107.7556,Asia/Jakarta,"BMKG representative point: Hegarmanah, Kecamatan Jatinangor",04-08-2026,ECMWF,Open-Meteo / ECMWF,10:00,2026-08-04 10:00:00,26.5,58.0,0.0,3.5,0.0,1.7366,Cerah,wmo:0
jatinangor,"Jatinangor, Sumedang",2026-08-04,32.11.15.2002,Hegarmanah,kecamatan,yes,-6.938,107.7556,Asia/Jakarta,"BMKG representative point: Hegarmanah, Kecamatan Jatinangor",04-08-2026,ECMWF,Open-Meteo / ECMWF,11:00,2026-08-04 11:00:00,28.2,49.0,0.0,2.9,0.0,1.7366,Cerah,wmo:0
jatinangor,"Jatinangor, Sumedang",2026-08-04,32.11.15.2002,Hegarmanah,kecamatan,yes,-6.938,107.7556,Asia/Jakarta,"BMKG representative point: Hegarmanah, Kecamatan Jatinangor",04-08-2026,ECMWF,Open-Meteo / ECMWF,12:00,2026-08-04 12:00:00,29.6,43.0,0.0,1.6,0.0,1.7366,Cerah,wmo:0
jatinangor,"Jatinangor, Sumedang",2026-08-04,32.11.15.2002,Hegarmanah,kecamatan,yes,-6.938,107.7556,Asia/Jakarta,"BMKG representative point: Hegarmanah, Kecamatan Jatinangor",04-08-2026,ECMWF,Open-Meteo / ECMWF,13:00,2026-08-04 13:00:00,30.4,39.0,0.0,2.6,0.0,1.7366,Cerah,wmo:0
jatinangor,"Jatinangor, Sumedang",2026-08-04,32.11.15.2002,Hegarmanah,kecamatan,yes,-6.938,107.7556,Asia/Jakarta,"BMKG representative point: Hegarmanah, Kecamatan Jatinangor",04-08-2026,ECMWF,Open-Meteo / ECMWF,14:00,2026-08-04 14:00:00,30.3,39.0,0.0,5.6,0.0,1.7366,Cerah Berawan,wmo:1
jatinangor,"Jatinangor, Sumedang",2026-08-04,32.11.15.2002,Hegarmanah,kecamatan,yes,-6.938,107.7556,Asia/Jakarta,"BMKG representative point: Hegarmanah, Kecamatan Jatinangor",04-08-2026,ECMWF,Open-Meteo / ECMWF,15:00,2026-08-04 15:00:00,29.6,43.0,0.0,9.3,0.0,1.7366,Cerah Berawan,wmo:2
jatinangor,"Jatinangor, Sumedang",2026-08-04,32.11.15.2002,Hegarmanah,kecamatan,yes,-6.938,107.7556,Asia/Jakarta,"BMKG representative point: Hegarmanah, Kecamatan Jatinangor",04-08-2026,ECMWF,Open-Meteo / ECMWF,16:00,2026-08-04 16:00:00,28.6,48.0,0.0,10.9,0.0,1.7366,Berawan,wmo:3
jatinangor,"Jatinangor, Sumedang",2026-08-04,32.11.15.2002,Hegarmanah,kecamatan,yes,-6.938,107.7556,Asia/Jakarta,"BMKG representative point: Hegarmanah, Kecamatan Jatinangor",04-08-2026,ECMWF,Open-Meteo / ECMWF,17:00,2026-08-04 17:00:00,27.3,55.0,0.0,8.6,0.0,1.7366,Berawan,wmo:3
jatinangor,"Jatinangor, Sumedang",2026-08-04,32.11.15.2002,Hegarmanah,kecamatan,yes,-6.938,107.7556,Asia/Jakarta,"BMKG representative point: Hegarmanah, Kecamatan Jatinangor",04-08-2026,ECMWF,Open-Meteo / ECMWF,18:00,2026-08-04 18:00:00,25.8,63.0,0.0,4.7,0.0,1.7366,Cerah Berawan,wmo:2
jatinangor,"Jatinangor, Sumedang",2026-08-04,32.11.15.2002,Hegarmanah,kecamatan,yes,-6.938,107.7556,Asia/Jakarta,"BMKG representative point: Hegarmanah, Kecamatan Jatinangor",04-08-2026,ECMWF,Open-Meteo / ECMWF,19:00,2026-08-04 19:00:00,24.5,70.0,0.0,2.6,0.0,1.7366,Cerah Berawan,wmo:2
jatinangor,"Jatinangor, Sumedang",2026-08-04,32.11.15.2002,Hegarmanah,kecamatan,yes,-6.938,107.7556,Asia/Jakarta,"BMKG representative point: Hegarmanah, Kecamatan Jatinangor",04-08-2026,ECMWF,Open-Meteo / ECMWF,20:00,2026-08-04 20:00:00,23.7,75.0,0.0,1.6,0.0,1.7366,Cerah Berawan,wmo:1
jatinangor,"Jatinangor, Sumedang",2026-08-04,32.11.15.2002,Hegarmanah,kecamatan,yes,-6.938,107.7556,Asia/Jakarta,"BMKG representative point: Hegarmanah, Kecamatan Jatinangor",04-08-2026,ECMWF,Open-Meteo / ECMWF,21:00,2026-08-04 21:00:00,23.2,78.0,0.0,0.8,0.0,1.7366,Cerah,wmo:0
jatinangor,"Jatinangor, Sumedang",2026-08-04,32.11.15.2002,Hegarmanah,kecamatan,yes,-6.938,107.7556,Asia/Jakarta,"BMKG representative point: Hegarmanah, Kecamatan Jatinangor",04-08-2026,ECMWF,Open-Meteo / ECMWF,22:00,2026-08-04 22:00:00,22.7,81.0,0.0,0.0,0.0,1.7366,Cerah,wmo:0
jatinangor,"Jatinangor, Sumedang",2026-08-04,32.11.15.2002,Hegarmanah,kecamatan,yes,-6.938,107.7556,Asia/Jakarta,"BMKG representative point: Hegarmanah, Kecamatan Jatinangor",04-08-2026,ECMWF,Open-Meteo / ECMWF,23:00,2026-08-04 23:00:00,22.0,84.0,0.0,0.8,0.0,1.7366,Cerah Berawan,wmo:1
jatinangor,"Jatinangor, Sumedang",2026-08-04,32.11.15.2002,Hegarmanah,kecamatan,yes,-6.938,107.7556,Asia/Jakarta,"BMKG representative point: Hegarmanah, Kecamatan Jatinangor",04-08-2026,GFS,Open-Meteo / NOAA GFS,00:00,2026-08-04 00:00:00,20.3,95.0,0.0,1.1,0.0,1.4087,Cerah,wmo:0
jatinangor,"Jatinangor, Sumedang",2026-08-04,32.11.15.2002,Hegarmanah,kecamatan,yes,-6.938,107.7556,Asia/Jakarta,"BMKG representative point: Hegarmanah, Kecamatan Jatinangor",04-08-2026,GFS,Open-Meteo / NOAA GFS,01:00,2026-08-04 01:00:00,20.1,95.0,0.0,1.1,0.0,1.4087,Cerah Berawan,wmo:1
jatinangor,"Jatinangor, Sumedang",2026-08-04,32.11.15.2002,Hegarmanah,kecamatan,yes,-6.938,107.7556,Asia/Jakarta,"BMKG representative point: Hegarmanah, Kecamatan Jatinangor",04-08-2026,GFS,Open-Meteo / NOAA GFS,02:00,2026-08-04 02:00:00,19.8,96.0,0.0,2.2,0.0,1.4087,Cerah,wmo:0
jatinangor,"Jatinangor, Sumedang",2026-08-04,32.11.15.2002,Hegarmanah,kecamatan,yes,-6.938,107.7556,Asia/Jakarta,"BMKG representative point: Hegarmanah, Kecamatan Jatinangor",04-08-2026,GFS,Open-Meteo / NOAA GFS,03:00,2026-08-04 03:00:00,19.6,96.0,0.0,3.3,0.0,1.4087,Cerah Berawan,wmo:2
jatinangor,"Jatinangor, Sumedang",2026-08-04,32.11.15.2002,Hegarmanah,kecamatan,yes,-6.938,107.7556,Asia/Jakarta,"BMKG representative point: Hegarmanah, Kecamatan Jatinangor",04-08-2026,GFS,Open-Meteo / NOAA GFS,04:00,2026-08-04 04:00:00,19.3,96.0,0.0,3.9,0.0,1.4087,Cerah Berawan,wmo:2
jatinangor,"Jatinangor, Sumedang",2026-08-04,32.11.15.2002,Hegarmanah,kecamatan,yes,-6.938,107.7556,Asia/Jakarta,"BMKG representative point: Hegarmanah, Kecamatan Jatinangor",04-08-2026,GFS,Open-Meteo / NOAA GFS,05:00,2026-08-04 05:00:00,19.0,97.0,0.0,4.0,0.0,1.4087,Cerah Berawan,wmo:1
jatinangor,"Jatinangor, Sumedang",2026-08-04,32.11.15.2002,Hegarmanah,kecamatan,yes,-6.938,107.7556,Asia/Jakarta,"BMKG representative point: Hegarmanah, Kecamatan Jatinangor",04-08-2026,GFS,Open-Meteo / NOAA GFS,06:00,2026-08-04 06:00:00,18.8,97.0,0.0,4.5,0.0,1.4087,Cerah,wmo:0
jatinangor,"Jatinangor, Sumedang",2026-08-04,32.11.15.2002,Hegarmanah,kecamatan,yes,-6.938,107.7556,Asia/Jakarta,"BMKG representative point: Hegarmanah, Kecamatan Jatinangor",04-08-2026,GFS,Open-Meteo / NOAA GFS,07:00,2026-08-04 07:00:00,20.3,93.0,0.0,4.9,0.0,1.4087,Cerah Berawan,wmo:1
jatinangor,"Jatinangor, Sumedang",2026-08-04,32.11.15.2002,Hegarmanah,kecamatan,yes,-6.938,107.7556,Asia/Jakarta,"BMKG representative point: Hegarmanah, Kecamatan Jatinangor",04-08-2026,GFS,Open-Meteo / NOAA GFS,08:00,2026-08-04 08:00:00,22.5,83.0,0.0,6.1,0.0,1.4087,Berawan,wmo:3
jatinangor,"Jatinangor, Sumedang",2026-08-04,32.11.15.2002,Hegarmanah,kecamatan,yes,-6.938,107.7556,Asia/Jakarta,"BMKG representative point: Hegarmanah, Kecamatan Jatinangor",04-08-2026,GFS,Open-Meteo / NOAA GFS,09:00,2026-08-04 09:00:00,24.7,72.0,0.0,7.0,0.0,1.4087,Berawan,wmo:3
jatinangor,"Jatinangor, Sumedang",2026-08-04,32.11.15.2002,Hegarmanah,kecamatan,yes,-6.938,107.7556,Asia/Jakarta,"BMKG representative point: Hegarmanah, Kecamatan Jatinangor",04-08-2026,GFS,Open-Meteo / NOAA GFS,10:00,2026-08-04 10:00:00,27.2,60.0,0.0,6.6,0.0,1.4087,Berawan,wmo:3
jatinangor,"Jatinangor, Sumedang",2026-08-04,32.11.15.2002,Hegarmanah,kecamatan,yes,-6.938,107.7556,Asia/Jakarta,"BMKG representative point: Hegarmanah, Kecamatan Jatinangor",04-08-2026,GFS,Open-Meteo / NOAA GFS,11:00,2026-08-04 11:00:00,29.1,50.0,0.0,7.6,0.0,1.4087,Cerah Berawan,wmo:2
jatinangor,"Jatinangor, Sumedang",2026-08-04,32.11.15.2002,Hegarmanah,kecamatan,yes,-6.938,107.7556,Asia/Jakarta,"BMKG representative point: Hegarmanah, Kecamatan Jatinangor",04-08-2026,GFS,Open-Meteo / NOAA GFS,12:00,2026-08-04 12:00:00,30.4,44.0,0.0,9.0,0.0,1.4087,Cerah,wmo:0
jatinangor,"Jatinangor, Sumedang",2026-08-04,32.11.15.2002,Hegarmanah,kecamatan,yes,-6.938,107.7556,Asia/Jakarta,"BMKG representative point: Hegarmanah, Kecamatan Jatinangor",04-08-2026,GFS,Open-Meteo / NOAA GFS,13:00,2026-08-04 13:00:00,31.1,40.0,0.0,11.0,0.0,1.4087,Cerah Berawan,wmo:1
jatinangor,"Jatinangor, Sumedang",2026-08-04,32.11.15.2002,Hegarmanah,kecamatan,yes,-6.938,107.7556,Asia/Jakarta,"BMKG representative point: Hegarmanah, Kecamatan Jatinangor",04-08-2026,GFS,Open-Meteo / NOAA GFS,14:00,2026-08-04 14:00:00,31.1,40.0,0.0,12.7,0.0,1.4087,Cerah Berawan,wmo:1
jatinangor,"Jatinangor, Sumedang",2026-08-04,32.11.15.2002,Hegarmanah,kecamatan,yes,-6.938,107.7556,Asia/Jakarta,"BMKG representative point: Hegarmanah, Kecamatan Jatinangor",04-08-2026,GFS,Open-Meteo / NOAA GFS,15:00,2026-08-04 15:00:00,30.6,41.0,0.0,13.7,0.0,1.4087,Cerah Berawan,wmo:2
jatinangor,"Jatinangor, Sumedang",2026-08-04,32.11.15.2002,Hegarmanah,kecamatan,yes,-6.938,107.7556,Asia/Jakarta,"BMKG representative point: Hegarmanah, Kecamatan Jatinangor",04-08-2026,GFS,Open-Meteo / NOAA GFS,16:00,2026-08-04 16:00:00,29.4,45.0,0.0,14.5,0.0,1.4087,Cerah Berawan,wmo:1
jatinangor,"Jatinangor, Sumedang",2026-08-04,32.11.15.2002,Hegarmanah,kecamatan,yes,-6.938,107.7556,Asia/Jakarta,"BMKG representative point: Hegarmanah, Kecamatan Jatinangor",04-08-2026,GFS,Open-Meteo / NOAA GFS,17:00,2026-08-04 17:00:00,26.2,65.0,0.1,14.7,0.0,1.4087,Hujan Ringan,wmo:51
jatinangor,"Jatinangor, Sumedang",2026-08-04,32.11.15.2002,Hegarmanah,kecamatan,yes,-6.938,107.7556,Asia/Jakarta,"BMKG representative point: Hegarmanah, Kecamatan Jatinangor",04-08-2026,GFS,Open-Meteo / NOAA GFS,18:00,2026-08-04 18:00:00,22.1,87.0,0.2,7.9,0.0,1.4087,Hujan Ringan,wmo:51
jatinangor,"Jatinangor, Sumedang",2026-08-04,32.11.15.2002,Hegarmanah,kecamatan,yes,-6.938,107.7556,Asia/Jakarta,"BMKG representative point: Hegarmanah, Kecamatan Jatinangor",04-08-2026,GFS,Open-Meteo / NOAA GFS,19:00,2026-08-04 19:00:00,21.4,89.0,0.1,4.9,0.0,1.4087,Hujan Ringan,wmo:51
jatinangor,"Jatinangor, Sumedang",2026-08-04,32.11.15.2002,Hegarmanah,kecamatan,yes,-6.938,107.7556,Asia/Jakarta,"BMKG representative point: Hegarmanah, Kecamatan Jatinangor",04-08-2026,GFS,Open-Meteo / NOAA GFS,20:00,2026-08-04 20:00:00,20.9,91.0,0.0,4.7,0.0,1.4087,Cerah,wmo:0
jatinangor,"Jatinangor, Sumedang",2026-08-04,32.11.15.2002,Hegarmanah,kecamatan,yes,-6.938,107.7556,Asia/Jakarta,"BMKG representative point: Hegarmanah, Kecamatan Jatinangor",04-08-2026,GFS,Open-Meteo / NOAA GFS,21:00,2026-08-04 21:00:00,20.7,91.0,0.0,5.4,0.0,1.4087,Cerah,wmo:0
jatinangor,"Jatinangor, Sumedang",2026-08-04,32.11.15.2002,Hegarmanah,kecamatan,yes,-6.938,107.7556,Asia/Jakarta,"BMKG representative point: Hegarmanah, Kecamatan Jatinangor",04-08-2026,GFS,Open-Meteo / NOAA GFS,22:00,2026-08-04 22:00:00,20.0,93.0,0.0,5.3,0.0,1.4087,Cerah,wmo:0
jatinangor,"Jatinangor, Sumedang",2026-08-04,32.11.15.2002,Hegarmanah,kecamatan,yes,-6.938,107.7556,Asia/Jakarta,"BMKG representative point: Hegarmanah, Kecamatan Jatinangor",04-08-2026,GFS,Open-Meteo / NOAA GFS,23:00,2026-08-04 23:00:00,19.3,94.0,0.0,5.2,0.0,1.4087,Cerah Berawan,wmo:1
jatinangor,"Jatinangor, Sumedang",2026-08-04,32.11.15.2002,Hegarmanah,kecamatan,yes,-6.938,107.7556,Asia/Jakarta,"BMKG representative point: Hegarmanah, Kecamatan Jatinangor",04-08-2026,ICON,Open-Meteo / DWD ICON,00:00,2026-08-04 00:00:00,21.1,91.0,0.0,2.6,0.0,1.4508,Cerah Berawan,wmo:2
jatinangor,"Jatinangor, Sumedang",2026-08-04,32.11.15.2002,Hegarmanah,kecamatan,yes,-6.938,107.7556,Asia/Jakarta,"BMKG representative point: Hegarmanah, Kecamatan Jatinangor",04-08-2026,ICON,Open-Meteo / DWD ICON,01:00,2026-08-04 01:00:00,20.1,94.0,0.0,3.0,0.0,1.4508,Cerah Berawan,wmo:2
jatinangor,"Jatinangor, Sumedang",2026-08-04,32.11.15.2002,Hegarmanah,kecamatan,yes,-6.938,107.7556,Asia/Jakarta,"BMKG representative point: Hegarmanah, Kecamatan Jatinangor",04-08-2026,ICON,Open-Meteo / DWD ICON,02:00,2026-08-04 02:00:00,19.7,95.0,0.0,3.3,0.0,1.4508,Cerah Berawan,wmo:2
jatinangor,"Jatinangor, Sumedang",2026-08-04,32.11.15.2002,Hegarmanah,kecamatan,yes,-6.938,107.7556,Asia/Jakarta,"BMKG representative point: Hegarmanah, Kecamatan Jatinangor",04-08-2026,ICON,Open-Meteo / DWD ICON,03:00,2026-08-04 03:00:00,19.6,94.0,0.0,2.5,0.0,1.4508,Cerah Berawan,wmo:2
jatinangor,"Jatinangor, Sumedang",2026-08-04,32.11.15.2002,Hegarmanah,kecamatan,yes,-6.938,107.7556,Asia/Jakarta,"BMKG representative point: Hegarmanah, Kecamatan Jatinangor",04-08-2026,ICON,Open-Meteo / DWD ICON,04:00,2026-08-04 04:00:00,19.4,93.0,0.0,3.0,0.0,1.4508,Cerah Berawan,wmo:1
jatinangor,"Jatinangor, Sumedang",2026-08-04,32.11.15.2002,Hegarmanah,kecamatan,yes,-6.938,107.7556,Asia/Jakarta,"BMKG representative point: Hegarmanah, Kecamatan Jatinangor",04-08-2026,ICON,Open-Meteo / DWD ICON,05:00,2026-08-04 05:00:00,19.1,93.0,0.0,3.3,0.0,1.4508,Cerah Berawan,wmo:1
jatinangor,"Jatinangor, Sumedang",2026-08-04,32.11.15.2002,Hegarmanah,kecamatan,yes,-6.938,107.7556,Asia/Jakarta,"BMKG representative point: Hegarmanah, Kecamatan Jatinangor",04-08-2026,ICON,Open-Meteo / DWD ICON,06:00,2026-08-04 06:00:00,18.8,93.0,0.0,3.1,0.0,1.4508,Cerah Berawan,wmo:1
jatinangor,"Jatinangor, Sumedang",2026-08-04,32.11.15.2002,Hegarmanah,kecamatan,yes,-6.938,107.7556,Asia/Jakarta,"BMKG representative point: Hegarmanah, Kecamatan Jatinangor",04-08-2026,ICON,Open-Meteo / DWD ICON,07:00,2026-08-04 07:00:00,19.6,90.0,0.0,2.1,0.0,1.4508,Cerah Berawan,wmo:1
jatinangor,"Jatinangor, Sumedang",2026-08-04,32.11.15.2002,Hegarmanah,kecamatan,yes,-6.938,107.7556,Asia/Jakarta,"BMKG representative point: Hegarmanah, Kecamatan Jatinangor",04-08-2026,ICON,Open-Meteo / DWD ICON,08:00,2026-08-04 08:00:00,23.6,74.0,0.0,0.4,0.0,1.4508,Cerah,wmo:0
jatinangor,"Jatinangor, Sumedang",2026-08-04,32.11.15.2002,Hegarmanah,kecamatan,yes,-6.938,107.7556,Asia/Jakarta,"BMKG representative point: Hegarmanah, Kecamatan Jatinangor",04-08-2026,ICON,Open-Meteo / DWD ICON,09:00,2026-08-04 09:00:00,26.0,64.0,0.0,1.9,0.0,1.4508,Cerah,wmo:0
jatinangor,"Jatinangor, Sumedang",2026-08-04,32.11.15.2002,Hegarmanah,kecamatan,yes,-6.938,107.7556,Asia/Jakarta,"BMKG representative point: Hegarmanah, Kecamatan Jatinangor",04-08-2026,ICON,Open-Meteo / DWD ICON,10:00,2026-08-04 10:00:00,27.8,56.0,0.0,1.5,0.0,1.4508,Cerah Berawan,wmo:1
jatinangor,"Jatinangor, Sumedang",2026-08-04,32.11.15.2002,Hegarmanah,kecamatan,yes,-6.938,107.7556,Asia/Jakarta,"BMKG representative point: Hegarmanah, Kecamatan Jatinangor",04-08-2026,ICON,Open-Meteo / DWD ICON,11:00,2026-08-04 11:00:00,29.5,48.0,0.0,1.4,0.0,1.4508,Cerah Berawan,wmo:1
jatinangor,"Jatinangor, Sumedang",2026-08-04,32.11.15.2002,Hegarmanah,kecamatan,yes,-6.938,107.7556,Asia/Jakarta,"BMKG representative point: Hegarmanah, Kecamatan Jatinangor",04-08-2026,ICON,Open-Meteo / DWD ICON,12:00,2026-08-04 12:00:00,30.8,43.0,0.0,2.8,0.0,1.4508,Cerah Berawan,wmo:1
jatinangor,"Jatinangor, Sumedang",2026-08-04,32.11.15.2002,Hegarmanah,kecamatan,yes,-6.938,107.7556,Asia/Jakarta,"BMKG representative point: Hegarmanah, Kecamatan Jatinangor",04-08-2026,ICON,Open-Meteo / DWD ICON,13:00,2026-08-04 13:00:00,31.6,39.0,0.0,4.1,0.0,1.4508,Cerah Berawan,wmo:1
jatinangor,"Jatinangor, Sumedang",2026-08-04,32.11.15.2002,Hegarmanah,kecamatan,yes,-6.938,107.7556,Asia/Jakarta,"BMKG representative point: Hegarmanah, Kecamatan Jatinangor",04-08-2026,ICON,Open-Meteo / DWD ICON,14:00,2026-08-04 14:00:00,32.0,37.0,0.0,5.6,0.0,1.4508,Cerah Berawan,wmo:1
jatinangor,"Jatinangor, Sumedang",2026-08-04,32.11.15.2002,Hegarmanah,kecamatan,yes,-6.938,107.7556,Asia/Jakarta,"BMKG representative point: Hegarmanah, Kecamatan Jatinangor",04-08-2026,ICON,Open-Meteo / DWD ICON,15:00,2026-08-04 15:00:00,32.0,36.0,0.0,7.2,0.0,1.4508,Cerah,wmo:0
jatinangor,"Jatinangor, Sumedang",2026-08-04,32.11.15.2002,Hegarmanah,kecamatan,yes,-6.938,107.7556,Asia/Jakarta,"BMKG representative point: Hegarmanah, Kecamatan Jatinangor",04-08-2026,ICON,Open-Meteo / DWD ICON,16:00,2026-08-04 16:00:00,31.7,36.0,0.0,8.7,0.0,1.4508,Cerah Berawan,wmo:1
jatinangor,"Jatinangor, Sumedang",2026-08-04,32.11.15.2002,Hegarmanah,kecamatan,yes,-6.938,107.7556,Asia/Jakarta,"BMKG representative point: Hegarmanah, Kecamatan Jatinangor",04-08-2026,ICON,Open-Meteo / DWD ICON,17:00,2026-08-04 17:00:00,30.5,41.0,0.0,10.8,0.0,1.4508,Berawan,wmo:3
jatinangor,"Jatinangor, Sumedang",2026-08-04,32.11.15.2002,Hegarmanah,kecamatan,yes,-6.938,107.7556,Asia/Jakarta,"BMKG representative point: Hegarmanah, Kecamatan Jatinangor",04-08-2026,ICON,Open-Meteo / DWD ICON,18:00,2026-08-04 18:00:00,27.8,55.0,0.0,8.9,0.0,1.4508,Cerah Berawan,wmo:2
jatinangor,"Jatinangor, Sumedang",2026-08-04,32.11.15.2002,Hegarmanah,kecamatan,yes,-6.938,107.7556,Asia/Jakarta,"BMKG representative point: Hegarmanah, Kecamatan Jatinangor",04-08-2026,ICON,Open-Meteo / DWD ICON,19:00,2026-08-04 19:00:00,25.8,65.0,0.0,5.9,0.0,1.4508,Berawan,wmo:3
jatinangor,"Jatinangor, Sumedang",2026-08-04,32.11.15.2002,Hegarmanah,kecamatan,yes,-6.938,107.7556,Asia/Jakarta,"BMKG representative point: Hegarmanah, Kecamatan Jatinangor",04-08-2026,ICON,Open-Meteo / DWD ICON,20:00,2026-08-04 20:00:00,24.4,73.0,0.0,6.8,0.0,1.4508,Cerah Berawan,wmo:2
jatinangor,"Jatinangor, Sumedang",2026-08-04,32.11.15.2002,Hegarmanah,kecamatan,yes,-6.938,107.7556,Asia/Jakarta,"BMKG representative point: Hegarmanah, Kecamatan Jatinangor",04-08-2026,ICON,Open-Meteo / DWD ICON,21:00,2026-08-04 21:00:00,23.7,77.0,0.0,6.3,0.0,1.4508,Cerah Berawan,wmo:2
jatinangor,"Jatinangor, Sumedang",2026-08-04,32.11.15.2002,Hegarmanah,kecamatan,yes,-6.938,107.7556,Asia/Jakarta,"BMKG representative point: Hegarmanah, Kecamatan Jatinangor",04-08-2026,ICON,Open-Meteo / DWD ICON,22:00,2026-08-04 22:00:00,23.1,81.0,0.0,5.1,0.0,1.4508,Cerah Berawan,wmo:2
jatinangor,"Jatinangor, Sumedang",2026-08-04,32.11.15.2002,Hegarmanah,kecamatan,yes,-6.938,107.7556,Asia/Jakarta,"BMKG representative point: Hegarmanah, Kecamatan Jatinangor",04-08-2026,ICON,Open-Meteo / DWD ICON,23:00,2026-08-04 23:00:00,22.4,85.0,0.0,4.3,0.0,1.4508,Cerah Berawan,wmo:2
jatinangor,"Jatinangor, Sumedang",2026-08-04,32.11.15.2002,Hegarmanah,kecamatan,yes,-6.938,107.7556,Asia/Jakarta,"BMKG representative point: Hegarmanah, Kecamatan Jatinangor",04-08-2026,KMA,Open-Meteo / KMA,00:00,2026-08-04 00:00:00,,,,,0.0,0.5415,Berawan,wmo:None
jatinangor,"Jatinangor, Sumedang",2026-08-04,32.11.15.2002,Hegarmanah,kecamatan,yes,-6.938,107.7556,Asia/Jakarta,"BMKG representative point: Hegarmanah, Kecamatan Jatinangor",04-08-2026,KMA,Open-Meteo / KMA,01:00,2026-08-04 01:00:00,,,,,0.0,0.5415,Berawan,wmo:None
jatinangor,"Jatinangor, Sumedang",2026-08-04,32.11.15.2002,Hegarmanah,kecamatan,yes,-6.938,107.7556,Asia/Jakarta,"BMKG representative point: Hegarmanah, Kecamatan Jatinangor",04-08-2026,KMA,Open-Meteo / KMA,02:00,2026-08-04 02:00:00,,,,,0.0,0.5415,Berawan,wmo:None
jatinangor,"Jatinangor, Sumedang",2026-08-04,32.11.15.2002,Hegarmanah,kecamatan,yes,-6.938,107.7556,Asia/Jakarta,"BMKG representative point: Hegarmanah, Kecamatan Jatinangor",04-08-2026,KMA,Open-Meteo / KMA,03:00,2026-08-04 03:00:00,,,,,0.0,0.5415,Berawan,wmo:None
jatinangor,"Jatinangor, Sumedang",2026-08-04,32.11.15.2002,Hegarmanah,kecamatan,yes,-6.938,107.7556,Asia/Jakarta,"BMKG representative point: Hegarmanah, Kecamatan Jatinangor",04-08-2026,KMA,Open-Meteo / KMA,04:00,2026-08-04 04:00:00,,,,,0.0,0.5415,Berawan,wmo:None
jatinangor,"Jatinangor, Sumedang",2026-08-04,32.11.15.2002,Hegarmanah,kecamatan,yes,-6.938,107.7556,Asia/Jakarta,"BMKG representative point: Hegarmanah, Kecamatan Jatinangor",04-08-2026,KMA,Open-Meteo / KMA,05:00,2026-08-04 05:00:00,,,,,0.0,0.5415,Berawan,wmo:None
jatinangor,"Jatinangor, Sumedang",2026-08-04,32.11.15.2002,Hegarmanah,kecamatan,yes,-6.938,107.7556,Asia/Jakarta,"BMKG representative point: Hegarmanah, Kecamatan Jatinangor",04-08-2026,KMA,Open-Meteo / KMA,06:00,2026-08-04 06:00:00,,,,,0.0,0.5415,Berawan,wmo:None
jatinangor,"Jatinangor, Sumedang",2026-08-04,32.11.15.2002,Hegarmanah,kecamatan,yes,-6.938,107.7556,Asia/Jakarta,"BMKG representative point: Hegarmanah, Kecamatan Jatinangor",04-08-2026,KMA,Open-Meteo / KMA,07:00,2026-08-04 07:00:00,,,,,0.0,0.5415,Berawan,wmo:None
jatinangor,"Jatinangor, Sumedang",2026-08-04,32.11.15.2002,Hegarmanah,kecamatan,yes,-6.938,107.7556,Asia/Jakarta,"BMKG representative point: Hegarmanah, Kecamatan Jatinangor",04-08-2026,KMA,Open-Meteo / KMA,08:00,2026-08-04 08:00:00,,,,,0.0,0.5415,Berawan,wmo:None
jatinangor,"Jatinangor, Sumedang",2026-08-04,32.11.15.2002,Hegarmanah,kecamatan,yes,-6.938,107.7556,Asia/Jakarta,"BMKG representative point: Hegarmanah, Kecamatan Jatinangor",04-08-2026,KMA,Open-Meteo / KMA,09:00,2026-08-04 09:00:00,,,,,0.0,0.5415,Berawan,wmo:None
jatinangor,"Jatinangor, Sumedang",2026-08-04,32.11.15.2002,Hegarmanah,kecamatan,yes,-6.938,107.7556,Asia/Jakarta,"BMKG representative point: Hegarmanah, Kecamatan Jatinangor",04-08-2026,KMA,Open-Meteo / KMA,10:00,2026-08-04 10:00:00,,,,,0.0,0.5415,Berawan,wmo:None
jatinangor,"Jatinangor, Sumedang",2026-08-04,32.11.15.2002,Hegarmanah,kecamatan,yes,-6.938,107.7556,Asia/Jakarta,"BMKG representative point: Hegarmanah, Kecamatan Jatinangor",04-08-2026,KMA,Open-Meteo / KMA,11:00,2026-08-04 11:00:00,,,,,0.0,0.5415,Berawan,wmo:None
jatinangor,"Jatinangor, Sumedang",2026-08-04,32.11.15.2002,Hegarmanah,kecamatan,yes,-6.938,107.7556,Asia/Jakarta,"BMKG representative point: Hegarmanah, Kecamatan Jatinangor",04-08-2026,KMA,Open-Meteo / KMA,12:00,2026-08-04 12:00:00,,,,,0.0,0.5415,Berawan,wmo:None
jatinangor,"Jatinangor, Sumedang",2026-08-04,32.11.15.2002,Hegarmanah,kecamatan,yes,-6.938,107.7556,Asia/Jakarta,"BMKG representative point: Hegarmanah, Kecamatan Jatinangor",04-08-2026,KMA,Open-Meteo / KMA,13:00,2026-08-04 13:00:00,,,,,0.0,0.5415,Berawan,wmo:None
jatinangor,"Jatinangor, Sumedang",2026-08-04,32.11.15.2002,Hegarmanah,kecamatan,yes,-6.938,107.7556,Asia/Jakarta,"BMKG representative point: Hegarmanah, Kecamatan Jatinangor",04-08-2026,KMA,Open-Meteo / KMA,14:00,2026-08-04 14:00:00,,,,,0.0,0.5415,Berawan,wmo:None
jatinangor,"Jatinangor, Sumedang",2026-08-04,32.11.15.2002,Hegarmanah,kecamatan,yes,-6.938,107.7556,Asia/Jakarta,"BMKG representative point: Hegarmanah, Kecamatan Jatinangor",04-08-2026,KMA,Open-Meteo / KMA,15:00,2026-08-04 15:00:00,,,,,0.0,0.5415,Berawan,wmo:None
jatinangor,"Jatinangor, Sumedang",2026-08-04,32.11.15.2002,Hegarmanah,kecamatan,yes,-6.938,107.7556,Asia/Jakarta,"BMKG representative point: Hegarmanah, Kecamatan Jatinangor",04-08-2026,KMA,Open-Meteo / KMA,16:00,2026-08-04 16:00:00,,,,,0.0,0.5415,Berawan,wmo:None
jatinangor,"Jatinangor, Sumedang",2026-08-04,32.11.15.2002,Hegarmanah,kecamatan,yes,-6.938,107.7556,Asia/Jakarta,"BMKG representative point: Hegarmanah, Kecamatan Jatinangor",04-08-2026,KMA,Open-Meteo / KMA,17:00,2026-08-04 17:00:00,,,,,0.0,0.5415,Berawan,wmo:None
jatinangor,"Jatinangor, Sumedang",2026-08-04,32.11.15.2002,Hegarmanah,kecamatan,yes,-6.938,107.7556,Asia/Jakarta,"BMKG representative point: Hegarmanah, Kecamatan Jatinangor",04-08-2026,KMA,Open-Meteo / KMA,18:00,2026-08-04 18:00:00,,,,,0.0,0.5415,Berawan,wmo:None
jatinangor,"Jatinangor, Sumedang",2026-08-04,32.11.15.2002,Hegarmanah,kecamatan,yes,-6.938,107.7556,Asia/Jakarta,"BMKG representative point: Hegarmanah, Kecamatan Jatinangor",04-08-2026,KMA,Open-Meteo / KMA,19:00,2026-08-04 19:00:00,,,,,0.0,0.5415,Berawan,wmo:None
jatinangor,"Jatinangor, Sumedang",2026-08-04,32.11.15.2002,Hegarmanah,kecamatan,yes,-6.938,107.7556,Asia/Jakarta,"BMKG representative point: Hegarmanah, Kecamatan Jatinangor",04-08-2026,KMA,Open-Meteo / KMA,20:00,2026-08-04 20:00:00,,,,,0.0,0.5415,Berawan,wmo:None
jatinangor,"Jatinangor, Sumedang",2026-08-04,32.11.15.2002,Hegarmanah,kecamatan,yes,-6.938,107.7556,Asia/Jakarta,"BMKG representative point: Hegarmanah, Kecamatan Jatinangor",04-08-2026,KMA,Open-Meteo / KMA,21:00,2026-08-04 21:00:00,,,,,0.0,0.5415,Berawan,wmo:None
jatinangor,"Jatinangor, Sumedang",2026-08-04,32.11.15.2002,Hegarmanah,kecamatan,yes,-6.938,107.7556,Asia/Jakarta,"BMKG representative point: Hegarmanah, Kecamatan Jatinangor",04-08-2026,KMA,Open-Meteo / KMA,22:00,2026-08-04 22:00:00,,,,,0.0,0.5415,Berawan,wmo:None
jatinangor,"Jatinangor, Sumedang",2026-08-04,32.11.15.2002,Hegarmanah,kecamatan,yes,-6.938,107.7556,Asia/Jakarta,"BMKG representative point: Hegarmanah, Kecamatan Jatinangor",04-08-2026,KMA,Open-Meteo / KMA,23:00,2026-08-04 23:00:00,,,,,0.0,0.5415,Berawan,wmo:None
jatinangor,"Jatinangor, Sumedang",2026-08-04,32.11.15.2002,Hegarmanah,kecamatan,yes,-6.938,107.7556,Asia/Jakarta,"BMKG representative point: Hegarmanah, Kecamatan Jatinangor",04-08-2026,METEOFRANCE,Open-Meteo / Meteo-France,00:00,2026-08-04 00:00:00,25.5,99.0,0.0,0.4,0.0,1.465,Berawan,wmo:3
jatinangor,"Jatinangor, Sumedang",2026-08-04,32.11.15.2002,Hegarmanah,kecamatan,yes,-6.938,107.7556,Asia/Jakarta,"BMKG representative point: Hegarmanah, Kecamatan Jatinangor",04-08-2026,METEOFRANCE,Open-Meteo / Meteo-France,01:00,2026-08-04 01:00:00,25.4,99.0,0.0,0.8,0.0,1.465,Berawan,wmo:3
jatinangor,"Jatinangor, Sumedang",2026-08-04,32.11.15.2002,Hegarmanah,kecamatan,yes,-6.938,107.7556,Asia/Jakarta,"BMKG representative point: Hegarmanah, Kecamatan Jatinangor",04-08-2026,METEOFRANCE,Open-Meteo / Meteo-France,02:00,2026-08-04 02:00:00,25.3,97.0,0.0,1.1,0.0,1.465,Cerah Berawan,wmo:2
jatinangor,"Jatinangor, Sumedang",2026-08-04,32.11.15.2002,Hegarmanah,kecamatan,yes,-6.938,107.7556,Asia/Jakarta,"BMKG representative point: Hegarmanah, Kecamatan Jatinangor",04-08-2026,METEOFRANCE,Open-Meteo / Meteo-France,03:00,2026-08-04 03:00:00,25.1,94.0,0.0,1.5,0.0,1.465,Cerah Berawan,wmo:1
jatinangor,"Jatinangor, Sumedang",2026-08-04,32.11.15.2002,Hegarmanah,kecamatan,yes,-6.938,107.7556,Asia/Jakarta,"BMKG representative point: Hegarmanah, Kecamatan Jatinangor",04-08-2026,METEOFRANCE,Open-Meteo / Meteo-France,04:00,2026-08-04 04:00:00,24.9,92.0,0.0,1.8,0.0,1.465,Cerah,wmo:0
jatinangor,"Jatinangor, Sumedang",2026-08-04,32.11.15.2002,Hegarmanah,kecamatan,yes,-6.938,107.7556,Asia/Jakarta,"BMKG representative point: Hegarmanah, Kecamatan Jatinangor",04-08-2026,METEOFRANCE,Open-Meteo / Meteo-France,05:00,2026-08-04 05:00:00,24.3,94.0,0.0,1.8,0.0,1.465,Cerah,wmo:0
jatinangor,"Jatinangor, Sumedang",2026-08-04,32.11.15.2002,Hegarmanah,kecamatan,yes,-6.938,107.7556,Asia/Jakarta,"BMKG representative point: Hegarmanah, Kecamatan Jatinangor",04-08-2026,METEOFRANCE,Open-Meteo / Meteo-France,06:00,2026-08-04 06:00:00,23.6,96.0,0.0,2.3,0.0,1.465,Cerah Berawan,wmo:1
jatinangor,"Jatinangor, Sumedang",2026-08-04,32.11.15.2002,Hegarmanah,kecamatan,yes,-6.938,107.7556,Asia/Jakarta,"BMKG representative point: Hegarmanah, Kecamatan Jatinangor",04-08-2026,METEOFRANCE,Open-Meteo / Meteo-France,07:00,2026-08-04 07:00:00,23.6,95.0,0.0,2.3,0.0,1.465,Cerah Berawan,wmo:1
jatinangor,"Jatinangor, Sumedang",2026-08-04,32.11.15.2002,Hegarmanah,kecamatan,yes,-6.938,107.7556,Asia/Jakarta,"BMKG representative point: Hegarmanah, Kecamatan Jatinangor",04-08-2026,METEOFRANCE,Open-Meteo / Meteo-France,08:00,2026-08-04 08:00:00,25.1,86.0,0.0,0.7,0.0,1.465,Cerah Berawan,wmo:1
jatinangor,"Jatinangor, Sumedang",2026-08-04,32.11.15.2002,Hegarmanah,kecamatan,yes,-6.938,107.7556,Asia/Jakarta,"BMKG representative point: Hegarmanah, Kecamatan Jatinangor",04-08-2026,METEOFRANCE,Open-Meteo / Meteo-France,09:00,2026-08-04 09:00:00,27.3,72.0,0.0,2.3,0.0,1.465,Cerah Berawan,wmo:1
jatinangor,"Jatinangor, Sumedang",2026-08-04,32.11.15.2002,Hegarmanah,kecamatan,yes,-6.938,107.7556,Asia/Jakarta,"BMKG representative point: Hegarmanah, Kecamatan Jatinangor",04-08-2026,METEOFRANCE,Open-Meteo / Meteo-France,10:00,2026-08-04 10:00:00,29.3,61.0,0.0,4.6,0.0,1.465,Cerah Berawan,wmo:1
jatinangor,"Jatinangor, Sumedang",2026-08-04,32.11.15.2002,Hegarmanah,kecamatan,yes,-6.938,107.7556,Asia/Jakarta,"BMKG representative point: Hegarmanah, Kecamatan Jatinangor",04-08-2026,METEOFRANCE,Open-Meteo / Meteo-France,11:00,2026-08-04 11:00:00,30.8,55.0,0.0,6.2,0.0,1.465,Cerah Berawan,wmo:1
jatinangor,"Jatinangor, Sumedang",2026-08-04,32.11.15.2002,Hegarmanah,kecamatan,yes,-6.938,107.7556,Asia/Jakarta,"BMKG representative point: Hegarmanah, Kecamatan Jatinangor",04-08-2026,METEOFRANCE,Open-Meteo / Meteo-France,12:00,2026-08-04 12:00:00,32.0,52.0,0.0,7.3,0.0,1.465,Cerah Berawan,wmo:2
jatinangor,"Jatinangor, Sumedang",2026-08-04,32.11.15.2002,Hegarmanah,kecamatan,yes,-6.938,107.7556,Asia/Jakarta,"BMKG representative point: Hegarmanah, Kecamatan Jatinangor",04-08-2026,METEOFRANCE,Open-Meteo / Meteo-France,13:00,2026-08-04 13:00:00,32.6,51.0,0.0,7.9,0.0,1.465,Cerah Berawan,wmo:2
jatinangor,"Jatinangor, Sumedang",2026-08-04,32.11.15.2002,Hegarmanah,kecamatan,yes,-6.938,107.7556,Asia/Jakarta,"BMKG representative point: Hegarmanah, Kecamatan Jatinangor",04-08-2026,METEOFRANCE,Open-Meteo / Meteo-France,14:00,2026-08-04 14:00:00,32.5,53.0,0.0,8.5,0.0,1.465,Cerah Berawan,wmo:2
jatinangor,"Jatinangor, Sumedang",2026-08-04,32.11.15.2002,Hegarmanah,kecamatan,yes,-6.938,107.7556,Asia/Jakarta,"BMKG representative point: Hegarmanah, Kecamatan Jatinangor",04-08-2026,METEOFRANCE,Open-Meteo / Meteo-France,15:00,2026-08-04 15:00:00,31.8,58.0,0.0,9.0,0.0,1.465,Berawan,wmo:3
jatinangor,"Jatinangor, Sumedang",2026-08-04,32.11.15.2002,Hegarmanah,kecamatan,yes,-6.938,107.7556,Asia/Jakarta,"BMKG representative point: Hegarmanah, Kecamatan Jatinangor",04-08-2026,METEOFRANCE,Open-Meteo / Meteo-France,16:00,2026-08-04 16:00:00,30.9,64.0,0.0,9.0,0.0,1.465,Berawan,wmo:3
jatinangor,"Jatinangor, Sumedang",2026-08-04,32.11.15.2002,Hegarmanah,kecamatan,yes,-6.938,107.7556,Asia/Jakarta,"BMKG representative point: Hegarmanah, Kecamatan Jatinangor",04-08-2026,METEOFRANCE,Open-Meteo / Meteo-France,17:00,2026-08-04 17:00:00,29.7,71.0,0.4,7.7,0.0,1.465,Hujan Ringan,wmo:51
jatinangor,"Jatinangor, Sumedang",2026-08-04,32.11.15.2002,Hegarmanah,kecamatan,yes,-6.938,107.7556,Asia/Jakarta,"BMKG representative point: Hegarmanah, Kecamatan Jatinangor",04-08-2026,METEOFRANCE,Open-Meteo / Meteo-France,18:00,2026-08-04 18:00:00,28.3,79.0,0.4,5.9,0.0,1.465,Hujan Ringan,wmo:51
jatinangor,"Jatinangor, Sumedang",2026-08-04,32.11.15.2002,Hegarmanah,kecamatan,yes,-6.938,107.7556,Asia/Jakarta,"BMKG representative point: Hegarmanah, Kecamatan Jatinangor",04-08-2026,METEOFRANCE,Open-Meteo / Meteo-France,19:00,2026-08-04 19:00:00,27.2,86.0,0.4,4.6,0.0,1.465,Hujan Ringan,wmo:51
jatinangor,"Jatinangor, Sumedang",2026-08-04,32.11.15.2002,Hegarmanah,kecamatan,yes,-6.938,107.7556,Asia/Jakarta,"BMKG representative point: Hegarmanah, Kecamatan Jatinangor",04-08-2026,METEOFRANCE,Open-Meteo / Meteo-France,20:00,2026-08-04 20:00:00,26.5,90.0,0.1,3.7,0.0,1.465,Hujan Ringan,wmo:51
jatinangor,"Jatinangor, Sumedang",2026-08-04,32.11.15.2002,Hegarmanah,kecamatan,yes,-6.938,107.7556,Asia/Jakarta,"BMKG representative point: Hegarmanah, Kecamatan Jatinangor",04-08-2026,METEOFRANCE,Open-Meteo / Meteo-France,21:00,2026-08-04 21:00:00,26.2,93.0,0.1,3.1,0.0,1.465,Hujan Ringan,wmo:51
jatinangor,"Jatinangor, Sumedang",2026-08-04,32.11.15.2002,Hegarmanah,kecamatan,yes,-6.938,107.7556,Asia/Jakarta,"BMKG representative point: Hegarmanah, Kecamatan Jatinangor",04-08-2026,METEOFRANCE,Open-Meteo / Meteo-France,22:00,2026-08-04 22:00:00,25.9,95.0,0.1,2.2,0.0,1.465,Hujan Ringan,wmo:51
jatinangor,"Jatinangor, Sumedang",2026-08-04,32.11.15.2002,Hegarmanah,kecamatan,yes,-6.938,107.7556,Asia/Jakarta,"BMKG representative point: Hegarmanah, Kecamatan Jatinangor",04-08-2026,METEOFRANCE,Open-Meteo / Meteo-France,23:00,2026-08-04 23:00:00,25.6,97.0,0.0,1.1,0.0,1.465,Berawan,wmo:3
jatinangor,"Jatinangor, Sumedang",2026-08-04,32.11.15.2002,Hegarmanah,kecamatan,yes,-6.938,107.7556,Asia/Jakarta,"BMKG representative point: Hegarmanah, Kecamatan Jatinangor",04-08-2026,METNO,MET Norway,00:00,2026-08-04 00:00:00,19.7,97.6,0.0,3.24,0.0,1.3821,Cerah Berawan,fair_night
jatinangor,"Jatinangor, Sumedang",2026-08-04,32.11.15.2002,Hegarmanah,kecamatan,yes,-6.938,107.7556,Asia/Jakarta,"BMKG representative point: Hegarmanah, Kecamatan Jatinangor",04-08-2026,METNO,MET Norway,01:00,2026-08-04 01:00:00,19.3,98.3,0.0,2.52,0.0,1.3821,Berawan,fog
jatinangor,"Jatinangor, Sumedang",2026-08-04,32.11.15.2002,Hegarmanah,kecamatan,yes,-6.938,107.7556,Asia/Jakarta,"BMKG representative point: Hegarmanah, Kecamatan Jatinangor",04-08-2026,METNO,MET Norway,02:00,2026-08-04 02:00:00,19.1,99.2,0.0,3.96,0.0,1.3821,Berawan,fog
jatinangor,"Jatinangor, Sumedang",2026-08-04,32.11.15.2002,Hegarmanah,kecamatan,yes,-6.938,107.7556,Asia/Jakarta,"BMKG representative point: Hegarmanah, Kecamatan Jatinangor",04-08-2026,METNO,MET Norway,03:00,2026-08-04 03:00:00,19.2,99.6,0.0,5.04,0.0,1.3821,Berawan,fog
jatinangor,"Jatinangor, Sumedang",2026-08-04,32.11.15.2002,Hegarmanah,kecamatan,yes,-6.938,107.7556,Asia/Jakarta,"BMKG representative point: Hegarmanah, Kecamatan Jatinangor",04-08-2026,METNO,MET Norway,04:00,2026-08-04 04:00:00,19.1,99.2,0.0,6.12,0.0,1.3821,Berawan,fog
jatinangor,"Jatinangor, Sumedang",2026-08-04,32.11.15.2002,Hegarmanah,kecamatan,yes,-6.938,107.7556,Asia/Jakarta,"BMKG representative point: Hegarmanah, Kecamatan Jatinangor",04-08-2026,METNO,MET Norway,05:00,2026-08-04 05:00:00,18.9,99.8,0.0,7.2,0.0,1.3821,Berawan,fog
jatinangor,"Jatinangor, Sumedang",2026-08-04,32.11.15.2002,Hegarmanah,kecamatan,yes,-6.938,107.7556,Asia/Jakarta,"BMKG representative point: Hegarmanah, Kecamatan Jatinangor",04-08-2026,METNO,MET Norway,06:00,2026-08-04 06:00:00,18.8,99.2,0.0,7.56,0.0,1.3821,Berawan,fog
jatinangor,"Jatinangor, Sumedang",2026-08-04,32.11.15.2002,Hegarmanah,kecamatan,yes,-6.938,107.7556,Asia/Jakarta,"BMKG representative point: Hegarmanah, Kecamatan Jatinangor",04-08-2026,METNO,MET Norway,07:00,2026-08-04 07:00:00,19.3,98.9,0.0,7.56,0.0,1.3821,Berawan,fog
jatinangor,"Jatinangor, Sumedang",2026-08-04,32.11.15.2002,Hegarmanah,kecamatan,yes,-6.938,107.7556,Asia/Jakarta,"BMKG representative point: Hegarmanah, Kecamatan Jatinangor",04-08-2026,METNO,MET Norway,08:00,2026-08-04 08:00:00,21.4,92.9,0.0,4.68,0.0,1.3821,Berawan,fog
jatinangor,"Jatinangor, Sumedang",2026-08-04,32.11.15.2002,Hegarmanah,kecamatan,yes,-6.938,107.7556,Asia/Jakarta,"BMKG representative point: Hegarmanah, Kecamatan Jatinangor",04-08-2026,METNO,MET Norway,09:00,2026-08-04 09:00:00,24.0,78.0,0.0,3.96,0.0,1.3821,Cerah,clearsky_day
jatinangor,"Jatinangor, Sumedang",2026-08-04,32.11.15.2002,Hegarmanah,kecamatan,yes,-6.938,107.7556,Asia/Jakarta,"BMKG representative point: Hegarmanah, Kecamatan Jatinangor",04-08-2026,METNO,MET Norway,10:00,2026-08-04 10:00:00,26.5,62.9,0.0,5.4,0.0,1.3821,Cerah,clearsky_day
jatinangor,"Jatinangor, Sumedang",2026-08-04,32.11.15.2002,Hegarmanah,kecamatan,yes,-6.938,107.7556,Asia/Jakarta,"BMKG representative point: Hegarmanah, Kecamatan Jatinangor",04-08-2026,METNO,MET Norway,11:00,2026-08-04 11:00:00,28.4,50.9,0.0,6.12,0.0,1.3821,Cerah,clearsky_day
jatinangor,"Jatinangor, Sumedang",2026-08-04,32.11.15.2002,Hegarmanah,kecamatan,yes,-6.938,107.7556,Asia/Jakarta,"BMKG representative point: Hegarmanah, Kecamatan Jatinangor",04-08-2026,METNO,MET Norway,12:00,2026-08-04 12:00:00,29.6,43.8,0.0,6.48,0.0,1.3821,Cerah Berawan,fair_day
jatinangor,"Jatinangor, Sumedang",2026-08-04,32.11.15.2002,Hegarmanah,kecamatan,yes,-6.938,107.7556,Asia/Jakarta,"BMKG representative point: Hegarmanah, Kecamatan Jatinangor",04-08-2026,METNO,MET Norway,13:00,2026-08-04 13:00:00,29.8,42.9,0.0,7.92,0.0,1.3821,Cerah Berawan,fair_day
jatinangor,"Jatinangor, Sumedang",2026-08-04,32.11.15.2002,Hegarmanah,kecamatan,yes,-6.938,107.7556,Asia/Jakarta,"BMKG representative point: Hegarmanah, Kecamatan Jatinangor",04-08-2026,METNO,MET Norway,14:00,2026-08-04 14:00:00,29.2,46.5,0.2,8.28,0.0,1.3821,Hujan Ringan,lightrainshowers_day
jatinangor,"Jatinangor, Sumedang",2026-08-04,32.11.15.2002,Hegarmanah,kecamatan,yes,-6.938,107.7556,Asia/Jakarta,"BMKG representative point: Hegarmanah, Kecamatan Jatinangor",04-08-2026,METNO,MET Norway,15:00,2026-08-04 15:00:00,28.0,54.7,0.2,10.44,0.0,1.3821,Hujan Ringan,lightrainshowers_day
jatinangor,"Jatinangor, Sumedang",2026-08-04,32.11.15.2002,Hegarmanah,kecamatan,yes,-6.938,107.7556,Asia/Jakarta,"BMKG representative point: Hegarmanah, Kecamatan Jatinangor",04-08-2026,METNO,MET Norway,16:00,2026-08-04 16:00:00,27.0,60.9,0.2,10.8,0.0,1.3821,Hujan Ringan,lightrainshowers_day
jatinangor,"Jatinangor, Sumedang",2026-08-04,32.11.15.2002,Hegarmanah,kecamatan,yes,-6.938,107.7556,Asia/Jakarta,"BMKG representative point: Hegarmanah, Kecamatan Jatinangor",04-08-2026,METNO,MET Norway,17:00,2026-08-04 17:00:00,25.6,69.5,0.0,9.0,0.0,1.3821,Berawan,cloudy
jatinangor,"Jatinangor, Sumedang",2026-08-04,32.11.15.2002,Hegarmanah,kecamatan,yes,-6.938,107.7556,Asia/Jakarta,"BMKG representative point: Hegarmanah, Kecamatan Jatinangor",04-08-2026,METNO,MET Norway,18:00,2026-08-04 18:00:00,23.8,80.2,0.0,6.48,0.0,1.3821,Berawan,cloudy
jatinangor,"Jatinangor, Sumedang",2026-08-04,32.11.15.2002,Hegarmanah,kecamatan,yes,-6.938,107.7556,Asia/Jakarta,"BMKG representative point: Hegarmanah, Kecamatan Jatinangor",04-08-2026,METNO,MET Norway,19:00,2026-08-04 19:00:00,22.3,87.6,0.0,4.32,0.0,1.3821,Cerah Berawan,fair_night
jatinangor,"Jatinangor, Sumedang",2026-08-04,32.11.15.2002,Hegarmanah,kecamatan,yes,-6.938,107.7556,Asia/Jakarta,"BMKG representative point: Hegarmanah, Kecamatan Jatinangor",04-08-2026,METNO,MET Norway,20:00,2026-08-04 20:00:00,22.0,91.1,0.0,3.24,0.0,1.3821,Cerah Berawan,fair_night
jatinangor,"Jatinangor, Sumedang",2026-08-04,32.11.15.2002,Hegarmanah,kecamatan,yes,-6.938,107.7556,Asia/Jakarta,"BMKG representative point: Hegarmanah, Kecamatan Jatinangor",04-08-2026,METNO,MET Norway,21:00,2026-08-04 21:00:00,21.6,92.3,0.0,2.52,0.0,1.3821,Cerah Berawan,fair_night
jatinangor,"Jatinangor, Sumedang",2026-08-04,32.11.15.2002,Hegarmanah,kecamatan,yes,-6.938,107.7556,Asia/Jakarta,"BMKG representative point: Hegarmanah, Kecamatan Jatinangor",04-08-2026,METNO,MET Norway,22:00,2026-08-04 22:00:00,21.2,93.5,0.0,2.16,0.0,1.3821,Cerah,clearsky_night
jatinangor,"Jatinangor, Sumedang",2026-08-04,32.11.15.2002,Hegarmanah,kecamatan,yes,-6.938,107.7556,Asia/Jakarta,"BMKG representative point: Hegarmanah, Kecamatan Jatinangor",04-08-2026,METNO,MET Norway,23:00,2026-08-04 23:00:00,20.7,94.9,0.0,2.16,0.0,1.3821,Cerah,clearsky_night
jatinangor,"Jatinangor, Sumedang",2026-08-04,32.11.15.2002,Hegarmanah,kecamatan,yes,-6.938,107.7556,Asia/Jakarta,"BMKG representative point: Hegarmanah, Kecamatan Jatinangor",04-08-2026,UKMO,Open-Meteo / UK Met Office,00:00,2026-08-04 00:00:00,18.9,100,0.0,5.8,0.0,1.3288,Cerah,wmo:0
jatinangor,"Jatinangor, Sumedang",2026-08-04,32.11.15.2002,Hegarmanah,kecamatan,yes,-6.938,107.7556,Asia/Jakarta,"BMKG representative point: Hegarmanah, Kecamatan Jatinangor",04-08-2026,UKMO,Open-Meteo / UK Met Office,01:00,2026-08-04 01:00:00,18.4,100,0.0,5.8,0.0,1.3288,Berawan,wmo:45
jatinangor,"Jatinangor, Sumedang",2026-08-04,32.11.15.2002,Hegarmanah,kecamatan,yes,-6.938,107.7556,Asia/Jakarta,"BMKG representative point: Hegarmanah, Kecamatan Jatinangor",04-08-2026,UKMO,Open-Meteo / UK Met Office,02:00,2026-08-04 02:00:00,18.3,100,0.0,4.7,0.0,1.3288,Berawan,wmo:45
jatinangor,"Jatinangor, Sumedang",2026-08-04,32.11.15.2002,Hegarmanah,kecamatan,yes,-6.938,107.7556,Asia/Jakarta,"BMKG representative point: Hegarmanah, Kecamatan Jatinangor",04-08-2026,UKMO,Open-Meteo / UK Met Office,03:00,2026-08-04 03:00:00,18.9,100,0.0,4.3,0.0,1.3288,Berawan,wmo:45
jatinangor,"Jatinangor, Sumedang",2026-08-04,32.11.15.2002,Hegarmanah,kecamatan,yes,-6.938,107.7556,Asia/Jakarta,"BMKG representative point: Hegarmanah, Kecamatan Jatinangor",04-08-2026,UKMO,Open-Meteo / UK Met Office,04:00,2026-08-04 04:00:00,17.9,100,0.0,4.7,0.0,1.3288,Berawan,wmo:45
jatinangor,"Jatinangor, Sumedang",2026-08-04,32.11.15.2002,Hegarmanah,kecamatan,yes,-6.938,107.7556,Asia/Jakarta,"BMKG representative point: Hegarmanah, Kecamatan Jatinangor",04-08-2026,UKMO,Open-Meteo / UK Met Office,05:00,2026-08-04 05:00:00,17.7,100,0.0,4.7,0.0,1.3288,Berawan,wmo:45
jatinangor,"Jatinangor, Sumedang",2026-08-04,32.11.15.2002,Hegarmanah,kecamatan,yes,-6.938,107.7556,Asia/Jakarta,"BMKG representative point: Hegarmanah, Kecamatan Jatinangor",04-08-2026,UKMO,Open-Meteo / UK Met Office,06:00,2026-08-04 06:00:00,18.0,100,0.0,4.0,0.0,1.3288,Berawan,wmo:45
jatinangor,"Jatinangor, Sumedang",2026-08-04,32.11.15.2002,Hegarmanah,kecamatan,yes,-6.938,107.7556,Asia/Jakarta,"BMKG representative point: Hegarmanah, Kecamatan Jatinangor",04-08-2026,UKMO,Open-Meteo / UK Met Office,07:00,2026-08-04 07:00:00,18.9,99.0,0.0,3.2,0.0,1.3288,Cerah,wmo:0
jatinangor,"Jatinangor, Sumedang",2026-08-04,32.11.15.2002,Hegarmanah,kecamatan,yes,-6.938,107.7556,Asia/Jakarta,"BMKG representative point: Hegarmanah, Kecamatan Jatinangor",04-08-2026,UKMO,Open-Meteo / UK Met Office,08:00,2026-08-04 08:00:00,20.8,90.0,0.0,2.9,0.0,1.3288,Cerah,wmo:0
jatinangor,"Jatinangor, Sumedang",2026-08-04,32.11.15.2002,Hegarmanah,kecamatan,yes,-6.938,107.7556,Asia/Jakarta,"BMKG representative point: Hegarmanah, Kecamatan Jatinangor",04-08-2026,UKMO,Open-Meteo / UK Met Office,09:00,2026-08-04 09:00:00,23.3,78.0,0.0,2.5,0.0,1.3288,Cerah,wmo:0
jatinangor,"Jatinangor, Sumedang",2026-08-04,32.11.15.2002,Hegarmanah,kecamatan,yes,-6.938,107.7556,Asia/Jakarta,"BMKG representative point: Hegarmanah, Kecamatan Jatinangor",04-08-2026,UKMO,Open-Meteo / UK Met Office,10:00,2026-08-04 10:00:00,25.4,68.0,0.0,2.2,0.0,1.3288,Cerah Berawan,wmo:1
jatinangor,"Jatinangor, Sumedang",2026-08-04,32.11.15.2002,Hegarmanah,kecamatan,yes,-6.938,107.7556,Asia/Jakarta,"BMKG representative point: Hegarmanah, Kecamatan Jatinangor",04-08-2026,UKMO,Open-Meteo / UK Met Office,11:00,2026-08-04 11:00:00,26.4,61.0,0.1,1.8,0.0,1.3288,Hujan Ringan,wmo:51
jatinangor,"Jatinangor, Sumedang",2026-08-04,32.11.15.2002,Hegarmanah,kecamatan,yes,-6.938,107.7556,Asia/Jakarta,"BMKG representative point: Hegarmanah, Kecamatan Jatinangor",04-08-2026,UKMO,Open-Meteo / UK Met Office,12:00,2026-08-04 12:00:00,27.0,56.0,0.1,1.4,0.0,1.3288,Hujan Ringan,wmo:51
jatinangor,"Jatinangor, Sumedang",2026-08-04,32.11.15.2002,Hegarmanah,kecamatan,yes,-6.938,107.7556,Asia/Jakarta,"BMKG representative point: Hegarmanah, Kecamatan Jatinangor",04-08-2026,UKMO,Open-Meteo / UK Met Office,13:00,2026-08-04 13:00:00,27.3,52.0,0.1,1.1,0.0,1.3288,Hujan Ringan,wmo:51
jatinangor,"Jatinangor, Sumedang",2026-08-04,32.11.15.2002,Hegarmanah,kecamatan,yes,-6.938,107.7556,Asia/Jakarta,"BMKG representative point: Hegarmanah, Kecamatan Jatinangor",04-08-2026,UKMO,Open-Meteo / UK Met Office,14:00,2026-08-04 14:00:00,28.9,42.0,0.0,3.2,0.0,1.3288,Cerah Berawan,wmo:1
jatinangor,"Jatinangor, Sumedang",2026-08-04,32.11.15.2002,Hegarmanah,kecamatan,yes,-6.938,107.7556,Asia/Jakarta,"BMKG representative point: Hegarmanah, Kecamatan Jatinangor",04-08-2026,UKMO,Open-Meteo / UK Met Office,15:00,2026-08-04 15:00:00,28.9,43.0,0.0,7.2,0.0,1.3288,Cerah Berawan,wmo:1
jatinangor,"Jatinangor, Sumedang",2026-08-04,32.11.15.2002,Hegarmanah,kecamatan,yes,-6.938,107.7556,Asia/Jakarta,"BMKG representative point: Hegarmanah, Kecamatan Jatinangor",04-08-2026,UKMO,Open-Meteo / UK Met Office,16:00,2026-08-04 16:00:00,28.2,49.0,0.0,9.7,0.0,1.3288,Cerah,wmo:0
jatinangor,"Jatinangor, Sumedang",2026-08-04,32.11.15.2002,Hegarmanah,kecamatan,yes,-6.938,107.7556,Asia/Jakarta,"BMKG representative point: Hegarmanah, Kecamatan Jatinangor",04-08-2026,UKMO,Open-Meteo / UK Met Office,17:00,2026-08-04 17:00:00,26.5,63.0,0.0,9.4,0.0,1.3288,Cerah Berawan,wmo:1
jatinangor,"Jatinangor, Sumedang",2026-08-04,32.11.15.2002,Hegarmanah,kecamatan,yes,-6.938,107.7556,Asia/Jakarta,"BMKG representative point: Hegarmanah, Kecamatan Jatinangor",04-08-2026,UKMO,Open-Meteo / UK Met Office,18:00,2026-08-04 18:00:00,24.2,80.0,0.0,7.9,0.0,1.3288,Cerah Berawan,wmo:1
jatinangor,"Jatinangor, Sumedang",2026-08-04,32.11.15.2002,Hegarmanah,kecamatan,yes,-6.938,107.7556,Asia/Jakarta,"BMKG representative point: Hegarmanah, Kecamatan Jatinangor",04-08-2026,UKMO,Open-Meteo / UK Met Office,19:00,2026-08-04 19:00:00,22.2,94.0,0.0,6.5,0.0,1.3288,Cerah Berawan,wmo:1
jatinangor,"Jatinangor, Sumedang",2026-08-04,32.11.15.2002,Hegarmanah,kecamatan,yes,-6.938,107.7556,Asia/Jakarta,"BMKG representative point: Hegarmanah, Kecamatan Jatinangor",04-08-2026,UKMO,Open-Meteo / UK Met Office,20:00,2026-08-04 20:00:00,21.0,99.0,0.0,5.8,0.0,1.3288,Cerah Berawan,wmo:1
jatinangor,"Jatinangor, Sumedang",2026-08-04,32.11.15.2002,Hegarmanah,kecamatan,yes,-6.938,107.7556,Asia/Jakarta,"BMKG representative point: Hegarmanah, Kecamatan Jatinangor",04-08-2026,UKMO,Open-Meteo / UK Met Office,21:00,2026-08-04 21:00:00,20.2,100,0.0,5.4,0.0,1.3288,Cerah,wmo:0
jatinangor,"Jatinangor, Sumedang",2026-08-04,32.11.15.2002,Hegarmanah,kecamatan,yes,-6.938,107.7556,Asia/Jakarta,"BMKG representative point: Hegarmanah, Kecamatan Jatinangor",04-08-2026,UKMO,Open-Meteo / UK Met Office,22:00,2026-08-04 22:00:00,19.5,100,0.0,5.0,0.0,1.3288,Cerah,wmo:0
jatinangor,"Jatinangor, Sumedang",2026-08-04,32.11.15.2002,Hegarmanah,kecamatan,yes,-6.938,107.7556,Asia/Jakarta,"BMKG representative point: Hegarmanah, Kecamatan Jatinangor",04-08-2026,UKMO,Open-Meteo / UK Met Office,23:00,2026-08-04 23:00:00,18.8,100,0.0,4.7,0.0,1.3288,Cerah Berawan,wmo:1
arjawinangun,"Arjawinangun, Cirebon",2026-08-02,32.09.24.2004,Arjawinangun,kecamatan,no,-6.6453,108.4103,Asia/Jakarta,"BMKG point: Arjawinangun, Kecamatan Arjawinangun",02-08-2026,BMKG,BMKG,07:00,2026-08-02 10:00:00,32.0,46.0,0.0,14.2,180.0,0.9985,Cerah,Cerah
arjawinangun,"Arjawinangun, Cirebon",2026-08-02,32.09.24.2004,Arjawinangun,kecamatan,no,-6.6453,108.4103,Asia/Jakarta,"BMKG point: Arjawinangun, Kecamatan Arjawinangun",02-08-2026,BMKG,BMKG,08:00,2026-08-02 10:00:00,32.0,46.0,0.0,14.2,120.0,0.9985,Cerah,Cerah
arjawinangun,"Arjawinangun, Cirebon",2026-08-02,32.09.24.2004,Arjawinangun,kecamatan,no,-6.6453,108.4103,Asia/Jakarta,"BMKG point: Arjawinangun, Kecamatan Arjawinangun",02-08-2026,BMKG,BMKG,09:00,2026-08-02 10:00:00,32.0,46.0,0.0,14.2,60.0,1.3616,Cerah,Cerah
arjawinangun,"Arjawinangun, Cirebon",2026-08-02,32.09.24.2004,Arjawinangun,kecamatan,no,-6.6453,108.4103,Asia/Jakarta,"BMKG point: Arjawinangun, Kecamatan Arjawinangun",02-08-2026,BMKG,BMKG,10:00,2026-08-02 10:00:00,32.0,46.0,0.0,14.2,0.0,1.8155,Cerah,Cerah
arjawinangun,"Arjawinangun, Cirebon",2026-08-02,32.09.24.2004,Arjawinangun,kecamatan,no,-6.6453,108.4103,Asia/Jakarta,"BMKG point: Arjawinangun, Kecamatan Arjawinangun",02-08-2026,BMKG,BMKG,11:00,2026-08-02 10:00:00,32.0,46.0,0.0,14.2,60.0,1.3616,Cerah,Cerah
arjawinangun,"Arjawinangun, Cirebon",2026-08-02,32.09.24.2004,Arjawinangun,kecamatan,no,-6.6453,108.4103,Asia/Jakarta,"BMKG point: Arjawinangun, Kecamatan Arjawinangun",02-08-2026,BMKG,BMKG,12:00,2026-08-02 13:00:00,33.0,48.0,0.0,19.9,60.0,1.3616,Cerah,Cerah
arjawinangun,"Arjawinangun, Cirebon",2026-08-02,32.09.24.2004,Arjawinangun,kecamatan,no,-6.6453,108.4103,Asia/Jakarta,"BMKG point: Arjawinangun, Kecamatan Arjawinangun",02-08-2026,BMKG,BMKG,13:00,2026-08-02 13:00:00,33.0,48.0,0.0,19.9,0.0,1.8155,Cerah,Cerah
arjawinangun,"Arjawinangun, Cirebon",2026-08-02,32.09.24.2004,Arjawinangun,kecamatan,no,-6.6453,108.4103,Asia/Jakarta,"BMKG point: Arjawinangun, Kecamatan Arjawinangun",02-08-2026,BMKG,BMKG,14:00,2026-08-02 13:00:00,33.0,48.0,0.0,19.9,60.0,1.3616,Cerah,Cerah
arjawinangun,"Arjawinangun, Cirebon",2026-08-02,32.09.24.2004,Arjawinangun,kecamatan,no,-6.6453,108.4103,Asia/Jakarta,"BMKG point: Arjawinangun, Kecamatan Arjawinangun",02-08-2026,BMKG,BMKG,15:00,2026-08-02 16:00:00,29.0,58.0,0.0,16.6,60.0,1.3616,Cerah,Cerah
arjawinangun,"Arjawinangun, Cirebon",2026-08-02,32.09.24.2004,Arjawinangun,kecamatan,no,-6.6453,108.4103,Asia/Jakarta,"BMKG point: Arjawinangun, Kecamatan Arjawinangun",02-08-2026,BMKG,BMKG,16:00,2026-08-02 16:00:00,29.0,58.0,0.0,16.6,0.0,1.8155,Cerah,Cerah
arjawinangun,"Arjawinangun, Cirebon",2026-08-02,32.09.24.2004,Arjawinangun,kecamatan,no,-6.6453,108.4103,Asia/Jakarta,"BMKG point: Arjawinangun, Kecamatan Arjawinangun",02-08-2026,BMKG,BMKG,17:00,2026-08-02 16:00:00,29.0,58.0,0.0,16.6,60.0,1.3616,Cerah,Cerah
arjawinangun,"Arjawinangun, Cirebon",2026-08-02,32.09.24.2004,Arjawinangun,kecamatan,no,-6.6453,108.4103,Asia/Jakarta,"BMKG point: Arjawinangun, Kecamatan Arjawinangun",02-08-2026,BMKG,BMKG,18:00,2026-08-02 19:00:00,27.0,76.0,0.0,12.0,60.0,1.3616,Cerah,Cerah
arjawinangun,"Arjawinangun, Cirebon",2026-08-02,32.09.24.2004,Arjawinangun,kecamatan,no,-6.6453,108.4103,Asia/Jakarta,"BMKG point: Arjawinangun, Kecamatan Arjawinangun",02-08-2026,BMKG,BMKG,19:00,2026-08-02 19:00:00,27.0,76.0,0.0,12.0,0.0,1.8155,Cerah,Cerah
arjawinangun,"Arjawinangun, Cirebon",2026-08-02,32.09.24.2004,Arjawinangun,kecamatan,no,-6.6453,108.4103,Asia/Jakarta,"BMKG point: Arjawinangun, Kecamatan Arjawinangun",02-08-2026,BMKG,BMKG,20:00,2026-08-02 19:00:00,27.0,76.0,0.0,12.0,60.0,1.3616,Cerah,Cerah
arjawinangun,"Arjawinangun, Cirebon",2026-08-02,32.09.24.2004,Arjawinangun,kecamatan,no,-6.6453,108.4103,Asia/Jakarta,"BMKG point: Arjawinangun, Kecamatan Arjawinangun",02-08-2026,BMKG,BMKG,21:00,2026-08-02 22:00:00,26.0,81.0,0.0,5.5,60.0,1.3616,Cerah,Cerah
arjawinangun,"Arjawinangun, Cirebon",2026-08-02,32.09.24.2004,Arjawinangun,kecamatan,no,-6.6453,108.4103,Asia/Jakarta,"BMKG point: Arjawinangun, Kecamatan Arjawinangun",02-08-2026,BMKG,BMKG,22:00,2026-08-02 22:00:00,26.0,81.0,0.0,5.5,0.0,1.8155,Cerah,Cerah
arjawinangun,"Arjawinangun, Cirebon",2026-08-02,32.09.24.2004,Arjawinangun,kecamatan,no,-6.6453,108.4103,Asia/Jakarta,"BMKG point: Arjawinangun, Kecamatan Arjawinangun",02-08-2026,BMKG,BMKG,23:00,2026-08-02 22:00:00,26.0,81.0,0.0,5.5,60.0,1.3616,Cerah,Cerah
arjawinangun,"Arjawinangun, Cirebon",2026-08-02,32.09.24.2004,Arjawinangun,kecamatan,no,-6.6453,108.4103,Asia/Jakarta,"BMKG point: Arjawinangun, Kecamatan Arjawinangun",02-08-2026,CMA,Open-Meteo / CMA GRAPES,00:00,2026-08-02 00:00:00,24.6,79.0,0.0,10.5,0.0,1.1741,Cerah,wmo:0
arjawinangun,"Arjawinangun, Cirebon",2026-08-02,32.09.24.2004,Arjawinangun,kecamatan,no,-6.6453,108.4103,Asia/Jakarta,"BMKG point: Arjawinangun, Kecamatan Arjawinangun",02-08-2026,CMA,Open-Meteo / CMA GRAPES,01:00,2026-08-02 01:00:00,24.6,79.0,0.0,9.8,0.0,1.1741,Cerah,wmo:0
arjawinangun,"Arjawinangun, Cirebon",2026-08-02,32.09.24.2004,Arjawinangun,kecamatan,no,-6.6453,108.4103,Asia/Jakarta,"BMKG point: Arjawinangun, Kecamatan Arjawinangun",02-08-2026,CMA,Open-Meteo / CMA GRAPES,02:00,2026-08-02 02:00:00,24.5,79.0,0.0,9.8,0.0,1.1741,Cerah,wmo:0
arjawinangun,"Arjawinangun, Cirebon",2026-08-02,32.09.24.2004,Arjawinangun,kecamatan,no,-6.6453,108.4103,Asia/Jakarta,"BMKG point: Arjawinangun, Kecamatan Arjawinangun",02-08-2026,CMA,Open-Meteo / CMA GRAPES,03:00,2026-08-02 03:00:00,24.4,79.0,0.0,9.8,0.0,1.1741,Cerah,wmo:0
arjawinangun,"Arjawinangun, Cirebon",2026-08-02,32.09.24.2004,Arjawinangun,kecamatan,no,-6.6453,108.4103,Asia/Jakarta,"BMKG point: Arjawinangun, Kecamatan Arjawinangun",02-08-2026,CMA,Open-Meteo / CMA GRAPES,04:00,2026-08-02 04:00:00,24.4,79.0,0.0,9.8,0.0,1.1741,Cerah,wmo:0
arjawinangun,"Arjawinangun, Cirebon",2026-08-02,32.09.24.2004,Arjawinangun,kecamatan,no,-6.6453,108.4103,Asia/Jakarta,"BMKG point: Arjawinangun, Kecamatan Arjawinangun",02-08-2026,CMA,Open-Meteo / CMA GRAPES,05:00,2026-08-02 05:00:00,24.5,78.0,0.0,10.0,0.0,1.1741,Cerah,wmo:0
arjawinangun,"Arjawinangun, Cirebon",2026-08-02,32.09.24.2004,Arjawinangun,kecamatan,no,-6.6453,108.4103,Asia/Jakarta,"BMKG point: Arjawinangun, Kecamatan Arjawinangun",02-08-2026,CMA,Open-Meteo / CMA GRAPES,06:00,2026-08-02 06:00:00,24.7,78.0,0.0,10.4,0.0,1.1741,Cerah,wmo:0
arjawinangun,"Arjawinangun, Cirebon",2026-08-02,32.09.24.2004,Arjawinangun,kecamatan,no,-6.6453,108.4103,Asia/Jakarta,"BMKG point: Arjawinangun, Kecamatan Arjawinangun",02-08-2026,CMA,Open-Meteo / CMA GRAPES,07:00,2026-08-02 07:00:00,25.2,76.0,0.0,10.2,0.0,1.1741,Cerah,wmo:0
arjawinangun,"Arjawinangun, Cirebon",2026-08-02,32.09.24.2004,Arjawinangun,kecamatan,no,-6.6453,108.4103,Asia/Jakarta,"BMKG point: Arjawinangun, Kecamatan Arjawinangun",02-08-2026,CMA,Open-Meteo / CMA GRAPES,08:00,2026-08-02 08:00:00,26.4,73.0,0.0,9.8,0.0,1.1741,Cerah,wmo:0
arjawinangun,"Arjawinangun, Cirebon",2026-08-02,32.09.24.2004,Arjawinangun,kecamatan,no,-6.6453,108.4103,Asia/Jakarta,"BMKG point: Arjawinangun, Kecamatan Arjawinangun",02-08-2026,CMA,Open-Meteo / CMA GRAPES,09:00,2026-08-02 09:00:00,28.0,69.0,0.0,10.5,0.0,1.1741,Cerah,wmo:0
arjawinangun,"Arjawinangun, Cirebon",2026-08-02,32.09.24.2004,Arjawinangun,kecamatan,no,-6.6453,108.4103,Asia/Jakarta,"BMKG point: Arjawinangun, Kecamatan Arjawinangun",02-08-2026,CMA,Open-Meteo / CMA GRAPES,10:00,2026-08-02 10:00:00,29.2,66.0,0.0,12.2,0.0,1.1741,Cerah,wmo:0
arjawinangun,"Arjawinangun, Cirebon",2026-08-02,32.09.24.2004,Arjawinangun,kecamatan,no,-6.6453,108.4103,Asia/Jakarta,"BMKG point: Arjawinangun, Kecamatan Arjawinangun",02-08-2026,CMA,Open-Meteo / CMA GRAPES,11:00,2026-08-02 11:00:00,29.9,63.0,0.0,14.0,0.0,1.1741,Cerah,wmo:0
arjawinangun,"Arjawinangun, Cirebon",2026-08-02,32.09.24.2004,Arjawinangun,kecamatan,no,-6.6453,108.4103,Asia/Jakarta,"BMKG point: Arjawinangun, Kecamatan Arjawinangun",02-08-2026,CMA,Open-Meteo / CMA GRAPES,12:00,2026-08-02 12:00:00,30.3,62.0,0.0,15.7,0.0,1.1741,Cerah,wmo:0
arjawinangun,"Arjawinangun, Cirebon",2026-08-02,32.09.24.2004,Arjawinangun,kecamatan,no,-6.6453,108.4103,Asia/Jakarta,"BMKG point: Arjawinangun, Kecamatan Arjawinangun",02-08-2026,CMA,Open-Meteo / CMA GRAPES,13:00,2026-08-02 13:00:00,30.4,61.0,0.0,17.3,0.0,1.1741,Cerah,wmo:0
arjawinangun,"Arjawinangun, Cirebon",2026-08-02,32.09.24.2004,Arjawinangun,kecamatan,no,-6.6453,108.4103,Asia/Jakarta,"BMKG point: Arjawinangun, Kecamatan Arjawinangun",02-08-2026,CMA,Open-Meteo / CMA GRAPES,14:00,2026-08-02 14:00:00,30.0,63.0,0.0,17.4,0.0,1.1741,Cerah,wmo:0
arjawinangun,"Arjawinangun, Cirebon",2026-08-02,32.09.24.2004,Arjawinangun,kecamatan,no,-6.6453,108.4103,Asia/Jakarta,"BMKG point: Arjawinangun, Kecamatan Arjawinangun",02-08-2026,CMA,Open-Meteo / CMA GRAPES,15:00,2026-08-02 15:00:00,29.4,66.0,0.0,16.6,0.0,1.1741,Cerah,wmo:0
arjawinangun,"Arjawinangun, Cirebon",2026-08-02,32.09.24.2004,Arjawinangun,kecamatan,no,-6.6453,108.4103,Asia/Jakarta,"BMKG point: Arjawinangun, Kecamatan Arjawinangun",02-08-2026,CMA,Open-Meteo / CMA GRAPES,16:00,2026-08-02 16:00:00,28.7,69.0,0.0,15.2,0.0,1.1741,Cerah,wmo:0
arjawinangun,"Arjawinangun, Cirebon",2026-08-02,32.09.24.2004,Arjawinangun,kecamatan,no,-6.6453,108.4103,Asia/Jakarta,"BMKG point: Arjawinangun, Kecamatan Arjawinangun",02-08-2026,CMA,Open-Meteo / CMA GRAPES,17:00,2026-08-02 17:00:00,27.9,73.0,0.0,13.7,0.0,1.1741,Cerah,wmo:0
arjawinangun,"Arjawinangun, Cirebon",2026-08-02,32.09.24.2004,Arjawinangun,kecamatan,no,-6.6453,108.4103,Asia/Jakarta,"BMKG point: Arjawinangun, Kecamatan Arjawinangun",02-08-2026,CMA,Open-Meteo / CMA GRAPES,18:00,2026-08-02 18:00:00,27.1,78.0,0.0,12.2,0.0,1.1741,Cerah,wmo:0
arjawinangun,"Arjawinangun, Cirebon",2026-08-02,32.09.24.2004,Arjawinangun,kecamatan,no,-6.6453,108.4103,Asia/Jakarta,"BMKG point: Arjawinangun, Kecamatan Arjawinangun",02-08-2026,CMA,Open-Meteo / CMA GRAPES,19:00,2026-08-02 19:00:00,26.4,81.0,0.0,11.6,0.0,1.1741,Cerah,wmo:0
arjawinangun,"Arjawinangun, Cirebon",2026-08-02,32.09.24.2004,Arjawinangun,kecamatan,no,-6.6453,108.4103,Asia/Jakarta,"BMKG point: Arjawinangun, Kecamatan Arjawinangun",02-08-2026,CMA,Open-Meteo / CMA GRAPES,20:00,2026-08-02 20:00:00,26.0,83.0,0.0,10.4,0.0,1.1741,Cerah,wmo:0
arjawinangun,"Arjawinangun, Cirebon",2026-08-02,32.09.24.2004,Arjawinangun,kecamatan,no,-6.6453,108.4103,Asia/Jakarta,"BMKG point: Arjawinangun, Kecamatan Arjawinangun",02-08-2026,CMA,Open-Meteo / CMA GRAPES,21:00,2026-08-02 21:00:00,25.7,83.0,0.0,9.2,0.0,1.1741,Cerah,wmo:0
arjawinangun,"Arjawinangun, Cirebon",2026-08-02,32.09.24.2004,Arjawinangun,kecamatan,no,-6.6453,108.4103,Asia/Jakarta,"BMKG point: Arjawinangun, Kecamatan Arjawinangun",02-08-2026,CMA,Open-Meteo / CMA GRAPES,22:00,2026-08-02 22:00:00,25.5,84.0,0.0,8.7,0.0,1.1741,Cerah,wmo:0
arjawinangun,"Arjawinangun, Cirebon",2026-08-02,32.09.24.2004,Arjawinangun,kecamatan,no,-6.6453,108.4103,Asia/Jakarta,"BMKG point: Arjawinangun, Kecamatan Arjawinangun",02-08-2026,CMA,Open-Meteo / CMA GRAPES,23:00,2026-08-02 23:00:00,25.1,85.0,0.0,8.1,0.0,1.1741,Cerah,wmo:0
arjawinangun,"Arjawinangun, Cirebon",2026-08-02,32.09.24.2004,Arjawinangun,kecamatan,no,-6.6453,108.4103,Asia/Jakarta,"BMKG point: Arjawinangun, Kecamatan Arjawinangun",02-08-2026,ECMWF,Open-Meteo / ECMWF,00:00,2026-08-02 00:00:00,24.7,79.0,0.0,3.6,0.0,1.7011,Cerah,wmo:0
arjawinangun,"Arjawinangun, Cirebon",2026-08-02,32.09.24.2004,Arjawinangun,kecamatan,no,-6.6453,108.4103,Asia/Jakarta,"BMKG point: Arjawinangun, Kecamatan Arjawinangun",02-08-2026,ECMWF,Open-Meteo / ECMWF,01:00,2026-08-02 01:00:00,24.4,80.0,0.0,2.2,0.0,1.7011,Cerah,wmo:0
arjawinangun,"Arjawinangun, Cirebon",2026-08-02,32.09.24.2004,Arjawinangun,kecamatan,no,-6.6453,108.4103,Asia/Jakarta,"BMKG point: Arjawinangun, Kecamatan Arjawinangun",02-08-2026,ECMWF,Open-Meteo / ECMWF,02:00,2026-08-02 02:00:00,24.1,80.0,0.0,1.5,0.0,1.7011,Cerah,wmo:0
arjawinangun,"Arjawinangun, Cirebon",2026-08-02,32.09.24.2004,Arjawinangun,kecamatan,no,-6.6453,108.4103,Asia/Jakarta,"BMKG point: Arjawinangun, Kecamatan Arjawinangun",02-08-2026,ECMWF,Open-Meteo / ECMWF,03:00,2026-08-02 03:00:00,23.9,80.0,0.0,1.1,0.0,1.7011,Cerah,wmo:0
arjawinangun,"Arjawinangun, Cirebon",2026-08-02,32.09.24.2004,Arjawinangun,kecamatan,no,-6.6453,108.4103,Asia/Jakarta,"BMKG point: Arjawinangun, Kecamatan Arjawinangun",02-08-2026,ECMWF,Open-Meteo / ECMWF,04:00,2026-08-02 04:00:00,24.0,79.0,0.0,0.8,0.0,1.7011,Cerah,wmo:0
arjawinangun,"Arjawinangun, Cirebon",2026-08-02,32.09.24.2004,Arjawinangun,kecamatan,no,-6.6453,108.4103,Asia/Jakarta,"BMKG point: Arjawinangun, Kecamatan Arjawinangun",02-08-2026,ECMWF,Open-Meteo / ECMWF,05:00,2026-08-02 05:00:00,24.2,78.0,0.0,1.5,0.0,1.7011,Cerah Berawan,wmo:1
arjawinangun,"Arjawinangun, Cirebon",2026-08-02,32.09.24.2004,Arjawinangun,kecamatan,no,-6.6453,108.4103,Asia/Jakarta,"BMKG point: Arjawinangun, Kecamatan Arjawinangun",02-08-2026,ECMWF,Open-Meteo / ECMWF,06:00,2026-08-02 06:00:00,24.6,76.0,0.0,2.5,0.0,1.7011,Cerah Berawan,wmo:2
arjawinangun,"Arjawinangun, Cirebon",2026-08-02,32.09.24.2004,Arjawinangun,kecamatan,no,-6.6453,108.4103,Asia/Jakarta,"BMKG point: Arjawinangun, Kecamatan Arjawinangun",02-08-2026,ECMWF,Open-Meteo / ECMWF,07:00,2026-08-02 07:00:00,25.4,73.0,0.0,2.4,0.0,1.7011,Berawan,wmo:3
arjawinangun,"Arjawinangun, Cirebon",2026-08-02,32.09.24.2004,Arjawinangun,kecamatan,no,-6.6453,108.4103,Asia/Jakarta,"BMKG point: Arjawinangun, Kecamatan Arjawinangun",02-08-2026,ECMWF,Open-Meteo / ECMWF,08:00,2026-08-02 08:00:00,27.0,68.0,0.0,3.3,0.0,1.7011,Berawan,wmo:3
arjawinangun,"Arjawinangun, Cirebon",2026-08-02,32.09.24.2004,Arjawinangun,kecamatan,no,-6.6453,108.4103,Asia/Jakarta,"BMKG point: Arjawinangun, Kecamatan Arjawinangun",02-08-2026,ECMWF,Open-Meteo / ECMWF,09:00,2026-08-02 09:00:00,29.0,61.0,0.0,7.8,0.0,1.7011,Cerah Berawan,wmo:2
arjawinangun,"Arjawinangun, Cirebon",2026-08-02,32.09.24.2004,Arjawinangun,kecamatan,no,-6.6453,108.4103,Asia/Jakarta,"BMKG point: Arjawinangun, Kecamatan Arjawinangun",02-08-2026,ECMWF,Open-Meteo / ECMWF,10:00,2026-08-02 10:00:00,30.5,56.0,0.0,11.6,0.0,1.7011,Cerah Berawan,wmo:2
arjawinangun,"Arjawinangun, Cirebon",2026-08-02,32.09.24.2004,Arjawinangun,kecamatan,no,-6.6453,108.4103,Asia/Jakarta,"BMKG point: Arjawinangun, Kecamatan Arjawinangun",02-08-2026,ECMWF,Open-Meteo / ECMWF,11:00,2026-08-02 11:00:00,31.0,54.0,0.0,13.7,0.0,1.7011,Cerah Berawan,wmo:1
arjawinangun,"Arjawinangun, Cirebon",2026-08-02,32.09.24.2004,Arjawinangun,kecamatan,no,-6.6453,108.4103,Asia/Jakarta,"BMKG point: Arjawinangun, Kecamatan Arjawinangun",02-08-2026,ECMWF,Open-Meteo / ECMWF,12:00,2026-08-02 12:00:00,31.0,55.0,0.0,15.5,0.0,1.7011,Cerah Berawan,wmo:1
arjawinangun,"Arjawinangun, Cirebon",2026-08-02,32.09.24.2004,Arjawinangun,kecamatan,no,-6.6453,108.4103,Asia/Jakarta,"BMKG point: Arjawinangun, Kecamatan Arjawinangun",02-08-2026,ECMWF,Open-Meteo / ECMWF,13:00,2026-08-02 13:00:00,30.9,56.0,0.0,16.4,0.0,1.7011,Cerah,wmo:0
arjawinangun,"Arjawinangun, Cirebon",2026-08-02,32.09.24.2004,Arjawinangun,kecamatan,no,-6.6453,108.4103,Asia/Jakarta,"BMKG point: Arjawinangun, Kecamatan Arjawinangun",02-08-2026,ECMWF,Open-Meteo / ECMWF,14:00,2026-08-02 14:00:00,30.7,58.0,0.0,15.3,0.0,1.7011,Cerah,wmo:0
arjawinangun,"Arjawinangun, Cirebon",2026-08-02,32.09.24.2004,Arjawinangun,kecamatan,no,-6.6453,108.4103,Asia/Jakarta,"BMKG point: Arjawinangun, Kecamatan Arjawinangun",02-08-2026,ECMWF,Open-Meteo / ECMWF,15:00,2026-08-02 15:00:00,30.3,60.0,0.0,12.9,0.0,1.7011,Cerah,wmo:0
arjawinangun,"Arjawinangun, Cirebon",2026-08-02,32.09.24.2004,Arjawinangun,kecamatan,no,-6.6453,108.4103,Asia/Jakarta,"BMKG point: Arjawinangun, Kecamatan Arjawinangun",02-08-2026,ECMWF,Open-Meteo / ECMWF,16:00,2026-08-02 16:00:00,29.8,63.0,0.0,10.7,0.0,1.7011,Cerah,wmo:0
arjawinangun,"Arjawinangun, Cirebon",2026-08-02,32.09.24.2004,Arjawinangun,kecamatan,no,-6.6453,108.4103,Asia/Jakarta,"BMKG point: Arjawinangun, Kecamatan Arjawinangun",02-08-2026,ECMWF,Open-Meteo / ECMWF,17:00,2026-08-02 17:00:00,29.0,67.0,0.0,9.1,0.0,1.7011,Cerah,wmo:0
arjawinangun,"Arjawinangun, Cirebon",2026-08-02,32.09.24.2004,Arjawinangun,kecamatan,no,-6.6453,108.4103,Asia/Jakarta,"BMKG point: Arjawinangun, Kecamatan Arjawinangun",02-08-2026,ECMWF,Open-Meteo / ECMWF,18:00,2026-08-02 18:00:00,28.0,72.0,0.0,7.6,0.0,1.7011,Cerah,wmo:0
arjawinangun,"Arjawinangun, Cirebon",2026-08-02,32.09.24.2004,Arjawinangun,kecamatan,no,-6.6453,108.4103,Asia/Jakarta,"BMKG point: Arjawinangun, Kecamatan Arjawinangun",02-08-2026,ECMWF,Open-Meteo / ECMWF,19:00,2026-08-02 19:00:00,27.2,76.0,0.0,6.6,0.0,1.7011,Cerah,wmo:0
arjawinangun,"Arjawinangun, Cirebon",2026-08-02,32.09.24.2004,Arjawinangun,kecamatan,no,-6.6453,108.4103,Asia/Jakarta,"BMKG point: Arjawinangun, Kecamatan Arjawinangun",02-08-2026,ECMWF,Open-Meteo / ECMWF,20:00,2026-08-02 20:00:00,26.8,78.0,0.0,5.8,0.0,1.7011,Cerah,wmo:0
arjawinangun,"Arjawinangun, Cirebon",2026-08-02,32.09.24.2004,Arjawinangun,kecamatan,no,-6.6453,108.4103,Asia/Jakarta,"BMKG point: Arjawinangun, Kecamatan Arjawinangun",02-08-2026,ECMWF,Open-Meteo / ECMWF,21:00,2026-08-02 21:00:00,26.6,79.0,0.0,5.4,0.0,1.7011,Cerah,wmo:0
arjawinangun,"Arjawinangun, Cirebon",2026-08-02,32.09.24.2004,Arjawinangun,kecamatan,no,-6.6453,108.4103,Asia/Jakarta,"BMKG point: Arjawinangun, Kecamatan Arjawinangun",02-08-2026,ECMWF,Open-Meteo / ECMWF,22:00,2026-08-02 22:00:00,26.5,79.0,0.0,4.8,0.0,1.7011,Cerah Berawan,wmo:1
arjawinangun,"Arjawinangun, Cirebon",2026-08-02,32.09.24.2004,Arjawinangun,kecamatan,no,-6.6453,108.4103,Asia/Jakarta,"BMKG point: Arjawinangun, Kecamatan Arjawinangun",02-08-2026,ECMWF,Open-Meteo / ECMWF,23:00,2026-08-02 23:00:00,26.2,79.0,0.0,3.7,0.0,1.7011,Cerah Berawan,wmo:1
arjawinangun,"Arjawinangun, Cirebon",2026-08-02,32.09.24.2004,Arjawinangun,kecamatan,no,-6.6453,108.4103,Asia/Jakarta,"BMKG point: Arjawinangun, Kecamatan Arjawinangun",02-08-2026,GFS,Open-Meteo / NOAA GFS,00:00,2026-08-02 00:00:00,23.6,77.0,0.0,4.1,0.0,1.4091,Cerah,wmo:0
arjawinangun,"Arjawinangun, Cirebon",2026-08-02,32.09.24.2004,Arjawinangun,kecamatan,no,-6.6453,108.4103,Asia/Jakarta,"BMKG point: Arjawinangun, Kecamatan Arjawinangun",02-08-2026,GFS,Open-Meteo / NOAA GFS,01:00,2026-08-02 01:00:00,23.3,75.0,0.0,5.1,0.0,1.4091,Cerah,wmo:0
arjawinangun,"Arjawinangun, Cirebon",2026-08-02,32.09.24.2004,Arjawinangun,kecamatan,no,-6.6453,108.4103,Asia/Jakarta,"BMKG point: Arjawinangun, Kecamatan Arjawinangun",02-08-2026,GFS,Open-Meteo / NOAA GFS,02:00,2026-08-02 02:00:00,23.0,75.0,0.0,5.2,0.0,1.4091,Cerah,wmo:0
arjawinangun,"Arjawinangun, Cirebon",2026-08-02,32.09.24.2004,Arjawinangun,kecamatan,no,-6.6453,108.4103,Asia/Jakarta,"BMKG point: Arjawinangun, Kecamatan Arjawinangun",02-08-2026,GFS,Open-Meteo / NOAA GFS,03:00,2026-08-02 03:00:00,22.8,75.0,0.0,4.0,0.0,1.4091,Cerah Berawan,wmo:2
arjawinangun,"Arjawinangun, Cirebon",2026-08-02,32.09.24.2004,Arjawinangun,kecamatan,no,-6.6453,108.4103,Asia/Jakarta,"BMKG point: Arjawinangun, Kecamatan Arjawinangun",02-08-2026,GFS,Open-Meteo / NOAA GFS,04:00,2026-08-02 04:00:00,22.7,75.0,0.0,4.3,0.0,1.4091,Cerah Berawan,wmo:1
arjawinangun,"Arjawinangun, Cirebon",2026-08-02,32.09.24.2004,Arjawinangun,kecamatan,no,-6.6453,108.4103,Asia/Jakarta,"BMKG point: Arjawinangun, Kecamatan Arjawinangun",02-08-2026,GFS,Open-Meteo / NOAA GFS,05:00,2026-08-02 05:00:00,22.6,74.0,0.0,4.6,0.0,1.4091,Berawan,wmo:3
arjawinangun,"Arjawinangun, Cirebon",2026-08-02,32.09.24.2004,Arjawinangun,kecamatan,no,-6.6453,108.4103,Asia/Jakarta,"BMKG point: Arjawinangun, Kecamatan Arjawinangun",02-08-2026,GFS,Open-Meteo / NOAA GFS,06:00,2026-08-02 06:00:00,22.4,75.0,0.0,2.5,0.0,1.4091,Berawan,wmo:3
arjawinangun,"Arjawinangun, Cirebon",2026-08-02,32.09.24.2004,Arjawinangun,kecamatan,no,-6.6453,108.4103,Asia/Jakarta,"BMKG point: Arjawinangun, Kecamatan Arjawinangun",02-08-2026,GFS,Open-Meteo / NOAA GFS,07:00,2026-08-02 07:00:00,24.7,66.0,0.0,3.3,0.0,1.4091,Berawan,wmo:3
arjawinangun,"Arjawinangun, Cirebon",2026-08-02,32.09.24.2004,Arjawinangun,kecamatan,no,-6.6453,108.4103,Asia/Jakarta,"BMKG point: Arjawinangun, Kecamatan Arjawinangun",02-08-2026,GFS,Open-Meteo / NOAA GFS,08:00,2026-08-02 08:00:00,27.4,57.0,0.0,4.8,0.0,1.4091,Berawan,wmo:3
arjawinangun,"Arjawinangun, Cirebon",2026-08-02,32.09.24.2004,Arjawinangun,kecamatan,no,-6.6453,108.4103,Asia/Jakarta,"BMKG point: Arjawinangun, Kecamatan Arjawinangun",02-08-2026,GFS,Open-Meteo / NOAA GFS,09:00,2026-08-02 09:00:00,29.8,50.0,0.0,12.4,0.0,1.4091,Berawan,wmo:3
arjawinangun,"Arjawinangun, Cirebon",2026-08-02,32.09.24.2004,Arjawinangun,kecamatan,no,-6.6453,108.4103,Asia/Jakarta,"BMKG point: Arjawinangun, Kecamatan Arjawinangun",02-08-2026,GFS,Open-Meteo / NOAA GFS,10:00,2026-08-02 10:00:00,30.9,50.0,0.0,17.7,0.0,1.4091,Cerah,wmo:0
arjawinangun,"Arjawinangun, Cirebon",2026-08-02,32.09.24.2004,Arjawinangun,kecamatan,no,-6.6453,108.4103,Asia/Jakarta,"BMKG point: Arjawinangun, Kecamatan Arjawinangun",02-08-2026,GFS,Open-Meteo / NOAA GFS,11:00,2026-08-02 11:00:00,31.2,51.0,0.0,20.0,0.0,1.4091,Cerah,wmo:0
arjawinangun,"Arjawinangun, Cirebon",2026-08-02,32.09.24.2004,Arjawinangun,kecamatan,no,-6.6453,108.4103,Asia/Jakarta,"BMKG point: Arjawinangun, Kecamatan Arjawinangun",02-08-2026,GFS,Open-Meteo / NOAA GFS,12:00,2026-08-02 12:00:00,31.7,49.0,0.0,19.8,0.0,1.4091,Cerah,wmo:0
arjawinangun,"Arjawinangun, Cirebon",2026-08-02,32.09.24.2004,Arjawinangun,kecamatan,no,-6.6453,108.4103,Asia/Jakarta,"BMKG point: Arjawinangun, Kecamatan Arjawinangun",02-08-2026,GFS,Open-Meteo / NOAA GFS,13:00,2026-08-02 13:00:00,32.1,48.0,0.0,20.2,0.0,1.4091,Cerah,wmo:0
arjawinangun,"Arjawinangun, Cirebon",2026-08-02,32.09.24.2004,Arjawinangun,kecamatan,no,-6.6453,108.4103,Asia/Jakarta,"BMKG point: Arjawinangun, Kecamatan Arjawinangun",02-08-2026,GFS,Open-Meteo / NOAA GFS,14:00,2026-08-02 14:00:00,31.6,50.0,0.0,21.0,0.0,1.4091,Cerah,wmo:0
arjawinangun,"Arjawinangun, Cirebon",2026-08-02,32.09.24.2004,Arjawinangun,kecamatan,no,-6.6453,108.4103,Asia/Jakarta,"BMKG point: Arjawinangun, Kecamatan Arjawinangun",02-08-2026,GFS,Open-Meteo / NOAA GFS,15:00,2026-08-02 15:00:00,30.6,54.0,0.0,19.0,0.0,1.4091,Cerah,wmo:0
arjawinangun,"Arjawinangun, Cirebon",2026-08-02,32.09.24.2004,Arjawinangun,kecamatan,no,-6.6453,108.4103,Asia/Jakarta,"BMKG point: Arjawinangun, Kecamatan Arjawinangun",02-08-2026,GFS,Open-Meteo / NOAA GFS,16:00,2026-08-02 16:00:00,29.7,59.0,0.0,17.2,0.0,1.4091,Cerah,wmo:0
arjawinangun,"Arjawinangun, Cirebon",2026-08-02,32.09.24.2004,Arjawinangun,kecamatan,no,-6.6453,108.4103,Asia/Jakarta,"BMKG point: Arjawinangun, Kecamatan Arjawinangun",02-08-2026,GFS,Open-Meteo / NOAA GFS,17:00,2026-08-02 17:00:00,28.1,68.0,0.0,15.1,0.0,1.4091,Cerah,wmo:0
arjawinangun,"Arjawinangun, Cirebon",2026-08-02,32.09.24.2004,Arjawinangun,kecamatan,no,-6.6453,108.4103,Asia/Jakarta,"BMKG point: Arjawinangun, Kecamatan Arjawinangun",02-08-2026,GFS,Open-Meteo / NOAA GFS,18:00,2026-08-02 18:00:00,26.0,78.0,0.0,11.2,0.0,1.4091,Cerah,wmo:0
arjawinangun,"Arjawinangun, Cirebon",2026-08-02,32.09.24.2004,Arjawinangun,kecamatan,no,-6.6453,108.4103,Asia/Jakarta,"BMKG point: Arjawinangun, Kecamatan Arjawinangun",02-08-2026,GFS,Open-Meteo / NOAA GFS,19:00,2026-08-02 19:00:00,25.0,83.0,0.0,10.2,0.0,1.4091,Cerah,wmo:0
arjawinangun,"Arjawinangun, Cirebon",2026-08-02,32.09.24.2004,Arjawinangun,kecamatan,no,-6.6453,108.4103,Asia/Jakarta,"BMKG point: Arjawinangun, Kecamatan Arjawinangun",02-08-2026,GFS,Open-Meteo / NOAA GFS,20:00,2026-08-02 20:00:00,24.7,84.0,0.0,9.9,0.0,1.4091,Cerah,wmo:0
arjawinangun,"Arjawinangun, Cirebon",2026-08-02,32.09.24.2004,Arjawinangun,kecamatan,no,-6.6453,108.4103,Asia/Jakarta,"BMKG point: Arjawinangun, Kecamatan Arjawinangun",02-08-2026,GFS,Open-Meteo / NOAA GFS,21:00,2026-08-02 21:00:00,24.7,84.0,0.0,10.2,0.0,1.4091,Cerah,wmo:0
arjawinangun,"Arjawinangun, Cirebon",2026-08-02,32.09.24.2004,Arjawinangun,kecamatan,no,-6.6453,108.4103,Asia/Jakarta,"BMKG point: Arjawinangun, Kecamatan Arjawinangun",02-08-2026,GFS,Open-Meteo / NOAA GFS,22:00,2026-08-02 22:00:00,24.6,84.0,0.0,9.2,0.0,1.4091,Cerah,wmo:0
arjawinangun,"Arjawinangun, Cirebon",2026-08-02,32.09.24.2004,Arjawinangun,kecamatan,no,-6.6453,108.4103,Asia/Jakarta,"BMKG point: Arjawinangun, Kecamatan Arjawinangun",02-08-2026,GFS,Open-Meteo / NOAA GFS,23:00,2026-08-02 23:00:00,24.5,84.0,0.0,8.2,0.0,1.4091,Cerah,wmo:0
arjawinangun,"Arjawinangun, Cirebon",2026-08-02,32.09.24.2004,Arjawinangun,kecamatan,no,-6.6453,108.4103,Asia/Jakarta,"BMKG point: Arjawinangun, Kecamatan Arjawinangun",02-08-2026,ICON,Open-Meteo / DWD ICON,00:00,2026-08-02 00:00:00,24.6,76.0,0.0,3.5,0.0,1.4875,Cerah,wmo:0
arjawinangun,"Arjawinangun, Cirebon",2026-08-02,32.09.24.2004,Arjawinangun,kecamatan,no,-6.6453,108.4103,Asia/Jakarta,"BMKG point: Arjawinangun, Kecamatan Arjawinangun",02-08-2026,ICON,Open-Meteo / DWD ICON,01:00,2026-08-02 01:00:00,24.5,75.0,0.0,3.1,0.0,1.4875,Cerah Berawan,wmo:1
arjawinangun,"Arjawinangun, Cirebon",2026-08-02,32.09.24.2004,Arjawinangun,kecamatan,no,-6.6453,108.4103,Asia/Jakarta,"BMKG point: Arjawinangun, Kecamatan Arjawinangun",02-08-2026,ICON,Open-Meteo / DWD ICON,02:00,2026-08-02 02:00:00,24.2,75.0,0.0,2.5,0.0,1.4875,Cerah Berawan,wmo:1
arjawinangun,"Arjawinangun, Cirebon",2026-08-02,32.09.24.2004,Arjawinangun,kecamatan,no,-6.6453,108.4103,Asia/Jakarta,"BMKG point: Arjawinangun, Kecamatan Arjawinangun",02-08-2026,ICON,Open-Meteo / DWD ICON,03:00,2026-08-02 03:00:00,23.8,77.0,0.0,2.6,0.0,1.4875,Cerah Berawan,wmo:1
arjawinangun,"Arjawinangun, Cirebon",2026-08-02,32.09.24.2004,Arjawinangun,kecamatan,no,-6.6453,108.4103,Asia/Jakarta,"BMKG point: Arjawinangun, Kecamatan Arjawinangun",02-08-2026,ICON,Open-Meteo / DWD ICON,04:00,2026-08-02 04:00:00,23.5,78.0,0.0,1.9,0.0,1.4875,Cerah Berawan,wmo:1
arjawinangun,"Arjawinangun, Cirebon",2026-08-02,32.09.24.2004,Arjawinangun,kecamatan,no,-6.6453,108.4103,Asia/Jakarta,"BMKG point: Arjawinangun, Kecamatan Arjawinangun",02-08-2026,ICON,Open-Meteo / DWD ICON,05:00,2026-08-02 05:00:00,23.4,78.0,0.0,2.2,0.0,1.4875,Cerah Berawan,wmo:1
arjawinangun,"Arjawinangun, Cirebon",2026-08-02,32.09.24.2004,Arjawinangun,kecamatan,no,-6.6453,108.4103,Asia/Jakarta,"BMKG point: Arjawinangun, Kecamatan Arjawinangun",02-08-2026,ICON,Open-Meteo / DWD ICON,06:00,2026-08-02 06:00:00,23.3,78.0,0.0,2.2,0.0,1.4875,Cerah Berawan,wmo:1
arjawinangun,"Arjawinangun, Cirebon",2026-08-02,32.09.24.2004,Arjawinangun,kecamatan,no,-6.6453,108.4103,Asia/Jakarta,"BMKG point: Arjawinangun, Kecamatan Arjawinangun",02-08-2026,ICON,Open-Meteo / DWD ICON,07:00,2026-08-02 07:00:00,24.0,78.0,0.0,2.7,0.0,1.4875,Cerah Berawan,wmo:1
arjawinangun,"Arjawinangun, Cirebon",2026-08-02,32.09.24.2004,Arjawinangun,kecamatan,no,-6.6453,108.4103,Asia/Jakarta,"BMKG point: Arjawinangun, Kecamatan Arjawinangun",02-08-2026,ICON,Open-Meteo / DWD ICON,08:00,2026-08-02 08:00:00,26.9,69.0,0.0,5.2,0.0,1.4875,Cerah Berawan,wmo:1
arjawinangun,"Arjawinangun, Cirebon",2026-08-02,32.09.24.2004,Arjawinangun,kecamatan,no,-6.6453,108.4103,Asia/Jakarta,"BMKG point: Arjawinangun, Kecamatan Arjawinangun",02-08-2026,ICON,Open-Meteo / DWD ICON,09:00,2026-08-02 09:00:00,29.3,59.0,0.0,8.9,0.0,1.4875,Cerah Berawan,wmo:1
arjawinangun,"Arjawinangun, Cirebon",2026-08-02,32.09.24.2004,Arjawinangun,kecamatan,no,-6.6453,108.4103,Asia/Jakarta,"BMKG point: Arjawinangun, Kecamatan Arjawinangun",02-08-2026,ICON,Open-Meteo / DWD ICON,10:00,2026-08-02 10:00:00,30.8,55.0,0.0,16.2,0.0,1.4875,Cerah Berawan,wmo:1
arjawinangun,"Arjawinangun, Cirebon",2026-08-02,32.09.24.2004,Arjawinangun,kecamatan,no,-6.6453,108.4103,Asia/Jakarta,"BMKG point: Arjawinangun, Kecamatan Arjawinangun",02-08-2026,ICON,Open-Meteo / DWD ICON,11:00,2026-08-02 11:00:00,31.8,51.0,0.0,18.5,0.0,1.4875,Cerah Berawan,wmo:1
arjawinangun,"Arjawinangun, Cirebon",2026-08-02,32.09.24.2004,Arjawinangun,kecamatan,no,-6.6453,108.4103,Asia/Jakarta,"BMKG point: Arjawinangun, Kecamatan Arjawinangun",02-08-2026,ICON,Open-Meteo / DWD ICON,12:00,2026-08-02 12:00:00,32.4,48.0,0.0,19.4,0.0,1.4875,Cerah,wmo:0
arjawinangun,"Arjawinangun, Cirebon",2026-08-02,32.09.24.2004,Arjawinangun,kecamatan,no,-6.6453,108.4103,Asia/Jakarta,"BMKG point: Arjawinangun, Kecamatan Arjawinangun",02-08-2026,ICON,Open-Meteo / DWD ICON,13:00,2026-08-02 13:00:00,32.6,45.0,0.0,19.9,0.0,1.4875,Cerah,wmo:0
arjawinangun,"Arjawinangun, Cirebon",2026-08-02,32.09.24.2004,Arjawinangun,kecamatan,no,-6.6453,108.4103,Asia/Jakarta,"BMKG point: Arjawinangun, Kecamatan Arjawinangun",02-08-2026,ICON,Open-Meteo / DWD ICON,14:00,2026-08-02 14:00:00,32.4,47.0,0.0,20.2,0.0,1.4875,Cerah,wmo:0
arjawinangun,"Arjawinangun, Cirebon",2026-08-02,32.09.24.2004,Arjawinangun,kecamatan,no,-6.6453,108.4103,Asia/Jakarta,"BMKG point: Arjawinangun, Kecamatan Arjawinangun",02-08-2026,ICON,Open-Meteo / DWD ICON,15:00,2026-08-02 15:00:00,31.7,50.0,0.0,20.4,0.0,1.4875,Cerah,wmo:0
arjawinangun,"Arjawinangun, Cirebon",2026-08-02,32.09.24.2004,Arjawinangun,kecamatan,no,-6.6453,108.4103,Asia/Jakarta,"BMKG point: Arjawinangun, Kecamatan Arjawinangun",02-08-2026,ICON,Open-Meteo / DWD ICON,16:00,2026-08-02 16:00:00,30.6,53.0,0.0,20.1,0.0,1.4875,Cerah,wmo:0
arjawinangun,"Arjawinangun, Cirebon",2026-08-02,32.09.24.2004,Arjawinangun,kecamatan,no,-6.6453,108.4103,Asia/Jakarta,"BMKG point: Arjawinangun, Kecamatan Arjawinangun",02-08-2026,ICON,Open-Meteo / DWD ICON,17:00,2026-08-02 17:00:00,29.2,59.0,0.0,16.9,0.0,1.4875,Cerah,wmo:0
arjawinangun,"Arjawinangun, Cirebon",2026-08-02,32.09.24.2004,Arjawinangun,kecamatan,no,-6.6453,108.4103,Asia/Jakarta,"BMKG point: Arjawinangun, Kecamatan Arjawinangun",02-08-2026,ICON,Open-Meteo / DWD ICON,18:00,2026-08-02 18:00:00,27.6,69.0,0.0,11.7,0.0,1.4875,Cerah,wmo:0
arjawinangun,"Arjawinangun, Cirebon",2026-08-02,32.09.24.2004,Arjawinangun,kecamatan,no,-6.6453,108.4103,Asia/Jakarta,"BMKG point: Arjawinangun, Kecamatan Arjawinangun",02-08-2026,ICON,Open-Meteo / DWD ICON,19:00,2026-08-02 19:00:00,26.7,76.0,0.0,8.4,0.0,1.4875,Cerah Berawan,wmo:1
arjawinangun,"Arjawinangun, Cirebon",2026-08-02,32.09.24.2004,Arjawinangun,kecamatan,no,-6.6453,108.4103,Asia/Jakarta,"BMKG point: Arjawinangun, Kecamatan Arjawinangun",02-08-2026,ICON,Open-Meteo / DWD ICON,20:00,2026-08-02 20:00:00,26.1,80.0,0.0,7.2,0.0,1.4875,Cerah,wmo:0
arjawinangun,"Arjawinangun, Cirebon",2026-08-02,32.09.24.2004,Arjawinangun,kecamatan,no,-6.6453,108.4103,Asia/Jakarta,"BMKG point: Arjawinangun, Kecamatan Arjawinangun",02-08-2026,ICON,Open-Meteo / DWD ICON,21:00,2026-08-02 21:00:00,25.6,83.0,0.0,6.3,0.0,1.4875,Cerah,wmo:0
arjawinangun,"Arjawinangun, Cirebon",2026-08-02,32.09.24.2004,Arjawinangun,kecamatan,no,-6.6453,108.4103,Asia/Jakarta,"BMKG point: Arjawinangun, Kecamatan Arjawinangun",02-08-2026,ICON,Open-Meteo / DWD ICON,22:00,2026-08-02 22:00:00,25.3,84.0,0.0,5.6,0.0,1.4875,Cerah,wmo:0
arjawinangun,"Arjawinangun, Cirebon",2026-08-02,32.09.24.2004,Arjawinangun,kecamatan,no,-6.6453,108.4103,Asia/Jakarta,"BMKG point: Arjawinangun, Kecamatan Arjawinangun",02-08-2026,ICON,Open-Meteo / DWD ICON,23:00,2026-08-02 23:00:00,25.0,83.0,0.0,4.6,0.0,1.4875,Cerah,wmo:0
arjawinangun,"Arjawinangun, Cirebon",2026-08-02,32.09.24.2004,Arjawinangun,kecamatan,no,-6.6453,108.4103,Asia/Jakarta,"BMKG point: Arjawinangun, Kecamatan Arjawinangun",02-08-2026,KMA,Open-Meteo / KMA,00:00,2026-08-02 00:00:00,,,,,0.0,0.544,Berawan,wmo:None
arjawinangun,"Arjawinangun, Cirebon",2026-08-02,32.09.24.2004,Arjawinangun,kecamatan,no,-6.6453,108.4103,Asia/Jakarta,"BMKG point: Arjawinangun, Kecamatan Arjawinangun",02-08-2026,KMA,Open-Meteo / KMA,01:00,2026-08-02 01:00:00,,,,,0.0,0.544,Berawan,wmo:None
arjawinangun,"Arjawinangun, Cirebon",2026-08-02,32.09.24.2004,Arjawinangun,kecamatan,no,-6.6453,108.4103,Asia/Jakarta,"BMKG point: Arjawinangun, Kecamatan Arjawinangun",02-08-2026,KMA,Open-Meteo / KMA,02:00,2026-08-02 02:00:00,,,,,0.0,0.544,Berawan,wmo:None
arjawinangun,"Arjawinangun, Cirebon",2026-08-02,32.09.24.2004,Arjawinangun,kecamatan,no,-6.6453,108.4103,Asia/Jakarta,"BMKG point: Arjawinangun, Kecamatan Arjawinangun",02-08-2026,KMA,Open-Meteo / KMA,03:00,2026-08-02 03:00:00,,,,,0.0,0.544,Berawan,wmo:None
arjawinangun,"Arjawinangun, Cirebon",2026-08-02,32.09.24.2004,Arjawinangun,kecamatan,no,-6.6453,108.4103,Asia/Jakarta,"BMKG point: Arjawinangun, Kecamatan Arjawinangun",02-08-2026,KMA,Open-Meteo / KMA,04:00,2026-08-02 04:00:00,,,,,0.0,0.544,Berawan,wmo:None
arjawinangun,"Arjawinangun, Cirebon",2026-08-02,32.09.24.2004,Arjawinangun,kecamatan,no,-6.6453,108.4103,Asia/Jakarta,"BMKG point: Arjawinangun, Kecamatan Arjawinangun",02-08-2026,KMA,Open-Meteo / KMA,05:00,2026-08-02 05:00:00,,,,,0.0,0.544,Berawan,wmo:None
arjawinangun,"Arjawinangun, Cirebon",2026-08-02,32.09.24.2004,Arjawinangun,kecamatan,no,-6.6453,108.4103,Asia/Jakarta,"BMKG point: Arjawinangun, Kecamatan Arjawinangun",02-08-2026,KMA,Open-Meteo / KMA,06:00,2026-08-02 06:00:00,,,,,0.0,0.544,Berawan,wmo:None
arjawinangun,"Arjawinangun, Cirebon",2026-08-02,32.09.24.2004,Arjawinangun,kecamatan,no,-6.6453,108.4103,Asia/Jakarta,"BMKG point: Arjawinangun, Kecamatan Arjawinangun",02-08-2026,KMA,Open-Meteo / KMA,07:00,2026-08-02 07:00:00,,,,,0.0,0.544,Berawan,wmo:None
arjawinangun,"Arjawinangun, Cirebon",2026-08-02,32.09.24.2004,Arjawinangun,kecamatan,no,-6.6453,108.4103,Asia/Jakarta,"BMKG point: Arjawinangun, Kecamatan Arjawinangun",02-08-2026,KMA,Open-Meteo / KMA,08:00,2026-08-02 08:00:00,,,,,0.0,0.544,Berawan,wmo:None
arjawinangun,"Arjawinangun, Cirebon",2026-08-02,32.09.24.2004,Arjawinangun,kecamatan,no,-6.6453,108.4103,Asia/Jakarta,"BMKG point: Arjawinangun, Kecamatan Arjawinangun",02-08-2026,KMA,Open-Meteo / KMA,09:00,2026-08-02 09:00:00,,,,,0.0,0.544,Berawan,wmo:None
arjawinangun,"Arjawinangun, Cirebon",2026-08-02,32.09.24.2004,Arjawinangun,kecamatan,no,-6.6453,108.4103,Asia/Jakarta,"BMKG point: Arjawinangun, Kecamatan Arjawinangun",02-08-2026,KMA,Open-Meteo / KMA,10:00,2026-08-02 10:00:00,,,,,0.0,0.544,Berawan,wmo:None
arjawinangun,"Arjawinangun, Cirebon",2026-08-02,32.09.24.2004,Arjawinangun,kecamatan,no,-6.6453,108.4103,Asia/Jakarta,"BMKG point: Arjawinangun, Kecamatan Arjawinangun",02-08-2026,KMA,Open-Meteo / KMA,11:00,2026-08-02 11:00:00,,,,,0.0,0.544,Berawan,wmo:None
arjawinangun,"Arjawinangun, Cirebon",2026-08-02,32.09.24.2004,Arjawinangun,kecamatan,no,-6.6453,108.4103,Asia/Jakarta,"BMKG point: Arjawinangun, Kecamatan Arjawinangun",02-08-2026,KMA,Open-Meteo / KMA,12:00,2026-08-02 12:00:00,,,,,0.0,0.544,Berawan,wmo:None
arjawinangun,"Arjawinangun, Cirebon",2026-08-02,32.09.24.2004,Arjawinangun,kecamatan,no,-6.6453,108.4103,Asia/Jakarta,"BMKG point: Arjawinangun, Kecamatan Arjawinangun",02-08-2026,KMA,Open-Meteo / KMA,13:00,2026-08-02 13:00:00,,,,,0.0,0.544,Berawan,wmo:None
arjawinangun,"Arjawinangun, Cirebon",2026-08-02,32.09.24.2004,Arjawinangun,kecamatan,no,-6.6453,108.4103,Asia/Jakarta,"BMKG point: Arjawinangun, Kecamatan Arjawinangun",02-08-2026,KMA,Open-Meteo / KMA,14:00,2026-08-02 14:00:00,,,,,0.0,0.544,Berawan,wmo:None
arjawinangun,"Arjawinangun, Cirebon",2026-08-02,32.09.24.2004,Arjawinangun,kecamatan,no,-6.6453,108.4103,Asia/Jakarta,"BMKG point: Arjawinangun, Kecamatan Arjawinangun",02-08-2026,KMA,Open-Meteo / KMA,15:00,2026-08-02 15:00:00,,,,,0.0,0.544,Berawan,wmo:None
arjawinangun,"Arjawinangun, Cirebon",2026-08-02,32.09.24.2004,Arjawinangun,kecamatan,no,-6.6453,108.4103,Asia/Jakarta,"BMKG point: Arjawinangun, Kecamatan Arjawinangun",02-08-2026,KMA,Open-Meteo / KMA,16:00,2026-08-02 16:00:00,,,,,0.0,0.544,Berawan,wmo:None
arjawinangun,"Arjawinangun, Cirebon",2026-08-02,32.09.24.2004,Arjawinangun,kecamatan,no,-6.6453,108.4103,Asia/Jakarta,"BMKG point: Arjawinangun, Kecamatan Arjawinangun",02-08-2026,KMA,Open-Meteo / KMA,17:00,2026-08-02 17:00:00,,,,,0.0,0.544,Berawan,wmo:None
arjawinangun,"Arjawinangun, Cirebon",2026-08-02,32.09.24.2004,Arjawinangun,kecamatan,no,-6.6453,108.4103,Asia/Jakarta,"BMKG point: Arjawinangun, Kecamatan Arjawinangun",02-08-2026,KMA,Open-Meteo / KMA,18:00,2026-08-02 18:00:00,,,,,0.0,0.544,Berawan,wmo:None
arjawinangun,"Arjawinangun, Cirebon",2026-08-02,32.09.24.2004,Arjawinangun,kecamatan,no,-6.6453,108.4103,Asia/Jakarta,"BMKG point: Arjawinangun, Kecamatan Arjawinangun",02-08-2026,KMA,Open-Meteo / KMA,19:00,2026-08-02 19:00:00,,,,,0.0,0.544,Berawan,wmo:None
arjawinangun,"Arjawinangun, Cirebon",2026-08-02,32.09.24.2004,Arjawinangun,kecamatan,no,-6.6453,108.4103,Asia/Jakarta,"BMKG point: Arjawinangun, Kecamatan Arjawinangun",02-08-2026,KMA,Open-Meteo / KMA,20:00,2026-08-02 20:00:00,,,,,0.0,0.544,Berawan,wmo:None
arjawinangun,"Arjawinangun, Cirebon",2026-08-02,32.09.24.2004,Arjawinangun,kecamatan,no,-6.6453,108.4103,Asia/Jakarta,"BMKG point: Arjawinangun, Kecamatan Arjawinangun",02-08-2026,KMA,Open-Meteo / KMA,21:00,2026-08-02 21:00:00,,,,,0.0,0.544,Berawan,wmo:None
arjawinangun,"Arjawinangun, Cirebon",2026-08-02,32.09.24.2004,Arjawinangun,kecamatan,no,-6.6453,108.4103,Asia/Jakarta,"BMKG point: Arjawinangun, Kecamatan Arjawinangun",02-08-2026,KMA,Open-Meteo / KMA,22:00,2026-08-02 22:00:00,,,,,0.0,0.544,Berawan,wmo:None
arjawinangun,"Arjawinangun, Cirebon",2026-08-02,32.09.24.2004,Arjawinangun,kecamatan,no,-6.6453,108.4103,Asia/Jakarta,"BMKG point: Arjawinangun, Kecamatan Arjawinangun",02-08-2026,KMA,Open-Meteo / KMA,23:00,2026-08-02 23:00:00,,,,,0.0,0.544,Berawan,wmo:None
arjawinangun,"Arjawinangun, Cirebon",2026-08-02,32.09.24.2004,Arjawinangun,kecamatan,no,-6.6453,108.4103,Asia/Jakarta,"BMKG point: Arjawinangun, Kecamatan Arjawinangun",02-08-2026,METEOFRANCE,Open-Meteo / Meteo-France,00:00,2026-08-02 00:00:00,27.0,66.0,0.0,11.9,0.0,1.539,Cerah Berawan,wmo:1
arjawinangun,"Arjawinangun, Cirebon",2026-08-02,32.09.24.2004,Arjawinangun,kecamatan,no,-6.6453,108.4103,Asia/Jakarta,"BMKG point: Arjawinangun, Kecamatan Arjawinangun",02-08-2026,METEOFRANCE,Open-Meteo / Meteo-France,01:00,2026-08-02 01:00:00,26.8,62.0,0.0,11.2,0.0,1.539,Cerah Berawan,wmo:1
arjawinangun,"Arjawinangun, Cirebon",2026-08-02,32.09.24.2004,Arjawinangun,kecamatan,no,-6.6453,108.4103,Asia/Jakarta,"BMKG point: Arjawinangun, Kecamatan Arjawinangun",02-08-2026,METEOFRANCE,Open-Meteo / Meteo-France,02:00,2026-08-02 02:00:00,26.8,62.0,0.0,10.2,0.0,1.539,Cerah Berawan,wmo:1
arjawinangun,"Arjawinangun, Cirebon",2026-08-02,32.09.24.2004,Arjawinangun,kecamatan,no,-6.6453,108.4103,Asia/Jakarta,"BMKG point: Arjawinangun, Kecamatan Arjawinangun",02-08-2026,METEOFRANCE,Open-Meteo / Meteo-France,03:00,2026-08-02 03:00:00,26.5,62.0,0.0,10.7,0.0,1.539,Cerah Berawan,wmo:1
arjawinangun,"Arjawinangun, Cirebon",2026-08-02,32.09.24.2004,Arjawinangun,kecamatan,no,-6.6453,108.4103,Asia/Jakarta,"BMKG point: Arjawinangun, Kecamatan Arjawinangun",02-08-2026,METEOFRANCE,Open-Meteo / Meteo-France,04:00,2026-08-02 04:00:00,26.3,63.0,0.0,11.7,0.0,1.539,Cerah Berawan,wmo:1
arjawinangun,"Arjawinangun, Cirebon",2026-08-02,32.09.24.2004,Arjawinangun,kecamatan,no,-6.6453,108.4103,Asia/Jakarta,"BMKG point: Arjawinangun, Kecamatan Arjawinangun",02-08-2026,METEOFRANCE,Open-Meteo / Meteo-France,05:00,2026-08-02 05:00:00,26.2,63.0,0.0,11.6,0.0,1.539,Cerah Berawan,wmo:1
arjawinangun,"Arjawinangun, Cirebon",2026-08-02,32.09.24.2004,Arjawinangun,kecamatan,no,-6.6453,108.4103,Asia/Jakarta,"BMKG point: Arjawinangun, Kecamatan Arjawinangun",02-08-2026,METEOFRANCE,Open-Meteo / Meteo-France,06:00,2026-08-02 06:00:00,26.1,64.0,0.0,11.2,0.0,1.539,Cerah Berawan,wmo:1
arjawinangun,"Arjawinangun, Cirebon",2026-08-02,32.09.24.2004,Arjawinangun,kecamatan,no,-6.6453,108.4103,Asia/Jakarta,"BMKG point: Arjawinangun, Kecamatan Arjawinangun",02-08-2026,METEOFRANCE,Open-Meteo / Meteo-France,07:00,2026-08-02 07:00:00,26.6,63.0,0.0,10.5,0.0,1.539,Cerah Berawan,wmo:1
arjawinangun,"Arjawinangun, Cirebon",2026-08-02,32.09.24.2004,Arjawinangun,kecamatan,no,-6.6453,108.4103,Asia/Jakarta,"BMKG point: Arjawinangun, Kecamatan Arjawinangun",02-08-2026,METEOFRANCE,Open-Meteo / Meteo-France,08:00,2026-08-02 08:00:00,28.3,56.0,0.0,8.8,0.0,1.539,Cerah Berawan,wmo:2
arjawinangun,"Arjawinangun, Cirebon",2026-08-02,32.09.24.2004,Arjawinangun,kecamatan,no,-6.6453,108.4103,Asia/Jakarta,"BMKG point: Arjawinangun, Kecamatan Arjawinangun",02-08-2026,METEOFRANCE,Open-Meteo / Meteo-France,09:00,2026-08-02 09:00:00,29.8,55.0,0.0,9.5,0.0,1.539,Cerah Berawan,wmo:2
arjawinangun,"Arjawinangun, Cirebon",2026-08-02,32.09.24.2004,Arjawinangun,kecamatan,no,-6.6453,108.4103,Asia/Jakarta,"BMKG point: Arjawinangun, Kecamatan Arjawinangun",02-08-2026,METEOFRANCE,Open-Meteo / Meteo-France,10:00,2026-08-02 10:00:00,30.9,56.0,0.0,10.8,0.0,1.539,Cerah Berawan,wmo:2
arjawinangun,"Arjawinangun, Cirebon",2026-08-02,32.09.24.2004,Arjawinangun,kecamatan,no,-6.6453,108.4103,Asia/Jakarta,"BMKG point: Arjawinangun, Kecamatan Arjawinangun",02-08-2026,METEOFRANCE,Open-Meteo / Meteo-France,11:00,2026-08-02 11:00:00,31.7,55.0,0.0,11.6,0.0,1.539,Cerah Berawan,wmo:2
arjawinangun,"Arjawinangun, Cirebon",2026-08-02,32.09.24.2004,Arjawinangun,kecamatan,no,-6.6453,108.4103,Asia/Jakarta,"BMKG point: Arjawinangun, Kecamatan Arjawinangun",02-08-2026,METEOFRANCE,Open-Meteo / Meteo-France,12:00,2026-08-02 12:00:00,32.4,54.0,0.0,12.8,0.0,1.539,Cerah Berawan,wmo:1
arjawinangun,"Arjawinangun, Cirebon",2026-08-02,32.09.24.2004,Arjawinangun,kecamatan,no,-6.6453,108.4103,Asia/Jakarta,"BMKG point: Arjawinangun, Kecamatan Arjawinangun",02-08-2026,METEOFRANCE,Open-Meteo / Meteo-France,13:00,2026-08-02 13:00:00,32.7,54.0,0.0,13.7,0.0,1.539,Cerah Berawan,wmo:1
arjawinangun,"Arjawinangun, Cirebon",2026-08-02,32.09.24.2004,Arjawinangun,kecamatan,no,-6.6453,108.4103,Asia/Jakarta,"BMKG point: Arjawinangun, Kecamatan Arjawinangun",02-08-2026,METEOFRANCE,Open-Meteo / Meteo-France,14:00,2026-08-02 14:00:00,32.6,54.0,0.0,14.3,0.0,1.539,Cerah,wmo:0
arjawinangun,"Arjawinangun, Cirebon",2026-08-02,32.09.24.2004,Arjawinangun,kecamatan,no,-6.6453,108.4103,Asia/Jakarta,"BMKG point: Arjawinangun, Kecamatan Arjawinangun",02-08-2026,METEOFRANCE,Open-Meteo / Meteo-France,15:00,2026-08-02 15:00:00,32.2,55.0,0.0,14.3,0.0,1.539,Cerah,wmo:0
arjawinangun,"Arjawinangun, Cirebon",2026-08-02,32.09.24.2004,Arjawinangun,kecamatan,no,-6.6453,108.4103,Asia/Jakarta,"BMKG point: Arjawinangun, Kecamatan Arjawinangun",02-08-2026,METEOFRANCE,Open-Meteo / Meteo-France,16:00,2026-08-02 16:00:00,31.4,57.0,0.0,13.7,0.0,1.539,Cerah,wmo:0
arjawinangun,"Arjawinangun, Cirebon",2026-08-02,32.09.24.2004,Arjawinangun,kecamatan,no,-6.6453,108.4103,Asia/Jakarta,"BMKG point: Arjawinangun, Kecamatan Arjawinangun",02-08-2026,METEOFRANCE,Open-Meteo / Meteo-France,17:00,2026-08-02 17:00:00,30.3,62.0,0.0,12.2,0.0,1.539,Cerah,wmo:0
arjawinangun,"Arjawinangun, Cirebon",2026-08-02,32.09.24.2004,Arjawinangun,kecamatan,no,-6.6453,108.4103,Asia/Jakarta,"BMKG point: Arjawinangun, Kecamatan Arjawinangun",02-08-2026,METEOFRANCE,Open-Meteo / Meteo-France,18:00,2026-08-02 18:00:00,29.1,67.0,0.0,10.6,0.0,1.539,Cerah,wmo:0
arjawinangun,"Arjawinangun, Cirebon",2026-08-02,32.09.24.2004,Arjawinangun,kecamatan,no,-6.6453,108.4103,Asia/Jakarta,"BMKG point: Arjawinangun, Kecamatan Arjawinangun",02-08-2026,METEOFRANCE,Open-Meteo / Meteo-France,19:00,2026-08-02 19:00:00,28.4,73.0,0.0,9.4,0.0,1.539,Cerah,wmo:0
arjawinangun,"Arjawinangun, Cirebon",2026-08-02,32.09.24.2004,Arjawinangun,kecamatan,no,-6.6453,108.4103,Asia/Jakarta,"BMKG point: Arjawinangun, Kecamatan Arjawinangun",02-08-2026,METEOFRANCE,Open-Meteo / Meteo-France,20:00,2026-08-02 20:00:00,28.0,76.0,0.0,9.2,0.0,1.539,Cerah,wmo:0
arjawinangun,"Arjawinangun, Cirebon",2026-08-02,32.09.24.2004,Arjawinangun,kecamatan,no,-6.6453,108.4103,Asia/Jakarta,"BMKG point: Arjawinangun, Kecamatan Arjawinangun",02-08-2026,METEOFRANCE,Open-Meteo / Meteo-France,21:00,2026-08-02 21:00:00,27.9,79.0,0.0,9.2,0.0,1.539,Cerah Berawan,wmo:1
arjawinangun,"Arjawinangun, Cirebon",2026-08-02,32.09.24.2004,Arjawinangun,kecamatan,no,-6.6453,108.4103,Asia/Jakarta,"BMKG point: Arjawinangun, Kecamatan Arjawinangun",02-08-2026,METEOFRANCE,Open-Meteo / Meteo-France,22:00,2026-08-02 22:00:00,27.7,80.0,0.0,8.2,0.0,1.539,Cerah Berawan,wmo:1
arjawinangun,"Arjawinangun, Cirebon",2026-08-02,32.09.24.2004,Arjawinangun,kecamatan,no,-6.6453,108.4103,Asia/Jakarta,"BMKG point: Arjawinangun, Kecamatan Arjawinangun",02-08-2026,METEOFRANCE,Open-Meteo / Meteo-France,23:00,2026-08-02 23:00:00,27.6,82.0,0.0,7.6,0.0,1.539,Cerah Berawan,wmo:1
arjawinangun,"Arjawinangun, Cirebon",2026-08-02,32.09.24.2004,Arjawinangun,kecamatan,no,-6.6453,108.4103,Asia/Jakarta,"BMKG point: Arjawinangun, Kecamatan Arjawinangun",02-08-2026,METNO,MET Norway,07:00,2026-08-02 09:00:00,29.7,54.7,0.0,14.4,120.0,0.7601,Cerah Berawan,partlycloudy_day
arjawinangun,"Arjawinangun, Cirebon",2026-08-02,32.09.24.2004,Arjawinangun,kecamatan,no,-6.6453,108.4103,Asia/Jakarta,"BMKG point: Arjawinangun, Kecamatan Arjawinangun",02-08-2026,METNO,MET Norway,08:00,2026-08-02 09:00:00,29.7,54.7,0.0,14.4,60.0,1.0364,Cerah Berawan,partlycloudy_day
arjawinangun,"Arjawinangun, Cirebon",2026-08-02,32.09.24.2004,Arjawinangun,kecamatan,no,-6.6453,108.4103,Asia/Jakarta,"BMKG point: Arjawinangun, Kecamatan Arjawinangun",02-08-2026,METNO,MET Norway,09:00,2026-08-02 09:00:00,29.7,54.7,0.0,14.4,0.0,1.3819,Cerah Berawan,partlycloudy_day
arjawinangun,"Arjawinangun, Cirebon",2026-08-02,32.09.24.2004,Arjawinangun,kecamatan,no,-6.6453,108.4103,Asia/Jakarta,"BMKG point: Arjawinangun, Kecamatan Arjawinangun",02-08-2026,METNO,MET Norway,10:00,2026-08-02 10:00:00,31.5,50.1,0.0,15.12,0.0,1.3819,Cerah Berawan,partlycloudy_day
arjawinangun,"Arjawinangun, Cirebon",2026-08-02,32.09.24.2004,Arjawinangun,kecamatan,no,-6.6453,108.4103,Asia/Jakarta,"BMKG point: Arjawinangun, Kecamatan Arjawinangun",02-08-2026,METNO,MET Norway,11:00,2026-08-02 11:00:00,32.1,46.8,0.0,16.92,0.0,1.3819,Cerah Berawan,fair_day
arjawinangun,"Arjawinangun, Cirebon",2026-08-02,32.09.24.2004,Arjawinangun,kecamatan,no,-6.6453,108.4103,Asia/Jakarta,"BMKG point: Arjawinangun, Kecamatan Arjawinangun",02-08-2026,METNO,MET Norway,12:00,2026-08-02 12:00:00,32.2,47.3,0.0,19.44,0.0,1.3819,Cerah Berawan,fair_day
arjawinangun,"Arjawinangun, Cirebon",2026-08-02,32.09.24.2004,Arjawinangun,kecamatan,no,-6.6453,108.4103,Asia/Jakarta,"BMKG point: Arjawinangun, Kecamatan Arjawinangun",02-08-2026,METNO,MET Norway,13:00,2026-08-02 13:00:00,32.3,49.0,0.0,21.6,0.0,1.3819,Cerah,clearsky_day
arjawinangun,"Arjawinangun, Cirebon",2026-08-02,32.09.24.2004,Arjawinangun,kecamatan,no,-6.6453,108.4103,Asia/Jakarta,"BMKG point: Arjawinangun, Kecamatan Arjawinangun",02-08-2026,METNO,MET Norway,14:00,2026-08-02 14:00:00,32.3,50.2,0.0,21.96,0.0,1.3819,Cerah,clearsky_day
arjawinangun,"Arjawinangun, Cirebon",2026-08-02,32.09.24.2004,Arjawinangun,kecamatan,no,-6.6453,108.4103,Asia/Jakarta,"BMKG point: Arjawinangun, Kecamatan Arjawinangun",02-08-2026,METNO,MET Norway,15:00,2026-08-02 15:00:00,31.8,50.7,0.0,19.8,0.0,1.3819,Cerah,clearsky_day
arjawinangun,"Arjawinangun, Cirebon",2026-08-02,32.09.24.2004,Arjawinangun,kecamatan,no,-6.6453,108.4103,Asia/Jakarta,"BMKG point: Arjawinangun, Kecamatan Arjawinangun",02-08-2026,METNO,MET Norway,16:00,2026-08-02 16:00:00,31.0,50.7,0.0,18.36,0.0,1.3819,Cerah,clearsky_day
arjawinangun,"Arjawinangun, Cirebon",2026-08-02,32.09.24.2004,Arjawinangun,kecamatan,no,-6.6453,108.4103,Asia/Jakarta,"BMKG point: Arjawinangun, Kecamatan Arjawinangun",02-08-2026,METNO,MET Norway,17:00,2026-08-02 17:00:00,29.6,56.1,0.0,18.0,0.0,1.3819,Cerah,clearsky_day
arjawinangun,"Arjawinangun, Cirebon",2026-08-02,32.09.24.2004,Arjawinangun,kecamatan,no,-6.6453,108.4103,Asia/Jakarta,"BMKG point: Arjawinangun, Kecamatan Arjawinangun",02-08-2026,METNO,MET Norway,18:00,2026-08-02 18:00:00,28.4,64.7,0.0,16.56,0.0,1.3819,Cerah,clearsky_night
arjawinangun,"Arjawinangun, Cirebon",2026-08-02,32.09.24.2004,Arjawinangun,kecamatan,no,-6.6453,108.4103,Asia/Jakarta,"BMKG point: Arjawinangun, Kecamatan Arjawinangun",02-08-2026,METNO,MET Norway,19:00,2026-08-02 19:00:00,27.8,69.4,0.0,13.68,0.0,1.3819,Cerah,clearsky_night
arjawinangun,"Arjawinangun, Cirebon",2026-08-02,32.09.24.2004,Arjawinangun,kecamatan,no,-6.6453,108.4103,Asia/Jakarta,"BMKG point: Arjawinangun, Kecamatan Arjawinangun",02-08-2026,METNO,MET Norway,20:00,2026-08-02 20:00:00,27.6,72.5,0.0,11.88,0.0,1.3819,Cerah,clearsky_night
arjawinangun,"Arjawinangun, Cirebon",2026-08-02,32.09.24.2004,Arjawinangun,kecamatan,no,-6.6453,108.4103,Asia/Jakarta,"BMKG point: Arjawinangun, Kecamatan Arjawinangun",02-08-2026,METNO,MET Norway,21:00,2026-08-02 21:00:00,27.5,75.0,0.0,13.68,0.0,1.3819,Cerah,clearsky_night
arjawinangun,"Arjawinangun, Cirebon",2026-08-02,32.09.24.2004,Arjawinangun,kecamatan,no,-6.6453,108.4103,Asia/Jakarta,"BMKG point: Arjawinangun, Kecamatan Arjawinangun",02-08-2026,METNO,MET Norway,22:00,2026-08-02 22:00:00,27.3,76.9,0.0,13.32,0.0,1.3819,Cerah Berawan,fair_night
arjawinangun,"Arjawinangun, Cirebon",2026-08-02,32.09.24.2004,Arjawinangun,kecamatan,no,-6.6453,108.4103,Asia/Jakarta,"BMKG point: Arjawinangun, Kecamatan Arjawinangun",02-08-2026,METNO,MET Norway,23:00,2026-08-02 23:00:00,27.1,78.4,0.0,11.88,0.0,1.3819,Cerah,clearsky_night
arjawinangun,"Arjawinangun, Cirebon",2026-08-02,32.09.24.2004,Arjawinangun,kecamatan,no,-6.6453,108.4103,Asia/Jakarta,"BMKG point: Arjawinangun, Kecamatan Arjawinangun",02-08-2026,UKMO,Open-Meteo / UK Met Office,00:00,2026-08-02 00:00:00,24.7,75.0,0.0,6.5,0.0,1.3376,Cerah,wmo:0
arjawinangun,"Arjawinangun, Cirebon",2026-08-02,32.09.24.2004,Arjawinangun,kecamatan,no,-6.6453,108.4103,Asia/Jakarta,"BMKG point: Arjawinangun, Kecamatan Arjawinangun",02-08-2026,UKMO,Open-Meteo / UK Met Office,01:00,2026-08-02 01:00:00,24.0,80.0,0.0,5.4,0.0,1.3376,Cerah,wmo:0
arjawinangun,"Arjawinangun, Cirebon",2026-08-02,32.09.24.2004,Arjawinangun,kecamatan,no,-6.6453,108.4103,Asia/Jakarta,"BMKG point: Arjawinangun, Kecamatan Arjawinangun",02-08-2026,UKMO,Open-Meteo / UK Met Office,02:00,2026-08-02 02:00:00,23.6,82.0,0.0,5.0,0.0,1.3376,Cerah,wmo:0
arjawinangun,"Arjawinangun, Cirebon",2026-08-02,32.09.24.2004,Arjawinangun,kecamatan,no,-6.6453,108.4103,Asia/Jakarta,"BMKG point: Arjawinangun, Kecamatan Arjawinangun",02-08-2026,UKMO,Open-Meteo / UK Met Office,03:00,2026-08-02 03:00:00,23.3,85.0,0.0,4.7,0.0,1.3376,Cerah,wmo:0
arjawinangun,"Arjawinangun, Cirebon",2026-08-02,32.09.24.2004,Arjawinangun,kecamatan,no,-6.6453,108.4103,Asia/Jakarta,"BMKG point: Arjawinangun, Kecamatan Arjawinangun",02-08-2026,UKMO,Open-Meteo / UK Met Office,04:00,2026-08-02 04:00:00,22.8,87.0,0.0,4.0,0.0,1.3376,Cerah,wmo:0
arjawinangun,"Arjawinangun, Cirebon",2026-08-02,32.09.24.2004,Arjawinangun,kecamatan,no,-6.6453,108.4103,Asia/Jakarta,"BMKG point: Arjawinangun, Kecamatan Arjawinangun",02-08-2026,UKMO,Open-Meteo / UK Met Office,05:00,2026-08-02 05:00:00,22.2,92.0,0.0,1.8,0.0,1.3376,Cerah,wmo:0
arjawinangun,"Arjawinangun, Cirebon",2026-08-02,32.09.24.2004,Arjawinangun,kecamatan,no,-6.6453,108.4103,Asia/Jakarta,"BMKG point: Arjawinangun, Kecamatan Arjawinangun",02-08-2026,UKMO,Open-Meteo / UK Met Office,06:00,2026-08-02 06:00:00,21.8,94.0,0.0,1.1,0.0,1.3376,Cerah,wmo:0
arjawinangun,"Arjawinangun, Cirebon",2026-08-02,32.09.24.2004,Arjawinangun,kecamatan,no,-6.6453,108.4103,Asia/Jakarta,"BMKG point: Arjawinangun, Kecamatan Arjawinangun",02-08-2026,UKMO,Open-Meteo / UK Met Office,07:00,2026-08-02 07:00:00,24.1,78.0,0.0,2.5,0.0,1.3376,Cerah,wmo:0
arjawinangun,"Arjawinangun, Cirebon",2026-08-02,32.09.24.2004,Arjawinangun,kecamatan,no,-6.6453,108.4103,Asia/Jakarta,"BMKG point: Arjawinangun, Kecamatan Arjawinangun",02-08-2026,UKMO,Open-Meteo / UK Met Office,08:00,2026-08-02 08:00:00,25.7,73.0,0.0,4.7,0.0,1.3376,Cerah,wmo:0
arjawinangun,"Arjawinangun, Cirebon",2026-08-02,32.09.24.2004,Arjawinangun,kecamatan,no,-6.6453,108.4103,Asia/Jakarta,"BMKG point: Arjawinangun, Kecamatan Arjawinangun",02-08-2026,UKMO,Open-Meteo / UK Met Office,09:00,2026-08-02 09:00:00,27.7,64.0,0.0,7.6,0.0,1.3376,Cerah Berawan,wmo:1
arjawinangun,"Arjawinangun, Cirebon",2026-08-02,32.09.24.2004,Arjawinangun,kecamatan,no,-6.6453,108.4103,Asia/Jakarta,"BMKG point: Arjawinangun, Kecamatan Arjawinangun",02-08-2026,UKMO,Open-Meteo / UK Met Office,10:00,2026-08-02 10:00:00,28.7,64.0,0.0,13.3,0.0,1.3376,Cerah Berawan,wmo:1
arjawinangun,"Arjawinangun, Cirebon",2026-08-02,32.09.24.2004,Arjawinangun,kecamatan,no,-6.6453,108.4103,Asia/Jakarta,"BMKG point: Arjawinangun, Kecamatan Arjawinangun",02-08-2026,UKMO,Open-Meteo / UK Met Office,11:00,2026-08-02 11:00:00,29.5,62.0,0.0,15.5,0.0,1.3376,Cerah Berawan,wmo:2
arjawinangun,"Arjawinangun, Cirebon",2026-08-02,32.09.24.2004,Arjawinangun,kecamatan,no,-6.6453,108.4103,Asia/Jakarta,"BMKG point: Arjawinangun, Kecamatan Arjawinangun",02-08-2026,UKMO,Open-Meteo / UK Met Office,12:00,2026-08-02 12:00:00,29.3,63.0,0.0,15.1,0.0,1.3376,Cerah Berawan,wmo:1
arjawinangun,"Arjawinangun, Cirebon",2026-08-02,32.09.24.2004,Arjawinangun,kecamatan,no,-6.6453,108.4103,Asia/Jakarta,"BMKG point: Arjawinangun, Kecamatan Arjawinangun",02-08-2026,UKMO,Open-Meteo / UK Met Office,13:00,2026-08-02 13:00:00,30.0,60.0,0.0,15.1,0.0,1.3376,Cerah,wmo:0
arjawinangun,"Arjawinangun, Cirebon",2026-08-02,32.09.24.2004,Arjawinangun,kecamatan,no,-6.6453,108.4103,Asia/Jakarta,"BMKG point: Arjawinangun, Kecamatan Arjawinangun",02-08-2026,UKMO,Open-Meteo / UK Met Office,14:00,2026-08-02 14:00:00,30.2,58.0,0.0,14.8,0.0,1.3376,Cerah Berawan,wmo:1
arjawinangun,"Arjawinangun, Cirebon",2026-08-02,32.09.24.2004,Arjawinangun,kecamatan,no,-6.6453,108.4103,Asia/Jakarta,"BMKG point: Arjawinangun, Kecamatan Arjawinangun",02-08-2026,UKMO,Open-Meteo / UK Met Office,15:00,2026-08-02 15:00:00,30.2,57.0,0.0,14.8,0.0,1.3376,Cerah,wmo:0
arjawinangun,"Arjawinangun, Cirebon",2026-08-02,32.09.24.2004,Arjawinangun,kecamatan,no,-6.6453,108.4103,Asia/Jakarta,"BMKG point: Arjawinangun, Kecamatan Arjawinangun",02-08-2026,UKMO,Open-Meteo / UK Met Office,16:00,2026-08-02 16:00:00,29.7,58.0,0.0,14.4,0.0,1.3376,Cerah,wmo:0
arjawinangun,"Arjawinangun, Cirebon",2026-08-02,32.09.24.2004,Arjawinangun,kecamatan,no,-6.6453,108.4103,Asia/Jakarta,"BMKG point: Arjawinangun, Kecamatan Arjawinangun",02-08-2026,UKMO,Open-Meteo / UK Met Office,17:00,2026-08-02 17:00:00,28.7,62.0,0.0,12.6,0.0,1.3376,Cerah,wmo:0
arjawinangun,"Arjawinangun, Cirebon",2026-08-02,32.09.24.2004,Arjawinangun,kecamatan,no,-6.6453,108.4103,Asia/Jakarta,"BMKG point: Arjawinangun, Kecamatan Arjawinangun",02-08-2026,UKMO,Open-Meteo / UK Met Office,18:00,2026-08-02 18:00:00,27.6,69.0,0.0,10.4,0.0,1.3376,Cerah,wmo:0
arjawinangun,"Arjawinangun, Cirebon",2026-08-02,32.09.24.2004,Arjawinangun,kecamatan,no,-6.6453,108.4103,Asia/Jakarta,"BMKG point: Arjawinangun, Kecamatan Arjawinangun",02-08-2026,UKMO,Open-Meteo / UK Met Office,19:00,2026-08-02 19:00:00,27.0,75.0,0.0,9.0,0.0,1.3376,Cerah,wmo:0
arjawinangun,"Arjawinangun, Cirebon",2026-08-02,32.09.24.2004,Arjawinangun,kecamatan,no,-6.6453,108.4103,Asia/Jakarta,"BMKG point: Arjawinangun, Kecamatan Arjawinangun",02-08-2026,UKMO,Open-Meteo / UK Met Office,20:00,2026-08-02 20:00:00,26.7,78.0,0.0,8.3,0.0,1.3376,Cerah,wmo:0
arjawinangun,"Arjawinangun, Cirebon",2026-08-02,32.09.24.2004,Arjawinangun,kecamatan,no,-6.6453,108.4103,Asia/Jakarta,"BMKG point: Arjawinangun, Kecamatan Arjawinangun",02-08-2026,UKMO,Open-Meteo / UK Met Office,21:00,2026-08-02 21:00:00,26.7,80.0,0.0,8.3,0.0,1.3376,Cerah,wmo:0
arjawinangun,"Arjawinangun, Cirebon",2026-08-02,32.09.24.2004,Arjawinangun,kecamatan,no,-6.6453,108.4103,Asia/Jakarta,"BMKG point: Arjawinangun, Kecamatan Arjawinangun",02-08-2026,UKMO,Open-Meteo / UK Met Office,22:00,2026-08-02 22:00:00,26.4,82.0,0.0,7.9,0.0,1.3376,Cerah,wmo:0
arjawinangun,"Arjawinangun, Cirebon",2026-08-02,32.09.24.2004,Arjawinangun,kecamatan,no,-6.6453,108.4103,Asia/Jakarta,"BMKG point: Arjawinangun, Kecamatan Arjawinangun",02-08-2026,UKMO,Open-Meteo / UK Met Office,23:00,2026-08-02 23:00:00,26.0,84.0,0.0,6.8,0.0,1.3376,Cerah,wmo:0
arjawinangun,"Arjawinangun, Cirebon",2026-08-03,32.09.24.2004,Arjawinangun,kecamatan,no,-6.6453,108.4103,Asia/Jakarta,"BMKG point: Arjawinangun, Kecamatan Arjawinangun",03-08-2026,BMKG,BMKG,00:00,2026-08-03 01:00:00,22.0,83.0,0.0,4.9,60.0,1.3505,Cerah,Cerah
arjawinangun,"Arjawinangun, Cirebon",2026-08-03,32.09.24.2004,Arjawinangun,kecamatan,no,-6.6453,108.4103,Asia/Jakarta,"BMKG point: Arjawinangun, Kecamatan Arjawinangun",03-08-2026,BMKG,BMKG,01:00,2026-08-03 01:00:00,22.0,83.0,0.0,4.9,0.0,1.8006,Cerah,Cerah
arjawinangun,"Arjawinangun, Cirebon",2026-08-03,32.09.24.2004,Arjawinangun,kecamatan,no,-6.6453,108.4103,Asia/Jakarta,"BMKG point: Arjawinangun, Kecamatan Arjawinangun",03-08-2026,BMKG,BMKG,02:00,2026-08-03 01:00:00,22.0,83.0,0.0,4.9,60.0,1.3505,Cerah,Cerah
arjawinangun,"Arjawinangun, Cirebon",2026-08-03,32.09.24.2004,Arjawinangun,kecamatan,no,-6.6453,108.4103,Asia/Jakarta,"BMKG point: Arjawinangun, Kecamatan Arjawinangun",03-08-2026,BMKG,BMKG,03:00,2026-08-03 04:00:00,22.0,84.0,0.0,2.1,60.0,1.3505,Cerah,Cerah
arjawinangun,"Arjawinangun, Cirebon",2026-08-03,32.09.24.2004,Arjawinangun,kecamatan,no,-6.6453,108.4103,Asia/Jakarta,"BMKG point: Arjawinangun, Kecamatan Arjawinangun",03-08-2026,BMKG,BMKG,04:00,2026-08-03 04:00:00,22.0,84.0,0.0,2.1,0.0,1.8006,Cerah,Cerah
arjawinangun,"Arjawinangun, Cirebon",2026-08-03,32.09.24.2004,Arjawinangun,kecamatan,no,-6.6453,108.4103,Asia/Jakarta,"BMKG point: Arjawinangun, Kecamatan Arjawinangun",03-08-2026,BMKG,BMKG,05:00,2026-08-03 04:00:00,22.0,84.0,0.0,2.1,60.0,1.3505,Cerah,Cerah
arjawinangun,"Arjawinangun, Cirebon",2026-08-03,32.09.24.2004,Arjawinangun,kecamatan,no,-6.6453,108.4103,Asia/Jakarta,"BMKG point: Arjawinangun, Kecamatan Arjawinangun",03-08-2026,BMKG,BMKG,06:00,2026-08-03 07:00:00,29.0,68.0,0.0,3.4,60.0,1.3505,Cerah,Cerah
arjawinangun,"Arjawinangun, Cirebon",2026-08-03,32.09.24.2004,Arjawinangun,kecamatan,no,-6.6453,108.4103,Asia/Jakarta,"BMKG point: Arjawinangun, Kecamatan Arjawinangun",03-08-2026,BMKG,BMKG,07:00,2026-08-03 07:00:00,29.0,68.0,0.0,3.4,0.0,1.8006,Cerah,Cerah
arjawinangun,"Arjawinangun, Cirebon",2026-08-03,32.09.24.2004,Arjawinangun,kecamatan,no,-6.6453,108.4103,Asia/Jakarta,"BMKG point: Arjawinangun, Kecamatan Arjawinangun",03-08-2026,BMKG,BMKG,08:00,2026-08-03 07:00:00,29.0,68.0,0.0,3.4,60.0,1.3505,Cerah,Cerah
arjawinangun,"Arjawinangun, Cirebon",2026-08-03,32.09.24.2004,Arjawinangun,kecamatan,no,-6.6453,108.4103,Asia/Jakarta,"BMKG point: Arjawinangun, Kecamatan Arjawinangun",03-08-2026,BMKG,BMKG,09:00,2026-08-03 10:00:00,32.0,51.0,0.0,15.3,60.0,1.3505,Cerah,Cerah
arjawinangun,"Arjawinangun, Cirebon",2026-08-03,32.09.24.2004,Arjawinangun,kecamatan,no,-6.6453,108.4103,Asia/Jakarta,"BMKG point: Arjawinangun, Kecamatan Arjawinangun",03-08-2026,BMKG,BMKG,10:00,2026-08-03 10:00:00,32.0,51.0,0.0,15.3,0.0,1.8006,Cerah,Cerah
arjawinangun,"Arjawinangun, Cirebon",2026-08-03,32.09.24.2004,Arjawinangun,kecamatan,no,-6.6453,108.4103,Asia/Jakarta,"BMKG point: Arjawinangun, Kecamatan Arjawinangun",03-08-2026,BMKG,BMKG,11:00,2026-08-03 10:00:00,32.0,51.0,0.0,15.3,60.0,1.3505,Cerah,Cerah
arjawinangun,"Arjawinangun, Cirebon",2026-08-03,32.09.24.2004,Arjawinangun,kecamatan,no,-6.6453,108.4103,Asia/Jakarta,"BMKG point: Arjawinangun, Kecamatan Arjawinangun",03-08-2026,BMKG,BMKG,12:00,2026-08-03 13:00:00,33.0,52.0,0.0,18.7,60.0,1.3505,Cerah,Cerah
arjawinangun,"Arjawinangun, Cirebon",2026-08-03,32.09.24.2004,Arjawinangun,kecamatan,no,-6.6453,108.4103,Asia/Jakarta,"BMKG point: Arjawinangun, Kecamatan Arjawinangun",03-08-2026,BMKG,BMKG,13:00,2026-08-03 13:00:00,33.0,52.0,0.0,18.7,0.0,1.8006,Cerah,Cerah
arjawinangun,"Arjawinangun, Cirebon",2026-08-03,32.09.24.2004,Arjawinangun,kecamatan,no,-6.6453,108.4103,Asia/Jakarta,"BMKG point: Arjawinangun, Kecamatan Arjawinangun",03-08-2026,BMKG,BMKG,14:00,2026-08-03 13:00:00,33.0,52.0,0.0,18.7,60.0,1.3505,Cerah,Cerah
arjawinangun,"Arjawinangun, Cirebon",2026-08-03,32.09.24.2004,Arjawinangun,kecamatan,no,-6.6453,108.4103,Asia/Jakarta,"BMKG point: Arjawinangun, Kecamatan Arjawinangun",03-08-2026,BMKG,BMKG,15:00,2026-08-03 16:00:00,29.0,65.0,0.0,16.4,60.0,1.3505,Cerah,Cerah
arjawinangun,"Arjawinangun, Cirebon",2026-08-03,32.09.24.2004,Arjawinangun,kecamatan,no,-6.6453,108.4103,Asia/Jakarta,"BMKG point: Arjawinangun, Kecamatan Arjawinangun",03-08-2026,BMKG,BMKG,16:00,2026-08-03 16:00:00,29.0,65.0,0.0,16.4,0.0,1.8006,Cerah,Cerah
arjawinangun,"Arjawinangun, Cirebon",2026-08-03,32.09.24.2004,Arjawinangun,kecamatan,no,-6.6453,108.4103,Asia/Jakarta,"BMKG point: Arjawinangun, Kecamatan Arjawinangun",03-08-2026,BMKG,BMKG,17:00,2026-08-03 16:00:00,29.0,65.0,0.0,16.4,60.0,1.3505,Cerah,Cerah
arjawinangun,"Arjawinangun, Cirebon",2026-08-03,32.09.24.2004,Arjawinangun,kecamatan,no,-6.6453,108.4103,Asia/Jakarta,"BMKG point: Arjawinangun, Kecamatan Arjawinangun",03-08-2026,BMKG,BMKG,18:00,2026-08-03 19:00:00,28.0,74.0,0.0,8.8,60.0,1.3505,Cerah,Cerah
arjawinangun,"Arjawinangun, Cirebon",2026-08-03,32.09.24.2004,Arjawinangun,kecamatan,no,-6.6453,108.4103,Asia/Jakarta,"BMKG point: Arjawinangun, Kecamatan Arjawinangun",03-08-2026,BMKG,BMKG,19:00,2026-08-03 19:00:00,28.0,74.0,0.0,8.8,0.0,1.8006,Cerah,Cerah
arjawinangun,"Arjawinangun, Cirebon",2026-08-03,32.09.24.2004,Arjawinangun,kecamatan,no,-6.6453,108.4103,Asia/Jakarta,"BMKG point: Arjawinangun, Kecamatan Arjawinangun",03-08-2026,BMKG,BMKG,20:00,2026-08-03 19:00:00,28.0,74.0,0.0,8.8,60.0,1.3505,Cerah,Cerah
arjawinangun,"Arjawinangun, Cirebon",2026-08-03,32.09.24.2004,Arjawinangun,kecamatan,no,-6.6453,108.4103,Asia/Jakarta,"BMKG point: Arjawinangun, Kecamatan Arjawinangun",03-08-2026,BMKG,BMKG,21:00,2026-08-03 22:00:00,25.0,81.0,0.0,5.2,60.0,1.3505,Cerah,Cerah
arjawinangun,"Arjawinangun, Cirebon",2026-08-03,32.09.24.2004,Arjawinangun,kecamatan,no,-6.6453,108.4103,Asia/Jakarta,"BMKG point: Arjawinangun, Kecamatan Arjawinangun",03-08-2026,BMKG,BMKG,22:00,2026-08-03 22:00:00,25.0,81.0,0.0,5.2,0.0,1.8006,Cerah,Cerah
arjawinangun,"Arjawinangun, Cirebon",2026-08-03,32.09.24.2004,Arjawinangun,kecamatan,no,-6.6453,108.4103,Asia/Jakarta,"BMKG point: Arjawinangun, Kecamatan Arjawinangun",03-08-2026,BMKG,BMKG,23:00,2026-08-03 22:00:00,25.0,81.0,0.0,5.2,60.0,1.3505,Cerah,Cerah
arjawinangun,"Arjawinangun, Cirebon",2026-08-03,32.09.24.2004,Arjawinangun,kecamatan,no,-6.6453,108.4103,Asia/Jakarta,"BMKG point: Arjawinangun, Kecamatan Arjawinangun",03-08-2026,CMA,Open-Meteo / CMA GRAPES,00:00,2026-08-03 00:00:00,24.7,86.0,0.0,7.5,0.0,1.1741,Cerah,wmo:0
arjawinangun,"Arjawinangun, Cirebon",2026-08-03,32.09.24.2004,Arjawinangun,kecamatan,no,-6.6453,108.4103,Asia/Jakarta,"BMKG point: Arjawinangun, Kecamatan Arjawinangun",03-08-2026,CMA,Open-Meteo / CMA GRAPES,01:00,2026-08-03 01:00:00,24.4,86.0,0.0,7.0,0.0,1.1741,Cerah,wmo:0
arjawinangun,"Arjawinangun, Cirebon",2026-08-03,32.09.24.2004,Arjawinangun,kecamatan,no,-6.6453,108.4103,Asia/Jakarta,"BMKG point: Arjawinangun, Kecamatan Arjawinangun",03-08-2026,CMA,Open-Meteo / CMA GRAPES,02:00,2026-08-03 02:00:00,24.2,86.0,0.0,7.1,0.0,1.1741,Cerah,wmo:0
arjawinangun,"Arjawinangun, Cirebon",2026-08-03,32.09.24.2004,Arjawinangun,kecamatan,no,-6.6453,108.4103,Asia/Jakarta,"BMKG point: Arjawinangun, Kecamatan Arjawinangun",03-08-2026,CMA,Open-Meteo / CMA GRAPES,03:00,2026-08-03 03:00:00,24.1,87.0,0.0,7.1,0.0,1.1741,Cerah,wmo:0
arjawinangun,"Arjawinangun, Cirebon",2026-08-03,32.09.24.2004,Arjawinangun,kecamatan,no,-6.6453,108.4103,Asia/Jakarta,"BMKG point: Arjawinangun, Kecamatan Arjawinangun",03-08-2026,CMA,Open-Meteo / CMA GRAPES,04:00,2026-08-03 04:00:00,24.2,86.0,0.0,7.6,0.0,1.1741,Cerah,wmo:0
arjawinangun,"Arjawinangun, Cirebon",2026-08-03,32.09.24.2004,Arjawinangun,kecamatan,no,-6.6453,108.4103,Asia/Jakarta,"BMKG point: Arjawinangun, Kecamatan Arjawinangun",03-08-2026,CMA,Open-Meteo / CMA GRAPES,05:00,2026-08-03 05:00:00,24.4,84.0,0.0,8.2,0.0,1.1741,Cerah,wmo:0
arjawinangun,"Arjawinangun, Cirebon",2026-08-03,32.09.24.2004,Arjawinangun,kecamatan,no,-6.6453,108.4103,Asia/Jakarta,"BMKG point: Arjawinangun, Kecamatan Arjawinangun",03-08-2026,CMA,Open-Meteo / CMA GRAPES,06:00,2026-08-03 06:00:00,24.8,82.0,0.0,8.9,0.0,1.1741,Cerah,wmo:0
arjawinangun,"Arjawinangun, Cirebon",2026-08-03,32.09.24.2004,Arjawinangun,kecamatan,no,-6.6453,108.4103,Asia/Jakarta,"BMKG point: Arjawinangun, Kecamatan Arjawinangun",03-08-2026,CMA,Open-Meteo / CMA GRAPES,07:00,2026-08-03 07:00:00,25.5,79.0,0.0,9.2,0.0,1.1741,Cerah,wmo:0
arjawinangun,"Arjawinangun, Cirebon",2026-08-03,32.09.24.2004,Arjawinangun,kecamatan,no,-6.6453,108.4103,Asia/Jakarta,"BMKG point: Arjawinangun, Kecamatan Arjawinangun",03-08-2026,CMA,Open-Meteo / CMA GRAPES,08:00,2026-08-03 08:00:00,26.7,76.0,0.0,8.9,0.0,1.1741,Cerah,wmo:0
arjawinangun,"Arjawinangun, Cirebon",2026-08-03,32.09.24.2004,Arjawinangun,kecamatan,no,-6.6453,108.4103,Asia/Jakarta,"BMKG point: Arjawinangun, Kecamatan Arjawinangun",03-08-2026,CMA,Open-Meteo / CMA GRAPES,09:00,2026-08-03 09:00:00,28.1,72.0,0.0,9.3,0.0,1.1741,Cerah,wmo:0
arjawinangun,"Arjawinangun, Cirebon",2026-08-03,32.09.24.2004,Arjawinangun,kecamatan,no,-6.6453,108.4103,Asia/Jakarta,"BMKG point: Arjawinangun, Kecamatan Arjawinangun",03-08-2026,CMA,Open-Meteo / CMA GRAPES,10:00,2026-08-03 10:00:00,29.3,69.0,0.0,10.6,0.0,1.1741,Cerah,wmo:0
arjawinangun,"Arjawinangun, Cirebon",2026-08-03,32.09.24.2004,Arjawinangun,kecamatan,no,-6.6453,108.4103,Asia/Jakarta,"BMKG point: Arjawinangun, Kecamatan Arjawinangun",03-08-2026,CMA,Open-Meteo / CMA GRAPES,11:00,2026-08-03 11:00:00,29.9,67.0,0.0,12.3,0.0,1.1741,Cerah,wmo:0
arjawinangun,"Arjawinangun, Cirebon",2026-08-03,32.09.24.2004,Arjawinangun,kecamatan,no,-6.6453,108.4103,Asia/Jakarta,"BMKG point: Arjawinangun, Kecamatan Arjawinangun",03-08-2026,CMA,Open-Meteo / CMA GRAPES,12:00,2026-08-03 12:00:00,30.3,65.0,0.0,14.1,0.0,1.1741,Cerah,wmo:0
arjawinangun,"Arjawinangun, Cirebon",2026-08-03,32.09.24.2004,Arjawinangun,kecamatan,no,-6.6453,108.4103,Asia/Jakarta,"BMKG point: Arjawinangun, Kecamatan Arjawinangun",03-08-2026,CMA,Open-Meteo / CMA GRAPES,13:00,2026-08-03 13:00:00,30.3,65.0,0.0,15.8,0.0,1.1741,Cerah,wmo:0
arjawinangun,"Arjawinangun, Cirebon",2026-08-03,32.09.24.2004,Arjawinangun,kecamatan,no,-6.6453,108.4103,Asia/Jakarta,"BMKG point: Arjawinangun, Kecamatan Arjawinangun",03-08-2026,CMA,Open-Meteo / CMA GRAPES,14:00,2026-08-03 14:00:00,29.9,67.0,0.0,16.5,0.0,1.1741,Cerah,wmo:0
arjawinangun,"Arjawinangun, Cirebon",2026-08-03,32.09.24.2004,Arjawinangun,kecamatan,no,-6.6453,108.4103,Asia/Jakarta,"BMKG point: Arjawinangun, Kecamatan Arjawinangun",03-08-2026,CMA,Open-Meteo / CMA GRAPES,15:00,2026-08-03 15:00:00,29.3,70.0,0.0,16.5,0.0,1.1741,Cerah,wmo:0
arjawinangun,"Arjawinangun, Cirebon",2026-08-03,32.09.24.2004,Arjawinangun,kecamatan,no,-6.6453,108.4103,Asia/Jakarta,"BMKG point: Arjawinangun, Kecamatan Arjawinangun",03-08-2026,CMA,Open-Meteo / CMA GRAPES,16:00,2026-08-03 16:00:00,28.5,73.0,0.0,15.5,0.0,1.1741,Cerah,wmo:0
arjawinangun,"Arjawinangun, Cirebon",2026-08-03,32.09.24.2004,Arjawinangun,kecamatan,no,-6.6453,108.4103,Asia/Jakarta,"BMKG point: Arjawinangun, Kecamatan Arjawinangun",03-08-2026,CMA,Open-Meteo / CMA GRAPES,17:00,2026-08-03 17:00:00,27.8,76.0,0.0,13.2,0.0,1.1741,Cerah,wmo:0
arjawinangun,"Arjawinangun, Cirebon",2026-08-03,32.09.24.2004,Arjawinangun,kecamatan,no,-6.6453,108.4103,Asia/Jakarta,"BMKG point: Arjawinangun, Kecamatan Arjawinangun",03-08-2026,CMA,Open-Meteo / CMA GRAPES,18:00,2026-08-03 18:00:00,27.0,78.0,0.0,10.5,0.0,1.1741,Cerah,wmo:0
arjawinangun,"Arjawinangun, Cirebon",2026-08-03,32.09.24.2004,Arjawinangun,kecamatan,no,-6.6453,108.4103,Asia/Jakarta,"BMKG point: Arjawinangun, Kecamatan Arjawinangun",03-08-2026,CMA,Open-Meteo / CMA GRAPES,19:00,2026-08-03 19:00:00,26.4,81.0,0.0,8.7,0.0,1.1741,Cerah,wmo:0
arjawinangun,"Arjawinangun, Cirebon",2026-08-03,32.09.24.2004,Arjawinangun,kecamatan,no,-6.6453,108.4103,Asia/Jakarta,"BMKG point: Arjawinangun, Kecamatan Arjawinangun",03-08-2026,CMA,Open-Meteo / CMA GRAPES,20:00,2026-08-03 20:00:00,26.1,83.0,0.0,8.2,0.0,1.1741,Cerah Berawan,wmo:1
arjawinangun,"Arjawinangun, Cirebon",2026-08-03,32.09.24.2004,Arjawinangun,kecamatan,no,-6.6453,108.4103,Asia/Jakarta,"BMKG point: Arjawinangun, Kecamatan Arjawinangun",03-08-2026,CMA,Open-Meteo / CMA GRAPES,21:00,2026-08-03 21:00:00,25.9,85.0,0.0,8.4,0.0,1.1741,Cerah Berawan,wmo:1
arjawinangun,"Arjawinangun, Cirebon",2026-08-03,32.09.24.2004,Arjawinangun,kecamatan,no,-6.6453,108.4103,Asia/Jakarta,"BMKG point: Arjawinangun, Kecamatan Arjawinangun",03-08-2026,CMA,Open-Meteo / CMA GRAPES,22:00,2026-08-03 22:00:00,25.8,87.0,0.0,8.3,0.0,1.1741,Cerah Berawan,wmo:1
arjawinangun,"Arjawinangun, Cirebon",2026-08-03,32.09.24.2004,Arjawinangun,kecamatan,no,-6.6453,108.4103,Asia/Jakarta,"BMKG point: Arjawinangun, Kecamatan Arjawinangun",03-08-2026,CMA,Open-Meteo / CMA GRAPES,23:00,2026-08-03 23:00:00,25.6,88.0,0.0,7.4,0.0,1.1741,Cerah Berawan,wmo:1
arjawinangun,"Arjawinangun, Cirebon",2026-08-03,32.09.24.2004,Arjawinangun,kecamatan,no,-6.6453,108.4103,Asia/Jakarta,"BMKG point: Arjawinangun, Kecamatan Arjawinangun",03-08-2026,ECMWF,Open-Meteo / ECMWF,00:00,2026-08-03 00:00:00,26.0,80.0,0.0,2.2,0.0,1.7011,Cerah,wmo:0
arjawinangun,"Arjawinangun, Cirebon",2026-08-03,32.09.24.2004,Arjawinangun,kecamatan,no,-6.6453,108.4103,Asia/Jakarta,"BMKG point: Arjawinangun, Kecamatan Arjawinangun",03-08-2026,ECMWF,Open-Meteo / ECMWF,01:00,2026-08-03 01:00:00,25.8,80.0,0.0,1.6,0.0,1.7011,Cerah,wmo:0
arjawinangun,"Arjawinangun, Cirebon",2026-08-03,32.09.24.2004,Arjawinangun,kecamatan,no,-6.6453,108.4103,Asia/Jakarta,"BMKG point: Arjawinangun, Kecamatan Arjawinangun",03-08-2026,ECMWF,Open-Meteo / ECMWF,02:00,2026-08-03 02:00:00,25.6,81.0,0.0,1.8,0.0,1.7011,Cerah,wmo:0
arjawinangun,"Arjawinangun, Cirebon",2026-08-03,32.09.24.2004,Arjawinangun,kecamatan,no,-6.6453,108.4103,Asia/Jakarta,"BMKG point: Arjawinangun, Kecamatan Arjawinangun",03-08-2026,ECMWF,Open-Meteo / ECMWF,03:00,2026-08-03 03:00:00,25.4,82.0,0.0,1.9,0.0,1.7011,Cerah,wmo:0
arjawinangun,"Arjawinangun, Cirebon",2026-08-03,32.09.24.2004,Arjawinangun,kecamatan,no,-6.6453,108.4103,Asia/Jakarta,"BMKG point: Arjawinangun, Kecamatan Arjawinangun",03-08-2026,ECMWF,Open-Meteo / ECMWF,04:00,2026-08-03 04:00:00,25.5,82.0,0.0,2.2,0.0,1.7011,Cerah,wmo:0
arjawinangun,"Arjawinangun, Cirebon",2026-08-03,32.09.24.2004,Arjawinangun,kecamatan,no,-6.6453,108.4103,Asia/Jakarta,"BMKG point: Arjawinangun, Kecamatan Arjawinangun",03-08-2026,ECMWF,Open-Meteo / ECMWF,05:00,2026-08-03 05:00:00,25.8,81.0,0.0,2.9,0.0,1.7011,Cerah,wmo:0
arjawinangun,"Arjawinangun, Cirebon",2026-08-03,32.09.24.2004,Arjawinangun,kecamatan,no,-6.6453,108.4103,Asia/Jakarta,"BMKG point: Arjawinangun, Kecamatan Arjawinangun",03-08-2026,ECMWF,Open-Meteo / ECMWF,06:00,2026-08-03 06:00:00,26.3,79.0,0.0,3.8,0.0,1.7011,Cerah,wmo:0
arjawinangun,"Arjawinangun, Cirebon",2026-08-03,32.09.24.2004,Arjawinangun,kecamatan,no,-6.6453,108.4103,Asia/Jakarta,"BMKG point: Arjawinangun, Kecamatan Arjawinangun",03-08-2026,ECMWF,Open-Meteo / ECMWF,07:00,2026-08-03 07:00:00,27.0,76.0,0.0,4.7,0.0,1.7011,Cerah,wmo:0
arjawinangun,"Arjawinangun, Cirebon",2026-08-03,32.09.24.2004,Arjawinangun,kecamatan,no,-6.6453,108.4103,Asia/Jakarta,"BMKG point: Arjawinangun, Kecamatan Arjawinangun",03-08-2026,ECMWF,Open-Meteo / ECMWF,08:00,2026-08-03 08:00:00,28.3,70.0,0.0,6.6,0.0,1.7011,Cerah,wmo:0
arjawinangun,"Arjawinangun, Cirebon",2026-08-03,32.09.24.2004,Arjawinangun,kecamatan,no,-6.6453,108.4103,Asia/Jakarta,"BMKG point: Arjawinangun, Kecamatan Arjawinangun",03-08-2026,ECMWF,Open-Meteo / ECMWF,09:00,2026-08-03 09:00:00,29.7,62.0,0.0,9.8,0.0,1.7011,Cerah,wmo:0
arjawinangun,"Arjawinangun, Cirebon",2026-08-03,32.09.24.2004,Arjawinangun,kecamatan,no,-6.6453,108.4103,Asia/Jakarta,"BMKG point: Arjawinangun, Kecamatan Arjawinangun",03-08-2026,ECMWF,Open-Meteo / ECMWF,10:00,2026-08-03 10:00:00,30.8,56.0,0.0,13.0,0.0,1.7011,Cerah,wmo:0
arjawinangun,"Arjawinangun, Cirebon",2026-08-03,32.09.24.2004,Arjawinangun,kecamatan,no,-6.6453,108.4103,Asia/Jakarta,"BMKG point: Arjawinangun, Kecamatan Arjawinangun",03-08-2026,ECMWF,Open-Meteo / ECMWF,11:00,2026-08-03 11:00:00,31.0,55.0,0.0,14.5,0.0,1.7011,Cerah,wmo:0
arjawinangun,"Arjawinangun, Cirebon",2026-08-03,32.09.24.2004,Arjawinangun,kecamatan,no,-6.6453,108.4103,Asia/Jakarta,"BMKG point: Arjawinangun, Kecamatan Arjawinangun",03-08-2026,ECMWF,Open-Meteo / ECMWF,12:00,2026-08-03 12:00:00,30.9,56.0,0.0,15.4,0.0,1.7011,Cerah,wmo:0
arjawinangun,"Arjawinangun, Cirebon",2026-08-03,32.09.24.2004,Arjawinangun,kecamatan,no,-6.6453,108.4103,Asia/Jakarta,"BMKG point: Arjawinangun, Kecamatan Arjawinangun",03-08-2026,ECMWF,Open-Meteo / ECMWF,13:00,2026-08-03 13:00:00,30.6,58.0,0.0,15.6,0.0,1.7011,Cerah Berawan,wmo:1
arjawinangun,"Arjawinangun, Cirebon",2026-08-03,32.09.24.2004,Arjawinangun,kecamatan,no,-6.6453,108.4103,Asia/Jakarta,"BMKG point: Arjawinangun, Kecamatan Arjawinangun",03-08-2026,ECMWF,Open-Meteo / ECMWF,14:00,2026-08-03 14:00:00,30.3,61.0,0.0,15.3,0.0,1.7011,Cerah,wmo:0
arjawinangun,"Arjawinangun, Cirebon",2026-08-03,32.09.24.2004,Arjawinangun,kecamatan,no,-6.6453,108.4103,Asia/Jakarta,"BMKG point: Arjawinangun, Kecamatan Arjawinangun",03-08-2026,ECMWF,Open-Meteo / ECMWF,15:00,2026-08-03 15:00:00,29.8,64.0,0.0,14.1,0.0,1.7011,Cerah,wmo:0
arjawinangun,"Arjawinangun, Cirebon",2026-08-03,32.09.24.2004,Arjawinangun,kecamatan,no,-6.6453,108.4103,Asia/Jakarta,"BMKG point: Arjawinangun, Kecamatan Arjawinangun",03-08-2026,ECMWF,Open-Meteo / ECMWF,16:00,2026-08-03 16:00:00,29.3,68.0,0.0,12.2,0.0,1.7011,Cerah,wmo:0
arjawinangun,"Arjawinangun, Cirebon",2026-08-03,32.09.24.2004,Arjawinangun,kecamatan,no,-6.6453,108.4103,Asia/Jakarta,"BMKG point: Arjawinangun, Kecamatan Arjawinangun",03-08-2026,ECMWF,Open-Meteo / ECMWF,17:00,2026-08-03 17:00:00,28.7,72.0,0.0,9.1,0.0,1.7011,Cerah,wmo:0
arjawinangun,"Arjawinangun, Cirebon",2026-08-03,32.09.24.2004,Arjawinangun,kecamatan,no,-6.6453,108.4103,Asia/Jakarta,"BMKG point: Arjawinangun, Kecamatan Arjawinangun",03-08-2026,ECMWF,Open-Meteo / ECMWF,18:00,2026-08-03 18:00:00,27.9,75.0,0.0,5.1,0.0,1.7011,Cerah,wmo:0
arjawinangun,"Arjawinangun, Cirebon",2026-08-03,32.09.24.2004,Arjawinangun,kecamatan,no,-6.6453,108.4103,Asia/Jakarta,"BMKG point: Arjawinangun, Kecamatan Arjawinangun",03-08-2026,ECMWF,Open-Meteo / ECMWF,19:00,2026-08-03 19:00:00,27.3,78.0,0.0,3.3,0.0,1.7011,Cerah,wmo:0
arjawinangun,"Arjawinangun, Cirebon",2026-08-03,32.09.24.2004,Arjawinangun,kecamatan,no,-6.6453,108.4103,Asia/Jakarta,"BMKG point: Arjawinangun, Kecamatan Arjawinangun",03-08-2026,ECMWF,Open-Meteo / ECMWF,20:00,2026-08-03 20:00:00,27.0,80.0,0.0,3.4,0.0,1.7011,Cerah,wmo:0
arjawinangun,"Arjawinangun, Cirebon",2026-08-03,32.09.24.2004,Arjawinangun,kecamatan,no,-6.6453,108.4103,Asia/Jakarta,"BMKG point: Arjawinangun, Kecamatan Arjawinangun",03-08-2026,ECMWF,Open-Meteo / ECMWF,21:00,2026-08-03 21:00:00,26.8,82.0,0.0,3.4,0.0,1.7011,Cerah,wmo:0
arjawinangun,"Arjawinangun, Cirebon",2026-08-03,32.09.24.2004,Arjawinangun,kecamatan,no,-6.6453,108.4103,Asia/Jakarta,"BMKG point: Arjawinangun, Kecamatan Arjawinangun",03-08-2026,ECMWF,Open-Meteo / ECMWF,22:00,2026-08-03 22:00:00,26.5,83.0,0.0,3.3,0.0,1.7011,Cerah Berawan,wmo:1
arjawinangun,"Arjawinangun, Cirebon",2026-08-03,32.09.24.2004,Arjawinangun,kecamatan,no,-6.6453,108.4103,Asia/Jakarta,"BMKG point: Arjawinangun, Kecamatan Arjawinangun",03-08-2026,ECMWF,Open-Meteo / ECMWF,23:00,2026-08-03 23:00:00,26.3,85.0,0.0,2.8,0.0,1.7011,Cerah Berawan,wmo:1
arjawinangun,"Arjawinangun, Cirebon",2026-08-03,32.09.24.2004,Arjawinangun,kecamatan,no,-6.6453,108.4103,Asia/Jakarta,"BMKG point: Arjawinangun, Kecamatan Arjawinangun",03-08-2026,GFS,Open-Meteo / NOAA GFS,00:00,2026-08-03 00:00:00,24.3,84.0,0.0,7.0,0.0,1.4091,Cerah,wmo:0
arjawinangun,"Arjawinangun, Cirebon",2026-08-03,32.09.24.2004,Arjawinangun,kecamatan,no,-6.6453,108.4103,Asia/Jakarta,"BMKG point: Arjawinangun, Kecamatan Arjawinangun",03-08-2026,GFS,Open-Meteo / NOAA GFS,01:00,2026-08-03 01:00:00,24.1,84.0,0.0,6.8,0.0,1.4091,Cerah,wmo:0
arjawinangun,"Arjawinangun, Cirebon",2026-08-03,32.09.24.2004,Arjawinangun,kecamatan,no,-6.6453,108.4103,Asia/Jakarta,"BMKG point: Arjawinangun, Kecamatan Arjawinangun",03-08-2026,GFS,Open-Meteo / NOAA GFS,02:00,2026-08-03 02:00:00,23.9,84.0,0.0,5.6,0.0,1.4091,Cerah,wmo:0
arjawinangun,"Arjawinangun, Cirebon",2026-08-03,32.09.24.2004,Arjawinangun,kecamatan,no,-6.6453,108.4103,Asia/Jakarta,"BMKG point: Arjawinangun, Kecamatan Arjawinangun",03-08-2026,GFS,Open-Meteo / NOAA GFS,03:00,2026-08-03 03:00:00,23.7,84.0,0.0,5.9,0.0,1.4091,Cerah,wmo:0
arjawinangun,"Arjawinangun, Cirebon",2026-08-03,32.09.24.2004,Arjawinangun,kecamatan,no,-6.6453,108.4103,Asia/Jakarta,"BMKG point: Arjawinangun, Kecamatan Arjawinangun",03-08-2026,GFS,Open-Meteo / NOAA GFS,04:00,2026-08-03 04:00:00,23.5,84.0,0.0,5.9,0.0,1.4091,Cerah,wmo:0
arjawinangun,"Arjawinangun, Cirebon",2026-08-03,32.09.24.2004,Arjawinangun,kecamatan,no,-6.6453,108.4103,Asia/Jakarta,"BMKG point: Arjawinangun, Kecamatan Arjawinangun",03-08-2026,GFS,Open-Meteo / NOAA GFS,05:00,2026-08-03 05:00:00,23.4,83.0,0.0,5.5,0.0,1.4091,Cerah,wmo:0
arjawinangun,"Arjawinangun, Cirebon",2026-08-03,32.09.24.2004,Arjawinangun,kecamatan,no,-6.6453,108.4103,Asia/Jakarta,"BMKG point: Arjawinangun, Kecamatan Arjawinangun",03-08-2026,GFS,Open-Meteo / NOAA GFS,06:00,2026-08-03 06:00:00,23.4,83.0,0.0,6.0,0.0,1.4091,Cerah,wmo:0
arjawinangun,"Arjawinangun, Cirebon",2026-08-03,32.09.24.2004,Arjawinangun,kecamatan,no,-6.6453,108.4103,Asia/Jakarta,"BMKG point: Arjawinangun, Kecamatan Arjawinangun",03-08-2026,GFS,Open-Meteo / NOAA GFS,07:00,2026-08-03 07:00:00,25.6,73.0,0.0,5.2,0.0,1.4091,Cerah,wmo:0
arjawinangun,"Arjawinangun, Cirebon",2026-08-03,32.09.24.2004,Arjawinangun,kecamatan,no,-6.6453,108.4103,Asia/Jakarta,"BMKG point: Arjawinangun, Kecamatan Arjawinangun",03-08-2026,GFS,Open-Meteo / NOAA GFS,08:00,2026-08-03 08:00:00,28.3,62.0,0.0,7.1,0.0,1.4091,Cerah Berawan,wmo:1
arjawinangun,"Arjawinangun, Cirebon",2026-08-03,32.09.24.2004,Arjawinangun,kecamatan,no,-6.6453,108.4103,Asia/Jakarta,"BMKG point: Arjawinangun, Kecamatan Arjawinangun",03-08-2026,GFS,Open-Meteo / NOAA GFS,09:00,2026-08-03 09:00:00,30.3,55.0,0.0,11.9,0.0,1.4091,Cerah,wmo:0
arjawinangun,"Arjawinangun, Cirebon",2026-08-03,32.09.24.2004,Arjawinangun,kecamatan,no,-6.6453,108.4103,Asia/Jakarta,"BMKG point: Arjawinangun, Kecamatan Arjawinangun",03-08-2026,GFS,Open-Meteo / NOAA GFS,10:00,2026-08-03 10:00:00,31.7,51.0,0.0,16.0,0.0,1.4091,Cerah,wmo:0
arjawinangun,"Arjawinangun, Cirebon",2026-08-03,32.09.24.2004,Arjawinangun,kecamatan,no,-6.6453,108.4103,Asia/Jakarta,"BMKG point: Arjawinangun, Kecamatan Arjawinangun",03-08-2026,GFS,Open-Meteo / NOAA GFS,11:00,2026-08-03 11:00:00,32.3,50.0,0.0,19.5,0.0,1.4091,Cerah,wmo:0
arjawinangun,"Arjawinangun, Cirebon",2026-08-03,32.09.24.2004,Arjawinangun,kecamatan,no,-6.6453,108.4103,Asia/Jakarta,"BMKG point: Arjawinangun, Kecamatan Arjawinangun",03-08-2026,GFS,Open-Meteo / NOAA GFS,12:00,2026-08-03 12:00:00,32.5,50.0,0.0,23.9,0.0,1.4091,Cerah Berawan,wmo:1
arjawinangun,"Arjawinangun, Cirebon",2026-08-03,32.09.24.2004,Arjawinangun,kecamatan,no,-6.6453,108.4103,Asia/Jakarta,"BMKG point: Arjawinangun, Kecamatan Arjawinangun",03-08-2026,GFS,Open-Meteo / NOAA GFS,13:00,2026-08-03 13:00:00,32.3,51.0,0.0,24.2,0.0,1.4091,Cerah,wmo:0
arjawinangun,"Arjawinangun, Cirebon",2026-08-03,32.09.24.2004,Arjawinangun,kecamatan,no,-6.6453,108.4103,Asia/Jakarta,"BMKG point: Arjawinangun, Kecamatan Arjawinangun",03-08-2026,GFS,Open-Meteo / NOAA GFS,14:00,2026-08-03 14:00:00,31.7,54.0,0.0,22.7,0.0,1.4091,Cerah,wmo:0
arjawinangun,"Arjawinangun, Cirebon",2026-08-03,32.09.24.2004,Arjawinangun,kecamatan,no,-6.6453,108.4103,Asia/Jakarta,"BMKG point: Arjawinangun, Kecamatan Arjawinangun",03-08-2026,GFS,Open-Meteo / NOAA GFS,15:00,2026-08-03 15:00:00,31.0,56.0,0.0,21.9,0.0,1.4091,Cerah,wmo:0
arjawinangun,"Arjawinangun, Cirebon",2026-08-03,32.09.24.2004,Arjawinangun,kecamatan,no,-6.6453,108.4103,Asia/Jakarta,"BMKG point: Arjawinangun, Kecamatan Arjawinangun",03-08-2026,GFS,Open-Meteo / NOAA GFS,16:00,2026-08-03 16:00:00,30.3,57.0,0.0,18.4,0.0,1.4091,Cerah,wmo:0
arjawinangun,"Arjawinangun, Cirebon",2026-08-03,32.09.24.2004,Arjawinangun,kecamatan,no,-6.6453,108.4103,Asia/Jakarta,"BMKG point: Arjawinangun, Kecamatan Arjawinangun",03-08-2026,GFS,Open-Meteo / NOAA GFS,17:00,2026-08-03 17:00:00,28.9,64.0,0.0,15.8,0.0,1.4091,Cerah,wmo:0
arjawinangun,"Arjawinangun, Cirebon",2026-08-03,32.09.24.2004,Arjawinangun,kecamatan,no,-6.6453,108.4103,Asia/Jakarta,"BMKG point: Arjawinangun, Kecamatan Arjawinangun",03-08-2026,GFS,Open-Meteo / NOAA GFS,18:00,2026-08-03 18:00:00,26.4,77.0,0.0,11.2,0.0,1.4091,Cerah,wmo:0
arjawinangun,"Arjawinangun, Cirebon",2026-08-03,32.09.24.2004,Arjawinangun,kecamatan,no,-6.6453,108.4103,Asia/Jakarta,"BMKG point: Arjawinangun, Kecamatan Arjawinangun",03-08-2026,GFS,Open-Meteo / NOAA GFS,19:00,2026-08-03 19:00:00,25.3,83.0,0.0,8.8,0.0,1.4091,Cerah,wmo:0
arjawinangun,"Arjawinangun, Cirebon",2026-08-03,32.09.24.2004,Arjawinangun,kecamatan,no,-6.6453,108.4103,Asia/Jakarta,"BMKG point: Arjawinangun, Kecamatan Arjawinangun",03-08-2026,GFS,Open-Meteo / NOAA GFS,20:00,2026-08-03 20:00:00,25.1,84.0,0.0,8.0,0.0,1.4091,Cerah,wmo:0
arjawinangun,"Arjawinangun, Cirebon",2026-08-03,32.09.24.2004,Arjawinangun,kecamatan,no,-6.6453,108.4103,Asia/Jakarta,"BMKG point: Arjawinangun, Kecamatan Arjawinangun",03-08-2026,GFS,Open-Meteo / NOAA GFS,21:00,2026-08-03 21:00:00,25.0,85.0,0.0,8.7,0.0,1.4091,Cerah,wmo:0
arjawinangun,"Arjawinangun, Cirebon",2026-08-03,32.09.24.2004,Arjawinangun,kecamatan,no,-6.6453,108.4103,Asia/Jakarta,"BMKG point: Arjawinangun, Kecamatan Arjawinangun",03-08-2026,GFS,Open-Meteo / NOAA GFS,22:00,2026-08-03 22:00:00,24.8,85.0,0.0,8.4,0.0,1.4091,Cerah,wmo:0
arjawinangun,"Arjawinangun, Cirebon",2026-08-03,32.09.24.2004,Arjawinangun,kecamatan,no,-6.6453,108.4103,Asia/Jakarta,"BMKG point: Arjawinangun, Kecamatan Arjawinangun",03-08-2026,GFS,Open-Meteo / NOAA GFS,23:00,2026-08-03 23:00:00,24.6,86.0,0.0,8.2,0.0,1.4091,Cerah,wmo:0
arjawinangun,"Arjawinangun, Cirebon",2026-08-03,32.09.24.2004,Arjawinangun,kecamatan,no,-6.6453,108.4103,Asia/Jakarta,"BMKG point: Arjawinangun, Kecamatan Arjawinangun",03-08-2026,ICON,Open-Meteo / DWD ICON,00:00,2026-08-03 00:00:00,24.7,82.0,0.0,4.1,0.0,1.4875,Cerah,wmo:0
arjawinangun,"Arjawinangun, Cirebon",2026-08-03,32.09.24.2004,Arjawinangun,kecamatan,no,-6.6453,108.4103,Asia/Jakarta,"BMKG point: Arjawinangun, Kecamatan Arjawinangun",03-08-2026,ICON,Open-Meteo / DWD ICON,01:00,2026-08-03 01:00:00,24.4,82.0,0.0,3.3,0.0,1.4875,Cerah,wmo:0
arjawinangun,"Arjawinangun, Cirebon",2026-08-03,32.09.24.2004,Arjawinangun,kecamatan,no,-6.6453,108.4103,Asia/Jakarta,"BMKG point: Arjawinangun, Kecamatan Arjawinangun",03-08-2026,ICON,Open-Meteo / DWD ICON,02:00,2026-08-03 02:00:00,24.1,83.0,0.0,3.1,0.0,1.4875,Cerah,wmo:0
arjawinangun,"Arjawinangun, Cirebon",2026-08-03,32.09.24.2004,Arjawinangun,kecamatan,no,-6.6453,108.4103,Asia/Jakarta,"BMKG point: Arjawinangun, Kecamatan Arjawinangun",03-08-2026,ICON,Open-Meteo / DWD ICON,03:00,2026-08-03 03:00:00,23.8,84.0,0.0,3.1,0.0,1.4875,Cerah,wmo:0
arjawinangun,"Arjawinangun, Cirebon",2026-08-03,32.09.24.2004,Arjawinangun,kecamatan,no,-6.6453,108.4103,Asia/Jakarta,"BMKG point: Arjawinangun, Kecamatan Arjawinangun",03-08-2026,ICON,Open-Meteo / DWD ICON,04:00,2026-08-03 04:00:00,23.3,86.0,0.0,3.3,0.0,1.4875,Cerah,wmo:0
arjawinangun,"Arjawinangun, Cirebon",2026-08-03,32.09.24.2004,Arjawinangun,kecamatan,no,-6.6453,108.4103,Asia/Jakarta,"BMKG point: Arjawinangun, Kecamatan Arjawinangun",03-08-2026,ICON,Open-Meteo / DWD ICON,05:00,2026-08-03 05:00:00,22.9,87.0,0.0,3.6,0.0,1.4875,Cerah Berawan,wmo:1
arjawinangun,"Arjawinangun, Cirebon",2026-08-03,32.09.24.2004,Arjawinangun,kecamatan,no,-6.6453,108.4103,Asia/Jakarta,"BMKG point: Arjawinangun, Kecamatan Arjawinangun",03-08-2026,ICON,Open-Meteo / DWD ICON,06:00,2026-08-03 06:00:00,22.8,87.0,0.0,3.6,0.0,1.4875,Cerah Berawan,wmo:2
arjawinangun,"Arjawinangun, Cirebon",2026-08-03,32.09.24.2004,Arjawinangun,kecamatan,no,-6.6453,108.4103,Asia/Jakarta,"BMKG point: Arjawinangun, Kecamatan Arjawinangun",03-08-2026,ICON,Open-Meteo / DWD ICON,07:00,2026-08-03 07:00:00,24.0,84.0,0.0,4.0,0.0,1.4875,Cerah Berawan,wmo:2
arjawinangun,"Arjawinangun, Cirebon",2026-08-03,32.09.24.2004,Arjawinangun,kecamatan,no,-6.6453,108.4103,Asia/Jakarta,"BMKG point: Arjawinangun, Kecamatan Arjawinangun",03-08-2026,ICON,Open-Meteo / DWD ICON,08:00,2026-08-03 08:00:00,27.2,73.0,0.0,5.7,0.0,1.4875,Cerah Berawan,wmo:2
arjawinangun,"Arjawinangun, Cirebon",2026-08-03,32.09.24.2004,Arjawinangun,kecamatan,no,-6.6453,108.4103,Asia/Jakarta,"BMKG point: Arjawinangun, Kecamatan Arjawinangun",03-08-2026,ICON,Open-Meteo / DWD ICON,09:00,2026-08-03 09:00:00,29.4,65.0,0.0,13.5,0.0,1.4875,Cerah Berawan,wmo:2
arjawinangun,"Arjawinangun, Cirebon",2026-08-03,32.09.24.2004,Arjawinangun,kecamatan,no,-6.6453,108.4103,Asia/Jakarta,"BMKG point: Arjawinangun, Kecamatan Arjawinangun",03-08-2026,ICON,Open-Meteo / DWD ICON,10:00,2026-08-03 10:00:00,30.5,57.0,0.0,16.3,0.0,1.4875,Cerah Berawan,wmo:2
arjawinangun,"Arjawinangun, Cirebon",2026-08-03,32.09.24.2004,Arjawinangun,kecamatan,no,-6.6453,108.4103,Asia/Jakarta,"BMKG point: Arjawinangun, Kecamatan Arjawinangun",03-08-2026,ICON,Open-Meteo / DWD ICON,11:00,2026-08-03 11:00:00,32.1,48.0,0.0,17.9,0.0,1.4875,Cerah Berawan,wmo:1
arjawinangun,"Arjawinangun, Cirebon",2026-08-03,32.09.24.2004,Arjawinangun,kecamatan,no,-6.6453,108.4103,Asia/Jakarta,"BMKG point: Arjawinangun, Kecamatan Arjawinangun",03-08-2026,ICON,Open-Meteo / DWD ICON,12:00,2026-08-03 12:00:00,32.9,45.0,0.0,19.8,0.0,1.4875,Cerah Berawan,wmo:1
arjawinangun,"Arjawinangun, Cirebon",2026-08-03,32.09.24.2004,Arjawinangun,kecamatan,no,-6.6453,108.4103,Asia/Jakarta,"BMKG point: Arjawinangun, Kecamatan Arjawinangun",03-08-2026,ICON,Open-Meteo / DWD ICON,13:00,2026-08-03 13:00:00,32.9,45.0,0.0,21.4,0.0,1.4875,Cerah,wmo:0
arjawinangun,"Arjawinangun, Cirebon",2026-08-03,32.09.24.2004,Arjawinangun,kecamatan,no,-6.6453,108.4103,Asia/Jakarta,"BMKG point: Arjawinangun, Kecamatan Arjawinangun",03-08-2026,ICON,Open-Meteo / DWD ICON,14:00,2026-08-03 14:00:00,32.4,48.0,0.0,22.8,0.0,1.4875,Cerah,wmo:0
arjawinangun,"Arjawinangun, Cirebon",2026-08-03,32.09.24.2004,Arjawinangun,kecamatan,no,-6.6453,108.4103,Asia/Jakarta,"BMKG point: Arjawinangun, Kecamatan Arjawinangun",03-08-2026,ICON,Open-Meteo / DWD ICON,15:00,2026-08-03 15:00:00,31.5,54.0,0.0,22.6,0.0,1.4875,Cerah,wmo:0
arjawinangun,"Arjawinangun, Cirebon",2026-08-03,32.09.24.2004,Arjawinangun,kecamatan,no,-6.6453,108.4103,Asia/Jakarta,"BMKG point: Arjawinangun, Kecamatan Arjawinangun",03-08-2026,ICON,Open-Meteo / DWD ICON,16:00,2026-08-03 16:00:00,30.6,57.0,0.0,20.1,0.0,1.4875,Cerah Berawan,wmo:2
arjawinangun,"Arjawinangun, Cirebon",2026-08-03,32.09.24.2004,Arjawinangun,kecamatan,no,-6.6453,108.4103,Asia/Jakarta,"BMKG point: Arjawinangun, Kecamatan Arjawinangun",03-08-2026,ICON,Open-Meteo / DWD ICON,17:00,2026-08-03 17:00:00,29.3,66.0,0.0,16.3,0.0,1.4875,Cerah Berawan,wmo:1
arjawinangun,"Arjawinangun, Cirebon",2026-08-03,32.09.24.2004,Arjawinangun,kecamatan,no,-6.6453,108.4103,Asia/Jakarta,"BMKG point: Arjawinangun, Kecamatan Arjawinangun",03-08-2026,ICON,Open-Meteo / DWD ICON,18:00,2026-08-03 18:00:00,28.0,73.0,0.0,11.0,0.0,1.4875,Cerah Berawan,wmo:1
arjawinangun,"Arjawinangun, Cirebon",2026-08-03,32.09.24.2004,Arjawinangun,kecamatan,no,-6.6453,108.4103,Asia/Jakarta,"BMKG point: Arjawinangun, Kecamatan Arjawinangun",03-08-2026,ICON,Open-Meteo / DWD ICON,19:00,2026-08-03 19:00:00,27.2,79.0,0.0,7.6,0.0,1.4875,Cerah Berawan,wmo:2
arjawinangun,"Arjawinangun, Cirebon",2026-08-03,32.09.24.2004,Arjawinangun,kecamatan,no,-6.6453,108.4103,Asia/Jakarta,"BMKG point: Arjawinangun, Kecamatan Arjawinangun",03-08-2026,ICON,Open-Meteo / DWD ICON,20:00,2026-08-03 20:00:00,26.7,81.0,0.0,6.8,0.0,1.4875,Cerah Berawan,wmo:1
arjawinangun,"Arjawinangun, Cirebon",2026-08-03,32.09.24.2004,Arjawinangun,kecamatan,no,-6.6453,108.4103,Asia/Jakarta,"BMKG point: Arjawinangun, Kecamatan Arjawinangun",03-08-2026,ICON,Open-Meteo / DWD ICON,21:00,2026-08-03 21:00:00,26.3,82.0,0.0,6.3,0.0,1.4875,Cerah Berawan,wmo:2
arjawinangun,"Arjawinangun, Cirebon",2026-08-03,32.09.24.2004,Arjawinangun,kecamatan,no,-6.6453,108.4103,Asia/Jakarta,"BMKG point: Arjawinangun, Kecamatan Arjawinangun",03-08-2026,ICON,Open-Meteo / DWD ICON,22:00,2026-08-03 22:00:00,26.0,84.0,0.0,5.8,0.0,1.4875,Cerah Berawan,wmo:2
arjawinangun,"Arjawinangun, Cirebon",2026-08-03,32.09.24.2004,Arjawinangun,kecamatan,no,-6.6453,108.4103,Asia/Jakarta,"BMKG point: Arjawinangun, Kecamatan Arjawinangun",03-08-2026,ICON,Open-Meteo / DWD ICON,23:00,2026-08-03 23:00:00,25.8,85.0,0.0,5.0,0.0,1.4875,Cerah Berawan,wmo:1
arjawinangun,"Arjawinangun, Cirebon",2026-08-03,32.09.24.2004,Arjawinangun,kecamatan,no,-6.6453,108.4103,Asia/Jakarta,"BMKG point: Arjawinangun, Kecamatan Arjawinangun",03-08-2026,KMA,Open-Meteo / KMA,00:00,2026-08-03 00:00:00,,,,,0.0,0.544,Berawan,wmo:None
arjawinangun,"Arjawinangun, Cirebon",2026-08-03,32.09.24.2004,Arjawinangun,kecamatan,no,-6.6453,108.4103,Asia/Jakarta,"BMKG point: Arjawinangun, Kecamatan Arjawinangun",03-08-2026,KMA,Open-Meteo / KMA,01:00,2026-08-03 01:00:00,,,,,0.0,0.544,Berawan,wmo:None
arjawinangun,"Arjawinangun, Cirebon",2026-08-03,32.09.24.2004,Arjawinangun,kecamatan,no,-6.6453,108.4103,Asia/Jakarta,"BMKG point: Arjawinangun, Kecamatan Arjawinangun",03-08-2026,KMA,Open-Meteo / KMA,02:00,2026-08-03 02:00:00,,,,,0.0,0.544,Berawan,wmo:None
arjawinangun,"Arjawinangun, Cirebon",2026-08-03,32.09.24.2004,Arjawinangun,kecamatan,no,-6.6453,108.4103,Asia/Jakarta,"BMKG point: Arjawinangun, Kecamatan Arjawinangun",03-08-2026,KMA,Open-Meteo / KMA,03:00,2026-08-03 03:00:00,,,,,0.0,0.544,Berawan,wmo:None
arjawinangun,"Arjawinangun, Cirebon",2026-08-03,32.09.24.2004,Arjawinangun,kecamatan,no,-6.6453,108.4103,Asia/Jakarta,"BMKG point: Arjawinangun, Kecamatan Arjawinangun",03-08-2026,KMA,Open-Meteo / KMA,04:00,2026-08-03 04:00:00,,,,,0.0,0.544,Berawan,wmo:None
arjawinangun,"Arjawinangun, Cirebon",2026-08-03,32.09.24.2004,Arjawinangun,kecamatan,no,-6.6453,108.4103,Asia/Jakarta,"BMKG point: Arjawinangun, Kecamatan Arjawinangun",03-08-2026,KMA,Open-Meteo / KMA,05:00,2026-08-03 05:00:00,,,,,0.0,0.544,Berawan,wmo:None
arjawinangun,"Arjawinangun, Cirebon",2026-08-03,32.09.24.2004,Arjawinangun,kecamatan,no,-6.6453,108.4103,Asia/Jakarta,"BMKG point: Arjawinangun, Kecamatan Arjawinangun",03-08-2026,KMA,Open-Meteo / KMA,06:00,2026-08-03 06:00:00,,,,,0.0,0.544,Berawan,wmo:None
arjawinangun,"Arjawinangun, Cirebon",2026-08-03,32.09.24.2004,Arjawinangun,kecamatan,no,-6.6453,108.4103,Asia/Jakarta,"BMKG point: Arjawinangun, Kecamatan Arjawinangun",03-08-2026,KMA,Open-Meteo / KMA,07:00,2026-08-03 07:00:00,,,,,0.0,0.544,Berawan,wmo:None
arjawinangun,"Arjawinangun, Cirebon",2026-08-03,32.09.24.2004,Arjawinangun,kecamatan,no,-6.6453,108.4103,Asia/Jakarta,"BMKG point: Arjawinangun, Kecamatan Arjawinangun",03-08-2026,KMA,Open-Meteo / KMA,08:00,2026-08-03 08:00:00,,,,,0.0,0.544,Berawan,wmo:None
arjawinangun,"Arjawinangun, Cirebon",2026-08-03,32.09.24.2004,Arjawinangun,kecamatan,no,-6.6453,108.4103,Asia/Jakarta,"BMKG point: Arjawinangun, Kecamatan Arjawinangun",03-08-2026,KMA,Open-Meteo / KMA,09:00,2026-08-03 09:00:00,,,,,0.0,0.544,Berawan,wmo:None
arjawinangun,"Arjawinangun, Cirebon",2026-08-03,32.09.24.2004,Arjawinangun,kecamatan,no,-6.6453,108.4103,Asia/Jakarta,"BMKG point: Arjawinangun, Kecamatan Arjawinangun",03-08-2026,KMA,Open-Meteo / KMA,10:00,2026-08-03 10:00:00,,,,,0.0,0.544,Berawan,wmo:None
arjawinangun,"Arjawinangun, Cirebon",2026-08-03,32.09.24.2004,Arjawinangun,kecamatan,no,-6.6453,108.4103,Asia/Jakarta,"BMKG point: Arjawinangun, Kecamatan Arjawinangun",03-08-2026,KMA,Open-Meteo / KMA,11:00,2026-08-03 11:00:00,,,,,0.0,0.544,Berawan,wmo:None
arjawinangun,"Arjawinangun, Cirebon",2026-08-03,32.09.24.2004,Arjawinangun,kecamatan,no,-6.6453,108.4103,Asia/Jakarta,"BMKG point: Arjawinangun, Kecamatan Arjawinangun",03-08-2026,KMA,Open-Meteo / KMA,12:00,2026-08-03 12:00:00,,,,,0.0,0.544,Berawan,wmo:None
arjawinangun,"Arjawinangun, Cirebon",2026-08-03,32.09.24.2004,Arjawinangun,kecamatan,no,-6.6453,108.4103,Asia/Jakarta,"BMKG point: Arjawinangun, Kecamatan Arjawinangun",03-08-2026,KMA,Open-Meteo / KMA,13:00,2026-08-03 13:00:00,,,,,0.0,0.544,Berawan,wmo:None
arjawinangun,"Arjawinangun, Cirebon",2026-08-03,32.09.24.2004,Arjawinangun,kecamatan,no,-6.6453,108.4103,Asia/Jakarta,"BMKG point: Arjawinangun, Kecamatan Arjawinangun",03-08-2026,KMA,Open-Meteo / KMA,14:00,2026-08-03 14:00:00,,,,,0.0,0.544,Berawan,wmo:None
arjawinangun,"Arjawinangun, Cirebon",2026-08-03,32.09.24.2004,Arjawinangun,kecamatan,no,-6.6453,108.4103,Asia/Jakarta,"BMKG point: Arjawinangun, Kecamatan Arjawinangun",03-08-2026,KMA,Open-Meteo / KMA,15:00,2026-08-03 15:00:00,,,,,0.0,0.544,Berawan,wmo:None
arjawinangun,"Arjawinangun, Cirebon",2026-08-03,32.09.24.2004,Arjawinangun,kecamatan,no,-6.6453,108.4103,Asia/Jakarta,"BMKG point: Arjawinangun, Kecamatan Arjawinangun",03-08-2026,KMA,Open-Meteo / KMA,16:00,2026-08-03 16:00:00,,,,,0.0,0.544,Berawan,wmo:None
arjawinangun,"Arjawinangun, Cirebon",2026-08-03,32.09.24.2004,Arjawinangun,kecamatan,no,-6.6453,108.4103,Asia/Jakarta,"BMKG point: Arjawinangun, Kecamatan Arjawinangun",03-08-2026,KMA,Open-Meteo / KMA,17:00,2026-08-03 17:00:00,,,,,0.0,0.544,Berawan,wmo:None
arjawinangun,"Arjawinangun, Cirebon",2026-08-03,32.09.24.2004,Arjawinangun,kecamatan,no,-6.6453,108.4103,Asia/Jakarta,"BMKG point: Arjawinangun, Kecamatan Arjawinangun",03-08-2026,KMA,Open-Meteo / KMA,18:00,2026-08-03 18:00:00,,,,,0.0,0.544,Berawan,wmo:None
arjawinangun,"Arjawinangun, Cirebon",2026-08-03,32.09.24.2004,Arjawinangun,kecamatan,no,-6.6453,108.4103,Asia/Jakarta,"BMKG point: Arjawinangun, Kecamatan Arjawinangun",03-08-2026,KMA,Open-Meteo / KMA,19:00,2026-08-03 19:00:00,,,,,0.0,0.544,Berawan,wmo:None
arjawinangun,"Arjawinangun, Cirebon",2026-08-03,32.09.24.2004,Arjawinangun,kecamatan,no,-6.6453,108.4103,Asia/Jakarta,"BMKG point: Arjawinangun, Kecamatan Arjawinangun",03-08-2026,KMA,Open-Meteo / KMA,20:00,2026-08-03 20:00:00,,,,,0.0,0.544,Berawan,wmo:None
arjawinangun,"Arjawinangun, Cirebon",2026-08-03,32.09.24.2004,Arjawinangun,kecamatan,no,-6.6453,108.4103,Asia/Jakarta,"BMKG point: Arjawinangun, Kecamatan Arjawinangun",03-08-2026,KMA,Open-Meteo / KMA,21:00,2026-08-03 21:00:00,,,,,0.0,0.544,Berawan,wmo:None
arjawinangun,"Arjawinangun, Cirebon",2026-08-03,32.09.24.2004,Arjawinangun,kecamatan,no,-6.6453,108.4103,Asia/Jakarta,"BMKG point: Arjawinangun, Kecamatan Arjawinangun",03-08-2026,KMA,Open-Meteo / KMA,22:00,2026-08-03 22:00:00,,,,,0.0,0.544,Berawan,wmo:None
arjawinangun,"Arjawinangun, Cirebon",2026-08-03,32.09.24.2004,Arjawinangun,kecamatan,no,-6.6453,108.4103,Asia/Jakarta,"BMKG point: Arjawinangun, Kecamatan Arjawinangun",03-08-2026,KMA,Open-Meteo / KMA,23:00,2026-08-03 23:00:00,,,,,0.0,0.544,Berawan,wmo:None
arjawinangun,"Arjawinangun, Cirebon",2026-08-03,32.09.24.2004,Arjawinangun,kecamatan,no,-6.6453,108.4103,Asia/Jakarta,"BMKG point: Arjawinangun, Kecamatan Arjawinangun",03-08-2026,METEOFRANCE,Open-Meteo / Meteo-France,00:00,2026-08-03 00:00:00,27.5,83.0,0.0,7.6,0.0,1.539,Cerah Berawan,wmo:1
arjawinangun,"Arjawinangun, Cirebon",2026-08-03,32.09.24.2004,Arjawinangun,kecamatan,no,-6.6453,108.4103,Asia/Jakarta,"BMKG point: Arjawinangun, Kecamatan Arjawinangun",03-08-2026,METEOFRANCE,Open-Meteo / Meteo-France,01:00,2026-08-03 01:00:00,27.3,84.0,0.0,7.8,0.0,1.539,Cerah Berawan,wmo:2
arjawinangun,"Arjawinangun, Cirebon",2026-08-03,32.09.24.2004,Arjawinangun,kecamatan,no,-6.6453,108.4103,Asia/Jakarta,"BMKG point: Arjawinangun, Kecamatan Arjawinangun",03-08-2026,METEOFRANCE,Open-Meteo / Meteo-France,02:00,2026-08-03 02:00:00,27.0,87.0,0.0,7.2,0.0,1.539,Cerah Berawan,wmo:2
arjawinangun,"Arjawinangun, Cirebon",2026-08-03,32.09.24.2004,Arjawinangun,kecamatan,no,-6.6453,108.4103,Asia/Jakarta,"BMKG point: Arjawinangun, Kecamatan Arjawinangun",03-08-2026,METEOFRANCE,Open-Meteo / Meteo-France,03:00,2026-08-03 03:00:00,26.9,89.0,0.0,5.8,0.0,1.539,Cerah Berawan,wmo:2
arjawinangun,"Arjawinangun, Cirebon",2026-08-03,32.09.24.2004,Arjawinangun,kecamatan,no,-6.6453,108.4103,Asia/Jakarta,"BMKG point: Arjawinangun, Kecamatan Arjawinangun",03-08-2026,METEOFRANCE,Open-Meteo / Meteo-France,04:00,2026-08-03 04:00:00,26.9,89.0,0.0,4.8,0.0,1.539,Cerah Berawan,wmo:2
arjawinangun,"Arjawinangun, Cirebon",2026-08-03,32.09.24.2004,Arjawinangun,kecamatan,no,-6.6453,108.4103,Asia/Jakarta,"BMKG point: Arjawinangun, Kecamatan Arjawinangun",03-08-2026,METEOFRANCE,Open-Meteo / Meteo-France,05:00,2026-08-03 05:00:00,26.9,89.0,0.0,4.7,0.0,1.539,Cerah Berawan,wmo:2
arjawinangun,"Arjawinangun, Cirebon",2026-08-03,32.09.24.2004,Arjawinangun,kecamatan,no,-6.6453,108.4103,Asia/Jakarta,"BMKG point: Arjawinangun, Kecamatan Arjawinangun",03-08-2026,METEOFRANCE,Open-Meteo / Meteo-France,06:00,2026-08-03 06:00:00,26.9,87.0,0.0,5.5,0.0,1.539,Cerah Berawan,wmo:2
arjawinangun,"Arjawinangun, Cirebon",2026-08-03,32.09.24.2004,Arjawinangun,kecamatan,no,-6.6453,108.4103,Asia/Jakarta,"BMKG point: Arjawinangun, Kecamatan Arjawinangun",03-08-2026,METEOFRANCE,Open-Meteo / Meteo-France,07:00,2026-08-03 07:00:00,27.3,83.0,0.0,5.2,0.0,1.539,Cerah Berawan,wmo:2
arjawinangun,"Arjawinangun, Cirebon",2026-08-03,32.09.24.2004,Arjawinangun,kecamatan,no,-6.6453,108.4103,Asia/Jakarta,"BMKG point: Arjawinangun, Kecamatan Arjawinangun",03-08-2026,METEOFRANCE,Open-Meteo / Meteo-France,08:00,2026-08-03 08:00:00,28.3,76.0,0.0,6.6,0.0,1.539,Cerah Berawan,wmo:2
arjawinangun,"Arjawinangun, Cirebon",2026-08-03,32.09.24.2004,Arjawinangun,kecamatan,no,-6.6453,108.4103,Asia/Jakarta,"BMKG point: Arjawinangun, Kecamatan Arjawinangun",03-08-2026,METEOFRANCE,Open-Meteo / Meteo-France,09:00,2026-08-03 09:00:00,29.8,69.0,0.0,8.4,0.0,1.539,Cerah Berawan,wmo:1
arjawinangun,"Arjawinangun, Cirebon",2026-08-03,32.09.24.2004,Arjawinangun,kecamatan,no,-6.6453,108.4103,Asia/Jakarta,"BMKG point: Arjawinangun, Kecamatan Arjawinangun",03-08-2026,METEOFRANCE,Open-Meteo / Meteo-France,10:00,2026-08-03 10:00:00,31.2,62.0,0.0,9.8,0.0,1.539,Cerah Berawan,wmo:1
arjawinangun,"Arjawinangun, Cirebon",2026-08-03,32.09.24.2004,Arjawinangun,kecamatan,no,-6.6453,108.4103,Asia/Jakarta,"BMKG point: Arjawinangun, Kecamatan Arjawinangun",03-08-2026,METEOFRANCE,Open-Meteo / Meteo-France,11:00,2026-08-03 11:00:00,32.4,57.0,0.0,11.6,0.0,1.539,Cerah Berawan,wmo:1
arjawinangun,"Arjawinangun, Cirebon",2026-08-03,32.09.24.2004,Arjawinangun,kecamatan,no,-6.6453,108.4103,Asia/Jakarta,"BMKG point: Arjawinangun, Kecamatan Arjawinangun",03-08-2026,METEOFRANCE,Open-Meteo / Meteo-France,12:00,2026-08-03 12:00:00,33.1,54.0,0.0,14.2,0.0,1.539,Cerah,wmo:0
arjawinangun,"Arjawinangun, Cirebon",2026-08-03,32.09.24.2004,Arjawinangun,kecamatan,no,-6.6453,108.4103,Asia/Jakarta,"BMKG point: Arjawinangun, Kecamatan Arjawinangun",03-08-2026,METEOFRANCE,Open-Meteo / Meteo-France,13:00,2026-08-03 13:00:00,33.4,53.0,0.0,16.3,0.0,1.539,Cerah,wmo:0
arjawinangun,"Arjawinangun, Cirebon",2026-08-03,32.09.24.2004,Arjawinangun,kecamatan,no,-6.6453,108.4103,Asia/Jakarta,"BMKG point: Arjawinangun, Kecamatan Arjawinangun",03-08-2026,METEOFRANCE,Open-Meteo / Meteo-France,14:00,2026-08-03 14:00:00,33.2,54.0,0.0,17.6,0.0,1.539,Cerah Berawan,wmo:1
arjawinangun,"Arjawinangun, Cirebon",2026-08-03,32.09.24.2004,Arjawinangun,kecamatan,no,-6.6453,108.4103,Asia/Jakarta,"BMKG point: Arjawinangun, Kecamatan Arjawinangun",03-08-2026,METEOFRANCE,Open-Meteo / Meteo-France,15:00,2026-08-03 15:00:00,32.5,56.0,0.0,17.8,0.0,1.539,Cerah Berawan,wmo:1
arjawinangun,"Arjawinangun, Cirebon",2026-08-03,32.09.24.2004,Arjawinangun,kecamatan,no,-6.6453,108.4103,Asia/Jakarta,"BMKG point: Arjawinangun, Kecamatan Arjawinangun",03-08-2026,METEOFRANCE,Open-Meteo / Meteo-France,16:00,2026-08-03 16:00:00,31.5,60.0,0.0,15.6,0.0,1.539,Cerah Berawan,wmo:1
arjawinangun,"Arjawinangun, Cirebon",2026-08-03,32.09.24.2004,Arjawinangun,kecamatan,no,-6.6453,108.4103,Asia/Jakarta,"BMKG point: Arjawinangun, Kecamatan Arjawinangun",03-08-2026,METEOFRANCE,Open-Meteo / Meteo-France,17:00,2026-08-03 17:00:00,30.1,67.0,0.1,13.3,0.0,1.539,Hujan Ringan,wmo:51
arjawinangun,"Arjawinangun, Cirebon",2026-08-03,32.09.24.2004,Arjawinangun,kecamatan,no,-6.6453,108.4103,Asia/Jakarta,"BMKG point: Arjawinangun, Kecamatan Arjawinangun",03-08-2026,METEOFRANCE,Open-Meteo / Meteo-France,18:00,2026-08-03 18:00:00,28.7,77.0,0.3,10.0,0.0,1.539,Hujan Ringan,wmo:51
arjawinangun,"Arjawinangun, Cirebon",2026-08-03,32.09.24.2004,Arjawinangun,kecamatan,no,-6.6453,108.4103,Asia/Jakarta,"BMKG point: Arjawinangun, Kecamatan Arjawinangun",03-08-2026,METEOFRANCE,Open-Meteo / Meteo-France,19:00,2026-08-03 19:00:00,28.2,80.0,0.1,8.4,0.0,1.539,Hujan Ringan,wmo:51
arjawinangun,"Arjawinangun, Cirebon",2026-08-03,32.09.24.2004,Arjawinangun,kecamatan,no,-6.6453,108.4103,Asia/Jakarta,"BMKG point: Arjawinangun, Kecamatan Arjawinangun",03-08-2026,METEOFRANCE,Open-Meteo / Meteo-France,20:00,2026-08-03 20:00:00,28.1,82.0,0.0,7.3,0.0,1.539,Berawan,wmo:3
arjawinangun,"Arjawinangun, Cirebon",2026-08-03,32.09.24.2004,Arjawinangun,kecamatan,no,-6.6453,108.4103,Asia/Jakarta,"BMKG point: Arjawinangun, Kecamatan Arjawinangun",03-08-2026,METEOFRANCE,Open-Meteo / Meteo-France,21:00,2026-08-03 21:00:00,28.1,82.0,0.0,7.6,0.0,1.539,Berawan,wmo:3
arjawinangun,"Arjawinangun, Cirebon",2026-08-03,32.09.24.2004,Arjawinangun,kecamatan,no,-6.6453,108.4103,Asia/Jakarta,"BMKG point: Arjawinangun, Kecamatan Arjawinangun",03-08-2026,METEOFRANCE,Open-Meteo / Meteo-France,22:00,2026-08-03 22:00:00,28.1,82.0,0.1,7.6,0.0,1.539,Hujan Ringan,wmo:51
arjawinangun,"Arjawinangun, Cirebon",2026-08-03,32.09.24.2004,Arjawinangun,kecamatan,no,-6.6453,108.4103,Asia/Jakarta,"BMKG point: Arjawinangun, Kecamatan Arjawinangun",03-08-2026,METEOFRANCE,Open-Meteo / Meteo-France,23:00,2026-08-03 23:00:00,28.0,81.0,0.1,8.3,0.0,1.539,Hujan Ringan,wmo:51
arjawinangun,"Arjawinangun, Cirebon",2026-08-03,32.09.24.2004,Arjawinangun,kecamatan,no,-6.6453,108.4103,Asia/Jakarta,"BMKG point: Arjawinangun, Kecamatan Arjawinangun",03-08-2026,METNO,MET Norway,00:00,2026-08-03 00:00:00,26.6,80.8,0.0,10.8,0.0,1.3712,Cerah,clearsky_night
arjawinangun,"Arjawinangun, Cirebon",2026-08-03,32.09.24.2004,Arjawinangun,kecamatan,no,-6.6453,108.4103,Asia/Jakarta,"BMKG point: Arjawinangun, Kecamatan Arjawinangun",03-08-2026,METNO,MET Norway,01:00,2026-08-03 01:00:00,26.1,82.1,0.0,9.72,0.0,1.3712,Cerah Berawan,fair_night
arjawinangun,"Arjawinangun, Cirebon",2026-08-03,32.09.24.2004,Arjawinangun,kecamatan,no,-6.6453,108.4103,Asia/Jakarta,"BMKG point: Arjawinangun, Kecamatan Arjawinangun",03-08-2026,METNO,MET Norway,02:00,2026-08-03 02:00:00,25.7,81.6,0.0,7.92,0.0,1.3712,Cerah Berawan,fair_night
arjawinangun,"Arjawinangun, Cirebon",2026-08-03,32.09.24.2004,Arjawinangun,kecamatan,no,-6.6453,108.4103,Asia/Jakarta,"BMKG point: Arjawinangun, Kecamatan Arjawinangun",03-08-2026,METNO,MET Norway,03:00,2026-08-03 03:00:00,25.3,81.7,0.0,5.4,0.0,1.3712,Cerah Berawan,fair_night
arjawinangun,"Arjawinangun, Cirebon",2026-08-03,32.09.24.2004,Arjawinangun,kecamatan,no,-6.6453,108.4103,Asia/Jakarta,"BMKG point: Arjawinangun, Kecamatan Arjawinangun",03-08-2026,METNO,MET Norway,04:00,2026-08-03 04:00:00,25.0,82.3,0.0,5.4,0.0,1.3712,Cerah Berawan,fair_night
arjawinangun,"Arjawinangun, Cirebon",2026-08-03,32.09.24.2004,Arjawinangun,kecamatan,no,-6.6453,108.4103,Asia/Jakarta,"BMKG point: Arjawinangun, Kecamatan Arjawinangun",03-08-2026,METNO,MET Norway,05:00,2026-08-03 05:00:00,24.8,83.6,0.0,5.76,0.0,1.3712,Cerah,clearsky_night
arjawinangun,"Arjawinangun, Cirebon",2026-08-03,32.09.24.2004,Arjawinangun,kecamatan,no,-6.6453,108.4103,Asia/Jakarta,"BMKG point: Arjawinangun, Kecamatan Arjawinangun",03-08-2026,METNO,MET Norway,06:00,2026-08-03 06:00:00,24.8,84.0,0.0,5.76,0.0,1.3712,Cerah,clearsky_day
arjawinangun,"Arjawinangun, Cirebon",2026-08-03,32.09.24.2004,Arjawinangun,kecamatan,no,-6.6453,108.4103,Asia/Jakarta,"BMKG point: Arjawinangun, Kecamatan Arjawinangun",03-08-2026,METNO,MET Norway,07:00,2026-08-03 07:00:00,26.6,75.7,0.0,8.64,0.0,1.3712,Cerah,clearsky_day
arjawinangun,"Arjawinangun, Cirebon",2026-08-03,32.09.24.2004,Arjawinangun,kecamatan,no,-6.6453,108.4103,Asia/Jakarta,"BMKG point: Arjawinangun, Kecamatan Arjawinangun",03-08-2026,METNO,MET Norway,08:00,2026-08-03 08:00:00,28.9,64.4,0.0,12.96,0.0,1.3712,Cerah,clearsky_day
arjawinangun,"Arjawinangun, Cirebon",2026-08-03,32.09.24.2004,Arjawinangun,kecamatan,no,-6.6453,108.4103,Asia/Jakarta,"BMKG point: Arjawinangun, Kecamatan Arjawinangun",03-08-2026,METNO,MET Norway,09:00,2026-08-03 09:00:00,30.3,56.9,0.0,15.48,0.0,1.3712,Cerah,clearsky_day
arjawinangun,"Arjawinangun, Cirebon",2026-08-03,32.09.24.2004,Arjawinangun,kecamatan,no,-6.6453,108.4103,Asia/Jakarta,"BMKG point: Arjawinangun, Kecamatan Arjawinangun",03-08-2026,METNO,MET Norway,10:00,2026-08-03 10:00:00,31.1,54.5,0.0,18.0,0.0,1.3712,Cerah,clearsky_day
arjawinangun,"Arjawinangun, Cirebon",2026-08-03,32.09.24.2004,Arjawinangun,kecamatan,no,-6.6453,108.4103,Asia/Jakarta,"BMKG point: Arjawinangun, Kecamatan Arjawinangun",03-08-2026,METNO,MET Norway,11:00,2026-08-03 11:00:00,31.6,53.7,0.0,19.8,0.0,1.3712,Cerah,clearsky_day
arjawinangun,"Arjawinangun, Cirebon",2026-08-03,32.09.24.2004,Arjawinangun,kecamatan,no,-6.6453,108.4103,Asia/Jakarta,"BMKG point: Arjawinangun, Kecamatan Arjawinangun",03-08-2026,METNO,MET Norway,12:00,2026-08-03 12:00:00,32.0,52.4,0.0,22.32,0.0,1.3712,Cerah,clearsky_day
arjawinangun,"Arjawinangun, Cirebon",2026-08-03,32.09.24.2004,Arjawinangun,kecamatan,no,-6.6453,108.4103,Asia/Jakarta,"BMKG point: Arjawinangun, Kecamatan Arjawinangun",03-08-2026,METNO,MET Norway,13:00,2026-08-03 13:00:00,32.5,51.5,0.0,21.96,0.0,1.3712,Cerah,clearsky_day
arjawinangun,"Arjawinangun, Cirebon",2026-08-03,32.09.24.2004,Arjawinangun,kecamatan,no,-6.6453,108.4103,Asia/Jakarta,"BMKG point: Arjawinangun, Kecamatan Arjawinangun",03-08-2026,METNO,MET Norway,14:00,2026-08-03 14:00:00,32.4,52.3,0.0,20.52,0.0,1.3712,Cerah,clearsky_day
arjawinangun,"Arjawinangun, Cirebon",2026-08-03,32.09.24.2004,Arjawinangun,kecamatan,no,-6.6453,108.4103,Asia/Jakarta,"BMKG point: Arjawinangun, Kecamatan Arjawinangun",03-08-2026,METNO,MET Norway,15:00,2026-08-03 15:00:00,31.7,54.3,0.0,19.8,0.0,1.3712,Cerah,clearsky_day
arjawinangun,"Arjawinangun, Cirebon",2026-08-03,32.09.24.2004,Arjawinangun,kecamatan,no,-6.6453,108.4103,Asia/Jakarta,"BMKG point: Arjawinangun, Kecamatan Arjawinangun",03-08-2026,METNO,MET Norway,16:00,2026-08-03 16:00:00,30.5,62.5,0.0,19.44,0.0,1.3712,Cerah,clearsky_day
arjawinangun,"Arjawinangun, Cirebon",2026-08-03,32.09.24.2004,Arjawinangun,kecamatan,no,-6.6453,108.4103,Asia/Jakarta,"BMKG point: Arjawinangun, Kecamatan Arjawinangun",03-08-2026,METNO,MET Norway,17:00,2026-08-03 17:00:00,29.4,68.3,0.0,16.56,0.0,1.3712,Cerah,clearsky_day
arjawinangun,"Arjawinangun, Cirebon",2026-08-03,32.09.24.2004,Arjawinangun,kecamatan,no,-6.6453,108.4103,Asia/Jakarta,"BMKG point: Arjawinangun, Kecamatan Arjawinangun",03-08-2026,METNO,MET Norway,18:00,2026-08-03 18:00:00,28.6,72.0,0.0,13.68,0.0,1.3712,Cerah,clearsky_night
arjawinangun,"Arjawinangun, Cirebon",2026-08-03,32.09.24.2004,Arjawinangun,kecamatan,no,-6.6453,108.4103,Asia/Jakarta,"BMKG point: Arjawinangun, Kecamatan Arjawinangun",03-08-2026,METNO,MET Norway,19:00,2026-08-03 19:00:00,28.3,74.1,0.0,10.44,0.0,1.3712,Cerah,clearsky_night
arjawinangun,"Arjawinangun, Cirebon",2026-08-03,32.09.24.2004,Arjawinangun,kecamatan,no,-6.6453,108.4103,Asia/Jakarta,"BMKG point: Arjawinangun, Kecamatan Arjawinangun",03-08-2026,METNO,MET Norway,20:00,2026-08-03 20:00:00,28.0,75.0,0.0,10.08,0.0,1.3712,Cerah,clearsky_night
arjawinangun,"Arjawinangun, Cirebon",2026-08-03,32.09.24.2004,Arjawinangun,kecamatan,no,-6.6453,108.4103,Asia/Jakarta,"BMKG point: Arjawinangun, Kecamatan Arjawinangun",03-08-2026,METNO,MET Norway,21:00,2026-08-03 21:00:00,27.7,76.1,0.0,9.36,0.0,1.3712,Cerah Berawan,fair_night
arjawinangun,"Arjawinangun, Cirebon",2026-08-03,32.09.24.2004,Arjawinangun,kecamatan,no,-6.6453,108.4103,Asia/Jakarta,"BMKG point: Arjawinangun, Kecamatan Arjawinangun",03-08-2026,METNO,MET Norway,22:00,2026-08-03 22:00:00,27.4,77.4,0.0,8.28,0.0,1.3712,Cerah Berawan,fair_night
arjawinangun,"Arjawinangun, Cirebon",2026-08-03,32.09.24.2004,Arjawinangun,kecamatan,no,-6.6453,108.4103,Asia/Jakarta,"BMKG point: Arjawinangun, Kecamatan Arjawinangun",03-08-2026,METNO,MET Norway,23:00,2026-08-03 23:00:00,27.0,79.2,0.1,7.56,0.0,1.3712,Hujan Ringan,lightrainshowers_night
arjawinangun,"Arjawinangun, Cirebon",2026-08-03,32.09.24.2004,Arjawinangun,kecamatan,no,-6.6453,108.4103,Asia/Jakarta,"BMKG point: Arjawinangun, Kecamatan Arjawinangun",03-08-2026,UKMO,Open-Meteo / UK Met Office,00:00,2026-08-03 00:00:00,25.6,87.0,0.0,5.8,0.0,1.3376,Cerah,wmo:0
arjawinangun,"Arjawinangun, Cirebon",2026-08-03,32.09.24.2004,Arjawinangun,kecamatan,no,-6.6453,108.4103,Asia/Jakarta,"BMKG point: Arjawinangun, Kecamatan Arjawinangun",03-08-2026,UKMO,Open-Meteo / UK Met Office,01:00,2026-08-03 01:00:00,25.1,90.0,0.1,4.7,0.0,1.3376,Hujan Ringan,wmo:51
arjawinangun,"Arjawinangun, Cirebon",2026-08-03,32.09.24.2004,Arjawinangun,kecamatan,no,-6.6453,108.4103,Asia/Jakarta,"BMKG point: Arjawinangun, Kecamatan Arjawinangun",03-08-2026,UKMO,Open-Meteo / UK Met Office,02:00,2026-08-03 02:00:00,24.7,92.0,0.0,4.0,0.0,1.3376,Cerah,wmo:0
arjawinangun,"Arjawinangun, Cirebon",2026-08-03,32.09.24.2004,Arjawinangun,kecamatan,no,-6.6453,108.4103,Asia/Jakarta,"BMKG point: Arjawinangun, Kecamatan Arjawinangun",03-08-2026,UKMO,Open-Meteo / UK Met Office,03:00,2026-08-03 03:00:00,24.2,94.0,0.0,3.2,0.0,1.3376,Cerah,wmo:0
arjawinangun,"Arjawinangun, Cirebon",2026-08-03,32.09.24.2004,Arjawinangun,kecamatan,no,-6.6453,108.4103,Asia/Jakarta,"BMKG point: Arjawinangun, Kecamatan Arjawinangun",03-08-2026,UKMO,Open-Meteo / UK Met Office,04:00,2026-08-03 04:00:00,24.0,94.0,0.0,2.9,0.0,1.3376,Cerah,wmo:0
arjawinangun,"Arjawinangun, Cirebon",2026-08-03,32.09.24.2004,Arjawinangun,kecamatan,no,-6.6453,108.4103,Asia/Jakarta,"BMKG point: Arjawinangun, Kecamatan Arjawinangun",03-08-2026,UKMO,Open-Meteo / UK Met Office,05:00,2026-08-03 05:00:00,23.6,94.0,0.0,2.9,0.0,1.3376,Cerah,wmo:0
arjawinangun,"Arjawinangun, Cirebon",2026-08-03,32.09.24.2004,Arjawinangun,kecamatan,no,-6.6453,108.4103,Asia/Jakarta,"BMKG point: Arjawinangun, Kecamatan Arjawinangun",03-08-2026,UKMO,Open-Meteo / UK Met Office,06:00,2026-08-03 06:00:00,23.2,94.0,0.0,2.5,0.0,1.3376,Cerah,wmo:0
arjawinangun,"Arjawinangun, Cirebon",2026-08-03,32.09.24.2004,Arjawinangun,kecamatan,no,-6.6453,108.4103,Asia/Jakarta,"BMKG point: Arjawinangun, Kecamatan Arjawinangun",03-08-2026,UKMO,Open-Meteo / UK Met Office,07:00,2026-08-03 07:00:00,25.0,84.0,0.0,3.6,0.0,1.3376,Cerah,wmo:0
arjawinangun,"Arjawinangun, Cirebon",2026-08-03,32.09.24.2004,Arjawinangun,kecamatan,no,-6.6453,108.4103,Asia/Jakarta,"BMKG point: Arjawinangun, Kecamatan Arjawinangun",03-08-2026,UKMO,Open-Meteo / UK Met Office,08:00,2026-08-03 08:00:00,26.3,77.0,0.0,4.3,0.0,1.3376,Cerah,wmo:0
arjawinangun,"Arjawinangun, Cirebon",2026-08-03,32.09.24.2004,Arjawinangun,kecamatan,no,-6.6453,108.4103,Asia/Jakarta,"BMKG point: Arjawinangun, Kecamatan Arjawinangun",03-08-2026,UKMO,Open-Meteo / UK Met Office,09:00,2026-08-03 09:00:00,28.0,69.0,0.0,6.5,0.0,1.3376,Cerah,wmo:0
arjawinangun,"Arjawinangun, Cirebon",2026-08-03,32.09.24.2004,Arjawinangun,kecamatan,no,-6.6453,108.4103,Asia/Jakarta,"BMKG point: Arjawinangun, Kecamatan Arjawinangun",03-08-2026,UKMO,Open-Meteo / UK Met Office,10:00,2026-08-03 10:00:00,29.3,62.0,0.0,10.8,0.0,1.3376,Cerah,wmo:0
arjawinangun,"Arjawinangun, Cirebon",2026-08-03,32.09.24.2004,Arjawinangun,kecamatan,no,-6.6453,108.4103,Asia/Jakarta,"BMKG point: Arjawinangun, Kecamatan Arjawinangun",03-08-2026,UKMO,Open-Meteo / UK Met Office,11:00,2026-08-03 11:00:00,30.3,55.0,0.0,13.0,0.0,1.3376,Cerah,wmo:0
arjawinangun,"Arjawinangun, Cirebon",2026-08-03,32.09.24.2004,Arjawinangun,kecamatan,no,-6.6453,108.4103,Asia/Jakarta,"BMKG point: Arjawinangun, Kecamatan Arjawinangun",03-08-2026,UKMO,Open-Meteo / UK Met Office,12:00,2026-08-03 12:00:00,31.1,49.0,0.0,14.0,0.0,1.3376,Cerah,wmo:0
arjawinangun,"Arjawinangun, Cirebon",2026-08-03,32.09.24.2004,Arjawinangun,kecamatan,no,-6.6453,108.4103,Asia/Jakarta,"BMKG point: Arjawinangun, Kecamatan Arjawinangun",03-08-2026,UKMO,Open-Meteo / UK Met Office,13:00,2026-08-03 13:00:00,31.4,47.0,0.0,15.8,0.0,1.3376,Cerah,wmo:0
arjawinangun,"Arjawinangun, Cirebon",2026-08-03,32.09.24.2004,Arjawinangun,kecamatan,no,-6.6453,108.4103,Asia/Jakarta,"BMKG point: Arjawinangun, Kecamatan Arjawinangun",03-08-2026,UKMO,Open-Meteo / UK Met Office,14:00,2026-08-03 14:00:00,31.1,50.0,0.0,17.3,0.0,1.3376,Cerah,wmo:0
arjawinangun,"Arjawinangun, Cirebon",2026-08-03,32.09.24.2004,Arjawinangun,kecamatan,no,-6.6453,108.4103,Asia/Jakarta,"BMKG point: Arjawinangun, Kecamatan Arjawinangun",03-08-2026,UKMO,Open-Meteo / UK Met Office,15:00,2026-08-03 15:00:00,30.5,54.0,0.0,18.0,0.0,1.3376,Cerah,wmo:0
arjawinangun,"Arjawinangun, Cirebon",2026-08-03,32.09.24.2004,Arjawinangun,kecamatan,no,-6.6453,108.4103,Asia/Jakarta,"BMKG point: Arjawinangun, Kecamatan Arjawinangun",03-08-2026,UKMO,Open-Meteo / UK Met Office,16:00,2026-08-03 16:00:00,29.7,60.0,0.0,15.1,0.0,1.3376,Cerah,wmo:0
arjawinangun,"Arjawinangun, Cirebon",2026-08-03,32.09.24.2004,Arjawinangun,kecamatan,no,-6.6453,108.4103,Asia/Jakarta,"BMKG point: Arjawinangun, Kecamatan Arjawinangun",03-08-2026,UKMO,Open-Meteo / UK Met Office,17:00,2026-08-03 17:00:00,28.7,67.0,0.0,12.2,0.0,1.3376,Cerah,wmo:0
arjawinangun,"Arjawinangun, Cirebon",2026-08-03,32.09.24.2004,Arjawinangun,kecamatan,no,-6.6453,108.4103,Asia/Jakarta,"BMKG point: Arjawinangun, Kecamatan Arjawinangun",03-08-2026,UKMO,Open-Meteo / UK Met Office,18:00,2026-08-03 18:00:00,27.7,73.0,0.0,10.1,0.0,1.3376,Cerah,wmo:0
arjawinangun,"Arjawinangun, Cirebon",2026-08-03,32.09.24.2004,Arjawinangun,kecamatan,no,-6.6453,108.4103,Asia/Jakarta,"BMKG point: Arjawinangun, Kecamatan Arjawinangun",03-08-2026,UKMO,Open-Meteo / UK Met Office,19:00,2026-08-03 19:00:00,27.4,76.0,0.0,8.6,0.0,1.3376,Cerah,wmo:0
arjawinangun,"Arjawinangun, Cirebon",2026-08-03,32.09.24.2004,Arjawinangun,kecamatan,no,-6.6453,108.4103,Asia/Jakarta,"BMKG point: Arjawinangun, Kecamatan Arjawinangun",03-08-2026,UKMO,Open-Meteo / UK Met Office,20:00,2026-08-03 20:00:00,27.0,79.0,0.0,6.8,0.0,1.3376,Cerah,wmo:0
arjawinangun,"Arjawinangun, Cirebon",2026-08-03,32.09.24.2004,Arjawinangun,kecamatan,no,-6.6453,108.4103,Asia/Jakarta,"BMKG point: Arjawinangun, Kecamatan Arjawinangun",03-08-2026,UKMO,Open-Meteo / UK Met Office,21:00,2026-08-03 21:00:00,26.8,81.0,0.0,6.8,0.0,1.3376,Cerah,wmo:0
arjawinangun,"Arjawinangun, Cirebon",2026-08-03,32.09.24.2004,Arjawinangun,kecamatan,no,-6.6453,108.4103,Asia/Jakarta,"BMKG point: Arjawinangun, Kecamatan Arjawinangun",03-08-2026,UKMO,Open-Meteo / UK Met Office,22:00,2026-08-03 22:00:00,26.2,86.0,0.2,6.8,0.0,1.3376,Hujan Ringan,wmo:51
arjawinangun,"Arjawinangun, Cirebon",2026-08-03,32.09.24.2004,Arjawinangun,kecamatan,no,-6.6453,108.4103,Asia/Jakarta,"BMKG point: Arjawinangun, Kecamatan Arjawinangun",03-08-2026,UKMO,Open-Meteo / UK Met Office,23:00,2026-08-03 23:00:00,25.6,90.0,0.3,5.8,0.0,1.3376,Hujan Ringan,wmo:51
arjawinangun,"Arjawinangun, Cirebon",2026-08-04,32.09.24.2004,Arjawinangun,kecamatan,no,-6.6453,108.4103,Asia/Jakarta,"BMKG point: Arjawinangun, Kecamatan Arjawinangun",04-08-2026,BMKG,BMKG,00:00,2026-08-04 01:00:00,21.0,88.0,0.0,2.4,60.0,1.3647,Cerah,Cerah
arjawinangun,"Arjawinangun, Cirebon",2026-08-04,32.09.24.2004,Arjawinangun,kecamatan,no,-6.6453,108.4103,Asia/Jakarta,"BMKG point: Arjawinangun, Kecamatan Arjawinangun",04-08-2026,BMKG,BMKG,01:00,2026-08-04 01:00:00,21.0,88.0,0.0,2.4,0.0,1.8195,Cerah,Cerah
arjawinangun,"Arjawinangun, Cirebon",2026-08-04,32.09.24.2004,Arjawinangun,kecamatan,no,-6.6453,108.4103,Asia/Jakarta,"BMKG point: Arjawinangun, Kecamatan Arjawinangun",04-08-2026,BMKG,BMKG,02:00,2026-08-04 01:00:00,21.0,88.0,0.0,2.4,60.0,1.3647,Cerah,Cerah
arjawinangun,"Arjawinangun, Cirebon",2026-08-04,32.09.24.2004,Arjawinangun,kecamatan,no,-6.6453,108.4103,Asia/Jakarta,"BMKG point: Arjawinangun, Kecamatan Arjawinangun",04-08-2026,BMKG,BMKG,03:00,2026-08-04 04:00:00,22.0,93.0,0.0,0.6,60.0,1.3647,Cerah,Cerah
arjawinangun,"Arjawinangun, Cirebon",2026-08-04,32.09.24.2004,Arjawinangun,kecamatan,no,-6.6453,108.4103,Asia/Jakarta,"BMKG point: Arjawinangun, Kecamatan Arjawinangun",04-08-2026,BMKG,BMKG,04:00,2026-08-04 04:00:00,22.0,93.0,0.0,0.6,0.0,1.8195,Cerah,Cerah
arjawinangun,"Arjawinangun, Cirebon",2026-08-04,32.09.24.2004,Arjawinangun,kecamatan,no,-6.6453,108.4103,Asia/Jakarta,"BMKG point: Arjawinangun, Kecamatan Arjawinangun",04-08-2026,BMKG,BMKG,05:00,2026-08-04 04:00:00,22.0,93.0,0.0,0.6,60.0,1.3647,Cerah,Cerah
arjawinangun,"Arjawinangun, Cirebon",2026-08-04,32.09.24.2004,Arjawinangun,kecamatan,no,-6.6453,108.4103,Asia/Jakarta,"BMKG point: Arjawinangun, Kecamatan Arjawinangun",04-08-2026,BMKG,BMKG,06:00,2026-08-04 07:00:00,28.0,72.0,0.0,2.5,60.0,1.3647,Cerah,Cerah
arjawinangun,"Arjawinangun, Cirebon",2026-08-04,32.09.24.2004,Arjawinangun,kecamatan,no,-6.6453,108.4103,Asia/Jakarta,"BMKG point: Arjawinangun, Kecamatan Arjawinangun",04-08-2026,BMKG,BMKG,07:00,2026-08-04 07:00:00,28.0,72.0,0.0,2.5,0.0,1.8195,Cerah,Cerah
arjawinangun,"Arjawinangun, Cirebon",2026-08-04,32.09.24.2004,Arjawinangun,kecamatan,no,-6.6453,108.4103,Asia/Jakarta,"BMKG point: Arjawinangun, Kecamatan Arjawinangun",04-08-2026,BMKG,BMKG,08:00,2026-08-04 07:00:00,28.0,72.0,0.0,2.5,60.0,1.3647,Cerah,Cerah
arjawinangun,"Arjawinangun, Cirebon",2026-08-04,32.09.24.2004,Arjawinangun,kecamatan,no,-6.6453,108.4103,Asia/Jakarta,"BMKG point: Arjawinangun, Kecamatan Arjawinangun",04-08-2026,BMKG,BMKG,09:00,2026-08-04 10:00:00,33.0,51.0,0.0,8.6,60.0,1.3647,Cerah,Cerah
arjawinangun,"Arjawinangun, Cirebon",2026-08-04,32.09.24.2004,Arjawinangun,kecamatan,no,-6.6453,108.4103,Asia/Jakarta,"BMKG point: Arjawinangun, Kecamatan Arjawinangun",04-08-2026,BMKG,BMKG,10:00,2026-08-04 10:00:00,33.0,51.0,0.0,8.6,0.0,1.8195,Cerah,Cerah
arjawinangun,"Arjawinangun, Cirebon",2026-08-04,32.09.24.2004,Arjawinangun,kecamatan,no,-6.6453,108.4103,Asia/Jakarta,"BMKG point: Arjawinangun, Kecamatan Arjawinangun",04-08-2026,BMKG,BMKG,11:00,2026-08-04 10:00:00,33.0,51.0,0.0,8.6,60.0,1.3647,Cerah,Cerah
arjawinangun,"Arjawinangun, Cirebon",2026-08-04,32.09.24.2004,Arjawinangun,kecamatan,no,-6.6453,108.4103,Asia/Jakarta,"BMKG point: Arjawinangun, Kecamatan Arjawinangun",04-08-2026,BMKG,BMKG,12:00,2026-08-04 13:00:00,34.0,48.0,0.0,8.6,60.0,1.3647,Cerah Berawan,Cerah Berawan
arjawinangun,"Arjawinangun, Cirebon",2026-08-04,32.09.24.2004,Arjawinangun,kecamatan,no,-6.6453,108.4103,Asia/Jakarta,"BMKG point: Arjawinangun, Kecamatan Arjawinangun",04-08-2026,BMKG,BMKG,13:00,2026-08-04 13:00:00,34.0,48.0,0.0,8.6,0.0,1.8195,Cerah Berawan,Cerah Berawan
arjawinangun,"Arjawinangun, Cirebon",2026-08-04,32.09.24.2004,Arjawinangun,kecamatan,no,-6.6453,108.4103,Asia/Jakarta,"BMKG point: Arjawinangun, Kecamatan Arjawinangun",04-08-2026,BMKG,BMKG,14:00,2026-08-04 13:00:00,34.0,48.0,0.0,8.6,60.0,1.3647,Cerah Berawan,Cerah Berawan
arjawinangun,"Arjawinangun, Cirebon",2026-08-04,32.09.24.2004,Arjawinangun,kecamatan,no,-6.6453,108.4103,Asia/Jakarta,"BMKG point: Arjawinangun, Kecamatan Arjawinangun",04-08-2026,BMKG,BMKG,15:00,2026-08-04 16:00:00,30.0,61.0,0.0,6.7,60.0,1.3647,Cerah Berawan,Cerah Berawan
arjawinangun,"Arjawinangun, Cirebon",2026-08-04,32.09.24.2004,Arjawinangun,kecamatan,no,-6.6453,108.4103,Asia/Jakarta,"BMKG point: Arjawinangun, Kecamatan Arjawinangun",04-08-2026,BMKG,BMKG,16:00,2026-08-04 16:00:00,30.0,61.0,0.0,6.7,0.0,1.8195,Cerah Berawan,Cerah Berawan
arjawinangun,"Arjawinangun, Cirebon",2026-08-04,32.09.24.2004,Arjawinangun,kecamatan,no,-6.6453,108.4103,Asia/Jakarta,"BMKG point: Arjawinangun, Kecamatan Arjawinangun",04-08-2026,BMKG,BMKG,17:00,2026-08-04 16:00:00,30.0,61.0,0.0,6.7,60.0,1.3647,Cerah Berawan,Cerah Berawan
arjawinangun,"Arjawinangun, Cirebon",2026-08-04,32.09.24.2004,Arjawinangun,kecamatan,no,-6.6453,108.4103,Asia/Jakarta,"BMKG point: Arjawinangun, Kecamatan Arjawinangun",04-08-2026,BMKG,BMKG,18:00,2026-08-04 19:00:00,27.0,80.0,0.0,6.7,60.0,1.3647,Cerah,Cerah
arjawinangun,"Arjawinangun, Cirebon",2026-08-04,32.09.24.2004,Arjawinangun,kecamatan,no,-6.6453,108.4103,Asia/Jakarta,"BMKG point: Arjawinangun, Kecamatan Arjawinangun",04-08-2026,BMKG,BMKG,19:00,2026-08-04 19:00:00,27.0,80.0,0.0,6.7,0.0,1.8195,Cerah,Cerah
arjawinangun,"Arjawinangun, Cirebon",2026-08-04,32.09.24.2004,Arjawinangun,kecamatan,no,-6.6453,108.4103,Asia/Jakarta,"BMKG point: Arjawinangun, Kecamatan Arjawinangun",04-08-2026,BMKG,BMKG,20:00,2026-08-04 19:00:00,27.0,80.0,0.0,6.7,60.0,1.3647,Cerah,Cerah
arjawinangun,"Arjawinangun, Cirebon",2026-08-04,32.09.24.2004,Arjawinangun,kecamatan,no,-6.6453,108.4103,Asia/Jakarta,"BMKG point: Arjawinangun, Kecamatan Arjawinangun",04-08-2026,BMKG,BMKG,21:00,2026-08-04 22:00:00,24.0,87.0,0.0,1.5,60.0,1.3647,Cerah,Cerah
arjawinangun,"Arjawinangun, Cirebon",2026-08-04,32.09.24.2004,Arjawinangun,kecamatan,no,-6.6453,108.4103,Asia/Jakarta,"BMKG point: Arjawinangun, Kecamatan Arjawinangun",04-08-2026,BMKG,BMKG,22:00,2026-08-04 22:00:00,24.0,87.0,0.0,1.5,0.0,1.8195,Cerah,Cerah
arjawinangun,"Arjawinangun, Cirebon",2026-08-04,32.09.24.2004,Arjawinangun,kecamatan,no,-6.6453,108.4103,Asia/Jakarta,"BMKG point: Arjawinangun, Kecamatan Arjawinangun",04-08-2026,BMKG,BMKG,23:00,2026-08-04 22:00:00,24.0,87.0,0.0,1.5,60.0,1.3647,Cerah,Cerah
arjawinangun,"Arjawinangun, Cirebon",2026-08-04,32.09.24.2004,Arjawinangun,kecamatan,no,-6.6453,108.4103,Asia/Jakarta,"BMKG point: Arjawinangun, Kecamatan Arjawinangun",04-08-2026,CMA,Open-Meteo / CMA GRAPES,00:00,2026-08-04 00:00:00,25.4,89.0,0.0,6.8,0.0,1.1741,Cerah Berawan,wmo:1
arjawinangun,"Arjawinangun, Cirebon",2026-08-04,32.09.24.2004,Arjawinangun,kecamatan,no,-6.6453,108.4103,Asia/Jakarta,"BMKG point: Arjawinangun, Kecamatan Arjawinangun",04-08-2026,CMA,Open-Meteo / CMA GRAPES,01:00,2026-08-04 01:00:00,25.3,89.0,0.0,6.6,0.0,1.1741,Cerah,wmo:0
arjawinangun,"Arjawinangun, Cirebon",2026-08-04,32.09.24.2004,Arjawinangun,kecamatan,no,-6.6453,108.4103,Asia/Jakarta,"BMKG point: Arjawinangun, Kecamatan Arjawinangun",04-08-2026,CMA,Open-Meteo / CMA GRAPES,02:00,2026-08-04 02:00:00,25.0,89.0,0.0,6.5,0.0,1.1741,Cerah,wmo:0
arjawinangun,"Arjawinangun, Cirebon",2026-08-04,32.09.24.2004,Arjawinangun,kecamatan,no,-6.6453,108.4103,Asia/Jakarta,"BMKG point: Arjawinangun, Kecamatan Arjawinangun",04-08-2026,CMA,Open-Meteo / CMA GRAPES,03:00,2026-08-04 03:00:00,24.8,89.0,0.0,6.5,0.0,1.1741,Cerah,wmo:0
arjawinangun,"Arjawinangun, Cirebon",2026-08-04,32.09.24.2004,Arjawinangun,kecamatan,no,-6.6453,108.4103,Asia/Jakarta,"BMKG point: Arjawinangun, Kecamatan Arjawinangun",04-08-2026,CMA,Open-Meteo / CMA GRAPES,04:00,2026-08-04 04:00:00,24.6,89.0,0.0,6.9,0.0,1.1741,Cerah,wmo:0
arjawinangun,"Arjawinangun, Cirebon",2026-08-04,32.09.24.2004,Arjawinangun,kecamatan,no,-6.6453,108.4103,Asia/Jakarta,"BMKG point: Arjawinangun, Kecamatan Arjawinangun",04-08-2026,CMA,Open-Meteo / CMA GRAPES,05:00,2026-08-04 05:00:00,24.5,88.0,0.0,7.6,0.0,1.1741,Cerah,wmo:0
arjawinangun,"Arjawinangun, Cirebon",2026-08-04,32.09.24.2004,Arjawinangun,kecamatan,no,-6.6453,108.4103,Asia/Jakarta,"BMKG point: Arjawinangun, Kecamatan Arjawinangun",04-08-2026,CMA,Open-Meteo / CMA GRAPES,06:00,2026-08-04 06:00:00,24.5,87.0,0.0,8.7,0.0,1.1741,Cerah,wmo:0
arjawinangun,"Arjawinangun, Cirebon",2026-08-04,32.09.24.2004,Arjawinangun,kecamatan,no,-6.6453,108.4103,Asia/Jakarta,"BMKG point: Arjawinangun, Kecamatan Arjawinangun",04-08-2026,CMA,Open-Meteo / CMA GRAPES,07:00,2026-08-04 07:00:00,24.9,84.0,0.0,9.1,0.0,1.1741,Cerah,wmo:0
arjawinangun,"Arjawinangun, Cirebon",2026-08-04,32.09.24.2004,Arjawinangun,kecamatan,no,-6.6453,108.4103,Asia/Jakarta,"BMKG point: Arjawinangun, Kecamatan Arjawinangun",04-08-2026,CMA,Open-Meteo / CMA GRAPES,08:00,2026-08-04 08:00:00,26.0,80.0,0.0,8.5,0.0,1.1741,Cerah,wmo:0
arjawinangun,"Arjawinangun, Cirebon",2026-08-04,32.09.24.2004,Arjawinangun,kecamatan,no,-6.6453,108.4103,Asia/Jakarta,"BMKG point: Arjawinangun, Kecamatan Arjawinangun",04-08-2026,CMA,Open-Meteo / CMA GRAPES,09:00,2026-08-04 09:00:00,27.4,74.0,0.0,7.0,0.0,1.1741,Cerah,wmo:0
arjawinangun,"Arjawinangun, Cirebon",2026-08-04,32.09.24.2004,Arjawinangun,kecamatan,no,-6.6453,108.4103,Asia/Jakarta,"BMKG point: Arjawinangun, Kecamatan Arjawinangun",04-08-2026,CMA,Open-Meteo / CMA GRAPES,10:00,2026-08-04 10:00:00,28.7,69.0,0.0,6.5,0.0,1.1741,Cerah,wmo:0
arjawinangun,"Arjawinangun, Cirebon",2026-08-04,32.09.24.2004,Arjawinangun,kecamatan,no,-6.6453,108.4103,Asia/Jakarta,"BMKG point: Arjawinangun, Kecamatan Arjawinangun",04-08-2026,CMA,Open-Meteo / CMA GRAPES,11:00,2026-08-04 11:00:00,30.0,64.0,0.0,7.4,0.0,1.1741,Cerah,wmo:0
arjawinangun,"Arjawinangun, Cirebon",2026-08-04,32.09.24.2004,Arjawinangun,kecamatan,no,-6.6453,108.4103,Asia/Jakarta,"BMKG point: Arjawinangun, Kecamatan Arjawinangun",04-08-2026,CMA,Open-Meteo / CMA GRAPES,12:00,2026-08-04 12:00:00,31.2,59.0,0.0,9.0,0.0,1.1741,Cerah,wmo:0
arjawinangun,"Arjawinangun, Cirebon",2026-08-04,32.09.24.2004,Arjawinangun,kecamatan,no,-6.6453,108.4103,Asia/Jakarta,"BMKG point: Arjawinangun, Kecamatan Arjawinangun",04-08-2026,CMA,Open-Meteo / CMA GRAPES,13:00,2026-08-04 13:00:00,31.9,56.0,0.0,10.6,0.0,1.1741,Cerah,wmo:0
arjawinangun,"Arjawinangun, Cirebon",2026-08-04,32.09.24.2004,Arjawinangun,kecamatan,no,-6.6453,108.4103,Asia/Jakarta,"BMKG point: Arjawinangun, Kecamatan Arjawinangun",04-08-2026,CMA,Open-Meteo / CMA GRAPES,14:00,2026-08-04 14:00:00,31.9,57.0,0.0,11.3,0.0,1.1741,Cerah,wmo:0
arjawinangun,"Arjawinangun, Cirebon",2026-08-04,32.09.24.2004,Arjawinangun,kecamatan,no,-6.6453,108.4103,Asia/Jakarta,"BMKG point: Arjawinangun, Kecamatan Arjawinangun",04-08-2026,CMA,Open-Meteo / CMA GRAPES,15:00,2026-08-04 15:00:00,31.5,60.0,0.0,11.7,0.0,1.1741,Cerah,wmo:0
arjawinangun,"Arjawinangun, Cirebon",2026-08-04,32.09.24.2004,Arjawinangun,kecamatan,no,-6.6453,108.4103,Asia/Jakarta,"BMKG point: Arjawinangun, Kecamatan Arjawinangun",04-08-2026,CMA,Open-Meteo / CMA GRAPES,16:00,2026-08-04 16:00:00,30.7,64.0,0.0,11.7,0.0,1.1741,Cerah,wmo:0
arjawinangun,"Arjawinangun, Cirebon",2026-08-04,32.09.24.2004,Arjawinangun,kecamatan,no,-6.6453,108.4103,Asia/Jakarta,"BMKG point: Arjawinangun, Kecamatan Arjawinangun",04-08-2026,CMA,Open-Meteo / CMA GRAPES,17:00,2026-08-04 17:00:00,29.4,69.0,0.0,11.3,0.0,1.1741,Cerah,wmo:0
arjawinangun,"Arjawinangun, Cirebon",2026-08-04,32.09.24.2004,Arjawinangun,kecamatan,no,-6.6453,108.4103,Asia/Jakarta,"BMKG point: Arjawinangun, Kecamatan Arjawinangun",04-08-2026,CMA,Open-Meteo / CMA GRAPES,18:00,2026-08-04 18:00:00,27.8,74.0,0.0,11.3,0.0,1.1741,Cerah,wmo:0
arjawinangun,"Arjawinangun, Cirebon",2026-08-04,32.09.24.2004,Arjawinangun,kecamatan,no,-6.6453,108.4103,Asia/Jakarta,"BMKG point: Arjawinangun, Kecamatan Arjawinangun",04-08-2026,CMA,Open-Meteo / CMA GRAPES,19:00,2026-08-04 19:00:00,26.4,78.0,0.0,11.3,0.0,1.1741,Cerah,wmo:0
arjawinangun,"Arjawinangun, Cirebon",2026-08-04,32.09.24.2004,Arjawinangun,kecamatan,no,-6.6453,108.4103,Asia/Jakarta,"BMKG point: Arjawinangun, Kecamatan Arjawinangun",04-08-2026,CMA,Open-Meteo / CMA GRAPES,20:00,2026-08-04 20:00:00,25.5,80.0,0.0,11.1,0.0,1.1741,Cerah,wmo:0
arjawinangun,"Arjawinangun, Cirebon",2026-08-04,32.09.24.2004,Arjawinangun,kecamatan,no,-6.6453,108.4103,Asia/Jakarta,"BMKG point: Arjawinangun, Kecamatan Arjawinangun",04-08-2026,CMA,Open-Meteo / CMA GRAPES,21:00,2026-08-04 21:00:00,24.8,81.0,0.0,11.0,0.0,1.1741,Cerah,wmo:0
arjawinangun,"Arjawinangun, Cirebon",2026-08-04,32.09.24.2004,Arjawinangun,kecamatan,no,-6.6453,108.4103,Asia/Jakarta,"BMKG point: Arjawinangun, Kecamatan Arjawinangun",04-08-2026,CMA,Open-Meteo / CMA GRAPES,22:00,2026-08-04 22:00:00,24.3,82.0,0.0,10.7,0.0,1.1741,Cerah,wmo:0
arjawinangun,"Arjawinangun, Cirebon",2026-08-04,32.09.24.2004,Arjawinangun,kecamatan,no,-6.6453,108.4103,Asia/Jakarta,"BMKG point: Arjawinangun, Kecamatan Arjawinangun",04-08-2026,CMA,Open-Meteo / CMA GRAPES,23:00,2026-08-04 23:00:00,24.0,84.0,0.0,10.6,0.0,1.1741,Cerah,wmo:0
arjawinangun,"Arjawinangun, Cirebon",2026-08-04,32.09.24.2004,Arjawinangun,kecamatan,no,-6.6453,108.4103,Asia/Jakarta,"BMKG point: Arjawinangun, Kecamatan Arjawinangun",04-08-2026,ECMWF,Open-Meteo / ECMWF,00:00,2026-08-04 00:00:00,26.0,86.0,0.0,2.3,0.0,1.7011,Cerah Berawan,wmo:1
arjawinangun,"Arjawinangun, Cirebon",2026-08-04,32.09.24.2004,Arjawinangun,kecamatan,no,-6.6453,108.4103,Asia/Jakarta,"BMKG point: Arjawinangun, Kecamatan Arjawinangun",04-08-2026,ECMWF,Open-Meteo / ECMWF,01:00,2026-08-04 01:00:00,25.7,88.0,0.0,2.2,0.0,1.7011,Cerah Berawan,wmo:1
arjawinangun,"Arjawinangun, Cirebon",2026-08-04,32.09.24.2004,Arjawinangun,kecamatan,no,-6.6453,108.4103,Asia/Jakarta,"BMKG point: Arjawinangun, Kecamatan Arjawinangun",04-08-2026,ECMWF,Open-Meteo / ECMWF,02:00,2026-08-04 02:00:00,25.2,90.0,0.1,1.4,0.0,1.7011,Hujan Ringan,wmo:51
arjawinangun,"Arjawinangun, Cirebon",2026-08-04,32.09.24.2004,Arjawinangun,kecamatan,no,-6.6453,108.4103,Asia/Jakarta,"BMKG point: Arjawinangun, Kecamatan Arjawinangun",04-08-2026,ECMWF,Open-Meteo / ECMWF,03:00,2026-08-04 03:00:00,24.8,93.0,0.1,0.8,0.0,1.7011,Hujan Ringan,wmo:51
arjawinangun,"Arjawinangun, Cirebon",2026-08-04,32.09.24.2004,Arjawinangun,kecamatan,no,-6.6453,108.4103,Asia/Jakarta,"BMKG point: Arjawinangun, Kecamatan Arjawinangun",04-08-2026,ECMWF,Open-Meteo / ECMWF,04:00,2026-08-04 04:00:00,24.5,94.0,0.1,1.1,0.0,1.7011,Hujan Ringan,wmo:51
arjawinangun,"Arjawinangun, Cirebon",2026-08-04,32.09.24.2004,Arjawinangun,kecamatan,no,-6.6453,108.4103,Asia/Jakarta,"BMKG point: Arjawinangun, Kecamatan Arjawinangun",04-08-2026,ECMWF,Open-Meteo / ECMWF,05:00,2026-08-04 05:00:00,24.5,94.0,0.0,1.5,0.0,1.7011,Cerah Berawan,wmo:1
arjawinangun,"Arjawinangun, Cirebon",2026-08-04,32.09.24.2004,Arjawinangun,kecamatan,no,-6.6453,108.4103,Asia/Jakarta,"BMKG point: Arjawinangun, Kecamatan Arjawinangun",04-08-2026,ECMWF,Open-Meteo / ECMWF,06:00,2026-08-04 06:00:00,24.6,93.0,0.0,2.4,0.0,1.7011,Cerah,wmo:0
arjawinangun,"Arjawinangun, Cirebon",2026-08-04,32.09.24.2004,Arjawinangun,kecamatan,no,-6.6453,108.4103,Asia/Jakarta,"BMKG point: Arjawinangun, Kecamatan Arjawinangun",04-08-2026,ECMWF,Open-Meteo / ECMWF,07:00,2026-08-04 07:00:00,25.2,90.0,0.0,2.3,0.0,1.7011,Cerah,wmo:0
arjawinangun,"Arjawinangun, Cirebon",2026-08-04,32.09.24.2004,Arjawinangun,kecamatan,no,-6.6453,108.4103,Asia/Jakarta,"BMKG point: Arjawinangun, Kecamatan Arjawinangun",04-08-2026,ECMWF,Open-Meteo / ECMWF,08:00,2026-08-04 08:00:00,26.7,82.0,0.0,1.5,0.0,1.7011,Cerah Berawan,wmo:1
arjawinangun,"Arjawinangun, Cirebon",2026-08-04,32.09.24.2004,Arjawinangun,kecamatan,no,-6.6453,108.4103,Asia/Jakarta,"BMKG point: Arjawinangun, Kecamatan Arjawinangun",04-08-2026,ECMWF,Open-Meteo / ECMWF,09:00,2026-08-04 09:00:00,28.8,71.0,0.0,1.8,0.0,1.7011,Cerah Berawan,wmo:1
arjawinangun,"Arjawinangun, Cirebon",2026-08-04,32.09.24.2004,Arjawinangun,kecamatan,no,-6.6453,108.4103,Asia/Jakarta,"BMKG point: Arjawinangun, Kecamatan Arjawinangun",04-08-2026,ECMWF,Open-Meteo / ECMWF,10:00,2026-08-04 10:00:00,30.5,62.0,0.0,3.2,0.0,1.7011,Cerah Berawan,wmo:1
arjawinangun,"Arjawinangun, Cirebon",2026-08-04,32.09.24.2004,Arjawinangun,kecamatan,no,-6.6453,108.4103,Asia/Jakarta,"BMKG point: Arjawinangun, Kecamatan Arjawinangun",04-08-2026,ECMWF,Open-Meteo / ECMWF,11:00,2026-08-04 11:00:00,31.9,55.0,0.0,4.6,0.0,1.7011,Cerah Berawan,wmo:1
arjawinangun,"Arjawinangun, Cirebon",2026-08-04,32.09.24.2004,Arjawinangun,kecamatan,no,-6.6453,108.4103,Asia/Jakarta,"BMKG point: Arjawinangun, Kecamatan Arjawinangun",04-08-2026,ECMWF,Open-Meteo / ECMWF,12:00,2026-08-04 12:00:00,33.0,50.0,0.0,6.1,0.0,1.7011,Cerah Berawan,wmo:1
arjawinangun,"Arjawinangun, Cirebon",2026-08-04,32.09.24.2004,Arjawinangun,kecamatan,no,-6.6453,108.4103,Asia/Jakarta,"BMKG point: Arjawinangun, Kecamatan Arjawinangun",04-08-2026,ECMWF,Open-Meteo / ECMWF,13:00,2026-08-04 13:00:00,33.4,49.0,0.0,7.5,0.0,1.7011,Cerah Berawan,wmo:1
arjawinangun,"Arjawinangun, Cirebon",2026-08-04,32.09.24.2004,Arjawinangun,kecamatan,no,-6.6453,108.4103,Asia/Jakarta,"BMKG point: Arjawinangun, Kecamatan Arjawinangun",04-08-2026,ECMWF,Open-Meteo / ECMWF,14:00,2026-08-04 14:00:00,32.6,53.0,0.5,9.1,0.0,1.7011,Hujan Ringan,wmo:53
arjawinangun,"Arjawinangun, Cirebon",2026-08-04,32.09.24.2004,Arjawinangun,kecamatan,no,-6.6453,108.4103,Asia/Jakarta,"BMKG point: Arjawinangun, Kecamatan Arjawinangun",04-08-2026,ECMWF,Open-Meteo / ECMWF,15:00,2026-08-04 15:00:00,31.0,61.0,0.5,10.4,0.0,1.7011,Hujan Ringan,wmo:53
arjawinangun,"Arjawinangun, Cirebon",2026-08-04,32.09.24.2004,Arjawinangun,kecamatan,no,-6.6453,108.4103,Asia/Jakarta,"BMKG point: Arjawinangun, Kecamatan Arjawinangun",04-08-2026,ECMWF,Open-Meteo / ECMWF,16:00,2026-08-04 16:00:00,29.6,68.0,0.5,10.8,0.0,1.7011,Hujan Ringan,wmo:53
arjawinangun,"Arjawinangun, Cirebon",2026-08-04,32.09.24.2004,Arjawinangun,kecamatan,no,-6.6453,108.4103,Asia/Jakarta,"BMKG point: Arjawinangun, Kecamatan Arjawinangun",04-08-2026,ECMWF,Open-Meteo / ECMWF,17:00,2026-08-04 17:00:00,28.8,72.0,0.0,10.0,0.0,1.7011,Cerah Berawan,wmo:2
arjawinangun,"Arjawinangun, Cirebon",2026-08-04,32.09.24.2004,Arjawinangun,kecamatan,no,-6.6453,108.4103,Asia/Jakarta,"BMKG point: Arjawinangun, Kecamatan Arjawinangun",04-08-2026,ECMWF,Open-Meteo / ECMWF,18:00,2026-08-04 18:00:00,28.1,75.0,0.0,8.4,0.0,1.7011,Cerah Berawan,wmo:1
arjawinangun,"Arjawinangun, Cirebon",2026-08-04,32.09.24.2004,Arjawinangun,kecamatan,no,-6.6453,108.4103,Asia/Jakarta,"BMKG point: Arjawinangun, Kecamatan Arjawinangun",04-08-2026,ECMWF,Open-Meteo / ECMWF,19:00,2026-08-04 19:00:00,27.5,78.0,0.0,6.9,0.0,1.7011,Cerah Berawan,wmo:1
arjawinangun,"Arjawinangun, Cirebon",2026-08-04,32.09.24.2004,Arjawinangun,kecamatan,no,-6.6453,108.4103,Asia/Jakarta,"BMKG point: Arjawinangun, Kecamatan Arjawinangun",04-08-2026,ECMWF,Open-Meteo / ECMWF,20:00,2026-08-04 20:00:00,26.7,82.0,0.0,4.0,0.0,1.7011,Cerah,wmo:0
arjawinangun,"Arjawinangun, Cirebon",2026-08-04,32.09.24.2004,Arjawinangun,kecamatan,no,-6.6453,108.4103,Asia/Jakarta,"BMKG point: Arjawinangun, Kecamatan Arjawinangun",04-08-2026,ECMWF,Open-Meteo / ECMWF,21:00,2026-08-04 21:00:00,25.9,86.0,0.0,1.8,0.0,1.7011,Cerah,wmo:0
arjawinangun,"Arjawinangun, Cirebon",2026-08-04,32.09.24.2004,Arjawinangun,kecamatan,no,-6.6453,108.4103,Asia/Jakarta,"BMKG point: Arjawinangun, Kecamatan Arjawinangun",04-08-2026,ECMWF,Open-Meteo / ECMWF,22:00,2026-08-04 22:00:00,25.2,89.0,0.0,3.1,0.0,1.7011,Cerah,wmo:0
arjawinangun,"Arjawinangun, Cirebon",2026-08-04,32.09.24.2004,Arjawinangun,kecamatan,no,-6.6453,108.4103,Asia/Jakarta,"BMKG point: Arjawinangun, Kecamatan Arjawinangun",04-08-2026,ECMWF,Open-Meteo / ECMWF,23:00,2026-08-04 23:00:00,24.7,90.0,0.0,2.8,0.0,1.7011,Cerah,wmo:0
arjawinangun,"Arjawinangun, Cirebon",2026-08-04,32.09.24.2004,Arjawinangun,kecamatan,no,-6.6453,108.4103,Asia/Jakarta,"BMKG point: Arjawinangun, Kecamatan Arjawinangun",04-08-2026,GFS,Open-Meteo / NOAA GFS,00:00,2026-08-04 00:00:00,24.4,87.0,0.0,7.8,0.0,1.4091,Cerah,wmo:0
arjawinangun,"Arjawinangun, Cirebon",2026-08-04,32.09.24.2004,Arjawinangun,kecamatan,no,-6.6453,108.4103,Asia/Jakarta,"BMKG point: Arjawinangun, Kecamatan Arjawinangun",04-08-2026,GFS,Open-Meteo / NOAA GFS,01:00,2026-08-04 01:00:00,24.1,86.0,0.0,7.4,0.0,1.4091,Cerah,wmo:0
arjawinangun,"Arjawinangun, Cirebon",2026-08-04,32.09.24.2004,Arjawinangun,kecamatan,no,-6.6453,108.4103,Asia/Jakarta,"BMKG point: Arjawinangun, Kecamatan Arjawinangun",04-08-2026,GFS,Open-Meteo / NOAA GFS,02:00,2026-08-04 02:00:00,23.9,84.0,0.0,6.8,0.0,1.4091,Cerah,wmo:0
arjawinangun,"Arjawinangun, Cirebon",2026-08-04,32.09.24.2004,Arjawinangun,kecamatan,no,-6.6453,108.4103,Asia/Jakarta,"BMKG point: Arjawinangun, Kecamatan Arjawinangun",04-08-2026,GFS,Open-Meteo / NOAA GFS,03:00,2026-08-04 03:00:00,23.6,83.0,0.0,5.4,0.0,1.4091,Cerah Berawan,wmo:1
arjawinangun,"Arjawinangun, Cirebon",2026-08-04,32.09.24.2004,Arjawinangun,kecamatan,no,-6.6453,108.4103,Asia/Jakarta,"BMKG point: Arjawinangun, Kecamatan Arjawinangun",04-08-2026,GFS,Open-Meteo / NOAA GFS,04:00,2026-08-04 04:00:00,23.3,84.0,0.0,4.7,0.0,1.4091,Cerah Berawan,wmo:2
arjawinangun,"Arjawinangun, Cirebon",2026-08-04,32.09.24.2004,Arjawinangun,kecamatan,no,-6.6453,108.4103,Asia/Jakarta,"BMKG point: Arjawinangun, Kecamatan Arjawinangun",04-08-2026,GFS,Open-Meteo / NOAA GFS,05:00,2026-08-04 05:00:00,23.1,84.0,0.0,4.8,0.0,1.4091,Cerah,wmo:0
arjawinangun,"Arjawinangun, Cirebon",2026-08-04,32.09.24.2004,Arjawinangun,kecamatan,no,-6.6453,108.4103,Asia/Jakarta,"BMKG point: Arjawinangun, Kecamatan Arjawinangun",04-08-2026,GFS,Open-Meteo / NOAA GFS,06:00,2026-08-04 06:00:00,22.9,84.0,0.0,5.0,0.0,1.4091,Cerah,wmo:0
arjawinangun,"Arjawinangun, Cirebon",2026-08-04,32.09.24.2004,Arjawinangun,kecamatan,no,-6.6453,108.4103,Asia/Jakarta,"BMKG point: Arjawinangun, Kecamatan Arjawinangun",04-08-2026,GFS,Open-Meteo / NOAA GFS,07:00,2026-08-04 07:00:00,25.2,73.0,0.0,5.4,0.0,1.4091,Cerah Berawan,wmo:1
arjawinangun,"Arjawinangun, Cirebon",2026-08-04,32.09.24.2004,Arjawinangun,kecamatan,no,-6.6453,108.4103,Asia/Jakarta,"BMKG point: Arjawinangun, Kecamatan Arjawinangun",04-08-2026,GFS,Open-Meteo / NOAA GFS,08:00,2026-08-04 08:00:00,28.1,61.0,0.0,3.4,0.0,1.4091,Cerah Berawan,wmo:2
arjawinangun,"Arjawinangun, Cirebon",2026-08-04,32.09.24.2004,Arjawinangun,kecamatan,no,-6.6453,108.4103,Asia/Jakarta,"BMKG point: Arjawinangun, Kecamatan Arjawinangun",04-08-2026,GFS,Open-Meteo / NOAA GFS,09:00,2026-08-04 09:00:00,30.7,51.0,0.0,4.9,0.0,1.4091,Cerah Berawan,wmo:2
arjawinangun,"Arjawinangun, Cirebon",2026-08-04,32.09.24.2004,Arjawinangun,kecamatan,no,-6.6453,108.4103,Asia/Jakarta,"BMKG point: Arjawinangun, Kecamatan Arjawinangun",04-08-2026,GFS,Open-Meteo / NOAA GFS,10:00,2026-08-04 10:00:00,32.7,44.0,0.0,9.6,0.0,1.4091,Cerah Berawan,wmo:1
arjawinangun,"Arjawinangun, Cirebon",2026-08-04,32.09.24.2004,Arjawinangun,kecamatan,no,-6.6453,108.4103,Asia/Jakarta,"BMKG point: Arjawinangun, Kecamatan Arjawinangun",04-08-2026,GFS,Open-Meteo / NOAA GFS,11:00,2026-08-04 11:00:00,34.1,39.0,0.0,15.8,0.0,1.4091,Cerah,wmo:0
arjawinangun,"Arjawinangun, Cirebon",2026-08-04,32.09.24.2004,Arjawinangun,kecamatan,no,-6.6453,108.4103,Asia/Jakarta,"BMKG point: Arjawinangun, Kecamatan Arjawinangun",04-08-2026,GFS,Open-Meteo / NOAA GFS,12:00,2026-08-04 12:00:00,34.8,38.0,0.0,22.3,0.0,1.4091,Cerah,wmo:0
arjawinangun,"Arjawinangun, Cirebon",2026-08-04,32.09.24.2004,Arjawinangun,kecamatan,no,-6.6453,108.4103,Asia/Jakarta,"BMKG point: Arjawinangun, Kecamatan Arjawinangun",04-08-2026,GFS,Open-Meteo / NOAA GFS,13:00,2026-08-04 13:00:00,34.5,39.0,0.0,27.1,0.0,1.4091,Cerah,wmo:0
arjawinangun,"Arjawinangun, Cirebon",2026-08-04,32.09.24.2004,Arjawinangun,kecamatan,no,-6.6453,108.4103,Asia/Jakarta,"BMKG point: Arjawinangun, Kecamatan Arjawinangun",04-08-2026,GFS,Open-Meteo / NOAA GFS,14:00,2026-08-04 14:00:00,33.2,45.0,0.0,28.3,0.0,1.4091,Cerah Berawan,wmo:1
arjawinangun,"Arjawinangun, Cirebon",2026-08-04,32.09.24.2004,Arjawinangun,kecamatan,no,-6.6453,108.4103,Asia/Jakarta,"BMKG point: Arjawinangun, Kecamatan Arjawinangun",04-08-2026,GFS,Open-Meteo / NOAA GFS,15:00,2026-08-04 15:00:00,32.1,51.0,0.0,24.2,0.0,1.4091,Berawan,wmo:3
arjawinangun,"Arjawinangun, Cirebon",2026-08-04,32.09.24.2004,Arjawinangun,kecamatan,no,-6.6453,108.4103,Asia/Jakarta,"BMKG point: Arjawinangun, Kecamatan Arjawinangun",04-08-2026,GFS,Open-Meteo / NOAA GFS,16:00,2026-08-04 16:00:00,30.6,58.0,0.0,19.7,0.0,1.4091,Cerah,wmo:0
arjawinangun,"Arjawinangun, Cirebon",2026-08-04,32.09.24.2004,Arjawinangun,kecamatan,no,-6.6453,108.4103,Asia/Jakarta,"BMKG point: Arjawinangun, Kecamatan Arjawinangun",04-08-2026,GFS,Open-Meteo / NOAA GFS,17:00,2026-08-04 17:00:00,29.1,64.0,0.0,17.8,0.0,1.4091,Cerah,wmo:0
arjawinangun,"Arjawinangun, Cirebon",2026-08-04,32.09.24.2004,Arjawinangun,kecamatan,no,-6.6453,108.4103,Asia/Jakarta,"BMKG point: Arjawinangun, Kecamatan Arjawinangun",04-08-2026,GFS,Open-Meteo / NOAA GFS,18:00,2026-08-04 18:00:00,26.7,78.0,0.0,11.5,0.0,1.4091,Cerah,wmo:0
arjawinangun,"Arjawinangun, Cirebon",2026-08-04,32.09.24.2004,Arjawinangun,kecamatan,no,-6.6453,108.4103,Asia/Jakarta,"BMKG point: Arjawinangun, Kecamatan Arjawinangun",04-08-2026,GFS,Open-Meteo / NOAA GFS,19:00,2026-08-04 19:00:00,25.6,85.0,0.0,10.0,0.0,1.4091,Cerah,wmo:0
arjawinangun,"Arjawinangun, Cirebon",2026-08-04,32.09.24.2004,Arjawinangun,kecamatan,no,-6.6453,108.4103,Asia/Jakarta,"BMKG point: Arjawinangun, Kecamatan Arjawinangun",04-08-2026,GFS,Open-Meteo / NOAA GFS,20:00,2026-08-04 20:00:00,25.5,83.0,0.0,10.0,0.0,1.4091,Cerah,wmo:0
arjawinangun,"Arjawinangun, Cirebon",2026-08-04,32.09.24.2004,Arjawinangun,kecamatan,no,-6.6453,108.4103,Asia/Jakarta,"BMKG point: Arjawinangun, Kecamatan Arjawinangun",04-08-2026,GFS,Open-Meteo / NOAA GFS,21:00,2026-08-04 21:00:00,25.3,82.0,0.0,8.9,0.0,1.4091,Cerah,wmo:0
arjawinangun,"Arjawinangun, Cirebon",2026-08-04,32.09.24.2004,Arjawinangun,kecamatan,no,-6.6453,108.4103,Asia/Jakarta,"BMKG point: Arjawinangun, Kecamatan Arjawinangun",04-08-2026,GFS,Open-Meteo / NOAA GFS,22:00,2026-08-04 22:00:00,24.8,80.0,0.0,7.5,0.0,1.4091,Cerah,wmo:0
arjawinangun,"Arjawinangun, Cirebon",2026-08-04,32.09.24.2004,Arjawinangun,kecamatan,no,-6.6453,108.4103,Asia/Jakarta,"BMKG point: Arjawinangun, Kecamatan Arjawinangun",04-08-2026,GFS,Open-Meteo / NOAA GFS,23:00,2026-08-04 23:00:00,24.0,79.0,0.0,5.8,0.0,1.4091,Berawan,wmo:3
arjawinangun,"Arjawinangun, Cirebon",2026-08-04,32.09.24.2004,Arjawinangun,kecamatan,no,-6.6453,108.4103,Asia/Jakarta,"BMKG point: Arjawinangun, Kecamatan Arjawinangun",04-08-2026,ICON,Open-Meteo / DWD ICON,00:00,2026-08-04 00:00:00,25.4,86.0,0.0,4.8,0.0,1.4875,Cerah Berawan,wmo:1
arjawinangun,"Arjawinangun, Cirebon",2026-08-04,32.09.24.2004,Arjawinangun,kecamatan,no,-6.6453,108.4103,Asia/Jakarta,"BMKG point: Arjawinangun, Kecamatan Arjawinangun",04-08-2026,ICON,Open-Meteo / DWD ICON,01:00,2026-08-04 01:00:00,25.0,88.0,0.0,4.6,0.0,1.4875,Cerah Berawan,wmo:1
arjawinangun,"Arjawinangun, Cirebon",2026-08-04,32.09.24.2004,Arjawinangun,kecamatan,no,-6.6453,108.4103,Asia/Jakarta,"BMKG point: Arjawinangun, Kecamatan Arjawinangun",04-08-2026,ICON,Open-Meteo / DWD ICON,02:00,2026-08-04 02:00:00,24.6,90.0,0.0,4.1,0.0,1.4875,Cerah Berawan,wmo:1
arjawinangun,"Arjawinangun, Cirebon",2026-08-04,32.09.24.2004,Arjawinangun,kecamatan,no,-6.6453,108.4103,Asia/Jakarta,"BMKG point: Arjawinangun, Kecamatan Arjawinangun",04-08-2026,ICON,Open-Meteo / DWD ICON,03:00,2026-08-04 03:00:00,24.2,91.0,0.0,3.3,0.0,1.4875,Cerah Berawan,wmo:1
arjawinangun,"Arjawinangun, Cirebon",2026-08-04,32.09.24.2004,Arjawinangun,kecamatan,no,-6.6453,108.4103,Asia/Jakarta,"BMKG point: Arjawinangun, Kecamatan Arjawinangun",04-08-2026,ICON,Open-Meteo / DWD ICON,04:00,2026-08-04 04:00:00,23.8,91.0,0.0,3.3,0.0,1.4875,Cerah,wmo:0
arjawinangun,"Arjawinangun, Cirebon",2026-08-04,32.09.24.2004,Arjawinangun,kecamatan,no,-6.6453,108.4103,Asia/Jakarta,"BMKG point: Arjawinangun, Kecamatan Arjawinangun",04-08-2026,ICON,Open-Meteo / DWD ICON,05:00,2026-08-04 05:00:00,23.3,92.0,0.0,2.9,0.0,1.4875,Cerah,wmo:0
arjawinangun,"Arjawinangun, Cirebon",2026-08-04,32.09.24.2004,Arjawinangun,kecamatan,no,-6.6453,108.4103,Asia/Jakarta,"BMKG point: Arjawinangun, Kecamatan Arjawinangun",04-08-2026,ICON,Open-Meteo / DWD ICON,06:00,2026-08-04 06:00:00,22.9,91.0,0.0,2.2,0.0,1.4875,Cerah,wmo:0
arjawinangun,"Arjawinangun, Cirebon",2026-08-04,32.09.24.2004,Arjawinangun,kecamatan,no,-6.6453,108.4103,Asia/Jakarta,"BMKG point: Arjawinangun, Kecamatan Arjawinangun",04-08-2026,ICON,Open-Meteo / DWD ICON,07:00,2026-08-04 07:00:00,23.8,88.0,0.0,2.9,0.0,1.4875,Cerah,wmo:0
arjawinangun,"Arjawinangun, Cirebon",2026-08-04,32.09.24.2004,Arjawinangun,kecamatan,no,-6.6453,108.4103,Asia/Jakarta,"BMKG point: Arjawinangun, Kecamatan Arjawinangun",04-08-2026,ICON,Open-Meteo / DWD ICON,08:00,2026-08-04 08:00:00,27.1,74.0,0.0,3.2,0.0,1.4875,Cerah,wmo:0
arjawinangun,"Arjawinangun, Cirebon",2026-08-04,32.09.24.2004,Arjawinangun,kecamatan,no,-6.6453,108.4103,Asia/Jakarta,"BMKG point: Arjawinangun, Kecamatan Arjawinangun",04-08-2026,ICON,Open-Meteo / DWD ICON,09:00,2026-08-04 09:00:00,29.7,62.0,0.0,4.3,0.0,1.4875,Cerah,wmo:0
arjawinangun,"Arjawinangun, Cirebon",2026-08-04,32.09.24.2004,Arjawinangun,kecamatan,no,-6.6453,108.4103,Asia/Jakarta,"BMKG point: Arjawinangun, Kecamatan Arjawinangun",04-08-2026,ICON,Open-Meteo / DWD ICON,10:00,2026-08-04 10:00:00,31.6,55.0,0.0,4.7,0.0,1.4875,Cerah Berawan,wmo:1
arjawinangun,"Arjawinangun, Cirebon",2026-08-04,32.09.24.2004,Arjawinangun,kecamatan,no,-6.6453,108.4103,Asia/Jakarta,"BMKG point: Arjawinangun, Kecamatan Arjawinangun",04-08-2026,ICON,Open-Meteo / DWD ICON,11:00,2026-08-04 11:00:00,33.2,47.0,0.0,5.6,0.0,1.4875,Cerah Berawan,wmo:2
arjawinangun,"Arjawinangun, Cirebon",2026-08-04,32.09.24.2004,Arjawinangun,kecamatan,no,-6.6453,108.4103,Asia/Jakarta,"BMKG point: Arjawinangun, Kecamatan Arjawinangun",04-08-2026,ICON,Open-Meteo / DWD ICON,12:00,2026-08-04 12:00:00,34.4,43.0,0.0,6.5,0.0,1.4875,Cerah Berawan,wmo:2
arjawinangun,"Arjawinangun, Cirebon",2026-08-04,32.09.24.2004,Arjawinangun,kecamatan,no,-6.6453,108.4103,Asia/Jakarta,"BMKG point: Arjawinangun, Kecamatan Arjawinangun",04-08-2026,ICON,Open-Meteo / DWD ICON,13:00,2026-08-04 13:00:00,35.2,40.0,0.0,8.7,0.0,1.4875,Cerah Berawan,wmo:2
arjawinangun,"Arjawinangun, Cirebon",2026-08-04,32.09.24.2004,Arjawinangun,kecamatan,no,-6.6453,108.4103,Asia/Jakarta,"BMKG point: Arjawinangun, Kecamatan Arjawinangun",04-08-2026,ICON,Open-Meteo / DWD ICON,14:00,2026-08-04 14:00:00,35.0,42.0,0.0,13.7,0.0,1.4875,Cerah Berawan,wmo:2
arjawinangun,"Arjawinangun, Cirebon",2026-08-04,32.09.24.2004,Arjawinangun,kecamatan,no,-6.6453,108.4103,Asia/Jakarta,"BMKG point: Arjawinangun, Kecamatan Arjawinangun",04-08-2026,ICON,Open-Meteo / DWD ICON,15:00,2026-08-04 15:00:00,32.9,53.0,0.0,18.1,0.0,1.4875,Cerah Berawan,wmo:1
arjawinangun,"Arjawinangun, Cirebon",2026-08-04,32.09.24.2004,Arjawinangun,kecamatan,no,-6.6453,108.4103,Asia/Jakarta,"BMKG point: Arjawinangun, Kecamatan Arjawinangun",04-08-2026,ICON,Open-Meteo / DWD ICON,16:00,2026-08-04 16:00:00,31.8,54.0,0.0,17.8,0.0,1.4875,Cerah,wmo:0
arjawinangun,"Arjawinangun, Cirebon",2026-08-04,32.09.24.2004,Arjawinangun,kecamatan,no,-6.6453,108.4103,Asia/Jakarta,"BMKG point: Arjawinangun, Kecamatan Arjawinangun",04-08-2026,ICON,Open-Meteo / DWD ICON,17:00,2026-08-04 17:00:00,30.4,61.0,0.0,12.3,0.0,1.4875,Cerah Berawan,wmo:1
arjawinangun,"Arjawinangun, Cirebon",2026-08-04,32.09.24.2004,Arjawinangun,kecamatan,no,-6.6453,108.4103,Asia/Jakarta,"BMKG point: Arjawinangun, Kecamatan Arjawinangun",04-08-2026,ICON,Open-Meteo / DWD ICON,18:00,2026-08-04 18:00:00,28.8,70.0,0.0,7.7,0.0,1.4875,Cerah Berawan,wmo:2
arjawinangun,"Arjawinangun, Cirebon",2026-08-04,32.09.24.2004,Arjawinangun,kecamatan,no,-6.6453,108.4103,Asia/Jakarta,"BMKG point: Arjawinangun, Kecamatan Arjawinangun",04-08-2026,ICON,Open-Meteo / DWD ICON,19:00,2026-08-04 19:00:00,27.7,79.0,0.0,5.5,0.0,1.4875,Cerah Berawan,wmo:2
arjawinangun,"Arjawinangun, Cirebon",2026-08-04,32.09.24.2004,Arjawinangun,kecamatan,no,-6.6453,108.4103,Asia/Jakarta,"BMKG point: Arjawinangun, Kecamatan Arjawinangun",04-08-2026,ICON,Open-Meteo / DWD ICON,20:00,2026-08-04 20:00:00,27.0,84.0,0.0,4.4,0.0,1.4875,Cerah Berawan,wmo:2
arjawinangun,"Arjawinangun, Cirebon",2026-08-04,32.09.24.2004,Arjawinangun,kecamatan,no,-6.6453,108.4103,Asia/Jakarta,"BMKG point: Arjawinangun, Kecamatan Arjawinangun",04-08-2026,ICON,Open-Meteo / DWD ICON,21:00,2026-08-04 21:00:00,26.4,86.0,0.0,2.9,0.0,1.4875,Cerah,wmo:0
arjawinangun,"Arjawinangun, Cirebon",2026-08-04,32.09.24.2004,Arjawinangun,kecamatan,no,-6.6453,108.4103,Asia/Jakarta,"BMKG point: Arjawinangun, Kecamatan Arjawinangun",04-08-2026,ICON,Open-Meteo / DWD ICON,22:00,2026-08-04 22:00:00,25.9,85.0,0.0,2.5,0.0,1.4875,Cerah,wmo:0
arjawinangun,"Arjawinangun, Cirebon",2026-08-04,32.09.24.2004,Arjawinangun,kecamatan,no,-6.6453,108.4103,Asia/Jakarta,"BMKG point: Arjawinangun, Kecamatan Arjawinangun",04-08-2026,ICON,Open-Meteo / DWD ICON,23:00,2026-08-04 23:00:00,25.5,82.0,0.0,1.8,0.0,1.4875,Cerah Berawan,wmo:1
arjawinangun,"Arjawinangun, Cirebon",2026-08-04,32.09.24.2004,Arjawinangun,kecamatan,no,-6.6453,108.4103,Asia/Jakarta,"BMKG point: Arjawinangun, Kecamatan Arjawinangun",04-08-2026,KMA,Open-Meteo / KMA,00:00,2026-08-04 00:00:00,,,,,0.0,0.544,Berawan,wmo:None
arjawinangun,"Arjawinangun, Cirebon",2026-08-04,32.09.24.2004,Arjawinangun,kecamatan,no,-6.6453,108.4103,Asia/Jakarta,"BMKG point: Arjawinangun, Kecamatan Arjawinangun",04-08-2026,KMA,Open-Meteo / KMA,01:00,2026-08-04 01:00:00,,,,,0.0,0.544,Berawan,wmo:None
arjawinangun,"Arjawinangun, Cirebon",2026-08-04,32.09.24.2004,Arjawinangun,kecamatan,no,-6.6453,108.4103,Asia/Jakarta,"BMKG point: Arjawinangun, Kecamatan Arjawinangun",04-08-2026,KMA,Open-Meteo / KMA,02:00,2026-08-04 02:00:00,,,,,0.0,0.544,Berawan,wmo:None
arjawinangun,"Arjawinangun, Cirebon",2026-08-04,32.09.24.2004,Arjawinangun,kecamatan,no,-6.6453,108.4103,Asia/Jakarta,"BMKG point: Arjawinangun, Kecamatan Arjawinangun",04-08-2026,KMA,Open-Meteo / KMA,03:00,2026-08-04 03:00:00,,,,,0.0,0.544,Berawan,wmo:None
arjawinangun,"Arjawinangun, Cirebon",2026-08-04,32.09.24.2004,Arjawinangun,kecamatan,no,-6.6453,108.4103,Asia/Jakarta,"BMKG point: Arjawinangun, Kecamatan Arjawinangun",04-08-2026,KMA,Open-Meteo / KMA,04:00,2026-08-04 04:00:00,,,,,0.0,0.544,Berawan,wmo:None
arjawinangun,"Arjawinangun, Cirebon",2026-08-04,32.09.24.2004,Arjawinangun,kecamatan,no,-6.6453,108.4103,Asia/Jakarta,"BMKG point: Arjawinangun, Kecamatan Arjawinangun",04-08-2026,KMA,Open-Meteo / KMA,05:00,2026-08-04 05:00:00,,,,,0.0,0.544,Berawan,wmo:None
arjawinangun,"Arjawinangun, Cirebon",2026-08-04,32.09.24.2004,Arjawinangun,kecamatan,no,-6.6453,108.4103,Asia/Jakarta,"BMKG point: Arjawinangun, Kecamatan Arjawinangun",04-08-2026,KMA,Open-Meteo / KMA,06:00,2026-08-04 06:00:00,,,,,0.0,0.544,Berawan,wmo:None
arjawinangun,"Arjawinangun, Cirebon",2026-08-04,32.09.24.2004,Arjawinangun,kecamatan,no,-6.6453,108.4103,Asia/Jakarta,"BMKG point: Arjawinangun, Kecamatan Arjawinangun",04-08-2026,KMA,Open-Meteo / KMA,07:00,2026-08-04 07:00:00,,,,,0.0,0.544,Berawan,wmo:None
arjawinangun,"Arjawinangun, Cirebon",2026-08-04,32.09.24.2004,Arjawinangun,kecamatan,no,-6.6453,108.4103,Asia/Jakarta,"BMKG point: Arjawinangun, Kecamatan Arjawinangun",04-08-2026,KMA,Open-Meteo / KMA,08:00,2026-08-04 08:00:00,,,,,0.0,0.544,Berawan,wmo:None
arjawinangun,"Arjawinangun, Cirebon",2026-08-04,32.09.24.2004,Arjawinangun,kecamatan,no,-6.6453,108.4103,Asia/Jakarta,"BMKG point: Arjawinangun, Kecamatan Arjawinangun",04-08-2026,KMA,Open-Meteo / KMA,09:00,2026-08-04 09:00:00,,,,,0.0,0.544,Berawan,wmo:None
arjawinangun,"Arjawinangun, Cirebon",2026-08-04,32.09.24.2004,Arjawinangun,kecamatan,no,-6.6453,108.4103,Asia/Jakarta,"BMKG point: Arjawinangun, Kecamatan Arjawinangun",04-08-2026,KMA,Open-Meteo / KMA,10:00,2026-08-04 10:00:00,,,,,0.0,0.544,Berawan,wmo:None
arjawinangun,"Arjawinangun, Cirebon",2026-08-04,32.09.24.2004,Arjawinangun,kecamatan,no,-6.6453,108.4103,Asia/Jakarta,"BMKG point: Arjawinangun, Kecamatan Arjawinangun",04-08-2026,KMA,Open-Meteo / KMA,11:00,2026-08-04 11:00:00,,,,,0.0,0.544,Berawan,wmo:None
arjawinangun,"Arjawinangun, Cirebon",2026-08-04,32.09.24.2004,Arjawinangun,kecamatan,no,-6.6453,108.4103,Asia/Jakarta,"BMKG point: Arjawinangun, Kecamatan Arjawinangun",04-08-2026,KMA,Open-Meteo / KMA,12:00,2026-08-04 12:00:00,,,,,0.0,0.544,Berawan,wmo:None
arjawinangun,"Arjawinangun, Cirebon",2026-08-04,32.09.24.2004,Arjawinangun,kecamatan,no,-6.6453,108.4103,Asia/Jakarta,"BMKG point: Arjawinangun, Kecamatan Arjawinangun",04-08-2026,KMA,Open-Meteo / KMA,13:00,2026-08-04 13:00:00,,,,,0.0,0.544,Berawan,wmo:None
arjawinangun,"Arjawinangun, Cirebon",2026-08-04,32.09.24.2004,Arjawinangun,kecamatan,no,-6.6453,108.4103,Asia/Jakarta,"BMKG point: Arjawinangun, Kecamatan Arjawinangun",04-08-2026,KMA,Open-Meteo / KMA,14:00,2026-08-04 14:00:00,,,,,0.0,0.544,Berawan,wmo:None
arjawinangun,"Arjawinangun, Cirebon",2026-08-04,32.09.24.2004,Arjawinangun,kecamatan,no,-6.6453,108.4103,Asia/Jakarta,"BMKG point: Arjawinangun, Kecamatan Arjawinangun",04-08-2026,KMA,Open-Meteo / KMA,15:00,2026-08-04 15:00:00,,,,,0.0,0.544,Berawan,wmo:None
arjawinangun,"Arjawinangun, Cirebon",2026-08-04,32.09.24.2004,Arjawinangun,kecamatan,no,-6.6453,108.4103,Asia/Jakarta,"BMKG point: Arjawinangun, Kecamatan Arjawinangun",04-08-2026,KMA,Open-Meteo / KMA,16:00,2026-08-04 16:00:00,,,,,0.0,0.544,Berawan,wmo:None
arjawinangun,"Arjawinangun, Cirebon",2026-08-04,32.09.24.2004,Arjawinangun,kecamatan,no,-6.6453,108.4103,Asia/Jakarta,"BMKG point: Arjawinangun, Kecamatan Arjawinangun",04-08-2026,KMA,Open-Meteo / KMA,17:00,2026-08-04 17:00:00,,,,,0.0,0.544,Berawan,wmo:None
arjawinangun,"Arjawinangun, Cirebon",2026-08-04,32.09.24.2004,Arjawinangun,kecamatan,no,-6.6453,108.4103,Asia/Jakarta,"BMKG point: Arjawinangun, Kecamatan Arjawinangun",04-08-2026,KMA,Open-Meteo / KMA,18:00,2026-08-04 18:00:00,,,,,0.0,0.544,Berawan,wmo:None
arjawinangun,"Arjawinangun, Cirebon",2026-08-04,32.09.24.2004,Arjawinangun,kecamatan,no,-6.6453,108.4103,Asia/Jakarta,"BMKG point: Arjawinangun, Kecamatan Arjawinangun",04-08-2026,KMA,Open-Meteo / KMA,19:00,2026-08-04 19:00:00,,,,,0.0,0.544,Berawan,wmo:None
arjawinangun,"Arjawinangun, Cirebon",2026-08-04,32.09.24.2004,Arjawinangun,kecamatan,no,-6.6453,108.4103,Asia/Jakarta,"BMKG point: Arjawinangun, Kecamatan Arjawinangun",04-08-2026,KMA,Open-Meteo / KMA,20:00,2026-08-04 20:00:00,,,,,0.0,0.544,Berawan,wmo:None
arjawinangun,"Arjawinangun, Cirebon",2026-08-04,32.09.24.2004,Arjawinangun,kecamatan,no,-6.6453,108.4103,Asia/Jakarta,"BMKG point: Arjawinangun, Kecamatan Arjawinangun",04-08-2026,KMA,Open-Meteo / KMA,21:00,2026-08-04 21:00:00,,,,,0.0,0.544,Berawan,wmo:None
arjawinangun,"Arjawinangun, Cirebon",2026-08-04,32.09.24.2004,Arjawinangun,kecamatan,no,-6.6453,108.4103,Asia/Jakarta,"BMKG point: Arjawinangun, Kecamatan Arjawinangun",04-08-2026,KMA,Open-Meteo / KMA,22:00,2026-08-04 22:00:00,,,,,0.0,0.544,Berawan,wmo:None
arjawinangun,"Arjawinangun, Cirebon",2026-08-04,32.09.24.2004,Arjawinangun,kecamatan,no,-6.6453,108.4103,Asia/Jakarta,"BMKG point: Arjawinangun, Kecamatan Arjawinangun",04-08-2026,KMA,Open-Meteo / KMA,23:00,2026-08-04 23:00:00,,,,,0.0,0.544,Berawan,wmo:None
arjawinangun,"Arjawinangun, Cirebon",2026-08-04,32.09.24.2004,Arjawinangun,kecamatan,no,-6.6453,108.4103,Asia/Jakarta,"BMKG point: Arjawinangun, Kecamatan Arjawinangun",04-08-2026,METEOFRANCE,Open-Meteo / Meteo-France,00:00,2026-08-04 00:00:00,27.9,81.0,0.0,10.0,0.0,1.539,Berawan,wmo:3
arjawinangun,"Arjawinangun, Cirebon",2026-08-04,32.09.24.2004,Arjawinangun,kecamatan,no,-6.6453,108.4103,Asia/Jakarta,"BMKG point: Arjawinangun, Kecamatan Arjawinangun",04-08-2026,METEOFRANCE,Open-Meteo / Meteo-France,01:00,2026-08-04 01:00:00,27.7,81.0,0.0,9.5,0.0,1.539,Cerah Berawan,wmo:2
arjawinangun,"Arjawinangun, Cirebon",2026-08-04,32.09.24.2004,Arjawinangun,kecamatan,no,-6.6453,108.4103,Asia/Jakarta,"BMKG point: Arjawinangun, Kecamatan Arjawinangun",04-08-2026,METEOFRANCE,Open-Meteo / Meteo-France,02:00,2026-08-04 02:00:00,27.5,80.0,0.0,8.8,0.0,1.539,Cerah Berawan,wmo:2
arjawinangun,"Arjawinangun, Cirebon",2026-08-04,32.09.24.2004,Arjawinangun,kecamatan,no,-6.6453,108.4103,Asia/Jakarta,"BMKG point: Arjawinangun, Kecamatan Arjawinangun",04-08-2026,METEOFRANCE,Open-Meteo / Meteo-France,03:00,2026-08-04 03:00:00,27.3,79.0,0.0,7.4,0.0,1.539,Cerah Berawan,wmo:1
arjawinangun,"Arjawinangun, Cirebon",2026-08-04,32.09.24.2004,Arjawinangun,kecamatan,no,-6.6453,108.4103,Asia/Jakarta,"BMKG point: Arjawinangun, Kecamatan Arjawinangun",04-08-2026,METEOFRANCE,Open-Meteo / Meteo-France,04:00,2026-08-04 04:00:00,27.1,79.0,0.0,6.8,0.0,1.539,Cerah Berawan,wmo:1
arjawinangun,"Arjawinangun, Cirebon",2026-08-04,32.09.24.2004,Arjawinangun,kecamatan,no,-6.6453,108.4103,Asia/Jakarta,"BMKG point: Arjawinangun, Kecamatan Arjawinangun",04-08-2026,METEOFRANCE,Open-Meteo / Meteo-France,05:00,2026-08-04 05:00:00,26.8,80.0,0.0,6.7,0.0,1.539,Cerah Berawan,wmo:1
arjawinangun,"Arjawinangun, Cirebon",2026-08-04,32.09.24.2004,Arjawinangun,kecamatan,no,-6.6453,108.4103,Asia/Jakarta,"BMKG point: Arjawinangun, Kecamatan Arjawinangun",04-08-2026,METEOFRANCE,Open-Meteo / Meteo-France,06:00,2026-08-04 06:00:00,26.6,81.0,0.0,6.6,0.0,1.539,Cerah Berawan,wmo:1
arjawinangun,"Arjawinangun, Cirebon",2026-08-04,32.09.24.2004,Arjawinangun,kecamatan,no,-6.6453,108.4103,Asia/Jakarta,"BMKG point: Arjawinangun, Kecamatan Arjawinangun",04-08-2026,METEOFRANCE,Open-Meteo / Meteo-France,07:00,2026-08-04 07:00:00,26.9,80.0,0.0,6.6,0.0,1.539,Cerah Berawan,wmo:1
arjawinangun,"Arjawinangun, Cirebon",2026-08-04,32.09.24.2004,Arjawinangun,kecamatan,no,-6.6453,108.4103,Asia/Jakarta,"BMKG point: Arjawinangun, Kecamatan Arjawinangun",04-08-2026,METEOFRANCE,Open-Meteo / Meteo-France,08:00,2026-08-04 08:00:00,28.0,74.0,0.0,6.6,0.0,1.539,Cerah Berawan,wmo:1
arjawinangun,"Arjawinangun, Cirebon",2026-08-04,32.09.24.2004,Arjawinangun,kecamatan,no,-6.6453,108.4103,Asia/Jakarta,"BMKG point: Arjawinangun, Kecamatan Arjawinangun",04-08-2026,METEOFRANCE,Open-Meteo / Meteo-France,09:00,2026-08-04 09:00:00,29.7,65.0,0.0,7.7,0.0,1.539,Cerah Berawan,wmo:1
arjawinangun,"Arjawinangun, Cirebon",2026-08-04,32.09.24.2004,Arjawinangun,kecamatan,no,-6.6453,108.4103,Asia/Jakarta,"BMKG point: Arjawinangun, Kecamatan Arjawinangun",04-08-2026,METEOFRANCE,Open-Meteo / Meteo-France,10:00,2026-08-04 10:00:00,31.3,57.0,0.0,8.9,0.0,1.539,Cerah Berawan,wmo:1
arjawinangun,"Arjawinangun, Cirebon",2026-08-04,32.09.24.2004,Arjawinangun,kecamatan,no,-6.6453,108.4103,Asia/Jakarta,"BMKG point: Arjawinangun, Kecamatan Arjawinangun",04-08-2026,METEOFRANCE,Open-Meteo / Meteo-France,11:00,2026-08-04 11:00:00,32.6,51.0,0.0,10.5,0.0,1.539,Cerah Berawan,wmo:1
arjawinangun,"Arjawinangun, Cirebon",2026-08-04,32.09.24.2004,Arjawinangun,kecamatan,no,-6.6453,108.4103,Asia/Jakarta,"BMKG point: Arjawinangun, Kecamatan Arjawinangun",04-08-2026,METEOFRANCE,Open-Meteo / Meteo-France,12:00,2026-08-04 12:00:00,33.7,46.0,0.0,12.3,0.0,1.539,Cerah Berawan,wmo:1
arjawinangun,"Arjawinangun, Cirebon",2026-08-04,32.09.24.2004,Arjawinangun,kecamatan,no,-6.6453,108.4103,Asia/Jakarta,"BMKG point: Arjawinangun, Kecamatan Arjawinangun",04-08-2026,METEOFRANCE,Open-Meteo / Meteo-France,13:00,2026-08-04 13:00:00,34.4,43.0,0.0,14.2,0.0,1.539,Cerah Berawan,wmo:1
arjawinangun,"Arjawinangun, Cirebon",2026-08-04,32.09.24.2004,Arjawinangun,kecamatan,no,-6.6453,108.4103,Asia/Jakarta,"BMKG point: Arjawinangun, Kecamatan Arjawinangun",04-08-2026,METEOFRANCE,Open-Meteo / Meteo-France,14:00,2026-08-04 14:00:00,34.2,44.0,0.0,15.6,0.0,1.539,Cerah Berawan,wmo:2
arjawinangun,"Arjawinangun, Cirebon",2026-08-04,32.09.24.2004,Arjawinangun,kecamatan,no,-6.6453,108.4103,Asia/Jakarta,"BMKG point: Arjawinangun, Kecamatan Arjawinangun",04-08-2026,METEOFRANCE,Open-Meteo / Meteo-France,15:00,2026-08-04 15:00:00,33.5,48.0,0.0,17.1,0.0,1.539,Cerah Berawan,wmo:2
arjawinangun,"Arjawinangun, Cirebon",2026-08-04,32.09.24.2004,Arjawinangun,kecamatan,no,-6.6453,108.4103,Asia/Jakarta,"BMKG point: Arjawinangun, Kecamatan Arjawinangun",04-08-2026,METEOFRANCE,Open-Meteo / Meteo-France,16:00,2026-08-04 16:00:00,32.6,53.0,0.0,17.5,0.0,1.539,Berawan,wmo:3
arjawinangun,"Arjawinangun, Cirebon",2026-08-04,32.09.24.2004,Arjawinangun,kecamatan,no,-6.6453,108.4103,Asia/Jakarta,"BMKG point: Arjawinangun, Kecamatan Arjawinangun",04-08-2026,METEOFRANCE,Open-Meteo / Meteo-France,17:00,2026-08-04 17:00:00,31.4,60.0,0.0,15.5,0.0,1.539,Berawan,wmo:3
arjawinangun,"Arjawinangun, Cirebon",2026-08-04,32.09.24.2004,Arjawinangun,kecamatan,no,-6.6453,108.4103,Asia/Jakarta,"BMKG point: Arjawinangun, Kecamatan Arjawinangun",04-08-2026,METEOFRANCE,Open-Meteo / Meteo-France,18:00,2026-08-04 18:00:00,30.0,68.0,0.0,11.9,0.0,1.539,Berawan,wmo:3
arjawinangun,"Arjawinangun, Cirebon",2026-08-04,32.09.24.2004,Arjawinangun,kecamatan,no,-6.6453,108.4103,Asia/Jakarta,"BMKG point: Arjawinangun, Kecamatan Arjawinangun",04-08-2026,METEOFRANCE,Open-Meteo / Meteo-France,19:00,2026-08-04 19:00:00,28.9,73.0,0.0,8.9,0.0,1.539,Berawan,wmo:3
arjawinangun,"Arjawinangun, Cirebon",2026-08-04,32.09.24.2004,Arjawinangun,kecamatan,no,-6.6453,108.4103,Asia/Jakarta,"BMKG point: Arjawinangun, Kecamatan Arjawinangun",04-08-2026,METEOFRANCE,Open-Meteo / Meteo-France,20:00,2026-08-04 20:00:00,28.3,73.0,0.0,7.1,0.0,1.539,Cerah Berawan,wmo:2
arjawinangun,"Arjawinangun, Cirebon",2026-08-04,32.09.24.2004,Arjawinangun,kecamatan,no,-6.6453,108.4103,Asia/Jakarta,"BMKG point: Arjawinangun, Kecamatan Arjawinangun",04-08-2026,METEOFRANCE,Open-Meteo / Meteo-France,21:00,2026-08-04 21:00:00,28.1,70.0,0.0,7.9,0.0,1.539,Cerah Berawan,wmo:2
arjawinangun,"Arjawinangun, Cirebon",2026-08-04,32.09.24.2004,Arjawinangun,kecamatan,no,-6.6453,108.4103,Asia/Jakarta,"BMKG point: Arjawinangun, Kecamatan Arjawinangun",04-08-2026,METEOFRANCE,Open-Meteo / Meteo-France,22:00,2026-08-04 22:00:00,27.8,67.0,0.0,9.8,0.0,1.539,Cerah Berawan,wmo:2
arjawinangun,"Arjawinangun, Cirebon",2026-08-04,32.09.24.2004,Arjawinangun,kecamatan,no,-6.6453,108.4103,Asia/Jakarta,"BMKG point: Arjawinangun, Kecamatan Arjawinangun",04-08-2026,METEOFRANCE,Open-Meteo / Meteo-France,23:00,2026-08-04 23:00:00,27.4,65.0,0.0,11.2,0.0,1.539,Cerah Berawan,wmo:2
arjawinangun,"Arjawinangun, Cirebon",2026-08-04,32.09.24.2004,Arjawinangun,kecamatan,no,-6.6453,108.4103,Asia/Jakarta,"BMKG point: Arjawinangun, Kecamatan Arjawinangun",04-08-2026,METNO,MET Norway,00:00,2026-08-04 00:00:00,26.6,81.5,0.0,7.2,0.0,1.3859,Cerah Berawan,fair_night
arjawinangun,"Arjawinangun, Cirebon",2026-08-04,32.09.24.2004,Arjawinangun,kecamatan,no,-6.6453,108.4103,Asia/Jakarta,"BMKG point: Arjawinangun, Kecamatan Arjawinangun",04-08-2026,METNO,MET Norway,01:00,2026-08-04 01:00:00,26.2,84.4,0.0,7.56,0.0,1.3859,Cerah Berawan,fair_night
arjawinangun,"Arjawinangun, Cirebon",2026-08-04,32.09.24.2004,Arjawinangun,kecamatan,no,-6.6453,108.4103,Asia/Jakarta,"BMKG point: Arjawinangun, Kecamatan Arjawinangun",04-08-2026,METNO,MET Norway,02:00,2026-08-04 02:00:00,25.7,87.4,0.0,7.92,0.0,1.3859,Cerah Berawan,fair_night
arjawinangun,"Arjawinangun, Cirebon",2026-08-04,32.09.24.2004,Arjawinangun,kecamatan,no,-6.6453,108.4103,Asia/Jakarta,"BMKG point: Arjawinangun, Kecamatan Arjawinangun",04-08-2026,METNO,MET Norway,03:00,2026-08-04 03:00:00,25.2,90.3,0.0,8.28,0.0,1.3859,Cerah Berawan,partlycloudy_night
arjawinangun,"Arjawinangun, Cirebon",2026-08-04,32.09.24.2004,Arjawinangun,kecamatan,no,-6.6453,108.4103,Asia/Jakarta,"BMKG point: Arjawinangun, Kecamatan Arjawinangun",04-08-2026,METNO,MET Norway,04:00,2026-08-04 04:00:00,24.8,92.6,0.0,7.56,0.0,1.3859,Cerah Berawan,fair_night
arjawinangun,"Arjawinangun, Cirebon",2026-08-04,32.09.24.2004,Arjawinangun,kecamatan,no,-6.6453,108.4103,Asia/Jakarta,"BMKG point: Arjawinangun, Kecamatan Arjawinangun",04-08-2026,METNO,MET Norway,05:00,2026-08-04 05:00:00,24.5,94.3,0.0,5.4,0.0,1.3859,Cerah,clearsky_night
arjawinangun,"Arjawinangun, Cirebon",2026-08-04,32.09.24.2004,Arjawinangun,kecamatan,no,-6.6453,108.4103,Asia/Jakarta,"BMKG point: Arjawinangun, Kecamatan Arjawinangun",04-08-2026,METNO,MET Norway,06:00,2026-08-04 06:00:00,24.2,95.2,0.0,6.12,0.0,1.3859,Cerah,clearsky_day
arjawinangun,"Arjawinangun, Cirebon",2026-08-04,32.09.24.2004,Arjawinangun,kecamatan,no,-6.6453,108.4103,Asia/Jakarta,"BMKG point: Arjawinangun, Kecamatan Arjawinangun",04-08-2026,METNO,MET Norway,07:00,2026-08-04 07:00:00,25.6,86.4,0.0,7.56,0.0,1.3859,Cerah,clearsky_day
arjawinangun,"Arjawinangun, Cirebon",2026-08-04,32.09.24.2004,Arjawinangun,kecamatan,no,-6.6453,108.4103,Asia/Jakarta,"BMKG point: Arjawinangun, Kecamatan Arjawinangun",04-08-2026,METNO,MET Norway,08:00,2026-08-04 08:00:00,27.5,72.7,0.0,6.48,0.0,1.3859,Cerah,clearsky_day
arjawinangun,"Arjawinangun, Cirebon",2026-08-04,32.09.24.2004,Arjawinangun,kecamatan,no,-6.6453,108.4103,Asia/Jakarta,"BMKG point: Arjawinangun, Kecamatan Arjawinangun",04-08-2026,METNO,MET Norway,09:00,2026-08-04 09:00:00,29.4,64.0,0.0,6.12,0.0,1.3859,Cerah,clearsky_day
arjawinangun,"Arjawinangun, Cirebon",2026-08-04,32.09.24.2004,Arjawinangun,kecamatan,no,-6.6453,108.4103,Asia/Jakarta,"BMKG point: Arjawinangun, Kecamatan Arjawinangun",04-08-2026,METNO,MET Norway,10:00,2026-08-04 10:00:00,31.0,56.3,0.0,7.56,0.0,1.3859,Cerah,clearsky_day
arjawinangun,"Arjawinangun, Cirebon",2026-08-04,32.09.24.2004,Arjawinangun,kecamatan,no,-6.6453,108.4103,Asia/Jakarta,"BMKG point: Arjawinangun, Kecamatan Arjawinangun",04-08-2026,METNO,MET Norway,11:00,2026-08-04 11:00:00,32.4,50.6,0.0,10.8,0.0,1.3859,Cerah Berawan,fair_day
arjawinangun,"Arjawinangun, Cirebon",2026-08-04,32.09.24.2004,Arjawinangun,kecamatan,no,-6.6453,108.4103,Asia/Jakarta,"BMKG point: Arjawinangun, Kecamatan Arjawinangun",04-08-2026,METNO,MET Norway,12:00,2026-08-04 12:00:00,33.5,45.4,0.0,14.4,0.0,1.3859,Cerah Berawan,fair_day
arjawinangun,"Arjawinangun, Cirebon",2026-08-04,32.09.24.2004,Arjawinangun,kecamatan,no,-6.6453,108.4103,Asia/Jakarta,"BMKG point: Arjawinangun, Kecamatan Arjawinangun",04-08-2026,METNO,MET Norway,13:00,2026-08-04 13:00:00,33.7,44.3,0.4,13.68,0.0,1.3859,Hujan Ringan,rainshowers_day
arjawinangun,"Arjawinangun, Cirebon",2026-08-04,32.09.24.2004,Arjawinangun,kecamatan,no,-6.6453,108.4103,Asia/Jakarta,"BMKG point: Arjawinangun, Kecamatan Arjawinangun",04-08-2026,METNO,MET Norway,14:00,2026-08-04 14:00:00,32.8,49.0,0.4,14.76,0.0,1.3859,Hujan Ringan,rainshowers_day
arjawinangun,"Arjawinangun, Cirebon",2026-08-04,32.09.24.2004,Arjawinangun,kecamatan,no,-6.6453,108.4103,Asia/Jakarta,"BMKG point: Arjawinangun, Kecamatan Arjawinangun",04-08-2026,METNO,MET Norway,15:00,2026-08-04 15:00:00,32.0,54.8,0.2,15.48,0.0,1.3859,Hujan Ringan,lightrainshowers_day
arjawinangun,"Arjawinangun, Cirebon",2026-08-04,32.09.24.2004,Arjawinangun,kecamatan,no,-6.6453,108.4103,Asia/Jakarta,"BMKG point: Arjawinangun, Kecamatan Arjawinangun",04-08-2026,METNO,MET Norway,16:00,2026-08-04 16:00:00,30.8,60.0,0.0,17.64,0.0,1.3859,Cerah Berawan,partlycloudy_day
arjawinangun,"Arjawinangun, Cirebon",2026-08-04,32.09.24.2004,Arjawinangun,kecamatan,no,-6.6453,108.4103,Asia/Jakarta,"BMKG point: Arjawinangun, Kecamatan Arjawinangun",04-08-2026,METNO,MET Norway,17:00,2026-08-04 17:00:00,29.6,65.1,0.0,14.76,0.0,1.3859,Cerah Berawan,partlycloudy_day
arjawinangun,"Arjawinangun, Cirebon",2026-08-04,32.09.24.2004,Arjawinangun,kecamatan,no,-6.6453,108.4103,Asia/Jakarta,"BMKG point: Arjawinangun, Kecamatan Arjawinangun",04-08-2026,METNO,MET Norway,18:00,2026-08-04 18:00:00,28.5,71.9,0.0,11.16,0.0,1.3859,Cerah,clearsky_night
arjawinangun,"Arjawinangun, Cirebon",2026-08-04,32.09.24.2004,Arjawinangun,kecamatan,no,-6.6453,108.4103,Asia/Jakarta,"BMKG point: Arjawinangun, Kecamatan Arjawinangun",04-08-2026,METNO,MET Norway,19:00,2026-08-04 19:00:00,28.0,76.4,0.0,7.92,0.0,1.3859,Cerah,clearsky_night
arjawinangun,"Arjawinangun, Cirebon",2026-08-04,32.09.24.2004,Arjawinangun,kecamatan,no,-6.6453,108.4103,Asia/Jakarta,"BMKG point: Arjawinangun, Kecamatan Arjawinangun",04-08-2026,METNO,MET Norway,20:00,2026-08-04 20:00:00,27.7,79.3,0.0,6.84,0.0,1.3859,Cerah,clearsky_night
arjawinangun,"Arjawinangun, Cirebon",2026-08-04,32.09.24.2004,Arjawinangun,kecamatan,no,-6.6453,108.4103,Asia/Jakarta,"BMKG point: Arjawinangun, Kecamatan Arjawinangun",04-08-2026,METNO,MET Norway,21:00,2026-08-04 21:00:00,27.4,81.2,0.0,8.28,0.0,1.3859,Cerah Berawan,fair_night
arjawinangun,"Arjawinangun, Cirebon",2026-08-04,32.09.24.2004,Arjawinangun,kecamatan,no,-6.6453,108.4103,Asia/Jakarta,"BMKG point: Arjawinangun, Kecamatan Arjawinangun",04-08-2026,METNO,MET Norway,22:00,2026-08-04 22:00:00,26.8,83.4,0.0,8.64,0.0,1.3859,Cerah,clearsky_night
arjawinangun,"Arjawinangun, Cirebon",2026-08-04,32.09.24.2004,Arjawinangun,kecamatan,no,-6.6453,108.4103,Asia/Jakarta,"BMKG point: Arjawinangun, Kecamatan Arjawinangun",04-08-2026,METNO,MET Norway,23:00,2026-08-04 23:00:00,26.2,85.4,0.0,9.0,0.0,1.3859,Cerah,clearsky_night
arjawinangun,"Arjawinangun, Cirebon",2026-08-04,32.09.24.2004,Arjawinangun,kecamatan,no,-6.6453,108.4103,Asia/Jakarta,"BMKG point: Arjawinangun, Kecamatan Arjawinangun",04-08-2026,UKMO,Open-Meteo / UK Met Office,00:00,2026-08-04 00:00:00,24.9,93.0,0.3,3.6,0.0,1.3376,Hujan Ringan,wmo:51
arjawinangun,"Arjawinangun, Cirebon",2026-08-04,32.09.24.2004,Arjawinangun,kecamatan,no,-6.6453,108.4103,Asia/Jakarta,"BMKG point: Arjawinangun, Kecamatan Arjawinangun",04-08-2026,UKMO,Open-Meteo / UK Met Office,01:00,2026-08-04 01:00:00,24.6,95.0,0.2,2.2,0.0,1.3376,Hujan Ringan,wmo:51
arjawinangun,"Arjawinangun, Cirebon",2026-08-04,32.09.24.2004,Arjawinangun,kecamatan,no,-6.6453,108.4103,Asia/Jakarta,"BMKG point: Arjawinangun, Kecamatan Arjawinangun",04-08-2026,UKMO,Open-Meteo / UK Met Office,02:00,2026-08-04 02:00:00,23.7,97.0,0.0,1.1,0.0,1.3376,Cerah,wmo:0
arjawinangun,"Arjawinangun, Cirebon",2026-08-04,32.09.24.2004,Arjawinangun,kecamatan,no,-6.6453,108.4103,Asia/Jakarta,"BMKG point: Arjawinangun, Kecamatan Arjawinangun",04-08-2026,UKMO,Open-Meteo / UK Met Office,03:00,2026-08-04 03:00:00,23.9,96.0,0.0,1.4,0.0,1.3376,Cerah,wmo:0
arjawinangun,"Arjawinangun, Cirebon",2026-08-04,32.09.24.2004,Arjawinangun,kecamatan,no,-6.6453,108.4103,Asia/Jakarta,"BMKG point: Arjawinangun, Kecamatan Arjawinangun",04-08-2026,UKMO,Open-Meteo / UK Met Office,04:00,2026-08-04 04:00:00,23.5,95.0,0.0,2.9,0.0,1.3376,Cerah,wmo:0
arjawinangun,"Arjawinangun, Cirebon",2026-08-04,32.09.24.2004,Arjawinangun,kecamatan,no,-6.6453,108.4103,Asia/Jakarta,"BMKG point: Arjawinangun, Kecamatan Arjawinangun",04-08-2026,UKMO,Open-Meteo / UK Met Office,05:00,2026-08-04 05:00:00,23.0,96.0,0.0,2.9,0.0,1.3376,Cerah,wmo:0
arjawinangun,"Arjawinangun, Cirebon",2026-08-04,32.09.24.2004,Arjawinangun,kecamatan,no,-6.6453,108.4103,Asia/Jakarta,"BMKG point: Arjawinangun, Kecamatan Arjawinangun",04-08-2026,UKMO,Open-Meteo / UK Met Office,06:00,2026-08-04 06:00:00,23.2,96.0,0.0,1.4,0.0,1.3376,Cerah Berawan,wmo:1
arjawinangun,"Arjawinangun, Cirebon",2026-08-04,32.09.24.2004,Arjawinangun,kecamatan,no,-6.6453,108.4103,Asia/Jakarta,"BMKG point: Arjawinangun, Kecamatan Arjawinangun",04-08-2026,UKMO,Open-Meteo / UK Met Office,07:00,2026-08-04 07:00:00,24.0,92.0,0.0,1.1,0.0,1.3376,Cerah,wmo:0
arjawinangun,"Arjawinangun, Cirebon",2026-08-04,32.09.24.2004,Arjawinangun,kecamatan,no,-6.6453,108.4103,Asia/Jakarta,"BMKG point: Arjawinangun, Kecamatan Arjawinangun",04-08-2026,UKMO,Open-Meteo / UK Met Office,08:00,2026-08-04 08:00:00,25.4,85.0,0.0,4.0,0.0,1.3376,Cerah,wmo:0
arjawinangun,"Arjawinangun, Cirebon",2026-08-04,32.09.24.2004,Arjawinangun,kecamatan,no,-6.6453,108.4103,Asia/Jakarta,"BMKG point: Arjawinangun, Kecamatan Arjawinangun",04-08-2026,UKMO,Open-Meteo / UK Met Office,09:00,2026-08-04 09:00:00,27.2,75.0,0.0,7.9,0.0,1.3376,Cerah Berawan,wmo:1
arjawinangun,"Arjawinangun, Cirebon",2026-08-04,32.09.24.2004,Arjawinangun,kecamatan,no,-6.6453,108.4103,Asia/Jakarta,"BMKG point: Arjawinangun, Kecamatan Arjawinangun",04-08-2026,UKMO,Open-Meteo / UK Met Office,10:00,2026-08-04 10:00:00,28.8,66.0,0.0,11.5,0.0,1.3376,Cerah Berawan,wmo:1
arjawinangun,"Arjawinangun, Cirebon",2026-08-04,32.09.24.2004,Arjawinangun,kecamatan,no,-6.6453,108.4103,Asia/Jakarta,"BMKG point: Arjawinangun, Kecamatan Arjawinangun",04-08-2026,UKMO,Open-Meteo / UK Met Office,11:00,2026-08-04 11:00:00,29.8,60.0,0.0,14.0,0.0,1.3376,Cerah Berawan,wmo:1
arjawinangun,"Arjawinangun, Cirebon",2026-08-04,32.09.24.2004,Arjawinangun,kecamatan,no,-6.6453,108.4103,Asia/Jakarta,"BMKG point: Arjawinangun, Kecamatan Arjawinangun",04-08-2026,UKMO,Open-Meteo / UK Met Office,12:00,2026-08-04 12:00:00,30.5,56.0,0.0,16.2,0.0,1.3376,Cerah,wmo:0
arjawinangun,"Arjawinangun, Cirebon",2026-08-04,32.09.24.2004,Arjawinangun,kecamatan,no,-6.6453,108.4103,Asia/Jakarta,"BMKG point: Arjawinangun, Kecamatan Arjawinangun",04-08-2026,UKMO,Open-Meteo / UK Met Office,13:00,2026-08-04 13:00:00,30.9,53.0,0.0,17.6,0.0,1.3376,Cerah,wmo:0
arjawinangun,"Arjawinangun, Cirebon",2026-08-04,32.09.24.2004,Arjawinangun,kecamatan,no,-6.6453,108.4103,Asia/Jakarta,"BMKG point: Arjawinangun, Kecamatan Arjawinangun",04-08-2026,UKMO,Open-Meteo / UK Met Office,14:00,2026-08-04 14:00:00,30.9,53.0,0.0,16.2,0.0,1.3376,Cerah,wmo:0
arjawinangun,"Arjawinangun, Cirebon",2026-08-04,32.09.24.2004,Arjawinangun,kecamatan,no,-6.6453,108.4103,Asia/Jakarta,"BMKG point: Arjawinangun, Kecamatan Arjawinangun",04-08-2026,UKMO,Open-Meteo / UK Met Office,15:00,2026-08-04 15:00:00,30.5,55.0,0.0,16.6,0.0,1.3376,Cerah,wmo:0
arjawinangun,"Arjawinangun, Cirebon",2026-08-04,32.09.24.2004,Arjawinangun,kecamatan,no,-6.6453,108.4103,Asia/Jakarta,"BMKG point: Arjawinangun, Kecamatan Arjawinangun",04-08-2026,UKMO,Open-Meteo / UK Met Office,16:00,2026-08-04 16:00:00,29.9,58.0,0.0,15.8,0.0,1.3376,Cerah,wmo:0
arjawinangun,"Arjawinangun, Cirebon",2026-08-04,32.09.24.2004,Arjawinangun,kecamatan,no,-6.6453,108.4103,Asia/Jakarta,"BMKG point: Arjawinangun, Kecamatan Arjawinangun",04-08-2026,UKMO,Open-Meteo / UK Met Office,17:00,2026-08-04 17:00:00,29.1,63.0,0.0,13.3,0.0,1.3376,Cerah,wmo:0
arjawinangun,"Arjawinangun, Cirebon",2026-08-04,32.09.24.2004,Arjawinangun,kecamatan,no,-6.6453,108.4103,Asia/Jakarta,"BMKG point: Arjawinangun, Kecamatan Arjawinangun",04-08-2026,UKMO,Open-Meteo / UK Met Office,18:00,2026-08-04 18:00:00,28.1,70.0,0.0,10.1,0.0,1.3376,Cerah,wmo:0
arjawinangun,"Arjawinangun, Cirebon",2026-08-04,32.09.24.2004,Arjawinangun,kecamatan,no,-6.6453,108.4103,Asia/Jakarta,"BMKG point: Arjawinangun, Kecamatan Arjawinangun",04-08-2026,UKMO,Open-Meteo / UK Met Office,19:00,2026-08-04 19:00:00,27.3,75.0,0.0,7.6,0.0,1.3376,Cerah,wmo:0
arjawinangun,"Arjawinangun, Cirebon",2026-08-04,32.09.24.2004,Arjawinangun,kecamatan,no,-6.6453,108.4103,Asia/Jakarta,"BMKG point: Arjawinangun, Kecamatan Arjawinangun",04-08-2026,UKMO,Open-Meteo / UK Met Office,20:00,2026-08-04 20:00:00,26.9,78.0,0.0,6.8,0.0,1.3376,Cerah Berawan,wmo:1
arjawinangun,"Arjawinangun, Cirebon",2026-08-04,32.09.24.2004,Arjawinangun,kecamatan,no,-6.6453,108.4103,Asia/Jakarta,"BMKG point: Arjawinangun, Kecamatan Arjawinangun",04-08-2026,UKMO,Open-Meteo / UK Met Office,21:00,2026-08-04 21:00:00,26.7,79.0,0.0,6.8,0.0,1.3376,Cerah Berawan,wmo:2
arjawinangun,"Arjawinangun, Cirebon",2026-08-04,32.09.24.2004,Arjawinangun,kecamatan,no,-6.6453,108.4103,Asia/Jakarta,"BMKG point: Arjawinangun, Kecamatan Arjawinangun",04-08-2026,UKMO,Open-Meteo / UK Met Office,22:00,2026-08-04 22:00:00,26.4,80.0,0.0,6.8,0.0,1.3376,Berawan,wmo:3
arjawinangun,"Arjawinangun, Cirebon",2026-08-04,32.09.24.2004,Arjawinangun,kecamatan,no,-6.6453,108.4103,Asia/Jakarta,"BMKG point: Arjawinangun, Kecamatan Arjawinangun",04-08-2026,UKMO,Open-Meteo / UK Met Office,23:00,2026-08-04 23:00:00,25.9,81.0,0.0,6.8,0.0,1.3376,Cerah Berawan,wmo:2
