{
  "type": "FeatureCollection",
  "features": [
    {
      "type": "Feature",
      "geometry": {
        "type": "Point",
        "coordinates": [
          108.4103,
          -6.6453
        ]
      },
      "properties": {
        "location_name": "Arjawinangun",
        "slug": "arjawinangun",
        "date": "Minggu, 4 Oktober 2026",
        "date_iso": "2026-10-04",
        "relative": "Hari ini",
        "hour": "00:00",
        "rain_probability": 50.0,
        "risk_score": 50,
        "risk_class": "watch",
        "risk_label": "Perlu diperhatikan",
        "condition": "Potensi hujan",
        "temp_c": null,
        "humidity_pct": null,
        "heat_index_c": null,
        "wind_kmh": 0.0,
        "wind_dir": 0.0,
        "cloud_pct": 85.0
      }
    },
    {
      "type": "Feature",
      "geometry": {
        "type": "Point",
        "coordinates": [
          108.4103,
          -6.6453
        ]
      },
      "properties": {
        "location_name": "Arjawinangun",
        "slug": "arjawinangun",
        "date": "Minggu, 4 Oktober 2026",
        "date_iso": "2026-10-04",
        "relative": "Hari ini",
        "hour": "01:00",
        "rain_probability": 50.0,
        "risk_score": 50,
        "risk_class": "watch",
        "risk_label": "Perlu diperhatikan",
        "condition": "Potensi hujan",
        "temp_c": null,
        "humidity_pct": null,
        "heat_index_c": null,
        "wind_kmh": 0.0,
        "wind_dir": 0.0,
        "cloud_pct": 85.0
      }
    },
    {
      "type": "Feature",
      "geometry": {
        "type": "Point",
        "coordinates": [
          108.4103,
          -6.6453
        ]
      },
      "properties": {
        "location_name": "Arjawinangun",
        "slug": "arjawinangun",
        "date": "Minggu, 4 Oktober 2026",
        "date_iso": "2026-10-04",
        "relative": "Hari ini",
        "hour": "02:00",
        "rain_probability": null,
        "risk_score": 7,
        "risk_class": "limited",
        "risk_label": "Data terbatas",
        "condition": "Data terbatas",
        "temp_c": null,
        "humidity_pct": null,
        "heat_index_c": null,
        "wind_kmh": 0.0,
        "wind_dir": 0.0,
        "cloud_pct": 15.0
      }
    },
    {
      "type": "Feature",
      "geometry": {
        "type": "Point",
        "coordinates": [
          108.4103,
          -6.6453
        ]
      },
      "properties": {
        "location_name": "Arjawinangun",
        "slug": "arjawinangun",
        "date": "Minggu, 4 Oktober 2026",
        "date_iso": "2026-10-04",
        "relative": "Hari ini",
        "hour": "03:00",
        "rain_probability": null,
        "risk_score": 7,
        "risk_class": "limited",
        "risk_label": "Data terbatas",
        "condition": "Data terbatas",
        "temp_c": null,
        "humidity_pct": null,
        "heat_index_c": null,
        "wind_kmh": 0.0,
        "wind_dir": 0.0,
        "cloud_pct": 15.0
      }
    },
    {
      "type": "Feature",
      "geometry": {
        "type": "Point",
        "coordinates": [
          108.4103,
          -6.6453
        ]
      },
      "properties": {
        "location_name": "Arjawinangun",
        "slug": "arjawinangun",
        "date": "Minggu, 4 Oktober 2026",
        "date_iso": "2026-10-04",
        "relative": "Hari ini",
        "hour": "04:00",
        "rain_probability": null,
        "risk_score": 7,
        "risk_class": "limited",
        "risk_label": "Data terbatas",
        "condition": "Data terbatas",
        "temp_c": null,
        "humidity_pct": null,
        "heat_index_c": null,
        "wind_kmh": 0.0,
        "wind_dir": 0.0,
        "cloud_pct": 15.0
      }
    },
    {
      "type": "Feature",
      "geometry": {
        "type": "Point",
        "coordinates": [
          108.4103,
          -6.6453
        ]
      },
      "properties": {
        "location_name": "Arjawinangun",
        "slug": "arjawinangun",
        "date": "Minggu, 4 Oktober 2026",
        "date_iso": "2026-10-04",
        "relative": "Hari ini",
        "hour": "05:00",
        "rain_probability": null,
        "risk_score": 7,
        "risk_class": "limited",
        "risk_label": "Data terbatas",
        "condition": "Data terbatas",
        "temp_c": null,
        "humidity_pct": null,
        "heat_index_c": null,
        "wind_kmh": 0.0,
        "wind_dir": 0.0,
        "cloud_pct": 15.0
      }
    },
    {
      "type": "Feature",
      "geometry": {
        "type": "Point",
        "coordinates": [
          108.4103,
          -6.6453
        ]
      },
      "properties": {
        "location_name": "Arjawinangun",
        "slug": "arjawinangun",
        "date": "Minggu, 4 Oktober 2026",
        "date_iso": "2026-10-04",
        "relative": "Hari ini",
        "hour": "06:00",
        "rain_probability": null,
        "risk_score": 7,
        "risk_class": "limited",
        "risk_label": "Data terbatas",
        "condition": "Data terbatas",
        "temp_c": null,
        "humidity_pct": null,
        "heat_index_c": null,
        "wind_kmh": 0.0,
        "wind_dir": 0.0,
        "cloud_pct": 15.0
      }
    },
    {
      "type": "Feature",
      "geometry": {
        "type": "Point",
        "coordinates": [
          108.4103,
          -6.6453
        ]
      },
      "properties": {
        "location_name": "Arjawinangun",
        "slug": "arjawinangun",
        "date": "Minggu, 4 Oktober 2026",
        "date_iso": "2026-10-04",
        "relative": "Hari ini",
        "hour": "07:00",
        "rain_probability": null,
        "risk_score": 7,
        "risk_class": "limited",
        "risk_label": "Data terbatas",
        "condition": "Data terbatas",
        "temp_c": null,
        "humidity_pct": null,
        "heat_index_c": null,
        "wind_kmh": 0.0,
        "wind_dir": 0.0,
        "cloud_pct": 15.0
      }
    },
    {
      "type": "Feature",
      "geometry": {
        "type": "Point",
        "coordinates": [
          108.4103,
          -6.6453
        ]
      },
      "properties": {
        "location_name": "Arjawinangun",
        "slug": "arjawinangun",
        "date": "Minggu, 4 Oktober 2026",
        "date_iso": "2026-10-04",
        "relative": "Hari ini",
        "hour": "08:00",
        "rain_probability": null,
        "risk_score": 52,
        "risk_class": "watch",
        "risk_label": "Perlu diperhatikan",
        "condition": "Berawan",
        "temp_c": 37.0,
        "humidity_pct": 31.0,
        "heat_index_c": 37.0,
        "wind_kmh": 15.0,
        "wind_dir": 0.0,
        "cloud_pct": 75.0
      }
    },
    {
      "type": "Feature",
      "geometry": {
        "type": "Point",
        "coordinates": [
          108.4103,
          -6.6453
        ]
      },
      "properties": {
        "location_name": "Arjawinangun",
        "slug": "arjawinangun",
        "date": "Minggu, 4 Oktober 2026",
        "date_iso": "2026-10-04",
        "relative": "Hari ini",
        "hour": "09:00",
        "rain_probability": null,
        "risk_score": 38,
        "risk_class": "watch",
        "risk_label": "Perlu diperhatikan",
        "condition": "Cerah Berawan",
        "temp_c": 35.2,
        "humidity_pct": 35.0,
        "heat_index_c": 35.2,
        "wind_kmh": 16.92,
        "wind_dir": 0.0,
        "cloud_pct": 45.0
      }
    },
    {
      "type": "Feature",
      "geometry": {
        "type": "Point",
        "coordinates": [
          108.4103,
          -6.6453
        ]
      },
      "properties": {
        "location_name": "Arjawinangun",
        "slug": "arjawinangun",
        "date": "Minggu, 4 Oktober 2026",
        "date_iso": "2026-10-04",
        "relative": "Hari ini",
        "hour": "10:00",
        "rain_probability": null,
        "risk_score": 38,
        "risk_class": "watch",
        "risk_label": "Perlu diperhatikan",
        "condition": "Cerah Berawan",
        "temp_c": 35.2,
        "humidity_pct": 35.0,
        "heat_index_c": 35.2,
        "wind_kmh": 16.92,
        "wind_dir": 0.0,
        "cloud_pct": 45.0
      }
    },
    {
      "type": "Feature",
      "geometry": {
        "type": "Point",
        "coordinates": [
          108.4103,
          -6.6453
        ]
      },
      "properties": {
        "location_name": "Arjawinangun",
        "slug": "arjawinangun",
        "date": "Minggu, 4 Oktober 2026",
        "date_iso": "2026-10-04",
        "relative": "Hari ini",
        "hour": "11:00",
        "rain_probability": null,
        "risk_score": 52,
        "risk_class": "watch",
        "risk_label": "Perlu diperhatikan",
        "condition": "Berawan",
        "temp_c": 37.0,
        "humidity_pct": 31.0,
        "heat_index_c": 37.0,
        "wind_kmh": 15.0,
        "wind_dir": 0.0,
        "cloud_pct": 75.0
      }
    },
    {
      "type": "Feature",
      "geometry": {
        "type": "Point",
        "coordinates": [
          108.4103,
          -6.6453
        ]
      },
      "properties": {
        "location_name": "Arjawinangun",
        "slug": "arjawinangun",
        "date": "Minggu, 4 Oktober 2026",
        "date_iso": "2026-10-04",
        "relative": "Hari ini",
        "hour": "12:00",
        "rain_probability": 50.0,
        "risk_score": 52,
        "risk_class": "watch",
        "risk_label": "Perlu diperhatikan",
        "condition": "Cerah Berawan",
        "temp_c": 36.6,
        "humidity_pct": 34.0,
        "heat_index_c": 36.6,
        "wind_kmh": 18.0,
        "wind_dir": 0.0,
        "cloud_pct": 45.0
      }
    },
    {
      "type": "Feature",
      "geometry": {
        "type": "Point",
        "coordinates": [
          108.4103,
          -6.6453
        ]
      },
      "properties": {
        "location_name": "Arjawinangun",
        "slug": "arjawinangun",
        "date": "Minggu, 4 Oktober 2026",
        "date_iso": "2026-10-04",
        "relative": "Hari ini",
        "hour": "13:00",
        "rain_probability": 1.5,
        "risk_score": 52,
        "risk_class": "watch",
        "risk_label": "Perlu diperhatikan",
        "condition": "Cerah Berawan",
        "temp_c": 36.4,
        "humidity_pct": 34.2,
        "heat_index_c": 36.4,
        "wind_kmh": 19.8,
        "wind_dir": 0.0,
        "cloud_pct": 45.0
      }
    },
    {
      "type": "Feature",
      "geometry": {
        "type": "Point",
        "coordinates": [
          108.4103,
          -6.6453
        ]
      },
      "properties": {
        "location_name": "Arjawinangun",
        "slug": "arjawinangun",
        "date": "Minggu, 4 Oktober 2026",
        "date_iso": "2026-10-04",
        "relative": "Hari ini",
        "hour": "14:00",
        "rain_probability": 2.0,
        "risk_score": 38,
        "risk_class": "watch",
        "risk_label": "Perlu diperhatikan",
        "condition": "Berawan",
        "temp_c": 34.0,
        "humidity_pct": 36.0,
        "heat_index_c": 34.0,
        "wind_kmh": 13.1,
        "wind_dir": 0.0,
        "cloud_pct": 75.0
      }
    },
    {
      "type": "Feature",
      "geometry": {
        "type": "Point",
        "coordinates": [
          108.4103,
          -6.6453
        ]
      },
      "properties": {
        "location_name": "Arjawinangun",
        "slug": "arjawinangun",
        "date": "Minggu, 4 Oktober 2026",
        "date_iso": "2026-10-04",
        "relative": "Hari ini",
        "hour": "15:00",
        "rain_probability": 3.5,
        "risk_score": 38,
        "risk_class": "watch",
        "risk_label": "Perlu diperhatikan",
        "condition": "Cerah Berawan",
        "temp_c": 34.3,
        "humidity_pct": 37.4,
        "heat_index_c": 34.3,
        "wind_kmh": 20.88,
        "wind_dir": 0.0,
        "cloud_pct": 45.0
      }
    },
    {
      "type": "Feature",
      "geometry": {
        "type": "Point",
        "coordinates": [
          108.4103,
          -6.6453
        ]
      },
      "properties": {
        "location_name": "Arjawinangun",
        "slug": "arjawinangun",
        "date": "Minggu, 4 Oktober 2026",
        "date_iso": "2026-10-04",
        "relative": "Hari ini",
        "hour": "16:00",
        "rain_probability": 2.5,
        "risk_score": 38,
        "risk_class": "watch",
        "risk_label": "Perlu diperhatikan",
        "condition": "Berawan",
        "temp_c": 32.9,
        "humidity_pct": 43.3,
        "heat_index_c": 34.36,
        "wind_kmh": 18.36,
        "wind_dir": 0.0,
        "cloud_pct": 75.0
      }
    },
    {
      "type": "Feature",
      "geometry": {
        "type": "Point",
        "coordinates": [
          108.4103,
          -6.6453
        ]
      },
      "properties": {
        "location_name": "Arjawinangun",
        "slug": "arjawinangun",
        "date": "Minggu, 4 Oktober 2026",
        "date_iso": "2026-10-04",
        "relative": "Hari ini",
        "hour": "17:00",
        "rain_probability": 1.0,
        "risk_score": 13,
        "risk_class": "safe",
        "risk_label": "Aman",
        "condition": "Berawan",
        "temp_c": 30.0,
        "humidity_pct": 54.0,
        "heat_index_c": 31.71,
        "wind_kmh": 5.2,
        "wind_dir": 0.0,
        "cloud_pct": 75.0
      }
    },
    {
      "type": "Feature",
      "geometry": {
        "type": "Point",
        "coordinates": [
          108.4103,
          -6.6453
        ]
      },
      "properties": {
        "location_name": "Arjawinangun",
        "slug": "arjawinangun",
        "date": "Minggu, 4 Oktober 2026",
        "date_iso": "2026-10-04",
        "relative": "Hari ini",
        "hour": "18:00",
        "rain_probability": null,
        "risk_score": 24,
        "risk_class": "safe",
        "risk_label": "Aman",
        "condition": "Berawan",
        "temp_c": 29.9,
        "humidity_pct": 58.4,
        "heat_index_c": 32.34,
        "wind_kmh": 11.88,
        "wind_dir": 0.0,
        "cloud_pct": 75.0
      }
    },
    {
      "type": "Feature",
      "geometry": {
        "type": "Point",
        "coordinates": [
          108.4103,
          -6.6453
        ]
      },
      "properties": {
        "location_name": "Arjawinangun",
        "slug": "arjawinangun",
        "date": "Minggu, 4 Oktober 2026",
        "date_iso": "2026-10-04",
        "relative": "Hari ini",
        "hour": "19:00",
        "rain_probability": null,
        "risk_score": 24,
        "risk_class": "safe",
        "risk_label": "Aman",
        "condition": "Berawan",
        "temp_c": 29.6,
        "humidity_pct": 61.6,
        "heat_index_c": 32.38,
        "wind_kmh": 11.88,
        "wind_dir": 0.0,
        "cloud_pct": 75.0
      }
    },
    {
      "type": "Feature",
      "geometry": {
        "type": "Point",
        "coordinates": [
          108.4103,
          -6.6453
        ]
      },
      "properties": {
        "location_name": "Arjawinangun",
        "slug": "arjawinangun",
        "date": "Minggu, 4 Oktober 2026",
        "date_iso": "2026-10-04",
        "relative": "Hari ini",
        "hour": "20:00",
        "rain_probability": 1.0,
        "risk_score": 14,
        "risk_class": "safe",
        "risk_label": "Aman",
        "condition": "Berawan",
        "temp_c": 29.0,
        "humidity_pct": 60.0,
        "heat_index_c": 31.03,
        "wind_kmh": 5.9,
        "wind_dir": 0.0,
        "cloud_pct": 75.0
      }
    },
    {
      "type": "Feature",
      "geometry": {
        "type": "Point",
        "coordinates": [
          108.4103,
          -6.6453
        ]
      },
      "properties": {
        "location_name": "Arjawinangun",
        "slug": "arjawinangun",
        "date": "Minggu, 4 Oktober 2026",
        "date_iso": "2026-10-04",
        "relative": "Hari ini",
        "hour": "21:00",
        "rain_probability": 50.0,
        "risk_score": 50,
        "risk_class": "watch",
        "risk_label": "Perlu diperhatikan",
        "condition": "Berawan",
        "temp_c": 29.1,
        "humidity_pct": 60.3,
        "heat_index_c": 31.25,
        "wind_kmh": 14.04,
        "wind_dir": 0.0,
        "cloud_pct": 75.0
      }
    },
    {
      "type": "Feature",
      "geometry": {
        "type": "Point",
        "coordinates": [
          108.4103,
          -6.6453
        ]
      },
      "properties": {
        "location_name": "Arjawinangun",
        "slug": "arjawinangun",
        "date": "Minggu, 4 Oktober 2026",
        "date_iso": "2026-10-04",
        "relative": "Hari ini",
        "hour": "22:00",
        "rain_probability": 1.0,
        "risk_score": 15,
        "risk_class": "safe",
        "risk_label": "Aman",
        "condition": "Berawan",
        "temp_c": 28.9,
        "humidity_pct": 60.4,
        "heat_index_c": 30.93,
        "wind_kmh": 10.8,
        "wind_dir": 0.0,
        "cloud_pct": 75.0
      }
    },
    {
      "type": "Feature",
      "geometry": {
        "type": "Point",
        "coordinates": [
          108.4103,
          -6.6453
        ]
      },
      "properties": {
        "location_name": "Arjawinangun",
        "slug": "arjawinangun",
        "date": "Minggu, 4 Oktober 2026",
        "date_iso": "2026-10-04",
        "relative": "Hari ini",
        "hour": "23:00",
        "rain_probability": 50.0,
        "risk_score": 50,
        "risk_class": "watch",
        "risk_label": "Perlu diperhatikan",
        "condition": "Cerah",
        "temp_c": 28.0,
        "humidity_pct": 68.0,
        "heat_index_c": 30.41,
        "wind_kmh": 2.7,
        "wind_dir": 0.0,
        "cloud_pct": 15.0
      }
    },
    {
      "type": "Feature",
      "geometry": {
        "type": "Point",
        "coordinates": [
          108.4103,
          -6.6453
        ]
      },
      "properties": {
        "location_name": "Arjawinangun",
        "slug": "arjawinangun",
        "date": "Senin, 5 Oktober 2026",
        "date_iso": "2026-10-05",
        "relative": "Besok",
        "hour": "00:00",
        "rain_probability": 50.0,
        "risk_score": 50,
        "risk_class": "watch",
        "risk_label": "Perlu diperhatikan",
        "condition": "Cerah Berawan",
        "temp_c": 28.0,
        "humidity_pct": 63.4,
        "heat_index_c": 29.84,
        "wind_kmh": 6.84,
        "wind_dir": 0.0,
        "cloud_pct": 45.0
      }
    },
    {
      "type": "Feature",
      "geometry": {
        "type": "Point",
        "coordinates": [
          108.4103,
          -6.6453
        ]
      },
      "properties": {
        "location_name": "Arjawinangun",
        "slug": "arjawinangun",
        "date": "Senin, 5 Oktober 2026",
        "date_iso": "2026-10-05",
        "relative": "Besok",
        "hour": "01:00",
        "rain_probability": null,
        "risk_score": 12,
        "risk_class": "safe",
        "risk_label": "Aman",
        "condition": "Cerah Berawan",
        "temp_c": 27.7,
        "humidity_pct": 64.5,
        "heat_index_c": 29.48,
        "wind_kmh": 6.84,
        "wind_dir": 0.0,
        "cloud_pct": 45.0
      }
    },
    {
      "type": "Feature",
      "geometry": {
        "type": "Point",
        "coordinates": [
          108.4103,
          -6.6453
        ]
      },
      "properties": {
        "location_name": "Arjawinangun",
        "slug": "arjawinangun",
        "date": "Senin, 5 Oktober 2026",
        "date_iso": "2026-10-05",
        "relative": "Besok",
        "hour": "02:00",
        "rain_probability": null,
        "risk_score": 13,
        "risk_class": "safe",
        "risk_label": "Aman",
        "condition": "Cerah Berawan",
        "temp_c": 26.0,
        "humidity_pct": 69.0,
        "heat_index_c": 26.0,
        "wind_kmh": 3.2,
        "wind_dir": 0.0,
        "cloud_pct": 45.0
      }
    },
    {
      "type": "Feature",
      "geometry": {
        "type": "Point",
        "coordinates": [
          108.4103,
          -6.6453
        ]
      },
      "properties": {
        "location_name": "Arjawinangun",
        "slug": "arjawinangun",
        "date": "Senin, 5 Oktober 2026",
        "date_iso": "2026-10-05",
        "relative": "Besok",
        "hour": "03:00",
        "rain_probability": null,
        "risk_score": 13,
        "risk_class": "safe",
        "risk_label": "Aman",
        "condition": "Cerah Berawan",
        "temp_c": 26.6,
        "humidity_pct": 70.0,
        "heat_index_c": 26.6,
        "wind_kmh": 6.12,
        "wind_dir": 0.0,
        "cloud_pct": 45.0
      }
    },
    {
      "type": "Feature",
      "geometry": {
        "type": "Point",
        "coordinates": [
          108.4103,
          -6.6453
        ]
      },
      "properties": {
        "location_name": "Arjawinangun",
        "slug": "arjawinangun",
        "date": "Senin, 5 Oktober 2026",
        "date_iso": "2026-10-05",
        "relative": "Besok",
        "hour": "04:00",
        "rain_probability": null,
        "risk_score": 17,
        "risk_class": "safe",
        "risk_label": "Aman",
        "condition": "Cerah Berawan",
        "temp_c": 26.2,
        "humidity_pct": 72.4,
        "heat_index_c": 26.2,
        "wind_kmh": 6.48,
        "wind_dir": 0.0,
        "cloud_pct": 45.0
      }
    },
    {
      "type": "Feature",
      "geometry": {
        "type": "Point",
        "coordinates": [
          108.4103,
          -6.6453
        ]
      },
      "properties": {
        "location_name": "Arjawinangun",
        "slug": "arjawinangun",
        "date": "Senin, 5 Oktober 2026",
        "date_iso": "2026-10-05",
        "relative": "Besok",
        "hour": "05:00",
        "rain_probability": null,
        "risk_score": 16,
        "risk_class": "safe",
        "risk_label": "Aman",
        "condition": "Cerah",
        "temp_c": 26.0,
        "humidity_pct": 73.0,
        "heat_index_c": 26.0,
        "wind_kmh": 4.2,
        "wind_dir": 0.0,
        "cloud_pct": 15.0
      }
    },
    {
      "type": "Feature",
      "geometry": {
        "type": "Point",
        "coordinates": [
          108.4103,
          -6.6453
        ]
      },
      "properties": {
        "location_name": "Arjawinangun",
        "slug": "arjawinangun",
        "date": "Senin, 5 Oktober 2026",
        "date_iso": "2026-10-05",
        "relative": "Besok",
        "hour": "06:00",
        "rain_probability": null,
        "risk_score": 17,
        "risk_class": "safe",
        "risk_label": "Aman",
        "condition": "Cerah Berawan",
        "temp_c": 25.8,
        "humidity_pct": 72.1,
        "heat_index_c": 25.8,
        "wind_kmh": 7.56,
        "wind_dir": 0.0,
        "cloud_pct": 45.0
      }
    },
    {
      "type": "Feature",
      "geometry": {
        "type": "Point",
        "coordinates": [
          108.4103,
          -6.6453
        ]
      },
      "properties": {
        "location_name": "Arjawinangun",
        "slug": "arjawinangun",
        "date": "Senin, 5 Oktober 2026",
        "date_iso": "2026-10-05",
        "relative": "Besok",
        "hour": "07:00",
        "rain_probability": null,
        "risk_score": 15,
        "risk_class": "safe",
        "risk_label": "Aman",
        "condition": "Cerah Berawan",
        "temp_c": 27.5,
        "humidity_pct": 62.1,
        "heat_index_c": 28.93,
        "wind_kmh": 6.84,
        "wind_dir": 0.0,
        "cloud_pct": 45.0
      }
    },
    {
      "type": "Feature",
      "geometry": {
        "type": "Point",
        "coordinates": [
          108.4103,
          -6.6453
        ]
      },
      "properties": {
        "location_name": "Arjawinangun",
        "slug": "arjawinangun",
        "date": "Senin, 5 Oktober 2026",
        "date_iso": "2026-10-05",
        "relative": "Besok",
        "hour": "08:00",
        "rain_probability": null,
        "risk_score": 24,
        "risk_class": "safe",
        "risk_label": "Aman",
        "condition": "Cerah",
        "temp_c": 32.0,
        "humidity_pct": 43.0,
        "heat_index_c": 32.84,
        "wind_kmh": 6.4,
        "wind_dir": 0.0,
        "cloud_pct": 15.0
      }
    },
    {
      "type": "Feature",
      "geometry": {
        "type": "Point",
        "coordinates": [
          108.4103,
          -6.6453
        ]
      },
      "properties": {
        "location_name": "Arjawinangun",
        "slug": "arjawinangun",
        "date": "Senin, 5 Oktober 2026",
        "date_iso": "2026-10-05",
        "relative": "Besok",
        "hour": "09:00",
        "rain_probability": null,
        "risk_score": 24,
        "risk_class": "safe",
        "risk_label": "Aman",
        "condition": "Cerah Berawan",
        "temp_c": 32.1,
        "humidity_pct": 44.7,
        "heat_index_c": 33.34,
        "wind_kmh": 12.96,
        "wind_dir": 0.0,
        "cloud_pct": 45.0
      }
    },
    {
      "type": "Feature",
      "geometry": {
        "type": "Point",
        "coordinates": [
          108.4103,
          -6.6453
        ]
      },
      "properties": {
        "location_name": "Arjawinangun",
        "slug": "arjawinangun",
        "date": "Senin, 5 Oktober 2026",
        "date_iso": "2026-10-05",
        "relative": "Besok",
        "hour": "10:00",
        "rain_probability": null,
        "risk_score": 38,
        "risk_class": "watch",
        "risk_label": "Perlu diperhatikan",
        "condition": "Cerah Berawan",
        "temp_c": 34.2,
        "humidity_pct": 39.4,
        "heat_index_c": 34.2,
        "wind_kmh": 16.2,
        "wind_dir": 0.0,
        "cloud_pct": 45.0
      }
    },
    {
      "type": "Feature",
      "geometry": {
        "type": "Point",
        "coordinates": [
          108.4103,
          -6.6453
        ]
      },
      "properties": {
        "location_name": "Arjawinangun",
        "slug": "arjawinangun",
        "date": "Senin, 5 Oktober 2026",
        "date_iso": "2026-10-05",
        "relative": "Besok",
        "hour": "11:00",
        "rain_probability": null,
        "risk_score": 52,
        "risk_class": "watch",
        "risk_label": "Perlu diperhatikan",
        "condition": "Cerah Berawan",
        "temp_c": 36.0,
        "humidity_pct": 34.0,
        "heat_index_c": 36.0,
        "wind_kmh": 10.9,
        "wind_dir": 0.0,
        "cloud_pct": 45.0
      }
    },
    {
      "type": "Feature",
      "geometry": {
        "type": "Point",
        "coordinates": [
          108.4103,
          -6.6453
        ]
      },
      "properties": {
        "location_name": "Arjawinangun",
        "slug": "arjawinangun",
        "date": "Senin, 5 Oktober 2026",
        "date_iso": "2026-10-05",
        "relative": "Besok",
        "hour": "12:00",
        "rain_probability": 50.0,
        "risk_score": 52,
        "risk_class": "watch",
        "risk_label": "Perlu diperhatikan",
        "condition": "Cerah Berawan",
        "temp_c": 36.5,
        "humidity_pct": 35.0,
        "heat_index_c": 36.5,
        "wind_kmh": 19.08,
        "wind_dir": 0.0,
        "cloud_pct": 45.0
      }
    },
    {
      "type": "Feature",
      "geometry": {
        "type": "Point",
        "coordinates": [
          108.4103,
          -6.6453
        ]
      },
      "properties": {
        "location_name": "Arjawinangun",
        "slug": "arjawinangun",
        "date": "Senin, 5 Oktober 2026",
        "date_iso": "2026-10-05",
        "relative": "Besok",
        "hour": "13:00",
        "rain_probability": 38.3,
        "risk_score": 52,
        "risk_class": "watch",
        "risk_label": "Perlu diperhatikan",
        "condition": "Cerah Berawan",
        "temp_c": 36.4,
        "humidity_pct": 35.2,
        "heat_index_c": 36.4,
        "wind_kmh": 19.44,
        "wind_dir": 0.0,
        "cloud_pct": 45.0
      }
    },
    {
      "type": "Feature",
      "geometry": {
        "type": "Point",
        "coordinates": [
          108.4103,
          -6.6453
        ]
      },
      "properties": {
        "location_name": "Arjawinangun",
        "slug": "arjawinangun",
        "date": "Senin, 5 Oktober 2026",
        "date_iso": "2026-10-05",
        "relative": "Besok",
        "hour": "14:00",
        "rain_probability": 78.5,
        "risk_score": 78,
        "risk_class": "danger",
        "risk_label": "Berpotensi signifikan",
        "condition": "Hujan Ringan",
        "temp_c": 33.0,
        "humidity_pct": 49.0,
        "heat_index_c": 36.01,
        "wind_kmh": 7.1,
        "wind_dir": 0.0,
        "cloud_pct": 88.0
      }
    },
    {
      "type": "Feature",
      "geometry": {
        "type": "Point",
        "coordinates": [
          108.4103,
          -6.6453
        ]
      },
      "properties": {
        "location_name": "Arjawinangun",
        "slug": "arjawinangun",
        "date": "Senin, 5 Oktober 2026",
        "date_iso": "2026-10-05",
        "relative": "Besok",
        "hour": "15:00",
        "rain_probability": 40.3,
        "risk_score": 52,
        "risk_class": "watch",
        "risk_label": "Perlu diperhatikan",
        "condition": "Cerah Berawan",
        "temp_c": 33.6,
        "humidity_pct": 45.6,
        "heat_index_c": 36.21,
        "wind_kmh": 18.72,
        "wind_dir": 0.0,
        "cloud_pct": 45.0
      }
    },
    {
      "type": "Feature",
      "geometry": {
        "type": "Point",
        "coordinates": [
          108.4103,
          -6.6453
        ]
      },
      "properties": {
        "location_name": "Arjawinangun",
        "slug": "arjawinangun",
        "date": "Senin, 5 Oktober 2026",
        "date_iso": "2026-10-05",
        "relative": "Besok",
        "hour": "16:00",
        "rain_probability": 78.0,
        "risk_score": 78,
        "risk_class": "danger",
        "risk_label": "Berpotensi signifikan",
        "condition": "Hujan Ringan",
        "temp_c": 32.5,
        "humidity_pct": 50.5,
        "heat_index_c": 35.44,
        "wind_kmh": 15.48,
        "wind_dir": 0.0,
        "cloud_pct": 88.0
      }
    },
    {
      "type": "Feature",
      "geometry": {
        "type": "Point",
        "coordinates": [
          108.4103,
          -6.6453
        ]
      },
      "properties": {
        "location_name": "Arjawinangun",
        "slug": "arjawinangun",
        "date": "Senin, 5 Oktober 2026",
        "date_iso": "2026-10-05",
        "relative": "Besok",
        "hour": "17:00",
        "rain_probability": 76.0,
        "risk_score": 76,
        "risk_class": "rain",
        "risk_label": "Waspada",
        "condition": "Hujan Ringan",
        "temp_c": 26.0,
        "humidity_pct": 94.0,
        "heat_index_c": 26.0,
        "wind_kmh": 1.7,
        "wind_dir": 0.0,
        "cloud_pct": 88.0
      }
    },
    {
      "type": "Feature",
      "geometry": {
        "type": "Point",
        "coordinates": [
          108.4103,
          -6.6453
        ]
      },
      "properties": {
        "location_name": "Arjawinangun",
        "slug": "arjawinangun",
        "date": "Senin, 5 Oktober 2026",
        "date_iso": "2026-10-05",
        "relative": "Besok",
        "hour": "18:00",
        "rain_probability": 75.0,
        "risk_score": 75,
        "risk_class": "rain",
        "risk_label": "Waspada",
        "condition": "Hujan Lebat",
        "temp_c": 26.5,
        "humidity_pct": 88.3,
        "heat_index_c": 26.5,
        "wind_kmh": 10.08,
        "wind_dir": 0.0,
        "cloud_pct": 98.0
      }
    },
    {
      "type": "Feature",
      "geometry": {
        "type": "Point",
        "coordinates": [
          108.4103,
          -6.6453
        ]
      },
      "properties": {
        "location_name": "Arjawinangun",
        "slug": "arjawinangun",
        "date": "Senin, 5 Oktober 2026",
        "date_iso": "2026-10-05",
        "relative": "Besok",
        "hour": "19:00",
        "rain_probability": 38.2,
        "risk_score": 40,
        "risk_class": "watch",
        "risk_label": "Perlu diperhatikan",
        "condition": "Hujan Ringan",
        "temp_c": 25.7,
        "humidity_pct": 92.1,
        "heat_index_c": 25.7,
        "wind_kmh": 9.36,
        "wind_dir": 0.0,
        "cloud_pct": 88.0
      }
    },
    {
      "type": "Feature",
      "geometry": {
        "type": "Point",
        "coordinates": [
          108.4103,
          -6.6453
        ]
      },
      "properties": {
        "location_name": "Arjawinangun",
        "slug": "arjawinangun",
        "date": "Senin, 5 Oktober 2026",
        "date_iso": "2026-10-05",
        "relative": "Besok",
        "hour": "20:00",
        "rain_probability": 1.0,
        "risk_score": 18,
        "risk_class": "safe",
        "risk_label": "Aman",
        "condition": "Berawan",
        "temp_c": 26.0,
        "humidity_pct": 94.0,
        "heat_index_c": 26.0,
        "wind_kmh": 0.4,
        "wind_dir": 0.0,
        "cloud_pct": 75.0
      }
    },
    {
      "type": "Feature",
      "geometry": {
        "type": "Point",
        "coordinates": [
          108.4103,
          -6.6453
        ]
      },
      "properties": {
        "location_name": "Arjawinangun",
        "slug": "arjawinangun",
        "date": "Senin, 5 Oktober 2026",
        "date_iso": "2026-10-05",
        "relative": "Besok",
        "hour": "21:00",
        "rain_probability": 1.0,
        "risk_score": 21,
        "risk_class": "safe",
        "risk_label": "Aman",
        "condition": "Cerah Berawan",
        "temp_c": 25.7,
        "humidity_pct": 91.5,
        "heat_index_c": 25.7,
        "wind_kmh": 6.48,
        "wind_dir": 0.0,
        "cloud_pct": 45.0
      }
    },
    {
      "type": "Feature",
      "geometry": {
        "type": "Point",
        "coordinates": [
          108.4103,
          -6.6453
        ]
      },
      "properties": {
        "location_name": "Arjawinangun",
        "slug": "arjawinangun",
        "date": "Senin, 5 Oktober 2026",
        "date_iso": "2026-10-05",
        "relative": "Besok",
        "hour": "22:00",
        "rain_probability": 1.0,
        "risk_score": 21,
        "risk_class": "safe",
        "risk_label": "Aman",
        "condition": "Cerah Berawan",
        "temp_c": 25.7,
        "humidity_pct": 91.1,
        "heat_index_c": 25.7,
        "wind_kmh": 5.76,
        "wind_dir": 0.0,
        "cloud_pct": 45.0
      }
    },
    {
      "type": "Feature",
      "geometry": {
        "type": "Point",
        "coordinates": [
          108.4103,
          -6.6453
        ]
      },
      "properties": {
        "location_name": "Arjawinangun",
        "slug": "arjawinangun",
        "date": "Senin, 5 Oktober 2026",
        "date_iso": "2026-10-05",
        "relative": "Besok",
        "hour": "23:00",
        "rain_probability": 50.0,
        "risk_score": 50,
        "risk_class": "watch",
        "risk_label": "Perlu diperhatikan",
        "condition": "Cerah",
        "temp_c": 25.0,
        "humidity_pct": 93.0,
        "heat_index_c": 25.0,
        "wind_kmh": 2.2,
        "wind_dir": 0.0,
        "cloud_pct": 15.0
      }
    },
    {
      "type": "Feature",
      "geometry": {
        "type": "Point",
        "coordinates": [
          108.4103,
          -6.6453
        ]
      },
      "properties": {
        "location_name": "Arjawinangun",
        "slug": "arjawinangun",
        "date": "Selasa, 6 Oktober 2026",
        "date_iso": "2026-10-06",
        "relative": "Lusa",
        "hour": "00:00",
        "rain_probability": 50.0,
        "risk_score": 50,
        "risk_class": "watch",
        "risk_label": "Perlu diperhatikan",
        "condition": "Cerah Berawan",
        "temp_c": 25.4,
        "humidity_pct": 91.6,
        "heat_index_c": 25.4,
        "wind_kmh": 9.0,
        "wind_dir": 0.0,
        "cloud_pct": 45.0
      }
    },
    {
      "type": "Feature",
      "geometry": {
        "type": "Point",
        "coordinates": [
          108.4103,
          -6.6453
        ]
      },
      "properties": {
        "location_name": "Arjawinangun",
        "slug": "arjawinangun",
        "date": "Selasa, 6 Oktober 2026",
        "date_iso": "2026-10-06",
        "relative": "Lusa",
        "hour": "01:00",
        "rain_probability": 50.0,
        "risk_score": 50,
        "risk_class": "watch",
        "risk_label": "Perlu diperhatikan",
        "condition": "Cerah Berawan",
        "temp_c": 25.1,
        "humidity_pct": 90.3,
        "heat_index_c": 25.1,
        "wind_kmh": 9.72,
        "wind_dir": 0.0,
        "cloud_pct": 45.0
      }
    },
    {
      "type": "Feature",
      "geometry": {
        "type": "Point",
        "coordinates": [
          108.4103,
          -6.6453
        ]
      },
      "properties": {
        "location_name": "Arjawinangun",
        "slug": "arjawinangun",
        "date": "Selasa, 6 Oktober 2026",
        "date_iso": "2026-10-06",
        "relative": "Lusa",
        "hour": "02:00",
        "rain_probability": null,
        "risk_score": 18,
        "risk_class": "safe",
        "risk_label": "Aman",
        "condition": "Cerah Berawan",
        "temp_c": 24.0,
        "humidity_pct": 96.0,
        "heat_index_c": 24.0,
        "wind_kmh": 1.4,
        "wind_dir": 0.0,
        "cloud_pct": 45.0
      }
    },
    {
      "type": "Feature",
      "geometry": {
        "type": "Point",
        "coordinates": [
          108.4103,
          -6.6453
        ]
      },
      "properties": {
        "location_name": "Arjawinangun",
        "slug": "arjawinangun",
        "date": "Selasa, 6 Oktober 2026",
        "date_iso": "2026-10-06",
        "relative": "Lusa",
        "hour": "03:00",
        "rain_probability": null,
        "risk_score": 17,
        "risk_class": "safe",
        "risk_label": "Aman",
        "condition": "Cerah Berawan",
        "temp_c": 24.3,
        "humidity_pct": 91.9,
        "heat_index_c": 24.3,
        "wind_kmh": 6.84,
        "wind_dir": 0.0,
        "cloud_pct": 45.0
      }
    },
    {
      "type": "Feature",
      "geometry": {
        "type": "Point",
        "coordinates": [
          108.4103,
          -6.6453
        ]
      },
      "properties": {
        "location_name": "Arjawinangun",
        "slug": "arjawinangun",
        "date": "Selasa, 6 Oktober 2026",
        "date_iso": "2026-10-06",
        "relative": "Lusa",
        "hour": "04:00",
        "rain_probability": null,
        "risk_score": 21,
        "risk_class": "safe",
        "risk_label": "Aman",
        "condition": "Cerah Berawan",
        "temp_c": 23.9,
        "humidity_pct": 93.6,
        "heat_index_c": 23.9,
        "wind_kmh": 7.2,
        "wind_dir": 0.0,
        "cloud_pct": 45.0
      }
    },
    {
      "type": "Feature",
      "geometry": {
        "type": "Point",
        "coordinates": [
          108.4103,
          -6.6453
        ]
      },
      "properties": {
        "location_name": "Arjawinangun",
        "slug": "arjawinangun",
        "date": "Selasa, 6 Oktober 2026",
        "date_iso": "2026-10-06",
        "relative": "Lusa",
        "hour": "05:00",
        "rain_probability": null,
        "risk_score": 18,
        "risk_class": "safe",
        "risk_label": "Aman",
        "condition": "Berawan",
        "temp_c": 23.0,
        "humidity_pct": 95.0,
        "heat_index_c": 23.0,
        "wind_kmh": 2.7,
        "wind_dir": 0.0,
        "cloud_pct": 75.0
      }
    },
    {
      "type": "Feature",
      "geometry": {
        "type": "Point",
        "coordinates": [
          108.4103,
          -6.6453
        ]
      },
      "properties": {
        "location_name": "Arjawinangun",
        "slug": "arjawinangun",
        "date": "Selasa, 6 Oktober 2026",
        "date_iso": "2026-10-06",
        "relative": "Lusa",
        "hour": "06:00",
        "rain_probability": null,
        "risk_score": 18,
        "risk_class": "safe",
        "risk_label": "Aman",
        "condition": "Berawan",
        "temp_c": 23.3,
        "humidity_pct": 94.2,
        "heat_index_c": 23.3,
        "wind_kmh": 10.8,
        "wind_dir": 0.0,
        "cloud_pct": 75.0
      }
    },
    {
      "type": "Feature",
      "geometry": {
        "type": "Point",
        "coordinates": [
          108.4103,
          -6.6453
        ]
      },
      "properties": {
        "location_name": "Arjawinangun",
        "slug": "arjawinangun",
        "date": "Selasa, 6 Oktober 2026",
        "date_iso": "2026-10-06",
        "relative": "Lusa",
        "hour": "07:00",
        "rain_probability": null,
        "risk_score": 18,
        "risk_class": "safe",
        "risk_label": "Aman",
        "condition": "Cerah",
        "temp_c": 25.2,
        "humidity_pct": 76.1,
        "heat_index_c": 25.2,
        "wind_kmh": 10.08,
        "wind_dir": 0.0,
        "cloud_pct": 15.0
      }
    },
    {
      "type": "Feature",
      "geometry": {
        "type": "Point",
        "coordinates": [
          108.4103,
          -6.6453
        ]
      },
      "properties": {
        "location_name": "Arjawinangun",
        "slug": "arjawinangun",
        "date": "Selasa, 6 Oktober 2026",
        "date_iso": "2026-10-06",
        "relative": "Lusa",
        "hour": "08:00",
        "rain_probability": null,
        "risk_score": 24,
        "risk_class": "safe",
        "risk_label": "Aman",
        "condition": "Berawan",
        "temp_c": 31.0,
        "humidity_pct": 54.0,
        "heat_index_c": 33.45,
        "wind_kmh": 2.7,
        "wind_dir": 0.0,
        "cloud_pct": 75.0
      }
    },
    {
      "type": "Feature",
      "geometry": {
        "type": "Point",
        "coordinates": [
          108.4103,
          -6.6453
        ]
      },
      "properties": {
        "location_name": "Arjawinangun",
        "slug": "arjawinangun",
        "date": "Selasa, 6 Oktober 2026",
        "date_iso": "2026-10-06",
        "relative": "Lusa",
        "hour": "09:00",
        "rain_probability": null,
        "risk_score": 24,
        "risk_class": "safe",
        "risk_label": "Aman",
        "condition": "Cerah Berawan",
        "temp_c": 30.8,
        "humidity_pct": 52.1,
        "heat_index_c": 32.7,
        "wind_kmh": 12.6,
        "wind_dir": 0.0,
        "cloud_pct": 45.0
      }
    },
    {
      "type": "Feature",
      "geometry": {
        "type": "Point",
        "coordinates": [
          108.4103,
          -6.6453
        ]
      },
      "properties": {
        "location_name": "Arjawinangun",
        "slug": "arjawinangun",
        "date": "Selasa, 6 Oktober 2026",
        "date_iso": "2026-10-06",
        "relative": "Lusa",
        "hour": "10:00",
        "rain_probability": null,
        "risk_score": 38,
        "risk_class": "watch",
        "risk_label": "Perlu diperhatikan",
        "condition": "Cerah Berawan",
        "temp_c": 32.9,
        "humidity_pct": 47.6,
        "heat_index_c": 35.43,
        "wind_kmh": 15.48,
        "wind_dir": 0.0,
        "cloud_pct": 45.0
      }
    },
    {
      "type": "Feature",
      "geometry": {
        "type": "Point",
        "coordinates": [
          108.4103,
          -6.6453
        ]
      },
      "properties": {
        "location_name": "Arjawinangun",
        "slug": "arjawinangun",
        "date": "Selasa, 6 Oktober 2026",
        "date_iso": "2026-10-06",
        "relative": "Lusa",
        "hour": "11:00",
        "rain_probability": null,
        "risk_score": 52,
        "risk_class": "watch",
        "risk_label": "Perlu diperhatikan",
        "condition": "Cerah Berawan",
        "temp_c": 34.0,
        "humidity_pct": 44.0,
        "heat_index_c": 36.52,
        "wind_kmh": 9.9,
        "wind_dir": 0.0,
        "cloud_pct": 45.0
      }
    },
    {
      "type": "Feature",
      "geometry": {
        "type": "Point",
        "coordinates": [
          108.4103,
          -6.6453
        ]
      },
      "properties": {
        "location_name": "Arjawinangun",
        "slug": "arjawinangun",
        "date": "Selasa, 6 Oktober 2026",
        "date_iso": "2026-10-06",
        "relative": "Lusa",
        "hour": "12:00",
        "rain_probability": 50.0,
        "risk_score": 52,
        "risk_class": "watch",
        "risk_label": "Perlu diperhatikan",
        "condition": "Cerah Berawan",
        "temp_c": 34.8,
        "humidity_pct": 43.0,
        "heat_index_c": 37.76,
        "wind_kmh": 15.48,
        "wind_dir": 0.0,
        "cloud_pct": 45.0
      }
    },
    {
      "type": "Feature",
      "geometry": {
        "type": "Point",
        "coordinates": [
          108.4103,
          -6.6453
        ]
      },
      "properties": {
        "location_name": "Arjawinangun",
        "slug": "arjawinangun",
        "date": "Selasa, 6 Oktober 2026",
        "date_iso": "2026-10-06",
        "relative": "Lusa",
        "hour": "13:00",
        "rain_probability": 2.0,
        "risk_score": 52,
        "risk_class": "watch",
        "risk_label": "Perlu diperhatikan",
        "condition": "Cerah Berawan",
        "temp_c": 35.0,
        "humidity_pct": 41.7,
        "heat_index_c": 37.74,
        "wind_kmh": 15.48,
        "wind_dir": 0.0,
        "cloud_pct": 45.0
      }
    },
    {
      "type": "Feature",
      "geometry": {
        "type": "Point",
        "coordinates": [
          108.4103,
          -6.6453
        ]
      },
      "properties": {
        "location_name": "Arjawinangun",
        "slug": "arjawinangun",
        "date": "Selasa, 6 Oktober 2026",
        "date_iso": "2026-10-06",
        "relative": "Lusa",
        "hour": "14:00",
        "rain_probability": 3.5,
        "risk_score": 52,
        "risk_class": "watch",
        "risk_label": "Perlu diperhatikan",
        "condition": "Berawan",
        "temp_c": 34.0,
        "humidity_pct": 46.0,
        "heat_index_c": 37.11,
        "wind_kmh": 9.9,
        "wind_dir": 0.0,
        "cloud_pct": 75.0
      }
    },
    {
      "type": "Feature",
      "geometry": {
        "type": "Point",
        "coordinates": [
          108.4103,
          -6.6453
        ]
      },
      "properties": {
        "location_name": "Arjawinangun",
        "slug": "arjawinangun",
        "date": "Selasa, 6 Oktober 2026",
        "date_iso": "2026-10-06",
        "relative": "Lusa",
        "hour": "15:00",
        "rain_probability": 3.5,
        "risk_score": 52,
        "risk_class": "watch",
        "risk_label": "Perlu diperhatikan",
        "condition": "Berawan",
        "temp_c": 34.0,
        "humidity_pct": 46.4,
        "heat_index_c": 37.23,
        "wind_kmh": 16.56,
        "wind_dir": 0.0,
        "cloud_pct": 75.0
      }
    },
    {
      "type": "Feature",
      "geometry": {
        "type": "Point",
        "coordinates": [
          108.4103,
          -6.6453
        ]
      },
      "properties": {
        "location_name": "Arjawinangun",
        "slug": "arjawinangun",
        "date": "Selasa, 6 Oktober 2026",
        "date_iso": "2026-10-06",
        "relative": "Lusa",
        "hour": "16:00",
        "rain_probability": 3.0,
        "risk_score": 38,
        "risk_class": "watch",
        "risk_label": "Perlu diperhatikan",
        "condition": "Berawan",
        "temp_c": 32.4,
        "humidity_pct": 51.3,
        "heat_index_c": 35.45,
        "wind_kmh": 15.12,
        "wind_dir": 0.0,
        "cloud_pct": 75.0
      }
    },
    {
      "type": "Feature",
      "geometry": {
        "type": "Point",
        "coordinates": [
          108.4103,
          -6.6453
        ]
      },
      "properties": {
        "location_name": "Arjawinangun",
        "slug": "arjawinangun",
        "date": "Selasa, 6 Oktober 2026",
        "date_iso": "2026-10-06",
        "relative": "Lusa",
        "hour": "17:00",
        "rain_probability": 1.0,
        "risk_score": 24,
        "risk_class": "safe",
        "risk_label": "Aman",
        "condition": "Berawan",
        "temp_c": 29.0,
        "humidity_pct": 71.0,
        "heat_index_c": 32.91,
        "wind_kmh": 0.8,
        "wind_dir": 0.0,
        "cloud_pct": 75.0
      }
    },
    {
      "type": "Feature",
      "geometry": {
        "type": "Point",
        "coordinates": [
          108.4103,
          -6.6453
        ]
      },
      "properties": {
        "location_name": "Arjawinangun",
        "slug": "arjawinangun",
        "date": "Selasa, 6 Oktober 2026",
        "date_iso": "2026-10-06",
        "relative": "Lusa",
        "hour": "18:00",
        "rain_probability": null,
        "risk_score": 24,
        "risk_class": "safe",
        "risk_label": "Aman",
        "condition": "Cerah Berawan",
        "temp_c": 29.4,
        "humidity_pct": 67.7,
        "heat_index_c": 33.15,
        "wind_kmh": 12.96,
        "wind_dir": 0.0,
        "cloud_pct": 45.0
      }
    },
    {
      "type": "Feature",
      "geometry": {
        "type": "Point",
        "coordinates": [
          108.4103,
          -6.6453
        ]
      },
      "properties": {
        "location_name": "Arjawinangun",
        "slug": "arjawinangun",
        "date": "Selasa, 6 Oktober 2026",
        "date_iso": "2026-10-06",
        "relative": "Lusa",
        "hour": "19:00",
        "rain_probability": null,
        "risk_score": 24,
        "risk_class": "safe",
        "risk_label": "Aman",
        "condition": "Cerah Berawan",
        "temp_c": 28.9,
        "humidity_pct": 72.1,
        "heat_index_c": 32.89,
        "wind_kmh": 9.0,
        "wind_dir": 0.0,
        "cloud_pct": 45.0
      }
    },
    {
      "type": "Feature",
      "geometry": {
        "type": "Point",
        "coordinates": [
          108.4103,
          -6.6453
        ]
      },
      "properties": {
        "location_name": "Arjawinangun",
        "slug": "arjawinangun",
        "date": "Selasa, 6 Oktober 2026",
        "date_iso": "2026-10-06",
        "relative": "Lusa",
        "hour": "20:00",
        "rain_probability": 1.0,
        "risk_score": 18,
        "risk_class": "safe",
        "risk_label": "Aman",
        "condition": "Berawan",
        "temp_c": 27.0,
        "humidity_pct": 78.0,
        "heat_index_c": 29.55,
        "wind_kmh": 0.8,
        "wind_dir": 0.0,
        "cloud_pct": 75.0
      }
    },
    {
      "type": "Feature",
      "geometry": {
        "type": "Point",
        "coordinates": [
          108.4103,
          -6.6453
        ]
      },
      "properties": {
        "location_name": "Arjawinangun",
        "slug": "arjawinangun",
        "date": "Selasa, 6 Oktober 2026",
        "date_iso": "2026-10-06",
        "relative": "Lusa",
        "hour": "21:00",
        "rain_probability": 50.0,
        "risk_score": 50,
        "risk_class": "watch",
        "risk_label": "Perlu diperhatikan",
        "condition": "Cerah Berawan",
        "temp_c": 28.2,
        "humidity_pct": 75.3,
        "heat_index_c": 31.85,
        "wind_kmh": 12.24,
        "wind_dir": 0.0,
        "cloud_pct": 45.0
      }
    },
    {
      "type": "Feature",
      "geometry": {
        "type": "Point",
        "coordinates": [
          108.4103,
          -6.6453
        ]
      },
      "properties": {
        "location_name": "Arjawinangun",
        "slug": "arjawinangun",
        "date": "Selasa, 6 Oktober 2026",
        "date_iso": "2026-10-06",
        "relative": "Lusa",
        "hour": "22:00",
        "rain_probability": 1.0,
        "risk_score": 18,
        "risk_class": "safe",
        "risk_label": "Aman",
        "condition": "Cerah Berawan",
        "temp_c": 27.7,
        "humidity_pct": 75.7,
        "heat_index_c": 30.8,
        "wind_kmh": 12.6,
        "wind_dir": 0.0,
        "cloud_pct": 45.0
      }
    },
    {
      "type": "Feature",
      "geometry": {
        "type": "Point",
        "coordinates": [
          108.4103,
          -6.6453
        ]
      },
      "properties": {
        "location_name": "Arjawinangun",
        "slug": "arjawinangun",
        "date": "Selasa, 6 Oktober 2026",
        "date_iso": "2026-10-06",
        "relative": "Lusa",
        "hour": "23:00",
        "rain_probability": 1.0,
        "risk_score": 19,
        "risk_class": "safe",
        "risk_label": "Aman",
        "condition": "Berawan",
        "temp_c": 25.0,
        "humidity_pct": 81.0,
        "heat_index_c": 25.0,
        "wind_kmh": 1.7,
        "wind_dir": 0.0,
        "cloud_pct": 75.0
      }
    },
    {
      "type": "Feature",
      "geometry": {
        "type": "Point",
        "coordinates": [
          107.61,
          -6.889
        ]
      },
      "properties": {
        "location_name": "Dago, Bandung",
        "slug": "dago",
        "date": "Minggu, 4 Oktober 2026",
        "date_iso": "2026-10-04",
        "relative": "Hari ini",
        "hour": "00:00",
        "rain_probability": 50.0,
        "risk_score": 50,
        "risk_class": "watch",
        "risk_label": "Perlu diperhatikan",
        "condition": "Cerah Berawan",
        "temp_c": 21.3,
        "humidity_pct": 77.0,
        "heat_index_c": 21.3,
        "wind_kmh": 1.3,
        "wind_dir": 0.0,
        "cloud_pct": 45.0
      }
    },
    {
      "type": "Feature",
      "geometry": {
        "type": "Point",
        "coordinates": [
          107.61,
          -6.889
        ]
      },
      "properties": {
        "location_name": "Dago, Bandung",
        "slug": "dago",
        "date": "Minggu, 4 Oktober 2026",
        "date_iso": "2026-10-04",
        "relative": "Hari ini",
        "hour": "01:00",
        "rain_probability": 50.0,
        "risk_score": 50,
        "risk_class": "watch",
        "risk_label": "Perlu diperhatikan",
        "condition": "Cerah Berawan",
        "temp_c": 20.8,
        "humidity_pct": 80.0,
        "heat_index_c": 20.8,
        "wind_kmh": 1.3,
        "wind_dir": 0.0,
        "cloud_pct": 45.0
      }
    },
    {
      "type": "Feature",
      "geometry": {
        "type": "Point",
        "coordinates": [
          107.61,
          -6.889
        ]
      },
      "properties": {
        "location_name": "Dago, Bandung",
        "slug": "dago",
        "date": "Minggu, 4 Oktober 2026",
        "date_iso": "2026-10-04",
        "relative": "Hari ini",
        "hour": "02:00",
        "rain_probability": null,
        "risk_score": 16,
        "risk_class": "safe",
        "risk_label": "Aman",
        "condition": "Cerah Berawan",
        "temp_c": 20.0,
        "humidity_pct": 83.0,
        "heat_index_c": 20.0,
        "wind_kmh": 1.6,
        "wind_dir": 0.0,
        "cloud_pct": 45.0
      }
    },
    {
      "type": "Feature",
      "geometry": {
        "type": "Point",
        "coordinates": [
          107.61,
          -6.889
        ]
      },
      "properties": {
        "location_name": "Dago, Bandung",
        "slug": "dago",
        "date": "Minggu, 4 Oktober 2026",
        "date_iso": "2026-10-04",
        "relative": "Hari ini",
        "hour": "03:00",
        "rain_probability": 50.0,
        "risk_score": 50,
        "risk_class": "watch",
        "risk_label": "Perlu diperhatikan",
        "condition": "Berawan",
        "temp_c": 19.3,
        "humidity_pct": 87.0,
        "heat_index_c": 19.3,
        "wind_kmh": 2.2,
        "wind_dir": 0.0,
        "cloud_pct": 75.0
      }
    },
    {
      "type": "Feature",
      "geometry": {
        "type": "Point",
        "coordinates": [
          107.61,
          -6.889
        ]
      },
      "properties": {
        "location_name": "Dago, Bandung",
        "slug": "dago",
        "date": "Minggu, 4 Oktober 2026",
        "date_iso": "2026-10-04",
        "relative": "Hari ini",
        "hour": "04:00",
        "rain_probability": null,
        "risk_score": 17,
        "risk_class": "safe",
        "risk_label": "Aman",
        "condition": "Berawan",
        "temp_c": 19.0,
        "humidity_pct": 88.0,
        "heat_index_c": 19.0,
        "wind_kmh": 2.6,
        "wind_dir": 0.0,
        "cloud_pct": 75.0
      }
    },
    {
      "type": "Feature",
      "geometry": {
        "type": "Point",
        "coordinates": [
          107.61,
          -6.889
        ]
      },
      "properties": {
        "location_name": "Dago, Bandung",
        "slug": "dago",
        "date": "Minggu, 4 Oktober 2026",
        "date_iso": "2026-10-04",
        "relative": "Hari ini",
        "hour": "05:00",
        "rain_probability": null,
        "risk_score": 17,
        "risk_class": "safe",
        "risk_label": "Aman",
        "condition": "Berawan",
        "temp_c": 19.3,
        "humidity_pct": 87.0,
        "heat_index_c": 19.3,
        "wind_kmh": 2.9,
        "wind_dir": 0.0,
        "cloud_pct": 75.0
      }
    },
    {
      "type": "Feature",
      "geometry": {
        "type": "Point",
        "coordinates": [
          107.61,
          -6.889
        ]
      },
      "properties": {
        "location_name": "Dago, Bandung",
        "slug": "dago",
        "date": "Minggu, 4 Oktober 2026",
        "date_iso": "2026-10-04",
        "relative": "Hari ini",
        "hour": "06:00",
        "rain_probability": null,
        "risk_score": 16,
        "risk_class": "safe",
        "risk_label": "Aman",
        "condition": "Cerah Berawan",
        "temp_c": 20.1,
        "humidity_pct": 83.0,
        "heat_index_c": 20.1,
        "wind_kmh": 3.6,
        "wind_dir": 0.0,
        "cloud_pct": 45.0
      }
    },
    {
      "type": "Feature",
      "geometry": {
        "type": "Point",
        "coordinates": [
          107.61,
          -6.889
        ]
      },
      "properties": {
        "location_name": "Dago, Bandung",
        "slug": "dago",
        "date": "Minggu, 4 Oktober 2026",
        "date_iso": "2026-10-04",
        "relative": "Hari ini",
        "hour": "07:00",
        "rain_probability": 50.0,
        "risk_score": 50,
        "risk_class": "watch",
        "risk_label": "Perlu diperhatikan",
        "condition": "Cerah Berawan",
        "temp_c": 21.4,
        "humidity_pct": 77.0,
        "heat_index_c": 21.4,
        "wind_kmh": 4.2,
        "wind_dir": 0.0,
        "cloud_pct": 45.0
      }
    },
    {
      "type": "Feature",
      "geometry": {
        "type": "Point",
        "coordinates": [
          107.61,
          -6.889
        ]
      },
      "properties": {
        "location_name": "Dago, Bandung",
        "slug": "dago",
        "date": "Minggu, 4 Oktober 2026",
        "date_iso": "2026-10-04",
        "relative": "Hari ini",
        "hour": "08:00",
        "rain_probability": 16.7,
        "risk_score": 25,
        "risk_class": "safe",
        "risk_label": "Aman",
        "condition": "Cerah Berawan",
        "temp_c": 23.5,
        "humidity_pct": 67.0,
        "heat_index_c": 23.5,
        "wind_kmh": 5.1,
        "wind_dir": 0.0,
        "cloud_pct": 45.0
      }
    },
    {
      "type": "Feature",
      "geometry": {
        "type": "Point",
        "coordinates": [
          107.61,
          -6.889
        ]
      },
      "properties": {
        "location_name": "Dago, Bandung",
        "slug": "dago",
        "date": "Minggu, 4 Oktober 2026",
        "date_iso": "2026-10-04",
        "relative": "Hari ini",
        "hour": "09:00",
        "rain_probability": 21.1,
        "risk_score": 25,
        "risk_class": "watch",
        "risk_label": "Perlu diperhatikan",
        "condition": "Cerah Berawan",
        "temp_c": 27.0,
        "humidity_pct": 54.0,
        "heat_index_c": 27.67,
        "wind_kmh": 6.1,
        "wind_dir": 0.0,
        "cloud_pct": 75.0
      }
    },
    {
      "type": "Feature",
      "geometry": {
        "type": "Point",
        "coordinates": [
          107.61,
          -6.889
        ]
      },
      "properties": {
        "location_name": "Dago, Bandung",
        "slug": "dago",
        "date": "Minggu, 4 Oktober 2026",
        "date_iso": "2026-10-04",
        "relative": "Hari ini",
        "hour": "10:00",
        "rain_probability": 24.2,
        "risk_score": 26,
        "risk_class": "watch",
        "risk_label": "Perlu diperhatikan",
        "condition": "Cerah Berawan",
        "temp_c": 27.9,
        "humidity_pct": 48.7,
        "heat_index_c": 28.23,
        "wind_kmh": 6.8,
        "wind_dir": 0.0,
        "cloud_pct": 75.0
      }
    },
    {
      "type": "Feature",
      "geometry": {
        "type": "Point",
        "coordinates": [
          107.61,
          -6.889
        ]
      },
      "properties": {
        "location_name": "Dago, Bandung",
        "slug": "dago",
        "date": "Minggu, 4 Oktober 2026",
        "date_iso": "2026-10-04",
        "relative": "Hari ini",
        "hour": "11:00",
        "rain_probability": 24.6,
        "risk_score": 26,
        "risk_class": "watch",
        "risk_label": "Perlu diperhatikan",
        "condition": "Cerah Berawan",
        "temp_c": 29.1,
        "humidity_pct": 44.6,
        "heat_index_c": 29.17,
        "wind_kmh": 7.4,
        "wind_dir": 0.0,
        "cloud_pct": 75.0
      }
    },
    {
      "type": "Feature",
      "geometry": {
        "type": "Point",
        "coordinates": [
          107.61,
          -6.889
        ]
      },
      "properties": {
        "location_name": "Dago, Bandung",
        "slug": "dago",
        "date": "Minggu, 4 Oktober 2026",
        "date_iso": "2026-10-04",
        "relative": "Hari ini",
        "hour": "12:00",
        "rain_probability": 27.7,
        "risk_score": 28,
        "risk_class": "watch",
        "risk_label": "Perlu diperhatikan",
        "condition": "Berawan",
        "temp_c": 29.3,
        "humidity_pct": 43.7,
        "heat_index_c": 29.3,
        "wind_kmh": 8.28,
        "wind_dir": 0.0,
        "cloud_pct": 75.0
      }
    },
    {
      "type": "Feature",
      "geometry": {
        "type": "Point",
        "coordinates": [
          107.61,
          -6.889
        ]
      },
      "properties": {
        "location_name": "Dago, Bandung",
        "slug": "dago",
        "date": "Minggu, 4 Oktober 2026",
        "date_iso": "2026-10-04",
        "relative": "Hari ini",
        "hour": "13:00",
        "rain_probability": 32.7,
        "risk_score": 33,
        "risk_class": "watch",
        "risk_label": "Perlu diperhatikan",
        "condition": "Berawan",
        "temp_c": 29.1,
        "humidity_pct": 44.3,
        "heat_index_c": 29.13,
        "wind_kmh": 10.8,
        "wind_dir": 0.0,
        "cloud_pct": 75.0
      }
    },
    {
      "type": "Feature",
      "geometry": {
        "type": "Point",
        "coordinates": [
          107.61,
          -6.889
        ]
      },
      "properties": {
        "location_name": "Dago, Bandung",
        "slug": "dago",
        "date": "Minggu, 4 Oktober 2026",
        "date_iso": "2026-10-04",
        "relative": "Hari ini",
        "hour": "14:00",
        "rain_probability": 61.8,
        "risk_score": 62,
        "risk_class": "rain",
        "risk_label": "Waspada",
        "condition": "Hujan Ringan",
        "temp_c": 28.5,
        "humidity_pct": 51.0,
        "heat_index_c": 28.65,
        "wind_kmh": 7.3,
        "wind_dir": 0.0,
        "cloud_pct": 88.0
      }
    },
    {
      "type": "Feature",
      "geometry": {
        "type": "Point",
        "coordinates": [
          107.61,
          -6.889
        ]
      },
      "properties": {
        "location_name": "Dago, Bandung",
        "slug": "dago",
        "date": "Minggu, 4 Oktober 2026",
        "date_iso": "2026-10-04",
        "relative": "Hari ini",
        "hour": "15:00",
        "rain_probability": 47.7,
        "risk_score": 48,
        "risk_class": "watch",
        "risk_label": "Perlu diperhatikan",
        "condition": "Berawan",
        "temp_c": 27.4,
        "humidity_pct": 59.0,
        "heat_index_c": 28.63,
        "wind_kmh": 5.1,
        "wind_dir": 0.0,
        "cloud_pct": 75.0
      }
    },
    {
      "type": "Feature",
      "geometry": {
        "type": "Point",
        "coordinates": [
          107.61,
          -6.889
        ]
      },
      "properties": {
        "location_name": "Dago, Bandung",
        "slug": "dago",
        "date": "Minggu, 4 Oktober 2026",
        "date_iso": "2026-10-04",
        "relative": "Hari ini",
        "hour": "16:00",
        "rain_probability": 92.5,
        "risk_score": 92,
        "risk_class": "danger",
        "risk_label": "Berpotensi signifikan",
        "condition": "Hujan Ringan",
        "temp_c": 25.8,
        "humidity_pct": 71.0,
        "heat_index_c": 25.8,
        "wind_kmh": 6.0,
        "wind_dir": 0.0,
        "cloud_pct": 88.0
      }
    },
    {
      "type": "Feature",
      "geometry": {
        "type": "Point",
        "coordinates": [
          107.61,
          -6.889
        ]
      },
      "properties": {
        "location_name": "Dago, Bandung",
        "slug": "dago",
        "date": "Minggu, 4 Oktober 2026",
        "date_iso": "2026-10-04",
        "relative": "Hari ini",
        "hour": "17:00",
        "rain_probability": 90.5,
        "risk_score": 90,
        "risk_class": "danger",
        "risk_label": "Berpotensi signifikan",
        "condition": "Hujan Lebat",
        "temp_c": 24.5,
        "humidity_pct": 78.0,
        "heat_index_c": 24.5,
        "wind_kmh": 6.3,
        "wind_dir": 0.0,
        "cloud_pct": 98.0
      }
    },
    {
      "type": "Feature",
      "geometry": {
        "type": "Point",
        "coordinates": [
          107.61,
          -6.889
        ]
      },
      "properties": {
        "location_name": "Dago, Bandung",
        "slug": "dago",
        "date": "Minggu, 4 Oktober 2026",
        "date_iso": "2026-10-04",
        "relative": "Hari ini",
        "hour": "18:00",
        "rain_probability": 87.5,
        "risk_score": 88,
        "risk_class": "danger",
        "risk_label": "Berpotensi signifikan",
        "condition": "Hujan Ringan",
        "temp_c": 23.0,
        "humidity_pct": 84.0,
        "heat_index_c": 23.0,
        "wind_kmh": 5.2,
        "wind_dir": 0.0,
        "cloud_pct": 88.0
      }
    },
    {
      "type": "Feature",
      "geometry": {
        "type": "Point",
        "coordinates": [
          107.61,
          -6.889
        ]
      },
      "properties": {
        "location_name": "Dago, Bandung",
        "slug": "dago",
        "date": "Minggu, 4 Oktober 2026",
        "date_iso": "2026-10-04",
        "relative": "Hari ini",
        "hour": "19:00",
        "rain_probability": 61.4,
        "risk_score": 61,
        "risk_class": "rain",
        "risk_label": "Waspada",
        "condition": "Hujan Ringan",
        "temp_c": 22.4,
        "humidity_pct": 84.0,
        "heat_index_c": 22.4,
        "wind_kmh": 4.68,
        "wind_dir": 0.0,
        "cloud_pct": 88.0
      }
    },
    {
      "type": "Feature",
      "geometry": {
        "type": "Point",
        "coordinates": [
          107.61,
          -6.889
        ]
      },
      "properties": {
        "location_name": "Dago, Bandung",
        "slug": "dago",
        "date": "Minggu, 4 Oktober 2026",
        "date_iso": "2026-10-04",
        "relative": "Hari ini",
        "hour": "20:00",
        "rain_probability": 28.1,
        "risk_score": 34,
        "risk_class": "watch",
        "risk_label": "Perlu diperhatikan",
        "condition": "Berawan",
        "temp_c": 22.0,
        "humidity_pct": 87.0,
        "heat_index_c": 22.0,
        "wind_kmh": 3.24,
        "wind_dir": 0.0,
        "cloud_pct": 75.0
      }
    },
    {
      "type": "Feature",
      "geometry": {
        "type": "Point",
        "coordinates": [
          107.61,
          -6.889
        ]
      },
      "properties": {
        "location_name": "Dago, Bandung",
        "slug": "dago",
        "date": "Minggu, 4 Oktober 2026",
        "date_iso": "2026-10-04",
        "relative": "Hari ini",
        "hour": "21:00",
        "rain_probability": 4.0,
        "risk_score": 18,
        "risk_class": "safe",
        "risk_label": "Aman",
        "condition": "Berawan",
        "temp_c": 22.0,
        "humidity_pct": 84.0,
        "heat_index_c": 22.0,
        "wind_kmh": 2.52,
        "wind_dir": 0.0,
        "cloud_pct": 75.0
      }
    },
    {
      "type": "Feature",
      "geometry": {
        "type": "Point",
        "coordinates": [
          107.61,
          -6.889
        ]
      },
      "properties": {
        "location_name": "Dago, Bandung",
        "slug": "dago",
        "date": "Minggu, 4 Oktober 2026",
        "date_iso": "2026-10-04",
        "relative": "Hari ini",
        "hour": "22:00",
        "rain_probability": 1.5,
        "risk_score": 17,
        "risk_class": "safe",
        "risk_label": "Aman",
        "condition": "Berawan",
        "temp_c": 21.7,
        "humidity_pct": 85.7,
        "heat_index_c": 21.7,
        "wind_kmh": 3.1,
        "wind_dir": 0.0,
        "cloud_pct": 75.0
      }
    },
    {
      "type": "Feature",
      "geometry": {
        "type": "Point",
        "coordinates": [
          107.61,
          -6.889
        ]
      },
      "properties": {
        "location_name": "Dago, Bandung",
        "slug": "dago",
        "date": "Minggu, 4 Oktober 2026",
        "date_iso": "2026-10-04",
        "relative": "Hari ini",
        "hour": "23:00",
        "rain_probability": 50.0,
        "risk_score": 50,
        "risk_class": "watch",
        "risk_label": "Perlu diperhatikan",
        "condition": "Berawan",
        "temp_c": 21.2,
        "humidity_pct": 85.4,
        "heat_index_c": 21.2,
        "wind_kmh": 2.9,
        "wind_dir": 0.0,
        "cloud_pct": 75.0
      }
    },
    {
      "type": "Feature",
      "geometry": {
        "type": "Point",
        "coordinates": [
          107.61,
          -6.889
        ]
      },
      "properties": {
        "location_name": "Dago, Bandung",
        "slug": "dago",
        "date": "Senin, 5 Oktober 2026",
        "date_iso": "2026-10-05",
        "relative": "Besok",
        "hour": "00:00",
        "rain_probability": 50.0,
        "risk_score": 50,
        "risk_class": "watch",
        "risk_label": "Perlu diperhatikan",
        "condition": "Berawan",
        "temp_c": 21.6,
        "humidity_pct": 85.4,
        "heat_index_c": 21.6,
        "wind_kmh": 4.32,
        "wind_dir": 0.0,
        "cloud_pct": 75.0
      }
    },
    {
      "type": "Feature",
      "geometry": {
        "type": "Point",
        "coordinates": [
          107.61,
          -6.889
        ]
      },
      "properties": {
        "location_name": "Dago, Bandung",
        "slug": "dago",
        "date": "Senin, 5 Oktober 2026",
        "date_iso": "2026-10-05",
        "relative": "Besok",
        "hour": "01:00",
        "rain_probability": 50.0,
        "risk_score": 50,
        "risk_class": "watch",
        "risk_label": "Perlu diperhatikan",
        "condition": "Berawan",
        "temp_c": 21.1,
        "humidity_pct": 86.8,
        "heat_index_c": 21.1,
        "wind_kmh": 4.68,
        "wind_dir": 0.0,
        "cloud_pct": 75.0
      }
    },
    {
      "type": "Feature",
      "geometry": {
        "type": "Point",
        "coordinates": [
          107.61,
          -6.889
        ]
      },
      "properties": {
        "location_name": "Dago, Bandung",
        "slug": "dago",
        "date": "Senin, 5 Oktober 2026",
        "date_iso": "2026-10-05",
        "relative": "Besok",
        "hour": "02:00",
        "rain_probability": null,
        "risk_score": 20,
        "risk_class": "safe",
        "risk_label": "Aman",
        "condition": "Cerah",
        "temp_c": 20.0,
        "humidity_pct": 89.0,
        "heat_index_c": 20.0,
        "wind_kmh": 3.0,
        "wind_dir": 0.0,
        "cloud_pct": 15.0
      }
    },
    {
      "type": "Feature",
      "geometry": {
        "type": "Point",
        "coordinates": [
          107.61,
          -6.889
        ]
      },
      "properties": {
        "location_name": "Dago, Bandung",
        "slug": "dago",
        "date": "Senin, 5 Oktober 2026",
        "date_iso": "2026-10-05",
        "relative": "Besok",
        "hour": "03:00",
        "rain_probability": 50.0,
        "risk_score": 50,
        "risk_class": "watch",
        "risk_label": "Perlu diperhatikan",
        "condition": "Berawan",
        "temp_c": 19.8,
        "humidity_pct": 93.3,
        "heat_index_c": 19.8,
        "wind_kmh": 5.4,
        "wind_dir": 0.0,
        "cloud_pct": 75.0
      }
    },
    {
      "type": "Feature",
      "geometry": {
        "type": "Point",
        "coordinates": [
          107.61,
          -6.889
        ]
      },
      "properties": {
        "location_name": "Dago, Bandung",
        "slug": "dago",
        "date": "Senin, 5 Oktober 2026",
        "date_iso": "2026-10-05",
        "relative": "Besok",
        "hour": "04:00",
        "rain_probability": null,
        "risk_score": 21,
        "risk_class": "safe",
        "risk_label": "Aman",
        "condition": "Berawan",
        "temp_c": 19.5,
        "humidity_pct": 93.7,
        "heat_index_c": 19.5,
        "wind_kmh": 6.84,
        "wind_dir": 0.0,
        "cloud_pct": 75.0
      }
    },
    {
      "type": "Feature",
      "geometry": {
        "type": "Point",
        "coordinates": [
          107.61,
          -6.889
        ]
      },
      "properties": {
        "location_name": "Dago, Bandung",
        "slug": "dago",
        "date": "Senin, 5 Oktober 2026",
        "date_iso": "2026-10-05",
        "relative": "Besok",
        "hour": "05:00",
        "rain_probability": null,
        "risk_score": 19,
        "risk_class": "safe",
        "risk_label": "Aman",
        "condition": "Cerah",
        "temp_c": 19.0,
        "humidity_pct": 86.0,
        "heat_index_c": 19.0,
        "wind_kmh": 2.9,
        "wind_dir": 0.0,
        "cloud_pct": 15.0
      }
    },
    {
      "type": "Feature",
      "geometry": {
        "type": "Point",
        "coordinates": [
          107.61,
          -6.889
        ]
      },
      "properties": {
        "location_name": "Dago, Bandung",
        "slug": "dago",
        "date": "Senin, 5 Oktober 2026",
        "date_iso": "2026-10-05",
        "relative": "Besok",
        "hour": "06:00",
        "rain_probability": null,
        "risk_score": 20,
        "risk_class": "safe",
        "risk_label": "Aman",
        "condition": "Cerah Berawan",
        "temp_c": 19.3,
        "humidity_pct": 90.5,
        "heat_index_c": 19.3,
        "wind_kmh": 8.64,
        "wind_dir": 0.0,
        "cloud_pct": 45.0
      }
    },
    {
      "type": "Feature",
      "geometry": {
        "type": "Point",
        "coordinates": [
          107.61,
          -6.889
        ]
      },
      "properties": {
        "location_name": "Dago, Bandung",
        "slug": "dago",
        "date": "Senin, 5 Oktober 2026",
        "date_iso": "2026-10-05",
        "relative": "Besok",
        "hour": "07:00",
        "rain_probability": 50.0,
        "risk_score": 50,
        "risk_class": "watch",
        "risk_label": "Perlu diperhatikan",
        "condition": "Cerah Berawan",
        "temp_c": 21.3,
        "humidity_pct": 80.2,
        "heat_index_c": 21.3,
        "wind_kmh": 6.48,
        "wind_dir": 0.0,
        "cloud_pct": 45.0
      }
    },
    {
      "type": "Feature",
      "geometry": {
        "type": "Point",
        "coordinates": [
          107.61,
          -6.889
        ]
      },
      "properties": {
        "location_name": "Dago, Bandung",
        "slug": "dago",
        "date": "Senin, 5 Oktober 2026",
        "date_iso": "2026-10-05",
        "relative": "Besok",
        "hour": "08:00",
        "rain_probability": null,
        "risk_score": 14,
        "risk_class": "safe",
        "risk_label": "Aman",
        "condition": "Cerah",
        "temp_c": 25.0,
        "humidity_pct": 58.0,
        "heat_index_c": 25.0,
        "wind_kmh": 4.2,
        "wind_dir": 0.0,
        "cloud_pct": 15.0
      }
    },
    {
      "type": "Feature",
      "geometry": {
        "type": "Point",
        "coordinates": [
          107.61,
          -6.889
        ]
      },
      "properties": {
        "location_name": "Dago, Bandung",
        "slug": "dago",
        "date": "Senin, 5 Oktober 2026",
        "date_iso": "2026-10-05",
        "relative": "Besok",
        "hour": "09:00",
        "rain_probability": null,
        "risk_score": 14,
        "risk_class": "safe",
        "risk_label": "Aman",
        "condition": "Cerah Berawan",
        "temp_c": 26.0,
        "humidity_pct": 54.3,
        "heat_index_c": 26.0,
        "wind_kmh": 4.68,
        "wind_dir": 0.0,
        "cloud_pct": 45.0
      }
    },
    {
      "type": "Feature",
      "geometry": {
        "type": "Point",
        "coordinates": [
          107.61,
          -6.889
        ]
      },
      "properties": {
        "location_name": "Dago, Bandung",
        "slug": "dago",
        "date": "Senin, 5 Oktober 2026",
        "date_iso": "2026-10-05",
        "relative": "Besok",
        "hour": "10:00",
        "rain_probability": 36.2,
        "risk_score": 36,
        "risk_class": "watch",
        "risk_label": "Perlu diperhatikan",
        "condition": "Cerah Berawan",
        "temp_c": 28.0,
        "humidity_pct": 48.5,
        "heat_index_c": 28.32,
        "wind_kmh": 5.76,
        "wind_dir": 0.0,
        "cloud_pct": 45.0
      }
    },
    {
      "type": "Feature",
      "geometry": {
        "type": "Point",
        "coordinates": [
          107.61,
          -6.889
        ]
      },
      "properties": {
        "location_name": "Dago, Bandung",
        "slug": "dago",
        "date": "Senin, 5 Oktober 2026",
        "date_iso": "2026-10-05",
        "relative": "Besok",
        "hour": "11:00",
        "rain_probability": 77.5,
        "risk_score": 78,
        "risk_class": "rain",
        "risk_label": "Waspada",
        "condition": "Hujan Ringan",
        "temp_c": 28.0,
        "humidity_pct": 51.0,
        "heat_index_c": 28.54,
        "wind_kmh": 9.3,
        "wind_dir": 0.0,
        "cloud_pct": 88.0
      }
    },
    {
      "type": "Feature",
      "geometry": {
        "type": "Point",
        "coordinates": [
          107.61,
          -6.889
        ]
      },
      "properties": {
        "location_name": "Dago, Bandung",
        "slug": "dago",
        "date": "Senin, 5 Oktober 2026",
        "date_iso": "2026-10-05",
        "relative": "Besok",
        "hour": "12:00",
        "rain_probability": 79.0,
        "risk_score": 79,
        "risk_class": "danger",
        "risk_label": "Berpotensi signifikan",
        "condition": "Hujan Lebat",
        "temp_c": 28.5,
        "humidity_pct": 50.5,
        "heat_index_c": 29.08,
        "wind_kmh": 8.64,
        "wind_dir": 0.0,
        "cloud_pct": 98.0
      }
    },
    {
      "type": "Feature",
      "geometry": {
        "type": "Point",
        "coordinates": [
          107.61,
          -6.889
        ]
      },
      "properties": {
        "location_name": "Dago, Bandung",
        "slug": "dago",
        "date": "Senin, 5 Oktober 2026",
        "date_iso": "2026-10-05",
        "relative": "Besok",
        "hour": "13:00",
        "rain_probability": 85.0,
        "risk_score": 85,
        "risk_class": "danger",
        "risk_label": "Berpotensi signifikan",
        "condition": "Hujan Lebat",
        "temp_c": 24.7,
        "humidity_pct": 69.6,
        "heat_index_c": 24.7,
        "wind_kmh": 11.52,
        "wind_dir": 0.0,
        "cloud_pct": 98.0
      }
    },
    {
      "type": "Feature",
      "geometry": {
        "type": "Point",
        "coordinates": [
          107.61,
          -6.889
        ]
      },
      "properties": {
        "location_name": "Dago, Bandung",
        "slug": "dago",
        "date": "Senin, 5 Oktober 2026",
        "date_iso": "2026-10-05",
        "relative": "Besok",
        "hour": "14:00",
        "rain_probability": 88.5,
        "risk_score": 88,
        "risk_class": "danger",
        "risk_label": "Berpotensi signifikan",
        "condition": "Hujan Ringan",
        "temp_c": 25.0,
        "humidity_pct": 69.0,
        "heat_index_c": 25.0,
        "wind_kmh": 5.5,
        "wind_dir": 0.0,
        "cloud_pct": 88.0
      }
    },
    {
      "type": "Feature",
      "geometry": {
        "type": "Point",
        "coordinates": [
          107.61,
          -6.889
        ]
      },
      "properties": {
        "location_name": "Dago, Bandung",
        "slug": "dago",
        "date": "Senin, 5 Oktober 2026",
        "date_iso": "2026-10-05",
        "relative": "Besok",
        "hour": "15:00",
        "rain_probability": 94.0,
        "risk_score": 94,
        "risk_class": "danger",
        "risk_label": "Berpotensi signifikan",
        "condition": "Hujan Ringan",
        "temp_c": 25.6,
        "humidity_pct": 66.7,
        "heat_index_c": 25.6,
        "wind_kmh": 12.24,
        "wind_dir": 0.0,
        "cloud_pct": 88.0
      }
    },
    {
      "type": "Feature",
      "geometry": {
        "type": "Point",
        "coordinates": [
          107.61,
          -6.889
        ]
      },
      "properties": {
        "location_name": "Dago, Bandung",
        "slug": "dago",
        "date": "Senin, 5 Oktober 2026",
        "date_iso": "2026-10-05",
        "relative": "Besok",
        "hour": "16:00",
        "rain_probability": 56.8,
        "risk_score": 57,
        "risk_class": "rain",
        "risk_label": "Waspada",
        "condition": "Hujan Ringan",
        "temp_c": 22.9,
        "humidity_pct": 78.8,
        "heat_index_c": 22.9,
        "wind_kmh": 5.76,
        "wind_dir": 0.0,
        "cloud_pct": 88.0
      }
    },
    {
      "type": "Feature",
      "geometry": {
        "type": "Point",
        "coordinates": [
          107.61,
          -6.889
        ]
      },
      "properties": {
        "location_name": "Dago, Bandung",
        "slug": "dago",
        "date": "Senin, 5 Oktober 2026",
        "date_iso": "2026-10-05",
        "relative": "Besok",
        "hour": "17:00",
        "rain_probability": 49.4,
        "risk_score": 49,
        "risk_class": "watch",
        "risk_label": "Perlu diperhatikan",
        "condition": "Cerah Berawan",
        "temp_c": 22.0,
        "humidity_pct": 82.0,
        "heat_index_c": 22.0,
        "wind_kmh": 2.5,
        "wind_dir": 0.0,
        "cloud_pct": 45.0
      }
    },
    {
      "type": "Feature",
      "geometry": {
        "type": "Point",
        "coordinates": [
          107.61,
          -6.889
        ]
      },
      "properties": {
        "location_name": "Dago, Bandung",
        "slug": "dago",
        "date": "Senin, 5 Oktober 2026",
        "date_iso": "2026-10-05",
        "relative": "Besok",
        "hour": "18:00",
        "rain_probability": 12.5,
        "risk_score": 25,
        "risk_class": "watch",
        "risk_label": "Perlu diperhatikan",
        "condition": "Berawan",
        "temp_c": 22.1,
        "humidity_pct": 84.3,
        "heat_index_c": 22.1,
        "wind_kmh": 4.32,
        "wind_dir": 0.0,
        "cloud_pct": 75.0
      }
    },
    {
      "type": "Feature",
      "geometry": {
        "type": "Point",
        "coordinates": [
          107.61,
          -6.889
        ]
      },
      "properties": {
        "location_name": "Dago, Bandung",
        "slug": "dago",
        "date": "Senin, 5 Oktober 2026",
        "date_iso": "2026-10-05",
        "relative": "Besok",
        "hour": "19:00",
        "rain_probability": 8.0,
        "risk_score": 20,
        "risk_class": "safe",
        "risk_label": "Aman",
        "condition": "Cerah Berawan",
        "temp_c": 22.2,
        "humidity_pct": 83.4,
        "heat_index_c": 22.2,
        "wind_kmh": 4.32,
        "wind_dir": 0.0,
        "cloud_pct": 45.0
      }
    },
    {
      "type": "Feature",
      "geometry": {
        "type": "Point",
        "coordinates": [
          107.61,
          -6.889
        ]
      },
      "properties": {
        "location_name": "Dago, Bandung",
        "slug": "dago",
        "date": "Senin, 5 Oktober 2026",
        "date_iso": "2026-10-05",
        "relative": "Besok",
        "hour": "20:00",
        "rain_probability": 6.5,
        "risk_score": 23,
        "risk_class": "safe",
        "risk_label": "Aman",
        "condition": "Cerah Berawan",
        "temp_c": 20.0,
        "humidity_pct": 91.0,
        "heat_index_c": 20.0,
        "wind_kmh": 1.7,
        "wind_dir": 0.0,
        "cloud_pct": 45.0
      }
    },
    {
      "type": "Feature",
      "geometry": {
        "type": "Point",
        "coordinates": [
          107.61,
          -6.889
        ]
      },
      "properties": {
        "location_name": "Dago, Bandung",
        "slug": "dago",
        "date": "Senin, 5 Oktober 2026",
        "date_iso": "2026-10-05",
        "relative": "Besok",
        "hour": "21:00",
        "rain_probability": 4.0,
        "risk_score": 21,
        "risk_class": "safe",
        "risk_label": "Aman",
        "condition": "Berawan",
        "temp_c": 22.0,
        "humidity_pct": 84.4,
        "heat_index_c": 22.0,
        "wind_kmh": 2.88,
        "wind_dir": 0.0,
        "cloud_pct": 75.0
      }
    },
    {
      "type": "Feature",
      "geometry": {
        "type": "Point",
        "coordinates": [
          107.61,
          -6.889
        ]
      },
      "properties": {
        "location_name": "Dago, Bandung",
        "slug": "dago",
        "date": "Senin, 5 Oktober 2026",
        "date_iso": "2026-10-05",
        "relative": "Besok",
        "hour": "22:00",
        "rain_probability": 1.5,
        "risk_score": 20,
        "risk_class": "safe",
        "risk_label": "Aman",
        "condition": "Berawan",
        "temp_c": 21.9,
        "humidity_pct": 84.9,
        "heat_index_c": 21.9,
        "wind_kmh": 3.96,
        "wind_dir": 0.0,
        "cloud_pct": 75.0
      }
    },
    {
      "type": "Feature",
      "geometry": {
        "type": "Point",
        "coordinates": [
          107.61,
          -6.889
        ]
      },
      "properties": {
        "location_name": "Dago, Bandung",
        "slug": "dago",
        "date": "Senin, 5 Oktober 2026",
        "date_iso": "2026-10-05",
        "relative": "Besok",
        "hour": "23:00",
        "rain_probability": 50.0,
        "risk_score": 50,
        "risk_class": "watch",
        "risk_label": "Perlu diperhatikan",
        "condition": "Cerah Berawan",
        "temp_c": 19.0,
        "humidity_pct": 94.0,
        "heat_index_c": 19.0,
        "wind_kmh": 2.0,
        "wind_dir": 0.0,
        "cloud_pct": 45.0
      }
    },
    {
      "type": "Feature",
      "geometry": {
        "type": "Point",
        "coordinates": [
          107.61,
          -6.889
        ]
      },
      "properties": {
        "location_name": "Dago, Bandung",
        "slug": "dago",
        "date": "Selasa, 6 Oktober 2026",
        "date_iso": "2026-10-06",
        "relative": "Lusa",
        "hour": "00:00",
        "rain_probability": 50.0,
        "risk_score": 50,
        "risk_class": "watch",
        "risk_label": "Perlu diperhatikan",
        "condition": "Cerah Berawan",
        "temp_c": 20.8,
        "humidity_pct": 89.4,
        "heat_index_c": 20.8,
        "wind_kmh": 5.04,
        "wind_dir": 0.0,
        "cloud_pct": 45.0
      }
    },
    {
      "type": "Feature",
      "geometry": {
        "type": "Point",
        "coordinates": [
          107.61,
          -6.889
        ]
      },
      "properties": {
        "location_name": "Dago, Bandung",
        "slug": "dago",
        "date": "Selasa, 6 Oktober 2026",
        "date_iso": "2026-10-06",
        "relative": "Lusa",
        "hour": "01:00",
        "rain_probability": 50.0,
        "risk_score": 50,
        "risk_class": "watch",
        "risk_label": "Perlu diperhatikan",
        "condition": "Cerah Berawan",
        "temp_c": 20.4,
        "humidity_pct": 90.1,
        "heat_index_c": 20.4,
        "wind_kmh": 5.4,
        "wind_dir": 0.0,
        "cloud_pct": 45.0
      }
    },
    {
      "type": "Feature",
      "geometry": {
        "type": "Point",
        "coordinates": [
          107.61,
          -6.889
        ]
      },
      "properties": {
        "location_name": "Dago, Bandung",
        "slug": "dago",
        "date": "Selasa, 6 Oktober 2026",
        "date_iso": "2026-10-06",
        "relative": "Lusa",
        "hour": "02:00",
        "rain_probability": null,
        "risk_score": 19,
        "risk_class": "safe",
        "risk_label": "Aman",
        "condition": "Cerah Berawan",
        "temp_c": 18.0,
        "humidity_pct": 97.0,
        "heat_index_c": 18.0,
        "wind_kmh": 4.3,
        "wind_dir": 0.0,
        "cloud_pct": 45.0
      }
    },
    {
      "type": "Feature",
      "geometry": {
        "type": "Point",
        "coordinates": [
          107.61,
          -6.889
        ]
      },
      "properties": {
        "location_name": "Dago, Bandung",
        "slug": "dago",
        "date": "Selasa, 6 Oktober 2026",
        "date_iso": "2026-10-06",
        "relative": "Lusa",
        "hour": "03:00",
        "rain_probability": 50.0,
        "risk_score": 50,
        "risk_class": "watch",
        "risk_label": "Perlu diperhatikan",
        "condition": "Cerah Berawan",
        "temp_c": 20.0,
        "humidity_pct": 89.0,
        "heat_index_c": 20.0,
        "wind_kmh": 5.04,
        "wind_dir": 0.0,
        "cloud_pct": 45.0
      }
    },
    {
      "type": "Feature",
      "geometry": {
        "type": "Point",
        "coordinates": [
          107.61,
          -6.889
        ]
      },
      "properties": {
        "location_name": "Dago, Bandung",
        "slug": "dago",
        "date": "Selasa, 6 Oktober 2026",
        "date_iso": "2026-10-06",
        "relative": "Lusa",
        "hour": "04:00",
        "rain_probability": null,
        "risk_score": 17,
        "risk_class": "safe",
        "risk_label": "Aman",
        "condition": "Cerah Berawan",
        "temp_c": 19.4,
        "humidity_pct": 89.1,
        "heat_index_c": 19.4,
        "wind_kmh": 5.4,
        "wind_dir": 0.0,
        "cloud_pct": 45.0
      }
    },
    {
      "type": "Feature",
      "geometry": {
        "type": "Point",
        "coordinates": [
          107.61,
          -6.889
        ]
      },
      "properties": {
        "location_name": "Dago, Bandung",
        "slug": "dago",
        "date": "Selasa, 6 Oktober 2026",
        "date_iso": "2026-10-06",
        "relative": "Lusa",
        "hour": "05:00",
        "rain_probability": null,
        "risk_score": 18,
        "risk_class": "safe",
        "risk_label": "Aman",
        "condition": "Cerah Berawan",
        "temp_c": 17.0,
        "humidity_pct": 95.0,
        "heat_index_c": 17.0,
        "wind_kmh": 3.9,
        "wind_dir": 0.0,
        "cloud_pct": 45.0
      }
    },
    {
      "type": "Feature",
      "geometry": {
        "type": "Point",
        "coordinates": [
          107.61,
          -6.889
        ]
      },
      "properties": {
        "location_name": "Dago, Bandung",
        "slug": "dago",
        "date": "Selasa, 6 Oktober 2026",
        "date_iso": "2026-10-06",
        "relative": "Lusa",
        "hour": "06:00",
        "rain_probability": null,
        "risk_score": 19,
        "risk_class": "safe",
        "risk_label": "Aman",
        "condition": "Cerah",
        "temp_c": 19.2,
        "humidity_pct": 82.1,
        "heat_index_c": 19.2,
        "wind_kmh": 6.12,
        "wind_dir": 0.0,
        "cloud_pct": 15.0
      }
    },
    {
      "type": "Feature",
      "geometry": {
        "type": "Point",
        "coordinates": [
          107.61,
          -6.889
        ]
      },
      "properties": {
        "location_name": "Dago, Bandung",
        "slug": "dago",
        "date": "Selasa, 6 Oktober 2026",
        "date_iso": "2026-10-06",
        "relative": "Lusa",
        "hour": "07:00",
        "rain_probability": 50.0,
        "risk_score": 50,
        "risk_class": "watch",
        "risk_label": "Perlu diperhatikan",
        "condition": "Cerah",
        "temp_c": 20.7,
        "humidity_pct": 75.0,
        "heat_index_c": 20.7,
        "wind_kmh": 6.84,
        "wind_dir": 0.0,
        "cloud_pct": 15.0
      }
    },
    {
      "type": "Feature",
      "geometry": {
        "type": "Point",
        "coordinates": [
          107.61,
          -6.889
        ]
      },
      "properties": {
        "location_name": "Dago, Bandung",
        "slug": "dago",
        "date": "Selasa, 6 Oktober 2026",
        "date_iso": "2026-10-06",
        "relative": "Lusa",
        "hour": "08:00",
        "rain_probability": null,
        "risk_score": 14,
        "risk_class": "safe",
        "risk_label": "Aman",
        "condition": "Berawan",
        "temp_c": 25.0,
        "humidity_pct": 55.0,
        "heat_index_c": 25.0,
        "wind_kmh": 3.9,
        "wind_dir": 0.0,
        "cloud_pct": 75.0
      }
    },
    {
      "type": "Feature",
      "geometry": {
        "type": "Point",
        "coordinates": [
          107.61,
          -6.889
        ]
      },
      "properties": {
        "location_name": "Dago, Bandung",
        "slug": "dago",
        "date": "Selasa, 6 Oktober 2026",
        "date_iso": "2026-10-06",
        "relative": "Lusa",
        "hour": "09:00",
        "rain_probability": null,
        "risk_score": 13,
        "risk_class": "safe",
        "risk_label": "Aman",
        "condition": "Cerah Berawan",
        "temp_c": 25.6,
        "humidity_pct": 50.0,
        "heat_index_c": 25.6,
        "wind_kmh": 5.04,
        "wind_dir": 0.0,
        "cloud_pct": 45.0
      }
    },
    {
      "type": "Feature",
      "geometry": {
        "type": "Point",
        "coordinates": [
          107.61,
          -6.889
        ]
      },
      "properties": {
        "location_name": "Dago, Bandung",
        "slug": "dago",
        "date": "Selasa, 6 Oktober 2026",
        "date_iso": "2026-10-06",
        "relative": "Lusa",
        "hour": "10:00",
        "rain_probability": 50.0,
        "risk_score": 50,
        "risk_class": "watch",
        "risk_label": "Perlu diperhatikan",
        "condition": "Cerah Berawan",
        "temp_c": 27.6,
        "humidity_pct": 43.3,
        "heat_index_c": 27.6,
        "wind_kmh": 5.4,
        "wind_dir": 0.0,
        "cloud_pct": 45.0
      }
    },
    {
      "type": "Feature",
      "geometry": {
        "type": "Point",
        "coordinates": [
          107.61,
          -6.889
        ]
      },
      "properties": {
        "location_name": "Dago, Bandung",
        "slug": "dago",
        "date": "Selasa, 6 Oktober 2026",
        "date_iso": "2026-10-06",
        "relative": "Lusa",
        "hour": "11:00",
        "rain_probability": 2.5,
        "risk_score": 12,
        "risk_class": "safe",
        "risk_label": "Aman",
        "condition": "Berawan",
        "temp_c": 29.0,
        "humidity_pct": 38.0,
        "heat_index_c": 29.0,
        "wind_kmh": 5.9,
        "wind_dir": 0.0,
        "cloud_pct": 75.0
      }
    },
    {
      "type": "Feature",
      "geometry": {
        "type": "Point",
        "coordinates": [
          107.61,
          -6.889
        ]
      },
      "properties": {
        "location_name": "Dago, Bandung",
        "slug": "dago",
        "date": "Selasa, 6 Oktober 2026",
        "date_iso": "2026-10-06",
        "relative": "Lusa",
        "hour": "12:00",
        "rain_probability": 3.5,
        "risk_score": 12,
        "risk_class": "safe",
        "risk_label": "Aman",
        "condition": "Cerah Berawan",
        "temp_c": 30.3,
        "humidity_pct": 37.7,
        "heat_index_c": 30.3,
        "wind_kmh": 6.84,
        "wind_dir": 0.0,
        "cloud_pct": 45.0
      }
    },
    {
      "type": "Feature",
      "geometry": {
        "type": "Point",
        "coordinates": [
          107.61,
          -6.889
        ]
      },
      "properties": {
        "location_name": "Dago, Bandung",
        "slug": "dago",
        "date": "Selasa, 6 Oktober 2026",
        "date_iso": "2026-10-06",
        "relative": "Lusa",
        "hour": "13:00",
        "rain_probability": 46.8,
        "risk_score": 47,
        "risk_class": "watch",
        "risk_label": "Perlu diperhatikan",
        "condition": "Hujan Ringan",
        "temp_c": 30.7,
        "humidity_pct": 37.1,
        "heat_index_c": 30.7,
        "wind_kmh": 7.92,
        "wind_dir": 0.0,
        "cloud_pct": 88.0
      }
    },
    {
      "type": "Feature",
      "geometry": {
        "type": "Point",
        "coordinates": [
          107.61,
          -6.889
        ]
      },
      "properties": {
        "location_name": "Dago, Bandung",
        "slug": "dago",
        "date": "Selasa, 6 Oktober 2026",
        "date_iso": "2026-10-06",
        "relative": "Lusa",
        "hour": "14:00",
        "rain_probability": 44.9,
        "risk_score": 45,
        "risk_class": "watch",
        "risk_label": "Perlu diperhatikan",
        "condition": "Berawan",
        "temp_c": 30.0,
        "humidity_pct": 40.0,
        "heat_index_c": 30.0,
        "wind_kmh": 5.9,
        "wind_dir": 0.0,
        "cloud_pct": 75.0
      }
    },
    {
      "type": "Feature",
      "geometry": {
        "type": "Point",
        "coordinates": [
          107.61,
          -6.889
        ]
      },
      "properties": {
        "location_name": "Dago, Bandung",
        "slug": "dago",
        "date": "Selasa, 6 Oktober 2026",
        "date_iso": "2026-10-06",
        "relative": "Lusa",
        "hour": "15:00",
        "rain_probability": 54.8,
        "risk_score": 55,
        "risk_class": "watch",
        "risk_label": "Perlu diperhatikan",
        "condition": "Hujan Ringan",
        "temp_c": 29.7,
        "humidity_pct": 42.9,
        "heat_index_c": 29.7,
        "wind_kmh": 14.4,
        "wind_dir": 0.0,
        "cloud_pct": 88.0
      }
    },
    {
      "type": "Feature",
      "geometry": {
        "type": "Point",
        "coordinates": [
          107.61,
          -6.889
        ]
      },
      "properties": {
        "location_name": "Dago, Bandung",
        "slug": "dago",
        "date": "Selasa, 6 Oktober 2026",
        "date_iso": "2026-10-06",
        "relative": "Lusa",
        "hour": "16:00",
        "rain_probability": 54.8,
        "risk_score": 55,
        "risk_class": "watch",
        "risk_label": "Perlu diperhatikan",
        "condition": "Hujan Ringan",
        "temp_c": 28.9,
        "humidity_pct": 47.2,
        "heat_index_c": 29.21,
        "wind_kmh": 11.16,
        "wind_dir": 0.0,
        "cloud_pct": 88.0
      }
    },
    {
      "type": "Feature",
      "geometry": {
        "type": "Point",
        "coordinates": [
          107.61,
          -6.889
        ]
      },
      "properties": {
        "location_name": "Dago, Bandung",
        "slug": "dago",
        "date": "Selasa, 6 Oktober 2026",
        "date_iso": "2026-10-06",
        "relative": "Lusa",
        "hour": "17:00",
        "rain_probability": 49.4,
        "risk_score": 49,
        "risk_class": "watch",
        "risk_label": "Perlu diperhatikan",
        "condition": "Cerah Berawan",
        "temp_c": 24.0,
        "humidity_pct": 65.0,
        "heat_index_c": 24.0,
        "wind_kmh": 2.3,
        "wind_dir": 0.0,
        "cloud_pct": 45.0
      }
    },
    {
      "type": "Feature",
      "geometry": {
        "type": "Point",
        "coordinates": [
          107.61,
          -6.889
        ]
      },
      "properties": {
        "location_name": "Dago, Bandung",
        "slug": "dago",
        "date": "Selasa, 6 Oktober 2026",
        "date_iso": "2026-10-06",
        "relative": "Lusa",
        "hour": "18:00",
        "rain_probability": 49.8,
        "risk_score": 50,
        "risk_class": "watch",
        "risk_label": "Perlu diperhatikan",
        "condition": "Hujan Ringan",
        "temp_c": 25.4,
        "humidity_pct": 66.4,
        "heat_index_c": 25.4,
        "wind_kmh": 8.28,
        "wind_dir": 0.0,
        "cloud_pct": 88.0
      }
    },
    {
      "type": "Feature",
      "geometry": {
        "type": "Point",
        "coordinates": [
          107.61,
          -6.889
        ]
      },
      "properties": {
        "location_name": "Dago, Bandung",
        "slug": "dago",
        "date": "Selasa, 6 Oktober 2026",
        "date_iso": "2026-10-06",
        "relative": "Lusa",
        "hour": "19:00",
        "rain_probability": 46.8,
        "risk_score": 47,
        "risk_class": "watch",
        "risk_label": "Perlu diperhatikan",
        "condition": "Hujan Ringan",
        "temp_c": 24.5,
        "humidity_pct": 72.6,
        "heat_index_c": 24.5,
        "wind_kmh": 8.64,
        "wind_dir": 0.0,
        "cloud_pct": 88.0
      }
    },
    {
      "type": "Feature",
      "geometry": {
        "type": "Point",
        "coordinates": [
          107.61,
          -6.889
        ]
      },
      "properties": {
        "location_name": "Dago, Bandung",
        "slug": "dago",
        "date": "Selasa, 6 Oktober 2026",
        "date_iso": "2026-10-06",
        "relative": "Lusa",
        "hour": "20:00",
        "rain_probability": 40.4,
        "risk_score": 40,
        "risk_class": "watch",
        "risk_label": "Perlu diperhatikan",
        "condition": "Berawan",
        "temp_c": 22.0,
        "humidity_pct": 80.0,
        "heat_index_c": 22.0,
        "wind_kmh": 2.3,
        "wind_dir": 0.0,
        "cloud_pct": 75.0
      }
    },
    {
      "type": "Feature",
      "geometry": {
        "type": "Point",
        "coordinates": [
          107.61,
          -6.889
        ]
      },
      "properties": {
        "location_name": "Dago, Bandung",
        "slug": "dago",
        "date": "Selasa, 6 Oktober 2026",
        "date_iso": "2026-10-06",
        "relative": "Lusa",
        "hour": "21:00",
        "rain_probability": 41.8,
        "risk_score": 42,
        "risk_class": "watch",
        "risk_label": "Perlu diperhatikan",
        "condition": "Hujan Ringan",
        "temp_c": 23.2,
        "humidity_pct": 79.9,
        "heat_index_c": 23.2,
        "wind_kmh": 7.2,
        "wind_dir": 0.0,
        "cloud_pct": 88.0
      }
    },
    {
      "type": "Feature",
      "geometry": {
        "type": "Point",
        "coordinates": [
          107.61,
          -6.889
        ]
      },
      "properties": {
        "location_name": "Dago, Bandung",
        "slug": "dago",
        "date": "Selasa, 6 Oktober 2026",
        "date_iso": "2026-10-06",
        "relative": "Lusa",
        "hour": "22:00",
        "rain_probability": 1.0,
        "risk_score": 19,
        "risk_class": "safe",
        "risk_label": "Aman",
        "condition": "Cerah Berawan",
        "temp_c": 22.9,
        "humidity_pct": 81.5,
        "heat_index_c": 22.9,
        "wind_kmh": 5.76,
        "wind_dir": 0.0,
        "cloud_pct": 45.0
      }
    },
    {
      "type": "Feature",
      "geometry": {
        "type": "Point",
        "coordinates": [
          107.61,
          -6.889
        ]
      },
      "properties": {
        "location_name": "Dago, Bandung",
        "slug": "dago",
        "date": "Selasa, 6 Oktober 2026",
        "date_iso": "2026-10-06",
        "relative": "Lusa",
        "hour": "23:00",
        "rain_probability": 50.0,
        "risk_score": 50,
        "risk_class": "watch",
        "risk_label": "Perlu diperhatikan",
        "condition": "Berawan",
        "temp_c": 21.0,
        "humidity_pct": 84.0,
        "heat_index_c": 21.0,
        "wind_kmh": 1.7,
        "wind_dir": 0.0,
        "cloud_pct": 75.0
      }
    },
    {
      "type": "Feature",
      "geometry": {
        "type": "Point",
        "coordinates": [
          107.7556,
          -6.938
        ]
      },
      "properties": {
        "location_name": "Jatinangor, Sumedang",
        "slug": "jatinangor",
        "date": "Minggu, 4 Oktober 2026",
        "date_iso": "2026-10-04",
        "relative": "Hari ini",
        "hour": "00:00",
        "rain_probability": null,
        "risk_score": 7,
        "risk_class": "limited",
        "risk_label": "Data terbatas",
        "condition": "Data terbatas",
        "temp_c": null,
        "humidity_pct": null,
        "heat_index_c": null,
        "wind_kmh": 0.0,
        "wind_dir": 0.0,
        "cloud_pct": 15.0
      }
    },
    {
      "type": "Feature",
      "geometry": {
        "type": "Point",
        "coordinates": [
          107.7556,
          -6.938
        ]
      },
      "properties": {
        "location_name": "Jatinangor, Sumedang",
        "slug": "jatinangor",
        "date": "Minggu, 4 Oktober 2026",
        "date_iso": "2026-10-04",
        "relative": "Hari ini",
        "hour": "01:00",
        "rain_probability": null,
        "risk_score": 7,
        "risk_class": "limited",
        "risk_label": "Data terbatas",
        "condition": "Data terbatas",
        "temp_c": null,
        "humidity_pct": null,
        "heat_index_c": null,
        "wind_kmh": 0.0,
        "wind_dir": 0.0,
        "cloud_pct": 15.0
      }
    },
    {
      "type": "Feature",
      "geometry": {
        "type": "Point",
        "coordinates": [
          107.7556,
          -6.938
        ]
      },
      "properties": {
        "location_name": "Jatinangor, Sumedang",
        "slug": "jatinangor",
        "date": "Minggu, 4 Oktober 2026",
        "date_iso": "2026-10-04",
        "relative": "Hari ini",
        "hour": "02:00",
        "rain_probability": 50.0,
        "risk_score": 50,
        "risk_class": "watch",
        "risk_label": "Perlu diperhatikan",
        "condition": "Potensi hujan",
        "temp_c": null,
        "humidity_pct": null,
        "heat_index_c": null,
        "wind_kmh": 0.0,
        "wind_dir": 0.0,
        "cloud_pct": 85.0
      }
    },
    {
      "type": "Feature",
      "geometry": {
        "type": "Point",
        "coordinates": [
          107.7556,
          -6.938
        ]
      },
      "properties": {
        "location_name": "Jatinangor, Sumedang",
        "slug": "jatinangor",
        "date": "Minggu, 4 Oktober 2026",
        "date_iso": "2026-10-04",
        "relative": "Hari ini",
        "hour": "03:00",
        "rain_probability": 50.0,
        "risk_score": 50,
        "risk_class": "watch",
        "risk_label": "Perlu diperhatikan",
        "condition": "Potensi hujan",
        "temp_c": null,
        "humidity_pct": null,
        "heat_index_c": null,
        "wind_kmh": 0.0,
        "wind_dir": 0.0,
        "cloud_pct": 85.0
      }
    },
    {
      "type": "Feature",
      "geometry": {
        "type": "Point",
        "coordinates": [
          107.7556,
          -6.938
        ]
      },
      "properties": {
        "location_name": "Jatinangor, Sumedang",
        "slug": "jatinangor",
        "date": "Minggu, 4 Oktober 2026",
        "date_iso": "2026-10-04",
        "relative": "Hari ini",
        "hour": "04:00",
        "rain_probability": 50.0,
        "risk_score": 50,
        "risk_class": "watch",
        "risk_label": "Perlu diperhatikan",
        "condition": "Potensi hujan",
        "temp_c": null,
        "humidity_pct": null,
        "heat_index_c": null,
        "wind_kmh": 0.0,
        "wind_dir": 0.0,
        "cloud_pct": 85.0
      }
    },
    {
      "type": "Feature",
      "geometry": {
        "type": "Point",
        "coordinates": [
          107.7556,
          -6.938
        ]
      },
      "properties": {
        "location_name": "Jatinangor, Sumedang",
        "slug": "jatinangor",
        "date": "Minggu, 4 Oktober 2026",
        "date_iso": "2026-10-04",
        "relative": "Hari ini",
        "hour": "05:00",
        "rain_probability": null,
        "risk_score": 7,
        "risk_class": "limited",
        "risk_label": "Data terbatas",
        "condition": "Data terbatas",
        "temp_c": null,
        "humidity_pct": null,
        "heat_index_c": null,
        "wind_kmh": 0.0,
        "wind_dir": 0.0,
        "cloud_pct": 15.0
      }
    },
    {
      "type": "Feature",
      "geometry": {
        "type": "Point",
        "coordinates": [
          107.7556,
          -6.938
        ]
      },
      "properties": {
        "location_name": "Jatinangor, Sumedang",
        "slug": "jatinangor",
        "date": "Minggu, 4 Oktober 2026",
        "date_iso": "2026-10-04",
        "relative": "Hari ini",
        "hour": "06:00",
        "rain_probability": null,
        "risk_score": 7,
        "risk_class": "limited",
        "risk_label": "Data terbatas",
        "condition": "Data terbatas",
        "temp_c": null,
        "humidity_pct": null,
        "heat_index_c": null,
        "wind_kmh": 0.0,
        "wind_dir": 0.0,
        "cloud_pct": 15.0
      }
    },
    {
      "type": "Feature",
      "geometry": {
        "type": "Point",
        "coordinates": [
          107.7556,
          -6.938
        ]
      },
      "properties": {
        "location_name": "Jatinangor, Sumedang",
        "slug": "jatinangor",
        "date": "Minggu, 4 Oktober 2026",
        "date_iso": "2026-10-04",
        "relative": "Hari ini",
        "hour": "07:00",
        "rain_probability": null,
        "risk_score": 7,
        "risk_class": "limited",
        "risk_label": "Data terbatas",
        "condition": "Data terbatas",
        "temp_c": null,
        "humidity_pct": null,
        "heat_index_c": null,
        "wind_kmh": 0.0,
        "wind_dir": 0.0,
        "cloud_pct": 15.0
      }
    },
    {
      "type": "Feature",
      "geometry": {
        "type": "Point",
        "coordinates": [
          107.7556,
          -6.938
        ]
      },
      "properties": {
        "location_name": "Jatinangor, Sumedang",
        "slug": "jatinangor",
        "date": "Minggu, 4 Oktober 2026",
        "date_iso": "2026-10-04",
        "relative": "Hari ini",
        "hour": "08:00",
        "rain_probability": 32.8,
        "risk_score": 33,
        "risk_class": "watch",
        "risk_label": "Perlu diperhatikan",
        "condition": "Berawan",
        "temp_c": 28.0,
        "humidity_pct": 49.0,
        "heat_index_c": 28.36,
        "wind_kmh": 7.8,
        "wind_dir": 0.0,
        "cloud_pct": 75.0
      }
    },
    {
      "type": "Feature",
      "geometry": {
        "type": "Point",
        "coordinates": [
          107.7556,
          -6.938
        ]
      },
      "properties": {
        "location_name": "Jatinangor, Sumedang",
        "slug": "jatinangor",
        "date": "Minggu, 4 Oktober 2026",
        "date_iso": "2026-10-04",
        "relative": "Hari ini",
        "hour": "09:00",
        "rain_probability": 38.5,
        "risk_score": 38,
        "risk_class": "watch",
        "risk_label": "Perlu diperhatikan",
        "condition": "Hujan Ringan",
        "temp_c": 27.9,
        "humidity_pct": 56.1,
        "heat_index_c": 28.9,
        "wind_kmh": 10.44,
        "wind_dir": 0.0,
        "cloud_pct": 88.0
      }
    },
    {
      "type": "Feature",
      "geometry": {
        "type": "Point",
        "coordinates": [
          107.7556,
          -6.938
        ]
      },
      "properties": {
        "location_name": "Jatinangor, Sumedang",
        "slug": "jatinangor",
        "date": "Minggu, 4 Oktober 2026",
        "date_iso": "2026-10-04",
        "relative": "Hari ini",
        "hour": "10:00",
        "rain_probability": 39.1,
        "risk_score": 39,
        "risk_class": "watch",
        "risk_label": "Perlu diperhatikan",
        "condition": "Hujan Ringan",
        "temp_c": 27.9,
        "humidity_pct": 56.1,
        "heat_index_c": 28.9,
        "wind_kmh": 10.44,
        "wind_dir": 0.0,
        "cloud_pct": 88.0
      }
    },
    {
      "type": "Feature",
      "geometry": {
        "type": "Point",
        "coordinates": [
          107.7556,
          -6.938
        ]
      },
      "properties": {
        "location_name": "Jatinangor, Sumedang",
        "slug": "jatinangor",
        "date": "Minggu, 4 Oktober 2026",
        "date_iso": "2026-10-04",
        "relative": "Hari ini",
        "hour": "11:00",
        "rain_probability": 34.8,
        "risk_score": 35,
        "risk_class": "watch",
        "risk_label": "Perlu diperhatikan",
        "condition": "Berawan",
        "temp_c": 28.0,
        "humidity_pct": 49.0,
        "heat_index_c": 28.36,
        "wind_kmh": 7.8,
        "wind_dir": 0.0,
        "cloud_pct": 75.0
      }
    },
    {
      "type": "Feature",
      "geometry": {
        "type": "Point",
        "coordinates": [
          107.7556,
          -6.938
        ]
      },
      "properties": {
        "location_name": "Jatinangor, Sumedang",
        "slug": "jatinangor",
        "date": "Minggu, 4 Oktober 2026",
        "date_iso": "2026-10-04",
        "relative": "Hari ini",
        "hour": "12:00",
        "rain_probability": 44.1,
        "risk_score": 44,
        "risk_class": "watch",
        "risk_label": "Perlu diperhatikan",
        "condition": "Hujan Ringan",
        "temp_c": 29.4,
        "humidity_pct": 50.5,
        "heat_index_c": 30.26,
        "wind_kmh": 7.56,
        "wind_dir": 0.0,
        "cloud_pct": 88.0
      }
    },
    {
      "type": "Feature",
      "geometry": {
        "type": "Point",
        "coordinates": [
          107.7556,
          -6.938
        ]
      },
      "properties": {
        "location_name": "Jatinangor, Sumedang",
        "slug": "jatinangor",
        "date": "Minggu, 4 Oktober 2026",
        "date_iso": "2026-10-04",
        "relative": "Hari ini",
        "hour": "13:00",
        "rain_probability": 47.6,
        "risk_score": 48,
        "risk_class": "watch",
        "risk_label": "Perlu diperhatikan",
        "condition": "Hujan Lebat",
        "temp_c": 29.1,
        "humidity_pct": 52.4,
        "heat_index_c": 30.1,
        "wind_kmh": 8.64,
        "wind_dir": 0.0,
        "cloud_pct": 98.0
      }
    },
    {
      "type": "Feature",
      "geometry": {
        "type": "Point",
        "coordinates": [
          107.7556,
          -6.938
        ]
      },
      "properties": {
        "location_name": "Jatinangor, Sumedang",
        "slug": "jatinangor",
        "date": "Minggu, 4 Oktober 2026",
        "date_iso": "2026-10-04",
        "relative": "Hari ini",
        "hour": "14:00",
        "rain_probability": 47.8,
        "risk_score": 48,
        "risk_class": "watch",
        "risk_label": "Perlu diperhatikan",
        "condition": "Berawan",
        "temp_c": 25.0,
        "humidity_pct": 70.0,
        "heat_index_c": 25.0,
        "wind_kmh": 3.4,
        "wind_dir": 0.0,
        "cloud_pct": 75.0
      }
    },
    {
      "type": "Feature",
      "geometry": {
        "type": "Point",
        "coordinates": [
          107.7556,
          -6.938
        ]
      },
      "properties": {
        "location_name": "Jatinangor, Sumedang",
        "slug": "jatinangor",
        "date": "Minggu, 4 Oktober 2026",
        "date_iso": "2026-10-04",
        "relative": "Hari ini",
        "hour": "15:00",
        "rain_probability": 53.6,
        "risk_score": 54,
        "risk_class": "watch",
        "risk_label": "Perlu diperhatikan",
        "condition": "Hujan Ringan",
        "temp_c": 26.1,
        "humidity_pct": 74.3,
        "heat_index_c": 26.1,
        "wind_kmh": 8.64,
        "wind_dir": 0.0,
        "cloud_pct": 88.0
      }
    },
    {
      "type": "Feature",
      "geometry": {
        "type": "Point",
        "coordinates": [
          107.7556,
          -6.938
        ]
      },
      "properties": {
        "location_name": "Jatinangor, Sumedang",
        "slug": "jatinangor",
        "date": "Minggu, 4 Oktober 2026",
        "date_iso": "2026-10-04",
        "relative": "Hari ini",
        "hour": "16:00",
        "rain_probability": 95.5,
        "risk_score": 96,
        "risk_class": "danger",
        "risk_label": "Berpotensi signifikan",
        "condition": "Hujan Ringan",
        "temp_c": 26.3,
        "humidity_pct": 74.6,
        "heat_index_c": 26.3,
        "wind_kmh": 10.44,
        "wind_dir": 0.0,
        "cloud_pct": 88.0
      }
    },
    {
      "type": "Feature",
      "geometry": {
        "type": "Point",
        "coordinates": [
          107.7556,
          -6.938
        ]
      },
      "properties": {
        "location_name": "Jatinangor, Sumedang",
        "slug": "jatinangor",
        "date": "Minggu, 4 Oktober 2026",
        "date_iso": "2026-10-04",
        "relative": "Hari ini",
        "hour": "17:00",
        "rain_probability": 90.5,
        "risk_score": 90,
        "risk_class": "danger",
        "risk_label": "Berpotensi signifikan",
        "condition": "Hujan Sedang",
        "temp_c": 22.0,
        "humidity_pct": 82.0,
        "heat_index_c": 22.0,
        "wind_kmh": 3.2,
        "wind_dir": 0.0,
        "cloud_pct": 94.0
      }
    },
    {
      "type": "Feature",
      "geometry": {
        "type": "Point",
        "coordinates": [
          107.7556,
          -6.938
        ]
      },
      "properties": {
        "location_name": "Jatinangor, Sumedang",
        "slug": "jatinangor",
        "date": "Minggu, 4 Oktober 2026",
        "date_iso": "2026-10-04",
        "relative": "Hari ini",
        "hour": "18:00",
        "rain_probability": 84.5,
        "risk_score": 84,
        "risk_class": "danger",
        "risk_label": "Berpotensi signifikan",
        "condition": "Hujan Ringan",
        "temp_c": 23.3,
        "humidity_pct": 86.8,
        "heat_index_c": 23.3,
        "wind_kmh": 6.48,
        "wind_dir": 0.0,
        "cloud_pct": 88.0
      }
    },
    {
      "type": "Feature",
      "geometry": {
        "type": "Point",
        "coordinates": [
          107.7556,
          -6.938
        ]
      },
      "properties": {
        "location_name": "Jatinangor, Sumedang",
        "slug": "jatinangor",
        "date": "Minggu, 4 Oktober 2026",
        "date_iso": "2026-10-04",
        "relative": "Hari ini",
        "hour": "19:00",
        "rain_probability": 42.6,
        "risk_score": 43,
        "risk_class": "watch",
        "risk_label": "Perlu diperhatikan",
        "condition": "Hujan Ringan",
        "temp_c": 22.9,
        "humidity_pct": 92.0,
        "heat_index_c": 22.9,
        "wind_kmh": 6.84,
        "wind_dir": 0.0,
        "cloud_pct": 88.0
      }
    },
    {
      "type": "Feature",
      "geometry": {
        "type": "Point",
        "coordinates": [
          107.7556,
          -6.938
        ]
      },
      "properties": {
        "location_name": "Jatinangor, Sumedang",
        "slug": "jatinangor",
        "date": "Minggu, 4 Oktober 2026",
        "date_iso": "2026-10-04",
        "relative": "Hari ini",
        "hour": "20:00",
        "rain_probability": 4.5,
        "risk_score": 19,
        "risk_class": "safe",
        "risk_label": "Aman",
        "condition": "Berawan",
        "temp_c": 21.0,
        "humidity_pct": 90.0,
        "heat_index_c": 21.0,
        "wind_kmh": 3.0,
        "wind_dir": 0.0,
        "cloud_pct": 75.0
      }
    },
    {
      "type": "Feature",
      "geometry": {
        "type": "Point",
        "coordinates": [
          107.7556,
          -6.938
        ]
      },
      "properties": {
        "location_name": "Jatinangor, Sumedang",
        "slug": "jatinangor",
        "date": "Minggu, 4 Oktober 2026",
        "date_iso": "2026-10-04",
        "relative": "Hari ini",
        "hour": "21:00",
        "rain_probability": 1.0,
        "risk_score": 19,
        "risk_class": "safe",
        "risk_label": "Aman",
        "condition": "Berawan",
        "temp_c": 22.1,
        "humidity_pct": 95.3,
        "heat_index_c": 22.1,
        "wind_kmh": 5.4,
        "wind_dir": 0.0,
        "cloud_pct": 75.0
      }
    },
    {
      "type": "Feature",
      "geometry": {
        "type": "Point",
        "coordinates": [
          107.7556,
          -6.938
        ]
      },
      "properties": {
        "location_name": "Jatinangor, Sumedang",
        "slug": "jatinangor",
        "date": "Minggu, 4 Oktober 2026",
        "date_iso": "2026-10-04",
        "relative": "Hari ini",
        "hour": "22:00",
        "rain_probability": 50.0,
        "risk_score": 50,
        "risk_class": "watch",
        "risk_label": "Perlu diperhatikan",
        "condition": "Berawan",
        "temp_c": 21.0,
        "humidity_pct": 98.1,
        "heat_index_c": 21.0,
        "wind_kmh": 5.04,
        "wind_dir": 0.0,
        "cloud_pct": 75.0
      }
    },
    {
      "type": "Feature",
      "geometry": {
        "type": "Point",
        "coordinates": [
          107.7556,
          -6.938
        ]
      },
      "properties": {
        "location_name": "Jatinangor, Sumedang",
        "slug": "jatinangor",
        "date": "Minggu, 4 Oktober 2026",
        "date_iso": "2026-10-04",
        "relative": "Hari ini",
        "hour": "23:00",
        "rain_probability": 1.0,
        "risk_score": 18,
        "risk_class": "safe",
        "risk_label": "Aman",
        "condition": "Cerah Berawan",
        "temp_c": 20.0,
        "humidity_pct": 93.0,
        "heat_index_c": 20.0,
        "wind_kmh": 1.4,
        "wind_dir": 0.0,
        "cloud_pct": 45.0
      }
    },
    {
      "type": "Feature",
      "geometry": {
        "type": "Point",
        "coordinates": [
          107.7556,
          -6.938
        ]
      },
      "properties": {
        "location_name": "Jatinangor, Sumedang",
        "slug": "jatinangor",
        "date": "Senin, 5 Oktober 2026",
        "date_iso": "2026-10-05",
        "relative": "Besok",
        "hour": "00:00",
        "rain_probability": null,
        "risk_score": 21,
        "risk_class": "safe",
        "risk_label": "Aman",
        "condition": "Berawan",
        "temp_c": 20.1,
        "humidity_pct": 98.4,
        "heat_index_c": 20.1,
        "wind_kmh": 5.4,
        "wind_dir": 0.0,
        "cloud_pct": 75.0
      }
    },
    {
      "type": "Feature",
      "geometry": {
        "type": "Point",
        "coordinates": [
          107.7556,
          -6.938
        ]
      },
      "properties": {
        "location_name": "Jatinangor, Sumedang",
        "slug": "jatinangor",
        "date": "Senin, 5 Oktober 2026",
        "date_iso": "2026-10-05",
        "relative": "Besok",
        "hour": "01:00",
        "rain_probability": null,
        "risk_score": 22,
        "risk_class": "safe",
        "risk_label": "Aman",
        "condition": "Berawan",
        "temp_c": 19.7,
        "humidity_pct": 98.5,
        "heat_index_c": 19.7,
        "wind_kmh": 6.12,
        "wind_dir": 0.0,
        "cloud_pct": 75.0
      }
    },
    {
      "type": "Feature",
      "geometry": {
        "type": "Point",
        "coordinates": [
          107.7556,
          -6.938
        ]
      },
      "properties": {
        "location_name": "Jatinangor, Sumedang",
        "slug": "jatinangor",
        "date": "Senin, 5 Oktober 2026",
        "date_iso": "2026-10-05",
        "relative": "Besok",
        "hour": "02:00",
        "rain_probability": 50.0,
        "risk_score": 50,
        "risk_class": "watch",
        "risk_label": "Perlu diperhatikan",
        "condition": "Cerah",
        "temp_c": 19.0,
        "humidity_pct": 94.0,
        "heat_index_c": 19.0,
        "wind_kmh": 1.4,
        "wind_dir": 0.0,
        "cloud_pct": 15.0
      }
    },
    {
      "type": "Feature",
      "geometry": {
        "type": "Point",
        "coordinates": [
          107.7556,
          -6.938
        ]
      },
      "properties": {
        "location_name": "Jatinangor, Sumedang",
        "slug": "jatinangor",
        "date": "Senin, 5 Oktober 2026",
        "date_iso": "2026-10-05",
        "relative": "Besok",
        "hour": "03:00",
        "rain_probability": 50.0,
        "risk_score": 50,
        "risk_class": "watch",
        "risk_label": "Perlu diperhatikan",
        "condition": "Berawan",
        "temp_c": 18.8,
        "humidity_pct": 100.0,
        "heat_index_c": 18.8,
        "wind_kmh": 8.28,
        "wind_dir": 0.0,
        "cloud_pct": 75.0
      }
    },
    {
      "type": "Feature",
      "geometry": {
        "type": "Point",
        "coordinates": [
          107.7556,
          -6.938
        ]
      },
      "properties": {
        "location_name": "Jatinangor, Sumedang",
        "slug": "jatinangor",
        "date": "Senin, 5 Oktober 2026",
        "date_iso": "2026-10-05",
        "relative": "Besok",
        "hour": "04:00",
        "rain_probability": 50.0,
        "risk_score": 50,
        "risk_class": "watch",
        "risk_label": "Perlu diperhatikan",
        "condition": "Berawan",
        "temp_c": 18.7,
        "humidity_pct": 99.6,
        "heat_index_c": 18.7,
        "wind_kmh": 7.56,
        "wind_dir": 0.0,
        "cloud_pct": 75.0
      }
    },
    {
      "type": "Feature",
      "geometry": {
        "type": "Point",
        "coordinates": [
          107.7556,
          -6.938
        ]
      },
      "properties": {
        "location_name": "Jatinangor, Sumedang",
        "slug": "jatinangor",
        "date": "Senin, 5 Oktober 2026",
        "date_iso": "2026-10-05",
        "relative": "Besok",
        "hour": "05:00",
        "rain_probability": null,
        "risk_score": 20,
        "risk_class": "safe",
        "risk_label": "Aman",
        "condition": "Cerah",
        "temp_c": 18.0,
        "humidity_pct": 94.0,
        "heat_index_c": 18.0,
        "wind_kmh": 2.9,
        "wind_dir": 0.0,
        "cloud_pct": 15.0
      }
    },
    {
      "type": "Feature",
      "geometry": {
        "type": "Point",
        "coordinates": [
          107.7556,
          -6.938
        ]
      },
      "properties": {
        "location_name": "Jatinangor, Sumedang",
        "slug": "jatinangor",
        "date": "Senin, 5 Oktober 2026",
        "date_iso": "2026-10-05",
        "relative": "Besok",
        "hour": "06:00",
        "rain_probability": null,
        "risk_score": 22,
        "risk_class": "safe",
        "risk_label": "Aman",
        "condition": "Berawan",
        "temp_c": 18.3,
        "humidity_pct": 99.4,
        "heat_index_c": 18.3,
        "wind_kmh": 7.92,
        "wind_dir": 0.0,
        "cloud_pct": 75.0
      }
    },
    {
      "type": "Feature",
      "geometry": {
        "type": "Point",
        "coordinates": [
          107.7556,
          -6.938
        ]
      },
      "properties": {
        "location_name": "Jatinangor, Sumedang",
        "slug": "jatinangor",
        "date": "Senin, 5 Oktober 2026",
        "date_iso": "2026-10-05",
        "relative": "Besok",
        "hour": "07:00",
        "rain_probability": null,
        "risk_score": 21,
        "risk_class": "safe",
        "risk_label": "Aman",
        "condition": "Berawan",
        "temp_c": 20.2,
        "humidity_pct": 97.1,
        "heat_index_c": 20.2,
        "wind_kmh": 6.12,
        "wind_dir": 0.0,
        "cloud_pct": 75.0
      }
    },
    {
      "type": "Feature",
      "geometry": {
        "type": "Point",
        "coordinates": [
          107.7556,
          -6.938
        ]
      },
      "properties": {
        "location_name": "Jatinangor, Sumedang",
        "slug": "jatinangor",
        "date": "Senin, 5 Oktober 2026",
        "date_iso": "2026-10-05",
        "relative": "Besok",
        "hour": "08:00",
        "rain_probability": null,
        "risk_score": 14,
        "risk_class": "safe",
        "risk_label": "Aman",
        "condition": "Cerah",
        "temp_c": 26.0,
        "humidity_pct": 58.0,
        "heat_index_c": 26.0,
        "wind_kmh": 4.0,
        "wind_dir": 0.0,
        "cloud_pct": 15.0
      }
    },
    {
      "type": "Feature",
      "geometry": {
        "type": "Point",
        "coordinates": [
          107.7556,
          -6.938
        ]
      },
      "properties": {
        "location_name": "Jatinangor, Sumedang",
        "slug": "jatinangor",
        "date": "Senin, 5 Oktober 2026",
        "date_iso": "2026-10-05",
        "relative": "Besok",
        "hour": "09:00",
        "rain_probability": null,
        "risk_score": 14,
        "risk_class": "safe",
        "risk_label": "Aman",
        "condition": "Cerah Berawan",
        "temp_c": 26.6,
        "humidity_pct": 59.2,
        "heat_index_c": 26.6,
        "wind_kmh": 5.04,
        "wind_dir": 0.0,
        "cloud_pct": 45.0
      }
    },
    {
      "type": "Feature",
      "geometry": {
        "type": "Point",
        "coordinates": [
          107.7556,
          -6.938
        ]
      },
      "properties": {
        "location_name": "Jatinangor, Sumedang",
        "slug": "jatinangor",
        "date": "Senin, 5 Oktober 2026",
        "date_iso": "2026-10-05",
        "relative": "Besok",
        "hour": "10:00",
        "rain_probability": 50.0,
        "risk_score": 50,
        "risk_class": "watch",
        "risk_label": "Perlu diperhatikan",
        "condition": "Cerah Berawan",
        "temp_c": 28.5,
        "humidity_pct": 53.1,
        "heat_index_c": 29.37,
        "wind_kmh": 6.12,
        "wind_dir": 0.0,
        "cloud_pct": 45.0
      }
    },
    {
      "type": "Feature",
      "geometry": {
        "type": "Point",
        "coordinates": [
          107.7556,
          -6.938
        ]
      },
      "properties": {
        "location_name": "Jatinangor, Sumedang",
        "slug": "jatinangor",
        "date": "Senin, 5 Oktober 2026",
        "date_iso": "2026-10-05",
        "relative": "Besok",
        "hour": "11:00",
        "rain_probability": 2.0,
        "risk_score": 10,
        "risk_class": "safe",
        "risk_label": "Aman",
        "condition": "Cerah Berawan",
        "temp_c": 30.0,
        "humidity_pct": 46.0,
        "heat_index_c": 30.45,
        "wind_kmh": 7.0,
        "wind_dir": 0.0,
        "cloud_pct": 45.0
      }
    },
    {
      "type": "Feature",
      "geometry": {
        "type": "Point",
        "coordinates": [
          107.7556,
          -6.938
        ]
      },
      "properties": {
        "location_name": "Jatinangor, Sumedang",
        "slug": "jatinangor",
        "date": "Senin, 5 Oktober 2026",
        "date_iso": "2026-10-05",
        "relative": "Besok",
        "hour": "12:00",
        "rain_probability": 44.6,
        "risk_score": 45,
        "risk_class": "watch",
        "risk_label": "Perlu diperhatikan",
        "condition": "Hujan Lebat",
        "temp_c": 30.4,
        "humidity_pct": 50.2,
        "heat_index_c": 31.69,
        "wind_kmh": 9.72,
        "wind_dir": 0.0,
        "cloud_pct": 98.0
      }
    },
    {
      "type": "Feature",
      "geometry": {
        "type": "Point",
        "coordinates": [
          107.7556,
          -6.938
        ]
      },
      "properties": {
        "location_name": "Jatinangor, Sumedang",
        "slug": "jatinangor",
        "date": "Senin, 5 Oktober 2026",
        "date_iso": "2026-10-05",
        "relative": "Besok",
        "hour": "13:00",
        "rain_probability": 85.0,
        "risk_score": 85,
        "risk_class": "danger",
        "risk_label": "Berpotensi signifikan",
        "condition": "Hujan Lebat",
        "temp_c": 26.3,
        "humidity_pct": 69.9,
        "heat_index_c": 26.3,
        "wind_kmh": 9.72,
        "wind_dir": 0.0,
        "cloud_pct": 98.0
      }
    },
    {
      "type": "Feature",
      "geometry": {
        "type": "Point",
        "coordinates": [
          107.7556,
          -6.938
        ]
      },
      "properties": {
        "location_name": "Jatinangor, Sumedang",
        "slug": "jatinangor",
        "date": "Senin, 5 Oktober 2026",
        "date_iso": "2026-10-05",
        "relative": "Besok",
        "hour": "14:00",
        "rain_probability": 90.0,
        "risk_score": 90,
        "risk_class": "danger",
        "risk_label": "Berpotensi signifikan",
        "condition": "Hujan Ringan",
        "temp_c": 22.0,
        "humidity_pct": 88.0,
        "heat_index_c": 22.0,
        "wind_kmh": 4.0,
        "wind_dir": 0.0,
        "cloud_pct": 88.0
      }
    },
    {
      "type": "Feature",
      "geometry": {
        "type": "Point",
        "coordinates": [
          107.7556,
          -6.938
        ]
      },
      "properties": {
        "location_name": "Jatinangor, Sumedang",
        "slug": "jatinangor",
        "date": "Senin, 5 Oktober 2026",
        "date_iso": "2026-10-05",
        "relative": "Besok",
        "hour": "15:00",
        "rain_probability": 91.0,
        "risk_score": 91,
        "risk_class": "danger",
        "risk_label": "Berpotensi signifikan",
        "condition": "Hujan Lebat",
        "temp_c": 21.4,
        "humidity_pct": 97.5,
        "heat_index_c": 21.4,
        "wind_kmh": 9.36,
        "wind_dir": 0.0,
        "cloud_pct": 98.0
      }
    },
    {
      "type": "Feature",
      "geometry": {
        "type": "Point",
        "coordinates": [
          107.7556,
          -6.938
        ]
      },
      "properties": {
        "location_name": "Jatinangor, Sumedang",
        "slug": "jatinangor",
        "date": "Senin, 5 Oktober 2026",
        "date_iso": "2026-10-05",
        "relative": "Besok",
        "hour": "16:00",
        "rain_probability": 57.6,
        "risk_score": 58,
        "risk_class": "rain",
        "risk_label": "Waspada",
        "condition": "Hujan Lebat",
        "temp_c": 21.0,
        "humidity_pct": 97.0,
        "heat_index_c": 21.0,
        "wind_kmh": 9.0,
        "wind_dir": 0.0,
        "cloud_pct": 98.0
      }
    },
    {
      "type": "Feature",
      "geometry": {
        "type": "Point",
        "coordinates": [
          107.7556,
          -6.938
        ]
      },
      "properties": {
        "location_name": "Jatinangor, Sumedang",
        "slug": "jatinangor",
        "date": "Senin, 5 Oktober 2026",
        "date_iso": "2026-10-05",
        "relative": "Besok",
        "hour": "17:00",
        "rain_probability": 48.3,
        "risk_score": 48,
        "risk_class": "watch",
        "risk_label": "Perlu diperhatikan",
        "condition": "Cerah Berawan",
        "temp_c": 21.0,
        "humidity_pct": 92.0,
        "heat_index_c": 21.0,
        "wind_kmh": 3.3,
        "wind_dir": 0.0,
        "cloud_pct": 45.0
      }
    },
    {
      "type": "Feature",
      "geometry": {
        "type": "Point",
        "coordinates": [
          107.7556,
          -6.938
        ]
      },
      "properties": {
        "location_name": "Jatinangor, Sumedang",
        "slug": "jatinangor",
        "date": "Senin, 5 Oktober 2026",
        "date_iso": "2026-10-05",
        "relative": "Besok",
        "hour": "18:00",
        "rain_probability": 10.0,
        "risk_score": 26,
        "risk_class": "watch",
        "risk_label": "Perlu diperhatikan",
        "condition": "Berawan",
        "temp_c": 21.6,
        "humidity_pct": 96.7,
        "heat_index_c": 21.6,
        "wind_kmh": 5.76,
        "wind_dir": 0.0,
        "cloud_pct": 75.0
      }
    },
    {
      "type": "Feature",
      "geometry": {
        "type": "Point",
        "coordinates": [
          107.7556,
          -6.938
        ]
      },
      "properties": {
        "location_name": "Jatinangor, Sumedang",
        "slug": "jatinangor",
        "date": "Senin, 5 Oktober 2026",
        "date_iso": "2026-10-05",
        "relative": "Besok",
        "hour": "19:00",
        "rain_probability": 4.5,
        "risk_score": 24,
        "risk_class": "safe",
        "risk_label": "Aman",
        "condition": "Berawan",
        "temp_c": 21.6,
        "humidity_pct": 96.6,
        "heat_index_c": 21.6,
        "wind_kmh": 5.04,
        "wind_dir": 0.0,
        "cloud_pct": 75.0
      }
    },
    {
      "type": "Feature",
      "geometry": {
        "type": "Point",
        "coordinates": [
          107.7556,
          -6.938
        ]
      },
      "properties": {
        "location_name": "Jatinangor, Sumedang",
        "slug": "jatinangor",
        "date": "Senin, 5 Oktober 2026",
        "date_iso": "2026-10-05",
        "relative": "Besok",
        "hour": "20:00",
        "rain_probability": 4.0,
        "risk_score": 23,
        "risk_class": "safe",
        "risk_label": "Aman",
        "condition": "Cerah Berawan",
        "temp_c": 19.0,
        "humidity_pct": 98.0,
        "heat_index_c": 19.0,
        "wind_kmh": 1.4,
        "wind_dir": 0.0,
        "cloud_pct": 45.0
      }
    },
    {
      "type": "Feature",
      "geometry": {
        "type": "Point",
        "coordinates": [
          107.7556,
          -6.938
        ]
      },
      "properties": {
        "location_name": "Jatinangor, Sumedang",
        "slug": "jatinangor",
        "date": "Senin, 5 Oktober 2026",
        "date_iso": "2026-10-05",
        "relative": "Besok",
        "hour": "21:00",
        "rain_probability": 1.0,
        "risk_score": 22,
        "risk_class": "safe",
        "risk_label": "Aman",
        "condition": "Berawan",
        "temp_c": 21.0,
        "humidity_pct": 95.0,
        "heat_index_c": 21.0,
        "wind_kmh": 3.24,
        "wind_dir": 0.0,
        "cloud_pct": 75.0
      }
    },
    {
      "type": "Feature",
      "geometry": {
        "type": "Point",
        "coordinates": [
          107.7556,
          -6.938
        ]
      },
      "properties": {
        "location_name": "Jatinangor, Sumedang",
        "slug": "jatinangor",
        "date": "Senin, 5 Oktober 2026",
        "date_iso": "2026-10-05",
        "relative": "Besok",
        "hour": "22:00",
        "rain_probability": 50.0,
        "risk_score": 50,
        "risk_class": "watch",
        "risk_label": "Perlu diperhatikan",
        "condition": "Berawan",
        "temp_c": 21.0,
        "humidity_pct": 93.5,
        "heat_index_c": 21.0,
        "wind_kmh": 3.96,
        "wind_dir": 0.0,
        "cloud_pct": 75.0
      }
    },
    {
      "type": "Feature",
      "geometry": {
        "type": "Point",
        "coordinates": [
          107.7556,
          -6.938
        ]
      },
      "properties": {
        "location_name": "Jatinangor, Sumedang",
        "slug": "jatinangor",
        "date": "Senin, 5 Oktober 2026",
        "date_iso": "2026-10-05",
        "relative": "Besok",
        "hour": "23:00",
        "rain_probability": 50.0,
        "risk_score": 50,
        "risk_class": "watch",
        "risk_label": "Perlu diperhatikan",
        "condition": "Cerah Berawan",
        "temp_c": 18.0,
        "humidity_pct": 97.0,
        "heat_index_c": 18.0,
        "wind_kmh": 1.5,
        "wind_dir": 0.0,
        "cloud_pct": 45.0
      }
    },
    {
      "type": "Feature",
      "geometry": {
        "type": "Point",
        "coordinates": [
          107.7556,
          -6.938
        ]
      },
      "properties": {
        "location_name": "Jatinangor, Sumedang",
        "slug": "jatinangor",
        "date": "Selasa, 6 Oktober 2026",
        "date_iso": "2026-10-06",
        "relative": "Lusa",
        "hour": "00:00",
        "rain_probability": null,
        "risk_score": 19,
        "risk_class": "safe",
        "risk_label": "Aman",
        "condition": "Cerah Berawan",
        "temp_c": 20.2,
        "humidity_pct": 98.0,
        "heat_index_c": 20.2,
        "wind_kmh": 5.4,
        "wind_dir": 0.0,
        "cloud_pct": 45.0
      }
    },
    {
      "type": "Feature",
      "geometry": {
        "type": "Point",
        "coordinates": [
          107.7556,
          -6.938
        ]
      },
      "properties": {
        "location_name": "Jatinangor, Sumedang",
        "slug": "jatinangor",
        "date": "Selasa, 6 Oktober 2026",
        "date_iso": "2026-10-06",
        "relative": "Lusa",
        "hour": "01:00",
        "rain_probability": null,
        "risk_score": 19,
        "risk_class": "safe",
        "risk_label": "Aman",
        "condition": "Cerah Berawan",
        "temp_c": 19.6,
        "humidity_pct": 98.3,
        "heat_index_c": 19.6,
        "wind_kmh": 5.4,
        "wind_dir": 0.0,
        "cloud_pct": 45.0
      }
    },
    {
      "type": "Feature",
      "geometry": {
        "type": "Point",
        "coordinates": [
          107.7556,
          -6.938
        ]
      },
      "properties": {
        "location_name": "Jatinangor, Sumedang",
        "slug": "jatinangor",
        "date": "Selasa, 6 Oktober 2026",
        "date_iso": "2026-10-06",
        "relative": "Lusa",
        "hour": "02:00",
        "rain_probability": 50.0,
        "risk_score": 50,
        "risk_class": "watch",
        "risk_label": "Perlu diperhatikan",
        "condition": "Cerah Berawan",
        "temp_c": 17.0,
        "humidity_pct": 97.0,
        "heat_index_c": 17.0,
        "wind_kmh": 1.9,
        "wind_dir": 0.0,
        "cloud_pct": 45.0
      }
    },
    {
      "type": "Feature",
      "geometry": {
        "type": "Point",
        "coordinates": [
          107.7556,
          -6.938
        ]
      },
      "properties": {
        "location_name": "Jatinangor, Sumedang",
        "slug": "jatinangor",
        "date": "Selasa, 6 Oktober 2026",
        "date_iso": "2026-10-06",
        "relative": "Lusa",
        "hour": "03:00",
        "rain_probability": 50.0,
        "risk_score": 50,
        "risk_class": "watch",
        "risk_label": "Perlu diperhatikan",
        "condition": "Berawan",
        "temp_c": 18.3,
        "humidity_pct": 98.8,
        "heat_index_c": 18.3,
        "wind_kmh": 7.2,
        "wind_dir": 0.0,
        "cloud_pct": 75.0
      }
    },
    {
      "type": "Feature",
      "geometry": {
        "type": "Point",
        "coordinates": [
          107.7556,
          -6.938
        ]
      },
      "properties": {
        "location_name": "Jatinangor, Sumedang",
        "slug": "jatinangor",
        "date": "Selasa, 6 Oktober 2026",
        "date_iso": "2026-10-06",
        "relative": "Lusa",
        "hour": "04:00",
        "rain_probability": 50.0,
        "risk_score": 50,
        "risk_class": "watch",
        "risk_label": "Perlu diperhatikan",
        "condition": "Berawan",
        "temp_c": 17.8,
        "humidity_pct": 99.2,
        "heat_index_c": 17.8,
        "wind_kmh": 8.28,
        "wind_dir": 0.0,
        "cloud_pct": 75.0
      }
    },
    {
      "type": "Feature",
      "geometry": {
        "type": "Point",
        "coordinates": [
          107.7556,
          -6.938
        ]
      },
      "properties": {
        "location_name": "Jatinangor, Sumedang",
        "slug": "jatinangor",
        "date": "Selasa, 6 Oktober 2026",
        "date_iso": "2026-10-06",
        "relative": "Lusa",
        "hour": "05:00",
        "rain_probability": null,
        "risk_score": 19,
        "risk_class": "safe",
        "risk_label": "Aman",
        "condition": "Berawan",
        "temp_c": 16.0,
        "humidity_pct": 98.0,
        "heat_index_c": 16.0,
        "wind_kmh": 1.7,
        "wind_dir": 0.0,
        "cloud_pct": 75.0
      }
    },
    {
      "type": "Feature",
      "geometry": {
        "type": "Point",
        "coordinates": [
          107.7556,
          -6.938
        ]
      },
      "properties": {
        "location_name": "Jatinangor, Sumedang",
        "slug": "jatinangor",
        "date": "Selasa, 6 Oktober 2026",
        "date_iso": "2026-10-06",
        "relative": "Lusa",
        "hour": "06:00",
        "rain_probability": null,
        "risk_score": 19,
        "risk_class": "safe",
        "risk_label": "Aman",
        "condition": "Berawan",
        "temp_c": 17.3,
        "humidity_pct": 98.0,
        "heat_index_c": 17.3,
        "wind_kmh": 7.2,
        "wind_dir": 0.0,
        "cloud_pct": 75.0
      }
    },
    {
      "type": "Feature",
      "geometry": {
        "type": "Point",
        "coordinates": [
          107.7556,
          -6.938
        ]
      },
      "properties": {
        "location_name": "Jatinangor, Sumedang",
        "slug": "jatinangor",
        "date": "Selasa, 6 Oktober 2026",
        "date_iso": "2026-10-06",
        "relative": "Lusa",
        "hour": "07:00",
        "rain_probability": null,
        "risk_score": 18,
        "risk_class": "safe",
        "risk_label": "Aman",
        "condition": "Berawan",
        "temp_c": 19.6,
        "humidity_pct": 96.1,
        "heat_index_c": 19.6,
        "wind_kmh": 6.12,
        "wind_dir": 0.0,
        "cloud_pct": 75.0
      }
    },
    {
      "type": "Feature",
      "geometry": {
        "type": "Point",
        "coordinates": [
          107.7556,
          -6.938
        ]
      },
      "properties": {
        "location_name": "Jatinangor, Sumedang",
        "slug": "jatinangor",
        "date": "Selasa, 6 Oktober 2026",
        "date_iso": "2026-10-06",
        "relative": "Lusa",
        "hour": "08:00",
        "rain_probability": null,
        "risk_score": 14,
        "risk_class": "safe",
        "risk_label": "Aman",
        "condition": "Berawan",
        "temp_c": 25.0,
        "humidity_pct": 55.0,
        "heat_index_c": 25.0,
        "wind_kmh": 1.7,
        "wind_dir": 0.0,
        "cloud_pct": 75.0
      }
    },
    {
      "type": "Feature",
      "geometry": {
        "type": "Point",
        "coordinates": [
          107.7556,
          -6.938
        ]
      },
      "properties": {
        "location_name": "Jatinangor, Sumedang",
        "slug": "jatinangor",
        "date": "Selasa, 6 Oktober 2026",
        "date_iso": "2026-10-06",
        "relative": "Lusa",
        "hour": "09:00",
        "rain_probability": null,
        "risk_score": 14,
        "risk_class": "safe",
        "risk_label": "Aman",
        "condition": "Cerah Berawan",
        "temp_c": 25.7,
        "humidity_pct": 58.3,
        "heat_index_c": 25.7,
        "wind_kmh": 4.68,
        "wind_dir": 0.0,
        "cloud_pct": 45.0
      }
    },
    {
      "type": "Feature",
      "geometry": {
        "type": "Point",
        "coordinates": [
          107.7556,
          -6.938
        ]
      },
      "properties": {
        "location_name": "Jatinangor, Sumedang",
        "slug": "jatinangor",
        "date": "Selasa, 6 Oktober 2026",
        "date_iso": "2026-10-06",
        "relative": "Lusa",
        "hour": "10:00",
        "rain_probability": 50.0,
        "risk_score": 50,
        "risk_class": "watch",
        "risk_label": "Perlu diperhatikan",
        "condition": "Cerah Berawan",
        "temp_c": 28.0,
        "humidity_pct": 49.0,
        "heat_index_c": 28.36,
        "wind_kmh": 4.68,
        "wind_dir": 0.0,
        "cloud_pct": 45.0
      }
    },
    {
      "type": "Feature",
      "geometry": {
        "type": "Point",
        "coordinates": [
          107.7556,
          -6.938
        ]
      },
      "properties": {
        "location_name": "Jatinangor, Sumedang",
        "slug": "jatinangor",
        "date": "Selasa, 6 Oktober 2026",
        "date_iso": "2026-10-06",
        "relative": "Lusa",
        "hour": "11:00",
        "rain_probability": 2.0,
        "risk_score": 9,
        "risk_class": "safe",
        "risk_label": "Aman",
        "condition": "Cerah Berawan",
        "temp_c": 30.0,
        "humidity_pct": 37.0,
        "heat_index_c": 30.0,
        "wind_kmh": 3.9,
        "wind_dir": 0.0,
        "cloud_pct": 45.0
      }
    },
    {
      "type": "Feature",
      "geometry": {
        "type": "Point",
        "coordinates": [
          107.7556,
          -6.938
        ]
      },
      "properties": {
        "location_name": "Jatinangor, Sumedang",
        "slug": "jatinangor",
        "date": "Selasa, 6 Oktober 2026",
        "date_iso": "2026-10-06",
        "relative": "Lusa",
        "hour": "12:00",
        "rain_probability": 5.0,
        "risk_score": 12,
        "risk_class": "safe",
        "risk_label": "Aman",
        "condition": "Cerah Berawan",
        "temp_c": 30.6,
        "humidity_pct": 43.7,
        "heat_index_c": 30.93,
        "wind_kmh": 7.56,
        "wind_dir": 0.0,
        "cloud_pct": 45.0
      }
    },
    {
      "type": "Feature",
      "geometry": {
        "type": "Point",
        "coordinates": [
          107.7556,
          -6.938
        ]
      },
      "properties": {
        "location_name": "Jatinangor, Sumedang",
        "slug": "jatinangor",
        "date": "Selasa, 6 Oktober 2026",
        "date_iso": "2026-10-06",
        "relative": "Lusa",
        "hour": "13:00",
        "rain_probability": 7.0,
        "risk_score": 15,
        "risk_class": "safe",
        "risk_label": "Aman",
        "condition": "Cerah Berawan",
        "temp_c": 30.9,
        "humidity_pct": 42.3,
        "heat_index_c": 31.12,
        "wind_kmh": 9.0,
        "wind_dir": 0.0,
        "cloud_pct": 45.0
      }
    },
    {
      "type": "Feature",
      "geometry": {
        "type": "Point",
        "coordinates": [
          107.7556,
          -6.938
        ]
      },
      "properties": {
        "location_name": "Jatinangor, Sumedang",
        "slug": "jatinangor",
        "date": "Selasa, 6 Oktober 2026",
        "date_iso": "2026-10-06",
        "relative": "Lusa",
        "hour": "14:00",
        "rain_probability": 5.0,
        "risk_score": 13,
        "risk_class": "safe",
        "risk_label": "Aman",
        "condition": "Berawan",
        "temp_c": 31.0,
        "humidity_pct": 36.0,
        "heat_index_c": 31.0,
        "wind_kmh": 3.9,
        "wind_dir": 0.0,
        "cloud_pct": 75.0
      }
    },
    {
      "type": "Feature",
      "geometry": {
        "type": "Point",
        "coordinates": [
          107.7556,
          -6.938
        ]
      },
      "properties": {
        "location_name": "Jatinangor, Sumedang",
        "slug": "jatinangor",
        "date": "Selasa, 6 Oktober 2026",
        "date_iso": "2026-10-06",
        "relative": "Lusa",
        "hour": "15:00",
        "rain_probability": 47.1,
        "risk_score": 47,
        "risk_class": "watch",
        "risk_label": "Perlu diperhatikan",
        "condition": "Hujan Ringan",
        "temp_c": 30.1,
        "humidity_pct": 45.5,
        "heat_index_c": 30.52,
        "wind_kmh": 8.28,
        "wind_dir": 0.0,
        "cloud_pct": 88.0
      }
    },
    {
      "type": "Feature",
      "geometry": {
        "type": "Point",
        "coordinates": [
          107.7556,
          -6.938
        ]
      },
      "properties": {
        "location_name": "Jatinangor, Sumedang",
        "slug": "jatinangor",
        "date": "Selasa, 6 Oktober 2026",
        "date_iso": "2026-10-06",
        "relative": "Lusa",
        "hour": "16:00",
        "rain_probability": 50.1,
        "risk_score": 50,
        "risk_class": "watch",
        "risk_label": "Perlu diperhatikan",
        "condition": "Hujan Ringan",
        "temp_c": 28.7,
        "humidity_pct": 52.8,
        "heat_index_c": 29.6,
        "wind_kmh": 8.28,
        "wind_dir": 0.0,
        "cloud_pct": 88.0
      }
    },
    {
      "type": "Feature",
      "geometry": {
        "type": "Point",
        "coordinates": [
          107.7556,
          -6.938
        ]
      },
      "properties": {
        "location_name": "Jatinangor, Sumedang",
        "slug": "jatinangor",
        "date": "Selasa, 6 Oktober 2026",
        "date_iso": "2026-10-06",
        "relative": "Lusa",
        "hour": "17:00",
        "rain_probability": 46.3,
        "risk_score": 46,
        "risk_class": "watch",
        "risk_label": "Perlu diperhatikan",
        "condition": "Cerah",
        "temp_c": 24.0,
        "humidity_pct": 71.0,
        "heat_index_c": 24.0,
        "wind_kmh": 6.0,
        "wind_dir": 0.0,
        "cloud_pct": 15.0
      }
    },
    {
      "type": "Feature",
      "geometry": {
        "type": "Point",
        "coordinates": [
          107.7556,
          -6.938
        ]
      },
      "properties": {
        "location_name": "Jatinangor, Sumedang",
        "slug": "jatinangor",
        "date": "Selasa, 6 Oktober 2026",
        "date_iso": "2026-10-06",
        "relative": "Lusa",
        "hour": "18:00",
        "rain_probability": 8.0,
        "risk_score": 23,
        "risk_class": "safe",
        "risk_label": "Aman",
        "condition": "Berawan",
        "temp_c": 24.1,
        "humidity_pct": 81.7,
        "heat_index_c": 24.1,
        "wind_kmh": 7.56,
        "wind_dir": 0.0,
        "cloud_pct": 75.0
      }
    },
    {
      "type": "Feature",
      "geometry": {
        "type": "Point",
        "coordinates": [
          107.7556,
          -6.938
        ]
      },
      "properties": {
        "location_name": "Jatinangor, Sumedang",
        "slug": "jatinangor",
        "date": "Selasa, 6 Oktober 2026",
        "date_iso": "2026-10-06",
        "relative": "Lusa",
        "hour": "19:00",
        "rain_probability": 4.0,
        "risk_score": 19,
        "risk_class": "safe",
        "risk_label": "Aman",
        "condition": "Berawan",
        "temp_c": 22.9,
        "humidity_pct": 88.3,
        "heat_index_c": 22.9,
        "wind_kmh": 5.04,
        "wind_dir": 0.0,
        "cloud_pct": 75.0
      }
    },
    {
      "type": "Feature",
      "geometry": {
        "type": "Point",
        "coordinates": [
          107.7556,
          -6.938
        ]
      },
      "properties": {
        "location_name": "Jatinangor, Sumedang",
        "slug": "jatinangor",
        "date": "Selasa, 6 Oktober 2026",
        "date_iso": "2026-10-06",
        "relative": "Lusa",
        "hour": "20:00",
        "rain_probability": 4.5,
        "risk_score": 19,
        "risk_class": "safe",
        "risk_label": "Aman",
        "condition": "Berawan",
        "temp_c": 21.0,
        "humidity_pct": 88.0,
        "heat_index_c": 21.0,
        "wind_kmh": 6.0,
        "wind_dir": 0.0,
        "cloud_pct": 75.0
      }
    },
    {
      "type": "Feature",
      "geometry": {
        "type": "Point",
        "coordinates": [
          107.7556,
          -6.938
        ]
      },
      "properties": {
        "location_name": "Jatinangor, Sumedang",
        "slug": "jatinangor",
        "date": "Selasa, 6 Oktober 2026",
        "date_iso": "2026-10-06",
        "relative": "Lusa",
        "hour": "21:00",
        "rain_probability": 1.0,
        "risk_score": 22,
        "risk_class": "safe",
        "risk_label": "Aman",
        "condition": "Cerah Berawan",
        "temp_c": 21.6,
        "humidity_pct": 95.2,
        "heat_index_c": 21.6,
        "wind_kmh": 5.4,
        "wind_dir": 0.0,
        "cloud_pct": 45.0
      }
    },
    {
      "type": "Feature",
      "geometry": {
        "type": "Point",
        "coordinates": [
          107.7556,
          -6.938
        ]
      },
      "properties": {
        "location_name": "Jatinangor, Sumedang",
        "slug": "jatinangor",
        "date": "Selasa, 6 Oktober 2026",
        "date_iso": "2026-10-06",
        "relative": "Lusa",
        "hour": "22:00",
        "rain_probability": 50.0,
        "risk_score": 50,
        "risk_class": "watch",
        "risk_label": "Perlu diperhatikan",
        "condition": "Cerah Berawan",
        "temp_c": 21.4,
        "humidity_pct": 97.0,
        "heat_index_c": 21.4,
        "wind_kmh": 6.84,
        "wind_dir": 0.0,
        "cloud_pct": 45.0
      }
    },
    {
      "type": "Feature",
      "geometry": {
        "type": "Point",
        "coordinates": [
          107.7556,
          -6.938
        ]
      },
      "properties": {
        "location_name": "Jatinangor, Sumedang",
        "slug": "jatinangor",
        "date": "Selasa, 6 Oktober 2026",
        "date_iso": "2026-10-06",
        "relative": "Lusa",
        "hour": "23:00",
        "rain_probability": 50.0,
        "risk_score": 50,
        "risk_class": "watch",
        "risk_label": "Perlu diperhatikan",
        "condition": "Berawan",
        "temp_c": 19.0,
        "humidity_pct": 94.0,
        "heat_index_c": 19.0,
        "wind_kmh": 2.0,
        "wind_dir": 0.0,
        "cloud_pct": 75.0
      }
    }
  ]
}